episode,total_reward,avg_step_reward,loss,veh_success_rate,vehicle_success_rate,task_success_rate,subtask_success_rate,v2v_subtask_success_rate,decision_frac_local,decision_frac_rsu,decision_frac_v2v,avg_power,avg_queue_len,ma_fairness,ma_reward_gap,ma_collaboration,max_agent_reward,min_agent_reward,avg_assigned_cpu_ghz,episode_vehicle_count,episode_task_count,duration
1,-1.00000238418572,-1.1920928599806757e-08,0.01921707516950038,0.0,0.0,0.0,0.0,0.0,0.08333333333333333,0.0,0.9166666666666666,0.4980086950189434,0.0,1.0,0.0,0.0,-1.1920928599806757e-08,-1.1920928599806757e-08,11.526863866441802,12,12,4.882648706436157
1,-2.3841857199613514e-06,-1.1920928599806757e-08,0.0,0.0,0.0,0.0,0.0,0.49,0.48,0.03,0.598593340810567,0.0,1.0,0.0,0.03,-2.3841857199613514e-06,-2.3841857199613514e-06,0.0,0.0,0.0,Random
1,1.1920929026132399e-05,5.9604645130662e-08,0.0,0.0,0.0,0.0,0.0,1.0,0.0,0.0,1.0,0.0,1.0,0.0,0.0,1.1920929026132399e-05,1.1920929026132399e-05,0.0,0.0,0.0,Local-Only
1,-4.7683715109769764e-06,-2.384185755488488e-08,0.0,0.0,0.0,0.0,0.0,0.0,1.0,0.0,1.0,0.0,1.0,0.0,0.0,-4.7683715109769764e-06,-4.7683715109769764e-06,0.0,0.0,0.0,Greedy
2,-0.999999999999929,3.552713678800501e-16,0.018599754655992406,0.0,0.0,0.0,0.0,0.0,0.0,0.0,1.0,0.5123640569811687,0.0,1.0,0.0,0.08333333333333334,3.552713678800501e-16,3.552713678800501e-16,11.364180969554145,12,12,4.608333110809326
3,-0.999999999999929,3.552713678800501e-16,0.01805199462040845,0.0,0.0,0.0,0.0,0.0,0.0,0.0,1.0,0.5208926821701849,0.0,1.0,0.0,0.0,3.552713678800501e-16,3.552713678800501e-16,11.368487915791148,12,12,4.565033674240112
