episode,policy,total_reward,avg_step_reward,loss,veh_success_rate,vehicle_success_rate,task_success_rate,subtask_success_rate,v2v_subtask_success_rate,decision_frac_local,decision_frac_rsu,decision_frac_v2v,avg_power,avg_queue_len,avg_veh_queue,avg_rsu_queue,ma_fairness,ma_reward_gap,ma_collaboration,v2v_gain_mean,v2v_gain_pos_rate,v2v_gain_pos_mean,best_mode_local_rate,best_mode_rsu_rate,best_mode_v2v_rate,oracle_match_rate,oracle_match_eps_abs_rate,oracle_match_eps_rel_rate,action_regret_mean,action_regret_p95,oracle_rsu_chosen_v2v_rate,oracle_v2v_chosen_rsu_rate,oracle_v2v_chosen_v2v_rate,max_agent_reward,min_agent_reward,avg_assigned_cpu_ghz,episode_vehicle_count,episode_task_count,duration
1,,-1.1456700220395541,-0.0004855667401318468,377.4678588867188,0.2,0.2,0.2,0.6763005780346821,0.875,0.20714285714285716,0.5071428571428571,0.2857142857142857,0.49644430517428556,0.007666666666666666,0.007666666666666666,0.12666666666666668,0.22758462274482114,0.7264328649525031,35.0,-23.7133766555678,0.35,0.02195621457068227,nan,nan,nan,nan,nan,nan,nan,nan,nan,nan,nan,0.43026166279392347,-0.2961712021585797,2.717662900879015,20,20,51.02802228927612
2,,-0.8909863939280233,0.00036337868690658904,36.23106384277344,0.45,0.45,0.45,0.7571428571428571,0.8620689655172413,0.29931972789115646,0.4489795918367347,0.25170068027210885,0.5038122374035108,0.007166666666666667,0.007166666666666667,0.08,0.06849998013440838,1.1701779726445265,40.54054054054054,-0.03375558326955519,0.40540540540540543,0.0246332593769667,nan,nan,nan,nan,nan,nan,nan,nan,nan,nan,nan,0.8705420537178691,-0.29963591892665736,2.7291141384913753,20,20,31.938314199447632
3,,-1.0636422714313438,-0.00021214090477114612,288.87034301757814,0.3,0.3,0.3,0.8061224489795918,0.8181818181818182,0.3176470588235294,0.3803921568627451,0.30196078431372547,0.5042952198755617,0.014833333333333334,0.014833333333333334,0.12666666666666668,0.023928835959795815,1.4222786412028965,36.36363636363637,-172.66596849505459,0.36363636363636365,0.029243167465511626,nan,nan,nan,nan,nan,nan,nan,nan,nan,nan,nan,0.8743700738535979,-0.5479085673492987,3.070121505395716,20,20,31.205604314804077
4,,-0.5270238327411378,0.0015765872241962073,115.62070770263672,0.75,0.75,0.75,0.9057591623036649,0.975609756097561,0.30522088353413657,0.4538152610441767,0.24096385542168675,0.5022314985125946,0.020833333333333332,0.020833333333333332,0.21333333333333335,0.46737158505983994,1.723053036217995,40.0,-3.4575577643795086,0.4,0.05282079722782215,nan,nan,nan,nan,nan,nan,nan,nan,nan,nan,nan,1.447192520135515,-0.2758605160824801,2.8153725013113795,20,20,29.307467937469482
5,,-1.0877532230635558,-0.00029251074354518625,929.4175903320313,0.2,0.2,0.2,0.5637254901960784,0.8888888888888888,0.2986111111111111,0.5625,0.1388888888888889,0.5060139501936113,0.010833333333333334,0.010833333333333334,0.1,0.08148969282296882,0.7628725652612114,60.0,-906.7087343477327,0.6,0.06130695287965196,nan,nan,nan,nan,nan,nan,nan,nan,nan,nan,nan,0.477175995035036,-0.28569657022617534,2.535064876808414,20,20,72.00246739387512
6,,0.42020750941553675,0.023344861634196485,19.08371925354004,1.0,1.0,1.0,1.0,1.0,0.25874125874125875,0.5174825174825175,0.22377622377622378,0.5234954455233592,0.10833333333333334,0.10833333333333334,3.1666666666666665,0.9966019218679524,0.11593811153832495,50.0,-0.005648702069310415,0.5,0.039120458318523156,nan,nan,nan,nan,nan,nan,nan,nan,nan,nan,nan,0.4609726177356215,0.34503450619729653,3.570292868584235,20,20,5.742961168289185
7,,0.30743227855004307,0.01618064623947595,10.041873550415039,0.85,0.85,0.85,0.9925373134328358,0.96875,0.2222222222222222,0.5333333333333333,0.24444444444444444,0.48835445852263976,0.12105263157894737,0.12105263157894737,2.526315789473684,0.5905961702399819,0.7730589493530239,39.39393939393939,-0.08435243202026492,0.3939393939393939,0.031779066429088516,nan,nan,nan,nan,nan,nan,nan,nan,nan,nan,nan,0.4699526102869844,-0.3031063390660395,3.105251448510591,20,20,4.113535404205322
8,,-0.6670696877279795,0.0011097677075734018,3.4490973949432373,0.8,0.8,0.8,0.8914728682170543,0.9090909090909091,0.28368794326241137,0.5035460992907801,0.2127659574468085,0.5059726890274323,0.0031666666666666666,0.0031666666666666666,0.1,0.4817059288133686,1.6150887365703162,36.666666666666664,-0.02362914847964834,0.36666666666666664,0.01856052549488817,nan,nan,nan,nan,nan,nan,nan,nan,nan,nan,nan,1.3177983613859037,-0.2972903751844124,3.1490450593617845,20,20,23.457906007766724
9,,-0.6840680536199409,0.0010531064879335302,11.931990242004394,0.8,0.8,0.8,0.8875739644970414,1.0,0.20276497695852536,0.5898617511520737,0.2073732718894009,0.5039804146111322,0.008,0.008,0.21333333333333335,0.4160298081871926,1.5898990412246223,40.0,-0.024390122192532813,0.4,0.015461282174729116,nan,nan,nan,nan,nan,nan,nan,nan,nan,nan,nan,0.8401189639745699,-0.7497800772500526,3.0076736156949684,20,20,25.885421752929688
10,,-0.7270000215144407,0.0009099999282851978,1.9710934638977051,0.6,0.6,0.6,0.7939698492462312,0.9583333333333334,0.20087336244541484,0.6462882096069869,0.15283842794759825,0.5037183645676511,0.013166666666666667,0.013166666666666667,0.27666666666666667,0.3345058616602114,1.1992558782051406,45.714285714285715,-0.030138278004583113,0.45714285714285713,0.034794430795216755,nan,nan,nan,nan,nan,nan,nan,nan,nan,nan,nan,0.9337707410787087,-0.26548513712643185,2.923899650593606,20,20,29.680607795715332
11,,-0.5625597640233782,0.0014581341199220727,2.4743613243103026,0.8,0.8,0.8,0.9242424242424242,0.967741935483871,0.20703125,0.5703125,0.22265625,0.5082914609923027,0.014166666666666666,0.014166666666666666,0.23333333333333334,0.6743606346703519,1.1420088312870462,42.10526315789473,-0.028791725496816384,0.42105263157894735,0.07086554655187398,nan,nan,nan,nan,nan,nan,nan,nan,nan,nan,nan,0.8866952216687478,-0.25531360961829835,2.8785868115412216,20,20,25.281243085861206
12,,-0.5949701465276492,0.0013500995115745026,8.477168083190918,0.75,0.75,0.75,0.8787878787878788,1.0,0.17374517374517376,0.6177606177606177,0.2084942084942085,0.5023831078216899,0.011666666666666667,0.011666666666666667,0.27666666666666667,0.49103005396724286,1.1587426330644317,50.0,-0.057042528658077706,0.5,0.030171474698528194,nan,nan,nan,nan,nan,nan,nan,nan,nan,nan,nan,0.8690276632806513,-0.2897149697837803,2.643901456381258,20,20,31.506240844726562
13,,-0.9847043681408671,5.09854395304428e-05,50.826497650146486,0.4,0.4,0.4,0.7333333333333333,0.84375,0.15337423312883436,0.6012269938650306,0.24539877300613497,0.499430854745054,0.005,0.005,0.18333333333333332,0.0016866034806953913,1.1444852978021844,40.0,-3.037754880425555,0.4,0.0344890470984985,nan,nan,nan,nan,nan,nan,nan,nan,nan,nan,nan,0.8508048082915096,-0.29368048951067477,2.7759014636120094,20,20,41.63055467605591
14,,-0.696383443684492,0.0010120551877183602,14.40919132232666,0.75,0.75,0.75,0.900709219858156,0.90625,0.17647058823529413,0.5686274509803921,0.2549019607843137,0.49822849038460604,0.0033333333333333335,0.0033333333333333335,0.11,0.3967710049936052,1.1876530082281576,58.97435897435898,-0.0010905410533166033,0.5897435897435898,0.01687866090702823,nan,nan,nan,nan,nan,nan,nan,nan,nan,nan,nan,0.8885133365277275,-0.29913967170043015,3.1410564841362936,20,20,22.696847200393677
15,,-0.8049069261742301,0.0006503102460858998,1.8477500438690186,0.65,0.65,0.65,0.8719211822660099,0.90625,0.11057692307692307,0.6923076923076923,0.1971153846153846,0.5021769103537469,0.005666666666666667,0.005666666666666667,0.31333333333333335,0.2396889868186937,1.1576516681186497,48.78048780487805,-0.01069901025706898,0.4878048780487805,0.016046847746949266,nan,nan,nan,nan,nan,nan,nan,nan,nan,nan,nan,0.8668783800134096,-0.29077328810524017,3.2836184732260527,20,20,30.231641054153442
16,,-0.4527388866952591,0.001824203711015803,1.4546877145767212,0.85,0.85,0.85,0.9242424242424242,1.0,0.1414141414141414,0.6565656565656566,0.20202020202020202,0.5020219740915733,0.005333333333333333,0.005333333333333333,0.15333333333333332,0.7518942751977589,1.5999029483396434,47.5,-0.017901443655977067,0.475,0.02067999054467806,nan,nan,nan,nan,nan,nan,nan,nan,nan,nan,nan,1.3253864040321308,-0.2745165443075127,2.8997670109559412,20,20,23.56501793861389
17,,-0.718596704912058,0.0009380109836264734,4.605967998504639,0.65,0.65,0.65,0.8596491228070176,0.96875,0.125,0.68,0.195,0.5095161860934071,0.007333333333333333,0.007333333333333333,0.31333333333333335,0.3740967434804879,1.2173771488638796,28.205128205128204,-0.13517673093802762,0.28205128205128205,0.010602250437260471,nan,nan,nan,nan,nan,nan,nan,nan,nan,nan,nan,0.9165911312170116,-0.30078601764686796,3.0373909046706618,20,20,28.108964681625366
18,,-0.7076902117814086,0.0009743659607286382,2.783041000366211,0.65,0.65,0.65,0.8167539267015707,0.967741935483871,0.15137614678899083,0.6467889908256881,0.2018348623853211,0.5103114961520381,0.0095,0.0095,0.29333333333333333,0.3698458616963163,1.1836884781658252,47.72727272727273,-0.005920507967855706,0.4772727272727273,0.06215090530063275,nan,nan,nan,nan,nan,nan,nan,nan,nan,nan,nan,0.8869084053175245,-0.2967800728483009,2.821572302796547,20,20,32.07363486289978
19,,-0.46256561089005876,0.001791447963699804,1.3010407924652099,0.95,0.95,0.95,0.9659863945578231,1.0,0.12886597938144329,0.7061855670103093,0.16494845360824742,0.5066674010106362,0.004333333333333333,0.004333333333333333,0.2,0.7895240419867288,1.1597699505779302,56.25,-0.0064588767398603385,0.5625,0.03257118357175113,nan,nan,nan,nan,nan,nan,nan,nan,nan,nan,nan,0.9141784442075321,-0.24559150637039806,2.937250480414354,20,20,21.54844093322754
20,,-0.6697443365644151,0.0011008522114519495,12.662357711791993,0.7,0.7,0.7,0.9109947643979057,0.8666666666666667,0.1297071129707113,0.7071129707112971,0.16317991631799164,0.5006898704503352,0.008666666666666666,0.008666666666666666,0.3233333333333333,0.4170781792313894,1.1745134568751976,48.717948717948715,-0.035949972056910647,0.48717948717948717,0.04069390709276384,nan,nan,nan,nan,nan,nan,nan,nan,nan,nan,nan,0.8757771803864736,-0.2987362764887241,2.9839476153126876,20,20,29.273476362228394
21,,-0.47523245149794435,0.0017492251616735188,1.2686841249465943,0.9,0.9,0.9,0.9726027397260274,1.0,0.13705583756345177,0.6954314720812182,0.16751269035532995,0.5035902488534338,0.004833333333333334,0.004833333333333334,0.21,0.7557258427747814,1.5748584990236572,30.303030303030305,-0.007239111217994005,0.30303030303030304,0.04692995282065497,nan,nan,nan,nan,nan,nan,nan,nan,nan,nan,nan,1.2906261103660723,-0.2842323886575848,2.953248001110576,20,20,23.343329191207886
22,,-0.8470016688603719,0.0005099944371320936,1.9405445814132691,0.55,0.55,0.55,0.7049180327868853,0.9411764705882353,0.11235955056179775,0.7415730337078652,0.14606741573033707,0.5040119819676814,0.005333333333333333,0.005333333333333333,0.19333333333333333,0.16553881216235986,1.1154306886620144,46.15384615384615,-0.035603585881437874,0.46153846153846156,0.034363705654183806,nan,nan,nan,nan,nan,nan,nan,nan,nan,nan,nan,0.8270855045143248,-0.2883451841476897,2.921149863730626,20,20,34.90847969055176
23,,-0.5587071281872689,0.0014709762393757704,0.9833452105522156,0.85,0.85,0.85,0.9269662921348315,1.0,0.20454545454545456,0.7090909090909091,0.08636363636363636,0.5051218835318771,0.0036666666666666666,0.0036666666666666666,0.25333333333333335,0.6077056768569944,1.1468443390435556,36.84210526315789,-0.03221918890829871,0.3684210526315789,0.01389041749349428,nan,nan,nan,nan,nan,nan,nan,nan,nan,nan,nan,0.8614405647731045,-0.2854037742704512,2.9719097504591665,20,20,25.75861954689026
24,,-0.4914220370318182,0.001695259876560606,0.9033591270446777,0.95,0.95,0.95,0.9758064516129032,1.0,0.18787878787878787,0.6303030303030303,0.18181818181818182,0.5034964746673358,0.005333333333333333,0.005333333333333333,0.18333333333333332,0.7808346998173707,1.18392726504085,30.0,-0.030687201812247586,0.3,0.021729247864100583,nan,nan,nan,nan,nan,nan,nan,nan,nan,nan,nan,0.8849443093541993,-0.29898295568665073,3.1026641191227786,20,20,20.790873050689697
25,,-0.5481275411843041,0.0015062415293856531,0.7270010113716125,0.95,0.95,0.95,0.983739837398374,1.0,0.14383561643835616,0.6917808219178082,0.1643835616438356,0.5075274429908022,0.003,0.003,0.19333333333333333,0.7927847394381735,1.1801147481072523,58.333333333333336,-0.007980875573260443,0.5833333333333334,0.026682960497571375,nan,nan,nan,nan,nan,nan,nan,nan,nan,nan,nan,0.8872971785528054,-0.2928175695544467,3.287924860139957,20,20,21.03279447555542
26,,-1.0594874048702496,-0.00019829134956749904,2.230936336517334,0.3,0.3,0.3,0.6684491978609626,0.8571428571428571,0.21428571428571427,0.6493506493506493,0.13636363636363635,0.5053322253770506,0.004333333333333333,0.004333333333333333,0.20333333333333334,0.03582993438557523,0.7667672277809621,47.61904761904761,-0.010527502103706406,0.47619047619047616,0.023959858979635908,nan,nan,nan,nan,nan,nan,nan,nan,nan,nan,nan,0.4653189945247953,-0.30144823325616676,2.622276840101098,20,20,44.3902313709259
27,,-0.412501128614284,0.00195832957128572,0.9363652229309082,0.95,0.95,0.95,0.984251968503937,1.0,0.29347826086956524,0.5271739130434783,0.1793478260869565,0.5080354700720248,0.005833333333333334,0.005833333333333334,0.09666666666666666,0.7642024830184905,1.623879045218906,48.484848484848484,-0.01287016700438962,0.48484848484848486,0.029781309950584048,nan,nan,nan,nan,nan,nan,nan,nan,nan,nan,nan,1.3326612942970373,-0.29121775092186863,2.976418999259146,20,20,20.10797953605652
28,,-0.5767101744784136,0.001410966085071955,1.1880030870437621,0.85,0.85,0.85,0.9366197183098591,1.0,0.27586206896551724,0.5172413793103449,0.20689655172413793,0.5114986174664615,0.008,0.008,0.14,0.5867762975362034,1.1884128360296524,38.88888888888889,0.006405876398930866,0.3888888888888889,0.06608688921528151,nan,nan,nan,nan,nan,nan,nan,nan,nan,nan,nan,0.8882240289553606,-0.30018880707429185,2.7785656007742348,20,20,23.64958667755127
29,,-1.0388759874289673,-0.00012958662476322423,143.36077880859375,0.3,0.3,0.3,0.7064676616915423,0.8888888888888888,0.275,0.60625,0.11875,0.5067771678829255,0.009166666666666667,0.009166666666666667,0.19,0.0145786877781067,0.7354669390134263,57.89473684210527,-137.67684532289158,0.5789473684210527,0.04270688500075623,nan,nan,nan,nan,nan,nan,nan,nan,nan,nan,nan,0.4445137681699084,-0.2909531708435179,2.4668742187155965,20,20,57.79226565361023
30,,-0.7075711344448076,0.0009747628851839747,85.02191925048828,0.7,0.7,0.7,0.8702290076335878,0.896551724137931,0.3006134969325153,0.4601226993865031,0.2392638036809816,0.5046902465519185,0.007,0.007,0.05,0.2873246833416379,1.508459796297542,38.46153846153847,-0.026640415448624895,0.38461538461538464,0.021202937382929107,nan,nan,nan,nan,nan,nan,nan,nan,nan,nan,nan,0.9228552493190838,-0.585604546978458,2.8556292298148924,20,20,23.947406768798828
31,,-0.9959779683940335,1.340677201988843e-05,238.90865783691407,0.5,0.5,0.5,0.82,0.868421052631579,0.3273809523809524,0.375,0.2976190476190476,0.5023774340959887,0.0095,0.0095,0.09,0.00012661709645874755,1.1987004400265542,42.0,-5.526419584361858,0.42,0.03108151935628777,nan,nan,nan,nan,nan,nan,nan,nan,nan,nan,nan,0.4468492279057772,-0.751851212120777,2.8923546199699097,20,20,29.134726762771606
32,,-0.7823621031202235,0.0007254596562659216,33.29471206665039,0.7,0.7,0.7,0.9176470588235294,0.9473684210526315,0.3069306930693069,0.42574257425742573,0.26732673267326734,0.5050848543019966,0.008666666666666666,0.008666666666666666,0.09333333333333334,0.2375825932048016,1.4180408939788482,37.03703703703704,-12.845778765995403,0.37037037037037035,0.017774141110147076,nan,nan,nan,nan,nan,nan,nan,nan,nan,nan,nan,0.840415693404636,-0.5776252005742122,2.8299338369582063,20,20,26.201903581619263
33,,-1.112279977435573,-0.00037426659145191,133.56849060058593,0.2,0.2,0.2,0.6714285714285714,0.6956521739130435,0.3412698412698413,0.4444444444444444,0.21428571428571427,0.5031926806612561,0.008166666666666666,0.008166666666666666,0.07666666666666666,0.12220421228011685,0.7515677171733782,44.44444444444444,-0.10358384158023146,0.4444444444444444,0.032580181531679304,nan,nan,nan,nan,nan,nan,nan,nan,nan,nan,nan,0.45417954996153864,-0.2973881672118396,2.6591824220082203,20,20,41.410441160202026
34,,-0.6514939338791689,0.001161686887069437,421.4080017089844,0.8,0.8,0.8,0.9161290322580645,0.9024390243902439,0.29,0.425,0.285,0.5037074903866742,0.0145,0.0145,0.12,0.44402059926866705,1.3818790035294393,43.859649122807014,-0.003313668489751958,0.43859649122807015,0.07327694979292877,nan,nan,nan,nan,nan,nan,nan,nan,nan,nan,nan,0.8745488146887538,-0.5073301888406855,2.7948298577536272,20,20,26.03485417366028
35,,-1.200478350386428,-0.0006682611679547603,100.02422332763672,0.15,0.15,0.15,0.7112676056338029,0.6875,0.2809917355371901,0.4462809917355372,0.2727272727272727,0.49941055494733155,0.006333333333333333,0.006333333333333333,0.11666666666666667,0.34275397035615,1.2055551891460117,36.36363636363637,-0.8656220752310044,0.36363636363636365,0.030848554016791943,nan,nan,nan,nan,nan,nan,nan,nan,nan,nan,nan,0.4189924859276824,-0.7865627032183293,2.5675472021755614,20,20,43.37426233291626
36,,-1.0970906816478585,-0.0003236356054928615,290.84014892578125,0.25,0.25,0.25,0.6410256410256411,0.7551020408163265,0.23529411764705882,0.42483660130718953,0.33986928104575165,0.5038028958986203,0.0105,0.0105,0.09333333333333334,0.10912084280131978,0.7189444579175417,28.846153846153843,-3611.9481061461393,0.28846153846153844,0.06499720893407393,nan,nan,nan,nan,nan,nan,nan,nan,nan,nan,nan,0.42216074722148433,-0.2967837106960574,2.5739010198209122,20,20,69.01332449913025
37,,0.34508922464799363,0.009081295385473517,32.884474182128905,0.9,0.9,0.9,0.9477611940298507,0.9743589743589743,0.2824427480916031,0.40458015267175573,0.31297709923664124,0.49994754927526963,0.046052631578947366,0.046052631578947366,0.4473684210526316,0.7273237414394884,0.7514748693691151,36.58536585365854,-0.006050987043413998,0.36585365853658536,0.06476962777584189,nan,nan,nan,nan,nan,nan,nan,nan,nan,nan,nan,0.4623295847538047,-0.28914528461531047,2.894125845762592,20,20,6.073586702346802
38,,-0.5506455007503754,0.001497848330832082,487.3581970214844,0.85,0.85,0.85,0.9485714285714286,0.9803921568627451,0.35661764705882354,0.3713235294117647,0.27205882352941174,0.5014025979535655,0.014333333333333333,0.014333333333333333,0.13666666666666666,0.547848801335148,1.6104945010055673,39.189189189189186,-0.020205903261877284,0.3918918918918919,0.04570886074371438,nan,nan,nan,nan,nan,nan,nan,nan,nan,nan,nan,0.8565620658154334,-0.753932435190134,2.776666957026621,20,20,33.982664585113525
39,,-0.006853575679076792,-4.128660047636622e-05,871.27060546875,0.35,0.35,0.35,0.7944444444444444,0.6744186046511628,0.2710843373493976,0.46987951807228917,0.25903614457831325,0.49866219207024515,0.01957831325301205,0.01957831325301205,0.26506024096385544,0.0003273321759663519,1.1271674105334697,32.55813953488372,-1.2766807494744168,0.32558139534883723,0.04345761753339961,nan,nan,nan,nan,nan,nan,nan,nan,nan,nan,nan,0.828662360640625,-0.2985050498928447,2.6671503657198783,20,20,22.63163733482361
40,,-0.5541652597198612,0.0014861158009337962,11.878693580627441,0.95,0.95,0.95,0.9802631578947368,1.0,0.32524271844660196,0.4368932038834951,0.23786407766990292,0.4975308777700799,0.011666666666666667,0.011666666666666667,0.15,0.7601685723743696,1.1587621529906063,40.816326530612244,-0.15336021122816676,0.40816326530612246,0.0450607030799222,nan,nan,nan,nan,nan,nan,nan,nan,nan,nan,nan,0.8874540116947955,-0.27130814129581066,2.828691273156624,20,20,23.041969060897827
41,,-0.790905340977317,0.0006969821967422766,57.02073211669922,0.65,0.65,0.65,0.9057971014492754,0.8857142857142857,0.2982456140350877,0.4327485380116959,0.26900584795321636,0.5021628310084343,0.005833333333333334,0.005833333333333334,0.06333333333333334,0.196209050886228,1.457616269818828,63.04347826086957,-0.09327500528393777,0.6304347826086957,0.02509739148381658,nan,nan,nan,nan,nan,nan,nan,nan,nan,nan,nan,0.8714814731186802,-0.5861347967001478,2.860727820486644,20,20,24.842766046524048
42,,0.32297699718986284,0.008729108032158456,31.681540298461915,0.85,0.85,0.85,0.8854961832061069,0.8928571428571429,0.35537190082644626,0.4132231404958678,0.23140495867768596,0.4997196050323042,0.05675675675675676,0.05675675675675676,0.7027027027027027,0.619397642126749,0.7408673834720549,35.714285714285715,-3.5389884991041543,0.35714285714285715,0.011002318791816384,nan,nan,nan,nan,nan,nan,nan,nan,nan,nan,nan,0.4613871538141287,-0.27948022965792624,2.8509289316886117,20,20,5.8604841232299805
43,,-0.5121419487196126,0.0016261935042679579,6.624849891662597,0.85,0.85,0.85,0.9236111111111112,1.0,0.3279569892473118,0.45698924731182794,0.21505376344086022,0.5021569105970363,0.0135,0.0135,0.09,0.6741734789334106,1.1969957270888296,27.500000000000004,-0.06633808520048438,0.275,0.054805051381718074,nan,nan,nan,nan,nan,nan,nan,nan,nan,nan,nan,0.9036813993275612,-0.2933143277612684,2.6333977153701453,20,20,24.10335922241211
44,,-0.976089234547648,7.970255150784008e-05,106.45699615478516,0.35,0.35,0.35,0.6781609195402298,0.8333333333333334,0.3333333333333333,0.5246913580246914,0.1419753086419753,0.5040031773199638,0.007166666666666667,0.007166666666666667,0.11666666666666667,0.004114478260230748,1.1172955718109838,43.47826086956522,-50.646355023972845,0.43478260869565216,0.031133537873573425,nan,nan,nan,nan,nan,nan,nan,nan,nan,nan,nan,0.825670004294286,-0.2916255675166978,2.770676360944875,20,20,44.80086135864258
45,,-0.5117761465461896,0.0016274128448460344,65.46930847167968,0.85,0.85,0.85,0.95,0.8888888888888888,0.3855421686746988,0.4397590361445783,0.1746987951807229,0.4996224133664121,0.0055,0.0055,0.07333333333333333,0.5384945929298035,1.60149201278337,44.827586206896555,0.01504947918651081,0.4482758620689655,0.061656379175947726,nan,nan,nan,nan,nan,nan,nan,nan,nan,nan,nan,1.3075273019286897,-0.2939647108546804,3.0725510109217486,20,20,21.59056782722473
46,,-1.0038571892022978,-1.2857297340992459e-05,6.854280853271485,0.35,0.35,0.35,0.6666666666666666,1.0,0.26277372262773724,0.6131386861313869,0.12408759124087591,0.5009075014791451,0.005166666666666667,0.005166666666666667,0.13333333333333333,0.00013483551767053386,0.7517061055091347,58.82352941176471,0.009611748366982573,0.5882352941176471,0.02885388339814495,nan,nan,nan,nan,nan,nan,nan,nan,nan,nan,nan,0.45195669398240024,-0.2997494115267345,2.652630039215288,20,20,40.18946194648743
47,,0.2527046637892579,0.004512583281951033,57.12846755981445,0.75,0.75,0.75,0.9467455621301775,0.9459459459459459,0.3614457831325301,0.40963855421686746,0.2289156626506024,0.5056463622288513,0.05089285714285714,0.05089285714285714,0.5535714285714286,0.4123131603485145,0.7635555958234868,44.73684210526316,0.009713414208752252,0.4473684210526316,0.060150562991915964,nan,nan,nan,nan,nan,nan,nan,nan,nan,nan,nan,0.47436577532839824,-0.2891898204950885,2.9156377066556436,20,20,7.869814395904541
48,,-0.5078412566468349,0.0016405291445105504,5.6291910171508786,0.85,0.85,0.85,0.9414893617021277,1.0,0.3466135458167331,0.47808764940239046,0.1752988047808765,0.5027880636134651,0.012833333333333334,0.012833333333333334,0.18333333333333332,0.6219280233922873,1.2107753235491767,38.63636363636363,-0.29554219623735434,0.38636363636363635,0.055865261169767824,nan,nan,nan,nan,nan,nan,nan,nan,nan,nan,nan,0.9158069376577541,-0.2949683858914227,3.0288490520193454,20,20,25.23105263710022
49,,-0.6156833673967754,0.0012810554420107487,4.788517761230469,0.85,0.85,0.85,0.9206349206349206,1.0,0.2709677419354839,0.5612903225806452,0.16774193548387098,0.5039863974430288,0.005,0.005,0.16333333333333333,0.6303879687383781,1.1604175401251584,19.230769230769234,-0.03987267830860523,0.19230769230769232,0.017505667227751986,nan,nan,nan,nan,nan,nan,nan,nan,nan,nan,nan,0.874824604161,-0.28559293596415836,3.0843773532966954,20,20,23.388466358184814
50,,0.41884053241728775,0.024637678377487513,20.073871994018553,1.0,1.0,1.0,1.0,1.0,0.24305555555555555,0.5069444444444444,0.25,0.5119259162559447,0.1411764705882353,0.1411764705882353,2.6470588235294117,0.9953683104348137,0.11819666672368961,44.44444444444444,0.005223497843965482,0.4444444444444444,0.045210317219137076,nan,nan,nan,nan,nan,nan,nan,nan,nan,nan,nan,0.4664699812511233,0.3482733145274337,2.916546178857552,20,20,3.495694875717163
51,,-1.142334793490529,-0.00047444931163509674,178.98636779785156,0.15,0.15,0.15,0.574468085106383,0.72,0.18571428571428572,0.6142857142857143,0.2,0.500402178532444,0.007833333333333333,0.007833333333333333,0.08333333333333333,0.26159554488003106,0.6884383461568699,32.142857142857146,-5.441946213057241,0.32142857142857145,0.023840778339133926,nan,nan,nan,nan,nan,nan,nan,nan,nan,nan,nan,0.3954058997155156,-0.2930324464413544,2.5346994413758566,20,20,62.656596422195435
52,,-0.6017243936511083,0.0013275853544963058,113.14900054931641,0.85,0.85,0.85,0.9197530864197531,0.918918918918919,0.24034334763948498,0.5107296137339056,0.24892703862660945,0.4993292711949907,0.013833333333333333,0.013833333333333333,0.15666666666666668,0.5098691150493398,1.628630972727056,32.758620689655174,-2.2452759074552135,0.3275862068965517,0.032548765463280484,nan,nan,nan,nan,nan,nan,nan,nan,nan,nan,nan,1.3365400262047655,-0.2920909465222905,2.6986997624263624,20,20,27.583827257156372
53,,-0.7671576741767944,0.0007761410860773522,165.32166137695313,0.65,0.65,0.65,0.8615384615384616,0.8571428571428571,0.21052631578947367,0.5748987854251012,0.2145748987854251,0.49618053454630234,0.007333333333333333,0.007333333333333333,0.21,0.2632218582516599,1.4098609629163588,33.9622641509434,-2.295206196232991,0.33962264150943394,0.009264504339579963,nan,nan,nan,nan,nan,nan,nan,nan,nan,nan,nan,0.8729608911262898,-0.5369000717900688,2.893610446146722,20,20,29.51857018470764
54,,-0.5003330674403024,0.0016655564418656585,4.331706428527832,0.85,0.85,0.85,0.8387096774193549,0.9565217391304348,0.3068181818181818,0.4602272727272727,0.23295454545454544,0.5026229256829247,0.006333333333333333,0.006333333333333333,0.11333333333333333,0.622461935543266,1.620132668685788,46.34146341463415,-14951902246.89088,0.4634146341463415,0.024548528734183755,nan,nan,nan,nan,nan,nan,nan,nan,nan,nan,nan,1.3324119881307528,-0.28772068055503514,3.041487167012577,20,20,22.401832818984985
55,,0.42050418907580883,0.03822765355234626,34.611000061035156,1.0,1.0,1.0,1.0,1.0,0.296875,0.4765625,0.2265625,0.49114067954095925,0.12272727272727273,0.12272727272727273,3.909090909090909,0.9972588260770334,0.10628229455669347,55.172413793103445,-0.005980596567384679,0.5517241379310345,0.01660980286958488,nan,nan,nan,nan,nan,nan,nan,nan,nan,nan,nan,0.46171531472826827,0.3554330201715748,3.024028118678529,20,20,2.6391749382019043
56,,0.23766112555911822,0.005658598227598053,47.90843658447265,0.75,0.75,0.75,0.8956043956043956,0.8571428571428571,0.27058823529411763,0.5235294117647059,0.20588235294117646,0.4961962208772699,0.06904761904761905,0.06904761904761905,1.1428571428571428,0.3894477982079964,0.7514238376100203,31.428571428571427,-1.059988564279538,0.3142857142857143,0.09510290720863464,nan,nan,nan,nan,nan,nan,nan,nan,nan,nan,nan,0.4563346622558782,-0.2950891753541421,3.0626524812044225,20,20,9.529422521591187
57,,-0.7334311356030582,0.0008885628813231394,14.819164657592774,0.75,0.75,0.75,0.9267015706806283,1.0,0.31601731601731603,0.49783549783549785,0.18614718614718614,0.49784931980632247,0.016833333333333332,0.016833333333333332,0.19,0.3836131740342172,1.5014648795605505,37.2093023255814,-0.14326491412129075,0.37209302325581395,0.07460273827625767,nan,nan,nan,nan,nan,nan,nan,nan,nan,nan,nan,0.9357878704649593,-0.5656770090955914,2.8010960082869447,20,20,28.673452377319336
58,,-0.5966918193251288,0.0013443606022495705,79.08255004882812,0.75,0.75,0.75,0.8586956521739131,0.9032258064516129,0.31645569620253167,0.5063291139240507,0.17721518987341772,0.4968957619574697,0.014833333333333334,0.014833333333333334,0.2866666666666667,0.4687071569275399,1.189718807500824,40.476190476190474,-0.07264497985706221,0.40476190476190477,0.04193021734691415,nan,nan,nan,nan,nan,nan,nan,nan,nan,nan,nan,0.9030090182616866,-0.28670978923913737,2.905192291844947,20,20,28.70566749572754
59,,-0.5277242628876254,0.0015742524570412485,4.333315372467041,0.95,0.95,0.95,0.9825581395348837,1.0,0.3415841584158416,0.504950495049505,0.15346534653465346,0.49945320452571224,0.0065,0.0065,0.18,0.7824708874719023,1.1634639308274695,41.935483870967744,-0.003939071127236866,0.41935483870967744,0.034738489646183805,nan,nan,nan,nan,nan,nan,nan,nan,nan,nan,nan,0.9055143121589184,-0.25794961866855115,3.158847704194445,20,20,21.909852981567383
60,,-0.5567300273191924,0.001477566575602692,6.359431648254395,0.85,0.85,0.85,0.9375,1.0,0.27755102040816326,0.5551020408163265,0.1673469387755102,0.4995954488255084,0.014666666666666666,0.014666666666666666,0.13,0.6973589484488056,1.1630500798334462,31.70731707317073,-0.044916349307149724,0.3170731707317073,0.06033031716691163,nan,nan,nan,nan,nan,nan,nan,nan,nan,nan,nan,0.8751063855544577,-0.2879436942789886,2.7595912163525895,20,20,26.78281569480896
61,,-0.738941582117869,0.0008701947262737701,7.3211164474487305,0.6,0.6,0.6,0.8435754189944135,0.8571428571428571,0.3286384976525822,0.5352112676056338,0.13615023474178403,0.4996091916592171,0.0095,0.0095,0.13666666666666666,0.265629604844407,1.178666296173633,44.827586206896555,-15.541265924482575,0.4482758620689655,0.014064389921713428,nan,nan,nan,nan,nan,nan,nan,nan,nan,nan,nan,0.8822893190646,-0.29637697710903305,2.60921246464502,20,20,27.01543164253235
62,,-0.4757920238837614,0.001747359920387462,2.29856915473938,0.9,0.9,0.9,0.9308510638297872,0.9354838709677419,0.3140495867768595,0.512396694214876,0.17355371900826447,0.4959351375571763,0.012,0.012,0.21,0.667786465138235,1.5753174599827235,42.857142857142854,-0.03416402971147849,0.42857142857142855,0.035898270766022956,nan,nan,nan,nan,nan,nan,nan,nan,nan,nan,nan,1.2879766930478238,-0.28734076693489974,2.738401653193286,20,20,23.946288347244263
63,,-0.6063915204247949,0.0013120282652506834,6.4650825500488285,0.85,0.85,0.85,0.9357142857142857,0.9090909090909091,0.36585365853658536,0.4695121951219512,0.16463414634146342,0.49870965770317705,0.011833333333333333,0.011833333333333333,0.10333333333333333,0.5788159616685365,1.1953609451604381,22.22222222222222,-0.02378419577232061,0.2222222222222222,0.11437488199930367,nan,nan,nan,nan,nan,nan,nan,nan,nan,nan,nan,0.9014376572874219,-0.29392328787301625,2.9924110951749423,20,20,21.36730670928955
64,,-0.5044809459900754,0.0016517301800330817,1.7183540105819701,0.85,0.85,0.85,0.8589743589743589,0.9166666666666666,0.345,0.55,0.105,0.4973029425960655,0.006333333333333333,0.006333333333333333,0.17333333333333334,0.6456258369715732,1.1978950266463657,42.857142857142854,-0.03998431846164535,0.42857142857142855,0.026099307031165087,nan,nan,nan,nan,nan,nan,nan,nan,nan,nan,nan,0.9160082770798694,-0.28188674956649634,2.973533734749798,20,20,26.399965047836304
65,,0.4296506347196683,0.025273566748215782,20.888724517822265,1.0,1.0,1.0,1.0,1.0,0.4178082191780822,0.4726027397260274,0.1095890410958904,0.4962027900304426,0.07647058823529412,0.07647058823529412,2.411764705882353,0.9983622032043575,0.061741136259453266,56.25,0.0006256810628579702,0.5625,0.019458210756122363,nan,nan,nan,nan,nan,nan,nan,nan,nan,nan,nan,0.4555853618283209,0.3938442255688676,3.210369003577431,20,20,3.6416494846343994
66,,-0.6172433351141402,0.0012758555496195328,7.664303016662598,0.75,0.75,0.75,0.8936170212765957,1.0,0.41714285714285715,0.49142857142857144,0.09142857142857143,0.4980648027068625,0.0065,0.0065,0.13333333333333333,0.5482682723942527,1.2071636366269196,43.75,-0.031228893927506364,0.4375,0.028910688661164006,nan,nan,nan,nan,nan,nan,nan,nan,nan,nan,nan,0.9232594610471088,-0.28390417557981074,2.7810719574648695,20,20,23.86199688911438
67,,-0.44776787495481474,0.0018407737501506176,0.9993412852287292,0.9,0.9,0.9,0.9457364341085271,1.0,0.5789473684210527,0.3157894736842105,0.10526315789473684,0.49929592466307804,0.0075,0.0075,0.05,0.6818605513801396,1.6439955784502585,45.0,-0.020924412234273555,0.45,0.010677515649859866,nan,nan,nan,nan,nan,nan,nan,nan,nan,nan,nan,1.3790424816825395,-0.2649530967677189,2.809246661740404,20,20,21.699620723724365
68,,-0.4316305428152315,0.0018945648572825616,0.8654091596603394,0.95,0.95,0.95,0.9593023255813954,1.0,0.6079295154185022,0.2907488986784141,0.1013215859030837,0.5003755873828195,0.016666666666666666,0.016666666666666666,0.08,0.8066738049846433,1.1502326741619215,43.47826086956522,-0.03856751896719656,0.43478260869565216,0.03437189699345884,nan,nan,nan,nan,nan,nan,nan,nan,nan,nan,nan,0.909415316323791,-0.24081735783813044,2.775482887670655,20,20,22.37849473953247
69,,0.2899765010718373,0.004832941684530622,70.25277557373047,0.8,0.8,0.8,0.958041958041958,0.9285714285714286,0.5886524822695035,0.3049645390070922,0.10638297872340426,0.4995187090958158,0.0375,0.0375,0.5333333333333333,0.5089559238172173,0.7549486173310571,60.0,-0.01047422025056196,0.6,0.03949235477903354,nan,nan,nan,nan,nan,nan,nan,nan,nan,nan,nan,0.46238421118710826,-0.29256440614394885,2.777208891925455,20,20,7.733696937561035
70,,-0.5642036718453423,0.0014526544271821927,0.9707482814788818,0.85,0.85,0.85,0.945054945054945,0.9411764705882353,0.6157205240174672,0.28820960698689957,0.09606986899563319,0.4973860119807844,0.0125,0.0125,0.08333333333333333,0.6040136683005192,1.5728015889545945,59.09090909090909,-0.007622412972704021,0.5909090909090909,0.03984119819753624,nan,nan,nan,nan,nan,nan,nan,nan,nan,nan,nan,1.297110219597327,-0.27569136935726757,2.6985452816473856,20,20,23.151835680007935
71,,0.4337579107606136,0.02710986942253835,17.133390426635742,1.0,1.0,1.0,1.0,1.0,0.7055555555555556,0.22777777777777777,0.06666666666666667,0.49871389594627547,0.121875,0.121875,1.3125,0.997459391492624,0.07973927558861998,33.33333333333333,-0.020859790174479722,0.3333333333333333,0.014425007853935662,nan,nan,nan,nan,nan,nan,nan,nan,nan,nan,nan,0.4668464033284604,0.3871071277398404,2.9264026239614536,20,20,3.924370288848877
72,,-0.4443964477296338,0.0018520118409012206,2.616830587387085,0.95,0.95,0.95,0.9893617021276596,1.0,0.7224489795918367,0.1836734693877551,0.09387755102040816,0.4968919994573419,0.025166666666666667,0.025166666666666667,0.06333333333333334,0.7903811527324958,1.190159080826829,52.17391304347826,0.03663479958131753,0.5217391304347826,0.14604215426016134,nan,nan,nan,nan,nan,nan,nan,nan,nan,nan,nan,0.9224129685757618,-0.2677461122510672,2.760389176941324,20,20,23.58229660987854
73,,0.4303144965893635,0.02689465603683522,25.366890335083006,1.0,1.0,1.0,1.0,1.0,0.7016129032258065,0.1693548387096774,0.12903225806451613,0.496110147156287,0.13125,0.13125,0.3125,0.9976585559488905,0.0716090596780109,56.25,-0.004914237643178712,0.5625,0.022906649082302066,nan,nan,nan,nan,nan,nan,nan,nan,nan,nan,nan,0.4650279306684061,0.3934188709903952,2.736896678262248,20,20,2.808391571044922
74,,0.2662098167410528,0.0036467098183705867,147.0932861328125,0.75,0.75,0.75,0.9280575539568345,0.8,0.746268656716418,0.1791044776119403,0.07462686567164178,0.5030808158910973,0.028082191780821917,0.028082191780821917,0.0547945205479452,0.41828213139583625,0.7651213922098719,60.0,0.005534194637776045,0.6,0.022154019740676423,nan,nan,nan,nan,nan,nan,nan,nan,nan,nan,nan,0.46987335264925434,-0.29524803956061746,2.696179241874651,20,20,9.520156621932983
75,,-0.5856667230921528,0.001381110923026157,2.652061653137207,0.95,0.95,0.95,0.9878787878787879,1.0,0.72,0.2342857142857143,0.045714285714285714,0.5020294633448745,0.006833333333333334,0.006833333333333334,0.04666666666666667,0.8319515580025026,1.1385996852231957,25.0,-0.04896352688320981,0.25,0.01183328674798519,nan,nan,nan,nan,nan,nan,nan,nan,nan,nan,nan,0.8642773021124741,-0.27432238311072166,2.517558682072838,20,20,28.398190021514893
76,,-0.5182036774476669,0.0016059877418411102,1.154961633682251,0.95,0.95,0.95,0.9946808510638298,1.0,0.7688888888888888,0.17777777777777778,0.05333333333333334,0.4993230243039628,0.030666666666666665,0.030666666666666665,0.056666666666666664,0.7960125249813107,1.1850640702793327,41.66666666666667,-0.000989514488263725,0.4166666666666667,0.20589850811078514,nan,nan,nan,nan,nan,nan,nan,nan,nan,nan,nan,0.9155862923098109,-0.26947777796952177,2.4047274413722115,20,20,21.482122659683228
77,,-0.5098397382288361,0.001633867539237213,2.6125118732452393,0.95,0.95,0.95,0.983957219251337,1.0,0.7748917748917749,0.15584415584415584,0.06926406926406926,0.5014579389045636,0.015666666666666666,0.015666666666666666,0.03333333333333333,0.8077342734370087,1.1636994593012273,56.25,-20.7117719872827,0.5625,0.014753747082375972,nan,nan,nan,nan,nan,nan,nan,nan,nan,nan,nan,0.8918369567805422,-0.27186250252068506,2.8386979805406547,20,20,23.971643924713135
78,,-0.48802332890251154,0.0017065889036582949,0.6852144360542297,0.95,0.95,0.95,0.9945652173913043,1.0,0.7589285714285714,0.1875,0.05357142857142857,0.5004429369708523,0.025333333333333333,0.025333333333333333,0.07,0.8009746415660599,1.1546029963920204,50.0,0.014636691591270705,0.5,0.11517845697472996,nan,nan,nan,nan,nan,nan,nan,nan,nan,nan,nan,0.8992086554748004,-0.2553943409172199,2.5397337098861743,20,20,23.02557134628296
79,,-0.5205030152605876,0.001598323282464708,0.6200722336769104,0.85,0.85,0.85,0.9333333333333333,1.0,0.8091286307053942,0.14937759336099585,0.04149377593360996,0.49999836256774144,0.024166666666666666,0.024166666666666666,0.04666666666666667,0.7414731556641909,1.200060299765027,50.0,-0.026778006211307152,0.5,0.07579781177344974,nan,nan,nan,nan,nan,nan,nan,nan,nan,nan,nan,0.9282864175834151,-0.27177388218161175,2.57465028113606,20,20,24.26324439048767
80,,0.4371396896946735,0.018214153737278062,13.492815971374512,1.0,1.0,1.0,1.0,1.0,0.8235294117647058,0.1323529411764706,0.04411764705882353,0.49617940935616694,0.22083333333333333,0.22083333333333333,0.125,0.9976934999528101,0.08081435897206746,33.33333333333333,-0.0625673427261367,0.3333333333333333,0.040281978640045756,nan,nan,nan,nan,nan,nan,nan,nan,nan,nan,nan,0.46721739376760374,0.3864030347955363,2.296830521155719,20,20,3.460263967514038
81,,0.4365551688198915,0.03968683352908104,34.15096893310547,1.0,1.0,1.0,1.0,1.0,0.825,0.14166666666666666,0.03333333333333333,0.5048856776546348,0.10454545454545454,0.10454545454545454,0.6363636363636364,0.9964919450136532,0.0896891592577318,50.0,-0.004742880620528354,0.5,0.008015624261473241,nan,nan,nan,nan,nan,nan,nan,nan,nan,nan,nan,0.4669139805580714,0.3772248213003396,2.603840933758449,20,20,1.9204306602478027
82,,-0.5005226026222434,0.0016649246579258556,0.8489394068717957,0.95,0.95,0.95,0.9896907216494846,1.0,0.8583333333333333,0.0875,0.05416666666666667,0.49855708138551563,0.023333333333333334,0.023333333333333334,0.006666666666666667,0.8012514380418632,1.1982461282488712,53.84615384615385,0.0026651510227829914,0.5384615384615384,0.10095667373731072,nan,nan,nan,nan,nan,nan,nan,nan,nan,nan,nan,0.9145539621764545,-0.2836921660724169,2.654760630983412,20,20,23.55616569519043
83,,0.43245266785485514,0.017298106714194204,13.06201400756836,1.0,1.0,1.0,1.0,1.0,0.8675496688741722,0.059602649006622516,0.0728476821192053,0.5003126725908369,0.146,0.146,0.16,0.9959210364061932,0.11811746241293741,27.27272727272727,-0.04923451678462192,0.2727272727272727,0.006340654252599315,nan,nan,nan,nan,nan,nan,nan,nan,nan,nan,nan,0.46462287171338934,0.3465054093004519,2.4626719238144954,20,20,4.92138409614563
84,,0.34322748549917154,0.009806499585690616,25.10631904602051,0.85,0.85,0.85,0.8922155688622755,0.9375,0.8304093567251462,0.05847953216374269,0.1111111111111111,0.5031624669049467,0.16142857142857142,0.16142857142857142,0.05714285714285714,0.5994136671193011,1.20489905228589,36.84210526315789,-0.0379321725327361,0.3684210526315789,0.04783917960532017,nan,nan,nan,nan,nan,nan,nan,nan,nan,nan,nan,0.9044987246649298,-0.30040032762096025,2.539105063747114,20,20,6.036379814147949
85,,-0.47900312437623005,0.0017366562520792332,0.7407752752304078,0.9,0.9,0.9,0.959731543624161,0.9090909090909091,0.8324873096446701,0.10152284263959391,0.06598984771573604,0.49814123660093174,0.016833333333333332,0.016833333333333332,0.02666666666666667,0.6737653959885026,1.571492755233976,84.61538461538461,0.04724272924540941,0.8461538461538461,0.05639163744493329,nan,nan,nan,nan,nan,nan,nan,nan,nan,nan,nan,1.297955849601717,-0.273536905632259,2.419188836071829,20,20,21.10231304168701
86,,0.4436177612128382,0.029574517414189212,20.041029739379884,1.0,1.0,1.0,1.0,1.0,0.9226190476190477,0.047619047619047616,0.02976190476190476,0.5054656430333853,0.23333333333333334,0.23333333333333334,0.26666666666666666,0.9991833742694606,0.05538267115056511,60.0,-0.01784179078311424,0.6,0.028559042203883906,nan,nan,nan,nan,nan,nan,nan,nan,nan,nan,nan,0.466419503607995,0.4110368324574299,2.4436247696695528,20,20,2.7260043621063232
87,,0.4629175606231448,0.033065540044510344,20.258743667602538,1.0,1.0,1.0,1.0,1.0,0.9387755102040817,0.04081632653061224,0.02040816326530612,0.49829648520265307,0.2357142857142857,0.2357142857142857,0.2857142857142857,0.9993861912577798,0.03600219899546753,100.0,0.017562773973486573,1.0,0.017562773973486573,nan,nan,nan,nan,nan,nan,nan,nan,nan,nan,nan,0.48052987943381675,0.4445276804383492,2.5828774040400173,20,20,3.4688022136688232
88,,0.4369170764466569,0.018996394628115518,11.825196266174316,1.0,1.0,1.0,1.0,1.0,0.8786127167630058,0.06358381502890173,0.057803468208092484,0.5067947314971167,0.22608695652173913,0.22608695652173913,0.13043478260869565,0.9987127845008972,0.0642098014670473,0.0,-0.057668793660994956,0.0,0.0,nan,nan,nan,nan,nan,nan,nan,nan,nan,nan,nan,0.4544076284320403,0.390197826964993,2.5107969267202512,20,20,4.5079567432403564
89,,0.44223435131423355,0.02948229008761557,20.740432739257812,1.0,1.0,1.0,1.0,1.0,0.9261744966442953,0.040268456375838924,0.03355704697986577,0.4929956116030614,0.15,0.15,0.3333333333333333,0.9977072548322179,0.08894986268002142,40.0,-0.02532693325210153,0.4,0.0012096655504831508,nan,nan,nan,nan,nan,nan,nan,nan,nan,nan,nan,0.46433576939761523,0.3753859067175938,2.636650863154706,20,20,2.642582654953003
90,,0.43993262093214225,0.02932884139547615,12.56925983428955,1.0,1.0,1.0,1.0,1.0,0.9375,0.05625,0.00625,0.4986941596120596,0.19,0.19,0.0,0.9985754427995494,0.060326872383470564,0.0,-0.014087021801071867,0.0,0.0,nan,nan,nan,nan,nan,nan,nan,nan,nan,nan,nan,0.46343576624891075,0.4031088938654402,2.569031028889226,20,20,2.9389307498931885
91,,0.4542288778139866,0.026719345753763918,6.14567985534668,1.0,1.0,1.0,1.0,1.0,0.9326424870466321,0.06217616580310881,0.0051813471502590676,0.5028048332123195,0.25882352941176473,0.25882352941176473,0.058823529411764705,0.9990437339507974,0.04673051341119727,100.0,0.37468049614331533,1.0,0.37468049614331533,nan,nan,nan,nan,nan,nan,nan,nan,nan,nan,nan,0.4731282660958483,0.426397752684651,2.618699373349502,20,20,3.7143468856811523
92,,0.4596441133460022,0.025535784074777898,0.5712392210960389,1.0,1.0,1.0,1.0,1.0,0.9162011173184358,0.07262569832402235,0.0111731843575419,0.5018361086543236,0.29444444444444445,0.29444444444444445,0.16666666666666666,0.9521574668297599,0.5130530175247425,50.0,-0.004946095519698657,0.5,0.24839879434846107,nan,nan,nan,nan,nan,nan,nan,nan,nan,nan,nan,0.8954738438474803,0.3824208263227378,2.2700791903968405,20,20,3.5716137886047363
93,,0.45285917698549244,0.03019061179903283,2.299887228012085,1.0,1.0,1.0,1.0,1.0,0.9534883720930233,0.040697674418604654,0.005813953488372093,0.5090568717817465,0.18333333333333332,0.18333333333333332,0.4,0.9986148495526823,0.0627665327774824,100.0,0.004130331885466139,1.0,0.004130331885466139,nan,nan,nan,nan,nan,nan,nan,nan,nan,nan,nan,0.4806593651191039,0.4178928323416215,2.5676286472085716,20,20,2.9130170345306396
94,,0.44618440657685704,0.024788022587603167,1.2425655126571655,1.0,1.0,1.0,1.0,0.0,0.9190751445086706,0.07514450867052024,0.005780346820809248,0.5034911531748043,0.1527777777777778,0.1527777777777778,0.05555555555555555,0.9987095643552552,0.06494473885819319,100.0,0.06093330503535642,1.0,0.06093330503535642,nan,nan,nan,nan,nan,nan,nan,nan,nan,nan,nan,0.47614450127549823,0.41119976241730505,2.6139508650680834,20,20,3.5274319648742676
95,,0.4652350673285463,0.020227611622980275,0.6027254581451416,1.0,1.0,1.0,1.0,1.0,0.9424460431654677,0.04316546762589928,0.014388489208633094,0.5014834801140039,0.20652173913043478,0.20652173913043478,0.30434782608695654,0.9599793232709461,0.4776109921105003,50.0,-0.03412557907255302,0.5,0.010655903682544439,nan,nan,nan,nan,nan,nan,nan,nan,nan,nan,nan,0.8674854786714594,0.38987448656095913,2.223346891977666,20,20,2.8842968940734863
96,,0.46014771558281675,0.02421830082014825,1.4908763766288757,1.0,1.0,1.0,1.0,1.0,0.9574468085106383,0.031914893617021274,0.010638297872340425,0.49886079227649854,0.29736842105263156,0.29736842105263156,0.2631578947368421,0.9993608649170554,0.04158563128892234,100.0,0.014125991543679155,1.0,0.014125991543679155,nan,nan,nan,nan,nan,nan,nan,nan,nan,nan,nan,0.47530320134378284,0.4337175700548605,2.7357307008207408,20,20,4.033829212188721
97,,0.454542041168656,0.020661001871302546,0.9961742281913757,1.0,1.0,1.0,1.0,1.0,0.9468085106382979,0.047872340425531915,0.005319148936170213,0.5015591719272462,0.3522727272727273,0.3522727272727273,0.09090909090909091,0.9984350041583364,0.07690435680084334,100.0,0.13290086491027475,1.0,0.13290086491027475,nan,nan,nan,nan,nan,nan,nan,nan,nan,nan,nan,0.48044155003847705,0.4035371932376337,2.4146706302934273,20,20,4.465994596481323
98,,0.44563258487618,0.018568024369840834,1.5652039766311645,1.0,1.0,1.0,1.0,1.0,0.9166666666666666,0.07222222222222222,0.011111111111111112,0.49746316333767027,0.20625,0.20625,0.2916666666666667,0.9992638387291094,0.058003526775192604,50.0,-0.005762745324393685,0.5,0.0070515243333565125,nan,nan,nan,nan,nan,nan,nan,nan,nan,nan,nan,0.47209054989069776,0.41408702311550516,2.4792489164270566,20,20,6.266467332839966
99,,0.44283671631656274,0.02108746268174108,0.7824325442314148,1.0,1.0,1.0,1.0,1.0,0.9468085106382979,0.03723404255319149,0.015957446808510637,0.5033163053826207,0.5285714285714286,0.5285714285714286,0.2857142857142857,0.9976385367977605,0.08694561494320441,0.0,-0.2115749546162131,0.0,0.0,nan,nan,nan,nan,nan,nan,nan,nan,nan,nan,nan,0.46861861652859593,0.3816730015853915,2.0691112754866676,20,20,5.267683744430542
100,,0.4546000411494343,0.020663638234065196,1.1354965925216676,1.0,1.0,1.0,1.0,1.0,0.9368421052631579,0.04736842105263158,0.015789473684210527,0.5027561246163466,0.2727272727272727,0.2727272727272727,0.045454545454545456,0.9985891539730467,0.07302777963452001,0.0,-0.013444159877144377,0.0,0.0,nan,nan,nan,nan,nan,nan,nan,nan,nan,nan,nan,0.47856542327240414,0.40553764363788414,2.4892181892702454,20,20,4.55806303024292
101,,0.44434940943562073,0.017773976377424828,0.8877679705619812,1.0,1.0,1.0,1.0,1.0,0.949238578680203,0.025380710659898477,0.025380710659898477,0.5044047369658947,0.312,0.312,0.2,0.9963087414614945,0.11220413799039236,40.0,-0.06971151507888022,0.4,0.03719290966516999,nan,nan,nan,nan,nan,nan,nan,nan,nan,nan,nan,0.4862381757542721,0.3740340377638797,2.294525095672413,20,20,6.654524087905884
102,,0.4440892274977113,0.020185873977168697,0.8745064973831177,1.0,1.0,1.0,1.0,0.0,0.9673202614379085,0.032679738562091505,0.0,0.49597814044999805,0.15681818181818183,0.15681818181818183,0.13636363636363635,0.9982962268436577,0.06057179057690959,0.0,0.0,0.0,0.0,nan,nan,nan,nan,nan,nan,nan,nan,nan,nan,nan,0.47039183048111355,0.40982003990420396,2.321968464196761,20,20,3.2479960918426514
103,,0.43639722947678544,0.029093148631785696,1.0673280596733092,1.0,1.0,1.0,1.0,1.0,0.948905109489051,0.0364963503649635,0.014598540145985401,0.500686914374431,0.14666666666666667,0.14666666666666667,0.0,0.9985079909914701,0.062141084573520355,0.0,-0.06747335652131267,0.0,0.0,nan,nan,nan,nan,nan,nan,nan,nan,nan,nan,nan,0.46202089622753567,0.3998798116540153,2.471738369247211,20,20,2.5896964073181152
104,,0.4390999290638819,0.03991817536944381,1.5895140051841736,1.0,1.0,1.0,1.0,1.0,0.9508196721311475,0.03278688524590164,0.01639344262295082,0.5009753148664128,0.1,0.1,0.18181818181818182,0.9991857338078233,0.051479204507542065,0.0,-0.03700490028490243,0.0,0.0,nan,nan,nan,nan,nan,nan,nan,nan,nan,nan,nan,0.4657835950588375,0.4143043905512954,2.561919042947067,20,20,1.7948081493377686
105,,0.44148341954511305,0.03153452996750807,1.3996020913124085,1.0,1.0,1.0,1.0,1.0,0.9382716049382716,0.05555555555555555,0.006172839506172839,0.49575240300036966,0.16785714285714284,0.16785714285714284,0.14285714285714285,0.9983083339698763,0.07141355013405504,100.0,0.027521773458438654,1.0,0.027521773458438654,nan,nan,nan,nan,nan,nan,nan,nan,nan,nan,nan,0.4727509713874399,0.40133742125338484,2.3998380146391156,20,20,3.000363826751709
106,,0.4409612043880218,0.02756007527425136,1.1223951578140259,1.0,1.0,1.0,1.0,1.0,0.9252873563218391,0.06321839080459771,0.011494252873563218,0.5021749028936029,0.234375,0.234375,0.125,0.997936584405661,0.08470425224799744,0.0,-0.006876159083738747,0.0,0.0,nan,nan,nan,nan,nan,nan,nan,nan,nan,nan,nan,0.467338848752348,0.38263459650435055,2.418405996766617,20,20,3.346186876296997
107,,0.4491630041682729,0.023640158114119625,1.3978695511817931,1.0,1.0,1.0,1.0,1.0,0.9725274725274725,0.02197802197802198,0.005494505494505495,0.5014027765706965,0.18421052631578946,0.18421052631578946,0.15789473684210525,0.9991444735919084,0.047791501045926776,100.0,0.0014921298520637755,1.0,0.0014921298520637755,nan,nan,nan,nan,nan,nan,nan,nan,nan,nan,nan,0.4691002349769919,0.4213087339310651,2.483548036915914,20,20,3.701345682144165
108,,0.44932121955179266,0.017972848782071706,0.9130204916000366,1.0,1.0,1.0,1.0,1.0,0.9680851063829787,0.02127659574468085,0.010638297872340425,0.4962976880557835,0.264,0.264,0.0,0.9978434156319406,0.0784458180413457,50.0,0.05308343923440975,0.5,0.11728906894546803,nan,nan,nan,nan,nan,nan,nan,nan,nan,nan,nan,0.4766639691242474,0.3982181510829017,2.552453035946549,20,20,4.655534505844116
109,,0.4557168740137056,0.0284823046258566,0.8787462115287781,1.0,1.0,1.0,1.0,1.0,0.9627659574468085,0.031914893617021274,0.005319148936170213,0.4986197876278311,0.315625,0.315625,0.125,0.9989419518330441,0.04736468980405545,0.0,-0.0034294179230623667,0.0,0.0,nan,nan,nan,nan,nan,nan,nan,nan,nan,nan,nan,0.47655279356794755,0.4291881037638921,2.6616237431134007,20,20,4.060836315155029
110,,0.45083367066538066,0.026519627686198862,0.6129721879959107,1.0,1.0,1.0,1.0,1.0,0.9574468085106383,0.031914893617021274,0.010638297872340425,0.5037539722507491,0.3588235294117647,0.3588235294117647,0.11764705882352941,0.9978590269585931,0.08156904989732933,50.0,0.014165103073560642,0.5,0.1142729805254111,nan,nan,nan,nan,nan,nan,nan,nan,nan,nan,nan,0.4899789516659982,0.40840990176866887,2.3614589111071096,20,20,3.6942691802978516
111,,0.4511616103845438,0.0214838862087878,0.6627926111221314,1.0,1.0,1.0,1.0,1.0,0.9431818181818182,0.045454545454545456,0.011363636363636364,0.5010839152194205,0.2857142857142857,0.2857142857142857,0.3333333333333333,0.9977579127981028,0.0943191938694038,0.0,-0.014472257463868973,0.0,0.0,nan,nan,nan,nan,nan,nan,nan,nan,nan,nan,nan,0.507708478543652,0.4133892846742482,2.4436135313160783,20,20,6.230166912078857
112,,0.44467306663718975,0.03176236190265641,0.7378686785697937,1.0,1.0,1.0,1.0,1.0,0.9632352941176471,0.029411764705882353,0.007352941176470588,0.5033613236887114,0.17142857142857143,0.17142857142857143,0.21428571428571427,0.9983403028295363,0.07917868168418857,0.0,-0.10099783390136402,0.0,0.0,nan,nan,nan,nan,nan,nan,nan,nan,nan,nan,nan,0.47101318574797946,0.3918345040637909,2.4673864583495946,20,20,2.4597811698913574
113,,0.44247105373861667,0.02949807024924111,0.7857931852340698,1.0,1.0,1.0,1.0,1.0,0.9239766081871345,0.05847953216374269,0.017543859649122806,0.5002716773500046,0.18,0.18,0.06666666666666667,0.9982420694833185,0.07005650809183517,66.66666666666666,0.014705067260772227,0.6666666666666666,0.03162401914039038,nan,nan,nan,nan,nan,nan,nan,nan,nan,nan,nan,0.47514468297916684,0.4050881748873317,2.5179756479211237,20,20,3.039588689804077
114,,0.4407586572495444,0.02448659206941913,0.695168137550354,1.0,1.0,1.0,1.0,1.0,0.9476744186046512,0.023255813953488372,0.029069767441860465,0.5047015524676277,0.2222222222222222,0.2222222222222222,0.2777777777777778,0.9962397835521489,0.12064593098445497,20.0,-0.006101493974768913,0.2,0.031234206276634854,nan,nan,nan,nan,nan,nan,nan,nan,nan,nan,nan,0.4926602900151979,0.3720143590307429,2.357546106639094,20,20,5.8427088260650635
115,,0.4419545682850195,0.024553031571389973,0.6372820854187011,1.0,1.0,1.0,1.0,1.0,0.9859154929577465,0.007042253521126761,0.007042253521126761,0.503886981929342,0.22777777777777777,0.22777777777777777,0.16666666666666666,0.9969396719996645,0.11021494777019208,0.0,-0.06122373050105279,0.0,0.0,nan,nan,nan,nan,nan,nan,nan,nan,nan,nan,nan,0.47704281850794694,0.36682787073775486,2.3227929619652916,20,20,3.1800596714019775
116,,0.4736695791606831,0.023683478958034153,0.5549974203109741,1.0,1.0,1.0,1.0,1.0,0.9738219895287958,0.015706806282722512,0.010471204188481676,0.5023553366959095,0.2225,0.2225,0.0,0.953497716253253,0.5465232087068036,0.0,-0.1370101226785135,0.0,0.0,nan,nan,nan,nan,nan,nan,nan,nan,nan,nan,nan,0.9181310472173732,0.37160783851056955,2.5027986233363873,20,20,4.101478815078735
117,,0.44744266000084093,0.03196019000006007,1.5123960733413697,1.0,1.0,1.0,1.0,1.0,0.9517241379310345,0.041379310344827586,0.006896551724137931,0.5031366701104811,0.22857142857142856,0.22857142857142856,0.14285714285714285,0.9988289356095537,0.054448375712355834,0.0,-0.00040006263683065035,0.0,0.0,nan,nan,nan,nan,nan,nan,nan,nan,nan,nan,nan,0.47808352995180325,0.4236351542394474,2.540054146260905,20,20,2.3355865478515625
118,,0.45205850499428546,0.021526595475918356,0.9382264733314514,1.0,1.0,1.0,1.0,1.0,0.9415204678362573,0.05263157894736842,0.005847953216374269,0.4949987621889228,0.2904761904761905,0.2904761904761905,0.23809523809523808,0.9986729313558235,0.05422668165632455,0.0,-0.0018934928939677853,0.0,0.0,nan,nan,nan,nan,nan,nan,nan,nan,nan,nan,nan,0.46992634043839104,0.4156996587820665,2.339735542031156,20,20,4.474188804626465
119,,0.4501404281595225,0.025007801564417915,0.609702217578888,1.0,1.0,1.0,1.0,0.0,0.9744897959183674,0.025510204081632654,0.0,0.5008688081676761,0.4722222222222222,0.4722222222222222,0.05555555555555555,0.9982221166827361,0.07477011210585754,0.0,0.0,0.0,0.0,nan,nan,nan,nan,nan,nan,nan,nan,nan,nan,nan,0.48730825673797074,0.4125381446321132,2.2694262274197605,20,20,4.763810873031616
120,,0.47375502172577727,0.01895020086903109,0.5004091382026672,1.0,1.0,1.0,1.0,1.0,0.9540816326530612,0.04081632653061224,0.00510204081632653,0.5034513107687235,0.302,0.302,0.32,0.9627508149324758,0.4644924941871086,100.0,0.024676165126237035,1.0,0.024676165126237035,nan,nan,nan,nan,nan,nan,nan,nan,nan,nan,nan,0.8695370159228837,0.4050445217357751,2.423884235801212,20,20,6.61028790473938
121,,0.4476914775178359,0.037307623126486326,1.23423011302948,1.0,1.0,1.0,1.0,0.0,0.9908256880733946,0.009174311926605505,0.0,0.5073343550165494,0.1,0.1,0.0,0.9992350497276289,0.0422654865604859,0.0,0.0,0.0,0.0,nan,nan,nan,nan,nan,nan,nan,nan,nan,nan,nan,0.46511655300066307,0.42285106644017717,2.6070248120159194,20,20,1.744523286819458
122,,0.4546367803105939,0.021649370490980663,0.9518704533576965,1.0,1.0,1.0,1.0,0.0,0.9787234042553191,0.02127659574468085,0.0,0.5013442589768342,0.21666666666666667,0.21666666666666667,0.0,0.9991575464697383,0.048794942551399434,0.0,0.0,0.0,0.0,nan,nan,nan,nan,nan,nan,nan,nan,nan,nan,nan,0.47715988760795147,0.42836494505655204,2.522878256443493,20,20,3.7821269035339355
123,,0.44286401017996785,0.02767900063624799,1.4156680345535277,1.0,1.0,1.0,1.0,0.0,0.9760479041916168,0.023952095808383235,0.0,0.5035911726765334,0.14375,0.14375,0.25,0.9981178355914345,0.07505364889680238,0.0,0.0,0.0,0.0,nan,nan,nan,nan,nan,nan,nan,nan,nan,nan,nan,0.4669696378328835,0.3919159889360811,2.3682477179648678,20,20,3.226503372192383
124,,0.4097316994898528,0.02276287219388071,0.5154783070087433,0.95,0.95,0.95,0.9948186528497409,1.0,0.9641025641025641,0.03076923076923077,0.005128205128205128,0.5013641556931867,0.33055555555555555,0.33055555555555555,0.0,0.8111469693693386,0.9231295328047484,100.0,0.03260155120232508,1.0,0.03260155120232508,nan,nan,nan,nan,nan,nan,nan,nan,nan,nan,nan,0.47482833109919464,-0.4483012017055538,2.5016157289079586,20,20,4.078240871429443
125,,0.44308106195564934,0.018461710914818723,1.730607771873474,1.0,1.0,1.0,1.0,0.0,0.9923076923076923,0.007692307692307693,0.0,0.49901442384968203,0.2,0.2,0.0,0.9981915816335792,0.06768980933535607,0.0,0.0,0.0,0.0,nan,nan,nan,nan,nan,nan,nan,nan,nan,nan,nan,0.4707155312941681,0.40302572195881203,2.4124432088443535,20,20,3.0774078369140625
126,,0.44724165747005146,0.020329166248638703,1.470530343055725,1.0,1.0,1.0,1.0,1.0,0.9794871794871794,0.010256410256410256,0.010256410256410256,0.49638259601355955,0.3159090909090909,0.3159090909090909,0.0,0.9982176878529391,0.06548023049577506,50.0,-0.015249124141663482,0.5,0.08994593678868935,nan,nan,nan,nan,nan,nan,nan,nan,nan,nan,nan,0.4743005670048608,0.4088203365090857,2.418044818880004,20,20,4.3559653759002686
127,,0.4119378672566966,0.013731262241889888,0.4902860760688782,0.95,0.95,0.95,0.9947643979057592,0.0,0.9685863874345549,0.02617801047120419,0.005235602094240838,0.4998182557523251,0.22666666666666666,0.22666666666666666,0.0,0.8797137682087662,0.7260574442451765,0.0,-0.380268716351211,0.0,0.0,nan,nan,nan,nan,nan,nan,nan,nan,nan,nan,nan,0.47991564668097486,-0.24614179756420163,2.40873914553579,20,20,4.918346166610718
128,,0.4487322321966176,0.026396013658624567,3.143063259124756,1.0,1.0,1.0,1.0,1.0,0.9621621621621622,0.032432432432432434,0.005405405405405406,0.5025262034552939,0.12352941176470589,0.12352941176470589,0.29411764705882354,0.9992473383241823,0.047672353900016284,0.0,-0.16788961258029278,0.0,0.0,nan,nan,nan,nan,nan,nan,nan,nan,nan,nan,nan,0.4721383602564684,0.4244660063564521,2.7113001698157873,20,20,4.100618124008179
129,,0.4469588011394571,0.03724656676162142,1.053522253036499,1.0,1.0,1.0,1.0,0.0,0.992,0.008,0.0,0.4990171562880278,0.21666666666666667,0.21666666666666667,0.16666666666666666,0.9978562943706285,0.07304916367539988,0.0,0.0,0.0,0.0,nan,nan,nan,nan,nan,nan,nan,nan,nan,nan,nan,0.4722050965076531,0.3991559328322532,2.379139431874129,20,20,1.8410894870758057
130,,0.4448081382738396,0.02224040691369198,0.7220335841178894,1.0,1.0,1.0,1.0,1.0,0.9820359281437125,0.011976047904191617,0.005988023952095809,0.49854215659201145,0.2,0.2,0.25,0.9981942892359116,0.05932798025237379,0.0,-0.03920911454069671,0.0,0.0,nan,nan,nan,nan,nan,nan,nan,nan,nan,nan,nan,0.4705875638602196,0.4112595836078458,2.351834689611129,20,20,6.024590253829956
131,,0.4437304665468266,0.026101792149813327,0.5745619416236878,1.0,1.0,1.0,1.0,0.0,0.9765625,0.0234375,0.0,0.4994192899150007,0.14705882352941177,0.14705882352941177,0.17647058823529413,0.9967345624084983,0.11244589065510102,0.0,0.0,0.0,0.0,nan,nan,nan,nan,nan,nan,nan,nan,nan,nan,nan,0.489792972109223,0.377347081454122,2.2912521656357905,20,20,2.3233768939971924
132,,0.44031397769415537,0.024461887649675298,0.6386515974998475,1.0,1.0,1.0,1.0,1.0,0.9712230215827338,0.014388489208633094,0.014388489208633094,0.4972392718307674,0.22777777777777777,0.22777777777777777,0.16666666666666666,0.9978164750571891,0.08575935732401568,0.0,-0.15604488996384092,0.0,0.0,nan,nan,nan,nan,nan,nan,nan,nan,nan,nan,nan,0.46944877063972756,0.3836894133157119,2.474801667171797,20,20,3.177135705947876
133,,0.4371751006046782,0.027323443787792386,0.5941187977790833,1.0,1.0,1.0,1.0,1.0,0.9782608695652174,0.010869565217391304,0.010869565217391304,0.49830372803844514,0.253125,0.253125,0.125,0.997204759305438,0.09248201378484866,0.0,-0.021106853577461324,0.0,0.0,nan,nan,nan,nan,nan,nan,nan,nan,nan,nan,nan,0.4795988290393506,0.3871168152545019,2.1623461636568595,20,20,4.445709705352783
134,,0.4546709395065913,0.022733546975329567,0.6232646465301513,1.0,1.0,1.0,1.0,1.0,0.989010989010989,0.005494505494505495,0.005494505494505495,0.5005568866431713,0.2775,0.2775,0.3,0.9981878160058211,0.08603259871836288,100.0,0.005618430002852545,1.0,0.005618430002852545,nan,nan,nan,nan,nan,nan,nan,nan,nan,nan,nan,0.47681889079024214,0.39078629207187926,2.4799889988444748,20,20,3.8688578605651855
135,,0.4449992238183512,0.017799968952734047,0.53748939037323,1.0,1.0,1.0,1.0,0.0,0.978021978021978,0.02197802197802198,0.0,0.5005495505332946,0.18,0.18,0.0,0.9977510915831095,0.08654970107919868,0.0,0.0,0.0,0.0,nan,nan,nan,nan,nan,nan,nan,nan,nan,nan,nan,0.4713934240953143,0.38484372301611564,2.4756576539305963,20,20,4.03489875793457
136,,0.4423996432700847,0.019234767098699333,0.6355148673057556,1.0,1.0,1.0,1.0,0.0,0.9883720930232558,0.011627906976744186,0.0,0.5001043402954288,0.1891304347826087,0.1891304347826087,0.2608695652173913,0.9983388749231552,0.07590650542664457,0.0,0.0,0.0,0.0,nan,nan,nan,nan,nan,nan,nan,nan,nan,nan,nan,0.4712991191621608,0.3953926137355162,2.4965220271595077,20,20,6.172679901123047
137,,0.44585108519613775,0.034296237322779824,0.7506158709526062,1.0,1.0,1.0,1.0,1.0,0.9815950920245399,0.006134969325153374,0.012269938650306749,0.5023171091882083,0.16923076923076924,0.16923076923076924,0.0,0.9988541255687774,0.06324896382685935,50.0,-0.02227894015092729,0.5,0.005313283713193492,nan,nan,nan,nan,nan,nan,nan,nan,nan,nan,nan,0.4746442353175031,0.41139527149064375,2.5019228034938203,20,20,2.7321269512176514
138,,0.4563652418458111,0.028522827615363195,0.9799559116363525,1.0,1.0,1.0,1.0,0.0,0.9948453608247423,0.005154639175257732,0.0,0.500148629467003,0.21875,0.21875,0.25,0.998495917300953,0.07193942585550711,0.0,0.0,0.0,0.0,nan,nan,nan,nan,nan,nan,nan,nan,nan,nan,nan,0.4773226761325292,0.4053832502770221,2.5126197904112018,20,20,3.3677315711975098
139,,0.4463761519147517,0.014879205063825058,0.5501827478408814,1.0,1.0,1.0,1.0,0.0,0.9767441860465116,0.023255813953488372,0.0,0.5001031660536925,0.13833333333333334,0.13833333333333334,0.0,0.9973006635892225,0.09749086017330078,0.0,0.0,0.0,0.0,nan,nan,nan,nan,nan,nan,nan,nan,nan,nan,nan,0.4740363488992326,0.3765454887259318,2.508183267378965,20,20,4.022868394851685
140,,0.46326975086104927,0.023163487543052464,0.49583927989006044,1.0,1.0,1.0,1.0,1.0,0.9779005524861878,0.016574585635359115,0.0055248618784530384,0.502930935882032,0.1775,0.1775,0.3,0.96168113575263,0.4618317723875628,0.0,-0.00037956889902836244,0.0,0.0,nan,nan,nan,nan,nan,nan,nan,nan,nan,nan,nan,0.8567560513556942,0.3949242789681314,2.4901561085940975,20,20,3.4569344520568848
141,,0.49102759547029845,0.01115971807887042,0.512773847579956,1.0,1.0,1.0,1.0,0.0,0.9953488372093023,0.004651162790697674,0.0,0.5004569991915063,0.18409090909090908,0.18409090909090908,0.0,0.9281479301142818,0.5289579540975966,0.0,0.0,0.0,0.0,nan,nan,nan,nan,nan,nan,nan,nan,nan,nan,nan,0.9225360686939661,0.39357811459636943,2.259554696360342,20,20,5.762001037597656
142,,0.4484288186976806,0.02242144093488403,2.5957762241363525,1.0,1.0,1.0,1.0,0.0,0.9946236559139785,0.005376344086021506,0.0,0.5000457127392292,0.245,0.245,0.3,0.9983425032624584,0.06453149877842418,0.0,0.0,0.0,0.0,nan,nan,nan,nan,nan,nan,nan,nan,nan,nan,nan,0.4814654773281639,0.41693397854973974,2.676597573682511,20,20,7.112122058868408
143,,0.4454973532181152,0.034269027170624244,1.2253853321075439,1.0,1.0,1.0,1.0,0.0,0.9788732394366197,0.02112676056338028,0.0,0.5014264946946732,0.1346153846153846,0.1346153846153846,0.38461538461538464,0.9985004667396142,0.055272378889656415,0.0,0.0,0.0,0.0,nan,nan,nan,nan,nan,nan,nan,nan,nan,nan,nan,0.4731765057261761,0.4179041268365197,2.526174483655213,20,20,2.3306212425231934
144,,-0.548938116459541,0.00150353961180153,3.3538084030151367,0.95,0.95,0.95,0.984375,0.0,0.9645390070921985,0.028368794326241134,0.0070921985815602835,0.5000354143443207,0.004833333333333334,0.004833333333333334,0.02,0.8206105920197491,1.1654814277441974,0.0,-0.0038191130572600707,0.0,0.0,nan,nan,nan,nan,nan,nan,nan,nan,nan,nan,nan,0.9119974132243976,-0.2534840145197997,2.3843530203064236,20,20,23.547060012817383
145,,0.44352413682414127,0.024640229823563405,1.7040361642837525,1.0,1.0,1.0,1.0,1.0,0.9887005649717514,0.005649717514124294,0.005649717514124294,0.5005604686836401,0.21388888888888888,0.21388888888888888,0.0,0.9978704475376804,0.07771803241164676,100.0,0.0015773840232181577,1.0,0.0015773840232181577,nan,nan,nan,nan,nan,nan,nan,nan,nan,nan,nan,0.48271086953034076,0.404992837118694,2.4957455610268044,20,20,3.6872546672821045
146,,0.4424841173225913,0.015803004190092545,0.7332765817642212,1.0,1.0,1.0,1.0,0.0,0.9751552795031055,0.024844720496894408,0.0,0.5023365903379662,0.1767857142857143,0.1767857142857143,0.0,0.9977070074486588,0.08157430504687924,0.0,0.0,0.0,0.0,nan,nan,nan,nan,nan,nan,nan,nan,nan,nan,nan,0.47316611153118704,0.3915918064843078,2.414483411447021,20,20,3.836540460586548
147,,0.43936189694181627,0.0199709953155371,0.4771011233329773,1.0,1.0,1.0,1.0,0.0,0.9885057471264368,0.011494252873563218,0.0,0.50132880915295,0.3704545454545455,0.3704545454545455,0.0,0.9981551751830622,0.06165053690749728,0.0,0.0,0.0,0.0,nan,nan,nan,nan,nan,nan,nan,nan,nan,nan,nan,0.4715885501314955,0.4099380132239982,2.214677700705559,20,20,4.235549688339233
148,,0.4443167141286441,0.02962111427524294,0.7974154114723205,1.0,1.0,1.0,1.0,1.0,0.9672131147540983,0.0273224043715847,0.00546448087431694,0.5000692930817604,0.17,0.17,0.13333333333333333,0.9982748222796182,0.06513661677844351,0.0,-0.0031355276792873893,0.0,0.0,nan,nan,nan,nan,nan,nan,nan,nan,nan,nan,nan,0.4756386774010986,0.4105020606226551,2.718767905528835,20,20,3.6836416721343994
149,,0.4565698935140872,0.024029994395478274,0.9274189352989197,1.0,1.0,1.0,1.0,0.0,0.9798994974874372,0.020100502512562814,0.0,0.49827149028056544,0.28157894736842104,0.28157894736842104,0.0,0.998683732809145,0.0556717880754522,0.0,0.0,0.0,0.0,nan,nan,nan,nan,nan,nan,nan,nan,nan,nan,nan,0.47648496326475803,0.42081317518930583,2.4735167271482545,20,20,3.97017502784729
150,,0.44244506155084373,0.019236741806558422,0.6031790018081665,1.0,1.0,1.0,1.0,1.0,0.9878048780487805,0.0,0.012195121951219513,0.5006966755765936,0.1891304347826087,0.1891304347826087,0.2608695652173913,0.997630365272425,0.07875341865305774,50.0,-0.08314362771893671,0.5,0.00488618926600258,nan,nan,nan,nan,nan,nan,nan,nan,nan,nan,nan,0.47561714784787745,0.3968637291948197,2.4310127982983403,20,20,3.428020715713501
151,,0.44335545390435477,0.014301788835624347,0.47817811369895935,1.0,1.0,1.0,1.0,0.0,0.985,0.015,0.0,0.49926518612811643,0.2887096774193548,0.2887096774193548,0.12903225806451613,0.9944810050365295,0.13048395952608077,0.0,0.0,0.0,0.0,nan,nan,nan,nan,nan,nan,nan,nan,nan,nan,nan,0.5071992273657474,0.37671526783966663,2.470074889170338,20,20,6.424602031707764
152,,0.444858029208766,0.021183715676607904,0.6249388456344604,1.0,1.0,1.0,1.0,0.0,0.9941860465116279,0.005813953488372093,0.0,0.49828748309186527,0.18095238095238095,0.18095238095238095,0.0,0.9982601826571788,0.07227008448106442,0.0,0.0,0.0,0.0,nan,nan,nan,nan,nan,nan,nan,nan,nan,nan,nan,0.47896289600259345,0.40669281152152903,2.321295320672253,20,20,3.452225685119629
153,,0.4508284193751597,0.01878451747396499,0.4686982035636902,1.0,1.0,1.0,1.0,1.0,0.9838709677419355,0.010752688172043012,0.005376344086021506,0.4993477949251731,0.24583333333333332,0.24583333333333332,0.0,0.9978707052927571,0.08238217456720304,0.0,-0.004142748900473517,0.0,0.0,nan,nan,nan,nan,nan,nan,nan,nan,nan,nan,nan,0.4731772770110688,0.3907951024438658,2.482424287154218,20,20,4.285701274871826
154,,0.4567621108645067,0.028547631929031668,0.8326451659202576,1.0,1.0,1.0,1.0,1.0,0.9736842105263158,0.021052631578947368,0.005263157894736842,0.4991355204954743,0.296875,0.296875,0.1875,0.9992585369675078,0.044217893275112385,0.0,-0.00491331074562186,0.0,0.0,nan,nan,nan,nan,nan,nan,nan,nan,nan,nan,nan,0.47307404480319415,0.42885615152808176,2.622306323853099,20,20,3.604804515838623
155,,0.4525077964258138,0.025139322023656322,0.6172420144081116,1.0,1.0,1.0,1.0,1.0,0.9792746113989638,0.015544041450777202,0.0051813471502590676,0.4976076910272241,0.26944444444444443,0.26944444444444443,0.16666666666666666,0.9979383815673988,0.07213386301644631,0.0,-0.01795265623175682,0.0,0.0,nan,nan,nan,nan,nan,nan,nan,nan,nan,nan,nan,0.475979495334573,0.4038456323181267,2.439847506852908,20,20,4.369601011276245
156,,0.4465584257217479,0.017862337028869916,0.47257615327835084,1.0,1.0,1.0,1.0,1.0,0.9788359788359788,0.010582010582010581,0.010582010582010581,0.5009835433363915,0.21,0.21,0.0,0.9978025177417249,0.08094580540655122,50.0,0.09597639115689088,0.5,0.21168421520485703,nan,nan,nan,nan,nan,nan,nan,nan,nan,nan,nan,0.47772627115975425,0.396780465753203,2.3812096077387266,20,20,4.466125249862671
157,,0.4354674488263391,0.019793974946651777,0.6337999105453491,1.0,1.0,1.0,1.0,0.0,0.9818181818181818,0.01818181818181818,0.0,0.4979941949417645,0.2,0.2,0.09090909090909091,0.9974601784666763,0.08425099085480697,0.0,0.0,0.0,0.0,nan,nan,nan,nan,nan,nan,nan,nan,nan,nan,nan,0.47162202166179645,0.3873710308069895,2.21355110096853,20,20,3.8545730113983154
158,,0.4492218251084421,0.02994812167389614,0.5046312808990479,1.0,1.0,1.0,1.0,0.0,0.9943181818181818,0.005681818181818182,0.0,0.5013346919417381,0.22,0.22,0.0,0.997964416114935,0.078962263075807,0.0,0.0,0.0,0.0,nan,nan,nan,nan,nan,nan,nan,nan,nan,nan,nan,0.4730980722023681,0.3941358091265611,2.495769207892493,20,20,3.556274890899658
159,,0.44676199360214985,0.01540558598628103,0.47630958557128905,1.0,1.0,1.0,1.0,1.0,0.983957219251337,0.0106951871657754,0.0053475935828877,0.5012260806971582,0.33448275862068966,0.33448275862068966,0.034482758620689655,0.9971458726050271,0.09295414807600016,0.0,-0.15093656955590373,0.0,0.0,nan,nan,nan,nan,nan,nan,nan,nan,nan,nan,nan,0.47530621429849684,0.3823520662224967,2.211945059254663,20,20,5.3563385009765625
160,,0.44174783498811654,0.04015889408982878,0.6113361120223999,1.0,1.0,1.0,1.0,1.0,0.9779411764705882,0.007352941176470588,0.014705882352941176,0.5022728617895733,0.14545454545454545,0.14545454545454545,0.0,0.9988193016717348,0.05703441919456853,0.0,-0.07946432250778558,0.0,0.0,nan,nan,nan,nan,nan,nan,nan,nan,nan,nan,nan,0.4703743770220575,0.41333995782748895,2.4401718160073944,20,20,2.091996669769287
161,,0.4648795022096199,0.029054968888101242,0.5213681697845459,1.0,1.0,1.0,1.0,1.0,0.9862068965517241,0.006896551724137931,0.006896551724137931,0.4973212525481358,0.21875,0.21875,0.0,0.9562032066878462,0.48382650761902163,0.0,-0.2765657408852809,0.0,0.0,nan,nan,nan,nan,nan,nan,nan,nan,nan,nan,nan,0.8927737060550667,0.40894719843604505,2.511037614682513,20,20,3.4032461643218994
162,,0.47773196114842653,0.021715089143110298,0.48261394500732424,1.0,1.0,1.0,1.0,0.0,0.9946524064171123,0.0053475935828877,0.0,0.5008273713968017,0.19318181818181818,0.19318181818181818,0.0,0.9549885649812716,0.505808723666749,0.0,0.0,0.0,0.0,nan,nan,nan,nan,nan,nan,nan,nan,nan,nan,nan,0.9257280047814536,0.41991928111470456,2.433315132662946,20,20,3.7696661949157715
163,,0.4515135750699902,0.019631025003043052,1.3005651473999023,1.0,1.0,1.0,1.0,1.0,0.988950276243094,0.0055248618784530384,0.0055248618784530384,0.4994196096840112,0.20434782608695654,0.20434782608695654,0.043478260869565216,0.9985939375721232,0.059277885545803044,100.0,0.0049687162855080735,1.0,0.0049687162855080735,nan,nan,nan,nan,nan,nan,nan,nan,nan,nan,nan,0.47323277338992115,0.4139548878441181,2.5510548911169675,20,20,4.337813854217529
164,,0.45171179102543635,0.030114119401695758,0.560507845878601,1.0,1.0,1.0,1.0,1.0,0.9841269841269841,0.010582010582010581,0.005291005291005291,0.5007905224959056,0.25,0.25,0.0,0.9984210130735396,0.06674531218147733,0.0,-0.005850755978882398,0.0,0.0,nan,nan,nan,nan,nan,nan,nan,nan,nan,nan,nan,0.48072665815454435,0.413981345973067,2.5324653976967513,20,20,3.5688722133636475
165,,0.4293828446526878,0.014312761488422926,0.6962362408638001,1.0,1.0,1.0,1.0,0.0,1.0,0.0,0.0,0.49740867238491776,0.16166666666666665,0.16166666666666665,0.0,0.9968470886076515,0.110607051399009,0.0,0.0,0.0,0.0,nan,nan,nan,nan,nan,nan,nan,nan,nan,nan,nan,0.4684160168424929,0.3578089654434839,2.221089186801873,20,20,3.8067545890808105
166,,0.44408307863980634,0.026122534037635668,0.9019595503807067,1.0,1.0,1.0,1.0,1.0,0.9827586206896551,0.005747126436781609,0.011494252873563218,0.5023684229920892,0.19411764705882353,0.19411764705882353,0.17647058823529413,0.9990386900223831,0.06807655148503855,0.0,-0.22328380416146293,0.0,0.0,nan,nan,nan,nan,nan,nan,nan,nan,nan,nan,nan,0.4684534118525677,0.4003768603675292,2.4281506279955836,20,20,3.9232771396636963
167,,0.4349409143225551,0.025584759666032655,0.4805354416370392,1.0,1.0,1.0,1.0,0.0,1.0,0.0,0.0,0.4998699814081192,0.2088235294117647,0.2088235294117647,0.0,0.9970239334140635,0.08590715807467669,0.0,0.0,0.0,0.0,nan,nan,nan,nan,nan,nan,nan,nan,nan,nan,nan,0.46652578465165645,0.38061862657697976,2.2816073796900787,20,20,2.7727160453796387
168,,0.45627737948075525,0.030418491965383685,1.4615268468856812,1.0,1.0,1.0,1.0,1.0,0.9842105263157894,0.010526315789473684,0.005263157894736842,0.49930573811133705,0.21,0.21,0.13333333333333333,0.9994990780977605,0.0357064179203227,0.0,-0.003792531925826889,0.0,0.0,nan,nan,nan,nan,nan,nan,nan,nan,nan,nan,nan,0.46993566413313864,0.43422924621281594,2.610575337818284,20,20,3.7440762519836426
169,,0.4433138545990013,0.04030125950900012,0.5471498608589173,1.0,1.0,1.0,1.0,0.0,0.9918032786885246,0.00819672131147541,0.0,0.5003395163200118,0.14545454545454545,0.14545454545454545,0.45454545454545453,0.9980762042769319,0.08556877607359087,0.0,0.0,0.0,0.0,nan,nan,nan,nan,nan,nan,nan,nan,nan,nan,nan,0.4827100577499238,0.39714128167633295,2.4883442997459317,20,20,1.9080314636230469
170,,0.45585605146894304,0.02399242376152332,0.596464478969574,1.0,1.0,1.0,1.0,1.0,0.9896373056994818,0.0051813471502590676,0.0051813471502590676,0.4985632001177261,0.25,0.25,0.0,0.9991121569459157,0.048992235720493105,0.0,-0.06062953613738023,0.0,0.0,nan,nan,nan,nan,nan,nan,nan,nan,nan,nan,nan,0.47784688399393765,0.42885464827344455,2.5309722605316307,20,20,4.405977725982666
171,,0.4459938135558024,0.0318567009682716,0.5154957294464111,1.0,1.0,1.0,1.0,0.0,1.0,0.0,0.0,0.5011748403310776,0.18214285714285713,0.18214285714285713,0.35714285714285715,0.9987521069644999,0.05056819939879964,0.0,0.0,0.0,0.0,nan,nan,nan,nan,nan,nan,nan,nan,nan,nan,nan,0.466266315027529,0.4156981156287294,2.451977988294062,20,20,4.223722457885742
172,,0.4471401297961679,0.040649102708742536,0.6794707775115967,1.0,1.0,1.0,1.0,0.0,0.9920634920634921,0.007936507936507936,0.0,0.5008381060578606,0.03636363636363636,0.03636363636363636,0.0,0.999085074466889,0.04414393076342754,0.0,0.0,0.0,0.0,nan,nan,nan,nan,nan,nan,nan,nan,nan,nan,nan,0.46871266351184754,0.42456873274842,2.719513106064241,20,20,1.8239655494689941
173,,0.44259474078746236,0.026034984752203668,0.46406095027923583,1.0,1.0,1.0,1.0,1.0,0.986013986013986,0.006993006993006993,0.006993006993006993,0.49989119066911586,0.12941176470588237,0.12941176470588237,0.29411764705882354,0.999006671149259,0.05063720377255171,100.0,0.02566789855452898,1.0,0.02566789855452898,nan,nan,nan,nan,nan,nan,nan,nan,nan,nan,nan,0.4679666009317412,0.4173293971591895,2.361837987031368,20,20,4.2739386558532715
174,,0.4426213943510879,0.023295862860583574,0.40298608541488645,1.0,1.0,1.0,1.0,0.0,1.0,0.0,0.0,0.5001863310995854,0.2789473684210526,0.2789473684210526,0.2631578947368421,0.9985137029594697,0.0858975546258412,0.0,0.0,0.0,0.0,nan,nan,nan,nan,nan,nan,nan,nan,nan,nan,nan,0.4696932599254887,0.3837957052996475,2.1585215191686538,20,20,3.8344712257385254
175,,0.44652549364232813,0.029768366242821875,0.5608972072601318,1.0,1.0,1.0,1.0,0.0,0.9861111111111112,0.013888888888888888,0.0,0.5000322394569715,0.14,0.14,0.3333333333333333,0.9992724075914826,0.041858814144173584,0.0,0.0,0.0,0.0,nan,nan,nan,nan,nan,nan,nan,nan,nan,nan,nan,0.468168694473815,0.4263098803296414,2.5941668999810394,20,20,4.685871839523315
176,,0.4428124149411026,0.026047789114182505,0.4594950616359711,1.0,1.0,1.0,1.0,0.0,1.0,0.0,0.0,0.500498360044816,0.14705882352941177,0.14705882352941177,0.0,0.9981827974137185,0.08558790624009871,0.0,0.0,0.0,0.0,nan,nan,nan,nan,nan,nan,nan,nan,nan,nan,nan,0.47843410958350374,0.39284620334340503,2.2741287880042984,20,20,2.568349838256836
177,,0.4497504918524863,0.029983366123499087,0.5063329339027405,1.0,1.0,1.0,1.0,0.0,0.9777777777777777,0.022222222222222223,0.0,0.49866715068618456,0.17666666666666667,0.17666666666666667,0.0,0.9982021531184592,0.08234981905591132,0.0,0.0,0.0,0.0,nan,nan,nan,nan,nan,nan,nan,nan,nan,nan,nan,0.46782038592814124,0.3854705668722299,2.5344775662751373,20,20,2.481151819229126
178,,0.44310578889344626,0.02332135731018138,0.3917700290679932,1.0,1.0,1.0,1.0,0.0,1.0,0.0,0.0,0.50066995220749,0.2026315789473684,0.2026315789473684,0.0,0.9944680493557784,0.13455227530738018,0.0,0.0,0.0,0.0,nan,nan,nan,nan,nan,nan,nan,nan,nan,nan,nan,0.49038488795119584,0.35583261264381566,2.266577748106385,20,20,2.8294975757598877
179,,0.4522243559528043,0.026601432703106137,0.6558651447296142,1.0,1.0,1.0,1.0,1.0,0.9951456310679612,0.0,0.0048543689320388345,0.5005023546955165,0.15588235294117647,0.15588235294117647,0.058823529411764705,0.9982941833900748,0.08613381269800441,100.0,0.0891714916200703,1.0,0.0891714916200703,nan,nan,nan,nan,nan,nan,nan,nan,nan,nan,nan,0.49473542141638227,0.40860160871837786,2.6677064355165583,20,20,4.021522283554077
180,,0.438658077944526,0.02308726726023821,0.6310933232307434,1.0,1.0,1.0,1.0,1.0,0.9833333333333333,0.011111111111111112,0.005555555555555556,0.4973703842610121,0.3631578947368421,0.3631578947368421,0.0,0.9974017638623618,0.08661973455706956,0.0,-0.008444481228695212,0.0,0.0,nan,nan,nan,nan,nan,nan,nan,nan,nan,nan,nan,0.4746478378883772,0.38802810333130766,2.0826477171453512,20,20,4.055532455444336
181,,0.4462615195154247,0.018594229979809362,0.7241648077964783,1.0,1.0,1.0,1.0,1.0,0.9710982658959537,0.017341040462427744,0.011560693641618497,0.4986281037485848,0.09166666666666666,0.09166666666666666,0.16666666666666666,0.9981225605636982,0.08328774412125983,0.0,-0.2716262696694087,0.0,0.0,nan,nan,nan,nan,nan,nan,nan,nan,nan,nan,nan,0.47424698392023124,0.3909592397989714,2.6370330351401448,20,20,7.545569896697998
182,,0.45376133772454,0.019728753814110437,0.410727858543396,1.0,1.0,1.0,1.0,1.0,0.9724770642201835,0.01834862385321101,0.009174311926605505,0.5010075773881829,0.40869565217391307,0.40869565217391307,0.21739130434782608,0.9979081677003373,0.07305710169430851,100.0,0.015487442164477633,1.0,0.015487442164477633,nan,nan,nan,nan,nan,nan,nan,nan,nan,nan,nan,0.48062544850445243,0.4075683468101439,2.37409107167144,20,20,9.135409593582153
183,,0.44649078383996854,0.026264163755292266,0.9382386445999146,1.0,1.0,1.0,1.0,0.0,0.9938650306748467,0.006134969325153374,0.0,0.4995599784395274,0.15,0.15,0.0,0.9988856838661616,0.06640249196097958,0.0,0.0,0.0,0.0,nan,nan,nan,nan,nan,nan,nan,nan,nan,nan,nan,0.47361848343593893,0.40721599147495935,2.5581204376830584,20,20,2.809185028076172
184,,0.4397682536152068,0.016914163600584876,0.5484511494636536,1.0,1.0,1.0,1.0,0.0,1.0,0.0,0.0,0.49898955449461935,0.21346153846153845,0.21346153846153845,0.038461538461538464,0.9967196379772731,0.09354874871434515,0.0,0.0,0.0,0.0,nan,nan,nan,nan,nan,nan,nan,nan,nan,nan,nan,0.47047560853530157,0.3769268598209564,2.3383060231391903,20,20,3.2941436767578125
185,,0.45918200289135513,0.03279871449223965,1.6396317720413207,1.0,1.0,1.0,1.0,0.0,0.9949238578680203,0.005076142131979695,0.0,0.5010962823671954,0.21071428571428572,0.21071428571428572,0.2857142857142857,0.9992712714005477,0.04787532587114268,0.0,0.0,0.0,0.0,nan,nan,nan,nan,nan,nan,nan,nan,nan,nan,nan,0.47193355572904955,0.42405822985790687,2.7673972003485643,20,20,5.066997289657593
186,,0.4417264603420782,0.01920549827574253,0.5022402107715607,1.0,1.0,1.0,1.0,0.0,1.0,0.0,0.0,0.49928391149834445,0.16304347826086957,0.16304347826086957,0.17391304347826086,0.9987467624106833,0.06386605543818935,0.0,0.0,0.0,0.0,nan,nan,nan,nan,nan,nan,nan,nan,nan,nan,nan,0.4708428709388377,0.40697681550064835,2.3529515545585222,20,20,4.355471611022949
187,,0.45059330517459806,0.02816208157341238,0.6240051031112671,1.0,1.0,1.0,1.0,0.0,0.9940119760479041,0.005988023952095809,0.0,0.4989458858501166,0.2375,0.2375,0.0625,0.9993660800306061,0.046930128340585464,0.0,0.0,0.0,0.0,nan,nan,nan,nan,nan,nan,nan,nan,nan,nan,nan,0.4765796335921863,0.42964950525160084,2.540482260009575,20,20,2.9735567569732666
188,,0.44441021891519283,0.031743587065370914,0.5367823958396911,1.0,1.0,1.0,1.0,0.0,0.993103448275862,0.006896551724137931,0.0,0.4994081390223333,0.16428571428571428,0.16428571428571428,0.0,0.9982539308270493,0.0666753513602153,0.0,0.0,0.0,0.0,nan,nan,nan,nan,nan,nan,nan,nan,nan,nan,nan,0.47620895983148936,0.40953360847127407,2.412001369589307,20,20,2.492924213409424
189,,0.44317628316959595,0.017727051326783837,0.46393951773643494,1.0,1.0,1.0,1.0,0.0,0.9943181818181818,0.005681818181818182,0.0,0.4993400005400181,0.212,0.212,0.0,0.9980522362434662,0.08793802830601255,0.0,0.0,0.0,0.0,nan,nan,nan,nan,nan,nan,nan,nan,nan,nan,nan,0.47263041779903886,0.3846923894930263,2.1394666295797937,20,20,4.0869715213775635
190,,0.45309501168299415,0.03236392940592815,0.5880481719970703,1.0,1.0,1.0,1.0,1.0,0.9787234042553191,0.010638297872340425,0.010638297872340425,0.5028961426445416,0.26785714285714285,0.26785714285714285,0.0,0.9979657073644188,0.09428239359022617,100.0,0.011890295425668045,1.0,0.011890295425668045,nan,nan,nan,nan,nan,nan,nan,nan,nan,nan,nan,0.4763282609128633,0.3820458673226371,2.4641282317948807,20,20,3.630312919616699
191,,0.4477994140423581,0.022389970702117908,0.45399762988090514,1.0,1.0,1.0,1.0,0.0,0.9928057553956835,0.007194244604316547,0.0,0.49933401346206663,0.1625,0.1625,0.2,0.998186804255228,0.0812597260308382,0.0,0.0,0.0,0.0,nan,nan,nan,nan,nan,nan,nan,nan,nan,nan,nan,0.46884502787252397,0.38758530184168577,2.3860064201241604,20,20,3.407839298248291
192,,0.4420708552913036,0.01768283421165214,0.45454261302947996,1.0,1.0,1.0,1.0,1.0,0.9776119402985075,0.014925373134328358,0.007462686567164179,0.5003830897808075,0.144,0.144,0.16,0.9984437424170947,0.07460373221550876,100.0,0.003953266448486734,1.0,0.003953266448486734,nan,nan,nan,nan,nan,nan,nan,nan,nan,nan,nan,0.46551089813323965,0.3909071659177309,2.498682168924215,20,20,3.5235912799835205
193,,0.44076509473163833,0.03673042456096986,0.5325503945350647,1.0,1.0,1.0,1.0,0.0,0.9928057553956835,0.007194244604316547,0.0,0.49949813218166433,0.18333333333333332,0.18333333333333332,0.5833333333333334,0.9984676329285397,0.06908640823513013,0.0,0.0,0.0,0.0,nan,nan,nan,nan,nan,nan,nan,nan,nan,nan,nan,0.472704032049728,0.40361762381459787,2.5291704228795253,20,20,2.1362969875335693
194,,0.4453526011199794,0.01535698624551653,0.4815057337284088,1.0,1.0,1.0,1.0,0.0,0.9636363636363636,0.03636363636363636,0.0,0.49949295890742335,0.2517241379310345,0.2517241379310345,0.10344827586206896,0.99695983569966,0.09883607380896564,0.0,0.0,0.0,0.0,nan,nan,nan,nan,nan,nan,nan,nan,nan,nan,nan,0.4721380807302272,0.3733020069212616,2.308004495098776,20,20,4.36442756652832
195,,0.4387357068267844,0.024374205934821355,0.44485208988189695,1.0,1.0,1.0,1.0,0.0,0.9763779527559056,0.023622047244094488,0.0,0.5019651304516527,0.14444444444444443,0.14444444444444443,0.2222222222222222,0.9993144360251999,0.04928835414428484,0.0,0.0,0.0,0.0,nan,nan,nan,nan,nan,nan,nan,nan,nan,nan,nan,0.4566798078835751,0.40739145373929025,2.339152492330974,20,20,2.398068428039551
196,,0.45263887001040704,0.0196799508700177,0.521507078409195,1.0,1.0,1.0,1.0,0.0,0.9783783783783784,0.021621621621621623,0.0,0.499878594894772,0.33043478260869563,0.33043478260869563,0.21739130434782608,0.9977519085084443,0.09026168914772181,0.0,0.0,0.0,0.0,nan,nan,nan,nan,nan,nan,nan,nan,nan,nan,nan,0.47388622601468555,0.38362453686696374,2.373624941476604,20,20,4.106194496154785
197,,0.4424041733865559,0.0340310902605043,0.8969672441482544,1.0,1.0,1.0,1.0,1.0,0.9574468085106383,0.028368794326241134,0.014184397163120567,0.4969958587621267,0.06153846153846154,0.06153846153846154,0.0,0.9990257267504754,0.04472042150971384,100.0,0.026533412215237973,1.0,0.026533412215237973,nan,nan,nan,nan,nan,nan,nan,nan,nan,nan,nan,0.4621066391394964,0.41738621762978256,2.668331117137823,20,20,1.989567756652832
198,,0.44785866995176066,0.034450666919366206,0.5910718441009521,1.0,1.0,1.0,1.0,1.0,0.9790209790209791,0.013986013986013986,0.006993006993006993,0.5026922544607749,0.16153846153846155,0.16153846153846155,0.15384615384615385,0.998698799636597,0.05930891541374189,0.0,-0.043372473401494555,0.0,0.0,nan,nan,nan,nan,nan,nan,nan,nan,nan,nan,nan,0.47081068480345467,0.4115017693897128,2.5414851512756127,20,20,2.326857805252075
199,,0.4403233913483428,0.020967780540397277,0.44713462591171266,1.0,1.0,1.0,1.0,0.0,0.9927536231884058,0.007246376811594203,0.0,0.4980289913004353,0.25952380952380955,0.25952380952380955,0.19047619047619047,0.9971147715434142,0.09494354012834816,0.0,0.0,0.0,0.0,nan,nan,nan,nan,nan,nan,nan,nan,nan,nan,nan,0.47429598839220205,0.3793524482638539,2.3139388528111664,20,20,2.9844393730163574
200,,0.43935107062291345,0.01997050321013243,0.5240334630012512,1.0,1.0,1.0,1.0,1.0,0.9887640449438202,0.0056179775280898875,0.0056179775280898875,0.4989861911670728,0.31136363636363634,0.31136363636363634,0.0,0.9960339888837038,0.12464197944893063,0.0,-0.11595712872529762,0.0,0.0,nan,nan,nan,nan,nan,nan,nan,nan,nan,nan,nan,0.4726102500951111,0.34796827064618047,2.2343963249136443,20,20,3.8355398178100586
201,,0.44897261630457835,0.01726817755017609,0.5600287914276123,1.0,1.0,1.0,1.0,0.0,0.9753694581280788,0.024630541871921183,0.0,0.4998373820661352,0.39807692307692305,0.39807692307692305,0.11538461538461539,0.9973719742656242,0.07291657847811728,0.0,0.0,0.0,0.0,nan,nan,nan,nan,nan,nan,nan,nan,nan,nan,nan,0.48368872991777523,0.41077215143965795,2.2637784739859956,20,20,5.094879388809204
202,,0.44774056532925033,0.02984937102195002,0.5357753157615661,1.0,1.0,1.0,1.0,0.0,0.9833333333333333,0.016666666666666666,0.0,0.5005270985762278,0.10333333333333333,0.10333333333333333,0.2,0.9986804177778396,0.06666789860080752,0.0,0.0,0.0,0.0,nan,nan,nan,nan,nan,nan,nan,nan,nan,nan,nan,0.47167756619570395,0.4050096675948964,2.4708842975369483,20,20,2.0308663845062256
203,,0.442143069894848,0.026008415876167527,0.42251420617103574,1.0,1.0,1.0,1.0,0.0,0.991869918699187,0.008130081300813009,0.0,0.4996966424233773,0.1323529411764706,0.1323529411764706,0.35294117647058826,0.9989628551271358,0.058099422405539614,0.0,0.0,0.0,0.0,nan,nan,nan,nan,nan,nan,nan,nan,nan,nan,nan,0.4718704309218485,0.4137710085163089,2.323960089320476,20,20,2.2451467514038086
204,,0.44455044718237957,0.015876801685084985,0.4759378433227539,1.0,1.0,1.0,1.0,0.0,1.0,0.0,0.0,0.49941061205629794,0.2767857142857143,0.2767857142857143,0.0,0.9962531499866603,0.10145531712428835,0.0,0.0,0.0,0.0,nan,nan,nan,nan,nan,nan,nan,nan,nan,nan,nan,0.4782043655512014,0.37674904842691304,2.2012735789423226,20,20,5.299034357070923
205,,0.4431516128834516,0.02215758064417258,0.4695278525352478,1.0,1.0,1.0,1.0,1.0,0.9754601226993865,0.018404907975460124,0.006134969325153374,0.5039330476522446,0.185,0.185,0.3,0.9986501207576807,0.06372030045249855,100.0,0.04759224825788086,1.0,0.04759224825788086,nan,nan,nan,nan,nan,nan,nan,nan,nan,nan,nan,0.46781690848855983,0.4040966080360613,2.5310468068175305,20,20,5.476785182952881
206,,0.4470998297064062,0.02235499148532031,0.49248912930488586,1.0,1.0,1.0,1.0,1.0,0.9661016949152542,0.01694915254237288,0.01694915254237288,0.49959705870598553,0.215,0.215,0.15,0.9977796688590332,0.0964132297517129,66.66666666666666,0.1056815460351815,0.6666666666666666,0.17853918204781802,nan,nan,nan,nan,nan,nan,nan,nan,nan,nan,nan,0.47814599818070813,0.38173276842899523,2.6021672238742073,20,20,3.943657636642456
207,,0.4449770957465161,0.019346830249848526,0.46539185643196107,1.0,1.0,1.0,1.0,0.0,0.9789473684210527,0.021052631578947368,0.0,0.4992205508377241,0.3,0.3,0.0,0.9974645759714957,0.07313489256117678,0.0,0.0,0.0,0.0,nan,nan,nan,nan,nan,nan,nan,nan,nan,nan,nan,0.4819570271352881,0.4088221345741113,2.305464785873865,20,20,4.443161725997925
208,,0.44977922965670086,0.028111201853543804,0.9787227749824524,1.0,1.0,1.0,1.0,0.0,0.9772727272727273,0.022727272727272728,0.0,0.4998305505141616,0.165625,0.165625,0.0,0.9993405956586892,0.04685432266125411,0.0,0.0,0.0,0.0,nan,nan,nan,nan,nan,nan,nan,nan,nan,nan,nan,0.4664518689566166,0.4195975462953625,2.54816490476089,20,20,3.2897233963012695
209,,0.4501409841789438,0.03462622955222645,1.010503613948822,1.0,1.0,1.0,1.0,0.0,0.9851851851851852,0.014814814814814815,0.0,0.5000946443814498,0.18846153846153846,0.18846153846153846,0.23076923076923078,0.9989489937227786,0.0559429794003658,0.0,0.0,0.0,0.0,nan,nan,nan,nan,nan,nan,nan,nan,nan,nan,nan,0.47743135022127275,0.42148837082090695,2.531616374550425,20,20,2.071699380874634
210,,0.4597823955788377,0.014831690179962507,0.48743883371353147,1.0,1.0,1.0,1.0,0.0,0.9945054945054945,0.005494505494505495,0.0,0.5007186388296466,0.2129032258064516,0.2129032258064516,0.12903225806451613,0.9521041323557281,0.5250619633154332,0.0,0.0,0.0,0.0,nan,nan,nan,nan,nan,nan,nan,nan,nan,nan,nan,0.8985148808124476,0.37345291749701437,2.3663554535207414,20,20,4.295782566070557
211,,0.43890173609510863,0.03376167200731605,0.8051745295524597,1.0,1.0,1.0,1.0,0.0,0.9854014598540146,0.014598540145985401,0.0,0.5020024409660926,0.18076923076923077,0.18076923076923077,0.0,0.9979317510184096,0.06908609045034603,0.0,0.0,0.0,0.0,nan,nan,nan,nan,nan,nan,nan,nan,nan,nan,nan,0.47176417763012596,0.40267808717977993,2.12306477113287,20,20,2.056394338607788
212,,0.4703210000801251,0.021378227276369323,0.5270941257476807,1.0,1.0,1.0,1.0,1.0,0.9856115107913669,0.007194244604316547,0.007194244604316547,0.5002021140672944,0.17272727272727273,0.17272727272727273,0.22727272727272727,0.9611518594043718,0.46529690409237906,0.0,-0.007606549821402325,0.0,0.0,nan,nan,nan,nan,nan,nan,nan,nan,nan,nan,nan,0.8770016246776933,0.4117047205853142,2.531544478101644,20,20,4.938300848007202
213,,0.4326601464317479,0.02403667480176377,1.690369200706482,1.0,1.0,1.0,1.0,1.0,0.9821428571428571,0.011904761904761904,0.005952380952380952,0.49831951170280164,0.25277777777777777,0.25277777777777777,0.1111111111111111,0.9978015030820022,0.07713170283581317,100.0,0.011169425078559392,1.0,0.011169425078559392,nan,nan,nan,nan,nan,nan,nan,nan,nan,nan,nan,0.4694721908653833,0.3923404880295701,2.310063850314957,20,20,3.6215434074401855
214,,0.43944261336241586,0.019974664243746176,0.7681572914123536,1.0,1.0,1.0,1.0,0.0,0.9942528735632183,0.005747126436781609,0.0,0.49989515258507294,0.3613636363636364,0.3613636363636364,0.0,0.9983584861100591,0.06944020888410163,0.0,0.0,0.0,0.0,nan,nan,nan,nan,nan,nan,nan,nan,nan,nan,nan,0.47457844339165656,0.40513823450755493,2.1389609355405,20,20,3.6032238006591797
215,,0.44189463216125785,0.0315639022972327,0.6064486742019654,1.0,1.0,1.0,1.0,0.0,0.9858156028368794,0.014184397163120567,0.0,0.4998755842447281,0.17142857142857143,0.17142857142857143,0.21428571428571427,0.9980715881680597,0.0671475455189417,0.0,0.0,0.0,0.0,nan,nan,nan,nan,nan,nan,nan,nan,nan,nan,nan,0.4705871621767688,0.4034396166578271,2.1221603648527845,20,20,3.1595840454101562
216,,0.44629755587723247,0.018595731494884686,0.6197931170463562,1.0,1.0,1.0,1.0,1.0,0.9802955665024631,0.014778325123152709,0.0049261083743842365,0.4998785549774766,0.3854166666666667,0.3854166666666667,0.0,0.9978929536482196,0.07980919044806717,0.0,-0.30116690288229014,0.0,0.0,nan,nan,nan,nan,nan,nan,nan,nan,nan,nan,nan,0.4776715568318447,0.39786236638377753,2.2434560834672133,20,20,5.2285566329956055
217,,0.4474009480196027,0.03195721057282876,1.0496699333190918,1.0,1.0,1.0,1.0,0.0,0.9863013698630136,0.0136986301369863,0.0,0.5004289564277444,0.08928571428571429,0.08928571428571429,0.35714285714285715,0.9983184082478163,0.06343134699076741,0.0,0.0,0.0,0.0,nan,nan,nan,nan,nan,nan,nan,nan,nan,nan,nan,0.4707981519884509,0.40736680499768346,2.7088134082586732,20,20,2.982975482940674
218,,0.41388968221695654,0.013796322740565218,0.49813119173049925,0.95,0.95,0.95,0.9943502824858758,0.0,0.9946236559139785,0.005376344086021506,0.0,0.4990144384155671,0.38666666666666666,0.38666666666666666,0.0,0.8798413084703922,0.7245269553754533,0.0,0.0,0.0,0.0,nan,nan,nan,nan,nan,nan,nan,nan,nan,nan,nan,0.4785531802587447,-0.2459737751167086,2.09711302451568,20,20,4.744989633560181
219,,0.43972711708699136,0.03140907979192795,0.5281485915184021,1.0,1.0,1.0,1.0,0.0,0.9849624060150376,0.015037593984962405,0.0,0.49951804908258574,0.18214285714285713,0.18214285714285713,0.2857142857142857,0.997220467970107,0.08178939950647957,0.0,0.0,0.0,0.0,nan,nan,nan,nan,nan,nan,nan,nan,nan,nan,nan,0.4737602925226847,0.39197089301620514,2.1592637113453312,20,20,2.1793923377990723
220,,0.45340866428229815,0.02518937023790545,0.9370028138160705,1.0,1.0,1.0,1.0,0.0,0.9946236559139785,0.005376344086021506,0.0,0.5009694601098696,0.24166666666666667,0.24166666666666667,0.16666666666666666,0.999016153087181,0.05939928861036786,0.0,0.0,0.0,0.0,nan,nan,nan,nan,nan,nan,nan,nan,nan,nan,nan,0.4785285556824669,0.419129267072099,2.69255673657388,20,20,4.404711961746216
221,,0.4496532432269814,0.02645019077805773,0.6609326004981995,1.0,1.0,1.0,1.0,1.0,0.988950276243094,0.0,0.011049723756906077,0.5034572059617323,0.23529411764705882,0.23529411764705882,0.0,0.9988594243084519,0.05280221742496327,100.0,0.01717565533094928,1.0,0.01717565533094928,nan,nan,nan,nan,nan,nan,nan,nan,nan,nan,nan,0.4733516599287307,0.4205494425037674,2.491986859105362,20,20,3.4979751110076904
222,,0.44220531873239854,0.024566962151799918,0.49539517760276797,1.0,1.0,1.0,1.0,0.0,0.9941176470588236,0.0058823529411764705,0.0,0.4991179013417827,0.17222222222222222,0.17222222222222222,0.0,0.9991356833329694,0.05399766659668476,0.0,0.0,0.0,0.0,nan,nan,nan,nan,nan,nan,nan,nan,nan,nan,nan,0.46652902549642583,0.4125313588997411,2.390226447315356,20,20,3.2781283855438232
223,,0.45360760920065335,0.0197220699652458,0.43118892312049867,1.0,1.0,1.0,1.0,0.0,0.9947368421052631,0.005263157894736842,0.0,0.5001578933518865,0.29347826086956524,0.29347826086956524,0.043478260869565216,0.9983323466972543,0.057745104277489245,0.0,0.0,0.0,0.0,nan,nan,nan,nan,nan,nan,nan,nan,nan,nan,nan,0.4742831941031017,0.41653808982561247,2.2378961740883563,20,20,4.095635652542114
224,,0.44131040420320644,0.024517244677955914,0.7379301905632019,1.0,1.0,1.0,1.0,1.0,0.9943181818181818,0.0,0.005681818181818182,0.49933057739916775,0.2388888888888889,0.2388888888888889,0.0,0.9975707851285104,0.08256563104052422,0.0,-0.014820077122066982,0.0,0.0,nan,nan,nan,nan,nan,nan,nan,nan,nan,nan,nan,0.47208274030706404,0.3895171092665398,2.4257418454434108,20,20,3.815937042236328
225,,0.4421016869611074,0.024561204831172634,0.45709826350212096,1.0,1.0,1.0,1.0,0.0,0.992,0.008,0.0,0.5013443716698223,0.18611111111111112,0.18611111111111112,0.0,0.9978055751607521,0.0829330327253805,0.0,0.0,0.0,0.0,nan,nan,nan,nan,nan,nan,nan,nan,nan,nan,nan,0.4699609781018118,0.3870279453764313,2.3530020887176573,20,20,2.4345388412475586
226,,0.4454665462334108,0.0318190390166722,0.5641403794288635,1.0,1.0,1.0,1.0,0.0,0.9918032786885246,0.00819672131147541,0.0,0.5011838225381715,0.1,0.1,0.0,0.9986336863167786,0.05551913234927752,0.0,0.0,0.0,0.0,nan,nan,nan,nan,nan,nan,nan,nan,nan,nan,nan,0.46509873080312814,0.4095795984538506,2.4123941082554126,20,20,2.033579111099243
227,,0.4441023772201617,0.040372943383651064,0.5500229477882386,1.0,1.0,1.0,1.0,0.0,0.9776119402985075,0.022388059701492536,0.0,0.5024763372811404,0.08636363636363636,0.08636363636363636,0.18181818181818182,0.9987992179240305,0.05883923484510667,0.0,0.0,0.0,0.0,nan,nan,nan,nan,nan,nan,nan,nan,nan,nan,nan,0.4713919239865784,0.41255268914147175,2.651049015345433,20,20,2.0844435691833496
228,,0.4458323584996615,0.03184516846426154,0.489706689119339,1.0,1.0,1.0,1.0,0.0,0.992,0.008,0.0,0.5009458140603134,0.11071428571428571,0.11071428571428571,0.35714285714285715,0.9988959919908186,0.0450387824300042,0.0,0.0,0.0,0.0,nan,nan,nan,nan,nan,nan,nan,nan,nan,nan,nan,0.4691569810914461,0.4241181986614419,2.5293742634290384,20,20,1.858846664428711
229,,0.4415583960650091,0.01635401466907441,0.5183231174945832,1.0,1.0,1.0,1.0,0.0,0.9897959183673469,0.01020408163265306,0.0,0.4999976703138263,0.42592592592592593,0.42592592592592593,0.1111111111111111,0.9966749703050829,0.08530905591514437,0.0,0.0,0.0,0.0,nan,nan,nan,nan,nan,nan,nan,nan,nan,nan,nan,0.47429510941426567,0.3889860534991213,2.13467141581582,20,20,8.574767827987671
230,,0.4386237331343008,0.019937442415195492,0.5050441741943359,1.0,1.0,1.0,1.0,1.0,0.9880952380952381,0.005952380952380952,0.005952380952380952,0.4993889428336512,0.20681818181818182,0.20681818181818182,0.13636363636363635,0.9973510890344914,0.09646736418223961,100.0,0.11802328097240089,1.0,0.11802328097240089,nan,nan,nan,nan,nan,nan,nan,nan,nan,nan,nan,0.4749769842759215,0.3785096200936819,2.3100494719518725,20,20,3.5167388916015625
231,,0.44196367807900977,0.023261246214684724,0.3773722410202026,1.0,1.0,1.0,1.0,0.0,1.0,0.0,0.0,0.498167233718069,0.15526315789473685,0.15526315789473685,0.21052631578947367,0.9992141766542673,0.04520398998564806,0.0,0.0,0.0,0.0,nan,nan,nan,nan,nan,nan,nan,nan,nan,nan,nan,0.4617167307252325,0.41651274073958444,2.4074003357919387,20,20,2.9309659004211426
232,,0.44725412007663745,0.02353969053034934,0.5016867399215699,1.0,1.0,1.0,1.0,1.0,0.9790209790209791,0.013986013986013986,0.006993006993006993,0.498881810452593,0.12631578947368421,0.12631578947368421,0.0,0.9972851764250595,0.10302108536896032,0.0,-0.0056745397866308014,0.0,0.0,nan,nan,nan,nan,nan,nan,nan,nan,nan,nan,nan,0.47192242977367016,0.36890134440470984,2.403357325274316,20,20,2.631920576095581
233,,0.44631094671398336,0.034331611285691024,0.4772358238697052,1.0,1.0,1.0,1.0,1.0,0.9927007299270073,0.0,0.0072992700729927005,0.49753646053946937,0.18846153846153846,0.18846153846153846,0.07692307692307693,0.9971348531385469,0.1122400350863838,100.0,0.001115344276650259,1.0,0.001115344276650259,nan,nan,nan,nan,nan,nan,nan,nan,nan,nan,nan,0.4773175315690587,0.3650774964826749,2.212865194763629,20,20,2.3933610916137695
234,,0.4435312368739653,0.022176561843698265,0.5818608641624451,1.0,1.0,1.0,1.0,1.0,0.9821428571428571,0.011904761904761904,0.005952380952380952,0.49990067567676305,0.1775,0.1775,0.25,0.9980441983244439,0.08163762485471959,0.0,-0.006181409094631191,0.0,0.0,nan,nan,nan,nan,nan,nan,nan,nan,nan,nan,nan,0.473693732787109,0.39205610793238943,2.5187580165123715,20,20,5.295691728591919
235,,0.444460265532,0.016461491316000002,0.5446707963943481,1.0,1.0,1.0,1.0,0.0,1.0,0.0,0.0,0.4999477850066291,0.3388888888888889,0.3388888888888889,0.0,0.9967137218666562,0.11240670500820493,0.0,0.0,0.0,0.0,nan,nan,nan,nan,nan,nan,nan,nan,nan,nan,nan,0.4747774632014271,0.3623707581932222,2.130966163961939,20,20,5.30908727645874
236,,0.43501885053706335,0.014500628351235445,0.5139381587505341,1.0,1.0,1.0,1.0,0.0,1.0,0.0,0.0,0.4998873809228341,0.155,0.155,0.16666666666666666,0.9978343433031113,0.0910171429852828,0.0,0.0,0.0,0.0,nan,nan,nan,nan,nan,nan,nan,nan,nan,nan,nan,0.46654218028189465,0.37552503729661185,2.357107972424765,20,20,4.248616695404053
237,,0.44442795360108184,0.03703566280009015,0.9652409553527832,1.0,1.0,1.0,1.0,0.0,1.0,0.0,0.0,0.49911987235148747,0.1125,0.1125,0.16666666666666666,0.9989626325582605,0.05596652827541315,0.0,0.0,0.0,0.0,nan,nan,nan,nan,nan,nan,nan,nan,nan,nan,nan,0.4719307650083449,0.41596423673293176,2.2997825130019867,20,20,2.08166766166687
238,,0.44048548568328766,0.019151542855795116,0.588850998878479,1.0,1.0,1.0,1.0,0.0,1.0,0.0,0.0,0.4989408403635025,0.17173913043478262,0.17173913043478262,0.13043478260869565,0.9982095363122503,0.07136230584653469,0.0,0.0,0.0,0.0,nan,nan,nan,nan,nan,nan,nan,nan,nan,nan,nan,0.4757193156477062,0.4043570098011715,2.6458878422484444,20,20,5.090348482131958
239,,0.4472645147154072,0.0319474653368148,0.543992567062378,1.0,1.0,1.0,1.0,1.0,0.993103448275862,0.0,0.006896551724137931,0.5000488653779029,0.22857142857142856,0.22857142857142856,0.35714285714285715,0.9981355066494386,0.06030405849636994,100.0,0.08401950953524362,1.0,0.08401950953524362,nan,nan,nan,nan,nan,nan,nan,nan,nan,nan,nan,0.4778576731919219,0.41755361469555197,2.3306999715111925,20,20,2.3962979316711426
240,,0.44496610895019506,0.01534365892931707,0.5315417766571044,1.0,1.0,1.0,1.0,0.0,0.9731182795698925,0.026881720430107527,0.0,0.499643375352025,0.19137931034482758,0.19137931034482758,0.13793103448275862,0.9980641494131552,0.06436639432996077,0.0,0.0,0.0,0.0,nan,nan,nan,nan,nan,nan,nan,nan,nan,nan,nan,0.4726925463829846,0.4083261520530238,2.2643921526239392,20,20,4.569383144378662
241,,0.4362081750653962,0.022958325003441905,0.46717309951782227,1.0,1.0,1.0,1.0,0.0,0.9942528735632183,0.005747126436781609,0.0,0.49899766005967794,0.22105263157894736,0.22105263157894736,0.0,0.9976054006617668,0.09307320571858102,0.0,0.0,0.0,0.0,nan,nan,nan,nan,nan,nan,nan,nan,nan,nan,nan,0.4691708707136622,0.3760976649950812,2.0316947627286774,20,20,3.5403389930725098
242,,0.4423854046154951,0.01579947873626768,0.4315565526485443,1.0,1.0,1.0,1.0,0.0,0.9941520467836257,0.005847953216374269,0.0,0.5017883499818189,0.22678571428571428,0.22678571428571428,0.0,0.9983942504084805,0.07330216479433738,0.0,0.0,0.0,0.0,nan,nan,nan,nan,nan,nan,nan,nan,nan,nan,nan,0.4657707585251498,0.39246859373081244,2.4509859937182954,20,20,4.3313210010528564
243,,0.4515580911403865,0.01963296048436463,0.4685894846916199,1.0,1.0,1.0,1.0,0.0,0.988950276243094,0.011049723756906077,0.0,0.5017069957826449,0.2673913043478261,0.2673913043478261,0.30434782608695654,0.9982012854018788,0.07057926382281476,0.0,0.0,0.0,0.0,nan,nan,nan,nan,nan,nan,nan,nan,nan,nan,nan,0.47728330440461464,0.4067040405817999,2.426583400488676,20,20,4.17229437828064
244,,0.4691595254534556,0.029322470340840973,0.5325075507164001,1.0,1.0,1.0,1.0,0.0,0.99375,0.00625,0.0,0.5016378398984671,0.134375,0.134375,0.1875,0.9630975988472653,0.45129984180153226,0.0,0.0,0.0,0.0,nan,nan,nan,nan,nan,nan,nan,nan,nan,nan,nan,0.8611254356482736,0.40982559384674133,2.495240887067538,20,20,2.539463996887207
245,,0.4477148996936543,0.03443960766874264,0.6256006836891175,1.0,1.0,1.0,1.0,0.0,0.975,0.025,0.0,0.4987566928450878,0.13846153846153847,0.13846153846153847,0.07692307692307693,0.9990303401913214,0.05348036673192563,0.0,0.0,0.0,0.0,nan,nan,nan,nan,nan,nan,nan,nan,nan,nan,nan,0.46933838487514257,0.41585801814321693,2.3433330930344667,20,20,1.8854713439941406
246,,0.44419986103848697,0.03172856150274907,0.8240145564079284,1.0,1.0,1.0,1.0,0.0,1.0,0.0,0.0,0.4989872794465295,0.11071428571428571,0.11071428571428571,0.21428571428571427,0.9992088514737487,0.051054277845749174,0.0,0.0,0.0,0.0,nan,nan,nan,nan,nan,nan,nan,nan,nan,nan,nan,0.4629621614541006,0.4119078836083514,2.642236884895714,20,20,4.1541948318481445
247,,0.44720472682563756,0.026306160401508093,0.45348774790763857,1.0,1.0,1.0,1.0,1.0,0.9940119760479041,0.0,0.005988023952095809,0.49991497511372845,0.21176470588235294,0.21176470588235294,0.0,0.9984758323422278,0.07125208986387072,0.0,-0.2435558840638492,0.0,0.0,nan,nan,nan,nan,nan,nan,nan,nan,nan,nan,nan,0.4772625406401061,0.4060104507762354,2.4661577659509746,20,20,3.4916322231292725
248,,0.45567688346048285,0.0239829938663412,0.7465687155723572,1.0,1.0,1.0,1.0,1.0,0.9895287958115183,0.005235602094240838,0.005235602094240838,0.4987249854756029,0.29210526315789476,0.29210526315789476,0.0,0.9991223309923704,0.05721502328272704,100.0,0.07370866491240338,1.0,0.07370866491240338,nan,nan,nan,nan,nan,nan,nan,nan,nan,nan,nan,0.4738140690448276,0.41659904576210055,2.2872314231744326,20,20,4.1556715965271
249,,0.4413216172681532,0.03152297266201094,0.7014277935028076,1.0,1.0,1.0,1.0,0.0,1.0,0.0,0.0,0.5006545183914048,0.125,0.125,0.35714285714285715,0.9984815542599004,0.07933818854361258,0.0,0.0,0.0,0.0,nan,nan,nan,nan,nan,nan,nan,nan,nan,nan,nan,0.4780266437911759,0.3986884552475633,2.538372322269248,20,20,2.2860264778137207
250,,0.44441975545925066,0.024689986414402815,0.5404497623443604,1.0,1.0,1.0,1.0,0.0,1.0,0.0,0.0,0.49907439980241985,0.1388888888888889,0.1388888888888889,0.0,0.9989971831018554,0.05279069742412251,0.0,0.0,0.0,0.0,nan,nan,nan,nan,nan,nan,nan,nan,nan,nan,nan,0.47238594401949346,0.41959524659537095,2.376453294039083,20,20,2.7798099517822266
251,,0.43322538119236753,0.02280133585222987,0.46670966148376464,1.0,1.0,1.0,1.0,1.0,0.9925373134328358,0.0,0.007462686567164179,0.5001638012497048,0.18157894736842106,0.18157894736842106,0.10526315789473684,0.9967577644109287,0.10600755266033518,0.0,-0.04797072151648539,0.0,0.0,nan,nan,nan,nan,nan,nan,nan,nan,nan,nan,nan,0.4759625054018624,0.36995495274152723,2.160573432460118,20,20,2.888916015625
252,,0.4537555151345409,0.023881869217607415,0.663130807876587,1.0,1.0,1.0,1.0,0.0,0.988950276243094,0.011049723756906077,0.0,0.499503542757348,0.2578947368421053,0.2578947368421053,0.10526315789473684,0.9988154329834859,0.054672726502196234,0.0,0.0,0.0,0.0,nan,nan,nan,nan,nan,nan,nan,nan,nan,nan,nan,0.4816915410402219,0.42701881453802565,2.4223359145367502,20,20,4.827623128890991
253,,0.4432755891550053,0.023330294166052912,0.6250298738479614,1.0,1.0,1.0,1.0,0.0,0.9942528735632183,0.005747126436781609,0.0,0.5001601605038893,0.25,0.25,0.0,0.9984312413358721,0.06258799810502352,0.0,0.0,0.0,0.0,nan,nan,nan,nan,nan,nan,nan,nan,nan,nan,nan,0.4746257560263006,0.41203775792127706,2.3801966048625247,20,20,3.4277217388153076
254,,0.4440253405855345,0.02336975476765971,0.5009213984012604,1.0,1.0,1.0,1.0,0.0,1.0,0.0,0.0,0.49946670006764565,0.1631578947368421,0.1631578947368421,0.0,0.9972563592975932,0.10937870417361056,0.0,0.0,0.0,0.0,nan,nan,nan,nan,nan,nan,nan,nan,nan,nan,nan,0.4766448054765644,0.36726610130295384,2.583789929695017,20,20,3.8347513675689697
255,,0.44244707773832664,0.03160336269559476,0.5380168080329895,1.0,1.0,1.0,1.0,0.0,0.9924242424242424,0.007575757575757576,0.0,0.4971795672550797,0.18928571428571428,0.18928571428571428,0.14285714285714285,0.9983040882585569,0.0752027127401716,0.0,0.0,0.0,0.0,nan,nan,nan,nan,nan,nan,nan,nan,nan,nan,nan,0.46561613299769467,0.39041342025752307,2.2673386574556402,20,20,2.550124168395996
256,,0.49728739654913895,0.013813538793031637,0.549142861366272,1.0,1.0,1.0,1.0,0.0,0.9952830188679245,0.0047169811320754715,0.0,0.5005944579011864,0.23194444444444445,0.23194444444444445,0.0,0.9348657461262576,0.5257105487659681,0.0,0.0,0.0,0.0,nan,nan,nan,nan,nan,nan,nan,nan,nan,nan,nan,0.9191566542632584,0.39344610549729025,2.3608212172087124,20,20,5.3888185024261475
257,,0.4532896687581988,0.02266448343790994,0.7452561259269714,1.0,1.0,1.0,1.0,0.0,0.9944444444444445,0.005555555555555556,0.0,0.499070599488914,0.165,0.165,0.25,0.999043784961119,0.047623278064423624,0.0,0.0,0.0,0.0,nan,nan,nan,nan,nan,nan,nan,nan,nan,nan,nan,0.47886119272536437,0.43123791466094075,2.5484509149378973,20,20,4.971992015838623
258,,0.4464290142338688,0.029761934282257922,0.7031157493591309,1.0,1.0,1.0,1.0,0.0,0.9935897435897436,0.00641025641025641,0.0,0.5008239780863126,0.15,0.15,0.0,0.9987530177810616,0.06297020358324251,0.0,0.0,0.0,0.0,nan,nan,nan,nan,nan,nan,nan,nan,nan,nan,nan,0.47779031430223123,0.4148201107189887,2.4991403722014423,20,20,2.7064356803894043
259,,0.4479966667461484,0.020363484852097654,0.6373663425445557,1.0,1.0,1.0,1.0,0.0,0.9842931937172775,0.015706806282722512,0.0,0.4976435642350804,0.21363636363636362,0.21363636363636362,0.2727272727272727,0.9985410893950325,0.07103488792504176,0.0,0.0,0.0,0.0,nan,nan,nan,nan,nan,nan,nan,nan,nan,nan,nan,0.4727755125194725,0.4017406245944307,2.5182814196022028,20,20,4.611958980560303
260,,0.44878125546469555,0.024932291970260863,0.5311825513839722,1.0,1.0,1.0,1.0,0.0,0.9849624060150376,0.015037593984962405,0.0,0.499593757920795,0.12777777777777777,0.12777777777777777,0.0,0.9989539453643517,0.05228601943105482,0.0,0.0,0.0,0.0,nan,nan,nan,nan,nan,nan,nan,nan,nan,nan,nan,0.4738933167809237,0.4216072973498689,2.7181564166466123,20,20,2.938227415084839
261,,0.4459609154310732,0.029730727695404878,0.7009526252746582,1.0,1.0,1.0,1.0,0.0,0.9820359281437125,0.017964071856287425,0.0,0.49944231773416203,0.18333333333333332,0.18333333333333332,0.13333333333333333,0.9987853862471752,0.0633571085415855,0.0,0.0,0.0,0.0,nan,nan,nan,nan,nan,nan,nan,nan,nan,nan,nan,0.4712559312836755,0.40789882274209,2.5229443158813667,20,20,3.2694859504699707
262,,0.4469854744777756,0.017879418979111023,0.4629142463207245,1.0,1.0,1.0,1.0,0.0,0.994475138121547,0.0055248618784530384,0.0,0.49963675388693807,0.228,0.228,0.08,0.997822264771875,0.06986877962305887,0.0,0.0,0.0,0.0,nan,nan,nan,nan,nan,nan,nan,nan,nan,nan,nan,0.47887916252588314,0.40901038290282427,2.3711090133991224,20,20,4.296160697937012
263,,0.44430469201053163,0.02468359400058509,0.573038375377655,1.0,1.0,1.0,1.0,0.0,0.9939393939393939,0.006060606060606061,0.0,0.49844588297936654,0.15555555555555556,0.15555555555555556,0.1111111111111111,0.9983649359439417,0.061963321716021535,0.0,0.0,0.0,0.0,nan,nan,nan,nan,nan,nan,nan,nan,nan,nan,nan,0.4655534673999523,0.40359014568393076,2.6491990264035543,20,20,3.1850757598876953
264,,0.44464622438482876,0.03176044459891634,0.5168168544769287,1.0,1.0,1.0,1.0,0.0,0.9867549668874173,0.013245033112582781,0.0,0.4998708598315716,0.2392857142857143,0.2392857142857143,0.21428571428571427,0.9984012600704532,0.08379955304975617,0.0,0.0,0.0,0.0,nan,nan,nan,nan,nan,nan,nan,nan,nan,nan,nan,0.46576759387167344,0.38196804082191727,2.3661090032114895,20,20,2.739083766937256
265,,0.4352989244192532,0.01813745518413555,0.5255720257759094,1.0,1.0,1.0,1.0,0.0,0.9935064935064936,0.006493506493506494,0.0,0.5010778387698035,0.20416666666666666,0.20416666666666666,0.0,0.9972141514515024,0.08301821419873195,0.0,0.0,0.0,0.0,nan,nan,nan,nan,nan,nan,nan,nan,nan,nan,nan,0.47365317145955765,0.3906349572608257,2.2545839999524397,20,20,3.5539021492004395
266,,0.44261972892406176,0.024589984940225653,0.47293750643730165,1.0,1.0,1.0,1.0,0.0,0.9790209790209791,0.02097902097902098,0.0,0.5012658132447136,0.2222222222222222,0.2222222222222222,0.0,0.9966725553628971,0.0838033951102975,0.0,0.0,0.0,0.0,nan,nan,nan,nan,nan,nan,nan,nan,nan,nan,nan,0.46997070461266005,0.38616730950236255,2.3571958355252747,20,20,2.7955069541931152
267,,0.4511028271684456,0.014551704102207921,0.4303104817867279,1.0,1.0,1.0,1.0,0.0,0.9893048128342246,0.0106951871657754,0.0,0.5012000364161306,0.24838709677419354,0.24838709677419354,0.1935483870967742,0.996499207405491,0.11975653241952822,0.0,0.0,0.0,0.0,nan,nan,nan,nan,nan,nan,nan,nan,nan,nan,nan,0.48341388709534977,0.36365735467582155,2.2314743865375406,20,20,8.71628189086914
268,,0.4533427616117666,0.019710554852685504,0.4538760483264923,1.0,1.0,1.0,1.0,1.0,0.9786096256684492,0.016042780748663103,0.0053475935828877,0.5001148142568443,0.1934782608695652,0.1934782608695652,0.21739130434782608,0.9978454874299895,0.07278930056757876,100.0,0.0008918011179875895,1.0,0.0008918011179875895,nan,nan,nan,nan,nan,nan,nan,nan,nan,nan,nan,0.48605095708236856,0.4132616565147898,2.6822259290720045,20,20,7.02353310585022
269,,0.45640186267838323,0.028525116417398952,0.7156837940216064,1.0,1.0,1.0,1.0,1.0,0.9777777777777777,0.016666666666666666,0.005555555555555556,0.5005852981470525,0.31875,0.31875,0.0625,0.9992834900894462,0.04459344666523973,0.0,-0.13691914115613318,0.0,0.0,nan,nan,nan,nan,nan,nan,nan,nan,nan,nan,nan,0.47390589378784514,0.4293124471226054,2.5963049946245733,20,20,3.469325304031372
270,,-0.5727006909221817,0.0014243310302593946,4.6500931739807125,0.95,0.95,0.95,0.9751552795031055,1.0,0.9698795180722891,0.024096385542168676,0.006024096385542169,0.5000640923989316,0.005666666666666667,0.005666666666666667,0.023333333333333334,0.8276521231248983,1.2006486652527273,100.0,0.003787179285806068,1.0,0.003787179285806068,nan,nan,nan,nan,nan,nan,nan,nan,nan,nan,nan,0.9011332213966874,-0.2995154438560399,2.5868039317238942,20,20,26.781237840652466
271,,0.4396258426726266,0.020934563936791745,1.1438974142074585,1.0,1.0,1.0,1.0,0.0,0.9714285714285714,0.02857142857142857,0.0,0.49833573083437627,0.20714285714285716,0.20714285714285716,0.0,0.9965661822302747,0.09493632051761619,0.0,0.0,0.0,0.0,nan,nan,nan,nan,nan,nan,nan,nan,nan,nan,nan,0.4693671379624047,0.3744308174447885,2.323430823980929,20,20,3.0173351764678955
272,,0.44436864543139787,0.03703072045261649,5.072686004638672,1.0,1.0,1.0,1.0,0.0,0.9632352941176471,0.03676470588235294,0.0,0.4996330588279913,0.1,0.1,0.0,0.9986413396753469,0.05535542788824904,0.0,0.0,0.0,0.0,nan,nan,nan,nan,nan,nan,nan,nan,nan,nan,nan,0.4669889907939482,0.41163356290569914,2.663252922823782,20,20,1.9981534481048584
273,,0.44648439728818073,0.01594587133172074,0.6200573563575744,1.0,1.0,1.0,1.0,0.0,0.9945652173913043,0.005434782608695652,0.0,0.5005125727371446,0.21428571428571427,0.21428571428571427,0.0,0.9959609945738689,0.11270132216893297,0.0,0.0,0.0,0.0,nan,nan,nan,nan,nan,nan,nan,nan,nan,nan,nan,0.480395079021934,0.36769375685300104,2.2678019284699054,20,20,4.366892099380493
274,,0.439046091451454,0.015139520394877724,0.4051892518997192,1.0,1.0,1.0,1.0,1.0,0.976878612716763,0.017341040462427744,0.005780346820809248,0.4990884776773124,0.21379310344827587,0.21379310344827587,0.0,0.9969184553335421,0.11745955351178478,100.0,0.01771408894527776,1.0,0.01771408894527776,nan,nan,nan,nan,nan,nan,nan,nan,nan,nan,nan,0.4710101891730341,0.35355063566124934,2.292395154025881,20,20,3.722835063934326
275,,0.4572412899715547,0.022862064498577736,0.7918221235275269,1.0,1.0,1.0,1.0,0.0,0.9947916666666666,0.005208333333333333,0.0,0.4972387280315161,0.2375,0.2375,0.25,0.9989341355998064,0.04955161695042287,0.0,0.0,0.0,0.0,nan,nan,nan,nan,nan,nan,nan,nan,nan,nan,nan,0.4793120781337517,0.42976046118332883,2.695897694703625,20,20,7.431442499160767
276,,0.4482193482336926,0.04074721347579024,0.7974103093147278,1.0,1.0,1.0,1.0,0.0,0.9858156028368794,0.014184397163120567,0.0,0.499875058978796,0.12727272727272726,0.12727272727272726,0.5454545454545454,0.998890274634145,0.05578552162784395,0.0,0.0,0.0,0.0,nan,nan,nan,nan,nan,nan,nan,nan,nan,nan,nan,0.47489486775085893,0.419109346123015,2.7038279395821423,20,20,3.793213129043579
277,,0.37561015529304087,0.011047357508618849,0.5268498420715332,0.9,0.9,0.9,0.9941176470588236,0.0,0.9647058823529412,0.03529411764705882,0.0,0.4979495134204626,0.19117647058823528,0.19117647058823528,0.058823529411764705,0.765188888585631,0.7226704520572185,0.0,0.0,0.0,0.0,nan,nan,nan,nan,nan,nan,nan,nan,nan,nan,nan,0.4754167807707665,-0.247253671286452,2.3611947080215265,20,20,5.22650146484375
278,,0.44477063761995317,0.016472986578516785,0.6284753322601319,1.0,1.0,1.0,1.0,1.0,0.9837837837837838,0.010810810810810811,0.005405405405405406,0.4980916250359129,0.3111111111111111,0.3111111111111111,0.1111111111111111,0.9973042022542955,0.08274107305539674,0.0,-0.303036410141496,0.0,0.0,nan,nan,nan,nan,nan,nan,nan,nan,nan,nan,nan,0.477453643005951,0.39471256995055426,2.0966615925545553,20,20,5.040920734405518
279,,0.4776594858775452,0.02274568980369263,0.5408831000328064,1.0,1.0,1.0,1.0,1.0,0.968421052631579,0.02631578947368421,0.005263157894736842,0.49981310736565365,0.19523809523809524,0.19523809523809524,0.047619047619047616,0.9575695303176955,0.4881768691103262,0.0,-0.002003058804255914,0.0,0.0,nan,nan,nan,nan,nan,nan,nan,nan,nan,nan,nan,0.9127610040634171,0.4245841349530909,2.5749107506829363,20,20,4.114355802536011
280,,0.4530975170100334,0.03020650113400223,0.9787609696388244,1.0,1.0,1.0,1.0,1.0,0.989010989010989,0.005494505494505495,0.005494505494505495,0.5032351646820704,0.21666666666666667,0.21666666666666667,0.0,0.998329126048454,0.06388314704645298,0.0,-0.0003972626975858179,0.0,0.0,nan,nan,nan,nan,nan,nan,nan,nan,nan,nan,nan,0.48277647387670575,0.41889332683025277,2.589999444549964,20,20,3.2932040691375732
281,,0.4412970184917395,0.03152121560655282,0.990325105190277,1.0,1.0,1.0,1.0,0.0,0.975,0.025,0.0,0.5011161889348711,0.22142857142857142,0.22142857142857142,0.35714285714285715,0.9984419643027992,0.06730769601795161,0.0,0.0,0.0,0.0,nan,nan,nan,nan,nan,nan,nan,nan,nan,nan,nan,0.46925520302153817,0.40194750700358656,2.3760432054762135,20,20,2.7197461128234863
282,,0.4538837622688983,0.03782364685574153,0.8182822465896606,1.0,1.0,1.0,1.0,0.0,0.9829545454545454,0.017045454545454544,0.0,0.5021864488720894,0.15,0.15,0.0,0.9983217346189093,0.07431676325619102,0.0,0.0,0.0,0.0,nan,nan,nan,nan,nan,nan,nan,nan,nan,nan,nan,0.47637694648119105,0.40206018322500003,2.6533869099495875,20,20,2.892923593521118
283,,0.4442855675569864,0.037023797296415535,0.44169928431510924,1.0,1.0,1.0,1.0,0.0,0.9921875,0.0078125,0.0,0.49865288299818833,0.08333333333333333,0.08333333333333333,0.08333333333333333,0.9988126303728451,0.06239443900407604,0.0,0.0,0.0,0.0,nan,nan,nan,nan,nan,nan,nan,nan,nan,nan,nan,0.4758658429517618,0.4134714039476858,2.521128040255081,20,20,1.902402639389038
284,,0.45312926170908485,0.02059678462314022,0.44615581035614016,1.0,1.0,1.0,1.0,1.0,0.9897435897435898,0.005128205128205128,0.005128205128205128,0.49861348532140254,0.19772727272727272,0.19772727272727272,0.0,0.9987924232466306,0.059384344354161844,100.0,0.025747624421705494,1.0,0.025747624421705494,nan,nan,nan,nan,nan,nan,nan,nan,nan,nan,nan,0.47220454175840065,0.4128201974042388,2.624759460850959,20,20,4.496363878250122
285,,0.4483973803914216,0.026376316493613033,0.4983845829963684,1.0,1.0,1.0,1.0,0.0,0.9830508474576272,0.01694915254237288,0.0,0.5021576701992136,0.22647058823529412,0.22647058823529412,0.0,0.9976845756423133,0.08597979459420496,0.0,0.0,0.0,0.0,nan,nan,nan,nan,nan,nan,nan,nan,nan,nan,nan,0.47228244126973423,0.38630264667552927,2.476171640170017,20,20,3.699951648712158
286,,0.4587131060117825,0.030580873734118833,0.8661943912506104,1.0,1.0,1.0,1.0,0.0,0.9803921568627451,0.0196078431372549,0.0,0.49809020141760507,0.22,0.22,0.0,0.9992204947371872,0.05000394740677172,0.0,0.0,0.0,0.0,nan,nan,nan,nan,nan,nan,nan,nan,nan,nan,nan,0.4735416262658461,0.4235376788590744,2.601768762129757,20,20,4.016946792602539
287,,0.4608147358607641,0.013964082904871639,0.4697220861911774,1.0,1.0,1.0,1.0,0.0,0.9935064935064936,0.006493506493506494,0.0,0.5015003386997815,0.17575757575757575,0.17575757575757575,0.0,0.9586814555434771,0.5011960387530228,0.0,0.0,0.0,0.0,nan,nan,nan,nan,nan,nan,nan,nan,nan,nan,nan,0.8650405288713072,0.36384449011828446,2.262433677206128,20,20,3.8056814670562744
288,,0.45013787005420786,0.03215270500387199,0.8396515011787414,1.0,1.0,1.0,1.0,0.0,0.9837837837837838,0.016216216216216217,0.0,0.49914250735725674,0.24285714285714285,0.24285714285714285,0.0,0.9987918954268981,0.059045690680146534,0.0,0.0,0.0,0.0,nan,nan,nan,nan,nan,nan,nan,nan,nan,nan,nan,0.46996657444348344,0.4109208837633369,2.423668684098821,20,20,3.4798827171325684
289,,-0.36453635313796096,0.002118212156206797,0.9223049640655517,0.95,0.95,0.95,0.9833333333333333,1.0,0.9777777777777777,0.018518518518518517,0.003703703703703704,0.49973186320997776,0.014333333333333333,0.014333333333333333,0.0,0.7288193953765888,1.6131460157172377,100.0,0.014832576416598672,1.0,0.014832576416598672,nan,nan,nan,nan,nan,nan,nan,nan,nan,nan,nan,1.3573790722140566,-0.25576694350318113,2.5223666452227422,20,20,21.323665380477905
290,,0.455584383989824,0.02397812547314863,3.965986490249634,1.0,1.0,1.0,1.0,1.0,0.9890710382513661,0.00546448087431694,0.00546448087431694,0.5005304764760168,0.19473684210526315,0.19473684210526315,0.0,0.997830105926995,0.09121403404739309,0.0,-0.05567828174468498,0.0,0.0,nan,nan,nan,nan,nan,nan,nan,nan,nan,nan,nan,0.4849079264141074,0.3936938923667143,2.6350117075624713,20,20,3.530353307723999
291,,0.41416021011307996,0.013805340337102666,0.47569472789764405,0.95,0.95,0.95,0.9948717948717949,0.0,0.979381443298969,0.020618556701030927,0.0,0.5007841129849354,0.36666666666666664,0.36666666666666664,0.2,0.879641474344657,0.7233101641894604,0.0,0.0,0.0,0.0,nan,nan,nan,nan,nan,nan,nan,nan,nan,nan,nan,0.4757985132122468,-0.24751165097721353,2.260172415209574,20,20,8.224573850631714
292,,0.46945812987109503,0.01805608191811904,0.6097959995269775,1.0,1.0,1.0,1.0,0.0,0.9834254143646409,0.016574585635359115,0.0,0.4999831400238551,0.12307692307692308,0.12307692307692308,0.038461538461538464,0.9549743317908962,0.5289852976924903,0.0,0.0,0.0,0.0,nan,nan,nan,nan,nan,nan,nan,nan,nan,nan,nan,0.9050985330171639,0.3761132353246737,2.529501954411645,20,20,4.059704303741455
293,,0.44164205083676505,0.03154586077405465,0.6184165596961975,1.0,1.0,1.0,1.0,0.0,0.9763779527559056,0.023622047244094488,0.0,0.4992048619048936,0.21071428571428572,0.21071428571428572,0.42857142857142855,0.9964992410200058,0.11065988185193382,0.0,0.0,0.0,0.0,nan,nan,nan,nan,nan,nan,nan,nan,nan,nan,nan,0.47849072158144457,0.36783083972951075,2.4075432947981756,20,20,2.1361892223358154
294,,0.4576564278758539,0.030510428525056928,1.1626147270202636,1.0,1.0,1.0,1.0,1.0,0.994535519125683,0.0,0.00546448087431694,0.49906413252154985,0.2,0.2,0.13333333333333333,0.9990170243097697,0.0565207697274,0.0,-0.005928483213907862,0.0,0.0,nan,nan,nan,nan,nan,nan,nan,nan,nan,nan,nan,0.4749419196306879,0.4184211499032879,2.6969146114782236,20,20,3.3381900787353516
295,,0.4343078127652448,0.01737231251060979,0.5973068118095398,1.0,1.0,1.0,1.0,0.0,0.9883040935672515,0.011695906432748537,0.0,0.5000194447040558,0.222,0.222,0.0,0.9971454666699862,0.0830650831170473,0.0,0.0,0.0,0.0,nan,nan,nan,nan,nan,nan,nan,nan,nan,nan,nan,0.4715935755641946,0.3885284924471473,2.306423033353618,20,20,4.158336162567139
296,,0.4564498751528338,0.02402367763962283,0.8028467774391175,1.0,1.0,1.0,1.0,0.0,0.9899497487437185,0.010050251256281407,0.0,0.5003404565939777,0.23421052631578948,0.23421052631578948,0.21052631578947367,0.9984998791282782,0.07961684987083767,0.0,0.0,0.0,0.0,nan,nan,nan,nan,nan,nan,nan,nan,nan,nan,nan,0.49461612299599417,0.4149992731251565,2.4899224361550214,20,20,3.8645851612091064
297,,0.44404549308266256,0.017078672810871637,0.7414435982704163,1.0,1.0,1.0,1.0,0.0,1.0,0.0,0.0,0.49981196282001644,0.1326923076923077,0.1326923076923077,0.0,0.9981779455141546,0.0660395259435767,0.0,0.0,0.0,0.0,nan,nan,nan,nan,nan,nan,nan,nan,nan,nan,nan,0.469430182687516,0.4033906567439393,2.332041334209956,20,20,3.271260976791382
298,,0.4364931869339907,0.01745972747735963,0.4875199794769287,1.0,1.0,1.0,1.0,0.0,0.9933774834437086,0.006622516556291391,0.0,0.5014453218579292,0.2,0.2,0.0,0.9974188451138171,0.08864116342848871,0.0,0.0,0.0,0.0,nan,nan,nan,nan,nan,nan,nan,nan,nan,nan,nan,0.4728872046940184,0.3842460412655297,2.0530107035592406,20,20,3.203974485397339
299,,0.44014619898964485,0.03667884991580374,0.6443000197410583,1.0,1.0,1.0,1.0,0.0,0.9855072463768116,0.014492753623188406,0.0,0.4994945672651132,0.08333333333333333,0.08333333333333333,0.0,0.9988082793236692,0.06600543024295397,0.0,0.0,0.0,0.0,nan,nan,nan,nan,nan,nan,nan,nan,nan,nan,nan,0.4763402382164543,0.41033480797350036,2.454424409480204,20,20,2.4426238536834717
300,,0.44981615456246243,0.032129725325890174,0.6747665166854858,1.0,1.0,1.0,1.0,0.0,0.9803921568627451,0.0196078431372549,0.0,0.4991181008517742,0.29285714285714287,0.29285714285714287,0.07142857142857142,0.9990820017657075,0.05138508172703332,0.0,0.0,0.0,0.0,nan,nan,nan,nan,nan,nan,nan,nan,nan,nan,nan,0.47331104653548195,0.42192596480844863,2.3788358901768896,20,20,2.8685648441314697
301,,0.44627697182092263,0.02625158657770133,0.4609615981578827,1.0,1.0,1.0,1.0,0.0,1.0,0.0,0.0,0.5,0.15,0.15,0.0,0.9987752454758833,0.05739167841587134,0.0,0.0,0.0,0.0,nan,nan,nan,nan,nan,nan,nan,nan,nan,nan,nan,0.4683919493291443,0.41100027091327296,2.291622036699423,20,20,2.462707757949829
302,,0.44211126746530033,0.031579376247521454,0.6010190844535828,1.0,1.0,1.0,1.0,0.0,0.9920634920634921,0.007936507936507936,0.0,0.499916050689561,0.12142857142857143,0.12142857142857143,0.42857142857142855,0.9989601659544453,0.04594999705731673,0.0,0.0,0.0,0.0,nan,nan,nan,nan,nan,nan,nan,nan,nan,nan,nan,0.46628921903464976,0.42033922197733303,2.526517252660678,20,20,2.413302183151245
303,,0.4402287793574639,0.018342865806560995,0.4590794682502747,1.0,1.0,1.0,1.0,1.0,0.9682539682539683,0.023809523809523808,0.007936507936507936,0.4984275850467384,0.16875,0.16875,0.20833333333333334,0.998432119566042,0.07222391126985916,0.0,-0.2977504305961781,0.0,0.0,nan,nan,nan,nan,nan,nan,nan,nan,nan,nan,nan,0.47305816270928747,0.4008342514394283,2.298157155366093,20,20,5.108288049697876
304,,0.4443832805231666,0.027773955032697913,0.4582375705242157,1.0,1.0,1.0,1.0,0.0,1.0,0.0,0.0,0.5,0.159375,0.159375,0.375,0.9979616783485225,0.06548455565374706,0.0,0.0,0.0,0.0,nan,nan,nan,nan,nan,nan,nan,nan,nan,nan,nan,0.4761892219586958,0.41070466630494873,2.5079311499151826,20,20,3.8126001358032227
305,,0.4432495793127503,0.02014770815057956,0.4526528239250183,1.0,1.0,1.0,1.0,0.0,1.0,0.0,0.0,0.5000669342550365,0.325,0.325,0.0,0.9970837497941013,0.09719174593084451,0.0,0.0,0.0,0.0,nan,nan,nan,nan,nan,nan,nan,nan,nan,nan,nan,0.46845860853264654,0.37126686260180203,2.2342569827544616,20,20,4.24089241027832
306,,0.4478993173753132,0.019473883364144053,0.5219588279724121,1.0,1.0,1.0,1.0,1.0,0.9867549668874173,0.006622516556291391,0.006622516556291391,0.5001210434281308,0.22826086956521738,0.22826086956521738,0.08695652173913043,0.9989623557352872,0.04506692168441012,0.0,-0.0021310441764364474,0.0,0.0,nan,nan,nan,nan,nan,nan,nan,nan,nan,nan,nan,0.4672789958596941,0.422212074175284,2.365457123583459,20,20,3.1384294033050537
307,,0.43869443313495915,0.024371912951942173,0.524967098236084,1.0,1.0,1.0,1.0,0.0,0.9927536231884058,0.007246376811594203,0.0,0.49993978606330025,0.1638888888888889,0.1638888888888889,0.1111111111111111,0.998406724598967,0.07345368324840829,0.0,0.0,0.0,0.0,nan,nan,nan,nan,nan,nan,nan,nan,nan,nan,nan,0.4818670050128075,0.4084133217643992,2.3786380102020575,20,20,3.0710928440093994
308,,0.4350387825685359,0.021751939128426795,0.450646299123764,1.0,1.0,1.0,1.0,0.0,0.9862068965517241,0.013793103448275862,0.0,0.5010327349230647,0.215,0.215,0.0,0.9973598634516735,0.09086596426165017,0.0,0.0,0.0,0.0,nan,nan,nan,nan,nan,nan,nan,nan,nan,nan,nan,0.470372467723854,0.3795065034622038,2.322045041279035,20,20,3.279036521911621
309,,0.4457668511081372,0.023461413216217746,0.4685508370399475,1.0,1.0,1.0,1.0,0.0,0.9940828402366864,0.005917159763313609,0.0,0.49945343485788296,0.18947368421052632,0.18947368421052632,0.21052631578947367,0.99916621342697,0.04935713895717386,0.0,0.0,0.0,0.0,nan,nan,nan,nan,nan,nan,nan,nan,nan,nan,nan,0.4672754715048393,0.4179183325476654,2.5677608096214266,20,20,3.8133883476257324
310,,0.44254966454101874,0.03687913871175156,0.41578009724617004,1.0,1.0,1.0,1.0,0.0,0.9929577464788732,0.007042253521126761,0.0,0.4997632708400488,0.1625,0.1625,0.16666666666666666,0.998821037333683,0.06329408341111459,0.0,0.0,0.0,0.0,nan,nan,nan,nan,nan,nan,nan,nan,nan,nan,nan,0.4716398268612414,0.4083457434501268,2.3320895019961334,20,20,2.1491737365722656
311,,0.4458471779539291,0.01592311349835461,0.37782917022705076,1.0,1.0,1.0,1.0,0.0,0.9947368421052631,0.005263157894736842,0.0,0.49994611604405303,0.25,0.25,0.0,0.9964576139499759,0.10569677254537196,0.0,0.0,0.0,0.0,nan,nan,nan,nan,nan,nan,nan,nan,nan,nan,nan,0.48066179379858454,0.37496502125321257,2.3182918923980678,20,20,4.325512647628784
312,,0.4468030907550031,0.029786872717000205,0.7250553131103515,1.0,1.0,1.0,1.0,1.0,0.9884393063583815,0.005780346820809248,0.005780346820809248,0.49789027000466984,0.15666666666666668,0.15666666666666668,0.0,0.9989397493371556,0.05392462235917528,100.0,0.00040750674370801723,1.0,0.00040750674370801723,nan,nan,nan,nan,nan,nan,nan,nan,nan,nan,nan,0.46960793263057865,0.4156833102714034,2.7778815180118452,20,20,2.9792399406433105
313,,0.44918776738712074,0.023641461441427408,0.443681138753891,1.0,1.0,1.0,1.0,1.0,0.9893048128342246,0.0053475935828877,0.0053475935828877,0.501558675107203,0.24736842105263157,0.24736842105263157,0.0,0.9977593508917516,0.09715165651312518,0.0,-0.23308997168817602,0.0,0.0,nan,nan,nan,nan,nan,nan,nan,nan,nan,nan,nan,0.47769831224898895,0.38054665573586377,2.502193663121687,20,20,4.022546052932739
314,,0.44825828405015206,0.03201844886072515,0.35923888087272643,1.0,1.0,1.0,1.0,0.0,1.0,0.0,0.0,0.5,0.15714285714285714,0.15714285714285714,0.0,0.9990916015430579,0.05402522009616051,0.0,0.0,0.0,0.0,nan,nan,nan,nan,nan,nan,nan,nan,nan,nan,nan,0.46536557124538497,0.41134035114922446,2.508322985360766,20,20,2.5461530685424805
315,,0.5057747458181304,0.01204225585281263,0.5341117739677429,1.0,1.0,1.0,1.0,1.0,0.995,0.0,0.005,0.49961746609991503,0.0761904761904762,0.0761904761904762,0.07142857142857142,0.9168229533672646,0.4885561919555894,0.0,-0.002329951902408506,0.0,0.0,nan,nan,nan,nan,nan,nan,nan,nan,nan,nan,nan,0.9013613759817762,0.4128051840261868,2.5567178345076247,20,20,4.864447116851807
316,,0.44610288496231887,0.01939577760705734,1.0779723048210144,1.0,1.0,1.0,1.0,1.0,0.9830508474576272,0.005649717514124294,0.011299435028248588,0.5015041919506115,0.24565217391304348,0.24565217391304348,0.13043478260869565,0.9989669130784418,0.04809993209066049,100.0,0.0658781412609338,1.0,0.0658781412609338,nan,nan,nan,nan,nan,nan,nan,nan,nan,nan,nan,0.4652818082681783,0.4171818761775178,2.40689897705709,20,20,3.9827873706817627
317,,0.4759328812730307,0.01699760290260824,0.5037872672080994,1.0,1.0,1.0,1.0,0.0,0.995049504950495,0.0049504950495049506,0.0,0.4989256128269647,0.24464285714285713,0.24464285714285713,0.0,0.958011261440784,0.48136803325560246,0.0,0.0,0.0,0.0,nan,nan,nan,nan,nan,nan,nan,nan,nan,nan,nan,0.9049919373230276,0.42362390406742517,2.419113233951612,20,20,4.548701524734497
318,,0.45450832722113493,0.026735783954184408,2.034179615974426,1.0,1.0,1.0,1.0,0.0,1.0,0.0,0.0,0.5008174252860687,0.19705882352941176,0.19705882352941176,0.17647058823529413,0.9994478426667015,0.03581610663184215,0.0,0.0,0.0,0.0,nan,nan,nan,nan,nan,nan,nan,nan,nan,nan,nan,0.4754472238272283,0.43963111719538617,2.4389559573963746,20,20,3.9818222522735596
319,,0.43992347491553696,0.018330144788147373,0.8871424555778503,1.0,1.0,1.0,1.0,1.0,0.9823529411764705,0.0058823529411764705,0.011764705882352941,0.5004751370598872,0.23125,0.23125,0.0,0.9984315339027199,0.060114567439775,0.0,-0.05071391784823494,0.0,0.0,nan,nan,nan,nan,nan,nan,nan,nan,nan,nan,nan,0.47385984706728573,0.41374527962751073,2.2358911289281007,20,20,3.882213592529297
320,,0.44196636704891257,0.03399741284991635,0.4767118990421295,1.0,1.0,1.0,1.0,0.0,0.9865771812080537,0.013422818791946308,0.0,0.5008221339720946,0.13846153846153847,0.13846153846153847,0.3076923076923077,0.9988803606037601,0.050022949213618495,0.0,0.0,0.0,0.0,nan,nan,nan,nan,nan,nan,nan,nan,nan,nan,nan,0.47003714939342023,0.42001420017980173,2.6608363181199244,20,20,2.6989710330963135
321,,0.4427026959214684,0.029513513061431226,0.3762724757194519,1.0,1.0,1.0,1.0,1.0,0.9782608695652174,0.014492753623188406,0.007246376811594203,0.49852375980466607,0.18333333333333332,0.18333333333333332,0.3333333333333333,0.9984740190206873,0.07424846315368039,0.0,-0.005506669371881087,0.0,0.0,nan,nan,nan,nan,nan,nan,nan,nan,nan,nan,nan,0.4647955028827919,0.39054703972911153,2.603482363431308,20,20,2.727546453475952
322,,0.43890614402939926,0.033762011079184556,0.5077059805393219,1.0,1.0,1.0,1.0,0.0,0.9920634920634921,0.007936507936507936,0.0,0.4982245554860968,0.20384615384615384,0.20384615384615384,0.3076923076923077,0.9987295401634871,0.05607712137957249,0.0,0.0,0.0,0.0,nan,nan,nan,nan,nan,nan,nan,nan,nan,nan,nan,0.4664062209632717,0.41032909958369923,2.2948649420729317,20,20,2.235487937927246
323,,0.4455764352121721,0.026210378541892478,0.513139832019806,1.0,1.0,1.0,1.0,1.0,0.9779005524861878,0.0055248618784530384,0.016574585635359115,0.49849484448923786,0.12352941176470589,0.12352941176470589,0.35294117647058826,0.9985997542431239,0.06253993571763011,66.66666666666666,0.001846420902077568,0.6666666666666666,0.0034861585933754734,nan,nan,nan,nan,nan,nan,nan,nan,nan,nan,nan,0.4839061672332764,0.4213662315156463,2.458443063742049,20,20,3.433069944381714
324,,0.44458282593489046,0.019329688084125673,0.4112397372722626,1.0,1.0,1.0,1.0,0.0,0.9846153846153847,0.015384615384615385,0.0,0.5004740442270817,0.2108695652173913,0.2108695652173913,0.13043478260869565,0.9973933064673222,0.07320424733205333,0.0,0.0,0.0,0.0,nan,nan,nan,nan,nan,nan,nan,nan,nan,nan,nan,0.4757500218482194,0.4025457745161661,2.519827691619915,20,20,4.0588085651397705
325,,0.4437218172517055,0.03169441551797896,0.4332865297794342,1.0,1.0,1.0,1.0,0.0,0.984,0.016,0.0,0.5015386048172201,0.16428571428571428,0.16428571428571428,0.07142857142857142,0.9988452639345853,0.050800779969549015,0.0,0.0,0.0,0.0,nan,nan,nan,nan,nan,nan,nan,nan,nan,nan,nan,0.46603205469674774,0.41523127472719873,2.395789783145966,20,20,2.229243755340576
326,,0.43476854082813743,0.021738427041406872,0.5624593257904053,1.0,1.0,1.0,1.0,0.0,0.9777777777777777,0.022222222222222223,0.0,0.5006922447681427,0.22,0.22,0.3,0.9979882915224365,0.07144950517468562,0.0,0.0,0.0,0.0,nan,nan,nan,nan,nan,nan,nan,nan,nan,nan,nan,0.46668932812150365,0.39523982294681803,2.0458308904084417,20,20,3.0780701637268066
327,,0.44752378101653884,0.02355388321139678,0.5649917244911193,1.0,1.0,1.0,1.0,0.0,1.0,0.0,0.0,0.5011699416135487,0.15526315789473685,0.15526315789473685,0.3157894736842105,0.9984425419088435,0.06201230812556496,0.0,0.0,0.0,0.0,nan,nan,nan,nan,nan,nan,nan,nan,nan,nan,nan,0.4755364198616273,0.41352411173606235,2.5297882870539894,20,20,2.992175340652466
328,,0.44079778612066345,0.02319988348003492,0.5340806126594544,1.0,1.0,1.0,1.0,0.0,0.99375,0.00625,0.0,0.4987238161854054,0.1868421052631579,0.1868421052631579,0.0,0.998517226148697,0.0777713377699048,0.0,0.0,0.0,0.0,nan,nan,nan,nan,nan,nan,nan,nan,nan,nan,nan,0.46789687740740726,0.39012553963750246,2.4919744609322563,20,20,3.1240944862365723
329,,0.44964180152200156,0.03211727153728582,0.6195978999137879,1.0,1.0,1.0,1.0,0.0,0.9895287958115183,0.010471204188481676,0.0,0.4997228335056986,0.11785714285714285,0.11785714285714285,0.35714285714285715,0.9990342082075174,0.04923290681945697,0.0,0.0,0.0,0.0,nan,nan,nan,nan,nan,nan,nan,nan,nan,nan,nan,0.4758620793521504,0.42662917253269345,2.771431572572335,20,20,3.3098812103271484
330,,0.45165361321757963,0.018066144528703185,0.4077041208744049,1.0,1.0,1.0,1.0,0.0,0.9947916666666666,0.005208333333333333,0.0,0.4988076856136322,0.326,0.326,0.04,0.997769041635624,0.09723273374584035,0.0,0.0,0.0,0.0,nan,nan,nan,nan,nan,nan,nan,nan,nan,nan,nan,0.48015271795373476,0.3829199842078944,2.346998320050386,20,20,4.771174430847168
331,,0.44364508785462686,0.019288916863244646,0.451503598690033,1.0,1.0,1.0,1.0,1.0,0.9925373134328358,0.0,0.007462686567164179,0.500788253740124,0.12173913043478261,0.12173913043478261,0.17391304347826086,0.9988083712032587,0.05265023263747043,0.0,-0.025362634190134695,0.0,0.0,nan,nan,nan,nan,nan,nan,nan,nan,nan,nan,nan,0.4714622877885826,0.4188120551511122,2.546509421552651,20,20,2.58618426322937
332,,0.4487952079208429,0.016622044737808997,0.4314492344856262,1.0,1.0,1.0,1.0,0.0,0.9738219895287958,0.02617801047120419,0.0,0.4990121534301175,0.18888888888888888,0.18888888888888888,0.0,0.9979343108870884,0.06803791352448346,0.0,0.0,0.0,0.0,nan,nan,nan,nan,nan,nan,nan,nan,nan,nan,nan,0.4780399048355913,0.4100019913111078,2.5985296253758317,20,20,4.691474676132202
333,,0.43953981126770997,0.036628317605642495,0.6142669677734375,1.0,1.0,1.0,1.0,0.0,0.9847328244274809,0.015267175572519083,0.0,0.49718790551026665,0.15416666666666667,0.15416666666666667,0.0,0.9986437016629682,0.06112494789055861,0.0,0.0,0.0,0.0,nan,nan,nan,nan,nan,nan,nan,nan,nan,nan,nan,0.4690698952877118,0.4079449473971532,2.438404636800261,20,20,2.072431802749634
334,,0.4387567782027661,0.029250451880184405,0.41040956377983095,1.0,1.0,1.0,1.0,0.0,0.9921259842519685,0.007874015748031496,0.0,0.4995551356176535,0.12333333333333334,0.12333333333333334,0.3333333333333333,0.9969543226604205,0.11602014127567467,0.0,0.0,0.0,0.0,nan,nan,nan,nan,nan,nan,nan,nan,nan,nan,nan,0.47009807002152987,0.3540779287458552,2.3357804344226842,20,20,2.007784128189087
335,,0.44038486420625095,0.027524054012890684,0.5590117692947387,1.0,1.0,1.0,1.0,0.0,0.9886363636363636,0.011363636363636364,0.0,0.5005426712334156,0.134375,0.134375,0.0,0.9983771034133724,0.062400779820733276,0.0,0.0,0.0,0.0,nan,nan,nan,nan,nan,nan,nan,nan,nan,nan,nan,0.47393511105769165,0.4115343312369584,2.5300291310163985,20,20,3.3629982471466064
336,,0.4458043463419237,0.03184316759585169,0.5080253183841705,1.0,1.0,1.0,1.0,0.0,0.984375,0.015625,0.0,0.4992306719401053,0.19642857142857142,0.19642857142857142,0.21428571428571427,0.9988755019863039,0.06665561084183014,0.0,0.0,0.0,0.0,nan,nan,nan,nan,nan,nan,nan,nan,nan,nan,nan,0.46559646162001944,0.3989408507781893,2.5402540013577384,20,20,2.8739736080169678
337,,0.43888391554718725,0.01688015059796874,0.42790651321411133,1.0,1.0,1.0,1.0,0.0,0.9941520467836257,0.005847953216374269,0.0,0.49931449324895555,0.23653846153846153,0.23653846153846153,0.07692307692307693,0.9975290764366062,0.08291018675116829,0.0,0.0,0.0,0.0,nan,nan,nan,nan,nan,nan,nan,nan,nan,nan,nan,0.46893717883957997,0.3860269920884117,2.176438612415583,20,20,4.210937976837158
338,,0.4543989709287679,0.023915735312040415,0.9383946180343627,1.0,1.0,1.0,1.0,1.0,0.9891891891891892,0.005405405405405406,0.005405405405405406,0.4986485442048625,0.19736842105263158,0.19736842105263158,0.10526315789473684,0.9986322512979817,0.06677814481653488,0.0,-0.010731722493205885,0.0,0.0,nan,nan,nan,nan,nan,nan,nan,nan,nan,nan,nan,0.47985386341864195,0.41307571860210707,2.5817476967601425,20,20,3.5577704906463623
339,,0.4445809791573155,0.0261518223033715,0.3456525087356567,1.0,1.0,1.0,1.0,0.0,0.9838709677419355,0.016129032258064516,0.0,0.5006139561533928,0.13823529411764707,0.13823529411764707,0.058823529411764705,0.9991590894643575,0.051462889941124024,0.0,0.0,0.0,0.0,nan,nan,nan,nan,nan,nan,nan,nan,nan,nan,nan,0.4685434213874338,0.4170805314463098,2.6840717917189747,20,20,2.3542397022247314
340,,0.4412862234985529,0.0339450941152733,0.440814745426178,1.0,1.0,1.0,1.0,0.0,0.9875776397515528,0.012422360248447204,0.0,0.5013642061215181,0.21153846153846154,0.21153846153846154,0.15384615384615385,0.9983104706146225,0.06154511209572755,0.0,0.0,0.0,0.0,nan,nan,nan,nan,nan,nan,nan,nan,nan,nan,nan,0.47067206098161446,0.4091269488858869,2.298359227209178,20,20,3.2786967754364014
341,,0.4602789485649478,0.028767434285309236,0.6752238869667053,1.0,1.0,1.0,1.0,0.0,0.9790575916230366,0.020942408376963352,0.0,0.49507397955749183,0.209375,0.209375,0.0,0.9988903433414684,0.06980292007239192,0.0,0.0,0.0,0.0,nan,nan,nan,nan,nan,nan,nan,nan,nan,nan,nan,0.4847238082508841,0.4149208881784922,2.535838422981606,20,20,3.509681463241577
342,,0.4034193249799145,0.013013526612255306,0.48159217834472656,0.95,0.95,0.95,1.0,0.0,0.9825581395348837,0.01744186046511628,0.0,0.4987780732012564,0.11612903225806452,0.11612903225806452,0.16129032258064516,0.8781525068371384,0.707552298426896,0.0,0.0,0.0,0.0,nan,nan,nan,nan,nan,nan,nan,nan,nan,nan,nan,0.4583354770643037,-0.24921682136259238,2.344358126639315,20,20,4.276543855667114
343,,0.45535754553076213,0.02396618660688222,1.8356696367263794,1.0,1.0,1.0,1.0,1.0,0.9821428571428571,0.011904761904761904,0.005952380952380952,0.5007308831340388,0.3,0.3,0.10526315789473684,0.9992329119573902,0.05712697328620686,0.0,-0.014315034820277212,0.0,0.0,nan,nan,nan,nan,nan,nan,nan,nan,nan,nan,nan,0.47971048769144026,0.4225835144052334,2.530131463061438,20,20,3.2019081115722656
344,,0.43826444316851954,0.024348024620473308,0.6924965143203735,1.0,1.0,1.0,1.0,0.0,0.9803921568627451,0.0196078431372549,0.0,0.5008919583426581,0.22777777777777777,0.22777777777777777,0.2777777777777778,0.9974403820453013,0.08797553930283397,0.0,0.0,0.0,0.0,nan,nan,nan,nan,nan,nan,nan,nan,nan,nan,nan,0.46969180896078,0.38171626965794603,2.1819685684683434,20,20,2.9127285480499268
345,,0.45669250531591954,0.02537180585088442,0.5828973293304444,1.0,1.0,1.0,1.0,0.0,0.9946524064171123,0.0053475935828877,0.0,0.49812008713682493,0.2638888888888889,0.2638888888888889,0.0,0.9985874193141063,0.0709331751366784,0.0,0.0,0.0,0.0,nan,nan,nan,nan,nan,nan,nan,nan,nan,nan,nan,0.48173923870793944,0.41080606357126104,2.5495304209317955,20,20,3.8469078540802
346,,0.48279374552474763,0.00832403009525427,0.4909915804862976,1.0,1.0,1.0,1.0,0.0,0.9947089947089947,0.005291005291005291,0.0,0.4995016315502339,0.13189655172413794,0.13189655172413794,0.017241379310344827,0.9359991295008371,0.5128122838098845,0.0,0.0,0.0,0.0,nan,nan,nan,nan,nan,nan,nan,nan,nan,nan,nan,0.8876551016274422,0.3748428178175576,2.2330476738260456,20,20,5.772854566574097
347,,0.44304692093314807,0.02461371782961934,1.1617992639541626,1.0,1.0,1.0,1.0,0.0,0.9797297297297297,0.02027027027027027,0.0,0.49883949706951775,0.13055555555555556,0.13055555555555556,0.0,0.997824958782165,0.10337433032241289,0.0,0.0,0.0,0.0,nan,nan,nan,nan,nan,nan,nan,nan,nan,nan,nan,0.47571153479237005,0.37233720446995716,2.441060291246247,20,20,2.6706764698028564
348,,0.4392672663407088,0.0274542041462943,0.9154428005218506,1.0,1.0,1.0,1.0,0.0,0.9784172661870504,0.02158273381294964,0.0,0.4998430232517421,0.23125,0.23125,0.25,0.9983090955154378,0.07595114834694,0.0,0.0,0.0,0.0,nan,nan,nan,nan,nan,nan,nan,nan,nan,nan,nan,0.4689484614845986,0.3929973131376586,2.223643254212054,20,20,3.000490665435791
349,,0.4500191737091303,0.02045541698677865,0.44293372631072997,1.0,1.0,1.0,1.0,0.0,0.9845360824742269,0.015463917525773196,0.0,0.5021454532376745,0.32045454545454544,0.32045454545454544,0.09090909090909091,0.9978384919363686,0.07565344286466685,0.0,0.0,0.0,0.0,nan,nan,nan,nan,nan,nan,nan,nan,nan,nan,nan,0.47813761841330643,0.4024841755486396,2.309225374452644,20,20,4.817105054855347
350,,0.4415223357313569,0.017660893429254275,0.4443517208099365,1.0,1.0,1.0,1.0,1.0,0.9652777777777778,0.027777777777777776,0.006944444444444444,0.500985024690628,0.112,0.112,0.16,0.9981579152161896,0.06836032705990186,0.0,-0.1399356664693861,0.0,0.0,nan,nan,nan,nan,nan,nan,nan,nan,nan,nan,nan,0.4689848835688816,0.40062455650897977,2.4210414353334344,20,20,3.014498233795166
351,,0.4371319168956776,0.02914212779304517,0.8240389108657837,1.0,1.0,1.0,1.0,1.0,0.9647058823529412,0.029411764705882353,0.0058823529411764705,0.5015031387532751,0.07666666666666666,0.07666666666666666,0.13333333333333333,0.9988427261108592,0.05452013573995623,100.0,0.005722067058711852,1.0,0.005722067058711852,nan,nan,nan,nan,nan,nan,nan,nan,nan,nan,nan,0.46013082151030493,0.4056106857703487,2.5756425587542817,20,20,3.364300012588501
352,,0.448390642153282,0.03736588684610683,0.6977690100669861,1.0,1.0,1.0,1.0,0.0,1.0,0.0,0.0,0.5001048720752199,0.07083333333333333,0.07083333333333333,0.0,0.9990701551878461,0.047118903072730034,0.0,0.0,0.0,0.0,nan,nan,nan,nan,nan,nan,nan,nan,nan,nan,nan,0.47452519488972267,0.42740629181699263,2.744552014918034,20,20,2.162801504135132
353,,0.44273402396139944,0.02604317788008232,0.5001865327358246,1.0,1.0,1.0,1.0,1.0,0.9826589595375722,0.005780346820809248,0.011560693641618497,0.4964825635885491,0.22058823529411764,0.22058823529411764,0.0,0.9976299368002386,0.09093855454666372,0.0,-0.06403442735631436,0.0,0.0,nan,nan,nan,nan,nan,nan,nan,nan,nan,nan,nan,0.472442375094299,0.38150382054763526,2.493958298797146,20,20,3.293572425842285
354,,0.4444816137256685,0.029632107581711236,0.4328075468540192,1.0,1.0,1.0,1.0,0.0,0.9940476190476191,0.005952380952380952,0.0,0.49874548718333245,0.23666666666666666,0.23666666666666666,0.2,0.9970593923912601,0.09461153131994582,0.0,0.0,0.0,0.0,nan,nan,nan,nan,nan,nan,nan,nan,nan,nan,nan,0.47398691521328107,0.37937538389333525,2.4466972052990097,20,20,3.1278107166290283
355,,0.4453223313895672,0.04048384830814247,0.4750788927078247,1.0,1.0,1.0,1.0,0.0,0.9848484848484849,0.015151515151515152,0.0,0.49971208653666754,0.15454545454545454,0.15454545454545454,0.36363636363636365,0.9987649677179309,0.06608169554508209,0.0,0.0,0.0,0.0,nan,nan,nan,nan,nan,nan,nan,nan,nan,nan,nan,0.4837586605831102,0.4176769650380281,2.399773420113535,20,20,3.268324613571167
356,,0.4442307682238147,0.023380566748621826,0.50430269241333,1.0,1.0,1.0,1.0,1.0,0.9722222222222222,0.020833333333333332,0.006944444444444444,0.5001691673539187,0.17105263157894737,0.17105263157894737,0.05263157894736842,0.9985512300204189,0.076161406016508,0.0,-0.015007671262299183,0.0,0.0,nan,nan,nan,nan,nan,nan,nan,nan,nan,nan,nan,0.4749444475297963,0.3987830415132883,2.226860899781116,20,20,2.561967611312866
357,,0.4555601042731639,0.02530889468184244,0.5194047093391418,1.0,1.0,1.0,1.0,0.0,0.9841269841269841,0.015873015873015872,0.0,0.5007654890004132,0.22777777777777777,0.22777777777777777,0.0,0.9989267070887733,0.06018687165059222,0.0,0.0,0.0,0.0,nan,nan,nan,nan,nan,nan,nan,nan,nan,nan,nan,0.4786070285049618,0.41842015685436956,2.549858954109696,20,20,3.727430582046509
358,,0.43645002413474787,0.021822501206737392,0.4572258353233337,1.0,1.0,1.0,1.0,1.0,0.9602272727272727,0.03409090909090909,0.005681818181818182,0.5004220823198557,0.145,0.145,0.3,0.9966697437568173,0.08378384274775935,0.0,-0.038038507353136033,0.0,0.0,nan,nan,nan,nan,nan,nan,nan,nan,nan,nan,nan,0.47358595228922973,0.3898021095414704,2.3693198108421973,20,20,6.040615797042847
359,,0.44411813723951216,0.02775738357746951,0.5033441126346588,1.0,1.0,1.0,1.0,1.0,0.9774011299435028,0.01694915254237288,0.005649717514124294,0.49873648916836827,0.134375,0.134375,0.25,0.998033633534548,0.06978512086056404,0.0,-0.006496588099403733,0.0,0.0,nan,nan,nan,nan,nan,nan,nan,nan,nan,nan,nan,0.4816420637704569,0.41185694290989283,2.734129428506259,20,20,3.0360233783721924
360,,0.4492404382804475,0.02642590813414397,0.4951652944087982,1.0,1.0,1.0,1.0,1.0,0.967391304347826,0.016304347826086956,0.016304347826086956,0.5012312590637628,0.2,0.2,0.0,0.9981121162768675,0.07938924653390123,33.33333333333333,-0.006156345686196003,0.3333333333333333,0.005181828305767355,nan,nan,nan,nan,nan,nan,nan,nan,nan,nan,nan,0.4672466381657307,0.3878573916318295,2.432732883564193,20,20,3.7343909740448
361,,0.43717230470004037,0.031226593192860027,0.4621335506439209,1.0,1.0,1.0,1.0,1.0,0.9745762711864406,0.01694915254237288,0.00847457627118644,0.5000668942928315,0.18214285714285713,0.18214285714285713,0.07142857142857142,0.9984822999984495,0.06471235412799375,0.0,-0.3207603251633667,0.0,0.0,nan,nan,nan,nan,nan,nan,nan,nan,nan,nan,nan,0.462169290089428,0.3974569359614342,2.3415067351521004,20,20,1.9994380474090576
362,,0.44691495765232625,0.03724291313769385,0.6335306167602539,1.0,1.0,1.0,1.0,0.0,0.9793103448275862,0.020689655172413793,0.0,0.49932831663948796,0.0875,0.0875,0.3333333333333333,0.9984654790145346,0.07437410640782588,0.0,0.0,0.0,0.0,nan,nan,nan,nan,nan,nan,nan,nan,nan,nan,nan,0.4723640442998523,0.3979899378920264,2.5221354855918015,20,20,2.6720681190490723
363,,0.445646859707753,0.02785292873173456,0.5783494472503662,1.0,1.0,1.0,1.0,0.0,1.0,0.0,0.0,0.49960687700659034,0.196875,0.196875,0.1875,0.9992396373173975,0.04539715109474146,0.0,0.0,0.0,0.0,nan,nan,nan,nan,nan,nan,nan,nan,nan,nan,nan,0.463883340742141,0.41848618964739953,2.5065750322792266,20,20,5.146595239639282
364,,0.44485055727112793,0.014828351909037597,0.3830381572246552,1.0,1.0,1.0,1.0,1.0,0.9692307692307692,0.02564102564102564,0.005128205128205128,0.4992696172557771,0.28833333333333333,0.28833333333333333,0.16666666666666666,0.9977428174573235,0.09829897174641455,0.0,-0.006326829111983651,0.0,0.0,nan,nan,nan,nan,nan,nan,nan,nan,nan,nan,nan,0.47897136148849123,0.3806723897420767,2.2459484233558973,20,20,5.378991603851318
365,,0.4560324059993318,0.020728745727242356,0.4521217346191406,1.0,1.0,1.0,1.0,1.0,0.9707317073170731,0.024390243902439025,0.004878048780487805,0.4994485430419445,0.25681818181818183,0.25681818181818183,0.22727272727272727,0.9969041010672092,0.13603136889272577,100.0,0.016331600361701754,1.0,0.016331600361701754,nan,nan,nan,nan,nan,nan,nan,nan,nan,nan,nan,0.5210181739843077,0.38498680509158195,2.3904245812383658,20,20,4.821241140365601
366,,0.44717529751028207,0.016562048055936373,0.384744393825531,1.0,1.0,1.0,1.0,1.0,0.9623655913978495,0.03225806451612903,0.005376344086021506,0.49958724590639275,0.37037037037037035,0.37037037037037035,0.0,0.9971721195415014,0.09032910609303357,0.0,-0.005549745119869366,0.0,0.0,nan,nan,nan,nan,nan,nan,nan,nan,nan,nan,nan,0.48434437550694864,0.39401526941391507,2.298549538112254,20,20,4.666051626205444
367,,0.44496387190047815,0.03178313370717701,0.47332308888435365,1.0,1.0,1.0,1.0,0.0,0.9707602339181286,0.029239766081871343,0.0,0.5022043951920101,0.18571428571428572,0.18571428571428572,0.21428571428571427,0.9984116777686708,0.07214116036188672,0.0,0.0,0.0,0.0,nan,nan,nan,nan,nan,nan,nan,nan,nan,nan,nan,0.4753167493918868,0.40317558903000006,2.711592024234765,20,20,3.473841667175293
368,,0.436905867356425,0.020805041302686907,0.51501624584198,1.0,1.0,1.0,1.0,1.0,0.9726027397260274,0.02054794520547945,0.00684931506849315,0.5004814553828466,0.24523809523809523,0.24523809523809523,0.19047619047619047,0.9985765461405592,0.056795504798186736,0.0,-0.09621923638386427,0.0,0.0,nan,nan,nan,nan,nan,nan,nan,nan,nan,nan,nan,0.4629558279425813,0.40616032314439454,2.168112509534463,20,20,5.786574602127075
369,,0.4477050217440524,0.024872501208002912,0.43667111992836,1.0,1.0,1.0,1.0,0.0,0.9738219895287958,0.02617801047120419,0.0,0.4996013003504939,0.37222222222222223,0.37222222222222223,0.0,0.9986488569432159,0.07491589979450064,0.0,0.0,0.0,0.0,nan,nan,nan,nan,nan,nan,nan,nan,nan,nan,nan,0.4771545294650569,0.40223862967055624,2.409647987337566,20,20,4.101585626602173
370,,0.4484367515939426,0.014947891719798085,0.4409693360328674,1.0,1.0,1.0,1.0,1.0,0.9848484848484849,0.010101010101010102,0.005050505050505051,0.501752146606644,0.30833333333333335,0.30833333333333335,0.0,0.998918241159594,0.05674201095319614,100.0,0.19689183350128941,1.0,0.19689183350128941,nan,nan,nan,nan,nan,nan,nan,nan,nan,nan,nan,0.4773924620241807,0.42065045107098453,2.2599714820541466,20,20,4.834818363189697
371,,0.4479372171100389,0.027996076069377433,0.45490177273750304,1.0,1.0,1.0,1.0,0.0,0.9838709677419355,0.016129032258064516,0.0,0.4970432808971964,0.3625,0.3625,0.3125,0.9979262114284151,0.09595890643345845,0.0,0.0,0.0,0.0,nan,nan,nan,nan,nan,nan,nan,nan,nan,nan,nan,0.47605726733010634,0.3800983608966479,2.3093125951632305,20,20,5.9178361892700195
372,,0.43562457927677467,0.015021537216440506,0.35784095525741577,1.0,1.0,1.0,1.0,1.0,0.9824561403508771,0.011695906432748537,0.005847953216374269,0.49975048917634735,0.15862068965517243,0.15862068965517243,0.10344827586206896,0.996995432720994,0.1003979498267431,100.0,0.04017418858968294,1.0,0.04017418858968294,nan,nan,nan,nan,nan,nan,nan,nan,nan,nan,nan,0.46764427735165714,0.36724632752491404,2.42273529433926,20,20,4.144661903381348
373,,0.4400457125928268,0.027502857037051676,0.5339458584785461,1.0,1.0,1.0,1.0,0.0,0.9847328244274809,0.015267175572519083,0.0,0.4978109042858705,0.13125,0.13125,0.0,0.9986348940451054,0.061303909395659606,0.0,0.0,0.0,0.0,nan,nan,nan,nan,nan,nan,nan,nan,nan,nan,nan,0.470418004317063,0.4091140949214034,2.533391457311281,20,20,2.3377761840820312
374,,0.4323701485090361,0.018798702109088527,0.3947869002819061,1.0,1.0,1.0,1.0,1.0,0.98,0.013333333333333334,0.006666666666666667,0.5000334429514149,0.22391304347826088,0.22391304347826088,0.21739130434782608,0.9967865664199416,0.09671160499865927,0.0,-0.06578609060874357,0.0,0.0,nan,nan,nan,nan,nan,nan,nan,nan,nan,nan,nan,0.46796785707619065,0.3712562520775314,2.2142499803438627,20,20,5.3891496658325195
375,,0.44161104793631056,0.017664441917452423,0.404865038394928,1.0,1.0,1.0,1.0,0.0,0.9764705882352941,0.023529411764705882,0.0,0.4988866004794836,0.198,0.198,0.0,0.9979941032187375,0.07331442071542238,0.0,0.0,0.0,0.0,nan,nan,nan,nan,nan,nan,nan,nan,nan,nan,nan,0.4672403371099678,0.39392591639454544,2.3994541161873895,20,20,3.361452102661133
376,,0.4350134349601845,0.027188339685011532,0.4372279703617096,1.0,1.0,1.0,1.0,0.0,0.9659863945578231,0.034013605442176874,0.0,0.5030908755026757,0.303125,0.303125,0.1875,0.9954806820557511,0.11794820392517752,0.0,0.0,0.0,0.0,nan,nan,nan,nan,nan,nan,nan,nan,nan,nan,nan,0.47258212422990975,0.35463392030473223,2.239786827174483,20,20,5.719870328903198
377,,0.44947585991780403,0.0299650573278536,0.7825057506561279,1.0,1.0,1.0,1.0,0.0,0.9772727272727273,0.022727272727272728,0.0,0.49900534495711324,0.12333333333333334,0.12333333333333334,0.06666666666666667,0.9987883976126578,0.057783989622935406,0.0,0.0,0.0,0.0,nan,nan,nan,nan,nan,nan,nan,nan,nan,nan,nan,0.47202478499144696,0.41424079536851155,2.5993729170971926,20,20,2.0692079067230225
378,,0.4399808787032173,0.019129603421879013,0.43457099199295046,1.0,1.0,1.0,1.0,0.0,1.0,0.0,0.0,0.5002260006640269,0.26521739130434785,0.26521739130434785,0.08695652173913043,0.9965033440022656,0.09141530425154426,0.0,0.0,0.0,0.0,nan,nan,nan,nan,nan,nan,nan,nan,nan,nan,nan,0.47205078932696143,0.38063548507541717,2.239115112114489,20,20,3.4776089191436768
379,,0.4434197008537976,0.023337878992305137,0.6314810037612915,1.0,1.0,1.0,1.0,0.0,0.9932432432432432,0.006756756756756757,0.0,0.4999987308916293,0.2,0.2,0.0,0.9986603832563598,0.07116540467862748,0.0,0.0,0.0,0.0,nan,nan,nan,nan,nan,nan,nan,nan,nan,nan,nan,0.4817853388307787,0.4106199341521512,2.2165220760930033,20,20,3.002946615219116
380,,0.45187299856328617,0.02151776183634696,0.4035594999790192,1.0,1.0,1.0,1.0,0.0,0.9945652173913043,0.005434782608695652,0.0,0.5002387776261285,0.23809523809523808,0.23809523809523808,0.23809523809523808,0.9979832349941931,0.08558732672174624,0.0,0.0,0.0,0.0,nan,nan,nan,nan,nan,nan,nan,nan,nan,nan,nan,0.47989212953207344,0.3943048028103272,2.2589173240297415,20,20,6.5178093910217285
381,,0.43853662849562247,0.019066809934592283,0.37194437384605405,1.0,1.0,1.0,1.0,0.0,0.9784172661870504,0.02158273381294964,0.0,0.4988811241624796,0.1826086956521739,0.1826086956521739,0.0,0.9968943059993043,0.08926879622797429,0.0,0.0,0.0,0.0,nan,nan,nan,nan,nan,nan,nan,nan,nan,nan,nan,0.4727274980798808,0.3834587018519065,2.2333094958645625,20,20,2.7661397457122803
382,,0.444646855042839,0.02779042844017744,0.47421411871910096,1.0,1.0,1.0,1.0,1.0,0.9927536231884058,0.0,0.007246376811594203,0.5015449047088623,0.13125,0.13125,0.0,0.9986385042742529,0.0680247504315713,100.0,0.012429317498004994,1.0,0.012429317498004994,nan,nan,nan,nan,nan,nan,nan,nan,nan,nan,nan,0.47439585934912093,0.40637110891754963,2.5559680974214314,20,20,2.488924503326416
383,,0.453027517694288,0.019696848595403826,0.4163161277770996,1.0,1.0,1.0,1.0,0.0,0.9949238578680203,0.005076142131979695,0.0,0.4999075785279274,0.2717391304347826,0.2717391304347826,0.0,0.9982492612826677,0.06090679549743283,0.0,0.0,0.0,0.0,nan,nan,nan,nan,nan,nan,nan,nan,nan,nan,nan,0.4754081532762166,0.4145013577787838,2.3846718549646657,20,20,5.175747394561768
384,,0.4527515490283249,0.026632444060489698,0.4162862837314606,1.0,1.0,1.0,1.0,0.0,1.0,0.0,0.0,0.49984769707216936,0.42058823529411765,0.42058823529411765,0.11764705882352941,0.9974795426610232,0.0815734753392261,0.0,0.0,0.0,0.0,nan,nan,nan,nan,nan,nan,nan,nan,nan,nan,nan,0.47717456633593114,0.39560109099670504,2.378623620139816,20,20,3.815742254257202
385,,0.44768058032478986,0.01946437305759956,0.34243397116661073,1.0,1.0,1.0,1.0,1.0,0.9883040935672515,0.005847953216374269,0.005847953216374269,0.5008971839495328,0.22391304347826088,0.22391304347826088,0.0,0.9974300797897548,0.07882251872968798,0.0,-0.02050538663836593,0.0,0.0,nan,nan,nan,nan,nan,nan,nan,nan,nan,nan,nan,0.47999305558005,0.401170536850362,2.4079246519409883,20,20,3.7723581790924072
386,,0.4452329808923386,0.015901177889012092,0.496688973903656,1.0,1.0,1.0,1.0,0.0,0.9949494949494949,0.005050505050505051,0.0,0.5005578018724919,0.2571428571428571,0.2571428571428571,0.0,0.9973696096131395,0.09401968603617705,0.0,0.0,0.0,0.0,nan,nan,nan,nan,nan,nan,nan,nan,nan,nan,nan,0.47550806647533206,0.381488380439155,2.361265387640414,20,20,4.794397592544556
387,,0.4446908790473628,0.019334386045537513,0.32584692239761354,1.0,1.0,1.0,1.0,1.0,0.9883040935672515,0.005847953216374269,0.005847953216374269,0.4995830086910206,0.33695652173913043,0.33695652173913043,0.17391304347826086,0.9982224702610246,0.07464458375313793,0.0,-0.007792818592746109,0.0,0.0,nan,nan,nan,nan,nan,nan,nan,nan,nan,nan,nan,0.47372471643989283,0.3990801326867549,2.3487395970607494,20,20,7.398099660873413
388,,0.4497050155782105,0.026453236210482973,0.48474166393280027,1.0,1.0,1.0,1.0,0.0,0.9774011299435028,0.022598870056497175,0.0,0.5020516794394044,0.15588235294117647,0.15588235294117647,0.35294117647058826,0.998364301641195,0.06476497629648154,0.0,0.0,0.0,0.0,nan,nan,nan,nan,nan,nan,nan,nan,nan,nan,nan,0.4704324180689332,0.4056674417724517,2.63235193267952,20,20,4.496933937072754
389,,0.43913416706673136,0.02744588544167071,0.5437744736671448,1.0,1.0,1.0,1.0,0.0,1.0,0.0,0.0,0.4997023538686335,0.15625,0.15625,0.3125,0.9983299094172388,0.056080363311080406,0.0,0.0,0.0,0.0,nan,nan,nan,nan,nan,nan,nan,nan,nan,nan,nan,0.4631289628927159,0.4070485995816355,2.2805065524111927,20,20,5.083619832992554
390,,0.4531700724238285,0.022658503621191425,0.5887084245681763,1.0,1.0,1.0,1.0,0.0,0.9884393063583815,0.011560693641618497,0.0,0.498635871745646,0.1925,0.1925,0.35,0.99814898529599,0.06601505270552566,0.0,0.0,0.0,0.0,nan,nan,nan,nan,nan,nan,nan,nan,nan,nan,nan,0.483395103910316,0.4173800512047903,2.624970112104395,20,20,4.077703475952148
391,,0.45723151914833604,0.02078325087037891,0.4130930185317993,1.0,1.0,1.0,1.0,0.0,0.9948453608247423,0.005154639175257732,0.0,0.500888112119653,0.32272727272727275,0.32272727272727275,0.0,0.9977633300574108,0.08198336858547989,0.0,0.0,0.0,0.0,nan,nan,nan,nan,nan,nan,nan,nan,nan,nan,nan,0.47889183152517273,0.39690846293969284,2.494196745229666,20,20,4.709256649017334
392,,0.43821834710630275,0.02434546372812793,0.8816135406494141,1.0,1.0,1.0,1.0,0.0,1.0,0.0,0.0,0.4985982649442222,0.20555555555555555,0.20555555555555555,0.2222222222222222,0.9981170267009931,0.06989793123368188,0.0,0.0,0.0,0.0,nan,nan,nan,nan,nan,nan,nan,nan,nan,nan,nan,0.47638575071448747,0.4064878194808056,2.308166884421795,20,20,3.4954171180725098
393,,0.49177869468643476,0.017563524810229814,0.5276930451393127,1.0,1.0,1.0,1.0,1.0,0.9943502824858758,0.0,0.005649717514124294,0.4998122943831342,0.14464285714285716,0.14464285714285716,0.0,0.934232386368871,0.4856934022261993,100.0,0.0040582683432419005,1.0,0.0040582683432419005,nan,nan,nan,nan,nan,nan,nan,nan,nan,nan,nan,0.8972218567700734,0.4115284545438741,2.485395493972018,20,20,3.857912540435791
394,,0.45176112570953825,0.01807044502838153,1.0941788673400878,1.0,1.0,1.0,1.0,0.0,0.9949238578680203,0.005076142131979695,0.0,0.5006010488867759,0.348,0.348,0.0,0.998053088030003,0.07709695180803389,0.0,0.0,0.0,0.0,nan,nan,nan,nan,nan,nan,nan,nan,nan,nan,nan,0.4748033106212506,0.3977063588132167,2.106398186820852,20,20,5.760163068771362
395,,0.439671479386384,0.018319644974432666,0.5827389001846314,1.0,1.0,1.0,1.0,0.0,0.9859154929577465,0.014084507042253521,0.0,0.4997680405154824,0.1375,0.1375,0.125,0.9980218407018204,0.08309301305151823,0.0,0.0,0.0,0.0,nan,nan,nan,nan,nan,nan,nan,nan,nan,nan,nan,0.4794842442402507,0.3963912311887325,2.269735511721406,20,20,3.3255672454833984
396,,0.44779758982078344,0.03444596844775257,0.37702418565750123,1.0,1.0,1.0,1.0,0.0,0.9946808510638298,0.005319148936170213,0.0,0.4985330961071528,0.19230769230769232,0.19230769230769232,0.46153846153846156,0.9982235246175685,0.057864660788619404,0.0,0.0,0.0,0.0,nan,nan,nan,nan,nan,nan,nan,nan,nan,nan,nan,0.4741780582839521,0.4163133974953327,2.4844681395109087,20,20,4.288955926895142
397,,0.44895394409063294,0.04081399491733027,0.40944733619689944,1.0,1.0,1.0,1.0,0.0,0.9921259842519685,0.007874015748031496,0.0,0.5006718386303295,0.10909090909090909,0.10909090909090909,0.36363636363636365,0.9990674000761898,0.04890669771449613,0.0,0.0,0.0,0.0,nan,nan,nan,nan,nan,nan,nan,nan,nan,nan,nan,0.46840473345860534,0.4194980357441092,2.5482710921061393,20,20,1.9203815460205078
398,,0.4411113744631452,0.031507955318796084,0.5650913000106812,1.0,1.0,1.0,1.0,0.0,0.9879518072289156,0.012048192771084338,0.0,0.4993222861417702,0.22857142857142856,0.22857142857142856,0.0,0.9980046504293199,0.08800564636098351,0.0,0.0,0.0,0.0,nan,nan,nan,nan,nan,nan,nan,nan,nan,nan,nan,0.476566403679757,0.3885607573187735,2.2967003435803792,20,20,3.4712367057800293
399,,0.4383442877875804,0.027396517986723774,0.5157361149787902,1.0,1.0,1.0,1.0,0.0,1.0,0.0,0.0,0.5,0.146875,0.146875,0.1875,0.9985817967543719,0.06140498495844787,0.0,0.0,0.0,0.0,nan,nan,nan,nan,nan,nan,nan,nan,nan,nan,nan,0.46348301005986287,0.402078025101415,2.3737137741466934,20,20,2.4492413997650146
400,,0.4476158647286611,0.023558729722561112,0.4001362442970276,1.0,1.0,1.0,1.0,1.0,0.9888268156424581,0.00558659217877095,0.00558659217877095,0.5018286240728278,0.25526315789473686,0.25526315789473686,0.0,0.9958972844201112,0.11003632548656983,100.0,0.2359379838207103,1.0,0.2359379838207103,nan,nan,nan,nan,nan,nan,nan,nan,nan,nan,nan,0.4759141863335304,0.36587786084696056,2.401891077544312,20,20,4.331569671630859
401,,0.4614652783938075,0.017748664553607983,0.4505463123321533,1.0,1.0,1.0,1.0,1.0,0.9942528735632183,0.0,0.005747126436781609,0.49899964173539324,0.2903846153846154,0.2903846153846154,0.0,0.948505167995083,0.5424640672088191,0.0,-0.2454199215177816,0.0,0.0,nan,nan,nan,nan,nan,nan,nan,nan,nan,nan,nan,0.9199391542137662,0.37747508700494703,2.197095676913107,20,20,3.7219901084899902
402,,0.44662765080741773,0.017177986569516066,0.39914140701293943,1.0,1.0,1.0,1.0,0.0,1.0,0.0,0.0,0.49972628759076965,0.2673076923076923,0.2673076923076923,0.07692307692307693,0.9977304421545469,0.08411335056718455,0.0,0.0,0.0,0.0,nan,nan,nan,nan,nan,nan,nan,nan,nan,nan,nan,0.47724358196661315,0.3931302313994286,2.3038236430127967,20,20,4.435188055038452
403,,0.4460619458881634,0.01652081281067272,0.3951287388801575,1.0,1.0,1.0,1.0,0.0,1.0,0.0,0.0,0.5,0.3314814814814815,0.3314814814814815,0.18518518518518517,0.9965475971211674,0.09972006674231149,0.0,0.0,0.0,0.0,nan,nan,nan,nan,nan,nan,nan,nan,nan,nan,nan,0.48585181974768665,0.38613175300537517,2.218937154492543,20,20,7.7375617027282715
404,,0.4437165936958765,0.02112936160456555,0.7435886263847351,1.0,1.0,1.0,1.0,0.0,1.0,0.0,0.0,0.5,0.21666666666666667,0.21666666666666667,0.0,0.9987757068051204,0.06696605387006166,0.0,0.0,0.0,0.0,nan,nan,nan,nan,nan,nan,nan,nan,nan,nan,nan,0.47816395270040873,0.4111978988303471,2.3067602813604573,20,20,4.357734203338623
405,,0.4480543376110735,0.0194806233743945,0.6444257259368896,1.0,1.0,1.0,1.0,0.0,1.0,0.0,0.0,0.5,0.26304347826086955,0.26304347826086955,0.0,0.9978807499752393,0.07372272444079314,0.0,0.0,0.0,0.0,nan,nan,nan,nan,nan,nan,nan,nan,nan,nan,nan,0.47555429443206854,0.4018315699912754,2.480981889319059,20,20,4.157761573791504
406,,0.44940320984194276,0.034569477680149445,2.1708584308624266,1.0,1.0,1.0,1.0,0.0,1.0,0.0,0.0,0.49998832241846963,0.16923076923076924,0.16923076923076924,0.15384615384615385,0.9989269081782309,0.04804860351850365,0.0,0.0,0.0,0.0,nan,nan,nan,nan,nan,nan,nan,nan,nan,nan,nan,0.47264999938802105,0.4246013958695174,2.610687703636874,20,20,2.427368402481079
407,,0.4548400737920177,0.03248857669942983,0.5722812354564667,1.0,1.0,1.0,1.0,0.0,1.0,0.0,0.0,0.5,0.23214285714285715,0.23214285714285715,0.35714285714285715,0.9995070535326134,0.043191025286416995,0.0,0.0,0.0,0.0,nan,nan,nan,nan,nan,nan,nan,nan,nan,nan,nan,0.47424188660275857,0.43105086131634157,2.7044520477220306,20,20,5.567214012145996
408,,0.44257030305203865,0.020116831956910847,0.4056150496006012,1.0,1.0,1.0,1.0,0.0,0.9939393939393939,0.006060606060606061,0.0,0.4998782877894965,0.18863636363636363,0.18863636363636363,0.0,0.9981024523786269,0.07437992599719678,0.0,0.0,0.0,0.0,nan,nan,nan,nan,nan,nan,nan,nan,nan,nan,nan,0.48112242902492486,0.4067425030277281,2.535384040302214,20,20,3.341740846633911
409,,0.45298355603002605,0.028311472251876628,0.4686903297901154,1.0,1.0,1.0,1.0,0.0,1.0,0.0,0.0,0.5002309966832399,0.24375,0.24375,0.25,0.9983426408784966,0.07963119968751164,0.0,0.0,0.0,0.0,nan,nan,nan,nan,nan,nan,nan,nan,nan,nan,nan,0.483129260107383,0.40349806041987135,2.5886658344227094,20,20,3.4682962894439697
410,,0.47085030271163086,0.01743890010043077,0.5034265041351318,1.0,1.0,1.0,1.0,1.0,0.9897435897435898,0.0,0.010256410256410256,0.5003747864453881,0.26481481481481484,0.26481481481481484,0.0,0.9572817972400957,0.49964321220977126,50.0,-0.02051051253210489,0.5,0.03307562402577158,nan,nan,nan,nan,nan,nan,nan,nan,nan,nan,nan,0.8916991476766802,0.392055935466909,2.424655184056128,20,20,5.26826286315918
411,,0.4613064839249462,0.02883165524530914,0.5822382688522338,1.0,1.0,1.0,1.0,0.0,0.9947916666666666,0.005208333333333333,0.0,0.49930523661896586,0.26875,0.26875,0.3125,0.9993521034265374,0.043287384223934355,0.0,0.0,0.0,0.0,nan,nan,nan,nan,nan,nan,nan,nan,nan,nan,nan,0.4767684334917047,0.43348104926777037,2.6022196290019792,20,20,4.576672315597534
412,,0.4538717984876679,0.023887989394087785,0.5715669691562653,1.0,1.0,1.0,1.0,0.0,1.0,0.0,0.0,0.4995465469595633,0.23684210526315788,0.23684210526315788,0.05263157894736842,0.9981789771483219,0.05978749526136551,0.0,0.0,0.0,0.0,nan,nan,nan,nan,nan,nan,nan,nan,nan,nan,nan,0.47630767447578426,0.41652017921441875,2.4565251903956415,20,20,3.946591377258301
413,,0.43788578922253846,0.019038512574892977,0.4021666646003723,1.0,1.0,1.0,1.0,0.0,0.9938650306748467,0.006134969325153374,0.0,0.5002808354471041,0.20869565217391303,0.20869565217391303,0.043478260869565216,0.9976790659296959,0.06624376389927505,0.0,0.0,0.0,0.0,nan,nan,nan,nan,nan,nan,nan,nan,nan,nan,nan,0.4678461669124524,0.40160240301317734,2.515577238130367,20,20,3.6814372539520264
414,,0.44201427652017894,0.027625892282511184,0.4865107238292694,1.0,1.0,1.0,1.0,0.0,1.0,0.0,0.0,0.5,0.228125,0.228125,0.0,0.9980408697027267,0.0890282771427156,0.0,0.0,0.0,0.0,nan,nan,nan,nan,nan,nan,nan,nan,nan,nan,nan,0.47550206205482404,0.38647378491210843,2.3145204202483716,20,20,3.404271364212036
415,,0.4538827640350097,0.030258850935667315,0.6635960102081299,1.0,1.0,1.0,1.0,0.0,1.0,0.0,0.0,0.5,0.14,0.14,0.13333333333333333,0.9993565763427446,0.04585696129055861,0.0,0.0,0.0,0.0,nan,nan,nan,nan,nan,nan,nan,nan,nan,nan,nan,0.4744245691813123,0.4285676078907537,2.686516999992459,20,20,2.2900235652923584
416,,0.44050723948052356,0.025912190557677857,0.5163682579994202,1.0,1.0,1.0,1.0,0.0,0.9925925925925926,0.007407407407407408,0.0,0.500149417712408,0.17058823529411765,0.17058823529411765,0.0,0.998950727588591,0.05241077666418337,0.0,0.0,0.0,0.0,nan,nan,nan,nan,nan,nan,nan,nan,nan,nan,nan,0.46485102130944983,0.41244024464526646,2.2988798095771963,20,20,2.4019267559051514
417,,0.4341766737940659,0.017367066951762634,0.37994204759597777,1.0,1.0,1.0,1.0,0.0,0.989247311827957,0.010752688172043012,0.0,0.4985758129954338,0.462,0.462,0.0,0.9934452403059765,0.13114237259834255,0.0,0.0,0.0,0.0,nan,nan,nan,nan,nan,nan,nan,nan,nan,nan,nan,0.47502917034932324,0.3438867977509807,1.9510027102934024,20,20,4.859838247299194
418,,0.45133634373602705,0.030089089582401803,1.199808669090271,1.0,1.0,1.0,1.0,0.0,1.0,0.0,0.0,0.4995346705118815,0.19666666666666666,0.19666666666666666,0.4,0.998394641358731,0.06892542986401229,0.0,0.0,0.0,0.0,nan,nan,nan,nan,nan,nan,nan,nan,nan,nan,nan,0.48229806276450105,0.41337263290048876,2.505710443908756,20,20,3.863199472427368
419,,0.44457935547153904,0.029638623698102603,0.3834351420402527,1.0,1.0,1.0,1.0,0.0,0.9943502824858758,0.005649717514124294,0.0,0.5002006569504738,0.30333333333333334,0.30333333333333334,0.26666666666666666,0.9987171406753428,0.04969294033967786,0.0,0.0,0.0,0.0,nan,nan,nan,nan,nan,nan,nan,nan,nan,nan,nan,0.46177244723966787,0.41207950689999,2.199330086727324,20,20,5.53657341003418
420,,0.4344833334659286,0.02172416667329643,0.42575404047966003,1.0,1.0,1.0,1.0,0.0,1.0,0.0,0.0,0.5001650155335665,0.245,0.245,0.25,0.997230110569544,0.08780529619318911,0.0,0.0,0.0,0.0,nan,nan,nan,nan,nan,nan,nan,nan,nan,nan,nan,0.47053254860247856,0.38272725240928945,2.2360639611441306,20,20,6.0169360637664795
421,,0.4448621005522355,0.02341379476590713,0.3787202000617981,1.0,1.0,1.0,1.0,0.0,1.0,0.0,0.0,0.4995034213128843,0.25263157894736843,0.25263157894736843,0.3157894736842105,0.9986636229083659,0.06575272107878666,0.0,0.0,0.0,0.0,nan,nan,nan,nan,nan,nan,nan,nan,nan,nan,nan,0.4692754083705766,0.4035226872917899,2.313568881949843,20,20,6.5966479778289795
422,,0.4447689370720004,0.02223844685360002,0.3804428160190582,1.0,1.0,1.0,1.0,0.0,0.9887640449438202,0.011235955056179775,0.0,0.49886342626065017,0.31,0.31,0.25,0.996987056762083,0.10293350524175171,0.0,0.0,0.0,0.0,nan,nan,nan,nan,nan,nan,nan,nan,nan,nan,nan,0.4759237032040186,0.3729901979622669,2.3499296648752965,20,20,3.9930195808410645
423,,0.4479828839902085,0.026351934352365207,0.44332646727561953,1.0,1.0,1.0,1.0,0.0,1.0,0.0,0.0,0.5005743021474165,0.2,0.2,0.23529411764705882,0.9980093532831743,0.07591502458094707,0.0,0.0,0.0,0.0,nan,nan,nan,nan,nan,nan,nan,nan,nan,nan,nan,0.47756624015451526,0.4016512155735682,2.4624369538793007,20,20,3.9007139205932617
424,,0.44863000154890736,0.026390000091112198,0.349395626783371,1.0,1.0,1.0,1.0,0.0,1.0,0.0,0.0,0.5,0.19705882352941176,0.19705882352941176,0.23529411764705882,0.9987860460244529,0.05927756054335381,0.0,0.0,0.0,0.0,nan,nan,nan,nan,nan,nan,nan,nan,nan,nan,nan,0.4690290599769153,0.4097514994335615,2.530246249347167,20,20,6.908663749694824
425,,0.44508439252664767,0.01935149532724555,0.3588390827178955,1.0,1.0,1.0,1.0,0.0,0.9945054945054945,0.005494505494505495,0.0,0.5009156157789023,0.22826086956521738,0.22826086956521738,0.21739130434782608,0.9979916599646517,0.0661046495761371,0.0,0.0,0.0,0.0,nan,nan,nan,nan,nan,nan,nan,nan,nan,nan,nan,0.46514792348904516,0.39904327391290806,2.4785888183451723,20,20,5.808278560638428
426,,0.4416569069054578,0.01766627627621831,0.3356160819530487,1.0,1.0,1.0,1.0,0.0,0.9946236559139785,0.005376344086021506,0.0,0.4994114017486572,0.408,0.408,0.12,0.996521359652168,0.07943698583498188,0.0,0.0,0.0,0.0,nan,nan,nan,nan,nan,nan,nan,nan,nan,nan,nan,0.47319987890890286,0.393762893073921,2.1237182494247477,20,20,5.340614318847656
427,,0.4382474757629675,0.02434708198683153,0.38775681853294375,1.0,1.0,1.0,1.0,0.0,0.9933333333333333,0.006666666666666667,0.0,0.500960743592845,0.3194444444444444,0.3194444444444444,0.16666666666666666,0.9984416206096125,0.056716902796886404,0.0,0.0,0.0,0.0,nan,nan,nan,nan,nan,nan,nan,nan,nan,nan,nan,0.4704555652048678,0.4137386624079814,2.1200980685431534,20,20,3.786388397216797
428,,0.4551284599661889,0.03034189733107926,0.8421882271766663,1.0,1.0,1.0,1.0,0.0,0.9898477157360406,0.01015228426395939,0.0,0.5008835097153982,0.26666666666666666,0.26666666666666666,0.3333333333333333,0.998909522695926,0.059731536468818014,0.0,0.0,0.0,0.0,nan,nan,nan,nan,nan,nan,nan,nan,nan,nan,nan,0.47814876442192455,0.41841722795310654,2.5407509660391554,20,20,3.6254045963287354
429,,0.4442275589315906,0.020192161769617755,0.28382967710494994,1.0,1.0,1.0,1.0,0.0,0.9915966386554622,0.008403361344537815,0.0,0.4998766430399635,0.12045454545454545,0.12045454545454545,0.18181818181818182,0.9981986386382496,0.06754219102208775,0.0,0.0,0.0,0.0,nan,nan,nan,nan,nan,nan,nan,nan,nan,nan,nan,0.47165151360891533,0.4041093225868276,2.336756466053025,20,20,2.6250011920928955
430,,0.43910991256357473,0.015682496877270528,0.3296328902244568,1.0,1.0,1.0,1.0,0.0,1.0,0.0,0.0,0.4994190204356398,0.29642857142857143,0.29642857142857143,0.14285714285714285,0.996651666283939,0.08817084049988971,0.0,0.0,0.0,0.0,nan,nan,nan,nan,nan,nan,nan,nan,nan,nan,nan,0.467672790887779,0.3795019503878893,2.312315222193509,20,20,4.55081844329834
431,,0.44354018214399216,0.031681441581713723,0.6521011710166931,1.0,1.0,1.0,1.0,0.0,0.9944444444444445,0.005555555555555556,0.0,0.5011030322739056,0.11785714285714285,0.11785714285714285,0.35714285714285715,0.9987523633633899,0.06242309415693309,0.0,0.0,0.0,0.0,nan,nan,nan,nan,nan,nan,nan,nan,nan,nan,nan,0.47169433388767074,0.40927123973073765,2.534262698804247,20,20,6.139369964599609
432,,0.44796608999710763,0.02133171857129084,0.429915589094162,1.0,1.0,1.0,1.0,0.0,0.9858156028368794,0.014184397163120567,0.0,0.498948430358654,0.14523809523809525,0.14523809523809525,0.2857142857142857,0.9986152287692555,0.061825156835084605,0.0,0.0,0.0,0.0,nan,nan,nan,nan,nan,nan,nan,nan,nan,nan,nan,0.4724188799667349,0.41059372313165027,2.5553636617000333,20,20,3.7978320121765137
433,,0.43539094862429245,0.024188386034682915,0.5206226110458374,1.0,1.0,1.0,1.0,0.0,0.9925925925925926,0.007407407407407408,0.0,0.4994828236599763,0.25,0.25,0.0,0.997483645067351,0.08903636635590007,0.0,0.0,0.0,0.0,nan,nan,nan,nan,nan,nan,nan,nan,nan,nan,nan,0.47759895635138144,0.3885625899954814,2.2475991476005626,20,20,2.5307154655456543
434,,0.441845701125792,0.02008389550571782,0.420175576210022,1.0,1.0,1.0,1.0,1.0,0.9863013698630136,0.00684931506849315,0.00684931506849315,0.5006108537316323,0.13863636363636364,0.13863636363636364,0.045454545454545456,0.9977924726669519,0.07798784056031854,100.0,0.011837974826794315,1.0,0.011837974826794315,nan,nan,nan,nan,nan,nan,nan,nan,nan,nan,nan,0.4730375247764359,0.39504968421611736,2.4431627497412296,20,20,3.1049606800079346
435,,0.4423007564267949,0.02764379727667468,0.3533667266368866,1.0,1.0,1.0,1.0,0.0,0.9942528735632183,0.005747126436781609,0.0,0.5011649003252387,0.2875,0.2875,0.375,0.9960261501190157,0.10939474843310149,0.0,0.0,0.0,0.0,nan,nan,nan,nan,nan,nan,nan,nan,nan,nan,nan,0.4732329849434276,0.3638382365103261,2.1674592260028906,20,20,3.554311513900757
436,,0.4458052947314083,0.031843235337957736,0.42695502042770384,1.0,1.0,1.0,1.0,0.0,0.993421052631579,0.006578947368421052,0.0,0.49918276859181265,0.175,0.175,0.35714285714285715,0.9988897745804376,0.050762040019328436,0.0,0.0,0.0,0.0,nan,nan,nan,nan,nan,nan,nan,nan,nan,nan,nan,0.46750376590633824,0.4167417258870098,2.412258659696152,20,20,2.64170503616333
437,,0.4534861078454398,0.023867689886602095,0.33268022537231445,1.0,1.0,1.0,1.0,0.0,1.0,0.0,0.0,0.5,0.30526315789473685,0.30526315789473685,0.10526315789473684,0.9979466953341883,0.08786846526263409,0.0,0.0,0.0,0.0,nan,nan,nan,nan,nan,nan,nan,nan,nan,nan,nan,0.4777828927488971,0.38991442748626304,2.5112831346694797,20,20,5.854402780532837
438,,0.4472154000848276,0.026306788240283974,0.3469845414161682,1.0,1.0,1.0,1.0,0.0,0.9921259842519685,0.007874015748031496,0.0,0.5017148545559715,0.09411764705882353,0.09411764705882353,0.35294117647058826,0.9992189670107299,0.040165522100646944,0.0,0.0,0.0,0.0,nan,nan,nan,nan,nan,nan,nan,nan,nan,nan,nan,0.4643180985628886,0.42415257646224164,2.392434463660279,20,20,4.023609399795532
439,,0.4588983210045381,0.025494351166918783,0.6554469704627991,1.0,1.0,1.0,1.0,0.0,1.0,0.0,0.0,0.4997969947755337,0.33055555555555555,0.33055555555555555,0.05555555555555555,0.9995004225746164,0.03141657824105437,0.0,0.0,0.0,0.0,nan,nan,nan,nan,nan,nan,nan,nan,nan,nan,nan,0.47108628567706146,0.4396697074360071,2.6125822078256578,20,20,3.5645203590393066
440,,0.44773255679822554,0.0298488371198817,0.2829309344291687,1.0,1.0,1.0,1.0,0.0,1.0,0.0,0.0,0.5,0.17333333333333334,0.17333333333333334,0.26666666666666666,0.9988614618012231,0.05340825087840273,0.0,0.0,0.0,0.0,nan,nan,nan,nan,nan,nan,nan,nan,nan,nan,nan,0.476453621531842,0.4230453706534393,2.498052410392064,20,20,2.6658365726470947
441,,0.44428122509828083,0.016454860188825218,0.25250075459480287,1.0,1.0,1.0,1.0,0.0,1.0,0.0,0.0,0.5000787143354063,0.2962962962962963,0.2962962962962963,0.0,0.9975203379904043,0.09025652391793659,0.0,0.0,0.0,0.0,nan,nan,nan,nan,nan,nan,nan,nan,nan,nan,nan,0.48060022614817743,0.39034370223024084,2.493803817949015,20,20,4.791712045669556
442,,0.4476925671041023,0.02984617114027349,1.1161000788211823,1.0,1.0,1.0,1.0,0.0,0.9833333333333333,0.016666666666666666,0.0,0.4998117655515671,0.18,0.18,0.4666666666666667,0.9993213538127095,0.0408489052163542,0.0,0.0,0.0,0.0,nan,nan,nan,nan,nan,nan,nan,nan,nan,nan,nan,0.46760752989687265,0.42675862468051845,2.580198043547179,20,20,6.015022039413452
443,,0.4362596781969344,0.019829985372587927,1.1559853553771973,1.0,1.0,1.0,1.0,0.0,0.994535519125683,0.00546448087431694,0.0,0.4997917021540078,0.11136363636363636,0.11136363636363636,0.0,0.9990639758614245,0.04875658611122047,0.0,0.0,0.0,0.0,nan,nan,nan,nan,nan,nan,nan,nan,nan,nan,nan,0.4682617098638002,0.41950512375257976,2.330719866034133,20,20,3.874847412109375
444,,0.4545076837384326,0.023921457038864873,0.8632705688476563,1.0,1.0,1.0,1.0,0.0,0.9943502824858758,0.005649717514124294,0.0,0.5017622143030167,0.22894736842105262,0.22894736842105262,0.21052631578947367,0.9972315068709855,0.10428808166270725,0.0,0.0,0.0,0.0,nan,nan,nan,nan,nan,nan,nan,nan,nan,nan,nan,0.48039997467577455,0.3761118930130673,2.432006856956188,20,20,3.7310049533843994
445,,0.4453302701399098,0.029688684675993986,0.6086634337902069,1.0,1.0,1.0,1.0,0.0,1.0,0.0,0.0,0.501118314464887,0.13,0.13,0.4,0.998543769466008,0.06168061952175763,0.0,0.0,0.0,0.0,nan,nan,nan,nan,nan,nan,nan,nan,nan,nan,nan,0.47280707996558713,0.4111264604438295,2.5479089076380137,20,20,2.839076519012451
446,,0.4446371719782847,0.024702065109904706,0.5436541974544525,1.0,1.0,1.0,1.0,0.0,1.0,0.0,0.0,0.4994195468723774,0.26666666666666666,0.26666666666666666,0.1111111111111111,0.9981591092025549,0.08067718146936664,0.0,0.0,0.0,0.0,nan,nan,nan,nan,nan,nan,nan,nan,nan,nan,nan,0.4722611958202342,0.39158401435086754,2.5600643549664923,20,20,3.716282367706299
447,,0.45982495788772654,0.020901134449442114,0.48753475546836855,1.0,1.0,1.0,1.0,0.0,1.0,0.0,0.0,0.5003739995035258,0.2340909090909091,0.2340909090909091,0.13636363636363635,0.958289291887706,0.49554221076464067,0.0,0.0,0.0,0.0,nan,nan,nan,nan,nan,nan,nan,nan,nan,nan,nan,0.8647423513811023,0.36920014061646167,2.0926219516327187,20,20,5.635677099227905
448,,0.44884083760568155,0.026402402212098913,0.623273491859436,1.0,1.0,1.0,1.0,0.0,1.0,0.0,0.0,0.4997643710935817,0.22647058823529412,0.22647058823529412,0.11764705882352941,0.9987691822489511,0.05918905209302505,0.0,0.0,0.0,0.0,nan,nan,nan,nan,nan,nan,nan,nan,nan,nan,nan,0.47356268180400296,0.4143736297109779,2.284135711249973,20,20,3.973820447921753
449,,0.46119438206764246,0.02096338100307466,0.49781049489974977,1.0,1.0,1.0,1.0,0.0,0.9942196531791907,0.005780346820809248,0.0,0.49991348423063753,0.14545454545454545,0.14545454545454545,0.0,0.9596147274732187,0.5043470288101743,0.0,0.0,0.0,0.0,nan,nan,nan,nan,nan,nan,nan,nan,nan,nan,nan,0.8593844842315943,0.35503745542142,2.3956243332007507,20,20,3.462360382080078
450,,0.44266789013587055,0.02603928765505121,0.8719346761703491,1.0,1.0,1.0,1.0,0.0,0.9944444444444445,0.005555555555555556,0.0,0.49857877221177604,0.20294117647058824,0.20294117647058824,0.11764705882352941,0.9966499147367408,0.11012971770202601,0.0,0.0,0.0,0.0,nan,nan,nan,nan,nan,nan,nan,nan,nan,nan,nan,0.4646307018570959,0.35450098415506986,2.287527597840197,20,20,4.127937078475952
451,,0.44235133709779545,0.026020666888105615,0.5596347093582154,1.0,1.0,1.0,1.0,0.0,0.9887005649717514,0.011299435028248588,0.0,0.4992500802173334,0.22647058823529412,0.22647058823529412,0.11764705882352941,0.9978051159195412,0.083517811751124,0.0,0.0,0.0,0.0,nan,nan,nan,nan,nan,nan,nan,nan,nan,nan,nan,0.4689305461154862,0.3854127343643622,2.4596461244285766,20,20,4.191550970077515
452,,0.45402929508070516,0.01891788729502938,0.31494528651237486,1.0,1.0,1.0,1.0,0.0,1.0,0.0,0.0,0.49917601426520075,0.30625,0.30625,0.0,0.9982533435256425,0.07488545872844948,0.0,0.0,0.0,0.0,nan,nan,nan,nan,nan,nan,nan,nan,nan,nan,nan,0.47925386763301314,0.40436840890456366,2.302064088382223,20,20,5.284580707550049
453,,0.4475887663788226,0.0319706261699159,0.3794563889503479,1.0,1.0,1.0,1.0,0.0,1.0,0.0,0.0,0.5,0.18214285714285713,0.18214285714285713,0.0,0.9989029208433021,0.06532856667659426,0.0,0.0,0.0,0.0,nan,nan,nan,nan,nan,nan,nan,nan,nan,nan,nan,0.4749287376098347,0.4096001709332404,2.598625426333077,20,20,2.5304930210113525
454,,0.44478872208456666,0.03706572684038056,0.5167745649814606,1.0,1.0,1.0,1.0,0.0,1.0,0.0,0.0,0.5011431020994981,0.10416666666666667,0.10416666666666667,0.08333333333333333,0.9988302245036556,0.05752043481610247,0.0,0.0,0.0,0.0,nan,nan,nan,nan,nan,nan,nan,nan,nan,nan,nan,0.4643098052321585,0.406789370416056,2.6285324346897414,20,20,1.9682631492614746
455,,0.4510632099051138,0.026533129994418456,0.45773422718048096,1.0,1.0,1.0,1.0,0.0,0.9935064935064936,0.006493506493506494,0.0,0.4994227816953379,0.13529411764705881,0.13529411764705881,0.0,0.9988793044828107,0.06396685553451126,0.0,0.0,0.0,0.0,nan,nan,nan,nan,nan,nan,nan,nan,nan,nan,nan,0.47857455273575644,0.4146076972012452,2.5234549701204316,20,20,3.026839256286621
456,,0.45276736926763894,0.02515374273709105,0.40323054790496826,1.0,1.0,1.0,1.0,1.0,0.9944444444444445,0.0,0.005555555555555556,0.49943470888667635,0.4666666666666667,0.4666666666666667,0.0,0.9981229181114707,0.06912297218838226,0.0,-0.11432567629808191,0.0,0.0,nan,nan,nan,nan,nan,nan,nan,nan,nan,nan,nan,0.47410524427404543,0.4049822720856632,2.3073717249486143,20,20,4.080363035202026
457,,0.48839774777081196,0.015754766057122966,0.4701517581939697,1.0,1.0,1.0,1.0,0.0,0.9936305732484076,0.006369426751592357,0.0,0.5003127878712069,0.18870967741935485,0.18870967741935485,0.06451612903225806,0.9268045517090958,0.5249781498050108,0.0,0.0,0.0,0.0,nan,nan,nan,nan,nan,nan,nan,nan,nan,nan,nan,0.9115232766258932,0.3865451268208824,2.2628399812643925,20,20,3.51271915435791
458,,0.4523171055086189,0.018092684220344758,1.0177283763885498,1.0,1.0,1.0,1.0,0.0,0.9948717948717949,0.005128205128205128,0.0,0.49962946990132334,0.218,0.218,0.2,0.9984352755198218,0.06467817994741215,0.0,0.0,0.0,0.0,nan,nan,nan,nan,nan,nan,nan,nan,nan,nan,nan,0.47500161056713003,0.4103234306197179,2.4838181833264774,20,20,4.824953317642212
459,,0.4558539093463631,0.028490869334147694,0.492179137468338,1.0,1.0,1.0,1.0,0.0,1.0,0.0,0.0,0.5,0.23125,0.23125,0.3125,0.9985539580888405,0.058749207031472406,0.0,0.0,0.0,0.0,nan,nan,nan,nan,nan,nan,nan,nan,nan,nan,nan,0.4740404417348558,0.4152912347033834,2.461068560902347,20,20,3.376115560531616
460,,0.4350866858581482,0.02289929925569201,0.6639821767807007,1.0,1.0,1.0,1.0,0.0,0.9856115107913669,0.014388489208633094,0.0,0.500262122562057,0.2131578947368421,0.2131578947368421,0.0,0.9965685550693076,0.08082228751091497,0.0,0.0,0.0,0.0,nan,nan,nan,nan,nan,nan,nan,nan,nan,nan,nan,0.46559973532138926,0.3847774478104743,2.2915314050723055,20,20,2.996995449066162
461,,0.44510928488436025,0.029673952325624017,0.4775640249252319,1.0,1.0,1.0,1.0,0.0,1.0,0.0,0.0,0.5,0.19,0.19,0.3333333333333333,0.9978757556482655,0.084770427180968,0.0,0.0,0.0,0.0,nan,nan,nan,nan,nan,nan,nan,nan,nan,nan,nan,0.47037525394838775,0.38560482676741975,2.4909816283111255,20,20,3.5199310779571533
462,,0.4461739822271709,0.027885873889198182,0.49830528497695925,1.0,1.0,1.0,1.0,0.0,1.0,0.0,0.0,0.49866607282310726,0.184375,0.184375,0.0,0.998750221938229,0.05746954340280491,0.0,0.0,0.0,0.0,nan,nan,nan,nan,nan,nan,nan,nan,nan,nan,nan,0.4718703162466576,0.4144007728438527,2.5109025202515327,20,20,2.8794679641723633
463,,0.4564987744023279,0.02173803687630133,1.3899774551391602,1.0,1.0,1.0,1.0,0.0,1.0,0.0,0.0,0.5001748028255645,0.27380952380952384,0.27380952380952384,0.047619047619047616,0.9992664020757256,0.042977786439804044,0.0,0.0,0.0,0.0,nan,nan,nan,nan,nan,nan,nan,nan,nan,nan,nan,0.47171992680176367,0.4287421403619596,2.529890049596014,20,20,4.250595569610596
464,,0.4451292759060006,0.017120356765615408,0.3679830193519592,1.0,1.0,1.0,1.0,0.0,0.994535519125683,0.00546448087431694,0.0,0.4999741658854943,0.3326923076923077,0.3326923076923077,0.15384615384615385,0.996525953075789,0.09743973153655927,0.0,0.0,0.0,0.0,nan,nan,nan,nan,nan,nan,nan,nan,nan,nan,nan,0.4736968064315327,0.37625707489497345,2.179867561442699,20,20,4.700162887573242
465,,0.4500338075315027,0.02368598987007909,0.3829250156879425,1.0,1.0,1.0,1.0,0.0,0.9885057471264368,0.011494252873563218,0.0,0.5012729186760752,0.3,0.3,0.05263157894736842,0.9976866203179118,0.08327504174907091,0.0,0.0,0.0,0.0,nan,nan,nan,nan,nan,nan,nan,nan,nan,nan,nan,0.47519384294562733,0.3919188011965564,2.2461755366756533,20,20,4.628066301345825
466,,0.44388759398413447,0.02466042188800747,0.35759725570678713,1.0,1.0,1.0,1.0,0.0,1.0,0.0,0.0,0.5020947191450331,0.14444444444444443,0.14444444444444443,0.05555555555555555,0.9989978317314819,0.04887684982353874,0.0,0.0,0.0,0.0,nan,nan,nan,nan,nan,nan,nan,nan,nan,nan,nan,0.46913074754938383,0.4202538977258451,2.6711034345093285,20,20,2.8890292644500732
467,,0.4443608363887512,0.0370300696990626,0.4359616219997406,1.0,1.0,1.0,1.0,0.0,0.9926470588235294,0.007352941176470588,0.0,0.5019394551714261,0.17916666666666667,0.17916666666666667,0.4166666666666667,0.9986356595212401,0.06783369945498735,0.0,0.0,0.0,0.0,nan,nan,nan,nan,nan,nan,nan,nan,nan,nan,nan,0.4770786805544969,0.4092449810995096,2.30291118405556,20,20,3.6823015213012695
468,,0.4563551419892375,0.02684442011701397,0.5599197626113892,1.0,1.0,1.0,1.0,0.0,0.9900497512437811,0.009950248756218905,0.0,0.4983472433160333,0.26176470588235295,0.26176470588235295,0.0,0.9994617308236565,0.03286771043409542,0.0,0.0,0.0,0.0,nan,nan,nan,nan,nan,nan,nan,nan,nan,nan,nan,0.4724318807925448,0.43956417035844936,2.7053023688145026,20,20,3.5579192638397217
469,,0.4469913675897299,0.020317789435896814,0.30979016423225403,1.0,1.0,1.0,1.0,0.0,1.0,0.0,0.0,0.5002483302896673,0.26590909090909093,0.26590909090909093,0.22727272727272727,0.9982482466101893,0.06946509310680632,0.0,0.0,0.0,0.0,nan,nan,nan,nan,nan,nan,nan,nan,nan,nan,nan,0.47452797618901643,0.4050628830822101,2.3771446211458365,20,20,3.9881865978240967
470,,0.4408496936278925,0.03391151489445327,0.5218172371387482,1.0,1.0,1.0,1.0,0.0,1.0,0.0,0.0,0.5,0.1076923076923077,0.1076923076923077,0.3076923076923077,0.9986231765305092,0.06981245585377577,0.0,0.0,0.0,0.0,nan,nan,nan,nan,nan,nan,nan,nan,nan,nan,nan,0.46723330819777986,0.3974208523440041,2.207966444492752,20,20,2.482741117477417
471,,0.442097027155107,0.03157835908250765,0.41481804847717285,1.0,1.0,1.0,1.0,0.0,1.0,0.0,0.0,0.5,0.18214285714285713,0.18214285714285713,0.2857142857142857,0.998939780870614,0.05320625464933587,0.0,0.0,0.0,0.0,nan,nan,nan,nan,nan,nan,nan,nan,nan,nan,nan,0.46185989009126516,0.4086536354419293,2.3963725435846635,20,20,2.6320574283599854
472,,0.4442414473893831,0.03173153195638451,0.5206687390804291,1.0,1.0,1.0,1.0,0.0,1.0,0.0,0.0,0.5015723405139787,0.18928571428571428,0.18928571428571428,0.2857142857142857,0.9985161178026566,0.0651721698255826,0.0,0.0,0.0,0.0,nan,nan,nan,nan,nan,nan,nan,nan,nan,nan,nan,0.4706147791206507,0.4054426092950681,2.3515982698351827,20,20,2.446413993835449
473,,0.4393971418840758,0.016273968217928734,0.3105013906955719,1.0,1.0,1.0,1.0,0.0,1.0,0.0,0.0,0.5,0.1685185185185185,0.1685185185185185,0.14814814814814814,0.9980591771316835,0.08870503547832242,0.0,0.0,0.0,0.0,nan,nan,nan,nan,nan,nan,nan,nan,nan,nan,nan,0.471732626203048,0.3830275907247256,2.107820761206369,20,20,6.8779072761535645
474,,0.4453709169254946,0.015357617825017055,0.24130624532699585,1.0,1.0,1.0,1.0,0.0,1.0,0.0,0.0,0.4995647252119821,0.10862068965517241,0.10862068965517241,0.0,0.9987022044074578,0.06086871372976638,0.0,0.0,0.0,0.0,nan,nan,nan,nan,nan,nan,nan,nan,nan,nan,nan,0.47061426430489767,0.4097455505751313,2.68398240008892,20,20,3.9799489974975586
475,,0.4573335191621966,0.02690197171542333,0.5413048923015594,1.0,1.0,1.0,1.0,1.0,0.9893617021276596,0.005319148936170213,0.005319148936170213,0.4994870102142586,0.31470588235294117,0.31470588235294117,0.0,0.9990515294279316,0.047489334684950535,100.0,0.0019685163479021967,1.0,0.0019685163479021967,nan,nan,nan,nan,nan,nan,nan,nan,nan,nan,nan,0.47858028711568823,0.4310909524307377,2.5467000985987873,20,20,4.059326410293579
476,,0.4475716315026579,0.01657672709269103,1.2081881284713745,1.0,1.0,1.0,1.0,0.0,0.994413407821229,0.00558659217877095,0.0,0.49951904051833684,0.08888888888888889,0.08888888888888889,0.07407407407407407,0.9986264035294132,0.07336615466016422,0.0,0.0,0.0,0.0,nan,nan,nan,nan,nan,nan,nan,nan,nan,nan,nan,0.49199553982062677,0.41862938516046255,2.5727974787994365,20,20,4.104144334793091
477,,0.44325075044979734,0.036937562537483114,0.5094933629035949,1.0,1.0,1.0,1.0,0.0,0.9854014598540146,0.014598540145985401,0.0,0.5002708418605228,0.19583333333333333,0.19583333333333333,0.25,0.9983680639844561,0.07365606239653916,0.0,0.0,0.0,0.0,nan,nan,nan,nan,nan,nan,nan,nan,nan,nan,nan,0.47540777921895805,0.4017517168224189,2.4475157242606245,20,20,2.2516837120056152
478,,0.4482174778099975,0.01948771642652163,0.31231804490089415,1.0,1.0,1.0,1.0,0.0,1.0,0.0,0.0,0.5,0.26956521739130435,0.26956521739130435,0.0,0.9986288172759133,0.06968764505979824,0.0,0.0,0.0,0.0,nan,nan,nan,nan,nan,nan,nan,nan,nan,nan,nan,0.475089554732317,0.40540190967251877,2.3906401743664203,20,20,4.0497822761535645
479,,0.44380978978801505,0.03413921459907808,0.9547921299934388,1.0,1.0,1.0,1.0,0.0,1.0,0.0,0.0,0.5,0.25769230769230766,0.25769230769230766,0.07692307692307693,0.9993082992603803,0.03746395767936572,0.0,0.0,0.0,0.0,nan,nan,nan,nan,nan,nan,nan,nan,nan,nan,nan,0.46447075945086336,0.42700680177149763,2.2032381658142928,20,20,3.1084651947021484
480,,0.45236325517717746,0.022618162758858872,0.5255327761173249,1.0,1.0,1.0,1.0,0.0,1.0,0.0,0.0,0.5004527394473552,0.215,0.215,0.05,0.9990834022241629,0.04775322847302971,0.0,0.0,0.0,0.0,nan,nan,nan,nan,nan,nan,nan,nan,nan,nan,nan,0.4791359078970535,0.4313826794240238,2.5552885674571426,20,20,4.045895338058472
481,,0.4444502580342144,0.02222251290171072,0.4631976306438446,1.0,1.0,1.0,1.0,0.0,1.0,0.0,0.0,0.5,0.1575,0.1575,0.25,0.998485050615628,0.057729380462685,0.0,0.0,0.0,0.0,nan,nan,nan,nan,nan,nan,nan,nan,nan,nan,nan,0.4700973529098605,0.4123679724471755,2.3404007627120267,20,20,3.2710471153259277
482,,0.44524744464762955,0.02120225926893474,0.321218740940094,1.0,1.0,1.0,1.0,1.0,0.9932885906040269,0.0,0.006711409395973154,0.4994231518535387,0.13333333333333333,0.13333333333333333,0.047619047619047616,0.998928748321876,0.060165311998063686,0.0,-0.0033449087392151133,0.0,0.0,nan,nan,nan,nan,nan,nan,nan,nan,nan,nan,nan,0.47027270774861984,0.41010739575055616,2.358253212047361,20,20,2.8285770416259766
483,,0.43858894507963875,0.01993586113998358,0.3673307716846466,1.0,1.0,1.0,1.0,0.0,1.0,0.0,0.0,0.5002582940188322,0.21136363636363636,0.21136363636363636,0.09090909090909091,0.99654276065082,0.10872938789290998,0.0,0.0,0.0,0.0,nan,nan,nan,nan,nan,nan,nan,nan,nan,nan,nan,0.46941778367241643,0.36068839577950645,2.3522192551368875,20,20,3.553335666656494
484,,0.44651505242290623,0.015946966157960936,0.3032215118408203,1.0,1.0,1.0,1.0,0.0,1.0,0.0,0.0,0.5003308854997158,0.1875,0.1875,0.0,0.9975179033687693,0.08740897681858129,0.0,0.0,0.0,0.0,nan,nan,nan,nan,nan,nan,nan,nan,nan,nan,nan,0.47266237086322055,0.38525339404463926,2.338402726836605,20,20,4.205384016036987
485,,0.46292602643541786,0.035609694341185986,0.5052994668483735,1.0,1.0,1.0,1.0,0.0,1.0,0.0,0.0,0.5,0.11538461538461539,0.11538461538461539,0.46153846153846156,0.9559010555013951,0.49393393876680725,0.0,0.0,0.0,0.0,nan,nan,nan,nan,nan,nan,nan,nan,nan,nan,nan,0.8887184982038637,0.3947845594370565,2.2062939018733734,20,20,2.9390153884887695
486,,0.4502059142066441,0.028137869637915255,0.49216296076774596,1.0,1.0,1.0,1.0,0.0,0.9833333333333333,0.016666666666666666,0.0,0.49759289547801017,0.1875,0.1875,0.25,0.9992367494347455,0.046860638213715555,0.0,0.0,0.0,0.0,nan,nan,nan,nan,nan,nan,nan,nan,nan,nan,nan,0.47331997951073984,0.4264593412970243,2.4862925436112597,20,20,3.2452585697174072
487,,0.44441575197104616,0.040401431997367836,0.27232256531715393,1.0,1.0,1.0,1.0,0.0,1.0,0.0,0.0,0.5,0.06818181818181818,0.06818181818181818,0.5454545454545454,0.9989666574001081,0.06197142223408336,0.0,0.0,0.0,0.0,nan,nan,nan,nan,nan,nan,nan,nan,nan,nan,nan,0.46608713958289905,0.4041157173488157,2.619498872072084,20,20,1.8699631690979004
488,,0.4389366598027825,0.019951666354671934,0.3038724184036255,1.0,1.0,1.0,1.0,0.0,1.0,0.0,0.0,0.5005073126066815,0.1590909090909091,0.1590909090909091,0.0,0.9976535827925431,0.073863064090544,0.0,0.0,0.0,0.0,nan,nan,nan,nan,nan,nan,nan,nan,nan,nan,nan,0.4721028375499924,0.3982397734594484,2.503712824650691,20,20,3.1679229736328125
489,,0.45132975667934283,0.020514988939970127,0.38943180441856384,1.0,1.0,1.0,1.0,0.0,0.9945945945945946,0.005405405405405406,0.0,0.5002597191117026,0.2863636363636364,0.2863636363636364,0.13636363636363635,0.9981320629337583,0.07998695732900546,0.0,0.0,0.0,0.0,nan,nan,nan,nan,nan,nan,nan,nan,nan,nan,nan,0.4804759675073534,0.4004890101783479,2.3253602746049,20,20,4.334293603897095
490,,0.45663089781644384,0.025368383212024656,0.40320578813552854,1.0,1.0,1.0,1.0,0.0,0.9948717948717949,0.005128205128205128,0.0,0.49874209677800535,0.30833333333333335,0.30833333333333335,0.05555555555555555,0.9990961432312496,0.04913868003290989,0.0,0.0,0.0,0.0,nan,nan,nan,nan,nan,nan,nan,nan,nan,nan,nan,0.476319311696841,0.4271806316639311,2.481277941895033,20,20,3.948596239089966
491,,0.4392264202371366,0.031373315731224045,0.40509645342826844,1.0,1.0,1.0,1.0,0.0,0.99375,0.00625,0.0,0.4998124234378338,0.13214285714285715,0.13214285714285715,0.21428571428571427,0.9988196404457531,0.060619602114552196,0.0,0.0,0.0,0.0,nan,nan,nan,nan,nan,nan,nan,nan,nan,nan,nan,0.46935645919558905,0.40873685708103685,2.507927216343127,20,20,2.8864452838897705
492,,0.4553982238494315,0.022769911192471577,0.3380609035491943,1.0,1.0,1.0,1.0,0.0,0.9943820224719101,0.0056179775280898875,0.0,0.49975813016295434,0.3175,0.3175,0.15,0.998716637022528,0.06080980361994087,0.0,0.0,0.0,0.0,nan,nan,nan,nan,nan,nan,nan,nan,nan,nan,nan,0.4776824966466708,0.4168726930267299,2.5497622863105303,20,20,4.212625980377197
493,,0.44149848261924807,0.04414984826192481,0.43291341662406924,1.0,1.0,1.0,1.0,0.0,1.0,0.0,0.0,0.5,0.085,0.085,0.0,0.9991066629410564,0.05200216703607319,0.0,0.0,0.0,0.0,nan,nan,nan,nan,nan,nan,nan,nan,nan,nan,nan,0.4772245717384652,0.42522240470239203,2.6295982403739155,20,20,1.7595562934875488
494,,0.4331028351474924,0.024061268619305135,0.3161253213882446,1.0,1.0,1.0,1.0,0.0,0.9885714285714285,0.011428571428571429,0.0,0.5003962378535006,0.28055555555555556,0.28055555555555556,0.1111111111111111,0.9966669714099101,0.08397474647733233,0.0,0.0,0.0,0.0,nan,nan,nan,nan,nan,nan,nan,nan,nan,nan,nan,0.46635429078830626,0.38237954431097393,2.222755742784892,20,20,3.567535877227783
495,,0.441465438158801,0.02102216372184767,0.2148239493370056,1.0,1.0,1.0,1.0,0.0,1.0,0.0,0.0,0.4998842687833877,0.19523809523809524,0.19523809523809524,0.0,0.9979042864383816,0.07361130054125914,0.0,0.0,0.0,0.0,nan,nan,nan,nan,nan,nan,nan,nan,nan,nan,nan,0.4738384289548455,0.4002271284135864,2.315261436451174,20,20,2.835886240005493
496,,0.4534791144963027,0.021594243547442986,0.4187184631824493,1.0,1.0,1.0,1.0,0.0,0.9946236559139785,0.005376344086021506,0.0,0.4999308576186498,0.1619047619047619,0.1619047619047619,0.23809523809523808,0.9989290337991248,0.056871213195572645,0.0,0.0,0.0,0.0,nan,nan,nan,nan,nan,nan,nan,nan,nan,nan,nan,0.4773124022673019,0.4204411890717293,2.7367476931741477,20,20,4.156693458557129
497,,0.4553539531605087,0.028459622072531793,0.42785162925720216,1.0,1.0,1.0,1.0,0.0,1.0,0.0,0.0,0.5004819003865123,0.309375,0.309375,0.0,0.9988382180700441,0.054762111589266804,0.0,0.0,0.0,0.0,nan,nan,nan,nan,nan,nan,nan,nan,nan,nan,nan,0.4758395321446709,0.4210774205554041,2.5148100922874277,20,20,4.419833660125732
498,,0.4412714713732894,0.02757946696083059,0.324662184715271,1.0,1.0,1.0,1.0,1.0,0.986013986013986,0.006993006993006993,0.006993006993006993,0.5022264257073402,0.1625,0.1625,0.3125,0.9978945206530083,0.0984416663022814,0.0,-0.009764842861859871,0.0,0.0,nan,nan,nan,nan,nan,nan,nan,nan,nan,nan,nan,0.4766031686613954,0.378161502359114,2.3778723343199712,20,20,3.954746723175049
499,,0.4545948654891994,0.022729743274459972,0.3178616464138031,1.0,1.0,1.0,1.0,0.0,0.9945054945054945,0.005494505494505495,0.0,0.49999247580766676,0.27,0.27,0.0,0.9985305910486177,0.06398947693656026,0.0,0.0,0.0,0.0,nan,nan,nan,nan,nan,nan,nan,nan,nan,nan,nan,0.47813943660402775,0.4141499596674675,2.4368106409366614,20,20,3.84855318069458
500,,0.44346386902459406,0.02608610994262318,0.3595131516456604,1.0,1.0,1.0,1.0,0.0,1.0,0.0,0.0,0.5001176202998442,0.22647058823529412,0.22647058823529412,0.058823529411764705,0.9981700612417301,0.06365025867573465,0.0,0.0,0.0,0.0,nan,nan,nan,nan,nan,nan,nan,nan,nan,nan,nan,0.46554206764064393,0.4018918089649093,2.5143965716500603,20,20,3.6427345275878906
501,,0.45068636447317056,0.03219188317665504,0.754986834526062,1.0,1.0,1.0,1.0,0.0,1.0,0.0,0.0,0.49838906126096844,0.1392857142857143,0.1392857142857143,0.21428571428571427,0.9993516865005843,0.04035256056657299,0.0,0.0,0.0,0.0,nan,nan,nan,nan,nan,nan,nan,nan,nan,nan,nan,0.4693358237720894,0.4289832632055164,2.5093867008905155,20,20,2.7612521648406982
502,,0.45674633377688856,0.016312369063460307,0.3092271566390991,1.0,1.0,1.0,1.0,0.0,0.995049504950495,0.0049504950495049506,0.0,0.5023179088320051,0.2892857142857143,0.2892857142857143,0.17857142857142858,0.9982909686511894,0.08023491563513618,0.0,0.0,0.0,0.0,nan,nan,nan,nan,nan,nan,nan,nan,nan,nan,nan,0.4837063971385722,0.40347148150343604,2.283062907129066,20,20,5.011135578155518
503,,0.4635666821060355,0.012528829246109069,0.42704477310180666,1.0,1.0,1.0,1.0,0.0,1.0,0.0,0.0,0.5004587999066791,0.11351351351351352,0.11351351351351352,0.05405405405405406,0.9595989931287698,0.4951017757884127,0.0,0.0,0.0,0.0,nan,nan,nan,nan,nan,nan,nan,nan,nan,nan,nan,0.8637245671819656,0.36862279139355286,2.348054772672967,20,20,4.401337623596191
504,,0.4427649659419207,0.02330341926010109,0.7192318916320801,1.0,1.0,1.0,1.0,0.0,0.9929577464788732,0.007042253521126761,0.0,0.4984394687571024,0.19473684210526315,0.19473684210526315,0.21052631578947367,0.9990915641922649,0.04438475224733107,0.0,0.0,0.0,0.0,nan,nan,nan,nan,nan,nan,nan,nan,nan,nan,nan,0.46601982248713314,0.42163507023980207,2.327360219775477,20,20,3.0420327186584473
505,,0.44762767034023143,0.03730230586168595,1.1421380758285522,1.0,1.0,1.0,1.0,0.0,0.9928571428571429,0.007142857142857143,0.0,0.49997481144964695,0.075,0.075,0.25,0.9992308938721425,0.047687595340440536,0.0,0.0,0.0,0.0,nan,nan,nan,nan,nan,nan,nan,nan,nan,nan,nan,0.46820564012106114,0.4205180447806206,2.674035854850962,20,20,2.2501564025878906
506,,0.45861255192950506,0.028663284495594066,0.5438189327716827,1.0,1.0,1.0,1.0,0.0,0.9891891891891892,0.010810810810810811,0.0,0.5011061172932386,0.290625,0.290625,0.375,0.9990423888983234,0.05194974710997097,0.0,0.0,0.0,0.0,nan,nan,nan,nan,nan,nan,nan,nan,nan,nan,nan,0.4816186153988733,0.42966886828890233,2.6106468165712253,20,20,3.566218614578247
507,,0.45209103060218736,0.030139402040145823,0.8722925066947937,1.0,1.0,1.0,1.0,0.0,1.0,0.0,0.0,0.5,0.20666666666666667,0.20666666666666667,0.06666666666666667,0.9993891692733311,0.04281468400765792,0.0,0.0,0.0,0.0,nan,nan,nan,nan,nan,nan,nan,nan,nan,nan,nan,0.4701215770781948,0.4273068930705369,2.6243071241076428,20,20,3.0809311866760254
508,,0.4471549251141986,0.02981032834094657,0.5846709966659546,1.0,1.0,1.0,1.0,0.0,0.9929577464788732,0.007042253521126761,0.0,0.5007464671134949,0.15333333333333332,0.15333333333333332,0.0,0.9992454603734523,0.0409725860007889,0.0,0.0,0.0,0.0,nan,nan,nan,nan,nan,nan,nan,nan,nan,nan,nan,0.4645067984989338,0.4235342124981449,2.4320288122832068,20,20,2.4613466262817383
509,,0.4403251512519929,0.023175007960631204,0.49648160934448243,1.0,1.0,1.0,1.0,0.0,0.9883040935672515,0.011695906432748537,0.0,0.501242101976746,0.21842105263157896,0.21842105263157896,0.10526315789473684,0.9980117771599066,0.07096733403274319,0.0,0.0,0.0,0.0,nan,nan,nan,nan,nan,nan,nan,nan,nan,nan,nan,0.46974359001313226,0.39877625598038907,2.2043813778030588,20,20,4.415931940078735
510,,0.4445350912875398,0.02339658375197578,0.4113732993602753,1.0,1.0,1.0,1.0,0.0,0.9945652173913043,0.005434782608695652,0.0,0.49990779624173515,0.12894736842105264,0.12894736842105264,0.0,0.9989448224397496,0.05622118608610882,0.0,0.0,0.0,0.0,nan,nan,nan,nan,nan,nan,nan,nan,nan,nan,nan,0.4690753938544159,0.41285420776830706,2.339524475041181,20,20,3.4718575477600098
511,,0.43859855825339633,0.04385985582533963,0.4477724671363831,1.0,1.0,1.0,1.0,0.0,1.0,0.0,0.0,0.5,0.1,0.1,0.5,0.9989203600900625,0.052153422190439835,0.0,0.0,0.0,0.0,nan,nan,nan,nan,nan,nan,nan,nan,nan,nan,nan,0.4643456997638983,0.41219227757345844,2.3334696226712475,20,20,2.327091693878174
512,,0.45545100603538446,0.02530283366863247,0.3478217124938965,1.0,1.0,1.0,1.0,0.0,0.9947089947089947,0.005291005291005291,0.0,0.4990013990137312,0.30277777777777776,0.30277777777777776,0.0,0.9986268632418427,0.06270838199998552,0.0,0.0,0.0,0.0,nan,nan,nan,nan,nan,nan,nan,nan,nan,nan,nan,0.47808402248604337,0.41537564048605785,2.488883002458967,20,20,4.183289527893066
513,,0.4442933307627263,0.0233838595138277,0.4233446180820465,1.0,1.0,1.0,1.0,0.0,1.0,0.0,0.0,0.5,0.16842105263157894,0.16842105263157894,0.05263157894736842,0.9982091364688551,0.08972054175452332,0.0,0.0,0.0,0.0,nan,nan,nan,nan,nan,nan,nan,nan,nan,nan,nan,0.46956440152047285,0.37984385976594953,2.4127269383301506,20,20,4.096022129058838
514,,0.44627664045825666,0.02479314669212537,0.3226958215236664,1.0,1.0,1.0,1.0,0.0,1.0,0.0,0.0,0.5,0.2833333333333333,0.2833333333333333,0.16666666666666666,0.9967789222160792,0.08633281162147327,0.0,0.0,0.0,0.0,nan,nan,nan,nan,nan,nan,nan,nan,nan,nan,nan,0.47911676431245803,0.39278395269098476,2.3971719359686814,20,20,3.7257604598999023
515,,0.4751799239491804,0.026398884663843356,0.49049975275993346,1.0,1.0,1.0,1.0,0.0,1.0,0.0,0.0,0.4996842120256689,0.10555555555555556,0.10555555555555556,0.3333333333333333,0.9589665768890941,0.46876400142843294,0.0,0.0,0.0,0.0,nan,nan,nan,nan,nan,nan,nan,nan,nan,nan,nan,0.9004329413336858,0.43166893990525285,2.4784579969122276,20,20,3.4202730655670166
516,,0.45017903816311894,0.022508951908155946,0.6435646057128906,1.0,1.0,1.0,1.0,0.0,1.0,0.0,0.0,0.5,0.2775,0.2775,0.0,0.9985319667906833,0.07612957794878378,0.0,0.0,0.0,0.0,nan,nan,nan,nan,nan,nan,nan,nan,nan,nan,nan,0.4823784146542269,0.4062488367054431,2.4321028479687405,20,20,4.359408140182495
517,,0.44711076097917496,0.03439313545993654,0.594489049911499,1.0,1.0,1.0,1.0,0.0,1.0,0.0,0.0,0.5,0.12307692307692308,0.12307692307692308,0.0,0.9988241992830198,0.055797401648620626,0.0,0.0,0.0,0.0,nan,nan,nan,nan,nan,nan,nan,nan,nan,nan,nan,0.47983387670005095,0.42403647505143033,2.5387985938795685,20,20,2.3553905487060547
518,,0.4539748872208686,0.03242677765863347,0.5690793037414551,1.0,1.0,1.0,1.0,1.0,0.9942528735632183,0.0,0.005747126436781609,0.4984812009547438,0.19642857142857142,0.19642857142857142,0.42857142857142855,0.9991154958968628,0.04661014186794604,0.0,-0.0029437209842310408,0.0,0.0,nan,nan,nan,nan,nan,nan,nan,nan,nan,nan,nan,0.47350695286555733,0.4268968109976113,2.7703892938226673,20,20,3.4691739082336426
519,,0.45666165061502584,0.024034823716580306,0.36982213258743285,1.0,1.0,1.0,1.0,0.0,1.0,0.0,0.0,0.49829122918216806,0.33421052631578946,0.33421052631578946,0.2631578947368421,0.9990006647129491,0.0572964707305873,0.0,0.0,0.0,0.0,nan,nan,nan,nan,nan,nan,nan,nan,nan,nan,nan,0.480124011212086,0.4228275404814987,2.235182659846477,20,20,4.112519025802612
520,,0.44292744911683896,0.017035671119878422,0.23417387902736664,1.0,1.0,1.0,1.0,0.0,1.0,0.0,0.0,0.4999133845934501,0.3153846153846154,0.3153846153846154,0.07692307692307693,0.9967016010106593,0.10835493382764239,0.0,0.0,0.0,0.0,nan,nan,nan,nan,nan,nan,nan,nan,nan,nan,nan,0.47960306346485154,0.37124812963720916,2.168408687617859,20,20,5.191609621047974
521,,0.4469638002554424,0.024831322236413468,0.4011621654033661,1.0,1.0,1.0,1.0,0.0,1.0,0.0,0.0,0.5005307801895671,0.15833333333333333,0.15833333333333333,0.3333333333333333,0.9984243097529794,0.06498309648721129,0.0,0.0,0.0,0.0,nan,nan,nan,nan,nan,nan,nan,nan,nan,nan,nan,0.48457216320562485,0.41958906671841356,2.543855338814777,20,20,5.014319181442261
522,,0.45966574762552287,0.02872910922659518,0.8108663558959961,1.0,1.0,1.0,1.0,1.0,0.995049504950495,0.0,0.0049504950495049506,0.49884235272184013,0.25625,0.25625,0.1875,0.9991351688712955,0.05015193586538658,100.0,0.00044217423482361545,1.0,0.00044217423482361545,nan,nan,nan,nan,nan,nan,nan,nan,nan,nan,nan,0.4752560718526095,0.4251041359872229,2.631718733008647,20,20,3.9809651374816895
523,,0.44881030449396214,0.021371919261617245,0.3867297828197479,1.0,1.0,1.0,1.0,0.0,0.9931506849315068,0.00684931506849315,0.0,0.5003348395937965,0.14285714285714285,0.14285714285714285,0.09523809523809523,0.9969634951527923,0.12391604251563265,0.0,0.0,0.0,0.0,nan,nan,nan,nan,nan,nan,nan,nan,nan,nan,nan,0.531962562877569,0.4080465203619364,2.48051318971069,20,20,3.852304220199585
524,,0.4489031357198462,0.023626480827360324,0.2965216636657715,1.0,1.0,1.0,1.0,0.0,1.0,0.0,0.0,0.5007179134770443,0.2026315789473684,0.2026315789473684,0.3157894736842105,0.9981992397191439,0.06558779019519856,0.0,0.0,0.0,0.0,nan,nan,nan,nan,nan,nan,nan,nan,nan,nan,nan,0.47621230960350724,0.4106245194083087,2.4389654143916117,20,20,4.327081918716431
525,,0.4490880698642983,0.018712002911012427,0.3653726100921631,1.0,1.0,1.0,1.0,0.0,1.0,0.0,0.0,0.5009100976089637,0.19166666666666668,0.19166666666666668,0.16666666666666666,0.9983649089112281,0.0878979230003955,0.0,0.0,0.0,0.0,nan,nan,nan,nan,nan,nan,nan,nan,nan,nan,nan,0.49382969160576856,0.40593176860537306,2.433179767533881,20,20,4.024369478225708
526,,0.44557117441012467,0.03427470572385574,0.4830218732357025,1.0,1.0,1.0,1.0,0.0,1.0,0.0,0.0,0.4992190120311884,0.1423076923076923,0.1423076923076923,0.0,0.9989621248807787,0.05224223769507513,0.0,0.0,0.0,0.0,nan,nan,nan,nan,nan,nan,nan,nan,nan,nan,nan,0.4658517672836878,0.4136095295886127,2.5734141352977042,20,20,2.5301809310913086
527,,0.44445009768255994,0.03174643554875428,0.38614577054977417,1.0,1.0,1.0,1.0,0.0,1.0,0.0,0.0,0.5002957503710475,0.11428571428571428,0.11428571428571428,0.0,0.9993926140013761,0.03916135862721004,0.0,0.0,0.0,0.0,nan,nan,nan,nan,nan,nan,nan,nan,nan,nan,nan,0.46681983367308255,0.4276584750458725,2.44079202958021,20,20,2.4740283489227295
528,,0.4780638994663271,0.019919329144430297,0.48487880229949953,1.0,1.0,1.0,1.0,0.0,1.0,0.0,0.0,0.500448614731431,0.3125,0.3125,0.0,0.9580421915375318,0.5038532077826003,0.0,0.0,0.0,0.0,nan,nan,nan,nan,nan,nan,nan,nan,nan,nan,nan,0.9068277145716888,0.40297450678908836,2.409830337426012,20,20,4.642077207565308
529,,0.4449701451709787,0.02781063407318617,0.811755383014679,1.0,1.0,1.0,1.0,0.0,1.0,0.0,0.0,0.49981144461780785,0.203125,0.203125,0.0,0.9981317440910452,0.07727871953085808,0.0,0.0,0.0,0.0,nan,nan,nan,nan,nan,nan,nan,nan,nan,nan,nan,0.4733582660339703,0.3960795465031122,2.55489419494518,20,20,3.2533462047576904
530,,0.4684369979266003,0.026024277662588906,0.4685651481151581,1.0,1.0,1.0,1.0,0.0,1.0,0.0,0.0,0.5,0.2111111111111111,0.2111111111111111,0.3333333333333333,0.9592563901449381,0.47209231124894097,0.0,0.0,0.0,0.0,nan,nan,nan,nan,nan,nan,nan,nan,nan,nan,nan,0.8848263417876894,0.4127340305387484,2.354523237627261,20,20,2.762277841567993
531,,0.44772638548953,0.024873688082751665,0.5398513734340668,1.0,1.0,1.0,1.0,0.0,1.0,0.0,0.0,0.4989436185815268,0.23333333333333334,0.23333333333333334,0.0,0.9986828449604157,0.05168076204050004,0.0,0.0,0.0,0.0,nan,nan,nan,nan,nan,nan,nan,nan,nan,nan,nan,0.47355350906458366,0.4218727470240836,2.3044769124076274,20,20,3.4863195419311523
532,,0.4420507008423258,0.02762816880264536,0.3039340078830719,1.0,1.0,1.0,1.0,0.0,1.0,0.0,0.0,0.5006164537742734,0.15,0.15,0.0,0.9987184601384453,0.0693104735801024,0.0,0.0,0.0,0.0,nan,nan,nan,nan,nan,nan,nan,nan,nan,nan,nan,0.47895610078645795,0.40964562720635556,2.3970305926691675,20,20,3.0067553520202637
533,,0.4482079470598584,0.034477534389219876,0.41547125577926636,1.0,1.0,1.0,1.0,0.0,1.0,0.0,0.0,0.4996338819081967,0.16538461538461538,0.16538461538461538,0.3076923076923077,0.9989895869368307,0.05153010847198419,0.0,0.0,0.0,0.0,nan,nan,nan,nan,nan,nan,nan,nan,nan,nan,nan,0.47203185601443887,0.4205017475424547,2.6318448140196167,20,20,3.807833433151245
534,,0.4406629518383923,0.01573796256565687,0.22536144852638246,1.0,1.0,1.0,1.0,0.0,1.0,0.0,0.0,0.5001256665480989,0.3053571428571429,0.3053571428571429,0.10714285714285714,0.9961330892751449,0.12130142173777048,0.0,0.0,0.0,0.0,nan,nan,nan,nan,nan,nan,nan,nan,nan,nan,nan,0.4714908967009625,0.350189474963192,2.1859468550913443,20,20,4.039684534072876
535,,0.4419132305620187,0.020086965025546303,0.31115341782569883,1.0,1.0,1.0,1.0,0.0,0.994535519125683,0.00546448087431694,0.0,0.4992063720117916,0.22727272727272727,0.22727272727272727,0.22727272727272727,0.9975227128151781,0.06984984207083544,0.0,0.0,0.0,0.0,nan,nan,nan,nan,nan,nan,nan,nan,nan,nan,nan,0.47352936639423215,0.4036795243233967,2.4809957034151955,20,20,7.543581485748291
536,,0.4430816827730802,0.017723267310923208,0.21779366433620453,1.0,1.0,1.0,1.0,0.0,1.0,0.0,0.0,0.5002776537239552,0.276,0.276,0.0,0.9964826374919614,0.09192124602389712,0.0,0.0,0.0,0.0,nan,nan,nan,nan,nan,nan,nan,nan,nan,nan,nan,0.4688937417154258,0.3769724956915287,2.2716579466460685,20,20,5.278907775878906
537,,0.4699594870570041,0.01807536488680785,0.5757941603660583,1.0,1.0,1.0,1.0,0.0,0.994413407821229,0.00558659217877095,0.0,0.4997941164729687,0.3230769230769231,0.3230769230769231,0.0,0.962220929023793,0.4598027344230816,0.0,0.0,0.0,0.0,nan,nan,nan,nan,nan,nan,nan,nan,nan,nan,nan,0.8648023093215952,0.40499957489851357,2.3432936368022963,20,20,4.006723403930664
538,,0.4354216239018014,0.015550772282207193,0.40792025327682496,1.0,1.0,1.0,1.0,0.0,0.9884393063583815,0.011560693641618497,0.0,0.4990469100752047,0.26071428571428573,0.26071428571428573,0.10714285714285714,0.9959376631610681,0.09753044658743171,0.0,0.0,0.0,0.0,nan,nan,nan,nan,nan,nan,nan,nan,nan,nan,nan,0.468433842562894,0.3709033959754623,2.183225081309714,20,20,4.552649259567261
539,,0.455638434687647,0.030375895645843132,0.36539453864097593,1.0,1.0,1.0,1.0,0.0,0.9947916666666666,0.005208333333333333,0.0,0.4996455059448878,0.2733333333333333,0.2733333333333333,0.3333333333333333,0.9985241981016143,0.060663230191319695,0.0,0.0,0.0,0.0,nan,nan,nan,nan,nan,nan,nan,nan,nan,nan,nan,0.4776949810945921,0.4170317509032724,2.509682330607364,20,20,4.045264959335327
540,,0.4394547089857292,0.029296980599048613,0.44679107069969176,1.0,1.0,1.0,1.0,0.0,0.9934640522875817,0.006535947712418301,0.0,0.5005758786201477,0.21333333333333335,0.21333333333333335,0.3333333333333333,0.9972623157506002,0.08009609910766047,0.0,0.0,0.0,0.0,nan,nan,nan,nan,nan,nan,nan,nan,nan,nan,nan,0.482613227022871,0.40251712791521055,2.4694511059168014,20,20,4.863225698471069
541,,0.46026358317548965,0.030684238878365976,1.2463545083999634,1.0,1.0,1.0,1.0,0.0,1.0,0.0,0.0,0.5,0.28,0.28,0.06666666666666667,0.9992904357288657,0.04157321488061122,0.0,0.0,0.0,0.0,nan,nan,nan,nan,nan,nan,nan,nan,nan,nan,nan,0.4764429273043855,0.43486971242377426,2.636974825040428,20,20,3.7399439811706543
542,,0.4464956963877034,0.03189254974197882,0.22232829332351683,1.0,1.0,1.0,1.0,1.0,0.9870967741935484,0.0064516129032258064,0.0064516129032258064,0.49768907425126857,0.1357142857142857,0.1357142857142857,0.2857142857142857,0.9982484060523658,0.07994338410598734,0.0,-0.0017104728766357685,0.0,0.0,nan,nan,nan,nan,nan,nan,nan,nan,nan,nan,nan,0.4805440403310634,0.40060065622507607,2.5819578549563573,20,20,2.343798875808716
543,,0.4382558998319379,0.025779758813643406,0.3292562007904053,1.0,1.0,1.0,1.0,0.0,1.0,0.0,0.0,0.498635111508124,0.1411764705882353,0.1411764705882353,0.23529411764705882,0.9972260483480017,0.08976188264702956,0.0,0.0,0.0,0.0,nan,nan,nan,nan,nan,nan,nan,nan,nan,nan,nan,0.475791632078219,0.38602974943118945,2.3160175623078083,20,20,3.262362003326416
544,,0.44751959374263717,0.04068359943114883,0.775688898563385,1.0,1.0,1.0,1.0,0.0,1.0,0.0,0.0,0.49956593784418973,0.06363636363636363,0.06363636363636363,0.0,0.999229552406626,0.04204705304403311,0.0,0.0,0.0,0.0,nan,nan,nan,nan,nan,nan,nan,nan,nan,nan,nan,0.4660597125032373,0.4240126594592042,2.7618123625531554,20,20,1.8844358921051025
545,,0.44148437845339134,0.023236019918599544,0.3695222198963165,1.0,1.0,1.0,1.0,0.0,0.9924242424242424,0.007575757575757576,0.0,0.5002390511726078,0.14473684210526316,0.14473684210526316,0.2631578947368421,0.9990009080202613,0.05126024943410468,0.0,0.0,0.0,0.0,nan,nan,nan,nan,nan,nan,nan,nan,nan,nan,nan,0.46259251494071274,0.41133226550660806,2.242186773470121,20,20,4.666849136352539
546,,0.44397753946186597,0.016443612572661703,0.2019758939743042,1.0,1.0,1.0,1.0,0.0,0.9891891891891892,0.010810810810810811,0.0,0.5006595657931434,0.16666666666666666,0.16666666666666666,0.07407407407407407,0.9974439022939569,0.1000259524118462,0.0,0.0,0.0,0.0,nan,nan,nan,nan,nan,nan,nan,nan,nan,nan,nan,0.476580216698517,0.3765542642866708,2.5737291865380896,20,20,4.532737493515015
547,,0.43884991053548217,0.03375768542580632,0.3756697654724121,1.0,1.0,1.0,1.0,0.0,1.0,0.0,0.0,0.5,0.13846153846153847,0.13846153846153847,0.15384615384615385,0.9995032303873755,0.03826839448571451,0.0,0.0,0.0,0.0,nan,nan,nan,nan,nan,nan,nan,nan,nan,nan,nan,0.46417087290722114,0.42590247842150664,2.273758475908737,20,20,2.13273549079895
548,,0.44227448265209063,0.017690979306083626,0.1868410050868988,1.0,1.0,1.0,1.0,0.0,0.9929078014184397,0.0070921985815602835,0.0,0.4990831377208233,0.132,0.132,0.04,0.9984046607825424,0.08354969230739184,0.0,0.0,0.0,0.0,nan,nan,nan,nan,nan,nan,nan,nan,nan,nan,nan,0.4737823321273611,0.39023263981996925,2.553697537122253,20,20,3.288414478302002
549,,0.4766682767670945,0.02166673985304975,0.5019346415996552,1.0,1.0,1.0,1.0,0.0,1.0,0.0,0.0,0.49941458644514736,0.18863636363636363,0.18863636363636363,0.09090909090909091,0.9635892969810006,0.46892577937556107,0.0,0.0,0.0,0.0,nan,nan,nan,nan,nan,nan,nan,nan,nan,nan,nan,0.8738222328794447,0.40489645350388365,2.427221369445494,20,20,3.7649617195129395
550,,0.4404509004047564,0.02318162633709244,0.5145244181156159,1.0,1.0,1.0,1.0,0.0,1.0,0.0,0.0,0.498383508465792,0.3,0.3,0.15789473684210525,0.9978480153184682,0.08763181820007326,0.0,0.0,0.0,0.0,nan,nan,nan,nan,nan,nan,nan,nan,nan,nan,nan,0.4768776452474308,0.38924582704735755,2.2258045524842536,20,20,3.684941291809082
551,,0.4458623242269476,0.02229311621134738,0.3009638249874115,1.0,1.0,1.0,1.0,0.0,0.9875,0.0125,0.0,0.5014850080013276,0.3175,0.3175,0.05,0.9988475204862399,0.05289135390128924,0.0,0.0,0.0,0.0,nan,nan,nan,nan,nan,nan,nan,nan,nan,nan,nan,0.46721575929119363,0.4143244053899044,2.322309704695395,20,20,3.362560987472534
552,,0.4456570053681645,0.024758722520453583,0.26058643460273745,1.0,1.0,1.0,1.0,0.0,0.9925373134328358,0.007462686567164179,0.0,0.4990041077964836,0.15555555555555556,0.15555555555555556,0.16666666666666666,0.9990013969282775,0.04522784480446518,0.0,0.0,0.0,0.0,nan,nan,nan,nan,nan,nan,nan,nan,nan,nan,nan,0.47126974328747456,0.4260418984830094,2.3982875942819506,20,20,4.780946254730225
553,,0.4479898992562662,0.02239949496281331,0.28704086542129514,1.0,1.0,1.0,1.0,0.0,1.0,0.0,0.0,0.4999800191819668,0.225,0.225,0.2,0.9989011116071944,0.055617928572534225,0.0,0.0,0.0,0.0,nan,nan,nan,nan,nan,nan,nan,nan,nan,nan,nan,0.4727436783101108,0.4171257497375766,2.3088634170007523,20,20,2.8434839248657227
554,,0.44763824650002193,0.022381912325001096,0.41522668600082396,1.0,1.0,1.0,1.0,1.0,0.9891891891891892,0.005405405405405406,0.005405405405405406,0.5007807053998112,0.2175,0.2175,0.1,0.9989171200186078,0.055196424309279846,0.0,-0.03326303025500712,0.0,0.0,nan,nan,nan,nan,nan,nan,nan,nan,nan,nan,nan,0.47547084223016567,0.4202744179208858,2.3810183756798935,20,20,4.630556583404541
555,,0.44231416651692695,0.03159386903692336,0.34556358456611636,1.0,1.0,1.0,1.0,0.0,1.0,0.0,0.0,0.5004670304911477,0.19285714285714287,0.19285714285714287,0.21428571428571427,0.9976462392024054,0.08085590910581186,0.0,0.0,0.0,0.0,nan,nan,nan,nan,nan,nan,nan,nan,nan,nan,nan,0.4766213445872468,0.39576543548143495,2.401004118771007,20,20,3.925657033920288
556,,0.4559585289218443,0.030397235261456285,0.674601423740387,1.0,1.0,1.0,1.0,1.0,0.994475138121547,0.0,0.0055248618784530384,0.49973819732666014,0.15333333333333332,0.15333333333333332,0.4,0.9992752234457546,0.04451295077040657,100.0,0.0156470014351196,1.0,0.0156470014351196,nan,nan,nan,nan,nan,nan,nan,nan,nan,nan,nan,0.4727318218498135,0.4282188710794069,2.628678641543047,20,20,4.558328866958618
557,,0.4545848108901513,0.01748403118808274,0.2751309394836426,1.0,1.0,1.0,1.0,0.0,1.0,0.0,0.0,0.5003376332613138,0.25,0.25,0.0,0.9977072515023213,0.0815974253550355,0.0,0.0,0.0,0.0,nan,nan,nan,nan,nan,nan,nan,nan,nan,nan,nan,0.477296246566551,0.3956988212115155,2.565182140526428,20,20,4.717482805252075
558,,0.45184721392810867,0.016735081997337357,0.31648016571998594,1.0,1.0,1.0,1.0,0.0,1.0,0.0,0.0,0.5006554615718347,0.22777777777777777,0.22777777777777777,0.1111111111111111,0.9972874190985485,0.08489354419386985,0.0,0.0,0.0,0.0,nan,nan,nan,nan,nan,nan,nan,nan,nan,nan,nan,0.47891942025490775,0.3940258760610379,2.417698394464677,20,20,4.293461799621582
559,,0.44224979509114176,0.01768999180364567,0.334908127784729,1.0,1.0,1.0,1.0,0.0,1.0,0.0,0.0,0.49987966346740725,0.088,0.088,0.0,0.998741747747245,0.06986665119416124,0.0,0.0,0.0,0.0,nan,nan,nan,nan,nan,nan,nan,nan,nan,nan,nan,0.476643632876397,0.40677698168223575,2.585719418385521,20,20,3.2415928840637207
560,,0.4379389841933746,0.021896949209668733,0.2997366487979889,1.0,1.0,1.0,1.0,0.0,1.0,0.0,0.0,0.5002594039589167,0.125,0.125,0.25,0.997767221700732,0.09156048759897734,0.0,0.0,0.0,0.0,nan,nan,nan,nan,nan,nan,nan,nan,nan,nan,nan,0.467801185655488,0.37624069805651067,2.2261377096444575,20,20,4.454355716705322
561,,0.44379778785426005,0.01929555599366348,0.22489900887012482,1.0,1.0,1.0,1.0,0.0,1.0,0.0,0.0,0.5,0.21739130434782608,0.21739130434782608,0.13043478260869565,0.9981370282111977,0.06406537186293121,0.0,0.0,0.0,0.0,nan,nan,nan,nan,nan,nan,nan,nan,nan,nan,nan,0.46800177575721863,0.4039364038942874,2.3168823342617864,20,20,3.816511392593384
562,,0.44007600893143656,0.020956000425306504,0.21664368510246276,1.0,1.0,1.0,1.0,0.0,1.0,0.0,0.0,0.5,0.15,0.15,0.0,0.9978504483707934,0.08149440883256787,0.0,0.0,0.0,0.0,nan,nan,nan,nan,nan,nan,nan,nan,nan,nan,nan,0.4744367868532692,0.3929423780207013,2.2640822169266994,20,20,2.7249844074249268
563,,0.4433795989503604,0.03166997135359717,0.2958799183368683,1.0,1.0,1.0,1.0,0.0,1.0,0.0,0.0,0.5002685242465564,0.24285714285714285,0.24285714285714285,0.35714285714285715,0.9981437851030356,0.0869078456787436,0.0,0.0,0.0,0.0,nan,nan,nan,nan,nan,nan,nan,nan,nan,nan,nan,0.48188530383327766,0.39497745815453406,2.411065046475501,20,20,2.274078130722046
564,,0.43905364489718685,0.01908928890857334,0.27158060669898987,1.0,1.0,1.0,1.0,0.0,1.0,0.0,0.0,0.5,0.2326086956521739,0.2326086956521739,0.13043478260869565,0.9981444261276045,0.06784997733837927,0.0,0.0,0.0,0.0,nan,nan,nan,nan,nan,nan,nan,nan,nan,nan,nan,0.46370956763706694,0.39585959029868767,2.2531752023975478,20,20,4.151010036468506
565,,0.44218439004208104,0.040198580912916455,0.759787666797638,1.0,1.0,1.0,1.0,0.0,1.0,0.0,0.0,0.5,0.14545454545454545,0.14545454545454545,0.0,0.9982868670100121,0.07539728743519397,0.0,0.0,0.0,0.0,nan,nan,nan,nan,nan,nan,nan,nan,nan,nan,nan,0.47501606905001703,0.39961878161482306,2.555973406309013,20,20,1.8560137748718262
566,,0.44025953734060147,0.013341198101230347,0.2395997941493988,1.0,1.0,1.0,1.0,0.0,0.9948186528497409,0.0051813471502590676,0.0,0.49949878896727706,0.4303030303030303,0.4303030303030303,0.15151515151515152,0.9947227969578674,0.1296518457255157,0.0,0.0,0.0,0.0,nan,nan,nan,nan,nan,nan,nan,nan,nan,nan,nan,0.4940528440065442,0.3644009982810285,2.059675362761094,20,20,5.820733308792114
567,,0.49479601800406264,0.015961161871098795,0.5025519728660583,1.0,1.0,1.0,1.0,0.0,0.9953051643192489,0.004694835680751174,0.0,0.5002182323125101,0.2854838709677419,0.2854838709677419,0.0,0.9348844724982266,0.49980361408840757,0.0,0.0,0.0,0.0,nan,nan,nan,nan,nan,nan,nan,nan,nan,nan,nan,0.9037094080892114,0.40390579400080384,2.211602014940359,20,20,5.1715006828308105
568,,0.45640389149409966,0.018256155659763986,1.3485992908477784,1.0,1.0,1.0,1.0,0.0,0.9947916666666666,0.005208333333333333,0.0,0.5000755356550217,0.144,0.144,0.0,0.998137605868283,0.06684879252874248,0.0,0.0,0.0,0.0,nan,nan,nan,nan,nan,nan,nan,nan,nan,nan,nan,0.4791279270810639,0.4122791345523214,2.581321473754281,20,20,3.940455675125122
569,,0.44418891841558916,0.029612594561039277,0.46401613354682925,1.0,1.0,1.0,1.0,0.0,1.0,0.0,0.0,0.4995121031006177,0.12666666666666668,0.12666666666666668,0.4,0.9982977293756377,0.08445918167219457,0.0,0.0,0.0,0.0,nan,nan,nan,nan,nan,nan,nan,nan,nan,nan,nan,0.4705138036251786,0.386054621952984,2.398420978206574,20,20,2.1940786838531494
570,,0.4610188170283779,0.02195327700135133,0.5247323274612427,1.0,1.0,1.0,1.0,0.0,1.0,0.0,0.0,0.5,0.11428571428571428,0.11428571428571428,0.14285714285714285,0.9497644940948183,0.5327808276695428,0.0,0.0,0.0,0.0,nan,nan,nan,nan,nan,nan,nan,nan,nan,nan,nan,0.9128721582509928,0.38009133058144995,2.446068203089962,20,20,2.875572681427002
571,,0.4379914051047219,0.031285100364622995,1.1095957279205322,1.0,1.0,1.0,1.0,0.0,1.0,0.0,0.0,0.5001969822815486,0.1357142857142857,0.1357142857142857,0.0,0.9987830748079644,0.05876707276362664,0.0,0.0,0.0,0.0,nan,nan,nan,nan,nan,nan,nan,nan,nan,nan,nan,0.466595940337909,0.4078288675742824,2.27124880609085,20,20,2.6902196407318115
572,,0.4536427956829713,0.025202377537942848,0.34190245270729064,1.0,1.0,1.0,1.0,0.0,0.9894736842105263,0.010526315789473684,0.0,0.4987967039975855,0.43333333333333335,0.43333333333333335,0.2222222222222222,0.9978713260843036,0.09529803397030462,0.0,0.0,0.0,0.0,nan,nan,nan,nan,nan,nan,nan,nan,nan,nan,nan,0.4838247137143748,0.3885266797440702,2.394233917209572,20,20,4.524376153945923
573,,0.4548311663038,0.026754774488458824,0.47859531044960024,1.0,1.0,1.0,1.0,1.0,0.989010989010989,0.005494505494505495,0.005494505494505495,0.5022947567350724,0.26176470588235295,0.26176470588235295,0.0,0.9987910441236203,0.0697283183297494,0.0,-0.00021994721328895406,0.0,0.0,nan,nan,nan,nan,nan,nan,nan,nan,nan,nan,nan,0.4813438628439025,0.4116155445141531,2.387985792792655,20,20,3.6998884677886963
574,,0.44528338759958247,0.022264169379979125,0.36519020795822144,1.0,1.0,1.0,1.0,0.0,1.0,0.0,0.0,0.5,0.2575,0.2575,0.0,0.9984192485066065,0.07103237636371867,0.0,0.0,0.0,0.0,nan,nan,nan,nan,nan,nan,nan,nan,nan,nan,nan,0.4746653158137285,0.40363293945000983,2.1584461001919726,20,20,3.803191661834717
575,,0.4500996034394286,0.03000664022929524,0.28818121552467346,1.0,1.0,1.0,1.0,0.0,1.0,0.0,0.0,0.49936539938052493,0.2633333333333333,0.2633333333333333,0.13333333333333333,0.99770783439541,0.09910073978161527,0.0,0.0,0.0,0.0,nan,nan,nan,nan,nan,nan,nan,nan,nan,nan,nan,0.4771599921082036,0.3780592523265883,2.3815905666862696,20,20,3.44230318069458
576,,0.45418850355539386,0.01622101798412121,0.2961335420608521,1.0,1.0,1.0,1.0,0.0,1.0,0.0,0.0,0.5,0.20357142857142857,0.20357142857142857,0.0,0.9983612965286527,0.07256379853047107,0.0,0.0,0.0,0.0,nan,nan,nan,nan,nan,nan,nan,nan,nan,nan,nan,0.4807154594143124,0.4081516608838413,2.46096087558814,20,20,4.079777240753174
577,,0.45000659026124057,0.03000043935074937,0.2841972947120667,1.0,1.0,1.0,1.0,0.0,1.0,0.0,0.0,0.5,0.16333333333333333,0.16333333333333333,0.0,0.998832003698901,0.06019929985976136,0.0,0.0,0.0,0.0,nan,nan,nan,nan,nan,nan,nan,nan,nan,nan,nan,0.4723454444533208,0.4121461445935594,2.5574539270082917,20,20,2.4032950401306152
578,,0.44505834263151933,0.03423525712550149,0.5568223893642426,1.0,1.0,1.0,1.0,1.0,0.9920634920634921,0.0,0.007936507936507936,0.501108420582918,0.11538461538461539,0.11538461538461539,0.0,0.9990008896842704,0.05233713238636445,100.0,0.00204712506945455,1.0,0.00204712506945455,nan,nan,nan,nan,nan,nan,nan,nan,nan,nan,nan,0.4738337299665432,0.42149659758017877,2.3695272712902673,20,20,2.1542439460754395
579,,0.45178658772610614,0.030119105848407077,0.299363774061203,1.0,1.0,1.0,1.0,0.0,1.0,0.0,0.0,0.5006881827116012,0.30666666666666664,0.30666666666666664,0.0,0.9974301495835745,0.1027592879149048,0.0,0.0,0.0,0.0,nan,nan,nan,nan,nan,nan,nan,nan,nan,nan,nan,0.48080308440532565,0.37804379649042086,2.2680935157252837,20,20,3.4398257732391357
580,,0.467640312337517,0.02338201561687585,0.48622809648513793,1.0,1.0,1.0,1.0,0.0,1.0,0.0,0.0,0.5,0.15,0.15,0.05,0.9564818285870408,0.47515157904926353,0.0,0.0,0.0,0.0,nan,nan,nan,nan,nan,nan,nan,nan,nan,nan,nan,0.8995364958616254,0.4243849168123619,2.3362191461507615,20,20,2.9669015407562256
581,,0.44364427777437004,0.02334969883023,0.9679871916770935,1.0,1.0,1.0,1.0,0.0,1.0,0.0,0.0,0.4994682627288919,0.24210526315789474,0.24210526315789474,0.10526315789473684,0.9978079810387278,0.08225641404602729,0.0,0.0,0.0,0.0,nan,nan,nan,nan,nan,nan,nan,nan,nan,nan,nan,0.47285216834109384,0.39059575429506654,2.2426815984364157,20,20,4.0984063148498535
582,,0.4533294980604299,0.023859447266338416,0.42964208126068115,1.0,1.0,1.0,1.0,0.0,1.0,0.0,0.0,0.5,0.2868421052631579,0.2868421052631579,0.0,0.9988426961871256,0.05458165206064142,0.0,0.0,0.0,0.0,nan,nan,nan,nan,nan,nan,nan,nan,nan,nan,nan,0.4729768819131351,0.41839522985249367,2.46705278419096,20,20,4.235602617263794
583,,0.44084107316252624,0.02593182783308978,0.3318877756595612,1.0,1.0,1.0,1.0,1.0,0.9925373134328358,0.0,0.007462686567164179,0.49922229980721194,0.13823529411764707,0.13823529411764707,0.29411764705882354,0.9984038089606571,0.07594117914426546,100.0,0.00014064970164274354,1.0,0.00014064970164274354,nan,nan,nan,nan,nan,nan,nan,nan,nan,nan,nan,0.47335002236413143,0.39740884321986597,2.2858930179449914,20,20,3.859495162963867
584,,0.43755906690811097,0.02083614604324338,0.1902187556028366,1.0,1.0,1.0,1.0,0.0,0.9933333333333333,0.006666666666666667,0.0,0.49888869190499896,0.15476190476190477,0.15476190476190477,0.14285714285714285,0.996627523054624,0.13000867729235477,0.0,0.0,0.0,0.0,nan,nan,nan,nan,nan,nan,nan,nan,nan,nan,nan,0.4771740547611088,0.34716537746875403,2.372712403238338,20,20,3.4568381309509277
585,,0.44542605922285866,0.034263543017142975,0.5658704161643981,1.0,1.0,1.0,1.0,0.0,0.9856115107913669,0.014388489208633094,0.0,0.5013321463878339,0.1576923076923077,0.1576923076923077,0.38461538461538464,0.9980681888798209,0.07912500341339768,0.0,0.0,0.0,0.0,nan,nan,nan,nan,nan,nan,nan,nan,nan,nan,nan,0.4702471881830311,0.3911221847696334,2.4702616174500283,20,20,2.5147321224212646
586,,0.443325702031641,0.034101977079357,0.7555781722068786,1.0,1.0,1.0,1.0,0.0,0.9928571428571429,0.007142857142857143,0.0,0.5006124592744388,0.11538461538461539,0.11538461538461539,0.0,0.9991369883326702,0.05062730721071912,0.0,0.0,0.0,0.0,nan,nan,nan,nan,nan,nan,nan,nan,nan,nan,nan,0.4655851161129329,0.4149578089022138,2.352305112451757,20,20,2.2315073013305664
587,,0.44732285336969935,0.02795767833560621,0.35729883313179017,1.0,1.0,1.0,1.0,0.0,1.0,0.0,0.0,0.49896813039667903,0.18125,0.18125,0.0,0.9994240749458058,0.05041612668990497,0.0,0.0,0.0,0.0,nan,nan,nan,nan,nan,nan,nan,nan,nan,nan,nan,0.46320328632601554,0.41278715963611057,2.4730450252660834,20,20,2.63537335395813
588,,0.44883603942703826,0.022441801971351913,0.1968037813901901,1.0,1.0,1.0,1.0,0.0,0.994475138121547,0.0055248618784530384,0.0,0.5009765827655792,0.24,0.24,0.1,0.9976972926180904,0.07152044396783142,0.0,0.0,0.0,0.0,nan,nan,nan,nan,nan,nan,nan,nan,nan,nan,nan,0.47802239119965506,0.40650194723182365,2.303828967749819,20,20,4.626284599304199
589,,0.44452982665695284,0.03175213047549663,0.40073844194412234,1.0,1.0,1.0,1.0,0.0,1.0,0.0,0.0,0.5007764551256384,0.16071428571428573,0.16071428571428573,0.0,0.9990470435227908,0.05108398289897581,0.0,0.0,0.0,0.0,nan,nan,nan,nan,nan,nan,nan,nan,nan,nan,nan,0.4673249629375201,0.4162409800385443,2.3672636465686905,20,20,2.211846351623535
590,,0.4492829741964765,0.020421953372567112,0.40403093695640563,1.0,1.0,1.0,1.0,0.0,0.9876543209876543,0.012345679012345678,0.0,0.4996898591518402,0.16363636363636364,0.16363636363636364,0.2727272727272727,0.9987066036194264,0.05507363580446395,0.0,0.0,0.0,0.0,nan,nan,nan,nan,nan,nan,nan,nan,nan,nan,nan,0.47108132301023786,0.4160076872057739,2.4396503342271347,20,20,3.3330588340759277
591,,0.45907885242431296,0.03060525682828753,0.6879676938056946,1.0,1.0,1.0,1.0,0.0,1.0,0.0,0.0,0.4994377616047859,0.31,0.31,0.3333333333333333,0.9987091514446921,0.06098206993707833,0.0,0.0,0.0,0.0,nan,nan,nan,nan,nan,nan,nan,nan,nan,nan,nan,0.47906819411326146,0.4180861241761831,2.7251739801431403,20,20,4.1541972160339355
592,,0.44533905252407713,0.02968927016827181,0.3574714958667755,1.0,1.0,1.0,1.0,0.0,0.9932885906040269,0.006711409395973154,0.0,0.5007736529906591,0.18,0.18,0.4666666666666667,0.9989848186144682,0.052839820460810705,0.0,0.0,0.0,0.0,nan,nan,nan,nan,nan,nan,nan,nan,nan,nan,nan,0.47301422369674223,0.4201744032359315,2.419331997290184,20,20,3.007040500640869
593,,0.4148145481214225,0.012200427885924191,0.3824769198894501,0.95,0.95,0.95,1.0,0.0,0.9945054945054945,0.005494505494505495,0.0,0.4996278051286936,0.22941176470588234,0.22941176470588234,0.0,0.8800269093836712,0.7238946708908383,0.0,0.0,0.0,0.0,nan,nan,nan,nan,nan,nan,nan,nan,nan,nan,nan,0.47741132745398146,-0.24648334343685685,2.202949685503391,20,20,5.963770389556885
594,,0.4438461679408003,0.017753846717632013,0.4504365801811218,1.0,1.0,1.0,1.0,0.0,0.9946524064171123,0.0053475935828877,0.0,0.4999693021774292,0.398,0.398,0.16,0.9964816316565678,0.09897648048375868,0.0,0.0,0.0,0.0,nan,nan,nan,nan,nan,nan,nan,nan,nan,nan,nan,0.48113397133509933,0.38215749085134065,2.266802209488433,20,20,4.721484899520874
595,,0.4427529255262469,0.03689607712718724,0.5192873418331146,1.0,1.0,1.0,1.0,0.0,1.0,0.0,0.0,0.49861771476765476,0.175,0.175,0.25,0.9984291718089962,0.06542246675124841,0.0,0.0,0.0,0.0,nan,nan,nan,nan,nan,nan,nan,nan,nan,nan,nan,0.46623894056599086,0.40081647381474245,2.5257669965907725,20,20,2.8854565620422363
596,,0.4449775016191398,0.018540729234130825,0.28532626628875735,1.0,1.0,1.0,1.0,0.0,0.9821428571428571,0.017857142857142856,0.0,0.5012371569871903,0.125,0.125,0.20833333333333334,0.9984297773153177,0.06477721316895402,0.0,0.0,0.0,0.0,nan,nan,nan,nan,nan,nan,nan,nan,nan,nan,nan,0.4691832812403507,0.4044060680713967,2.483248007640259,20,20,4.487229347229004
597,,0.44499178798819955,0.023420620420431554,0.384601354598999,1.0,1.0,1.0,1.0,1.0,0.9882352941176471,0.0058823529411764705,0.0058823529411764705,0.49957542262579263,0.2394736842105263,0.2394736842105263,0.0,0.9983707978353576,0.06546629617323502,0.0,-0.09807438059883142,0.0,0.0,nan,nan,nan,nan,nan,nan,nan,nan,nan,nan,nan,0.47603343267633225,0.41056713650309723,2.3144539049764625,20,20,3.4398603439331055
598,,0.44586018601872396,0.02026637209176018,0.4202475666999817,1.0,1.0,1.0,1.0,1.0,0.9942857142857143,0.0,0.005714285714285714,0.4993737393482165,0.14545454545454545,0.14545454545454545,0.0,0.9986347689595417,0.07176421595190485,0.0,-0.0123335463063559,0.0,0.0,nan,nan,nan,nan,nan,nan,nan,nan,nan,nan,nan,0.47844669400376677,0.4066824780518619,2.671281137064434,20,20,4.186751365661621
599,,0.4387070717973543,0.01907422051292845,0.25036144256591797,1.0,1.0,1.0,1.0,0.0,0.9940476190476191,0.005952380952380952,0.0,0.5013066087080085,0.27608695652173915,0.27608695652173915,0.21739130434782608,0.997452003460705,0.08005633160865755,0.0,0.0,0.0,0.0,nan,nan,nan,nan,nan,nan,nan,nan,nan,nan,nan,0.4723845979312481,0.39232826632259055,2.269226942002233,20,20,3.5785374641418457
600,,0.44926319056916614,0.03743859921409718,0.5368259131908417,1.0,1.0,1.0,1.0,0.0,0.9921259842519685,0.007874015748031496,0.0,0.500840154538552,0.11666666666666667,0.11666666666666667,0.0,0.9990738626252859,0.051911669807327976,0.0,0.0,0.0,0.0,nan,nan,nan,nan,nan,nan,nan,nan,nan,nan,nan,0.4663610780851429,0.4144494082778149,2.6582822162996664,20,20,1.9980242252349854
601,,0.44866024392440185,0.028041265245275115,0.31168169975280763,1.0,1.0,1.0,1.0,1.0,0.9888268156424581,0.00558659217877095,0.00558659217877095,0.5001140881329775,0.26875,0.26875,0.0,0.9986147015273504,0.05497917236730593,100.0,0.265234765325157,1.0,0.265234765325157,nan,nan,nan,nan,nan,nan,nan,nan,nan,nan,nan,0.4702196260577354,0.41524045369042945,2.290038696537128,20,20,2.9901974201202393
602,,0.4639696804511627,0.027292334144186043,0.46175071597099304,1.0,1.0,1.0,1.0,0.0,0.9901477832512315,0.009852216748768473,0.0,0.49879819040789325,0.1411764705882353,0.1411764705882353,0.17647058823529413,0.9489960697942995,0.5135479344848387,0.0,0.0,0.0,0.0,nan,nan,nan,nan,nan,nan,nan,nan,nan,nan,nan,0.9283200587046878,0.4147721242198491,2.5694908004163834,20,20,3.5831854343414307
603,,0.44367555239060086,0.02957837015937339,0.7639455199241638,1.0,1.0,1.0,1.0,0.0,1.0,0.0,0.0,0.5,0.21,0.21,0.3333333333333333,0.9983254080222275,0.07127642950356178,0.0,0.0,0.0,0.0,nan,nan,nan,nan,nan,nan,nan,nan,nan,nan,nan,0.46822272923743347,0.3969462997338717,2.262970445902805,20,20,2.9632673263549805
604,,0.45177755358764227,0.02823609709922764,0.2638456165790558,1.0,1.0,1.0,1.0,0.0,1.0,0.0,0.0,0.4992192176170647,0.165625,0.165625,0.0625,0.9981983986252171,0.06645276476652945,0.0,0.0,0.0,0.0,nan,nan,nan,nan,nan,nan,nan,nan,nan,nan,nan,0.4790500704837241,0.41259730571719466,2.5937548500600207,20,20,3.5227773189544678
605,,0.45211757310079015,0.020550798777308643,0.2883163750171661,1.0,1.0,1.0,1.0,1.0,0.9895833333333334,0.005208333333333333,0.005208333333333333,0.5001778949390758,0.32272727272727275,0.32272727272727275,0.2727272727272727,0.9982369796780284,0.06577010833251568,100.0,0.20530537371336224,1.0,0.20530537371336224,nan,nan,nan,nan,nan,nan,nan,nan,nan,nan,nan,0.48173264324842446,0.4159625349159088,2.2611862037822497,20,20,4.266596555709839
606,,0.4459663235083452,0.024775906861574732,0.3598125517368317,1.0,1.0,1.0,1.0,1.0,0.989010989010989,0.005494505494505495,0.005494505494505495,0.49968718704250126,0.20555555555555555,0.20555555555555555,0.2222222222222222,0.9987559150377401,0.05220527600049135,0.0,-0.0015983933156808322,0.0,0.0,nan,nan,nan,nan,nan,nan,nan,nan,nan,nan,nan,0.4695116235903678,0.41730634758987645,2.403937867132367,20,20,3.5096609592437744
607,,0.4495848356230706,0.028099052226441913,0.6299885511398315,1.0,1.0,1.0,1.0,0.0,1.0,0.0,0.0,0.5,0.140625,0.140625,0.0,0.9991253306411981,0.06702321018587143,0.0,0.0,0.0,0.0,nan,nan,nan,nan,nan,nan,nan,nan,nan,nan,nan,0.48047556663046775,0.4134523564445963,2.5104023791638546,20,20,2.9993443489074707
608,,0.4391063425082768,0.019959379204921673,0.36748014092445375,1.0,1.0,1.0,1.0,1.0,0.9849624060150376,0.007518796992481203,0.007518796992481203,0.49867379943078216,0.1590909090909091,0.1590909090909091,0.18181818181818182,0.9989992839776197,0.05053853868169628,100.0,0.00024665985967303045,1.0,0.00024665985967303045,nan,nan,nan,nan,nan,nan,nan,nan,nan,nan,nan,0.46504938570395593,0.41451084702225965,2.3150122661780705,20,20,4.875286817550659
609,,0.4500485363135283,0.018752022346397012,0.2516886979341507,1.0,1.0,1.0,1.0,0.0,1.0,0.0,0.0,0.5,0.3729166666666667,0.3729166666666667,0.16666666666666666,0.9979506429620643,0.06404564885243968,0.0,0.0,0.0,0.0,nan,nan,nan,nan,nan,nan,nan,nan,nan,nan,nan,0.4800360377467676,0.41599038889432793,2.1988336861158717,20,20,5.05059289932251
610,,0.43819451709340784,0.03651620975778399,0.4861711859703064,1.0,1.0,1.0,1.0,0.0,1.0,0.0,0.0,0.4979498729109764,0.07916666666666666,0.07916666666666666,0.0,0.999149690229448,0.04435674971186232,0.0,0.0,0.0,0.0,nan,nan,nan,nan,nan,nan,nan,nan,nan,nan,nan,0.4607544872341528,0.4163977375222905,2.450160215197948,20,20,2.2736880779266357
611,,0.44326433122895953,0.02955095541526397,0.5001627206802368,1.0,1.0,1.0,1.0,0.0,1.0,0.0,0.0,0.5,0.20333333333333334,0.20333333333333334,0.26666666666666666,0.9983156528547003,0.06304244807185083,0.0,0.0,0.0,0.0,nan,nan,nan,nan,nan,nan,nan,nan,nan,nan,nan,0.4765159350885101,0.41347348701665926,2.467546746315485,20,20,3.8111753463745117
612,,0.438070813881822,0.02576887140481306,0.29598175287246703,1.0,1.0,1.0,1.0,0.0,1.0,0.0,0.0,0.5,0.36176470588235293,0.36176470588235293,0.0,0.9975554748448711,0.07786990380273273,0.0,0.0,0.0,0.0,nan,nan,nan,nan,nan,nan,nan,nan,nan,nan,nan,0.46381517712397546,0.38594527332124273,2.1079771623312613,20,20,3.502615213394165
613,,0.44054635493204425,0.025914491466590837,0.22926447689533233,1.0,1.0,1.0,1.0,0.0,0.9943820224719101,0.0056179775280898875,0.0,0.49929790032260557,0.25882352941176473,0.25882352941176473,0.0,0.9976531093064337,0.08628133612953054,0.0,0.0,0.0,0.0,nan,nan,nan,nan,nan,nan,nan,nan,nan,nan,nan,0.4778103161047944,0.39152897997526387,2.3213586499483374,20,20,3.497790575027466
614,,0.44384064755148245,0.034141588273190956,0.7180607199668885,1.0,1.0,1.0,1.0,0.0,1.0,0.0,0.0,0.5,0.16923076923076924,0.16923076923076924,0.3076923076923077,0.9989335221786754,0.05230244919685895,0.0,0.0,0.0,0.0,nan,nan,nan,nan,nan,nan,nan,nan,nan,nan,nan,0.4669780985911398,0.41467564939428087,2.488218845738543,20,20,4.407683849334717
615,,0.44584268137009997,0.04458426813701,0.6458166718482972,1.0,1.0,1.0,1.0,0.0,1.0,0.0,0.0,0.5005104842782021,0.155,0.155,0.3,0.998920033371705,0.060893636585054645,0.0,0.0,0.0,0.0,nan,nan,nan,nan,nan,nan,nan,nan,nan,nan,nan,0.4744815698487715,0.41358793326371684,2.4212942346844346,20,20,1.7038605213165283
616,,0.4461922270140497,0.024788457056336095,0.30787490010261537,1.0,1.0,1.0,1.0,1.0,0.9829545454545454,0.011363636363636364,0.005681818181818182,0.499737451887793,0.1638888888888889,0.1638888888888889,0.2777777777777778,0.9985636655436835,0.06838840131889379,100.0,0.2746105719224537,1.0,0.2746105719224537,nan,nan,nan,nan,nan,nan,nan,nan,nan,nan,nan,0.4696485711971754,0.4012601698782816,2.414781055220053,20,20,4.136113166809082
617,,0.4573999052863578,0.011156095250886776,0.41099907755851744,1.0,1.0,1.0,1.0,0.0,1.0,0.0,0.0,0.500536246125291,0.14146341463414633,0.14146341463414633,0.024390243902439025,0.9655916595640212,0.43936744450522586,0.0,0.0,0.0,0.0,nan,nan,nan,nan,nan,nan,nan,nan,nan,nan,nan,0.8234218105412936,0.38405436603606774,2.6106825032660015,20,20,7.3992087841033936
618,,0.4469518382596514,0.029796789217310094,0.26269848346710206,1.0,1.0,1.0,1.0,0.0,0.9940476190476191,0.005952380952380952,0.0,0.500205252567927,0.27,0.27,0.06666666666666667,0.9979657410707438,0.07694126860656625,0.0,0.0,0.0,0.0,nan,nan,nan,nan,nan,nan,nan,nan,nan,nan,nan,0.4750080594983973,0.39806679089183106,2.4380959538321023,20,20,3.4171552658081055
619,,0.4482473906491402,0.016008835380326436,0.2118538051843643,1.0,1.0,1.0,1.0,0.0,1.0,0.0,0.0,0.4999335036213909,0.38035714285714284,0.38035714285714284,0.0,0.9956355176613846,0.13805851988801787,0.0,0.0,0.0,0.0,nan,nan,nan,nan,nan,nan,nan,nan,nan,nan,nan,0.5059263965162574,0.3678678766282395,2.214531364190321,20,20,5.287918567657471
620,,0.44434190221554665,0.024685661234197034,0.1598079025745392,1.0,1.0,1.0,1.0,0.0,0.993103448275862,0.006896551724137931,0.0,0.49854384706252153,0.12777777777777777,0.12777777777777777,0.0,0.9981015429475065,0.08466006792243569,0.0,0.0,0.0,0.0,nan,nan,nan,nan,nan,nan,nan,nan,nan,nan,nan,0.467518065704712,0.3828579977822763,2.61749790476803,20,20,2.9549496173858643
621,,0.44775047607405816,0.02633826329847401,0.2670770466327667,1.0,1.0,1.0,1.0,0.0,1.0,0.0,0.0,0.5009567902368658,0.17647058823529413,0.17647058823529413,0.11764705882352941,0.9987759204375728,0.049053792191576295,0.0,0.0,0.0,0.0,nan,nan,nan,nan,nan,nan,nan,nan,nan,nan,nan,0.46794811611747517,0.41889432392589887,2.6106388676929155,20,20,2.6056249141693115
622,,0.4599488606400648,0.014837060020647252,0.49124041199684143,1.0,1.0,1.0,1.0,0.0,1.0,0.0,0.0,0.5006489007703719,0.20483870967741935,0.20483870967741935,0.03225806451612903,0.9610120526115054,0.4599975928159475,0.0,0.0,0.0,0.0,nan,nan,nan,nan,nan,nan,nan,nan,nan,nan,nan,0.8553968444293255,0.395399251613378,2.308133326628546,20,20,4.366649389266968
623,,0.43404052960635514,0.021702026480317757,0.5597728371620179,1.0,1.0,1.0,1.0,0.0,1.0,0.0,0.0,0.5000095104426145,0.13,0.13,0.25,0.9982614194842946,0.084025188156026,0.0,0.0,0.0,0.0,nan,nan,nan,nan,nan,nan,nan,nan,nan,nan,nan,0.46017675296834204,0.37615156481231604,2.1750201198516557,20,20,2.2522666454315186
624,,0.44745737642280137,0.0194546685401218,0.5345234751701355,1.0,1.0,1.0,1.0,0.0,0.9885714285714285,0.011428571428571429,0.0,0.5008319171874419,0.1782608695652174,0.1782608695652174,0.08695652173913043,0.9984816273837878,0.061670053599051644,0.0,0.0,0.0,0.0,nan,nan,nan,nan,nan,nan,nan,nan,nan,nan,nan,0.47330801522474,0.41163796162568833,2.365774113268617,20,20,4.999500274658203
625,,0.4508625041700664,0.020493750189548472,0.3014953911304474,1.0,1.0,1.0,1.0,0.0,0.9945652173913043,0.005434782608695652,0.0,0.4992742742496458,0.325,0.325,0.0,0.9988152501843894,0.05653557278017329,0.0,0.0,0.0,0.0,nan,nan,nan,nan,nan,nan,nan,nan,nan,nan,nan,0.4741076924291571,0.41757211964898383,2.4025458729091573,20,20,5.2186901569366455
626,,0.45015609034129667,0.02143600430196651,0.22435389161109925,1.0,1.0,1.0,1.0,0.0,0.9941520467836257,0.005847953216374269,0.0,0.4997340510288874,0.22380952380952382,0.22380952380952382,0.0,0.9988169378890195,0.0710189540548144,0.0,0.0,0.0,0.0,nan,nan,nan,nan,nan,nan,nan,nan,nan,nan,nan,0.47750106629924743,0.40648211224443304,2.368974876498335,20,20,3.551762819290161
627,,0.44736513216241514,0.01864021384010063,0.19514305293560028,1.0,1.0,1.0,1.0,0.0,1.0,0.0,0.0,0.49824567599765335,0.2916666666666667,0.2916666666666667,0.041666666666666664,0.996381079062086,0.0921652014378786,0.0,0.0,0.0,0.0,nan,nan,nan,nan,nan,nan,nan,nan,nan,nan,nan,0.47726479802944677,0.38509959659156817,2.3250284793489966,20,20,4.872822999954224
628,,0.4419769423427093,0.021046521063938537,0.3151144802570343,1.0,1.0,1.0,1.0,0.0,0.9941520467836257,0.005847953216374269,0.0,0.49950223515431086,0.1761904761904762,0.1761904761904762,0.23809523809523808,0.9980405913915225,0.0674415693195825,0.0,0.0,0.0,0.0,nan,nan,nan,nan,nan,nan,nan,nan,nan,nan,nan,0.4699150240131055,0.40247345469352297,2.3750752172368195,20,20,6.095590353012085
629,,0.44678527851856,0.029785685234570664,0.5086080610752106,1.0,1.0,1.0,1.0,0.0,1.0,0.0,0.0,0.4983666621490071,0.16333333333333333,0.16333333333333333,0.0,0.9985664918397076,0.06288032971306173,0.0,0.0,0.0,0.0,nan,nan,nan,nan,nan,nan,nan,nan,nan,nan,nan,0.46706716568755463,0.4041868359744929,2.5390013746685036,20,20,2.2488558292388916
630,,0.455350645301616,0.028459415331351,0.47491116523742677,1.0,1.0,1.0,1.0,0.0,1.0,0.0,0.0,0.5014387963339686,0.16875,0.16875,0.1875,0.9990661924021516,0.05148736127375919,0.0,0.0,0.0,0.0,nan,nan,nan,nan,nan,nan,nan,nan,nan,nan,nan,0.4754115243000715,0.4239241630263123,2.678911918994503,20,20,3.4827325344085693
631,,0.44897713124424915,0.028061070702765572,0.7006539702415466,1.0,1.0,1.0,1.0,1.0,0.9900497512437811,0.004975124378109453,0.004975124378109453,0.49900277331471443,0.309375,0.309375,0.375,0.9990796847157957,0.05035565286921073,100.0,0.041475208319325954,1.0,0.041475208319325954,nan,nan,nan,nan,nan,nan,nan,nan,nan,nan,nan,0.4711236575245048,0.42076800465529407,2.5007761007904836,20,20,8.645458221435547
632,,0.4321436253506125,0.015433700905379018,0.259388467669487,1.0,1.0,1.0,1.0,0.0,1.0,0.0,0.0,0.4999642233763422,0.14821428571428572,0.14821428571428572,0.0,0.9964998267774521,0.10493379482267856,0.0,0.0,0.0,0.0,nan,nan,nan,nan,nan,nan,nan,nan,nan,nan,nan,0.45876400827079555,0.353830213448117,2.1775921060845547,20,20,3.1510446071624756
633,,0.4439215309777912,0.029594768731852746,0.38451688587665556,1.0,1.0,1.0,1.0,0.0,0.9926470588235294,0.007352941176470588,0.0,0.5003059917688369,0.20333333333333334,0.20333333333333334,0.2,0.998263777193479,0.07527051487287784,0.0,0.0,0.0,0.0,nan,nan,nan,nan,nan,nan,nan,nan,nan,nan,nan,0.4739537969962637,0.3986832821233859,2.3706434594052306,20,20,2.7838659286499023
634,,0.4446451686084466,0.021173579457545076,0.2659599810838699,1.0,1.0,1.0,1.0,0.0,1.0,0.0,0.0,0.5,0.26666666666666666,0.26666666666666666,0.23809523809523808,0.9981839159774905,0.06302095050927609,0.0,0.0,0.0,0.0,nan,nan,nan,nan,nan,nan,nan,nan,nan,nan,nan,0.4714600149794226,0.4084390644701465,2.5778655727939443,20,20,5.071853160858154
635,,0.4582868954745549,0.030552459698303662,0.6392691612243653,1.0,1.0,1.0,1.0,0.0,1.0,0.0,0.0,0.5,0.21666666666666667,0.21666666666666667,0.3333333333333333,0.9992509811724359,0.0433692778944863,0.0,0.0,0.0,0.0,nan,nan,nan,nan,nan,nan,nan,nan,nan,nan,nan,0.48028257227267185,0.43691329437818555,2.802866067405702,20,20,4.738766193389893
636,,0.43979478433193614,0.02748717402074601,0.3723671793937683,1.0,1.0,1.0,1.0,0.0,1.0,0.0,0.0,0.501038152910769,0.175,0.175,0.0,0.9979725427467165,0.08453806964305388,0.0,0.0,0.0,0.0,nan,nan,nan,nan,nan,nan,nan,nan,nan,nan,nan,0.46915271195225144,0.38461464230919756,2.310956139733344,20,20,2.685851573944092
637,,0.4402334806653825,0.03144524861895589,0.4455243945121765,1.0,1.0,1.0,1.0,0.0,0.9942857142857143,0.005714285714285714,0.0,0.5000128801379885,0.20714285714285716,0.20714285714285716,0.2857142857142857,0.9983184131278805,0.0775779683102123,0.0,0.0,0.0,0.0,nan,nan,nan,nan,nan,nan,nan,nan,nan,nan,nan,0.47213574745755593,0.39455777914734363,2.5147042411034652,20,20,4.3294289112091064
638,,0.44584450025753447,0.01938454348945802,0.29407245218753814,1.0,1.0,1.0,1.0,0.0,0.9946808510638298,0.005319148936170213,0.0,0.49976837175047917,0.2826086956521739,0.2826086956521739,0.2608695652173913,0.9974876605949948,0.08180683893489199,0.0,0.0,0.0,0.0,nan,nan,nan,nan,nan,nan,nan,nan,nan,nan,nan,0.4822694104366139,0.40046257150172193,2.4657198473097095,20,20,3.892406463623047
639,,0.4439352168047181,0.026113836282630476,0.3693214952945709,1.0,1.0,1.0,1.0,0.0,0.9940119760479041,0.005988023952095809,0.0,0.5005685969310648,0.2088235294117647,0.2088235294117647,0.35294117647058826,0.9980420547721847,0.0691970828581599,0.0,0.0,0.0,0.0,nan,nan,nan,nan,nan,nan,nan,nan,nan,nan,nan,0.47502765245086437,0.40583056959270447,2.2223129042246037,20,20,3.4721484184265137
640,,0.44229282220436167,0.034022524784950894,0.5442144870758057,1.0,1.0,1.0,1.0,0.0,1.0,0.0,0.0,0.5,0.24615384615384617,0.24615384615384617,0.23076923076923078,0.9983171081534288,0.06945582419480484,0.0,0.0,0.0,0.0,nan,nan,nan,nan,nan,nan,nan,nan,nan,nan,nan,0.47463037708857964,0.4051745528937748,2.461857215217725,20,20,2.4514358043670654
641,,0.4404625728120201,0.03146161234371572,0.45096343755722046,1.0,1.0,1.0,1.0,0.0,0.9945054945054945,0.005494505494505495,0.0,0.49976611424769674,0.18214285714285713,0.18214285714285713,0.2857142857142857,0.9981398524894356,0.06406080162518035,0.0,0.0,0.0,0.0,nan,nan,nan,nan,nan,nan,nan,nan,nan,nan,nan,0.4726889470670208,0.40862814544184045,2.4795865311592715,20,20,3.6468396186828613
642,,0.4374373071182033,0.02430207261767796,0.2597116768360138,1.0,1.0,1.0,1.0,0.0,0.9858156028368794,0.014184397163120567,0.0,0.5017235641678174,0.21388888888888888,0.21388888888888888,0.0,0.996811722490331,0.11689807329624474,0.0,0.0,0.0,0.0,nan,nan,nan,nan,nan,nan,nan,nan,nan,nan,nan,0.46676758272779506,0.3498695094315503,2.2926759623291324,20,20,2.659724235534668
643,,0.45051777176318314,0.022525888588159158,0.3266453564167023,1.0,1.0,1.0,1.0,0.0,0.9945652173913043,0.005434782608695652,0.0,0.5003631395101548,0.25,0.25,0.0,0.9988793705635154,0.06728873618724529,0.0,0.0,0.0,0.0,nan,nan,nan,nan,nan,nan,nan,nan,nan,nan,nan,0.47841006380324086,0.41112132761599557,2.3551750820452697,20,20,3.95052170753479
644,,0.44152989303450807,0.024529438501917116,0.3655091881752014,1.0,1.0,1.0,1.0,0.0,0.9827586206896551,0.017241379310344827,0.0,0.4989114737345113,0.16944444444444445,0.16944444444444445,0.0,0.997915671247312,0.08962618320203058,0.0,0.0,0.0,0.0,nan,nan,nan,nan,nan,nan,nan,nan,nan,nan,nan,0.47548034550757406,0.3858541623055435,2.3776357731141764,20,20,3.8431317806243896
645,,0.44885442926976643,0.03206103066212617,0.4740099608898163,1.0,1.0,1.0,1.0,1.0,0.993006993006993,0.0,0.006993006993006993,0.5003643027373723,0.17857142857142858,0.17857142857142858,0.0,0.9990711687976783,0.051817668457579846,0.0,-0.0615679467308623,0.0,0.0,nan,nan,nan,nan,nan,nan,nan,nan,nan,nan,nan,0.4734724948764161,0.4216548264188362,2.5046520186503374,20,20,2.35707426071167
646,,0.46820678781111286,0.02601148821172849,0.5699475765228271,1.0,1.0,1.0,1.0,1.0,0.9782608695652174,0.014492753623188406,0.007246376811594203,0.5012435458600522,0.1111111111111111,0.1111111111111111,0.0,0.9661634427999791,0.41924355443075756,100.0,0.07499455159887028,1.0,0.07499455159887028,nan,nan,nan,nan,nan,nan,nan,nan,nan,nan,nan,0.8470363916411562,0.4277928372103986,2.422492427266172,20,20,2.7466349601745605
647,,0.4447573115955966,0.02340827955766298,0.4793038249015808,1.0,1.0,1.0,1.0,0.0,0.9946524064171123,0.0053475935828877,0.0,0.4986180792905782,0.43157894736842106,0.43157894736842106,0.2631578947368421,0.9974196032287258,0.09576078747163608,0.0,0.0,0.0,0.0,nan,nan,nan,nan,nan,nan,nan,nan,nan,nan,nan,0.46988449049069986,0.3741237030190638,2.2916248485101285,20,20,3.745490312576294
648,,0.43977536006660634,0.024431964448144796,0.3273362696170807,1.0,1.0,1.0,1.0,0.0,1.0,0.0,0.0,0.49903532330774597,0.2222222222222222,0.2222222222222222,0.0,0.997555127383663,0.09566171235407289,0.0,0.0,0.0,0.0,nan,nan,nan,nan,nan,nan,nan,nan,nan,nan,nan,0.47025805608217136,0.37459634372809847,2.208431158742348,20,20,2.617201805114746
649,,0.4481926008645234,0.028012037554032712,0.32019999623298645,1.0,1.0,1.0,1.0,1.0,0.9617486338797814,0.03278688524590164,0.00546448087431694,0.49996731923893095,0.196875,0.196875,0.375,0.9988452311614593,0.0617188727140236,0.0,-0.0017942619721036737,0.0,0.0,nan,nan,nan,nan,nan,nan,nan,nan,nan,nan,nan,0.4751600891550722,0.4134412164410486,2.5110762197918763,20,20,6.617377996444702
650,,0.445628137095617,0.037135678091301416,0.2933181583881378,1.0,1.0,1.0,1.0,0.0,0.993103448275862,0.006896551724137931,0.0,0.5013497399787108,0.12916666666666668,0.12916666666666668,0.4166666666666667,0.9986141774562193,0.06765515192839533,0.0,0.0,0.0,0.0,nan,nan,nan,nan,nan,nan,nan,nan,nan,nan,nan,0.4779416841403202,0.41028653221192485,2.436379660020165,20,20,3.2415010929107666
651,,0.4419928901681045,0.024555160564894693,0.38051506876945496,1.0,1.0,1.0,1.0,1.0,0.9848484848484849,0.007575757575757576,0.007575757575757576,0.4985605486979087,0.16666666666666666,0.16666666666666666,0.0,0.9989713910560706,0.05693329065514552,100.0,0.0020376291594835574,1.0,0.0020376291594835574,nan,nan,nan,nan,nan,nan,nan,nan,nan,nan,nan,0.467542507511338,0.4106092168561925,2.5216326229918495,20,20,2.6100645065307617
652,,0.45682955260850205,0.02175378821945248,0.22277586460113524,1.0,1.0,1.0,1.0,1.0,0.9844559585492227,0.010362694300518135,0.0051813471502590676,0.5019146797202882,0.3142857142857143,0.3142857142857143,0.2857142857142857,0.9980335856772723,0.07214361678664105,0.0,-0.004691153951501187,0.0,0.0,nan,nan,nan,nan,nan,nan,nan,nan,nan,nan,nan,0.480942763534114,0.408799146747473,2.601886930815589,20,20,7.87274169921875
653,,0.4534709504558159,0.017441190402146766,0.33443588614463804,1.0,1.0,1.0,1.0,0.0,0.9651741293532339,0.03482587064676617,0.0,0.5014228208706929,0.14615384615384616,0.14615384615384616,0.038461538461538464,0.9990995334277959,0.05301679763948408,0.0,0.0,0.0,0.0,nan,nan,nan,nan,nan,nan,nan,nan,nan,nan,nan,0.4802025185362804,0.4271857208967963,2.5571501785176536,20,20,4.3076331615448
654,,0.4545242652433595,0.03246601894595425,0.7071305871009826,1.0,1.0,1.0,1.0,0.0,0.9895287958115183,0.010471204188481676,0.0,0.5005339038159166,0.18928571428571428,0.18928571428571428,0.0,0.9991841165835912,0.05117778716731336,0.0,0.0,0.0,0.0,nan,nan,nan,nan,nan,nan,nan,nan,nan,nan,nan,0.47538339217400805,0.4242056050066947,2.7586286644152587,20,20,3.533090829849243
655,,0.4506605128683038,0.016691130106233472,0.188418447971344,1.0,1.0,1.0,1.0,0.0,0.9904306220095693,0.009569377990430622,0.0,0.500347024064373,0.3537037037037037,0.3537037037037037,0.0,0.9970549515439703,0.090195319334135,0.0,0.0,0.0,0.0,nan,nan,nan,nan,nan,nan,nan,nan,nan,nan,nan,0.4756773468832287,0.3854820275490937,2.2488091797844367,20,20,5.233591318130493
656,,0.4435703143856393,0.027723144649102457,0.3026187539100647,1.0,1.0,1.0,1.0,1.0,0.9703703703703703,0.022222222222222223,0.007407407407407408,0.49888879312202333,0.11875,0.11875,0.25,0.9986883837005419,0.054741556356234455,100.0,0.009766695113469004,1.0,0.009766695113469004,nan,nan,nan,nan,nan,nan,nan,nan,nan,nan,nan,0.4674112157670328,0.41266965941079836,2.31075901665109,20,20,2.5819292068481445
657,,0.4649443421610182,0.024470754850579906,0.4923217177391052,1.0,1.0,1.0,1.0,1.0,0.9777777777777777,0.014814814814814815,0.007407407407407408,0.5012478299046818,0.13157894736842105,0.13157894736842105,0.0,0.9587609164025663,0.469903303950882,0.0,-6.741763789036223e-05,0.0,0.0,nan,nan,nan,nan,nan,nan,nan,nan,nan,nan,nan,0.8782510507912702,0.4083477468403882,2.6952976616738713,20,20,2.5002598762512207
658,,0.437608427075994,0.033662186698153386,1.0873492002487182,1.0,1.0,1.0,1.0,0.0,0.9931972789115646,0.006802721088435374,0.0,0.5004324028125176,0.09615384615384616,0.09615384615384616,0.0,0.9992994887283805,0.04316485662040265,0.0,0.0,0.0,0.0,nan,nan,nan,nan,nan,nan,nan,nan,nan,nan,nan,0.46563429245166393,0.4224694358312613,2.441073332010696,20,20,2.4238369464874268
659,,0.4502074355384686,0.03463134119526681,0.45000061988830564,1.0,1.0,1.0,1.0,1.0,0.9626865671641791,0.029850746268656716,0.007462686567164179,0.5001896509757409,0.1346153846153846,0.1346153846153846,0.15384615384615385,0.998492236873579,0.07914788066105555,100.0,0.07319307928301678,1.0,0.07319307928301678,nan,nan,nan,nan,nan,nan,nan,nan,nan,nan,nan,0.49340555473387143,0.4142576740728159,2.3988350608917055,20,20,2.895207643508911
660,,0.4409919438099481,0.029399462920663207,0.2730053186416626,1.0,1.0,1.0,1.0,0.0,0.9857142857142858,0.014285714285714285,0.0,0.4987365999569496,0.16333333333333333,0.16333333333333333,0.13333333333333333,0.9977321249369715,0.07040119722626376,0.0,0.0,0.0,0.0,nan,nan,nan,nan,nan,nan,nan,nan,nan,nan,nan,0.46617906319016217,0.3957778659638984,2.2753421378925003,20,20,2.526796340942383
661,,0.4408877277488843,0.036740643979073694,0.2041864961385727,1.0,1.0,1.0,1.0,1.0,0.9923664122137404,0.0,0.007633587786259542,0.49848936485747497,0.09583333333333334,0.09583333333333334,0.5,0.9978713390968972,0.08741193639576716,100.0,0.031962763684303674,1.0,0.031962763684303674,nan,nan,nan,nan,nan,nan,nan,nan,nan,nan,nan,0.4730744867818951,0.38566255038612796,2.6622242755099097,20,20,2.0354349613189697
662,,0.4507298377289203,0.01878040990537168,0.24297698438167573,1.0,1.0,1.0,1.0,0.0,1.0,0.0,0.0,0.49907381520606575,0.35833333333333334,0.35833333333333334,0.08333333333333333,0.9973255975898101,0.0702504263679058,0.0,0.0,0.0,0.0,nan,nan,nan,nan,nan,nan,nan,nan,nan,nan,nan,0.4745826533608125,0.4043322269929067,2.1963954739784497,20,20,4.652050256729126
663,,0.4429795356764748,0.03407534889819037,0.5492902278900147,1.0,1.0,1.0,1.0,1.0,0.9854014598540146,0.0072992700729927005,0.0072992700729927005,0.4979661446637832,0.11153846153846154,0.11153846153846154,0.23076923076923078,0.9979796129428584,0.09437904466435265,0.0,-0.006952820487860431,0.0,0.0,nan,nan,nan,nan,nan,nan,nan,nan,nan,nan,nan,0.46863279928484414,0.3742537546204915,2.4738802621930143,20,20,3.8129777908325195
664,,0.43941039291397194,0.018308766371415496,0.3388107419013977,1.0,1.0,1.0,1.0,0.0,1.0,0.0,0.0,0.5002936284989119,0.15,0.15,0.125,0.9981242877327986,0.07097503970913283,0.0,0.0,0.0,0.0,nan,nan,nan,nan,nan,nan,nan,nan,nan,nan,nan,0.46671445899700015,0.3957394192878673,2.4420632551226045,20,20,6.8176610469818115
665,,0.4524039437463289,0.032314567410452064,0.38132448196411134,1.0,1.0,1.0,1.0,1.0,0.9824561403508771,0.011695906432748537,0.005847953216374269,0.5005646290523665,0.15714285714285714,0.15714285714285714,0.42857142857142855,0.9991265459970196,0.046743756118080015,100.0,0.012083054479322425,1.0,0.012083054479322425,nan,nan,nan,nan,nan,nan,nan,nan,nan,nan,nan,0.47407058282649356,0.42732682670841354,2.5926005621199506,20,20,4.238664388656616
666,,0.4380804442194849,0.016849247854595573,0.24552282989025115,1.0,1.0,1.0,1.0,0.0,0.9727891156462585,0.02040816326530612,0.006802721088435374,0.5011387106317741,0.23461538461538461,0.23461538461538461,0.11538461538461539,0.9976615609453003,0.09152388208221651,0.0,-0.016332131906533362,0.0,0.0,nan,nan,nan,nan,nan,nan,nan,nan,nan,nan,nan,0.479041794780796,0.3875179126985795,2.249560821669169,20,20,3.390209913253784
667,,0.44538813335702965,0.027836758334814353,0.36200458407402036,1.0,1.0,1.0,1.0,0.0,0.9925925925925926,0.007407407407407408,0.0,0.49806742686778305,0.140625,0.140625,0.25,0.998769998499594,0.05684342276373622,0.0,0.0,0.0,0.0,nan,nan,nan,nan,nan,nan,nan,nan,nan,nan,nan,0.4756164063125293,0.4187729835487931,2.557157968078908,20,20,4.502391338348389
668,,0.4545942815395573,0.023926014817871436,0.6874552488327026,1.0,1.0,1.0,1.0,0.0,0.9941176470588236,0.0058823529411764705,0.0,0.4986856578996307,0.21052631578947367,0.21052631578947367,0.3157894736842105,0.9988924502148749,0.06446736799358527,0.0,0.0,0.0,0.0,nan,nan,nan,nan,nan,nan,nan,nan,nan,nan,nan,0.4919137190231387,0.4274463510295534,2.5534861611139266,20,20,4.352337837219238
669,,0.4455493229618165,0.021216634426753166,0.30369532108306885,1.0,1.0,1.0,1.0,0.0,0.9767441860465116,0.023255813953488372,0.0,0.49700445437005586,0.25,0.25,0.2857142857142857,0.9983707535166081,0.06284595324028008,0.0,0.0,0.0,0.0,nan,nan,nan,nan,nan,nan,nan,nan,nan,nan,nan,0.47546542833744543,0.41261947509716534,2.385461964848401,20,20,7.210631370544434
670,,0.4458031392896318,0.023463323120506935,0.3154091775417328,1.0,1.0,1.0,1.0,1.0,0.9942857142857143,0.0,0.005714285714285714,0.4992677884666543,0.2,0.2,0.2631578947368421,0.9970458075238721,0.1117581321138047,0.0,-0.006907426598611516,0.0,0.0,nan,nan,nan,nan,nan,nan,nan,nan,nan,nan,nan,0.4920967180173159,0.3803385859035112,2.4382157610355897,20,20,4.408738374710083
671,,0.44288579599803674,0.023309778736738774,0.22442461550235748,1.0,1.0,1.0,1.0,0.0,0.9935483870967742,0.0064516129032258064,0.0,0.5006224796175957,0.23684210526315788,0.23684210526315788,0.15789473684210525,0.9983667850552026,0.06196834236669441,0.0,0.0,0.0,0.0,nan,nan,nan,nan,nan,nan,nan,nan,nan,nan,nan,0.4734906610569225,0.4115223186902281,2.4742304599620857,20,20,2.9796483516693115
672,,0.4531483854507241,0.028321774090670257,0.5065364301204681,1.0,1.0,1.0,1.0,0.0,1.0,0.0,0.0,0.5,0.33125,0.33125,0.0,0.9988336487819901,0.06952917698609945,0.0,0.0,0.0,0.0,nan,nan,nan,nan,nan,nan,nan,nan,nan,nan,nan,0.4805713151703582,0.4110421381842588,2.2714729807950724,20,20,3.9119555950164795
673,,0.4446245936555724,0.02223122968277862,0.39588762521743776,1.0,1.0,1.0,1.0,0.0,0.9879518072289156,0.012048192771084338,0.0,0.5005701481550932,0.1825,0.1825,0.25,0.9989071989813672,0.05475516694454036,0.0,0.0,0.0,0.0,nan,nan,nan,nan,nan,nan,nan,nan,nan,nan,nan,0.4795756687868443,0.42482050184230397,2.4531272187898883,20,20,4.636681318283081
674,,0.44222285584765525,0.03158734684626109,0.2334069460630417,1.0,1.0,1.0,1.0,1.0,0.9881656804733728,0.005917159763313609,0.005917159763313609,0.5002225776868207,0.17857142857142858,0.17857142857142858,0.14285714285714285,0.9981294773051546,0.06385868893523389,0.0,-0.004310326729710406,0.0,0.0,nan,nan,nan,nan,nan,nan,nan,nan,nan,nan,nan,0.4703185952905488,0.4064599063553149,2.395116604020022,20,20,3.0459256172180176
675,,0.44043598798488465,0.020973142284994507,0.18134076595306398,1.0,1.0,1.0,1.0,0.0,0.9759036144578314,0.024096385542168676,0.0,0.49993366686006385,0.20714285714285716,0.20714285714285716,0.14285714285714285,0.9982631485584502,0.08193178854494476,0.0,0.0,0.0,0.0,nan,nan,nan,nan,nan,nan,nan,nan,nan,nan,nan,0.4808610371101826,0.3989292485652378,2.348607111308192,20,20,3.4802825450897217
676,,0.439047282577351,0.020907013456064334,0.21205354630947112,1.0,1.0,1.0,1.0,0.0,0.9880239520958084,0.011976047904191617,0.0,0.5019881549335662,0.25,0.25,0.0,0.9984657419807976,0.06896562098180731,0.0,0.0,0.0,0.0,nan,nan,nan,nan,nan,nan,nan,nan,nan,nan,nan,0.4714596895052899,0.4024940685234826,2.2912145360341736,20,20,3.7566089630126953
677,,0.4389060519606891,0.021945302598034455,0.24912661910057068,1.0,1.0,1.0,1.0,0.0,0.9927536231884058,0.007246376811594203,0.0,0.4989153488725424,0.225,0.225,0.0,0.9981964980528139,0.06713783422418684,0.0,0.0,0.0,0.0,nan,nan,nan,nan,nan,nan,nan,nan,nan,nan,nan,0.4661664367244474,0.39902860250026057,2.3415263486129896,20,20,3.0634765625
678,,0.44904528418730844,0.03454194493748526,0.5995118260383606,1.0,1.0,1.0,1.0,0.0,0.9720670391061452,0.027932960893854747,0.0,0.501044971209306,0.2076923076923077,0.2076923076923077,0.0,0.998177257951297,0.07257982296253102,0.0,0.0,0.0,0.0,nan,nan,nan,nan,nan,nan,nan,nan,nan,nan,nan,0.47973999936695333,0.4071601764044223,2.5949437825439547,20,20,3.11032772064209
679,,0.44727300905752004,0.022363650452876003,0.24389032125473023,1.0,1.0,1.0,1.0,0.0,0.9943181818181818,0.005681818181818182,0.0,0.5002957535535097,0.2475,0.2475,0.05,0.9985134433331193,0.056396902799350834,0.0,0.0,0.0,0.0,nan,nan,nan,nan,nan,nan,nan,nan,nan,nan,nan,0.4707015400869993,0.4143046372876485,2.3368391476986736,20,20,3.6573972702026367
680,,0.4506753647914193,0.03755628039928494,0.36176835298538207,1.0,1.0,1.0,1.0,0.0,0.9813084112149533,0.018691588785046728,0.0,0.501309160143137,0.07916666666666666,0.07916666666666666,0.4166666666666667,0.9993502163166662,0.043532700516777434,0.0,0.0,0.0,0.0,nan,nan,nan,nan,nan,nan,nan,nan,nan,nan,nan,0.4652206268685714,0.421687926351794,2.5344459732124065,20,20,1.7966747283935547
681,,0.46277138305845433,0.02012049491558497,0.5100207984447479,1.0,1.0,1.0,1.0,0.0,0.9928571428571429,0.007142857142857143,0.0,0.500261529567449,0.11956521739130435,0.11956521739130435,0.13043478260869565,0.9541145710720067,0.5036951930289421,0.0,0.0,0.0,0.0,nan,nan,nan,nan,nan,nan,nan,nan,nan,nan,nan,0.8995213788921932,0.39582618586325113,2.355155326362794,20,20,2.730583429336548
682,,0.46986467079040245,0.021357485035927385,0.5163351058959961,1.0,1.0,1.0,1.0,0.0,0.9743589743589743,0.02564102564102564,0.0,0.499794839695096,0.15681818181818183,0.15681818181818183,0.09090909090909091,0.9643920084506129,0.4318856801561189,0.0,0.0,0.0,0.0,nan,nan,nan,nan,nan,nan,nan,nan,nan,nan,nan,0.8598619914895251,0.42797631133340625,2.5076281842256427,20,20,2.9444420337677
683,,0.4442214696954892,0.012692041991299691,14.820051002502442,1.0,1.0,1.0,1.0,1.0,0.943502824858757,0.03389830508474576,0.022598870056497175,0.501323613524437,0.10571428571428572,0.10571428571428572,0.17142857142857143,0.994445503001778,0.1528779978932065,50.0,-0.01187449720235958,0.5,0.04802643769910514,nan,nan,nan,nan,nan,nan,nan,nan,nan,nan,nan,0.49799807113652816,0.34512007324332167,2.3201673095914677,20,20,9.620941877365112
684,,0.43804995410745085,0.023055260742497412,0.5009060800075531,1.0,1.0,1.0,1.0,1.0,0.9523809523809523,0.03571428571428571,0.011904761904761904,0.5007093418977763,0.2026315789473684,0.2026315789473684,0.21052631578947367,0.997368713974593,0.09287158123707373,100.0,0.04058484607752143,1.0,0.04058484607752143,nan,nan,nan,nan,nan,nan,nan,nan,nan,nan,nan,0.47536053575011755,0.3824889545130438,2.4591949245528735,20,20,6.299594163894653
685,,0.44460291509220673,0.01710011211893103,0.3845693290233612,1.0,1.0,1.0,1.0,0.0,0.9791666666666666,0.020833333333333332,0.0,0.5013729299490268,0.29423076923076924,0.29423076923076924,0.23076923076923078,0.997681560063204,0.06926542215067433,0.0,0.0,0.0,0.0,nan,nan,nan,nan,nan,nan,nan,nan,nan,nan,nan,0.4652112716869048,0.39594584953623047,2.2501687060750655,20,20,4.4622156620025635
686,,0.4469303256058821,0.02979535504039214,0.5067576766014099,1.0,1.0,1.0,1.0,0.0,0.9851851851851852,0.014814814814814815,0.0,0.49983028958241144,0.08,0.08,0.26666666666666666,0.9993354919368723,0.0418355239961557,0.0,0.0,0.0,0.0,nan,nan,nan,nan,nan,nan,nan,nan,nan,nan,nan,0.4663360280391999,0.4245005040430442,2.672325443134218,20,20,2.1246979236602783
687,,0.43935474116155787,0.027459671322597367,0.27871657609939576,1.0,1.0,1.0,1.0,1.0,0.961038961038961,0.025974025974025976,0.012987012987012988,0.5031586222350597,0.128125,0.128125,0.25,0.9971303814460477,0.10280900926178654,50.0,-0.04923674473217852,0.5,0.0042359226948258805,nan,nan,nan,nan,nan,nan,nan,nan,nan,nan,nan,0.4653305576708877,0.36252154840910117,2.3389727858733456,20,20,3.0766241550445557
688,,0.44217732501890505,0.03158409464420751,0.3144318163394928,1.0,1.0,1.0,1.0,0.0,0.9389312977099237,0.061068702290076333,0.0,0.5036490158310958,0.075,0.075,0.0,0.9983576204978358,0.07574059187981708,0.0,0.0,0.0,0.0,nan,nan,nan,nan,nan,nan,nan,nan,nan,nan,nan,0.4657414947048409,0.3900009028250238,2.7216093982402083,20,20,2.2588016986846924
689,,0.440046092409967,0.029336406160664467,0.2982360780239105,1.0,1.0,1.0,1.0,0.0,0.9834710743801653,0.01652892561983471,0.0,0.5013318665822347,0.14333333333333334,0.14333333333333334,0.2,0.9983163180922564,0.07624495428169603,0.0,0.0,0.0,0.0,nan,nan,nan,nan,nan,nan,nan,nan,nan,nan,nan,0.46855076696648923,0.3923058126847932,2.2896346152928806,20,20,2.058061361312866
690,,0.4396472026058938,0.027477950162868362,0.4698592066764832,1.0,1.0,1.0,1.0,0.0,0.9881656804733728,0.011834319526627219,0.0,0.4998039838857949,0.159375,0.159375,0.375,0.9993493167424901,0.05131349304375227,0.0,0.0,0.0,0.0,nan,nan,nan,nan,nan,nan,nan,nan,nan,nan,nan,0.47219578902775305,0.4208822959840008,2.454721467517357,20,20,5.865811586380005
691,,0.4574528418248363,0.02407646535920191,0.3489324450492859,1.0,1.0,1.0,1.0,0.0,0.9891304347826086,0.010869565217391304,0.0,0.5022211792045518,0.3,0.3,0.0,0.9991945228104602,0.051392047452999134,0.0,0.0,0.0,0.0,nan,nan,nan,nan,nan,nan,nan,nan,nan,nan,nan,0.47744911091654435,0.4260570634635452,2.505371778011231,20,20,3.719468116760254
692,,0.4816408627949443,0.01852464856903632,0.5030719816684723,1.0,1.0,1.0,1.0,0.0,0.9803921568627451,0.0196078431372549,0.0,0.4996121200517966,0.18076923076923077,0.18076923076923077,0.23076923076923078,0.9609451079001886,0.47357322859163287,0.0,0.0,0.0,0.0,nan,nan,nan,nan,nan,nan,nan,nan,nan,nan,nan,0.8992850051295334,0.4257117765379005,2.744982257633144,20,20,4.4749696254730225
693,,0.4765424036629138,0.01701937155938978,0.4609258234500885,1.0,1.0,1.0,1.0,1.0,0.9902439024390244,0.004878048780487805,0.004878048780487805,0.5011950540755477,0.21785714285714286,0.21785714285714286,0.0,0.9568038302747158,0.49988736457493055,0.0,-0.0183657562295522,0.0,0.0,nan,nan,nan,nan,nan,nan,nan,nan,nan,nan,nan,0.9105698173424779,0.41068245276754733,2.460177637311638,20,20,4.46152925491333
694,,0.45622921010361334,0.028514325631475834,1.3493051290512086,1.0,1.0,1.0,1.0,0.0,0.9666666666666667,0.03333333333333333,0.0,0.4991389701142907,0.290625,0.290625,0.25,0.9994136334502488,0.03948684320331863,0.0,0.0,0.0,0.0,nan,nan,nan,nan,nan,nan,nan,nan,nan,nan,nan,0.47182181013910063,0.432334966935782,2.5977863202631024,20,20,4.403521299362183
695,,0.43801338472858253,0.02737583654553641,0.7645472645759582,1.0,1.0,1.0,1.0,0.0,0.9763313609467456,0.023668639053254437,0.0,0.4973413825035095,0.209375,0.209375,0.25,0.9978635151554209,0.06781950548446314,0.0,0.0,0.0,0.0,nan,nan,nan,nan,nan,nan,nan,nan,nan,nan,nan,0.47696105817935186,0.4091415526948887,2.3733124472670566,20,20,3.26599383354187
696,,0.44581232249279196,0.014860410749759733,0.2735663115978241,1.0,1.0,1.0,1.0,0.0,0.9651162790697675,0.03488372093023256,0.0,0.5004914124185841,0.14333333333333334,0.14333333333333334,0.2,0.9984324481626506,0.06848064453388175,0.0,0.0,0.0,0.0,nan,nan,nan,nan,nan,nan,nan,nan,nan,nan,nan,0.47449704824175537,0.4060164037078736,2.7031720458947457,20,20,4.039029836654663
697,,0.4425569922541063,0.02329247327653191,0.3111436188220978,1.0,1.0,1.0,1.0,0.0,0.9830508474576272,0.01694915254237288,0.0,0.5012226090619438,0.23157894736842105,0.23157894736842105,0.15789473684210525,0.9975576996184153,0.08493772101740088,0.0,0.0,0.0,0.0,nan,nan,nan,nan,nan,nan,nan,nan,nan,nan,nan,0.47325975756596406,0.3883220365485632,2.349545368874227,20,20,4.3191752433776855
698,,0.4565328837266124,0.02685487551333014,0.4264385461807251,1.0,1.0,1.0,1.0,0.0,0.9944444444444445,0.005555555555555556,0.0,0.49963705710628453,0.2529411764705882,0.2529411764705882,0.23529411764705882,0.9991269232616771,0.05009448227523028,0.0,0.0,0.0,0.0,nan,nan,nan,nan,nan,nan,nan,nan,nan,nan,nan,0.48032517795631396,0.4302306956810837,2.5086176042080814,20,20,3.551825523376465
699,,0.46471991551546216,0.016024824672946972,0.45411134958267213,1.0,1.0,1.0,1.0,0.0,0.9830508474576272,0.01694915254237288,0.0,0.49980027613968686,0.14482758620689656,0.14482758620689656,0.0,0.9617069099268926,0.46468606146862546,0.0,0.0,0.0,0.0,nan,nan,nan,nan,nan,nan,nan,nan,nan,nan,nan,0.8595488180131283,0.39486275654450287,2.4177694745154987,20,20,4.093706846237183
700,,0.43840938257780165,0.023074178030410612,0.3739388704299927,1.0,1.0,1.0,1.0,0.0,1.0,0.0,0.0,0.5008587443514874,0.22105263157894736,0.22105263157894736,0.3157894736842105,0.997664561313074,0.08935112008872914,0.0,0.0,0.0,0.0,nan,nan,nan,nan,nan,nan,nan,nan,nan,nan,nan,0.4724340930683566,0.38308297297962746,2.4091217751847283,20,20,6.025738954544067
701,,0.44239780945973767,0.0184332420608224,0.15129607021808625,1.0,1.0,1.0,1.0,0.0,1.0,0.0,0.0,0.4999662830804785,0.21041666666666667,0.21041666666666667,0.0,0.997630904149573,0.09212931110219658,0.0,0.0,0.0,0.0,nan,nan,nan,nan,nan,nan,nan,nan,nan,nan,nan,0.47153276103190606,0.3794034499297095,2.4747380424968615,20,20,2.808777093887329
702,,0.45161047122909576,0.026565321837005634,0.36770817041397097,1.0,1.0,1.0,1.0,0.0,1.0,0.0,0.0,0.5,0.25,0.25,0.35294117647058826,0.998400225657666,0.06303374792104477,0.0,0.0,0.0,0.0,nan,nan,nan,nan,nan,nan,nan,nan,nan,nan,nan,0.47165862872707787,0.4086248808060331,2.369032880435846,20,20,6.607465982437134
703,,0.46195864962485017,0.018478345984994007,0.4595928192138672,1.0,1.0,1.0,1.0,0.0,0.9931972789115646,0.006802721088435374,0.0,0.4997824131846428,0.128,0.128,0.12,0.9588101328589642,0.46811463738266423,0.0,0.0,0.0,0.0,nan,nan,nan,nan,nan,nan,nan,nan,nan,nan,nan,0.8728596032015623,0.4047449658188981,2.4108908306652914,20,20,3.0547728538513184
704,,0.45513311630240527,0.030342207753493684,0.6163967847824097,1.0,1.0,1.0,1.0,0.0,1.0,0.0,0.0,0.49916457777221995,0.23333333333333334,0.23333333333333334,0.0,0.9982985507399246,0.0690153129818572,0.0,0.0,0.0,0.0,nan,nan,nan,nan,nan,nan,nan,nan,nan,nan,nan,0.4855249134446051,0.4165096004627479,2.679686472266859,20,20,3.5273778438568115
705,,0.45401896584205603,0.02161995075438362,0.3049772083759308,1.0,1.0,1.0,1.0,0.0,0.9893048128342246,0.0106951871657754,0.0,0.5006612795449439,0.22380952380952382,0.22380952380952382,0.0,0.9987412128012457,0.06394428498427196,0.0,0.0,0.0,0.0,nan,nan,nan,nan,nan,nan,nan,nan,nan,nan,nan,0.47193277657338356,0.4079884915891116,2.624787751583941,20,20,4.357652425765991
706,,0.4381969159607755,0.027387307247548467,0.6471125960350037,1.0,1.0,1.0,1.0,0.0,1.0,0.0,0.0,0.5,0.23125,0.23125,0.1875,0.9985127530048777,0.05802306995888329,0.0,0.0,0.0,0.0,nan,nan,nan,nan,nan,nan,nan,nan,nan,nan,nan,0.4729537598333654,0.4149306898744821,2.413404480275176,20,20,3.558439254760742
707,,0.45226637009435505,0.02512590944968639,0.4482621431350708,1.0,1.0,1.0,1.0,0.0,1.0,0.0,0.0,0.5,0.26666666666666666,0.26666666666666666,0.2777777777777778,0.9988205732603538,0.052903129556132134,0.0,0.0,0.0,0.0,nan,nan,nan,nan,nan,nan,nan,nan,nan,nan,nan,0.47900065443476,0.42609752487862784,2.580942666940945,20,20,5.512699127197266
708,,0.45548589418966084,0.025304771899425604,0.3606661856174469,1.0,1.0,1.0,1.0,0.0,1.0,0.0,0.0,0.5,0.18611111111111112,0.18611111111111112,0.2222222222222222,0.9989849756178371,0.06899084114802861,0.0,0.0,0.0,0.0,nan,nan,nan,nan,nan,nan,nan,nan,nan,nan,nan,0.48557793567060265,0.41658709452257403,2.480797827810156,20,20,3.6009633541107178
709,,0.4505375206449676,0.019588587854129026,0.3936414003372192,1.0,1.0,1.0,1.0,0.0,0.994475138121547,0.0055248618784530384,0.0,0.49904482700740516,0.23695652173913043,0.23695652173913043,0.17391304347826086,0.9981757374004767,0.0704719479295004,0.0,0.0,0.0,0.0,nan,nan,nan,nan,nan,nan,nan,nan,nan,nan,nan,0.47599844051068485,0.40552649258118445,2.4543037097866858,20,20,3.8518259525299072
710,,0.4444923526533373,0.02963282351022249,0.25739277601242067,1.0,1.0,1.0,1.0,0.0,1.0,0.0,0.0,0.5,0.18333333333333332,0.18333333333333332,0.0,0.9988378193804142,0.06247472052039871,0.0,0.0,0.0,0.0,nan,nan,nan,nan,nan,nan,nan,nan,nan,nan,nan,0.4747857638982531,0.4123110433778544,2.3221717003901596,20,20,2.754915237426758
711,,0.44830936133113863,0.03735911344426155,0.5397189497947693,1.0,1.0,1.0,1.0,0.0,1.0,0.0,0.0,0.5,0.1125,0.1125,0.3333333333333333,0.9987371128033103,0.05875368074283116,0.0,0.0,0.0,0.0,nan,nan,nan,nan,nan,nan,nan,nan,nan,nan,nan,0.47719267436919544,0.4184389936263643,2.714685671147599,20,20,2.9214119911193848
712,,0.43845491642952694,0.01753819665718108,0.17155556678771972,1.0,1.0,1.0,1.0,0.0,1.0,0.0,0.0,0.49929639875888826,0.196,0.196,0.12,0.9985332263342398,0.06563113308404567,0.0,0.0,0.0,0.0,nan,nan,nan,nan,nan,nan,nan,nan,nan,nan,nan,0.4649219896592826,0.39929085657523694,2.3758961287209837,20,20,3.083503246307373
713,,0.4568719430683208,0.026874820180489457,0.5140742480754852,1.0,1.0,1.0,1.0,0.0,1.0,0.0,0.0,0.5,0.3235294117647059,0.3235294117647059,0.0,0.998662926763023,0.07058264895015026,0.0,0.0,0.0,0.0,nan,nan,nan,nan,nan,nan,nan,nan,nan,nan,nan,0.4805141647288854,0.40993151577873516,2.5967859366639723,20,20,4.214877367019653
714,,0.4602996491383041,0.021919030911347816,0.23681623339653016,1.0,1.0,1.0,1.0,0.0,1.0,0.0,0.0,0.5005629919824146,0.319047619047619,0.319047619047619,0.23809523809523808,0.9990440986089579,0.06053313471823879,0.0,0.0,0.0,0.0,nan,nan,nan,nan,nan,nan,nan,nan,nan,nan,nan,0.48161376131415146,0.42108062659591267,2.5453271483521838,20,20,6.468559980392456
715,,0.5408367797739644,0.009324772065068352,0.5227293133735657,1.0,1.0,1.0,1.0,0.0,1.0,0.0,0.0,0.4998900601833031,0.16982758620689656,0.16982758620689656,0.06896551724137931,0.8460738371776996,0.9845628943009832,0.0,0.0,0.0,0.0,nan,nan,nan,nan,nan,nan,nan,nan,nan,nan,nan,1.3812204324046011,0.39665753810361787,2.2455324255350537,20,20,7.97926139831543
716,,0.4487970702949406,0.02243985351474703,1.4330292701721192,1.0,1.0,1.0,1.0,0.0,1.0,0.0,0.0,0.4993859839439392,0.3275,0.3275,0.2,0.9965617596058741,0.12214727391849906,0.0,0.0,0.0,0.0,nan,nan,nan,nan,nan,nan,nan,nan,nan,nan,nan,0.48581040585131674,0.3636631319328177,2.323821152040961,20,20,7.79026198387146
717,,0.4438252165154633,0.026107365677380194,1.5995239734649658,1.0,1.0,1.0,1.0,0.0,0.9793103448275862,0.020689655172413793,0.0,0.5006274154957603,0.15294117647058825,0.15294117647058825,0.29411764705882354,0.9986322523118605,0.05808315819664395,0.0,0.0,0.0,0.0,nan,nan,nan,nan,nan,nan,nan,nan,nan,nan,nan,0.4673190545959981,0.40923589639935415,2.3950532036418126,20,20,3.4944818019866943
718,,0.4435171044198626,0.02334300549578224,0.6107988715171814,1.0,1.0,1.0,1.0,0.0,1.0,0.0,0.0,0.5,0.22894736842105262,0.22894736842105262,0.15789473684210525,0.9983639300970516,0.06949449955990167,0.0,0.0,0.0,0.0,nan,nan,nan,nan,nan,nan,nan,nan,nan,nan,nan,0.47084334408864015,0.4013488445287385,2.4060553145020283,20,20,3.1932079792022705
719,,0.439272538131892,0.02440402989621622,0.2676988899707794,1.0,1.0,1.0,1.0,1.0,0.9921259842519685,0.0,0.007874015748031496,0.4999014897478951,0.11666666666666667,0.11666666666666667,0.2222222222222222,0.9971332523703307,0.10697479154588418,100.0,0.09472765418339466,1.0,0.09472765418339466,nan,nan,nan,nan,nan,nan,nan,nan,nan,nan,nan,0.4748951795089106,0.3679203879630264,2.358620373993104,20,20,2.2353763580322266
720,,0.4463215508456089,0.03719346257046741,0.4153450846672058,1.0,1.0,1.0,1.0,0.0,1.0,0.0,0.0,0.5,0.14166666666666666,0.14166666666666666,0.3333333333333333,0.9985979715882358,0.06307239937633691,0.0,0.0,0.0,0.0,nan,nan,nan,nan,nan,nan,nan,nan,nan,nan,nan,0.47164556405402885,0.40857316467769195,2.610343592572053,20,20,2.7500975131988525
721,,0.44633338181218685,0.023491230621694045,0.2743546158075333,1.0,1.0,1.0,1.0,0.0,1.0,0.0,0.0,0.5,0.3236842105263158,0.3236842105263158,0.15789473684210525,0.9982818902619721,0.07690893346307554,0.0,0.0,0.0,0.0,nan,nan,nan,nan,nan,nan,nan,nan,nan,nan,nan,0.4689436839039398,0.3920347504408643,2.264082328098319,20,20,3.8737387657165527
722,,0.4431951043920457,0.022159755219602284,0.22088436186313629,1.0,1.0,1.0,1.0,0.0,1.0,0.0,0.0,0.5,0.1225,0.1225,0.0,0.9986914375792305,0.05344824881929455,0.0,0.0,0.0,0.0,nan,nan,nan,nan,nan,nan,nan,nan,nan,nan,nan,0.4671427563327075,0.41369450751341297,2.376361310624943,20,20,2.8796021938323975
723,,0.4359914471611521,0.021799572358057608,0.30170974135398865,1.0,1.0,1.0,1.0,0.0,1.0,0.0,0.0,0.4999175042659044,0.1525,0.1525,0.15,0.9982258525445913,0.08126328732121646,0.0,0.0,0.0,0.0,nan,nan,nan,nan,nan,nan,nan,nan,nan,nan,nan,0.47500372172140315,0.3937404344001867,2.3046946073939916,20,20,3.4397506713867188
724,,0.4397546383378466,0.027484664896115413,0.24234066009521485,1.0,1.0,1.0,1.0,0.0,0.9939759036144579,0.006024096385542169,0.0,0.5004302313551307,0.1875,0.1875,0.25,0.9982445575212184,0.08261796465747023,0.0,0.0,0.0,0.0,nan,nan,nan,nan,nan,nan,nan,nan,nan,nan,nan,0.47622680776132553,0.3936088431038553,2.2521832054782687,20,20,4.349709749221802
725,,0.449628757714362,0.019549076422363566,0.17896180748939514,1.0,1.0,1.0,1.0,0.0,1.0,0.0,0.0,0.4992709960302581,0.2108695652173913,0.2108695652173913,0.17391304347826086,0.9986256499550153,0.05230878933111921,0.0,0.0,0.0,0.0,nan,nan,nan,nan,nan,nan,nan,nan,nan,nan,nan,0.47158197652229517,0.41927318719117596,2.4697469916702555,20,20,4.1973254680633545
726,,0.44947221644709556,0.032105158317649686,0.2714458107948303,1.0,1.0,1.0,1.0,0.0,0.9928057553956835,0.007194244604316547,0.0,0.4977583736181259,0.21071428571428572,0.21071428571428572,0.07142857142857142,0.9986486087697706,0.057922878032844294,0.0,0.0,0.0,0.0,nan,nan,nan,nan,nan,nan,nan,nan,nan,nan,nan,0.47095198488550166,0.41302910685265737,2.4363257888207492,20,20,2.6967921257019043
727,,0.44021105539353284,0.023169002915449096,0.49357834458351135,1.0,1.0,1.0,1.0,0.0,1.0,0.0,0.0,0.5009083263183894,0.24736842105263157,0.24736842105263157,0.3157894736842105,0.9988777728285614,0.051548330366327944,0.0,0.0,0.0,0.0,nan,nan,nan,nan,nan,nan,nan,nan,nan,nan,nan,0.4664524397683328,0.41490410940200484,2.2436242210399335,20,20,5.570761203765869
728,,0.4419943261657597,0.036832860513813306,0.24701724350452423,1.0,1.0,1.0,1.0,0.0,1.0,0.0,0.0,0.4987562295670311,0.17083333333333334,0.17083333333333334,0.4166666666666667,0.9981611180584696,0.09690080911395571,0.0,0.0,0.0,0.0,nan,nan,nan,nan,nan,nan,nan,nan,nan,nan,nan,0.46884722191501677,0.37194641280106105,2.380664481427756,20,20,3.3090384006500244
729,,0.43985614290318065,0.029323742860212044,0.45341838598251344,1.0,1.0,1.0,1.0,0.0,1.0,0.0,0.0,0.5,0.18,0.18,0.0,0.9983067321418276,0.07277315776860033,0.0,0.0,0.0,0.0,nan,nan,nan,nan,nan,nan,nan,nan,nan,nan,nan,0.47838374052302934,0.405610582754429,2.3329500985511236,20,20,2.797236204147339
730,,0.44656789756498816,0.02977119317099921,0.2944358944892883,1.0,1.0,1.0,1.0,0.0,1.0,0.0,0.0,0.5,0.16666666666666666,0.16666666666666666,0.0,0.9990016000429712,0.055437698007459346,0.0,0.0,0.0,0.0,nan,nan,nan,nan,nan,nan,nan,nan,nan,nan,nan,0.47296271001204254,0.4175250120045832,2.4269992759974404,20,20,3.1176607608795166
731,,0.4488580857158826,0.034527545055067894,0.25979643166065214,1.0,1.0,1.0,1.0,0.0,1.0,0.0,0.0,0.5,0.06538461538461539,0.06538461538461539,0.38461538461538464,0.9991312354034718,0.050222441610977275,0.0,0.0,0.0,0.0,nan,nan,nan,nan,nan,nan,nan,nan,nan,nan,nan,0.46840582852663365,0.4181833869156564,2.5795765184509034,20,20,3.038203001022339
732,,0.44993815655226566,0.029995877103484378,0.2493127703666687,1.0,1.0,1.0,1.0,0.0,0.9943820224719101,0.0,0.0056179775280898875,0.4991185707350572,0.12,0.12,0.06666666666666667,0.9986465937986376,0.05712564459885394,100.0,0.004397001975454631,1.0,0.004397001975454631,nan,nan,nan,nan,nan,nan,nan,nan,nan,nan,nan,0.4741662423225584,0.41704059772370444,2.7181845378218767,20,20,3.6496036052703857
733,,0.4427176422184946,0.020123529191749753,0.2885322034358978,1.0,1.0,1.0,1.0,0.0,1.0,0.0,0.0,0.5001854849132624,0.2636363636363636,0.2636363636363636,0.045454545454545456,0.9983230286051923,0.06683336009520613,0.0,0.0,0.0,0.0,nan,nan,nan,nan,nan,nan,nan,nan,nan,nan,nan,0.47408514810056784,0.4072517880053617,2.2745994225449313,20,20,4.4604332447052
734,,0.4399564671442665,0.027497279196516657,0.3614675223827362,1.0,1.0,1.0,1.0,0.0,1.0,0.0,0.0,0.5,0.1875,0.1875,0.3125,0.9987201111803983,0.055158693824350846,0.0,0.0,0.0,0.0,nan,nan,nan,nan,nan,nan,nan,nan,nan,nan,nan,0.4644833054107705,0.40932461158641964,2.3265097272607496,20,20,2.6776933670043945
735,,0.47874745192937296,0.023937372596468647,0.48989307284355166,1.0,1.0,1.0,1.0,0.0,0.9950980392156863,0.004901960784313725,0.0,0.49907622426748277,0.2225,0.2225,0.25,0.9611182744134419,0.4765995042270403,0.0,0.0,0.0,0.0,nan,nan,nan,nan,nan,nan,nan,nan,nan,nan,nan,0.8940616874342788,0.41746218320723855,2.450194377031042,20,20,3.998239755630493
736,,0.43592219289056694,0.01614526640335433,1.5426878929138184,1.0,1.0,1.0,1.0,0.0,1.0,0.0,0.0,0.5,0.15555555555555556,0.15555555555555556,0.0,0.9983095828856836,0.07928582433154346,0.0,0.0,0.0,0.0,nan,nan,nan,nan,nan,nan,nan,nan,nan,nan,nan,0.4783826695233163,0.39909684519177285,2.0363891041002655,20,20,3.360851526260376
737,,0.45083388003311015,0.01960147304491783,0.33125523328781126,1.0,1.0,1.0,1.0,0.0,1.0,0.0,0.0,0.5,0.21521739130434783,0.21521739130434783,0.043478260869565216,0.996950699000064,0.11768634903142727,0.0,0.0,0.0,0.0,nan,nan,nan,nan,nan,nan,nan,nan,nan,nan,nan,0.47210118900276976,0.3544148399713425,2.4221467725058226,20,20,4.774151563644409
738,,0.44648319457451646,0.03434486112111665,0.37471983432769773,1.0,1.0,1.0,1.0,0.0,0.9921259842519685,0.007874015748031496,0.0,0.5005832337416135,0.08461538461538462,0.08461538461538462,0.0,0.9991169152440055,0.04778390588496617,0.0,0.0,0.0,0.0,nan,nan,nan,nan,nan,nan,nan,nan,nan,nan,nan,0.46929331014513287,0.4215094042601667,2.490623579713011,20,20,2.167619228363037
739,,0.4428312155462769,0.017031969828702958,0.29323384165763855,1.0,1.0,1.0,1.0,0.0,1.0,0.0,0.0,0.4999207643362192,0.2903846153846154,0.2903846153846154,0.0,0.9975932248476872,0.08375354114776101,0.0,0.0,0.0,0.0,nan,nan,nan,nan,nan,nan,nan,nan,nan,nan,nan,0.4726128048927519,0.3888592637449909,2.0983616402192182,20,20,4.390591144561768
740,,0.451331522478493,0.02375429065676279,0.2733060419559479,1.0,1.0,1.0,1.0,0.0,0.9942528735632183,0.005747126436781609,0.0,0.4993102968523377,0.2131578947368421,0.2131578947368421,0.05263157894736842,0.9988699548883347,0.047162456845995626,0.0,0.0,0.0,0.0,nan,nan,nan,nan,nan,nan,nan,nan,nan,nan,nan,0.4729854721317899,0.42582301528579425,2.508841812556113,20,20,3.7675085067749023
741,,0.4449237378082325,0.023417038832012238,0.39181950986385344,1.0,1.0,1.0,1.0,0.0,1.0,0.0,0.0,0.5,0.33421052631578946,0.33421052631578946,0.10526315789473684,0.9980416351356275,0.06625929322513957,0.0,0.0,0.0,0.0,nan,nan,nan,nan,nan,nan,nan,nan,nan,nan,nan,0.47324240242304316,0.4069831091979036,2.1644570551299886,20,20,4.4035093784332275
742,,0.4695616328636364,0.013810636260695189,0.5210776448249816,1.0,1.0,1.0,1.0,1.0,0.9947089947089947,0.0,0.005291005291005291,0.499854706950924,0.1161764705882353,0.1161764705882353,0.11764705882352941,0.9610715992568968,0.4589504874630838,100.0,0.13539500370654997,1.0,0.13539500370654997,nan,nan,nan,nan,nan,nan,nan,nan,nan,nan,nan,0.8737919223705612,0.41484143490747744,2.412934169887066,20,20,4.224551200866699
743,,0.4472006263196545,0.021295267919983547,0.3903345763683319,1.0,1.0,1.0,1.0,1.0,0.9893617021276596,0.005319148936170213,0.005319148936170213,0.4990040288528516,0.13095238095238096,0.13095238095238096,0.14285714285714285,0.9986678356480335,0.0558541996382666,100.0,0.05424683538759452,1.0,0.05424683538759452,nan,nan,nan,nan,nan,nan,nan,nan,nan,nan,nan,0.46933115256577107,0.41347695292750447,2.495537526875936,20,20,4.410746097564697
744,,0.44912483896811606,0.029941655931207737,0.27930973172187806,1.0,1.0,1.0,1.0,0.0,0.9924242424242424,0.007575757575757576,0.0,0.500115709801515,0.12666666666666668,0.12666666666666668,0.13333333333333333,0.9987001623060671,0.049711692270000496,0.0,0.0,0.0,0.0,nan,nan,nan,nan,nan,nan,nan,nan,nan,nan,nan,0.47296597034735377,0.4232542780773533,2.5953854655979853,20,20,2.5623550415039062
745,,0.45254214830542266,0.026620126370907216,0.3145457446575165,1.0,1.0,1.0,1.0,0.0,1.0,0.0,0.0,0.5,0.21176470588235294,0.21176470588235294,0.0,0.9983417268292208,0.06968929800859403,0.0,0.0,0.0,0.0,nan,nan,nan,nan,nan,nan,nan,nan,nan,nan,nan,0.48177664112826185,0.4120873431196678,2.4789208880431834,20,20,3.274369716644287
746,,0.43807239626077693,0.018253016510865704,0.2948676884174347,1.0,1.0,1.0,1.0,0.0,0.9880952380952381,0.011904761904761904,0.0,0.5008701696991921,0.0875,0.0875,0.0,0.998718143286697,0.05425604030001968,0.0,0.0,0.0,0.0,nan,nan,nan,nan,nan,nan,nan,nan,nan,nan,nan,0.46358668236562545,0.40933064206560577,2.496003925920338,20,20,3.6732001304626465
747,,0.4487730688576879,0.028048316803605495,0.28193840980529783,1.0,1.0,1.0,1.0,0.0,1.0,0.0,0.0,0.5005615143105387,0.16875,0.16875,0.3125,0.998123121391799,0.07579517455138118,0.0,0.0,0.0,0.0,nan,nan,nan,nan,nan,nan,nan,nan,nan,nan,nan,0.48291869141771593,0.40712351686633474,2.4805379211805323,20,20,3.928293228149414
748,,0.4423269538943969,0.03402515029956899,0.3343638241291046,1.0,1.0,1.0,1.0,0.0,0.993006993006993,0.006993006993006993,0.0,0.501555136533884,0.18461538461538463,0.18461538461538463,0.0,0.9984992144210031,0.05608634483703073,0.0,0.0,0.0,0.0,nan,nan,nan,nan,nan,nan,nan,nan,nan,nan,nan,0.4738388157156759,0.41775247087864514,2.6085922097493817,20,20,2.314873456954956
749,,0.4443344165370994,0.02777090103356871,0.19100132286548616,1.0,1.0,1.0,1.0,0.0,0.9948717948717949,0.005128205128205128,0.0,0.498968116985634,0.1625,0.1625,0.3125,0.9985484871727421,0.0708324968154544,0.0,0.0,0.0,0.0,nan,nan,nan,nan,nan,nan,nan,nan,nan,nan,nan,0.4723171603201953,0.4014846635047409,2.411376800792343,20,20,7.098516225814819
750,,0.4555087122895215,0.0303672474859681,0.30362603068351746,1.0,1.0,1.0,1.0,0.0,0.9897959183673469,0.01020408163265306,0.0,0.5006314142545064,0.23666666666666666,0.23666666666666666,0.13333333333333333,0.9989181679356902,0.05600795029184408,0.0,0.0,0.0,0.0,nan,nan,nan,nan,nan,nan,nan,nan,nan,nan,nan,0.47742974477941,0.42142179448756595,2.647254500351308,20,20,4.015770435333252
751,,0.4425784621958336,0.017703138487833343,0.23568324744701385,1.0,1.0,1.0,1.0,0.0,0.9947089947089947,0.005291005291005291,0.0,0.4996201375722885,0.396,0.396,0.0,0.9969334584570029,0.09570843477416818,0.0,0.0,0.0,0.0,nan,nan,nan,nan,nan,nan,nan,nan,nan,nan,nan,0.47371104379295276,0.3780026090187846,2.0280021958445267,20,20,4.488013982772827
752,,0.45435359771643813,0.018174143908657524,0.37875844836235045,1.0,1.0,1.0,1.0,0.0,1.0,0.0,0.0,0.5,0.26,0.26,0.0,0.9987413194768201,0.062221924877264634,0.0,0.0,0.0,0.0,nan,nan,nan,nan,nan,nan,nan,nan,nan,nan,nan,0.47467853814600314,0.4124566132687385,2.3810442928389333,20,20,4.793797492980957
753,,0.4546041632443606,0.02525578684690892,0.21837011873722076,1.0,1.0,1.0,1.0,0.0,0.9944444444444445,0.005555555555555556,0.0,0.49998517889115546,0.2722222222222222,0.2722222222222222,0.0,0.9983446639399078,0.07040565482410438,0.0,0.0,0.0,0.0,nan,nan,nan,nan,nan,nan,nan,nan,nan,nan,nan,0.4750339284231826,0.4046282735990782,2.6369249381544266,20,20,4.1679511070251465
754,,0.4479024524559412,0.021328688212187676,0.23860156536102295,1.0,1.0,1.0,1.0,1.0,0.9895287958115183,0.005235602094240838,0.005235602094240838,0.4999655153857367,0.4142857142857143,0.4142857142857143,0.0,0.9983137715093716,0.05988098875456588,100.0,0.06965160439404694,1.0,0.06965160439404694,nan,nan,nan,nan,nan,nan,nan,nan,nan,nan,nan,0.47315153235072327,0.4132705435961574,2.215088163781307,20,20,4.2123329639434814
755,,0.4658754288741491,0.020255453429310833,0.39577850699424744,1.0,1.0,1.0,1.0,0.0,0.993103448275862,0.006896551724137931,0.0,0.49930158558747045,0.18043478260869567,0.18043478260869567,0.0,0.9546088334168649,0.5085638853302028,0.0,0.0,0.0,0.0,nan,nan,nan,nan,nan,nan,nan,nan,nan,nan,nan,0.8990349574064003,0.3904710720761975,2.405433128740811,20,20,3.2694802284240723
756,,0.4701189892965499,0.023505949464827494,0.5399171113967896,1.0,1.0,1.0,1.0,0.0,0.9928057553956835,0.007194244604316547,0.0,0.49950179489329455,0.13,0.13,0.2,0.9630211955721697,0.4481832729831688,0.0,0.0,0.0,0.0,nan,nan,nan,nan,nan,nan,nan,nan,nan,nan,nan,0.8664329467968623,0.41824967381369355,2.5241648567848554,20,20,2.479588270187378
757,,0.43172211236011754,0.021586105618005877,1.0907061696052551,1.0,1.0,1.0,1.0,0.0,1.0,0.0,0.0,0.5,0.235,0.235,0.3,0.9966582213386027,0.1010108947150904,0.0,0.0,0.0,0.0,nan,nan,nan,nan,nan,nan,nan,nan,nan,nan,nan,0.46485350762306415,0.36384261290797376,2.179572073164337,20,20,4.135988712310791
758,,0.4409548759181646,0.015748388425648737,0.29348583817481994,1.0,1.0,1.0,1.0,0.0,1.0,0.0,0.0,0.4998911210468837,0.41964285714285715,0.41964285714285715,0.0,0.9962676905292653,0.10135775558750382,0.0,0.0,0.0,0.0,nan,nan,nan,nan,nan,nan,nan,nan,nan,nan,nan,0.47476963389875615,0.37341187831125233,2.0004891978143635,20,20,5.353363275527954
759,,0.4454800958776469,0.024748894215424828,0.25007542669773103,1.0,1.0,1.0,1.0,0.0,1.0,0.0,0.0,0.4986265196154515,0.20555555555555555,0.20555555555555555,0.2777777777777778,0.9991697152009406,0.04750512903719295,0.0,0.0,0.0,0.0,nan,nan,nan,nan,nan,nan,nan,nan,nan,nan,nan,0.46593036771683793,0.418425238679645,2.348645464978047,20,20,4.526698112487793
760,,0.44129291025485107,0.03394560848114239,0.2295728474855423,1.0,1.0,1.0,1.0,0.0,1.0,0.0,0.0,0.5,0.10384615384615385,0.10384615384615385,0.0,0.9981275134429256,0.07310913367543648,0.0,0.0,0.0,0.0,nan,nan,nan,nan,nan,nan,nan,nan,nan,nan,nan,0.4787261931310974,0.4056170594556609,2.567030047799942,20,20,2.8247926235198975
761,,0.4449582738998371,0.031782733849988365,0.34523367285728457,1.0,1.0,1.0,1.0,1.0,0.9940476190476191,0.0,0.005952380952380952,0.499305836217744,0.15714285714285714,0.15714285714285714,0.21428571428571427,0.9985343998572023,0.05891792890885905,100.0,0.006205287766857685,1.0,0.006205287766857685,nan,nan,nan,nan,nan,nan,nan,nan,nan,nan,nan,0.4708706515235235,0.4119527226146644,2.64249088468556,20,20,2.8674263954162598
762,,0.4419570436177898,0.020088956528081355,0.17062077224254607,1.0,1.0,1.0,1.0,0.0,1.0,0.0,0.0,0.49925752106038007,0.15681818181818183,0.15681818181818183,0.13636363636363635,0.9979560976566296,0.07372554063517694,0.0,0.0,0.0,0.0,nan,nan,nan,nan,nan,nan,nan,nan,nan,nan,nan,0.4668919818289503,0.39316644119377336,2.4670490619650867,20,20,3.5268683433532715
763,,0.44240149514429167,0.029493433009619444,0.5469495236873627,1.0,1.0,1.0,1.0,0.0,0.9927007299270073,0.0072992700729927005,0.0,0.5000747741262118,0.18,0.18,0.26666666666666666,0.9990310196684022,0.044285615175518545,0.0,0.0,0.0,0.0,nan,nan,nan,nan,nan,nan,nan,nan,nan,nan,nan,0.46843790554616743,0.4241522903706489,2.3479902696499484,20,20,2.217388391494751
764,,0.4452121033241794,0.03180086452315567,0.24051952064037324,1.0,1.0,1.0,1.0,1.0,0.9919354838709677,0.0,0.008064516129032258,0.5006238007119723,0.08928571428571429,0.08928571428571429,0.2857142857142857,0.9987723735903987,0.04572276450267465,0.0,-0.012807887610300876,0.0,0.0,nan,nan,nan,nan,nan,nan,nan,nan,nan,nan,nan,0.46974840721209504,0.4240256427094204,2.4159646227148253,20,20,2.0019044876098633
765,,0.44225883077366307,0.02601522533962724,0.2632790982723236,1.0,1.0,1.0,1.0,1.0,0.9795918367346939,0.013605442176870748,0.006802721088435374,0.4989464811542455,0.13529411764705881,0.13529411764705881,0.058823529411764705,0.9983571122674382,0.07398321929039814,100.0,0.11566715045381609,1.0,0.11566715045381609,nan,nan,nan,nan,nan,nan,nan,nan,nan,nan,nan,0.47392860244498664,0.3999453831545885,2.3591893381184454,20,20,3.0057942867279053
766,,0.45513437157056225,0.022756718578528113,0.31271308064460757,1.0,1.0,1.0,1.0,0.0,0.994475138121547,0.0055248618784530384,0.0,0.49982790350914,0.2075,0.2075,0.3,0.9992035913231825,0.05127855781842422,0.0,0.0,0.0,0.0,nan,nan,nan,nan,nan,nan,nan,nan,nan,nan,nan,0.47392626892597006,0.42264771110754584,2.581967389040627,20,20,3.7786896228790283
767,,0.4547092141890766,0.020668600644958027,0.32275107502937317,1.0,1.0,1.0,1.0,0.0,0.995,0.005,0.0,0.500506896593354,0.2318181818181818,0.2318181818181818,0.0,0.9986678992163207,0.06706911625793122,0.0,0.0,0.0,0.0,nan,nan,nan,nan,nan,nan,nan,nan,nan,nan,nan,0.4848523184554081,0.4177832021974769,2.311482809239573,20,20,4.171630620956421
768,,0.43768341769266167,0.04376834176926617,0.3780956149101257,1.0,1.0,1.0,1.0,0.0,1.0,0.0,0.0,0.4987049774080515,0.03,0.03,0.0,0.9992501579323058,0.0441972974457151,0.0,0.0,0.0,0.0,nan,nan,nan,nan,nan,nan,nan,nan,nan,nan,nan,0.4623476892321274,0.4181503917864123,2.43049255912298,20,20,1.704207420349121
769,,0.44289212675118184,0.024605118152843435,0.20298865139484407,1.0,1.0,1.0,1.0,0.0,0.9925925925925926,0.007407407407407408,0.0,0.49943863766060936,0.15555555555555556,0.15555555555555556,0.3333333333333333,0.9978417661961991,0.08903340836657803,0.0,0.0,0.0,0.0,nan,nan,nan,nan,nan,nan,nan,nan,nan,nan,nan,0.4756345778250301,0.3866011694584521,2.5873650801379453,20,20,2.9327452182769775
770,,0.44270578483554845,0.029513718989036562,0.39513514637947084,1.0,1.0,1.0,1.0,0.0,0.9941520467836257,0.005847953216374269,0.0,0.49921367953221,0.24,0.24,0.3333333333333333,0.9983686704803427,0.051915639267478664,0.0,0.0,0.0,0.0,nan,nan,nan,nan,nan,nan,nan,nan,nan,nan,nan,0.47350304539152205,0.4215874061240434,2.6425847503338007,20,20,4.150381326675415
771,,0.4503077431985766,0.02370040753676719,0.2901293277740479,1.0,1.0,1.0,1.0,0.0,0.9894179894179894,0.010582010582010581,0.0,0.5005291741929556,0.25,0.25,0.21052631578947367,0.9986044284085306,0.0552363385121899,0.0,0.0,0.0,0.0,nan,nan,nan,nan,nan,nan,nan,nan,nan,nan,nan,0.4750090480220497,0.4197727095098598,2.3700135531899122,20,20,3.801100254058838
772,,0.4509571025547029,0.01555024491567941,0.18438331186771392,1.0,1.0,1.0,1.0,0.0,0.9777777777777777,0.022222222222222223,0.0,0.5014002995244388,0.23103448275862068,0.23103448275862068,0.20689655172413793,0.9964322642516001,0.11405815058464464,0.0,0.0,0.0,0.0,nan,nan,nan,nan,nan,nan,nan,nan,nan,nan,nan,0.48048776593267783,0.3664296153480332,2.2529047829820823,20,20,5.899519205093384
773,,0.4412585998999678,0.03151847142142627,0.21452066600322722,1.0,1.0,1.0,1.0,0.0,0.9929078014184397,0.0070921985815602835,0.0,0.49956198387912343,0.2357142857142857,0.2357142857142857,0.0,0.9985329125429102,0.06408943014883328,0.0,0.0,0.0,0.0,nan,nan,nan,nan,nan,nan,nan,nan,nan,nan,nan,0.4755683358317389,0.4114789056829056,2.5247538524612194,20,20,2.833214282989502
774,,0.4504032938091038,0.0204728769913229,0.46704126000404356,1.0,1.0,1.0,1.0,0.0,0.9947643979057592,0.005235602094240838,0.0,0.49940537295558235,0.18409090909090908,0.18409090909090908,0.13636363636363635,0.9990110223065949,0.04869902462409187,0.0,0.0,0.0,0.0,nan,nan,nan,nan,nan,nan,nan,nan,nan,nan,nan,0.4729816089511771,0.4242825843270852,2.4156559437335594,20,20,4.741485834121704
775,,0.4468817477903778,0.029792116519358522,0.3395012617111206,1.0,1.0,1.0,1.0,0.0,1.0,0.0,0.0,0.5000955979029338,0.20666666666666667,0.20666666666666667,0.0,0.9982322550464326,0.053775349496053504,0.0,0.0,0.0,0.0,nan,nan,nan,nan,nan,nan,nan,nan,nan,nan,nan,0.47285376888372677,0.41907841938767326,2.392956786472905,20,20,2.32804799079895
776,,0.4616233435194716,0.012822870653318656,0.42232457995414735,1.0,1.0,1.0,1.0,1.0,0.9947089947089947,0.0,0.005291005291005291,0.49916588991052574,0.2125,0.2125,0.0,0.9514989049444572,0.5273451892487855,100.0,0.20324937030390416,1.0,0.20324937030390416,nan,nan,nan,nan,nan,nan,nan,nan,nan,nan,nan,0.9049801510267529,0.3776349617779674,2.310722336846565,20,20,5.259901762008667
777,,0.4604116127520321,0.03288654376800229,0.9743913054466248,1.0,1.0,1.0,1.0,0.0,0.9946524064171123,0.0053475935828877,0.0,0.4981833381844418,0.18928571428571428,0.18928571428571428,0.0,0.9988372999992844,0.056896543075884265,0.0,0.0,0.0,0.0,nan,nan,nan,nan,nan,nan,nan,nan,nan,nan,nan,0.48186945361897154,0.4249729105430873,2.6749395749170723,20,20,3.492830753326416
778,,0.4358366625131909,0.019810757386963224,0.2769154369831085,1.0,1.0,1.0,1.0,1.0,0.9917355371900827,0.0,0.008264462809917356,0.49977368529547345,0.1159090909090909,0.1159090909090909,0.0,0.998376140295867,0.05271063075711108,100.0,0.09580908442216786,1.0,0.09580908442216786,nan,nan,nan,nan,nan,nan,nan,nan,nan,nan,nan,0.46070451333793255,0.4079938825808215,2.204157138725002,20,20,2.730999708175659
779,,0.4476731264207421,0.019464048974814872,0.25916019082069397,1.0,1.0,1.0,1.0,0.0,0.9934640522875817,0.006535947712418301,0.0,0.4991545729339123,0.17173913043478262,0.17173913043478262,0.08695652173913043,0.998825924557733,0.06061944427501026,0.0,0.0,0.0,0.0,nan,nan,nan,nan,nan,nan,nan,nan,nan,nan,nan,0.47559713386924335,0.4149776895942331,2.4198494083961792,20,20,3.7054266929626465
780,,0.4481671962748892,0.034474399713453015,0.4014923572540283,1.0,1.0,1.0,1.0,0.0,1.0,0.0,0.0,0.4982873752140082,0.16923076923076924,0.16923076923076924,0.38461538461538464,0.9977147863010428,0.09483048026451124,0.0,0.0,0.0,0.0,nan,nan,nan,nan,nan,nan,nan,nan,nan,nan,nan,0.48808449835427264,0.3932540180897614,2.5517696765983553,20,20,3.6505019664764404
781,,0.44650211395139,0.029766807596759332,0.3838986575603485,1.0,1.0,1.0,1.0,1.0,0.9852941176470589,0.0,0.014705882352941176,0.49880049721648295,0.14666666666666667,0.14666666666666667,0.0,0.9988302055856166,0.061590275190153476,50.0,0.021998751313548517,0.5,0.0565524372504044,nan,nan,nan,nan,nan,nan,nan,nan,nan,nan,nan,0.46371161826106955,0.40212134307091607,2.606787336175877,20,20,2.2045207023620605
782,,0.4407025907758275,0.02754391192348922,0.2905593991279602,1.0,1.0,1.0,1.0,0.0,0.9931972789115646,0.006802721088435374,0.0,0.5020419407635928,0.13125,0.13125,0.1875,0.998663857779048,0.059696469723005074,0.0,0.0,0.0,0.0,nan,nan,nan,nan,nan,nan,nan,nan,nan,nan,nan,0.4625234252499795,0.40282695552697445,2.4553190555259556,20,20,2.6553714275360107
783,,0.48265653676426407,0.012701487809585896,0.4819729089736938,1.0,1.0,1.0,1.0,0.0,0.9951456310679612,0.0048543689320388345,0.0,0.500401195687683,0.16447368421052633,0.16447368421052633,0.0,0.9376068243951052,0.4433758342728342,0.0,0.0,0.0,0.0,nan,nan,nan,nan,nan,nan,nan,nan,nan,nan,nan,0.8547722606088752,0.411396426336041,2.346416157214296,20,20,5.143061399459839
784,,0.45069460714254145,0.025038589285696747,1.7223651885986329,1.0,1.0,1.0,1.0,0.0,0.9895287958115183,0.010471204188481676,0.0,0.4991780331565274,0.2388888888888889,0.2388888888888889,0.1111111111111111,0.9986985936598046,0.06050963910654006,0.0,0.0,0.0,0.0,nan,nan,nan,nan,nan,nan,nan,nan,nan,nan,nan,0.47579258466040725,0.4152829455538672,2.446267248662279,20,20,4.901859521865845
785,,0.4533322780958491,0.01971009904764561,0.7527770042419434,1.0,1.0,1.0,1.0,1.0,0.9890710382513661,0.0,0.01092896174863388,0.49954360736453013,0.26304347826086955,0.26304347826086955,0.0,0.9989261215450029,0.055499289857318446,50.0,0.12591044626949052,0.5,0.29987307959135345,nan,nan,nan,nan,nan,nan,nan,nan,nan,nan,nan,0.477065945722598,0.4215666558652795,2.4974051442688356,20,20,3.8305413722991943
786,,0.4357594678834238,0.02563290987549552,0.4150253713130951,1.0,1.0,1.0,1.0,1.0,0.9846153846153847,0.0,0.015384615384615385,0.5014084406635341,0.15,0.15,0.0,0.9982662159878214,0.06892910118110429,50.0,0.0012521189562388,0.5,0.007035883824335121,nan,nan,nan,nan,nan,nan,nan,nan,nan,nan,nan,0.46720738651608884,0.39827828533498455,2.41363311180131,20,20,2.2710862159729004
787,,0.46126586472590425,0.01590571947330704,0.531842577457428,1.0,1.0,1.0,1.0,0.0,1.0,0.0,0.0,0.5003906248330042,0.11551724137931034,0.11551724137931034,0.1724137931034483,0.9625167664557451,0.4593954249434269,0.0,0.0,0.0,0.0,nan,nan,nan,nan,nan,nan,nan,nan,nan,nan,nan,0.8515659428918885,0.3921705179484616,2.3933162636013843,20,20,3.9645464420318604
788,,0.4372266986525981,0.029148446576839872,0.5727958440780639,1.0,1.0,1.0,1.0,0.0,1.0,0.0,0.0,0.5001695209741592,0.19333333333333333,0.19333333333333333,0.0,0.9983855899379555,0.07096739263600199,0.0,0.0,0.0,0.0,nan,nan,nan,nan,nan,nan,nan,nan,nan,nan,nan,0.4618561999853634,0.39088880734936143,2.189582071258136,20,20,2.4701218605041504
789,,0.44030478660190703,0.02590028156481806,0.34891912937164304,1.0,1.0,1.0,1.0,0.0,1.0,0.0,0.0,0.5009803873651167,0.1676470588235294,0.1676470588235294,0.0,0.9988110672251372,0.05498835225870724,0.0,0.0,0.0,0.0,nan,nan,nan,nan,nan,nan,nan,nan,nan,nan,nan,0.4651442814093889,0.41015592915068166,2.3262087758525514,20,20,3.0138959884643555
790,,0.47585808406493907,0.01586193613549797,0.4911810576915741,1.0,1.0,1.0,1.0,0.0,0.9942528735632183,0.005747126436781609,0.0,0.49982170114914576,0.10833333333333334,0.10833333333333334,0.06666666666666667,0.9553015834549403,0.5043863979288368,0.0,0.0,0.0,0.0,nan,nan,nan,nan,nan,nan,nan,nan,nan,nan,nan,0.9197674488472569,0.41538105091842015,2.5340816538956887,20,20,4.0295164585113525
791,,0.46207283850816994,0.02887955240676062,0.8933813214302063,1.0,1.0,1.0,1.0,0.0,1.0,0.0,0.0,0.4998761788010597,0.275,0.275,0.125,0.9994139813325236,0.038945403738258555,0.0,0.0,0.0,0.0,nan,nan,nan,nan,nan,nan,nan,nan,nan,nan,nan,0.47623078723671486,0.4372853834984563,2.6881024806236766,20,20,4.461570739746094
792,,0.4561797030560014,0.0325842645040001,0.6502218842506409,1.0,1.0,1.0,1.0,0.0,0.9945652173913043,0.005434782608695652,0.0,0.4993184206741197,0.16071428571428573,0.16071428571428573,0.42857142857142855,0.99912220151309,0.044392991434383466,0.0,0.0,0.0,0.0,nan,nan,nan,nan,nan,nan,nan,nan,nan,nan,nan,0.4740735223903337,0.4296805309559502,2.8055024302283793,20,20,6.103504419326782
793,,0.44551311867931415,0.026206654039959656,0.5443134844303131,1.0,1.0,1.0,1.0,0.0,0.9944444444444445,0.005555555555555556,0.0,0.5001841739696615,0.13823529411764707,0.13823529411764707,0.0,0.9983856748141063,0.05937235588675699,0.0,0.0,0.0,0.0,nan,nan,nan,nan,nan,nan,nan,nan,nan,nan,nan,0.4716626105904724,0.4122902547037154,2.506020299626773,20,20,3.31059193611145
794,,0.4472226001139428,0.031944471436710205,0.2789929986000061,1.0,1.0,1.0,1.0,0.0,0.9921875,0.0078125,0.0,0.49990198388695717,0.2392857142857143,0.2392857142857143,0.07142857142857142,0.9984133068283796,0.06932570657011411,0.0,0.0,0.0,0.0,nan,nan,nan,nan,nan,nan,nan,nan,nan,nan,nan,0.4747168547774377,0.4053911482073236,2.3052879782758753,20,20,2.104402542114258
795,,0.45021023994896847,0.018758759997873686,0.25327629745006563,1.0,1.0,1.0,1.0,1.0,0.9897959183673469,0.00510204081632653,0.00510204081632653,0.498741807260861,0.4395833333333333,0.4395833333333333,0.0,0.9979467648828994,0.06827593030563556,0.0,-0.020639057365396674,0.0,0.0,nan,nan,nan,nan,nan,nan,nan,nan,nan,nan,nan,0.47707802841019864,0.4088020981045631,2.124037766741215,20,20,4.881927251815796
796,,0.4750634301149773,0.020654931744129447,0.46707883477211,1.0,1.0,1.0,1.0,0.0,0.9948453608247423,0.005154639175257732,0.0,0.4987852798531885,0.2108695652173913,0.2108695652173913,0.13043478260869565,0.9588162062659935,0.47748033487542774,0.0,0.0,0.0,0.0,nan,nan,nan,nan,nan,nan,nan,nan,nan,nan,nan,0.8991512661363712,0.42167093126094346,2.4805906013955,20,20,4.380476951599121
797,,0.4415475197597015,0.022077375987985075,0.5626877307891845,1.0,1.0,1.0,1.0,0.0,0.9943181818181818,0.005681818181818182,0.0,0.49839127600193023,0.13,0.13,0.0,0.9971884904446306,0.08810618992711194,0.0,0.0,0.0,0.0,nan,nan,nan,nan,nan,nan,nan,nan,nan,nan,nan,0.4735256829282073,0.38541949300109535,2.5889384677585694,20,20,3.4673640727996826
798,,0.4469291060345418,0.02234645530172709,0.2393137663602829,1.0,1.0,1.0,1.0,1.0,0.9944444444444445,0.0,0.005555555555555556,0.5002329376339912,0.2025,0.2025,0.25,0.9965052286882413,0.10545450282477864,0.0,-0.001008912766687603,0.0,0.0,nan,nan,nan,nan,nan,nan,nan,nan,nan,nan,nan,0.49254639172588677,0.3870918889011081,2.537974546740456,20,20,6.320611953735352
799,,0.48790257416702093,0.016263419138900698,0.485611230134964,1.0,1.0,1.0,1.0,0.0,0.9949494949494949,0.005050505050505051,0.0,0.4990796768665314,0.17833333333333334,0.17833333333333334,0.0,0.9231460296868381,0.5086569746249117,0.0,0.0,0.0,0.0,nan,nan,nan,nan,nan,nan,nan,nan,nan,nan,nan,0.9192408651729707,0.41058389054805905,2.4057273616786703,20,20,4.294540882110596
800,,0.438830620474116,0.021941531023705798,1.041015589237213,1.0,1.0,1.0,1.0,0.0,0.9947089947089947,0.005291005291005291,0.0,0.49923455849289894,0.145,0.145,0.0,0.9980217969568929,0.059489715458472314,0.0,0.0,0.0,0.0,nan,nan,nan,nan,nan,nan,nan,nan,nan,nan,nan,0.47356076216172666,0.41407104670325434,2.4738362257472146,20,20,3.6187949180603027
801,,0.43797656871100166,0.031284040622214404,0.5799554109573364,1.0,1.0,1.0,1.0,0.0,0.9937888198757764,0.006211180124223602,0.0,0.4989201939531735,0.14642857142857144,0.14642857142857144,0.42857142857142855,0.9975957803735827,0.10240435977653106,0.0,0.0,0.0,0.0,nan,nan,nan,nan,nan,nan,nan,nan,nan,nan,nan,0.4737073503795251,0.37130299060299404,2.1549711714857143,20,20,3.081500291824341
802,,0.4435572215985767,0.02609160127050451,0.19867995679378508,1.0,1.0,1.0,1.0,0.0,1.0,0.0,0.0,0.5,0.14411764705882352,0.14411764705882352,0.23529411764705882,0.9985963028771953,0.07616066800862498,0.0,0.0,0.0,0.0,nan,nan,nan,nan,nan,nan,nan,nan,nan,nan,nan,0.4651951395702475,0.3890344715616225,2.5364438593982466,20,20,2.6488053798675537
803,,0.455215514768334,0.023958711303596527,0.6583615422248841,1.0,1.0,1.0,1.0,0.0,1.0,0.0,0.0,0.5003972798585892,0.3157894736842105,0.3157894736842105,0.0,0.9983906992267615,0.07884440301393214,0.0,0.0,0.0,0.0,nan,nan,nan,nan,nan,nan,nan,nan,nan,nan,nan,0.4768230986586077,0.3979786956446756,2.1932410319035105,20,20,4.465988636016846
804,,0.44578697062762107,0.031841926473401505,0.22816289067268372,1.0,1.0,1.0,1.0,0.0,1.0,0.0,0.0,0.5,0.075,0.075,0.0,0.9982066926351412,0.06800477805234173,0.0,0.0,0.0,0.0,nan,nan,nan,nan,nan,nan,nan,nan,nan,nan,nan,0.4711538295884011,0.40314905153605934,2.569762465039038,20,20,2.518522024154663
805,,0.4429125916748192,0.03163661369105852,0.2638456284999847,1.0,1.0,1.0,1.0,0.0,0.9925925925925926,0.007407407407407408,0.0,0.5007255630833762,0.16071428571428573,0.16071428571428573,0.0,0.99868081990387,0.05959019592183584,0.0,0.0,0.0,0.0,nan,nan,nan,nan,nan,nan,nan,nan,nan,nan,nan,0.46771251765666255,0.4081223217348267,2.4830017726614564,20,20,2.1789443492889404
806,,0.4441058318323456,0.015860922565440912,0.1954815626144409,1.0,1.0,1.0,1.0,0.0,1.0,0.0,0.0,0.49966902972332067,0.29642857142857143,0.29642857142857143,0.0,0.9962767636120174,0.08855464793936968,0.0,0.0,0.0,0.0,nan,nan,nan,nan,nan,nan,nan,nan,nan,nan,nan,0.4807278125028798,0.39217316456351015,2.1121446769217567,20,20,4.548973560333252
807,,0.4437356403169034,0.02773347751980646,0.40384325981140134,1.0,1.0,1.0,1.0,0.0,0.9885057471264368,0.011494252873563218,0.0,0.49994264179840686,0.20625,0.20625,0.1875,0.9979732445333486,0.07102716595946063,0.0,0.0,0.0,0.0,nan,nan,nan,nan,nan,nan,nan,nan,nan,nan,nan,0.474716127090753,0.4036889611312924,2.350232384394107,20,20,3.328650951385498
808,,0.4535879987779241,0.022679399938896207,0.35843496918678286,1.0,1.0,1.0,1.0,0.0,0.9943820224719101,0.0056179775280898875,0.0,0.4995547243952751,0.2375,0.2375,0.2,0.9991159836939381,0.05333442985285036,0.0,0.0,0.0,0.0,nan,nan,nan,nan,nan,nan,nan,nan,nan,nan,nan,0.4686168624746196,0.4152824326217692,2.458623184766307,20,20,7.112779855728149
809,,0.4537736392520378,0.023882823118528306,0.34783145785331726,1.0,1.0,1.0,1.0,0.0,0.9950248756218906,0.004975124378109453,0.0,0.5005375068438681,0.2394736842105263,0.2394736842105263,0.15789473684210525,0.9986172111276227,0.06392992490899141,0.0,0.0,0.0,0.0,nan,nan,nan,nan,nan,nan,nan,nan,nan,nan,nan,0.4802251425194962,0.4162952176105048,2.474083690940694,20,20,3.9059906005859375
810,,0.4411006784201217,0.018379194934171738,0.1721430391073227,1.0,1.0,1.0,1.0,0.0,1.0,0.0,0.0,0.4993752971291542,0.18125,0.18125,0.08333333333333333,0.9979258775498531,0.09119661949998092,0.0,0.0,0.0,0.0,nan,nan,nan,nan,nan,nan,nan,nan,nan,nan,nan,0.47407672226900566,0.38288010276902473,2.2953659506387147,20,20,2.7175605297088623
811,,0.43968968675010084,0.023141562460531624,0.25167039334774016,1.0,1.0,1.0,1.0,0.0,0.984251968503937,0.015748031496062992,0.0,0.4988618554645463,0.19736842105263158,0.19736842105263158,0.0,0.9972034265131667,0.0931867097223158,0.0,0.0,0.0,0.0,nan,nan,nan,nan,nan,nan,nan,nan,nan,nan,nan,0.4722077095690384,0.3790209998467226,2.2730954907925476,20,20,2.6828722953796387
812,,0.4658591921067654,0.02329295960533827,0.44979806542396544,1.0,1.0,1.0,1.0,0.0,1.0,0.0,0.0,0.5,0.25,0.25,0.2,0.956988131489486,0.4742219115846779,0.0,0.0,0.0,0.0,nan,nan,nan,nan,nan,nan,nan,nan,nan,nan,nan,0.891143329573364,0.41692141798868604,2.330951548169056,20,20,3.5120677947998047
813,,0.4370512006579582,0.018210466694081592,0.3733095943927765,1.0,1.0,1.0,1.0,0.0,0.9939393939393939,0.006060606060606061,0.0,0.4995337218977511,0.16458333333333333,0.16458333333333333,0.125,0.9977716339427732,0.08180177006350642,0.0,0.0,0.0,0.0,nan,nan,nan,nan,nan,nan,nan,nan,nan,nan,nan,0.4666909625079105,0.38488919244440406,2.417678868672631,20,20,4.670292854309082
814,,0.44010987476124747,0.03385460575086519,0.33000208735466,1.0,1.0,1.0,1.0,0.0,0.9921875,0.0078125,0.0,0.4999052282709342,0.16153846153846155,0.16153846153846155,0.15384615384615385,0.9983509501485849,0.06922685486762503,0.0,0.0,0.0,0.0,nan,nan,nan,nan,nan,nan,nan,nan,nan,nan,nan,0.4627591547391732,0.39353229987154814,2.3597968823319295,20,20,2.149782657623291
815,,0.44496107167048665,0.02966407144469911,0.36137101650238035,1.0,1.0,1.0,1.0,0.0,1.0,0.0,0.0,0.5,0.22333333333333333,0.22333333333333333,0.0,0.9983557618316231,0.06348681287318969,0.0,0.0,0.0,0.0,nan,nan,nan,nan,nan,nan,nan,nan,nan,nan,nan,0.4731547154437562,0.4096679025705665,2.6451021893784556,20,20,3.305185079574585
816,,0.4401863569628985,0.04001694154208168,0.2450085997581482,1.0,1.0,1.0,1.0,0.0,1.0,0.0,0.0,0.5,0.16363636363636364,0.16363636363636364,0.09090909090909091,0.9966795335696086,0.11811223359680689,0.0,0.0,0.0,0.0,nan,nan,nan,nan,nan,nan,nan,nan,nan,nan,nan,0.4692419532223004,0.3511297196254935,2.3656576954939545,20,20,1.9575748443603516
817,,0.44174047283681683,0.014249692672155381,0.196303853392601,1.0,1.0,1.0,1.0,0.0,1.0,0.0,0.0,0.499983575363313,0.15161290322580645,0.15161290322580645,0.1935483870967742,0.9960028544779734,0.13859006313251454,0.0,0.0,0.0,0.0,nan,nan,nan,nan,nan,nan,nan,nan,nan,nan,nan,0.5182121034603587,0.3796220403278442,2.2830102048289853,20,20,5.74906849861145
818,,0.44032819131477036,0.03145201366534074,0.2361569434404373,1.0,1.0,1.0,1.0,0.0,1.0,0.0,0.0,0.5003606686634677,0.175,0.175,0.2857142857142857,0.9977415412394005,0.09060379053366235,0.0,0.0,0.0,0.0,nan,nan,nan,nan,nan,nan,nan,nan,nan,nan,nan,0.4690847433550677,0.37848095282140537,2.4213289049223987,20,20,2.710991621017456
819,,0.4417978994974509,0.02945319329983006,0.2856702208518982,1.0,1.0,1.0,1.0,0.0,1.0,0.0,0.0,0.5,0.09666666666666666,0.09666666666666666,0.0,0.9986978891365884,0.06195598671999519,0.0,0.0,0.0,0.0,nan,nan,nan,nan,nan,nan,nan,nan,nan,nan,nan,0.46495182490694126,0.40299583818694606,2.533210343621158,20,20,2.973294734954834
820,,0.44079626457433274,0.020036193844287852,0.25603378415107725,1.0,1.0,1.0,1.0,0.0,0.994475138121547,0.0055248618784530384,0.0,0.4998624630611051,0.29772727272727273,0.29772727272727273,0.2727272727272727,0.99735473525745,0.08382855618272161,0.0,0.0,0.0,0.0,nan,nan,nan,nan,nan,nan,nan,nan,nan,nan,nan,0.47245264560412215,0.38862408942140053,2.188906700457659,20,20,7.478374004364014
821,,0.4566947625174555,0.02686439779514444,0.3360452115535736,1.0,1.0,1.0,1.0,0.0,1.0,0.0,0.0,0.5,0.19411764705882353,0.19411764705882353,0.11764705882352941,0.9989147986867527,0.05487515181955582,0.0,0.0,0.0,0.0,nan,nan,nan,nan,nan,nan,nan,nan,nan,nan,nan,0.48062544571979715,0.42575029390024133,2.6867671935045334,20,20,4.669880151748657
822,,0.44828145262094754,0.020376429664588525,0.2432195097208023,1.0,1.0,1.0,1.0,0.0,1.0,0.0,0.0,0.5,0.16363636363636364,0.16363636363636364,0.13636363636363635,0.9969969287267276,0.08273016244525017,0.0,0.0,0.0,0.0,nan,nan,nan,nan,nan,nan,nan,nan,nan,nan,nan,0.4742136885343347,0.39148352608908454,2.536923599479038,20,20,3.9167284965515137
823,,0.43331681569187,0.019696218895085,0.2426353931427002,1.0,1.0,1.0,1.0,1.0,0.9940119760479041,0.0,0.005988023952095809,0.4984804897399789,0.26590909090909093,0.26590909090909093,0.2727272727272727,0.9953826901420884,0.12390767437866856,0.0,-0.0314751923529078,0.0,0.0,nan,nan,nan,nan,nan,nan,nan,nan,nan,nan,nan,0.4673876816415059,0.34348000726283734,2.1538778979201676,20,20,6.018861293792725
824,,0.4439032479292359,0.022195162396461795,0.20581456422805786,1.0,1.0,1.0,1.0,0.0,0.9918032786885246,0.00819672131147541,0.0,0.500905177667737,0.1275,0.1275,0.0,0.9982783722175095,0.07182248902292498,0.0,0.0,0.0,0.0,nan,nan,nan,nan,nan,nan,nan,nan,nan,nan,nan,0.47704704680549553,0.40522455778257055,2.335910828884691,20,20,2.5751471519470215
825,,0.4500601330198683,0.03000400886799122,0.4291126251220703,1.0,1.0,1.0,1.0,0.0,1.0,0.0,0.0,0.5,0.22666666666666666,0.22666666666666666,0.13333333333333333,0.9989358749394252,0.050595922664543935,0.0,0.0,0.0,0.0,nan,nan,nan,nan,nan,nan,nan,nan,nan,nan,nan,0.47041520643691104,0.4198192837723671,2.6018570127099476,20,20,4.078227519989014
826,,0.44009087313553746,0.031435062366824106,0.23132914304733276,1.0,1.0,1.0,1.0,0.0,1.0,0.0,0.0,0.5008910313248635,0.1357142857142857,0.1357142857142857,0.14285714285714285,0.9987498734145703,0.06041463851772544,0.0,0.0,0.0,0.0,nan,nan,nan,nan,nan,nan,nan,nan,nan,nan,nan,0.45942214148122307,0.39900750296349763,2.2009185123213744,20,20,2.2765867710113525
827,,0.47031167952395536,0.01808891075092136,0.4799014687538147,1.0,1.0,1.0,1.0,0.0,1.0,0.0,0.0,0.5,0.17307692307692307,0.17307692307692307,0.0,0.9552008575181095,0.5115650423310064,0.0,0.0,0.0,0.0,nan,nan,nan,nan,nan,nan,nan,nan,nan,nan,nan,0.9030144140837988,0.3914493717527924,2.333823636633385,20,20,3.163240671157837
828,,0.4372661090701605,0.01821942121125669,0.9232335567474366,1.0,1.0,1.0,1.0,0.0,1.0,0.0,0.0,0.5,0.18125,0.18125,0.20833333333333334,0.998432252645981,0.0741918043477025,0.0,0.0,0.0,0.0,nan,nan,nan,nan,nan,nan,nan,nan,nan,nan,nan,0.4596834101637045,0.385491605816002,2.2415306433559974,20,20,4.67572546005249
829,,0.4401506809664877,0.01760602723865951,0.4214779019355774,1.0,1.0,1.0,1.0,0.0,1.0,0.0,0.0,0.4992972924411297,0.186,0.186,0.24,0.997459505431843,0.09103203598484882,0.0,0.0,0.0,0.0,nan,nan,nan,nan,nan,nan,nan,nan,nan,nan,nan,0.4729709313941532,0.38193889540930437,2.2059482057021227,20,20,5.358837842941284
830,,0.4446957362858551,0.02340503875188711,0.31592629551887513,1.0,1.0,1.0,1.0,0.0,1.0,0.0,0.0,0.5,0.2394736842105263,0.2394736842105263,0.05263157894736842,0.9983064900107858,0.07699704258721435,0.0,0.0,0.0,0.0,nan,nan,nan,nan,nan,nan,nan,nan,nan,nan,nan,0.47077690849718057,0.3937798659099662,2.389830964931167,20,20,4.406703233718872
831,,0.4381680964941578,0.019050786804093816,0.2887712299823761,1.0,1.0,1.0,1.0,0.0,0.9925925925925926,0.007407407407407408,0.0,0.5002797807040422,0.14347826086956522,0.14347826086956522,0.08695652173913043,0.9984722596759927,0.061595608499337595,0.0,0.0,0.0,0.0,nan,nan,nan,nan,nan,nan,nan,nan,nan,nan,nan,0.4669750881397149,0.4053794796403773,2.203478853663099,20,20,2.7889773845672607
832,,0.44008169761512206,0.017603267904604883,0.1395154595375061,1.0,1.0,1.0,1.0,0.0,1.0,0.0,0.0,0.5,0.134,0.134,0.12,0.9985480618676466,0.05627397531979311,0.0,0.0,0.0,0.0,nan,nan,nan,nan,nan,nan,nan,nan,nan,nan,nan,0.4638299922668252,0.4075560169470321,2.3694583955159136,20,20,5.203866481781006
833,,0.44688914006672964,0.018620380836113736,0.24670926630496978,1.0,1.0,1.0,1.0,0.0,1.0,0.0,0.0,0.5,0.30833333333333335,0.30833333333333335,0.0,0.9969847240894506,0.08279954420949565,0.0,0.0,0.0,0.0,nan,nan,nan,nan,nan,nan,nan,nan,nan,nan,nan,0.4783560121803138,0.39555646797081817,2.569552853791809,20,20,3.9806056022644043
834,,0.44608162978555127,0.027880101861596954,0.402136492729187,1.0,1.0,1.0,1.0,0.0,1.0,0.0,0.0,0.5,0.203125,0.203125,0.1875,0.9981548027820415,0.07079835112500549,0.0,0.0,0.0,0.0,nan,nan,nan,nan,nan,nan,nan,nan,nan,nan,nan,0.4750029548596855,0.40420460373468003,2.6050034360339054,20,20,2.94722843170166
835,,0.44001433691925784,0.01571479774711635,0.2592607617378235,1.0,1.0,1.0,1.0,0.0,0.9946236559139785,0.005376344086021506,0.0,0.49973715751298836,0.2982142857142857,0.2982142857142857,0.21428571428571427,0.9971166860061621,0.08180369973145307,0.0,0.0,0.0,0.0,nan,nan,nan,nan,nan,nan,nan,nan,nan,nan,nan,0.4712673167897704,0.38946361705831734,2.1786103576895224,20,20,5.001417636871338
836,,0.4444436764630809,0.02962957843087206,0.31507001519203187,1.0,1.0,1.0,1.0,0.0,1.0,0.0,0.0,0.5,0.19333333333333333,0.19333333333333333,0.26666666666666666,0.998481350855102,0.060661656826898336,0.0,0.0,0.0,0.0,nan,nan,nan,nan,nan,nan,nan,nan,nan,nan,nan,0.46887403786794707,0.40821238104104873,2.382163880698805,20,20,4.459930896759033
837,,0.4410150738794606,0.013781721058733144,0.195924112200737,1.0,1.0,1.0,1.0,0.0,1.0,0.0,0.0,0.5,0.1671875,0.1671875,0.09375,0.9971022161545662,0.11447718116809885,0.0,0.0,0.0,0.0,nan,nan,nan,nan,nan,nan,nan,nan,nan,nan,nan,0.4771648760792264,0.36268769491112757,2.2967350809789724,20,20,3.9159934520721436
838,,0.4457837715442985,0.02026289870655902,0.3295346200466156,1.0,1.0,1.0,1.0,0.0,1.0,0.0,0.0,0.4995473675429821,0.18181818181818182,0.18181818181818182,0.0,0.9981210175622892,0.07951734834593371,0.0,0.0,0.0,0.0,nan,nan,nan,nan,nan,nan,nan,nan,nan,nan,nan,0.4722233250307775,0.3927059766848438,2.3446322928917867,20,20,3.7765955924987793
839,,0.43698043334747283,0.018207518056144702,0.27176372408866883,1.0,1.0,1.0,1.0,0.0,1.0,0.0,0.0,0.5003382080545028,0.16041666666666668,0.16041666666666668,0.25,0.9975992646672319,0.07998195384311696,0.0,0.0,0.0,0.0,nan,nan,nan,nan,nan,nan,nan,nan,nan,nan,nan,0.47620587745643755,0.3962239236133206,2.156679217253769,20,20,6.055089712142944
840,,0.46942053355213803,0.020409588415310348,0.48855502605438234,1.0,1.0,1.0,1.0,0.0,1.0,0.0,0.0,0.5,0.16956521739130434,0.16956521739130434,0.043478260869565216,0.9547837046763581,0.4908082885634196,0.0,0.0,0.0,0.0,nan,nan,nan,nan,nan,nan,nan,nan,nan,nan,nan,0.9119156553380129,0.42110736677459326,2.4408270818314617,20,20,3.966273307800293
841,,0.44103560365508493,0.02940237357700566,0.45022722482681277,1.0,1.0,1.0,1.0,0.0,1.0,0.0,0.0,0.5,0.14333333333333334,0.14333333333333334,0.3333333333333333,0.9988192930888715,0.05322669032097205,0.0,0.0,0.0,0.0,nan,nan,nan,nan,nan,nan,nan,nan,nan,nan,nan,0.46037463408419366,0.4071479437632216,2.4316705448646743,20,20,3.4472060203552246
842,,0.44046166778060636,0.027528854236287897,0.22198238968849182,1.0,1.0,1.0,1.0,0.0,1.0,0.0,0.0,0.49949046773836014,0.1375,0.1375,0.3125,0.9976542486692461,0.07781025695514926,0.0,0.0,0.0,0.0,nan,nan,nan,nan,nan,nan,nan,nan,nan,nan,nan,0.4732238255147401,0.39541356855959087,2.4188100488985245,20,20,2.4840288162231445
843,,0.44592977355074703,0.026231163150043944,0.1980285882949829,1.0,1.0,1.0,1.0,1.0,0.9938650306748467,0.0,0.006134969325153374,0.5001235806328409,0.2676470588235294,0.2676470588235294,0.23529411764705882,0.9983098733929799,0.059768853134606614,100.0,0.0822414833421825,1.0,0.0822414833421825,nan,nan,nan,nan,nan,nan,nan,nan,nan,nan,nan,0.4763349588559554,0.4165661057213488,2.4706752818222273,20,20,3.2508339881896973
844,,0.40595473623308426,0.013095314072034975,0.33269495368003843,0.95,0.95,0.95,0.9927007299270073,1.0,0.9927007299270073,0.0,0.0072992700729927005,0.49935216742657845,0.12096774193548387,0.12096774193548387,0.12903225806451613,0.8769885203635405,0.7185755215347844,0.0,-0.0026754248193596453,0.0,0.0,nan,nan,nan,nan,nan,nan,nan,nan,nan,nan,nan,0.46649591062955587,-0.2520796109052286,2.110334620960756,20,20,6.276956081390381
845,,0.4380570619628502,0.02920380413085668,0.7996724486351013,1.0,1.0,1.0,1.0,0.0,1.0,0.0,0.0,0.5,0.21666666666666667,0.21666666666666667,0.0,0.9980159795939464,0.05993991323653819,0.0,0.0,0.0,0.0,nan,nan,nan,nan,nan,nan,nan,nan,nan,nan,nan,0.47034799514361114,0.41040808190707295,1.977232459686251,20,20,2.210114002227783
846,,0.47016803091334003,0.019590334621389167,0.4937632501125336,1.0,1.0,1.0,1.0,0.0,1.0,0.0,0.0,0.5,0.16875,0.16875,0.0,0.9567700190984112,0.49854770870854226,0.0,0.0,0.0,0.0,nan,nan,nan,nan,nan,nan,nan,nan,nan,nan,nan,0.8997560111182907,0.4012083024097485,2.4969751838471423,20,20,3.3217878341674805
847,,0.45108162037916844,0.01670672668070994,0.20164425671100616,1.0,1.0,1.0,1.0,0.0,1.0,0.0,0.0,0.5000994537715558,0.32222222222222224,0.32222222222222224,0.037037037037037035,0.9961178093844447,0.0991223110774781,0.0,0.0,0.0,0.0,nan,nan,nan,nan,nan,nan,nan,nan,nan,nan,nan,0.4787966533778113,0.3796743423003332,2.234354260568492,20,20,4.598299026489258
848,,0.4456424486197257,0.03428018835536351,0.7825378060340882,1.0,1.0,1.0,1.0,0.0,1.0,0.0,0.0,0.5,0.06538461538461539,0.06538461538461539,0.46153846153846156,0.9992740653604274,0.04969701835965129,0.0,0.0,0.0,0.0,nan,nan,nan,nan,nan,nan,nan,nan,nan,nan,nan,0.47561711601763257,0.4259200976579813,2.5492100582844333,20,20,4.9699931144714355
849,,0.45018631674904225,0.03215616548207444,0.46439204216003416,1.0,1.0,1.0,1.0,0.0,1.0,0.0,0.0,0.5,0.17142857142857143,0.17142857142857143,0.35714285714285715,0.9988705486704352,0.0526046620932607,0.0,0.0,0.0,0.0,nan,nan,nan,nan,nan,nan,nan,nan,nan,nan,nan,0.475267507916004,0.42266284582274327,2.5099572621110395,20,20,4.148274660110474
850,,0.43501971735699085,0.015536418477035388,0.1988646000623703,1.0,1.0,1.0,1.0,0.0,0.994475138121547,0.0055248618784530384,0.0,0.4996022946600403,0.35535714285714287,0.35535714285714287,0.0,0.9970468311087238,0.08661275708045774,0.0,0.0,0.0,0.0,nan,nan,nan,nan,nan,nan,nan,nan,nan,nan,nan,0.4650425750173794,0.37842981793692165,2.1665043583106045,20,20,4.379313945770264
851,,0.45535664754329835,0.03035710983621989,0.7144330382347107,1.0,1.0,1.0,1.0,0.0,1.0,0.0,0.0,0.5,0.22333333333333333,0.22333333333333333,0.0,0.9986036627899612,0.06556676136660428,0.0,0.0,0.0,0.0,nan,nan,nan,nan,nan,nan,nan,nan,nan,nan,nan,0.4783446240694801,0.4127778627028758,2.6885046043107925,20,20,3.3682682514190674
852,,0.4507257155586929,0.03467120888913022,0.28957754373550415,1.0,1.0,1.0,1.0,1.0,0.989010989010989,0.005494505494505495,0.005494505494505495,0.5018921223970559,0.1576923076923077,0.1576923076923077,0.46153846153846156,0.9973596383402525,0.09387250015253629,100.0,0.07813424019454898,1.0,0.07813424019454898,nan,nan,nan,nan,nan,nan,nan,nan,nan,nan,nan,0.4922604109561826,0.39838791080364633,2.526705544249606,20,20,5.664313077926636
853,,0.45090321819065154,0.02505017878836953,0.2757916748523712,1.0,1.0,1.0,1.0,0.0,1.0,0.0,0.0,0.5,0.2638888888888889,0.2638888888888889,0.2777777777777778,0.9985891512013588,0.06457350537184253,0.0,0.0,0.0,0.0,nan,nan,nan,nan,nan,nan,nan,nan,nan,nan,nan,0.48486639030869905,0.4202928849368565,2.2450942288658817,20,20,6.439664363861084
854,,0.44262129178274207,0.017023895837797773,0.26278501451015474,1.0,1.0,1.0,1.0,0.0,1.0,0.0,0.0,0.5,0.20576923076923076,0.20576923076923076,0.0,0.9979679747560649,0.07148200817636113,0.0,0.0,0.0,0.0,nan,nan,nan,nan,nan,nan,nan,nan,nan,nan,nan,0.4745370976020964,0.40305508942573526,2.3375425585148584,20,20,4.089798450469971
855,,0.4454374878249079,0.031816963416064846,0.30959601402282716,1.0,1.0,1.0,1.0,0.0,1.0,0.0,0.0,0.5007110720234258,0.21428571428571427,0.21428571428571427,0.0,0.998869781723823,0.052408552347323833,0.0,0.0,0.0,0.0,nan,nan,nan,nan,nan,nan,nan,nan,nan,nan,nan,0.4697127996394017,0.4173042472920779,2.403400976003801,20,20,3.093233823776245
856,,0.4488330241360412,0.04488330241360412,0.49836975932121275,1.0,1.0,1.0,1.0,0.0,1.0,0.0,0.0,0.5,0.13,0.13,0.0,0.9991504159493896,0.05048518837357541,0.0,0.0,0.0,0.0,nan,nan,nan,nan,nan,nan,nan,nan,nan,nan,nan,0.4739245362967249,0.42343934792314947,2.5322611404018,20,20,2.0287632942199707
857,,0.4520294532013466,0.020546793327333935,0.1898040771484375,1.0,1.0,1.0,1.0,0.0,0.9947916666666666,0.005208333333333333,0.0,0.5010715504938906,0.34545454545454546,0.34545454545454546,0.09090909090909091,0.9983275148187911,0.07358184773489918,0.0,0.0,0.0,0.0,nan,nan,nan,nan,nan,nan,nan,nan,nan,nan,nan,0.4820201523420488,0.40843830460714964,2.346747128181055,20,20,4.285551309585571
858,,0.44503566469333006,0.029669044312888672,0.46857079267501833,1.0,1.0,1.0,1.0,0.0,1.0,0.0,0.0,0.5,0.17333333333333334,0.17333333333333334,0.3333333333333333,0.9989767094950252,0.05443679862923312,0.0,0.0,0.0,0.0,nan,nan,nan,nan,nan,nan,nan,nan,nan,nan,nan,0.4774871267345451,0.42305032810531196,2.4683483385087217,20,20,3.682804822921753
859,,0.461413119634369,0.030760874642291266,0.47736133337020875,1.0,1.0,1.0,1.0,0.0,1.0,0.0,0.0,0.49851627411941685,0.13,0.13,0.3333333333333333,0.9578772444127659,0.4647092571806761,0.0,0.0,0.0,0.0,nan,nan,nan,nan,nan,nan,nan,nan,nan,nan,nan,0.8765054290240533,0.41179617184337713,2.4693844233341995,20,20,2.881757974624634
860,,0.4442835859713286,0.017087830229666486,0.38282158970832825,1.0,1.0,1.0,1.0,0.0,1.0,0.0,0.0,0.5,0.27884615384615385,0.27884615384615385,0.0,0.9976054445187613,0.09945080896952524,0.0,0.0,0.0,0.0,nan,nan,nan,nan,nan,nan,nan,nan,nan,nan,nan,0.4826106461711935,0.38315983720166824,2.2299600785864366,20,20,4.259448051452637
861,,0.4470120068229455,0.029800800454863035,0.4985287845134735,1.0,1.0,1.0,1.0,0.0,0.9932432432432432,0.006756756756756757,0.0,0.50058522939682,0.3,0.3,0.0,0.9981931327326611,0.0657757025273189,0.0,0.0,0.0,0.0,nan,nan,nan,nan,nan,nan,nan,nan,nan,nan,nan,0.47203382190306453,0.40625811937574563,2.2833581752803638,20,20,2.5231916904449463
862,,0.4381391430834532,0.027383696442715825,0.6844084024429321,1.0,1.0,1.0,1.0,0.0,1.0,0.0,0.0,0.5012676745653153,0.196875,0.196875,0.0,0.9987141854802115,0.05364944878321226,0.0,0.0,0.0,0.0,nan,nan,nan,nan,nan,nan,nan,nan,nan,nan,nan,0.45849567104233446,0.4048462222591222,2.4604635410287594,20,20,3.213622808456421
863,,0.4458226264870535,0.03429404819131181,0.420589405298233,1.0,1.0,1.0,1.0,0.0,1.0,0.0,0.0,0.5,0.11538461538461539,0.11538461538461539,0.23076923076923078,0.998614988607602,0.06027414923670371,0.0,0.0,0.0,0.0,nan,nan,nan,nan,nan,nan,nan,nan,nan,nan,nan,0.4791625965318718,0.4188884472951681,2.58993031426458,20,20,2.196465253829956
864,,0.44234868971411545,0.03686239080950962,0.3342618763446808,1.0,1.0,1.0,1.0,0.0,1.0,0.0,0.0,0.5,0.10416666666666667,0.10416666666666667,0.25,0.9987822701720503,0.054223204000218905,0.0,0.0,0.0,0.0,nan,nan,nan,nan,nan,nan,nan,nan,nan,nan,nan,0.4666420442391382,0.4124188402389193,2.5659574482808893,20,20,2.306262493133545
865,,0.4497084415067037,0.024983802305927984,0.3043751955032349,1.0,1.0,1.0,1.0,0.0,0.9942528735632183,0.005747126436781609,0.0,0.500108264055517,0.14722222222222223,0.14722222222222223,0.0,0.9990829778560668,0.04798788873349735,0.0,0.0,0.0,0.0,nan,nan,nan,nan,nan,nan,nan,nan,nan,nan,nan,0.4759264234529115,0.4279385347194141,2.5023191000010603,20,20,3.3374311923980713
866,,0.4490212594195583,0.028063828713722393,0.4308197140693665,1.0,1.0,1.0,1.0,0.0,1.0,0.0,0.0,0.5,0.228125,0.228125,0.0,0.9982754606715901,0.09518471204737927,0.0,0.0,0.0,0.0,nan,nan,nan,nan,nan,nan,nan,nan,nan,nan,nan,0.495884651204308,0.40069993915692875,2.5007075781495876,20,20,2.8283443450927734
867,,0.4426060870214628,0.02950707246809752,0.2632489323616028,1.0,1.0,1.0,1.0,1.0,0.993103448275862,0.0,0.006896551724137931,0.49979658956329026,0.16,0.16,0.26666666666666666,0.9978925036794674,0.08796965169984339,0.0,-0.011285598915881635,0.0,0.0,nan,nan,nan,nan,nan,nan,nan,nan,nan,nan,nan,0.4749517380536826,0.38698208635383924,2.432777744622027,20,20,4.781070232391357
868,,0.4385096323405344,0.019932256015478836,0.2025922566652298,1.0,1.0,1.0,1.0,0.0,1.0,0.0,0.0,0.49910404897210275,0.3068181818181818,0.3068181818181818,0.22727272727272727,0.9969939553698582,0.08776432095960512,0.0,0.0,0.0,0.0,nan,nan,nan,nan,nan,nan,nan,nan,nan,nan,nan,0.47810240403902454,0.3903380830794194,2.2197656467880242,20,20,3.6525330543518066
869,,0.44189637396299614,0.02325770389278927,0.261389297246933,1.0,1.0,1.0,1.0,0.0,1.0,0.0,0.0,0.5009994630750857,0.2,0.2,0.10526315789473684,0.9968587102679564,0.10003418661847385,0.0,0.0,0.0,0.0,nan,nan,nan,nan,nan,nan,nan,nan,nan,nan,nan,0.46889698518688006,0.3688627985684062,2.2581617967309255,20,20,3.1966726779937744
870,,0.44279676904195014,0.034061289926303855,0.27769495844841,1.0,1.0,1.0,1.0,0.0,0.9934640522875817,0.006535947712418301,0.0,0.5013975734894093,0.18461538461538463,0.18461538461538463,0.46153846153846156,0.9982375557853732,0.06057758742371927,0.0,0.0,0.0,0.0,nan,nan,nan,nan,nan,nan,nan,nan,nan,nan,nan,0.46575627836114797,0.4051786909374287,2.3580180055696975,20,20,2.6622698307037354
871,,0.4540052617851701,0.021619298180246195,0.24890581667423248,1.0,1.0,1.0,1.0,0.0,0.9945652173913043,0.005434782608695652,0.0,0.4994002739943209,0.3476190476190476,0.3476190476190476,0.14285714285714285,0.9988106708036039,0.06538047499332728,0.0,0.0,0.0,0.0,nan,nan,nan,nan,nan,nan,nan,nan,nan,nan,nan,0.48449815679375746,0.4191176818004302,2.221418280321824,20,20,3.9541914463043213
872,,0.4594634985535738,0.03063089990357159,0.3977441906929016,1.0,1.0,1.0,1.0,0.0,1.0,0.0,0.0,0.5,0.22666666666666666,0.22666666666666666,0.26666666666666666,0.9994103513175634,0.04499316939569242,0.0,0.0,0.0,0.0,nan,nan,nan,nan,nan,nan,nan,nan,nan,nan,nan,0.4795817432837715,0.4345885738880791,2.730734270934627,20,20,5.945838451385498
873,,0.43621942097679406,0.017448776839071763,0.2978603601455688,1.0,1.0,1.0,1.0,0.0,0.9928057553956835,0.007194244604316547,0.0,0.5007339715957642,0.17,0.17,0.0,0.9991209482374158,0.05231669182759657,0.0,0.0,0.0,0.0,nan,nan,nan,nan,nan,nan,nan,nan,nan,nan,nan,0.46098608838158794,0.40866939655399137,2.15964392026563,20,20,3.2348060607910156
874,,0.44916008406918057,0.022458004203459028,0.2828674614429474,1.0,1.0,1.0,1.0,0.0,1.0,0.0,0.0,0.5,0.255,0.255,0.1,0.9978268783822639,0.09664005739939124,0.0,0.0,0.0,0.0,nan,nan,nan,nan,nan,nan,nan,nan,nan,nan,nan,0.4782135431351068,0.38157348573571553,2.241145051731021,20,20,4.699284315109253
875,,0.44456483129517094,0.022228241564758548,0.23664483428001404,1.0,1.0,1.0,1.0,0.0,0.9949748743718593,0.005025125628140704,0.0,0.49994979694485664,0.3675,0.3675,0.0,0.9977082758014596,0.07067004730158366,0.0,0.0,0.0,0.0,nan,nan,nan,nan,nan,nan,nan,nan,nan,nan,nan,0.4724695370130346,0.40179948971145096,2.2042074595765975,20,20,4.388134479522705
876,,0.45074256802457147,0.03219589771604082,0.5376655995845795,1.0,1.0,1.0,1.0,0.0,1.0,0.0,0.0,0.5,0.08214285714285714,0.08214285714285714,0.0,0.9992935262559933,0.044714922681581726,0.0,0.0,0.0,0.0,nan,nan,nan,nan,nan,nan,nan,nan,nan,nan,nan,0.4717856595757096,0.4270707368941279,2.5927395781259808,20,20,2.224116802215576
877,,0.44818815281835234,0.03201343948702517,0.35993961691856385,1.0,1.0,1.0,1.0,0.0,1.0,0.0,0.0,0.49992952666112356,0.22142857142857142,0.22142857142857142,0.0,0.999083296070621,0.04895334721881933,0.0,0.0,0.0,0.0,nan,nan,nan,nan,nan,nan,nan,nan,nan,nan,nan,0.475126532457927,0.4261731852391077,2.3760298534335647,20,20,3.232616901397705
878,,0.4614362761578044,0.02307181380789022,0.48031955361366274,1.0,1.0,1.0,1.0,0.0,1.0,0.0,0.0,0.5,0.1125,0.1125,0.0,0.9553744287097177,0.4811058867163113,0.0,0.0,0.0,0.0,nan,nan,nan,nan,nan,nan,nan,nan,nan,nan,nan,0.8909640428633455,0.4098581561470342,2.486010072350019,20,20,3.319756507873535
879,,0.4539193307774708,0.018156773231098832,0.2969184637069702,1.0,1.0,1.0,1.0,1.0,0.9949238578680203,0.0,0.005076142131979695,0.5003495136499405,0.196,0.196,0.0,0.9985832527707477,0.07269701287914915,100.0,0.10176892061831258,1.0,0.10176892061831258,nan,nan,nan,nan,nan,nan,nan,nan,nan,nan,nan,0.474953490887638,0.40225647800848885,2.5442990833763877,20,20,4.57969069480896
880,,0.45230857261303564,0.016752169356038356,0.3113329172134399,1.0,1.0,1.0,1.0,1.0,0.9948979591836735,0.0,0.00510204081632653,0.4995803787752434,0.17037037037037037,0.17037037037037037,0.0,0.9983945330839239,0.07419249336196404,0.0,-0.020884841846744925,0.0,0.0,nan,nan,nan,nan,nan,nan,nan,nan,nan,nan,nan,0.47687891879333366,0.4026864254313696,2.3138962698612877,20,20,4.224709510803223
881,,0.44707386313678354,0.026298462537457854,0.2713408052921295,1.0,1.0,1.0,1.0,0.0,1.0,0.0,0.0,0.5,0.1411764705882353,0.1411764705882353,0.35294117647058826,0.9987362287809091,0.04828447663557267,0.0,0.0,0.0,0.0,nan,nan,nan,nan,nan,nan,nan,nan,nan,nan,nan,0.46854043497236364,0.42025595833679097,2.6679467590255914,20,20,3.066805839538574
882,,0.4402831481333461,0.015182177521839521,0.27195677161216736,1.0,1.0,1.0,1.0,0.0,1.0,0.0,0.0,0.5,0.15172413793103448,0.15172413793103448,0.0,0.9975858005400209,0.09430558194436423,0.0,0.0,0.0,0.0,nan,nan,nan,nan,nan,nan,nan,nan,nan,nan,nan,0.4782990889657406,0.38399350702137636,2.2010300913070426,20,20,4.17120623588562
883,,0.443668550356993,0.034128350027461,0.36492655277252195,1.0,1.0,1.0,1.0,0.0,1.0,0.0,0.0,0.5,0.16153846153846155,0.16153846153846155,0.3076923076923077,0.9976924898337497,0.06619817788464949,0.0,0.0,0.0,0.0,nan,nan,nan,nan,nan,nan,nan,nan,nan,nan,nan,0.47586398434720395,0.40966580646255446,2.4685883585412216,20,20,3.7010855674743652
884,,0.4573106297453255,0.028581914359082843,0.49276756048202514,1.0,1.0,1.0,1.0,0.0,1.0,0.0,0.0,0.5,0.278125,0.278125,0.1875,0.9990399256702532,0.05054037975636627,0.0,0.0,0.0,0.0,nan,nan,nan,nan,nan,nan,nan,nan,nan,nan,nan,0.48039188814412936,0.4298515083877631,2.709385098533061,20,20,3.690523386001587
885,,0.44281979134758764,0.029521319423172508,0.3216503322124481,1.0,1.0,1.0,1.0,0.0,1.0,0.0,0.0,0.5,0.16333333333333333,0.16333333333333333,0.2,0.998379571867869,0.06956894718186929,0.0,0.0,0.0,0.0,nan,nan,nan,nan,nan,nan,nan,nan,nan,nan,nan,0.4797984271703077,0.4102294799884384,2.5039933102830325,20,20,3.3508989810943604
886,,0.4453382065669465,0.031809871897639036,0.26701664328575136,1.0,1.0,1.0,1.0,0.0,1.0,0.0,0.0,0.5,0.18571428571428572,0.18571428571428572,0.14285714285714285,0.9988447862974249,0.06476860404192347,0.0,0.0,0.0,0.0,nan,nan,nan,nan,nan,nan,nan,nan,nan,nan,nan,0.4789758897192978,0.4142072856773743,2.3450208929767786,20,20,3.058323621749878
887,,0.440126495254179,0.02588979383848112,0.29365001916885375,1.0,1.0,1.0,1.0,0.0,1.0,0.0,0.0,0.5,0.29705882352941176,0.29705882352941176,0.0,0.9981814422784941,0.07089310478858835,0.0,0.0,0.0,0.0,nan,nan,nan,nan,nan,nan,nan,nan,nan,nan,nan,0.4716185713100485,0.4007254665214601,2.0975327878691434,20,20,3.409064292907715
888,,0.4413882983183136,0.0275867686448946,0.26064574122428896,1.0,1.0,1.0,1.0,1.0,0.9945945945945946,0.0,0.005405405405405406,0.4997758760116994,0.1875,0.1875,0.0,0.9980393038277958,0.07801704666608944,100.0,0.0026466573919959116,1.0,0.0026466573919959116,nan,nan,nan,nan,nan,nan,nan,nan,nan,nan,nan,0.4754714024146688,0.39745435574857935,2.4227935679479384,20,20,3.7995898723602295
889,,0.4552776198778922,0.025293201104327347,0.2977371871471405,1.0,1.0,1.0,1.0,0.0,1.0,0.0,0.0,0.5,0.225,0.225,0.05555555555555555,0.9988729292378558,0.05624363545246319,0.0,0.0,0.0,0.0,nan,nan,nan,nan,nan,nan,nan,nan,nan,nan,nan,0.4824586648869024,0.42621502943443923,2.6488072721442695,20,20,4.554723262786865
890,,0.4427340232618742,0.02330179069799338,0.24977842569351197,1.0,1.0,1.0,1.0,0.0,0.9945652173913043,0.005434782608695652,0.0,0.49965976186488803,0.38421052631578945,0.38421052631578945,0.0,0.9959064112611785,0.10328583146907089,0.0,0.0,0.0,0.0,nan,nan,nan,nan,nan,nan,nan,nan,nan,nan,nan,0.4762051693790716,0.3729193379100007,2.226164962112268,20,20,3.836820125579834
891,,0.43711610510366383,0.017484644204146554,0.3292454779148102,1.0,1.0,1.0,1.0,1.0,0.9939393939393939,0.0,0.006060606060606061,0.49961060017347336,0.198,0.198,0.08,0.998085841952954,0.07997124177924164,100.0,0.059770003153193196,1.0,0.059770003153193196,nan,nan,nan,nan,nan,nan,nan,nan,nan,nan,nan,0.4695151562899182,0.38954391451067655,2.273322210544939,20,20,3.7631051540374756
892,,0.45203682058711947,0.025113156699284416,0.4230362236499786,1.0,1.0,1.0,1.0,0.0,1.0,0.0,0.0,0.5,0.30277777777777776,0.30277777777777776,0.2222222222222222,0.9986653810870689,0.06377319623010813,0.0,0.0,0.0,0.0,nan,nan,nan,nan,nan,nan,nan,nan,nan,nan,nan,0.488390765766198,0.42461756953608987,2.463071356639388,20,20,5.47085428237915
893,,0.4443379045383491,0.03173842175273922,0.23639825284481047,1.0,1.0,1.0,1.0,0.0,0.9849624060150376,0.015037593984962405,0.0,0.4998335599899292,0.1,0.1,0.0,0.9989097878582477,0.05958376800008269,0.0,0.0,0.0,0.0,nan,nan,nan,nan,nan,nan,nan,nan,nan,nan,nan,0.46943579538753233,0.40985202738744964,2.5878622847155914,20,20,2.255244493484497
894,,0.4442178983228232,0.02776361864517645,0.31410295367240904,1.0,1.0,1.0,1.0,0.0,1.0,0.0,0.0,0.5,0.128125,0.128125,0.0,0.9983151050465224,0.06320868059149565,0.0,0.0,0.0,0.0,nan,nan,nan,nan,nan,nan,nan,nan,nan,nan,nan,0.47604524221746786,0.4128365616259722,2.6890133072680036,20,20,3.199559211730957
895,,0.45494672752625404,0.030329781835083603,0.2715917766094208,1.0,1.0,1.0,1.0,0.0,1.0,0.0,0.0,0.5012640168269475,0.33666666666666667,0.33666666666666667,0.0,0.9989446778177028,0.054764439913580876,0.0,0.0,0.0,0.0,nan,nan,nan,nan,nan,nan,nan,nan,nan,nan,nan,0.471007211341072,0.4162427714274911,2.5359092267227865,20,20,3.5640361309051514
896,,0.4484683864494053,0.03449756818841579,0.38528323769569395,1.0,1.0,1.0,1.0,0.0,0.9861111111111112,0.006944444444444444,0.006944444444444444,0.5008405240682455,0.18846153846153846,0.18846153846153846,0.0,0.9986639619009834,0.049712277784761005,100.0,0.003020687275814539,1.0,0.003020687275814539,nan,nan,nan,nan,nan,nan,nan,nan,nan,nan,nan,0.47478329860768137,0.42507102082292036,2.604640653017387,20,20,2.2202157974243164
897,,0.4716019985942222,0.01886407994376889,0.5326529264450073,1.0,1.0,1.0,1.0,0.0,1.0,0.0,0.0,0.5,0.298,0.298,0.24,0.9588277549538666,0.46936607755006177,0.0,0.0,0.0,0.0,nan,nan,nan,nan,nan,nan,nan,nan,nan,nan,nan,0.8912197013351483,0.4218536237850865,2.2482970094911203,20,20,4.505329132080078
898,,0.4539945287272006,0.017461328027969254,0.2947771728038788,1.0,1.0,1.0,1.0,1.0,0.9945945945945946,0.0,0.005405405405405406,0.499867294384883,0.16346153846153846,0.16346153846153846,0.0,0.9979941808302962,0.08536562383564134,100.0,0.16157451203564738,1.0,0.16157451203564738,nan,nan,nan,nan,nan,nan,nan,nan,nan,nan,nan,0.47817892270740264,0.3928132988717613,2.5366862454783834,20,20,4.30631685256958
899,,0.4471665687088033,0.027947910544300205,0.37808600068092346,1.0,1.0,1.0,1.0,0.0,0.994475138121547,0.0055248618784530384,0.0,0.4991959247738123,0.128125,0.128125,0.1875,0.99880486514207,0.05077254406384274,0.0,0.0,0.0,0.0,nan,nan,nan,nan,nan,nan,nan,nan,nan,nan,nan,0.4733587225728722,0.42258617850902946,2.456819839450555,20,20,3.516413927078247
900,,0.45583517294474846,0.030389011529649897,0.39231080412864683,1.0,1.0,1.0,1.0,1.0,0.9945945945945946,0.0,0.005405405405405406,0.4992137295007706,0.30333333333333334,0.30333333333333334,0.13333333333333333,0.9991854162608939,0.05149602006953535,100.0,0.05254126756011751,1.0,0.05254126756011751,nan,nan,nan,nan,nan,nan,nan,nan,nan,nan,nan,0.4730806727863929,0.4215846527168575,2.5134437681011095,20,20,3.695843458175659
901,,0.44284832811615327,0.017032628004467434,0.2879778027534485,1.0,1.0,1.0,1.0,0.0,1.0,0.0,0.0,0.5008659792634157,0.3096153846153846,0.3096153846153846,0.19230769230769232,0.9982067700904941,0.084343231218582,0.0,0.0,0.0,0.0,nan,nan,nan,nan,nan,nan,nan,nan,nan,nan,nan,0.47784973529364705,0.39350650407506504,2.1035029530338845,20,20,6.802220344543457
902,,0.4526695786670675,0.019681286029002935,0.28696129322052,1.0,1.0,1.0,1.0,1.0,0.9903381642512077,0.004830917874396135,0.004830917874396135,0.5001192814630011,0.21739130434782608,0.21739130434782608,0.0,0.9987418261759192,0.051550443767029885,100.0,0.0034615251862920166,1.0,0.0034615251862920166,nan,nan,nan,nan,nan,nan,nan,nan,nan,nan,nan,0.47319090691783044,0.42164046315080056,2.534749887162518,20,20,5.2418718338012695
903,,0.447888543795973,0.01722648245369127,0.2318590521812439,1.0,1.0,1.0,1.0,0.0,0.9947089947089947,0.005291005291005291,0.0,0.5000561044766353,0.2903846153846154,0.2903846153846154,0.19230769230769232,0.9979018343753211,0.07834998036382773,0.0,0.0,0.0,0.0,nan,nan,nan,nan,nan,nan,nan,nan,nan,nan,nan,0.4719923166215099,0.3936423362576822,2.3363710711260106,20,20,7.344736814498901
904,,0.4472722514591255,0.022363612572956278,0.2110659271478653,1.0,1.0,1.0,1.0,0.0,0.9939759036144579,0.006024096385542169,0.0,0.5006169241666794,0.14,0.14,0.0,0.9984873427069552,0.059417352380195354,0.0,0.0,0.0,0.0,nan,nan,nan,nan,nan,nan,nan,nan,nan,nan,nan,0.47429598744340784,0.4148786350632125,2.4871271771210504,20,20,3.355212688446045
905,,0.4532547464504227,0.016787212831497138,0.2556138843297958,1.0,1.0,1.0,1.0,0.0,1.0,0.0,0.0,0.49950746598619,0.29259259259259257,0.29259259259259257,0.18518518518518517,0.9981587824750456,0.07703951673098158,0.0,0.0,0.0,0.0,nan,nan,nan,nan,nan,nan,nan,nan,nan,nan,nan,0.47424970084127743,0.39721018411029585,2.3605593486869516,20,20,5.433612585067749
906,,0.4469649503060447,0.017190959627155566,0.2388442873954773,1.0,1.0,1.0,1.0,1.0,0.9947916666666666,0.0,0.005208333333333333,0.49961323101933186,0.45576923076923076,0.45576923076923076,0.07692307692307693,0.9959270015295466,0.09221425162333857,100.0,0.0023982164243815107,1.0,0.0023982164243815107,nan,nan,nan,nan,nan,nan,nan,nan,nan,nan,nan,0.478420803093914,0.3862065514705754,2.086645444063125,20,20,5.395953178405762
907,,0.4581816072864438,0.016969689158757177,0.4499180018901825,1.0,1.0,1.0,1.0,0.0,0.9923664122137404,0.007633587786259542,0.0,0.49938210643551967,0.12222222222222222,0.12222222222222222,0.07407407407407407,0.9538374920738546,0.508788279090289,0.0,0.0,0.0,0.0,nan,nan,nan,nan,nan,nan,nan,nan,nan,nan,nan,0.8896257461073136,0.3808374670170246,2.221541737552896,20,20,2.7272121906280518
908,,0.4401946483294852,0.03668288736079043,0.7008739590644837,1.0,1.0,1.0,1.0,0.0,0.9929078014184397,0.0070921985815602835,0.0,0.496827890475591,0.15,0.15,0.0,0.9985505666472575,0.07408556698271995,0.0,0.0,0.0,0.0,nan,nan,nan,nan,nan,nan,nan,nan,nan,nan,nan,0.47531030841194877,0.4012247414292288,2.4233348195191846,20,20,2.2118372917175293
909,,0.44640108298262265,0.012064894134665476,0.2216039389371872,1.0,1.0,1.0,1.0,1.0,0.9942857142857143,0.0,0.005714285714285714,0.4991688537134512,0.18243243243243243,0.18243243243243243,0.13513513513513514,0.9982042566696248,0.06564256761565018,100.0,0.0010486344945475796,1.0,0.0010486344945475796,nan,nan,nan,nan,nan,nan,nan,nan,nan,nan,nan,0.47292180477770296,0.4072792371620528,2.406493860828573,20,20,4.45246148109436
910,,0.46471360729583044,0.022129219395039545,0.4629769563674927,1.0,1.0,1.0,1.0,0.0,0.9945054945054945,0.005494505494505495,0.0,0.49987953383298145,0.31666666666666665,0.31666666666666665,0.14285714285714285,0.9551357360263847,0.49530051414548115,0.0,0.0,0.0,0.0,nan,nan,nan,nan,nan,nan,nan,nan,nan,nan,nan,0.8939077302118796,0.3986072160663985,2.31168216524276,20,20,3.784996747970581
911,,0.4344469980286853,0.021722349901434266,0.3680058419704437,1.0,1.0,1.0,1.0,0.0,0.9849624060150376,0.015037593984962405,0.0,0.4991458668000996,0.2075,0.2075,0.0,0.9965017135110295,0.111634421398139,0.0,0.0,0.0,0.0,nan,nan,nan,nan,nan,nan,nan,nan,nan,nan,nan,0.47331222268762424,0.36167780128948523,2.174266603860352,20,20,2.7968101501464844
912,,0.45718749835938544,0.020781249925426612,0.3177595973014832,1.0,1.0,1.0,1.0,0.0,0.9835164835164835,0.016483516483516484,0.0,0.49954611797901716,0.25,0.25,0.13636363636363635,0.9989432522171814,0.0583475103851801,0.0,0.0,0.0,0.0,nan,nan,nan,nan,nan,nan,nan,nan,nan,nan,nan,0.47454476572618914,0.41619725534100904,2.6994590793147912,20,20,3.9126458168029785
913,,0.44064556504516605,0.02937637100301107,0.5159669160842896,1.0,1.0,1.0,1.0,1.0,0.9928571428571429,0.0,0.007142857142857143,0.4975764034688473,0.10666666666666667,0.10666666666666667,0.4,0.9988480460736994,0.05728553452814289,0.0,-0.08401306820518988,0.0,0.0,nan,nan,nan,nan,nan,nan,nan,nan,nan,nan,nan,0.46272627917016623,0.40544074464202334,2.4153537928131263,20,20,3.283151388168335
914,,0.4401931388171738,0.02316805993774599,0.24041882753372193,1.0,1.0,1.0,1.0,0.0,1.0,0.0,0.0,0.4971566744148731,0.10789473684210527,0.10789473684210527,0.0,0.998782889255066,0.04702162232382401,0.0,0.0,0.0,0.0,nan,nan,nan,nan,nan,nan,nan,nan,nan,nan,nan,0.46535644385569735,0.41833482153187335,2.371185365497828,20,20,3.0707147121429443
915,,0.44497531989954475,0.034228870761503445,0.25665480494499204,1.0,1.0,1.0,1.0,0.0,0.9772727272727273,0.022727272727272728,0.0,0.5077902834002789,0.12307692307692308,0.12307692307692308,0.38461538461538464,0.999029885737166,0.05345332582632617,0.0,0.0,0.0,0.0,nan,nan,nan,nan,nan,nan,nan,nan,nan,nan,nan,0.46871994460308264,0.41526661877675647,2.544356501860382,20,20,3.6355888843536377
916,,0.4554564496998251,0.030363763313321676,0.41360456347465513,1.0,1.0,1.0,1.0,1.0,0.9788359788359788,0.010582010582010581,0.010582010582010581,0.4982455108563105,0.17666666666666667,0.17666666666666667,0.26666666666666666,0.9988516072344746,0.053906147793488624,50.0,-0.013853584170477953,0.5,0.0012310839904106363,nan,nan,nan,nan,nan,nan,nan,nan,nan,nan,nan,0.47843428961108875,0.4245281418176001,2.652008542790485,20,20,4.097665071487427
917,,0.4441041904818114,0.03172172789155796,0.18798021972179413,1.0,1.0,1.0,1.0,0.0,0.9923076923076923,0.007692307692307693,0.0,0.5004754917962211,0.2,0.2,0.0,0.9985084856999435,0.06553606675177626,0.0,0.0,0.0,0.0,nan,nan,nan,nan,nan,nan,nan,nan,nan,nan,nan,0.46918095001439475,0.4036448832626185,2.287966371633805,20,20,2.2992918491363525
918,,0.44750154316738955,0.03196439594052782,0.3717719793319702,1.0,1.0,1.0,1.0,0.0,0.9754601226993865,0.024539877300613498,0.0,0.5006742436970983,0.11071428571428571,0.11071428571428571,0.07142857142857142,0.9986568338932618,0.06420606915167859,0.0,0.0,0.0,0.0,nan,nan,nan,nan,nan,nan,nan,nan,nan,nan,nan,0.4691222280717845,0.4049161589201059,2.4169438399395995,20,20,2.948645830154419
919,,0.44909530403817133,0.01952588278426832,0.19557905197143555,1.0,1.0,1.0,1.0,0.0,0.9728260869565217,0.02717391304347826,0.0,0.4973235094413647,0.19782608695652174,0.19782608695652174,0.043478260869565216,0.9981788493646576,0.07264510807087465,0.0,0.0,0.0,0.0,nan,nan,nan,nan,nan,nan,nan,nan,nan,nan,nan,0.4798227794378434,0.40717767136696875,2.615948648579364,20,20,4.028717517852783
920,,0.447382792982982,0.034414060998690925,0.2725979804992676,1.0,1.0,1.0,1.0,1.0,0.9578313253012049,0.030120481927710843,0.012048192771084338,0.49879475980997084,0.20384615384615384,0.20384615384615384,0.38461538461538464,0.9982055468782377,0.070070117777348,0.0,-0.07801726196545856,0.0,0.0,nan,nan,nan,nan,nan,nan,nan,nan,nan,nan,nan,0.47319061278729124,0.40312049500994324,2.604448441872673,20,20,2.840935707092285
921,,0.4519668493211779,0.02152223092005609,0.2696486234664917,1.0,1.0,1.0,1.0,1.0,0.9842931937172775,0.010471204188481676,0.005235602094240838,0.50154455467349,0.36666666666666664,0.36666666666666664,0.14285714285714285,0.9986420603630168,0.05813044722166494,100.0,0.284818031627163,1.0,0.284818031627163,nan,nan,nan,nan,nan,nan,nan,nan,nan,nan,nan,0.480719198695761,0.4225887514740961,2.325898062160418,20,20,4.287681579589844
922,,0.44134396489737704,0.021016379280827478,0.19793730676174165,1.0,1.0,1.0,1.0,0.0,0.9745222929936306,0.025477707006369428,0.0,0.5003142979173433,0.2642857142857143,0.2642857142857143,0.23809523809523808,0.9971941105586991,0.07688681087010546,0.0,0.0,0.0,0.0,nan,nan,nan,nan,nan,nan,nan,nan,nan,nan,nan,0.47387725250333046,0.396990441633225,2.340843775884197,20,20,3.147953987121582
923,,0.44078556799022084,0.019164589912618296,0.243446946144104,1.0,1.0,1.0,1.0,0.0,0.96,0.04,0.0,0.4995610626819341,0.1891304347826087,0.1891304347826087,0.13043478260869565,0.9981757567505732,0.07224990667171527,0.0,0.0,0.0,0.0,nan,nan,nan,nan,nan,nan,nan,nan,nan,nan,nan,0.4783865627186793,0.40613665604696403,2.46860804832283,20,20,3.823453426361084
924,,0.45378171559194597,0.030252114372796398,0.5459244430065155,1.0,1.0,1.0,1.0,0.0,0.9720670391061452,0.027932960893854747,0.0,0.5006232900420825,0.18333333333333332,0.18333333333333332,0.13333333333333333,0.9991958250660171,0.05383164357531839,0.0,0.0,0.0,0.0,nan,nan,nan,nan,nan,nan,nan,nan,nan,nan,nan,0.478371209636048,0.4245395660607296,2.6059001872084298,20,20,3.418513774871826
925,,0.43583880769144995,0.02905592051276333,0.2524035632610321,1.0,1.0,1.0,1.0,0.0,0.9924242424242424,0.007575757575757576,0.0,0.5006894672910372,0.19,0.19,0.0,0.9980560513033955,0.0918720332589637,0.0,0.0,0.0,0.0,nan,nan,nan,nan,nan,nan,nan,nan,nan,nan,nan,0.46802979913999043,0.37615776588102673,2.252684976716503,20,20,2.3056817054748535
926,,0.43937306256925807,0.03138379018351843,0.19190099239349365,1.0,1.0,1.0,1.0,0.0,0.9930555555555556,0.006944444444444444,0.0,0.4986382897411074,0.17857142857142858,0.17857142857142858,0.14285714285714285,0.9976014653621592,0.07100261324197266,0.0,0.0,0.0,0.0,nan,nan,nan,nan,nan,nan,nan,nan,nan,nan,nan,0.4662618116335503,0.39525919839157764,2.257895191764494,20,20,2.968020439147949
927,,0.4389541611411828,0.02310285058637804,0.18437889516353606,1.0,1.0,1.0,1.0,0.0,0.9765625,0.0234375,0.0,0.4953441107155461,0.11315789473684211,0.11315789473684211,0.10526315789473684,0.9978863729543382,0.07641681506173159,0.0,0.0,0.0,0.0,nan,nan,nan,nan,nan,nan,nan,nan,nan,nan,nan,0.46483794054085675,0.38842112547912516,2.5064870730982425,20,20,2.5709619522094727
928,,0.4508562248425992,0.034681248064815325,0.5070418357849121,1.0,1.0,1.0,1.0,0.0,0.9847328244274809,0.015267175572519083,0.0,0.498906960281042,0.2423076923076923,0.2423076923076923,0.38461538461538464,0.9988268106360816,0.05552523147086219,0.0,0.0,0.0,0.0,nan,nan,nan,nan,nan,nan,nan,nan,nan,nan,nan,0.4759576439680589,0.4204324124971967,2.383387931411581,20,20,2.3890395164489746
929,,0.46913889766242245,0.018043803756247017,0.47739248871803286,1.0,1.0,1.0,1.0,0.0,0.9685863874345549,0.031413612565445025,0.0,0.49985809091192024,0.18846153846153846,0.18846153846153846,0.19230769230769232,0.9556295741990196,0.4873021478843195,0.0,0.0,0.0,0.0,nan,nan,nan,nan,nan,nan,nan,nan,nan,nan,nan,0.9053725259322265,0.418070378047907,2.505321387306003,20,20,4.09320068359375
930,,0.43278427484430204,0.01967201249292282,0.6586823225021362,1.0,1.0,1.0,1.0,0.0,0.953757225433526,0.04046242774566474,0.005780346820809248,0.5007146199487827,0.22272727272727272,0.22272727272727272,0.18181818181818182,0.9964484801476917,0.11186555894456052,0.0,-0.0228824732682415,0.0,0.0,nan,nan,nan,nan,nan,nan,nan,nan,nan,nan,nan,0.4687821655125579,0.3569166065679974,2.228960910456981,20,20,6.977444410324097
931,,0.4536882493624603,0.030245883290830687,0.6508650422096253,1.0,1.0,1.0,1.0,0.0,0.9613259668508287,0.03867403314917127,0.0,0.5017687844733397,0.26,0.26,0.13333333333333333,0.9985249809192512,0.06047620526694397,0.0,0.0,0.0,0.0,nan,nan,nan,nan,nan,nan,nan,nan,nan,nan,nan,0.4815661123012924,0.42108990703434845,2.59021167225827,20,20,3.7933459281921387
932,,0.4482724351228454,0.022413621756142272,0.2583222448825836,1.0,1.0,1.0,1.0,0.0,0.978494623655914,0.021505376344086023,0.0,0.49903558554127814,0.2775,0.2775,0.05,0.9984486584793731,0.05345886426600249,0.0,0.0,0.0,0.0,nan,nan,nan,nan,nan,nan,nan,nan,nan,nan,nan,0.47298718267209344,0.41952831840609095,2.254566480155387,20,20,4.009790897369385
933,,0.44450407950795523,0.037042006625662934,0.40487165451049806,1.0,1.0,1.0,1.0,0.0,0.9921875,0.0078125,0.0,0.5013505484908819,0.09166666666666666,0.09166666666666666,0.0,0.9994538100110891,0.03659325203277869,0.0,0.0,0.0,0.0,nan,nan,nan,nan,nan,nan,nan,nan,nan,nan,nan,0.4669531489863983,0.4303598969536196,2.479302788206894,20,20,2.014113664627075
934,,-0.521232902684306,0.0015958903243856466,2.268828010559082,0.95,0.95,0.95,0.9946524064171123,0.0,0.9715639810426541,0.02843601895734597,0.0,0.49898736573569474,0.0215,0.0215,0.01,0.7986481417815464,1.2157484531763298,0.0,0.0,0.0,0.0,nan,nan,nan,nan,nan,nan,nan,nan,nan,nan,nan,0.9298782027057242,-0.28587025047060577,2.3141132809154734,20,20,24.501379013061523
935,,0.4519982098330593,0.02511101165739218,1.656587791442871,1.0,1.0,1.0,1.0,1.0,0.9664804469273743,0.0223463687150838,0.0111731843575419,0.49797223860190976,0.3972222222222222,0.3972222222222222,0.05555555555555555,0.9975089805712413,0.07460682121813561,0.0,-0.11821318379667417,0.0,0.0,nan,nan,nan,nan,nan,nan,nan,nan,nan,nan,nan,0.4785322935427666,0.403925472324631,2.454891650785674,20,20,3.624906539916992
936,,0.4395735186456948,0.02585726580268793,1.2612118005752564,1.0,1.0,1.0,1.0,0.0,0.958904109589041,0.0410958904109589,0.0,0.4981002343708978,0.22058823529411764,0.22058823529411764,0.23529411764705882,0.9984069348046102,0.06343169157801753,0.0,0.0,0.0,0.0,nan,nan,nan,nan,nan,nan,nan,nan,nan,nan,nan,0.46562913930541255,0.402197447727395,2.323710123148884,20,20,2.8137288093566895
937,,0.45190187251606556,0.03012679150107104,4.611993312835693,1.0,1.0,1.0,1.0,1.0,0.9890710382513661,0.00546448087431694,0.00546448087431694,0.49926600019137063,0.21,0.21,0.3333333333333333,0.9992006720518782,0.0472531775868949,0.0,-0.18108486777782315,0.0,0.0,nan,nan,nan,nan,nan,nan,nan,nan,nan,nan,nan,0.4748278349687021,0.4275746573818072,2.576774722397969,20,20,6.645787000656128
938,,0.44746518457728646,0.03442039881363742,0.45194565653800967,1.0,1.0,1.0,1.0,1.0,0.9705882352941176,0.014705882352941176,0.014705882352941176,0.494917967199133,0.17692307692307693,0.17692307692307693,0.0,0.9987759412025977,0.059354540907524345,50.0,-0.004741549266438633,0.5,0.002155576763349973,nan,nan,nan,nan,nan,nan,nan,nan,nan,nan,nan,0.4670639461187326,0.40770940521120824,2.4979421062229084,20,20,2.2947800159454346
939,,0.4451765660942736,0.023430345583909135,0.3232215940952301,1.0,1.0,1.0,1.0,0.0,0.989010989010989,0.01098901098901099,0.0,0.499260179345545,0.3078947368421053,0.3078947368421053,0.21052631578947367,0.9984828494341061,0.059795370758302324,0.0,0.0,0.0,0.0,nan,nan,nan,nan,nan,nan,nan,nan,nan,nan,nan,0.47796227614375314,0.4181669053854508,2.53121572187653,20,20,3.8164844512939453
940,,0.44427814810790006,0.02468211933932778,0.36148386001586913,1.0,1.0,1.0,1.0,1.0,0.9880952380952381,0.005952380952380952,0.005952380952380952,0.4980442392743296,0.11666666666666667,0.11666666666666667,0.2222222222222222,0.9983089260488826,0.07436735511037584,100.0,0.003279762714888862,1.0,0.003279762714888862,nan,nan,nan,nan,nan,nan,nan,nan,nan,nan,nan,0.4959553375604778,0.421587982450102,2.5495539567299894,20,20,4.272510528564453
941,,0.4448666887797036,0.02965777925198024,0.35330206751823423,1.0,1.0,1.0,1.0,0.0,0.9769230769230769,0.023076923076923078,0.0,0.4975427955389023,0.25333333333333335,0.25333333333333335,0.0,0.9983593556197135,0.07151203935059203,0.0,0.0,0.0,0.0,nan,nan,nan,nan,nan,nan,nan,nan,nan,nan,nan,0.4691076979363411,0.3975956585857491,2.313082964489115,20,20,2.4545600414276123
942,,0.4503100126277241,0.03463923174059416,0.7686494946479797,1.0,1.0,1.0,1.0,0.0,0.9703703703703703,0.02962962962962963,0.0,0.49686688706278803,0.13076923076923078,0.13076923076923078,0.23076923076923078,0.9992684833840548,0.05163599101534161,0.0,0.0,0.0,0.0,nan,nan,nan,nan,nan,nan,nan,nan,nan,nan,nan,0.4783637204911045,0.4267277294757629,2.739450945690867,20,20,2.375756025314331
943,,0.4408135567796312,0.025930209222331246,0.25175374150276186,1.0,1.0,1.0,1.0,1.0,0.9328358208955224,0.05223880597014925,0.014925373134328358,0.5007136745049673,0.09117647058823529,0.09117647058823529,0.058823529411764705,0.998607431385682,0.06723664371624494,0.0,-0.023921252372737376,0.0,0.0,nan,nan,nan,nan,nan,nan,nan,nan,nan,nan,nan,0.46531765709597217,0.39808101337972723,2.575871299837598,20,20,2.3943557739257812
944,,0.4655331067407734,0.021160595760944246,0.4961016595363617,1.0,1.0,1.0,1.0,1.0,0.9788732394366197,0.014084507042253521,0.007042253521126761,0.499251408807256,0.17272727272727273,0.17272727272727273,0.2727272727272727,0.9559904039777127,0.49202616655276993,0.0,-0.05721366639885662,0.0,0.0,nan,nan,nan,nan,nan,nan,nan,nan,nan,nan,nan,0.8933016175189021,0.4012754509661322,2.4808835562624614,20,20,2.6509788036346436
945,,0.4361517503727016,0.02295535528277377,0.3187829673290253,1.0,1.0,1.0,1.0,1.0,0.967948717948718,0.02564102564102564,0.00641025641025641,0.49691255294570796,0.2710526315789474,0.2710526315789474,0.10526315789473684,0.9974713069370372,0.07529001152657094,100.0,0.03525450977384328,1.0,0.03525450977384328,nan,nan,nan,nan,nan,nan,nan,nan,nan,nan,nan,0.4684676751248134,0.39317766359824247,2.203011734956293,20,20,3.130648136138916
946,,0.4404659504486532,0.027529121903040826,0.25454672873020173,1.0,1.0,1.0,1.0,1.0,0.9482758620689655,0.04597701149425287,0.005747126436781609,0.49935249346890487,0.15625,0.15625,0.0,0.9981827413856177,0.0743974918766993,0.0,-0.03115274679311643,0.0,0.0,nan,nan,nan,nan,nan,nan,nan,nan,nan,nan,nan,0.4723038116041318,0.3979063197274325,2.7106834827475184,20,20,3.205040454864502
947,,0.44167943859113495,0.03154853132793821,0.3672520160675049,1.0,1.0,1.0,1.0,0.0,0.953757225433526,0.046242774566473986,0.0,0.5016586363315583,0.17857142857142858,0.17857142857142858,0.14285714285714285,0.9985910602720437,0.06097293274325388,0.0,0.0,0.0,0.0,nan,nan,nan,nan,nan,nan,nan,nan,nan,nan,nan,0.4697339965002091,0.4087610637569552,2.411729070758217,20,20,3.3660080432891846
948,,0.45068475689428783,0.014538217964331865,0.1676645189523697,1.0,1.0,1.0,1.0,0.0,0.9792746113989638,0.02072538860103627,0.0,0.500379286970823,0.1774193548387097,0.1774193548387097,0.16129032258064516,0.9985601768874723,0.06659656572399025,0.0,0.0,0.0,0.0,nan,nan,nan,nan,nan,nan,nan,nan,nan,nan,nan,0.4838092774817388,0.41721271175774854,2.236185745659595,20,20,7.313650131225586
949,,0.4593229864083709,0.021872523162303377,0.29993897676467896,1.0,1.0,1.0,1.0,0.0,0.9852941176470589,0.014705882352941176,0.0,0.49625344798855836,0.3547619047619048,0.3547619047619048,0.3333333333333333,0.9984025372619982,0.0812593920725983,0.0,0.0,0.0,0.0,nan,nan,nan,nan,nan,nan,nan,nan,nan,nan,nan,0.5024975005450315,0.4212381084724332,2.3477253902392805,20,20,4.13783597946167
950,,0.43923001192615757,0.02196150059630788,0.3496170163154602,1.0,1.0,1.0,1.0,1.0,0.9594594594594594,0.033783783783783786,0.006756756756756757,0.4993195202574134,0.1625,0.1625,0.0,0.9987633830311391,0.057690921522430605,0.0,-0.12031312218395876,0.0,0.0,nan,nan,nan,nan,nan,nan,nan,nan,nan,nan,nan,0.46869308602036497,0.41100216449793436,2.4393854501022747,20,20,2.8051934242248535
951,,0.44353369958298283,0.0403212454166348,0.23152996897697448,1.0,1.0,1.0,1.0,1.0,0.9618320610687023,0.030534351145038167,0.007633587786259542,0.5013980004597794,0.09090909090909091,0.09090909090909091,0.09090909090909091,0.9987986539920846,0.06131494504445184,0.0,-0.001637881979773638,0.0,0.0,nan,nan,nan,nan,nan,nan,nan,nan,nan,nan,nan,0.4678992420405499,0.40658429699609805,2.65735792923755,20,20,1.9328336715698242
952,,0.44436843171111634,0.03418218705470126,0.2926157295703888,1.0,1.0,1.0,1.0,0.0,0.9632352941176471,0.03676470588235294,0.0,0.5005776817982014,0.10384615384615385,0.10384615384615385,0.3076923076923077,0.9988812329399506,0.059205086474301394,0.0,0.0,0.0,0.0,nan,nan,nan,nan,nan,nan,nan,nan,nan,nan,nan,0.46586476002810917,0.4066596735538078,2.576638531987838,20,20,2.52350115776062
953,,0.44684465343644053,0.026284979613908268,0.341065776348114,1.0,1.0,1.0,1.0,1.0,0.9717514124293786,0.022598870056497175,0.005649717514124294,0.5000713452258531,0.19705882352941176,0.19705882352941176,0.0,0.9985751706923446,0.06081833847458051,100.0,0.025550261031936472,1.0,0.025550261031936472,nan,nan,nan,nan,nan,nan,nan,nan,nan,nan,nan,0.4761587621795417,0.41534042370496116,2.37743924348143,20,20,3.452857255935669
954,,0.43722887850156467,0.033632990653966514,0.41057910919189455,1.0,1.0,1.0,1.0,1.0,0.9476744186046512,0.040697674418604654,0.011627906976744186,0.49559039496458496,0.09230769230769231,0.09230769230769231,0.46153846153846156,0.9985258419256137,0.05919564354093748,50.0,0.014091741034949756,0.5,0.033258539707751666,nan,nan,nan,nan,nan,nan,nan,nan,nan,nan,nan,0.4653131786997657,0.4061175351588282,2.6320041456046397,20,20,4.795535564422607
955,,0.44646478268644935,0.031890341620460665,0.24063725769519806,1.0,1.0,1.0,1.0,1.0,0.9444444444444444,0.04861111111111111,0.006944444444444444,0.4956290212326816,0.14285714285714285,0.14285714285714285,0.5,0.9983654365470798,0.07014109643775718,0.0,-0.0040481314677558895,0.0,0.0,nan,nan,nan,nan,nan,nan,nan,nan,nan,nan,nan,0.4764802553261408,0.4063391588883836,2.653987381483641,20,20,2.312777042388916
956,,0.442800907829322,0.027675056739332626,0.28478550910949707,1.0,1.0,1.0,1.0,1.0,0.9578313253012049,0.03614457831325301,0.006024096385542169,0.5019535573665053,0.3125,0.3125,0.125,0.9980283266283068,0.07419020509212776,100.0,0.005460503178876863,1.0,0.005460503178876863,nan,nan,nan,nan,nan,nan,nan,nan,nan,nan,nan,0.47480432208417883,0.4006141169920511,2.224689005595692,20,20,3.6525728702545166
957,,0.45453560949811905,0.01748213882685073,0.1787796288728714,1.0,1.0,1.0,1.0,0.0,0.9668508287292817,0.03314917127071823,0.0,0.49877350377635316,0.29615384615384616,0.29615384615384616,0.038461538461538464,0.9976141208563545,0.09532995080728396,0.0,0.0,0.0,0.0,nan,nan,nan,nan,nan,nan,nan,nan,nan,nan,nan,0.49399718482704885,0.3986672340197649,2.505288133537729,20,20,4.188271760940552
958,,0.4425711605558647,0.01770284642223459,0.2227180302143097,1.0,1.0,1.0,1.0,1.0,0.9777777777777777,0.016666666666666666,0.005555555555555556,0.49838500216603276,0.364,0.364,0.16,0.9983094475811024,0.0618050896353286,100.0,0.009841566973452932,1.0,0.009841566973452932,nan,nan,nan,nan,nan,nan,nan,nan,nan,nan,nan,0.47391986267224206,0.41211477303691346,2.066928007416518,20,20,5.499841213226318
959,,0.4464703663306948,0.02232351831653474,0.22221724689006805,1.0,1.0,1.0,1.0,1.0,0.9622641509433962,0.031446540880503145,0.006289308176100629,0.5006226474698633,0.1525,0.1525,0.05,0.9985508984743715,0.06601613063627554,100.0,0.0033560219631163374,1.0,0.0033560219631163374,nan,nan,nan,nan,nan,nan,nan,nan,nan,nan,nan,0.4766527603612368,0.4106366297249613,2.6589287995973945,20,20,3.012159585952759
960,,0.4446507466689032,0.03176076761920737,0.318241560459137,1.0,1.0,1.0,1.0,1.0,0.952054794520548,0.0410958904109589,0.00684931506849315,0.4990881715502058,0.08214285714285714,0.08214285714285714,0.35714285714285715,0.9991982648135483,0.043763121413095185,0.0,-0.1464087342501126,0.0,0.0,nan,nan,nan,nan,nan,nan,nan,nan,nan,nan,nan,0.4661322719635622,0.42236915055046703,2.3373833446857355,20,20,2.8644275665283203
961,,0.44099190143956346,0.03674932511996362,0.2747985482215881,1.0,1.0,1.0,1.0,1.0,0.9661016949152542,0.025423728813559324,0.00847457627118644,0.49968402199447154,0.125,0.125,0.3333333333333333,0.9985279031531351,0.06954601314585412,0.0,-0.07150322075895485,0.0,0.0,nan,nan,nan,nan,nan,nan,nan,nan,nan,nan,nan,0.4711971378551803,0.4016511247093262,2.3995814962780364,20,20,2.2944276332855225
962,,0.4496286918786705,0.028101793242416906,0.20349596738815307,1.0,1.0,1.0,1.0,1.0,0.9617486338797814,0.03278688524590164,0.00546448087431694,0.49378149239346386,0.253125,0.253125,0.0,0.9986774322298055,0.062053412714894784,0.0,-0.43864308913083583,0.0,0.0,nan,nan,nan,nan,nan,nan,nan,nan,nan,nan,nan,0.472193153849908,0.4101397411350132,2.413766906396946,20,20,4.625124454498291
963,,0.44498746456811084,0.03422980496677776,0.32118136882781984,1.0,1.0,1.0,1.0,0.0,0.9865771812080537,0.013422818791946308,0.0,0.5003827325426615,0.1576923076923077,0.1576923076923077,0.23076923076923078,0.9987363167872161,0.06127497051283021,0.0,0.0,0.0,0.0,nan,nan,nan,nan,nan,nan,nan,nan,nan,nan,nan,0.4769274274766352,0.415652456963805,2.4414410867899328,20,20,2.672683000564575
964,,0.4655225764536402,0.017904714478986162,0.4788289964199066,1.0,1.0,1.0,1.0,1.0,0.9653179190751445,0.023121387283236993,0.011560693641618497,0.5011250525426406,0.15384615384615385,0.15384615384615385,0.23076923076923078,0.9574714213642419,0.4786146542759248,50.0,0.012590200142900992,0.5,0.03765221949809111,nan,nan,nan,nan,nan,nan,nan,nan,nan,nan,nan,0.8862090981506143,0.4075944438746895,2.5407906725509806,20,20,3.4645049571990967
965,,0.45923259682895823,0.030615506455263883,0.6848998904228211,1.0,1.0,1.0,1.0,0.0,0.973404255319149,0.026595744680851064,0.0,0.49910421485702194,0.19333333333333333,0.19333333333333333,0.0,0.9993214495681062,0.04703576901660117,0.0,0.0,0.0,0.0,nan,nan,nan,nan,nan,nan,nan,nan,nan,nan,nan,0.4797430018482743,0.4327072328316731,2.679840459603595,20,20,3.595611095428467
966,,0.43822959240226844,0.021911479620113423,0.3812180161476135,1.0,1.0,1.0,1.0,0.0,0.9751552795031055,0.024844720496894408,0.0,0.5006046041846275,0.3825,0.3825,0.25,0.9973687603003875,0.08069912881883073,0.0,0.0,0.0,0.0,nan,nan,nan,nan,nan,nan,nan,nan,nan,nan,nan,0.4697268173184941,0.38902768849966335,2.0523979397565877,20,20,3.4956982135772705
967,,0.4476402652537066,0.024868903625205923,0.3504031002521515,1.0,1.0,1.0,1.0,0.0,0.9766081871345029,0.023391812865497075,0.0,0.4960808548869358,0.22777777777777777,0.22777777777777777,0.1111111111111111,0.9988669039853427,0.06293268474184616,0.0,0.0,0.0,0.0,nan,nan,nan,nan,nan,nan,nan,nan,nan,nan,nan,0.4713205167832803,0.40838783204143414,2.4530364396962163,20,20,3.572721481323242
968,,0.446027904475918,0.027876744029744875,0.31066142320632933,1.0,1.0,1.0,1.0,1.0,0.9590643274853801,0.029239766081871343,0.011695906432748537,0.5065596509724856,0.1625,0.1625,0.0,0.9989963791587624,0.05257484038919208,100.0,0.06853152821080921,1.0,0.06853152821080921,nan,nan,nan,nan,nan,nan,nan,nan,nan,nan,nan,0.4702513862043318,0.41767654581513974,2.4196017485203787,20,20,3.2193081378936768
969,,0.44330228282282086,0.017732091312912833,0.20719826817512513,1.0,1.0,1.0,1.0,1.0,0.9818181818181818,0.012121212121212121,0.006060606060606061,0.4987643450200558,0.202,0.202,0.0,0.9984993950714885,0.06412161553146056,100.0,0.49955601327921045,1.0,0.49955601327921045,nan,nan,nan,nan,nan,nan,nan,nan,nan,nan,nan,0.4678581748504367,0.4037365593189761,2.282148491430213,20,20,3.513582944869995
970,,0.44863252505256423,0.03204518036089744,0.5200562119483948,1.0,1.0,1.0,1.0,1.0,0.9534883720930233,0.040697674418604654,0.005813953488372093,0.4958731200546026,0.16071428571428573,0.16071428571428573,0.0,0.9994440139905245,0.04202069417894705,100.0,0.006691329420243836,1.0,0.006691329420243836,nan,nan,nan,nan,nan,nan,nan,nan,nan,nan,nan,0.4649257076516713,0.42290501347272424,2.389376856771014,20,20,2.9972422122955322
971,,0.4507325420220133,0.02817078387637583,0.2847942292690277,1.0,1.0,1.0,1.0,0.0,0.9586206896551724,0.041379310344827586,0.0,0.4939270686591044,0.203125,0.203125,0.5,0.9988372080600798,0.06081050410315719,0.0,0.0,0.0,0.0,nan,nan,nan,nan,nan,nan,nan,nan,nan,nan,nan,0.47085519991086927,0.4100446958077121,2.3180116927426795,20,20,4.850816488265991
972,,0.43654663772110186,0.019843028987322812,0.16659621596336366,1.0,1.0,1.0,1.0,0.0,0.9597701149425287,0.040229885057471264,0.0,0.49796414058232175,0.34545454545454546,0.34545454545454546,0.045454545454545456,0.9963281655417315,0.10720580743680785,0.0,0.0,0.0,0.0,nan,nan,nan,nan,nan,nan,nan,nan,nan,nan,nan,0.470046026237642,0.36284021880083417,2.1307568328714157,20,20,4.33029580116272
973,,0.4483680533582537,0.03202628952558955,0.4107272863388062,1.0,1.0,1.0,1.0,0.0,0.9662162162162162,0.033783783783783786,0.0,0.49544980149450046,0.19642857142857142,0.19642857142857142,0.07142857142857142,0.99879168831995,0.057466452089579456,0.0,0.0,0.0,0.0,nan,nan,nan,nan,nan,nan,nan,nan,nan,nan,nan,0.47449591330186536,0.4170294612122859,2.565425392789903,20,20,2.6711654663085938
974,,0.4426855343864689,0.022134276719323446,0.24623093008995056,1.0,1.0,1.0,1.0,0.0,0.9560439560439561,0.04395604395604396,0.0,0.49392561019398273,0.22,0.22,0.1,0.996296895053241,0.12288962050801888,0.0,0.0,0.0,0.0,nan,nan,nan,nan,nan,nan,nan,nan,nan,nan,nan,0.4813991128756894,0.3585094923676705,2.4750488017819716,20,20,3.4680233001708984
975,,0.454627702770578,0.03247340734075557,0.5861898541450501,1.0,1.0,1.0,1.0,1.0,0.9543147208121827,0.04060913705583756,0.005076142131979695,0.4988790199293622,0.19285714285714287,0.19285714285714287,0.0,0.9988807968754801,0.051390948009047366,0.0,-0.06321986735504449,0.0,0.0,nan,nan,nan,nan,nan,nan,nan,nan,nan,nan,nan,0.4764375863932655,0.42504663838421813,2.6797241379681984,20,20,3.8455989360809326
976,,0.4389407815934986,0.024385598977416587,0.2876850962638855,1.0,1.0,1.0,1.0,1.0,0.8993288590604027,0.09395973154362416,0.006711409395973154,0.49516821435342234,0.18888888888888888,0.18888888888888888,0.0,0.9974421702959975,0.08600723293948953,100.0,4.821532124811567e-05,1.0,4.821532124811567e-05,nan,nan,nan,nan,nan,nan,nan,nan,nan,nan,nan,0.47081466202900163,0.3848074290895121,2.4963357734541343,20,20,2.935638666152954
977,,0.44453071943426453,0.04939230215936272,0.762227475643158,1.0,1.0,1.0,1.0,0.0,0.9137931034482759,0.08620689655172414,0.0,0.49737684966789353,0.1,0.1,0.3333333333333333,0.9992897155775906,0.052813872296821385,0.0,0.0,0.0,0.0,nan,nan,nan,nan,nan,nan,nan,nan,nan,nan,nan,0.4793271207355748,0.42651324843875343,2.5739709892946885,20,20,2.6588540077209473
978,,0.4409495546856171,0.025938209099153946,0.27017403244972227,1.0,1.0,1.0,1.0,1.0,0.8880597014925373,0.1044776119402985,0.007462686567164179,0.4992552710806622,0.2235294117647059,0.2235294117647059,0.058823529411764705,0.9973724574682781,0.08513449056817746,0.0,-0.007759354684936104,0.0,0.0,nan,nan,nan,nan,nan,nan,nan,nan,nan,nan,nan,0.47634757059523464,0.3912130800270572,2.338096692267769,20,20,2.526174545288086
979,,-0.3123745303237486,0.0022920848989208377,0.8365667223930359,0.95,0.95,0.95,0.9789473684210527,0.0,0.8382838283828383,0.1617161716171617,0.0,0.49466727645959085,0.031166666666666665,0.031166666666666665,0.04,0.7304350257943031,2.045153888340321,0.0,0.0,0.0,0.0,nan,nan,nan,nan,nan,nan,nan,nan,nan,nan,nan,1.7860448386970964,-0.2591090496432243,2.574891688771407,20,20,22.041988372802734
980,,0.45091504776436914,0.025050835986909395,0.9739114284515381,1.0,1.0,1.0,1.0,1.0,0.8052631578947368,0.1736842105263158,0.021052631578947368,0.4956327398618062,0.23333333333333334,0.23333333333333334,0.8333333333333334,0.9989890024813664,0.04604755857207754,50.0,-0.0016247378745794724,0.5,0.002523517959832966,nan,nan,nan,nan,nan,nan,nan,nan,nan,nan,nan,0.4727999445690188,0.42675238599694126,2.793079253101799,20,20,4.223194360733032
981,,-0.7035281623742133,0.000988239458752622,5.124794673919678,0.8,0.8,0.8,0.9290322580645162,0.0,0.7905405405405406,0.20945945945945946,0.0,0.49446229606168346,0.011166666666666667,0.011166666666666667,0.05,0.5110477694558601,0.7705821179015127,0.0,0.0,0.0,0.0,nan,nan,nan,nan,nan,nan,nan,nan,nan,nan,nan,0.475290597971214,-0.2952915199302986,2.2805739635065896,20,20,30.79913640022278
982,,0.4520275645532419,0.021525122121582946,0.6493698000907898,1.0,1.0,1.0,1.0,1.0,0.8556149732620321,0.13903743315508021,0.0053475935828877,0.4970216095979725,0.24285714285714285,0.24285714285714285,0.5714285714285714,0.9987644956581362,0.057498069776889316,100.0,0.021150713670478938,1.0,0.021150713670478938,nan,nan,nan,nan,nan,nan,nan,nan,nan,nan,nan,0.4744556670606168,0.4169575972837275,2.5548343758291576,20,20,5.928069114685059
983,,0.4415158135257334,0.02323767439609123,0.3665079832077026,1.0,1.0,1.0,1.0,0.0,0.8728323699421965,0.12716763005780346,0.0,0.49852428269621574,0.2026315789473684,0.2026315789473684,0.3684210526315789,0.997862062124677,0.0693875635909989,0.0,0.0,0.0,0.0,nan,nan,nan,nan,nan,nan,nan,nan,nan,nan,nan,0.4720915484186073,0.4027039848276084,2.506751293479781,20,20,3.8893206119537354
984,,0.4476367704760914,0.03197405503400653,0.5559651613235473,1.0,1.0,1.0,1.0,1.0,0.8813559322033898,0.1016949152542373,0.01694915254237288,0.4921399774295943,0.1392857142857143,0.1392857142857143,0.5,0.9989023116819303,0.05135794863271792,66.66666666666666,0.0054694238138166705,0.6666666666666666,0.014491884438810915,nan,nan,nan,nan,nan,nan,nan,nan,nan,nan,nan,0.47199716581705764,0.4206392171843397,2.689866144339447,20,20,4.258963108062744
985,,0.44741797215690393,0.02631870424452376,0.18215231001377105,1.0,1.0,1.0,1.0,1.0,0.877906976744186,0.10465116279069768,0.01744186046511628,0.4977965586983106,0.2,0.2,0.29411764705882354,0.9981299184189696,0.08609125781586058,33.33333333333333,-0.004062487528145651,0.3333333333333333,0.010926639382376924,nan,nan,nan,nan,nan,nan,nan,nan,nan,nan,nan,0.4741965482437739,0.3881052904279133,2.692762835683544,20,20,3.802586078643799
986,,0.4690669299387879,0.02605927388548822,0.4977671384811401,1.0,1.0,1.0,1.0,1.0,0.9210526315789473,0.07236842105263158,0.006578947368421052,0.4976083664223552,0.08333333333333333,0.08333333333333333,0.05555555555555555,0.9545941012062029,0.5085717873687632,0.0,-0.23928978671693238,0.0,0.0,nan,nan,nan,nan,nan,nan,nan,nan,nan,nan,nan,0.9081024146191121,0.399530627250349,2.6771375432214777,20,20,2.8879473209381104
987,,0.46376922179093594,0.025764956766163107,0.5400431632995606,1.0,1.0,1.0,1.0,1.0,0.9502487562189055,0.04477611940298507,0.004975124378109453,0.4973705917596817,0.2861111111111111,0.2861111111111111,0.6666666666666666,0.9987684173967878,0.06915198994101396,100.0,0.016450998233137434,1.0,0.016450998233137434,nan,nan,nan,nan,nan,nan,nan,nan,nan,nan,nan,0.49453777424818296,0.425385784307169,2.5724709199482656,20,20,4.3983893394470215
988,,0.44350293308272004,0.02463905183792889,0.5191471457481385,1.0,1.0,1.0,1.0,1.0,0.9459459459459459,0.0472972972972973,0.006756756756756757,0.5061749644163582,0.11666666666666667,0.11666666666666667,0.3333333333333333,0.9989422239173054,0.05179521948921384,0.0,-0.3053192186687272,0.0,0.0,nan,nan,nan,nan,nan,nan,nan,nan,nan,nan,nan,0.4707519138253622,0.41895669433614835,2.555541992133427,20,20,3.8587679862976074
989,,0.43639918019347346,0.02727494876209209,0.3047645628452301,1.0,1.0,1.0,1.0,0.0,0.9700598802395209,0.029940119760479042,0.0,0.49659003149718045,0.209375,0.209375,0.0625,0.9974316095008302,0.08320842340733048,0.0,0.0,0.0,0.0,nan,nan,nan,nan,nan,nan,nan,nan,nan,nan,nan,0.4752512508781802,0.39204282747084973,2.3622788092183638,20,20,3.155256986618042
990,,0.44038841297797593,0.03145631521271257,0.2899250328540802,1.0,1.0,1.0,1.0,1.0,0.9761904761904762,0.015873015873015872,0.007936507936507936,0.5015837168587106,0.21785714285714286,0.21785714285714286,0.07142857142857142,0.9971702635282704,0.09111531818205848,100.0,0.00396465546954905,1.0,0.00396465546954905,nan,nan,nan,nan,nan,nan,nan,nan,nan,nan,nan,0.4694017923581671,0.3782864741761086,2.2559231539393916,20,20,2.2905046939849854
991,,0.46581109875377125,0.022181480893036724,0.47207717299461366,1.0,1.0,1.0,1.0,1.0,0.9491525423728814,0.03954802259887006,0.011299435028248588,0.5005780691547054,0.10952380952380952,0.10952380952380952,0.09523809523809523,0.9503067682379098,0.5138989624265897,50.0,-0.011269408555379543,0.5,0.02151460652770655,nan,nan,nan,nan,nan,nan,nan,nan,nan,nan,nan,0.9245763022977362,0.41067733987114646,2.4295256113830295,20,20,3.5491185188293457
992,,0.4425309189761052,0.029502061265073678,1.3057265281677246,1.0,1.0,1.0,1.0,0.0,0.9941176470588236,0.0058823529411764705,0.0,0.5036778530478477,0.16,0.16,0.4,0.9988238320387859,0.05558079641504948,0.0,0.0,0.0,0.0,nan,nan,nan,nan,nan,nan,nan,nan,nan,nan,nan,0.4628531213149162,0.4072723248998667,2.4392341631069785,20,20,4.411334753036499
993,,0.4547134718261581,0.023932287990850426,0.4864600121974945,1.0,1.0,1.0,1.0,0.0,0.983957219251337,0.016042780748663103,0.0,0.5000090406913507,0.25,0.25,0.3684210526315789,0.9989612660086891,0.057290546913680185,0.0,0.0,0.0,0.0,nan,nan,nan,nan,nan,nan,nan,nan,nan,nan,nan,0.4743274708574716,0.41703692394379144,2.552236866626955,20,20,4.764576196670532
994,,0.4462529547143981,0.029750196980959872,0.27220245003700255,1.0,1.0,1.0,1.0,0.0,1.0,0.0,0.0,0.5016133827964465,0.16666666666666666,0.16666666666666666,0.26666666666666666,0.9978350721983205,0.07742892619356406,0.0,0.0,0.0,0.0,nan,nan,nan,nan,nan,nan,nan,nan,nan,nan,nan,0.47606159859607683,0.39863267240251277,2.3233731654493255,20,20,3.8082990646362305
995,,0.45763539012107735,0.020801608641867152,0.4818241477012634,1.0,1.0,1.0,1.0,1.0,0.9829545454545454,0.005681818181818182,0.011363636363636364,0.4981613623655655,0.16136363636363638,0.16136363636363638,0.0,0.9989414287801941,0.056331810981933794,100.0,0.041753543186205166,1.0,0.041753543186205166,nan,nan,nan,nan,nan,nan,nan,nan,nan,nan,nan,0.47703730032286557,0.42070548934093177,2.747261839708075,20,20,3.917963981628418
996,,0.43302697467904855,0.019683044303593116,0.31328812837600706,1.0,1.0,1.0,1.0,1.0,0.978494623655914,0.010752688172043012,0.010752688172043012,0.49992465234615585,0.21818181818181817,0.21818181818181817,0.0,0.9977808646264028,0.09870202339212447,50.0,0.019685520023664103,0.5,0.046637261347501624,nan,nan,nan,nan,nan,nan,nan,nan,nan,nan,nan,0.4738230298122341,0.37512100642010965,2.2483393755797163,20,20,4.056735992431641
997,,0.4475552217040796,0.019458922682786067,0.27303690612316134,1.0,1.0,1.0,1.0,1.0,0.9945945945945946,0.0,0.005405405405405406,0.4990574990277705,0.24347826086956523,0.24347826086956523,0.0,0.9985931580265667,0.059252775132622726,0.0,-0.23294464719598287,0.0,0.0,nan,nan,nan,nan,nan,nan,nan,nan,nan,nan,nan,0.476525037919032,0.4172722627864093,2.505468063997657,20,20,4.557119369506836
998,,0.4455923963429322,0.03182802831020944,0.46610316038131716,1.0,1.0,1.0,1.0,0.0,0.9940119760479041,0.005988023952095809,0.0,0.5000515991023609,0.125,0.125,0.2857142857142857,0.9985685413556603,0.05780039626183375,0.0,0.0,0.0,0.0,nan,nan,nan,nan,nan,nan,nan,nan,nan,nan,nan,0.4721412851128087,0.4143408888509749,2.641084826736803,20,20,4.732466459274292
999,,0.45681879330715464,0.018272751732286187,0.28734056651592255,1.0,1.0,1.0,1.0,0.0,0.9948717948717949,0.005128205128205128,0.0,0.49843585266172885,0.28,0.28,0.0,0.9986666562227421,0.07375758656956738,0.0,0.0,0.0,0.0,nan,nan,nan,nan,nan,nan,nan,nan,nan,nan,nan,0.4790996286921697,0.40534204212260233,2.476394979785315,20,20,4.485491514205933
1000,,0.4306670854181568,0.02153335427090784,0.4004204928874969,1.0,1.0,1.0,1.0,0.0,1.0,0.0,0.0,0.4993199593573809,0.2725,0.2725,0.0,0.9975892239054803,0.09177122729959603,0.0,0.0,0.0,0.0,nan,nan,nan,nan,nan,nan,nan,nan,nan,nan,nan,0.46857156450438503,0.376800337204789,2.205997119123293,20,20,2.6464526653289795
1001,,0.45356169474478875,0.015640058439475475,0.21806680262088776,1.0,1.0,1.0,1.0,0.0,1.0,0.0,0.0,0.49969689938528783,0.15862068965517243,0.15862068965517243,0.0,0.9996221086453424,0.03957550043023017,0.0,0.0,0.0,0.0,nan,nan,nan,nan,nan,nan,nan,nan,nan,nan,nan,0.47147201203975525,0.4318965116095251,2.533445708928087,20,20,3.458974599838257
1002,,0.4375172025378984,0.020834152501804686,0.39844231605529784,1.0,1.0,1.0,1.0,0.0,0.9939393939393939,0.006060606060606061,0.0,0.5003792715214548,0.27380952380952384,0.27380952380952384,0.19047619047619047,0.9972743460544831,0.08373179939770031,0.0,0.0,0.0,0.0,nan,nan,nan,nan,nan,nan,nan,nan,nan,nan,nan,0.47734590348966804,0.39361410409196773,2.1483812659550265,20,20,6.478689432144165
1003,,0.4481440393696118,0.03734533661413431,0.5271193563938141,1.0,1.0,1.0,1.0,0.0,0.9795918367346939,0.02040816326530612,0.0,0.49566692042474947,0.09166666666666666,0.09166666666666666,0.5,0.9988164321315531,0.047683061674771265,0.0,0.0,0.0,0.0,nan,nan,nan,nan,nan,nan,nan,nan,nan,nan,nan,0.4731311936855386,0.4254481320107673,2.725005899049822,20,20,2.7678165435791016
1004,,0.4590455321019285,0.022952276605096425,0.28886997103691103,1.0,1.0,1.0,1.0,0.0,0.989247311827957,0.010752688172043012,0.0,0.5000261656194925,0.2775,0.2775,0.0,0.9989820128662533,0.06586259528709237,0.0,0.0,0.0,0.0,nan,nan,nan,nan,nan,nan,nan,nan,nan,nan,nan,0.478644464392028,0.41278186910493564,2.496145223518514,20,20,3.9400382041931152
1005,,0.4391011323777345,0.023110585914617607,0.3452188491821289,1.0,1.0,1.0,1.0,0.0,1.0,0.0,0.0,0.499754646028343,0.10789473684210527,0.10789473684210527,0.0,0.9994800543963982,0.03422598576181318,0.0,0.0,0.0,0.0,nan,nan,nan,nan,nan,nan,nan,nan,nan,nan,nan,0.45437635290495587,0.4201503671431427,2.3959431967216536,20,20,2.44093918800354
1006,,0.4509507142380868,0.021473843535146992,0.3419557690620422,1.0,1.0,1.0,1.0,0.0,1.0,0.0,0.0,0.501021817113672,0.26904761904761904,0.26904761904761904,0.0,0.9984855222496598,0.07615058186684964,0.0,0.0,0.0,0.0,nan,nan,nan,nan,nan,nan,nan,nan,nan,nan,nan,0.47916853727242176,0.4030179554055721,2.4465279285403456,20,20,4.227069139480591
1007,,0.44036735310645264,0.02001669786847512,0.24197879433631897,1.0,1.0,1.0,1.0,0.0,0.9942857142857143,0.005714285714285714,0.0,0.50085537399758,0.2409090909090909,0.2409090909090909,0.0,0.9978198984933704,0.09320734459716973,0.0,0.0,0.0,0.0,nan,nan,nan,nan,nan,nan,nan,nan,nan,nan,nan,0.47173633635030876,0.37852899175313903,2.223793638764756,20,20,3.5572664737701416
1008,,0.4571635429488135,0.025397974608267416,0.35012067556381227,1.0,1.0,1.0,1.0,1.0,0.9668508287292817,0.027624309392265192,0.0055248618784530384,0.49686606545001266,0.3194444444444444,0.3194444444444444,0.0,0.9991189732434985,0.05377585565509202,100.0,0.1973850640623622,1.0,0.1973850640623622,nan,nan,nan,nan,nan,nan,nan,nan,nan,nan,nan,0.4789105564144772,0.4251347007593852,2.4667345653788924,20,20,3.821626663208008
1009,,0.4611930805118538,0.03074620536745692,0.26687937378883364,1.0,1.0,1.0,1.0,0.0,0.9849246231155779,0.01507537688442211,0.0,0.5020977273583412,0.31666666666666665,0.31666666666666665,0.0,0.9989027769725937,0.05805716079975071,0.0,0.0,0.0,0.0,nan,nan,nan,nan,nan,nan,nan,nan,nan,nan,nan,0.47943160180448335,0.42137444100473265,2.5261219164753768,20,20,3.7871928215026855
1010,,0.4387462087522462,0.02089267660724982,0.30788729190826414,1.0,1.0,1.0,1.0,0.0,0.9951690821256038,0.004830917874396135,0.0,0.4990496591443107,0.2357142857142857,0.2357142857142857,0.0,0.9963521039435015,0.11455446948115522,0.0,0.0,0.0,0.0,nan,nan,nan,nan,nan,nan,nan,nan,nan,nan,nan,0.4916576963906468,0.3771032269094916,2.2353515399385064,20,20,4.502536773681641
1011,,0.4473429678875107,0.029822864525834047,0.6991838932037353,1.0,1.0,1.0,1.0,0.0,0.9821428571428571,0.017857142857142856,0.0,0.49970763276020685,0.1,0.1,0.0,0.9988999333458394,0.06305399029115216,0.0,0.0,0.0,0.0,nan,nan,nan,nan,nan,nan,nan,nan,nan,nan,nan,0.46994449234503344,0.4068905020538813,2.553640721919706,20,20,3.6217949390411377
1012,,0.4412207407331588,0.029414716048877253,0.3452936351299286,1.0,1.0,1.0,1.0,0.0,1.0,0.0,0.0,0.5,0.07333333333333333,0.07333333333333333,0.0,0.9985915823126553,0.05130997648522495,0.0,0.0,0.0,0.0,nan,nan,nan,nan,nan,nan,nan,nan,nan,nan,nan,0.46599145127125124,0.4146814747860263,2.4251126702546264,20,20,2.7285048961639404
1013,,0.4571716806851592,0.02406166740448206,0.3389995157718658,1.0,1.0,1.0,1.0,0.0,0.9790575916230366,0.020942408376963352,0.0,0.49916817706666494,0.32105263157894737,0.32105263157894737,0.05263157894736842,0.998986288495907,0.06069126774895256,0.0,0.0,0.0,0.0,nan,nan,nan,nan,nan,nan,nan,nan,nan,nan,nan,0.48813866735879263,0.4274473996098401,2.550023634723006,20,20,4.034050464630127
1014,,0.4501469791253827,0.025008165506965704,0.3272885262966156,1.0,1.0,1.0,1.0,0.0,1.0,0.0,0.0,0.49980050151546795,0.2722222222222222,0.2722222222222222,0.2777777777777778,0.9985433626780029,0.06309641266417987,0.0,0.0,0.0,0.0,nan,nan,nan,nan,nan,nan,nan,nan,nan,nan,nan,0.4715956691827821,0.40849925651860225,2.601917285551041,20,20,3.789215564727783
1015,,0.43662180092636366,0.01898355656201581,0.20982595682144164,1.0,1.0,1.0,1.0,0.0,1.0,0.0,0.0,0.4993270058022893,0.19782608695652174,0.19782608695652174,0.0,0.9976379906636856,0.08942509613647942,0.0,0.0,0.0,0.0,nan,nan,nan,nan,nan,nan,nan,nan,nan,nan,nan,0.46928430521454584,0.3798592090780664,2.1339346372039216,20,20,4.397758960723877
1016,,0.4401744033109141,0.02096068587194829,0.17920200824737548,1.0,1.0,1.0,1.0,0.0,0.9814814814814815,0.018518518518518517,0.0,0.5004405328205653,0.25476190476190474,0.25476190476190474,0.047619047619047616,0.9986425019703766,0.06757859046599113,0.0,0.0,0.0,0.0,nan,nan,nan,nan,nan,nan,nan,nan,nan,nan,nan,0.4745746972777275,0.40699610681173637,2.1940299696523073,20,20,3.6786861419677734
1017,,0.45157059684349465,0.034736199757191895,0.4207352340221405,1.0,1.0,1.0,1.0,1.0,0.9930555555555556,0.0,0.006944444444444444,0.5010217260855895,0.12692307692307692,0.12692307692307692,0.0,0.9989376673416205,0.04981302642157076,100.0,0.02523272740568816,1.0,0.02523272740568816,nan,nan,nan,nan,nan,nan,nan,nan,nan,nan,nan,0.4784810344479749,0.42866800802640415,2.569857428153538,20,20,2.260791063308716
1018,,0.44754411572965624,0.02355495345945559,0.2457168608903885,1.0,1.0,1.0,1.0,0.0,0.9937888198757764,0.006211180124223602,0.0,0.5005170237861182,0.3105263157894737,0.3105263157894737,0.21052631578947367,0.9990415539096922,0.053714506717666144,0.0,0.0,0.0,0.0,nan,nan,nan,nan,nan,nan,nan,nan,nan,nan,nan,0.46490614916571305,0.4111916424480469,2.399681037406215,20,20,6.298770189285278
1019,,0.4436201128949617,0.02957467419299745,0.3333434283733368,1.0,1.0,1.0,1.0,0.0,0.9808917197452229,0.01910828025477707,0.0,0.4968834850440423,0.19,0.19,0.4666666666666667,0.997727013941284,0.07424364611332263,0.0,0.0,0.0,0.0,nan,nan,nan,nan,nan,nan,nan,nan,nan,nan,nan,0.47250134221241236,0.39825769609908973,2.39218917710618,20,20,2.6665217876434326
1020,,0.4462123168728329,0.02348485878278068,0.4189979672431946,1.0,1.0,1.0,1.0,0.0,0.9888888888888889,0.011111111111111112,0.0,0.4999785551899358,0.2736842105263158,0.2736842105263158,0.0,0.9984086714081859,0.06181466442684047,0.0,0.0,0.0,0.0,nan,nan,nan,nan,nan,nan,nan,nan,nan,nan,nan,0.47467511134291923,0.41286044691607876,2.393335301623307,20,20,3.773282051086426
1021,,0.44778104201145663,0.02798631512571604,0.3903652489185333,1.0,1.0,1.0,1.0,0.0,0.9826589595375722,0.017341040462427744,0.0,0.49965531583875417,0.1125,0.1125,0.25,0.9992288373880241,0.04696290058204777,0.0,0.0,0.0,0.0,nan,nan,nan,nan,nan,nan,nan,nan,nan,nan,nan,0.46249672723547414,0.41553382665342636,2.6134539277913307,20,20,4.3919830322265625
1022,,0.4640080001348011,0.02109127273340005,0.4328996419906616,1.0,1.0,1.0,1.0,0.0,0.9865771812080537,0.013422818791946308,0.0,0.4999532717195424,0.15681818181818183,0.15681818181818183,0.22727272727272727,0.9499046111597016,0.5370240924794233,0.0,0.0,0.0,0.0,nan,nan,nan,nan,nan,nan,nan,nan,nan,nan,nan,0.919118359718422,0.38209426723899875,2.2276110823005664,20,20,2.9089438915252686
1023,,0.44711539467809125,0.03439349189831471,0.3745585799217224,1.0,1.0,1.0,1.0,0.0,0.983739837398374,0.016260162601626018,0.0,0.4999973856485807,0.15,0.15,0.6153846153846154,0.9990378693118428,0.06438776508680072,0.0,0.0,0.0,0.0,nan,nan,nan,nan,nan,nan,nan,nan,nan,nan,nan,0.4796746846209888,0.41528691953418806,2.671480038804791,20,20,3.0828030109405518
1024,,0.44646001005933594,0.027903750628708496,0.29151883721351624,1.0,1.0,1.0,1.0,1.0,0.9923664122137404,0.0,0.007633587786259542,0.49969406276941297,0.1125,0.1125,0.25,0.9985943143360325,0.07052042924971874,0.0,-0.0517187533516497,0.0,0.0,nan,nan,nan,nan,nan,nan,nan,nan,nan,nan,nan,0.4771922863152515,0.40667185706553277,2.5328621264344395,20,20,2.6912412643432617
1025,,0.44363516862858593,0.03412578220219892,0.2955899238586426,1.0,1.0,1.0,1.0,1.0,0.9876543209876543,0.0,0.012345679012345678,0.49946310004362693,0.15384615384615385,0.15384615384615385,0.0,0.9972328303148261,0.08666664808430069,100.0,0.006858531464389675,1.0,0.006858531464389675,nan,nan,nan,nan,nan,nan,nan,nan,nan,nan,nan,0.4773533130176322,0.3906866649333315,2.261694978273524,20,20,2.7060201168060303
1026,,0.4411147339352116,0.02100546352072436,0.2843035876750946,1.0,1.0,1.0,1.0,0.0,0.9928571428571429,0.007142857142857143,0.0,0.4979598467726083,0.3047619047619048,0.3047619047619048,0.09523809523809523,0.9969412038300975,0.10677615306174326,0.0,0.0,0.0,0.0,nan,nan,nan,nan,nan,nan,nan,nan,nan,nan,nan,0.4792263476331304,0.3724501945713871,2.1999424256892026,20,20,3.4583613872528076
1027,,0.45344602564638203,0.01744023175563008,0.20247157514095307,1.0,1.0,1.0,1.0,0.0,0.9795918367346939,0.02040816326530612,0.0,0.4996196459692258,0.34615384615384615,0.34615384615384615,0.07692307692307693,0.9972027169194466,0.08686455993115344,0.0,0.0,0.0,0.0,nan,nan,nan,nan,nan,nan,nan,nan,nan,nan,nan,0.4781589024484345,0.39129434251728107,2.4005752016344792,20,20,6.081297397613525
1028,,0.4464374215194996,0.03434134011688458,0.3823415517807007,1.0,1.0,1.0,1.0,0.0,0.9795918367346939,0.02040816326530612,0.0,0.50222303546392,0.19615384615384615,0.19615384615384615,0.23076923076923078,0.9983647499182353,0.07736530535392305,0.0,0.0,0.0,0.0,nan,nan,nan,nan,nan,nan,nan,nan,nan,nan,nan,0.4709931112634469,0.39362780590952384,2.316253813798237,20,20,2.4985263347625732
1029,,0.43725016662194743,0.027328135413871715,0.31458582878112795,1.0,1.0,1.0,1.0,1.0,0.9635036496350365,0.029197080291970802,0.0072992700729927005,0.49844326642341913,0.290625,0.290625,0.0,0.997700333700305,0.08424505285916589,0.0,-0.067809003986679,0.0,0.0,nan,nan,nan,nan,nan,nan,nan,nan,nan,nan,nan,0.4737117071324373,0.38946665427327143,2.339575464922019,20,20,2.4355199337005615
1030,,0.4451179510964711,0.027819871943529445,0.18833062946796417,1.0,1.0,1.0,1.0,0.0,0.9888268156424581,0.0111731843575419,0.0,0.4963105944916606,0.18125,0.18125,0.125,0.9984827639342132,0.078298394891954,0.0,0.0,0.0,0.0,nan,nan,nan,nan,nan,nan,nan,nan,nan,nan,nan,0.4660384566180182,0.3877400617260642,2.570162974864511,20,20,4.196870565414429
1031,,0.4494566704707064,0.02809104190441915,0.34464189410209656,1.0,1.0,1.0,1.0,0.0,0.994413407821229,0.00558659217877095,0.0,0.4993103251326829,0.184375,0.184375,0.125,0.9991664798615798,0.04384619060588352,0.0,0.0,0.0,0.0,nan,nan,nan,nan,nan,nan,nan,nan,nan,nan,nan,0.4753731214325642,0.4315269308266807,2.5469443557025118,20,20,3.613063097000122
1032,,0.43852941271197277,0.02192647063559864,0.21472358107566833,1.0,1.0,1.0,1.0,1.0,0.9763779527559056,0.015748031496062992,0.007874015748031496,0.4974676062352955,0.22,0.22,0.15,0.9985492334697385,0.05885367354685217,100.0,0.29443563791495914,1.0,0.29443563791495914,nan,nan,nan,nan,nan,nan,nan,nan,nan,nan,nan,0.46669800380982895,0.4078443302629768,2.2851684985605902,20,20,2.6209373474121094
1033,,0.4424701811532771,0.017018083890510658,0.18111496567726135,1.0,1.0,1.0,1.0,1.0,0.9824561403508771,0.011695906432748537,0.005847953216374269,0.49833947798380485,0.24807692307692308,0.24807692307692308,0.19230769230769232,0.9976506798302625,0.08120696445794445,0.0,-0.08584137626951657,0.0,0.0,nan,nan,nan,nan,nan,nan,nan,nan,nan,nan,nan,0.4731239606861086,0.39191699622816417,2.284545886324114,20,20,5.423212289810181
1034,,0.4556724152579347,0.020712382511724307,0.4599676072597504,1.0,1.0,1.0,1.0,0.0,0.9707317073170731,0.02926829268292683,0.0,0.49766224284063687,0.17954545454545454,0.17954545454545454,0.22727272727272727,0.9970722154794395,0.12554615384972023,0.0,0.0,0.0,0.0,nan,nan,nan,nan,nan,nan,nan,nan,nan,nan,nan,0.5255454973277229,0.3999993434780027,2.5830214226585935,20,20,7.236594200134277
1035,,0.45260048455593316,0.03017336563706221,0.3406802475452423,1.0,1.0,1.0,1.0,0.0,0.9900497512437811,0.004975124378109453,0.004975124378109453,0.4993290676673253,0.24333333333333335,0.24333333333333335,0.3333333333333333,0.998425429840607,0.062420071229743745,0.0,-0.0014582055020150864,0.0,0.0,nan,nan,nan,nan,nan,nan,nan,nan,nan,nan,nan,0.4781674394690347,0.415747368239291,2.3384790896157,20,20,6.943671464920044
1036,,0.44149482523383315,0.02452749029076851,0.27576563954353334,1.0,1.0,1.0,1.0,1.0,0.9704142011834319,0.023668639053254437,0.005917159763313609,0.4973902309520377,0.18055555555555555,0.18055555555555555,0.3333333333333333,0.9984436924585552,0.05792108932350426,0.0,-0.12629459399574794,0.0,0.0,nan,nan,nan,nan,nan,nan,nan,nan,nan,nan,nan,0.4680727096883347,0.41015162036483044,2.5634414711559113,20,20,4.252527475357056
1037,,0.4433480990553882,0.03694567492128235,0.23936413824558259,1.0,1.0,1.0,1.0,1.0,0.9624060150375939,0.03007518796992481,0.007518796992481203,0.49608921458323796,0.12916666666666668,0.12916666666666668,0.4166666666666667,0.9987815179248741,0.0470381547536064,0.0,-0.054637354528281695,0.0,0.0,nan,nan,nan,nan,nan,nan,nan,nan,nan,nan,nan,0.46648465855888915,0.41944650380528276,2.4369274000130337,20,20,2.7287774085998535
1038,,0.44461132628296385,0.024700629237942435,0.23172944486141206,1.0,1.0,1.0,1.0,0.0,0.9526315789473684,0.04736842105263158,0.0,0.4960015222430229,0.2833333333333333,0.2833333333333333,0.2777777777777778,0.9969346542012613,0.09190062414117417,0.0,0.0,0.0,0.0,nan,nan,nan,nan,nan,nan,nan,nan,nan,nan,nan,0.47342696392194217,0.381526339780768,2.456156602462058,20,20,4.156090497970581
1039,,0.4409022482388864,0.02593542636699332,0.1643638253211975,1.0,1.0,1.0,1.0,0.0,0.9877300613496932,0.012269938650306749,0.0,0.49532814006156783,0.12941176470588237,0.12941176470588237,0.29411764705882354,0.9990503626900513,0.05593829552019891,0.0,0.0,0.0,0.0,nan,nan,nan,nan,nan,nan,nan,nan,nan,nan,nan,0.4679922647532326,0.41205396923303367,2.605809645115588,20,20,3.929978370666504
1040,,0.4477368434427532,0.026337461378985485,0.3880850613117218,1.0,1.0,1.0,1.0,0.0,0.9815950920245399,0.018404907975460124,0.0,0.5013133504811456,0.12941176470588237,0.12941176470588237,0.17647058823529413,0.9989938999039328,0.053385746059294026,0.0,0.0,0.0,0.0,nan,nan,nan,nan,nan,nan,nan,nan,nan,nan,nan,0.4653008155433999,0.4119150694841059,2.6960002194147608,20,20,2.9348762035369873
1041,,0.440723329986946,0.029381555332463068,0.3095006287097931,1.0,1.0,1.0,1.0,0.0,0.9761904761904762,0.023809523809523808,0.0,0.4992678625136614,0.24666666666666667,0.24666666666666667,0.26666666666666666,0.9978652383053802,0.07183164589363733,0.0,0.0,0.0,0.0,nan,nan,nan,nan,nan,nan,nan,nan,nan,nan,nan,0.46898487794189886,0.39715323204826153,2.320266580969196,20,20,3.963536500930786
1042,,0.44251564978047303,0.03403966536772869,0.21111536622047425,1.0,1.0,1.0,1.0,0.0,0.9923076923076923,0.007692307692307693,0.0,0.4984893353512654,0.09615384615384616,0.09615384615384616,0.0,0.9985428868336608,0.0660934321515968,0.0,0.0,0.0,0.0,nan,nan,nan,nan,nan,nan,nan,nan,nan,nan,nan,0.4706303795054097,0.4045369473538129,2.279013227443462,20,20,2.1902353763580322
1043,,0.4466442799203144,0.04060402544730131,0.23116568028926848,1.0,1.0,1.0,1.0,0.0,0.9776119402985075,0.022388059701492536,0.0,0.49949759617447853,0.07727272727272727,0.07727272727272727,0.09090909090909091,0.9988768299257919,0.050720792755708566,0.0,0.0,0.0,0.0,nan,nan,nan,nan,nan,nan,nan,nan,nan,nan,nan,0.47052055188702013,0.41979975913131157,2.4031556781994374,20,20,1.8705134391784668
1044,,0.44468853917044054,0.029645902611362702,0.2077633708715439,1.0,1.0,1.0,1.0,0.0,0.9726775956284153,0.02185792349726776,0.00546448087431694,0.5008882611493269,0.25333333333333335,0.25333333333333335,0.26666666666666666,0.9980575304144439,0.06513864545256526,100.0,0.009156726035217194,1.0,0.009156726035217194,nan,nan,nan,nan,nan,nan,nan,nan,nan,nan,nan,0.47034373184977607,0.4052050863972108,2.393783331673243,20,20,3.6803231239318848
1045,,0.45183871910622714,0.02259193595531136,0.3674137622117996,1.0,1.0,1.0,1.0,1.0,0.9722222222222222,0.022222222222222223,0.005555555555555556,0.5005037032812834,0.2,0.2,0.05,0.9991366199772288,0.05379345440797534,100.0,0.036272872242535864,1.0,0.036272872242535864,nan,nan,nan,nan,nan,nan,nan,nan,nan,nan,nan,0.47437760158443454,0.4205841471764592,2.6801574297895985,20,20,3.770087957382202
1046,,0.4431915487700443,0.040290140797276754,0.7306574821472168,1.0,1.0,1.0,1.0,0.0,0.9761904761904762,0.023809523809523808,0.0,0.49912091537632725,0.07272727272727272,0.07272727272727272,0.45454545454545453,0.9992792834914969,0.04193461693281675,0.0,0.0,0.0,0.0,nan,nan,nan,nan,nan,nan,nan,nan,nan,nan,nan,0.46668740055046265,0.4247527836176459,2.7089353183631584,20,20,2.6257741451263428
1047,,0.44283359759342666,0.03406412289180205,0.7018960833549499,1.0,1.0,1.0,1.0,0.0,0.9767441860465116,0.023255813953488372,0.0,0.4965895380824804,0.15,0.15,0.15384615384615385,0.998914399705423,0.0503484892404939,0.0,0.0,0.0,0.0,nan,nan,nan,nan,nan,nan,nan,nan,nan,nan,nan,0.46999983784175087,0.41965134860125697,2.364962600841533,20,20,3.4615015983581543
1048,,0.4452646133627973,0.016491281976399902,0.15015639066696168,1.0,1.0,1.0,1.0,1.0,0.9651162790697675,0.029069767441860465,0.005813953488372093,0.5003838007372838,0.20185185185185187,0.20185185185185187,0.18518518518518517,0.9964151896729264,0.10141632543370521,100.0,0.2998765068280786,1.0,0.2998765068280786,nan,nan,nan,nan,nan,nan,nan,nan,nan,nan,nan,0.47164519370522345,0.37022886827151824,2.539609645695534,20,20,5.446884870529175
1049,,0.44591097834203314,0.023468998860107008,0.2560670286417007,1.0,1.0,1.0,1.0,0.0,0.9787234042553191,0.02127659574468085,0.0,0.5003884364115564,0.14473684210526316,0.14473684210526316,0.15789473684210525,0.99906983833788,0.0499931141284784,0.0,0.0,0.0,0.0,nan,nan,nan,nan,nan,nan,nan,nan,nan,nan,nan,0.47293072321778806,0.42293760908930966,2.562049328433622,20,20,2.6680355072021484
1050,,0.43857307760701797,0.03373639058515523,0.3874868869781494,1.0,1.0,1.0,1.0,0.0,0.9779411764705882,0.022058823529411766,0.0,0.49779471055819435,0.13846153846153847,0.13846153846153847,0.46153846153846156,0.9980661526903769,0.07180476643474037,0.0,0.0,0.0,0.0,nan,nan,nan,nan,nan,nan,nan,nan,nan,nan,nan,0.4692304571714133,0.39742569073667294,2.3611777037596453,20,20,2.4864754676818848
1051,,0.4619650087819834,0.02008543516443406,0.48121961355209353,1.0,1.0,1.0,1.0,1.0,0.9642857142857143,0.02857142857142857,0.007142857142857143,0.49652683603698794,0.1391304347826087,0.1391304347826087,0.043478260869565216,0.959011748701742,0.47224948007592626,0.0,-0.011009965564261238,0.0,0.0,nan,nan,nan,nan,nan,nan,nan,nan,nan,nan,nan,0.8726337385341965,0.4003842584582702,2.383501133495177,20,20,3.1420531272888184
1052,,0.4381076898570074,0.02738173061606296,0.8220983743667603,1.0,1.0,1.0,1.0,1.0,0.9047619047619048,0.08928571428571429,0.005952380952380952,0.5001533161848783,0.159375,0.159375,0.5,0.9977345630820849,0.09629623448203162,100.0,0.16360714004861207,1.0,0.16360714004861207,nan,nan,nan,nan,nan,nan,nan,nan,nan,nan,nan,0.48667120888477133,0.3903749744027397,2.428813233011722,20,20,5.882878303527832
1053,,0.45484656978919374,0.02526925387717743,0.393067991733551,1.0,1.0,1.0,1.0,0.0,0.9617486338797814,0.03825136612021858,0.0,0.4965661753382948,0.26666666666666666,0.26666666666666666,0.2222222222222222,0.9981389889054143,0.06893475069837984,0.0,0.0,0.0,0.0,nan,nan,nan,nan,nan,nan,nan,nan,nan,nan,nan,0.48254721394608996,0.4136124632477101,2.4962179967064957,20,20,3.791696071624756
1054,,0.44225744715104687,0.031589817653646206,0.26253446340560915,1.0,1.0,1.0,1.0,0.0,0.9518072289156626,0.04819277108433735,0.0,0.5023734266204494,0.09642857142857143,0.09642857142857143,0.35714285714285715,0.9977223603119569,0.07832999400850182,0.0,0.0,0.0,0.0,nan,nan,nan,nan,nan,nan,nan,nan,nan,nan,nan,0.47343889841617404,0.3951089044076722,2.6633890348326736,20,20,3.7355568408966064
1055,,0.4493034536476225,0.03209310383197304,0.4710851013660431,1.0,1.0,1.0,1.0,1.0,0.9252873563218391,0.06321839080459771,0.011494252873563218,0.49506781617445605,0.21428571428571427,0.21428571428571427,0.2857142857142857,0.9985290102330524,0.07327281210139336,100.0,0.0762526787495025,1.0,0.0762526787495025,nan,nan,nan,nan,nan,nan,nan,nan,nan,nan,nan,0.4772357803370411,0.40396296823564776,2.618539353282987,20,20,3.933448076248169
1056,,0.4480032010240157,0.024889066723556428,0.39493789672851565,1.0,1.0,1.0,1.0,1.0,0.930635838150289,0.06358381502890173,0.005780346820809248,0.492373000147442,0.21666666666666667,0.21666666666666667,0.1111111111111111,0.9983461343592652,0.06754854589627413,0.0,-0.06151581324547448,0.0,0.0,nan,nan,nan,nan,nan,nan,nan,nan,nan,nan,nan,0.4715746665987842,0.4040261207025101,2.4905143769135423,20,20,3.528548240661621
1057,,0.4407319191511348,0.018363829964630617,0.22713432610034942,1.0,1.0,1.0,1.0,0.0,0.9298245614035088,0.06432748538011696,0.005847953216374269,0.49540929176534215,0.275,0.275,0.08333333333333333,0.9986302254113426,0.06623909812316392,0.0,-0.013948678616378211,0.0,0.0,nan,nan,nan,nan,nan,nan,nan,nan,nan,nan,nan,0.46916087312682403,0.4029217750036601,2.281019349351566,20,20,4.075662612915039
1058,,0.4418490209810494,0.02209245104905247,0.33551212549209597,1.0,1.0,1.0,1.0,0.0,0.9344262295081968,0.06557377049180328,0.0,0.4983346989750862,0.235,0.235,0.0,0.9970486723313486,0.08416659946156718,0.0,0.0,0.0,0.0,nan,nan,nan,nan,nan,nan,nan,nan,nan,nan,nan,0.48093115173920964,0.39676455227764246,2.4331828406666824,20,20,3.6333906650543213
1059,,0.43999325783926535,0.024444069879959188,0.22957508862018586,1.0,1.0,1.0,1.0,0.0,0.95,0.05,0.0,0.49626224827435284,0.175,0.175,0.16666666666666666,0.9974055178330334,0.09094724715551528,0.0,0.0,0.0,0.0,nan,nan,nan,nan,nan,nan,nan,nan,nan,nan,nan,0.4850496722640727,0.3941024251085574,2.349365870475191,20,20,3.453366279602051
1060,,0.44901621405778913,0.019522444089469092,0.23907194137573243,1.0,1.0,1.0,1.0,1.0,0.9230769230769231,0.07179487179487179,0.005128205128205128,0.49571228832330394,0.2565217391304348,0.2565217391304348,0.043478260869565216,0.9981905124108975,0.07276628743211772,0.0,-0.11228307854893044,0.0,0.0,nan,nan,nan,nan,nan,nan,nan,nan,nan,nan,nan,0.47769421978847093,0.4049279323563532,2.4104876049699238,20,20,4.7449791431427
1061,,0.44146216637931923,0.029430811091954615,0.283112096786499,1.0,1.0,1.0,1.0,1.0,0.9069767441860465,0.08527131782945736,0.007751937984496124,0.49757124928136665,0.12666666666666668,0.12666666666666668,0.2,0.9982613377885967,0.06324461725710545,100.0,0.0064196136521270375,1.0,0.0064196136521270375,nan,nan,nan,nan,nan,nan,nan,nan,nan,nan,nan,0.4703422281530002,0.40709761089589475,2.4564981915157498,20,20,2.3021299839019775
1062,,0.44441674121548214,0.037034728434623514,0.2562803477048874,1.0,1.0,1.0,1.0,1.0,0.8985507246376812,0.09420289855072464,0.007246376811594203,0.4948262505233288,0.11666666666666667,0.11666666666666667,0.08333333333333333,0.9988392251289062,0.05588881429591119,100.0,0.03190761880364415,1.0,0.03190761880364415,nan,nan,nan,nan,nan,nan,nan,nan,nan,nan,nan,0.4774847755024438,0.4215959612065326,2.4180474724233125,20,20,2.0636849403381348
1063,,0.436853547673657,0.024269641537425387,0.24928344786167145,1.0,1.0,1.0,1.0,1.0,0.9397590361445783,0.05421686746987952,0.006024096385542169,0.49811410875990986,0.14722222222222223,0.14722222222222223,0.0,0.9975775300340355,0.08885165980247062,100.0,0.009438027596343903,1.0,0.009438027596343903,nan,nan,nan,nan,nan,nan,nan,nan,nan,nan,nan,0.47399608023208945,0.38514442042961883,2.503647705891559,20,20,3.2273929119110107
1064,,0.45057401688876736,0.032183858349197667,0.5073049545288086,1.0,1.0,1.0,1.0,0.0,0.9064327485380117,0.0935672514619883,0.0,0.4946656184803162,0.17857142857142858,0.17857142857142858,0.7142857142857143,0.9990410120085206,0.05745144553386744,0.0,0.0,0.0,0.0,nan,nan,nan,nan,nan,nan,nan,nan,nan,nan,nan,0.4790376651077355,0.42158621957386805,2.3748512189074797,20,20,4.50833535194397
1065,,0.4471362828866756,0.03193830592047683,0.365995317697525,1.0,1.0,1.0,1.0,0.0,0.8695652173913043,0.13043478260869565,0.0,0.505056597505297,0.18571428571428572,0.18571428571428572,0.21428571428571427,0.9985547706963038,0.06796234618860686,0.0,0.0,0.0,0.0,nan,nan,nan,nan,nan,nan,nan,nan,nan,nan,nan,0.477001711501192,0.40903936531258517,2.7296690006313358,20,20,2.876495122909546
1066,,0.4447286481716312,0.029648576544775415,0.2415632963180542,1.0,1.0,1.0,1.0,0.0,0.8963414634146342,0.10365853658536585,0.0,0.4970356456687053,0.15333333333333332,0.15333333333333332,0.13333333333333333,0.9986758851887245,0.06031520478025654,0.0,0.0,0.0,0.0,nan,nan,nan,nan,nan,nan,nan,nan,nan,nan,nan,0.4723582729655856,0.41204306818532904,2.6577436811335176,20,20,3.103339910507202
1067,,0.4781079267763388,0.015936930892544627,0.4722210168838501,1.0,1.0,1.0,1.0,1.0,0.9238578680203046,0.06598984771573604,0.01015228426395939,0.4939648879071077,0.175,0.175,0.2,0.9551066774341687,0.5007796778953266,0.0,-0.005328126140820819,0.0,0.0,nan,nan,nan,nan,nan,nan,nan,nan,nan,nan,nan,0.9251341639545098,0.42435448605918313,2.6729779729024052,20,20,4.74307918548584
1068,,0.44448403143475096,0.023393896391302682,0.416130131483078,1.0,1.0,1.0,1.0,1.0,0.8622754491017964,0.1317365269461078,0.005988023952095809,0.4987184729819235,0.19736842105263158,0.19736842105263158,0.21052631578947367,0.9964034348488829,0.10349186508675456,0.0,-0.01991697599897517,0.0,0.0,nan,nan,nan,nan,nan,nan,nan,nan,nan,nan,nan,0.47854255462555945,0.3750506895388049,2.522511997345293,20,20,3.3844664096832275
1069,,-0.4589608470397526,0.0018034638432008246,1.138427734375,0.9,0.9,0.9,0.9448818897637795,1.0,0.8875739644970414,0.10650887573964497,0.005917159763313609,0.4934064651196046,0.005166666666666667,0.005166666666666667,0.013333333333333334,0.7813578698442818,1.2238535760213385,0.0,-0.019019225583417093,0.0,0.0,nan,nan,nan,nan,nan,nan,nan,nan,nan,nan,nan,0.9385246177561944,-0.28532895826514404,2.727148977109001,20,20,20.802325963974
1070,,-0.5993229206806799,0.0013355902643977335,5.2522053718566895,0.9,0.9,0.9,0.98,1.0,0.8366013071895425,0.1503267973856209,0.013071895424836602,0.492735357045196,0.007,0.007,0.02666666666666667,0.7215696790083415,1.1867357328954107,50.0,-0.01600472190367084,0.5,0.012968660934378692,nan,nan,nan,nan,nan,nan,nan,nan,nan,nan,nan,0.8846615233088452,-0.30207420958656545,2.5741388585981118,20,20,30.54050087928772
1071,,0.442598119065158,0.026035183474421058,5.996200942993164,1.0,1.0,1.0,1.0,0.0,0.8461538461538461,0.14685314685314685,0.006993006993006993,0.4943980413762962,0.10294117647058823,0.10294117647058823,0.5882352941176471,0.9981963160794516,0.07584299185004384,0.0,-0.05995571109582132,0.0,0.0,nan,nan,nan,nan,nan,nan,nan,nan,nan,nan,nan,0.4763775666698844,0.40053457481984056,2.622052588280419,20,20,2.6123039722442627
1072,,0.45575846702512907,0.021702784144053765,3.5058827877044676,1.0,1.0,1.0,1.0,0.0,0.8407960199004975,0.15920398009950248,0.0,0.4959499530671608,0.29285714285714287,0.29285714285714287,0.5714285714285714,0.9978510155382441,0.09493350539638201,0.0,0.0,0.0,0.0,nan,nan,nan,nan,nan,nan,nan,nan,nan,nan,nan,0.505648186904593,0.410714681508211,2.6363799332902027,20,20,9.038725137710571
1073,,0.45290148506399186,0.03483857577415322,8.712455940246581,1.0,1.0,1.0,1.0,1.0,0.8741258741258742,0.11888111888111888,0.006993006993006993,0.4949099648457307,0.20384615384615384,0.20384615384615384,0.07692307692307693,0.9988926699356874,0.06398637881622055,100.0,0.10261772397641933,1.0,0.10261772397641933,nan,nan,nan,nan,nan,nan,nan,nan,nan,nan,nan,0.47177869858011373,0.4077923197638932,2.512272620871017,20,20,2.3803398609161377
1074,,-0.48112380821243017,0.001729587305958566,1.4470255613327025,0.9,0.9,0.9,0.9653179190751445,0.0,0.7692307692307693,0.23076923076923078,0.0,0.4935394848561409,0.016833333333333332,0.016833333333333332,0.05,0.797374066248289,1.1707187572294717,0.0,0.0,0.0,0.0,nan,nan,nan,nan,nan,nan,nan,nan,nan,nan,nan,0.9086096737344884,-0.2621090834949833,2.3384498767648902,20,20,22.988789796829224
1075,,0.4547129575222893,0.02393226092222575,3.2399405002593995,1.0,1.0,1.0,1.0,0.0,0.7403314917127072,0.2596685082872928,0.0,0.4853365309340389,0.24210526315789474,0.24210526315789474,1.2105263157894737,0.9990689200118139,0.047747594150232886,0.0,0.0,0.0,0.0,nan,nan,nan,nan,nan,nan,nan,nan,nan,nan,nan,0.47772909257893753,0.42998149842870464,2.7268593993336356,20,20,3.7341229915618896
1076,,-0.6951510738241284,0.001016163087252905,5.42971773147583,0.8,0.8,0.8,0.9337748344370861,1.0,0.7517241379310344,0.23448275862068965,0.013793103448275862,0.49186803316371513,0.005833333333333334,0.005833333333333334,0.056666666666666664,0.5186564575890598,0.7735244756741768,50.0,0.08949849702050905,0.5,0.20351868382663232,nan,nan,nan,nan,nan,nan,nan,nan,nan,nan,nan,0.4745121664730473,-0.29901230920112953,2.803882821526662,20,20,30.347660303115845
1077,,0.4565950281498805,0.019024792839578353,3.1925256729125975,1.0,1.0,1.0,1.0,1.0,0.7707317073170732,0.21951219512195122,0.00975609756097561,0.49232713353509705,0.19583333333333333,0.19583333333333333,1.125,0.9984805798513745,0.07442534201964335,100.0,0.0030614349300955024,1.0,0.0030614349300955024,nan,nan,nan,nan,nan,nan,nan,nan,nan,nan,nan,0.5010395309375958,0.42661418891795244,2.6740597826615353,20,20,5.28832745552063
1078,,-0.5261936056539049,0.0015793546478203167,2.0059539079666138,0.95,0.95,0.95,0.9848484848484849,1.0,0.7597402597402597,0.23376623376623376,0.006493506493506494,0.49436573169442516,0.0085,0.0085,0.05333333333333334,0.7509988153288986,1.596773262804454,100.0,0.00709544828488317,1.0,0.00709544828488317,nan,nan,nan,nan,nan,nan,nan,nan,nan,nan,nan,1.3267001527425686,-0.27007311006188534,2.2475692671194594,20,20,22.616798877716064
1079,,0.4715464305022217,0.023577321525111085,0.671849524974823,1.0,1.0,1.0,1.0,0.0,0.8081395348837209,0.19186046511627908,0.0,0.49432187552563844,0.12,0.12,0.65,0.9602729727024313,0.47604086317058375,0.0,0.0,0.0,0.0,nan,nan,nan,nan,nan,nan,nan,nan,nan,nan,nan,0.8847598502853034,0.4087189871147196,2.626875032271641,20,20,3.3012540340423584
1080,,-0.6655385979924444,0.001114871340025185,3.588415431976318,0.8,0.8,0.8,0.9137931034482759,1.0,0.7470588235294118,0.2411764705882353,0.011764705882352941,0.49287097104468075,0.013,0.013,0.05,0.6238478785252513,0.7619394220450189,50.0,-0.002838058301783686,0.5,0.01894801490813812,nan,nan,nan,nan,nan,nan,nan,nan,nan,nan,nan,0.4712946128696272,-0.29064480917539165,2.3830834922239914,20,20,28.342819929122925
1081,,-0.48703284404551495,0.0017098905198482835,1.3492581605911256,0.9,0.9,0.9,0.9578947368421052,1.0,0.7161016949152542,0.2754237288135593,0.00847457627118644,0.49169487971882336,0.020666666666666667,0.020666666666666667,0.056666666666666664,0.6771842382466124,1.5600506796534606,50.0,0.015376760814967007,0.5,0.03269795402942485,nan,nan,nan,nan,nan,nan,nan,nan,nan,nan,nan,1.275984221210653,-0.2840664584428076,2.9357620318007225,20,20,22.493239641189575
1082,,-0.5786954659343859,0.0014043484468853802,1.6544878482818604,0.85,0.85,0.85,0.9624060150375939,0.0,0.7070063694267515,0.28662420382165604,0.006369426751592357,0.49322906985452086,0.005333333333333333,0.005333333333333333,0.05,0.7797030726892675,1.1282473833231856,100.0,0.005195858925792232,1.0,0.005195858925792232,nan,nan,nan,nan,nan,nan,nan,nan,nan,nan,nan,0.8741346541237913,-0.25411272919939426,2.6617046237678013,20,20,22.548064947128296
1083,,0.44918306491124127,0.026422533230073014,7.472291374206543,1.0,1.0,1.0,1.0,1.0,0.744,0.24,0.016,0.4952664368731134,0.1264705882352941,0.1264705882352941,0.35294117647058826,0.9983790818430941,0.08538009559021675,100.0,0.039590202677915756,1.0,0.039590202677915756,nan,nan,nan,nan,nan,nan,nan,nan,nan,nan,nan,0.47693192528564327,0.3915518296954265,2.8156661479325584,20,20,2.4597737789154053
1084,,-0.6602503631408064,0.0011324987895306453,5.440635108947754,0.85,0.85,0.85,0.9461077844311377,1.0,0.7345679012345679,0.25308641975308643,0.012345679012345678,0.4930953415222466,0.007666666666666666,0.007666666666666666,0.08,0.6376322122179686,0.7539237705152952,0.0,-0.04834099705328389,0.0,0.0,nan,nan,nan,nan,nan,nan,nan,nan,nan,nan,nan,0.4732382306763526,-0.2806855398389426,2.5852522946319794,20,20,32.34802317619324
1085,,0.4522717184895209,0.030151447899301395,19.255309677124025,1.0,1.0,1.0,1.0,0.0,0.7567567567567568,0.24324324324324326,0.0,0.4923370556284984,0.24666666666666667,0.24666666666666667,1.6666666666666667,0.9985349828283869,0.06463057640396153,0.0,0.0,0.0,0.0,nan,nan,nan,nan,nan,nan,nan,nan,nan,nan,nan,0.48545447594441565,0.4208238995404541,2.8243417373751925,20,20,3.9359307289123535
1086,,0.4063343374915084,0.010693008881355484,0.6950310468673706,0.95,0.95,0.95,0.9758064516129032,1.0,0.7479674796747967,0.21138211382113822,0.04065040650406504,0.4906728061112134,0.056578947368421055,0.056578947368421055,0.3684210526315789,0.8928850110121361,0.6781938706086268,80.0,0.01856441017090449,0.8,0.03408921239508783,nan,nan,nan,nan,nan,nan,nan,nan,nan,nan,nan,0.47457651881662505,-0.2036173517920018,2.6084464653591284,20,20,5.415610313415527
1087,,-0.6134356842623866,0.001288547719125378,2.247351121902466,0.85,0.85,0.85,0.9095744680851063,1.0,0.7727272727272727,0.2222222222222222,0.005050505050505051,0.4947603565324098,0.006333333333333333,0.006333333333333333,0.07333333333333333,0.6152167348791233,1.203713945361012,100.0,0.0167603856431829,1.0,0.0167603856431829,nan,nan,nan,nan,nan,nan,nan,nan,nan,nan,nan,0.9295579988494058,-0.27415594651160613,2.7915045677340036,20,20,33.8641242980957
1088,,-0.4707920014052893,0.001764026661982369,1.0328315496444702,0.9,0.9,0.9,0.9270833333333334,1.0,0.716,0.276,0.008,0.491602395773322,0.025166666666666667,0.025166666666666667,0.06666666666666667,0.7555246066900163,1.1898463759477527,50.0,0.2043066531726801,0.5,0.4500333812536276,nan,nan,nan,nan,nan,nan,nan,nan,nan,nan,nan,0.9436815346596914,-0.24616484128806138,2.5289921478681663,20,20,23.499116897583008
1089,,0.4364747017558802,0.0311767644111343,17.75953025817871,1.0,1.0,1.0,1.0,0.0,0.7337278106508875,0.26627218934911245,0.0,0.4906509329298777,0.10714285714285714,0.10714285714285714,1.2857142857142858,0.9982562216995674,0.07096580001889735,0.0,0.0,0.0,0.0,nan,nan,nan,nan,nan,nan,nan,nan,nan,nan,nan,0.46807495786106984,0.3971091578421725,2.840957748082841,20,20,2.704756498336792
1090,,-0.4130579223480314,0.0019564735921732287,1.004931128025055,0.9,0.9,0.9,0.9603174603174603,0.0,0.7283236994219653,0.27167630057803466,0.0,0.4955663986497869,0.0033333333333333335,0.0033333333333333335,0.05,0.7698814131119727,1.594457595925534,0.0,0.0,0.0,0.0,nan,nan,nan,nan,nan,nan,nan,nan,nan,nan,nan,1.3342374773168513,-0.26022011860868277,2.7883344383525124,20,20,20.884851694107056
1091,,0.4453576723071413,0.021207508205101967,8.826327896118164,1.0,1.0,1.0,1.0,0.0,0.81,0.19,0.0,0.5076848096879465,0.29285714285714287,0.29285714285714287,0.7142857142857143,0.9985744500931336,0.054669828143724175,0.0,0.0,0.0,0.0,nan,nan,nan,nan,nan,nan,nan,nan,nan,nan,nan,0.47341309980281576,0.4187432716590916,2.5281363916781303,20,20,4.919306516647339
1092,,-0.46076339866979366,0.0017974553377673546,1.2764950752258302,0.95,0.95,0.95,0.9927007299270073,1.0,0.7877094972067039,0.2011173184357542,0.0111731843575419,0.49754824128048497,0.0105,0.0105,0.07333333333333333,0.7674232052609539,1.5659180029008555,50.0,-0.0005226647131981108,0.5,0.0047213348325197135,nan,nan,nan,nan,nan,nan,nan,nan,nan,nan,nan,1.3073414163381716,-0.2585765865626839,2.7477381918185033,20,20,20.325347423553467
1093,,0.44266401629949964,0.026039059782323508,15.997843551635743,1.0,1.0,1.0,1.0,0.0,0.835820895522388,0.16417910447761194,0.0,0.4945952162256136,0.11470588235294117,0.11470588235294117,0.5294117647058824,0.9992099184105475,0.04058810695045917,0.0,0.0,0.0,0.0,nan,nan,nan,nan,nan,nan,nan,nan,nan,nan,nan,0.4629850011976195,0.4223968942471603,2.723334912888702,20,20,4.12961745262146
1094,,0.4472567394736971,0.02981711596491314,13.163043785095216,1.0,1.0,1.0,1.0,0.0,0.8666666666666667,0.13333333333333333,0.0,0.49595824075241884,0.13333333333333333,0.13333333333333333,0.13333333333333333,0.9988429736270312,0.06416619718290606,0.0,0.0,0.0,0.0,nan,nan,nan,nan,nan,nan,nan,nan,nan,nan,nan,0.4756039890892226,0.4114377919063165,2.6633838043950346,20,20,2.2514259815216064
1095,,0.445388604054291,0.03181347171816364,9.977723121643066,1.0,1.0,1.0,1.0,1.0,0.8733333333333333,0.12,0.006666666666666667,0.5051323289051652,0.125,0.125,0.42857142857142855,0.9978101277049417,0.08545158350480697,0.0,-0.02753777285211645,0.0,0.0,nan,nan,nan,nan,nan,nan,nan,nan,nan,nan,nan,0.4811731066978208,0.39572152319301385,2.6590292846181893,20,20,2.4580252170562744
1096,,-0.4096710365659936,0.0019677632114466883,1.1319686651229859,0.95,0.95,0.95,0.9732620320855615,0.0,0.8452380952380952,0.15476190476190477,0.0,0.49727274203719574,0.0275,0.0275,0.03333333333333333,0.744262990679186,1.6008190501532964,0.0,0.0,0.0,0.0,nan,nan,nan,nan,nan,nan,nan,nan,nan,nan,nan,1.3470391305724494,-0.25377991958084695,2.377366869743696,20,20,22.153058290481567
1097,,0.442142843899398,0.0294761895932932,7.816271495819092,1.0,1.0,1.0,1.0,1.0,0.8175182481751825,0.17518248175182483,0.0072992700729927005,0.496393289466699,0.11333333333333333,0.11333333333333333,0.13333333333333333,0.9991156882781027,0.05571033553654631,100.0,0.04508456584150583,1.0,0.04508456584150583,nan,nan,nan,nan,nan,nan,nan,nan,nan,nan,nan,0.47407663656353183,0.4183663010269855,2.6565772329224235,20,20,2.3558530807495117
1098,,0.44505096166606506,0.02342373482452974,3.434014892578125,1.0,1.0,1.0,1.0,0.0,0.8857142857142857,0.11428571428571428,0.0,0.4923046489687342,0.14736842105263157,0.14736842105263157,0.10526315789473684,0.9982257564745612,0.0727550025366605,0.0,0.0,0.0,0.0,nan,nan,nan,nan,nan,nan,nan,nan,nan,nan,nan,0.4646204804306701,0.3918654778940096,2.4704836461255555,20,20,3.005915880203247
1099,,0.44401627949864747,0.04036511631805886,3.592553472518921,1.0,1.0,1.0,1.0,0.0,0.928,0.072,0.0,0.4951362028040669,0.06818181818181818,0.06818181818181818,0.5454545454545454,0.9981157191282117,0.08728712444156811,0.0,0.0,0.0,0.0,nan,nan,nan,nan,nan,nan,nan,nan,nan,nan,nan,0.4719990445559937,0.38471192011442557,2.454726625882977,20,20,3.3923146724700928
1100,,0.44754519660779,0.03729543305064917,5.804535007476806,1.0,1.0,1.0,1.0,0.0,0.782312925170068,0.21768707482993196,0.0,0.4972888065269217,0.14583333333333334,0.14583333333333334,0.8333333333333334,0.9993128635862392,0.0408782780280163,0.0,0.0,0.0,0.0,nan,nan,nan,nan,nan,nan,nan,nan,nan,nan,nan,0.46894587658464026,0.42806759855662396,2.807573756903498,20,20,2.1917495727539062
1101,,-0.4721364722189775,0.0017595450926034084,1.5914693355560303,0.95,0.95,0.95,0.989247311827957,1.0,0.8181818181818182,0.1774891774891775,0.004329004329004329,0.49715507769677786,0.0125,0.0125,0.05333333333333334,0.7935210959161975,1.2219578873971013,0.0,-0.004016682260157348,0.0,0.0,nan,nan,nan,nan,nan,nan,nan,nan,nan,nan,nan,0.9357186205058351,-0.2862392668912662,2.6286177554141075,20,20,21.754336833953857
1102,,0.4469228566204183,0.03192306118717274,2.5074251174926756,1.0,1.0,1.0,1.0,1.0,0.905511811023622,0.08661417322834646,0.007874015748031496,0.4992428444858108,0.12857142857142856,0.12857142857142856,0.07142857142857142,0.9991497663830576,0.0492155425754891,0.0,-0.1905125386240637,0.0,0.0,nan,nan,nan,nan,nan,nan,nan,nan,nan,nan,nan,0.4742831898615552,0.4250676472860661,2.7070048286023978,20,20,2.1624560356140137
1103,,0.4505445894513934,0.02145450425959016,0.9052165746688843,1.0,1.0,1.0,1.0,0.0,0.9190751445086706,0.08092485549132948,0.0,0.5019110991131692,0.18571428571428572,0.18571428571428572,0.23809523809523808,0.9983414581500533,0.07638401983213239,0.0,0.0,0.0,0.0,nan,nan,nan,nan,nan,nan,nan,nan,nan,nan,nan,0.4846370739772013,0.4082530541450689,2.4794882874714808,20,20,4.1010661125183105
1104,,0.45171874586785216,0.023774670835150113,0.4463895678520203,1.0,1.0,1.0,1.0,0.0,0.9281767955801105,0.0718232044198895,0.0,0.4978985305287336,0.33157894736842103,0.33157894736842103,0.10526315789473684,0.9981443037469454,0.07394232059127864,0.0,0.0,0.0,0.0,nan,nan,nan,nan,nan,nan,nan,nan,nan,nan,nan,0.47434184818954334,0.4003995275982647,2.5456924441242443,20,20,3.980833053588867
1105,,0.43587332971093184,0.02905822198072879,0.3576400637626648,1.0,1.0,1.0,1.0,0.0,0.9512195121951219,0.04878048780487805,0.0,0.49984526162346204,0.11666666666666667,0.11666666666666667,0.2,0.9979979218247443,0.07824956687041018,0.0,0.0,0.0,0.0,nan,nan,nan,nan,nan,nan,nan,nan,nan,nan,nan,0.4640237254126295,0.3857741585422193,2.4333920474534168,20,20,2.6468119621276855
1106,,0.44815124989670024,0.034473173068976945,0.37580474019050597,1.0,1.0,1.0,1.0,0.0,0.9518072289156626,0.04819277108433735,0.0,0.5030952792041576,0.13076923076923078,0.13076923076923078,0.23076923076923078,0.9988076834236407,0.06293573314263523,0.0,0.0,0.0,0.0,nan,nan,nan,nan,nan,nan,nan,nan,nan,nan,nan,0.47360077217308033,0.4106650390304451,2.7243707213856947,20,20,2.883910655975342
1107,,0.46160087183349363,0.020069603123195376,0.5100114047527313,1.0,1.0,1.0,1.0,0.0,0.9246575342465754,0.07534246575342465,0.0,0.4983134572110746,0.1956521739130435,0.1956521739130435,0.30434782608695654,0.9597405919982729,0.4624831730204428,0.0,0.0,0.0,0.0,nan,nan,nan,nan,nan,nan,nan,nan,nan,nan,nan,0.8649875922845383,0.40250441926409547,2.287575331899581,20,20,3.4766311645507812
1108,,0.4454927567642881,0.03712439639702401,0.47895513772964476,1.0,1.0,1.0,1.0,0.0,0.9692307692307692,0.03076923076923077,0.0,0.5030329850812753,0.1375,0.1375,0.3333333333333333,0.9989693452125745,0.05509507495106153,0.0,0.0,0.0,0.0,nan,nan,nan,nan,nan,nan,nan,nan,nan,nan,nan,0.4736998092671701,0.41860473431610856,2.4394825450158475,20,20,2.4995815753936768
1109,,0.4556147273245753,0.022780736366228765,0.2970375120639801,1.0,1.0,1.0,1.0,1.0,0.93048128342246,0.06417112299465241,0.0053475935828877,0.5005497938860208,0.2725,0.2725,0.1,0.9990880695506844,0.0533958351329879,0.0,-0.0014118715561318301,0.0,0.0,nan,nan,nan,nan,nan,nan,nan,nan,nan,nan,nan,0.47990471063263984,0.42650887549965194,2.6031492830435483,20,20,4.315806150436401
1110,,0.4449414473912442,0.023417970915328643,0.3090301752090454,1.0,1.0,1.0,1.0,0.0,0.9269662921348315,0.07303370786516854,0.0,0.4974919407383392,0.13157894736842105,0.13157894736842105,0.2631578947368421,0.9987933490595156,0.056450177545753155,0.0,0.0,0.0,0.0,nan,nan,nan,nan,nan,nan,nan,nan,nan,nan,nan,0.47289794755178916,0.416447770006036,2.627175224391306,20,20,3.600717544555664
1111,,0.4773123034039257,0.01909249213615703,0.4982124984264374,1.0,1.0,1.0,1.0,0.0,0.9239130434782609,0.07608695652173914,0.0,0.49861991466581823,0.128,0.128,0.12,0.9556853715576201,0.5062234973721826,0.0,0.0,0.0,0.0,nan,nan,nan,nan,nan,nan,nan,nan,nan,nan,nan,0.9193895441899562,0.4131660468177735,2.691388221716112,20,20,3.80899715423584
1112,,0.4492417573736483,0.024957875409647126,0.9566454410552978,1.0,1.0,1.0,1.0,1.0,0.9313725490196079,0.06372549019607843,0.004901960784313725,0.497956984795423,0.18055555555555555,0.18055555555555555,0.05555555555555555,0.9982199485909421,0.06540507993595807,100.0,0.008692960801964147,1.0,0.008692960801964147,nan,nan,nan,nan,nan,nan,nan,nan,nan,nan,nan,0.47764941046850545,0.4122443305325474,2.687819533139623,20,20,4.34230375289917
1113,,0.44509970956511474,0.024727761642506375,0.8050156474113465,1.0,1.0,1.0,1.0,1.0,0.9632352941176471,0.029411764705882353,0.007352941176470588,0.49854774961455,0.08611111111111111,0.08611111111111111,0.2222222222222222,0.9993588272621811,0.03242560813130613,0.0,-0.02030230520634188,0.0,0.0,nan,nan,nan,nan,nan,nan,nan,nan,nan,nan,nan,0.45949814145868595,0.4270725333273798,2.499268967683774,20,20,2.5587058067321777
1114,,0.4663436585745403,0.019430985773939178,0.45956522822380064,1.0,1.0,1.0,1.0,0.0,0.9166666666666666,0.08333333333333333,0.0,0.49988108705729245,0.12708333333333333,0.12708333333333333,0.20833333333333334,0.950653478876369,0.5118508736112963,0.0,0.0,0.0,0.0,nan,nan,nan,nan,nan,nan,nan,nan,nan,nan,nan,0.9241125347239731,0.4122616611126768,2.4431762576956677,20,20,3.7863028049468994
1115,,0.45017629235951245,0.01957288227650054,0.6686147212982178,1.0,1.0,1.0,1.0,0.0,0.9216867469879518,0.0783132530120482,0.0,0.5017799360596615,0.17608695652173914,0.17608695652173914,0.391304347826087,0.9986575665130121,0.05757988798524921,0.0,0.0,0.0,0.0,nan,nan,nan,nan,nan,nan,nan,nan,nan,nan,nan,0.4737898192318135,0.4162099312465643,2.552660023885113,20,20,4.380503416061401
1116,,0.45086492682256496,0.034681917447889614,0.5017749428749084,1.0,1.0,1.0,1.0,0.0,0.927536231884058,0.07246376811594203,0.0,0.5004076964580095,0.16538461538461538,0.16538461538461538,0.15384615384615385,0.9984272004296313,0.06616042849576903,0.0,0.0,0.0,0.0,nan,nan,nan,nan,nan,nan,nan,nan,nan,nan,nan,0.48442476981138793,0.4182643413156189,2.6025868472728844,20,20,2.614985227584839
1117,,0.4434997149810034,0.026088218528294318,0.6688327550888061,1.0,1.0,1.0,1.0,0.0,0.92,0.08,0.0,0.501841255540357,0.19411764705882353,0.19411764705882353,0.29411764705882354,0.9986828168782879,0.05505958122747223,0.0,0.0,0.0,0.0,nan,nan,nan,nan,nan,nan,nan,nan,nan,nan,nan,0.4698926174364235,0.4148330362089513,2.632439757832836,20,20,4.127152442932129
1118,,-0.46192202192317144,0.0017935932602560951,1.463107204437256,0.95,0.95,0.95,0.9769230769230769,0.0,0.8941176470588236,0.10588235294117647,0.0,0.5004342507375404,0.006,0.006,0.01,0.7999485437090796,1.1786907940838312,0.0,0.0,0.0,0.0,nan,nan,nan,nan,nan,nan,nan,nan,nan,nan,nan,0.8977392000272124,-0.2809515940566186,2.2762711185598885,20,20,22.23902201652527
1119,,0.4478503015695451,0.037320858464128755,2.548880624771118,1.0,1.0,1.0,1.0,0.0,0.926829268292683,0.07317073170731707,0.0,0.4995949265857538,0.12916666666666668,0.12916666666666668,0.4166666666666667,0.999258662901867,0.03662131976705679,0.0,0.0,0.0,0.0,nan,nan,nan,nan,nan,nan,nan,nan,nan,nan,nan,0.4673495150675729,0.4307281953005161,2.4526010201372195,20,20,2.02392315864563
1120,,0.4460574198485877,0.024780967769365985,2.742225933074951,1.0,1.0,1.0,1.0,0.0,0.9518072289156626,0.04819277108433735,0.0,0.494389809621498,0.15555555555555556,0.15555555555555556,0.1111111111111111,0.9991542475815426,0.04699792390920887,0.0,0.0,0.0,0.0,nan,nan,nan,nan,nan,nan,nan,nan,nan,nan,nan,0.4666658411204028,0.41966791721119395,2.60134934739509,20,20,3.1103837490081787
1121,,0.4530771455959044,0.0251709525331058,1.5699268102645874,1.0,1.0,1.0,1.0,0.0,0.9358288770053476,0.06417112299465241,0.0,0.49723396168814765,0.17777777777777778,0.17777777777777778,0.4444444444444444,0.9988793170550754,0.04865331099130654,0.0,0.0,0.0,0.0,nan,nan,nan,nan,nan,nan,nan,nan,nan,nan,nan,0.47629764811783337,0.42764433712652683,2.702973310549385,20,20,6.6217942237854
1122,,0.44454908711925806,0.0211690041485361,0.1979626566171646,1.0,1.0,1.0,1.0,0.0,0.9352941176470588,0.06470588235294118,0.0,0.49914463648483864,0.1357142857142857,0.1357142857142857,0.14285714285714285,0.9987504750983917,0.04685808521699153,0.0,0.0,0.0,0.0,nan,nan,nan,nan,nan,nan,nan,nan,nan,nan,nan,0.4676456547653549,0.4207875695483634,2.5440470856963717,20,20,4.736042261123657
1123,,0.4463419309871913,0.03433399469132241,0.22461960911750795,1.0,1.0,1.0,1.0,0.0,0.9590163934426229,0.040983606557377046,0.0,0.4956982319171612,0.038461538461538464,0.038461538461538464,0.6153846153846154,0.9990571410113013,0.04388067961454922,0.0,0.0,0.0,0.0,nan,nan,nan,nan,nan,nan,nan,nan,nan,nan,nan,0.4665619831194618,0.42268130350491256,2.711731744895536,20,20,3.2049903869628906
1124,,-0.48206363305849664,0.0017264545564716779,1.7532122373580932,0.95,0.95,0.95,0.9858156028368794,0.0,0.9314285714285714,0.06857142857142857,0.0,0.5006595670968915,0.007666666666666666,0.007666666666666666,0.01,0.7973077343929463,1.1634471684845542,0.0,0.0,0.0,0.0,nan,nan,nan,nan,nan,nan,nan,nan,nan,nan,nan,0.9046488162867563,-0.25879835219779784,2.3442655308689226,20,20,21.74004554748535
1125,,0.44954861279115776,0.02809678829944736,2.6074612617492674,1.0,1.0,1.0,1.0,0.0,0.946524064171123,0.053475935828877004,0.0,0.5032195443753154,0.325,0.325,0.3125,0.9992271608983189,0.05158160751855689,0.0,0.0,0.0,0.0,nan,nan,nan,nan,nan,nan,nan,nan,nan,nan,nan,0.47614105322718814,0.42455944570863124,2.403717717904134,20,20,4.658482789993286
1126,,-0.5891271259924381,0.001369576246691873,9.6292875289917,0.95,0.95,0.95,0.994475138121547,0.0,0.9281767955801105,0.0718232044198895,0.0,0.49909358098420004,0.021333333333333333,0.021333333333333333,0.02,0.8773241561135696,0.7272503693880433,0.0,0.0,0.0,0.0,nan,nan,nan,nan,nan,nan,nan,nan,nan,nan,nan,0.47252038812584096,-0.25472998126220237,2.046146926575159,20,20,31.496635913848877
1127,,0.44663186584848336,0.016541920957351235,1.6756327390670775,1.0,1.0,1.0,1.0,0.0,0.9649122807017544,0.03508771929824561,0.0,0.49947863354313154,0.21851851851851853,0.21851851851851853,0.14814814814814814,0.9974601275686477,0.09564496764592195,0.0,0.0,0.0,0.0,nan,nan,nan,nan,nan,nan,nan,nan,nan,nan,nan,0.5013060211633455,0.4056610535174236,2.228037486793655,20,20,3.6416878700256348
1128,,-0.4918937369572931,0.0016936875434756897,1.6889766931533814,0.95,0.95,0.95,0.9837837837837838,0.0,0.9461883408071748,0.053811659192825115,0.0,0.5000078274402767,0.0265,0.0265,0.02666666666666667,0.8084905372570987,1.179577938318618,0.0,0.0,0.0,0.0,nan,nan,nan,nan,nan,nan,nan,nan,nan,nan,nan,0.9242394922583987,-0.2553384460602192,2.3958303497875937,20,20,21.793233633041382
1129,,0.45459566445638994,0.026740921438611173,4.854814338684082,1.0,1.0,1.0,1.0,0.0,0.926829268292683,0.07317073170731707,0.0,0.49682258685283803,0.24705882352941178,0.24705882352941178,0.47058823529411764,0.9986560799440309,0.05695745110985034,0.0,0.0,0.0,0.0,nan,nan,nan,nan,nan,nan,nan,nan,nan,nan,nan,0.47547869564133227,0.41852124453148193,2.5556505201420507,20,20,4.286711931228638
1130,,0.4401189689732645,0.020958046141584023,1.1309290170669555,1.0,1.0,1.0,1.0,0.0,0.9515151515151515,0.048484848484848485,0.0,0.49951922510351454,0.19285714285714287,0.19285714285714287,0.047619047619047616,0.9978019287713501,0.0909607075814094,0.0,0.0,0.0,0.0,nan,nan,nan,nan,nan,nan,nan,nan,nan,nan,nan,0.4724255351100608,0.3814648275286514,2.164293692506048,20,20,3.4899487495422363
1131,,0.4466925998203236,0.029779506654688242,0.7731444597244262,1.0,1.0,1.0,1.0,0.0,0.9273743016759777,0.07262569832402235,0.0,0.49889366928488016,0.36333333333333334,0.36333333333333334,0.06666666666666667,0.9980563531079529,0.08128937340545578,0.0,0.0,0.0,0.0,nan,nan,nan,nan,nan,nan,nan,nan,nan,nan,nan,0.4755126861055369,0.3942233127000811,2.308025895447902,20,20,3.7714457511901855
1132,,0.4453538127272435,0.034257985594403344,0.4111245393753052,1.0,1.0,1.0,1.0,0.0,0.9408284023668639,0.05917159763313609,0.0,0.494459150158442,0.15,0.15,0.07692307692307693,0.9983195335486473,0.0702753407710785,0.0,0.0,0.0,0.0,nan,nan,nan,nan,nan,nan,nan,nan,nan,nan,nan,0.481798820802478,0.4115234800313995,2.577469152834623,20,20,2.82936954498291
1133,,0.43907501517503905,0.03658958459791992,0.21336953341960907,1.0,1.0,1.0,1.0,0.0,0.9764705882352941,0.023529411764705882,0.0,0.5006723710646231,0.09166666666666666,0.09166666666666666,0.5,0.9977137101876922,0.08332253066651002,0.0,0.0,0.0,0.0,nan,nan,nan,nan,nan,nan,nan,nan,nan,nan,nan,0.4675820064020674,0.38425947573555735,2.393454900914085,20,20,4.942336797714233
1134,,0.45764997543899405,0.022882498771949703,0.34855392575263977,1.0,1.0,1.0,1.0,0.0,0.9585492227979274,0.03626943005181347,0.0051813471502590676,0.4998522214405239,0.22,0.22,0.05,0.998596856739072,0.051278680546749944,100.0,0.23515473040028403,1.0,0.23515473040028403,nan,nan,nan,nan,nan,nan,nan,nan,nan,nan,nan,0.4768474715481169,0.42556879100136696,2.6659632362812116,20,20,3.9280025959014893
1135,,0.44467366208636244,0.027792103880397653,0.2739974856376648,1.0,1.0,1.0,1.0,0.0,0.9720670391061452,0.027932960893854747,0.0,0.5026929619722068,0.184375,0.184375,0.0,0.9989462044091991,0.061823073152241614,0.0,0.0,0.0,0.0,nan,nan,nan,nan,nan,nan,nan,nan,nan,nan,nan,0.4652395990101914,0.4034165258579498,2.5550335337329613,20,20,3.321453094482422
1136,,0.44305476502906466,0.02331867184363498,0.2167232096195221,1.0,1.0,1.0,1.0,0.0,0.9457364341085271,0.05426356589147287,0.0,0.4975570515778504,0.07631578947368421,0.07631578947368421,0.0,0.9992463985955021,0.039932287948176215,0.0,0.0,0.0,0.0,nan,nan,nan,nan,nan,nan,nan,nan,nan,nan,nan,0.4642372547730871,0.42430496682491087,2.5962811633905885,20,20,2.1955080032348633
1137,,0.4569737127597005,0.020771532398168206,0.24083713293075562,1.0,1.0,1.0,1.0,0.0,0.9282051282051282,0.07179487179487179,0.0,0.49410062753172085,0.2431818181818182,0.2431818181818182,0.09090909090909091,0.9990921141397243,0.05402404257729809,0.0,0.0,0.0,0.0,nan,nan,nan,nan,nan,nan,nan,nan,nan,nan,nan,0.476156298540791,0.4221322559634929,2.503471628696383,20,20,4.335414886474609
1138,,0.440501164098158,0.0220250582049079,0.2595482885837555,1.0,1.0,1.0,1.0,0.0,0.9195402298850575,0.08045977011494253,0.0,0.49253274318762125,0.1575,0.1575,0.1,0.9982261709357795,0.07270317695899808,0.0,0.0,0.0,0.0,nan,nan,nan,nan,nan,nan,nan,nan,nan,nan,nan,0.46758665511763087,0.3948834781586328,2.5231313277834095,20,20,3.8317055702209473
1139,,0.4431425106519823,0.029542834043465485,0.3037497639656067,1.0,1.0,1.0,1.0,0.0,0.9152542372881356,0.0847457627118644,0.0,0.4967369258279602,0.16333333333333333,0.16333333333333333,0.6,0.9991929758557438,0.04926807294835994,0.0,0.0,0.0,0.0,nan,nan,nan,nan,nan,nan,nan,nan,nan,nan,nan,0.46819217201548813,0.4189240990671282,2.416938618776819,20,20,5.863302230834961
1140,,0.44539016430562883,0.027836885269101802,0.224535271525383,1.0,1.0,1.0,1.0,0.0,0.9702380952380952,0.02976190476190476,0.0,0.49615084934048354,0.15625,0.15625,0.0,0.9978873966670927,0.08291918863910902,0.0,0.0,0.0,0.0,nan,nan,nan,nan,nan,nan,nan,nan,nan,nan,nan,0.48219644247188226,0.39927725383277324,2.6412082539359982,20,20,3.2418859004974365
1141,,0.4513803535153409,0.020517288796151858,0.2610680490732193,1.0,1.0,1.0,1.0,0.0,0.9285714285714286,0.07142857142857142,0.0,0.5006290959363634,0.3795454545454545,0.3795454545454545,0.13636363636363635,0.9986011211912234,0.07748255701481177,0.0,0.0,0.0,0.0,nan,nan,nan,nan,nan,nan,nan,nan,nan,nan,nan,0.47727236267978024,0.39978980566496847,2.2813037068938193,20,20,4.983069658279419
1142,,0.44825182251549156,0.02490287902863842,0.33542236089706423,1.0,1.0,1.0,1.0,0.0,0.9157303370786517,0.08426966292134831,0.0,0.49768997573604185,0.1527777777777778,0.1527777777777778,0.0,0.9984721992948918,0.06631261450673853,0.0,0.0,0.0,0.0,nan,nan,nan,nan,nan,nan,nan,nan,nan,nan,nan,0.4757861227302035,0.40947350822346495,2.6699722903462684,20,20,3.608888864517212
1143,,0.438681132068088,0.018278380502837,0.218247190117836,1.0,1.0,1.0,1.0,0.0,0.9518072289156626,0.04819277108433735,0.0,0.4994640661093096,0.22291666666666668,0.22291666666666668,0.041666666666666664,0.9980851620969557,0.07972424860148097,0.0,0.0,0.0,0.0,nan,nan,nan,nan,nan,nan,nan,nan,nan,nan,nan,0.46886920849636426,0.3891449598948833,2.358972177583299,20,20,3.929218053817749
1144,,0.4432302298229753,0.026072366460175016,0.20857835710048675,1.0,1.0,1.0,1.0,0.0,0.9361702127659575,0.06382978723404255,0.0,0.5006480126696474,0.19117647058823528,0.19117647058823528,0.17647058823529413,0.9976933335155039,0.09452725323688871,0.0,0.0,0.0,0.0,nan,nan,nan,nan,nan,nan,nan,nan,nan,nan,nan,0.46888975153214146,0.37436249829525275,2.6541748213295078,20,20,2.434237480163574
1145,,0.4548513942114914,0.02165959020054721,0.21215323209762574,1.0,1.0,1.0,1.0,1.0,0.9361702127659575,0.05851063829787234,0.005319148936170213,0.4957251297398692,0.30952380952380953,0.30952380952380953,0.09523809523809523,0.9981309452250399,0.06867401106220455,0.0,-0.002123807025604621,0.0,0.0,nan,nan,nan,nan,nan,nan,nan,nan,nan,nan,nan,0.4816481440113893,0.4129741329491847,2.5667952204226148,20,20,4.20317268371582
1146,,0.4561963441996346,0.030413089613308974,0.23703682720661162,1.0,1.0,1.0,1.0,0.0,0.9242424242424242,0.07575757575757576,0.0,0.49503847827514014,0.26,0.26,0.3333333333333333,0.9983863099536688,0.0723224593972363,0.0,0.0,0.0,0.0,nan,nan,nan,nan,nan,nan,nan,nan,nan,nan,nan,0.487511239519223,0.4151887801219867,2.4218152934168358,20,20,4.079452753067017
1147,,0.44372760543429396,0.03413289272571492,0.2684133470058441,1.0,1.0,1.0,1.0,0.0,0.9761904761904762,0.023809523809523808,0.0,0.4999348608920207,0.1,0.1,0.23076923076923078,0.9986852028554696,0.052530640888978075,0.0,0.0,0.0,0.0,nan,nan,nan,nan,nan,nan,nan,nan,nan,nan,nan,0.47095909301739985,0.4184284521284218,2.6302553441285976,20,20,1.9055438041687012
1148,,0.47164699106908387,0.018865879642763355,0.45833820700645445,1.0,1.0,1.0,1.0,0.0,0.9340659340659341,0.06593406593406594,0.0,0.49855921146273613,0.224,0.224,0.04,0.9501451439814522,0.5535892533027819,0.0,0.0,0.0,0.0,nan,nan,nan,nan,nan,nan,nan,nan,nan,nan,nan,0.9338718230207026,0.38028256971792074,2.402026190961098,20,20,3.8791205883026123
1149,,0.4456873789345173,0.01937771212758771,0.5164570689201355,1.0,1.0,1.0,1.0,0.0,0.9153439153439153,0.08465608465608465,0.0,0.5015700686439548,0.1826086956521739,0.1826086956521739,0.2608695652173913,0.997840661068637,0.0704920680764845,0.0,0.0,0.0,0.0,nan,nan,nan,nan,nan,nan,nan,nan,nan,nan,nan,0.4769134430965486,0.4064213750200641,2.544815265057893,20,20,4.4567601680755615
1150,,0.44592286670762155,0.02623075686515421,0.40628130435943605,1.0,1.0,1.0,1.0,0.0,0.9392265193370166,0.06077348066298342,0.0,0.5025923222632093,0.2676470588235294,0.2676470588235294,0.0,0.997929078861811,0.07828165271408627,0.0,0.0,0.0,0.0,nan,nan,nan,nan,nan,nan,nan,nan,nan,nan,nan,0.47711207396555305,0.3988304212514668,2.553370361096307,20,20,3.6827235221862793
1151,,0.4563708269481486,0.03510544822678066,0.4668543875217438,1.0,1.0,1.0,1.0,1.0,0.9111111111111111,0.08333333333333333,0.005555555555555556,0.4922793766913506,0.19615384615384615,0.19615384615384615,0.3076923076923077,0.9992180123412071,0.05250520520533608,100.0,0.0036336059853071256,1.0,0.0036336059853071256,nan,nan,nan,nan,nan,nan,nan,nan,nan,nan,nan,0.47800828922714317,0.4255030840218071,2.809755858611151,20,20,3.168154239654541
1152,,-0.4240583584808686,0.001919805471730438,1.1608060121536254,0.95,0.95,0.95,0.9840425531914894,1.0,0.8893280632411067,0.1067193675889328,0.003952569169960474,0.4979753339377542,0.018333333333333333,0.018333333333333333,0.01,0.7961789613738043,1.187577150056098,100.0,0.027530169063288812,1.0,0.027530169063288812,nan,nan,nan,nan,nan,nan,nan,nan,nan,nan,nan,0.9249444396140962,-0.26263271044200187,2.479528487058738,20,20,21.95266342163086
1153,,0.47705237088132796,0.01766860632893807,0.6164401173591614,1.0,1.0,1.0,1.0,0.0,0.8743961352657005,0.12560386473429952,0.0,0.4952213389281597,0.23703703703703705,0.23703703703703705,0.14814814814814814,0.9627733719575928,0.4659889871780305,0.0,0.0,0.0,0.0,nan,nan,nan,nan,nan,nan,nan,nan,nan,nan,nan,0.8782829663535536,0.41229397917552313,2.269580535734799,20,20,4.916916847229004
1154,,0.4526021196562699,0.02057282362073954,0.3896261274814606,1.0,1.0,1.0,1.0,0.0,0.88,0.12,0.0,0.4981928923463618,0.30454545454545456,0.30454545454545456,0.3181818181818182,0.9984516657741224,0.059172579909654355,0.0,0.0,0.0,0.0,nan,nan,nan,nan,nan,nan,nan,nan,nan,nan,nan,0.48051346689434693,0.4213408869846926,2.4975583968473263,20,20,4.335711479187012
1155,,0.445479136741598,0.029698609116106535,0.46951274275779725,1.0,1.0,1.0,1.0,0.0,0.8514285714285714,0.14857142857142858,0.0,0.49648994982553024,0.16666666666666666,0.16666666666666666,0.3333333333333333,0.9983926830736017,0.06989885938124019,0.0,0.0,0.0,0.0,nan,nan,nan,nan,nan,nan,nan,nan,nan,nan,nan,0.4734502051784841,0.4035513457972439,2.6350872484035843,20,20,3.1222801208496094
1156,,0.45303757593462823,0.030202505062308548,0.40874555706977844,1.0,1.0,1.0,1.0,0.0,0.8858695652173914,0.11413043478260869,0.0,0.5034311221539974,0.19666666666666666,0.19666666666666666,0.4666666666666667,0.9986184831680633,0.05804275274790954,0.0,0.0,0.0,0.0,nan,nan,nan,nan,nan,nan,nan,nan,nan,nan,nan,0.4776266992876344,0.41958394653972486,2.6659198273267335,20,20,3.2414774894714355
1157,,0.44783416131103304,0.02634318595947253,0.30324369072914126,1.0,1.0,1.0,1.0,1.0,0.8603351955307262,0.1340782122905028,0.00558659217877095,0.5004444344955332,0.19411764705882353,0.19411764705882353,1.0588235294117647,0.9984757777446385,0.06690626323370502,0.0,-0.01672758118951037,0.0,0.0,nan,nan,nan,nan,nan,nan,nan,nan,nan,nan,nan,0.47253516872091395,0.4056289054872089,2.60213585366573,20,20,4.103193521499634
1158,,0.45279262974253903,0.025155146096807725,0.42895094156265257,1.0,1.0,1.0,1.0,0.0,0.8742857142857143,0.12571428571428572,0.0,0.5023184283015628,0.23055555555555557,0.23055555555555557,0.3888888888888889,0.9980940552359466,0.08377358802306023,0.0,0.0,0.0,0.0,nan,nan,nan,nan,nan,nan,nan,nan,nan,nan,nan,0.4987144567118929,0.4149408686888327,2.5307580550463404,20,20,3.286130428314209
1159,,0.44545122022564054,0.027840701264102534,0.31659291982650756,1.0,1.0,1.0,1.0,0.0,0.9021739130434783,0.09782608695652174,0.0,0.4967167335445993,0.128125,0.128125,0.3125,0.9987201535419473,0.060579275784793885,0.0,0.0,0.0,0.0,nan,nan,nan,nan,nan,nan,nan,nan,nan,nan,nan,0.4791492039819104,0.4185699281971165,2.7936823615454434,20,20,5.642455101013184
1160,,-0.4936999826416144,0.001687666724527952,1.585513424873352,0.9,0.9,0.9,0.9479166666666666,0.0,0.8590308370044053,0.14096916299559473,0.0,0.4993653232427314,0.026166666666666668,0.026166666666666668,0.03666666666666667,0.8040678727277488,1.1905917569588385,0.0,0.0,0.0,0.0,nan,nan,nan,nan,nan,nan,nan,nan,nan,nan,nan,0.9315350358672481,-0.25905672109159034,2.5119039588705845,20,20,24.09363341331482
1161,,0.4432343858139188,0.02216171929069594,0.42824214696884155,1.0,1.0,1.0,1.0,0.0,0.8698224852071006,0.1301775147928994,0.0,0.49715406354516745,0.19,0.19,0.4,0.9986001620192977,0.05160537775055013,0.0,0.0,0.0,0.0,nan,nan,nan,nan,nan,nan,nan,nan,nan,nan,nan,0.46999683870286074,0.4183914609523106,2.662104213324906,20,20,3.669159412384033
1162,,-0.552291423862225,0.0014923619204592503,2.737275171279907,0.95,0.95,0.95,0.9826589595375722,1.0,0.8457446808510638,0.14893617021276595,0.005319148936170213,0.5021030435208231,0.008833333333333334,0.008833333333333334,0.02,0.8143228125359103,1.1640192957690627,0.0,-0.0709217079000653,0.0,0.0,nan,nan,nan,nan,nan,nan,nan,nan,nan,nan,nan,0.8949847403081136,-0.2690345554609491,2.3822663251417127,20,20,30.012250423431396
1163,,-0.6083380116618325,0.0013055399611272248,3.683871030807495,0.9,0.9,0.9,0.9636363636363636,0.0,0.8786127167630058,0.12138728323699421,0.0,0.49868327597156165,0.003833333333333333,0.003833333333333333,0.03333333333333333,0.7234386389700725,1.1652129399724025,0.0,0.0,0.0,0.0,nan,nan,nan,nan,nan,nan,nan,nan,nan,nan,nan,0.8925529380808919,-0.2726600018915106,2.5604579479346805,20,20,31.002761125564575
1164,,0.4640397242056231,0.029002482762851445,0.9094612121582031,1.0,1.0,1.0,1.0,0.0,0.852112676056338,0.14788732394366197,0.0,0.49493837350746617,0.11875,0.11875,0.1875,0.9562187490335462,0.5097401694491344,0.0,0.0,0.0,0.0,nan,nan,nan,nan,nan,nan,nan,nan,nan,nan,nan,0.8895234255624096,0.37978325611327524,2.645031182555775,20,20,2.5168583393096924
1165,,-0.5225041751149739,0.0015916527496167533,1.7202212810516357,0.9,0.9,0.9,0.9641025641025641,0.0,0.831858407079646,0.168141592920354,0.0,0.499454966324692,0.0195,0.0195,0.08,0.802556435433127,1.192000946402687,0.0,0.0,0.0,0.0,nan,nan,nan,nan,nan,nan,nan,nan,nan,nan,nan,0.9342987796810068,-0.2577021667216802,2.292238810829657,20,20,22.73714780807495
1166,,-0.601971780377953,0.0013267607320734901,3.4566442012786864,0.9,0.9,0.9,0.9725274725274725,0.0,0.8333333333333334,0.16666666666666666,0.0,0.5011160402453194,0.016666666666666666,0.016666666666666666,0.07666666666666666,0.7275746656488782,1.168092112713589,0.0,0.0,0.0,0.0,nan,nan,nan,nan,nan,nan,nan,nan,nan,nan,nan,0.8808807648054906,-0.28721134790809844,2.606236947081171,20,20,28.93603205680847
1167,,0.44089494496569454,0.04408949449656945,18.061528587341307,1.0,1.0,1.0,1.0,0.0,0.90625,0.09375,0.0,0.5002146970108151,0.07,0.07,0.7,0.9987984457880075,0.07299839692180143,0.0,0.0,0.0,0.0,nan,nan,nan,nan,nan,nan,nan,nan,nan,nan,nan,0.46223035809350493,0.3892319611717035,2.6994364396758987,20,20,3.2822976112365723
1168,,0.447677723897805,0.029845181593187,12.732598304748535,1.0,1.0,1.0,1.0,0.0,0.9078014184397163,0.09219858156028368,0.0,0.4982325621197621,0.20666666666666667,0.20666666666666667,0.4,0.9981043221335375,0.07491891946777945,0.0,0.0,0.0,0.0,nan,nan,nan,nan,nan,nan,nan,nan,nan,nan,nan,0.4694769249173787,0.39455800544959924,2.5289761593157944,20,20,4.362519979476929
1169,,0.44333000041179216,0.029555333360786144,9.613125038146972,1.0,1.0,1.0,1.0,0.0,0.8345864661654135,0.16541353383458646,0.0,0.5043173060224702,0.18,0.18,0.4,0.9985413956156455,0.055465089760889374,0.0,0.0,0.0,0.0,nan,nan,nan,nan,nan,nan,nan,nan,nan,nan,nan,0.4712368032149915,0.41577171345410213,2.4828408752395723,20,20,2.465137004852295
1170,,0.44217510912274427,0.01579196818295515,1.5927703619003295,1.0,1.0,1.0,1.0,0.0,0.8,0.2,0.0,0.5014578463842294,0.33214285714285713,0.33214285714285713,0.5714285714285714,0.9965000587715418,0.10723129542820564,0.0,0.0,0.0,0.0,nan,nan,nan,nan,nan,nan,nan,nan,nan,nan,nan,0.46821235485704515,0.3609810594288395,2.502387083127703,20,20,5.146903991699219
1171,,0.4431723733845243,0.034090182568040334,2.9930432796478272,1.0,1.0,1.0,1.0,0.0,0.8809523809523809,0.11904761904761904,0.0,0.5036103451911074,0.16153846153846155,0.16153846153846155,0.7692307692307693,0.9982772370769064,0.08605898520493682,0.0,0.0,0.0,0.0,nan,nan,nan,nan,nan,nan,nan,nan,nan,nan,nan,0.4716754918898372,0.3856165066849004,2.568975856901716,20,20,3.7693891525268555
1172,,0.4474389887727407,0.034418383751749285,4.246026706695557,1.0,1.0,1.0,1.0,0.0,0.8623188405797102,0.13768115942028986,0.0,0.502579473102322,0.11153846153846154,0.11153846153846154,0.15384615384615385,0.9989937645681498,0.04191519466530652,0.0,0.0,0.0,0.0,nan,nan,nan,nan,nan,nan,nan,nan,nan,nan,nan,0.46981672139766667,0.42790152673236015,2.5230512440581143,20,20,2.3465638160705566
1173,,-0.48205024538404373,0.0017264991820531877,1.7120115518569947,0.95,0.95,0.95,0.986013986013986,0.0,0.8586956521739131,0.1358695652173913,0.005434782608695652,0.4989048851879003,0.006666666666666667,0.006666666666666667,0.023333333333333334,0.7149635660456143,1.5977672333826844,100.0,0.04887189596809115,1.0,0.04887189596809115,nan,nan,nan,nan,nan,nan,nan,nan,nan,nan,nan,1.3200000066073803,-0.2777672267753041,2.634028127253926,20,20,20.563623189926147
1174,,0.448746270272544,0.024930348348474667,0.4916156709194183,1.0,1.0,1.0,1.0,0.0,0.8697916666666666,0.13020833333333334,0.0,0.49755311173697314,0.10833333333333334,0.10833333333333334,0.8888888888888888,0.997753174199195,0.08213855034888362,0.0,0.0,0.0,0.0,nan,nan,nan,nan,nan,nan,nan,nan,nan,nan,nan,0.49822561570215046,0.41608706535326684,2.6148163731733223,20,20,3.634803533554077
1175,,-0.5018796057306244,0.001660401314231252,1.7505916833877564,0.95,0.95,0.95,0.9786096256684492,0.0,0.8513513513513513,0.14864864864864866,0.0,0.49956319549959155,0.014166666666666666,0.014166666666666666,0.04,0.7966102466186357,1.1986941398553124,0.0,0.0,0.0,0.0,nan,nan,nan,nan,nan,nan,nan,nan,nan,nan,nan,0.9376979592996432,-0.2609961805556693,2.520233643383121,20,20,22.209097385406494
1176,,0.4554740646633164,0.026792592039018612,0.5493933320045471,1.0,1.0,1.0,1.0,0.0,0.8385416666666666,0.16145833333333334,0.0,0.5012604173491982,0.21764705882352942,0.21764705882352942,1.1176470588235294,0.9984785095567712,0.05756266758156936,0.0,0.0,0.0,0.0,nan,nan,nan,nan,nan,nan,nan,nan,nan,nan,nan,0.47954037928523735,0.421977711703668,2.844523425144781,20,20,3.8644120693206787
1177,,0.4579216268021714,0.024101138252745864,0.41407427191734314,1.0,1.0,1.0,1.0,1.0,0.8426395939086294,0.15228426395939088,0.005076142131979695,0.49621353707472354,0.24473684210526317,0.24473684210526317,0.6842105263157895,0.9990877660282058,0.04793504307442742,0.0,-0.024986944705502945,0.0,0.0,nan,nan,nan,nan,nan,nan,nan,nan,nan,nan,nan,0.47905352010806346,0.43111847703363604,2.6053181077708043,20,20,4.685395240783691
1178,,0.4473737377086534,0.03195526697918953,0.29189109802246094,1.0,1.0,1.0,1.0,0.0,0.85,0.15,0.0,0.49778452326676675,0.22142857142857142,0.22142857142857142,0.7857142857142857,0.9983508986715802,0.07168627212259643,0.0,0.0,0.0,0.0,nan,nan,nan,nan,nan,nan,nan,nan,nan,nan,nan,0.4648261763031169,0.39313990418052047,2.6736402718162506,20,20,3.6313138008117676
1179,,0.44434797660315206,0.02613811627077365,0.3114135444164276,1.0,1.0,1.0,1.0,1.0,0.8840579710144928,0.10869565217391304,0.007246376811594203,0.4857451054322369,0.07941176470588235,0.07941176470588235,0.17647058823529413,0.9990650988142202,0.057963528784714724,100.0,0.06490417395567297,1.0,0.06490417395567297,nan,nan,nan,nan,nan,nan,nan,nan,nan,nan,nan,0.4725561495072213,0.4145926207225066,2.728169960315044,20,20,2.51434326171875
1180,,0.4405402255917397,0.027533764099483733,0.26835266649723055,1.0,1.0,1.0,1.0,0.0,0.8954248366013072,0.10457516339869281,0.0,0.4866819461225532,0.103125,0.103125,0.5625,0.9987972917914301,0.05483124610974044,0.0,0.0,0.0,0.0,nan,nan,nan,nan,nan,nan,nan,nan,nan,nan,nan,0.46524412957146866,0.4104128834617282,2.5477682142113163,20,20,4.891745328903198
1181,,0.4470750506955753,0.02629853239385737,0.24999987483024597,1.0,1.0,1.0,1.0,0.0,0.8811188811188811,0.11888111888111888,0.0,0.5005857166341122,0.12941176470588237,0.12941176470588237,0.17647058823529413,0.9990303659461919,0.04728983084493865,0.0,0.0,0.0,0.0,nan,nan,nan,nan,nan,nan,nan,nan,nan,nan,nan,0.46813736109333126,0.4208475302483926,2.6498068046669383,20,20,2.63352108001709
1182,,0.4401301955378053,0.02589001150222384,0.4551060140132904,1.0,1.0,1.0,1.0,0.0,0.8624338624338624,0.13756613756613756,0.0,0.49784427136182785,0.21764705882352942,0.21764705882352942,1.1176470588235294,0.9983865420339421,0.06292244926884805,0.0,0.0,0.0,0.0,nan,nan,nan,nan,nan,nan,nan,nan,nan,nan,nan,0.4658606760224254,0.4029382267535774,2.2827849923709054,20,20,4.757946729660034
1183,,-0.6160017380332363,0.0012799942065558787,2.4507707595825194,0.85,0.85,0.85,0.9666666666666667,0.0,0.8974358974358975,0.10256410256410256,0.0,0.49753165526750187,0.013666666666666667,0.013666666666666667,0.043333333333333335,0.6159533897519386,1.1719407888162994,0.0,0.0,0.0,0.0,nan,nan,nan,nan,nan,nan,nan,nan,nan,nan,nan,0.9036419020895748,-0.2682988867267245,2.3453232744711046,20,20,31.079274892807007
1184,,0.4379769462995086,0.02919846308663391,1.6953519582748413,1.0,1.0,1.0,1.0,0.0,0.8707865168539326,0.12921348314606743,0.0,0.5045448924228549,0.15,0.15,0.2,0.9984923317482601,0.06153595944338236,0.0,0.0,0.0,0.0,nan,nan,nan,nan,nan,nan,nan,nan,nan,nan,nan,0.47407869236042405,0.4125427329170417,2.3033196838958534,20,20,3.3452446460723877
1185,,0.44455631271758395,0.026150371336328467,0.8544949412345886,1.0,1.0,1.0,1.0,1.0,0.8614457831325302,0.13253012048192772,0.006024096385542169,0.494974001581945,0.15588235294117647,0.15588235294117647,0.5294117647058824,0.9983010897876908,0.06679480656152981,0.0,-0.06133835641206309,0.0,0.0,nan,nan,nan,nan,nan,nan,nan,nan,nan,nan,nan,0.47411222550736565,0.40731741894583584,2.568476416744487,20,20,3.348783016204834
1186,,0.4514686284541152,0.0282167892783822,0.8850842952728272,1.0,1.0,1.0,1.0,0.0,0.9,0.1,0.0,0.49801601623184977,0.1125,0.1125,0.3125,0.9985220105881977,0.06060013807418885,0.0,0.0,0.0,0.0,nan,nan,nan,nan,nan,nan,nan,nan,nan,nan,nan,0.47542934207339227,0.4148292039992034,2.8213434749059263,20,20,3.5637176036834717
1187,,0.4441105142915901,0.0261241478995053,0.247561252117157,1.0,1.0,1.0,1.0,1.0,0.8304093567251462,0.16374269005847952,0.005847953216374269,0.5085646683021503,0.14705882352941177,0.14705882352941177,0.47058823529411764,0.9985914164549576,0.06632701751669373,100.0,0.07100358362554629,1.0,0.07100358362554629,nan,nan,nan,nan,nan,nan,nan,nan,nan,nan,nan,0.47876783396080436,0.4124408164441106,2.5712996111095867,20,20,3.2629332542419434
1188,,0.44086787810348127,0.03149056272167723,0.31792980432510376,1.0,1.0,1.0,1.0,1.0,0.903448275862069,0.0896551724137931,0.006896551724137931,0.4925011653453112,0.1357142857142857,0.1357142857142857,0.0,0.998508842371475,0.07290800529277797,100.0,0.0023805820695669416,1.0,0.0023805820695669416,nan,nan,nan,nan,nan,nan,nan,nan,nan,nan,nan,0.46806237353368624,0.39515436824090827,2.4302665034298916,20,20,2.403217077255249
1189,,0.4453481029076861,0.027834256431730382,0.25359149277210236,1.0,1.0,1.0,1.0,0.0,0.8863636363636364,0.11363636363636363,0.0,0.49999804348917676,0.0875,0.0875,0.125,0.9991128056927017,0.05062693139981134,0.0,0.0,0.0,0.0,nan,nan,nan,nan,nan,nan,nan,nan,nan,nan,nan,0.4685169611993584,0.41789002979954704,2.6137119965712747,20,20,2.535736322402954
1190,,0.44513466950000935,0.021196889023809968,0.2274356335401535,1.0,1.0,1.0,1.0,0.0,0.8702702702702703,0.12972972972972974,0.0,0.5007973201838988,0.2119047619047619,0.2119047619047619,0.2857142857142857,0.9985625863719898,0.07321804097739554,0.0,0.0,0.0,0.0,nan,nan,nan,nan,nan,nan,nan,nan,nan,nan,nan,0.47969000175850035,0.4064719607811048,2.6609148920231003,20,20,4.4123759269714355
1191,,0.43960596197834234,0.016281702295494162,0.24438235461711882,1.0,1.0,1.0,1.0,0.0,0.8932584269662921,0.10674157303370786,0.0,0.49404639713401494,0.07037037037037037,0.07037037037037037,0.0,0.9987683632029986,0.06329561469387213,0.0,0.0,0.0,0.0,nan,nan,nan,nan,nan,nan,nan,nan,nan,nan,nan,0.471420039751406,0.4081244250575339,2.4668834796281924,20,20,3.796769380569458
1192,,0.4511976047203916,0.02506653359557731,0.2879243016242981,1.0,1.0,1.0,1.0,0.0,0.8439024390243902,0.15609756097560976,0.0,0.49026870400541356,0.20555555555555555,0.20555555555555555,1.1111111111111112,0.998632693069191,0.06370854518624963,0.0,0.0,0.0,0.0,nan,nan,nan,nan,nan,nan,nan,nan,nan,nan,nan,0.4809486138636385,0.4172400686773889,2.787187003080314,20,20,4.055164813995361
1193,,0.4461399049676394,0.023481047629875757,0.21956576704978942,1.0,1.0,1.0,1.0,0.0,0.8625954198473282,0.13740458015267176,0.0,0.494969319473756,0.16052631578947368,0.16052631578947368,0.15789473684210525,0.9978185372271062,0.08593566269485325,0.0,0.0,0.0,0.0,nan,nan,nan,nan,nan,nan,nan,nan,nan,nan,nan,0.5015431811826898,0.41560751848783656,2.4893646860078436,20,20,2.5229218006134033
1194,,0.45639429048160207,0.03259959217725729,0.45501506328582764,1.0,1.0,1.0,1.0,1.0,0.8602150537634409,0.13440860215053763,0.005376344086021506,0.501709267284189,0.2642857142857143,0.2642857142857143,0.42857142857142855,0.9986521102635549,0.056554057008524006,100.0,0.02605654992857845,1.0,0.02605654992857845,nan,nan,nan,nan,nan,nan,nan,nan,nan,nan,nan,0.48110704619994,0.424552989191416,2.584720698682432,20,20,3.536280393600464
1195,,0.4471966571332086,0.03726638809443405,0.3765305995941162,1.0,1.0,1.0,1.0,0.0,0.9133333333333333,0.08666666666666667,0.0,0.49978559793283545,0.13333333333333333,0.13333333333333333,0.5,0.9989560270741397,0.05727620339601697,0.0,0.0,0.0,0.0,nan,nan,nan,nan,nan,nan,nan,nan,nan,nan,nan,0.478811219741372,0.421535016345355,2.5830014279085356,20,20,3.228358268737793
1196,,0.45723054163377713,0.025401696757432063,0.4703070640563965,1.0,1.0,1.0,1.0,1.0,0.8804347826086957,0.11413043478260869,0.005434782608695652,0.4971886368054483,0.21388888888888888,0.21388888888888888,0.9444444444444444,0.9992887894907478,0.04305145738911753,100.0,0.015268380978803217,1.0,0.015268380978803217,nan,nan,nan,nan,nan,nan,nan,nan,nan,nan,nan,0.4829622650056357,0.4399108076165182,2.6319882358993136,20,20,7.003316164016724
1197,,-0.5235050280074117,0.0015883165733086276,1.4846505165100097,0.85,0.85,0.85,0.9631578947368421,0.0,0.8803418803418803,0.11965811965811966,0.0,0.4980511342752725,0.018166666666666668,0.018166666666666668,0.05,0.7053994576778793,1.2157392986053246,0.0,0.0,0.0,0.0,nan,nan,nan,nan,nan,nan,nan,nan,nan,nan,nan,0.9374493923899349,-0.2782899062153896,2.3424937557189334,20,20,26.737985372543335
1198,,0.44443075964800427,0.02962871730986695,0.5815105617046357,1.0,1.0,1.0,1.0,0.0,0.9096774193548387,0.09032258064516129,0.0,0.5038073314229647,0.18,0.18,0.0,0.9984365421896905,0.05520750115926759,0.0,0.0,0.0,0.0,nan,nan,nan,nan,nan,nan,nan,nan,nan,nan,nan,0.47146424639618817,0.4162567452369206,2.5027179944519604,20,20,2.9387829303741455
1199,,0.47884259061293677,0.016511813469411614,0.597429895401001,1.0,1.0,1.0,1.0,0.0,0.9187817258883249,0.08121827411167512,0.0,0.5052844537100916,0.2189655172413793,0.2189655172413793,0.13793103448275862,0.9586006790008557,0.49226602459913354,0.0,0.0,0.0,0.0,nan,nan,nan,nan,nan,nan,nan,nan,nan,nan,nan,0.9050837354017975,0.412817710802664,2.4623290756029546,20,20,4.636561632156372
1200,,0.45270044083547223,0.02662943769620425,0.36030860543251036,1.0,1.0,1.0,1.0,0.0,0.9296482412060302,0.07035175879396985,0.0,0.49945410130655066,0.3264705882352941,0.3264705882352941,0.17647058823529413,0.9986218938704767,0.06624986717263187,0.0,0.0,0.0,0.0,nan,nan,nan,nan,nan,nan,nan,nan,nan,nan,nan,0.4773389876722523,0.41108912049962043,2.404105725917416,20,20,4.313957929611206
1201,,0.47174850709595245,0.015217693777288788,0.47232548594474794,1.0,1.0,1.0,1.0,0.0,0.9025641025641026,0.09743589743589744,0.0,0.49872400465030825,0.22096774193548388,0.22096774193548388,0.3870967741935484,0.9545833944172221,0.531168955971978,0.0,0.0,0.0,0.0,nan,nan,nan,nan,nan,nan,nan,nan,nan,nan,nan,0.9081827252888606,0.3770137693168826,2.321293952408273,20,20,5.862761497497559
1202,,0.4589908624412255,0.03278506160294468,0.6278663396835327,1.0,1.0,1.0,1.0,0.0,0.9393939393939394,0.06060606060606061,0.0,0.5006733381322452,0.12857142857142856,0.12857142857142856,0.42857142857142855,0.9993714975977189,0.043191336000262315,0.0,0.0,0.0,0.0,nan,nan,nan,nan,nan,nan,nan,nan,nan,nan,nan,0.4767225708351469,0.4335312348348846,2.789861230638322,20,20,3.920541286468506
1203,,-0.565847186421386,0.0014471760452620468,4.344392871856689,0.95,0.95,0.95,0.9736842105263158,0.0,0.9481865284974094,0.05181347150259067,0.0,0.49938852930581196,0.009833333333333333,0.009833333333333333,0.02,0.8392900740109818,1.1764619294602083,0.0,0.0,0.0,0.0,nan,nan,nan,nan,nan,nan,nan,nan,nan,nan,nan,0.9164916338727979,-0.2599702955874105,2.4937685978536885,20,20,31.12598490715027
1204,,0.44041386667798366,0.03145813333414169,0.7867087721824646,1.0,1.0,1.0,1.0,0.0,0.9230769230769231,0.07692307692307693,0.0,0.5030682696295636,0.15357142857142858,0.15357142857142858,0.0,0.9986813548227055,0.06439745191636181,0.0,0.0,0.0,0.0,nan,nan,nan,nan,nan,nan,nan,nan,nan,nan,nan,0.47643766755242467,0.41204021563606286,2.3028313686312822,20,20,2.273282051086426
1205,,0.4459408171970741,0.024774489844281895,0.9721529006958007,1.0,1.0,1.0,1.0,0.0,0.9154929577464789,0.08450704225352113,0.0,0.4984164143550313,0.10555555555555556,0.10555555555555556,0.1111111111111111,0.9990868585625489,0.04954947969109774,0.0,0.0,0.0,0.0,nan,nan,nan,nan,nan,nan,nan,nan,nan,nan,nan,0.4740904844024739,0.4245410047113762,2.7143223362439395,20,20,2.9867007732391357
1206,,0.4445317066428552,0.02963544710952368,0.38441269993782046,1.0,1.0,1.0,1.0,0.0,0.9132947976878613,0.08670520231213873,0.0,0.49649555736531814,0.24333333333333335,0.24333333333333335,0.3333333333333333,0.997865087681977,0.07704868977415685,0.0,0.0,0.0,0.0,nan,nan,nan,nan,nan,nan,nan,nan,nan,nan,nan,0.4716092912505483,0.39456060147639144,2.391590600794552,20,20,3.3461971282958984
1207,,0.4706275671758304,0.0336162547982736,0.48692713379859925,1.0,1.0,1.0,1.0,0.0,0.9261744966442953,0.0738255033557047,0.0,0.5075901885117803,0.1,0.1,0.07142857142857142,0.9538386720316416,0.4993045476395784,0.0,0.0,0.0,0.0,nan,nan,nan,nan,nan,nan,nan,nan,nan,nan,nan,0.9159987052794214,0.416694157639843,2.6304608429141942,20,20,2.6441595554351807
1208,,0.45550526894227916,0.022775263447113957,0.3557200849056244,1.0,1.0,1.0,1.0,0.0,0.9202127659574468,0.0797872340425532,0.0,0.49737072033807633,0.17,0.17,0.35,0.9988492888312384,0.04852997073217147,0.0,0.0,0.0,0.0,nan,nan,nan,nan,nan,nan,nan,nan,nan,nan,nan,0.480386678272275,0.4318567075401035,2.6399568552693577,20,20,3.705272912979126
1209,,0.4378270384830461,0.029188469232203074,0.3928510308265686,1.0,1.0,1.0,1.0,0.0,0.9432624113475178,0.05673758865248227,0.0,0.49989365972578526,0.11333333333333333,0.11333333333333333,0.13333333333333333,0.998246141143302,0.06893688385941876,0.0,0.0,0.0,0.0,nan,nan,nan,nan,nan,nan,nan,nan,nan,nan,nan,0.4843194860015196,0.4153826021421008,2.3082775795757455,20,20,2.490495443344116
1210,,0.44678581031088804,0.019425470013516872,0.25420970022678374,1.0,1.0,1.0,1.0,0.0,0.9067357512953368,0.09326424870466321,0.0,0.4990340595336064,0.2326086956521739,0.2326086956521739,0.391304347826087,0.9977661011281598,0.08344390587348144,0.0,0.0,0.0,0.0,nan,nan,nan,nan,nan,nan,nan,nan,nan,nan,nan,0.4828444184930363,0.39940051261955484,2.4531632661238354,20,20,4.376746892929077
1211,,0.43998553903321286,0.02315713363332699,0.28359260559082033,1.0,1.0,1.0,1.0,0.0,0.9408284023668639,0.05917159763313609,0.0,0.4992789670040733,0.18421052631578946,0.18421052631578946,0.3157894736842105,0.9974668536100446,0.07358182295297322,0.0,0.0,0.0,0.0,nan,nan,nan,nan,nan,nan,nan,nan,nan,nan,nan,0.47109617531176995,0.39751435235879673,2.567823278299225,20,20,3.4228343963623047
1212,,-0.5427424745404787,0.0015241917515317377,2.9146737575531008,0.95,0.95,0.95,0.9857142857142858,0.0,0.9032258064516129,0.0967741935483871,0.0,0.4992610224563008,0.005666666666666667,0.005666666666666667,0.01,0.8265112320447288,1.147999557916087,0.0,0.0,0.0,0.0,nan,nan,nan,nan,nan,nan,nan,nan,nan,nan,nan,0.8880335630242271,-0.25996599489186006,2.6353314432547688,20,20,21.49417757987976
1213,,0.4428743794022984,0.020130653609195383,0.29380217790603635,1.0,1.0,1.0,1.0,1.0,0.9197860962566845,0.0748663101604278,0.0053475935828877,0.49377136060290716,0.17045454545454544,0.17045454545454544,0.045454545454545456,0.9984699961713002,0.06226062486884121,0.0,-0.004353864794264355,0.0,0.0,nan,nan,nan,nan,nan,nan,nan,nan,nan,nan,nan,0.46955698341137236,0.40729635854253116,2.5406387259443766,20,20,4.058746099472046
1214,,0.4425043173678708,0.031607451240562204,0.44761174321174624,1.0,1.0,1.0,1.0,0.0,0.8646616541353384,0.13533834586466165,0.0,0.49566085639276675,0.125,0.125,0.7142857142857143,0.9984330040260637,0.07170141789127499,0.0,0.0,0.0,0.0,nan,nan,nan,nan,nan,nan,nan,nan,nan,nan,nan,0.48206077883979176,0.41035936094851677,2.482064343401192,20,20,2.2456514835357666
1215,,0.4520998625821131,0.0237947296095849,0.3692822575569153,1.0,1.0,1.0,1.0,0.0,0.883495145631068,0.11650485436893204,0.0,0.4992879431498678,0.21578947368421053,0.21578947368421053,0.6842105263157895,0.998434737926718,0.05621062950591127,0.0,0.0,0.0,0.0,nan,nan,nan,nan,nan,nan,nan,nan,nan,nan,nan,0.4787994658857233,0.42258883637981204,2.594889802925107,20,20,4.177464246749878
1216,,-0.5638856611772609,0.0014537144627424635,2.8220037460327148,0.9,0.9,0.9,0.9548872180451128,0.0,0.8472222222222222,0.1527777777777778,0.0,0.49836226685220997,0.005,0.005,0.023333333333333334,0.8391904626251696,1.1628119925843854,0.0,0.0,0.0,0.0,nan,nan,nan,nan,nan,nan,nan,nan,nan,nan,nan,0.8654796810065877,-0.29733231157779766,2.6406240368135006,20,20,21.047860383987427
1217,,0.43938583279785376,0.04393858327978538,0.8620648503303527,1.0,1.0,1.0,1.0,0.0,0.9022556390977443,0.09774436090225563,0.0,0.4996289398893714,0.09,0.09,0.6,0.9982055889747092,0.07684871618140787,0.0,0.0,0.0,0.0,nan,nan,nan,nan,nan,nan,nan,nan,nan,nan,nan,0.47389153129140776,0.3970428151099999,2.648518918122563,20,20,3.3763554096221924
1218,,0.47816254122122387,0.017709723748934217,0.6143406748771667,1.0,1.0,1.0,1.0,0.0,0.8357487922705314,0.1642512077294686,0.0,0.5053070499527234,0.17037037037037037,0.17037037037037037,0.9259259259259259,0.9593477306527218,0.47410067487954016,0.0,0.0,0.0,0.0,nan,nan,nan,nan,nan,nan,nan,nan,nan,nan,nan,0.9012883632339451,0.42718768835440496,2.624299145939988,20,20,4.865163087844849
1219,,0.4482975557314865,0.029886503715432434,0.32169683575630187,1.0,1.0,1.0,1.0,0.0,0.8287292817679558,0.1712707182320442,0.0,0.4946187775830428,0.19333333333333333,0.19333333333333333,0.3333333333333333,0.998957956022155,0.048033081134088274,0.0,0.0,0.0,0.0,nan,nan,nan,nan,nan,nan,nan,nan,nan,nan,nan,0.46982879068565464,0.42179570955156637,2.8411886843808136,20,20,3.178016424179077
1220,,0.44487932052186646,0.03707327671015554,0.3160357862710953,1.0,1.0,1.0,1.0,0.0,0.8791946308724832,0.12080536912751678,0.0,0.4937054491233236,0.10833333333333334,0.10833333333333334,0.5,0.9990896348502905,0.04009587428295047,0.0,0.0,0.0,0.0,nan,nan,nan,nan,nan,nan,nan,nan,nan,nan,nan,0.4654424975552227,0.42534662327227224,2.558514149468704,20,20,3.255406618118286
1221,,0.4513203769139044,0.018805015704746016,0.3157553434371948,1.0,1.0,1.0,1.0,0.0,0.8571428571428571,0.14285714285714285,0.0,0.5014623120427132,0.15,0.15,0.625,0.9983651464779562,0.06120501705385267,0.0,0.0,0.0,0.0,nan,nan,nan,nan,nan,nan,nan,nan,nan,nan,nan,0.4806323273973373,0.4194273103434846,2.458349504493096,20,20,4.664182424545288
1222,,0.4379298463750197,0.0336869112596169,0.3358592391014099,1.0,1.0,1.0,1.0,0.0,0.8507462686567164,0.14925373134328357,0.0,0.5022896658342618,0.09615384615384616,0.09615384615384616,0.38461538461538464,0.9980792934017751,0.08432646401874894,0.0,0.0,0.0,0.0,nan,nan,nan,nan,nan,nan,nan,nan,nan,nan,nan,0.4633678680159572,0.37904140399720826,2.7438601053415623,20,20,2.197558641433716
1223,,0.4400840455234938,0.0488982272803882,0.17125329673290252,1.0,1.0,1.0,1.0,0.0,0.9083333333333333,0.09166666666666666,0.0,0.49865634996030067,0.027777777777777776,0.027777777777777776,1.0,0.9985962535711582,0.0542514063065489,0.0,0.0,0.0,0.0,nan,nan,nan,nan,nan,nan,nan,nan,nan,nan,nan,0.46898053546603025,0.41472912915948135,2.7349046496467753,20,20,1.71867036819458
1224,,0.4430423218682265,0.02013828735764666,0.2653559446334839,1.0,1.0,1.0,1.0,0.0,0.8445945945945946,0.1554054054054054,0.0,0.49842917304486034,0.10227272727272728,0.10227272727272728,0.4090909090909091,0.9983099173398327,0.06300342966523359,0.0,0.0,0.0,0.0,nan,nan,nan,nan,nan,nan,nan,nan,nan,nan,nan,0.4676843379346181,0.4046809082693845,2.5653067631658972,20,20,3.7821521759033203
1225,,0.45366727560516645,0.023877225031850868,0.346904319524765,1.0,1.0,1.0,1.0,1.0,0.9095744680851063,0.0851063829787234,0.005319148936170213,0.4960918036534598,0.23421052631578948,0.23421052631578948,0.47368421052631576,0.9983858547811281,0.06788608271265989,100.0,0.19728477274380538,1.0,0.19728477274380538,nan,nan,nan,nan,nan,nan,nan,nan,nan,nan,nan,0.4746936066719982,0.40680752395933834,2.5020243309727404,20,20,4.330650091171265
1226,,0.4528824755678607,0.026640145621638866,0.3188669502735138,1.0,1.0,1.0,1.0,0.0,0.8412698412698413,0.15873015873015872,0.0,0.49967326219467556,0.2735294117647059,0.2735294117647059,1.411764705882353,0.9986167447874813,0.05617723826855575,0.0,0.0,0.0,0.0,nan,nan,nan,nan,nan,nan,nan,nan,nan,nan,nan,0.47546119795686215,0.4192839596883064,2.5165591300322707,20,20,4.287869930267334
1227,,0.45740017769141667,0.03267144126367262,0.22122788727283477,1.0,1.0,1.0,1.0,1.0,0.907608695652174,0.08695652173913043,0.005434782608695652,0.5027253718248436,0.1357142857142857,0.1357142857142857,0.7142857142857143,0.9991507400788214,0.048901634846532815,100.0,0.007018303766492193,1.0,0.007018303766492193,nan,nan,nan,nan,nan,nan,nan,nan,nan,nan,nan,0.4778977185165416,0.4289960836700088,2.6527651553797744,20,20,5.2468156814575195
1228,,0.45255254833760467,0.030170169889173645,0.2736700475215912,1.0,1.0,1.0,1.0,0.0,0.8939393939393939,0.10606060606060606,0.0,0.49356900461018083,0.19333333333333333,0.19333333333333333,0.6,0.9987408108093386,0.05045961107679381,0.0,0.0,0.0,0.0,nan,nan,nan,nan,nan,nan,nan,nan,nan,nan,nan,0.4761646678924542,0.4257050568156604,2.717693902547704,20,20,4.337247848510742
1229,,0.4512072822301424,0.03222909158786731,0.2569348096847534,1.0,1.0,1.0,1.0,0.0,0.9408866995073891,0.059113300492610835,0.0,0.5018887018518788,0.15,0.15,0.21428571428571427,0.9990735590043528,0.051102901193543215,0.0,0.0,0.0,0.0,nan,nan,nan,nan,nan,nan,nan,nan,nan,nan,nan,0.4718825809848342,0.420779679791291,2.7340300302399925,20,20,4.4689860343933105
1230,,0.446146258488919,0.029743083899261266,0.2087142914533615,1.0,1.0,1.0,1.0,0.0,0.8809523809523809,0.11904761904761904,0.0,0.5053013660013675,0.14,0.14,0.3333333333333333,0.9988421647317746,0.045824571419176674,0.0,0.0,0.0,0.0,nan,nan,nan,nan,nan,nan,nan,nan,nan,nan,nan,0.4682347770936779,0.4224102056745012,2.4790012343842958,20,20,2.8886218070983887
1231,,0.4500583241126494,0.02368728021645523,0.22229658663272858,1.0,1.0,1.0,1.0,1.0,0.8306010928961749,0.16393442622950818,0.00546448087431694,0.501851287582203,0.3026315789473684,0.3026315789473684,0.631578947368421,0.9987878721466052,0.06411736315657657,100.0,0.00656849178744548,1.0,0.00656849178744548,nan,nan,nan,nan,nan,nan,nan,nan,nan,nan,nan,0.4734647271246484,0.4093473639680718,2.4789939706382413,20,20,3.787961483001709
1232,,0.44905285228975644,0.028065803268109778,0.34894235134124757,1.0,1.0,1.0,1.0,0.0,0.8880597014925373,0.11194029850746269,0.0,0.49409186460543425,0.15,0.15,0.125,0.9989408330020434,0.0520305568435121,0.0,0.0,0.0,0.0,nan,nan,nan,nan,nan,nan,nan,nan,nan,nan,nan,0.46995409217737616,0.41792353533386406,2.419484181282378,20,20,2.316422939300537
1233,,0.4594333249860902,0.03281666607043501,0.45297451615333556,1.0,1.0,1.0,1.0,1.0,0.8814432989690721,0.1134020618556701,0.005154639175257732,0.4935081479272672,0.16428571428571428,0.16428571428571428,0.2857142857142857,0.9993521282684162,0.03671969147580345,0.0,-0.030831525863142223,0.0,0.0,nan,nan,nan,nan,nan,nan,nan,nan,nan,nan,nan,0.47605584787714295,0.4393361564013395,2.8323109635947237,20,20,3.4969499111175537
1234,,0.44831789585228865,0.032022706846592044,0.26158387064933775,1.0,1.0,1.0,1.0,1.0,0.8702290076335878,0.12213740458015267,0.007633587786259542,0.5041804893474494,0.07857142857142857,0.07857142857142857,0.35714285714285715,0.998769764293589,0.05615304574662455,100.0,0.011889296034333745,1.0,0.011889296034333745,nan,nan,nan,nan,nan,nan,nan,nan,nan,nan,nan,0.48025440960626575,0.4241013638596412,2.639586085281767,20,20,2.146836280822754
1235,,0.4373599421166857,0.024297774562038094,0.32845460176467894,1.0,1.0,1.0,1.0,0.0,0.9028571428571428,0.09714285714285714,0.0,0.4994534853017992,0.1111111111111111,0.1111111111111111,0.5,0.9978680664221559,0.06712993799035039,0.0,0.0,0.0,0.0,nan,nan,nan,nan,nan,nan,nan,nan,nan,nan,nan,0.47628097440969275,0.40915103641934236,2.5664463465328793,20,20,4.199482440948486
1236,,0.44237038690287744,0.02764814918142984,0.19371012449264527,1.0,1.0,1.0,1.0,0.0,0.9076923076923077,0.09230769230769231,0.0,0.5003616383532062,0.146875,0.146875,0.625,0.997791612121452,0.08809786719717033,0.0,0.0,0.0,0.0,nan,nan,nan,nan,nan,nan,nan,nan,nan,nan,nan,0.4759844528566519,0.3878865856594816,2.5862895480561834,20,20,3.0216217041015625
1237,,0.44914933550335634,0.037429111291946364,0.15984621047973632,1.0,1.0,1.0,1.0,0.0,0.9035087719298246,0.09649122807017543,0.0,0.4990141939992706,0.1375,0.1375,0.16666666666666666,0.9990607707956428,0.047836027966766836,0.0,0.0,0.0,0.0,nan,nan,nan,nan,nan,nan,nan,nan,nan,nan,nan,0.47030969620911217,0.42247366824234533,2.758174134990473,20,20,1.896092414855957
1238,,0.45425600929938764,0.02163123853806608,0.22244779467582704,1.0,1.0,1.0,1.0,0.0,0.8131868131868132,0.18681318681318682,0.0,0.49917100218922966,0.2,0.2,0.3333333333333333,0.9988326161913547,0.05375543152344753,0.0,0.0,0.0,0.0,nan,nan,nan,nan,nan,nan,nan,nan,nan,nan,nan,0.4726758196321109,0.4189203881086634,2.5859927458278884,20,20,4.060157060623169
1239,,0.4550156390902972,0.02275078195451486,0.263772052526474,1.0,1.0,1.0,1.0,0.0,0.8153846153846154,0.18461538461538463,0.0,0.5031825661938637,0.185,0.185,0.6,0.9980041011822246,0.0725637682370433,0.0,0.0,0.0,0.0,nan,nan,nan,nan,nan,nan,nan,nan,nan,nan,nan,0.48160519252752476,0.40904142429048146,2.516825258710626,20,20,4.0909154415130615
1240,,0.4421974548689753,0.0315855324906411,0.8197870254516602,1.0,1.0,1.0,1.0,1.0,0.8466257668711656,0.147239263803681,0.006134969325153374,0.5044548216142825,0.14642857142857144,0.14642857142857144,1.1428571428571428,0.9994651555875348,0.04070981214903313,0.0,-0.06459102696301895,0.0,0.0,nan,nan,nan,nan,nan,nan,nan,nan,nan,nan,nan,0.4673622928219941,0.42665248067296097,2.6280831721623996,20,20,4.306257724761963
1241,,0.45401910385884703,0.026707006109343942,0.2673611670732498,1.0,1.0,1.0,1.0,0.0,0.8282828282828283,0.1717171717171717,0.0,0.5079501432750155,0.20588235294117646,0.20588235294117646,1.1176470588235294,0.9986541181398302,0.06498829355165253,0.0,0.0,0.0,0.0,nan,nan,nan,nan,nan,nan,nan,nan,nan,nan,nan,0.4859111279741318,0.42092283442247924,2.5439331675228205,20,20,4.37629508972168
1242,,-0.5269859495456375,0.0015767135015145415,2.2027875423431396,0.9,0.9,0.9,0.9657534246575342,0.0,0.8192771084337349,0.18072289156626506,0.0,0.5011443287075187,0.005333333333333333,0.005333333333333333,0.04,0.8040074294447291,1.1793724194445026,0.0,0.0,0.0,0.0,nan,nan,nan,nan,nan,nan,nan,nan,nan,nan,nan,0.8890984395250263,-0.2902739799194763,2.537853398243715,20,20,22.433732509613037
1243,,0.45388554145904847,0.02836784634119053,1.3065943479537965,1.0,1.0,1.0,1.0,0.0,0.8556701030927835,0.14432989690721648,0.0,0.49977657103445383,0.221875,0.221875,1.1875,0.9980210197724069,0.07397704823135426,0.0,0.0,0.0,0.0,nan,nan,nan,nan,nan,nan,nan,nan,nan,nan,nan,0.4781084585353397,0.4041314103039854,2.662083795247054,20,20,4.144209861755371
1244,,0.4472734823883567,0.03194810588488262,1.5416215181350708,1.0,1.0,1.0,1.0,0.0,0.7703703703703704,0.22962962962962963,0.0,0.4828173268320305,0.14285714285714285,0.14285714285714285,1.0,0.9989122180687399,0.05064219257654057,0.0,0.0,0.0,0.0,nan,nan,nan,nan,nan,nan,nan,nan,nan,nan,nan,0.4698623418098355,0.4192201492332949,2.4457854397173455,20,20,2.6269733905792236
1245,,-0.6151385063718813,0.0012828716454270626,4.635514831542968,0.9,0.9,0.9,0.9625,0.0,0.825,0.175,0.0,0.4991829862363326,0.0085,0.0085,0.04666666666666667,0.8010299102337488,0.7536128383254674,0.0,0.0,0.0,0.0,nan,nan,nan,nan,nan,nan,nan,nan,nan,nan,nan,0.47018262811539174,-0.28343021021007564,2.3476914570999794,20,20,29.723453998565674
1246,,0.45130951295864813,0.03471611638143447,2.546163320541382,1.0,1.0,1.0,1.0,0.0,0.8627450980392157,0.13725490196078433,0.0,0.5056743242992805,0.11538461538461539,0.11538461538461539,0.5384615384615384,0.9989877641656459,0.05462486315340748,0.0,0.0,0.0,0.0,nan,nan,nan,nan,nan,nan,nan,nan,nan,nan,nan,0.4737822217739969,0.41915735862058945,2.6938733852194194,20,20,2.565638303756714
1247,,0.4460413047006394,0.03431086959235688,1.924103021621704,1.0,1.0,1.0,1.0,0.0,0.8265895953757225,0.17341040462427745,0.0,0.4990007492928551,0.13076923076923078,0.13076923076923078,0.6153846153846154,0.9985728430291264,0.06197839940492306,0.0,0.0,0.0,0.0,nan,nan,nan,nan,nan,nan,nan,nan,nan,nan,nan,0.47166951122324186,0.4096911118183188,2.5158354796950455,20,20,3.3765387535095215
1248,,0.4614781631720299,0.03296272594085928,0.6493910908699035,1.0,1.0,1.0,1.0,1.0,0.8375634517766497,0.15736040609137056,0.005076142131979695,0.5005693693778345,0.17857142857142858,0.17857142857142858,1.1428571428571428,0.9991089451820802,0.04702835593935123,100.0,0.12590567298552538,1.0,0.12590567298552538,nan,nan,nan,nan,nan,nan,nan,nan,nan,nan,nan,0.48017552979728684,0.4331471738579356,2.7248061388900506,20,20,3.7610116004943848
1249,,0.43875057672369683,0.03375004436336129,0.17991674542427064,1.0,1.0,1.0,1.0,0.0,0.85,0.15,0.0,0.49351466451413356,0.10384615384615385,0.10384615384615385,0.0,0.9984233885524665,0.06337105963268547,0.0,0.0,0.0,0.0,nan,nan,nan,nan,nan,nan,nan,nan,nan,nan,nan,0.4694689083899847,0.4060978487572992,2.4630105144737917,20,20,1.937021017074585
1250,,0.4466433110869068,0.03435717777591591,0.2811708807945251,1.0,1.0,1.0,1.0,0.0,0.7910447761194029,0.208955223880597,0.0,0.5058895255510624,0.06923076923076923,0.06923076923076923,0.23076923076923078,0.9989945417109497,0.051125954530165385,0.0,0.0,0.0,0.0,nan,nan,nan,nan,nan,nan,nan,nan,nan,nan,nan,0.4751706808617951,0.4240447263316297,2.787246594086431,20,20,2.1436946392059326
1251,,0.455827561313123,0.030388504087541533,0.33448092341423036,1.0,1.0,1.0,1.0,0.0,0.8333333333333334,0.16666666666666666,0.0,0.48922321464323126,0.17,0.17,1.2666666666666666,0.9989643516515461,0.05087801497465205,0.0,0.0,0.0,0.0,nan,nan,nan,nan,nan,nan,nan,nan,nan,nan,nan,0.4733039924430031,0.42242597746835103,2.9441383350498724,20,20,4.182889223098755
1252,,0.44224631543244897,0.03158902253088921,0.25623364746570587,1.0,1.0,1.0,1.0,1.0,0.852112676056338,0.14084507042253522,0.007042253521126761,0.493055747688881,0.16785714285714284,0.16785714285714284,0.6428571428571429,0.998350561521202,0.0587096760685204,0.0,-0.1295597463066147,0.0,0.0,nan,nan,nan,nan,nan,nan,nan,nan,nan,nan,nan,0.4712135062261989,0.4125038301576785,2.3764053990643457,20,20,2.8499622344970703
1253,,0.45865789891728825,0.03057719326115255,0.7686186194419861,1.0,1.0,1.0,1.0,1.0,0.8432432432432433,0.14594594594594595,0.010810810810810811,0.5074953173846006,0.22333333333333333,0.22333333333333333,1.4666666666666666,0.9993741048279651,0.03999009463842934,100.0,0.05436159076110342,1.0,0.05436159076110342,nan,nan,nan,nan,nan,nan,nan,nan,nan,nan,nan,0.4738311776135361,0.43384108297510676,2.689559738840695,20,20,4.874602794647217
1254,,0.4460336582024074,0.02973557721349383,0.28264581561088564,1.0,1.0,1.0,1.0,0.0,0.8734939759036144,0.12650602409638553,0.0,0.5033478315919637,0.16333333333333333,0.16333333333333333,0.6666666666666666,0.9981534816198124,0.06779901371957858,0.0,0.0,0.0,0.0,nan,nan,nan,nan,nan,nan,nan,nan,nan,nan,nan,0.4720503940465661,0.40425138032698754,2.3135147318161606,20,20,3.5573246479034424
1255,,0.4478788202985792,0.026345812958739955,0.22290211617946626,1.0,1.0,1.0,1.0,0.0,0.9120879120879121,0.08791208791208792,0.0,0.506767047678723,0.16470588235294117,0.16470588235294117,0.47058823529411764,0.9978481119759699,0.09160103208411663,0.0,0.0,0.0,0.0,nan,nan,nan,nan,nan,nan,nan,nan,nan,nan,nan,0.4876219502574032,0.39602091817328655,2.4022101557214524,20,20,4.581045627593994
1256,,-0.5471010434184385,0.0015096631886052053,2.7756914615631105,0.95,0.95,0.95,0.993103448275862,0.0,0.8944099378881988,0.10559006211180125,0.0,0.5008520009741187,0.012333333333333333,0.012333333333333333,0.03333333333333333,0.8222429583803378,1.156864218742294,0.0,0.0,0.0,0.0,nan,nan,nan,nan,nan,nan,nan,nan,nan,nan,nan,0.9024340588752111,-0.25443015986708284,2.3928844243415193,20,20,25.65764284133911
1257,,0.4427652347353991,0.02330343340712627,0.5718560993671418,1.0,1.0,1.0,1.0,1.0,0.8630952380952381,0.13095238095238096,0.005952380952380952,0.5056377164431308,0.19210526315789472,0.19210526315789472,0.5263157894736842,0.9990755249083566,0.04297654613595142,100.0,0.0973252025568363,1.0,0.0973252025568363,nan,nan,nan,nan,nan,nan,nan,nan,nan,nan,nan,0.4660089230750801,0.42303237693912865,2.411717630353736,20,20,3.3429272174835205
1258,,-0.5698495179162343,0.001433834940279219,4.670467185974121,0.95,0.95,0.95,0.9895287958115183,0.0,0.9444444444444444,0.05555555555555555,0.0,0.49993944008943314,0.003833333333333333,0.003833333333333333,0.03,0.8396850609752459,1.1537418589444566,0.0,0.0,0.0,0.0,nan,nan,nan,nan,nan,nan,nan,nan,nan,nan,nan,0.8775292445534182,-0.2762126143910384,2.6234231772089616,20,20,25.830214262008667
1259,,0.44218530724959687,0.022109265362479844,0.8093107104301452,1.0,1.0,1.0,1.0,0.0,0.9104477611940298,0.08955223880597014,0.0,0.5018420076370239,0.12,0.12,0.2,0.9990137265960601,0.060419196205192205,0.0,0.0,0.0,0.0,nan,nan,nan,nan,nan,nan,nan,nan,nan,nan,nan,0.4682544107276352,0.407835214522443,2.452566056967296,20,20,2.9394540786743164
1260,,0.4473608652471183,0.02982405768314122,0.7430917263031006,1.0,1.0,1.0,1.0,0.0,0.8630952380952381,0.13690476190476192,0.0,0.5006845862915118,0.19666666666666666,0.19666666666666666,0.2,0.9985941183922413,0.060618523144698344,0.0,0.0,0.0,0.0,nan,nan,nan,nan,nan,nan,nan,nan,nan,nan,nan,0.475969380645186,0.41535085750048767,2.4881568514341437,20,20,3.1871488094329834
1261,,0.4516290947753678,0.026566417339727515,0.28127536475658416,1.0,1.0,1.0,1.0,1.0,0.8742857142857143,0.12,0.005714285714285714,0.5037574320155032,0.17941176470588235,0.17941176470588235,0.5294117647058824,0.9984354002510553,0.06461487873468585,100.0,0.00982048458602143,1.0,0.00982048458602143,nan,nan,nan,nan,nan,nan,nan,nan,nan,nan,nan,0.47665147267420105,0.4120365939395152,2.6658940662305826,20,20,3.751805067062378
1262,,-0.4470822867196097,0.0018430590442679677,1.239691686630249,0.9,0.9,0.9,0.9417989417989417,1.0,0.875,0.11693548387096774,0.008064516129032258,0.4993914782671879,0.023666666666666666,0.023666666666666666,0.023333333333333334,0.7710917105537595,1.551822821512318,50.0,-0.009743924542859328,0.5,0.009564915563418402,nan,nan,nan,nan,nan,nan,nan,nan,nan,nan,nan,1.3100874243281353,-0.2417353971841827,2.4338924929843477,20,20,21.712340116500854
1263,,0.4513148256534548,0.028207176603340926,0.9089624166488648,1.0,1.0,1.0,1.0,0.0,0.8888888888888888,0.1111111111111111,0.0,0.5013519464060664,0.18125,0.18125,0.9375,0.9984048664957744,0.062051825482384804,0.0,0.0,0.0,0.0,nan,nan,nan,nan,nan,nan,nan,nan,nan,nan,nan,0.48363836042681446,0.42158653494442966,2.4784176529605118,20,20,3.6494503021240234
1264,,0.44548510002060115,0.023446584211610586,1.1550881624221803,1.0,1.0,1.0,1.0,0.0,0.8594594594594595,0.14054054054054055,0.0,0.5005533497780561,0.14736842105263157,0.14736842105263157,0.3684210526315789,0.9988249301945737,0.05461901751084852,0.0,0.0,0.0,0.0,nan,nan,nan,nan,nan,nan,nan,nan,nan,nan,nan,0.47466812565849503,0.4200491081476465,2.5599883286482967,20,20,3.9926846027374268
1265,,0.4431639852092106,0.029544265680614037,0.5697154045104981,1.0,1.0,1.0,1.0,0.0,0.9,0.1,0.0,0.4943215246001879,0.14666666666666667,0.14666666666666667,0.5333333333333333,0.9982649705656661,0.06040884601753177,0.0,0.0,0.0,0.0,nan,nan,nan,nan,nan,nan,nan,nan,nan,nan,nan,0.4689882366140976,0.40857939059656584,2.6954484883134064,20,20,3.3517470359802246
1266,,-0.47068071829174074,0.0017643976056941975,1.4534976482391357,0.95,0.95,0.95,0.9894179894179894,0.0,0.8540772532188842,0.14163090128755365,0.004291845493562232,0.5002252713100364,0.016,0.016,0.043333333333333335,0.7588674876738868,1.593670003278534,100.0,0.09637109818024711,1.0,0.09637109818024711,nan,nan,nan,nan,nan,nan,nan,nan,nan,nan,nan,1.3388364632626142,-0.2548335400159198,2.4106261508834725,20,20,22.552607536315918
1267,,0.43693731393558777,0.029129154262372517,2.3594558954238893,1.0,1.0,1.0,1.0,0.0,0.8923076923076924,0.1076923076923077,0.0,0.5087595009307067,0.1,0.1,0.06666666666666667,0.9986753613006433,0.06181781776470546,0.0,0.0,0.0,0.0,nan,nan,nan,nan,nan,nan,nan,nan,nan,nan,nan,0.4654783309610957,0.40366051319639024,2.505419141899141,20,20,2.2770731449127197
1268,,0.44142596468199047,0.0315304260487136,3.628323793411255,1.0,1.0,1.0,1.0,0.0,0.8958333333333334,0.10416666666666667,0.0,0.49696951404746087,0.13214285714285715,0.13214285714285715,0.07142857142857142,0.9990036958442462,0.0489513215409228,0.0,0.0,0.0,0.0,nan,nan,nan,nan,nan,nan,nan,nan,nan,nan,nan,0.4693894672498735,0.4204381457089507,2.3569422690053576,20,20,2.529247283935547
1269,,-0.5813545461099277,0.0013954848463002413,10.238837432861327,0.95,0.95,0.95,0.989010989010989,1.0,0.861878453038674,0.13259668508287292,0.0055248618784530384,0.5024364879236867,0.01,0.01,0.043333333333333335,0.8798903019768322,0.7351545032002951,100.0,0.06439165344891908,1.0,0.06439165344891908,nan,nan,nan,nan,nan,nan,nan,nan,nan,nan,nan,0.4836436180320483,-0.25151088516824677,2.5241952408054917,20,20,22.17733860015869
1270,,0.4450525451302002,0.02967016967534668,2.092674970626831,1.0,1.0,1.0,1.0,1.0,0.9090909090909091,0.08333333333333333,0.007575757575757576,0.4982008325556914,0.13666666666666666,0.13666666666666666,0.2,0.9993727470985433,0.038826666321955305,0.0,-0.008899933042211365,0.0,0.0,nan,nan,nan,nan,nan,nan,nan,nan,nan,nan,nan,0.4684517352837018,0.4296250689617465,2.622681159066347,20,20,2.299053192138672
1271,,-0.633234752790426,0.0012225508240319134,7.509456443786621,0.9,0.9,0.9,0.9746835443037974,0.0,0.9141104294478528,0.08588957055214724,0.0,0.5003163824564156,0.0045,0.0045,0.02666666666666667,0.7047808337076764,0.893171069774586,0.0,0.0,0.0,0.0,nan,nan,nan,nan,nan,nan,nan,nan,nan,nan,nan,0.4746154956834143,-0.41855557409117167,2.5349426036623353,20,20,30.396889209747314
1272,,0.4594452717860334,0.03534194398354103,1.0530307292938232,1.0,1.0,1.0,1.0,0.0,0.9308510638297872,0.06914893617021277,0.0,0.49844598684173363,0.14615384615384616,0.14615384615384616,0.5384615384615384,0.9989948761592351,0.046260881673097,0.0,0.0,0.0,0.0,nan,nan,nan,nan,nan,nan,nan,nan,nan,nan,nan,0.4813306329150891,0.4350697512419921,2.7434027243575527,20,20,3.0490915775299072
1273,,0.4454107661001568,0.03181505472143977,0.32986036539077757,1.0,1.0,1.0,1.0,0.0,0.9041916167664671,0.09580838323353294,0.0,0.5023102493690593,0.18214285714285713,0.18214285714285713,0.21428571428571427,0.9982148521388733,0.08383298788723842,0.0,0.0,0.0,0.0,nan,nan,nan,nan,nan,nan,nan,nan,nan,nan,nan,0.47911112762146635,0.39527813973422793,2.6066185785999303,20,20,3.1425998210906982
1274,,0.4447152673425653,0.034208866718658866,0.21759719550609588,1.0,1.0,1.0,1.0,0.0,0.9465648854961832,0.05343511450381679,0.0,0.5013858443269363,0.13076923076923078,0.13076923076923078,0.07692307692307693,0.998688335247176,0.06053684037279711,0.0,0.0,0.0,0.0,nan,nan,nan,nan,nan,nan,nan,nan,nan,nan,nan,0.4760001205282888,0.41546328015549167,2.694519808709418,20,20,2.2286574840545654
1275,,0.44557276318141065,0.034274827937031585,0.34582251906394956,1.0,1.0,1.0,1.0,0.0,0.9463087248322147,0.053691275167785234,0.0,0.4994652945978137,0.21153846153846154,0.21153846153846154,0.3076923076923077,0.9986243232852601,0.06556104925294781,0.0,0.0,0.0,0.0,nan,nan,nan,nan,nan,nan,nan,nan,nan,nan,nan,0.48342522924853054,0.41786417999558273,2.507625165351907,20,20,2.6711554527282715
1276,,0.4496635961107397,0.03458950739313382,0.2851639688014984,1.0,1.0,1.0,1.0,0.0,0.9712230215827338,0.02877697841726619,0.0,0.4990284562110901,0.11538461538461539,0.11538461538461539,0.15384615384615385,0.9991533697339472,0.04500399216156392,0.0,0.0,0.0,0.0,nan,nan,nan,nan,nan,nan,nan,nan,nan,nan,nan,0.4730551744282838,0.4280511822667199,2.5635926261770035,20,20,2.4152493476867676
1277,,0.44428132145762955,0.03417548626597151,0.2080735296010971,1.0,1.0,1.0,1.0,0.0,0.9571428571428572,0.04285714285714286,0.0,0.5042765251145913,0.1346153846153846,0.1346153846153846,0.15384615384615385,0.9989010105264211,0.05116883823261115,0.0,0.0,0.0,0.0,nan,nan,nan,nan,nan,nan,nan,nan,nan,nan,nan,0.4723659549017714,0.42119711666916027,2.592344297154319,20,20,2.41925048828125
1278,,0.43600563365313244,0.029067042243542163,0.19951506555080414,1.0,1.0,1.0,1.0,0.0,0.9483870967741935,0.05161290322580645,0.0,0.49814789285262423,0.13333333333333333,0.13333333333333333,0.0,0.9979726469787003,0.07297870244328708,0.0,0.0,0.0,0.0,nan,nan,nan,nan,nan,nan,nan,nan,nan,nan,nan,0.46588643467557095,0.39290773223228387,2.403188442196074,20,20,3.031754493713379
1279,,0.4476520565800034,0.023560634556842285,0.2465373694896698,1.0,1.0,1.0,1.0,0.0,0.9095744680851063,0.09042553191489362,0.0,0.496776504795018,0.22631578947368422,0.22631578947368422,0.21052631578947367,0.9988602086347371,0.05084621412323259,0.0,0.0,0.0,0.0,nan,nan,nan,nan,nan,nan,nan,nan,nan,nan,nan,0.47683724166491764,0.42599102754168505,2.5760781985113566,20,20,4.1588454246521
1280,,0.441965659090821,0.03683047159090175,0.21118903458118438,1.0,1.0,1.0,1.0,0.0,0.9420289855072463,0.057971014492753624,0.0,0.501647154117624,0.15833333333333333,0.15833333333333333,0.16666666666666666,0.9984577097281758,0.08882328953866775,0.0,0.0,0.0,0.0,nan,nan,nan,nan,nan,nan,nan,nan,nan,nan,nan,0.47753594962318086,0.3887126600845131,2.5261299842501788,20,20,1.9927265644073486
1281,,0.4489521070281256,0.04489521070281256,0.2237634003162384,1.0,1.0,1.0,1.0,0.0,0.9708029197080292,0.029197080291970802,0.0,0.49795470662415026,0.035,0.035,0.7,0.9992759906714718,0.04827055680996617,0.0,0.0,0.0,0.0,nan,nan,nan,nan,nan,nan,nan,nan,nan,nan,nan,0.47203010621240665,0.4237595494024405,2.763445517511385,20,20,3.7712972164154053
1282,,0.4888761146289985,0.021255483244739064,0.5332882285118103,1.0,1.0,1.0,1.0,0.0,0.9666666666666667,0.03333333333333333,0.0,0.4999057108293409,0.04565217391304348,0.04565217391304348,0.17391304347826086,0.9279189780581086,0.4802030214529878,0.0,0.0,0.0,0.0,nan,nan,nan,nan,nan,nan,nan,nan,nan,nan,nan,0.9059669522723766,0.42576393081938874,2.634149873603727,20,20,2.9640238285064697
1283,,0.4543800151297971,0.025243334173877616,0.4570798993110657,1.0,1.0,1.0,1.0,0.0,0.9203980099502488,0.07960199004975124,0.0,0.4992760259865059,0.30277777777777776,0.30277777777777776,0.16666666666666666,0.9986939645841939,0.0639134753350889,0.0,0.0,0.0,0.0,nan,nan,nan,nan,nan,nan,nan,nan,nan,nan,nan,0.4783850869962717,0.4144716116611828,2.302829706282222,20,20,4.502699375152588
1284,,0.45229088080197344,0.02261454404009867,0.15882525444030762,1.0,1.0,1.0,1.0,0.0,0.9257142857142857,0.07428571428571429,0.0,0.502306706859963,0.3525,0.3525,0.25,0.9978591594328755,0.09263063330201132,0.0,0.0,0.0,0.0,nan,nan,nan,nan,nan,nan,nan,nan,nan,nan,nan,0.47870111553325884,0.3860704822312475,2.301042312521344,20,20,4.440399169921875
1285,,0.45146319956961833,0.030097546637974554,0.21551007330417632,1.0,1.0,1.0,1.0,0.0,0.9444444444444444,0.05555555555555555,0.0,0.4980815436070164,0.18666666666666668,0.18666666666666668,0.06666666666666667,0.9987274065587756,0.061634441407120266,0.0,0.0,0.0,0.0,nan,nan,nan,nan,nan,nan,nan,nan,nan,nan,nan,0.47893367259597847,0.4172992311888582,2.6605022764990722,20,20,3.283938407897949
1286,,0.44007552166017844,0.031433965832869885,0.24428203999996184,1.0,1.0,1.0,1.0,0.0,0.93125,0.06875,0.0,0.5025029445599233,0.28214285714285714,0.28214285714285714,0.35714285714285715,0.9977780295835759,0.07159748766729218,0.0,0.0,0.0,0.0,nan,nan,nan,nan,nan,nan,nan,nan,nan,nan,nan,0.4697549769413823,0.3981574892740901,2.280307845340723,20,20,3.7469723224639893
1287,,0.4717054526993306,0.029481590793708164,0.47449677586555483,1.0,1.0,1.0,1.0,0.0,0.9021739130434783,0.09782608695652174,0.0,0.49982184142572805,0.2125,0.2125,0.5,0.9616901643578745,0.4635009628548078,0.0,0.0,0.0,0.0,nan,nan,nan,nan,nan,nan,nan,nan,nan,nan,nan,0.8716396941215334,0.4081387312667256,2.377396337313505,20,20,3.6227259635925293
1288,,0.4488855997215302,0.021375504748644296,0.41593884229660033,1.0,1.0,1.0,1.0,0.0,0.9297297297297298,0.07027027027027027,0.0,0.5033981978361096,0.25476190476190474,0.25476190476190474,0.19047619047619047,0.9981765006031276,0.06002952922163052,0.0,0.0,0.0,0.0,nan,nan,nan,nan,nan,nan,nan,nan,nan,nan,nan,0.4788862971833073,0.41885676796167676,2.417105330532531,20,20,4.053535461425781
1289,,0.4506201658882508,0.03218715470630363,0.291310977935791,1.0,1.0,1.0,1.0,0.0,0.9739130434782609,0.02608695652173913,0.0,0.49942654230232747,0.12142857142857143,0.12142857142857143,0.2857142857142857,0.9990385190976222,0.053458936781379696,0.0,0.0,0.0,0.0,nan,nan,nan,nan,nan,nan,nan,nan,nan,nan,nan,0.47241418031420906,0.41895524353282937,2.534685288841097,20,20,1.8064985275268555
1290,,0.45172168369754984,0.03226583454982499,0.2604572832584381,1.0,1.0,1.0,1.0,0.0,0.9324324324324325,0.06756756756756757,0.0,0.4992588933557272,0.20357142857142857,0.20357142857142857,0.35714285714285715,0.9983563389736446,0.06458569261786856,0.0,0.0,0.0,0.0,nan,nan,nan,nan,nan,nan,nan,nan,nan,nan,nan,0.48626934735515226,0.4216836547372837,2.5491345983704288,20,20,2.709137439727783
1291,,0.46630454845010993,0.017270538831485552,0.4635524332523346,1.0,1.0,1.0,1.0,1.0,0.9417989417989417,0.05291005291005291,0.005291005291005291,0.5033844301959982,0.1388888888888889,0.1388888888888889,0.2222222222222222,0.9565331096273098,0.47521586846018166,100.0,0.16655638909551124,1.0,0.16655638909551124,nan,nan,nan,nan,nan,nan,nan,nan,nan,nan,nan,0.8952862838571514,0.4200704153969697,2.494767868548561,20,20,4.39867377281189
1292,,0.44434178470761315,0.034180137285201015,0.8548456192016601,1.0,1.0,1.0,1.0,0.0,0.9407407407407408,0.05925925925925926,0.0,0.5008162232545706,0.1076923076923077,0.1076923076923077,0.15384615384615385,0.9990591982845638,0.050017411106480725,0.0,0.0,0.0,0.0,nan,nan,nan,nan,nan,nan,nan,nan,nan,nan,nan,0.4712039184594565,0.42118650735297575,2.601994156095082,20,20,2.203267812728882
1293,,0.455329550153746,0.0227664775076873,0.3344115078449249,1.0,1.0,1.0,1.0,0.0,0.95,0.05,0.0,0.5013518396019936,0.1175,0.1175,0.1,0.9989883436029557,0.04827880331794787,0.0,0.0,0.0,0.0,nan,nan,nan,nan,nan,nan,nan,nan,nan,nan,nan,0.47547508078154205,0.4271962774635942,2.590029365667942,20,20,4.134628772735596
1294,,0.4464739600346621,0.029764930668977473,0.30440988540649416,1.0,1.0,1.0,1.0,0.0,0.9411764705882353,0.058823529411764705,0.0,0.5007989320158959,0.13333333333333333,0.13333333333333333,0.4,0.9982912980900549,0.06133555038554739,0.0,0.0,0.0,0.0,nan,nan,nan,nan,nan,nan,nan,nan,nan,nan,nan,0.4715701534694846,0.4102346030839372,2.511441728483235,20,20,2.2849161624908447
1295,,0.4527019961331722,0.03018013307554481,0.27576853036880494,1.0,1.0,1.0,1.0,0.0,0.9052631578947369,0.09473684210526316,0.0,0.4999479712545872,0.17,0.17,1.0,0.998346686399445,0.06838775138677894,0.0,0.0,0.0,0.0,nan,nan,nan,nan,nan,nan,nan,nan,nan,nan,nan,0.48304333310613956,0.4146555817193606,2.6495519151587947,20,20,4.123969078063965
1296,,0.4485702838666709,0.032040734561905065,0.2089466094970703,1.0,1.0,1.0,1.0,0.0,0.912,0.088,0.0,0.5010959508695773,0.13214285714285715,0.13214285714285715,0.5714285714285714,0.9992266362449277,0.04669166924395224,0.0,0.0,0.0,0.0,nan,nan,nan,nan,nan,nan,nan,nan,nan,nan,nan,0.46574642891134427,0.41905475966739203,2.4908377499649275,20,20,2.1557066440582275
1297,,0.4449988024780991,0.029666586831873273,0.18144852817058563,1.0,1.0,1.0,1.0,0.0,0.9226190476190477,0.07738095238095238,0.0,0.5023696705947319,0.17333333333333334,0.17333333333333334,0.4666666666666667,0.9983891529981468,0.06723177778806744,0.0,0.0,0.0,0.0,nan,nan,nan,nan,nan,nan,nan,nan,nan,nan,nan,0.4732277898484959,0.40599601206042846,2.2958898111265933,20,20,3.5571634769439697
1298,,0.45036799545959305,0.034643691958430235,0.2666261732578278,1.0,1.0,1.0,1.0,0.0,0.9194630872483222,0.08053691275167785,0.0,0.49730977427500944,0.08846153846153847,0.08846153846153847,0.46153846153846156,0.9990195695577052,0.05506851476788144,0.0,0.0,0.0,0.0,nan,nan,nan,nan,nan,nan,nan,nan,nan,nan,nan,0.4818887663636005,0.42682025159571907,2.6306099859387744,20,20,2.300555944442749
1299,,-0.5886198438396529,0.001371267187201157,8.191084098815917,0.95,0.95,0.95,0.9876543209876543,0.0,0.8819875776397516,0.11801242236024845,0.0,0.5023357867518595,0.010333333333333333,0.010333333333333333,0.04,0.8764239526284461,0.7356592283460733,0.0,0.0,0.0,0.0,nan,nan,nan,nan,nan,nan,nan,nan,nan,nan,nan,0.47765242971452615,-0.2580067986315472,2.2786204145730378,20,20,29.92516040802002
1300,,0.4452075046678498,0.029680500311189986,1.848973035812378,1.0,1.0,1.0,1.0,0.0,0.8954248366013072,0.10457516339869281,0.0,0.5023425718396902,0.12,0.12,0.26666666666666666,0.998801032379862,0.05767197693922482,0.0,0.0,0.0,0.0,nan,nan,nan,nan,nan,nan,nan,nan,nan,nan,nan,0.47760223574442034,0.4199302588051955,2.9041490467912876,20,20,2.7373013496398926
1301,,0.503584140112858,0.016244649681059938,0.5444735169410706,1.0,1.0,1.0,1.0,0.0,0.8809523809523809,0.11904761904761904,0.0,0.4983636183844459,0.20161290322580644,0.20161290322580644,0.22580645161290322,0.9323812446023947,0.49246604291936763,0.0,0.0,0.0,0.0,nan,nan,nan,nan,nan,nan,nan,nan,nan,nan,nan,0.9212110158258513,0.42874497290648367,2.311912443606027,20,20,4.981573581695557
1302,,0.4539052235972764,0.026700307270428023,0.3908441364765167,1.0,1.0,1.0,1.0,0.0,0.8743169398907104,0.12568306010928962,0.0,0.5089183399563326,0.25588235294117645,0.25588235294117645,0.5882352941176471,0.9981274592498286,0.07089963523679826,0.0,0.0,0.0,0.0,nan,nan,nan,nan,nan,nan,nan,nan,nan,nan,nan,0.48989589942423056,0.4189962641874323,2.6411907602276705,20,20,3.5493252277374268
1303,,0.4510143398311471,0.026530255284185122,0.41573001742362975,1.0,1.0,1.0,1.0,0.0,0.8430232558139535,0.1569767441860465,0.0,0.5011949643711834,0.2235294117647059,0.2235294117647059,0.35294117647058826,0.9993872009468544,0.043583077518061064,0.0,0.0,0.0,0.0,nan,nan,nan,nan,nan,nan,nan,nan,nan,nan,nan,0.47043989725227153,0.42685681973421047,2.5697519098354165,20,20,3.6501095294952393
1304,,0.446091192170993,0.03717426601424942,0.16885852813720703,1.0,1.0,1.0,1.0,0.0,0.8888888888888888,0.1111111111111111,0.0,0.498513775318861,0.10833333333333334,0.10833333333333334,0.4166666666666667,0.9984800469087741,0.07530810139354371,0.0,0.0,0.0,0.0,nan,nan,nan,nan,nan,nan,nan,nan,nan,nan,nan,0.4664941858736611,0.3911860844801174,2.604470466842559,20,20,3.2306370735168457
1305,,0.4536820388546389,0.02062191085702904,0.17470745444297792,1.0,1.0,1.0,1.0,0.0,0.8296703296703297,0.17032967032967034,0.0,0.5008528597822244,0.22727272727272727,0.22727272727272727,0.6818181818181818,0.9979167444256611,0.07992028004851165,0.0,0.0,0.0,0.0,nan,nan,nan,nan,nan,nan,nan,nan,nan,nan,nan,0.4797744684952548,0.39985418844674314,2.596024295930478,20,20,4.176112651824951
1306,,0.45982322777679857,0.02189634417984755,0.24138176143169404,1.0,1.0,1.0,1.0,0.0,0.8518518518518519,0.14814814814814814,0.0,0.5009795239904806,0.22142857142857142,0.22142857142857142,0.5714285714285714,0.9989795808481658,0.04743185088122431,0.0,0.0,0.0,0.0,nan,nan,nan,nan,nan,nan,nan,nan,nan,nan,nan,0.47723764800776075,0.42980579712653644,2.631388746902444,20,20,4.271328687667847
1307,,0.4430525209999978,0.027690782562499863,0.3018633544445038,1.0,1.0,1.0,1.0,0.0,0.8571428571428571,0.14285714285714285,0.0,0.4943861926905811,0.078125,0.078125,0.3125,0.9990704366017163,0.05100757900624403,0.0,0.0,0.0,0.0,nan,nan,nan,nan,nan,nan,nan,nan,nan,nan,nan,0.4679395449970288,0.41693196599078475,2.8193294843565457,20,20,2.9103899002075195
1308,,0.4490690344891662,0.034543771883782014,0.44079800844192507,1.0,1.0,1.0,1.0,0.0,0.8832116788321168,0.11678832116788321,0.0,0.4942711897767507,0.15384615384615385,0.15384615384615385,0.23076923076923078,0.9987715215397964,0.0617127243613661,0.0,0.0,0.0,0.0,nan,nan,nan,nan,nan,nan,nan,nan,nan,nan,nan,0.47370194559568807,0.41198922123432197,2.4821362947929813,20,20,2.329970598220825
1309,,0.4448644316495436,0.03177603083211026,0.2943576216697693,1.0,1.0,1.0,1.0,0.0,0.8787878787878788,0.12121212121212122,0.0,0.4991973766025954,0.13214285714285715,0.13214285714285715,0.07142857142857142,0.9979230012447428,0.08984530603282276,0.0,0.0,0.0,0.0,nan,nan,nan,nan,nan,nan,nan,nan,nan,nan,nan,0.4744092917827327,0.38456398574990996,2.560635687614136,20,20,2.2002220153808594
1310,,0.44785192973284854,0.03732099414440405,0.30745697021484375,1.0,1.0,1.0,1.0,0.0,0.9416058394160584,0.058394160583941604,0.0,0.49854623936116693,0.12916666666666668,0.12916666666666668,0.5833333333333334,0.9992879327980868,0.05299117984768098,0.0,0.0,0.0,0.0,nan,nan,nan,nan,nan,nan,nan,nan,nan,nan,nan,0.4718959686036916,0.4189047887560106,2.6024161019009813,20,20,2.031266212463379
1311,,0.4376731804086772,0.0336671677237444,0.20600923001766205,1.0,1.0,1.0,1.0,0.0,0.9069767441860465,0.09302325581395349,0.0,0.49606190944233763,0.16153846153846155,0.16153846153846155,0.38461538461538464,0.9977761380172924,0.08020643637476754,0.0,0.0,0.0,0.0,nan,nan,nan,nan,nan,nan,nan,nan,nan,nan,nan,0.4771239985096092,0.39691756213484164,2.2463037487220205,20,20,2.167685031890869
1312,,0.44350916555656184,0.027719322847285115,0.2899595618247986,1.0,1.0,1.0,1.0,0.0,0.9111111111111111,0.08888888888888889,0.0,0.5021202218835242,0.153125,0.153125,0.5625,0.9979419598701009,0.0903292852745411,0.0,0.0,0.0,0.0,nan,nan,nan,nan,nan,nan,nan,nan,nan,nan,nan,0.49155746508049825,0.40122817980595715,2.5446456431738933,20,20,3.0489745140075684
1313,,0.44284834316768973,0.03163202451197784,0.24092069566249846,1.0,1.0,1.0,1.0,1.0,0.8786127167630058,0.10404624277456648,0.017341040462427744,0.5004167811678989,0.14285714285714285,0.14285714285714285,0.5,0.9985022517014321,0.06899359860147292,100.0,0.08526003730942704,1.0,0.08526003730942704,nan,nan,nan,nan,nan,nan,nan,nan,nan,nan,nan,0.4733121933328867,0.4043185947314138,2.637652027716127,20,20,3.179353952407837
1314,,-0.35065530837113745,0.002164482305429542,0.8160882472991944,0.95,0.95,0.95,0.9939759036144579,1.0,0.8490566037735849,0.1471698113207547,0.0037735849056603774,0.5017958440128714,0.0075,0.0075,0.02,0.6522707117014026,2.0492836928550733,100.0,0.08959376220498613,1.0,0.08959376220498613,nan,nan,nan,nan,nan,nan,nan,nan,nan,nan,nan,1.7751236490278957,-0.27416004382717757,2.5836500485596856,20,20,20.88738226890564
1315,,0.4494986570045032,0.02809366606278145,0.7710126042366028,1.0,1.0,1.0,1.0,0.0,0.8656716417910447,0.13432835820895522,0.0,0.5032504593720659,0.121875,0.121875,0.375,0.9982736192325941,0.0711724051756103,0.0,0.0,0.0,0.0,nan,nan,nan,nan,nan,nan,nan,nan,nan,nan,nan,0.4848489420628596,0.4136765368872493,2.59192182171026,20,20,2.490797758102417
1316,,0.4459918436849982,0.03430706489884602,0.7403151035308838,1.0,1.0,1.0,1.0,1.0,0.8529411764705882,0.13970588235294118,0.007352941176470588,0.5002326772476618,0.1,0.1,0.6153846153846154,0.9980927261730742,0.0751917550023698,0.0,-0.0011693329467153402,0.0,0.0,nan,nan,nan,nan,nan,nan,nan,nan,nan,nan,nan,0.48423927724645394,0.40904752224408414,2.719333296923701,20,20,2.3899459838867188
1317,,0.45950994824353825,0.02871937176522114,0.5305524945259095,1.0,1.0,1.0,1.0,0.0,0.8235294117647058,0.17647058823529413,0.0,0.5142304626759142,0.21875,0.21875,1.0625,0.9994743258026171,0.03634460200545275,0.0,0.0,0.0,0.0,nan,nan,nan,nan,nan,nan,nan,nan,nan,nan,nan,0.47398168655289885,0.4376370845474461,2.6122321377510054,20,20,4.092897653579712
1318,,0.44913181583472894,0.019527470253683867,0.2278085470199585,1.0,1.0,1.0,1.0,0.0,0.8359788359788359,0.164021164021164,0.0,0.503167657116833,0.22608695652173913,0.22608695652173913,0.7391304347826086,0.9987478708130365,0.05149870508947024,0.0,0.0,0.0,0.0,nan,nan,nan,nan,nan,nan,nan,nan,nan,nan,nan,0.47184723359827313,0.4203485285088029,2.4209725604786083,20,20,4.386496543884277
1319,,0.45433484180448547,0.03494883398496042,0.32161701917648317,1.0,1.0,1.0,1.0,0.0,0.8741721854304636,0.12582781456953643,0.0,0.5007422166948136,0.1423076923076923,0.1423076923076923,0.46153846153846156,0.999230522812154,0.04265860298377089,0.0,0.0,0.0,0.0,nan,nan,nan,nan,nan,nan,nan,nan,nan,nan,nan,0.47256826868314844,0.42990966569937755,2.6693431400831806,20,20,2.9813623428344727
1320,,0.45577919702780006,0.028486199814237504,0.3312020242214203,1.0,1.0,1.0,1.0,1.0,0.8715083798882681,0.12290502793296089,0.00558659217877095,0.5079116512060864,0.334375,0.334375,0.9375,0.9989121400459067,0.049109735110206054,100.0,0.06485100913234429,1.0,0.06485100913234429,nan,nan,nan,nan,nan,nan,nan,nan,nan,nan,nan,0.47806036343413927,0.4289506283239332,2.4828700011357365,20,20,3.4030890464782715
1321,,-0.58620409041547,0.0013793196986151002,8.366564178466797,0.95,0.95,0.95,0.9802955665024631,0.0,0.875,0.125,0.0,0.49947535555716605,0.007333333333333333,0.007333333333333333,0.043333333333333335,0.8723205322158696,0.7451416824656538,0.0,0.0,0.0,0.0,nan,nan,nan,nan,nan,nan,nan,nan,nan,nan,nan,0.472744818527786,-0.2723968639378679,2.4290018891675067,20,20,33.16571855545044
1322,,0.4531890229852382,0.026658177822661073,0.8445235013961792,1.0,1.0,1.0,1.0,0.0,0.8638743455497382,0.13612565445026178,0.0,0.4982972986777039,0.17058823529411765,0.17058823529411765,0.5882352941176471,0.9985130617519703,0.07196477114174804,0.0,0.0,0.0,0.0,nan,nan,nan,nan,nan,nan,nan,nan,nan,nan,nan,0.4794457566599755,0.4074809855182275,2.719077686501682,20,20,4.140388488769531
1323,,0.4505032469391094,0.03465409591839303,0.6382974028587342,1.0,1.0,1.0,1.0,0.0,0.9057971014492754,0.09420289855072464,0.0,0.5065977552619118,0.11538461538461539,0.11538461538461539,0.38461538461538464,0.9989784447866074,0.05991986947678579,0.0,0.0,0.0,0.0,nan,nan,nan,nan,nan,nan,nan,nan,nan,nan,nan,0.47587016336495835,0.41595029388817256,2.6304310555655324,20,20,2.0812015533447266
1324,,0.44018739845738164,0.036682283204781806,0.5481864929199218,1.0,1.0,1.0,1.0,0.0,0.8760330578512396,0.12396694214876033,0.0,0.5094127641369899,0.125,0.125,0.25,0.99828510614112,0.07043544112156724,0.0,0.0,0.0,0.0,nan,nan,nan,nan,nan,nan,nan,nan,nan,nan,nan,0.4720486143731304,0.40161317325156315,2.4693890220708554,20,20,1.847961664199829
1325,,0.4530857107370996,0.028317856921068724,0.35371763110160825,1.0,1.0,1.0,1.0,0.0,0.819672131147541,0.18032786885245902,0.0,0.5018468416761607,0.33125,0.33125,1.25,0.9975784726620794,0.08184123748016442,0.0,0.0,0.0,0.0,nan,nan,nan,nan,nan,nan,nan,nan,nan,nan,nan,0.4826537168391577,0.4008124793589933,2.4363589566207273,20,20,3.691664218902588
1326,,0.4597869191427359,0.025543717730151995,0.28005053400993346,1.0,1.0,1.0,1.0,0.0,0.8697916666666666,0.13020833333333334,0.0,0.4980227136777507,0.32222222222222224,0.32222222222222224,1.1111111111111112,0.997598494166741,0.08800486899904186,0.0,0.0,0.0,0.0,nan,nan,nan,nan,nan,nan,nan,nan,nan,nan,nan,0.4864991799029974,0.39849431090395554,2.6275500439895296,20,20,3.9479665756225586
1327,,0.44106620315544937,0.029404413543696623,0.2974494814872742,1.0,1.0,1.0,1.0,0.0,0.8571428571428571,0.14285714285714285,0.0,0.5059036691486836,0.15,0.15,0.3333333333333333,0.9972780673900588,0.10810069782330767,0.0,0.0,0.0,0.0,nan,nan,nan,nan,nan,nan,nan,nan,nan,nan,nan,0.47281459218658556,0.3647138943632779,2.4038137372078863,20,20,3.468200445175171
1328,,0.4476316097728206,0.03443320075175543,0.36859278082847596,1.0,1.0,1.0,1.0,0.0,0.8345323741007195,0.16546762589928057,0.0,0.5000165430112526,0.1576923076923077,0.1576923076923077,1.0769230769230769,0.9979893729969971,0.07803231309993741,0.0,0.0,0.0,0.0,nan,nan,nan,nan,nan,nan,nan,nan,nan,nan,nan,0.4778787654155213,0.3998464523155839,2.6177510174564014,20,20,2.1922731399536133
1329,,0.4713837622833094,0.017458657862344792,0.5300515651702881,1.0,1.0,1.0,1.0,0.0,0.8478260869565217,0.15217391304347827,0.0,0.5052923283022311,0.14814814814814814,0.14814814814814814,0.4074074074074074,0.956221914517435,0.4864523760843292,0.0,0.0,0.0,0.0,nan,nan,nan,nan,nan,nan,nan,nan,nan,nan,nan,0.9055260196641669,0.41907364357983773,2.467908552300033,20,20,3.7180793285369873
1330,,0.43686092043118113,0.043686092043118116,0.22202908992767334,1.0,1.0,1.0,1.0,0.0,0.940677966101695,0.059322033898305086,0.0,0.5013460020162165,0.075,0.075,0.5,0.9987549561719568,0.06784117354561175,0.0,0.0,0.0,0.0,nan,nan,nan,nan,nan,nan,nan,nan,nan,nan,nan,0.45961408453925356,0.3917729109936418,2.6020120879780575,20,20,1.4715995788574219
1331,,0.4446533051533834,0.02470296139741019,0.41431055665016175,1.0,1.0,1.0,1.0,0.0,0.8842105263157894,0.11578947368421053,0.0,0.4984313462343481,0.17777777777777778,0.17777777777777778,0.8888888888888888,0.9986895309985582,0.050214570151125404,0.0,0.0,0.0,0.0,nan,nan,nan,nan,nan,nan,nan,nan,nan,nan,nan,0.46648844661695893,0.4162738764658335,2.405627018917512,20,20,7.07389760017395
1332,,0.4459000136770762,0.034300001052082786,0.3400604784488678,1.0,1.0,1.0,1.0,0.0,0.8805970149253731,0.11940298507462686,0.0,0.5029745547530743,0.1576923076923077,0.1576923076923077,0.7692307692307693,0.9983186384855254,0.08012641139936261,0.0,0.0,0.0,0.0,nan,nan,nan,nan,nan,nan,nan,nan,nan,nan,nan,0.4835650875531369,0.40343867615377427,2.753091669877727,20,20,2.4254443645477295
1333,,-0.5454006783084184,0.001515331072305272,2.4524417400360106,0.9,0.9,0.9,0.9777777777777777,0.0,0.8955223880597015,0.1044776119402985,0.0,0.5027034421476225,0.004666666666666667,0.004666666666666667,0.03666666666666667,0.8251973335999226,1.1628151330626997,0.0,0.0,0.0,0.0,nan,nan,nan,nan,nan,nan,nan,nan,nan,nan,nan,0.9051365764508481,-0.25767855661185163,2.6067573653664815,20,20,29.321754932403564
1334,,0.44631649086674685,0.027894780679171678,0.776971960067749,1.0,1.0,1.0,1.0,0.0,0.8532608695652174,0.14673913043478262,0.0,0.4969173473538831,0.171875,0.171875,0.9375,0.9991044297776387,0.05071809536263144,0.0,0.0,0.0,0.0,nan,nan,nan,nan,nan,nan,nan,nan,nan,nan,nan,0.4721926999170757,0.42147460455444424,2.601694784521397,20,20,3.8301920890808105
1335,,0.44393700006974757,0.0341490000053652,0.8115541934967041,1.0,1.0,1.0,1.0,0.0,0.9034090909090909,0.09659090909090909,0.0,0.4998145785469275,0.05384615384615385,0.05384615384615385,0.5384615384615384,0.9986765550079829,0.061373267410405885,0.0,0.0,0.0,0.0,nan,nan,nan,nan,nan,nan,nan,nan,nan,nan,nan,0.4706948073051054,0.4093215398946995,2.7127973818243842,20,20,3.624006748199463
1336,,0.454147513316457,0.020643068787111682,0.24331123530864715,1.0,1.0,1.0,1.0,0.0,0.8711340206185567,0.12886597938144329,0.0,0.5066874162886631,0.16590909090909092,0.16590909090909092,0.6818181818181818,0.9986369152710897,0.0635147169592219,0.0,0.0,0.0,0.0,nan,nan,nan,nan,nan,nan,nan,nan,nan,nan,nan,0.47828158055486814,0.41476686359564624,2.623255930618293,20,20,4.617015361785889
1337,,0.44916272039384025,0.0408329745812582,0.47149028182029723,1.0,1.0,1.0,1.0,0.0,0.8873239436619719,0.11267605633802817,0.0,0.506917916610837,0.04090909090909091,0.04090909090909091,0.36363636363636365,0.9992586314358327,0.04383899903888805,0.0,0.0,0.0,0.0,nan,nan,nan,nan,nan,nan,nan,nan,nan,nan,nan,0.4683310123037079,0.42449201326481983,2.7563405519881297,20,20,2.284457206726074
1338,,-0.5689443816539324,0.001436852061153559,3.263653564453125,0.9,0.9,0.9,0.9433962264150944,0.0,0.8614457831325302,0.13855421686746988,0.0,0.5035146768447012,0.006166666666666667,0.006166666666666667,0.043333333333333335,0.8315430503057185,1.1959978917681817,0.0,0.0,0.0,0.0,nan,nan,nan,nan,nan,nan,nan,nan,nan,nan,nan,0.912550327252956,-0.2834475645152257,2.670920558182237,20,20,29.907077312469482
1339,,0.4566456299653694,0.02686150764502173,0.2558496057987213,1.0,1.0,1.0,1.0,0.0,0.8457446808510638,0.15425531914893617,0.0,0.49647111228721985,0.2,0.2,0.8823529411764706,0.9986015909098156,0.06862100550226696,0.0,0.0,0.0,0.0,nan,nan,nan,nan,nan,nan,nan,nan,nan,nan,nan,0.48042728926604134,0.4118062837637744,2.548603993738779,20,20,3.766871452331543
1340,,-0.5594697648343405,0.001468434117218865,4.156639671325683,0.95,0.95,0.95,0.9891891891891892,0.0,0.865979381443299,0.13402061855670103,0.0,0.5020782335394373,0.0075,0.0075,0.06333333333333334,0.8336839251340449,1.222639359654693,0.0,0.0,0.0,0.0,nan,nan,nan,nan,nan,nan,nan,nan,nan,nan,nan,0.9527304000209605,-0.26990895963373246,2.5458952306588802,20,20,32.03327989578247
1341,,0.434139015656956,0.03339530889668892,0.21686001718044282,1.0,1.0,1.0,1.0,0.0,0.8484848484848485,0.15151515151515152,0.0,0.5116994691582827,0.15,0.15,0.6153846153846154,0.9959725770909239,0.12439696831800184,0.0,0.0,0.0,0.0,nan,nan,nan,nan,nan,nan,nan,nan,nan,nan,nan,0.46797198849995036,0.3435750201819485,2.4739674327389207,20,20,2.916482448577881
1342,,-0.46852862806999285,0.0017715712397666904,1.625940465927124,0.95,0.95,0.95,0.9841269841269841,0.0,0.8050847457627118,0.19491525423728814,0.0,0.5031448153995055,0.014333333333333333,0.014333333333333333,0.056666666666666664,0.7599052009859874,1.6057771861547432,0.0,0.0,0.0,0.0,nan,nan,nan,nan,nan,nan,nan,nan,nan,nan,nan,1.3632949328314652,-0.24248225332327805,2.5326892879904075,20,20,21.48937225341797
1343,,-0.5880515857170908,0.0013731613809430305,9.01355266571045,0.95,0.95,0.95,0.9929577464788732,0.0,0.8591549295774648,0.14084507042253522,0.0,0.5029140691620608,0.006333333333333333,0.006333333333333333,0.05,0.8670639989311324,0.7636831458127976,0.0,0.0,0.0,0.0,nan,nan,nan,nan,nan,nan,nan,nan,nan,nan,nan,0.4783866878528877,-0.28529645795990993,2.657998717185094,20,20,28.557558059692383
1344,,0.4404238934228249,0.025907287848401465,5.8758502960205075,1.0,1.0,1.0,1.0,0.0,0.8253012048192772,0.1746987951807229,0.0,0.5035297943553065,0.09705882352941177,0.09705882352941177,0.35294117647058826,0.9991395271749567,0.0490031715427765,0.0,0.0,0.0,0.0,nan,nan,nan,nan,nan,nan,nan,nan,nan,nan,nan,0.465509764506536,0.41650659296375947,2.649675201068104,20,20,3.124807357788086
1345,,0.4518755564932725,0.03227682546380518,7.683351230621338,1.0,1.0,1.0,1.0,0.0,0.8011695906432749,0.19883040935672514,0.0,0.5054476445540785,0.17142857142857143,0.17142857142857143,0.9285714285714286,0.9988183493818776,0.05636320113158755,0.0,0.0,0.0,0.0,nan,nan,nan,nan,nan,nan,nan,nan,nan,nan,nan,0.4738129348995013,0.4174497337679138,2.7267014430025953,20,20,3.2933897972106934
1346,,0.4411568453463465,0.03676307044552888,1.7360790252685547,1.0,1.0,1.0,1.0,0.0,0.8682170542635659,0.13178294573643412,0.0,0.5074440744705498,0.14583333333333334,0.14583333333333334,1.0,0.9984031303949928,0.07370261209356493,0.0,0.0,0.0,0.0,nan,nan,nan,nan,nan,nan,nan,nan,nan,nan,nan,0.4692420524307073,0.3955394403371424,2.52731049449929,20,20,2.2924015522003174
1347,,0.4436137895290576,0.02957425263527051,0.7735084176063538,1.0,1.0,1.0,1.0,0.0,0.8092485549132948,0.1907514450867052,0.0,0.5142959348857403,0.14,0.14,1.0,0.9984388717219032,0.06332739146508098,0.0,0.0,0.0,0.0,nan,nan,nan,nan,nan,nan,nan,nan,nan,nan,nan,0.47350820415686545,0.41018081269178447,2.509570316335112,20,20,3.418889045715332
1348,,0.44766979970468573,0.029844653313645716,0.34808353185653684,1.0,1.0,1.0,1.0,1.0,0.7615384615384615,0.23076923076923078,0.007692307692307693,0.5043785372873147,0.13666666666666666,0.13666666666666666,0.8666666666666667,0.9982620888849869,0.07924406830924907,100.0,0.043322059964816334,1.0,0.043322059964816334,nan,nan,nan,nan,nan,nan,nan,nan,nan,nan,nan,0.4711544825243692,0.39191041421512013,2.7053773265493426,20,20,2.425603151321411
1349,,0.44905647499014045,0.02993709833267603,0.24313160479068757,1.0,1.0,1.0,1.0,0.0,0.7720588235294118,0.22794117647058823,0.0,0.5061845691005389,0.12666666666666668,0.12666666666666668,0.8666666666666667,0.9982972848407181,0.06647457873852625,0.0,0.0,0.0,0.0,nan,nan,nan,nan,nan,nan,nan,nan,nan,nan,nan,0.48545269036206945,0.4189781116235432,2.6791255824280613,20,20,2.750962018966675
1350,,0.46943332011342176,0.022353967624448655,0.5155936479568481,1.0,1.0,1.0,1.0,0.0,0.8128342245989305,0.18716577540106952,0.0,0.509316267090894,0.11428571428571428,0.11428571428571428,1.0,0.9541181315348668,0.49689590209611173,0.0,0.0,0.0,0.0,nan,nan,nan,nan,nan,nan,nan,nan,nan,nan,nan,0.9133272312586272,0.4164313291625155,2.715467329669973,20,20,3.6201183795928955
1351,,0.4491400108237047,0.028071250676481543,0.6886577367782593,1.0,1.0,1.0,1.0,0.0,0.8125,0.1875,0.0,0.5112857162719593,0.153125,0.153125,1.75,0.9989491442053934,0.06523210821716124,0.0,0.0,0.0,0.0,nan,nan,nan,nan,nan,nan,nan,nan,nan,nan,nan,0.48220093432613714,0.4169688261089759,2.7222372226014215,20,20,3.532545804977417
1352,,-0.5326077913400422,0.001557974028866526,1.302659034729004,0.85,0.85,0.85,0.9555555555555556,0.0,0.7056277056277056,0.2943722943722944,0.0,0.501520780068667,0.009333333333333334,0.009333333333333334,0.08666666666666667,0.7183333901767334,1.1997508151902634,0.0,0.0,0.0,0.0,nan,nan,nan,nan,nan,nan,nan,nan,nan,nan,nan,0.9303435090298787,-0.2694073061603846,2.780883008055408,20,20,23.08511519432068
1353,,0.44049691830937887,0.029366461220625258,1.163633108139038,1.0,1.0,1.0,1.0,0.0,0.8604651162790697,0.13953488372093023,0.0,0.506355758930246,0.06,0.06,0.6,0.9984999455703226,0.058571639136185294,0.0,0.0,0.0,0.0,nan,nan,nan,nan,nan,nan,nan,nan,nan,nan,nan,0.471978717340176,0.4134070782039907,2.645887438944544,20,20,2.548152446746826
1354,,0.44868437516436876,0.028042773447773048,0.724669873714447,1.0,1.0,1.0,1.0,0.0,0.8,0.2,0.0,0.5142344908439554,0.171875,0.171875,1.375,0.9977752103416496,0.09071911228062701,0.0,0.0,0.0,0.0,nan,nan,nan,nan,nan,nan,nan,nan,nan,nan,nan,0.481243239691153,0.390524127410526,2.705683990279659,20,20,3.690040111541748
1355,,-0.5011115035503568,0.0016629616548321441,1.6171645402908326,0.9,0.9,0.9,0.9647058823529412,0.0,0.8186046511627907,0.1813953488372093,0.0,0.5036684915085012,0.0075,0.0075,0.03666666666666667,0.801440640782622,1.1964762726843052,0.0,0.0,0.0,0.0,nan,nan,nan,nan,nan,nan,nan,nan,nan,nan,nan,0.9125124659004332,-0.28396380678387206,2.6650986484322754,20,20,21.8308048248291
1356,,0.44634893782949303,0.03433453367919177,1.5320332765579223,1.0,1.0,1.0,1.0,0.0,0.8682170542635659,0.13178294573643412,0.0,0.49812520739550775,0.08461538461538462,0.08461538461538462,0.5384615384615384,0.9986498464026168,0.07000539559254532,0.0,0.0,0.0,0.0,nan,nan,nan,nan,nan,nan,nan,nan,nan,nan,nan,0.47211041943713483,0.4021050238445895,2.6480096285228942,20,20,2.6198348999023438
1357,,-0.4111203788143074,0.001962932070618975,1.0667866945266724,0.95,0.95,0.95,0.9882352941176471,0.0,0.8795180722891566,0.12048192771084337,0.0,0.5042036525349444,0.007166666666666667,0.007166666666666667,0.01,0.7735411854917356,1.5845721957155257,0.0,0.0,0.0,0.0,nan,nan,nan,nan,nan,nan,nan,nan,nan,nan,nan,1.3285136733289642,-0.2560585223865615,2.606000848197406,20,20,21.778228759765625
1358,,0.4481136960734028,0.023584931372284356,1.0139625787734985,1.0,1.0,1.0,1.0,0.0,0.8134328358208955,0.1865671641791045,0.0,0.5019368459519588,0.11315789473684211,0.11315789473684211,0.42105263157894735,0.9981884440965407,0.0690239210382056,0.0,0.0,0.0,0.0,nan,nan,nan,nan,nan,nan,nan,nan,nan,nan,nan,0.47585089793794383,0.40682697689973824,2.677191685156427,20,20,2.5106165409088135
1359,,0.4409174622989592,0.031494104449925654,1.0457106351852417,1.0,1.0,1.0,1.0,0.0,0.8260869565217391,0.17391304347826086,0.0,0.5047460519841739,0.10357142857142858,0.10357142857142858,0.8571428571428571,0.9979497093761164,0.06716451571944798,0.0,0.0,0.0,0.0,nan,nan,nan,nan,nan,nan,nan,nan,nan,nan,nan,0.4742051348541338,0.4070406191346858,2.5430245853221223,20,20,2.1998836994171143
1360,,0.4510283318198725,0.028189270738742032,0.47190516591072085,1.0,1.0,1.0,1.0,0.0,0.828125,0.171875,0.0,0.5192225210135802,0.21875,0.21875,1.125,0.9985712293685562,0.05877056004827874,0.0,0.0,0.0,0.0,nan,nan,nan,nan,nan,nan,nan,nan,nan,nan,nan,0.47301715631539804,0.4142465962671193,2.6290130013846866,20,20,3.932443618774414
1361,,0.4483127274958425,0.026371336911520146,0.2735119104385376,1.0,1.0,1.0,1.0,0.0,0.8685714285714285,0.13142857142857142,0.0,0.5135595115011229,0.17647058823529413,0.17647058823529413,0.4117647058823529,0.9984195262517773,0.06567556876279818,0.0,0.0,0.0,0.0,nan,nan,nan,nan,nan,nan,nan,nan,nan,nan,nan,0.4757267825166818,0.41005121375388365,2.636836332816101,20,20,3.30163311958313
1362,,0.4549654309080816,0.03033102872720544,0.317156457901001,1.0,1.0,1.0,1.0,0.0,0.8156424581005587,0.18435754189944134,0.0,0.5121344411807756,0.22,0.22,1.2,0.998418877078705,0.07127170174543662,0.0,0.0,0.0,0.0,nan,nan,nan,nan,nan,nan,nan,nan,nan,nan,nan,0.4805472254062582,0.4092755236608216,2.6315057025409856,20,20,3.52219295501709
1363,,0.45490533049918896,0.02843158315619931,0.3821579396724701,1.0,1.0,1.0,1.0,0.0,0.8360655737704918,0.16393442622950818,0.0,0.5018932989449241,0.171875,0.171875,0.875,0.9986185245955974,0.05666671356561703,0.0,0.0,0.0,0.0,nan,nan,nan,nan,nan,nan,nan,nan,nan,nan,nan,0.48133184650544414,0.4246651329398271,2.680619766554723,20,20,3.608037233352661
1364,,0.4706906705837454,0.02046481176451067,0.5060578465461731,1.0,1.0,1.0,1.0,0.0,0.8613861386138614,0.13861386138613863,0.0,0.5000431464053691,0.11304347826086956,0.11304347826086956,0.5217391304347826,0.9613713075150159,0.45614366196057515,0.0,0.0,0.0,0.0,nan,nan,nan,nan,nan,nan,nan,nan,nan,nan,nan,0.8766217534760956,0.42047809151552046,2.7219097353728143,20,20,4.085379362106323
1365,,-0.4117816326412451,0.0019607278911958495,1.0144327640533448,0.9,0.9,0.9,0.9580838323353293,0.0,0.8601694915254238,0.13983050847457626,0.0,0.5032782791599941,0.015833333333333335,0.015833333333333335,0.03333333333333333,0.7756308904810278,1.555285581612484,0.0,0.0,0.0,0.0,nan,nan,nan,nan,nan,nan,nan,nan,nan,nan,nan,1.2786903741695554,-0.2765952074429286,2.498299355030234,20,20,21.58030867576599
1366,,-0.5907851253373929,0.0013640495822086903,2.3214300155639647,0.9,0.9,0.9,0.9573170731707317,0.0,0.8232044198895028,0.17679558011049723,0.0,0.5049255931891966,0.0085,0.0085,0.02666666666666667,0.7958552711723661,1.137907582777863,0.0,0.0,0.0,0.0,nan,nan,nan,nan,nan,nan,nan,nan,nan,nan,nan,0.8882966689426353,-0.2496109138352278,2.5706102472653884,20,20,22.466070413589478
1367,,0.4439743932362127,0.040361308476019334,0.5933779895305633,1.0,1.0,1.0,1.0,0.0,0.8478260869565217,0.15217391304347827,0.0,0.4984506604346362,0.08181818181818182,0.08181818181818182,1.3636363636363635,0.99767461288035,0.08215833596457206,0.0,0.0,0.0,0.0,nan,nan,nan,nan,nan,nan,nan,nan,nan,nan,nan,0.4751336894671056,0.39297535350253354,2.7573149683380027,20,20,2.152221918106079
1368,,0.44382159937124765,0.04931351104124974,0.9799506545066834,1.0,1.0,1.0,1.0,0.0,0.9008264462809917,0.09917355371900827,0.0,0.513091983894507,0.05,0.05,0.2222222222222222,0.9989196217834192,0.062294293328172656,0.0,0.0,0.0,0.0,nan,nan,nan,nan,nan,nan,nan,nan,nan,nan,nan,0.4627259601585842,0.40043166683041154,2.7129531566697582,20,20,1.6297550201416016
1369,,0.4558839947196285,0.02681670557174285,0.43644146919250487,1.0,1.0,1.0,1.0,0.0,0.8043478260869565,0.1956521739130435,0.0,0.49684658608234983,0.20588235294117646,0.20588235294117646,1.0588235294117647,0.9986636401512591,0.059896806382294665,0.0,0.0,0.0,0.0,nan,nan,nan,nan,nan,nan,nan,nan,nan,nan,nan,0.48006499162116056,0.4201681852388659,2.643465907735264,20,20,3.7211287021636963
1370,,0.4515103285959799,0.030100688573065325,0.22988885045051574,1.0,1.0,1.0,1.0,0.0,0.8840579710144928,0.11594202898550725,0.0,0.5023812097062668,0.08,0.08,0.3333333333333333,0.9991977144455033,0.04810339531722291,0.0,0.0,0.0,0.0,nan,nan,nan,nan,nan,nan,nan,nan,nan,nan,nan,0.4685570377625395,0.4204536424453166,2.878041514923361,20,20,2.483957529067993
1371,,-0.5924545295918162,0.0013584849013606125,3.8128957748413086,0.9,0.9,0.9,0.9611111111111111,0.0,0.8655913978494624,0.13440860215053763,0.0,0.5044163110830511,0.013,0.013,0.06666666666666667,0.7405029504360049,1.1538464931543513,0.0,0.0,0.0,0.0,nan,nan,nan,nan,nan,nan,nan,nan,nan,nan,nan,0.8850834628649071,-0.2687630302894441,2.4304828480822427,20,20,30.55746841430664
1372,,0.4472000763912751,0.02981333842608501,1.0799123525619507,1.0,1.0,1.0,1.0,0.0,0.8715083798882681,0.12849162011173185,0.0,0.5079325938721498,0.10333333333333333,0.10333333333333333,0.8,0.998564703710946,0.06506244592872862,0.0,0.0,0.0,0.0,nan,nan,nan,nan,nan,nan,nan,nan,nan,nan,nan,0.4753725195023622,0.4103100735736336,2.718081301866963,20,20,2.962669610977173
1373,,0.44258602539681524,0.040235093217892294,0.929697048664093,1.0,1.0,1.0,1.0,0.0,0.8888888888888888,0.1111111111111111,0.0,0.5058873724869707,0.10909090909090909,0.10909090909090909,0.8181818181818182,0.9987800875699305,0.06429369247592492,0.0,0.0,0.0,0.0,nan,nan,nan,nan,nan,nan,nan,nan,nan,nan,nan,0.47064119037394103,0.4063474978980161,2.3964851005934493,20,20,1.9371237754821777
1374,,0.4524568021398176,0.030163786809321174,0.4863845705986023,1.0,1.0,1.0,1.0,0.0,0.8522727272727273,0.14772727272727273,0.0,0.5076233502229055,0.22666666666666666,0.22666666666666666,1.0666666666666667,0.9993419943708249,0.04419225876415056,0.0,0.0,0.0,0.0,nan,nan,nan,nan,nan,nan,nan,nan,nan,nan,nan,0.47031113873383,0.42611887996967945,2.5648886502274975,20,20,3.3287034034729004
1375,,-0.4942615723756896,0.0016857947587477014,1.4111650466918946,0.9,0.9,0.9,0.9539473684210527,0.0,0.786096256684492,0.21390374331550802,0.0,0.5046196721025432,0.011666666666666667,0.011666666666666667,0.05333333333333334,0.7655184496767301,1.1525962283603186,0.0,0.0,0.0,0.0,nan,nan,nan,nan,nan,nan,nan,nan,nan,nan,nan,0.8992727134341142,-0.2533235149262043,2.518721065514054,20,20,21.919639825820923
1376,,0.4537746052829782,0.030251640352198548,2.1048314809799193,1.0,1.0,1.0,1.0,0.0,0.850828729281768,0.14917127071823205,0.0,0.501113652822872,0.23666666666666666,0.23666666666666666,0.9333333333333333,0.9984461913657184,0.07011581482563084,0.0,0.0,0.0,0.0,nan,nan,nan,nan,nan,nan,nan,nan,nan,nan,nan,0.47991950125642185,0.409803686430791,2.5567694574547524,20,20,3.1549360752105713
1377,,-0.4273276129045239,0.0019089079569849202,1.3015474557876587,0.95,0.95,0.95,0.9894736842105263,0.0,0.8063241106719368,0.19367588932806323,0.0,0.5065423126626605,0.013,0.013,0.09666666666666666,0.8072173810505899,1.1776399262731125,0.0,0.0,0.0,0.0,nan,nan,nan,nan,nan,nan,nan,nan,nan,nan,nan,0.9159463812570573,-0.26169354501605535,2.4992520146378063,20,20,23.18494725227356
1378,,0.4561566609487418,0.025342036719374544,2.5151518821716308,1.0,1.0,1.0,1.0,0.0,0.825136612021858,0.17486338797814208,0.0,0.5150154893803928,0.2388888888888889,0.2388888888888889,1.2222222222222223,0.9988941283469892,0.06176798873060391,0.0,0.0,0.0,0.0,nan,nan,nan,nan,nan,nan,nan,nan,nan,nan,nan,0.4852988387536457,0.4235308500230418,2.7417812086639595,20,20,3.7475953102111816
1379,,0.44567156445668044,0.029711437630445363,2.308776330947876,1.0,1.0,1.0,1.0,0.0,0.8717948717948718,0.1282051282051282,0.0,0.5059747302532196,0.14,0.14,1.0,0.9985181069766588,0.0639838774775926,0.0,0.0,0.0,0.0,nan,nan,nan,nan,nan,nan,nan,nan,nan,nan,nan,0.46864595871821424,0.40466208124062164,2.5630860655057766,20,20,3.7642767429351807
1380,,0.44844620765737336,0.03203187197552667,1.6134099960327148,1.0,1.0,1.0,1.0,1.0,0.8502994011976048,0.1437125748502994,0.005988023952095809,0.5066729332453438,0.18214285714285713,0.18214285714285713,0.5714285714285714,0.9987317126811472,0.05367854873150735,0.0,-0.05548632833646955,0.0,0.0,nan,nan,nan,nan,nan,nan,nan,nan,nan,nan,nan,0.47985055110657143,0.4261720023750641,2.447309629746601,20,20,2.632955551147461
1381,,-0.6617558944003817,0.0011274803519987276,2.402917432785034,0.8,0.8,0.8,0.9444444444444444,0.0,0.8186528497409327,0.18134715025906736,0.0,0.5043968825609578,0.008,0.008,0.05333333333333334,0.6849547327115175,0.7385285683252393,0.0,0.0,0.0,0.0,nan,nan,nan,nan,nan,nan,nan,nan,nan,nan,nan,0.46530691857804857,-0.2732216497471907,2.5562465530893816,20,20,30.857667922973633
1382,,0.4432083572372512,0.0316577398026608,0.8054569721221924,1.0,1.0,1.0,1.0,0.0,0.8716216216216216,0.12837837837837837,0.0,0.506179957544165,0.11071428571428571,0.11071428571428571,0.7142857142857143,0.998344855317987,0.06379691908575436,0.0,0.0,0.0,0.0,nan,nan,nan,nan,nan,nan,nan,nan,nan,nan,nan,0.4697078711016928,0.40591095201593846,2.595232349166758,20,20,3.206446647644043
1383,,0.45127179205076073,0.025070655113931153,0.6158053755760193,1.0,1.0,1.0,1.0,0.0,0.8546511627906976,0.14534883720930233,0.0,0.5090194931460752,0.25277777777777777,0.25277777777777777,0.6111111111111112,0.9989259842265706,0.05935125777109279,0.0,0.0,0.0,0.0,nan,nan,nan,nan,nan,nan,nan,nan,nan,nan,nan,0.473202372799887,0.41385111502879424,2.5733955252234924,20,20,3.300793409347534
1384,,0.44818976669818394,0.032013554764155995,0.5329803407192231,1.0,1.0,1.0,1.0,0.0,0.861271676300578,0.13872832369942195,0.0,0.5106527065059968,0.14642857142857144,0.14642857142857144,1.0,0.9987621169162794,0.06120319387245593,0.0,0.0,0.0,0.0,nan,nan,nan,nan,nan,nan,nan,nan,nan,nan,nan,0.4800568729286799,0.41885367905622395,2.5644125080391498,20,20,3.24172306060791
1385,,0.45883130347842677,0.025490627971023708,0.3282186985015869,1.0,1.0,1.0,1.0,0.0,0.8054054054054054,0.1945945945945946,0.0,0.5064089419941108,0.2722222222222222,0.2722222222222222,1.0555555555555556,0.9984941684882868,0.07766103061819274,0.0,0.0,0.0,0.0,nan,nan,nan,nan,nan,nan,nan,nan,nan,nan,nan,0.4891023187863037,0.411441288168111,2.803250135338025,20,20,3.904409170150757
1386,,-0.44564672026672414,0.001847844265777586,1.4615230321884156,0.95,0.95,0.95,0.9901960784313726,1.0,0.7984496124031008,0.19767441860465115,0.003875968992248062,0.5059587557339109,0.007666666666666666,0.007666666666666666,0.05333333333333334,0.7615229248885481,1.623702617776237,100.0,0.0030354355850849557,1.0,0.0030354355850849557,nan,nan,nan,nan,nan,nan,nan,nan,nan,nan,nan,1.358625950973461,-0.2650766668027759,2.7335039161624466,20,20,21.818148851394653
1387,,0.4546683241386893,0.03247630886704923,0.7236855983734131,1.0,1.0,1.0,1.0,0.0,0.8421052631578947,0.15789473684210525,0.0,0.504468263526048,0.16785714285714284,0.16785714285714284,1.4285714285714286,0.9988010583406417,0.05294882331547024,0.0,0.0,0.0,0.0,nan,nan,nan,nan,nan,nan,nan,nan,nan,nan,nan,0.4823485583236855,0.42939973500821527,2.769353445337328,20,20,3.5958480834960938
1388,,-0.31168263552668607,0.0022943912149110466,0.8864173293113708,0.9,0.9,0.9,0.9710144927536232,0.0,0.8538812785388128,0.1461187214611872,0.0,0.5067377119272326,0.007166666666666667,0.007166666666666667,0.023333333333333334,0.7874324844827338,1.6391838239562881,0.0,0.0,0.0,0.0,nan,nan,nan,nan,nan,nan,nan,nan,nan,nan,nan,1.3574927555391547,-0.28169106841713343,2.7904784618980902,20,20,20.702874422073364
1389,,-0.5864330097758254,0.001378556634080582,2.0136085987091064,0.85,0.85,0.85,0.9388888888888889,1.0,0.8333333333333334,0.16161616161616163,0.005050505050505051,0.5070879218725798,0.01,0.01,0.05333333333333334,0.7043064722890158,1.2074172812366406,100.0,0.09901773397837133,1.0,0.09901773397837133,nan,nan,nan,nan,nan,nan,nan,nan,nan,nan,nan,0.9235705252342863,-0.2838467560023542,2.443053445159328,20,20,23.63870096206665
1390,,0.436269231385128,0.0272668269615705,4.474315786361695,1.0,1.0,1.0,1.0,0.0,0.8432835820895522,0.15671641791044777,0.0,0.496300242212601,0.078125,0.078125,0.5,0.9986568312620158,0.06823634200562606,0.0,0.0,0.0,0.0,nan,nan,nan,nan,nan,nan,nan,nan,nan,nan,nan,0.4723224158054253,0.4040860737997992,2.626147755647113,20,20,2.365452766418457
1391,,0.45596210484889943,0.030397473656593295,4.768988513946534,1.0,1.0,1.0,1.0,1.0,0.8020304568527918,0.18781725888324874,0.01015228426395939,0.5157268610596657,0.24,0.24,2.533333333333333,0.9991218414060709,0.054779720436786694,50.0,0.07637748940384358,0.5,0.15380694597079747,nan,nan,nan,nan,nan,nan,nan,nan,nan,nan,nan,0.4732639136619837,0.41848419322519703,2.5830808414190707,20,20,4.369109392166138
1392,,0.45762943355081115,0.03050862890338741,4.708870506286621,1.0,1.0,1.0,1.0,0.0,0.8305084745762712,0.1694915254237288,0.0,0.5070410084476074,0.21,0.21,0.8,0.9987839012894272,0.059982549609116476,0.0,0.0,0.0,0.0,nan,nan,nan,nan,nan,nan,nan,nan,nan,nan,nan,0.48061755528208094,0.42063500567296447,2.6977220436113436,20,20,3.4169206619262695
1393,,0.4551616652075746,0.026774215600445565,1.492339515686035,1.0,1.0,1.0,1.0,0.0,0.8342857142857143,0.1657142857142857,0.0,0.5052698495633462,0.19117647058823528,0.19117647058823528,1.2352941176470589,0.9988573117192805,0.06424791268740687,0.0,0.0,0.0,0.0,nan,nan,nan,nan,nan,nan,nan,nan,nan,nan,nan,0.4956781587702634,0.4314302460828565,2.7280244907757374,20,20,3.759638547897339
1394,,0.4712786675920149,0.033662761970858206,0.5257006883621216,1.0,1.0,1.0,1.0,0.0,0.8472222222222222,0.1527777777777778,0.0,0.4911840734870306,0.10714285714285714,0.10714285714285714,0.42857142857142855,0.9610691306570712,0.4532555948999146,0.0,0.0,0.0,0.0,nan,nan,nan,nan,nan,nan,nan,nan,nan,nan,nan,0.8821065160634218,0.4288509211635072,2.7611671200261565,20,20,2.2274909019470215
1395,,0.4420779366255548,0.034005995125042675,0.6571011424064637,1.0,1.0,1.0,1.0,0.0,0.8421052631578947,0.15789473684210525,0.0,0.5068605285424452,0.06923076923076923,0.06923076923076923,1.0769230769230769,0.9983072099934029,0.07948986510971157,0.0,0.0,0.0,0.0,nan,nan,nan,nan,nan,nan,nan,nan,nan,nan,nan,0.4686394997273565,0.38914963461764496,2.8624621313377325,20,20,3.0044021606445312
1396,,0.44240825170300446,0.029493883446866966,0.459681898355484,1.0,1.0,1.0,1.0,0.0,0.8235294117647058,0.17647058823529413,0.0,0.5241011241078377,0.14333333333333334,0.14333333333333334,1.0,0.9983016693262384,0.06750644667175332,0.0,0.0,0.0,0.0,nan,nan,nan,nan,nan,nan,nan,nan,nan,nan,nan,0.4752426691697351,0.4077362224979818,2.521038434368639,20,20,3.330429792404175
1397,,-0.5470488819176929,0.0015098370602743573,2.5762908935546873,0.95,0.95,0.95,0.9891304347826086,0.0,0.7941176470588235,0.20098039215686275,0.004901960784313725,0.5112079715603032,0.0085,0.0085,0.05333333333333334,0.820551954188397,1.1552288971306943,0.0,-0.0899476182824549,0.0,0.0,nan,nan,nan,nan,nan,nan,nan,nan,nan,nan,nan,0.879574439447534,-0.2756544576831603,2.3977565187886896,20,20,28.273558378219604
1398,,0.43845107197346284,0.0365375893311219,1.219896388053894,1.0,1.0,1.0,1.0,0.0,0.8046875,0.1953125,0.0,0.5127236055831115,0.07083333333333333,0.07083333333333333,0.25,0.9990110869522862,0.05493682161278901,0.0,0.0,0.0,0.0,nan,nan,nan,nan,nan,nan,nan,nan,nan,nan,nan,0.4615767489318155,0.4066399273190265,2.808662707848035,20,20,1.9808223247528076
1399,,0.45156042188224454,0.028222526367640284,0.49496990442276,1.0,1.0,1.0,1.0,1.0,0.7932960893854749,0.2011173184357542,0.00558659217877095,0.5138553151744418,0.178125,0.178125,1.3125,0.9970784099172683,0.09595236785046812,100.0,0.04195239341911139,1.0,0.04195239341911139,nan,nan,nan,nan,nan,nan,nan,nan,nan,nan,nan,0.49016296407678345,0.3942105962263153,2.714077821693283,20,20,3.455655097961426
1400,,-0.44167161788955334,0.0018610946070348221,1.2924331665039062,0.95,0.95,0.95,0.9832402234636871,0.0,0.7564102564102564,0.24358974358974358,0.0,0.513343580499757,0.0125,0.0125,0.1,0.7618976180487901,1.577706451094795,0.0,0.0,0.0,0.0,nan,nan,nan,nan,nan,nan,nan,nan,nan,nan,nan,1.3284276158436135,-0.2492788352511815,2.500078542227998,20,20,22.796733856201172
1401,,-0.6977555966584712,0.0010074813444717627,1.949566698074341,0.75,0.75,0.75,0.926829268292683,0.0,0.7897727272727273,0.21022727272727273,0.0,0.5132199052590877,0.006166666666666667,0.006166666666666667,0.07666666666666666,0.38182535399475603,1.6076109288911904,0.0,0.0,0.0,0.0,nan,nan,nan,nan,nan,nan,nan,nan,nan,nan,nan,1.3087727397748568,-0.29883818911633375,2.4996947931279507,20,20,31.1092050075531
1402,,0.44887828298507754,0.0374065235820898,6.664766025543213,1.0,1.0,1.0,1.0,0.0,0.8214285714285714,0.17857142857142858,0.0,0.5108553600187103,0.10833333333333334,0.10833333333333334,0.6666666666666666,0.9990724555624093,0.048904678949746594,0.0,0.0,0.0,0.0,nan,nan,nan,nan,nan,nan,nan,nan,nan,nan,nan,0.4755382216769494,0.42663354272720283,2.973158198207352,20,20,2.7347233295440674
1403,,-0.5904740462805027,0.0013650865123983242,9.939238739013671,0.95,0.95,0.95,0.9926470588235294,0.0,0.8235294117647058,0.17647058823529413,0.0,0.5147380735743791,0.0031666666666666666,0.0031666666666666666,0.02,0.8668621713601999,0.7582217880418216,0.0,0.0,0.0,0.0,nan,nan,nan,nan,nan,nan,nan,nan,nan,nan,nan,0.47038050328807623,-0.28784128475374543,2.628844537034902,20,20,28.020480155944824
1404,,0.44263769605276393,0.0340490535425203,3.5676756381988524,1.0,1.0,1.0,1.0,0.0,0.8279569892473119,0.17204301075268819,0.0,0.5258037858857558,0.11538461538461539,0.11538461538461539,1.3846153846153846,0.9970936087087408,0.08145687680260794,0.0,0.0,0.0,0.0,nan,nan,nan,nan,nan,nan,nan,nan,nan,nan,nan,0.47157407559592235,0.3901171987933144,2.893501184061601,20,20,3.2225403785705566
1405,,-0.47990504442033366,0.001733649851932221,1.5754815578460692,0.95,0.95,0.95,0.9794520547945206,0.0,0.7611111111111111,0.2388888888888889,0.0,0.5124834169810638,0.005666666666666667,0.005666666666666667,0.05,0.795047047821027,1.1868125092920485,0.0,0.0,0.0,0.0,nan,nan,nan,nan,nan,nan,nan,nan,nan,nan,nan,0.9101240756059874,-0.27668843368606116,2.76583175433573,20,20,19.553678035736084
1406,,0.4443672903219781,0.02777295564512363,4.572139263153076,1.0,1.0,1.0,1.0,0.0,0.7797619047619048,0.22023809523809523,0.0,0.5103191102156416,0.071875,0.071875,0.75,0.9978992885878801,0.08849935201506959,0.0,0.0,0.0,0.0,nan,nan,nan,nan,nan,nan,nan,nan,nan,nan,nan,0.4741971136343728,0.3856977616193032,2.930217162115946,20,20,3.283226251602173
1407,,-0.5229288994923049,0.0015902370016923168,2.0422287940979005,0.95,0.95,0.95,0.9782608695652174,0.0,0.8407643312101911,0.1592356687898089,0.0,0.5114357137853901,0.0045,0.0045,0.02666666666666667,0.8108960734847133,1.180743935089902,0.0,0.0,0.0,0.0,nan,nan,nan,nan,nan,nan,nan,nan,nan,nan,nan,0.9155523043726733,-0.26519163071722873,2.616846865259855,20,20,22.414400815963745
1408,,-0.40253725459434553,0.001991542484685515,1.1242351770401,0.95,0.95,0.95,0.9789473684210527,0.0,0.8,0.2,0.0,0.5125557091195757,0.012,0.012,0.056666666666666664,0.7758886438873275,1.591690693622745,0.0,0.0,0.0,0.0,nan,nan,nan,nan,nan,nan,nan,nan,nan,nan,nan,1.3439717391994686,-0.24771895442327652,2.459632991894238,20,20,22.457911252975464
1409,,0.45830705945005584,0.026959238791179757,13.04380531311035,1.0,1.0,1.0,1.0,1.0,0.7258064516129032,0.25268817204301075,0.021505376344086023,0.5177435821470092,0.3088235294117647,0.3088235294117647,2.176470588235294,0.9990800641877786,0.052270860843242395,100.0,0.1336122258716989,1.0,0.1336122258716989,nan,nan,nan,nan,nan,nan,nan,nan,nan,nan,nan,0.47851672883995333,0.42624586799671094,2.5816247709281597,20,20,4.201983451843262
1410,,0.4444785136958226,0.03174846526398733,10.304228019714355,1.0,1.0,1.0,1.0,0.0,0.823943661971831,0.176056338028169,0.0,0.5209886782802642,0.11428571428571428,0.11428571428571428,0.5,0.9990782810740515,0.044330056125403916,0.0,0.0,0.0,0.0,nan,nan,nan,nan,nan,nan,nan,nan,nan,nan,nan,0.4623970961711822,0.41806704004577827,2.8318536793111955,20,20,2.5159659385681152
1411,,-0.5705424964040833,0.0014315250119863892,3.3237467288970945,0.95,0.95,0.95,0.9761904761904762,0.0,0.7853107344632768,0.21468926553672316,0.0,0.5109757484315972,0.008666666666666666,0.008666666666666666,0.06666666666666667,0.8371228115303962,1.1725901259213098,0.0,0.0,0.0,0.0,nan,nan,nan,nan,nan,nan,nan,nan,nan,nan,nan,0.913837921165737,-0.25875220475557276,2.583857078396522,20,20,22.785708904266357
1412,,0.45629173615858415,0.030419449077238942,13.906121253967285,1.0,1.0,1.0,1.0,0.0,0.8703703703703703,0.12962962962962962,0.0,0.5117675998682777,0.18333333333333332,0.18333333333333332,1.0666666666666667,0.9992297708555289,0.05025968325940533,0.0,0.0,0.0,0.0,nan,nan,nan,nan,nan,nan,nan,nan,nan,nan,nan,0.48787077867528894,0.4376110954158836,2.57609672624165,20,20,3.243781805038452
1413,,0.47357287814908905,0.018214341467272657,0.8892102241516113,1.0,1.0,1.0,1.0,0.0,0.8168316831683168,0.18316831683168316,0.0,0.5104539320804179,0.11538461538461539,0.11538461538461539,0.5384615384615384,0.9547749832887577,0.5146484861790734,0.0,0.0,0.0,0.0,nan,nan,nan,nan,nan,nan,nan,nan,nan,nan,nan,0.9153539110453786,0.40070542486630506,2.5698346266758434,20,20,4.3219404220581055
1414,,0.4516963982158975,0.028231024888493595,3.030145597457886,1.0,1.0,1.0,1.0,0.0,0.8486842105263158,0.1513157894736842,0.0,0.5055538153275847,0.13125,0.13125,0.6875,0.9978899586600438,0.06627197980120436,0.0,0.0,0.0,0.0,nan,nan,nan,nan,nan,nan,nan,nan,nan,nan,nan,0.4829098391718955,0.41663785937069114,2.5830603994693893,20,20,2.4805123805999756
1415,,0.4434235427536191,0.02956156951690794,0.7765615344047546,1.0,1.0,1.0,1.0,0.0,0.8796992481203008,0.12030075187969924,0.0,0.5069570072678228,0.08333333333333333,0.08333333333333333,0.4,0.9979715971895726,0.07015351009459869,0.0,0.0,0.0,0.0,nan,nan,nan,nan,nan,nan,nan,nan,nan,nan,nan,0.4796857262335369,0.4095322161389382,2.6156903515343455,20,20,2.5586295127868652
1416,,-0.5255144793907691,0.0015816184020307697,1.6541594028472901,0.9,0.9,0.9,0.9723756906077348,1.0,0.8215962441314554,0.17370892018779344,0.004694835680751174,0.5058767524065916,0.011166666666666667,0.011166666666666667,0.06666666666666667,0.7346598181441456,1.6403207464757057,100.0,0.004773996595060809,1.0,0.004773996595060809,nan,nan,nan,nan,nan,nan,nan,nan,nan,nan,nan,1.3789177973952553,-0.2614029490804504,2.6789431053837323,20,20,26.210969924926758
1417,,0.44847779562846257,0.034498291971420195,0.8525885581970215,1.0,1.0,1.0,1.0,0.0,0.8461538461538461,0.15384615384615385,0.0,0.505665403461227,0.10384615384615385,0.10384615384615385,0.3076923076923077,0.9988651179453475,0.05175436190050109,0.0,0.0,0.0,0.0,nan,nan,nan,nan,nan,nan,nan,nan,nan,nan,nan,0.47108334351160197,0.4193289816111009,2.8004618984646164,20,20,2.7404322624206543
1418,,-0.5643290915742668,0.0014522363614191105,3.8152619361877442,0.95,0.95,0.95,0.9833333333333333,0.0,0.8457446808510638,0.15425531914893617,0.0,0.5060521735607957,0.011166666666666667,0.011166666666666667,0.04,0.8443048501021319,1.1551567492489236,0.0,0.0,0.0,0.0,nan,nan,nan,nan,nan,nan,nan,nan,nan,nan,nan,0.9013902548848391,-0.25376649436408455,2.432023536619714,20,20,28.588531017303467
1419,,-0.4931678507581615,0.0016894404974727951,1.3076977968215941,0.9,0.9,0.9,0.9742268041237113,1.0,0.8064516129032258,0.18951612903225806,0.004032258064516129,0.506982995270441,0.007666666666666666,0.007666666666666666,0.03,0.7024670074855999,1.2139034912459228,100.0,0.14521394625310485,1.0,0.14521394625310485,nan,nan,nan,nan,nan,nan,nan,nan,nan,nan,nan,0.9161874328970054,-0.2977160583489173,2.5423950530872284,20,20,22.23780393600464
1420,,0.44366671117615036,0.03169047936972503,1.4857061147689818,1.0,1.0,1.0,1.0,1.0,0.8285714285714286,0.16428571428571428,0.007142857142857143,0.503943768888712,0.13214285714285715,0.13214285714285715,0.7857142857142857,0.9978698042425637,0.08089303914046553,100.0,0.044267250118794225,1.0,0.044267250118794225,nan,nan,nan,nan,nan,nan,nan,nan,nan,nan,nan,0.47495525155285984,0.3940622124123943,2.5013727826790753,20,20,2.5350489616394043
1421,,0.4589773454147052,0.019955536757161097,2.2598095417022703,1.0,1.0,1.0,1.0,1.0,0.855,0.14,0.005,0.5134358785317644,0.14347826086956522,0.14347826086956522,0.43478260869565216,0.9980520964958642,0.09290642739079641,0.0,-0.04649467476569198,0.0,0.0,nan,nan,nan,nan,nan,nan,nan,nan,nan,nan,nan,0.4893734087243047,0.3964669813335083,2.7160380396802712,20,20,4.131749391555786
1422,,0.44944660941192266,0.04085878267381115,1.8072122097015382,1.0,1.0,1.0,1.0,0.0,0.8846153846153846,0.11538461538461539,0.0,0.5061589050699364,0.09090909090909091,0.09090909090909091,0.45454545454545453,0.9991187284787441,0.055210211759191274,0.0,0.0,0.0,0.0,nan,nan,nan,nan,nan,nan,nan,nan,nan,nan,nan,0.48075310042340513,0.42554288866421386,2.4820507580322757,20,20,1.9541006088256836
1423,,0.45292302524296263,0.02664253089664486,0.6910041213035584,1.0,1.0,1.0,1.0,0.0,0.8816568047337278,0.11834319526627218,0.0,0.4986376004622263,0.12941176470588237,0.12941176470588237,0.6470588235294118,0.9989155554854569,0.05640068184691621,0.0,0.0,0.0,0.0,nan,nan,nan,nan,nan,nan,nan,nan,nan,nan,nan,0.4848069389132036,0.4284062570662874,2.6618808491116743,20,20,3.2806990146636963
1424,,0.44749987958638016,0.029833325305758676,0.29294479489326475,1.0,1.0,1.0,1.0,0.0,0.8918918918918919,0.10810810810810811,0.0,0.5012000665565332,0.13666666666666666,0.13666666666666666,0.26666666666666666,0.9985789496171953,0.05896224235570141,0.0,0.0,0.0,0.0,nan,nan,nan,nan,nan,nan,nan,nan,nan,nan,nan,0.47914037512968766,0.42017813277398625,2.5259414911909603,20,20,2.573376178741455
1425,,0.44602607351161044,0.03185900525082932,0.29157482385635375,1.0,1.0,1.0,1.0,0.0,0.867816091954023,0.13218390804597702,0.0,0.5058289667857545,0.16428571428571428,0.16428571428571428,0.5,0.9977251922992929,0.07407850642664021,0.0,0.0,0.0,0.0,nan,nan,nan,nan,nan,nan,nan,nan,nan,nan,nan,0.47822426799117734,0.40414576156453713,2.7719253176765366,20,20,3.3544676303863525
1426,,0.4462398455761608,0.0371866537980134,0.19621389508247375,1.0,1.0,1.0,1.0,0.0,0.9366197183098591,0.06338028169014084,0.0,0.5115278143435716,0.09166666666666666,0.09166666666666666,0.08333333333333333,0.9981156845054938,0.06098412151188992,0.0,0.0,0.0,0.0,nan,nan,nan,nan,nan,nan,nan,nan,nan,nan,nan,0.4760537425856898,0.41506962107379985,2.79333303776292,20,20,2.4190075397491455
1427,,0.44216735418670483,0.034012873398977295,0.23097596168518067,1.0,1.0,1.0,1.0,0.0,0.9212598425196851,0.07874015748031496,0.0,0.500974950968073,0.11538461538461539,0.11538461538461539,0.23076923076923078,0.998800462689852,0.0528142602356087,0.0,0.0,0.0,0.0,nan,nan,nan,nan,nan,nan,nan,nan,nan,nan,nan,0.46867526819201927,0.41586100795641057,2.73911477443605,20,20,2.0218613147735596
1428,,0.449710338042811,0.02810689612767569,0.34254100918769836,1.0,1.0,1.0,1.0,0.0,0.8992805755395683,0.10071942446043165,0.0,0.5097220320021734,0.1375,0.1375,0.3125,0.9993052968315339,0.03663465222338319,0.0,0.0,0.0,0.0,nan,nan,nan,nan,nan,nan,nan,nan,nan,nan,nan,0.46811627939826994,0.43148162717488675,2.615977635249992,20,20,3.127976655960083
1429,,0.45661149451397987,0.02853821840712374,0.25145812034606935,1.0,1.0,1.0,1.0,0.0,0.8826530612244898,0.11734693877551021,0.0,0.5074802012764849,0.19375,0.19375,0.625,0.9989346722563007,0.05150477690974081,0.0,0.0,0.0,0.0,nan,nan,nan,nan,nan,nan,nan,nan,nan,nan,nan,0.48171941722170414,0.4302146403119633,2.699716896063333,20,20,4.312306642532349
1430,,0.44655287389580617,0.02626781611151801,0.3488227963447571,1.0,1.0,1.0,1.0,0.0,0.9148936170212766,0.0851063829787234,0.0,0.5010884144288652,0.17941176470588235,0.17941176470588235,0.29411764705882354,0.9990499719593005,0.05233213210347287,0.0,0.0,0.0,0.0,nan,nan,nan,nan,nan,nan,nan,nan,nan,nan,nan,0.46924950302222446,0.4169173709187516,2.4397667983024975,20,20,5.253955125808716
1431,,0.460206794008222,0.032871913857730146,0.3805855095386505,1.0,1.0,1.0,1.0,0.0,0.9090909090909091,0.09090909090909091,0.0,0.508832129037806,0.18214285714285713,0.18214285714285713,0.5,0.9990083909792362,0.04748884365584094,0.0,0.0,0.0,0.0,nan,nan,nan,nan,nan,nan,nan,nan,nan,nan,nan,0.48075469058576337,0.4332658469299224,2.605000430170247,20,20,3.508495569229126
1432,,0.48020856872502204,0.017150306025893645,0.49675888419151304,1.0,1.0,1.0,1.0,0.0,0.8994974874371859,0.10050251256281408,0.0,0.5022013787313231,0.1357142857142857,0.1357142857142857,0.39285714285714285,0.9614991327706339,0.4698685730895838,0.0,0.0,0.0,0.0,nan,nan,nan,nan,nan,nan,nan,nan,nan,nan,nan,0.8942136440718491,0.4243450709822653,2.5516892703165603,20,20,4.240846157073975
1433,,0.46147949060826987,0.03076529937388466,0.7188194870948792,1.0,1.0,1.0,1.0,0.0,0.8783068783068783,0.12169312169312169,0.0,0.5003371567527453,0.18666666666666668,0.18666666666666668,0.7333333333333333,0.9993658231226408,0.047497552769147244,0.0,0.0,0.0,0.0,nan,nan,nan,nan,nan,nan,nan,nan,nan,nan,nan,0.47584170497889344,0.4283441522097462,2.735364371405247,20,20,3.9411888122558594
1434,,0.4449458596609829,0.034226604589306375,0.5106208205223084,1.0,1.0,1.0,1.0,1.0,0.9015151515151515,0.09090909090909091,0.007575757575757576,0.5007377210144813,0.1076923076923077,0.1076923076923077,0.6153846153846154,0.9984201927531334,0.06559803548499793,100.0,0.10180148873080394,1.0,0.10180148873080394,nan,nan,nan,nan,nan,nan,nan,nan,nan,nan,nan,0.4778579695787459,0.41225993409374795,2.4635222754397397,20,20,2.334756851196289
1435,,0.4883602858577765,0.02034834524407402,0.48381463885307313,1.0,1.0,1.0,1.0,0.0,0.9346733668341709,0.06532663316582915,0.0,0.50625045793131,0.0875,0.0875,0.08333333333333333,0.9348469935904704,0.46261228130708265,0.0,0.0,0.0,0.0,nan,nan,nan,nan,nan,nan,nan,nan,nan,nan,nan,0.8817495643172613,0.4191372830101786,2.4171190302873105,20,20,3.987520217895508
1436,,0.44999688061640375,0.03461514466280029,0.972429358959198,1.0,1.0,1.0,1.0,0.0,0.8835616438356164,0.11643835616438356,0.0,0.5033046867698431,0.1076923076923077,0.1076923076923077,0.07692307692307693,0.9990353612962104,0.04732334407929045,0.0,0.0,0.0,0.0,nan,nan,nan,nan,nan,nan,nan,nan,nan,nan,nan,0.4730972345893275,0.42577389051003706,2.692131260963182,20,20,2.5146279335021973
1437,,0.44245733463854814,0.03160409533132487,1.0014750957489014,1.0,1.0,1.0,1.0,0.0,0.8888888888888888,0.1111111111111111,0.0,0.5111642724169152,0.11071428571428571,0.11071428571428571,0.2857142857142857,0.9984714258785591,0.06297000702759037,0.0,0.0,0.0,0.0,nan,nan,nan,nan,nan,nan,nan,nan,nan,nan,nan,0.470761383580469,0.4077913765528786,2.775131859331111,20,20,2.8059537410736084
1438,,0.4489354864865242,0.037411290540543686,0.23691779375076294,1.0,1.0,1.0,1.0,0.0,0.8913043478260869,0.10869565217391304,0.0,0.5052563017855088,0.0875,0.0875,0.16666666666666666,0.9990632888422245,0.050327655702842866,0.0,0.0,0.0,0.0,nan,nan,nan,nan,nan,nan,nan,nan,nan,nan,nan,0.47609307793333655,0.4257654222304937,2.839645437163695,20,20,2.31111741065979
1439,,0.4440479538643836,0.026120467874375507,0.31773250102996825,1.0,1.0,1.0,1.0,0.0,0.8982035928143712,0.10179640718562874,0.0,0.5132084279814187,0.13529411764705881,0.13529411764705881,0.23529411764705882,0.9982182776142491,0.07972501859318154,0.0,0.0,0.0,0.0,nan,nan,nan,nan,nan,nan,nan,nan,nan,nan,nan,0.47106038945452205,0.3913353708613405,2.439020443461909,20,20,3.1206552982330322
1440,,0.47831329444818543,0.019929720602007726,0.5308414936065674,1.0,1.0,1.0,1.0,0.0,0.8888888888888888,0.1111111111111111,0.0,0.5091133937084427,0.1375,0.1375,0.25,0.9588661319195694,0.4756393389243514,0.0,0.0,0.0,0.0,nan,nan,nan,nan,nan,nan,nan,nan,nan,nan,nan,0.9077452524462553,0.43210591352190386,2.551105370694892,20,20,4.2241809368133545
1441,,0.43580892381430214,0.025635819047900126,0.260783714056015,1.0,1.0,1.0,1.0,0.0,0.9262295081967213,0.07377049180327869,0.0,0.5033518316333785,0.1264705882352941,0.1264705882352941,0.35294117647058826,0.9979505256103078,0.07969392889724058,0.0,0.0,0.0,0.0,nan,nan,nan,nan,nan,nan,nan,nan,nan,nan,nan,0.4709296843841284,0.3912357554868878,2.2423060558188035,20,20,3.1173131465911865
1442,,0.45212754818599604,0.028257971761624753,0.3256411612033844,1.0,1.0,1.0,1.0,0.0,0.8871794871794871,0.11282051282051282,0.0,0.5029299208894372,0.125,0.125,0.5625,0.9991641537624764,0.04485306480993034,0.0,0.0,0.0,0.0,nan,nan,nan,nan,nan,nan,nan,nan,nan,nan,nan,0.47593992058328716,0.4310868557733568,2.913596902131295,20,20,3.225416660308838
1443,,0.4431159547594758,0.031651139625676845,0.18666474521160126,1.0,1.0,1.0,1.0,0.0,0.8727272727272727,0.12727272727272726,0.0,0.5039160109258124,0.1,0.1,0.7857142857142857,0.9981873741969595,0.0612825035232305,0.0,0.0,0.0,0.0,nan,nan,nan,nan,nan,nan,nan,nan,nan,nan,nan,0.4745078199939141,0.4132253164706836,2.5536267322595787,20,20,2.7867443561553955
1444,,0.44649394808005416,0.04059035891636856,0.23288511037826537,1.0,1.0,1.0,1.0,0.0,0.9185185185185185,0.08148148148148149,0.0,0.5013934424655004,0.13636363636363635,0.13636363636363635,0.5454545454545454,0.9982627690422143,0.057856515837442835,0.0,0.0,0.0,0.0,nan,nan,nan,nan,nan,nan,nan,nan,nan,nan,nan,0.4781743951762562,0.42031787933881337,2.594193732286421,20,20,1.8023157119750977
1445,,-0.4338597467706977,0.0018871341774310076,1.1243368864059449,0.85,0.85,0.85,0.9210526315789473,1.0,0.8916256157635468,0.10344827586206896,0.0049261083743842365,0.5038453289484606,0.005666666666666667,0.005666666666666667,0.016666666666666666,0.7664036719286085,1.5877703610323348,100.0,0.10261564801126122,1.0,0.10261564801126122,nan,nan,nan,nan,nan,nan,nan,nan,nan,nan,nan,1.3316184063572374,-0.2561519546750974,2.694014544628841,20,20,20.227161169052124
1446,,0.4560802254234702,0.02682824855432178,1.2151808381080627,1.0,1.0,1.0,1.0,0.0,0.813953488372093,0.18604651162790697,0.0,0.5059904063230052,0.31176470588235294,0.31176470588235294,1.1176470588235294,0.9983851363175291,0.06113773723343702,0.0,0.0,0.0,0.0,nan,nan,nan,nan,nan,nan,nan,nan,nan,nan,nan,0.4797680134057554,0.4186302761723184,2.468446429815797,20,20,3.4667296409606934
1447,,0.4599249044497028,0.025551383580539044,0.7832160353660583,1.0,1.0,1.0,1.0,1.0,0.873015873015873,0.12169312169312169,0.005291005291005291,0.5067364011787706,0.2222222222222222,0.2222222222222222,0.7222222222222222,0.998650876581941,0.06154874867281063,100.0,0.0517104570040956,1.0,0.0517104570040956,nan,nan,nan,nan,nan,nan,nan,nan,nan,nan,nan,0.4837166755742925,0.42216792690148186,2.7066844244599544,20,20,3.8021106719970703
1448,,-0.5867890452252617,0.0013773698492491279,10.873553276062012,0.95,0.95,0.95,0.9727891156462585,0.0,0.875,0.125,0.0,0.5037986047333106,0.0065,0.0065,0.02666666666666667,0.875641265664353,0.7309303564858161,0.0,0.0,0.0,0.0,nan,nan,nan,nan,nan,nan,nan,nan,nan,nan,nan,0.4692134452650163,-0.26171691122079976,2.2347845077963915,20,20,29.173951864242554
1449,,0.44538271287174713,0.029692180858116476,3.9455660820007323,1.0,1.0,1.0,1.0,1.0,0.9007633587786259,0.0916030534351145,0.007633587786259542,0.5069928466901183,0.09666666666666666,0.09666666666666666,0.0,0.9990446199716547,0.05038495436102991,100.0,0.16268881857580655,1.0,0.16268881857580655,nan,nan,nan,nan,nan,nan,nan,nan,nan,nan,nan,0.46897146901867365,0.41858651465764374,2.614195012836922,20,20,2.2351126670837402
1450,,-0.6107348685993701,0.0012975504380020994,2.509324550628662,0.85,0.85,0.85,0.9722222222222222,1.0,0.8112244897959183,0.1836734693877551,0.00510204081632653,0.504535139004079,0.011,0.011,0.06,0.8364480878413093,0.7437021758626112,100.0,0.023686124717905183,1.0,0.023686124717905183,nan,nan,nan,nan,nan,nan,nan,nan,nan,nan,nan,0.48177045035388877,-0.2619317255087224,2.487723639608565,20,20,25.368116855621338
1451,,-0.5628639334376035,0.001457120221874655,3.1631855010986327,0.95,0.95,0.95,0.9880239520958084,0.0,0.903954802259887,0.096045197740113,0.0,0.5030713302387545,0.007666666666666666,0.007666666666666666,0.03,0.8376362320201528,1.1905730069868057,0.0,0.0,0.0,0.0,nan,nan,nan,nan,nan,nan,nan,nan,nan,nan,nan,0.9219185321602192,-0.2686544748265865,2.458610701327186,20,20,29.503368854522705
1452,,0.43631180207175696,0.02726948762948481,7.369075679779053,1.0,1.0,1.0,1.0,0.0,0.9214285714285714,0.07857142857142857,0.0,0.5105407801456749,0.0875,0.0875,0.0625,0.9980538118724823,0.08493549917508841,0.0,0.0,0.0,0.0,nan,nan,nan,nan,nan,nan,nan,nan,nan,nan,nan,0.4714451463793912,0.3865096472043028,2.589922286284423,20,20,2.4291205406188965
1453,,-0.4594854213896613,0.0018017152620344622,1.3328721284866334,0.95,0.95,0.95,0.9837837837837838,0.0,0.8786610878661087,0.12133891213389121,0.0,0.5040983373243362,0.0075,0.0075,0.04,0.7542885830648555,1.585195029889135,0.0,0.0,0.0,0.0,nan,nan,nan,nan,nan,nan,nan,nan,nan,nan,nan,1.3270169429444625,-0.25817808694467254,2.4613165340983354,20,20,21.90261435508728
1454,,0.4500443318386761,0.02647319599051036,11.761930847167969,1.0,1.0,1.0,1.0,1.0,0.8855421686746988,0.10843373493975904,0.006024096385542169,0.5108554009129019,0.1588235294117647,0.1588235294117647,0.6470588235294118,0.9975300095141084,0.0931033132699094,100.0,0.09458451244897614,1.0,0.09458451244897614,nan,nan,nan,nan,nan,nan,nan,nan,nan,nan,nan,0.49851599890461473,0.40541268563470534,2.5492917832494078,20,20,3.2565150260925293
1455,,0.4472000313635697,0.04065454830577907,20.34937973022461,1.0,1.0,1.0,1.0,0.0,0.9416058394160584,0.058394160583941604,0.0,0.5017259245569056,0.07272727272727272,0.07272727272727272,0.45454545454545453,0.9992462469267679,0.0476888776384336,0.0,0.0,0.0,0.0,nan,nan,nan,nan,nan,nan,nan,nan,nan,nan,nan,0.4760566121452226,0.428367734506789,2.702731767281541,20,20,2.140714168548584
1456,,0.4454837060118526,0.027842731625740788,8.371389770507813,1.0,1.0,1.0,1.0,0.0,0.825,0.175,0.0,0.5111567356158048,0.1875,0.1875,0.6875,0.9985642567645931,0.058512939024481736,0.0,0.0,0.0,0.0,nan,nan,nan,nan,nan,nan,nan,nan,nan,nan,nan,0.47263794436184503,0.4141250053373633,2.62841749395655,20,20,2.9785966873168945
1457,,0.4576545535500347,0.02860340959687717,8.044442462921143,1.0,1.0,1.0,1.0,0.0,0.845360824742268,0.15463917525773196,0.0,0.5163373253541067,0.175,0.175,1.3125,0.9992523302868761,0.046986655103645636,0.0,0.0,0.0,0.0,nan,nan,nan,nan,nan,nan,nan,nan,nan,nan,nan,0.4734761805522636,0.42648952544861796,2.7683947473615733,20,20,3.493065357208252
1458,,0.45362049012556716,0.028351280632847947,1.2131670475006104,1.0,1.0,1.0,1.0,0.0,0.8125,0.1875,0.0,0.5096698909124825,0.13125,0.13125,1.1875,0.9989301011259705,0.057822041787352785,0.0,0.0,0.0,0.0,nan,nan,nan,nan,nan,nan,nan,nan,nan,nan,nan,0.4846116635190992,0.4267896217317464,2.665522637315497,20,20,3.986795663833618
1459,,-0.4234031313578819,0.0019219895621403937,1.1485016822814942,0.95,0.95,0.95,0.9882352941176471,0.0,0.7975708502024291,0.19838056680161945,0.004048582995951417,0.5178255801509756,0.0125,0.0125,0.08,0.7388882652108179,1.5759214632665177,100.0,0.058517500403106756,1.0,0.058517500403106756,nan,nan,nan,nan,nan,nan,nan,nan,nan,nan,nan,1.3536039446412176,-0.22231751862530005,2.6198723277132174,20,20,21.702102661132812
1460,,0.44412226876131344,0.02960815125075423,0.36910759806633,1.0,1.0,1.0,1.0,1.0,0.7976878612716763,0.19653179190751446,0.005780346820809248,0.5027044716601571,0.09333333333333334,0.09333333333333334,1.4,0.9981925568692884,0.08806816262042827,100.0,0.005276359673336575,1.0,0.005276359673336575,nan,nan,nan,nan,nan,nan,nan,nan,nan,nan,nan,0.4853615769845697,0.39729341436414145,2.8311410594142656,20,20,3.245543956756592
1461,,-0.6979186754997261,0.0010069377483342464,2.370324230194092,0.75,0.75,0.75,0.8855421686746988,0.0,0.7485380116959064,0.25146198830409355,0.0,0.520733135884162,0.006333333333333333,0.006333333333333333,0.07,0.47409338181163574,1.155394544195346,0.0,0.0,0.0,0.0,nan,nan,nan,nan,nan,nan,nan,nan,nan,nan,nan,0.8664530984055343,-0.28894144578981157,2.418031679096572,20,20,32.51750874519348
1462,,-0.6407357923521813,0.0011975473588260626,4.070169925689697,0.85,0.85,0.85,0.9545454545454546,0.0,0.8,0.2,0.0,0.5201577561469749,0.0045,0.0045,0.05,0.6107029128076336,1.2009230811349645,0.0,0.0,0.0,0.0,nan,nan,nan,nan,nan,nan,nan,nan,nan,nan,nan,0.9102389230562233,-0.2906841580787411,2.761794662084778,20,20,26.84765076637268
1463,,-0.5532170627374833,0.0014892764575417225,1.976406955718994,0.9,0.9,0.9,0.9789473684210527,0.0,0.7579908675799086,0.2420091324200913,0.0,0.5240709804830452,0.0105,0.0105,0.1,0.7981686630929247,1.1756119971649244,0.0,0.0,0.0,0.0,nan,nan,nan,nan,nan,nan,nan,nan,nan,nan,nan,0.9186239501638136,-0.2569880470011108,2.7471766965584345,20,20,23.8636953830719
1464,,0.4434010090737537,0.021114333765416844,5.409792518615722,1.0,1.0,1.0,1.0,0.0,0.7627118644067796,0.23728813559322035,0.0,0.528839529762488,0.12857142857142856,0.12857142857142856,0.7619047619047619,0.9992260253124784,0.04827202914827067,0.0,0.0,0.0,0.0,nan,nan,nan,nan,nan,nan,nan,nan,nan,nan,nan,0.46584479205232276,0.4175727629040521,2.781633526711762,20,20,3.7744150161743164
1465,,0.45838943497768925,0.025466079720982734,6.8969419479370115,1.0,1.0,1.0,1.0,0.0,0.7607655502392344,0.23923444976076555,0.0,0.5164537799234191,0.20277777777777778,0.20277777777777778,2.388888888888889,0.9986602194283398,0.07042495392126796,0.0,0.0,0.0,0.0,nan,nan,nan,nan,nan,nan,nan,nan,nan,nan,nan,0.4954941535225137,0.42506919960124573,2.9366357664935427,20,20,4.257452726364136
1466,,0.44423012444764254,0.029615341629842837,5.333600807189941,1.0,1.0,1.0,1.0,1.0,0.7816901408450704,0.2112676056338028,0.007042253521126761,0.517355421880881,0.11,0.11,0.8666666666666667,0.9989174546999556,0.04912250305307342,100.0,0.07536344999928404,1.0,0.07536344999928404,nan,nan,nan,nan,nan,nan,nan,nan,nan,nan,nan,0.47294112691347556,0.42381862386040214,2.816207631797978,20,20,2.6508901119232178
1467,,0.44988626915947694,0.02811789182246731,1.1827942609786988,1.0,1.0,1.0,1.0,1.0,0.6983240223463687,0.2849162011173184,0.01675977653631285,0.5272282929741777,0.278125,0.278125,2.0,0.9965876162920697,0.11168968631126769,66.66666666666666,0.05001229274982388,0.6666666666666666,0.12067078702074843,nan,nan,nan,nan,nan,nan,nan,nan,nan,nan,nan,0.4752698335154125,0.36358014720414483,2.7374258172009767,20,20,3.749551773071289
1468,,0.44270418643558374,0.027669011652223983,0.758878767490387,1.0,1.0,1.0,1.0,1.0,0.7865853658536586,0.20121951219512196,0.012195121951219513,0.5143607137957588,0.13125,0.13125,0.8125,0.9983101898538017,0.06477819353435349,100.0,0.14653051710824408,1.0,0.14653051710824408,nan,nan,nan,nan,nan,nan,nan,nan,nan,nan,nan,0.4707763119858752,0.40599811845152173,2.650704155673314,20,20,2.7174229621887207
1469,,0.44300916153523423,0.04027356013956675,0.40683588981628416,1.0,1.0,1.0,1.0,0.0,0.8518518518518519,0.14814814814814814,0.0,0.5026961865072901,0.06818181818181818,0.06818181818181818,0.09090909090909091,0.9982090583953503,0.07909289549513698,0.0,0.0,0.0,0.0,nan,nan,nan,nan,nan,nan,nan,nan,nan,nan,nan,0.4767425940273087,0.3976496985321717,2.745160430033409,20,20,1.9465420246124268
1470,,0.4519444854910455,0.01964976023874111,0.3648346781730652,1.0,1.0,1.0,1.0,0.0,0.8545454545454545,0.14545454545454545,0.0,0.5092665411693894,0.06739130434782609,0.06739130434782609,0.43478260869565216,0.9989006737270355,0.05402930916053106,0.0,0.0,0.0,0.0,nan,nan,nan,nan,nan,nan,nan,nan,nan,nan,nan,0.48012549329251636,0.4260961841319853,2.758172509175261,20,20,3.3068268299102783
1471,,-0.5656202270441155,0.001447932576519615,6.05029878616333,0.95,0.95,0.95,0.9714285714285714,0.0,0.8723404255319149,0.1276595744680851,0.0,0.5079430064231468,0.0033333333333333335,0.0033333333333333335,0.013333333333333334,0.8450125605790614,1.1500534637000406,0.0,0.0,0.0,0.0,nan,nan,nan,nan,nan,nan,nan,nan,nan,nan,nan,0.8963183212950614,-0.25373514240497924,2.7655957528098356,20,20,22.1683247089386
1472,,0.4476615758283526,0.029844105055223506,0.5449427425861358,1.0,1.0,1.0,1.0,0.0,0.831081081081081,0.16891891891891891,0.0,0.5133051308244467,0.08666666666666667,0.08666666666666667,0.3333333333333333,0.99882745134333,0.046767661652192205,0.0,0.0,0.0,0.0,nan,nan,nan,nan,nan,nan,nan,nan,nan,nan,nan,0.4721563382713571,0.4253886766191649,2.771973698456804,20,20,2.921903133392334
1473,,0.455902663033901,0.03039351086892673,1.0154302597045899,1.0,1.0,1.0,1.0,0.0,0.8162162162162162,0.1837837837837838,0.0,0.5160294855634372,0.16666666666666666,0.16666666666666666,1.1333333333333333,0.9992658072611986,0.04752051132821744,0.0,0.0,0.0,0.0,nan,nan,nan,nan,nan,nan,nan,nan,nan,nan,nan,0.4726240103283627,0.42510349900014527,2.5704655107554855,20,20,3.5681443214416504
1474,,-0.45735412709141965,0.0018088195763619344,1.2137677907943725,0.9,0.9,0.9,0.9842105263157894,1.0,0.7403100775193798,0.25193798449612403,0.007751937984496124,0.5073120510193209,0.01633333333333333,0.01633333333333333,0.08666666666666667,0.7709895939506101,1.1974179890552379,50.0,0.03376820348175618,0.5,0.07240065565845699,nan,nan,nan,nan,nan,nan,nan,nan,nan,nan,nan,0.9350403725913965,-0.26237761646384145,2.6838463913613557,20,20,22.83039093017578
1475,,0.4549803372376287,0.026763549249272277,0.8366355538368225,1.0,1.0,1.0,1.0,0.0,0.7923497267759563,0.20765027322404372,0.0,0.5140126019716262,0.20588235294117646,0.20588235294117646,2.0588235294117645,0.9986300571659557,0.04758206543063814,0.0,0.0,0.0,0.0,nan,nan,nan,nan,nan,nan,nan,nan,nan,nan,nan,0.47907846626838185,0.4314964008377437,2.9008882616494596,20,20,3.832710027694702
1476,,0.44741060998007887,0.023547926841056784,0.6040025591850281,1.0,1.0,1.0,1.0,0.0,0.8095238095238095,0.19047619047619047,0.0,0.5033646561793591,0.1368421052631579,0.1368421052631579,0.9473684210526315,0.998221336009479,0.07259992784647823,0.0,0.0,0.0,0.0,nan,nan,nan,nan,nan,nan,nan,nan,nan,nan,nan,0.4818097922356237,0.4092098643891455,2.739119227703279,20,20,3.226759910583496
1477,,0.4445424289571078,0.0404129480870098,0.39309556484222413,1.0,1.0,1.0,1.0,0.0,0.8319327731092437,0.16806722689075632,0.0,0.5135677771812136,0.07727272727272727,0.07727272727272727,0.36363636363636365,0.9989811494956511,0.050118952693533336,0.0,0.0,0.0,0.0,nan,nan,nan,nan,nan,nan,nan,nan,nan,nan,nan,0.46975283289406744,0.4196338802005341,2.675393607940304,20,20,1.7219860553741455
1478,,0.4506641064872766,0.03755534220727305,0.2857841193675995,1.0,1.0,1.0,1.0,0.0,0.8299319727891157,0.17006802721088435,0.0,0.514999672708412,0.15416666666666667,0.15416666666666667,0.5833333333333334,0.9991578813086213,0.04820251605870135,0.0,0.0,0.0,0.0,nan,nan,nan,nan,nan,nan,nan,nan,nan,nan,nan,0.46988975687017087,0.4216872408114695,2.8855816046296345,20,20,2.4333858489990234
1479,,0.445108211963779,0.02342674799809363,0.23095202445983887,1.0,1.0,1.0,1.0,1.0,0.782312925170068,0.2108843537414966,0.006802721088435374,0.5167234585277344,0.17105263157894737,0.17105263157894737,0.5263157894736842,0.9980969002566069,0.07764311011489267,0.0,-0.02123533308990859,0.0,0.0,nan,nan,nan,nan,nan,nan,nan,nan,nan,nan,nan,0.4670563992370882,0.3894132891221955,2.4809968607784354,20,20,3.102860927581787
1480,,0.4463304307591092,0.03188074505422209,0.35042030811309816,1.0,1.0,1.0,1.0,1.0,0.8152173913043478,0.1793478260869565,0.005434782608695652,0.4897959930023977,0.14642857142857144,0.14642857142857144,1.4285714285714286,0.9975698371034188,0.07106712630121576,0.0,-0.00065688303484851,0.0,0.0,nan,nan,nan,nan,nan,nan,nan,nan,nan,nan,nan,0.4786660597693111,0.40759893346809534,2.6794491352494827,20,20,3.2493317127227783
1481,,0.4471861538293115,0.03194186813066511,0.27799596190452575,1.0,1.0,1.0,1.0,1.0,0.8602150537634409,0.13440860215053763,0.005376344086021506,0.4997270819331918,0.13214285714285715,0.13214285714285715,1.3571428571428572,0.9981925756135722,0.0779331313661481,100.0,0.0610782272180497,1.0,0.0610782272180497,nan,nan,nan,nan,nan,nan,nan,nan,nan,nan,nan,0.4720659990532311,0.394132867687083,2.908587232988088,20,20,3.2693967819213867
1482,,-0.5175588788574652,0.001608137070475116,1.6757888317108154,0.9,0.9,0.9,0.9491525423728814,1.0,0.784688995215311,0.20574162679425836,0.009569377990430622,0.508754130128771,0.007166666666666667,0.007166666666666667,0.07,0.7460728209122366,1.1820656090372672,50.0,0.024799554588330625,0.5,0.05085311172796615,nan,nan,nan,nan,nan,nan,nan,nan,nan,nan,nan,0.930457730613752,-0.2516078784235152,2.66800855823066,20,20,22.157994270324707
1483,,0.45164296343938853,0.026567233143493442,1.6008885383605957,1.0,1.0,1.0,1.0,0.0,0.8011049723756906,0.19889502762430938,0.0,0.511826917244231,0.24705882352941178,0.24705882352941178,2.1176470588235294,0.9987184496561355,0.06467312524886037,0.0,0.0,0.0,0.0,nan,nan,nan,nan,nan,nan,nan,nan,nan,nan,nan,0.4810751461772857,0.4164020209284253,2.6830448749771314,20,20,3.918414354324341
1484,,0.4501006723591382,0.026476510138772835,0.5305771052837371,1.0,1.0,1.0,1.0,0.0,0.8435754189944135,0.1564245810055866,0.0,0.5097419649800834,0.12058823529411765,0.12058823529411765,0.47058823529411764,0.9982174758231109,0.07902100127461775,0.0,0.0,0.0,0.0,nan,nan,nan,nan,nan,nan,nan,nan,nan,nan,nan,0.47623055014419285,0.3972095488695751,2.8553123371221742,20,20,3.5376696586608887
1485,,0.4513173058881363,0.014103665809004259,6.716155529022217,1.0,1.0,1.0,1.0,1.0,0.7842105263157895,0.2,0.015789473684210527,0.5126279331510887,0.103125,0.103125,0.65625,0.9959950261886258,0.10341276946819783,66.66666666666666,0.041390678643857155,0.6666666666666666,0.09771612545058307,nan,nan,nan,nan,nan,nan,nan,nan,nan,nan,nan,0.47586274801032813,0.3724499785421303,2.7972680567949118,20,20,5.5720744132995605
1486,,0.4394496563182867,0.03662080469319056,0.4639571845531464,1.0,1.0,1.0,1.0,0.0,0.9259259259259259,0.07407407407407407,0.0,0.5056806734452645,0.05416666666666667,0.05416666666666667,0.5833333333333334,0.998221776110589,0.0799762220692447,0.0,0.0,0.0,0.0,nan,nan,nan,nan,nan,nan,nan,nan,nan,nan,nan,0.47228092967197033,0.3923047076027256,2.472117652501831,20,20,4.397347927093506
1487,,0.4559546341701377,0.030396975611342514,0.6324418663978577,1.0,1.0,1.0,1.0,0.0,0.8693181818181818,0.13068181818181818,0.0,0.5146943552295367,0.15666666666666668,0.15666666666666668,0.6666666666666666,0.9987784257638562,0.0652544042773942,0.0,0.0,0.0,0.0,nan,nan,nan,nan,nan,nan,nan,nan,nan,nan,nan,0.48169363747304406,0.41643923319564985,2.701856147470588,20,20,3.556030750274658
1488,,0.45162983603628254,0.03474075661817558,0.49212015271186826,1.0,1.0,1.0,1.0,0.0,0.9057971014492754,0.09420289855072464,0.0,0.5006015929751672,0.1076923076923077,0.1076923076923077,0.3076923076923077,0.9984780308129074,0.07476179521766524,0.0,0.0,0.0,0.0,nan,nan,nan,nan,nan,nan,nan,nan,nan,nan,nan,0.4721942711018896,0.39743247588422437,2.6134692765597856,20,20,2.183893918991089
1489,,0.44247652922237857,0.03687304410186488,0.4262683928012848,1.0,1.0,1.0,1.0,0.0,0.9083333333333333,0.09166666666666666,0.0,0.5169227592026194,0.125,0.125,0.5,0.9991109669239979,0.044176447581445066,0.0,0.0,0.0,0.0,nan,nan,nan,nan,nan,nan,nan,nan,nan,nan,nan,0.46770680536301074,0.42353035778156567,2.5285661735968725,20,20,1.7454278469085693
1490,,0.4455132725897501,0.024750737366097227,0.4422061204910278,1.0,1.0,1.0,1.0,1.0,0.8235294117647058,0.1588235294117647,0.01764705882352941,0.510654429346323,0.1388888888888889,0.1388888888888889,0.6111111111111112,0.9991519335032057,0.0429331664297366,33.33333333333333,-0.02192856230395727,0.3333333333333333,0.011016066894299265,nan,nan,nan,nan,nan,nan,nan,nan,nan,nan,nan,0.4662811227090014,0.4233479562792648,2.641006314351776,20,20,3.534822702407837
1491,,0.45917610167123185,0.027010358921837167,0.34269341826438904,1.0,1.0,1.0,1.0,1.0,0.797979797979798,0.18686868686868688,0.015151515151515152,0.5167985725271351,0.2529411764705882,0.2529411764705882,1.411764705882353,0.999111595780022,0.04987440485877609,100.0,0.22259368261164655,1.0,0.22259368261164655,nan,nan,nan,nan,nan,nan,nan,nan,nan,nan,nan,0.48064280644209845,0.43076840158332236,2.8032926174376405,20,20,4.378312110900879
1492,,0.4598694094453908,0.03065796062969272,0.3566366910934448,1.0,1.0,1.0,1.0,1.0,0.8341968911917098,0.16062176165803108,0.0051813471502590676,0.5188258420675993,0.18333333333333332,0.18333333333333332,1.1333333333333333,0.9994161772105069,0.03566844781182732,0.0,-0.11319300573141929,0.0,0.0,nan,nan,nan,nan,nan,nan,nan,nan,nan,nan,nan,0.4766178397491253,0.440949391937298,2.7256439811698336,20,20,3.5442428588867188
1493,,0.4506402781390977,0.032188591295649834,0.31136391758918763,1.0,1.0,1.0,1.0,1.0,0.8924731182795699,0.10215053763440861,0.005376344086021506,0.505962288113577,0.13214285714285715,0.13214285714285715,0.2857142857142857,0.9989669471467659,0.05840976314925833,100.0,0.0508866587293417,1.0,0.0508866587293417,nan,nan,nan,nan,nan,nan,nan,nan,nan,nan,nan,0.4768838956830042,0.4184741325337459,2.722566139855618,20,20,3.261565923690796
1494,,0.4534227511871108,0.028338921949194424,0.37136382460594175,1.0,1.0,1.0,1.0,1.0,0.7801047120418848,0.2094240837696335,0.010471204188481676,0.5207477364223451,0.3,0.3,1.4375,0.9992983115119267,0.040434984157308784,100.0,0.22210821919414636,1.0,0.22210821919414636,nan,nan,nan,nan,nan,nan,nan,nan,nan,nan,nan,0.47486255583140163,0.43442757167409285,2.4302622643937224,20,20,4.1325037479400635
1495,,-0.585965397438583,0.0013801153418713903,8.336099624633789,0.95,0.95,0.95,0.984375,1.0,0.8157894736842105,0.1736842105263158,0.010526315789473684,0.5077073264782472,0.014333333333333333,0.014333333333333333,0.08666666666666667,0.8788535441708051,0.7308934430950217,50.0,-0.03225778945209444,0.5,0.03549023275179397,nan,nan,nan,nan,nan,nan,nan,nan,nan,nan,nan,0.4785691244453402,-0.25232431864968147,2.3565471356896515,20,20,33.06697058677673
1496,,0.4553825086588993,0.025299028258827738,0.39691183567047117,1.0,1.0,1.0,1.0,1.0,0.8225806451612904,0.17204301075268819,0.005376344086021506,0.512659374707275,0.21666666666666667,0.21666666666666667,0.9444444444444444,0.9970318540801266,0.08453879346770077,100.0,0.02022597865242466,1.0,0.02022597865242466,nan,nan,nan,nan,nan,nan,nan,nan,nan,nan,nan,0.4804278449520454,0.3958890514843446,2.6210633027445662,20,20,3.5234761238098145
1497,,0.4442400823709361,0.034172314028533546,0.4455529510974884,1.0,1.0,1.0,1.0,1.0,0.8646616541353384,0.12030075187969924,0.015037593984962405,0.4951584529991333,0.15,0.15,0.5384615384615384,0.9984591382593568,0.06257096450406774,100.0,0.10009460484389332,1.0,0.10009460484389332,nan,nan,nan,nan,nan,nan,nan,nan,nan,nan,nan,0.4702816817020822,0.40771071719801444,2.643273606271862,20,20,2.2734744548797607
1498,,-0.37150885341283646,0.0020949704886238786,1.0720472812652588,0.95,0.95,0.95,0.9902439024390244,0.0,0.815068493150685,0.1815068493150685,0.003424657534246575,0.5066463484928633,0.018,0.018,0.12666666666666668,0.7746620748022434,1.6687155759089243,100.0,0.21544463687656315,1.0,0.21544463687656315,nan,nan,nan,nan,nan,nan,nan,nan,nan,nan,nan,1.380206183435071,-0.28850939247385343,2.4037283491564385,20,20,22.18825364112854
1499,,-0.35804860938899963,0.0021398379687033345,1.070869779586792,0.95,0.95,0.95,0.984375,1.0,0.828996282527881,0.16356877323420074,0.007434944237918215,0.5047848195272188,0.021166666666666667,0.021166666666666667,0.04,0.666358636752438,2.4718522725213945,100.0,0.18675819433620744,1.0,0.18675819433620744,nan,nan,nan,nan,nan,nan,nan,nan,nan,nan,nan,2.2178476281951296,-0.254004644326265,2.3481872568383166,20,20,22.854263067245483
1500,,0.44018886087310805,0.029345924058207202,3.5912641525268554,1.0,1.0,1.0,1.0,0.0,0.8983050847457628,0.1016949152542373,0.0,0.5035823787003756,0.06333333333333334,0.06333333333333334,0.2,0.9988471106897285,0.053321090609886046,0.0,0.0,0.0,0.0,nan,nan,nan,nan,nan,nan,nan,nan,nan,nan,nan,0.4635837809739372,0.41026269036405116,2.6383032773930486,20,20,1.8384864330291748
