[ConfigEffective] USE_SIMPLIFIED_CRITIC=False COMMWAIT_DIRECT_TO_CRITIC=True USE_LOGIT_BIAS=True USE_FIXED_POWER=False CTDE_GLOBAL_DIM=30 GLOBAL_STATE_SOURCE=env_single_source
[ScaleCheck] UNIFIED cap: step<=~0.335 ep<=~100.6 term=24.0 ep/term=4.19 (Td_min=0.40s, DT=0.10s, i_cap=3, e_cap=1.5)
[ConfigDump] saved: /root/vecOffloadingSim/runs/remote_1500ep_20260314_194744/config_dump.json
[ConfigSnapshot] saved: /root/vecOffloadingSim/runs/remote_1500ep_20260314_194744/logs/config_snapshot.json
[RunMeta] saved: /root/vecOffloadingSim/runs/remote_1500ep_20260314_194744/run_meta.json

======================================================================================================================
[Train] MAPPO VEC training started
======================================================================================================================
[Run] id=remote_1500ep_20260314_194744 seed=42 device=cuda reward=UNIFIED candidate=ALL (all_feasible=True)
[Train] episodes=1500 steps/ep=300 eval_interval=50 save_interval=100 baseline_eval=off
[Scenario] vehicles=20 rsu=2 map=1000.0m lanes=2 v2v_range=200.0m rsu_range=300.0m
[Physics] BW_V2I=10.00MHz BW_V2V=20.00MHz RB=10 Ptx=[0.0200,0.1995]W (13.0,23.0 dBm) DT=0.100s
[ScaleCheck] UNIFIED nominal: E_loc=9J E_tx=0.00750952J r_time=-0.0035 r_energy=-0.0115039 r_interf=-0.03 (B_RB=2e+06Hz, SNR=20dB, dt=0.1, Td=10, rho=0.7)
[Compute] f_local=[2.00,4.00]GHz f_rsu=5.00GHz
[PPO] lr=2.00e-04 gamma=0.995 gae=0.950 clip=0.250 ent=0.012 batch=256 epochs=5 d_model=128 layers=2
[Logging] step_metrics=off step_logs=off tb_obs=on
[Paths] run=/root/vecOffloadingSim/runs/remote_1500ep_20260314_194744
[Paths] logs=/root/vecOffloadingSim/runs/remote_1500ep_20260314_194744/logs  models=/root/vecOffloadingSim/runs/remote_1500ep_20260314_194744/models  plots=/root/vecOffloadingSim/runs/remote_1500ep_20260314_194744/plots
======================================================================================================================


    Ep    Wall    R/step     T_SR     V_SR     S_SR            L/R/V   Lat(s)       En     Miss      Ill      Ent       KL     Clip
--------------------------------------------------------------------------------------------------------------------------------
     1    51.0s   -0.0005    20.0%    20.0%    67.6%      21%/51%/29%    1.773    0.102    80.0%     0.0%   2.4613 -4.15e-05     3.7%
  [MA20] reward=-0.0005 task_sr=20.0% miss=80.0% time_limit=100.0% v2v=28.6%
  [PPO ] p_loss=0.0036 v_loss=7.8026 entropy=2.4613 grad=27.0925 active=100.0%
  [SIM ] avg_power(a)=0.4964 rsu_q=0.127 tx=111 no_tx=29 deadlock=0 svc=0.808GHz idle=0.0%
  → Best model saved: sr=0.200 miss=0.800 tl=1.000 cft=1.773 illegal=0.000
     2    31.9s    0.0004    45.0%    45.0%    75.7%      30%/45%/25%    0.918    0.022    50.0%     0.0%   2.0070  -0.0023     3.4%
     3    31.2s   -0.0002    30.0%    30.0%    80.6%      32%/38%/30%    1.359    0.088    65.0%     0.0%   2.0625   0.0110     3.5%
     4    29.3s    0.0016    75.0%    75.0%    90.6%      31%/45%/24%    1.368    0.056    25.0%     0.0%   1.9733   0.0114     3.2%
     5    72.0s   -0.0003    20.0%    20.0%    56.4%      30%/56%/14%    1.985    0.143    80.0%     0.0%   2.2321   0.0095     4.6%
     6     5.7s    0.0233   100.0%   100.0%   100.0%      26%/52%/22%    1.056    0.142     0.0%     0.0%   1.9627   0.0116     2.2%
     7     4.1s    0.0162    85.0%    85.0%    99.3%      22%/53%/24%    1.134    0.155    15.0%     0.0%   1.7874   0.0086     3.3%
     8    23.5s    0.0011    80.0%    80.0%    89.1%      28%/50%/21%    0.840    0.009    15.0%     0.0%   1.7431   0.0241     6.5%
     9    25.9s    0.0011    80.0%    80.0%    88.8%      20%/59%/21%    1.255    0.018    10.0%     0.0%   1.7718   0.0090     5.4%
    10    29.7s    0.0009    60.0%    60.0%    79.4%      20%/65%/15%    1.600    0.017    25.0%     0.0%   1.6914   0.0089     4.7%
  [MA20] reward=0.0044 task_sr=59.5% miss=36.5% time_limit=80.0% v2v=22.6%
  [PPO ] p_loss=0.0005 v_loss=1.0460 entropy=1.6914 grad=4.4469 active=100.0%
  [SIM ] avg_power(a)=0.5037 rsu_q=0.277 tx=131 no_tx=39 deadlock=0 svc=1.738GHz idle=0.0%
  → Best model saved: sr=0.595 miss=0.365 tl=0.800 cft=1.329 illegal=0.000
    11    25.3s    0.0015    80.0%    80.0%    92.4%      21%/57%/22%    1.545    0.015    10.0%     0.0%   1.6688   0.0028     5.0%
    12    31.5s    0.0014    75.0%    75.0%    87.9%      17%/62%/21%    1.363    0.020    20.0%     0.0%   1.7822   0.0125     5.2%
    13    41.6s    0.0001    40.0%    40.0%    73.3%      15%/60%/25%    1.414    0.026    60.0%     0.0%   1.8476   0.0080     5.3%
    14    22.7s    0.0010    75.0%    75.0%    90.1%      18%/57%/25%    0.839    0.015    25.0%     0.0%   1.7307   0.0067     6.0%
    15    30.2s    0.0007    65.0%    65.0%    87.2%      11%/69%/20%    1.826    0.013    30.0%     0.0%   1.8039   0.0112     4.7%
    16    23.6s    0.0018    85.0%    85.0%    92.4%      14%/66%/20%    0.923    0.008    10.0%     0.0%   1.6007  -0.0012     5.8%
    17    28.1s    0.0009    65.0%    65.0%    86.0%      12%/68%/20%    1.220    0.015    25.0%     0.0%   1.6680  -0.0055     5.5%
    18    32.1s    0.0010    65.0%    65.0%    81.7%      15%/65%/20%    1.550    0.019    25.0%     0.0%   1.5833   0.0055     6.9%
    19    21.5s    0.0018    95.0%    95.0%    96.6%      13%/71%/16%    1.016    0.007     5.0%     0.0%   1.4119   0.0083     4.5%
    20    29.3s    0.0011    70.0%    70.0%    91.1%      13%/71%/16%    1.603    0.023    25.0%     0.0%   1.5680   0.0027     4.9%
  [MA20] reward=0.0027 task_sr=65.5% miss=30.0% time_limit=90.0% v2v=21.6%
  [PPO ] p_loss=-0.0064 v_loss=1.0001 entropy=1.5680 grad=8.8004 active=100.0%
  [SIM ] avg_power(a)=0.5007 rsu_q=0.323 tx=162 no_tx=20 deadlock=0 svc=1.675GHz idle=0.0%
  → Best model saved: sr=0.655 miss=0.300 tl=0.900 cft=1.329 illegal=0.000

    Ep    Wall    R/step     T_SR     V_SR     S_SR            L/R/V   Lat(s)       En     Miss      Ill      Ent       KL     Clip
--------------------------------------------------------------------------------------------------------------------------------
    21    23.3s    0.0017    90.0%    90.0%    97.3%      14%/70%/17%    0.959    0.008     5.0%     0.0%   1.4012   0.0013     5.5%
    22    34.9s    0.0005    55.0%    55.0%    70.5%      11%/74%/15%    1.487    0.014    30.0%     0.0%   1.5420  -0.0047     3.8%
    23    25.8s    0.0015    85.0%    85.0%    92.7%       20%/71%/9%    1.140    0.010    15.0%     0.0%   1.5519   0.0079     4.0%
    24    20.8s    0.0017    95.0%    95.0%    97.6%      19%/63%/18%    0.912    0.005     5.0%     0.0%   1.4000   0.0090     5.2%
    25    21.0s    0.0015    95.0%    95.0%    98.4%      14%/69%/16%    0.866    0.005     5.0%     0.0%   1.3930   0.0077     6.3%
    26    44.4s   -0.0002    30.0%    30.0%    66.8%      21%/65%/14%    1.594    0.016    65.0%     0.0%   1.8089   0.0117     7.8%
    27    20.1s    0.0020    95.0%    95.0%    98.4%      29%/53%/18%    0.795    0.005     5.0%     0.0%   1.6136   0.0046     6.5%
    28    23.6s    0.0014    85.0%    85.0%    93.7%      28%/52%/21%    1.009    0.009    15.0%     0.0%   1.7444   0.0084     5.6%
    29    57.8s   -0.0001    30.0%    30.0%    70.6%      28%/61%/12%    2.472    0.057    70.0%     0.0%   2.2236   0.0172     4.3%
    30    23.9s    0.0010    70.0%    70.0%    87.0%      30%/46%/24%    0.777    0.042    30.0%     0.0%   1.9321   0.0074     1.7%
  [MA20] reward=0.0011 task_sr=72.2% miss=24.0% time_limit=100.0% v2v=18.4%
  [PPO ] p_loss=0.0094 v_loss=1.0482 entropy=1.9321 grad=17.1214 active=100.0%
  [SIM ] avg_power(a)=0.5047 rsu_q=0.050 tx=83 no_tx=38 deadlock=0 svc=0.864GHz idle=0.0%
    31    29.1s    0.0000    50.0%    50.0%    82.0%      33%/38%/30%    0.879    0.074    45.0%     0.0%   2.0561   0.0081     2.7%
    32    26.2s    0.0007    70.0%    70.0%    91.8%      31%/43%/27%    1.266    0.033    25.0%     0.0%   2.0373 -6.03e-05     1.5%
    33    41.4s   -0.0004    20.0%    20.0%    67.1%      34%/44%/21%    1.465    0.041    75.0%     0.0%   2.2404   0.0070     0.8%
    34    26.0s    0.0012    80.0%    80.0%    91.6%      29%/42%/28%    1.176    0.070    20.0%     0.0%   1.8990  -0.0019     1.5%
    35    43.4s   -0.0007    15.0%    15.0%    71.1%      28%/45%/27%    0.834    0.046    85.0%     0.0%   2.1826  -0.0038     3.1%
    36    69.0s   -0.0003    25.0%    25.0%    64.1%      24%/42%/34%    2.362    0.088    75.0%     0.0%   2.2284   0.0008     2.7%
    37     6.1s    0.0091    90.0%    90.0%    94.8%      28%/40%/31%    1.036    0.168    10.0%     0.0%   1.9502  -0.0029     2.3%
    38    34.0s    0.0015    85.0%    85.0%    94.9%      36%/37%/27%    1.208    0.143    10.0%     0.0%   1.9966   0.0124     1.5%
    39    22.6s   -0.0000    35.0%    35.0%    79.4%      27%/47%/26%    1.103    0.315    65.0%     0.0%   1.9786   0.0138     1.4%
    40    23.0s    0.0015    95.0%    95.0%    98.0%      33%/44%/24%    1.237    0.018     5.0%     0.0%   1.8885   0.0080     2.5%
  [MA20] reward=0.0012 task_sr=64.8% miss=33.0% time_limit=90.0% v2v=21.9%
  [PPO ] p_loss=-0.0005 v_loss=1.1037 entropy=1.8885 grad=18.6549 active=100.0%
  [SIM ] avg_power(a)=0.4975 rsu_q=0.150 tx=97 no_tx=53 deadlock=0 svc=1.289GHz idle=0.0%

    Ep    Wall    R/step     T_SR     V_SR     S_SR            L/R/V   Lat(s)       En     Miss      Ill      Ent       KL     Clip
--------------------------------------------------------------------------------------------------------------------------------
    41    24.8s    0.0007    65.0%    65.0%    90.6%      30%/43%/27%    0.889    0.035    30.0%     0.0%   1.8130   0.0024     1.5%
    42     5.9s    0.0087    85.0%    85.0%    88.5%      36%/41%/23%    0.858    0.136    15.0%     0.0%   1.7675   0.0129     2.0%
    43    24.1s    0.0016    85.0%    85.0%    92.4%      33%/46%/22%    1.021    0.009    15.0%     0.0%   1.7570  -0.0033     1.7%
    44    44.8s    0.0001    35.0%    35.0%    67.8%      33%/52%/14%    1.254    0.052    60.0%     0.0%   1.8787   0.0075     3.0%
    45    21.6s    0.0016    85.0%    85.0%    95.0%      39%/44%/17%    0.732    0.023    15.0%     0.0%   1.6794   0.0062     1.4%
    46    40.2s   -0.0000    35.0%    35.0%    66.7%      26%/61%/12%    1.349    0.014    60.0%     0.0%   2.0094   0.0103     2.2%
    47     7.9s    0.0045    75.0%    75.0%    94.7%      36%/41%/23%    0.985    0.174    25.0%     0.0%   1.8382   0.0065     2.5%
    48    25.2s    0.0016    85.0%    85.0%    94.1%      35%/48%/18%    1.299    0.014    15.0%     0.0%   1.7631   0.0054     0.9%
    49    23.4s    0.0013    85.0%    85.0%    92.1%      27%/56%/17%    0.930    0.005    10.0%     0.0%   1.7393   0.0035     1.3%
    50     3.5s    0.0246   100.0%   100.0%   100.0%      24%/51%/25%    1.086    0.114     0.0%     0.0%   1.7310  -0.0065     2.2%
  [MA20] reward=0.0029 task_sr=65.0% miss=33.0% time_limit=75.0% v2v=23.7%
  [PPO ] p_loss=-0.0117 v_loss=34.1847 entropy=1.7310 grad=135.5711 active=100.0%
  [SIM ] avg_power(a)=0.5119 rsu_q=2.647 tx=106 no_tx=35 deadlock=0 svc=18.956GHz idle=11.8%
    51    62.7s   -0.0005    15.0%    15.0%    57.4%      19%/61%/20%    1.949    0.072    85.0%     0.0%   2.0940   0.0069     1.9%
    52    27.6s    0.0013    85.0%    85.0%    92.0%      24%/51%/25%    1.265    0.038    15.0%     0.0%   1.8271   0.0036     2.1%
    53    29.5s    0.0008    65.0%    65.0%    86.2%      21%/57%/21%    1.470    0.069    30.0%     0.0%   1.8732   0.0038     2.4%
    54    22.4s    0.0017    85.0%    85.0%    83.9%      31%/46%/23%    0.810    0.007    10.0%     0.0%   1.7036   0.0032     1.5%
    55     2.6s    0.0382   100.0%   100.0%   100.0%      30%/48%/23%    0.771    0.114     0.0%     0.0%   1.8327   0.0086     2.5%
    56     9.5s    0.0057    75.0%    75.0%    89.6%      27%/52%/21%    1.629    0.272    25.0%     0.0%   1.8380   0.0110     2.1%
    57    28.7s    0.0009    75.0%    75.0%    92.7%      32%/50%/19%    1.531    0.022    20.0%     0.0%   1.7620   0.0126     3.0%
    58    28.7s    0.0013    75.0%    75.0%    85.9%      32%/51%/18%    1.422    0.046    25.0%     0.0%   1.7327   0.0015     3.1%
    59    21.9s    0.0016    95.0%    95.0%    98.3%      34%/50%/15%    1.080    0.006     5.0%     0.0%   1.6978   0.0074     2.9%
    60    26.8s    0.0015    85.0%    85.0%    93.8%      28%/56%/17%    1.421    0.017    10.0%     0.0%   1.6273   0.0018     2.5%
  [MA20] reward=0.0049 task_sr=74.5% miss=23.5% time_limit=75.0% v2v=20.0%
  [PPO ] p_loss=0.0015 v_loss=1.0106 entropy=1.6273 grad=10.4127 active=100.0%
  [SIM ] avg_power(a)=0.4996 rsu_q=0.130 tx=137 no_tx=48 deadlock=0 svc=1.523GHz idle=0.0%

    Ep    Wall    R/step     T_SR     V_SR     S_SR            L/R/V   Lat(s)       En     Miss      Ill      Ent       KL     Clip
--------------------------------------------------------------------------------------------------------------------------------
    61    27.0s    0.0009    60.0%    60.0%    84.4%      33%/54%/14%    1.069    0.013    40.0%     0.0%   1.7372   0.0066     3.0%
    62    23.9s    0.0017    90.0%    90.0%    93.1%      31%/51%/17%    1.227    0.008    10.0%     0.0%   1.5645   0.0091     3.4%
    63    21.4s    0.0013    85.0%    85.0%    93.6%      37%/47%/16%    1.010    0.010    15.0%     0.0%   1.4959   0.0082     3.2%
    64    26.4s    0.0017    85.0%    85.0%    85.9%      34%/55%/10%    0.963    0.008    15.0%     0.0%   1.4796 9.25e-05     3.0%
    65     3.6s    0.0253   100.0%   100.0%   100.0%      42%/47%/11%    0.916    0.052     0.0%     0.0%   1.5710   0.0128     6.3%
    66    23.9s    0.0013    75.0%    75.0%    89.4%       42%/49%/9%    0.905    0.019    25.0%     0.0%   1.5799   0.0137    10.3%
    67    21.7s    0.0018    90.0%    90.0%    94.6%      58%/32%/11%    0.775    0.003     5.0%     0.0%   1.5409   0.0024     5.6%
    68    22.4s    0.0019    95.0%    95.0%    95.9%      61%/29%/10%    1.025    0.005     5.0%     0.0%   1.5077   0.0004     3.7%
    69     7.7s    0.0048    80.0%    80.0%    95.8%      59%/30%/11%    0.989    0.112    20.0%     0.0%   1.4411   0.0090     3.0%
    70    23.2s    0.0015    85.0%    85.0%    94.5%      62%/29%/10%    1.130    0.006    10.0%     0.0%   1.5082  -0.0009     3.6%
  [MA20] reward=0.0047 task_sr=80.0% miss=18.5% time_limit=80.0% v2v=16.0%
  [PPO ] p_loss=0.0085 v_loss=1.2673 entropy=1.5082 grad=6.4835 active=100.0%
  [SIM ] avg_power(a)=0.4974 rsu_q=0.083 tx=67 no_tx=110 deadlock=0 svc=1.329GHz idle=0.0%
  → Best model saved: sr=0.726 miss=0.255 tl=0.820 cft=1.167 illegal=0.000
    71     3.9s    0.0271   100.0%   100.0%   100.0%       71%/23%/7%    1.014    0.052     0.0%     0.0%   1.4973   0.0063     4.1%
    72    23.6s    0.0019    95.0%    95.0%    98.9%       72%/18%/9%    1.279    0.009     5.0%     0.0%   1.4097   0.0127     4.1%
    73     2.8s    0.0269   100.0%   100.0%   100.0%      70%/17%/13%    0.739    0.040     0.0%     0.0%   1.3217   0.0053     5.6%
    74     9.5s    0.0036    75.0%    75.0%    92.8%       75%/18%/7%    0.697    0.137    25.0%     0.0%   1.3345   0.0118     4.5%
    75    28.4s    0.0014    95.0%    95.0%    98.8%       72%/23%/5%    1.055    0.005     5.0%     0.0%   1.4201   0.0075     5.5%
    76    21.5s    0.0016    95.0%    95.0%    99.5%       77%/18%/5%    1.251    0.002     5.0%     0.0%   1.3304   0.0105     4.9%
    77    24.0s    0.0016    95.0%    95.0%    98.4%       77%/16%/7%    1.272    0.007     5.0%     0.0%   1.3235   0.0055     4.6%
    78    23.0s    0.0017    95.0%    95.0%    99.5%       76%/19%/5%    1.219    0.003     5.0%     0.0%   1.2465   0.0061     6.6%
    79    24.3s    0.0016    85.0%    85.0%    93.3%       81%/15%/4%    1.228    0.003     5.0%     0.0%   1.2958   0.0067     6.4%
    80     3.5s    0.0182   100.0%   100.0%   100.0%       82%/13%/4%    0.918    0.013     0.0%     0.0%   1.0777   0.0080     3.5%
  [MA20] reward=0.0064 task_sr=89.0% miss=10.0% time_limit=70.0% v2v=9.3%
  [PPO ] p_loss=0.0018 v_loss=26.9030 entropy=1.0777 grad=102.0781 active=100.0%
  [SIM ] avg_power(a)=0.4962 rsu_q=0.125 tx=24 no_tx=112 deadlock=0 svc=13.472GHz idle=8.3%
  → Best model saved: sr=0.767 miss=0.217 tl=0.740 cft=1.140 illegal=0.000

    Ep    Wall    R/step     T_SR     V_SR     S_SR            L/R/V   Lat(s)       En     Miss      Ill      Ent       KL     Clip
--------------------------------------------------------------------------------------------------------------------------------
    81     1.9s    0.0397   100.0%   100.0%   100.0%       82%/14%/3%    0.678    0.032     0.0%     0.0%   1.0395   0.0016     5.3%
    82    23.6s    0.0017    95.0%    95.0%    99.0%        86%/9%/5%    1.176    0.003     5.0%     0.0%   1.1009   0.0047     4.0%
    83     4.9s    0.0173   100.0%   100.0%   100.0%        87%/6%/7%    0.930    0.057     0.0%     0.0%   1.0827   0.0046     4.8%
    84     6.0s    0.0098    85.0%    85.0%    89.2%       83%/6%/11%    1.161    0.134    15.0%     0.0%   1.1133   0.0219     6.7%
    85    21.1s    0.0017    90.0%    90.0%    96.0%       83%/10%/7%    0.897    0.002    10.0%     0.0%   0.9940   0.0005     7.5%
    86     2.7s    0.0296   100.0%   100.0%   100.0%        92%/5%/3%    0.950    0.010     0.0%     0.0%   0.9140  -0.0023     3.3%
    87     3.5s    0.0331   100.0%   100.0%   100.0%        94%/4%/2%    1.010    0.009     0.0%     0.0%   0.8977   0.0104     2.9%
    88     4.5s    0.0190   100.0%   100.0%   100.0%        88%/6%/6%    1.056    0.021     0.0%     0.0%   0.9021  -0.0017     3.7%
    89     2.6s    0.0295   100.0%   100.0%   100.0%        93%/4%/3%    0.793    0.010     0.0%     0.0%   0.9210   0.0024     2.8%
    90     2.9s    0.0293   100.0%   100.0%   100.0%        94%/6%/1%    0.868    0.001     0.0%     0.0%   0.8381  -0.0059     1.9%
  [MA20] reward=0.0148 task_sr=95.2% miss=4.2% time_limit=40.0% v2v=5.8%
  [PPO ] p_loss=-0.0035 v_loss=25.1365 entropy=0.8381 grad=94.3709 active=100.0%
  [SIM ] avg_power(a)=0.4987 rsu_q=0.000 tx=10 no_tx=150 deadlock=0 svc=20.025GHz idle=6.7%
  → Best model saved: sr=0.848 miss=0.140 tl=0.620 cft=1.079 illegal=0.000
    91     3.7s    0.0267   100.0%   100.0%   100.0%        93%/6%/1%    1.095    0.003     0.0%     0.0%   0.8462   0.0042     3.5%
    92     3.6s    0.0255   100.0%   100.0%   100.0%        92%/7%/1%    1.050    0.006     0.0%     0.0%   0.7430   0.0102     3.4%
    93     2.9s    0.0302   100.0%   100.0%   100.0%        95%/4%/1%    0.917    0.003     0.0%     0.0%   0.7354   0.0075     2.4%
    94     3.5s    0.0248   100.0%   100.0%   100.0%        92%/8%/1%    0.939    0.010     0.0%     0.0%   0.7412   0.0141     3.9%
    95     2.9s    0.0202   100.0%   100.0%   100.0%        94%/4%/1%    0.776    0.001     0.0%     0.0%   0.5923   0.0068     2.6%
    96     4.0s    0.0242   100.0%   100.0%   100.0%        96%/3%/1%    1.085    0.007     0.0%     0.0%   0.7172  -0.0051     2.3%
    97     4.5s    0.0207   100.0%   100.0%   100.0%        95%/5%/1%    1.167    0.004     0.0%     0.0%   0.6964   0.0099     2.9%
    98     6.3s    0.0186   100.0%   100.0%   100.0%        92%/7%/1%    1.045    0.004     0.0%     0.0%   0.7823   0.0120     4.4%
    99     5.3s    0.0211   100.0%   100.0%   100.0%        95%/4%/2%    1.401    0.012     0.0%     0.0%   0.6880   0.0163     3.4%
   100     4.6s    0.0207   100.0%   100.0%   100.0%        94%/5%/2%    1.159    0.010     0.0%     0.0%   0.6664   0.0161     3.9%
  [MA20] reward=0.0222 task_sr=98.5% miss=1.5% time_limit=10.0% v2v=2.9%
  [PPO ] p_loss=-0.0055 v_loss=2.2160 entropy=0.6664 grad=99.9508 active=100.0%
  [SIM ] avg_power(a)=0.5028 rsu_q=0.045 tx=12 no_tx=178 deadlock=0 svc=21.181GHz idle=9.1%
  [Checkpoint] saved: ep0100.pth

    Ep    Wall    R/step     T_SR     V_SR     S_SR            L/R/V   Lat(s)       En     Miss      Ill      Ent       KL     Clip
--------------------------------------------------------------------------------------------------------------------------------
   101     6.7s    0.0178   100.0%   100.0%   100.0%        95%/3%/3%    1.279    0.019     0.0%     0.0%   0.8033   0.0055     3.4%
   102     3.2s    0.0202   100.0%   100.0%   100.0%        97%/3%/0%    0.875 3.27e-04     0.0%     0.0%   0.6912   0.0025     1.4%
   103     2.6s    0.0291   100.0%   100.0%   100.0%        95%/4%/1%    0.755    0.004     0.0%     0.0%   0.6372   0.0019     3.4%
   104     1.8s    0.0399   100.0%   100.0%   100.0%        95%/3%/2%    0.642    0.003     0.0%     0.0%   0.5397   0.0036     2.8%
   105     3.0s    0.0315   100.0%   100.0%   100.0%        94%/6%/1%    0.839    0.002     0.0%     0.0%   0.7315   0.0199     3.3%
   106     3.3s    0.0276   100.0%   100.0%   100.0%        93%/6%/1%    0.998    0.009     0.0%     0.0%   0.7378   0.0117     3.8%
   107     3.7s    0.0236   100.0%   100.0%   100.0%        97%/2%/1%    1.026    0.006     0.0%     0.0%   0.7113   0.0007     1.2%
   108     4.7s    0.0180   100.0%   100.0%   100.0%        97%/2%/1%    1.167    0.001     0.0%     0.0%   0.7538   0.0044     1.9%
   109     4.1s    0.0285   100.0%   100.0%   100.0%        96%/3%/1%    1.067    0.003     0.0%     0.0%   0.8104  -0.0009     2.1%
   110     3.7s    0.0265   100.0%   100.0%   100.0%        96%/3%/1%    1.151    0.004     0.0%     0.0%   0.7237  -0.0032     2.7%
  [MA20] reward=0.0248 task_sr=100.0% miss=0.0% time_limit=0.0% v2v=1.0%
  [PPO ] p_loss=-0.0076 v_loss=1.2463 entropy=0.7237 grad=70.2240 active=100.0%
  [SIM ] avg_power(a)=0.5038 rsu_q=0.118 tx=8 no_tx=180 deadlock=0 svc=25.665GHz idle=5.9%
  → Best model saved: sr=0.950 miss=0.046 tl=0.320 cft=1.013 illegal=0.000
   111     6.2s    0.0215   100.0%   100.0%   100.0%        94%/5%/1%    1.079    0.006     0.0%     0.0%   0.7986   0.0108     3.2%
   112     2.5s    0.0318   100.0%   100.0%   100.0%        96%/3%/1%    0.758    0.004     0.0%     0.0%   0.6371   0.0067     2.2%
   113     3.0s    0.0295   100.0%   100.0%   100.0%        92%/6%/2%    0.928    0.008     0.0%     0.0%   0.6400   0.0052     4.4%
   114     5.8s    0.0245   100.0%   100.0%   100.0%        95%/2%/3%    1.014    0.003     0.0%     0.0%   0.7558   0.0034     3.6%
   115     3.2s    0.0246   100.0%   100.0%   100.0%        99%/1%/1%    0.890    0.001     0.0%     0.0%   0.6456   0.0043     1.3%
   116     4.1s    0.0237   100.0%   100.0%   100.0%        97%/2%/1%    1.073    0.004     0.0%     0.0%   0.7162   0.0071     2.4%
   117     2.3s    0.0320   100.0%   100.0%   100.0%        95%/4%/1%    0.791    0.003     0.0%     0.0%   0.5966   0.0078     2.1%
   118     4.5s    0.0215   100.0%   100.0%   100.0%        94%/5%/1%    1.080    0.003     0.0%     0.0%   0.6313  -0.0002     3.0%
   119     4.8s    0.0250   100.0%   100.0%   100.0%        97%/3%/0%    1.227 8.28e-04     0.0%     0.0%   0.6723  -0.0046     1.6%
   120     6.6s    0.0190   100.0%   100.0%   100.0%        95%/4%/1%    1.165    0.004     0.0%     0.0%   0.7085   0.0046     2.9%
  [MA20] reward=0.0258 task_sr=100.0% miss=0.0% time_limit=0.0% v2v=1.0%
  [PPO ] p_loss=0.0020 v_loss=0.9967 entropy=0.7085 grad=7.5811 active=100.0%
  [SIM ] avg_power(a)=0.5035 rsu_q=0.320 tx=9 no_tx=179 deadlock=0 svc=18.301GHz idle=8.0%
  → Best model saved: sr=0.981 miss=0.017 tl=0.160 cft=1.013 illegal=0.000

    Ep    Wall    R/step     T_SR     V_SR     S_SR            L/R/V   Lat(s)       En     Miss      Ill      Ent       KL     Clip
--------------------------------------------------------------------------------------------------------------------------------
   121     1.7s    0.0373   100.0%   100.0%   100.0%        99%/1%/0%    0.580 3.20e-05     0.0%     0.0%   0.4669   0.0007     0.4%
   122     3.8s    0.0216   100.0%   100.0%   100.0%        98%/2%/0%    1.074 6.14e-04     0.0%     0.0%   0.6582   0.0051     1.0%
   123     3.2s    0.0277   100.0%   100.0%   100.0%        98%/2%/0%    0.903    0.002     0.0%     0.0%   0.6908  -0.0014     1.4%
   124     4.1s    0.0228    95.0%    95.0%    99.5%        96%/3%/1%    1.128    0.002     0.0%     0.0%   0.6853  -0.0055     1.7%
   125     3.1s    0.0185   100.0%   100.0%   100.0%        99%/1%/0%    0.850 6.12e-06     0.0%     0.0%   0.5570   0.0007     0.3%
   126     4.4s    0.0203   100.0%   100.0%   100.0%        98%/1%/1%    1.159    0.003     0.0%     0.0%   0.6455   0.0056     1.1%
   127     4.9s    0.0137    95.0%    95.0%    99.5%        97%/3%/1%    1.064    0.002     5.0%     0.0%   0.6211   0.0036     2.3%
   128     4.1s    0.0264   100.0%   100.0%   100.0%        96%/3%/1%    0.995    0.006     0.0%     0.0%   0.6532   0.0053     2.1%
   129     1.8s    0.0372   100.0%   100.0%   100.0%        99%/1%/0%    0.703 3.61e-05     0.0%     0.0%   0.4890  -0.0062     0.8%
   130     6.0s    0.0222   100.0%   100.0%   100.0%        98%/1%/1%    0.931 5.77e-04     0.0%     0.0%   0.5765  -0.0039     1.0%
  [MA20] reward=0.0250 task_sr=99.5% miss=0.2% time_limit=0.0% v2v=0.7%
  [PPO ] p_loss=-0.0003 v_loss=1.4550 entropy=0.5765 grad=24.3413 active=100.0%
  [SIM ] avg_power(a)=0.4985 rsu_q=0.250 tx=3 no_tx=164 deadlock=0 svc=19.638GHz idle=10.0%
  → Best model saved: sr=0.992 miss=0.007 tl=0.040 cft=0.987 illegal=0.000
   131     2.3s    0.0261   100.0%   100.0%   100.0%        98%/2%/0%    0.711 2.70e-04     0.0%     0.0%   0.4739   0.0024     0.9%
   132     3.2s    0.0245   100.0%   100.0%   100.0%        97%/1%/1%    0.868    0.004     0.0%     0.0%   0.4639   0.0091     2.2%
   133     4.4s    0.0273   100.0%   100.0%   100.0%        98%/1%/1%    1.009    0.003     0.0%     0.0%   0.6110  -0.0011     1.4%
   134     3.9s    0.0227   100.0%   100.0%   100.0%        99%/1%/1%    1.080 9.07e-04     0.0%     0.0%   0.5424   0.0055     0.7%
   135     4.0s    0.0178   100.0%   100.0%   100.0%        98%/2%/0%    1.070 2.87e-04     0.0%     0.0%   0.5521   0.0013     1.4%
   136     6.2s    0.0192   100.0%   100.0%   100.0%        99%/1%/0%    0.986 3.37e-04     0.0%     0.0%   0.5660  -0.0027     0.7%
   137     2.7s    0.0343   100.0%   100.0%   100.0%        98%/1%/1%    0.863    0.001     0.0%     0.0%   0.5861  -0.0010     1.5%
   138     3.4s    0.0285   100.0%   100.0%   100.0%        99%/1%/0%    1.046 1.94e-05     0.0%     0.0%   0.5916   0.0012     0.5%
   139     4.0s    0.0149   100.0%   100.0%   100.0%        98%/2%/0%    1.001 2.26e-04     0.0%     0.0%   0.5403   0.0072     1.6%
   140     3.5s    0.0232   100.0%   100.0%   100.0%        98%/2%/1%    0.971    0.001     0.0%     0.0%   0.5740   0.0047     1.1%
  [MA20] reward=0.0243 task_sr=99.5% miss=0.2% time_limit=0.0% v2v=0.4%
  [PPO ] p_loss=0.0009 v_loss=1.0012 entropy=0.5740 grad=9.2800 active=100.0%
  [SIM ] avg_power(a)=0.5029 rsu_q=0.300 tx=4 no_tx=171 deadlock=0 svc=20.782GHz idle=20.0%

    Ep    Wall    R/step     T_SR     V_SR     S_SR            L/R/V   Lat(s)       En     Miss      Ill      Ent       KL     Clip
--------------------------------------------------------------------------------------------------------------------------------
   141     5.8s    0.0112   100.0%   100.0%   100.0%       100%/0%/0%    1.158 5.73e-05     0.0%     0.0%   0.5886  -0.0004     0.2%
   142     7.1s    0.0224   100.0%   100.0%   100.0%        99%/1%/0%    1.033 1.91e-04     0.0%     0.0%   0.6893  -0.0041     0.4%
   143     2.3s    0.0343   100.0%   100.0%   100.0%        98%/2%/0%    0.743 2.45e-04     0.0%     0.0%   0.5268   0.0059     1.1%
   144    23.5s    0.0015    95.0%    95.0%    98.4%        96%/3%/1%    0.609 6.38e-05     5.0%     0.0%   0.5075 8.75e-05     2.1%
   145     3.7s    0.0246   100.0%   100.0%   100.0%        99%/1%/1%    0.952 3.29e-04     0.0%     0.0%   0.5904   0.0061     0.7%
   146     3.8s    0.0158   100.0%   100.0%   100.0%        98%/2%/0%    0.966 1.95e-04     0.0%     0.0%   0.5138   0.0086     1.6%
   147     4.2s    0.0200   100.0%   100.0%   100.0%        99%/1%/0%    1.100 1.79e-04     0.0%     0.0%   0.5465 5.41e-05     0.5%
   148     3.7s    0.0296   100.0%   100.0%   100.0%        97%/3%/1%    0.960    0.005     0.0%     0.0%   0.6501   0.0106     2.5%
   149     4.0s    0.0240   100.0%   100.0%   100.0%        98%/2%/0%    1.145 6.37e-04     0.0%     0.0%   0.6005   0.0102     1.4%
   150     3.4s    0.0192   100.0%   100.0%   100.0%        99%/0%/1%    0.933    0.003     0.0%     0.0%   0.5906   0.0058     1.0%
  [MA20] reward=0.0221 task_sr=99.8% miss=0.2% time_limit=5.0% v2v=0.4%
  [PPO ] p_loss=0.0013 v_loss=1.1824 entropy=0.5906 grad=63.3036 active=100.0%
  [SIM ] avg_power(a)=0.5007 rsu_q=0.261 tx=2 no_tx=162 deadlock=0 svc=16.208GHz idle=8.7%
   151     6.4s    0.0143   100.0%   100.0%   100.0%        98%/2%/0%    1.353 1.46e-04     0.0%     0.0%   0.6212   0.0049     1.1%
   152     3.5s    0.0212   100.0%   100.0%   100.0%        99%/1%/0%    0.952 4.90e-05     0.0%     0.0%   0.5267  -0.0032     0.5%
   153     4.3s    0.0188   100.0%   100.0%   100.0%        98%/1%/1%    1.094 6.15e-04     0.0%     0.0%   0.5546   0.0023     1.1%
   154     3.6s    0.0285   100.0%   100.0%   100.0%        97%/2%/1%    1.045    0.002     0.0%     0.0%   0.5624   0.0030     1.9%
   155     4.4s    0.0251   100.0%   100.0%   100.0%        98%/2%/1%    1.106    0.002     0.0%     0.0%   0.6057   0.0096     1.7%
   156     4.5s    0.0179   100.0%   100.0%   100.0%        98%/1%/1%    1.113    0.001     0.0%     0.0%   0.5614   0.0041     1.2%
   157     3.9s    0.0198   100.0%   100.0%   100.0%        98%/2%/0%    0.931 7.26e-05     0.0%     0.0%   0.4883   0.0114     1.3%
   158     3.6s    0.0299   100.0%   100.0%   100.0%        99%/1%/0%    0.971 1.47e-04     0.0%     0.0%   0.5594  -0.0016     0.5%
   159     5.4s    0.0154   100.0%   100.0%   100.0%        98%/1%/1%    1.280 9.39e-04     0.0%     0.0%   0.5266   0.0103     1.1%
   160     2.1s    0.0402   100.0%   100.0%   100.0%        98%/1%/1%    0.697    0.004     0.0%     0.0%   0.5044   0.0116     1.3%
  [MA20] reward=0.0217 task_sr=99.8% miss=0.2% time_limit=5.0% v2v=0.4%
  [PPO ] p_loss=-0.0042 v_loss=1.2313 entropy=0.5044 grad=199.1736 active=100.0%
  [SIM ] avg_power(a)=0.5023 rsu_q=0.000 tx=3 no_tx=133 deadlock=0 svc=22.618GHz idle=9.1%

    Ep    Wall    R/step     T_SR     V_SR     S_SR            L/R/V   Lat(s)       En     Miss      Ill      Ent       KL     Clip
--------------------------------------------------------------------------------------------------------------------------------
   161     3.4s    0.0291   100.0%   100.0%   100.0%        99%/1%/1%    0.804    0.006     0.0%     0.0%   0.4459   0.0014     1.0%
   162     3.8s    0.0217   100.0%   100.0%   100.0%        99%/1%/0%    1.014 1.24e-04     0.0%     0.0%   0.5341  -0.0040     0.2%
   163     4.3s    0.0196   100.0%   100.0%   100.0%        99%/1%/1%    1.051 8.36e-04     0.0%     0.0%   0.5861  -0.0003     0.9%
   164     3.6s    0.0301   100.0%   100.0%   100.0%        98%/1%/1%    1.023    0.003     0.0%     0.0%   0.6356   0.0105     1.5%
   165     3.8s    0.0143   100.0%   100.0%   100.0%       100%/0%/0%    1.007    0.000     0.0%     0.0%   0.5293  -0.0003     0.0%
   166     3.9s    0.0261   100.0%   100.0%   100.0%        98%/1%/1%    0.951    0.014     0.0%     0.0%   0.5532   0.0014     1.5%
   167     2.8s    0.0256   100.0%   100.0%   100.0%       100%/0%/0%    0.776    0.000     0.0%     0.0%   0.5133   0.0020     0.0%
   168     3.7s    0.0304   100.0%   100.0%   100.0%        98%/1%/1%    1.044 4.71e-04     0.0%     0.0%   0.6049   0.0034     0.8%
   169     1.9s    0.0403   100.0%   100.0%   100.0%        99%/1%/0%    0.657 2.42e-04     0.0%     0.0%   0.4786   0.0004     0.2%
   170     4.4s    0.0240   100.0%   100.0%   100.0%        99%/1%/1%    1.091    0.002     0.0%     0.0%   0.6147   0.0011     0.6%
  [MA20] reward=0.0246 task_sr=100.0% miss=0.0% time_limit=0.0% v2v=0.4%
  [PPO ] p_loss=0.0002 v_loss=1.1934 entropy=0.6147 grad=90.0154 active=100.0%
  [SIM ] avg_power(a)=0.4986 rsu_q=0.000 tx=2 no_tx=191 deadlock=0 svc=24.038GHz idle=10.5%
   171     4.2s    0.0319   100.0%   100.0%   100.0%       100%/0%/0%    0.747    0.000     0.0%     0.0%   0.4919   0.0008     0.0%
   172     1.8s    0.0406   100.0%   100.0%   100.0%        99%/1%/0%    0.596 3.61e-04     0.0%     0.0%   0.4725  -0.0038     0.5%
   173     4.3s    0.0260   100.0%   100.0%   100.0%        99%/1%/1%    0.771 7.73e-04     0.0%     0.0%   0.5865   0.0022     1.3%
   174     3.8s    0.0233   100.0%   100.0%   100.0%       100%/0%/0%    0.848    0.000     0.0%     0.0%   0.4750   0.0010     0.0%
   175     4.7s    0.0298   100.0%   100.0%   100.0%        99%/1%/0%    0.743 1.08e-04     0.0%     0.0%   0.5293   0.0035     0.8%
   176     2.6s    0.0260   100.0%   100.0%   100.0%       100%/0%/0%    0.753    0.000     0.0%     0.0%   0.4669  -0.0019     0.0%
   177     2.5s    0.0300   100.0%   100.0%   100.0%        98%/2%/0%    0.776 2.78e-04     0.0%     0.0%   0.4549   0.0011     1.2%
   178     2.8s    0.0233   100.0%   100.0%   100.0%       100%/0%/0%    0.863    0.000     0.0%     0.0%   0.4994  -0.0005     0.0%
   179     4.0s    0.0266   100.0%   100.0%   100.0%       100%/0%/0%    1.032    0.001     0.0%     0.0%   0.6424   0.0045     0.4%
   180     4.1s    0.0231   100.0%   100.0%   100.0%        98%/1%/1%    1.098 7.87e-04     0.0%     0.0%   0.5754  -0.0027     0.8%
  [MA20] reward=0.0271 task_sr=100.0% miss=0.0% time_limit=0.0% v2v=0.3%
  [PPO ] p_loss=-0.0007 v_loss=1.2763 entropy=0.5754 grad=102.4694 active=100.0%
  [SIM ] avg_power(a)=0.4974 rsu_q=0.000 tx=3 no_tx=177 deadlock=0 svc=21.380GHz idle=10.5%

    Ep    Wall    R/step     T_SR     V_SR     S_SR            L/R/V   Lat(s)       En     Miss      Ill      Ent       KL     Clip
--------------------------------------------------------------------------------------------------------------------------------
   181     7.5s    0.0186   100.0%   100.0%   100.0%        97%/2%/1%    0.923    0.008     0.0%     0.0%   0.6132   0.0067     2.0%
   182     9.1s    0.0197   100.0%   100.0%   100.0%        97%/2%/1%    1.384    0.004     0.0%     0.0%   0.6587   0.0062     1.6%
   183     2.8s    0.0263   100.0%   100.0%   100.0%        99%/1%/0%    0.848 2.53e-05     0.0%     0.0%   0.5991  -0.0021     0.2%
   184     3.3s    0.0169   100.0%   100.0%   100.0%       100%/0%/0%    0.887    0.000     0.0%     0.0%   0.5168   0.0019     0.0%
   185     5.1s    0.0328   100.0%   100.0%   100.0%        99%/1%/0%    1.030 3.27e-04     0.0%     0.0%   0.6745   0.0028     0.0%
   186     4.4s    0.0192   100.0%   100.0%   100.0%       100%/0%/0%    0.835    0.000     0.0%     0.0%   0.5873   0.0011     0.0%
   187     3.0s    0.0282   100.0%   100.0%   100.0%        99%/1%/0%    0.952 1.94e-04     0.0%     0.0%   0.5439   0.0036     0.5%
   188     2.5s    0.0317   100.0%   100.0%   100.0%        99%/1%/0%    0.780 5.97e-05     0.0%     0.0%   0.5175   0.0021     0.3%
   189     4.1s    0.0177   100.0%   100.0%   100.0%        99%/1%/0%    1.004 5.49e-05     0.0%     0.0%   0.5214  -0.0005     0.3%
   190     3.6s    0.0324   100.0%   100.0%   100.0%        98%/1%/1%    1.051    0.002     0.0%     0.0%   0.5968  -0.0067     1.9%
  [MA20] reward=0.0262 task_sr=100.0% miss=0.0% time_limit=0.0% v2v=0.2%
  [PPO ] p_loss=0.0153 v_loss=1.1536 entropy=0.5968 grad=165.2551 active=100.0%
  [SIM ] avg_power(a)=0.5029 rsu_q=0.000 tx=4 no_tx=184 deadlock=0 svc=30.730GHz idle=7.1%
   191     3.4s    0.0224   100.0%   100.0%   100.0%        99%/1%/0%    0.795 8.04e-05     0.0%     0.0%   0.5507   0.0054     0.7%
   192     3.5s    0.0177   100.0%   100.0%   100.0%        98%/1%/1%    0.792 1.45e-04     0.0%     0.0%   0.4912   0.0069     1.0%
   193     2.1s    0.0367   100.0%   100.0%   100.0%        99%/1%/0%    0.758 8.16e-05     0.0%     0.0%   0.5651   0.0048     0.7%
   194     4.4s    0.0154   100.0%   100.0%   100.0%        96%/4%/0%    1.087 8.42e-04     0.0%     0.0%   0.5358   0.0046     1.8%
   195     2.4s    0.0244   100.0%   100.0%   100.0%        98%/2%/0%    0.739 5.70e-04     0.0%     0.0%   0.5299  -0.0100     1.4%
   196     4.1s    0.0197   100.0%   100.0%   100.0%        98%/2%/0%    1.172 4.73e-04     0.0%     0.0%   0.6022   0.0010     1.5%
   197     2.0s    0.0340   100.0%   100.0%   100.0%        96%/3%/1%    0.708    0.002     0.0%     0.0%   0.5358   0.0114     3.0%
   198     2.3s    0.0345   100.0%   100.0%   100.0%        98%/1%/1%    0.770    0.003     0.0%     0.0%   0.5552  -0.0050     1.7%
   199     3.0s    0.0210   100.0%   100.0%   100.0%        99%/1%/0%    0.883 1.96e-05     0.0%     0.0%   0.4534   0.0016     0.4%
   200     3.8s    0.0200   100.0%   100.0%   100.0%        99%/1%/1%    1.080    0.001     0.0%     0.0%   0.5749   0.0042     0.7%
  [MA20] reward=0.0245 task_sr=100.0% miss=0.0% time_limit=0.0% v2v=0.3%
  [PPO ] p_loss=0.0006 v_loss=1.0570 entropy=0.5749 grad=76.4118 active=100.0%
  [SIM ] avg_power(a)=0.4990 rsu_q=0.000 tx=2 no_tx=170 deadlock=0 svc=18.995GHz idle=13.6%
  [Checkpoint] saved: ep0200.pth

    Ep    Wall    R/step     T_SR     V_SR     S_SR            L/R/V   Lat(s)       En     Miss      Ill      Ent       KL     Clip
--------------------------------------------------------------------------------------------------------------------------------
   201     5.1s    0.0173   100.0%   100.0%   100.0%        98%/2%/0%    1.316 6.73e-04     0.0%     0.0%   0.5969 3.76e-05     2.1%
   202     2.0s    0.0298   100.0%   100.0%   100.0%        98%/2%/0%    0.631 2.62e-04     0.0%     0.0%   0.4264   0.0078     1.0%
   203     2.2s    0.0260   100.0%   100.0%   100.0%        99%/1%/0%    0.676 1.19e-04     0.0%     0.0%   0.4636  -0.0032     0.5%
   204     5.3s    0.0159   100.0%   100.0%   100.0%       100%/0%/0%    1.184    0.000     0.0%     0.0%   0.5380  -0.0004     0.0%
   205     5.5s    0.0222   100.0%   100.0%   100.0%        98%/2%/1%    0.911    0.002     0.0%     0.0%   0.5836   0.0082     1.3%
   206     3.9s    0.0224   100.0%   100.0%   100.0%        97%/2%/2%    1.027    0.006     0.0%     0.0%   0.5502   0.0095     1.5%
   207     4.4s    0.0193   100.0%   100.0%   100.0%        98%/2%/0%    1.193 5.59e-04     0.0%     0.0%   0.5812   0.0095     1.7%
   208     3.3s    0.0281   100.0%   100.0%   100.0%        98%/2%/0%    0.944 8.44e-04     0.0%     0.0%   0.5597   0.0072     1.4%
   209     2.1s    0.0346   100.0%   100.0%   100.0%        99%/1%/0%    0.735 1.39e-04     0.0%     0.0%   0.4579   0.0013     0.9%
   210     4.3s    0.0148   100.0%   100.0%   100.0%        99%/1%/0%    1.055 1.65e-04     0.0%     0.0%   0.5601   0.0023     0.1%
  [MA20] reward=0.0238 task_sr=100.0% miss=0.0% time_limit=0.0% v2v=0.3%
  [PPO ] p_loss=-0.0003 v_loss=0.9858 entropy=0.5601 grad=5.7889 active=100.0%
  [SIM ] avg_power(a)=0.5007 rsu_q=0.129 tx=1 no_tx=172 deadlock=0 svc=13.512GHz idle=16.1%
   211     2.1s    0.0338   100.0%   100.0%   100.0%        99%/1%/0%    0.784 2.28e-04     0.0%     0.0%   0.4909  -0.0016     0.7%
   212     4.9s    0.0214   100.0%   100.0%   100.0%        99%/1%/1%    0.781 2.44e-04     0.0%     0.0%   0.4580  -0.0012     0.9%
   213     3.6s    0.0240   100.0%   100.0%   100.0%        98%/1%/1%    0.994    0.001     0.0%     0.0%   0.5125   0.0055     1.2%
   214     3.6s    0.0200   100.0%   100.0%   100.0%        99%/1%/0%    1.099 6.31e-05     0.0%     0.0%   0.5040  -0.0051     0.6%
   215     3.2s    0.0316   100.0%   100.0%   100.0%        99%/1%/0%    0.770 1.60e-04     0.0%     0.0%   0.4883   0.0013     0.6%
   216     5.2s    0.0186   100.0%   100.0%   100.0%        98%/1%/0%    1.355    0.001     0.0%     0.0%   0.5681   0.0137     1.5%
   217     3.0s    0.0320   100.0%   100.0%   100.0%        99%/1%/0%    0.733 1.16e-04     0.0%     0.0%   0.5374   0.0057     1.1%
   218     4.7s    0.0138    95.0%    95.0%    99.4%        99%/1%/0%    1.161 4.54e-05     5.0%     0.0%   0.5122  -0.0004     0.1%
   219     2.2s    0.0314   100.0%   100.0%   100.0%        98%/2%/0%    0.735 4.56e-04     0.0%     0.0%   0.4367 6.35e-06     0.6%
   220     4.4s    0.0252   100.0%   100.0%   100.0%        99%/1%/0%    1.033 1.45e-04     0.0%     0.0%   0.6348  -0.0011     0.4%
  [MA20] reward=0.0241 task_sr=99.8% miss=0.2% time_limit=0.0% v2v=0.2%
  [PPO ] p_loss=0.0010 v_loss=1.8842 entropy=0.6348 grad=155.0341 active=100.0%
  [SIM ] avg_power(a)=0.5010 rsu_q=0.167 tx=1 no_tx=185 deadlock=0 svc=26.417GHz idle=16.7%

    Ep    Wall    R/step     T_SR     V_SR     S_SR            L/R/V   Lat(s)       En     Miss      Ill      Ent       KL     Clip
--------------------------------------------------------------------------------------------------------------------------------
   221     3.5s    0.0265   100.0%   100.0%   100.0%        99%/0%/1%    1.010    0.002     0.0%     0.0%   0.5451  -0.0017     0.9%
   222     3.3s    0.0246   100.0%   100.0%   100.0%        99%/1%/0%    0.954 1.79e-05     0.0%     0.0%   0.5059   0.0029     0.5%
   223     4.1s    0.0197   100.0%   100.0%   100.0%        99%/1%/0%    1.223 9.19e-05     0.0%     0.0%   0.5171   0.0041     0.1%
   224     3.8s    0.0245   100.0%   100.0%   100.0%        99%/0%/1%    1.062 8.20e-04     0.0%     0.0%   0.5874   0.0046     0.6%
   225     2.4s    0.0246   100.0%   100.0%   100.0%        99%/1%/0%    0.733 7.07e-05     0.0%     0.0%   0.4183   0.0049     0.5%
   226     2.0s    0.0318   100.0%   100.0%   100.0%        99%/1%/0%    0.641 2.09e-05     0.0%     0.0%   0.4324   0.0010     0.2%
   227     2.1s    0.0404   100.0%   100.0%   100.0%        98%/2%/0%    0.668    0.002     0.0%     0.0%   0.5075   0.0038     1.5%
   228     1.9s    0.0318   100.0%   100.0%   100.0%        99%/1%/0%    0.647 4.31e-05     0.0%     0.0%   0.4795  -0.0022     0.5%
   229     8.6s    0.0164   100.0%   100.0%   100.0%        99%/1%/0%    1.344 6.32e-04     0.0%     0.0%   0.5633   0.0009     0.9%
   230     3.5s    0.0199   100.0%   100.0%   100.0%        99%/1%/1%    0.988 6.65e-04     0.0%     0.0%   0.5058   0.0018     0.7%
  [MA20] reward=0.0256 task_sr=99.8% miss=0.2% time_limit=0.0% v2v=0.2%
  [PPO ] p_loss=0.0013 v_loss=1.0184 entropy=0.5058 grad=46.2196 active=100.0%
  [SIM ] avg_power(a)=0.4994 rsu_q=0.136 tx=2 no_tx=166 deadlock=0 svc=17.870GHz idle=13.6%
   231     2.9s    0.0233   100.0%   100.0%   100.0%       100%/0%/0%    0.758    0.000     0.0%     0.0%   0.3858   0.0050     0.0%
   232     2.6s    0.0235   100.0%   100.0%   100.0%        98%/1%/1%    0.798    0.002     0.0%     0.0%   0.4564   0.0070     1.7%
   233     2.4s    0.0343   100.0%   100.0%   100.0%        99%/0%/1%    0.764 4.60e-04     0.0%     0.0%   0.4340   0.0041     0.7%
   234     5.3s    0.0222   100.0%   100.0%   100.0%        98%/1%/1%    0.947    0.001     0.0%     0.0%   0.5279   0.0103     1.4%
   235     5.3s    0.0165   100.0%   100.0%   100.0%       100%/0%/0%    1.299    0.000     0.0%     0.0%   0.5614   0.0008     0.0%
   236     4.2s    0.0145   100.0%   100.0%   100.0%       100%/0%/0%    1.053    0.000     0.0%     0.0%   0.5491   0.0009     0.0%
   237     2.1s    0.0370   100.0%   100.0%   100.0%       100%/0%/0%    0.688    0.000     0.0%     0.0%   0.4207  -0.0010     0.0%
   238     5.1s    0.0192   100.0%   100.0%   100.0%       100%/0%/0%    0.964    0.000     0.0%     0.0%   0.5628  -0.0002     0.0%
   239     2.4s    0.0319   100.0%   100.0%   100.0%        99%/0%/1%    0.806    0.002     0.0%     0.0%   0.4986   0.0002     0.3%
   240     4.6s    0.0153   100.0%   100.0%   100.0%        97%/3%/0%    1.107 5.77e-04     0.0%     0.0%   0.5618   0.0055     2.2%
  [MA20] reward=0.0249 task_sr=100.0% miss=0.0% time_limit=0.0% v2v=0.2%
  [PPO ] p_loss=0.0018 v_loss=1.0711 entropy=0.5618 grad=105.4705 active=100.0%
  [SIM ] avg_power(a)=0.4996 rsu_q=0.138 tx=5 no_tx=180 deadlock=0 svc=14.707GHz idle=10.3%

    Ep    Wall    R/step     T_SR     V_SR     S_SR            L/R/V   Lat(s)       En     Miss      Ill      Ent       KL     Clip
--------------------------------------------------------------------------------------------------------------------------------
   241     3.5s    0.0230   100.0%   100.0%   100.0%        99%/1%/0%    1.024 2.73e-04     0.0%     0.0%   0.4914   0.0022     0.6%
   242     4.3s    0.0158   100.0%   100.0%   100.0%        99%/1%/0%    1.029 1.69e-04     0.0%     0.0%   0.5125   0.0005     0.5%
   243     4.2s    0.0196   100.0%   100.0%   100.0%        99%/1%/0%    1.127 5.06e-04     0.0%     0.0%   0.5307   0.0071     0.7%
   244     2.5s    0.0293   100.0%   100.0%   100.0%        99%/1%/0%    0.795 2.24e-04     0.0%     0.0%   0.5055  -0.0005     0.5%
   245     1.9s    0.0344   100.0%   100.0%   100.0%        98%/2%/0%    0.658    0.001     0.0%     0.0%   0.4015   0.0135     2.2%
   246     4.2s    0.0317   100.0%   100.0%   100.0%       100%/0%/0%    0.762    0.000     0.0%     0.0%   0.5084   0.0001     0.0%
   247     3.5s    0.0263   100.0%   100.0%   100.0%        99%/0%/1%    0.910    0.002     0.0%     0.0%   0.5327   0.0027     0.4%
   248     4.2s    0.0240   100.0%   100.0%   100.0%        99%/1%/1%    1.142    0.002     0.0%     0.0%   0.5750   0.0057     0.8%
   249     2.3s    0.0315   100.0%   100.0%   100.0%       100%/0%/0%    0.772    0.000     0.0%     0.0%   0.4977  -0.0020     0.0%
   250     2.8s    0.0247   100.0%   100.0%   100.0%       100%/0%/0%    0.779    0.000     0.0%     0.0%   0.4293 -3.36e-05     0.0%
  [MA20] reward=0.0249 task_sr=100.0% miss=0.0% time_limit=0.0% v2v=0.2%
  [PPO ] p_loss=0.0016 v_loss=1.0868 entropy=0.4293 grad=37.1205 active=100.0%
  [SIM ] avg_power(a)=0.4991 rsu_q=0.000 tx=0 no_tx=142 deadlock=0 svc=17.838GHz idle=16.7%
   251     2.9s    0.0228   100.0%   100.0%   100.0%        99%/0%/1%    0.781 8.09e-05     0.0%     0.0%   0.4408  -0.0003     0.3%
   252     4.8s    0.0239   100.0%   100.0%   100.0%        99%/1%/0%    1.114 1.61e-04     0.0%     0.0%   0.5494   0.0015     0.8%
   253     3.4s    0.0233   100.0%   100.0%   100.0%        99%/1%/0%    0.984 5.93e-05     0.0%     0.0%   0.5264   0.0057     0.6%
   254     3.8s    0.0234   100.0%   100.0%   100.0%       100%/0%/0%    0.975    0.000     0.0%     0.0%   0.5590  -0.0009     0.0%
   255     2.6s    0.0316   100.0%   100.0%   100.0%        99%/1%/0%    0.749 4.93e-05     0.0%     0.0%   0.4138  -0.0019     0.5%
   256     5.4s    0.0138   100.0%   100.0%   100.0%       100%/0%/0%    1.175 1.28e-04     0.0%     0.0%   0.5416   0.0061     0.5%
   257     5.0s    0.0227   100.0%   100.0%   100.0%        99%/1%/0%    0.992 1.10e-04     0.0%     0.0%   0.6081  -0.0004     0.2%
   258     2.7s    0.0298   100.0%   100.0%   100.0%        99%/1%/0%    0.839 2.89e-05     0.0%     0.0%   0.5315   0.0033     0.4%
   259     4.6s    0.0204   100.0%   100.0%   100.0%        98%/2%/0%    1.078 3.23e-04     0.0%     0.0%   0.5908  -0.0019     0.8%
   260     2.9s    0.0249   100.0%   100.0%   100.0%        98%/2%/0%    0.714 1.20e-04     0.0%     0.0%   0.4601  -0.0074     1.5%
  [MA20] reward=0.0248 task_sr=100.0% miss=0.0% time_limit=0.0% v2v=0.1%
  [PPO ] p_loss=-0.0053 v_loss=1.0832 entropy=0.4601 grad=84.7325 active=100.0%
  [SIM ] avg_power(a)=0.4996 rsu_q=0.000 tx=2 no_tx=131 deadlock=0 svc=16.235GHz idle=11.1%

    Ep    Wall    R/step     T_SR     V_SR     S_SR            L/R/V   Lat(s)       En     Miss      Ill      Ent       KL     Clip
--------------------------------------------------------------------------------------------------------------------------------
   261     3.3s    0.0297   100.0%   100.0%   100.0%        98%/2%/0%    0.900    0.001     0.0%     0.0%   0.5584   0.0106     1.6%
   262     4.3s    0.0179   100.0%   100.0%   100.0%        99%/1%/0%    1.053 4.59e-05     0.0%     0.0%   0.5297  -0.0029     0.3%
   263     3.2s    0.0247   100.0%   100.0%   100.0%        99%/1%/0%    0.866 2.38e-04     0.0%     0.0%   0.5259   0.0019     0.4%
   264     2.7s    0.0318   100.0%   100.0%   100.0%        99%/1%/0%    0.821 6.49e-04     0.0%     0.0%   0.5505   0.0010     0.7%
   265     3.6s    0.0181   100.0%   100.0%   100.0%        99%/1%/0%    0.908 7.12e-05     0.0%     0.0%   0.5444   0.0040     0.4%
   266     2.8s    0.0246   100.0%   100.0%   100.0%        98%/2%/0%    0.864 3.63e-04     0.0%     0.0%   0.5020   0.0066     1.4%
   267     8.7s    0.0146   100.0%   100.0%   100.0%        99%/1%/0%    1.184 2.42e-04     0.0%     0.0%   0.5256  -0.0036     0.5%
   268     7.0s    0.0197   100.0%   100.0%   100.0%        98%/2%/1%    1.080    0.001     0.0%     0.0%   0.6042   0.0075     1.4%
   269     3.5s    0.0285   100.0%   100.0%   100.0%        98%/2%/1%    1.035    0.006     0.0%     0.0%   0.5654   0.0048     1.3%
   270    26.8s    0.0014    95.0%    95.0%    97.5%        97%/2%/1%    0.831 8.76e-05     5.0%     0.0%   0.5926   0.0143     2.0%
  [MA20] reward=0.0224 task_sr=99.8% miss=0.2% time_limit=5.0% v2v=0.1%
  [PPO ] p_loss=-0.0050 v_loss=9.3208 entropy=0.5926 grad=59.3319 active=100.0%
  [SIM ] avg_power(a)=0.5001 rsu_q=0.023 tx=5 no_tx=153 deadlock=0 svc=1.028GHz idle=0.0%
   271     3.0s    0.0209   100.0%   100.0%   100.0%        97%/3%/0%    0.879 1.89e-04     0.0%     0.0%   0.4330  -0.0048     2.1%
   272     2.0s    0.0370   100.0%   100.0%   100.0%        96%/4%/0%    0.682 7.60e-04     0.0%     0.0%   0.5391   0.0149     2.5%
   273     4.4s    0.0159   100.0%   100.0%   100.0%        99%/1%/0%    1.149 8.10e-05     0.0%     0.0%   0.6143   0.0008     0.2%
   274     3.7s    0.0151   100.0%   100.0%   100.0%        98%/2%/1%    1.035    0.002     0.0%     0.0%   0.5479   0.0094     1.8%
   275     7.4s    0.0229   100.0%   100.0%   100.0%        99%/1%/0%    1.067 1.58e-04     0.0%     0.0%   0.6768   0.0029     0.4%
   276     3.8s    0.0407   100.0%   100.0%   100.0%        99%/1%/0%    0.731 8.34e-04     0.0%     0.0%   0.5515  -0.0009     0.9%
   277     5.2s    0.0110    90.0%    90.0%    99.4%        96%/4%/0%    0.972 5.40e-04    10.0%     0.0%   0.5942   0.0096     1.5%
   278     5.0s    0.0165   100.0%   100.0%   100.0%        98%/1%/1%    1.208    0.001     0.0%     0.0%   0.5900   0.0084     1.2%
   279     4.1s    0.0227   100.0%   100.0%   100.0%        97%/3%/1%    1.012    0.002     0.0%     0.0%   0.5915  -0.0051     2.4%
   280     3.3s    0.0302   100.0%   100.0%   100.0%        99%/1%/1%    1.020    0.001     0.0%     0.0%   0.6275   0.0013     0.5%
  [MA20] reward=0.0222 task_sr=99.2% miss=0.8% time_limit=5.0% v2v=0.2%
  [PPO ] p_loss=-0.0005 v_loss=1.9703 entropy=0.6275 grad=221.0340 active=100.0%
  [SIM ] avg_power(a)=0.5032 rsu_q=0.000 tx=2 no_tx=180 deadlock=0 svc=29.157GHz idle=13.3%

    Ep    Wall    R/step     T_SR     V_SR     S_SR            L/R/V   Lat(s)       En     Miss      Ill      Ent       KL     Clip
--------------------------------------------------------------------------------------------------------------------------------
   281     2.7s    0.0315   100.0%   100.0%   100.0%        98%/2%/0%    0.872 2.91e-04     0.0%     0.0%   0.5813   0.0035     2.3%
   282     2.9s    0.0378   100.0%   100.0%   100.0%        98%/2%/0%    0.906    0.002     0.0%     0.0%   0.6138   0.0097     1.4%
   283     1.9s    0.0370   100.0%   100.0%   100.0%        99%/1%/0%    0.643 6.88e-05     0.0%     0.0%   0.5293   0.0017     0.6%
   284     4.5s    0.0206   100.0%   100.0%   100.0%        99%/1%/1%    1.124 6.20e-04     0.0%     0.0%   0.6688  -0.0045     0.5%
   285     3.7s    0.0264   100.0%   100.0%   100.0%        98%/2%/0%    0.978 3.14e-04     0.0%     0.0%   0.6218   0.0031     1.4%
   286     4.0s    0.0306   100.0%   100.0%   100.0%        98%/2%/0%    1.109 5.64e-04     0.0%     0.0%   0.6148   0.0090     1.5%
   287     3.8s    0.0140   100.0%   100.0%   100.0%        99%/1%/0%    0.868 4.18e-05     0.0%     0.0%   0.5329   0.0015     0.5%
   288     3.5s    0.0322   100.0%   100.0%   100.0%        98%/2%/0%    1.006 3.68e-04     0.0%     0.0%   0.6687  -0.0007     0.5%
   289    21.3s    0.0021    95.0%    95.0%    98.3%        98%/2%/0%    0.958 1.32e-04     5.0%     0.0%   0.5772   0.0036     1.1%
   290     3.5s    0.0240   100.0%   100.0%   100.0%        99%/1%/1%    1.045    0.002     0.0%     0.0%   0.5718   0.0029     0.7%
  [MA20] reward=0.0245 task_sr=99.2% miss=0.8% time_limit=5.0% v2v=0.2%
  [PPO ] p_loss=-6.86e-05 v_loss=7.9356 entropy=0.5718 grad=876.9518 active=100.0%
  [SIM ] avg_power(a)=0.5005 rsu_q=0.000 tx=2 no_tx=181 deadlock=0 svc=24.254GHz idle=10.5%
   291     8.2s    0.0138    95.0%    95.0%    99.5%        98%/2%/0%    1.204 2.79e-04     5.0%     0.0%   0.5860  -0.0052     1.9%
   292     4.1s    0.0181   100.0%   100.0%   100.0%        98%/2%/0%    0.983 3.21e-04     0.0%     0.0%   0.5564  -0.0055     1.1%
   293     2.1s    0.0315   100.0%   100.0%   100.0%        98%/2%/0%    0.727 6.43e-04     0.0%     0.0%   0.4899   0.0050     1.3%
   294     3.3s    0.0305   100.0%   100.0%   100.0%        99%/0%/1%    0.982    0.002     0.0%     0.0%   0.6396   0.0042     0.3%
   295     4.2s    0.0174   100.0%   100.0%   100.0%        99%/1%/0%    1.053 7.37e-05     0.0%     0.0%   0.5892  -0.0033     0.6%
   296     3.9s    0.0240   100.0%   100.0%   100.0%        99%/1%/0%    1.062 2.05e-04     0.0%     0.0%   0.6001 1.45e-05     0.7%
   297     3.3s    0.0171   100.0%   100.0%   100.0%       100%/0%/0%    0.805    0.000     0.0%     0.0%   0.4578   0.0003     0.0%
   298     3.2s    0.0175   100.0%   100.0%   100.0%        99%/1%/0%    0.923 4.05e-05     0.0%     0.0%   0.4538   0.0058     0.7%
   299     2.4s    0.0367   100.0%   100.0%   100.0%        99%/1%/0%    0.668 8.10e-05     0.0%     0.0%   0.4785   0.0101     1.3%
   300     2.9s    0.0321   100.0%   100.0%   100.0%        98%/2%/0%    0.896 6.21e-04     0.0%     0.0%   0.4734  -0.0022     1.0%
  [MA20] reward=0.0247 task_sr=99.5% miss=0.5% time_limit=5.0% v2v=0.1%
  [PPO ] p_loss=-0.0002 v_loss=1.3604 entropy=0.4734 grad=56.0978 active=100.0%
  [SIM ] avg_power(a)=0.4991 rsu_q=0.071 tx=3 no_tx=150 deadlock=0 svc=27.227GHz idle=7.1%
  [Checkpoint] saved: ep0300.pth

    Ep    Wall    R/step     T_SR     V_SR     S_SR            L/R/V   Lat(s)       En     Miss      Ill      Ent       KL     Clip
--------------------------------------------------------------------------------------------------------------------------------
   301     2.5s    0.0263   100.0%   100.0%   100.0%       100%/0%/0%    0.727    0.000     0.0%     0.0%   0.3777   0.0021     0.0%
   302     2.4s    0.0316   100.0%   100.0%   100.0%        99%/1%/0%    0.694 2.64e-04     0.0%     0.0%   0.4266   0.0020     0.2%
   303     5.1s    0.0183   100.0%   100.0%   100.0%        97%/2%/1%    0.780    0.005     0.0%     0.0%   0.3962   0.0082     2.7%
   304     3.8s    0.0278   100.0%   100.0%   100.0%       100%/0%/0%    0.937    0.000     0.0%     0.0%   0.5498   0.0030     0.0%
   305     4.2s    0.0201   100.0%   100.0%   100.0%       100%/0%/0%    1.160    0.000     0.0%     0.0%   0.5273   0.0003     0.0%
   306     3.1s    0.0195   100.0%   100.0%   100.0%        99%/1%/1%    0.949    0.001     0.0%     0.0%   0.4366   0.0090     1.2%
   307     3.1s    0.0244   100.0%   100.0%   100.0%        99%/1%/0%    0.769 1.23e-05     0.0%     0.0%   0.4932   0.0009     0.4%
   308     3.3s    0.0218   100.0%   100.0%   100.0%        99%/1%/0%    0.838 3.36e-04     0.0%     0.0%   0.5574   0.0008     1.0%
   309     3.8s    0.0235   100.0%   100.0%   100.0%        99%/1%/0%    0.940 2.44e-05     0.0%     0.0%   0.5519 -6.65e-06     0.4%
   310     2.1s    0.0369   100.0%   100.0%   100.0%        99%/1%/0%    0.746 2.88e-04     0.0%     0.0%   0.5198   0.0049     0.7%
  [MA20] reward=0.0244 task_sr=99.8% miss=0.2% time_limit=0.0% v2v=0.1%
  [PPO ] p_loss=0.0027 v_loss=0.8379 entropy=0.5198 grad=70.6670 active=100.0%
  [SIM ] avg_power(a)=0.4998 rsu_q=0.167 tx=1 no_tx=141 deadlock=0 svc=23.087GHz idle=16.7%
   311     4.3s    0.0159   100.0%   100.0%   100.0%        99%/1%/0%    1.182 7.18e-05     0.0%     0.0%   0.5450   0.0028     0.4%
   312     3.0s    0.0298   100.0%   100.0%   100.0%        99%/1%/1%    0.905 6.32e-04     0.0%     0.0%   0.5590 -9.00e-05     0.9%
   313     4.0s    0.0236   100.0%   100.0%   100.0%        99%/1%/1%    1.093    0.008     0.0%     0.0%   0.6186   0.0086     0.7%
   314     2.5s    0.0320   100.0%   100.0%   100.0%       100%/0%/0%    0.699    0.000     0.0%     0.0%   0.4203  -0.0022     0.0%
   315     4.9s    0.0120   100.0%   100.0%   100.0%       100%/0%/0%    0.946 1.45e-04     0.0%     0.0%   0.5441   0.0001     0.5%
   316     4.0s    0.0194   100.0%   100.0%   100.0%        98%/1%/1%    1.096    0.003     0.0%     0.0%   0.5324  -0.0003     1.5%
   317     4.5s    0.0170   100.0%   100.0%   100.0%       100%/0%/0%    1.207 1.32e-04     0.0%     0.0%   0.5666   0.0012     0.3%
   318     4.0s    0.0267   100.0%   100.0%   100.0%       100%/0%/0%    1.073    0.000     0.0%     0.0%   0.6012   0.0024     0.0%
   319     3.9s    0.0183   100.0%   100.0%   100.0%        98%/1%/1%    1.033 9.29e-04     0.0%     0.0%   0.5030   0.0062     1.3%
   320     2.7s    0.0340   100.0%   100.0%   100.0%        99%/1%/0%    0.784 1.74e-04     0.0%     0.0%   0.5446   0.0092     1.2%
  [MA20] reward=0.0239 task_sr=100.0% miss=0.0% time_limit=0.0% v2v=0.3%
  [PPO ] p_loss=0.0031 v_loss=0.9597 entropy=0.5446 grad=44.5899 active=100.0%
  [SIM ] avg_power(a)=0.5008 rsu_q=0.308 tx=2 no_tx=147 deadlock=0 svc=26.105GHz idle=15.4%

    Ep    Wall    R/step     T_SR     V_SR     S_SR            L/R/V   Lat(s)       En     Miss      Ill      Ent       KL     Clip
--------------------------------------------------------------------------------------------------------------------------------
   321     2.7s    0.0295   100.0%   100.0%   100.0%        98%/1%/1%    0.748    0.002     0.0%     0.0%   0.5746   0.0079     1.3%
   322     2.2s    0.0338   100.0%   100.0%   100.0%        99%/1%/0%    0.767 3.78e-05     0.0%     0.0%   0.4434   0.0042     0.8%
   323     3.4s    0.0262   100.0%   100.0%   100.0%        98%/1%/2%    0.917    0.002     0.0%     0.0%   0.5815  -0.0020     1.8%
   324     4.1s    0.0193   100.0%   100.0%   100.0%        98%/2%/0%    1.106 4.39e-04     0.0%     0.0%   0.5976   0.0021     0.5%
   325     2.2s    0.0317   100.0%   100.0%   100.0%        98%/2%/0%    0.703 1.40e-04     0.0%     0.0%   0.4436   0.0025     0.5%
   326     3.1s    0.0217   100.0%   100.0%   100.0%        98%/2%/0%    0.898 5.25e-04     0.0%     0.0%   0.4474   0.0043     1.3%
   327     3.0s    0.0236   100.0%   100.0%   100.0%       100%/0%/0%    0.877    0.000     0.0%     0.0%   0.5102  -0.0052     0.0%
   328     3.1s    0.0232   100.0%   100.0%   100.0%        99%/1%/0%    0.892 6.46e-05     0.0%     0.0%   0.5273  -0.0036     0.1%
   329     3.3s    0.0321   100.0%   100.0%   100.0%        99%/1%/0%    0.972 1.04e-04     0.0%     0.0%   0.5644   0.0021     0.8%
   330     4.8s    0.0181   100.0%   100.0%   100.0%        99%/1%/0%    1.177 1.01e-04     0.0%     0.0%   0.5521   0.0014     0.3%
  [MA20] reward=0.0244 task_sr=100.0% miss=0.0% time_limit=0.0% v2v=0.3%
  [PPO ] p_loss=6.89e-05 v_loss=0.8279 entropy=0.5521 grad=12.2116 active=100.0%
  [SIM ] avg_power(a)=0.4988 rsu_q=0.040 tx=1 no_tx=191 deadlock=0 svc=17.818GHz idle=8.0%
   331     2.6s    0.0193   100.0%   100.0%   100.0%        99%/0%/1%    0.661    0.001     0.0%     0.0%   0.4313  -0.0003     0.4%
   332     4.7s    0.0166   100.0%   100.0%   100.0%        97%/3%/0%    1.093 8.55e-04     0.0%     0.0%   0.5763   0.0091     1.9%
   333     2.1s    0.0366   100.0%   100.0%   100.0%        98%/2%/0%    0.684 1.32e-04     0.0%     0.0%   0.4467   0.0121     0.9%
   334     2.0s    0.0293   100.0%   100.0%   100.0%        99%/1%/0%    0.688 9.80e-06     0.0%     0.0%   0.4159   0.0032     0.5%
   335     3.4s    0.0275   100.0%   100.0%   100.0%        99%/1%/0%    0.916 3.82e-04     0.0%     0.0%   0.5772  -0.0003     0.7%
   336     2.9s    0.0318   100.0%   100.0%   100.0%        98%/2%/0%    0.738 2.49e-04     0.0%     0.0%   0.4611   0.0062     0.6%
   337     4.2s    0.0169   100.0%   100.0%   100.0%        99%/1%/0%    1.098 8.58e-05     0.0%     0.0%   0.4976   0.0005     0.1%
   338     3.6s    0.0239   100.0%   100.0%   100.0%        99%/1%/1%    0.990    0.001     0.0%     0.0%   0.5469   0.0024     0.9%
   339     2.4s    0.0262   100.0%   100.0%   100.0%        98%/2%/0%    0.682 5.44e-04     0.0%     0.0%   0.4264   0.0148     1.0%
   340     3.3s    0.0339   100.0%   100.0%   100.0%        99%/1%/0%    0.878 3.08e-04     0.0%     0.0%   0.5830   0.0081     0.9%
  [MA20] reward=0.0261 task_sr=100.0% miss=0.0% time_limit=0.0% v2v=0.2%
  [PPO ] p_loss=-0.0008 v_loss=0.8965 entropy=0.5830 grad=43.3870 active=100.0%
  [SIM ] avg_power(a)=0.5014 rsu_q=0.154 tx=2 no_tx=159 deadlock=0 svc=26.110GHz idle=15.4%

    Ep    Wall    R/step     T_SR     V_SR     S_SR            L/R/V   Lat(s)       En     Miss      Ill      Ent       KL     Clip
--------------------------------------------------------------------------------------------------------------------------------
   341     3.5s    0.0288   100.0%   100.0%   100.0%        98%/2%/0%    1.040 9.26e-04     0.0%     0.0%   0.5706   0.0057     1.2%
   342     4.3s    0.0130    95.0%    95.0%   100.0%        98%/2%/0%    0.972 2.82e-04     5.0%     0.0%   0.5604   0.0068     1.0%
   343     3.2s    0.0240   100.0%   100.0%   100.0%        98%/1%/1%    1.008    0.002     0.0%     0.0%   0.5607   0.0037     1.2%
   344     2.9s    0.0243   100.0%   100.0%   100.0%        98%/2%/0%    0.872 3.40e-04     0.0%     0.0%   0.5765   0.0078     1.4%
   345     3.8s    0.0254   100.0%   100.0%   100.0%        99%/1%/0%    1.057 1.37e-04     0.0%     0.0%   0.5675   0.0010     0.1%
   346     5.8s    0.0083   100.0%   100.0%   100.0%        99%/1%/0%    1.083 1.83e-05     0.0%     0.0%   0.5153   0.0028     0.4%
   347     2.7s    0.0246   100.0%   100.0%   100.0%        98%/2%/0%    0.815 2.14e-04     0.0%     0.0%   0.5366   0.0015     1.5%
   348     3.0s    0.0275   100.0%   100.0%   100.0%        98%/2%/0%    0.860 5.92e-04     0.0%     0.0%   0.5134  -0.0046     1.3%
   349     4.8s    0.0205   100.0%   100.0%   100.0%        98%/2%/0%    1.196 5.86e-04     0.0%     0.0%   0.5542   0.0023     1.0%
   350     3.0s    0.0177   100.0%   100.0%   100.0%        97%/3%/1%    0.806    0.001     0.0%     0.0%   0.5235   0.0134     2.1%
  [MA20] reward=0.0238 task_sr=99.8% miss=0.2% time_limit=0.0% v2v=0.1%
  [PPO ] p_loss=9.07e-06 v_loss=0.8988 entropy=0.5235 grad=36.4255 active=100.0%
  [SIM ] avg_power(a)=0.5010 rsu_q=0.160 tx=5 no_tx=139 deadlock=0 svc=12.361GHz idle=16.0%
   351     3.4s    0.0291   100.0%   100.0%   100.0%        96%/3%/1%    0.841    0.001     0.0%     0.0%   0.6185   0.0199     2.9%
   352     2.2s    0.0374   100.0%   100.0%   100.0%       100%/0%/0%    0.670    0.000     0.0%     0.0%   0.4755  -0.0005     0.0%
   353     3.3s    0.0260   100.0%   100.0%   100.0%        98%/1%/1%    0.978    0.005     0.0%     0.0%   0.5193   0.0076     0.9%
   354     3.1s    0.0296   100.0%   100.0%   100.0%        99%/1%/0%    0.948 9.31e-05     0.0%     0.0%   0.5782   0.0007     0.4%
   355     3.3s    0.0405   100.0%   100.0%   100.0%        98%/2%/0%    0.692 3.05e-04     0.0%     0.0%   0.4698   0.0003     0.5%
   356     2.6s    0.0234   100.0%   100.0%   100.0%        97%/2%/1%    0.847 6.10e-04     0.0%     0.0%   0.5425   0.0048     1.4%
   357     3.7s    0.0253   100.0%   100.0%   100.0%        98%/2%/0%    1.045 9.30e-04     0.0%     0.0%   0.5919   0.0002     0.7%
   358     6.0s    0.0218   100.0%   100.0%   100.0%        96%/3%/1%    0.973    0.003     0.0%     0.0%   0.6644  -0.0079     1.7%
   359     3.0s    0.0278   100.0%   100.0%   100.0%        98%/2%/1%    0.887 8.26e-04     0.0%     0.0%   0.6151  -0.0040     1.4%
   360     3.7s    0.0264   100.0%   100.0%   100.0%        97%/2%/2%    1.024    0.007     0.0%     0.0%   0.6331   0.0023     1.5%
  [MA20] reward=0.0251 task_sr=99.8% miss=0.2% time_limit=0.0% v2v=0.3%
  [PPO ] p_loss=0.0034 v_loss=0.9631 entropy=0.6331 grad=43.8824 active=100.0%
  [SIM ] avg_power(a)=0.5012 rsu_q=0.000 tx=6 no_tx=178 deadlock=0 svc=24.026GHz idle=17.6%

    Ep    Wall    R/step     T_SR     V_SR     S_SR            L/R/V   Lat(s)       En     Miss      Ill      Ent       KL     Clip
--------------------------------------------------------------------------------------------------------------------------------
   361     2.0s    0.0312   100.0%   100.0%   100.0%        97%/2%/1%    0.701    0.008     0.0%     0.0%   0.4379  -0.0045     1.4%
   362     2.7s    0.0372   100.0%   100.0%   100.0%        98%/2%/0%    0.736 8.18e-04     0.0%     0.0%   0.5536   0.0104     1.4%
   363     5.1s    0.0279   100.0%   100.0%   100.0%       100%/0%/0%    0.945    0.000     0.0%     0.0%   0.6182  -0.0005     0.0%
   364     5.4s    0.0148   100.0%   100.0%   100.0%        97%/3%/1%    1.267    0.002     0.0%     0.0%   0.6260   0.0047     1.9%
   365     4.8s    0.0207   100.0%   100.0%   100.0%        97%/2%/0%    1.126    0.001     0.0%     0.0%   0.6313   0.0057     1.8%
   366     4.7s    0.0166   100.0%   100.0%   100.0%        96%/3%/1%    1.248    0.001     0.0%     0.0%   0.5848  -0.0037     2.7%
   367     3.5s    0.0318   100.0%   100.0%   100.0%        97%/3%/0%    0.887 9.07e-04     0.0%     0.0%   0.6236   0.0066     1.1%
   368     5.8s    0.0208   100.0%   100.0%   100.0%        97%/2%/1%    0.923    0.003     0.0%     0.0%   0.5903   0.0043     1.2%
   369     4.1s    0.0249   100.0%   100.0%   100.0%        97%/3%/0%    1.139 3.99e-04     0.0%     0.0%   0.6023   0.0034     1.5%
   370     4.8s    0.0149   100.0%   100.0%   100.0%        98%/1%/1%    1.258    0.001     0.0%     0.0%   0.6423   0.0084     1.0%
  [MA20] reward=0.0264 task_sr=100.0% miss=0.0% time_limit=0.0% v2v=0.4%
  [PPO ] p_loss=-0.0004 v_loss=0.8927 entropy=0.6423 grad=37.6948 active=100.0%
  [SIM ] avg_power(a)=0.5018 rsu_q=0.000 tx=3 no_tx=188 deadlock=0 svc=15.669GHz idle=10.0%
   371     5.9s    0.0280   100.0%   100.0%   100.0%        98%/2%/0%    1.123 9.13e-04     0.0%     0.0%   0.5807   0.0079     1.1%
   372     4.1s    0.0150   100.0%   100.0%   100.0%        98%/1%/1%    1.018 4.29e-04     0.0%     0.0%   0.5421  -0.0005     0.6%
   373     2.3s    0.0275   100.0%   100.0%   100.0%        98%/2%/0%    0.715 7.53e-05     0.0%     0.0%   0.5346   0.0046     1.4%
   374     5.4s    0.0188   100.0%   100.0%   100.0%        98%/1%/1%    0.945 4.55e-04     0.0%     0.0%   0.5778   0.0072     0.7%
   375     3.4s    0.0177   100.0%   100.0%   100.0%        98%/2%/0%    1.023 4.36e-04     0.0%     0.0%   0.5637  -0.0042     1.3%
   376     5.7s    0.0272   100.0%   100.0%   100.0%        97%/3%/0%    0.942 8.04e-04     0.0%     0.0%   0.5393   0.0038     2.4%
   377     2.1s    0.0300   100.0%   100.0%   100.0%        98%/2%/0%    0.690 5.57e-04     0.0%     0.0%   0.4856   0.0166     1.8%
   378     3.5s    0.0191   100.0%   100.0%   100.0%       100%/0%/0%    0.891    0.000     0.0%     0.0%   0.3913  -0.0009     0.0%
   379     3.0s    0.0233   100.0%   100.0%   100.0%        99%/1%/0%    0.856 5.34e-05     0.0%     0.0%   0.4978   0.0004     0.3%
   380     6.5s    0.0215   100.0%   100.0%   100.0%        99%/1%/0%    1.054 1.43e-04     0.0%     0.0%   0.5550   0.0035     0.3%
  [MA20] reward=0.0234 task_sr=100.0% miss=0.0% time_limit=0.0% v2v=0.2%
  [PPO ] p_loss=0.0029 v_loss=0.8142 entropy=0.5550 grad=28.9473 active=100.0%
  [SIM ] avg_power(a)=0.5002 rsu_q=0.238 tx=1 no_tx=183 deadlock=0 svc=18.145GHz idle=4.8%

    Ep    Wall    R/step     T_SR     V_SR     S_SR            L/R/V   Lat(s)       En     Miss      Ill      Ent       KL     Clip
--------------------------------------------------------------------------------------------------------------------------------
   381     2.8s    0.0191   100.0%   100.0%   100.0%        98%/2%/0%    0.825 3.91e-04     0.0%     0.0%   0.4442  -0.0048     1.9%
   382     2.5s    0.0278   100.0%   100.0%   100.0%        99%/0%/1%    0.739 5.60e-04     0.0%     0.0%   0.5098   0.0026     0.4%
   383     5.2s    0.0197   100.0%   100.0%   100.0%        99%/1%/0%    1.173 1.44e-04     0.0%     0.0%   0.5402  -0.0016     0.1%
   384     3.8s    0.0266   100.0%   100.0%   100.0%       100%/0%/0%    1.105    0.000     0.0%     0.0%   0.5479   0.0005     0.0%
   385     3.8s    0.0195   100.0%   100.0%   100.0%        99%/1%/1%    1.017    0.001     0.0%     0.0%   0.4911  -0.0020     0.9%
   386     4.8s    0.0159   100.0%   100.0%   100.0%        99%/1%/0%    1.211 9.52e-05     0.0%     0.0%   0.6118   0.0063     0.5%
   387     7.4s    0.0193   100.0%   100.0%   100.0%        99%/1%/1%    1.096    0.001     0.0%     0.0%   0.5672   0.0012     0.9%
   388     4.5s    0.0265   100.0%   100.0%   100.0%        98%/2%/0%    0.960 6.40e-04     0.0%     0.0%   0.5271   0.0053     1.6%
   389     5.1s    0.0274   100.0%   100.0%   100.0%       100%/0%/0%    0.829    0.000     0.0%     0.0%   0.5425  -0.0024     0.0%
   390     4.1s    0.0227   100.0%   100.0%   100.0%        99%/1%/0%    0.988 3.10e-04     0.0%     0.0%   0.5091  -0.0037     0.5%
  [MA20] reward=0.0226 task_sr=100.0% miss=0.0% time_limit=0.0% v2v=0.2%
  [PPO ] p_loss=0.0051 v_loss=1.1785 entropy=0.5091 grad=145.8242 active=100.0%
  [SIM ] avg_power(a)=0.4986 rsu_q=0.350 tx=2 no_tx=171 deadlock=0 svc=23.221GHz idle=15.0%
   391     4.7s    0.0208   100.0%   100.0%   100.0%        99%/1%/0%    1.178 1.00e-04     0.0%     0.0%   0.5747  -0.0022     0.4%
   392     3.5s    0.0243   100.0%   100.0%   100.0%       100%/0%/0%    0.973    0.000     0.0%     0.0%   0.5171  -0.0011     0.0%
   393     3.9s    0.0176   100.0%   100.0%   100.0%        99%/0%/1%    0.886 9.86e-04     0.0%     0.0%   0.5167   0.0033     0.2%
   394     5.8s    0.0181   100.0%   100.0%   100.0%        99%/1%/0%    1.264 6.49e-05     0.0%     0.0%   0.5352  -0.0004     0.4%
   395     3.3s    0.0183   100.0%   100.0%   100.0%        99%/1%/0%    0.791 1.22e-04     0.0%     0.0%   0.4742   0.0053     1.3%
   396     4.3s    0.0344   100.0%   100.0%   100.0%        99%/1%/0%    0.960 1.20e-04     0.0%     0.0%   0.5835   0.0033     0.3%
   397     1.9s    0.0408   100.0%   100.0%   100.0%        99%/1%/0%    0.631 1.09e-04     0.0%     0.0%   0.4841  -0.0037     0.3%
   398     3.5s    0.0315   100.0%   100.0%   100.0%        99%/1%/0%    0.953 3.05e-04     0.0%     0.0%   0.5212  -0.0026     0.7%
   399     2.4s    0.0274   100.0%   100.0%   100.0%       100%/0%/0%    0.691    0.000     0.0%     0.0%   0.4234  -0.0004     0.0%
   400     4.3s    0.0236   100.0%   100.0%   100.0%        99%/1%/1%    1.066 5.83e-04     0.0%     0.0%   0.5468 -7.74e-05     0.8%
  [MA20] reward=0.0241 task_sr=100.0% miss=0.0% time_limit=0.0% v2v=0.2%
  [PPO ] p_loss=0.0001 v_loss=0.8116 entropy=0.5468 grad=46.8209 active=100.0%
  [SIM ] avg_power(a)=0.5018 rsu_q=0.000 tx=2 no_tx=177 deadlock=0 svc=21.461GHz idle=10.5%
  [Checkpoint] saved: ep0400.pth

    Ep    Wall    R/step     T_SR     V_SR     S_SR            L/R/V   Lat(s)       En     Miss      Ill      Ent       KL     Clip
--------------------------------------------------------------------------------------------------------------------------------
   401     3.7s    0.0177   100.0%   100.0%   100.0%        99%/0%/1%    1.062    0.001     0.0%     0.0%   0.4617  -0.0003     0.3%
   402     4.4s    0.0172   100.0%   100.0%   100.0%       100%/0%/0%    1.117    0.000     0.0%     0.0%   0.5076   0.0035     0.0%
   403     7.7s    0.0165   100.0%   100.0%   100.0%       100%/0%/0%    1.256    0.000     0.0%     0.0%   0.4766  -0.0013     0.0%
   404     4.4s    0.0211   100.0%   100.0%   100.0%       100%/0%/0%    1.015    0.000     0.0%     0.0%   0.5067  -0.0002     0.0%
   405     4.2s    0.0195   100.0%   100.0%   100.0%       100%/0%/0%    1.146    0.000     0.0%     0.0%   0.5519   0.0014     0.0%
   406     2.4s    0.0346   100.0%   100.0%   100.0%       100%/0%/0%    0.751    0.000     0.0%     0.0%   0.4954   0.0004     0.0%
   407     5.6s    0.0325   100.0%   100.0%   100.0%       100%/0%/0%    0.911    0.000     0.0%     0.0%   0.4817   0.0005     0.0%
   408     3.3s    0.0201   100.0%   100.0%   100.0%        99%/1%/0%    0.903 9.60e-05     0.0%     0.0%   0.4775  -0.0006     0.4%
   409     3.5s    0.0283   100.0%   100.0%   100.0%       100%/0%/0%    1.017    0.000     0.0%     0.0%   0.4748   0.0016     0.0%
   410     5.3s    0.0174   100.0%   100.0%   100.0%        99%/0%/1%    1.197    0.001     0.0%     0.0%   0.5023  -0.0021     0.8%
  [MA20] reward=0.0241 task_sr=100.0% miss=0.0% time_limit=0.0% v2v=0.1%
  [PPO ] p_loss=-0.0003 v_loss=1.0164 entropy=0.5023 grad=12.2620 active=100.0%
  [SIM ] avg_power(a)=0.5004 rsu_q=0.000 tx=2 no_tx=185 deadlock=0 svc=16.613GHz idle=3.7%
   411     4.6s    0.0288   100.0%   100.0%   100.0%        99%/1%/0%    1.066 3.20e-04     0.0%     0.0%   0.5492   0.0043     0.4%
   412     3.9s    0.0239   100.0%   100.0%   100.0%       100%/0%/0%    1.115    0.000     0.0%     0.0%   0.5210   0.0005     0.0%
   413     3.7s    0.0190   100.0%   100.0%   100.0%        99%/1%/0%    0.948 7.90e-05     0.0%     0.0%   0.4636   0.0029     0.5%
   414     3.4s    0.0276   100.0%   100.0%   100.0%       100%/0%/0%    1.022    0.000     0.0%     0.0%   0.5248   0.0002     0.0%
   415     2.3s    0.0303   100.0%   100.0%   100.0%       100%/0%/0%    0.701    0.000     0.0%     0.0%   0.4155   0.0017     0.0%
   416     2.4s    0.0259   100.0%   100.0%   100.0%        99%/1%/0%    0.783 4.13e-05     0.0%     0.0%   0.4174   0.0043     0.4%
   417     4.9s    0.0174   100.0%   100.0%   100.0%        99%/1%/0%    1.356 1.24e-04     0.0%     0.0%   0.5044   0.0012     0.8%
   418     3.9s    0.0301   100.0%   100.0%   100.0%       100%/0%/0%    0.906    0.000     0.0%     0.0%   0.5467  -0.0017     0.0%
   419     5.5s    0.0296   100.0%   100.0%   100.0%        99%/1%/0%    1.020 9.60e-05     0.0%     0.0%   0.5200   0.0024     0.5%
   420     6.0s    0.0217   100.0%   100.0%   100.0%       100%/0%/0%    1.001    0.000     0.0%     0.0%   0.5328   0.0011     0.0%
  [MA20] reward=0.0240 task_sr=100.0% miss=0.0% time_limit=0.0% v2v=0.1%
  [PPO ] p_loss=-0.0001 v_loss=0.8639 entropy=0.5328 grad=31.3676 active=100.0%
  [SIM ] avg_power(a)=0.5002 rsu_q=0.250 tx=0 no_tx=165 deadlock=0 svc=18.633GHz idle=10.0%

    Ep    Wall    R/step     T_SR     V_SR     S_SR            L/R/V   Lat(s)       En     Miss      Ill      Ent       KL     Clip
--------------------------------------------------------------------------------------------------------------------------------
   421     6.6s    0.0234   100.0%   100.0%   100.0%       100%/0%/0%    0.988    0.000     0.0%     0.0%   0.4972   0.0010     0.0%
   422     4.0s    0.0222   100.0%   100.0%   100.0%        99%/1%/0%    1.076 2.68e-04     0.0%     0.0%   0.4909  -0.0051     0.7%
   423     3.9s    0.0264   100.0%   100.0%   100.0%       100%/0%/0%    0.994    0.000     0.0%     0.0%   0.5409   0.0007     0.0%
   424     6.9s    0.0264   100.0%   100.0%   100.0%       100%/0%/0%    1.079    0.000     0.0%     0.0%   0.6059 -6.04e-05     0.0%
   425     5.8s    0.0194   100.0%   100.0%   100.0%        99%/1%/0%    1.038 8.98e-05     0.0%     0.0%   0.4985   0.0039     0.4%
   426     5.3s    0.0177   100.0%   100.0%   100.0%        99%/1%/0%    1.290 2.72e-04     0.0%     0.0%   0.5395   0.0014     0.2%
   427     3.8s    0.0243   100.0%   100.0%   100.0%        99%/1%/0%    0.914 1.57e-04     0.0%     0.0%   0.4941   0.0068     0.5%
   428     3.6s    0.0303   100.0%   100.0%   100.0%        99%/1%/0%    1.090 1.17e-04     0.0%     0.0%   0.5487   0.0114     0.9%
   429     2.6s    0.0202   100.0%   100.0%   100.0%        99%/1%/0%    0.699 2.04e-05     0.0%     0.0%   0.3782   0.0069     0.8%
   430     4.6s    0.0157   100.0%   100.0%   100.0%       100%/0%/0%    1.254    0.000     0.0%     0.0%   0.5274   0.0007     0.0%
  [MA20] reward=0.0240 task_sr=100.0% miss=0.0% time_limit=0.0% v2v=0.0%
  [PPO ] p_loss=-0.0013 v_loss=0.6738 entropy=0.5274 grad=34.9077 active=100.0%
  [SIM ] avg_power(a)=0.4994 rsu_q=0.143 tx=0 no_tx=185 deadlock=0 svc=17.715GHz idle=14.3%
   431     6.1s    0.0317   100.0%   100.0%   100.0%        99%/1%/0%    0.927 1.81e-04     0.0%     0.0%   0.5684  -0.0029     0.4%
   432     3.8s    0.0213   100.0%   100.0%   100.0%        99%/1%/0%    0.774 3.36e-04     0.0%     0.0%   0.4786   0.0031     0.9%
   433     2.5s    0.0242   100.0%   100.0%   100.0%        99%/1%/0%    0.837 5.59e-05     0.0%     0.0%   0.3986  -0.0025     0.6%
   434     3.1s    0.0201   100.0%   100.0%   100.0%        99%/1%/1%    0.820 2.10e-04     0.0%     0.0%   0.4704   0.0048     0.7%
   435     3.6s    0.0276   100.0%   100.0%   100.0%        99%/1%/0%    1.032 4.75e-05     0.0%     0.0%   0.5511  -0.0079     0.5%
   436     2.6s    0.0318   100.0%   100.0%   100.0%        99%/1%/0%    0.810 7.92e-04     0.0%     0.0%   0.5085   0.0012     0.4%
   437     5.9s    0.0239   100.0%   100.0%   100.0%       100%/0%/0%    1.059    0.000     0.0%     0.0%   0.4846   0.0001     0.0%
   438     4.0s    0.0263   100.0%   100.0%   100.0%        99%/1%/0%    0.663 6.50e-04     0.0%     0.0%   0.4013  -0.0040     0.6%
   439     3.6s    0.0255   100.0%   100.0%   100.0%       100%/0%/0%    1.089    0.000     0.0%     0.0%   0.5516   0.0002     0.0%
   440     2.7s    0.0298   100.0%   100.0%   100.0%       100%/0%/0%    0.782    0.000     0.0%     0.0%   0.4728   0.0001     0.0%
  [MA20] reward=0.0244 task_sr=100.0% miss=0.0% time_limit=0.0% v2v=0.0%
  [PPO ] p_loss=-0.0007 v_loss=0.5780 entropy=0.4728 grad=60.2277 active=100.0%
  [SIM ] avg_power(a)=0.5000 rsu_q=0.267 tx=0 no_tx=139 deadlock=0 svc=21.474GHz idle=6.7%

    Ep    Wall    R/step     T_SR     V_SR     S_SR            L/R/V   Lat(s)       En     Miss      Ill      Ent       KL     Clip
--------------------------------------------------------------------------------------------------------------------------------
   441     4.8s    0.0165   100.0%   100.0%   100.0%       100%/0%/0%    1.162    0.000     0.0%     0.0%   0.5229   0.0020     0.0%
   442     6.0s    0.0298   100.0%   100.0%   100.0%        98%/2%/0%    0.954    0.001     0.0%     0.0%   0.5372   0.0067     0.9%
   443     3.9s    0.0198   100.0%   100.0%   100.0%        99%/1%/0%    0.988 1.99e-04     0.0%     0.0%   0.5673   0.0031     0.5%
   444     3.7s    0.0239   100.0%   100.0%   100.0%        99%/1%/0%    1.005 3.30e-04     0.0%     0.0%   0.5103  -0.0010     0.6%
   445     2.8s    0.0297   100.0%   100.0%   100.0%       100%/0%/0%    0.890    0.000     0.0%     0.0%   0.4817   0.0021     0.0%
   446     3.7s    0.0247   100.0%   100.0%   100.0%       100%/0%/0%    1.004    0.000     0.0%     0.0%   0.5620   0.0008     0.0%
   447     5.6s    0.0209   100.0%   100.0%   100.0%       100%/0%/0%    1.027    0.000     0.0%     0.0%   0.4890  -0.0014     0.0%
   448     4.0s    0.0264   100.0%   100.0%   100.0%       100%/0%/0%    1.020    0.000     0.0%     0.0%   0.5527   0.0018     0.0%
   449     3.5s    0.0210   100.0%   100.0%   100.0%        99%/1%/0%    0.929 1.31e-04     0.0%     0.0%   0.4864   0.0057     0.3%
   450     4.1s    0.0260   100.0%   100.0%   100.0%        99%/1%/0%    1.021 3.21e-04     0.0%     0.0%   0.5358   0.0015     0.6%
  [MA20] reward=0.0251 task_sr=100.0% miss=0.0% time_limit=0.0% v2v=0.0%
  [PPO ] p_loss=-0.0004 v_loss=1.7566 entropy=0.5358 grad=128.2944 active=100.0%
  [SIM ] avg_power(a)=0.4986 rsu_q=0.118 tx=1 no_tx=179 deadlock=0 svc=23.358GHz idle=11.8%
   451     4.2s    0.0260   100.0%   100.0%   100.0%        99%/1%/0%    1.025 3.15e-04     0.0%     0.0%   0.4846   0.0061     0.8%
   452     5.3s    0.0189   100.0%   100.0%   100.0%       100%/0%/0%    1.246    0.000     0.0%     0.0%   0.5146  -0.0016     0.0%
   453     2.5s    0.0320   100.0%   100.0%   100.0%       100%/0%/0%    0.778    0.000     0.0%     0.0%   0.5009   0.0015     0.0%
   454     2.0s    0.0371   100.0%   100.0%   100.0%       100%/0%/0%    0.636    0.000     0.0%     0.0%   0.3649  -0.0002     0.0%
   455     3.0s    0.0265   100.0%   100.0%   100.0%        99%/1%/0%    0.802 1.29e-04     0.0%     0.0%   0.4924   0.0009     0.5%
   456     4.1s    0.0252   100.0%   100.0%   100.0%        99%/0%/1%    1.187    0.002     0.0%     0.0%   0.5652   0.0052     0.6%
   457     3.5s    0.0158   100.0%   100.0%   100.0%        99%/1%/0%    0.798 2.34e-05     0.0%     0.0%   0.4450  -0.0026     0.3%
   458     4.8s    0.0181   100.0%   100.0%   100.0%        99%/1%/0%    1.188 1.82e-04     0.0%     0.0%   0.5078   0.0029     0.5%
   459     3.4s    0.0285   100.0%   100.0%   100.0%       100%/0%/0%    1.042    0.000     0.0%     0.0%   0.5059  -0.0013     0.0%
   460     3.0s    0.0229   100.0%   100.0%   100.0%        99%/1%/0%    0.856 3.11e-04     0.0%     0.0%   0.4282  -0.0057     0.9%
  [MA20] reward=0.0245 task_sr=100.0% miss=0.0% time_limit=0.0% v2v=0.0%
  [PPO ] p_loss=-0.0013 v_loss=1.3370 entropy=0.4282 grad=145.7907 active=100.0%
  [SIM ] avg_power(a)=0.5003 rsu_q=0.000 tx=2 no_tx=137 deadlock=0 svc=16.598GHz idle=10.5%

    Ep    Wall    R/step     T_SR     V_SR     S_SR            L/R/V   Lat(s)       En     Miss      Ill      Ent       KL     Clip
--------------------------------------------------------------------------------------------------------------------------------
   461     3.5s    0.0297   100.0%   100.0%   100.0%       100%/0%/0%    0.745    0.000     0.0%     0.0%   0.3589  -0.0027     0.0%
   462     2.9s    0.0279   100.0%   100.0%   100.0%       100%/0%/0%    0.824    0.000     0.0%     0.0%   0.4657   0.0008     0.0%
   463     4.3s    0.0217   100.0%   100.0%   100.0%       100%/0%/0%    1.145    0.000     0.0%     0.0%   0.5614  -0.0024     0.0%
   464     4.7s    0.0171   100.0%   100.0%   100.0%        99%/1%/0%    1.227 9.69e-05     0.0%     0.0%   0.5010   0.0035     0.3%
   465     4.6s    0.0237   100.0%   100.0%   100.0%        99%/1%/0%    1.062    0.001     0.0%     0.0%   0.5275   0.0047     0.7%
   466     2.9s    0.0247   100.0%   100.0%   100.0%       100%/0%/0%    0.786    0.000     0.0%     0.0%   0.5212  -0.0011     0.0%
   467     3.7s    0.0370   100.0%   100.0%   100.0%        99%/1%/0%    0.737 2.77e-04     0.0%     0.0%   0.4312  -0.0005     0.4%
   468     3.6s    0.0268   100.0%   100.0%   100.0%        99%/1%/0%    1.108 3.65e-04     0.0%     0.0%   0.5543   0.0009     0.7%
   469     4.0s    0.0203   100.0%   100.0%   100.0%       100%/0%/0%    1.090    0.000     0.0%     0.0%   0.5299   0.0014     0.0%
   470     2.5s    0.0339   100.0%   100.0%   100.0%       100%/0%/0%    0.707    0.000     0.0%     0.0%   0.4340   0.0003     0.0%
  [MA20] reward=0.0257 task_sr=100.0% miss=0.0% time_limit=0.0% v2v=0.0%
  [PPO ] p_loss=0.0005 v_loss=1.0526 entropy=0.4340 grad=115.2278 active=100.0%
  [SIM ] avg_power(a)=0.5000 rsu_q=0.308 tx=0 no_tx=137 deadlock=0 svc=21.903GHz idle=23.1%
   471     2.6s    0.0316   100.0%   100.0%   100.0%       100%/0%/0%    0.773    0.000     0.0%     0.0%   0.4465  -0.0003     0.0%
   472     2.4s    0.0317   100.0%   100.0%   100.0%       100%/0%/0%    0.828    0.000     0.0%     0.0%   0.4325   0.0012     0.0%
   473     6.9s    0.0163   100.0%   100.0%   100.0%       100%/0%/0%    0.969    0.000     0.0%     0.0%   0.5546  -0.0028     0.0%
   474     4.0s    0.0154   100.0%   100.0%   100.0%       100%/0%/0%    0.874    0.000     0.0%     0.0%   0.4559   0.0009     0.0%
   475     4.1s    0.0269   100.0%   100.0%   100.0%        99%/1%/1%    1.073 6.75e-04     0.0%     0.0%   0.4954  -0.0034     0.7%
   476     4.1s    0.0166   100.0%   100.0%   100.0%        99%/1%/0%    0.874 9.74e-06     0.0%     0.0%   0.5128   0.0008     0.3%
   477     2.3s    0.0369   100.0%   100.0%   100.0%        99%/1%/0%    0.754 4.67e-04     0.0%     0.0%   0.4137  -0.0030     0.6%
   478     4.0s    0.0195   100.0%   100.0%   100.0%       100%/0%/0%    1.076    0.000     0.0%     0.0%   0.5750   0.0004     0.0%
   479     3.1s    0.0341   100.0%   100.0%   100.0%       100%/0%/0%    0.946    0.000     0.0%     0.0%   0.5642   0.0009     0.0%
   480     4.0s    0.0226   100.0%   100.0%   100.0%       100%/0%/0%    1.025    0.000     0.0%     0.0%   0.5291   0.0015     0.0%
  [MA20] reward=0.0257 task_sr=100.0% miss=0.0% time_limit=0.0% v2v=0.0%
  [PPO ] p_loss=-0.0014 v_loss=1.0658 entropy=0.5291 grad=106.3435 active=100.0%
  [SIM ] avg_power(a)=0.5005 rsu_q=0.050 tx=0 no_tx=182 deadlock=0 svc=20.912GHz idle=10.0%

    Ep    Wall    R/step     T_SR     V_SR     S_SR            L/R/V   Lat(s)       En     Miss      Ill      Ent       KL     Clip
--------------------------------------------------------------------------------------------------------------------------------
   481     3.3s    0.0222   100.0%   100.0%   100.0%       100%/0%/0%    0.865    0.000     0.0%     0.0%   0.4820   0.0006     0.0%
   482     2.8s    0.0212   100.0%   100.0%   100.0%        99%/0%/1%    0.824 1.56e-04     0.0%     0.0%   0.4270   0.0013     0.3%
   483     3.6s    0.0199   100.0%   100.0%   100.0%       100%/0%/0%    0.970    0.000     0.0%     0.0%   0.4624  -0.0019     0.0%
   484     4.2s    0.0159   100.0%   100.0%   100.0%       100%/0%/0%    1.100    0.000     0.0%     0.0%   0.5453   0.0036     0.0%
   485     2.9s    0.0356   100.0%   100.0%   100.0%       100%/0%/0%    0.653    0.000     0.0%     0.0%   0.4158  -0.0027     0.0%
   486     3.2s    0.0281   100.0%   100.0%   100.0%        98%/2%/0%    0.960 4.81e-04     0.0%     0.0%   0.5934  -0.0009     1.4%
   487     1.9s    0.0404   100.0%   100.0%   100.0%       100%/0%/0%    0.674    0.000     0.0%     0.0%   0.4452   0.0003     0.0%
   488     3.2s    0.0200   100.0%   100.0%   100.0%       100%/0%/0%    0.844    0.000     0.0%     0.0%   0.4485  -0.0014     0.0%
   489     4.3s    0.0205   100.0%   100.0%   100.0%        99%/1%/0%    1.167 1.38e-04     0.0%     0.0%   0.4872   0.0027     0.4%
   490     3.9s    0.0254   100.0%   100.0%   100.0%        99%/1%/0%    1.157 1.49e-04     0.0%     0.0%   0.5422  -0.0047     0.5%
  [MA20] reward=0.0250 task_sr=100.0% miss=0.0% time_limit=0.0% v2v=0.1%
  [PPO ] p_loss=0.0129 v_loss=0.7930 entropy=0.5422 grad=62.3729 active=100.0%
  [SIM ] avg_power(a)=0.4987 rsu_q=0.056 tx=1 no_tx=194 deadlock=0 svc=28.819GHz idle=11.1%
   491     2.9s    0.0314   100.0%   100.0%   100.0%        99%/1%/0%    0.834 2.04e-04     0.0%     0.0%   0.5772   0.0019     0.5%
   492     4.2s    0.0228   100.0%   100.0%   100.0%        99%/1%/0%    1.045 1.36e-04     0.0%     0.0%   0.5371   0.0014     0.4%
   493     1.8s    0.0441   100.0%   100.0%   100.0%       100%/0%/0%    0.652    0.000     0.0%     0.0%   0.4282  -0.0002     0.0%
   494     3.6s    0.0241   100.0%   100.0%   100.0%        99%/1%/0%    1.002 1.60e-04     0.0%     0.0%   0.5852   0.0017     0.9%
   495     2.8s    0.0210   100.0%   100.0%   100.0%       100%/0%/0%    0.774    0.000     0.0%     0.0%   0.3979   0.0046     0.0%
   496     4.2s    0.0216   100.0%   100.0%   100.0%        99%/1%/0%    0.977 7.49e-06     0.0%     0.0%   0.5736  -0.0005     0.3%
   497     4.4s    0.0285   100.0%   100.0%   100.0%       100%/0%/0%    1.048    0.000     0.0%     0.0%   0.4724   0.0016     0.0%
   498     4.0s    0.0276   100.0%   100.0%   100.0%        99%/1%/1%    0.778    0.001     0.0%     0.0%   0.4270   0.0041     0.7%
   499     3.8s    0.0227   100.0%   100.0%   100.0%        99%/1%/0%    1.073 1.15e-04     0.0%     0.0%   0.5532   0.0022     0.2%
   500     3.6s    0.0261   100.0%   100.0%   100.0%       100%/0%/0%    0.949    0.000     0.0%     0.0%   0.5362   0.0016     0.0%
  [MA20] reward=0.0260 task_sr=100.0% miss=0.0% time_limit=0.0% v2v=0.1%
  [PPO ] p_loss=-0.0035 v_loss=0.7386 entropy=0.5362 grad=44.3438 active=100.0%
  [SIM ] avg_power(a)=0.5001 rsu_q=0.059 tx=0 no_tx=169 deadlock=0 svc=22.576GHz idle=11.8%
  [Checkpoint] saved: ep0500.pth

    Ep    Wall    R/step     T_SR     V_SR     S_SR            L/R/V   Lat(s)       En     Miss      Ill      Ent       KL     Clip
--------------------------------------------------------------------------------------------------------------------------------
   501     2.8s    0.0322   100.0%   100.0%   100.0%       100%/0%/0%    0.767    0.000     0.0%     0.0%   0.4573  -0.0015     0.0%
   502     5.0s    0.0163   100.0%   100.0%   100.0%       100%/0%/0%    1.260 1.38e-04     0.0%     0.0%   0.4799  -0.0024     0.3%
   503     4.4s    0.0125   100.0%   100.0%   100.0%       100%/0%/0%    1.057    0.000     0.0%     0.0%   0.5771   0.0005     0.0%
   504     3.0s    0.0233   100.0%   100.0%   100.0%        99%/1%/0%    0.831 4.47e-04     0.0%     0.0%   0.4443   0.0024     0.4%
   505     2.3s    0.0373   100.0%   100.0%   100.0%        99%/1%/0%    0.695 1.49e-05     0.0%     0.0%   0.4136  -0.0004     0.7%
   506     3.6s    0.0287   100.0%   100.0%   100.0%        99%/1%/0%    1.052 9.85e-04     0.0%     0.0%   0.5506   0.0086     0.8%
   507     3.1s    0.0301   100.0%   100.0%   100.0%       100%/0%/0%    0.923    0.000     0.0%     0.0%   0.5278   0.0008     0.0%
   508     2.5s    0.0298   100.0%   100.0%   100.0%        99%/1%/0%    0.765 3.74e-05     0.0%     0.0%   0.4810  -0.0015     0.7%
   509     4.4s    0.0232   100.0%   100.0%   100.0%        99%/1%/0%    1.014 3.68e-04     0.0%     0.0%   0.4915  -0.0017     0.8%
   510     3.5s    0.0234   100.0%   100.0%   100.0%        99%/1%/0%    0.921 1.14e-04     0.0%     0.0%   0.5863   0.0052     0.4%
  [MA20] reward=0.0263 task_sr=100.0% miss=0.0% time_limit=0.0% v2v=0.0%
  [PPO ] p_loss=0.0013 v_loss=0.8338 entropy=0.5863 grad=57.7381 active=100.0%
  [SIM ] avg_power(a)=0.4999 rsu_q=0.000 tx=1 no_tx=177 deadlock=0 svc=23.303GHz idle=31.6%
   511     2.3s    0.0439   100.0%   100.0%   100.0%       100%/0%/0%    0.658    0.000     0.0%     0.0%   0.3865  -0.0011     0.0%
   512     4.2s    0.0253   100.0%   100.0%   100.0%        99%/1%/0%    1.081 1.25e-05     0.0%     0.0%   0.5179   0.0013     0.5%
   513     4.1s    0.0234   100.0%   100.0%   100.0%       100%/0%/0%    0.949    0.000     0.0%     0.0%   0.5228   0.0019     0.0%
   514     3.7s    0.0248   100.0%   100.0%   100.0%       100%/0%/0%    1.075    0.000     0.0%     0.0%   0.5711   0.0019     0.0%
   515     3.4s    0.0264   100.0%   100.0%   100.0%       100%/0%/0%    0.929    0.000     0.0%     0.0%   0.5234  -0.0029     0.0%
   516     4.4s    0.0225   100.0%   100.0%   100.0%       100%/0%/0%    1.149    0.000     0.0%     0.0%   0.5550   0.0027     0.0%
   517     2.4s    0.0344   100.0%   100.0%   100.0%       100%/0%/0%    0.769    0.000     0.0%     0.0%   0.4834   0.0032     0.0%
   518     3.5s    0.0324   100.0%   100.0%   100.0%        99%/0%/1%    0.931    0.003     0.0%     0.0%   0.4645   0.0046     0.5%
   519     4.1s    0.0240   100.0%   100.0%   100.0%       100%/0%/0%    1.281    0.000     0.0%     0.0%   0.5428  -0.0013     0.0%
   520     5.2s    0.0170   100.0%   100.0%   100.0%       100%/0%/0%    1.191    0.000     0.0%     0.0%   0.4848  -0.0014     0.0%
  [MA20] reward=0.0265 task_sr=100.0% miss=0.0% time_limit=0.0% v2v=0.0%
  [PPO ] p_loss=0.0026 v_loss=0.4744 entropy=0.4848 grad=29.8031 active=100.0%
  [SIM ] avg_power(a)=0.4999 rsu_q=0.077 tx=0 no_tx=185 deadlock=0 svc=15.876GHz idle=7.7%

    Ep    Wall    R/step     T_SR     V_SR     S_SR            L/R/V   Lat(s)       En     Miss      Ill      Ent       KL     Clip
--------------------------------------------------------------------------------------------------------------------------------
   521     5.0s    0.0248   100.0%   100.0%   100.0%       100%/0%/0%    0.831    0.000     0.0%     0.0%   0.4669  -0.0004     0.0%
   522     4.0s    0.0287   100.0%   100.0%   100.0%       100%/0%/0%    1.107    0.001     0.0%     0.0%   0.5425   0.0067     0.5%
   523     3.9s    0.0214   100.0%   100.0%   100.0%        99%/1%/0%    0.767 2.10e-05     0.0%     0.0%   0.4414  -0.0020     0.5%
   524     4.3s    0.0236   100.0%   100.0%   100.0%       100%/0%/0%    1.016    0.000     0.0%     0.0%   0.5401   0.0009     0.0%
   525     4.0s    0.0187   100.0%   100.0%   100.0%       100%/0%/0%    1.046    0.000     0.0%     0.0%   0.5412  -0.0001     0.0%
   526     2.5s    0.0343   100.0%   100.0%   100.0%       100%/0%/0%    0.766    0.000     0.0%     0.0%   0.4633   0.0021     0.0%
   527     2.5s    0.0317   100.0%   100.0%   100.0%       100%/0%/0%    0.762    0.000     0.0%     0.0%   0.4605  -0.0019     0.0%
   528     4.6s    0.0199   100.0%   100.0%   100.0%       100%/0%/0%    1.180    0.000     0.0%     0.0%   0.5163   0.0018     0.0%
   529     3.3s    0.0278   100.0%   100.0%   100.0%       100%/0%/0%    0.953    0.000     0.0%     0.0%   0.5197  -0.0020     0.0%
   530     2.8s    0.0260   100.0%   100.0%   100.0%       100%/0%/0%    0.846    0.000     0.0%     0.0%   0.4558   0.0011     0.0%
  [MA20] reward=0.0266 task_sr=100.0% miss=0.0% time_limit=0.0% v2v=0.1%
  [PPO ] p_loss=-0.0008 v_loss=0.9492 entropy=0.4558 grad=4.6629 active=100.0%
  [SIM ] avg_power(a)=0.5000 rsu_q=0.333 tx=0 no_tx=145 deadlock=0 svc=23.730GHz idle=27.8%
   531     3.5s    0.0249   100.0%   100.0%   100.0%       100%/0%/0%    0.984    0.000     0.0%     0.0%   0.5335  -0.0023     0.0%
   532     3.0s    0.0276   100.0%   100.0%   100.0%       100%/0%/0%    0.859    0.000     0.0%     0.0%   0.5378  -0.0001     0.0%
   533     3.8s    0.0345   100.0%   100.0%   100.0%       100%/0%/0%    0.883    0.000     0.0%     0.0%   0.5455   0.0019     0.0%
   534     4.0s    0.0157   100.0%   100.0%   100.0%       100%/0%/0%    1.099    0.000     0.0%     0.0%   0.4962  -0.0019     0.0%
   535     7.5s    0.0201   100.0%   100.0%   100.0%        99%/1%/0%    1.064 1.22e-04     0.0%     0.0%   0.5471   0.0038     0.5%
   536     5.3s    0.0177   100.0%   100.0%   100.0%       100%/0%/0%    1.191    0.000     0.0%     0.0%   0.5368   0.0022     0.0%
   537     4.0s    0.0181   100.0%   100.0%   100.0%        99%/1%/0%    1.088 6.72e-05     0.0%     0.0%   0.5112  -0.0036     0.3%
   538     4.6s    0.0156   100.0%   100.0%   100.0%        99%/1%/0%    1.146    0.002     0.0%     0.0%   0.5118   0.0003     0.8%
   539     4.0s    0.0304   100.0%   100.0%   100.0%        99%/1%/0%    1.067 2.50e-04     0.0%     0.0%   0.5910  -0.0024     0.5%
   540     4.9s    0.0293   100.0%   100.0%   100.0%        99%/1%/0%    0.880 1.15e-04     0.0%     0.0%   0.5030  -0.0013     0.4%
  [MA20] reward=0.0245 task_sr=100.0% miss=0.0% time_limit=0.0% v2v=0.0%
  [PPO ] p_loss=-0.0013 v_loss=0.9079 entropy=0.5030 grad=130.0678 active=100.0%
  [SIM ] avg_power(a)=0.5006 rsu_q=0.333 tx=1 no_tx=152 deadlock=0 svc=27.180GHz idle=20.0%

    Ep    Wall    R/step     T_SR     V_SR     S_SR            L/R/V   Lat(s)       En     Miss      Ill      Ent       KL     Clip
--------------------------------------------------------------------------------------------------------------------------------
   541     3.7s    0.0307   100.0%   100.0%   100.0%       100%/0%/0%    1.048    0.000     0.0%     0.0%   0.5110  -0.0008     0.0%
   542     2.3s    0.0319   100.0%   100.0%   100.0%        99%/1%/1%    0.775    0.001     0.0%     0.0%   0.4423   0.0031     1.0%
   543     3.3s    0.0258   100.0%   100.0%   100.0%       100%/0%/0%    0.920    0.000     0.0%     0.0%   0.5235  -0.0016     0.0%
   544     1.9s    0.0407   100.0%   100.0%   100.0%       100%/0%/0%    0.661    0.000     0.0%     0.0%   0.4253   0.0018     0.0%
   545     4.7s    0.0232   100.0%   100.0%   100.0%        99%/1%/0%    0.784 2.53e-04     0.0%     0.0%   0.3834  -0.0015     0.3%
   546     4.5s    0.0164   100.0%   100.0%   100.0%        99%/1%/0%    1.034 1.10e-04     0.0%     0.0%   0.5299   0.0002     0.6%
   547     2.1s    0.0338   100.0%   100.0%   100.0%       100%/0%/0%    0.679    0.000     0.0%     0.0%   0.3816   0.0006     0.0%
   548     3.3s    0.0177   100.0%   100.0%   100.0%        99%/1%/0%    0.811 1.11e-04     0.0%     0.0%   0.4434   0.0002     0.4%
   549     3.8s    0.0217   100.0%   100.0%   100.0%       100%/0%/0%    1.067    0.000     0.0%     0.0%   0.5106  -0.0015     0.0%
   550     3.7s    0.0232   100.0%   100.0%   100.0%       100%/0%/0%    1.037    0.000     0.0%     0.0%   0.5233  -0.0003     0.0%
  [MA20] reward=0.0249 task_sr=100.0% miss=0.0% time_limit=0.0% v2v=0.0%
  [PPO ] p_loss=-0.0047 v_loss=1.0506 entropy=0.5233 grad=77.6039 active=100.0%
  [SIM ] avg_power(a)=0.4984 rsu_q=0.158 tx=0 no_tx=170 deadlock=0 svc=18.788GHz idle=5.3%
   551     3.4s    0.0223   100.0%   100.0%   100.0%        99%/1%/0%    0.969 1.29e-04     0.0%     0.0%   0.4384   0.0001     1.0%
   552     4.8s    0.0248   100.0%   100.0%   100.0%        99%/1%/0%    0.760 3.65e-05     0.0%     0.0%   0.4375   0.0049     0.4%
   553     2.8s    0.0224   100.0%   100.0%   100.0%       100%/0%/0%    0.834    0.000     0.0%     0.0%   0.4097   0.0012     0.0%
   554     4.6s    0.0224   100.0%   100.0%   100.0%        99%/1%/1%    1.086    0.004     0.0%     0.0%   0.5869   0.0021     0.9%
   555     3.9s    0.0316   100.0%   100.0%   100.0%       100%/0%/0%    0.778    0.000     0.0%     0.0%   0.5133  -0.0020     0.0%
   556     4.6s    0.0304   100.0%   100.0%   100.0%        99%/0%/1%    0.970    0.005     0.0%     0.0%   0.5428  -0.0006     0.3%
   557     4.7s    0.0175   100.0%   100.0%   100.0%       100%/0%/0%    1.213    0.000     0.0%     0.0%   0.5435   0.0015     0.0%
   558     4.3s    0.0167   100.0%   100.0%   100.0%       100%/0%/0%    1.078    0.000     0.0%     0.0%   0.4915   0.0017     0.0%
   559     3.2s    0.0177   100.0%   100.0%   100.0%       100%/0%/0%    0.740    0.000     0.0%     0.0%   0.3666  -0.0003     0.0%
   560     4.5s    0.0219   100.0%   100.0%   100.0%       100%/0%/0%    0.729    0.000     0.0%     0.0%   0.3687   0.0014     0.0%
  [MA20] reward=0.0246 task_sr=100.0% miss=0.0% time_limit=0.0% v2v=0.1%
  [PPO ] p_loss=0.0029 v_loss=0.6013 entropy=0.3687 grad=91.3530 active=100.0%
  [SIM ] avg_power(a)=0.5003 rsu_q=0.250 tx=0 no_tx=127 deadlock=0 svc=12.894GHz idle=10.0%

    Ep    Wall    R/step     T_SR     V_SR     S_SR            L/R/V   Lat(s)       En     Miss      Ill      Ent       KL     Clip
--------------------------------------------------------------------------------------------------------------------------------
   561     3.8s    0.0193   100.0%   100.0%   100.0%       100%/0%/0%    1.029    0.000     0.0%     0.0%   0.4723   0.0026     0.0%
   562     2.7s    0.0210   100.0%   100.0%   100.0%       100%/0%/0%    0.799    0.000     0.0%     0.0%   0.4335   0.0004     0.0%
   563     2.3s    0.0317   100.0%   100.0%   100.0%       100%/0%/0%    0.785    0.000     0.0%     0.0%   0.3608  -0.0007     0.0%
   564     4.2s    0.0191   100.0%   100.0%   100.0%       100%/0%/0%    1.073    0.000     0.0%     0.0%   0.5119   0.0019     0.0%
   565     1.9s    0.0402   100.0%   100.0%   100.0%       100%/0%/0%    0.653    0.000     0.0%     0.0%   0.4057  -0.0002     0.0%
   566     5.8s    0.0133   100.0%   100.0%   100.0%        99%/1%/0%    1.437 1.48e-04     0.0%     0.0%   0.4360   0.0066     0.4%
   567     5.2s    0.0160   100.0%   100.0%   100.0%       100%/0%/0%    1.205 1.65e-04     0.0%     0.0%   0.4980  -0.0019     0.4%
   568     3.9s    0.0183   100.0%   100.0%   100.0%        99%/1%/0%    0.985 9.41e-05     0.0%     0.0%   0.5076   0.0044     0.5%
   569     2.2s    0.0296   100.0%   100.0%   100.0%       100%/0%/0%    0.688    0.000     0.0%     0.0%   0.3983   0.0016     0.0%
   570     2.9s    0.0220   100.0%   100.0%   100.0%       100%/0%/0%    0.826    0.000     0.0%     0.0%   0.4503   0.0008     0.0%
  [MA20] reward=0.0229 task_sr=100.0% miss=0.0% time_limit=0.0% v2v=0.1%
  [PPO ] p_loss=0.0004 v_loss=1.0581 entropy=0.4503 grad=9.5261 active=100.0%
  [SIM ] avg_power(a)=0.5000 rsu_q=0.143 tx=0 no_tx=149 deadlock=0 svc=15.874GHz idle=19.0%
   571     2.7s    0.0313   100.0%   100.0%   100.0%       100%/0%/0%    0.850    0.000     0.0%     0.0%   0.5477   0.0008     0.0%
   572     4.5s    0.0252   100.0%   100.0%   100.0%        99%/1%/0%    1.171 2.94e-04     0.0%     0.0%   0.4686   0.0014     0.4%
   573     3.7s    0.0268   100.0%   100.0%   100.0%        99%/1%/1%    1.059    0.002     0.0%     0.0%   0.5425   0.0060     0.9%
   574     3.8s    0.0223   100.0%   100.0%   100.0%       100%/0%/0%    1.080    0.000     0.0%     0.0%   0.4853   0.0007     0.0%
   575     3.4s    0.0300   100.0%   100.0%   100.0%       100%/0%/0%    1.012    0.000     0.0%     0.0%   0.5491  -0.0004     0.0%
   576     4.1s    0.0162   100.0%   100.0%   100.0%       100%/0%/0%    1.057    0.000     0.0%     0.0%   0.4435   0.0007     0.0%
   577     2.4s    0.0300   100.0%   100.0%   100.0%       100%/0%/0%    0.806    0.000     0.0%     0.0%   0.4478  -0.0013     0.0%
   578     2.2s    0.0342   100.0%   100.0%   100.0%        99%/0%/1%    0.619 3.50e-04     0.0%     0.0%   0.3803   0.0009     0.3%
   579     3.4s    0.0301   100.0%   100.0%   100.0%       100%/0%/0%    1.029    0.000     0.0%     0.0%   0.4747 9.43e-05     0.0%
   580     3.0s    0.0234   100.0%   100.0%   100.0%       100%/0%/0%    0.824    0.000     0.0%     0.0%   0.4361   0.0018     0.0%
  [MA20] reward=0.0250 task_sr=100.0% miss=0.0% time_limit=0.0% v2v=0.1%
  [PPO ] p_loss=-0.0011 v_loss=0.9848 entropy=0.4361 grad=16.1959 active=100.0%
  [SIM ] avg_power(a)=0.5000 rsu_q=0.050 tx=0 no_tx=146 deadlock=0 svc=18.758GHz idle=25.0%

    Ep    Wall    R/step     T_SR     V_SR     S_SR            L/R/V   Lat(s)       En     Miss      Ill      Ent       KL     Clip
--------------------------------------------------------------------------------------------------------------------------------
   581     4.1s    0.0233   100.0%   100.0%   100.0%       100%/0%/0%    1.054    0.000     0.0%     0.0%   0.5154  -0.0018     0.0%
   582     4.2s    0.0239   100.0%   100.0%   100.0%       100%/0%/0%    1.090    0.000     0.0%     0.0%   0.4976  -0.0016     0.0%
   583     3.9s    0.0259   100.0%   100.0%   100.0%        99%/0%/1%    0.775 8.07e-04     0.0%     0.0%   0.4731   0.0017     0.4%
   584     3.5s    0.0208   100.0%   100.0%   100.0%        99%/1%/0%    0.838 2.29e-05     0.0%     0.0%   0.4738   0.0026     0.4%
   585     2.5s    0.0343   100.0%   100.0%   100.0%        99%/1%/0%    0.747 4.50e-04     0.0%     0.0%   0.4257  -0.0039     0.9%
   586     2.2s    0.0341   100.0%   100.0%   100.0%        99%/1%/0%    0.729 2.92e-05     0.0%     0.0%   0.4209   0.0041     0.7%
   587     2.6s    0.0280   100.0%   100.0%   100.0%       100%/0%/0%    0.800    0.000     0.0%     0.0%   0.4105   0.0006     0.0%
   588     4.6s    0.0224   100.0%   100.0%   100.0%        99%/1%/0%    1.049 2.20e-04     0.0%     0.0%   0.5202   0.0021     0.4%
   589     2.2s    0.0318   100.0%   100.0%   100.0%       100%/0%/0%    0.725    0.000     0.0%     0.0%   0.3921   0.0008     0.0%
   590     3.3s    0.0204   100.0%   100.0%   100.0%        99%/1%/0%    0.924 4.58e-04     0.0%     0.0%   0.4911   0.0050     1.1%
  [MA20] reward=0.0267 task_sr=100.0% miss=0.0% time_limit=0.0% v2v=0.1%
  [PPO ] p_loss=0.0013 v_loss=0.8160 entropy=0.4911 grad=48.0695 active=100.0%
  [SIM ] avg_power(a)=0.4997 rsu_q=0.273 tx=2 no_tx=160 deadlock=0 svc=18.581GHz idle=18.2%
   591     4.2s    0.0306   100.0%   100.0%   100.0%       100%/0%/0%    1.032    0.000     0.0%     0.0%   0.5271  -0.0007     0.0%
   592     3.0s    0.0297   100.0%   100.0%   100.0%        99%/1%/0%    0.815 4.61e-04     0.0%     0.0%   0.4574   0.0016     0.5%
   593     6.0s    0.0122    95.0%    95.0%   100.0%        99%/1%/0%    1.204 4.91e-05     5.0%     0.0%   0.5159   0.0029     0.4%
   594     4.7s    0.0178   100.0%   100.0%   100.0%        99%/1%/0%    1.243 6.94e-05     0.0%     0.0%   0.4806   0.0019     0.3%
   595     2.9s    0.0369   100.0%   100.0%   100.0%       100%/0%/0%    0.849    0.000     0.0%     0.0%   0.4632   0.0001     0.0%
   596     4.5s    0.0185   100.0%   100.0%   100.0%        98%/2%/0%    0.940 3.51e-04     0.0%     0.0%   0.4976   0.0019     1.1%
   597     3.4s    0.0234   100.0%   100.0%   100.0%        99%/1%/1%    0.976 3.78e-04     0.0%     0.0%   0.4702   0.0028     0.7%
   598     4.2s    0.0203   100.0%   100.0%   100.0%        99%/0%/1%    0.968 8.21e-04     0.0%     0.0%   0.5165   0.0039     0.5%
   599     3.6s    0.0191   100.0%   100.0%   100.0%        99%/1%/0%    1.020 9.84e-05     0.0%     0.0%   0.5141   0.0026     0.2%
   600     2.0s    0.0374   100.0%   100.0%   100.0%        99%/1%/0%    0.656 3.54e-05     0.0%     0.0%   0.4170   0.0023     0.6%
  [MA20] reward=0.0255 task_sr=99.8% miss=0.2% time_limit=0.0% v2v=0.1%
  [PPO ] p_loss=0.0011 v_loss=1.0801 entropy=0.4170 grad=153.8333 active=100.0%
  [SIM ] avg_power(a)=0.5008 rsu_q=0.000 tx=1 no_tx=125 deadlock=0 svc=25.695GHz idle=16.7%
  [Checkpoint] saved: ep0600.pth

    Ep    Wall    R/step     T_SR     V_SR     S_SR            L/R/V   Lat(s)       En     Miss      Ill      Ent       KL     Clip
--------------------------------------------------------------------------------------------------------------------------------
   601     3.0s    0.0280   100.0%   100.0%   100.0%        99%/1%/1%    0.972 6.70e-04     0.0%     0.0%   0.5262   0.0141     0.9%
   602     3.6s    0.0273   100.0%   100.0%   100.0%        99%/1%/0%    0.980 2.98e-04     0.0%     0.0%   0.5621   0.0037     0.9%
   603     3.0s    0.0296   100.0%   100.0%   100.0%       100%/0%/0%    0.931    0.000     0.0%     0.0%   0.5067  -0.0015     0.0%
   604     3.5s    0.0282   100.0%   100.0%   100.0%       100%/0%/0%    0.946    0.000     0.0%     0.0%   0.5062  -0.0011     0.0%
   605     4.3s    0.0206   100.0%   100.0%   100.0%        99%/1%/1%    1.195 8.38e-04     0.0%     0.0%   0.4725  -0.0034     0.9%
   606     3.5s    0.0248   100.0%   100.0%   100.0%        99%/1%/1%    0.977    0.001     0.0%     0.0%   0.5236   0.0005     0.4%
   607     3.0s    0.0281   100.0%   100.0%   100.0%       100%/0%/0%    0.854    0.000     0.0%     0.0%   0.5413   0.0013     0.0%
   608     4.9s    0.0200   100.0%   100.0%   100.0%        98%/1%/1%    0.784 2.21e-04     0.0%     0.0%   0.4654   0.0014     1.2%
   609     5.1s    0.0188   100.0%   100.0%   100.0%       100%/0%/0%    1.264    0.000     0.0%     0.0%   0.4656  -0.0002     0.0%
   610     2.3s    0.0365   100.0%   100.0%   100.0%       100%/0%/0%    0.720    0.000     0.0%     0.0%   0.4826  -0.0026     0.0%
  [MA20] reward=0.0254 task_sr=99.8% miss=0.2% time_limit=0.0% v2v=0.2%
  [PPO ] p_loss=0.0025 v_loss=0.9782 entropy=0.4826 grad=206.0215 active=100.0%
  [SIM ] avg_power(a)=0.4979 rsu_q=0.000 tx=0 no_tx=140 deadlock=0 svc=23.894GHz idle=33.3%
   611     3.8s    0.0296   100.0%   100.0%   100.0%       100%/0%/0%    0.928    0.000     0.0%     0.0%   0.4755   0.0023     0.0%
   612     3.5s    0.0258   100.0%   100.0%   100.0%       100%/0%/0%    0.955    0.000     0.0%     0.0%   0.4671   0.0005     0.0%
   613     3.5s    0.0259   100.0%   100.0%   100.0%        99%/1%/0%    1.015 6.46e-06     0.0%     0.0%   0.4825  -0.0031     0.3%
   614     4.4s    0.0341   100.0%   100.0%   100.0%       100%/0%/0%    0.751    0.000     0.0%     0.0%   0.4692   0.0023     0.0%
   615     1.7s    0.0446   100.0%   100.0%   100.0%       100%/0%/0%    0.610    0.000     0.0%     0.0%   0.3797   0.0009     0.0%
   616     4.1s    0.0248   100.0%   100.0%   100.0%        98%/1%/1%    0.949    0.001     0.0%     0.0%   0.5109   0.0116     1.1%
   617     7.4s    0.0112   100.0%   100.0%   100.0%       100%/0%/0%    0.983    0.000     0.0%     0.0%   0.4903   0.0020     0.0%
   618     3.4s    0.0298   100.0%   100.0%   100.0%        99%/1%/0%    0.969 3.59e-05     0.0%     0.0%   0.5027  -0.0047     0.5%
   619     5.3s    0.0160   100.0%   100.0%   100.0%       100%/0%/0%    1.293    0.000     0.0%     0.0%   0.4635  -0.0001     0.0%
   620     3.0s    0.0247   100.0%   100.0%   100.0%        99%/1%/0%    0.765 1.44e-04     0.0%     0.0%   0.4611   0.0081     0.7%
  [MA20] reward=0.0264 task_sr=100.0% miss=0.0% time_limit=0.0% v2v=0.1%
  [PPO ] p_loss=0.0002 v_loss=0.3299 entropy=0.4611 grad=19.1618 active=100.0%
  [SIM ] avg_power(a)=0.4985 rsu_q=0.000 tx=1 no_tx=144 deadlock=0 svc=16.724GHz idle=11.1%

    Ep    Wall    R/step     T_SR     V_SR     S_SR            L/R/V   Lat(s)       En     Miss      Ill      Ent       KL     Clip
--------------------------------------------------------------------------------------------------------------------------------
   621     2.6s    0.0263   100.0%   100.0%   100.0%       100%/0%/0%    0.764    0.000     0.0%     0.0%   0.4116  -0.0024     0.0%
   622     4.4s    0.0148   100.0%   100.0%   100.0%       100%/0%/0%    1.107    0.000     0.0%     0.0%   0.5135   0.0019     0.0%
   623     2.3s    0.0217   100.0%   100.0%   100.0%       100%/0%/0%    0.748    0.000     0.0%     0.0%   0.3303  -0.0003     0.0%
   624     5.0s    0.0195   100.0%   100.0%   100.0%        99%/1%/0%    0.989 2.40e-04     0.0%     0.0%   0.4841   0.0084     0.9%
   625     5.2s    0.0205   100.0%   100.0%   100.0%        99%/1%/0%    1.159 1.06e-04     0.0%     0.0%   0.4965   0.0030     0.3%
   626     3.6s    0.0214   100.0%   100.0%   100.0%        99%/1%/0%    0.959 1.27e-04     0.0%     0.0%   0.4865  -0.0024     0.4%
   627     4.9s    0.0186   100.0%   100.0%   100.0%       100%/0%/0%    1.174    0.000     0.0%     0.0%   0.4936  -0.0016     0.0%
   628     6.1s    0.0210   100.0%   100.0%   100.0%        99%/1%/0%    0.963 1.96e-04     0.0%     0.0%   0.4975   0.0029     0.5%
   629     2.2s    0.0298   100.0%   100.0%   100.0%       100%/0%/0%    0.735    0.000     0.0%     0.0%   0.4678  -0.0010     0.0%
   630     3.5s    0.0285   100.0%   100.0%   100.0%       100%/0%/0%    0.991    0.000     0.0%     0.0%   0.4944   0.0031     0.0%
  [MA20] reward=0.0244 task_sr=100.0% miss=0.0% time_limit=0.0% v2v=0.0%
  [PPO ] p_loss=-0.0016 v_loss=0.9645 entropy=0.4944 grad=112.6482 active=100.0%
  [SIM ] avg_power(a)=0.5014 rsu_q=0.188 tx=0 no_tx=181 deadlock=0 svc=27.779GHz idle=18.8%
   631     8.6s    0.0281   100.0%   100.0%   100.0%        99%/0%/0%    1.176 8.70e-04     0.0%     0.0%   0.5313   0.0033     0.7%
   632     3.2s    0.0154   100.0%   100.0%   100.0%       100%/0%/0%    0.788    0.000     0.0%     0.0%   0.3844   0.0022     0.0%
   633     2.8s    0.0296   100.0%   100.0%   100.0%        99%/1%/0%    0.768 7.36e-05     0.0%     0.0%   0.4099   0.0013     0.7%
   634     5.1s    0.0212   100.0%   100.0%   100.0%       100%/0%/0%    1.012    0.000     0.0%     0.0%   0.5379  -0.0003     0.0%
   635     4.7s    0.0306   100.0%   100.0%   100.0%       100%/0%/0%    1.045    0.000     0.0%     0.0%   0.5650   0.0005     0.0%
   636     2.7s    0.0275   100.0%   100.0%   100.0%       100%/0%/0%    0.793    0.000     0.0%     0.0%   0.4129  -0.0005     0.0%
   637     4.3s    0.0314   100.0%   100.0%   100.0%        99%/1%/0%    0.926 2.70e-04     0.0%     0.0%   0.5292   0.0022     0.3%
   638     3.9s    0.0194   100.0%   100.0%   100.0%        99%/1%/0%    1.126 1.55e-04     0.0%     0.0%   0.5067   0.0006     0.3%
   639     3.5s    0.0261   100.0%   100.0%   100.0%        99%/1%/0%    0.913 6.83e-05     0.0%     0.0%   0.5185   0.0017     0.1%
   640     2.5s    0.0340   100.0%   100.0%   100.0%       100%/0%/0%    0.820    0.000     0.0%     0.0%   0.5058  -0.0015     0.0%
  [MA20] reward=0.0243 task_sr=100.0% miss=0.0% time_limit=0.0% v2v=0.0%
  [PPO ] p_loss=0.0028 v_loss=1.0947 entropy=0.5058 grad=175.5897 active=100.0%
  [SIM ] avg_power(a)=0.5000 rsu_q=0.231 tx=0 no_tx=142 deadlock=0 svc=26.410GHz idle=7.7%

    Ep    Wall    R/step     T_SR     V_SR     S_SR            L/R/V   Lat(s)       En     Miss      Ill      Ent       KL     Clip
--------------------------------------------------------------------------------------------------------------------------------
   641     3.6s    0.0315   100.0%   100.0%   100.0%        99%/1%/0%    0.974 8.16e-04     0.0%     0.0%   0.5756 2.30e-05     0.3%
   642     2.7s    0.0243   100.0%   100.0%   100.0%        99%/1%/0%    0.793 1.49e-04     0.0%     0.0%   0.4977   0.0036     0.9%
   643     4.0s    0.0225   100.0%   100.0%   100.0%        99%/1%/0%    1.081 8.86e-05     0.0%     0.0%   0.5330  -0.0040     0.5%
   644     3.8s    0.0245   100.0%   100.0%   100.0%        98%/2%/0%    0.978 2.39e-04     0.0%     0.0%   0.5315  -0.0013     1.1%
   645     2.4s    0.0321   100.0%   100.0%   100.0%        99%/0%/1%    0.803 9.05e-04     0.0%     0.0%   0.4777  -0.0007     0.7%
   646     2.7s    0.0260   100.0%   100.0%   100.0%        98%/1%/1%    0.705    0.002     0.0%     0.0%   0.4511  -0.0066     1.7%
   647     3.7s    0.0234   100.0%   100.0%   100.0%        99%/1%/0%    1.182 1.95e-04     0.0%     0.0%   0.5587   0.0031     0.2%
   648     2.6s    0.0244   100.0%   100.0%   100.0%       100%/0%/0%    0.804    0.000     0.0%     0.0%   0.4640  -0.0011     0.0%
   649     6.6s    0.0280   100.0%   100.0%   100.0%        96%/3%/1%    1.001    0.002     0.0%     0.0%   0.5918   0.0044     2.3%
   650     3.2s    0.0371   100.0%   100.0%   100.0%        99%/1%/0%    0.757 2.89e-05     0.0%     0.0%   0.4625   0.0016     0.4%
  [MA20] reward=0.0269 task_sr=100.0% miss=0.0% time_limit=0.0% v2v=0.1%
  [PPO ] p_loss=0.0003 v_loss=0.5967 entropy=0.4625 grad=85.2673 active=100.0%
  [SIM ] avg_power(a)=0.5013 rsu_q=0.417 tx=1 no_tx=144 deadlock=0 svc=25.857GHz idle=8.3%
   651     2.6s    0.0246   100.0%   100.0%   100.0%        98%/1%/1%    0.755 1.75e-04     0.0%     0.0%   0.4626   0.0045     1.2%
   652     7.9s    0.0218   100.0%   100.0%   100.0%        98%/1%/1%    1.124    0.001     0.0%     0.0%   0.5984 7.54e-05     0.9%
   653     4.3s    0.0174   100.0%   100.0%   100.0%        97%/3%/0%    1.066 6.20e-04     0.0%     0.0%   0.5644   0.0046     2.0%
   654     3.5s    0.0325   100.0%   100.0%   100.0%        99%/1%/0%    0.999 2.62e-04     0.0%     0.0%   0.6307   0.0017     0.8%
   655     5.2s    0.0167   100.0%   100.0%   100.0%        99%/1%/0%    1.353 9.62e-05     0.0%     0.0%   0.5893   0.0029     0.4%
   656     2.6s    0.0277   100.0%   100.0%   100.0%        97%/2%/1%    0.723 5.76e-04     0.0%     0.0%   0.4354   0.0048     1.9%
   657     2.5s    0.0245   100.0%   100.0%   100.0%        98%/1%/1%    0.697    0.001     0.0%     0.0%   0.5046   0.0061     1.5%
   658     2.4s    0.0337   100.0%   100.0%   100.0%        99%/1%/0%    0.737 5.14e-05     0.0%     0.0%   0.4737   0.0039     0.1%
   659     2.9s    0.0346   100.0%   100.0%   100.0%        96%/3%/1%    0.702 8.30e-04     0.0%     0.0%   0.4270   0.0062     2.2%
   660     2.5s    0.0294   100.0%   100.0%   100.0%        99%/1%/0%    0.800 1.85e-04     0.0%     0.0%   0.4237  -0.0102     1.1%
  [MA20] reward=0.0268 task_sr=100.0% miss=0.0% time_limit=0.0% v2v=0.3%
  [PPO ] p_loss=0.0007 v_loss=0.5542 entropy=0.4237 grad=70.0252 active=100.0%
  [SIM ] avg_power(a)=0.4987 rsu_q=0.133 tx=2 no_tx=138 deadlock=0 svc=18.394GHz idle=6.7%

    Ep    Wall    R/step     T_SR     V_SR     S_SR            L/R/V   Lat(s)       En     Miss      Ill      Ent       KL     Clip
--------------------------------------------------------------------------------------------------------------------------------
   661     2.0s    0.0367   100.0%   100.0%   100.0%        99%/0%/1%    0.679    0.002     0.0%     0.0%   0.4259   0.0004     0.3%
   662     4.7s    0.0188   100.0%   100.0%   100.0%       100%/0%/0%    1.190    0.000     0.0%     0.0%   0.5685   0.0017     0.0%
   663     3.8s    0.0341   100.0%   100.0%   100.0%        99%/1%/1%    0.721    0.002     0.0%     0.0%   0.4853   0.0044     1.0%
   664     6.8s    0.0183   100.0%   100.0%   100.0%       100%/0%/0%    0.938    0.000     0.0%     0.0%   0.5983  -0.0012     0.0%
   665     4.2s    0.0323   100.0%   100.0%   100.0%        98%/1%/1%    0.900    0.004     0.0%     0.0%   0.5494   0.0059     1.2%
   666     3.4s    0.0168   100.0%   100.0%   100.0%        97%/2%/1%    0.939 1.61e-04     0.0%     0.0%   0.4533   0.0079     1.8%
   667     4.5s    0.0278   100.0%   100.0%   100.0%        99%/1%/0%    0.732 1.64e-04     0.0%     0.0%   0.5015  -0.0027     0.6%
   668     4.4s    0.0239   100.0%   100.0%   100.0%        99%/1%/0%    0.962 1.32e-04     0.0%     0.0%   0.5562   0.0011     0.4%
   669     7.2s    0.0212   100.0%   100.0%   100.0%        98%/2%/0%    1.022 5.45e-04     0.0%     0.0%   0.5456   0.0060     1.9%
   670     4.4s    0.0235   100.0%   100.0%   100.0%        99%/0%/1%    0.985    0.001     0.0%     0.0%   0.5448  -0.0011     0.3%
  [MA20] reward=0.0258 task_sr=100.0% miss=0.0% time_limit=0.0% v2v=0.3%
  [PPO ] p_loss=0.0006 v_loss=0.6399 entropy=0.5448 grad=51.2030 active=100.0%
  [SIM ] avg_power(a)=0.4993 rsu_q=0.263 tx=1 no_tx=174 deadlock=0 svc=22.712GHz idle=15.8%
   671     3.0s    0.0233   100.0%   100.0%   100.0%        99%/1%/0%    0.905 1.49e-04     0.0%     0.0%   0.5346   0.0024     0.5%
   672     3.9s    0.0283   100.0%   100.0%   100.0%       100%/0%/0%    1.111    0.000     0.0%     0.0%   0.5949   0.0009     0.0%
   673     4.6s    0.0222   100.0%   100.0%   100.0%        99%/1%/0%    0.933 3.30e-04     0.0%     0.0%   0.5135   0.0054     0.7%
   674     3.0s    0.0316   100.0%   100.0%   100.0%        99%/1%/1%    0.895    0.002     0.0%     0.0%   0.5518   0.0112     0.8%
   675     3.5s    0.0210   100.0%   100.0%   100.0%        98%/2%/0%    0.956 7.92e-04     0.0%     0.0%   0.5522   0.0041     1.7%
   676     3.8s    0.0209   100.0%   100.0%   100.0%        99%/1%/0%    0.998 3.91e-04     0.0%     0.0%   0.5220  -0.0042     1.1%
   677     3.1s    0.0219   100.0%   100.0%   100.0%        99%/1%/0%    0.893 5.19e-05     0.0%     0.0%   0.4716  -0.0027     0.4%
   678     3.1s    0.0345   100.0%   100.0%   100.0%        97%/3%/0%    0.972    0.001     0.0%     0.0%   0.6844   0.0042     1.5%
   679     3.7s    0.0224   100.0%   100.0%   100.0%        99%/1%/0%    0.976 2.31e-04     0.0%     0.0%   0.6200   0.0006     0.0%
   680     1.8s    0.0376   100.0%   100.0%   100.0%        98%/2%/0%    0.550 1.02e-04     0.0%     0.0%   0.3899  -0.0019     1.1%
  [MA20] reward=0.0259 task_sr=100.0% miss=0.0% time_limit=0.0% v2v=0.2%
  [PPO ] p_loss=-1.79e-05 v_loss=0.7326 entropy=0.3899 grad=113.6057 active=100.0%
  [SIM ] avg_power(a)=0.5013 rsu_q=0.417 tx=2 no_tx=105 deadlock=0 svc=25.126GHz idle=33.3%

    Ep    Wall    R/step     T_SR     V_SR     S_SR            L/R/V   Lat(s)       En     Miss      Ill      Ent       KL     Clip
--------------------------------------------------------------------------------------------------------------------------------
   681     2.7s    0.0201   100.0%   100.0%   100.0%        99%/1%/0%    0.760 1.60e-05     0.0%     0.0%   0.4363  -0.0024     0.4%
   682     2.9s    0.0214   100.0%   100.0%   100.0%        97%/3%/0%    0.821 4.69e-04     0.0%     0.0%   0.4943   0.0042     1.8%
   683     9.6s    0.0127   100.0%   100.0%   100.0%        94%/3%/2%    1.226    0.066     0.0%     0.0%   0.6677   0.0039     3.7%
   684     6.3s    0.0231   100.0%   100.0%   100.0%        95%/4%/1%    0.967    0.004     0.0%     0.0%   0.6019   0.0049     3.3%
   685     4.5s    0.0171   100.0%   100.0%   100.0%        98%/2%/0%    1.185 6.79e-04     0.0%     0.0%   0.6305   0.0016     1.7%
   686     2.1s    0.0298   100.0%   100.0%   100.0%        99%/1%/0%    0.689 4.84e-04     0.0%     0.0%   0.5144   0.0025     0.9%
   687     3.1s    0.0275   100.0%   100.0%   100.0%        96%/3%/1%    0.841    0.004     0.0%     0.0%   0.4913   0.0047     2.3%
   688     2.3s    0.0316   100.0%   100.0%   100.0%        94%/6%/0%    0.670    0.001     0.0%     0.0%   0.4522   0.0001     3.2%
   689     2.1s    0.0293   100.0%   100.0%   100.0%        98%/2%/0%    0.651 2.13e-04     0.0%     0.0%   0.4484   0.0058     0.7%
   690     5.9s    0.0275   100.0%   100.0%   100.0%        99%/1%/0%    0.892 3.84e-04     0.0%     0.0%   0.6363   0.0005     1.1%
  [MA20] reward=0.0252 task_sr=100.0% miss=0.0% time_limit=0.0% v2v=0.3%
  [PPO ] p_loss=0.0068 v_loss=0.9186 entropy=0.6363 grad=263.3302 active=100.0%
  [SIM ] avg_power(a)=0.4998 rsu_q=0.375 tx=2 no_tx=167 deadlock=0 svc=21.221GHz idle=12.5%
   691     3.7s    0.0241   100.0%   100.0%   100.0%        99%/1%/0%    1.080 1.64e-04     0.0%     0.0%   0.5429  -0.0010     0.4%
   692     4.5s    0.0185   100.0%   100.0%   100.0%        98%/2%/0%    1.127 5.71e-04     0.0%     0.0%   0.5997   0.0053     1.3%
   693     4.5s    0.0170   100.0%   100.0%   100.0%        99%/0%/0%    1.139    0.001     0.0%     0.0%   0.6055  -0.0039     0.8%
   694     4.4s    0.0285   100.0%   100.0%   100.0%        97%/3%/0%    1.019    0.001     0.0%     0.0%   0.6442   0.0075     2.3%
   695     3.3s    0.0274   100.0%   100.0%   100.0%        98%/2%/0%    0.947 4.89e-04     0.0%     0.0%   0.6055   0.0097     1.8%
   696     4.0s    0.0149   100.0%   100.0%   100.0%        97%/3%/0%    0.913    0.003     0.0%     0.0%   0.5441   0.0105     2.3%
   697     4.3s    0.0233   100.0%   100.0%   100.0%        98%/2%/0%    1.047 4.13e-04     0.0%     0.0%   0.5777   0.0062     1.4%
   698     3.6s    0.0269   100.0%   100.0%   100.0%        99%/1%/0%    1.039 1.57e-04     0.0%     0.0%   0.4718   0.0011     0.3%
   699     4.1s    0.0160   100.0%   100.0%   100.0%        98%/2%/0%    0.967 2.22e-04     0.0%     0.0%   0.5090   0.0072     1.4%
   700     6.0s    0.0231   100.0%   100.0%   100.0%       100%/0%/0%    0.948    0.000     0.0%     0.0%   0.4873  -0.0031     0.0%
  [MA20] reward=0.0230 task_sr=100.0% miss=0.0% time_limit=0.0% v2v=0.3%
  [PPO ] p_loss=0.0027 v_loss=0.7433 entropy=0.4873 grad=83.0845 active=100.0%
  [SIM ] avg_power(a)=0.5009 rsu_q=0.316 tx=0 no_tx=168 deadlock=0 svc=18.855GHz idle=10.5%
  [Checkpoint] saved: ep0700.pth

    Ep    Wall    R/step     T_SR     V_SR     S_SR            L/R/V   Lat(s)       En     Miss      Ill      Ent       KL     Clip
--------------------------------------------------------------------------------------------------------------------------------
   701     2.8s    0.0184   100.0%   100.0%   100.0%       100%/0%/0%    0.781    0.000     0.0%     0.0%   0.3705  -0.0025     0.0%
   702     6.6s    0.0266   100.0%   100.0%   100.0%       100%/0%/0%    1.043    0.000     0.0%     0.0%   0.5250   0.0013     0.0%
   703     3.1s    0.0185   100.0%   100.0%   100.0%        99%/1%/0%    0.812 2.04e-05     0.0%     0.0%   0.4637   0.0018     0.1%
   704     3.5s    0.0303   100.0%   100.0%   100.0%       100%/0%/0%    1.036    0.000     0.0%     0.0%   0.5568   0.0017     0.0%
   705     4.4s    0.0216   100.0%   100.0%   100.0%        99%/1%/0%    1.052 4.05e-04     0.0%     0.0%   0.5888  -0.0058     1.0%
   706     3.6s    0.0274   100.0%   100.0%   100.0%       100%/0%/0%    0.921    0.000     0.0%     0.0%   0.4891  -0.0007     0.0%
   707     5.5s    0.0251   100.0%   100.0%   100.0%       100%/0%/0%    1.045    0.000     0.0%     0.0%   0.5102   0.0022     0.0%
   708     3.6s    0.0253   100.0%   100.0%   100.0%       100%/0%/0%    1.054    0.000     0.0%     0.0%   0.4796   0.0025     0.0%
   709     3.9s    0.0196   100.0%   100.0%   100.0%        99%/1%/0%    1.089 1.55e-04     0.0%     0.0%   0.5538   0.0038     0.6%
   710     2.8s    0.0296   100.0%   100.0%   100.0%       100%/0%/0%    0.795    0.000     0.0%     0.0%   0.4157  -0.0010     0.0%
  [MA20] reward=0.0231 task_sr=100.0% miss=0.0% time_limit=0.0% v2v=0.0%
  [PPO ] p_loss=0.0005 v_loss=0.5230 entropy=0.4157 grad=72.1757 active=100.0%
  [SIM ] avg_power(a)=0.5000 rsu_q=0.000 tx=0 no_tx=149 deadlock=0 svc=18.317GHz idle=6.7%
   711     2.9s    0.0374   100.0%   100.0%   100.0%       100%/0%/0%    0.689    0.000     0.0%     0.0%   0.4055   0.0020     0.0%
   712     3.1s    0.0175   100.0%   100.0%   100.0%       100%/0%/0%    0.828    0.000     0.0%     0.0%   0.3745 -3.99e-05     0.0%
   713     4.2s    0.0269   100.0%   100.0%   100.0%       100%/0%/0%    1.146    0.000     0.0%     0.0%   0.4931   0.0037     0.0%
   714     6.5s    0.0219   100.0%   100.0%   100.0%       100%/0%/0%    1.151    0.000     0.0%     0.0%   0.5595   0.0009     0.0%
   715     8.0s    0.0093   100.0%   100.0%   100.0%       100%/0%/0%    1.236    0.000     0.0%     0.0%   0.4920   0.0004     0.0%
   716     7.8s    0.0224   100.0%   100.0%   100.0%       100%/0%/0%    1.140    0.000     0.0%     0.0%   0.5045 3.38e-05     0.0%
   717     3.5s    0.0261   100.0%   100.0%   100.0%        98%/2%/0%    0.806 2.27e-04     0.0%     0.0%   0.4783   0.0091     1.4%
   718     3.2s    0.0233   100.0%   100.0%   100.0%       100%/0%/0%    0.959    0.000     0.0%     0.0%   0.4644   0.0018     0.0%
   719     2.2s    0.0244   100.0%   100.0%   100.0%        99%/0%/1%    0.691    0.002     0.0%     0.0%   0.3947   0.0019     0.8%
   720     2.8s    0.0372   100.0%   100.0%   100.0%       100%/0%/0%    0.725    0.000     0.0%     0.0%   0.4325   0.0016     0.0%
  [MA20] reward=0.0244 task_sr=100.0% miss=0.0% time_limit=0.0% v2v=0.0%
  [PPO ] p_loss=0.0022 v_loss=0.8299 entropy=0.4325 grad=136.6862 active=100.0%
  [SIM ] avg_power(a)=0.5000 rsu_q=0.333 tx=0 no_tx=135 deadlock=0 svc=27.768GHz idle=8.3%

    Ep    Wall    R/step     T_SR     V_SR     S_SR            L/R/V   Lat(s)       En     Miss      Ill      Ent       KL     Clip
--------------------------------------------------------------------------------------------------------------------------------
   721     3.9s    0.0235   100.0%   100.0%   100.0%       100%/0%/0%    1.067    0.000     0.0%     0.0%   0.5067  -0.0003     0.0%
   722     2.9s    0.0222   100.0%   100.0%   100.0%       100%/0%/0%    0.807    0.000     0.0%     0.0%   0.4954   0.0020     0.0%
   723     3.4s    0.0218   100.0%   100.0%   100.0%       100%/0%/0%    0.916    0.000     0.0%     0.0%   0.4584   0.0020     0.0%
   724     4.3s    0.0275   100.0%   100.0%   100.0%        99%/1%/0%    0.935 1.12e-04     0.0%     0.0%   0.5075   0.0042     0.2%
   725     4.2s    0.0195   100.0%   100.0%   100.0%       100%/0%/0%    0.981    0.000     0.0%     0.0%   0.4759   0.0018     0.0%
   726     2.7s    0.0321   100.0%   100.0%   100.0%        99%/1%/0%    0.779 2.16e-04     0.0%     0.0%   0.4289   0.0002     0.3%
   727     5.6s    0.0232   100.0%   100.0%   100.0%       100%/0%/0%    1.023    0.000     0.0%     0.0%   0.5364  -0.0011     0.0%
   728     3.3s    0.0368   100.0%   100.0%   100.0%       100%/0%/0%    0.733    0.000     0.0%     0.0%   0.4235  -0.0013     0.0%
   729     2.8s    0.0293   100.0%   100.0%   100.0%       100%/0%/0%    0.869    0.000     0.0%     0.0%   0.4972   0.0006     0.0%
   730     3.1s    0.0298   100.0%   100.0%   100.0%       100%/0%/0%    0.914    0.000     0.0%     0.0%   0.5132   0.0010     0.0%
  [MA20] reward=0.0256 task_sr=100.0% miss=0.0% time_limit=0.0% v2v=0.0%
  [PPO ] p_loss=-0.0011 v_loss=0.6032 entropy=0.5132 grad=53.3496 active=100.0%
  [SIM ] avg_power(a)=0.5000 rsu_q=0.000 tx=0 no_tx=170 deadlock=0 svc=24.603GHz idle=13.3%
   731     3.0s    0.0345   100.0%   100.0%   100.0%       100%/0%/0%    0.687    0.000     0.0%     0.0%   0.4282   0.0004     0.0%
   732     3.6s    0.0300   100.0%   100.0%   100.0%        99%/0%/1%    0.935 7.71e-04     0.0%     0.0%   0.5131   0.0013     0.3%
   733     4.5s    0.0201   100.0%   100.0%   100.0%       100%/0%/0%    1.107    0.000     0.0%     0.0%   0.5276   0.0003     0.0%
   734     2.7s    0.0275   100.0%   100.0%   100.0%       100%/0%/0%    0.907    0.000     0.0%     0.0%   0.4140   0.0015     0.0%
   735     4.0s    0.0239   100.0%   100.0%   100.0%       100%/0%/0%    1.061 5.67e-05     0.0%     0.0%   0.5611   0.0018     0.3%
   736     3.4s    0.0161   100.0%   100.0%   100.0%       100%/0%/0%    0.785    0.000     0.0%     0.0%   0.4298  -0.0014     0.0%
   737     4.8s    0.0196   100.0%   100.0%   100.0%       100%/0%/0%    1.076    0.000     0.0%     0.0%   0.4924  -0.0017     0.0%
   738     2.2s    0.0343   100.0%   100.0%   100.0%        99%/1%/0%    0.635 1.44e-04     0.0%     0.0%   0.4255   0.0022     0.5%
   739     4.4s    0.0170   100.0%   100.0%   100.0%       100%/0%/0%    1.167    0.000     0.0%     0.0%   0.5155   0.0025     0.0%
   740     3.8s    0.0238   100.0%   100.0%   100.0%        99%/1%/0%    1.005 2.08e-04     0.0%     0.0%   0.5341   0.0029     0.6%
  [MA20] reward=0.0256 task_sr=100.0% miss=0.0% time_limit=0.0% v2v=0.0%
  [PPO ] p_loss=0.0035 v_loss=0.5522 entropy=0.5341 grad=81.2124 active=100.0%
  [SIM ] avg_power(a)=0.4993 rsu_q=0.053 tx=1 no_tx=173 deadlock=0 svc=22.184GHz idle=10.5%

    Ep    Wall    R/step     T_SR     V_SR     S_SR            L/R/V   Lat(s)       En     Miss      Ill      Ent       KL     Clip
--------------------------------------------------------------------------------------------------------------------------------
   741     4.4s    0.0234   100.0%   100.0%   100.0%       100%/0%/0%    1.114    0.000     0.0%     0.0%   0.5291   0.0009     0.0%
   742     4.2s    0.0138   100.0%   100.0%   100.0%        99%/0%/1%    0.942 6.05e-04     0.0%     0.0%   0.4881   0.0048     0.4%
   743     4.4s    0.0213   100.0%   100.0%   100.0%        99%/1%/1%    1.009    0.002     0.0%     0.0%   0.5419   0.0066     0.7%
   744     2.6s    0.0299   100.0%   100.0%   100.0%        99%/1%/0%    0.687 3.26e-04     0.0%     0.0%   0.4307   0.0053     0.5%
   745     3.3s    0.0266   100.0%   100.0%   100.0%       100%/0%/0%    0.960    0.000     0.0%     0.0%   0.4830   0.0055     0.0%
   746     3.7s    0.0183   100.0%   100.0%   100.0%        99%/1%/0%    0.883 2.92e-05     0.0%     0.0%   0.4498   0.0024     0.8%
   747     3.9s    0.0280   100.0%   100.0%   100.0%       100%/0%/0%    0.748    0.000     0.0%     0.0%   0.3893   0.0017     0.0%
   748     2.3s    0.0340   100.0%   100.0%   100.0%        99%/1%/0%    0.760 1.28e-04     0.0%     0.0%   0.4502   0.0045     0.6%
   749     7.1s    0.0278   100.0%   100.0%   100.0%        99%/1%/0%    1.026 1.57e-04     0.0%     0.0%   0.6312   0.0017     0.0%
   750     4.0s    0.0304   100.0%   100.0%   100.0%        99%/1%/0%    1.105 4.39e-04     0.0%     0.0%   0.5095  -0.0021     0.8%
  [MA20] reward=0.0250 task_sr=100.0% miss=0.0% time_limit=0.0% v2v=0.1%
  [PPO ] p_loss=0.0026 v_loss=0.6138 entropy=0.5095 grad=73.7424 active=100.0%
  [SIM ] avg_power(a)=0.5006 rsu_q=0.133 tx=2 no_tx=194 deadlock=0 svc=29.792GHz idle=6.7%
   751     4.5s    0.0177   100.0%   100.0%   100.0%        99%/1%/0%    1.241 2.05e-04     0.0%     0.0%   0.5000   0.0054     0.4%
   752     4.8s    0.0182   100.0%   100.0%   100.0%       100%/0%/0%    1.176    0.000     0.0%     0.0%   0.5464   0.0032     0.0%
   753     4.2s    0.0253   100.0%   100.0%   100.0%        99%/1%/0%    1.045 1.36e-04     0.0%     0.0%   0.4953   0.0009     0.3%
   754     4.2s    0.0213   100.0%   100.0%   100.0%        99%/1%/1%    1.213 6.04e-04     0.0%     0.0%   0.5444   0.0013     0.6%
   755     3.3s    0.0203   100.0%   100.0%   100.0%        99%/1%/0%    0.784 7.13e-05     0.0%     0.0%   0.4380  -0.0006     0.6%
   756     2.5s    0.0235   100.0%   100.0%   100.0%        99%/1%/0%    0.709 1.92e-04     0.0%     0.0%   0.4473   0.0029     0.4%
   757     4.1s    0.0216   100.0%   100.0%   100.0%       100%/0%/0%    0.977    0.000     0.0%     0.0%   0.5061   0.0030     0.0%
   758     5.4s    0.0157   100.0%   100.0%   100.0%       100%/0%/0%    1.329    0.000     0.0%     0.0%   0.5291  -0.0010     0.0%
   759     4.5s    0.0247   100.0%   100.0%   100.0%       100%/0%/0%    0.860    0.000     0.0%     0.0%   0.4572  -0.0040     0.0%
   760     2.8s    0.0339   100.0%   100.0%   100.0%       100%/0%/0%    0.852    0.000     0.0%     0.0%   0.4858  -0.0022     0.0%
  [MA20] reward=0.0238 task_sr=100.0% miss=0.0% time_limit=0.0% v2v=0.1%
  [PPO ] p_loss=-0.0045 v_loss=0.4791 entropy=0.4858 grad=31.1891 active=100.0%
  [SIM ] avg_power(a)=0.5000 rsu_q=0.000 tx=0 no_tx=171 deadlock=0 svc=22.991GHz idle=23.1%

    Ep    Wall    R/step     T_SR     V_SR     S_SR            L/R/V   Lat(s)       En     Miss      Ill      Ent       KL     Clip
--------------------------------------------------------------------------------------------------------------------------------
   761     2.9s    0.0318   100.0%   100.0%   100.0%        99%/0%/1%    0.881 3.92e-04     0.0%     0.0%   0.4678   0.0076     0.6%
   762     3.5s    0.0201   100.0%   100.0%   100.0%       100%/0%/0%    0.808    0.000     0.0%     0.0%   0.4390 5.79e-05     0.0%
   763     2.2s    0.0295   100.0%   100.0%   100.0%        99%/1%/0%    0.784 5.29e-05     0.0%     0.0%   0.4340  -0.0100     0.6%
   764     2.0s    0.0318   100.0%   100.0%   100.0%        99%/0%/1%    0.624 3.61e-04     0.0%     0.0%   0.3801   0.0111     0.8%
   765     3.0s    0.0260   100.0%   100.0%   100.0%        98%/1%/1%    0.789    0.001     0.0%     0.0%   0.4647  -0.0015     1.6%
   766     3.8s    0.0228   100.0%   100.0%   100.0%        99%/1%/0%    1.029 1.07e-04     0.0%     0.0%   0.5381   0.0009     0.3%
   767     4.2s    0.0207   100.0%   100.0%   100.0%       100%/0%/0%    1.146 8.93e-05     0.0%     0.0%   0.5225   0.0004     0.3%
   768     1.7s    0.0438   100.0%   100.0%   100.0%       100%/0%/0%    0.596    0.000     0.0%     0.0%   0.4791  -0.0032     0.0%
   769     2.9s    0.0246   100.0%   100.0%   100.0%        99%/1%/0%    0.763 2.73e-04     0.0%     0.0%   0.4037   0.0033     0.6%
   770     4.2s    0.0295   100.0%   100.0%   100.0%        99%/1%/0%    0.958 7.47e-05     0.0%     0.0%   0.5668  -0.0027     0.4%
  [MA20] reward=0.0251 task_sr=100.0% miss=0.0% time_limit=0.0% v2v=0.1%
  [PPO ] p_loss=-0.0020 v_loss=0.8077 entropy=0.5668 grad=46.4930 active=100.0%
  [SIM ] avg_power(a)=0.4992 rsu_q=0.333 tx=1 no_tx=170 deadlock=0 svc=26.839GHz idle=6.7%
   771     3.8s    0.0237   100.0%   100.0%   100.0%        99%/1%/0%    1.066 5.33e-05     0.0%     0.0%   0.5437   0.0056     0.5%
   772     5.9s    0.0156   100.0%   100.0%   100.0%        98%/2%/0%    1.132 6.21e-04     0.0%     0.0%   0.5082   0.0048     1.2%
   773     2.8s    0.0315   100.0%   100.0%   100.0%        99%/1%/0%    0.811 1.08e-05     0.0%     0.0%   0.4539 -2.45e-05     0.4%
   774     4.7s    0.0205   100.0%   100.0%   100.0%        99%/1%/0%    1.065 1.31e-04     0.0%     0.0%   0.5786   0.0027     0.2%
   775     2.3s    0.0298   100.0%   100.0%   100.0%       100%/0%/0%    0.788    0.000     0.0%     0.0%   0.5266   0.0011     0.0%
   776     5.3s    0.0128   100.0%   100.0%   100.0%        99%/0%/1%    1.152    0.002     0.0%     0.0%   0.5352   0.0002     0.2%
   777     3.5s    0.0329   100.0%   100.0%   100.0%        99%/1%/0%    0.965 2.37e-04     0.0%     0.0%   0.5213  -0.0013     0.5%
   778     2.7s    0.0198   100.0%   100.0%   100.0%        99%/0%/1%    0.685 2.25e-04     0.0%     0.0%   0.3784  -0.0047     0.5%
   779     3.7s    0.0195   100.0%   100.0%   100.0%        99%/1%/0%    0.918 6.43e-05     0.0%     0.0%   0.4316   0.0005     0.4%
   780     3.7s    0.0345   100.0%   100.0%   100.0%       100%/0%/0%    0.869    0.000     0.0%     0.0%   0.5356  -0.0005     0.0%
  [MA20] reward=0.0260 task_sr=100.0% miss=0.0% time_limit=0.0% v2v=0.2%
  [PPO ] p_loss=-0.0012 v_loss=0.8176 entropy=0.5356 grad=49.5440 active=100.0%
  [SIM ] avg_power(a)=0.4983 rsu_q=0.385 tx=0 no_tx=167 deadlock=0 svc=30.568GHz idle=15.4%

    Ep    Wall    R/step     T_SR     V_SR     S_SR            L/R/V   Lat(s)       En     Miss      Ill      Ent       KL     Clip
--------------------------------------------------------------------------------------------------------------------------------
   781     2.2s    0.0298   100.0%   100.0%   100.0%        99%/0%/1%    0.729    0.002     0.0%     0.0%   0.4869  -0.0036     0.9%
   782     2.7s    0.0275   100.0%   100.0%   100.0%        99%/1%/0%    0.787 4.17e-05     0.0%     0.0%   0.4913   0.0125     0.7%
   783     5.1s    0.0127   100.0%   100.0%   100.0%       100%/0%/0%    1.074 1.12e-05     0.0%     0.0%   0.5521  -0.0003     0.3%
   784     4.9s    0.0250   100.0%   100.0%   100.0%        99%/1%/0%    1.034 5.56e-04     0.0%     0.0%   0.5595   0.0010     0.5%
   785     3.8s    0.0197   100.0%   100.0%   100.0%        99%/0%/1%    1.081    0.003     0.0%     0.0%   0.5418  -0.0005     1.0%
   786     2.3s    0.0256   100.0%   100.0%   100.0%        98%/0%/2%    0.678 7.70e-04     0.0%     0.0%   0.4418   0.0086     1.4%
   787     4.0s    0.0159   100.0%   100.0%   100.0%       100%/0%/0%    0.982    0.000     0.0%     0.0%   0.5566  -0.0036     0.0%
   788     2.5s    0.0291   100.0%   100.0%   100.0%       100%/0%/0%    0.814    0.000     0.0%     0.0%   0.4636  -0.0007     0.0%
   789     3.0s    0.0259   100.0%   100.0%   100.0%       100%/0%/0%    0.837    0.000     0.0%     0.0%   0.4514 -3.91e-05     0.0%
   790     4.0s    0.0159   100.0%   100.0%   100.0%        99%/1%/0%    0.914 7.16e-05     0.0%     0.0%   0.5291  -0.0017     0.5%
  [MA20] reward=0.0234 task_sr=100.0% miss=0.0% time_limit=0.0% v2v=0.3%
  [PPO ] p_loss=0.0003 v_loss=0.9943 entropy=0.5291 grad=16.4572 active=100.0%
  [SIM ] avg_power(a)=0.4998 rsu_q=0.067 tx=1 no_tx=165 deadlock=0 svc=16.982GHz idle=30.0%
   791     4.5s    0.0289   100.0%   100.0%   100.0%       100%/0%/0%    1.097    0.000     0.0%     0.0%   0.5839  -0.0004     0.0%
   792     6.1s    0.0326   100.0%   100.0%   100.0%        99%/1%/0%    0.971 3.25e-04     0.0%     0.0%   0.5570   0.0048     0.3%
   793     3.3s    0.0262   100.0%   100.0%   100.0%        99%/1%/0%    0.927 6.93e-04     0.0%     0.0%   0.5222   0.0022     0.2%
   794     2.1s    0.0319   100.0%   100.0%   100.0%        99%/1%/0%    0.767 1.03e-05     0.0%     0.0%   0.3764  -0.0022     0.6%
   795     4.9s    0.0188   100.0%   100.0%   100.0%        99%/1%/1%    1.318 4.61e-04     0.0%     0.0%   0.5049  -0.0011     0.6%
   796     4.4s    0.0207   100.0%   100.0%   100.0%        99%/1%/0%    1.087 1.05e-04     0.0%     0.0%   0.5183   0.0021     0.0%
   797     3.5s    0.0221   100.0%   100.0%   100.0%        99%/1%/0%    0.949 6.40e-05     0.0%     0.0%   0.5365   0.0050     0.5%
   798     6.3s    0.0223   100.0%   100.0%   100.0%        99%/0%/1%    1.004 7.09e-04     0.0%     0.0%   0.5385   0.0049     0.3%
   799     4.3s    0.0163   100.0%   100.0%   100.0%        99%/1%/0%    1.049 9.49e-05     0.0%     0.0%   0.5026   0.0057     0.5%
   800     3.6s    0.0219   100.0%   100.0%   100.0%        99%/1%/0%    1.017 1.96e-05     0.0%     0.0%   0.5609   0.0013     0.5%
  [MA20] reward=0.0234 task_sr=100.0% miss=0.0% time_limit=0.0% v2v=0.3%
  [PPO ] p_loss=-0.0001 v_loss=2.0954 entropy=0.5609 grad=310.1220 active=100.0%
  [SIM ] avg_power(a)=0.4992 rsu_q=0.000 tx=1 no_tx=188 deadlock=0 svc=19.636GHz idle=15.0%
  [Checkpoint] saved: ep0800.pth

    Ep    Wall    R/step     T_SR     V_SR     S_SR            L/R/V   Lat(s)       En     Miss      Ill      Ent       KL     Clip
--------------------------------------------------------------------------------------------------------------------------------
   801     3.1s    0.0313   100.0%   100.0%   100.0%        99%/1%/0%    0.870 1.58e-04     0.0%     0.0%   0.5130   0.0115     0.6%
   802     2.6s    0.0261   100.0%   100.0%   100.0%       100%/0%/0%    0.701    0.000     0.0%     0.0%   0.4429   0.0040     0.0%
   803     4.5s    0.0240   100.0%   100.0%   100.0%       100%/0%/0%    1.138    0.000     0.0%     0.0%   0.5243   0.0033     0.0%
   804     2.5s    0.0318   100.0%   100.0%   100.0%       100%/0%/0%    0.707    0.000     0.0%     0.0%   0.4624  -0.0026     0.0%
   805     2.2s    0.0316   100.0%   100.0%   100.0%        99%/1%/0%    0.743 9.90e-05     0.0%     0.0%   0.4645   0.0011     0.4%
   806     4.5s    0.0159   100.0%   100.0%   100.0%       100%/0%/0%    1.200    0.000     0.0%     0.0%   0.4623 -9.13e-05     0.0%
   807     3.3s    0.0277   100.0%   100.0%   100.0%        99%/1%/0%    0.964 4.64e-04     0.0%     0.0%   0.5057  -0.0078     0.8%
   808     7.1s    0.0227   100.0%   100.0%   100.0%        99%/1%/0%    1.071 3.33e-05     0.0%     0.0%   0.5478  -0.0027     0.4%
   809     3.9s    0.0239   100.0%   100.0%   100.0%       100%/0%/0%    1.115 4.46e-05     0.0%     0.0%   0.5232   0.0021     0.3%
   810     2.7s    0.0184   100.0%   100.0%   100.0%       100%/0%/0%    0.708    0.000     0.0%     0.0%   0.3093  -0.0032     0.2%
  [MA20] reward=0.0248 task_sr=100.0% miss=0.0% time_limit=0.0% v2v=0.1%
  [PPO ] p_loss=-0.0014 v_loss=0.3543 entropy=0.3093 grad=18.6725 active=100.0%
  [SIM ] avg_power(a)=0.4994 rsu_q=0.083 tx=0 no_tx=115 deadlock=0 svc=10.185GHz idle=8.3%
   811     2.7s    0.0231   100.0%   100.0%   100.0%        98%/2%/0%    0.793 4.03e-05     0.0%     0.0%   0.4249  -0.0032     0.9%
   812     3.5s    0.0233   100.0%   100.0%   100.0%       100%/0%/0%    1.020    0.000     0.0%     0.0%   0.5195  -0.0005     0.0%
   813     4.7s    0.0182   100.0%   100.0%   100.0%        99%/1%/0%    0.938 5.69e-05     0.0%     0.0%   0.5387   0.0020     0.5%
   814     2.1s    0.0339   100.0%   100.0%   100.0%        99%/1%/0%    0.687 5.47e-05     0.0%     0.0%   0.4163   0.0055     0.5%
   815     3.3s    0.0297   100.0%   100.0%   100.0%       100%/0%/0%    0.933    0.000     0.0%     0.0%   0.5447  -0.0008     0.0%
   816     2.0s    0.0400   100.0%   100.0%   100.0%       100%/0%/0%    0.725    0.000     0.0%     0.0%   0.3440  -0.0013     0.0%
   817     5.7s    0.0142   100.0%   100.0%   100.0%       100%/0%/0%    0.992    0.000     0.0%     0.0%   0.4590  -0.0028     0.0%
   818     2.7s    0.0315   100.0%   100.0%   100.0%       100%/0%/0%    0.795    0.000     0.0%     0.0%   0.4274   0.0016     0.0%
   819     3.0s    0.0295   100.0%   100.0%   100.0%       100%/0%/0%    0.899    0.000     0.0%     0.0%   0.5524   0.0011     0.0%
   820     7.5s    0.0200   100.0%   100.0%   100.0%        99%/1%/0%    1.121 2.41e-04     0.0%     0.0%   0.4324  -0.0039     0.6%
  [MA20] reward=0.0258 task_sr=100.0% miss=0.0% time_limit=0.0% v2v=0.0%
  [PPO ] p_loss=0.0001 v_loss=0.5218 entropy=0.4324 grad=40.2570 active=100.0%
  [SIM ] avg_power(a)=0.4999 rsu_q=0.273 tx=1 no_tx=180 deadlock=0 svc=20.020GHz idle=13.6%

    Ep    Wall    R/step     T_SR     V_SR     S_SR            L/R/V   Lat(s)       En     Miss      Ill      Ent       KL     Clip
--------------------------------------------------------------------------------------------------------------------------------
   821     4.7s    0.0269   100.0%   100.0%   100.0%       100%/0%/0%    1.056    0.000     0.0%     0.0%   0.5795   0.0056     0.0%
   822     3.9s    0.0204   100.0%   100.0%   100.0%       100%/0%/0%    1.018    0.000     0.0%     0.0%   0.4883   0.0057     0.0%
   823     6.0s    0.0197   100.0%   100.0%   100.0%        99%/0%/1%    1.055 7.20e-04     0.0%     0.0%   0.4821   0.0018     0.5%
   824     2.6s    0.0222   100.0%   100.0%   100.0%        99%/1%/0%    0.698 2.56e-04     0.0%     0.0%   0.3947   0.0081     0.7%
   825     4.1s    0.0300   100.0%   100.0%   100.0%       100%/0%/0%    1.005    0.000     0.0%     0.0%   0.5363   0.0015     0.0%
   826     2.3s    0.0314   100.0%   100.0%   100.0%       100%/0%/0%    0.673    0.000     0.0%     0.0%   0.4163  -0.0041     0.0%
   827     3.2s    0.0181   100.0%   100.0%   100.0%       100%/0%/0%    0.850    0.000     0.0%     0.0%   0.3826  -0.0028     0.0%
   828     4.7s    0.0182   100.0%   100.0%   100.0%       100%/0%/0%    0.887    0.000     0.0%     0.0%   0.4169  -0.0035     0.0%
   829     5.4s    0.0176   100.0%   100.0%   100.0%       100%/0%/0%    1.001    0.000     0.0%     0.0%   0.5348  -0.0002     0.0%
   830     4.4s    0.0234   100.0%   100.0%   100.0%       100%/0%/0%    0.996    0.000     0.0%     0.0%   0.5189   0.0011     0.0%
  [MA20] reward=0.0246 task_sr=100.0% miss=0.0% time_limit=0.0% v2v=0.0%
  [PPO ] p_loss=-0.0016 v_loss=0.6473 entropy=0.5189 grad=17.3726 active=100.0%
  [SIM ] avg_power(a)=0.5000 rsu_q=0.053 tx=0 no_tx=180 deadlock=0 svc=20.030GHz idle=10.5%
   831     2.8s    0.0191   100.0%   100.0%   100.0%        99%/1%/0%    0.788 1.71e-04     0.0%     0.0%   0.4543   0.0004     0.4%
   832     5.2s    0.0176   100.0%   100.0%   100.0%       100%/0%/0%    0.774    0.000     0.0%     0.0%   0.3961   0.0036     0.0%
   833     4.0s    0.0186   100.0%   100.0%   100.0%       100%/0%/0%    1.130    0.000     0.0%     0.0%   0.4919  -0.0004     0.0%
   834     2.9s    0.0279   100.0%   100.0%   100.0%       100%/0%/0%    0.893    0.000     0.0%     0.0%   0.4737  -0.0015     0.0%
   835     5.0s    0.0157   100.0%   100.0%   100.0%        99%/1%/0%    1.262 3.08e-04     0.0%     0.0%   0.5169  -0.0018     0.4%
   836     4.5s    0.0296   100.0%   100.0%   100.0%       100%/0%/0%    0.771    0.000     0.0%     0.0%   0.3983  -0.0014     0.0%
   837     3.9s    0.0138   100.0%   100.0%   100.0%       100%/0%/0%    0.882    0.000     0.0%     0.0%   0.4705  -0.0002     0.0%
   838     3.8s    0.0203   100.0%   100.0%   100.0%       100%/0%/0%    0.971    0.000     0.0%     0.0%   0.4985  -0.0029     0.0%
   839     6.1s    0.0182   100.0%   100.0%   100.0%       100%/0%/0%    0.924    0.000     0.0%     0.0%   0.4656   0.0007     0.0%
   840     4.0s    0.0204   100.0%   100.0%   100.0%       100%/0%/0%    1.028    0.000     0.0%     0.0%   0.4980   0.0004     0.0%
  [MA20] reward=0.0215 task_sr=100.0% miss=0.0% time_limit=0.0% v2v=0.0%
  [PPO ] p_loss=0.0009 v_loss=0.9872 entropy=0.4980 grad=13.8079 active=100.0%
  [SIM ] avg_power(a)=0.5000 rsu_q=0.043 tx=0 no_tx=188 deadlock=0 svc=21.693GHz idle=26.1%

    Ep    Wall    R/step     T_SR     V_SR     S_SR            L/R/V   Lat(s)       En     Miss      Ill      Ent       KL     Clip
--------------------------------------------------------------------------------------------------------------------------------
   841     3.4s    0.0294   100.0%   100.0%   100.0%       100%/0%/0%    0.837    0.000     0.0%     0.0%   0.4853   0.0014     0.0%
   842     2.5s    0.0275   100.0%   100.0%   100.0%       100%/0%/0%    0.782    0.000     0.0%     0.0%   0.4297   0.0010     0.0%
   843     3.3s    0.0262   100.0%   100.0%   100.0%        99%/0%/1%    0.955    0.002     0.0%     0.0%   0.4722   0.0034     0.5%
   844     6.3s    0.0131    95.0%    95.0%    99.3%        99%/0%/1%    0.708 2.61e-04     5.0%     0.0%   0.4197  -0.0040     0.7%
   845     2.2s    0.0292   100.0%   100.0%   100.0%       100%/0%/0%    0.702    0.000     0.0%     0.0%   0.3876   0.0026     0.0%
   846     3.3s    0.0196   100.0%   100.0%   100.0%       100%/0%/0%    0.848    0.000     0.0%     0.0%   0.4787   0.0032     0.0%
   847     4.6s    0.0167   100.0%   100.0%   100.0%       100%/0%/0%    1.261    0.000     0.0%     0.0%   0.5279   0.0016     0.0%
   848     5.0s    0.0343   100.0%   100.0%   100.0%       100%/0%/0%    0.845    0.000     0.0%     0.0%   0.5666   0.0051     0.0%
   849     4.1s    0.0322   100.0%   100.0%   100.0%       100%/0%/0%    0.962    0.000     0.0%     0.0%   0.5174   0.0044     0.0%
   850     4.4s    0.0155   100.0%   100.0%   100.0%        99%/1%/0%    1.239 2.66e-05     0.0%     0.0%   0.4557   0.0040     0.2%
  [MA20] reward=0.0222 task_sr=99.8% miss=0.2% time_limit=0.0% v2v=0.1%
  [PPO ] p_loss=-0.0017 v_loss=0.4115 entropy=0.4557 grad=31.2584 active=100.0%
  [SIM ] avg_power(a)=0.4996 rsu_q=0.000 tx=1 no_tx=180 deadlock=0 svc=15.528GHz idle=7.1%
   851     3.4s    0.0304   100.0%   100.0%   100.0%       100%/0%/0%    0.975    0.000     0.0%     0.0%   0.4907   0.0007     0.0%
   852     5.7s    0.0347   100.0%   100.0%   100.0%        99%/1%/1%    0.924    0.002     0.0%     0.0%   0.5519   0.0039     0.8%
   853     6.4s    0.0251   100.0%   100.0%   100.0%       100%/0%/0%    1.048    0.000     0.0%     0.0%   0.5044  -0.0025     0.0%
   854     4.1s    0.0170   100.0%   100.0%   100.0%       100%/0%/0%    1.014    0.000     0.0%     0.0%   0.4744   0.0033     0.0%
   855     3.1s    0.0318   100.0%   100.0%   100.0%       100%/0%/0%    0.941    0.000     0.0%     0.0%   0.5270   0.0033     0.0%
   856     2.0s    0.0449   100.0%   100.0%   100.0%       100%/0%/0%    0.696    0.000     0.0%     0.0%   0.4340   0.0025     0.0%
   857     4.3s    0.0205   100.0%   100.0%   100.0%        99%/1%/0%    1.214 1.44e-04     0.0%     0.0%   0.5251   0.0029     0.3%
   858     3.7s    0.0297   100.0%   100.0%   100.0%       100%/0%/0%    0.861    0.000     0.0%     0.0%   0.5148   0.0016     0.0%
   859     2.9s    0.0308   100.0%   100.0%   100.0%       100%/0%/0%    0.825    0.000     0.0%     0.0%   0.4830   0.0027     0.0%
   860     4.3s    0.0171   100.0%   100.0%   100.0%       100%/0%/0%    1.088    0.000     0.0%     0.0%   0.5172 8.15e-05     0.0%
  [MA20] reward=0.0263 task_sr=99.8% miss=0.2% time_limit=0.0% v2v=0.1%
  [PPO ] p_loss=-0.0014 v_loss=0.7807 entropy=0.5172 grad=73.5034 active=100.0%
  [SIM ] avg_power(a)=0.5000 rsu_q=0.000 tx=0 no_tx=183 deadlock=0 svc=15.840GHz idle=7.7%

    Ep    Wall    R/step     T_SR     V_SR     S_SR            L/R/V   Lat(s)       En     Miss      Ill      Ent       KL     Clip
--------------------------------------------------------------------------------------------------------------------------------
   861     2.5s    0.0298   100.0%   100.0%   100.0%        99%/1%/0%    0.900 8.46e-05     0.0%     0.0%   0.4447  -0.0079     0.7%
   862     3.2s    0.0274   100.0%   100.0%   100.0%       100%/0%/0%    0.961    0.000     0.0%     0.0%   0.5202  -0.0004     0.0%
   863     2.2s    0.0343   100.0%   100.0%   100.0%       100%/0%/0%    0.707    0.000     0.0%     0.0%   0.4251  -0.0004     0.0%
   864     2.3s    0.0369   100.0%   100.0%   100.0%       100%/0%/0%    0.712    0.000     0.0%     0.0%   0.4428  -0.0003     0.0%
   865     3.3s    0.0250   100.0%   100.0%   100.0%        99%/1%/0%    0.935 2.41e-05     0.0%     0.0%   0.5029   0.0004     0.3%
   866     2.8s    0.0281   100.0%   100.0%   100.0%       100%/0%/0%    0.875    0.000     0.0%     0.0%   0.5135   0.0030     0.0%
   867     4.8s    0.0295   100.0%   100.0%   100.0%        99%/0%/1%    0.803 5.92e-04     0.0%     0.0%   0.4369   0.0014     0.4%
   868     3.7s    0.0199   100.0%   100.0%   100.0%       100%/0%/0%    1.076    0.000     0.0%     0.0%   0.5265   0.0028     0.0%
   869     3.2s    0.0233   100.0%   100.0%   100.0%       100%/0%/0%    0.909    0.000     0.0%     0.0%   0.4885  -0.0035     0.0%
   870     2.7s    0.0341   100.0%   100.0%   100.0%        99%/1%/0%    0.814    0.001     0.0%     0.0%   0.5431  -0.0012     0.5%
  [MA20] reward=0.0285 task_sr=100.0% miss=0.0% time_limit=0.0% v2v=0.1%
  [PPO ] p_loss=-0.0004 v_loss=0.5686 entropy=0.5431 grad=33.7215 active=100.0%
  [SIM ] avg_power(a)=0.5014 rsu_q=0.462 tx=1 no_tx=152 deadlock=0 svc=24.394GHz idle=7.7%
   871     4.0s    0.0216   100.0%   100.0%   100.0%        99%/1%/0%    1.161 1.43e-04     0.0%     0.0%   0.4558   0.0087     0.5%
   872     5.9s    0.0306   100.0%   100.0%   100.0%       100%/0%/0%    1.017    0.000     0.0%     0.0%   0.5212   0.0013     0.0%
   873     3.2s    0.0174   100.0%   100.0%   100.0%        99%/1%/0%    0.836 1.42e-04     0.0%     0.0%   0.4129  -0.0012     0.3%
   874     4.7s    0.0225   100.0%   100.0%   100.0%       100%/0%/0%    1.139    0.000     0.0%     0.0%   0.5437  -0.0027     0.0%
   875     4.4s    0.0222   100.0%   100.0%   100.0%        99%/1%/0%    1.238 7.79e-05     0.0%     0.0%   0.5481   0.0068     0.2%
   876     2.2s    0.0322   100.0%   100.0%   100.0%       100%/0%/0%    0.727    0.000     0.0%     0.0%   0.3955  -0.0016     0.0%
   877     3.2s    0.0320   100.0%   100.0%   100.0%       100%/0%/0%    0.938    0.000     0.0%     0.0%   0.5205  -0.0015     0.0%
   878     3.3s    0.0231   100.0%   100.0%   100.0%       100%/0%/0%    0.875    0.000     0.0%     0.0%   0.5237   0.0020     0.0%
   879     4.6s    0.0182   100.0%   100.0%   100.0%        99%/0%/1%    1.114 6.07e-04     0.0%     0.0%   0.5380   0.0015     0.3%
   880     4.2s    0.0168   100.0%   100.0%   100.0%        99%/0%/1%    1.050 3.13e-04     0.0%     0.0%   0.5466   0.0007     0.3%
  [MA20] reward=0.0262 task_sr=100.0% miss=0.0% time_limit=0.0% v2v=0.1%
  [PPO ] p_loss=-0.0003 v_loss=0.6355 entropy=0.5466 grad=97.9780 active=100.0%
  [SIM ] avg_power(a)=0.4996 rsu_q=0.000 tx=1 no_tx=185 deadlock=0 svc=15.999GHz idle=11.1%

    Ep    Wall    R/step     T_SR     V_SR     S_SR            L/R/V   Lat(s)       En     Miss      Ill      Ent       KL     Clip
--------------------------------------------------------------------------------------------------------------------------------
   881     3.1s    0.0263   100.0%   100.0%   100.0%       100%/0%/0%    0.864    0.000     0.0%     0.0%   0.5257  -0.0049     0.0%
   882     4.2s    0.0152   100.0%   100.0%   100.0%       100%/0%/0%    1.025    0.000     0.0%     0.0%   0.5023   0.0020     0.0%
   883     3.7s    0.0341   100.0%   100.0%   100.0%       100%/0%/0%    0.833    0.000     0.0%     0.0%   0.4980   0.0005     0.0%
   884     3.7s    0.0286   100.0%   100.0%   100.0%       100%/0%/0%    1.062    0.000     0.0%     0.0%   0.4907   0.0011     0.0%
   885     3.4s    0.0295   100.0%   100.0%   100.0%       100%/0%/0%    0.920    0.000     0.0%     0.0%   0.5688   0.0063     0.0%
   886     3.1s    0.0318   100.0%   100.0%   100.0%       100%/0%/0%    0.886    0.000     0.0%     0.0%   0.4782   0.0042     0.0%
   887     3.4s    0.0259   100.0%   100.0%   100.0%       100%/0%/0%    0.951    0.000     0.0%     0.0%   0.5211 5.08e-07     0.0%
   888     3.8s    0.0276   100.0%   100.0%   100.0%        99%/0%/1%    0.997    0.002     0.0%     0.0%   0.5319   0.0090     0.5%
   889     4.6s    0.0253   100.0%   100.0%   100.0%       100%/0%/0%    1.030    0.000     0.0%     0.0%   0.5159   0.0016     0.0%
   890     3.8s    0.0233   100.0%   100.0%   100.0%        99%/1%/0%    1.114 4.34e-05     0.0%     0.0%   0.5219  -0.0025     0.4%
  [MA20] reward=0.0252 task_sr=100.0% miss=0.0% time_limit=0.0% v2v=0.1%
  [PPO ] p_loss=-0.0014 v_loss=0.5147 entropy=0.5219 grad=10.6668 active=100.0%
  [SIM ] avg_power(a)=0.4997 rsu_q=0.000 tx=1 no_tx=176 deadlock=0 svc=21.813GHz idle=10.5%
   891     3.8s    0.0175   100.0%   100.0%   100.0%        99%/0%/1%    1.012    0.001     0.0%     0.0%   0.4058  -0.0050     0.5%
   892     5.5s    0.0251   100.0%   100.0%   100.0%       100%/0%/0%    1.135    0.000     0.0%     0.0%   0.5390   0.0004     0.0%
   893     2.3s    0.0317   100.0%   100.0%   100.0%        98%/2%/0%    0.689 4.02e-05     0.0%     0.0%   0.4185   0.0049     0.9%
   894     3.2s    0.0278   100.0%   100.0%   100.0%       100%/0%/0%    0.880    0.000     0.0%     0.0%   0.5750   0.0038     0.0%
   895     3.6s    0.0303   100.0%   100.0%   100.0%       100%/0%/0%    1.066    0.000     0.0%     0.0%   0.5125  -0.0031     0.0%
   896     2.2s    0.0345   100.0%   100.0%   100.0%        99%/1%/1%    0.752    0.001     0.0%     0.0%   0.4399  -0.0025     1.0%
   897     4.5s    0.0189   100.0%   100.0%   100.0%       100%/0%/0%    1.130    0.000     0.0%     0.0%   0.5324   0.0020     0.0%
   898     4.3s    0.0175   100.0%   100.0%   100.0%        99%/0%/1%    1.039 8.03e-04     0.0%     0.0%   0.5598   0.0136     0.5%
   899     3.5s    0.0279   100.0%   100.0%   100.0%        99%/1%/0%    0.984 4.15e-04     0.0%     0.0%   0.5333  -0.0014     0.2%
   900     3.7s    0.0304   100.0%   100.0%   100.0%        99%/0%/1%    1.060    0.003     0.0%     0.0%   0.5536  -0.0009     0.5%
  [MA20] reward=0.0265 task_sr=100.0% miss=0.0% time_limit=0.0% v2v=0.1%
  [PPO ] p_loss=-0.0004 v_loss=0.7924 entropy=0.5536 grad=95.9461 active=100.0%
  [SIM ] avg_power(a)=0.4992 rsu_q=0.133 tx=1 no_tx=184 deadlock=0 svc=30.364GHz idle=6.7%
  [Checkpoint] saved: ep0900.pth

    Ep    Wall    R/step     T_SR     V_SR     S_SR            L/R/V   Lat(s)       En     Miss      Ill      Ent       KL     Clip
--------------------------------------------------------------------------------------------------------------------------------
   901     6.8s    0.0170   100.0%   100.0%   100.0%       100%/0%/0%    1.204    0.000     0.0%     0.0%   0.4869  -0.0022     0.1%
   902     5.2s    0.0197   100.0%   100.0%   100.0%        99%/0%/0%    1.197    0.002     0.0%     0.0%   0.5260   0.0038     0.5%
   903     7.3s    0.0172   100.0%   100.0%   100.0%        99%/1%/0%    1.169 2.21e-04     0.0%     0.0%   0.5277 -8.42e-05     0.5%
   904     3.4s    0.0224   100.0%   100.0%   100.0%        99%/1%/0%    0.908 2.75e-04     0.0%     0.0%   0.5381  -0.0050     0.2%
   905     5.4s    0.0168   100.0%   100.0%   100.0%       100%/0%/0%    1.284    0.000     0.0%     0.0%   0.5374   0.0012     0.0%
   906     5.4s    0.0172   100.0%   100.0%   100.0%        99%/0%/1%    1.361 9.94e-04     0.0%     0.0%   0.5098  -0.0002     0.5%
   907     2.7s    0.0170   100.0%   100.0%   100.0%        99%/1%/0%    0.726 1.65e-05     0.0%     0.0%   0.4617   0.0027     0.5%
   908     2.2s    0.0367   100.0%   100.0%   100.0%        99%/1%/0%    0.744 4.49e-05     0.0%     0.0%   0.5076   0.0019     0.4%
   909     4.5s    0.0121   100.0%   100.0%   100.0%        99%/0%/1%    1.069 9.08e-05     0.0%     0.0%   0.5303  -0.0015     0.5%
   910     3.8s    0.0221   100.0%   100.0%   100.0%        99%/1%/0%    1.023 1.07e-04     0.0%     0.0%   0.6116   0.0053     0.4%
  [MA20] reward=0.0230 task_sr=100.0% miss=0.0% time_limit=0.0% v2v=0.2%
  [PPO ] p_loss=0.0011 v_loss=0.9383 entropy=0.6116 grad=9.1996 active=100.0%
  [SIM ] avg_power(a)=0.4999 rsu_q=0.143 tx=1 no_tx=173 deadlock=0 svc=19.212GHz idle=9.5%
   911     2.8s    0.0217   100.0%   100.0%   100.0%        98%/2%/0%    0.817 1.25e-04     0.0%     0.0%   0.5061   0.0034     0.9%
   912     3.9s    0.0208   100.0%   100.0%   100.0%        98%/2%/0%    1.070 7.20e-04     0.0%     0.0%   0.6048   0.0010     1.0%
   913     3.3s    0.0294   100.0%   100.0%   100.0%        99%/0%/1%    0.743 5.06e-04     0.0%     0.0%   0.5259  -0.0018     0.6%
   914     3.1s    0.0232   100.0%   100.0%   100.0%       100%/0%/0%    0.774    0.000     0.0%     0.0%   0.5493   0.0006     0.0%
   915     3.6s    0.0342   100.0%   100.0%   100.0%        98%/2%/0%    0.681 6.13e-04     0.0%     0.0%   0.5775   0.0037     1.1%
   916     4.1s    0.0304   100.0%   100.0%   100.0%        98%/1%/1%    1.030    0.003     0.0%     0.0%   0.6609   0.0056     1.8%
   917     2.3s    0.0317   100.0%   100.0%   100.0%        99%/1%/0%    0.749 1.39e-04     0.0%     0.0%   0.5290   0.0051     0.5%
   918     2.9s    0.0320   100.0%   100.0%   100.0%        98%/2%/0%    0.831    0.001     0.0%     0.0%   0.5682   0.0091     2.0%
   919     4.0s    0.0195   100.0%   100.0%   100.0%        97%/3%/0%    1.033 5.09e-04     0.0%     0.0%   0.6596  -0.0013     1.6%
   920     2.8s    0.0344   100.0%   100.0%   100.0%        96%/3%/1%    0.869    0.005     0.0%     0.0%   0.6540   0.0068     2.9%
  [MA20] reward=0.0238 task_sr=100.0% miss=0.0% time_limit=0.0% v2v=0.2%
  [PPO ] p_loss=0.0052 v_loss=0.5360 entropy=0.6540 grad=27.9812 active=100.0%
  [SIM ] avg_power(a)=0.4988 rsu_q=0.385 tx=7 no_tx=159 deadlock=0 svc=31.032GHz idle=15.4%

    Ep    Wall    R/step     T_SR     V_SR     S_SR            L/R/V   Lat(s)       En     Miss      Ill      Ent       KL     Clip
--------------------------------------------------------------------------------------------------------------------------------
   921     4.3s    0.0215   100.0%   100.0%   100.0%        98%/1%/1%    1.168    0.002     0.0%     0.0%   0.6506   0.0014     1.2%
   922     3.1s    0.0210   100.0%   100.0%   100.0%        97%/3%/0%    0.947 6.48e-04     0.0%     0.0%   0.5612   0.0097     1.9%
   923     3.8s    0.0192   100.0%   100.0%   100.0%        96%/4%/0%    1.010 6.44e-04     0.0%     0.0%   0.5866  -0.0023     2.4%
   924     3.4s    0.0303   100.0%   100.0%   100.0%        97%/3%/0%    0.945 9.07e-04     0.0%     0.0%   0.6375   0.0031     1.2%
   925     2.3s    0.0291   100.0%   100.0%   100.0%        99%/1%/0%    0.757 1.95e-05     0.0%     0.0%   0.4794   0.0030     0.6%
   926     3.0s    0.0314   100.0%   100.0%   100.0%        99%/1%/0%    0.787    0.001     0.0%     0.0%   0.6387  -0.0002     0.4%
   927     2.6s    0.0231   100.0%   100.0%   100.0%        98%/2%/0%    0.724    0.002     0.0%     0.0%   0.4631  -0.0029     1.2%
   928     2.4s    0.0347   100.0%   100.0%   100.0%        98%/2%/0%    0.759 1.98e-04     0.0%     0.0%   0.4949  -0.0002     1.4%
   929     4.1s    0.0180   100.0%   100.0%   100.0%        97%/3%/0%    1.075 4.10e-04     0.0%     0.0%   0.5842   0.0149     1.9%
   930     7.0s    0.0197   100.0%   100.0%   100.0%        95%/4%/1%    1.013    0.001     0.0%     0.0%   0.6355  -0.0003     3.2%
  [MA20] reward=0.0263 task_sr=100.0% miss=0.0% time_limit=0.0% v2v=0.2%
  [PPO ] p_loss=0.0161 v_loss=1.2995 entropy=0.6355 grad=205.9344 active=100.0%
  [SIM ] avg_power(a)=0.5007 rsu_q=0.182 tx=7 no_tx=165 deadlock=0 svc=16.839GHz idle=13.6%
   931     3.8s    0.0302   100.0%   100.0%   100.0%        96%/4%/0%    0.990    0.003     0.0%     0.0%   0.6273  -0.0015     2.0%
   932     4.0s    0.0224   100.0%   100.0%   100.0%        98%/2%/0%    1.049 7.14e-04     0.0%     0.0%   0.6664   0.0110     1.0%
   933     2.0s    0.0370   100.0%   100.0%   100.0%        99%/1%/0%    0.649 2.72e-05     0.0%     0.0%   0.5487   0.0050     0.6%
   934    24.5s    0.0016    95.0%    95.0%    99.5%        97%/3%/0%    1.080 9.48e-05     5.0%     0.0%   0.6851   0.0058     1.4%
   935     3.6s    0.0251   100.0%   100.0%   100.0%        97%/2%/1%    1.107    0.004     0.0%     0.0%   0.6030   0.0095     2.2%
   936     2.8s    0.0259   100.0%   100.0%   100.0%        96%/4%/0%    0.842 9.96e-04     0.0%     0.0%   0.6039   0.0059     2.7%
   937     6.6s    0.0301   100.0%   100.0%   100.0%        99%/1%/1%    0.994    0.005     0.0%     0.0%   0.7042   0.0029     1.0%
   938     2.3s    0.0344   100.0%   100.0%   100.0%        97%/1%/1%    0.726    0.002     0.0%     0.0%   0.5321   0.0107     2.4%
   939     3.8s    0.0234   100.0%   100.0%   100.0%        99%/1%/0%    1.052 3.59e-04     0.0%     0.0%   0.5735   0.0037     1.0%
   940     4.3s    0.0247   100.0%   100.0%   100.0%        99%/1%/1%    0.827    0.001     0.0%     0.0%   0.6165   0.0064     0.6%
  [MA20] reward=0.0251 task_sr=99.8% miss=0.2% time_limit=5.0% v2v=0.2%
  [PPO ] p_loss=0.0035 v_loss=0.7290 entropy=0.6165 grad=45.3384 active=100.0%
  [SIM ] avg_power(a)=0.4980 rsu_q=0.222 tx=2 no_tx=160 deadlock=0 svc=23.814GHz idle=33.3%

    Ep    Wall    R/step     T_SR     V_SR     S_SR            L/R/V   Lat(s)       En     Miss      Ill      Ent       KL     Clip
--------------------------------------------------------------------------------------------------------------------------------
   941     2.5s    0.0297   100.0%   100.0%   100.0%        98%/2%/0%    0.786 2.72e-04     0.0%     0.0%   0.4691   0.0144     1.5%
   942     2.4s    0.0346   100.0%   100.0%   100.0%        97%/3%/0%    0.714 3.95e-04     0.0%     0.0%   0.5496   0.0038     1.8%
   943     2.4s    0.0259   100.0%   100.0%   100.0%        93%/5%/1%    0.723    0.002     0.0%     0.0%   0.5877   0.0177     4.8%
   944     2.7s    0.0212   100.0%   100.0%   100.0%        98%/1%/1%    0.756 5.96e-04     0.0%     0.0%   0.5283   0.0108     1.3%
   945     3.1s    0.0230   100.0%   100.0%   100.0%        97%/3%/1%    0.931    0.003     0.0%     0.0%   0.5821   0.0066     1.8%
   946     3.2s    0.0275   100.0%   100.0%   100.0%        95%/5%/1%    0.909    0.003     0.0%     0.0%   0.6815   0.0042     3.0%
   947     3.4s    0.0315   100.0%   100.0%   100.0%        95%/5%/0%    0.906    0.001     0.0%     0.0%   0.7179   0.0073     2.9%
   948     7.3s    0.0145   100.0%   100.0%   100.0%        98%/2%/0%    1.099    0.001     0.0%     0.0%   0.6498   0.0035     1.0%
   949     4.1s    0.0219   100.0%   100.0%   100.0%        99%/1%/0%    1.233 3.87e-04     0.0%     0.0%   0.6994   0.0075     0.8%
   950     2.8s    0.0220   100.0%   100.0%   100.0%        96%/3%/1%    0.804    0.003     0.0%     0.0%   0.5775   0.0058     3.0%
  [MA20] reward=0.0253 task_sr=99.8% miss=0.2% time_limit=5.0% v2v=0.4%
  [PPO ] p_loss=-0.0041 v_loss=0.7159 entropy=0.5775 grad=96.0298 active=100.0%
  [SIM ] avg_power(a)=0.4993 rsu_q=0.000 tx=6 no_tx=142 deadlock=0 svc=14.074GHz idle=10.0%
   951     1.9s    0.0403   100.0%   100.0%   100.0%        96%/3%/1%    0.647 5.82e-04     0.0%     0.0%   0.5484   0.0060     1.4%
   952     2.5s    0.0342   100.0%   100.0%   100.0%        96%/4%/0%    0.720    0.001     0.0%     0.0%   0.5914   0.0113     1.9%
   953     3.5s    0.0263   100.0%   100.0%   100.0%        97%/2%/1%    0.980    0.003     0.0%     0.0%   0.7330  -0.0007     1.7%
   954     4.8s    0.0336   100.0%   100.0%   100.0%        95%/4%/1%    0.869    0.008     0.0%     0.0%   0.7595   0.0084     3.1%
   955     2.3s    0.0319   100.0%   100.0%   100.0%        94%/5%/1%    0.760    0.002     0.0%     0.0%   0.5740   0.0297     4.9%
   956     3.7s    0.0277   100.0%   100.0%   100.0%        96%/4%/1%    0.977    0.003     0.0%     0.0%   0.6660   0.0149     2.3%
   957     4.2s    0.0175   100.0%   100.0%   100.0%        97%/3%/0%    1.097    0.002     0.0%     0.0%   0.6238  -0.0120     2.1%
   958     5.5s    0.0177   100.0%   100.0%   100.0%        98%/2%/1%    1.174    0.002     0.0%     0.0%   0.7034   0.0080     1.2%
   959     3.0s    0.0223   100.0%   100.0%   100.0%        96%/3%/1%    0.873    0.002     0.0%     0.0%   0.6392   0.0087     2.9%
   960     2.9s    0.0318   100.0%   100.0%   100.0%        95%/4%/1%    0.749    0.008     0.0%     0.0%   0.6301   0.0117     3.0%
  [MA20] reward=0.0268 task_sr=100.0% miss=0.0% time_limit=0.0% v2v=0.5%
  [PPO ] p_loss=0.0072 v_loss=0.5988 entropy=0.6301 grad=77.2642 active=100.0%
  [SIM ] avg_power(a)=0.4991 rsu_q=0.357 tx=7 no_tx=139 deadlock=0 svc=23.197GHz idle=35.7%

    Ep    Wall    R/step     T_SR     V_SR     S_SR            L/R/V   Lat(s)       En     Miss      Ill      Ent       KL     Clip
--------------------------------------------------------------------------------------------------------------------------------
   961     2.3s    0.0367   100.0%   100.0%   100.0%        97%/3%/1%    0.645    0.005     0.0%     0.0%   0.5919  -0.0027     2.0%
   962     4.6s    0.0281   100.0%   100.0%   100.0%        96%/3%/1%    1.048    0.008     0.0%     0.0%   0.6746   0.0016     2.3%
   963     2.7s    0.0342   100.0%   100.0%   100.0%        99%/1%/0%    0.801    0.001     0.0%     0.0%   0.6280   0.0014     0.7%
   964     3.5s    0.0179   100.0%   100.0%   100.0%        97%/2%/1%    0.932    0.001     0.0%     0.0%   0.6283   0.0029     2.0%
   965     3.6s    0.0306   100.0%   100.0%   100.0%        97%/3%/0%    1.020    0.001     0.0%     0.0%   0.6978   0.0032     1.4%
   966     3.5s    0.0219   100.0%   100.0%   100.0%        98%/2%/0%    1.086 5.62e-04     0.0%     0.0%   0.5755 6.90e-05     1.7%
   967     3.6s    0.0249   100.0%   100.0%   100.0%        98%/2%/0%    0.959 8.45e-04     0.0%     0.0%   0.6510   0.0061     0.7%
   968     3.2s    0.0279   100.0%   100.0%   100.0%        96%/3%/1%    0.928    0.004     0.0%     0.0%   0.6687   0.0076     2.5%
   969     3.5s    0.0177   100.0%   100.0%   100.0%        98%/1%/1%    0.968    0.001     0.0%     0.0%   0.6370   0.0047     1.3%
   970     3.0s    0.0320   100.0%   100.0%   100.0%        95%/4%/1%    0.900    0.003     0.0%     0.0%   0.6967   0.0225     3.3%
  [MA20] reward=0.0278 task_sr=100.0% miss=0.0% time_limit=0.0% v2v=0.5%
  [PPO ] p_loss=0.0056 v_loss=1.0424 entropy=0.6967 grad=282.0741 active=100.0%
  [SIM ] avg_power(a)=0.4959 rsu_q=0.000 tx=8 no_tx=164 deadlock=0 svc=25.464GHz idle=14.3%
   971     4.9s    0.0282   100.0%   100.0%   100.0%        96%/4%/0%    0.836    0.002     0.0%     0.0%   0.6255   0.0137     2.5%
   972     4.3s    0.0198   100.0%   100.0%   100.0%        96%/4%/0%    1.150    0.001     0.0%     0.0%   0.6754   0.0058     2.0%
   973     2.7s    0.0320   100.0%   100.0%   100.0%        97%/3%/0%    0.811 7.12e-04     0.0%     0.0%   0.6262   0.0024     1.5%
   974     3.5s    0.0221   100.0%   100.0%   100.0%        96%/4%/0%    1.005    0.002     0.0%     0.0%   0.7474   0.0064     2.3%
   975     3.8s    0.0325   100.0%   100.0%   100.0%        95%/4%/1%    1.067    0.002     0.0%     0.0%   0.8370   0.0102     2.8%
   976     2.9s    0.0244   100.0%   100.0%   100.0%        90%/9%/1%    0.825    0.003     0.0%     0.0%   0.7684   0.0102     6.2%
   977     2.7s    0.0494   100.0%   100.0%   100.0%        91%/9%/0%    0.579    0.002     0.0%     0.0%   0.7536   0.0078     5.5%
   978     2.5s    0.0259   100.0%   100.0%   100.0%       89%/10%/1%    0.838    0.004     0.0%     0.0%   0.7551   0.0051     6.9%
   979    22.0s    0.0023    95.0%    95.0%    97.9%       84%/16%/0%    1.154    0.001     5.0%     0.0%   0.9799   0.0219     8.0%
   980     4.2s    0.0251   100.0%   100.0%   100.0%       81%/17%/2%    1.118    0.041     0.0%     0.0%   1.0068   0.0170    10.5%
  [MA20] reward=0.0267 task_sr=99.8% miss=0.2% time_limit=5.0% v2v=0.4%
  [PPO ] p_loss=0.0072 v_loss=0.9684 entropy=1.0068 grad=231.6735 active=100.0%
  [SIM ] avg_power(a)=0.4956 rsu_q=0.833 tx=37 no_tx=153 deadlock=0 svc=25.431GHz idle=11.1%

    Ep    Wall    R/step     T_SR     V_SR     S_SR            L/R/V   Lat(s)       En     Miss      Ill      Ent       KL     Clip
--------------------------------------------------------------------------------------------------------------------------------
   981    30.8s    0.0010    80.0%    80.0%    92.9%       79%/21%/0%    0.946    0.002    20.0%     0.0%   1.0407   0.0046    11.9%
   982     5.9s    0.0215   100.0%   100.0%   100.0%       86%/14%/1%    1.126    0.011     0.0%     0.0%   0.9265   0.0172     8.4%
   983     3.9s    0.0232   100.0%   100.0%   100.0%       87%/13%/0%    1.014    0.007     0.0%     0.0%   0.8937   0.0110     6.4%
   984     4.3s    0.0320   100.0%   100.0%   100.0%       88%/10%/2%    0.929    0.008     0.0%     0.0%   0.8984   0.0180     7.1%
   985     3.8s    0.0263   100.0%   100.0%   100.0%       88%/10%/2%    0.942    0.008     0.0%     0.0%   0.8491   0.0109     7.6%
   986     2.9s    0.0261   100.0%   100.0%   100.0%        92%/7%/1%    0.739    0.005     0.0%     0.0%   0.7581   0.0124     4.9%
   987     4.4s    0.0258   100.0%   100.0%   100.0%        95%/4%/0%    1.075    0.004     0.0%     0.0%   0.7198  -0.0086     3.2%
   988     3.9s    0.0246   100.0%   100.0%   100.0%        95%/5%/1%    0.797    0.009     0.0%     0.0%   0.6382   0.0019     3.1%
   989     3.2s    0.0273   100.0%   100.0%   100.0%        97%/3%/0%    0.942    0.001     0.0%     0.0%   0.6508   0.0004     1.1%
   990     2.3s    0.0315   100.0%   100.0%   100.0%        98%/2%/1%    0.789    0.002     0.0%     0.0%   0.4691   0.0013     1.6%
  [MA20] reward=0.0250 task_sr=98.8% miss=1.2% time_limit=10.0% v2v=0.5%
  [PPO ] p_loss=-0.0025 v_loss=0.5943 entropy=0.4691 grad=33.5106 active=100.0%
  [SIM ] avg_power(a)=0.5016 rsu_q=0.071 tx=3 no_tx=123 deadlock=0 svc=21.396GHz idle=14.3%
   991     3.5s    0.0222   100.0%   100.0%   100.0%        95%/4%/1%    0.897    0.003     0.0%     0.0%   0.5660   0.0133     2.7%
   992     4.4s    0.0295   100.0%   100.0%   100.0%        99%/1%/0%    0.935 1.56e-04     0.0%     0.0%   0.5729  -0.0031     0.4%
   993     4.8s    0.0239   100.0%   100.0%   100.0%        98%/2%/0%    1.026    0.002     0.0%     0.0%   0.5999   0.0055     0.6%
   994     3.8s    0.0298   100.0%   100.0%   100.0%       100%/0%/0%    0.675    0.000     0.0%     0.0%   0.3670   0.0012     0.0%
   995     3.9s    0.0208   100.0%   100.0%   100.0%        98%/1%/1%    0.972    0.014     0.0%     0.0%   0.5579   0.0038     1.5%
   996     4.1s    0.0197   100.0%   100.0%   100.0%        98%/1%/1%    1.061    0.001     0.0%     0.0%   0.5783   0.0100     1.3%
   997     4.6s    0.0195   100.0%   100.0%   100.0%        99%/0%/1%    1.107    0.005     0.0%     0.0%   0.5680  -0.0030     0.5%
   998     4.7s    0.0318   100.0%   100.0%   100.0%        99%/1%/0%    0.854 1.13e-04     0.0%     0.0%   0.5638   0.0065     0.6%
   999     4.5s    0.0183   100.0%   100.0%   100.0%        99%/1%/0%    1.210 1.18e-04     0.0%     0.0%   0.5407 9.11e-05     0.5%
  1000     2.6s    0.0215   100.0%   100.0%   100.0%       100%/0%/0%    0.855    0.000     0.0%     0.0%   0.4713  -0.0032     0.2%
  [MA20] reward=0.0238 task_sr=99.0% miss=1.0% time_limit=5.0% v2v=0.5%
  [PPO ] p_loss=-0.0020 v_loss=0.8154 entropy=0.4713 grad=75.2314 active=100.0%
  [SIM ] avg_power(a)=0.4993 rsu_q=0.000 tx=0 no_tx=132 deadlock=0 svc=14.585GHz idle=10.0%
  [Checkpoint] saved: ep1000.pth

    Ep    Wall    R/step     T_SR     V_SR     S_SR            L/R/V   Lat(s)       En     Miss      Ill      Ent       KL     Clip
--------------------------------------------------------------------------------------------------------------------------------
  1001     3.5s    0.0156   100.0%   100.0%   100.0%       100%/0%/0%    0.852    0.000     0.0%     0.0%   0.5149  -0.0010     0.0%
  1002     6.5s    0.0208   100.0%   100.0%   100.0%        99%/1%/0%    1.017 3.72e-05     0.0%     0.0%   0.4674   0.0024     0.4%
  1003     2.8s    0.0373   100.0%   100.0%   100.0%        98%/2%/0%    0.740 9.87e-04     0.0%     0.0%   0.4589   0.0080     1.2%
  1004     3.9s    0.0230   100.0%   100.0%   100.0%        99%/1%/0%    1.082 1.24e-04     0.0%     0.0%   0.5848   0.0096     0.9%
  1005     2.4s    0.0231   100.0%   100.0%   100.0%       100%/0%/0%    0.661    0.000     0.0%     0.0%   0.4297   0.0032     0.0%
  1006     4.2s    0.0215   100.0%   100.0%   100.0%       100%/0%/0%    1.153    0.000     0.0%     0.0%   0.6036   0.0023     0.0%
  1007     3.6s    0.0200   100.0%   100.0%   100.0%        99%/1%/0%    1.029 7.67e-05     0.0%     0.0%   0.5375   0.0016     0.3%
  1008     3.8s    0.0254   100.0%   100.0%   100.0%        97%/3%/1%    1.075    0.002     0.0%     0.0%   0.5325  -0.0014     2.2%
  1009     3.8s    0.0307   100.0%   100.0%   100.0%        98%/2%/0%    1.123 6.07e-04     0.0%     0.0%   0.5619   0.0037     0.8%
  1010     4.5s    0.0209   100.0%   100.0%   100.0%       100%/0%/0%    1.089 3.14e-04     0.0%     0.0%   0.6528   0.0012     0.5%
  [MA20] reward=0.0238 task_sr=100.0% miss=0.0% time_limit=0.0% v2v=0.2%
  [PPO ] p_loss=-0.0011 v_loss=0.6328 entropy=0.6528 grad=61.8890 active=100.0%
  [SIM ] avg_power(a)=0.4990 rsu_q=0.000 tx=1 no_tx=191 deadlock=0 svc=19.950GHz idle=19.0%
  1011     3.6s    0.0298   100.0%   100.0%   100.0%        98%/2%/0%    0.875 5.03e-04     0.0%     0.0%   0.5520   0.0072     1.1%
  1012     2.7s    0.0294   100.0%   100.0%   100.0%       100%/0%/0%    0.819    0.000     0.0%     0.0%   0.5215  -0.0013     0.0%
  1013     4.0s    0.0241   100.0%   100.0%   100.0%        98%/2%/0%    1.121 5.96e-04     0.0%     0.0%   0.5437   0.0084     1.7%
  1014     3.8s    0.0250   100.0%   100.0%   100.0%       100%/0%/0%    1.078    0.000     0.0%     0.0%   0.5202   0.0020     0.0%
  1015     4.4s    0.0190   100.0%   100.0%   100.0%       100%/0%/0%    1.078    0.000     0.0%     0.0%   0.5651 9.93e-06     0.0%
  1016     3.7s    0.0210   100.0%   100.0%   100.0%        98%/2%/0%    0.985 5.49e-04     0.0%     0.0%   0.4931   0.0133     1.7%
  1017     2.3s    0.0347   100.0%   100.0%   100.0%        99%/0%/1%    0.748    0.002     0.0%     0.0%   0.4743   0.0041     0.7%
  1018     6.3s    0.0236   100.0%   100.0%   100.0%        99%/1%/0%    0.978 1.53e-04     0.0%     0.0%   0.4907   0.0036     0.2%
  1019     2.7s    0.0296   100.0%   100.0%   100.0%        98%/2%/0%    0.850    0.001     0.0%     0.0%   0.5502  -0.0005     1.4%
  1020     3.8s    0.0235   100.0%   100.0%   100.0%        99%/1%/0%    1.051 1.27e-04     0.0%     0.0%   0.5976  -0.0005     1.0%
  [MA20] reward=0.0249 task_sr=100.0% miss=0.0% time_limit=0.0% v2v=0.1%
  [PPO ] p_loss=0.0057 v_loss=0.8407 entropy=0.5976 grad=137.2519 active=100.0%
  [SIM ] avg_power(a)=0.5000 rsu_q=0.000 tx=2 no_tx=178 deadlock=0 svc=22.966GHz idle=15.8%

    Ep    Wall    R/step     T_SR     V_SR     S_SR            L/R/V   Lat(s)       En     Miss      Ill      Ent       KL     Clip
--------------------------------------------------------------------------------------------------------------------------------
  1021     4.4s    0.0280   100.0%   100.0%   100.0%        98%/2%/0%    0.884 1.62e-04     0.0%     0.0%   0.5698   0.0021     0.8%
  1022     2.9s    0.0211   100.0%   100.0%   100.0%        99%/1%/0%    0.818 7.69e-04     0.0%     0.0%   0.4933   0.0010     1.2%
  1023     3.1s    0.0344   100.0%   100.0%   100.0%        98%/2%/0%    0.671 5.03e-04     0.0%     0.0%   0.4561   0.0121     1.1%
  1024     2.7s    0.0279   100.0%   100.0%   100.0%        99%/0%/1%    0.696 8.98e-04     0.0%     0.0%   0.4186   0.0038     0.3%
  1025     2.7s    0.0341   100.0%   100.0%   100.0%        99%/0%/1%    0.848    0.001     0.0%     0.0%   0.5479  -0.0020     0.9%
  1026     3.5s    0.0210   100.0%   100.0%   100.0%        99%/1%/0%    0.926 8.37e-05     0.0%     0.0%   0.4569   0.0089     0.7%
  1027     6.1s    0.0174   100.0%   100.0%   100.0%        98%/2%/0%    1.245 4.39e-04     0.0%     0.0%   0.5320   0.0001     1.4%
  1028     2.5s    0.0343   100.0%   100.0%   100.0%        98%/2%/0%    0.763 8.18e-04     0.0%     0.0%   0.5350   0.0078     1.2%
  1029     2.4s    0.0273   100.0%   100.0%   100.0%        96%/3%/1%    0.826 8.14e-04     0.0%     0.0%   0.4441   0.0083     2.6%
  1030     4.2s    0.0278   100.0%   100.0%   100.0%        99%/1%/0%    0.960 4.28e-04     0.0%     0.0%   0.6410   0.0004     0.3%
  [MA20] reward=0.0267 task_sr=100.0% miss=0.0% time_limit=0.0% v2v=0.2%
  [PPO ] p_loss=-0.0011 v_loss=0.3939 entropy=0.6410 grad=31.1545 active=100.0%
  [SIM ] avg_power(a)=0.4963 rsu_q=0.125 tx=2 no_tx=177 deadlock=0 svc=24.511GHz idle=12.5%
  1031     3.6s    0.0281   100.0%   100.0%   100.0%        99%/1%/0%    0.972 4.79e-05     0.0%     0.0%   0.6105   0.0005     0.1%
  1032     2.6s    0.0219   100.0%   100.0%   100.0%        98%/2%/1%    0.821    0.003     0.0%     0.0%   0.4795   0.0089     1.4%
  1033     5.4s    0.0170   100.0%   100.0%   100.0%        98%/1%/1%    1.088    0.001     0.0%     0.0%   0.5970  -0.0062     0.8%
  1034     7.2s    0.0207   100.0%   100.0%   100.0%        97%/3%/0%    1.076 9.74e-04     0.0%     0.0%   0.6319   0.0039     2.2%
  1035     6.9s    0.0302   100.0%   100.0%   100.0%        99%/0%/0%    1.075 7.35e-04     0.0%     0.0%   0.7142   0.0006     0.7%
  1036     4.3s    0.0245   100.0%   100.0%   100.0%        97%/2%/1%    0.929 5.64e-04     0.0%     0.0%   0.6017   0.0034     1.9%
  1037     2.7s    0.0369   100.0%   100.0%   100.0%        96%/3%/1%    0.702    0.002     0.0%     0.0%   0.5574   0.0131     2.1%
  1038     4.2s    0.0247   100.0%   100.0%   100.0%        95%/5%/0%    1.074    0.002     0.0%     0.0%   0.6146  -0.0036     2.8%
  1039     3.9s    0.0259   100.0%   100.0%   100.0%        99%/1%/0%    0.856 2.09e-04     0.0%     0.0%   0.5571  -0.0012     0.6%
  1040     2.9s    0.0263   100.0%   100.0%   100.0%        98%/2%/0%    0.846 2.01e-04     0.0%     0.0%   0.6230   0.0163     1.3%
  [MA20] reward=0.0265 task_sr=100.0% miss=0.0% time_limit=0.0% v2v=0.3%
  [PPO ] p_loss=0.0068 v_loss=0.7774 entropy=0.6230 grad=117.2162 active=100.0%
  [SIM ] avg_power(a)=0.5013 rsu_q=0.176 tx=3 no_tx=160 deadlock=0 svc=21.797GHz idle=11.8%

    Ep    Wall    R/step     T_SR     V_SR     S_SR            L/R/V   Lat(s)       En     Miss      Ill      Ent       KL     Clip
--------------------------------------------------------------------------------------------------------------------------------
  1041     4.0s    0.0294   100.0%   100.0%   100.0%        98%/2%/0%    0.939    0.002     0.0%     0.0%   0.6128   0.0073     1.2%
  1042     2.2s    0.0340   100.0%   100.0%   100.0%        99%/1%/0%    0.634 1.94e-04     0.0%     0.0%   0.5296   0.0062     0.5%
  1043     1.9s    0.0406   100.0%   100.0%   100.0%        98%/2%/0%    0.671 7.31e-04     0.0%     0.0%   0.4840   0.0030     1.0%
  1044     3.7s    0.0296   100.0%   100.0%   100.0%        97%/2%/1%    1.009    0.002     0.0%     0.0%   0.5838   0.0077     1.5%
  1045     3.8s    0.0226   100.0%   100.0%   100.0%        97%/2%/1%    1.016    0.004     0.0%     0.0%   0.6100   0.0073     1.6%
  1046     2.6s    0.0403   100.0%   100.0%   100.0%        98%/2%/0%    0.616 5.92e-04     0.0%     0.0%   0.4796   0.0023     1.0%
  1047     3.5s    0.0341   100.0%   100.0%   100.0%        98%/2%/0%    0.935    0.001     0.0%     0.0%   0.6063   0.0084     1.7%
  1048     5.4s    0.0165   100.0%   100.0%   100.0%        97%/3%/1%    1.009    0.002     0.0%     0.0%   0.6437   0.0136     1.7%
  1049     2.7s    0.0235   100.0%   100.0%   100.0%        98%/2%/0%    0.792 2.54e-04     0.0%     0.0%   0.5553   0.0085     1.3%
  1050     2.5s    0.0337   100.0%   100.0%   100.0%        98%/2%/0%    0.733 1.20e-04     0.0%     0.0%   0.5331   0.0070     1.8%
  [MA20] reward=0.0280 task_sr=100.0% miss=0.0% time_limit=0.0% v2v=0.2%
  [PPO ] p_loss=-0.0033 v_loss=0.7941 entropy=0.5331 grad=29.3378 active=100.0%
  [SIM ] avg_power(a)=0.4978 rsu_q=0.462 tx=3 no_tx=133 deadlock=0 svc=24.678GHz idle=23.1%
  1051     3.1s    0.0201   100.0%   100.0%   100.0%        96%/3%/1%    0.784 4.15e-04     0.0%     0.0%   0.5709   0.0064     2.1%
  1052     5.9s    0.0274   100.0%   100.0%   100.0%        90%/9%/1%    0.910    0.008     0.0%     0.0%   0.7253   0.0060     5.0%
  1053     3.8s    0.0253   100.0%   100.0%   100.0%        96%/4%/0%    1.019    0.003     0.0%     0.0%   0.7410   0.0061     2.2%
  1054     3.7s    0.0316   100.0%   100.0%   100.0%        95%/5%/0%    0.841    0.003     0.0%     0.0%   0.7112   0.0102     1.9%
  1055     3.9s    0.0321   100.0%   100.0%   100.0%        93%/6%/1%    0.930    0.006     0.0%     0.0%   0.7179   0.0206     4.6%
  1056     3.5s    0.0249   100.0%   100.0%   100.0%        93%/6%/1%    0.992    0.004     0.0%     0.0%   0.7791   0.0119     4.5%
  1057     4.1s    0.0184   100.0%   100.0%   100.0%        93%/6%/1%    1.105    0.002     0.0%     0.0%   0.6093   0.0003     2.8%
  1058     3.6s    0.0221   100.0%   100.0%   100.0%        93%/7%/0%    1.085    0.003     0.0%     0.0%   0.6986   0.0096     4.3%
  1059     3.5s    0.0244   100.0%   100.0%   100.0%        95%/5%/0%    0.779 9.71e-04     0.0%     0.0%   0.6449   0.0094     3.1%
  1060     4.7s    0.0195   100.0%   100.0%   100.0%        92%/7%/1%    1.218    0.003     0.0%     0.0%   0.7495   0.0069     3.6%
  [MA20] reward=0.0275 task_sr=100.0% miss=0.0% time_limit=0.0% v2v=0.3%
  [PPO ] p_loss=0.0044 v_loss=0.4847 entropy=0.7495 grad=34.1794 active=100.0%
  [SIM ] avg_power(a)=0.4957 rsu_q=0.043 tx=15 no_tx=180 deadlock=0 svc=19.399GHz idle=8.7%

    Ep    Wall    R/step     T_SR     V_SR     S_SR            L/R/V   Lat(s)       En     Miss      Ill      Ent       KL     Clip
--------------------------------------------------------------------------------------------------------------------------------
  1061     2.3s    0.0294   100.0%   100.0%   100.0%        91%/9%/1%    0.715    0.002     0.0%     0.0%   0.6434  -0.0055     5.6%
  1062     2.1s    0.0370   100.0%   100.0%   100.0%        90%/9%/1%    0.697    0.005     0.0%     0.0%   0.7532  -0.0109     5.8%
  1063     3.2s    0.0243   100.0%   100.0%   100.0%        94%/5%/1%    0.902    0.002     0.0%     0.0%   0.8378   0.0016     3.7%
  1064     4.5s    0.0322   100.0%   100.0%   100.0%        91%/9%/0%    0.926    0.008     0.0%     0.0%   0.8163   0.0189     6.0%
  1065     2.9s    0.0319   100.0%   100.0%   100.0%       87%/13%/0%    0.838    0.006     0.0%     0.0%   0.8186   0.0023     6.5%
  1066     3.1s    0.0296   100.0%   100.0%   100.0%       90%/10%/0%    0.875    0.004     0.0%     0.0%   0.8389   0.0039     4.5%
  1067     4.7s    0.0159   100.0%   100.0%   100.0%        92%/7%/1%    1.080    0.004     0.0%     0.0%   0.8835   0.0170     4.5%
  1068     3.4s    0.0234   100.0%   100.0%   100.0%       86%/13%/1%    0.966    0.010     0.0%     0.0%   0.9037   0.0082     8.4%
  1069    20.8s    0.0018    90.0%    90.0%    94.5%       89%/11%/1%    0.657 1.62e-04     5.0%     0.0%   0.9150   0.0035     5.6%
  1070    30.5s    0.0013    90.0%    90.0%    98.0%       84%/15%/1%    0.821    0.003    10.0%     0.0%   0.9965   0.0259     8.0%
  [MA20] reward=0.0236 task_sr=99.0% miss=0.8% time_limit=10.0% v2v=0.5%
  [PPO ] p_loss=0.0018 v_loss=8.5182 entropy=0.9965 grad=50.5025 active=100.0%
  [SIM ] avg_power(a)=0.4927 rsu_q=0.027 tx=24 no_tx=125 deadlock=0 svc=1.082GHz idle=0.0%
  1071     2.6s    0.0260   100.0%   100.0%   100.0%       85%/15%/1%    0.775    0.010     0.0%     0.0%   0.8602   0.0187     7.6%
  1072     9.0s    0.0217   100.0%   100.0%   100.0%       84%/16%/0%    1.265    0.025     0.0%     0.0%   1.1219   0.0126     7.2%
  1073     2.4s    0.0348   100.0%   100.0%   100.0%       87%/12%/1%    0.781    0.007     0.0%     0.0%   0.8983   0.0125     6.6%
  1074    23.0s    0.0017    90.0%    90.0%    96.5%       77%/23%/0%    1.001    0.001     5.0%     0.0%   1.0968   0.0037    12.5%
  1075     3.7s    0.0239   100.0%   100.0%   100.0%       74%/26%/0%    1.076    0.023     0.0%     0.0%   1.0756   0.0183    10.3%
  1076    30.3s    0.0010    80.0%    80.0%    93.4%       75%/23%/1%    0.818    0.002    20.0%     0.0%   1.1462   0.0107     8.4%
  1077     5.3s    0.0190   100.0%   100.0%   100.0%       77%/22%/1%    1.152    0.021     0.0%     0.0%   1.0921   0.0054     8.7%
  1078    22.6s    0.0016    95.0%    95.0%    98.5%       76%/23%/1%    0.729 8.06e-04     5.0%     0.0%   0.9725   0.0245     9.4%
  1079     3.3s    0.0236   100.0%   100.0%   100.0%       81%/19%/0%    0.908    0.016     0.0%     0.0%   1.0352   0.0188     5.5%
  1080    28.3s    0.0011    80.0%    80.0%    91.4%       75%/24%/1%    1.014    0.002    15.0%     0.0%   1.1478   0.0096     7.4%
  [MA20] reward=0.0191 task_sr=96.2% miss=3.0% time_limit=30.0% v2v=0.6%
  [PPO ] p_loss=-0.0118 v_loss=7.0653 entropy=1.1478 grad=41.2307 active=100.0%
  [SIM ] avg_power(a)=0.4929 rsu_q=0.050 tx=42 no_tx=121 deadlock=0 svc=1.169GHz idle=0.0%

    Ep    Wall    R/step     T_SR     V_SR     S_SR            L/R/V   Lat(s)       En     Miss      Ill      Ent       KL     Clip
--------------------------------------------------------------------------------------------------------------------------------
  1081    22.5s    0.0017    90.0%    90.0%    95.8%       72%/28%/1%    1.128    0.003    10.0%     0.0%   1.1426   0.0321     9.8%
  1082    22.5s    0.0014    85.0%    85.0%    96.2%       71%/29%/1%    0.702    0.001     5.0%     0.0%   1.1028  -0.0037    10.2%
  1083     2.5s    0.0264   100.0%   100.0%   100.0%       74%/24%/2%    0.691    0.009     0.0%     0.0%   0.9623   0.0060     7.5%
  1084    32.3s    0.0011    85.0%    85.0%    94.6%       73%/25%/1%    0.913    0.003    15.0%     0.0%   1.1881  -0.0059    11.0%
  1085     3.9s    0.0302   100.0%   100.0%   100.0%       76%/24%/0%    1.086    0.025     0.0%     0.0%   1.1104   0.0070     7.7%
  1086     5.4s    0.0107    95.0%    95.0%    97.6%       75%/21%/4%    0.715    0.006     5.0%     0.0%   1.0409   0.0132     9.6%
  1087    33.9s    0.0013    85.0%    85.0%    91.0%       77%/22%/1%    1.011    0.003    15.0%     0.0%   1.2520   0.0162     8.3%
  1088    23.5s    0.0018    90.0%    90.0%    92.7%       72%/28%/1%    1.193    0.002     5.0%     0.0%   1.0802   0.0345    11.0%
  1089     2.7s    0.0312   100.0%   100.0%   100.0%       73%/27%/0%    0.906    0.024     0.0%     0.0%   1.0194   0.0164     9.0%
  1090    20.9s    0.0020    90.0%    90.0%    96.0%       73%/27%/0%    0.605    0.001     5.0%     0.0%   0.9099   0.0349    13.8%
  [MA20] reward=0.0131 task_sr=93.2% miss=5.3% time_limit=50.0% v2v=0.8%
  [PPO ] p_loss=-0.0133 v_loss=1.9818 entropy=0.9099 grad=8.4952 active=100.0%
  [SIM ] avg_power(a)=0.4956 rsu_q=0.050 tx=39 no_tx=83 deadlock=0 svc=1.023GHz idle=0.0%
  1091     4.9s    0.0212   100.0%   100.0%   100.0%       81%/19%/0%    1.276    0.035     0.0%     0.0%   0.9527  -0.0011     7.6%
  1092    20.3s    0.0018    95.0%    95.0%    99.3%       79%/20%/1%    0.771 8.67e-04     5.0%     0.0%   0.8847   0.0196     8.9%
  1093     4.1s    0.0260   100.0%   100.0%   100.0%       84%/16%/0%    0.711    0.008     0.0%     0.0%   0.8498   0.0289     7.9%
  1094     2.3s    0.0298   100.0%   100.0%   100.0%       87%/13%/0%    0.701    0.004     0.0%     0.0%   0.7973   0.0207     7.1%
  1095     2.5s    0.0318   100.0%   100.0%   100.0%       87%/12%/1%    0.779    0.009     0.0%     0.0%   0.8710   0.0096     5.9%
  1096    22.2s    0.0020    95.0%    95.0%    97.3%       85%/15%/0%    1.124    0.001     5.0%     0.0%   0.8930   0.0105     9.5%
  1097     2.4s    0.0295   100.0%   100.0%   100.0%       82%/18%/1%    0.738    0.009     0.0%     0.0%   0.7259   0.0309     9.3%
  1098     3.0s    0.0234   100.0%   100.0%   100.0%       89%/11%/0%    0.769    0.005     0.0%     0.0%   0.7609   0.0046     7.3%
  1099     3.4s    0.0404   100.0%   100.0%   100.0%        93%/7%/0%    0.633    0.003     0.0%     0.0%   0.8369   0.0298     4.3%
  1100     2.2s    0.0373   100.0%   100.0%   100.0%       78%/22%/0%    0.778    0.016     0.0%     0.0%   0.8801  -0.0190    14.7%
  [MA20] reward=0.0175 task_sr=95.5% miss=3.5% time_limit=40.0% v2v=0.6%
  [PPO ] p_loss=0.0389 v_loss=11.4689 entropy=0.8801 grad=538.8089 active=100.0%
  [SIM ] avg_power(a)=0.4973 rsu_q=0.833 tx=32 no_tx=115 deadlock=0 svc=28.226GHz idle=16.7%
  [Checkpoint] saved: ep1100.pth

    Ep    Wall    R/step     T_SR     V_SR     S_SR            L/R/V   Lat(s)       En     Miss      Ill      Ent       KL     Clip
--------------------------------------------------------------------------------------------------------------------------------
  1101    21.8s    0.0018    95.0%    95.0%    98.9%       82%/18%/0%    1.026 9.62e-04     5.0%     0.0%   0.9095   0.0212    14.5%
  1102     2.2s    0.0319   100.0%   100.0%   100.0%        91%/9%/1%    0.681    0.009     0.0%     0.0%   0.6641   0.0061     6.0%
  1103     4.1s    0.0215   100.0%   100.0%   100.0%        92%/8%/0%    0.980    0.002     0.0%     0.0%   0.7832   0.0111     5.5%
  1104     4.0s    0.0238   100.0%   100.0%   100.0%        93%/7%/0%    1.048    0.003     0.0%     0.0%   0.7673   0.0066     5.4%
  1105     2.6s    0.0291   100.0%   100.0%   100.0%        95%/5%/0%    0.672    0.001     0.0%     0.0%   0.5671   0.0224     4.2%
  1106     2.9s    0.0345   100.0%   100.0%   100.0%        95%/5%/0%    0.859    0.003     0.0%     0.0%   0.6740   0.0047     3.1%
  1107     3.5s    0.0201   100.0%   100.0%   100.0%        92%/8%/0%    0.846    0.002     0.0%     0.0%   0.6636   0.0016     4.8%
  1108     2.5s    0.0371   100.0%   100.0%   100.0%        97%/3%/0%    0.714 5.95e-04     0.0%     0.0%   0.5703   0.0053     2.6%
  1109     4.3s    0.0228   100.0%   100.0%   100.0%        93%/6%/1%    1.081    0.004     0.0%     0.0%   0.8127   0.0113     6.2%
  1110     3.6s    0.0234   100.0%   100.0%   100.0%        93%/7%/0%    0.957    0.004     0.0%     0.0%   0.7053   0.0109     4.7%
  [MA20] reward=0.0245 task_sr=99.2% miss=0.8% time_limit=15.0% v2v=0.2%
  [PPO ] p_loss=0.0032 v_loss=0.6188 entropy=0.7053 grad=20.3894 active=100.0%
  [SIM ] avg_power(a)=0.4975 rsu_q=0.263 tx=13 no_tx=165 deadlock=0 svc=19.658GHz idle=21.1%
  1111     3.8s    0.0191   100.0%   100.0%   100.0%        92%/8%/0%    0.957    0.003     0.0%     0.0%   0.7447   0.0115     4.1%
  1112     4.3s    0.0250   100.0%   100.0%   100.0%        93%/6%/0%    1.085    0.005     0.0%     0.0%   0.8669  -0.0018     3.9%
  1113     2.6s    0.0247   100.0%   100.0%   100.0%        96%/3%/1%    0.691 6.88e-04     0.0%     0.0%   0.6267   0.0096     2.2%
  1114     3.8s    0.0194   100.0%   100.0%   100.0%        92%/8%/0%    1.028    0.004     0.0%     0.0%   0.7321   0.0131     5.8%
  1115     4.4s    0.0196   100.0%   100.0%   100.0%        92%/8%/0%    0.978    0.004     0.0%     0.0%   0.7119   0.0146     4.5%
  1116     2.6s    0.0347   100.0%   100.0%   100.0%        93%/7%/0%    0.730    0.003     0.0%     0.0%   0.6030   0.0161     2.9%
  1117     4.1s    0.0261   100.0%   100.0%   100.0%        92%/8%/0%    0.993    0.003     0.0%     0.0%   0.7752   0.0100     4.5%
  1118    22.2s    0.0018    95.0%    95.0%    97.7%       89%/11%/0%    0.674 2.08e-04     5.0%     0.0%   0.6413   0.0198     6.7%
  1119     2.0s    0.0373   100.0%   100.0%   100.0%        93%/7%/0%    0.639    0.003     0.0%     0.0%   0.5542   0.0186     5.4%
  1120     3.1s    0.0248   100.0%   100.0%   100.0%        95%/5%/0%    0.901    0.001     0.0%     0.0%   0.6572   0.0010     2.5%
  [MA20] reward=0.0239 task_sr=99.5% miss=0.5% time_limit=10.0% v2v=0.1%
  [PPO ] p_loss=0.0002 v_loss=5.4973 entropy=0.6572 grad=289.1087 active=100.0%
  [SIM ] avg_power(a)=0.4944 rsu_q=0.111 tx=8 no_tx=157 deadlock=0 svc=19.288GHz idle=5.6%

    Ep    Wall    R/step     T_SR     V_SR     S_SR            L/R/V   Lat(s)       En     Miss      Ill      Ent       KL     Clip
--------------------------------------------------------------------------------------------------------------------------------
  1121     6.6s    0.0252   100.0%   100.0%   100.0%        94%/6%/0%    1.028    0.005     0.0%     0.0%   0.7184   0.0111     3.4%
  1122     4.7s    0.0212   100.0%   100.0%   100.0%        94%/6%/0%    0.962    0.002     0.0%     0.0%   0.6446  -0.0037     4.0%
  1123     3.2s    0.0343   100.0%   100.0%   100.0%        96%/4%/0%    0.600    0.002     0.0%     0.0%   0.4955   0.0013     3.4%
  1124    21.7s    0.0017    95.0%    95.0%    98.6%        93%/7%/0%    0.764 1.58e-04     5.0%     0.0%   0.5888   0.0188     3.9%
  1125     4.7s    0.0281   100.0%   100.0%   100.0%        95%/5%/0%    1.068    0.003     0.0%     0.0%   0.7435   0.0174     3.6%
  1126    31.5s    0.0014    95.0%    95.0%    99.4%        93%/7%/0%    1.075 2.58e-04     5.0%     0.0%   0.7229  -0.0017     4.9%
  1127     3.6s    0.0165   100.0%   100.0%   100.0%        96%/4%/0%    0.947 8.37e-04     0.0%     0.0%   0.6266   0.0111     2.5%
  1128    21.8s    0.0017    95.0%    95.0%    98.4%        95%/5%/0%    1.065 2.52e-04     5.0%     0.0%   0.6837   0.0065     3.3%
  1129     4.3s    0.0267   100.0%   100.0%   100.0%        93%/7%/0%    0.973    0.004     0.0%     0.0%   0.5986   0.0300     5.0%
  1130     3.5s    0.0210   100.0%   100.0%   100.0%        95%/5%/0%    0.969 8.94e-04     0.0%     0.0%   0.6637   0.0125     2.4%
  [MA20] reward=0.0205 task_sr=99.0% miss=1.0% time_limit=20.0% v2v=0.1%
  [PPO ] p_loss=-0.0006 v_loss=2.2777 entropy=0.6637 grad=106.7124 active=100.0%
  [SIM ] avg_power(a)=0.4995 rsu_q=0.048 tx=8 no_tx=157 deadlock=0 svc=15.820GHz idle=9.5%
  1131     3.8s    0.0298   100.0%   100.0%   100.0%        93%/7%/0%    1.053    0.002     0.0%     0.0%   0.7771   0.0023     5.3%
  1132     2.8s    0.0343   100.0%   100.0%   100.0%        94%/6%/0%    0.871    0.002     0.0%     0.0%   0.6898   0.0163     3.7%
  1133     4.9s    0.0366   100.0%   100.0%   100.0%        98%/2%/0%    0.863 6.22e-04     0.0%     0.0%   0.6894  -0.0033     1.3%
  1134     3.9s    0.0229   100.0%   100.0%   100.0%        96%/4%/1%    1.086    0.002     0.0%     0.0%   0.7527   0.0017     1.8%
  1135     3.3s    0.0278   100.0%   100.0%   100.0%        97%/3%/0%    0.983 7.05e-04     0.0%     0.0%   0.7204   0.0174     2.6%
  1136     2.2s    0.0233   100.0%   100.0%   100.0%        95%/5%/0%    0.635 3.58e-04     0.0%     0.0%   0.5657  -0.0032     3.4%
  1137     4.3s    0.0208   100.0%   100.0%   100.0%        93%/7%/0%    1.145    0.002     0.0%     0.0%   0.7715   0.0084     4.0%
  1138     3.8s    0.0220   100.0%   100.0%   100.0%        92%/8%/0%    0.968    0.003     0.0%     0.0%   0.6837   0.0095     5.1%
  1139     5.9s    0.0295   100.0%   100.0%   100.0%        92%/8%/0%    0.936    0.007     0.0%     0.0%   0.7146   0.0120     4.7%
  1140     3.2s    0.0278   100.0%   100.0%   100.0%        97%/3%/0%    0.892    0.001     0.0%     0.0%   0.7349   0.0041     1.8%
  [MA20] reward=0.0226 task_sr=99.2% miss=0.8% time_limit=15.0% v2v=0.0%
  [PPO ] p_loss=-0.0012 v_loss=0.4664 entropy=0.7349 grad=61.9222 active=100.0%
  [SIM ] avg_power(a)=0.4962 rsu_q=0.000 tx=5 no_tx=163 deadlock=0 svc=25.343GHz idle=18.8%

    Ep    Wall    R/step     T_SR     V_SR     S_SR            L/R/V   Lat(s)       En     Miss      Ill      Ent       KL     Clip
--------------------------------------------------------------------------------------------------------------------------------
  1141     5.0s    0.0205   100.0%   100.0%   100.0%        93%/7%/0%    1.208    0.003     0.0%     0.0%   0.6996   0.0130     5.3%
  1142     3.6s    0.0249   100.0%   100.0%   100.0%        92%/8%/0%    0.943    0.003     0.0%     0.0%   0.7667   0.0064     5.5%
  1143     3.9s    0.0183   100.0%   100.0%   100.0%        95%/5%/0%    1.018    0.001     0.0%     0.0%   0.7201   0.0059     3.4%
  1144     2.4s    0.0261   100.0%   100.0%   100.0%        94%/6%/0%    0.799    0.003     0.0%     0.0%   0.5310   0.0105     4.5%
  1145     4.2s    0.0217   100.0%   100.0%   100.0%        94%/6%/1%    1.142    0.003     0.0%     0.0%   0.6924  -0.0047     4.6%
  1146     4.1s    0.0304   100.0%   100.0%   100.0%        92%/8%/0%    1.081    0.007     0.0%     0.0%   0.7221   0.0159     4.4%
  1147     1.9s    0.0341   100.0%   100.0%   100.0%        98%/2%/0%    0.633 3.80e-04     0.0%     0.0%   0.5980   0.0036     1.4%
  1148     3.9s    0.0189   100.0%   100.0%   100.0%        93%/7%/0%    1.014    0.002     0.0%     0.0%   0.6605   0.0126     4.1%
  1149     4.5s    0.0194   100.0%   100.0%   100.0%        92%/8%/0%    1.071    0.003     0.0%     0.0%   0.7389   0.0231     5.4%
  1150     3.7s    0.0262   100.0%   100.0%   100.0%        94%/6%/0%    1.043    0.003     0.0%     0.0%   0.8141   0.0091     4.2%
  [MA20] reward=0.0258 task_sr=100.0% miss=0.0% time_limit=0.0% v2v=0.1%
  [PPO ] p_loss=0.0003 v_loss=0.8288 entropy=0.8141 grad=88.2592 active=100.0%
  [SIM ] avg_power(a)=0.5026 rsu_q=0.000 tx=11 no_tx=170 deadlock=0 svc=22.419GHz idle=5.9%
  1151     3.2s    0.0351   100.0%   100.0%   100.0%        91%/8%/1%    0.949    0.007     0.0%     0.0%   0.7855   0.0070     6.2%
  1152    22.0s    0.0019    95.0%    95.0%    98.4%       89%/11%/0%    1.067 6.28e-04     5.0%     0.0%   0.8769   0.0161     8.2%
  1153     4.9s    0.0177   100.0%   100.0%   100.0%       87%/13%/0%    1.173    0.004     0.0%     0.0%   0.8333   0.0205     8.8%
  1154     4.3s    0.0206   100.0%   100.0%   100.0%       88%/12%/0%    1.249    0.010     0.0%     0.0%   0.8402   0.0102     7.8%
  1155     3.1s    0.0297   100.0%   100.0%   100.0%       85%/15%/0%    0.954    0.008     0.0%     0.0%   0.8001   0.0159    10.3%
  1156     3.2s    0.0302   100.0%   100.0%   100.0%       89%/11%/0%    1.015    0.010     0.0%     0.0%   0.8430   0.0179     7.5%
  1157     4.1s    0.0263   100.0%   100.0%   100.0%       86%/13%/1%    0.986    0.018     0.0%     0.0%   0.8074   0.0237     7.5%
  1158     3.3s    0.0252   100.0%   100.0%   100.0%       87%/13%/0%    0.948    0.006     0.0%     0.0%   0.7897   0.0132     7.1%
  1159     5.6s    0.0278   100.0%   100.0%   100.0%       90%/10%/0%    0.943    0.008     0.0%     0.0%   0.9210   0.0166     5.3%
  1160    24.1s    0.0017    90.0%    90.0%    94.8%       86%/14%/0%    1.191    0.001     5.0%     0.0%   0.9377   0.0150     9.2%
  [MA20] reward=0.0228 task_sr=99.2% miss=0.5% time_limit=10.0% v2v=0.1%
  [PPO ] p_loss=0.0103 v_loss=3.1210 entropy=0.9377 grad=19.7847 active=100.0%
  [SIM ] avg_power(a)=0.4994 rsu_q=0.037 tx=27 no_tx=157 deadlock=0 svc=1.813GHz idle=0.0%

    Ep    Wall    R/step     T_SR     V_SR     S_SR            L/R/V   Lat(s)       En     Miss      Ill      Ent       KL     Clip
--------------------------------------------------------------------------------------------------------------------------------
  1161     3.7s    0.0222   100.0%   100.0%   100.0%       87%/13%/0%    0.976    0.005     0.0%     0.0%   0.8786   0.0055     6.5%
  1162    30.0s    0.0015    95.0%    95.0%    98.3%       85%/15%/1%    0.906 5.38e-04     5.0%     0.0%   0.8997   0.0209     7.9%
  1163    31.0s    0.0013    90.0%    90.0%    96.4%       88%/12%/0%    0.822 5.07e-04    10.0%     0.0%   0.9539  -0.0107     7.5%
  1164     2.5s    0.0290   100.0%   100.0%   100.0%       85%/15%/0%    0.741    0.004     0.0%     0.0%   0.7915   0.0339     9.0%
  1165    22.7s    0.0016    90.0%    90.0%    96.4%       83%/17%/0%    1.179    0.001     5.0%     0.0%   0.8703   0.0064     8.8%
  1166    28.9s    0.0013    90.0%    90.0%    97.3%       83%/17%/0%    1.071    0.001    10.0%     0.0%   0.8713   0.0073     8.0%
  1167     3.3s    0.0441   100.0%   100.0%   100.0%        91%/9%/0%    0.643    0.005     0.0%     0.0%   0.7054   0.0041     4.8%
  1168     4.4s    0.0298   100.0%   100.0%   100.0%        91%/9%/0%    0.823    0.007     0.0%     0.0%   0.7803  -0.0009     7.4%
  1169     2.5s    0.0296   100.0%   100.0%   100.0%       83%/17%/0%    0.781    0.006     0.0%     0.0%   0.7472   0.0069     9.8%
  1170     5.1s    0.0158   100.0%   100.0%   100.0%       80%/20%/0%    1.307    0.013     0.0%     0.0%   0.8481   0.0171    12.2%
  [MA20] reward=0.0196 task_sr=97.5% miss=2.0% time_limit=30.0% v2v=0.1%
  [PPO ] p_loss=0.0139 v_loss=3.0971 entropy=0.8481 grad=83.6976 active=100.0%
  [SIM ] avg_power(a)=0.5015 rsu_q=0.571 tx=37 no_tx=148 deadlock=0 svc=17.112GHz idle=7.1%
  1171     3.8s    0.0341   100.0%   100.0%   100.0%       88%/12%/0%    0.710    0.007     0.0%     0.0%   0.7692   0.0022     8.6%
  1172     2.3s    0.0344   100.0%   100.0%   100.0%       86%/14%/0%    0.721    0.004     0.0%     0.0%   0.8201   0.0061     8.0%
  1173    20.6s    0.0017    95.0%    95.0%    98.6%       86%/14%/1%    0.774 3.63e-04     5.0%     0.0%   0.8210   0.0047     8.8%
  1174     3.6s    0.0249   100.0%   100.0%   100.0%       87%/13%/0%    0.974    0.010     0.0%     0.0%   0.8248   0.0029     5.5%
  1175    22.2s    0.0017    95.0%    95.0%    97.9%       85%/15%/0%    1.059 5.83e-04     5.0%     0.0%   0.8783   0.0172     8.7%
  1176     3.9s    0.0268   100.0%   100.0%   100.0%       84%/16%/0%    1.115    0.023     0.0%     0.0%   0.8288  -0.0004     9.7%
  1177     4.7s    0.0241   100.0%   100.0%   100.0%       84%/15%/1%    1.148    0.017     0.0%     0.0%   0.9107   0.0044     8.6%
  1178     3.6s    0.0320   100.0%   100.0%   100.0%       85%/15%/0%    1.008    0.010     0.0%     0.0%   0.8533   0.0051     7.9%
  1179     2.5s    0.0261   100.0%   100.0%   100.0%       88%/11%/1%    0.740    0.003     0.0%     0.0%   0.7483   0.0219     7.1%
  1180     4.9s    0.0275   100.0%   100.0%   100.0%       90%/10%/0%    0.836    0.005     0.0%     0.0%   0.8041  -0.0124     5.5%
  [MA20] reward=0.0205 task_sr=97.8% miss=2.0% time_limit=30.0% v2v=0.1%
  [PPO ] p_loss=-0.0009 v_loss=0.5530 entropy=0.8041 grad=92.5333 active=100.0%
  [SIM ] avg_power(a)=0.4867 rsu_q=0.562 tx=16 no_tx=137 deadlock=0 svc=23.609GHz idle=25.0%

    Ep    Wall    R/step     T_SR     V_SR     S_SR            L/R/V   Lat(s)       En     Miss      Ill      Ent       KL     Clip
--------------------------------------------------------------------------------------------------------------------------------
  1181     2.6s    0.0263   100.0%   100.0%   100.0%       88%/12%/0%    0.769    0.004     0.0%     0.0%   0.7187  -0.0007     6.3%
  1182     4.8s    0.0259   100.0%   100.0%   100.0%       86%/14%/0%    1.086    0.014     0.0%     0.0%   0.7168   0.0096     5.8%
  1183    31.1s    0.0013    85.0%    85.0%    96.7%       90%/10%/0%    1.028 7.46e-04    15.0%     0.0%   0.9166   0.0015     7.2%
  1184     3.3s    0.0292   100.0%   100.0%   100.0%       87%/13%/0%    0.934    0.007     0.0%     0.0%   0.8250   0.0102     8.4%
  1185     3.3s    0.0262   100.0%   100.0%   100.0%       86%/13%/1%    0.894    0.009     0.0%     0.0%   0.8434   0.0221     8.2%
  1186     3.6s    0.0282   100.0%   100.0%   100.0%       90%/10%/0%    0.984    0.012     0.0%     0.0%   0.8059   0.0077     5.3%
  1187     3.3s    0.0261   100.0%   100.0%   100.0%       83%/16%/1%    0.895    0.010     0.0%     0.0%   0.6832   0.0172     8.7%
  1188     2.4s    0.0315   100.0%   100.0%   100.0%        90%/9%/1%    0.770    0.004     0.0%     0.0%   0.8151   0.0113     4.8%
  1189     2.5s    0.0278   100.0%   100.0%   100.0%       89%/11%/0%    0.700    0.004     0.0%     0.0%   0.6856   0.0157     5.5%
  1190     4.4s    0.0212   100.0%   100.0%   100.0%       87%/13%/0%    1.025    0.008     0.0%     0.0%   0.7832   0.0086     7.1%
  [MA20] reward=0.0239 task_sr=98.8% miss=1.2% time_limit=15.0% v2v=0.2%
  [PPO ] p_loss=0.0029 v_loss=0.4553 entropy=0.7832 grad=29.4641 active=100.0%
  [SIM ] avg_power(a)=0.5008 rsu_q=0.286 tx=24 no_tx=161 deadlock=0 svc=21.106GHz idle=14.3%
  1191     3.8s    0.0163   100.0%   100.0%   100.0%       89%/11%/0%    0.859    0.002     0.0%     0.0%   0.9112   0.0142     5.8%
  1192     4.1s    0.0251   100.0%   100.0%   100.0%       84%/16%/0%    1.163    0.014     0.0%     0.0%   0.8906   0.0048    10.5%
  1193     2.5s    0.0235   100.0%   100.0%   100.0%       86%/14%/0%    0.688    0.003     0.0%     0.0%   0.6635   0.0201     6.7%
  1194     3.5s    0.0326   100.0%   100.0%   100.0%       86%/13%/1%    1.009    0.012     0.0%     0.0%   0.8609   0.0117     9.0%
  1195     3.2s    0.0373   100.0%   100.0%   100.0%        91%/9%/0%    0.775    0.006     0.0%     0.0%   0.8531   0.0043     3.7%
  1196     7.0s    0.0254   100.0%   100.0%   100.0%       88%/11%/1%    1.054    0.012     0.0%     0.0%   0.8311   0.0022     5.8%
  1197    26.7s    0.0016    85.0%    85.0%    96.3%       88%/12%/0%    1.094 7.38e-04    10.0%     0.0%   0.7618   0.0105     7.2%
  1198     2.9s    0.0296   100.0%   100.0%   100.0%        91%/9%/0%    0.828    0.002     0.0%     0.0%   0.7504   0.0063     6.2%
  1199     4.6s    0.0165   100.0%   100.0%   100.0%        92%/8%/0%    1.123    0.004     0.0%     0.0%   0.7705   0.0059     5.7%
  1200     4.3s    0.0266   100.0%   100.0%   100.0%        93%/7%/0%    1.187    0.005     0.0%     0.0%   0.7796   0.0146     3.7%
  [MA20] reward=0.0239 task_sr=98.5% miss=1.2% time_limit=10.0% v2v=0.1%
  [PPO ] p_loss=0.0086 v_loss=0.7138 entropy=0.7796 grad=65.4547 active=100.0%
  [SIM ] avg_power(a)=0.4995 rsu_q=0.176 tx=14 no_tx=185 deadlock=0 svc=26.497GHz idle=5.9%
  [Checkpoint] saved: ep1200.pth

    Ep    Wall    R/step     T_SR     V_SR     S_SR            L/R/V   Lat(s)       En     Miss      Ill      Ent       KL     Clip
--------------------------------------------------------------------------------------------------------------------------------
  1201     5.9s    0.0152   100.0%   100.0%   100.0%       90%/10%/0%    1.172    0.008     0.0%     0.0%   0.7507  -0.0024     5.5%
  1202     3.9s    0.0328   100.0%   100.0%   100.0%        94%/6%/0%    1.027    0.007     0.0%     0.0%   0.7847   0.0069     4.0%
  1203    31.1s    0.0014    95.0%    95.0%    97.4%        95%/5%/0%    1.034 2.09e-04     5.0%     0.0%   0.7165   0.0185     3.2%
  1204     2.3s    0.0315   100.0%   100.0%   100.0%        92%/8%/0%    0.733    0.003     0.0%     0.0%   0.5951   0.0099     4.8%
  1205     3.0s    0.0248   100.0%   100.0%   100.0%        92%/8%/0%    0.734    0.002     0.0%     0.0%   0.6948   0.0175     5.1%
  1206     3.3s    0.0296   100.0%   100.0%   100.0%        91%/9%/0%    0.965    0.005     0.0%     0.0%   0.7914   0.0223     5.3%
  1207     2.6s    0.0336   100.0%   100.0%   100.0%        93%/7%/0%    0.711    0.001     0.0%     0.0%   0.6588   0.0176     3.8%
  1208     3.7s    0.0228   100.0%   100.0%   100.0%        92%/8%/0%    0.999    0.003     0.0%     0.0%   0.7341   0.0054     4.8%
  1209     2.5s    0.0292   100.0%   100.0%   100.0%        94%/6%/0%    0.748 9.23e-04     0.0%     0.0%   0.6934   0.0065     2.8%
  1210     4.4s    0.0194   100.0%   100.0%   100.0%        91%/9%/0%    1.135    0.005     0.0%     0.0%   0.7977   0.0211     6.1%
  [MA20] reward=0.0237 task_sr=99.0% miss=0.8% time_limit=10.0% v2v=0.1%
  [PPO ] p_loss=0.0069 v_loss=0.5034 entropy=0.7977 grad=14.0549 active=100.0%
  [SIM ] avg_power(a)=0.4990 rsu_q=0.391 tx=18 no_tx=175 deadlock=0 svc=22.297GHz idle=17.4%
  1211     3.4s    0.0232   100.0%   100.0%   100.0%        94%/6%/0%    0.955    0.003     0.0%     0.0%   0.8135   0.0092     5.6%
  1212    21.5s    0.0015    95.0%    95.0%    98.6%       90%/10%/0%    0.727 2.29e-04     5.0%     0.0%   0.7154   0.0132     5.4%
  1213     4.1s    0.0201   100.0%   100.0%   100.0%        92%/7%/1%    1.052    0.002     0.0%     0.0%   0.9176   0.0092     6.2%
  1214     2.2s    0.0316   100.0%   100.0%   100.0%       86%/14%/0%    0.731    0.005     0.0%     0.0%   0.7279   0.0128     6.5%
  1215     4.2s    0.0238   100.0%   100.0%   100.0%       88%/12%/0%    1.169    0.013     0.0%     0.0%   0.8191   0.0098     7.7%
  1216    21.0s    0.0015    90.0%    90.0%    95.5%       85%/15%/0%    0.720 4.56e-04     5.0%     0.0%   0.7668   0.0330     6.9%
  1217     3.4s    0.0439   100.0%   100.0%   100.0%       90%/10%/0%    0.671    0.004     0.0%     0.0%   0.7630   0.0037     5.0%
  1218     4.9s    0.0177   100.0%   100.0%   100.0%       84%/16%/0%    1.183    0.013     0.0%     0.0%   0.8247   0.0078     8.7%
  1219     3.2s    0.0299   100.0%   100.0%   100.0%       83%/17%/0%    0.977    0.013     0.0%     0.0%   0.8881   0.0088    10.1%
  1220     3.3s    0.0371   100.0%   100.0%   100.0%       88%/12%/0%    0.753    0.008     0.0%     0.0%   0.8267   0.0059     5.9%
  [MA20] reward=0.0235 task_sr=99.0% miss=0.8% time_limit=15.0% v2v=0.0%
  [PPO ] p_loss=0.0110 v_loss=0.6146 entropy=0.8267 grad=163.2470 active=100.0%
  [SIM ] avg_power(a)=0.4937 rsu_q=0.500 tx=18 no_tx=131 deadlock=0 svc=25.105GHz idle=16.7%

    Ep    Wall    R/step     T_SR     V_SR     S_SR            L/R/V   Lat(s)       En     Miss      Ill      Ent       KL     Clip
--------------------------------------------------------------------------------------------------------------------------------
  1221     4.7s    0.0188   100.0%   100.0%   100.0%       86%/14%/0%    1.081    0.009     0.0%     0.0%   0.8503   0.0211     7.9%
  1222     2.2s    0.0337   100.0%   100.0%   100.0%       85%/15%/0%    0.736    0.009     0.0%     0.0%   0.8077   0.0244     7.8%
  1223     1.7s    0.0489   100.0%   100.0%   100.0%        91%/9%/0%    0.582    0.005     0.0%     0.0%   0.6915   0.0069     4.5%
  1224     3.8s    0.0201   100.0%   100.0%   100.0%       84%/16%/0%    0.863    0.006     0.0%     0.0%   0.7531   0.0210     9.2%
  1225     4.3s    0.0239   100.0%   100.0%   100.0%        91%/9%/1%    1.122    0.006     0.0%     0.0%   0.8660   0.0144     6.9%
  1226     4.3s    0.0266   100.0%   100.0%   100.0%       84%/16%/0%    1.105    0.019     0.0%     0.0%   0.8913   0.0116     7.8%
  1227     5.2s    0.0327   100.0%   100.0%   100.0%        91%/9%/1%    0.964    0.013     0.0%     0.0%   0.8313   0.0162     5.5%
  1228     4.3s    0.0302   100.0%   100.0%   100.0%       89%/11%/0%    1.071    0.010     0.0%     0.0%   0.8785  -0.0004     5.8%
  1229     4.5s    0.0322   100.0%   100.0%   100.0%        94%/6%/0%    1.059    0.003     0.0%     0.0%   0.8666   0.0037     4.6%
  1230     2.9s    0.0297   100.0%   100.0%   100.0%       88%/12%/0%    0.684    0.004     0.0%     0.0%   0.6887   0.0223     7.1%
  [MA20] reward=0.0264 task_sr=99.2% miss=0.5% time_limit=10.0% v2v=0.1%
  [PPO ] p_loss=-0.0128 v_loss=0.4537 entropy=0.6887 grad=57.4478 active=100.0%
  [SIM ] avg_power(a)=0.5053 rsu_q=0.333 tx=15 no_tx=111 deadlock=0 svc=20.348GHz idle=26.7%
  1231     3.8s    0.0237   100.0%   100.0%   100.0%       83%/16%/1%    1.129    0.010     0.0%     0.0%   0.8266   0.0091    10.2%
  1232     2.3s    0.0281   100.0%   100.0%   100.0%       89%/11%/0%    0.745    0.005     0.0%     0.0%   0.7211   0.0127     5.4%
  1233     3.5s    0.0328   100.0%   100.0%   100.0%       88%/11%/1%    1.027    0.017     0.0%     0.0%   0.8557   0.0174     5.9%
  1234     2.1s    0.0320   100.0%   100.0%   100.0%       87%/12%/1%    0.676    0.008     0.0%     0.0%   0.6302   0.0176     7.0%
  1235     4.2s    0.0243   100.0%   100.0%   100.0%       90%/10%/0%    0.935    0.006     0.0%     0.0%   0.8571   0.0108     5.7%
  1236     3.0s    0.0276   100.0%   100.0%   100.0%        91%/9%/0%    0.752    0.005     0.0%     0.0%   0.6813  -0.0037     5.5%
  1237     1.9s    0.0374   100.0%   100.0%   100.0%       90%/10%/0%    0.617    0.006     0.0%     0.0%   0.5840  -0.0019     7.9%
  1238     4.1s    0.0216   100.0%   100.0%   100.0%       81%/19%/0%    1.038    0.009     0.0%     0.0%   0.8213   0.0281     7.8%
  1239     4.1s    0.0228   100.0%   100.0%   100.0%       82%/18%/0%    1.070    0.015     0.0%     0.0%   0.9117   0.0070     7.5%
  1240     4.3s    0.0316   100.0%   100.0%   100.0%       85%/15%/1%    0.889    0.014     0.0%     0.0%   0.8055   0.0297     7.0%
  [MA20] reward=0.0289 task_sr=100.0% miss=0.0% time_limit=0.0% v2v=0.2%
  [PPO ] p_loss=0.0112 v_loss=1.6053 entropy=0.8055 grad=169.0548 active=100.0%
  [SIM ] avg_power(a)=0.5045 rsu_q=1.143 tx=25 no_tx=138 deadlock=0 svc=26.214GHz idle=14.3%

    Ep    Wall    R/step     T_SR     V_SR     S_SR            L/R/V   Lat(s)       En     Miss      Ill      Ent       KL     Clip
--------------------------------------------------------------------------------------------------------------------------------
  1241     4.4s    0.0267   100.0%   100.0%   100.0%       83%/17%/0%    1.122    0.016     0.0%     0.0%   0.9177   0.0180     8.2%
  1242    22.4s    0.0016    90.0%    90.0%    96.6%       82%/18%/0%    0.759 9.48e-04     5.0%     0.0%   0.8382   0.0168     7.8%
  1243     4.1s    0.0284   100.0%   100.0%   100.0%       86%/14%/0%    1.102    0.016     0.0%     0.0%   0.8462  -0.0042     6.1%
  1244     2.6s    0.0319   100.0%   100.0%   100.0%       77%/23%/0%    0.767    0.011     0.0%     0.0%   0.7519   0.0493    12.7%
  1245    29.7s    0.0013    90.0%    90.0%    96.2%       82%/18%/0%    0.879 9.96e-04     5.0%     0.0%   0.8573   0.0062     9.2%
  1246     2.6s    0.0347   100.0%   100.0%   100.0%       86%/14%/0%    0.770    0.009     0.0%     0.0%   0.7780   0.0143     6.7%
  1247     3.4s    0.0343   100.0%   100.0%   100.0%       83%/17%/0%    0.911    0.014     0.0%     0.0%   0.9242   0.0127     7.7%
  1248     3.8s    0.0330   100.0%   100.0%   100.0%       84%/16%/1%    1.065    0.017     0.0%     0.0%   0.8890   0.0067     8.8%
  1249     1.9s    0.0338   100.0%   100.0%   100.0%       85%/15%/0%    0.662    0.005     0.0%     0.0%   0.7840   0.0146     6.5%
  1250     2.1s    0.0344   100.0%   100.0%   100.0%       79%/21%/0%    0.671    0.008     0.0%     0.0%   0.8350   0.0176    10.0%
  [MA20] reward=0.0271 task_sr=99.0% miss=0.5% time_limit=10.0% v2v=0.1%
  [PPO ] p_loss=0.0187 v_loss=0.5380 entropy=0.8350 grad=55.6036 active=100.0%
  [SIM ] avg_power(a)=0.5059 rsu_q=0.231 tx=28 no_tx=106 deadlock=0 svc=24.082GHz idle=30.8%
  1251     4.2s    0.0304   100.0%   100.0%   100.0%       83%/17%/0%    1.092    0.024     0.0%     0.0%   0.9186   0.0090     8.6%
  1252     2.8s    0.0316   100.0%   100.0%   100.0%       85%/14%/1%    0.796    0.007     0.0%     0.0%   0.7469   0.0027     7.2%
  1253     4.9s    0.0306   100.0%   100.0%   100.0%       84%/15%/1%    1.037    0.031     0.0%     0.0%   0.8416   0.0173     9.5%
  1254     3.6s    0.0297   100.0%   100.0%   100.0%       87%/13%/0%    0.920    0.010     0.0%     0.0%   0.7344   0.0080     5.8%
  1255     4.6s    0.0263   100.0%   100.0%   100.0%        91%/9%/0%    0.961    0.006     0.0%     0.0%   0.8727  -0.0090     7.4%
  1256    25.7s    0.0015    95.0%    95.0%    99.3%       89%/11%/0%    0.844 3.05e-04     5.0%     0.0%   0.7161   0.0147     6.0%
  1257     3.3s    0.0233   100.0%   100.0%   100.0%       86%/13%/1%    0.951    0.010     0.0%     0.0%   0.7472   0.0063     5.4%
  1258    25.8s    0.0014    95.0%    95.0%    99.0%        94%/6%/0%    0.941 2.70e-04     5.0%     0.0%   0.8087   0.0157     3.3%
  1259     2.9s    0.0221   100.0%   100.0%   100.0%        91%/9%/0%    0.771    0.001     0.0%     0.0%   0.6512  -0.0013     4.3%
  1260     3.2s    0.0298   100.0%   100.0%   100.0%       86%/14%/0%    0.915    0.008     0.0%     0.0%   0.7848  -0.0095     8.3%
  [MA20] reward=0.0243 task_sr=98.5% miss=1.0% time_limit=20.0% v2v=0.1%
  [PPO ] p_loss=0.0134 v_loss=1.4606 entropy=0.7848 grad=140.4677 active=100.0%
  [SIM ] avg_power(a)=0.5007 rsu_q=0.200 tx=23 no_tx=145 deadlock=0 svc=25.313GHz idle=13.3%

    Ep    Wall    R/step     T_SR     V_SR     S_SR            L/R/V   Lat(s)       En     Miss      Ill      Ent       KL     Clip
--------------------------------------------------------------------------------------------------------------------------------
  1261     3.8s    0.0266   100.0%   100.0%   100.0%       87%/12%/1%    0.992    0.010     0.0%     0.0%   0.7400   0.0005     5.6%
  1262    21.7s    0.0018    90.0%    90.0%    94.2%       88%/12%/1%    1.124 5.96e-04     5.0%     0.0%   0.7970  -0.0003     6.0%
  1263     3.6s    0.0282   100.0%   100.0%   100.0%       89%/11%/0%    1.019    0.015     0.0%     0.0%   0.7081   0.0089     5.7%
  1264     4.0s    0.0234   100.0%   100.0%   100.0%       86%/14%/0%    1.006    0.010     0.0%     0.0%   0.7806   0.0095     7.2%
  1265     3.4s    0.0295   100.0%   100.0%   100.0%       90%/10%/0%    0.909    0.007     0.0%     0.0%   0.7903   0.0071     6.8%
  1266    22.6s    0.0018    95.0%    95.0%    98.9%       85%/14%/0%    1.058 7.24e-04     5.0%     0.0%   0.8397   0.0096     6.0%
  1267     2.3s    0.0291   100.0%   100.0%   100.0%       89%/11%/0%    0.700    0.002     0.0%     0.0%   0.6169   0.0032     5.7%
  1268     2.5s    0.0315   100.0%   100.0%   100.0%       90%/10%/0%    0.764    0.004     0.0%     0.0%   0.6960   0.0100     4.3%
  1269    22.2s    0.0014    95.0%    95.0%    98.9%       86%/13%/1%    0.983 6.41e-04     5.0%     0.0%   0.7243   0.0131     8.5%
  1270     2.3s    0.0297   100.0%   100.0%   100.0%        91%/8%/1%    0.717    0.003     0.0%     0.0%   0.6429   0.0161     4.7%
  [MA20] reward=0.0215 task_sr=98.5% miss=1.2% time_limit=25.0% v2v=0.3%
  [PPO ] p_loss=0.0037 v_loss=4.1874 entropy=0.6429 grad=717.2454 active=100.0%
  [SIM ] avg_power(a)=0.4982 rsu_q=0.200 tx=12 no_tx=120 deadlock=0 svc=22.167GHz idle=20.0%
  1271    30.4s    0.0012    90.0%    90.0%    97.5%        91%/9%/0%    0.771 4.20e-04     5.0%     0.0%   0.6601   0.0106     4.8%
  1272     3.0s    0.0353   100.0%   100.0%   100.0%        93%/7%/0%    0.975    0.003     0.0%     0.0%   0.6949   0.0179     4.4%
  1273     3.1s    0.0318   100.0%   100.0%   100.0%       90%/10%/0%    0.915    0.004     0.0%     0.0%   0.7407  -0.0018     5.9%
  1274     2.2s    0.0342   100.0%   100.0%   100.0%        95%/5%/0%    0.684 8.15e-04     0.0%     0.0%   0.5669   0.0041     4.6%
  1275     2.7s    0.0343   100.0%   100.0%   100.0%        95%/5%/0%    0.845    0.003     0.0%     0.0%   0.6327   0.0037     3.2%
  1276     2.4s    0.0346   100.0%   100.0%   100.0%        97%/3%/0%    0.707 8.59e-04     0.0%     0.0%   0.5900   0.0166     1.4%
  1277     2.4s    0.0342   100.0%   100.0%   100.0%        96%/4%/0%    0.725 8.12e-04     0.0%     0.0%   0.5960   0.0100     2.4%
  1278     3.0s    0.0291   100.0%   100.0%   100.0%        95%/5%/0%    0.837    0.001     0.0%     0.0%   0.6584  -0.0016     2.7%
  1279     4.2s    0.0236   100.0%   100.0%   100.0%        91%/9%/0%    1.077    0.003     0.0%     0.0%   0.7036   0.0184     6.1%
  1280     2.0s    0.0368   100.0%   100.0%   100.0%        94%/6%/0%    0.737    0.002     0.0%     0.0%   0.5718   0.0040     3.2%
  [MA20] reward=0.0249 task_sr=98.5% miss=1.0% time_limit=20.0% v2v=0.2%
  [PPO ] p_loss=0.0080 v_loss=0.4177 entropy=0.5718 grad=16.8587 active=100.0%
  [SIM ] avg_power(a)=0.5016 rsu_q=0.167 tx=8 no_tx=130 deadlock=0 svc=23.909GHz idle=8.3%

    Ep    Wall    R/step     T_SR     V_SR     S_SR            L/R/V   Lat(s)       En     Miss      Ill      Ent       KL     Clip
--------------------------------------------------------------------------------------------------------------------------------
  1281     3.8s    0.0449   100.0%   100.0%   100.0%        97%/3%/0%    0.676    0.002     0.0%     0.0%   0.5033  -0.0029     2.0%
  1282     3.0s    0.0213   100.0%   100.0%   100.0%        97%/3%/0%    0.679 8.33e-04     0.0%     0.0%   0.5600   0.0036     1.6%
  1283     4.5s    0.0252   100.0%   100.0%   100.0%        92%/8%/0%    1.192    0.004     0.0%     0.0%   0.7688   0.0189     5.1%
  1284     4.4s    0.0226   100.0%   100.0%   100.0%        93%/7%/0%    1.110    0.003     0.0%     0.0%   0.7886   0.0066     5.1%
  1285     3.3s    0.0301   100.0%   100.0%   100.0%        94%/6%/0%    0.967    0.003     0.0%     0.0%   0.6614   0.0071     3.9%
  1286     3.7s    0.0314   100.0%   100.0%   100.0%        93%/7%/0%    0.961    0.003     0.0%     0.0%   0.6849   0.0090     2.6%
  1287     3.6s    0.0295   100.0%   100.0%   100.0%       90%/10%/0%    0.975    0.004     0.0%     0.0%   0.6407   0.0133     7.0%
  1288     4.1s    0.0214   100.0%   100.0%   100.0%        93%/7%/0%    1.128    0.003     0.0%     0.0%   0.7126   0.0017     5.2%
  1289     1.8s    0.0322   100.0%   100.0%   100.0%        97%/3%/0%    0.632 3.35e-04     0.0%     0.0%   0.4333   0.0069     2.1%
  1290     2.7s    0.0323   100.0%   100.0%   100.0%        93%/7%/0%    0.812    0.004     0.0%     0.0%   0.5785   0.0128     5.0%
  [MA20] reward=0.0293 task_sr=99.5% miss=0.2% time_limit=5.0% v2v=0.0%
  [PPO ] p_loss=0.0022 v_loss=0.5258 entropy=0.5785 grad=24.2795 active=100.0%
  [SIM ] avg_power(a)=0.4993 rsu_q=0.357 tx=10 no_tx=138 deadlock=0 svc=26.983GHz idle=14.3%
  1291     4.4s    0.0173   100.0%   100.0%   100.0%        94%/5%/1%    1.016    0.002     0.0%     0.0%   0.7620   0.0200     4.1%
  1292     2.2s    0.0342   100.0%   100.0%   100.0%        94%/6%/0%    0.693    0.003     0.0%     0.0%   0.5396   0.0190     4.1%
  1293     4.1s    0.0228   100.0%   100.0%   100.0%        95%/5%/0%    0.958    0.001     0.0%     0.0%   0.7696   0.0171     3.6%
  1294     2.3s    0.0298   100.0%   100.0%   100.0%        94%/6%/0%    0.727    0.004     0.0%     0.0%   0.6155   0.0127     2.9%
  1295     4.1s    0.0302   100.0%   100.0%   100.0%        91%/9%/0%    1.025    0.009     0.0%     0.0%   0.7228   0.0029     3.7%
  1296     2.2s    0.0320   100.0%   100.0%   100.0%        91%/9%/0%    0.687    0.002     0.0%     0.0%   0.5624   0.0108     3.8%
  1297     3.6s    0.0297   100.0%   100.0%   100.0%        92%/8%/0%    0.943    0.002     0.0%     0.0%   0.7213   0.0159     3.6%
  1298     2.3s    0.0346   100.0%   100.0%   100.0%        92%/8%/0%    0.756    0.005     0.0%     0.0%   0.6425   0.0002     3.5%
  1299    29.9s    0.0014    95.0%    95.0%    98.8%       88%/12%/0%    0.953 4.72e-04     5.0%     0.0%   0.7126  -0.0078     4.5%
  1300     2.7s    0.0297   100.0%   100.0%   100.0%       90%/10%/0%    0.789    0.005     0.0%     0.0%   0.7131  -0.0001     3.9%
  [MA20] reward=0.0276 task_sr=99.8% miss=0.2% time_limit=5.0% v2v=0.0%
  [PPO ] p_loss=0.0005 v_loss=3.7071 entropy=0.7131 grad=743.4324 active=100.0%
  [SIM ] avg_power(a)=0.5023 rsu_q=0.267 tx=16 no_tx=137 deadlock=0 svc=21.063GHz idle=6.7%
  [Checkpoint] saved: ep1300.pth

    Ep    Wall    R/step     T_SR     V_SR     S_SR            L/R/V   Lat(s)       En     Miss      Ill      Ent       KL     Clip
--------------------------------------------------------------------------------------------------------------------------------
  1301     5.0s    0.0162   100.0%   100.0%   100.0%       88%/12%/0%    1.134    0.005     0.0%     0.0%   0.7997   0.0072     4.8%
  1302     3.5s    0.0267   100.0%   100.0%   100.0%       87%/13%/0%    1.047    0.010     0.0%     0.0%   0.7628   0.0030     6.4%
  1303     3.7s    0.0265   100.0%   100.0%   100.0%       84%/16%/0%    0.975    0.008     0.0%     0.0%   0.7813   0.0260     7.4%
  1304     3.2s    0.0372   100.0%   100.0%   100.0%       89%/11%/0%    0.712    0.007     0.0%     0.0%   0.6676   0.0114     6.4%
  1305     4.2s    0.0206   100.0%   100.0%   100.0%       83%/17%/0%    1.110    0.011     0.0%     0.0%   0.7558   0.0136     7.8%
  1306     4.3s    0.0219   100.0%   100.0%   100.0%       85%/15%/0%    1.132    0.009     0.0%     0.0%   0.7887   0.0007     4.8%
  1307     2.9s    0.0277   100.0%   100.0%   100.0%       86%/14%/0%    0.870    0.009     0.0%     0.0%   0.7757   0.0158     7.7%
  1308     2.3s    0.0345   100.0%   100.0%   100.0%       88%/12%/0%    0.745    0.007     0.0%     0.0%   0.7092   0.0090     4.4%
  1309     2.2s    0.0318   100.0%   100.0%   100.0%       88%/12%/0%    0.729    0.004     0.0%     0.0%   0.6860   0.0134     5.9%
  1310     2.0s    0.0373   100.0%   100.0%   100.0%        94%/6%/0%    0.743    0.001     0.0%     0.0%   0.6347   0.0055     3.5%
  [MA20] reward=0.0271 task_sr=99.8% miss=0.2% time_limit=5.0% v2v=0.0%
  [PPO ] p_loss=-0.0098 v_loss=0.6418 entropy=0.6347 grad=63.8837 active=100.0%
  [SIM ] avg_power(a)=0.4985 rsu_q=0.583 tx=8 no_tx=129 deadlock=0 svc=25.191GHz idle=8.3%
  1311     2.2s    0.0337   100.0%   100.0%   100.0%        91%/9%/0%    0.710    0.002     0.0%     0.0%   0.6014   0.0068     5.3%
  1312     3.0s    0.0277   100.0%   100.0%   100.0%        91%/9%/0%    0.765    0.003     0.0%     0.0%   0.6372   0.0134     5.3%
  1313     3.2s    0.0316   100.0%   100.0%   100.0%       88%/10%/2%    0.921    0.010     0.0%     0.0%   0.7708   0.0268     5.5%
  1314    20.9s    0.0022    95.0%    95.0%    99.4%       85%/15%/0%    0.876 6.38e-04     5.0%     0.0%   0.8233   0.0119     8.5%
  1315     2.5s    0.0281   100.0%   100.0%   100.0%       87%/13%/0%    0.779    0.008     0.0%     0.0%   0.6432   0.0126     4.8%
  1316     2.4s    0.0343   100.0%   100.0%   100.0%       85%/14%/1%    0.703    0.007     0.0%     0.0%   0.6744   0.0064     5.6%
  1317     4.1s    0.0287   100.0%   100.0%   100.0%       82%/18%/0%    1.033    0.013     0.0%     0.0%   0.7530   0.0133     7.3%
  1318     4.4s    0.0195   100.0%   100.0%   100.0%       84%/16%/0%    1.160    0.011     0.0%     0.0%   0.7236   0.0185     5.6%
  1319     3.0s    0.0349   100.0%   100.0%   100.0%       87%/13%/0%    0.774    0.009     0.0%     0.0%   0.7412   0.0102     5.8%
  1320     3.4s    0.0285   100.0%   100.0%   100.0%       87%/12%/1%    1.069    0.014     0.0%     0.0%   0.7884   0.0047     6.1%
  [MA20] reward=0.0275 task_sr=99.8% miss=0.2% time_limit=5.0% v2v=0.2%
  [PPO ] p_loss=0.0069 v_loss=0.6251 entropy=0.7884 grad=63.0215 active=100.0%
  [SIM ] avg_power(a)=0.5079 rsu_q=0.938 tx=23 no_tx=156 deadlock=0 svc=27.615GHz idle=6.2%

    Ep    Wall    R/step     T_SR     V_SR     S_SR            L/R/V   Lat(s)       En     Miss      Ill      Ent       KL     Clip
--------------------------------------------------------------------------------------------------------------------------------
  1321    33.2s    0.0014    95.0%    95.0%    98.0%       88%/12%/0%    1.081 6.87e-04     5.0%     0.0%   0.7764   0.0130     6.0%
  1322     4.1s    0.0267   100.0%   100.0%   100.0%       86%/14%/0%    1.058    0.010     0.0%     0.0%   0.8208   0.0058     5.1%
  1323     2.1s    0.0347   100.0%   100.0%   100.0%        91%/9%/0%    0.708    0.003     0.0%     0.0%   0.6399   0.0026     4.6%
  1324     1.8s    0.0367   100.0%   100.0%   100.0%       88%/12%/0%    0.662    0.003     0.0%     0.0%   0.5887   0.0120     4.3%
  1325     3.7s    0.0283   100.0%   100.0%   100.0%       82%/18%/0%    1.117    0.016     0.0%     0.0%   0.7567   0.0267     7.7%
  1326     3.9s    0.0255   100.0%   100.0%   100.0%       87%/13%/0%    1.222    0.016     0.0%     0.0%   0.7586   0.0123     6.1%
  1327     3.5s    0.0294   100.0%   100.0%   100.0%       86%/14%/0%    0.924    0.009     0.0%     0.0%   0.7583  -0.0004     6.4%
  1328     2.2s    0.0344   100.0%   100.0%   100.0%       83%/17%/0%    0.763    0.015     0.0%     0.0%   0.6098   0.0065     7.8%
  1329     3.7s    0.0175   100.0%   100.0%   100.0%       85%/15%/0%    0.981    0.008     0.0%     0.0%   0.7697   0.0193     6.1%
  1330     1.5s    0.0437   100.0%   100.0%   100.0%        94%/6%/0%    0.594 6.29e-04     0.0%     0.0%   0.6102   0.0133     2.2%
  [MA20] reward=0.0274 task_sr=99.5% miss=0.5% time_limit=10.0% v2v=0.2%
  [PPO ] p_loss=-0.0040 v_loss=0.4530 entropy=0.6102 grad=128.0289 active=100.0%
  [SIM ] avg_power(a)=0.5013 rsu_q=0.500 tx=7 no_tx=111 deadlock=0 svc=27.731GHz idle=40.0%
  1331     7.1s    0.0247   100.0%   100.0%   100.0%       88%/12%/0%    1.094    0.011     0.0%     0.0%   0.8373   0.0166     6.2%
  1332     2.4s    0.0343   100.0%   100.0%   100.0%       88%/12%/0%    0.755    0.005     0.0%     0.0%   0.6383   0.0144     3.9%
  1333    29.3s    0.0015    90.0%    90.0%    97.8%       90%/10%/0%    0.892 4.65e-04     5.0%     0.0%   0.8295   0.0136     5.6%
  1334     3.8s    0.0279   100.0%   100.0%   100.0%       85%/15%/0%    1.014    0.013     0.0%     0.0%   0.7826   0.0135     5.5%
  1335     3.6s    0.0341   100.0%   100.0%   100.0%       90%/10%/0%    0.860    0.009     0.0%     0.0%   0.7975   0.0155     3.9%
  1336     4.6s    0.0206   100.0%   100.0%   100.0%       87%/13%/0%    1.103    0.007     0.0%     0.0%   0.8386   0.0088     5.9%
  1337     2.3s    0.0408   100.0%   100.0%   100.0%       89%/11%/0%    0.679    0.004     0.0%     0.0%   0.7267   0.0043     4.1%
  1338    29.9s    0.0014    90.0%    90.0%    94.3%       86%/14%/0%    0.827 7.03e-04     5.0%     0.0%   0.7948  -0.0030     4.7%
  1339     3.8s    0.0269   100.0%   100.0%   100.0%       85%/15%/0%    1.055    0.013     0.0%     0.0%   0.8253   0.0134     4.8%
  1340    32.0s    0.0015    95.0%    95.0%    98.9%       87%/13%/0%    0.999 9.09e-04     5.0%     0.0%   0.7540   0.0191     4.3%
  [MA20] reward=0.0246 task_sr=98.5% miss=1.0% time_limit=20.0% v2v=0.0%
  [PPO ] p_loss=-0.0047 v_loss=8.3095 entropy=0.7540 grad=55.3130 active=100.0%
  [SIM ] avg_power(a)=0.5021 rsu_q=0.063 tx=26 no_tx=158 deadlock=0 svc=1.388GHz idle=0.0%

    Ep    Wall    R/step     T_SR     V_SR     S_SR            L/R/V   Lat(s)       En     Miss      Ill      Ent       KL     Clip
--------------------------------------------------------------------------------------------------------------------------------
  1341     2.9s    0.0334   100.0%   100.0%   100.0%       85%/15%/0%    0.753    0.006     0.0%     0.0%   0.7170   0.0240     9.1%
  1342    21.5s    0.0018    95.0%    95.0%    98.4%       81%/19%/0%    1.063    0.001     5.0%     0.0%   0.8397   0.0200     8.1%
  1343    28.6s    0.0014    95.0%    95.0%    99.3%       86%/14%/0%    0.774 4.92e-04     5.0%     0.0%   0.7079  -0.0023     4.8%
  1344     3.1s    0.0259   100.0%   100.0%   100.0%       83%/17%/0%    0.888    0.009     0.0%     0.0%   0.8216   0.0128     6.9%
  1345     3.3s    0.0323   100.0%   100.0%   100.0%       80%/20%/0%    0.913    0.013     0.0%     0.0%   0.8305   0.0258     8.2%
  1346     2.3s    0.0368   100.0%   100.0%   100.0%       87%/13%/0%    0.727    0.007     0.0%     0.0%   0.6776  -0.0005     5.6%
  1347     3.4s    0.0296   100.0%   100.0%   100.0%       81%/19%/0%    0.931    0.018     0.0%     0.0%   0.8617  -0.0012     6.2%
  1348     2.4s    0.0298   100.0%   100.0%   100.0%       76%/23%/1%    0.742    0.010     0.0%     0.0%   0.6626  -0.0021    12.3%
  1349     2.8s    0.0299   100.0%   100.0%   100.0%       77%/23%/0%    0.740    0.013     0.0%     0.0%   0.7405   0.0150    10.1%
  1350     3.6s    0.0224   100.0%   100.0%   100.0%       81%/19%/0%    0.986    0.011     0.0%     0.0%   0.8655   0.0127     8.8%
  [MA20] reward=0.0229 task_sr=98.2% miss=1.2% time_limit=25.0% v2v=0.0%
  [PPO ] p_loss=0.0027 v_loss=1.0161 entropy=0.8655 grad=12.9936 active=100.0%
  [SIM ] avg_power(a)=0.5093 rsu_q=1.000 tx=35 no_tx=143 deadlock=0 svc=21.872GHz idle=28.6%
  1351     3.5s    0.0281   100.0%   100.0%   100.0%       81%/19%/0%    1.014    0.016     0.0%     0.0%   0.8706   0.0174     6.3%
  1352    23.1s    0.0016    85.0%    85.0%    95.6%       71%/29%/0%    0.967    0.001     5.0%     0.0%   0.8949   0.0163    12.7%
  1353     2.5s    0.0294   100.0%   100.0%   100.0%       86%/14%/0%    0.650    0.006     0.0%     0.0%   0.7580   0.0164     7.3%
  1354     3.7s    0.0280   100.0%   100.0%   100.0%       80%/20%/0%    1.039    0.015     0.0%     0.0%   0.8211   0.0173     9.3%
  1355    21.8s    0.0017    90.0%    90.0%    96.5%       82%/18%/0%    0.905 6.96e-04     5.0%     0.0%   0.8445  -0.0024     7.6%
  1356     2.6s    0.0343   100.0%   100.0%   100.0%       87%/13%/0%    0.660    0.006     0.0%     0.0%   0.6667  -0.0027     7.3%
  1357    21.8s    0.0020    95.0%    95.0%    98.8%       88%/12%/0%    0.927 5.53e-04     5.0%     0.0%   0.8887   0.0152     6.8%
  1358     2.5s    0.0236   100.0%   100.0%   100.0%       81%/19%/0%    0.758    0.006     0.0%     0.0%   0.6518   0.0081     6.7%
  1359     2.2s    0.0315   100.0%   100.0%   100.0%       83%/17%/0%    0.732    0.012     0.0%     0.0%   0.6967   0.0110     6.4%
  1360     3.9s    0.0282   100.0%   100.0%   100.0%       83%/17%/0%    1.104    0.026     0.0%     0.0%   0.8296  -0.0058     5.4%
  [MA20] reward=0.0226 task_sr=98.0% miss=1.2% time_limit=25.0% v2v=0.0%
  [PPO ] p_loss=0.0006 v_loss=0.8660 entropy=0.8296 grad=131.0755 active=100.0%
  [SIM ] avg_power(a)=0.5192 rsu_q=1.125 tx=33 no_tx=159 deadlock=0 svc=27.387GHz idle=6.2%

    Ep    Wall    R/step     T_SR     V_SR     S_SR            L/R/V   Lat(s)       En     Miss      Ill      Ent       KL     Clip
--------------------------------------------------------------------------------------------------------------------------------
  1361     3.3s    0.0264   100.0%   100.0%   100.0%       87%/13%/0%    0.978    0.008     0.0%     0.0%   0.8321  -0.0009     5.7%
  1362     3.5s    0.0303   100.0%   100.0%   100.0%       82%/18%/0%    1.009    0.017     0.0%     0.0%   0.8183   0.0186     7.4%
  1363     3.6s    0.0284   100.0%   100.0%   100.0%       84%/16%/0%    0.989    0.014     0.0%     0.0%   0.8656   0.0114     6.9%
  1364     4.1s    0.0205   100.0%   100.0%   100.0%       86%/14%/0%    1.002    0.010     0.0%     0.0%   0.7679   0.0060     7.8%
  1365    21.6s    0.0020    90.0%    90.0%    95.8%       86%/14%/0%    0.990 7.37e-04     5.0%     0.0%   0.7780   0.0179     5.5%
  1366    22.5s    0.0014    90.0%    90.0%    95.7%       82%/18%/0%    0.860 5.36e-04     5.0%     0.0%   0.7935   0.0118     7.8%
  1367     2.2s    0.0404   100.0%   100.0%   100.0%       85%/15%/0%    0.733    0.012     0.0%     0.0%   0.7136   0.0113     6.2%
  1368     1.6s    0.0493   100.0%   100.0%   100.0%       90%/10%/0%    0.588    0.003     0.0%     0.0%   0.6172   0.0038     6.1%
  1369     3.7s    0.0268   100.0%   100.0%   100.0%       80%/20%/0%    1.020    0.019     0.0%     0.0%   0.7969   0.0163     6.6%
  1370     2.5s    0.0301   100.0%   100.0%   100.0%       88%/12%/0%    0.719    0.006     0.0%     0.0%   0.6636   0.0176     5.1%
  [MA20] reward=0.0232 task_sr=97.5% miss=1.2% time_limit=25.0% v2v=0.0%
  [PPO ] p_loss=0.0082 v_loss=0.4463 entropy=0.6636 grad=39.6914 active=100.0%
  [SIM ] avg_power(a)=0.5024 rsu_q=0.333 tx=16 no_tx=122 deadlock=0 svc=19.894GHz idle=6.7%
  1371    30.6s    0.0014    90.0%    90.0%    96.1%       87%/13%/0%    1.004 8.25e-04    10.0%     0.0%   0.7234   0.0141     4.2%
  1372     3.0s    0.0298   100.0%   100.0%   100.0%       87%/13%/0%    0.907    0.009     0.0%     0.0%   0.7657   0.0119     4.4%
  1373     1.9s    0.0402   100.0%   100.0%   100.0%       89%/11%/0%    0.709    0.006     0.0%     0.0%   0.6311   0.0039     4.1%
  1374     3.3s    0.0302   100.0%   100.0%   100.0%       85%/15%/0%    1.031    0.016     0.0%     0.0%   0.7878   0.0060     4.4%
  1375    21.9s    0.0017    90.0%    90.0%    95.4%       79%/21%/0%    0.791    0.001     5.0%     0.0%   0.7425   0.0112     6.2%
  1376     3.2s    0.0303   100.0%   100.0%   100.0%       85%/15%/0%    1.022    0.017     0.0%     0.0%   0.7471   0.0189     6.1%
  1377    23.2s    0.0019    95.0%    95.0%    98.9%       81%/19%/0%    1.043    0.002     5.0%     0.0%   0.8344   0.0071     8.3%
  1378     3.7s    0.0253   100.0%   100.0%   100.0%       83%/17%/0%    1.125    0.015     0.0%     0.0%   0.7959   0.0123     8.3%
  1379     3.8s    0.0297   100.0%   100.0%   100.0%       87%/13%/0%    1.064    0.019     0.0%     0.0%   0.8725   0.0113     4.9%
  1380     2.6s    0.0320   100.0%   100.0%   100.0%       85%/14%/1%    0.877    0.011     0.0%     0.0%   0.7602   0.0036     5.1%
  [MA20] reward=0.0239 task_sr=97.8% miss=1.5% time_limit=25.0% v2v=0.0%
  [PPO ] p_loss=0.0105 v_loss=3.1996 entropy=0.7602 grad=226.7406 active=100.0%
  [SIM ] avg_power(a)=0.5067 rsu_q=0.571 tx=25 no_tx=142 deadlock=0 svc=23.680GHz idle=7.1%

    Ep    Wall    R/step     T_SR     V_SR     S_SR            L/R/V   Lat(s)       En     Miss      Ill      Ent       KL     Clip
--------------------------------------------------------------------------------------------------------------------------------
  1381    30.9s    0.0011    80.0%    80.0%    94.4%       82%/18%/0%    0.956    0.001    10.0%     0.0%   0.8109 -2.34e-05     6.3%
  1382     3.2s    0.0317   100.0%   100.0%   100.0%       87%/13%/0%    0.805    0.009     0.0%     0.0%   0.7199   0.0039     6.4%
  1383     3.3s    0.0251   100.0%   100.0%   100.0%       85%/15%/0%    1.046    0.008     0.0%     0.0%   0.7491  -0.0036     5.8%
  1384     3.2s    0.0320   100.0%   100.0%   100.0%       86%/14%/0%    0.941    0.016     0.0%     0.0%   0.7381   0.0239     5.4%
  1385     3.9s    0.0255   100.0%   100.0%   100.0%       81%/19%/0%    1.117    0.014     0.0%     0.0%   0.7730   0.0193     7.9%
  1386    21.8s    0.0018    95.0%    95.0%    99.0%       80%/20%/0%    1.033    0.001     5.0%     0.0%   0.9017   0.0015     8.2%
  1387     3.6s    0.0325   100.0%   100.0%   100.0%       84%/16%/0%    1.041    0.015     0.0%     0.0%   0.8661   0.0227     5.4%
  1388    20.7s    0.0023    90.0%    90.0%    97.1%       85%/15%/0%    0.661 5.42e-04    10.0%     0.0%   0.7491   0.0134     6.8%
  1389    23.6s    0.0014    85.0%    85.0%    93.9%       83%/16%/1%    0.998    0.001    10.0%     0.0%   0.8909   0.0147     9.0%
  1390     2.4s    0.0273   100.0%   100.0%   100.0%       84%/16%/0%    0.711    0.004     0.0%     0.0%   0.7377  -0.0149     8.5%
  [MA20] reward=0.0202 task_sr=96.2% miss=2.8% time_limit=35.0% v2v=0.1%
  [PPO ] p_loss=0.0022 v_loss=8.9552 entropy=0.7377 grad=903.4789 active=100.0%
  [SIM ] avg_power(a)=0.4963 rsu_q=0.500 tx=21 no_tx=113 deadlock=0 svc=20.579GHz idle=31.2%
  1391     4.4s    0.0304   100.0%   100.0%   100.0%       80%/19%/1%    1.123    0.037     0.0%     0.0%   0.8436   0.0197     7.3%
  1392     3.4s    0.0305   100.0%   100.0%   100.0%       83%/17%/0%    0.987    0.014     0.0%     0.0%   0.7353  -0.0079     5.6%
  1393     3.8s    0.0268   100.0%   100.0%   100.0%       83%/17%/0%    0.971    0.017     0.0%     0.0%   0.7678   0.0073     5.8%
  1394     2.2s    0.0337   100.0%   100.0%   100.0%       85%/15%/0%    0.717    0.011     0.0%     0.0%   0.7268   0.0328     5.1%
  1395     3.0s    0.0340   100.0%   100.0%   100.0%       84%/16%/0%    0.877    0.016     0.0%     0.0%   0.7697   0.0288     5.4%
  1396     3.3s    0.0295   100.0%   100.0%   100.0%       82%/18%/0%    0.949    0.019     0.0%     0.0%   0.8026   0.0079     8.5%
  1397    28.3s    0.0015    95.0%    95.0%    98.9%       79%/20%/0%    1.008    0.001     5.0%     0.0%   0.9224   0.0223     7.8%
  1398     2.0s    0.0365   100.0%   100.0%   100.0%       80%/20%/0%    0.648    0.008     0.0%     0.0%   0.7827   0.0029     8.9%
  1399     3.5s    0.0282   100.0%   100.0%   100.0%       79%/20%/1%    1.011    0.026     0.0%     0.0%   0.7549   0.0059     8.0%
  1400    22.8s    0.0019    95.0%    95.0%    98.3%       76%/24%/0%    1.013    0.002     5.0%     0.0%   0.9202   0.0100     9.1%
  [MA20] reward=0.0217 task_sr=97.0% miss=2.2% time_limit=30.0% v2v=0.1%
  [PPO ] p_loss=0.0100 v_loss=2.4619 entropy=0.9202 grad=14.7760 active=100.0%
  [SIM ] avg_power(a)=0.5133 rsu_q=0.100 tx=45 no_tx=132 deadlock=0 svc=1.493GHz idle=0.0%
  [Checkpoint] saved: ep1400.pth

    Ep    Wall    R/step     T_SR     V_SR     S_SR            L/R/V   Lat(s)       En     Miss      Ill      Ent       KL     Clip
--------------------------------------------------------------------------------------------------------------------------------
  1401    31.1s    0.0010    75.0%    75.0%    92.7%       79%/21%/0%    0.885    0.001    25.0%     0.0%   0.9644   0.0021     7.5%
  1402     2.7s    0.0374   100.0%   100.0%   100.0%       82%/18%/0%    0.860    0.015     0.0%     0.0%   0.8863   0.0045     5.1%
  1403    28.0s    0.0014    95.0%    95.0%    99.3%       82%/18%/0%    0.705 4.40e-04     5.0%     0.0%   0.8273   0.0184     4.7%
  1404     3.2s    0.0340   100.0%   100.0%   100.0%       83%/17%/0%    0.988    0.020     0.0%     0.0%   0.7836   0.0097     5.3%
  1405    19.6s    0.0017    95.0%    95.0%    97.9%       76%/24%/0%    0.774    0.001     5.0%     0.0%   0.8164   0.0189     8.4%
  1406     3.3s    0.0278   100.0%   100.0%   100.0%       78%/22%/0%    0.860    0.010     0.0%     0.0%   0.8273   0.0069     8.7%
  1407    22.4s    0.0016    95.0%    95.0%    97.8%       84%/16%/0%    0.675 4.18e-04     5.0%     0.0%   0.8076   0.0127     4.5%
  1408    22.5s    0.0020    95.0%    95.0%    97.9%       80%/20%/0%    1.010    0.001     5.0%     0.0%   0.9122   0.0035     6.0%
  1409     4.2s    0.0270   100.0%   100.0%   100.0%       73%/25%/2%    1.181    0.040     0.0%     0.0%   0.8822   0.0222    12.8%
  1410     2.5s    0.0317   100.0%   100.0%   100.0%       82%/18%/0%    0.783    0.007     0.0%     0.0%   0.7613  -0.0161     7.9%
  [MA20] reward=0.0209 task_sr=97.2% miss=2.8% time_limit=35.0% v2v=0.2%
  [PPO ] p_loss=0.0135 v_loss=20.5899 entropy=0.7613 grad=497.8782 active=100.0%
  [SIM ] avg_power(a)=0.5210 rsu_q=0.500 tx=25 no_tx=117 deadlock=0 svc=25.384GHz idle=21.4%
  1411    22.8s    0.0014    95.0%    95.0%    97.6%       79%/21%/0%    0.973    0.001     5.0%     0.0%   0.8602   0.0021     6.3%
  1412     3.2s    0.0304   100.0%   100.0%   100.0%       87%/13%/0%    0.912    0.011     0.0%     0.0%   0.7506  -0.0036     2.8%
  1413     4.3s    0.0182   100.0%   100.0%   100.0%       82%/18%/0%    1.075    0.015     0.0%     0.0%   0.8663   0.0126     3.0%
  1414     2.5s    0.0282   100.0%   100.0%   100.0%       85%/15%/0%    0.810    0.010     0.0%     0.0%   0.7594   0.0170     3.4%
  1415     2.6s    0.0296   100.0%   100.0%   100.0%       88%/12%/0%    0.707    0.004     0.0%     0.0%   0.6759   0.0064     5.6%
  1416    26.2s    0.0016    90.0%    90.0%    97.2%       82%/17%/0%    1.020    0.001     5.0%     0.0%   0.7980   0.0166     6.3%
  1417     2.7s    0.0345   100.0%   100.0%   100.0%       85%/15%/0%    0.859    0.011     0.0%     0.0%   0.7929   0.0019     5.0%
  1418    28.6s    0.0015    95.0%    95.0%    98.3%       85%/15%/0%    1.039 9.10e-04     5.0%     0.0%   0.8619   0.0009     3.8%
  1419    22.2s    0.0017    90.0%    90.0%    97.4%       81%/19%/0%    1.020    0.001    10.0%     0.0%   0.8469   0.0162     7.1%
  1420     2.5s    0.0317   100.0%   100.0%   100.0%       83%/16%/1%    0.773    0.006     0.0%     0.0%   0.7020   0.0075     5.3%
  [MA20] reward=0.0172 task_sr=96.2% miss=3.5% time_limit=45.0% v2v=0.2%
  [PPO ] p_loss=-0.0033 v_loss=2.9812 entropy=0.7020 grad=475.8340 active=100.0%
  [SIM ] avg_power(a)=0.5039 rsu_q=0.786 tx=24 no_tx=116 deadlock=0 svc=24.483GHz idle=21.4%

    Ep    Wall    R/step     T_SR     V_SR     S_SR            L/R/V   Lat(s)       En     Miss      Ill      Ent       KL     Clip
--------------------------------------------------------------------------------------------------------------------------------
  1421     4.1s    0.0200   100.0%   100.0%   100.0%       86%/14%/0%    1.046    0.012     0.0%     0.0%   0.7320   0.0106     5.7%
  1422     2.0s    0.0409   100.0%   100.0%   100.0%       88%/12%/0%    0.656    0.006     0.0%     0.0%   0.5717   0.0038     4.2%
  1423     3.3s    0.0266   100.0%   100.0%   100.0%       88%/12%/0%    0.932    0.008     0.0%     0.0%   0.7398  -0.0040     1.8%
  1424     2.6s    0.0298   100.0%   100.0%   100.0%       89%/11%/0%    0.794    0.006     0.0%     0.0%   0.6340   0.0044     5.7%
  1425     3.4s    0.0319   100.0%   100.0%   100.0%       87%/13%/0%    0.927    0.012     0.0%     0.0%   0.7008   0.0073     5.7%
  1426     2.4s    0.0372   100.0%   100.0%   100.0%        94%/6%/0%    0.734    0.003     0.0%     0.0%   0.5980   0.0096     2.0%
  1427     2.0s    0.0340   100.0%   100.0%   100.0%        92%/8%/0%    0.665    0.002     0.0%     0.0%   0.5715  -0.0053     3.8%
  1428     3.1s    0.0281   100.0%   100.0%   100.0%       90%/10%/0%    0.793    0.006     0.0%     0.0%   0.4974  -0.0008     1.6%
  1429     4.3s    0.0285   100.0%   100.0%   100.0%       88%/12%/0%    1.086    0.015     0.0%     0.0%   0.8064   0.0188     5.2%
  1430     5.3s    0.0263   100.0%   100.0%   100.0%        91%/9%/0%    1.047    0.006     0.0%     0.0%   0.6574   0.0091     3.5%
  [MA20] reward=0.0241 task_sr=98.5% miss=1.2% time_limit=20.0% v2v=0.1%
  [PPO ] p_loss=-0.0051 v_loss=0.7151 entropy=0.6574 grad=104.6177 active=100.0%
  [SIM ] avg_power(a)=0.5011 rsu_q=0.294 tx=16 no_tx=172 deadlock=0 svc=24.403GHz idle=11.8%
  1431     3.5s    0.0329   100.0%   100.0%   100.0%        91%/9%/0%    0.980    0.010     0.0%     0.0%   0.7103  -0.0017     4.4%
  1432     4.2s    0.0172   100.0%   100.0%   100.0%       90%/10%/0%    1.059    0.005     0.0%     0.0%   0.7254   0.0062     5.1%
  1433     3.9s    0.0308   100.0%   100.0%   100.0%       88%/12%/0%    1.026    0.010     0.0%     0.0%   0.7067  -0.0056     3.2%
  1434     2.3s    0.0342   100.0%   100.0%   100.0%        90%/9%/1%    0.682    0.005     0.0%     0.0%   0.5848   0.0053     3.5%
  1435     4.0s    0.0203   100.0%   100.0%   100.0%        93%/7%/0%    0.933    0.001     0.0%     0.0%   0.7143   0.0009     3.6%
  1436     2.5s    0.0346   100.0%   100.0%   100.0%       88%/12%/0%    0.752    0.005     0.0%     0.0%   0.6378  -0.0045     4.2%
  1437     2.8s    0.0316   100.0%   100.0%   100.0%       89%/11%/0%    0.889    0.010     0.0%     0.0%   0.6902   0.0031     4.9%
  1438     2.3s    0.0374   100.0%   100.0%   100.0%       89%/11%/0%    0.696    0.004     0.0%     0.0%   0.6010  -0.0069     3.6%
  1439     3.1s    0.0261   100.0%   100.0%   100.0%       90%/10%/0%    0.913    0.007     0.0%     0.0%   0.6632   0.0203     5.6%
  1440     4.2s    0.0199   100.0%   100.0%   100.0%       89%/11%/0%    1.110    0.006     0.0%     0.0%   0.6935  -0.0002     3.0%
  [MA20] reward=0.0294 task_sr=100.0% miss=0.0% time_limit=0.0% v2v=0.1%
  [PPO ] p_loss=0.0025 v_loss=1.0617 entropy=0.6935 grad=17.3282 active=100.0%
  [SIM ] avg_power(a)=0.5091 rsu_q=0.250 tx=20 no_tx=175 deadlock=0 svc=23.519GHz idle=25.0%

    Ep    Wall    R/step     T_SR     V_SR     S_SR            L/R/V   Lat(s)       En     Miss      Ill      Ent       KL     Clip
--------------------------------------------------------------------------------------------------------------------------------
  1441     3.1s    0.0256   100.0%   100.0%   100.0%        93%/7%/0%    0.726    0.002     0.0%     0.0%   0.5373   0.0033     1.5%
  1442     3.2s    0.0283   100.0%   100.0%   100.0%       89%/11%/0%    0.979    0.009     0.0%     0.0%   0.6704   0.0156     4.2%
  1443     2.8s    0.0317   100.0%   100.0%   100.0%       87%/13%/0%    0.819    0.010     0.0%     0.0%   0.6560   0.0046     4.4%
  1444     1.8s    0.0406   100.0%   100.0%   100.0%        92%/8%/0%    0.705    0.004     0.0%     0.0%   0.5866   0.0092     4.7%
  1445    20.2s    0.0019    85.0%    85.0%    92.1%       89%/10%/0%    0.732 3.82e-04     5.0%     0.0%   0.6720  -0.0044     4.4%
  1446     3.5s    0.0268   100.0%   100.0%   100.0%       81%/19%/0%    1.069    0.018     0.0%     0.0%   0.6947  -0.0064     7.1%
  1447     3.8s    0.0256   100.0%   100.0%   100.0%       87%/12%/1%    1.106    0.010     0.0%     0.0%   0.6959   0.0017     3.9%
  1448    29.2s    0.0014    95.0%    95.0%    97.3%       88%/12%/0%    0.774 3.50e-04     5.0%     0.0%   0.6441   0.0025     4.3%
  1449     2.2s    0.0297   100.0%   100.0%   100.0%        90%/9%/1%    0.700    0.004     0.0%     0.0%   0.5978   0.0117     3.5%
  1450    25.4s    0.0013    85.0%    85.0%    97.2%       81%/18%/1%    1.001    0.001    10.0%     0.0%   0.7296   0.0089     6.5%
  [MA20] reward=0.0249 task_sr=98.3% miss=1.0% time_limit=15.0% v2v=0.2%
  [PPO ] p_loss=0.0022 v_loss=4.9888 entropy=0.7296 grad=28.4234 active=100.0%
  [SIM ] avg_power(a)=0.5045 rsu_q=0.060 tx=36 no_tx=142 deadlock=0 svc=1.428GHz idle=0.0%
  1451    29.5s    0.0015    95.0%    95.0%    98.8%       90%/10%/0%    0.914 4.87e-04     5.0%     0.0%   0.7117   0.0069     4.0%
  1452     2.4s    0.0273   100.0%   100.0%   100.0%        92%/8%/0%    0.744    0.004     0.0%     0.0%   0.5769   0.0110     3.4%
  1453    21.9s    0.0018    95.0%    95.0%    98.4%       88%/12%/0%    0.926 8.79e-04     5.0%     0.0%   0.7444   0.0068     5.5%
  1454     3.3s    0.0265   100.0%   100.0%   100.0%       89%/11%/1%    0.924    0.010     0.0%     0.0%   0.6951   0.0013     4.7%
  1455     2.1s    0.0407   100.0%   100.0%   100.0%        94%/6%/0%    0.659    0.002     0.0%     0.0%   0.5701  -0.0030     1.2%
  1456     3.0s    0.0278   100.0%   100.0%   100.0%       82%/18%/0%    0.886    0.016     0.0%     0.0%   0.6896   0.0090     5.9%
  1457     3.5s    0.0286   100.0%   100.0%   100.0%       85%/15%/0%    1.086    0.020     0.0%     0.0%   0.7246   0.0069     4.9%
  1458     4.0s    0.0284   100.0%   100.0%   100.0%       81%/19%/0%    1.045    0.027     0.0%     0.0%   0.8648   0.0153     6.6%
  1459    21.7s    0.0019    95.0%    95.0%    98.8%       80%/20%/0%    0.955    0.001     5.0%     0.0%   0.9291   0.0291     8.9%
  1460     3.2s    0.0296   100.0%   100.0%   100.0%       80%/20%/1%    0.931    0.021     0.0%     0.0%   0.8867   0.0085     9.1%
  [MA20] reward=0.0213 task_sr=97.5% miss=1.8% time_limit=30.0% v2v=0.2%
  [PPO ] p_loss=-0.0046 v_loss=0.7313 entropy=0.8867 grad=78.8805 active=100.0%
  [SIM ] avg_power(a)=0.5027 rsu_q=1.400 tx=35 no_tx=138 deadlock=0 svc=26.049GHz idle=13.3%

    Ep    Wall    R/step     T_SR     V_SR     S_SR            L/R/V   Lat(s)       En     Miss      Ill      Ent       KL     Clip
--------------------------------------------------------------------------------------------------------------------------------
  1461    32.5s    0.0010    75.0%    75.0%    88.6%       75%/25%/0%    0.885    0.002    20.0%     0.0%   0.9512   0.0203     9.5%
  1462    26.8s    0.0012    85.0%    85.0%    95.5%       80%/20%/0%    0.679 6.46e-04    15.0%     0.0%   0.8422  -0.0012     7.0%
  1463    23.9s    0.0015    90.0%    90.0%    97.9%       76%/24%/0%    1.088    0.001    10.0%     0.0%   0.9254   0.0129     8.5%
  1464     3.8s    0.0211   100.0%   100.0%   100.0%       76%/24%/0%    1.008    0.014     0.0%     0.0%   0.9398   0.0017     7.6%
  1465     4.3s    0.0255   100.0%   100.0%   100.0%       76%/24%/0%    1.148    0.039     0.0%     0.0%   0.8919   0.0190     9.6%
  1466     2.7s    0.0296   100.0%   100.0%   100.0%       78%/21%/1%    0.744    0.013     0.0%     0.0%   0.7658   0.0294     6.2%
  1467     3.7s    0.0281   100.0%   100.0%   100.0%       70%/28%/2%    1.086    0.040     0.0%     0.0%   0.8409   0.0224    11.1%
  1468     2.7s    0.0277   100.0%   100.0%   100.0%       79%/20%/1%    0.909    0.020     0.0%     0.0%   0.7795   0.0094     5.4%
  1469     1.9s    0.0403   100.0%   100.0%   100.0%       85%/15%/0%    0.671    0.006     0.0%     0.0%   0.8021   0.0036     7.0%
  1470     3.3s    0.0196   100.0%   100.0%   100.0%       85%/15%/0%    0.831    0.004     0.0%     0.0%   0.7548   0.0032     3.5%
  [MA20] reward=0.0205 task_sr=96.8% miss=3.0% time_limit=30.0% v2v=0.3%
  [PPO ] p_loss=-0.0036 v_loss=0.7449 entropy=0.7548 grad=52.3227 active=100.0%
  [SIM ] avg_power(a)=0.5093 rsu_q=0.435 tx=24 no_tx=133 deadlock=0 svc=16.670GHz idle=21.7%
  1471    22.2s    0.0014    95.0%    95.0%    97.1%       87%/13%/0%    0.682 1.79e-04     5.0%     0.0%   0.6996   0.0154     5.1%
  1472     2.9s    0.0298   100.0%   100.0%   100.0%       83%/17%/0%    0.776    0.009     0.0%     0.0%   0.7428   0.0044     6.8%
  1473     3.6s    0.0304   100.0%   100.0%   100.0%       82%/18%/0%    1.007    0.024     0.0%     0.0%   0.8195   0.0181     6.9%
  1474    22.8s    0.0018    90.0%    90.0%    98.4%       74%/25%/1%    1.089    0.001     5.0%     0.0%   0.8822   0.0166     8.0%
  1475     3.8s    0.0268   100.0%   100.0%   100.0%       79%/21%/0%    1.071    0.015     0.0%     0.0%   0.7893  -0.0100     8.7%
  1476     3.2s    0.0235   100.0%   100.0%   100.0%       81%/19%/0%    0.828    0.012     0.0%     0.0%   0.7362   0.0142     4.5%
  1477     1.7s    0.0404   100.0%   100.0%   100.0%       83%/17%/0%    0.608    0.008     0.0%     0.0%   0.6750   0.0179     5.7%
  1478     2.4s    0.0376   100.0%   100.0%   100.0%       83%/17%/0%    0.790    0.013     0.0%     0.0%   0.7519   0.0096     5.6%
  1479     3.1s    0.0234   100.0%   100.0%   100.0%       78%/21%/1%    0.886    0.006     0.0%     0.0%   0.6910   0.0106     5.7%
  1480     3.2s    0.0319   100.0%   100.0%   100.0%       82%/18%/1%    0.981    0.022     0.0%     0.0%   0.7256   0.0158     4.3%
  [MA20] reward=0.0221 task_sr=96.8% miss=2.8% time_limit=25.0% v2v=0.3%
  [PPO ] p_loss=-0.0031 v_loss=0.6666 entropy=0.7256 grad=49.0490 active=100.0%
  [SIM ] avg_power(a)=0.4898 rsu_q=1.429 tx=34 no_tx=145 deadlock=0 svc=28.875GHz idle=14.3%

    Ep    Wall    R/step     T_SR     V_SR     S_SR            L/R/V   Lat(s)       En     Miss      Ill      Ent       KL     Clip
--------------------------------------------------------------------------------------------------------------------------------
  1481     3.3s    0.0319   100.0%   100.0%   100.0%       86%/13%/1%    1.004    0.017     0.0%     0.0%   0.7746   0.0099     5.3%
  1482    22.2s    0.0016    90.0%    90.0%    94.9%       78%/21%/1%    0.912 8.67e-04     5.0%     0.0%   0.7535   0.0076     7.4%
  1483     3.9s    0.0266   100.0%   100.0%   100.0%       80%/20%/0%    1.092    0.035     0.0%     0.0%   0.7249   0.0119     5.2%
  1484     3.5s    0.0265   100.0%   100.0%   100.0%       84%/16%/0%    0.970    0.009     0.0%     0.0%   0.7896   0.0044     5.1%
  1485     5.6s    0.0141   100.0%   100.0%   100.0%       78%/20%/2%    1.231    0.069     0.0%     0.0%   0.7659   0.0217     8.3%
  1486     4.4s    0.0366   100.0%   100.0%   100.0%        93%/7%/0%    0.803    0.008     0.0%     0.0%   0.7301  -0.0027     2.8%
  1487     3.6s    0.0304   100.0%   100.0%   100.0%       87%/13%/0%    0.957    0.012     0.0%     0.0%   0.7315   0.0095     3.8%
  1488     2.2s    0.0347   100.0%   100.0%   100.0%        91%/9%/0%    0.732    0.004     0.0%     0.0%   0.5832   0.0110     2.9%
  1489     1.7s    0.0369   100.0%   100.0%   100.0%        91%/9%/0%    0.661    0.004     0.0%     0.0%   0.5385  -0.0007     1.7%
  1490     3.5s    0.0248   100.0%   100.0%   100.0%       82%/16%/2%    0.937    0.013     0.0%     0.0%   0.7164   0.0086     5.6%
  [MA20] reward=0.0256 task_sr=98.8% miss=0.8% time_limit=15.0% v2v=0.3%
  [PPO ] p_loss=0.0012 v_loss=0.7829 entropy=0.7164 grad=90.0759 active=100.0%
  [SIM ] avg_power(a)=0.5107 rsu_q=0.611 tx=30 no_tx=140 deadlock=0 svc=23.295GHz idle=22.2%
  1491     4.4s    0.0270   100.0%   100.0%   100.0%       80%/19%/2%    1.170    0.034     0.0%     0.0%   0.7995   0.0037     8.1%
  1492     3.5s    0.0307   100.0%   100.0%   100.0%       83%/16%/1%    1.076    0.030     0.0%     0.0%   0.6970   0.0133     6.5%
  1493     3.3s    0.0322   100.0%   100.0%   100.0%       89%/10%/1%    0.959    0.011     0.0%     0.0%   0.7268   0.0181     4.4%
  1494     4.1s    0.0283   100.0%   100.0%   100.0%       78%/21%/1%    1.153    0.025     0.0%     0.0%   0.8892   0.0245     9.1%
  1495    33.1s    0.0014    95.0%    95.0%    98.4%       82%/17%/1%    1.145    0.002     5.0%     0.0%   0.9191   0.0187     9.2%
  1496     3.5s    0.0253   100.0%   100.0%   100.0%       82%/17%/1%    1.083    0.018     0.0%     0.0%   0.7358   0.0092     8.7%
  1497     2.3s    0.0342   100.0%   100.0%   100.0%       86%/12%/2%    0.735    0.008     0.0%     0.0%   0.6188   0.0092     5.9%
  1498    22.2s    0.0021    95.0%    95.0%    99.0%       82%/18%/0%    1.150    0.002     5.0%     0.0%   0.8171   0.0202     5.3%
  1499    22.9s    0.0021    95.0%    95.0%    98.4%       83%/16%/1%    1.078    0.001     5.0%     0.0%   0.7931   0.0143     5.5%
  1500     1.8s    0.0293   100.0%   100.0%   100.0%       90%/10%/0%    0.615    0.003     0.0%     0.0%   0.5202   0.0139     3.6%
  [MA20] reward=0.0238 task_sr=98.8% miss=1.0% time_limit=20.0% v2v=0.6%
  [PPO ] p_loss=0.0027 v_loss=7.1588 entropy=0.5202 grad=781.9353 active=100.0%
  [SIM ] avg_power(a)=0.5036 rsu_q=0.200 tx=12 no_tx=106 deadlock=0 svc=15.989GHz idle=20.0%
  [Checkpoint] saved: ep1500.pth

[Train] completed: episodes=1500 best_reward=0.5408 best_success_rate(50ep)=1.0000
[Train] key outputs: /root/vecOffloadingSim/runs/remote_1500ep_20260314_194744/logs/metrics.csv, /root/vecOffloadingSim/runs/remote_1500ep_20260314_194744/logs/training_stats.csv, /root/vecOffloadingSim/runs/remote_1500ep_20260314_194744/models/best_model.pth, /root/vecOffloadingSim/runs/remote_1500ep_20260314_194744/models/last_model.pth

[Auto Plot] Generating training plots...
[DataRecorder] Training stats plots saved to: /root/vecOffloadingSim/runs/remote_1500ep_20260314_194744/plots
[Auto Plot] plot_results.py ...
[Auto Plot] ✓ Saved: fig_latency_with_baselines.png | ✓ Saved: fig_summary_dashboard.png | ✓ All plots saved to: /root/vecOffloadingSim/runs/remote_1500ep_20260314_194744/plots
[Auto Plot] plot_results.py done in 15.9s
[Auto Plot] generate_all_plots.py ...
[Auto Plot] ⚠ No baseline data found, skipping baseline comparison plot | ✓ All plots saved to: /root/vecOffloadingSim/runs/remote_1500ep_20260314_194744/plots |   Total plots: 8
[Auto Plot] generate_all_plots.py done in 7.1s
[DataRecorder] All plots generated in: /root/vecOffloadingSim/runs/remote_1500ep_20260314_194744/plots
[Auto Plot] jobs: ok=4 skipped=1 failed=0
[Auto Plot] generated figures: 35
[Auto Plot] sample: bias_annealing.png, cpu_efficiency.png, episode_duration.png, fig_constraint_health.png, fig_convergence_analysis.png, fig_convergence_baseline.png, fig_convergence_recheck.png, fig_decision_distribution.png
[Auto Plot] manifest: /root/vecOffloadingSim/runs/remote_1500ep_20260314_194744/plots/plot_manifest.json
