[Launcher] root=/root/vecOffloadingSim
[Launcher] run_dir=/root/vecOffloadingSim/runs/run_1000ep_A_lrcritic_3e4_20260321
[Launcher] config_snapshot=/root/vecOffloadingSim/runs/run_1000ep_A_20260320/logs/config_snapshot.json
[Launcher] LR_ACTOR=2e-4
[Launcher] LR_CRITIC=3e-4
[Launcher] DEVICE_NAME=cuda
[Launcher] started_at=2026-03-21 00:18:20 CST

[ConfigSnapshot] load=True path=/root/vecOffloadingSim/runs/run_1000ep_A_20260320/logs/config_snapshot.json
[ConfigEffective] USE_SIMPLIFIED_CRITIC=False COMMWAIT_DIRECT_TO_CRITIC=True USE_LOGIT_BIAS=True USE_FIXED_POWER=False CTDE_GLOBAL_DIM=30 GLOBAL_STATE_SOURCE=env_single_source
[ScaleCheck] UNIFIED cap: step<=~0.000 ep<=~0.0 term=10.0 ep/term=0.00 (Td_min=0.40s, DT=0.10s, i_cap=3, e_cap=1.5)
[ConfigDump] saved: /root/vecOffloadingSim/runs/run_1000ep_A_lrcritic_3e4_20260321/config_dump.json
[ConfigSnapshot] saved: /root/vecOffloadingSim/runs/run_1000ep_A_lrcritic_3e4_20260321/logs/config_snapshot.json
[RunMeta] saved: /root/vecOffloadingSim/runs/run_1000ep_A_lrcritic_3e4_20260321/run_meta.json

======================================================================================================================
[Train] MAPPO VEC training started
======================================================================================================================
[Run] id=run_1000ep_A_lrcritic_3e4_20260321 seed=42 device=cuda reward=UNIFIED candidate=ALL (all_feasible=True)
[Train] episodes=1000 steps/ep=300 eval_interval=1 save_interval=100 baseline_eval=off
[Scenario] vehicles=20 rsu=2 map=1000.0m lanes=2 v2v_range=200.0m rsu_range=300.0m
[Physics] BW_V2I=10.00MHz BW_V2V=20.00MHz RB=10 Ptx=[0.0200,0.1995]W (13.0,23.0 dBm) DT=0.100s
[ScaleCheck] UNIFIED nominal: E_loc=9J E_tx=0.00750952J r_time=-0 r_energy=-0 r_interf=-0 (B_RB=2e+06Hz, SNR=20dB, dt=0.1, Td=10, rho=0.7)
[Compute] f_local=[1.00,1.80]GHz f_rsu=6.00GHz
[PPO] lr=2.00e-04 gamma=0.995 gae=0.950 clip=0.250 ent=0.020 batch=256 epochs=5 d_model=128 layers=2
[Logging] step_metrics=off step_logs=off tb_obs=on
[Paths] run=/root/vecOffloadingSim/runs/run_1000ep_A_lrcritic_3e4_20260321
[Paths] logs=/root/vecOffloadingSim/runs/run_1000ep_A_lrcritic_3e4_20260321/logs  models=/root/vecOffloadingSim/runs/run_1000ep_A_lrcritic_3e4_20260321/models  plots=/root/vecOffloadingSim/runs/run_1000ep_A_lrcritic_3e4_20260321/plots
======================================================================================================================


    Ep    Wall    R/step     T_SR     V_SR     S_SR            L/R/V   Lat(s)       En     Miss      Ill      Ent       KL     Clip
--------------------------------------------------------------------------------------------------------------------------------
     1    20.8s    0.0020    25.0%    25.0%    71.5%      27%/49%/24%    1.835    0.246    75.0%     0.0%   2.0568   0.0103     5.2%
  [MA20] reward=0.0020 task_sr=25.0% miss=75.0% time_limit=0.0% v2v=24.1%
  [RWRD] r_prog=0.0361 r_term=-0.0158 r_illegal=0.0000
  [PPO ] p_loss=-0.0022 v_loss=9.0069 entropy=2.0568 grad=20.5470 active=100.0%
  [SIM ] avg_power(a)=0.4904 rsu_q=2.143 tx=121 no_tx=45 deadlock=0 svc=0.000GHz idle=0.0%
  → Best model saved: sr=0.250 miss=0.750 tl=0.000 cft=1.835 illegal=0.000
     2     8.1s    0.0022    50.0%    50.0%    82.2%      35%/39%/27%    1.014    0.147    50.0%     0.0%   1.9251   0.0026     3.9%
     3    15.2s    0.0010    15.0%    15.0%    72.1%      38%/31%/32%    2.773    0.339    85.0%     0.0%   1.7350  -0.0006     3.3%
     4    18.7s    0.0002     5.0%     5.0%    58.4%      37%/34%/30%    3.022    0.521    95.0%     0.0%   1.8529   0.0069     4.5%
     5    15.3s    0.0017    30.0%    30.0%    66.0%      40%/33%/27%    1.692    0.372    70.0%     0.0%   1.9378   0.0091     2.7%
     6     4.5s    0.0049    75.0%    75.0%    93.9%      29%/35%/36%    0.782    0.242    25.0%     0.0%   1.9064   0.0085     4.0%
     7     3.1s    0.0132   100.0%   100.0%   100.0%      28%/43%/28%    0.852    0.149     0.0%     0.0%   1.9185   0.0012     2.9%
     8     9.0s    0.0026    45.0%    45.0%    84.2%      31%/43%/27%    1.663    0.250    55.0%     0.0%   1.7723   0.0091     5.2%
     9     7.4s    0.0051    70.0%    70.0%    91.2%      40%/35%/25%    1.785    0.186    30.0%     0.0%   1.8170   0.0095     7.0%
    10     7.1s    0.0065    85.0%    85.0%    94.8%      46%/32%/22%    1.681    0.109    15.0%     0.0%   1.7634   0.0010     4.4%
  [MA20] reward=0.0039 task_sr=50.0% miss=50.0% time_limit=0.0% v2v=27.7%
  [RWRD] r_prog=0.0275 r_term=0.0373 r_illegal=0.0000
  [PPO ] p_loss=1.70e-05 v_loss=0.6779 entropy=1.7634 grad=5.8872 active=100.0%
  [SIM ] avg_power(a)=0.4918 rsu_q=1.615 tx=98 no_tx=89 deadlock=0 svc=0.000GHz idle=0.0%
  → Best model saved: sr=0.500 miss=0.500 tl=0.000 cft=1.710 illegal=0.000
    11    15.2s    0.0011    25.0%    25.0%    78.5%      43%/36%/21%    2.667    0.463    70.0%     0.0%   1.8404   0.0112     8.0%
    12    18.0s    0.0028    45.0%    45.0%    79.5%      32%/45%/23%    2.344    0.275    55.0%     0.0%   2.0007   0.0091     7.6%
    13    10.4s    0.0049    75.0%    75.0%    87.0%      39%/43%/18%    1.878    0.098    25.0%     0.0%   1.8249   0.0066     7.0%
    14     3.8s    0.0068    85.0%    85.0%    95.3%      36%/49%/15%    0.721    0.052    15.0%     0.0%   1.8916   0.0056     6.0%
    15    12.9s    0.0047    75.0%    75.0%    94.2%      46%/40%/14%    2.346    0.121    25.0%     0.0%   1.8877   0.0142     8.5%
    16     3.9s    0.0054    80.0%    80.0%    93.9%      43%/40%/16%    0.720    0.135    20.0%     0.0%   1.8723   0.0164     6.8%
    17     8.1s    0.0070    95.0%    95.0%    98.0%      47%/42%/11%    1.628    0.084     5.0%     0.0%   1.8126   0.0086     9.7%
    18    15.1s    0.0051    80.0%    80.0%    90.6%       46%/48%/6%    2.406    0.065    20.0%     0.0%   1.6950   0.0151    11.1%
    19     7.3s    0.0064    90.0%    90.0%    97.6%       57%/35%/8%    1.718    0.028    10.0%     0.0%   1.6809   0.0148    12.7%
    20    14.9s    0.0053    75.0%    75.0%    95.6%      66%/24%/10%    2.415    0.106    25.0%     0.0%   1.6769   0.0056    11.1%
  [MA20] reward=0.0044 task_sr=61.3% miss=38.5% time_limit=0.0% v2v=21.0%
  [RWRD] r_prog=0.0333 r_term=0.0198 r_illegal=0.0000
  [PPO ] p_loss=0.0054 v_loss=0.3658 entropy=1.6769 grad=3.2909 active=100.0%
  [SIM ] avg_power(a)=0.5073 rsu_q=0.528 tx=86 no_tx=178 deadlock=0 svc=0.000GHz idle=0.0%
  → Best model saved: sr=0.613 miss=0.385 tl=0.000 cft=1.797 illegal=0.000

    Ep    Wall    R/step     T_SR     V_SR     S_SR            L/R/V   Lat(s)       En     Miss      Ill      Ent       KL     Clip
--------------------------------------------------------------------------------------------------------------------------------
    21     2.3s    0.0187   100.0%   100.0%   100.0%       78%/17%/5%    0.680    0.011     0.0%     0.0%   1.2931   0.0038     8.2%
    22    10.3s    0.0079    80.0%    80.0%    96.5%       81%/14%/4%    1.933    0.011    20.0%     0.0%   1.5162   0.0142    13.6%
    23     7.2s    0.0082    95.0%    95.0%    98.5%       85%/10%/5%    1.664    0.009     5.0%     0.0%   1.5431   0.0186     8.8%
    24     2.2s    0.0237   100.0%   100.0%   100.0%        91%/6%/4%    0.656    0.007     0.0%     0.0%   0.9218   0.0191     6.2%
    25     3.3s    0.0065    85.0%    85.0%    95.4%        89%/9%/2%    0.651    0.081    15.0%     0.0%   1.4567  -0.0013     6.9%
    26    13.1s    0.0054    70.0%    70.0%    91.1%        88%/8%/5%    1.830    0.127    30.0%     0.0%   1.7364   0.0111    13.1%
    27     5.6s    0.0093    90.0%    90.0%    99.5%        92%/6%/2%    1.662    0.003    10.0%     0.0%   1.3534   0.0063     7.6%
    28     9.2s    0.0086    85.0%    85.0%    97.1%        92%/6%/1%    1.617    0.006    15.0%     0.0%   1.5454   0.0171     7.4%
    29    21.3s    0.0063    55.0%    55.0%    89.9%        95%/3%/2%    2.520    0.005    45.0%     0.0%   1.7154   0.0040     9.1%
    30     2.2s    0.0235   100.0%   100.0%   100.0%        94%/2%/5%    0.638    0.006     0.0%     0.0%   0.9533   0.0008     3.1%
  [MA20] reward=0.0084 task_sr=79.3% miss=20.5% time_limit=0.0% v2v=8.9%
  [RWRD] r_prog=0.0234 r_term=0.2112 r_illegal=0.0000
  [PPO ] p_loss=-0.0024 v_loss=0.3762 entropy=0.9533 grad=8.5635 active=100.0%
  [SIM ] avg_power(a)=0.4995 rsu_q=0.000 tx=8 no_tx=125 deadlock=0 svc=0.000GHz idle=0.0%
  → Best model saved: sr=0.695 miss=0.303 tl=0.000 cft=1.660 illegal=0.000
    31     2.3s    0.0211   100.0%   100.0%   100.0%        96%/2%/2%    0.658    0.001     0.0%     0.0%   0.9837   0.0109     3.8%
    32     6.4s    0.0097    95.0%    95.0%    99.5%        97%/2%/1%    1.795    0.001     5.0%     0.0%   1.4049   0.0103     7.9%
    33     3.6s    0.0237   100.0%   100.0%   100.0%        93%/5%/2%    0.618    0.010     0.0%     0.0%   0.9270   0.0108     5.1%
    34     7.7s    0.0080    80.0%    80.0%    97.0%        96%/3%/0%    1.737    0.001    20.0%     0.0%   1.3777   0.0102     6.8%
    35    11.5s    0.0078    90.0%    90.0%    98.5%        95%/4%/2%    1.568    0.004    10.0%     0.0%   1.6798   0.0124     8.4%
    36    18.2s    0.0058    75.0%    75.0%    96.1%        97%/1%/2%    2.603    0.008    25.0%     0.0%   1.5920   0.0101     5.6%
    37     2.1s    0.0193   100.0%   100.0%   100.0%        97%/2%/2%    0.631     !ERR     0.0%     0.0%   1.0319   0.0057     5.2%
    38     7.3s    0.0076    85.0%    85.0%    97.9%        97%/3%/0%    1.781     !ERR    15.0%     0.0%   1.3054   0.0208    11.6%
    39     7.5s    0.0073    75.0%    75.0%    97.0%        95%/4%/1%    1.873    0.004    25.0%     0.0%   1.2305   0.0064     3.8%
    40     7.3s    0.0081    80.0%    80.0%    96.1%        94%/5%/0%    1.820    0.001    20.0%     0.0%   1.2241   0.0075     3.8%
  [MA20] reward=0.0118 task_sr=87.0% miss=13.0% time_limit=0.0% v2v=2.4%
  [RWRD] r_prog=0.0489 r_term=0.0320 r_illegal=0.0000
  [PPO ] p_loss=-0.0039 v_loss=0.2993 entropy=1.2241 grad=3.8801 active=100.0%
  [SIM ] avg_power(a)=0.4980 rsu_q=0.000 tx=11 no_tx=189 deadlock=0 svc=0.000GHz idle=0.0%
  → Best model saved: sr=0.741 miss=0.258 tl=0.000 cft=1.622 illegal=0.000

    Ep    Wall    R/step     T_SR     V_SR     S_SR            L/R/V   Lat(s)       En     Miss      Ill      Ent       KL     Clip
--------------------------------------------------------------------------------------------------------------------------------
    41     7.0s    0.0079    85.0%    85.0%    98.5%        96%/3%/1%    1.549    0.001    15.0%     0.0%   1.3060   0.0044     5.0%
    42     7.4s    0.0081    90.0%    90.0%    99.0%        96%/3%/2%    1.741    0.003    10.0%     0.0%   1.4409   0.0133    12.3%
    43     2.1s    0.0240   100.0%   100.0%   100.0%        95%/4%/1%    0.668    0.001     0.0%     0.0%   0.8111  -0.0040     2.6%
    44     9.3s    0.0088    95.0%    95.0%    99.5%        93%/5%/3%    1.843    0.005     5.0%     0.0%   1.4898   0.0104     5.0%
    45     2.3s    0.0212   100.0%   100.0%   100.0%        93%/5%/2%    0.675    0.003     0.0%     0.0%   1.0096   0.0021     3.6%
    46    10.2s    0.0085    90.0%    90.0%    99.0%        91%/6%/3%    1.655    0.005    10.0%     0.0%   1.6769   0.0149     4.2%
    47     6.3s    0.0085    95.0%    95.0%   100.0%        89%/8%/3%    1.724    0.009     5.0%     0.0%   1.5496   0.0051     7.3%
    48     7.4s    0.0082    90.0%    90.0%    99.0%        91%/5%/4%    1.954    0.011    10.0%     0.0%   1.5342   0.0086     7.0%
    49     2.4s    0.0191   100.0%   100.0%   100.0%        88%/4%/8%    0.717    0.011     0.0%     0.0%   1.2033   0.0057     6.1%
    50     2.3s    0.0212   100.0%   100.0%   100.0%       82%/12%/6%    0.626    0.016     0.0%     0.0%   1.1611   0.0064     7.1%
  [MA20] reward=0.0127 task_sr=91.2% miss=8.8% time_limit=0.0% v2v=2.2%
  [RWRD] r_prog=0.0238 r_term=0.1886 r_illegal=0.0000
  [PPO ] p_loss=-0.0030 v_loss=0.0292 entropy=1.1611 grad=1.7618 active=100.0%
  [SIM ] avg_power(a)=0.4924 rsu_q=0.333 tx=23 no_tx=107 deadlock=0 svc=0.000GHz idle=0.0%
  → Best model saved: sr=0.782 miss=0.217 tl=0.000 cft=1.561 illegal=0.000
    51    24.7s    0.0054    55.0%    55.0%    93.6%        91%/4%/5%    2.625    0.017    45.0%     0.0%   1.8283   0.0120     7.1%
    52     7.3s    0.0101    95.0%    95.0%    99.0%        92%/3%/4%    1.797    0.007     5.0%     0.0%   1.3751   0.0018     4.6%
    53     7.8s    0.0086    80.0%    80.0%    97.9%        94%/2%/4%    1.831    0.004    20.0%     0.0%   1.4600   0.0080     3.8%
    54     2.1s    0.0211   100.0%   100.0%   100.0%        95%/3%/2%    0.653    0.002     0.0%     0.0%   1.0193   0.0052     4.0%
    55     2.1s    0.0213   100.0%   100.0%   100.0%        91%/7%/2%    0.635    0.003     0.0%     0.0%   1.1090   0.0261     3.8%
    56    14.6s    0.0052    55.0%    55.0%    90.6%        93%/5%/2%    2.858    0.004    45.0%     0.0%   1.5235   0.0068     5.5%
    57     7.6s    0.0085    80.0%    80.0%    97.9%        91%/4%/4%    1.664    0.005    20.0%     0.0%   1.5031   0.0031     4.3%
    58     7.3s    0.0071    70.0%    70.0%    95.9%        96%/2%/2%    1.806    0.001    30.0%     0.0%   1.4863   0.0028     2.6%
    59     7.2s    0.0081    95.0%    95.0%    98.0%        92%/4%/4%    1.683    0.008     5.0%     0.0%   1.3949   0.0019     4.0%
    60     7.1s    0.0073    85.0%    85.0%    99.0%        94%/3%/2%    1.781    0.004    15.0%     0.0%   1.4668   0.0053     4.5%
  [MA20] reward=0.0119 task_sr=88.0% miss=12.0% time_limit=0.0% v2v=3.3%
  [RWRD] r_prog=0.0372 r_term=0.0362 r_illegal=0.0000
  [PPO ] p_loss=-0.0012 v_loss=0.2939 entropy=1.4668 grad=4.1290 active=100.0%
  [SIM ] avg_power(a)=0.4956 rsu_q=0.000 tx=12 no_tx=189 deadlock=0 svc=0.000GHz idle=0.0%

    Ep    Wall    R/step     T_SR     V_SR     S_SR            L/R/V   Lat(s)       En     Miss      Ill      Ent       KL     Clip
--------------------------------------------------------------------------------------------------------------------------------
    61     6.8s    0.0083    90.0%    90.0%    98.4%        90%/5%/4%    1.824    0.008    10.0%     0.0%   1.5160   0.0085     3.8%
    62     6.2s    0.0100    95.0%    95.0%    99.0%        92%/4%/4%    1.774    0.005     5.0%     0.0%   1.3799   0.0043     1.1%
    63     2.2s    0.0192   100.0%   100.0%   100.0%        84%/8%/8%    0.610    0.020     0.0%     0.0%   1.2531   0.0020     3.8%
    64     2.6s    0.0157   100.0%   100.0%   100.0%        84%/8%/7%    0.691    0.029     0.0%     0.0%   1.3331   0.0123     4.0%
    65     2.5s    0.0170   100.0%   100.0%   100.0%       85%/10%/5%    0.699    0.033     0.0%     0.0%   1.2933   0.0040     3.9%
    66     3.3s    0.0083    95.0%    95.0%    97.7%        88%/5%/7%    0.813    0.083     0.0%     0.0%   1.4539   0.0072     3.6%
    67     2.3s    0.0175   100.0%   100.0%   100.0%        90%/5%/5%    0.651    0.003     0.0%     0.0%   1.1336   0.0013     5.5%
    68     7.1s    0.0066    85.0%    85.0%    96.9%        96%/2%/2%    1.720    0.060    15.0%     0.0%   1.4404   0.0050     3.0%
    69     1.9s    0.0238   100.0%   100.0%   100.0%        98%/1%/2%    0.637     !ERR     0.0%     0.0%   0.7742   0.0064     2.5%
    70     7.4s    0.0072    85.0%    85.0%    97.6%        98%/1%/1%    1.635    0.002    15.0%     0.0%   1.2275   0.0043     4.2%
  [MA20] reward=0.0118 task_sr=88.2% miss=11.5% time_limit=0.0% v2v=3.9%
  [RWRD] r_prog=0.0382 r_term=0.0340 r_illegal=0.0000
  [PPO ] p_loss=0.0125 v_loss=0.2241 entropy=1.2275 grad=2.7448 active=100.0%
  [SIM ] avg_power(a)=0.5033 rsu_q=0.241 tx=5 no_tx=198 deadlock=0 svc=0.000GHz idle=0.0%
  → Best model saved: sr=0.890 miss=0.109 tl=0.000 cft=1.409 illegal=0.000
    71     6.8s    0.0079    80.0%    80.0%    96.4%        98%/1%/1%    1.708     !ERR    20.0%     0.0%   1.2468   0.0083     3.2%
    72    12.3s    0.0063    80.0%    80.0%    96.7%        98%/1%/1%    2.576     !ERR    20.0%     0.0%   1.1557   0.0109     3.6%
    73     2.2s    0.0233   100.0%   100.0%   100.0%        99%/1%/1%    0.618     !ERR     0.0%     0.0%   0.6729  -0.0015     1.1%
    74     2.1s    0.0237   100.0%   100.0%   100.0%       100%/0%/0%    0.646     !ERR     0.0%     0.0%   0.6956   0.0034     0.5%
    75     9.9s    0.0077    85.0%    85.0%    98.5%        99%/1%/1%    1.821    0.001    15.0%     0.0%   1.0265   0.0111     6.6%
    76     6.5s    0.0089    80.0%    80.0%    96.3%        98%/2%/0%    1.877     !ERR    20.0%     0.0%   0.9582   0.0088     7.3%
    77    12.4s    0.0054    50.0%    50.0%    92.0%        98%/1%/1%    2.840    0.003    50.0%     0.0%   1.0151   0.0114     3.7%
    78    12.7s    0.0056    70.0%    70.0%    95.9%        98%/2%/0%    2.715    0.001    30.0%     0.0%   0.9660   0.0114    15.1%
    79     7.6s    0.0084    80.0%    80.0%    97.5%        99%/1%/1%    1.713     !ERR    20.0%     0.0%   1.0959   0.0127     5.1%
    80     2.1s    0.0190   100.0%   100.0%   100.0%        98%/1%/1%    0.604     !ERR     0.0%     0.0%   0.8988   0.0097     1.4%
  [MA20] reward=0.0125 task_sr=88.8% miss=11.0% time_limit=0.0% v2v=2.6%
  [RWRD] r_prog=0.0199 r_term=0.1696 r_illegal=0.0000
  [PPO ] p_loss=0.0045 v_loss=0.0428 entropy=0.8988 grad=2.0921 active=100.0%
  [SIM ] avg_power(a)=0.4922 rsu_q=0.000 tx=2 no_tx=122 deadlock=0 svc=0.000GHz idle=0.0%

    Ep    Wall    R/step     T_SR     V_SR     S_SR            L/R/V   Lat(s)       En     Miss      Ill      Ent       KL     Clip
--------------------------------------------------------------------------------------------------------------------------------
    81     2.1s    0.0216   100.0%   100.0%   100.0%        95%/3%/2%    0.626    0.004     0.0%     0.0%   0.8484   0.0093     2.9%
    82     6.9s    0.0098   100.0%   100.0%   100.0%        99%/1%/0%    1.827     !ERR     0.0%     0.0%   0.9718   0.0004     1.4%
    83     2.4s    0.0237   100.0%   100.0%   100.0%        98%/1%/1%    0.639    0.002     0.0%     0.0%   0.7327   0.0004     1.5%
    84     6.7s    0.0075    70.0%    70.0%    95.3%        97%/2%/1%    1.622    0.001    30.0%     0.0%   1.0822   0.0053     0.9%
    85     2.0s    0.0240   100.0%   100.0%   100.0%        98%/2%/0%    0.643     !ERR     0.0%     0.0%   0.7359   0.0041     1.0%
    86     7.5s    0.0084    95.0%    95.0%    99.5%        96%/4%/0%    1.743     !ERR     5.0%     0.0%   1.1933   0.0032     2.9%
    87    12.1s    0.0063    60.0%    60.0%    94.7%        95%/4%/1%    2.633    0.003    40.0%     0.0%   1.2362   0.0055     2.9%
    88     6.3s    0.0082    95.0%    95.0%    99.5%        96%/3%/1%    1.642    0.003     5.0%     0.0%   1.2243   0.0030     2.0%
    89     2.1s    0.0238   100.0%   100.0%   100.0%        96%/4%/0%    0.666     !ERR     0.0%     0.0%   0.7868   0.0028     1.6%
    90     7.4s    0.0080    85.0%    85.0%    97.9%        96%/2%/2%    1.847    0.001    15.0%     0.0%   1.2981   0.0028     1.3%
  [MA20] reward=0.0129 task_sr=86.5% miss=13.5% time_limit=0.0% v2v=0.7%
  [RWRD] r_prog=0.0474 r_term=0.0328 r_illegal=0.0000
  [PPO ] p_loss=0.0008 v_loss=0.2152 entropy=1.2981 grad=2.5634 active=100.0%
  [SIM ] avg_power(a)=0.5089 rsu_q=0.000 tx=7 no_tx=185 deadlock=0 svc=0.000GHz idle=0.0%
    91     6.6s    0.0086    95.0%    95.0%    99.5%        95%/3%/2%    1.685    0.003     5.0%     0.0%   1.2958   0.0001     1.6%
    92     6.5s    0.0079    85.0%    85.0%    97.5%        94%/3%/3%    1.647    0.005    15.0%     0.0%   1.1774   0.0047     2.0%
    93    14.3s    0.0059    70.0%    70.0%    94.8%        95%/3%/2%    2.597    0.005    30.0%     0.0%   1.2115   0.0100     2.3%
    94     7.6s    0.0078    90.0%    90.0%    99.5%        95%/2%/2%    1.804    0.002    10.0%     0.0%   1.1649   0.0054     2.7%
    95     2.2s    0.0211   100.0%   100.0%   100.0%        96%/4%/0%    0.634    0.002     0.0%     0.0%   0.8702   0.0001     3.9%
    96    14.6s    0.0061    60.0%    60.0%    95.5%        95%/4%/0%    2.610    0.004    40.0%     0.0%   1.1806   0.0058     3.2%
    97     7.9s    0.0083    90.0%    90.0%    98.6%        95%/4%/1%    1.785    0.002    10.0%     0.0%   1.2275   0.0098     3.1%
    98    14.0s    0.0095    90.0%    90.0%    99.0%        93%/5%/2%    1.870    0.003    10.0%     0.0%   1.5143   0.0156     5.2%
    99     7.6s    0.0092    90.0%    90.0%    98.0%        92%/6%/2%    1.636    0.003    10.0%     0.0%   1.3087   0.0171     3.2%
   100    13.4s    0.0056    75.0%    75.0%    97.2%        94%/4%/1%    2.667    0.003    25.0%     0.0%   1.4395   0.0079     5.2%
  [MA20] reward=0.0116 task_sr=87.5% miss=12.5% time_limit=0.0% v2v=1.2%
  [RWRD] r_prog=0.0391 r_term=0.0171 r_illegal=0.0000
  [PPO ] p_loss=0.0131 v_loss=0.2395 entropy=1.4395 grad=3.8827 active=100.0%
  [SIM ] avg_power(a)=0.4957 rsu_q=0.053 tx=14 no_tx=235 deadlock=0 svc=0.000GHz idle=0.0%
  [Checkpoint] saved: ep0100.pth

    Ep    Wall    R/step     T_SR     V_SR     S_SR            L/R/V   Lat(s)       En     Miss      Ill      Ent       KL     Clip
--------------------------------------------------------------------------------------------------------------------------------
   101    15.8s    0.0061    70.0%    70.0%    95.4%        93%/4%/3%    2.725    0.006    30.0%     0.0%   1.4939   0.0027     5.9%
   102     7.4s    0.0098    95.0%    95.0%    99.5%        91%/6%/3%    1.787    0.004     5.0%     0.0%   1.4337   0.0100     3.4%
   103     2.2s    0.0210   100.0%   100.0%   100.0%        89%/5%/6%    0.618    0.010     0.0%     0.0%   1.1616   0.0004     3.0%
   104     7.8s    0.0076    85.0%    85.0%    98.5%        88%/6%/6%    1.929    0.011    15.0%     0.0%   1.4637   0.0137     4.5%
   105     8.3s    0.0076    70.0%    70.0%    95.0%        90%/3%/7%    1.894    0.008    30.0%     0.0%   1.5381   0.0091     5.0%
   106     7.0s    0.0081    90.0%    90.0%    97.4%        92%/4%/4%    1.746    0.009    10.0%     0.0%   1.5979   0.0084     4.1%
   107     6.8s    0.0086    90.0%    90.0%    99.0%        89%/4%/7%    1.901    0.017    10.0%     0.0%   1.3815   0.0058     4.6%
   108    13.8s    0.0064    65.0%    65.0%    93.2%        93%/5%/2%    2.873    0.003    35.0%     0.0%   1.5785   0.0048     7.1%
   109    11.9s    0.0062    75.0%    75.0%    97.3%        91%/5%/3%    2.399    0.007    25.0%     0.0%   1.5297   0.0059     6.2%
   110     7.1s    0.0080    85.0%    85.0%    98.1%        92%/3%/5%    1.774    0.007    15.0%     0.0%   1.4840   0.0005     7.6%
  [MA20] reward=0.0090 task_sr=83.5% miss=16.5% time_limit=0.0% v2v=3.1%
  [RWRD] r_prog=0.0452 r_term=0.0352 r_illegal=0.0000
  [PPO ] p_loss=0.0026 v_loss=0.1553 entropy=1.4840 grad=1.6491 active=100.0%
  [SIM ] avg_power(a)=0.5050 rsu_q=0.148 tx=17 no_tx=187 deadlock=0 svc=0.000GHz idle=0.0%
   111    23.9s    0.0063    60.0%    60.0%    94.8%        91%/6%/3%    2.940    0.009    40.0%     0.0%   1.7102   0.0167     7.9%
   112     2.4s    0.0173   100.0%   100.0%   100.0%        86%/7%/6%    0.657    0.004     0.0%     0.0%   1.3565   0.0141     7.5%
   113     7.9s    0.0083    80.0%    80.0%    95.1%        92%/4%/4%    1.747    0.005    20.0%     0.0%   1.5577   0.0153     7.8%
   114    14.7s    0.0074    70.0%    70.0%    96.1%        89%/7%/3%    1.852    0.066    30.0%     0.0%   1.6807   0.0219    13.5%
   115     7.1s    0.0100   100.0%   100.0%   100.0%        93%/6%/1%    1.677    0.002     0.0%     0.0%   1.3197   0.0079     2.0%
   116     6.9s    0.0073    75.0%    75.0%    96.3%        89%/6%/5%    1.765    0.011    25.0%     0.0%   1.3432   0.0075     2.9%
   117     2.2s    0.0216   100.0%   100.0%   100.0%       89%/10%/1%    0.664    0.003     0.0%     0.0%   0.9700   0.0008     4.3%
   118     6.9s    0.0076    90.0%    90.0%    98.5%        94%/5%/1%    1.856    0.001    10.0%     0.0%   1.2594   0.0093     1.5%
   119    10.9s    0.0060    70.0%    70.0%    96.0%        95%/4%/0%    2.524    0.002    30.0%     0.0%   1.2880   0.0014     2.2%
   120    18.1s    0.0055    70.0%    70.0%    95.0%       89%/10%/1%    2.702    0.015    30.0%     0.0%   1.4407   0.0109     4.2%
  [MA20] reward=0.0093 task_sr=82.0% miss=18.0% time_limit=0.0% v2v=3.6%
  [RWRD] r_prog=0.0406 r_term=0.0142 r_illegal=0.0000
  [PPO ] p_loss=-0.0042 v_loss=0.1717 entropy=1.4407 grad=1.8387 active=100.0%
  [SIM ] avg_power(a)=0.4998 rsu_q=0.447 tx=27 no_tx=226 deadlock=0 svc=0.000GHz idle=0.0%

    Ep    Wall    R/step     T_SR     V_SR     S_SR            L/R/V   Lat(s)       En     Miss      Ill      Ent       KL     Clip
--------------------------------------------------------------------------------------------------------------------------------
   121     8.4s    0.0087    95.0%    95.0%    99.0%        95%/4%/1%    1.745    0.002     5.0%     0.0%   1.3953   0.0084     2.3%
   122     6.6s    0.0090    90.0%    90.0%    98.5%        91%/5%/4%    1.741    0.006    10.0%     0.0%   1.3313   0.0089     3.0%
   123     6.9s    0.0080    75.0%    75.0%    95.6%        92%/5%/3%    1.633    0.005    25.0%     0.0%   1.3193   0.0002     3.5%
   124    14.1s    0.0068    60.0%    60.0%    91.5%        95%/4%/2%    2.761    0.002    40.0%     0.0%   1.3789   0.0101     3.4%
   125     7.2s    0.0082    90.0%    90.0%    99.0%        94%/4%/2%    1.807    0.003    10.0%     0.0%   1.4393   0.0109     4.5%
   126    13.9s    0.0063    70.0%    70.0%    96.4%        95%/5%/0%    2.659    0.001    30.0%     0.0%   1.2195   0.0028     4.7%
   127     7.3s    0.0079    80.0%    80.0%    97.5%        96%/3%/1%    1.815    0.003    20.0%     0.0%   1.2886   0.0033     3.9%
   128     7.7s    0.0087    85.0%    85.0%    97.1%        94%/4%/1%    1.697    0.003    15.0%     0.0%   1.2198   0.0047     1.6%
   129     2.3s    0.0212   100.0%   100.0%   100.0%        91%/8%/2%    0.649    0.004     0.0%     0.0%   0.8454  -0.0006     3.0%
   130    13.2s    0.0087    85.0%    85.0%    96.6%        93%/6%/0%    1.612    0.003    15.0%     0.0%   1.3875   0.0129     2.3%
  [MA20] reward=0.0095 task_sr=82.2% miss=17.8% time_limit=0.0% v2v=2.1%
  [RWRD] r_prog=0.0468 r_term=0.0399 r_illegal=0.0000
  [PPO ] p_loss=0.0022 v_loss=0.1215 entropy=1.3875 grad=2.8408 active=100.0%
  [SIM ] avg_power(a)=0.4988 rsu_q=0.240 tx=14 no_tx=190 deadlock=0 svc=0.000GHz idle=0.0%
   131     2.4s    0.0212   100.0%   100.0%   100.0%        91%/8%/1%    0.653    0.003     0.0%     0.0%   0.9224   0.0057     2.8%
   132     2.4s    0.0191   100.0%   100.0%   100.0%        89%/8%/2%    0.626    0.004     0.0%     0.0%   1.0099   0.0008     2.6%
   133     7.7s    0.0088    70.0%    70.0%    96.1%        95%/5%/0%    1.673     !ERR    30.0%     0.0%   1.2373   0.0094     4.3%
   134    11.8s    0.0061    70.0%    70.0%    95.1%        96%/3%/1%    2.497    0.002    30.0%     0.0%   1.1589   0.0107     2.0%
   135     6.4s    0.0071    85.0%    85.0%    99.5%        91%/8%/0%    1.592    0.006    15.0%     0.0%   1.1580   0.0035     2.5%
   136     9.7s    0.0092   100.0%   100.0%   100.0%        92%/8%/1%    1.699    0.003     0.0%     0.0%   1.1729   0.0057     2.6%
   137     7.2s    0.0082    85.0%    85.0%    97.0%        94%/6%/1%    1.673    0.002    15.0%     0.0%   1.2276   0.0046     4.1%
   138    13.4s    0.0059    65.0%    65.0%    94.1%        93%/5%/2%    2.689    0.006    35.0%     0.0%   1.2649   0.0078     8.1%
   139     7.1s    0.0087    75.0%    75.0%    96.6%        90%/6%/4%    1.794    0.007    25.0%     0.0%   1.3188   0.0093     3.7%
   140     6.1s    0.0077    95.0%    95.0%    99.5%        88%/8%/3%    1.669    0.004     5.0%     0.0%   1.3417   0.0040     3.4%
  [MA20] reward=0.0098 task_sr=83.8% miss=16.2% time_limit=0.0% v2v=1.6%
  [RWRD] r_prog=0.0339 r_term=0.0435 r_illegal=0.0000
  [PPO ] p_loss=-0.0054 v_loss=0.1420 entropy=1.3417 grad=1.6550 active=100.0%
  [SIM ] avg_power(a)=0.5002 rsu_q=0.286 tx=22 no_tx=167 deadlock=0 svc=0.000GHz idle=0.0%

    Ep    Wall    R/step     T_SR     V_SR     S_SR            L/R/V   Lat(s)       En     Miss      Ill      Ent       KL     Clip
--------------------------------------------------------------------------------------------------------------------------------
   141    11.5s    0.0061    70.0%    70.0%    95.7%        89%/8%/3%    2.555    0.012    30.0%     0.0%   1.3817   0.0141     4.2%
   142    24.2s    0.0042    45.0%    45.0%    88.3%       80%/17%/3%    2.549    0.015    55.0%     0.0%   1.6332   0.0159     6.3%
   143     2.2s    0.0190   100.0%   100.0%   100.0%       84%/15%/2%    0.626    0.006     0.0%     0.0%   1.1238   0.0139     3.5%
   144     4.0s    0.0100    95.0%    95.0%    99.2%       75%/22%/2%    0.649    0.011     5.0%     0.0%   1.4375   0.0074     6.8%
   145     7.7s    0.0077    85.0%    85.0%    98.5%       89%/10%/1%    1.793    0.003    15.0%     0.0%   1.5125   0.0145     5.1%
   146     7.3s    0.0087    90.0%    90.0%    98.5%        94%/6%/0%    1.858    0.002    10.0%     0.0%   1.4293   0.0058     3.4%
   147     7.5s    0.0077    85.0%    85.0%    97.0%        90%/8%/2%    1.745    0.002    15.0%     0.0%   1.5603   0.0048     4.0%
   148     7.2s    0.0079    85.0%    85.0%    97.6%        93%/4%/3%    1.715    0.006    15.0%     0.0%   1.4205   0.0007     5.2%
   149     7.3s    0.0075    85.0%    85.0%    98.5%        96%/3%/1%    1.649    0.002    15.0%     0.0%   1.4686   0.0117     5.2%
   150     6.4s    0.0088    95.0%    95.0%    99.0%        93%/5%/3%    1.783    0.004     5.0%     0.0%   1.3738   0.0094     7.4%
  [MA20] reward=0.0095 task_sr=84.0% miss=16.0% time_limit=0.0% v2v=1.7%
  [RWRD] r_prog=0.0431 r_term=0.0453 r_illegal=0.0000
  [PPO ] p_loss=0.0028 v_loss=0.1323 entropy=1.3738 grad=2.9274 active=100.0%
  [SIM ] avg_power(a)=0.5017 rsu_q=0.154 tx=13 no_tx=183 deadlock=0 svc=0.000GHz idle=0.0%
   151     8.9s    0.0090    95.0%    95.0%   100.0%        94%/5%/1%    1.843    0.003     5.0%     0.0%   1.4995   0.0140    11.0%
   152     6.7s    0.0082    90.0%    90.0%    98.5%        91%/6%/3%    1.664    0.002    10.0%     0.0%   1.5379   0.0019     6.1%
   153    14.6s    0.0051    35.0%    35.0%    88.6%        97%/1%/2%    2.913    0.005    65.0%     0.0%   1.5143   0.0095     7.9%
   154    13.7s    0.0060    65.0%    65.0%    93.6%        95%/4%/1%    2.820    0.002    35.0%     0.0%   1.3380   0.0144    11.0%
   155     7.5s    0.0091    85.0%    85.0%    97.9%        92%/5%/3%    1.781    0.005    15.0%     0.0%   1.4116   0.0111     4.8%
   156    12.0s    0.0069    80.0%    80.0%    96.5%        96%/4%/1%    2.647    0.002    20.0%     0.0%   1.4299   0.0080     3.5%
   157     7.5s    0.0089    95.0%    95.0%    99.5%        90%/8%/3%    1.825    0.002     5.0%     0.0%   1.4575   0.0182     4.6%
   158     7.4s    0.0088    95.0%    95.0%   100.0%        91%/8%/2%    1.689    0.018     5.0%     0.0%   1.5423   0.0046     5.2%
   159     9.9s    0.0061    70.0%    70.0%    95.1%        94%/5%/1%    2.651    0.003    30.0%     0.0%   1.3434   0.0094     7.5%
   160     2.5s    0.0210   100.0%   100.0%   100.0%       81%/15%/5%    0.669    0.038     0.0%     0.0%   1.2132   0.0080     6.9%
  [MA20] reward=0.0088 task_sr=82.2% miss=17.7% time_limit=0.0% v2v=2.0%
  [RWRD] r_prog=0.0249 r_term=0.1850 r_illegal=0.0000
  [PPO ] p_loss=0.0033 v_loss=0.0769 entropy=1.2132 grad=3.4846 active=100.0%
  [SIM ] avg_power(a)=0.5134 rsu_q=0.444 tx=25 no_tx=106 deadlock=0 svc=0.000GHz idle=0.0%

    Ep    Wall    R/step     T_SR     V_SR     S_SR            L/R/V   Lat(s)       En     Miss      Ill      Ent       KL     Clip
--------------------------------------------------------------------------------------------------------------------------------
   161     2.1s    0.0216   100.0%   100.0%   100.0%       84%/10%/5%    0.647    0.008     0.0%     0.0%   1.0962   0.0061     9.0%
   162    14.4s    0.0056    70.0%    70.0%    94.0%        91%/8%/2%    2.258    0.008    30.0%     0.0%   1.5943   0.0031     7.6%
   163    13.6s    0.0060    65.0%    65.0%    94.6%        91%/8%/2%    2.599    0.005    35.0%     0.0%   1.5618   0.0259     9.5%
   164    12.3s    0.0068    80.0%    80.0%    96.9%        90%/8%/2%    2.521    0.005    20.0%     0.0%   1.4758   0.0088     9.6%
   165     6.3s    0.0079    80.0%    80.0%    96.9%       89%/11%/0%    1.486    0.008    20.0%     0.0%   1.5053   0.0104     6.8%
   166     7.7s    0.0095    95.0%    95.0%    98.5%       81%/18%/1%    1.541    0.011     5.0%     0.0%   1.5132   0.0104     8.0%
   167     2.5s    0.0190   100.0%   100.0%   100.0%       80%/16%/4%    0.669    0.018     0.0%     0.0%   1.2394   0.0075     5.9%
   168    12.9s    0.0058    75.0%    75.0%    96.8%       89%/11%/0%    2.263    0.005    25.0%     0.0%   1.5174   0.0035     5.5%
   169     2.3s    0.0236   100.0%   100.0%   100.0%       78%/19%/3%    0.671    0.020     0.0%     0.0%   0.9190   0.0152     7.2%
   170     7.5s    0.0087    95.0%    95.0%    98.5%       88%/11%/1%    1.704    0.005     5.0%     0.0%   1.4874   0.0032     7.4%
  [MA20] reward=0.0102 task_sr=83.5% miss=16.5% time_limit=0.0% v2v=2.0%
  [RWRD] r_prog=0.0410 r_term=0.0464 r_illegal=0.0000
  [PPO ] p_loss=-0.0002 v_loss=0.1304 entropy=1.4874 grad=2.6039 active=100.0%
  [SIM ] avg_power(a)=0.5005 rsu_q=0.192 tx=25 no_tx=176 deadlock=0 svc=0.000GHz idle=0.0%
   171     5.7s    0.0074    90.0%    90.0%    94.5%       77%/22%/2%    0.796    0.051    10.0%     0.0%   1.7851   0.0095     7.2%
   172     2.4s    0.0193   100.0%   100.0%   100.0%       74%/22%/4%    0.674    0.034     0.0%     0.0%   1.2140   0.0031     4.9%
   173     4.1s    0.0083    95.0%    95.0%    97.7%       75%/19%/6%    0.743    0.037     5.0%     0.0%   1.6956   0.0123     7.8%
   174     3.4s    0.0083    95.0%    95.0%    97.6%       77%/17%/6%    0.696    0.032     5.0%     0.0%   1.5781   0.0185     9.7%
   175     6.8s    0.0079    90.0%    90.0%    94.2%       78%/18%/4%    0.834    0.145    10.0%     0.0%   1.6512   0.0091    12.1%
   176     3.2s    0.0174   100.0%   100.0%   100.0%       77%/19%/4%    0.726    0.042     0.0%     0.0%   1.0587   0.0084     9.5%
   177     6.2s    0.0077    85.0%    85.0%    98.5%       88%/10%/2%    1.746    0.005    15.0%     0.0%   1.0863   0.0130    13.2%
   178     2.7s    0.0196   100.0%   100.0%   100.0%       74%/25%/1%    0.736    0.073     0.0%     0.0%   0.8156   0.0070     5.1%
   179     7.9s    0.0078    85.0%    85.0%    97.5%       85%/14%/2%    1.871    0.031    15.0%     0.0%   1.1419   0.0245    12.5%
   180     8.3s    0.0075    80.0%    80.0%    96.6%       88%/11%/1%    1.682    0.012    20.0%     0.0%   1.4036   0.0060    14.0%
  [MA20] reward=0.0113 task_sr=89.0% miss=11.0% time_limit=0.0% v2v=2.6%
  [RWRD] r_prog=0.0444 r_term=0.0309 r_illegal=0.0000
  [PPO ] p_loss=0.0171 v_loss=0.0845 entropy=1.4036 grad=2.0522 active=100.0%
  [SIM ] avg_power(a)=0.4976 rsu_q=0.286 tx=25 no_tx=178 deadlock=0 svc=0.000GHz idle=0.0%

    Ep    Wall    R/step     T_SR     V_SR     S_SR            L/R/V   Lat(s)       En     Miss      Ill      Ent       KL     Clip
--------------------------------------------------------------------------------------------------------------------------------
   181    14.9s    0.0074    65.0%    65.0%    94.9%       86%/14%/1%    1.909    0.072    35.0%     0.0%   1.5703   0.0157     7.6%
   182    21.4s    0.0049    65.0%    65.0%    94.6%        92%/6%/1%    2.394    0.014    35.0%     0.0%   1.5651   0.0252     9.4%
   183     7.6s    0.0085    85.0%    85.0%    98.1%        92%/8%/0%    1.713    0.002    15.0%     0.0%   1.3540   0.0125     4.6%
   184     7.2s    0.0089    95.0%    95.0%   100.0%       90%/10%/0%    1.742    0.003     5.0%     0.0%   1.4157   0.0176     9.1%
   185    11.6s    0.0070    95.0%    95.0%    98.8%        92%/7%/1%    2.422    0.004     5.0%     0.0%   1.3954   0.0055     8.2%
   186     3.1s    0.0210   100.0%   100.0%   100.0%       85%/10%/5%    0.666    0.015     0.0%     0.0%   1.0194   0.0185     6.4%
   187     7.6s    0.0086    95.0%    95.0%    99.5%        90%/8%/2%    1.661    0.005     5.0%     0.0%   1.5079   0.0085     9.9%
   188     2.4s    0.0211   100.0%   100.0%   100.0%        86%/8%/6%    0.683    0.035     0.0%     0.0%   1.0123   0.0042     5.7%
   189     7.5s    0.0091    90.0%    90.0%    97.6%        92%/7%/1%    1.613    0.003    10.0%     0.0%   1.4948   0.0094     7.0%
   190     6.9s    0.0100    95.0%    95.0%    99.0%        92%/7%/1%    1.676    0.004     5.0%     0.0%   1.4296   0.0066     6.5%
  [MA20] reward=0.0109 task_sr=90.2% miss=9.8% time_limit=0.0% v2v=2.5%
  [RWRD] r_prog=0.0502 r_term=0.0501 r_illegal=0.0000
  [PPO ] p_loss=0.0196 v_loss=0.1210 entropy=1.4296 grad=1.5003 active=100.0%
  [SIM ] avg_power(a)=0.4964 rsu_q=0.000 tx=15 no_tx=181 deadlock=0 svc=0.000GHz idle=0.0%
   191     7.6s    0.0110   100.0%   100.0%   100.0%        91%/8%/0%    1.583    0.004     0.0%     0.0%   1.3292   0.0147     4.3%
   192     2.1s    0.0191   100.0%   100.0%   100.0%       86%/14%/0%    0.603    0.005     0.0%     0.0%   1.0667   0.0142     6.4%
   193     2.1s    0.0192   100.0%   100.0%   100.0%       86%/13%/1%    0.630    0.008     0.0%     0.0%   0.9825   0.0031     4.7%
   194    13.8s    0.0064    55.0%    55.0%    90.4%        97%/3%/0%    2.705     !ERR    45.0%     0.0%   1.2824   0.0081    12.3%
   195     2.3s    0.0213   100.0%   100.0%   100.0%       90%/10%/0%    0.625    0.005     0.0%     0.0%   0.8035   0.0062     6.0%
   196    12.8s    0.0082    90.0%    90.0%    97.4%        94%/6%/0%    2.574    0.002    10.0%     0.0%   1.1196   0.0048     4.8%
   197     2.1s    0.0236   100.0%   100.0%   100.0%        93%/6%/1%    0.626    0.003     0.0%     0.0%   0.7024   0.0114     8.9%
   198     7.0s    0.0093   100.0%   100.0%   100.0%        93%/7%/0%    1.703    0.002     0.0%     0.0%   1.2267   0.0091     4.8%
   199     8.4s    0.0083    95.0%    95.0%   100.0%        92%/8%/0%    1.690    0.002     5.0%     0.0%   1.3034   0.0082     4.8%
   200     7.0s    0.0093    90.0%    90.0%    97.3%        91%/8%/1%    1.826    0.003    10.0%     0.0%   1.2591   0.0125     5.1%
  [MA20] reward=0.0121 task_sr=90.8% miss=9.2% time_limit=0.0% v2v=1.0%
  [RWRD] r_prog=0.0519 r_term=0.0409 r_illegal=0.0000
  [PPO ] p_loss=-0.0199 v_loss=0.1106 entropy=1.2591 grad=1.2502 active=100.0%
  [SIM ] avg_power(a)=0.5075 rsu_q=0.000 tx=16 no_tx=168 deadlock=0 svc=0.000GHz idle=0.0%
  [Checkpoint] saved: ep0200.pth

    Ep    Wall    R/step     T_SR     V_SR     S_SR            L/R/V   Lat(s)       En     Miss      Ill      Ent       KL     Clip
--------------------------------------------------------------------------------------------------------------------------------
   201     6.4s    0.0090    95.0%    95.0%    99.0%        93%/7%/0%    1.605    0.004     5.0%     0.0%   1.1936   0.0084     6.6%
   202     2.2s    0.0242   100.0%   100.0%   100.0%        90%/9%/1%    0.621    0.004     0.0%     0.0%   0.7007   0.0117     4.1%
   203     6.9s    0.0095   100.0%   100.0%   100.0%        94%/5%/1%    1.881    0.003     0.0%     0.0%   1.2129   0.0082     2.9%
   204    13.6s    0.0056    65.0%    65.0%    93.9%        97%/2%/1%    2.844    0.002    35.0%     0.0%   1.2323   0.0053     5.2%
   205    10.5s    0.0086   100.0%   100.0%   100.0%        93%/6%/1%    1.679    0.003     0.0%     0.0%   1.3629   0.0002     5.7%
   206     7.5s    0.0085    90.0%    90.0%    99.0%        94%/5%/0%    1.709    0.001    10.0%     0.0%   1.2004   0.0005     4.6%
   207     7.7s    0.0077    85.0%    85.0%    99.0%        93%/7%/0%    1.609    0.002    15.0%     0.0%   1.2720   0.0047     3.4%
   208     7.9s    0.0093   100.0%   100.0%   100.0%        92%/7%/1%    1.715    0.001     0.0%     0.0%   1.2715   0.0081     6.4%
   209     1.8s    0.0239   100.0%   100.0%   100.0%        92%/8%/0%    0.581    0.004     0.0%     0.0%   0.7041   0.0044     4.1%
   210     7.0s    0.0088    90.0%    90.0%    98.5%        94%/5%/1%    1.868    0.003    10.0%     0.0%   1.0916   0.0096     4.8%
  [MA20] reward=0.0126 task_sr=92.7% miss=7.2% time_limit=0.0% v2v=0.5%
  [RWRD] r_prog=0.0477 r_term=0.0400 r_illegal=0.0000
  [PPO ] p_loss=0.0003 v_loss=0.1520 entropy=1.0916 grad=1.9152 active=100.0%
  [SIM ] avg_power(a)=0.5011 rsu_q=0.154 tx=13 no_tx=192 deadlock=0 svc=0.000GHz idle=0.0%
   211     2.2s    0.0217   100.0%   100.0%   100.0%       89%/10%/1%    0.652    0.004     0.0%     0.0%   0.7924   0.0046     5.8%
   212    12.4s    0.0084    95.0%    95.0%    99.5%        92%/8%/0%    1.702    0.002     5.0%     0.0%   1.3894   0.0054     4.9%
   213     7.2s    0.0083    85.0%    85.0%    97.4%        93%/6%/2%    1.606    0.002    15.0%     0.0%   1.1961   0.0052     3.6%
   214     7.1s    0.0085    90.0%    90.0%    98.0%        93%/7%/0%    1.768    0.002    10.0%     0.0%   1.0999   0.0021     4.1%
   215     2.6s    0.0237   100.0%   100.0%   100.0%       87%/12%/1%    0.606    0.016     0.0%     0.0%   0.7596   0.0159     4.3%
   216    13.3s    0.0063    70.0%    70.0%    95.5%        96%/4%/0%    2.720    0.001    30.0%     0.0%   1.1827   0.0039     5.7%
   217     2.5s    0.0237   100.0%   100.0%   100.0%       86%/13%/1%    0.585    0.009     0.0%     0.0%   0.7422   0.0101     4.8%
   218     7.0s    0.0090    90.0%    90.0%    97.9%        94%/5%/1%    1.704    0.002    10.0%     0.0%   1.1904   0.0074     3.5%
   219     1.9s    0.0239   100.0%   100.0%   100.0%       86%/13%/1%    0.593    0.012     0.0%     0.0%   0.7330   0.0010     2.7%
   220    20.0s    0.0059    65.0%    65.0%    91.8%        97%/3%/0%    2.757     !ERR    35.0%     0.0%   1.4034   0.0123     4.6%
  [MA20] reward=0.0127 task_sr=91.0% miss=9.0% time_limit=0.0% v2v=0.6%
  [RWRD] r_prog=0.0481 r_term=0.0109 r_illegal=0.0000
  [PPO ] p_loss=-0.0035 v_loss=0.2406 entropy=1.4034 grad=3.2483 active=100.0%
  [SIM ] avg_power(a)=0.4938 rsu_q=0.231 tx=8 no_tx=248 deadlock=0 svc=0.000GHz idle=0.0%

    Ep    Wall    R/step     T_SR     V_SR     S_SR            L/R/V   Lat(s)       En     Miss      Ill      Ent       KL     Clip
--------------------------------------------------------------------------------------------------------------------------------
   221     7.8s    0.0092    95.0%    95.0%   100.0%        91%/9%/0%    1.832    0.003     5.0%     0.0%   1.2214   0.0028     3.4%
   222     7.7s    0.0076    80.0%    80.0%    97.6%        93%/6%/0%    1.696    0.001    20.0%     0.0%   1.3592   0.0010     3.9%
   223     7.4s    0.0089    90.0%    90.0%    98.5%        93%/7%/0%    1.673    0.002    10.0%     0.0%   1.2331   0.0062     3.7%
   224     6.9s    0.0081    85.0%    85.0%    98.0%        91%/9%/0%    1.573    0.002    15.0%     0.0%   1.3480   0.0008     6.7%
   225     2.2s    0.0214   100.0%   100.0%   100.0%       87%/13%/0%    0.656    0.008     0.0%     0.0%   0.8407   0.0244     4.6%
   226     2.1s    0.0211   100.0%   100.0%   100.0%       83%/17%/0%    0.626    0.009     0.0%     0.0%   0.9224   0.0279    11.7%
   227     2.6s    0.0189   100.0%   100.0%   100.0%       73%/24%/3%    0.689    0.042     0.0%     0.0%   1.0574   0.0037     8.7%
   228     6.6s    0.0077    90.0%    90.0%    99.0%       82%/14%/3%    1.737    0.031    10.0%     0.0%   1.3159   0.0403    17.8%
   229    12.6s    0.0067    65.0%    65.0%    94.9%       78%/22%/0%    1.832    0.093    35.0%     0.0%   1.3950   0.0212     9.4%
   230     8.4s    0.0081    90.0%    90.0%    99.0%       81%/19%/1%    1.911    0.069    10.0%     0.0%   1.2285   0.0200    11.7%
  [MA20] reward=0.0128 task_sr=89.5% miss=10.5% time_limit=0.0% v2v=0.6%
  [RWRD] r_prog=0.0430 r_term=0.0376 r_illegal=0.0000
  [PPO ] p_loss=0.0013 v_loss=0.1921 entropy=1.2285 grad=4.8751 active=100.0%
  [SIM ] avg_power(a)=0.4660 rsu_q=0.630 tx=37 no_tx=157 deadlock=0 svc=0.000GHz idle=0.0%
   231     3.9s    0.0089    95.0%    95.0%    99.3%       67%/32%/1%    0.820    0.030     5.0%     0.0%   1.3663   0.0202    19.1%
   232     2.8s    0.0166   100.0%   100.0%   100.0%       68%/32%/0%    0.802    0.077     0.0%     0.0%   0.9215   0.0122     8.5%
   233     8.3s    0.0078    90.0%    90.0%    99.0%       78%/21%/0%    1.859    0.028    10.0%     0.0%   1.4323   0.0108    13.2%
   234    15.8s    0.0052    55.0%    55.0%    87.9%       80%/20%/0%    2.138    0.135    45.0%     0.0%   1.4300   0.0159     9.6%
   235    15.2s    0.0052    75.0%    75.0%    95.4%       71%/28%/1%    2.664    0.041    25.0%     0.0%   1.6156   0.0250    14.5%
   236     7.3s    0.0081    90.0%    90.0%    97.6%       70%/29%/1%    1.694    0.041    10.0%     0.0%   1.3104   0.0368    17.5%
   237     4.4s    0.0079    95.0%    95.0%    97.1%       66%/32%/2%    0.791    0.030     5.0%     0.0%   1.6519   0.0083    13.4%
   238    13.5s    0.0067    65.0%    65.0%    90.2%       74%/25%/2%    1.954    0.080    35.0%     0.0%   1.8641   0.0217    17.7%
   239     2.5s    0.0177   100.0%   100.0%   100.0%       62%/38%/0%    0.726    0.045     0.0%     0.0%   1.2776   0.0458    18.9%
   240     8.9s    0.0063    80.0%    80.0%    89.4%       36%/61%/3%    1.760    0.067    20.0%     0.0%   1.5851   0.0221    20.9%
  [MA20] reward=0.0104 task_sr=87.0% miss=13.0% time_limit=0.0% v2v=0.9%
  [RWRD] r_prog=0.0316 r_term=0.0310 r_illegal=0.0000
  [PPO ] p_loss=0.0004 v_loss=0.2611 entropy=1.5851 grad=2.3155 active=100.0%
  [SIM ] avg_power(a)=0.4478 rsu_q=2.630 tx=125 no_tx=70 deadlock=0 svc=0.000GHz idle=0.0%

    Ep    Wall    R/step     T_SR     V_SR     S_SR            L/R/V   Lat(s)       En     Miss      Ill      Ent       KL     Clip
--------------------------------------------------------------------------------------------------------------------------------
   241     7.0s    0.0074    95.0%    95.0%    99.0%       40%/58%/2%    1.542    0.051     5.0%     0.0%   1.6444   0.0164    18.7%
   242     6.9s    0.0087    95.0%    95.0%    98.0%       44%/54%/2%    1.658    0.049     5.0%     0.0%   1.4780   0.0441    15.6%
   243    12.6s    0.0055    85.0%    85.0%    96.5%       53%/46%/0%    2.511    0.051    15.0%     0.0%   1.5308   0.0202    15.5%
   244     7.9s    0.0075    85.0%    85.0%    94.9%       50%/49%/1%    1.769    0.079    15.0%     0.0%   1.5180   0.0242    11.8%
   245     3.2s    0.0076    95.0%    95.0%    99.2%       64%/33%/3%    0.698    0.022     5.0%     0.0%   1.6470   0.0169    14.8%
   246     9.8s    0.0070    90.0%    90.0%    94.2%       66%/30%/4%    0.929    0.047    10.0%     0.0%   2.0530   0.0260    14.1%
   247     7.6s    0.0096    95.0%    95.0%    99.0%       58%/36%/6%    1.793    0.032     5.0%     0.0%   1.6435   0.0269    14.6%
   248     6.7s    0.0094    95.0%    95.0%    98.9%       63%/35%/3%    1.645    0.029     5.0%     0.0%   1.6366   0.0344    13.4%
   249     7.0s    0.0094   100.0%   100.0%   100.0%       61%/36%/3%    1.673    0.042     0.0%     0.0%   1.4988   0.0080    12.9%
   250     2.5s    0.0173   100.0%   100.0%   100.0%       64%/32%/4%    0.670    0.023     0.0%     0.0%   1.5009   0.0444    21.0%
  [MA20] reward=0.0090 task_sr=89.0% miss=11.0% time_limit=0.0% v2v=1.9%
  [RWRD] r_prog=0.0217 r_term=0.1515 r_illegal=0.0000
  [PPO ] p_loss=0.0014 v_loss=0.0209 entropy=1.5009 grad=2.0919 active=100.0%
  [SIM ] avg_power(a)=0.4806 rsu_q=0.727 tx=43 no_tx=83 deadlock=0 svc=0.000GHz idle=0.0%
   251     8.2s    0.0069    95.0%    95.0%    96.5%       39%/52%/9%    1.671    0.055     5.0%     0.0%   1.7721   0.0426    23.4%
   252    16.3s    0.0045    85.0%    85.0%    93.0%       31%/61%/7%    2.229    0.058    15.0%     0.0%   1.8606   0.0229    21.4%
   253     7.0s    0.0072    90.0%    90.0%    96.5%       46%/46%/7%    1.559    0.045    10.0%     0.0%   1.6792   0.0241    14.9%
   254     7.3s    0.0110   100.0%   100.0%   100.0%       34%/59%/7%    1.627    0.075     0.0%     0.0%   1.6140  -0.0019    18.6%
   255     8.2s    0.0066    85.0%    85.0%    91.7%       23%/72%/6%    1.555    0.063    15.0%     0.0%   1.7161   0.0317    16.9%
   256    12.7s    0.0050    90.0%    90.0%    96.2%       20%/76%/4%    2.261    0.070    10.0%     0.0%   1.6686   0.0189    15.7%
   257    14.6s    0.0066    70.0%    70.0%    85.1%       26%/67%/7%    1.519    0.055    30.0%     0.0%   2.0468   0.0282    20.8%
   258     7.2s    0.0074    95.0%    95.0%    96.4%       30%/63%/7%    1.425    0.051     5.0%     0.0%   1.7419   0.0234    22.9%
   259     7.0s    0.0084    95.0%    95.0%    98.0%       54%/39%/7%    1.672    0.045     5.0%     0.0%   1.6888   0.0154    19.9%
   260     9.2s    0.0046    70.0%    70.0%    83.5%       61%/31%/8%    1.746    0.225    30.0%     0.0%   1.8645   0.0204    18.0%
  [MA20] reward=0.0079 task_sr=90.5% miss=9.5% time_limit=0.0% v2v=4.8%
  [RWRD] r_prog=0.0235 r_term=0.0222 r_illegal=0.0000
  [PPO ] p_loss=0.0052 v_loss=0.3684 entropy=1.8645 grad=3.5862 active=100.0%
  [SIM ] avg_power(a)=0.4925 rsu_q=0.704 tx=70 no_tx=108 deadlock=0 svc=0.000GHz idle=0.0%

    Ep    Wall    R/step     T_SR     V_SR     S_SR            L/R/V   Lat(s)       En     Miss      Ill      Ent       KL     Clip
--------------------------------------------------------------------------------------------------------------------------------
   261    12.7s    0.0048    65.0%    65.0%    83.8%      52%/36%/12%    1.751    0.066    35.0%     0.0%   1.9251   0.0233    19.8%
   262     7.9s    0.0066    85.0%    85.0%    90.4%      65%/25%/10%    1.780    0.188    15.0%     0.0%   1.7002   0.0328    19.6%
   263     7.4s    0.0085    90.0%    90.0%    96.9%       61%/33%/6%    1.729    0.051    10.0%     0.0%   1.8413   0.0232    19.5%
   264     3.5s    0.0072    95.0%    95.0%    96.9%      52%/36%/11%    0.674    0.041     5.0%     0.0%   1.8453   0.0146    19.5%
   265     8.6s    0.0076    95.0%    95.0%    99.5%      48%/38%/13%    1.923    0.078     5.0%     0.0%   1.8838   0.0190    21.8%
   266     6.4s    0.0085    95.0%    95.0%    99.5%       62%/35%/2%    1.526    0.034     5.0%     0.0%   1.6411   0.0051    16.8%
   267    15.6s    0.0038    55.0%    55.0%    84.8%       69%/25%/6%    1.556    0.178    45.0%     0.0%   2.2703   0.0172    18.0%
   268    14.9s    0.0044    60.0%    60.0%    90.2%       74%/20%/6%    1.760    0.183    40.0%     0.0%   2.0261   0.0094    15.3%
   269    12.8s    0.0073    95.0%    95.0%    99.3%       72%/25%/3%    2.424    0.035     5.0%     0.0%   1.6634   0.0251    15.5%
   270     9.0s    0.0100    95.0%    95.0%    98.5%       83%/15%/2%    1.757    0.009     5.0%     0.0%   1.7503   0.0148    15.5%
  [MA20] reward=0.0068 task_sr=85.2% miss=14.8% time_limit=0.0% v2v=7.1%
  [RWRD] r_prog=0.0505 r_term=0.0491 r_illegal=0.0000
  [PPO ] p_loss=-0.0215 v_loss=0.1645 entropy=1.7503 grad=3.8172 active=100.0%
  [SIM ] avg_power(a)=0.4977 rsu_q=0.417 tx=32 no_tx=166 deadlock=0 svc=0.000GHz idle=0.0%
   271     2.2s    0.0211   100.0%   100.0%   100.0%       82%/17%/1%    0.635    0.010     0.0%     0.0%   1.0837   0.0267    15.9%
   272     1.9s    0.0211   100.0%   100.0%   100.0%        90%/9%/1%    0.592    0.002     0.0%     0.0%   0.9027  -0.0024    10.0%
   273    11.6s    0.0061    65.0%    65.0%    94.6%       88%/12%/0%    2.873    0.007    35.0%     0.0%   1.6034   0.0343    20.4%
   274     6.2s    0.0093   100.0%   100.0%   100.0%       82%/17%/1%    1.640    0.010     0.0%     0.0%   1.4081   0.0258    17.1%
   275    17.7s    0.0070    85.0%    85.0%    98.1%       83%/17%/0%    2.432    0.010    15.0%     0.0%   1.6715   0.0150    14.8%
   276    12.6s    0.0056    75.0%    75.0%    95.0%       85%/14%/1%    1.695    0.006    25.0%     0.0%   1.6810   0.0152    14.9%
   277     7.1s    0.0082    95.0%    95.0%    99.0%       88%/11%/1%    1.616    0.005     5.0%     0.0%   1.4002   0.0211    14.6%
   278    15.2s    0.0065    85.0%    85.0%    98.4%       84%/16%/0%    2.335    0.005    15.0%     0.0%   1.6244   0.0212    17.7%
   279     7.5s    0.0091    90.0%    90.0%    99.0%       82%/18%/0%    1.695    0.007    10.0%     0.0%   1.5031   0.0190     9.8%
   280    12.0s    0.0061    65.0%    65.0%    94.5%       79%/20%/1%    2.511    0.012    35.0%     0.0%   1.5704   0.0188    12.5%
  [MA20] reward=0.0084 task_sr=84.5% miss=15.5% time_limit=0.0% v2v=3.9%
  [RWRD] r_prog=0.0479 r_term=0.0132 r_illegal=0.0000
  [PPO ] p_loss=0.0342 v_loss=0.1954 entropy=1.5704 grad=1.9817 active=100.0%
  [SIM ] avg_power(a)=0.5116 rsu_q=0.471 tx=52 no_tx=198 deadlock=0 svc=0.000GHz idle=0.0%

    Ep    Wall    R/step     T_SR     V_SR     S_SR            L/R/V   Lat(s)       En     Miss      Ill      Ent       KL     Clip
--------------------------------------------------------------------------------------------------------------------------------
   281     7.8s    0.0083    90.0%    90.0%    99.0%       85%/15%/0%    1.648    0.007    10.0%     0.0%   1.4994   0.0040     7.9%
   282    15.0s    0.0055    80.0%    80.0%    95.8%       75%/24%/1%    2.365    0.014    20.0%     0.0%   1.7808   0.0287    20.3%
   283     2.2s    0.0213   100.0%   100.0%   100.0%       88%/11%/1%    0.655    0.011     0.0%     0.0%   0.9598   0.0310    10.1%
   284    13.2s    0.0077    90.0%    90.0%    98.9%       82%/18%/0%    2.489    0.012    10.0%     0.0%   1.5380   0.0152    12.1%
   285     7.4s    0.0077    85.0%    85.0%    98.5%       88%/11%/1%    1.695    0.004    15.0%     0.0%   1.6340   0.0093     9.1%
   286     7.1s    0.0096    95.0%    95.0%    99.5%       80%/19%/1%    1.675    0.017     5.0%     0.0%   1.5965   0.0093     9.5%
   287     2.3s    0.0241   100.0%   100.0%   100.0%       86%/13%/1%    0.673    0.008     0.0%     0.0%   0.6895   0.0195     7.3%
   288     7.2s    0.0078    90.0%    90.0%    99.0%        92%/7%/0%    1.596    0.003    10.0%     0.0%   1.4362   0.0190    16.2%
   289     6.6s    0.0084    95.0%    95.0%    99.0%       88%/11%/1%    1.682    0.010     5.0%     0.0%   1.4319   0.0169    11.7%
   290    13.0s    0.0060    70.0%    70.0%    95.0%       84%/15%/1%    2.596    0.012    30.0%     0.0%   1.4829   0.0181    12.7%
  [MA20] reward=0.0103 task_sr=87.8% miss=12.2% time_limit=0.0% v2v=0.6%
  [RWRD] r_prog=0.0448 r_term=0.0150 r_illegal=0.0000
  [PPO ] p_loss=-0.0127 v_loss=0.1357 entropy=1.4829 grad=1.9014 active=100.0%
  [SIM ] avg_power(a)=0.5173 rsu_q=0.432 tx=41 no_tx=214 deadlock=0 svc=0.000GHz idle=0.0%
   291    26.1s    0.0048    60.0%    60.0%    89.1%       67%/32%/1%    2.499    0.044    40.0%     0.0%   2.0014   0.0305    17.5%
   292     6.7s    0.0093   100.0%   100.0%   100.0%       77%/23%/0%    1.607    0.009     0.0%     0.0%   1.4632   0.0074    10.1%
   293     2.0s    0.0211   100.0%   100.0%   100.0%       86%/14%/0%    0.649    0.009     0.0%     0.0%   0.7571  -0.0042     6.0%
   294     7.4s    0.0085    90.0%    90.0%    98.0%       86%/13%/0%    1.593    0.003    10.0%     0.0%   1.4825   0.0283    16.4%
   295     6.6s    0.0100    95.0%    95.0%    99.0%       84%/16%/1%    1.539    0.008     5.0%     0.0%   1.5367   0.0138     7.0%
   296     6.2s    0.0091    95.0%    95.0%    99.5%       89%/11%/0%    1.651    0.002     5.0%     0.0%   1.3931   0.0044     8.2%
   297     2.4s    0.0213   100.0%   100.0%   100.0%       90%/10%/0%    0.647    0.003     0.0%     0.0%   0.8423   0.0217     9.1%
   298     8.3s    0.0090    90.0%    90.0%    98.0%       83%/16%/1%    1.773    0.012    10.0%     0.0%   1.5755   0.0227    11.4%
   299    10.3s    0.0070    85.0%    85.0%    99.0%       71%/28%/1%    1.590    0.031    15.0%     0.0%   1.7176   0.0220    10.3%
   300     6.6s    0.0102   100.0%   100.0%   100.0%       74%/25%/1%    1.594    0.017     0.0%     0.0%   1.5840   0.0064     7.7%
  [MA20] reward=0.0108 task_sr=90.5% miss=9.5% time_limit=0.0% v2v=0.5%
  [RWRD] r_prog=0.0406 r_term=0.0617 r_illegal=0.0000
  [PPO ] p_loss=-0.0126 v_loss=0.0548 entropy=1.5840 grad=4.0223 active=100.0%
  [SIM ] avg_power(a)=0.4990 rsu_q=0.636 tx=49 no_tx=143 deadlock=0 svc=0.000GHz idle=0.0%
  [Checkpoint] saved: ep0300.pth

    Ep    Wall    R/step     T_SR     V_SR     S_SR            L/R/V   Lat(s)       En     Miss      Ill      Ent       KL     Clip
--------------------------------------------------------------------------------------------------------------------------------
   301     2.3s    0.0213   100.0%   100.0%   100.0%       78%/21%/1%    0.660    0.030     0.0%     0.0%   0.8897   0.0161     6.3%
   302     3.3s    0.0210   100.0%   100.0%   100.0%       86%/14%/0%    0.659    0.019     0.0%     0.0%   0.9766   0.0319    10.2%
   303    13.9s    0.0067    90.0%    90.0%    97.1%       70%/29%/1%    1.700    0.043    10.0%     0.0%   2.0353   0.0093    13.7%
   304     9.4s    0.0102   100.0%   100.0%   100.0%       63%/36%/1%    1.581    0.068     0.0%     0.0%   1.5512   0.0132    11.6%
   305     6.3s    0.0086   100.0%   100.0%   100.0%       71%/27%/1%    1.540    0.014     0.0%     0.0%   1.4349   0.0240    12.4%
   306     6.1s    0.0088    95.0%    95.0%    99.5%       87%/13%/0%    1.536    0.008     5.0%     0.0%   1.4681   0.0017     8.4%
   307     7.8s    0.0098    95.0%    95.0%    98.5%       89%/11%/1%    1.716    0.011     5.0%     0.0%   1.4872   0.0027     7.0%
   308     2.6s    0.0210   100.0%   100.0%   100.0%       86%/13%/1%    0.646    0.008     0.0%     0.0%   0.9334   0.0093    10.4%
   309     7.3s    0.0084   100.0%   100.0%   100.0%       90%/10%/0%    1.701    0.003     0.0%     0.0%   1.4873   0.0098    10.4%
   310     2.0s    0.0210   100.0%   100.0%   100.0%       88%/12%/0%    0.660    0.013     0.0%     0.0%   0.8335   0.0166     6.9%
  [MA20] reward=0.0124 task_sr=94.8% miss=5.3% time_limit=0.0% v2v=0.5%
  [RWRD] r_prog=0.0238 r_term=0.1866 r_illegal=0.0000
  [PPO ] p_loss=0.0106 v_loss=0.0270 entropy=0.8335 grad=2.6675 active=100.0%
  [SIM ] avg_power(a)=0.4959 rsu_q=1.000 tx=15 no_tx=115 deadlock=0 svc=0.000GHz idle=0.0%
   311    12.1s    0.0063    80.0%    80.0%    97.3%       85%/14%/0%    2.633    0.007    20.0%     0.0%   1.3867   0.0055    16.8%
   312     7.7s    0.0069    70.0%    70.0%    97.6%        90%/9%/0%    1.863    0.007    30.0%     0.0%   1.4396   0.0195    12.5%
   313     6.4s    0.0083    95.0%    95.0%    99.5%       88%/12%/1%    1.597    0.009     5.0%     0.0%   1.5379   0.0104    11.2%
   314     2.3s    0.0214   100.0%   100.0%   100.0%       84%/15%/1%    0.658    0.025     0.0%     0.0%   0.8928   0.0066     6.8%
   315     6.4s    0.0088    95.0%    95.0%    99.5%       82%/16%/2%    1.532    0.009     5.0%     0.0%   1.4706   0.0226    13.3%
   316     7.5s    0.0092    90.0%    90.0%    99.5%       82%/18%/0%    1.728    0.020    10.0%     0.0%   1.3812   0.0184    11.1%
   317     6.8s    0.0102   100.0%   100.0%   100.0%       85%/15%/0%    1.718    0.011     0.0%     0.0%   1.3373   0.0092    12.3%
   318    13.8s    0.0058    65.0%    65.0%    94.2%       82%/17%/1%    2.551    0.010    35.0%     0.0%   1.6599   0.0171    16.5%
   319     7.4s    0.0093    95.0%    95.0%    99.0%       87%/13%/0%    1.699    0.006     5.0%     0.0%   1.5226   0.0036    11.6%
   320     2.4s    0.0215   100.0%   100.0%   100.0%       85%/15%/0%    0.630    0.008     0.0%     0.0%   0.8084   0.0184     9.1%
  [MA20] reward=0.0122 task_sr=93.5% miss=6.5% time_limit=0.0% v2v=0.5%
  [RWRD] r_prog=0.0277 r_term=0.1873 r_illegal=0.0000
  [PPO ] p_loss=-0.0061 v_loss=0.0181 entropy=0.8084 grad=3.5724 active=100.0%
  [SIM ] avg_power(a)=0.5021 rsu_q=0.444 tx=20 no_tx=112 deadlock=0 svc=0.000GHz idle=0.0%

    Ep    Wall    R/step     T_SR     V_SR     S_SR            L/R/V   Lat(s)       En     Miss      Ill      Ent       KL     Clip
--------------------------------------------------------------------------------------------------------------------------------
   321     3.0s    0.0237   100.0%   100.0%   100.0%       90%/10%/0%    0.638    0.006     0.0%     0.0%   0.7877   0.0055     7.2%
   322     2.5s    0.0214   100.0%   100.0%   100.0%       83%/17%/1%    0.659    0.023     0.0%     0.0%   1.0773   0.0247    18.2%
   323     8.6s    0.0092    95.0%    95.0%    99.0%       75%/20%/4%    1.833    0.059     5.0%     0.0%   1.6146   0.0147    11.6%
   324    12.6s    0.0058    60.0%    60.0%    93.8%       78%/18%/4%    2.637    0.029    40.0%     0.0%   1.5647   0.0216    16.4%
   325     2.7s    0.0211   100.0%   100.0%   100.0%       74%/24%/2%    0.721    0.033     0.0%     0.0%   1.0203   0.0093     6.8%
   326     2.5s    0.0192   100.0%   100.0%   100.0%       82%/16%/2%    0.688    0.033     0.0%     0.0%   1.0499   0.0208     9.9%
   327     8.2s    0.0092    95.0%    95.0%    98.5%       82%/14%/5%    2.012    0.040     5.0%     0.0%   1.5017   0.0270    16.1%
   328     7.5s    0.0078    90.0%    90.0%    98.0%       87%/10%/4%    1.807    0.028    10.0%     0.0%   1.5904   0.0174    14.9%
   329     6.8s    0.0084    80.0%    80.0%    97.0%        88%/8%/4%    1.772    0.034    20.0%     0.0%   1.3379   0.0184    14.6%
   330     7.2s    0.0097   100.0%   100.0%   100.0%       83%/14%/4%    1.794    0.033     0.0%     0.0%   1.4024   0.0169    14.6%
  [MA20] reward=0.0122 task_sr=90.5% miss=9.5% time_limit=0.0% v2v=1.7%
  [RWRD] r_prog=0.0456 r_term=0.0512 r_illegal=0.0000
  [PPO ] p_loss=-0.0045 v_loss=0.0952 entropy=1.4024 grad=3.5256 active=100.0%
  [SIM ] avg_power(a)=0.4775 rsu_q=0.520 tx=34 no_tx=161 deadlock=0 svc=0.000GHz idle=0.0%
   331     2.2s    0.0211   100.0%   100.0%   100.0%       87%/12%/1%    0.651    0.011     0.0%     0.0%   0.8014  -0.0058    17.2%
   332     6.9s    0.0082    95.0%    95.0%    98.5%       87%/12%/1%    1.628    0.016     5.0%     0.0%   1.4629   0.0298    21.7%
   333     2.2s    0.0214   100.0%   100.0%   100.0%       81%/17%/2%    0.635    0.025     0.0%     0.0%   0.8137   0.0097    10.8%
   334     2.2s    0.0194   100.0%   100.0%   100.0%        89%/9%/2%    0.626    0.008     0.0%     0.0%   0.6946   0.0061     8.9%
   335     7.9s    0.0092   100.0%   100.0%   100.0%       82%/17%/1%    1.946    0.020     0.0%     0.0%   1.3764   0.0224    15.7%
   336     3.5s    0.0190   100.0%   100.0%   100.0%        92%/8%/0%    0.720    0.003     0.0%     0.0%   0.9121   0.0135     9.4%
   337     7.2s    0.0086    90.0%    90.0%    98.0%       85%/12%/3%    1.830    0.024    10.0%     0.0%   1.3214   0.0306    16.8%
   338    11.6s    0.0063    65.0%    65.0%    94.6%       87%/11%/1%    2.440    0.012    35.0%     0.0%   0.9815   0.0182    15.5%
   339     2.4s    0.0194   100.0%   100.0%   100.0%       77%/23%/0%    0.663    0.026     0.0%     0.0%   0.9514   0.0234    11.9%
   340     9.3s    0.0077    75.0%    75.0%    96.0%       82%/17%/1%    1.851    0.023    25.0%     0.0%   1.4647   0.0446    20.5%
  [MA20] reward=0.0138 task_sr=92.2% miss=7.7% time_limit=0.0% v2v=2.0%
  [RWRD] r_prog=0.0500 r_term=0.0266 r_illegal=0.0000
  [PPO ] p_loss=-0.0108 v_loss=0.2384 entropy=1.4647 grad=3.7411 active=100.0%
  [SIM ] avg_power(a)=0.4649 rsu_q=0.444 tx=35 no_tx=162 deadlock=0 svc=0.000GHz idle=0.0%

    Ep    Wall    R/step     T_SR     V_SR     S_SR            L/R/V   Lat(s)       En     Miss      Ill      Ent       KL     Clip
--------------------------------------------------------------------------------------------------------------------------------
   341     6.4s    0.0102    95.0%    95.0%    99.5%       76%/21%/3%    1.655    0.034     5.0%     0.0%   1.4238   0.0125    11.1%
   342     7.3s    0.0076    90.0%    90.0%    97.1%       71%/27%/2%    1.688    0.046    10.0%     0.0%   1.5025   0.0127    13.0%
   343     8.2s    0.0071    90.0%    90.0%    96.1%       77%/17%/6%    1.614    0.113    10.0%     0.0%   1.4696   0.0155    14.0%
   344     2.3s    0.0195   100.0%   100.0%   100.0%       77%/22%/1%    0.684    0.032     0.0%     0.0%   0.9488   0.0110     8.7%
   345     7.9s    0.0082    95.0%    95.0%    97.4%       60%/36%/4%    1.585    0.032     5.0%     0.0%   1.6375   0.0328    20.1%
   346     7.4s    0.0083    95.0%    95.0%    98.5%       69%/30%/1%    1.850    0.023     5.0%     0.0%   1.5083   0.0276    16.9%
   347     7.8s    0.0090    95.0%    95.0%    99.0%       73%/26%/0%    1.715    0.032     5.0%     0.0%   1.5656   0.0103    16.4%
   348     7.4s    0.0074    90.0%    90.0%    97.3%       81%/19%/0%    1.573    0.017    10.0%     0.0%   1.5319   0.0229    20.6%
   349    13.6s    0.0053    45.0%    45.0%    93.1%        91%/9%/0%    2.696    0.004    55.0%     0.0%   1.0696   0.0162    12.1%
   350     2.1s    0.0217   100.0%   100.0%   100.0%       85%/15%/0%    0.696    0.031     0.0%     0.0%   0.7921   0.0116     9.8%
  [MA20] reward=0.0122 task_sr=91.0% miss=9.0% time_limit=0.0% v2v=1.4%
  [RWRD] r_prog=0.0320 r_term=0.1851 r_illegal=0.0000
  [PPO ] p_loss=-0.0009 v_loss=0.0624 entropy=0.7921 grad=7.6795 active=100.0%
  [SIM ] avg_power(a)=0.4736 rsu_q=0.667 tx=20 no_tx=112 deadlock=0 svc=0.000GHz idle=0.0%
   351     7.6s    0.0074    85.0%    85.0%    97.5%       84%/16%/0%    1.600    0.017    15.0%     0.0%   1.3343   0.0190    14.8%
   352     1.8s    0.0242   100.0%   100.0%   100.0%        92%/8%/0%    0.601    0.002     0.0%     0.0%   0.6559   0.0100     6.9%
   353     7.6s    0.0089    90.0%    90.0%    99.5%       86%/14%/0%    1.818    0.009    10.0%     0.0%   1.3080   0.0171    14.3%
   354     7.6s    0.0077    95.0%    95.0%    99.5%       84%/16%/0%    1.644    0.008     5.0%     0.0%   1.2399   0.0183    15.7%
   355    11.5s    0.0079    85.0%    85.0%    99.0%       88%/12%/0%    1.780    0.018    15.0%     0.0%   1.4066   0.0164    12.5%
   356     2.0s    0.0210   100.0%   100.0%   100.0%        90%/9%/1%    0.614    0.007     0.0%     0.0%   0.6173   0.0044     4.9%
   357     6.7s    0.0100    95.0%    95.0%    99.0%       87%/12%/1%    1.717    0.009     5.0%     0.0%   1.1079   0.0139    12.5%
   358    13.9s    0.0085    85.0%    85.0%    98.6%        91%/8%/1%    1.878    0.020    15.0%     0.0%   1.3986   0.0217    16.6%
   359     5.9s    0.0078    90.0%    90.0%    99.0%       86%/14%/1%    1.405    0.011    10.0%     0.0%   1.2903   0.0260    10.8%
   360     7.1s    0.0094   100.0%   100.0%   100.0%       75%/24%/1%    1.818    0.011     0.0%     0.0%   1.2576   0.0127    12.8%
  [MA20] reward=0.0109 task_sr=91.0% miss=9.0% time_limit=0.0% v2v=1.1%
  [RWRD] r_prog=0.0432 r_term=0.0511 r_illegal=0.0000
  [PPO ] p_loss=0.0392 v_loss=0.0813 entropy=1.2576 grad=3.9278 active=100.0%
  [SIM ] avg_power(a)=0.4629 rsu_q=0.760 tx=49 no_tx=150 deadlock=0 svc=0.000GHz idle=0.0%

    Ep    Wall    R/step     T_SR     V_SR     S_SR            L/R/V   Lat(s)       En     Miss      Ill      Ent       KL     Clip
--------------------------------------------------------------------------------------------------------------------------------
   361     2.7s    0.0174   100.0%   100.0%   100.0%       74%/26%/0%    0.717    0.045     0.0%     0.0%   1.0028   0.0133     7.5%
   362     2.7s    0.0195   100.0%   100.0%   100.0%       70%/29%/1%    0.701    0.051     0.0%     0.0%   0.8826   0.0269     9.8%
   363    10.0s    0.0074    85.0%    85.0%    95.0%       73%/27%/0%    1.608    0.037    15.0%     0.0%   1.3269   0.0112    11.7%
   364     6.4s    0.0089    90.0%    90.0%    98.0%       77%/23%/1%    1.611    0.033    10.0%     0.0%   1.2425   0.0275    11.2%
   365    17.0s    0.0067    85.0%    85.0%    98.8%       75%/25%/0%    2.520    0.022    15.0%     0.0%   1.1012   0.0110    13.3%
   366    13.4s    0.0078    95.0%    95.0%    99.2%       75%/24%/0%    2.617    0.014     5.0%     0.0%   0.9659   0.0351    12.0%
   367     7.5s    0.0099   100.0%   100.0%   100.0%       82%/18%/0%    1.826    0.025     0.0%     0.0%   1.3256   0.0105     9.4%
   368     6.6s    0.0086    95.0%    95.0%    97.0%       76%/24%/0%    0.850    0.058     5.0%     0.0%   1.5925   0.0121     6.4%
   369    11.7s    0.0082   100.0%   100.0%   100.0%       74%/25%/0%    2.376    0.019     0.0%     0.0%   0.9094   0.0219    12.8%
   370    11.4s    0.0080    90.0%    90.0%    97.2%       85%/14%/1%    2.588    0.007    10.0%     0.0%   1.0919   0.0209    10.5%
  [MA20] reward=0.0108 task_sr=93.2% miss=6.8% time_limit=0.0% v2v=0.4%
  [RWRD] r_prog=0.0492 r_term=0.0303 r_illegal=0.0000
  [PPO ] p_loss=0.0157 v_loss=0.0989 entropy=1.0919 grad=2.2612 active=100.0%
  [SIM ] avg_power(a)=0.4859 rsu_q=0.212 tx=36 no_tx=212 deadlock=0 svc=0.000GHz idle=0.0%
   371    22.3s    0.0067    85.0%    85.0%    98.5%       85%/14%/1%    2.618    0.012    15.0%     0.0%   1.1328   0.0187    11.8%
   372     7.8s    0.0094    95.0%    95.0%   100.0%       85%/15%/0%    1.736    0.007     5.0%     0.0%   1.1546   0.0130     7.6%
   373     2.2s    0.0213   100.0%   100.0%   100.0%       80%/20%/0%    0.641    0.027     0.0%     0.0%   0.7767   0.0066     6.1%
   374     3.0s    0.0213   100.0%   100.0%   100.0%       85%/15%/0%    0.628    0.018     0.0%     0.0%   0.7631   0.0027     8.0%
   375     6.6s    0.0099   100.0%   100.0%   100.0%       87%/13%/0%    1.690    0.007     0.0%     0.0%   1.1914   0.0117     8.0%
   376     4.3s    0.0182   100.0%   100.0%   100.0%       81%/19%/0%    0.692    0.030     0.0%     0.0%   1.1796   0.0320    15.2%
   377     6.7s    0.0081    90.0%    90.0%    99.5%       76%/24%/1%    1.700    0.014    10.0%     0.0%   1.3519   0.0214    10.2%
   378     8.7s    0.0079    85.0%    85.0%    99.0%       84%/15%/0%    1.659    0.008    15.0%     0.0%   1.4567   0.0108     6.6%
   379     7.7s    0.0087    95.0%    95.0%   100.0%       83%/16%/0%    1.592    0.011     5.0%     0.0%   1.3145   0.0041    15.5%
   380    13.3s    0.0093    95.0%    95.0%    99.5%       90%/10%/0%    1.763    0.014     5.0%     0.0%   1.4127   0.0050     5.9%
  [MA20] reward=0.0112 task_sr=94.2% miss=5.8% time_limit=0.0% v2v=0.3%
  [RWRD] r_prog=0.0463 r_term=0.0471 r_illegal=0.0000
  [PPO ] p_loss=0.0086 v_loss=0.1144 entropy=1.4127 grad=1.4043 active=100.0%
  [SIM ] avg_power(a)=0.4720 rsu_q=0.400 tx=21 no_tx=185 deadlock=0 svc=0.000GHz idle=0.0%

    Ep    Wall    R/step     T_SR     V_SR     S_SR            L/R/V   Lat(s)       En     Miss      Ill      Ent       KL     Clip
--------------------------------------------------------------------------------------------------------------------------------
   381     2.1s    0.0215   100.0%   100.0%   100.0%       80%/20%/1%    0.632    0.022     0.0%     0.0%   0.8789   0.0101     8.4%
   382     6.2s    0.0089    90.0%    90.0%    96.9%       88%/12%/0%    1.471    0.012    10.0%     0.0%   1.3410   0.0100     7.2%
   383    12.2s    0.0061    65.0%    65.0%    94.2%        94%/6%/0%    2.565    0.003    35.0%     0.0%   1.3731   0.0095     9.5%
   384     6.4s    0.0097   100.0%   100.0%   100.0%       89%/11%/0%    1.745    0.008     0.0%     0.0%   1.2247   0.0080     4.6%
   385    11.9s    0.0066    80.0%    80.0%    96.0%       90%/10%/0%    2.590    0.006    20.0%     0.0%   1.3764   0.0064     6.5%
   386    13.5s    0.0062    60.0%    60.0%    93.4%       89%/11%/0%    2.811    0.004    40.0%     0.0%   1.4477   0.0175     7.6%
   387    21.8s    0.0075    90.0%    90.0%    97.0%        93%/7%/0%    2.634    0.005    10.0%     0.0%   1.5626   0.0046     8.1%
   388     8.8s    0.0090   100.0%   100.0%   100.0%       88%/11%/1%    1.622    0.014     0.0%     0.0%   1.4505   0.0172     7.4%
   389     4.6s    0.0205   100.0%   100.0%   100.0%       87%/13%/0%    0.705    0.040     0.0%     0.0%   1.0113   0.0201     9.9%
   390    16.9s    0.0072    75.0%    75.0%    96.4%       89%/11%/0%    2.805    0.008    25.0%     0.0%   1.4373   0.0128    10.0%
  [MA20] reward=0.0112 task_sr=90.3% miss=9.8% time_limit=0.0% v2v=0.2%
  [RWRD] r_prog=0.0548 r_term=0.0169 r_illegal=0.0000
  [PPO ] p_loss=0.0034 v_loss=0.2504 entropy=1.4373 grad=2.3858 active=100.0%
  [SIM ] avg_power(a)=0.4784 rsu_q=0.417 tx=27 no_tx=220 deadlock=0 svc=0.000GHz idle=0.0%
   391    13.9s    0.0069    75.0%    75.0%    95.8%       89%/11%/0%    2.757    0.004    25.0%     0.0%   1.3630   0.0161     6.8%
   392     7.3s    0.0080    85.0%    85.0%    99.0%       89%/11%/0%    1.788    0.004    15.0%     0.0%   1.3022   0.0163     6.9%
   393     6.4s    0.0085    95.0%    95.0%    99.5%       84%/16%/0%    1.573    0.009     5.0%     0.0%   1.2399   0.0131     8.1%
   394    14.4s    0.0081   100.0%   100.0%   100.0%       77%/23%/0%    2.445    0.014     0.0%     0.0%   1.1891   0.0163    10.3%
   395     3.0s    0.0192   100.0%   100.0%   100.0%       78%/22%/0%    0.720    0.038     0.0%     0.0%   0.8678   0.0121     9.3%
   396     9.1s    0.0097    95.0%    95.0%    99.5%       86%/14%/1%    1.603    0.017     5.0%     0.0%   1.2656   0.0060     6.4%
   397     2.4s    0.0214   100.0%   100.0%   100.0%       80%/20%/0%    0.649    0.039     0.0%     0.0%   0.8890   0.0373    12.6%
   398     7.0s    0.0096   100.0%   100.0%   100.0%       81%/19%/0%    1.804    0.010     0.0%     0.0%   1.3302   0.0135     5.5%
   399     2.7s    0.0194   100.0%   100.0%   100.0%       81%/19%/0%    0.659    0.037     0.0%     0.0%   0.9922   0.0157    10.2%
   400    11.7s    0.0067    85.0%    85.0%    97.6%       76%/24%/0%    2.604    0.013    15.0%     0.0%   1.3451   0.0172    12.4%
  [MA20] reward=0.0110 task_sr=89.8% miss=10.2% time_limit=0.0% v2v=0.1%
  [RWRD] r_prog=0.0424 r_term=0.0247 r_illegal=0.0000
  [PPO ] p_loss=0.0042 v_loss=0.1357 entropy=1.3451 grad=2.2528 active=100.0%
  [SIM ] avg_power(a)=0.4967 rsu_q=0.583 tx=61 no_tx=189 deadlock=0 svc=0.000GHz idle=0.0%
  [Checkpoint] saved: ep0400.pth

    Ep    Wall    R/step     T_SR     V_SR     S_SR            L/R/V   Lat(s)       En     Miss      Ill      Ent       KL     Clip
--------------------------------------------------------------------------------------------------------------------------------
   401     5.8s    0.0101   100.0%   100.0%   100.0%       81%/18%/0%    1.578    0.019     0.0%     0.0%   1.1449   0.0077     9.6%
   402     7.7s    0.0086    95.0%    95.0%    99.0%       72%/28%/0%    1.741    0.022     5.0%     0.0%   1.2803   0.0274    20.0%
   403    21.6s    0.0059    70.0%    70.0%    96.0%       72%/26%/1%    2.411    0.034    30.0%     0.0%   1.3888   0.0113    11.7%
   404     6.6s    0.0102   100.0%   100.0%   100.0%       77%/23%/1%    1.582    0.021     0.0%     0.0%   1.1400   0.0156     7.7%
   405     6.7s    0.0090    95.0%    95.0%    99.0%       82%/18%/0%    1.591    0.017     5.0%     0.0%   1.0942   0.0144     8.4%
   406     7.8s    0.0087    95.0%    95.0%    99.5%       79%/21%/0%    1.646    0.021     5.0%     0.0%   1.1467   0.0332    18.4%
   407    13.3s    0.0087    95.0%    95.0%    99.5%       85%/15%/0%    1.847    0.028     5.0%     0.0%   1.2706   0.0166     6.3%
   408     6.7s    0.0097   100.0%   100.0%   100.0%       85%/15%/0%    1.739    0.020     0.0%     0.0%   1.0760   0.0100     8.7%
   409     7.3s    0.0093    90.0%    90.0%    98.0%       81%/19%/0%    1.492    0.016    10.0%     0.0%   1.2418   0.0140     7.6%
   410     8.9s    0.0087    85.0%    85.0%    97.5%       87%/13%/0%    1.699    0.036    15.0%     0.0%   1.1783   0.0101     5.3%
  [MA20] reward=0.0103 task_sr=93.0% miss=7.0% time_limit=0.0% v2v=0.1%
  [RWRD] r_prog=0.0482 r_term=0.0388 r_illegal=0.0000
  [PPO ] p_loss=-9.67e-05 v_loss=0.1575 entropy=1.1783 grad=1.0648 active=100.0%
  [SIM ] avg_power(a)=0.4909 rsu_q=0.760 tx=26 no_tx=169 deadlock=0 svc=0.000GHz idle=0.0%
   411    16.7s    0.0072    90.0%    90.0%    98.1%       88%/12%/0%    2.809    0.015    10.0%     0.0%   1.2425   0.0137     6.3%
   412    13.2s    0.0076    90.0%    90.0%    98.8%       84%/16%/0%    2.546    0.013    10.0%     0.0%   1.3195   0.0176     8.3%
   413     7.1s    0.0101   100.0%   100.0%   100.0%       81%/19%/0%    1.535    0.016     0.0%     0.0%   1.2050   0.0094     6.2%
   414     7.3s    0.0085    95.0%    95.0%   100.0%       86%/14%/0%    1.778    0.005     5.0%     0.0%   1.3855   0.0120     8.6%
   415     2.5s    0.0175   100.0%   100.0%   100.0%       81%/19%/1%    0.682    0.023     0.0%     0.0%   1.0848   0.0038     7.8%
   416     2.3s    0.0193   100.0%   100.0%   100.0%       80%/20%/0%    0.670    0.035     0.0%     0.0%   1.0370   0.0261     4.7%
   417    13.1s    0.0061    80.0%    80.0%    98.8%       79%/20%/1%    2.640    0.020    20.0%     0.0%   1.5697   0.0076     4.8%
   418    10.5s    0.0091   100.0%   100.0%   100.0%       84%/13%/2%    1.723    0.040     0.0%     0.0%   1.5427   0.0120     4.6%
   419    24.6s    0.0065    70.0%    70.0%    96.6%       86%/13%/0%    2.804    0.009    30.0%     0.0%   1.7424   0.0116     6.9%
   420    10.2s    0.0085    90.0%    90.0%    98.5%       87%/12%/1%    1.721    0.006    10.0%     0.0%   1.6019   0.0075     3.9%
  [MA20] reward=0.0095 task_sr=92.0% miss=8.0% time_limit=0.0% v2v=0.4%
  [RWRD] r_prog=0.0432 r_term=0.0423 r_illegal=0.0000
  [PPO ] p_loss=0.0009 v_loss=0.1627 entropy=1.6019 grad=3.9108 active=100.0%
  [SIM ] avg_power(a)=0.5156 rsu_q=0.462 tx=25 no_tx=176 deadlock=0 svc=0.000GHz idle=0.0%

    Ep    Wall    R/step     T_SR     V_SR     S_SR            L/R/V   Lat(s)       En     Miss      Ill      Ent       KL     Clip
--------------------------------------------------------------------------------------------------------------------------------
   421    13.3s    0.0083    90.0%    90.0%    99.0%       86%/14%/0%    1.856    0.011    10.0%     0.0%   1.6970   0.0094     4.9%
   422    14.7s    0.0073    85.0%    85.0%    95.5%       86%/14%/0%    2.636    0.009    15.0%     0.0%   1.4491   0.0098    12.9%
   423    10.1s    0.0092    90.0%    90.0%    98.6%       86%/14%/0%    1.604    0.010    10.0%     0.0%   1.4459   0.0100     3.2%
   424    24.2s    0.0065    70.0%    70.0%    94.1%        91%/8%/0%    2.593    0.004    30.0%     0.0%   1.6848   0.0140     4.1%
   425     8.5s    0.0079    90.0%    90.0%    99.0%       87%/12%/1%    1.663    0.008    10.0%     0.0%   1.3760   0.0054     8.9%
   426     8.5s    0.0096    90.0%    90.0%    99.0%       86%/12%/1%    1.785    0.010    10.0%     0.0%   1.3352   0.0094     5.6%
   427     2.9s    0.0215   100.0%   100.0%   100.0%       88%/12%/0%    0.626    0.014     0.0%     0.0%   0.9972   0.0146     3.8%
   428     7.2s    0.0079    95.0%    95.0%    99.0%        92%/8%/0%    1.685    0.002     5.0%     0.0%   1.1954   0.0142     6.6%
   429     2.3s    0.0213   100.0%   100.0%   100.0%       90%/10%/0%    0.665    0.008     0.0%     0.0%   0.8080   0.0068     5.9%
   430     7.1s    0.0085    85.0%    85.0%    97.6%        93%/7%/0%    1.635    0.005    15.0%     0.0%   1.1329   0.0055     6.6%
  [MA20] reward=0.0104 task_sr=90.5% miss=9.5% time_limit=0.0% v2v=0.5%
  [RWRD] r_prog=0.0469 r_term=0.0378 r_illegal=0.0000
  [PPO ] p_loss=-0.0006 v_loss=0.1471 entropy=1.1329 grad=2.1507 active=100.0%
  [SIM ] avg_power(a)=0.4881 rsu_q=0.192 tx=15 no_tx=187 deadlock=0 svc=0.000GHz idle=0.0%
   431    12.7s    0.0079    85.0%    85.0%    97.6%        93%/7%/0%    1.808    0.004    15.0%     0.0%   1.2791   0.0078     5.7%
   432     2.6s    0.0211   100.0%   100.0%   100.0%       88%/12%/0%    0.671    0.006     0.0%     0.0%   0.7843  -0.0016     4.8%
   433     6.2s    0.0103   100.0%   100.0%   100.0%       79%/21%/0%    1.596    0.021     0.0%     0.0%   1.1711   0.0064     6.0%
   434     2.7s    0.0213   100.0%   100.0%   100.0%       81%/18%/1%    0.678    0.027     0.0%     0.0%   0.7596   0.0232    10.3%
   435     9.5s    0.0085    90.0%    90.0%    99.5%        91%/9%/0%    1.723    0.005    10.0%     0.0%   1.0671   0.0169     8.6%
   436     2.6s    0.0189   100.0%   100.0%   100.0%       83%/17%/0%    0.675    0.009     0.0%     0.0%   0.8997   0.0019     8.5%
   437    23.2s    0.0077    95.0%    95.0%    99.2%       77%/23%/0%    2.589    0.022     5.0%     0.0%   1.2525   0.0141     8.4%
   438     3.9s    0.0240   100.0%   100.0%   100.0%       83%/17%/0%    0.653    0.020     0.0%     0.0%   0.7932   0.0064     7.6%
   439    10.9s    0.0073   100.0%   100.0%   100.0%       66%/33%/0%    2.508    0.024     0.0%     0.0%   1.1114   0.0084     9.6%
   440     2.7s    0.0188   100.0%   100.0%   100.0%       79%/21%/0%    0.692    0.028     0.0%     0.0%   0.9301   0.0269     8.4%
  [MA20] reward=0.0127 task_sr=93.2% miss=6.8% time_limit=0.0% v2v=0.3%
  [RWRD] r_prog=0.0222 r_term=0.1658 r_illegal=0.0000
  [PPO ] p_loss=0.0112 v_loss=0.0152 entropy=0.9301 grad=2.4847 active=100.0%
  [SIM ] avg_power(a)=0.5023 rsu_q=0.800 tx=28 no_tx=103 deadlock=0 svc=0.000GHz idle=0.0%

    Ep    Wall    R/step     T_SR     V_SR     S_SR            L/R/V   Lat(s)       En     Miss      Ill      Ent       KL     Clip
--------------------------------------------------------------------------------------------------------------------------------
   441    12.0s    0.0077    95.0%    95.0%    99.2%       64%/36%/0%    2.508    0.021     5.0%     0.0%   1.1247   0.0340    10.9%
   442    13.0s    0.0103   100.0%   100.0%   100.0%       88%/12%/0%    1.562    0.008     0.0%     0.0%   1.3090   0.0084     7.0%
   443     7.2s    0.0096   100.0%   100.0%   100.0%       83%/17%/0%    1.740    0.007     0.0%     0.0%   1.1895   0.0150    10.8%
   444    12.9s    0.0067    80.0%    80.0%    96.4%       84%/16%/0%    2.676    0.010    20.0%     0.0%   1.2263   0.0186     7.7%
   445     7.2s    0.0091   100.0%   100.0%   100.0%       86%/14%/0%    1.765    0.005     0.0%     0.0%   1.2743   0.0197     9.5%
   446     6.5s    0.0090   100.0%   100.0%   100.0%       76%/24%/0%    1.729    0.038     0.0%     0.0%   1.3174   0.0213     5.9%
   447     7.5s    0.0104   100.0%   100.0%   100.0%       86%/14%/0%    1.656    0.007     0.0%     0.0%   1.3078   0.0117     5.3%
   448    12.2s    0.0079    95.0%    95.0%    98.8%       90%/10%/0%    2.533    0.006     5.0%     0.0%   1.3867   0.0119     3.7%
   449     7.0s    0.0098   100.0%   100.0%   100.0%       85%/15%/0%    1.720    0.009     0.0%     0.0%   1.3228 -2.87e-05     3.8%
   450     8.8s    0.0091    95.0%    95.0%   100.0%       81%/19%/0%    1.747    0.011     5.0%     0.0%   1.4472   0.0140     5.2%
  [MA20] reward=0.0118 task_sr=96.8% miss=3.3% time_limit=0.0% v2v=0.1%
  [RWRD] r_prog=0.0455 r_term=0.0460 r_illegal=0.0000
  [PPO ] p_loss=-0.0010 v_loss=0.0761 entropy=1.4472 grad=1.2183 active=100.0%
  [SIM ] avg_power(a)=0.5076 rsu_q=0.731 tx=38 no_tx=159 deadlock=0 svc=0.000GHz idle=0.0%
   451     7.4s    0.0097   100.0%   100.0%   100.0%       84%/16%/0%    1.651    0.009     0.0%     0.0%   1.3215   0.0043     4.2%
   452    12.6s    0.0076    90.0%    90.0%    99.2%       80%/20%/0%    2.546    0.012    10.0%     0.0%   1.4637   0.0053     7.5%
   453     2.5s    0.0213   100.0%   100.0%   100.0%       78%/22%/1%    0.679    0.037     0.0%     0.0%   0.8242   0.0072     5.0%
   454     7.5s    0.0100   100.0%   100.0%   100.0%       82%/18%/0%    1.757    0.009     0.0%     0.0%   1.4459   0.0118     6.1%
   455     2.1s    0.0242   100.0%   100.0%   100.0%       80%/20%/0%    0.585    0.024     0.0%     0.0%   0.8242   0.0092     2.5%
   456    13.8s    0.0070    85.0%    85.0%    99.3%       87%/13%/0%    2.703    0.005    15.0%     0.0%   1.5365   0.0020     5.8%
   457     2.1s    0.0193   100.0%   100.0%   100.0%       79%/21%/0%    0.645    0.021     0.0%     0.0%   0.9806   0.0100     4.3%
   458    15.9s    0.0062    70.0%    70.0%    93.9%       89%/11%/0%    2.736    0.004    30.0%     0.0%   1.5491   0.0180     5.5%
   459     6.5s    0.0078    80.0%    80.0%    97.9%       88%/12%/1%    1.547    0.005    20.0%     0.0%   1.4368   0.0104     5.1%
   460     3.0s    0.0159   100.0%   100.0%   100.0%       74%/24%/1%    0.759    0.044     0.0%     0.0%   1.0675   0.0275     7.3%
  [MA20] reward=0.0109 task_sr=94.5% miss=5.5% time_limit=0.0% v2v=0.2%
  [RWRD] r_prog=0.0221 r_term=0.1368 r_illegal=0.0000
  [PPO ] p_loss=-0.0014 v_loss=0.0285 entropy=1.0675 grad=1.0501 active=100.0%
  [SIM ] avg_power(a)=0.4699 rsu_q=0.583 tx=37 no_tx=106 deadlock=0 svc=0.000GHz idle=0.0%

    Ep    Wall    R/step     T_SR     V_SR     S_SR            L/R/V   Lat(s)       En     Miss      Ill      Ent       KL     Clip
--------------------------------------------------------------------------------------------------------------------------------
   461     2.8s    0.0213   100.0%   100.0%   100.0%       80%/20%/0%    0.618    0.021     0.0%     0.0%   1.0533   0.0238     5.9%
   462     2.1s    0.0213   100.0%   100.0%   100.0%       78%/21%/1%    0.610    0.016     0.0%     0.0%   0.9406   0.0121     7.9%
   463    13.5s    0.0077    80.0%    80.0%    96.0%        91%/9%/0%    2.837    0.004    20.0%     0.0%   1.4387   0.0101     6.9%
   464    11.4s    0.0069    80.0%    80.0%    97.6%        91%/9%/0%    2.750    0.004    20.0%     0.0%   1.3588   0.0174     8.7%
   465    12.7s    0.0068    80.0%    80.0%    97.5%        91%/9%/0%    2.589    0.005    20.0%     0.0%   1.3837   0.0180    12.4%
   466     2.4s    0.0190   100.0%   100.0%   100.0%       73%/25%/2%    0.666    0.046     0.0%     0.0%   1.0449   0.0242     8.2%
   467    11.5s    0.0096   100.0%   100.0%   100.0%       86%/14%/0%    1.647    0.013     0.0%     0.0%   1.7218   0.0100    12.1%
   468     6.9s    0.0105   100.0%   100.0%   100.0%       83%/17%/0%    1.770    0.011     0.0%     0.0%   1.2936   0.0223    12.9%
   469     7.4s    0.0091    95.0%    95.0%    99.5%       82%/18%/0%    1.741    0.011     5.0%     0.0%   1.4252   0.0164    10.9%
   470     7.3s    0.0099    95.0%    95.0%    99.5%       78%/22%/1%    1.776    0.015     5.0%     0.0%   1.4727   0.0228    12.8%
  [MA20] reward=0.0125 task_sr=92.7% miss=7.3% time_limit=0.0% v2v=0.4%
  [RWRD] r_prog=0.0497 r_term=0.0490 r_illegal=0.0000
  [PPO ] p_loss=-0.0175 v_loss=0.1126 entropy=1.4727 grad=2.9822 active=100.0%
  [SIM ] avg_power(a)=0.4656 rsu_q=0.667 tx=43 no_tx=151 deadlock=0 svc=0.000GHz idle=0.0%
   471     2.6s    0.0160   100.0%   100.0%   100.0%       83%/17%/0%    0.714    0.019     0.0%     0.0%   1.1298   0.0088     8.1%
   472     2.6s    0.0192   100.0%   100.0%   100.0%       79%/21%/0%    0.745    0.038     0.0%     0.0%   0.9817   0.0057    13.8%
   473    12.7s    0.0079    85.0%    85.0%    98.5%        92%/8%/0%    1.607    0.004    15.0%     0.0%   1.9394   0.0217    15.0%
   474     7.7s    0.0071    80.0%    80.0%    97.6%       74%/26%/0%    1.737    0.023    20.0%     0.0%   1.4207   0.0226    16.2%
   475    11.5s    0.0091   100.0%   100.0%   100.0%       53%/47%/0%    2.265    0.046     0.0%     0.0%   1.4516   0.0262    18.9%
   476     6.4s    0.0107   100.0%   100.0%   100.0%       86%/14%/0%    1.632    0.012     0.0%     0.0%   1.2632   0.0029    13.1%
   477     2.1s    0.0190   100.0%   100.0%   100.0%       85%/15%/0%    0.639    0.008     0.0%     0.0%   0.9575   0.0137    11.0%
   478     6.7s    0.0101   100.0%   100.0%   100.0%       77%/23%/0%    1.549    0.015     0.0%     0.0%   1.4354   0.0058    12.9%
   479     7.3s    0.0072    95.0%    95.0%    99.5%       74%/26%/0%    1.558    0.023     5.0%     0.0%   1.4970   0.0128    16.7%
   480     7.5s    0.0089    95.0%    95.0%    99.0%       68%/31%/1%    1.603    0.034     5.0%     0.0%   1.4551   0.0238    14.8%
  [MA20] reward=0.0119 task_sr=94.2% miss=5.8% time_limit=0.0% v2v=0.3%
  [RWRD] r_prog=0.0392 r_term=0.0493 r_illegal=0.0000
  [PPO ] p_loss=0.0085 v_loss=0.0870 entropy=1.4551 grad=1.0680 active=100.0%
  [SIM ] avg_power(a)=0.4589 rsu_q=1.160 tx=63 no_tx=134 deadlock=0 svc=0.000GHz idle=0.0%
  → Best model saved: sr=0.949 miss=0.051 tl=0.000 cft=1.598 illegal=0.000

    Ep    Wall    R/step     T_SR     V_SR     S_SR            L/R/V   Lat(s)       En     Miss      Ill      Ent       KL     Clip
--------------------------------------------------------------------------------------------------------------------------------
   481     9.9s    0.0095   100.0%   100.0%   100.0%       65%/35%/0%    1.714    0.055     0.0%     0.0%   1.5618   0.0264    14.2%
   482     2.8s    0.0192   100.0%   100.0%   100.0%       83%/15%/1%    0.686    0.030     0.0%     0.0%   1.0002  -0.0036    11.9%
   483     8.4s    0.0092   100.0%   100.0%   100.0%       84%/15%/1%    1.812    0.017     0.0%     0.0%   1.4022   0.0237    15.2%
   484     6.4s    0.0082   100.0%   100.0%   100.0%       87%/13%/0%    1.618    0.009     0.0%     0.0%   1.4654   0.0249    14.6%
   485     2.7s    0.0216   100.0%   100.0%   100.0%        90%/9%/1%    0.670    0.028     0.0%     0.0%   0.8351   0.0133     8.6%
   486    12.1s    0.0051    60.0%    60.0%    94.3%       85%/15%/0%    2.680    0.028    40.0%     0.0%   1.3306   0.0122    14.5%
   487     6.9s    0.0091    90.0%    90.0%    99.0%       81%/19%/0%    1.712    0.034    10.0%     0.0%   1.3844   0.0098    13.0%
   488     3.0s    0.0177   100.0%   100.0%   100.0%       75%/25%/0%    0.726    0.035     0.0%     0.0%   1.0478   0.0161     7.0%
   489    14.4s    0.0076   100.0%   100.0%   100.0%       62%/37%/1%    2.690    0.062     0.0%     0.0%   1.5750   0.0164    16.2%
   490     6.9s    0.0081    90.0%    90.0%    98.5%       73%/25%/3%    1.603    0.027    10.0%     0.0%   1.4863   0.0137    13.5%
  [MA20] reward=0.0115 task_sr=94.8% miss=5.3% time_limit=0.0% v2v=0.4%
  [RWRD] r_prog=0.0379 r_term=0.0434 r_illegal=0.0000
  [PPO ] p_loss=0.0099 v_loss=0.1086 entropy=1.4863 grad=2.7893 active=100.0%
  [SIM ] avg_power(a)=0.4601 rsu_q=0.654 tx=53 no_tx=145 deadlock=0 svc=0.000GHz idle=0.0%
   491     8.3s    0.0093    95.0%    95.0%    99.5%       80%/18%/2%    1.654    0.041     5.0%     0.0%   1.5426   0.0196    12.2%
   492    12.8s    0.0067    85.0%    85.0%    97.6%       73%/26%/2%    2.642    0.046    15.0%     0.0%   1.4879   0.0159    14.9%
   493     2.5s    0.0176   100.0%   100.0%   100.0%       73%/26%/1%    0.754    0.043     0.0%     0.0%   0.9751   0.0177     7.3%
   494     8.5s    0.0097   100.0%   100.0%   100.0%       78%/21%/1%    1.611    0.028     0.0%     0.0%   1.5192   0.0060    10.8%
   495     2.2s    0.0212   100.0%   100.0%   100.0%       77%/23%/1%    0.637    0.022     0.0%     0.0%   0.8829   0.0265     9.9%
   496    10.8s    0.0097   100.0%   100.0%   100.0%       86%/13%/1%    1.722    0.039     0.0%     0.0%   1.6273   0.0087     8.4%
   497     7.4s    0.0096    95.0%    95.0%    99.5%       72%/28%/0%    1.791    0.035     5.0%     0.0%   1.5336   0.0139     8.8%
   498     5.9s    0.0141   100.0%   100.0%   100.0%       71%/29%/1%    1.017    0.143     0.0%     0.0%   1.2990   0.0206    11.2%
   499     8.0s    0.0085    95.0%    95.0%    99.0%       65%/35%/0%    1.834    0.048     5.0%     0.0%   1.3323   0.0212    15.0%
   500     8.3s    0.0099   100.0%   100.0%   100.0%       68%/32%/0%    1.692    0.054     0.0%     0.0%   1.4485   0.0402    14.1%
  [MA20] reward=0.0116 task_sr=95.5% miss=4.5% time_limit=0.0% v2v=0.7%
  [RWRD] r_prog=0.0414 r_term=0.0576 r_illegal=0.0000
  [PPO ] p_loss=0.0523 v_loss=0.0456 entropy=1.4485 grad=2.0856 active=100.0%
  [SIM ] avg_power(a)=0.4746 rsu_q=2.348 tx=67 no_tx=140 deadlock=0 svc=0.000GHz idle=0.0%
  [Checkpoint] saved: ep0500.pth

    Ep    Wall    R/step     T_SR     V_SR     S_SR            L/R/V   Lat(s)       En     Miss      Ill      Ent       KL     Clip
--------------------------------------------------------------------------------------------------------------------------------
   501     2.6s    0.0193   100.0%   100.0%   100.0%       74%/26%/0%    0.713    0.049     0.0%     0.0%   0.9654   0.0155     7.8%
   502    12.6s    0.0073    90.0%    90.0%    98.9%       78%/22%/0%    2.521    0.018    10.0%     0.0%   1.2366   0.0298    14.7%
   503     7.1s    0.0089    90.0%    90.0%    99.5%       84%/15%/2%    1.844    0.017    10.0%     0.0%   1.3918   0.0102    10.5%
   504     2.8s    0.0214   100.0%   100.0%   100.0%       81%/18%/1%    0.724    0.040     0.0%     0.0%   0.8034   0.0060     6.3%
   505     2.7s    0.0192   100.0%   100.0%   100.0%       79%/20%/1%    0.687    0.024     0.0%     0.0%   0.9960   0.0156     6.4%
   506    11.9s    0.0072    75.0%    75.0%    97.2%       84%/16%/0%    2.597    0.008    25.0%     0.0%   1.4167   0.0187    12.7%
   507     6.8s    0.0097    95.0%    95.0%    99.5%       82%/18%/0%    1.807    0.022     5.0%     0.0%   1.2929   0.0101     9.1%
   508     2.3s    0.0179   100.0%   100.0%   100.0%       78%/22%/0%    0.694    0.033     0.0%     0.0%   0.9783   0.0147     9.6%
   509     7.0s    0.0095   100.0%   100.0%   100.0%       85%/15%/0%    1.657    0.009     0.0%     0.0%   1.3887   0.0168     9.8%
   510     7.2s    0.0076    90.0%    90.0%    99.5%       88%/12%/0%    1.579    0.005    10.0%     0.0%   1.3963   0.0182     9.5%
  [MA20] reward=0.0122 task_sr=95.5% miss=4.5% time_limit=0.0% v2v=0.5%
  [RWRD] r_prog=0.0364 r_term=0.0398 r_illegal=0.0000
  [PPO ] p_loss=-0.0097 v_loss=0.1005 entropy=1.3963 grad=1.5498 active=100.0%
  [SIM ] avg_power(a)=0.4617 rsu_q=0.103 tx=25 no_tx=178 deadlock=0 svc=0.000GHz idle=0.0%
   511     3.6s    0.0163   100.0%   100.0%   100.0%       82%/18%/0%    0.750    0.066     0.0%     0.0%   1.1146   0.0138    10.2%
   512    12.8s    0.0074    85.0%    85.0%    98.9%       81%/19%/0%    2.674    0.013    15.0%     0.0%   1.3477   0.0036    13.7%
   513     7.9s    0.0082    85.0%    85.0%    99.0%       88%/12%/0%    1.643    0.012    15.0%     0.0%   1.4338   0.0145     8.7%
   514     6.6s    0.0095   100.0%   100.0%   100.0%       86%/14%/0%    1.666    0.007     0.0%     0.0%   1.3846   0.0320     8.7%
   515    12.5s    0.0077    90.0%    90.0%    97.6%       84%/16%/0%    2.489    0.015    10.0%     0.0%   1.3454   0.0107     8.9%
   516    12.1s    0.0078   100.0%   100.0%   100.0%       66%/34%/0%    2.547    0.020     0.0%     0.0%   1.5340   0.0113     9.9%
   517     2.2s    0.0215   100.0%   100.0%   100.0%       73%/27%/0%    0.654    0.031     0.0%     0.0%   0.8429   0.0039     7.1%
   518     6.9s    0.0100    95.0%    95.0%    99.5%       81%/19%/0%    1.792    0.018     5.0%     0.0%   1.3274   0.0191     4.1%
   519    12.4s    0.0070    90.0%    90.0%    98.5%       83%/17%/0%    2.464    0.012    10.0%     0.0%   1.3845   0.0112     7.9%
   520    13.6s    0.0072    90.0%    90.0%    98.8%       78%/22%/0%    2.605    0.016    10.0%     0.0%   1.5182   0.0299     8.9%
  [MA20] reward=0.0115 task_sr=93.7% miss=6.3% time_limit=0.0% v2v=0.2%
  [RWRD] r_prog=0.0425 r_term=0.0293 r_illegal=0.0000
  [PPO ] p_loss=8.11e-05 v_loss=0.1417 entropy=1.5182 grad=2.4735 active=100.0%
  [SIM ] avg_power(a)=0.4699 rsu_q=1.147 tx=54 no_tx=193 deadlock=0 svc=0.000GHz idle=0.0%

    Ep    Wall    R/step     T_SR     V_SR     S_SR            L/R/V   Lat(s)       En     Miss      Ill      Ent       KL     Clip
--------------------------------------------------------------------------------------------------------------------------------
   521     3.7s    0.0218   100.0%   100.0%   100.0%       81%/18%/1%    0.619    0.024     0.0%     0.0%   1.1126   0.0066     6.0%
   522    11.6s    0.0072    90.0%    90.0%    98.8%       80%/19%/0%    2.553    0.016    10.0%     0.0%   1.4018   0.0173     7.0%
   523    11.2s    0.0096   100.0%   100.0%   100.0%       86%/14%/1%    1.619    0.010     0.0%     0.0%   1.7291   0.0077     5.5%
   524     7.6s    0.0095   100.0%   100.0%   100.0%       83%/16%/0%    1.684    0.010     0.0%     0.0%   1.3359   0.0213     7.0%
   525     6.8s    0.0081    85.0%    85.0%    98.1%       89%/11%/0%    1.563    0.004    15.0%     0.0%   1.3724   0.0128     7.0%
   526     7.0s    0.0085   100.0%   100.0%   100.0%       83%/17%/1%    1.674    0.009     0.0%     0.0%   1.5304   0.0119     6.9%
   527     7.0s    0.0110   100.0%   100.0%   100.0%       84%/16%/0%    1.689    0.010     0.0%     0.0%   1.3859   0.0070     4.2%
   528    12.3s    0.0065    85.0%    85.0%    98.5%       85%/15%/0%    2.560    0.005    15.0%     0.0%   1.3928   0.0132     7.1%
   529     6.7s    0.0094   100.0%   100.0%   100.0%       84%/15%/1%    1.659    0.005     0.0%     0.0%   1.3695   0.0159     5.7%
   530     2.3s    0.0193   100.0%   100.0%   100.0%       77%/23%/0%    0.651    0.030     0.0%     0.0%   0.9881   0.0049     8.3%
  [MA20] reward=0.0107 task_sr=94.8% miss=5.3% time_limit=0.0% v2v=0.2%
  [RWRD] r_prog=0.0249 r_term=0.1681 r_illegal=0.0000
  [PPO ] p_loss=-0.0120 v_loss=0.0287 entropy=0.9881 grad=2.2610 active=100.0%
  [SIM ] avg_power(a)=0.4868 rsu_q=1.500 tx=28 no_tx=96 deadlock=0 svc=0.000GHz idle=0.0%
   531     7.2s    0.0099    95.0%    95.0%    99.0%       88%/12%/1%    1.766    0.006     5.0%     0.0%   1.4002   0.0083     6.4%
   532     7.1s    0.0087    90.0%    90.0%    99.0%       89%/11%/0%    1.586    0.004    10.0%     0.0%   1.4856   0.0084    11.1%
   533     6.9s    0.0106   100.0%   100.0%   100.0%       87%/13%/0%    1.547    0.007     0.0%     0.0%   1.2361   0.0031     9.5%
   534     6.2s    0.0090   100.0%   100.0%   100.0%       84%/16%/0%    1.638    0.010     0.0%     0.0%   1.3555   0.0117     9.5%
   535    13.7s    0.0070    80.0%    80.0%    97.0%       82%/17%/1%    1.758    0.008    20.0%     0.0%   1.8092   0.0215    13.4%
   536     8.3s    0.0104   100.0%   100.0%   100.0%       82%/17%/1%    1.800    0.018     0.0%     0.0%   1.4692   0.0154     8.3%
   537    11.0s    0.0068    80.0%    80.0%    98.0%       87%/12%/0%    2.567    0.007    20.0%     0.0%   1.3540   0.0242    10.1%
   538     8.7s    0.0098    95.0%    95.0%    99.5%       83%/16%/1%    1.643    0.022     5.0%     0.0%   1.4228   0.0218     9.8%
   539     7.3s    0.0097    95.0%    95.0%    99.5%       81%/19%/0%    1.778    0.012     5.0%     0.0%   1.3754   0.0105     9.1%
   540     4.5s    0.0191   100.0%   100.0%   100.0%       80%/20%/0%    0.744    0.035     0.0%     0.0%   1.0330   0.0064     4.7%
  [MA20] reward=0.0106 task_sr=94.8% miss=5.3% time_limit=0.0% v2v=0.3%
  [RWRD] r_prog=0.0260 r_term=0.1650 r_illegal=0.0000
  [PPO ] p_loss=0.0009 v_loss=0.0346 entropy=1.0330 grad=5.9065 active=100.0%
  [SIM ] avg_power(a)=0.4835 rsu_q=1.000 tx=28 no_tx=114 deadlock=0 svc=0.000GHz idle=0.0%

    Ep    Wall    R/step     T_SR     V_SR     S_SR            L/R/V   Lat(s)       En     Miss      Ill      Ent       KL     Clip
--------------------------------------------------------------------------------------------------------------------------------
   541    13.6s    0.0069    95.0%    95.0%    99.2%       74%/25%/0%    2.649    0.017     5.0%     0.0%   1.4072   0.0282    11.6%
   542     2.3s    0.0217   100.0%   100.0%   100.0%       76%/24%/0%    0.673    0.053     0.0%     0.0%   0.8594   0.0201     7.6%
   543     6.5s    0.0104   100.0%   100.0%   100.0%       74%/26%/0%    1.610    0.021     0.0%     0.0%   1.3548   0.0376     9.1%
   544     7.1s    0.0100   100.0%   100.0%   100.0%       83%/17%/0%    1.784    0.009     0.0%     0.0%   1.4307   0.0197    10.2%
   545     4.2s    0.0194   100.0%   100.0%   100.0%       79%/20%/1%    0.683    0.044     0.0%     0.0%   1.1489   0.0129     6.2%
   546     7.7s    0.0081    90.0%    90.0%    99.5%       80%/20%/0%    1.628    0.007    10.0%     0.0%   1.6038   0.0123     9.3%
   547     3.1s    0.0083    95.0%    95.0%    99.2%       73%/27%/0%    0.646    0.025     5.0%     0.0%   1.5521   0.0046     5.3%
   548     2.5s    0.0196   100.0%   100.0%   100.0%       71%/29%/0%    0.735    0.068     0.0%     0.0%   0.8194   0.0077     6.1%
   549    10.6s    0.0074   100.0%   100.0%   100.0%       73%/27%/0%    2.456    0.035     0.0%     0.0%   1.3950   0.0165     9.5%
   550     6.7s    0.0105   100.0%   100.0%   100.0%       75%/25%/0%    1.730    0.040     0.0%     0.0%   1.3172   0.0099     9.2%
  [MA20] reward=0.0112 task_sr=95.7% miss=4.2% time_limit=0.0% v2v=0.2%
  [RWRD] r_prog=0.0506 r_term=0.0545 r_illegal=0.0000
  [PPO ] p_loss=-0.0083 v_loss=0.0927 entropy=1.3172 grad=5.4042 active=100.0%
  [SIM ] avg_power(a)=0.5189 rsu_q=0.708 tx=50 no_tx=149 deadlock=0 svc=0.000GHz idle=0.0%
   551     3.0s    0.0178   100.0%   100.0%   100.0%       74%/26%/0%    0.781    0.081     0.0%     0.0%   0.9363   0.0110     5.9%
   552     7.1s    0.0087    90.0%    90.0%    97.7%       62%/38%/0%    1.013    0.150    10.0%     0.0%   1.6510   0.0028    11.4%
   553     2.7s    0.0192   100.0%   100.0%   100.0%       71%/28%/2%    0.719    0.047     0.0%     0.0%   0.9676   0.0250     8.0%
   554     7.3s    0.0076    90.0%    90.0%    99.0%       76%/24%/0%    1.619    0.027    10.0%     0.0%   1.4492   0.0185     8.4%
   555     5.1s    0.0153   100.0%   100.0%   100.0%       69%/31%/0%    0.906    0.124     0.0%     0.0%   1.1969   0.0060     9.6%
   556    10.6s    0.0087    90.0%    90.0%    99.0%       76%/24%/0%    1.706    0.069    10.0%     0.0%   1.5241   0.0092     9.5%
   557     7.2s    0.0099   100.0%   100.0%   100.0%       73%/27%/0%    1.753    0.030     0.0%     0.0%   1.4532   0.0015     7.9%
   558     7.3s    0.0079    85.0%    85.0%    98.0%       80%/20%/0%    1.734    0.021    15.0%     0.0%   1.5116   0.0203     7.7%
   559     2.9s    0.0182   100.0%   100.0%   100.0%       73%/27%/0%    0.753    0.074     0.0%     0.0%   1.0749   0.0025     8.7%
   560     6.2s    0.0145   100.0%   100.0%   100.0%       71%/28%/1%    0.990    0.131     0.0%     0.0%   1.1866   0.0169     9.8%
  [MA20] reward=0.0125 task_sr=96.8% miss=3.2% time_limit=0.0% v2v=0.2%
  [RWRD] r_prog=0.0362 r_term=0.1089 r_illegal=0.0000
  [PPO ] p_loss=0.0095 v_loss=0.0216 entropy=1.1866 grad=0.8374 active=100.0%
  [SIM ] avg_power(a)=0.4967 rsu_q=0.929 tx=41 no_tx=102 deadlock=0 svc=0.000GHz idle=0.0%

    Ep    Wall    R/step     T_SR     V_SR     S_SR            L/R/V   Lat(s)       En     Miss      Ill      Ent       KL     Clip
--------------------------------------------------------------------------------------------------------------------------------
   561     8.3s    0.0100   100.0%   100.0%   100.0%       67%/32%/0%    1.832    0.057     0.0%     0.0%   1.4197   0.0119    10.2%
   562     2.8s    0.0177   100.0%   100.0%   100.0%       68%/32%/0%    0.750    0.093     0.0%     0.0%   0.9450   0.0116     6.9%
   563     6.6s    0.0090    95.0%    95.0%    99.0%       82%/18%/0%    1.657    0.032     5.0%     0.0%   1.3756   0.0063     6.6%
   564     7.9s    0.0083    85.0%    85.0%    98.5%       84%/15%/1%    1.796    0.030    15.0%     0.0%   1.4942   0.0098     5.9%
   565     2.9s    0.0190   100.0%   100.0%   100.0%       72%/28%/0%    0.722    0.051     0.0%     0.0%   0.9116   0.0156     5.8%
   566    13.8s    0.0065    75.0%    75.0%    96.5%       86%/13%/1%    2.710    0.020    25.0%     0.0%   1.4611   0.0045     6.7%
   567     7.1s    0.0091   100.0%   100.0%   100.0%       82%/16%/2%    1.922    0.019     0.0%     0.0%   1.3826   0.0136     6.1%
   568     6.5s    0.0106    95.0%    95.0%    98.5%       83%/17%/0%    1.828    0.026     5.0%     0.0%   1.3173   0.0078     3.6%
   569     7.1s    0.0090   100.0%   100.0%   100.0%       87%/12%/0%    1.704    0.008     0.0%     0.0%   1.4128   0.0078     3.9%
   570     6.6s    0.0087    95.0%    95.0%   100.0%       84%/16%/0%    1.685    0.026     5.0%     0.0%   1.4440   0.0116     4.6%
  [MA20] reward=0.0118 task_sr=95.0% miss=5.0% time_limit=0.0% v2v=0.4%
  [RWRD] r_prog=0.0394 r_term=0.0471 r_illegal=0.0000
  [PPO ] p_loss=0.0034 v_loss=0.1002 entropy=1.4440 grad=0.9816 active=100.0%
  [SIM ] avg_power(a)=0.4968 rsu_q=0.577 tx=31 no_tx=165 deadlock=0 svc=0.000GHz idle=0.0%
   571     2.3s    0.0215   100.0%   100.0%   100.0%       71%/28%/1%    0.671    0.061     0.0%     0.0%   0.9714  -0.0032     5.6%
   572     7.9s    0.0087    85.0%    85.0%    96.4%       78%/21%/2%    1.673    0.036    15.0%     0.0%   1.4764   0.0090     5.9%
   573    11.6s    0.0073   100.0%   100.0%   100.0%       80%/20%/0%    2.542    0.018     0.0%     0.0%   1.4427   0.0133     5.4%
   574    11.6s    0.0074    95.0%    95.0%    98.9%       73%/26%/1%    2.679    0.043     5.0%     0.0%   1.3080   0.0168     7.7%
   575     7.3s    0.0106   100.0%   100.0%   100.0%       82%/17%/1%    1.806    0.015     0.0%     0.0%   1.3913   0.0119     4.8%
   576     6.9s    0.0081    90.0%    90.0%    99.5%       77%/21%/2%    1.796    0.022    10.0%     0.0%   1.4280   0.0117     5.0%
   577     2.6s    0.0194   100.0%   100.0%   100.0%       71%/29%/0%    0.765    0.078     0.0%     0.0%   0.9097   0.0016     4.9%
   578     2.3s    0.0217   100.0%   100.0%   100.0%       73%/27%/0%    0.659    0.046     0.0%     0.0%   0.9856   0.0152     3.7%
   579    14.8s    0.0050    55.0%    55.0%    88.7%       69%/26%/6%    2.806    0.142    45.0%     0.0%   1.6275   0.0092     5.7%
   580     7.7s    0.0080    90.0%    90.0%    98.1%       77%/20%/2%    1.767    0.021    10.0%     0.0%   1.4421   0.0042     7.3%
  [MA20] reward=0.0113 task_sr=93.0% miss=7.0% time_limit=0.0% v2v=0.9%
  [RWRD] r_prog=0.0416 r_term=0.0385 r_illegal=0.0000
  [PPO ] p_loss=-0.0084 v_loss=0.1179 entropy=1.4421 grad=1.4258 active=100.0%
  [SIM ] avg_power(a)=0.4948 rsu_q=0.536 tx=47 no_tx=160 deadlock=0 svc=0.000GHz idle=0.0%

    Ep    Wall    R/step     T_SR     V_SR     S_SR            L/R/V   Lat(s)       En     Miss      Ill      Ent       KL     Clip
--------------------------------------------------------------------------------------------------------------------------------
   581     9.9s    0.0076    85.0%    85.0%    98.0%       75%/23%/2%    1.838    0.026    15.0%     0.0%   1.4771   0.0337     7.5%
   582     8.5s    0.0075    90.0%    90.0%    91.6%       66%/31%/3%    1.555    0.123    10.0%     0.0%   1.4975   0.0099     5.4%
   583     4.6s    0.0089    95.0%    95.0%    99.2%       58%/41%/1%    0.785    0.056     5.0%     0.0%   1.6410   0.0092     8.0%
   584     8.5s    0.0070    90.0%    90.0%    99.0%       50%/48%/2%    1.631    0.042    10.0%     0.0%   1.5358   0.0339     9.3%
   585     2.7s    0.0192   100.0%   100.0%   100.0%       62%/38%/0%    0.712    0.032     0.0%     0.0%   1.1048   0.0299    13.2%
   586     2.1s    0.0213   100.0%   100.0%   100.0%       65%/35%/0%    0.644    0.046     0.0%     0.0%   0.9888   0.0168     7.8%
   587     2.5s    0.0189   100.0%   100.0%   100.0%       70%/29%/1%    0.722    0.065     0.0%     0.0%   0.9267   0.0164     6.5%
   588    15.0s    0.0067    95.0%    95.0%    99.6%       62%/38%/0%    2.635    0.047     5.0%     0.0%   1.3391   0.0099     5.5%
   589     2.2s    0.0211   100.0%   100.0%   100.0%       67%/33%/0%    0.648    0.054     0.0%     0.0%   1.0616   0.0159     9.8%
   590     6.9s    0.0085    95.0%    95.0%    99.5%       73%/26%/1%    1.570    0.024     5.0%     0.0%   1.4816   0.0190     9.8%
  [MA20] reward=0.0122 task_sr=93.2% miss=6.8% time_limit=0.0% v2v=1.1%
  [RWRD] r_prog=0.0388 r_term=0.0462 r_illegal=0.0000
  [PPO ] p_loss=-0.0087 v_loss=0.1232 entropy=1.4816 grad=2.4758 active=100.0%
  [SIM ] avg_power(a)=0.4958 rsu_q=0.741 tx=55 no_tx=147 deadlock=0 svc=0.000GHz idle=0.0%
   591    20.4s    0.0067    90.0%    90.0%    98.9%       71%/28%/1%    2.727    0.040    10.0%     0.0%   1.6645   0.0146     7.2%
   592     2.4s    0.0195   100.0%   100.0%   100.0%       66%/34%/0%    0.685    0.051     0.0%     0.0%   1.0898   0.0220     7.8%
   593    14.7s    0.0068    90.0%    90.0%    98.9%       60%/40%/0%    2.594    0.051    10.0%     0.0%   1.5711   0.0048     5.5%
   594    15.7s    0.0055    85.0%    85.0%    97.4%       55%/44%/1%    2.570    0.059    15.0%     0.0%   1.5728   0.0134     8.7%
   595     7.7s    0.0095    95.0%    95.0%    99.5%       73%/26%/1%    1.902    0.055     5.0%     0.0%   1.3651   0.0069     6.6%
   596     8.0s    0.0082    85.0%    85.0%    98.5%       75%/23%/2%    1.740    0.034    15.0%     0.0%   1.5014   0.0072     5.8%
   597     7.7s    0.0096    95.0%    95.0%    99.0%       66%/32%/2%    1.757    0.031     5.0%     0.0%   1.5324   0.0119     5.5%
   598     6.9s    0.0091    95.0%    95.0%    99.0%       76%/23%/1%    1.667    0.032     5.0%     0.0%   1.4675   0.0095     6.3%
   599     6.4s    0.0105   100.0%   100.0%   100.0%       72%/24%/4%    1.755    0.046     0.0%     0.0%   1.3667  -0.0026     4.7%
   600     2.6s    0.0190   100.0%   100.0%   100.0%       71%/25%/4%    0.717    0.045     0.0%     0.0%   1.1930   0.0257     6.6%
  [MA20] reward=0.0116 task_sr=94.2% miss=5.8% time_limit=0.0% v2v=1.3%
  [RWRD] r_prog=0.0249 r_term=0.1652 r_illegal=0.0000
  [PPO ] p_loss=-0.0036 v_loss=0.0219 entropy=1.1930 grad=3.1378 active=100.0%
  [SIM ] avg_power(a)=0.4849 rsu_q=0.600 tx=39 no_tx=99 deadlock=0 svc=0.000GHz idle=0.0%
  [Checkpoint] saved: ep0600.pth

    Ep    Wall    R/step     T_SR     V_SR     S_SR            L/R/V   Lat(s)       En     Miss      Ill      Ent       KL     Clip
--------------------------------------------------------------------------------------------------------------------------------
   601    10.3s    0.0043    60.0%    60.0%    83.5%       70%/22%/8%    1.867    0.221    40.0%     0.0%   1.6861   0.0139     8.2%
   602     9.3s    0.0057    75.0%    75.0%    77.9%       68%/24%/9%    1.753    0.201    25.0%     0.0%   1.6545   0.0254     7.4%
   603     8.3s    0.0071    75.0%    75.0%    95.4%       65%/31%/4%    1.743    0.044    25.0%     0.0%   1.5988   0.0155    12.4%
   604    13.9s    0.0054    75.0%    75.0%    92.2%       53%/46%/2%    2.421    0.126    25.0%     0.0%   1.5716   0.0180    11.2%
   605    12.7s    0.0072   100.0%   100.0%   100.0%       54%/44%/3%    2.390    0.062     0.0%     0.0%   1.5240   0.0149    12.3%
   606     7.2s    0.0071    90.0%    90.0%    94.8%       47%/51%/3%    1.514    0.054    10.0%     0.0%   1.5708   0.0085    11.7%
   607     7.5s    0.0072    80.0%    80.0%    93.7%       62%/33%/5%    1.723    0.128    20.0%     0.0%   1.5654   0.0107    11.8%
   608     6.3s    0.0075    85.0%    85.0%    91.7%       69%/28%/3%    0.802    0.052    15.0%     0.0%   2.0037   0.0106     8.6%
   609    12.9s    0.0063    80.0%    80.0%    98.1%       69%/30%/0%    2.734    0.083    20.0%     0.0%   1.2572   0.0227    10.5%
   610     7.0s    0.0098    95.0%    95.0%    99.0%       63%/37%/1%    1.660    0.055     5.0%     0.0%   1.3892   0.0108    10.6%
  [MA20] reward=0.0086 task_sr=87.5% miss=12.5% time_limit=0.0% v2v=2.6%
  [RWRD] r_prog=0.0443 r_term=0.0532 r_illegal=0.0000
  [PPO ] p_loss=0.0306 v_loss=0.1014 entropy=1.3892 grad=2.4239 active=100.0%
  [SIM ] avg_power(a)=0.4479 rsu_q=1.130 tx=73 no_tx=122 deadlock=0 svc=0.000GHz idle=0.0%
   611    11.9s    0.0083    90.0%    90.0%    97.5%       71%/27%/2%    1.906    0.081    10.0%     0.0%   1.5393   0.0123    11.4%
   612     7.2s    0.0100   100.0%   100.0%   100.0%       65%/34%/1%    1.656    0.038     0.0%     0.0%   1.4748   0.0096    10.4%
   613     7.1s    0.0092    95.0%    95.0%    99.0%       75%/25%/0%    1.599    0.023     5.0%     0.0%   1.4225   0.0103     8.9%
   614     5.5s    0.0094    95.0%    95.0%    97.8%       71%/29%/0%    0.866    0.063     5.0%     0.0%   1.6768   0.0120    10.2%
   615     6.3s    0.0089    90.0%    90.0%    98.9%       74%/26%/1%    1.663    0.042    10.0%     0.0%   1.3020   0.0069    10.3%
   616    13.0s    0.0073    85.0%    85.0%    98.6%       78%/21%/1%    1.851    0.035    15.0%     0.0%   1.8572   0.0163    12.8%
   617    16.3s    0.0076    85.0%    85.0%    94.6%       65%/32%/3%    1.892    0.074    15.0%     0.0%   1.7483   0.0160    18.5%
   618     7.1s    0.0090   100.0%   100.0%   100.0%       75%/25%/0%    1.738    0.041     0.0%     0.0%   1.2961   0.0140    11.9%
   619     7.3s    0.0102    95.0%    95.0%    99.5%       73%/27%/0%    1.792    0.047     5.0%     0.0%   1.2812   0.0177    12.1%
   620     7.1s    0.0091   100.0%   100.0%   100.0%       71%/28%/2%    1.692    0.026     0.0%     0.0%   1.4459   0.0309    15.7%
  [MA20] reward=0.0078 task_sr=87.5% miss=12.5% time_limit=0.0% v2v=2.2%
  [RWRD] r_prog=0.0381 r_term=0.0530 r_illegal=0.0000
  [PPO ] p_loss=0.0226 v_loss=0.0320 entropy=1.4459 grad=1.2157 active=100.0%
  [SIM ] avg_power(a)=0.4727 rsu_q=1.280 tx=57 no_tx=141 deadlock=0 svc=0.000GHz idle=0.0%

    Ep    Wall    R/step     T_SR     V_SR     S_SR            L/R/V   Lat(s)       En     Miss      Ill      Ent       KL     Clip
--------------------------------------------------------------------------------------------------------------------------------
   621     2.3s    0.0196   100.0%   100.0%   100.0%       72%/28%/0%    0.740    0.049     0.0%     0.0%   0.8290   0.0245    10.9%
   622     7.7s    0.0086   100.0%   100.0%   100.0%       72%/28%/0%    1.815    0.062     0.0%     0.0%   1.2532   0.0248    11.8%
   623     6.8s    0.0090   100.0%   100.0%   100.0%       61%/39%/0%    1.783    0.073     0.0%     0.0%   1.2626   0.0122    12.4%
   624    11.3s    0.0066    85.0%    85.0%    96.4%       62%/37%/1%    1.922    0.067    15.0%     0.0%   1.6343   0.0228    12.7%
   625     7.9s    0.0095   100.0%   100.0%   100.0%       67%/32%/1%    1.795    0.034     0.0%     0.0%   1.4723   0.0149     8.8%
   626     8.1s    0.0083    90.0%    90.0%    97.5%       72%/28%/0%    1.862    0.075    10.0%     0.0%   1.3149   0.0185    15.0%
   627     7.8s    0.0082    90.0%    90.0%    99.0%       75%/25%/0%    1.807    0.036    10.0%     0.0%   1.4409   0.0011    11.2%
   628    13.4s    0.0084    85.0%    85.0%    98.0%       74%/26%/0%    1.752    0.066    15.0%     0.0%   1.7716   0.0146    15.5%
   629     2.1s    0.0195   100.0%   100.0%   100.0%       78%/22%/0%    0.663    0.042     0.0%     0.0%   0.9626   0.0249     9.3%
   630     7.5s    0.0096   100.0%   100.0%   100.0%       75%/23%/1%    1.747    0.032     0.0%     0.0%   1.4232   0.0169    11.2%
  [MA20] reward=0.0098 task_sr=94.3% miss=5.8% time_limit=0.0% v2v=0.7%
  [RWRD] r_prog=0.0422 r_term=0.0541 r_illegal=0.0000
  [PPO ] p_loss=-0.0289 v_loss=0.0517 entropy=1.4232 grad=2.5968 active=100.0%
  [SIM ] avg_power(a)=0.4551 rsu_q=1.250 tx=51 no_tx=155 deadlock=0 svc=0.000GHz idle=0.0%
   631    23.9s    0.0056    75.0%    75.0%    97.3%       58%/41%/1%    2.860    0.101    25.0%     0.0%   1.7365   0.0241    18.5%
   632     2.8s    0.0175   100.0%   100.0%   100.0%       70%/30%/1%    0.756    0.048     0.0%     0.0%   1.1059   0.0204    10.3%
   633     9.1s    0.0097    95.0%    95.0%   100.0%       61%/38%/0%    1.830    0.076     5.0%     0.0%   1.2535   0.0145    12.7%
   634    14.1s    0.0070    80.0%    80.0%    90.1%       59%/41%/1%    1.858    0.099    20.0%     0.0%   1.5421   0.0362    15.2%
   635    19.4s    0.0057    60.0%    60.0%    92.8%       63%/36%/0%    2.780    0.105    40.0%     0.0%   1.3774   0.0234    13.3%
   636     6.2s    0.0091    95.0%    95.0%    99.5%       73%/26%/1%    1.771    0.030     5.0%     0.0%   1.3060   0.0216    11.0%
   637     9.8s    0.0092    95.0%    95.0%    99.5%       74%/25%/1%    1.770    0.070     5.0%     0.0%   1.4502   0.0167     9.9%
   638    16.0s    0.0052    55.0%    55.0%    91.8%       71%/29%/0%    2.804    0.098    45.0%     0.0%   1.3301   0.0149    10.1%
   639     7.8s    0.0090    90.0%    90.0%    98.0%       67%/33%/0%    1.798    0.059    10.0%     0.0%   1.3722   0.0149     9.7%
   640     3.4s    0.0164   100.0%   100.0%   100.0%       59%/41%/0%    0.822    0.066     0.0%     0.0%   1.1010   0.0159     9.1%
  [MA20] reward=0.0101 task_sr=89.8% miss=10.2% time_limit=0.0% v2v=0.5%
  [RWRD] r_prog=0.0314 r_term=0.1326 r_illegal=0.0000
  [PPO ] p_loss=0.0323 v_loss=0.0156 entropy=1.1010 grad=2.1591 active=100.0%
  [SIM ] avg_power(a)=0.4688 rsu_q=1.167 tx=55 no_tx=79 deadlock=0 svc=0.000GHz idle=0.0%

    Ep    Wall    R/step     T_SR     V_SR     S_SR            L/R/V   Lat(s)       En     Miss      Ill      Ent       KL     Clip
--------------------------------------------------------------------------------------------------------------------------------
   641     8.0s    0.0088    95.0%    95.0%    99.5%       71%/29%/0%    1.774    0.066     5.0%     0.0%   1.3278   0.0237     9.8%
   642     2.2s    0.0217   100.0%   100.0%   100.0%       70%/30%/0%    0.706    0.063     0.0%     0.0%   0.8704   0.0081     8.1%
   643     7.1s    0.0097    95.0%    95.0%    99.5%       74%/26%/0%    1.864    0.045     5.0%     0.0%   1.3632   0.0205     8.8%
   644     9.9s    0.0078    90.0%    90.0%    99.0%       66%/34%/0%    1.744    0.041    10.0%     0.0%   1.6275   0.0275     9.8%
   645     7.6s    0.0083    80.0%    80.0%    96.4%       75%/24%/1%    2.066    0.071    20.0%     0.0%   1.1731   0.0080     8.2%
   646     2.5s    0.0179   100.0%   100.0%   100.0%       68%/31%/1%    0.778    0.076     0.0%     0.0%   0.8760   0.0206     5.8%
   647     7.0s    0.0078    85.0%    85.0%    98.9%       69%/30%/1%    1.745    0.056    15.0%     0.0%   1.3927   0.0223    11.8%
   648     7.7s    0.0092    95.0%    95.0%    99.0%       64%/36%/0%    1.774    0.048     5.0%     0.0%   1.4123 9.68e-05     8.6%
   649    12.6s    0.0091    90.0%    90.0%    98.0%       63%/37%/0%    1.835    0.109    10.0%     0.0%   1.5589   0.0307    13.1%
   650     7.3s    0.0072    80.0%    80.0%    88.5%       55%/45%/0%    1.023    0.102    20.0%     0.0%   1.6608   0.0133    13.0%
  [MA20] reward=0.0101 task_sr=87.7% miss=12.3% time_limit=0.0% v2v=0.4%
  [RWRD] r_prog=0.0265 r_term=0.0454 r_illegal=0.0000
  [PPO ] p_loss=-0.0029 v_loss=0.4016 entropy=1.6608 grad=6.4648 active=100.0%
  [SIM ] avg_power(a)=0.4766 rsu_q=0.773 tx=55 no_tx=66 deadlock=0 svc=0.000GHz idle=0.0%
   651     2.5s    0.0194   100.0%   100.0%   100.0%       66%/33%/1%    0.723    0.066     0.0%     0.0%   0.9656   0.0238     5.9%
   652    23.2s    0.0039    45.0%    45.0%    93.3%       52%/48%/0%    2.743    0.131    55.0%     0.0%   1.3892   0.0218    10.0%
   653    13.7s    0.0063    85.0%    85.0%    98.0%       54%/46%/0%    2.845    0.072    15.0%     0.0%   1.3744   0.0142     8.3%
   654     9.1s    0.0092   100.0%   100.0%   100.0%       53%/47%/0%    1.809    0.074     0.0%     0.0%   1.3901   0.0235     9.7%
   655     8.1s    0.0092   100.0%   100.0%   100.0%       60%/39%/0%    1.822    0.086     0.0%     0.0%   1.2106   0.0177     7.7%
   656     3.4s    0.0175   100.0%   100.0%   100.0%       72%/28%/0%    0.857    0.078     0.0%     0.0%   0.9780   0.0084     6.7%
   657     2.6s    0.0178   100.0%   100.0%   100.0%       66%/34%/0%    0.778    0.079     0.0%     0.0%   0.8402   0.0213     6.3%
   658     2.9s    0.0163   100.0%   100.0%   100.0%       55%/45%/0%    0.772    0.065     0.0%     0.0%   1.1996   0.0147     8.1%
   659     4.6s    0.0161   100.0%   100.0%   100.0%       64%/36%/0%    1.029    0.129     0.0%     0.0%   0.9059   0.0157     7.0%
   660     3.1s    0.0182   100.0%   100.0%   100.0%       64%/36%/0%    0.779    0.077     0.0%     0.0%   0.9553   0.0135     6.8%
  [MA20] reward=0.0121 task_sr=92.0% miss=8.0% time_limit=0.0% v2v=0.2%
  [RWRD] r_prog=0.0354 r_term=0.1471 r_illegal=0.0000
  [PPO ] p_loss=0.0008 v_loss=0.0144 entropy=0.9553 grad=1.4172 active=100.0%
  [SIM ] avg_power(a)=0.4359 rsu_q=0.545 tx=47 no_tx=84 deadlock=0 svc=0.000GHz idle=0.0%

    Ep    Wall    R/step     T_SR     V_SR     S_SR            L/R/V   Lat(s)       En     Miss      Ill      Ent       KL     Clip
--------------------------------------------------------------------------------------------------------------------------------
   661     2.7s    0.0180   100.0%   100.0%   100.0%       69%/31%/0%    0.802    0.073     0.0%     0.0%   0.8985   0.0104     7.2%
   662    14.3s    0.0056    60.0%    60.0%    92.8%       77%/23%/0%    2.885    0.066    40.0%     0.0%   1.1815   0.0096     6.9%
   663    14.0s    0.0056    60.0%    60.0%    95.5%       67%/33%/1%    2.138    0.152    40.0%     0.0%   1.2947   0.0165    11.0%
   664    14.4s    0.0064    55.0%    55.0%    96.0%       71%/28%/1%    2.162    0.097    45.0%     0.0%   1.3585   0.0134     9.0%
   665    12.4s    0.0072    70.0%    70.0%    95.1%       70%/29%/1%    2.022    0.094    30.0%     0.0%   1.3809   0.0224     9.8%
   666     2.3s    0.0199   100.0%   100.0%   100.0%       65%/35%/0%    0.694    0.056     0.0%     0.0%   0.9101  -0.0015     5.2%
   667     6.8s    0.0147   100.0%   100.0%   100.0%       72%/28%/0%    1.033    0.101     0.0%     0.0%   1.1233   0.0083     9.6%
   668     8.8s    0.0088    85.0%    85.0%    98.5%       76%/23%/1%    1.799    0.056    15.0%     0.0%   1.3094   0.0119     6.6%
   669    29.2s    0.0038    45.0%    45.0%    91.0%       54%/45%/1%    3.090    0.136    55.0%     0.0%   1.3163   0.0195    13.9%
   670    11.2s    0.0061    60.0%    60.0%    95.1%       75%/25%/0%    1.982    0.081    40.0%     0.0%   1.2703   0.0216     7.5%
  [MA20] reward=0.0115 task_sr=83.3% miss=16.8% time_limit=0.0% v2v=0.3%
  [RWRD] r_prog=0.0494 r_term=0.0114 r_illegal=0.0000
  [PPO ] p_loss=-0.0013 v_loss=0.2753 entropy=1.2703 grad=3.5098 active=100.0%
  [SIM ] avg_power(a)=0.4567 rsu_q=1.207 tx=50 no_tx=150 deadlock=0 svc=0.000GHz idle=0.0%
   671     6.8s    0.0089    90.0%    90.0%    98.4%       73%/27%/0%    1.765    0.053    10.0%     0.0%   1.3671   0.0159     6.6%
   672    12.7s    0.0073    90.0%    90.0%    99.6%       71%/29%/0%    2.602    0.065    10.0%     0.0%   1.3835   0.0105     6.3%
   673     9.5s    0.0097    95.0%    95.0%    99.5%       76%/24%/0%    1.944    0.056     5.0%     0.0%   1.3319   0.0112     8.8%
   674     7.5s    0.0082    80.0%    80.0%    97.9%       77%/23%/0%    1.719    0.045    20.0%     0.0%   1.3349   0.0137     5.1%
   675     7.3s    0.0093   100.0%   100.0%   100.0%       77%/23%/0%    1.976    0.049     0.0%     0.0%   1.2638   0.0121     6.8%
   676     6.9s    0.0080    95.0%    95.0%    98.5%       78%/22%/0%    1.535    0.029     5.0%     0.0%   1.5239   0.0189     9.4%
   677     2.7s    0.0175   100.0%   100.0%   100.0%       67%/33%/0%    0.736    0.059     0.0%     0.0%   0.9871   0.0091     4.8%
   678     7.7s    0.0086    95.0%    95.0%    99.0%       69%/31%/0%    1.956    0.067     5.0%     0.0%   1.2031   0.0112     9.1%
   679     7.7s    0.0100   100.0%   100.0%   100.0%       75%/25%/0%    1.816    0.050     0.0%     0.0%   1.3380   0.0171     9.5%
   680     3.2s    0.0174   100.0%   100.0%   100.0%       67%/33%/0%    0.842    0.087     0.0%     0.0%   0.9481   0.0201     8.3%
  [MA20] reward=0.0100 task_sr=84.0% miss=16.0% time_limit=0.0% v2v=0.2%
  [RWRD] r_prog=0.0424 r_term=0.1317 r_illegal=0.0000
  [PPO ] p_loss=-0.0006 v_loss=0.0205 entropy=0.9481 grad=2.6146 active=100.0%
  [SIM ] avg_power(a)=0.4480 rsu_q=1.667 tx=39 no_tx=79 deadlock=0 svc=0.000GHz idle=0.0%

    Ep    Wall    R/step     T_SR     V_SR     S_SR            L/R/V   Lat(s)       En     Miss      Ill      Ent       KL     Clip
--------------------------------------------------------------------------------------------------------------------------------
   681     2.5s    0.0217   100.0%   100.0%   100.0%       67%/33%/0%    0.740    0.068     0.0%     0.0%   0.8007   0.0122     6.9%
   682     3.4s    0.0175   100.0%   100.0%   100.0%       68%/32%/0%    0.823    0.048     0.0%     0.0%   0.9837   0.0216     8.5%
   683    33.9s    0.0028    25.0%    25.0%    75.6%       43%/57%/0%    2.970    0.167    75.0%     0.0%   1.3603   0.0332    12.0%
   684    16.0s    0.0050    45.0%    45.0%    94.0%       41%/59%/0%    2.215    0.146    55.0%     0.0%   1.4711   0.0176    12.8%
   685     8.1s    0.0094    95.0%    95.0%    99.0%       61%/39%/0%    1.865    0.083     5.0%     0.0%   1.1973   0.0201     8.4%
   686     2.8s    0.0181   100.0%   100.0%   100.0%       65%/35%/0%    0.796    0.067     0.0%     0.0%   0.8594   0.0170     8.5%
   687     2.7s    0.0195   100.0%   100.0%   100.0%       64%/36%/0%    0.758    0.071     0.0%     0.0%   0.8531   0.0300     6.0%
   688     2.5s    0.0195   100.0%   100.0%   100.0%       67%/33%/0%    0.718    0.058     0.0%     0.0%   0.9199   0.0130     6.3%
   689     8.6s    0.0086    90.0%    90.0%    99.0%       63%/37%/0%    1.822    0.087    10.0%     0.0%   1.1383   0.0177     9.5%
   690    16.9s    0.0065    70.0%    70.0%    94.7%       50%/50%/0%    2.201    0.133    30.0%     0.0%   1.3548   0.0281    13.7%
  [MA20] reward=0.0117 task_sr=88.5% miss=11.5% time_limit=0.0% v2v=0.0%
  [RWRD] r_prog=0.0466 r_term=0.0184 r_illegal=0.0000
  [PPO ] p_loss=0.0122 v_loss=0.4397 entropy=1.3548 grad=4.7215 active=100.0%
  [SIM ] avg_power(a)=0.4340 rsu_q=3.444 tx=102 no_tx=101 deadlock=0 svc=0.000GHz idle=0.0%
   691    14.3s    0.0063    95.0%    95.0%    99.2%       49%/51%/0%    2.733    0.100     5.0%     0.0%   1.2608   0.0170    11.3%
   692    13.1s    0.0070    90.0%    90.0%    99.2%       55%/44%/0%    2.678    0.097    10.0%     0.0%   1.2046   0.0089    11.0%
   693     6.7s    0.0098   100.0%   100.0%   100.0%       60%/40%/0%    1.808    0.086     0.0%     0.0%   1.0621   0.0275     8.0%
   694     9.7s    0.0081    85.0%    85.0%    97.4%       65%/35%/0%    1.866    0.076    15.0%     0.0%   1.4918   0.0105    13.6%
   695     9.7s    0.0080    85.0%    85.0%    96.6%       65%/34%/1%    1.861    0.079    15.0%     0.0%   1.2641   0.0159    12.0%
   696     7.4s    0.0091    95.0%    95.0%   100.0%       69%/31%/0%    1.894    0.066     5.0%     0.0%   1.2296   0.0110    10.8%
   697     7.9s    0.0086    95.0%    95.0%   100.0%       71%/28%/0%    1.942    0.071     5.0%     0.0%   1.2654   0.0108     9.0%
   698    12.6s    0.0059    80.0%    80.0%    97.3%       73%/27%/0%    2.865    0.084    20.0%     0.0%   1.1296   0.0136    10.3%
   699     8.2s    0.0075    85.0%    85.0%    98.1%       71%/29%/0%    1.918    0.056    15.0%     0.0%   1.3357   0.0082     9.9%
   700    12.2s    0.0074    75.0%    75.0%    95.9%       72%/27%/1%    2.037    0.098    25.0%     0.0%   1.3232   0.0166    12.3%
  [MA20] reward=0.0103 task_sr=85.5% miss=14.5% time_limit=0.0% v2v=0.1%
  [RWRD] r_prog=0.0504 r_term=0.0238 r_illegal=0.0000
  [PPO ] p_loss=0.0041 v_loss=0.3891 entropy=1.3232 grad=2.6207 active=100.0%
  [SIM ] avg_power(a)=0.4721 rsu_q=1.308 tx=53 no_tx=139 deadlock=0 svc=0.000GHz idle=0.0%
  [Checkpoint] saved: ep0700.pth

    Ep    Wall    R/step     T_SR     V_SR     S_SR            L/R/V   Lat(s)       En     Miss      Ill      Ent       KL     Clip
--------------------------------------------------------------------------------------------------------------------------------
   701     2.5s    0.0178   100.0%   100.0%   100.0%       67%/33%/0%    0.729    0.071     0.0%     0.0%   0.8787   0.0044    10.2%
   702    31.1s    0.0023    25.0%    25.0%    83.5%       50%/50%/1%    3.104    0.163    75.0%     0.0%   1.3766   0.0294    17.7%
   703     7.7s    0.0077    90.0%    90.0%    99.5%       71%/29%/0%    1.795    0.036    10.0%     0.0%   1.3463   0.0282    11.2%
   704    13.6s    0.0048    65.0%    65.0%    94.4%       71%/29%/0%    2.787    0.086    35.0%     0.0%   1.2761   0.0115    14.1%
   705    13.8s    0.0059    75.0%    75.0%    96.5%       65%/35%/0%    2.812    0.058    25.0%     0.0%   1.3827   0.0070    12.7%
   706     9.1s    0.0087    90.0%    90.0%    99.0%       70%/30%/0%    2.007    0.069    10.0%     0.0%   1.2974   0.0151     8.3%
   707    23.1s    0.0053    65.0%    65.0%    96.3%       63%/37%/0%    3.089    0.118    35.0%     0.0%   1.4520   0.0163    12.1%
   708     7.6s    0.0084    95.0%    95.0%    99.5%       72%/28%/0%    1.770    0.040     5.0%     0.0%   1.4397   0.0019    10.4%
   709    16.3s    0.0059    60.0%    60.0%    93.8%       75%/25%/0%    2.701    0.078    40.0%     0.0%   1.3168   0.0153     9.1%
   710     7.6s    0.0098    95.0%    95.0%    99.0%       79%/21%/0%    1.796    0.041     5.0%     0.0%   1.3524   0.0155     7.4%
  [MA20] reward=0.0077 task_sr=82.2% miss=17.8% time_limit=0.0% v2v=0.1%
  [RWRD] r_prog=0.0517 r_term=0.0463 r_illegal=0.0000
  [PPO ] p_loss=-0.0068 v_loss=0.1171 entropy=1.3524 grad=3.5356 active=100.0%
  [SIM ] avg_power(a)=0.4527 rsu_q=0.600 tx=42 no_tx=161 deadlock=0 svc=0.000GHz idle=0.0%
   711     3.9s    0.0164   100.0%   100.0%   100.0%       73%/27%/0%    0.823    0.086     0.0%     0.0%   1.0743   0.0081     8.7%
   712     8.5s    0.0075    75.0%    75.0%    96.0%       82%/18%/0%    1.728    0.047    25.0%     0.0%   1.3243   0.0195     7.9%
   713     8.5s    0.0076    90.0%    90.0%    98.5%       73%/27%/0%    1.750    0.049    10.0%     0.0%   1.4388   0.0049     8.3%
   714    21.0s    0.0056    70.0%    70.0%    96.1%       60%/40%/0%    2.949    0.124    30.0%     0.0%   1.2298   0.0114     8.0%
   715    14.1s    0.0053    65.0%    65.0%    96.4%       63%/37%/0%    2.793    0.095    35.0%     0.0%   1.2007   0.0068     7.8%
   716    29.0s    0.0028    25.0%    25.0%    86.8%       38%/62%/0%    3.119    0.140    75.0%     0.0%   1.2160   0.0250     9.7%
   717    10.7s    0.0083    85.0%    85.0%    97.9%       74%/26%/0%    1.914    0.075    15.0%     0.0%   1.4348   0.0102     6.6%
   718     7.8s    0.0090    95.0%    95.0%    99.0%       73%/27%/0%    1.850    0.046     5.0%     0.0%   1.4060   0.0203     4.1%
   719     2.4s    0.0194   100.0%   100.0%   100.0%       72%/28%/0%    0.732    0.049     0.0%     0.0%   0.8904   0.0026     6.0%
   720    11.0s    0.0081    90.0%    90.0%    99.5%       72%/28%/0%    1.879    0.071    10.0%     0.0%   1.3470   0.0143     9.9%
  [MA20] reward=0.0083 task_sr=77.8% miss=22.2% time_limit=0.0% v2v=0.0%
  [RWRD] r_prog=0.0419 r_term=0.0386 r_illegal=0.0000
  [PPO ] p_loss=-0.0007 v_loss=0.1486 entropy=1.3470 grad=2.7604 active=100.0%
  [SIM ] avg_power(a)=0.4700 rsu_q=0.667 tx=58 no_tx=146 deadlock=0 svc=0.000GHz idle=0.0%

    Ep    Wall    R/step     T_SR     V_SR     S_SR            L/R/V   Lat(s)       En     Miss      Ill      Ent       KL     Clip
--------------------------------------------------------------------------------------------------------------------------------
   721     9.2s    0.0088   100.0%   100.0%   100.0%       69%/31%/0%    1.915    0.065     0.0%     0.0%   1.3255   0.0075     7.5%
   722     2.2s    0.0195   100.0%   100.0%   100.0%       68%/32%/0%    0.686    0.059     0.0%     0.0%   0.8719  -0.0017     6.9%
   723     6.9s    0.0094   100.0%   100.0%   100.0%       63%/36%/1%    1.885    0.048     0.0%     0.0%   1.3417   0.0080     6.8%
   724    11.7s    0.0085    95.0%    95.0%    98.0%       49%/50%/1%    1.846    0.094     5.0%     0.0%   1.3833   0.0094     9.5%
   725    11.3s    0.0063    85.0%    85.0%    96.7%       41%/59%/0%    1.985    0.109    15.0%     0.0%   1.3497   0.0153     9.5%
   726     3.0s    0.0169   100.0%   100.0%   100.0%       55%/45%/0%    0.763    0.071     0.0%     0.0%   1.1655   0.0157     8.7%
   727    16.4s    0.0067    65.0%    65.0%    93.3%       66%/31%/2%    2.025    0.113    35.0%     0.0%   1.8449   0.0147    10.0%
   728     7.6s    0.0093    90.0%    90.0%    95.7%       60%/39%/1%    1.057    0.107    10.0%     0.0%   1.6060   0.0154    12.6%
   729     7.9s    0.0083    95.0%    95.0%    99.5%       61%/38%/0%    1.897    0.061     5.0%     0.0%   1.2921   0.0190    10.1%
   730     7.3s    0.0109   100.0%   100.0%   100.0%       68%/32%/0%    1.724    0.071     0.0%     0.0%   1.1363   0.0102     6.2%
  [MA20] reward=0.0097 task_sr=86.2% miss=13.8% time_limit=0.0% v2v=0.3%
  [RWRD] r_prog=0.0469 r_term=0.0616 r_illegal=0.0000
  [PPO ] p_loss=-0.0003 v_loss=0.1525 entropy=1.1363 grad=6.3731 active=100.0%
  [SIM ] avg_power(a)=0.4559 rsu_q=2.095 tx=62 no_tx=130 deadlock=0 svc=0.000GHz idle=0.0%
   731    11.7s    0.0082    90.0%    90.0%    98.1%       74%/26%/0%    1.917    0.087    10.0%     0.0%   1.5596   0.0161     7.8%
   732    13.7s    0.0071    95.0%    95.0%    99.6%       63%/37%/0%    2.715    0.055     5.0%     0.0%   1.3354   0.0176     7.3%
   733    14.8s    0.0066    85.0%    85.0%    99.2%       63%/37%/0%    2.729    0.062    15.0%     0.0%   1.3586   0.0096     7.0%
   734     7.6s    0.0086    95.0%    95.0%    99.5%       74%/24%/1%    1.751    0.039     5.0%     0.0%   1.4261   0.0146     7.8%
   735     6.8s    0.0089   100.0%   100.0%   100.0%       72%/27%/1%    1.820    0.061     0.0%     0.0%   1.3399   0.0176     8.3%
   736     2.6s    0.0179   100.0%   100.0%   100.0%       66%/32%/2%    0.719    0.071     0.0%     0.0%   1.0477   0.0265     9.1%
   737    14.0s    0.0066    90.0%    90.0%    99.6%       59%/41%/0%    2.835    0.087    10.0%     0.0%   1.2112   0.0085    10.2%
   738     2.6s    0.0173   100.0%   100.0%   100.0%       66%/34%/0%    0.815    0.076     0.0%     0.0%   0.9279   0.0057     6.5%
   739     7.7s    0.0097   100.0%   100.0%   100.0%       68%/32%/0%    1.782    0.045     0.0%     0.0%   1.4000  -0.0022     9.7%
   740     8.3s    0.0085    95.0%    95.0%    99.5%       70%/30%/1%    1.734    0.051     5.0%     0.0%   1.3445   0.0124     9.3%
  [MA20] reward=0.0102 task_sr=94.0% miss=6.0% time_limit=0.0% v2v=0.5%
  [RWRD] r_prog=0.0397 r_term=0.0458 r_illegal=0.0000
  [PPO ] p_loss=-0.0072 v_loss=0.1018 entropy=1.3445 grad=1.2539 active=100.0%
  [SIM ] avg_power(a)=0.4974 rsu_q=1.231 tx=60 no_tx=138 deadlock=0 svc=0.000GHz idle=0.0%

    Ep    Wall    R/step     T_SR     V_SR     S_SR            L/R/V   Lat(s)       En     Miss      Ill      Ent       KL     Clip
--------------------------------------------------------------------------------------------------------------------------------
   741    16.6s    0.0055    70.0%    70.0%    96.3%       67%/33%/0%    3.001    0.073    30.0%     0.0%   1.2141   0.0183    10.7%
   742     7.0s    0.0094    95.0%    95.0%    99.5%       67%/33%/0%    1.822    0.066     5.0%     0.0%   1.1640   0.0121    12.0%
   743     8.3s    0.0086    90.0%    90.0%    98.0%       64%/36%/0%    1.768    0.058    10.0%     0.0%   1.3321   0.0161    11.9%
   744     3.7s    0.0088    95.0%    95.0%    99.2%       61%/39%/0%    0.786    0.046     5.0%     0.0%   1.5119   0.0151    11.1%
   745     7.8s    0.0076    80.0%    80.0%    97.0%       68%/31%/1%    1.838    0.053    20.0%     0.0%   1.3876   0.0219    12.5%
   746     7.5s    0.0089   100.0%   100.0%   100.0%       66%/34%/0%    1.812    0.055     0.0%     0.0%   1.4573   0.0183    10.8%
   747     5.7s    0.0160   100.0%   100.0%   100.0%       69%/31%/0%    0.993    0.129     0.0%     0.0%   1.1592   0.0099    11.7%
   748     9.5s    0.0094    90.0%    90.0%    99.5%       64%/36%/0%    2.022    0.077    10.0%     0.0%   1.2860   0.0139    10.1%
   749    18.8s    0.0061    60.0%    60.0%    95.5%       46%/54%/0%    2.169    0.177    40.0%     0.0%   1.4230   0.0218    15.4%
   750     9.3s    0.0103   100.0%   100.0%   100.0%       67%/33%/0%    1.835    0.079     0.0%     0.0%   1.1060   0.0275    10.5%
  [MA20] reward=0.0095 task_sr=91.5% miss=8.5% time_limit=0.0% v2v=0.3%
  [RWRD] r_prog=0.0479 r_term=0.0549 r_illegal=0.0000
  [PPO ] p_loss=0.0003 v_loss=0.1408 entropy=1.1060 grad=7.2517 active=100.0%
  [SIM ] avg_power(a)=0.4850 rsu_q=1.478 tx=70 no_tx=139 deadlock=0 svc=0.000GHz idle=0.0%
   751    13.6s    0.0062    85.0%    85.0%    98.8%       66%/34%/0%    2.948    0.074    15.0%     0.0%   1.2361   0.0175    10.5%
   752     9.0s    0.0099   100.0%   100.0%   100.0%       67%/33%/0%    1.934    0.111     0.0%     0.0%   1.0955   0.0107     9.3%
   753    14.5s    0.0072    90.0%    90.0%    98.4%       67%/33%/0%    2.658    0.061    10.0%     0.0%   1.3954   0.0081    10.5%
   754    13.8s    0.0059    75.0%    75.0%    96.6%       68%/32%/0%    2.773    0.080    25.0%     0.0%   1.2553   0.0116    10.4%
   755     7.7s    0.0079    85.0%    85.0%    97.1%       78%/22%/0%    1.587    0.047    15.0%     0.0%   1.3366   0.0238    10.7%
   756     7.3s    0.0086    90.0%    90.0%    99.0%       70%/30%/0%    1.838    0.060    10.0%     0.0%   1.1114   0.0047    12.0%
   757    10.9s    0.0075    90.0%    90.0%    99.0%       65%/34%/1%    1.942    0.071    10.0%     0.0%   1.3242   0.0185    11.6%
   758    14.5s    0.0063    90.0%    90.0%    98.1%       69%/31%/0%    2.878    0.052    10.0%     0.0%   1.1951   0.0144    10.4%
   759     3.6s    0.0181   100.0%   100.0%   100.0%       72%/28%/0%    0.807    0.071     0.0%     0.0%   0.8656   0.0215     8.9%
   760     8.1s    0.0073    90.0%    90.0%    99.0%       69%/31%/0%    1.903    0.056    10.0%     0.0%   1.2658   0.0194    10.4%
  [MA20] reward=0.0088 task_sr=88.8% miss=11.3% time_limit=0.0% v2v=0.1%
  [RWRD] r_prog=0.0381 r_term=0.0351 r_illegal=0.0000
  [PPO ] p_loss=-0.0023 v_loss=0.1224 entropy=1.2658 grad=2.0813 active=100.0%
  [SIM ] avg_power(a)=0.4889 rsu_q=1.138 tx=63 no_tx=141 deadlock=0 svc=0.000GHz idle=0.0%

    Ep    Wall    R/step     T_SR     V_SR     S_SR            L/R/V   Lat(s)       En     Miss      Ill      Ent       KL     Clip
--------------------------------------------------------------------------------------------------------------------------------
   761     9.0s    0.0082    90.0%    90.0%    99.5%       58%/42%/0%    2.060    0.118    10.0%     0.0%   1.0671   0.0178     8.5%
   762     2.9s    0.0178   100.0%   100.0%   100.0%       67%/33%/0%    0.776    0.054     0.0%     0.0%   0.8451  -0.0029     7.9%
   763     2.6s    0.0194   100.0%   100.0%   100.0%       70%/30%/0%    0.771    0.066     0.0%     0.0%   0.7002   0.0130     6.7%
   764     2.6s    0.0183   100.0%   100.0%   100.0%       67%/33%/0%    0.776    0.079     0.0%     0.0%   0.6751   0.0019     5.4%
   765     2.6s    0.0192   100.0%   100.0%   100.0%       68%/32%/0%    0.747    0.066     0.0%     0.0%   0.7374   0.0115     5.5%
   766    14.9s    0.0060    70.0%    70.0%    96.6%       66%/34%/0%    2.844    0.081    30.0%     0.0%   1.1831   0.0164    10.7%
   767    13.0s    0.0070    95.0%    95.0%    99.2%       69%/31%/0%    2.798    0.064     5.0%     0.0%   1.1317   0.0305     9.8%
   768     2.6s    0.0175   100.0%   100.0%   100.0%       67%/33%/0%    0.718    0.048     0.0%     0.0%   1.0086  -0.0004     4.6%
   769     3.4s    0.0180   100.0%   100.0%   100.0%       77%/23%/0%    0.806    0.094     0.0%     0.0%   0.8653   0.0153    12.2%
   770    11.4s    0.0094   100.0%   100.0%   100.0%       66%/34%/0%    2.046    0.104     0.0%     0.0%   1.1577   0.0199    13.8%
  [MA20] reward=0.0113 task_sr=92.5% miss=7.5% time_limit=0.0% v2v=0.0%
  [RWRD] r_prog=0.0462 r_term=0.0475 r_illegal=0.0000
  [PPO ] p_loss=0.0070 v_loss=0.2077 entropy=1.1577 grad=5.5090 active=100.0%
  [SIM ] avg_power(a)=0.4697 rsu_q=2.320 tx=73 no_tx=139 deadlock=0 svc=0.000GHz idle=0.0%
   771     8.7s    0.0084    95.0%    95.0%    99.5%       65%/35%/0%    1.931    0.065     5.0%     0.0%   1.2570   0.0413    12.9%
   772    16.1s    0.0061    90.0%    90.0%    98.4%       50%/50%/0%    2.632    0.078    10.0%     0.0%   1.3970   0.0333    16.4%
   773     3.0s    0.0189   100.0%   100.0%   100.0%       73%/27%/0%    0.771    0.048     0.0%     0.0%   0.8486   0.0264     9.4%
   774    14.9s    0.0064    95.0%    95.0%    98.9%       56%/44%/0%    2.873    0.073     5.0%     0.0%   1.3135   0.0059    10.0%
   775     7.7s    0.0084    95.0%    95.0%    99.0%       73%/27%/0%    1.689    0.041     5.0%     0.0%   1.3411   0.0072    12.1%
   776     8.1s    0.0096   100.0%   100.0%   100.0%       59%/41%/0%    1.812    0.095     0.0%     0.0%   1.1139   0.0285    14.6%
   777    13.9s    0.0073    95.0%    95.0%   100.0%       72%/28%/0%    2.526    0.045     5.0%     0.0%   1.4050   0.0131     7.8%
   778     2.3s    0.0197   100.0%   100.0%   100.0%       74%/26%/0%    0.697    0.054     0.0%     0.0%   0.8952   0.0071     6.4%
   779     2.7s    0.0202   100.0%   100.0%   100.0%       70%/30%/0%    0.754    0.069     0.0%     0.0%   0.7615   0.0028     8.0%
   780    16.3s    0.0083    90.0%    90.0%    95.2%       28%/72%/0%    2.102    0.141    10.0%     0.0%   1.2873   0.0145    13.0%
  [MA20] reward=0.0127 task_sr=95.7% miss=4.2% time_limit=0.0% v2v=0.0%
  [RWRD] r_prog=0.0464 r_term=0.0369 r_illegal=0.0000
  [PPO ] p_loss=0.0072 v_loss=0.2864 entropy=1.2873 grad=2.8150 active=100.0%
  [SIM ] avg_power(a)=0.4442 rsu_q=5.962 tx=146 no_tx=56 deadlock=0 svc=0.000GHz idle=0.0%

    Ep    Wall    R/step     T_SR     V_SR     S_SR            L/R/V   Lat(s)       En     Miss      Ill      Ent       KL     Clip
--------------------------------------------------------------------------------------------------------------------------------
   781     3.0s    0.0180   100.0%   100.0%   100.0%       70%/30%/0%    0.838    0.084     0.0%     0.0%   0.7676   0.0201    10.5%
   782     4.4s    0.0096    95.0%    95.0%    96.9%       65%/34%/2%    0.825    0.041     5.0%     0.0%   1.3843   0.0272    12.6%
   783     7.4s    0.0084   100.0%   100.0%   100.0%       63%/37%/0%    1.908    0.059     0.0%     0.0%   1.2387   0.0214     9.1%
   784    12.0s    0.0064    80.0%    80.0%    91.7%       48%/52%/0%    1.737    0.090    20.0%     0.0%   1.2968   0.0206    13.8%
   785    13.5s    0.0057    90.0%    90.0%    99.2%       54%/46%/0%    2.644    0.093    10.0%     0.0%   1.2261   0.0390    12.1%
   786     6.5s    0.0093    95.0%    95.0%    99.5%       64%/36%/0%    1.825    0.062     5.0%     0.0%   1.1254   0.0155     9.3%
   787     8.0s    0.0089   100.0%   100.0%   100.0%       62%/38%/0%    1.837    0.076     0.0%     0.0%   1.1639   0.0219    11.3%
   788     2.5s    0.0177   100.0%   100.0%   100.0%       71%/29%/0%    0.765    0.049     0.0%     0.0%   1.0212   0.0259     9.7%
   789     7.1s    0.0099   100.0%   100.0%   100.0%       58%/42%/0%    1.637    0.060     0.0%     0.0%   1.2691   0.0257    10.2%
   790    15.0s    0.0076   100.0%   100.0%   100.0%       30%/70%/0%    2.624    0.114     0.0%     0.0%   1.1831   0.0098     8.8%
  [MA20] reward=0.0108 task_sr=96.0% miss=4.0% time_limit=0.0% v2v=0.1%
  [RWRD] r_prog=0.0375 r_term=0.0382 r_illegal=0.0000
  [PPO ] p_loss=0.0132 v_loss=0.0866 entropy=1.1831 grad=4.2159 active=100.0%
  [SIM ] avg_power(a)=0.4379 rsu_q=7.938 tx=183 no_tx=79 deadlock=0 svc=0.000GHz idle=0.0%
   791    14.2s    0.0069    95.0%    95.0%    99.3%       34%/66%/0%    2.591    0.092     5.0%     0.0%   1.1583   0.0138    11.3%
   792    27.8s    0.0036    55.0%    55.0%    78.7%       17%/83%/0%    2.863    0.154    45.0%     0.0%   1.2193   0.0169     9.9%
   793     9.6s    0.0094    95.0%    95.0%    99.5%       25%/75%/0%    1.962    0.128     5.0%     0.0%   1.1655   0.0211    10.2%
   794     2.5s    0.0176   100.0%   100.0%   100.0%       66%/34%/0%    0.756    0.068     0.0%     0.0%   0.9320   0.0169    11.8%
   795    14.2s    0.0063    95.0%    95.0%    96.8%       21%/79%/0%    2.435    0.123     5.0%     0.0%   1.1266   0.0448    14.2%
   796    15.1s    0.0058    90.0%    90.0%    99.2%        8%/92%/0%    2.537    0.131    10.0%     0.0%   1.0270   0.0228     7.5%
   797     6.7s    0.0098   100.0%   100.0%   100.0%       10%/90%/0%    1.589    0.084     0.0%     0.0%   1.0875   0.0172     9.7%
   798    21.5s    0.0027    20.0%    20.0%    74.1%        8%/92%/0%    2.343    0.178    80.0%     0.0%   1.1801   0.0204    14.7%
   799     7.8s    0.0069    90.0%    90.0%    97.0%        1%/99%/0%    1.705    0.061    10.0%     0.0%   1.1319   0.0342    10.2%
   800     8.1s    0.0086    95.0%    95.0%    97.0%       31%/69%/0%    1.683    0.081     5.0%     0.0%   1.2805   0.0211    13.5%
  [MA20] reward=0.0090 task_sr=89.7% miss=10.2% time_limit=0.0% v2v=0.1%
  [RWRD] r_prog=0.0376 r_term=0.0480 r_illegal=0.0000
  [PPO ] p_loss=-0.0076 v_loss=0.1212 entropy=1.2805 grad=5.5262 active=100.0%
  [SIM ] avg_power(a)=0.4354 rsu_q=5.520 tx=137 no_tx=62 deadlock=0 svc=0.000GHz idle=0.0%
  [Checkpoint] saved: ep0800.pth

    Ep    Wall    R/step     T_SR     V_SR     S_SR            L/R/V   Lat(s)       En     Miss      Ill      Ent       KL     Clip
--------------------------------------------------------------------------------------------------------------------------------
   801     8.4s    0.0077    85.0%    85.0%    97.9%       62%/38%/0%    1.915    0.096    15.0%     0.0%   1.1763   0.0089     9.9%
   802     8.1s    0.0095   100.0%   100.0%   100.0%       62%/38%/0%    1.912    0.076     0.0%     0.0%   1.1480   0.0172    11.6%
   803     7.7s    0.0094   100.0%   100.0%   100.0%       71%/29%/0%    1.802    0.045     0.0%     0.0%   1.4112   0.0080     7.2%
   804     2.9s    0.0178   100.0%   100.0%   100.0%       69%/31%/0%    0.769    0.070     0.0%     0.0%   0.8299   0.0075     5.1%
   805     2.8s    0.0175   100.0%   100.0%   100.0%       64%/36%/0%    0.803    0.076     0.0%     0.0%   0.8222   0.0076     7.4%
   806    15.3s    0.0063    95.0%    95.0%    99.6%       61%/39%/0%    3.014    0.088     5.0%     0.0%   1.2118   0.0339    10.0%
   807     8.4s    0.0081    85.0%    85.0%    99.0%       65%/35%/0%    1.908    0.079    15.0%     0.0%   1.1948   0.0251     8.1%
   808    24.8s    0.0037    30.0%    30.0%    84.8%       26%/74%/0%    3.044    0.139    70.0%     0.0%   1.1149   0.0281     9.1%
   809    13.7s    0.0064    95.0%    95.0%    98.8%       25%/74%/0%    2.537    0.113     5.0%     0.0%   1.1538   0.0100     9.6%
   810     8.0s    0.0078    95.0%    95.0%    97.0%       40%/60%/0%    1.649    0.075     5.0%     0.0%   1.4335   0.0367    14.9%
  [MA20] reward=0.0086 task_sr=86.0% miss=14.0% time_limit=0.0% v2v=0.0%
  [RWRD] r_prog=0.0308 r_term=0.0472 r_illegal=0.0000
  [PPO ] p_loss=0.0105 v_loss=0.0958 entropy=1.4335 grad=3.2123 active=100.0%
  [SIM ] avg_power(a)=0.4474 rsu_q=3.269 tx=120 no_tx=79 deadlock=0 svc=0.000GHz idle=0.0%
   811     2.9s    0.0173   100.0%   100.0%   100.0%       68%/32%/0%    0.761    0.049     0.0%     0.0%   0.9904   0.0048     5.8%
   812     8.2s    0.0113   100.0%   100.0%   100.0%       61%/39%/0%    1.898    0.075     0.0%     0.0%   1.1450   0.0254     8.0%
   813     8.1s    0.0096    95.0%    95.0%   100.0%       68%/31%/1%    1.836    0.075     5.0%     0.0%   1.1747   0.0236    10.6%
   814     3.2s    0.0172   100.0%   100.0%   100.0%       67%/33%/0%    0.784    0.107     0.0%     0.0%   1.0563   0.0349     6.0%
   815     8.0s    0.0094   100.0%   100.0%   100.0%       63%/37%/1%    1.831    0.047     0.0%     0.0%   1.3594   0.0213     9.3%
   816     2.8s    0.0182   100.0%   100.0%   100.0%       69%/31%/0%    0.780    0.081     0.0%     0.0%   0.8654   0.0021     7.5%
   817    10.4s    0.0103    95.0%    95.0%    98.5%       58%/42%/0%    1.978    0.132     5.0%     0.0%   1.0786   0.0088    10.9%
   818     3.3s    0.0179   100.0%   100.0%   100.0%       72%/28%/0%    0.785    0.056     0.0%     0.0%   0.8240   0.0263     6.8%
   819     8.4s    0.0084    95.0%    95.0%   100.0%       61%/39%/0%    1.927    0.064     5.0%     0.0%   1.3759   0.0015    10.1%
   820    18.4s    0.0041    20.0%    20.0%    79.6%       19%/81%/0%    2.066    0.162    80.0%     0.0%   1.1801   0.0075    10.8%
  [MA20] reward=0.0109 task_sr=89.5% miss=10.5% time_limit=0.0% v2v=0.1%
  [RWRD] r_prog=0.0614 r_term=-0.0200 r_illegal=0.0000
  [PPO ] p_loss=0.0171 v_loss=0.7426 entropy=1.1801 grad=10.8809 active=100.0%
  [SIM ] avg_power(a)=0.4290 rsu_q=13.536 tx=149 no_tx=36 deadlock=0 svc=0.000GHz idle=0.0%

    Ep    Wall    R/step     T_SR     V_SR     S_SR            L/R/V   Lat(s)       En     Miss      Ill      Ent       KL     Clip
--------------------------------------------------------------------------------------------------------------------------------
   821    15.3s    0.0058    90.0%    90.0%    97.7%       34%/66%/0%    2.534    0.112    10.0%     0.0%   1.3065   0.0256    11.7%
   822     7.9s    0.0093    95.0%    95.0%    99.0%       55%/45%/0%    1.871    0.087     5.0%     0.0%   1.1981   0.0035    11.2%
   823    14.6s    0.0105   100.0%   100.0%   100.0%       42%/58%/0%    2.084    0.122     0.0%     0.0%   1.3298   0.0265    12.3%
   824     2.8s    0.0179   100.0%   100.0%   100.0%       73%/27%/0%    0.785    0.082     0.0%     0.0%   0.7962   0.0096     5.9%
   825     7.5s    0.0086    90.0%    90.0%    99.5%       69%/31%/0%    1.842    0.054    10.0%     0.0%   1.3562   0.0292     9.0%
   826     2.3s    0.0181   100.0%   100.0%   100.0%       69%/31%/0%    0.708    0.064     0.0%     0.0%   0.9292   0.0057     4.0%
   827     2.6s    0.0162   100.0%   100.0%   100.0%       73%/27%/0%    0.777    0.068     0.0%     0.0%   0.9926   0.0116     4.3%
   828     4.7s    0.0091    95.0%    95.0%    97.6%       69%/30%/1%    0.822    0.054     5.0%     0.0%   1.6940   0.0096     5.8%
   829     9.9s    0.0093   100.0%   100.0%   100.0%       40%/60%/0%    1.897    0.132     0.0%     0.0%   1.2487   0.0176    10.6%
   830     8.7s    0.0088    90.0%    90.0%    98.5%       66%/34%/0%    1.819    0.077    10.0%     0.0%   1.3485   0.0255    11.4%
  [MA20] reward=0.0119 task_sr=93.2% miss=6.8% time_limit=0.0% v2v=0.1%
  [RWRD] r_prog=0.0438 r_term=0.0438 r_illegal=0.0000
  [PPO ] p_loss=0.0450 v_loss=0.2072 entropy=1.3485 grad=2.0559 active=100.0%
  [SIM ] avg_power(a)=0.4535 rsu_q=1.375 tx=68 no_tx=134 deadlock=0 svc=0.000GHz idle=0.0%
   831     7.8s    0.0080    95.0%    95.0%    98.1%       43%/57%/0%    1.621    0.072     5.0%     0.0%   1.3352   0.0331    13.4%
   832    16.1s    0.0071    80.0%    80.0%    93.7%       22%/78%/0%    2.075    0.113    20.0%     0.0%   1.3782   0.0242    10.6%
   833    15.0s    0.0066    95.0%    95.0%    99.2%       29%/71%/0%    2.831    0.109     5.0%     0.0%   1.2065   0.0265    11.0%
   834     7.6s    0.0101   100.0%   100.0%   100.0%       47%/53%/0%    1.748    0.104     0.0%     0.0%   0.9749   0.0143     8.2%
   835     7.7s    0.0087    90.0%    90.0%    99.5%       24%/76%/0%    1.892    0.111    10.0%     0.0%   0.9794   0.0163     7.9%
   836     6.9s    0.0133   100.0%   100.0%   100.0%       20%/80%/0%    1.144    0.141     0.0%     0.0%   1.2092   0.0611    13.4%
   837     3.6s    0.0167   100.0%   100.0%   100.0%       63%/37%/0%    0.850    0.086     0.0%     0.0%   0.9232   0.0356     9.8%
   838     7.3s    0.0085   100.0%   100.0%   100.0%       47%/53%/0%    1.676    0.047     0.0%     0.0%   1.5332   0.0266     8.2%
   839     6.8s    0.0106    95.0%    95.0%    98.4%       47%/53%/0%    1.144    0.126     5.0%     0.0%   1.3646   0.0196     9.6%
   840     9.3s    0.0082    85.0%    85.0%    98.5%       63%/37%/0%    1.991    0.084    15.0%     0.0%   1.3045   0.0146     7.4%
  [MA20] reward=0.0106 task_sr=95.0% miss=5.0% time_limit=0.0% v2v=0.0%
  [RWRD] r_prog=0.0472 r_term=0.0348 r_illegal=0.0000
  [PPO ] p_loss=0.0121 v_loss=0.2794 entropy=1.3045 grad=3.5116 active=100.0%
  [SIM ] avg_power(a)=0.4317 rsu_q=2.400 tx=72 no_tx=122 deadlock=0 svc=0.000GHz idle=0.0%

    Ep    Wall    R/step     T_SR     V_SR     S_SR            L/R/V   Lat(s)       En     Miss      Ill      Ent       KL     Clip
--------------------------------------------------------------------------------------------------------------------------------
   841     9.1s    0.0094   100.0%   100.0%   100.0%       42%/57%/0%    1.917    0.091     0.0%     0.0%   1.2558   0.0102    10.3%
   842     2.5s    0.0185   100.0%   100.0%   100.0%       69%/31%/0%    0.792    0.076     0.0%     0.0%   0.8083   0.0232     6.5%
   843     9.0s    0.0092   100.0%   100.0%   100.0%       70%/30%/0%    1.714    0.039     0.0%     0.0%   1.4403   0.0278     9.1%
   844     5.8s    0.0147   100.0%   100.0%   100.0%       76%/24%/0%    0.947    0.106     0.0%     0.0%   1.1432   0.0041     9.1%
   845     2.5s    0.0178   100.0%   100.0%   100.0%       68%/32%/0%    0.691    0.054     0.0%     0.0%   1.0354   0.0136     3.0%
   846     2.5s    0.0175   100.0%   100.0%   100.0%       74%/26%/0%    0.759    0.065     0.0%     0.0%   0.8689   0.0212     4.5%
   847    14.1s    0.0056    65.0%    65.0%    92.2%       68%/32%/0%    2.911    0.096    35.0%     0.0%   1.2107   0.0137     9.1%
   848    16.2s    0.0088    80.0%    80.0%    97.0%       67%/33%/0%    2.110    0.108    20.0%     0.0%   1.5269   0.0272    11.6%
   849    11.1s    0.0077    75.0%    75.0%    96.4%       75%/25%/0%    1.929    0.091    25.0%     0.0%   1.2357   0.0215     9.8%
   850     8.0s    0.0083    95.0%    95.0%    99.0%       80%/20%/0%    1.845    0.039     5.0%     0.0%   1.4055   0.0163     8.2%
  [MA20] reward=0.0108 task_sr=92.8% miss=7.2% time_limit=0.0% v2v=0.0%
  [RWRD] r_prog=0.0410 r_term=0.0416 r_illegal=0.0000
  [PPO ] p_loss=-0.0128 v_loss=0.0842 entropy=1.4055 grad=1.7065 active=100.0%
  [SIM ] avg_power(a)=0.4697 rsu_q=0.679 tx=42 no_tx=163 deadlock=0 svc=0.000GHz idle=0.0%
   851    16.8s    0.0060    75.0%    75.0%    98.4%       57%/43%/0%    2.865    0.083    25.0%     0.0%   1.4423   0.0144    10.9%
   852    26.8s    0.0037    25.0%    25.0%    88.7%       31%/69%/0%    3.029    0.143    75.0%     0.0%   1.4435   0.0251    12.2%
   853    33.3s    0.0028    30.0%    30.0%    86.3%       33%/67%/0%    3.221    0.156    70.0%     0.0%   1.3791   0.0347    13.6%
   854     8.6s    0.0094   100.0%   100.0%   100.0%       65%/35%/0%    1.863    0.074     0.0%     0.0%   1.1890   0.0149     9.9%
   855     7.3s    0.0102   100.0%   100.0%   100.0%       66%/34%/0%    1.604    0.051     0.0%     0.0%   1.2723   0.0155     9.3%
   856     2.7s    0.0195   100.0%   100.0%   100.0%       67%/33%/0%    0.719    0.053     0.0%     0.0%   0.8977   0.0244     5.3%
   857     9.5s    0.0086    95.0%    95.0%    99.5%       73%/27%/0%    1.957    0.067     5.0%     0.0%   1.2978   0.0121     7.1%
   858    12.0s    0.0087    85.0%    85.0%    97.6%       72%/28%/0%    2.119    0.062    15.0%     0.0%   1.3389   0.0137    10.8%
   859     9.7s    0.0066    50.0%    50.0%    90.3%       72%/28%/0%    1.898    0.082    50.0%     0.0%   1.0903   0.0200     9.5%
   860     7.0s    0.0094    95.0%    95.0%    99.0%       77%/23%/1%    1.781    0.052     5.0%     0.0%   1.2446   0.0205     9.2%
  [MA20] reward=0.0101 task_sr=83.5% miss=16.5% time_limit=0.0% v2v=0.1%
  [RWRD] r_prog=0.0477 r_term=0.0467 r_illegal=0.0000
  [PPO ] p_loss=-0.0119 v_loss=0.1515 entropy=1.2446 grad=7.1056 active=100.0%
  [SIM ] avg_power(a)=0.4590 rsu_q=0.400 tx=45 no_tx=150 deadlock=0 svc=0.000GHz idle=0.0%

    Ep    Wall    R/step     T_SR     V_SR     S_SR            L/R/V   Lat(s)       En     Miss      Ill      Ent       KL     Clip
--------------------------------------------------------------------------------------------------------------------------------
   861     2.3s    0.0197   100.0%   100.0%   100.0%       72%/28%/0%    0.745    0.085     0.0%     0.0%   0.7492   0.0271     7.3%
   862     7.8s    0.0080    90.0%    90.0%    97.5%       78%/22%/0%    1.870    0.041    10.0%     0.0%   1.3773   0.0095    10.0%
   863     2.9s    0.0180   100.0%   100.0%   100.0%       67%/33%/0%    0.803    0.073     0.0%     0.0%   0.8343   0.0141     5.5%
   864     2.7s    0.0181   100.0%   100.0%   100.0%       67%/33%/0%    0.778    0.083     0.0%     0.0%   0.8463   0.0026     4.4%
   865     8.0s    0.0102   100.0%   100.0%   100.0%       67%/33%/0%    1.714    0.043     0.0%     0.0%   1.2739   0.0335    11.0%
   866     3.0s    0.0178   100.0%   100.0%   100.0%       71%/28%/1%    0.839    0.070     0.0%     0.0%   0.6834   0.0019     6.8%
   867    18.1s    0.0048    55.0%    55.0%    87.0%       20%/80%/0%    2.183    0.165    45.0%     0.0%   1.1587   0.0254    13.2%
   868     8.2s    0.0088   100.0%   100.0%   100.0%       69%/30%/1%    1.989    0.060     0.0%     0.0%   1.1731   0.0197    12.1%
   869     3.2s    0.0178   100.0%   100.0%   100.0%       69%/31%/0%    0.831    0.075     0.0%     0.0%   0.7766  -0.0003     7.6%
   870     2.7s    0.0184   100.0%   100.0%   100.0%       69%/31%/0%    0.789    0.057     0.0%     0.0%   0.7844   0.0098     5.5%
  [MA20] reward=0.0113 task_sr=85.0% miss=15.0% time_limit=0.0% v2v=0.1%
  [RWRD] r_prog=0.0371 r_term=0.1465 r_illegal=0.0000
  [PPO ] p_loss=-0.0033 v_loss=0.0171 entropy=0.7844 grad=1.3107 active=100.0%
  [SIM ] avg_power(a)=0.4642 rsu_q=1.364 tx=40 no_tx=90 deadlock=0 svc=0.000GHz idle=0.0%
   871     8.4s    0.0081    90.0%    90.0%    98.5%       77%/23%/0%    1.615    0.050    10.0%     0.0%   1.2573   0.0141    10.7%
   872    31.7s    0.0036    30.0%    30.0%    91.4%       34%/66%/0%    3.393    0.157    70.0%     0.0%   1.1932   0.0289    12.4%
   873     7.3s    0.0094   100.0%   100.0%   100.0%       70%/30%/0%    1.779    0.041     0.0%     0.0%   1.1852   0.0301     9.1%
   874    17.1s    0.0060    80.0%    80.0%    97.0%       53%/46%/0%    3.028    0.082    20.0%     0.0%   1.2147   0.0083    10.7%
   875     8.1s    0.0088   100.0%   100.0%   100.0%       69%/31%/0%    1.905    0.048     0.0%     0.0%   1.3506   0.0179    10.3%
   876     2.6s    0.0178   100.0%   100.0%   100.0%       68%/32%/0%    0.761    0.065     0.0%     0.0%   0.7972   0.0113     5.4%
   877     7.8s    0.0085    95.0%    95.0%    99.5%       68%/32%/0%    1.907    0.030     5.0%     0.0%   1.3870   0.0277    10.6%
   878     7.3s    0.0098   100.0%   100.0%   100.0%       76%/24%/0%    1.846    0.052     0.0%     0.0%   1.0083   0.0025     8.8%
   879     7.8s    0.0092   100.0%   100.0%   100.0%       71%/29%/0%    1.824    0.041     0.0%     0.0%   1.3786   0.0211    10.2%
   880    14.9s    0.0055    65.0%    65.0%    96.1%       70%/29%/1%    2.845    0.073    35.0%     0.0%   1.3173   0.0366    14.0%
  [MA20] reward=0.0114 task_sr=90.2% miss=9.7% time_limit=0.0% v2v=0.1%
  [RWRD] r_prog=0.0433 r_term=0.0113 r_illegal=0.0000
  [PPO ] p_loss=0.0012 v_loss=0.2749 entropy=1.3173 grad=4.9995 active=100.0%
  [SIM ] avg_power(a)=0.4552 rsu_q=1.833 tx=76 no_tx=176 deadlock=0 svc=0.000GHz idle=0.0%

    Ep    Wall    R/step     T_SR     V_SR     S_SR            L/R/V   Lat(s)       En     Miss      Ill      Ent       KL     Clip
--------------------------------------------------------------------------------------------------------------------------------
   881     7.8s    0.0098   100.0%   100.0%   100.0%       57%/43%/0%    1.919    0.090     0.0%     0.0%   0.9999   0.0218    10.5%
   882     7.8s    0.0093   100.0%   100.0%   100.0%       55%/44%/0%    1.897    0.075     0.0%     0.0%   1.1512   0.0182    12.4%
   883    12.4s    0.0070    85.0%    85.0%    94.6%       37%/63%/0%    2.087    0.127    15.0%     0.0%   1.2467   0.0169    13.0%
   884     8.1s    0.0092   100.0%   100.0%   100.0%       46%/54%/0%    1.741    0.079     0.0%     0.0%   1.2238   0.0258    15.5%
   885     9.5s    0.0104   100.0%   100.0%   100.0%       66%/34%/0%    1.761    0.068     0.0%     0.0%   1.2385   0.0256    12.3%
   886     7.9s    0.0088    95.0%    95.0%    99.5%       71%/28%/1%    1.959    0.057     5.0%     0.0%   1.2866   0.0226    13.2%
   887     7.5s    0.0101   100.0%   100.0%   100.0%       70%/29%/1%    1.714    0.047     0.0%     0.0%   1.4430   0.0301    13.4%
   888     6.9s    0.0089    85.0%    85.0%    97.9%       76%/24%/1%    1.876    0.068    15.0%     0.0%   1.1678   0.0148    11.5%
   889     7.8s    0.0090   100.0%   100.0%   100.0%       76%/23%/2%    1.679    0.074     0.0%     0.0%   1.4248   0.0227    12.0%
   890    12.5s    0.0077   100.0%   100.0%   100.0%       73%/26%/1%    2.686    0.037     0.0%     0.0%   1.4900   0.0292    11.2%
  [MA20] reward=0.0088 task_sr=91.2% miss=8.8% time_limit=0.0% v2v=0.3%
  [RWRD] r_prog=0.0428 r_term=0.0343 r_illegal=0.0000
  [PPO ] p_loss=0.0111 v_loss=0.0830 entropy=1.4900 grad=5.3048 active=100.0%
  [SIM ] avg_power(a)=0.4762 rsu_q=1.176 tx=66 no_tx=181 deadlock=0 svc=0.000GHz idle=0.0%
   891     8.9s    0.0090   100.0%   100.0%   100.0%       75%/25%/1%    1.960    0.054     0.0%     0.0%   1.4195   0.0355    12.5%
   892    20.0s    0.0052    65.0%    65.0%    95.3%       65%/35%/1%    2.977    0.107    35.0%     0.0%   1.4411   0.0271    13.0%
   893     2.7s    0.0192   100.0%   100.0%   100.0%       69%/31%/0%    0.727    0.048     0.0%     0.0%   0.8949   0.0068     5.0%
   894     8.0s    0.0091   100.0%   100.0%   100.0%       71%/29%/0%    1.790    0.045     0.0%     0.0%   1.4304   0.0125     8.4%
   895     8.0s    0.0094    95.0%    95.0%    99.5%       66%/34%/1%    1.911    0.067     5.0%     0.0%   1.2910   0.0117     9.5%
   896     8.6s    0.0089    95.0%    95.0%    99.0%       67%/33%/0%    1.998    0.075     5.0%     0.0%   1.2469   0.0263    10.4%
   897     7.6s    0.0091    95.0%    95.0%    99.5%       69%/30%/0%    1.943    0.057     5.0%     0.0%   1.2436   0.0131    11.1%
   898    13.7s    0.0061    85.0%    85.0%    97.7%       64%/36%/0%    2.769    0.056    15.0%     0.0%   1.3380   0.0273     9.9%
   899     7.2s    0.0095   100.0%   100.0%   100.0%       68%/31%/1%    1.807    0.055     0.0%     0.0%   1.1902   0.0435    10.2%
   900    14.8s    0.0060    80.0%    80.0%    96.9%       69%/29%/1%    2.957    0.091    20.0%     0.0%   1.2575   0.0203    10.9%
  [MA20] reward=0.0091 task_sr=94.0% miss=6.0% time_limit=0.0% v2v=0.5%
  [RWRD] r_prog=0.0399 r_term=0.0200 r_illegal=0.0000
  [PPO ] p_loss=-0.0064 v_loss=0.2682 entropy=1.2575 grad=5.3489 active=100.0%
  [SIM ] avg_power(a)=0.4900 rsu_q=1.571 tx=76 no_tx=174 deadlock=0 svc=0.000GHz idle=0.0%
  [Checkpoint] saved: ep0900.pth

    Ep    Wall    R/step     T_SR     V_SR     S_SR            L/R/V   Lat(s)       En     Miss      Ill      Ent       KL     Clip
--------------------------------------------------------------------------------------------------------------------------------
   901    29.3s    0.0052    55.0%    55.0%    94.8%       59%/41%/0%    3.158    0.141    45.0%     0.0%   1.6569   0.0321    13.2%
   902     8.5s    0.0089    90.0%    90.0%    96.6%       76%/24%/0%    1.841    0.055    10.0%     0.0%   1.3164   0.0066    10.9%
   903    33.3s    0.0018    10.0%    10.0%    70.7%       39%/60%/1%    3.226    0.153    90.0%     0.0%   1.5521   0.0414    17.9%
   904     7.7s    0.0096   100.0%   100.0%   100.0%       69%/31%/0%    1.832    0.053     0.0%     0.0%   1.3104   0.0232     9.3%
   905    14.6s    0.0056    85.0%    85.0%    98.8%       57%/43%/0%    2.971    0.100    15.0%     0.0%   1.2020   0.0181    10.2%
   906    12.7s    0.0072   100.0%   100.0%   100.0%       61%/39%/0%    2.728    0.067     0.0%     0.0%   1.2695   0.0196    12.6%
   907     7.8s    0.0089    95.0%    95.0%    99.5%       65%/35%/0%    1.763    0.051     5.0%     0.0%   1.2324   0.0240    10.2%
   908     2.8s    0.0164   100.0%   100.0%   100.0%       69%/31%/0%    0.771    0.049     0.0%     0.0%   0.9558   0.0074     7.7%
   909    14.5s    0.0054    75.0%    75.0%    95.7%       71%/29%/0%    2.799    0.070    25.0%     0.0%   1.3260   0.0270    15.1%
   910     8.2s    0.0089   100.0%   100.0%   100.0%       63%/37%/0%    2.002    0.075     0.0%     0.0%   1.1375   0.0321    11.9%
  [MA20] reward=0.0085 task_sr=86.2% miss=13.8% time_limit=0.0% v2v=0.3%
  [RWRD] r_prog=0.0420 r_term=0.0467 r_illegal=0.0000
  [PPO ] p_loss=-0.0027 v_loss=0.0747 entropy=1.1375 grad=4.2534 active=100.0%
  [SIM ] avg_power(a)=0.4742 rsu_q=2.577 tx=76 no_tx=127 deadlock=0 svc=0.000GHz idle=0.0%
   911     7.3s    0.0094   100.0%   100.0%   100.0%       65%/35%/0%    1.685    0.048     0.0%     0.0%   1.3732   0.0221     9.7%
   912    15.7s    0.0062    85.0%    85.0%    97.7%       68%/31%/0%    2.948    0.069    15.0%     0.0%   1.3621   0.0255    12.2%
   913     4.6s    0.0149   100.0%   100.0%   100.0%       64%/36%/0%    0.921    0.091     0.0%     0.0%   1.1728   0.0119     7.6%
   914     7.3s    0.0089    95.0%    95.0%    98.5%       63%/37%/0%    1.557    0.048     5.0%     0.0%   1.4657   0.0221     8.1%
   915     6.4s    0.0150   100.0%   100.0%   100.0%       60%/40%/0%    1.074    0.129     0.0%     0.0%   1.1504   0.0480    11.1%
   916    13.7s    0.0064    95.0%    95.0%    99.2%       60%/40%/0%    2.500    0.072     5.0%     0.0%   1.4487   0.0248    16.1%
   917     2.4s    0.0178   100.0%   100.0%   100.0%       65%/33%/2%    0.728    0.044     0.0%     0.0%   0.9995   0.0242     9.3%
   918     8.5s    0.0092    95.0%    95.0%    99.0%       64%/35%/1%    1.883    0.058     5.0%     0.0%   1.3197   0.0181    13.3%
   919    14.4s    0.0074    90.0%    90.0%    97.7%       63%/36%/0%    2.860    0.080    10.0%     0.0%   1.3960   0.0134    12.8%
   920     8.0s    0.0099   100.0%   100.0%   100.0%       72%/27%/1%    1.857    0.064     0.0%     0.0%   1.2378   0.0126    12.4%
  [MA20] reward=0.0092 task_sr=88.5% miss=11.5% time_limit=0.0% v2v=0.3%
  [RWRD] r_prog=0.0457 r_term=0.0528 r_illegal=0.0000
  [PPO ] p_loss=-0.0316 v_loss=0.0288 entropy=1.2378 grad=0.8220 active=100.0%
  [SIM ] avg_power(a)=0.4650 rsu_q=1.292 tx=58 no_tx=147 deadlock=0 svc=0.000GHz idle=0.0%

    Ep    Wall    R/step     T_SR     V_SR     S_SR            L/R/V   Lat(s)       En     Miss      Ill      Ent       KL     Clip
--------------------------------------------------------------------------------------------------------------------------------
   921     7.5s    0.0094   100.0%   100.0%   100.0%       73%/27%/1%    1.906    0.064     0.0%     0.0%   1.3622   0.0083    11.0%
   922     2.9s    0.0183   100.0%   100.0%   100.0%       70%/30%/0%    0.793    0.064     0.0%     0.0%   0.8719   0.0044     8.1%
   923     7.9s    0.0077    75.0%    75.0%    96.6%       74%/25%/1%    1.980    0.048    25.0%     0.0%   1.2196   0.0058    10.7%
   924    12.5s    0.0083    85.0%    85.0%    99.0%       67%/33%/0%    2.133    0.077    15.0%     0.0%   1.5049   0.0254    13.9%
   925     2.5s    0.0193   100.0%   100.0%   100.0%       69%/31%/0%    0.712    0.053     0.0%     0.0%   0.9397  -0.0073     7.7%
   926     2.8s    0.0181   100.0%   100.0%   100.0%       68%/32%/0%    0.759    0.065     0.0%     0.0%   0.9212  -0.0041     6.1%
   927     2.7s    0.0220   100.0%   100.0%   100.0%       70%/30%/0%    0.776    0.082     0.0%     0.0%   0.6067   0.0047     8.4%
   928    10.7s    0.0071    75.0%    75.0%    97.5%       68%/32%/0%    2.021    0.066    25.0%     0.0%   1.3021   0.0275    12.8%
   929    15.4s    0.0047    50.0%    50.0%    91.6%       77%/23%/0%    2.890    0.060    50.0%     0.0%   1.2826   0.0142    13.4%
   930    17.6s    0.0080    80.0%    80.0%    96.6%       68%/32%/0%    2.222    0.120    20.0%     0.0%   1.3524   0.0223    12.2%
  [MA20] reward=0.0114 task_sr=91.2% miss=8.8% time_limit=0.0% v2v=0.3%
  [RWRD] r_prog=0.0535 r_term=0.0270 r_illegal=0.0000
  [PPO ] p_loss=0.0018 v_loss=0.4504 entropy=1.3524 grad=3.7838 active=100.0%
  [SIM ] avg_power(a)=0.4477 rsu_q=2.346 tx=65 no_tx=138 deadlock=0 svc=0.000GHz idle=0.0%
   931    17.9s    0.0066    85.0%    85.0%    97.3%       64%/36%/0%    2.881    0.091    15.0%     0.0%   1.4080   0.0021    11.9%
   932    13.8s    0.0059    80.0%    80.0%    98.0%       68%/32%/0%    2.824    0.058    20.0%     0.0%   1.3343   0.0124    10.6%
   933     7.9s    0.0098   100.0%   100.0%   100.0%       75%/24%/1%    1.784    0.049     0.0%     0.0%   1.3035   0.0175    10.0%
   934     9.5s    0.0091    95.0%    95.0%    99.5%       71%/29%/0%    2.062    0.083     5.0%     0.0%   1.1570   0.0093     7.2%
   935    14.2s    0.0056    70.0%    70.0%    98.0%       72%/28%/0%    2.755    0.069    30.0%     0.0%   1.2884   0.0152    11.3%
   936     2.6s    0.0178   100.0%   100.0%   100.0%       69%/31%/0%    0.759    0.059     0.0%     0.0%   0.8833   0.0066     4.5%
   937    18.6s    0.0056    50.0%    50.0%    90.8%       64%/36%/0%    2.096    0.117    50.0%     0.0%   1.5259   0.0174    11.3%
   938     8.0s    0.0086    90.0%    90.0%    98.0%       78%/22%/0%    1.739    0.043    10.0%     0.0%   1.2341   0.0066     6.9%
   939     8.1s    0.0082    90.0%    90.0%    99.0%       75%/25%/0%    1.872    0.048    10.0%     0.0%   1.0986   0.0160     7.9%
   940    11.8s    0.0079    85.0%    85.0%    97.5%       75%/25%/0%    2.054    0.080    15.0%     0.0%   1.2329   0.0200     9.1%
  [MA20] reward=0.0104 task_sr=85.5% miss=14.5% time_limit=0.0% v2v=0.1%
  [RWRD] r_prog=0.0468 r_term=0.0321 r_illegal=0.0000
  [PPO ] p_loss=-0.0011 v_loss=0.2168 entropy=1.2329 grad=2.1142 active=100.0%
  [SIM ] avg_power(a)=0.4384 rsu_q=0.889 tx=51 no_tx=150 deadlock=0 svc=0.000GHz idle=0.0%

    Ep    Wall    R/step     T_SR     V_SR     S_SR            L/R/V   Lat(s)       En     Miss      Ill      Ent       KL     Clip
--------------------------------------------------------------------------------------------------------------------------------
   941     2.5s    0.0192   100.0%   100.0%   100.0%       69%/31%/0%    0.719    0.038     0.0%     0.0%   0.9613   0.0149     4.5%
   942     3.0s    0.0178   100.0%   100.0%   100.0%       69%/30%/1%    0.821    0.082     0.0%     0.0%   0.7489   0.0214     4.5%
   943     2.6s    0.0177   100.0%   100.0%   100.0%       70%/30%/0%    0.774    0.050     0.0%     0.0%   0.8441   0.0084     6.1%
   944     6.5s    0.0086    90.0%    90.0%    98.9%       77%/23%/1%    1.811    0.040    10.0%     0.0%   1.2310   0.0097     8.0%
   945     8.2s    0.0080    90.0%    90.0%    99.5%       76%/24%/1%    1.806    0.045    10.0%     0.0%   1.2678   0.0183     7.5%
   946     7.8s    0.0079    90.0%    90.0%    99.5%       79%/21%/0%    1.837    0.032    10.0%     0.0%   1.4081   0.0198     8.0%
   947     8.4s    0.0089    95.0%    95.0%    99.0%       75%/25%/0%    1.879    0.052     5.0%     0.0%   1.2442   0.0215     7.7%
   948    17.5s    0.0045    40.0%    40.0%    90.3%       66%/34%/0%    2.317    0.123    60.0%     0.0%   1.3803   0.0181    11.5%
   949    12.9s    0.0076    90.0%    90.0%    98.1%       69%/31%/0%    2.784    0.072    10.0%     0.0%   1.0185   0.0131     8.0%
   950     2.7s    0.0181   100.0%   100.0%   100.0%       69%/31%/0%    0.783    0.054     0.0%     0.0%   0.7408   0.0138     3.8%
  [MA20] reward=0.0102 task_sr=87.0% miss=13.0% time_limit=0.0% v2v=0.2%
  [RWRD] r_prog=0.0335 r_term=0.1480 r_illegal=0.0000
  [PPO ] p_loss=-0.0016 v_loss=0.0120 entropy=0.7408 grad=1.1400 active=100.0%
  [SIM ] avg_power(a)=0.4482 rsu_q=0.818 tx=40 no_tx=88 deadlock=0 svc=0.000GHz idle=0.0%
   951     2.8s    0.0193   100.0%   100.0%   100.0%       66%/34%/0%    0.740    0.059     0.0%     0.0%   0.7494  -0.0007     7.7%
   952     3.1s    0.0153   100.0%   100.0%   100.0%       69%/31%/0%    0.852    0.053     0.0%     0.0%   0.8196   0.0142     6.1%
   953     7.8s    0.0098   100.0%   100.0%   100.0%       72%/28%/0%    1.746    0.038     0.0%     0.0%   1.2627   0.0148     8.1%
   954    15.6s    0.0086    75.0%    75.0%    94.5%       71%/28%/1%    1.994    0.080    25.0%     0.0%   1.1814   0.0320     9.5%
   955     2.5s    0.0200   100.0%   100.0%   100.0%       67%/33%/0%    0.743    0.045     0.0%     0.0%   0.6278   0.0052     4.9%
   956     9.1s    0.0101    95.0%    95.0%    99.1%       78%/22%/0%    1.777    0.043     5.0%     0.0%   1.0561   0.0245     7.9%
   957    14.0s    0.0059    75.0%    75.0%    96.8%       65%/35%/0%    2.774    0.041    25.0%     0.0%   1.2171   0.0176    10.5%
   958    20.0s    0.0047    55.0%    55.0%    90.4%       64%/36%/0%    3.086    0.107    45.0%     0.0%   0.9622   0.0335     9.3%
   959     7.9s    0.0089    95.0%    95.0%    98.5%       73%/27%/0%    1.983    0.029     5.0%     0.0%   1.1371   0.0162     9.1%
   960     7.7s    0.0100   100.0%   100.0%   100.0%       60%/39%/0%    1.784    0.059     0.0%     0.0%   0.9068   0.0224     7.8%
  [MA20] reward=0.0115 task_sr=89.5% miss=10.5% time_limit=0.0% v2v=0.2%
  [RWRD] r_prog=0.0403 r_term=0.0592 r_illegal=0.0000
  [PPO ] p_loss=0.0153 v_loss=0.0645 entropy=0.9068 grad=2.1598 active=100.0%
  [SIM ] avg_power(a)=0.4241 rsu_q=2.682 tx=81 no_tx=124 deadlock=0 svc=0.000GHz idle=0.0%

    Ep    Wall    R/step     T_SR     V_SR     S_SR            L/R/V   Lat(s)       En     Miss      Ill      Ent       KL     Clip
--------------------------------------------------------------------------------------------------------------------------------
   961     4.2s    0.0170   100.0%   100.0%   100.0%       67%/33%/0%    0.894    0.066     0.0%     0.0%   0.7347   0.0158     6.7%
   962     7.4s    0.0085    95.0%    95.0%    99.0%       68%/32%/0%    1.745    0.033     5.0%     0.0%   1.2450   0.0215    10.2%
   963     2.8s    0.0194   100.0%   100.0%   100.0%       66%/34%/0%    0.760    0.048     0.0%     0.0%   0.5285   0.0207     9.6%
   964     8.6s    0.0074    80.0%    80.0%    98.5%       74%/26%/0%    1.994    0.059    20.0%     0.0%   1.0093   0.0185    11.1%
   965     6.9s    0.0095    95.0%    95.0%    98.5%       70%/30%/0%    1.738    0.046     5.0%     0.0%   1.0779   0.0150    11.2%
   966     9.8s    0.0106   100.0%   100.0%   100.0%       66%/34%/0%    1.923    0.051     0.0%     0.0%   1.0390   0.0218    10.5%
   967     9.2s    0.0097    95.0%    95.0%    99.5%       70%/30%/0%    1.885    0.049     5.0%     0.0%   1.1400   0.0130    12.6%
   968     9.1s    0.0081    90.0%    90.0%    98.5%       68%/32%/0%    1.928    0.066    10.0%     0.0%   1.0906   0.0210    12.1%
   969     8.1s    0.0078    85.0%    85.0%    98.6%       75%/25%/0%    1.872    0.048    15.0%     0.0%   1.0512   0.0336     9.6%
   970     6.9s    0.0100   100.0%   100.0%   100.0%       65%/35%/0%    1.729    0.040     0.0%     0.0%   1.0149   0.0047     7.3%
  [MA20] reward=0.0110 task_sr=91.8% miss=8.2% time_limit=0.0% v2v=0.1%
  [RWRD] r_prog=0.0433 r_term=0.0569 r_illegal=0.0000
  [PPO ] p_loss=0.0070 v_loss=0.0539 entropy=1.0149 grad=2.3454 active=100.0%
  [SIM ] avg_power(a)=0.4353 rsu_q=1.522 tx=67 no_tx=126 deadlock=0 svc=0.000GHz idle=0.0%
   971     4.8s    0.0178   100.0%   100.0%   100.0%       69%/31%/0%    0.904    0.080     0.0%     0.0%   0.7109   0.0050     4.7%
   972     7.0s    0.0084    90.0%    90.0%    99.0%       75%/25%/0%    1.736    0.038    10.0%     0.0%   1.0731   0.0220     7.8%
   973     2.7s    0.0196   100.0%   100.0%   100.0%       68%/32%/0%    0.737    0.041     0.0%     0.0%   0.7109   0.0228     5.9%
   974     6.6s    0.0082    95.0%    95.0%    99.5%       73%/27%/0%    1.732    0.037     5.0%     0.0%   1.1105   0.0249     7.8%
   975    12.7s    0.0074    95.0%    95.0%    99.6%       70%/30%/0%    2.727    0.051     5.0%     0.0%   1.2779   0.0165     6.3%
   976     2.9s    0.0175   100.0%   100.0%   100.0%       69%/31%/0%    0.762    0.043     0.0%     0.0%   0.7714  -0.0158     4.9%
   977     5.5s    0.0151   100.0%   100.0%   100.0%       69%/30%/1%    1.031    0.094     0.0%     0.0%   0.7014   0.0097     7.2%
   978     7.8s    0.0083    90.0%    90.0%    99.0%       73%/27%/0%    2.014    0.037    10.0%     0.0%   1.0877   0.0336     8.8%
   979     8.3s    0.0087    90.0%    90.0%    98.5%       69%/31%/0%    1.934    0.054    10.0%     0.0%   0.9898   0.0061     8.7%
   980     7.6s    0.0099   100.0%   100.0%   100.0%       71%/29%/0%    1.737    0.034     0.0%     0.0%   1.1803   0.0081     7.7%
  [MA20] reward=0.0114 task_sr=95.0% miss=5.0% time_limit=0.0% v2v=0.1%
  [RWRD] r_prog=0.0441 r_term=0.0544 r_illegal=0.0000
  [PPO ] p_loss=-0.0036 v_loss=0.0502 entropy=1.1803 grad=2.3699 active=100.0%
  [SIM ] avg_power(a)=0.4614 rsu_q=1.083 tx=61 no_tx=148 deadlock=0 svc=0.000GHz idle=0.0%

    Ep    Wall    R/step     T_SR     V_SR     S_SR            L/R/V   Lat(s)       En     Miss      Ill      Ent       KL     Clip
--------------------------------------------------------------------------------------------------------------------------------
   981     6.7s    0.0100    95.0%    95.0%    98.5%       68%/32%/0%    1.139    0.093     5.0%     0.0%   1.2749   0.0249    14.8%
   982    19.4s    0.0051    55.0%    55.0%    93.4%       70%/30%/0%    3.000    0.071    45.0%     0.0%   1.2170   0.0119     9.9%
   983     9.2s    0.0087   100.0%   100.0%   100.0%       71%/29%/0%    1.961    0.039     0.0%     0.0%   1.1460   0.0275     8.2%
   984     9.3s    0.0083    80.0%    80.0%    96.9%       73%/27%/0%    2.011    0.060    20.0%     0.0%   1.1664   0.0237     7.0%
   985     9.1s    0.0088   100.0%   100.0%   100.0%       69%/31%/0%    1.850    0.046     0.0%     0.0%   1.3428   0.0148     9.7%
   986     2.4s    0.0193   100.0%   100.0%   100.0%       70%/30%/0%    0.776    0.062     0.0%     0.0%   0.5787   0.0073     4.1%
   987     7.7s    0.0093    95.0%    95.0%   100.0%       79%/21%/0%    1.951    0.049     5.0%     0.0%   1.0565   0.0163     7.7%
   988     3.6s    0.0196   100.0%   100.0%   100.0%       72%/28%/0%    0.802    0.055     0.0%     0.0%   0.6826   0.0148     6.6%
   989     7.5s    0.0092    95.0%    95.0%    99.0%       79%/21%/0%    1.885    0.040     5.0%     0.0%   1.1764   0.0179     5.7%
   990     2.9s    0.0148   100.0%   100.0%   100.0%       71%/28%/1%    0.840    0.060     0.0%     0.0%   0.8144   0.0189    10.2%
  [MA20] reward=0.0117 task_sr=94.0% miss=6.0% time_limit=0.0% v2v=0.1%
  [RWRD] r_prog=0.0262 r_term=0.1223 r_illegal=0.0000
  [PPO ] p_loss=0.0019 v_loss=0.0181 entropy=0.8144 grad=3.8313 active=100.0%
  [SIM ] avg_power(a)=0.4113 rsu_q=0.308 tx=39 no_tx=97 deadlock=0 svc=0.000GHz idle=0.0%
   991     6.9s    0.0104   100.0%   100.0%   100.0%       77%/23%/0%    1.904    0.032     0.0%     0.0%   1.0226   0.0086     6.5%
   992    10.8s    0.0081    85.0%    85.0%    97.7%       76%/24%/0%    1.928    0.061    15.0%     0.0%   1.0465   0.0189     6.5%
   993    17.7s    0.0053    65.0%    65.0%    95.8%       69%/31%/0%    2.978    0.091    35.0%     0.0%   1.0604   0.0171    11.7%
   994     5.1s    0.0170   100.0%   100.0%   100.0%       74%/26%/0%    0.890    0.086     0.0%     0.0%   0.8278   0.0331    13.1%
   995     6.9s    0.0100   100.0%   100.0%   100.0%       76%/24%/0%    1.772    0.027     0.0%     0.0%   1.0894   0.0064     9.1%
   996     8.0s    0.0090    90.0%    90.0%    99.0%       75%/25%/0%    1.946    0.025    10.0%     0.0%   1.2583   0.0226     6.6%
   997    14.0s    0.0057    85.0%    85.0%    98.0%       77%/23%/0%    2.861    0.032    15.0%     0.0%   1.2176   0.0141    10.9%
   998    13.9s    0.0073    70.0%    70.0%    97.9%       69%/31%/0%    2.105    0.073    30.0%     0.0%   1.2528   0.0534    17.1%
   999    14.4s    0.0063    75.0%    75.0%    94.7%       78%/22%/0%    2.639    0.037    25.0%     0.0%   1.2918   0.0237    12.3%
  1000     2.6s    0.0193   100.0%   100.0%   100.0%       74%/26%/0%    0.739    0.041     0.0%     0.0%   0.6424  -0.0064    11.0%
  [MA20] reward=0.0106 task_sr=89.5% miss=10.5% time_limit=0.0% v2v=0.1%
  [RWRD] r_prog=0.0297 r_term=0.1633 r_illegal=0.0000
  [PPO ] p_loss=-7.70e-05 v_loss=0.0363 entropy=0.6424 grad=8.2573 active=100.0%
  [SIM ] avg_power(a)=0.4269 rsu_q=0.500 tx=36 no_tx=100 deadlock=0 svc=0.000GHz idle=0.0%
  [Checkpoint] saved: ep1000.pth

[Train] completed: episodes=1000 best_reward=0.2706 best_success_rate(50ep)=0.9580
[Train] key outputs: /root/vecOffloadingSim/runs/run_1000ep_A_lrcritic_3e4_20260321/logs/metrics.csv, /root/vecOffloadingSim/runs/run_1000ep_A_lrcritic_3e4_20260321/logs/training_stats.csv, /root/vecOffloadingSim/runs/run_1000ep_A_lrcritic_3e4_20260321/models/best_model.pth, /root/vecOffloadingSim/runs/run_1000ep_A_lrcritic_3e4_20260321/models/last_model.pth

[Auto Plot] Generating training plots...
[DataRecorder] Training stats plots saved to: /root/vecOffloadingSim/runs/run_1000ep_A_lrcritic_3e4_20260321/plots
[Auto Plot] plot_results.py ...
[Auto Plot] ✓ Saved: fig_latency_with_baselines.png | ✓ Saved: fig_summary_dashboard.png | ✓ All plots saved to: /root/vecOffloadingSim/runs/run_1000ep_A_lrcritic_3e4_20260321/plots
[Auto Plot] plot_results.py done in 14.9s
[Auto Plot] generate_all_plots.py ...
[Auto Plot] ⚠ No baseline data found, skipping baseline comparison plot | ✓ All plots saved to: /root/vecOffloadingSim/runs/run_1000ep_A_lrcritic_3e4_20260321/plots |   Total plots: 8
[Auto Plot] generate_all_plots.py done in 7.0s
[DataRecorder] All plots generated in: /root/vecOffloadingSim/runs/run_1000ep_A_lrcritic_3e4_20260321/plots
[Auto Plot] jobs: ok=4 skipped=1 failed=0
[Auto Plot] generated figures: 35
[Auto Plot] sample: bias_annealing.png, cpu_efficiency.png, episode_duration.png, fig_constraint_health.png, fig_convergence_analysis.png, fig_convergence_baseline.png, fig_convergence_recheck.png, fig_decision_distribution.png
[Auto Plot] manifest: /root/vecOffloadingSim/runs/run_1000ep_A_lrcritic_3e4_20260321/plots/plot_manifest.json
[Postprocess] loaded env_reward.jsonl: /root/vecOffloadingSim/runs/run_1000ep_A_lrcritic_3e4_20260321/logs/env_reward.jsonl
✓ Wrote: /root/vecOffloadingSim/runs/run_1000ep_A_lrcritic_3e4_20260321/metrics/train_metrics_full.csv (rows=1000 cols=298)

[Launcher] finished_at=2026-03-21 02:51:07 CST
[Launcher] success
