[ConfigEffective] USE_SIMPLIFIED_CRITIC=False COMMWAIT_DIRECT_TO_CRITIC=True USE_LOGIT_BIAS=True USE_FIXED_POWER=False CTDE_GLOBAL_DIM=30 GLOBAL_STATE_SOURCE=train_ctde_override
[ScaleCheck] UNIFIED cap: step<=~0.345 ep<=~69.0 term=24.0 ep/term=2.88 (Td_min=0.40s, DT=0.10s, i_cap=3, e_cap=1.5)
[ConfigDump] saved: /root/vecOffloadingSim/runs/e3_schemeA_balanced_critic0/config_dump.json
[ConfigSnapshot] saved: /root/vecOffloadingSim/runs/e3_schemeA_balanced_critic0/logs/config_snapshot.json
[RunMeta] saved: /root/vecOffloadingSim/runs/e3_schemeA_balanced_critic0/run_meta.json

======================================================================================================================
[Train] MAPPO VEC training started
======================================================================================================================
[Run] id=e3_schemeA_balanced_critic0 seed=42 device=cuda reward=UNIFIED candidate=ALL (all_feasible=True)
[Train] episodes=1000 steps/ep=200 eval_interval=1 save_interval=100 baseline_eval=off
[Scenario] vehicles=20 rsu=3 map=2000.0m lanes=2 v2v_range=250.0m rsu_range=320.0m
[Physics] BW_V2I=10.00MHz BW_V2V=20.00MHz RB=10 Ptx=[0.0200,0.1995]W (13.0,23.0 dBm) DT=0.100s
[ScaleCheck] UNIFIED nominal: E_loc=9J E_tx=0.00750952J r_time=-0.0035 r_energy=-0.0115039 r_interf=-0.03 r_risk=-0.00164317 (B_RB=2e+06Hz, SNR=20dB, dt=0.1, Td=10, rho=0.7)
[Compute] f_local=[0.50,2.00]GHz f_rsu=10.00GHz
[PPO] lr=2.00e-04 gamma=0.995 gae=0.950 clip=0.250 ent=0.012 batch=256 epochs=5 d_model=128 layers=2
[Logging] step_metrics=off step_logs=off tb_obs=on
[Paths] run=/root/vecOffloadingSim/runs/e3_schemeA_balanced_critic0
[Paths] logs=/root/vecOffloadingSim/runs/e3_schemeA_balanced_critic0/logs  models=/root/vecOffloadingSim/runs/e3_schemeA_balanced_critic0/models  plots=/root/vecOffloadingSim/runs/e3_schemeA_balanced_critic0/plots
======================================================================================================================


    Ep    Wall    R/step     T_SR     V_SR     S_SR            L/R/V   Lat(s)       En     Miss      Ill      Ent       KL     Clip
--------------------------------------------------------------------------------------------------------------------------------
     1    16.6s   -0.0009    15.0%    15.0%    60.1%      35%/38%/27%    1.500    0.002    85.0%     0.0%   1.9823   0.0123    12.6%
  [MA20] reward=-0.0009 task_sr=15.0% miss=85.0% time_limit=100.0% v2v=27.0%
  [PPO ] p_loss=-0.0624 v_loss=1.2627 entropy=1.9823 grad=2.8313 active=4.0%
  [SIM ] avg_power(a)=0.5001 rsu_q=0.015 tx=104 no_tx=55 deadlock=0 svc=2.410GHz idle=0.0%
  → Best model saved: Success Rate = 0.150 (50-ep avg)
     2    15.8s   -0.0014     5.0%     5.0%    70.8%      43%/32%/25%    2.700    0.001    95.0%     0.0%   1.8181   0.0092    15.1%
     3     5.8s    0.0004    30.0%    30.0%    76.9%      51%/30%/19%    2.233    0.004    70.0%     0.0%   1.7918   0.0138    11.2%
     4     3.7s    0.0023    25.0%    25.0%    72.7%      47%/31%/21%    2.040    0.007    75.0%     0.0%   1.7686   0.0111     9.2%
     5    14.9s   -0.0009    15.0%    15.0%    61.5%      36%/35%/28%    1.667    0.003    85.0%     0.0%   1.7174   0.0784     8.3%
     6     9.0s   -0.0005    20.0%    20.0%    65.8%      44%/27%/29%    2.300    0.003    80.0%     0.0%   1.8016  -0.0080    18.5%
     7    13.6s   -0.0011    25.0%    25.0%    78.0%      50%/21%/29%    2.760    0.002    75.0%     0.0%   1.6562   0.0084    14.0%
     8    16.3s   -0.0013    15.0%    15.0%    64.8%      61%/18%/21%    2.267 5.56e-04    80.0%     0.0%   1.5613   0.0462     8.5%
     9    15.5s   -0.0008    20.0%    20.0%    59.4%      59%/20%/21%    2.225    0.001    80.0%     0.0%   1.5055   0.0012    10.8%
    10     3.4s    0.0020    20.0%    20.0%    78.2%      66%/19%/14%    1.775    0.003    80.0%     0.0%   1.5553   0.0123    17.2%
  [MA20] reward=-0.0002 task_sr=19.0% miss=80.5% time_limit=40.0% v2v=23.6%
  [PPO ] p_loss=-0.0021 v_loss=1.0299 entropy=1.5553 grad=1.1237 active=20.7%
  [SIM ] avg_power(a)=0.4975 rsu_q=0.087 tx=63 no_tx=126 deadlock=0 svc=14.833GHz idle=2.2%
    11     7.3s   -0.0005    20.0%    20.0%    73.2%      48%/28%/23%    1.900    0.004    80.0%     0.0%   1.7338   0.0127    12.0%
    12    10.3s   -0.0011     5.0%     5.0%    65.9%      44%/24%/32%    1.400    0.004    95.0%     0.0%   1.7650   0.0017    12.5%
    13     4.5s   -0.0005    10.0%    10.0%    68.0%      54%/25%/21%    2.700    0.005    90.0%     0.0%   1.6982   0.0074    11.3%
    14     5.9s   -0.0012     5.0%     5.0%    64.9%      56%/21%/23%    2.500    0.003    95.0%     0.0%   1.6618   0.0225     9.4%
    15     4.5s   -0.0004    10.0%    10.0%    67.2%      55%/27%/18%    2.000    0.008    90.0%     0.0%   1.6532   0.0025     7.6%
    16     4.5s   -0.0013     5.0%     5.0%    63.8%      49%/26%/25%    2.600    0.006    95.0%     0.0%   1.5695   0.0256    14.8%
    17     4.5s    0.0001    20.0%    20.0%    70.3%      58%/20%/22%    2.220    0.003    80.0%     0.0%   1.3899   0.0263    10.4%
    18     3.6s    0.0011    25.0%    25.0%    77.2%      78%/12%/10%    2.200    0.003    75.0%     0.0%   1.3480   0.0129     9.5%
    19     4.4s   -0.0005    10.0%    10.0%    69.3%      77%/11%/12%    2.450 4.75e-04    90.0%     0.0%   1.2162   0.0074     8.4%
    20    14.7s   -0.0012    10.0%    10.0%    68.5%      77%/12%/10%    2.550 1.05e-04    90.0%     0.0%   1.2814   0.0091     8.3%
  [MA20] reward=-0.0004 task_sr=15.5% miss=84.2% time_limit=25.0% v2v=21.6%
  [PPO ] p_loss=-0.0477 v_loss=1.8705 entropy=1.2814 grad=2.1047 active=4.8%
  [SIM ] avg_power(a)=0.4942 rsu_q=0.000 tx=44 no_tx=148 deadlock=0 svc=3.156GHz idle=0.0%

    Ep    Wall    R/step     T_SR     V_SR     S_SR            L/R/V   Lat(s)       En     Miss      Ill      Ent       KL     Clip
--------------------------------------------------------------------------------------------------------------------------------
    21     9.6s   -0.0011    10.0%    10.0%    65.5%       81%/8%/12%    2.133    0.001    90.0%     0.0%   1.3471   0.0219     5.0%
    22     4.1s   -0.0002    15.0%    15.0%    73.4%      69%/15%/16%    2.467    0.003    85.0%     0.0%   1.3452   0.0074    15.8%
    23     3.1s   -0.0003    15.0%    15.0%    70.3%      73%/15%/12%    2.000    0.011    85.0%     0.0%   1.4640   0.0041     9.2%
    24     4.3s   -0.0013     0.0%     0.0%    59.2%      68%/14%/17%    2.400    0.003   100.0%     0.0%   1.5054   0.0182    13.4%
    25    15.5s   -0.0008    25.0%    25.0%    70.2%      71%/14%/15%    2.540    0.001    75.0%     0.0%   1.6085   0.1018    12.5%
    26     4.5s   -0.0002    15.0%    15.0%    63.3%      69%/10%/21%    1.967    0.003    85.0%     0.0%   1.3530   0.0159    13.2%
    27     3.5s    0.0001    20.0%    20.0%    67.1%       81%/9%/10%    2.150    0.002    80.0%     0.0%   1.3459   0.0274     7.2%
    28     3.9s   -0.0015     0.0%     0.0%    66.4%      71%/12%/18%    2.400    0.006   100.0%     0.0%   1.5512   0.0152     8.0%
    29    10.4s   -0.0014     0.0%     0.0%    68.8%      62%/16%/22%    0.000    0.003   100.0%     0.0%   1.5164   0.0318    10.2%
    30     6.5s   -0.0005    10.0%    10.0%    79.7%      70%/17%/13%    1.950    0.001    90.0%     0.0%   1.3364   0.0102    11.4%
  [MA20] reward=-0.0006 task_sr=11.5% miss=88.5% time_limit=10.0% v2v=17.6%
  [PPO ] p_loss=-0.0279 v_loss=1.2100 entropy=1.3364 grad=0.8463 active=13.2%
  [SIM ] avg_power(a)=0.5063 rsu_q=0.024 tx=62 no_tx=151 deadlock=0 svc=8.818GHz idle=1.2%
    31     3.8s    0.0004    25.0%    25.0%    69.9%      73%/11%/16%    2.100    0.003    75.0%     0.0%   1.3405   0.0091     7.9%
    32    14.8s   -0.0008    15.0%    15.0%    80.6%      73%/16%/11%    2.425 3.79e-04    85.0%     0.0%   1.3984   0.0096     5.9%
    33    11.6s   -0.0004    25.0%    25.0%    72.2%      69%/14%/17%    2.000 8.37e-04    75.0%     0.0%   1.5017   0.0048     8.6%
    34     3.0s    0.0049    50.0%    50.0%    82.0%      70%/18%/12%    2.142    0.003    50.0%     0.0%   1.3600   0.0194    14.8%
    35     4.1s   -0.0000    30.0%    30.0%    64.8%       76%/9%/15%    2.233    0.002    70.0%     0.0%   1.3815   0.0227    11.7%
    36     5.2s   -0.0001    15.0%    15.0%    65.5%      80%/10%/10%    2.467 3.48e-04    85.0%     0.0%   1.3306   0.0067     6.3%
    37     3.7s    0.0017    35.0%    35.0%    70.9%       78%/8%/14%    2.425    0.002    65.0%     0.0%   1.3107   0.0072     6.7%
    38     6.2s   -0.0013     0.0%     0.0%    64.2%       73%/7%/20%    2.500    0.003   100.0%     0.0%   1.3424   0.0031     8.5%
    39    15.7s   -0.0014    10.0%    10.0%    56.1%       74%/8%/18%    1.800    0.002    90.0%     0.0%   1.3720   0.0071     7.3%
    40     3.9s    0.0008    15.0%    15.0%    63.0%       85%/4%/11%    1.433 3.72e-04    85.0%     0.0%   1.1648   0.0012     5.2%
  [MA20] reward=-0.0002 task_sr=16.5% miss=83.5% time_limit=15.0% v2v=15.1%
  [PPO ] p_loss=0.0342 v_loss=1.2803 entropy=1.1648 grad=0.7887 active=19.8%
  [SIM ] avg_power(a)=0.4952 rsu_q=0.000 tx=29 no_tx=169 deadlock=0 svc=12.871GHz idle=2.0%

    Ep    Wall    R/step     T_SR     V_SR     S_SR            L/R/V   Lat(s)       En     Miss      Ill      Ent       KL     Clip
--------------------------------------------------------------------------------------------------------------------------------
    41     4.1s    0.0004    35.0%    35.0%    75.3%       81%/10%/9%    2.440    0.002    65.0%     0.0%   1.0835   0.0009     8.3%
    42    16.7s   -0.0011    15.0%    15.0%    62.6%      80%/10%/10%    2.050 7.92e-04    85.0%     0.0%   1.2420   0.0238     6.7%
    43     3.4s   -0.0012     5.0%     5.0%    65.0%       77%/9%/14%    1.800    0.003    95.0%     0.0%   1.2871   0.0035     5.4%
    44    10.0s   -0.0007    20.0%    20.0%    75.0%       74%/9%/17%    2.260 3.02e-04    80.0%     0.0%   1.1816   0.0345    11.2%
    45     3.5s    0.0010    30.0%    30.0%    74.8%       81%/8%/11%    2.283    0.001    70.0%     0.0%   1.1602   0.0182     6.5%
    46     4.0s    0.0007    30.0%    30.0%    76.1%       83%/10%/8%    2.550    0.001    70.0%     0.0%   1.2394   0.0220     6.2%
    47     4.0s   -0.0006    15.0%    15.0%    66.2%      70%/14%/16%    2.500 5.25e-04    85.0%     0.0%   1.2750   0.0204     9.0%
    48    11.0s   -0.0010    20.0%    20.0%    67.4%      76%/12%/12%    2.420    0.001    80.0%     0.0%   1.2896   0.0243     6.6%
    49     3.4s   -0.0003    15.0%    15.0%    81.0%      67%/19%/14%    2.300    0.006    85.0%     0.0%   1.2891   0.0232    10.5%
    50     2.7s    0.0054    35.0%    35.0%    78.4%       81%/13%/5%    1.757 7.12e-04    65.0%     0.0%   1.0661   0.0091     9.0%
  [MA20] reward=0.0003 task_sr=22.0% miss=78.0% time_limit=15.0% v2v=13.1%
  [PPO ] p_loss=-0.0096 v_loss=0.9672 entropy=1.0661 grad=0.6252 active=24.9%
  [SIM ] avg_power(a)=0.4998 rsu_q=0.000 tx=36 no_tx=158 deadlock=0 svc=16.542GHz idle=2.6%
    51     3.4s    0.0010    25.0%    25.0%    76.9%        85%/9%/6%    2.220    0.002    75.0%     0.0%   0.9630   0.0010     6.0%
    52     3.5s   -0.0009     5.0%     5.0%    68.0%       83%/11%/6%    2.650 5.94e-04    95.0%     0.0%   0.9419   0.0272     6.2%
    53     4.1s   -0.0002    20.0%    20.0%    71.3%        86%/8%/6%    2.600    0.000    80.0%     0.0%   0.9583   0.0100     6.5%
    54     3.4s    0.0002    10.0%    10.0%    69.2%        84%/9%/6%    2.125    0.000    90.0%     0.0%   1.0656  -0.0030     6.2%
    55     4.3s    0.0018    30.0%    30.0%    73.6%       85%/10%/5%    2.117    0.001    70.0%     0.0%   1.0982   0.0039     5.4%
    56     5.0s   -0.0002    25.0%    25.0%    59.1%        82%/9%/8%    2.220    0.003    75.0%     0.0%   1.1967   0.0244     8.6%
    57     3.0s   -0.0009    15.0%    15.0%    72.1%       84%/6%/10%    2.500    0.001    85.0%     0.0%   1.2393   0.0311     6.1%
    58     3.5s    0.0001    10.0%    10.0%    65.2%      72%/12%/16%    2.067    0.008    90.0%     0.0%   1.4845   0.0168     5.4%
    59     7.2s   -0.0006    15.0%    15.0%    60.3%      68%/10%/21%    2.400    0.002    85.0%     0.0%   1.6921   0.0147    10.1%
    60    17.1s   -0.0015     0.0%     0.0%    48.1%       57%/9%/34%    0.000    0.001   100.0%     0.0%   1.8585   0.0046     5.7%
  [MA20] reward=0.0001 task_sr=18.7% miss=81.2% time_limit=10.0% v2v=11.8%
  [PPO ] p_loss=0.0451 v_loss=1.1015 entropy=1.8585 grad=1.3803 active=4.2%
  [SIM ] avg_power(a)=0.4827 rsu_q=0.000 tx=70 no_tx=94 deadlock=0 svc=2.416GHz idle=0.0%

    Ep    Wall    R/step     T_SR     V_SR     S_SR            L/R/V   Lat(s)       En     Miss      Ill      Ent       KL     Clip
--------------------------------------------------------------------------------------------------------------------------------
    61    17.2s   -0.0015     0.0%     0.0%    50.8%      52%/12%/36%    0.000    0.002   100.0%     0.0%   1.9633   0.0175    11.5%
    62     4.7s   -0.0015     0.0%     0.0%    60.7%      42%/21%/37%    0.000    0.003   100.0%     0.0%   2.0774   0.0179    10.6%
    63    17.7s   -0.0015     0.0%     0.0%    39.3%      30%/11%/59%    0.000    0.002   100.0%     0.0%   1.9429   0.0257     6.6%
    64     6.5s   -0.0018     0.0%     0.0%    50.7%      24%/14%/62%    2.500    0.005   100.0%     0.0%   2.1177   0.0106    15.6%
    65    17.3s   -0.0015     0.0%     0.0%    42.6%      24%/14%/62%    0.000    0.003   100.0%     0.0%   2.1535  -0.0060     8.3%
    66     6.2s   -0.0016     0.0%     0.0%    51.1%      27%/18%/56%    0.000    0.008   100.0%     0.0%   2.1971   0.0046    15.9%
    67    18.3s   -0.0012    10.0%    10.0%    44.2%      33%/16%/51%    2.550    0.003    90.0%     0.0%   2.1160   0.0015     8.8%
    68    17.8s   -0.0015     0.0%     0.0%    40.4%      17%/15%/68%    0.000    0.005   100.0%     0.0%   2.1975   0.0341     6.0%
    69    18.0s   -0.0015     0.0%     0.0%    38.6%      29%/12%/59%    0.000    0.002    95.0%     0.0%   2.3025   0.0512     0.0%
    70     6.5s   -0.0016     0.0%     0.0%    41.5%      28%/10%/62%    0.000    0.006   100.0%     0.0%   2.1637   0.0568     7.8%
  [MA20] reward=-0.0008 task_sr=8.2% miss=91.5% time_limit=35.0% v2v=33.6%
  [PPO ] p_loss=-0.0386 v_loss=1.6818 entropy=2.1637 grad=3.4502 active=11.0%
  [SIM ] avg_power(a)=0.4059 rsu_q=0.000 tx=112 no_tx=45 deadlock=0 svc=5.702GHz idle=1.4%
    71    17.6s   -0.0014     5.0%     5.0%    32.6%      26%/10%/64%    2.400    0.004    95.0%     0.0%   2.0759  -0.0316    11.1%
    72    18.8s   -0.0015     0.0%     0.0%    31.0%      25%/13%/62%    0.000    0.003   100.0%     0.0%   2.3045   0.0227     7.9%
    73    18.0s   -0.0016     0.0%     0.0%    35.6%       33%/9%/58%    0.000    0.012   100.0%     0.0%   2.1761   0.0133     7.9%
    74     9.7s   -0.0016     0.0%     0.0%    48.2%      31%/14%/55%    0.000    0.004   100.0%     0.0%   2.0252   0.0069     9.2%
    75    17.1s   -0.0012     0.0%     0.0%    44.9%      25%/18%/58%    2.700    0.002    95.0%     0.0%   2.0496   0.0064    12.3%
    76    18.6s   -0.0016     0.0%     0.0%    37.9%      25%/14%/62%    0.000    0.002    95.0%     0.0%   1.8686   0.0804     6.7%
    77    17.6s   -0.0016     0.0%     0.0%    35.9%      27%/11%/63%    0.000    0.003   100.0%     0.0%   2.2447   0.0317     3.9%
    78    18.9s   -0.0014     0.0%     0.0%    36.0%      20%/14%/66%    0.000    0.003   100.0%     0.0%   2.4042   0.0805     9.1%
    79    16.9s   -0.0016     0.0%     0.0%    46.6%      25%/14%/62%    0.000    0.002   100.0%     0.0%   2.0210   0.1410     0.0%
    80    18.7s   -0.0016     0.0%     0.0%    33.3%      21%/12%/67%    0.000    0.003    95.0%     0.0%   2.3583   0.0052     9.8%
  [MA20] reward=-0.0015 task_sr=0.8% miss=98.2% time_limit=75.0% v2v=58.5%
  [PPO ] p_loss=0.0606 v_loss=1.1307 entropy=2.3583 grad=2.0833 active=3.6%
  [SIM ] avg_power(a)=0.4210 rsu_q=0.000 tx=104 no_tx=30 deadlock=0 svc=1.567GHz idle=0.0%

    Ep    Wall    R/step     T_SR     V_SR     S_SR            L/R/V   Lat(s)       En     Miss      Ill      Ent       KL     Clip
--------------------------------------------------------------------------------------------------------------------------------
    81    10.0s   -0.0017     0.0%     0.0%    43.8%      22%/16%/62%    0.000    0.003   100.0%     0.0%   2.1064   0.0257     8.4%
    82     7.2s   -0.0016     0.0%     0.0%    44.3%      27%/17%/55%    2.400    0.010   100.0%     0.0%   2.1009   0.0231     8.8%
    83    17.7s   -0.0015     0.0%     0.0%    42.8%      28%/18%/54%    2.200    0.001   100.0%     0.0%   2.2144   0.0222     7.7%
    84    17.5s   -0.0014     0.0%     0.0%    50.8%      28%/13%/59%    0.000    0.002   100.0%     0.0%   2.0573   0.0270     8.9%
    85    17.6s   -0.0014     0.0%     0.0%    48.8%      31%/18%/51%    0.000    0.002   100.0%     0.0%   1.9875   0.0205     8.4%
    86    18.4s   -0.0016     0.0%     0.0%    42.2%      26%/18%/56%    0.000    0.001   100.0%     0.0%   2.0198   0.0151     8.2%
    87    16.6s   -0.0015     5.0%     5.0%    45.2%      26%/15%/59%    2.150    0.004    95.0%     0.0%   2.1019   0.0544     9.5%
    88    11.9s   -0.0016     0.0%     0.0%    47.0%      26%/15%/59%    0.000    0.004   100.0%     0.0%   2.0140   0.0237     7.4%
    89     9.1s   -0.0016     0.0%     0.0%    46.3%      28%/13%/59%    0.000    0.004   100.0%     0.0%   2.3671   0.0344     9.5%
    90    15.3s   -0.0014     0.0%     0.0%    51.6%      27%/15%/58%    0.000    0.002   100.0%     0.0%   2.0261   0.0356     9.3%
  [MA20] reward=-0.0015 task_sr=0.5% miss=98.8% time_limit=70.0% v2v=59.4%
  [PPO ] p_loss=-0.1243 v_loss=1.0986 entropy=2.0261 grad=2.6439 active=4.1%
  [SIM ] avg_power(a)=0.4325 rsu_q=0.005 tx=112 no_tx=41 deadlock=0 svc=2.427GHz idle=0.5%
    91     4.8s   -0.0018     5.0%     5.0%    55.9%      32%/16%/51%    2.350    0.007    95.0%     0.0%   2.0230   0.0044    11.8%
    92    15.5s   -0.0013     0.0%     0.0%    53.3%      27%/27%/46%    0.000    0.003   100.0%     0.0%   2.0937   0.0202     7.6%
    93    16.8s   -0.0013     5.0%     5.0%    48.3%      32%/22%/46%    1.600    0.003    95.0%     0.0%   2.1443   0.0082    11.2%
    94    17.4s   -0.0013     0.0%     0.0%    59.1%      25%/25%/50%    0.000    0.003   100.0%     0.0%   2.1871   0.0629    16.2%
    95    17.7s   -0.0016     0.0%     0.0%    54.5%      28%/29%/43%    0.000    0.017   100.0%     0.0%   2.3145   0.1297     7.7%
    96    18.0s   -0.0012     5.0%     5.0%    45.9%      24%/23%/53%    1.900    0.002    95.0%     0.0%   2.3008   0.0193     5.1%
    97    17.3s   -0.0012     5.0%     5.0%    49.4%      20%/27%/53%    1.100    0.003    95.0%     0.0%   2.1698   0.0361     7.6%
    98    16.7s   -0.0011    10.0%    10.0%    58.1%      23%/25%/52%    1.850    0.003    90.0%     0.0%   2.1254   0.0312     4.0%
    99     7.4s   -0.0013     5.0%     5.0%    61.9%      21%/27%/52%    1.900    0.008    95.0%     0.0%   2.1587   0.0209    13.4%
   100    17.5s   -0.0015     0.0%     0.0%    46.0%      23%/22%/56%    2.200    0.003   100.0%     0.0%   1.9878   0.0890     0.0%
  [MA20] reward=-0.0014 task_sr=2.0% miss=98.0% time_limit=60.0% v2v=53.7%
  [PPO ] p_loss=0.5131 v_loss=2.3332 entropy=1.9878 grad=7.9986 active=4.0%
  [SIM ] avg_power(a)=0.4701 rsu_q=0.020 tx=119 no_tx=37 deadlock=0 svc=2.247GHz idle=0.0%

    Ep    Wall    R/step     T_SR     V_SR     S_SR            L/R/V   Lat(s)       En     Miss      Ill      Ent       KL     Clip
--------------------------------------------------------------------------------------------------------------------------------
   101    11.5s   -0.0014     5.0%     5.0%    56.8%      21%/25%/53%    2.500    0.002    95.0%     0.0%   1.8993   0.0768     0.0%
   102    10.7s   -0.0013     5.0%     5.0%    60.9%      22%/31%/47%    3.100    0.025    95.0%     0.0%   2.1084   0.0567     6.2%
   103    16.6s   -0.0014    10.0%    10.0%    58.6%      28%/27%/45%    2.050    0.003    90.0%     0.0%   2.1148   0.0551    10.3%
   104    10.4s   -0.0014     5.0%     5.0%    43.9%      23%/25%/52%    2.000    0.005    95.0%     0.0%   2.2490   0.0207     9.6%
   105    16.6s   -0.0014     0.0%     0.0%    54.0%      36%/25%/39%    0.000    0.002    95.0%     0.0%   2.0483   0.0178     5.9%
   106    13.0s   -0.0016     0.0%     0.0%    62.9%      39%/21%/40%    0.000    0.003   100.0%     0.0%   2.0628   0.0136     9.6%
   107    13.5s   -0.0011    15.0%    15.0%    59.9%      36%/23%/41%    2.400    0.002    85.0%     0.0%   1.9455   0.0049    14.0%
   108    13.4s   -0.0015     0.0%     0.0%    45.7%      33%/17%/50%    0.000    0.002   100.0%     0.0%   2.0889   0.0910     0.0%
   109    16.6s   -0.0012     5.0%     5.0%    53.8%      35%/20%/44%    1.800    0.002    95.0%     0.0%   2.0344  -0.0034     8.4%
   110    16.3s   -0.0013    10.0%    10.0%    61.4%      33%/20%/47%    1.850    0.002    90.0%     0.0%   2.0559   0.0148     8.2%
  [MA20] reward=-0.0014 task_sr=4.5% miss=95.2% time_limit=55.0% v2v=48.0%
  [PPO ] p_loss=0.0138 v_loss=2.4944 entropy=2.0559 grad=7.7222 active=4.5%
  [SIM ] avg_power(a)=0.4923 rsu_q=0.005 tx=118 no_tx=60 deadlock=0 svc=2.504GHz idle=0.0%
   111    17.8s   -0.0016     0.0%     0.0%    38.0%      27%/16%/57%    0.000    0.002   100.0%     0.0%   2.0423   0.0668     0.0%
   112    15.6s   -0.0015     0.0%     0.0%    48.8%      40%/18%/42%    0.000    0.002   100.0%     0.0%   2.1741   0.0069    11.2%
   113     8.5s   -0.0016     5.0%     5.0%    54.7%      31%/17%/52%    2.100    0.003    95.0%     0.0%   2.1988   0.0380     7.0%
   114    17.1s   -0.0012     5.0%     5.0%    38.6%      27%/20%/53%    1.600    0.002    95.0%     0.0%   2.1114   0.0502     7.9%
   115    12.4s   -0.0015     0.0%     0.0%    59.2%      29%/21%/50%    2.550    0.003   100.0%     0.0%   2.1450  -0.0022     9.4%
   116    17.3s   -0.0014     0.0%     0.0%    44.0%      23%/19%/58%    0.000    0.004   100.0%     0.0%   2.2683   0.0400     5.5%
   117    12.8s   -0.0017     0.0%     0.0%    48.5%      21%/22%/58%    0.000    0.003   100.0%     0.0%   2.3780   0.0200     6.9%
   118    18.9s   -0.0016     0.0%     0.0%    34.4%      20%/15%/65%    0.000    0.003   100.0%     0.0%   2.4084   0.0023    14.8%
   119    17.6s   -0.0011    10.0%    10.0%    47.5%      18%/18%/65%    1.800    0.003    90.0%     0.0%   2.1303   0.0131     5.6%
   120    17.1s   -0.0014     5.0%     5.0%    46.0%      19%/17%/65%    2.100    0.004    95.0%     0.0%   2.0603   0.0143     3.0%
  [MA20] reward=-0.0014 task_sr=4.0% miss=95.7% time_limit=45.0% v2v=51.1%
  [PPO ] p_loss=0.2065 v_loss=1.9368 entropy=2.0603 grad=4.1620 active=3.8%
  [SIM ] avg_power(a)=0.4812 rsu_q=0.000 tx=116 no_tx=28 deadlock=0 svc=1.964GHz idle=0.0%

    Ep    Wall    R/step     T_SR     V_SR     S_SR            L/R/V   Lat(s)       En     Miss      Ill      Ent       KL     Clip
--------------------------------------------------------------------------------------------------------------------------------
   121    18.0s   -0.0015     5.0%     5.0%    44.3%      19%/19%/62%    2.400    0.004    95.0%     0.0%   2.2667   0.0114     1.2%
   122    18.7s   -0.0014     0.0%     0.0%    33.9%      14%/15%/71%    0.000    0.006   100.0%     0.0%   2.4745   0.0317     8.9%
   123    16.5s   -0.0016     0.0%     0.0%    52.9%      18%/19%/63%    0.000    0.003    95.0%     0.0%   2.1774   0.0059     9.1%
   124    17.1s   -0.0014     5.0%     5.0%    41.0%      19%/14%/67%    2.200    0.004    95.0%     0.0%   2.2000   0.0092     6.8%
   125    18.5s   -0.0017     0.0%     0.0%    41.8%      20%/15%/65%    0.000    0.006   100.0%     0.0%   2.3109   0.0032     6.1%
   126    17.6s   -0.0016     5.0%     5.0%    47.8%      14%/19%/67%    2.600    0.005    95.0%     0.0%   2.4098   0.0616    20.6%
   127    18.7s   -0.0015     0.0%     0.0%    37.5%      16%/16%/68%    0.000    0.003   100.0%     0.0%   2.3264   0.0199    22.2%
   128    17.3s   -0.0015     0.0%     0.0%    48.7%      23%/16%/61%    0.000    0.003   100.0%     0.0%   2.1491   0.0271    22.9%
   129    17.3s   -0.0016     0.0%     0.0%    42.1%      16%/13%/70%    2.300    0.004   100.0%     0.0%   2.1998  -0.0001     5.9%
   130     9.3s   -0.0015     0.0%     0.0%    36.4%      15%/14%/71%    0.000    0.009   100.0%     0.0%   2.2357   0.0254     9.9%
  [MA20] reward=-0.0015 task_sr=2.0% miss=97.7% time_limit=70.0% v2v=61.4%
  [PPO ] p_loss=0.0476 v_loss=1.0470 entropy=2.2357 grad=1.6467 active=5.7%
  [SIM ] avg_power(a)=0.4923 rsu_q=0.000 tx=105 no_tx=19 deadlock=0 svc=3.345GHz idle=0.9%
   131    17.8s   -0.0014     0.0%     0.0%    37.8%      16%/15%/69%    0.000    0.031   100.0%     0.0%   2.1832   0.0205     8.4%
   132    17.4s   -0.0014     0.0%     0.0%    44.7%      20%/18%/62%    1.600    0.004   100.0%     0.0%   2.2032   0.0067    17.6%
   133    17.1s   -0.0015     0.0%     0.0%    51.3%      17%/21%/62%    2.700    0.002   100.0%     0.0%   2.1124   0.0045     8.1%
   134     5.5s   -0.0015     5.0%     5.0%    53.0%      17%/19%/64%    1.800    0.008    95.0%     0.0%   2.0876   0.0096    11.2%
   135    17.2s   -0.0014     0.0%     0.0%    47.9%      24%/19%/57%    0.000    0.004   100.0%     0.0%   2.2293  -0.0028    14.9%
   136    17.3s   -0.0014     0.0%     0.0%    51.8%      27%/25%/48%    0.000    0.002    95.0%     0.0%   2.3564   0.0488     0.0%
   137    16.8s   -0.0015     5.0%     5.0%    46.2%      22%/22%/56%    2.000    0.004    90.0%     0.0%   2.1413   0.0208    10.4%
   138    10.5s   -0.0013     5.0%     5.0%    64.0%      31%/29%/40%    3.000    0.003    95.0%     0.0%   2.0136   0.0116     8.0%
   139    16.2s   -0.0014    10.0%    10.0%    63.2%      35%/23%/42%    2.733    0.004    90.0%     0.0%   1.9947   0.0003    16.3%
   140     6.4s   -0.0015     0.0%     0.0%    52.7%      37%/17%/46%    2.800    0.005   100.0%     0.0%   1.9661   0.0103    13.5%
  [MA20] reward=-0.0015 task_sr=2.0% miss=97.2% time_limit=75.0% v2v=60.5%
  [PPO ] p_loss=0.0053 v_loss=2.1375 entropy=1.9661 grad=3.4005 active=13.0%
  [SIM ] avg_power(a)=0.5155 rsu_q=0.014 tx=111 no_tx=66 deadlock=0 svc=7.438GHz idle=1.4%

    Ep    Wall    R/step     T_SR     V_SR     S_SR            L/R/V   Lat(s)       En     Miss      Ill      Ent       KL     Clip
--------------------------------------------------------------------------------------------------------------------------------
   141    17.1s   -0.0015     5.0%     5.0%    51.3%      44%/16%/40%    3.100    0.003    95.0%     0.0%   1.9888   0.0120     6.1%
   142    16.4s   -0.0010    20.0%    20.0%    72.6%      37%/24%/39%    2.275    0.002    80.0%     0.0%   1.9964   0.0078     6.6%
   143     9.9s   -0.0013     5.0%     5.0%    67.6%      36%/25%/39%    2.500    0.001    95.0%     0.0%   2.0041   0.0102     8.3%
   144    11.2s   -0.0011     5.0%     5.0%    60.1%      44%/24%/31%    1.750    0.001    95.0%     0.0%   1.9208   0.0121     7.8%
   145    18.0s   -0.0014     0.0%     0.0%    46.2%      41%/24%/35%    0.000    0.002   100.0%     0.0%   2.0169   0.0220     8.6%
   146    18.0s   -0.0014     5.0%     5.0%    44.2%      44%/21%/35%    1.800    0.002    95.0%     0.0%   1.9155   0.0248     2.7%
   147    15.9s   -0.0012    10.0%    10.0%    67.8%      42%/27%/30%    1.800    0.002    85.0%     0.0%   1.8632   0.0027    10.2%
   148     8.3s   -0.0010     5.0%     5.0%    65.0%      44%/22%/34%    2.100    0.004    95.0%     0.0%   1.9673   0.0195    14.0%
   149     6.1s    0.0003    25.0%    25.0%    71.8%      46%/30%/24%    2.500    0.006    75.0%     0.0%   1.7907  -0.0031    16.4%
   150    15.9s   -0.0014     5.0%     5.0%    65.7%      37%/34%/29%    2.300    0.003    95.0%     0.0%   1.9725   0.0121     2.2%
  [MA20] reward=-0.0013 task_sr=5.5% miss=93.8% time_limit=60.0% v2v=44.1%
  [PPO ] p_loss=-0.0471 v_loss=0.8984 entropy=1.9725 grad=2.5394 active=4.1%
  [SIM ] avg_power(a)=0.5047 rsu_q=0.035 tx=104 no_tx=61 deadlock=0 svc=2.328GHz idle=0.0%
   151     9.7s   -0.0012    10.0%    10.0%    66.7%      35%/34%/31%    2.550    0.006    90.0%     0.0%   1.8232   0.0180     4.2%
   152    16.2s   -0.0011    15.0%    15.0%    68.3%      32%/38%/30%    2.033    0.003    85.0%     0.0%   1.9398   0.0046     6.0%
   153     7.0s   -0.0011     5.0%     5.0%    64.4%      41%/29%/30%    1.600    0.003    95.0%     0.0%   1.9271   0.0258     8.5%
   154    14.7s   -0.0013     5.0%     5.0%    72.3%      34%/36%/30%    2.500    0.002    95.0%     0.0%   2.0367  -0.0024     8.7%
   155     4.1s   -0.0010     0.0%     0.0%    61.2%      35%/28%/36%    0.000    0.014   100.0%     0.0%   1.8962   0.0092     4.9%
   156     3.8s   -0.0004    15.0%    15.0%    71.6%      31%/36%/33%    2.300    0.013    85.0%     0.0%   2.0020   0.0010     5.6%
   157    17.1s   -0.0016     0.0%     0.0%    46.0%      35%/27%/39%    0.000    0.005   100.0%     0.0%   2.1797   0.0464     2.9%
   158    15.5s   -0.0012    15.0%    15.0%    69.6%      40%/25%/35%    2.233    0.005    85.0%     0.0%   1.9170   0.0167     5.0%
   159    16.3s   -0.0014     5.0%     5.0%    67.5%      37%/32%/32%    2.250    0.003    95.0%     0.0%   1.9905   0.0091     3.1%
   160     7.1s   -0.0013     0.0%     0.0%    65.7%      45%/23%/32%    2.300    0.008   100.0%     0.0%   1.9309   0.0095     8.7%
  [MA20] reward=-0.0011 task_sr=7.8% miss=92.0% time_limit=50.0% v2v=33.2%
  [PPO ] p_loss=0.0153 v_loss=1.0120 entropy=1.9309 grad=1.0716 active=10.7%
  [SIM ] avg_power(a)=0.5469 rsu_q=0.011 tx=103 no_tx=86 deadlock=0 svc=6.474GHz idle=1.1%

    Ep    Wall    R/step     T_SR     V_SR     S_SR            L/R/V   Lat(s)       En     Miss      Ill      Ent       KL     Clip
--------------------------------------------------------------------------------------------------------------------------------
   161     9.2s   -0.0009    10.0%    10.0%    67.1%      40%/36%/24%    2.433    0.007    90.0%     0.0%   1.8070  -0.0056     3.6%
   162     5.5s   -0.0010     5.0%     5.0%    63.3%      41%/31%/28%    2.000    0.010    95.0%     0.0%   1.8245   0.0058     7.1%
   163     3.7s    0.0002    10.0%    10.0%    72.9%      32%/36%/32%    2.200    0.031    90.0%     0.0%   1.8071   0.0010     6.0%
   164    16.2s   -0.0013     0.0%     0.0%    61.5%      34%/28%/38%    2.400    0.003   100.0%     0.0%   1.8242   0.0069     4.7%
   165     5.4s   -0.0004    15.0%    15.0%    71.4%      35%/33%/32%    2.267    0.010    85.0%     0.0%   1.7793   0.0075    12.7%
   166    15.8s   -0.0012    10.0%    10.0%    62.6%      43%/27%/30%    2.433    0.004    90.0%     0.0%   1.8732   0.0519     7.1%
   167    12.2s   -0.0014     5.0%     5.0%    64.3%      43%/25%/31%    2.700    0.003    95.0%     0.0%   1.7259   0.0111     4.4%
   168    16.0s   -0.0009    25.0%    25.0%    60.3%      37%/31%/32%    2.020    0.004    75.0%     0.0%   1.8474   0.0208     6.6%
   169     9.1s   -0.0010    10.0%    10.0%    59.8%      27%/36%/37%    2.350    0.007    90.0%     0.0%   1.9178  -0.0065    12.3%
   170    12.7s   -0.0012     5.0%     5.0%    64.9%      33%/30%/37%    2.400    0.004    95.0%     0.0%   1.9440   0.0911    11.5%
  [MA20] reward=-0.0010 task_sr=8.3% miss=91.7% time_limit=35.0% v2v=32.5%
  [PPO ] p_loss=0.4009 v_loss=1.5189 entropy=1.9440 grad=2.6313 active=6.2%
  [SIM ] avg_power(a)=0.5613 rsu_q=0.039 tx=125 no_tx=61 deadlock=0 svc=3.829GHz idle=0.7%
   171    16.9s   -0.0013     5.0%     5.0%    57.1%      29%/34%/37%    1.500    0.005    95.0%     0.0%   1.8933   0.0032     7.0%
   172    16.8s   -0.0015     0.0%     0.0%    60.9%      37%/21%/42%    0.000    0.003   100.0%     0.0%   1.8767  -0.0060     8.5%
   173    17.3s   -0.0015     0.0%     0.0%    51.0%      44%/21%/36%    0.000    0.003   100.0%     0.0%   1.8535   0.0636     0.0%
   174    13.0s   -0.0009    10.0%    10.0%    51.9%      47%/20%/33%    1.950    0.002    90.0%     0.0%   1.9549   0.0004     6.2%
   175    16.6s   -0.0011     5.0%     5.0%    51.5%      49%/19%/31%    1.900    0.002    95.0%     0.0%   1.8739   0.0178     7.8%
   176    15.9s   -0.0009    15.0%    15.0%    58.9%      33%/26%/40%    1.933    0.003    85.0%     0.0%   1.8478   0.0189     6.8%
   177    15.7s   -0.0009    15.0%    15.0%    64.8%      44%/28%/27%    2.280    0.002    85.0%     0.0%   2.0170   0.0056    11.0%
   178    10.5s   -0.0016     5.0%     5.0%    52.8%      38%/19%/43%    3.100    0.004    95.0%     0.0%   1.9429   0.0116     7.3%
   179    16.4s   -0.0011    10.0%    10.0%    63.8%      31%/25%/43%    2.300    0.003    80.0%     0.0%   1.9093   0.0491    14.3%
   180     9.5s   -0.0014     5.0%     5.0%    64.7%      38%/26%/37%    2.300    0.004    95.0%     0.0%   2.1018   0.0009     8.3%
  [MA20] reward=-0.0011 task_sr=8.2% miss=91.2% time_limit=50.0% v2v=34.6%
  [PPO ] p_loss=0.0225 v_loss=2.1606 entropy=2.1018 grad=1.4699 active=8.4%
  [SIM ] avg_power(a)=0.5352 rsu_q=0.035 tx=116 no_tx=72 deadlock=0 svc=5.285GHz idle=0.9%

    Ep    Wall    R/step     T_SR     V_SR     S_SR            L/R/V   Lat(s)       En     Miss      Ill      Ent       KL     Clip
--------------------------------------------------------------------------------------------------------------------------------
   181    12.3s   -0.0014     5.0%     5.0%    51.9%      43%/17%/40%    2.900    0.003    95.0%     0.0%   2.0656   0.0201     9.4%
   182    16.9s   -0.0017     0.0%     0.0%    45.4%      41%/11%/49%    0.000    0.005    95.0%     0.0%   2.0324   0.0016    16.8%
   183    18.3s   -0.0014     0.0%     0.0%    42.3%      36%/15%/49%    0.000    0.003   100.0%     0.0%   2.0859  -0.0175    18.1%
   184    17.1s   -0.0015     0.0%     0.0%    54.9%      41%/14%/45%    0.000    0.003   100.0%     0.0%   1.9901   0.0469    15.7%
   185    12.3s   -0.0012     5.0%     5.0%    49.2%      43%/12%/45%    2.600    0.003    95.0%     0.0%   1.9174   0.0173    15.1%
   186    13.7s   -0.0015     0.0%     0.0%    43.8%      40%/13%/46%    0.000    0.005   100.0%     0.0%   1.9805   0.0738    14.0%
   187    15.3s   -0.0015     0.0%     0.0%    50.0%      40%/12%/48%    0.000    0.002   100.0%     0.0%   1.8193   0.0381    24.7%
   188     8.4s   -0.0014     0.0%     0.0%    51.6%      51%/10%/39%    0.000    0.004   100.0%     0.0%   1.9069   0.0202    13.3%
   189    17.1s   -0.0016     0.0%     0.0%    43.1%      42%/11%/47%    0.000    0.002   100.0%     0.0%   2.1164  -0.0004    15.1%
   190    17.6s   -0.0013     0.0%     0.0%    43.6%      41%/10%/49%    0.000    0.003   100.0%     0.0%   1.6944   0.0539    21.1%
  [MA20] reward=-0.0013 task_sr=4.0% miss=95.2% time_limit=55.0% v2v=41.4%
  [PPO ] p_loss=0.0534 v_loss=1.4457 entropy=1.6944 grad=2.1235 active=3.8%
  [SIM ] avg_power(a)=0.5064 rsu_q=0.000 tx=87 no_tx=61 deadlock=0 svc=2.096GHz idle=0.0%
   191    17.8s   -0.0015     0.0%     0.0%    48.1%      43%/10%/47%    0.000    0.002   100.0%     0.0%   2.2662   0.0438    11.7%
   192    16.9s   -0.0012     5.0%     5.0%    42.9%       42%/7%/51%    2.700    0.002    95.0%     0.0%   1.9468   0.0283    16.6%
   193    17.4s   -0.0015     0.0%     0.0%    47.7%       40%/9%/51%    0.000    0.002   100.0%     0.0%   1.7308   0.0853     0.0%
   194    17.3s   -0.0014     5.0%     5.0%    44.4%      34%/11%/55%    2.100    0.003    95.0%     0.0%   1.9782  -0.0001     9.5%
  [LateGuard] restore best_model at ep194 (drop=0.684, freeze=False)
   195     5.5s    0.0007    15.0%    15.0%    69.3%      59%/21%/20%    1.500    0.003    85.0%     0.0%   1.5471   0.0135    10.9%
   196     4.4s    0.0006    20.0%    20.0%    76.2%      57%/24%/19%    1.975    0.004    80.0%     0.0%   1.6178   0.0050    14.8%
   197    17.0s   -0.0014     0.0%     0.0%    54.9%      54%/20%/25%    0.000    0.001   100.0%     0.0%   1.8024   0.0495    12.5%
   198     7.2s   -0.0006    10.0%    10.0%    59.4%      55%/19%/26%    1.350    0.003    90.0%     0.0%   1.6377   0.0405    19.2%
   199     4.9s   -0.0009     5.0%     5.0%    62.4%      63%/14%/22%    2.900    0.004    95.0%     0.0%   1.5351   0.0117    11.3%
   200     8.1s   -0.0006    20.0%    20.0%    74.9%      57%/21%/22%    2.640    0.005    80.0%     0.0%   1.6110   0.0023    14.9%
  [MA20] reward=-0.0011 task_sr=4.5% miss=95.2% time_limit=45.0% v2v=39.7%
  [PPO ] p_loss=-0.0012 v_loss=1.0282 entropy=1.6110 grad=1.0230 active=10.0%
  [SIM ] avg_power(a)=0.4948 rsu_q=0.020 tx=85 no_tx=111 deadlock=0 svc=6.935GHz idle=1.0%

    Ep    Wall    R/step     T_SR     V_SR     S_SR            L/R/V   Lat(s)       En     Miss      Ill      Ent       KL     Clip
--------------------------------------------------------------------------------------------------------------------------------
   201     8.1s   -0.0009    15.0%    15.0%    72.4%      62%/22%/16%    2.633    0.001    85.0%     0.0%   1.6200   0.0271    12.0%
   202    16.7s   -0.0014     5.0%     5.0%    51.5%       68%/9%/23%    2.300 5.53e-04    95.0%     0.0%   1.5180   0.0379     9.1%
   203     8.3s   -0.0006    25.0%    25.0%    75.7%      64%/14%/22%    2.500    0.002    75.0%     0.0%   1.5764   0.0205    11.8%
   204    12.1s   -0.0013     5.0%     5.0%    65.4%      69%/12%/19%    2.300 9.82e-04    95.0%     0.0%   1.5330   0.0130    12.2%
   205     4.8s   -0.0013     0.0%     0.0%    67.5%      66%/14%/19%    3.000    0.003   100.0%     0.0%   1.4553   0.0272     9.2%
   206     7.8s   -0.0001    15.0%    15.0%    62.0%      59%/18%/23%    1.950    0.001    85.0%     0.0%   1.6042   0.0103    11.1%
   207     4.2s    0.0007    25.0%    25.0%    69.9%      50%/26%/24%    2.220    0.003    75.0%     0.0%   1.6488   0.0201     9.1%
   208    15.9s   -0.0012    15.0%    15.0%    60.3%      68%/18%/14%    1.700 9.31e-04    85.0%     0.0%   1.7297   0.0890    11.1%
   209    16.9s   -0.0012    10.0%    10.0%    60.3%      57%/20%/22%    2.233    0.001    90.0%     0.0%   1.5909   0.0026     4.3%
  [LateGuard] restore best_model at ep209 (drop=0.616, freeze=False)
   210    16.2s   -0.0011    15.0%    15.0%    71.0%      63%/23%/14%    2.133 6.28e-04    85.0%     0.0%   1.3865   0.0375     3.8%
  [MA20] reward=-0.0008 task_sr=10.5% miss=89.5% time_limit=45.0% v2v=26.7%
  [PPO ] p_loss=0.3291 v_loss=1.1887 entropy=1.3865 grad=1.2781 active=5.1%
  [SIM ] avg_power(a)=0.4919 rsu_q=0.010 tx=73 no_tx=127 deadlock=0 svc=3.225GHz idle=0.0%
   211    10.5s   -0.0009    10.0%    10.0%    60.8%      59%/19%/22%    1.900    0.002    90.0%     0.0%   1.6010   0.0378    13.5%
   212     7.5s   -0.0008    10.0%    10.0%    67.2%      56%/23%/21%    1.500    0.001    90.0%     0.0%   1.7665   0.0106    21.1%
   213    16.6s   -0.0013     5.0%     5.0%    66.2%      52%/24%/24%    2.700 8.76e-04    95.0%     0.0%   1.7188   0.0152    20.6%
   214    15.8s   -0.0013    10.0%    10.0%    71.7%      46%/28%/26%    2.600    0.001    90.0%     0.0%   1.7607  -0.0025    19.6%
   215    10.3s   -0.0010     5.0%     5.0%    56.3%      38%/31%/31%    1.600    0.007    95.0%     0.0%   1.8248   0.0181    12.1%
   216    15.6s   -0.0009    15.0%    15.0%    71.4%      31%/38%/31%    1.967    0.004    85.0%     0.0%   1.9583   0.0165    12.0%
   217    15.8s   -0.0006    20.0%    20.0%    72.8%      39%/36%/26%    2.100    0.003    80.0%     0.0%   1.6659   0.0648    12.2%
   218     5.4s   -0.0007    10.0%    10.0%    61.3%      44%/31%/25%    2.000    0.007    90.0%     0.0%   1.7820   0.0026    16.7%
   219     3.7s   -0.0000    15.0%    15.0%    73.0%      44%/30%/26%    1.967    0.007    85.0%     0.0%   1.8561   0.0107    12.7%
   220    16.8s   -0.0014     0.0%     0.0%    69.4%      39%/33%/28%    0.000    0.004   100.0%     0.0%   1.8612   0.0149    13.5%
  [MA20] reward=-0.0009 task_sr=11.5% miss=88.5% time_limit=40.0% v2v=22.8%
  [PPO ] p_loss=-0.0370 v_loss=1.0893 entropy=1.8612 grad=1.5390 active=5.7%
  [SIM ] avg_power(a)=0.4927 rsu_q=0.015 tx=129 no_tx=88 deadlock=0 svc=3.528GHz idle=0.0%

    Ep    Wall    R/step     T_SR     V_SR     S_SR            L/R/V   Lat(s)       En     Miss      Ill      Ent       KL     Clip
--------------------------------------------------------------------------------------------------------------------------------
   221    17.1s   -0.0011    10.0%    10.0%    70.4%      37%/38%/25%    2.050    0.002    90.0%     0.0%   1.7881  -0.0041    12.2%
   222     4.6s    0.0026    35.0%    35.0%    83.8%      37%/45%/19%    2.350    0.007    65.0%     0.0%   1.8648   0.0174    11.0%
   223     6.0s    0.0001    25.0%    25.0%    71.9%      28%/37%/34%    2.260    0.004    75.0%     0.0%   1.9539   0.0081    11.7%
   224     6.2s    0.0002    25.0%    25.0%    75.8%      21%/44%/35%    2.133    0.006    75.0%     0.0%   1.8463   0.0099     9.3%
  [LateGuard] restore best_model at ep224 (drop=0.513, freeze=False)
   225    15.9s   -0.0011    10.0%    10.0%    59.7%      54%/23%/23%    2.250    0.001    90.0%     0.0%   1.5596   0.0034    12.7%
   226    15.6s   -0.0004    15.0%    15.0%    59.2%      56%/21%/23%    1.980    0.002    75.0%     0.0%   1.5602  -0.0072    14.6%
   227     6.5s    0.0004    20.0%    20.0%    78.0%      59%/25%/16%    2.180    0.003    80.0%     0.0%   1.5963   0.0079    21.0%
   228    10.5s   -0.0006    25.0%    25.0%    66.2%      66%/18%/17%    2.000    0.001    75.0%     0.0%   1.4855   0.0184    12.5%
   229     4.1s   -0.0001    15.0%    15.0%    74.7%      60%/22%/17%    2.025    0.004    85.0%     0.0%   1.5907   0.0161    11.2%
   230     3.5s    0.0017    35.0%    35.0%    75.3%      66%/20%/14%    2.271    0.004    65.0%     0.0%   1.6096   0.0146    11.6%
  [MA20] reward=-0.0004 task_sr=15.8% miss=83.8% time_limit=35.0% v2v=24.2%
  [PPO ] p_loss=-0.0156 v_loss=5.4887 entropy=1.6096 grad=2.3831 active=23.3%
  [SIM ] avg_power(a)=0.4965 rsu_q=0.023 tx=68 no_tx=131 deadlock=0 svc=16.329GHz idle=2.3%
   231    12.7s   -0.0011    10.0%    10.0%    59.9%      53%/23%/24%    2.200    0.002    90.0%     0.0%   1.5345   0.0178    12.8%
   232     3.4s    0.0016    30.0%    30.0%    84.1%      62%/25%/13%    1.967    0.007    70.0%     0.0%   1.4240   0.0034    10.2%
   233     5.4s   -0.0006    10.0%    10.0%    59.8%      59%/23%/18%    2.400    0.004    90.0%     0.0%   1.5685  -0.0060    13.5%
   234     7.5s   -0.0001    30.0%    30.0%    81.2%      61%/26%/13%    2.217    0.003    70.0%     0.0%   1.5037   0.0229    11.8%
   235     4.5s   -0.0004    15.0%    15.0%    67.8%      65%/20%/16%    2.733    0.003    85.0%     0.0%   1.6145   0.0163    11.2%
   236    16.5s   -0.0014     5.0%     5.0%    54.2%      53%/20%/27%    3.000 7.58e-04    95.0%     0.0%   1.5730   0.0134    12.3%
   237     4.3s    0.0006    15.0%    15.0%    70.1%      52%/27%/21%    1.900    0.010    85.0%     0.0%   1.7102   0.0124     6.0%
   238    11.8s   -0.0011    10.0%    10.0%    71.6%      53%/25%/21%    2.400    0.002    90.0%     0.0%   1.6146   0.0174     9.6%
   239    15.9s   -0.0014    10.0%    10.0%    69.1%      47%/22%/31%    1.867    0.001    90.0%     0.0%   2.1959  -0.0038    10.0%
  [LateGuard] restore best_model at ep239 (drop=0.316, freeze=False)
   240    15.4s   -0.0013     0.0%     0.0%    67.6%      61%/21%/18%    2.550 7.63e-04   100.0%     0.0%   1.5655   0.1111     0.0%
  [MA20] reward=-0.0002 task_sr=17.5% miss=82.0% time_limit=30.0% v2v=21.3%
  [PPO ] p_loss=-0.2707 v_loss=1.6065 entropy=1.5655 grad=3.6422 active=4.6%
  [SIM ] avg_power(a)=0.4914 rsu_q=0.010 tx=65 no_tx=108 deadlock=0 svc=2.973GHz idle=0.0%

    Ep    Wall    R/step     T_SR     V_SR     S_SR            L/R/V   Lat(s)       En     Miss      Ill      Ent       KL     Clip
--------------------------------------------------------------------------------------------------------------------------------
   241     3.9s    0.0002    25.0%    25.0%    74.3%      56%/24%/20%    2.367    0.005    75.0%     0.0%   1.5881   0.0105    10.8%
   242     3.2s   -0.0007    10.0%    10.0%    66.0%      55%/23%/23%    2.050    0.007    90.0%     0.0%   1.5481   0.0182    14.4%
   243     5.9s    0.0005    30.0%    30.0%    80.0%      56%/32%/12%    2.414    0.008    70.0%     0.0%   1.6217   0.0157    11.3%
   244     9.2s   -0.0003    30.0%    30.0%    78.1%      40%/41%/19%    2.286    0.004    70.0%     0.0%   1.6672   0.0164    18.7%
   245     3.4s    0.0024    25.0%    25.0%    81.4%      37%/49%/14%    2.267    0.017    75.0%     0.0%   1.6196   0.0184    16.9%
   246     7.4s    0.0010    45.0%    45.0%    84.0%      25%/54%/22%    2.180    0.006    55.0%     0.0%   1.5409   0.0127     8.9%
   247     3.2s    0.0019    25.0%    25.0%    82.4%      25%/61%/13%    2.520    0.038    75.0%     0.0%   1.6258   0.0091     8.1%
   248    14.8s   -0.0003    40.0%    40.0%    80.7%      25%/52%/23%    2.167    0.002    60.0%     0.0%   1.6152   0.0034     2.7%
   249     3.7s   -0.0005    20.0%    20.0%    74.5%      30%/52%/18%    2.533    0.013    80.0%     0.0%   1.5660   0.0173     7.0%
   250     4.8s    0.0011    20.0%    20.0%    77.0%      26%/51%/23%    2.220    0.008    80.0%     0.0%   1.7344   0.0091    11.0%
  [MA20] reward=-0.0000 task_sr=20.2% miss=79.8% time_limit=20.0% v2v=19.5%
  [PPO ] p_loss=-0.0066 v_loss=2.9658 entropy=1.7344 grad=2.7089 active=18.7%
  [SIM ] avg_power(a)=0.4596 rsu_q=0.254 tx=158 no_tx=58 deadlock=0 svc=12.778GHz idle=1.7%
   251     4.0s    0.0021    20.0%    20.0%    81.6%      31%/42%/27%    2.250    0.004    80.0%     0.0%   1.7714   0.0074    10.3%
   252    15.7s   -0.0011    15.0%    15.0%    81.9%      30%/49%/21%    2.660    0.005    85.0%     0.0%   1.7153   0.0162    10.2%
   253    15.3s   -0.0005    30.0%    30.0%    76.0%      21%/58%/22%    2.286    0.003    70.0%     0.0%   1.6476   0.0062     6.7%
   254    10.2s    0.0005    45.0%    45.0%    85.3%      24%/56%/21%    2.133    0.004    55.0%     0.0%   1.6171   0.0154     9.0%
   255     3.6s    0.0030    35.0%    35.0%    81.4%      28%/60%/12%    2.138    0.016    65.0%     0.0%   1.5382   0.0024     8.4%
   256     2.9s    0.0069    60.0%    60.0%    93.2%      22%/64%/14%    2.246    0.009    40.0%     0.0%   1.3992   0.0240     5.7%
   257     3.0s    0.0066    60.0%    60.0%    87.3%      26%/63%/11%    2.100    0.020    40.0%     0.0%   1.3937   0.0036     7.4%
   258     2.6s    0.0084    50.0%    50.0%    88.2%      29%/60%/11%    2.220    0.021    50.0%     0.0%   1.2882   0.0199     8.8%
   259     3.0s    0.0053    55.0%    55.0%    84.8%      19%/71%/11%    2.264    0.028    45.0%     0.0%   1.3061   0.0265    10.0%
   260     3.1s    0.0039    30.0%    30.0%    91.1%      18%/70%/11%    2.080    0.019    70.0%     0.0%   1.2415   0.0021     8.5%
  [MA20] reward=0.0020 task_sr=33.5% miss=66.5% time_limit=15.0% v2v=17.4%
  [PPO ] p_loss=-0.0079 v_loss=1.5745 entropy=1.2415 grad=3.5498 active=30.1%
  [SIM ] avg_power(a)=0.4232 rsu_q=1.459 tx=181 no_tx=41 deadlock=0 svc=20.314GHz idle=2.7%
  → Best model saved: Success Rate = 0.224 (50-ep avg)

    Ep    Wall    R/step     T_SR     V_SR     S_SR            L/R/V   Lat(s)       En     Miss      Ill      Ent       KL     Clip
--------------------------------------------------------------------------------------------------------------------------------
   261     2.9s    0.0093    75.0%    75.0%    93.1%      11%/74%/14%    2.181    0.022    25.0%     0.0%   1.2961   0.0193     8.5%
   262     3.6s    0.0019    20.0%    20.0%    82.0%       9%/73%/18%    2.600    0.042    80.0%     0.0%   1.2771   0.0047    12.5%
   263     2.8s    0.0036    35.0%    35.0%    82.8%       9%/73%/19%    2.240    0.047    65.0%     0.0%   1.2874   0.0202     8.8%
   264     2.9s    0.0109    70.0%    70.0%    89.5%       6%/81%/13%    1.921    0.025    30.0%     0.0%   1.2928   0.0130     6.9%
   265     6.7s    0.0009    25.0%    25.0%    82.2%       8%/71%/21%    2.086    0.013    75.0%     0.0%   1.0972   0.0226    12.3%
   266     2.5s    0.0070    60.0%    60.0%    93.2%       8%/78%/14%    2.329    0.036    40.0%     0.0%   1.0397   0.0149     7.0%
   267     2.2s    0.0209    80.0%    80.0%    94.0%       6%/82%/12%    1.971    0.029    20.0%     0.0%   0.9852   0.0109     6.3%
   268     2.7s    0.0053    40.0%    40.0%    91.8%       7%/83%/10%    2.371    0.031    60.0%     0.0%   1.0828   0.0050     6.0%
   269     3.3s    0.0065    50.0%    50.0%    93.0%       7%/79%/14%    2.117    0.015    50.0%     0.0%   1.1891   0.0051     8.6%
   270     2.9s    0.0090    45.0%    45.0%    89.4%       6%/76%/18%    2.225    0.039    55.0%     0.0%   1.1503   0.0015     5.8%
  [MA20] reward=0.0055 task_sr=45.0% miss=55.0% time_limit=10.0% v2v=15.6%
  [PPO ] p_loss=0.0422 v_loss=1.0297 entropy=1.1503 grad=0.7524 active=31.2%
  [SIM ] avg_power(a)=0.3899 rsu_q=1.312 tx=187 no_tx=12 deadlock=0 svc=22.429GHz idle=9.4%
  → Best model saved: Success Rate = 0.304 (50-ep avg)
   271     3.1s    0.0086    55.0%    55.0%    91.9%       8%/72%/20%    2.075    0.018    45.0%     0.0%   1.2900  -0.0008     8.8%
   272     3.9s    0.0039    45.0%    45.0%    89.7%      13%/68%/19%    2.345    0.011    55.0%     0.0%   1.1823   0.0228    11.9%
   273     3.0s    0.0009    10.0%    10.0%    77.6%      14%/68%/18%    2.250    0.040    90.0%     0.0%   1.2599   0.0191     7.2%
   274     2.8s    0.0053    45.0%    45.0%    86.9%      14%/71%/15%    2.018    0.040    55.0%     0.0%   1.2867   0.0062     7.2%
   275     2.9s    0.0083    55.0%    55.0%    89.3%       8%/71%/20%    2.191    0.017    45.0%     0.0%   1.1732   0.0187     8.7%
   276     2.9s    0.0097    60.0%    60.0%    94.3%       9%/76%/16%    2.400    0.028    40.0%     0.0%   1.0064   0.0110     7.5%
   277     2.4s    0.0166    65.0%    65.0%    92.4%       7%/78%/16%    2.000    0.022    35.0%     0.0%   1.0489  -0.0056     6.3%
   278     3.2s    0.0058    40.0%    40.0%    86.2%       4%/78%/17%    2.240    0.027    60.0%     0.0%   0.9519  -0.0061     4.4%
   279     2.5s    0.0113    55.0%    55.0%    93.8%       8%/82%/10%    2.083    0.031    45.0%     0.0%   0.9870   0.0118     6.7%
   280     2.8s    0.0116    65.0%    65.0%    92.9%       4%/86%/10%    1.823    0.036    35.0%     0.0%   1.1045   0.0104     5.3%
  [MA20] reward=0.0079 task_sr=49.8% miss=50.2% time_limit=0.0% v2v=15.6%
  [PPO ] p_loss=-0.0056 v_loss=0.9744 entropy=1.1045 grad=1.5581 active=30.9%
  [SIM ] avg_power(a)=0.3731 rsu_q=1.811 tx=217 no_tx=10 deadlock=0 svc=21.386GHz idle=2.7%
  → Best model saved: Success Rate = 0.360 (50-ep avg)

    Ep    Wall    R/step     T_SR     V_SR     S_SR            L/R/V   Lat(s)       En     Miss      Ill      Ent       KL     Clip
--------------------------------------------------------------------------------------------------------------------------------
   281     2.8s    0.0088    50.0%    50.0%    91.5%       7%/80%/13%    2.221    0.038    50.0%     0.0%   0.9696  -0.0076     7.1%
   282     2.6s    0.0115    50.0%    50.0%    87.0%       5%/85%/10%    2.164    0.046    50.0%     0.0%   0.9289   0.0272     8.8%
   283     2.9s    0.0127    65.0%    65.0%    91.5%        7%/86%/6%    1.914    0.038    35.0%     0.0%   0.9001   0.0126     5.1%
   284     3.8s    0.0086    70.0%    70.0%    94.0%       10%/81%/9%    2.053    0.020    30.0%     0.0%   0.8924   0.0120     8.8%
   285     2.4s    0.0190    85.0%    85.0%    98.4%       10%/85%/5%    2.083    0.022    15.0%     0.0%   0.8131   0.0146     6.6%
   286     2.5s    0.0134    70.0%    70.0%    93.6%        9%/85%/7%    2.050    0.030    30.0%     0.0%   0.8252   0.0018     5.5%
   287     3.3s    0.0117    75.0%    75.0%    94.8%        5%/86%/9%    1.967    0.026    25.0%     0.0%   0.8961   0.0149     4.4%
   288     2.6s    0.0163    95.0%    95.0%   100.0%       11%/81%/8%    2.220    0.024     5.0%     0.0%   0.9593   0.0157     7.3%
   289     2.5s    0.0151    85.0%    85.0%    97.2%      11%/78%/11%    2.200    0.034    15.0%     0.0%   0.8628   0.0118     7.7%
   290     2.8s    0.0083    50.0%    50.0%    88.8%       14%/79%/8%    2.118    0.028    50.0%     0.0%   1.0349   0.0015     7.4%
  [MA20] reward=0.0104 task_sr=59.5% miss=40.5% time_limit=0.0% v2v=12.3%
  [PPO ] p_loss=0.0129 v_loss=1.0040 entropy=1.0349 grad=0.8920 active=31.6%
  [SIM ] avg_power(a)=0.3912 rsu_q=1.314 tx=190 no_tx=30 deadlock=0 svc=22.382GHz idle=2.9%
  → Best model saved: Success Rate = 0.472 (50-ep avg)
   291     3.0s    0.0076    50.0%    50.0%    88.5%      11%/76%/13%    2.167    0.018    50.0%     0.0%   1.1522   0.0173    15.3%
   292     3.0s    0.0085    60.0%    60.0%    92.9%      17%/73%/10%    2.108    0.018    40.0%     0.0%   1.3812   0.0327    23.2%
   293     3.3s    0.0023    35.0%    35.0%    84.3%      23%/59%/18%    2.150    0.009    65.0%     0.0%   1.4755   0.0153    11.9%
   294     2.6s    0.0080    55.0%    55.0%    90.9%      16%/63%/21%    2.309    0.016    45.0%     0.0%   1.4175   0.0092     8.0%
   295    15.3s   -0.0004    30.0%    30.0%    84.5%      14%/65%/20%    2.211    0.005    70.0%     0.0%   1.6554   0.0226     8.3%
   296     3.7s    0.0020    25.0%    25.0%    87.1%      13%/65%/22%    2.586    0.025    75.0%     0.0%   1.4021   0.0103     6.5%
   297     3.1s    0.0064    55.0%    55.0%    90.9%      13%/68%/18%    2.283    0.015    45.0%     0.0%   1.4180   0.0122     7.1%
   298     3.0s    0.0097    55.0%    55.0%    87.6%      10%/70%/20%    1.791    0.028    45.0%     0.0%   1.5096   0.0017     6.4%
   299     2.9s    0.0076    50.0%    50.0%    84.7%      16%/66%/17%    2.060    0.036    50.0%     0.0%   1.5293   0.0275     8.2%
   300     4.1s    0.0026    30.0%    30.0%    79.4%      19%/60%/21%    2.200    0.022    70.0%     0.0%   1.4631   0.0057     9.4%
  [MA20] reward=0.0090 task_sr=57.0% miss=43.0% time_limit=5.0% v2v=13.3%
  [PPO ] p_loss=-0.0104 v_loss=1.2200 entropy=1.4631 grad=1.9432 active=23.1%
  [SIM ] avg_power(a)=0.4733 rsu_q=0.560 tx=182 no_tx=45 deadlock=0 svc=15.311GHz idle=2.0%
  → Best model saved: Success Rate = 0.507 (50-ep avg)

    Ep    Wall    R/step     T_SR     V_SR     S_SR            L/R/V   Lat(s)       En     Miss      Ill      Ent       KL     Clip
--------------------------------------------------------------------------------------------------------------------------------
   301     3.4s    0.0054    50.0%    50.0%    87.9%      19%/65%/16%    2.200    0.008    50.0%     0.0%   1.3988   0.0272    11.6%
   302     3.0s    0.0066    50.0%    50.0%    90.8%      15%/74%/11%    2.175    0.031    50.0%     0.0%   1.3276   0.0013     8.7%
   303     3.0s    0.0035    40.0%    40.0%    87.0%      10%/75%/15%    2.233    0.064    60.0%     0.0%   1.1897   0.0136     8.8%
   304     3.5s    0.0026    25.0%    25.0%    79.1%       8%/77%/15%    2.575    0.049    75.0%     0.0%   1.1203   0.0152     8.3%
   305     2.9s    0.0061    50.0%    50.0%    88.0%       7%/76%/18%    2.236    0.048    50.0%     0.0%   1.1106   0.0261    11.4%
   306     2.2s    0.0202    80.0%    80.0%    96.4%        8%/85%/7%    2.063    0.044    20.0%     0.0%   1.0185  -0.0019     8.4%
   307     2.9s    0.0079    65.0%    65.0%    95.5%        5%/86%/9%    2.250    0.052    35.0%     0.0%   1.0351   0.0177     8.3%
   308     2.7s    0.0123    60.0%    60.0%    90.9%        4%/89%/7%    2.069    0.057    40.0%     0.0%   1.0296   0.0134     5.6%
   309     2.8s    0.0133    65.0%    65.0%    83.5%       2%/88%/10%    2.023    0.061    35.0%     0.0%   1.0384   0.0068     6.3%
   310     2.6s    0.0113    55.0%    55.0%    86.5%       3%/87%/10%    2.154    0.067    45.0%     0.0%   1.0010   0.0168     6.6%
  [MA20] reward=0.0072 task_sr=49.3% miss=50.7% time_limit=5.0% v2v=14.9%
  [PPO ] p_loss=0.0189 v_loss=1.0155 entropy=1.0010 grad=0.8316 active=32.6%
  [SIM ] avg_power(a)=0.4680 rsu_q=1.667 tx=207 no_tx=7 deadlock=0 svc=24.343GHz idle=3.0%
  → Best model saved: Success Rate = 0.535 (50-ep avg)
   311     2.6s    0.0169    70.0%    70.0%    95.8%        6%/86%/8%    1.987    0.063    30.0%     0.0%   1.0067   0.0196     8.8%
   312     2.8s    0.0109    70.0%    70.0%    91.9%       3%/88%/10%    2.100    0.046    30.0%     0.0%   0.8744   0.0065     7.0%
   313     2.5s    0.0152    70.0%    70.0%    89.4%       5%/84%/11%    1.821    0.042    30.0%     0.0%   1.0370   0.0048     6.9%
   314     3.0s    0.0101    60.0%    60.0%    85.8%       7%/83%/10%    2.083    0.051    40.0%     0.0%   1.1621   0.0177     9.5%
   315     3.4s    0.0069    45.0%    45.0%    85.4%       6%/76%/19%    2.182    0.035    55.0%     0.0%   1.3283   0.0072     6.5%
   316     2.9s    0.0081    55.0%    55.0%    89.5%       6%/74%/20%    2.258    0.050    45.0%     0.0%   1.2530   0.0169     8.9%
   317     3.3s    0.0045    40.0%    40.0%    77.1%       5%/74%/21%    2.350    0.063    60.0%     0.0%   1.3454  -0.0026     8.7%
   318     3.2s    0.0071    45.0%    45.0%    90.2%       4%/73%/23%    2.120    0.030    55.0%     0.0%   1.2874   0.0103    10.9%
   319     2.4s    0.0171    65.0%    65.0%    95.0%       5%/78%/17%    1.815    0.048    35.0%     0.0%   1.1812   0.0044     6.3%
   320     2.9s    0.0054    50.0%    50.0%    91.2%       6%/80%/13%    2.323    0.050    50.0%     0.0%   1.2389   0.0081     6.5%
  [MA20] reward=0.0096 task_sr=55.5% miss=44.5% time_limit=0.0% v2v=13.5%
  [PPO ] p_loss=-0.0041 v_loss=1.0564 entropy=1.2389 grad=0.6682 active=32.6%
  [SIM ] avg_power(a)=0.4812 rsu_q=1.242 tx=201 no_tx=13 deadlock=0 svc=21.433GHz idle=3.0%

    Ep    Wall    R/step     T_SR     V_SR     S_SR            L/R/V   Lat(s)       En     Miss      Ill      Ent       KL     Clip
--------------------------------------------------------------------------------------------------------------------------------
   321     2.6s    0.0160    70.0%    70.0%    93.6%       4%/79%/16%    2.043    0.027    30.0%     0.0%   1.2445   0.0152     8.0%
   322     2.8s    0.0088    55.0%    55.0%    92.9%       7%/77%/16%    2.115    0.033    45.0%     0.0%   1.2945   0.0166     6.5%
   323    15.2s   -0.0002    25.0%    25.0%    80.7%      11%/71%/19%    1.860    0.009    75.0%     0.0%   1.5722   0.0919     5.3%
   324     3.1s    0.0028    25.0%    25.0%    84.7%      14%/69%/17%    2.300    0.050    75.0%     0.0%   1.4080   0.0148     9.0%
   325     3.3s    0.0038    35.0%    35.0%    85.0%      14%/72%/14%    2.463    0.042    65.0%     0.0%   1.1610   0.0255    12.8%
   326     3.2s    0.0054    40.0%    40.0%    86.7%       9%/78%/12%    2.133    0.042    60.0%     0.0%   1.1357   0.0194     7.2%
   327     2.6s    0.0179    80.0%    80.0%    91.9%       8%/80%/12%    1.944    0.048    20.0%     0.0%   1.1530   0.0079     7.8%
   328     3.0s    0.0081    65.0%    65.0%    94.6%       6%/82%/13%    2.260    0.042    35.0%     0.0%   0.9978   0.0021     7.7%
   329     2.3s    0.0146    80.0%    80.0%    96.0%       5%/83%/11%    2.031    0.054    20.0%     0.0%   1.0857  -0.0018     7.9%
   330     2.8s    0.0110    65.0%    65.0%    92.8%       5%/82%/13%    2.314    0.047    35.0%     0.0%   1.0245   0.0131     7.2%
  [MA20] reward=0.0095 task_sr=55.5% miss=44.5% time_limit=0.0% v2v=14.7%
  [PPO ] p_loss=0.0004 v_loss=0.9872 entropy=1.0245 grad=0.4214 active=34.7%
  [SIM ] avg_power(a)=0.4477 rsu_q=1.394 tx=216 no_tx=12 deadlock=0 svc=26.018GHz idle=9.1%
   331     2.9s    0.0104    60.0%    60.0%    93.9%       5%/82%/13%    2.121    0.040    40.0%     0.0%   0.9949   0.0056     8.2%
   332     2.4s    0.0152    80.0%    80.0%    91.1%       3%/83%/14%    2.163    0.033    20.0%     0.0%   1.1068   0.0047     8.5%
   333     2.7s    0.0151    75.0%    75.0%    95.4%       3%/86%/11%    2.080    0.051    25.0%     0.0%   1.1602   0.0202     7.5%
   334     3.4s    0.0043    45.0%    45.0%    90.3%       6%/78%/16%    2.350    0.027    55.0%     0.0%   1.1941   0.0363    11.4%
   335     3.9s    0.0060    45.0%    45.0%    80.1%       8%/75%/16%    1.860    0.023    55.0%     0.0%   1.2842   0.0045    12.2%
   336     2.8s    0.0031    25.0%    25.0%    85.8%      13%/68%/18%    2.267    0.033    75.0%     0.0%   1.3175   0.0213    10.2%
   337     2.9s    0.0115    65.0%    65.0%    95.2%      11%/75%/15%    2.014    0.025    35.0%     0.0%   1.1659   0.0206     9.6%
   338     3.5s    0.0028    40.0%    40.0%    90.3%       7%/77%/17%    2.275    0.020    60.0%     0.0%   1.1969   0.0053     9.5%
   339     2.6s    0.0138    70.0%    70.0%    96.9%       9%/81%/10%    2.019    0.039    30.0%     0.0%   1.2021   0.0087     7.1%
   340     2.6s    0.0098    60.0%    60.0%    92.8%       6%/82%/12%    2.238    0.032    40.0%     0.0%   1.2124   0.0078     7.8%
  [MA20] reward=0.0090 task_sr=55.2% miss=44.7% time_limit=0.0% v2v=14.3%
  [PPO ] p_loss=-0.0033 v_loss=1.1148 entropy=1.2124 grad=1.5440 active=38.7%
  [SIM ] avg_power(a)=0.4733 rsu_q=1.516 tx=224 no_tx=15 deadlock=0 svc=26.644GHz idle=6.5%

    Ep    Wall    R/step     T_SR     V_SR     S_SR            L/R/V   Lat(s)       En     Miss      Ill      Ent       KL     Clip
--------------------------------------------------------------------------------------------------------------------------------
   341     2.6s    0.0083    55.0%    55.0%    93.8%      10%/76%/13%    2.333    0.054    45.0%     0.0%   1.3164   0.0144     9.1%
   342     3.3s    0.0033    35.0%    35.0%    87.1%       9%/73%/18%    2.622    0.054    65.0%     0.0%   1.3519   0.0182     7.9%
   343     3.0s    0.0052    35.0%    35.0%    88.0%       6%/74%/20%    2.313    0.036    65.0%     0.0%   1.2127   0.0217    12.6%
   344     3.6s    0.0046    40.0%    40.0%    84.2%       7%/77%/16%    2.120    0.026    60.0%     0.0%   1.1589   0.0153    11.6%
   345     2.4s    0.0114    60.0%    60.0%    90.1%       5%/81%/14%    2.031    0.046    40.0%     0.0%   1.2813   0.0066     6.9%
   346     2.8s    0.0096    60.0%    60.0%    92.3%       6%/79%/14%    2.125    0.040    40.0%     0.0%   1.2271   0.0255     8.3%
   347     2.6s    0.0082    55.0%    55.0%    90.8%       5%/79%/16%    2.275    0.040    45.0%     0.0%   1.1432   0.0141     8.3%
   348     2.9s    0.0050    35.0%    35.0%    83.5%       3%/86%/11%    2.257    0.082    65.0%     0.0%   1.1729   0.0065     7.3%
   349     3.2s    0.0090    70.0%    70.0%    96.0%       4%/82%/14%    2.143    0.033    30.0%     0.0%   1.0830   0.0145     9.1%
   350     2.6s    0.0081    60.0%    60.0%    93.6%       3%/85%/11%    2.067    0.055    40.0%     0.0%   1.0559   0.0108     8.8%
  [MA20] reward=0.0082 task_sr=53.5% miss=46.5% time_limit=0.0% v2v=14.5%
  [PPO ] p_loss=-0.0063 v_loss=1.0061 entropy=1.0559 grad=0.9400 active=28.2%
  [SIM ] avg_power(a)=0.4694 rsu_q=1.412 tx=186 no_tx=6 deadlock=0 svc=19.734GHz idle=2.9%
   351     2.9s    0.0051    35.0%    35.0%    87.1%       9%/77%/14%    2.075    0.035    65.0%     0.0%   1.2643   0.0132    10.7%
   352     2.7s    0.0122    60.0%    60.0%    94.3%       9%/79%/12%    1.993    0.026    40.0%     0.0%   1.2637   0.0142     8.7%
   353     3.4s    0.0079    65.0%    65.0%    92.2%      10%/78%/13%    2.064    0.020    35.0%     0.0%   1.2556   0.0068     9.6%
   354     2.9s    0.0030    30.0%    30.0%    82.4%      10%/77%/13%    2.463    0.063    70.0%     0.0%   1.3989   0.0084     6.4%
   355     3.2s    0.0011    25.0%    25.0%    80.8%      14%/70%/16%    2.160    0.035    75.0%     0.0%   1.4490  -0.0006     9.3%
   356     3.1s    0.0083    60.0%    60.0%    89.7%      18%/64%/18%    2.092    0.014    40.0%     0.0%   1.6985   0.0259    12.9%
   357     3.7s    0.0018    40.0%    40.0%    83.8%      22%/50%/27%    2.733    0.014    60.0%     0.0%   1.6900   0.0057     9.8%
   358     4.7s    0.0016    35.0%    35.0%    81.6%      21%/58%/21%    2.213    0.019    65.0%     0.0%   1.6105   0.0213    11.5%
   359     7.4s   -0.0009    10.0%    10.0%    73.0%      21%/57%/21%    2.450    0.018    90.0%     0.0%   1.5544   0.0063    12.8%
   360     3.3s    0.0006    15.0%    15.0%    74.4%      28%/59%/14%    2.133    0.040    85.0%     0.0%   1.4605   0.0058    11.3%
  [MA20] reward=0.0057 task_sr=44.0% miss=56.0% time_limit=0.0% v2v=15.8%
  [PPO ] p_loss=0.0239 v_loss=3.1061 entropy=1.4605 grad=9.0794 active=26.8%
  [SIM ] avg_power(a)=0.4806 rsu_q=0.676 tx=143 no_tx=55 deadlock=0 svc=19.530GHz idle=2.7%

    Ep    Wall    R/step     T_SR     V_SR     S_SR            L/R/V   Lat(s)       En     Miss      Ill      Ent       KL     Clip
--------------------------------------------------------------------------------------------------------------------------------
   361     3.8s    0.0029    35.0%    35.0%    83.0%      31%/59%/10%    2.400    0.016    65.0%     0.0%   1.4285   0.0243    11.6%
   362     5.0s    0.0019    40.0%    40.0%    86.5%      24%/61%/16%    2.260    0.021    60.0%     0.0%   1.5098   0.0024    15.1%
   363     3.2s    0.0057    50.0%    50.0%    85.1%      21%/62%/16%    2.150    0.023    50.0%     0.0%   1.6086   0.0120     6.7%
   364     3.2s    0.0052    40.0%    40.0%    81.4%      25%/59%/16%    2.078    0.014    60.0%     0.0%   1.5815   0.0172     8.8%
   365    10.1s    0.0000    45.0%    45.0%    91.0%      20%/61%/19%    2.320    0.008    55.0%     0.0%   1.5293  -0.0031    13.5%
   366     3.1s    0.0028    30.0%    30.0%    78.8%      22%/61%/16%    2.388    0.037    70.0%     0.0%   1.4800   0.0248    20.7%
   367     2.9s    0.0091    45.0%    45.0%    86.2%      13%/75%/13%    1.989    0.029    55.0%     0.0%   1.4544   0.0173     6.7%
   368     3.0s    0.0083    50.0%    50.0%    88.3%      17%/68%/14%    1.830    0.033    50.0%     0.0%   1.4293   0.0220     8.0%
   369     3.8s    0.0017    20.0%    20.0%    81.6%      11%/68%/20%    2.667    0.034    80.0%     0.0%   1.5440   0.0121    10.6%
   370     2.8s    0.0087    50.0%    50.0%    89.3%      12%/68%/21%    2.150    0.039    50.0%     0.0%   1.6149   0.0029     9.1%
  [MA20] reward=0.0044 task_sr=39.0% miss=61.0% time_limit=0.0% v2v=16.5%
  [PPO ] p_loss=0.0189 v_loss=1.1600 entropy=1.6149 grad=2.4810 active=35.0%
  [SIM ] avg_power(a)=0.4859 rsu_q=0.935 tx=192 no_tx=25 deadlock=0 svc=24.115GHz idle=3.2%
   371     3.2s    0.0069    45.0%    45.0%    86.8%      14%/68%/18%    2.160    0.026    55.0%     0.0%   1.6136   0.0115     7.7%
   372     2.7s    0.0043    35.0%    35.0%    83.5%      10%/62%/28%    2.100    0.046    65.0%     0.0%   1.6930   0.0048     7.3%
   373     4.9s    0.0017    35.0%    35.0%    81.7%      18%/60%/22%    2.086    0.011    65.0%     0.0%   1.6162   0.0136    10.8%
   374     3.0s    0.0022    30.0%    30.0%    82.5%      15%/68%/16%    2.500    0.049    70.0%     0.0%   1.5495   0.0105     6.2%
   375     4.0s    0.0021    30.0%    30.0%    84.2%      17%/63%/20%    2.371    0.030    70.0%     0.0%   1.6617   0.0190    10.0%
   376     2.8s    0.0039    45.0%    45.0%    91.6%      20%/69%/11%    2.200    0.018    55.0%     0.0%   1.4686   0.0007     8.6%
   377     2.8s    0.0049    30.0%    30.0%    83.4%      15%/69%/16%    2.143    0.051    70.0%     0.0%   1.4039   0.0115     6.0%
   378     3.1s    0.0052    50.0%    50.0%    86.6%      15%/71%/14%    1.990    0.013    50.0%     0.0%   1.2797   0.0118    10.2%
   379     2.7s    0.0103    60.0%    60.0%    90.9%      16%/72%/12%    2.169    0.038    40.0%     0.0%   1.3442   0.0088     8.4%
   380     2.9s    0.0099    70.0%    70.0%    94.4%       16%/75%/9%    2.238    0.021    30.0%     0.0%   1.2650   0.0013     9.0%
  [MA20] reward=0.0049 task_sr=41.8% miss=58.2% time_limit=0.0% v2v=16.4%
  [PPO ] p_loss=-0.0175 v_loss=0.9924 entropy=1.2650 grad=0.6287 active=32.6%
  [SIM ] avg_power(a)=0.4878 rsu_q=1.054 tx=199 no_tx=39 deadlock=0 svc=22.607GHz idle=2.7%

    Ep    Wall    R/step     T_SR     V_SR     S_SR            L/R/V   Lat(s)       En     Miss      Ill      Ent       KL     Clip
--------------------------------------------------------------------------------------------------------------------------------
   381     3.0s    0.0081    45.0%    45.0%    92.2%      12%/77%/11%    2.260    0.031    55.0%     0.0%   1.2328  -0.0020     7.4%
   382     2.8s    0.0079    50.0%    50.0%    88.9%       9%/77%/14%    2.118    0.033    50.0%     0.0%   1.2173  -0.0003     6.7%
   383     2.8s    0.0070    55.0%    55.0%    91.9%       9%/79%/12%    2.236    0.053    45.0%     0.0%   1.2711   0.0100     7.4%
  [LateGuard] restore best_model at ep383 (drop=0.220, freeze=False)
   384     5.9s    0.0036    60.0%    60.0%    91.8%       4%/80%/16%    1.933    0.014    40.0%     0.0%   1.2358   0.0195    12.5%
   385     3.4s    0.0033    35.0%    35.0%    84.9%       6%/75%/18%    2.322    0.034    65.0%     0.0%   1.1748   0.0242    11.8%
   386     6.6s    0.0016    30.0%    30.0%    87.2%       3%/79%/17%    2.100    0.019    70.0%     0.0%   1.2500   0.0096    10.8%
   387     2.8s    0.0111    70.0%    70.0%    96.2%       6%/78%/16%    2.220    0.031    30.0%     0.0%   1.1714   0.0063     7.0%
   388     3.0s    0.0067    55.0%    55.0%    89.2%       4%/79%/16%    2.250    0.043    45.0%     0.0%   1.3061   0.0244     9.2%
   389     4.2s    0.0013    25.0%    25.0%    82.2%       6%/66%/28%    2.363    0.019    75.0%     0.0%   1.4420   0.0122    17.0%
   390     4.1s    0.0025    40.0%    40.0%    85.7%       7%/74%/19%    2.325    0.022    60.0%     0.0%   1.5103   0.0225    11.2%
  [MA20] reward=0.0052 task_sr=44.8% miss=55.2% time_limit=0.0% v2v=16.7%
  [PPO ] p_loss=0.0421 v_loss=1.0526 entropy=1.5103 grad=1.1119 active=22.7%
  [SIM ] avg_power(a)=0.3846 rsu_q=0.647 tx=213 no_tx=16 deadlock=0 svc=15.470GHz idle=2.0%
   391     4.1s    0.0003    25.0%    25.0%    78.8%      13%/59%/28%    2.520    0.021    75.0%     0.0%   1.6772   0.0258    16.5%
   392     3.7s   -0.0007    15.0%    15.0%    77.5%      18%/53%/30%    2.875    0.017    85.0%     0.0%   1.5963   0.0113    10.9%
   393    16.1s   -0.0010    15.0%    15.0%    72.6%      18%/60%/22%    2.067    0.004    85.0%     0.0%   1.4889   0.0786     0.0%
   394    14.3s   -0.0005    25.0%    25.0%    76.9%      20%/50%/30%    2.500    0.003    75.0%     0.0%   1.5435  -0.0059    10.9%
   395     5.0s   -0.0003    15.0%    15.0%    80.4%      25%/49%/26%    2.540    0.017    85.0%     0.0%   1.5883  -0.0049    12.9%
   396     2.9s    0.0041    30.0%    30.0%    84.0%      32%/42%/26%    2.500    0.006    70.0%     0.0%   1.5273   0.0175     9.1%
   397    15.6s   -0.0008    25.0%    25.0%    80.4%      28%/44%/28%    2.060    0.003    75.0%     0.0%   1.6308   0.0227    11.4%
   398    15.8s   -0.0009    25.0%    25.0%    70.9%      25%/45%/29%    2.060    0.002    75.0%     0.0%   1.3726   0.0868     9.1%
  [LateGuard] restore best_model at ep398 (drop=0.303, freeze=False)
   399     3.0s    0.0040    45.0%    45.0%    90.4%      12%/72%/16%    2.420    0.026    55.0%     0.0%   1.1587  -0.0126    10.0%
   400     4.2s    0.0055    50.0%    50.0%    86.6%       6%/76%/18%    2.130    0.026    50.0%     0.0%   1.3042   0.0239     9.2%
  [MA20] reward=0.0031 task_sr=36.8% miss=63.3% time_limit=15.0% v2v=21.0%
  [PPO ] p_loss=-0.0341 v_loss=1.1114 entropy=1.3042 grad=0.8351 active=21.9%
  [SIM ] avg_power(a)=0.4278 rsu_q=1.241 tx=221 no_tx=14 deadlock=0 svc=15.717GHz idle=1.9%

    Ep    Wall    R/step     T_SR     V_SR     S_SR            L/R/V   Lat(s)       En     Miss      Ill      Ent       KL     Clip
--------------------------------------------------------------------------------------------------------------------------------
   401     2.8s    0.0096    75.0%    75.0%    90.5%       6%/76%/17%    2.240    0.045    25.0%     0.0%   1.2588   0.0025     7.5%
   402     3.0s    0.0066    45.0%    45.0%    87.4%       9%/71%/20%    1.989    0.033    55.0%     0.0%   1.4051   0.0096    12.0%
   403     6.8s    0.0006    35.0%    35.0%    77.4%      11%/69%/20%    2.213    0.012    65.0%     0.0%   1.4921   0.0253    13.3%
   404     3.2s    0.0051    55.0%    55.0%    91.0%       9%/67%/24%    2.118    0.009    45.0%     0.0%   1.2614   0.0043    15.7%
   405     3.3s    0.0055    50.0%    50.0%    89.7%      10%/73%/17%    2.409    0.024    50.0%     0.0%   1.1803   0.0094    13.1%
   406     2.4s    0.0104    65.0%    65.0%    91.3%       8%/77%/15%    2.214    0.030    35.0%     0.0%   1.0879   0.0081     9.1%
   407     2.4s    0.0105    65.0%    65.0%    94.6%      11%/72%/17%    2.153    0.021    35.0%     0.0%   1.1309   0.0108     6.0%
   408     2.9s    0.0124    65.0%    65.0%    93.8%      13%/72%/15%    1.914    0.015    35.0%     0.0%   1.1399   0.0040     5.2%
   409     5.3s    0.0001    20.0%    20.0%    79.8%      16%/64%/20%    2.350    0.010    80.0%     0.0%   1.3024   0.0132    13.1%
   410     3.8s    0.0059    45.0%    45.0%    88.6%      12%/76%/12%    2.275    0.018    55.0%     0.0%   1.2929   0.0202    11.0%
  [MA20] reward=0.0038 task_sr=39.5% miss=60.5% time_limit=15.0% v2v=21.5%
  [PPO ] p_loss=-0.0023 v_loss=1.1317 entropy=1.2929 grad=1.1438 active=23.0%
  [SIM ] avg_power(a)=0.3978 rsu_q=0.588 tx=205 no_tx=28 deadlock=0 svc=16.458GHz idle=2.0%
   411     2.6s    0.0089    55.0%    55.0%    88.1%      14%/70%/17%    2.254    0.049    45.0%     0.0%   1.1747   0.0174     8.1%
   412     3.5s    0.0028    30.0%    30.0%    79.6%      12%/71%/17%    2.463    0.022    70.0%     0.0%   1.2923   0.0171     8.5%
   413     2.9s    0.0080    55.0%    55.0%    90.7%      11%/65%/24%    2.225    0.011    45.0%     0.0%   1.2310   0.0184     7.5%
  [LateGuard] restore best_model at ep413 (drop=0.259, freeze=False)
   414     4.2s    0.0026    50.0%    50.0%    92.5%       5%/77%/19%    2.492    0.015    50.0%     0.0%   1.1303   0.0204    13.0%
   415     2.9s    0.0077    55.0%    55.0%    89.8%       6%/79%/15%    2.175    0.040    45.0%     0.0%   1.2181  -0.0065     8.0%
   416     3.5s    0.0044    25.0%    25.0%    83.2%       4%/79%/17%    2.050    0.053    75.0%     0.0%   1.3005   0.0250    14.0%
   417     2.7s    0.0128    50.0%    50.0%    87.6%      12%/68%/20%    1.710    0.021    50.0%     0.0%   1.4603   0.0255    10.4%
   418     3.3s    0.0055    45.0%    45.0%    82.5%       8%/66%/27%    1.920    0.025    55.0%     0.0%   1.5492   0.0111     7.3%
   419     2.9s    0.0029    25.0%    25.0%    76.1%      12%/63%/25%    2.020    0.034    75.0%     0.0%   1.4893   0.0196     8.9%
   420     3.1s    0.0040    35.0%    35.0%    78.9%       8%/69%/23%    2.143    0.051    65.0%     0.0%   1.3957   0.0116     7.9%
  [MA20] reward=0.0063 task_sr=47.2% miss=52.8% time_limit=0.0% v2v=19.0%
  [PPO ] p_loss=0.0036 v_loss=1.0328 entropy=1.3957 grad=0.7358 active=27.3%
  [SIM ] avg_power(a)=0.4656 rsu_q=0.919 tx=182 no_tx=17 deadlock=0 svc=19.081GHz idle=2.7%

    Ep    Wall    R/step     T_SR     V_SR     S_SR            L/R/V   Lat(s)       En     Miss      Ill      Ent       KL     Clip
--------------------------------------------------------------------------------------------------------------------------------
   421     3.0s    0.0038    35.0%    35.0%    84.4%      12%/60%/28%    2.256    0.023    65.0%     0.0%   1.4570  -0.0065    10.2%
   422     2.9s    0.0056    40.0%    40.0%    90.8%      13%/65%/22%    2.230    0.017    60.0%     0.0%   1.5419   0.0067     7.1%
   423     5.6s    0.0005    20.0%    20.0%    80.4%      11%/60%/29%    2.225    0.017    80.0%     0.0%   1.5095   0.0185     9.9%
   424     9.0s    0.0003    25.0%    25.0%    77.3%      12%/57%/31%    1.783    0.013    75.0%     0.0%   1.4634   0.0475     2.9%
   425     7.9s    0.0002    40.0%    40.0%    85.3%      13%/63%/24%    2.163    0.009    60.0%     0.0%   1.4651   0.0214    13.8%
   426     3.3s    0.0034    35.0%    35.0%    82.7%      15%/59%/25%    2.344    0.037    65.0%     0.0%   1.4456   0.0276    11.4%
   427     3.7s   -0.0001    15.0%    15.0%    83.8%      11%/69%/20%    2.571    0.038    85.0%     0.0%   1.3646  -0.0006    11.5%
   428     3.5s    0.0050    50.0%    50.0%    90.0%      10%/76%/15%    2.380    0.034    50.0%     0.0%   1.4340   0.0105     7.5%
  [LateGuard] restore best_model at ep428 (drop=0.271, freeze=False)
   429     2.9s    0.0076    55.0%    55.0%    87.8%       3%/84%/14%    2.317    0.056    45.0%     0.0%   1.3022   0.0266     5.8%
   430     2.9s    0.0060    40.0%    40.0%    87.6%       7%/74%/20%    2.120    0.030    60.0%     0.0%   1.3716  -0.0011    11.7%
  [MA20] reward=0.0046 task_sr=39.0% miss=61.0% time_limit=0.0% v2v=21.4%
  [PPO ] p_loss=-0.0369 v_loss=1.0381 entropy=1.3716 grad=0.6975 active=32.0%
  [SIM ] avg_power(a)=0.4247 rsu_q=1.571 tx=205 no_tx=15 deadlock=0 svc=22.643GHz idle=5.7%
   431     5.7s    0.0019    45.0%    45.0%    87.8%       8%/71%/21%    2.289    0.018    55.0%     0.0%   1.4161   0.0257    12.1%
   432     2.8s    0.0116    65.0%    65.0%    94.3%       6%/75%/19%    2.108    0.026    35.0%     0.0%   1.3966   0.0198     8.1%
   433     3.0s    0.0032    30.0%    30.0%    83.7%       8%/70%/22%    2.213    0.021    70.0%     0.0%   1.3955   0.0343     9.6%
   434     4.4s    0.0049    55.0%    55.0%    90.2%      10%/70%/20%    2.155    0.016    45.0%     0.0%   1.5304   0.0169    14.3%
   435     8.6s    0.0012    50.0%    50.0%    84.0%      14%/58%/28%    2.155    0.007    50.0%     0.0%   1.4678   0.0127    12.8%
   436     3.1s    0.0063    50.0%    50.0%    86.3%      12%/66%/22%    2.080    0.028    50.0%     0.0%   1.3347   0.0057    12.6%
   437     3.5s    0.0034    35.0%    35.0%    78.9%      10%/66%/24%    2.200    0.036    65.0%     0.0%   1.6000   0.0146     9.9%
   438     3.8s    0.0027    30.0%    30.0%    74.1%      15%/52%/33%    2.217    0.014    70.0%     0.0%   1.5384   0.0353    15.2%
   439     3.6s    0.0011    20.0%    20.0%    81.1%      22%/57%/22%    2.233    0.015    80.0%     0.0%   1.5477   0.0151     8.6%
   440    10.6s   -0.0002    40.0%    40.0%    74.3%      29%/51%/20%    2.111    0.003    60.0%     0.0%   1.6257   0.0078    18.7%
  [MA20] reward=0.0034 task_sr=38.8% miss=61.3% time_limit=0.0% v2v=22.9%
  [PPO ] p_loss=-0.0382 v_loss=1.8168 entropy=1.6257 grad=2.0447 active=7.1%
  [SIM ] avg_power(a)=0.4212 rsu_q=0.206 tx=135 no_tx=56 deadlock=0 svc=4.630GHz idle=0.7%

    Ep    Wall    R/step     T_SR     V_SR     S_SR            L/R/V   Lat(s)       En     Miss      Ill      Ent       KL     Clip
--------------------------------------------------------------------------------------------------------------------------------
   441     9.8s   -0.0003    20.0%    20.0%    73.2%      30%/45%/25%    1.875    0.003    80.0%     0.0%   1.6388   0.0235    11.6%
   442     3.2s    0.0020    35.0%    35.0%    85.8%      40%/48%/12%    2.633    0.010    65.0%     0.0%   1.6296   0.0167    12.9%
   443    10.3s   -0.0002    35.0%    35.0%    79.3%      45%/34%/21%    2.163    0.002    65.0%     0.0%   1.6065   0.0198    14.3%
  [LateGuard] restore best_model at ep443 (drop=0.287, freeze=False)
   444     2.9s    0.0111    65.0%    65.0%    90.4%       5%/79%/16%    1.938    0.041    35.0%     0.0%   1.1319  -0.0044     8.5%
   445     2.2s    0.0173    80.0%    80.0%    90.7%       6%/82%/13%    1.919    0.030    20.0%     0.0%   1.0430   0.0192    10.2%
   446     2.9s    0.0099    70.0%    70.0%    93.2%       5%/78%/17%    2.100    0.029    30.0%     0.0%   1.1227   0.0303    11.4%
   447     2.9s    0.0095    65.0%    65.0%    94.9%       6%/80%/14%    2.038    0.027    35.0%     0.0%   1.1902   0.0073    12.7%
   448     2.9s    0.0041    45.0%    45.0%    88.9%       6%/76%/18%    2.544    0.042    55.0%     0.0%   1.2802   0.0270    10.1%
   449     2.9s    0.0086    55.0%    55.0%    92.2%      11%/70%/18%    2.433    0.031    45.0%     0.0%   1.3373   0.0179    10.9%
   450     2.3s    0.0167    95.0%    95.0%    99.6%       7%/78%/15%    2.116    0.029     5.0%     0.0%   1.3080   0.0040     7.4%
  [MA20] reward=0.0057 task_sr=49.2% miss=50.8% time_limit=0.0% v2v=20.0%
  [PPO ] p_loss=-0.0010 v_loss=2.3591 entropy=1.3080 grad=3.4289 active=41.4%
  [SIM ] avg_power(a)=0.4530 rsu_q=2.448 tx=221 no_tx=17 deadlock=0 svc=31.646GHz idle=13.8%
   451     2.8s    0.0035    25.0%    25.0%    79.2%       8%/76%/16%    2.533    0.058    75.0%     0.0%   1.3231   0.0217    11.3%
   452     2.7s    0.0093    65.0%    65.0%    95.3%      10%/80%/10%    2.356    0.044    35.0%     0.0%   1.1703   0.0171    12.2%
   453     2.4s    0.0132    70.0%    70.0%    97.8%       9%/81%/10%    2.094    0.041    30.0%     0.0%   1.0864   0.0094     9.7%
   454     2.6s    0.0088    45.0%    45.0%    89.3%      13%/74%/13%    2.078    0.038    55.0%     0.0%   1.1016   0.0109    10.7%
   455     2.8s    0.0065    50.0%    50.0%    91.5%        6%/86%/7%    2.327    0.059    50.0%     0.0%   1.0723   0.0034     8.4%
   456     2.6s    0.0121    75.0%    75.0%    96.7%        4%/88%/9%    2.219    0.058    25.0%     0.0%   1.0025   0.0136     5.5%
   457     2.8s    0.0097    75.0%    75.0%    97.2%       6%/83%/11%    2.206    0.027    25.0%     0.0%   0.9831   0.0086     7.7%
   458     2.1s    0.0191    80.0%    80.0%    96.6%        5%/90%/5%    1.825    0.060    20.0%     0.0%   0.9719   0.0132     5.9%
  [LateGuard] restore best_model at ep458 (drop=0.185, freeze=False)
   459     2.4s    0.0115    50.0%    50.0%    91.9%       5%/79%/16%    2.027    0.027    50.0%     0.0%   1.1647   0.0004     8.6%
   460     3.0s    0.0073    50.0%    50.0%    87.6%       7%/82%/11%    2.050    0.042    50.0%     0.0%   1.0471   0.0040    12.0%
  [MA20] reward=0.0090 task_sr=57.5% miss=42.5% time_limit=0.0% v2v=13.9%
  [PPO ] p_loss=0.0102 v_loss=0.9807 entropy=1.0471 grad=0.7664 active=25.7%
  [SIM ] avg_power(a)=0.4164 rsu_q=1.293 tx=195 no_tx=14 deadlock=0 svc=17.591GHz idle=2.4%

    Ep    Wall    R/step     T_SR     V_SR     S_SR            L/R/V   Lat(s)       En     Miss      Ill      Ent       KL     Clip
--------------------------------------------------------------------------------------------------------------------------------
   461     2.3s    0.0176    75.0%    75.0%    97.5%        4%/89%/8%    2.118    0.042    25.0%     0.0%   0.9504   0.0102     5.2%
   462     2.3s    0.0104    65.0%    65.0%    90.4%        5%/87%/8%    2.243    0.049    35.0%     0.0%   0.9343  -0.0024     6.5%
   463     2.7s    0.0123    65.0%    65.0%    93.8%        3%/89%/8%    2.093    0.040    35.0%     0.0%   0.9252   0.0270     8.1%
   464     2.2s    0.0232    90.0%    90.0%    99.6%        3%/91%/5%    1.937    0.059    10.0%     0.0%   0.8864   0.0059     4.2%
   465     2.7s    0.0114    65.0%    65.0%    91.0%        3%/89%/8%    2.093    0.042    35.0%     0.0%   0.9015   0.0033     5.8%
   466     2.1s    0.0163    70.0%    70.0%    95.6%        4%/89%/7%    2.147    0.062    30.0%     0.0%   0.7559  -0.0049     8.1%
   467     2.6s    0.0115    45.0%    45.0%    67.5%        2%/94%/4%    1.850    0.079    55.0%     0.0%   0.8145   0.0123     5.9%
   468     2.7s    0.0078    40.0%    40.0%    86.5%        3%/91%/6%    2.020    0.059    60.0%     0.0%   0.8241   0.0048     4.3%
   469     2.5s    0.0209    85.0%    85.0%    99.2%        4%/91%/5%    2.039    0.026    15.0%     0.0%   0.7536   0.0152     4.4%
   470     2.9s    0.0111    70.0%    70.0%    96.8%        2%/92%/5%    2.200    0.051    30.0%     0.0%   0.7113   0.0095     7.2%
  [MA20] reward=0.0122 task_sr=62.7% miss=37.2% time_limit=0.0% v2v=8.7%
  [PPO ] p_loss=0.0006 v_loss=1.6834 entropy=0.7113 grad=0.7301 active=32.5%
  [SIM ] avg_power(a)=0.3968 rsu_q=2.421 tx=241 no_tx=6 deadlock=0 svc=23.220GHz idle=2.6%
   471     2.3s    0.0148    55.0%    55.0%    91.8%        1%/93%/6%    2.133    0.068    45.0%     0.0%   0.6811   0.0093     5.7%
   472     2.4s    0.0171    75.0%    75.0%    97.0%        3%/93%/4%    2.024    0.045    25.0%     0.0%   0.7660   0.0011     6.6%
   473     2.4s    0.0112    60.0%    60.0%    93.4%        2%/91%/7%    2.221    0.049    40.0%     0.0%   0.8173  -0.0015     5.7%
   474     2.6s    0.0112    55.0%    55.0%    90.0%        3%/92%/5%    2.008    0.049    45.0%     0.0%   0.8389   0.0062     8.1%
   475     2.4s    0.0165    80.0%    80.0%    93.4%        2%/95%/3%    2.100    0.080    20.0%     0.0%   0.7662   0.0042     4.6%
   476     2.2s    0.0178    70.0%    70.0%    89.9%        4%/92%/4%    1.907    0.063    30.0%     0.0%   0.8572   0.0181     5.1%
   477     2.6s    0.0101    60.0%    60.0%    91.5%      10%/81%/10%    2.364    0.051    40.0%     0.0%   0.9888   0.0069     7.6%
   478     2.4s    0.0126    60.0%    60.0%    92.7%       3%/87%/10%    2.157    0.040    40.0%     0.0%   1.0414   0.0177     6.9%
   479     2.7s    0.0088    40.0%    40.0%    83.0%        6%/85%/9%    2.111    0.060    60.0%     0.0%   1.0310   0.0041     6.7%
   480     2.7s    0.0097    80.0%    80.0%    93.7%       4%/84%/12%    2.288    0.047    20.0%     0.0%   1.0438   0.0084     8.6%
  [MA20] reward=0.0136 task_sr=65.3% miss=34.8% time_limit=0.0% v2v=6.8%
  [PPO ] p_loss=0.0147 v_loss=1.1236 entropy=1.0438 grad=1.4222 active=32.6%
  [SIM ] avg_power(a)=0.4325 rsu_q=2.000 tx=216 no_tx=10 deadlock=0 svc=23.302GHz idle=2.9%
  → Best model saved: Success Rate = 0.575 (50-ep avg)

    Ep    Wall    R/step     T_SR     V_SR     S_SR            L/R/V   Lat(s)       En     Miss      Ill      Ent       KL     Clip
--------------------------------------------------------------------------------------------------------------------------------
   481     2.4s    0.0134    55.0%    55.0%    91.1%       5%/84%/11%    2.046    0.039    45.0%     0.0%   1.0990   0.0200     8.8%
   482     2.5s    0.0120    70.0%    70.0%    98.0%       3%/83%/14%    2.163    0.036    30.0%     0.0%   1.0183   0.0106     7.5%
   483     2.6s    0.0074    50.0%    50.0%    89.2%       6%/81%/13%    2.325    0.063    50.0%     0.0%   1.1256   0.0290     7.4%
   484     3.0s    0.0019    30.0%    30.0%    76.6%       4%/85%/12%    2.250    0.074    70.0%     0.0%   1.1452   0.0111     5.1%
   485     3.0s    0.0078    45.0%    45.0%    82.4%       6%/83%/12%    2.170    0.045    55.0%     0.0%   1.2048   0.0056     8.8%
   486     2.6s    0.0111    55.0%    55.0%    90.2%      10%/76%/14%    2.054    0.033    45.0%     0.0%   1.1449   0.0116    11.5%
   487     2.9s    0.0110    55.0%    55.0%    83.4%       6%/83%/11%    1.718    0.039    45.0%     0.0%   1.0222   0.0136    10.9%
   488     2.6s    0.0175    95.0%    95.0%    98.8%       6%/84%/10%    2.084    0.029     5.0%     0.0%   1.0767   0.0108     7.8%
   489     3.0s    0.0118    70.0%    70.0%    95.1%        3%/88%/9%    1.927    0.043    30.0%     0.0%   0.9944   0.0094     8.8%
   490     2.5s    0.0150    65.0%    65.0%    92.7%        5%/88%/7%    1.971    0.044    35.0%     0.0%   1.0320   0.0146     5.3%
  [MA20] reward=0.0119 task_sr=61.3% miss=38.7% time_limit=0.0% v2v=9.2%
  [PPO ] p_loss=0.0178 v_loss=1.1355 entropy=1.0320 grad=1.1858 active=34.7%
  [SIM ] avg_power(a)=0.4910 rsu_q=4.031 tx=211 no_tx=10 deadlock=0 svc=25.297GHz idle=3.1%
  → Best model saved: Success Rate = 0.609 (50-ep avg)
   491     2.5s    0.0057    40.0%    40.0%    89.2%       4%/82%/14%    2.327    0.066    60.0%     0.0%   1.0966   0.0180     7.9%
   492     2.3s    0.0140    65.0%    65.0%    95.3%       3%/82%/15%    2.062    0.033    35.0%     0.0%   1.0641   0.0208     7.1%
   493     3.0s    0.0091    70.0%    70.0%    95.8%       4%/81%/15%    2.236    0.041    30.0%     0.0%   0.9657   0.0228    11.3%
   494     3.4s    0.0014    25.0%    25.0%    84.9%       4%/82%/14%    2.467    0.061    75.0%     0.0%   1.2162   0.0266    15.7%
   495     2.8s    0.0029    20.0%    20.0%    75.9%      10%/71%/19%    2.314    0.057    80.0%     0.0%   1.2437   0.0030     7.9%
   496     3.0s    0.0073    30.0%    30.0%    77.6%       3%/77%/19%    1.867    0.054    70.0%     0.0%   1.3354   0.0217     5.5%
   497     3.4s   -0.0005    10.0%    10.0%    69.4%       8%/77%/15%    2.725    0.092    90.0%     0.0%   1.4852   0.0075     5.9%
   498     2.9s    0.0081    60.0%    60.0%    92.9%       8%/73%/19%    2.329    0.027    40.0%     0.0%   1.2578  -0.0003     7.1%
   499     3.3s    0.0045    35.0%    35.0%    83.4%       6%/78%/16%    2.157    0.054    65.0%     0.0%   1.2274   0.0234     8.4%
   500     2.9s    0.0087    40.0%    40.0%    83.9%       7%/78%/15%    1.811    0.040    60.0%     0.0%   1.3322   0.0008     7.3%
  [MA20] reward=0.0085 task_sr=49.2% miss=50.8% time_limit=0.0% v2v=13.7%
  [PPO ] p_loss=-0.0039 v_loss=2.2195 entropy=1.3322 grad=1.7334 active=29.0%
  [SIM ] avg_power(a)=0.4675 rsu_q=1.457 tx=186 no_tx=15 deadlock=0 svc=19.486GHz idle=2.9%

    Ep    Wall    R/step     T_SR     V_SR     S_SR            L/R/V   Lat(s)       En     Miss      Ill      Ent       KL     Clip
--------------------------------------------------------------------------------------------------------------------------------
   501     3.0s    0.0025    25.0%    25.0%    86.5%       6%/74%/20%    2.329    0.027    75.0%     0.0%   1.2450   0.0046     5.4%
   502     3.0s    0.0098    55.0%    55.0%    91.2%       7%/74%/19%    2.223    0.035    45.0%     0.0%   1.2463   0.0069     4.5%
   503     3.2s    0.0052    35.0%    35.0%    86.2%       9%/74%/17%    2.088    0.051    65.0%     0.0%   1.3778   0.0189     8.7%
   504     3.3s    0.0057    55.0%    55.0%    89.4%       9%/68%/22%    2.345    0.024    45.0%     0.0%   1.3275   0.0265     7.9%
   505     3.7s    0.0037    45.0%    45.0%    84.5%      17%/57%/26%    2.289    0.021    55.0%     0.0%   1.5420   0.0067     7.6%
   506     4.4s    0.0025    40.0%    40.0%    85.0%      11%/63%/26%    2.388    0.015    60.0%     0.0%   1.4472   0.0116    10.5%
   507    15.7s   -0.0009    20.0%    20.0%    78.2%      13%/54%/32%    2.420    0.004    80.0%     0.0%   1.4896   0.0175     6.5%
   508     2.8s    0.0030    25.0%    25.0%    79.2%      13%/60%/28%    2.017    0.019    75.0%     0.0%   1.3870   0.0106     5.3%
   509     2.8s    0.0086    60.0%    60.0%    89.4%      17%/62%/21%    2.300    0.013    40.0%     0.0%   1.4845   0.0071     5.2%
   510     2.5s    0.0057    35.0%    35.0%    90.2%      19%/56%/25%    2.213    0.018    65.0%     0.0%   1.4962   0.0108     6.8%
  [MA20] reward=0.0053 task_sr=39.5% miss=60.5% time_limit=5.0% v2v=19.9%
  [PPO ] p_loss=0.0080 v_loss=1.6307 entropy=1.4962 grad=1.2366 active=34.5%
  [SIM ] avg_power(a)=0.4819 rsu_q=0.406 tx=178 no_tx=41 deadlock=0 svc=23.808GHz idle=3.1%
   511     9.3s    0.0004    30.0%    30.0%    66.7%      23%/48%/29%    1.833    0.002    70.0%     0.0%   1.5448   0.0151     9.9%
   512     2.8s    0.0073    50.0%    50.0%    91.4%      14%/64%/22%    2.136    0.016    50.0%     0.0%   1.3007   0.0117     5.2%
   513    11.5s    0.0001    50.0%    50.0%    75.8%      14%/61%/26%    2.100    0.002    50.0%     0.0%   1.5382   0.0282     5.6%
   514     2.0s    0.0228    85.0%    85.0%    92.9%      12%/72%/16%    1.806    0.011    15.0%     0.0%   1.1985   0.0003     6.7%
   515     3.0s    0.0040    35.0%    35.0%    79.0%      15%/65%/21%    2.225    0.041    65.0%     0.0%   1.3218   0.0159     7.2%
   516     3.0s    0.0075    40.0%    40.0%    81.0%      17%/69%/13%    1.833    0.046    60.0%     0.0%   1.3012  -0.0085     7.8%
   517     2.3s    0.0112    65.0%    65.0%    94.1%      14%/69%/17%    2.143    0.024    35.0%     0.0%   1.1823   0.0232     5.2%
   518     2.4s    0.0107    75.0%    75.0%    96.7%      10%/68%/22%    2.229    0.018    25.0%     0.0%   1.2859  -0.0021     6.7%
   519     3.2s    0.0082    60.0%    60.0%    87.5%       7%/66%/27%    2.250    0.022    40.0%     0.0%   1.2611   0.0129    10.5%
   520    12.6s   -0.0005    30.0%    30.0%    69.8%       8%/60%/32%    2.438    0.007    70.0%     0.0%   1.4288   0.0252     6.5%
  [MA20] reward=0.0059 task_sr=45.8% miss=54.2% time_limit=5.0% v2v=23.0%
  [PPO ] p_loss=0.0835 v_loss=1.7313 entropy=1.4288 grad=2.1422 active=5.8%
  [SIM ] avg_power(a)=0.4872 rsu_q=0.095 tx=178 no_tx=16 deadlock=0 svc=4.115GHz idle=0.6%

    Ep    Wall    R/step     T_SR     V_SR     S_SR            L/R/V   Lat(s)       En     Miss      Ill      Ent       KL     Clip
--------------------------------------------------------------------------------------------------------------------------------
   521    11.7s    0.0009    45.0%    45.0%    73.5%      12%/60%/28%    1.900    0.003    55.0%     0.0%   1.4346   0.0109     6.2%
   522    12.5s    0.0004    45.0%    45.0%    74.0%      13%/56%/30%    2.067    0.002    55.0%     0.0%   1.5485   0.0118     7.5%
   523    14.5s   -0.0000    45.0%    45.0%    83.4%      10%/58%/32%    2.210    0.003    55.0%     0.0%   1.4597   0.0285     3.4%
   524     8.2s    0.0016    40.0%    40.0%    65.2%       9%/50%/41%    1.600    0.007    60.0%     0.0%   1.4624   0.0244     5.3%
   525     3.5s    0.0025    25.0%    25.0%    60.8%       6%/52%/42%    2.080    0.014    75.0%     0.0%   1.4950   0.0229    12.7%
  [LateGuard] restore best_model at ep525 (drop=0.230, freeze=False)
   526     2.4s    0.0123    60.0%    60.0%    89.1%        4%/88%/8%    2.031    0.065    40.0%     0.0%   0.8975   0.0061     7.2%
   527     3.1s    0.0056    35.0%    35.0%    80.2%       4%/86%/10%    2.278    0.053    65.0%     0.0%   0.9989   0.0133    10.9%
   528     2.6s    0.0071    45.0%    45.0%    93.8%       2%/87%/11%    2.250    0.054    55.0%     0.0%   1.0211   0.0122    10.9%
   529     2.6s    0.0144    60.0%    60.0%    95.7%       4%/85%/11%    2.060    0.056    40.0%     0.0%   1.1465   0.0240     8.3%
   530     2.8s    0.0076    50.0%    50.0%    85.5%       6%/79%/15%    2.208    0.048    50.0%     0.0%   1.2319   0.0030    10.3%
  [MA20] reward=0.0062 task_sr=48.5% miss=51.5% time_limit=5.0% v2v=22.6%
  [PPO ] p_loss=-0.0344 v_loss=1.1615 entropy=1.2319 grad=0.6897 active=29.0%
  [SIM ] avg_power(a)=0.4792 rsu_q=0.829 tx=189 no_tx=13 deadlock=0 svc=21.420GHz idle=11.4%
   531     3.3s    0.0021    20.0%    20.0%    86.1%       7%/74%/18%    2.417    0.045    80.0%     0.0%   1.3989   0.0038    11.2%
   532     2.9s    0.0080    50.0%    50.0%    90.8%       8%/72%/20%    2.355    0.027    50.0%     0.0%   1.3956   0.0205     9.1%
   533     2.9s    0.0054    45.0%    45.0%    86.8%       6%/75%/19%    2.540    0.053    55.0%     0.0%   1.2838   0.0110    11.4%
   534     6.8s    0.0005    20.0%    20.0%    80.1%       4%/78%/18%    2.283    0.028    80.0%     0.0%   1.2642   0.0220    13.4%
   535     2.4s    0.0095    55.0%    55.0%    87.2%       3%/86%/12%    2.082    0.080    45.0%     0.0%   1.0181  -0.0076     9.7%
   536     2.5s    0.0151    70.0%    70.0%    94.2%        2%/90%/8%    2.000    0.050    30.0%     0.0%   0.9133   0.0129     7.0%
   537     2.8s    0.0044    25.0%    25.0%    78.1%       2%/86%/12%    2.217    0.067    75.0%     0.0%   1.0052   0.0188    10.0%
   538     3.0s    0.0036    20.0%    20.0%    62.1%        2%/89%/9%    1.850    0.144    80.0%     0.0%   1.2489   0.0153     8.0%
   539     2.1s    0.0195    80.0%    80.0%    96.8%       4%/81%/16%    1.938    0.049    20.0%     0.0%   1.1790   0.0067    12.3%
   540     3.7s    0.0038    35.0%    35.0%    82.0%       8%/66%/26%    2.157    0.026    65.0%     0.0%   1.4208   0.0178    10.8%
  [MA20] reward=0.0062 task_sr=43.5% miss=56.5% time_limit=5.0% v2v=19.3%
  [PPO ] p_loss=0.0122 v_loss=1.1756 entropy=1.4208 grad=0.8374 active=23.7%
  [SIM ] avg_power(a)=0.4882 rsu_q=0.867 tx=196 no_tx=17 deadlock=0 svc=16.068GHz idle=2.2%
  [LateGuard] restore best_model at ep540 (drop=0.304, freeze=False)

    Ep    Wall    R/step     T_SR     V_SR     S_SR            L/R/V   Lat(s)       En     Miss      Ill      Ent       KL     Clip
--------------------------------------------------------------------------------------------------------------------------------
   541     3.4s    0.0081    60.0%    60.0%    88.5%       4%/85%/11%    2.083    0.074    40.0%     0.0%   1.0467   0.0129     5.8%
   542     2.6s    0.0147    70.0%    70.0%    95.5%       2%/85%/14%    2.019    0.043    30.0%     0.0%   0.9860   0.0248    11.3%
   543     2.7s    0.0086    40.0%    40.0%    87.1%       5%/80%/15%    2.100    0.036    60.0%     0.0%   1.2354   0.0241    13.2%
   544    12.4s   -0.0001    40.0%    40.0%    85.1%       9%/72%/19%    2.373    0.008    60.0%     0.0%   1.4803   0.0439     9.8%
   545     3.6s    0.0044    40.0%    40.0%    83.0%       9%/71%/21%    2.100    0.037    60.0%     0.0%   1.3876   0.0162     9.1%
   546     2.6s   -0.0000    10.0%    10.0%    84.4%      12%/64%/25%    2.600    0.042    90.0%     0.0%   1.3765   0.0087    15.2%
   547     3.2s    0.0025    35.0%    35.0%    85.3%      11%/71%/18%    2.238    0.035    65.0%     0.0%   1.2271   0.0270    15.6%
   548     2.4s    0.0120    60.0%    60.0%    87.7%        6%/85%/9%    2.077    0.070    40.0%     0.0%   1.0222   0.0031    14.7%
   549     2.4s    0.0125    65.0%    65.0%    89.1%        3%/89%/8%    1.954    0.048    35.0%     0.0%   0.9419   0.0057     8.2%
   550     2.4s    0.0195    80.0%    80.0%    96.2%        3%/91%/6%    1.938    0.051    20.0%     0.0%   0.9359   0.0134     7.5%
  [MA20] reward=0.0077 task_sr=46.0% miss=54.0% time_limit=0.0% v2v=15.2%
  [PPO ] p_loss=0.0039 v_loss=1.0953 entropy=0.9359 grad=0.6262 active=37.6%
  [SIM ] avg_power(a)=0.5045 rsu_q=3.258 tx=225 no_tx=8 deadlock=0 svc=26.700GHz idle=3.2%
   551     2.7s    0.0072    65.0%    65.0%    87.8%        3%/89%/9%    2.331    0.060    35.0%     0.0%   1.0620   0.0143     9.5%
   552     2.6s    0.0075    60.0%    60.0%    88.1%       6%/82%/12%    2.254    0.052    40.0%     0.0%   1.2309   0.0158    11.3%
   553     2.7s    0.0102    65.0%    65.0%    94.9%       7%/78%/15%    2.306    0.059    35.0%     0.0%   1.3052   0.0220     6.8%
   554     3.3s    0.0020    15.0%    15.0%    80.0%       9%/74%/17%    1.850    0.047    85.0%     0.0%   1.4337   0.0084     8.9%
   555     6.4s    0.0019    35.0%    35.0%    81.3%      10%/64%/26%    2.033    0.013    65.0%     0.0%   1.3887   0.0202    14.5%
  [LateGuard] restore best_model at ep555 (drop=0.262, freeze=False)
   556     2.8s    0.0051    30.0%    30.0%    79.2%       7%/83%/11%    1.986    0.066    70.0%     0.0%   1.0218   0.0039     7.6%
   557     2.8s    0.0131    80.0%    80.0%    96.8%        3%/90%/7%    2.283    0.058    20.0%     0.0%   0.8915   0.0045     6.3%
   558     2.4s    0.0192    75.0%    75.0%    93.0%        3%/89%/8%    1.953    0.040    25.0%     0.0%   0.8777  -0.0027     7.4%
   559     2.2s    0.0188    65.0%    65.0%    93.6%        3%/90%/7%    1.853    0.042    35.0%     0.0%   0.7768   0.0151     6.7%
   560     3.4s    0.0069    50.0%    50.0%    89.5%        2%/91%/8%    2.040    0.047    50.0%     0.0%   0.9382   0.0213    11.0%
  [MA20] reward=0.0087 task_sr=52.0% miss=48.0% time_limit=0.0% v2v=13.1%
  [PPO ] p_loss=-0.0399 v_loss=0.9214 entropy=0.9382 grad=0.5880 active=24.0%
  [SIM ] avg_power(a)=0.4745 rsu_q=1.383 tx=222 no_tx=4 deadlock=0 svc=16.255GHz idle=2.1%

    Ep    Wall    R/step     T_SR     V_SR     S_SR            L/R/V   Lat(s)       En     Miss      Ill      Ent       KL     Clip
--------------------------------------------------------------------------------------------------------------------------------
   561     2.7s    0.0101    50.0%    50.0%    88.6%        1%/90%/8%    2.000    0.060    50.0%     0.0%   0.9060   0.0126     5.3%
   562     2.6s    0.0136    80.0%    80.0%    98.2%        2%/90%/8%    2.056    0.056    20.0%     0.0%   0.9338   0.0211     5.7%
   563     2.8s    0.0075    40.0%    40.0%    91.0%       1%/86%/13%    2.170    0.046    60.0%     0.0%   1.0302   0.0048     6.4%
   564     3.3s    0.0056    45.0%    45.0%    84.0%       2%/87%/12%    2.260    0.050    55.0%     0.0%   0.9629   0.0170     9.6%
   565     2.3s    0.0168    70.0%    70.0%    87.0%        0%/91%/9%    1.950    0.087    30.0%     0.0%   0.8993   0.0086     4.6%
   566     2.4s    0.0106    60.0%    60.0%    91.6%        2%/89%/9%    2.129    0.063    40.0%     0.0%   0.9139  -0.0015     8.3%
   567     3.3s    0.0053    35.0%    35.0%    83.4%       0%/89%/11%    2.188    0.047    65.0%     0.0%   1.0139  -0.0018     8.4%
   568     2.3s    0.0148    75.0%    75.0%    89.5%       2%/88%/10%    2.031    0.070    25.0%     0.0%   1.0147   0.0002     8.1%
   569     2.4s    0.0150    65.0%    65.0%    96.5%       2%/88%/11%    2.133    0.047    35.0%     0.0%   1.0662   0.0131     7.5%
   570     2.6s    0.0122    50.0%    50.0%    88.3%       3%/82%/15%    1.982    0.072    50.0%     0.0%   1.1738   0.0140     9.4%
  [MA20] reward=0.0102 task_sr=55.5% miss=44.5% time_limit=0.0% v2v=11.2%
  [PPO ] p_loss=-0.0078 v_loss=1.2430 entropy=1.1738 grad=0.7198 active=31.7%
  [SIM ] avg_power(a)=0.4851 rsu_q=1.719 tx=196 no_tx=6 deadlock=0 svc=22.297GHz idle=3.1%
  [LateGuard] restore best_model at ep570 (drop=0.208, freeze=False)
   571     3.1s    0.0105    55.0%    55.0%    88.5%       4%/83%/13%    1.977    0.037    45.0%     0.0%   1.0113   0.0191     6.1%
   572     3.1s    0.0075    45.0%    45.0%    85.1%       1%/86%/12%    1.978    0.056    55.0%     0.0%   1.0565   0.0230     8.5%
   573     3.3s    0.0062    40.0%    40.0%    83.3%       3%/85%/12%    2.240    0.046    60.0%     0.0%   1.0357   0.0112     7.3%
   574     2.5s    0.0169    75.0%    75.0%    97.8%        3%/89%/8%    1.888    0.034    25.0%     0.0%   1.0668   0.0083     7.6%
   575     3.2s    0.0044    40.0%    40.0%    89.8%       5%/82%/13%    2.482    0.032    60.0%     0.0%   1.0141   0.0021    10.1%
   576     2.5s    0.0118    65.0%    65.0%    95.2%        4%/88%/8%    2.213    0.056    35.0%     0.0%   0.9517   0.0087     9.6%
   577     2.2s    0.0209    70.0%    70.0%    93.1%        2%/95%/3%    1.857    0.048    30.0%     0.0%   0.7973   0.0002     4.1%
   578     2.9s    0.0117    50.0%    50.0%    86.0%        5%/88%/7%    1.955    0.046    50.0%     0.0%   0.7770   0.0239     6.9%
   579     2.1s    0.0207    90.0%    90.0%    98.4%        3%/95%/2%    1.983    0.061    10.0%     0.0%   0.7389   0.0040     5.2%
   580     2.7s    0.0112    70.0%    70.0%    90.4%        4%/92%/4%    2.007    0.060    30.0%     0.0%   0.7230   0.0132     4.6%
  [MA20] reward=0.0117 task_sr=58.5% miss=41.5% time_limit=0.0% v2v=9.4%
  [PPO ] p_loss=0.0060 v_loss=1.7650 entropy=0.7230 grad=0.9291 active=30.6%
  [SIM ] avg_power(a)=0.4778 rsu_q=2.889 tx=211 no_tx=9 deadlock=0 svc=21.039GHz idle=2.8%

    Ep    Wall    R/step     T_SR     V_SR     S_SR            L/R/V   Lat(s)       En     Miss      Ill      Ent       KL     Clip
--------------------------------------------------------------------------------------------------------------------------------
   581     2.1s    0.0213    85.0%    85.0%    96.5%        3%/96%/1%    1.918    0.077    15.0%     0.0%   0.6597   0.0015     3.2%
   582     2.3s    0.0183    75.0%    75.0%    88.1%        2%/95%/3%    1.760    0.065    25.0%     0.0%   0.6668   0.0115     3.3%
   583     2.4s    0.0219    65.0%    65.0%    94.9%        2%/95%/4%    1.713    0.038    35.0%     0.0%   0.6909   0.0051     3.8%
   584     2.5s    0.0115    60.0%    60.0%    92.7%        2%/95%/3%    2.246    0.069    40.0%     0.0%   0.6765   0.0054     2.3%
   585     2.2s    0.0187    75.0%    75.0%    87.2%        0%/96%/4%    1.980    0.071    25.0%     0.0%   0.7266   0.0010     5.1%
   586     2.5s    0.0179    75.0%    75.0%    94.6%        2%/97%/1%    1.887    0.062    25.0%     0.0%   0.6216  -0.0024     3.1%
   587     2.2s    0.0174    70.0%    70.0%    95.7%        1%/97%/2%    2.013    0.074    30.0%     0.0%   0.6600   0.0077     3.2%
   588     2.2s    0.0220    80.0%    80.0%    91.7%        0%/98%/2%    1.841    0.067    20.0%     0.0%   0.6400   0.0055     2.9%
   589     2.7s    0.0116    75.0%    75.0%    93.4%        2%/95%/4%    2.240    0.072    25.0%     0.0%   0.7063   0.0163     3.2%
   590     2.5s    0.0158    70.0%    70.0%    92.8%        2%/97%/1%    1.981    0.070    30.0%     0.0%   0.6738   0.0044     2.7%
  [MA20] reward=0.0149 task_sr=66.5% miss=33.5% time_limit=0.0% v2v=5.3%
  [PPO ] p_loss=0.0097 v_loss=1.5001 entropy=0.6738 grad=0.5538 active=38.3%
  [SIM ] avg_power(a)=0.4982 rsu_q=3.655 tx=216 no_tx=5 deadlock=0 svc=26.246GHz idle=10.3%
   591     2.6s    0.0168    75.0%    75.0%    93.2%        3%/94%/4%    1.913    0.056    25.0%     0.0%   0.7205   0.0018     5.0%
   592     2.3s    0.0173    70.0%    70.0%    98.1%        3%/94%/3%    2.156    0.074    30.0%     0.0%   0.6672   0.0104     3.2%
   593     2.0s    0.0313    85.0%    85.0%    97.9%        3%/94%/3%    1.629    0.034    15.0%     0.0%   0.6793   0.0032     3.8%
   594     2.2s    0.0171    80.0%    80.0%    93.1%        2%/95%/3%    2.044    0.089    20.0%     0.0%   0.5854   0.0096     4.5%
   595     2.4s    0.0196    85.0%    85.0%    94.0%        4%/92%/4%    2.006    0.082    15.0%     0.0%   0.6903   0.0092     6.3%
   596     2.4s    0.0237    90.0%    90.0%    98.0%        2%/95%/3%    1.789    0.049    10.0%     0.0%   0.7093   0.0078     3.7%
   597     1.9s    0.0306   100.0%   100.0%   100.0%        1%/95%/3%    1.685    0.065     0.0%     0.0%   0.6627  -0.0030     3.3%
   598     2.3s    0.0264    85.0%    85.0%    96.9%        5%/94%/1%    1.900    0.069    15.0%     0.0%   0.5910   0.0053     5.1%
   599     2.1s    0.0203    70.0%    70.0%    90.6%        3%/95%/1%    1.813    0.083    30.0%     0.0%   0.6943   0.0186     5.0%
   600     2.2s    0.0220    75.0%    75.0%    91.5%        2%/95%/3%    1.806    0.103    25.0%     0.0%   0.5984   0.0058     4.1%
  [MA20] reward=0.0201 task_sr=77.2% miss=22.7% time_limit=0.0% v2v=2.6%
  [PPO ] p_loss=-0.0053 v_loss=1.2535 entropy=0.5984 grad=0.5151 active=36.6%
  [SIM ] avg_power(a)=0.5413 rsu_q=3.214 tx=201 no_tx=4 deadlock=0 svc=26.962GHz idle=10.7%

    Ep    Wall    R/step     T_SR     V_SR     S_SR            L/R/V   Lat(s)       En     Miss      Ill      Ent       KL     Clip
--------------------------------------------------------------------------------------------------------------------------------
   601     2.2s    0.0212    90.0%    90.0%    99.5%        6%/92%/2%    1.984    0.079    10.0%     0.0%   0.5619   0.0110     5.9%
   602     2.3s    0.0200    85.0%    85.0%    98.0%        2%/96%/2%    1.983    0.091    15.0%     0.0%   0.6508   0.0115     2.9%
   603     2.4s    0.0165    75.0%    75.0%    89.7%        3%/95%/2%    1.950    0.103    25.0%     0.0%   0.7059  -0.0065     4.4%
   604     2.3s    0.0202    80.0%    80.0%    92.8%        4%/94%/2%    1.969    0.060    20.0%     0.0%   0.5930   0.0120     5.6%
   605     2.2s    0.0242    85.0%    85.0%    96.0%        2%/96%/2%    1.900    0.072    15.0%     0.0%   0.6466   0.0072     3.0%
   606     2.5s    0.0130    65.0%    65.0%    86.5%        3%/95%/3%    1.936    0.102    35.0%     0.0%   0.7192  -0.0027     4.2%
   607     2.4s    0.0149    65.0%    65.0%    97.1%        6%/92%/2%    2.133    0.066    35.0%     0.0%   0.6515   0.0115     4.3%
   608     2.6s    0.0174    70.0%    70.0%    92.1%        4%/94%/3%    1.936    0.081    30.0%     0.0%   0.6510   0.0039     4.0%
   609     1.8s    0.0361    95.0%    95.0%    99.1%        3%/96%/1%    1.758    0.096     5.0%     0.0%   0.5715  -0.0041     4.6%
   610     2.2s    0.0193    80.0%    80.0%    93.7%        3%/95%/2%    1.906    0.079    20.0%     0.0%   0.5642   0.0253     8.2%
  [MA20] reward=0.0214 task_sr=80.2% miss=19.8% time_limit=0.0% v2v=2.4%
  [PPO ] p_loss=0.0056 v_loss=1.0463 entropy=0.5642 grad=0.5465 active=40.2%
  [SIM ] avg_power(a)=0.5941 rsu_q=2.964 tx=219 no_tx=6 deadlock=0 svc=27.798GHz idle=3.6%
  → Best model saved: Success Rate = 0.701 (50-ep avg)
   611     2.3s    0.0234    85.0%    85.0%    95.3%        1%/98%/1%    1.918    0.073    15.0%     0.0%   0.4401   0.0028     3.2%
   612     2.4s    0.0139    75.0%    75.0%    95.4%        2%/97%/0%    1.969    0.124    25.0%     0.0%   0.4378   0.0018     3.9%
   613     2.3s    0.0186    70.0%    70.0%    99.1%        2%/97%/1%    2.011    0.120    30.0%     0.0%   0.3768   0.0069     3.1%
   614     2.4s    0.0250    90.0%    90.0%    99.2%        2%/98%/0%    1.821    0.065    10.0%     0.0%   0.3869  -0.0063     2.8%
   615     2.6s    0.0149    80.0%    80.0%    95.5%        1%/98%/2%    2.181    0.123    20.0%     0.0%   0.4026   0.0132     1.3%
   616     2.4s    0.0107    55.0%    55.0%    85.8%        2%/98%/0%    2.000    0.169    45.0%     0.0%   0.5407  -0.0004     2.4%
   617     2.5s    0.0181    80.0%    80.0%    91.9%        3%/95%/2%    1.838    0.074    20.0%     0.0%   0.5082   0.0108     2.2%
   618     2.3s    0.0162    80.0%    80.0%    93.8%        4%/93%/3%    2.100    0.114    20.0%     0.0%   0.4729   0.0016     2.8%
   619     1.9s    0.0284    95.0%    95.0%    99.6%        3%/95%/2%    1.800    0.098     5.0%     0.0%   0.4359   0.0123     2.6%
   620     2.3s    0.0164    80.0%    80.0%    96.2%        3%/95%/3%    2.075    0.108    20.0%     0.0%   0.4467   0.0168     3.8%
  [MA20] reward=0.0194 task_sr=79.0% miss=21.0% time_limit=0.0% v2v=1.7%
  [PPO ] p_loss=-0.0144 v_loss=1.0097 entropy=0.4467 grad=0.5023 active=39.5%
  [SIM ] avg_power(a)=0.6819 rsu_q=3.103 tx=223 no_tx=6 deadlock=0 svc=28.936GHz idle=17.2%
  → Best model saved: Success Rate = 0.745 (50-ep avg)

    Ep    Wall    R/step     T_SR     V_SR     S_SR            L/R/V   Lat(s)       En     Miss      Ill      Ent       KL     Clip
--------------------------------------------------------------------------------------------------------------------------------
   621     2.5s    0.0173    85.0%    85.0%    98.4%        2%/93%/4%    2.094    0.103    15.0%     0.0%   0.4396   0.0097     5.7%
   622     2.3s    0.0139    75.0%    75.0%    95.4%        3%/94%/2%    1.838    0.129    25.0%     0.0%   0.4045   0.0148     3.8%
   623     2.6s    0.0129    75.0%    75.0%    96.1%        0%/99%/1%    2.288    0.136    25.0%     0.0%   0.3668   0.0071     2.3%
   624     2.1s    0.0263    80.0%    80.0%    94.9%        0%/99%/0%    1.694    0.123    20.0%     0.0%   0.3363   0.0010     1.1%
   625     2.1s    0.0214    90.0%    90.0%    98.4%        2%/96%/2%    2.079    0.095    10.0%     0.0%   0.3246   0.0031     3.2%
   626     2.4s    0.0162    60.0%    60.0%    93.2%        0%/99%/0%    1.929    0.160    40.0%     0.0%   0.2813  -0.0015     0.8%
   627     2.5s    0.0172    85.0%    85.0%    96.5%        1%/99%/0%    1.994    0.091    15.0%     0.0%   0.2875   0.0091     0.9%
   628     2.1s    0.0216    70.0%    70.0%    78.2%        0%/99%/1%    1.714    0.153    30.0%     0.0%   0.2585   0.0017     1.8%
   629     2.1s    0.0298    90.0%    90.0%    98.8%        0%/98%/2%    1.816    0.104    10.0%     0.0%   0.2416   0.0086     1.8%
   630     2.3s    0.0207    80.0%    80.0%    94.6%        0%/99%/1%    1.831    0.112    20.0%     0.0%   0.2722   0.0091     1.1%
  [MA20] reward=0.0192 task_sr=79.0% miss=21.0% time_limit=0.0% v2v=1.4%
  [PPO ] p_loss=-0.0150 v_loss=1.9302 entropy=0.2722 grad=0.6331 active=39.8%
  [SIM ] avg_power(a)=0.6859 rsu_q=3.581 tx=247 no_tx=0 deadlock=0 svc=31.228GHz idle=16.1%
  → Best model saved: Success Rate = 0.783 (50-ep avg)
   631     2.1s    0.0189    70.0%    70.0%    96.3%        2%/97%/1%    1.879    0.142    30.0%     0.0%   0.2312   0.0050     2.1%
   632     2.3s    0.0222    85.0%    85.0%    96.8%        1%/98%/1%    2.000    0.117    15.0%     0.0%   0.2865   0.0129     3.9%
   633     2.2s    0.0247    85.0%    85.0%    96.6%        1%/99%/0%    1.859    0.092    15.0%     0.0%   0.2430   0.0068     2.3%
   634     2.2s    0.0216    80.0%    80.0%    93.4%        0%/99%/1%    1.863    0.118    20.0%     0.0%   0.2400   0.0108     2.6%
   635     1.8s    0.0268    85.0%    85.0%    90.1%        1%/99%/1%    1.706    0.124    15.0%     0.0%   0.2396  -0.0002     3.0%
   636     2.2s    0.0220    80.0%    80.0%    92.9%        0%/99%/1%    1.856    0.140    20.0%     0.0%   0.2502   0.0193     3.7%
   637     2.1s    0.0288    80.0%    80.0%    97.4%        1%/99%/0%    1.700    0.089    20.0%     0.0%   0.2782   0.0078     3.2%
   638     2.3s    0.0195    85.0%    85.0%    95.5%        1%/99%/0%    1.941    0.113    15.0%     0.0%   0.2921   0.0111     3.1%
   639     2.2s    0.0259    80.0%    80.0%    90.5%        0%/99%/0%    1.706    0.124    20.0%     0.0%   0.2398   0.0050     0.9%
   640     2.1s    0.0236    85.0%    85.0%    94.6%        0%/99%/0%    1.906    0.119    15.0%     0.0%   0.2736   0.0072     3.4%
  [MA20] reward=0.0216 task_sr=80.2% miss=19.8% time_limit=0.0% v2v=1.0%
  [PPO ] p_loss=-0.0122 v_loss=1.0326 entropy=0.2736 grad=0.5597 active=41.9%
  [SIM ] avg_power(a)=0.6297 rsu_q=4.593 tx=225 no_tx=1 deadlock=0 svc=30.767GHz idle=3.7%
  → Best model saved: Success Rate = 0.800 (50-ep avg)

    Ep    Wall    R/step     T_SR     V_SR     S_SR            L/R/V   Lat(s)       En     Miss      Ill      Ent       KL     Clip
--------------------------------------------------------------------------------------------------------------------------------
   641     2.1s    0.0217    80.0%    80.0%    97.4%        2%/97%/1%    1.850    0.096    20.0%     0.0%   0.3461   0.0183     4.5%
   642     2.1s    0.0260    85.0%    85.0%    99.2%        0%/99%/1%    1.768    0.090    15.0%     0.0%   0.4559   0.0124     1.4%
   643     2.7s    0.0130    80.0%    80.0%    94.3%        2%/95%/3%    2.000    0.080    20.0%     0.0%   0.4703  -0.0005     3.5%
   644     2.2s    0.0262    95.0%    95.0%    98.1%        2%/96%/2%    1.737    0.063     5.0%     0.0%   0.4673   0.0106     1.8%
   645     2.5s    0.0217    90.0%    90.0%    97.6%        2%/97%/1%    1.950    0.084    10.0%     0.0%   0.4991   0.0044     2.0%
   646     2.4s    0.0193    85.0%    85.0%    94.9%        4%/95%/1%    2.141    0.100    15.0%     0.0%   0.4467   0.0062     2.2%
   647     2.1s    0.0232    90.0%    90.0%   100.0%        2%/96%/2%    1.940    0.081    10.0%     0.0%   0.4961  -0.0056     2.3%
   648     2.2s    0.0213    90.0%    90.0%    95.5%        3%/94%/3%    1.994    0.098    10.0%     0.0%   0.4660   0.0151     4.6%
   649     2.0s    0.0279    95.0%    95.0%    99.2%        2%/98%/1%    1.916    0.072     5.0%     0.0%   0.4142   0.0051     1.7%
   650     2.2s    0.0207    75.0%    75.0%    95.1%        2%/98%/0%    2.006    0.098    25.0%     0.0%   0.3897   0.0008     1.8%
  [MA20] reward=0.0228 task_sr=84.0% miss=16.0% time_limit=0.0% v2v=1.1%
  [PPO ] p_loss=-0.0018 v_loss=1.1496 entropy=0.3897 grad=0.3828 active=45.0%
  [SIM ] avg_power(a)=0.6514 rsu_q=5.231 tx=230 no_tx=4 deadlock=0 svc=32.312GHz idle=7.7%
   651     2.3s    0.0167    70.0%    70.0%    89.5%        1%/98%/1%    2.040    0.161    30.0%     0.0%   0.4172   0.0028     1.5%
   652     2.2s    0.0275    90.0%    90.0%   100.0%        1%/99%/0%    1.855    0.106    10.0%     0.0%   0.3322  -0.0027     1.6%
   653     2.4s    0.0197    75.0%    75.0%    90.5%        0%/98%/1%    1.750    0.102    25.0%     0.0%   0.3284   0.0171     1.8%
   654     2.2s    0.0223    80.0%    80.0%    95.2%        1%/96%/2%    1.829    0.101    20.0%     0.0%   0.3402   0.0066     2.1%
   655     2.2s    0.0213    85.0%    85.0%    98.4%        1%/97%/2%    1.967    0.111    15.0%     0.0%   0.3570   0.0054     2.8%
   656     2.4s    0.0222    75.0%    75.0%    95.9%        1%/96%/3%    2.047    0.122    25.0%     0.0%   0.3311   0.0063     2.5%
   657     2.9s    0.0151    80.0%    80.0%    91.7%        1%/97%/1%    1.913    0.091    20.0%     0.0%   0.3830   0.0047     1.8%
   658     2.2s    0.0232    80.0%    80.0%    98.7%        1%/98%/0%    1.906    0.106    20.0%     0.0%   0.2365   0.0080     1.2%
   659     2.1s    0.0237    75.0%    75.0%    97.2%        2%/98%/0%    1.956    0.105    25.0%     0.0%   0.2387   0.0038     2.1%
   660     2.2s    0.0236    65.0%    65.0%    87.3%        1%/98%/1%    1.621    0.127    35.0%     0.0%   0.1808  -0.0003     0.6%
  [MA20] reward=0.0218 task_sr=82.0% miss=18.0% time_limit=0.0% v2v=1.3%
  [PPO ] p_loss=0.0038 v_loss=2.0297 entropy=0.1808 grad=0.4707 active=34.8%
  [SIM ] avg_power(a)=0.7068 rsu_q=3.407 tx=186 no_tx=2 deadlock=0 svc=26.460GHz idle=14.8%

    Ep    Wall    R/step     T_SR     V_SR     S_SR            L/R/V   Lat(s)       En     Miss      Ill      Ent       KL     Clip
--------------------------------------------------------------------------------------------------------------------------------
   661     2.2s    0.0264    95.0%    95.0%    96.9%        1%/98%/1%    1.847    0.108     5.0%     0.0%   0.1229  -0.0004     1.4%
   662     2.1s    0.0226    85.0%    85.0%    88.1%        0%/98%/1%    1.894    0.142    15.0%     0.0%   0.2424  -0.0005     1.8%
   663     2.5s    0.0178    90.0%    90.0%    96.9%        2%/97%/1%    1.958    0.110    10.0%     0.0%   0.3050   0.0119     1.1%
   664     2.3s    0.0167    70.0%    70.0%    89.0%        2%/94%/4%    2.000    0.165    30.0%     0.0%   0.3524   0.0025     2.9%
   665     2.3s    0.0171    70.0%    70.0%    91.4%        1%/98%/1%    2.014    0.164    30.0%     0.0%   0.5066   0.0134     1.3%
   666     2.6s    0.0141    65.0%    65.0%    91.1%        4%/94%/2%    2.053    0.099    35.0%     0.0%   0.4878  -0.0017     3.5%
   667     2.2s    0.0200    85.0%    85.0%    98.0%        4%/91%/6%    2.100    0.067    15.0%     0.0%   0.4265   0.0106     5.6%
   668     2.5s    0.0120    60.0%    60.0%    84.8%        1%/94%/5%    2.175    0.130    40.0%     0.0%   0.4308 -7.83e-05     3.5%
   669     2.1s    0.0278    95.0%    95.0%    99.6%        0%/98%/2%    1.795    0.085     5.0%     0.0%   0.4503  -0.0046     1.9%
   670     2.3s    0.0179    75.0%    75.0%    91.6%        2%/93%/5%    1.750    0.078    25.0%     0.0%   0.4986   0.0091     3.6%
  [MA20] reward=0.0204 task_sr=78.2% miss=21.7% time_limit=0.0% v2v=2.0%
  [PPO ] p_loss=0.0088 v_loss=0.9943 entropy=0.4986 grad=0.9123 active=32.4%
  [SIM ] avg_power(a)=0.6286 rsu_q=2.355 tx=196 no_tx=5 deadlock=0 svc=22.357GHz idle=3.2%
   671     2.3s    0.0214    85.0%    85.0%    98.7%        2%/92%/7%    1.994    0.108    15.0%     0.0%   0.6334   0.0107     4.6%
   672     2.0s    0.0250    75.0%    75.0%    96.9%        4%/90%/7%    1.789    0.107    25.0%     0.0%   0.6967   0.0110     4.3%
   673     2.6s    0.0168    80.0%    80.0%    94.6%        3%/88%/8%    1.919    0.057    20.0%     0.0%   0.7988   0.0158     5.6%
   674     2.8s    0.0080    50.0%    50.0%    84.4%       6%/78%/16%    2.118    0.120    50.0%     0.0%   0.9151  -0.0014     5.8%
   675     2.2s    0.0220    85.0%    85.0%    97.8%       4%/86%/10%    1.835    0.052    15.0%     0.0%   0.9183   0.0181     5.6%
   676     4.4s    0.0032    40.0%    40.0%    89.2%       7%/76%/17%    2.300    0.053    60.0%     0.0%   1.2527   0.0331    11.7%
   677     3.2s    0.0023    30.0%    30.0%    87.7%      11%/65%/23%    2.363    0.072    70.0%     0.0%   1.3704   0.0179     6.0%
   678     3.0s    0.0018    20.0%    20.0%    80.4%      10%/62%/28%    2.520    0.057    80.0%     0.0%   1.3256   0.0042     7.5%
   679     3.7s    0.0015    35.0%    35.0%    85.5%      14%/69%/18%    2.450    0.038    65.0%     0.0%   1.1657   0.0029    10.4%
   680     2.8s    0.0077    55.0%    55.0%    88.5%       9%/76%/15%    2.336    0.080    45.0%     0.0%   1.0751   0.0145     8.7%
  [MA20] reward=0.0151 task_sr=67.3% miss=32.8% time_limit=0.0% v2v=8.9%
  [PPO ] p_loss=0.0028 v_loss=1.0322 entropy=1.0751 grad=0.6132 active=31.7%
  [SIM ] avg_power(a)=0.6308 rsu_q=1.057 tx=201 no_tx=21 deadlock=0 svc=22.946GHz idle=2.9%

    Ep    Wall    R/step     T_SR     V_SR     S_SR            L/R/V   Lat(s)       En     Miss      Ill      Ent       KL     Clip
--------------------------------------------------------------------------------------------------------------------------------
   681     2.7s    0.0084    55.0%    55.0%    84.5%      15%/65%/20%    1.864    0.046    45.0%     0.0%   1.1828   0.0162     9.4%
   682     2.8s    0.0047    35.0%    35.0%    89.4%      10%/76%/14%    2.400    0.076    65.0%     0.0%   0.9390   0.0110    10.8%
   683     3.6s    0.0009    30.0%    30.0%    78.8%       6%/76%/18%    2.500    0.085    70.0%     0.0%   0.8044   0.0310    13.2%
   684     2.5s    0.0140    80.0%    80.0%    95.8%        4%/87%/9%    1.988    0.086    20.0%     0.0%   0.6610   0.0076     7.0%
   685     2.8s    0.0154    70.0%    70.0%    95.0%        4%/90%/5%    2.171    0.092    30.0%     0.0%   0.5255   0.0095     6.7%
   686     2.4s    0.0183    75.0%    75.0%    95.5%        2%/95%/3%    1.956    0.140    25.0%     0.0%   0.4656   0.0070     3.4%
   687     2.6s    0.0173    85.0%    85.0%    98.8%        4%/90%/5%    1.956    0.081    15.0%     0.0%   0.4441   0.0065     5.7%
   688     2.5s    0.0122    65.0%    65.0%    92.1%        3%/91%/6%    2.223    0.152    35.0%     0.0%   0.4366   0.0149     5.3%
   689     1.9s    0.0283    85.0%    85.0%    94.6%        1%/97%/2%    1.735    0.126    15.0%     0.0%   0.5180   0.0102     2.0%
   690     2.2s    0.0191    75.0%    75.0%    95.5%        0%/94%/6%    1.971    0.118    25.0%     0.0%   0.4883   0.0001     4.8%
  [MA20] reward=0.0124 task_sr=60.5% miss=39.5% time_limit=0.0% v2v=11.9%
  [PPO ] p_loss=-0.0010 v_loss=0.9694 entropy=0.4883 grad=0.6334 active=43.3%
  [SIM ] avg_power(a)=0.6904 rsu_q=5.333 tx=232 no_tx=1 deadlock=0 svc=31.441GHz idle=7.4%
   691     2.0s    0.0241    85.0%    85.0%    99.1%        1%/95%/4%    1.817    0.104    15.0%     0.0%   0.4373   0.0022     2.6%
   692     2.4s    0.0256    80.0%    80.0%    93.5%        2%/96%/3%    1.771    0.089    20.0%     0.0%   0.4176   0.0080     1.8%
   693     2.4s    0.0178    75.0%    75.0%    93.6%        1%/96%/4%    2.053    0.086    25.0%     0.0%   0.4488   0.0149     2.2%
   694     2.6s    0.0150    60.0%    60.0%    89.0%        1%/95%/4%    1.783    0.119    40.0%     0.0%   0.5143   0.0113     3.3%
   695     2.3s    0.0218    85.0%    85.0%    93.7%        1%/93%/6%    1.906    0.101    15.0%     0.0%   0.4987   0.0011     3.6%
   696     2.8s    0.0104    70.0%    70.0%    95.5%        3%/89%/8%    2.093    0.080    30.0%     0.0%   0.5035   0.0226     5.6%
   697     2.2s    0.0182    95.0%    95.0%    99.2%        1%/91%/8%    2.063    0.076     5.0%     0.0%   0.5298  -0.0008     6.1%
   698     2.6s    0.0094    55.0%    55.0%    91.2%        3%/91%/6%    2.175    0.107    45.0%     0.0%   0.6456   0.0034     6.5%
   699     2.2s    0.0199    75.0%    75.0%    93.3%        2%/91%/7%    1.856    0.119    25.0%     0.0%   0.4950   0.0057     4.8%
   700     2.3s    0.0132    65.0%    65.0%    92.0%        3%/92%/5%    2.067    0.170    35.0%     0.0%   0.4432   0.0040     4.4%
  [MA20] reward=0.0157 task_sr=70.0% miss=30.0% time_limit=0.0% v2v=7.2%
  [PPO ] p_loss=0.0127 v_loss=1.1022 entropy=0.4432 grad=0.8291 active=38.4%
  [SIM ] avg_power(a)=0.6654 rsu_q=4.379 tx=216 no_tx=6 deadlock=0 svc=27.103GHz idle=3.4%

    Ep    Wall    R/step     T_SR     V_SR     S_SR            L/R/V   Lat(s)       En     Miss      Ill      Ent       KL     Clip
--------------------------------------------------------------------------------------------------------------------------------
   701     2.5s    0.0112    75.0%    75.0%    95.7%        1%/94%/5%    2.338    0.127    25.0%     0.0%   0.4206   0.0053     4.0%
   702     2.2s    0.0222    85.0%    85.0%    98.0%        2%/95%/3%    1.967    0.119    15.0%     0.0%   0.4380   0.0039     1.6%
   703     2.6s    0.0240    90.0%    90.0%    98.5%        1%/94%/6%    1.944    0.077    10.0%     0.0%   0.4384   0.0075     2.1%
   704     2.2s    0.0271   100.0%   100.0%   100.0%        1%/96%/3%    1.900    0.089     0.0%     0.0%   0.4805   0.0058     1.9%
   705     2.3s    0.0178    85.0%    85.0%    98.8%        2%/91%/6%    1.944    0.078    15.0%     0.0%   0.5225  -0.0014     3.5%
   706     2.5s    0.0174    65.0%    65.0%    94.0%        5%/92%/4%    1.850    0.100    35.0%     0.0%   0.5537   0.0131     3.4%
   707     2.5s    0.0131    85.0%    85.0%    95.2%        3%/90%/8%    2.141    0.090    15.0%     0.0%   0.4920   0.0137     5.4%
   708     2.1s    0.0191    90.0%    90.0%    98.7%        1%/93%/6%    2.000    0.123    10.0%     0.0%   0.5201   0.0039     3.7%
   709     2.1s    0.0232    85.0%    85.0%    98.6%        1%/98%/1%    1.829    0.099    15.0%     0.0%   0.4666   0.0093     2.1%
   710     2.1s    0.0233    90.0%    90.0%    96.7%        1%/97%/2%    1.850    0.080    10.0%     0.0%   0.4015   0.0139     2.8%
  [MA20] reward=0.0187 task_sr=79.8% miss=20.2% time_limit=0.0% v2v=4.9%
  [PPO ] p_loss=-0.0080 v_loss=1.0014 entropy=0.4015 grad=0.3767 active=40.9%
  [SIM ] avg_power(a)=0.5862 rsu_q=3.517 tx=235 no_tx=2 deadlock=0 svc=31.915GHz idle=13.8%
   711     2.2s    0.0146    75.0%    75.0%    94.1%        0%/97%/2%    2.044    0.154    25.0%     0.0%   0.3456   0.0085     1.7%
   712     2.5s    0.0184    80.0%    80.0%    96.8%        1%/98%/2%    1.994    0.099    20.0%     0.0%   0.4230   0.0083     4.8%
   713     2.7s    0.0181    80.0%    80.0%    96.1%        0%/98%/2%    1.919    0.116    20.0%     0.0%   0.4048   0.0121     7.2%
   714     2.2s    0.0216    80.0%    80.0%    94.0%        2%/96%/2%    1.844    0.121    20.0%     0.0%   0.5086   0.0101     6.4%
   715     2.3s    0.0233    80.0%    80.0%    94.1%        0%/98%/2%    1.725    0.104    20.0%     0.0%   0.4862   0.0004     4.4%
   716     2.5s    0.0184    65.0%    65.0%    87.7%        2%/97%/1%    1.843    0.121    35.0%     0.0%   0.4123   0.0020     4.0%
   717     2.7s    0.0177    85.0%    85.0%    92.0%        0%/99%/1%    1.988    0.111    15.0%     0.0%   0.5295   0.0112     5.2%
   718     2.2s    0.0206    65.0%    65.0%    91.0%        1%/99%/0%    1.707    0.094    35.0%     0.0%   0.5494   0.0142     7.7%
   719     2.0s    0.0340   100.0%   100.0%   100.0%        0%/98%/2%    1.785    0.073     0.0%     0.0%   0.5064   0.0090     6.2%
   720     2.6s    0.0181    65.0%    65.0%    91.2%       0%/100%/0%    1.892    0.092    35.0%     0.0%   0.4960   0.0185     5.4%
  [MA20] reward=0.0202 task_sr=81.2% miss=18.8% time_limit=0.0% v2v=2.9%
  [PPO ] p_loss=0.0206 v_loss=1.2635 entropy=0.4960 grad=0.3285 active=35.6%
  [SIM ] avg_power(a)=0.5179 rsu_q=2.875 tx=228 no_tx=0 deadlock=0 svc=29.543GHz idle=18.7%

    Ep    Wall    R/step     T_SR     V_SR     S_SR            L/R/V   Lat(s)       En     Miss      Ill      Ent       KL     Clip
--------------------------------------------------------------------------------------------------------------------------------
   721     2.4s    0.0205    80.0%    80.0%    94.4%       0%/100%/0%    2.024    0.080    20.0%     0.0%   0.5132   0.0108     5.6%
   722     2.5s    0.0189    95.0%    95.0%    99.6%        0%/99%/1%    2.011    0.079     5.0%     0.0%   0.5431   0.0067     4.5%
   723     2.2s    0.0207    70.0%    70.0%    91.7%       0%/100%/0%    1.847    0.129    30.0%     0.0%   0.5144   0.0131     5.1%
   724     2.3s    0.0221    85.0%    85.0%    97.9%        0%/99%/1%    1.972    0.082    15.0%     0.0%   0.4603   0.0011     1.9%
   725     2.3s    0.0236    90.0%    90.0%    99.1%        0%/99%/1%    1.728    0.047    10.0%     0.0%   0.4705   0.0107     3.1%
   726     2.4s    0.0223    65.0%    65.0%    84.5%       0%/100%/0%    1.808    0.125    35.0%     0.0%   0.5667   0.0059     4.6%
   727     2.0s    0.0340    95.0%    95.0%    98.8%       0%/100%/0%    1.700    0.071     5.0%     0.0%   0.4137   0.0090     1.7%
   728     2.6s    0.0201    85.0%    85.0%    97.7%        0%/98%/2%    1.924    0.069    15.0%     0.0%   0.4455   0.0037     2.1%
   729     2.2s    0.0296    85.0%    85.0%    96.5%       0%/100%/0%    1.741    0.061    15.0%     0.0%   0.4749   0.0063     1.4%
   730     2.3s    0.0207    75.0%    75.0%    85.6%        0%/99%/1%    1.880    0.093    25.0%     0.0%   0.4868   0.0058     4.0%
  [MA20] reward=0.0219 task_sr=80.0% miss=20.0% time_limit=0.0% v2v=1.0%
  [PPO ] p_loss=0.0089 v_loss=1.3934 entropy=0.4868 grad=0.5859 active=34.8%
  [SIM ] avg_power(a)=0.5508 rsu_q=2.333 tx=209 no_tx=0 deadlock=0 svc=27.571GHz idle=16.7%
   731     2.1s    0.0268    90.0%    90.0%    97.9%       0%/100%/0%    1.867    0.087    10.0%     0.0%   0.4065   0.0103     3.5%
   732     2.2s    0.0247    85.0%    85.0%    93.9%        0%/99%/1%    1.811    0.069    15.0%     0.0%   0.5380  -0.0042     2.5%
   733     2.2s    0.0284    90.0%    90.0%    97.5%       0%/100%/0%    1.737    0.045    10.0%     0.0%   0.4808   0.0022     3.0%
   734     2.4s    0.0164    75.0%    75.0%    88.8%        0%/99%/0%    2.044    0.097    25.0%     0.0%   0.4644   0.0125     2.3%
   735     1.8s    0.0344   100.0%   100.0%   100.0%       0%/100%/0%    1.755    0.061     0.0%     0.0%   0.4632   0.0054     2.0%
   736     2.5s    0.0167    85.0%    85.0%    96.7%        0%/99%/1%    2.224    0.105    15.0%     0.0%   0.4418   0.0077     2.3%
   737     2.3s    0.0245    95.0%    95.0%    98.8%        0%/98%/2%    1.863    0.066     5.0%     0.0%   0.4392   0.0104     2.9%
   738     1.9s    0.0288    90.0%    90.0%    98.6%        1%/99%/0%    1.716    0.063    10.0%     0.0%   0.4340   0.0103     1.2%
   739     2.5s    0.0140    70.0%    70.0%    91.2%       0%/100%/0%    2.131    0.124    30.0%     0.0%   0.4648   0.0025     1.9%
   740     2.2s    0.0193    85.0%    85.0%    98.0%       0%/100%/0%    2.044    0.078    15.0%     0.0%   0.4825   0.0030     1.8%
  [MA20] reward=0.0233 task_sr=84.5% miss=15.5% time_limit=0.0% v2v=0.6%
  [PPO ] p_loss=0.0037 v_loss=1.1897 entropy=0.4825 grad=0.3448 active=43.8%
  [SIM ] avg_power(a)=0.5266 rsu_q=4.750 tx=244 no_tx=1 deadlock=0 svc=35.124GHz idle=17.9%

    Ep    Wall    R/step     T_SR     V_SR     S_SR            L/R/V   Lat(s)       En     Miss      Ill      Ent       KL     Clip
--------------------------------------------------------------------------------------------------------------------------------
   741     2.1s    0.0232    80.0%    80.0%    95.6%       0%/100%/0%    1.953    0.105    20.0%     0.0%   0.4169  -0.0025     1.5%
   742     2.4s    0.0166    85.0%    85.0%    97.4%        0%/99%/1%    2.056    0.084    15.0%     0.0%   0.4851   0.0105     2.8%
   743     2.3s    0.0191    75.0%    75.0%    94.0%       0%/100%/0%    2.006    0.097    25.0%     0.0%   0.4416   0.0009     1.5%
   744     2.8s    0.0141    70.0%    70.0%    85.1%        0%/99%/0%    1.886    0.072    30.0%     0.0%   0.4432   0.0029     2.4%
   745     2.2s    0.0231    85.0%    85.0%    96.1%       0%/100%/0%    1.900    0.094    15.0%     0.0%   0.4606   0.0079     2.1%
   746     2.5s    0.0182    70.0%    70.0%    86.0%       0%/100%/0%    1.953    0.094    30.0%     0.0%   0.5102  -0.0004     0.9%
   747     2.4s    0.0205    80.0%    80.0%    87.9%        0%/99%/1%    1.844    0.090    20.0%     0.0%   0.4555   0.0036     1.3%
   748     2.4s    0.0176    60.0%    60.0%    94.2%       0%/100%/0%    1.714    0.128    40.0%     0.0%   0.4366  -0.0012     1.8%
   749     1.9s    0.0299    80.0%    80.0%    95.8%       0%/100%/0%    1.656    0.077    20.0%     0.0%   0.3858   0.0072     1.5%
   750     2.1s    0.0209    75.0%    75.0%    88.9%        0%/99%/0%    1.893    0.105    25.0%     0.0%   0.4001   0.0039     2.3%
  [MA20] reward=0.0219 task_sr=81.2% miss=18.8% time_limit=0.0% v2v=0.4%
  [PPO ] p_loss=-0.0088 v_loss=1.0483 entropy=0.4001 grad=0.4350 active=34.8%
  [SIM ] avg_power(a)=0.5638 rsu_q=1.862 tx=201 no_tx=1 deadlock=0 svc=27.178GHz idle=17.2%
   751     2.2s    0.0220    95.0%    95.0%    98.5%       0%/100%/0%    2.074    0.090     5.0%     0.0%   0.3614  -0.0004     1.2%
   752     2.1s    0.0300    95.0%    95.0%    99.6%        0%/99%/0%    1.868    0.080     5.0%     0.0%   0.3660   0.0008     2.2%
   753     2.7s    0.0139    50.0%    50.0%    82.4%        0%/99%/0%    1.630    0.127    50.0%     0.0%   0.4892   0.0176     4.6%
   754     2.6s    0.0159    75.0%    75.0%    86.8%        0%/99%/1%    1.973    0.158    25.0%     0.0%   0.4053   0.0035     2.3%
   755     2.3s    0.0202    80.0%    80.0%    94.8%       0%/100%/0%    1.963    0.123    20.0%     0.0%   0.3341   0.0008     1.0%
   756     2.0s    0.0231    85.0%    85.0%    97.1%       0%/100%/0%    1.806    0.104    15.0%     0.0%   0.3518  -0.0003     0.4%
   757     2.0s    0.0249    95.0%    95.0%    99.6%        0%/98%/1%    1.932    0.113     5.0%     0.0%   0.3275  -0.0003     1.2%
   758     2.0s    0.0291    85.0%    85.0%    95.8%       0%/100%/0%    1.735    0.095    15.0%     0.0%   0.3196   0.0016     0.3%
   759     2.3s    0.0218    80.0%    80.0%    90.6%       0%/100%/0%    1.850    0.132    20.0%     0.0%   0.3032   0.0002     0.0%
   760     2.0s    0.0239    90.0%    90.0%    97.0%        1%/99%/0%    1.926    0.118    10.0%     0.0%   0.3018  -0.0010     1.1%
  [MA20] reward=0.0214 task_sr=79.5% miss=20.5% time_limit=0.0% v2v=0.3%
  [PPO ] p_loss=-0.0139 v_loss=0.9952 entropy=0.3018 grad=0.5732 active=42.2%
  [SIM ] avg_power(a)=0.5923 rsu_q=4.074 tx=225 no_tx=3 deadlock=0 svc=33.917GHz idle=14.8%

    Ep    Wall    R/step     T_SR     V_SR     S_SR            L/R/V   Lat(s)       En     Miss      Ill      Ent       KL     Clip
--------------------------------------------------------------------------------------------------------------------------------
   761     2.4s    0.0151    70.0%    70.0%    93.7%       0%/100%/0%    2.013    0.119    30.0%     0.0%   0.3809   0.0068     0.5%
   762     2.7s    0.0193    80.0%    80.0%    95.8%       0%/100%/0%    1.818    0.106    20.0%     0.0%   0.3404  -0.0024     2.2%
   763     2.5s    0.0106    40.0%    40.0%    58.2%        0%/99%/1%    1.838    0.234    60.0%     0.0%   0.4459 -3.50e-05     1.9%
   764     2.4s    0.0235    80.0%    80.0%    88.9%        0%/99%/1%    1.888    0.104    20.0%     0.0%   0.3589  -0.0007     0.8%
   765     2.0s    0.0323    95.0%    95.0%    99.6%       0%/100%/0%    1.747    0.090     5.0%     0.0%   0.3158  -0.0011     0.4%
   766     2.1s    0.0191    80.0%    80.0%    89.3%        0%/99%/0%    1.894    0.134    20.0%     0.0%   0.4124  -0.0072     1.6%
   767     2.3s    0.0262    90.0%    90.0%    98.7%       0%/100%/0%    1.905    0.095    10.0%     0.0%   0.3427  -0.0011     0.2%
   768     2.2s    0.0199    75.0%    75.0%    95.9%        0%/99%/1%    1.924    0.112    25.0%     0.0%   0.3374   0.0058     1.9%
   769     2.4s    0.0255    95.0%    95.0%    96.9%       0%/100%/0%    1.705    0.070     5.0%     0.0%   0.4754   0.0207     3.4%
   770     1.6s    0.0449   100.0%   100.0%   100.0%        0%/99%/1%    1.680    0.085     0.0%     0.0%   0.3604  -0.0029     1.9%
  [MA20] reward=0.0231 task_sr=81.8% miss=18.2% time_limit=0.0% v2v=0.4%
  [PPO ] p_loss=-0.0084 v_loss=1.1120 entropy=0.3604 grad=0.2869 active=52.9%
  [SIM ] avg_power(a)=0.5558 rsu_q=5.143 tx=222 no_tx=0 deadlock=0 svc=39.342GHz idle=14.3%
   771     2.0s    0.0247    70.0%    70.0%    85.4%        0%/99%/1%    1.760    0.097    30.0%     0.0%   0.4936   0.0035     3.0%
   772     2.3s    0.0264    85.0%    85.0%    94.3%       0%/100%/0%    1.724    0.087    15.0%     0.0%   0.4687   0.0144     2.2%
   773     2.0s    0.0287    95.0%    95.0%    96.4%       0%/100%/0%    1.732    0.071     5.0%     0.0%   0.4665   0.0075     0.8%
   774     2.4s    0.0236    90.0%    90.0%    98.8%        1%/99%/0%    1.928    0.066    10.0%     0.0%   0.4898  -0.0033     2.0%
   775     2.5s    0.0164    55.0%    55.0%    90.7%        0%/98%/2%    1.771    0.078    45.0%     0.0%   0.5009   0.0021     3.0%
   776     2.5s    0.0167    65.0%    65.0%    90.9%        0%/98%/1%    1.846    0.106    35.0%     0.0%   0.4890   0.0072     1.7%
   777     2.3s    0.0264   100.0%   100.0%   100.0%        0%/99%/1%    1.915    0.089     0.0%     0.0%   0.4042   0.0031     1.7%
   778     2.0s    0.0259    95.0%    95.0%    99.6%       0%/100%/0%    1.753    0.083     5.0%     0.0%   0.4819   0.0026     0.9%
   779     2.1s    0.0284    90.0%    90.0%    99.2%       0%/100%/0%    1.822    0.075    10.0%     0.0%   0.4328  -0.0003     0.5%
   780     2.2s    0.0225    85.0%    85.0%    97.8%        0%/99%/1%    1.833    0.102    15.0%     0.0%   0.4168   0.0074     1.5%
  [MA20] reward=0.0238 task_sr=81.8% miss=18.2% time_limit=0.0% v2v=0.6%
  [PPO ] p_loss=-0.0230 v_loss=1.0301 entropy=0.4168 grad=0.3183 active=38.1%
  [SIM ] avg_power(a)=0.5353 rsu_q=3.103 tx=221 no_tx=0 deadlock=0 svc=31.303GHz idle=20.7%

    Ep    Wall    R/step     T_SR     V_SR     S_SR            L/R/V   Lat(s)       En     Miss      Ill      Ent       KL     Clip
--------------------------------------------------------------------------------------------------------------------------------
   781     2.2s    0.0255    85.0%    85.0%    99.2%        0%/99%/1%    1.989    0.080    15.0%     0.0%   0.4772   0.0078     0.9%
   782     2.3s    0.0173    65.0%    65.0%    93.9%        0%/99%/0%    1.894    0.115    35.0%     0.0%   0.4336   0.0013     1.1%
   783     2.2s    0.0172    75.0%    75.0%    97.6%        0%/99%/1%    2.100    0.098    25.0%     0.0%   0.4955   0.0072     1.6%
   784     2.3s    0.0163    60.0%    60.0%    81.0%        0%/99%/1%    1.885    0.116    40.0%     0.0%   0.5141   0.0035     0.6%
   785     2.2s    0.0212    70.0%    70.0%    87.7%        0%/98%/2%    1.693    0.105    30.0%     0.0%   0.5804   0.0031     1.4%
   786     2.0s    0.0231    80.0%    80.0%    92.3%        0%/99%/1%    1.847    0.102    20.0%     0.0%   0.5859  -0.0002     1.0%
   787     2.3s    0.0235    85.0%    85.0%    98.4%        0%/98%/1%    1.878    0.056    15.0%     0.0%   0.6182   0.0086     1.4%
   788     2.1s    0.0207    80.0%    80.0%    97.8%        1%/96%/2%    1.924    0.094    20.0%     0.0%   0.5754   0.0065     2.5%
   789     2.4s    0.0201    75.0%    75.0%    93.2%        0%/96%/3%    1.947    0.082    25.0%     0.0%   0.6382   0.0105     2.1%
   790     2.2s    0.0213    85.0%    85.0%    95.3%        0%/96%/3%    1.947    0.068    15.0%     0.0%   0.6197   0.0123     1.9%
  [MA20] reward=0.0223 task_sr=79.5% miss=20.5% time_limit=0.0% v2v=1.1%
  [PPO ] p_loss=0.0186 v_loss=1.2066 entropy=0.6197 grad=0.2973 active=38.1%
  [SIM ] avg_power(a)=0.5203 rsu_q=2.724 tx=220 no_tx=1 deadlock=0 svc=28.978GHz idle=13.8%
   791     2.4s    0.0175    95.0%    95.0%    98.8%        1%/92%/7%    2.074    0.063     5.0%     0.0%   0.7542   0.0111     5.8%
   792     2.4s    0.0183    75.0%    75.0%    94.0%        0%/90%/9%    2.060    0.084    25.0%     0.0%   0.7546   0.0123     4.9%
   793     2.6s    0.0140    65.0%    65.0%    85.5%        0%/94%/6%    1.823    0.095    35.0%     0.0%   0.9077   0.0009     3.2%
   794     2.5s    0.0157    85.0%    85.0%    99.1%       2%/87%/11%    1.983    0.051    15.0%     0.0%   0.8856   0.0060     6.2%
   795     2.3s    0.0142    75.0%    75.0%    95.7%       2%/86%/12%    2.100    0.046    25.0%     0.0%   0.8406   0.0063     6.9%
   796     2.4s    0.0169    80.0%    80.0%    93.8%       1%/88%/11%    2.094    0.065    20.0%     0.0%   0.7728   0.0109     6.7%
   797     2.8s    0.0099    60.0%    60.0%    92.7%        0%/93%/7%    2.138    0.082    40.0%     0.0%   0.7043   0.0148     5.3%
   798     2.5s    0.0161    75.0%    75.0%    98.0%        0%/93%/7%    2.061    0.047    25.0%     0.0%   0.9171   0.0158     3.2%
   799     2.8s    0.0145    70.0%    70.0%    96.8%       1%/89%/10%    2.106    0.030    30.0%     0.0%   0.9149  -0.0044     5.6%
   800     2.6s    0.0150    80.0%    80.0%    96.7%       1%/88%/11%    2.144    0.061    20.0%     0.0%   0.8903   0.0080     5.2%
  [MA20] reward=0.0179 task_sr=76.0% miss=24.0% time_limit=0.0% v2v=5.3%
  [PPO ] p_loss=0.0080 v_loss=0.9738 entropy=0.8903 grad=0.4111 active=39.2%
  [SIM ] avg_power(a)=0.5310 rsu_q=3.933 tx=231 no_tx=2 deadlock=0 svc=28.245GHz idle=6.7%

    Ep    Wall    R/step     T_SR     V_SR     S_SR            L/R/V   Lat(s)       En     Miss      Ill      Ent       KL     Clip
--------------------------------------------------------------------------------------------------------------------------------
   801     2.8s    0.0143    90.0%    90.0%    98.8%        1%/92%/7%    2.128    0.039    10.0%     0.0%   0.9498   0.0017     2.5%
   802     2.8s    0.0095    65.0%    65.0%    91.9%        1%/89%/9%    2.167    0.080    35.0%     0.0%   0.9106   0.0085     4.7%
   803     2.3s    0.0196    85.0%    85.0%    98.6%       2%/88%/10%    1.894    0.070    15.0%     0.0%   0.9597   0.0084     4.3%
   804     2.7s    0.0112    80.0%    80.0%    93.8%       2%/88%/11%    2.406    0.055    20.0%     0.0%   1.0399   0.0109     4.7%
   805     2.4s    0.0149    75.0%    75.0%    95.4%       4%/84%/12%    1.987    0.051    25.0%     0.0%   1.1290   0.0079     5.6%
   806     2.3s    0.0161    70.0%    70.0%    93.6%       4%/84%/12%    1.981    0.059    30.0%     0.0%   1.1621   0.0076     3.5%
   807     2.7s    0.0055    35.0%    35.0%    84.8%       7%/75%/18%    2.086    0.072    65.0%     0.0%   1.1046  -0.0039     7.8%
   808     2.6s    0.0073    40.0%    40.0%    85.5%       5%/79%/16%    2.144    0.062    60.0%     0.0%   1.0407   0.0011     7.5%
   809     2.6s    0.0113    55.0%    55.0%    91.4%        3%/89%/8%    2.092    0.044    45.0%     0.0%   1.0476  -0.0011     5.0%
   810     2.3s    0.0198    85.0%    85.0%    98.7%       3%/87%/10%    1.922    0.043    15.0%     0.0%   0.8519   0.0192     6.6%
  [MA20] reward=0.0141 task_sr=72.0% miss=28.0% time_limit=0.0% v2v=10.2%
  [PPO ] p_loss=0.0136 v_loss=1.0351 entropy=0.8519 grad=0.3712 active=38.0%
  [SIM ] avg_power(a)=0.5162 rsu_q=1.667 tx=221 no_tx=7 deadlock=0 svc=27.201GHz idle=6.7%
   811     2.5s    0.0141    75.0%    75.0%    96.2%        3%/90%/7%    2.253    0.093    25.0%     0.0%   0.8423   0.0292     4.5%
   812     2.3s    0.0205    80.0%    80.0%    97.9%        2%/94%/4%    2.056    0.071    20.0%     0.0%   0.9311   0.0021     3.7%
   813     2.6s    0.0121    65.0%    65.0%    93.0%        3%/91%/7%    2.340    0.072    35.0%     0.0%   0.8970   0.0041     5.8%
   814     2.6s    0.0137    75.0%    75.0%    93.7%        4%/87%/9%    2.044    0.045    25.0%     0.0%   0.8212   0.0021     5.8%
   815     3.1s    0.0117    65.0%    65.0%    91.1%        3%/91%/6%    1.900    0.056    35.0%     0.0%   0.8590  -0.0041     4.1%
   816     1.7s    0.0356    85.0%    85.0%    99.0%        2%/95%/3%    1.606    0.056    15.0%     0.0%   0.7002  -0.0024     2.7%
   817     2.1s    0.0242    85.0%    85.0%    95.5%        2%/95%/3%    1.929    0.098    15.0%     0.0%   0.7803   0.0033     2.4%
   818     2.4s    0.0141    65.0%    65.0%    91.8%        4%/91%/5%    1.950    0.090    35.0%     0.0%   0.7327   0.0080     3.0%
   819     2.0s    0.0262    75.0%    75.0%    91.5%        0%/97%/2%    1.838    0.058    25.0%     0.0%   0.7588   0.0009     1.7%
   820     2.5s    0.0167    80.0%    80.0%    96.8%        1%/96%/3%    1.969    0.066    20.0%     0.0%   0.6351  -0.0054     2.4%
  [MA20] reward=0.0159 task_sr=71.5% miss=28.5% time_limit=0.0% v2v=8.1%
  [PPO ] p_loss=-0.0128 v_loss=1.0074 entropy=0.6351 grad=0.4075 active=36.5%
  [SIM ] avg_power(a)=0.5089 rsu_q=2.576 tx=239 no_tx=2 deadlock=0 svc=28.113GHz idle=15.2%

    Ep    Wall    R/step     T_SR     V_SR     S_SR            L/R/V   Lat(s)       En     Miss      Ill      Ent       KL     Clip
--------------------------------------------------------------------------------------------------------------------------------
   821     2.2s    0.0213    75.0%    75.0%    91.5%        1%/99%/0%    1.869    0.083    25.0%     0.0%   0.6718   0.0011     2.4%
   822     2.7s    0.0132    65.0%    65.0%    87.8%        1%/98%/1%    1.869    0.085    35.0%     0.0%   0.6123   0.0019     2.4%
   823     2.3s    0.0149    65.0%    65.0%    96.2%        0%/98%/2%    2.094    0.100    35.0%     0.0%   0.6279   0.0077     1.1%
   824     2.2s    0.0231    95.0%    95.0%    99.2%        1%/96%/3%    1.884    0.071     5.0%     0.0%   0.6383   0.0119     1.9%
   825     2.2s    0.0222    85.0%    85.0%    95.4%        1%/95%/4%    1.941    0.114    15.0%     0.0%   0.7463   0.0145     2.7%
   826     2.2s    0.0242    85.0%    85.0%    96.8%        2%/94%/4%    1.882    0.056    15.0%     0.0%   0.6980  -0.0068     4.1%
   827     2.2s    0.0162    80.0%    80.0%    95.2%        4%/91%/5%    2.119    0.074    20.0%     0.0%   0.8881   0.0092     4.8%
   828     2.3s    0.0220    85.0%    85.0%    98.2%        3%/90%/7%    1.761    0.046    15.0%     0.0%   0.7922   0.0078     4.2%
   829     2.5s    0.0157    85.0%    85.0%    99.1%        3%/90%/7%    2.111    0.047    15.0%     0.0%   0.8520   0.0090     4.7%
   830     2.2s    0.0241    80.0%    80.0%    97.2%        1%/93%/6%    1.863    0.040    20.0%     0.0%   0.8383   0.0002     3.5%
  [MA20] reward=0.0193 task_sr=77.5% miss=22.5% time_limit=0.0% v2v=4.3%
  [PPO ] p_loss=-0.0007 v_loss=1.5126 entropy=0.8383 grad=1.7288 active=41.7%
  [SIM ] avg_power(a)=0.5310 rsu_q=3.759 tx=239 no_tx=2 deadlock=0 svc=30.924GHz idle=10.3%
   831     2.5s    0.0148    70.0%    70.0%    95.4%        3%/93%/5%    1.940    0.071    30.0%     0.0%   0.9993   0.0118     5.3%
   832     2.8s    0.0112    65.0%    65.0%    91.1%        4%/87%/9%    2.164    0.043    35.0%     0.0%   0.9568   0.0037     4.2%
   833     2.5s    0.0143    65.0%    65.0%    86.8%        5%/89%/6%    1.915    0.076    35.0%     0.0%   0.8832   0.0094     4.2%
   834     2.4s    0.0173    80.0%    80.0%    97.9%        3%/88%/9%    2.041    0.055    20.0%     0.0%   0.8203   0.0124     5.0%
   835     2.7s    0.0072    55.0%    55.0%    82.6%        2%/90%/8%    2.158    0.105    45.0%     0.0%   0.8873   0.0021     3.0%
   836     2.3s    0.0185    85.0%    85.0%    97.2%        3%/89%/7%    2.124    0.043    15.0%     0.0%   0.8187   0.0174     6.7%
   837     2.6s    0.0129    60.0%    60.0%    83.7%        4%/87%/9%    2.092    0.071    40.0%     0.0%   1.0017   0.0020     5.9%
   838     2.3s    0.0123    70.0%    70.0%    89.0%        7%/87%/6%    2.047    0.067    30.0%     0.0%   0.8007   0.0366    12.4%
   839     2.1s    0.0184    65.0%    65.0%    90.0%        1%/95%/3%    1.943    0.069    35.0%     0.0%   0.7427   0.0121     4.3%
   840     2.7s    0.0161    80.0%    80.0%    95.1%        2%/93%/5%    2.088    0.057    20.0%     0.0%   0.7786   0.0153     4.6%
  [MA20] reward=0.0170 task_sr=74.8% miss=25.2% time_limit=0.0% v2v=5.2%
  [PPO ] p_loss=0.0037 v_loss=1.9283 entropy=0.7786 grad=0.3525 active=34.9%
  [SIM ] avg_power(a)=0.5007 rsu_q=2.559 tx=230 no_tx=5 deadlock=0 svc=26.571GHz idle=11.8%

    Ep    Wall    R/step     T_SR     V_SR     S_SR            L/R/V   Lat(s)       En     Miss      Ill      Ent       KL     Clip
--------------------------------------------------------------------------------------------------------------------------------
   841     2.9s    0.0082    45.0%    45.0%    86.2%        4%/88%/8%    2.078    0.050    55.0%     0.0%   0.8525   0.0079     6.8%
   842     2.5s    0.0147    75.0%    75.0%    96.2%        7%/90%/3%    2.206    0.055    25.0%     0.0%   0.8366   0.0097     6.8%
   843     2.5s    0.0132    65.0%    65.0%    87.6%        7%/90%/3%    2.029    0.076    35.0%     0.0%   0.8339   0.0057     6.6%
   844     2.1s    0.0186    90.0%    90.0%    98.4%        3%/92%/4%    2.216    0.070    10.0%     0.0%   0.8195   0.0111     5.4%
   845     2.5s    0.0120    65.0%    65.0%    87.7%        5%/87%/8%    1.962    0.055    35.0%     0.0%   0.7089   0.0208    11.4%
   846     2.4s    0.0179    65.0%    65.0%    85.9%        5%/94%/2%    1.769    0.067    35.0%     0.0%   0.6951   0.0014     6.0%
   847     2.1s    0.0247    80.0%    80.0%    97.3%        2%/96%/2%    1.724    0.067    20.0%     0.0%   0.7222  -0.0015     4.4%
   848     3.4s    0.0080    55.0%    55.0%    89.3%        6%/92%/2%    2.100    0.060    45.0%     0.0%   0.6634   0.0159     6.3%
   849     2.1s    0.0259    95.0%    95.0%    99.1%        2%/97%/1%    1.784    0.038     5.0%     0.0%   0.6589   0.0012     2.6%
   850     2.5s    0.0178    80.0%    80.0%    95.3%        3%/95%/2%    1.724    0.052    20.0%     0.0%   0.7548   0.0049     3.8%
  [MA20] reward=0.0152 task_sr=70.5% miss=29.5% time_limit=0.0% v2v=5.1%
  [PPO ] p_loss=0.0132 v_loss=1.2916 entropy=0.7548 grad=0.2884 active=32.1%
  [SIM ] avg_power(a)=0.5032 rsu_q=2.514 tx=218 no_tx=7 deadlock=0 svc=21.324GHz idle=5.7%
   851     1.9s    0.0282    90.0%    90.0%    95.9%        5%/91%/5%    1.806    0.072    10.0%     0.0%   0.6449   0.0038     4.4%
   852     2.5s    0.0166    65.0%    65.0%    95.7%        2%/97%/1%    1.713    0.047    35.0%     0.0%   0.6995   0.0044     1.7%
   853     2.4s    0.0226    80.0%    80.0%    97.9%        2%/97%/1%    1.806    0.059    20.0%     0.0%   0.6006  -0.0057     4.4%
   854     2.2s    0.0240    90.0%    90.0%    98.3%        1%/97%/2%    1.817    0.057    10.0%     0.0%   0.5833   0.0099     3.0%
   855     2.1s    0.0200    70.0%    70.0%    87.4%        1%/98%/1%    1.864    0.082    30.0%     0.0%   0.6047   0.0094     3.3%
   856     2.1s    0.0225    80.0%    80.0%    97.4%        0%/99%/1%    1.965    0.095    20.0%     0.0%   0.5644   0.0043     1.3%
   857     2.0s    0.0249    85.0%    85.0%    99.2%        0%/99%/1%    1.956    0.063    15.0%     0.0%   0.5608   0.0035     0.8%
   858     2.1s    0.0226    80.0%    80.0%    97.9%        1%/98%/1%    1.874    0.076    20.0%     0.0%   0.6276   0.0007     1.3%
   859     2.9s    0.0106    65.0%    65.0%    90.0%        0%/99%/0%    2.131    0.108    35.0%     0.0%   0.5517   0.0093     0.9%
   860     2.2s    0.0230    75.0%    75.0%    89.4%        1%/99%/0%    1.780    0.060    25.0%     0.0%   0.5801   0.0163     1.0%
  [MA20] reward=0.0188 task_sr=74.8% miss=25.2% time_limit=0.0% v2v=2.4%
  [PPO ] p_loss=-0.0121 v_loss=2.1438 entropy=0.5801 grad=0.2033 active=40.7%
  [SIM ] avg_power(a)=0.5053 rsu_q=3.241 tx=234 no_tx=2 deadlock=0 svc=31.791GHz idle=13.8%

    Ep    Wall    R/step     T_SR     V_SR     S_SR            L/R/V   Lat(s)       En     Miss      Ill      Ent       KL     Clip
--------------------------------------------------------------------------------------------------------------------------------
   861     2.1s    0.0208    80.0%    80.0%    90.9%        1%/97%/2%    1.806    0.086    20.0%     0.0%   0.5659   0.0157     3.0%
   862     2.5s    0.0141    60.0%    60.0%    77.6%        1%/98%/2%    1.825    0.137    40.0%     0.0%   0.6834   0.0013     2.4%
   863     2.3s    0.0211    85.0%    85.0%    96.4%       0%/100%/0%    1.950    0.047    15.0%     0.0%   0.5640   0.0015     1.9%
   864     2.1s    0.0164    55.0%    55.0%    85.3%        1%/98%/1%    1.850    0.108    45.0%     0.0%   0.5968   0.0087     2.7%
   865     2.6s    0.0138    80.0%    80.0%    92.2%        0%/99%/1%    2.050    0.087    20.0%     0.0%   0.5427   0.0081     2.4%
   866     2.1s    0.0275    85.0%    85.0%    98.3%        0%/99%/0%    1.889    0.066    15.0%     0.0%   0.5071   0.0072     1.2%
   867     2.5s    0.0157    70.0%    70.0%    95.5%        1%/97%/2%    2.060    0.082    30.0%     0.0%   0.5745   0.0072     2.2%
   868     2.4s    0.0212    85.0%    85.0%    97.5%       0%/100%/0%    1.994    0.060    15.0%     0.0%   0.5560   0.0052     1.3%
   869     2.0s    0.0232    85.0%    85.0%    94.6%        0%/99%/1%    1.994    0.087    15.0%     0.0%   0.5233   0.0013     1.2%
   870     1.9s    0.0332    95.0%    95.0%    98.3%        1%/98%/1%    1.637    0.060     5.0%     0.0%   0.5932   0.0047     1.5%
  [MA20] reward=0.0211 task_sr=78.0% miss=22.0% time_limit=0.0% v2v=1.2%
  [PPO ] p_loss=-0.0040 v_loss=1.6889 entropy=0.5932 grad=0.1838 active=43.5%
  [SIM ] avg_power(a)=0.4781 rsu_q=3.731 tx=224 no_tx=2 deadlock=0 svc=35.579GHz idle=19.2%
   871     2.1s    0.0259    85.0%    85.0%    93.3%        2%/97%/1%    1.850    0.068    15.0%     0.0%   0.4702   0.0139     2.4%
   872     1.9s    0.0274    90.0%    90.0%    98.4%        0%/98%/1%    1.900    0.064    10.0%     0.0%   0.5328  -0.0039     1.2%
   873     2.5s    0.0209    90.0%    90.0%    97.9%        0%/98%/2%    1.917    0.057    10.0%     0.0%   0.5657   0.0044     1.9%
   874     2.0s    0.0270    80.0%    80.0%    92.4%        1%/99%/0%    1.756    0.076    20.0%     0.0%   0.5535   0.0014     0.9%
   875     2.1s    0.0215    85.0%    85.0%    97.0%        0%/99%/0%    1.971    0.090    15.0%     0.0%   0.5585   0.0036     2.7%
   876     2.3s    0.0202    65.0%    65.0%    82.5%        1%/98%/2%    1.836    0.108    35.0%     0.0%   0.5640  -0.0006     1.6%
   877     2.5s    0.0191    85.0%    85.0%    98.8%        1%/98%/1%    2.106    0.077    15.0%     0.0%   0.5766   0.0037     1.5%
   878     2.1s    0.0190    65.0%    65.0%    85.3%        1%/98%/1%    1.843    0.080    35.0%     0.0%   0.5648   0.0039     1.4%
   879     2.1s    0.0221    85.0%    85.0%    97.1%        1%/97%/2%    1.953    0.059    15.0%     0.0%   0.6261   0.0078     2.5%
   880     2.7s    0.0181    85.0%    85.0%    96.5%       0%/100%/0%    1.961    0.070    15.0%     0.0%   0.6293   0.0124     1.0%
  [MA20] reward=0.0214 task_sr=79.8% miss=20.2% time_limit=0.0% v2v=1.0%
  [PPO ] p_loss=-0.0171 v_loss=3.7701 entropy=0.6293 grad=0.2379 active=31.1%
  [SIM ] avg_power(a)=0.5269 rsu_q=2.889 tx=223 no_tx=1 deadlock=0 svc=29.561GHz idle=33.3%

    Ep    Wall    R/step     T_SR     V_SR     S_SR            L/R/V   Lat(s)       En     Miss      Ill      Ent       KL     Clip
--------------------------------------------------------------------------------------------------------------------------------
   881     2.3s    0.0263    85.0%    85.0%    95.7%        2%/96%/2%    1.812    0.054    15.0%     0.0%   0.6320   0.0011     1.7%
   882     2.6s    0.0203    85.0%    85.0%    92.8%        1%/97%/2%    1.847    0.072    15.0%     0.0%   0.6370   0.0050     2.2%
   883     2.5s    0.0125    60.0%    60.0%    85.2%        0%/97%/2%    1.967    0.106    40.0%     0.0%   0.6787   0.0092     3.1%
   884     2.5s    0.0154    65.0%    65.0%    93.4%        1%/97%/1%    2.081    0.117    35.0%     0.0%   0.6372  -0.0053     2.0%
   885     2.2s    0.0270    95.0%    95.0%    98.8%        1%/96%/2%    1.874    0.041     5.0%     0.0%   0.6632   0.0033     2.7%
   886     2.1s    0.0240    95.0%    95.0%    98.8%        0%/98%/2%    1.932    0.088     5.0%     0.0%   0.6914   0.0003     0.9%
   887     2.3s    0.0206    80.0%    80.0%    94.7%        1%/97%/2%    1.850    0.078    20.0%     0.0%   0.7283  -0.0039     3.6%
   888     2.2s    0.0245    90.0%    90.0%    99.6%        0%/94%/5%    1.926    0.086    10.0%     0.0%   0.7001   0.0021     2.4%
   889     2.7s    0.0088    40.0%    40.0%    72.8%        2%/93%/5%    1.889    0.128    60.0%     0.0%   0.7989   0.0062     3.4%
   890     2.6s    0.0161    75.0%    75.0%    93.9%        1%/94%/4%    2.125    0.054    25.0%     0.0%   0.7084   0.0171     4.0%
  [MA20] reward=0.0208 task_sr=79.3% miss=20.8% time_limit=0.0% v2v=1.9%
  [PPO ] p_loss=-0.0042 v_loss=1.5964 entropy=0.7084 grad=0.3273 active=37.6%
  [SIM ] avg_power(a)=0.5200 rsu_q=3.000 tx=230 no_tx=3 deadlock=0 svc=28.457GHz idle=12.9%
   891     2.4s    0.0203    75.0%    75.0%    95.8%        0%/95%/4%    1.869    0.069    25.0%     0.0%   0.7922  -0.0013     1.7%
   892     2.4s    0.0181    70.0%    70.0%    92.7%        0%/94%/6%    1.779    0.070    30.0%     0.0%   0.7584   0.0144     3.7%
   893     2.3s    0.0242    85.0%    85.0%    95.0%        0%/97%/2%    1.894    0.072    15.0%     0.0%   0.6679  -0.0033     0.9%
   894     2.1s    0.0231    80.0%    80.0%    91.4%        3%/95%/2%    1.613    0.045    20.0%     0.0%   0.7524  -0.0027     3.8%
   895     1.9s    0.0291   100.0%   100.0%   100.0%        1%/96%/3%    1.845    0.046     0.0%     0.0%   0.7433   0.0071     3.3%
   896     2.2s    0.0221    75.0%    75.0%    96.5%        0%/95%/5%    1.806    0.076    25.0%     0.0%   0.7045   0.0048     2.8%
   897     2.6s    0.0108    65.0%    65.0%    96.1%        0%/95%/5%    2.027    0.084    35.0%     0.0%   0.8242  -0.0008     3.5%
   898     2.4s    0.0206    85.0%    85.0%    98.4%        2%/93%/6%    1.916    0.042    15.0%     0.0%   0.7703   0.0076     3.6%
   899     2.3s    0.0211    80.0%    80.0%    93.3%        1%/93%/5%    1.863    0.087    20.0%     0.0%   0.8292   0.0086     3.0%
   900     2.2s    0.0088    25.0%    25.0%    77.6%        1%/94%/5%    1.971    0.146    75.0%     0.0%   0.9424   0.0082     4.0%
  [MA20] reward=0.0197 task_sr=75.5% miss=24.5% time_limit=0.0% v2v=3.6%
  [PPO ] p_loss=0.0121 v_loss=1.2092 entropy=0.9424 grad=0.2774 active=34.4%
  [SIM ] avg_power(a)=0.5121 rsu_q=1.815 tx=185 no_tx=1 deadlock=0 svc=21.671GHz idle=3.7%

    Ep    Wall    R/step     T_SR     V_SR     S_SR            L/R/V   Lat(s)       En     Miss      Ill      Ent       KL     Clip
--------------------------------------------------------------------------------------------------------------------------------
   901     2.6s    0.0152    75.0%    75.0%    93.4%        1%/91%/8%    1.987    0.063    25.0%     0.0%   0.8586   0.0065     3.5%
   902     2.5s    0.0171    65.0%    65.0%    92.3%        1%/93%/5%    1.950    0.054    35.0%     0.0%   0.7770   0.0143     5.5%
   903     2.2s    0.0223    70.0%    70.0%    84.1%        0%/96%/4%    1.743    0.079    30.0%     0.0%   0.7279   0.0025     1.5%
   904     2.1s    0.0274    90.0%    90.0%    99.2%        1%/96%/3%    1.900    0.054    10.0%     0.0%   0.6594   0.0077     2.7%
   905     2.2s    0.0257    90.0%    90.0%    99.6%        0%/96%/4%    2.047    0.049    10.0%     0.0%   0.6362   0.0116     2.5%
   906     2.7s    0.0180    90.0%    90.0%    96.1%        0%/95%/5%    1.961    0.049    10.0%     0.0%   0.6882   0.0079     2.7%
   907     2.6s    0.0144    75.0%    75.0%    91.6%        1%/97%/2%    1.940    0.075    25.0%     0.0%   0.6992   0.0065     1.8%
   908     2.5s    0.0166    75.0%    75.0%    98.8%        1%/96%/3%    2.041    0.087    25.0%     0.0%   0.6962   0.0004     2.3%
   909     2.1s    0.0316    85.0%    85.0%    99.6%        0%/96%/3%    1.879    0.078    15.0%     0.0%   0.6493  -0.0023     2.3%
   910     2.4s    0.0214    90.0%    90.0%    98.3%        0%/97%/3%    1.917    0.057    10.0%     0.0%   0.6479   0.0113     1.3%
  [MA20] reward=0.0204 task_sr=77.2% miss=22.7% time_limit=0.0% v2v=4.2%
  [PPO ] p_loss=-0.0038 v_loss=3.4480 entropy=0.6479 grad=0.3394 active=36.1%
  [SIM ] avg_power(a)=0.5404 rsu_q=3.500 tx=230 no_tx=0 deadlock=0 svc=28.883GHz idle=15.6%
   911     2.2s    0.0159    60.0%    60.0%    94.1%        0%/97%/3%    1.933    0.093    40.0%     0.0%   0.7401   0.0102     2.4%
   912     2.0s    0.0256    90.0%    90.0%    97.5%        3%/93%/4%    1.811    0.058    10.0%     0.0%   0.7754   0.0032     3.8%
   913     2.1s    0.0234    80.0%    80.0%    97.1%        1%/96%/3%    1.844    0.066    20.0%     0.0%   0.6365   0.0042     2.8%
   914     2.3s    0.0221    80.0%    80.0%    93.3%        0%/96%/3%    1.819    0.079    20.0%     0.0%   0.6314   0.0040     1.8%
   915     2.2s    0.0195    80.0%    80.0%    97.7%        0%/97%/3%    1.900    0.078    20.0%     0.0%   0.6479   0.0061     1.9%
   916     1.9s    0.0311    95.0%    95.0%    96.5%       0%/100%/0%    1.732    0.082     5.0%     0.0%   0.6384  -0.0011     0.1%
   917     2.0s    0.0205    80.0%    80.0%    94.6%        0%/96%/3%    2.076    0.070    20.0%     0.0%   0.6655 -4.50e-05     2.0%
   918     2.2s    0.0259    90.0%    90.0%    99.6%        0%/96%/4%    1.874    0.054    10.0%     0.0%   0.6742   0.0043     1.5%
   919     2.0s    0.0277    90.0%    90.0%    97.4%        0%/97%/3%    1.767    0.063    10.0%     0.0%   0.6524   0.0061     1.7%
   920     2.1s    0.0241    80.0%    80.0%    89.3%        0%/98%/2%    1.694    0.078    20.0%     0.0%   0.6419   0.0123     1.2%
  [MA20] reward=0.0223 task_sr=81.5% miss=18.5% time_limit=0.0% v2v=3.5%
  [PPO ] p_loss=0.0107 v_loss=1.5356 entropy=0.6419 grad=0.2239 active=39.1%
  [SIM ] avg_power(a)=0.5268 rsu_q=3.214 tx=218 no_tx=1 deadlock=0 svc=29.540GHz idle=14.3%

    Ep    Wall    R/step     T_SR     V_SR     S_SR            L/R/V   Lat(s)       En     Miss      Ill      Ent       KL     Clip
--------------------------------------------------------------------------------------------------------------------------------
   921     2.7s    0.0110    60.0%    60.0%    83.0%        1%/97%/2%    2.050    0.099    40.0%     0.0%   0.6393   0.0104     1.5%
   922     2.3s    0.0173    90.0%    90.0%    99.6%        0%/99%/1%    2.111    0.088    10.0%     0.0%   0.7117   0.0047     0.2%
   923     2.1s    0.0263    95.0%    95.0%    98.8%        0%/98%/2%    1.889    0.075     5.0%     0.0%   0.6606  -0.0013     1.1%
   924     2.2s    0.0199    90.0%    90.0%    95.7%        0%/97%/3%    1.963    0.075    10.0%     0.0%   0.6161   0.0115     2.4%
   925     2.3s    0.0219    75.0%    75.0%    95.4%        1%/97%/2%    1.787    0.065    25.0%     0.0%   0.6634   0.0040     1.6%
   926     2.0s    0.0260    85.0%    85.0%    95.4%        0%/98%/2%    1.794    0.071    15.0%     0.0%   0.6091   0.0025     1.0%
   927     2.1s    0.0184    75.0%    75.0%    96.1%        0%/98%/1%    1.913    0.104    25.0%     0.0%   0.5956   0.0124     1.3%
   928     2.8s    0.0106    65.0%    65.0%    87.7%        2%/98%/0%    2.257    0.078    35.0%     0.0%   0.6560  -0.0041     1.3%
   929     2.2s    0.0190    80.0%    80.0%    95.5%        0%/98%/1%    1.850    0.086    20.0%     0.0%   0.6227   0.0066     1.0%
   930     2.0s    0.0283    95.0%    95.0%    99.1%       0%/100%/0%    1.863    0.075     5.0%     0.0%   0.5647   0.0075     1.2%
  [MA20] reward=0.0217 task_sr=81.8% miss=18.3% time_limit=0.0% v2v=2.2%
  [PPO ] p_loss=3.43e-05 v_loss=1.3873 entropy=0.5647 grad=0.2258 active=44.4%
  [SIM ] avg_power(a)=0.5375 rsu_q=3.731 tx=231 no_tx=0 deadlock=0 svc=35.805GHz idle=19.2%
   931     2.0s    0.0234    80.0%    80.0%    97.8%        0%/99%/1%    1.771    0.094    20.0%     0.0%   0.6345   0.0063     1.2%
   932     2.0s    0.0349   100.0%   100.0%   100.0%       0%/100%/0%    1.695    0.048     0.0%     0.0%   0.5875   0.0021     0.9%
   933     2.4s    0.0196    90.0%    90.0%    99.2%        1%/98%/1%    2.189    0.098    10.0%     0.0%   0.6007   0.0050     1.9%
   934     2.1s    0.0284    80.0%    80.0%    92.2%       0%/100%/0%    1.600    0.087    20.0%     0.0%   0.5816   0.0045     1.1%
   935     2.2s    0.0201    85.0%    85.0%    93.5%       0%/100%/0%    2.071    0.121    15.0%     0.0%   0.6073  -0.0010     2.6%
   936     2.5s    0.0162    65.0%    65.0%    92.2%        0%/99%/1%    1.915    0.115    35.0%     0.0%   0.5370  -0.0010     1.4%
   937     2.8s    0.0135    75.0%    75.0%    93.3%        1%/98%/1%    2.000    0.063    25.0%     0.0%   0.6422   0.0085     2.1%
   938     2.1s    0.0232    80.0%    80.0%    94.7%        1%/97%/1%    1.763    0.083    20.0%     0.0%   0.6318   0.0157     2.2%
   939     2.3s    0.0172    55.0%    55.0%    90.8%        0%/98%/2%    1.800    0.102    45.0%     0.0%   0.7665   0.0142     3.2%
   940     2.2s    0.0257    90.0%    90.0%    97.9%        0%/97%/3%    1.783    0.049    10.0%     0.0%   0.7063   0.0009     2.9%
  [MA20] reward=0.0210 task_sr=80.5% miss=19.5% time_limit=0.0% v2v=1.3%
  [PPO ] p_loss=0.0109 v_loss=1.0073 entropy=0.7063 grad=0.2576 active=41.8%
  [SIM ] avg_power(a)=0.5646 rsu_q=3.714 tx=234 no_tx=0 deadlock=0 svc=36.160GHz idle=25.0%

    Ep    Wall    R/step     T_SR     V_SR     S_SR            L/R/V   Lat(s)       En     Miss      Ill      Ent       KL     Clip
--------------------------------------------------------------------------------------------------------------------------------
   941     1.9s    0.0372    95.0%    95.0%    99.6%        0%/96%/4%    1.737    0.076     5.0%     0.0%   0.6863   0.0055     3.8%
   942     2.3s    0.0196    80.0%    80.0%    98.3%        0%/95%/5%    2.067    0.085    20.0%     0.0%   0.7106   0.0042     4.0%
   943     2.1s    0.0304    85.0%    85.0%    97.1%        2%/96%/3%    1.629    0.061    15.0%     0.0%   0.7041   0.0014     2.2%
   944     2.0s    0.0318    95.0%    95.0%    96.7%        0%/95%/5%    1.805    0.065     5.0%     0.0%   0.8188   0.0048     3.0%
   945     2.3s    0.0178    80.0%    80.0%    90.4%        1%/93%/6%    1.950    0.093    20.0%     0.0%   0.8824   0.0127     3.5%
   946     2.3s    0.0168    75.0%    75.0%    97.8%        2%/88%/9%    2.139    0.069    25.0%     0.0%   0.9413   0.0078     5.0%
   947     3.0s    0.0140    75.0%    75.0%    95.0%        2%/93%/5%    1.976    0.064    25.0%     0.0%   0.8532   0.0032     6.0%
   948     2.6s    0.0132    80.0%    80.0%    96.7%        0%/94%/6%    2.047    0.062    20.0%     0.0%   0.7785   0.0123     3.4%
   949     2.4s    0.0172    70.0%    70.0%    93.2%        0%/92%/8%    1.994    0.086    30.0%     0.0%   0.8426   0.0070     3.8%
   950     2.7s    0.0118    60.0%    60.0%    90.8%        0%/94%/6%    2.117    0.095    40.0%     0.0%   0.7760  -0.0024     3.4%
  [MA20] reward=0.0216 task_sr=79.8% miss=20.3% time_limit=0.0% v2v=3.4%
  [PPO ] p_loss=0.0253 v_loss=1.4280 entropy=0.7760 grad=0.3596 active=34.9%
  [SIM ] avg_power(a)=0.5403 rsu_q=3.000 tx=232 no_tx=1 deadlock=0 svc=25.365GHz idle=5.9%
   951     2.6s    0.0137    70.0%    70.0%    91.2%        2%/91%/6%    2.167    0.072    30.0%     0.0%   0.8543   0.0099     4.4%
   952     1.9s    0.0262    95.0%    95.0%    98.2%        0%/94%/6%    1.763    0.089     5.0%     0.0%   0.7859   0.0072     1.9%
   953     2.2s    0.0209    75.0%    75.0%    95.9%        0%/97%/3%    2.017    0.094    25.0%     0.0%   0.8748   0.0093     2.2%
   954     2.9s    0.0069    40.0%    40.0%    85.3%        1%/89%/9%    2.280    0.102    60.0%     0.0%   0.8879   0.0025     6.2%
   955     2.8s    0.0105    45.0%    45.0%    90.8%       1%/85%/14%    1.980    0.061    55.0%     0.0%   0.9993  -0.0002     6.7%
   956     3.1s    0.0049    45.0%    45.0%    90.6%        1%/90%/9%    2.475    0.065    55.0%     0.0%   0.9899   0.0125     5.8%
   957     2.9s    0.0107    65.0%    65.0%    91.1%       1%/89%/10%    2.131    0.043    35.0%     0.0%   0.9716   0.0147     6.0%
   958     2.5s    0.0095    40.0%    40.0%    90.4%       0%/86%/14%    1.918    0.071    60.0%     0.0%   0.9224   0.0090     7.4%
   959     2.3s    0.0191    70.0%    70.0%    91.8%       0%/89%/10%    1.959    0.041    30.0%     0.0%   1.0115   0.0283     6.8%
   960     2.4s    0.0168    80.0%    80.0%    97.9%       0%/86%/14%    2.013    0.048    20.0%     0.0%   1.2642   0.0271     7.4%
  [MA20] reward=0.0175 task_sr=71.0% miss=29.0% time_limit=0.0% v2v=7.5%
  [PPO ] p_loss=-0.0205 v_loss=1.0438 entropy=1.2642 grad=0.3479 active=39.4%
  [SIM ] avg_power(a)=0.5184 rsu_q=2.677 tx=239 no_tx=0 deadlock=0 svc=27.219GHz idle=3.2%

    Ep    Wall    R/step     T_SR     V_SR     S_SR            L/R/V   Lat(s)       En     Miss      Ill      Ent       KL     Clip
--------------------------------------------------------------------------------------------------------------------------------
   961     3.2s    0.0025    25.0%    25.0%    79.2%       1%/77%/22%    2.150    0.066    75.0%     0.0%   1.4209   0.0241     7.0%
   962    14.1s   -0.0002    45.0%    45.0%    78.1%       1%/68%/31%    2.133    0.005    55.0%     0.0%   1.4456   0.0130    13.5%
   963     2.8s    0.0010    15.0%    15.0%    83.8%       1%/66%/32%    2.400    0.050    85.0%     0.0%   1.4362   0.0048    10.2%
   964     2.7s    0.0055    45.0%    45.0%    86.9%       1%/72%/27%    2.218    0.044    55.0%     0.0%   1.3697   0.0093    10.7%
   965     2.7s    0.0101    55.0%    55.0%    88.5%       1%/78%/21%    2.033    0.044    45.0%     0.0%   1.2260   0.0167     7.8%
   966     3.1s    0.0038    45.0%    45.0%    89.2%       0%/71%/29%    2.267    0.028    55.0%     0.0%   1.3694   0.0142     8.1%
   967     3.3s    0.0032    25.0%    25.0%    81.6%       0%/75%/24%    2.100    0.039    75.0%     0.0%   1.3715   0.0136    10.2%
   968     2.9s    0.0090    60.0%    60.0%    92.7%       2%/82%/16%    2.392    0.064    40.0%     0.0%   1.2279   0.0169     6.2%
   969     3.3s    0.0070    45.0%    45.0%    84.6%       0%/80%/19%    1.960    0.034    55.0%     0.0%   1.2144   0.0125     5.9%
   970     2.7s    0.0120    60.0%    60.0%    88.7%       1%/83%/15%    2.233    0.048    40.0%     0.0%   1.0768   0.0097     7.0%
  [MA20] reward=0.0097 task_sr=52.2% miss=47.8% time_limit=5.0% v2v=16.6%
  [PPO ] p_loss=0.0051 v_loss=1.1243 entropy=1.0768 grad=0.5254 active=33.9%
  [SIM ] avg_power(a)=0.4885 rsu_q=1.562 tx=213 no_tx=3 deadlock=0 svc=24.614GHz idle=3.1%
   971     2.7s    0.0091    60.0%    60.0%    90.6%       1%/84%/14%    2.208    0.058    40.0%     0.0%   0.9583  -0.0017     5.5%
   972     2.4s    0.0118    55.0%    55.0%    93.2%        1%/91%/8%    2.115    0.059    45.0%     0.0%   1.0749   0.0079     5.3%
   973     2.5s    0.0100    60.0%    60.0%    92.0%       0%/86%/14%    2.214    0.047    40.0%     0.0%   1.1131   0.0055     5.2%
   974     2.5s    0.0149    80.0%    80.0%    93.0%       1%/87%/12%    2.075    0.045    20.0%     0.0%   1.0749   0.0134     6.2%
   975     2.6s    0.0100    40.0%    40.0%    88.1%       1%/85%/14%    1.856    0.056    60.0%     0.0%   1.2661   0.0163     5.5%
   976     2.8s    0.0078    50.0%    50.0%    88.5%       0%/80%/19%    2.136    0.051    50.0%     0.0%   1.3023   0.0074     6.9%
   977     2.3s    0.0169    75.0%    75.0%    95.5%       1%/84%/15%    1.938    0.040    25.0%     0.0%   0.9686   0.0020     8.6%
   978     2.4s    0.0111    50.0%    50.0%    88.1%       0%/90%/10%    2.145    0.051    50.0%     0.0%   0.9304   0.0098     5.2%
   979     3.0s    0.0112    60.0%    60.0%    95.1%        0%/93%/7%    2.186    0.066    40.0%     0.0%   0.8459   0.0020     2.7%
   980     2.3s    0.0223    85.0%    85.0%    99.1%        1%/91%/8%    1.967    0.079    15.0%     0.0%   0.8706  -0.0007     4.5%
  [MA20] reward=0.0090 task_sr=51.7% miss=48.3% time_limit=5.0% v2v=18.0%
  [PPO ] p_loss=-0.0084 v_loss=1.0111 entropy=0.8706 grad=0.3281 active=41.8%
  [SIM ] avg_power(a)=0.4612 rsu_q=3.536 tx=232 no_tx=2 deadlock=0 svc=30.084GHz idle=10.7%

    Ep    Wall    R/step     T_SR     V_SR     S_SR            L/R/V   Lat(s)       En     Miss      Ill      Ent       KL     Clip
--------------------------------------------------------------------------------------------------------------------------------
   981     2.7s    0.0110    60.0%    60.0%    90.3%       0%/90%/10%    2.215    0.038    40.0%     0.0%   0.8340   0.0131     4.7%
   982     2.4s    0.0185    75.0%    75.0%    93.4%        0%/93%/7%    1.880    0.052    25.0%     0.0%   0.9526   0.0081     2.5%
   983     2.6s    0.0185    85.0%    85.0%    93.9%        0%/90%/9%    2.071    0.041    15.0%     0.0%   0.8929   0.0027     4.5%
  [LateGuard] restore best_model at ep983 (drop=0.219, freeze=False)
   984     2.1s    0.0246    80.0%    80.0%    94.8%        1%/99%/0%    1.778    0.084    20.0%     0.0%   0.3530   0.0058     1.4%
   985     2.3s    0.0224    90.0%    90.0%    99.2%        0%/99%/1%    2.053    0.109    10.0%     0.0%   0.2958   0.0116     1.5%
   986     2.2s    0.0238    80.0%    80.0%    96.7%        0%/99%/1%    1.865    0.130    20.0%     0.0%   0.4225   0.0060     2.1%
   987     1.8s    0.0368    95.0%    95.0%    99.5%       0%/100%/0%    1.600    0.087     5.0%     0.0%   0.3543   0.0023     1.0%
   988     2.0s    0.0294    90.0%    90.0%    98.6%       0%/100%/0%    1.663    0.069    10.0%     0.0%   0.4195   0.0015     3.0%
   989     2.0s    0.0269    95.0%    95.0%   100.0%        0%/99%/1%    1.940    0.112     5.0%     0.0%   0.4081   0.0031     1.9%
   990     2.3s    0.0217    75.0%    75.0%    96.3%       0%/100%/0%    1.800    0.099    25.0%     0.0%   0.4779   0.0058     1.3%
  [MA20] reward=0.0179 task_sr=72.0% miss=28.0% time_limit=0.0% v2v=7.5%
  [PPO ] p_loss=0.0089 v_loss=1.0219 entropy=0.4779 grad=0.3145 active=37.6%
  [SIM ] avg_power(a)=0.5728 rsu_q=3.129 tx=233 no_tx=0 deadlock=0 svc=32.529GHz idle=32.3%
   991     2.2s    0.0239    85.0%    85.0%    99.5%        0%/99%/0%    1.789    0.091    15.0%     0.0%   0.4386  -0.0021     1.2%
   992     2.2s    0.0228    85.0%    85.0%    92.3%        0%/99%/1%    1.989    0.092    15.0%     0.0%   0.4714   0.0158     1.5%
   993     2.4s    0.0186    85.0%    85.0%    99.6%        0%/99%/1%    2.089    0.103    15.0%     0.0%   0.4851   0.0013     1.1%
   994     2.0s    0.0305    95.0%    95.0%    99.1%        0%/99%/1%    1.711    0.069     5.0%     0.0%   0.5057   0.0069     2.1%
   995     2.4s    0.0135    60.0%    60.0%    73.7%        0%/99%/1%    1.931    0.161    40.0%     0.0%   0.4642 -1.08e-05     1.7%
   996     2.2s    0.0281    85.0%    85.0%    92.9%        0%/99%/1%    1.835    0.081    15.0%     0.0%   0.4111   0.0064     0.7%
   997     2.2s    0.0244    90.0%    90.0%    97.6%       0%/100%/0%    2.005    0.073    10.0%     0.0%   0.4798   0.0035     1.0%
   998     2.1s    0.0210    80.0%    80.0%    97.9%       0%/100%/0%    1.882    0.117    20.0%     0.0%   0.4665   0.0008     0.7%
  [LateGuard] restore best_model at ep998 (drop=0.201, freeze=False)
   999     2.2s    0.0248    90.0%    90.0%    97.9%       0%/100%/0%    1.789    0.072    10.0%     0.0%   0.3584   0.0100     0.5%
  1000     2.4s    0.0187    75.0%    75.0%    90.7%        0%/99%/1%    1.919    0.120    25.0%     0.0%   0.2959  -0.0028     1.2%
  [MA20] reward=0.0230 task_sr=82.8% miss=17.2% time_limit=0.0% v2v=1.8%
  [PPO ] p_loss=-0.0087 v_loss=1.1712 entropy=0.2959 grad=0.4814 active=36.2%
  [SIM ] avg_power(a)=0.6001 rsu_q=2.500 tx=216 no_tx=0 deadlock=0 svc=27.086GHz idle=13.3%

[Train] completed: episodes=1000 best_reward=0.9432 best_success_rate(50ep)=0.8210
[Train] key outputs: /root/vecOffloadingSim/runs/e3_schemeA_balanced_critic0/logs/metrics.csv, /root/vecOffloadingSim/runs/e3_schemeA_balanced_critic0/logs/training_stats.csv, /root/vecOffloadingSim/runs/e3_schemeA_balanced_critic0/models/best_model.pth, /root/vecOffloadingSim/runs/e3_schemeA_balanced_critic0/models/last_model.pth

[Auto Plot] Generating training plots...
[DataRecorder] Training stats plots saved to: /root/vecOffloadingSim/runs/e3_schemeA_balanced_critic0/plots
[Auto Plot] plot_results.py ...
[Auto Plot] ✓ Saved: fig_latency_with_baselines.png | ✓ Saved: fig_summary_dashboard.png | ✓ All plots saved to: /root/vecOffloadingSim/runs/e3_schemeA_balanced_critic0/plots
[Auto Plot] plot_results.py done in 12.3s
[Auto Plot] generate_all_plots.py ...
[Auto Plot] ⚠ No baseline data found, skipping baseline comparison plot | ✓ All plots saved to: /root/vecOffloadingSim/runs/e3_schemeA_balanced_critic0/plots |   Total plots: 8
[Auto Plot] generate_all_plots.py done in 6.9s
[DataRecorder] All plots generated in: /root/vecOffloadingSim/runs/e3_schemeA_balanced_critic0/plots
[Auto Plot] jobs: ok=4 skipped=1 failed=0
[Auto Plot] generated figures: 34
[Auto Plot] sample: bias_annealing.png, cpu_efficiency.png, episode_duration.png, fig_constraint_health.png, fig_convergence_analysis.png, fig_convergence_baseline.png, fig_decision_distribution.png, fig_latency_with_baselines.png
[Auto Plot] manifest: /root/vecOffloadingSim/runs/e3_schemeA_balanced_critic0/plots/plot_manifest.json
[Postprocess] loaded env_reward.jsonl: /root/vecOffloadingSim/runs/e3_schemeA_balanced_critic0/logs/env_reward.jsonl
✓ Wrote: /root/vecOffloadingSim/runs/e3_schemeA_balanced_critic0/metrics/train_metrics_full.csv (rows=1000 cols=325)
✓ Loaded 1000 episodes from runs/e3_schemeA_balanced_critic0/metrics/train_metrics_full.csv
⚠ No baseline data found
✓ Output directory: runs/e3_schemeA_balanced_critic0/plots

[Generating Plots]
/root/vecOffloadingSim/scripts/plot_results.py:182: UserWarning: No artists with labels found to put in legend.  Note that artists whose label start with an underscore are ignored when legend() is called with no argument.
  ax.legend(loc='best', framealpha=0.9)
✓ Saved: fig_convergence_baseline.png
✓ Saved: fig_policy_evolution.png
/root/vecOffloadingSim/scripts/plot_results.py:240: UserWarning: No artists with labels found to put in legend.  Note that artists whose label start with an underscore are ignored when legend() is called with no argument.
  ax.legend(loc='best', framealpha=0.9)
/root/vecOffloadingSim/scripts/plot_results.py:255: UserWarning: No artists with labels found to put in legend.  Note that artists whose label start with an underscore are ignored when legend() is called with no argument.
  ax.legend(loc='best', framealpha=0.9)
✓ Saved: fig_training_diagnostics.png
/root/vecOffloadingSim/scripts/plot_results.py:354: UserWarning: No artists with labels found to put in legend.  Note that artists whose label start with an underscore are ignored when legend() is called with no argument.
  ax.legend(loc='best', framealpha=0.9)
/root/vecOffloadingSim/scripts/plot_results.py:365: UserWarning: No artists with labels found to put in legend.  Note that artists whose label start with an underscore are ignored when legend() is called with no argument.
  ax.legend(loc='best', framealpha=0.9)
✓ Saved: fig_physical_metrics.png
✓ Saved: fig_constraint_health.png
✓ Saved: fig_latency_with_baselines.png
/root/vecOffloadingSim/scripts/plot_results.py:434: UserWarning: No artists with labels found to put in legend.  Note that artists whose label start with an underscore are ignored when legend() is called with no argument.
  ax.legend(loc='best', framealpha=0.9)
✓ Saved: fig_summary_dashboard.png

✓ All plots saved to: runs/e3_schemeA_balanced_critic0/plots
