[Launcher] root=/root/vecOffloadingSim
[Launcher] run_dir=/root/vecOffloadingSim/runs/rc1_ablation_1500ep_20260322_180707/wo_resource
[Launcher] config_snapshot=/root/vecOffloadingSim/runs/run_1000ep_A_20260320/logs/config_snapshot.json
[Launcher] ABLATION_MODE=no_resource
[Launcher] EPISODES=1500
[Launcher] DEVICE_NAME=cuda
[Launcher] started_at=2026-03-22 18:07:08 CST

[ConfigSnapshot] load=True path=/root/vecOffloadingSim/runs/run_1000ep_A_20260320/logs/config_snapshot.json
[ConfigEffective] USE_SIMPLIFIED_CRITIC=False COMMWAIT_DIRECT_TO_CRITIC=True USE_LOGIT_BIAS=True USE_FIXED_POWER=False CTDE_GLOBAL_DIM=30 GLOBAL_STATE_SOURCE=env_single_source
[ScaleCheck] UNIFIED cap: step<=~0.000 ep<=~0.0 term=10.0 ep/term=0.00 (Td_min=0.40s, DT=0.10s, i_cap=3, e_cap=1.5)
[ConfigDump] saved: /root/vecOffloadingSim/runs/rc1_ablation_1500ep_20260322_180707/wo_resource/config_dump.json
[ConfigSnapshot] saved: /root/vecOffloadingSim/runs/rc1_ablation_1500ep_20260322_180707/wo_resource/logs/config_snapshot.json
[RunMeta] saved: /root/vecOffloadingSim/runs/rc1_ablation_1500ep_20260322_180707/wo_resource/run_meta.json

======================================================================================================================
[Train] MAPPO VEC training started
======================================================================================================================
[Run] id=wo_resource seed=42 device=cuda reward=UNIFIED candidate=ALL (all_feasible=True)
[Train] episodes=1500 steps/ep=300 eval_interval=1 save_interval=100 baseline_eval=off
[Scenario] vehicles=20 rsu=2 map=1000.0m lanes=2 v2v_range=200.0m rsu_range=300.0m
[Physics] BW_V2I=10.00MHz BW_V2V=20.00MHz RB=10 Ptx=[0.0200,0.1995]W (13.0,23.0 dBm) DT=0.100s
[ScaleCheck] UNIFIED nominal: E_loc=9J E_tx=0.00750952J r_time=-0 r_energy=-0 r_interf=-0 (B_RB=2e+06Hz, SNR=20dB, dt=0.1, Td=10, rho=0.7)
[Compute] f_local=[1.00,1.80]GHz f_rsu=6.00GHz
[PPO] lr=2.00e-04 gamma=0.995 gae=0.950 clip=0.250 ent=0.020 batch=256 epochs=5 d_model=128 layers=2
[Logging] step_metrics=off step_logs=off tb_obs=on
[Paths] run=/root/vecOffloadingSim/runs/rc1_ablation_1500ep_20260322_180707/wo_resource
[Paths] logs=/root/vecOffloadingSim/runs/rc1_ablation_1500ep_20260322_180707/wo_resource/logs  models=/root/vecOffloadingSim/runs/rc1_ablation_1500ep_20260322_180707/wo_resource/models  plots=/root/vecOffloadingSim/runs/rc1_ablation_1500ep_20260322_180707/wo_resource/plots
======================================================================================================================


    Ep    Wall    R/step     T_SR     V_SR     S_SR            L/R/V   Lat(s)       En     Miss      Ill      Ent       KL     Clip
--------------------------------------------------------------------------------------------------------------------------------
     1    20.8s    0.0044     5.0%     5.0%    36.0%       12%/8%/81%    1.379    0.463    95.0%     0.0%   2.9171   0.0027     0.8%
  [MA20] reward=0.0044 task_sr=5.0% miss=95.0% time_limit=0.0% v2v=80.6%
  [RWRD] r_prog=0.0758 r_term=-0.0319 r_illegal=0.0000
  [PPO ] p_loss=-0.0029 v_loss=1.6157 entropy=2.9171 grad=16.1023 active=100.0%
  [SIM ] avg_power(a)=0.4971 rsu_q=0.321 tx=114 no_tx=15 deadlock=0 svc=0.000GHz idle=0.0%
  → Best model saved: sr=0.050 miss=0.950 tl=0.000 cft=1.379 illegal=0.000
     2     9.7s    0.0006    10.0%    10.0%    46.7%      13%/13%/74%    0.527    0.549    80.0%     0.0%   2.6339   0.0018     0.2%
     3    17.9s    0.0019     0.0%     0.0%    39.8%      13%/13%/74%    0.000    0.536   100.0%     0.0%   2.1347   0.0069     0.6%
     4    21.4s    0.0012     5.0%     5.0%    36.9%       8%/17%/75%    2.524    0.367    90.0%     0.0%   2.2874   0.0033     0.8%
     5    17.5s    0.0043    10.0%    10.0%    49.0%      15%/16%/69%    1.354    0.514    90.0%     0.0%   2.5020   0.0011     0.6%
     6     6.4s    0.0009    10.0%    10.0%    64.9%      11%/12%/77%    1.287    0.486    90.0%     0.0%   2.3861   0.0058     0.2%
     7     6.5s    0.0008     0.0%     0.0%    54.3%        7%/5%/88%    2.208    0.510   100.0%     0.0%   2.3860   0.0024     0.5%
     8    10.7s    0.0025    15.0%    15.0%    73.5%      12%/20%/68%    2.257    0.343    80.0%     0.0%   2.2098   0.0032     0.4%
     9     9.6s    0.0024     5.0%     5.0%    65.4%      10%/13%/77%    1.783    0.380    90.0%     0.0%   2.2203   0.0024     0.2%
    10     9.5s    0.0023    20.0%    20.0%    65.3%      16%/16%/68%    1.858    0.352    65.0%     0.0%   2.1301  -0.0002     0.2%
  [MA20] reward=0.0021 task_sr=8.0% miss=88.0% time_limit=0.0% v2v=75.0%
  [RWRD] r_prog=0.0478 r_term=-0.0249 r_illegal=0.0000
  [PPO ] p_loss=0.0081 v_loss=0.9252 entropy=2.1301 grad=5.1876 active=100.0%
  [SIM ] avg_power(a)=0.4909 rsu_q=0.483 tx=121 no_tx=27 deadlock=0 svc=0.000GHz idle=0.0%
  → Best model saved: sr=0.080 miss=0.880 tl=0.000 cft=inf illegal=0.000
    11    15.3s    0.0023     0.0%     0.0%    36.4%      11%/12%/77%    0.000    0.598    75.0%     0.0%   2.1538   0.0046     0.0%
    12    21.0s    0.0034     0.0%     0.0%    45.9%       5%/17%/78%    0.000    0.651    90.0%     0.0%   2.3945   0.0022     0.4%
    13    12.7s    0.0014     0.0%     0.0%    49.8%      12%/12%/76%    0.000    0.482    95.0%     0.0%   2.2079   0.0016     0.1%
    14     6.4s    0.0015    25.0%    25.0%    61.7%      11%/12%/77%    0.934    0.329    70.0%     0.0%   2.2822   0.0035     0.3%
    15    17.9s    0.0009     5.0%     5.0%    32.2%      12%/10%/79%    2.997    0.434    95.0%     0.0%   2.2375  -0.0005     0.5%
    16     5.1s   -0.0002    15.0%    15.0%    69.5%      13%/14%/73%    1.038    0.408    80.0%     0.0%   2.1911   0.0079     0.0%
    17    13.3s    0.0034    10.0%    10.0%    56.7%      12%/18%/70%    1.519    0.512    90.0%     0.0%   2.2963   0.0054     0.3%
    18    23.0s    0.0020    10.0%    10.0%    30.9%      14%/17%/70%    2.493    0.594    90.0%     0.0%   2.1305   0.0021     0.4%
    19    10.4s    0.0020    25.0%    25.0%    60.0%      15%/18%/68%    2.227    0.312    65.0%     0.0%   2.1651   0.0050     0.3%
    20    16.8s    0.0025    20.0%    20.0%    50.9%      11%/19%/70%    2.826    0.395    50.0%     0.0%   2.3764   0.0043     0.3%
  [MA20] reward=0.0020 task_sr=9.5% miss=84.0% time_limit=0.0% v2v=74.4%
  [RWRD] r_prog=0.0504 r_term=-0.0250 r_illegal=0.0000
  [PPO ] p_loss=0.0061 v_loss=0.8351 entropy=2.3764 grad=5.8807 active=100.0%
  [SIM ] avg_power(a)=0.4959 rsu_q=0.571 tx=150 no_tx=23 deadlock=0 svc=0.000GHz idle=0.0%
  → Best model saved: sr=0.095 miss=0.840 tl=0.000 cft=inf illegal=0.000

    Ep    Wall    R/step     T_SR     V_SR     S_SR            L/R/V   Lat(s)       En     Miss      Ill      Ent       KL     Clip
--------------------------------------------------------------------------------------------------------------------------------
    21     5.1s   -0.0003    20.0%    20.0%    73.9%      15%/10%/75%    1.461    0.336    75.0%     0.0%   2.1408  -0.0024     0.4%
    22    14.8s    0.0049    10.0%    10.0%    42.6%      11%/14%/75%    1.696    0.460    85.0%     0.0%   2.5825   0.0072     0.5%
    23    11.7s    0.0002     0.0%     0.0%    52.6%      15%/13%/72%    0.000    0.485   100.0%     0.0%   2.2897   0.0029     0.3%
    24     5.9s    0.0012    20.0%    20.0%    60.9%       7%/14%/79%    1.242    0.370    75.0%     0.0%   2.2073   0.0035     0.0%
    25     5.9s   -0.0001    15.0%    15.0%    60.3%      19%/12%/69%    1.336    0.397    85.0%     0.0%   2.1398   0.0024     0.4%
    26    19.6s    0.0020    10.0%    10.0%    29.7%      11%/11%/77%    1.782    0.471    85.0%     0.0%   2.7828   0.0045     0.5%
    27     9.1s    0.0032    25.0%    25.0%    60.5%      12%/16%/72%    1.898    0.410    70.0%     0.0%   2.0184   0.0061     0.4%
    28    13.5s    0.0032    10.0%    10.0%    48.0%       7%/15%/77%    2.044    0.418    90.0%     0.0%   2.3902   0.0032     0.3%
    29    31.8s    0.0047    10.0%    10.0%    24.8%      12%/11%/78%    1.945    0.593    90.0%     0.0%   2.6940   0.0042     0.8%
    30     5.8s   -0.0017    10.0%    10.0%    63.9%       13%/8%/79%    1.708    0.347    80.0%     0.0%   2.2204   0.0043     0.2%
  [MA20] reward=0.0018 task_sr=12.0% miss=81.8% time_limit=0.0% v2v=74.5%
  [RWRD] r_prog=0.0208 r_term=-0.0375 r_illegal=0.0000
  [PPO ] p_loss=0.0106 v_loss=1.1622 entropy=2.2204 grad=14.6947 active=100.0%
  [SIM ] avg_power(a)=0.4849 rsu_q=0.000 tx=94 no_tx=15 deadlock=0 svc=0.000GHz idle=0.0%
    31     5.8s    0.0021    40.0%    40.0%    79.0%      10%/13%/77%    1.509    0.421    55.0%     0.0%   2.2201   0.0041     0.2%
    32    10.0s    0.0048    20.0%    20.0%    58.4%      12%/15%/73%    2.030    0.421    70.0%     0.0%   2.2110   0.0065     0.4%
    33    12.1s    0.0006    10.0%    10.0%    55.5%       6%/13%/81%    1.187    0.371    90.0%     0.0%   2.8530   0.0033     0.4%
    34    12.9s    0.0029    10.0%    10.0%    51.2%      11%/13%/77%    2.227    0.455    80.0%     0.0%   2.3351   0.0053     0.6%
    35    22.4s    0.0030     5.0%     5.0%    20.8%       8%/10%/82%    1.175    0.554    95.0%     0.0%   2.8984   0.0035     1.2%
    36    27.2s    0.0029     0.0%     0.0%    29.0%        7%/7%/86%    0.000    0.580    90.0%     0.0%   2.7384  -0.0012     1.3%
    37     6.0s   -0.0001    10.0%    10.0%    58.4%       11%/9%/80%    1.188    0.510    90.0%     0.0%   2.3557   0.0090     0.4%
    38    11.4s    0.0013     5.0%     5.0%    44.1%       16%/7%/77%    2.448    0.497    95.0%     0.0%   2.3997   0.0066     0.8%
    39    11.8s    0.0030     5.0%     5.0%    45.2%      11%/13%/76%    2.263    0.480    95.0%     0.0%   2.3968   0.0064     0.7%
    40    11.0s    0.0017     0.0%     0.0%    53.9%      10%/10%/80%    0.000    0.418    90.0%     0.0%   2.3163   0.0040     0.5%
  [MA20] reward=0.0020 task_sr=11.8% miss=84.2% time_limit=0.0% v2v=77.1%
  [RWRD] r_prog=0.0555 r_term=-0.0387 r_illegal=0.0000
  [PPO ] p_loss=-0.0012 v_loss=0.6478 entropy=2.3163 grad=8.8185 active=100.0%
  [SIM ] avg_power(a)=0.4845 rsu_q=0.069 tx=133 no_tx=17 deadlock=0 svc=0.000GHz idle=0.0%

    Ep    Wall    R/step     T_SR     V_SR     S_SR            L/R/V   Lat(s)       En     Miss      Ill      Ent       KL     Clip
--------------------------------------------------------------------------------------------------------------------------------
    41    12.8s    0.0026    10.0%    10.0%    51.3%      12%/18%/70%    1.645    0.575    85.0%     0.0%   2.4051  -0.0002     1.2%
    42    11.6s    0.0010     0.0%     0.0%    45.2%       9%/14%/77%    0.000    0.561   100.0%     0.0%   2.4009   0.0040     1.0%
    43     6.1s    0.0010     5.0%     5.0%    55.3%       5%/11%/84%    1.176    0.519    85.0%     0.0%   2.2625   0.0036     0.6%
    44    17.7s    0.0023    10.0%    10.0%    47.2%      13%/15%/72%    2.196    0.485    90.0%     0.0%   2.4890   0.0037     0.8%
    45     6.1s    0.0013    30.0%    30.0%    73.7%       9%/15%/76%    1.216    0.356    60.0%     0.0%   2.1229   0.0053     0.2%
    46    17.6s    0.0036    10.0%    10.0%    38.8%       14%/9%/77%    1.444    0.493    85.0%     0.0%   2.7160   0.0081     0.3%
    47    10.4s    0.0028    10.0%    10.0%    60.4%      11%/13%/76%    2.351    0.404    90.0%     0.0%   2.1809   0.0030     0.2%
    48    11.0s    0.0022    10.0%    10.0%    53.7%       13%/9%/78%    2.165    0.375    90.0%     0.0%   2.1792   0.0042     0.2%
    49     6.1s    0.0028    40.0%    40.0%    68.7%      17%/13%/71%    1.341    0.324    50.0%     0.0%   2.2038   0.0016     0.0%
    50     5.6s    0.0016    25.0%    25.0%    69.2%      15%/13%/71%    1.163    0.418    75.0%     0.0%   2.1515   0.0047     0.1%
  [MA20] reward=0.0022 task_sr=12.8% miss=83.0% time_limit=0.0% v2v=77.1%
  [RWRD] r_prog=0.0325 r_term=-0.0170 r_illegal=0.0000
  [PPO ] p_loss=0.0165 v_loss=0.7870 entropy=2.1515 grad=9.0732 active=100.0%
  [SIM ] avg_power(a)=0.4833 rsu_q=0.167 tx=95 no_tx=19 deadlock=0 svc=0.000GHz idle=0.0%
    51    35.4s    0.0023     0.0%     0.0%    15.6%        6%/6%/88%    0.000    0.579   100.0%     0.0%   3.0147  -0.0012     0.3%
    52    11.7s    0.0023     0.0%     0.0%    57.4%      11%/12%/77%    0.000    0.526   100.0%     0.0%   2.2651   0.0025     0.2%
    53    15.2s    0.0031     0.0%     0.0%    46.3%        9%/7%/83%    0.000    0.479   100.0%     0.0%   2.4222   0.0019     0.2%
    54     4.7s    0.0017    40.0%    40.0%    81.3%      14%/12%/74%    1.340    0.485    50.0%     0.0%   2.1323   0.0060     0.0%
    55     5.5s    0.0015    30.0%    30.0%    66.4%      11%/10%/79%    0.894    0.375    70.0%     0.0%   2.4025   0.0054     0.0%
    56    20.0s    0.0036     0.0%     0.0%    30.0%       5%/11%/84%    0.000    0.468   100.0%     0.0%   2.3420   0.0029     0.2%
    57    12.6s    0.0032     5.0%     5.0%    33.3%        9%/9%/82%    1.998    0.542    95.0%     0.0%   2.3872   0.0058     0.0%
    58    10.7s    0.0012     0.0%     0.0%    41.3%      12%/14%/74%    0.000    0.471   100.0%     0.0%   2.2755   0.0015     0.3%
    59    10.4s    0.0020    10.0%    10.0%    69.8%      14%/12%/74%    2.154    0.372    90.0%     0.0%   2.1356   0.0055     0.1%
    60    11.4s    0.0028     0.0%     0.0%    44.3%       9%/13%/78%    0.000    0.460   100.0%     0.0%   2.2653   0.0020     0.2%
  [MA20] reward=0.0022 task_sr=11.8% miss=85.8% time_limit=0.0% v2v=77.2%
  [RWRD] r_prog=0.0630 r_term=-0.0352 r_illegal=0.0000
  [PPO ] p_loss=0.0044 v_loss=0.6608 entropy=2.2653 grad=6.5174 active=100.0%
  [SIM ] avg_power(a)=0.4902 rsu_q=0.103 tx=123 no_tx=13 deadlock=0 svc=0.000GHz idle=0.0%

    Ep    Wall    R/step     T_SR     V_SR     S_SR            L/R/V   Lat(s)       En     Miss      Ill      Ent       KL     Clip
--------------------------------------------------------------------------------------------------------------------------------
    61    10.2s    0.0044     0.0%     0.0%    52.4%       9%/10%/80%    0.000    0.539    90.0%     0.0%   2.2773  -0.0026     0.2%
    62     9.7s    0.0008     0.0%     0.0%    56.0%      16%/15%/69%    0.000    0.489    90.0%     0.0%   2.1187   0.0056     0.4%
    63     5.0s    0.0005    30.0%    30.0%    76.8%      19%/12%/68%    0.986    0.303    70.0%     0.0%   2.1636   0.0025     0.2%
    64     5.7s    0.0017    35.0%    35.0%    67.9%      13%/12%/74%    1.308    0.299    65.0%     0.0%   2.2757   0.0072     0.7%
    65     5.9s    0.0000    10.0%    10.0%    63.9%       7%/10%/83%    0.658    0.381    90.0%     0.0%   2.4050   0.0021     0.2%
    66     6.7s    0.0009    20.0%    20.0%    68.8%      13%/15%/72%    1.167    0.484    70.0%     0.0%   2.2767   0.0071     0.4%
    67     5.6s    0.0001    25.0%    25.0%    56.2%       14%/9%/77%    0.983    0.306    70.0%     0.0%   2.1959   0.0079     0.1%
    68    10.9s    0.0025     5.0%     5.0%    48.2%       6%/12%/82%    2.122    0.456    95.0%     0.0%   2.3228   0.0052     0.3%
    69     5.0s    0.0027    45.0%    45.0%    66.1%      12%/15%/73%    1.064    0.354    50.0%     0.0%   2.1566   0.0044     0.4%
    70    10.6s    0.0030    25.0%    25.0%    71.2%      11%/14%/75%    2.012    0.357    65.0%     0.0%   2.2417   0.0055     0.5%
  [MA20] reward=0.0020 task_sr=14.0% miss=83.0% time_limit=0.0% v2v=77.4%
  [RWRD] r_prog=0.0497 r_term=-0.0194 r_illegal=0.0000
  [PPO ] p_loss=0.0163 v_loss=0.7931 entropy=2.2417 grad=4.9462 active=100.0%
  [SIM ] avg_power(a)=0.5042 rsu_q=0.448 tx=147 no_tx=21 deadlock=0 svc=0.000GHz idle=0.0%
  → Best model saved: sr=0.133 miss=0.831 tl=0.000 cft=inf illegal=0.000
    71    11.1s    0.0031     0.0%     0.0%    29.2%       10%/9%/81%    0.000    0.506   100.0%     0.0%   2.2730   0.0070     0.7%
    72    16.7s    0.0024    10.0%    10.0%    51.5%      12%/12%/76%    3.127    0.403    75.0%     0.0%   2.1588   0.0040     1.0%
    73     5.9s    0.0022    45.0%    45.0%    73.1%       12%/6%/83%    1.005    0.320    50.0%     0.0%   2.3446   0.0066     0.5%
    74     5.8s    0.0008    10.0%    10.0%    62.0%       11%/4%/85%    1.056    0.455    90.0%     0.0%   2.3984  -0.0005     1.2%
    75    17.0s    0.0038    10.0%    10.0%    36.6%      14%/15%/71%    1.509    0.529    90.0%     0.0%   2.6638   0.0032     0.8%
    76    10.4s    0.0033    15.0%    15.0%    57.6%      13%/13%/74%    1.898    0.350    85.0%     0.0%   2.0831   0.0071     0.4%
    77    17.7s    0.0028     0.0%     0.0%    47.3%      13%/13%/74%    3.267    0.425    80.0%     0.0%   2.2429   0.0030     0.3%
    78    18.2s    0.0025     0.0%     0.0%    38.7%      10%/15%/75%    0.000    0.617    95.0%     0.0%   2.2625   0.0068     0.7%
    79    11.6s    0.0036    10.0%    10.0%    52.8%      11%/13%/76%    1.806    0.411    85.0%     0.0%   2.3431   0.0027     1.3%
    80     4.4s    0.0035    60.0%    60.0%    83.1%      10%/15%/75%    1.019    0.314    30.0%     0.0%   2.1976   0.0084     1.3%
  [MA20] reward=0.0022 task_sr=17.8% miss=76.8% time_limit=0.0% v2v=76.2%
  [RWRD] r_prog=0.0196 r_term=0.0158 r_illegal=0.0000
  [PPO ] p_loss=-0.0283 v_loss=0.8699 entropy=2.1976 grad=12.0444 active=100.0%
  [SIM ] avg_power(a)=0.5344 rsu_q=0.083 tx=99 no_tx=13 deadlock=0 svc=0.000GHz idle=0.0%
  → Best model saved: sr=0.139 miss=0.820 tl=0.000 cft=inf illegal=0.000

    Ep    Wall    R/step     T_SR     V_SR     S_SR            L/R/V   Lat(s)       En     Miss      Ill      Ent       KL     Clip
--------------------------------------------------------------------------------------------------------------------------------
    81     5.1s    0.0029    30.0%    30.0%    73.3%      15%/12%/73%    1.250    0.416    60.0%     0.0%   2.3615   0.0040     1.9%
    82    10.0s    0.0038    30.0%    30.0%    65.1%      15%/14%/72%    2.164    0.345    65.0%     0.0%   2.0641   0.0004     1.2%
    83     5.7s    0.0025    40.0%    40.0%    78.2%       9%/16%/75%    1.021    0.335    60.0%     0.0%   2.2296   0.0053     2.1%
    84     9.5s    0.0021    20.0%    20.0%    65.1%       9%/11%/80%    1.995    0.361    60.0%     0.0%   2.2277   0.0109     1.1%
    85     4.8s    0.0049    70.0%    70.0%    86.5%      15%/17%/68%    1.170    0.225    25.0%     0.0%   2.2431  -0.0005     1.2%
    86    12.4s    0.0049    25.0%    25.0%    45.9%       9%/16%/75%    1.766    0.411    65.0%     0.0%   2.2717   0.0039     1.2%
    87    15.6s    0.0022     0.0%     0.0%    58.6%      15%/14%/71%    0.000    0.433    85.0%     0.0%   2.2118   0.0053     0.7%
    88     9.2s    0.0031    35.0%    35.0%    74.3%      14%/16%/70%    1.970    0.299    60.0%     0.0%   2.0926   0.0029     1.1%
    89     5.9s    0.0000    25.0%    25.0%    69.1%      10%/10%/80%    1.146    0.359    65.0%     0.0%   2.1948   0.0045     1.1%
    90    11.7s    0.0028     0.0%     0.0%    35.6%       11%/7%/83%    0.000    0.597   100.0%     0.0%   2.4133   0.0049     1.1%
  [MA20] reward=0.0029 task_sr=21.7% miss=71.3% time_limit=0.0% v2v=75.7%
  [RWRD] r_prog=0.0632 r_term=-0.0353 r_illegal=0.0000
  [PPO ] p_loss=-3.88e-05 v_loss=0.5729 entropy=2.4133 grad=4.5492 active=100.0%
  [SIM ] avg_power(a)=0.5106 rsu_q=0.000 tx=108 no_tx=13 deadlock=0 svc=0.000GHz idle=0.0%
    91    11.1s    0.0015     5.0%     5.0%    34.7%      16%/11%/74%    1.335    0.425    90.0%     0.0%   2.3629   0.0001     1.1%
    92     9.3s    0.0033    10.0%    10.0%    59.5%      13%/11%/76%    1.668    0.473    75.0%     0.0%   2.0887   0.0043     1.0%
    93    21.5s    0.0023     5.0%     5.0%    41.3%      15%/10%/76%    2.527    0.580    80.0%     0.0%   2.3507   0.0007     1.1%
    94    11.3s    0.0032    15.0%    15.0%    54.5%      11%/11%/78%    2.150    0.544    75.0%     0.0%   2.2807  -0.0016     1.8%
    95     5.2s    0.0006    25.0%    25.0%    60.4%      15%/12%/74%    0.934    0.391    65.0%     0.0%   2.0916   0.0034     1.2%
    96    25.4s    0.0020     5.0%     5.0%    33.2%      10%/13%/77%    2.066    0.499    95.0%     0.0%   2.3071 -2.30e-05     1.2%
    97    12.2s    0.0029     0.0%     0.0%    52.4%       7%/12%/81%    0.000    0.487   100.0%     0.0%   2.3647   0.0004     1.6%
    98    25.9s    0.0041     0.0%     0.0%    22.7%       3%/10%/88%    0.000    0.637    95.0%     0.0%   3.1024   0.0074     1.1%
    99    11.5s    0.0025    10.0%    10.0%    56.2%      15%/15%/71%    1.831    0.429    90.0%     0.0%   2.0996   0.0026     0.8%
   100    19.0s    0.0030     5.0%     5.0%    48.8%      19%/12%/69%    2.285    0.479    90.0%     0.0%   2.3119   0.0043     1.4%
  [MA20] reward=0.0027 task_sr=17.8% miss=75.0% time_limit=0.0% v2v=75.4%
  [RWRD] r_prog=0.0554 r_term=-0.0250 r_illegal=0.0000
  [PPO ] p_loss=-0.0133 v_loss=0.7194 entropy=2.3119 grad=5.7458 active=100.0%
  [SIM ] avg_power(a)=0.5090 rsu_q=0.289 tx=129 no_tx=34 deadlock=0 svc=0.000GHz idle=0.0%
  [Checkpoint] saved: ep0100.pth

    Ep    Wall    R/step     T_SR     V_SR     S_SR            L/R/V   Lat(s)       En     Miss      Ill      Ent       KL     Clip
--------------------------------------------------------------------------------------------------------------------------------
   101    22.7s    0.0041    15.0%    15.0%    41.5%      13%/15%/71%    2.479    0.569    85.0%     0.0%   2.4098   0.0062     1.0%
   102    12.5s    0.0026     5.0%     5.0%    34.3%       18%/7%/75%    1.521    0.537    80.0%     0.0%   2.3047   0.0061     0.7%
   103     6.5s    0.0037    35.0%    35.0%    64.1%       10%/9%/80%    1.127    0.470    65.0%     0.0%   2.4275   0.0054     0.9%
   104    10.5s    0.0023     0.0%     0.0%    57.4%      11%/15%/75%    0.000    0.348    95.0%     0.0%   2.2053   0.0021     1.2%
   105    12.4s    0.0015     5.0%     5.0%    52.0%      17%/12%/71%    2.152    0.536    95.0%     0.0%   2.2856   0.0073     1.1%
   106    10.8s    0.0007     0.0%     0.0%    46.4%       9%/10%/80%    0.000    0.397    90.0%     0.0%   2.3685  -0.0009     1.2%
   107    10.8s    0.0032    20.0%    20.0%    57.4%      14%/16%/70%    1.927    0.504    70.0%     0.0%   2.1160   0.0029     1.1%
   108    19.5s    0.0026     0.0%     0.0%    41.3%      11%/17%/73%    0.000    0.492   100.0%     0.0%   2.3330   0.0051     1.6%
   109    17.8s    0.0032    10.0%    10.0%    53.2%      12%/16%/71%    2.471    0.473    80.0%     0.0%   2.2240   0.0073     1.2%
   110    10.2s    0.0027    15.0%    15.0%    57.8%      11%/13%/76%    1.938    0.356    85.0%     0.0%   2.1460  -0.0007     1.2%
  [MA20] reward=0.0026 task_sr=9.2% miss=85.0% time_limit=0.0% v2v=75.2%
  [RWRD] r_prog=0.0507 r_term=-0.0236 r_illegal=0.0000
  [PPO ] p_loss=-0.0008 v_loss=0.6465 entropy=2.1460 grad=8.2607 active=100.0%
  [SIM ] avg_power(a)=0.4972 rsu_q=0.207 tx=133 no_tx=18 deadlock=0 svc=0.000GHz idle=0.0%
   111    33.2s    0.0039     5.0%     5.0%    32.5%      11%/13%/75%    3.299    0.505    95.0%     0.0%   2.7755   0.0049     1.2%
   112     5.8s    0.0016    30.0%    30.0%    72.0%      11%/15%/75%    1.357    0.434    65.0%     0.0%   2.3239   0.0054     0.9%
   113    12.0s    0.0026     5.0%     5.0%    47.1%       9%/11%/80%    2.434    0.546    90.0%     0.0%   2.3093   0.0070     0.7%
   114    25.4s    0.0035     0.0%     0.0%    24.5%        5%/7%/88%    0.000    0.505   100.0%     0.0%   3.0650   0.0063     1.5%
   115    13.3s    0.0017     0.0%     0.0%    50.0%      15%/15%/70%    0.000    0.454    95.0%     0.0%   2.2877   0.0034     1.2%
   116    10.3s    0.0009     0.0%     0.0%    41.4%      16%/12%/72%    0.000    0.476    95.0%     0.0%   2.2707  -0.0012     0.9%
   117     5.4s    0.0023    45.0%    45.0%    78.5%      13%/11%/76%    1.230    0.306    50.0%     0.0%   2.2087  -0.0021     1.0%
   118     9.9s    0.0029    20.0%    20.0%    67.0%      13%/13%/74%    2.085    0.285    75.0%     0.0%   2.0618   0.0030     0.9%
   119    18.6s    0.0018    15.0%    15.0%    51.2%      18%/16%/66%    2.755    0.429    75.0%     0.0%   2.1011   0.0014     0.6%
   120    29.1s    0.0021     5.0%     5.0%    42.5%      13%/17%/70%    2.490    0.580    95.0%     0.0%   2.5233  -0.0011     1.4%
  [MA20] reward=0.0025 task_sr=11.5% miss=84.0% time_limit=0.0% v2v=74.4%
  [RWRD] r_prog=0.0450 r_term=-0.0237 r_illegal=0.0000
  [PPO ] p_loss=0.0083 v_loss=0.5460 entropy=2.5233 grad=3.0717 active=100.0%
  [SIM ] avg_power(a)=0.5139 rsu_q=0.500 tx=138 no_tx=22 deadlock=0 svc=0.000GHz idle=0.0%

    Ep    Wall    R/step     T_SR     V_SR     S_SR            L/R/V   Lat(s)       En     Miss      Ill      Ent       KL     Clip
--------------------------------------------------------------------------------------------------------------------------------
   121    14.4s    0.0033     5.0%     5.0%    42.0%       10%/6%/84%    2.493    0.567    95.0%     0.0%   2.5313   0.0033     1.5%
   122    10.9s    0.0021    10.0%    10.0%    59.0%       15%/9%/75%    2.164    0.397    90.0%     0.0%   2.2296   0.0036     1.2%
   123    12.8s    0.0010     5.0%     5.0%    47.8%      10%/12%/78%    2.324    0.433    95.0%     0.0%   2.2406   0.0059     0.9%
   124    18.4s    0.0023     0.0%     0.0%    38.6%      12%/15%/73%    0.000    0.492    90.0%     0.0%   2.3177   0.0030     1.1%
   125    10.5s    0.0022     0.0%     0.0%    53.8%      11%/14%/74%    0.000    0.587    95.0%     0.0%   2.3405   0.0033     0.8%
   126    20.7s    0.0036     5.0%     5.0%    47.5%      17%/15%/68%    2.944    0.535    95.0%     0.0%   2.1306   0.0064     0.8%
   127    10.6s    0.0020     0.0%     0.0%    52.5%       8%/13%/79%    0.000    0.520   100.0%     0.0%   2.3067   0.0075     1.2%
   128    13.3s    0.0026    15.0%    15.0%    56.1%      12%/16%/72%    2.003    0.438    75.0%     0.0%   2.3232   0.0100     3.1%
   129     5.2s    0.0014    35.0%    35.0%    70.7%      19%/17%/64%    0.750    0.274    65.0%     0.0%   1.9846   0.0027     0.5%
   130    23.2s    0.0031     0.0%     0.0%    19.8%        7%/8%/85%    0.000    0.549   100.0%     0.0%   3.0244   0.0027     2.1%
  [MA20] reward=0.0023 task_sr=10.0% miss=86.8% time_limit=0.0% v2v=74.9%
  [RWRD] r_prog=0.0670 r_term=-0.0365 r_illegal=0.0000
  [PPO ] p_loss=0.0161 v_loss=0.7209 entropy=3.0244 grad=7.0450 active=100.0%
  [SIM ] avg_power(a)=0.4612 rsu_q=0.286 tx=91 no_tx=7 deadlock=0 svc=0.000GHz idle=0.0%
   131     5.3s    0.0016    45.0%    45.0%    80.1%      11%/20%/69%    0.920    0.218    35.0%     0.0%   2.2256   0.0109     1.3%
   132     6.8s   -0.0005    15.0%    15.0%    49.2%       7%/12%/81%    1.606    0.444    85.0%     0.0%   2.3077  -0.0018     2.0%
   133    11.4s    0.0039     0.0%     0.0%    42.2%      12%/15%/73%    0.000    0.571    95.0%     0.0%   2.2890   0.0055     2.1%
   134    17.2s    0.0015     0.0%     0.0%    34.7%      11%/14%/75%    0.000    0.552    95.0%     0.0%   2.1523   0.0055     1.1%
   135     9.9s    0.0012     5.0%     5.0%    53.2%      15%/12%/73%    1.084    0.430    85.0%     0.0%   2.0980   0.0037     1.5%
   136    16.6s    0.0034    20.0%    20.0%    42.9%      13%/17%/70%    1.768    0.451    80.0%     0.0%   2.5250  -0.0022     1.6%
   137    12.8s    0.0030     0.0%     0.0%    42.7%       9%/15%/75%    0.000    0.538    95.0%     0.0%   2.3439   0.0020     2.6%
   138    20.2s    0.0025    10.0%    10.0%    39.4%      13%/15%/72%    3.268    0.415    85.0%     0.0%   2.2005   0.0057     1.2%
   139    10.9s    0.0034     0.0%     0.0%    48.8%      14%/12%/74%    0.000    0.506   100.0%     0.0%   2.2652  -0.0032     1.1%
   140     8.7s    0.0016    10.0%    10.0%    57.4%      18%/12%/71%    2.169    0.348    75.0%     0.0%   2.1753   0.0036     0.7%
  [MA20] reward=0.0023 task_sr=9.0% miss=86.5% time_limit=0.0% v2v=74.3%
  [RWRD] r_prog=0.0489 r_term=-0.0328 r_illegal=0.0000
  [PPO ] p_loss=0.0034 v_loss=0.6966 entropy=2.1753 grad=6.0903 active=100.0%
  [SIM ] avg_power(a)=0.4499 rsu_q=0.483 tx=107 no_tx=27 deadlock=0 svc=0.000GHz idle=0.0%

    Ep    Wall    R/step     T_SR     V_SR     S_SR            L/R/V   Lat(s)       En     Miss      Ill      Ent       KL     Clip
--------------------------------------------------------------------------------------------------------------------------------
   141    15.7s    0.0031     0.0%     0.0%    46.1%       12%/9%/79%    0.000    0.423    85.0%     0.0%   2.1977   0.0032     0.9%
   142    33.8s    0.0025     0.0%     0.0%    20.2%        6%/6%/88%    0.000    0.468   100.0%     0.0%   3.0356   0.0043     1.3%
   143     5.3s    0.0020    45.0%    45.0%    72.7%      15%/18%/68%    1.199    0.300    55.0%     0.0%   2.2194   0.0024     0.9%
   144     8.6s    0.0019    25.0%    25.0%    58.6%       5%/14%/81%    0.972    0.383    60.0%     0.0%   2.6767   0.0010     1.2%
   145    12.1s    0.0019     0.0%     0.0%    41.5%       9%/10%/81%    0.000    0.553   100.0%     0.0%   2.4073   0.0052     1.3%
   146    11.4s    0.0015     0.0%     0.0%    45.6%      10%/12%/78%    0.000    0.424    90.0%     0.0%   2.3731   0.0087     1.3%
   147    12.0s    0.0038     0.0%     0.0%    41.1%       7%/11%/82%    0.000    0.612   100.0%     0.0%   2.4365   0.0045     1.4%
   148    11.0s    0.0020     0.0%     0.0%    53.1%      15%/10%/75%    0.000    0.412    90.0%     0.0%   2.2795   0.0041     2.7%
   149    10.9s    0.0038    10.0%    10.0%    55.2%      12%/15%/73%    1.919    0.422    85.0%     0.0%   2.3188   0.0030     0.9%
   150    10.3s    0.0028     0.0%     0.0%    48.0%       18%/7%/75%    0.000    0.483   100.0%     0.0%   2.1662   0.0034     1.2%
  [MA20] reward=0.0023 task_sr=9.2% miss=84.7% time_limit=0.0% v2v=75.7%
  [RWRD] r_prog=0.0635 r_term=-0.0352 r_illegal=0.0000
  [PPO ] p_loss=-0.0033 v_loss=0.5489 entropy=2.1662 grad=2.2489 active=100.0%
  [SIM ] avg_power(a)=0.4257 rsu_q=0.172 tx=108 no_tx=25 deadlock=0 svc=0.000GHz idle=0.0%
   151    16.1s    0.0042    15.0%    15.0%    42.5%      14%/15%/71%    1.489    0.522    85.0%     0.0%   2.4379   0.0011     1.4%
   152    11.8s    0.0021     0.0%     0.0%    29.9%        9%/9%/82%    0.000    0.456    95.0%     0.0%   2.2949   0.0071     0.9%
   153    19.3s    0.0039     0.0%     0.0%    34.4%       6%/10%/84%    0.000    0.513    95.0%     0.0%   2.3451   0.0066     0.7%
   154    18.8s    0.0022    10.0%    10.0%    50.4%      13%/19%/68%    2.665    0.453    80.0%     0.0%   2.2562   0.0068     0.6%
   155    15.2s    0.0016    10.0%    10.0%    49.0%      16%/13%/71%    1.981    0.487    90.0%     0.0%   2.3563   0.0050     0.8%
   156    17.9s    0.0027     0.0%     0.0%    42.0%       9%/18%/74%    0.000    0.541    95.0%     0.0%   2.3722   0.0011     1.2%
   157    11.9s    0.0020     0.0%     0.0%    43.7%       12%/9%/78%    0.000    0.394    95.0%     0.0%   2.3067   0.0056     0.9%
   158    12.4s    0.0043     0.0%     0.0%    48.2%       4%/10%/85%    0.000    0.571    85.0%     0.0%   2.4757  -0.0021     0.8%
   159    13.2s    0.0035     5.0%     5.0%    62.3%      18%/16%/66%    2.741    0.400    90.0%     0.0%   1.9218  -0.0005     0.5%
   160     6.4s    0.0012    25.0%    25.0%    68.7%       6%/16%/78%    1.044    0.450    75.0%     0.0%   2.4526   0.0057     0.4%
  [MA20] reward=0.0026 task_sr=7.2% miss=87.5% time_limit=0.0% v2v=76.9%
  [RWRD] r_prog=0.0280 r_term=-0.0162 r_illegal=0.0000
  [PPO ] p_loss=0.0383 v_loss=0.8385 entropy=2.4526 grad=6.5765 active=100.0%
  [SIM ] avg_power(a)=0.4208 rsu_q=0.000 tx=107 no_tx=7 deadlock=0 svc=0.000GHz idle=0.0%

    Ep    Wall    R/step     T_SR     V_SR     S_SR            L/R/V   Lat(s)       En     Miss      Ill      Ent       KL     Clip
--------------------------------------------------------------------------------------------------------------------------------
   161     5.1s    0.0043    60.0%    60.0%    83.7%      11%/12%/77%    1.106    0.187    35.0%     0.0%   2.1335   0.0084     0.2%
   162    21.0s    0.0021    20.0%    20.0%    44.2%      10%/18%/73%    2.753    0.341    80.0%     0.0%   2.2761   0.0022     0.5%
   163    18.8s    0.0011     0.0%     0.0%    32.7%       8%/15%/77%    0.000    0.565    95.0%     0.0%   2.2953   0.0075     0.4%
   164    16.3s    0.0030    20.0%    20.0%    55.1%       9%/12%/79%    2.888    0.391    60.0%     0.0%   2.2749   0.0034     0.4%
   165     8.9s    0.0013    10.0%    10.0%    55.2%      13%/11%/76%    2.035    0.328    80.0%     0.0%   2.2098   0.0043     0.9%
   166    12.4s    0.0027     5.0%     5.0%    49.0%      12%/13%/75%    2.028    0.388    90.0%     0.0%   2.3733   0.0018     1.1%
   167     7.3s   -0.0006     0.0%     0.0%    46.7%        7%/9%/84%    0.000    0.634   100.0%     0.0%   2.3826   0.0003     0.7%
   168    19.2s    0.0021    10.0%    10.0%    45.2%       8%/14%/78%    2.698    0.491    80.0%     0.0%   2.3766   0.0020     0.7%
   169     4.3s    0.0066    95.0%    95.0%    98.5%       8%/15%/77%    1.153    0.200     0.0%     0.0%   2.1379   0.0064     0.5%
   170    11.8s    0.0023     5.0%     5.0%    54.7%      10%/14%/76%    2.213    0.448    95.0%     0.0%   2.3665   0.0025     0.8%
  [MA20] reward=0.0026 task_sr=14.5% miss=80.0% time_limit=0.0% v2v=76.5%
  [RWRD] r_prog=0.0549 r_term=-0.0316 r_illegal=0.0000
  [PPO ] p_loss=-0.0052 v_loss=0.6088 entropy=2.3665 grad=3.4092 active=100.0%
  [SIM ] avg_power(a)=0.3925 rsu_q=0.034 tx=132 no_tx=15 deadlock=0 svc=0.000GHz idle=0.0%
   171     9.5s    0.0017    10.0%    10.0%    53.1%      11%/10%/78%    0.614    0.504    90.0%     0.0%   2.6956   0.0011     0.7%
   172     5.8s    0.0009    25.0%    25.0%    58.9%      14%/10%/76%    0.903    0.403    75.0%     0.0%   2.3005  -0.0016     0.4%
   173     7.2s    0.0009    25.0%    25.0%    65.6%      11%/15%/73%    1.038    0.301    70.0%     0.0%   2.4830   0.0034     0.5%
   174     5.8s    0.0020    35.0%    35.0%    64.3%       8%/14%/79%    0.804    0.261    60.0%     0.0%   2.2012   0.0074     0.3%
   175    11.8s    0.0028    15.0%    15.0%    42.0%      11%/15%/74%    0.991    0.450    85.0%     0.0%   2.6943   0.0147     0.8%
   176     7.0s    0.0024    45.0%    45.0%    82.1%      12%/14%/74%    1.115    0.291    55.0%     0.0%   2.2552   0.0085     0.9%
   177     8.9s    0.0024    25.0%    25.0%    64.8%       9%/12%/79%    2.117    0.238    50.0%     0.0%   2.0665  -0.0002     0.5%
   178     6.4s    0.0001    15.0%    15.0%    66.9%      11%/10%/78%    0.680    0.433    80.0%     0.0%   2.2156   0.0006     0.3%
   179    11.5s    0.0044    20.0%    20.0%    62.9%       9%/16%/75%    2.391    0.454    80.0%     0.0%   2.1702   0.0020     0.5%
   180    12.5s    0.0022     5.0%     5.0%    39.6%      10%/13%/77%    2.128    0.557    95.0%     0.0%   2.4100   0.0055     0.4%
  [MA20] reward=0.0022 task_sr=22.2% miss=72.8% time_limit=0.0% v2v=76.7%
  [RWRD] r_prog=0.0549 r_term=-0.0327 r_illegal=0.0000
  [PPO ] p_loss=0.0114 v_loss=0.6041 entropy=2.4100 grad=7.2643 active=100.0%
  [SIM ] avg_power(a)=0.3594 rsu_q=0.214 tx=114 no_tx=13 deadlock=0 svc=0.000GHz idle=0.0%

    Ep    Wall    R/step     T_SR     V_SR     S_SR            L/R/V   Lat(s)       En     Miss      Ill      Ent       KL     Clip
--------------------------------------------------------------------------------------------------------------------------------
   181    22.7s    0.0033     0.0%     0.0%    34.5%       5%/11%/84%    0.000    0.598   100.0%     0.0%   3.0171   0.0041     0.9%
   182    34.4s    0.0021     5.0%     5.0%    25.3%      10%/13%/78%    2.147    0.610    95.0%     0.0%   2.8226   0.0026     0.5%
   183    11.7s    0.0020     0.0%     0.0%    49.0%      10%/15%/75%    0.000    0.554   100.0%     0.0%   2.2574   0.0061     0.5%
   184    11.3s    0.0033     5.0%     5.0%    56.7%      13%/10%/77%    2.220    0.404    80.0%     0.0%   2.2648   0.0095     0.6%
   185    20.2s    0.0017     5.0%     5.0%    49.0%      17%/12%/71%    3.401    0.481    95.0%     0.0%   2.1368   0.0065     0.5%
   186     7.8s    0.0008    20.0%    20.0%    74.1%       5%/10%/85%    1.356    0.370    65.0%     0.0%   2.5933   0.0052     0.3%
   187    11.7s    0.0032    15.0%    15.0%    59.0%       15%/8%/77%    2.379    0.369    80.0%     0.0%   2.4221  -0.0020     1.3%
   188     5.8s   -0.0008    10.0%    10.0%    61.3%      14%/13%/73%    1.474    0.492    90.0%     0.0%   2.3280  -0.0047     0.6%
   189    12.7s    0.0030     0.0%     0.0%    32.9%       13%/7%/80%    0.000    0.643   100.0%     0.0%   2.4130   0.0042     0.7%
   190    10.9s    0.0023     0.0%     0.0%    53.3%        8%/4%/87%    0.000    0.507   100.0%     0.0%   2.2725   0.0032     0.4%
  [MA20] reward=0.0020 task_sr=14.0% miss=82.3% time_limit=0.0% v2v=77.5%
  [RWRD] r_prog=0.0579 r_term=-0.0352 r_illegal=0.0000
  [PPO ] p_loss=0.0098 v_loss=0.6397 entropy=2.2725 grad=4.4316 active=100.0%
  [SIM ] avg_power(a)=0.3882 rsu_q=0.000 tx=134 no_tx=13 deadlock=0 svc=0.000GHz idle=0.0%
   191    13.4s    0.0029    10.0%    10.0%    50.2%      16%/16%/68%    1.454    0.483    90.0%     0.0%   2.4111  -0.0033     1.1%
   192     4.8s    0.0045    60.0%    60.0%    84.2%      19%/12%/69%    1.101    0.210    35.0%     0.0%   2.1723   0.0045     0.3%
   193     5.2s    0.0027    50.0%    50.0%    72.7%      18%/15%/67%    1.015    0.175    50.0%     0.0%   2.0969   0.0051     0.5%
   194    19.4s    0.0030     5.0%     5.0%    43.8%      11%/14%/75%    1.809    0.518    90.0%     0.0%   2.2235  -0.0019     0.7%
  [LateGuard] restore best_model at ep194 (drop=0.194, freeze=False)
   195     5.1s    0.0028    50.0%    50.0%    74.0%      11%/19%/69%    1.011    0.229    40.0%     0.0%   2.1923   0.0019     1.7%
   196    19.6s    0.0037    10.0%    10.0%    37.8%      12%/10%/78%    3.125    0.500    85.0%     0.0%   2.1513   0.0035     1.2%
   197     5.1s    0.0007    20.0%    20.0%    73.5%       12%/6%/82%    1.251    0.329    60.0%     0.0%   2.2130  -0.0046     1.1%
   198    10.4s    0.0007     5.0%     5.0%    60.0%      16%/15%/69%    1.956    0.459    90.0%     0.0%   2.1764   0.0068     1.7%
   199    13.6s    0.0013    15.0%    15.0%    44.7%      11%/17%/71%    1.897    0.499    75.0%     0.0%   2.3894   0.0031     1.9%
   200    10.6s    0.0017     0.0%     0.0%    42.2%       11%/6%/82%    0.000    0.482    95.0%     0.0%   2.3723   0.0026     2.3%
  [MA20] reward=0.0022 task_sr=14.3% miss=80.7% time_limit=0.0% v2v=75.9%
  [RWRD] r_prog=0.0538 r_term=-0.0370 r_illegal=0.0000
  [PPO ] p_loss=0.0072 v_loss=0.7864 entropy=2.3723 grad=7.4914 active=100.0%
  [SIM ] avg_power(a)=0.4917 rsu_q=0.069 tx=112 no_tx=16 deadlock=0 svc=0.000GHz idle=0.0%
  [Checkpoint] saved: ep0200.pth

    Ep    Wall    R/step     T_SR     V_SR     S_SR            L/R/V   Lat(s)       En     Miss      Ill      Ent       KL     Clip
--------------------------------------------------------------------------------------------------------------------------------
   201    10.4s    0.0033    10.0%    10.0%    41.5%      16%/15%/69%    1.032    0.449    90.0%     0.0%   2.1672   0.0059     2.2%
   202     5.5s    0.0034    50.0%    50.0%    72.3%       16%/7%/78%    1.137    0.322    45.0%     0.0%   2.2677   0.0022     1.2%
   203    11.0s    0.0029    10.0%    10.0%    54.3%      12%/17%/71%    2.082    0.477    85.0%     0.0%   2.1973   0.0060     1.8%
   204    22.3s    0.0025     0.0%     0.0%    49.5%      11%/14%/74%    0.000    0.537   100.0%     0.0%   2.1423   0.0037     1.2%
   205    19.1s    0.0008     5.0%     5.0%    40.3%       5%/13%/82%    1.952    0.477    95.0%     0.0%   2.7815   0.0024     2.1%
   206    12.0s    0.0011     0.0%     0.0%    39.2%       11%/8%/80%    0.000    0.525    95.0%     0.0%   2.2900   0.0042     1.6%
   207    13.0s    0.0029    15.0%    15.0%    47.2%       9%/14%/77%    1.944    0.484    85.0%     0.0%   2.3968   0.0016     1.8%
   208    13.4s    0.0039    20.0%    20.0%    41.8%      11%/11%/77%    2.241    0.517    80.0%     0.0%   2.5303   0.0096     1.1%
   209     4.8s    0.0023    50.0%    50.0%    76.4%      16%/15%/69%    1.089    0.203    45.0%     0.0%   2.0787   0.0020     0.8%
   210    10.2s    0.0027    10.0%    10.0%    62.1%      16%/14%/70%    1.866    0.421    85.0%     0.0%   2.1246   0.0022     0.6%
  [MA20] reward=0.0025 task_sr=19.8% miss=75.8% time_limit=0.0% v2v=73.9%
  [RWRD] r_prog=0.0574 r_term=-0.0301 r_illegal=0.0000
  [PPO ] p_loss=0.0043 v_loss=0.5895 entropy=2.1246 grad=7.3328 active=100.0%
  [SIM ] avg_power(a)=0.5051 rsu_q=0.250 tx=130 no_tx=26 deadlock=0 svc=0.000GHz idle=0.0%
   211     5.6s    0.0034    45.0%    45.0%    64.3%       9%/10%/81%    1.372    0.364    50.0%     0.0%   2.3400   0.0026     0.9%
   212    22.1s    0.0021     0.0%     0.0%    23.2%        6%/9%/85%    0.000    0.532    95.0%     0.0%   3.0396   0.0084     1.2%
   213    11.8s    0.0017     5.0%     5.0%    51.3%      11%/18%/71%    1.681    0.442    95.0%     0.0%   2.2933   0.0036     1.2%
   214    13.6s    0.0044     5.0%     5.0%    53.2%      10%/11%/79%    1.809    0.466    95.0%     0.0%   2.1705   0.0052     1.1%
   215     7.9s    0.0017    20.0%    20.0%    60.2%      12%/10%/79%    1.200    0.429    75.0%     0.0%   2.4753   0.0024     1.2%
   216    20.2s    0.0034     0.0%     0.0%    36.4%       13%/8%/79%    0.000    0.511   100.0%     0.0%   2.3446   0.0081     1.1%
   217     7.5s    0.0030    35.0%    35.0%    52.3%       13%/8%/79%    0.896    0.358    65.0%     0.0%   2.4500   0.0071     0.4%
   218    11.3s    0.0034     5.0%     5.0%    44.6%       6%/11%/82%    1.557    0.429    95.0%     0.0%   2.2962   0.0042     1.1%
   219     5.0s    0.0033    45.0%    45.0%    76.2%       8%/17%/75%    1.534    0.303    50.0%     0.0%   2.1561   0.0089     1.5%
   220    28.0s    0.0023     0.0%     0.0%    26.6%       6%/10%/84%    0.000    0.651   100.0%     0.0%   2.4982  -0.0001     2.1%
  [MA20] reward=0.0027 task_sr=16.5% miss=81.2% time_limit=0.0% v2v=77.0%
  [RWRD] r_prog=0.0482 r_term=-0.0254 r_illegal=0.0000
  [PPO ] p_loss=-0.0055 v_loss=0.5805 entropy=2.4982 grad=3.0673 active=100.0%
  [SIM ] avg_power(a)=0.5029 rsu_q=0.350 tx=117 no_tx=8 deadlock=0 svc=0.000GHz idle=0.0%

    Ep    Wall    R/step     T_SR     V_SR     S_SR            L/R/V   Lat(s)       En     Miss      Ill      Ent       KL     Clip
--------------------------------------------------------------------------------------------------------------------------------
   221    11.9s    0.0038     0.0%     0.0%    49.0%       8%/15%/77%    0.000    0.540   100.0%     0.0%   2.4193   0.0040     1.9%
   222    12.5s    0.0024     0.0%     0.0%    42.4%       10%/7%/83%    0.000    0.516   100.0%     0.0%   2.4933   0.0034     1.7%
   223    11.5s    0.0026    10.0%    10.0%    51.5%      15%/13%/72%    1.895    0.514    90.0%     0.0%   2.2547   0.0083     0.9%
   224    11.9s    0.0039     0.0%     0.0%    41.3%       7%/12%/81%    0.000    0.584   100.0%     0.0%   2.4364   0.0090     1.2%
   225     5.5s    0.0024    45.0%    45.0%    79.1%      11%/16%/73%    1.184    0.271    50.0%     0.0%   2.2025   0.0002     0.9%
   226     6.0s    0.0018    15.0%    15.0%    51.1%       7%/11%/82%    0.992    0.401    85.0%     0.0%   2.2186   0.0037     1.2%
   227     5.3s    0.0015    45.0%    45.0%    73.1%       14%/6%/80%    1.471    0.349    40.0%     0.0%   2.3514   0.0032     0.5%
   228     9.1s    0.0010     0.0%     0.0%    61.0%      14%/16%/69%    0.000    0.466    85.0%     0.0%   2.0997   0.0015     1.0%
   229    18.6s    0.0009     0.0%     0.0%    32.3%      10%/16%/74%    0.000    0.497    90.0%     0.0%   2.8560   0.0081     1.2%
   230    11.4s    0.0035    25.0%    25.0%    65.6%      15%/15%/70%    2.114    0.420    65.0%     0.0%   2.2850   0.0025     0.5%
  [MA20] reward=0.0026 task_sr=15.0% miss=81.2% time_limit=0.0% v2v=77.7%
  [RWRD] r_prog=0.0535 r_term=-0.0187 r_illegal=0.0000
  [PPO ] p_loss=-0.0084 v_loss=0.7156 entropy=2.2850 grad=5.8939 active=100.0%
  [SIM ] avg_power(a)=0.4738 rsu_q=0.267 tx=128 no_tx=26 deadlock=0 svc=0.000GHz idle=0.0%
   231     6.7s    0.0025    30.0%    30.0%    70.4%      11%/15%/74%    1.555    0.310    65.0%     0.0%   2.3544   0.0033     0.2%
   232     5.7s    0.0027    30.0%    30.0%    60.0%      11%/14%/75%    0.910    0.383    70.0%     0.0%   2.2112   0.0066     0.3%
   233    11.7s    0.0014     0.0%     0.0%    50.0%      12%/15%/73%    0.000    0.479    90.0%     0.0%   2.3423   0.0067     0.4%
   234    20.6s    0.0032     5.0%     5.0%    27.4%       8%/12%/79%    1.546    0.630    95.0%     0.0%   2.8997   0.0078     0.8%
   235    21.3s    0.0019     0.0%     0.0%    35.5%       11%/9%/80%    0.000    0.676   100.0%     0.0%   2.4949   0.0054     0.6%
   236    10.5s    0.0021     5.0%     5.0%    59.0%      14%/20%/66%    2.015    0.433    90.0%     0.0%   2.0875   0.0044     0.6%
   237     6.0s    0.0006    30.0%    30.0%    67.4%      10%/18%/72%    0.934    0.288    55.0%     0.0%   2.3542   0.0037     0.6%
   238    22.1s    0.0027     0.0%     0.0%    25.9%       7%/10%/83%    0.000    0.488    95.0%     0.0%   2.9012   0.0019     1.4%
   239     5.7s    0.0019    35.0%    35.0%    72.1%      14%/13%/73%    1.151    0.292    65.0%     0.0%   2.2002   0.0067     0.8%
   240    12.5s    0.0028    10.0%    10.0%    58.5%      10%/14%/76%    2.146    0.319    80.0%     0.0%   2.2259   0.0052     0.9%
  [MA20] reward=0.0023 task_sr=14.2% miss=80.5% time_limit=0.0% v2v=75.6%
  [RWRD] r_prog=0.0577 r_term=-0.0302 r_illegal=0.0000
  [PPO ] p_loss=0.0126 v_loss=0.7701 entropy=2.2259 grad=3.7387 active=100.0%
  [SIM ] avg_power(a)=0.4631 rsu_q=0.179 tx=134 no_tx=18 deadlock=0 svc=0.000GHz idle=0.0%

    Ep    Wall    R/step     T_SR     V_SR     S_SR            L/R/V   Lat(s)       En     Miss      Ill      Ent       KL     Clip
--------------------------------------------------------------------------------------------------------------------------------
   241    10.4s    0.0012     0.0%     0.0%    61.3%      14%/13%/72%    0.000    0.410    90.0%     0.0%   2.3195   0.0091     0.5%
   242    10.8s    0.0029     0.0%     0.0%    47.7%      12%/11%/77%    0.000    0.417    95.0%     0.0%   2.2134  -0.0003     0.5%
   243    15.6s    0.0021     0.0%     0.0%    50.0%      12%/16%/73%    3.750    0.451    95.0%     0.0%   2.2059   0.0060     0.9%
   244    11.3s    0.0024     5.0%     5.0%    57.4%      12%/12%/76%    2.653    0.430    85.0%     0.0%   2.2180   0.0034     0.6%
   245     4.6s    0.0025    35.0%    35.0%    70.7%      10%/10%/80%    0.898    0.270    60.0%     0.0%   2.1770   0.0058     0.5%
   246    12.8s   -0.0007     5.0%     5.0%    39.4%       5%/15%/80%    0.528    0.389    95.0%     0.0%   2.9360  -0.0015     1.3%
   247    11.9s    0.0027     0.0%     0.0%    41.9%       10%/9%/80%    0.000    0.536   100.0%     0.0%   2.4498   0.0072     0.9%
   248    11.0s    0.0038     0.0%     0.0%    43.4%       10%/9%/81%    0.000    0.464   100.0%     0.0%   2.3825   0.0035     0.8%
   249    12.2s    0.0019     5.0%     5.0%    45.9%       8%/15%/77%    1.657    0.424    80.0%     0.0%   2.2206   0.0030     0.8%
   250     6.0s    0.0017    25.0%    25.0%    61.1%       12%/9%/79%    1.066    0.516    70.0%     0.0%   2.4087   0.0036     0.4%
  [MA20] reward=0.0021 task_sr=11.0% miss=83.8% time_limit=0.0% v2v=76.2%
  [RWRD] r_prog=0.0363 r_term=-0.0196 r_illegal=0.0000
  [PPO ] p_loss=-0.0096 v_loss=0.7661 entropy=2.4087 grad=7.6997 active=100.0%
  [SIM ] avg_power(a)=0.4931 rsu_q=0.000 tx=87 no_tx=14 deadlock=0 svc=0.000GHz idle=0.0%
   251    10.5s    0.0015     5.0%     5.0%    48.5%      12%/12%/76%    2.092    0.328    80.0%     0.0%   2.3362   0.0050     1.1%
   252    20.3s    0.0032     0.0%     0.0%    42.2%       9%/11%/80%    0.000    0.514    95.0%     0.0%   2.3683   0.0055     0.7%
   253     9.9s    0.0032    10.0%    10.0%    50.2%      12%/10%/78%    1.805    0.414    80.0%     0.0%   2.1967   0.0044     1.0%
   254    11.3s    0.0013     5.0%     5.0%    56.8%      14%/18%/69%    2.234    0.525    95.0%     0.0%   2.2811   0.0060     0.6%
   255    11.3s    0.0016     0.0%     0.0%    51.5%       9%/11%/79%    0.000    0.428    90.0%     0.0%   2.2683   0.0006     0.4%
   256    19.1s    0.0036    10.0%    10.0%    46.0%      13%/16%/71%    3.365    0.491    80.0%     0.0%   2.2266   0.0041     0.2%
  [LateGuard] restore best_model at ep256 (drop=0.295, freeze=False)
   257    15.9s    0.0025    10.0%    10.0%    40.7%      17%/14%/69%    1.286    0.561    90.0%     0.0%   2.5976   0.0024     1.1%
   258    11.0s    0.0024     0.0%     0.0%    50.8%      10%/13%/76%    0.000    0.475    95.0%     0.0%   2.2480   0.0054     1.0%
   259    10.5s    0.0022     5.0%     5.0%    60.8%      14%/14%/71%    2.562    0.463    90.0%     0.0%   2.2198   0.0069     1.0%
   260    11.5s    0.0016    10.0%    10.0%    57.0%       9%/15%/76%    2.099    0.405    80.0%     0.0%   2.3621   0.0005     1.7%
  [MA20] reward=0.0022 task_sr=6.5% miss=87.2% time_limit=0.0% v2v=76.0%
  [RWRD] r_prog=0.0480 r_term=-0.0322 r_illegal=0.0000
  [PPO ] p_loss=0.0008 v_loss=0.8561 entropy=2.3621 grad=5.4823 active=100.0%
  [SIM ] avg_power(a)=0.4903 rsu_q=0.107 tx=124 no_tx=15 deadlock=0 svc=0.000GHz idle=0.0%

    Ep    Wall    R/step     T_SR     V_SR     S_SR            L/R/V   Lat(s)       En     Miss      Ill      Ent       KL     Clip
--------------------------------------------------------------------------------------------------------------------------------
   261    13.1s    0.0039    30.0%    30.0%    65.5%      11%/14%/74%    1.948    0.405    65.0%     0.0%   2.3727   0.0011     0.9%
   262     9.7s    0.0021    15.0%    15.0%    60.6%      13%/17%/70%    2.177    0.414    75.0%     0.0%   2.1763   0.0059     0.7%
   263    11.3s    0.0023     0.0%     0.0%    47.9%      15%/11%/74%    0.000    0.480   100.0%     0.0%   2.3816   0.0048     0.9%
   264     5.1s    0.0045    60.0%    60.0%    78.0%       7%/17%/75%    1.069    0.209    40.0%     0.0%   2.2191   0.0069     0.6%
   265    12.3s    0.0020     0.0%     0.0%    42.6%      11%/11%/79%    0.000    0.603   100.0%     0.0%   2.4408   0.0021     0.7%
   266    10.0s    0.0027    30.0%    30.0%    66.5%      17%/16%/67%    1.872    0.362    65.0%     0.0%   2.2518   0.0051     0.8%
   267    21.6s    0.0035     5.0%     5.0%    38.4%       6%/13%/80%    1.189    0.553    95.0%     0.0%   2.9161   0.0053     0.9%
   268    20.7s    0.0033     5.0%     5.0%    37.6%       6%/12%/82%    2.128    0.520    95.0%     0.0%   2.8109   0.0032     1.4%
   269    19.8s    0.0022     0.0%     0.0%    30.9%      13%/12%/75%    0.000    0.516    95.0%     0.0%   2.3742   0.0053     0.6%
   270    15.6s    0.0035     5.0%     5.0%    34.7%      13%/12%/74%    1.035    0.516    90.0%     0.0%   2.5433   0.0058     0.4%
  [MA20] reward=0.0027 task_sr=10.2% miss=84.7% time_limit=0.0% v2v=74.8%
  [RWRD] r_prog=0.0687 r_term=-0.0336 r_illegal=0.0000
  [PPO ] p_loss=-0.0104 v_loss=0.7764 entropy=2.5433 grad=2.9913 active=100.0%
  [SIM ] avg_power(a)=0.5105 rsu_q=0.250 tx=100 no_tx=18 deadlock=0 svc=0.000GHz idle=0.0%
   271     5.6s    0.0011    30.0%    30.0%    71.3%       8%/17%/75%    0.865    0.374    70.0%     0.0%   2.2839  -0.0020     0.8%
  [LateGuard] restore best_model at ep271 (drop=0.350, freeze=False)
   272     5.0s    0.0009    40.0%    40.0%    73.8%      17%/12%/72%    1.486    0.353    60.0%     0.0%   2.1766   0.0069     0.9%
   273    16.1s    0.0043     0.0%     0.0%    36.0%       13%/7%/79%    0.000    0.555    90.0%     0.0%   2.1938   0.0036     0.9%
   274     8.8s    0.0052    35.0%    35.0%    68.7%      10%/17%/73%    2.097    0.392    60.0%     0.0%   2.0811   0.0024     0.9%
   275    26.7s    0.0014     5.0%     5.0%    39.9%      16%/11%/73%    1.530    0.462    95.0%     0.0%   2.5479   0.0068     1.1%
   276    22.1s    0.0036     5.0%     5.0%    28.0%      10%/13%/77%    1.157    0.574    95.0%     0.0%   2.9089   0.0096     0.9%
   277    10.2s    0.0011    10.0%    10.0%    68.0%      11%/12%/77%    2.473    0.407    65.0%     0.0%   2.2442  -0.0035     0.9%
   278    24.8s    0.0042     0.0%     0.0%    28.9%       9%/12%/79%    0.000    0.627   100.0%     0.0%   2.4861   0.0041     1.0%
   279    11.9s    0.0032    10.0%    10.0%    48.8%      14%/10%/76%    1.688    0.467    90.0%     0.0%   2.2460   0.0045     1.1%
   280    17.9s    0.0042     0.0%     0.0%    31.6%       10%/7%/82%    0.000    0.567    95.0%     0.0%   2.3017   0.0082     0.6%
  [MA20] reward=0.0030 task_sr=14.3% miss=82.0% time_limit=0.0% v2v=75.7%
  [RWRD] r_prog=0.0710 r_term=-0.0288 r_illegal=0.0000
  [PPO ] p_loss=-0.0032 v_loss=0.5496 entropy=2.3017 grad=4.5025 active=100.0%
  [SIM ] avg_power(a)=0.5067 rsu_q=0.054 tx=126 no_tx=16 deadlock=0 svc=0.000GHz idle=0.0%

    Ep    Wall    R/step     T_SR     V_SR     S_SR            L/R/V   Lat(s)       En     Miss      Ill      Ent       KL     Clip
--------------------------------------------------------------------------------------------------------------------------------
   281    13.9s    0.0031    15.0%    15.0%    49.0%      12%/15%/74%    1.860    0.442    80.0%     0.0%   2.2732  -0.0004     1.6%
   282    22.6s    0.0034     0.0%     0.0%    28.0%       8%/14%/78%    0.000    0.615    95.0%     0.0%   2.4397  -0.0004     1.8%
   283     6.5s    0.0002    20.0%    20.0%    72.2%      10%/10%/80%    1.389    0.436    75.0%     0.0%   2.2544   0.0062     0.8%
   284    22.4s    0.0029     0.0%     0.0%    33.8%      10%/10%/80%    0.000    0.587    95.0%     0.0%   2.3729   0.0034     1.3%
   285    11.9s    0.0026     0.0%     0.0%    44.2%        9%/9%/81%    0.000    0.534   100.0%     0.0%   2.3227   0.0023     0.9%
   286    11.5s    0.0022     0.0%     0.0%    46.5%       6%/11%/83%    2.363    0.509   100.0%     0.0%   2.4215   0.0062     1.2%
  [LateGuard] restore best_model at ep286 (drop=0.426, freeze=False)
   287     6.4s    0.0016    10.0%    10.0%    48.2%       15%/5%/80%    0.856    0.521    75.0%     0.0%   2.2546   0.0083     1.2%
   288    11.2s    0.0024     0.0%     0.0%    60.6%      10%/10%/80%    0.000    0.466    95.0%     0.0%   2.2848   0.0101     0.8%
   289     9.4s    0.0020    25.0%    25.0%    73.1%      14%/14%/73%    2.372    0.303    70.0%     0.0%   2.1067   0.0047     0.5%
   290    19.0s    0.0035     0.0%     0.0%    55.6%      14%/17%/69%    3.586    0.434   100.0%     0.0%   2.1144   0.0045     0.9%
  [MA20] reward=0.0027 task_sr=10.2% miss=85.2% time_limit=0.0% v2v=77.1%
  [RWRD] r_prog=0.0620 r_term=-0.0275 r_illegal=0.0000
  [PPO ] p_loss=-0.0166 v_loss=0.6700 entropy=2.1144 grad=6.2674 active=100.0%
  [SIM ] avg_power(a)=0.4969 rsu_q=0.243 tx=159 no_tx=29 deadlock=0 svc=0.000GHz idle=0.0%
   291    37.3s    0.0040     0.0%     0.0%    12.5%        4%/3%/93%    0.000    0.662   100.0%     0.0%   3.0318   0.0077     1.5%
   292    10.6s    0.0024    10.0%    10.0%    48.7%       6%/18%/77%    1.926    0.427    75.0%     0.0%   2.2850   0.0057     0.7%
   293     5.2s    0.0024    45.0%    45.0%    75.8%      16%/12%/72%    1.274    0.259    55.0%     0.0%   2.0940   0.0007     1.4%
   294    11.9s    0.0046    15.0%    15.0%    60.8%      14%/16%/71%    2.368    0.413    80.0%     0.0%   2.2433  -0.0017     1.4%
   295    11.5s    0.0017     0.0%     0.0%    39.9%       12%/7%/81%    0.000    0.580   100.0%     0.0%   2.3999   0.0061     1.2%
   296     9.4s    0.0039     5.0%     5.0%    53.8%      19%/13%/68%    1.635    0.543    90.0%     0.0%   2.1843   0.0088     0.8%
   297     6.6s    0.0011     0.0%     0.0%    58.8%        9%/7%/84%    0.000    0.494    95.0%     0.0%   2.3478   0.0091     0.5%
   298    12.3s    0.0021     5.0%     5.0%    46.8%       14%/9%/77%    1.947    0.452    85.0%     0.0%   2.3707   0.0077     0.9%
   299    16.8s    0.0015     0.0%     0.0%    32.4%       12%/8%/80%    0.000    0.490   100.0%     0.0%   2.6033   0.0029     0.9%
   300    11.3s    0.0037     0.0%     0.0%    52.1%       9%/10%/81%    0.000    0.559   100.0%     0.0%   2.4354  -0.0003     1.1%
  [MA20] reward=0.0026 task_sr=7.5% miss=88.2% time_limit=0.0% v2v=78.1%
  [RWRD] r_prog=0.0725 r_term=-0.0352 r_illegal=0.0000
  [PPO ] p_loss=0.0036 v_loss=0.5843 entropy=2.4354 grad=2.8298 active=100.0%
  [SIM ] avg_power(a)=0.5132 rsu_q=0.034 tx=125 no_tx=12 deadlock=0 svc=0.000GHz idle=0.0%
  [Checkpoint] saved: ep0300.pth

    Ep    Wall    R/step     T_SR     V_SR     S_SR            L/R/V   Lat(s)       En     Miss      Ill      Ent       KL     Clip
--------------------------------------------------------------------------------------------------------------------------------
   301     6.5s    0.0010     0.0%     0.0%    55.0%      11%/10%/79%    0.000    0.588    95.0%     0.0%   2.3007   0.0025     1.2%
  [LateGuard] restore best_model at ep301 (drop=0.470, freeze=False)
   302     9.3s    0.0024    20.0%    20.0%    53.6%       11%/7%/83%    1.000    0.502    80.0%     0.0%   2.5896   0.0139     1.0%
   303    22.0s    0.0033     0.0%     0.0%    15.0%        3%/6%/91%    0.000    0.589   100.0%     0.0%   2.9664   0.0059     0.6%
   304    17.5s    0.0041    15.0%    15.0%    38.8%      17%/12%/71%    1.880    0.579    85.0%     0.0%   2.5108   0.0076     1.0%
   305    11.0s    0.0030    20.0%    20.0%    51.5%      12%/15%/74%    1.935    0.493    75.0%     0.0%   2.1656   0.0033     1.1%
   306     9.6s    0.0022     0.0%     0.0%    50.3%       8%/11%/81%    0.000    0.484    95.0%     0.0%   2.2396   0.0024     0.9%
   307    13.7s    0.0010     5.0%     5.0%    37.2%      17%/15%/68%    2.326    0.470    95.0%     0.0%   2.4187   0.0008     0.8%
   308     7.0s    0.0024    30.0%    30.0%    62.2%      10%/11%/80%    0.984    0.322    70.0%     0.0%   2.4515   0.0100     0.6%
   309    10.9s    0.0030    15.0%    15.0%    55.1%      16%/12%/73%    1.773    0.460    80.0%     0.0%   2.2086  -0.0027     1.7%
   310     4.8s    0.0023    40.0%    40.0%    83.1%      12%/14%/74%    1.553    0.419    55.0%     0.0%   2.0309   0.0049     0.4%
  [MA20] reward=0.0026 task_sr=11.2% miss=85.5% time_limit=0.0% v2v=77.8%
  [RWRD] r_prog=0.0284 r_term=-0.0059 r_illegal=0.0000
  [PPO ] p_loss=-0.0149 v_loss=0.8888 entropy=2.0309 grad=6.2690 active=100.0%
  [SIM ] avg_power(a)=0.5020 rsu_q=0.333 tx=103 no_tx=17 deadlock=0 svc=0.000GHz idle=0.0%
   311    16.5s    0.0032     0.0%     0.0%    49.8%      11%/13%/76%    0.000    0.518    85.0%     0.0%   2.2176   0.0051     1.1%
   312    12.1s    0.0025     5.0%     5.0%    54.6%      12%/14%/73%    2.093    0.394    80.0%     0.0%   2.2323   0.0052     1.4%
   313     9.7s    0.0022     5.0%     5.0%    62.5%      12%/14%/74%    2.095    0.413    85.0%     0.0%   2.2880   0.0108     1.2%
   314     4.9s    0.0020    45.0%    45.0%    79.4%      12%/15%/73%    1.107    0.300    55.0%     0.0%   2.2329   0.0044     1.4%
   315    11.3s    0.0015    20.0%    20.0%    45.1%      12%/15%/73%    1.349    0.411    75.0%     0.0%   2.2257   0.0054     1.6%
   316    14.1s    0.0024     0.0%     0.0%    51.5%      16%/13%/72%    0.000    0.558   100.0%     0.0%   2.1613   0.0038     1.9%
  [LateGuard] restore best_model at ep316 (drop=0.432, freeze=False)
   317    11.2s    0.0012     0.0%     0.0%    57.0%      17%/11%/71%    0.000    0.375    95.0%     0.0%   2.1154   0.0038     1.0%
   318    20.3s    0.0047    10.0%    10.0%    47.9%       7%/12%/81%    3.086    0.495    75.0%     0.0%   2.3948   0.0060     1.0%
   319    12.4s    0.0034     0.0%     0.0%    39.6%       1%/11%/88%    0.000    0.560   100.0%     0.0%   2.3464   0.0075     1.0%
   320     7.6s    0.0017    25.0%    25.0%    65.2%       3%/14%/83%    1.305    0.296    65.0%     0.0%   2.3415   0.0056     0.9%
  [MA20] reward=0.0025 task_sr=12.8% miss=82.2% time_limit=0.0% v2v=76.8%
  [RWRD] r_prog=0.0388 r_term=-0.0219 r_illegal=0.0000
  [PPO ] p_loss=-0.0099 v_loss=0.7801 entropy=2.3415 grad=6.1572 active=100.0%
  [SIM ] avg_power(a)=0.4968 rsu_q=0.080 tx=102 no_tx=4 deadlock=0 svc=0.000GHz idle=0.0%

    Ep    Wall    R/step     T_SR     V_SR     S_SR            L/R/V   Lat(s)       En     Miss      Ill      Ent       KL     Clip
--------------------------------------------------------------------------------------------------------------------------------
   321     9.3s   -0.0010     5.0%     5.0%    37.3%       9%/12%/78%    0.648    0.440    90.0%     0.0%   2.6073   0.0019     1.2%
   322     6.4s   -0.0002    15.0%    15.0%    65.4%       6%/11%/83%    1.098    0.422    75.0%     0.0%   2.3973  -0.0003     1.9%
   323    12.8s    0.0025     0.0%     0.0%    42.6%      10%/12%/79%    0.000    0.539    95.0%     0.0%   2.4082   0.0021     1.4%
   324    18.5s    0.0023     0.0%     0.0%    30.0%       11%/9%/80%    0.000    0.553    90.0%     0.0%   2.2762   0.0045     0.8%
   325     6.9s    0.0010    10.0%    10.0%    45.7%       7%/14%/79%    1.638    0.440    80.0%     0.0%   2.3663   0.0059     1.5%
   326     5.4s    0.0020    45.0%    45.0%    75.0%       11%/7%/81%    1.510    0.328    40.0%     0.0%   2.2434   0.0015     0.9%
   327    11.3s    0.0033     5.0%     5.0%    46.2%      11%/13%/76%    2.001    0.518    90.0%     0.0%   2.2352   0.0049     1.6%
   328    11.4s    0.0020     0.0%     0.0%    45.2%      14%/14%/72%    0.000    0.604   100.0%     0.0%   2.3460   0.0062     1.7%
   329     9.1s    0.0025    20.0%    20.0%    71.0%      10%/15%/74%    2.133    0.366    70.0%     0.0%   2.1541   0.0058     0.9%
   330     9.8s    0.0017    10.0%    10.0%    63.1%      14%/18%/68%    1.358    0.481    90.0%     0.0%   2.2344   0.0045     1.2%
  [MA20] reward=0.0020 task_sr=11.0% miss=81.7% time_limit=0.0% v2v=76.7%
  [RWRD] r_prog=0.0437 r_term=-0.0266 r_illegal=0.0000
  [PPO ] p_loss=0.0088 v_loss=0.5695 entropy=2.2344 grad=6.5730 active=100.0%
  [SIM ] avg_power(a)=0.5111 rsu_q=0.379 tx=124 no_tx=22 deadlock=0 svc=0.000GHz idle=0.0%
   331     4.6s    0.0000    30.0%    30.0%    78.5%      14%/11%/75%    1.119    0.255    50.0%     0.0%   2.1199   0.0002     1.2%
  [LateGuard] restore best_model at ep331 (drop=0.421, freeze=False)
   332    10.6s    0.0016    15.0%    15.0%    56.9%       9%/13%/78%    1.761    0.349    60.0%     0.0%   2.3388   0.0013     0.9%
   333     6.7s    0.0000     0.0%     0.0%    40.3%        9%/5%/86%    2.196    0.493    95.0%     0.0%   2.3442   0.0030     0.9%
   334     5.5s    0.0019    30.0%    30.0%    63.9%       9%/12%/79%    1.030    0.371    60.0%     0.0%   2.2308   0.0031     1.5%
   335    11.9s    0.0022     0.0%     0.0%    41.0%       7%/14%/79%    0.000    0.549    95.0%     0.0%   2.3299 6.51e-05     0.8%
   336    10.5s    0.0024    10.0%    10.0%    41.8%       11%/9%/80%    1.231    0.492    85.0%     0.0%   2.7140   0.0058     1.3%
   337    11.3s    0.0033    25.0%    25.0%    65.8%      18%/13%/69%    2.052    0.367    65.0%     0.0%   2.1651   0.0036     1.1%
   338    18.1s    0.0032    15.0%    15.0%    56.7%      13%/14%/73%    2.975    0.408    80.0%     0.0%   2.1311   0.0053     0.8%
   339     6.0s    0.0006    15.0%    15.0%    57.8%       4%/11%/86%    0.944    0.318    85.0%     0.0%   2.3776   0.0057     0.3%
   340    12.1s    0.0027     5.0%     5.0%    54.7%      10%/15%/75%    2.787    0.306    90.0%     0.0%   2.3146   0.0028     0.5%
  [MA20] reward=0.0017 task_sr=12.8% miss=79.3% time_limit=0.0% v2v=77.5%
  [RWRD] r_prog=0.0612 r_term=-0.0345 r_illegal=0.0000
  [PPO ] p_loss=0.0166 v_loss=0.6119 entropy=2.3146 grad=6.5738 active=100.0%
  [SIM ] avg_power(a)=0.4913 rsu_q=0.393 tx=127 no_tx=16 deadlock=0 svc=0.000GHz idle=0.0%

    Ep    Wall    R/step     T_SR     V_SR     S_SR            L/R/V   Lat(s)       En     Miss      Ill      Ent       KL     Clip
--------------------------------------------------------------------------------------------------------------------------------
   341     9.9s    0.0028    10.0%    10.0%    60.3%      14%/11%/75%    1.842    0.467    80.0%     0.0%   2.1367  -0.0007     0.5%
   342    11.2s    0.0019     0.0%     0.0%    50.5%      14%/12%/74%    0.000    0.470   100.0%     0.0%   2.1555   0.0040     0.6%
   343    11.6s    0.0026     5.0%     5.0%    51.2%      13%/13%/74%    1.857    0.469    95.0%     0.0%   2.2036   0.0026     0.9%
   344     5.5s    0.0007    20.0%    20.0%    69.8%       9%/16%/75%    1.499    0.420    75.0%     0.0%   2.1257   0.0024     0.7%
   345    12.4s    0.0030    10.0%    10.0%    61.3%      11%/13%/77%    2.013    0.385    85.0%     0.0%   2.3232   0.0042     0.9%
   346    10.9s    0.0016     0.0%     0.0%    45.2%      16%/13%/71%    0.000    0.474   100.0%     0.0%   2.2541   0.0040     0.6%
  [LateGuard] restore best_model at ep346 (drop=0.388, freeze=False)
   347    13.3s    0.0028     5.0%     5.0%    42.7%       9%/12%/78%    1.550    0.465    95.0%     0.0%   2.3152   0.0075     1.2%
   348    13.1s    0.0030    10.0%    10.0%    55.7%       8%/13%/79%    1.943    0.408    85.0%     0.0%   2.3695   0.0025     1.2%
   349    19.1s    0.0017     0.0%     0.0%    40.1%       9%/13%/78%    0.000    0.466    85.0%     0.0%   2.2720   0.0038     1.2%
   350     5.6s    0.0027    50.0%    50.0%    75.0%      14%/14%/72%    1.366    0.277    45.0%     0.0%   2.0662   0.0082     1.2%
  [MA20] reward=0.0020 task_sr=12.8% miss=80.5% time_limit=0.0% v2v=76.6%
  [RWRD] r_prog=0.0223 r_term=0.0049 r_illegal=0.0000
  [PPO ] p_loss=-0.0129 v_loss=0.8987 entropy=2.0662 grad=9.9538 active=100.0%
  [SIM ] avg_power(a)=0.5061 rsu_q=0.130 tx=97 no_tx=19 deadlock=0 svc=0.000GHz idle=0.0%
   351    11.8s    0.0005    10.0%    10.0%    53.4%      10%/13%/77%    2.420    0.363    85.0%     0.0%   2.3118  -0.0025     1.9%
   352     5.2s    0.0024    40.0%    40.0%    71.0%      11%/13%/76%    1.015    0.304    55.0%     0.0%   2.1207   0.0035     0.9%
   353    12.2s    0.0031     5.0%     5.0%    53.8%       15%/8%/77%    2.285    0.510    95.0%     0.0%   2.3186   0.0075     1.9%
   354    11.9s    0.0029    15.0%    15.0%    60.0%      13%/13%/74%    2.211    0.372    85.0%     0.0%   2.3486   0.0054     1.9%
   355    23.8s    0.0037    10.0%    10.0%    29.9%      10%/17%/73%    1.458    0.552    90.0%     0.0%   2.7086   0.0056     1.4%
   356     4.7s    0.0026    55.0%    55.0%    85.8%       15%/8%/77%    1.397    0.342    35.0%     0.0%   2.2149   0.0053     1.3%
   357    10.0s    0.0031    10.0%    10.0%    65.6%      12%/15%/73%    2.005    0.309    80.0%     0.0%   2.1376   0.0066     1.4%
   358    22.5s    0.0037     5.0%     5.0%    36.5%       8%/15%/77%    1.163    0.563    95.0%     0.0%   2.9230   0.0086     1.5%
   359     9.3s    0.0010     5.0%     5.0%    64.1%      16%/12%/72%    1.724    0.388    90.0%     0.0%   2.1655  -0.0004     1.5%
   360    11.2s    0.0018     5.0%     5.0%    45.2%       9%/12%/79%    2.188    0.520    95.0%     0.0%   2.3454   0.0022     1.8%
  [MA20] reward=0.0024 task_sr=13.5% miss=82.5% time_limit=0.0% v2v=75.4%
  [RWRD] r_prog=0.0496 r_term=-0.0315 r_illegal=0.0000
  [PPO ] p_loss=-0.0113 v_loss=0.7063 entropy=2.3454 grad=3.6544 active=100.0%
  [SIM ] avg_power(a)=0.4867 rsu_q=0.241 tx=120 no_tx=13 deadlock=0 svc=0.000GHz idle=0.0%

    Ep    Wall    R/step     T_SR     V_SR     S_SR            L/R/V   Lat(s)       En     Miss      Ill      Ent       KL     Clip
--------------------------------------------------------------------------------------------------------------------------------
   361     5.8s    0.0011    40.0%    40.0%    75.4%      11%/12%/76%    1.283    0.268    55.0%     0.0%   2.2694   0.0028     2.3%
  [LateGuard] restore best_model at ep361 (drop=0.262, freeze=False)
   362     6.7s    0.0027    35.0%    35.0%    65.9%       8%/14%/77%    0.805    0.332    60.0%     0.0%   2.2245  -0.0012     0.9%
   363    15.3s    0.0040    15.0%    15.0%    44.6%      13%/13%/74%    1.494    0.484    85.0%     0.0%   2.4636   0.0043     1.2%
   364     9.9s    0.0019     5.0%     5.0%    51.3%      15%/14%/72%    1.620    0.453    85.0%     0.0%   2.0487   0.0126     0.6%
   365    30.5s    0.0025     0.0%     0.0%    22.3%        9%/6%/84%    0.000    0.612   100.0%     0.0%   2.7548   0.0031     1.1%
   366    18.8s    0.0021     5.0%     5.0%    32.4%      15%/11%/74%    2.411    0.423    90.0%     0.0%   2.3751   0.0043     0.7%
   367    12.5s    0.0032     0.0%     0.0%    50.8%      11%/10%/79%    0.000    0.620   100.0%     0.0%   2.2807   0.0032     0.7%
   368    13.1s    0.0004     0.0%     0.0%    37.3%        4%/6%/89%    0.000    0.629   100.0%     0.0%   2.9989  -0.0013     1.2%
   369    20.2s    0.0030     0.0%     0.0%    32.8%        8%/7%/85%    0.000    0.582   100.0%     0.0%   2.3150   0.0076     1.1%
   370    16.2s    0.0030     5.0%     5.0%    45.0%      10%/12%/78%    3.149    0.432    90.0%     0.0%   2.1949   0.0030     1.1%
  [MA20] reward=0.0024 task_sr=13.2% miss=83.5% time_limit=0.0% v2v=77.1%
  [RWRD] r_prog=0.0550 r_term=-0.0246 r_illegal=0.0000
  [PPO ] p_loss=-0.0006 v_loss=0.7113 entropy=2.1949 grad=9.0818 active=100.0%
  [SIM ] avg_power(a)=0.5049 rsu_q=0.103 tx=140 no_tx=17 deadlock=0 svc=0.000GHz idle=0.0%
   371    33.6s    0.0022     5.0%     5.0%    20.0%      15%/13%/72%    2.121    0.537    95.0%     0.0%   2.7225   0.0073     1.2%
   372    12.2s    0.0035     5.0%     5.0%    44.0%       11%/9%/79%    1.742    0.474    85.0%     0.0%   2.3450   0.0046     1.0%
   373     6.2s    0.0006    20.0%    20.0%    56.9%       7%/15%/79%    1.282    0.370    80.0%     0.0%   2.3465   0.0069     0.5%
   374     8.0s    0.0030    30.0%    30.0%    59.7%       9%/18%/73%    0.941    0.338    70.0%     0.0%   2.5007   0.0099     1.2%
   375    12.4s    0.0020     5.0%     5.0%    52.0%      14%/16%/70%    2.123    0.424    95.0%     0.0%   2.2059   0.0008     1.6%
   376    12.2s   -0.0001     0.0%     0.0%    41.7%        3%/7%/90%    0.000    0.553   100.0%     0.0%   3.0436   0.0044     1.9%
  [LateGuard] restore best_model at ep376 (drop=0.322, freeze=False)
   377    12.3s    0.0023     0.0%     0.0%    46.7%      14%/13%/74%    0.000    0.514   100.0%     0.0%   2.1765 2.42e-06     1.2%
   378    15.6s    0.0017     0.0%     0.0%    36.0%       11%/8%/81%    0.000    0.558    90.0%     0.0%   2.5315   0.0020     1.2%
   379    13.8s    0.0040     0.0%     0.0%    35.6%        9%/8%/83%    0.000    0.465   100.0%     0.0%   2.4039   0.0034     1.5%
   380    21.8s    0.0031     5.0%     5.0%    23.8%       4%/11%/85%    1.150    0.474    95.0%     0.0%   2.9037   0.0061     1.3%
  [MA20] reward=0.0023 task_sr=8.8% miss=88.8% time_limit=0.0% v2v=78.6%
  [RWRD] r_prog=0.0618 r_term=-0.0307 r_illegal=0.0000
  [PPO ] p_loss=-0.0022 v_loss=0.5867 entropy=2.9037 grad=4.7461 active=100.0%
  [SIM ] avg_power(a)=0.4907 rsu_q=0.345 tx=102 no_tx=4 deadlock=0 svc=0.000GHz idle=0.0%

    Ep    Wall    R/step     T_SR     V_SR     S_SR            L/R/V   Lat(s)       En     Miss      Ill      Ent       KL     Clip
--------------------------------------------------------------------------------------------------------------------------------
   381     5.4s    0.0012    20.0%    20.0%    71.9%      13%/17%/70%    0.887    0.453    80.0%     0.0%   2.2353  -0.0002     0.5%
   382    11.0s    0.0019     0.0%     0.0%    39.3%       11%/8%/81%    0.000    0.542   100.0%     0.0%   2.3227   0.0047     1.6%
   383    16.5s    0.0020     0.0%     0.0%    37.1%        8%/8%/84%    0.000    0.518    80.0%     0.0%   2.2225   0.0030     0.6%
   384    10.3s    0.0028     0.0%     0.0%    51.8%      11%/13%/76%    0.000    0.493    95.0%     0.0%   2.1599   0.0065     0.9%
   385    17.5s    0.0029     0.0%     0.0%    42.3%       9%/18%/73%    0.000    0.510   100.0%     0.0%   2.2717   0.0061     0.9%
   386    18.5s    0.0027     0.0%     0.0%    37.6%       6%/12%/82%    0.000    0.491   100.0%     0.0%   2.3168   0.0022     0.6%
   387    33.6s    0.0029    10.0%    10.0%    35.6%      11%/18%/71%    2.086    0.499    90.0%     0.0%   2.7525   0.0015     0.7%
   388    14.5s    0.0011    15.0%    15.0%    40.1%      21%/18%/61%    1.549    0.499    85.0%     0.0%   2.4763   0.0030     0.4%
   389    13.0s    0.0013     5.0%     5.0%    35.6%       4%/12%/84%    0.820    0.477    95.0%     0.0%   2.8586   0.0078     0.5%
   390    27.0s    0.0032     5.0%     5.0%    36.3%       9%/15%/75%    1.473    0.537    90.0%     0.0%   2.5878   0.0041     0.5%
  [MA20] reward=0.0022 task_sr=6.2% miss=91.2% time_limit=0.0% v2v=77.1%
  [RWRD] r_prog=0.0578 r_term=-0.0254 r_illegal=0.0000
  [PPO ] p_loss=0.0093 v_loss=0.5709 entropy=2.5878 grad=3.3659 active=100.0%
  [SIM ] avg_power(a)=0.4918 rsu_q=0.243 tx=137 no_tx=13 deadlock=0 svc=0.000GHz idle=0.0%
   391    19.1s    0.0013     0.0%     0.0%    32.4%       6%/12%/82%    0.000    0.550   100.0%     0.0%   2.4104   0.0044     1.0%
  [LateGuard] restore best_model at ep391 (drop=0.464, freeze=False)
   392     9.8s    0.0005     5.0%     5.0%    54.8%      12%/10%/78%    2.249    0.449    75.0%     0.0%   2.2267   0.0080     0.5%
   393    10.4s    0.0006     0.0%     0.0%    38.3%      15%/11%/74%    0.000    0.483    90.0%     0.0%   2.1478   0.0063     1.1%
   394    21.7s    0.0028    10.0%    10.0%    33.6%      10%/10%/80%    2.858    0.600    85.0%     0.0%   2.4876   0.0010     1.1%
   395     6.7s    0.0004    25.0%    25.0%    61.5%      12%/15%/74%    1.205    0.488    70.0%     0.0%   2.2407   0.0040     1.6%
   396    16.0s    0.0022    15.0%    15.0%    40.8%      14%/19%/68%    1.389    0.421    85.0%     0.0%   2.5993   0.0008     1.6%
   397     5.8s    0.0016    25.0%    25.0%    67.2%      15%/13%/72%    1.052    0.392    70.0%     0.0%   2.2753   0.0079     0.9%
   398    11.3s    0.0029     0.0%     0.0%    43.4%        9%/7%/83%    0.000    0.666    95.0%     0.0%   2.3804   0.0030     1.1%
   399     6.0s    0.0012    20.0%    20.0%    60.5%       8%/16%/77%    0.713    0.397    80.0%     0.0%   2.2747   0.0060     0.9%
   400    16.8s    0.0035     5.0%     5.0%    49.4%      12%/13%/75%    3.225    0.397    95.0%     0.0%   2.2205   0.0068     1.2%
  [MA20] reward=0.0019 task_sr=8.0% miss=88.0% time_limit=0.0% v2v=76.0%
  [RWRD] r_prog=0.0580 r_term=-0.0234 r_illegal=0.0000
  [PPO ] p_loss=0.0008 v_loss=0.6375 entropy=2.2205 grad=3.6423 active=100.0%
  [SIM ] avg_power(a)=0.4945 rsu_q=0.359 tx=152 no_tx=22 deadlock=0 svc=0.000GHz idle=0.0%
  [Checkpoint] saved: ep0400.pth

    Ep    Wall    R/step     T_SR     V_SR     S_SR            L/R/V   Lat(s)       En     Miss      Ill      Ent       KL     Clip
--------------------------------------------------------------------------------------------------------------------------------
   401     9.9s    0.0007     5.0%     5.0%    63.5%      17%/13%/70%    2.449    0.366    95.0%     0.0%   2.1256   0.0002     1.5%
   402    11.1s    0.0011     0.0%     0.0%    36.3%       11%/8%/81%    0.000    0.472    85.0%     0.0%   2.4372   0.0057     0.9%
   403    34.5s    0.0026     5.0%     5.0%    30.2%      11%/14%/75%    2.164    0.585    95.0%     0.0%   2.8678   0.0056     1.0%
   404     9.9s    0.0030    10.0%    10.0%    63.6%       9%/11%/80%    1.901    0.440    70.0%     0.0%   2.2869   0.0078     0.9%
   405    10.7s    0.0045    10.0%    10.0%    49.5%      13%/14%/72%    1.947    0.408    80.0%     0.0%   2.2404   0.0072     1.0%
   406    12.1s    0.0047     5.0%     5.0%    49.2%      11%/12%/77%    2.184    0.598    90.0%     0.0%   2.3681   0.0004     1.1%
  [LateGuard] restore best_model at ep406 (drop=0.568, freeze=False)
   407    22.7s    0.0017     5.0%     5.0%    33.0%       9%/14%/77%    1.297    0.645    95.0%     0.0%   2.8932   0.0055     1.3%
   408    11.6s    0.0029     5.0%     5.0%    51.7%       9%/11%/80%    1.622    0.574    95.0%     0.0%   2.2461   0.0024     0.5%
   409    12.2s    0.0029     5.0%     5.0%    50.3%       8%/14%/78%    2.162    0.478    85.0%     0.0%   2.3099   0.0049     1.5%
   410    13.1s    0.0036    15.0%    15.0%    53.0%      10%/15%/75%    1.612    0.482    75.0%     0.0%   2.4086   0.0098     1.2%
  [MA20] reward=0.0022 task_sr=8.5% miss=85.5% time_limit=0.0% v2v=76.4%
  [RWRD] r_prog=0.0630 r_term=-0.0272 r_illegal=0.0000
  [PPO ] p_loss=-0.0010 v_loss=0.6170 entropy=2.4086 grad=2.4135 active=100.0%
  [SIM ] avg_power(a)=0.5069 rsu_q=0.214 tx=126 no_tx=15 deadlock=0 svc=0.000GHz idle=0.0%
   411    23.4s    0.0028    15.0%    15.0%    41.6%      17%/14%/69%    2.830    0.507    75.0%     0.0%   2.4130   0.0050     1.2%
   412    19.3s    0.0032     0.0%     0.0%    38.6%      16%/11%/73%    0.000    0.515    90.0%     0.0%   2.4058   0.0059     1.8%
   413    13.1s    0.0048     0.0%     0.0%    46.9%       6%/11%/83%    0.000    0.628   100.0%     0.0%   2.3871   0.0046     1.4%
   414    12.5s    0.0040     0.0%     0.0%    32.2%       17%/6%/77%    0.000    0.632   100.0%     0.0%   2.2896   0.0073     0.4%
   415     6.2s    0.0020    40.0%    40.0%    68.2%       9%/12%/79%    1.553    0.329    50.0%     0.0%   2.2604   0.0082     0.7%
   416     4.7s    0.0018    40.0%    40.0%    80.2%       8%/17%/75%    0.909    0.255    55.0%     0.0%   2.1498   0.0067     0.5%
   417    20.0s    0.0023     0.0%     0.0%    22.2%       13%/3%/83%    0.000    0.569   100.0%     0.0%   2.3985   0.0041     1.4%
   418    19.1s    0.0031     5.0%     5.0%    28.4%        7%/9%/84%    1.650    0.561    85.0%     0.0%   2.7383   0.0077     0.8%
   419    36.2s    0.0038     5.0%     5.0%    21.8%       13%/9%/78%    2.634    0.600    95.0%     0.0%   2.8883   0.0037     1.5%
   420    18.1s    0.0013     5.0%     5.0%    31.2%       14%/8%/78%    2.157    0.483    90.0%     0.0%   2.6685   0.0019     1.5%
  [MA20] reward=0.0028 task_sr=8.8% miss=85.2% time_limit=0.0% v2v=77.3%
  [RWRD] r_prog=0.0465 r_term=-0.0330 r_illegal=0.0000
  [PPO ] p_loss=-0.0251 v_loss=0.6992 entropy=2.6685 grad=8.4604 active=100.0%
  [SIM ] avg_power(a)=0.5351 rsu_q=0.345 tx=98 no_tx=18 deadlock=0 svc=0.000GHz idle=0.0%

    Ep    Wall    R/step     T_SR     V_SR     S_SR            L/R/V   Lat(s)       En     Miss      Ill      Ent       KL     Clip
--------------------------------------------------------------------------------------------------------------------------------
   421    22.7s    0.0050     5.0%     5.0%    39.2%       7%/17%/76%    1.436    0.674    95.0%     0.0%   2.9051   0.0069     1.2%
  [LateGuard] restore best_model at ep421 (drop=0.557, freeze=False)
   422    22.6s    0.0021     0.0%     0.0%    37.6%       6%/12%/81%    0.000    0.589    90.0%     0.0%   2.3914   0.0025     0.7%
   423    17.7s    0.0034    15.0%    15.0%    32.9%       15%/6%/80%    1.880    0.445    80.0%     0.0%   2.6297   0.0125     1.4%
   424    34.3s    0.0031     0.0%     0.0%    17.6%        6%/8%/86%    0.000    0.650   100.0%     0.0%   2.8817   0.0024     1.6%
   425    14.0s    0.0018     5.0%     5.0%    45.3%      15%/17%/68%    2.305    0.475    90.0%     0.0%   2.2812   0.0018     1.1%
   426    15.1s    0.0028     5.0%     5.0%    36.8%        8%/8%/84%    1.440    0.499    90.0%     0.0%   2.4836   0.0041     1.0%
   427     9.1s   -0.0006     5.0%     5.0%    44.4%      11%/12%/78%    0.528    0.456    90.0%     0.0%   2.7024   0.0007     1.7%
   428    10.5s    0.0002    10.0%    10.0%    57.6%      11%/15%/74%    1.630    0.363    75.0%     0.0%   2.2404   0.0074     0.7%
   429     5.0s    0.0033    45.0%    45.0%    77.7%       11%/9%/80%    0.998    0.354    50.0%     0.0%   2.2245   0.0050     0.9%
   430    14.1s    0.0027     5.0%     5.0%    39.8%      11%/11%/78%    2.111    0.478    80.0%     0.0%   2.2512   0.0075     1.2%
  [MA20] reward=0.0026 task_sr=10.2% miss=84.0% time_limit=0.0% v2v=78.3%
  [RWRD] r_prog=0.0652 r_term=-0.0379 r_illegal=0.0000
  [PPO ] p_loss=0.0025 v_loss=0.6876 entropy=2.2512 grad=2.6112 active=100.0%
  [SIM ] avg_power(a)=0.5101 rsu_q=0.286 tx=111 no_tx=17 deadlock=0 svc=0.000GHz idle=0.0%
   431    28.5s    0.0031     0.0%     0.0%    19.9%        5%/5%/89%    0.000    0.515   100.0%     0.0%   2.9627   0.0023     1.7%
   432     6.1s    0.0033    45.0%    45.0%    72.9%      12%/15%/73%    1.315    0.378    50.0%     0.0%   2.2313   0.0045     1.1%
   433    10.3s    0.0025    10.0%    10.0%    47.0%        9%/9%/82%    1.820    0.412    90.0%     0.0%   2.3458   0.0065     1.2%
   434     5.9s    0.0018    35.0%    35.0%    71.6%      10%/19%/71%    0.938    0.276    65.0%     0.0%   2.2580   0.0030     1.2%
   435    17.1s    0.0035    20.0%    20.0%    46.0%      17%/13%/70%    2.142    0.452    80.0%     0.0%   2.4743   0.0015     1.3%
   436     6.6s    0.0007    30.0%    30.0%    65.6%       13%/9%/78%    1.460    0.427    60.0%     0.0%   2.4340   0.0039     0.7%
  [LateGuard] restore best_model at ep436 (drop=0.399, freeze=False)
   437    41.0s    0.0019     0.0%     0.0%    21.4%        4%/9%/87%    0.000    0.475   100.0%     0.0%   3.0193   0.0081     1.4%
   438    11.5s    0.0005    15.0%    15.0%    42.1%       6%/11%/83%    0.883    0.328    80.0%     0.0%   2.8085   0.0078     1.4%
   439    15.3s    0.0017     0.0%     0.0%    46.3%      17%/15%/68%    0.000    0.414    85.0%     0.0%   2.1714   0.0042     0.7%
   440     7.6s    0.0024    15.0%    15.0%    56.5%        9%/9%/82%    1.075    0.507    80.0%     0.0%   2.3643   0.0022     1.4%
  [MA20] reward=0.0023 task_sr=13.2% miss=81.5% time_limit=0.0% v2v=78.5%
  [RWRD] r_prog=0.0537 r_term=-0.0294 r_illegal=0.0000
  [PPO ] p_loss=0.0559 v_loss=0.8322 entropy=2.3643 grad=7.7139 active=100.0%
  [SIM ] avg_power(a)=0.5128 rsu_q=0.083 tx=94 no_tx=12 deadlock=0 svc=0.000GHz idle=0.0%

    Ep    Wall    R/step     T_SR     V_SR     S_SR            L/R/V   Lat(s)       En     Miss      Ill      Ent       KL     Clip
--------------------------------------------------------------------------------------------------------------------------------
   441    19.0s    0.0042     0.0%     0.0%    31.1%       10%/7%/83%    0.000    0.627   100.0%     0.0%   2.3664   0.0060     1.5%
   442    25.1s    0.0034     0.0%     0.0%    22.0%       3%/10%/87%    0.000    0.538   100.0%     0.0%   3.0681   0.0018     1.0%
   443    11.4s    0.0018     0.0%     0.0%    35.8%      12%/14%/74%    0.000    0.602    95.0%     0.0%   2.3508   0.0051     1.7%
   444    17.4s    0.0021     0.0%     0.0%    35.2%        9%/6%/85%    0.000    0.463    85.0%     0.0%   2.3327   0.0035     2.3%
   445    12.0s    0.0013     0.0%     0.0%    36.7%       17%/9%/74%    0.000    0.570    90.0%     0.0%   2.2563   0.0061     1.5%
   446    10.0s    0.0048    15.0%    15.0%    46.8%      13%/11%/76%    1.800    0.541    80.0%     0.0%   2.1773   0.0086     1.1%
   447    12.8s    0.0034    10.0%    10.0%    41.5%      13%/12%/75%    1.548    0.495    80.0%     0.0%   2.3902   0.0051     1.7%
   448    18.8s    0.0035     0.0%     0.0%    41.3%      14%/13%/73%    0.000    0.652   100.0%     0.0%   2.2706   0.0017     1.5%
   449    10.2s    0.0020     5.0%     5.0%    58.1%       8%/14%/78%    2.047    0.454    85.0%     0.0%   2.2683   0.0043     1.2%
   450    13.9s    0.0063    15.0%    15.0%    42.1%        9%/7%/85%    2.067    0.573    85.0%     0.0%   2.5029   0.0050     1.8%
  [MA20] reward=0.0027 task_sr=10.8% miss=84.5% time_limit=0.0% v2v=78.7%
  [RWRD] r_prog=0.0872 r_term=-0.0246 r_illegal=0.0000
  [PPO ] p_loss=0.0112 v_loss=0.6810 entropy=2.5029 grad=4.4911 active=100.0%
  [SIM ] avg_power(a)=0.5162 rsu_q=0.143 tx=115 no_tx=12 deadlock=0 svc=0.000GHz idle=0.0%
   451    11.8s    0.0028    10.0%    10.0%    59.9%      14%/12%/74%    2.258    0.438    85.0%     0.0%   2.2586   0.0034     2.0%
  [LateGuard] restore best_model at ep451 (drop=0.464, freeze=False)
   452    19.3s    0.0038     0.0%     0.0%    43.1%       8%/13%/79%    0.000    0.522   100.0%     0.0%   2.3850   0.0047     1.3%
   453     5.5s    0.0018    45.0%    45.0%    71.6%       9%/14%/77%    1.040    0.234    45.0%     0.0%   2.1684   0.0063     1.3%
   454    11.6s    0.0043    25.0%    25.0%    55.3%      11%/17%/72%    1.899    0.388    65.0%     0.0%   2.3773  -0.0021     2.0%
   455     6.1s   -0.0005    15.0%    15.0%    69.4%       8%/17%/75%    0.965    0.402    85.0%     0.0%   2.3127   0.0028     1.2%
   456    20.6s    0.0032     0.0%     0.0%    33.7%        8%/7%/85%    0.000    0.592   100.0%     0.0%   2.4156   0.0041     1.0%
   457     5.0s    0.0033    45.0%    45.0%    73.2%      13%/10%/77%    0.876    0.323    45.0%     0.0%   2.1345   0.0083     0.5%
   458    23.5s    0.0020     0.0%     0.0%    20.7%        9%/8%/82%    0.000    0.526   100.0%     0.0%   2.3817   0.0025     0.9%
   459    11.4s    0.0004     0.0%     0.0%    47.4%        9%/9%/82%    2.686    0.383    80.0%     0.0%   2.3123  -0.0035     1.4%
   460     6.0s    0.0013    35.0%    35.0%    76.9%      13%/13%/74%    1.528    0.357    60.0%     0.0%   2.1990   0.0007     0.9%
  [MA20] reward=0.0028 task_sr=11.0% miss=83.3% time_limit=0.0% v2v=78.4%
  [RWRD] r_prog=0.0237 r_term=-0.0106 r_illegal=0.0000
  [PPO ] p_loss=-0.0257 v_loss=0.8897 entropy=2.1990 grad=7.0698 active=100.0%
  [SIM ] avg_power(a)=0.5063 rsu_q=0.000 tx=107 no_tx=18 deadlock=0 svc=0.000GHz idle=0.0%

    Ep    Wall    R/step     T_SR     V_SR     S_SR            L/R/V   Lat(s)       En     Miss      Ill      Ent       KL     Clip
--------------------------------------------------------------------------------------------------------------------------------
   461     7.4s    0.0021    25.0%    25.0%    66.1%      11%/14%/75%    1.082    0.400    75.0%     0.0%   2.5306   0.0032     0.7%
   462     5.3s    0.0014    25.0%    25.0%    67.5%       8%/13%/80%    1.124    0.371    70.0%     0.0%   2.2317 4.94e-07     1.3%
   463    18.5s    0.0020     5.0%     5.0%    50.4%      11%/15%/74%    2.948    0.538    85.0%     0.0%   2.2514   0.0024     0.7%
   464    14.7s    0.0029     0.0%     0.0%    46.8%      14%/14%/71%    0.000    0.483    90.0%     0.0%   2.0927   0.0053     0.4%
   465    17.8s    0.0027     5.0%     5.0%    49.8%      14%/15%/71%    2.986    0.411    80.0%     0.0%   2.1518   0.0014     0.9%
   466     5.1s    0.0040    35.0%    35.0%    73.4%      13%/21%/66%    0.853    0.364    65.0%     0.0%   2.1834   0.0043     1.1%
  [LateGuard] restore best_model at ep466 (drop=0.350, freeze=False)
   467    20.5s    0.0002     5.0%     5.0%    25.6%       6%/10%/84%    1.469    0.466    95.0%     0.0%   2.8788   0.0085     1.0%
   468     9.4s    0.0028    20.0%    20.0%    72.9%      14%/14%/73%    1.870    0.274    65.0%     0.0%   2.1963   0.0059     0.8%
   469    10.8s    0.0028    30.0%    30.0%    63.4%      11%/18%/71%    2.127    0.333    60.0%     0.0%   2.2758   0.0006     1.0%
   470    11.0s    0.0015     0.0%     0.0%    53.8%      13%/13%/74%    0.000    0.418    90.0%     0.0%   2.2834   0.0005     1.0%
  [MA20] reward=0.0022 task_sr=16.2% miss=77.0% time_limit=0.0% v2v=75.9%
  [RWRD] r_prog=0.0550 r_term=-0.0400 r_illegal=0.0000
  [PPO ] p_loss=-0.0004 v_loss=0.7787 entropy=2.2834 grad=7.7731 active=100.0%
  [SIM ] avg_power(a)=0.5176 rsu_q=0.214 tx=121 no_tx=20 deadlock=0 svc=0.000GHz idle=0.0%
   471     5.9s    0.0015    35.0%    35.0%    72.5%       9%/11%/80%    0.929    0.297    60.0%     0.0%   2.2630   0.0063     0.9%
   472     5.9s    0.0028    45.0%    45.0%    74.4%       9%/18%/73%    0.970    0.287    55.0%     0.0%   2.2654   0.0043     1.1%
   473    21.8s    0.0015     5.0%     5.0%    27.2%       4%/12%/85%    1.124    0.433    95.0%     0.0%   2.9506   0.0043     2.0%
   474    11.4s    0.0012     0.0%     0.0%    46.2%      13%/10%/77%    0.000    0.377    90.0%     0.0%   2.3217   0.0076     1.0%
   475    19.6s    0.0028     0.0%     0.0%    28.2%       14%/9%/76%    0.000    0.593   100.0%     0.0%   2.3819   0.0030     1.2%
   476    11.1s    0.0026    10.0%    10.0%    46.9%      17%/12%/71%    2.198    0.366    85.0%     0.0%   2.1399   0.0014     0.8%
   477     5.0s    0.0002    20.0%    20.0%    59.3%      11%/11%/78%    1.125    0.297    65.0%     0.0%   2.1555  -0.0002     1.2%
   478    12.0s    0.0018     0.0%     0.0%    34.3%       10%/9%/81%    0.000    0.405    95.0%     0.0%   2.3842   0.0060     0.9%
   479    11.2s    0.0010     5.0%     5.0%    46.8%      19%/15%/66%    1.405    0.526    95.0%     0.0%   2.2358   0.0101     0.6%
   480    10.7s    0.0034     0.0%     0.0%    49.2%      13%/14%/73%    0.000    0.465    90.0%     0.0%   2.3120   0.0074     0.9%
  [MA20] reward=0.0021 task_sr=13.5% miss=80.2% time_limit=0.0% v2v=75.1%
  [RWRD] r_prog=0.0751 r_term=-0.0414 r_illegal=0.0000
  [PPO ] p_loss=-0.0030 v_loss=0.6195 entropy=2.3120 grad=5.8081 active=100.0%
  [SIM ] avg_power(a)=0.4929 rsu_q=0.259 tx=115 no_tx=20 deadlock=0 svc=0.000GHz idle=0.0%

    Ep    Wall    R/step     T_SR     V_SR     S_SR            L/R/V   Lat(s)       En     Miss      Ill      Ent       KL     Clip
--------------------------------------------------------------------------------------------------------------------------------
   481    16.0s    0.0044    10.0%    10.0%    31.2%        5%/6%/89%    2.116    0.476    85.0%     0.0%   2.6213   0.0023     1.1%
  [LateGuard] restore best_model at ep481 (drop=0.268, freeze=False)
   482     6.4s    0.0012    30.0%    30.0%    65.4%      16%/11%/73%    1.182    0.436    70.0%     0.0%   2.2539   0.0034     1.8%
   483    15.1s    0.0026    10.0%    10.0%    39.4%       9%/15%/75%    1.717    0.470    75.0%     0.0%   2.4248   0.0036     1.1%
   484     9.8s    0.0018     0.0%     0.0%    48.9%       7%/12%/81%    0.000    0.434    85.0%     0.0%   2.2786   0.0012     1.4%
   485     7.7s    0.0015    25.0%    25.0%    61.9%      17%/14%/68%    1.024    0.422    75.0%     0.0%   2.3855   0.0038     1.3%
   486    16.7s    0.0014     5.0%     5.0%    52.3%      15%/15%/70%    2.722    0.465    80.0%     0.0%   2.1368   0.0018     1.2%
   487    10.1s    0.0020     5.0%     5.0%    50.8%       9%/16%/75%    1.714    0.430    85.0%     0.0%   2.2478   0.0032     1.8%
   488     7.2s    0.0013    15.0%    15.0%    59.7%      10%/16%/74%    0.965    0.425    85.0%     0.0%   2.3258   0.0003     1.6%
   489    19.5s    0.0027     0.0%     0.0%    31.4%      13%/12%/74%    0.000    0.568    95.0%     0.0%   2.4425   0.0029     1.4%
   490    10.8s    0.0025     5.0%     5.0%    37.5%       6%/14%/80%    0.868    0.546    90.0%     0.0%   2.2775   0.0030     1.3%
  [MA20] reward=0.0020 task_sr=11.2% miss=82.7% time_limit=0.0% v2v=76.1%
  [RWRD] r_prog=0.0583 r_term=-0.0332 r_illegal=0.0000
  [PPO ] p_loss=-0.0074 v_loss=0.6710 entropy=2.2775 grad=5.7795 active=100.0%
  [SIM ] avg_power(a)=0.5111 rsu_q=0.179 tx=119 no_tx=8 deadlock=0 svc=0.000GHz idle=0.0%
   491    13.0s    0.0036     0.0%     0.0%    41.4%      11%/15%/75%    0.000    0.485    90.0%     0.0%   2.4840  -0.0003     1.4%
   492    17.6s    0.0026     0.0%     0.0%    49.4%      15%/12%/73%    0.000    0.504    95.0%     0.0%   2.2318   0.0018     1.8%
   493     5.5s    0.0012    30.0%    30.0%    64.2%      18%/12%/69%    1.072    0.298    60.0%     0.0%   2.1381  -0.0046     2.0%
   494    14.4s    0.0036    10.0%    10.0%    42.4%      12%/10%/78%    2.384    0.628    90.0%     0.0%   2.4499   0.0023     2.5%
   495     6.2s   -0.0002     5.0%     5.0%    51.6%       14%/6%/80%    1.099    0.472    90.0%     0.0%   2.3113   0.0046     2.3%
   496    17.4s    0.0017    15.0%    15.0%    40.0%      14%/11%/75%    1.551    0.450    85.0%     0.0%   2.6289   0.0107     1.7%
  [LateGuard] restore best_model at ep496 (drop=0.301, freeze=False)
   497    12.8s    0.0036     0.0%     0.0%    29.1%       11%/8%/81%    0.000    0.510   100.0%     0.0%   2.3882   0.0009     1.1%
   498    11.6s   -0.0008     0.0%     0.0%    37.2%       12%/6%/81%    0.000    0.499   100.0%     0.0%   2.8700   0.0083     1.3%
   499    11.8s    0.0024     0.0%     0.0%    48.8%      17%/11%/72%    0.000    0.484   100.0%     0.0%   2.1490   0.0039     1.1%
   500    13.1s    0.0042    15.0%    15.0%    53.6%      11%/11%/78%    2.368    0.489    80.0%     0.0%   2.3807   0.0055     1.2%
  [MA20] reward=0.0022 task_sr=9.0% miss=85.8% time_limit=0.0% v2v=76.1%
  [RWRD] r_prog=0.0684 r_term=-0.0262 r_illegal=0.0000
  [PPO ] p_loss=0.0035 v_loss=0.7959 entropy=2.3807 grad=7.3873 active=100.0%
  [SIM ] avg_power(a)=0.4975 rsu_q=0.276 tx=132 no_tx=18 deadlock=0 svc=0.000GHz idle=0.0%
  [Checkpoint] saved: ep0500.pth

    Ep    Wall    R/step     T_SR     V_SR     S_SR            L/R/V   Lat(s)       En     Miss      Ill      Ent       KL     Clip
--------------------------------------------------------------------------------------------------------------------------------
   501     5.2s    0.0060    60.0%    60.0%    83.8%       6%/13%/81%    1.172    0.287    40.0%     0.0%   2.3580   0.0021     2.0%
   502    18.9s    0.0025     5.0%     5.0%    58.1%      13%/19%/69%    3.138    0.518    95.0%     0.0%   2.0830   0.0042     1.1%
   503    10.1s    0.0009    10.0%    10.0%    59.8%      10%/14%/76%    2.131    0.375    85.0%     0.0%   2.1843   0.0035     1.1%
   504     6.8s    0.0011    25.0%    25.0%    65.7%      10%/12%/78%    1.747    0.406    65.0%     0.0%   2.4089   0.0097     1.6%
   505     6.3s    0.0015    25.0%    25.0%    70.9%       12%/8%/80%    1.008    0.350    70.0%     0.0%   2.3402   0.0031     2.3%
   506    17.2s    0.0031     0.0%     0.0%    39.4%      13%/11%/76%    0.000    0.558    95.0%     0.0%   2.2256   0.0019     1.9%
   507    10.4s    0.0026     5.0%     5.0%    58.8%       14%/7%/79%    1.546    0.438    85.0%     0.0%   2.1692   0.0008     1.6%
   508     5.2s   -0.0013    20.0%    20.0%    68.2%       9%/13%/77%    1.621    0.373    55.0%     0.0%   2.2220   0.0048     1.6%
   509    11.5s    0.0015     5.0%     5.0%    56.8%      17%/14%/70%    1.774    0.377    90.0%     0.0%   2.2723   0.0044     1.7%
   510    12.9s    0.0022    20.0%    20.0%    58.3%       8%/21%/70%    1.610    0.316    70.0%     0.0%   2.1669   0.0087     0.9%
  [MA20] reward=0.0021 task_sr=12.5% miss=82.0% time_limit=0.0% v2v=75.9%
  [RWRD] r_prog=0.0438 r_term=-0.0222 r_illegal=0.0000
  [PPO ] p_loss=0.0107 v_loss=0.7639 entropy=2.1669 grad=6.0512 active=100.0%
  [SIM ] avg_power(a)=0.5151 rsu_q=0.138 tx=136 no_tx=14 deadlock=0 svc=0.000GHz idle=0.0%
   511     8.4s    0.0022    25.0%    25.0%    58.1%      12%/13%/75%    1.280    0.432    75.0%     0.0%   2.4468   0.0075     1.1%
  [LateGuard] restore best_model at ep511 (drop=0.317, freeze=False)
   512    18.6s    0.0026     5.0%     5.0%    41.0%      20%/10%/70%    2.587    0.557    90.0%     0.0%   2.1353   0.0059     0.9%
   513    12.1s    0.0031     5.0%     5.0%    45.6%      11%/13%/75%    2.286    0.500    90.0%     0.0%   2.2452   0.0099     1.0%
   514    11.4s    0.0017     5.0%     5.0%    54.0%      12%/16%/73%    1.500    0.499    95.0%     0.0%   2.1805   0.0043     1.1%
   515    17.7s    0.0029    10.0%    10.0%    50.6%      15%/20%/65%    2.351    0.504    90.0%     0.0%   2.0555  -0.0017     0.9%
   516    17.9s    0.0022     0.0%     0.0%    34.0%       7%/10%/83%    0.000    0.570   100.0%     0.0%   2.3596   0.0010     1.3%
   517     5.4s    0.0004    20.0%    20.0%    64.1%      10%/11%/78%    1.182    0.408    75.0%     0.0%   2.3083  -0.0022     2.0%
   518    10.6s    0.0026     5.0%     5.0%    59.8%      15%/16%/69%    1.538    0.505    95.0%     0.0%   2.0906   0.0032     0.5%
   519    21.6s    0.0037     5.0%     5.0%    42.2%      15%/15%/71%    2.879    0.610    90.0%     0.0%   2.1285   0.0080     0.6%
   520    20.1s    0.0025     0.0%     0.0%    38.2%      12%/17%/71%    0.000    0.537   100.0%     0.0%   2.2107   0.0030     0.8%
  [MA20] reward=0.0022 task_sr=12.8% miss=82.5% time_limit=0.0% v2v=74.3%
  [RWRD] r_prog=0.0519 r_term=-0.0267 r_illegal=0.0000
  [PPO ] p_loss=0.0145 v_loss=0.6635 entropy=2.2107 grad=3.4852 active=100.0%
  [SIM ] avg_power(a)=0.5046 rsu_q=0.263 tx=128 no_tx=19 deadlock=0 svc=0.000GHz idle=0.0%

    Ep    Wall    R/step     T_SR     V_SR     S_SR            L/R/V   Lat(s)       En     Miss      Ill      Ent       KL     Clip
--------------------------------------------------------------------------------------------------------------------------------
   521    12.8s    0.0024     5.0%     5.0%    35.7%       12%/6%/82%    0.810    0.566    95.0%     0.0%   2.8959  -0.0060     1.3%
   522    19.3s    0.0020     0.0%     0.0%    40.2%      14%/13%/73%    0.000    0.553   100.0%     0.0%   2.1048   0.0049     0.4%
   523    19.4s    0.0041     0.0%     0.0%    24.9%        6%/6%/88%    0.000    0.517    95.0%     0.0%   2.8935   0.0024     1.1%
   524    11.7s    0.0020     5.0%     5.0%    54.5%      12%/13%/75%    1.537    0.487    90.0%     0.0%   2.2540  -0.0014     1.4%
   525    11.3s    0.0015     0.0%     0.0%    38.3%       8%/14%/78%    2.489    0.454    95.0%     0.0%   2.1619   0.0039     0.7%
   526    11.4s    0.0027     5.0%     5.0%    35.7%       9%/10%/81%    1.599    0.546    95.0%     0.0%   2.3473   0.0026     0.9%
  [LateGuard] restore best_model at ep526 (drop=0.481, freeze=False)
   527    12.2s    0.0034     0.0%     0.0%    35.6%        8%/9%/83%    0.000    0.595   100.0%     0.0%   2.4099   0.0112     1.1%
   528    16.2s    0.0021     0.0%     0.0%    42.4%      15%/15%/69%    0.000    0.469    90.0%     0.0%   2.2436   0.0029     1.7%
   529    10.7s    0.0027    10.0%    10.0%    53.3%      13%/13%/74%    1.712    0.407    90.0%     0.0%   2.2399   0.0044     1.0%
   530     5.3s    0.0022    45.0%    45.0%    76.6%      11%/20%/69%    0.860    0.331    55.0%     0.0%   2.2130   0.0093     0.6%
  [MA20] reward=0.0024 task_sr=7.5% miss=90.2% time_limit=0.0% v2v=75.0%
  [RWRD] r_prog=0.0160 r_term=0.0060 r_illegal=0.0000
  [PPO ] p_loss=0.0182 v_loss=0.6935 entropy=2.2130 grad=7.9086 active=100.0%
  [SIM ] avg_power(a)=0.5134 rsu_q=0.417 tx=94 no_tx=14 deadlock=0 svc=0.000GHz idle=0.0%
   531    10.8s    0.0026     0.0%     0.0%    37.3%       16%/8%/77%    0.000    0.497    95.0%     0.0%   2.3676   0.0052     1.2%
   532    11.6s    0.0032     0.0%     0.0%    45.5%       12%/9%/79%    0.000    0.674   100.0%     0.0%   2.4463   0.0058     0.8%
   533    10.5s    0.0027    10.0%    10.0%    54.5%      10%/14%/76%    2.141    0.404    75.0%     0.0%   2.2992   0.0002     0.9%
   534     8.4s    0.0020    20.0%    20.0%    68.5%      10%/20%/70%    2.248    0.288    65.0%     0.0%   2.3141   0.0035     0.5%
   535    22.6s    0.0046     5.0%     5.0%    31.5%       5%/13%/82%    1.241    0.564    95.0%     0.0%   2.9155   0.0054     0.7%
   536    14.1s    0.0017     5.0%     5.0%    55.2%      11%/13%/76%    2.144    0.380    90.0%     0.0%   2.3719   0.0063     0.6%
   537    16.4s    0.0014     5.0%     5.0%    58.4%      16%/16%/67%    3.165    0.365    90.0%     0.0%   2.1337   0.0034     0.4%
   538    13.6s    0.0020     0.0%     0.0%    50.0%      11%/17%/71%    0.000    0.419    85.0%     0.0%   2.3584   0.0016     0.5%
   539    10.9s    0.0032     5.0%     5.0%    42.6%       15%/8%/78%    2.214    0.375    85.0%     0.0%   2.3209   0.0030     0.3%
   540    12.8s    0.0012     0.0%     0.0%    28.2%        5%/1%/94%    0.000    0.608   100.0%     0.0%   3.0138   0.0049     0.8%
  [MA20] reward=0.0025 task_sr=6.0% miss=89.2% time_limit=0.0% v2v=77.1%
  [RWRD] r_prog=0.0551 r_term=-0.0427 r_illegal=0.0000
  [PPO ] p_loss=-0.0093 v_loss=0.6919 entropy=3.0138 grad=2.2085 active=100.0%
  [SIM ] avg_power(a)=0.5063 rsu_q=0.292 tx=81 no_tx=4 deadlock=0 svc=0.000GHz idle=0.0%

    Ep    Wall    R/step     T_SR     V_SR     S_SR            L/R/V   Lat(s)       En     Miss      Ill      Ent       KL     Clip
--------------------------------------------------------------------------------------------------------------------------------
   541    18.3s    0.0028     5.0%     5.0%    39.5%      14%/13%/73%    2.065    0.503    85.0%     0.0%   2.2095   0.0050     0.3%
  [LateGuard] restore best_model at ep541 (drop=0.503, freeze=False)
   542     5.7s    0.0024    25.0%    25.0%    67.2%       8%/19%/74%    1.705    0.393    70.0%     0.0%   2.2159   0.0106     1.3%
   543    11.5s    0.0028     0.0%     0.0%    43.9%       11%/8%/81%    0.000    0.582   100.0%     0.0%   2.2859   0.0023     1.6%
   544    11.0s    0.0014     5.0%     5.0%    49.0%       10%/6%/84%    2.437    0.384    90.0%     0.0%   2.3771   0.0059     1.2%
   545    12.4s    0.0008     5.0%     5.0%    41.8%        6%/9%/85%    0.614    0.419    95.0%     0.0%   2.8803   0.0109     1.1%
   546    14.6s    0.0011     5.0%     5.0%    52.0%      14%/11%/75%    2.323    0.442    95.0%     0.0%   2.4072   0.0031     2.1%
   547     5.1s    0.0041    45.0%    45.0%    81.2%      11%/11%/78%    1.111    0.339    55.0%     0.0%   2.1918   0.0010     1.3%
   548     5.4s    0.0011    35.0%    35.0%    80.9%       17%/9%/74%    1.242    0.365    65.0%     0.0%   2.1878   0.0093     1.5%
   549    15.1s    0.0015     5.0%     5.0%    47.6%      12%/13%/75%    3.283    0.432    80.0%     0.0%   2.1526   0.0062     1.8%
   550    10.0s    0.0053     0.0%     0.0%    60.3%      11%/12%/77%    0.000    0.488    95.0%     0.0%   2.1131   0.0027     1.5%
  [MA20] reward=0.0024 task_sr=9.0% miss=85.5% time_limit=0.0% v2v=77.3%
  [RWRD] r_prog=0.0907 r_term=-0.0382 r_illegal=0.0000
  [PPO ] p_loss=0.0078 v_loss=0.7230 entropy=2.1131 grad=5.3338 active=100.0%
  [SIM ] avg_power(a)=0.4981 rsu_q=0.143 tx=134 no_tx=19 deadlock=0 svc=0.000GHz idle=0.0%
   551     6.4s    0.0010    20.0%    20.0%    67.1%      12%/12%/76%    1.378    0.452    75.0%     0.0%   2.1623   0.0060     1.6%
   552    12.5s    0.0006    10.0%    10.0%    35.9%       9%/12%/79%    1.331    0.480    90.0%     0.0%   2.8979   0.0124     2.1%
   553     6.6s    0.0013    30.0%    30.0%    55.0%      14%/12%/74%    0.935    0.375    70.0%     0.0%   2.3814   0.0020     1.3%
   554    11.0s    0.0008     0.0%     0.0%    46.4%      15%/14%/72%    0.000    0.410    90.0%     0.0%   2.2532   0.0027     2.1%
   555    11.4s    0.0009     5.0%     5.0%    38.6%       16%/3%/80%    0.841    0.492    95.0%     0.0%   2.8689   0.0061     2.4%
   556    16.5s    0.0035    20.0%    20.0%    49.5%      10%/18%/71%    2.009    0.489    80.0%     0.0%   2.5024   0.0109     2.3%
  [LateGuard] restore best_model at ep556 (drop=0.492, freeze=False)
   557    11.2s    0.0031     5.0%     5.0%    46.8%       5%/11%/84%    1.468    0.559    90.0%     0.0%   2.3392  -0.0006     1.4%
   558    10.0s    0.0015     5.0%     5.0%    74.6%      11%/17%/72%    2.166    0.339    95.0%     0.0%   2.2350   0.0048     1.2%
   559     6.5s   -0.0001    10.0%    10.0%    54.3%      12%/13%/75%    0.729    0.436    85.0%     0.0%   2.3366   0.0047     1.0%
   560    13.1s    0.0014     5.0%     5.0%    41.3%        6%/9%/85%    0.806    0.564    95.0%     0.0%   2.9451  -0.0003     2.1%
  [MA20] reward=0.0019 task_sr=12.0% miss=84.7% time_limit=0.0% v2v=77.2%
  [RWRD] r_prog=0.0513 r_term=-0.0369 r_illegal=0.0000
  [PPO ] p_loss=0.0335 v_loss=0.6871 entropy=2.9451 grad=8.8513 active=100.0%
  [SIM ] avg_power(a)=0.4823 rsu_q=0.417 tx=93 no_tx=6 deadlock=0 svc=0.000GHz idle=0.0%

    Ep    Wall    R/step     T_SR     V_SR     S_SR            L/R/V   Lat(s)       En     Miss      Ill      Ent       KL     Clip
--------------------------------------------------------------------------------------------------------------------------------
   561    11.6s    0.0026     5.0%     5.0%    51.0%      15%/15%/70%    1.864    0.582    95.0%     0.0%   2.3279   0.0040     0.8%
   562     5.6s    0.0021    35.0%    35.0%    69.9%       9%/13%/78%    1.172    0.378    55.0%     0.0%   2.1686   0.0054     0.7%
   563    11.3s    0.0023    15.0%    15.0%    58.0%      19%/15%/66%    1.825    0.369    80.0%     0.0%   2.1610   0.0047     0.6%
   564    11.4s    0.0031     0.0%     0.0%    50.5%      13%/10%/77%    0.000    0.424    90.0%     0.0%   2.2688   0.0036     0.9%
   565     7.7s    0.0023    10.0%    10.0%    34.6%        9%/6%/84%    0.494    0.600    90.0%     0.0%   2.4246   0.0060     0.5%
   566    19.4s    0.0037     5.0%     5.0%    34.6%       7%/16%/77%    2.000    0.560    80.0%     0.0%   2.2970   0.0066     0.9%
   567     9.5s    0.0020     5.0%     5.0%    60.9%      16%/15%/68%    2.337    0.403    80.0%     0.0%   2.0649   0.0004     1.0%
   568    10.8s    0.0034     0.0%     0.0%    48.5%       13%/8%/79%    0.000    0.529    95.0%     0.0%   2.3004   0.0037     1.1%
   569    12.4s    0.0038     0.0%     0.0%    49.8%       11%/9%/80%    0.000    0.525   100.0%     0.0%   2.2558   0.0031     0.9%
   570    10.5s    0.0021     5.0%     5.0%    50.5%      15%/13%/71%    1.857    0.496    90.0%     0.0%   2.2551   0.0041     0.9%
  [MA20] reward=0.0021 task_sr=9.5% miss=86.0% time_limit=0.0% v2v=75.9%
  [RWRD] r_prog=0.0538 r_term=-0.0330 r_illegal=0.0000
  [PPO ] p_loss=-0.0034 v_loss=0.6973 entropy=2.2551 grad=3.3783 active=100.0%
  [SIM ] avg_power(a)=0.4966 rsu_q=0.345 tx=123 no_tx=24 deadlock=0 svc=0.000GHz idle=0.0%
   571     6.2s    0.0009    20.0%    20.0%    62.0%      13%/12%/74%    1.696    0.404    80.0%     0.0%   2.3495   0.0011     0.7%
  [LateGuard] restore best_model at ep571 (drop=0.503, freeze=False)
   572    11.4s    0.0019    10.0%    10.0%    46.4%       9%/11%/81%    2.112    0.371    75.0%     0.0%   2.2845   0.0058     0.9%
   573    17.8s    0.0039     0.0%     0.0%    46.0%       12%/9%/78%    0.000    0.515    85.0%     0.0%   2.1851   0.0057     0.6%
   574    15.5s    0.0029    10.0%    10.0%    53.3%      11%/17%/72%    2.818    0.385    80.0%     0.0%   2.1264   0.0030     1.5%
   575    11.2s    0.0015     0.0%     0.0%    49.2%       9%/13%/77%    0.000    0.482    90.0%     0.0%   2.3149   0.0077     1.8%
   576    10.6s    0.0061     5.0%     5.0%    47.1%      11%/10%/79%    2.445    0.478    85.0%     0.0%   2.1972   0.0082     1.4%
   577     5.2s    0.0034    45.0%    45.0%    81.2%      11%/15%/74%    1.214    0.256    45.0%     0.0%   2.2117   0.0054     1.3%
   578     5.5s    0.0030    40.0%    40.0%    68.5%       3%/19%/78%    0.794    0.359    60.0%     0.0%   2.2580   0.0092     1.7%
   579    19.3s    0.0038     0.0%     0.0%    37.2%      12%/10%/78%    0.000    0.647   100.0%     0.0%   2.4085   0.0035     2.1%
   580    12.1s    0.0013     0.0%     0.0%    43.1%      11%/11%/78%    0.000    0.542    90.0%     0.0%   2.2468   0.0056     1.8%
  [MA20] reward=0.0028 task_sr=10.5% miss=82.2% time_limit=0.0% v2v=76.0%
  [RWRD] r_prog=0.0516 r_term=-0.0386 r_illegal=0.0000
  [PPO ] p_loss=-0.0026 v_loss=0.7346 entropy=2.2468 grad=6.6916 active=100.0%
  [SIM ] avg_power(a)=0.4809 rsu_q=0.379 tx=118 no_tx=17 deadlock=0 svc=0.000GHz idle=0.0%

    Ep    Wall    R/step     T_SR     V_SR     S_SR            L/R/V   Lat(s)       En     Miss      Ill      Ent       KL     Clip
--------------------------------------------------------------------------------------------------------------------------------
   581    13.4s    0.0041    10.0%    10.0%    45.9%      11%/17%/72%    1.824    0.533    75.0%     0.0%   2.4086   0.0045     2.5%
   582    12.4s    0.0033     5.0%     5.0%    44.8%      12%/11%/76%    1.430    0.524    95.0%     0.0%   2.3767   0.0088     1.6%
   583    10.7s   -0.0001     5.0%     5.0%    38.6%        8%/9%/82%    0.666    0.531    95.0%     0.0%   2.5953   0.0010     2.3%
   584    15.2s    0.0009     0.0%     0.0%    44.6%      10%/14%/76%    0.000    0.490    95.0%     0.0%   2.5162   0.0043     2.4%
   585     6.0s    0.0017    35.0%    35.0%    70.8%      12%/13%/75%    1.588    0.390    45.0%     0.0%   2.3507   0.0068     2.0%
   586     6.0s   -0.0004     0.0%     0.0%    49.2%       11%/5%/84%    0.000    0.612    95.0%     0.0%   2.3184   0.0058     1.7%
  [LateGuard] restore best_model at ep586 (drop=0.437, freeze=False)
   587     6.2s   -0.0003    15.0%    15.0%    66.7%      17%/14%/69%    1.517    0.543    75.0%     0.0%   2.1617   0.0033     1.2%
   588    22.0s    0.0025     0.0%     0.0%    37.7%       14%/8%/78%    0.000    0.564   100.0%     0.0%   2.3678   0.0048     1.1%
   589     5.9s   -0.0001    20.0%    20.0%    62.6%       7%/14%/79%    1.241    0.399    75.0%     0.0%   2.2544   0.0013     1.2%
   590    10.8s    0.0012     0.0%     0.0%    51.0%      14%/10%/75%    0.000    0.444   100.0%     0.0%   2.2914   0.0041     0.9%
  [MA20] reward=0.0021 task_sr=11.0% miss=82.0% time_limit=0.0% v2v=76.9%
  [RWRD] r_prog=0.0488 r_term=-0.0364 r_illegal=0.0000
  [PPO ] p_loss=0.0003 v_loss=0.7118 entropy=2.2914 grad=5.8330 active=100.0%
  [SIM ] avg_power(a)=0.4956 rsu_q=0.250 tx=123 no_tx=22 deadlock=0 svc=0.000GHz idle=0.0%
   591    33.1s    0.0026     5.0%     5.0%    24.9%      10%/10%/81%    2.791    0.614    90.0%     0.0%   2.7077   0.0080     1.6%
   592     4.5s    0.0040    50.0%    50.0%    84.4%      12%/13%/75%    1.078    0.278    45.0%     0.0%   2.1981   0.0076     0.6%
   593    22.0s    0.0024     0.0%     0.0%    38.0%       8%/16%/75%    0.000    0.434    95.0%     0.0%   2.3799   0.0017     1.0%
   594    24.2s    0.0020     0.0%     0.0%    39.6%      10%/14%/76%    0.000    0.523    85.0%     0.0%   2.3892   0.0055     1.0%
   595    11.2s    0.0022     0.0%     0.0%    55.5%      12%/18%/70%    0.000    0.442    95.0%     0.0%   2.2240   0.0069     1.6%
   596    12.5s    0.0035     0.0%     0.0%    38.9%        8%/6%/86%    0.000    0.402    90.0%     0.0%   2.3528   0.0096     0.9%
   597    11.6s    0.0027     5.0%     5.0%    38.1%       10%/9%/81%    2.321    0.459    95.0%     0.0%   2.3071   0.0025     1.6%
   598    12.0s    0.0021     0.0%     0.0%    54.4%      11%/10%/78%    0.000    0.426    95.0%     0.0%   2.2224   0.0014     1.6%
   599    10.0s    0.0032    10.0%    10.0%    55.0%      13%/12%/75%    2.162    0.504    90.0%     0.0%   2.0537   0.0101     1.4%
   600     5.6s    0.0008    35.0%    35.0%    76.1%      15%/14%/71%    1.175    0.359    65.0%     0.0%   2.2800   0.0028     2.3%
  [MA20] reward=0.0019 task_sr=9.8% miss=84.7% time_limit=0.0% v2v=76.8%
  [RWRD] r_prog=0.0146 r_term=-0.0066 r_illegal=0.0000
  [PPO ] p_loss=-0.0074 v_loss=0.8205 entropy=2.2800 grad=2.9598 active=100.0%
  [SIM ] avg_power(a)=0.5198 rsu_q=0.000 tx=101 no_tx=20 deadlock=0 svc=0.000GHz idle=0.0%
  [Checkpoint] saved: ep0600.pth

    Ep    Wall    R/step     T_SR     V_SR     S_SR            L/R/V   Lat(s)       En     Miss      Ill      Ent       KL     Clip
--------------------------------------------------------------------------------------------------------------------------------
   601    13.4s    0.0033    10.0%    10.0%    43.7%      12%/15%/73%    1.891    0.481    85.0%     0.0%   2.2893   0.0016     1.5%
  [LateGuard] restore best_model at ep601 (drop=0.448, freeze=False)
   602    10.2s    0.0022    20.0%    20.0%    52.0%      10%/23%/67%    1.681    0.370    70.0%     0.0%   2.2250   0.0028     1.2%
   603    11.9s    0.0019     5.0%     5.0%    40.1%        8%/9%/83%    1.082    0.408    80.0%     0.0%   2.2552   0.0069     1.2%
   604    19.5s    0.0035     0.0%     0.0%    40.9%      10%/18%/72%    0.000    0.450    90.0%     0.0%   2.2522   0.0061     1.1%
   605    17.8s    0.0027    10.0%    10.0%    52.9%      12%/15%/73%    3.273    0.417    75.0%     0.0%   2.2398   0.0040     1.3%
   606    10.6s    0.0021     5.0%     5.0%    63.7%      16%/16%/68%    1.945    0.405    90.0%     0.0%   2.1978   0.0034     1.7%
   607     9.3s    0.0026     5.0%     5.0%    52.9%      12%/11%/77%    2.072    0.400    80.0%     0.0%   2.2741   0.0065     2.3%
   608    11.6s    0.0021     5.0%     5.0%    45.5%       5%/12%/83%    0.612    0.601    95.0%     0.0%   2.8910   0.0151     2.4%
   609    16.5s    0.0025    10.0%    10.0%    39.5%      12%/11%/77%    3.107    0.459    75.0%     0.0%   2.2107   0.0036     1.7%
   610    11.3s    0.0008     0.0%     0.0%    36.7%       10%/9%/80%    0.000    0.526    95.0%     0.0%   2.3200   0.0138     1.4%
  [MA20] reward=0.0025 task_sr=8.8% miss=84.0% time_limit=0.0% v2v=76.0%
  [RWRD] r_prog=0.0445 r_term=-0.0367 r_illegal=0.0000
  [PPO ] p_loss=0.0068 v_loss=0.7232 entropy=2.3200 grad=8.2672 active=100.0%
  [SIM ] avg_power(a)=0.5115 rsu_q=0.034 tx=98 no_tx=12 deadlock=0 svc=0.000GHz idle=0.0%
   611    19.0s    0.0027     5.0%     5.0%    41.7%       8%/16%/77%    1.422    0.450    95.0%     0.0%   2.7337   0.0069     1.2%
   612    11.8s    0.0019     0.0%     0.0%    45.4%       8%/11%/81%    0.000    0.482   100.0%     0.0%   2.4176   0.0079     1.6%
   613    12.4s    0.0034    10.0%    10.0%    37.9%      10%/13%/77%    1.893    0.409    90.0%     0.0%   2.2447  -0.0020     2.1%
   614    12.2s    0.0019    10.0%    10.0%    50.7%       6%/17%/77%    0.668    0.516    90.0%     0.0%   2.7827  -0.0018     2.3%
   615     9.7s    0.0023    15.0%    15.0%    59.5%      14%/12%/74%    1.899    0.446    70.0%     0.0%   2.1202   0.0104     1.1%
   616    20.9s    0.0031     0.0%     0.0%    26.7%       4%/14%/82%    0.000    0.537   100.0%     0.0%   2.8678   0.0078     0.7%
  [LateGuard] restore best_model at ep616 (drop=0.514, freeze=False)
   617    23.5s    0.0014     0.0%     0.0%    32.5%       6%/11%/84%    0.000    0.540   100.0%     0.0%   3.0356   0.0034     1.7%
   618    11.7s    0.0025    20.0%    20.0%    55.2%      23%/13%/64%    1.711    0.377    80.0%     0.0%   2.1260   0.0030     0.6%
   619    10.7s    0.0013     0.0%     0.0%    41.5%       7%/12%/81%    0.000    0.380    90.0%     0.0%   2.2545  -0.0018     0.9%
   620    11.3s    0.0019     5.0%     5.0%    39.9%      11%/12%/77%    1.032    0.523    95.0%     0.0%   2.3296   0.0057     0.9%
  [MA20] reward=0.0023 task_sr=6.8% miss=87.2% time_limit=0.0% v2v=76.3%
  [RWRD] r_prog=0.0501 r_term=-0.0306 r_illegal=0.0000
  [PPO ] p_loss=0.0052 v_loss=0.5765 entropy=2.3296 grad=2.9002 active=100.0%
  [SIM ] avg_power(a)=0.5013 rsu_q=0.138 tx=109 no_tx=14 deadlock=0 svc=0.000GHz idle=0.0%

    Ep    Wall    R/step     T_SR     V_SR     S_SR            L/R/V   Lat(s)       En     Miss      Ill      Ent       KL     Clip
--------------------------------------------------------------------------------------------------------------------------------
   621     4.6s    0.0042    65.0%    65.0%    85.0%      12%/18%/70%    1.098    0.234    30.0%     0.0%   2.0425   0.0032     0.3%
   622    10.3s    0.0018     5.0%     5.0%    34.0%       17%/7%/76%    1.585    0.494    80.0%     0.0%   2.1949   0.0030     1.2%
   623     9.7s    0.0019    10.0%    10.0%    50.3%      12%/12%/76%    2.005    0.431    90.0%     0.0%   2.1357   0.0064     0.9%
   624    17.0s    0.0054    10.0%    10.0%    37.2%       12%/9%/79%    1.615    0.546    90.0%     0.0%   2.6502   0.0062     0.7%
   625    12.8s    0.0007     0.0%     0.0%    46.2%       11%/5%/84%    0.000    0.469   100.0%     0.0%   2.4192   0.0028     1.3%
   626    10.6s    0.0027     5.0%     5.0%    60.6%      16%/12%/73%    2.005    0.457    80.0%     0.0%   2.1916   0.0025     1.1%
   627    11.2s    0.0036    10.0%    10.0%    56.9%      12%/12%/76%    2.080    0.417    85.0%     0.0%   2.3096   0.0066     1.3%
   628    19.4s    0.0037     5.0%     5.0%    34.3%       18%/8%/75%    1.910    0.535    90.0%     0.0%   2.8518   0.0041     0.9%
   629     4.9s    0.0043    40.0%    40.0%    67.4%       20%/9%/71%    1.101    0.310    55.0%     0.0%   2.0811   0.0058     1.5%
   630    12.1s    0.0016     5.0%     5.0%    47.6%      11%/12%/76%    1.523    0.537    95.0%     0.0%   2.3385  -0.0038     1.2%
  [MA20] reward=0.0026 task_sr=11.0% miss=85.2% time_limit=0.0% v2v=76.4%
  [RWRD] r_prog=0.0475 r_term=-0.0312 r_illegal=0.0000
  [PPO ] p_loss=0.0048 v_loss=0.6393 entropy=2.3385 grad=7.7514 active=100.0%
  [SIM ] avg_power(a)=0.5028 rsu_q=0.207 tx=125 no_tx=17 deadlock=0 svc=0.000GHz idle=0.0%
   631    34.3s    0.0033     5.0%     5.0%    25.5%      11%/14%/75%    2.042    0.539    95.0%     0.0%   2.8656   0.0021     1.0%
  [LateGuard] restore best_model at ep631 (drop=0.475, freeze=False)
   632     6.4s    0.0014    25.0%    25.0%    68.1%      12%/10%/77%    1.520    0.458    70.0%     0.0%   2.3598   0.0101     1.1%
   633    12.8s    0.0028     0.0%     0.0%    43.0%       9%/11%/80%    0.000    0.601   100.0%     0.0%   2.2694   0.0054     1.5%
   634    19.4s    0.0026    10.0%    10.0%    39.4%       11%/7%/82%    2.159    0.499    85.0%     0.0%   2.7228   0.0064     1.2%
   635    24.6s    0.0023    10.0%    10.0%    34.3%      17%/16%/66%    2.201    0.426    85.0%     0.0%   2.4835   0.0069     0.6%
   636     9.1s    0.0025     5.0%     5.0%    61.5%      12%/19%/70%    1.679    0.381    90.0%     0.0%   2.0661   0.0043     0.6%
   637    19.7s    0.0026     5.0%     5.0%    28.1%       8%/12%/81%    1.530    0.515    90.0%     0.0%   2.6703  -0.0020     1.3%
   638    20.5s    0.0028    10.0%    10.0%    47.7%      18%/15%/67%    2.658    0.420    75.0%     0.0%   2.2232   0.0078     0.9%
   639    11.7s    0.0046     0.0%     0.0%    48.7%      11%/11%/78%    0.000    0.561   100.0%     0.0%   2.3729   0.0028     0.8%
   640     6.5s    0.0019    30.0%    30.0%    71.6%       8%/16%/77%    1.143    0.425    65.0%     0.0%   2.4120   0.0021     1.3%
  [MA20] reward=0.0028 task_sr=12.8% miss=82.5% time_limit=0.0% v2v=75.4%
  [RWRD] r_prog=0.0329 r_term=-0.0141 r_illegal=0.0000
  [PPO ] p_loss=-0.0115 v_loss=0.7007 entropy=2.4120 grad=4.4261 active=100.0%
  [SIM ] avg_power(a)=0.5163 rsu_q=0.250 tx=105 no_tx=10 deadlock=0 svc=0.000GHz idle=0.0%

    Ep    Wall    R/step     T_SR     V_SR     S_SR            L/R/V   Lat(s)       En     Miss      Ill      Ent       KL     Clip
--------------------------------------------------------------------------------------------------------------------------------
   641    11.4s    0.0016     5.0%     5.0%    44.2%       9%/16%/75%    2.229    0.472    70.0%     0.0%   2.4207   0.0035     1.6%
   642     5.2s    0.0000    10.0%    10.0%    60.8%       7%/17%/76%    0.733    0.457    90.0%     0.0%   2.2391   0.0054     1.4%
   643    10.7s    0.0020     5.0%     5.0%    34.9%       9%/10%/81%    1.603    0.407    95.0%     0.0%   2.2345   0.0046     1.5%
   644    15.0s    0.0042    20.0%    20.0%    38.8%        9%/9%/83%    1.983    0.455    80.0%     0.0%   2.6004  -0.0021     1.7%
   645     9.8s    0.0032     5.0%     5.0%    76.1%       9%/15%/76%    2.551    0.399    90.0%     0.0%   2.1382   0.0075     0.9%
   646     4.8s    0.0018    40.0%    40.0%    80.2%      13%/12%/74%    1.051    0.373    60.0%     0.0%   2.0885   0.0080     0.7%
  [LateGuard] restore best_model at ep646 (drop=0.426, freeze=False)
   647    10.2s    0.0033    15.0%    15.0%    57.4%      14%/19%/67%    2.228    0.475    80.0%     0.0%   2.2438   0.0074     1.0%
   648    11.3s    0.0035     0.0%     0.0%    44.8%       8%/10%/82%    0.000    0.504    95.0%     0.0%   2.3605   0.0096     0.7%
   649    19.0s    0.0023     5.0%     5.0%    27.1%       9%/11%/80%    1.518    0.596    95.0%     0.0%   2.7881   0.0029     1.1%
   650    11.8s    0.0004     5.0%     5.0%    40.0%       7%/13%/80%    0.604    0.592    95.0%     0.0%   2.7911  -0.0004     0.7%
  [MA20] reward=0.0025 task_sr=10.5% miss=85.2% time_limit=0.0% v2v=76.3%
  [RWRD] r_prog=0.0391 r_term=-0.0355 r_illegal=0.0000
  [PPO ] p_loss=0.0236 v_loss=0.9450 entropy=2.7911 grad=9.2739 active=100.0%
  [SIM ] avg_power(a)=0.4942 rsu_q=0.320 tx=79 no_tx=6 deadlock=0 svc=0.000GHz idle=0.0%
   651     5.9s    0.0019    25.0%    25.0%    63.3%       9%/11%/80%    0.939    0.296    65.0%     0.0%   2.2971   0.0046     0.4%
   652    27.6s    0.0029    10.0%    10.0%    29.4%      14%/12%/74%    2.601    0.508    90.0%     0.0%   2.6550   0.0040     0.6%
   653    18.3s    0.0019     0.0%     0.0%    32.9%      12%/12%/76%    0.000    0.477   100.0%     0.0%   2.2229   0.0049     0.8%
   654    13.5s    0.0010     5.0%     5.0%    32.3%       8%/15%/77%    1.341    0.503    90.0%     0.0%   2.5304   0.0077     1.2%
   655    12.0s    0.0031    10.0%    10.0%    48.3%      16%/10%/74%    1.823    0.508    90.0%     0.0%   2.3318   0.0011     0.5%
   656     6.8s    0.0020    40.0%    40.0%    64.7%      15%/16%/69%    1.048    0.344    50.0%     0.0%   2.2855   0.0086     0.5%
   657     5.3s    0.0011    30.0%    30.0%    82.3%      10%/13%/78%    0.979    0.265    50.0%     0.0%   2.1545   0.0053     0.5%
   658     6.2s    0.0007    10.0%    10.0%    63.0%        7%/7%/85%    1.082    0.473    90.0%     0.0%   2.4024   0.0046     0.8%
   659     9.9s    0.0017    10.0%    10.0%    44.8%      12%/14%/75%    0.702    0.513    85.0%     0.0%   2.6061   0.0020     1.1%
   660     7.0s   -0.0002    10.0%    10.0%    57.3%      13%/12%/75%    0.813    0.431    80.0%     0.0%   2.4172   0.0044     0.9%
  [MA20] reward=0.0019 task_sr=13.0% miss=82.0% time_limit=0.0% v2v=76.8%
  [RWRD] r_prog=0.0340 r_term=-0.0358 r_illegal=0.0000
  [PPO ] p_loss=-0.0171 v_loss=0.7947 entropy=2.4172 grad=8.2384 active=100.0%
  [SIM ] avg_power(a)=0.4849 rsu_q=0.125 tx=87 no_tx=13 deadlock=0 svc=0.000GHz idle=0.0%

    Ep    Wall    R/step     T_SR     V_SR     S_SR            L/R/V   Lat(s)       En     Miss      Ill      Ent       KL     Clip
--------------------------------------------------------------------------------------------------------------------------------
   661     5.1s    0.0018    30.0%    30.0%    71.6%      11%/16%/73%    0.979    0.269    65.0%     0.0%   2.1096   0.0070     0.5%
  [LateGuard] restore best_model at ep661 (drop=0.339, freeze=False)
   662    18.1s    0.0027    10.0%    10.0%    47.5%      14%/15%/71%    2.966    0.410    75.0%     0.0%   2.1616   0.0072     1.1%
   663    17.4s    0.0047    15.0%    15.0%    30.7%      12%/11%/76%    1.233    0.599    85.0%     0.0%   2.6259   0.0008     1.5%
   664    17.7s    0.0047    10.0%    10.0%    34.5%       6%/13%/80%    1.279    0.472    90.0%     0.0%   2.6788   0.0038     1.6%
   665    21.2s    0.0028     5.0%     5.0%    34.1%      12%/12%/77%    1.947    0.546    95.0%     0.0%   2.6395   0.0033     1.9%
   666     4.7s    0.0001    25.0%    25.0%    76.2%      12%/15%/73%    0.874    0.362    70.0%     0.0%   2.2498   0.0048     1.9%
   667    13.9s    0.0007     5.0%     5.0%    31.4%        8%/9%/84%    0.628    0.558    95.0%     0.0%   2.8822   0.0078     2.1%
   668    13.8s    0.0042    20.0%    20.0%    47.4%      13%/20%/67%    1.622    0.515    80.0%     0.0%   2.3744   0.0014     1.6%
   669    36.8s    0.0024     5.0%     5.0%    25.6%      12%/15%/74%    2.927    0.666    95.0%     0.0%   2.8645   0.0073     1.5%
   670    14.0s    0.0038    15.0%    15.0%    51.5%      18%/21%/61%    2.023    0.454    85.0%     0.0%   2.3234   0.0049     1.0%
  [MA20] reward=0.0022 task_sr=14.5% miss=81.2% time_limit=0.0% v2v=74.9%
  [RWRD] r_prog=0.0614 r_term=-0.0235 r_illegal=0.0000
  [PPO ] p_loss=0.0047 v_loss=0.6156 entropy=2.3234 grad=4.2508 active=100.0%
  [SIM ] avg_power(a)=0.5182 rsu_q=0.483 tx=113 no_tx=27 deadlock=0 svc=0.000GHz idle=0.0%
   671    10.6s    0.0013     5.0%     5.0%    45.5%      13%/13%/74%    2.123    0.399    95.0%     0.0%   2.2304   0.0038     0.6%
   672    19.1s    0.0030     0.0%     0.0%    37.2%       13%/6%/81%    0.000    0.507   100.0%     0.0%   2.4148   0.0038     0.7%
   673    14.3s    0.0046    20.0%    20.0%    54.6%      14%/18%/68%    1.632    0.508    80.0%     0.0%   2.3929   0.0107     0.6%
   674    10.5s    0.0014     0.0%     0.0%    44.1%      11%/12%/77%    0.000    0.356    90.0%     0.0%   2.2612 -4.95e-05     0.4%
   675    10.1s    0.0023    10.0%    10.0%    61.7%      15%/16%/69%    2.413    0.434    90.0%     0.0%   2.1470   0.0026     0.5%
   676    10.8s    0.0030     0.0%     0.0%    51.7%      13%/15%/73%    0.000    0.560    95.0%     0.0%   2.3492   0.0069     0.7%
  [LateGuard] restore best_model at ep676 (drop=0.350, freeze=False)
   677     6.1s    0.0009    30.0%    30.0%    70.1%      10%/11%/79%    1.438    0.329    70.0%     0.0%   2.4022   0.0052     0.9%
   678    11.1s    0.0017     5.0%     5.0%    53.7%      17%/11%/71%    2.449    0.371    85.0%     0.0%   2.2099   0.0050     1.3%
   679    12.6s    0.0027     0.0%     0.0%    33.7%       9%/11%/80%    0.000    0.585    90.0%     0.0%   2.2309   0.0035     1.4%
   680     6.7s    0.0041    45.0%    45.0%    71.2%       6%/10%/84%    0.932    0.308    50.0%     0.0%   2.3073   0.0099     1.0%
  [MA20] reward=0.0026 task_sr=12.8% miss=84.0% time_limit=0.0% v2v=74.7%
  [RWRD] r_prog=0.0376 r_term=0.0029 r_illegal=0.0000
  [PPO ] p_loss=0.0148 v_loss=0.7215 entropy=2.3073 grad=5.1249 active=100.0%
  [SIM ] avg_power(a)=0.5013 rsu_q=0.458 tx=94 no_tx=6 deadlock=0 svc=0.000GHz idle=0.0%

    Ep    Wall    R/step     T_SR     V_SR     S_SR            L/R/V   Lat(s)       En     Miss      Ill      Ent       KL     Clip
--------------------------------------------------------------------------------------------------------------------------------
   681     6.2s   -0.0010     5.0%     5.0%    47.3%       15%/8%/77%    0.676    0.459    85.0%     0.0%   2.2542   0.0081     1.5%
   682     8.3s    0.0005    15.0%    15.0%    38.1%       16%/6%/78%    0.936    0.386    85.0%     0.0%   2.4822   0.0122     1.2%
   683    44.3s    0.0015     0.0%     0.0%    20.0%        6%/8%/86%    0.000    0.585   100.0%     0.0%   3.0330   0.0055     1.6%
   684    21.8s    0.0057     5.0%     5.0%    37.0%       7%/12%/81%    1.787    0.568    95.0%     0.0%   2.9295   0.0029     1.8%
   685    13.0s    0.0054    15.0%    15.0%    48.2%      14%/19%/68%    1.979    0.547    80.0%     0.0%   2.2332   0.0035     0.4%
   686     5.3s    0.0054    65.0%    65.0%    80.5%       9%/13%/77%    1.329    0.320    35.0%     0.0%   2.1375   0.0057     0.5%
   687     5.9s    0.0021    40.0%    40.0%    70.0%      11%/10%/80%    1.062    0.361    60.0%     0.0%   2.3530   0.0032     0.6%
   688     5.4s    0.0029    45.0%    45.0%    81.2%      12%/10%/78%    1.473    0.309    55.0%     0.0%   2.3221   0.0029     1.0%
   689    13.2s    0.0018    10.0%    10.0%    34.5%      14%/11%/75%    1.407    0.429    85.0%     0.0%   2.2486   0.0019     0.7%
   690    21.3s    0.0018     0.0%     0.0%    23.1%       6%/10%/84%    0.000    0.649   100.0%     0.0%   2.8094   0.0076     1.1%
  [MA20] reward=0.0025 task_sr=15.8% miss=81.2% time_limit=0.0% v2v=77.1%
  [RWRD] r_prog=0.0532 r_term=-0.0352 r_illegal=0.0000
  [PPO ] p_loss=-0.0013 v_loss=0.5580 entropy=2.8094 grad=9.8894 active=100.0%
  [SIM ] avg_power(a)=0.4965 rsu_q=0.207 tx=95 no_tx=6 deadlock=0 svc=0.000GHz idle=0.0%
   691    17.3s    0.0026     5.0%     5.0%    44.2%       15%/9%/76%    2.541    0.411    80.0%     0.0%   2.3210   0.0037     0.6%
  [LateGuard] restore best_model at ep691 (drop=0.219, freeze=False)
   692    16.6s    0.0020     0.0%     0.0%    54.8%      13%/15%/72%    0.000    0.528   100.0%     0.0%   2.1633   0.0007     1.3%
   693     9.7s    0.0019     5.0%     5.0%    40.8%      17%/12%/71%    1.331    0.508    90.0%     0.0%   2.1252   0.0065     0.7%
   694    14.2s    0.0033    10.0%    10.0%    49.0%      10%/13%/77%    1.971    0.628    85.0%     0.0%   2.5720   0.0028     2.2%
   695    13.2s    0.0043     0.0%     0.0%    51.2%       9%/14%/77%    0.000    0.570    95.0%     0.0%   2.3317   0.0032     1.1%
   696    10.3s    0.0017     5.0%     5.0%    47.5%      14%/10%/75%    2.154    0.363    85.0%     0.0%   2.3071   0.0051     1.0%
   697    10.2s    0.0037    10.0%    10.0%    58.0%      10%/14%/76%    2.045    0.429    70.0%     0.0%   2.3619   0.0107     0.9%
   698    16.1s    0.0026     5.0%     5.0%    39.5%      15%/13%/72%    2.020    0.544    90.0%     0.0%   2.1261   0.0083     1.0%
   699    13.6s    0.0041     0.0%     0.0%    37.9%        9%/9%/82%    0.000    0.472   100.0%     0.0%   2.2738   0.0080     0.7%
   700    19.9s    0.0023    10.0%    10.0%    43.1%      13%/17%/70%    1.627    0.525    85.0%     0.0%   2.7044  -0.0014     1.0%
  [MA20] reward=0.0027 task_sr=12.5% miss=83.0% time_limit=0.0% v2v=76.6%
  [RWRD] r_prog=0.0521 r_term=-0.0287 r_illegal=0.0000
  [PPO ] p_loss=0.0098 v_loss=0.6227 entropy=2.7044 grad=6.3421 active=100.0%
  [SIM ] avg_power(a)=0.4929 rsu_q=0.517 tx=111 no_tx=19 deadlock=0 svc=0.000GHz idle=0.0%
  [Checkpoint] saved: ep0700.pth

    Ep    Wall    R/step     T_SR     V_SR     S_SR            L/R/V   Lat(s)       En     Miss      Ill      Ent       KL     Clip
--------------------------------------------------------------------------------------------------------------------------------
   701     5.0s   -0.0008    15.0%    15.0%    60.3%      15%/10%/75%    1.035    0.396    85.0%     0.0%   2.0275   0.0065     0.9%
   702    33.4s    0.0025     5.0%     5.0%    28.9%       9%/12%/78%    1.840    0.554    95.0%     0.0%   2.8936   0.0003     0.8%
   703    11.7s    0.0010     5.0%     5.0%    49.8%      10%/15%/75%    2.150    0.450    90.0%     0.0%   2.2268   0.0064     0.7%
   704    18.1s    0.0026    10.0%    10.0%    45.0%      13%/14%/73%    2.754    0.471    85.0%     0.0%   2.1971   0.0039     0.6%
   705    18.8s    0.0023     0.0%     0.0%    24.5%       5%/10%/84%    0.000    0.556    95.0%     0.0%   2.2949   0.0009     1.0%
   706    13.2s    0.0018     0.0%     0.0%    30.2%       12%/8%/80%    0.000    0.539    95.0%     0.0%   2.4802   0.0053     0.7%
  [LateGuard] restore best_model at ep706 (drop=0.344, freeze=False)
   707    30.4s    0.0023     5.0%     5.0%    21.7%      13%/14%/74%    1.881    0.565    80.0%     0.0%   2.6877  -0.0004     1.6%
   708    10.0s    0.0011     5.0%     5.0%    65.1%       7%/19%/74%    1.791    0.475    85.0%     0.0%   2.3308   0.0070     1.2%
   709    24.5s    0.0026     5.0%     5.0%    32.1%      19%/11%/70%    2.136    0.473    90.0%     0.0%   2.3957   0.0058     1.1%
   710    11.4s    0.0026    15.0%    15.0%    59.3%      11%/17%/72%    2.023    0.360    85.0%     0.0%   2.3159   0.0050     1.3%
  [MA20] reward=0.0023 task_sr=5.8% miss=88.2% time_limit=0.0% v2v=75.1%
  [RWRD] r_prog=0.0506 r_term=-0.0246 r_illegal=0.0000
  [PPO ] p_loss=-0.0049 v_loss=0.5971 entropy=2.3159 grad=3.9634 active=100.0%
  [SIM ] avg_power(a)=0.5107 rsu_q=0.107 tx=135 no_tx=19 deadlock=0 svc=0.000GHz idle=0.0%
   711     8.3s    0.0010    10.0%    10.0%    53.0%      12%/13%/74%    0.634    0.435    90.0%     0.0%   2.4963   0.0048     2.0%
   712    11.7s    0.0015     5.0%     5.0%    55.8%       6%/15%/79%    1.543    0.414    90.0%     0.0%   2.2314   0.0053     1.4%
   713    12.1s    0.0019     0.0%     0.0%    45.0%       8%/11%/81%    0.000    0.654    95.0%     0.0%   2.4047  -0.0033     2.0%
   714    27.9s    0.0025     0.0%     0.0%    36.3%      14%/11%/75%    0.000    0.570   100.0%     0.0%   2.6007   0.0042     1.6%
   715    16.1s    0.0029     5.0%     5.0%    47.0%      11%/14%/75%    2.306    0.448    75.0%     0.0%   2.2899   0.0069     1.6%
   716    32.0s    0.0037    10.0%    10.0%    33.9%      13%/15%/72%    2.449    0.577    90.0%     0.0%   2.7549   0.0073     0.9%
   717    16.8s    0.0040     0.0%     0.0%    32.3%        6%/5%/89%    0.000    0.580   100.0%     0.0%   2.7372  -0.0023     1.5%
   718    10.6s    0.0036    10.0%    10.0%    49.2%      10%/16%/74%    1.831    0.484    90.0%     0.0%   2.3717 -1.80e-05     1.4%
   719     6.1s   -0.0017     0.0%     0.0%    50.0%      11%/10%/80%    0.000    0.434   100.0%     0.0%   2.1857   0.0041     0.7%
   720    15.4s    0.0049    15.0%    15.0%    46.1%      15%/12%/73%    1.802    0.498    85.0%     0.0%   2.4754   0.0078     1.0%
  [MA20] reward=0.0021 task_sr=6.0% miss=90.0% time_limit=0.0% v2v=76.3%
  [RWRD] r_prog=0.0730 r_term=-0.0242 r_illegal=0.0000
  [PPO ] p_loss=-0.0046 v_loss=0.8666 entropy=2.4754 grad=8.5710 active=100.0%
  [SIM ] avg_power(a)=0.4610 rsu_q=0.393 tx=115 no_tx=23 deadlock=0 svc=0.000GHz idle=0.0%

    Ep    Wall    R/step     T_SR     V_SR     S_SR            L/R/V   Lat(s)       En     Miss      Ill      Ent       KL     Clip
--------------------------------------------------------------------------------------------------------------------------------
   721    12.5s    0.0030     0.0%     0.0%    55.1%      11%/10%/79%    0.000    0.474    85.0%     0.0%   2.3186   0.0073     0.4%
  [LateGuard] restore best_model at ep721 (drop=0.475, freeze=False)
   722     4.4s    0.0030    50.0%    50.0%    76.4%      13%/11%/75%    1.086    0.387    40.0%     0.0%   2.1710  -0.0010     0.8%
   723    10.9s    0.0028     0.0%     0.0%    54.0%       9%/11%/80%    0.000    0.412    90.0%     0.0%   2.2151   0.0018     1.6%
   724    18.2s    0.0021    10.0%    10.0%    34.2%      11%/12%/78%    1.786    0.458    80.0%     0.0%   2.6265   0.0032     1.2%
   725    15.9s    0.0021    20.0%    20.0%    50.7%      13%/19%/69%    1.881    0.386    75.0%     0.0%   2.3800  -0.0015     1.2%
   726     6.1s    0.0011    30.0%    30.0%    74.6%      11%/12%/76%    1.058    0.298    55.0%     0.0%   2.3564   0.0058     0.6%
   727    22.9s    0.0036     0.0%     0.0%    19.5%        3%/5%/92%    0.000    0.575   100.0%     0.0%   3.0744   0.0011     1.2%
   728    12.3s    0.0008     5.0%     5.0%    38.8%       3%/17%/80%    0.610    0.568    95.0%     0.0%   2.9167   0.0061     2.0%
   729    10.5s    0.0033     5.0%     5.0%    67.2%      11%/14%/75%    2.335    0.431    95.0%     0.0%   2.1282   0.0052     1.3%
   730    10.2s    0.0014     5.0%     5.0%    59.9%      11%/16%/74%    1.593    0.430    90.0%     0.0%   2.2250   0.0058     1.1%
  [MA20] reward=0.0024 task_sr=9.0% miss=86.0% time_limit=0.0% v2v=77.4%
  [RWRD] r_prog=0.0470 r_term=-0.0328 r_illegal=0.0000
  [PPO ] p_loss=-0.0094 v_loss=0.6477 entropy=2.2250 grad=5.1894 active=100.0%
  [SIM ] avg_power(a)=0.4959 rsu_q=0.103 tx=128 no_tx=17 deadlock=0 svc=0.000GHz idle=0.0%
   731    18.8s    0.0016     0.0%     0.0%    22.3%        5%/8%/87%    0.000    0.551    95.0%     0.0%   2.7502   0.0066     2.2%
   732    18.5s    0.0049     5.0%     5.0%    39.8%       8%/12%/81%    1.962    0.668    95.0%     0.0%   2.2334   0.0049     1.9%
   733    20.8s    0.0027     0.0%     0.0%    43.1%       9%/14%/77%    0.000    0.578   100.0%     0.0%   2.2475   0.0068     1.8%
   734    11.7s    0.0014    25.0%    25.0%    66.1%      10%/19%/71%    1.883    0.375    70.0%     0.0%   2.2834   0.0015     2.1%
   735     9.8s    0.0017     5.0%     5.0%    54.4%       9%/14%/77%    1.768    0.400    80.0%     0.0%   2.2243   0.0011     2.6%
   736     5.0s    0.0011    35.0%    35.0%    76.9%      13%/16%/71%    1.018    0.300    65.0%     0.0%   2.1148   0.0019     0.9%
  [LateGuard] restore best_model at ep736 (drop=0.497, freeze=False)
   737    19.7s    0.0028     0.0%     0.0%    37.9%      12%/12%/75%    0.000    0.507    95.0%     0.0%   2.2097   0.0072     0.9%
   738     5.9s   -0.0006     5.0%     5.0%    57.8%      13%/10%/77%    0.607    0.475    95.0%     0.0%   2.2935   0.0040     1.3%
   739    12.3s    0.0028     0.0%     0.0%    40.2%       10%/5%/84%    0.000    0.617   100.0%     0.0%   2.4079   0.0045     1.1%
   740    11.7s    0.0013     5.0%     5.0%    44.2%       7%/16%/77%    1.348    0.492    85.0%     0.0%   2.3213   0.0118     1.3%
  [MA20] reward=0.0021 task_sr=10.2% miss=84.2% time_limit=0.0% v2v=77.7%
  [RWRD] r_prog=0.0470 r_term=-0.0342 r_illegal=0.0000
  [PPO ] p_loss=0.0081 v_loss=0.6865 entropy=2.3213 grad=3.4936 active=100.0%
  [SIM ] avg_power(a)=0.5187 rsu_q=0.241 tx=119 no_tx=10 deadlock=0 svc=0.000GHz idle=0.0%

    Ep    Wall    R/step     T_SR     V_SR     S_SR            L/R/V   Lat(s)       En     Miss      Ill      Ent       KL     Clip
--------------------------------------------------------------------------------------------------------------------------------
   741    19.1s    0.0019     0.0%     0.0%    33.5%      14%/11%/75%    0.000    0.468    85.0%     0.0%   2.2602   0.0068     0.7%
   742     8.7s    0.0003     5.0%     5.0%    54.4%      15%/13%/72%    2.469    0.306    75.0%     0.0%   2.2452   0.0024     1.2%
   743    13.1s    0.0057     0.0%     0.0%    45.2%        6%/4%/90%    0.000    0.521   100.0%     0.0%   2.3774   0.0038     1.3%
   744     6.3s    0.0014    20.0%    20.0%    65.1%       7%/11%/81%    1.039    0.367    70.0%     0.0%   2.4160   0.0016     1.1%
   745    10.2s    0.0020    10.0%    10.0%    50.5%      10%/12%/79%    1.940    0.376    80.0%     0.0%   2.2552   0.0026     1.6%
   746    11.5s    0.0023     0.0%     0.0%    33.3%       3%/15%/83%    0.000    0.517   100.0%     0.0%   2.3835   0.0047     1.3%
   747    11.0s    0.0021    10.0%    10.0%    50.8%        6%/9%/85%    1.107    0.431    90.0%     0.0%   2.9085   0.0050     0.9%
   748    12.8s    0.0029    10.0%    10.0%    41.7%       21%/9%/70%    1.805    0.492    90.0%     0.0%   2.3566   0.0043     1.8%
   749    26.2s    0.0037     0.0%     0.0%    32.8%       6%/14%/80%    0.000    0.626   100.0%     0.0%   3.1002   0.0086     1.0%
   750    13.6s    0.0020     0.0%     0.0%    43.1%       12%/9%/80%    0.000    0.529    95.0%     0.0%   2.3944   0.0033     1.1%
  [MA20] reward=0.0022 task_sr=6.8% miss=88.2% time_limit=0.0% v2v=78.5%
  [RWRD] r_prog=0.0549 r_term=-0.0345 r_illegal=0.0000
  [PPO ] p_loss=0.0101 v_loss=0.7024 entropy=2.3944 grad=5.9470 active=100.0%
  [SIM ] avg_power(a)=0.5137 rsu_q=0.161 tx=113 no_tx=19 deadlock=0 svc=0.000GHz idle=0.0%
   751    18.0s    0.0016     0.0%     0.0%    36.4%      12%/11%/77%    0.000    0.546    95.0%     0.0%   2.2207   0.0048     1.3%
  [LateGuard] restore best_model at ep751 (drop=0.601, freeze=False)
   752    12.0s    0.0007    15.0%    15.0%    51.5%      25%/12%/63%    2.192    0.459    85.0%     0.0%   2.2773   0.0041     1.1%
   753    21.3s    0.0026     0.0%     0.0%    31.5%      13%/10%/77%    0.000    0.581   100.0%     0.0%   2.4804   0.0070     1.5%
   754    18.8s    0.0025     0.0%     0.0%    42.2%      11%/14%/75%    0.000    0.557    95.0%     0.0%   2.2334   0.0055     1.2%
   755    12.9s    0.0020     0.0%     0.0%    45.9%      12%/10%/78%    0.000    0.519    95.0%     0.0%   2.2435   0.0072     0.8%
   756    11.4s    0.0037    15.0%    15.0%    59.9%      11%/13%/76%    1.844    0.535    80.0%     0.0%   2.1237   0.0003     1.2%
   757    16.2s    0.0038    10.0%    10.0%    36.7%      13%/14%/73%    1.951    0.432    80.0%     0.0%   2.4675   0.0031     1.3%
   758    20.2s    0.0033     5.0%     5.0%    49.1%      13%/14%/73%    2.070    0.470    95.0%     0.0%   2.2193   0.0007     1.1%
   759     9.2s    0.0019    25.0%    25.0%    55.6%      10%/18%/72%    0.882    0.398    70.0%     0.0%   2.4192   0.0002     1.9%
   760    10.3s    0.0042    15.0%    15.0%    52.2%      11%/11%/79%    2.259    0.392    75.0%     0.0%   2.1861   0.0005     1.3%
  [MA20] reward=0.0025 task_sr=7.0% miss=87.8% time_limit=0.0% v2v=76.9%
  [RWRD] r_prog=0.0694 r_term=-0.0275 r_illegal=0.0000
  [PPO ] p_loss=-0.0049 v_loss=0.7788 entropy=2.1861 grad=3.0244 active=100.0%
  [SIM ] avg_power(a)=0.4912 rsu_q=0.034 tx=123 no_tx=18 deadlock=0 svc=0.000GHz idle=0.0%

    Ep    Wall    R/step     T_SR     V_SR     S_SR            L/R/V   Lat(s)       En     Miss      Ill      Ent       KL     Clip
--------------------------------------------------------------------------------------------------------------------------------
   761    11.4s    0.0036    10.0%    10.0%    60.3%      15%/16%/69%    1.549    0.470    85.0%     0.0%   2.1739   0.0028     0.9%
   762     6.3s    0.0032    35.0%    35.0%    60.0%       9%/10%/81%    1.296    0.378    55.0%     0.0%   2.3348   0.0073     1.2%
   763     5.1s    0.0033    55.0%    55.0%    87.3%      14%/13%/74%    1.627    0.372    40.0%     0.0%   2.2189   0.0055     1.2%
   764     5.4s    0.0040    55.0%    55.0%    77.2%       11%/7%/82%    1.348    0.319    40.0%     0.0%   2.1532  -0.0008     1.0%
   765     6.2s    0.0004    10.0%    10.0%    61.9%       10%/6%/84%    1.521    0.434    90.0%     0.0%   2.3601   0.0065     0.8%
   766    19.1s   -0.0002     5.0%     5.0%    36.5%      13%/18%/69%    2.079    0.458    80.0%     0.0%   2.3319   0.0004     1.2%
  [LateGuard] restore best_model at ep766 (drop=0.410, freeze=False)
   767    15.2s    0.0018    10.0%    10.0%    52.5%      12%/14%/74%    2.493    0.317    60.0%     0.0%   2.2120   0.0063     1.1%
   768     6.6s    0.0010     5.0%     5.0%    53.2%       11%/7%/82%    1.588    0.521    95.0%     0.0%   2.4405  -0.0012     1.5%
   769     6.8s    0.0010    20.0%    20.0%    72.1%      11%/16%/73%    0.762    0.354    65.0%     0.0%   2.4708   0.0014     0.5%
   770    16.1s    0.0022    20.0%    20.0%    39.6%      13%/21%/66%    2.002    0.415    75.0%     0.0%   2.4417   0.0056     0.9%
  [MA20] reward=0.0023 task_sr=15.5% miss=77.8% time_limit=0.0% v2v=75.0%
  [RWRD] r_prog=0.0437 r_term=-0.0216 r_illegal=0.0000
  [PPO ] p_loss=-0.0067 v_loss=0.6165 entropy=2.4417 grad=3.5345 active=100.0%
  [SIM ] avg_power(a)=0.5001 rsu_q=0.483 tx=109 no_tx=18 deadlock=0 svc=0.000GHz idle=0.0%
   771    11.4s    0.0040    10.0%    10.0%    49.2%      12%/11%/77%    1.686    0.426    70.0%     0.0%   2.3820   0.0016     1.5%
   772    23.0s    0.0017     0.0%     0.0%    37.4%      11%/15%/73%    0.000    0.580    90.0%     0.0%   2.3764   0.0016     1.2%
   773     6.5s    0.0030    25.0%    25.0%    61.8%       9%/12%/79%    1.010    0.477    75.0%     0.0%   2.3849   0.0102     0.9%
   774    18.3s    0.0020     0.0%     0.0%    38.9%        9%/8%/82%    0.000    0.440    95.0%     0.0%   2.2481   0.0043     1.0%
   775    11.0s    0.0031     5.0%     5.0%    49.3%      11%/14%/75%    1.200    0.454    85.0%     0.0%   2.1843   0.0025     1.2%
   776    12.2s    0.0019     5.0%     5.0%    42.3%      16%/15%/69%    1.052    0.457    95.0%     0.0%   2.1801   0.0027     0.8%
   777    21.3s    0.0037     0.0%     0.0%    39.3%       9%/11%/80%    0.000    0.642   100.0%     0.0%   2.3972   0.0052     1.1%
   778     5.2s    0.0038    45.0%    45.0%    78.9%       12%/9%/80%    1.464    0.452    55.0%     0.0%   2.1904   0.0001     0.6%
   779     5.2s    0.0023    45.0%    45.0%    81.6%      10%/17%/73%    0.974    0.307    50.0%     0.0%   2.2526   0.0015     1.4%
   780    23.8s    0.0023     0.0%     0.0%    20.7%        5%/7%/88%    0.000    0.593   100.0%     0.0%   2.9703   0.0048     1.4%
  [MA20] reward=0.0024 task_sr=18.0% miss=75.0% time_limit=0.0% v2v=76.6%
  [RWRD] r_prog=0.0586 r_term=-0.0352 r_illegal=0.0000
  [PPO ] p_loss=0.0026 v_loss=0.6506 entropy=2.9703 grad=6.7870 active=100.0%
  [SIM ] avg_power(a)=0.4807 rsu_q=0.241 tx=93 no_tx=5 deadlock=0 svc=0.000GHz idle=0.0%

    Ep    Wall    R/step     T_SR     V_SR     S_SR            L/R/V   Lat(s)       En     Miss      Ill      Ent       KL     Clip
--------------------------------------------------------------------------------------------------------------------------------
   781     5.0s    0.0019    45.0%    45.0%    77.9%       9%/17%/73%    0.870    0.238    50.0%     0.0%   2.1249   0.0020     0.5%
  [LateGuard] restore best_model at ep781 (drop=0.317, freeze=False)
   782     5.8s    0.0045    50.0%    50.0%    71.3%      11%/16%/73%    0.891    0.288    45.0%     0.0%   2.3474   0.0092     0.7%
   783    10.2s    0.0029    10.0%    10.0%    58.8%      15%/11%/74%    2.413    0.437    85.0%     0.0%   2.1973   0.0047     1.2%
   784    16.7s    0.0026    10.0%    10.0%    41.5%       7%/15%/79%    1.901    0.498    85.0%     0.0%   2.4682   0.0038     0.8%
   785    18.7s    0.0040     5.0%     5.0%    44.2%       8%/13%/78%    2.744    0.576    95.0%     0.0%   2.2099   0.0044     0.5%
   786     8.5s    0.0036    15.0%    15.0%    59.2%      13%/18%/68%    1.633    0.350    75.0%     0.0%   2.0842   0.0035     1.1%
   787    11.8s    0.0040     5.0%     5.0%    44.0%      11%/10%/79%    1.546    0.570    95.0%     0.0%   2.2088   0.0054     1.1%
   788     6.1s   -0.0014     5.0%     5.0%    50.8%       8%/10%/83%    1.419    0.404    95.0%     0.0%   2.2734   0.0025     0.9%
   789    12.1s    0.0004     0.0%     0.0%    34.3%        7%/6%/87%    0.000    0.618   100.0%     0.0%   2.3610   0.0033     2.3%
   790    21.9s    0.0016     0.0%     0.0%    36.3%       8%/12%/79%    0.000    0.508    75.0%     0.0%   2.5098   0.0037     1.4%
  [MA20] reward=0.0026 task_sr=14.0% miss=80.7% time_limit=0.0% v2v=77.5%
  [RWRD] r_prog=0.0493 r_term=-0.0332 r_illegal=0.0000
  [PPO ] p_loss=-0.0088 v_loss=0.8221 entropy=2.5098 grad=4.7014 active=100.0%
  [SIM ] avg_power(a)=0.5099 rsu_q=0.158 tx=127 no_tx=15 deadlock=0 svc=0.000GHz idle=0.0%
   791    19.5s    0.0022     5.0%     5.0%    44.2%       8%/14%/78%    2.680    0.487    85.0%     0.0%   2.2568   0.0018     2.0%
   792    33.9s    0.0032     0.0%     0.0%    17.4%        3%/9%/88%    0.000    0.608   100.0%     0.0%   2.8608   0.0011     2.0%
   793    15.6s    0.0037    15.0%    15.0%    50.0%        9%/8%/83%    2.324    0.492    85.0%     0.0%   2.4498  -0.0025     1.6%
   794     4.9s    0.0017    40.0%    40.0%    73.5%      10%/15%/74%    0.886    0.294    55.0%     0.0%   2.1199   0.0037     1.4%
   795    19.9s    0.0026     5.0%     5.0%    47.2%      14%/11%/75%    2.281    0.502    90.0%     0.0%   2.3113   0.0050     1.0%
   796    19.9s    0.0023     0.0%     0.0%    41.7%      16%/14%/70%    0.000    0.538    95.0%     0.0%   2.3058   0.0035     1.5%
  [LateGuard] restore best_model at ep796 (drop=0.262, freeze=False)
   797    10.3s    0.0023     0.0%     0.0%    41.5%      12%/10%/78%    0.000    0.461    90.0%     0.0%   2.2742   0.0004     1.0%
   798    21.2s    0.0019     5.0%     5.0%    24.4%       5%/14%/82%    1.224    0.476    95.0%     0.0%   2.9131   0.0029     1.9%
   799    10.2s    0.0019     0.0%     0.0%    46.7%      11%/12%/78%    2.431    0.371    90.0%     0.0%   2.1284   0.0054     0.7%
   800    11.2s    0.0026     0.0%     0.0%    43.8%       12%/7%/81%    0.000    0.508   100.0%     0.0%   2.2843  -0.0005     1.7%
  [MA20] reward=0.0024 task_sr=10.8% miss=84.2% time_limit=0.0% v2v=78.0%
  [RWRD] r_prog=0.0632 r_term=-0.0377 r_illegal=0.0000
  [PPO ] p_loss=-0.0018 v_loss=0.5667 entropy=2.2843 grad=2.7752 active=100.0%
  [SIM ] avg_power(a)=0.5090 rsu_q=0.111 tx=114 no_tx=17 deadlock=0 svc=0.000GHz idle=0.0%
  [Checkpoint] saved: ep0800.pth

    Ep    Wall    R/step     T_SR     V_SR     S_SR            L/R/V   Lat(s)       En     Miss      Ill      Ent       KL     Clip
--------------------------------------------------------------------------------------------------------------------------------
   801    11.6s    0.0036    15.0%    15.0%    47.9%      13%/22%/65%    1.549    0.501    80.0%     0.0%   2.2465   0.0020     1.6%
   802    11.6s    0.0030    10.0%    10.0%    45.4%      12%/14%/75%    1.453    0.508    80.0%     0.0%   2.1870   0.0055     1.2%
   803    12.3s    0.0026     0.0%     0.0%    36.8%        8%/8%/84%    0.000    0.514   100.0%     0.0%   2.4068   0.0066     1.6%
   804     5.9s    0.0031    35.0%    35.0%    78.6%       4%/16%/79%    1.493    0.326    60.0%     0.0%   2.2341   0.0010     1.6%
   805     5.0s    0.0022    50.0%    50.0%    83.8%       8%/14%/78%    1.379    0.290    45.0%     0.0%   2.2420   0.0094     0.9%
   806    24.2s    0.0030     5.0%     5.0%    31.7%       12%/8%/81%    1.604    0.492    80.0%     0.0%   2.3149   0.0063     1.2%
   807    12.2s    0.0024     0.0%     0.0%    30.1%      13%/10%/77%    0.000    0.548    95.0%     0.0%   2.3302   0.0057     1.1%
   808    31.3s    0.0025    10.0%    10.0%    29.3%      13%/16%/71%    1.991    0.571    90.0%     0.0%   2.6717   0.0024     1.9%
   809    17.1s    0.0028    10.0%    10.0%    47.5%       9%/18%/73%    2.117    0.467    85.0%     0.0%   2.1838   0.0042     0.8%
   810    11.7s    0.0040     0.0%     0.0%    49.0%       12%/6%/82%    0.000    0.516    95.0%     0.0%   2.3234   0.0013     1.4%
  [MA20] reward=0.0027 task_sr=10.2% miss=84.7% time_limit=0.0% v2v=77.5%
  [RWRD] r_prog=0.0764 r_term=-0.0368 r_illegal=0.0000
  [PPO ] p_loss=0.0019 v_loss=0.5665 entropy=2.3234 grad=2.8095 active=100.0%
  [SIM ] avg_power(a)=0.4890 rsu_q=0.207 tx=125 no_tx=19 deadlock=0 svc=0.000GHz idle=0.0%
   811     6.8s    0.0036    35.0%    35.0%    69.0%       9%/11%/80%    1.239    0.420    65.0%     0.0%   2.4198   0.0046     1.3%
  [LateGuard] restore best_model at ep811 (drop=0.197, freeze=False)
   812    11.4s    0.0013    10.0%    10.0%    50.5%      13%/10%/77%    2.125    0.415    85.0%     0.0%   2.3143   0.0062     0.8%
   813    11.9s    0.0013    10.0%    10.0%    51.3%      11%/14%/74%    1.849    0.422    85.0%     0.0%   2.1913   0.0012     1.0%
   814     6.1s    0.0012    35.0%    35.0%    74.2%      12%/13%/75%    0.994    0.372    60.0%     0.0%   2.4790   0.0083     1.0%
   815    12.3s    0.0025     0.0%     0.0%    39.4%      13%/11%/76%    0.000    0.542    95.0%     0.0%   2.3646  -0.0025     2.0%
   816     6.3s   -0.0011    15.0%    15.0%    54.8%      14%/11%/75%    1.266    0.452    75.0%     0.0%   2.1750  -0.0007     2.0%
   817    13.2s    0.0029    20.0%    20.0%    49.0%      15%/14%/71%    1.746    0.424    70.0%     0.0%   2.3958   0.0041     1.7%
   818     7.1s    0.0027    30.0%    30.0%    61.3%       14%/8%/78%    1.095    0.435    70.0%     0.0%   2.2493   0.0056     1.6%
   819    12.0s    0.0042     5.0%     5.0%    34.5%      10%/11%/79%    1.247    0.486    90.0%     0.0%   2.3550   0.0064     1.9%
   820    21.6s    0.0029    10.0%    10.0%    38.8%       9%/14%/77%    1.344    0.485    90.0%     0.0%   2.8233   0.0046     0.9%
  [MA20] reward=0.0025 task_sr=15.2% miss=79.8% time_limit=0.0% v2v=76.3%
  [RWRD] r_prog=0.0571 r_term=-0.0276 r_illegal=0.0000
  [PPO ] p_loss=0.0004 v_loss=0.4226 entropy=2.8233 grad=2.2832 active=100.0%
  [SIM ] avg_power(a)=0.5123 rsu_q=0.357 tx=117 no_tx=13 deadlock=0 svc=0.000GHz idle=0.0%

    Ep    Wall    R/step     T_SR     V_SR     S_SR            L/R/V   Lat(s)       En     Miss      Ill      Ent       KL     Clip
--------------------------------------------------------------------------------------------------------------------------------
   821    22.3s    0.0027     0.0%     0.0%    39.7%      12%/14%/75%    0.000    0.565    95.0%     0.0%   2.2586   0.0028     0.9%
   822    12.5s    0.0003     0.0%     0.0%    54.6%      10%/16%/73%    0.000    0.290    90.0%     0.0%   2.2688   0.0099     0.9%
   823    20.2s    0.0022     5.0%     5.0%    29.9%       14%/5%/81%    1.684    0.562    95.0%     0.0%   2.8731   0.0027     1.2%
   824     5.7s    0.0009    30.0%    30.0%    66.9%       21%/9%/70%    1.159    0.403    50.0%     0.0%   2.2674   0.0031     0.7%
   825    11.6s    0.0034     0.0%     0.0%    48.2%       7%/15%/79%    0.000    0.517    95.0%     0.0%   2.2967   0.0053     0.8%
   826     4.4s    0.0027    50.0%    50.0%    87.2%       8%/13%/79%    1.027    0.294    45.0%     0.0%   2.2005   0.0008     0.3%
  [LateGuard] restore best_model at ep826 (drop=0.240, freeze=False)
   827     5.1s   -0.0013    10.0%    10.0%    65.9%      18%/13%/69%    0.938    0.302    85.0%     0.0%   2.1692  -0.0007     1.2%
   828     8.9s    0.0011    10.0%    10.0%    52.0%        7%/7%/86%    1.429    0.416    85.0%     0.0%   2.7245  -0.0003     1.2%
   829    17.7s    0.0041     5.0%     5.0%    32.0%       8%/13%/79%    1.841    0.527    90.0%     0.0%   2.5281   0.0058     0.8%
   830    13.7s    0.0039    10.0%    10.0%    45.8%      10%/15%/75%    1.696    0.454    80.0%     0.0%   2.3650   0.0045     1.2%
  [MA20] reward=0.0021 task_sr=14.5% miss=79.8% time_limit=0.0% v2v=76.4%
  [RWRD] r_prog=0.0697 r_term=-0.0307 r_illegal=0.0000
  [PPO ] p_loss=-0.0031 v_loss=0.7661 entropy=2.3650 grad=5.0037 active=100.0%
  [SIM ] avg_power(a)=0.4992 rsu_q=0.207 tx=117 no_tx=16 deadlock=0 svc=0.000GHz idle=0.0%
   831    11.4s    0.0011     5.0%     5.0%    55.1%      12%/12%/76%    2.365    0.536    80.0%     0.0%   2.2847 1.38e-05     0.8%
   832    20.4s    0.0046    10.0%    10.0%    42.4%      12%/12%/76%    1.713    0.516    85.0%     0.0%   2.7757   0.0051     0.6%
   833    22.1s    0.0020     0.0%     0.0%    30.5%      10%/12%/78%    0.000    0.480   100.0%     0.0%   2.1949   0.0042     0.7%
   834     9.8s    0.0029    40.0%    40.0%    71.4%      15%/20%/65%    1.993    0.280    55.0%     0.0%   2.0795   0.0014     0.9%
   835     9.7s    0.0035    30.0%    30.0%    69.0%      13%/16%/71%    1.917    0.456    65.0%     0.0%   2.1312   0.0030     0.3%
   836    12.4s    0.0010     5.0%     5.0%    42.7%      12%/12%/76%    0.853    0.558    95.0%     0.0%   2.8842   0.0047     0.5%
   837     7.6s    0.0003    20.0%    20.0%    65.2%      15%/13%/72%    1.409    0.466    80.0%     0.0%   2.3695   0.0007     1.2%
   838    11.4s    0.0025     0.0%     0.0%    35.8%       11%/6%/82%    0.000    0.461   100.0%     0.0%   2.4185  -0.0029     0.8%
   839    12.0s    0.0018     5.0%     5.0%    32.8%        8%/9%/83%    0.582    0.515    95.0%     0.0%   2.8508   0.0036     1.3%
   840    11.1s    0.0030    10.0%    10.0%    63.1%      11%/15%/74%    1.907    0.459    80.0%     0.0%   2.3398   0.0049     0.7%
  [MA20] reward=0.0021 task_sr=12.3% miss=82.2% time_limit=0.0% v2v=75.9%
  [RWRD] r_prog=0.0634 r_term=-0.0330 r_illegal=0.0000
  [PPO ] p_loss=0.0044 v_loss=0.5752 entropy=2.3398 grad=5.3762 active=100.0%
  [SIM ] avg_power(a)=0.5084 rsu_q=0.222 tx=135 no_tx=20 deadlock=0 svc=0.000GHz idle=0.0%

    Ep    Wall    R/step     T_SR     V_SR     S_SR            L/R/V   Lat(s)       En     Miss      Ill      Ent       KL     Clip
--------------------------------------------------------------------------------------------------------------------------------
   841    12.2s    0.0026    10.0%    10.0%    51.0%      15%/13%/72%    1.844    0.456    85.0%     0.0%   2.3815  -0.0004     1.0%
  [LateGuard] restore best_model at ep841 (drop=0.317, freeze=False)
   842     4.6s    0.0043    55.0%    55.0%    81.3%      13%/16%/71%    1.179    0.237    40.0%     0.0%   2.1313   0.0074     0.6%
   843    13.8s    0.0040    15.0%    15.0%    52.2%      10%/15%/75%    1.684    0.417    80.0%     0.0%   2.4400   0.0019     1.1%
   844    12.5s   -0.0013     5.0%     5.0%    42.0%       8%/14%/78%    0.807    0.397    95.0%     0.0%   2.8769   0.0088     0.9%
   845     5.8s    0.0017    25.0%    25.0%    61.3%        9%/7%/84%    0.814    0.485    75.0%     0.0%   2.4007   0.0045     1.0%
   846     5.0s    0.0008    25.0%    25.0%    70.9%       16%/7%/77%    1.026    0.393    60.0%     0.0%   2.0875   0.0024     0.8%
   847    17.5s    0.0011     0.0%     0.0%    33.2%      13%/14%/73%    0.000    0.548    95.0%     0.0%   2.2038   0.0019     0.8%
   848    23.4s    0.0045     0.0%     0.0%    13.6%        1%/0%/99%    0.000    0.626   100.0%     0.0%   3.0483  -0.0013     2.0%
   849    15.1s    0.0027    10.0%    10.0%    43.1%      11%/16%/72%    1.955    0.409    90.0%     0.0%   2.5717   0.0003     0.7%
   850    11.9s    0.0044    10.0%    10.0%    40.6%       13%/7%/80%    2.016    0.508    90.0%     0.0%   2.2764   0.0096     0.4%
  [MA20] reward=0.0024 task_sr=14.0% miss=82.2% time_limit=0.0% v2v=76.7%
  [RWRD] r_prog=0.0710 r_term=-0.0273 r_illegal=0.0000
  [PPO ] p_loss=0.0006 v_loss=0.5602 entropy=2.2764 grad=4.3068 active=100.0%
  [SIM ] avg_power(a)=0.5139 rsu_q=0.000 tx=114 no_tx=18 deadlock=0 svc=0.000GHz idle=0.0%
   851    22.2s    0.0028     5.0%     5.0%    30.2%       11%/9%/81%    1.875    0.562    90.0%     0.0%   2.6143   0.0068     0.8%
   852    34.3s    0.0021     0.0%     0.0%    26.2%       4%/10%/86%    0.000    0.629   100.0%     0.0%   2.9656   0.0060     0.4%
   853    42.7s    0.0031     5.0%     5.0%    21.0%       9%/13%/78%    1.815    0.493    95.0%     0.0%   2.8941   0.0015     0.6%
   854    11.7s    0.0024     5.0%     5.0%    56.5%      15%/13%/72%    1.455    0.435    90.0%     0.0%   2.3849   0.0047     0.6%
   855    11.9s    0.0034    15.0%    15.0%    55.1%      12%/15%/73%    2.011    0.516    85.0%     0.0%   2.3468   0.0047     0.1%
   856     6.7s    0.0037    35.0%    35.0%    59.2%      11%/12%/77%    0.889    0.460    65.0%     0.0%   2.4410   0.0056     0.2%
  [LateGuard] restore best_model at ep856 (drop=0.284, freeze=False)
   857    13.3s    0.0031     0.0%     0.0%    47.2%       9%/10%/81%    0.000    0.505    90.0%     0.0%   2.4149   0.0049     1.2%
   858    16.5s    0.0038     5.0%     5.0%    38.0%       7%/15%/78%    2.031    0.515    95.0%     0.0%   2.5534   0.0075     1.2%
   859    11.7s    0.0019    10.0%    10.0%    64.1%       9%/17%/74%    1.626    0.360    80.0%     0.0%   2.2602   0.0052     0.9%
   860    10.0s    0.0020    10.0%    10.0%    57.7%      16%/15%/69%    1.581    0.511    85.0%     0.0%   2.1405   0.0077     1.2%
  [MA20] reward=0.0027 task_sr=12.3% miss=84.2% time_limit=0.0% v2v=77.5%
  [RWRD] r_prog=0.0491 r_term=-0.0288 r_illegal=0.0000
  [PPO ] p_loss=0.0136 v_loss=0.7227 entropy=2.1405 grad=6.9664 active=100.0%
  [SIM ] avg_power(a)=0.4974 rsu_q=0.103 tx=123 no_tx=26 deadlock=0 svc=0.000GHz idle=0.0%

    Ep    Wall    R/step     T_SR     V_SR     S_SR            L/R/V   Lat(s)       En     Miss      Ill      Ent       KL     Clip
--------------------------------------------------------------------------------------------------------------------------------
   861     5.0s    0.0017    30.0%    30.0%    73.8%      14%/12%/73%    1.086    0.391    50.0%     0.0%   2.0409   0.0025     0.8%
   862    11.5s    0.0016     0.0%     0.0%    45.5%        8%/8%/84%    0.000    0.451   100.0%     0.0%   2.3001   0.0105     0.7%
   863     6.4s    0.0031    40.0%    40.0%    83.2%      10%/12%/78%    1.707    0.471    60.0%     0.0%   2.3622   0.0035     0.4%
   864     5.6s    0.0025    30.0%    30.0%    74.8%       13%/9%/78%    1.169    0.359    70.0%     0.0%   2.2459   0.0017     0.7%
   865    13.3s    0.0026     0.0%     0.0%    28.1%        6%/5%/88%    0.000    0.577   100.0%     0.0%   2.4775   0.0064     1.4%
   866     6.7s    0.0010    20.0%    20.0%    62.6%      11%/13%/76%    0.869    0.419    80.0%     0.0%   2.1411   0.0044     0.9%
   867    22.7s    0.0035     5.0%     5.0%    39.0%       5%/17%/78%    1.159    0.464    95.0%     0.0%   2.9183   0.0020     1.6%
   868    11.0s    0.0021     5.0%     5.0%    41.7%      17%/11%/73%    1.488    0.534    85.0%     0.0%   2.1754   0.0015     0.9%
   869     6.4s    0.0008    20.0%    20.0%    65.7%       16%/4%/79%    1.383    0.461    80.0%     0.0%   2.1770   0.0034     1.1%
   870     5.5s    0.0042    40.0%    40.0%    77.7%       9%/11%/80%    1.382    0.417    50.0%     0.0%   2.2388   0.0022     0.9%
  [MA20] reward=0.0026 task_sr=14.0% miss=82.2% time_limit=0.0% v2v=77.8%
  [RWRD] r_prog=0.0502 r_term=-0.0081 r_illegal=0.0000
  [PPO ] p_loss=-0.0030 v_loss=0.8893 entropy=2.2388 grad=6.8074 active=100.0%
  [SIM ] avg_power(a)=0.4929 rsu_q=0.391 tx=102 no_tx=13 deadlock=0 svc=0.000GHz idle=0.0%
   871    12.9s    0.0014     0.0%     0.0%    37.6%        9%/8%/83%    0.000    0.520    95.0%     0.0%   2.4107   0.0046     1.3%
  [LateGuard] restore best_model at ep871 (drop=0.257, freeze=False)
   872    36.7s    0.0037     0.0%     0.0%    18.8%        4%/9%/86%    0.000    0.576   100.0%     0.0%   2.9921   0.0094     1.2%
   873    11.7s    0.0028     5.0%     5.0%    36.5%       12%/8%/80%    2.293    0.599    95.0%     0.0%   2.3084   0.0018     1.2%
   874    22.9s    0.0022     0.0%     0.0%    37.5%      11%/14%/75%    0.000    0.454    95.0%     0.0%   2.4061   0.0009     1.3%
   875    11.6s    0.0019     5.0%     5.0%    44.8%       8%/10%/82%    1.370    0.440    95.0%     0.0%   2.4354   0.0093     0.5%
   876     5.4s    0.0022    40.0%    40.0%    77.7%      10%/12%/78%    1.184    0.289    55.0%     0.0%   2.2873   0.0013     1.4%
   877    11.3s    0.0008     0.0%     0.0%    39.2%      10%/11%/79%    0.000    0.520    95.0%     0.0%   2.3563   0.0015     0.8%
   878    10.2s    0.0019    15.0%    15.0%    58.4%      13%/17%/70%    1.930    0.478    85.0%     0.0%   2.0107   0.0022     0.7%
   879    11.8s    0.0015     0.0%     0.0%    40.3%       9%/10%/81%    0.000    0.529   100.0%     0.0%   2.4213   0.0094     0.6%
   880    21.0s    0.0026    10.0%    10.0%    36.0%       6%/13%/81%    2.637    0.355    70.0%     0.0%   2.2492   0.0002     0.7%
  [MA20] reward=0.0022 task_sr=13.2% miss=82.8% time_limit=0.0% v2v=79.1%
  [RWRD] r_prog=0.0539 r_term=-0.0276 r_illegal=0.0000
  [PPO ] p_loss=-0.0047 v_loss=0.7059 entropy=2.2492 grad=5.4514 active=100.0%
  [SIM ] avg_power(a)=0.5198 rsu_q=0.111 tx=130 no_tx=10 deadlock=0 svc=0.000GHz idle=0.0%

    Ep    Wall    R/step     T_SR     V_SR     S_SR            L/R/V   Lat(s)       En     Miss      Ill      Ent       KL     Clip
--------------------------------------------------------------------------------------------------------------------------------
   881    10.4s    0.0030     5.0%     5.0%    57.4%      16%/16%/68%    1.686    0.385    90.0%     0.0%   2.1124   0.0039     0.5%
   882    10.9s    0.0035    15.0%    15.0%    62.0%      10%/14%/77%    2.306    0.404    75.0%     0.0%   2.2834  -0.0015     0.4%
   883    17.5s    0.0019     5.0%     5.0%    46.3%      11%/19%/70%    2.269    0.533    95.0%     0.0%   2.5110   0.0023     0.4%
   884    12.4s    0.0025     0.0%     0.0%    42.4%      13%/13%/74%    0.000    0.542    90.0%     0.0%   2.2477   0.0015     0.5%
   885    14.4s    0.0033    15.0%    15.0%    44.8%       8%/20%/72%    1.718    0.404    85.0%     0.0%   2.4559   0.0043     0.4%
   886    11.7s    0.0022     0.0%     0.0%    50.0%      13%/17%/70%    0.000    0.479    90.0%     0.0%   2.1959  -0.0002     0.7%
  [LateGuard] restore best_model at ep886 (drop=0.361, freeze=False)
   887    11.7s    0.0022     0.0%     0.0%    43.2%       7%/13%/80%    0.000    0.529   100.0%     0.0%   2.4182  -0.0002     1.8%
   888     9.3s    0.0019    20.0%    20.0%    70.1%      12%/12%/76%    1.924    0.327    75.0%     0.0%   2.0534   0.0047     1.2%
   889    11.5s    0.0006     0.0%     0.0%    49.0%       9%/14%/77%    0.000    0.455    90.0%     0.0%   2.3026   0.0046     1.1%
   890    17.8s    0.0049     0.0%     0.0%    33.6%      12%/10%/78%    0.000    0.492   100.0%     0.0%   2.2320   0.0028     0.9%
  [MA20] reward=0.0024 task_sr=6.7% miss=88.8% time_limit=0.0% v2v=76.9%
  [RWRD] r_prog=0.0767 r_term=-0.0275 r_illegal=0.0000
  [PPO ] p_loss=0.0007 v_loss=0.6901 entropy=2.2320 grad=4.2369 active=100.0%
  [SIM ] avg_power(a)=0.5111 rsu_q=0.054 tx=122 no_tx=18 deadlock=0 svc=0.000GHz idle=0.0%
   891    13.2s    0.0033     5.0%     5.0%    34.8%       10%/6%/84%    2.267    0.607    90.0%     0.0%   2.3465   0.0012     0.9%
   892    24.2s    0.0030    15.0%    15.0%    37.5%      19%/17%/64%    2.667    0.474    85.0%     0.0%   2.4025   0.0039     0.7%
   893     6.9s    0.0012    15.0%    15.0%    49.6%        5%/7%/88%    1.400    0.483    85.0%     0.0%   2.4086   0.0104     0.9%
   894    12.0s    0.0031    10.0%    10.0%    44.0%      13%/13%/74%    1.896    0.425    85.0%     0.0%   2.3884   0.0029     0.5%
   895    11.9s    0.0020    10.0%    10.0%    39.9%       9%/10%/81%    2.280    0.358    90.0%     0.0%   2.3021 -9.27e-05     0.5%
   896    11.5s    0.0046    10.0%    10.0%    47.2%      15%/15%/70%    1.425    0.480    80.0%     0.0%   2.2537   0.0049     1.1%
   897     9.8s    0.0030    15.0%    15.0%    60.9%      15%/11%/73%    1.856    0.336    70.0%     0.0%   2.1924   0.0059     0.9%
   898    18.7s    0.0027     0.0%     0.0%    31.3%       8%/11%/81%    0.000    0.439   100.0%     0.0%   2.2324   0.0078     1.1%
   899    10.6s    0.0025     0.0%     0.0%    48.0%      12%/13%/75%    0.000    0.420    85.0%     0.0%   2.1872   0.0039     0.7%
   900    18.4s    0.0012     0.0%     0.0%    35.3%      13%/13%/74%    0.000    0.439    85.0%     0.0%   2.2082   0.0035     0.9%
  [MA20] reward=0.0026 task_sr=7.0% miss=87.3% time_limit=0.0% v2v=75.4%
  [RWRD] r_prog=0.0424 r_term=-0.0306 r_illegal=0.0000
  [PPO ] p_loss=-0.0045 v_loss=0.6708 entropy=2.2082 grad=8.9813 active=100.0%
  [SIM ] avg_power(a)=0.4997 rsu_q=0.211 tx=114 no_tx=21 deadlock=0 svc=0.000GHz idle=0.0%
  [Checkpoint] saved: ep0900.pth

    Ep    Wall    R/step     T_SR     V_SR     S_SR            L/R/V   Lat(s)       En     Miss      Ill      Ent       KL     Clip
--------------------------------------------------------------------------------------------------------------------------------
   901    39.2s    0.0018     0.0%     0.0%    16.2%        5%/7%/88%    0.000    0.685   100.0%     0.0%   2.9175   0.0034     0.8%
  [LateGuard] restore best_model at ep901 (drop=0.464, freeze=False)
   902    13.3s    0.0013     0.0%     0.0%    56.1%      12%/15%/74%    0.000    0.417    90.0%     0.0%   2.3043   0.0018     1.4%
   903    32.7s    0.0037     0.0%     0.0%    25.1%       6%/15%/79%    0.000    0.547    95.0%     0.0%   2.8594   0.0012     1.5%
   904    12.0s    0.0024     0.0%     0.0%    37.4%        7%/9%/83%    0.000    0.517    95.0%     0.0%   2.3239   0.0027     0.7%
   905    16.9s    0.0021     5.0%     5.0%    54.8%      15%/12%/73%    3.228    0.405    85.0%     0.0%   2.1320   0.0016     0.9%
   906    17.3s    0.0018     5.0%     5.0%    55.6%      11%/15%/73%    3.216    0.394    90.0%     0.0%   2.1242   0.0041     0.5%
   907     9.7s    0.0045    30.0%    30.0%    69.7%       9%/23%/68%    1.956    0.270    65.0%     0.0%   2.2794   0.0040     0.7%
   908     5.7s    0.0026    30.0%    30.0%    73.2%        7%/9%/84%    1.122    0.392    70.0%     0.0%   2.3309   0.0049     1.6%
   909    17.4s    0.0015     5.0%     5.0%    53.5%      11%/19%/70%    2.741    0.390    85.0%     0.0%   2.2123   0.0060     0.7%
   910    10.4s    0.0046    25.0%    25.0%    64.0%      15%/16%/70%    2.151    0.398    65.0%     0.0%   2.1134   0.0025     1.0%
  [MA20] reward=0.0027 task_sr=9.0% miss=84.7% time_limit=0.0% v2v=76.4%
  [RWRD] r_prog=0.0664 r_term=-0.0201 r_illegal=0.0000
  [PPO ] p_loss=0.0077 v_loss=0.7192 entropy=2.1134 grad=5.6216 active=100.0%
  [SIM ] avg_power(a)=0.4887 rsu_q=0.448 tx=129 no_tx=25 deadlock=0 svc=0.000GHz idle=0.0%
   911    11.3s    0.0030     0.0%     0.0%    43.3%      11%/11%/77%    0.000    0.514    95.0%     0.0%   2.3706  -0.0001     0.8%
   912    20.9s    0.0019     0.0%     0.0%    32.2%       12%/8%/80%    0.000    0.639    90.0%     0.0%   2.3172   0.0006     1.0%
   913    10.1s    0.0005     5.0%     5.0%    36.2%        5%/6%/88%    1.159    0.471    95.0%     0.0%   2.8472   0.0038     0.8%
   914    11.5s    0.0023     5.0%     5.0%    36.1%      11%/13%/76%    1.566    0.570    95.0%     0.0%   2.4199   0.0041     2.0%
   915    14.0s    0.0016     0.0%     0.0%    29.9%        6%/6%/88%    0.000    0.586   100.0%     0.0%   2.9658   0.0122     2.0%
   916    19.1s    0.0023     0.0%     0.0%    44.3%      10%/13%/77%    0.000    0.574    85.0%     0.0%   2.2771   0.0025     1.2%
  [LateGuard] restore best_model at ep916 (drop=0.568, freeze=False)
   917     4.9s    0.0041    60.0%    60.0%    84.9%      10%/13%/77%    1.251    0.259    40.0%     0.0%   2.1943   0.0064     0.6%
   918    11.4s    0.0043    15.0%    15.0%    53.3%      10%/11%/79%    2.022    0.467    85.0%     0.0%   2.2492   0.0039     1.1%
   919    20.4s    0.0042     0.0%     0.0%    30.5%        9%/8%/83%    0.000    0.665   100.0%     0.0%   2.3018   0.0017     1.6%
   920    12.7s   -0.0004     0.0%     0.0%    50.2%      10%/16%/74%    0.000    0.482    90.0%     0.0%   2.1972   0.0045     1.6%
  [MA20] reward=0.0025 task_sr=9.2% miss=85.8% time_limit=0.0% v2v=78.2%
  [RWRD] r_prog=0.0360 r_term=-0.0400 r_illegal=0.0000
  [PPO ] p_loss=-0.0039 v_loss=1.4244 entropy=2.1972 grad=17.1328 active=100.0%
  [SIM ] avg_power(a)=0.5200 rsu_q=0.571 tx=119 no_tx=15 deadlock=0 svc=0.000GHz idle=0.0%

    Ep    Wall    R/step     T_SR     V_SR     S_SR            L/R/V   Lat(s)       En     Miss      Ill      Ent       KL     Clip
--------------------------------------------------------------------------------------------------------------------------------
   921    10.7s    0.0025     0.0%     0.0%    41.6%      11%/10%/79%    0.000    0.454    95.0%     0.0%   2.3024   0.0092     1.5%
   922     5.5s    0.0030    45.0%    45.0%    83.3%       9%/12%/79%    1.235    0.310    45.0%     0.0%   2.1338   0.0076     1.1%
   923    10.3s    0.0042     5.0%     5.0%    64.0%       9%/13%/78%    1.937    0.398    90.0%     0.0%   2.1312   0.0050     1.4%
   924    16.8s    0.0037     0.0%     0.0%    33.5%        6%/7%/87%    0.000    0.569   100.0%     0.0%   2.5954   0.0078     1.1%
   925     6.3s   -0.0004     5.0%     5.0%    50.4%      11%/10%/80%    0.675    0.445    95.0%     0.0%   2.3969   0.0114     0.6%
   926     5.8s    0.0004    30.0%    30.0%    60.5%      11%/21%/68%    1.222    0.271    65.0%     0.0%   2.2364   0.0062     1.0%
   927     5.0s    0.0025    55.0%    55.0%    75.2%      10%/14%/76%    0.997    0.179    40.0%     0.0%   2.2496   0.0059     0.5%
   928    19.8s    0.0018     5.0%     5.0%    36.0%      10%/18%/73%    1.046    0.566    95.0%     0.0%   2.4656   0.0055     1.2%
   929    19.7s    0.0024     5.0%     5.0%    46.6%      10%/14%/76%    2.983    0.494    85.0%     0.0%   2.1876   0.0007     1.6%
   930    22.0s    0.0036     5.0%     5.0%    29.0%       6%/13%/81%    1.566    0.636    95.0%     0.0%   2.9223   0.0082     1.2%
  [MA20] reward=0.0024 task_sr=12.0% miss=84.0% time_limit=0.0% v2v=78.8%
  [RWRD] r_prog=0.0672 r_term=-0.0309 r_illegal=0.0000
  [PPO ] p_loss=-0.0010 v_loss=0.5995 entropy=2.9223 grad=3.4141 active=100.0%
  [SIM ] avg_power(a)=0.5032 rsu_q=0.207 tx=109 no_tx=7 deadlock=0 svc=0.000GHz idle=0.0%
   931    23.6s    0.0028     0.0%     0.0%    31.0%        9%/8%/83%    0.000    0.545    90.0%     0.0%   2.5464   0.0066     0.9%
  [LateGuard] restore best_model at ep931 (drop=0.481, freeze=False)
   932    22.7s    0.0035     0.0%     0.0%    34.8%      13%/11%/77%    0.000    0.586    95.0%     0.0%   2.2369  -0.0011     1.1%
   933    12.1s    0.0018     5.0%     5.0%    42.3%       7%/16%/77%    2.228    0.537    90.0%     0.0%   2.3822   0.0066     1.3%
   934    13.5s    0.0031    15.0%    15.0%    42.1%      11%/16%/73%    1.431    0.496    85.0%     0.0%   2.3877  -0.0002     1.1%
   935    18.5s    0.0012     0.0%     0.0%    32.1%       12%/9%/79%    0.000    0.437    85.0%     0.0%   2.3718   0.0045     1.4%
   936     5.6s    0.0020    25.0%    25.0%    67.5%      11%/10%/79%    1.277    0.383    70.0%     0.0%   2.2914   0.0026     2.3%
   937    23.6s    0.0040     0.0%     0.0%    24.3%        6%/6%/88%    0.000    0.555   100.0%     0.0%   3.0653  -0.0028     1.6%
   938    11.3s    0.0041     0.0%     0.0%    50.7%      13%/12%/75%    0.000    0.548   100.0%     0.0%   2.3091   0.0072     1.6%
   939    10.0s    0.0033    10.0%    10.0%    69.9%      11%/17%/72%    1.831    0.404    90.0%     0.0%   2.1375   0.0047     1.2%
   940    16.9s    0.0012    15.0%    15.0%    38.9%       8%/18%/74%    1.724    0.430    85.0%     0.0%   2.5810  -0.0019     2.0%
  [MA20] reward=0.0025 task_sr=11.2% miss=84.7% time_limit=0.0% v2v=77.6%
  [RWRD] r_prog=0.0353 r_term=-0.0229 r_illegal=0.0000
  [PPO ] p_loss=-0.0030 v_loss=0.6610 entropy=2.5810 grad=4.1749 active=100.0%
  [SIM ] avg_power(a)=0.5099 rsu_q=0.621 tx=119 no_tx=11 deadlock=0 svc=0.000GHz idle=0.0%

    Ep    Wall    R/step     T_SR     V_SR     S_SR            L/R/V   Lat(s)       En     Miss      Ill      Ent       KL     Clip
--------------------------------------------------------------------------------------------------------------------------------
   941     6.7s    0.0013    10.0%    10.0%    41.4%       10%/7%/84%    1.156    0.471    90.0%     0.0%   2.3933   0.0062     1.6%
   942     6.1s    0.0031    45.0%    45.0%    71.9%        9%/9%/83%    1.300    0.300    45.0%     0.0%   2.3615   0.0007     1.0%
   943     5.1s    0.0009    30.0%    30.0%    71.3%      18%/16%/66%    0.998    0.401    65.0%     0.0%   2.2032  -0.0026     1.2%
   944     9.4s    0.0020     0.0%     0.0%    47.6%       12%/9%/79%    0.000    0.476    95.0%     0.0%   2.1805   0.0072     0.7%
   945    11.0s    0.0032    10.0%    10.0%    55.2%      10%/16%/73%    2.039    0.408    80.0%     0.0%   2.3243   0.0016     0.6%
   946    11.5s    0.0014     5.0%     5.0%    38.4%      10%/11%/79%    1.779    0.477    90.0%     0.0%   2.3958   0.0019     1.2%
  [LateGuard] restore best_model at ep946 (drop=0.426, freeze=False)
   947    11.9s    0.0033     0.0%     0.0%    45.0%      10%/10%/80%    0.000    0.433    80.0%     0.0%   2.3863   0.0005     0.8%
   948    20.5s    0.0017     5.0%     5.0%    40.5%       9%/12%/79%    1.526    0.500    90.0%     0.0%   2.8103   0.0025     1.2%
   949    16.8s    0.0015    10.0%    10.0%    36.1%      11%/11%/78%    2.184    0.433    75.0%     0.0%   2.1493   0.0043     0.8%
   950     6.0s    0.0008    20.0%    20.0%    64.1%      11%/11%/78%    1.330    0.385    75.0%     0.0%   2.2348   0.0057     1.0%
  [MA20] reward=0.0023 task_sr=10.2% miss=83.8% time_limit=0.0% v2v=77.8%
  [RWRD] r_prog=0.0331 r_term=-0.0249 r_illegal=0.0000
  [PPO ] p_loss=-0.0019 v_loss=0.8613 entropy=2.2348 grad=4.4249 active=100.0%
  [SIM ] avg_power(a)=0.5002 rsu_q=0.000 tx=87 no_tx=14 deadlock=0 svc=0.000GHz idle=0.0%
   951     6.8s    0.0043    30.0%    30.0%    54.8%       12%/5%/83%    1.505    0.458    70.0%     0.0%   2.4679 -6.63e-05     1.6%
   952     5.3s    0.0020    45.0%    45.0%    78.3%      15%/16%/68%    1.434    0.253    50.0%     0.0%   2.0958   0.0105     0.5%
   953    12.6s    0.0030     0.0%     0.0%    31.8%        7%/5%/89%    0.000    0.628   100.0%     0.0%   2.4668   0.0039     0.9%
   954    20.1s    0.0034    10.0%    10.0%    41.3%       9%/16%/74%    1.578    0.526    90.0%     0.0%   2.8362   0.0042     1.2%
   955     5.7s    0.0004    15.0%    15.0%    53.6%       12%/5%/83%    1.180    0.365    80.0%     0.0%   2.2597   0.0063     0.7%
   956    12.2s    0.0019     5.0%     5.0%    51.4%      11%/17%/72%    1.476    0.540    90.0%     0.0%   2.3117   0.0061     0.8%
   957    18.2s    0.0037     0.0%     0.0%    34.8%      13%/11%/76%    0.000    0.493    95.0%     0.0%   2.2828   0.0022     0.9%
   958    24.3s    0.0049     0.0%     0.0%    40.6%      14%/11%/75%    0.000    0.492   100.0%     0.0%   2.3654   0.0046     1.3%
   959    11.3s    0.0034     0.0%     0.0%    47.2%       5%/16%/79%    0.000    0.435    85.0%     0.0%   2.2068   0.0006     1.4%
   960    12.3s    0.0023     0.0%     0.0%    35.6%       8%/11%/80%    0.000    0.597   100.0%     0.0%   2.2738   0.0027     1.1%
  [MA20] reward=0.0024 task_sr=12.0% miss=82.2% time_limit=0.0% v2v=78.0%
  [RWRD] r_prog=0.0558 r_term=-0.0328 r_illegal=0.0000
  [PPO ] p_loss=-0.0070 v_loss=0.6198 entropy=2.2738 grad=3.0086 active=100.0%
  [SIM ] avg_power(a)=0.4994 rsu_q=0.419 tx=113 no_tx=11 deadlock=0 svc=0.000GHz idle=0.0%

    Ep    Wall    R/step     T_SR     V_SR     S_SR            L/R/V   Lat(s)       En     Miss      Ill      Ent       KL     Clip
--------------------------------------------------------------------------------------------------------------------------------
   961    10.7s    0.0015    15.0%    15.0%    47.0%       9%/10%/81%    0.999    0.425    85.0%     0.0%   2.6977   0.0043     1.1%
  [LateGuard] restore best_model at ep961 (drop=0.383, freeze=False)
   962    10.5s    0.0012     0.0%     0.0%    48.7%      12%/10%/78%    0.000    0.480   100.0%     0.0%   2.3248   0.0091     1.0%
   963     5.8s    0.0021    45.0%    45.0%    65.4%      12%/10%/78%    1.174    0.408    45.0%     0.0%   2.2911   0.0063     1.4%
   964    11.1s    0.0019     0.0%     0.0%    45.6%      13%/16%/71%    0.000    0.417    95.0%     0.0%   2.1840   0.0001     0.9%
   965    10.8s    0.0032     0.0%     0.0%    42.6%      10%/10%/80%    0.000    0.462   100.0%     0.0%   2.2692   0.0060     1.4%
   966    16.0s    0.0032     5.0%     5.0%    45.7%       7%/11%/81%    1.631    0.664    90.0%     0.0%   2.4875   0.0027     0.9%
   967    12.2s    0.0012     5.0%     5.0%    43.3%       10%/8%/82%    1.840    0.420    80.0%     0.0%   2.5541   0.0075     1.2%
   968    11.9s    0.0039    10.0%    10.0%    44.4%       9%/15%/76%    1.448    0.467    80.0%     0.0%   2.2941   0.0076     1.1%
   969    11.1s    0.0041    10.0%    10.0%    53.6%      11%/10%/79%    2.662    0.520    85.0%     0.0%   2.2096   0.0035     1.0%
   970    10.6s    0.0022    10.0%    10.0%    48.2%      13%/12%/75%    2.073    0.509    90.0%     0.0%   2.2252   0.0058     0.8%
  [MA20] reward=0.0027 task_sr=10.2% miss=85.5% time_limit=0.0% v2v=78.1%
  [RWRD] r_prog=0.0492 r_term=-0.0276 r_illegal=0.0000
  [PPO ] p_loss=-0.0028 v_loss=0.4997 entropy=2.2252 grad=2.3095 active=100.0%
  [SIM ] avg_power(a)=0.5126 rsu_q=0.103 tx=113 no_tx=18 deadlock=0 svc=0.000GHz idle=0.0%
   971    11.4s    0.0023    15.0%    15.0%    47.7%       8%/15%/77%    1.120    0.461    85.0%     0.0%   2.7867   0.0011     0.9%
   972    10.0s    0.0039     5.0%     5.0%    46.5%      12%/12%/76%    1.722    0.557    80.0%     0.0%   2.1591   0.0049     0.7%
   973     6.8s   -0.0007     0.0%     0.0%    54.1%       10%/6%/85%    0.000    0.604   100.0%     0.0%   2.4099   0.0066     0.4%
   974    10.4s    0.0026     5.0%     5.0%    57.2%      12%/12%/76%    2.422    0.522    85.0%     0.0%   2.1245  -0.0017     0.6%
   975    19.0s    0.0033     0.0%     0.0%    23.4%        8%/3%/89%    0.000    0.553   100.0%     0.0%   2.3815  -0.0007     1.2%
   976     6.6s    0.0010    15.0%    15.0%    50.0%        9%/9%/83%    0.848    0.477    85.0%     0.0%   2.4309   0.0063     0.5%
  [LateGuard] restore best_model at ep976 (drop=0.432, freeze=False)
   977     9.1s    0.0022    20.0%    20.0%    63.4%      14%/12%/73%    1.350    0.443    75.0%     0.0%   2.6850  -0.0014     2.2%
   978    10.7s    0.0030    20.0%    20.0%    61.9%      15%/14%/71%    1.935    0.381    80.0%     0.0%   2.1019   0.0032     0.9%
   979    11.2s    0.0018    15.0%    15.0%    58.3%      12%/17%/71%    1.706    0.346    80.0%     0.0%   2.1825   0.0048     0.8%
   980    11.7s    0.0019     5.0%     5.0%    44.0%      13%/10%/77%    1.643    0.585    90.0%     0.0%   2.3436   0.0039     1.1%
  [MA20] reward=0.0023 task_sr=10.0% miss=85.5% time_limit=0.0% v2v=78.0%
  [RWRD] r_prog=0.0516 r_term=-0.0327 r_illegal=0.0000
  [PPO ] p_loss=-0.0051 v_loss=0.6978 entropy=2.3436 grad=2.9133 active=100.0%
  [SIM ] avg_power(a)=0.5006 rsu_q=0.034 tx=117 no_tx=18 deadlock=0 svc=0.000GHz idle=0.0%

    Ep    Wall    R/step     T_SR     V_SR     S_SR            L/R/V   Lat(s)       En     Miss      Ill      Ent       KL     Clip
--------------------------------------------------------------------------------------------------------------------------------
   981     9.9s    0.0020    15.0%    15.0%    53.0%      12%/13%/74%    0.740    0.479    85.0%     0.0%   2.6485  -0.0011     1.6%
   982    25.7s    0.0029    10.0%    10.0%    44.8%      12%/17%/71%    3.125    0.454    85.0%     0.0%   2.5203   0.0037     1.1%
   983    12.7s    0.0032    15.0%    15.0%    50.0%       7%/16%/77%    1.983    0.393    75.0%     0.0%   2.2727   0.0031     0.9%
   984    12.5s    0.0018     0.0%     0.0%    48.5%      15%/16%/70%    0.000    0.590    90.0%     0.0%   2.4205  -0.0017     1.0%
   985    12.7s    0.0038     5.0%     5.0%    45.5%       8%/13%/79%    1.907    0.509    90.0%     0.0%   2.4543   0.0060     1.1%
   986     5.1s    0.0009    25.0%    25.0%    78.8%      13%/14%/73%    0.951    0.368    65.0%     0.0%   2.1519   0.0037     0.8%
   987    10.4s    0.0023    25.0%    25.0%    63.9%      11%/18%/71%    2.219    0.433    70.0%     0.0%   2.1427   0.0025     0.9%
   988     7.3s    0.0017    20.0%    20.0%    57.7%      16%/15%/69%    0.744    0.422    80.0%     0.0%   2.4052   0.0063     0.5%
   989    11.0s    0.0022    10.0%    10.0%    50.0%       9%/13%/78%    1.260    0.529    90.0%     0.0%   2.2815 -3.32e-05     1.1%
   990     5.5s    0.0018    35.0%    35.0%    74.3%      15%/10%/75%    1.409    0.326    55.0%     0.0%   2.1332   0.0058     1.0%
  [MA20] reward=0.0022 task_sr=13.0% miss=82.2% time_limit=0.0% v2v=75.7%
  [RWRD] r_prog=0.0305 r_term=-0.0126 r_illegal=0.0000
  [PPO ] p_loss=-0.0145 v_loss=0.7652 entropy=2.1332 grad=7.5281 active=100.0%
  [SIM ] avg_power(a)=0.4943 rsu_q=0.000 tx=97 no_tx=19 deadlock=0 svc=0.000GHz idle=0.0%
   991     9.7s    0.0029    10.0%    10.0%    67.4%      11%/14%/75%    2.231    0.330    80.0%     0.0%   2.2236   0.0053     0.7%
  [LateGuard] restore best_model at ep991 (drop=0.344, freeze=False)
   992    14.8s    0.0049    20.0%    20.0%    39.7%      12%/16%/72%    1.707    0.447    75.0%     0.0%   2.3652   0.0049     1.3%
   993    21.9s    0.0038     5.0%     5.0%    41.5%      14%/11%/74%    2.052    0.475    95.0%     0.0%   2.2940   0.0070     1.0%
   994    10.4s   -0.0004    10.0%    10.0%    48.5%       7%/19%/75%    0.615    0.382    85.0%     0.0%   2.6621   0.0021     1.5%
   995     9.9s    0.0028    20.0%    20.0%    48.2%      12%/12%/75%    2.017    0.504    70.0%     0.0%   2.2652   0.0043     0.8%
   996    11.7s    0.0025     0.0%     0.0%    36.2%       11%/8%/81%    0.000    0.519   100.0%     0.0%   2.4132   0.0077     0.9%
   997    18.4s    0.0019     0.0%     0.0%    29.4%       7%/11%/82%    0.000    0.474    95.0%     0.0%   2.3592   0.0025     1.3%
   998    18.9s    0.0026    10.0%    10.0%    38.1%      11%/10%/79%    1.746    0.534    90.0%     0.0%   2.7898   0.0023     1.4%
   999    20.8s    0.0062     0.0%     0.0%    30.9%       10%/8%/82%    0.000    0.620    95.0%     0.0%   2.3801   0.0039     1.0%
  1000     6.0s    0.0010    10.0%    10.0%    61.8%      12%/12%/76%    0.826    0.477    90.0%     0.0%   2.2947   0.0065     1.1%
  [MA20] reward=0.0025 task_sr=12.3% miss=83.0% time_limit=0.0% v2v=75.4%
  [RWRD] r_prog=0.0432 r_term=-0.0333 r_illegal=0.0000
  [PPO ] p_loss=-0.0233 v_loss=0.7480 entropy=2.2947 grad=9.2508 active=100.0%
  [SIM ] avg_power(a)=0.5035 rsu_q=0.000 tx=99 no_tx=14 deadlock=0 svc=0.000GHz idle=0.0%
  [Checkpoint] saved: ep1000.pth

    Ep    Wall    R/step     T_SR     V_SR     S_SR            L/R/V   Lat(s)       En     Miss      Ill      Ent       KL     Clip
--------------------------------------------------------------------------------------------------------------------------------
  1001    10.4s    0.0027     5.0%     5.0%    47.7%      13%/11%/76%    2.244    0.499    75.0%     0.0%   2.1713   0.0015     0.8%
  1002    15.9s    0.0023    10.0%    10.0%    36.0%      17%/13%/70%    1.241    0.488    85.0%     0.0%   2.6762   0.0076     1.2%
  1003     7.9s    0.0017    30.0%    30.0%    65.6%      12%/12%/76%    1.678    0.457    70.0%     0.0%   2.4383   0.0027     0.5%
  1004    12.0s    0.0017     0.0%     0.0%    39.3%      10%/10%/81%    0.000    0.504    95.0%     0.0%   2.2642   0.0011     0.7%
  1005     4.5s    0.0045    40.0%    40.0%    74.0%      12%/10%/78%    1.027    0.375    55.0%     0.0%   2.0934  -0.0033     0.9%
  1006    20.3s    0.0014     0.0%     0.0%    28.1%      10%/11%/79%    0.000    0.474   100.0%     0.0%   2.3745   0.0043     0.7%
  [LateGuard] restore best_model at ep1006 (drop=0.421, freeze=False)
  1007     9.3s    0.0038    10.0%    10.0%    57.9%      11%/13%/75%    1.400    0.433    90.0%     0.0%   2.1959   0.0097     1.2%
  1008    12.2s    0.0016     5.0%     5.0%    51.2%      13%/17%/70%    2.414    0.458    90.0%     0.0%   2.2517   0.0097     1.1%
  1009    20.0s    0.0029     0.0%     0.0%    42.0%      10%/11%/79%    0.000    0.477   100.0%     0.0%   2.2824   0.0067     0.9%
  1010    11.1s    0.0019     0.0%     0.0%    47.4%      11%/12%/77%    0.000    0.500    90.0%     0.0%   2.3331   0.0025     0.8%
  [MA20] reward=0.0026 task_sr=9.3% miss=86.2% time_limit=0.0% v2v=76.7%
  [RWRD] r_prog=0.0574 r_term=-0.0386 r_illegal=0.0000
  [PPO ] p_loss=-0.0099 v_loss=0.7523 entropy=2.3331 grad=8.2093 active=100.0%
  [SIM ] avg_power(a)=0.5016 rsu_q=0.103 tx=121 no_tx=17 deadlock=0 svc=0.000GHz idle=0.0%
  1011    11.1s    0.0019     0.0%     0.0%    40.6%       14%/7%/80%    0.000    0.480   100.0%     0.0%   2.2996   0.0032     1.2%
  1012    10.8s    0.0035    15.0%    15.0%    56.2%      13%/16%/71%    2.279    0.428    70.0%     0.0%   2.1930   0.0036     0.4%
  1013    21.8s    0.0020     0.0%     0.0%    33.8%      13%/10%/76%    0.000    0.577    95.0%     0.0%   2.2442   0.0035     0.9%
  1014    11.2s    0.0036    10.0%    10.0%    62.6%      14%/14%/73%    1.598    0.531    85.0%     0.0%   2.2724   0.0039     0.7%
  1015    10.6s    0.0017     0.0%     0.0%    54.5%      14%/14%/72%    2.608    0.409   100.0%     0.0%   2.2414   0.0054     1.1%
  1016    11.8s    0.0028     0.0%     0.0%    39.5%       12%/9%/79%    0.000    0.635   100.0%     0.0%   2.3893   0.0043     0.7%
  1017     5.0s    0.0033    35.0%    35.0%    74.4%      11%/13%/76%    1.218    0.371    65.0%     0.0%   2.1903  -0.0020     0.5%
  1018    20.8s    0.0016     0.0%     0.0%    17.3%        4%/5%/91%    0.000    0.482   100.0%     0.0%   2.9558   0.0002     1.4%
  1019    12.8s    0.0037    15.0%    15.0%    57.3%      12%/13%/75%    1.765    0.323    80.0%     0.0%   2.2720   0.0042     0.5%
  1020     9.8s    0.0015    15.0%    15.0%    59.3%      16%/15%/70%    1.983    0.431    80.0%     0.0%   2.0736   0.0026     0.9%
  [MA20] reward=0.0025 task_sr=9.5% miss=86.2% time_limit=0.0% v2v=76.3%
  [RWRD] r_prog=0.0403 r_term=-0.0253 r_illegal=0.0000
  [PPO ] p_loss=0.0076 v_loss=0.5645 entropy=2.0736 grad=5.9764 active=100.0%
  [SIM ] avg_power(a)=0.4972 rsu_q=0.138 tx=125 no_tx=23 deadlock=0 svc=0.000GHz idle=0.0%

    Ep    Wall    R/step     T_SR     V_SR     S_SR            L/R/V   Lat(s)       En     Miss      Ill      Ent       KL     Clip
--------------------------------------------------------------------------------------------------------------------------------
  1021    15.0s    0.0018    15.0%    15.0%    46.1%      14%/14%/72%    1.775    0.346    75.0%     0.0%   2.2424   0.0074     0.4%
  [LateGuard] restore best_model at ep1021 (drop=0.415, freeze=False)
  1022    11.6s    0.0007     5.0%     5.0%    57.2%      10%/15%/75%    1.726    0.391    95.0%     0.0%   2.1010  -0.0041     1.4%
  1023    20.7s    0.0038     5.0%     5.0%    21.5%       9%/13%/78%    1.317    0.585    95.0%     0.0%   2.8932   0.0049     1.5%
  1024     7.1s    0.0009    20.0%    20.0%    64.3%      13%/12%/75%    0.633    0.488    75.0%     0.0%   2.4916   0.0054     1.0%
  1025    11.1s    0.0016    15.0%    15.0%    65.3%      12%/18%/69%    2.209    0.348    75.0%     0.0%   2.3481   0.0051     1.2%
  1026     7.3s   -0.0004    10.0%    10.0%    53.4%       13%/9%/78%    1.509    0.395    85.0%     0.0%   2.4415   0.0065     1.1%
  1027    19.6s    0.0016     0.0%     0.0%    35.1%       8%/11%/81%    0.000    0.513    95.0%     0.0%   2.3145   0.0002     1.3%
  1028    12.1s    0.0035    10.0%    10.0%    44.6%      10%/15%/75%    1.736    0.499    85.0%     0.0%   2.4305   0.0083     0.9%
  1029     4.7s    0.0024    50.0%    50.0%    77.8%      11%/23%/66%    0.808    0.215    35.0%     0.0%   2.1820   0.0049     1.1%
  1030    10.6s   -0.0003     0.0%     0.0%    48.5%      11%/11%/78%    0.000    0.491    85.0%     0.0%   2.2696   0.0056     1.3%
  [MA20] reward=0.0021 task_sr=11.0% miss=83.8% time_limit=0.0% v2v=75.5%
  [RWRD] r_prog=0.0370 r_term=-0.0403 r_illegal=0.0000
  [PPO ] p_loss=-0.0174 v_loss=0.8751 entropy=2.2696 grad=13.1281 active=100.0%
  [SIM ] avg_power(a)=0.4855 rsu_q=0.103 tx=110 no_tx=16 deadlock=0 svc=0.000GHz idle=0.0%
  1031    11.7s    0.0023     0.0%     0.0%    38.6%       14%/8%/78%    0.000    0.553    90.0%     0.0%   2.2985   0.0020     1.6%
  1032    10.4s    0.0045     0.0%     0.0%    40.5%       7%/10%/83%    0.000    0.461    80.0%     0.0%   2.1773   0.0028     0.9%
  1033    14.3s    0.0025     5.0%     5.0%    36.8%        9%/9%/83%    1.797    0.472    85.0%     0.0%   2.6090   0.0033     1.3%
  1034    19.5s    0.0030    10.0%    10.0%    30.5%       12%/9%/79%    1.556    0.523    90.0%     0.0%   2.7848   0.0106     1.1%
  1035    36.9s    0.0047     5.0%     5.0%    30.3%       6%/18%/76%    1.240    0.515    95.0%     0.0%   2.8956   0.0053     2.0%
  1036    15.7s    0.0031    15.0%    15.0%    38.9%      12%/15%/73%    1.946    0.535    85.0%     0.0%   2.4163   0.0004     1.9%
  [LateGuard] restore best_model at ep1036 (drop=0.421, freeze=False)
  1037    11.9s   -0.0001     5.0%     5.0%    44.5%       7%/10%/83%    0.595    0.430    95.0%     0.0%   2.9133   0.0047     1.2%
  1038    12.4s    0.0029    20.0%    20.0%    50.7%      14%/15%/71%    2.281    0.366    80.0%     0.0%   2.3059   0.0050     0.8%
  1039    13.8s    0.0009     0.0%     0.0%    37.2%       8%/11%/81%    0.000    0.455    90.0%     0.0%   2.6434   0.0031     1.5%
  1040    11.6s    0.0033    10.0%    10.0%    47.8%      15%/14%/71%    2.370    0.409    75.0%     0.0%   2.2550 -5.46e-06     1.4%
  [MA20] reward=0.0021 task_sr=10.0% miss=83.2% time_limit=0.0% v2v=76.2%
  [RWRD] r_prog=0.0663 r_term=-0.0329 r_illegal=0.0000
  [PPO ] p_loss=0.0057 v_loss=0.7129 entropy=2.2550 grad=3.4789 active=100.0%
  [SIM ] avg_power(a)=0.4836 rsu_q=0.276 tx=111 no_tx=23 deadlock=0 svc=0.000GHz idle=0.0%

    Ep    Wall    R/step     T_SR     V_SR     S_SR            L/R/V   Lat(s)       En     Miss      Ill      Ent       KL     Clip
--------------------------------------------------------------------------------------------------------------------------------
  1041    16.6s    0.0048     0.0%     0.0%    36.5%        5%/7%/88%    0.000    0.583    95.0%     0.0%   2.6684   0.0025     1.0%
  1042     5.7s    0.0034    20.0%    20.0%    67.5%        6%/9%/85%    0.976    0.362    80.0%     0.0%   2.2522   0.0027     0.6%
  1043     5.3s    0.0022    40.0%    40.0%    72.7%       9%/19%/72%    1.035    0.349    55.0%     0.0%   2.2214 5.12e-05     0.6%
  1044    11.7s    0.0045     5.0%     5.0%    48.0%      13%/11%/76%    1.778    0.533    90.0%     0.0%   2.1933  -0.0013     0.9%
  1045    12.0s    0.0043     0.0%     0.0%    45.5%      12%/12%/76%    0.000    0.709   100.0%     0.0%   2.4197   0.0071     0.6%
  1046     7.4s    0.0018    15.0%    15.0%    46.9%       9%/12%/79%    0.595    0.473    85.0%     0.0%   2.3302   0.0072     0.9%
  1047    11.2s    0.0035    20.0%    20.0%    54.1%      14%/13%/74%    2.133    0.461    75.0%     0.0%   2.3619   0.0036     0.9%
  1048    15.8s    0.0019     5.0%     5.0%    42.1%      12%/14%/74%    1.432    0.585    95.0%     0.0%   2.5322   0.0100     0.9%
  1049     6.3s    0.0009    25.0%    25.0%    58.7%      13%/10%/76%    1.077    0.488    70.0%     0.0%   2.2351  -0.0015     0.9%
  1050    17.5s    0.0018     0.0%     0.0%    31.7%        1%/9%/90%    0.000    0.490    90.0%     0.0%   2.6946   0.0067     0.9%
  [MA20] reward=0.0028 task_sr=10.0% miss=85.0% time_limit=0.0% v2v=78.4%
  [RWRD] r_prog=0.0578 r_term=-0.0399 r_illegal=0.0000
  [PPO ] p_loss=0.0014 v_loss=0.6822 entropy=2.6946 grad=5.7957 active=100.0%
  [SIM ] avg_power(a)=0.4927 rsu_q=0.464 tx=110 no_tx=2 deadlock=0 svc=0.000GHz idle=0.0%
  1051     6.2s    0.0002    10.0%    10.0%    54.9%      10%/13%/77%    0.660    0.431    90.0%     0.0%   2.4146   0.0040     0.5%
  [LateGuard] restore best_model at ep1051 (drop=0.426, freeze=False)
  1052    19.4s    0.0023    10.0%    10.0%    40.0%      10%/15%/75%    1.355    0.544    90.0%     0.0%   2.6984   0.0056     0.5%
  1053    19.2s    0.0020     0.0%     0.0%    36.9%       10%/8%/82%    0.000    0.547    85.0%     0.0%   2.4008   0.0039     1.0%
  1054    15.0s    0.0035    10.0%    10.0%    57.9%      14%/17%/69%    2.351    0.449    90.0%     0.0%   2.3380   0.0038     0.9%
  1055    15.3s    0.0036     5.0%     5.0%    39.9%      10%/14%/76%    1.949    0.642    95.0%     0.0%   2.5295   0.0078     1.3%
  1056    18.5s    0.0019     0.0%     0.0%    25.7%        8%/8%/84%    0.000    0.629   100.0%     0.0%   2.3839   0.0027     0.9%
  1057    10.3s    0.0029    15.0%    15.0%    63.3%      13%/13%/74%    2.204    0.359    85.0%     0.0%   2.0841   0.0027     0.9%
  1058    11.7s    0.0009     0.0%     0.0%    37.6%      10%/17%/73%    0.000    0.419   100.0%     0.0%   2.1870  -0.0015     1.2%
  1059    10.8s    0.0025    10.0%    10.0%    48.1%       12%/6%/82%    1.098    0.509    85.0%     0.0%   2.6342  -0.0002     0.9%
  1060    18.6s    0.0028     0.0%     0.0%    40.7%      13%/11%/77%    0.000    0.529   100.0%     0.0%   2.3424   0.0078     0.9%
  [MA20] reward=0.0026 task_sr=9.5% miss=87.8% time_limit=0.0% v2v=77.9%
  [RWRD] r_prog=0.0558 r_term=-0.0274 r_illegal=0.0000
  [PPO ] p_loss=0.0050 v_loss=0.8459 entropy=2.3424 grad=8.7807 active=100.0%
  [SIM ] avg_power(a)=0.4993 rsu_q=0.135 tx=131 no_tx=20 deadlock=0 svc=0.000GHz idle=0.0%

    Ep    Wall    R/step     T_SR     V_SR     S_SR            L/R/V   Lat(s)       En     Miss      Ill      Ent       KL     Clip
--------------------------------------------------------------------------------------------------------------------------------
  1061    11.4s    0.0015     0.0%     0.0%    55.6%      11%/12%/78%    0.000    0.398    95.0%     0.0%   2.3930   0.0047     0.8%
  1062     4.5s    0.0057    65.0%    65.0%    82.8%      14%/14%/72%    0.946    0.169    25.0%     0.0%   2.2581   0.0030     0.7%
  1063    10.5s    0.0019     0.0%     0.0%    50.0%       13%/9%/77%    0.000    0.484    95.0%     0.0%   2.2375   0.0083     0.7%
  1064    18.3s    0.0038    10.0%    10.0%    39.2%      10%/15%/75%    1.748    0.559    85.0%     0.0%   2.4446   0.0052     1.0%
  1065    10.7s    0.0035     0.0%     0.0%    59.3%      14%/12%/73%    0.000    0.443    95.0%     0.0%   2.1941   0.0065     0.6%
  1066    12.2s    0.0021     0.0%     0.0%    51.0%      14%/10%/76%    0.000    0.536   100.0%     0.0%   2.4130   0.0030     1.2%
  [LateGuard] restore best_model at ep1066 (drop=0.421, freeze=False)
  1067    25.3s    0.0040    10.0%    10.0%    36.6%      12%/10%/78%    3.233    0.578    85.0%     0.0%   2.4205   0.0056     1.4%
  1068    11.2s    0.0018    10.0%    10.0%    46.0%      11%/10%/79%    2.141    0.435    85.0%     0.0%   2.3463   0.0092     0.9%
  1069     5.7s    0.0018    30.0%    30.0%    69.5%       16%/6%/78%    1.463    0.414    55.0%     0.0%   2.2292  -0.0016     1.1%
  1070    12.2s   -0.0002     5.0%     5.0%    40.5%      12%/12%/76%    0.803    0.460    95.0%     0.0%   2.8719   0.0105     1.2%
  [MA20] reward=0.0024 task_sr=9.5% miss=86.8% time_limit=0.0% v2v=76.5%
  [RWRD] r_prog=0.0331 r_term=-0.0355 r_illegal=0.0000
  [PPO ] p_loss=-0.0180 v_loss=0.8542 entropy=2.8719 grad=20.2842 active=100.0%
  [SIM ] avg_power(a)=0.4963 rsu_q=0.280 tx=78 no_tx=11 deadlock=0 svc=0.000GHz idle=0.0%
  1071     5.3s    0.0021    45.0%    45.0%    77.3%      15%/10%/75%    1.151    0.306    50.0%     0.0%   2.0914   0.0048     0.4%
  1072    37.3s    0.0035     5.0%     5.0%    24.4%      11%/12%/77%    2.085    0.660    95.0%     0.0%   2.8831   0.0068     0.8%
  1073     5.2s    0.0000    20.0%    20.0%    65.6%       5%/12%/83%    1.205    0.298    75.0%     0.0%   2.1120   0.0028     0.2%
  1074    11.5s    0.0033     5.0%     5.0%    50.5%      11%/17%/72%    1.174    0.522    90.0%     0.0%   2.2695   0.0042     0.7%
  1075    11.6s    0.0031     5.0%     5.0%    47.5%      15%/18%/67%    1.557    0.517    90.0%     0.0%   2.1502   0.0052     1.0%
  1076    13.1s    0.0009     0.0%     0.0%    31.5%        2%/5%/92%    0.000    0.599   100.0%     0.0%   3.0744   0.0021     1.6%
  1077    10.0s    0.0056    40.0%    40.0%    72.8%      12%/12%/77%    2.184    0.305    60.0%     0.0%   2.1518   0.0011     0.5%
  1078     7.2s    0.0031    25.0%    25.0%    61.2%      15%/11%/74%    0.747    0.467    75.0%     0.0%   2.4119   0.0084     0.8%
  1079    14.8s    0.0017     5.0%     5.0%    58.7%      10%/18%/72%    1.443    0.468    95.0%     0.0%   2.1027   0.0065     0.9%
  1080    15.8s    0.0029    10.0%    10.0%    49.5%       8%/16%/76%    1.349    0.482    85.0%     0.0%   2.4768   0.0014     1.1%
  [MA20] reward=0.0026 task_sr=14.5% miss=81.5% time_limit=0.0% v2v=76.4%
  [RWRD] r_prog=0.0554 r_term=-0.0268 r_illegal=0.0000
  [PPO ] p_loss=-0.0027 v_loss=0.5427 entropy=2.4768 grad=2.4796 active=100.0%
  [SIM ] avg_power(a)=0.4874 rsu_q=0.379 tx=139 no_tx=13 deadlock=0 svc=0.000GHz idle=0.0%

    Ep    Wall    R/step     T_SR     V_SR     S_SR            L/R/V   Lat(s)       En     Miss      Ill      Ent       KL     Clip
--------------------------------------------------------------------------------------------------------------------------------
  1081    12.5s    0.0029    15.0%    15.0%    64.9%      10%/17%/73%    2.188    0.398    85.0%     0.0%   2.3129   0.0006     1.3%
  [LateGuard] restore best_model at ep1081 (drop=0.383, freeze=False)
  1082    13.6s    0.0021     0.0%     0.0%    39.6%       12%/6%/82%    0.000    0.478    90.0%     0.0%   2.5422   0.0127     0.9%
  1083    11.4s    0.0027     0.0%     0.0%    50.2%      10%/10%/80%    0.000    0.521    95.0%     0.0%   2.3363   0.0042     1.1%
  1084    35.9s    0.0025     0.0%     0.0%    19.8%      11%/10%/79%    0.000    0.607   100.0%     0.0%   2.8787   0.0036     1.4%
  1085    23.0s    0.0034     0.0%     0.0%    41.4%       7%/14%/79%    0.000    0.560    90.0%     0.0%   2.3124   0.0061     1.6%
  1086     7.4s    0.0013    20.0%    20.0%    65.4%       9%/10%/80%    0.895    0.414    80.0%     0.0%   2.4646   0.0063     0.6%
  1087    23.7s    0.0019     0.0%     0.0%    28.8%        2%/6%/92%    0.000    0.614   100.0%     0.0%   3.0984   0.0030     0.7%
  1088    20.4s    0.0028     0.0%     0.0%    40.4%      11%/10%/80%    0.000    0.525    95.0%     0.0%   2.3338   0.0036     1.0%
  1089    10.5s    0.0021     5.0%     5.0%    54.3%      16%/14%/69%    1.746    0.495    90.0%     0.0%   2.1326   0.0077     0.3%
  1090    10.5s    0.0025     0.0%     0.0%    47.7%      10%/10%/81%    0.000    0.573    95.0%     0.0%   2.2382   0.0025     0.8%
  [MA20] reward=0.0025 task_sr=10.0% miss=86.8% time_limit=0.0% v2v=78.1%
  [RWRD] r_prog=0.0633 r_term=-0.0381 r_illegal=0.0000
  [PPO ] p_loss=0.0076 v_loss=0.5899 entropy=2.2382 grad=4.1942 active=100.0%
  [SIM ] avg_power(a)=0.5121 rsu_q=0.179 tx=124 no_tx=15 deadlock=0 svc=0.000GHz idle=0.0%
  1091    20.1s    0.0037     5.0%     5.0%    42.2%      11%/15%/74%    2.509    0.447    90.0%     0.0%   2.3560   0.0052     0.8%
  1092    10.2s    0.0022     5.0%     5.0%    57.2%       9%/10%/80%    2.110    0.416    90.0%     0.0%   2.2918   0.0049     0.8%
  1093     9.4s    0.0021    15.0%    15.0%    51.1%      11%/12%/78%    0.892    0.464    80.0%     0.0%   2.7050   0.0051     0.4%
  1094     5.9s    0.0022    45.0%    45.0%    70.9%      12%/18%/70%    1.256    0.336    40.0%     0.0%   2.2864  -0.0014     0.5%
  1095     5.9s    0.0016    25.0%    25.0%    73.3%       9%/13%/78%    1.186    0.306    65.0%     0.0%   2.3806 -2.26e-05     0.4%
  1096    17.4s    0.0034    20.0%    20.0%    40.3%      17%/11%/72%    2.841    0.471    70.0%     0.0%   2.2575   0.0039     0.2%
  [LateGuard] restore best_model at ep1096 (drop=0.393, freeze=False)
  1097     5.7s    0.0006    30.0%    30.0%    61.0%      12%/14%/75%    1.138    0.314    55.0%     0.0%   2.1927   0.0059     0.9%
  1098     6.8s    0.0021    20.0%    20.0%    60.9%      15%/12%/72%    1.008    0.395    80.0%     0.0%   2.4194   0.0032     1.4%
  1099    19.4s    0.0026    10.0%    10.0%    35.0%      12%/19%/69%    1.134    0.505    90.0%     0.0%   2.6470   0.0054     0.9%
  1100     5.5s   -0.0014     5.0%     5.0%    47.7%       12%/7%/81%    0.815    0.373    85.0%     0.0%   2.1485   0.0092     0.9%
  [MA20] reward=0.0022 task_sr=11.0% miss=83.3% time_limit=0.0% v2v=77.3%
  [RWRD] r_prog=0.0272 r_term=-0.0410 r_illegal=0.0000
  [PPO ] p_loss=0.0038 v_loss=0.8887 entropy=2.1485 grad=12.2074 active=100.0%
  [SIM ] avg_power(a)=0.4886 rsu_q=0.208 tx=81 no_tx=13 deadlock=0 svc=0.000GHz idle=0.0%
  [Checkpoint] saved: ep1100.pth

    Ep    Wall    R/step     T_SR     V_SR     S_SR            L/R/V   Lat(s)       En     Miss      Ill      Ent       KL     Clip
--------------------------------------------------------------------------------------------------------------------------------
  1101    16.3s    0.0021     5.0%     5.0%    54.9%      16%/13%/71%    2.553    0.363    80.0%     0.0%   2.2556   0.0096     1.3%
  1102     4.7s    0.0019    40.0%    40.0%    78.6%       12%/9%/79%    1.164    0.246    60.0%     0.0%   2.1301   0.0022     0.5%
  1103    12.0s    0.0021    10.0%    10.0%    51.8%      11%/15%/74%    2.276    0.448    80.0%     0.0%   2.3333   0.0055     1.2%
  1104    19.8s    0.0024     0.0%     0.0%    48.4%       6%/20%/75%    0.000    0.430    90.0%     0.0%   2.3617   0.0061     0.7%
  1105     6.2s    0.0008    30.0%    30.0%    78.4%      12%/19%/69%    1.145    0.363    70.0%     0.0%   2.2015   0.0103     0.3%
  1106    10.3s    0.0010     5.0%     5.0%    55.0%      13%/11%/76%    1.829    0.390    85.0%     0.0%   2.2840   0.0043     0.7%
  1107     8.6s    0.0037    20.0%    20.0%    62.3%        7%/8%/85%    1.451    0.521    80.0%     0.0%   2.6529  -0.0027     1.3%
  1108     8.1s    0.0018    30.0%    30.0%    61.8%      14%/13%/73%    0.947    0.442    70.0%     0.0%   2.6178   0.0097     0.5%
  1109    12.5s    0.0024     0.0%     0.0%    32.4%       10%/8%/82%    0.000    0.552   100.0%     0.0%   2.4073  -0.0008     1.3%
  1110    12.1s    0.0034     0.0%     0.0%    40.4%       9%/10%/81%    0.000    0.546    95.0%     0.0%   2.2690   0.0053     0.7%
  [MA20] reward=0.0020 task_sr=16.0% miss=77.8% time_limit=0.0% v2v=75.7%
  [RWRD] r_prog=0.0708 r_term=-0.0369 r_illegal=0.0000
  [PPO ] p_loss=0.0012 v_loss=0.5911 entropy=2.2690 grad=2.0411 active=100.0%
  [SIM ] avg_power(a)=0.4886 rsu_q=0.034 tx=116 no_tx=12 deadlock=0 svc=0.000GHz idle=0.0%
  1111    13.7s    0.0049    15.0%    15.0%    48.8%       8%/13%/79%    1.520    0.512    80.0%     0.0%   2.3878   0.0041     0.5%
  [LateGuard] restore best_model at ep1111 (drop=0.273, freeze=False)
  1112    11.5s    0.0030     0.0%     0.0%    49.0%      11%/14%/75%    0.000    0.538   100.0%     0.0%   2.3267   0.0040     0.7%
  1113     6.4s    0.0005    10.0%    10.0%    57.7%      14%/12%/74%    0.650    0.562    85.0%     0.0%   2.3109   0.0089     0.8%
  1114     9.7s    0.0028    15.0%    15.0%    51.5%      12%/12%/76%    2.324    0.381    80.0%     0.0%   2.2232   0.0012     1.5%
  1115    18.1s    0.0047    15.0%    15.0%    43.9%      14%/12%/74%    2.022    0.508    85.0%     0.0%   2.4639   0.0074     0.9%
  1116     5.5s    0.0005    35.0%    35.0%    73.3%       8%/10%/82%    1.319    0.281    40.0%     0.0%   2.2772   0.0012     0.9%
  1117    13.9s    0.0044     0.0%     0.0%    39.3%       9%/12%/79%    0.000    0.622    95.0%     0.0%   2.4667   0.0046     0.6%
  1118     5.5s    0.0020    40.0%    40.0%    68.4%      10%/17%/73%    1.038    0.331    55.0%     0.0%   2.3410   0.0084     0.4%
  1119     5.1s   -0.0012    20.0%    20.0%    61.7%      10%/14%/76%    0.694    0.347    70.0%     0.0%   2.0990   0.0069     0.8%
  1120    10.3s    0.0044    30.0%    30.0%    69.2%      13%/14%/72%    2.089    0.382    70.0%     0.0%   2.1731   0.0042     0.4%
  [MA20] reward=0.0024 task_sr=16.0% miss=78.5% time_limit=0.0% v2v=76.2%
  [RWRD] r_prog=0.0566 r_term=-0.0128 r_illegal=0.0000
  [PPO ] p_loss=0.0045 v_loss=0.7322 entropy=2.1731 grad=7.5916 active=100.0%
  [SIM ] avg_power(a)=0.5058 rsu_q=0.276 tx=136 no_tx=24 deadlock=0 svc=0.000GHz idle=0.0%

    Ep    Wall    R/step     T_SR     V_SR     S_SR            L/R/V   Lat(s)       En     Miss      Ill      Ent       KL     Clip
--------------------------------------------------------------------------------------------------------------------------------
  1121    21.0s    0.0039     5.0%     5.0%    41.3%       8%/15%/77%    1.315    0.489    95.0%     0.0%   2.7819   0.0006     1.5%
  1122    11.0s    0.0023     0.0%     0.0%    43.8%      12%/13%/76%    0.000    0.499    95.0%     0.0%   2.2627   0.0034     0.8%
  1123    11.3s    0.0015     5.0%     5.0%    46.8%       6%/13%/80%    0.708    0.546    95.0%     0.0%   2.8963   0.0020     0.9%
  1124    10.3s    0.0020     0.0%     0.0%    63.5%      14%/15%/72%    0.000    0.441    90.0%     0.0%   2.3151   0.0004     0.9%
  1125    12.7s    0.0046     5.0%     5.0%    50.9%      11%/17%/72%    1.733    0.551    80.0%     0.0%   2.4393   0.0006     1.6%
  1126    22.8s    0.0034     0.0%     0.0%    27.6%        5%/9%/86%    0.000    0.624   100.0%     0.0%   3.0633   0.0127     0.8%
  [LateGuard] restore best_model at ep1126 (drop=0.306, freeze=False)
  1127    14.0s    0.0035     0.0%     0.0%    38.4%       8%/11%/81%    0.000    0.624   100.0%     0.0%   2.4970   0.0041     0.9%
  1128    10.9s    0.0016     0.0%     0.0%    64.8%      14%/11%/76%    0.000    0.462    95.0%     0.0%   2.1298   0.0026     1.2%
  1129    32.6s    0.0022     5.0%     5.0%    17.6%      14%/12%/74%    2.028    0.581    95.0%     0.0%   2.8779   0.0092     1.8%
  1130    11.8s    0.0016     0.0%     0.0%    39.9%       13%/8%/78%    0.000    0.548   100.0%     0.0%   2.3366   0.0022     2.3%
  [MA20] reward=0.0026 task_sr=10.0% miss=85.2% time_limit=0.0% v2v=76.6%
  [RWRD] r_prog=0.0495 r_term=-0.0339 r_illegal=0.0000
  [PPO ] p_loss=-0.0092 v_loss=0.5771 entropy=2.3366 grad=4.1611 active=100.0%
  [SIM ] avg_power(a)=0.5091 rsu_q=0.033 tx=111 no_tx=17 deadlock=0 svc=0.000GHz idle=0.0%
  1131    18.7s    0.0021     0.0%     0.0%    26.1%       10%/5%/85%    0.000    0.577   100.0%     0.0%   2.3441   0.0045     1.8%
  1132    10.9s    0.0014     5.0%     5.0%    46.0%      12%/12%/76%    1.813    0.482    90.0%     0.0%   2.2237   0.0065     1.6%
  1133    18.1s    0.0033    10.0%    10.0%    44.7%      13%/12%/75%    2.486    0.459    90.0%     0.0%   2.6873   0.0082     1.4%
  1134    10.7s    0.0023    10.0%    10.0%    45.1%      13%/13%/74%    1.875    0.418    80.0%     0.0%   2.2303   0.0052     0.9%
  1135    11.1s    0.0053    30.0%    30.0%    49.2%       7%/11%/83%    2.197    0.404    60.0%     0.0%   2.3622   0.0024     1.4%
  1136    11.1s    0.0044     5.0%     5.0%    46.9%        5%/9%/86%    2.154    0.575    85.0%     0.0%   2.3723   0.0077     0.5%
  1137    19.9s    0.0033     0.0%     0.0%    38.9%      13%/11%/76%    0.000    0.511    95.0%     0.0%   2.4056   0.0054     1.3%
  1138    11.2s    0.0039     0.0%     0.0%    41.8%       8%/11%/80%    0.000    0.450    95.0%     0.0%   2.2515   0.0078     1.2%
  1139    25.8s    0.0028     5.0%     5.0%    24.5%       5%/15%/80%    1.147    0.557    95.0%     0.0%   2.8985   0.0037     2.3%
  1140    11.4s    0.0010     5.0%     5.0%    66.8%      13%/14%/73%    2.716    0.374    85.0%     0.0%   2.1710   0.0096     1.4%
  [MA20] reward=0.0028 task_sr=4.5% miss=91.0% time_limit=0.0% v2v=78.0%
  [RWRD] r_prog=0.0460 r_term=-0.0361 r_illegal=0.0000
  [PPO ] p_loss=0.0055 v_loss=0.7649 entropy=2.1710 grad=11.1886 active=100.0%
  [SIM ] avg_power(a)=0.4989 rsu_q=0.321 tx=131 no_tx=25 deadlock=0 svc=0.000GHz idle=0.0%

    Ep    Wall    R/step     T_SR     V_SR     S_SR            L/R/V   Lat(s)       En     Miss      Ill      Ent       KL     Clip
--------------------------------------------------------------------------------------------------------------------------------
  1141    10.9s    0.0022    10.0%    10.0%    53.7%      11%/15%/74%    1.754    0.389    85.0%     0.0%   2.2668   0.0047     1.8%
  [LateGuard] restore best_model at ep1141 (drop=0.350, freeze=False)
  1142    11.5s    0.0040     0.0%     0.0%    37.5%       7%/11%/83%    0.000    0.638    95.0%     0.0%   2.3286   0.0031     0.5%
  1143    10.2s    0.0021     5.0%     5.0%    49.0%        9%/9%/82%    1.887    0.480    85.0%     0.0%   2.1756   0.0055     1.0%
  1144     5.5s    0.0006    25.0%    25.0%    74.0%      12%/16%/72%    0.912    0.451    70.0%     0.0%   2.2020   0.0019     1.1%
  1145    10.1s    0.0032     5.0%     5.0%    49.5%      10%/11%/79%    2.184    0.465    80.0%     0.0%   2.2814   0.0060     0.5%
  1146    18.7s    0.0031     0.0%     0.0%    53.7%       8%/13%/79%    0.000    0.400    95.0%     0.0%   2.2139   0.0010     1.3%
  1147     5.9s   -0.0003    10.0%    10.0%    67.2%      13%/13%/74%    1.652    0.531    90.0%     0.0%   2.2336  -0.0028     2.0%
  1148    16.3s    0.0017     0.0%     0.0%    43.0%      12%/11%/77%    0.000    0.529    90.0%     0.0%   2.3332   0.0018     1.4%
  1149    12.2s    0.0025     0.0%     0.0%    35.5%       9%/10%/80%    0.000    0.657   100.0%     0.0%   2.4193   0.0036     1.1%
  1150    10.5s    0.0010     5.0%     5.0%    44.6%      13%/12%/74%    2.159    0.363    95.0%     0.0%   2.2634   0.0034     1.6%
  [MA20] reward=0.0025 task_sr=6.5% miss=88.0% time_limit=0.0% v2v=78.1%
  [RWRD] r_prog=0.0429 r_term=-0.0326 r_illegal=0.0000
  [PPO ] p_loss=0.0047 v_loss=0.7653 entropy=2.2634 grad=7.3563 active=100.0%
  [SIM ] avg_power(a)=0.5146 rsu_q=0.071 tx=111 no_tx=19 deadlock=0 svc=0.000GHz idle=0.0%
  1151    19.1s    0.0040     5.0%     5.0%    46.5%      12%/16%/72%    2.406    0.567    90.0%     0.0%   2.1467   0.0042     1.6%
  1152    18.6s    0.0021     5.0%     5.0%    34.9%       6%/10%/84%    2.771    0.540    80.0%     0.0%   2.3552 -8.42e-05     2.1%
  1153    18.9s    0.0024     0.0%     0.0%    38.5%       9%/15%/75%    0.000    0.594    90.0%     0.0%   2.2225  -0.0002     1.2%
  1154    12.2s    0.0014    15.0%    15.0%    52.2%      12%/16%/73%    2.021    0.338    80.0%     0.0%   2.2849   0.0032     1.1%
  1155     9.4s    0.0029    25.0%    25.0%    72.8%      12%/18%/70%    2.131    0.295    70.0%     0.0%   2.2155   0.0075     1.2%
  1156    25.6s    0.0027     5.0%     5.0%    47.7%      10%/14%/76%    3.336    0.471    90.0%     0.0%   2.2523   0.0022     0.7%
  [LateGuard] restore best_model at ep1156 (drop=0.525, freeze=False)
  1157    13.3s    0.0045    25.0%    25.0%    52.3%      14%/13%/73%    1.896    0.317    75.0%     0.0%   2.3204   0.0038     0.8%
  1158    10.3s    0.0029     5.0%     5.0%    58.9%      11%/14%/76%    2.427    0.448    90.0%     0.0%   2.1602   0.0056     0.9%
  1159    21.6s    0.0031     5.0%     5.0%    29.4%       9%/12%/79%    2.022    0.532    95.0%     0.0%   2.9153   0.0047     1.0%
  1160    16.4s    0.0045    10.0%    10.0%    32.0%      12%/14%/74%    1.480    0.556    90.0%     0.0%   2.5709   0.0020     1.0%
  [MA20] reward=0.0025 task_sr=8.0% miss=86.8% time_limit=0.0% v2v=76.3%
  [RWRD] r_prog=0.0725 r_term=-0.0270 r_illegal=0.0000
  [PPO ] p_loss=0.0086 v_loss=0.5443 entropy=2.5709 grad=2.4351 active=100.0%
  [SIM ] avg_power(a)=0.4876 rsu_q=0.448 tx=99 no_tx=15 deadlock=0 svc=0.000GHz idle=0.0%

    Ep    Wall    R/step     T_SR     V_SR     S_SR            L/R/V   Lat(s)       En     Miss      Ill      Ent       KL     Clip
--------------------------------------------------------------------------------------------------------------------------------
  1161    11.7s    0.0025     0.0%     0.0%    52.5%       9%/15%/76%    0.000    0.478    95.0%     0.0%   2.2849   0.0051     0.5%
  1162    19.9s    0.0037     0.0%     0.0%    27.6%       11%/6%/83%    0.000    0.522   100.0%     0.0%   2.9369   0.0097     0.3%
  1163    22.6s    0.0049     0.0%     0.0%    23.0%       3%/11%/86%    0.000    0.686   100.0%     0.0%   3.0752   0.0028     1.0%
  1164    12.0s    0.0039     5.0%     5.0%    38.8%       11%/8%/81%    2.410    0.549    95.0%     0.0%   2.3978   0.0017     1.2%
  1165    23.2s    0.0009     0.0%     0.0%    34.6%      12%/15%/73%    0.000    0.518    95.0%     0.0%   2.3307   0.0031     0.9%
  1166    21.8s    0.0032     0.0%     0.0%    25.6%        3%/9%/87%    0.000    0.525   100.0%     0.0%   3.0287   0.0010     1.5%
  1167    14.4s    0.0013     0.0%     0.0%    34.1%        4%/8%/88%    0.000    0.542   100.0%     0.0%   3.0738   0.0061     1.1%
  1168    20.0s    0.0037    10.0%    10.0%    35.1%      14%/19%/67%    1.772    0.599    90.0%     0.0%   2.7970   0.0002     1.7%
  1169    11.5s    0.0021     0.0%     0.0%    29.3%        8%/8%/83%    0.000    0.579   100.0%     0.0%   2.3723   0.0035     1.4%
  1170    18.9s    0.0026     0.0%     0.0%    35.7%      14%/11%/76%    0.000    0.624   100.0%     0.0%   2.2441   0.0060     0.9%
  [MA20] reward=0.0030 task_sr=5.8% miss=91.2% time_limit=0.0% v2v=77.6%
  [RWRD] r_prog=0.0530 r_term=-0.0267 r_illegal=0.0000
  [PPO ] p_loss=0.0003 v_loss=0.5883 entropy=2.2441 grad=4.6991 active=100.0%
  [SIM ] avg_power(a)=0.5147 rsu_q=0.053 tx=127 no_tx=20 deadlock=0 svc=0.000GHz idle=0.0%
  1171    10.3s   -0.0005     0.0%     0.0%    34.4%       11%/2%/87%    0.000    0.511   100.0%     0.0%   2.8357   0.0069     0.9%
  [LateGuard] restore best_model at ep1171 (drop=0.716, freeze=False)
  1172    12.2s    0.0021     0.0%     0.0%    36.5%      15%/12%/72%    0.000    0.470   100.0%     0.0%   2.3843   0.0060     1.1%
  1173     9.2s    0.0019    10.0%    10.0%    70.3%      12%/16%/72%    1.921    0.399    85.0%     0.0%   2.1336   0.0008     1.2%
  1174    11.1s    0.0022     0.0%     0.0%    53.6%      10%/16%/74%    0.000    0.578    90.0%     0.0%   2.0874   0.0048     0.8%
  1175    27.2s    0.0028     5.0%     5.0%    42.1%      11%/16%/72%    2.815    0.490    90.0%     0.0%   2.2790   0.0072     1.2%
  1176    10.7s    0.0029    10.0%    10.0%    68.0%      12%/13%/75%    1.741    0.311    80.0%     0.0%   2.2428   0.0045     0.8%
  1177    13.4s    0.0052     0.0%     0.0%    46.0%       9%/13%/78%    0.000    0.602   100.0%     0.0%   2.3430  -0.0025     1.5%
  1178    11.5s    0.0035     5.0%     5.0%    40.0%        9%/7%/84%    2.160    0.430    95.0%     0.0%   2.3832   0.0036     0.9%
  1179     5.1s    0.0017    35.0%    35.0%    75.4%      14%/16%/70%    0.980    0.314    60.0%     0.0%   2.2830   0.0082     1.0%
  1180    23.0s    0.0052     0.0%     0.0%    23.8%        5%/3%/93%    0.000    0.620   100.0%     0.0%   3.0627   0.0011     2.0%
  [MA20] reward=0.0028 task_sr=4.0% miss=93.8% time_limit=0.0% v2v=78.9%
  [RWRD] r_prog=0.0895 r_term=-0.0380 r_illegal=0.0000
  [PPO ] p_loss=0.0065 v_loss=0.6346 entropy=3.0627 grad=4.9726 active=100.0%
  [SIM ] avg_power(a)=0.5018 rsu_q=0.259 tx=99 no_tx=5 deadlock=0 svc=0.000GHz idle=0.0%

    Ep    Wall    R/step     T_SR     V_SR     S_SR            L/R/V   Lat(s)       En     Miss      Ill      Ent       KL     Clip
--------------------------------------------------------------------------------------------------------------------------------
  1181     5.2s    0.0030    40.0%    40.0%    73.0%       13%/8%/80%    1.196    0.428    60.0%     0.0%   2.2846   0.0023     1.2%
  1182     9.7s    0.0022    15.0%    15.0%    56.0%      11%/20%/69%    1.925    0.365    80.0%     0.0%   2.2262   0.0053     0.9%
  1183    20.3s    0.0031     5.0%     5.0%    35.2%       9%/10%/81%    1.751    0.607    95.0%     0.0%   2.9191   0.0008     1.8%
  1184    11.2s    0.0042    10.0%    10.0%    51.7%      13%/17%/70%    2.134    0.586    90.0%     0.0%   2.3631   0.0028     1.1%
  1185    11.5s    0.0034     5.0%     5.0%    56.9%      11%/12%/77%    2.619    0.436    95.0%     0.0%   2.2459   0.0033     0.4%
  1186    11.4s    0.0003     0.0%     0.0%    38.3%      12%/10%/78%    0.000    0.415   100.0%     0.0%   2.4309   0.0043     1.1%
  [LateGuard] restore best_model at ep1186 (drop=0.645, freeze=False)
  1187    13.5s    0.0040     5.0%     5.0%    37.1%       8%/10%/82%    1.245    0.602    80.0%     0.0%   2.3392   0.0056     1.3%
  1188    11.4s    0.0040    20.0%    20.0%    56.9%       9%/16%/75%    2.281    0.425    70.0%     0.0%   2.2974   0.0056     0.9%
  1189    10.5s    0.0019     0.0%     0.0%    47.5%      17%/12%/70%    0.000    0.562   100.0%     0.0%   2.2472   0.0005     1.5%
  1190    11.4s    0.0020     0.0%     0.0%    34.9%       9%/10%/81%    0.000    0.592   100.0%     0.0%   2.3587   0.0016     1.5%
  [MA20] reward=0.0028 task_sr=8.2% miss=88.5% time_limit=0.0% v2v=77.0%
  [RWRD] r_prog=0.0556 r_term=-0.0352 r_illegal=0.0000
  [PPO ] p_loss=0.0026 v_loss=0.6528 entropy=2.3587 grad=4.3500 active=100.0%
  [SIM ] avg_power(a)=0.4947 rsu_q=0.000 tx=105 no_tx=11 deadlock=0 svc=0.000GHz idle=0.0%
  1191     9.4s    0.0030    20.0%    20.0%    73.0%      12%/14%/74%    2.271    0.448    75.0%     0.0%   2.1718   0.0060     1.2%
  1192    11.2s    0.0012     0.0%     0.0%    34.3%      11%/10%/79%    0.000    0.568    95.0%     0.0%   2.3081   0.0036     1.2%
  1193     5.8s    0.0010    35.0%    35.0%    75.5%      14%/13%/72%    1.341    0.400    60.0%     0.0%   2.2664   0.0021     1.4%
  1194    20.3s    0.0026     0.0%     0.0%    33.5%       11%/8%/82%    0.000    0.634   100.0%     0.0%   2.3384   0.0064     1.1%
  1195    14.8s    0.0031    15.0%    15.0%    45.7%      10%/15%/75%    1.833    0.405    85.0%     0.0%   2.4494   0.0102     1.2%
  1196    22.1s    0.0032     0.0%     0.0%    28.3%        8%/5%/86%    0.000    0.632   100.0%     0.0%   3.0725   0.0055     2.1%
  1197    27.5s    0.0043     0.0%     0.0%    32.4%       8%/10%/82%    0.000    0.576   100.0%     0.0%   2.7506   0.0023     1.3%
  1198    11.2s    0.0028     0.0%     0.0%    45.1%       7%/13%/80%    0.000    0.465    95.0%     0.0%   2.2862   0.0060     0.9%
  1199    10.6s    0.0012    10.0%    10.0%    49.0%      12%/10%/78%    2.397    0.404    65.0%     0.0%   2.2832   0.0089     1.2%
  1200    20.0s    0.0040     0.0%     0.0%    44.0%      14%/13%/72%    0.000    0.582   100.0%     0.0%   2.1095   0.0043     1.6%
  [MA20] reward=0.0027 task_sr=9.0% miss=87.2% time_limit=0.0% v2v=77.2%
  [RWRD] r_prog=0.0665 r_term=-0.0267 r_illegal=0.0000
  [PPO ] p_loss=-0.0174 v_loss=0.6357 entropy=2.1095 grad=4.8419 active=100.0%
  [SIM ] avg_power(a)=0.4928 rsu_q=0.263 tx=143 no_tx=26 deadlock=0 svc=0.000GHz idle=0.0%
  [Checkpoint] saved: ep1200.pth

    Ep    Wall    R/step     T_SR     V_SR     S_SR            L/R/V   Lat(s)       En     Miss      Ill      Ent       KL     Clip
--------------------------------------------------------------------------------------------------------------------------------
  1201    23.7s    0.0028     0.0%     0.0%    41.3%      12%/14%/74%    3.288    0.542    85.0%     0.0%   2.2335   0.0002     1.6%
  [LateGuard] restore best_model at ep1201 (drop=0.612, freeze=False)
  1202    21.0s    0.0026     5.0%     5.0%    44.9%      10%/13%/77%    1.831    0.481    95.0%     0.0%   2.3022   0.0082     1.3%
  1203    20.5s    0.0009     0.0%     0.0%    28.5%        3%/8%/89%    0.000    0.465   100.0%     0.0%   3.0071   0.0074     1.3%
  1204    10.5s    0.0025    10.0%    10.0%    45.2%      10%/10%/80%    1.962    0.521    90.0%     0.0%   2.3898   0.0097     0.8%
  1205     6.9s    0.0024    10.0%    10.0%    56.4%       6%/10%/85%    1.263    0.524    85.0%     0.0%   2.3028  -0.0033     1.2%
  1206    11.4s    0.0027     0.0%     0.0%    37.0%        8%/3%/89%    0.000    0.538   100.0%     0.0%   2.4189   0.0062     0.9%
  1207    11.7s    0.0027     0.0%     0.0%    50.7%      10%/11%/79%    0.000    0.470    95.0%     0.0%   2.1499   0.0050     1.4%
  1208    27.3s    0.0021     5.0%     5.0%    49.5%       9%/17%/75%    3.191    0.381    80.0%     0.0%   2.1437   0.0058     1.4%
  1209     5.3s    0.0034    50.0%    50.0%    64.8%      15%/12%/73%    0.848    0.224    50.0%     0.0%   2.1349   0.0058     1.0%
  1210     9.1s    0.0009    15.0%    15.0%    57.0%      13%/15%/72%    1.889    0.350    80.0%     0.0%   2.0887   0.0076     0.7%
  [MA20] reward=0.0025 task_sr=8.8% miss=86.8% time_limit=0.0% v2v=78.7%
  [RWRD] r_prog=0.0348 r_term=-0.0255 r_illegal=0.0000
  [PPO ] p_loss=-0.0150 v_loss=0.7276 entropy=2.0887 grad=7.3665 active=100.0%
  [SIM ] avg_power(a)=0.4891 rsu_q=0.552 tx=121 no_tx=20 deadlock=0 svc=0.000GHz idle=0.0%
  1211    10.0s    0.0021    30.0%    30.0%    75.6%      18%/18%/64%    2.195    0.329    60.0%     0.0%   2.1992   0.0059     0.6%
  1212     7.3s    0.0020    35.0%    35.0%    64.0%      13%/11%/76%    1.049    0.453    60.0%     0.0%   2.4220  -0.0005     0.8%
  1213    12.1s    0.0014     5.0%     5.0%    46.9%      12%/16%/72%    1.664    0.446    95.0%     0.0%   2.2589   0.0038     1.1%
  1214     4.7s    0.0030    45.0%    45.0%    81.6%      10%/15%/75%    1.163    0.311    50.0%     0.0%   2.1023   0.0050     0.4%
  1215    17.9s    0.0027     5.0%     5.0%    51.1%      18%/12%/70%    3.128    0.548    95.0%     0.0%   2.1749   0.0044     1.2%
  1216     6.8s    0.0008     0.0%     0.0%    55.0%      10%/12%/79%    0.000    0.514    95.0%     0.0%   2.3045   0.0028     1.8%
  [LateGuard] restore best_model at ep1216 (drop=0.486, freeze=False)
  1217    11.9s    0.0017     5.0%     5.0%    43.5%       10%/8%/81%    0.650    0.585    90.0%     0.0%   2.8427   0.0073     0.9%
  1218    11.5s    0.0037    10.0%    10.0%    45.4%      11%/15%/74%    1.426    0.533    90.0%     0.0%   2.3018   0.0071     0.8%
  1219    12.9s    0.0014     0.0%     0.0%    36.7%       12%/8%/80%    0.000    0.632   100.0%     0.0%   2.3345   0.0021     1.3%
  1220     8.8s    0.0011    10.0%    10.0%    47.3%       9%/15%/76%    0.644    0.391    85.0%     0.0%   2.6046   0.0021     0.6%
  [MA20] reward=0.0021 task_sr=12.0% miss=84.0% time_limit=0.0% v2v=77.0%
  [RWRD] r_prog=0.0444 r_term=-0.0337 r_illegal=0.0000
  [PPO ] p_loss=-0.0002 v_loss=0.7144 entropy=2.6046 grad=3.7138 active=100.0%
  [SIM ] avg_power(a)=0.5186 rsu_q=0.333 tx=88 no_tx=9 deadlock=0 svc=0.000GHz idle=0.0%

    Ep    Wall    R/step     T_SR     V_SR     S_SR            L/R/V   Lat(s)       En     Miss      Ill      Ent       KL     Clip
--------------------------------------------------------------------------------------------------------------------------------
  1221    16.5s    0.0019     0.0%     0.0%    39.8%       9%/10%/81%    0.000    0.461    95.0%     0.0%   2.1776   0.0038     0.7%
  1222     6.0s    0.0016    25.0%    25.0%    54.0%       20%/8%/73%    1.222    0.445    70.0%     0.0%   2.2145   0.0087     0.5%
  1223    12.1s    0.0015    10.0%    10.0%    44.0%      17%/11%/72%    2.075    0.345    85.0%     0.0%   2.2753   0.0020     1.4%
  1224     7.4s    0.0002    15.0%    15.0%    62.7%       4%/12%/84%    1.203    0.391    75.0%     0.0%   2.4268 -8.46e-05     1.0%
  1225    19.7s    0.0027     5.0%     5.0%    48.1%      11%/18%/71%    3.278    0.537    90.0%     0.0%   2.1427   0.0005     1.4%
  1226    11.7s    0.0012     0.0%     0.0%    54.9%      12%/13%/75%    0.000    0.429    95.0%     0.0%   2.2363   0.0002     1.3%
  1227    27.7s    0.0039     5.0%     5.0%    44.4%      18%/16%/66%    2.351    0.603    95.0%     0.0%   2.2603   0.0015     1.2%
  1228    13.2s    0.0024    15.0%    15.0%    44.0%      14%/12%/73%    1.772    0.413    85.0%     0.0%   2.2013   0.0026     1.7%
  1229    11.9s    0.0034    10.0%    10.0%    51.2%      11%/14%/75%    1.913    0.446    90.0%     0.0%   2.3528  -0.0018     1.5%
  1230     9.3s    0.0008    20.0%    20.0%    54.8%      11%/14%/75%    1.160    0.374    75.0%     0.0%   2.6242 3.90e-05     1.4%
  [MA20] reward=0.0020 task_sr=12.5% miss=83.8% time_limit=0.0% v2v=74.5%
  [RWRD] r_prog=0.0313 r_term=-0.0238 r_illegal=0.0000
  [PPO ] p_loss=0.0047 v_loss=0.8138 entropy=2.6242 grad=12.7371 active=100.0%
  [SIM ] avg_power(a)=0.5090 rsu_q=0.417 tx=90 no_tx=12 deadlock=0 svc=0.000GHz idle=0.0%
  1231    10.3s    0.0028     0.0%     0.0%    50.2%       13%/9%/78%    0.000    0.452    95.0%     0.0%   2.1080   0.0061     1.2%
  [LateGuard] restore best_model at ep1231 (drop=0.470, freeze=False)
  1232     6.9s    0.0010    20.0%    20.0%    64.7%      11%/15%/74%    0.833    0.355    80.0%     0.0%   2.4256  -0.0020     1.6%
  1233    13.4s    0.0012    10.0%    10.0%    55.3%       8%/17%/76%    2.111    0.322    85.0%     0.0%   2.2434   0.0029     1.5%
  1234     6.5s    0.0004    10.0%    10.0%    66.2%       6%/10%/84%    0.713    0.443    80.0%     0.0%   2.3372   0.0040     0.5%
  1235    17.8s    0.0037     5.0%     5.0%    41.3%      11%/11%/79%    1.635    0.564    95.0%     0.0%   2.8743   0.0040     1.3%
  1236     7.0s    0.0022    30.0%    30.0%    64.1%       18%/9%/73%    0.876    0.328    70.0%     0.0%   2.3844   0.0022     0.9%
  1237     7.7s    0.0016    30.0%    30.0%    61.4%        6%/9%/84%    1.100    0.331    70.0%     0.0%   2.3282   0.0034     1.5%
  1238    19.2s    0.0018     0.0%     0.0%    37.5%       7%/16%/77%    0.000    0.541   100.0%     0.0%   2.4135   0.0036     1.5%
  1239    11.3s    0.0031     0.0%     0.0%    38.2%       6%/12%/82%    0.000    0.542   100.0%     0.0%   2.3145  -0.0002     1.8%
  1240    15.5s    0.0016    15.0%    15.0%    35.9%       9%/10%/81%    2.241    0.532    85.0%     0.0%   2.4939   0.0097     1.4%
  [MA20] reward=0.0019 task_sr=11.2% miss=85.8% time_limit=0.0% v2v=76.6%
  [RWRD] r_prog=0.0400 r_term=-0.0244 r_illegal=0.0000
  [PPO ] p_loss=0.0214 v_loss=0.5866 entropy=2.4939 grad=4.3279 active=100.0%
  [SIM ] avg_power(a)=0.4826 rsu_q=0.241 tx=108 no_tx=11 deadlock=0 svc=0.000GHz idle=0.0%

    Ep    Wall    R/step     T_SR     V_SR     S_SR            L/R/V   Lat(s)       En     Miss      Ill      Ent       KL     Clip
--------------------------------------------------------------------------------------------------------------------------------
  1241    16.9s    0.0026     5.0%     5.0%    49.4%      13%/16%/71%    2.970    0.515    85.0%     0.0%   2.2242   0.0061     1.1%
  1242     8.0s    0.0032    30.0%    30.0%    58.2%      10%/14%/76%    1.138    0.442    70.0%     0.0%   2.3341   0.0035     1.0%
  1243    10.7s    0.0029    10.0%    10.0%    52.7%       14%/6%/79%    2.232    0.412    85.0%     0.0%   2.2509   0.0050     0.7%
  1244    11.1s    0.0014     5.0%     5.0%    50.4%       7%/14%/79%    1.661    0.507    95.0%     0.0%   2.8626   0.0029     1.0%
  1245    10.6s    0.0014     5.0%     5.0%    39.4%        7%/3%/90%    0.895    0.559    95.0%     0.0%   2.8794   0.0006     1.2%
  1246     6.1s   -0.0001    15.0%    15.0%    56.5%       10%/9%/81%    1.370    0.270    70.0%     0.0%   2.2459   0.0065     0.7%
  [LateGuard] restore best_model at ep1246 (drop=0.404, freeze=False)
  1247    13.7s    0.0021     0.0%     0.0%    47.8%      12%/11%/77%    0.000    0.415    90.0%     0.0%   2.4774   0.0022     0.8%
  1248    19.0s    0.0023     5.0%     5.0%    47.5%       12%/9%/79%    3.718    0.469    95.0%     0.0%   2.3136   0.0066     0.8%
  1249    11.2s    0.0052     5.0%     5.0%    41.4%       9%/11%/80%    2.197    0.531    90.0%     0.0%   2.2219   0.0038     1.3%
  1250     5.7s   -0.0010    15.0%    15.0%    64.5%       7%/12%/81%    1.105    0.412    85.0%     0.0%   2.2480  -0.0029     0.9%
  [MA20] reward=0.0020 task_sr=10.8% miss=86.0% time_limit=0.0% v2v=79.1%
  [RWRD] r_prog=0.0163 r_term=-0.0260 r_illegal=0.0000
  [PPO ] p_loss=0.0084 v_loss=1.2454 entropy=2.2480 grad=14.0430 active=100.0%
  [SIM ] avg_power(a)=0.5094 rsu_q=0.000 tx=96 no_tx=8 deadlock=0 svc=0.000GHz idle=0.0%
  1251    13.7s    0.0013     5.0%     5.0%    52.0%        8%/8%/83%    1.185    0.441    70.0%     0.0%   2.3126   0.0025     1.3%
  1252     5.9s    0.0017    35.0%    35.0%    64.3%      10%/15%/75%    1.272    0.489    65.0%     0.0%   2.3155   0.0101     1.1%
  1253    32.8s    0.0016     5.0%     5.0%    30.0%      13%/15%/72%    2.424    0.624    95.0%     0.0%   2.8142   0.0022     1.3%
  1254    11.4s    0.0033     5.0%     5.0%    56.3%      13%/11%/76%    1.010    0.421    90.0%     0.0%   2.3492   0.0028     0.7%
  1255    32.3s    0.0050     0.0%     0.0%    23.6%       6%/13%/80%    0.000    0.587    95.0%     0.0%   2.7980   0.0028     1.1%
  1256     9.0s    0.0013    35.0%    35.0%    73.2%      15%/10%/75%    1.310    0.430    60.0%     0.0%   2.4014   0.0056     0.6%
  1257    11.7s    0.0031     0.0%     0.0%    42.0%       8%/14%/78%    0.000    0.580   100.0%     0.0%   2.2813  -0.0002     1.0%
  1258    16.9s    0.0025    10.0%    10.0%    41.4%      12%/17%/71%    1.195    0.519    90.0%     0.0%   2.6223   0.0049     0.9%
  1259    12.9s    0.0031    10.0%    10.0%    43.3%      11%/10%/80%    2.138    0.472    85.0%     0.0%   2.4065   0.0065     1.0%
  1260    12.4s    0.0023     0.0%     0.0%    38.2%       7%/10%/83%    0.000    0.544   100.0%     0.0%   2.4146   0.0023     0.7%
  [MA20] reward=0.0023 task_sr=10.0% miss=85.5% time_limit=0.0% v2v=78.3%
  [RWRD] r_prog=0.0580 r_term=-0.0352 r_illegal=0.0000
  [PPO ] p_loss=-0.0100 v_loss=0.6642 entropy=2.4146 grad=2.5368 active=100.0%
  [SIM ] avg_power(a)=0.5101 rsu_q=0.069 tx=118 no_tx=10 deadlock=0 svc=0.000GHz idle=0.0%

    Ep    Wall    R/step     T_SR     V_SR     S_SR            L/R/V   Lat(s)       En     Miss      Ill      Ent       KL     Clip
--------------------------------------------------------------------------------------------------------------------------------
  1261    26.3s    0.0010    10.0%    10.0%    35.9%      15%/12%/73%    2.993    0.591    85.0%     0.0%   2.4327   0.0082     1.1%
  [LateGuard] restore best_model at ep1261 (drop=0.399, freeze=False)
  1262    17.5s    0.0026     5.0%     5.0%    51.0%      10%/11%/79%    1.940    0.497    75.0%     0.0%   2.2684   0.0052     1.1%
  1263    19.7s    0.0027     0.0%     0.0%    46.3%      13%/10%/77%    0.000    0.496   100.0%     0.0%   2.1501   0.0026     1.3%
  1264    11.8s    0.0032    10.0%    10.0%    59.0%      14%/14%/72%    1.399    0.414    80.0%     0.0%   2.3010   0.0012     1.2%
  1265    12.3s    0.0020     0.0%     0.0%    37.0%      12%/11%/77%    0.000    0.498    90.0%     0.0%   2.3694   0.0048     1.1%
  1266    23.1s    0.0038     0.0%     0.0%    30.2%      12%/10%/78%    0.000    0.509   100.0%     0.0%   2.2079   0.0003     1.1%
  1267     5.7s   -0.0007    10.0%    10.0%    59.8%       15%/9%/76%    1.003    0.417    90.0%     0.0%   2.3271   0.0038     0.5%
  1268    12.3s    0.0031     5.0%     5.0%    48.7%       14%/9%/77%    2.382    0.446    95.0%     0.0%   2.4453   0.0042     0.8%
  1269    18.1s    0.0013     0.0%     0.0%    34.5%      15%/15%/70%    0.000    0.434    90.0%     0.0%   2.2145   0.0054     1.1%
  1270     5.0s    0.0027    40.0%    40.0%    71.2%      10%/15%/75%    1.242    0.256    50.0%     0.0%   2.1460  -0.0019     0.6%
  [MA20] reward=0.0023 task_sr=9.2% miss=85.2% time_limit=0.0% v2v=76.3%
  [RWRD] r_prog=0.0338 r_term=-0.0071 r_illegal=0.0000
  [PPO ] p_loss=-0.0014 v_loss=0.9238 entropy=2.1460 grad=5.2315 active=100.0%
  [SIM ] avg_power(a)=0.4812 rsu_q=0.000 tx=101 no_tx=13 deadlock=0 svc=0.000GHz idle=0.0%
  1271    20.1s    0.0044     5.0%     5.0%    34.5%       8%/12%/79%    1.269    0.597    95.0%     0.0%   2.8799   0.0040     1.0%
  1272    22.6s    0.0027    10.0%    10.0%    48.9%      13%/17%/70%    2.758    0.503    85.0%     0.0%   2.2417   0.0054     1.6%
  1273    13.0s    0.0024     5.0%     5.0%    43.8%        8%/8%/84%    1.922    0.465    95.0%     0.0%   2.5474   0.0060     1.6%
  1274     6.4s    0.0027    20.0%    20.0%    51.6%       11%/7%/82%    0.808    0.394    80.0%     0.0%   2.4123  -0.0009     1.4%
  1275     5.8s   -0.0005     0.0%     0.0%    56.6%      10%/16%/75%    0.000    0.464    95.0%     0.0%   2.1981   0.0070     0.9%
  1276     7.0s    0.0007    25.0%    25.0%    63.2%      10%/16%/74%    1.293    0.319    65.0%     0.0%   2.3043   0.0036     0.9%
  [LateGuard] restore best_model at ep1276 (drop=0.437, freeze=False)
  1277     7.1s    0.0012    15.0%    15.0%    53.3%      10%/12%/78%    0.906    0.361    85.0%     0.0%   2.3140   0.0069     0.8%
  1278     9.9s    0.0030     5.0%     5.0%    54.3%      15%/17%/69%    1.761    0.431    75.0%     0.0%   2.1871   0.0008     1.7%
  1279    19.7s    0.0039     0.0%     0.0%    38.5%        9%/8%/83%    0.000    0.578   100.0%     0.0%   2.4494   0.0027     1.1%
  1280     4.8s    0.0041    60.0%    60.0%    86.8%      18%/12%/70%    1.448    0.241    35.0%     0.0%   2.1540   0.0099     0.8%
  [MA20] reward=0.0023 task_sr=11.2% miss=83.2% time_limit=0.0% v2v=75.9%
  [RWRD] r_prog=0.0255 r_term=0.0151 r_illegal=0.0000
  [PPO ] p_loss=0.0177 v_loss=0.8817 entropy=2.1540 grad=4.5964 active=100.0%
  [SIM ] avg_power(a)=0.4915 rsu_q=0.130 tx=96 no_tx=26 deadlock=0 svc=0.000GHz idle=0.0%

    Ep    Wall    R/step     T_SR     V_SR     S_SR            L/R/V   Lat(s)       En     Miss      Ill      Ent       KL     Clip
--------------------------------------------------------------------------------------------------------------------------------
  1281    10.4s    0.0036    15.0%    15.0%    51.6%       5%/11%/84%    0.699    0.502    85.0%     0.0%   2.8382   0.0004     1.6%
  1282     3.6s    0.0065    80.0%    80.0%    91.9%      14%/13%/72%    1.213    0.226     0.0%     0.0%   2.2780   0.0069     0.6%
  1283    20.7s    0.0011     0.0%     0.0%    31.9%       12%/5%/82%    0.000    0.543   100.0%     0.0%   2.3813   0.0070     1.4%
  1284    20.1s    0.0027     0.0%     0.0%    35.7%      11%/13%/75%    0.000    0.487   100.0%     0.0%   2.2698   0.0039     0.9%
  1285    18.1s    0.0016    10.0%    10.0%    43.5%      12%/13%/75%    2.007    0.525    75.0%     0.0%   2.1445   0.0083     1.2%
  1286    18.6s    0.0032     5.0%     5.0%    37.9%       6%/14%/80%    1.080    0.384    95.0%     0.0%   2.6535   0.0077     0.7%
  1287    11.6s    0.0018     5.0%     5.0%    44.9%       7%/16%/77%    1.560    0.411    90.0%     0.0%   2.3354   0.0004     1.2%
  1288    19.6s    0.0010     0.0%     0.0%    29.6%      14%/12%/74%    0.000    0.533    95.0%     0.0%   2.3865   0.0074     0.9%
  1289     5.5s    0.0041    55.0%    55.0%    85.4%      18%/11%/71%    1.467    0.312    35.0%     0.0%   2.1268   0.0044     1.4%
  1290     6.0s    0.0024    35.0%    35.0%    78.7%      11%/17%/72%    1.139    0.366    65.0%     0.0%   2.2483   0.0007     0.9%
  [MA20] reward=0.0026 task_sr=17.5% miss=77.5% time_limit=0.0% v2v=76.4%
  [RWRD] r_prog=0.0310 r_term=-0.0069 r_illegal=0.0000
  [PPO ] p_loss=-0.0152 v_loss=0.7323 entropy=2.2483 grad=2.3760 active=100.0%
  [SIM ] avg_power(a)=0.4882 rsu_q=0.174 tx=100 no_tx=14 deadlock=0 svc=0.000GHz idle=0.0%
  1291    11.2s    0.0017    10.0%    10.0%    42.4%      11%/14%/75%    1.608    0.438    80.0%     0.0%   2.2364   0.0026     1.2%
  [LateGuard] restore best_model at ep1291 (drop=0.306, freeze=False)
  1292    15.2s    0.0035     0.0%     0.0%    40.2%      11%/13%/75%    0.000    0.428    95.0%     0.0%   2.4582   0.0029     1.4%
  1293    23.2s    0.0035     5.0%     5.0%    38.3%       12%/8%/81%    2.180    0.479    90.0%     0.0%   2.4245   0.0065     1.1%
  1294     6.2s    0.0021    35.0%    35.0%    68.7%       6%/13%/81%    0.917    0.338    55.0%     0.0%   2.2486   0.0044     0.2%
  1295    10.6s    0.0015     5.0%     5.0%    59.3%      11%/11%/78%    2.089    0.471    85.0%     0.0%   2.2238   0.0102     0.5%
  1296    11.0s    0.0033     0.0%     0.0%    46.8%      18%/12%/70%    0.000    0.596   100.0%     0.0%   2.1430   0.0026     0.7%
  1297    10.9s    0.0018    15.0%    15.0%    65.7%      13%/20%/67%    1.979    0.308    70.0%     0.0%   2.2977   0.0053     0.7%
  1298     8.4s    0.0040    30.0%    30.0%    75.3%      14%/16%/70%    1.853    0.328    70.0%     0.0%   2.1111   0.0043     0.8%
  1299    31.6s    0.0036     5.0%     5.0%    25.2%       7%/14%/78%    2.166    0.514    95.0%     0.0%   2.8700   0.0053     1.0%
  1300    11.5s    0.0028     0.0%     0.0%    40.7%      11%/11%/79%    0.000    0.634    95.0%     0.0%   2.3529   0.0044     0.9%
  [MA20] reward=0.0028 task_sr=15.5% miss=78.7% time_limit=0.0% v2v=75.9%
  [RWRD] r_prog=0.0623 r_term=-0.0346 r_illegal=0.0000
  [PPO ] p_loss=-0.0089 v_loss=0.7086 entropy=2.3529 grad=3.1906 active=100.0%
  [SIM ] avg_power(a)=0.5120 rsu_q=0.032 tx=110 no_tx=14 deadlock=0 svc=0.000GHz idle=0.0%
  [Checkpoint] saved: ep1300.pth

    Ep    Wall    R/step     T_SR     V_SR     S_SR            L/R/V   Lat(s)       En     Miss      Ill      Ent       KL     Clip
--------------------------------------------------------------------------------------------------------------------------------
  1301    11.6s    0.0023    15.0%    15.0%    62.1%      12%/18%/70%    2.254    0.249    80.0%     0.0%   2.1038   0.0033     0.4%
  1302    11.5s    0.0011     5.0%     5.0%    41.1%      11%/13%/76%    1.434    0.478    95.0%     0.0%   2.3256   0.0053     0.4%
  1303    11.3s    0.0037     0.0%     0.0%    46.3%      11%/12%/77%    0.000    0.567    95.0%     0.0%   2.2468   0.0061     0.7%
  1304     8.1s    0.0009    25.0%    25.0%    63.2%      13%/15%/72%    0.834    0.404    75.0%     0.0%   2.4246   0.0018     0.8%
  1305    21.0s    0.0028     0.0%     0.0%    35.7%      14%/11%/75%    0.000    0.466    95.0%     0.0%   2.2749   0.0045     0.4%
  1306    11.4s    0.0022     0.0%     0.0%    42.1%      12%/10%/78%    0.000    0.499   100.0%     0.0%   2.4175   0.0064     0.1%
  [LateGuard] restore best_model at ep1306 (drop=0.344, freeze=False)
  1307     9.6s    0.0021     5.0%     5.0%    47.8%       15%/9%/76%    1.755    0.482    85.0%     0.0%   2.2062   0.0118     1.0%
  1308     4.9s    0.0012    40.0%    40.0%    81.2%      11%/15%/74%    1.082    0.245    55.0%     0.0%   2.2498   0.0030     1.1%
  1309     5.6s    0.0016    35.0%    35.0%    64.3%      12%/12%/75%    0.903    0.260    60.0%     0.0%   2.2463  -0.0009     1.6%
  1310     6.0s    0.0009    20.0%    20.0%    59.7%       14%/7%/79%    1.335    0.454    70.0%     0.0%   2.2080   0.0070     1.6%
  [MA20] reward=0.0023 task_sr=12.5% miss=82.2% time_limit=0.0% v2v=75.4%
  [RWRD] r_prog=0.0354 r_term=-0.0267 r_illegal=0.0000
  [PPO ] p_loss=0.0004 v_loss=0.8268 entropy=2.2080 grad=2.8659 active=100.0%
  [SIM ] avg_power(a)=0.5012 rsu_q=0.333 tx=87 no_tx=16 deadlock=0 svc=0.000GHz idle=0.0%
  1311     5.6s   -0.0006    15.0%    15.0%    60.8%      15%/12%/73%    0.787    0.422    80.0%     0.0%   2.2807   0.0033     1.1%
  1312     6.9s    0.0038    45.0%    45.0%    72.4%      17%/14%/69%    1.154    0.225    55.0%     0.0%   2.3026   0.0046     0.7%
  1313     9.9s    0.0014     5.0%     5.0%    53.8%       9%/11%/81%    2.379    0.476    80.0%     0.0%   2.3782   0.0038     0.9%
  1314     9.0s    0.0022    10.0%    10.0%    53.0%      14%/10%/76%    1.362    0.329    75.0%     0.0%   2.1888   0.0028     0.9%
  1315     5.4s    0.0011    35.0%    35.0%    73.7%        9%/8%/83%    1.580    0.313    65.0%     0.0%   2.2871   0.0022     1.1%
  1316     6.5s   -0.0004    10.0%    10.0%    60.8%      12%/13%/76%    1.490    0.509    80.0%     0.0%   2.2378  -0.0007     0.9%
  1317    19.8s    0.0013     0.0%     0.0%    26.5%       2%/10%/88%    0.000    0.592   100.0%     0.0%   2.3823   0.0054     1.6%
  1318    10.9s    0.0006     0.0%     0.0%    43.5%      15%/17%/67%    0.000    0.470    95.0%     0.0%   2.2397   0.0109     1.2%
  1319     8.3s    0.0007    15.0%    15.0%    52.6%       10%/9%/81%    1.174    0.389    80.0%     0.0%   2.5210  -0.0056     2.0%
  1320    19.2s    0.0034     0.0%     0.0%    31.4%       8%/12%/80%    0.000    0.647   100.0%     0.0%   2.2862   0.0071     2.0%
  [MA20] reward=0.0016 task_sr=14.0% miss=81.0% time_limit=0.0% v2v=76.4%
  [RWRD] r_prog=0.0598 r_term=-0.0253 r_illegal=0.0000
  [PPO ] p_loss=-0.0021 v_loss=0.6991 entropy=2.2862 grad=6.1153 active=100.0%
  [SIM ] avg_power(a)=0.4939 rsu_q=0.150 tx=126 no_tx=12 deadlock=0 svc=0.000GHz idle=0.0%

    Ep    Wall    R/step     T_SR     V_SR     S_SR            L/R/V   Lat(s)       En     Miss      Ill      Ent       KL     Clip
--------------------------------------------------------------------------------------------------------------------------------
  1321    21.6s    0.0032     0.0%     0.0%    25.8%       6%/10%/84%    0.000    0.510   100.0%     0.0%   3.0306   0.0084     1.4%
  [LateGuard] restore best_model at ep1321 (drop=0.202, freeze=False)
  1322    11.9s    0.0008     0.0%     0.0%    29.4%       6%/12%/81%    0.000    0.467   100.0%     0.0%   2.4242   0.0039     1.2%
  1323     6.0s   -0.0006    10.0%    10.0%    67.6%      10%/13%/77%    1.296    0.476    90.0%     0.0%   2.0525   0.0041     1.0%
  1324     6.9s    0.0016     0.0%     0.0%    43.3%        8%/4%/88%    0.000    0.529    95.0%     0.0%   2.3382   0.0102     0.8%
  1325    17.9s    0.0031    10.0%    10.0%    51.8%      10%/15%/75%    2.867    0.333    70.0%     0.0%   2.2222   0.0069     0.9%
  1326    17.5s    0.0022     5.0%     5.0%    41.8%      17%/16%/67%    2.330    0.570    95.0%     0.0%   2.0916   0.0023     0.9%
  1327    10.3s    0.0023     0.0%     0.0%    61.1%      12%/12%/76%    0.000    0.422    90.0%     0.0%   2.1772   0.0002     0.5%
  1328     6.4s    0.0039    40.0%    40.0%    75.7%      15%/14%/71%    1.249    0.264    55.0%     0.0%   2.1666  -0.0035     0.7%
  1329    10.4s    0.0020     5.0%     5.0%    65.4%      17%/13%/70%    2.082    0.467    85.0%     0.0%   2.1431   0.0094     0.8%
  1330     4.7s    0.0012    40.0%    40.0%    78.9%      16%/11%/73%    1.223    0.291    50.0%     0.0%   2.1148  -0.0004     1.0%
  [MA20] reward=0.0017 task_sr=12.2% miss=82.0% time_limit=0.0% v2v=76.8%
  [RWRD] r_prog=0.0178 r_term=-0.0060 r_illegal=0.0000
  [PPO ] p_loss=0.0225 v_loss=0.9831 entropy=2.1148 grad=4.1956 active=100.0%
  [SIM ] avg_power(a)=0.5053 rsu_q=0.360 tx=96 no_tx=22 deadlock=0 svc=0.000GHz idle=0.0%
  1331    20.2s    0.0025     0.0%     0.0%    18.5%        3%/5%/91%    0.000    0.493   100.0%     0.0%   3.0281   0.0019     1.5%
  1332     8.0s   -0.0015     5.0%     5.0%    56.4%       5%/13%/83%    1.096    0.411    85.0%     0.0%   2.6321   0.0041     0.7%
  1333    21.5s    0.0024     0.0%     0.0%    23.7%        5%/8%/87%    0.000    0.435   100.0%     0.0%   2.9597   0.0005     1.2%
  1334    17.9s    0.0042     5.0%     5.0%    36.0%      10%/11%/79%    1.690    0.586    90.0%     0.0%   2.5263   0.0052     0.9%
  1335    10.8s    0.0031    15.0%    15.0%    58.9%      10%/12%/77%    2.307    0.425    75.0%     0.0%   2.2894   0.0014     0.9%
  1336    19.5s    0.0029     0.0%     0.0%    42.5%      16%/12%/72%    0.000    0.641   100.0%     0.0%   2.2331   0.0006     1.4%
  [LateGuard] restore best_model at ep1336 (drop=0.328, freeze=False)
  1337     6.1s    0.0012    35.0%    35.0%    69.5%       13%/9%/78%    0.904    0.333    55.0%     0.0%   2.4230   0.0076     0.6%
  1338    18.9s    0.0036    10.0%    10.0%    35.4%      11%/20%/69%    1.867    0.496    90.0%     0.0%   2.6397  -0.0015     1.0%
  1339    11.2s    0.0030     5.0%     5.0%    47.0%      13%/10%/77%    2.113    0.615    90.0%     0.0%   2.3654   0.0051     1.2%
  1340    30.1s    0.0031    15.0%    15.0%    40.0%      15%/16%/69%    2.333    0.516    85.0%     0.0%   2.4875   0.0032     1.1%
  [MA20] reward=0.0022 task_sr=10.0% miss=85.0% time_limit=0.0% v2v=77.2%
  [RWRD] r_prog=0.0480 r_term=-0.0175 r_illegal=0.0000
  [PPO ] p_loss=0.0145 v_loss=0.4897 entropy=2.4875 grad=2.9107 active=100.0%
  [SIM ] avg_power(a)=0.5355 rsu_q=0.368 tx=132 no_tx=24 deadlock=0 svc=0.000GHz idle=0.0%

    Ep    Wall    R/step     T_SR     V_SR     S_SR            L/R/V   Lat(s)       En     Miss      Ill      Ent       KL     Clip
--------------------------------------------------------------------------------------------------------------------------------
  1341     9.9s    0.0002     5.0%     5.0%    44.4%      11%/12%/77%    0.713    0.452    95.0%     0.0%   2.6467   0.0077     1.3%
  1342    19.2s    0.0021     0.0%     0.0%    39.6%      14%/13%/73%    3.436    0.505   100.0%     0.0%   2.2073 6.30e-05     0.9%
  1343    12.1s    0.0017    10.0%    10.0%    45.1%       9%/11%/81%    1.058    0.624    90.0%     0.0%   2.9089   0.0003     0.9%
  1344    10.2s    0.0014    20.0%    20.0%    59.9%      11%/16%/74%    2.146    0.381    75.0%     0.0%   2.2642  -0.0001     1.4%
  1345    11.8s    0.0026     5.0%     5.0%    35.1%       9%/10%/82%    1.944    0.643    95.0%     0.0%   2.3944   0.0044     0.9%
  1346    13.2s    0.0019     0.0%     0.0%    34.5%        8%/9%/83%    0.000    0.653   100.0%     0.0%   2.4598   0.0058     1.7%
  1347    11.7s    0.0053    40.0%    40.0%    75.7%      16%/17%/67%    2.117    0.317    60.0%     0.0%   2.1564   0.0091     0.5%
  1348    12.4s    0.0028     0.0%     0.0%    38.4%       4%/10%/86%    0.000    0.468    95.0%     0.0%   2.4673   0.0037     0.8%
  1349     7.4s    0.0027    40.0%    40.0%    59.3%      18%/12%/70%    1.289    0.363    60.0%     0.0%   2.3307   0.0051     0.8%
  1350    11.0s    0.0005     0.0%     0.0%    45.5%      11%/15%/75%    0.000    0.309   100.0%     0.0%   2.1305   0.0024     0.7%
  [MA20] reward=0.0023 task_sr=10.5% miss=87.0% time_limit=0.0% v2v=77.4%
  [RWRD] r_prog=0.0404 r_term=-0.0350 r_illegal=0.0000
  [PPO ] p_loss=0.0008 v_loss=0.8057 entropy=2.1305 grad=19.7107 active=100.0%
  [SIM ] avg_power(a)=0.5033 rsu_q=0.379 tx=116 no_tx=16 deadlock=0 svc=0.000GHz idle=0.0%
  1351    13.6s    0.0021     0.0%     0.0%    33.0%       5%/11%/85%    0.000    0.504   100.0%     0.0%   2.3973  -0.0020     1.1%
  [LateGuard] restore best_model at ep1351 (drop=0.361, freeze=False)
  1352    11.3s    0.0011     5.0%     5.0%    57.9%       9%/13%/78%    2.530    0.360    75.0%     0.0%   2.2728   0.0043     0.7%
  1353     7.9s   -0.0003    15.0%    15.0%    54.8%      14%/17%/69%    0.916    0.443    80.0%     0.0%   2.4009  -0.0006     0.9%
  1354    20.3s    0.0021     5.0%     5.0%    39.5%      10%/14%/76%    2.755    0.408    95.0%     0.0%   2.3890   0.0021     1.1%
  1355    12.3s    0.0018     5.0%     5.0%    47.8%      11%/18%/72%    2.325    0.512    95.0%     0.0%   2.1863   0.0043     1.6%
  1356    16.9s    0.0041     5.0%     5.0%    31.7%       9%/12%/78%    1.333    0.562    95.0%     0.0%   2.6338   0.0052     1.7%
  1357    13.2s    0.0012     0.0%     0.0%    51.0%      10%/12%/78%    0.000    0.438    95.0%     0.0%   2.3405   0.0025     1.6%
  1358     5.7s    0.0013    35.0%    35.0%    61.2%       8%/20%/72%    0.878    0.275    60.0%     0.0%   2.2144  -0.0001     0.8%
  1359     6.7s    0.0003    20.0%    20.0%    63.2%      11%/10%/80%    1.240    0.314    70.0%     0.0%   2.2390 1.09e-05     1.2%
  1360    23.1s    0.0015     0.0%     0.0%    26.6%      12%/10%/77%    0.000    0.483   100.0%     0.0%   2.5113   0.0079     1.3%
  [MA20] reward=0.0018 task_sr=10.5% miss=86.8% time_limit=0.0% v2v=76.6%
  [RWRD] r_prog=0.0419 r_term=-0.0266 r_illegal=0.0000
  [PPO ] p_loss=-0.0124 v_loss=0.5940 entropy=2.5113 grad=4.1222 active=100.0%
  [SIM ] avg_power(a)=0.4941 rsu_q=0.053 tx=115 no_tx=17 deadlock=0 svc=0.000GHz idle=0.0%

    Ep    Wall    R/step     T_SR     V_SR     S_SR            L/R/V   Lat(s)       En     Miss      Ill      Ent       KL     Clip
--------------------------------------------------------------------------------------------------------------------------------
  1361    11.7s    0.0024     0.0%     0.0%    45.8%       12%/9%/79%    0.000    0.419    95.0%     0.0%   2.3819   0.0022     1.4%
  1362    15.1s    0.0015     0.0%     0.0%    40.1%      13%/10%/77%    0.000    0.446   100.0%     0.0%   2.4285   0.0076     1.9%
  1363    11.6s    0.0020     0.0%     0.0%    42.5%       10%/9%/81%    0.000    0.597   100.0%     0.0%   2.3968   0.0031     1.7%
  1364    13.5s    0.0029     0.0%     0.0%    39.0%       9%/12%/80%    0.000    0.497    95.0%     0.0%   2.2979   0.0095     1.3%
  1365    12.0s    0.0033    15.0%    15.0%    56.8%      13%/12%/75%    2.282    0.461    85.0%     0.0%   2.2399   0.0047     1.3%
  1366    12.5s    0.0021     5.0%     5.0%    42.6%      13%/10%/77%    1.837    0.482    90.0%     0.0%   2.3660   0.0004     1.6%
  [LateGuard] restore best_model at ep1366 (drop=0.514, freeze=False)
  1367     5.1s    0.0036    75.0%    75.0%    91.8%      12%/11%/77%    1.628    0.245    15.0%     0.0%   2.0596   0.0014     1.2%
  1368     5.2s    0.0023    35.0%    35.0%    74.6%      11%/13%/76%    1.472    0.418    65.0%     0.0%   2.1134   0.0028     1.8%
  1369    12.6s    0.0019     0.0%     0.0%    40.4%       8%/11%/80%    0.000    0.466   100.0%     0.0%   2.4844   0.0083     1.4%
  1370    12.0s    0.0028     0.0%     0.0%    55.2%       15%/7%/78%    0.000    0.447   100.0%     0.0%   2.2642   0.0074     1.1%
  [MA20] reward=0.0020 task_sr=11.0% miss=85.5% time_limit=0.0% v2v=77.3%
  [RWRD] r_prog=0.0634 r_term=-0.0351 r_illegal=0.0000
  [PPO ] p_loss=-0.0045 v_loss=0.7303 entropy=2.2642 grad=6.0561 active=100.0%
  [SIM ] avg_power(a)=0.4983 rsu_q=0.103 tx=117 no_tx=24 deadlock=0 svc=0.000GHz idle=0.0%
  1371    34.7s    0.0034     0.0%     0.0%    20.1%        4%/5%/92%    0.000    0.554   100.0%     0.0%   3.0368   0.0062     1.5%
  1372    11.4s    0.0015     5.0%     5.0%    45.5%      13%/12%/75%    1.641    0.451    85.0%     0.0%   2.2364   0.0060     1.6%
  1373     5.7s   -0.0001    10.0%    10.0%    52.5%      12%/13%/75%    0.561    0.472    85.0%     0.0%   2.1896   0.0066     0.5%
  1374    22.5s    0.0027     0.0%     0.0%    30.5%       10%/5%/85%    0.000    0.627    90.0%     0.0%   2.3771   0.0067     1.2%
  1375     6.8s   -0.0002    20.0%    20.0%    60.6%      13%/13%/75%    0.773    0.411    75.0%     0.0%   2.3445   0.0074     1.0%
  1376    20.5s    0.0035    10.0%    10.0%    43.7%      10%/16%/74%    2.866    0.409    80.0%     0.0%   2.1987   0.0046     1.2%
  1377    20.7s    0.0029     5.0%     5.0%    48.1%      14%/15%/72%    3.023    0.573    95.0%     0.0%   2.2450   0.0038     0.9%
  1378    10.5s    0.0020     5.0%     5.0%    47.4%      14%/13%/72%    2.056    0.427    80.0%     0.0%   2.2596   0.0037     0.9%
  1379    17.0s    0.0015     0.0%     0.0%    35.9%      13%/14%/74%    0.000    0.493    90.0%     0.0%   2.3214   0.0078     0.7%
  1380    13.1s    0.0030     5.0%     5.0%    49.0%       9%/16%/74%    1.979    0.469    80.0%     0.0%   2.3201  -0.0011     1.2%
  [MA20] reward=0.0022 task_sr=9.5% miss=85.2% time_limit=0.0% v2v=77.3%
  [RWRD] r_prog=0.0664 r_term=-0.0366 r_illegal=0.0000
  [PPO ] p_loss=-0.0085 v_loss=0.7849 entropy=2.3201 grad=4.5439 active=100.0%
  [SIM ] avg_power(a)=0.5184 rsu_q=0.207 tx=121 no_tx=15 deadlock=0 svc=0.000GHz idle=0.0%

    Ep    Wall    R/step     T_SR     V_SR     S_SR            L/R/V   Lat(s)       En     Miss      Ill      Ent       KL     Clip
--------------------------------------------------------------------------------------------------------------------------------
  1381    22.8s    0.0033     0.0%     0.0%    24.5%        4%/6%/90%    0.000    0.556   100.0%     0.0%   3.0381   0.0085     0.8%
  [LateGuard] restore best_model at ep1381 (drop=0.464, freeze=False)
  1382     8.6s    0.0017    25.0%    25.0%    57.6%      14%/10%/76%    0.998    0.466    75.0%     0.0%   2.4379   0.0047     0.8%
  1383    10.0s    0.0018     0.0%     0.0%    66.5%      12%/11%/77%    0.000    0.441    95.0%     0.0%   2.1424   0.0029     0.7%
  1384    10.6s    0.0039     5.0%     5.0%    48.4%       13%/9%/78%    2.322    0.467    90.0%     0.0%   2.3055   0.0059     0.9%
  1385    20.0s    0.0023     0.0%     0.0%    36.3%      11%/13%/76%    0.000    0.508   100.0%     0.0%   2.2783   0.0020     1.3%
  1386    18.6s    0.0033     0.0%     0.0%    33.6%       13%/7%/80%    0.000    0.596   100.0%     0.0%   2.2783   0.0022     1.3%
  1387    12.2s    0.0009    10.0%    10.0%    47.8%      11%/16%/73%    2.393    0.488    75.0%     0.0%   2.1655   0.0087     1.3%
  1388     4.7s    0.0036    60.0%    60.0%    84.0%      13%/15%/72%    0.878    0.214    35.0%     0.0%   2.1686   0.0058     1.0%
  1389    12.0s    0.0021    20.0%    20.0%    46.1%      14%/16%/70%    1.949    0.422    75.0%     0.0%   2.2719   0.0062     1.0%
  1390     4.5s    0.0048    60.0%    60.0%    88.6%      15%/16%/69%    0.946    0.300    40.0%     0.0%   2.2309   0.0024     0.9%
  [MA20] reward=0.0024 task_sr=12.0% miss=82.2% time_limit=0.0% v2v=76.5%
  [RWRD] r_prog=0.0239 r_term=0.0239 r_illegal=0.0000
  [PPO ] p_loss=0.0027 v_loss=0.7032 entropy=2.2309 grad=2.9381 active=100.0%
  [SIM ] avg_power(a)=0.5087 rsu_q=0.476 tx=98 no_tx=19 deadlock=0 svc=0.000GHz idle=0.0%
  1391    22.6s    0.0028     0.0%     0.0%    42.0%      10%/13%/77%    0.000    0.575    90.0%     0.0%   2.2688   0.0056     1.1%
  1392    11.1s    0.0014    10.0%    10.0%    51.2%       9%/14%/77%    1.473    0.423    90.0%     0.0%   2.3109   0.0008     1.4%
  1393    12.1s    0.0014    15.0%    15.0%    46.5%       8%/19%/72%    1.607    0.423    70.0%     0.0%   2.2518   0.0048     0.7%
  1394     4.4s    0.0035    60.0%    60.0%    75.4%      12%/13%/75%    1.016    0.209    30.0%     0.0%   2.1609   0.0030     0.9%
  1395    10.5s    0.0013    15.0%    15.0%    57.9%      10%/19%/71%    1.880    0.385    65.0%     0.0%   2.1936   0.0059     1.4%
  1396    10.6s    0.0031    30.0%    30.0%    61.1%      11%/12%/77%    2.152    0.359    65.0%     0.0%   2.2377   0.0053     1.0%
  [LateGuard] restore best_model at ep1396 (drop=0.268, freeze=False)
  1397    15.9s    0.0020    15.0%    15.0%    42.8%      15%/19%/66%    1.452    0.541    85.0%     0.0%   2.6205   0.0065     1.1%
  1398    11.0s    0.0022     5.0%     5.0%    42.0%      10%/12%/78%    1.396    0.547    95.0%     0.0%   2.2036   0.0066     0.9%
  1399    10.1s    0.0021    10.0%    10.0%    52.2%      17%/13%/69%    1.834    0.392    90.0%     0.0%   2.1477   0.0094     0.7%
  1400    12.1s    0.0018    15.0%    15.0%    61.0%      14%/14%/72%    1.850    0.388    80.0%     0.0%   2.2200   0.0028     0.7%
  [MA20] reward=0.0025 task_sr=17.8% miss=77.3% time_limit=0.0% v2v=74.8%
  [RWRD] r_prog=0.0418 r_term=-0.0237 r_illegal=0.0000
  [PPO ] p_loss=-0.0156 v_loss=0.6945 entropy=2.2200 grad=5.3827 active=100.0%
  [SIM ] avg_power(a)=0.5142 rsu_q=0.323 tx=125 no_tx=25 deadlock=0 svc=0.000GHz idle=0.0%
  [Checkpoint] saved: ep1400.pth

    Ep    Wall    R/step     T_SR     V_SR     S_SR            L/R/V   Lat(s)       En     Miss      Ill      Ent       KL     Clip
--------------------------------------------------------------------------------------------------------------------------------
  1401    21.3s    0.0017     5.0%     5.0%    23.3%      12%/14%/75%    1.030    0.482    95.0%     0.0%   2.8390   0.0024     1.8%
  1402    11.2s    0.0012     0.0%     0.0%    32.9%       17%/9%/74%    0.000    0.573    95.0%     0.0%   2.2169   0.0026     0.9%
  1403    21.8s    0.0039     0.0%     0.0%    26.3%       7%/11%/82%    0.000    0.598   100.0%     0.0%   3.0650   0.0028     1.6%
  1404     9.5s    0.0025     5.0%     5.0%    58.5%      15%/16%/69%    2.010    0.444    90.0%     0.0%   2.2180   0.0002     0.8%
  1405     5.5s   -0.0004    20.0%    20.0%    60.0%       16%/7%/77%    1.076    0.340    75.0%     0.0%   2.2084   0.0001     1.2%
  1406    13.0s    0.0030    10.0%    10.0%    49.5%      10%/12%/78%    2.264    0.429    85.0%     0.0%   2.3806   0.0003     1.4%
  1407     5.8s    0.0017    40.0%    40.0%    66.7%      15%/15%/70%    1.413    0.353    50.0%     0.0%   2.2822   0.0059     0.9%
  1408    21.1s    0.0015     5.0%     5.0%    46.9%       7%/15%/78%    2.419    0.480    85.0%     0.0%   2.4319   0.0009     1.0%
  1409    18.1s    0.0023     0.0%     0.0%    42.2%      10%/12%/78%    0.000    0.473   100.0%     0.0%   2.3614   0.0016     0.9%
  1410     6.5s    0.0012    25.0%    25.0%    62.2%      15%/10%/74%    1.406    0.388    70.0%     0.0%   2.3144  -0.0029     1.2%
  [MA20] reward=0.0020 task_sr=14.2% miss=80.2% time_limit=0.0% v2v=74.4%
  [RWRD] r_prog=0.0300 r_term=-0.0183 r_illegal=0.0000
  [PPO ] p_loss=-0.0304 v_loss=0.7602 entropy=2.3144 grad=5.8621 active=100.0%
  [SIM ] avg_power(a)=0.5163 rsu_q=0.080 tx=92 no_tx=16 deadlock=0 svc=0.000GHz idle=0.0%
  1411    11.3s    0.0025     0.0%     0.0%    56.4%      13%/12%/75%    0.000    0.414    90.0%     0.0%   2.1692   0.0035     1.0%
  [LateGuard] restore best_model at ep1411 (drop=0.284, freeze=False)
  1412    13.2s    0.0034     0.0%     0.0%    57.6%      11%/11%/78%    0.000    0.433   100.0%     0.0%   2.2052   0.0082     1.2%
  1413    20.8s    0.0013     0.0%     0.0%    43.6%      11%/16%/74%    0.000    0.392    85.0%     0.0%   2.1613   0.0003     1.1%
  1414     5.1s    0.0029    40.0%    40.0%    72.8%      10%/10%/80%    0.932    0.324    60.0%     0.0%   2.1881  -0.0004     0.6%
  1415     6.1s    0.0022    25.0%    25.0%    63.4%       10%/9%/81%    0.953    0.401    70.0%     0.0%   2.3387   0.0064     1.0%
  1416    15.0s    0.0042    10.0%    10.0%    38.3%       12%/7%/82%    1.141    0.546    85.0%     0.0%   2.5971   0.0041     1.1%
  1417    11.5s    0.0019    20.0%    20.0%    57.9%      14%/10%/77%    2.152    0.352    70.0%     0.0%   2.3392   0.0061     0.9%
  1418    22.9s    0.0038     0.0%     0.0%    26.1%        7%/9%/84%    0.000    0.674   100.0%     0.0%   3.0749   0.0053     0.8%
  1419    11.3s    0.0005     5.0%     5.0%    61.0%      12%/16%/72%    2.432    0.450    85.0%     0.0%   2.2453   0.0035     0.8%
  1420    12.2s    0.0035     5.0%     5.0%    39.5%      10%/11%/79%    2.249    0.537    95.0%     0.0%   2.3413   0.0036     1.2%
  [MA20] reward=0.0022 task_sr=10.8% miss=84.2% time_limit=0.0% v2v=76.8%
  [RWRD] r_prog=0.0669 r_term=-0.0315 r_illegal=0.0000
  [PPO ] p_loss=0.0002 v_loss=0.6481 entropy=2.3413 grad=4.4991 active=100.0%
  [SIM ] avg_power(a)=0.5059 rsu_q=0.103 tx=120 no_tx=11 deadlock=0 svc=0.000GHz idle=0.0%

    Ep    Wall    R/step     T_SR     V_SR     S_SR            L/R/V   Lat(s)       En     Miss      Ill      Ent       KL     Clip
--------------------------------------------------------------------------------------------------------------------------------
  1421    17.8s    0.0025     0.0%     0.0%    36.6%       8%/11%/81%    0.000    0.492    80.0%     0.0%   2.2742   0.0042     0.5%
  1422     5.8s    0.0022    20.0%    20.0%    67.9%      17%/13%/70%    0.942    0.422    80.0%     0.0%   2.1245   0.0096     0.3%
  1423    11.3s    0.0022     0.0%     0.0%    44.7%      10%/13%/77%    0.000    0.539   100.0%     0.0%   2.3958   0.0029     0.9%
  1424     5.8s    0.0033    30.0%    30.0%    69.6%      11%/17%/71%    1.219    0.399    70.0%     0.0%   2.1751   0.0048     0.1%
  1425     8.6s    0.0033    15.0%    15.0%    77.8%      16%/11%/73%    2.122    0.368    85.0%     0.0%   2.0587  -0.0016     0.4%
  1426     5.6s    0.0004    25.0%    25.0%    62.7%       12%/9%/79%    0.845    0.445    75.0%     0.0%   2.3002  -0.0005     0.5%
  [LateGuard] restore best_model at ep1426 (drop=0.262, freeze=False)
  1427     5.8s    0.0036    40.0%    40.0%    79.8%        4%/8%/88%    1.619    0.287    60.0%     0.0%   2.3456   0.0065     0.5%
  1428     6.9s    0.0001     5.0%     5.0%    45.6%       11%/7%/82%    0.741    0.525    95.0%     0.0%   2.3997   0.0063     0.7%
  1429    18.4s    0.0025     0.0%     0.0%    50.4%      10%/11%/79%    0.000    0.469    95.0%     0.0%   2.1671   0.0022     1.4%
  1430    16.1s    0.0043    15.0%    15.0%    35.1%      10%/10%/80%    1.862    0.432    75.0%     0.0%   2.5534   0.0064     1.8%
  [MA20] reward=0.0025 task_sr=12.8% miss=82.7% time_limit=0.0% v2v=78.1%
  [RWRD] r_prog=0.0673 r_term=-0.0243 r_illegal=0.0000
  [PPO ] p_loss=0.0177 v_loss=0.6528 entropy=2.5534 grad=3.3973 active=100.0%
  [SIM ] avg_power(a)=0.5108 rsu_q=0.233 tx=102 no_tx=14 deadlock=0 svc=0.000GHz idle=0.0%
  1431    17.2s    0.0031     0.0%     0.0%    40.0%      14%/11%/75%    0.000    0.516    95.0%     0.0%   2.1861   0.0020     0.8%
  1432    21.5s    0.0018     5.0%     5.0%    40.7%      17%/14%/69%    1.698    0.611    90.0%     0.0%   2.1682   0.0050     1.2%
  1433    23.1s    0.0036     5.0%     5.0%    39.2%      14%/11%/75%    2.678    0.416    90.0%     0.0%   2.4785   0.0063     1.6%
  1434     5.2s    0.0025    55.0%    55.0%    84.0%      12%/12%/76%    1.483    0.327    40.0%     0.0%   2.1361  -0.0031     0.5%
  1435     9.3s    0.0011    15.0%    15.0%    56.6%      12%/15%/72%    1.935    0.402    70.0%     0.0%   2.1778  -0.0037     0.9%
  1436    11.9s    0.0017    15.0%    15.0%    56.0%      13%/10%/77%    1.931    0.359    80.0%     0.0%   2.4085   0.0020     1.0%
  1437    11.8s    0.0057     5.0%     5.0%    48.5%       8%/12%/80%    1.973    0.556    95.0%     0.0%   2.2716   0.0052     1.0%
  1438     6.9s    0.0031    30.0%    30.0%    63.1%       14%/9%/77%    1.169    0.521    70.0%     0.0%   2.4702  -0.0004     1.1%
  1439    11.1s    0.0037    10.0%    10.0%    57.3%      15%/13%/71%    2.029    0.521    80.0%     0.0%   2.2273   0.0019     1.1%
  1440    19.8s    0.0021     0.0%     0.0%    47.5%      12%/15%/72%    0.000    0.331   100.0%     0.0%   2.2288   0.0064     1.5%
  [MA20] reward=0.0026 task_sr=14.5% miss=81.2% time_limit=0.0% v2v=76.2%
  [RWRD] r_prog=0.0470 r_term=-0.0260 r_illegal=0.0000
  [PPO ] p_loss=-0.0060 v_loss=0.6557 entropy=2.2288 grad=2.9488 active=100.0%
  [SIM ] avg_power(a)=0.5122 rsu_q=0.256 tx=145 no_tx=24 deadlock=0 svc=0.000GHz idle=0.0%

    Ep    Wall    R/step     T_SR     V_SR     S_SR            L/R/V   Lat(s)       En     Miss      Ill      Ent       KL     Clip
--------------------------------------------------------------------------------------------------------------------------------
  1441    14.6s    0.0045     5.0%     5.0%    41.9%       14%/9%/77%    1.926    0.540    95.0%     0.0%   2.4264   0.0027     1.3%
  1442    10.5s    0.0020     0.0%     0.0%    47.2%       12%/8%/80%    0.000    0.476    90.0%     0.0%   2.2977   0.0103     1.1%
  1443    10.3s    0.0016     0.0%     0.0%    67.2%      14%/15%/71%    2.670    0.367   100.0%     0.0%   2.0850   0.0031     1.7%
  1444     6.3s    0.0021    40.0%    40.0%    71.7%      12%/11%/77%    1.298    0.318    55.0%     0.0%   2.2356   0.0121     1.2%
  1445    11.1s    0.0030    15.0%    15.0%    57.2%      11%/12%/77%    1.847    0.381    80.0%     0.0%   2.3078   0.0037     1.1%
  1446    10.3s    0.0018    10.0%    10.0%    56.2%      10%/21%/69%    1.312    0.467    90.0%     0.0%   2.1897   0.0037     1.0%
  1447    11.1s    0.0041    20.0%    20.0%    62.0%      10%/14%/76%    1.803    0.371    75.0%     0.0%   2.1917   0.0007     1.4%
  1448    12.8s    0.0018     0.0%     0.0%    30.6%        1%/4%/95%    0.000    0.612   100.0%     0.0%   3.0034   0.0014     2.3%
  1449     6.2s    0.0021    30.0%    30.0%    71.1%        8%/7%/85%    1.208    0.326    65.0%     0.0%   2.2213   0.0091     0.5%
  1450    18.0s    0.0025    10.0%    10.0%    39.4%      11%/13%/76%    1.743    0.476    85.0%     0.0%   2.6144   0.0058     1.8%
  [MA20] reward=0.0027 task_sr=13.5% miss=82.3% time_limit=0.0% v2v=76.4%
  [RWRD] r_prog=0.0550 r_term=-0.0301 r_illegal=0.0000
  [PPO ] p_loss=-0.0044 v_loss=0.5721 entropy=2.6144 grad=2.9152 active=100.0%
  [SIM ] avg_power(a)=0.5053 rsu_q=0.429 tx=115 no_tx=16 deadlock=0 svc=0.000GHz idle=0.0%
  1451    18.1s    0.0044    10.0%    10.0%    33.5%      11%/11%/78%    1.860    0.542    90.0%     0.0%   2.7895   0.0019     1.7%
  1452    10.7s    0.0038    15.0%    15.0%    64.4%       9%/15%/77%    2.340    0.336    75.0%     0.0%   2.2742  -0.0014     1.7%
  [LateGuard] restore best_model at ep1452 (drop=0.284, freeze=False)
  1453    17.7s    0.0021     0.0%     0.0%    41.5%       6%/14%/80%    0.000    0.547    95.0%     0.0%   2.4581   0.0008     0.9%
  1454    11.0s    0.0033    15.0%    15.0%    59.0%       8%/14%/78%    2.041    0.365    85.0%     0.0%   2.2605   0.0004     1.2%
  1455     4.1s    0.0048    65.0%    65.0%    91.7%      10%/18%/73%    1.086    0.236    35.0%     0.0%   1.9870   0.0024     0.8%
  1456    12.8s    0.0027     5.0%     5.0%    50.2%      11%/10%/79%    2.205    0.435    90.0%     0.0%   2.3341   0.0081     1.1%
  1457    15.8s    0.0036     0.0%     0.0%    41.1%       7%/14%/79%    0.000    0.541    95.0%     0.0%   2.3960   0.0067     1.7%
  1458    24.1s    0.0019     0.0%     0.0%    37.7%       7%/15%/78%    0.000    0.484   100.0%     0.0%   2.1884   0.0095     1.8%
  1459    21.5s    0.0043    10.0%    10.0%    43.8%      11%/12%/77%    2.873    0.507    85.0%     0.0%   2.3042   0.0010     1.4%
  1460    11.7s    0.0049     0.0%     0.0%    50.7%       12%/9%/78%    0.000    0.469    95.0%     0.0%   2.3452   0.0032     2.0%
  [MA20] reward=0.0031 task_sr=12.5% miss=84.0% time_limit=0.0% v2v=78.0%
  [RWRD] r_prog=0.0886 r_term=-0.0396 r_illegal=0.0000
  [PPO ] p_loss=-0.0045 v_loss=0.6718 entropy=2.3452 grad=4.0593 active=100.0%
  [SIM ] avg_power(a)=0.5126 rsu_q=0.148 tx=120 no_tx=20 deadlock=0 svc=0.000GHz idle=0.0%

    Ep    Wall    R/step     T_SR     V_SR     S_SR            L/R/V   Lat(s)       En     Miss      Ill      Ent       KL     Clip
--------------------------------------------------------------------------------------------------------------------------------
  1461    21.1s    0.0040     5.0%     5.0%    25.0%      10%/10%/80%    1.441    0.569    95.0%     0.0%   2.8189  -0.0008     2.8%
  1462    17.8s    0.0025    10.0%    10.0%    32.8%       17%/9%/74%    1.346    0.473    90.0%     0.0%   2.7225   0.0047     1.9%
  1463    21.5s    0.0009     0.0%     0.0%    30.8%        9%/9%/82%    0.000    0.587    95.0%     0.0%   2.3432   0.0070     1.6%
  1464    13.2s    0.0031    15.0%    15.0%    59.2%       9%/17%/73%    2.037    0.412    85.0%     0.0%   2.1409   0.0078     1.5%
  1465    11.2s    0.0029    15.0%    15.0%    40.7%      11%/13%/76%    1.573    0.457    85.0%     0.0%   2.3100   0.0095     2.4%
  1466     7.6s    0.0017    30.0%    30.0%    58.3%        6%/8%/86%    1.113    0.271    60.0%     0.0%   2.4503   0.0055     1.4%
  1467    10.9s    0.0017     0.0%     0.0%    49.2%      12%/14%/74%    0.000    0.503   100.0%     0.0%   2.3174   0.0034     1.7%
  [LateGuard] restore best_model at ep1467 (drop=0.317, freeze=False)
  1468    12.1s    0.0025    20.0%    20.0%    71.2%      17%/13%/70%    2.062    0.346    80.0%     0.0%   2.1297  -0.0009     1.0%
  1469     6.1s    0.0001    10.0%    10.0%    61.4%       16%/8%/76%    0.952    0.448    90.0%     0.0%   2.3688   0.0082     0.8%
  1470    10.8s    0.0015     5.0%     5.0%    56.5%       9%/11%/79%    1.310    0.385    85.0%     0.0%   2.1482   0.0016     0.8%
  [MA20] reward=0.0028 task_sr=11.5% miss=85.5% time_limit=0.0% v2v=77.3%
  [RWRD] r_prog=0.0491 r_term=-0.0345 r_illegal=0.0000
  [PPO ] p_loss=-0.0054 v_loss=0.7465 entropy=2.1482 grad=6.1121 active=100.0%
  [SIM ] avg_power(a)=0.4992 rsu_q=0.448 tx=127 no_tx=16 deadlock=0 svc=0.000GHz idle=0.0%
  1471     6.2s    0.0014    20.0%    20.0%    65.9%       10%/8%/82%    1.192    0.394    70.0%     0.0%   2.3739   0.0018     0.5%
  1472     4.8s    0.0026    40.0%    40.0%    72.2%       9%/11%/80%    1.156    0.297    50.0%     0.0%   2.1108   0.0016     0.4%
  1473    13.9s    0.0018    15.0%    15.0%    54.7%      20%/17%/63%    2.442    0.459    70.0%     0.0%   2.1145  -0.0007     0.9%
  1474    22.9s    0.0031     0.0%     0.0%    31.3%      11%/10%/79%    0.000    0.508    95.0%     0.0%   2.3607   0.0033     0.9%
  1475    11.1s    0.0033     0.0%     0.0%    41.2%        8%/9%/83%    0.000    0.489   100.0%     0.0%   2.3460   0.0057     0.8%
  1476     6.3s    0.0002    15.0%    15.0%    64.2%      10%/18%/71%    0.859    0.394    80.0%     0.0%   2.2333   0.0042     1.6%
  1477     6.0s    0.0007     5.0%     5.0%    56.9%       15%/9%/76%    1.992    0.479    95.0%     0.0%   2.2166   0.0101     0.7%
  1478     6.3s    0.0009    20.0%    20.0%    59.8%       13%/8%/79%    1.503    0.521    80.0%     0.0%   2.2984   0.0057     0.8%
  1479     6.0s   -0.0005    20.0%    20.0%    66.1%      14%/16%/70%    0.997    0.508    80.0%     0.0%   2.3555  -0.0034     0.9%
  1480    11.7s    0.0028    10.0%    10.0%    48.2%      10%/10%/80%    1.926    0.452    85.0%     0.0%   2.2255   0.0031     0.9%
  [MA20] reward=0.0019 task_sr=12.8% miss=83.5% time_limit=0.0% v2v=76.7%
  [RWRD] r_prog=0.0587 r_term=-0.0310 r_illegal=0.0000
  [PPO ] p_loss=0.0039 v_loss=0.7972 entropy=2.2255 grad=5.3446 active=100.0%
  [SIM ] avg_power(a)=0.5086 rsu_q=0.370 tx=117 no_tx=15 deadlock=0 svc=0.000GHz idle=0.0%

    Ep    Wall    R/step     T_SR     V_SR     S_SR            L/R/V   Lat(s)       En     Miss      Ill      Ent       KL     Clip
--------------------------------------------------------------------------------------------------------------------------------
  1481    12.3s    0.0029     5.0%     5.0%    44.8%      11%/12%/77%    2.477    0.447    95.0%     0.0%   2.2422 -7.16e-05     1.4%
  1482    12.8s    0.0043    10.0%    10.0%    46.2%       15%/9%/76%    2.214    0.581    85.0%     0.0%   2.3208   0.0088     1.1%
  [LateGuard] restore best_model at ep1482 (drop=0.284, freeze=False)
  1483    20.9s    0.0039     0.0%     0.0%    26.6%       11%/7%/82%    0.000    0.534    90.0%     0.0%   2.3859   0.0070     2.2%
  1484    14.1s    0.0011     0.0%     0.0%    57.6%       8%/14%/79%    0.000    0.529    95.0%     0.0%   2.4028   0.0077     0.7%
  1485    10.4s    0.0030    10.0%    10.0%    44.4%      15%/12%/73%    1.304    0.345    85.0%     0.0%   2.1451   0.0067     0.7%
  1486    19.1s    0.0037     5.0%     5.0%    29.3%      13%/14%/74%    1.860    0.480    90.0%     0.0%   2.9016   0.0052     1.7%
  1487    26.7s    0.0044     0.0%     0.0%    30.5%       11%/9%/80%    0.000    0.606   100.0%     0.0%   2.5205   0.0036     0.8%
  1488     4.3s    0.0052    70.0%    70.0%    84.0%      13%/16%/71%    1.075    0.190    30.0%     0.0%   2.0690   0.0045     0.7%
  1489    13.3s    0.0010    10.0%    10.0%    40.9%       6%/15%/79%    1.838    0.502    80.0%     0.0%   2.2541   0.0076     1.1%
  1490    12.5s    0.0006     0.0%     0.0%    39.6%        9%/9%/82%    0.000    0.513   100.0%     0.0%   2.3789   0.0026     0.8%
  [MA20] reward=0.0023 task_sr=12.8% miss=82.8% time_limit=0.0% v2v=76.8%
  [RWRD] r_prog=0.0406 r_term=-0.0351 r_illegal=0.0000
  [PPO ] p_loss=-0.0032 v_loss=0.8631 entropy=2.3789 grad=16.5677 active=100.0%
  [SIM ] avg_power(a)=0.5178 rsu_q=0.069 tx=123 no_tx=12 deadlock=0 svc=0.000GHz idle=0.0%
  1491    18.8s    0.0029     0.0%     0.0%    39.9%      14%/13%/73%    0.000    0.455    90.0%     0.0%   2.2140   0.0086     0.7%
  1492    13.7s    0.0025    10.0%    10.0%    47.8%      14%/15%/72%    2.537    0.417    80.0%     0.0%   2.1136   0.0035     0.9%
  1493     8.7s    0.0031    25.0%    25.0%    70.3%      17%/15%/68%    1.954    0.306    75.0%     0.0%   2.0377   0.0047     0.6%
  1494    19.6s    0.0007     0.0%     0.0%    25.7%        8%/7%/84%    0.000    0.510   100.0%     0.0%   2.3736  -0.0016     1.1%
  1495    32.7s    0.0037    10.0%    10.0%    27.5%       11%/9%/80%    2.356    0.539    90.0%     0.0%   2.7092   0.0072     1.1%
  1496    15.5s    0.0035     5.0%     5.0%    49.0%      10%/13%/77%    2.908    0.531    90.0%     0.0%   2.1293   0.0081     0.7%
  1497     5.5s    0.0018    40.0%    40.0%    80.6%      10%/10%/79%    1.274    0.325    60.0%     0.0%   2.2907   0.0041     0.9%
  [LateGuard] restore best_model at ep1497 (drop=0.328, freeze=False)
  1498    10.7s    0.0037    10.0%    10.0%    51.3%       8%/15%/78%    2.073    0.492    80.0%     0.0%   2.2637   0.0018     0.9%
  1499    20.0s    0.0033     5.0%     5.0%    41.6%      13%/13%/74%    2.443    0.540    90.0%     0.0%   2.2705   0.0025     1.0%
  1500     6.8s    0.0034    50.0%    50.0%    77.3%      12%/15%/73%    1.082    0.322    50.0%     0.0%   2.1707   0.0013     0.8%
  [MA20] reward=0.0029 task_sr=13.2% miss=82.8% time_limit=0.0% v2v=76.4%
  [RWRD] r_prog=0.0244 r_term=0.0094 r_illegal=0.0000
  [PPO ] p_loss=-0.0032 v_loss=0.6363 entropy=2.1707 grad=5.9822 active=100.0%
  [SIM ] avg_power(a)=0.4935 rsu_q=0.000 tx=106 no_tx=16 deadlock=0 svc=0.000GHz idle=0.0%
  [Checkpoint] saved: ep1500.pth

[Train] completed: episodes=1500 best_reward=0.2362 best_success_rate(50ep)=0.1830
[Train] key outputs: /root/vecOffloadingSim/runs/rc1_ablation_1500ep_20260322_180707/wo_resource/logs/metrics.csv, /root/vecOffloadingSim/runs/rc1_ablation_1500ep_20260322_180707/wo_resource/logs/training_stats.csv, /root/vecOffloadingSim/runs/rc1_ablation_1500ep_20260322_180707/wo_resource/models/best_model.pth, /root/vecOffloadingSim/runs/rc1_ablation_1500ep_20260322_180707/wo_resource/models/last_model.pth

[Auto Plot] Generating training plots...
[DataRecorder] Training stats plots saved to: /root/vecOffloadingSim/runs/rc1_ablation_1500ep_20260322_180707/wo_resource/plots
[Auto Plot] plot_results.py ...
[Auto Plot] ✓ Saved: fig_latency_with_baselines.png | ✓ Saved: fig_summary_dashboard.png | ✓ All plots saved to: /root/vecOffloadingSim/runs/rc1_ablation_1500ep_20260322_180707/wo_resource/plots
[Auto Plot] plot_results.py done in 17.0s
[Auto Plot] generate_all_plots.py ...
[Auto Plot] ⚠ No baseline data found, skipping baseline comparison plot | ✓ All plots saved to: /root/vecOffloadingSim/runs/rc1_ablation_1500ep_20260322_180707/wo_resource/plots |   Total plots: 8
[Auto Plot] generate_all_plots.py done in 8.5s
[DataRecorder] All plots generated in: /root/vecOffloadingSim/runs/rc1_ablation_1500ep_20260322_180707/wo_resource/plots
[Auto Plot] jobs: ok=4 skipped=1 failed=0
[Auto Plot] generated figures: 35
[Auto Plot] sample: bias_annealing.png, cpu_efficiency.png, episode_duration.png, fig_constraint_health.png, fig_convergence_analysis.png, fig_convergence_baseline.png, fig_convergence_recheck.png, fig_decision_distribution.png
[Auto Plot] manifest: /root/vecOffloadingSim/runs/rc1_ablation_1500ep_20260322_180707/wo_resource/plots/plot_manifest.json
[Postprocess] loaded env_reward.jsonl: /root/vecOffloadingSim/runs/rc1_ablation_1500ep_20260322_180707/wo_resource/logs/env_reward.jsonl
✓ Wrote: /root/vecOffloadingSim/runs/rc1_ablation_1500ep_20260322_180707/wo_resource/metrics/train_metrics_full.csv (rows=1500 cols=298)

[Launcher] finished_at=2026-03-22 23:53:37 CST
[Launcher] success
