[Launcher] root=/root/vecOffloadingSim
[Launcher] run_dir=/root/vecOffloadingSim/runs/rc1_ablation_1500ep_20260322_180707/full
[Launcher] config_snapshot=/root/vecOffloadingSim/runs/run_1000ep_A_20260320/logs/config_snapshot.json
[Launcher] ABLATION_MODE=full
[Launcher] EPISODES=1500
[Launcher] DEVICE_NAME=cuda
[Launcher] started_at=2026-03-22 18:07:07 CST

[ConfigSnapshot] load=True path=/root/vecOffloadingSim/runs/run_1000ep_A_20260320/logs/config_snapshot.json
[ConfigEffective] USE_SIMPLIFIED_CRITIC=False COMMWAIT_DIRECT_TO_CRITIC=True USE_LOGIT_BIAS=True USE_FIXED_POWER=False CTDE_GLOBAL_DIM=30 GLOBAL_STATE_SOURCE=env_single_source
[ScaleCheck] UNIFIED cap: step<=~0.000 ep<=~0.0 term=10.0 ep/term=0.00 (Td_min=0.40s, DT=0.10s, i_cap=3, e_cap=1.5)
[ConfigDump] saved: /root/vecOffloadingSim/runs/rc1_ablation_1500ep_20260322_180707/full/config_dump.json
[ConfigSnapshot] saved: /root/vecOffloadingSim/runs/rc1_ablation_1500ep_20260322_180707/full/logs/config_snapshot.json
[RunMeta] saved: /root/vecOffloadingSim/runs/rc1_ablation_1500ep_20260322_180707/full/run_meta.json

======================================================================================================================
[Train] MAPPO VEC training started
======================================================================================================================
[Run] id=full seed=42 device=cuda reward=UNIFIED candidate=ALL (all_feasible=True)
[Train] episodes=1500 steps/ep=300 eval_interval=1 save_interval=100 baseline_eval=off
[Scenario] vehicles=20 rsu=2 map=1000.0m lanes=2 v2v_range=200.0m rsu_range=300.0m
[Physics] BW_V2I=10.00MHz BW_V2V=20.00MHz RB=10 Ptx=[0.0200,0.1995]W (13.0,23.0 dBm) DT=0.100s
[ScaleCheck] UNIFIED nominal: E_loc=9J E_tx=0.00750952J r_time=-0 r_energy=-0 r_interf=-0 (B_RB=2e+06Hz, SNR=20dB, dt=0.1, Td=10, rho=0.7)
[Compute] f_local=[1.00,1.80]GHz f_rsu=6.00GHz
[PPO] lr=2.00e-04 gamma=0.995 gae=0.950 clip=0.250 ent=0.020 batch=256 epochs=5 d_model=128 layers=2
[Logging] step_metrics=off step_logs=off tb_obs=on
[Paths] run=/root/vecOffloadingSim/runs/rc1_ablation_1500ep_20260322_180707/full
[Paths] logs=/root/vecOffloadingSim/runs/rc1_ablation_1500ep_20260322_180707/full/logs  models=/root/vecOffloadingSim/runs/rc1_ablation_1500ep_20260322_180707/full/models  plots=/root/vecOffloadingSim/runs/rc1_ablation_1500ep_20260322_180707/full/plots
======================================================================================================================


    Ep    Wall    R/step     T_SR     V_SR     S_SR            L/R/V   Lat(s)       En     Miss      Ill      Ent       KL     Clip
--------------------------------------------------------------------------------------------------------------------------------
     1    20.2s    0.0001    15.0%    15.0%    61.0%      35%/37%/27%    1.802    0.307    85.0%     0.0%   2.0353   0.0031     3.5%
  [MA20] reward=0.0001 task_sr=15.0% miss=85.0% time_limit=0.0% v2v=27.2%
  [RWRD] r_prog=0.0249 r_term=-0.0241 r_illegal=0.0000
  [PPO ] p_loss=-0.0193 v_loss=2.4883 entropy=2.0353 grad=29.3838 active=100.0%
  [SIM ] avg_power(a)=0.5007 rsu_q=0.857 tx=95 no_tx=52 deadlock=0 svc=0.000GHz idle=0.0%
  → Best model saved: sr=0.150 miss=0.850 tl=0.000 cft=1.802 illegal=0.000
     2     7.7s    0.0026    55.0%    55.0%    82.2%      38%/36%/26%    1.032    0.243    45.0%     0.0%   1.8521   0.0076     3.8%
     3    16.2s    0.0013    25.0%    25.0%    65.4%      44%/25%/31%    2.866    0.338    75.0%     0.0%   1.6118   0.0078     5.5%
     4    17.3s    0.0015    25.0%    25.0%    83.2%      48%/26%/26%    2.861    0.309    75.0%     0.0%   1.7112   0.0115     3.9%
     5    13.2s    0.0024    40.0%    40.0%    73.3%      36%/38%/26%    1.659    0.309    60.0%     0.0%   1.7795   0.0086     3.0%
     6     4.0s    0.0069    90.0%    90.0%    96.9%      49%/29%/22%    0.871    0.187    10.0%     0.0%   1.7282   0.0103     3.6%
     7     4.4s    0.0048    70.0%    70.0%    88.2%      45%/29%/26%    0.892    0.256    30.0%     0.0%   1.6993   0.0125     4.3%
     8     8.3s    0.0037    45.0%    45.0%    86.2%      40%/34%/26%    1.662    0.238    55.0%     0.0%   1.6253   0.0040     5.4%
     9     8.0s    0.0040    60.0%    60.0%    88.5%      41%/31%/27%    1.697    0.172    40.0%     0.0%   1.5602   0.0072     6.1%
    10     6.9s    0.0067    85.0%    85.0%    95.3%      43%/36%/21%    1.741    0.130    15.0%     0.0%   1.5637   0.0071     4.2%
  [MA20] reward=0.0034 task_sr=51.0% miss=49.0% time_limit=0.0% v2v=25.9%
  [RWRD] r_prog=0.0308 r_term=0.0365 r_illegal=0.0000
  [PPO ] p_loss=-0.0043 v_loss=0.4576 entropy=1.5637 grad=6.3066 active=100.0%
  [SIM ] avg_power(a)=0.4945 rsu_q=1.192 tx=106 no_tx=82 deadlock=0 svc=0.000GHz idle=0.0%
  → Best model saved: sr=0.510 miss=0.490 tl=0.000 cft=1.708 illegal=0.000
    11    12.8s    0.0021    35.0%    35.0%    82.6%      42%/40%/18%    2.683    0.273    65.0%     0.0%   1.5261   0.0047     3.9%
    12    17.3s    0.0020    35.0%    35.0%    78.0%      43%/38%/19%    1.993    0.293    65.0%     0.0%   1.6290   0.0092     4.2%
    13    10.0s    0.0048    70.0%    70.0%    90.7%      40%/42%/18%    1.797    0.098    30.0%     0.0%   1.4411   0.0004     7.0%
    14     4.2s    0.0068    85.0%    85.0%    91.4%      44%/41%/15%    0.690    0.038    15.0%     0.0%   1.4066   0.0009     3.8%
    15    14.2s    0.0029    50.0%    50.0%    86.8%      40%/48%/12%    2.454    0.238    50.0%     0.0%   1.4548   0.0077     7.0%
    16     3.5s    0.0070    95.0%    95.0%    96.2%      38%/47%/15%    0.665    0.021     5.0%     0.0%   1.4482   0.0131     3.3%
    17     9.2s    0.0057    85.0%    85.0%    90.6%      35%/50%/15%    1.645    0.077    15.0%     0.0%   1.5353   0.0018     3.6%
    18    17.2s    0.0031    55.0%    55.0%    88.7%      35%/45%/19%    2.598    0.114    45.0%     0.0%   1.5755   0.0023     3.8%
    19     8.6s    0.0056    80.0%    80.0%    91.2%      34%/47%/19%    1.788    0.071    20.0%     0.0%   1.5689   0.0070     3.9%
    20    18.0s    0.0032    45.0%    45.0%    81.9%      39%/42%/18%    2.496    0.157    55.0%     0.0%   1.6951   0.0119     7.1%
  [MA20] reward=0.0039 task_sr=57.2% miss=42.8% time_limit=0.0% v2v=21.4%
  [RWRD] r_prog=0.0314 r_term=0.0002 r_illegal=0.0000
  [PPO ] p_loss=0.0135 v_loss=0.5010 entropy=1.6951 grad=5.1966 active=100.0%
  [SIM ] avg_power(a)=0.4853 rsu_q=1.583 tx=145 no_tx=94 deadlock=0 svc=0.000GHz idle=0.0%

    Ep    Wall    R/step     T_SR     V_SR     S_SR            L/R/V   Lat(s)       En     Miss      Ill      Ent       KL     Clip
--------------------------------------------------------------------------------------------------------------------------------
    21     3.6s    0.0060    80.0%    80.0%    94.0%      52%/30%/18%    0.725    0.102    20.0%     0.0%   1.6498   0.0058     3.3%
    22    13.7s    0.0033    40.0%    40.0%    79.7%      51%/28%/20%    1.932    0.193    60.0%     0.0%   1.7762   0.0069     5.9%
    23     7.6s    0.0072    85.0%    85.0%    98.0%      61%/26%/14%    1.899    0.139    15.0%     0.0%   1.5785   0.0061     3.5%
    24     2.5s    0.0184   100.0%   100.0%   100.0%      55%/30%/15%    0.743    0.068     0.0%     0.0%   1.5389   0.0044     5.3%
    25     2.3s    0.0210   100.0%   100.0%   100.0%      59%/26%/15%    0.668    0.049     0.0%     0.0%   1.5120   0.0133     3.8%
    26    16.0s    0.0007    20.0%    20.0%    76.2%      53%/34%/13%    2.116    0.191    80.0%     0.0%   1.6713   0.0051     3.8%
    27     6.8s    0.0058    70.0%    70.0%    90.0%      62%/23%/15%    1.668    0.180    30.0%     0.0%   1.5004   0.0036     7.5%
    28    10.8s    0.0053    70.0%    70.0%    90.2%      60%/24%/16%    1.714    0.080    30.0%     0.0%   1.7346   0.0116     4.3%
    29    28.0s    0.0014    10.0%    10.0%    70.2%      57%/25%/17%    2.227    0.366    90.0%     0.0%   1.8526   0.0094     3.3%
    30     3.6s    0.0073    90.0%    90.0%    97.0%      67%/20%/13%    0.700    0.100    10.0%     0.0%   1.5868   0.0026     3.1%
  [MA20] reward=0.0060 task_sr=65.0% miss=35.0% time_limit=0.0% v2v=16.3%
  [RWRD] r_prog=0.0099 r_term=0.0633 r_illegal=0.0000
  [PPO ] p_loss=0.0187 v_loss=0.2101 entropy=1.5868 grad=2.5291 active=100.0%
  [SIM ] avg_power(a)=0.5101 rsu_q=0.000 tx=42 no_tx=89 deadlock=0 svc=0.000GHz idle=0.0%
    31     3.6s    0.0087    90.0%    90.0%    97.8%      60%/26%/14%    0.910    0.082    10.0%     0.0%   1.5665  -0.0039     4.5%
    32     6.9s    0.0074    85.0%    85.0%    96.8%       71%/20%/9%    1.766    0.029    15.0%     0.0%   1.5037   0.0098     4.8%
    33     7.3s    0.0032    60.0%    60.0%    87.5%       69%/22%/9%    0.638    0.131    40.0%     0.0%   1.7875   0.0158     4.3%
    34     8.6s    0.0066    70.0%    70.0%    95.1%      73%/14%/13%    1.873    0.055    30.0%     0.0%   1.4824   0.0059     6.4%
    35    12.2s    0.0078    95.0%    95.0%    98.0%       79%/15%/6%    1.662    0.027     5.0%     0.0%   1.7776   0.0129     9.3%
    36    20.0s    0.0030    40.0%    40.0%    86.9%        86%/7%/6%    2.638    0.193    60.0%     0.0%   1.7894   0.0074     7.8%
    37     3.6s    0.0050    70.0%    70.0%    95.2%       84%/6%/10%    0.747    0.164    30.0%     0.0%   1.7165   0.0114     5.7%
    38     8.2s    0.0066    75.0%    75.0%    95.4%        85%/7%/8%    2.012    0.108    25.0%     0.0%   1.6237   0.0072     6.6%
    39     8.6s    0.0068    70.0%    70.0%    94.0%        88%/5%/7%    2.080    0.084    30.0%     0.0%   1.5766   0.0110     9.8%
    40     7.7s    0.0074    80.0%    80.0%    96.6%        91%/6%/3%    2.046    0.013    20.0%     0.0%   1.3973   0.0015     8.2%
  [MA20] reward=0.0069 task_sr=70.0% miss=30.0% time_limit=0.0% v2v=12.1%
  [RWRD] r_prog=0.0471 r_term=0.0268 r_illegal=0.0000
  [PPO ] p_loss=0.0137 v_loss=0.3478 entropy=1.3973 grad=4.0760 active=100.0%
  [SIM ] avg_power(a)=0.5201 rsu_q=0.036 tx=18 no_tx=182 deadlock=0 svc=0.000GHz idle=0.0%
  → Best model saved: sr=0.636 miss=0.364 tl=0.000 cft=1.666 illegal=0.000

    Ep    Wall    R/step     T_SR     V_SR     S_SR            L/R/V   Lat(s)       En     Miss      Ill      Ent       KL     Clip
--------------------------------------------------------------------------------------------------------------------------------
    41     7.2s    0.0072    85.0%    85.0%    98.0%        88%/7%/5%    1.654    0.024    15.0%     0.0%   1.3673   0.0090     5.5%
    42     7.7s    0.0082    90.0%    90.0%    98.5%        95%/2%/3%    1.847    0.009    10.0%     0.0%   1.3260   0.0061     5.8%
    43     2.2s    0.0212   100.0%   100.0%   100.0%        94%/2%/4%    0.685    0.005     0.0%     0.0%   0.9084   0.0041     4.7%
    44     9.7s    0.0077    75.0%    75.0%    95.3%        95%/1%/4%    1.873    0.008    25.0%     0.0%   0.9502   0.0165    12.8%
    45     2.3s    0.0212   100.0%   100.0%   100.0%        97%/2%/2%    0.664    0.003     0.0%     0.0%   0.7559   0.0015     2.4%
    46    10.6s    0.0077    85.0%    85.0%    97.4%        96%/3%/2%    1.613    0.003    15.0%     0.0%   1.2825   0.0020     6.6%
    47     6.6s    0.0083    90.0%    90.0%    98.4%        93%/5%/2%    1.653    0.008    10.0%     0.0%   1.3011   0.0213    14.5%
    48     7.1s    0.0081    85.0%    85.0%    98.0%        90%/5%/6%    1.954    0.009    15.0%     0.0%   1.4175   0.0161     3.5%
    49     3.1s    0.0116   100.0%   100.0%   100.0%       82%/7%/11%    0.828    0.071     0.0%     0.0%   1.3881   0.0076     4.8%
    50     3.5s    0.0067    90.0%    90.0%    98.5%       84%/6%/10%    0.674    0.093    10.0%     0.0%   1.5294   0.0084     4.2%
  [MA20] reward=0.0085 task_sr=81.7% miss=18.3% time_limit=0.0% v2v=6.6%
  [RWRD] r_prog=0.0090 r_term=0.0584 r_illegal=0.0000
  [PPO ] p_loss=0.0160 v_loss=0.2481 entropy=1.5294 grad=3.3952 active=100.0%
  [SIM ] avg_power(a)=0.5013 rsu_q=0.167 tx=20 no_tx=110 deadlock=0 svc=0.000GHz idle=0.0%
  → Best model saved: sr=0.689 miss=0.311 tl=0.000 cft=1.602 illegal=0.000
    51    24.7s    0.0047    50.0%    50.0%    94.0%        93%/4%/3%    2.652    0.099    50.0%     0.0%   1.8823   0.0097     7.3%
    52     7.0s    0.0094    95.0%    95.0%    99.0%        96%/3%/1%    1.773    0.004     5.0%     0.0%   1.4326   0.0054     4.8%
    53     7.8s    0.0086    80.0%    80.0%    95.8%        93%/3%/4%    1.793    0.010    20.0%     0.0%   1.6057   0.0136     6.5%
    54     2.1s    0.0189   100.0%   100.0%   100.0%        91%/4%/4%    0.683    0.012     0.0%     0.0%   1.1577   0.0157     6.2%
    55     2.1s    0.0213   100.0%   100.0%   100.0%        91%/6%/3%    0.645    0.011     0.0%     0.0%   1.2111   0.0012     6.1%
    56    14.6s    0.0052    50.0%    50.0%    89.1%        94%/4%/2%    2.922    0.013    50.0%     0.0%   1.6793   0.0105     7.9%
    57     8.0s    0.0079    80.0%    80.0%    96.8%       83%/11%/6%    1.784    0.044    20.0%     0.0%   1.6544   0.0033     7.0%
    58     8.0s    0.0054    50.0%    50.0%    93.4%        86%/5%/9%    1.831    0.079    50.0%     0.0%   1.6605   0.0153     7.4%
    59     7.9s    0.0078    90.0%    90.0%    96.1%        85%/6%/9%    1.766    0.091    10.0%     0.0%   1.5600   0.0085     6.5%
    60     7.5s    0.0079    95.0%    95.0%    99.5%       85%/10%/5%    1.825    0.037     5.0%     0.0%   1.6463   0.0077     8.0%
  [MA20] reward=0.0103 task_sr=84.5% miss=15.5% time_limit=0.0% v2v=4.7%
  [RWRD] r_prog=0.0371 r_term=0.0420 r_illegal=0.0000
  [PPO ] p_loss=-0.0025 v_loss=0.1653 entropy=1.6463 grad=4.6062 active=100.0%
  [SIM ] avg_power(a)=0.5410 rsu_q=0.143 tx=31 no_tx=172 deadlock=0 svc=0.000GHz idle=0.0%
  → Best model saved: sr=0.745 miss=0.255 tl=0.000 cft=1.614 illegal=0.000

    Ep    Wall    R/step     T_SR     V_SR     S_SR            L/R/V   Lat(s)       En     Miss      Ill      Ent       KL     Clip
--------------------------------------------------------------------------------------------------------------------------------
    61     6.8s    0.0089   100.0%   100.0%   100.0%        86%/8%/6%    1.934    0.019     0.0%     0.0%   1.6607   0.0057     6.1%
    62     6.4s    0.0095    95.0%    95.0%    99.5%        82%/9%/9%    1.849    0.027     5.0%     0.0%   1.5512   0.0012     8.2%
    63     2.2s    0.0191   100.0%   100.0%   100.0%      79%/10%/10%    0.655    0.044     0.0%     0.0%   1.4152   0.0008     6.3%
    64     2.5s    0.0190   100.0%   100.0%   100.0%       78%/13%/8%    0.683    0.040     0.0%     0.0%   1.3901   0.0125     8.3%
    65     2.4s    0.0208   100.0%   100.0%   100.0%       77%/15%/8%    0.708    0.037     0.0%     0.0%   1.3155   0.0212     6.6%
    66     3.1s    0.0089    95.0%    95.0%    99.2%       82%/12%/5%    0.656    0.009     5.0%     0.0%   1.7329   0.0050     7.9%
    67     2.5s    0.0159   100.0%   100.0%   100.0%      76%/13%/11%    0.736    0.034     0.0%     0.0%   1.4666   0.0180     9.0%
    68     7.2s    0.0085    95.0%    95.0%    99.0%       86%/4%/10%    1.839    0.032     5.0%     0.0%   1.6887   0.0119    10.8%
    69     2.4s    0.0144   100.0%   100.0%   100.0%       85%/4%/11%    0.725    0.063     0.0%     0.0%   1.4219   0.0278    12.0%
    70     7.8s    0.0068    80.0%    80.0%    96.6%        95%/1%/4%    1.717    0.005    20.0%     0.0%   1.4910   0.0136     7.6%
  [MA20] reward=0.0114 task_sr=87.8% miss=12.3% time_limit=0.0% v2v=6.5%
  [RWRD] r_prog=0.0392 r_term=0.0293 r_illegal=0.0000
  [PPO ] p_loss=0.0071 v_loss=0.3180 entropy=1.4910 grad=4.6065 active=100.0%
  [SIM ] avg_power(a)=0.5256 rsu_q=0.241 tx=10 no_tx=191 deadlock=0 svc=0.000GHz idle=0.0%
  → Best model saved: sr=0.811 miss=0.189 tl=0.000 cft=1.468 illegal=0.000
    71     7.3s    0.0082    85.0%    85.0%    95.9%        93%/4%/3%    1.835    0.011    15.0%     0.0%   1.5752   0.0115    13.0%
    72    12.9s    0.0056    70.0%    70.0%    96.0%        94%/3%/3%    2.694    0.015    30.0%     0.0%   1.3843   0.0147     9.8%
    73     2.2s    0.0234   100.0%   100.0%   100.0%        91%/7%/2%    0.620    0.009     0.0%     0.0%   0.9519   0.0092     6.3%
    74     2.2s    0.0211   100.0%   100.0%   100.0%        94%/5%/2%    0.640    0.002     0.0%     0.0%   1.0797   0.0080     5.9%
    75    10.1s    0.0078    85.0%    85.0%    99.0%        98%/2%/0%    1.782     !ERR    15.0%     0.0%   1.7664   0.0049     8.9%
    76     7.6s    0.0065    65.0%    65.0%    92.1%        93%/3%/3%    1.932    0.064    35.0%     0.0%   1.4863   0.0117     8.9%
    77    12.7s    0.0047    40.0%    40.0%    87.4%        93%/2%/5%    2.821    0.026    55.0%     0.0%   1.4912   0.0082     9.8%
    78    14.0s    0.0045    50.0%    50.0%    90.6%        92%/4%/4%    2.824    0.096    50.0%     0.0%   1.5887   0.0098    12.2%
    79     8.0s    0.0077    70.0%    70.0%    96.5%        93%/3%/5%    1.785    0.013    30.0%     0.0%   1.5713   0.0089    10.5%
    80     2.1s    0.0171   100.0%   100.0%   100.0%        90%/6%/4%    0.625    0.014     0.0%     0.0%   1.3048   0.0008     3.6%
  [MA20] reward=0.0119 task_sr=86.5% miss=13.2% time_limit=0.0% v2v=5.7%
  [RWRD] r_prog=0.0175 r_term=0.1533 r_illegal=0.0000
  [PPO ] p_loss=0.0104 v_loss=0.1050 entropy=1.3048 grad=7.0841 active=100.0%
  [SIM ] avg_power(a)=0.5387 rsu_q=0.182 tx=12 no_tx=112 deadlock=0 svc=0.000GHz idle=0.0%
  → Best model saved: sr=0.831 miss=0.168 tl=0.000 cft=1.531 illegal=0.000

    Ep    Wall    R/step     T_SR     V_SR     S_SR            L/R/V   Lat(s)       En     Miss      Ill      Ent       KL     Clip
--------------------------------------------------------------------------------------------------------------------------------
    81     2.1s    0.0216   100.0%   100.0%   100.0%        88%/7%/6%    0.641    0.014     0.0%     0.0%   1.2332   0.0049     3.9%
    82     7.1s    0.0084    90.0%    90.0%    99.5%        94%/4%/2%    1.824    0.013    10.0%     0.0%   1.4157   0.0068     5.5%
    83     2.4s    0.0237   100.0%   100.0%   100.0%        95%/3%/2%    0.629    0.003     0.0%     0.0%   1.0635   0.0080     3.1%
    84     6.8s    0.0075    65.0%    65.0%    93.2%        96%/2%/2%    1.615    0.013    35.0%     0.0%   1.4190   0.0190     5.3%
    85     2.1s    0.0214   100.0%   100.0%   100.0%        92%/6%/2%    0.648    0.007     0.0%     0.0%   0.9739   0.0056     4.0%
    86     7.5s    0.0084    95.0%    95.0%    99.5%        97%/2%/1%    1.752     !ERR     5.0%     0.0%   1.4213  -0.0008     8.8%
    87    12.2s    0.0064    60.0%    60.0%    93.9%        95%/5%/1%    2.616    0.004    40.0%     0.0%   1.3606   0.0021     6.4%
    88     6.4s    0.0083    95.0%    95.0%    99.5%        98%/1%/1%    1.627    0.004     5.0%     0.0%   1.3514   0.0023     7.4%
    89     3.3s    0.0071    90.0%    90.0%    97.8%        94%/1%/5%    0.684    0.073    10.0%     0.0%   1.5491   0.0049     7.2%
    90     7.5s    0.0074    80.0%    80.0%    97.9%        96%/2%/2%    1.901    0.006    20.0%     0.0%   1.5746   0.0225    18.0%
  [MA20] reward=0.0113 task_sr=82.0% miss=17.8% time_limit=0.0% v2v=2.7%
  [RWRD] r_prog=0.0455 r_term=0.0286 r_illegal=0.0000
  [PPO ] p_loss=-0.0127 v_loss=0.2812 entropy=1.5746 grad=3.2333 active=100.0%
  [SIM ] avg_power(a)=0.5524 rsu_q=0.036 tx=8 no_tx=184 deadlock=0 svc=0.000GHz idle=0.0%
    91     6.7s    0.0084    95.0%    95.0%    99.5%        96%/2%/2%    1.720    0.004     5.0%     0.0%   1.4575   0.0121     4.3%
    92     6.4s    0.0091    90.0%    90.0%    98.0%        97%/1%/2%    1.681    0.003    10.0%     0.0%   1.2687   0.0150     6.2%
    93    14.2s    0.0054    60.0%    60.0%    94.1%        97%/2%/1%    2.474    0.002    40.0%     0.0%   1.4994   0.0107    11.1%
    94     7.6s    0.0083    95.0%    95.0%    99.5%        98%/1%/0%    1.825     !ERR     5.0%     0.0%   1.4580   0.0056     5.5%
    95     2.1s    0.0211   100.0%   100.0%   100.0%        97%/3%/0%    0.635    0.002     0.0%     0.0%   0.9274   0.0018     2.8%
    96    14.3s    0.0059    55.0%    55.0%    94.4%        98%/2%/0%    2.599    0.005    45.0%     0.0%   1.4533   0.0074     7.0%
    97     7.6s    0.0084    90.0%    90.0%    98.1%        98%/1%/1%    1.793    0.004    10.0%     0.0%   1.4996   0.0131     9.2%
    98    13.9s    0.0100    90.0%    90.0%    99.5%        98%/2%/1%    1.941    0.001    10.0%     0.0%   1.8975   0.0183     7.8%
    99     7.6s    0.0086    90.0%    90.0%    99.0%        97%/3%/0%    1.620    0.002    10.0%     0.0%   1.3765   0.0145     8.6%
   100    13.5s    0.0057    75.0%    75.0%    97.2%        97%/3%/0%    2.655    0.003    25.0%     0.0%   1.5046   0.0132     8.6%
  [MA20] reward=0.0105 task_sr=85.8% miss=14.3% time_limit=0.0% v2v=1.5%
  [RWRD] r_prog=0.0398 r_term=0.0171 r_illegal=0.0000
  [PPO ] p_loss=0.0069 v_loss=0.2509 entropy=1.5046 grad=2.9716 active=100.0%
  [SIM ] avg_power(a)=0.5346 rsu_q=0.079 tx=8 no_tx=242 deadlock=0 svc=0.000GHz idle=0.0%
  [Checkpoint] saved: ep0100.pth

    Ep    Wall    R/step     T_SR     V_SR     S_SR            L/R/V   Lat(s)       En     Miss      Ill      Ent       KL     Clip
--------------------------------------------------------------------------------------------------------------------------------
   101    15.8s    0.0059    65.0%    65.0%    93.8%        98%/2%/0%    2.553    0.001    35.0%     0.0%   1.5354   0.0088     6.7%
   102     7.3s    0.0105   100.0%   100.0%   100.0%        97%/2%/1%    1.779    0.001     0.0%     0.0%   1.3536   0.0023     6.1%
   103     2.2s    0.0211   100.0%   100.0%   100.0%        98%/1%/1%    0.613     !ERR     0.0%     0.0%   0.9912  -0.0031     4.1%
   104     7.7s    0.0080    90.0%    90.0%    99.5%        97%/2%/1%    1.866    0.002    10.0%     0.0%   1.4115   0.0046     7.1%
   105     8.0s    0.0090    85.0%    85.0%    97.5%        99%/0%/1%    1.871     !ERR    15.0%     0.0%   1.4123   0.0024     7.3%
   106     6.8s    0.0081    85.0%    85.0%    96.9%        99%/1%/0%    1.651     !ERR    15.0%     0.0%   1.5014   0.0051     7.3%
   107     6.8s    0.0090   100.0%   100.0%   100.0%       100%/0%/0%    1.824     !ERR     0.0%     0.0%   1.2620   0.0134     8.7%
   108    13.9s    0.0056    55.0%    55.0%    92.4%        99%/0%/0%    2.755     !ERR    45.0%     0.0%   1.5184   0.0125     7.6%
   109    12.2s    0.0065    75.0%    75.0%    95.4%       100%/0%/0%    2.292     !ERR    25.0%     0.0%   1.3498   0.0109     7.7%
   110     7.0s    0.0078    80.0%    80.0%    97.6%       100%/0%/0%    1.699     !ERR    20.0%     0.0%   1.3494   0.0162     8.8%
  [MA20] reward=0.0091 task_sr=83.8% miss=16.3% time_limit=0.0% v2v=0.6%
  [RWRD] r_prog=0.0466 r_term=0.0318 r_illegal=0.0000
  [PPO ] p_loss=-0.0058 v_loss=0.1732 entropy=1.3494 grad=4.1687 active=100.0%
  [SIM ] avg_power(a)=0.5088 rsu_q=0.148 tx=1 no_tx=203 deadlock=0 svc=0.000GHz idle=0.0%
   111    24.0s    0.0064    60.0%    60.0%    93.3%       100%/0%/0%    2.924     !ERR    40.0%     0.0%   1.7671   0.0131     7.5%
   112     2.2s    0.0192   100.0%   100.0%   100.0%       100%/0%/0%    0.645     !ERR     0.0%     0.0%   1.0847   0.0089     3.9%
   113     7.9s    0.0083    85.0%    85.0%    96.1%        99%/1%/0%    1.762     !ERR    15.0%     0.0%   1.5198   0.0234    13.6%
   114    14.1s    0.0078    75.0%    75.0%    97.1%        99%/0%/0%    1.862     !ERR    25.0%     0.0%   2.0243   0.0109    13.4%
   115     7.2s    0.0104   100.0%   100.0%   100.0%        97%/2%/1%    1.759    0.005     0.0%     0.0%   1.3745   0.0223    12.3%
   116     6.9s    0.0071    70.0%    70.0%    94.8%        97%/2%/1%    1.679    0.003    30.0%     0.0%   1.5322   0.0143    13.7%
   117     2.2s    0.0195   100.0%   100.0%   100.0%        98%/1%/1%    0.670     !ERR     0.0%     0.0%   1.0050   0.0013     5.6%
   118     7.1s    0.0071    80.0%    80.0%    97.0%        99%/1%/1%    1.834     !ERR    20.0%     0.0%   1.3666   0.0062    11.5%
   119    11.3s    0.0060    60.0%    60.0%    94.0%        99%/0%/1%    2.436    0.006    40.0%     0.0%   1.3894   0.0176    10.0%
   120    17.8s    0.0055    70.0%    70.0%    95.0%        98%/1%/0%    2.736    0.001    30.0%     0.0%   1.7269   0.0095     9.3%
  [MA20] reward=0.0095 task_sr=81.8% miss=18.2% time_limit=0.0% v2v=0.5%
  [RWRD] r_prog=0.0406 r_term=0.0143 r_illegal=0.0000
  [PPO ] p_loss=0.0113 v_loss=0.2213 entropy=1.7269 grad=7.0067 active=100.0%
  [SIM ] avg_power(a)=0.5284 rsu_q=0.289 tx=4 no_tx=250 deadlock=0 svc=0.000GHz idle=0.0%

    Ep    Wall    R/step     T_SR     V_SR     S_SR            L/R/V   Lat(s)       En     Miss      Ill      Ent       KL     Clip
--------------------------------------------------------------------------------------------------------------------------------
   121     8.4s    0.0086    95.0%    95.0%    99.5%        99%/0%/1%    1.772    0.001     5.0%     0.0%   1.6545   0.0145     8.6%
   122     6.5s    0.0081    85.0%    85.0%    99.0%        97%/3%/0%    1.660    0.001    15.0%     0.0%   1.4989   0.0151     9.7%
   123     6.9s    0.0077    75.0%    75.0%    96.1%        93%/5%/2%    1.623    0.006    25.0%     0.0%   1.5025   0.0040     8.4%
   124    14.6s    0.0065    55.0%    55.0%    91.2%        96%/2%/2%    2.907    0.011    45.0%     0.0%   1.5778   0.0129     8.8%
   125     7.2s    0.0079    85.0%    85.0%    98.5%        94%/4%/2%    1.743    0.003    15.0%     0.0%   1.6416   0.0046     8.0%
   126    14.3s    0.0057    65.0%    65.0%    96.1%        97%/1%/2%    2.767    0.006    35.0%     0.0%   1.4322   0.0040     5.4%
   127     7.4s    0.0075    80.0%    80.0%    96.6%        93%/5%/2%    1.829    0.012    20.0%     0.0%   1.6044   0.0020     6.6%
   128     8.5s    0.0079    80.0%    80.0%    96.6%        93%/3%/4%    1.911    0.030    20.0%     0.0%   1.5814   0.0050     6.4%
   129     2.5s    0.0191   100.0%   100.0%   100.0%        92%/7%/1%    0.698    0.021     0.0%     0.0%   1.0251   0.0090     5.4%
   130    14.6s    0.0074    75.0%    75.0%    96.6%        96%/1%/3%    1.775    0.033    25.0%     0.0%   2.0433   0.0132     7.8%
  [MA20] reward=0.0092 task_sr=79.8% miss=20.3% time_limit=0.0% v2v=1.2%
  [RWRD] r_prog=0.0473 r_term=0.0268 r_illegal=0.0000
  [PPO ] p_loss=0.0049 v_loss=0.2076 entropy=2.0433 grad=2.8583 active=100.0%
  [SIM ] avg_power(a)=0.5021 rsu_q=0.296 tx=7 no_tx=197 deadlock=0 svc=0.000GHz idle=0.0%
   131     2.4s    0.0212   100.0%   100.0%   100.0%        98%/0%/2%    0.687    0.003     0.0%     0.0%   0.9634  -0.0049     3.3%
   132     2.3s    0.0211   100.0%   100.0%   100.0%        98%/1%/1%    0.650    0.001     0.0%     0.0%   0.9951   0.0055     2.6%
   133     7.8s    0.0076    65.0%    65.0%    96.1%        96%/3%/1%    1.736    0.004    35.0%     0.0%   1.5309   0.0095     9.1%
   134    11.7s    0.0056    65.0%    65.0%    94.7%        98%/1%/0%    2.431    0.001    35.0%     0.0%   1.4870   0.0192     5.4%
   135     6.4s    0.0075    90.0%    90.0%    99.0%        96%/4%/0%    1.580    0.009    10.0%     0.0%   1.4389   0.0109     8.4%
   136     9.8s    0.0081    95.0%    95.0%    99.5%        97%/3%/0%    1.700     !ERR     5.0%     0.0%   1.6944   0.0093     8.2%
   137     7.3s    0.0081    85.0%    85.0%    97.0%        99%/1%/0%    1.720     !ERR    15.0%     0.0%   1.5626   0.0128     8.3%
   138    13.4s    0.0058    65.0%    65.0%    96.1%        98%/2%/0%    2.753    0.002    35.0%     0.0%   1.4857   0.0113     8.6%
   139     7.3s    0.0082    80.0%    80.0%    97.0%        95%/3%/2%    1.768    0.004    20.0%     0.0%   1.4843   0.0131     9.0%
   140     6.1s    0.0078    95.0%    95.0%    98.9%        97%/3%/0%    1.627    0.003     5.0%     0.0%   1.4803   0.0119     7.9%
  [MA20] reward=0.0094 task_sr=81.8% miss=18.2% time_limit=0.0% v2v=1.3%
  [RWRD] r_prog=0.0343 r_term=0.0438 r_illegal=0.0000
  [PPO ] p_loss=0.0048 v_loss=0.0787 entropy=1.4803 grad=2.3843 active=100.0%
  [SIM ] avg_power(a)=0.4748 rsu_q=0.357 tx=6 no_tx=182 deadlock=0 svc=0.000GHz idle=0.0%

    Ep    Wall    R/step     T_SR     V_SR     S_SR            L/R/V   Lat(s)       En     Miss      Ill      Ent       KL     Clip
--------------------------------------------------------------------------------------------------------------------------------
   141    11.9s    0.0056    60.0%    60.0%    94.5%        98%/2%/0%    2.702    0.007    40.0%     0.0%   1.4475   0.0080     6.7%
   142    23.5s    0.0052    45.0%    45.0%    90.7%        98%/2%/0%    2.675     !ERR    55.0%     0.0%   2.1482   0.0044     9.7%
   143     2.1s    0.0191   100.0%   100.0%   100.0%        98%/2%/0%    0.634     !ERR     0.0%     0.0%   1.0764   0.0064     5.8%
   144     3.1s    0.0213   100.0%   100.0%   100.0%       100%/0%/0%    0.650     !ERR     0.0%     0.0%   1.0452   0.0055     1.8%
   145     7.9s    0.0079    85.0%    85.0%    97.6%       100%/0%/0%    1.875     !ERR    15.0%     0.0%   1.6345   0.0215    11.6%
   146     7.5s    0.0083    90.0%    90.0%    99.0%        96%/3%/1%    1.939    0.006    10.0%     0.0%   1.5272   0.0154     9.8%
   147     7.7s    0.0069    75.0%    75.0%    96.5%        91%/6%/2%    1.817    0.007    25.0%     0.0%   1.7316   0.0171    10.1%
   148     7.7s    0.0074    85.0%    85.0%    96.6%        94%/4%/2%    1.677    0.008    15.0%     0.0%   1.5466   0.0143     8.2%
   149     7.6s    0.0077    85.0%    85.0%    99.0%        92%/5%/3%    1.722    0.018    15.0%     0.0%   1.6204   0.0098     7.6%
   150     6.6s    0.0083    90.0%    90.0%    98.5%        92%/5%/3%    1.770    0.010    10.0%     0.0%   1.5188   0.0121     6.6%
  [MA20] reward=0.0099 task_sr=82.7% miss=17.2% time_limit=0.0% v2v=1.0%
  [RWRD] r_prog=0.0415 r_term=0.0412 r_illegal=0.0000
  [PPO ] p_loss=0.0022 v_loss=0.1448 entropy=1.5188 grad=1.8423 active=100.0%
  [SIM ] avg_power(a)=0.4772 rsu_q=0.346 tx=14 no_tx=183 deadlock=0 svc=0.000GHz idle=0.0%
   151     9.4s    0.0071    80.0%    80.0%    98.5%        92%/7%/1%    1.853    0.016    20.0%     0.0%   1.6829   0.0087     7.4%
   152     7.2s    0.0075    80.0%    80.0%    97.5%        88%/8%/4%    1.624    0.014    20.0%     0.0%   1.6701   0.0031     6.4%
   153    14.5s    0.0062    65.0%    65.0%    93.0%       85%/15%/1%    2.822    0.025    35.0%     0.0%   1.7418   0.0140     6.4%
   154    14.9s    0.0047    45.0%    45.0%    89.8%       79%/16%/5%    2.865    0.035    55.0%     0.0%   1.6374   0.0222     8.5%
   155     7.8s    0.0085    85.0%    85.0%    98.5%       89%/10%/1%    1.753    0.017    15.0%     0.0%   1.6596   0.0132     4.1%
   156    12.0s    0.0072    85.0%    85.0%    96.5%       87%/12%/1%    2.475    0.013    15.0%     0.0%   1.6687   0.0140     6.2%
   157     7.6s    0.0095    95.0%    95.0%    99.0%        91%/8%/2%    1.768    0.004     5.0%     0.0%   1.5657   0.0098     6.4%
   158     7.6s    0.0077    95.0%    95.0%    99.5%        94%/6%/0%    1.666    0.002     5.0%     0.0%   1.7068   0.0138     5.2%
   159     9.9s    0.0060    75.0%    75.0%    95.5%        96%/4%/0%    2.616    0.002    25.0%     0.0%   1.3698   0.0112     5.2%
   160     2.3s    0.0212   100.0%   100.0%   100.0%        93%/7%/0%    0.635    0.002     0.0%     0.0%   1.1106   0.0074     3.9%
  [MA20] reward=0.0092 task_sr=81.0% miss=19.0% time_limit=0.0% v2v=1.3%
  [RWRD] r_prog=0.0251 r_term=0.1869 r_illegal=0.0000
  [PPO ] p_loss=-0.0066 v_loss=0.0245 entropy=1.1106 grad=2.1813 active=100.0%
  [SIM ] avg_power(a)=0.5149 rsu_q=0.111 tx=9 no_tx=122 deadlock=0 svc=0.000GHz idle=0.0%

    Ep    Wall    R/step     T_SR     V_SR     S_SR            L/R/V   Lat(s)       En     Miss      Ill      Ent       KL     Clip
--------------------------------------------------------------------------------------------------------------------------------
   161     2.2s    0.0194   100.0%   100.0%   100.0%       86%/14%/0%    0.670    0.015     0.0%     0.0%   1.1370   0.0217     6.0%
   162    14.4s    0.0057    75.0%    75.0%    94.7%        93%/6%/1%    2.466    0.011    25.0%     0.0%   1.6325   0.0079     5.8%
   163    13.8s    0.0058    65.0%    65.0%    94.2%       88%/11%/1%    2.602    0.012    35.0%     0.0%   1.6159   0.0130     6.9%
   164    12.4s    0.0069    80.0%    80.0%    96.9%        93%/7%/0%    2.493    0.002    20.0%     0.0%   1.5458   0.0083     5.9%
   165     6.4s    0.0072    75.0%    75.0%    96.4%        95%/5%/0%    1.502    0.002    25.0%     0.0%   1.5106   0.0125     5.9%
   166     7.9s    0.0089    90.0%    90.0%    98.5%       89%/10%/1%    1.617    0.026    10.0%     0.0%   1.5046   0.0169     5.3%
   167     2.6s    0.0172   100.0%   100.0%   100.0%       88%/11%/1%    0.692    0.011     0.0%     0.0%   1.3128   0.0051     3.3%
   168    13.1s    0.0060    80.0%    80.0%    96.4%       90%/10%/0%    2.486    0.019    20.0%     0.0%   1.6940   0.0121    10.4%
   169     2.3s    0.0211   100.0%   100.0%   100.0%       78%/21%/1%    0.670    0.025     0.0%     0.0%   1.0736   0.0002     8.2%
   170     7.6s    0.0086    95.0%    95.0%    99.0%       85%/14%/0%    1.714    0.012     5.0%     0.0%   1.6508   0.0261     7.6%
  [MA20] reward=0.0096 task_sr=83.2% miss=16.8% time_limit=0.0% v2v=1.0%
  [RWRD] r_prog=0.0402 r_term=0.0463 r_illegal=0.0000
  [PPO ] p_loss=0.0109 v_loss=0.1619 entropy=1.6508 grad=3.8344 active=100.0%
  [SIM ] avg_power(a)=0.5210 rsu_q=0.462 tx=30 no_tx=172 deadlock=0 svc=0.000GHz idle=0.0%
   171     5.6s    0.0096   100.0%   100.0%   100.0%       79%/21%/0%    0.967    0.087     0.0%     0.0%   1.8444   0.0107     7.4%
   172     2.4s    0.0194   100.0%   100.0%   100.0%       75%/24%/1%    0.686    0.039     0.0%     0.0%   1.2524   0.0096     6.7%
   173     4.0s    0.0088    95.0%    95.0%    97.7%       76%/22%/2%    0.717    0.032     5.0%     0.0%   1.8024   0.0011     6.7%
   174     2.7s    0.0177   100.0%   100.0%   100.0%       79%/19%/2%    0.690    0.045     0.0%     0.0%   1.3027   0.0118     7.9%
   175     7.2s    0.0087    90.0%    90.0%    94.9%       74%/24%/2%    0.968    0.090    10.0%     0.0%   1.9442   0.0237     7.9%
   176     4.8s    0.0071    85.0%    85.0%    94.3%       67%/33%/1%    0.842    0.057    15.0%     0.0%   1.7290   0.0088     9.8%
   177     6.7s    0.0081    90.0%    90.0%    98.5%       81%/18%/1%    1.819    0.032    10.0%     0.0%   1.4158   0.0179     8.2%
   178     2.6s    0.0214   100.0%   100.0%   100.0%       79%/21%/0%    0.698    0.036     0.0%     0.0%   1.0088   0.0089     6.6%
   179     8.2s    0.0068    75.0%    75.0%    96.5%       86%/13%/1%    1.858    0.037    25.0%     0.0%   1.4569   0.0065     6.7%
   180     8.4s    0.0077    85.0%    85.0%    98.6%       88%/12%/0%    1.808    0.017    15.0%     0.0%   1.6252   0.0171     7.1%
  [MA20] reward=0.0111 task_sr=89.0% miss=11.0% time_limit=0.0% v2v=0.7%
  [RWRD] r_prog=0.0430 r_term=0.0341 r_illegal=0.0000
  [PPO ] p_loss=-0.0095 v_loss=0.1374 entropy=1.6252 grad=2.0034 active=100.0%
  [SIM ] avg_power(a)=0.5515 rsu_q=0.536 tx=25 no_tx=179 deadlock=0 svc=0.000GHz idle=0.0%

    Ep    Wall    R/step     T_SR     V_SR     S_SR            L/R/V   Lat(s)       En     Miss      Ill      Ent       KL     Clip
--------------------------------------------------------------------------------------------------------------------------------
   181    15.0s    0.0070    55.0%    55.0%    93.9%       88%/12%/1%    1.743    0.064    45.0%     0.0%   1.8283   0.0170     8.5%
   182    26.1s    0.0035    35.0%    35.0%    85.2%       86%/13%/1%    2.704    0.118    65.0%     0.0%   1.7587   0.0103    12.8%
   183     7.7s    0.0075    80.0%    80.0%    98.6%       86%/14%/0%    1.729    0.020    20.0%     0.0%   1.5061   0.0217    10.1%
   184     7.3s    0.0085    95.0%    95.0%   100.0%       88%/11%/1%    1.828    0.021     5.0%     0.0%   1.5054   0.0128    10.2%
   185    11.8s    0.0073    95.0%    95.0%    98.8%        93%/6%/0%    2.505    0.009     5.0%     0.0%   1.4936   0.0112    10.4%
   186     3.1s    0.0212   100.0%   100.0%   100.0%        90%/9%/1%    0.652    0.004     0.0%     0.0%   1.1117   0.0089     5.8%
   187     7.6s    0.0081    95.0%    95.0%    99.5%        92%/6%/2%    1.667    0.003     5.0%     0.0%   1.5984   0.0158     9.3%
   188     2.3s    0.0213   100.0%   100.0%   100.0%       83%/15%/1%    0.651    0.006     0.0%     0.0%   1.1220   0.0339    10.8%
   189     7.6s    0.0089    90.0%    90.0%    98.6%       84%/15%/1%    1.669    0.021    10.0%     0.0%   1.6061   0.0229     8.6%
   190     7.0s    0.0088    90.0%    90.0%    98.5%       84%/15%/1%    1.673    0.019    10.0%     0.0%   1.4735   0.0099    10.1%
  [MA20] reward=0.0109 task_sr=87.7% miss=12.2% time_limit=0.0% v2v=0.9%
  [RWRD] r_prog=0.0424 r_term=0.0453 r_illegal=0.0000
  [PPO ] p_loss=0.0278 v_loss=0.1613 entropy=1.4735 grad=1.6725 active=100.0%
  [SIM ] avg_power(a)=0.5540 rsu_q=0.292 tx=31 no_tx=165 deadlock=0 svc=0.000GHz idle=0.0%
   191     8.6s    0.0088    95.0%    95.0%   100.0%       87%/13%/0%    1.666    0.020     5.0%     0.0%   1.5337   0.0272    11.8%
   192     2.1s    0.0211   100.0%   100.0%   100.0%       88%/12%/0%    0.642    0.007     0.0%     0.0%   1.0056   0.0174     9.6%
   193     2.1s    0.0214   100.0%   100.0%   100.0%        91%/7%/2%    0.648    0.003     0.0%     0.0%   0.9705   0.0090     9.1%
   194    14.1s    0.0058    45.0%    45.0%    90.4%        94%/6%/0%    2.650    0.017    55.0%     0.0%   1.4628   0.0165     8.9%
   195     2.4s    0.0193   100.0%   100.0%   100.0%       84%/16%/0%    0.653    0.017     0.0%     0.0%   1.1133   0.0135     9.4%
   196    13.1s    0.0071    75.0%    75.0%    95.9%        95%/3%/1%    2.667    0.009    25.0%     0.0%   1.3809   0.0232     8.0%
   197     2.1s    0.0237   100.0%   100.0%   100.0%       89%/11%/0%    0.629    0.007     0.0%     0.0%   0.8885   0.0281     5.5%
   198     7.2s    0.0089   100.0%   100.0%   100.0%       87%/12%/1%    1.742    0.015     0.0%     0.0%   1.3948   0.0102     6.1%
   199     8.7s    0.0081    95.0%    95.0%   100.0%       86%/14%/0%    1.729    0.022     5.0%     0.0%   1.5098   0.0111     6.1%
   200     7.0s    0.0081    85.0%    85.0%    97.8%        91%/8%/1%    1.856    0.006    15.0%     0.0%   1.5981   0.0172     5.9%
  [MA20] reward=0.0117 task_sr=86.5% miss=13.5% time_limit=0.0% v2v=0.7%
  [RWRD] r_prog=0.0456 r_term=0.0350 r_illegal=0.0000
  [PPO ] p_loss=-0.0094 v_loss=0.1943 entropy=1.5981 grad=3.0158 active=100.0%
  [SIM ] avg_power(a)=0.5588 rsu_q=0.115 tx=16 no_tx=168 deadlock=0 svc=0.000GHz idle=0.0%
  [Checkpoint] saved: ep0200.pth

    Ep    Wall    R/step     T_SR     V_SR     S_SR            L/R/V   Lat(s)       En     Miss      Ill      Ent       KL     Clip
--------------------------------------------------------------------------------------------------------------------------------
   201     6.7s    0.0081    85.0%    85.0%    98.4%       87%/13%/0%    1.610    0.019    15.0%     0.0%   1.4362  -0.0014     5.1%
   202     2.6s    0.0200   100.0%   100.0%   100.0%       73%/26%/1%    0.729    0.073     0.0%     0.0%   0.9958   0.0139     4.6%
   203     7.0s    0.0089    95.0%    95.0%    99.5%       88%/12%/0%    1.761    0.015     5.0%     0.0%   1.3880   0.0198     7.3%
   204    14.0s    0.0050    60.0%    60.0%    93.5%        91%/8%/1%    2.738    0.025    40.0%     0.0%   1.4240   0.0236     9.9%
   205    10.6s    0.0091   100.0%   100.0%   100.0%       88%/11%/1%    1.697    0.007     0.0%     0.0%   1.6954   0.0042     8.3%
   206     7.4s    0.0082    90.0%    90.0%    99.0%       88%/12%/0%    1.694    0.010    10.0%     0.0%   1.4660   0.0166     7.7%
   207     7.8s    0.0081    90.0%    90.0%    99.0%       87%/12%/1%    1.612    0.012    10.0%     0.0%   1.5369   0.0109     9.2%
   208     8.4s    0.0091    95.0%    95.0%    99.0%       79%/18%/2%    1.765    0.036     5.0%     0.0%   1.5724   0.0099     8.4%
   209     2.2s    0.0196   100.0%   100.0%   100.0%       74%/25%/1%    0.638    0.053     0.0%     0.0%   1.1075   0.0171     3.4%
   210     7.7s    0.0086    95.0%    95.0%    99.0%       79%/19%/2%    1.963    0.050     5.0%     0.0%   1.4571   0.0282    13.6%
  [MA20] reward=0.0119 task_sr=90.3% miss=9.8% time_limit=0.0% v2v=0.7%
  [RWRD] r_prog=0.0450 r_term=0.0412 r_illegal=0.0000
  [PPO ] p_loss=0.0090 v_loss=0.1575 entropy=1.4571 grad=4.4138 active=100.0%
  [SIM ] avg_power(a)=0.5074 rsu_q=0.593 tx=44 no_tx=161 deadlock=0 svc=0.000GHz idle=0.0%
   211     2.5s    0.0196   100.0%   100.0%   100.0%       65%/32%/3%    0.724    0.049     0.0%     0.0%   1.3097   0.0167     9.6%
   212    15.4s    0.0055    50.0%    50.0%    93.9%       83%/16%/1%    1.999    0.096    50.0%     0.0%   1.7355   0.0087     8.8%
   213     8.4s    0.0080    85.0%    85.0%    96.9%       79%/19%/1%    1.878    0.056    15.0%     0.0%   1.5456   0.0200    10.2%
   214     7.8s    0.0078    85.0%    85.0%    96.6%       82%/18%/1%    1.918    0.045    15.0%     0.0%   1.3790   0.0098    11.0%
   215     3.4s    0.0186   100.0%   100.0%   100.0%       72%/23%/5%    0.768    0.078     0.0%     0.0%   1.1643   0.0275     7.0%
   216    13.8s    0.0058    70.0%    70.0%    94.7%       87%/12%/0%    2.783    0.024    30.0%     0.0%   1.5097   0.0120    12.1%
   217     3.1s    0.0177   100.0%   100.0%   100.0%       74%/25%/1%    0.726    0.059     0.0%     0.0%   1.2550   0.0157     8.5%
   218     7.5s    0.0087    90.0%    90.0%    97.9%       84%/15%/1%    1.753    0.030    10.0%     0.0%   1.4359   0.0164    11.4%
   219     2.5s    0.0176   100.0%   100.0%   100.0%       73%/24%/3%    0.741    0.056     0.0%     0.0%   1.0771   0.0067     9.1%
   220    22.3s    0.0048    40.0%    40.0%    86.1%       89%/11%/0%    2.847    0.056    60.0%     0.0%   1.5541   0.0259    12.4%
  [MA20] reward=0.0109 task_sr=86.5% miss=13.5% time_limit=0.0% v2v=1.3%
  [RWRD] r_prog=0.0509 r_term=-0.0033 r_illegal=0.0000
  [PPO ] p_loss=0.0030 v_loss=0.2625 entropy=1.5541 grad=4.1463 active=100.0%
  [SIM ] avg_power(a)=0.4878 rsu_q=0.675 tx=26 no_tx=221 deadlock=0 svc=0.000GHz idle=0.0%

    Ep    Wall    R/step     T_SR     V_SR     S_SR            L/R/V   Lat(s)       En     Miss      Ill      Ent       KL     Clip
--------------------------------------------------------------------------------------------------------------------------------
   221     8.1s    0.0078    90.0%    90.0%    99.5%       86%/14%/0%    1.816    0.012    10.0%     0.0%   1.5955   0.0097    10.0%
   222     7.8s    0.0076    80.0%    80.0%    97.1%       90%/10%/0%    1.618    0.009    20.0%     0.0%   1.5992   0.0037     8.3%
   223     7.7s    0.0087    90.0%    90.0%    98.1%       90%/10%/0%    1.686    0.008    10.0%     0.0%   1.4107   0.0142     6.8%
   224     7.2s    0.0084    90.0%    90.0%    98.0%       85%/15%/0%    1.606    0.018    10.0%     0.0%   1.6043   0.0090     7.5%
   225     2.5s    0.0195   100.0%   100.0%   100.0%       75%/25%/1%    0.730    0.051     0.0%     0.0%   1.0046   0.0201     5.7%
   226     2.3s    0.0213   100.0%   100.0%   100.0%       74%/26%/0%    0.685    0.042     0.0%     0.0%   0.9447   0.0011     4.0%
   227     2.8s    0.0162   100.0%   100.0%   100.0%       77%/21%/2%    0.749    0.046     0.0%     0.0%   1.2702   0.0090     9.3%
   228     6.3s    0.0091    95.0%    95.0%    99.0%       84%/14%/2%    1.664    0.022     5.0%     0.0%   1.3337   0.0125    11.4%
   229    11.2s    0.0082    80.0%    80.0%    97.4%       85%/12%/3%    1.745    0.026    20.0%     0.0%   1.8617   0.0083    12.4%
   230     7.4s    0.0082    90.0%    90.0%    98.5%       85%/12%/3%    1.667    0.019    10.0%     0.0%   1.5429   0.0021     8.4%
  [MA20] reward=0.0114 task_sr=86.8% miss=13.2% time_limit=0.0% v2v=1.3%
  [RWRD] r_prog=0.0409 r_term=0.0409 r_illegal=0.0000
  [PPO ] p_loss=-0.0023 v_loss=0.0895 entropy=1.5429 grad=1.8629 active=100.0%
  [SIM ] avg_power(a)=0.5461 rsu_q=0.370 tx=28 no_tx=165 deadlock=0 svc=0.000GHz idle=0.0%
   231     4.3s    0.0074    95.0%    95.0%    96.5%       73%/23%/4%    0.801    0.027     5.0%     0.0%   1.7492   0.0131     8.0%
   232     2.5s    0.0198   100.0%   100.0%   100.0%       74%/26%/1%    0.728    0.068     0.0%     0.0%   1.1505   0.0118     4.3%
   233     7.9s    0.0082    90.0%    90.0%    99.0%       88%/12%/1%    1.724    0.008    10.0%     0.0%   1.5551   0.0048     5.1%
   234    11.4s    0.0069    90.0%    90.0%    97.9%       88%/12%/1%    1.660    0.017    10.0%     0.0%   1.9981   0.0089     6.4%
   235    15.7s    0.0058    70.0%    70.0%    94.7%        91%/8%/1%    2.777    0.014    30.0%     0.0%   1.7068   0.0148     6.4%
   236     6.9s    0.0082    85.0%    85.0%    97.6%        89%/9%/2%    1.657    0.012    15.0%     0.0%   1.3637   0.0066     5.2%
   237     2.9s    0.0189   100.0%   100.0%   100.0%       76%/22%/1%    0.690    0.027     0.0%     0.0%   1.0844   0.0171     6.0%
   238    11.8s    0.0080    80.0%    80.0%    96.4%       85%/15%/1%    1.892    0.055    20.0%     0.0%   1.9823   0.0007     8.1%
   239     2.4s    0.0191   100.0%   100.0%   100.0%       77%/22%/1%    0.700    0.034     0.0%     0.0%   1.1266   0.0183     8.0%
   240     7.3s    0.0088    85.0%    85.0%    95.2%       89%/11%/0%    1.665    0.014    15.0%     0.0%   1.3877   0.0125     8.4%
  [MA20] reward=0.0113 task_sr=90.5% miss=9.5% time_limit=0.0% v2v=1.1%
  [RWRD] r_prog=0.0489 r_term=0.0396 r_illegal=0.0000
  [PPO ] p_loss=-0.0250 v_loss=0.1656 entropy=1.3877 grad=2.8317 active=100.0%
  [SIM ] avg_power(a)=0.5205 rsu_q=0.400 tx=23 no_tx=181 deadlock=0 svc=0.000GHz idle=0.0%

    Ep    Wall    R/step     T_SR     V_SR     S_SR            L/R/V   Lat(s)       En     Miss      Ill      Ent       KL     Clip
--------------------------------------------------------------------------------------------------------------------------------
   241     6.7s    0.0082    95.0%    95.0%    98.5%       88%/12%/1%    1.587    0.009     5.0%     0.0%   1.5532   0.0148     9.3%
   242     7.1s    0.0087    90.0%    90.0%    99.5%       89%/11%/1%    1.902    0.016    10.0%     0.0%   1.4650   0.0212     9.6%
   243    12.6s    0.0062    80.0%    80.0%    94.9%        90%/9%/0%    2.766    0.022    20.0%     0.0%   1.4889   0.0131    10.7%
   244     6.6s    0.0089    90.0%    90.0%    96.9%       90%/10%/1%    1.581    0.010    10.0%     0.0%   1.4208   0.0108    10.4%
   245     2.4s    0.0191   100.0%   100.0%   100.0%       88%/12%/0%    0.672    0.027     0.0%     0.0%   1.1210   0.0148     8.9%
   246     7.4s    0.0074    85.0%    85.0%    92.7%       79%/21%/0%    0.980    0.076    15.0%     0.0%   2.1953   0.0164    12.3%
   247     7.9s    0.0085    90.0%    90.0%    98.5%        91%/8%/0%    1.872    0.010    10.0%     0.0%   1.6637   0.0096     7.3%
   248     6.9s    0.0090    95.0%    95.0%    98.9%        91%/9%/1%    1.785    0.014     5.0%     0.0%   1.5961   0.0136     8.4%
   249     6.6s    0.0087    90.0%    90.0%    99.0%       89%/11%/0%    1.647    0.013    10.0%     0.0%   1.3842   0.0110     9.2%
   250     2.4s    0.0213   100.0%   100.0%   100.0%       83%/17%/0%    0.682    0.024     0.0%     0.0%   1.1131   0.0115     7.4%
  [MA20] reward=0.0109 task_sr=90.5% miss=9.5% time_limit=0.0% v2v=0.8%
  [RWRD] r_prog=0.0288 r_term=0.1843 r_illegal=0.0000
  [PPO ] p_loss=0.0176 v_loss=0.0700 entropy=1.1131 grad=9.5103 active=100.0%
  [SIM ] avg_power(a)=0.5141 rsu_q=1.222 tx=21 no_tx=105 deadlock=0 svc=0.000GHz idle=0.0%
   251     7.5s    0.0092    95.0%    95.0%   100.0%       88%/11%/2%    1.876    0.011     5.0%     0.0%   1.5017   0.0162     7.2%
   252    16.3s    0.0051    55.0%    55.0%    94.2%        90%/8%/2%    2.821    0.035    45.0%     0.0%   1.6400   0.0115     9.0%
   253     6.9s    0.0092    90.0%    90.0%    98.5%        90%/8%/3%    1.757    0.011    10.0%     0.0%   1.4344   0.0123     9.6%
   254     7.5s    0.0090    95.0%    95.0%    99.5%       86%/12%/2%    1.775    0.013     5.0%     0.0%   1.5005   0.0297     9.8%
   255     7.4s    0.0086    90.0%    90.0%    97.1%       87%/12%/1%    1.648    0.016    10.0%     0.0%   1.4992   0.0111    10.5%
   256    13.7s    0.0052    50.0%    50.0%    90.5%        92%/4%/4%    2.857    0.021    50.0%     0.0%   1.4470   0.0011    10.4%
   257     9.1s    0.0093   100.0%   100.0%   100.0%        91%/8%/1%    1.681    0.011     0.0%     0.0%   1.6865   0.0130    13.3%
   258     7.0s    0.0084    95.0%    95.0%    99.5%        92%/6%/2%    1.743    0.010     5.0%     0.0%   1.5334   0.0191    14.1%
   259     7.0s    0.0085   100.0%   100.0%   100.0%       87%/12%/0%    1.771    0.012     0.0%     0.0%   1.4927   0.0197    13.9%
   260     7.8s    0.0091    90.0%    90.0%    98.0%       85%/12%/3%    1.738    0.024    10.0%     0.0%   1.5209   0.0104    11.6%
  [MA20] reward=0.0094 task_sr=88.7% miss=11.2% time_limit=0.0% v2v=1.1%
  [RWRD] r_prog=0.0483 r_term=0.0428 r_illegal=0.0000
  [PPO ] p_loss=0.0053 v_loss=0.1189 entropy=1.5209 grad=1.7481 active=100.0%
  [SIM ] avg_power(a)=0.5244 rsu_q=0.240 tx=28 no_tx=170 deadlock=0 svc=0.000GHz idle=0.0%

    Ep    Wall    R/step     T_SR     V_SR     S_SR            L/R/V   Lat(s)       En     Miss      Ill      Ent       KL     Clip
--------------------------------------------------------------------------------------------------------------------------------
   261     8.7s    0.0083   100.0%   100.0%   100.0%       86%/12%/2%    1.719    0.019     0.0%     0.0%   1.6287   0.0188    11.8%
   262     7.3s    0.0088    90.0%    90.0%    98.5%       84%/13%/3%    1.816    0.022    10.0%     0.0%   1.4666   0.0079     9.4%
   263     8.1s    0.0070    75.0%    75.0%    96.4%       85%/12%/4%    1.788    0.036    25.0%     0.0%   1.6462   0.0184    10.0%
   264     2.4s    0.0192   100.0%   100.0%   100.0%       75%/20%/5%    0.668    0.039     0.0%     0.0%   1.1772   0.0089    10.4%
   265     8.0s    0.0073    90.0%    90.0%    99.5%       85%/15%/0%    1.737    0.011    10.0%     0.0%   1.6932   0.0357     9.5%
   266     6.7s    0.0094   100.0%   100.0%   100.0%       84%/16%/0%    1.661    0.027     0.0%     0.0%   1.3902  -0.0013     8.7%
   267    12.8s    0.0091    95.0%    95.0%    99.0%       84%/16%/0%    1.685    0.045     5.0%     0.0%   1.9049   0.0166    11.0%
   268    12.7s    0.0099    95.0%    95.0%   100.0%       87%/13%/0%    1.728    0.024     5.0%     0.0%   1.7013   0.0050    10.2%
   269    13.3s    0.0071    90.0%    90.0%    97.8%        90%/9%/0%    2.512    0.015    10.0%     0.0%   1.5776   0.0143     9.8%
   270     9.7s    0.0078    85.0%    85.0%    97.0%       85%/15%/0%    1.797    0.029    15.0%     0.0%   1.6701   0.0220    14.0%
  [MA20] reward=0.0088 task_sr=89.0% miss=11.0% time_limit=0.0% v2v=1.6%
  [RWRD] r_prog=0.0430 r_term=0.0346 r_illegal=0.0000
  [PPO ] p_loss=0.0039 v_loss=0.1167 entropy=1.6701 grad=1.5163 active=100.0%
  [SIM ] avg_power(a)=0.4720 rsu_q=0.519 tx=30 no_tx=166 deadlock=0 svc=0.000GHz idle=0.0%
  → Best model saved: sr=0.901 miss=0.099 tl=0.000 cft=1.610 illegal=0.000
   271     2.4s    0.0193   100.0%   100.0%   100.0%       72%/27%/1%    0.693    0.047     0.0%     0.0%   1.1324   0.0103     7.2%
   272     2.1s    0.0211   100.0%   100.0%   100.0%       70%/26%/4%    0.640    0.067     0.0%     0.0%   1.0798  -0.0016     7.6%
   273    13.5s    0.0036    30.0%    30.0%    84.3%       89%/11%/0%    2.933    0.052    70.0%     0.0%   1.5055   0.0211     8.9%
   274     6.9s    0.0080    85.0%    85.0%    97.0%       84%/16%/0%    1.668    0.044    15.0%     0.0%   1.3372   0.0195    11.1%
   275    19.9s    0.0059    75.0%    75.0%    96.1%       90%/10%/0%    2.669    0.028    25.0%     0.0%   1.7641   0.0130     9.9%
   276    13.6s    0.0073    85.0%    85.0%    96.5%       86%/14%/1%    1.617    0.043    15.0%     0.0%   2.0571   0.0082    11.6%
   277     7.4s    0.0079    95.0%    95.0%    99.0%       88%/12%/0%    1.669    0.016     5.0%     0.0%   1.4636   0.0141     9.5%
   278    17.0s    0.0060    75.0%    75.0%    94.9%        90%/9%/1%    2.543    0.024    25.0%     0.0%   1.7436   0.0079    11.8%
   279     7.7s    0.0082    90.0%    90.0%    99.5%       87%/12%/1%    1.814    0.013    10.0%     0.0%   1.4415   0.0090    10.2%
   280    12.9s    0.0063    60.0%    60.0%    91.0%        90%/9%/0%    2.743    0.023    40.0%     0.0%   1.5124   0.0227     9.6%
  [MA20] reward=0.0094 task_sr=85.8% miss=14.2% time_limit=0.0% v2v=1.1%
  [RWRD] r_prog=0.0540 r_term=0.0090 r_illegal=0.0000
  [PPO ] p_loss=0.0167 v_loss=0.1505 entropy=1.5124 grad=1.8835 active=100.0%
  [SIM ] avg_power(a)=0.5062 rsu_q=0.303 tx=24 no_tx=221 deadlock=0 svc=0.000GHz idle=0.0%

    Ep    Wall    R/step     T_SR     V_SR     S_SR            L/R/V   Lat(s)       En     Miss      Ill      Ent       KL     Clip
--------------------------------------------------------------------------------------------------------------------------------
   281     8.4s    0.0088    90.0%    90.0%    99.0%       86%/14%/0%    1.805    0.019    10.0%     0.0%   1.4159   0.0111     7.5%
   282    16.2s    0.0060    85.0%    85.0%    96.9%       89%/10%/1%    2.596    0.031    15.0%     0.0%   1.7436   0.0195    10.4%
   283     2.4s    0.0217   100.0%   100.0%   100.0%       74%/23%/4%    0.710    0.056     0.0%     0.0%   1.0202   0.0197     4.7%
   284    15.1s    0.0056    70.0%    70.0%    97.0%       89%/11%/0%    2.758    0.026    30.0%     0.0%   1.5871   0.0104     6.2%
   285     7.6s    0.0085    90.0%    90.0%    98.1%       90%/10%/0%    1.711    0.005    10.0%     0.0%   1.5631   0.0033     7.2%
   286     7.5s    0.0101    90.0%    90.0%    96.5%       88%/11%/2%    1.693    0.011    10.0%     0.0%   1.5865   0.0075     6.0%
   287     2.6s    0.0161   100.0%   100.0%   100.0%       78%/22%/0%    0.704    0.023     0.0%     0.0%   1.1908  -0.0002     2.4%
   288     7.3s    0.0080    95.0%    95.0%    99.5%       87%/12%/0%    1.627    0.014     5.0%     0.0%   1.5221   0.0061     5.9%
   289     6.3s    0.0086    95.0%    95.0%    99.0%       88%/12%/0%    1.634    0.012     5.0%     0.0%   1.4011   0.0034     5.5%
   290    13.9s    0.0058    60.0%    60.0%    91.2%        92%/8%/0%    2.783    0.021    40.0%     0.0%   1.4545   0.0083     5.8%
  [MA20] reward=0.0096 task_sr=83.5% miss=16.5% time_limit=0.0% v2v=0.8%
  [RWRD] r_prog=0.0502 r_term=0.0081 r_illegal=0.0000
  [PPO ] p_loss=-0.0066 v_loss=0.1773 entropy=1.4545 grad=3.8275 active=100.0%
  [SIM ] avg_power(a)=0.4858 rsu_q=0.216 tx=20 no_tx=228 deadlock=0 svc=0.000GHz idle=0.0%
   291    31.2s    0.0046    30.0%    30.0%    70.3%       89%/10%/0%    2.755    0.120    70.0%     0.0%   2.1915   0.0163     7.8%
   292     7.1s    0.0089    95.0%    95.0%    99.5%       87%/13%/1%    1.627    0.019     5.0%     0.0%   1.4994   0.0080     6.2%
   293     2.4s    0.0160   100.0%   100.0%   100.0%       75%/24%/1%    0.767    0.060     0.0%     0.0%   1.2092   0.0141     4.8%
   294     7.7s    0.0079    85.0%    85.0%    98.0%       89%/11%/0%    1.574    0.007    15.0%     0.0%   1.5024   0.0116     6.8%
   295     6.7s    0.0100    95.0%    95.0%    99.0%       86%/14%/0%    1.569    0.013     5.0%     0.0%   1.5629   0.0082     4.4%
   296     6.4s    0.0085    90.0%    90.0%    99.0%       88%/12%/0%    1.615    0.008    10.0%     0.0%   1.4483   0.0084     5.0%
   297     2.8s    0.0162   100.0%   100.0%   100.0%       79%/21%/1%    0.716    0.018     0.0%     0.0%   1.2640  -0.0029     6.2%
   298     8.7s    0.0083    80.0%    80.0%    95.5%       89%/11%/0%    1.714    0.011    20.0%     0.0%   1.5811   0.0139     8.0%
   299    10.7s    0.0083    90.0%    90.0%    99.0%       87%/12%/0%    1.665    0.024    10.0%     0.0%   1.7003   0.0155     7.4%
   300     7.0s    0.0091    95.0%    95.0%    99.5%       87%/13%/0%    1.654    0.005     5.0%     0.0%   1.6288   0.0024     5.0%
  [MA20] reward=0.0099 task_sr=86.8% miss=13.2% time_limit=0.0% v2v=0.5%
  [RWRD] r_prog=0.0427 r_term=0.0487 r_illegal=0.0000
  [PPO ] p_loss=-0.0115 v_loss=0.0828 entropy=1.6288 grad=1.2815 active=100.0%
  [SIM ] avg_power(a)=0.4994 rsu_q=0.360 tx=24 no_tx=167 deadlock=0 svc=0.000GHz idle=0.0%
  [Checkpoint] saved: ep0300.pth

    Ep    Wall    R/step     T_SR     V_SR     S_SR            L/R/V   Lat(s)       En     Miss      Ill      Ent       KL     Clip
--------------------------------------------------------------------------------------------------------------------------------
   301     2.5s    0.0213   100.0%   100.0%   100.0%       73%/27%/0%    0.713    0.055     0.0%     0.0%   0.9881   0.0100     2.9%
   302     3.7s    0.0191   100.0%   100.0%   100.0%       77%/22%/1%    0.751    0.043     0.0%     0.0%   1.1688   0.0117     4.9%
   303    14.5s    0.0082    80.0%    80.0%    98.6%       88%/12%/0%    1.949    0.051    20.0%     0.0%   2.0138   0.0149     9.5%
   304    10.5s    0.0079    95.0%    95.0%    99.1%       86%/14%/0%    1.654    0.029     5.0%     0.0%   1.6624   0.0181     9.3%
   305     6.4s    0.0087    95.0%    95.0%    99.0%       87%/13%/0%    1.570    0.022     5.0%     0.0%   1.3506   0.0108     8.6%
   306     6.5s    0.0099   100.0%   100.0%   100.0%       85%/15%/0%    1.646    0.019     0.0%     0.0%   1.3697   0.0163    10.1%
   307     8.8s    0.0089    90.0%    90.0%    98.0%       83%/17%/0%    1.858    0.052    10.0%     0.0%   1.5337   0.0152    10.8%
   308     2.9s    0.0212   100.0%   100.0%   100.0%       73%/27%/0%    0.722    0.040     0.0%     0.0%   0.9143   0.0192     9.3%
   309     7.7s    0.0099   100.0%   100.0%   100.0%       83%/17%/0%    1.849    0.028     0.0%     0.0%   1.3432   0.0061     8.1%
   310     2.4s    0.0178   100.0%   100.0%   100.0%       70%/30%/0%    0.790    0.087     0.0%     0.0%   1.0291   0.0074     6.7%
  [MA20] reward=0.0116 task_sr=91.0% miss=9.0% time_limit=0.0% v2v=0.2%
  [RWRD] r_prog=0.0309 r_term=0.1470 r_illegal=0.0000
  [PPO ] p_loss=0.0006 v_loss=0.0446 entropy=1.0291 grad=6.2111 active=100.0%
  [SIM ] avg_power(a)=0.4844 rsu_q=1.455 tx=39 no_tx=91 deadlock=0 svc=0.000GHz idle=0.0%
   311    13.3s    0.0054    65.0%    65.0%    92.7%       85%/15%/0%    2.771    0.050    35.0%     0.0%   1.4810   0.0131    10.0%
   312     8.6s    0.0070    75.0%    75.0%    96.1%       83%/17%/0%    2.129    0.055    25.0%     0.0%   1.4428  -0.0015     8.5%
   313     7.1s    0.0080    90.0%    90.0%    98.0%       82%/18%/0%    1.723    0.048    10.0%     0.0%   1.4948   0.0074     9.3%
   314     2.7s    0.0178   100.0%   100.0%   100.0%       72%/27%/1%    0.774    0.082     0.0%     0.0%   1.1583   0.0122     7.3%
   315     7.4s    0.0090    95.0%    95.0%   100.0%       80%/20%/0%    1.828    0.061     5.0%     0.0%   1.4794  -0.0021     6.1%
   316     8.4s    0.0083    85.0%    85.0%    97.6%       83%/16%/1%    1.879    0.061    15.0%     0.0%   1.4221   0.0086     6.6%
   317     7.9s    0.0089   100.0%   100.0%   100.0%       79%/21%/0%    2.002    0.058     0.0%     0.0%   1.3955   0.0054     8.2%
   318    16.6s    0.0039    25.0%    25.0%    81.8%       87%/12%/1%    2.865    0.090    75.0%     0.0%   1.6837   0.0092     7.1%
   319     8.0s    0.0096    95.0%    95.0%    98.6%       82%/17%/0%    1.842    0.039     5.0%     0.0%   1.4614   0.0130     5.8%
   320     2.8s    0.0199   100.0%   100.0%   100.0%       72%/27%/1%    0.737    0.060     0.0%     0.0%   1.1130   0.0010     5.0%
  [MA20] reward=0.0115 task_sr=89.5% miss=10.5% time_limit=0.0% v2v=0.3%
  [RWRD] r_prog=0.0358 r_term=0.1633 r_illegal=0.0000
  [PPO ] p_loss=0.0014 v_loss=0.0439 entropy=1.1130 grad=6.6560 active=100.0%
  [SIM ] avg_power(a)=0.4635 rsu_q=0.800 tx=37 no_tx=95 deadlock=0 svc=0.000GHz idle=0.0%

    Ep    Wall    R/step     T_SR     V_SR     S_SR            L/R/V   Lat(s)       En     Miss      Ill      Ent       KL     Clip
--------------------------------------------------------------------------------------------------------------------------------
   321     4.3s    0.0153   100.0%   100.0%   100.0%       73%/27%/0%    0.885    0.110     0.0%     0.0%   1.4914  -0.0039     8.2%
   322     2.9s    0.0201   100.0%   100.0%   100.0%       72%/28%/0%    0.770    0.063     0.0%     0.0%   1.0792   0.0022     6.0%
   323     9.2s    0.0080    85.0%    85.0%    98.0%       82%/18%/0%    1.957    0.060    15.0%     0.0%   1.6122   0.0055     7.5%
   324    14.6s    0.0051    35.0%    35.0%    83.3%       89%/11%/0%    2.782    0.063    65.0%     0.0%   1.5063   0.0141     7.1%
   325     2.9s    0.0192   100.0%   100.0%   100.0%       71%/28%/1%    0.760    0.055     0.0%     0.0%   0.9973   0.0070     4.5%
   326     2.9s    0.0184   100.0%   100.0%   100.0%       70%/30%/0%    0.805    0.080     0.0%     0.0%   1.1466   0.0012     7.5%
   327     9.2s    0.0079    85.0%    85.0%    98.0%       81%/18%/1%    2.228    0.058    15.0%     0.0%   1.4982   0.0149     7.3%
   328     8.1s    0.0073    85.0%    85.0%    98.0%       81%/17%/2%    1.896    0.039    15.0%     0.0%   1.6056   0.0107     5.3%
   329     7.3s    0.0093    85.0%    85.0%    96.0%       82%/18%/0%    1.882    0.043    15.0%     0.0%   1.3594   0.0164     5.0%
   330     7.7s    0.0089    90.0%    90.0%    99.0%       81%/19%/0%    1.865    0.053    10.0%     0.0%   1.4700   0.0102     4.5%
  [MA20] reward=0.0109 task_sr=84.7% miss=15.2% time_limit=0.0% v2v=0.4%
  [RWRD] r_prog=0.0480 r_term=0.0410 r_illegal=0.0000
  [PPO ] p_loss=-0.0095 v_loss=0.1678 entropy=1.4700 grad=2.0534 active=100.0%
  [SIM ] avg_power(a)=0.4862 rsu_q=0.640 tx=37 no_tx=156 deadlock=0 svc=0.000GHz idle=0.0%
   331     2.6s    0.0197   100.0%   100.0%   100.0%       69%/29%/2%    0.783    0.094     0.0%     0.0%   0.9840  -0.0003     4.3%
   332     7.4s    0.0084    95.0%    95.0%    98.5%       82%/16%/2%    1.752    0.035     5.0%     0.0%   1.4679   0.0183     5.5%
   333     2.5s    0.0193   100.0%   100.0%   100.0%       70%/29%/1%    0.703    0.054     0.0%     0.0%   1.1439   0.0094     3.9%
   334     2.7s    0.0159   100.0%   100.0%   100.0%       72%/28%/0%    0.790    0.071     0.0%     0.0%   1.2995   0.0118     6.3%
   335     8.5s    0.0078    90.0%    90.0%    99.5%       81%/19%/0%    2.055    0.042    10.0%     0.0%   1.6056   0.0113     3.0%
   336     4.5s    0.0154   100.0%   100.0%   100.0%       78%/22%/0%    0.925    0.097     0.0%     0.0%   1.5181   0.0002     9.1%
   337     8.2s    0.0070    75.0%    75.0%    96.5%       85%/15%/0%    2.010    0.054    25.0%     0.0%   1.5053   0.0096     5.0%
   338    12.9s    0.0057    55.0%    55.0%    92.0%       89%/10%/1%    2.595    0.070    45.0%     0.0%   1.4359   0.0080     3.6%
   339     2.6s    0.0176   100.0%   100.0%   100.0%       70%/30%/0%    0.729    0.040     0.0%     0.0%   1.2589  -0.0011     3.5%
   340    10.3s    0.0062    55.0%    55.0%    89.6%       84%/16%/0%    1.868    0.086    45.0%     0.0%   1.5808   0.0129     6.5%
  [MA20] reward=0.0121 task_sr=86.8% miss=13.2% time_limit=0.0% v2v=0.4%
  [RWRD] r_prog=0.0527 r_term=0.0093 r_illegal=0.0000
  [PPO ] p_loss=0.0058 v_loss=0.2318 entropy=1.5808 grad=5.4803 active=100.0%
  [SIM ] avg_power(a)=0.4858 rsu_q=0.556 tx=30 no_tx=159 deadlock=0 svc=0.000GHz idle=0.0%

    Ep    Wall    R/step     T_SR     V_SR     S_SR            L/R/V   Lat(s)       En     Miss      Ill      Ent       KL     Clip
--------------------------------------------------------------------------------------------------------------------------------
   341     7.6s    0.0079    85.0%    85.0%    96.9%       82%/18%/0%    1.865    0.076    15.0%     0.0%   1.4693   0.0009     5.0%
   342     7.7s    0.0084    85.0%    85.0%    98.1%       83%/16%/1%    1.776    0.042    15.0%     0.0%   1.3965   0.0075     4.1%
   343     8.4s    0.0090    90.0%    90.0%    99.0%       83%/17%/0%    1.908    0.053    10.0%     0.0%   1.4240   0.0098     3.8%
   344     2.6s    0.0181   100.0%   100.0%   100.0%       71%/28%/2%    0.774    0.076     0.0%     0.0%   1.1626  -0.0009     3.9%
   345     7.4s    0.0093    95.0%    95.0%    99.0%       81%/19%/0%    1.735    0.054     5.0%     0.0%   1.5602  -0.0051     4.4%
   346     8.1s    0.0069    70.0%    70.0%    93.4%       84%/16%/0%    1.905    0.050    30.0%     0.0%   1.5885   0.0088     4.7%
   347     8.8s    0.0083    85.0%    85.0%    97.1%       82%/18%/0%    1.847    0.061    15.0%     0.0%   1.5496   0.0005     4.1%
   348     8.3s    0.0084    90.0%    90.0%    97.8%       80%/20%/0%    1.810    0.074    10.0%     0.0%   1.6129   0.0088     4.5%
   349    15.7s    0.0040    25.0%    25.0%    83.8%       89%/11%/0%    2.850    0.061    75.0%     0.0%   1.6090   0.0081     4.7%
   350     2.5s    0.0180   100.0%   100.0%   100.0%       73%/27%/0%    0.791    0.061     0.0%     0.0%   1.0547  -0.0025     2.1%
  [MA20] reward=0.0111 task_sr=84.7% miss=15.2% time_limit=0.0% v2v=0.4%
  [RWRD] r_prog=0.0326 r_term=0.1474 r_illegal=0.0000
  [PPO ] p_loss=0.0037 v_loss=0.0181 entropy=1.0547 grad=3.8200 active=100.0%
  [SIM ] avg_power(a)=0.4626 rsu_q=0.909 tx=36 no_tx=96 deadlock=0 svc=0.000GHz idle=0.0%
   351     8.7s    0.0078    85.0%    85.0%    97.5%       82%/18%/0%    1.936    0.051    15.0%     0.0%   1.5696   0.0080     5.0%
   352     2.4s    0.0182   100.0%   100.0%   100.0%       69%/31%/1%    0.769    0.072     0.0%     0.0%   1.1574   0.0068     4.5%
   353     8.7s    0.0070    75.0%    75.0%    96.6%       83%/17%/0%    1.979    0.045    25.0%     0.0%   1.5613   0.0174     4.7%
   354     8.4s    0.0085    95.0%    95.0%    98.5%       83%/17%/0%    1.807    0.039     5.0%     0.0%   1.5896   0.0056     5.3%
   355    13.7s    0.0068    80.0%    80.0%    95.9%       85%/15%/0%    2.098    0.070    20.0%     0.0%   1.9353   0.0234     8.0%
   356     2.5s    0.0176   100.0%   100.0%   100.0%       77%/23%/0%    0.701    0.054     0.0%     0.0%   1.2174   0.0122     8.4%
   357     7.4s    0.0084    85.0%    85.0%    97.9%       87%/13%/0%    1.847    0.033    15.0%     0.0%   1.4812   0.0073     8.5%
   358    17.2s    0.0066    55.0%    55.0%    90.5%       90%/10%/0%    2.103    0.105    45.0%     0.0%   1.9580   0.0078    10.0%
   359     6.0s    0.0084    95.0%    95.0%    99.5%        91%/9%/0%    1.467    0.014     5.0%     0.0%   1.5077   0.0231    10.2%
   360     7.9s    0.0082    95.0%    95.0%    99.0%       85%/15%/0%    1.976    0.024     5.0%     0.0%   1.6249   0.0080     7.5%
  [MA20] reward=0.0098 task_sr=84.5% miss=15.5% time_limit=0.0% v2v=0.2%
  [RWRD] r_prog=0.0415 r_term=0.0409 r_illegal=0.0000
  [PPO ] p_loss=-0.0027 v_loss=0.1208 entropy=1.6249 grad=2.9923 active=100.0%
  [SIM ] avg_power(a)=0.5303 rsu_q=0.889 tx=30 no_tx=168 deadlock=0 svc=0.000GHz idle=0.0%

    Ep    Wall    R/step     T_SR     V_SR     S_SR            L/R/V   Lat(s)       En     Miss      Ill      Ent       KL     Clip
--------------------------------------------------------------------------------------------------------------------------------
   361     2.8s    0.0175   100.0%   100.0%   100.0%       78%/21%/1%    0.753    0.055     0.0%     0.0%   1.2128   0.0206     8.5%
   362     2.8s    0.0202   100.0%   100.0%   100.0%       79%/21%/0%    0.707    0.035     0.0%     0.0%   1.1035   0.0348    10.5%
   363    12.6s    0.0069    75.0%    75.0%    93.1%       84%/16%/0%    2.033    0.095    25.0%     0.0%   1.7441   0.0118     7.0%
   364     7.2s    0.0082    80.0%    80.0%    94.4%       82%/18%/0%    1.817    0.064    20.0%     0.0%   1.4070   0.0130     5.5%
   365    21.6s    0.0047    40.0%    40.0%    89.2%       89%/11%/0%    2.987    0.076    60.0%     0.0%   1.9071   0.0151     6.4%
   366    15.9s    0.0042    35.0%    35.0%    88.5%       89%/11%/0%    2.681    0.049    65.0%     0.0%   1.6072   0.0078     5.7%
   367     8.2s    0.0079    75.0%    75.0%    97.4%       83%/17%/0%    1.870    0.040    25.0%     0.0%   1.5827   0.0116     4.9%
   368     6.7s    0.0139   100.0%   100.0%   100.0%       71%/28%/1%    1.046    0.120     0.0%     0.0%   1.9120   0.0107     6.1%
   369    13.5s    0.0068    80.0%    80.0%    95.6%       86%/14%/0%    2.696    0.031    20.0%     0.0%   1.5729   0.0076     6.7%
   370    13.0s    0.0059    70.0%    70.0%    93.2%       80%/20%/0%    2.767    0.065    30.0%     0.0%   1.5690   0.0202     8.0%
  [MA20] reward=0.0097 task_sr=81.0% miss=19.0% time_limit=0.0% v2v=0.1%
  [RWRD] r_prog=0.0438 r_term=0.0150 r_illegal=0.0000
  [PPO ] p_loss=-0.0020 v_loss=0.1594 entropy=1.5690 grad=3.0669 active=100.0%
  [SIM ] avg_power(a)=0.5052 rsu_q=0.829 tx=48 no_tx=195 deadlock=0 svc=0.000GHz idle=0.0%
   371    32.4s    0.0018    10.0%    10.0%    66.0%       75%/25%/0%    3.232    0.161    90.0%     0.0%   2.0579   0.0213    10.1%
   372     9.0s    0.0078    85.0%    85.0%    96.7%       77%/23%/0%    1.854    0.052    15.0%     0.0%   1.5517   0.0110     5.6%
   373     2.4s    0.0219   100.0%   100.0%   100.0%       72%/28%/0%    0.686    0.047     0.0%     0.0%   1.0042   0.0028     5.0%
   374     4.7s    0.0140   100.0%   100.0%   100.0%       66%/34%/0%    0.966    0.105     0.0%     0.0%   1.6604   0.0126     8.0%
   375     7.5s    0.0084    95.0%    95.0%    99.5%       80%/20%/0%    1.817    0.045     5.0%     0.0%   1.4883   0.0199     6.3%
   376     6.2s    0.0143   100.0%   100.0%   100.0%       72%/28%/0%    1.055    0.161     0.0%     0.0%   1.9338   0.0217     7.0%
   377     7.6s    0.0075    85.0%    85.0%    97.4%       80%/20%/0%    1.876    0.050    15.0%     0.0%   1.5011   0.0051     7.3%
   378    10.5s    0.0075    80.0%    80.0%    95.6%       81%/19%/0%    1.846    0.058    20.0%     0.0%   1.7932   0.0180     7.5%
   379     8.5s    0.0085    90.0%    90.0%    99.5%       83%/17%/0%    1.710    0.027    10.0%     0.0%   1.6133   0.0093     5.0%
   380    17.4s    0.0059    55.0%    55.0%    90.3%       81%/19%/1%    1.995    0.084    45.0%     0.0%   2.0417   0.0140     8.1%
  [MA20] reward=0.0097 task_sr=77.8% miss=22.2% time_limit=0.0% v2v=0.1%
  [RWRD] r_prog=0.0524 r_term=0.0070 r_illegal=0.0000
  [PPO ] p_loss=0.0159 v_loss=0.3671 entropy=2.0417 grad=3.7485 active=100.0%
  [SIM ] avg_power(a)=0.4847 rsu_q=0.786 tx=37 no_tx=157 deadlock=0 svc=0.000GHz idle=0.0%

    Ep    Wall    R/step     T_SR     V_SR     S_SR            L/R/V   Lat(s)       En     Miss      Ill      Ent       KL     Clip
--------------------------------------------------------------------------------------------------------------------------------
   381     2.6s    0.0149   100.0%   100.0%   100.0%       75%/25%/0%    0.730    0.030     0.0%     0.0%   1.3774   0.0098     5.0%
   382     6.8s    0.0091    90.0%    90.0%    98.0%       81%/19%/0%    1.620    0.038    10.0%     0.0%   1.5554   0.0114     6.3%
   383    13.8s    0.0048    50.0%    50.0%    93.1%       83%/17%/0%    2.878    0.050    50.0%     0.0%   1.5137   0.0110     6.6%
   384     7.5s    0.0085    90.0%    90.0%    99.0%       79%/21%/1%    1.936    0.048    10.0%     0.0%   1.3880   0.0012     4.5%
   385    13.0s    0.0059    80.0%    80.0%    96.4%       79%/20%/1%    2.700    0.028    20.0%     0.0%   1.6645   0.0101     6.8%
   386    14.0s    0.0061    65.0%    65.0%    91.9%       81%/19%/0%    2.711    0.024    35.0%     0.0%   1.6797   0.0119     6.4%
   387    29.9s    0.0033    25.0%    25.0%    77.2%       79%/21%/0%    2.960    0.128    75.0%     0.0%   1.9815   0.0130     8.4%
   388    10.8s    0.0072    75.0%    75.0%    94.3%       81%/18%/1%    1.710    0.059    25.0%     0.0%   1.7440   0.0076     6.7%
   389     7.4s    0.0119   100.0%   100.0%   100.0%       73%/27%/0%    1.193    0.117     0.0%     0.0%   1.9537  -0.0019     6.2%
   390    20.1s    0.0042    15.0%    15.0%    81.3%       87%/12%/0%    2.842    0.096    85.0%     0.0%   1.8126   0.0119     6.7%
  [MA20] reward=0.0087 task_sr=74.5% miss=25.5% time_limit=0.0% v2v=0.2%
  [RWRD] r_prog=0.0604 r_term=-0.0188 r_illegal=0.0000
  [PPO ] p_loss=0.0162 v_loss=0.2460 entropy=1.8126 grad=4.6726 active=100.0%
  [SIM ] avg_power(a)=0.4960 rsu_q=0.556 tx=29 no_tx=199 deadlock=0 svc=0.000GHz idle=0.0%
   391    14.6s    0.0052    55.0%    55.0%    93.1%       88%/12%/0%    2.887    0.021    45.0%     0.0%   1.6867   0.0097     6.1%
   392     7.4s    0.0071    80.0%    80.0%    97.0%       88%/12%/0%    1.703    0.018    20.0%     0.0%   1.5271   0.0162     8.4%
   393     6.2s    0.0086    95.0%    95.0%    99.0%       90%/10%/0%    1.601    0.006     5.0%     0.0%   1.4881   0.0063     6.1%
   394    15.5s    0.0068    90.0%    90.0%    98.5%       89%/11%/0%    2.714    0.009    10.0%     0.0%   1.7061   0.0071     6.2%
   395     2.9s    0.0193   100.0%   100.0%   100.0%       87%/13%/1%    0.743    0.034     0.0%     0.0%   1.0989   0.0192    12.5%
   396     9.6s    0.0099   100.0%   100.0%   100.0%       90%/10%/0%    1.774    0.027     0.0%     0.0%   1.7103   0.0190     9.1%
   397     2.3s    0.0192   100.0%   100.0%   100.0%       90%/10%/0%    0.651    0.021     0.0%     0.0%   1.2004   0.0203     7.4%
   398     7.6s    0.0066    65.0%    65.0%    95.2%        89%/8%/4%    1.786    0.019    35.0%     0.0%   1.6962   0.0043     9.6%
   399     3.1s    0.0140   100.0%   100.0%   100.0%       87%/12%/1%    0.712    0.028     0.0%     0.0%   1.4968   0.0128     7.0%
   400    12.7s    0.0053    50.0%    50.0%    91.3%       88%/10%/2%    2.547    0.019    50.0%     0.0%   1.5734   0.0124     7.1%
  [MA20] reward=0.0089 task_sr=76.2% miss=23.8% time_limit=0.0% v2v=0.6%
  [RWRD] r_prog=0.0495 r_term=0.0032 r_illegal=0.0000
  [PPO ] p_loss=-0.0015 v_loss=0.1793 entropy=1.5734 grad=2.1224 active=100.0%
  [SIM ] avg_power(a)=0.4633 rsu_q=0.333 tx=29 no_tx=210 deadlock=0 svc=0.000GHz idle=0.0%
  [Checkpoint] saved: ep0400.pth

    Ep    Wall    R/step     T_SR     V_SR     S_SR            L/R/V   Lat(s)       En     Miss      Ill      Ent       KL     Clip
--------------------------------------------------------------------------------------------------------------------------------
   401     6.1s    0.0094   100.0%   100.0%   100.0%       88%/11%/0%    1.705    0.011     0.0%     0.0%   1.4126   0.0082     6.3%
   402     8.3s    0.0076    85.0%    85.0%    93.0%       89%/10%/1%    1.815    0.085    15.0%     0.0%   1.6454   0.0039     6.9%
   403    23.9s    0.0060    55.0%    55.0%    89.1%        92%/8%/0%    2.702    0.049    45.0%     0.0%   2.0428   0.0144     8.7%
   404     6.9s    0.0092   100.0%   100.0%   100.0%        92%/8%/0%    1.698    0.003     0.0%     0.0%   1.4946   0.0090     8.3%
   405     6.9s    0.0093    95.0%    95.0%    98.5%       88%/12%/0%    1.653    0.013     5.0%     0.0%   1.4673   0.0171     8.8%
   406     8.0s    0.0095   100.0%   100.0%   100.0%       87%/13%/0%    1.732    0.023     0.0%     0.0%   1.5895   0.0214     8.6%
   407    15.7s    0.0063    75.0%    75.0%    94.6%       87%/13%/0%    1.889    0.038    25.0%     0.0%   2.0745   0.0121    11.1%
   408     6.8s    0.0099   100.0%   100.0%   100.0%       90%/10%/0%    1.719    0.007     0.0%     0.0%   1.4209   0.0167     7.3%
   409     7.8s    0.0091    85.0%    85.0%    96.4%       87%/13%/0%    1.639    0.027    15.0%     0.0%   1.4792   0.0070     9.0%
   410     9.3s    0.0085    90.0%    90.0%    98.5%       85%/15%/0%    1.760    0.035    10.0%     0.0%   1.5607   0.0042     7.8%
  [MA20] reward=0.0093 task_sr=86.0% miss=14.0% time_limit=0.0% v2v=0.4%
  [RWRD] r_prog=0.0457 r_term=0.0394 r_illegal=0.0000
  [PPO ] p_loss=0.0158 v_loss=0.1042 entropy=1.5607 grad=1.6411 active=100.0%
  [SIM ] avg_power(a)=0.4927 rsu_q=0.444 tx=29 no_tx=166 deadlock=0 svc=0.000GHz idle=0.0%
   411    18.4s    0.0062    70.0%    70.0%    96.5%       85%/15%/0%    2.900    0.034    30.0%     0.0%   1.5848   0.0038     8.2%
   412    14.0s    0.0067    80.0%    80.0%    96.1%        91%/9%/0%    2.593    0.017    20.0%     0.0%   1.6225   0.0217     9.1%
   413     7.3s    0.0101    95.0%    95.0%    98.6%       88%/12%/0%    1.572    0.011     5.0%     0.0%   1.4015   0.0158    10.1%
   414     7.9s    0.0067    80.0%    80.0%    99.0%       89%/11%/0%    1.839    0.007    20.0%     0.0%   1.5806   0.0126    11.1%
   415     2.6s    0.0196   100.0%   100.0%   100.0%       83%/17%/0%    0.709    0.030     0.0%     0.0%   1.0886  -0.0050    10.0%
   416     2.4s    0.0193   100.0%   100.0%   100.0%       89%/11%/0%    0.705    0.027     0.0%     0.0%   1.0802   0.0231    10.7%
   417    13.8s    0.0055    60.0%    60.0%    94.6%       89%/11%/0%    2.677    0.013    40.0%     0.0%   1.6500   0.0358    10.7%
   418    10.6s    0.0090    95.0%    95.0%    98.6%       86%/14%/0%    1.668    0.017     5.0%     0.0%   1.6449   0.0116     7.8%
   419    30.3s    0.0043    35.0%    35.0%    83.1%       73%/27%/0%    3.069    0.115    65.0%     0.0%   2.0441   0.0307    12.1%
   420    11.3s    0.0088    95.0%    95.0%    99.5%       84%/16%/0%    1.930    0.033     5.0%     0.0%   1.7324   0.0149     9.5%
  [MA20] reward=0.0090 task_sr=84.7% miss=15.2% time_limit=0.0% v2v=0.1%
  [RWRD] r_prog=0.0453 r_term=0.0423 r_illegal=0.0000
  [PPO ] p_loss=0.0111 v_loss=0.1596 entropy=1.7324 grad=4.2268 active=100.0%
  [SIM ] avg_power(a)=0.4883 rsu_q=0.556 tx=33 no_tx=169 deadlock=0 svc=0.000GHz idle=0.0%

    Ep    Wall    R/step     T_SR     V_SR     S_SR            L/R/V   Lat(s)       En     Miss      Ill      Ent       KL     Clip
--------------------------------------------------------------------------------------------------------------------------------
   421    14.5s    0.0063    65.0%    65.0%    95.2%       85%/15%/0%    1.929    0.030    35.0%     0.0%   1.9354   0.0247    10.6%
   422    14.7s    0.0070    85.0%    85.0%    96.2%       86%/14%/0%    2.714    0.012    15.0%     0.0%   1.5528   0.0243     9.8%
   423     9.9s    0.0100    95.0%    95.0%    99.5%        92%/8%/0%    1.689    0.007     5.0%     0.0%   1.5108   0.0139     8.2%
   424    24.5s    0.0074    75.0%    75.0%    95.2%       89%/11%/0%    2.795    0.013    25.0%     0.0%   1.8370   0.0199    13.5%
   425     8.4s    0.0090    95.0%    95.0%    99.5%       90%/10%/0%    1.659    0.005     5.0%     0.0%   1.3520   0.0174    11.2%
   426     8.6s    0.0087    80.0%    80.0%    96.1%        95%/5%/0%    1.735    0.001    20.0%     0.0%   1.5191   0.0355    14.0%
   427     2.9s    0.0212   100.0%   100.0%   100.0%        97%/3%/0%    0.636    0.002     0.0%     0.0%   1.0152   0.0672    13.4%
   428     7.4s    0.0072    90.0%    90.0%    99.0%        95%/5%/0%    1.712     !ERR    10.0%     0.0%   1.3475   0.0237    16.0%
   429     2.3s    0.0213   100.0%   100.0%   100.0%        94%/6%/0%    0.687    0.008     0.0%     0.0%   0.8861   0.0252    10.9%
   430     7.0s    0.0083    85.0%    85.0%    98.1%       88%/12%/0%    1.572    0.005    15.0%     0.0%   1.3617   0.0220    15.6%
  [MA20] reward=0.0101 task_sr=84.0% miss=16.0% time_limit=0.0% v2v=0.0%
  [RWRD] r_prog=0.0445 r_term=0.0386 r_illegal=0.0000
  [PPO ] p_loss=0.0017 v_loss=0.1308 entropy=1.3617 grad=2.2616 active=100.0%
  [SIM ] avg_power(a)=0.4994 rsu_q=0.231 tx=24 no_tx=180 deadlock=0 svc=0.000GHz idle=0.0%
   431    12.4s    0.0086    90.0%    90.0%    98.6%       85%/15%/0%    1.758    0.008    10.0%     0.0%   1.8120   0.0437    18.8%
   432     2.8s    0.0175   100.0%   100.0%   100.0%       89%/11%/0%    0.713    0.018     0.0%     0.0%   1.0712   0.0319    15.6%
   433     6.4s    0.0108   100.0%   100.0%   100.0%       83%/17%/0%    1.690    0.025     0.0%     0.0%   1.4154   0.0289    16.1%
   434     3.0s    0.0181   100.0%   100.0%   100.0%       86%/14%/0%    0.760    0.056     0.0%     0.0%   1.1570   0.0270    13.6%
   435    10.4s    0.0074    80.0%    80.0%    97.5%       83%/17%/0%    1.764    0.028    20.0%     0.0%   1.5840   0.0422    18.4%
   436     2.6s    0.0213   100.0%   100.0%   100.0%        90%/9%/1%    0.720    0.015     0.0%     0.0%   0.9379   0.0156    17.4%
   437    24.3s    0.0057    65.0%    65.0%    93.9%       84%/15%/0%    2.483    0.012    35.0%     0.0%   1.9762   0.0313    21.1%
   438     3.8s    0.0238   100.0%   100.0%   100.0%        98%/2%/0%    0.655    0.003     0.0%     0.0%   0.7280   0.0503    13.5%
   439    11.4s    0.0069    80.0%    80.0%    98.1%       82%/18%/0%    2.742    0.013    20.0%     0.0%   1.2204   0.0403    19.3%
   440     2.5s    0.0211   100.0%   100.0%   100.0%       100%/0%/0%    0.640     !ERR     0.0%     0.0%   0.8558   0.0144    12.4%
  [MA20] reward=0.0124 task_sr=89.2% miss=10.8% time_limit=0.0% v2v=0.1%
  [RWRD] r_prog=0.0238 r_term=0.1870 r_illegal=0.0000
  [PPO ] p_loss=0.0052 v_loss=0.0351 entropy=0.8558 grad=6.4224 active=100.0%
  [SIM ] avg_power(a)=0.5081 rsu_q=0.111 tx=0 no_tx=131 deadlock=0 svc=0.000GHz idle=0.0%

    Ep    Wall    R/step     T_SR     V_SR     S_SR            L/R/V   Lat(s)       En     Miss      Ill      Ent       KL     Clip
--------------------------------------------------------------------------------------------------------------------------------
   441    13.0s    0.0067    75.0%    75.0%    96.8%       82%/18%/0%    2.723    0.008    25.0%     0.0%   1.5192   0.0482    19.9%
   442    13.6s    0.0069    85.0%    85.0%    98.5%       86%/14%/0%    1.484    0.009    15.0%     0.0%   2.0450   0.0294    20.4%
   443     7.1s    0.0103   100.0%   100.0%   100.0%       81%/19%/0%    1.745    0.012     0.0%     0.0%   1.3413   0.0215    12.5%
   444    13.6s    0.0062    70.0%    70.0%    94.3%       74%/25%/1%    2.650    0.026    30.0%     0.0%   1.4895   0.0344    15.6%
   445     8.4s    0.0074    85.0%    85.0%    94.9%       62%/38%/0%    1.702    0.041    15.0%     0.0%   1.4824   0.0509    23.3%
   446     6.3s    0.0102   100.0%   100.0%   100.0%       81%/18%/1%    1.705    0.020     0.0%     0.0%   1.3286   0.0325    21.9%
   447     7.7s    0.0091    95.0%    95.0%   100.0%       90%/10%/0%    1.697    0.007     5.0%     0.0%   1.4354   0.0384    23.1%
   448    12.2s    0.0070    90.0%    90.0%    98.4%       77%/23%/0%    2.392    0.021    10.0%     0.0%   1.4358   0.0355    18.2%
   449     7.0s    0.0101   100.0%   100.0%   100.0%       81%/18%/1%    1.706    0.017     0.0%     0.0%   1.4125   0.0410    14.9%
   450     8.8s    0.0093    95.0%    95.0%   100.0%       81%/19%/1%    1.784    0.010     5.0%     0.0%   1.5291   0.0669    19.8%
  [MA20] reward=0.0112 task_sr=90.5% miss=9.5% time_limit=0.0% v2v=0.2%
  [RWRD] r_prog=0.0458 r_term=0.0472 r_illegal=0.0000
  [PPO ] p_loss=0.0064 v_loss=0.0846 entropy=1.5291 grad=1.9861 active=100.0%
  [SIM ] avg_power(a)=0.4931 rsu_q=1.000 tx=38 no_tx=159 deadlock=0 svc=0.000GHz idle=0.0%
   451     7.6s    0.0084    95.0%    95.0%    99.5%       78%/21%/1%    1.674    0.019     5.0%     0.0%   1.4330   0.0520    25.0%
   452    12.1s    0.0077    95.0%    95.0%    99.6%       59%/40%/0%    2.283    0.028     5.0%     0.0%   1.5065   0.0550    24.0%
   453     2.5s    0.0214   100.0%   100.0%   100.0%       89%/10%/1%    0.673    0.017     0.0%     0.0%   0.8729   0.0349    14.9%
   454     8.0s    0.0074    85.0%    85.0%    96.8%       70%/30%/0%    1.721    0.025    15.0%     0.0%   1.5564   0.0533    15.4%
   455     2.4s    0.0196   100.0%   100.0%   100.0%       85%/15%/0%    0.664    0.028     0.0%     0.0%   1.1006   0.0272    11.0%
   456    13.9s    0.0072    95.0%    95.0%    99.3%       74%/26%/0%    2.663    0.022     5.0%     0.0%   1.5727   0.0379    13.8%
   457     2.1s    0.0214   100.0%   100.0%   100.0%       89%/11%/0%    0.669    0.014     0.0%     0.0%   0.8827   0.0160    13.6%
   458    15.7s    0.0064    80.0%    80.0%    95.0%       80%/20%/0%    2.656    0.009    20.0%     0.0%   1.6010   0.0388    16.2%
   459     6.6s    0.0091    90.0%    90.0%    99.0%       85%/15%/1%    1.565    0.008    10.0%     0.0%   1.4153   0.0258    12.5%
   460     2.8s    0.0175   100.0%   100.0%   100.0%       87%/13%/0%    0.743    0.040     0.0%     0.0%   1.0477   0.0468    10.8%
  [MA20] reward=0.0105 task_sr=91.7% miss=8.2% time_limit=0.0% v2v=0.4%
  [RWRD] r_prog=0.0248 r_term=0.1499 r_illegal=0.0000
  [PPO ] p_loss=0.0024 v_loss=0.0212 entropy=1.0477 grad=2.6936 active=100.0%
  [SIM ] avg_power(a)=0.5158 rsu_q=0.455 tx=19 no_tx=124 deadlock=0 svc=0.000GHz idle=0.0%

    Ep    Wall    R/step     T_SR     V_SR     S_SR            L/R/V   Lat(s)       En     Miss      Ill      Ent       KL     Clip
--------------------------------------------------------------------------------------------------------------------------------
   461     3.6s    0.0183   100.0%   100.0%   100.0%       81%/19%/0%    0.806    0.088     0.0%     0.0%   1.3227   0.0135    13.8%
   462     2.3s    0.0195   100.0%   100.0%   100.0%       83%/17%/0%    0.704    0.041     0.0%     0.0%   1.1043   0.0242     8.4%
   463    14.3s    0.0055    65.0%    65.0%    94.4%       66%/33%/0%    2.718    0.049    35.0%     0.0%   1.5331   0.0180    12.0%
   464    11.8s    0.0069    95.0%    95.0%   100.0%       63%/37%/0%    2.772    0.066     5.0%     0.0%   1.3741   0.0119     9.2%
   465    13.4s    0.0064    90.0%    90.0%    99.3%       59%/41%/0%    2.667    0.086    10.0%     0.0%   1.3757   0.0310     8.6%
   466     2.5s    0.0194   100.0%   100.0%   100.0%       75%/25%/0%    0.746    0.059     0.0%     0.0%   1.1555   0.0164    12.2%
   467    13.5s    0.0055    70.0%    70.0%    96.1%       66%/34%/0%    1.786    0.057    30.0%     0.0%   1.9865   0.0229    13.9%
   468     7.2s    0.0085    95.0%    95.0%    99.0%       70%/30%/0%    1.636    0.021     5.0%     0.0%   1.4080   0.0469    10.9%
   469     7.3s    0.0092   100.0%   100.0%   100.0%       71%/29%/0%    1.722    0.023     0.0%     0.0%   1.4362   0.0255     8.8%
   470     7.7s    0.0087    90.0%    90.0%    99.0%       81%/19%/0%    1.795    0.014    10.0%     0.0%   1.5019   0.0125     7.6%
  [MA20] reward=0.0117 task_sr=92.2% miss=7.8% time_limit=0.0% v2v=0.2%
  [RWRD] r_prog=0.0478 r_term=0.0389 r_illegal=0.0000
  [PPO ] p_loss=-0.0020 v_loss=0.1710 entropy=1.5019 grad=1.7287 active=100.0%
  [SIM ] avg_power(a)=0.5107 rsu_q=0.593 tx=38 no_tx=157 deadlock=0 svc=0.000GHz idle=0.0%
   471     2.9s    0.0150   100.0%   100.0%   100.0%       80%/20%/0%    0.760    0.036     0.0%     0.0%   1.3026   0.0250     7.7%
   472     2.7s    0.0175   100.0%   100.0%   100.0%       77%/23%/0%    0.767    0.052     0.0%     0.0%   1.1281   0.0131     5.9%
   473    14.8s    0.0062    65.0%    65.0%    92.6%       77%/23%/0%    1.670    0.064    35.0%     0.0%   1.9618   0.0195    15.2%
   474     8.0s    0.0085    90.0%    90.0%    97.6%       76%/24%/0%    1.845    0.040    10.0%     0.0%   1.4907   0.0154     6.0%
   475    13.4s    0.0076    95.0%    95.0%    99.6%       73%/27%/0%    2.655    0.031     5.0%     0.0%   1.5684   0.0074     9.1%
   476     7.6s    0.0082    95.0%    95.0%    98.5%       73%/27%/0%    1.771    0.047     5.0%     0.0%   1.4441   0.0214     9.1%
   477     2.3s    0.0194   100.0%   100.0%   100.0%       77%/23%/0%    0.696    0.042     0.0%     0.0%   0.9498   0.0110     6.4%
   478     7.1s    0.0099   100.0%   100.0%   100.0%       70%/30%/0%    1.570    0.028     0.0%     0.0%   1.4660   0.0346    10.4%
   479     7.2s    0.0105   100.0%   100.0%   100.0%       64%/36%/0%    1.708    0.064     0.0%     0.0%   1.2418   0.0535    13.5%
   480     7.6s    0.0083    90.0%    90.0%    98.5%       75%/25%/0%    1.697    0.047    10.0%     0.0%   1.4657   0.0203    10.7%
  [MA20] reward=0.0110 task_sr=92.0% miss=8.0% time_limit=0.0% v2v=0.1%
  [RWRD] r_prog=0.0420 r_term=0.0415 r_illegal=0.0000
  [PPO ] p_loss=0.0015 v_loss=0.1546 entropy=1.4657 grad=2.6988 active=100.0%
  [SIM ] avg_power(a)=0.4926 rsu_q=0.577 tx=49 no_tx=148 deadlock=0 svc=0.000GHz idle=0.0%
  → Best model saved: sr=0.918 miss=0.082 tl=0.000 cft=1.626 illegal=0.000

    Ep    Wall    R/step     T_SR     V_SR     S_SR            L/R/V   Lat(s)       En     Miss      Ill      Ent       KL     Clip
--------------------------------------------------------------------------------------------------------------------------------
   481     9.6s    0.0086    95.0%    95.0%    99.0%       77%/23%/0%    1.739    0.038     5.0%     0.0%   1.6466   0.0178     8.9%
   482     3.1s    0.0181   100.0%   100.0%   100.0%       78%/22%/0%    0.797    0.072     0.0%     0.0%   1.0869   0.0153    10.5%
   483     8.7s    0.0078    95.0%    95.0%    99.5%       78%/22%/0%    1.817    0.032     5.0%     0.0%   1.6260   0.0296    10.8%
   484     6.8s    0.0081   100.0%   100.0%   100.0%       83%/16%/1%    1.648    0.014     0.0%     0.0%   1.5581   0.0113     7.9%
   485     3.4s    0.0168   100.0%   100.0%   100.0%       79%/21%/0%    0.847    0.063     0.0%     0.0%   1.1932   0.0121    12.6%
   486    12.5s    0.0059    65.0%    65.0%    93.5%       83%/17%/0%    2.605    0.028    35.0%     0.0%   1.3807   0.0197     8.2%
   487     7.1s    0.0090    90.0%    90.0%    98.5%       85%/15%/0%    1.790    0.026    10.0%     0.0%   1.4174   0.0161     6.6%
   488     2.9s    0.0194   100.0%   100.0%   100.0%       82%/18%/0%    0.714    0.037     0.0%     0.0%   1.0136   0.0264    11.1%
   489    14.8s    0.0058    65.0%    65.0%    95.3%       79%/21%/0%    2.633    0.031    35.0%     0.0%   1.6765   0.0184     9.8%
   490     6.8s    0.0086    90.0%    90.0%    97.5%       82%/18%/0%    1.610    0.024    10.0%     0.0%   1.4689   0.0102     8.0%
  [MA20] reward=0.0110 task_sr=91.7% miss=8.3% time_limit=0.0% v2v=0.1%
  [RWRD] r_prog=0.0408 r_term=0.0450 r_illegal=0.0000
  [PPO ] p_loss=-0.0108 v_loss=0.1117 entropy=1.4689 grad=1.7260 active=100.0%
  [SIM ] avg_power(a)=0.4903 rsu_q=0.520 tx=36 no_tx=162 deadlock=0 svc=0.000GHz idle=0.0%
   491     8.7s    0.0084    85.0%    85.0%    98.0%       81%/19%/0%    1.750    0.046    15.0%     0.0%   1.5905   0.0223    10.8%
   492    13.4s    0.0061    75.0%    75.0%    96.0%       75%/25%/0%    2.706    0.051    25.0%     0.0%   1.5250   0.0119    12.1%
   493     2.4s    0.0194   100.0%   100.0%   100.0%       78%/22%/0%    0.734    0.044     0.0%     0.0%   0.9869   0.0184    11.2%
   494     9.1s    0.0070    85.0%    85.0%    98.0%       82%/18%/0%    1.526    0.022    15.0%     0.0%   1.7137   0.0143     8.5%
   495     2.3s    0.0192   100.0%   100.0%   100.0%       81%/18%/1%    0.688    0.046     0.0%     0.0%   1.1150   0.0424    10.5%
   496    11.3s    0.0073    90.0%    90.0%    95.1%       90%/10%/0%    1.655    0.012    10.0%     0.0%   1.7369   0.0229    11.7%
   497     7.4s    0.0085    85.0%    85.0%    97.5%        95%/5%/0%    1.888     !ERR    15.0%     0.0%   1.5962   0.0090     5.7%
   498     3.6s    0.0213   100.0%   100.0%   100.0%        99%/1%/0%    0.647     !ERR     0.0%     0.0%   1.1016  -0.0054     4.1%
   499     7.5s    0.0088    90.0%    90.0%    99.0%        94%/6%/0%    1.843    0.002    10.0%     0.0%   1.3737   0.0212     7.0%
   500     7.9s    0.0092    95.0%    95.0%    99.5%        94%/6%/0%    1.657    0.002     5.0%     0.0%   1.4538   0.0097     4.9%
  [MA20] reward=0.0112 task_sr=90.2% miss=9.8% time_limit=0.0% v2v=0.1%
  [RWRD] r_prog=0.0436 r_term=0.0489 r_illegal=0.0000
  [PPO ] p_loss=0.0156 v_loss=0.0972 entropy=1.4538 grad=3.7794 active=100.0%
  [SIM ] avg_power(a)=0.5039 rsu_q=0.240 tx=12 no_tx=194 deadlock=0 svc=0.000GHz idle=0.0%
  [Checkpoint] saved: ep0500.pth

    Ep    Wall    R/step     T_SR     V_SR     S_SR            L/R/V   Lat(s)       En     Miss      Ill      Ent       KL     Clip
--------------------------------------------------------------------------------------------------------------------------------
   501     2.3s    0.0211   100.0%   100.0%   100.0%       100%/0%/0%    0.635     !ERR     0.0%     0.0%   0.8857   0.0091     2.2%
   502    13.2s    0.0069    80.0%    80.0%    97.5%        94%/6%/0%    2.633    0.002    20.0%     0.0%   1.3092   0.0078     6.6%
   503     7.0s    0.0091    90.0%    90.0%    97.4%        94%/6%/0%    1.788    0.002    10.0%     0.0%   1.3761   0.0166     8.2%
   504     2.7s    0.0173   100.0%   100.0%   100.0%       100%/0%/0%    0.675     !ERR     0.0%     0.0%   1.0997   0.0039     3.5%
   505     2.5s    0.0211   100.0%   100.0%   100.0%        99%/1%/0%    0.661     !ERR     0.0%     0.0%   0.8589   0.0083     3.7%
   506    12.1s    0.0064    75.0%    75.0%    95.2%        93%/7%/0%    2.644    0.002    25.0%     0.0%   1.5063   0.0110     7.1%
   507     7.1s    0.0089    95.0%    95.0%    99.5%       90%/10%/0%    1.841    0.006     5.0%     0.0%   1.3816   0.0002     5.6%
   508     2.0s    0.0217   100.0%   100.0%   100.0%        97%/3%/0%    0.669    0.004     0.0%     0.0%   0.9015  -0.0025     7.3%
   509     7.2s    0.0086    90.0%    90.0%    99.5%        94%/6%/0%    1.712    0.002    10.0%     0.0%   1.4730   0.0138     7.8%
   510     7.2s    0.0074    85.0%    85.0%    98.0%        95%/5%/0%    1.550    0.001    15.0%     0.0%   1.3839   0.0123     7.5%
  [MA20] reward=0.0122 task_sr=91.0% miss=9.0% time_limit=0.0% v2v=0.0%
  [RWRD] r_prog=0.0376 r_term=0.0361 r_illegal=0.0000
  [PPO ] p_loss=-0.0170 v_loss=0.0888 entropy=1.3839 grad=1.8024 active=100.0%
  [SIM ] avg_power(a)=0.5116 rsu_q=0.069 tx=10 no_tx=192 deadlock=0 svc=0.000GHz idle=0.0%
   511     2.9s    0.0241   100.0%   100.0%   100.0%        99%/1%/0%    0.662     !ERR     0.0%     0.0%   0.7357  -0.0011     1.6%
   512    13.1s    0.0070    75.0%    75.0%    96.0%       88%/12%/0%    2.684    0.005    25.0%     0.0%   1.3714   0.0232     7.6%
   513     7.8s    0.0084    90.0%    90.0%    99.5%        94%/6%/0%    1.679    0.003    10.0%     0.0%   1.4957   0.0246    10.7%
   514     6.6s    0.0101   100.0%   100.0%   100.0%       88%/12%/0%    1.681    0.007     0.0%     0.0%   1.3527   0.0279    12.3%
   515    12.9s    0.0070    85.0%    85.0%    97.6%       72%/28%/0%    2.396    0.034    15.0%     0.0%   1.3787   0.0326    14.8%
   516    12.7s    0.0064    85.0%    85.0%    98.4%       73%/27%/0%    2.717    0.021    15.0%     0.0%   1.6064   0.0150    11.2%
   517     2.1s    0.0213   100.0%   100.0%   100.0%       90%/10%/0%    0.654    0.018     0.0%     0.0%   0.9140   0.0113     9.2%
   518     6.9s    0.0093    90.0%    90.0%    99.5%       89%/11%/0%    1.781    0.004    10.0%     0.0%   1.3747   0.0206    10.9%
   519    12.6s    0.0075    95.0%    95.0%    99.2%       79%/21%/0%    2.537    0.029     5.0%     0.0%   1.3470   0.0018    15.4%
   520    14.0s    0.0062    90.0%    90.0%    98.0%       79%/21%/0%    2.554    0.020    10.0%     0.0%   1.5547   0.0211    14.2%
  [MA20] reward=0.0118 task_sr=91.2% miss=8.8% time_limit=0.0% v2v=0.0%
  [RWRD] r_prog=0.0362 r_term=0.0262 r_illegal=0.0000
  [PPO ] p_loss=0.0222 v_loss=0.1424 entropy=1.5547 grad=2.1335 active=100.0%
  [SIM ] avg_power(a)=0.4947 rsu_q=1.237 tx=51 no_tx=194 deadlock=0 svc=0.000GHz idle=0.0%

    Ep    Wall    R/step     T_SR     V_SR     S_SR            L/R/V   Lat(s)       En     Miss      Ill      Ent       KL     Clip
--------------------------------------------------------------------------------------------------------------------------------
   521     3.9s    0.0196   100.0%   100.0%   100.0%        91%/9%/0%    0.663    0.022     0.0%     0.0%   1.2457   0.0090    12.8%
   522    12.1s    0.0075    95.0%    95.0%    98.8%       73%/27%/0%    2.620    0.038     5.0%     0.0%   1.3865   0.0213    13.2%
   523    12.5s    0.0078    90.0%    90.0%    99.0%       74%/26%/0%    1.669    0.049    10.0%     0.0%   1.7726   0.0256    18.7%
   524     8.2s    0.0080    90.0%    90.0%    98.6%       77%/23%/0%    1.660    0.026    10.0%     0.0%   1.4567   0.0181     8.4%
   525     6.7s    0.0089    95.0%    95.0%    99.0%       83%/17%/0%    1.589    0.013     5.0%     0.0%   1.3700   0.0156     9.0%
   526     7.0s    0.0089    95.0%    95.0%   100.0%       81%/19%/0%    1.723    0.017     5.0%     0.0%   1.4876   0.0211     8.4%
   527     7.4s    0.0102   100.0%   100.0%   100.0%       75%/24%/0%    1.760    0.028     0.0%     0.0%   1.4437   0.0107     8.8%
   528    12.5s    0.0074    95.0%    95.0%    99.2%       72%/28%/0%    2.694    0.038     5.0%     0.0%   1.3723   0.0094     8.8%
   529     7.1s    0.0084   100.0%   100.0%   100.0%       73%/26%/1%    1.771    0.041     0.0%     0.0%   1.4525   0.0166     7.9%
   530     2.5s    0.0197   100.0%   100.0%   100.0%       78%/22%/0%    0.693    0.051     0.0%     0.0%   1.0486   0.0145     9.3%
  [MA20] reward=0.0107 task_sr=93.5% miss=6.5% time_limit=0.0% v2v=0.1%
  [RWRD] r_prog=0.0307 r_term=0.1658 r_illegal=0.0000
  [PPO ] p_loss=0.0160 v_loss=0.0255 entropy=1.0486 grad=2.9138 active=100.0%
  [SIM ] avg_power(a)=0.4916 rsu_q=1.600 tx=27 no_tx=97 deadlock=0 svc=0.000GHz idle=0.0%
   531     7.2s    0.0101    95.0%    95.0%    99.0%       82%/18%/0%    1.746    0.018     5.0%     0.0%   1.3799   0.0066     7.4%
   532     7.2s    0.0095    95.0%    95.0%   100.0%       81%/19%/0%    1.652    0.018     5.0%     0.0%   1.5462   0.0146    10.1%
   533     7.5s    0.0107   100.0%   100.0%   100.0%       72%/28%/0%    1.674    0.051     0.0%     0.0%   1.3141   0.0292    11.6%
   534     6.7s    0.0083    95.0%    95.0%    99.0%       77%/23%/0%    1.745    0.031     5.0%     0.0%   1.4566   0.0165     9.2%
   535    16.4s    0.0049    55.0%    55.0%    86.2%       66%/34%/1%    1.873    0.094    45.0%     0.0%   1.9412   0.0416    11.9%
   536     8.9s    0.0080    85.0%    85.0%    98.4%       77%/23%/1%    1.784    0.042    15.0%     0.0%   1.6951   0.0127     7.7%
   537    11.3s    0.0062    85.0%    85.0%    98.4%       71%/28%/2%    2.558    0.037    15.0%     0.0%   1.5190   0.0130     8.4%
   538     9.3s    0.0081    85.0%    85.0%    96.6%       78%/20%/2%    1.688    0.027    15.0%     0.0%   1.6603   0.0200     8.0%
   539     7.8s    0.0088    90.0%    90.0%    98.5%       81%/17%/1%    1.881    0.016    10.0%     0.0%   1.5856   0.0137     6.4%
   540     5.7s    0.0083    95.0%    95.0%    97.9%       87%/12%/1%    0.748    0.008     5.0%     0.0%   2.2364   0.0147     6.9%
  [MA20] reward=0.0095 task_sr=92.0% miss=8.0% time_limit=0.0% v2v=0.4%
  [RWRD] r_prog=0.0109 r_term=0.0721 r_illegal=0.0000
  [PPO ] p_loss=-0.0050 v_loss=0.0891 entropy=2.2364 grad=2.0662 active=100.0%
  [SIM ] avg_power(a)=0.4960 rsu_q=0.714 tx=18 no_tx=122 deadlock=0 svc=0.000GHz idle=0.0%

    Ep    Wall    R/step     T_SR     V_SR     S_SR            L/R/V   Lat(s)       En     Miss      Ill      Ent       KL     Clip
--------------------------------------------------------------------------------------------------------------------------------
   541    14.7s    0.0054    75.0%    75.0%    96.6%       63%/33%/4%    2.834    0.056    25.0%     0.0%   1.5270   0.0199    10.9%
   542     3.0s    0.0089    95.0%    95.0%    97.6%       76%/22%/2%    0.691    0.022     5.0%     0.0%   1.7082   0.0215     6.3%
   543     7.0s    0.0096    95.0%    95.0%    99.5%       84%/15%/1%    1.754    0.018     5.0%     0.0%   1.5130   0.0116     8.6%
   544     7.6s    0.0074    85.0%    85.0%    99.0%        89%/9%/2%    1.863    0.005    15.0%     0.0%   1.6183   0.0112     6.8%
   545     4.3s    0.0198   100.0%   100.0%   100.0%        91%/9%/0%    0.724    0.054     0.0%     0.0%   1.1960   0.0150     4.7%
   546     7.9s    0.0084    90.0%    90.0%    98.5%        92%/8%/1%    1.769    0.001    10.0%     0.0%   1.6223   0.0161     7.9%
   547     2.3s    0.0216   100.0%   100.0%   100.0%       86%/13%/1%    0.675    0.044     0.0%     0.0%   1.0301   0.0099     7.2%
   548     2.2s    0.0213   100.0%   100.0%   100.0%        92%/7%/1%    0.679    0.015     0.0%     0.0%   0.9880   0.0202     3.8%
   549    11.8s    0.0075    95.0%    95.0%    98.4%       86%/13%/1%    2.652    0.016     5.0%     0.0%   1.4752   0.0077     8.9%
   550     6.4s    0.0101   100.0%   100.0%   100.0%       87%/13%/0%    1.748    0.009     0.0%     0.0%   1.3214   0.0093     6.0%
  [MA20] reward=0.0101 task_sr=90.8% miss=9.3% time_limit=0.0% v2v=0.9%
  [RWRD] r_prog=0.0473 r_term=0.0542 r_illegal=0.0000
  [PPO ] p_loss=-0.0341 v_loss=0.0452 entropy=1.3214 grad=1.6731 active=100.0%
  [SIM ] avg_power(a)=0.4833 rsu_q=0.333 tx=25 no_tx=174 deadlock=0 svc=0.000GHz idle=0.0%
   551     2.8s    0.0174   100.0%   100.0%   100.0%       89%/11%/1%    0.740    0.027     0.0%     0.0%   1.1068   0.0191     7.0%
   552     5.2s    0.0166   100.0%   100.0%   100.0%       84%/15%/1%    0.867    0.097     0.0%     0.0%   1.5976   0.0033     8.0%
   553     2.5s    0.0212   100.0%   100.0%   100.0%       88%/12%/1%    0.676    0.026     0.0%     0.0%   1.0450   0.0167     6.3%
   554     7.4s    0.0094   100.0%   100.0%   100.0%       85%/15%/0%    1.720    0.018     0.0%     0.0%   1.4636   0.0144     7.0%
   555     6.2s    0.0082    90.0%    90.0%    95.3%       80%/20%/1%    0.849    0.035    10.0%     0.0%   2.2092   0.0081     7.0%
   556    10.5s    0.0083    90.0%    90.0%    98.6%       83%/17%/0%    1.663    0.030    10.0%     0.0%   1.6547   0.0234     9.8%
   557     7.6s    0.0101   100.0%   100.0%   100.0%       82%/16%/2%    1.912    0.016     0.0%     0.0%   1.4985   0.0077     7.5%
   558     7.3s    0.0091    95.0%    95.0%    99.0%       88%/12%/1%    1.854    0.008     5.0%     0.0%   1.4681   0.0117     9.5%
   559     3.1s    0.0166   100.0%   100.0%   100.0%       79%/20%/1%    0.801    0.051     0.0%     0.0%   1.2935   0.0232    10.6%
   560     5.2s    0.0172   100.0%   100.0%   100.0%       85%/15%/0%    0.861    0.073     0.0%     0.0%   1.4419   0.0106    12.0%
  [MA20] reward=0.0127 task_sr=95.5% miss=4.5% time_limit=0.0% v2v=0.9%
  [RWRD] r_prog=0.0400 r_term=0.1323 r_illegal=0.0000
  [PPO ] p_loss=0.0066 v_loss=0.0257 entropy=1.4419 grad=1.0242 active=100.0%
  [SIM ] avg_power(a)=0.4920 rsu_q=0.750 tx=22 no_tx=121 deadlock=0 svc=0.000GHz idle=0.0%
  → Best model saved: sr=0.932 miss=0.068 tl=0.000 cft=1.617 illegal=0.000

    Ep    Wall    R/step     T_SR     V_SR     S_SR            L/R/V   Lat(s)       En     Miss      Ill      Ent       KL     Clip
--------------------------------------------------------------------------------------------------------------------------------
   561     7.9s    0.0086    90.0%    90.0%    98.0%       87%/13%/0%    1.796    0.009    10.0%     0.0%   1.5091   0.0032     8.4%
   562     2.5s    0.0196   100.0%   100.0%   100.0%       86%/14%/0%    0.714    0.039     0.0%     0.0%   0.9845   0.0203     8.7%
   563     6.4s    0.0085    90.0%    90.0%    99.5%        91%/9%/0%    1.693    0.010    10.0%     0.0%   1.3390   0.0053     8.4%
   564     7.9s    0.0088    90.0%    90.0%    98.0%       86%/14%/0%    1.869    0.029    10.0%     0.0%   1.4643   0.0107     7.5%
   565     2.8s    0.0173   100.0%   100.0%   100.0%       88%/12%/0%    0.722    0.027     0.0%     0.0%   1.1562   0.0012     5.1%
   566    13.4s    0.0060    80.0%    80.0%    97.7%       76%/22%/1%    2.699    0.039    20.0%     0.0%   1.4902   0.0214     7.2%
   567     6.8s    0.0088    95.0%    95.0%    99.5%       89%/11%/0%    1.857    0.009     5.0%     0.0%   1.3652   0.0078     8.8%
   568     7.2s    0.0088    95.0%    95.0%    98.5%       80%/20%/0%    1.964    0.031     5.0%     0.0%   1.4776   0.0148     7.6%
   569     7.8s    0.0088    95.0%    95.0%    99.5%       81%/18%/1%    1.813    0.040     5.0%     0.0%   1.4009   0.0199     9.0%
   570     6.5s    0.0099   100.0%   100.0%   100.0%       84%/15%/1%    1.695    0.026     0.0%     0.0%   1.4694   0.0185    10.8%
  [MA20] reward=0.0120 task_sr=95.5% miss=4.5% time_limit=0.0% v2v=0.5%
  [RWRD] r_prog=0.0436 r_term=0.0551 r_illegal=0.0000
  [PPO ] p_loss=0.0237 v_loss=0.0379 entropy=1.4694 grad=3.3205 active=100.0%
  [SIM ] avg_power(a)=0.4916 rsu_q=0.667 tx=31 no_tx=165 deadlock=0 svc=0.000GHz idle=0.0%
  → Best model saved: sr=0.937 miss=0.063 tl=0.000 cft=1.567 illegal=0.000
   571     2.3s    0.0216   100.0%   100.0%   100.0%       87%/12%/1%    0.666    0.041     0.0%     0.0%   0.9359  -0.0037     9.3%
   572     7.8s    0.0087    85.0%    85.0%    96.4%       81%/19%/1%    1.685    0.027    15.0%     0.0%   1.4985   0.0158    11.0%
   573    11.8s    0.0062    90.0%    90.0%    99.2%       70%/28%/2%    2.526    0.041    10.0%     0.0%   1.4616   0.0276    10.6%
   574    11.5s    0.0072   100.0%   100.0%   100.0%       69%/31%/0%    2.612    0.035     0.0%     0.0%   1.3456   0.0178    11.3%
   575     7.7s    0.0090    95.0%    95.0%    99.5%       79%/21%/0%    1.862    0.034     5.0%     0.0%   1.5066   0.0192    10.8%
   576     7.1s    0.0096    90.0%    90.0%    97.4%       82%/18%/0%    1.879    0.023    10.0%     0.0%   1.4211   0.0178     8.0%
   577     2.6s    0.0181   100.0%   100.0%   100.0%       84%/16%/0%    0.765    0.050     0.0%     0.0%   1.0204   0.0198     6.6%
   578     2.4s    0.0195   100.0%   100.0%   100.0%       87%/13%/0%    0.705    0.029     0.0%     0.0%   1.0055   0.0097     8.2%
   579    13.4s    0.0071    85.0%    85.0%    97.2%       70%/30%/0%    2.697    0.031    15.0%     0.0%   1.5807   0.0214     9.3%
   580     7.9s    0.0080    90.0%    90.0%    98.6%       83%/16%/1%    1.821    0.028    10.0%     0.0%   1.4725   0.0181    11.5%
  [MA20] reward=0.0110 task_sr=93.5% miss=6.5% time_limit=0.0% v2v=0.4%
  [RWRD] r_prog=0.0418 r_term=0.0379 r_illegal=0.0000
  [PPO ] p_loss=-0.0031 v_loss=0.0749 entropy=1.4725 grad=1.0704 active=100.0%
  [SIM ] avg_power(a)=0.5014 rsu_q=0.571 tx=35 no_tx=172 deadlock=0 svc=0.000GHz idle=0.0%

    Ep    Wall    R/step     T_SR     V_SR     S_SR            L/R/V   Lat(s)       En     Miss      Ill      Ent       KL     Clip
--------------------------------------------------------------------------------------------------------------------------------
   581     9.8s    0.0097    95.0%    95.0%    98.5%       77%/23%/0%    1.969    0.029     5.0%     0.0%   1.4404   0.0088     9.4%
   582     7.8s    0.0083    85.0%    85.0%    98.0%       85%/15%/0%    1.586    0.014    15.0%     0.0%   1.5699   0.0176     9.8%
   583     3.7s    0.0164   100.0%   100.0%   100.0%       87%/13%/0%    0.791    0.046     0.0%     0.0%   1.3799   0.0219     8.7%
   584     9.0s    0.0076    85.0%    85.0%    97.4%       74%/26%/0%    1.713    0.032    15.0%     0.0%   1.6957   0.0240     9.5%
   585     2.9s    0.0179   100.0%   100.0%   100.0%       86%/14%/0%    0.782    0.039     0.0%     0.0%   1.1358   0.0096     8.0%
   586     2.2s    0.0192   100.0%   100.0%   100.0%       86%/13%/1%    0.689    0.041     0.0%     0.0%   1.1904   0.0164     8.8%
   587     3.5s    0.0086    95.0%    95.0%    97.7%       83%/17%/0%    0.834    0.032     5.0%     0.0%   1.5561   0.0225     8.6%
   588    16.5s    0.0054    75.0%    75.0%    94.9%       58%/42%/0%    2.587    0.058    25.0%     0.0%   1.6007   0.0222    10.2%
   589     2.3s    0.0213   100.0%   100.0%   100.0%       86%/14%/0%    0.664    0.032     0.0%     0.0%   0.9983   0.0160     7.7%
   590     7.1s    0.0098   100.0%   100.0%   100.0%       83%/17%/0%    1.670    0.020     0.0%     0.0%   1.5204   0.0201     8.7%
  [MA20] reward=0.0120 task_sr=93.5% miss=6.5% time_limit=0.0% v2v=0.3%
  [RWRD] r_prog=0.0450 r_term=0.0532 r_illegal=0.0000
  [PPO ] p_loss=0.0205 v_loss=0.0497 entropy=1.5204 grad=1.8239 active=100.0%
  [SIM ] avg_power(a)=0.5007 rsu_q=0.520 tx=34 no_tx=168 deadlock=0 svc=0.000GHz idle=0.0%
  → Best model saved: sr=0.943 miss=0.057 tl=0.000 cft=1.493 illegal=0.000
   591    21.8s    0.0050    70.0%    70.0%    95.8%       72%/28%/0%    2.737    0.045    30.0%     0.0%   1.8658   0.0105     9.6%
   592     2.4s    0.0193   100.0%   100.0%   100.0%       86%/14%/0%    0.730    0.031     0.0%     0.0%   1.0509   0.0116     8.0%
   593    15.1s    0.0060    70.0%    70.0%    96.6%       74%/26%/0%    2.639    0.029    30.0%     0.0%   1.6226   0.0252     8.4%
   594    15.1s    0.0062    95.0%    95.0%    98.5%       68%/30%/2%    2.541    0.082     5.0%     0.0%   1.6292   0.0118     7.9%
   595     7.0s    0.0108   100.0%   100.0%   100.0%       83%/17%/0%    1.775    0.018     0.0%     0.0%   1.3806   0.0094     7.7%
   596     7.5s    0.0102    95.0%    95.0%    99.5%       87%/13%/0%    1.718    0.010     5.0%     0.0%   1.4575   0.0064     8.3%
   597     7.0s    0.0087    90.0%    90.0%    98.5%       87%/13%/0%    1.679    0.005    10.0%     0.0%   1.5353   0.0107     7.7%
   598     7.0s    0.0089    95.0%    95.0%    99.5%       82%/18%/0%    1.726    0.021     5.0%     0.0%   1.4390   0.0162     9.1%
   599     6.4s    0.0099   100.0%   100.0%   100.0%       83%/17%/0%    1.741    0.014     0.0%     0.0%   1.3040   0.0065     6.7%
   600     2.4s    0.0190   100.0%   100.0%   100.0%        92%/8%/0%    0.704    0.006     0.0%     0.0%   1.0490   0.0202     8.0%
  [MA20] reward=0.0114 task_sr=92.5% miss=7.5% time_limit=0.0% v2v=0.2%
  [RWRD] r_prog=0.0247 r_term=0.1657 r_illegal=0.0000
  [PPO ] p_loss=-0.0039 v_loss=0.0207 entropy=1.0490 grad=3.3776 active=100.0%
  [SIM ] avg_power(a)=0.5024 rsu_q=0.400 tx=11 no_tx=127 deadlock=0 svc=0.000GHz idle=0.0%
  [Checkpoint] saved: ep0600.pth

    Ep    Wall    R/step     T_SR     V_SR     S_SR            L/R/V   Lat(s)       En     Miss      Ill      Ent       KL     Clip
--------------------------------------------------------------------------------------------------------------------------------
   601     7.8s    0.0094   100.0%   100.0%   100.0%       82%/17%/0%    1.761    0.014     0.0%     0.0%   1.5219   0.0105     7.1%
   602     7.3s    0.0090   100.0%   100.0%   100.0%       85%/14%/0%    1.742    0.016     0.0%     0.0%   1.4612   0.0171     9.6%
   603     7.5s    0.0083    85.0%    85.0%    97.5%       81%/18%/2%    1.637    0.013    15.0%     0.0%   1.5066   0.0174     5.8%
   604    13.6s    0.0062    75.0%    75.0%    95.3%       70%/30%/0%    2.556    0.029    25.0%     0.0%   1.5377   0.0135     6.1%
   605    13.8s    0.0057    75.0%    75.0%    96.9%       74%/26%/0%    2.688    0.054    25.0%     0.0%   1.4875   0.0161     7.1%
   606     6.4s    0.0094   100.0%   100.0%   100.0%       89%/10%/1%    1.643    0.008     0.0%     0.0%   1.4574   0.0136     8.2%
   607     6.7s    0.0088    90.0%    90.0%    99.5%       87%/13%/0%    1.751    0.014    10.0%     0.0%   1.4779   0.0095     7.5%
   608     4.9s    0.0156   100.0%   100.0%   100.0%       84%/16%/0%    0.860    0.071     0.0%     0.0%   1.4901   0.0110     9.0%
   609    11.8s    0.0072    85.0%    85.0%    99.2%       79%/20%/0%    2.564    0.023    15.0%     0.0%   1.4215   0.0275     9.6%
   610     6.8s    0.0097    95.0%    95.0%    99.0%       81%/17%/2%    1.645    0.019     5.0%     0.0%   1.5050   0.0015     7.9%
  [MA20] reward=0.0097 task_sr=91.0% miss=9.0% time_limit=0.0% v2v=0.4%
  [RWRD] r_prog=0.0441 r_term=0.0534 r_illegal=0.0000
  [PPO ] p_loss=0.0100 v_loss=0.0648 entropy=1.5050 grad=1.1976 active=100.0%
  [SIM ] avg_power(a)=0.4873 rsu_q=0.522 tx=37 no_tx=158 deadlock=0 svc=0.000GHz idle=0.0%
   611    11.1s    0.0094    90.0%    90.0%    98.0%       83%/17%/0%    1.770    0.042    10.0%     0.0%   1.5601   0.0256     7.4%
   612     7.6s    0.0090    95.0%    95.0%    99.5%       77%/23%/0%    1.705    0.016     5.0%     0.0%   1.5173   0.0140     5.7%
   613     7.1s    0.0092    95.0%    95.0%    99.5%       81%/19%/0%    1.621    0.009     5.0%     0.0%   1.4001   0.0096     6.6%
   614     4.3s    0.0164   100.0%   100.0%   100.0%       84%/16%/0%    0.764    0.055     0.0%     0.0%   1.3303   0.0219     9.0%
   615     6.2s    0.0089    90.0%    90.0%    98.9%       76%/24%/1%    1.639    0.031    10.0%     0.0%   1.3908   0.0121     6.8%
   616    13.5s    0.0063    75.0%    75.0%    94.8%       75%/25%/0%    1.812    0.024    25.0%     0.0%   1.9437   0.0067     7.7%
   617    15.1s    0.0068    75.0%    75.0%    97.0%       78%/22%/0%    1.640    0.051    25.0%     0.0%   2.0108   0.0129     7.6%
   618     7.3s    0.0072    95.0%    95.0%    99.5%       77%/23%/1%    1.696    0.023     5.0%     0.0%   1.5252   0.0151     6.0%
   619     7.4s    0.0098    90.0%    90.0%    98.6%       80%/19%/1%    1.789    0.020    10.0%     0.0%   1.4603   0.0167     6.5%
   620     7.1s    0.0095   100.0%   100.0%   100.0%       76%/23%/1%    1.712    0.024     0.0%     0.0%   1.4691   0.0077     6.6%
  [MA20] reward=0.0091 task_sr=90.5% miss=9.5% time_limit=0.0% v2v=0.4%
  [RWRD] r_prog=0.0406 r_term=0.0549 r_illegal=0.0000
  [PPO ] p_loss=0.0356 v_loss=0.0437 entropy=1.4691 grad=3.7052 active=100.0%
  [SIM ] avg_power(a)=0.4876 rsu_q=0.833 tx=47 no_tx=151 deadlock=0 svc=0.000GHz idle=0.0%

    Ep    Wall    R/step     T_SR     V_SR     S_SR            L/R/V   Lat(s)       En     Miss      Ill      Ent       KL     Clip
--------------------------------------------------------------------------------------------------------------------------------
   621     2.2s    0.0195   100.0%   100.0%   100.0%       86%/14%/0%    0.710    0.033     0.0%     0.0%   0.9506   0.0156     7.4%
   622     7.2s    0.0082    95.0%    95.0%    99.5%       84%/16%/0%    1.647    0.017     5.0%     0.0%   1.4473   0.0105     8.5%
   623     6.5s    0.0084    90.0%    90.0%    98.4%       85%/15%/0%    1.650    0.014    10.0%     0.0%   1.4631   0.0182     8.1%
   624    10.2s    0.0082    90.0%    90.0%    98.5%       90%/10%/1%    1.886    0.006    10.0%     0.0%   1.7154   0.0153     7.8%
   625     7.8s    0.0098   100.0%   100.0%   100.0%       87%/13%/0%    1.812    0.007     0.0%     0.0%   1.5508   0.0077     6.2%
   626     7.0s    0.0096    90.0%    90.0%    97.5%       88%/12%/0%    1.665    0.006    10.0%     0.0%   1.3225   0.0215     5.1%
   627     7.2s    0.0090    85.0%    85.0%    97.6%       86%/14%/0%    1.654    0.012    15.0%     0.0%   1.4444   0.0126     6.6%
   628    13.7s    0.0083    85.0%    85.0%    96.5%       79%/21%/0%    1.796    0.043    15.0%     0.0%   1.7248   0.0106     9.2%
   629     2.2s    0.0195   100.0%   100.0%   100.0%       85%/15%/0%    0.685    0.026     0.0%     0.0%   0.9123   0.0196     9.3%
   630     7.2s    0.0095   100.0%   100.0%   100.0%       87%/13%/0%    1.672    0.007     0.0%     0.0%   1.4304   0.0124     5.8%
  [MA20] reward=0.0101 task_sr=92.0% miss=8.0% time_limit=0.0% v2v=0.2%
  [RWRD] r_prog=0.0398 r_term=0.0552 r_illegal=0.0000
  [PPO ] p_loss=-0.0091 v_loss=0.0711 entropy=1.4304 grad=2.7091 active=100.0%
  [SIM ] avg_power(a)=0.4918 rsu_q=0.583 tx=27 no_tx=179 deadlock=0 svc=0.000GHz idle=0.0%
   631    21.0s    0.0076    90.0%    90.0%    99.6%       82%/17%/0%    2.727    0.027    10.0%     0.0%   1.7165   0.0182     7.7%
   632     2.5s    0.0192   100.0%   100.0%   100.0%        94%/6%/0%    0.684    0.004     0.0%     0.0%   1.0601   0.0190     6.3%
   633     8.0s    0.0103   100.0%   100.0%   100.0%       89%/11%/0%    1.716    0.005     0.0%     0.0%   1.3716   0.0089     6.2%
   634    10.8s    0.0093   100.0%   100.0%   100.0%       89%/11%/0%    1.734    0.007     0.0%     0.0%   1.6311   0.0215     8.6%
   635    17.6s    0.0060    70.0%    70.0%    94.0%       82%/18%/0%    2.675    0.030    30.0%     0.0%   1.5716   0.0235     9.9%
   636     6.3s    0.0099    95.0%    95.0%    99.5%       83%/17%/0%    1.755    0.018     5.0%     0.0%   1.2211   0.0123     8.4%
   637     8.8s    0.0094   100.0%   100.0%   100.0%       84%/16%/0%    1.626    0.016     0.0%     0.0%   1.6212   0.0204     9.6%
   638    14.8s    0.0061    70.0%    70.0%    95.7%       69%/31%/0%    2.730    0.060    30.0%     0.0%   1.3419   0.0097     8.2%
   639     7.5s    0.0090    90.0%    90.0%    99.0%       80%/20%/0%    1.800    0.017    10.0%     0.0%   1.4910   0.0125     7.4%
   640     2.8s    0.0194   100.0%   100.0%   100.0%       84%/16%/0%    0.707    0.026     0.0%     0.0%   1.0289   0.0132    12.5%
  [MA20] reward=0.0108 task_sr=92.5% miss=7.5% time_limit=0.0% v2v=0.0%
  [RWRD] r_prog=0.0295 r_term=0.1648 r_illegal=0.0000
  [PPO ] p_loss=0.0148 v_loss=0.0151 entropy=1.0289 grad=1.9924 active=100.0%
  [SIM ] avg_power(a)=0.4704 rsu_q=1.300 tx=22 no_tx=112 deadlock=0 svc=0.000GHz idle=0.0%

    Ep    Wall    R/step     T_SR     V_SR     S_SR            L/R/V   Lat(s)       En     Miss      Ill      Ent       KL     Clip
--------------------------------------------------------------------------------------------------------------------------------
   641     7.7s    0.0076    90.0%    90.0%    99.5%       83%/17%/0%    1.680    0.021    10.0%     0.0%   1.4912   0.0048     8.6%
   642     2.2s    0.0216   100.0%   100.0%   100.0%       76%/24%/0%    0.686    0.041     0.0%     0.0%   0.8662   0.0160     7.1%
   643     6.9s    0.0101    95.0%    95.0%    98.5%       76%/24%/0%    1.770    0.035     5.0%     0.0%   1.3543   0.0143     5.6%
   644     9.9s    0.0078    90.0%    90.0%    99.5%       75%/25%/0%    1.753    0.026    10.0%     0.0%   1.6037   0.0132     7.1%
   645     7.3s    0.0087    85.0%    85.0%    98.5%       78%/22%/0%    1.947    0.044    15.0%     0.0%   1.1927   0.0130     7.0%
   646     2.4s    0.0176   100.0%   100.0%   100.0%       74%/26%/0%    0.762    0.059     0.0%     0.0%   0.9181   0.0182     7.5%
   647     6.7s    0.0080    85.0%    85.0%    98.9%       81%/19%/0%    1.745    0.027    15.0%     0.0%   1.3602   0.0134     6.7%
   648     7.3s    0.0095    90.0%    90.0%    99.0%       84%/16%/0%    1.699    0.009    10.0%     0.0%   1.4687   0.0114     5.6%
   649    10.7s    0.0088    90.0%    90.0%    98.0%       87%/13%/0%    1.503    0.017    10.0%     0.0%   1.7522   0.0154     6.0%
   650     4.3s    0.0162   100.0%   100.0%   100.0%       80%/19%/1%    0.762    0.067     0.0%     0.0%   1.2704   0.0068    11.8%
  [MA20] reward=0.0111 task_sr=92.0% miss=8.0% time_limit=0.0% v2v=0.1%
  [RWRD] r_prog=0.0266 r_term=0.1355 r_illegal=0.0000
  [PPO ] p_loss=-0.0036 v_loss=0.0130 entropy=1.2704 grad=1.8089 active=100.0%
  [SIM ] avg_power(a)=0.4617 rsu_q=0.667 tx=26 no_tx=104 deadlock=0 svc=0.000GHz idle=0.0%
   651     2.4s    0.0194   100.0%   100.0%   100.0%       72%/28%/0%    0.683    0.043     0.0%     0.0%   0.9765   0.0218     6.1%
   652    22.9s    0.0041    45.0%    45.0%    89.8%       65%/35%/0%    2.624    0.077    55.0%     0.0%   1.4425   0.0222    10.6%
   653    13.7s    0.0054    70.0%    70.0%    95.6%       57%/43%/0%    2.704    0.061    30.0%     0.0%   1.4130   0.0176     7.8%
   654     8.9s    0.0084    90.0%    90.0%    98.5%       76%/24%/0%    1.787    0.033    10.0%     0.0%   1.5021   0.0087     8.2%
   655     7.9s    0.0093   100.0%   100.0%   100.0%       71%/29%/0%    1.788    0.051     0.0%     0.0%   1.2906   0.0106     6.7%
   656     3.5s    0.0170   100.0%   100.0%   100.0%       71%/29%/0%    0.892    0.096     0.0%     0.0%   0.8904   0.0208     8.1%
   657     2.6s    0.0194   100.0%   100.0%   100.0%       70%/30%/0%    0.782    0.080     0.0%     0.0%   0.7568   0.0197     5.9%
   658     2.7s    0.0197   100.0%   100.0%   100.0%       70%/30%/0%    0.732    0.037     0.0%     0.0%   0.9647   0.0201     5.6%
   659     4.4s    0.0167   100.0%   100.0%   100.0%       71%/29%/0%    0.973    0.089     0.0%     0.0%   1.0594   0.0187     7.7%
   660     3.3s    0.0165   100.0%   100.0%   100.0%       71%/29%/0%    0.809    0.071     0.0%     0.0%   1.0955   0.0059     6.2%
  [MA20] reward=0.0126 task_sr=91.5% miss=8.5% time_limit=0.0% v2v=0.1%
  [RWRD] r_prog=0.0314 r_term=0.1333 r_illegal=0.0000
  [PPO ] p_loss=-0.0038 v_loss=0.0105 entropy=1.0955 grad=0.6697 active=100.0%
  [SIM ] avg_power(a)=0.4940 rsu_q=0.750 tx=38 no_tx=93 deadlock=0 svc=0.000GHz idle=0.0%

    Ep    Wall    R/step     T_SR     V_SR     S_SR            L/R/V   Lat(s)       En     Miss      Ill      Ent       KL     Clip
--------------------------------------------------------------------------------------------------------------------------------
   661     2.6s    0.0195   100.0%   100.0%   100.0%       69%/31%/0%    0.772    0.060     0.0%     0.0%   0.8980   0.0283     8.5%
   662    13.9s    0.0066    75.0%    75.0%    96.4%       65%/35%/1%    2.720    0.079    25.0%     0.0%   1.2709   0.0214    10.4%
   663    14.2s    0.0050    50.0%    50.0%    89.9%       70%/29%/1%    1.958    0.104    50.0%     0.0%   1.4812   0.0294    11.5%
   664    15.4s    0.0056    45.0%    45.0%    87.0%       74%/26%/1%    2.137    0.113    55.0%     0.0%   1.5615   0.0214    11.9%
   665    12.5s    0.0079    80.0%    80.0%    96.6%       74%/26%/1%    2.105    0.076    20.0%     0.0%   1.7425   0.0289    11.6%
   666     2.4s    0.0203   100.0%   100.0%   100.0%       70%/30%/1%    0.718    0.063     0.0%     0.0%   1.0654   0.0145     6.4%
   667     6.6s    0.0133   100.0%   100.0%   100.0%       74%/25%/1%    0.985    0.095     0.0%     0.0%   1.6772   0.0181    11.2%
   668     9.8s    0.0079    80.0%    80.0%    97.4%       79%/21%/1%    1.910    0.075    20.0%     0.0%   1.5520   0.0264    11.3%
   669    29.9s    0.0035    45.0%    45.0%    77.1%       76%/22%/2%    2.995    0.266    55.0%     0.0%   2.1139   0.0123     9.9%
   670    10.9s    0.0083    80.0%    80.0%    97.1%       79%/19%/1%    2.071    0.053    20.0%     0.0%   1.4802   0.0170     9.4%
  [MA20] reward=0.0117 task_sr=83.0% miss=17.0% time_limit=0.0% v2v=0.5%
  [RWRD] r_prog=0.0543 r_term=0.0287 r_illegal=0.0000
  [PPO ] p_loss=0.0080 v_loss=0.1733 entropy=1.4802 grad=1.9261 active=100.0%
  [SIM ] avg_power(a)=0.4856 rsu_q=1.000 tx=42 no_tx=161 deadlock=0 svc=0.000GHz idle=0.0%
   671     7.2s    0.0084    95.0%    95.0%    98.9%       78%/22%/1%    1.883    0.038     5.0%     0.0%   1.5569   0.0070     6.7%
   672    12.8s    0.0065    70.0%    70.0%    92.9%       85%/15%/0%    2.425    0.036    30.0%     0.0%   1.6498   0.0064     6.4%
   673     9.6s    0.0095    90.0%    90.0%    98.0%       82%/18%/0%    1.991    0.050    10.0%     0.0%   1.5822   0.0075     7.0%
   674     7.4s    0.0085    85.0%    85.0%    98.5%       82%/17%/1%    1.743    0.037    15.0%     0.0%   1.4810   0.0179     5.2%
   675     7.7s    0.0066    70.0%    70.0%    96.9%       81%/17%/2%    1.858    0.050    30.0%     0.0%   1.4581   0.0179     8.4%
   676     7.3s    0.0070    85.0%    85.0%    95.0%       79%/20%/1%    1.536    0.035    10.0%     0.0%   1.5689   0.0215     8.6%
   677     2.7s    0.0191   100.0%   100.0%   100.0%       69%/31%/0%    0.719    0.049     0.0%     0.0%   1.0926   0.0008     5.2%
   678     7.5s    0.0090    90.0%    90.0%    97.0%       79%/20%/2%    1.842    0.041    10.0%     0.0%   1.3889   0.0260     7.7%
   679     8.2s    0.0079    85.0%    85.0%    98.4%       80%/19%/1%    1.774    0.034    15.0%     0.0%   1.4765   0.0104     7.3%
   680     3.1s    0.0184   100.0%   100.0%   100.0%       70%/30%/0%    0.832    0.100     0.0%     0.0%   1.1933   0.0044     8.5%
  [MA20] reward=0.0099 task_sr=81.2% miss=18.5% time_limit=0.0% v2v=0.8%
  [RWRD] r_prog=0.0399 r_term=0.1441 r_illegal=0.0000
  [PPO ] p_loss=-0.0014 v_loss=0.0219 entropy=1.1933 grad=3.5312 active=100.0%
  [SIM ] avg_power(a)=0.4675 rsu_q=1.545 tx=35 no_tx=83 deadlock=0 svc=0.000GHz idle=0.0%

    Ep    Wall    R/step     T_SR     V_SR     S_SR            L/R/V   Lat(s)       En     Miss      Ill      Ent       KL     Clip
--------------------------------------------------------------------------------------------------------------------------------
   681     2.6s    0.0196   100.0%   100.0%   100.0%       71%/29%/0%    0.765    0.069     0.0%     0.0%   1.0492   0.0190     6.8%
   682     3.4s    0.0177   100.0%   100.0%   100.0%       71%/29%/0%    0.807    0.072     0.0%     0.0%   1.1546 -5.42e-06     5.5%
   683    33.4s    0.0030    20.0%    20.0%    70.0%       70%/30%/0%    3.014    0.166    80.0%     0.0%   1.9481   0.0168    13.0%
   684    17.3s    0.0051    40.0%    40.0%    82.6%       76%/23%/1%    2.148    0.113    60.0%     0.0%   1.9614   0.0057     8.6%
   685     8.4s    0.0073    70.0%    70.0%    96.4%       80%/20%/0%    1.904    0.050    30.0%     0.0%   1.4720   0.0157     8.3%
   686     2.6s    0.0201   100.0%   100.0%   100.0%       74%/26%/0%    0.783    0.059     0.0%     0.0%   0.9448   0.0159     9.4%
   687     3.2s    0.0122   100.0%   100.0%   100.0%       70%/29%/1%    0.767    0.032     0.0%     0.0%   1.5013   0.0166     9.0%
   688     2.5s    0.0195   100.0%   100.0%   100.0%       72%/28%/0%    0.725    0.052     0.0%     0.0%   1.0260   0.0079     6.7%
   689     9.1s    0.0073    75.0%    75.0%    97.6%       75%/25%/0%    1.875    0.078    25.0%     0.0%   1.3640   0.0235     9.2%
   690    16.5s    0.0073    70.0%    70.0%    93.8%       72%/28%/0%    2.049    0.111    30.0%     0.0%   1.6597   0.0250    14.4%
  [MA20] reward=0.0110 task_sr=82.2% miss=17.5% time_limit=0.0% v2v=0.5%
  [RWRD] r_prog=0.0534 r_term=0.0198 r_illegal=0.0000
  [PPO ] p_loss=0.0134 v_loss=0.2514 entropy=1.6597 grad=2.0322 active=100.0%
  [SIM ] avg_power(a)=0.4596 rsu_q=1.037 tx=55 no_tx=145 deadlock=0 svc=0.000GHz idle=0.0%
   691    14.4s    0.0058    80.0%    80.0%    98.1%       67%/32%/0%    2.824    0.054    20.0%     0.0%   1.5017   0.0134    11.9%
   692    13.3s    0.0057    65.0%    65.0%    97.1%       63%/37%/0%    2.792    0.078    35.0%     0.0%   1.4637   0.0159    11.0%
   693     6.8s    0.0077    95.0%    95.0%    94.9%       67%/32%/1%    1.852    0.051     0.0%     0.0%   1.4214   0.0223     9.8%
   694     9.7s    0.0081    85.0%    85.0%    96.4%       73%/27%/0%    1.777    0.052    15.0%     0.0%   1.6988   0.0190    11.0%
   695     9.9s    0.0069    80.0%    80.0%    95.1%       72%/28%/1%    1.859    0.046    20.0%     0.0%   1.5274   0.0125     9.9%
   696     7.6s    0.0088    95.0%    95.0%   100.0%       71%/29%/0%    1.877    0.040     5.0%     0.0%   1.4341   0.0139    12.7%
   697     7.8s    0.0081    90.0%    90.0%    99.5%       74%/26%/0%    1.836    0.054    10.0%     0.0%   1.4924   0.0065    12.4%
   698    12.4s    0.0065    85.0%    85.0%    96.9%       74%/26%/0%    2.824    0.072    15.0%     0.0%   1.3850   0.0275    11.4%
   699     7.9s    0.0082    90.0%    90.0%    97.6%       79%/21%/0%    1.833    0.033    10.0%     0.0%   1.4882   0.0066    10.7%
   700    12.2s    0.0071    70.0%    70.0%    95.4%       80%/19%/1%    1.938    0.056    30.0%     0.0%   1.8038   0.0142    11.8%
  [MA20] reward=0.0096 task_sr=80.5% miss=19.2% time_limit=0.0% v2v=0.3%
  [RWRD] r_prog=0.0512 r_term=0.0203 r_illegal=0.0000
  [PPO ] p_loss=0.0057 v_loss=0.2085 entropy=1.8038 grad=2.0580 active=100.0%
  [SIM ] avg_power(a)=0.4806 rsu_q=1.074 tx=38 no_tx=153 deadlock=0 svc=0.000GHz idle=0.0%
  [Checkpoint] saved: ep0700.pth

    Ep    Wall    R/step     T_SR     V_SR     S_SR            L/R/V   Lat(s)       En     Miss      Ill      Ent       KL     Clip
--------------------------------------------------------------------------------------------------------------------------------
   701     2.3s    0.0195   100.0%   100.0%   100.0%       72%/26%/2%    0.667    0.048     0.0%     0.0%   1.0396   0.0104     7.1%
   702    27.7s    0.0041    45.0%    45.0%    90.0%       64%/35%/1%    2.937    0.120    55.0%     0.0%   2.1171   0.0127    11.2%
   703     7.6s    0.0079    90.0%    90.0%    99.0%       80%/20%/0%    1.771    0.022    10.0%     0.0%   1.4795   0.0121     8.4%
   704    12.7s    0.0061    80.0%    80.0%    97.2%       71%/27%/2%    2.632    0.044    20.0%     0.0%   1.4862   0.0027     8.5%
   705    13.3s    0.0063    75.0%    75.0%    97.3%       67%/31%/2%    2.710    0.040    25.0%     0.0%   1.6030   0.0156    10.0%
   706     8.5s    0.0087   100.0%   100.0%   100.0%       77%/22%/1%    1.891    0.027     0.0%     0.0%   1.6372   0.0145    10.6%
   707    20.2s    0.0054    70.0%    70.0%    95.5%       78%/21%/1%    2.617    0.038    30.0%     0.0%   1.9008   0.0146    12.1%
   708     7.2s    0.0098    95.0%    95.0%    98.9%       84%/16%/0%    1.701    0.018     5.0%     0.0%   1.4902   0.0064     8.8%
   709    15.0s    0.0065    80.0%    80.0%    97.5%       84%/16%/0%    2.665    0.025    20.0%     0.0%   1.6365   0.0077     8.4%
   710     7.2s    0.0103   100.0%   100.0%   100.0%       86%/13%/1%    1.742    0.010     0.0%     0.0%   1.4233   0.0125     7.0%
  [MA20] reward=0.0079 task_sr=83.5% miss=16.2% time_limit=0.0% v2v=0.6%
  [RWRD] r_prog=0.0487 r_term=0.0539 r_illegal=0.0000
  [PPO ] p_loss=-0.0034 v_loss=0.0520 entropy=1.4233 grad=2.8199 active=100.0%
  [SIM ] avg_power(a)=0.4897 rsu_q=0.458 tx=28 no_tx=176 deadlock=0 svc=0.000GHz idle=0.0%
   711     3.2s    0.0193   100.0%   100.0%   100.0%       85%/14%/1%    0.668    0.016     0.0%     0.0%   1.2489   0.0210     9.3%
   712     7.4s    0.0089    95.0%    95.0%   100.0%       87%/13%/0%    1.677    0.009     5.0%     0.0%   1.4524   0.0078     7.3%
   713     7.4s    0.0095    95.0%    95.0%    99.0%       83%/15%/2%    1.666    0.015     5.0%     0.0%   1.5171   0.0299     8.8%
   714    18.0s    0.0068    85.0%    85.0%    95.7%       75%/25%/0%    2.507    0.051    15.0%     0.0%   1.7781   0.0062     8.3%
   715    12.4s    0.0064    75.0%    75.0%    96.8%       73%/26%/1%    2.513    0.039    25.0%     0.0%   1.4725   0.0068     8.0%
   716    25.4s    0.0052    65.0%    65.0%    93.0%       68%/32%/1%    2.849    0.086    35.0%     0.0%   1.9720   0.0117     9.6%
   717     9.6s    0.0094    90.0%    90.0%    99.0%       82%/17%/1%    1.710    0.024    10.0%     0.0%   1.7736   0.0183     6.7%
   718     7.3s    0.0091    90.0%    90.0%    99.0%       85%/13%/1%    1.723    0.010    10.0%     0.0%   1.6059   0.0174     8.1%
   719     2.4s    0.0194   100.0%   100.0%   100.0%       75%/25%/0%    0.716    0.046     0.0%     0.0%   1.0971   0.0098     4.4%
   720    10.8s    0.0071    80.0%    80.0%    97.1%       71%/28%/0%    1.706    0.039    20.0%     0.0%   1.7392   0.0234     9.5%
  [MA20] reward=0.0093 task_sr=85.5% miss=14.5% time_limit=0.0% v2v=0.8%
  [RWRD] r_prog=0.0398 r_term=0.0309 r_illegal=0.0000
  [PPO ] p_loss=-0.0029 v_loss=0.2006 entropy=1.7392 grad=1.3992 active=100.0%
  [SIM ] avg_power(a)=0.4648 rsu_q=0.857 tx=58 no_tx=143 deadlock=0 svc=0.000GHz idle=0.0%

    Ep    Wall    R/step     T_SR     V_SR     S_SR            L/R/V   Lat(s)       En     Miss      Ill      Ent       KL     Clip
--------------------------------------------------------------------------------------------------------------------------------
   721     9.0s    0.0086   100.0%   100.0%   100.0%       75%/20%/5%    1.857    0.039     0.0%     0.0%   1.6215   0.0201     8.3%
   722     3.3s    0.0070    85.0%    85.0%    92.1%      74%/14%/12%    0.653    0.117    15.0%     0.0%   1.6118   0.0160     8.7%
   723     7.4s    0.0095    95.0%    95.0%    98.9%       79%/16%/4%    2.030    0.034     5.0%     0.0%   1.5298   0.0061     6.6%
   724    11.2s    0.0065    75.0%    75.0%    95.5%       81%/15%/5%    1.612    0.089    25.0%     0.0%   1.9119   0.0053     9.0%
   725    10.8s    0.0063    80.0%    80.0%    97.6%       77%/20%/2%    2.018    0.079    20.0%     0.0%   1.6561   0.0112     7.3%
   726     2.6s    0.0195   100.0%   100.0%   100.0%       78%/21%/1%    0.672    0.026     0.0%     0.0%   1.2096   0.0011     4.1%
   727    13.9s    0.0087    85.0%    85.0%    97.4%       83%/16%/2%    1.766    0.014    15.0%     0.0%   2.1381   0.0177     7.8%
   728     5.7s    0.0142   100.0%   100.0%   100.0%       83%/17%/1%    0.868    0.075     0.0%     0.0%   1.7772   0.0117     8.4%
   729     7.5s    0.0086    90.0%    90.0%    98.5%       81%/19%/0%    1.900    0.012    10.0%     0.0%   1.4341   0.0181     6.2%
   730     7.2s    0.0103    95.0%    95.0%    99.0%       83%/16%/1%    1.710    0.030     5.0%     0.0%   1.3784   0.0001     5.2%
  [MA20] reward=0.0100 task_sr=89.0% miss=11.0% time_limit=0.0% v2v=2.0%
  [RWRD] r_prog=0.0513 r_term=0.0516 r_illegal=0.0000
  [PPO ] p_loss=0.0185 v_loss=0.0959 entropy=1.3784 grad=1.6797 active=100.0%
  [SIM ] avg_power(a)=0.4690 rsu_q=0.609 tx=32 no_tx=159 deadlock=0 svc=0.000GHz idle=0.0%
   731    10.5s    0.0075    85.0%    85.0%    98.1%       85%/15%/0%    1.625    0.021    15.0%     0.0%   1.8474   0.0151     7.8%
   732    13.6s    0.0062    75.0%    75.0%    96.6%       80%/20%/0%    2.758    0.031    25.0%     0.0%   1.4990   0.0099     7.2%
   733    14.3s    0.0060    75.0%    75.0%    96.2%       83%/16%/0%    2.561    0.015    25.0%     0.0%   1.5352   0.0171     8.0%
   734     7.2s    0.0083    90.0%    90.0%   100.0%       85%/15%/0%    1.790    0.017    10.0%     0.0%   1.5081   0.0190     9.3%
   735     6.6s    0.0086    95.0%    95.0%    99.0%       85%/14%/1%    1.714    0.015     5.0%     0.0%   1.4528   0.0157     8.0%
   736     2.2s    0.0242   100.0%   100.0%   100.0%       85%/15%/0%    0.635    0.015     0.0%     0.0%   0.9385   0.0106     7.8%
   737    14.0s    0.0060    75.0%    75.0%    98.1%       82%/18%/0%    2.855    0.024    25.0%     0.0%   1.4649   0.0101     7.4%
   738     2.2s    0.0241   100.0%   100.0%   100.0%       80%/18%/2%    0.662    0.035     0.0%     0.0%   0.8579   0.0006     6.0%
   739     8.1s    0.0092    95.0%    95.0%    99.5%       83%/17%/0%    1.711    0.009     5.0%     0.0%   1.5983   0.0137     8.9%
   740     7.6s    0.0085   100.0%   100.0%   100.0%       83%/17%/0%    1.560    0.013     0.0%     0.0%   1.5098   0.0186    10.5%
  [MA20] reward=0.0104 task_sr=89.8% miss=10.2% time_limit=0.0% v2v=1.7%
  [RWRD] r_prog=0.0321 r_term=0.0528 r_illegal=0.0000
  [PPO ] p_loss=-0.0063 v_loss=0.0209 entropy=1.5098 grad=0.8388 active=100.0%
  [SIM ] avg_power(a)=0.4897 rsu_q=0.423 tx=33 no_tx=166 deadlock=0 svc=0.000GHz idle=0.0%

    Ep    Wall    R/step     T_SR     V_SR     S_SR            L/R/V   Lat(s)       En     Miss      Ill      Ent       KL     Clip
--------------------------------------------------------------------------------------------------------------------------------
   741    16.0s    0.0051    60.0%    60.0%    95.6%       82%/18%/0%    3.086    0.021    40.0%     0.0%   1.4899   0.0161     9.3%
   742     6.7s    0.0089    90.0%    90.0%    99.5%       78%/22%/0%    1.741    0.027    10.0%     0.0%   1.3780   0.0277     5.5%
   743     8.2s    0.0084    85.0%    85.0%    98.5%       77%/23%/0%    1.763    0.028    15.0%     0.0%   1.5030   0.0265     8.6%
   744     2.8s    0.0199   100.0%   100.0%   100.0%       73%/27%/0%    0.719    0.056     0.0%     0.0%   1.0632   0.0155    10.4%
   745     7.3s    0.0083    90.0%    90.0%    98.5%       76%/24%/0%    1.711    0.026    10.0%     0.0%   1.4776   0.0138    10.6%
   746     7.6s    0.0074    85.0%    85.0%    98.4%       71%/29%/0%    1.779    0.034    15.0%     0.0%   1.5984   0.0092    10.5%
   747     5.4s    0.0166   100.0%   100.0%   100.0%       69%/31%/0%    0.903    0.114     0.0%     0.0%   1.4604   0.0194     9.8%
   748     9.6s    0.0091    85.0%    85.0%    97.5%       72%/28%/0%    1.987    0.055    15.0%     0.0%   1.4017   0.0187     7.5%
   749    18.5s    0.0050    45.0%    45.0%    85.4%       75%/25%/0%    1.826    0.114    55.0%     0.0%   1.9316   0.0195    14.5%
   750     8.9s    0.0085    90.0%    90.0%    98.1%       75%/25%/0%    1.668    0.036    10.0%     0.0%   1.4991   0.0126     9.3%
  [MA20] reward=0.0103 task_sr=86.0% miss=14.0% time_limit=0.0% v2v=0.1%
  [RWRD] r_prog=0.0432 r_term=0.0422 r_illegal=0.0000
  [PPO ] p_loss=0.0009 v_loss=0.1614 entropy=1.4991 grad=2.5169 active=100.0%
  [SIM ] avg_power(a)=0.4700 rsu_q=0.885 tx=51 no_tx=157 deadlock=0 svc=0.000GHz idle=0.0%
   751    13.4s    0.0061    75.0%    75.0%    98.1%       67%/33%/0%    2.869    0.055    25.0%     0.0%   1.4427   0.0180    10.0%
   752     9.3s    0.0081    85.0%    85.0%    98.0%       71%/29%/0%    1.895    0.083    15.0%     0.0%   1.3405   0.0210     7.7%
   753    14.8s    0.0063    85.0%    85.0%    99.2%       67%/33%/0%    2.713    0.046    15.0%     0.0%   1.5546   0.0035     8.0%
   754    13.7s    0.0058    70.0%    70.0%    94.3%       65%/35%/0%    2.689    0.056    30.0%     0.0%   1.3723   0.0186     7.5%
   755     7.9s    0.0080    80.0%    80.0%    96.1%       75%/25%/0%    1.652    0.042    20.0%     0.0%   1.3764   0.0074     7.3%
   756     7.3s    0.0091    95.0%    95.0%    99.5%       75%/25%/0%    1.869    0.046     5.0%     0.0%   1.2768   0.0138     6.5%
   757     9.9s    0.0086    85.0%    85.0%    98.0%       74%/26%/0%    1.800    0.041    15.0%     0.0%   1.4486   0.0186     8.0%
   758    14.1s    0.0067    90.0%    90.0%    99.3%       66%/34%/0%    2.751    0.064    10.0%     0.0%   1.3024   0.0094     8.0%
   759     3.5s    0.0179   100.0%   100.0%   100.0%       75%/24%/1%    0.758    0.042     0.0%     0.0%   1.1742   0.0114     8.3%
   760     7.5s    0.0092   100.0%   100.0%   100.0%       79%/20%/0%    1.860    0.025     0.0%     0.0%   1.3563   0.0197     7.6%
  [MA20] reward=0.0091 task_sr=84.7% miss=15.3% time_limit=0.0% v2v=0.1%
  [RWRD] r_prog=0.0437 r_term=0.0485 r_illegal=0.0000
  [PPO ] p_loss=-0.0060 v_loss=0.1652 entropy=1.3563 grad=2.6534 active=100.0%
  [SIM ] avg_power(a)=0.4964 rsu_q=0.654 tx=43 no_tx=162 deadlock=0 svc=0.000GHz idle=0.0%

    Ep    Wall    R/step     T_SR     V_SR     S_SR            L/R/V   Lat(s)       En     Miss      Ill      Ent       KL     Clip
--------------------------------------------------------------------------------------------------------------------------------
   761     8.2s    0.0093    90.0%    90.0%    98.5%       82%/18%/0%    1.844    0.038    10.0%     0.0%   1.4396   0.0176     8.8%
   762     2.7s    0.0197   100.0%   100.0%   100.0%       74%/26%/0%    0.721    0.054     0.0%     0.0%   0.9790   0.0053     6.5%
   763     2.6s    0.0175   100.0%   100.0%   100.0%       73%/27%/0%    0.751    0.049     0.0%     0.0%   1.0723   0.0024     6.9%
   764     2.3s    0.0195   100.0%   100.0%   100.0%       71%/29%/0%    0.730    0.058     0.0%     0.0%   0.9761   0.0100     7.0%
   765     2.5s    0.0193   100.0%   100.0%   100.0%       74%/26%/0%    0.727    0.048     0.0%     0.0%   1.0275   0.0133     8.3%
   766    13.9s    0.0063    85.0%    85.0%    97.7%       70%/30%/0%    2.778    0.052    15.0%     0.0%   1.5741   0.0084     9.0%
   767    13.1s    0.0062    80.0%    80.0%    98.4%       72%/28%/0%    2.744    0.055    20.0%     0.0%   1.3903   0.0147     7.3%
   768     2.6s    0.0193   100.0%   100.0%   100.0%       69%/31%/0%    0.705    0.031     0.0%     0.0%   1.1770   0.0102     4.6%
   769     3.6s    0.0151   100.0%   100.0%   100.0%       71%/29%/0%    0.842    0.080     0.0%     0.0%   1.4465   0.0128     5.6%
   770    10.5s    0.0088    95.0%    95.0%    99.5%       77%/22%/1%    1.848    0.050     5.0%     0.0%   1.5300   0.0128     7.8%
  [MA20] reward=0.0113 task_sr=90.8% miss=9.2% time_limit=0.0% v2v=0.1%
  [RWRD] r_prog=0.0418 r_term=0.0461 r_illegal=0.0000
  [PPO ] p_loss=-0.0312 v_loss=0.1161 entropy=1.5300 grad=1.2056 active=100.0%
  [SIM ] avg_power(a)=0.4942 rsu_q=1.120 tx=48 no_tx=164 deadlock=0 svc=0.000GHz idle=0.0%
   771     7.6s    0.0101   100.0%   100.0%   100.0%       76%/24%/1%    1.906    0.038     0.0%     0.0%   1.4676   0.0298     7.5%
   772    16.7s    0.0054    60.0%    60.0%    95.7%       73%/27%/0%    3.046    0.067    40.0%     0.0%   1.6343   0.0162     6.1%
   773     2.7s    0.0191   100.0%   100.0%   100.0%       76%/24%/1%    0.725    0.029     0.0%     0.0%   1.0457  -0.0009     6.2%
   774    14.1s    0.0063    85.0%    85.0%    95.8%       79%/21%/0%    2.937    0.039    15.0%     0.0%   1.5541   0.0157     7.4%
   775     7.3s    0.0082    95.0%    95.0%    99.0%       82%/18%/0%    1.696    0.024     5.0%     0.0%   1.4496  -0.0004     6.6%
   776     7.8s    0.0081    90.0%    90.0%    98.6%       81%/18%/0%    1.748    0.025    10.0%     0.0%   1.4514   0.0153     6.2%
   777    13.8s    0.0070    85.0%    85.0%    98.2%       83%/17%/0%    2.491    0.026    15.0%     0.0%   1.6079   0.0130     7.3%
   778     2.3s    0.0194   100.0%   100.0%   100.0%       74%/26%/0%    0.671    0.027     0.0%     0.0%   1.0957   0.0085     5.3%
   779     2.6s    0.0193   100.0%   100.0%   100.0%       72%/28%/0%    0.745    0.062     0.0%     0.0%   1.1043   0.0011     5.7%
   780    12.4s    0.0089    90.0%    90.0%    98.1%       84%/16%/0%    1.702    0.027    10.0%     0.0%   1.9421   0.0223     5.0%
  [MA20] reward=0.0126 task_sr=92.7% miss=7.2% time_limit=0.0% v2v=0.1%
  [RWRD] r_prog=0.0450 r_term=0.0439 r_illegal=0.0000
  [PPO ] p_loss=0.0419 v_loss=0.1010 entropy=1.9421 grad=2.4193 active=100.0%
  [SIM ] avg_power(a)=0.4810 rsu_q=0.800 tx=32 no_tx=174 deadlock=0 svc=0.000GHz idle=0.0%

    Ep    Wall    R/step     T_SR     V_SR     S_SR            L/R/V   Lat(s)       En     Miss      Ill      Ent       KL     Clip
--------------------------------------------------------------------------------------------------------------------------------
   781     2.5s    0.0193   100.0%   100.0%   100.0%       76%/24%/0%    0.718    0.039     0.0%     0.0%   1.0059   0.0165     7.0%
   782     3.7s    0.0159   100.0%   100.0%   100.0%       71%/29%/0%    0.868    0.088     0.0%     0.0%   1.3799   0.0107     6.1%
   783     7.5s    0.0088   100.0%   100.0%   100.0%       69%/31%/0%    2.002    0.043     0.0%     0.0%   1.4582   0.0346     7.4%
   784    11.6s    0.0067    65.0%    65.0%    92.7%       75%/25%/0%    1.887    0.072    35.0%     0.0%   1.7017   0.0145     8.0%
   785    12.7s    0.0074   100.0%   100.0%   100.0%       62%/38%/0%    2.569    0.055     0.0%     0.0%   1.4558   0.0171     6.4%
   786     6.8s    0.0082    80.0%    80.0%    96.4%       72%/28%/0%    1.821    0.028    20.0%     0.0%   1.3934   0.0117     6.9%
   787     7.6s    0.0097   100.0%   100.0%   100.0%       73%/27%/0%    1.744    0.038     0.0%     0.0%   1.4012   0.0146     3.6%
   788     2.3s    0.0194   100.0%   100.0%   100.0%       74%/26%/0%    0.683    0.029     0.0%     0.0%   1.0817   0.0001     3.1%
   789     6.8s    0.0105   100.0%   100.0%   100.0%       75%/25%/1%    1.568    0.026     0.0%     0.0%   1.4322   0.0125     5.9%
   790    15.1s    0.0053    75.0%    75.0%    96.2%       69%/30%/1%    2.507    0.047    25.0%     0.0%   1.7061   0.0388     9.7%
  [MA20] reward=0.0111 task_sr=91.2% miss=8.8% time_limit=0.0% v2v=0.2%
  [RWRD] r_prog=0.0347 r_term=0.0185 r_illegal=0.0000
  [PPO ] p_loss=-0.0002 v_loss=0.2480 entropy=1.7061 grad=2.5887 active=100.0%
  [SIM ] avg_power(a)=0.4922 rsu_q=0.921 tx=80 no_tx=177 deadlock=0 svc=0.000GHz idle=0.0%
   791    13.6s    0.0072    85.0%    85.0%    98.1%       77%/23%/0%    2.611    0.028    15.0%     0.0%   1.4722   0.0029     7.2%
   792    24.3s    0.0059    70.0%    70.0%    95.7%       75%/25%/0%    2.880    0.046    30.0%     0.0%   2.0376   0.0282     8.6%
   793     8.0s    0.0091    90.0%    90.0%    97.9%       88%/12%/0%    1.624    0.016    10.0%     0.0%   1.6133   0.0131     4.8%
   794     2.3s    0.0192   100.0%   100.0%   100.0%       77%/23%/0%    0.697    0.028     0.0%     0.0%   0.9788  -0.0055     6.0%
   795    12.7s    0.0074    95.0%    95.0%    99.2%       75%/25%/0%    2.532    0.034     5.0%     0.0%   1.5249   0.0166     8.1%
   796    14.9s    0.0061    85.0%    85.0%    97.3%       72%/28%/0%    2.593    0.063    15.0%     0.0%   1.6090   0.0228     7.9%
   797     6.7s    0.0096    95.0%    95.0%    99.0%       82%/18%/0%    1.639    0.018     5.0%     0.0%   1.4924   0.0141     5.5%
   798    16.7s    0.0058    55.0%    55.0%    88.8%       72%/28%/0%    1.995    0.064    45.0%     0.0%   2.1131   0.0209     9.5%
   799     7.2s    0.0085    85.0%    85.0%    98.0%       79%/21%/0%    1.746    0.027    15.0%     0.0%   1.3831   0.0199     5.3%
   800     7.1s    0.0091    90.0%    90.0%    98.5%       85%/15%/0%    1.657    0.012    10.0%     0.0%   1.5192   0.0015     5.5%
  [MA20] reward=0.0099 task_sr=88.5% miss=11.5% time_limit=0.0% v2v=0.2%
  [RWRD] r_prog=0.0466 r_term=0.0439 r_illegal=0.0000
  [PPO ] p_loss=-0.0301 v_loss=0.1260 entropy=1.5192 grad=1.2062 active=100.0%
  [SIM ] avg_power(a)=0.4987 rsu_q=0.320 tx=31 no_tx=171 deadlock=0 svc=0.000GHz idle=0.0%
  [Checkpoint] saved: ep0800.pth

    Ep    Wall    R/step     T_SR     V_SR     S_SR            L/R/V   Lat(s)       En     Miss      Ill      Ent       KL     Clip
--------------------------------------------------------------------------------------------------------------------------------
   801     7.7s    0.0099    90.0%    90.0%    97.4%       82%/18%/0%    1.747    0.038    10.0%     0.0%   1.4746   0.0208     4.1%
   802     7.4s    0.0099    95.0%    95.0%    99.5%       86%/14%/0%    1.752    0.019     5.0%     0.0%   1.3265   0.0002     5.7%
   803     7.5s    0.0088    90.0%    90.0%    97.5%       87%/13%/0%    1.681    0.008    10.0%     0.0%   1.6342   0.0092     3.3%
   804     2.7s    0.0191   100.0%   100.0%   100.0%       76%/24%/0%    0.753    0.052     0.0%     0.0%   0.9727   0.0129     3.6%
   805     2.5s    0.0191   100.0%   100.0%   100.0%       75%/25%/0%    0.710    0.035     0.0%     0.0%   1.0207   0.0124     3.7%
   806    14.1s    0.0067    85.0%    85.0%    97.7%       79%/20%/0%    2.773    0.024    15.0%     0.0%   1.5424   0.0126     5.7%
   807     7.1s    0.0096    95.0%    95.0%    98.5%       85%/14%/1%    1.708    0.017     5.0%     0.0%   1.5586   0.0196     4.4%
   808    20.5s    0.0068    70.0%    70.0%    95.4%       83%/17%/0%    2.832    0.050    30.0%     0.0%   1.7769   0.0089     5.9%
   809    12.7s    0.0070    90.0%    90.0%    97.7%       84%/16%/0%    2.717    0.017    10.0%     0.0%   1.4925   0.0099     4.8%
   810     7.1s    0.0098   100.0%   100.0%   100.0%       87%/13%/0%    1.686    0.009     0.0%     0.0%   1.5250   0.0132     4.5%
  [MA20] reward=0.0097 task_sr=88.2% miss=11.8% time_limit=0.0% v2v=0.1%
  [RWRD] r_prog=0.0449 r_term=0.0532 r_illegal=0.0000
  [PPO ] p_loss=0.0050 v_loss=0.0365 entropy=1.5250 grad=2.1507 active=100.0%
  [SIM ] avg_power(a)=0.4953 rsu_q=0.360 tx=27 no_tx=175 deadlock=0 svc=0.000GHz idle=0.0%
   811     2.6s    0.0188   100.0%   100.0%   100.0%       80%/18%/1%    0.688    0.018     0.0%     0.0%   1.1477   0.0200     5.2%
   812     7.7s    0.0099   100.0%   100.0%   100.0%       89%/11%/0%    1.807    0.004     0.0%     0.0%   1.5066   0.0072     4.5%
   813     7.7s    0.0084    90.0%    90.0%    98.0%       88%/11%/1%    1.635    0.007    10.0%     0.0%   1.5488   0.0125     4.3%
   814     2.5s    0.0215   100.0%   100.0%   100.0%       83%/17%/0%    0.617    0.017     0.0%     0.0%   1.2445   0.0070     7.0%
   815     7.9s    0.0093   100.0%   100.0%   100.0%       80%/19%/2%    1.815    0.012     0.0%     0.0%   1.6783   0.0209     8.2%
   816     2.5s    0.0189   100.0%   100.0%   100.0%       76%/18%/6%    0.690    0.037     0.0%     0.0%   1.2870  -0.0007     6.8%
   817     9.3s    0.0082    75.0%    75.0%    98.0%       80%/16%/4%    1.757    0.044    25.0%     0.0%   1.6037   0.0129     5.5%
   818     2.9s    0.0211   100.0%   100.0%   100.0%       70%/25%/5%    0.683    0.046     0.0%     0.0%   1.0789   0.0258     8.6%
   819     8.1s    0.0080    85.0%    85.0%    99.0%       75%/23%/2%    1.879    0.046    15.0%     0.0%   1.6900   0.0083     6.1%
   820    15.6s    0.0067    70.0%    70.0%    93.2%       65%/34%/1%    1.898    0.105    30.0%     0.0%   1.9593   0.0218     8.5%
  [MA20] reward=0.0119 task_sr=91.8% miss=8.2% time_limit=0.0% v2v=1.2%
  [RWRD] r_prog=0.0461 r_term=0.0209 r_illegal=0.0000
  [PPO ] p_loss=-0.0044 v_loss=0.3393 entropy=1.9593 grad=2.1916 active=100.0%
  [SIM ] avg_power(a)=0.4810 rsu_q=1.778 tx=69 no_tx=129 deadlock=0 svc=0.000GHz idle=0.0%

    Ep    Wall    R/step     T_SR     V_SR     S_SR            L/R/V   Lat(s)       En     Miss      Ill      Ent       KL     Clip
--------------------------------------------------------------------------------------------------------------------------------
   821    14.5s    0.0064    80.0%    80.0%    96.5%       69%/30%/1%    2.448    0.044    20.0%     0.0%   1.6497   0.0128     7.8%
   822     7.9s    0.0079    90.0%    90.0%    97.9%       72%/27%/1%    1.717    0.034    10.0%     0.0%   1.6229   0.0141     5.8%
   823    14.0s    0.0083    80.0%    80.0%    97.5%       82%/17%/1%    1.905    0.045    20.0%     0.0%   1.9423   0.0087     6.2%
   824     2.4s    0.0216   100.0%   100.0%   100.0%       76%/24%/0%    0.668    0.044     0.0%     0.0%   0.9517   0.0001     3.9%
   825     7.2s    0.0091    95.0%    95.0%   100.0%       79%/21%/0%    1.758    0.020     5.0%     0.0%   1.6003   0.0073     4.7%
   826     2.3s    0.0199   100.0%   100.0%   100.0%       68%/32%/0%    0.706    0.042     0.0%     0.0%   1.1022   0.0100     3.5%
   827     2.5s    0.0174   100.0%   100.0%   100.0%       73%/27%/0%    0.715    0.037     0.0%     0.0%   1.1712   0.0123     3.1%
   828     3.1s    0.0194   100.0%   100.0%   100.0%       75%/24%/2%    0.684    0.044     0.0%     0.0%   1.3336   0.0132     5.2%
   829    11.0s    0.0062    80.0%    80.0%    89.2%       79%/20%/2%    1.802    0.125    20.0%     0.0%   1.8088   0.0052     5.7%
   830     8.8s    0.0085    90.0%    90.0%    98.5%       76%/23%/1%    1.801    0.043    10.0%     0.0%   1.5863   0.0163     5.1%
  [MA20] reward=0.0128 task_sr=91.7% miss=8.2% time_limit=0.0% v2v=1.4%
  [RWRD] r_prog=0.0424 r_term=0.0422 r_illegal=0.0000
  [PPO ] p_loss=0.0276 v_loss=0.2465 entropy=1.5863 grad=3.9764 active=100.0%
  [SIM ] avg_power(a)=0.4887 rsu_q=0.720 tx=48 no_tx=154 deadlock=0 svc=0.000GHz idle=0.0%
   831     7.4s    0.0092   100.0%   100.0%   100.0%       78%/21%/0%    1.646    0.035     0.0%     0.0%   1.5233   0.0126     5.3%
   832    14.4s    0.0069    85.0%    85.0%    96.1%       80%/19%/1%    2.006    0.065    15.0%     0.0%   1.9571   0.0119     6.2%
   833    14.4s    0.0061    60.0%    60.0%    93.9%       85%/14%/1%    2.697    0.043    40.0%     0.0%   1.5029   0.0163     6.5%
   834     8.0s    0.0077    90.0%    90.0%   100.0%       80%/20%/1%    1.916    0.051    10.0%     0.0%   1.3959   0.0045     4.8%
   835     6.7s    0.0084    90.0%    90.0%    98.5%       82%/18%/0%    1.637    0.037    10.0%     0.0%   1.4240   0.0052     5.9%
   836     6.0s    0.0136   100.0%   100.0%   100.0%       73%/27%/0%    0.976    0.094     0.0%     0.0%   1.8860   0.0019     6.7%
   837     3.2s    0.0185   100.0%   100.0%   100.0%       73%/26%/1%    0.758    0.061     0.0%     0.0%   1.2074   0.0019     4.1%
   838     7.6s    0.0083    90.0%    90.0%    98.4%       71%/29%/0%    1.748    0.026    10.0%     0.0%   1.7089   0.0104     6.8%
   839     6.3s    0.0133   100.0%   100.0%   100.0%       68%/32%/0%    1.065    0.098     0.0%     0.0%   1.9719   0.0105     4.8%
   840     9.0s    0.0080    75.0%    75.0%    97.4%       79%/21%/0%    1.882    0.048    25.0%     0.0%   1.5856   0.0083     7.4%
  [MA20] reward=0.0112 task_sr=90.3% miss=9.8% time_limit=0.0% v2v=0.5%
  [RWRD] r_prog=0.0522 r_term=0.0278 r_illegal=0.0000
  [PPO ] p_loss=-0.0083 v_loss=0.2050 entropy=1.5856 grad=2.8511 active=100.0%
  [SIM ] avg_power(a)=0.4803 rsu_q=1.080 tx=41 no_tx=150 deadlock=0 svc=0.000GHz idle=0.0%

    Ep    Wall    R/step     T_SR     V_SR     S_SR            L/R/V   Lat(s)       En     Miss      Ill      Ent       KL     Clip
--------------------------------------------------------------------------------------------------------------------------------
   841     9.1s    0.0088    95.0%    95.0%    98.5%       78%/22%/0%    1.866    0.049     5.0%     0.0%   1.5873   0.0031     6.4%
   842     2.5s    0.0182   100.0%   100.0%   100.0%       68%/32%/0%    0.799    0.076     0.0%     0.0%   1.1140   0.0141     2.5%
   843     9.5s    0.0088    85.0%    85.0%    98.0%       78%/22%/0%    1.726    0.037    15.0%     0.0%   1.5766   0.0195     7.0%
   844     5.0s    0.0183   100.0%   100.0%   100.0%       76%/24%/0%    0.826    0.081     0.0%     0.0%   1.4702   0.0110     6.5%
   845     2.4s    0.0194   100.0%   100.0%   100.0%       69%/31%/0%    0.683    0.039     0.0%     0.0%   1.1428   0.0085     2.9%
   846     2.5s    0.0192   100.0%   100.0%   100.0%       72%/28%/0%    0.744    0.041     0.0%     0.0%   0.9507  -0.0077     3.4%
   847    13.6s    0.0060    65.0%    65.0%    89.1%       68%/32%/0%    2.490    0.066    35.0%     0.0%   1.5358   0.0093     6.4%
   848    18.1s    0.0067    60.0%    60.0%    92.4%       73%/27%/0%    2.182    0.098    40.0%     0.0%   2.1053   0.0115     7.0%
   849    12.1s    0.0069    70.0%    70.0%    91.8%       73%/27%/0%    2.110    0.081    30.0%     0.0%   1.6942   0.0174     5.9%
   850     7.9s    0.0096   100.0%   100.0%   100.0%       71%/29%/0%    1.810    0.034     0.0%     0.0%   1.4420   0.0012     5.2%
  [MA20] reward=0.0111 task_sr=88.2% miss=11.7% time_limit=0.0% v2v=0.2%
  [RWRD] r_prog=0.0441 r_term=0.0517 r_illegal=0.0000
  [PPO ] p_loss=0.0040 v_loss=0.3203 entropy=1.4420 grad=16.1086 active=100.0%
  [SIM ] avg_power(a)=0.4715 rsu_q=1.280 tx=59 no_tx=148 deadlock=0 svc=0.000GHz idle=0.0%
   851    17.1s    0.0054    55.0%    55.0%    91.7%       70%/30%/0%    2.683    0.059    45.0%     0.0%   1.7743   0.0122     6.1%
   852    27.2s    0.0044    40.0%    40.0%    87.9%       66%/34%/0%    2.948    0.142    60.0%     0.0%   2.1395   0.0135     7.0%
   853    33.8s    0.0030    30.0%    30.0%    72.7%       65%/35%/0%    3.245    0.120    70.0%     0.0%   2.0679   0.0210    10.9%
   854     8.6s    0.0089    90.0%    90.0%    99.0%       71%/29%/0%    1.820    0.061    10.0%     0.0%   1.4868   0.0232     7.0%
   855     7.2s    0.0106   100.0%   100.0%   100.0%       77%/23%/0%    1.615    0.035     0.0%     0.0%   1.3339   0.0092     5.9%
   856     2.7s    0.0196   100.0%   100.0%   100.0%       72%/28%/0%    0.725    0.054     0.0%     0.0%   1.0899   0.0149     4.8%
   857     9.2s    0.0081   100.0%   100.0%   100.0%       75%/25%/0%    1.917    0.050     0.0%     0.0%   1.6015   0.0031     7.5%
   858    11.8s    0.0073    75.0%    75.0%    96.2%       75%/25%/0%    1.916    0.061    25.0%     0.0%   1.7161   0.0200     6.4%
   859     9.5s    0.0080    65.0%    65.0%    92.2%       74%/26%/0%    1.949    0.060    35.0%     0.0%   1.4535   0.0111     4.7%
   860     7.0s    0.0088    95.0%    95.0%    99.0%       74%/26%/0%    1.751    0.047     5.0%     0.0%   1.4390   0.0111     5.7%
  [MA20] reward=0.0103 task_sr=81.2% miss=18.7% time_limit=0.0% v2v=0.0%
  [RWRD] r_prog=0.0428 r_term=0.0453 r_illegal=0.0000
  [PPO ] p_loss=-0.0018 v_loss=0.1365 entropy=1.4390 grad=2.0848 active=100.0%
  [SIM ] avg_power(a)=0.4803 rsu_q=0.769 tx=50 no_tx=145 deadlock=0 svc=0.000GHz idle=0.0%

    Ep    Wall    R/step     T_SR     V_SR     S_SR            L/R/V   Lat(s)       En     Miss      Ill      Ent       KL     Clip
--------------------------------------------------------------------------------------------------------------------------------
   861     2.4s    0.0201   100.0%   100.0%   100.0%       69%/31%/0%    0.767    0.073     0.0%     0.0%   1.0048   0.0053     3.3%
   862     7.6s    0.0077    85.0%    85.0%    97.5%       77%/23%/0%    1.794    0.028    15.0%     0.0%   1.5873   0.0161     5.2%
   863     2.7s    0.0199   100.0%   100.0%   100.0%       71%/29%/0%    0.730    0.060     0.0%     0.0%   1.1424  -0.0064     3.9%
   864     2.6s    0.0199   100.0%   100.0%   100.0%       73%/27%/0%    0.700    0.051     0.0%     0.0%   1.1297   0.0059     3.7%
   865     8.3s    0.0095   100.0%   100.0%   100.0%       73%/27%/1%    1.714    0.036     0.0%     0.0%   1.6164   0.0099     4.8%
   866     2.9s    0.0176   100.0%   100.0%   100.0%       73%/27%/1%    0.785    0.071     0.0%     0.0%   1.0643   0.0053     4.1%
   867    15.0s    0.0063    65.0%    65.0%    97.0%       73%/26%/1%    1.996    0.074    35.0%     0.0%   1.9252   0.0025     5.2%
   868     8.1s    0.0092    95.0%    95.0%    98.6%       73%/27%/0%    1.930    0.051     5.0%     0.0%   1.3499   0.0218     5.2%
   869     3.2s    0.0167   100.0%   100.0%   100.0%       71%/28%/1%    0.806    0.055     0.0%     0.0%   1.1809   0.0160     2.8%
   870     2.6s    0.0196   100.0%   100.0%   100.0%       70%/29%/1%    0.756    0.058     0.0%     0.0%   1.0491   0.0096     3.9%
  [MA20] reward=0.0115 task_sr=84.7% miss=15.3% time_limit=0.0% v2v=0.2%
  [RWRD] r_prog=0.0333 r_term=0.1628 r_illegal=0.0000
  [PPO ] p_loss=0.0054 v_loss=0.0254 entropy=1.0491 grad=4.1159 active=100.0%
  [SIM ] avg_power(a)=0.4547 rsu_q=1.800 tx=39 no_tx=91 deadlock=0 svc=0.000GHz idle=0.0%
   871     8.3s    0.0071    80.0%    80.0%    97.0%       76%/24%/1%    1.547    0.044    20.0%     0.0%   1.6640   0.0034     3.8%
   872    32.1s    0.0041    40.0%    40.0%    87.2%       64%/36%/0%    3.146    0.152    60.0%     0.0%   1.9917   0.0036     5.6%
   873     7.3s    0.0085   100.0%   100.0%   100.0%       77%/23%/0%    1.736    0.028     0.0%     0.0%   1.5986   0.0077     3.4%
   874    18.0s    0.0050    65.0%    65.0%    92.8%       68%/32%/0%    3.063    0.061    35.0%     0.0%   1.6628   0.0211     7.0%
   875     8.0s    0.0084    90.0%    90.0%    97.5%       78%/22%/0%    1.813    0.028    10.0%     0.0%   1.6368   0.0151     3.1%
   876     2.6s    0.0197   100.0%   100.0%   100.0%       73%/26%/1%    0.714    0.042     0.0%     0.0%   1.0655   0.0196     5.3%
   877     8.1s    0.0076    90.0%    90.0%    99.5%       76%/24%/0%    1.964    0.024    10.0%     0.0%   1.6228   0.0192     5.9%
   878     7.0s    0.0091    95.0%    95.0%    99.5%       75%/25%/0%    1.694    0.039     5.0%     0.0%   1.3372   0.0062     4.4%
   879     7.7s    0.0085    90.0%    90.0%    99.0%       69%/31%/0%    1.655    0.028    10.0%     0.0%   1.5634   0.0105     3.7%
   880    13.8s    0.0066    80.0%    80.0%    96.5%       68%/32%/0%    2.679    0.050    20.0%     0.0%   1.4801   0.0106     4.3%
  [MA20] reward=0.0116 task_sr=88.8% miss=11.2% time_limit=0.0% v2v=0.2%
  [RWRD] r_prog=0.0434 r_term=0.0231 r_illegal=0.0000
  [PPO ] p_loss=-0.0203 v_loss=0.1289 entropy=1.4801 grad=1.2542 active=100.0%
  [SIM ] avg_power(a)=0.4847 rsu_q=1.848 tx=82 no_tx=172 deadlock=0 svc=0.000GHz idle=0.0%

    Ep    Wall    R/step     T_SR     V_SR     S_SR            L/R/V   Lat(s)       En     Miss      Ill      Ent       KL     Clip
--------------------------------------------------------------------------------------------------------------------------------
   881     7.5s    0.0092    95.0%    95.0%   100.0%       72%/27%/0%    1.879    0.026     5.0%     0.0%   1.3865   0.0043     4.2%
   882     7.7s    0.0090    95.0%    95.0%    99.5%       73%/27%/0%    1.806    0.039     5.0%     0.0%   1.4704   0.0083     4.6%
   883    10.6s    0.0077    85.0%    85.0%    97.0%       72%/28%/0%    1.797    0.053    15.0%     0.0%   1.7121   0.0076     5.1%
   884     7.9s    0.0090    95.0%    95.0%    99.5%       78%/22%/0%    1.781    0.027     5.0%     0.0%   1.5092   0.0099     4.5%
   885     9.4s    0.0080    85.0%    85.0%    97.5%       80%/18%/2%    1.588    0.031    15.0%     0.0%   1.6403   0.0090     5.4%
   886     7.8s    0.0080    85.0%    85.0%    98.5%       75%/25%/0%    1.932    0.036    15.0%     0.0%   1.4594   0.0126     6.4%
   887     7.4s    0.0103   100.0%   100.0%   100.0%       74%/26%/0%    1.742    0.025     0.0%     0.0%   1.4938  -0.0057     4.9%
   888     6.7s    0.0089    80.0%    80.0%    95.9%       78%/22%/0%    1.713    0.045    20.0%     0.0%   1.3467   0.0063     4.9%
   889     7.6s    0.0096   100.0%   100.0%   100.0%       76%/24%/0%    1.647    0.034     0.0%     0.0%   1.5333   0.0078     5.2%
   890    12.6s    0.0072    85.0%    85.0%    98.8%       79%/21%/0%    2.588    0.020    15.0%     0.0%   1.6122   0.0131     6.0%
  [MA20] reward=0.0086 task_sr=86.8% miss=13.2% time_limit=0.0% v2v=0.2%
  [RWRD] r_prog=0.0474 r_term=0.0243 r_illegal=0.0000
  [PPO ] p_loss=-0.0080 v_loss=0.1413 entropy=1.6122 grad=1.2999 active=100.0%
  [SIM ] avg_power(a)=0.4803 rsu_q=0.611 tx=52 no_tx=193 deadlock=0 svc=0.000GHz idle=0.0%
   891     8.0s    0.0097   100.0%   100.0%   100.0%       74%/26%/0%    1.755    0.028     0.0%     0.0%   1.5276   0.0116     6.0%
   892    19.6s    0.0058    70.0%    70.0%    96.5%       68%/31%/1%    2.831    0.061    30.0%     0.0%   1.6747   0.0152     5.2%
   893     2.5s    0.0210   100.0%   100.0%   100.0%       77%/23%/0%    0.678    0.031     0.0%     0.0%   0.9576   0.0045     2.6%
   894     7.6s    0.0100   100.0%   100.0%   100.0%       75%/25%/0%    1.661    0.025     0.0%     0.0%   1.5725   0.0086     3.8%
   895     7.3s    0.0107   100.0%   100.0%   100.0%       77%/22%/1%    1.767    0.016     0.0%     0.0%   1.5191   0.0220     5.5%
   896     7.8s    0.0089    90.0%    90.0%    98.0%       76%/24%/0%    1.845    0.034    10.0%     0.0%   1.5172   0.0032     4.7%
   897     7.1s    0.0088    90.0%    90.0%    99.0%       77%/22%/1%    1.781    0.038    10.0%     0.0%   1.4835   0.0059     5.9%
   898    13.1s    0.0070    80.0%    80.0%    96.6%       70%/29%/1%    2.655    0.035    20.0%     0.0%   1.4915   0.0219     7.9%
   899     7.1s    0.0088    90.0%    90.0%    99.5%       82%/18%/0%    1.803    0.023    10.0%     0.0%   1.4331   0.0086     4.9%
   900    13.5s    0.0064    85.0%    85.0%    96.5%       79%/20%/0%    2.562    0.040    15.0%     0.0%   1.5024   0.0059     6.0%
  [MA20] reward=0.0092 task_sr=90.5% miss=9.5% time_limit=0.0% v2v=0.4%
  [RWRD] r_prog=0.0390 r_term=0.0249 r_illegal=0.0000
  [PPO ] p_loss=0.0026 v_loss=0.1063 entropy=1.5024 grad=2.0751 active=100.0%
  [SIM ] avg_power(a)=0.4829 rsu_q=0.806 tx=52 no_tx=200 deadlock=0 svc=0.000GHz idle=0.0%
  [Checkpoint] saved: ep0900.pth

    Ep    Wall    R/step     T_SR     V_SR     S_SR            L/R/V   Lat(s)       En     Miss      Ill      Ent       KL     Clip
--------------------------------------------------------------------------------------------------------------------------------
   901    25.9s    0.0058    70.0%    70.0%    96.7%       83%/17%/0%    2.792    0.055    30.0%     0.0%   1.9878   0.0085     4.5%
   902     7.5s    0.0092    95.0%    95.0%    99.0%       86%/14%/0%    1.630    0.015     5.0%     0.0%   1.5178   0.0054     4.5%
   903    24.2s    0.0069    70.0%    70.0%    96.1%       85%/15%/0%    2.783    0.033    30.0%     0.0%   1.9077   0.0044     6.3%
   904     7.2s    0.0094   100.0%   100.0%   100.0%       87%/13%/0%    1.749    0.005     0.0%     0.0%   1.5389   0.0043     5.4%
   905    13.3s    0.0058    65.0%    65.0%    95.0%       88%/11%/0%    2.808    0.009    35.0%     0.0%   1.4737   0.0111     7.1%
   906    12.0s    0.0068    85.0%    85.0%    98.0%       86%/14%/0%    2.585    0.005    15.0%     0.0%   1.4562   0.0127     5.4%
   907     7.2s    0.0096   100.0%   100.0%   100.0%       83%/17%/0%    1.709    0.014     0.0%     0.0%   1.5112   0.0089     4.5%
   908     2.1s    0.0238   100.0%   100.0%   100.0%       82%/18%/0%    0.629    0.017     0.0%     0.0%   0.9314   0.0033     5.6%
   909    13.3s    0.0063    85.0%    85.0%    97.6%       86%/14%/0%    2.680    0.022    15.0%     0.0%   1.5429   0.0220     6.8%
   910     7.3s    0.0081    95.0%    95.0%   100.0%       83%/15%/2%    1.801    0.013     5.0%     0.0%   1.4359   0.0091     4.5%
  [MA20] reward=0.0094 task_sr=88.5% miss=11.5% time_limit=0.0% v2v=0.4%
  [RWRD] r_prog=0.0370 r_term=0.0440 r_illegal=0.0000
  [PPO ] p_loss=0.0088 v_loss=0.0917 entropy=1.4359 grad=1.2576 active=100.0%
  [SIM ] avg_power(a)=0.4883 rsu_q=0.593 tx=35 no_tx=168 deadlock=0 svc=0.000GHz idle=0.0%
   911     8.1s    0.0074    85.0%    85.0%    91.8%       77%/19%/3%    1.721    0.111    15.0%     0.0%   1.7000   0.0152     6.5%
   912    15.1s    0.0065    90.0%    90.0%    99.2%       72%/27%/1%    2.910    0.056    10.0%     0.0%   1.6001   0.0139     7.0%
   913     4.0s    0.0160   100.0%   100.0%   100.0%       76%/23%/2%    0.792    0.054     0.0%     0.0%   1.7050   0.0191     6.7%
   914     6.7s    0.0094    95.0%    95.0%    98.5%       81%/19%/1%    1.475    0.013     5.0%     0.0%   1.6475   0.0068     5.2%
   915     5.5s    0.0163   100.0%   100.0%   100.0%       75%/25%/0%    0.891    0.067     0.0%     0.0%   1.6744   0.0060     6.1%
   916    13.1s    0.0073    85.0%    85.0%    97.7%       69%/31%/0%    2.434    0.042    15.0%     0.0%   1.4504   0.0126     6.3%
   917     2.3s    0.0196   100.0%   100.0%   100.0%       69%/30%/1%    0.733    0.038     0.0%     0.0%   1.0338   0.0085     4.2%
   918     8.2s    0.0091    95.0%    95.0%    98.5%       78%/21%/1%    1.837    0.034     5.0%     0.0%   1.4886   0.0197     4.8%
   919    13.8s    0.0064    75.0%    75.0%    95.9%       77%/22%/0%    2.738    0.029    25.0%     0.0%   1.5835   0.0122     5.5%
   920     7.6s    0.0097   100.0%   100.0%   100.0%       81%/19%/0%    1.808    0.029     0.0%     0.0%   1.4212   0.0086     4.1%
  [MA20] reward=0.0100 task_sr=89.5% miss=10.5% time_limit=0.0% v2v=0.6%
  [RWRD] r_prog=0.0453 r_term=0.0515 r_illegal=0.0000
  [PPO ] p_loss=0.0185 v_loss=0.0780 entropy=1.4212 grad=3.2717 active=100.0%
  [SIM ] avg_power(a)=0.4761 rsu_q=1.080 tx=39 no_tx=166 deadlock=0 svc=0.000GHz idle=0.0%

    Ep    Wall    R/step     T_SR     V_SR     S_SR            L/R/V   Lat(s)       En     Miss      Ill      Ent       KL     Clip
--------------------------------------------------------------------------------------------------------------------------------
   921     7.5s    0.0078    90.0%    90.0%    99.0%       81%/18%/1%    1.865    0.026    10.0%     0.0%   1.6314   0.0112     4.7%
   922     2.6s    0.0216   100.0%   100.0%   100.0%       78%/22%/1%    0.731    0.043     0.0%     0.0%   0.9254   0.0224     4.4%
   923     7.9s    0.0076    70.0%    70.0%    94.1%       80%/20%/0%    1.948    0.040    30.0%     0.0%   1.4666   0.0126     5.9%
   924    11.1s    0.0094    95.0%    95.0%    99.0%       79%/20%/0%    1.907    0.039     5.0%     0.0%   1.7564   0.0020     6.9%
   925     2.2s    0.0214   100.0%   100.0%   100.0%       74%/26%/1%    0.632    0.027     0.0%     0.0%   1.1122   0.0167     4.0%
   926     2.6s    0.0193   100.0%   100.0%   100.0%       74%/25%/2%    0.687    0.036     0.0%     0.0%   1.1556   0.0191     5.7%
   927     2.5s    0.0216   100.0%   100.0%   100.0%       74%/23%/3%    0.691    0.055     0.0%     0.0%   0.9966   0.0268     9.3%
   928    10.1s    0.0068    75.0%    75.0%    96.1%       74%/26%/1%    1.892    0.067    25.0%     0.0%   1.6727   0.0062     6.5%
   929    14.7s    0.0060    70.0%    70.0%    95.0%       68%/32%/0%    3.092    0.060    30.0%     0.0%   1.4752   0.0019     4.8%
   930    17.0s    0.0073    65.0%    65.0%    93.2%       76%/24%/1%    1.971    0.088    35.0%     0.0%   1.9581   0.0183     8.0%
  [MA20] reward=0.0118 task_sr=89.5% miss=10.5% time_limit=0.0% v2v=0.8%
  [RWRD] r_prog=0.0551 r_term=0.0179 r_illegal=0.0000
  [PPO ] p_loss=1.54e-05 v_loss=0.2839 entropy=1.9581 grad=4.1923 active=100.0%
  [SIM ] avg_power(a)=0.4795 rsu_q=1.040 tx=48 no_tx=151 deadlock=0 svc=0.000GHz idle=0.0%
   931    17.1s    0.0073    80.0%    80.0%    95.3%       72%/28%/0%    2.697    0.047    20.0%     0.0%   1.6996   0.0171     7.0%
   932    13.5s    0.0056    75.0%    75.0%    97.2%       74%/25%/0%    2.773    0.048    25.0%     0.0%   1.5704   0.0096     5.5%
   933     8.1s    0.0088    90.0%    90.0%    99.0%       81%/19%/0%    1.789    0.050    10.0%     0.0%   1.6039   0.0109     5.5%
   934     8.3s    0.0088    95.0%    95.0%    98.9%       85%/15%/1%    1.800    0.030     5.0%     0.0%   1.5871   0.0085     5.7%
   935    13.0s    0.0063    85.0%    85.0%    99.6%       82%/18%/0%    2.634    0.041    15.0%     0.0%   1.6445   0.0052     6.2%
   936     2.6s    0.0179   100.0%   100.0%   100.0%       74%/26%/0%    0.726    0.051     0.0%     0.0%   1.2438   0.0028     6.5%
   937    16.9s    0.0070    50.0%    50.0%    89.3%       81%/19%/0%    1.915    0.076    50.0%     0.0%   2.0885   0.0153     6.0%
   938     7.9s    0.0091    95.0%    95.0%    98.5%       82%/18%/0%    1.743    0.046     5.0%     0.0%   1.5222   0.0091     4.8%
   939     8.0s    0.0087    95.0%    95.0%   100.0%       79%/21%/0%    1.849    0.039     5.0%     0.0%   1.4299   0.0141     6.6%
   940    10.6s    0.0083    90.0%    90.0%    97.5%       78%/21%/1%    1.856    0.066    10.0%     0.0%   1.7280   0.0119     6.8%
  [MA20] reward=0.0108 task_sr=86.0% miss=14.0% time_limit=0.0% v2v=0.5%
  [RWRD] r_prog=0.0427 r_term=0.0403 r_illegal=0.0000
  [PPO ] p_loss=0.0016 v_loss=0.0729 entropy=1.7280 grad=1.0574 active=100.0%
  [SIM ] avg_power(a)=0.4803 rsu_q=1.077 tx=44 no_tx=158 deadlock=0 svc=0.000GHz idle=0.0%

    Ep    Wall    R/step     T_SR     V_SR     S_SR            L/R/V   Lat(s)       En     Miss      Ill      Ent       KL     Clip
--------------------------------------------------------------------------------------------------------------------------------
   941     2.5s    0.0193   100.0%   100.0%   100.0%       69%/31%/0%    0.708    0.040     0.0%     0.0%   1.1075   0.0068     3.5%
   942     2.8s    0.0197   100.0%   100.0%   100.0%       73%/27%/0%    0.759    0.059     0.0%     0.0%   1.0387   0.0093     4.7%
   943     2.5s    0.0179   100.0%   100.0%   100.0%       71%/29%/0%    0.737    0.052     0.0%     0.0%   1.1130   0.0106     4.0%
   944     6.4s    0.0087    90.0%    90.0%    98.9%       79%/21%/0%    1.733    0.037    10.0%     0.0%   1.4541   0.0186     5.2%
   945     7.9s    0.0091    90.0%    90.0%    98.5%       79%/20%/1%    1.677    0.034    10.0%     0.0%   1.4899   0.0087     6.9%
   946     7.4s    0.0086    95.0%    95.0%    99.5%       77%/23%/0%    1.673    0.021     5.0%     0.0%   1.6128   0.0139     8.8%
   947     8.7s    0.0090    90.0%    90.0%    96.0%       74%/25%/1%    1.871    0.066    10.0%     0.0%   1.5201   0.0123     9.6%
   948    17.2s    0.0048    45.0%    45.0%    84.6%       76%/24%/1%    2.098    0.083    55.0%     0.0%   2.0544   0.0132     8.6%
   949    12.9s    0.0070    80.0%    80.0%    94.4%       75%/25%/0%    2.654    0.056    20.0%     0.0%   1.3966   0.0060     9.0%
   950     2.5s    0.0199   100.0%   100.0%   100.0%       70%/30%/1%    0.721    0.056     0.0%     0.0%   0.9777   0.0065     7.9%
  [MA20] reward=0.0106 task_sr=87.2% miss=12.8% time_limit=0.0% v2v=0.3%
  [RWRD] r_prog=0.0330 r_term=0.1658 r_illegal=0.0000
  [PPO ] p_loss=0.0009 v_loss=0.0220 entropy=0.9777 grad=2.9061 active=100.0%
  [SIM ] avg_power(a)=0.4587 rsu_q=0.900 tx=39 no_tx=89 deadlock=0 svc=0.000GHz idle=0.0%
   951     2.7s    0.0216   100.0%   100.0%   100.0%       68%/32%/0%    0.727    0.067     0.0%     0.0%   0.9858   0.0103     8.2%
   952     2.9s    0.0185   100.0%   100.0%   100.0%       71%/29%/0%    0.815    0.069     0.0%     0.0%   0.9962   0.0114     8.0%
   953     7.4s    0.0099   100.0%   100.0%   100.0%       79%/20%/1%    1.736    0.031     0.0%     0.0%   1.5560   0.0292     8.9%
   954    17.1s    0.0053    50.0%    50.0%    85.6%       77%/23%/1%    2.034    0.107    50.0%     0.0%   1.9783   0.0140     9.4%
   955     2.4s    0.0198   100.0%   100.0%   100.0%       68%/32%/0%    0.738    0.069     0.0%     0.0%   1.0569   0.0169     7.2%
   956     8.4s    0.0096    90.0%    90.0%    99.1%       81%/19%/0%    1.710    0.043    10.0%     0.0%   1.3660   0.0113     7.8%
   957    13.2s    0.0064    75.0%    75.0%    95.7%       70%/30%/0%    2.671    0.035    25.0%     0.0%   1.5596   0.0114     9.6%
   958    19.1s    0.0047    55.0%    55.0%    92.3%       64%/36%/0%    3.079    0.104    45.0%     0.0%   1.5289   0.0197     7.3%
   959     7.6s    0.0085    90.0%    90.0%    97.9%       76%/24%/1%    1.968    0.039    10.0%     0.0%   1.4560   0.0127     7.5%
   960     7.4s    0.0094    90.0%    90.0%    97.6%       77%/23%/0%    1.623    0.040    10.0%     0.0%   1.4064   0.0126     7.7%
  [MA20] reward=0.0119 task_sr=87.0% miss=13.0% time_limit=0.0% v2v=0.2%
  [RWRD] r_prog=0.0449 r_term=0.0495 r_illegal=0.0000
  [PPO ] p_loss=0.0044 v_loss=0.0724 entropy=1.4064 grad=1.6423 active=100.0%
  [SIM ] avg_power(a)=0.4934 rsu_q=1.043 tx=46 no_tx=157 deadlock=0 svc=0.000GHz idle=0.0%

    Ep    Wall    R/step     T_SR     V_SR     S_SR            L/R/V   Lat(s)       En     Miss      Ill      Ent       KL     Clip
--------------------------------------------------------------------------------------------------------------------------------
   961     4.1s    0.0167   100.0%   100.0%   100.0%       70%/30%/0%    0.867    0.077     0.0%     0.0%   1.4515   0.0138     6.8%
   962     7.5s    0.0085    95.0%    95.0%    99.5%       74%/26%/0%    1.787    0.030     5.0%     0.0%   1.5572   0.0141     7.9%
   963     2.7s    0.0196   100.0%   100.0%   100.0%       71%/28%/1%    0.725    0.056     0.0%     0.0%   0.9764   0.0071     4.4%
   964     7.9s    0.0084    85.0%    85.0%    97.9%       79%/20%/1%    1.862    0.041    15.0%     0.0%   1.4135   0.0121     7.1%
   965     6.3s    0.0096    95.0%    95.0%    99.0%       82%/18%/0%    1.616    0.015     5.0%     0.0%   1.4500   0.0101     5.7%
   966     8.8s    0.0102   100.0%   100.0%   100.0%       82%/18%/0%    1.785    0.020     0.0%     0.0%   1.4819   0.0118     5.9%
   967     8.5s    0.0110   100.0%   100.0%   100.0%       83%/17%/0%    1.797    0.018     0.0%     0.0%   1.5321   0.0139     5.7%
   968     8.5s    0.0097    95.0%    95.0%    99.0%       81%/19%/0%    1.842    0.029     5.0%     0.0%   1.4783   0.0117     7.6%
   969     6.8s    0.0104   100.0%   100.0%   100.0%       85%/15%/0%    1.698    0.029     0.0%     0.0%   1.3530   0.0093     4.1%
   970     6.4s    0.0095    95.0%    95.0%    98.4%       83%/17%/0%    1.563    0.022     5.0%     0.0%   1.4383   0.0128     5.5%
  [MA20] reward=0.0114 task_sr=90.8% miss=9.2% time_limit=0.0% v2v=0.1%
  [RWRD] r_prog=0.0403 r_term=0.0548 r_illegal=0.0000
  [PPO ] p_loss=-0.0006 v_loss=0.0519 entropy=1.4383 grad=2.0687 active=100.0%
  [SIM ] avg_power(a)=0.4796 rsu_q=0.565 tx=33 no_tx=159 deadlock=0 svc=0.000GHz idle=0.0%
   971     4.8s    0.0157   100.0%   100.0%   100.0%       70%/30%/0%    0.886    0.077     0.0%     0.0%   1.6230  -0.0058     6.4%
   972     6.3s    0.0101    95.0%    95.0%    99.5%       83%/17%/0%    1.652    0.021     5.0%     0.0%   1.3532   0.0057     5.7%
   973     2.4s    0.0216   100.0%   100.0%   100.0%       74%/26%/0%    0.691    0.029     0.0%     0.0%   0.9473   0.0193     7.8%
   974     5.9s    0.0102   100.0%   100.0%   100.0%       84%/15%/1%    1.635    0.016     0.0%     0.0%   1.3292   0.0067     6.6%
   975    12.4s    0.0073    85.0%    85.0%    97.6%       74%/25%/1%    2.534    0.039    15.0%     0.0%   1.6274   0.0101     6.9%
   976     2.6s    0.0191   100.0%   100.0%   100.0%       75%/25%/0%    0.702    0.033     0.0%     0.0%   1.1364   0.0023     6.7%
   977     4.4s    0.0164   100.0%   100.0%   100.0%       73%/27%/1%    0.796    0.073     0.0%     0.0%   1.4871   0.0078     6.4%
   978     7.6s    0.0095    95.0%    95.0%    98.5%       78%/20%/2%    1.893    0.029     5.0%     0.0%   1.3669   0.0113     5.9%
   979     7.5s    0.0090    90.0%    90.0%    98.5%       79%/20%/0%    1.806    0.027    10.0%     0.0%   1.4333   0.0157     8.0%
   980     7.5s    0.0093    95.0%    95.0%    99.0%       74%/25%/0%    1.631    0.024     5.0%     0.0%   1.5510   0.0063     8.2%
  [MA20] reward=0.0121 task_sr=96.2% miss=3.8% time_limit=0.0% v2v=0.3%
  [RWRD] r_prog=0.0441 r_term=0.0492 r_illegal=0.0000
  [PPO ] p_loss=0.0058 v_loss=0.0342 entropy=1.5510 grad=2.1156 active=100.0%
  [SIM ] avg_power(a)=0.4768 rsu_q=0.680 tx=54 no_tx=154 deadlock=0 svc=0.000GHz idle=0.0%

    Ep    Wall    R/step     T_SR     V_SR     S_SR            L/R/V   Lat(s)       En     Miss      Ill      Ent       KL     Clip
--------------------------------------------------------------------------------------------------------------------------------
   981     4.6s    0.0175   100.0%   100.0%   100.0%       75%/25%/0%    0.835    0.082     0.0%     0.0%   1.4667   0.0092     8.3%
   982    18.9s    0.0058    65.0%    65.0%    91.5%       71%/29%/0%    2.898    0.088    35.0%     0.0%   1.7336   0.0147     7.2%
   983     8.9s    0.0079    95.0%    95.0%    99.5%       74%/25%/0%    1.844    0.027     5.0%     0.0%   1.5085   0.0219    10.5%
   984     8.7s    0.0088    85.0%    85.0%    97.4%       82%/18%/0%    1.873    0.025    15.0%     0.0%   1.6142   0.0123     7.0%
   985     8.1s    0.0096   100.0%   100.0%   100.0%       80%/19%/1%    1.695    0.021     0.0%     0.0%   1.6105   0.0042     9.1%
   986     2.3s    0.0194   100.0%   100.0%   100.0%       71%/29%/0%    0.716    0.054     0.0%     0.0%   0.9670   0.0012     7.2%
   987     6.9s    0.0100   100.0%   100.0%   100.0%       86%/14%/0%    1.736    0.015     0.0%     0.0%   1.3330   0.0149     6.7%
   988     3.4s    0.0183   100.0%   100.0%   100.0%       73%/27%/0%    0.755    0.054     0.0%     0.0%   1.2144   0.0003     8.0%
   989     6.8s    0.0088    90.0%    90.0%    99.0%       85%/15%/0%    1.656    0.013    10.0%     0.0%   1.4833   0.0167     7.6%
   990     2.5s    0.0174   100.0%   100.0%   100.0%       78%/22%/0%    0.717    0.038     0.0%     0.0%   1.0591   0.0232    11.0%
  [MA20] reward=0.0126 task_sr=94.7% miss=5.3% time_limit=0.0% v2v=0.3%
  [RWRD] r_prog=0.0242 r_term=0.1500 r_illegal=0.0000
  [PPO ] p_loss=-0.0078 v_loss=0.0145 entropy=1.0591 grad=0.9966 active=100.0%
  [SIM ] avg_power(a)=0.4752 rsu_q=0.273 tx=30 no_tx=106 deadlock=0 svc=0.000GHz idle=0.0%
   991     7.0s    0.0098   100.0%   100.0%   100.0%       82%/18%/0%    1.918    0.035     0.0%     0.0%   1.4353   0.0083     8.2%
   992     9.5s    0.0082    90.0%    90.0%    98.6%       87%/13%/0%    1.673    0.018    10.0%     0.0%   1.4930   0.0156     9.0%
   993    16.1s    0.0062    65.0%    65.0%    92.1%       89%/10%/0%    2.695    0.031    35.0%     0.0%   1.5058   0.0069     7.6%
   994     4.6s    0.0180   100.0%   100.0%   100.0%       76%/23%/1%    0.796    0.044     0.0%     0.0%   1.3068   0.0136    11.5%
   995     6.7s    0.0087    95.0%    95.0%    99.0%       83%/17%/0%    1.643    0.017     5.0%     0.0%   1.5181   0.0059     8.8%
   996     7.5s    0.0086    85.0%    85.0%    97.0%       89%/11%/0%    1.818    0.004    15.0%     0.0%   1.5821   0.0096     8.4%
   997    12.9s    0.0064    85.0%    85.0%    96.9%       90%/10%/0%    2.706    0.006    15.0%     0.0%   1.5959   0.0124     7.9%
   998    11.2s    0.0087   100.0%   100.0%   100.0%       85%/15%/0%    1.751    0.018     0.0%     0.0%   1.8725   0.0089     8.2%
   999    14.2s    0.0057    55.0%    55.0%    92.0%       90%/10%/0%    2.455    0.011    45.0%     0.0%   1.6727   0.0132     7.7%
  1000     2.3s    0.0211   100.0%   100.0%   100.0%       81%/19%/0%    0.653    0.016     0.0%     0.0%   0.9401   0.0221     9.4%
  [MA20] reward=0.0112 task_sr=90.5% miss=9.5% time_limit=0.0% v2v=0.2%
  [RWRD] r_prog=0.0243 r_term=0.1863 r_illegal=0.0000
  [PPO ] p_loss=0.0057 v_loss=0.0275 entropy=0.9401 grad=2.2999 active=100.0%
  [SIM ] avg_power(a)=0.4839 rsu_q=0.444 tx=26 no_tx=110 deadlock=0 svc=0.000GHz idle=0.0%
  [Checkpoint] saved: ep1000.pth

    Ep    Wall    R/step     T_SR     V_SR     S_SR            L/R/V   Lat(s)       En     Miss      Ill      Ent       KL     Clip
--------------------------------------------------------------------------------------------------------------------------------
  1001     6.9s    0.0099    95.0%    95.0%    98.5%       84%/16%/0%    1.676    0.018     5.0%     0.0%   1.3707   0.0038     6.7%
  1002    11.7s    0.0075    70.0%    70.0%    91.4%       85%/15%/0%    1.631    0.047    30.0%     0.0%   1.8565   0.0089     7.0%
  1003     3.1s    0.0195   100.0%   100.0%   100.0%       76%/24%/0%    0.719    0.043     0.0%     0.0%   1.1416   0.0066     3.1%
  1004     6.5s    0.0092    90.0%    90.0%    98.0%       87%/13%/0%    1.477    0.015    10.0%     0.0%   1.4846   0.0073     5.8%
  1005     2.2s    0.0195   100.0%   100.0%   100.0%       85%/15%/0%    0.688    0.017     0.0%     0.0%   1.0170   0.0088     8.1%
  1006    14.0s    0.0066    80.0%    80.0%    98.1%       86%/14%/0%    2.648    0.015    20.0%     0.0%   1.6638   0.0131     7.5%
  1007     6.6s    0.0079    85.0%    85.0%    98.4%       79%/21%/1%    1.885    0.020    15.0%     0.0%   1.5224   0.0063     5.8%
  1008     7.8s    0.0096   100.0%   100.0%   100.0%       82%/17%/1%    1.713    0.019     0.0%     0.0%   1.5253   0.0091     5.9%
  1009    14.5s    0.0071    85.0%    85.0%    97.8%       69%/30%/1%    2.738    0.054    15.0%     0.0%   1.5412   0.0135     8.9%
  1010     7.4s    0.0095    95.0%    95.0%    99.0%       78%/21%/1%    1.767    0.044     5.0%     0.0%   1.4490   0.0048     6.3%
  [MA20] reward=0.0104 task_sr=88.8% miss=11.2% time_limit=0.0% v2v=0.3%
  [RWRD] r_prog=0.0448 r_term=0.0504 r_illegal=0.0000
  [PPO ] p_loss=0.0267 v_loss=0.0487 entropy=1.4490 grad=1.7292 active=100.0%
  [SIM ] avg_power(a)=0.4730 rsu_q=0.417 tx=46 no_tx=162 deadlock=0 svc=0.000GHz idle=0.0%
  1011     7.4s    0.0094   100.0%   100.0%   100.0%       74%/25%/1%    1.865    0.027     0.0%     0.0%   1.5518   0.0121     5.7%
  1012     8.0s    0.0089    95.0%    95.0%    98.5%       81%/18%/0%    1.819    0.032     5.0%     0.0%   1.4392   0.0069     7.3%
  1013    14.4s    0.0067    75.0%    75.0%    94.9%       80%/20%/1%    2.808    0.046    25.0%     0.0%   1.4674   0.0151     7.4%
  1014     8.0s    0.0082    85.0%    85.0%    96.9%       82%/17%/1%    1.776    0.031    15.0%     0.0%   1.5163   0.0196     7.0%
  1015     7.4s    0.0088    90.0%    90.0%    98.0%       81%/19%/0%    1.843    0.034    10.0%     0.0%   1.4923   0.0101     7.0%
  1016     7.8s    0.0093    95.0%    95.0%    99.0%       83%/16%/1%    1.807    0.015     5.0%     0.0%   1.6068   0.0124     9.8%
  1017     2.3s    0.0197   100.0%   100.0%   100.0%       75%/24%/1%    0.690    0.029     0.0%     0.0%   1.0372   0.0131     8.4%
  1018    14.0s    0.0071    70.0%    70.0%    92.3%       82%/18%/1%    1.712    0.066    30.0%     0.0%   2.0963   0.0111     9.8%
  1019     7.9s    0.0088    95.0%    95.0%    99.0%       78%/21%/1%    1.799    0.042     5.0%     0.0%   1.4548   0.0264    10.1%
  1020     7.3s    0.0088    85.0%    85.0%    96.9%       81%/19%/0%    1.784    0.051    15.0%     0.0%   1.3044   0.0219     7.7%
  [MA20] reward=0.0101 task_sr=89.5% miss=10.5% time_limit=0.0% v2v=0.5%
  [RWRD] r_prog=0.0498 r_term=0.0380 r_illegal=0.0000
  [PPO ] p_loss=0.0028 v_loss=0.1054 entropy=1.3044 grad=1.1623 active=100.0%
  [SIM ] avg_power(a)=0.4971 rsu_q=0.320 tx=37 no_tx=153 deadlock=0 svc=0.000GHz idle=0.0%

    Ep    Wall    R/step     T_SR     V_SR     S_SR            L/R/V   Lat(s)       En     Miss      Ill      Ent       KL     Clip
--------------------------------------------------------------------------------------------------------------------------------
  1021     8.3s    0.0086    85.0%    85.0%    96.6%       80%/19%/0%    1.653    0.040    15.0%     0.0%   1.3886   0.0203    11.2%
  1022     6.9s    0.0092    90.0%    90.0%    98.5%       82%/17%/1%    1.660    0.039    10.0%     0.0%   1.3109   0.0113    11.6%
  1023    14.0s    0.0095    95.0%    95.0%    99.0%       74%/26%/0%    1.928    0.073     5.0%     0.0%   1.9903   0.0308    12.7%
  1024     3.4s    0.0169   100.0%   100.0%   100.0%       76%/24%/0%    0.694    0.036     0.0%     0.0%   1.3787   0.0228     9.5%
  1025     8.2s    0.0086    90.0%    90.0%    98.4%       78%/22%/0%    1.735    0.043    10.0%     0.0%   1.5424   0.0117    10.8%
  1026     3.1s    0.0179   100.0%   100.0%   100.0%       77%/23%/0%    0.711    0.037     0.0%     0.0%   1.2503  -0.0014     9.0%
  1027    12.7s    0.0072    85.0%    85.0%    98.4%       79%/21%/0%    2.616    0.020    15.0%     0.0%   1.5673   0.0162    10.0%
  1028     8.4s    0.0087   100.0%   100.0%   100.0%       82%/18%/0%    1.874    0.025     0.0%     0.0%   1.6082   0.0113    11.4%
  1029     2.3s    0.0220   100.0%   100.0%   100.0%       79%/21%/0%    0.670    0.038     0.0%     0.0%   0.9689   0.0029    10.1%
  1030     7.4s    0.0085    90.0%    90.0%    99.5%       84%/15%/1%    1.593    0.023    10.0%     0.0%   1.4254   0.0170     9.1%
  [MA20] reward=0.0106 task_sr=91.2% miss=8.8% time_limit=0.0% v2v=0.4%
  [RWRD] r_prog=0.0391 r_term=0.0458 r_illegal=0.0000
  [PPO ] p_loss=0.0278 v_loss=0.1201 entropy=1.4254 grad=1.6637 active=100.0%
  [SIM ] avg_power(a)=0.4974 rsu_q=0.520 tx=31 no_tx=164 deadlock=0 svc=0.000GHz idle=0.0%
  1031     7.7s    0.0088    80.0%    80.0%    95.9%       84%/15%/1%    1.747    0.014    20.0%     0.0%   1.5187   0.0088     9.2%
  1032     7.5s    0.0101   100.0%   100.0%   100.0%       82%/18%/0%    1.944    0.026     0.0%     0.0%   1.3844   0.0049     9.1%
  1033     9.6s    0.0085    90.0%    90.0%    98.4%       81%/16%/4%    1.843    0.067    10.0%     0.0%   1.7439   0.0095    10.1%
  1034    13.1s    0.0090    95.0%    95.0%    99.5%       83%/16%/1%    1.923    0.044     5.0%     0.0%   1.8740   0.0140     8.8%
  1035    31.3s    0.0051    35.0%    35.0%    85.6%       78%/22%/0%    2.784    0.090    65.0%     0.0%   2.0503   0.0189    10.1%
  1036     9.1s    0.0089    85.0%    85.0%    97.4%       84%/15%/1%    1.737    0.021    15.0%     0.0%   1.6144   0.0214    11.2%
  1037     4.8s    0.0203   100.0%   100.0%   100.0%       80%/20%/0%    0.762    0.050     0.0%     0.0%   1.2739   0.0123    10.1%
  1038     7.7s    0.0098   100.0%   100.0%   100.0%       83%/17%/0%    1.700    0.014     0.0%     0.0%   1.5355   0.0021    11.2%
  1039     9.5s    0.0085    85.0%    85.0%    96.3%       82%/18%/1%    1.784    0.041    15.0%     0.0%   1.8204   0.0141    12.1%
  1040     7.6s    0.0092   100.0%   100.0%   100.0%       83%/17%/0%    1.762    0.018     0.0%     0.0%   1.4637   0.0112     9.2%
  [MA20] reward=0.0108 task_sr=90.3% miss=9.8% time_limit=0.0% v2v=0.4%
  [RWRD] r_prog=0.0408 r_term=0.0508 r_illegal=0.0000
  [PPO ] p_loss=-0.0060 v_loss=0.0397 entropy=1.4637 grad=0.7491 active=100.0%
  [SIM ] avg_power(a)=0.4868 rsu_q=0.462 tx=34 no_tx=169 deadlock=0 svc=0.000GHz idle=0.0%

    Ep    Wall    R/step     T_SR     V_SR     S_SR            L/R/V   Lat(s)       En     Miss      Ill      Ent       KL     Clip
--------------------------------------------------------------------------------------------------------------------------------
  1041    11.2s    0.0091    90.0%    90.0%    98.0%       80%/19%/1%    1.876    0.033    10.0%     0.0%   1.7977   0.0153     8.5%
  1042     2.4s    0.0193   100.0%   100.0%   100.0%       72%/28%/0%    0.675    0.031     0.0%     0.0%   1.0853   0.0044     9.8%
  1043     2.4s    0.0190   100.0%   100.0%   100.0%       74%/26%/0%    0.719    0.041     0.0%     0.0%   1.0423   0.0162     8.7%
  1044     7.6s    0.0082    85.0%    85.0%    99.0%       83%/17%/0%    1.853    0.018    15.0%     0.0%   1.4620   0.0149    10.2%
  1045     7.5s    0.0093    95.0%    95.0%    98.5%       85%/15%/0%    1.737    0.012     5.0%     0.0%   1.6686   0.0141     9.9%
  1046     3.1s    0.0179   100.0%   100.0%   100.0%       76%/24%/0%    0.689    0.047     0.0%     0.0%   1.2074   0.0280     9.6%
  1047     7.0s    0.0104   100.0%   100.0%   100.0%       84%/16%/0%    1.653    0.016     0.0%     0.0%   1.4359   0.0152    11.6%
  1048     9.3s    0.0090    95.0%    95.0%    99.5%       87%/13%/0%    1.821    0.016     5.0%     0.0%   1.6664   0.0277    13.6%
  1049     2.5s    0.0193   100.0%   100.0%   100.0%       72%/27%/1%    0.701    0.043     0.0%     0.0%   1.0177   0.0211     7.4%
  1050    10.1s    0.0091    90.0%    90.0%    99.0%       85%/15%/0%    1.783    0.017    10.0%     0.0%   1.7299   0.0061     6.8%
  [MA20] reward=0.0114 task_sr=91.2% miss=8.8% time_limit=0.0% v2v=0.4%
  [RWRD] r_prog=0.0502 r_term=0.0411 r_illegal=0.0000
  [PPO ] p_loss=-0.0030 v_loss=0.1096 entropy=1.7299 grad=1.2947 active=100.0%
  [SIM ] avg_power(a)=0.4920 rsu_q=0.692 tx=31 no_tx=170 deadlock=0 svc=0.000GHz idle=0.0%
  1051     2.4s    0.0212   100.0%   100.0%   100.0%       74%/26%/0%    0.675    0.028     0.0%     0.0%   0.9377   0.0138     8.0%
  1052    14.1s    0.0068    70.0%    70.0%    93.8%       86%/14%/0%    1.795    0.051    30.0%     0.0%   1.8090   0.0125    10.0%
  1053    14.5s    0.0058    55.0%    55.0%    92.8%       83%/17%/0%    2.629    0.021    45.0%     0.0%   1.5850   0.0136     8.3%
  1054    10.9s    0.0081    90.0%    90.0%    99.1%       81%/19%/0%    1.951    0.046    10.0%     0.0%   1.5423   0.0097    10.5%
  1055    10.2s    0.0092    95.0%    95.0%    99.0%       79%/21%/0%    1.871    0.050     5.0%     0.0%   1.6264  -0.0002    10.4%
  1056    11.8s    0.0075    85.0%    85.0%    97.9%       85%/15%/0%    2.555    0.011    15.0%     0.0%   1.6435   0.0147     7.5%
  1057     6.7s    0.0083   100.0%   100.0%   100.0%       83%/17%/0%    1.773    0.013     0.0%     0.0%   1.4174   0.0134     9.4%
  1058     6.9s    0.0093    90.0%    90.0%    98.5%       84%/16%/0%    1.713    0.018    10.0%     0.0%   1.4187   0.0244     7.3%
  1059     4.0s    0.0149   100.0%   100.0%   100.0%       74%/26%/0%    0.771    0.043     0.0%     0.0%   1.4811   0.0028     8.8%
  1060    12.7s    0.0078    90.0%    90.0%    98.0%       83%/17%/0%    2.650    0.013    10.0%     0.0%   1.5466   0.0026     9.7%
  [MA20] reward=0.0115 task_sr=91.5% miss=8.5% time_limit=0.0% v2v=0.1%
  [RWRD] r_prog=0.0492 r_term=0.0290 r_illegal=0.0000
  [PPO ] p_loss=-0.0054 v_loss=0.0643 entropy=1.5466 grad=1.4771 active=100.0%
  [SIM ] avg_power(a)=0.4960 rsu_q=0.647 tx=43 no_tx=207 deadlock=0 svc=0.000GHz idle=0.0%

    Ep    Wall    R/step     T_SR     V_SR     S_SR            L/R/V   Lat(s)       En     Miss      Ill      Ent       KL     Clip
--------------------------------------------------------------------------------------------------------------------------------
  1061     7.1s    0.0104   100.0%   100.0%   100.0%       84%/16%/0%    1.666    0.012     0.0%     0.0%   1.4890   0.0104     7.6%
  1062     2.0s    0.0217   100.0%   100.0%   100.0%       82%/17%/1%    0.592    0.013     0.0%     0.0%   0.9775   0.0209    13.3%
  1063     6.2s    0.0089    95.0%    95.0%    99.5%       84%/16%/0%    1.559    0.011     5.0%     0.0%   1.4157   0.0108     9.5%
  1064    10.0s    0.0086    95.0%    95.0%   100.0%       83%/17%/0%    1.721    0.032     5.0%     0.0%   1.5465   0.0241    13.1%
  1065     7.0s    0.0092   100.0%   100.0%   100.0%       78%/22%/0%    1.854    0.018     0.0%     0.0%   1.4490   0.0409    16.6%
  1066     8.3s    0.0090   100.0%   100.0%   100.0%       69%/31%/0%    1.840    0.036     0.0%     0.0%   1.5883   0.0185     7.9%
  1067    17.3s    0.0058    85.0%    85.0%    98.1%       48%/52%/0%    2.772    0.105    15.0%     0.0%   1.5495   0.0217     9.7%
  1068     7.0s    0.0111   100.0%   100.0%   100.0%       69%/31%/0%    1.566    0.043     0.0%     0.0%   1.3785   0.0079     9.1%
  1069     2.5s    0.0197   100.0%   100.0%   100.0%       69%/31%/0%    0.700    0.049     0.0%     0.0%   1.0161   0.0026     5.8%
  1070     5.4s    0.0150   100.0%   100.0%   100.0%       66%/34%/0%    0.960    0.103     0.0%     0.0%   1.7780   0.0443    10.9%
  [MA20] reward=0.0109 task_sr=92.5% miss=7.5% time_limit=0.0% v2v=0.1%
  [RWRD] r_prog=0.0395 r_term=0.1101 r_illegal=0.0000
  [PPO ] p_loss=-0.0122 v_loss=0.0292 entropy=1.7780 grad=2.1234 active=100.0%
  [SIM ] avg_power(a)=0.4774 rsu_q=1.429 tx=45 no_tx=86 deadlock=0 svc=0.000GHz idle=0.0%
  1071     2.7s    0.0187   100.0%   100.0%   100.0%       70%/30%/0%    0.829    0.076     0.0%     0.0%   1.0846   0.0051     7.5%
  1072    27.1s    0.0057    75.0%    75.0%    97.7%       52%/48%/0%    2.839    0.094    25.0%     0.0%   1.9805   0.0161     8.8%
  1073     2.3s    0.0192   100.0%   100.0%   100.0%       75%/25%/0%    0.686    0.034     0.0%     0.0%   0.9687   0.0086     6.6%
  1074     7.5s    0.0103   100.0%   100.0%   100.0%       72%/28%/0%    1.712    0.047     0.0%     0.0%   1.3822   0.0193     7.2%
  1075     6.5s    0.0102   100.0%   100.0%   100.0%       73%/27%/0%    1.631    0.040     0.0%     0.0%   1.3139   0.0163     9.4%
  1076     5.2s    0.0193   100.0%   100.0%   100.0%       67%/33%/0%    0.882    0.086     0.0%     0.0%   1.5548   0.0120    11.4%
  1077     7.3s    0.0096    95.0%    95.0%    98.5%       69%/31%/0%    1.734    0.068     5.0%     0.0%   1.2903   0.0149     6.9%
  1078     3.8s    0.0172   100.0%   100.0%   100.0%       60%/40%/0%    0.889    0.092     0.0%     0.0%   1.2431   0.0273    13.1%
  1079     7.7s    0.0085    95.0%    95.0%    99.5%       62%/38%/0%    1.804    0.053     5.0%     0.0%   1.3356   0.0082     7.0%
  1080    11.8s    0.0079    90.0%    90.0%    98.6%       63%/37%/0%    1.980    0.078    10.0%     0.0%   1.4060   0.0298    15.7%
  [MA20] reward=0.0123 task_sr=96.5% miss=3.5% time_limit=0.0% v2v=0.0%
  [RWRD] r_prog=0.0425 r_term=0.0367 r_illegal=0.0000
  [PPO ] p_loss=-0.0128 v_loss=0.2065 entropy=1.4060 grad=0.9418 active=100.0%
  [SIM ] avg_power(a)=0.4654 rsu_q=2.037 tx=79 no_tx=133 deadlock=0 svc=0.000GHz idle=0.0%

    Ep    Wall    R/step     T_SR     V_SR     S_SR            L/R/V   Lat(s)       En     Miss      Ill      Ent       KL     Clip
--------------------------------------------------------------------------------------------------------------------------------
  1081     8.9s    0.0084    85.0%    85.0%    97.4%       74%/26%/0%    1.788    0.051    15.0%     0.0%   1.3590   0.0194     6.8%
  1082    10.8s    0.0091    90.0%    90.0%    97.6%       75%/25%/0%    2.015    0.035    10.0%     0.0%   1.4704   0.0135     7.3%
  1083     7.5s    0.0096    95.0%    95.0%    99.5%       80%/20%/0%    1.731    0.019     5.0%     0.0%   1.4170   0.0107     6.6%
  1084    23.3s    0.0073    85.0%    85.0%    98.4%       73%/27%/0%    2.736    0.037    15.0%     0.0%   1.7832   0.0114    10.5%
  1085    13.9s    0.0066    80.0%    80.0%    97.0%       75%/25%/0%    2.429    0.026    20.0%     0.0%   1.4782   0.0069    10.4%
  1086     3.3s    0.0193   100.0%   100.0%   100.0%       70%/30%/0%    0.804    0.077     0.0%     0.0%   1.0454   0.0065     8.1%
  1087    15.2s    0.0104   100.0%   100.0%   100.0%       81%/19%/0%    1.819    0.033     0.0%     0.0%   1.8475   0.0125     8.8%
  1088    14.0s    0.0075    95.0%    95.0%    99.6%       76%/24%/0%    2.774    0.035     5.0%     0.0%   1.5228   0.0089     9.1%
  1089     6.8s    0.0107   100.0%   100.0%   100.0%       81%/19%/0%    1.707    0.022     0.0%     0.0%   1.2676   0.0132     6.6%
  1090     6.6s    0.0096   100.0%   100.0%   100.0%       81%/18%/1%    1.704    0.019     0.0%     0.0%   1.3938   0.0147     7.0%
  [MA20] reward=0.0112 task_sr=94.2% miss=5.8% time_limit=0.0% v2v=0.1%
  [RWRD] r_prog=0.0418 r_term=0.0546 r_illegal=0.0000
  [PPO ] p_loss=0.0267 v_loss=0.0363 entropy=1.3938 grad=1.9411 active=100.0%
  [SIM ] avg_power(a)=0.4837 rsu_q=0.542 tx=37 no_tx=160 deadlock=0 svc=0.000GHz idle=0.0%
  1091    15.2s    0.0072    75.0%    75.0%    97.7%       87%/13%/0%    2.855    0.010    25.0%     0.0%   1.4423   0.0266     7.3%
  1092     6.9s    0.0101    90.0%    90.0%    97.4%       88%/12%/0%    1.676    0.004    10.0%     0.0%   1.4415   0.0159     7.3%
  1093     3.6s    0.0170   100.0%   100.0%   100.0%       85%/15%/0%    0.674    0.011     0.0%     0.0%   1.2434   0.0390    13.5%
  1094     2.9s    0.0193   100.0%   100.0%   100.0%       76%/24%/0%    0.740    0.041     0.0%     0.0%   0.9961   0.0357    11.8%
  1095     2.9s    0.0194   100.0%   100.0%   100.0%       67%/33%/0%    0.792    0.064     0.0%     0.0%   1.0387  -0.0060     6.8%
  1096    12.4s    0.0072    95.0%    95.0%    99.6%       71%/29%/0%    2.500    0.023     5.0%     0.0%   1.4551   0.0281    13.4%
  1097     2.7s    0.0195   100.0%   100.0%   100.0%       74%/26%/0%    0.752    0.051     0.0%     0.0%   0.9128   0.0002     7.3%
  1098     3.1s    0.0178   100.0%   100.0%   100.0%       71%/29%/0%    0.731    0.058     0.0%     0.0%   1.1906   0.0297     8.2%
  1099    12.3s    0.0091    95.0%    95.0%   100.0%       66%/34%/0%    1.785    0.077     5.0%     0.0%   1.4917   0.0052    11.6%
  1100     2.5s    0.0178   100.0%   100.0%   100.0%       67%/33%/0%    0.717    0.041     0.0%     0.0%   1.0772   0.0316    10.5%
  [MA20] reward=0.0121 task_sr=94.2% miss=5.8% time_limit=0.0% v2v=0.1%
  [RWRD] r_prog=0.0273 r_term=0.1505 r_illegal=0.0000
  [PPO ] p_loss=0.0089 v_loss=0.0100 entropy=1.0772 grad=1.4647 active=100.0%
  [SIM ] avg_power(a)=0.4547 rsu_q=0.909 tx=44 no_tx=88 deadlock=0 svc=0.000GHz idle=0.0%
  [Checkpoint] saved: ep1100.pth

    Ep    Wall    R/step     T_SR     V_SR     S_SR            L/R/V   Lat(s)       En     Miss      Ill      Ent       KL     Clip
--------------------------------------------------------------------------------------------------------------------------------
  1101    11.9s    0.0078    90.0%    90.0%    98.1%       68%/32%/0%    2.442    0.027    10.0%     0.0%   1.3506   0.0172    13.0%
  1102     2.2s    0.0197   100.0%   100.0%   100.0%       65%/35%/0%    0.677    0.064     0.0%     0.0%   1.1167   0.0218     9.7%
  1103     8.3s    0.0087    95.0%    95.0%    99.5%       71%/29%/0%    1.615    0.027     5.0%     0.0%   1.4795   0.0132    12.7%
  1104    13.4s    0.0080    95.0%    95.0%    99.6%       71%/29%/0%    2.568    0.029     5.0%     0.0%   1.4401   0.0206    10.2%
  1105     2.9s    0.0195   100.0%   100.0%   100.0%       66%/34%/0%    0.772    0.049     0.0%     0.0%   1.0387   0.0277    12.9%
  1106     6.7s    0.0095   100.0%   100.0%   100.0%       71%/29%/0%    1.610    0.031     0.0%     0.0%   1.4390   0.0121     7.3%
  1107     3.3s    0.0180   100.0%   100.0%   100.0%       68%/32%/0%    0.707    0.047     0.0%     0.0%   1.3537   0.0378    14.5%
  1108     4.4s    0.0180   100.0%   100.0%   100.0%       60%/40%/0%    0.836    0.089     0.0%     0.0%   1.3455   0.0387    13.0%
  1109     6.9s    0.0106   100.0%   100.0%   100.0%       66%/34%/0%    1.555    0.035     0.0%     0.0%   1.4052   0.0389     9.8%
  1110     7.9s    0.0100    95.0%    95.0%    99.5%       69%/31%/0%    1.743    0.052     5.0%     0.0%   1.3581   0.0163     7.9%
  [MA20] reward=0.0137 task_sr=96.5% miss=3.5% time_limit=0.0% v2v=0.0%
  [RWRD] r_prog=0.0487 r_term=0.0515 r_illegal=0.0000
  [PPO ] p_loss=0.0140 v_loss=0.1501 entropy=1.3581 grad=0.9382 active=100.0%
  [SIM ] avg_power(a)=0.4815 rsu_q=1.522 tx=63 no_tx=140 deadlock=0 svc=0.000GHz idle=0.0%
  → Best model saved: sr=0.958 miss=0.042 tl=0.000 cft=1.549 illegal=0.000
  1111    10.2s    0.0079    90.0%    90.0%    96.1%       66%/34%/0%    1.805    0.038    10.0%     0.0%   1.5469   0.0316     8.6%
  1112     7.7s    0.0085    95.0%    95.0%   100.0%       73%/27%/0%    1.736    0.027     5.0%     0.0%   1.5728   0.0084     7.2%
  1113     3.0s    0.0179   100.0%   100.0%   100.0%       68%/32%/0%    0.821    0.070     0.0%     0.0%   1.1323   0.0165     5.1%
  1114     7.3s    0.0091    95.0%    95.0%   100.0%       66%/34%/0%    1.816    0.053     5.0%     0.0%   1.3415   0.0326     6.6%
  1115     9.1s    0.0093    95.0%    95.0%    99.5%       69%/31%/0%    1.843    0.052     5.0%     0.0%   1.5213   0.0120    10.4%
  1116     2.9s    0.0162   100.0%   100.0%   100.0%       72%/28%/0%    0.759    0.047     0.0%     0.0%   1.1046   0.0069     5.3%
  1117     9.4s    0.0088    90.0%    90.0%    99.5%       75%/25%/0%    1.785    0.035    10.0%     0.0%   1.5886   0.0328     8.9%
  1118     2.8s    0.0180   100.0%   100.0%   100.0%       70%/30%/0%    0.807    0.068     0.0%     0.0%   1.0784   0.0249     5.1%
  1119     2.4s    0.0196   100.0%   100.0%   100.0%       71%/29%/0%    0.756    0.051     0.0%     0.0%   0.8998   0.0156     5.1%
  1120     7.2s    0.0106   100.0%   100.0%   100.0%       63%/37%/0%    1.686    0.086     0.0%     0.0%   1.2292   0.0062     9.0%
  [MA20] reward=0.0128 task_sr=97.0% miss=3.0% time_limit=0.0% v2v=0.0%
  [RWRD] r_prog=0.0440 r_term=0.0624 r_illegal=0.0000
  [PPO ] p_loss=0.0115 v_loss=0.1382 entropy=1.2292 grad=4.6239 active=100.0%
  [SIM ] avg_power(a)=0.4534 rsu_q=2.381 tx=72 no_tx=123 deadlock=0 svc=0.000GHz idle=0.0%

    Ep    Wall    R/step     T_SR     V_SR     S_SR            L/R/V   Lat(s)       En     Miss      Ill      Ent       KL     Clip
--------------------------------------------------------------------------------------------------------------------------------
  1121    14.0s    0.0099   100.0%   100.0%   100.0%       35%/65%/0%    2.053    0.092     0.0%     0.0%   1.5070   0.0284    12.0%
  1122     6.9s    0.0103   100.0%   100.0%   100.0%       68%/32%/0%    1.675    0.036     0.0%     0.0%   1.3434   0.0177     8.3%
  1123     5.6s    0.0155   100.0%   100.0%   100.0%       64%/36%/0%    0.964    0.108     0.0%     0.0%   1.6540   0.0202    10.9%
  1124     7.5s    0.0106   100.0%   100.0%   100.0%       69%/31%/0%    1.811    0.049     0.0%     0.0%   1.3222   0.0109     8.1%
  1125     9.3s    0.0099   100.0%   100.0%   100.0%       69%/31%/0%    1.791    0.046     0.0%     0.0%   1.4046   0.0233    11.0%
  1126    17.4s    0.0084    80.0%    80.0%    97.0%       42%/58%/0%    2.251    0.105    20.0%     0.0%   1.8180   0.0383    15.6%
  1127     9.2s    0.0101   100.0%   100.0%   100.0%       61%/39%/0%    1.815    0.079     0.0%     0.0%   1.5290   0.0154     6.9%
  1128     7.6s    0.0084    95.0%    95.0%    98.5%       66%/34%/0%    1.809    0.044     5.0%     0.0%   1.4300   0.0180     9.9%
  1129    22.2s    0.0062    80.0%    80.0%    98.4%       65%/35%/0%    2.676    0.039    20.0%     0.0%   1.8289   0.0144    12.7%
  1130     7.1s    0.0097    95.0%    95.0%    99.5%       76%/24%/0%    1.675    0.015     5.0%     0.0%   1.4237   0.0097     5.2%
  [MA20] reward=0.0112 task_sr=95.7% miss=4.2% time_limit=0.0% v2v=0.0%
  [RWRD] r_prog=0.0461 r_term=0.0513 r_illegal=0.0000
  [PPO ] p_loss=0.0026 v_loss=0.0898 entropy=1.4237 grad=1.2318 active=100.0%
  [SIM ] avg_power(a)=0.4701 rsu_q=0.792 tx=49 no_tx=154 deadlock=0 svc=0.000GHz idle=0.0%
  1131    12.5s    0.0060    75.0%    75.0%    98.0%       75%/25%/0%    2.701    0.013    25.0%     0.0%   1.5480   0.0068     5.9%
  1132     7.0s    0.0090    95.0%    95.0%    99.5%       84%/16%/0%    1.627    0.007     5.0%     0.0%   1.4030   0.0173     5.9%
  1133    12.3s    0.0092   100.0%   100.0%   100.0%       75%/25%/0%    1.852    0.042     0.0%     0.0%   1.6539   0.0139     7.6%
  1134     7.4s    0.0096   100.0%   100.0%   100.0%       76%/24%/0%    1.727    0.031     0.0%     0.0%   1.3550   0.0284     7.1%
  1135     7.4s    0.0092   100.0%   100.0%   100.0%       80%/20%/0%    1.665    0.026     0.0%     0.0%   1.5194   0.0168     6.6%
  1136     7.2s    0.0087    95.0%    95.0%    99.0%       76%/24%/0%    1.583    0.029     5.0%     0.0%   1.5683   0.0170     6.0%
  1137    12.7s    0.0074   100.0%   100.0%   100.0%       80%/20%/0%    2.665    0.022     0.0%     0.0%   1.5860   0.0078     7.0%
  1138     6.7s    0.0082    95.0%    95.0%    99.5%       82%/18%/0%    1.648    0.013     5.0%     0.0%   1.4386   0.0159     7.1%
  1139    16.3s    0.0079    85.0%    85.0%    94.0%       61%/39%/0%    2.089    0.093    15.0%     0.0%   1.8139   0.0232    10.0%
  1140     6.7s    0.0085    90.0%    90.0%    98.0%       83%/16%/1%    1.771    0.019    10.0%     0.0%   1.3842   0.0059     7.0%
  [MA20] reward=0.0091 task_sr=94.2% miss=5.8% time_limit=0.0% v2v=0.1%
  [RWRD] r_prog=0.0438 r_term=0.0410 r_illegal=0.0000
  [PPO ] p_loss=-0.0018 v_loss=0.1028 entropy=1.3842 grad=1.0042 active=100.0%
  [SIM ] avg_power(a)=0.4997 rsu_q=0.577 tx=33 no_tx=164 deadlock=0 svc=0.000GHz idle=0.0%

    Ep    Wall    R/step     T_SR     V_SR     S_SR            L/R/V   Lat(s)       En     Miss      Ill      Ent       KL     Clip
--------------------------------------------------------------------------------------------------------------------------------
  1141     7.4s    0.0084    90.0%    90.0%    98.5%       81%/19%/0%    1.797    0.019    10.0%     0.0%   1.4737   0.0101     7.0%
  1142     7.3s    0.0095    90.0%    90.0%    98.1%       80%/20%/0%    1.660    0.026    10.0%     0.0%   1.4523   0.0107     6.3%
  1143     7.1s    0.0083    90.0%    90.0%    97.9%       77%/22%/1%    1.652    0.027    10.0%     0.0%   1.4153   0.0143     6.2%
  1144     2.5s    0.0198   100.0%   100.0%   100.0%       71%/29%/0%    0.702    0.049     0.0%     0.0%   1.0099   0.0046     4.4%
  1145     6.8s    0.0100   100.0%   100.0%   100.0%       79%/21%/0%    1.695    0.036     0.0%     0.0%   1.4036   0.0078     5.2%
  1146    14.4s    0.0060    70.0%    70.0%    95.6%       76%/24%/0%    2.713    0.019    30.0%     0.0%   1.4349   0.0101     5.7%
  1147     2.6s    0.0178   100.0%   100.0%   100.0%       74%/26%/0%    0.750    0.034     0.0%     0.0%   1.0892   0.0127     4.0%
  1148    12.0s    0.0075    95.0%    95.0%   100.0%       69%/31%/0%    2.810    0.034     5.0%     0.0%   1.5248   0.0186     6.1%
  1149     7.0s    0.0098    95.0%    95.0%    99.5%       78%/22%/0%    1.552    0.025     5.0%     0.0%   1.4787   0.0043     7.1%
  1150     7.3s    0.0092    95.0%    95.0%   100.0%       76%/24%/0%    1.848    0.031     5.0%     0.0%   1.4413   0.0163     6.2%
  [MA20] reward=0.0095 task_sr=93.0% miss=7.0% time_limit=0.0% v2v=0.1%
  [RWRD] r_prog=0.0456 r_term=0.0459 r_illegal=0.0000
  [PPO ] p_loss=0.0117 v_loss=0.0912 entropy=1.4413 grad=2.0037 active=100.0%
  [SIM ] avg_power(a)=0.4904 rsu_q=0.760 tx=48 no_tx=154 deadlock=0 svc=0.000GHz idle=0.0%
  1151    13.8s    0.0071    95.0%    95.0%    99.3%       70%/29%/0%    2.631    0.050     5.0%     0.0%   1.3596   0.0110     7.1%
  1152    12.1s    0.0079    90.0%    90.0%    98.8%       77%/23%/0%    2.491    0.028    10.0%     0.0%   1.4253   0.0112     5.8%
  1153    13.5s    0.0079    95.0%    95.0%    99.2%       67%/33%/0%    2.676    0.059     5.0%     0.0%   1.3482   0.0222     7.7%
  1154     7.1s    0.0096   100.0%   100.0%   100.0%       77%/23%/0%    1.667    0.020     0.0%     0.0%   1.4118   0.0052     6.4%
  1155     7.1s    0.0073    90.0%    90.0%    99.0%       77%/22%/1%    1.651    0.023    10.0%     0.0%   1.4972   0.0017     5.9%
  1156    12.5s    0.0081   100.0%   100.0%   100.0%       69%/31%/0%    2.617    0.031     0.0%     0.0%   1.3616   0.0148     6.6%
  1157     8.5s    0.0099   100.0%   100.0%   100.0%       76%/24%/0%    1.714    0.057     0.0%     0.0%   1.3575   0.0094     4.5%
  1158     6.4s    0.0101   100.0%   100.0%   100.0%       81%/19%/0%    1.596    0.026     0.0%     0.0%   1.2845   0.0085     3.4%
  1159    12.8s    0.0087    95.0%    95.0%    99.5%       74%/26%/0%    1.713    0.038     5.0%     0.0%   1.8252   0.0259     8.6%
  1160     9.7s    0.0074    85.0%    85.0%    97.5%       77%/23%/0%    1.721    0.025    15.0%     0.0%   1.6685   0.0103     7.0%
  [MA20] reward=0.0095 task_sr=93.8% miss=6.2% time_limit=0.0% v2v=0.1%
  [RWRD] r_prog=0.0376 r_term=0.0359 r_illegal=0.0000
  [PPO ] p_loss=-0.0014 v_loss=0.1863 entropy=1.6685 grad=2.2420 active=100.0%
  [SIM ] avg_power(a)=0.5019 rsu_q=0.926 tx=46 no_tx=152 deadlock=0 svc=0.000GHz idle=0.0%

    Ep    Wall    R/step     T_SR     V_SR     S_SR            L/R/V   Lat(s)       En     Miss      Ill      Ent       KL     Clip
--------------------------------------------------------------------------------------------------------------------------------
  1161     7.9s    0.0094    95.0%    95.0%    99.5%       77%/23%/0%    1.844    0.019     5.0%     0.0%   1.4750   0.0097     5.5%
  1162    12.6s    0.0100   100.0%   100.0%   100.0%       66%/34%/0%    1.849    0.073     0.0%     0.0%   1.7851   0.0115     7.8%
  1163    16.0s    0.0072    70.0%    70.0%    96.3%       33%/67%/0%    2.073    0.112    30.0%     0.0%   2.0622   0.0262     9.6%
  1164     6.3s    0.0122   100.0%   100.0%   100.0%       63%/37%/0%    1.444    0.049     0.0%     0.0%   1.2486   0.0281     9.7%
  1165    12.7s    0.0078    95.0%    95.0%    99.2%       61%/39%/0%    2.520    0.046     5.0%     0.0%   1.4418   0.0040     8.5%
  1166    14.1s    0.0109   100.0%   100.0%   100.0%       48%/52%/0%    1.810    0.079     0.0%     0.0%   1.8341   0.0217    12.1%
  1167     8.9s    0.0067    75.0%    75.0%    89.1%       49%/51%/0%    1.114    0.094    25.0%     0.0%   2.3700   0.0150    10.2%
  1168    13.3s    0.0096    95.0%    95.0%    99.5%       45%/55%/0%    1.928    0.071     5.0%     0.0%   1.7111   0.0163     7.8%
  1169     7.0s    0.0106   100.0%   100.0%   100.0%       68%/32%/0%    1.745    0.029     0.0%     0.0%   1.4707   0.0213     7.3%
  1170    13.2s    0.0067    95.0%    95.0%    98.4%       63%/37%/0%    2.712    0.027     5.0%     0.0%   1.4804   0.0239     8.5%
  [MA20] reward=0.0088 task_sr=93.8% miss=6.2% time_limit=0.0% v2v=0.1%
  [RWRD] r_prog=0.0371 r_term=0.0301 r_illegal=0.0000
  [PPO ] p_loss=-0.0107 v_loss=0.1315 entropy=1.4804 grad=2.0037 active=100.0%
  [SIM ] avg_power(a)=0.4842 rsu_q=1.667 tx=94 no_tx=159 deadlock=0 svc=0.000GHz idle=0.0%
  1171     5.7s    0.0093    95.0%    95.0%    97.6%       54%/46%/0%    0.925    0.058     5.0%     0.0%   2.0974   0.0282     9.6%
  1172     7.5s    0.0107   100.0%   100.0%   100.0%       72%/27%/0%    1.724    0.018     0.0%     0.0%   1.4125   0.0083     8.8%
  1173     6.3s    0.0100   100.0%   100.0%   100.0%       65%/35%/0%    1.527    0.037     0.0%     0.0%   1.3042   0.0213    10.4%
  1174     6.9s    0.0105   100.0%   100.0%   100.0%       71%/29%/1%    1.789    0.043     0.0%     0.0%   1.2678   0.0202     6.6%
  1175    15.4s    0.0063    75.0%    75.0%    96.4%       74%/26%/0%    2.689    0.044    25.0%     0.0%   1.4402   0.0201     8.9%
  1176     7.5s    0.0093    90.0%    90.0%    98.0%       74%/25%/0%    1.695    0.025    10.0%     0.0%   1.3175   0.0273    10.4%
  1177     7.7s    0.0098   100.0%   100.0%   100.0%       76%/24%/0%    1.729    0.024     0.0%     0.0%   1.3677   0.0065     8.8%
  1178     6.9s    0.0101    95.0%    95.0%    99.5%       79%/21%/0%    1.654    0.022     5.0%     0.0%   1.4030   0.0172     8.6%
  1179     2.2s    0.0192   100.0%   100.0%   100.0%       75%/25%/0%    0.640    0.035     0.0%     0.0%   1.0627   0.0134    12.1%
  1180    15.5s    0.0098    95.0%    95.0%    98.5%       67%/33%/0%    1.908    0.076     5.0%     0.0%   1.9127   0.0167    12.3%
  [MA20] reward=0.0098 task_sr=93.8% miss=6.2% time_limit=0.0% v2v=0.1%
  [RWRD] r_prog=0.0520 r_term=0.0462 r_illegal=0.0000
  [PPO ] p_loss=0.0058 v_loss=0.1771 entropy=1.9127 grad=2.0179 active=100.0%
  [SIM ] avg_power(a)=0.4811 rsu_q=3.042 tx=66 no_tx=134 deadlock=0 svc=0.000GHz idle=0.0%

    Ep    Wall    R/step     T_SR     V_SR     S_SR            L/R/V   Lat(s)       En     Miss      Ill      Ent       KL     Clip
--------------------------------------------------------------------------------------------------------------------------------
  1181     2.4s    0.0215   100.0%   100.0%   100.0%       73%/27%/0%    0.737    0.048     0.0%     0.0%   0.8181   0.0060     6.1%
  1182     6.6s    0.0095    90.0%    90.0%    98.0%       82%/18%/0%    1.595    0.015    10.0%     0.0%   1.3342   0.0100     9.9%
  1183    13.3s    0.0092    95.0%    95.0%    99.5%       46%/54%/0%    1.995    0.068     5.0%     0.0%   1.8985   0.0235    12.2%
  1184     7.2s    0.0095   100.0%   100.0%   100.0%       71%/29%/0%    1.730    0.032     0.0%     0.0%   1.4487   0.0300     9.8%
  1185     7.1s    0.0100    95.0%    95.0%   100.0%       76%/24%/0%    1.696    0.022     5.0%     0.0%   1.2614   0.0145     8.8%
  1186     6.8s    0.0106   100.0%   100.0%   100.0%       76%/24%/0%    1.598    0.021     0.0%     0.0%   1.4300   0.0144     8.0%
  1187     7.1s    0.0102   100.0%   100.0%   100.0%       79%/21%/0%    1.587    0.030     0.0%     0.0%   1.3181   0.0082     8.5%
  1188     7.1s    0.0095   100.0%   100.0%   100.0%       74%/26%/0%    1.647    0.023     0.0%     0.0%   1.2862   0.0059     8.8%
  1189     6.4s    0.0102   100.0%   100.0%   100.0%       81%/19%/0%    1.611    0.014     0.0%     0.0%   1.3153   0.0147     9.2%
  1190     6.6s    0.0108   100.0%   100.0%   100.0%       80%/20%/0%    1.631    0.014     0.0%     0.0%   1.3956   0.0076     8.8%
  [MA20] reward=0.0108 task_sr=96.5% miss=3.5% time_limit=0.0% v2v=0.1%
  [RWRD] r_prog=0.0501 r_term=0.0579 r_illegal=0.0000
  [PPO ] p_loss=0.0133 v_loss=0.0316 entropy=1.3956 grad=1.1803 active=100.0%
  [SIM ] avg_power(a)=0.4755 rsu_q=0.391 tx=39 no_tx=153 deadlock=0 svc=0.000GHz idle=0.0%
  1191     6.2s    0.0101   100.0%   100.0%   100.0%       83%/17%/0%    1.739    0.011     0.0%     0.0%   1.2326   0.0172     8.7%
  1192     7.1s    0.0100    95.0%    95.0%    99.5%       82%/18%/0%    1.704    0.013     5.0%     0.0%   1.3016   0.0213    11.1%
  1193     2.5s    0.0190   100.0%   100.0%   100.0%       81%/19%/0%    0.689    0.017     0.0%     0.0%   0.8610  -0.0009    10.6%
  1194    13.2s    0.0080    90.0%    90.0%    98.5%       76%/24%/0%    2.705    0.017    10.0%     0.0%   1.3287   0.0186     8.0%
  1195     9.0s    0.0095    90.0%    90.0%    99.0%       88%/12%/0%    1.703    0.006    10.0%     0.0%   1.4099   0.0119     7.3%
  1196    13.0s    0.0098   100.0%   100.0%   100.0%       84%/16%/0%    1.711    0.013     0.0%     0.0%   1.8141   0.0138     7.8%
  1197    18.6s    0.0074    85.0%    85.0%    98.5%       82%/18%/0%    2.742    0.015    15.0%     0.0%   1.7546   0.0088    11.4%
  1198     7.3s    0.0089    90.0%    90.0%   100.0%       83%/17%/0%    1.758    0.007    10.0%     0.0%   1.4238   0.0176     6.9%
  1199     6.7s    0.0090    95.0%    95.0%   100.0%       83%/17%/0%    1.699    0.010     5.0%     0.0%   1.3533   0.0157     6.6%
  1200    12.6s    0.0080    90.0%    90.0%    98.5%       79%/21%/0%    2.559    0.019    10.0%     0.0%   1.2751   0.0126     5.4%
  [MA20] reward=0.0105 task_sr=95.7% miss=4.2% time_limit=0.0% v2v=0.0%
  [RWRD] r_prog=0.0502 r_term=0.0301 r_illegal=0.0000
  [PPO ] p_loss=0.0113 v_loss=0.1056 entropy=1.2751 grad=1.6470 active=100.0%
  [SIM ] avg_power(a)=0.4916 rsu_q=1.121 tx=56 no_tx=207 deadlock=0 svc=0.000GHz idle=0.0%
  [Checkpoint] saved: ep1200.pth

    Ep    Wall    R/step     T_SR     V_SR     S_SR            L/R/V   Lat(s)       En     Miss      Ill      Ent       KL     Clip
--------------------------------------------------------------------------------------------------------------------------------
  1201    13.4s    0.0075   100.0%   100.0%   100.0%       77%/23%/0%    2.465    0.018     0.0%     0.0%   1.3366   0.0183     7.4%
  1202    12.7s    0.0072    90.0%    90.0%   100.0%       80%/20%/0%    2.721    0.020    10.0%     0.0%   1.4150   0.0047     6.1%
  1203    10.6s    0.0090    95.0%    95.0%    99.0%       85%/15%/0%    1.429    0.007     5.0%     0.0%   1.8681   0.0108     8.8%
  1204     6.4s    0.0103   100.0%   100.0%   100.0%       86%/14%/0%    1.576    0.005     0.0%     0.0%   1.4241   0.0143     7.3%
  1205     2.7s    0.0219   100.0%   100.0%   100.0%       81%/19%/0%    0.680    0.020     0.0%     0.0%   0.9088   0.0137     8.2%
  1206     6.7s    0.0099   100.0%   100.0%   100.0%       81%/19%/0%    1.704    0.007     0.0%     0.0%   1.4824   0.0013     7.5%
  1207     6.7s    0.0098   100.0%   100.0%   100.0%       82%/18%/0%    1.615    0.012     0.0%     0.0%   1.2467   0.0145     5.4%
  1208    12.9s    0.0079   100.0%   100.0%   100.0%       76%/24%/0%    2.614    0.025     0.0%     0.0%   1.2203   0.0271     7.2%
  1209     2.3s    0.0195   100.0%   100.0%   100.0%       76%/24%/0%    0.672    0.031     0.0%     0.0%   0.9431   0.0152     6.8%
  1210     6.1s    0.0083    95.0%    95.0%    99.5%       86%/14%/0%    1.596    0.005     5.0%     0.0%   1.3423   0.0093     5.9%
  [MA20] reward=0.0106 task_sr=95.7% miss=4.2% time_limit=0.0% v2v=0.0%
  [RWRD] r_prog=0.0374 r_term=0.0457 r_illegal=0.0000
  [PPO ] p_loss=0.0004 v_loss=0.0762 entropy=1.3423 grad=1.9028 active=100.0%
  [SIM ] avg_power(a)=0.4875 rsu_q=0.481 tx=26 no_tx=166 deadlock=0 svc=0.000GHz idle=0.0%
  1211     7.6s    0.0083    90.0%    90.0%    98.1%       86%/14%/0%    1.716    0.011    10.0%     0.0%   1.3541   0.0132     6.6%
  1212     3.0s    0.0198   100.0%   100.0%   100.0%       76%/24%/0%    0.712    0.034     0.0%     0.0%   0.9676   0.0127     2.6%
  1213     7.5s    0.0105   100.0%   100.0%   100.0%       81%/19%/0%    1.745    0.017     0.0%     0.0%   1.2748   0.0124     6.6%
  1214     2.2s    0.0195   100.0%   100.0%   100.0%       78%/22%/0%    0.697    0.024     0.0%     0.0%   0.8965   0.0039     4.1%
  1215    12.3s    0.0073    95.0%    95.0%    99.6%       78%/22%/0%    2.554    0.016     5.0%     0.0%   1.3554   0.0098     6.9%
  1216     2.7s    0.0181   100.0%   100.0%   100.0%       75%/25%/0%    0.686    0.027     0.0%     0.0%   1.1756   0.0031     4.0%
  1217     5.6s    0.0092    95.0%    95.0%    97.8%       74%/26%/0%    0.826    0.040     5.0%     0.0%   2.0910   0.0254     8.7%
  1218     7.4s    0.0098   100.0%   100.0%   100.0%       77%/23%/0%    1.767    0.014     0.0%     0.0%   1.4384   0.0174     5.6%
  1219     8.0s    0.0077    95.0%    95.0%    99.1%       77%/23%/0%    1.600    0.012     5.0%     0.0%   1.5562   0.0221     8.6%
  1220     3.8s    0.0167   100.0%   100.0%   100.0%       71%/29%/0%    0.787    0.065     0.0%     0.0%   1.3713   0.0068     5.9%
  [MA20] reward=0.0119 task_sr=97.8% miss=2.2% time_limit=0.0% v2v=0.0%
  [RWRD] r_prog=0.0331 r_term=0.1336 r_illegal=0.0000
  [PPO ] p_loss=-0.0068 v_loss=0.0160 entropy=1.3713 grad=1.2469 active=100.0%
  [SIM ] avg_power(a)=0.4610 rsu_q=1.083 tx=37 no_tx=92 deadlock=0 svc=0.000GHz idle=0.0%
  → Best model saved: sr=0.964 miss=0.036 tl=0.000 cft=1.626 illegal=0.000

    Ep    Wall    R/step     T_SR     V_SR     S_SR            L/R/V   Lat(s)       En     Miss      Ill      Ent       KL     Clip
--------------------------------------------------------------------------------------------------------------------------------
  1221    10.6s    0.0088   100.0%   100.0%   100.0%       66%/34%/0%    2.386    0.048     0.0%     0.0%   1.2959   0.0354     8.9%
  1222     2.8s    0.0196   100.0%   100.0%   100.0%       74%/26%/0%    0.760    0.062     0.0%     0.0%   0.9256   0.0079     6.7%
  1223     8.2s    0.0099   100.0%   100.0%   100.0%       81%/19%/0%    1.789    0.018     0.0%     0.0%   1.3131   0.0095     7.1%
  1224     3.1s    0.0180   100.0%   100.0%   100.0%       75%/24%/1%    0.737    0.040     0.0%     0.0%   1.1285   0.0246     8.5%
  1225    13.0s    0.0075    95.0%    95.0%   100.0%       76%/24%/0%    2.646    0.036     5.0%     0.0%   1.3863   0.0130     6.8%
  1226     7.7s    0.0092    95.0%    95.0%    99.0%       74%/26%/0%    1.862    0.035     5.0%     0.0%   1.4328   0.0226     6.6%
  1227    18.7s    0.0059    75.0%    75.0%    96.3%       62%/38%/0%    2.906    0.097    25.0%     0.0%   1.4255   0.0260     9.1%
  1228     8.4s    0.0076    90.0%    90.0%    99.0%       60%/40%/0%    1.781    0.048    10.0%     0.0%   1.4388   0.0322     9.8%
  1229     8.4s    0.0090   100.0%   100.0%   100.0%       73%/27%/0%    1.780    0.038     0.0%     0.0%   1.5034   0.0190     7.6%
  1230     5.0s    0.0141   100.0%   100.0%   100.0%       64%/36%/0%    0.966    0.088     0.0%     0.0%   1.5644   0.0120    10.5%
  [MA20] reward=0.0118 task_sr=96.5% miss=3.5% time_limit=0.0% v2v=0.0%
  [RWRD] r_prog=0.0374 r_term=0.1033 r_illegal=0.0000
  [PPO ] p_loss=-0.0096 v_loss=0.0264 entropy=1.5644 grad=2.5891 active=100.0%
  [SIM ] avg_power(a)=0.4814 rsu_q=1.000 tx=48 no_tx=87 deadlock=0 svc=0.000GHz idle=0.0%
  1231     7.3s    0.0077    90.0%    90.0%    98.5%       78%/22%/0%    1.792    0.033    10.0%     0.0%   1.4051   0.0152     5.6%
  1232     3.2s    0.0180   100.0%   100.0%   100.0%       70%/30%/0%    0.794    0.045     0.0%     0.0%   1.0670   0.0086     4.1%
  1233     7.7s    0.0098   100.0%   100.0%   100.0%       78%/22%/0%    1.801    0.032     0.0%     0.0%   1.3845   0.0120     6.2%
  1234     2.9s    0.0180   100.0%   100.0%   100.0%       68%/32%/0%    0.767    0.055     0.0%     0.0%   1.0297   0.0053     4.5%
  1235    13.6s    0.0079    80.0%    80.0%    99.5%       37%/63%/0%    2.121    0.093    20.0%     0.0%   1.8276   0.0254    13.2%
  1236     3.6s    0.0172   100.0%   100.0%   100.0%       67%/33%/0%    0.860    0.081     0.0%     0.0%   1.1812  -0.0003     4.8%
  1237     3.4s    0.0091    95.0%    95.0%    99.2%       69%/31%/0%    0.760    0.035     5.0%     0.0%   1.6017   0.0146     6.7%
  1238    14.0s    0.0065    75.0%    75.0%    96.4%       71%/29%/0%    2.783    0.043    25.0%     0.0%   1.5774   0.0133     6.3%
  1239     7.6s    0.0089    95.0%    95.0%   100.0%       78%/22%/0%    1.789    0.038     5.0%     0.0%   1.4701   0.0046     5.8%
  1240    10.8s    0.0095   100.0%   100.0%   100.0%       56%/44%/0%    1.970    0.083     0.0%     0.0%   1.6344   0.0398    11.6%
  [MA20] reward=0.0111 task_sr=94.5% miss=5.5% time_limit=0.0% v2v=0.0%
  [RWRD] r_prog=0.0486 r_term=0.0467 r_illegal=0.0000
  [PPO ] p_loss=0.0145 v_loss=0.1237 entropy=1.6344 grad=2.2806 active=100.0%
  [SIM ] avg_power(a)=0.4653 rsu_q=2.423 tx=88 no_tx=110 deadlock=0 svc=0.000GHz idle=0.0%

    Ep    Wall    R/step     T_SR     V_SR     S_SR            L/R/V   Lat(s)       En     Miss      Ill      Ent       KL     Clip
--------------------------------------------------------------------------------------------------------------------------------
  1241    12.2s    0.0071    90.0%    90.0%    99.6%       77%/23%/0%    2.645    0.047    10.0%     0.0%   1.3822   0.0225     8.0%
  1242     3.6s    0.0165   100.0%   100.0%   100.0%       68%/32%/0%    0.876    0.073     0.0%     0.0%   1.1427   0.0025     6.4%
  1243     7.2s    0.0080    95.0%    95.0%    99.5%       73%/27%/0%    1.734    0.033     5.0%     0.0%   1.5140   0.0174     8.1%
  1244     6.0s    0.0100    95.0%    95.0%    99.2%       66%/34%/0%    0.922    0.070     5.0%     0.0%   1.9986   0.0181     8.5%
  1245     5.9s    0.0099    95.0%    95.0%    99.2%       62%/38%/0%    0.997    0.068     5.0%     0.0%   1.9908   0.0241     8.8%
  1246     2.9s    0.0177   100.0%   100.0%   100.0%       71%/28%/1%    0.784    0.047     0.0%     0.0%   0.9582   0.0160     5.5%
  1247     9.2s    0.0084    75.0%    75.0%    96.6%       80%/20%/0%    1.845    0.033    25.0%     0.0%   1.5303   0.0060     8.8%
  1248    13.3s    0.0075    90.0%    90.0%    97.7%       74%/26%/0%    2.666    0.032    10.0%     0.0%   1.4378   0.0180     7.4%
  1249     7.6s    0.0084    90.0%    90.0%    99.5%       77%/23%/0%    1.835    0.037    10.0%     0.0%   1.3964   0.0097     7.8%
  1250     2.5s    0.0195   100.0%   100.0%   100.0%       69%/31%/0%    0.717    0.057     0.0%     0.0%   1.0004   0.0196     5.7%
  [MA20] reward=0.0113 task_sr=93.2% miss=6.8% time_limit=0.0% v2v=0.0%
  [RWRD] r_prog=0.0304 r_term=0.1646 r_illegal=0.0000
  [PPO ] p_loss=0.0128 v_loss=0.0366 entropy=1.0004 grad=7.6396 active=100.0%
  [SIM ] avg_power(a)=0.4496 rsu_q=0.600 tx=38 no_tx=86 deadlock=0 svc=0.000GHz idle=0.0%
  1251     7.7s    0.0085    90.0%    90.0%    97.5%       81%/19%/0%    1.848    0.042    10.0%     0.0%   1.4075   0.0085     7.3%
  1252     2.6s    0.0178   100.0%   100.0%   100.0%       69%/31%/0%    0.751    0.060     0.0%     0.0%   1.0565   0.0061     3.7%
  1253    23.6s    0.0045    45.0%    45.0%    95.0%       31%/68%/0%    3.036    0.098    55.0%     0.0%   1.8723   0.0391    13.7%
  1254     7.4s    0.0097    95.0%    95.0%    98.9%       65%/35%/0%    1.801    0.049     5.0%     0.0%   1.4064   0.0348    10.1%
  1255    26.7s    0.0042    50.0%    50.0%    84.9%       26%/74%/0%    3.016    0.129    50.0%     0.0%   1.8292   0.0369    11.7%
  1256     3.4s    0.0168   100.0%   100.0%   100.0%       69%/31%/0%    0.865    0.078     0.0%     0.0%   1.2245   0.0241     6.1%
  1257     7.6s    0.0096    95.0%    95.0%    99.0%       70%/30%/0%    1.719    0.051     5.0%     0.0%   1.3980   0.0293     8.2%
  1258    14.7s    0.0065    75.0%    75.0%    89.2%       36%/63%/1%    1.980    0.111    25.0%     0.0%   1.7396   0.0215    13.2%
  1259     9.4s    0.0083    95.0%    95.0%    99.0%       66%/34%/0%    1.951    0.064     5.0%     0.0%   1.5242   0.0477     7.8%
  1260     7.8s    0.0093   100.0%   100.0%   100.0%       77%/23%/0%    1.722    0.027     0.0%     0.0%   1.5090   0.0107     6.3%
  [MA20] reward=0.0104 task_sr=88.8% miss=11.2% time_limit=0.0% v2v=0.1%
  [RWRD] r_prog=0.0399 r_term=0.0527 r_illegal=0.0000
  [PPO ] p_loss=0.0030 v_loss=0.0629 entropy=1.5090 grad=3.4520 active=100.0%
  [SIM ] avg_power(a)=0.4930 rsu_q=0.680 tx=47 no_tx=160 deadlock=0 svc=0.000GHz idle=0.0%

    Ep    Wall    R/step     T_SR     V_SR     S_SR            L/R/V   Lat(s)       En     Miss      Ill      Ent       KL     Clip
--------------------------------------------------------------------------------------------------------------------------------
  1261    17.4s    0.0059    60.0%    60.0%    93.8%       68%/31%/0%    2.725    0.053    40.0%     0.0%   1.5661   0.0312     8.2%
  1262    15.3s    0.0062    85.0%    85.0%    96.1%       60%/40%/0%    2.811    0.085    15.0%     0.0%   1.5051   0.0180    10.4%
  1263    13.0s    0.0061    85.0%    85.0%    98.1%       69%/31%/0%    2.790    0.059    15.0%     0.0%   1.4106   0.0081     7.6%
  1264     8.5s    0.0088    90.0%    90.0%    98.5%       64%/36%/0%    1.863    0.055    10.0%     0.0%   1.3932   0.0291     9.7%
  1265     8.3s    0.0092    95.0%    95.0%   100.0%       73%/27%/0%    1.883    0.045     5.0%     0.0%   1.4476   0.0085     7.3%
  1266    15.6s    0.0061    80.0%    80.0%    98.9%       66%/34%/0%    2.930    0.052    20.0%     0.0%   1.4387   0.0059     6.1%
  1267     2.4s    0.0195   100.0%   100.0%   100.0%       67%/33%/0%    0.705    0.050     0.0%     0.0%   1.0140  -0.0020     3.2%
  1268     8.4s    0.0095   100.0%   100.0%   100.0%       59%/41%/0%    1.930    0.052     0.0%     0.0%   1.5272   0.0295    10.9%
  1269    15.4s    0.0055    75.0%    75.0%    93.7%       68%/32%/0%    2.618    0.072    25.0%     0.0%   1.5008   0.0254     7.4%
  1270     2.6s    0.0200   100.0%   100.0%   100.0%       70%/30%/0%    0.777    0.079     0.0%     0.0%   0.8919   0.0110     2.5%
  [MA20] reward=0.0096 task_sr=85.8% miss=14.3% time_limit=0.0% v2v=0.1%
  [RWRD] r_prog=0.0382 r_term=0.1615 r_illegal=0.0000
  [PPO ] p_loss=0.0107 v_loss=0.0209 entropy=0.8919 grad=2.8380 active=100.0%
  [SIM ] avg_power(a)=0.4636 rsu_q=0.700 tx=40 no_tx=92 deadlock=0 svc=0.000GHz idle=0.0%
  1271    14.0s    0.0113    95.0%    95.0%    98.5%       67%/33%/0%    1.849    0.075     5.0%     0.0%   1.7164   0.0347     9.3%
  1272    14.7s    0.0064    85.0%    85.0%    97.4%       66%/34%/0%    2.840    0.068    15.0%     0.0%   1.5058   0.0044     7.4%
  1273     8.7s    0.0090    95.0%    95.0%    99.5%       71%/29%/0%    1.810    0.043     5.0%     0.0%   1.5275   0.0187     9.3%
  1274     2.5s    0.0194   100.0%   100.0%   100.0%       68%/32%/0%    0.707    0.047     0.0%     0.0%   1.0093   0.0129     3.4%
  1275     2.8s    0.0184   100.0%   100.0%   100.0%       65%/35%/0%    0.774    0.055     0.0%     0.0%   1.0514   0.0085     6.3%
  1276     3.5s    0.0165   100.0%   100.0%   100.0%       65%/35%/0%    0.844    0.078     0.0%     0.0%   1.1500   0.0293     8.9%
  1277     3.1s    0.0174   100.0%   100.0%   100.0%       72%/28%/0%    0.821    0.043     0.0%     0.0%   0.9817   0.0043     4.1%
  1278     7.9s    0.0092    90.0%    90.0%    98.1%       78%/22%/0%    1.875    0.030    10.0%     0.0%   1.3675   0.0050     6.1%
  1279    14.5s    0.0072    85.0%    85.0%    98.4%       64%/36%/0%    2.725    0.053    15.0%     0.0%   1.5627   0.0283     8.7%
  1280     2.7s    0.0170   100.0%   100.0%   100.0%       65%/35%/0%    0.827    0.066     0.0%     0.0%   1.1869   0.0346     7.0%
  [MA20] reward=0.0114 task_sr=91.0% miss=9.0% time_limit=0.0% v2v=0.0%
  [RWRD] r_prog=0.0371 r_term=0.1332 r_illegal=0.0000
  [PPO ] p_loss=0.0029 v_loss=0.0524 entropy=1.1869 grad=7.3374 active=100.0%
  [SIM ] avg_power(a)=0.4619 rsu_q=0.583 tx=45 no_tx=84 deadlock=0 svc=0.000GHz idle=0.0%

    Ep    Wall    R/step     T_SR     V_SR     S_SR            L/R/V   Lat(s)       En     Miss      Ill      Ent       KL     Clip
--------------------------------------------------------------------------------------------------------------------------------
  1281     5.3s    0.0167   100.0%   100.0%   100.0%       32%/68%/0%    1.018    0.113     0.0%     0.0%   1.5761   0.0157    13.5%
  1282     2.6s    0.0182   100.0%   100.0%   100.0%       61%/39%/0%    0.798    0.071     0.0%     0.0%   1.1072   0.0064     8.1%
  1283    14.6s    0.0072    95.0%    95.0%    99.3%       62%/38%/0%    2.708    0.061     5.0%     0.0%   1.5254   0.0211     8.0%
  1284    14.7s    0.0062    80.0%    80.0%    97.4%       60%/40%/0%    2.693    0.048    20.0%     0.0%   1.4830   0.0221     9.2%
  1285    11.8s    0.0076   100.0%   100.0%   100.0%       60%/40%/0%    2.566    0.055     0.0%     0.0%   1.3896   0.0147     7.8%
  1286    10.4s    0.0096   100.0%   100.0%   100.0%       52%/48%/0%    1.811    0.078     0.0%     0.0%   1.5588   0.0184    12.0%
  1287     7.6s    0.0088    95.0%    95.0%    99.5%       48%/52%/0%    1.585    0.057     5.0%     0.0%   1.4208   0.0250    10.4%
  1288    13.9s    0.0079   100.0%   100.0%   100.0%       44%/56%/0%    2.461    0.081     0.0%     0.0%   1.4773   0.0270    11.3%
  1289     2.8s    0.0177   100.0%   100.0%   100.0%       55%/45%/0%    0.804    0.054     0.0%     0.0%   0.9913   0.0407    10.0%
  1290     3.0s    0.0185   100.0%   100.0%   100.0%       61%/39%/0%    0.842    0.095     0.0%     0.0%   1.1509   0.0218     8.6%
  [MA20] reward=0.0125 task_sr=96.0% miss=4.0% time_limit=0.0% v2v=0.0%
  [RWRD] r_prog=0.0416 r_term=0.1431 r_illegal=0.0000
  [PPO ] p_loss=0.0046 v_loss=0.0208 entropy=1.1509 grad=1.4458 active=100.0%
  [SIM ] avg_power(a)=0.4385 rsu_q=0.727 tx=50 no_tx=77 deadlock=0 svc=0.000GHz idle=0.0%
  1291     7.2s    0.0095   100.0%   100.0%   100.0%       49%/51%/0%    1.718    0.067     0.0%     0.0%   1.3666   0.0141     7.9%
  1292    10.0s    0.0102   100.0%   100.0%   100.0%       47%/53%/0%    1.931    0.089     0.0%     0.0%   1.5571   0.0190     8.6%
  1293    17.3s    0.0074    90.0%    90.0%    98.1%       61%/39%/0%    2.665    0.062    10.0%     0.0%   1.5516   0.0335    10.2%
  1294     3.1s    0.0156   100.0%   100.0%   100.0%       72%/28%/0%    0.781    0.049     0.0%     0.0%   1.1929   0.0078     4.7%
  1295     6.9s    0.0100   100.0%   100.0%   100.0%       70%/30%/0%    1.662    0.052     0.0%     0.0%   1.3433   0.0124     5.6%
  1296     8.0s    0.0093   100.0%   100.0%   100.0%       70%/30%/0%    1.921    0.054     0.0%     0.0%   1.3555   0.0180     7.1%
  1297     8.3s    0.0095    95.0%    95.0%    99.5%       72%/28%/0%    1.832    0.061     5.0%     0.0%   1.3602   0.0183     6.6%
  1298     6.7s    0.0085    90.0%    90.0%    99.5%       74%/26%/1%    1.678    0.046    10.0%     0.0%   1.3458   0.0208     9.2%
  1299    23.7s    0.0068    85.0%    85.0%    97.6%       56%/44%/0%    2.886    0.099    15.0%     0.0%   1.9088   0.0132     9.5%
  1300     7.2s    0.0102   100.0%   100.0%   100.0%       69%/31%/0%    1.733    0.051     0.0%     0.0%   1.3823   0.0159     5.9%
  [MA20] reward=0.0108 task_sr=96.5% miss=3.5% time_limit=0.0% v2v=0.0%
  [RWRD] r_prog=0.0429 r_term=0.0594 r_illegal=0.0000
  [PPO ] p_loss=0.0028 v_loss=0.0645 entropy=1.3823 grad=4.8061 active=100.0%
  [SIM ] avg_power(a)=0.4694 rsu_q=1.727 tx=61 no_tx=133 deadlock=0 svc=0.000GHz idle=0.0%
  [Checkpoint] saved: ep1300.pth

    Ep    Wall    R/step     T_SR     V_SR     S_SR            L/R/V   Lat(s)       En     Miss      Ill      Ent       KL     Clip
--------------------------------------------------------------------------------------------------------------------------------
  1301     8.5s    0.0094    95.0%    95.0%    99.0%       65%/35%/0%    1.972    0.068     5.0%     0.0%   1.3182   0.0095     6.1%
  1302     7.6s    0.0091    95.0%    95.0%    99.0%       71%/29%/0%    1.750    0.042     5.0%     0.0%   1.4312   0.0108     5.8%
  1303     8.1s    0.0081    85.0%    85.0%    98.5%       61%/39%/0%    1.731    0.065    15.0%     0.0%   1.4079   0.0110     6.8%
  1304     4.1s    0.0155   100.0%   100.0%   100.0%       64%/36%/0%    0.920    0.084     0.0%     0.0%   1.2712   0.0299     7.6%
  1305    14.0s    0.0068    95.0%    95.0%    98.8%       53%/47%/0%    2.653    0.077     5.0%     0.0%   1.4814   0.0256     8.4%
  1306     7.7s    0.0093   100.0%   100.0%   100.0%       65%/35%/0%    1.700    0.035     0.0%     0.0%   1.5212   0.0264     6.7%
  1307     7.9s    0.0086   100.0%   100.0%   100.0%       62%/38%/0%    1.944    0.054     0.0%     0.0%   1.3919   0.0202     7.0%
  1308     2.5s    0.0197   100.0%   100.0%   100.0%       69%/31%/0%    0.735    0.056     0.0%     0.0%   0.9045   0.0035     3.3%
  1309     2.5s    0.0197   100.0%   100.0%   100.0%       71%/29%/0%    0.719    0.055     0.0%     0.0%   0.9662   0.0172     5.9%
  1310     2.6s    0.0196   100.0%   100.0%   100.0%       72%/28%/0%    0.762    0.054     0.0%     0.0%   0.8592   0.0069     3.2%
  [MA20] reward=0.0111 task_sr=96.5% miss=3.5% time_limit=0.0% v2v=0.0%
  [RWRD] r_prog=0.0326 r_term=0.1633 r_illegal=0.0000
  [PPO ] p_loss=0.0041 v_loss=0.0134 entropy=0.8592 grad=1.8357 active=100.0%
  [SIM ] avg_power(a)=0.4546 rsu_q=1.500 tx=38 no_tx=96 deadlock=0 svc=0.000GHz idle=0.0%
  1311     2.6s    0.0198   100.0%   100.0%   100.0%       67%/33%/0%    0.803    0.114     0.0%     0.0%   0.9998   0.0119     4.8%
  1312     3.2s    0.0166   100.0%   100.0%   100.0%       72%/28%/0%    0.790    0.050     0.0%     0.0%   1.1215   0.0036     7.5%
  1313     7.6s    0.0086    95.0%    95.0%   100.0%       69%/31%/0%    1.798    0.043     5.0%     0.0%   1.4675   0.0202     7.5%
  1314     6.8s    0.0091    90.0%    90.0%    98.0%       74%/26%/0%    1.796    0.032    10.0%     0.0%   1.2196   0.0230     7.7%
  1315     2.2s    0.0196   100.0%   100.0%   100.0%       69%/31%/0%    0.679    0.036     0.0%     0.0%   0.9581   0.0249     7.2%
  1316     3.1s    0.0183   100.0%   100.0%   100.0%       68%/32%/0%    0.778    0.057     0.0%     0.0%   0.9700   0.0143     5.9%
  1317    13.8s    0.0070   100.0%   100.0%   100.0%       60%/40%/0%    2.671    0.048     0.0%     0.0%   1.4851   0.0180     8.7%
  1318     7.3s    0.0090   100.0%   100.0%   100.0%       67%/33%/0%    1.844    0.054     0.0%     0.0%   1.4062   0.0137     6.2%
  1319     4.1s    0.0163   100.0%   100.0%   100.0%       70%/30%/0%    0.908    0.066     0.0%     0.0%   1.2437   0.0010     5.0%
  1320    14.2s    0.0061    85.0%    85.0%    96.9%       69%/31%/0%    2.908    0.050    15.0%     0.0%   1.5604   0.0095     7.5%
  [MA20] reward=0.0128 task_sr=97.0% miss=3.0% time_limit=0.0% v2v=0.0%
  [RWRD] r_prog=0.0399 r_term=0.0215 r_illegal=0.0000
  [PPO ] p_loss=0.0109 v_loss=0.1267 entropy=1.5604 grad=1.7601 active=100.0%
  [SIM ] avg_power(a)=0.4851 rsu_q=1.316 tx=80 no_tx=177 deadlock=0 svc=0.000GHz idle=0.0%

    Ep    Wall    R/step     T_SR     V_SR     S_SR            L/R/V   Lat(s)       En     Miss      Ill      Ent       KL     Clip
--------------------------------------------------------------------------------------------------------------------------------
  1321    13.8s    0.0087    85.0%    85.0%    99.0%       64%/36%/0%    2.032    0.072    15.0%     0.0%   1.9275   0.0186     8.0%
  1322     7.3s    0.0108   100.0%   100.0%   100.0%       72%/28%/0%    1.626    0.035     0.0%     0.0%   1.3983   0.0186     8.3%
  1323     3.1s    0.0167   100.0%   100.0%   100.0%       72%/28%/0%    0.932    0.094     0.0%     0.0%   0.9751   0.0123     5.0%
  1324     2.8s    0.0177   100.0%   100.0%   100.0%       71%/29%/0%    0.773    0.048     0.0%     0.0%   1.0161   0.0064     3.2%
  1325    12.3s    0.0057    70.0%    70.0%    96.5%       75%/25%/0%    2.805    0.039    30.0%     0.0%   1.3170   0.0296     7.7%
  1326    13.9s    0.0069    90.0%    90.0%    99.6%       60%/40%/0%    2.881    0.081    10.0%     0.0%   1.3549   0.0170     5.6%
  1327     7.4s    0.0100   100.0%   100.0%   100.0%       70%/30%/0%    1.823    0.052     0.0%     0.0%   1.2515   0.0190     6.3%
  1328     3.2s    0.0158   100.0%   100.0%   100.0%       71%/29%/0%    0.858    0.067     0.0%     0.0%   1.1292   0.0108     5.5%
  1329     8.1s    0.0091    90.0%    90.0%    99.0%       72%/28%/0%    1.909    0.036    10.0%     0.0%   1.2875   0.0051     5.2%
  1330     2.7s    0.0162   100.0%   100.0%   100.0%       71%/29%/0%    0.791    0.047     0.0%     0.0%   1.0099   0.0086     4.1%
  [MA20] reward=0.0124 task_sr=95.2% miss=4.8% time_limit=0.0% v2v=0.0%
  [RWRD] r_prog=0.0279 r_term=0.1346 r_illegal=0.0000
  [PPO ] p_loss=-0.0007 v_loss=0.0125 entropy=1.0099 grad=1.0834 active=100.0%
  [SIM ] avg_power(a)=0.4693 rsu_q=1.333 tx=39 no_tx=94 deadlock=0 svc=0.000GHz idle=0.0%
  1331    14.8s    0.0089    85.0%    85.0%    98.4%       53%/47%/0%    1.989    0.099    15.0%     0.0%   1.8735   0.0363     8.4%
  1332     4.0s    0.0170   100.0%   100.0%   100.0%       68%/32%/0%    0.863    0.068     0.0%     0.0%   1.2580   0.0280     4.2%
  1333    16.3s    0.0076    75.0%    75.0%    96.6%       60%/40%/0%    1.972    0.092    25.0%     0.0%   1.8667   0.0494    12.0%
  1334    10.6s    0.0085    95.0%    95.0%   100.0%       44%/56%/0%    1.918    0.092     5.0%     0.0%   1.5820   0.0193    10.7%
  1335     7.5s    0.0100    95.0%    95.0%    99.5%       71%/29%/0%    1.701    0.056     5.0%     0.0%   1.3945   0.0082     5.5%
  1336    13.7s    0.0075   100.0%   100.0%   100.0%       58%/42%/0%    2.668    0.077     0.0%     0.0%   1.4139   0.0478    10.4%
  1337     2.8s    0.0196   100.0%   100.0%   100.0%       64%/36%/0%    0.712    0.052     0.0%     0.0%   1.0851   0.0281     8.6%
  1338    16.2s    0.0031    40.0%    40.0%    82.6%       11%/89%/0%    2.067    0.130    60.0%     0.0%   1.7774   0.0195    11.5%
  1339     7.1s    0.0102   100.0%   100.0%   100.0%       31%/69%/0%    1.620    0.071     0.0%     0.0%   1.2959   0.0187     9.4%
  1340    25.7s    0.0041    60.0%    60.0%    87.9%       17%/83%/0%    2.998    0.119    40.0%     0.0%   1.6875   0.0293    11.3%
  [MA20] reward=0.0107 task_sr=89.2% miss=10.8% time_limit=0.0% v2v=0.0%
  [RWRD] r_prog=0.0333 r_term=0.0075 r_illegal=0.0000
  [PPO ] p_loss=0.0029 v_loss=0.4581 entropy=1.6875 grad=6.1061 active=100.0%
  [SIM ] avg_power(a)=0.4509 rsu_q=9.135 tx=201 no_tx=41 deadlock=0 svc=0.000GHz idle=0.0%

    Ep    Wall    R/step     T_SR     V_SR     S_SR            L/R/V   Lat(s)       En     Miss      Ill      Ent       KL     Clip
--------------------------------------------------------------------------------------------------------------------------------
  1341     4.7s    0.0165   100.0%   100.0%   100.0%       55%/45%/0%    0.908    0.075     0.0%     0.0%   1.3144   0.0357     9.2%
  1342    12.5s    0.0076   100.0%   100.0%   100.0%       42%/58%/0%    2.442    0.108     0.0%     0.0%   1.3914   0.0140     9.6%
  1343     8.1s    0.0107   100.0%   100.0%   100.0%       44%/56%/0%    1.322    0.106     0.0%     0.0%   2.0404   0.0207    10.4%
  1344     7.1s    0.0100   100.0%   100.0%   100.0%       60%/40%/0%    1.680    0.049     0.0%     0.0%   1.3400   0.0117     6.8%
  1345     7.4s    0.0098   100.0%   100.0%   100.0%       68%/32%/0%    1.821    0.032     0.0%     0.0%   1.4357   0.0120     5.5%
  1346     8.4s    0.0098   100.0%   100.0%   100.0%       67%/33%/0%    1.776    0.050     0.0%     0.0%   1.5482   0.0076     8.9%
  1347     8.6s    0.0087    95.0%    95.0%    99.0%       72%/28%/0%    1.927    0.056     5.0%     0.0%   1.3368   0.0109     7.9%
  1348     8.5s    0.0084    95.0%    95.0%   100.0%       72%/27%/1%    1.888    0.037     5.0%     0.0%   1.5842   0.0176     6.8%
  1349     3.3s    0.0177   100.0%   100.0%   100.0%       70%/30%/0%    0.818    0.050     0.0%     0.0%   0.9635   0.0013     2.6%
  1350     7.3s    0.0093    95.0%    95.0%    98.5%       76%/24%/0%    1.796    0.041     5.0%     0.0%   1.3126   0.0123     6.1%
  [MA20] reward=0.0102 task_sr=91.7% miss=8.2% time_limit=0.0% v2v=0.0%
  [RWRD] r_prog=0.0461 r_term=0.0471 r_illegal=0.0000
  [PPO ] p_loss=-0.0065 v_loss=0.0783 entropy=1.3126 grad=1.0623 active=100.0%
  [SIM ] avg_power(a)=0.4971 rsu_q=1.080 tx=47 no_tx=153 deadlock=0 svc=0.000GHz idle=0.0%
  1351     8.5s    0.0092    90.0%    90.0%    98.5%       77%/23%/0%    1.801    0.039    10.0%     0.0%   1.5145   0.0120     4.1%
  1352     8.3s    0.0094   100.0%   100.0%   100.0%       69%/31%/0%    1.953    0.057     0.0%     0.0%   1.3796   0.0226     5.0%
  1353     3.7s    0.0176   100.0%   100.0%   100.0%       70%/30%/0%    0.812    0.063     0.0%     0.0%   1.1420  -0.0007     5.9%
  1354    16.1s    0.0050    60.0%    60.0%    98.1%       75%/25%/0%    2.932    0.035    40.0%     0.0%   1.5586   0.0105     5.5%
  1355     7.6s    0.0088    95.0%    95.0%   100.0%       75%/25%/0%    1.790    0.037     5.0%     0.0%   1.3659   0.0079     4.8%
  1356    11.4s    0.0088    95.0%    95.0%   100.0%       73%/27%/0%    2.094    0.069     5.0%     0.0%   1.6822   0.0147     6.8%
  1357     8.3s    0.0094   100.0%   100.0%   100.0%       75%/25%/0%    1.953    0.060     0.0%     0.0%   1.4622   0.0162     5.5%
  1358     3.6s    0.0084    95.0%    95.0%    97.7%       69%/31%/0%    0.791    0.027     5.0%     0.0%   1.5708   0.0092     4.6%
  1359     2.8s    0.0180   100.0%   100.0%   100.0%       72%/28%/0%    0.784    0.061     0.0%     0.0%   0.9480   0.0143     4.7%
  1360    16.3s    0.0069    85.0%    85.0%    97.8%       77%/23%/0%    2.708    0.037    15.0%     0.0%   1.5946   0.0054     5.8%
  [MA20] reward=0.0105 task_sr=95.2% miss=4.8% time_limit=0.0% v2v=0.0%
  [RWRD] r_prog=0.0439 r_term=0.0249 r_illegal=0.0000
  [PPO ] p_loss=0.0099 v_loss=0.1440 entropy=1.5946 grad=1.6530 active=100.0%
  [SIM ] avg_power(a)=0.4875 rsu_q=1.486 tx=60 no_tx=204 deadlock=0 svc=0.000GHz idle=0.0%

    Ep    Wall    R/step     T_SR     V_SR     S_SR            L/R/V   Lat(s)       En     Miss      Ill      Ent       KL     Clip
--------------------------------------------------------------------------------------------------------------------------------
  1361     7.7s    0.0093    95.0%    95.0%    99.5%       81%/19%/0%    1.775    0.018     5.0%     0.0%   1.4415   0.0028     5.2%
  1362     8.7s    0.0076    95.0%    95.0%    99.5%       77%/23%/0%    1.802    0.039     5.0%     0.0%   1.6559   0.0171     7.1%
  1363     7.8s    0.0081    90.0%    90.0%    99.0%       82%/18%/0%    1.808    0.025    10.0%     0.0%   1.5581   0.0085     6.7%
  1364     8.4s    0.0089    90.0%    90.0%    97.9%       72%/27%/1%    2.021    0.053    10.0%     0.0%   1.4128   0.0141     6.1%
  1365     9.0s    0.0087   100.0%   100.0%   100.0%       78%/22%/0%    1.980    0.044     0.0%     0.0%   1.3556   0.0159     7.5%
  1366     8.1s    0.0095    95.0%    95.0%    99.5%       76%/24%/0%    1.847    0.040     5.0%     0.0%   1.3641   0.0096     7.3%
  1367     2.8s    0.0167   100.0%   100.0%   100.0%       70%/30%/0%    0.810    0.043     0.0%     0.0%   0.9529   0.0037     2.9%
  1368     2.8s    0.0180   100.0%   100.0%   100.0%       69%/31%/0%    0.785    0.079     0.0%     0.0%   0.9778   0.0067     3.2%
  1369     8.4s    0.0090    95.0%    95.0%    99.5%       79%/21%/0%    1.750    0.021     5.0%     0.0%   1.5920   0.0139     7.3%
  1370     8.0s    0.0084    90.0%    90.0%    98.4%       77%/23%/0%    1.873    0.032    10.0%     0.0%   1.4495   0.0201     7.3%
  [MA20] reward=0.0103 task_sr=93.5% miss=6.5% time_limit=0.0% v2v=0.1%
  [RWRD] r_prog=0.0457 r_term=0.0381 r_illegal=0.0000
  [PPO ] p_loss=-0.0144 v_loss=0.1038 entropy=1.4495 grad=1.5193 active=100.0%
  [SIM ] avg_power(a)=0.4946 rsu_q=1.000 tx=44 no_tx=145 deadlock=0 svc=0.000GHz idle=0.0%
  1371    27.0s    0.0054    50.0%    50.0%    95.7%       46%/54%/0%    2.935    0.079    50.0%     0.0%   1.9671   0.0319    11.1%
  1372     7.2s    0.0088    95.0%    95.0%    99.5%       78%/22%/0%    1.693    0.037     5.0%     0.0%   1.3541   0.0150     4.3%
  1373     2.8s    0.0188   100.0%   100.0%   100.0%       66%/34%/0%    0.784    0.056     0.0%     0.0%   1.0755   0.0155     6.2%
  1374    15.1s    0.0073    90.0%    90.0%    99.6%       85%/15%/0%    2.747    0.016    10.0%     0.0%   1.4730   0.0222     6.3%
  1375     3.5s    0.0167   100.0%   100.0%   100.0%       70%/30%/0%    0.794    0.061     0.0%     0.0%   1.1296   0.0168     4.3%
  1376    13.0s    0.0078    90.0%    90.0%    98.1%       82%/18%/0%    2.822    0.021    10.0%     0.0%   1.2934   0.0102     6.7%
  1377    14.2s    0.0084   100.0%   100.0%   100.0%       76%/24%/0%    2.648    0.033     0.0%     0.0%   1.3388   0.0200     7.8%
  1378     7.3s    0.0101   100.0%   100.0%   100.0%       75%/25%/0%    1.770    0.025     0.0%     0.0%   1.2934   0.0184     7.3%
  1379    12.2s    0.0075    85.0%    85.0%    97.6%       84%/16%/0%    2.586    0.012    15.0%     0.0%   1.4007   0.0287     7.7%
  1380     7.4s    0.0098   100.0%   100.0%   100.0%       76%/24%/0%    1.750    0.026     0.0%     0.0%   1.3318   0.0310     6.9%
  [MA20] reward=0.0102 task_sr=93.0% miss=7.0% time_limit=0.0% v2v=0.1%
  [RWRD] r_prog=0.0444 r_term=0.0540 r_illegal=0.0000
  [PPO ] p_loss=0.0496 v_loss=0.0433 entropy=1.3318 grad=2.8150 active=100.0%
  [SIM ] avg_power(a)=0.4948 rsu_q=0.958 tx=48 no_tx=154 deadlock=0 svc=0.000GHz idle=0.0%

    Ep    Wall    R/step     T_SR     V_SR     S_SR            L/R/V   Lat(s)       En     Miss      Ill      Ent       KL     Clip
--------------------------------------------------------------------------------------------------------------------------------
  1381    13.6s    0.0109   100.0%   100.0%   100.0%       81%/18%/0%    1.789    0.030     0.0%     0.0%   1.7669   0.0110     7.3%
  1382     3.8s    0.0179   100.0%   100.0%   100.0%       76%/24%/0%    0.757    0.044     0.0%     0.0%   1.0479   0.0091     6.1%
  1383     6.3s    0.0110   100.0%   100.0%   100.0%       85%/15%/0%    1.740    0.012     0.0%     0.0%   1.1594   0.0052     6.8%
  1384     6.8s    0.0092    95.0%    95.0%   100.0%       83%/17%/0%    1.756    0.015     5.0%     0.0%   1.4053   0.0096     6.2%
  1385    13.3s    0.0081    90.0%    90.0%    98.9%        91%/9%/0%    2.622    0.006    10.0%     0.0%   1.2959   0.0168     6.8%
  1386    13.4s    0.0067    75.0%    75.0%    96.2%       83%/16%/0%    2.789    0.012    25.0%     0.0%   1.4075   0.0402     9.4%
  1387     7.0s    0.0097   100.0%   100.0%   100.0%       84%/16%/0%    1.672    0.011     0.0%     0.0%   1.2385   0.0128     7.4%
  1388     2.4s    0.0190   100.0%   100.0%   100.0%       84%/16%/0%    0.653    0.014     0.0%     0.0%   0.9654   0.0302     9.9%
  1389     7.0s    0.0097   100.0%   100.0%   100.0%       83%/17%/0%    1.635    0.009     0.0%     0.0%   1.3078   0.0092     7.9%
  1390     2.3s    0.0218   100.0%   100.0%   100.0%       72%/28%/0%    0.679    0.038     0.0%     0.0%   0.8665   0.0026     9.2%
  [MA20] reward=0.0112 task_sr=93.5% miss=6.5% time_limit=0.0% v2v=0.0%
  [RWRD] r_prog=0.0337 r_term=0.1839 r_illegal=0.0000
  [PPO ] p_loss=0.0132 v_loss=0.0116 entropy=0.8665 grad=2.0977 active=100.0%
  [SIM ] avg_power(a)=0.4291 rsu_q=1.667 tx=34 no_tx=89 deadlock=0 svc=0.000GHz idle=0.0%
  1391    14.7s    0.0088    95.0%    95.0%    99.6%       78%/22%/0%    2.602    0.016     5.0%     0.0%   1.3200   0.0171     5.5%
  1392     6.5s    0.0107   100.0%   100.0%   100.0%       87%/13%/0%    1.473    0.009     0.0%     0.0%   1.2803   0.0167     5.2%
  1393     7.0s    0.0100   100.0%   100.0%   100.0%       82%/18%/0%    1.635    0.014     0.0%     0.0%   1.3002   0.0225     6.1%
  1394     2.4s    0.0202   100.0%   100.0%   100.0%       70%/30%/0%    0.701    0.051     0.0%     0.0%   0.9425  -0.0066     5.2%
  1395     7.0s    0.0079    95.0%    95.0%    99.5%       76%/24%/0%    1.446    0.018     5.0%     0.0%   1.3699   0.0449     8.9%
  1396     6.9s    0.0099   100.0%   100.0%   100.0%       56%/44%/0%    1.609    0.046     0.0%     0.0%   1.2096   0.0271     8.8%
  1397    11.0s    0.0073    90.0%    90.0%    96.5%       39%/61%/0%    1.766    0.092    10.0%     0.0%   1.6963   0.0291    10.5%
  1398     7.1s    0.0099   100.0%   100.0%   100.0%       50%/50%/0%    1.585    0.083     0.0%     0.0%   1.1998   0.0404     9.5%
  1399     6.9s    0.0100   100.0%   100.0%   100.0%       59%/41%/0%    1.731    0.064     0.0%     0.0%   1.2837   0.0587     8.7%
  1400     7.6s    0.0086   100.0%   100.0%   100.0%       76%/24%/0%    1.769    0.028     0.0%     0.0%   1.4018   0.0277     8.6%
  [MA20] reward=0.0114 task_sr=97.0% miss=3.0% time_limit=0.0% v2v=0.1%
  [RWRD] r_prog=0.0382 r_term=0.0480 r_illegal=0.0000
  [PPO ] p_loss=0.0046 v_loss=0.0338 entropy=1.4018 grad=1.0128 active=100.0%
  [SIM ] avg_power(a)=0.4826 rsu_q=0.852 tx=48 no_tx=152 deadlock=0 svc=0.000GHz idle=0.0%
  [Checkpoint] saved: ep1400.pth

    Ep    Wall    R/step     T_SR     V_SR     S_SR            L/R/V   Lat(s)       En     Miss      Ill      Ent       KL     Clip
--------------------------------------------------------------------------------------------------------------------------------
  1401    15.6s    0.0078    80.0%    80.0%    97.6%       73%/27%/0%    1.894    0.056    20.0%     0.0%   1.8226   0.0092     8.4%
  1402     7.4s    0.0086    95.0%    95.0%    99.5%       81%/19%/0%    1.634    0.029     5.0%     0.0%   1.4088   0.0059     6.1%
  1403    14.6s    0.0091    85.0%    85.0%    95.8%       78%/22%/0%    1.821    0.045    15.0%     0.0%   1.9514   0.0117     6.6%
  1404     7.2s    0.0091    95.0%    95.0%    99.0%       80%/20%/0%    1.832    0.033     5.0%     0.0%   1.3378   0.0061     4.3%
  1405     2.8s    0.0181   100.0%   100.0%   100.0%       69%/31%/0%    0.810    0.070     0.0%     0.0%   1.0481  -0.0026     4.6%
  1406     9.4s    0.0083    90.0%    90.0%    98.5%       78%/22%/0%    1.870    0.040    10.0%     0.0%   1.5198   0.0169     7.0%
  1407     2.8s    0.0194   100.0%   100.0%   100.0%       71%/29%/0%    0.784    0.058     0.0%     0.0%   0.8610   0.0072     5.7%
  1408    16.5s    0.0066    80.0%    80.0%    97.3%       84%/16%/0%    2.844    0.021    20.0%     0.0%   1.5709   0.0082     6.0%
  1409    13.3s    0.0058    55.0%    55.0%    95.6%       84%/16%/0%    2.787    0.012    45.0%     0.0%   1.5425   0.0143     4.9%
  1410     2.6s    0.0213   100.0%   100.0%   100.0%       76%/24%/0%    0.714    0.036     0.0%     0.0%   0.7618   0.0191     2.4%
  [MA20] reward=0.0109 task_sr=93.0% miss=7.0% time_limit=0.0% v2v=0.0%
  [RWRD] r_prog=0.0281 r_term=0.1845 r_illegal=0.0000
  [PPO ] p_loss=0.0041 v_loss=0.0273 entropy=0.7618 grad=3.6969 active=100.0%
  [SIM ] avg_power(a)=0.4501 rsu_q=0.556 tx=33 no_tx=102 deadlock=0 svc=0.000GHz idle=0.0%
  1411     6.8s    0.0090   100.0%   100.0%   100.0%       85%/15%/0%    1.595    0.011     0.0%     0.0%   1.3303   0.0153     6.6%
  1412     7.3s    0.0089    85.0%    85.0%    97.0%       84%/16%/0%    1.674    0.017    15.0%     0.0%   1.3479   0.0068     6.5%
  1413    12.2s    0.0066    85.0%    85.0%    99.2%       80%/20%/0%    2.804    0.025    15.0%     0.0%   1.3326   0.0117     5.3%
  1414     2.5s    0.0178   100.0%   100.0%   100.0%       70%/30%/0%    0.726    0.048     0.0%     0.0%   1.0219   0.0037     5.1%
  1415     3.0s    0.0181   100.0%   100.0%   100.0%       73%/27%/0%    0.752    0.051     0.0%     0.0%   1.0219   0.0232     4.7%
  1416    10.5s    0.0092    95.0%    95.0%    99.5%       73%/27%/0%    1.814    0.046     5.0%     0.0%   1.5984   0.0296     7.7%
  1417     7.3s    0.0099    95.0%    95.0%    99.0%       81%/19%/0%    1.583    0.019     5.0%     0.0%   1.3914   0.0117     7.4%
  1418    15.0s    0.0109   100.0%   100.0%   100.0%       61%/39%/0%    1.905    0.081     0.0%     0.0%   1.7915   0.0194     8.5%
  1419     6.8s    0.0103   100.0%   100.0%   100.0%       80%/20%/0%    1.582    0.028     0.0%     0.0%   1.2618   0.0208     5.5%
  1420     8.2s    0.0092   100.0%   100.0%   100.0%       74%/26%/0%    1.888    0.034     0.0%     0.0%   1.4709   0.0111     6.3%
  [MA20] reward=0.0112 task_sr=92.0% miss=8.0% time_limit=0.0% v2v=0.0%
  [RWRD] r_prog=0.0436 r_term=0.0479 r_illegal=0.0000
  [PPO ] p_loss=0.0007 v_loss=0.0590 entropy=1.4709 grad=1.7999 active=100.0%
  [SIM ] avg_power(a)=0.4784 rsu_q=1.115 tx=54 no_tx=151 deadlock=0 svc=0.000GHz idle=0.0%

    Ep    Wall    R/step     T_SR     V_SR     S_SR            L/R/V   Lat(s)       En     Miss      Ill      Ent       KL     Clip
--------------------------------------------------------------------------------------------------------------------------------
  1421    15.0s    0.0053    55.0%    55.0%    95.5%       66%/34%/0%    2.877    0.057    45.0%     0.0%   1.4545   0.0259     7.9%
  1422     2.6s    0.0200   100.0%   100.0%   100.0%       69%/31%/0%    0.805    0.083     0.0%     0.0%   0.9047   0.0032     4.8%
  1423     7.8s    0.0096   100.0%   100.0%   100.0%       67%/33%/0%    1.815    0.034     0.0%     0.0%   1.4782   0.0091     5.5%
  1424     2.6s    0.0194   100.0%   100.0%   100.0%       70%/30%/0%    0.747    0.054     0.0%     0.0%   0.8863   0.0184     4.9%
  1425     7.0s    0.0089   100.0%   100.0%   100.0%       64%/36%/0%    1.826    0.061     0.0%     0.0%   1.2884   0.0214     5.7%
  1426     2.5s    0.0196   100.0%   100.0%   100.0%       67%/33%/0%    0.711    0.058     0.0%     0.0%   0.9457   0.0087     5.9%
  1427     2.7s    0.0197   100.0%   100.0%   100.0%       67%/33%/0%    0.757    0.046     0.0%     0.0%   0.9397   0.0180     4.2%
  1428     2.8s    0.0194   100.0%   100.0%   100.0%       69%/31%/0%    0.774    0.051     0.0%     0.0%   0.8787   0.0166     4.4%
  1429    13.6s    0.0068    75.0%    75.0%    96.0%       70%/30%/0%    2.809    0.052    25.0%     0.0%   1.3645   0.0202     6.2%
  1430    11.4s    0.0094   100.0%   100.0%   100.0%       65%/35%/0%    2.056    0.062     0.0%     0.0%   1.4565   0.0103     7.0%
  [MA20] reward=0.0124 task_sr=94.5% miss=5.5% time_limit=0.0% v2v=0.0%
  [RWRD] r_prog=0.0464 r_term=0.0479 r_illegal=0.0000
  [PPO ] p_loss=0.0077 v_loss=0.0814 entropy=1.4565 grad=2.8539 active=100.0%
  [SIM ] avg_power(a)=0.4782 rsu_q=2.440 tx=71 no_tx=134 deadlock=0 svc=0.000GHz idle=0.0%
  1431    14.1s    0.0057    75.0%    75.0%    97.3%       64%/36%/0%    2.907    0.072    25.0%     0.0%   1.4114   0.0147     5.5%
  1432    14.6s    0.0062    85.0%    85.0%    98.9%       61%/39%/0%    2.845    0.066    15.0%     0.0%   1.3315   0.0196     5.7%
  1433    18.8s    0.0061    80.0%    80.0%    96.4%       36%/64%/0%    2.827    0.114    20.0%     0.0%   1.6088   0.0324     6.8%
  1434     2.8s    0.0183   100.0%   100.0%   100.0%       69%/31%/0%    0.793    0.049     0.0%     0.0%   0.9324  -0.0010     3.3%
  1435     7.4s    0.0074    90.0%    90.0%    97.5%       70%/30%/0%    1.690    0.043    10.0%     0.0%   1.3965   0.0138     5.4%
  1436     7.8s    0.0103   100.0%   100.0%   100.0%       70%/30%/0%    1.657    0.062     0.0%     0.0%   1.3872   0.0225     5.0%
  1437     7.5s    0.0097   100.0%   100.0%   100.0%       64%/36%/0%    1.834    0.073     0.0%     0.0%   1.3569   0.0321     6.1%
  1438     3.1s    0.0179   100.0%   100.0%   100.0%       69%/31%/0%    0.806    0.049     0.0%     0.0%   1.0929  -0.0006     2.9%
  1439     8.3s    0.0083    95.0%    95.0%   100.0%       64%/36%/0%    1.998    0.064     5.0%     0.0%   1.4006   0.0140     6.0%
  1440    14.3s    0.0072    90.0%    90.0%    98.5%       64%/36%/0%    2.853    0.069    10.0%     0.0%   1.4036   0.0110     5.9%
  [MA20] reward=0.0118 task_sr=92.2% miss=7.8% time_limit=0.0% v2v=0.0%
  [RWRD] r_prog=0.0443 r_term=0.0277 r_illegal=0.0000
  [PPO ] p_loss=0.0035 v_loss=0.1204 entropy=1.4036 grad=1.1657 active=100.0%
  [SIM ] avg_power(a)=0.4878 rsu_q=2.353 tx=94 no_tx=168 deadlock=0 svc=0.000GHz idle=0.0%

    Ep    Wall    R/step     T_SR     V_SR     S_SR            L/R/V   Lat(s)       En     Miss      Ill      Ent       KL     Clip
--------------------------------------------------------------------------------------------------------------------------------
  1441     9.6s    0.0089   100.0%   100.0%   100.0%       64%/36%/0%    1.966    0.047     0.0%     0.0%   1.5102   0.0174     7.5%
  1442     7.5s    0.0090   100.0%   100.0%   100.0%       71%/29%/1%    1.846    0.045     0.0%     0.0%   1.3734   0.0128     6.1%
  1443     7.1s    0.0082    90.0%    90.0%    98.5%       63%/37%/0%    1.773    0.056    10.0%     0.0%   1.2793   0.0436     8.1%
  1444     3.3s    0.0162   100.0%   100.0%   100.0%       68%/32%/0%    0.875    0.065     0.0%     0.0%   1.1497   0.0045     5.7%
  1445     8.2s    0.0090   100.0%   100.0%   100.0%       59%/41%/0%    1.957    0.070     0.0%     0.0%   1.3696   0.0116     8.0%
  1446     8.0s    0.0093   100.0%   100.0%   100.0%       59%/41%/0%    1.958    0.050     0.0%     0.0%   1.3305   0.0189     7.6%
  1447     8.3s    0.0092   100.0%   100.0%   100.0%       61%/38%/1%    1.980    0.062     0.0%     0.0%   1.2613   0.0215     9.5%
  1448     6.5s    0.0141   100.0%   100.0%   100.0%       53%/47%/0%    1.106    0.112     0.0%     0.0%   1.8685   0.0163    11.6%
  1449     2.9s    0.0180   100.0%   100.0%   100.0%       72%/28%/0%    0.819    0.053     0.0%     0.0%   0.8985   0.0095     3.5%
  1450    12.5s    0.0075    80.0%    80.0%    98.0%       55%/46%/0%    2.148    0.080    20.0%     0.0%   1.6925   0.0378    12.7%
  [MA20] reward=0.0103 task_sr=94.3% miss=5.8% time_limit=0.0% v2v=0.1%
  [RWRD] r_prog=0.0503 r_term=0.0248 r_illegal=0.0000
  [PPO ] p_loss=-0.0030 v_loss=0.3096 entropy=1.6925 grad=3.9198 active=100.0%
  [SIM ] avg_power(a)=0.4851 rsu_q=3.071 tx=91 no_tx=109 deadlock=0 svc=0.000GHz idle=0.0%
  1451    14.5s    0.0072    75.0%    75.0%    97.8%       43%/57%/0%    2.117    0.114    25.0%     0.0%   1.7995   0.0296    11.4%
  1452     7.8s    0.0086    90.0%    90.0%    97.9%       66%/34%/0%    1.810    0.064    10.0%     0.0%   1.4249   0.0050     9.1%
  1453    10.0s    0.0084    95.0%    95.0%    99.0%       60%/40%/0%    1.969    0.085     5.0%     0.0%   1.5757   0.0356     8.0%
  1454     7.9s    0.0091   100.0%   100.0%   100.0%       71%/29%/0%    1.864    0.030     0.0%     0.0%   1.3748   0.0099     7.5%
  1455     2.5s    0.0198   100.0%   100.0%   100.0%       70%/30%/0%    0.804    0.064     0.0%     0.0%   0.7909   0.0025     4.9%
  1456     9.3s    0.0083    90.0%    90.0%    98.1%       60%/39%/1%    1.976    0.069    10.0%     0.0%   1.4504   0.0356     7.9%
  1457     9.7s    0.0098   100.0%   100.0%   100.0%       60%/40%/0%    1.881    0.073     0.0%     0.0%   1.3573   0.0407     9.0%
  1458    14.0s    0.0077    95.0%    95.0%    99.6%       61%/39%/0%    2.753    0.056     5.0%     0.0%   1.3829   0.0116     8.8%
  1459    18.5s    0.0048    65.0%    65.0%    96.2%       55%/45%/0%    3.042    0.068    35.0%     0.0%   1.5318   0.0471     9.8%
  1460     8.1s    0.0092    95.0%    95.0%    99.5%       67%/33%/0%    1.819    0.050     5.0%     0.0%   1.4044   0.0322     7.7%
  [MA20] reward=0.0101 task_sr=93.7% miss=6.2% time_limit=0.0% v2v=0.1%
  [RWRD] r_prog=0.0445 r_term=0.0478 r_illegal=0.0000
  [PPO ] p_loss=-0.0228 v_loss=0.0795 entropy=1.4044 grad=2.1119 active=100.0%
  [SIM ] avg_power(a)=0.4757 rsu_q=1.875 tx=67 no_tx=138 deadlock=0 svc=0.000GHz idle=0.0%

    Ep    Wall    R/step     T_SR     V_SR     S_SR            L/R/V   Lat(s)       En     Miss      Ill      Ent       KL     Clip
--------------------------------------------------------------------------------------------------------------------------------
  1461    15.4s    0.0093    95.0%    95.0%   100.0%       55%/45%/0%    2.171    0.087     5.0%     0.0%   1.7155   0.0281     9.1%
  1462    14.3s    0.0080    85.0%    85.0%   100.0%       51%/49%/0%    2.084    0.101    15.0%     0.0%   1.7669   0.0177     9.1%
  1463    15.4s    0.0080   100.0%   100.0%   100.0%       67%/32%/0%    2.671    0.053     0.0%     0.0%   1.4419   0.0244     7.4%
  1464     7.8s    0.0090    90.0%    90.0%    99.0%       66%/34%/0%    1.866    0.061    10.0%     0.0%   1.3619   0.0104     6.9%
  1465     7.3s    0.0095   100.0%   100.0%   100.0%       72%/28%/0%    1.728    0.041     0.0%     0.0%   1.3754   0.0239     4.9%
  1466     3.4s    0.0185   100.0%   100.0%   100.0%       67%/33%/0%    0.860    0.071     0.0%     0.0%   1.0851   0.0287     5.3%
  1467     7.7s    0.0088   100.0%   100.0%   100.0%       69%/31%/0%    1.771    0.043     0.0%     0.0%   1.4925   0.0269     6.4%
  1468     7.7s    0.0092   100.0%   100.0%   100.0%       67%/32%/1%    1.797    0.051     0.0%     0.0%   1.3193   0.0174     7.8%
  1469     2.6s    0.0197   100.0%   100.0%   100.0%       69%/31%/0%    0.748    0.065     0.0%     0.0%   0.9256   0.0137     6.0%
  1470     8.1s    0.0076    90.0%    90.0%    99.0%       62%/38%/0%    1.904    0.064    10.0%     0.0%   1.3992   0.0249     7.9%
  [MA20] reward=0.0100 task_sr=93.2% miss=6.8% time_limit=0.0% v2v=0.1%
  [RWRD] r_prog=0.0396 r_term=0.0369 r_illegal=0.0000
  [PPO ] p_loss=0.0034 v_loss=0.2164 entropy=1.3992 grad=2.5678 active=100.0%
  [SIM ] avg_power(a)=0.4794 rsu_q=1.963 tx=74 no_tx=119 deadlock=0 svc=0.000GHz idle=0.0%
  1471     2.8s    0.0197   100.0%   100.0%   100.0%       67%/33%/0%    0.726    0.056     0.0%     0.0%   1.0186   0.0167     7.7%
  1472     2.3s    0.0200   100.0%   100.0%   100.0%       68%/32%/0%    0.784    0.053     0.0%     0.0%   0.8900   0.0047     6.0%
  1473    12.9s    0.0064    95.0%    95.0%    98.9%       66%/34%/0%    2.871    0.059     5.0%     0.0%   1.3419   0.0223     6.6%
  1474    16.0s    0.0075    90.0%    90.0%    98.8%       61%/39%/0%    2.728    0.061    10.0%     0.0%   1.5269   0.0112     7.4%
  1475     8.0s    0.0091   100.0%   100.0%   100.0%       65%/35%/0%    1.947    0.041     0.0%     0.0%   1.4765   0.0144     5.7%
  1476     3.2s    0.0182   100.0%   100.0%   100.0%       71%/29%/0%    0.813    0.054     0.0%     0.0%   0.9416   0.0243     7.5%
  1477     2.6s    0.0193   100.0%   100.0%   100.0%       68%/32%/0%    0.762    0.056     0.0%     0.0%   0.9176   0.0211     3.8%
  1478     2.6s    0.0181   100.0%   100.0%   100.0%       69%/31%/0%    0.729    0.039     0.0%     0.0%   1.0863  -0.0013     5.2%
  1479     2.5s    0.0194   100.0%   100.0%   100.0%       69%/31%/0%    0.694    0.055     0.0%     0.0%   0.9450   0.0070     3.9%
  1480     7.0s    0.0104   100.0%   100.0%   100.0%       62%/38%/0%    1.663    0.071     0.0%     0.0%   1.2948   0.0112     7.1%
  [MA20] reward=0.0128 task_sr=97.2% miss=2.8% time_limit=0.0% v2v=0.1%
  [RWRD] r_prog=0.0441 r_term=0.0599 r_illegal=0.0000
  [PPO ] p_loss=0.0243 v_loss=0.0403 entropy=1.2948 grad=3.4201 active=100.0%
  [SIM ] avg_power(a)=0.5028 rsu_q=2.409 tx=74 no_tx=119 deadlock=0 svc=0.000GHz idle=0.0%

    Ep    Wall    R/step     T_SR     V_SR     S_SR            L/R/V   Lat(s)       En     Miss      Ill      Ent       KL     Clip
--------------------------------------------------------------------------------------------------------------------------------
  1481     8.3s    0.0094    95.0%    95.0%    99.1%       72%/28%/0%    1.797    0.035     5.0%     0.0%   1.2992   0.0120     6.7%
  1482     8.9s    0.0086   100.0%   100.0%   100.0%       62%/38%/0%    1.853    0.050     0.0%     0.0%   1.4406   0.0089     7.7%
  1483    14.2s    0.0077    95.0%    95.0%    99.6%       74%/26%/0%    2.683    0.033     5.0%     0.0%   1.5189   0.0170     5.7%
  1484     9.1s    0.0104    95.0%    95.0%    98.0%       71%/29%/0%    1.767    0.053     5.0%     0.0%   1.4802   0.0114     5.3%
  1485     7.7s    0.0083   100.0%   100.0%   100.0%       78%/22%/0%    1.842    0.029     0.0%     0.0%   1.4271   0.0142     5.7%
  1486    15.1s    0.0076    75.0%    75.0%    97.5%       54%/46%/0%    2.188    0.074    25.0%     0.0%   1.7993   0.0198     8.0%
  1487    16.8s    0.0064    75.0%    75.0%    97.3%       63%/37%/0%    2.825    0.067    25.0%     0.0%   1.6050   0.0223     8.2%
  1488     2.5s    0.0178   100.0%   100.0%   100.0%       70%/30%/0%    0.794    0.060     0.0%     0.0%   0.9230   0.0053     3.7%
  1489     8.3s    0.0091   100.0%   100.0%   100.0%       72%/28%/0%    1.866    0.035     0.0%     0.0%   1.3940   0.0132     6.6%
  1490     8.3s    0.0094   100.0%   100.0%   100.0%       72%/28%/0%    1.811    0.031     0.0%     0.0%   1.3831   0.0196     6.7%
  [MA20] reward=0.0121 task_sr=96.0% miss=4.0% time_limit=0.0% v2v=0.0%
  [RWRD] r_prog=0.0423 r_term=0.0520 r_illegal=0.0000
  [PPO ] p_loss=0.0017 v_loss=0.0260 entropy=1.3831 grad=1.3208 active=100.0%
  [SIM ] avg_power(a)=0.4855 rsu_q=1.360 tx=59 no_tx=153 deadlock=0 svc=0.000GHz idle=0.0%
  1491    12.2s    0.0066    80.0%    80.0%    95.2%       71%/29%/0%    2.681    0.039    15.0%     0.0%   1.4010   0.0197     5.7%
  1492    10.7s    0.0076    90.0%    90.0%    98.8%       72%/28%/0%    2.508    0.037    10.0%     0.0%   1.2759   0.0252     7.9%
  1493     6.7s    0.0091    95.0%    95.0%    99.5%       66%/34%/1%    1.865    0.037     5.0%     0.0%   1.2436   0.0192     6.2%
  1494    13.4s    0.0069    90.0%    90.0%    99.6%       73%/27%/0%    2.656    0.020    10.0%     0.0%   1.5484   0.0084     6.7%
  1495    23.3s    0.0057    65.0%    65.0%    97.3%       46%/54%/0%    3.064    0.104    35.0%     0.0%   1.7352   0.0441     9.8%
  1496    10.4s    0.0077   100.0%   100.0%   100.0%       50%/50%/0%    2.280    0.071     0.0%     0.0%   1.2207   0.0366    10.7%
  1497     2.7s    0.0192   100.0%   100.0%   100.0%       62%/38%/0%    0.787    0.060     0.0%     0.0%   0.9571   0.0400    10.2%
  1498     7.1s    0.0091   100.0%   100.0%   100.0%       53%/47%/0%    1.753    0.048     0.0%     0.0%   1.3704   0.0081     7.6%
  1499    13.5s    0.0065    95.0%    95.0%    99.6%       47%/53%/0%    2.488    0.063     5.0%     0.0%   1.4232   0.0109     9.6%
  1500     3.3s    0.0165   100.0%   100.0%   100.0%       63%/37%/0%    0.889    0.068     0.0%     0.0%   1.0499   0.0286     8.8%
  [MA20] reward=0.0095 task_sr=92.5% miss=7.2% time_limit=0.0% v2v=0.0%
  [RWRD] r_prog=0.0326 r_term=0.1322 r_illegal=0.0000
  [PPO ] p_loss=0.0263 v_loss=0.0337 entropy=1.0499 grad=6.3553 active=100.0%
  [SIM ] avg_power(a)=0.4727 rsu_q=0.917 tx=52 no_tx=89 deadlock=0 svc=0.000GHz idle=0.0%
  [Checkpoint] saved: ep1500.pth

[Train] completed: episodes=1500 best_reward=0.2813 best_success_rate(50ep)=0.9700
[Train] key outputs: /root/vecOffloadingSim/runs/rc1_ablation_1500ep_20260322_180707/full/logs/metrics.csv, /root/vecOffloadingSim/runs/rc1_ablation_1500ep_20260322_180707/full/logs/training_stats.csv, /root/vecOffloadingSim/runs/rc1_ablation_1500ep_20260322_180707/full/models/best_model.pth, /root/vecOffloadingSim/runs/rc1_ablation_1500ep_20260322_180707/full/models/last_model.pth

[Auto Plot] Generating training plots...
[DataRecorder] Training stats plots saved to: /root/vecOffloadingSim/runs/rc1_ablation_1500ep_20260322_180707/full/plots
[Auto Plot] plot_results.py ...
[Auto Plot] ✓ Saved: fig_latency_with_baselines.png | ✓ Saved: fig_summary_dashboard.png | ✓ All plots saved to: /root/vecOffloadingSim/runs/rc1_ablation_1500ep_20260322_180707/full/plots
[Auto Plot] plot_results.py done in 16.9s
[Auto Plot] generate_all_plots.py ...
[Auto Plot] ⚠ No baseline data found, skipping baseline comparison plot | ✓ All plots saved to: /root/vecOffloadingSim/runs/rc1_ablation_1500ep_20260322_180707/full/plots |   Total plots: 8
[Auto Plot] generate_all_plots.py done in 8.7s
[DataRecorder] All plots generated in: /root/vecOffloadingSim/runs/rc1_ablation_1500ep_20260322_180707/full/plots
[Auto Plot] jobs: ok=4 skipped=1 failed=0
[Auto Plot] generated figures: 35
[Auto Plot] sample: bias_annealing.png, cpu_efficiency.png, episode_duration.png, fig_constraint_health.png, fig_convergence_analysis.png, fig_convergence_baseline.png, fig_convergence_recheck.png, fig_decision_distribution.png
[Auto Plot] manifest: /root/vecOffloadingSim/runs/rc1_ablation_1500ep_20260322_180707/full/plots/plot_manifest.json
[Postprocess] loaded env_reward.jsonl: /root/vecOffloadingSim/runs/rc1_ablation_1500ep_20260322_180707/full/logs/env_reward.jsonl
✓ Wrote: /root/vecOffloadingSim/runs/rc1_ablation_1500ep_20260322_180707/full/metrics/train_metrics_full.csv (rows=1500 cols=298)

[Launcher] finished_at=2026-03-22 21:58:43 CST
[Launcher] success
