episode,policy,total_reward,avg_step_reward,loss,veh_success_rate,vehicle_success_rate,task_success_rate,subtask_success_rate,v2v_subtask_success_rate,decision_frac_local,decision_frac_rsu,decision_frac_v2v,avg_power,avg_queue_len,avg_veh_queue,avg_rsu_queue,ma_fairness,ma_reward_gap,ma_collaboration,v2v_gain_mean,v2v_gain_pos_rate,v2v_gain_pos_mean,best_mode_local_rate,best_mode_rsu_rate,best_mode_v2v_rate,mode_match_rate,oracle_match_rate,oracle_match_eps_abs_rate,oracle_match_eps_rel_rate,action_regret_mean,action_regret_p95,oracle_rsu_chosen_v2v_rate,oracle_v2v_chosen_rsu_rate,oracle_v2v_chosen_v2v_rate,max_agent_reward,min_agent_reward,avg_assigned_cpu_ghz,episode_vehicle_count,episode_task_count,duration
1,,0.02023014951554401,0.0007225053398408575,3.1507049798965454,0.2,0.2,0.2,0.69,0.9411764705882353,0.2830188679245283,0.5031446540880503,0.2138364779874214,0.49305146020571033,0.2625,0.2625,1.9285714285714286,0.034435435015029034,0.3021675420031631,44.11764705882353,-0.29044889961937576,0.4411764705882353,0.08887161223668195,0.1761006289308176,0.42138364779874216,0.4025157232704403,0.34591194968553457,0.34591194968553457,nan,nan,0.18494983520102268,0.8914040218167417,0.22388059701492538,0.4375,0.21875,0.21664805407378301,-0.08551948792938006,2.319285220951947,20,20,20.056998014450073
2,,0.04417333452941185,0.0018405556053921605,0.4720143020153046,0.45,0.45,0.45,0.725925925925926,0.8636363636363636,0.2807017543859649,0.5263157894736842,0.19298245614035087,0.5139525807540243,0.016666666666666666,0.016666666666666666,0.6666666666666666,0.10433986578084077,0.29066679797470896,36.36363636363637,-0.017370516596764293,0.36363636363636365,0.014006734186128312,0.23684210526315788,0.2631578947368421,0.5,0.2719298245614035,0.2719298245614035,nan,nan,0.07053693289514497,0.38720046939970093,0.3,0.5789473684210527,0.14035087719298245,0.1975823316352337,-0.09308446633947523,2.6562316334724816,20,20,8.251243352890015
3,,0.05205419475246884,0.0013698472303281274,0.4148938566446304,0.2,0.2,0.2,0.7026022304832714,0.7580645161290323,0.3409090909090909,0.35454545454545455,0.30454545454545456,0.5004678152158464,0.46842105263157896,0.46842105263157896,0.9473684210526315,0.2105037732781809,0.3200543705046037,41.7910447761194,-0.4541634942310389,0.417910447761194,0.16826212194039034,0.12727272727272726,0.6090909090909091,0.2636363636363636,0.34545454545454546,0.34545454545454546,nan,nan,0.3011541818284787,0.9255528165962956,0.31343283582089554,0.3275862068965517,0.27586206896551724,0.23434722605487407,-0.08570714444972964,2.3651853867153068,20,20,15.349459171295166
4,,0.0817305887676586,0.002150804967569963,0.3981846272945404,0.15,0.15,0.15,0.5401459854014599,0.6521739130434783,0.22631578947368422,0.3894736842105263,0.38421052631578945,0.48114462257853075,0.29605263157894735,0.29605263157894735,1.105263157894737,0.14644974881134298,0.881893246090806,23.28767123287671,-0.9924713313268636,0.2328767123287671,0.1928486856575169,0.21052631578947367,0.4105263157894737,0.37894736842105264,0.3684210526315789,0.3684210526315789,nan,nan,0.6319213613295821,3.9679733364733436,0.41025641025641024,0.375,0.375,0.7781838225833065,-0.10370942350749948,2.3871927993858115,20,20,22.393852710723877
5,,0.05916646078853113,0.0021130878853046833,0.3057194083929062,0.3,0.3,0.3,0.6990291262135923,0.7954545454545454,0.34911242603550297,0.378698224852071,0.27218934911242604,0.5007819477768083,0.3125,0.3125,0.8214285714285714,0.2756616347723462,0.27025530054728714,43.47826086956522,-0.19186011778358128,0.43478260869565216,0.12206856777447259,0.17751479289940827,0.5739644970414202,0.2485207100591716,0.42011834319526625,0.42011834319526625,nan,nan,0.1582879725351781,0.5010330976779372,0.23711340206185566,0.2857142857142857,0.38095238095238093,0.20469477979900375,-0.0655605207482834,2.236327002370233,20,20,15.69396686553955
6,,0.09870625602476542,0.003948250240990617,0.3191506028175354,0.65,0.65,0.65,0.8473282442748091,0.8055555555555556,0.3884297520661157,0.2975206611570248,0.3140495867768595,0.505290365781635,0.044,0.044,0.12,0.4087842095087313,0.30055270161639136,42.10526315789473,-0.12154095618199641,0.42105263157894735,0.019425230466987548,0.21487603305785125,0.4214876033057851,0.36363636363636365,0.34710743801652894,0.34710743801652894,nan,nan,0.06397646536132563,0.12016197272958462,0.3137254901960784,0.36363636363636365,0.3181818181818182,0.203419898320644,-0.09713280329574739,2.2562269920454696,20,20,4.716829776763916
7,,0.09473373654112413,0.0039472390225468385,0.2276114195585251,0.6,0.6,0.6,0.8503937007874016,0.8723404255319149,0.28688524590163933,0.29508196721311475,0.4180327868852459,0.4934978959461053,0.0625,0.0625,0.041666666666666664,0.37204908175062035,0.37970661297448693,33.33333333333333,-0.21957421058041665,0.3333333333333333,0.03020130768925951,0.22131147540983606,0.5081967213114754,0.27049180327868855,0.29508196721311475,0.29508196721311475,nan,nan,0.1154842711923452,0.24204398343461894,0.43548387096774194,0.45454545454545453,0.3939393939393939,0.2819687492696948,-0.09773786370479216,1.98446379028294,20,20,4.61192774772644
8,,0.08576699312852619,0.002957482521673317,0.22257036417722703,0.4,0.4,0.4,0.7908163265306123,0.8372093023255814,0.38372093023255816,0.3430232558139535,0.27325581395348836,0.5045765632249671,0.4793103448275862,0.4793103448275862,1.0344827586206897,0.3390497970105818,0.4042423329455153,42.5531914893617,-0.16300068570739573,0.425531914893617,0.23700606495458953,0.1569767441860465,0.43023255813953487,0.4127906976744186,0.27906976744186046,0.27906976744186046,nan,nan,0.19846753914176005,0.7912732669358792,0.2702702702702703,0.38028169014084506,0.2676056338028169,0.3206440165050634,-0.08359831644045189,2.3102219255356284,20,20,9.337467670440674
9,,0.07086505798284627,0.0024436226890636645,0.28417790979146956,0.4,0.4,0.4,0.7967032967032966,0.8809523809523809,0.4695121951219512,0.24390243902439024,0.2865853658536585,0.507341851410456,0.496551724137931,0.496551724137931,0.5862068965517241,0.2304838461458729,0.359508284731069,38.297872340425535,-0.19121248210431385,0.3829787234042553,0.13982624771832244,0.1402439024390244,0.5304878048780488,0.32926829268292684,0.2865853658536585,0.2865853658536585,nan,nan,0.19365049220406663,0.7093150835512918,0.2413793103448276,0.18518518518518517,0.3333333333333333,0.2869519356675142,-0.07255634906355476,2.1520856997292768,20,20,8.296508550643921
10,,0.08772471345711855,0.0030249901192109844,0.22083040773868562,0.35,0.35,0.35,0.8601036269430051,0.8888888888888888,0.40437158469945356,0.32786885245901637,0.2677595628415301,0.49070268398600403,0.6275862068965518,0.6275862068965518,0.9655172413793104,0.4209260763168112,0.28580124066793966,36.734693877551024,-0.3356045229940257,0.3673469387755102,0.17408228393321437,0.18032786885245902,0.31693989071038253,0.5027322404371585,0.31693989071038253,0.31693989071038253,nan,nan,0.23805452675205888,0.9413472659649131,0.22413793103448276,0.33695652173913043,0.2717391304347826,0.22155823275938555,-0.06424300790855408,2.3097663885439617,20,20,7.561615943908691
11,,0.0668666801061926,0.0017596494764787526,0.1955148421227932,0.15,0.15,0.15,0.7479338842975206,0.7727272727272727,0.3619047619047619,0.29523809523809524,0.34285714285714286,0.49400697605880467,0.7276315789473684,0.7276315789473684,1.0263157894736843,0.3750216615186419,0.30217163135459346,38.88888888888889,-0.417696942704628,0.3888888888888889,0.3068543317987037,0.12380952380952381,0.680952380952381,0.19523809523809524,0.29523809523809524,0.29523809523809524,nan,nan,0.3654182753246946,1.7922165890350403,0.3776223776223776,0.43902439024390244,0.2926829268292683,0.23520414070710585,-0.06696749064748758,2.201966785269327,20,20,13.014462947845459
12,,0.09577692522614194,0.0025885655466524847,0.2375650644302368,0.35,0.35,0.35,0.694980694980695,0.8301886792452831,0.3605769230769231,0.3605769230769231,0.27884615384615385,0.48611867219411037,0.4554054054054054,0.4554054054054054,0.8108108108108109,0.28494615729101513,0.6574678571885599,27.586206896551722,-0.34436595014128846,0.27586206896551724,0.23307340249317382,0.16346153846153846,0.4951923076923077,0.34134615384615385,0.25961538461538464,0.25961538461538464,nan,nan,0.2909837796616959,1.3097386027741267,0.2912621359223301,0.43661971830985913,0.22535211267605634,0.6058962784655807,-0.05157157872297929,2.2068095849217295,20,20,19.2230486869812
13,,0.13043903421117364,0.0044978977314197805,0.2972866058349609,0.55,0.55,0.55,0.8651162790697674,0.8260869565217391,0.35784313725490197,0.3872549019607843,0.2549019607843137,0.4933259692364212,0.506896551724138,0.506896551724138,1.2413793103448276,0.4071579045702506,0.6670731790688657,34.61538461538461,-0.09869133894406733,0.34615384615384615,0.12589637603257123,0.12254901960784313,0.6078431372549019,0.2696078431372549,0.3431372549019608,0.3431372549019608,nan,nan,0.17725940344781216,0.5825235880024318,0.23387096774193547,0.38181818181818183,0.2909090909090909,0.5959036707399641,-0.07116950832890157,2.1746054290198167,20,20,11.063268661499023
14,,0.08906522865253408,0.003872401245762351,0.3139825761318207,0.65,0.65,0.65,0.90625,0.9047619047619048,0.48360655737704916,0.3442622950819672,0.1721311475409836,0.4730313472429533,0.030434782608695653,0.030434782608695653,0.34782608695652173,0.324803162281074,0.3014574516336285,42.857142857142854,-0.010322792807453449,0.42857142857142855,0.01911528270908928,0.23770491803278687,0.5327868852459017,0.22950819672131148,0.38524590163934425,0.38524590163934425,nan,nan,0.024975532239867794,0.1038896998590876,0.15384615384615385,0.32142857142857145,0.25,0.20958900904614233,-0.09186844258748621,2.175782917839019,20,20,4.362001895904541
15,,0.17804277938071353,0.005086936553734672,0.2421834021806717,0.8,0.8,0.8,0.9418604651162791,0.9736842105263158,0.384,0.456,0.16,0.4920304921908038,0.6157142857142858,0.6157142857142858,2.3142857142857145,0.8424725884734714,0.26129880714795095,32.5,-0.07457336192577876,0.325,0.2869707142594632,0.172,0.508,0.32,0.404,0.404,nan,nan,0.146558487122236,0.6837952719098872,0.18110236220472442,0.4375,0.1875,0.25052959326655444,-0.010769213881396525,2.3866511812524953,20,20,12.857275485992432
16,,0.17441739733173936,0.006976695893269574,0.12445279657840728,0.95,0.95,0.95,0.9618320610687023,1.0,0.453125,0.421875,0.125,0.49085912216454747,0.018,0.018,0.4,0.8907087074024131,0.2877829615189399,43.75,0.0015227162684218773,0.4375,0.014520639771700148,0.1640625,0.3671875,0.46875,0.28125,0.28125,nan,nan,0.026951413726876393,0.14610448745923502,0.14893617021276595,0.4,0.11666666666666667,0.1979701931075075,-0.08981276841143238,2.542906712036022,20,20,3.502582550048828
17,,0.1577770857202144,0.005843595767415348,0.19467897713184357,0.8,0.8,0.8,0.9408866995073891,1.0,0.4517766497461929,0.4213197969543147,0.12690355329949238,0.4889334321918863,0.48703703703703705,0.48703703703703705,1.2222222222222223,0.7252022509382869,0.32804324424783304,28.000000000000004,-0.06906682669167162,0.28,0.1261020765345884,0.13705583756345177,0.4517766497461929,0.41116751269035534,0.25380710659898476,0.25380710659898476,nan,nan,0.1199190429425545,0.46731108122923104,0.14606741573033707,0.4444444444444444,0.1111111111111111,0.268968238021458,-0.05907500622637507,2.185850531023588,20,20,8.65484619140625
18,,0.0995429951234155,0.002619552503247776,0.19282178804278374,0.35,0.35,0.35,0.8226415094339623,0.8444444444444444,0.5550847457627118,0.24152542372881355,0.2033898305084746,0.4912746726853871,0.7802631578947369,0.7802631578947369,0.5789473684210527,0.444891468056113,0.32044333030967026,43.75,-0.14827035157915555,0.4375,0.23155415877599644,0.1228813559322034,0.7415254237288136,0.13559322033898305,0.2288135593220339,0.2288135593220339,nan,nan,0.2598431342212378,0.7297469137871266,0.21142857142857144,0.21875,0.28125,0.2744360121137568,-0.04600731819591347,1.9748819137251261,20,20,15.991701364517212
19,,0.1409125628167785,0.004859053890233741,0.1394985005259514,0.7,0.7,0.7,0.8439024390243902,0.8918918918918919,0.4,0.3837837837837838,0.21621621621621623,0.48840082292926723,0.33448275862068966,0.33448275862068966,1.0689655172413792,0.5835818949611359,0.3286551485302902,37.5,-0.17647881455198658,0.375,0.1314108545654932,0.14594594594594595,0.6054054054054054,0.24864864864864866,0.3891891891891892,0.3891891891891892,nan,nan,0.1227028203281625,0.35605998449400933,0.19642857142857142,0.30434782608695654,0.2608695652173913,0.24598004037624754,-0.08267510815404264,2.107167440446724,20,20,8.885159730911255
20,,0.06631035648795161,0.0018419543468875448,0.16955469399690629,0.4,0.4,0.4,0.6752767527675276,0.8108108108108109,0.3492822966507177,0.46411483253588515,0.18660287081339713,0.48322195685597963,0.44583333333333336,0.44583333333333336,1.9166666666666667,0.22930692675421396,0.31261008940221124,28.205128205128204,-0.37165795997494216,0.28205128205128205,0.2438915157800997,0.14354066985645933,0.42105263157894735,0.4354066985645933,0.3492822966507177,0.3492822966507177,nan,nan,0.21985745868871745,0.764672788825105,0.19318181818181818,0.5274725274725275,0.17582417582417584,0.24809066453156492,-0.0645194248706463,2.3106595491119455,20,20,18.792866706848145
21,,0.1365574998234753,0.005937282601020665,0.16082630902528763,0.8,0.8,0.8,0.917910447761194,0.8823529411764706,0.46875,0.390625,0.140625,0.4869926980170219,0.02826086956521739,0.02826086956521739,0.34782608695652173,0.6423092087600775,0.28723207854998123,55.55555555555556,-0.10694498030077748,0.5555555555555556,0.019364728695804197,0.21875,0.140625,0.640625,0.3125,0.3125,nan,nan,0.04366773265711936,0.11153670450014012,0.16666666666666666,0.4024390243902439,0.15853658536585366,0.19540613303761417,-0.09182594551236706,2.410622737679077,20,20,3.5253796577453613
22,,0.1389136899807647,0.005144951480769063,0.16862409487366675,0.6,0.6,0.6,0.905940594059406,0.72,0.46632124352331605,0.39896373056994816,0.13471502590673576,0.48654310307034326,0.5314814814814814,0.5314814814814814,1.6296296296296295,0.6201193401363162,0.32162738038240285,50.0,-0.1051360919756384,0.5,0.10992255250900164,0.12953367875647667,0.6424870466321243,0.22797927461139897,0.36787564766839376,0.36787564766839376,nan,nan,0.13941573996962875,0.5918254530564635,0.12903225806451613,0.38636363636363635,0.18181818181818182,0.2921398240837865,-0.029487556298616338,2.2613275614499435,20,20,10.848569393157959
23,,0.19999344047543308,0.007407164462053077,0.14684867560863496,0.95,0.95,0.95,0.9846938775510204,0.9473684210526315,0.3556701030927835,0.5463917525773195,0.0979381443298969,0.4718555734561825,0.31851851851851853,0.31851851851851853,3.074074074074074,0.93906260044947,0.2518424043611067,57.89473684210527,-0.06255978891111341,0.5789473684210527,0.09069274794484747,0.11855670103092783,0.4175257731958763,0.4639175257731959,0.26804123711340205,0.26804123711340205,nan,nan,0.11530318567397628,0.35799028286898904,0.13580246913580246,0.5888888888888889,0.06666666666666667,0.25016517443773,-0.0016772299233767246,3.0443647302724908,20,20,7.301009893417358
24,,0.18843775596168255,0.017130705087425688,0.11723854094743728,1.0,1.0,1.0,1.0,1.0,0.38405797101449274,0.5507246376811594,0.06521739130434782,0.5006441337818449,0.05,0.05,1.5454545454545454,0.9989728911551725,0.025634713397808262,66.66666666666666,-0.01588138410400444,0.6666666666666666,0.009065703089451564,0.16666666666666666,0.5362318840579711,0.2971014492753623,0.34057971014492755,0.34057971014492755,nan,nan,0.03691738601783751,0.2154309827434246,0.08108108108108109,0.4634146341463415,0.04878048780487805,0.20442369621086268,0.17878898281305441,2.818547242600934,20,20,2.7599031925201416
25,,0.18844911545606807,0.010469395303114894,0.08917730152606965,0.95,0.95,0.95,0.9923664122137404,1.0,0.2900763358778626,0.6564885496183206,0.05343511450381679,0.4966891973486377,0.03611111111111111,0.03611111111111111,1.3888888888888888,0.8106803016949325,0.5736963677732113,57.14285714285714,-0.020377771740408862,0.5714285714285714,0.014695521843710847,0.1984732824427481,0.37404580152671757,0.42748091603053434,0.29770992366412213,0.29770992366412213,nan,nan,0.08069415602310523,0.2057049023135878,0.061224489795918366,0.6964285714285714,0.017857142857142856,0.4854286981429214,-0.08826766963028994,2.9880873219074617,20,20,3.068486452102661
26,,0.09859214533851184,0.0033997291496038564,0.2752358913421631,0.5,0.5,0.5,0.7871287128712872,0.875,0.3522727272727273,0.5454545454545454,0.10227272727272728,0.4930464231377018,0.2689655172413793,0.2689655172413793,2.2758620689655173,0.29557569228670677,0.5865091794068051,38.88888888888889,-0.022153665572836163,0.3888888888888889,0.15239804503991902,0.125,0.2784090909090909,0.5965909090909091,0.2784090909090909,0.2784090909090909,nan,nan,0.17485448986990132,0.6871699712102697,0.08163265306122448,0.5238095238095238,0.12380952380952381,0.5184347102113104,-0.06807446919549473,2.5096798733121104,20,20,16.857115745544434
27,,0.19676623120378364,0.007567931969376294,0.05507275648415089,0.95,0.95,0.95,0.9789473684210527,1.0,0.425531914893617,0.5212765957446809,0.05319148936170213,0.4887982347621941,0.34807692307692306,0.34807692307692306,2.5384615384615383,0.909509235576916,0.3405161523750522,30.0,-0.0926911769600213,0.3,0.1403514003848264,0.18085106382978725,0.3351063829787234,0.48404255319148937,0.28191489361702127,0.28191489361702127,nan,nan,0.10257224299231722,0.3874085995699353,0.031746031746031744,0.5164835164835165,0.06593406593406594,0.28794970975704337,-0.05256644261800879,2.4414399959350446,20,20,5.992722749710083
28,,0.19563596811250566,0.007524460312019449,0.03757876381278038,0.9,0.9,0.9,0.9852941176470589,0.8571428571428571,0.5219512195121951,0.43414634146341463,0.04390243902439024,0.5047622206405952,0.4403846153846154,0.4403846153846154,1.6923076923076923,0.9476419299916653,0.2184779823317952,44.44444444444444,-0.018996713953281032,0.4444444444444444,0.12784643069282056,0.17073170731707318,0.5756097560975609,0.25365853658536586,0.36097560975609755,0.36097560975609755,nan,nan,0.0846585264127904,0.35464909638552355,0.05084745762711865,0.5192307692307693,0.038461538461538464,0.26185870725651766,0.043380724924722475,2.3840881651640986,20,20,9.211079120635986
29,,0.1923324637842718,0.005342568438451994,0.1597938597202301,0.6,0.6,0.6,0.9186046511627907,1.0,0.6639676113360324,0.30364372469635625,0.032388663967611336,0.49866356214301455,1.0430555555555556,1.0430555555555556,1.0833333333333333,0.8170025741856649,0.3674916870872408,25.0,-0.24633055871480591,0.25,0.16458934937286734,0.10526315789473684,0.6923076923076923,0.20242914979757085,0.2834008097165992,0.2834008097165992,nan,nan,0.2663443723580386,1.0078225613512257,0.03508771929824561,0.34,0.0,0.37341456522615885,0.005922878138918092,1.9746750510717557,20,20,21.61796236038208
30,,0.1871629439051143,0.02079588265612381,0.06913499534130096,1.0,1.0,1.0,1.0,1.0,0.43609022556390975,0.556390977443609,0.007518796992481203,0.47821262631979256,0.03333333333333333,0.03333333333333333,0.7777777777777778,0.9988222951438224,0.02489882885573158,0.0,-0.020415775722753556,0.0,0.0,0.19548872180451127,0.15037593984962405,0.6541353383458647,0.15789473684210525,0.15789473684210525,nan,nan,0.023885961080386965,0.09580757294762088,0.05,0.5862068965517241,0.0,0.2022675370667753,0.17736870821104372,3.19322821579995,20,20,2.407973289489746
31,,0.18901082117530033,0.02100120235281115,0.02363419681787491,1.0,1.0,1.0,1.0,0.0,0.427536231884058,0.572463768115942,0.0,0.5009332070825622,0.027777777777777776,0.027777777777777776,1.4444444444444444,0.9980607604271177,0.040680858491866256,0.0,0.0,0.0,0.0,0.18840579710144928,0.5072463768115942,0.30434782608695654,0.35507246376811596,0.35507246376811596,nan,nan,0.02134337587094055,0.1070690754965681,0.0,0.5714285714285714,0.0,0.21648917328785566,0.1758083147959894,2.794718496730085,20,20,2.6131591796875
32,,0.21788176902684064,0.008715270761073625,0.08265303075313568,1.0,1.0,1.0,1.0,1.0,0.7105263157894737,0.26842105263157895,0.021052631578947368,0.49323545014858244,0.546,0.546,0.76,0.9868262013286532,0.0966365030456598,50.0,-0.03961211259116823,0.5,0.04451645012368668,0.1368421052631579,0.6052631578947368,0.2578947368421053,0.24210526315789474,0.24210526315789474,nan,nan,0.11216453099685704,0.4317944433070861,0.02608695652173913,0.12244897959183673,0.02040816326530612,0.2742206083535805,0.17758410530792068,2.100854155622684,20,20,6.2045886516571045
33,,0.1877690714192273,0.01877690714192273,0.035788342356681824,1.0,1.0,1.0,1.0,1.0,0.8449612403100775,0.13178294573643412,0.023255813953488372,0.49339132227003574,0.055,0.055,1.0,0.9992276064799338,0.024297299151507856,0.0,-0.035477013572135,0.0,0.0,0.21705426356589147,0.05426356589147287,0.7286821705426356,0.1937984496124031,0.1937984496124031,nan,nan,0.027739635666050335,0.0787457301926497,0.0,0.11702127659574468,0.010638297872340425,0.1998030840219799,0.17550578487047205,1.9969782174334694,20,20,3.7296319007873535
34,,0.20948459944344502,0.008379383977737801,0.09189950227737427,0.95,0.95,0.95,0.9852216748768473,1.0,0.5373134328358209,0.417910447761194,0.04477611940298507,0.4921703468719497,0.482,0.482,1.72,0.8980127359854408,0.40888219345922283,77.77777777777779,0.026757797253234725,0.7777777777777778,0.13239076173073544,0.13930348258706468,0.5870646766169154,0.2736318407960199,0.3383084577114428,0.3383084577114428,nan,nan,0.11505533193556934,0.40727536479767584,0.059322033898305086,0.4727272727272727,0.03636363636363636,0.3558311174011794,-0.05305107605804345,2.6583916239408856,20,20,7.921841621398926
35,,0.19770940514209256,0.007604207890080483,0.03865598030388355,0.9,0.9,0.9,0.9898477157360406,1.0,0.923469387755102,0.0663265306122449,0.01020408163265306,0.4998031927917439,0.6076923076923076,0.6076923076923076,0.2692307692307692,0.9535766629202828,0.17728351341022067,0.0,-0.22581685127344964,0.0,0.0,0.11224489795918367,0.23469387755102042,0.6530612244897959,0.10714285714285714,0.10714285714285714,nan,nan,0.14391277599649868,0.48015192943077023,0.021739130434782608,0.0703125,0.0078125,0.24336242437724884,0.06607891096702817,2.1478830108519755,20,20,11.374061107635498
36,,0.22382308729643952,0.006217307980456653,0.049761651828885076,0.9,0.9,0.9,0.9806949806949807,1.0,0.77734375,0.21484375,0.0078125,0.49508126847083783,0.8847222222222222,0.8847222222222222,0.9722222222222222,0.9578217530105897,0.22378588164291358,100.0,0.20731804303334128,1.0,0.20731804303334128,0.10546875,0.28125,0.61328125,0.18359375,0.18359375,nan,nan,0.21871823531368012,0.7769327795900764,0.0,0.19745222929936307,0.012738853503184714,0.30098557546681926,0.07719969382390568,2.3412531857147973,20,20,16.86558222770691
37,,0.1895154085201325,0.021057267613348054,0.012810348719358444,1.0,1.0,1.0,1.0,1.0,0.576,0.416,0.008,0.4773312093483077,0.07222222222222222,0.07222222222222222,0.3333333333333333,0.9992745024414338,0.01965489073274221,100.0,0.01892495378482545,1.0,0.01892495378482545,0.184,0.288,0.528,0.296,0.296,nan,nan,0.021859649497619184,0.07786678329718905,0.027777777777777776,0.45454545454545453,0.0,0.19901695366239394,0.17936206292965173,2.321911106228572,20,20,2.1367859840393066
38,,0.19438771914349928,0.00694241854083926,0.09804454520344734,0.9,0.9,0.9,0.9897435897435898,1.0,0.6615384615384615,0.3282051282051282,0.010256410256410256,0.48371267790041333,0.5125,0.5125,0.9642857142857143,0.9287845311880575,0.23650816232185706,0.0,-0.05252358963390373,0.0,0.0,0.1282051282051282,0.2205128205128205,0.6512820512820513,0.17435897435897435,0.17435897435897435,nan,nan,0.132784542163406,0.542119084469662,0.023255813953488372,0.33070866141732286,0.0,0.2840702155517738,0.047562053229916745,2.441746727144328,20,20,6.924285173416138
39,,0.21778603193127027,0.010370763425298584,0.00819990448653698,1.0,1.0,1.0,1.0,1.0,0.5778894472361809,0.4020100502512563,0.020100502512562814,0.47922739187432895,0.6071428571428571,0.6071428571428571,2.142857142857143,0.9922565603297862,0.07395674747512457,50.0,0.00011261617430583654,0.5,0.03804501869558428,0.11557788944723618,0.628140703517588,0.2562814070351759,0.32160804020100503,0.32160804020100503,nan,nan,0.09503035619837713,0.3734163591232176,0.032,0.29411764705882354,0.0,0.2560111383533964,0.18205439087827183,2.251512511145465,20,20,6.546884775161743
40,,0.21663548881783035,0.008665419552713214,0.04727031365036964,0.95,0.95,0.95,0.9901960784313726,0.0,0.6715686274509803,0.3235294117647059,0.004901960784313725,0.49495745715498923,0.582,0.582,0.92,0.9760902905217209,0.16737367402966719,0.0,-0.10940045516091268,0.0,0.0,0.11764705882352941,0.4019607843137255,0.4803921568627451,0.24019607843137256,0.24019607843137256,nan,nan,0.12598768408234692,0.49267520002336845,0.012195121951219513,0.336734693877551,0.0,0.2625260881154535,0.09515241408578634,2.194529705275797,20,20,6.7776079177856445
41,,0.19776761530240541,0.008240317304266892,0.05993750244379044,0.95,0.95,0.95,1.0,1.0,0.649746192893401,0.3197969543147208,0.030456852791878174,0.4815977191242079,0.4895833333333333,0.4895833333333333,0.7083333333333334,0.9590466192437311,0.19759610356914697,50.0,0.0036313462314627545,0.5,0.2317748719579896,0.15228426395939088,0.27918781725888325,0.5685279187817259,0.22842639593908629,0.22842639593908629,nan,nan,0.10663231543900904,0.41281198346392123,0.05454545454545454,0.24107142857142858,0.017857142857142856,0.23642439768765805,0.038828294118511075,2.303792205096669,20,20,6.939453840255737
42,,0.20951674563307904,0.009976987887289478,-0.019356274604797365,1.0,1.0,1.0,1.0,1.0,0.39,0.58,0.03,0.49448086912078515,0.3523809523809524,0.3523809523809524,3.857142857142857,0.9949583794500185,0.04813983898726942,66.66666666666666,0.007840410790335465,0.6666666666666666,0.09753499056037696,0.14,0.275,0.585,0.235,0.235,nan,nan,0.07658985073309355,0.22944427492989045,0.01818181818181818,0.5982905982905983,0.03418803418803419,0.23688218368006103,0.1887423446927916,2.5361571679838,20,20,6.520913362503052
43,,0.19093394057361598,0.019093394057361598,-0.012083973363041877,1.0,1.0,1.0,1.0,1.0,0.45864661654135336,0.5037593984962406,0.03759398496240601,0.5154438948724419,0.075,0.075,0.4,0.9981809278483179,0.03856568153349901,40.0,0.005535924051822834,0.4,0.016867472825225556,0.21052631578947367,0.45864661654135336,0.3308270676691729,0.3233082706766917,0.3233082706766917,nan,nan,0.029281913735570177,0.1285653370692125,0.04918032786885246,0.5909090909090909,0.022727272727272728,0.21103917486726528,0.17247349333376627,2.3038223465000534,20,20,2.5028157234191895
44,,0.1984415890931794,0.007632368811276131,0.06679325178265572,0.85,0.85,0.85,0.9740932642487047,1.0,0.7486910994764397,0.20418848167539266,0.04712041884816754,0.501649381151387,0.8538461538461538,0.8538461538461538,0.6923076923076923,0.9299114841514066,0.21531396664368108,44.44444444444444,-0.04778348954763205,0.4444444444444444,0.2163086859720486,0.12041884816753927,0.5130890052356021,0.36649214659685864,0.24083769633507854,0.24083769633507854,nan,nan,0.1980976912870914,0.7078984617382708,0.030612244897959183,0.14285714285714285,0.07142857142857142,0.31092526461891185,0.09561129797523077,2.1759474213725065,20,20,9.606914758682251
45,,0.1907690800548057,0.01907690800548057,-0.009652021899819374,1.0,1.0,1.0,1.0,1.0,0.6390977443609023,0.3157894736842105,0.045112781954887216,0.47263286453671755,0.075,0.075,1.4,0.9989728821767399,0.02493734431846764,33.33333333333333,-0.012236930021011816,0.3333333333333333,0.007296453724179704,0.15789473684210525,0.42857142857142855,0.41353383458646614,0.21804511278195488,0.21804511278195488,nan,nan,0.029946165862590343,0.16290579286588985,0.05263157894736842,0.38181818181818183,0.03636363636363636,0.20099322950374712,0.17605588518527948,1.8046843232654994,20,20,2.594071388244629
46,,0.1506048740607431,0.005577958298546041,0.12729678079485893,0.7,0.7,0.7,0.9336734693877551,0.7777777777777778,0.8368421052631579,0.11052631578947368,0.05263157894736842,0.4705744054030489,0.6333333333333333,0.6333333333333333,0.5185185185185185,0.6885708435574197,0.31321759225530205,50.0,-0.07738331850155196,0.5,0.13042189583379338,0.12105263157894737,0.35789473684210527,0.5210526315789473,0.20526315789473684,0.20526315789473684,nan,nan,0.15782993369753642,0.5495322501762462,0.029411764705882353,0.050505050505050504,0.0707070707070707,0.25886268460001427,-0.054354907655287776,2.0386686321856473,20,20,11.624191045761108
47,,0.21378295404415013,0.009717407002006824,0.0456619143486023,1.0,1.0,1.0,1.0,1.0,0.5989583333333334,0.3854166666666667,0.015625,0.47502812838224184,0.5204545454545455,0.5204545454545455,2.0454545454545454,0.9919700064741284,0.07166245092261717,100.0,0.0429054700553898,1.0,0.0429054700553898,0.109375,0.5,0.390625,0.22916666666666666,0.22916666666666666,nan,nan,0.10912813758949474,0.3535040678204213,0.020833333333333332,0.37333333333333335,0.013333333333333334,0.2493390452262046,0.17767659430358743,2.5293487156257606,20,20,5.882754802703857
48,,0.21767254585140958,0.009069689410475399,0.01780078262090683,0.95,0.95,0.95,0.9900497512437811,1.0,0.63,0.36,0.01,0.4881510336728146,0.6833333333333333,0.6833333333333333,1.125,0.9795184431239943,0.13796449843818062,0.0,-0.2612043175268376,0.0,0.0,0.16,0.625,0.215,0.315,0.315,nan,nan,0.1372089108062541,0.5105342454976731,0.0,0.3023255813953488,0.0,0.2651235077685612,0.12715900933038057,2.181077044440876,20,20,6.456910610198975
49,,0.19244951425061368,0.0213832793611793,0.047446603514254095,1.0,1.0,1.0,1.0,0.0,0.7686567164179104,0.23134328358208955,0.0,0.4755554227365388,0.07222222222222222,0.07222222222222222,1.2222222222222223,0.9989416101607783,0.03093551656294699,0.0,0.0,0.0,0.0,0.17164179104477612,0.5,0.3283582089552239,0.2462686567164179,0.2462686567164179,nan,nan,0.022019786194870734,0.07479045244594248,0.0,0.20454545454545456,0.0,0.21005965470310747,0.17912413814016048,1.9328547387298394,20,20,2.3465466499328613
50,,0.19056763396173304,0.02117418155130367,-0.00117328567430377,1.0,1.0,1.0,1.0,1.0,0.8,0.17692307692307693,0.023076923076923078,0.4736781036688222,0.044444444444444446,0.044444444444444446,0.2222222222222222,0.9990592095413887,0.024187280542449008,66.66666666666666,-0.005713607985531617,0.6666666666666666,0.00827583986111705,0.18461538461538463,0.35384615384615387,0.46153846153846156,0.2153846153846154,0.2153846153846154,nan,nan,0.02054691718667142,0.05784137174211693,0.021739130434782608,0.25,0.03333333333333333,0.20483517303783447,0.18064789249538546,1.7726098745836567,20,20,2.2218821048736572
51,,0.23253881264295057,0.006459411462304183,0.09893034994602204,0.75,0.75,0.75,0.96,0.8333333333333334,0.9390243902439024,0.036585365853658534,0.024390243902439025,0.4922057527065691,1.3833333333333333,1.3833333333333333,0.25,0.8982388854412848,0.278463670642164,33.33333333333333,-0.10818809929873459,0.3333333333333333,0.16077741110322402,0.08536585365853659,0.7804878048780488,0.13414634146341464,0.10569105691056911,0.10569105691056911,nan,nan,0.3459270030543508,0.8484196034178388,0.010416666666666666,0.0,0.06060606060606061,0.34811229594635545,0.06964862530419147,1.9059496788077457,20,20,23.349151134490967
52,,0.21225070686575637,0.009228291602858972,0.034927808493375775,1.0,1.0,1.0,1.0,1.0,0.5980392156862745,0.39705882352941174,0.004901960784313725,0.47840208761070085,0.4826086956521739,0.4826086956521739,1.6956521739130435,0.990946946644856,0.07946669458149386,100.0,0.05941566578177804,1.0,0.05941566578177804,0.14705882352941177,0.553921568627451,0.29901960784313725,0.28431372549019607,0.28431372549019607,nan,nan,0.09005053989336231,0.32731630740944584,0.0,0.5573770491803278,0.01639344262295082,0.25660399920890486,0.177137304627411,2.2380807749616007,20,20,6.64023494720459
53,,0.20941194121400242,0.008376477648560096,0.04479432366788387,0.95,0.95,0.95,1.0,0.0,0.5105263157894737,0.48947368421052634,0.0,0.4721581042446196,0.402,0.402,2.96,0.9715409419538198,0.18260455982732576,0.0,0.0,0.0,0.0,0.11578947368421053,0.5684210526315789,0.3157894736842105,0.33157894736842103,0.33157894736842103,nan,nan,0.08741842174133346,0.34323066417507564,0.0,0.5333333333333333,0.0,0.2559873829591203,0.07338282313179455,2.600693270121274,20,20,6.898266077041626
54,,0.19134796413549227,0.019134796413549225,0.010712944343686104,1.0,1.0,1.0,1.0,1.0,0.7089552238805971,0.27611940298507465,0.014925373134328358,0.485080043990165,0.07,0.07,1.0,0.9986374121466951,0.0288020829006235,0.0,-0.01475077066507779,0.0,0.0,0.22388059701492538,0.5149253731343284,0.26119402985074625,0.2462686567164179,0.2462686567164179,nan,nan,0.030580709828158345,0.15132127983521346,0.014492753623188406,0.3142857142857143,0.02857142857142857,0.20768679617947516,0.17888471327885166,2.2313199536719166,20,20,2.195542573928833
55,,0.1937938935690198,0.0215326548410022,-0.000772148184478283,1.0,1.0,1.0,1.0,1.0,0.45081967213114754,0.5245901639344263,0.02459016393442623,0.4946940906242364,0.09444444444444444,0.09444444444444444,1.5555555555555556,0.9983446254999572,0.035023408108629916,33.33333333333333,0.007400663017293215,0.3333333333333333,0.11034789231983848,0.22131147540983606,0.13114754098360656,0.6475409836065574,0.1557377049180328,0.1557377049180328,nan,nan,0.04425686206494107,0.14445403010711297,0.0,0.620253164556962,0.02531645569620253,0.21850748467151743,0.1834840765628875,2.3220278798343785,20,20,2.4284961223602295
56,,0.2188585307114805,0.006079403630874458,0.02047103475779295,1.0,1.0,1.0,1.0,1.0,0.3595505617977528,0.6367041198501873,0.003745318352059925,0.4710373896872625,0.42083333333333334,0.42083333333333334,5.361111111111111,0.9807402405530039,0.10599816397318584,0.0,-0.16376435366952558,0.0,0.0,0.11610486891385768,0.5355805243445693,0.34831460674157305,0.4232209737827715,0.4232209737827715,nan,nan,0.08213186428170945,0.39504599120411155,0.006993006993006993,0.6451612903225806,0.0,0.2693432933851265,0.16334512941194068,2.4713330642646913,20,20,12.112699270248413
57,,0.21043552629662612,0.008768146929026088,0.02167977802455425,0.95,0.95,0.95,0.9947089947089947,1.0,0.6931216931216931,0.2962962962962963,0.010582010582010581,0.4786303363992677,0.5729166666666666,0.5729166666666666,1.125,0.9666881026239351,0.19859729409662252,0.0,-0.0811570870930787,0.0,0.0,0.15343915343915343,0.6137566137566137,0.2328042328042328,0.328042328042328,0.328042328042328,nan,nan,0.1088574175834358,0.3899335045314471,0.008620689655172414,0.2727272727272727,0.0,0.2731883543438197,0.0745910602471972,2.009081765534704,20,20,7.181707382202148
58,,0.21900168697617015,0.008760067479046806,0.02547050565481186,1.0,1.0,1.0,1.0,1.0,0.5204081632653061,0.46938775510204084,0.01020408163265306,0.484899270914495,0.502,0.502,2.24,0.9900835057626406,0.08136023295975486,100.0,0.054269340191614945,1.0,0.054269340191614945,0.11224489795918367,0.413265306122449,0.4744897959183674,0.25,0.25,nan,nan,0.1250320385082319,0.4398966096522672,0.012345679012345678,0.43010752688172044,0.010752688172043012,0.2649130242663799,0.18355279130662505,2.20260901785992,20,20,6.501650810241699
59,,0.20889678172510248,0.0083558712690041,0.026795705780386925,0.95,0.95,0.95,0.9902439024390244,1.0,0.8137254901960784,0.14215686274509803,0.04411764705882353,0.47285123147815467,0.656,0.656,0.52,0.9877991272590073,0.08613514790707871,11.11111111111111,-0.12474919638462063,0.1111111111111111,0.01078375687394531,0.1323529411764706,0.5245098039215687,0.3431372549019608,0.22058823529411764,0.22058823529411764,nan,nan,0.13352087619890146,0.43363066898267855,0.037383177570093455,0.11428571428571428,0.05714285714285714,0.2681226074016003,0.1819874594945216,2.177196901079399,20,20,6.9481096267700195
60,,0.22076092142458048,0.008490804670176173,-0.016341813374310732,1.0,1.0,1.0,1.0,1.0,0.7536945812807881,0.2315270935960591,0.014778325123152709,0.4821010004155911,0.5557692307692308,0.5557692307692308,0.34615384615384615,0.9917388713248388,0.07607720505159465,33.33333333333333,-0.23347624241537154,0.3333333333333333,0.04804625339931201,0.11330049261083744,0.6995073891625616,0.18719211822660098,0.22660098522167488,0.22660098522167488,nan,nan,0.11015337021592413,0.37924494381050633,0.02112676056338028,0.3157894736842105,0.0,0.26495708198526857,0.18887987693367392,1.970379588311884,20,20,6.7523744106292725
61,,0.2357981021306761,0.009069157774256773,-0.0013641836121678352,1.0,1.0,1.0,1.0,1.0,0.7165775401069518,0.27807486631016043,0.0053475935828877,0.4808191803033249,0.7173076923076923,0.7173076923076923,0.8461538461538461,0.9766986949915393,0.12582975485317577,100.0,0.5553391043348257,1.0,0.5553391043348257,0.10695187165775401,0.6149732620320856,0.27807486631016043,0.20855614973262032,0.20855614973262032,nan,nan,0.16455533877312287,0.5611793388390219,0.008695652173913044,0.36538461538461536,0.0,0.3103552407156658,0.18452548586249,1.8001530880866754,20,20,6.4154579639434814
62,,0.23238528015634802,0.010562967279834001,-0.024966432712972164,1.0,1.0,1.0,1.0,1.0,0.92,0.075,0.005,0.47695719156816435,0.9136363636363637,0.9136363636363637,0.09090909090909091,0.9888373661582144,0.09768121353629061,100.0,0.0615839383194724,1.0,0.0615839383194724,0.105,0.79,0.105,0.145,0.145,nan,nan,0.15439863983609128,0.4235718616407061,0.0,0.0,0.047619047619047616,0.2898737939508818,0.1921925804145912,1.672345751101864,20,20,6.1237804889678955
63,,0.19147308063884153,0.021274786737649057,-0.022718530707061292,1.0,1.0,1.0,1.0,1.0,0.9047619047619048,0.06349206349206349,0.031746031746031744,0.49664975752433144,0.044444444444444446,0.044444444444444446,1.0,0.9988771337416972,0.023997542397334926,50.0,0.0008572541044751568,0.5,0.02156720059393583,0.1746031746031746,0.30952380952380953,0.5158730158730159,0.19047619047619047,0.19047619047619047,nan,nan,0.025625741157632092,0.06839258879999527,0.02564102564102564,0.046153846153846156,0.03076923076923077,0.20186945826449065,0.17787191586715573,1.874279845133655,20,20,2.076488971710205
64,,0.1890119593554254,0.01890119593554254,-0.02929568663239479,1.0,1.0,1.0,1.0,0.0,0.8148148148148148,0.17777777777777778,0.007407407407407408,0.48091041650623084,0.04,0.04,0.8,0.9987406374228812,0.026625039156535524,0.0,-0.03383843659049855,0.0,0.0,0.22962962962962963,0.2814814814814815,0.4888888888888889,0.24444444444444444,0.24444444444444444,nan,nan,0.021825612550446283,0.08039330592831842,0.0,0.19696969696969696,0.0,0.20473437689954166,0.17810933774300614,2.085028330720312,20,20,2.472323179244995
65,,0.18871494539418737,0.017155904126744306,-0.03287194035947323,1.0,1.0,1.0,1.0,1.0,0.7611940298507462,0.208955223880597,0.029850746268656716,0.46310041389343415,0.07272727272727272,0.07272727272727272,0.2727272727272727,0.9991957338245189,0.01842712492860321,50.0,0.00842197084559319,0.5,0.02208560308362524,0.1791044776119403,0.11940298507462686,0.7014925373134329,0.16417910447761194,0.16417910447761194,nan,nan,0.02750607184158364,0.08379985196250217,0.125,0.2127659574468085,0.02127659574468085,0.19665250681648683,0.17822538188788362,2.1780755324486045,20,20,2.5408260822296143
66,,0.17761633032641108,0.007722449144626569,-0.004753952473402023,0.95,0.95,0.95,0.984375,0.9,0.8267716535433071,0.09448818897637795,0.07874015748031496,0.4809623999450275,0.0391304347826087,0.0391304347826087,0.17391304347826086,0.8935544495840385,0.2901969897789819,40.0,-0.007560647621625375,0.4,0.014521867806454048,0.1968503937007874,0.3228346456692913,0.48031496062992124,0.2204724409448819,0.2204724409448819,nan,nan,0.03365800649592957,0.10395237972640999,0.024390243902439025,0.06557377049180328,0.11475409836065574,0.20168896614758436,-0.08850802363139751,2.058855397797269,20,20,3.6197354793548584
67,,0.1935281132962869,0.021503123699587436,0.009706431068480015,1.0,1.0,1.0,1.0,1.0,0.8692307692307693,0.09230769230769231,0.038461538461538464,0.49843064111967883,0.1,0.1,0.0,0.9983747659596651,0.02924321449723516,40.0,-0.0060472724633336,0.4,0.002203604139233553,0.18461538461538463,0.5384615384615384,0.27692307692307694,0.2230769230769231,0.2230769230769231,nan,nan,0.02305756673306266,0.08994338102545621,0.02857142857142857,0.05555555555555555,0.027777777777777776,0.2076757900274125,0.17843257553017733,1.8342223181487185,20,20,2.1825289726257324
68,,0.21352058315681804,0.008540823326272722,0.054848887771368024,0.95,0.95,0.95,0.9948717948717949,1.0,0.9081632653061225,0.07142857142857142,0.02040816326530612,0.4784411537274718,0.698,0.698,0.24,0.9662849219741303,0.22945631524532542,25.0,-0.07553025056556809,0.25,0.04637531612523743,0.12244897959183673,0.6020408163265306,0.2755102040816326,0.12244897959183673,0.12244897959183673,nan,nan,0.1470252793510943,0.4542509482857496,0.025423728813559324,0.09259259259259259,0.0,0.2990421886031477,0.06958587335782226,2.1285610666042656,20,20,6.626008987426758
69,,0.1901819999518534,0.023772749993981674,0.018096300028264522,1.0,1.0,1.0,1.0,1.0,0.9133858267716536,0.047244094488188976,0.03937007874015748,0.4850572700146586,0.11875,0.11875,0.125,0.9984216130896008,0.02301738022280375,20.0,-0.009884585401079725,0.2,0.003766902846678029,0.2283464566929134,0.4330708661417323,0.33858267716535434,0.2283464566929134,0.2283464566929134,nan,nan,0.02302746837732494,0.08184370954592178,0.01818181818181818,0.0,0.046511627906976744,0.20083743890421313,0.17782005868140938,1.851030060495187,20,20,1.9243619441986084
70,,0.20708302629023295,0.007140794010008033,0.03962596692144871,0.85,0.85,0.85,0.975609756097561,1.0,0.9113300492610837,0.059113300492610835,0.029556650246305417,0.4653541009616235,0.7706896551724138,0.7706896551724138,0.3448275862068966,0.9256598042397918,0.23128361248388923,50.0,0.04209415984234943,0.5,0.27081078980734147,0.13793103448275862,0.6354679802955665,0.22660098522167488,0.12315270935960591,0.12315270935960591,nan,nan,0.18631991830439235,0.6190939795491226,0.007751937984496124,0.043478260869565216,0.043478260869565216,0.3172873962509665,0.0860037837670773,1.9622116885966374,20,20,7.588269472122192
71,,0.19536291568296735,0.006977246988677405,0.04839617609977722,0.85,0.85,0.85,0.9794871794871794,1.0,0.8652849740932642,0.08290155440414508,0.05181347150259067,0.452923630731779,0.7946428571428571,0.7946428571428571,0.32142857142857145,0.9198816547266382,0.23427609454944381,30.0,-0.02853335850424975,0.3,0.1796452806132752,0.12435233160621761,0.40932642487046633,0.46632124352331605,0.13471502590673576,0.13471502590673576,nan,nan,0.1991575643591958,0.6126148697893022,0.0759493670886076,0.13333333333333333,0.044444444444444446,0.26406236090432733,0.029786266354883503,1.9692899283621952,20,20,6.987448692321777
72,,0.22454729509405488,0.006415637002687283,0.06507991291582585,0.8,0.8,0.8,0.9562043795620438,1.0,0.9283018867924528,0.06792452830188679,0.0037735849056603774,0.45078482742554377,1.2285714285714286,1.2285714285714286,0.3142857142857143,0.8691073604798909,0.38943128305056274,0.0,-0.226100934329524,0.0,0.0,0.12830188679245283,0.5811320754716981,0.29056603773584905,0.12830188679245283,0.12830188679245283,nan,nan,0.2992427401956306,0.9562593425998206,0.0,0.09090909090909091,0.0,0.36633627183915196,-0.023095011211410763,2.228622051123298,20,20,13.55232548713684
73,,0.16993199503987538,0.011328799669325025,0.1492747575044632,0.95,0.95,0.95,0.9626865671641791,1.0,0.8120300751879699,0.15037593984962405,0.03759398496240601,0.4616184154890167,0.016666666666666666,0.016666666666666666,0.26666666666666666,0.8088115109953538,0.4001248450668004,20.0,-0.22301920416009166,0.2,0.001106753188409637,0.21804511278195488,0.13533834586466165,0.6466165413533834,0.15789473684210525,0.15789473684210525,nan,nan,0.03487554920411108,0.11301302227736731,0.0,0.12790697674418605,0.03488372093023256,0.21137939886753532,-0.1887454461992651,2.214455568770222,20,20,3.010770797729492
74,,0.1889478361415381,0.020994204015726454,-0.02206319458782673,1.0,1.0,1.0,1.0,1.0,0.7674418604651163,0.2248062015503876,0.007751937984496124,0.4600716487608022,0.10555555555555556,0.10555555555555556,0.5555555555555556,0.9981478148615787,0.03643854683940406,100.0,0.0035234252872473545,1.0,0.0035234252872473545,0.15503875968992248,0.2713178294573643,0.5736434108527132,0.15503875968992248,0.15503875968992248,nan,nan,0.03019056821496292,0.10640425964801593,0.0,0.21621621621621623,0.013513513513513514,0.21444375739328703,0.17800521055388296,2.3515828543921975,20,20,2.307926893234253
75,,0.21520683164357304,0.007685958272984752,0.07241631969809532,0.85,0.85,0.85,0.9896907216494846,0.0,0.979381443298969,0.020618556701030927,0.0,0.4388603120526698,0.8178571428571428,0.8178571428571428,0.35714285714285715,0.9247915921577079,0.2616385639500627,0.0,0.0,0.0,0.0,0.0979381443298969,0.7268041237113402,0.17525773195876287,0.10309278350515463,0.10309278350515463,nan,nan,0.19187386177943383,0.5396364915252841,0.0,0.029411764705882353,0.0,0.2996619144885653,0.038023350538502615,1.927908939598914,20,20,9.98480749130249
76,,0.21113259472187929,0.00879719144674497,0.04097975641489029,0.9,0.9,0.9,0.9685863874345549,1.0,0.8095238095238095,0.18518518518518517,0.005291005291005291,0.4407814391112576,0.88125,0.88125,1.1666666666666667,0.9832608824903832,0.10084917099213067,0.0,-0.07925989077349957,0.0,0.0,0.13756613756613756,0.5079365079365079,0.3544973544973545,0.19047619047619047,0.19047619047619047,nan,nan,0.19763457868268203,0.732630216557912,0.0,0.23880597014925373,0.014925373134328358,0.2686730179149729,0.16782384692284222,1.7529013198137908,20,20,6.233990430831909
77,,0.19114617175830845,0.005461319193094527,0.0655528675764799,0.55,0.55,0.55,0.9236641221374046,1.0,0.9367588932806324,0.05533596837944664,0.007905138339920948,0.44386345623194107,1.5957142857142856,1.5957142857142856,0.34285714285714286,0.8938836379905837,0.22369928712417558,0.0,-0.4235016990913389,0.0,0.0,0.08695652173913043,0.841897233201581,0.07114624505928854,0.09090909090909091,0.09090909090909091,nan,nan,0.3799741788446328,1.002001785773725,0.009389671361502348,0.16666666666666666,0.0,0.2773478049366523,0.053648517812476704,1.7689362167989104,20,20,12.298336029052734
78,,0.23344051138808675,0.005985654138156071,0.05980699559052785,0.8,0.8,0.8,0.9661654135338346,1.0,0.8250950570342205,0.16730038022813687,0.0076045627376425855,0.4407785199952718,1.2333333333333334,1.2333333333333334,0.5384615384615384,0.9140094872942098,0.30407872698062594,0.0,-0.4969517417616013,0.0,0.0,0.07984790874524715,0.752851711026616,0.16730038022813687,0.13688212927756654,0.13688212927756654,nan,nan,0.31717997986907054,0.9026820236009819,0.010101010101010102,0.1590909090909091,0.0,0.3392080476364752,0.03512932065584928,1.8761317394513017,20,20,12.580408573150635
79,,0.22009888486203896,0.008465341725463036,0.018741555139422418,0.85,0.85,0.85,0.9748743718592965,1.0,0.9030612244897959,0.08163265306122448,0.015306122448979591,0.45258395636024384,0.926923076923077,0.926923076923077,0.23076923076923078,0.9313127754084294,0.25671495077442363,0.0,-0.2103935110071217,0.0,0.0,0.14285714285714285,0.5918367346938775,0.2653061224489796,0.12755102040816327,0.12755102040816327,nan,nan,0.20875476334956633,0.7110871193386399,0.017241379310344827,0.11538461538461539,0.0,0.3408869242108137,0.08417197343639003,1.844012096033481,20,20,7.659934043884277
80,,0.18980167719454,0.018980167719454,-0.003900260664522648,1.0,1.0,1.0,1.0,1.0,0.8145161290322581,0.1774193548387097,0.008064516129032258,0.46626909747719764,0.055,0.055,0.3,0.9988419228455567,0.025773392024947855,0.0,-0.015138410054077678,0.0,0.0,0.18548387096774194,0.31451612903225806,0.5,0.14516129032258066,0.14516129032258066,nan,nan,0.026869248155970762,0.09762144129534872,0.02564102564102564,0.14516129032258066,0.0,0.20421387116584513,0.17844047914089728,1.9952817858257215,20,20,1.9754698276519775
81,,0.19504573511739218,0.021671748346376907,-0.008277018181979656,1.0,1.0,1.0,1.0,1.0,0.9,0.09166666666666666,0.008333333333333333,0.48055545662322807,0.11666666666666667,0.11666666666666667,1.1111111111111112,0.9988796421620262,0.026580879323666318,100.0,0.02575867160097555,1.0,0.02575867160097555,0.2,0.5416666666666666,0.25833333333333336,0.16666666666666666,0.16666666666666666,nan,nan,0.03391234969941367,0.12267688688099705,0.015384615384615385,0.03225806451612903,0.0,0.20970341311946877,0.18312253379580246,1.7222508798028033,20,20,2.0978729724884033
82,,0.22765951596962694,0.008756135229601036,0.04718746691942215,0.95,0.95,0.95,0.9948717948717949,1.0,0.9123711340206185,0.061855670103092786,0.02577319587628866,0.4590775128024129,0.8730769230769231,0.8730769230769231,0.19230769230769232,0.9724338901524315,0.18910078564063484,20.0,-0.2983539131519536,0.2,0.03486032958058946,0.13402061855670103,0.6752577319587629,0.19072164948453607,0.14948453608247422,0.14948453608247422,nan,nan,0.18269384329643437,0.4745149396307227,0.030534351145038167,0.0,0.0,0.2749262856185363,0.08582549997790148,1.8668340852146175,20,20,6.944297552108765
83,,0.19005888941455115,0.02111765437939457,-0.01860547959804535,1.0,1.0,1.0,1.0,1.0,0.849624060150376,0.10526315789473684,0.045112781954887216,0.4727841446383132,0.03888888888888889,0.03888888888888889,1.0,0.9987816525903436,0.027648610226953196,50.0,-0.014990986239874752,0.5,0.014314450321633573,0.21052631578947367,0.39849624060150374,0.39097744360902253,0.19548872180451127,0.19548872180451127,nan,nan,0.02665417503125648,0.08601358340536826,0.03773584905660377,0.038461538461538464,0.057692307692307696,0.20546681243560544,0.17781820220865224,1.8359646126704288,20,20,2.651557445526123
84,,0.196718078658383,0.00786872314633532,0.03776177018880844,0.75,0.75,0.75,0.9635416666666666,1.0,0.9,0.06842105263157895,0.031578947368421054,0.45161178811546415,1.006,1.006,0.44,0.9348771999098131,0.20619195082574798,33.33333333333333,-0.11272477605791925,0.3333333333333333,0.06423852123946255,0.12105263157894737,0.8210526315789474,0.05789473684210526,0.13157894736842105,0.13157894736842105,nan,nan,0.22058032952396875,0.7265562067120754,0.03205128205128205,0.0,0.0,0.26735699582562183,0.06116504499987385,1.767743046246225,20,20,6.670806646347046
85,,0.19164205186620223,0.02395525648327528,0.010167735815048217,1.0,1.0,1.0,1.0,1.0,0.9172932330827067,0.06766917293233082,0.015037593984962405,0.4737090697744861,0.06875,0.06875,0.0,0.998920714514199,0.02197789676429593,50.0,-0.014496725637767261,0.5,0.0009257179463978624,0.20300751879699247,0.3533834586466165,0.44360902255639095,0.21804511278195488,0.21804511278195488,nan,nan,0.02051887130835592,0.055064765526636965,0.0,0.01694915254237288,0.01694915254237288,0.2018372764188222,0.17985937965452628,1.6523165621989322,20,20,2.051539182662964
86,,0.2352732694019919,0.008713824792666367,0.1462855875492096,1.0,1.0,1.0,1.0,1.0,0.9285714285714286,0.05612244897959184,0.015306122448979591,0.43966288583663604,0.8074074074074075,0.8074074074074075,0.25925925925925924,0.9702656278589774,0.1581900272172822,66.66666666666666,0.06159374004190355,0.6666666666666666,0.13057493286747912,0.11734693877551021,0.7295918367346939,0.15306122448979592,0.12755102040816327,0.12755102040816327,nan,nan,0.17898103354267467,0.5346221057035504,0.013986013986013986,0.06666666666666667,0.0,0.34403902824852073,0.18584900103123853,1.8598072740620095,20,20,7.565869569778442
87,,0.21311047067325084,0.00591973529647919,0.07422284558415412,0.6,0.6,0.6,0.9543726235741445,1.0,0.9153846153846154,0.06153846153846154,0.023076923076923078,0.4448425909931151,1.461111111111111,1.461111111111111,0.4444444444444444,0.9168322433250009,0.2190239592142243,33.33333333333333,0.00829058354240673,0.3333333333333333,0.463609923898628,0.11923076923076924,0.7884615384615384,0.09230769230769231,0.13076923076923078,0.13076923076923078,nan,nan,0.3460768863761739,0.9320742346838832,0.024390243902439025,0.0,0.0,0.30716900418126003,0.08814504496703575,1.7396773687176805,20,20,12.371661186218262
88,,0.2242703212712766,0.008306308195232467,0.025304400734603404,0.95,0.95,0.95,0.995049504950495,1.0,0.9651741293532339,0.024875621890547265,0.009950248756218905,0.4244137971317051,0.7018518518518518,0.7018518518518518,0.037037037037037035,0.9699805775569692,0.1826396729397316,50.0,-0.04786716425382587,0.5,0.03299652058407917,0.17412935323383086,0.4079601990049751,0.417910447761194,0.1691542288557214,0.1691542288557214,nan,nan,0.16871320977404736,0.6550034871358602,0.012195121951219513,0.011904761904761904,0.011904761904761904,0.33856005975647846,0.15592038681674686,1.8754322901206844,20,20,6.295393466949463
89,,0.18877102733043855,0.018877102733043855,0.016784080490469932,1.0,1.0,1.0,1.0,1.0,0.8905109489051095,0.072992700729927,0.0364963503649635,0.46589615657925604,0.1,0.1,0.9,0.9990038217350807,0.028091395966510474,40.0,-0.011275477816504889,0.4,0.007366752002453781,0.2116788321167883,0.5109489051094891,0.2773722627737226,0.20437956204379562,0.20437956204379562,nan,nan,0.0240228659748956,0.09588862198809144,0.04285714285714286,0.02631578947368421,0.02631578947368421,0.20742866672985777,0.1793372707633473,1.6007158764455196,20,20,2.337543487548828
90,,0.1952081006797587,0.0072299296548058774,0.0277558296918869,0.95,0.95,0.95,0.9948453608247423,1.0,0.43523316062176165,0.5284974093264249,0.03626943005181347,0.43434128513628684,0.4185185185185185,0.4185185185185185,3.1481481481481484,0.9675225608365707,0.17718956815148934,28.57142857142857,-0.03373179490306676,0.2857142857142857,0.025054658256665405,0.14507772020725387,0.5284974093264249,0.32642487046632124,0.24870466321243523,0.24870466321243523,nan,nan,0.10958015485205717,0.3653984705797754,0.058823529411764705,0.6825396825396826,0.015873015873015872,0.2554067762375945,0.07821720808610516,1.9831955149024136,20,20,7.164976596832275
91,,0.19750321741755514,0.00759627759298289,0.030048255622386933,0.9,0.9,0.9,0.9894736842105263,1.0,0.8894736842105263,0.08421052631578947,0.02631578947368421,0.4111075955935611,0.7307692307692307,0.7307692307692307,0.15384615384615385,0.950990876256924,0.17678255865069714,60.0,0.020398610282666745,0.6,0.09170268014137463,0.10526315789473684,0.5368421052631579,0.35789473684210527,0.11578947368421053,0.11578947368421053,nan,nan,0.15911438265568123,0.49073205657148367,0.0392156862745098,0.10294117647058823,0.014705882352941176,0.2325604266425913,0.05577786799189416,1.906226885613036,20,20,6.756978273391724
92,,0.2243387210483965,0.009347446710349854,0.012597325444221496,0.9,0.9,0.9,0.98,1.0,0.9238578680203046,0.06598984771573604,0.01015228426395939,0.4126989767702374,0.9125,0.9125,0.125,0.9636909551580971,0.22119868512497287,0.0,-0.29380477786870696,0.0,0.0,0.12690355329949238,0.7208121827411168,0.15228426395939088,0.14213197969543148,0.14213197969543148,nan,nan,0.18306352756184097,0.6142187579385566,0.007042253521126761,0.03333333333333333,0.0,0.33691792354103156,0.11571923841605868,1.7188136789640003,20,20,6.245023965835571
93,,0.2066019495907252,0.005583836475425005,0.010180828347802161,0.65,0.65,0.65,0.9591078066914498,1.0,0.9053030303030303,0.08333333333333333,0.011363636363636364,0.42090986049608203,1.2851351351351352,1.2851351351351352,0.13513513513513514,0.9134690685605457,0.26853279333431773,33.33333333333333,-0.2059694275311675,0.3333333333333333,0.36454444232021976,0.11742424242424243,0.5681818181818182,0.3143939393939394,0.15151515151515152,0.15151515151515152,nan,nan,0.31143149978050894,0.8455160920040374,0.013333333333333334,0.07228915662650602,0.012048192771084338,0.34443444568809983,0.0759016523537821,2.0523212312590324,20,20,14.11565089225769
94,,0.238686555275026,0.009945273136459416,0.04741562455892563,1.0,1.0,1.0,1.0,1.0,0.8866995073891626,0.07881773399014778,0.034482758620689655,0.4526447196423154,0.9583333333333334,0.9583333333333334,0.08333333333333333,0.9837058100147318,0.11415667026383483,71.42857142857143,0.05030153299751872,0.7142857142857143,0.1715540656744751,0.12315270935960591,0.47783251231527096,0.39901477832512317,0.15763546798029557,0.15763546798029557,nan,nan,0.19791423355782753,0.5533992934569919,0.030927835051546393,0.06172839506172839,0.04938271604938271,0.2979744085668299,0.18381773830299505,1.5725955092228274,20,20,7.364299535751343
95,,0.18962222440700793,0.021069136045223105,-0.011806165054440498,1.0,1.0,1.0,1.0,1.0,0.7910447761194029,0.20149253731343283,0.007462686567164179,0.47324751899060274,0.03333333333333333,0.03333333333333333,1.2222222222222223,0.9992250952201125,0.018423613156620278,0.0,-0.008874580860362184,0.0,0.0,0.23134328358208955,0.4701492537313433,0.29850746268656714,0.208955223880597,0.208955223880597,nan,nan,0.022623499825449412,0.08286842745145069,0.015873015873015872,0.25,0.0,0.19909258078900507,0.1806689676323848,2.0151980568607026,20,20,2.254868507385254
96,,0.2228991410550873,0.006368546887288208,0.06145881935954094,0.75,0.75,0.75,0.9738805970149254,1.0,0.8446969696969697,0.14393939393939395,0.011363636363636364,0.4267192491489862,1.2257142857142858,1.2257142857142858,0.6571428571428571,0.8954431744261779,0.3189800691649925,66.66666666666666,-0.12580641055666572,0.6666666666666666,0.019617233001955926,0.07954545454545454,0.5340909090909091,0.38636363636363635,0.11742424242424243,0.11742424242424243,nan,nan,0.2823639130862292,0.8791331981345238,0.014184397163120567,0.14705882352941177,0.00980392156862745,0.34170771496087504,0.02272764579588256,1.9351649338914199,20,20,13.81148362159729
97,,0.20993933411736831,0.010496966705868416,-0.02407657876610756,1.0,1.0,1.0,1.0,1.0,0.5660377358490566,0.42452830188679247,0.009433962264150943,0.44261134046828376,0.515,0.515,2.1,0.9945493908105497,0.05829366135925923,0.0,-0.06868593359257347,0.0,0.0,0.11320754716981132,0.4716981132075472,0.41509433962264153,0.30660377358490565,0.30660377358490565,nan,nan,0.07888210696985809,0.27648172725923664,0.01,0.45454545454545453,0.011363636363636364,0.23206383172446293,0.1737701703652037,2.095809143079519,20,20,6.613483667373657
98,,0.25608756145842954,0.010243502458337182,0.03297951817512512,0.95,0.95,0.95,0.9949494949494949,1.0,0.8730964467005076,0.09137055837563451,0.03553299492385787,0.446959984106943,1.014,1.014,0.32,0.9680699317549868,0.20076484433559078,42.857142857142854,-0.018134931406677785,0.42857142857142855,0.1762423301078825,0.10152284263959391,0.7868020304568528,0.1116751269035533,0.18781725888324874,0.18781725888324874,nan,nan,0.2019122415879236,0.5801517243176487,0.03870967741935484,0.09090909090909091,0.045454545454545456,0.34050704517736563,0.13974220084177486,1.8157659007436004,20,20,13.902677536010742
99,,0.21258958855417806,0.008176522636699156,0.05551007427275181,0.85,0.85,0.85,0.9852216748768473,0.8461538461538461,0.7044334975369458,0.22660098522167488,0.06896551724137931,0.45534233501037724,0.7,0.7,0.5384615384615384,0.8746576398116128,0.3922059929688613,35.714285714285715,-0.04028904519449293,0.35714285714285715,0.07748174592153739,0.1330049261083744,0.7684729064039408,0.09852216748768473,0.2660098522167488,0.2660098522167488,nan,nan,0.14382766174070474,0.5771635834313844,0.07692307692307693,0.15,0.0,0.3878743168524682,-0.004331676116393096,1.9220778414142587,20,20,7.697223663330078
100,,0.21788601448943629,0.005733842486564113,0.015376587584614753,0.9,0.9,0.9,0.9880952380952381,1.0,0.7,0.292,0.008,0.4464896854916955,0.7552631578947369,0.7552631578947369,1.6842105263157894,0.9497578914398417,0.21424359687824768,50.0,-0.176413199383212,0.5,0.1526868990656936,0.132,0.412,0.456,0.164,0.164,nan,nan,0.20719829629824568,0.6416429394103663,0.009708737864077669,0.3684210526315789,0.008771929824561403,0.3033042111152784,0.08906061423703071,2.2651918176372314,20,20,12.239573240280151
101,,0.22003335994030498,0.0061120377761195825,0.03048922847956419,0.8,0.8,0.8,0.9730769230769231,1.0,0.8359375,0.16015625,0.00390625,0.4539689804828312,1.1111111111111112,1.1111111111111112,0.4166666666666667,0.9389278013751021,0.220720261803401,0.0,-0.09038299711480638,0.0,0.0,0.08984375,0.80078125,0.109375,0.2109375,0.2109375,nan,nan,0.2531836672334379,0.782296892654788,0.0,0.17857142857142858,0.03571428571428571,0.3307585529552509,0.1100382911518499,1.9612341557628286,20,20,15.277575969696045
102,,0.2419671848716786,0.010520312385725155,-0.04055620990693569,1.0,1.0,1.0,1.0,1.0,0.8535353535353535,0.13131313131313133,0.015151515151515152,0.45628389953433174,0.8543478260869565,0.8543478260869565,0.4782608695652174,0.9903257607531061,0.08908826181422097,100.0,0.11807462941119036,1.0,0.11807462941119036,0.10606060606060606,0.8232323232323232,0.0707070707070707,0.16666666666666666,0.16666666666666666,nan,nan,0.16140475556265052,0.4281601716376727,0.012269938650306749,0.07142857142857142,0.07142857142857142,0.28815814543756374,0.19906988362334277,1.6686578652640458,20,20,7.031341314315796
103,,0.18921588769849534,0.02102398752205504,0.0006301369518041611,1.0,1.0,1.0,1.0,1.0,0.625,0.3671875,0.0078125,0.46755613734324775,0.03333333333333333,0.03333333333333333,0.8888888888888888,0.9993553643765638,0.020017643131125473,100.0,0.009958606304564334,1.0,0.009958606304564334,0.2109375,0.4921875,0.296875,0.296875,0.296875,nan,nan,0.02024572519891297,0.09259472281349283,0.0,0.39473684210526316,0.02631578947368421,0.20070218896727135,0.18068454583614588,2.06493196374631,20,20,2.388442039489746
104,,0.23191959090189743,0.009276783636075897,0.052066878974437715,0.95,0.95,0.95,0.9901960784313726,1.0,0.8423645320197044,0.12807881773399016,0.029556650246305417,0.459112636054866,0.84,0.84,0.28,0.9771614495189856,0.14986441674499035,16.666666666666664,-0.08041518134419749,0.16666666666666666,0.14741987709084248,0.12315270935960591,0.729064039408867,0.1477832512315271,0.20689655172413793,0.20689655172413793,nan,nan,0.1623024505050146,0.5269423904990048,0.033783783783783786,0.13333333333333333,0.0,0.28716393974751886,0.1372995230025285,1.6912819298504598,20,20,7.3065879344940186
105,,0.24040118339070743,0.010927326517759428,0.03682905435562134,1.0,1.0,1.0,1.0,0.0,0.74,0.26,0.0,0.45417387716641483,0.7795454545454545,0.7795454545454545,1.0,0.9817796809396917,0.1377737686323739,0.0,0.0,0.0,0.0,0.13,0.66,0.21,0.255,0.255,nan,nan,0.1338253520479164,0.471036251214923,0.0,0.2619047619047619,0.0,0.3354483215184515,0.1976745528860776,1.717730028533003,20,20,7.501228332519531
106,,0.1928072143461154,0.007415662090235207,0.007840798050165177,0.9,0.9,0.9,0.9845360824742269,1.0,0.5751295336787565,0.41968911917098445,0.0051813471502590676,0.4648771847634075,0.375,0.375,1.5384615384615385,0.9308349974725911,0.20918057695913328,0.0,-0.28219752200750153,0.0,0.0,0.13471502590673576,0.538860103626943,0.32642487046632124,0.3160621761658031,0.3160621761658031,nan,nan,0.08142219296785665,0.33179719497078863,0.009615384615384616,0.47619047619047616,0.0,0.2465190349871239,0.03733845802799063,2.0521690321127215,20,20,6.374220371246338
107,,0.21832616833247198,0.009492442101411825,-0.008116576075553893,1.0,1.0,1.0,1.0,1.0,0.6715686274509803,0.3088235294117647,0.0196078431372549,0.47398358608960456,0.5673913043478261,0.5673913043478261,1.4782608695652173,0.9836439245966702,0.12822854789451513,50.0,-0.0201470944091905,0.5,0.07140436311976328,0.09803921568627451,0.5931372549019608,0.3088235294117647,0.18627450980392157,0.18627450980392157,nan,nan,0.10296020377687011,0.37008908537276225,0.01652892561983471,0.4603174603174603,0.0,0.3026444179712705,0.17441587007675538,2.354318868336236,20,20,6.410865545272827
108,,0.19146352919174878,0.005983235287242149,0.0635606061667204,0.9,0.9,0.9,0.9621212121212122,0.75,0.4186046511627907,0.5658914728682171,0.015503875968992248,0.4638671277934918,0.59375,0.59375,5.53125,0.828121153717667,0.3683781038035901,50.0,-0.05955302338497851,0.5,0.1275980166331132,0.10465116279069768,0.5271317829457365,0.3682170542635659,0.3062015503875969,0.3062015503875969,nan,nan,0.1412866682153923,0.5449312029726191,0.014705882352941176,0.631578947368421,0.010526315789473684,0.3121146245869812,-0.056263479216608896,2.6363477458920395,20,20,13.394856214523315
109,,0.23255491504130107,0.006644426144037174,-0.01773673128336668,0.95,0.95,0.95,0.9809885931558935,0.0,0.5801526717557252,0.4198473282442748,0.0,0.45737690484616905,0.5614285714285714,0.5614285714285714,3.257142857142857,0.9858110942793973,0.11893251588450701,0.0,0.0,0.0,0.0,0.13358778625954199,0.29770992366412213,0.5687022900763359,0.183206106870229,0.183206106870229,nan,nan,0.17311790811511105,0.6579336655592521,0.0,0.5033557046979866,0.0,0.30338257664964396,0.18445006076513695,2.089787409755726,20,20,11.521764278411865
110,,0.20462590689673887,0.00757873729247181,0.027565592154860496,0.9,0.9,0.9,0.9951456310679612,1.0,0.5853658536585366,0.3853658536585366,0.02926829268292683,0.46013797929993383,0.5351851851851852,0.5351851851851852,1.4074074074074074,0.9649119164251727,0.1611629847616933,50.0,-0.09063846846430294,0.5,0.04691316539930596,0.11707317073170732,0.5951219512195122,0.28780487804878047,0.28292682926829266,0.28292682926829266,nan,nan,0.11498186053219349,0.4496111555844588,0.02459016393442623,0.4067796610169492,0.03389830508474576,0.24976814983270748,0.08860516507101418,1.9186560868781706,20,20,6.887213230133057
111,,0.18494003738211934,0.004866843089003141,0.07899249382317067,0.65,0.65,0.65,0.9216417910447762,1.0,0.7480314960629921,0.24015748031496062,0.011811023622047244,0.4709044238871061,0.9197368421052632,0.9197368421052632,1.0,0.7099040135457709,0.3923065789363949,33.33333333333333,-0.09877635784977229,0.3333333333333333,0.015754723869265352,0.07086614173228346,0.8188976377952756,0.11023622047244094,0.27165354330708663,0.27165354330708663,nan,nan,0.22437414425155722,0.7195850970127294,0.014423076923076924,0.21428571428571427,0.0,0.3258535581610318,-0.06645302077536314,2.021289512657149,20,20,24.734076499938965
112,,0.19388190721631016,0.019388190721631015,-0.015279116109013557,1.0,1.0,1.0,1.0,0.0,0.736,0.264,0.0,0.5012694381736219,0.09,0.09,1.0,0.9980927484970928,0.030876590345159605,0.0,0.0,0.0,0.0,0.176,0.512,0.312,0.232,0.232,nan,nan,0.029411897038166785,0.10720956770120979,0.0,0.2564102564102564,0.0,0.20861307310750207,0.17773648276234247,2.1909005346093067,20,20,2.442352533340454
113,,0.21277758097210656,0.008183753114311791,0.010650439001619817,0.95,0.95,0.95,0.9901960784313726,1.0,0.6059113300492611,0.3842364532019704,0.009852216748768473,0.4638375187740446,0.5461538461538461,0.5461538461538461,1.2307692307692308,0.9708515315827909,0.17988925579733617,50.0,-0.04597549769551,0.5,0.010056185770122378,0.12315270935960591,0.5862068965517241,0.29064039408866993,0.31527093596059114,0.31527093596059114,nan,nan,0.10376582752607967,0.4359917938536815,0.008403361344537815,0.3389830508474576,0.0,0.25947044728620455,0.0795811914888684,2.030260491720275,20,20,7.605684757232666
114,,0.22043371858865535,0.008164211799579827,0.06669943891465664,0.85,0.85,0.85,0.9754901960784313,1.0,0.8706467661691543,0.12437810945273632,0.004975124378109453,0.4393062909806354,0.9,0.9,0.2962962962962963,0.8967175555894717,0.3475157127106796,100.0,0.05747816235214695,1.0,0.05747816235214695,0.06965174129353234,0.8109452736318408,0.11940298507462686,0.18407960199004975,0.18407960199004975,nan,nan,0.1992531878640398,0.5950467223770132,0.0,0.041666666666666664,0.041666666666666664,0.32987935414397207,-0.017636358566707533,1.5779237532747843,20,20,13.941723823547363
115,,0.21912308863362798,0.008764923545345119,0.0010792747139930724,0.95,0.95,0.95,1.0,1.0,0.6538461538461539,0.34134615384615385,0.004807692307692308,0.44771130779851226,0.542,0.542,1.24,0.9659258293915074,0.20780382297452382,0.0,-0.4138342091672499,0.0,0.0,0.11538461538461539,0.5769230769230769,0.3076923076923077,0.23557692307692307,0.23557692307692307,nan,nan,0.11634831044024585,0.4723961238252409,0.008333333333333333,0.5,0.0,0.2893585629424278,0.08155473996790398,2.2319215147244265,20,20,7.179096698760986
116,,0.2044739281731129,0.007864381852812035,0.02482900246977806,0.9,0.9,0.9,0.9842931937172775,1.0,0.5978835978835979,0.3915343915343915,0.010582010582010581,0.4445531036865969,0.5980769230769231,0.5980769230769231,1.3846153846153846,0.9598490412830355,0.1875885148391898,50.0,-0.2923268631921636,0.5,0.07408864778399993,0.1693121693121693,0.2962962962962963,0.5343915343915344,0.20634920634920634,0.20634920634920634,nan,nan,0.16841019306902621,0.6584830664218073,0.0,0.48514851485148514,0.019801980198019802,0.26506221417282805,0.07747369933363822,1.7931771992675873,20,20,6.462471008300781
117,,0.19381100671301243,0.019381100671301242,-0.021267152950167657,1.0,1.0,1.0,1.0,0.0,0.9,0.1,0.0,0.46809789724648,0.125,0.125,0.0,0.9994091097755162,0.015226312692316973,0.0,0.0,0.0,0.0,0.18461538461538463,0.5769230769230769,0.23846153846153847,0.2076923076923077,0.2076923076923077,nan,nan,0.026362279315044337,0.10377125447609772,0.0,0.12903225806451613,0.0,0.20186135198062308,0.1866350392883061,1.6268947675140588,20,20,2.2124083042144775
118,,0.17463461589631943,0.006021883306769635,0.08957191407680512,0.75,0.75,0.75,0.9796954314720813,1.0,0.9128205128205128,0.07692307692307693,0.010256410256410256,0.42282051416997124,0.8172413793103448,0.8172413793103448,0.3793103448275862,0.8252442709110154,0.24499706923747783,0.0,-0.2885950794750744,0.0,0.0,0.09230769230769231,0.841025641025641,0.06666666666666667,0.11282051282051282,0.11282051282051282,nan,nan,0.19917769055938758,0.5792522118117729,0.012195121951219513,0.07692307692307693,0.0,0.25860606474144854,0.013608995503970711,1.6410274568954566,20,20,7.057985305786133
119,,0.20220305421037077,0.005464947411091102,0.06294541992247105,0.75,0.75,0.75,0.9637096774193549,1.0,0.8353909465020576,0.13580246913580246,0.02880658436213992,0.4388227211122678,1.1405405405405404,1.1405405405405404,0.5405405405405406,0.8763096039903486,0.30520769233507045,28.57142857142857,-0.06316342869782719,0.2857142857142857,0.08635026562044631,0.11934156378600823,0.7119341563786008,0.16872427983539096,0.1728395061728395,0.1728395061728395,nan,nan,0.2951651679429004,0.8700202907115389,0.017341040462427744,0.0975609756097561,0.04878048780487805,0.31625193743233343,0.011044245097262997,1.9212340915756698,20,20,10.85498857498169
120,,0.20030654878855939,0.005271224968119984,0.07336959578096866,0.7,0.7,0.7,0.9540229885057471,1.0,0.8705882352941177,0.11372549019607843,0.01568627450980392,0.4304680985337319,1.1592105263157895,1.1592105263157895,0.5,0.9003332235791602,0.21815886401153795,25.0,-0.18959297603602604,0.25,0.05790112802163286,0.0784313725490196,0.47058823529411764,0.45098039215686275,0.10196078431372549,0.10196078431372549,nan,nan,0.31049832198632915,0.7810039843780864,0.025,0.08695652173913043,0.008695652173913044,0.29207952995229425,0.0739206659407563,1.995568033388072,20,20,17.903215408325195
121,,0.21959951585702123,0.008446135225270048,5.483627319335937e-07,0.95,0.95,0.95,1.0,1.0,0.5365853658536586,0.44390243902439025,0.01951219512195122,0.43685873175183165,0.4576923076923077,0.4576923076923077,3.3461538461538463,0.9716123217493949,0.1869267426665619,50.0,0.12135774372006197,0.5,0.2901718039925064,0.11707317073170732,0.24390243902439024,0.6390243902439025,0.09268292682926829,0.09268292682926829,nan,nan,0.14926672683010916,0.4358274586257694,0.04,0.5343511450381679,0.007633587786259542,0.28679964371738964,0.09987290105082776,1.702467615297161,20,20,8.129457950592041
122,,0.22451006207241245,0.008980402482896497,-0.036210058629512785,1.0,1.0,1.0,1.0,1.0,0.6923076923076923,0.29743589743589743,0.010256410256410256,0.43959310523420575,0.604,0.604,0.92,0.9860288814311957,0.09492490162802639,100.0,0.051223563163294364,1.0,0.051223563163294364,0.13846153846153847,0.5743589743589743,0.28717948717948716,0.20512820512820512,0.20512820512820512,nan,nan,0.1301901473935063,0.43192098456353306,0.017857142857142856,0.4107142857142857,0.0,0.2864898835808257,0.19156498195279933,2.101272859836364,20,20,6.416024684906006
123,,0.20074921382862987,0.008029968553145195,0.05265829488635063,0.75,0.75,0.75,0.9507389162561576,1.0,0.8434343434343434,0.13636363636363635,0.020202020202020204,0.4193646549778059,0.94,0.94,0.32,0.923789860676025,0.23143977574532076,50.0,0.033932699684581735,0.5,0.12782598785827232,0.11616161616161616,0.6111111111111112,0.2727272727272727,0.15656565656565657,0.15656565656565657,nan,nan,0.19402787127750323,0.7505106296805302,0.024793388429752067,0.07407407407407407,0.018518518518518517,0.29135928768586666,0.059919511940545886,1.6172375364710316,20,20,6.870751619338989
124,,0.21344403846800156,0.0060984010990857585,0.05961690805852413,0.9,0.9,0.9,0.9889705882352942,1.0,0.44280442804428044,0.5535055350553506,0.0036900369003690036,0.4350865964403576,0.6257142857142857,0.6257142857142857,4.771428571428571,0.9274264552694123,0.2490446270217216,0.0,-0.0531378582310431,0.0,0.0,0.12915129151291513,0.5092250922509225,0.36162361623616235,0.31365313653136534,0.31365313653136534,nan,nan,0.1471744907814403,0.5865965889406834,0.0,0.5612244897959183,0.0,0.30910567767620817,0.06006105065448657,1.9510812731788443,20,20,12.689176559448242
125,,0.2261958229997596,0.009047832919990385,0.0071104377508163456,1.0,1.0,1.0,1.0,1.0,0.5979899497487438,0.39195979899497485,0.010050251256281407,0.4296249932507053,0.596,0.596,2.28,0.9749348522832404,0.14991268214529374,0.0,-0.08389953189789141,0.0,0.0,0.1407035175879397,0.5879396984924623,0.271356783919598,0.2663316582914573,0.2663316582914573,nan,nan,0.12642773722020298,0.4906891437644485,0.008547008547008548,0.4074074074074074,0.0,0.3219251536401262,0.17201247149483245,1.7679477988069585,20,20,7.183263778686523
126,,0.21198029099179394,0.006056579742622684,0.06965472400188447,0.7,0.7,0.7,0.9642857142857143,1.0,0.9014598540145985,0.07664233576642336,0.021897810218978103,0.4298260334998901,1.4228571428571428,1.4228571428571428,0.05714285714285714,0.8541277831142512,0.36190272129079454,33.33333333333333,-0.1557430306346003,0.3333333333333333,0.03573217945982016,0.11678832116788321,0.6788321167883211,0.20437956204379562,0.12408759124087591,0.12408759124087591,nan,nan,0.3204153246591418,0.8125386011559623,0.016129032258064516,0.03571428571428571,0.017857142857142856,0.3417902253296755,-0.020112495961119012,1.6886934315627065,20,20,14.393117189407349
127,,0.22406356175451222,0.008962542470180489,0.014864690601825714,1.0,1.0,1.0,1.0,1.0,0.696078431372549,0.28431372549019607,0.0196078431372549,0.4323005054895766,0.662,0.662,0.88,0.9855931332122607,0.10551620907156584,25.0,-0.18495647165432363,0.25,0.026849886111864146,0.10784313725490197,0.6715686274509803,0.22058823529411764,0.22058823529411764,0.22058823529411764,nan,nan,0.13860455169386326,0.5446842395666452,0.029197080291970802,0.3333333333333333,0.0,0.2952821206708995,0.18976591159933365,1.7743918200977449,20,20,6.817549705505371
128,,0.21280817711943564,0.008512327084777426,0.018356646969914438,0.85,0.85,0.85,0.9658536585365853,1.0,0.8712871287128713,0.09900990099009901,0.0297029702970297,0.42983974360488353,0.918,0.918,0.36,0.9620760597720116,0.19467521352839579,16.666666666666664,-0.1805347938559164,0.16666666666666666,0.06835619589485814,0.09900990099009901,0.7623762376237624,0.13861386138613863,0.13366336633663367,0.13366336633663367,nan,nan,0.1896019496324201,0.6371099536665336,0.025974025974025976,0.03571428571428571,0.0,0.26082971223206536,0.06615449870366956,1.6302292837242467,20,20,8.175543546676636
129,,0.18994452023584668,0.018994452023584667,0.004283606447279454,1.0,1.0,1.0,1.0,1.0,0.8872180451127819,0.06766917293233082,0.045112781954887216,0.46228926377603785,0.075,0.075,0.6,0.9982043137217366,0.03018799917922818,33.33333333333333,-0.006717892867660009,0.3333333333333333,0.004177080099273679,0.21052631578947367,0.5488721804511278,0.24060150375939848,0.22556390977443608,0.22556390977443608,nan,nan,0.020568860971696377,0.07555615659855283,0.0821917808219178,0.09375,0.0,0.208006101298541,0.17781810211931282,1.5330543200692528,20,20,2.4394521713256836
130,,0.1993262176540854,0.007118793487645907,0.07508786395192146,0.8,0.8,0.8,0.9758454106280193,1.0,0.8502415458937198,0.10144927536231885,0.04830917874396135,0.4390503839020052,0.8625,0.8625,0.39285714285714285,0.8795215815625809,0.35629976726182444,30.0,-0.17317505770981878,0.3,0.16540256902808867,0.11594202898550725,0.27053140096618356,0.6135265700483091,0.16908212560386474,0.16908212560386474,nan,nan,0.20893066332475366,0.698262015061986,0.017857142857142856,0.05511811023622047,0.05511811023622047,0.29353896025395076,-0.06276080700787368,1.9750510012484122,20,20,14.729763746261597
131,,0.19020584485662664,0.021133982761847404,-0.006734570115804672,1.0,1.0,1.0,1.0,1.0,0.8455882352941176,0.13970588235294118,0.014705882352941176,0.4803558903021945,0.05555555555555555,0.05555555555555555,0.6666666666666666,0.9985325190048073,0.025947620671647464,100.0,0.01277730662590782,1.0,0.01277730662590782,0.19852941176470587,0.5147058823529411,0.2867647058823529,0.25,0.25,nan,nan,0.01968652941357833,0.07064873408208869,0.02857142857142857,0.10256410256410256,0.0,0.20157316744161669,0.17562554676996922,1.6571907536172092,20,20,2.4297215938568115
132,,0.17717702206600672,0.008053501003000306,-0.012154307961463929,0.95,0.95,0.95,0.9772727272727273,1.0,0.7557251908396947,0.21374045801526717,0.030534351145038167,0.41740021248432724,0.02727272727272727,0.02727272727272727,0.3181818181818182,0.8898663114200076,0.29491374553634814,75.0,0.002175763534753835,0.75,0.0050256296381848455,0.16793893129770993,0.3893129770992366,0.44274809160305345,0.20610687022900764,0.20610687022900764,nan,nan,0.025711520648871642,0.08451355627290999,0.0,0.29310344827586204,0.06896551724137931,0.20222193678421924,-0.09269180875212889,1.6950461785473563,20,20,3.437941789627075
133,,0.21514338718592663,0.008605735487437064,0.05713613629341126,0.7,0.7,0.7,0.9656862745098039,1.0,0.8606965174129353,0.12437810945273632,0.014925373134328358,0.42883145703841,1.124,1.124,0.52,0.9238252072478108,0.24377609480276108,66.66666666666666,-0.0808919869486547,0.6666666666666666,0.09986103865805462,0.12437810945273632,0.5572139303482587,0.31840796019900497,0.14427860696517414,0.14427860696517414,nan,nan,0.24497488044683904,0.7932874691265703,0.017857142857142856,0.125,0.015625,0.3090483195712696,0.06527222476850851,1.6906078980601114,20,20,7.753613710403442
134,,0.2126590904950519,0.005907196958195886,0.04684155732393265,0.7,0.7,0.7,0.9509433962264151,1.0,0.8687258687258688,0.11969111969111969,0.011583011583011582,0.4459326321640725,1.25,1.25,0.5833333333333334,0.8981709347905876,0.2841768880759863,33.33333333333333,-0.03597204825738267,0.3333333333333333,0.0499274257053508,0.10810810810810811,0.5444015444015444,0.3474903474903475,0.10424710424710425,0.10424710424710425,nan,nan,0.30581645202406477,0.7392231946642822,0.02127659574468085,0.15555555555555556,0.0,0.3336989620540456,0.04952207397805927,1.7927964451185499,20,20,11.679664850234985
135,,0.21466823151620398,0.007666722554150142,0.01917631980031729,0.9,0.9,0.9,0.9901477832512315,1.0,0.9603960396039604,0.01485148514851485,0.024752475247524754,0.4424528811750601,0.7660714285714286,0.7660714285714286,0.0,0.944866107949591,0.22269372592552378,60.0,0.01199253907089981,0.6,0.11554061358754109,0.1485148514851485,0.44554455445544555,0.40594059405940597,0.15841584158415842,0.15841584158415842,nan,nan,0.16690495895274302,0.5608785782694232,0.044444444444444446,0.0,0.0,0.31603710818911385,0.09334338226359007,1.9139798598824878,20,20,6.462659120559692
136,,0.22763119199289336,0.00843078488862568,0.012217221781611443,0.95,0.95,0.95,0.9948979591836735,1.0,0.9540816326530612,0.03571428571428571,0.01020408163265306,0.4297045147887224,0.7555555555555555,0.7555555555555555,0.18518518518518517,0.9758835099571821,0.15276895087163575,50.0,-0.024419496778113205,0.5,0.034466035502263126,0.10204081632653061,0.7602040816326531,0.1377551020408163,0.1326530612244898,0.1326530612244898,nan,nan,0.1670343687038302,0.4898246528588484,0.006711409395973154,0.0,0.0,0.2746912121634396,0.12192226129180386,1.795225179208829,20,20,9.752660751342773
137,,0.21915740343170134,0.008766296137268054,0.05303005874156952,0.9,0.9,0.9,0.9798994974874372,1.0,0.8020304568527918,0.17258883248730963,0.025380710659898477,0.44495150092244146,0.886,0.886,0.24,0.9531275603549773,0.21097140114184548,0.0,-0.25463855485506254,0.0,0.0,0.15736040609137056,0.3350253807106599,0.5076142131979695,0.18274111675126903,0.18274111675126903,nan,nan,0.19324435184490893,0.7152202523597584,0.030303030303030304,0.14,0.03,0.2968756982673608,0.08590429712551535,1.9563982125604478,20,20,7.247231960296631
138,,0.22762342121667986,0.006151984357207564,0.0634585652500391,0.8,0.8,0.8,0.968503937007874,1.0,0.8605577689243028,0.11553784860557768,0.02390438247011952,0.4274858773522381,1.2527027027027027,1.2527027027027027,0.2972972972972973,0.8802084754340628,0.31107842248332357,66.66666666666666,0.13789804483087617,0.6666666666666666,0.24001896194982963,0.09561752988047809,0.8366533864541833,0.06772908366533864,0.16733067729083664,0.16733067729083664,nan,nan,0.30116535298001584,0.8664686848684058,0.023809523809523808,0.11764705882352941,0.0,0.32726608813370195,0.016187665650378366,1.6144956991815433,20,20,13.350823879241943
139,,0.23052771017416246,0.00960532125725677,0.020411256328225137,0.9,0.9,0.9,0.9753694581280788,0.0,0.62,0.38,0.0,0.4610472628827362,0.7833333333333333,0.7833333333333333,1.625,0.9488441788987345,0.25905802103163966,0.0,0.0,0.0,0.0,0.13,0.53,0.34,0.215,0.215,nan,nan,0.16602513373198724,0.696519289172492,0.0,0.45588235294117646,0.0,0.3598612443184955,0.10080322328685581,1.7409017570481726,20,20,6.880512475967407
140,,0.21266055371911524,0.010126693034243583,0.003951678425073624,1.0,1.0,1.0,1.0,1.0,0.7210526315789474,0.26842105263157895,0.010526315789473684,0.441005378338464,0.6428571428571429,0.6428571428571429,1.2857142857142858,0.9766328079544879,0.14947833388863976,50.0,0.01879218975663062,0.5,0.06592570573865666,0.12631578947368421,0.4789473684210526,0.39473684210526316,0.21052631578947367,0.21052631578947367,nan,nan,0.11358057220244029,0.42214811566329763,0.02197802197802198,0.25333333333333335,0.0,0.30314628690415335,0.1536679530155136,1.8505861439953073,20,20,5.353730916976929
141,,0.22934049742219118,0.006552585640634033,0.05031718909740448,0.85,0.85,0.85,0.984375,1.0,0.7007874015748031,0.2874015748031496,0.011811023622047244,0.440651004191355,0.9942857142857143,0.9942857142857143,1.1142857142857143,0.9465331039730744,0.2248686083683487,66.66666666666666,0.03580595728487518,0.6666666666666666,0.121208882625744,0.10236220472440945,0.7716535433070866,0.12598425196850394,0.2992125984251969,0.2992125984251969,nan,nan,0.2186430628157416,0.7299574974564674,0.015306122448979591,0.09375,0.0,0.3059662722694671,0.0810976639011184,1.9167421493999173,20,20,10.883015871047974
142,,0.1991135177189065,0.005381446424835311,0.07281440198421478,0.5,0.5,0.5,0.8906882591093117,0.8,0.9525862068965517,0.02586206896551724,0.021551724137931036,0.4612888953786947,1.4702702702702704,1.4702702702702704,0.16216216216216217,0.9057888293216817,0.19664116706943174,80.0,0.010338918688620058,0.8,0.2573670031119804,0.0603448275862069,0.6336206896551724,0.30603448275862066,0.08620689655172414,0.08620689655172414,nan,nan,0.40534799850874376,1.010491909031166,0.02040816326530612,0.028169014084507043,0.028169014084507043,0.2977329142730735,0.10109174720364177,1.8785301427208803,20,20,23.58388900756836
143,,0.18894581150645265,0.01717689195513206,-0.0010706976056098938,1.0,1.0,1.0,1.0,1.0,0.8046875,0.1875,0.0078125,0.48191009569828486,0.06818181818181818,0.06818181818181818,0.2727272727272727,0.9988729693685316,0.022521424215017544,100.0,0.005939302633322846,1.0,0.005939302633322846,0.1953125,0.09375,0.7109375,0.1953125,0.1953125,nan,nan,0.02714118666071383,0.0839251358872355,0.0,0.18681318681318682,0.01098901098901099,0.1994942150858898,0.17697279087087225,1.995943151120602,20,20,2.273239850997925
144,,0.17873045280264807,0.008124111491029458,0.02669151872396469,0.95,0.95,0.95,0.9765625,1.0,0.8333333333333334,0.15079365079365079,0.015873015873015872,0.46267941265409307,0.038636363636363635,0.038636363636363635,0.5,0.898303867334938,0.2876471588558651,50.0,-0.028057355521436407,0.5,0.008123998466343402,0.19047619047619047,0.48412698412698413,0.3253968253968254,0.23809523809523808,0.23809523809523808,nan,nan,0.02450323702556305,0.09790809467948364,0.01639344262295082,0.0975609756097561,0.0,0.20624622055047379,-0.0814009383053913,1.888036519419029,20,20,4.331138849258423
145,,0.21103910098569445,0.009175613086334541,-0.03466910608112812,1.0,1.0,1.0,1.0,0.0,0.47804878048780486,0.5219512195121951,0.0,0.47251998604700457,0.4,0.4,3.5652173913043477,0.9872584343494297,0.10363692088193191,0.0,0.0,0.0,0.0,0.13170731707317074,0.5756097560975609,0.2926829268292683,0.375609756097561,0.375609756097561,nan,nan,0.06440623680303409,0.273164310078645,0.0,0.45,0.0,0.2779627372629304,0.1743258163809985,2.186563596605372,20,20,6.864882707595825
146,,0.22884120281043097,0.00953505011710129,0.04167732819914818,1.0,1.0,1.0,1.0,1.0,0.8009708737864077,0.18932038834951456,0.009708737864077669,0.4700448579751537,0.825,0.825,0.25,0.9802530116604092,0.10985146052465028,50.0,0.08583797051505437,0.5,0.22479319045072016,0.11650485436893204,0.7330097087378641,0.15048543689320387,0.25728155339805825,0.25728155339805825,nan,nan,0.14698377938050172,0.5225203840885955,0.013245033112582781,0.12903225806451613,0.0,0.2980372470035207,0.1881857864788704,1.777468760573856,20,20,7.115671396255493
147,,0.21603293829335862,0.008308959165129177,-0.022221546992659567,1.0,1.0,1.0,1.0,0.0,0.6138613861386139,0.38613861386138615,0.0,0.477092525756094,0.4653846153846154,0.4653846153846154,1.3076923076923077,0.9920786081173439,0.07746121437508216,0.0,0.0,0.0,0.0,0.11386138613861387,0.6039603960396039,0.28217821782178215,0.3217821782178218,0.3217821782178218,nan,nan,0.08741557118395564,0.34359019148455117,0.0,0.3508771929824561,0.0,0.25872568704729937,0.1812644726722172,1.9440985388940992,20,20,6.833519220352173
148,,0.21463517119390532,0.007401212799789838,0.025567509606480597,0.85,0.85,0.85,0.9758454106280193,0.0,0.9707317073170731,0.02926829268292683,0.0,0.46151689974719595,0.743103448275862,0.743103448275862,0.13793103448275862,0.9607076297382293,0.20860242554455313,0.0,0.0,0.0,0.0,0.12195121951219512,0.4878048780487805,0.3902439024390244,0.12682926829268293,0.12682926829268293,nan,nan,0.18414948710962176,0.6859135158587465,0.0,0.0125,0.0,0.31323729906627823,0.1046348735217251,1.7116820569446152,20,20,7.285398244857788
149,,0.2067827851998291,0.007658621674067744,0.018381811678409576,0.9,0.9,0.9,0.9901477832512315,1.0,0.7832512315270936,0.20689655172413793,0.009852216748768473,0.4649111641001784,0.5722222222222222,0.5722222222222222,0.5185185185185185,0.9484030654374563,0.2301610404241295,0.0,-0.19981339130589104,0.0,0.0,0.11330049261083744,0.6206896551724138,0.2660098522167488,0.19704433497536947,0.19704433497536947,nan,nan,0.1255754926698902,0.4314024910824677,0.015873015873015872,0.24074074074074073,0.0,0.2856128561263076,0.05545181570217812,1.697558601828965,20,20,6.864570379257202
150,,0.2143576986400361,0.008244526870770619,0.00688792560249567,0.9,0.9,0.9,0.9848484848484849,0.0,0.8826530612244898,0.11734693877551021,0.0,0.4566596720081109,0.8057692307692308,0.8057692307692308,0.4230769230769231,0.9579382305745893,0.21239183699086508,0.0,0.0,0.0,0.0,0.10714285714285714,0.7857142857142857,0.10714285714285714,0.17857142857142858,0.17857142857142858,nan,nan,0.17113318747990588,0.5544862591025395,0.0,0.047619047619047616,0.0,0.26996760262419917,0.05757576563333408,1.791427858364108,20,20,6.24820351600647
151,,0.21166115897458096,0.00783930218424374,0.02102043442428112,0.9,0.9,0.9,0.99,1.0,0.895,0.1,0.005,0.4633412078048827,0.8111111111111111,0.8111111111111111,0.37037037037037035,0.9474544050750625,0.20639607215558295,0.0,-0.09068255221021343,0.0,0.0,0.095,0.765,0.14,0.155,0.155,nan,nan,0.17323434966918005,0.5319056990853896,0.006535947712418301,0.14285714285714285,0.0,0.3007661065034294,0.09437003434784644,2.1673589185259607,20,20,8.739376783370972
152,,0.21806778477643526,0.008076584621349454,-0.01140819936990738,0.95,0.95,0.95,0.9949238578680203,0.0,0.5918367346938775,0.40816326530612246,0.0,0.45613146394629167,0.4981481481481482,0.4981481481481482,2.3703703703703702,0.9737227560970061,0.1728011252001268,0.0,0.0,0.0,0.0,0.11224489795918367,0.23469387755102042,0.6530612244897959,0.15306122448979592,0.15306122448979592,nan,nan,0.14414161621364735,0.4682964931946738,0.0,0.453125,0.0,0.2948203994038934,0.12201927420376657,2.6977631712755543,20,20,6.613239049911499
153,,0.20728328073975688,0.005757868909437691,-0.01893818974494934,0.85,0.85,0.85,0.9743589743589743,1.0,0.3857677902621723,0.6104868913857678,0.003745318352059925,0.4618956917212927,0.6263888888888889,0.6263888888888889,5.138888888888889,0.947964358221788,0.23364713293051761,0.0,-0.06656034447310777,0.0,0.0,0.1198501872659176,0.5318352059925093,0.34831460674157305,0.3445692883895131,0.3445692883895131,nan,nan,0.14838547768876492,0.6611339952155323,0.007042253521126761,0.6989247311827957,0.0,0.28532338294895976,0.051676250018442144,2.1994162252603187,20,20,12.29799199104309
154,,0.21837435603659233,0.005902009622610603,0.03403280414640904,0.75,0.75,0.75,0.9586466165413534,0.8,0.7279693486590039,0.24904214559386972,0.022988505747126436,0.44545363725691633,1.0716216216216217,1.0716216216216217,0.8108108108108109,0.9157151162612419,0.2693835996823241,66.66666666666666,0.03137808763500085,0.6666666666666666,0.14303908849184616,0.07662835249042145,0.8199233716475096,0.10344827586206896,0.26436781609195403,0.26436781609195403,nan,nan,0.24426221078686486,0.7863422854150932,0.028037383177570093,0.14814814814814814,0.0,0.32337600781040315,0.05399240812807904,1.8811917277689671,20,20,13.06490683555603
155,,0.22999655505102914,0.009999850219609963,-0.019050218909978867,0.95,0.95,0.95,0.9896907216494846,1.0,0.8497409326424871,0.13989637305699482,0.010362694300518135,0.42979432188541344,0.9130434782608695,0.9130434782608695,0.30434782608695654,0.9613987827173479,0.2089533534480247,0.0,-0.07080869763983948,0.0,0.0,0.09844559585492228,0.7461139896373057,0.15544041450777202,0.20725388601036268,0.20725388601036268,nan,nan,0.1644368577813738,0.5468491264635821,0.013888888888888888,0.06666666666666667,0.0,0.306215549794859,0.09726219634683428,1.9202557659234627,20,20,7.111323833465576
156,,0.22785221486956284,0.006904612571804934,0.000677427276968956,0.95,0.95,0.95,0.9921568627450981,1.0,0.5787401574803149,0.4015748031496063,0.01968503937007874,0.4577880081258517,0.796969696969697,0.796969696969697,2.393939393939394,0.9713433630622116,0.18035958788335604,20.0,-0.022128792075573455,0.2,0.25899137534591876,0.15748031496062992,0.23228346456692914,0.610236220472441,0.1732283464566929,0.1732283464566929,nan,nan,0.18925954986597232,0.614750475461917,0.01694915254237288,0.45161290322580644,0.012903225806451613,0.2903210471167983,0.10996145923344226,2.371509723466875,20,20,10.799813270568848
157,,0.2433739588370516,0.009734958353482063,-0.009034626558423043,1.0,1.0,1.0,1.0,1.0,0.7918781725888325,0.18781725888324874,0.02030456852791878,0.44456827036105095,0.814,0.814,0.2,0.9817477091627873,0.11884212035683106,50.0,-0.04018154597382442,0.5,0.005484092749793813,0.09644670050761421,0.7918781725888325,0.1116751269035533,0.233502538071066,0.233502538071066,nan,nan,0.16560794369585422,0.5471636979384448,0.01282051282051282,0.09090909090909091,0.045454545454545456,0.30451978099916255,0.1856776606423315,1.961464084908237,20,20,7.275527477264404
158,,0.2260441549504953,0.009041766198019812,-0.007607578858733177,1.0,1.0,1.0,1.0,1.0,0.7715736040609137,0.2182741116751269,0.01015228426395939,0.42473090927209706,0.65,0.65,0.72,0.9836550911135886,0.1044279964138754,100.0,0.048256512474728716,1.0,0.048256512474728716,0.1319796954314721,0.41116751269035534,0.45685279187817257,0.19289340101522842,0.19289340101522842,nan,nan,0.144625136811114,0.4632269660333502,0.024691358024691357,0.25555555555555554,0.0,0.28609444587076516,0.18166644945688976,2.152283841144326,20,20,7.277717351913452
159,,0.20821758286515818,0.005783821746254394,0.059231575950980185,0.7,0.7,0.7,0.9590163934426229,1.0,0.8870292887029289,0.09205020920502092,0.02092050209205021,0.42793491323181015,1.351388888888889,1.351388888888889,0.1111111111111111,0.9461401665762782,0.164344210181475,40.0,-0.1748220775473299,0.4,0.13065898204863816,0.11297071129707113,0.8158995815899581,0.07112970711297072,0.1799163179916318,0.1799163179916318,nan,nan,0.3342919431959508,0.8853242307824423,0.020512820512820513,0.058823529411764705,0.0,0.26459796281755543,0.10025375263608043,1.9737213361017394,20,20,9.676905393600464
160,,0.18803690426705472,0.01566974202225456,0.02799033746123314,1.0,1.0,1.0,1.0,1.0,0.5801526717557252,0.31297709923664124,0.10687022900763359,0.4399198997047885,0.07083333333333333,0.07083333333333333,0.25,0.9987450258408598,0.02751505225570633,50.0,-0.0016167428280473154,0.5,0.013081836179549397,0.15267175572519084,0.4580152671755725,0.3893129770992366,0.25190839694656486,0.25190839694656486,nan,nan,0.021339685180470476,0.07532600728809793,0.13333333333333333,0.43137254901960786,0.09803921568627451,0.20036386282953586,0.17284881057382953,2.1240256503186705,20,20,2.7477633953094482
161,,0.1951346417595875,0.02168162686217639,0.008604749664664268,1.0,1.0,1.0,1.0,1.0,0.6589147286821705,0.29457364341085274,0.046511627906976744,0.4861090829802884,0.08888888888888889,0.08888888888888889,0.4444444444444444,0.9983249762143273,0.0291937049678343,50.0,-0.011984013500502091,0.5,0.011188018062029162,0.17054263565891473,0.49612403100775193,0.3333333333333333,0.24806201550387597,0.24806201550387597,nan,nan,0.02699766758199327,0.10620137398009043,0.046875,0.20930232558139536,0.046511627906976744,0.20891891449955188,0.17972520953171758,2.2006056059272145,20,20,2.215833902359009
162,,0.2136318403773233,0.00562189053624535,0.0751367412507534,0.75,0.75,0.75,0.9584905660377359,0.8181818181818182,0.8275862068965517,0.13026819923371646,0.0421455938697318,0.41252450162397797,1.1144736842105263,1.1144736842105263,0.21052631578947367,0.9256893237169309,0.21972152527586447,36.36363636363637,-0.15391424038264223,0.36363636363636365,0.12597861149239764,0.1111111111111111,0.6513409961685823,0.23754789272030652,0.1685823754789272,0.1685823754789272,nan,nan,0.27160456866067356,0.8286373025265998,0.041176470588235294,0.14516129032258066,0.03225806451612903,0.292049873391809,0.07232834811594453,2.0212243945193373,20,20,14.280592918395996
163,,0.1785768776339969,0.004699391516684129,0.06639455817639828,0.55,0.55,0.55,0.9346153846153846,0.9545454545454546,0.68,0.228,0.092,0.43116603046288027,1.1552631578947368,1.1552631578947368,0.8421052631578947,0.8201464100983414,0.30177091078652724,26.08695652173913,-0.2614581223000643,0.2608695652173913,0.3518577711430455,0.124,0.68,0.196,0.22,0.22,nan,nan,0.31174764273288236,1.0205966394854997,0.08823529411764706,0.1836734693877551,0.04081632653061224,0.33103339439087087,0.029262483604343636,1.835218953892988,20,20,14.25284481048584
164,,0.1909233661645115,0.005303426837903098,0.08439062088727951,0.6,0.6,0.6,0.9375,0.7272727272727273,0.7620967741935484,0.1935483870967742,0.04435483870967742,0.4231883138825651,1.2180555555555554,1.2180555555555554,0.6388888888888888,0.8135301633591473,0.359326003544332,9.090909090909092,-0.5283757064655485,0.09090909090909091,0.03651533009499111,0.11693548387096774,0.5040322580645161,0.3790322580645161,0.16129032258064516,0.16129032258064516,nan,nan,0.3004508317180914,0.9187277687774511,0.064,0.2127659574468085,0.02127659574468085,0.3957599860302873,0.036433982485955294,1.9089041577183965,20,20,12.601459264755249
165,,0.18305719329659048,0.00677989604802187,0.03555324524641037,0.75,0.75,0.75,0.96875,1.0,0.8723404255319149,0.11702127659574468,0.010638297872340425,0.41672388112595027,0.7518518518518519,0.7518518518518519,0.1111111111111111,0.8867681307897629,0.24242722302807124,100.0,0.027449937111062764,1.0,0.027449937111062764,0.12234042553191489,0.7074468085106383,0.1702127659574468,0.1702127659574468,0.1702127659574468,nan,nan,0.17064518309531923,0.6045275245780537,0.007518796992481203,0.125,0.03125,0.28459580830775666,0.04216858527968542,1.9172813286642103,20,20,6.258492946624756
166,,0.22258264124509525,0.009274276718545636,0.040834791213274005,0.9,0.9,0.9,0.98,1.0,0.9292929292929293,0.06565656565656566,0.005050505050505051,0.42543224992696194,0.8229166666666666,0.8229166666666666,0.20833333333333334,0.9592240257631722,0.2128446669577515,0.0,-0.7912891051648909,0.0,0.0,0.13131313131313133,0.6464646464646465,0.2222222222222222,0.15656565656565657,0.15656565656565657,nan,nan,0.15893243456398992,0.5436336670100468,0.0078125,0.0,0.0,0.30876518998990515,0.09592052303215365,1.8069589999061098,20,20,7.4870710372924805
167,,0.1888485558649031,0.02098317287387812,-0.0009339200332760811,1.0,1.0,1.0,1.0,0.0,0.7518248175182481,0.24817518248175183,0.0,0.4837715348849694,0.03888888888888889,0.03888888888888889,0.5555555555555556,0.9985141737835297,0.025070324507567354,0.0,0.0,0.0,0.0,0.21897810218978103,0.29927007299270075,0.48175182481751827,0.2116788321167883,0.2116788321167883,nan,nan,0.02281786508173838,0.07296766003056006,0.0,0.22727272727272727,0.0,0.20118905770699286,0.1761187331994255,2.0127972085504546,20,20,2.381946325302124
168,,0.2225412075497069,0.006181700209714081,0.0822368748486042,0.8,0.8,0.8,0.968,1.0,0.8870967741935484,0.10887096774193548,0.004032258064516129,0.43247292416183175,1.1569444444444446,1.1569444444444446,0.5,0.9369964364933024,0.23348465101884316,0.0,-0.24318767003545744,0.0,0.0,0.1532258064516129,0.3629032258064516,0.4838709677419355,0.1935483870967742,0.1935483870967742,nan,nan,0.30005710163204674,0.8750526710061586,0.011111111111111112,0.09166666666666666,0.0,0.310610841701608,0.07712619068276486,2.258792335761589,20,20,12.787241697311401
169,,0.1889960974272152,0.02099956638080169,-0.015679170936346055,1.0,1.0,1.0,1.0,0.0,0.9029850746268657,0.09701492537313433,0.0,0.46573892140036655,0.03888888888888889,0.03888888888888889,1.2222222222222223,0.9993261039013023,0.018453708813151226,0.0,0.0,0.0,0.0,0.21641791044776118,0.2462686567164179,0.5373134328358209,0.21641791044776118,0.21641791044776118,nan,nan,0.02227991990215228,0.07337882989766033,0.0,0.06944444444444445,0.0,0.19654975471831482,0.1780960459051636,1.8845022089978574,20,20,2.2285308837890625
170,,0.22579765263146387,0.008684525101210148,0.07709271684288979,0.95,0.95,0.95,0.9950738916256158,1.0,0.7980295566502463,0.19704433497536947,0.0049261083743842365,0.42200949818272,0.7403846153846154,0.7403846153846154,0.46153846153846156,0.9726971122057835,0.16724134378419087,100.0,0.23432467634246718,1.0,0.23432467634246718,0.15270935960591134,0.2561576354679803,0.5911330049261084,0.1724137931034483,0.1724137931034483,nan,nan,0.17664302333133192,0.5668250001593308,0.0,0.10833333333333334,0.008333333333333333,0.28317153690658964,0.11593019312239877,1.9072239562389925,20,20,7.396458625793457
171,,0.1775928932583249,0.008072404239014768,0.040195321291685106,0.95,0.95,0.95,0.9921875,1.0,0.9375,0.0546875,0.0078125,0.4159903568363833,0.029545454545454545,0.029545454545454545,0.3181818181818182,0.8979855659191746,0.28402647227413436,0.0,-0.007515640295059085,0.0,0.0,0.203125,0.3984375,0.3984375,0.25,0.25,nan,nan,0.018031899018192993,0.05575708162948523,0.0,0.0392156862745098,0.0196078431372549,0.20210134913286856,-0.08192512314126582,1.9615967138946075,20,20,4.4223668575286865
172,,0.19362715435266448,0.021514128261407164,-0.01598720457404852,1.0,1.0,1.0,1.0,0.0,0.8449612403100775,0.15503875968992248,0.0,0.4631055411365297,0.07777777777777778,0.07777777777777778,0.1111111111111111,0.9985392444558695,0.026373422443149025,0.0,0.0,0.0,0.0,0.20155038759689922,0.29457364341085274,0.5038759689922481,0.21705426356589147,0.21705426356589147,nan,nan,0.028657335203894508,0.0820751696722909,0.0,0.15384615384615385,0.0,0.20570222292196005,0.17932880047881103,1.8376216860606787,20,20,2.167232036590576
173,,0.19225487489223828,0.02136165276580425,-0.00457927156239748,1.0,1.0,1.0,1.0,1.0,0.96875,0.0234375,0.0078125,0.4627555178012699,0.08333333333333333,0.08333333333333333,0.7777777777777778,0.9983360086953114,0.041659833926873474,100.0,0.01070810041110954,1.0,0.01070810041110954,0.1875,0.25,0.5625,0.1875,0.1875,nan,nan,0.027122873869571042,0.07222916938481144,0.03125,0.041666666666666664,0.0,0.22036284189158603,0.17870300796471256,1.7104239250019868,20,20,2.65093731880188
174,,0.19025710587236663,0.02113967843026296,-0.004377506859600544,1.0,1.0,1.0,1.0,1.0,0.9523809523809523,0.03968253968253968,0.007936507936507936,0.46553680907107065,0.07777777777777778,0.07777777777777778,1.0,0.999009096706748,0.02170971677993569,100.0,0.017598975934321213,1.0,0.017598975934321213,0.20634920634920634,0.3888888888888889,0.40476190476190477,0.21428571428571427,0.21428571428571427,nan,nan,0.0219067329512712,0.07785775267600911,0.0,0.058823529411764705,0.0196078431372549,0.20176633010783787,0.18005661332790218,1.6718730499801355,20,20,2.31130051612854
175,,0.18842124432443144,0.020935693813825717,0.0009084836579859257,1.0,1.0,1.0,1.0,0.0,0.9855072463768116,0.014492753623188406,0.0,0.4725436446049975,0.05555555555555555,0.05555555555555555,0.7777777777777778,0.9979969119098545,0.028377698111090394,0.0,0.0,0.0,0.0,0.16666666666666666,0.13768115942028986,0.6956521739130435,0.16666666666666666,0.16666666666666666,nan,nan,0.023984711970222113,0.06931921838952054,0.0,0.0,0.0,0.203385076664563,0.17500737855347262,1.95477216692586,20,20,4.029574394226074
176,,0.18840393339691136,0.02355049167461392,0.019603443704545497,1.0,1.0,1.0,1.0,0.0,0.9857142857142858,0.014285714285714285,0.0,0.4881307472533081,0.05625,0.05625,0.375,0.9979239678094539,0.02958877154941192,0.0,0.0,0.0,0.0,0.22857142857142856,0.45,0.32142857142857145,0.22857142857142856,0.22857142857142856,nan,nan,0.015911999956491833,0.05504461222428347,0.0,0.044444444444444446,0.0,0.20239832630002372,0.1728095547506118,1.6513580686090483,20,20,2.7353479862213135
177,,0.18120237485500446,0.006969322109807863,0.03950757123529911,0.7,0.7,0.7,0.9693877551020408,0.0,0.9844559585492227,0.015544041450777202,0.0,0.4431325543044995,0.8769230769230769,0.8769230769230769,0.0,0.8647371164109786,0.2554671402544532,0.0,0.0,0.0,0.0,0.12953367875647667,0.6839378238341969,0.18652849740932642,0.13989637305699482,0.13989637305699482,nan,nan,0.19391241850365623,0.5552701120240275,0.0,0.027777777777777776,0.0,0.2705237734268219,0.015056633172368647,1.7917668392116781,20,20,6.2840588092803955
178,,0.19253072169572233,0.02406634021196529,0.014976007118821143,1.0,1.0,1.0,1.0,0.0,0.9774436090225563,0.022556390977443608,0.0,0.47778796722413974,0.11875,0.11875,0.0,0.9982157848868518,0.026938721256283743,0.0,0.0,0.0,0.0,0.22556390977443608,0.3308270676691729,0.44360902255639095,0.22556390977443608,0.22556390977443608,nan,nan,0.024439418932086853,0.06958859887882356,0.0,0.01694915254237288,0.0,0.20558209116684145,0.1786433699105577,1.6890497707055878,20,20,2.312499523162842
179,,0.23556975359751658,0.008413205485625592,0.08545268848538398,0.9,0.9,0.9,0.9900990099009901,0.0,0.97,0.03,0.0,0.4225470988595459,0.9125,0.9125,0.10714285714285714,0.9416364038774991,0.2711937920221372,0.0,0.0,0.0,0.0,0.105,0.71,0.185,0.135,0.135,nan,nan,0.21527720026636574,0.6153751506081793,0.0,0.0,0.0,0.3081818323176331,0.03698804029549588,1.762200813403238,20,20,7.505764007568359
180,,0.2238745300354185,0.007995518929836375,0.04404130056500435,0.9,0.9,0.9,0.9903381642512077,1.0,0.8634146341463415,0.12682926829268293,0.00975609756097561,0.4227479166484305,0.825,0.825,0.17857142857142858,0.9566797156709221,0.17609624797925233,0.0,-0.08304808744494258,0.0,0.0,0.1073170731707317,0.43414634146341463,0.4585365853658537,0.12195121951219512,0.12195121951219512,nan,nan,0.19827103377156516,0.6856276007383326,0.0,0.09574468085106383,0.0,0.29722967151730884,0.1211334235380565,1.6706948729942603,20,20,7.970821857452393
181,,0.22678093900458973,0.008722343807868837,0.04335225522518158,0.8,0.8,0.8,0.9644670050761421,1.0,0.9897435897435898,0.0,0.010256410256410256,0.4221841588786517,1.0307692307692307,1.0307692307692307,0.2692307692307692,0.9358860460249105,0.21822975432107608,50.0,-0.024150377747911983,0.5,0.21283391342050156,0.06153846153846154,0.7333333333333333,0.20512820512820512,0.06153846153846154,0.06153846153846154,nan,nan,0.23020794644000014,0.6938767329367808,0.013986013986013986,0.0,0.0,0.3184228402698014,0.10019308594872531,2.0012038546869513,20,20,13.334547519683838
182,,0.1943635100160374,0.004983679744000959,0.04896003007888794,0.65,0.65,0.65,0.9494163424124513,0.0,1.0,0.0,0.0,0.4319412349042698,1.2166666666666666,1.2166666666666666,0.15384615384615385,0.8469126494044442,0.29898005835901825,0.0,0.0,0.0,0.0,0.09236947791164658,0.42168674698795183,0.4859437751004016,0.09236947791164658,0.09236947791164658,nan,nan,0.3248229591605239,0.8869229123606983,0.0,0.0,0.0,0.31387956596526045,0.014899507606242188,2.3607469365384546,20,20,21.115092754364014
183,,0.22016828239386269,0.008468010861302411,0.021034793555736543,0.85,0.85,0.85,0.9809523809523809,0.0,0.9468599033816425,0.05314009661835749,0.0,0.4210250625207734,0.9423076923076923,0.9423076923076923,0.11538461538461539,0.9141072897403733,0.27683692983324804,0.0,0.0,0.0,0.0,0.09178743961352658,0.7391304347826086,0.16908212560386474,0.13043478260869565,0.13043478260869565,nan,nan,0.19653339729108996,0.612899325886973,0.0,0.02857142857142857,0.0,0.32405366867437546,0.0472167388411274,1.7941104121267706,20,20,7.50315523147583
184,,0.2200351697608695,0.008462891144648828,0.00040141548961400984,0.95,0.95,0.95,0.9946524064171123,0.0,0.8556149732620321,0.1443850267379679,0.0,0.40245107317235895,0.7576923076923077,0.7576923076923077,0.5384615384615384,0.9657489480686009,0.20858851724002686,0.0,0.0,0.0,0.0,0.12834224598930483,0.7112299465240641,0.16042780748663102,0.22459893048128343,0.22459893048128343,nan,nan,0.15922851255761616,0.4911300184387062,0.0,0.16666666666666666,0.0,0.3141574571249616,0.10556893988493476,1.822009103380497,20,20,6.971205234527588
185,,0.24643114411205028,0.0072479748268250085,0.04458420015871525,0.95,0.95,0.95,0.9959839357429718,1.0,0.9437751004016064,0.04417670682730924,0.012048192771084338,0.4053495168818592,1.1632352941176471,1.1632352941176471,0.23529411764705882,0.9688751974379821,0.19807604463514078,33.33333333333333,-0.1309569052131396,0.3333333333333333,0.05278936430927203,0.14859437751004015,0.4779116465863454,0.37349397590361444,0.1686746987951807,0.1686746987951807,nan,nan,0.26721569886328644,0.740545689380988,0.008403361344537815,0.021505376344086023,0.0,0.3085691688753917,0.11049312424025093,2.153474755166525,20,20,11.671571493148804
186,,0.19027030342898865,0.021141144825443183,0.06490519419312477,1.0,1.0,1.0,1.0,1.0,0.8666666666666667,0.1259259259259259,0.007407407407407408,0.4524424610142079,0.08888888888888889,0.08888888888888889,1.3333333333333333,0.99801416758242,0.03567749203316953,0.0,-0.011768944980494522,0.0,0.0,0.16296296296296298,0.5407407407407407,0.2962962962962963,0.2074074074074074,0.2074074074074074,nan,nan,0.021994511820866085,0.07820024337457726,0.0,0.1,0.025,0.21143483330481166,0.17575734127164214,1.8150771313271195,20,20,3.0575647354125977
187,,0.23250985815729866,0.009300394326291947,0.06465552747249603,1.0,1.0,1.0,1.0,0.0,0.865,0.135,0.0,0.41943087676912544,0.722,0.722,0.2,0.982655762433557,0.11606368062454364,0.0,0.0,0.0,0.0,0.15,0.555,0.295,0.2,0.2,nan,nan,0.14180065748342027,0.5292105124921745,0.0,0.22033898305084745,0.0,0.3083448841619723,0.19228120353742867,1.7675078789353897,20,20,7.264784812927246
188,,0.1913324677532033,0.021259163083689258,-0.022031885012984274,1.0,1.0,1.0,1.0,1.0,0.6788321167883211,0.31386861313868614,0.0072992700729927005,0.47042787046585643,0.06666666666666667,0.06666666666666667,0.1111111111111111,0.9983207548603743,0.03050777781390307,100.0,0.018083379667917673,1.0,0.018083379667917673,0.1678832116788321,0.39416058394160586,0.43795620437956206,0.2846715328467153,0.2846715328467153,nan,nan,0.02112124404283753,0.08662179668911296,0.0,0.26666666666666666,0.016666666666666666,0.20733573999562,0.17682796218171692,2.2545430557554527,20,20,2.397352695465088
189,,0.2224737170590837,0.010593986526623033,0.007545217871665955,1.0,1.0,1.0,1.0,1.0,0.6142857142857143,0.38095238095238093,0.004761904761904762,0.4188771939598068,0.5571428571428572,0.5571428571428572,1.3333333333333333,0.9919006412202835,0.07609728418784639,0.0,-0.046173503781726355,0.0,0.0,0.11428571428571428,0.3904761904761905,0.49523809523809526,0.2761904761904762,0.2761904761904762,nan,nan,0.08860836877888148,0.3099102389008094,0.0,0.2980769230769231,0.0,0.2699713775878422,0.19387409339999578,1.8306372364802437,20,20,6.680433750152588
190,,0.23465077533379228,0.01020220762320836,0.04199198186397553,1.0,1.0,1.0,1.0,0.0,0.8020304568527918,0.19796954314720813,0.0,0.40182734835619593,0.7630434782608696,0.7630434782608696,0.43478260869565216,0.9813429811609912,0.1290445291584793,0.0,0.0,0.0,0.0,0.12690355329949238,0.7563451776649747,0.116751269035533,0.27411167512690354,0.27411167512690354,nan,nan,0.137137049098015,0.4818672520455228,0.0,0.08695652173913043,0.0,0.3238255005564833,0.194780971398004,1.6599016228974741,20,20,6.57706880569458
191,,0.22933316845269403,0.009971007324030175,-0.026257918030023576,1.0,1.0,1.0,1.0,0.0,0.9704433497536946,0.029556650246305417,0.0,0.3981454642256722,0.8065217391304348,0.8065217391304348,0.2608695652173913,0.9788751017006369,0.11601560965885443,0.0,0.0,0.0,0.0,0.11822660098522167,0.6108374384236454,0.270935960591133,0.14285714285714285,0.14285714285714285,nan,nan,0.14461451912239845,0.45434846264934325,0.0,0.01818181818181818,0.0,0.30021109292648496,0.18419548326763052,1.940098946834985,20,20,7.766423940658569
192,,0.18822941330070236,0.018822941330070238,0.013560838624835014,1.0,1.0,1.0,1.0,1.0,0.7583333333333333,0.23333333333333334,0.008333333333333333,0.439332197541371,0.11,0.11,0.7,0.9993591842390381,0.0165788848785616,0.0,-0.020473533275330566,0.0,0.0,0.19166666666666668,0.25833333333333336,0.55,0.21666666666666667,0.21666666666666667,nan,nan,0.027230591012566596,0.09325749841463972,0.03225806451612903,0.25757575757575757,0.0,0.19711482844897507,0.18053594357041347,2.0596435417978904,20,20,2.151577949523926
193,,0.19250900729029313,0.021389889698921458,-0.007057146541774273,1.0,1.0,1.0,1.0,0.0,0.7890625,0.2109375,0.0,0.46102605058242463,0.044444444444444446,0.044444444444444446,1.3333333333333333,0.9987238413524624,0.024406418545044273,0.0,0.0,0.0,0.0,0.2109375,0.375,0.4140625,0.2265625,0.2265625,nan,nan,0.02402002171726131,0.07042189937171293,0.0,0.32075471698113206,0.0,0.20341299087693762,0.17900657233189335,2.260195444684526,20,20,2.090677499771118
194,,0.23957273298081092,0.007046256852376791,0.03567365985363722,0.9,0.9,0.9,0.9705882352941176,0.0,0.6554307116104869,0.3445692883895131,0.0,0.3871521605678615,1.0088235294117647,1.0088235294117647,1.6176470588235294,0.9811506460026506,0.12874204083418217,0.0,0.0,0.0,0.0,0.08614232209737828,0.7790262172284644,0.1348314606741573,0.34831460674157305,0.34831460674157305,nan,nan,0.2045298126270605,0.8252249637059051,0.0,0.2222222222222222,0.0,0.3161679995888088,0.18742595875462664,1.8247625002206727,20,20,12.07984709739685
195,,0.19259128313986035,0.021399031459984483,0.011398340202867984,1.0,1.0,1.0,1.0,1.0,0.8625954198473282,0.11450381679389313,0.022900763358778626,0.4578573065913386,0.1,0.1,0.4444444444444444,0.9993478125605333,0.017266914783635318,33.33333333333333,-0.019722955900294416,0.3333333333333333,0.0009798352303506883,0.1984732824427481,0.5419847328244275,0.2595419847328244,0.24427480916030533,0.24427480916030533,nan,nan,0.02482659203633994,0.088844142728607,0.028169014084507043,0.11764705882352941,0.0,0.19975320168668603,0.18248628690305072,1.7621592652149667,20,20,2.2894113063812256
196,,0.22889625949394085,0.006358229430387246,0.08084247596561908,0.75,0.75,0.75,0.9737827715355806,0.0,0.9431818181818182,0.056818181818181816,0.0,0.39153152686598736,1.2333333333333334,1.2333333333333334,0.19444444444444445,0.9430450454165142,0.21492909401071641,0.0,0.0,0.0,0.0,0.0946969696969697,0.7727272727272727,0.13257575757575757,0.13636363636363635,0.13636363636363635,nan,nan,0.2754422580656181,0.8050149719865024,0.0,0.0,0.0,0.31785946417270194,0.10293037016198553,1.8570598105801261,20,20,12.747610330581665
197,,0.18876751219213345,0.02359593902401668,0.05273253470659256,1.0,1.0,1.0,1.0,0.0,0.8636363636363636,0.13636363636363635,0.0,0.4670197461498901,0.01875,0.01875,0.0,0.9989895517501093,0.021208626279646703,0.0,0.0,0.0,0.0,0.19696969696969696,0.32575757575757575,0.4772727272727273,0.22727272727272727,0.22727272727272727,nan,nan,0.016152641417114897,0.04509847136416092,0.0,0.19047619047619047,0.0,0.2007924097286945,0.1795837834490478,1.8146098478187211,20,20,2.0741806030273438
198,,0.23247454375013119,0.0083026622767904,0.018637974560260773,0.95,0.95,0.95,0.9951219512195122,0.0,0.975609756097561,0.024390243902439025,0.0,0.38977959623610203,0.7035714285714286,0.7035714285714286,0.10714285714285714,0.9679334106894628,0.17935358444378435,0.0,0.0,0.0,0.0,0.13658536585365855,0.5902439024390244,0.2731707317073171,0.14634146341463414,0.14634146341463414,nan,nan,0.1568344087390823,0.5205434118915074,0.0,0.017857142857142856,0.0,0.3151508759050484,0.13579729146126407,1.9241012568043439,20,20,7.017390012741089
199,,0.21691801915973735,0.008034000709619902,-0.006842033751308918,0.95,0.95,0.95,1.0,0.0,0.7307692307692307,0.2692307692307692,0.0,0.3988839478027162,0.5222222222222223,0.5222222222222223,0.7777777777777778,0.9866343280208758,0.11318827068985893,0.0,0.0,0.0,0.0,0.16346153846153846,0.4567307692307692,0.3798076923076923,0.25,0.25,nan,nan,0.12237993522567023,0.4910019643587892,0.0,0.20253164556962025,0.0,0.2651971758012835,0.15200890511142456,2.1505681382033264,20,20,8.018419981002808
200,,0.22133117173977318,0.008512737374606661,0.023434070497751237,0.95,0.95,0.95,1.0,0.0,0.5783783783783784,0.42162162162162165,0.0,0.4086208284626572,0.6019230769230769,0.6019230769230769,2.5384615384615383,0.9441484635317395,0.30285247087600553,0.0,0.0,0.0,0.0,0.0972972972972973,0.3891891891891892,0.5135135135135135,0.21621621621621623,0.21621621621621623,nan,nan,0.15240262470604096,0.5371492039752527,0.0,0.4421052631578947,0.0,0.3246969840256876,0.021844513149682027,2.0347878422065926,20,20,6.504308223724365
201,,0.19547628961848887,0.007518318831480341,-0.0005852369591593743,0.85,0.85,0.85,0.9844559585492227,0.0,0.6839378238341969,0.3160621761658031,0.0,0.41283889733134016,0.4980769230769231,0.4980769230769231,1.1153846153846154,0.9499170582598886,0.18915217480534968,0.0,0.0,0.0,0.0,0.15025906735751296,0.43523316062176165,0.41450777202072536,0.2694300518134715,0.2694300518134715,nan,nan,0.11061368815345769,0.5640437020457217,0.0,0.3,0.0,0.2532828428384491,0.06413066803309941,2.2441894349365072,20,20,6.185004472732544
202,,0.19208768467781506,0.021343076075312786,-0.022054547816514967,1.0,1.0,1.0,1.0,0.0,0.6076923076923076,0.3923076923076923,0.0,0.45055999567525257,0.044444444444444446,0.044444444444444446,1.2222222222222223,0.9992691662815524,0.022441128920712178,0.0,0.0,0.0,0.0,0.17692307692307693,0.5615384615384615,0.26153846153846155,0.3076923076923077,0.3076923076923077,nan,nan,0.024041965588423402,0.11993049300831486,0.0,0.29411764705882354,0.0,0.2021791035858763,0.1797379746651641,1.879728473688517,20,20,2.3584163188934326
203,,0.22319622920631135,0.009299842883596306,0.028803248703479768,0.95,0.95,0.95,0.9949748743718593,0.0,0.7537688442211056,0.24623115577889448,0.0,0.40819500981015155,0.7958333333333333,0.7958333333333333,0.7916666666666666,0.9675076051219941,0.18832800208589345,0.0,0.0,0.0,0.0,0.12562814070351758,0.6030150753768844,0.271356783919598,0.24623115577889448,0.24623115577889448,nan,nan,0.15202491424378267,0.5441826109354319,0.0,0.35185185185185186,0.0,0.31587959470697746,0.127551592621084,1.9282923719657739,20,20,6.596010446548462
204,,0.24034368008854254,0.006008592002213564,0.0488438606262207,0.75,0.75,0.75,0.9605734767025089,0.0,0.9227941176470589,0.07720588235294118,0.0,0.42597286980540955,1.325,1.325,0.1,0.9337122658711998,0.24135852083312598,0.0,0.0,0.0,0.0,0.07352941176470588,0.9044117647058824,0.022058823529411766,0.14338235294117646,0.14338235294117646,nan,nan,0.3338631845207568,0.8707967953177945,0.0,0.0,0.0,0.3489541221717509,0.10759560133862496,1.539670871702672,20,20,13.162636280059814
205,,0.21667804266329596,0.007738501523689142,0.001254965178668499,0.95,0.95,0.95,1.0,0.0,0.9253731343283582,0.07462686567164178,0.0,0.4193790696220406,0.6482142857142857,0.6482142857142857,0.25,0.9596228925944297,0.21470261093225335,0.0,0.0,0.0,0.0,0.09950248756218906,0.2835820895522388,0.6169154228855721,0.15422885572139303,0.15422885572139303,nan,nan,0.1621207466226603,0.44579807885834055,0.0,0.03225806451612903,0.0,0.26762521468051215,0.0529226037482588,1.9041826887442854,20,20,10.474004745483398
206,,0.20769351372085032,0.00865389640503543,0.006165944039821625,0.95,0.95,0.95,0.9952153110047847,0.0,0.5673076923076923,0.4326923076923077,0.0,0.43565447241514144,0.48333333333333334,0.48333333333333334,2.5,0.985503041962747,0.12983270529538884,0.0,0.0,0.0,0.0,0.14423076923076922,0.30288461538461536,0.5528846153846154,0.22596153846153846,0.22596153846153846,nan,nan,0.09724598965894857,0.3222048591374157,0.0,0.40869565217391307,0.0,0.2622450141336082,0.13241230883821933,2.1435765005097895,20,20,7.077179670333862
207,,0.22272862205606353,0.010124028275275615,0.006098592653870583,1.0,1.0,1.0,1.0,0.0,0.7336683417085427,0.2663316582914573,0.0,0.44636516172057866,0.6431818181818182,0.6431818181818182,0.8636363636363636,0.982911397078063,0.11653645062449217,0.0,0.0,0.0,0.0,0.10050251256281408,0.3417085427135678,0.5577889447236181,0.1708542713567839,0.1708542713567839,nan,nan,0.13152707138625977,0.4290052236973092,0.0,0.2972972972972973,0.0,0.30755600605829814,0.19101955543380597,1.5962709621823357,20,20,6.799420118331909
208,,0.22788943055786917,0.011994180555677325,-0.014120640978217126,1.0,1.0,1.0,1.0,0.0,0.6071428571428571,0.39285714285714285,0.0,0.46741997939534485,0.6657894736842105,0.6657894736842105,2.263157894736842,0.988111266969236,0.09350906907074166,0.0,0.0,0.0,0.0,0.11224489795918367,0.37244897959183676,0.5153061224489796,0.29081632653061223,0.29081632653061223,nan,nan,0.09606024814822074,0.46135948679674443,0.0,0.31683168316831684,0.0,0.2891861881658661,0.19567711909512445,2.468624460763197,20,20,7.047285556793213
209,,0.1916776622522588,0.02395970778153235,0.04158275667577982,1.0,1.0,1.0,1.0,0.0,0.983739837398374,0.016260162601626018,0.0,0.4808312869106885,0.08125,0.08125,0.5,0.9989649446382118,0.029560700090123987,0.0,0.0,0.0,0.0,0.22764227642276422,0.2845528455284553,0.4878048780487805,0.23577235772357724,0.23577235772357724,nan,nan,0.023283300722211523,0.07105954687414709,0.0,0.016666666666666666,0.0,0.20827207482506077,0.17871137473493678,1.6346904605755141,20,20,1.7983078956604004
210,,0.24141769996297976,0.009656707998519191,0.0038207538425922396,0.95,0.95,0.95,0.9902912621359223,0.0,0.9609756097560975,0.03902439024390244,0.0,0.4374468703567982,1.036,1.036,0.2,0.9625173250437715,0.23089609428385263,0.0,0.0,0.0,0.0,0.0975609756097561,0.7804878048780488,0.12195121951219512,0.13170731707317074,0.13170731707317074,nan,nan,0.20112455408285032,0.5967433257843349,0.0,0.04,0.0,0.34441112020702297,0.11351502592317034,1.7164278626586553,20,20,6.903549909591675
211,,0.19405023470454014,0.019405023470454013,-0.01324511505663395,1.0,1.0,1.0,1.0,0.0,0.9603174603174603,0.03968253968253968,0.0,0.4619642397016287,0.18,0.18,0.0,0.9988232753575388,0.030769059905879442,0.0,0.0,0.0,0.0,0.15873015873015872,0.5396825396825397,0.30158730158730157,0.1746031746031746,0.1746031746031746,nan,nan,0.032655706957487006,0.13781160049976535,0.0,0.02631578947368421,0.0,0.21235001787650748,0.18158095797062804,1.535172588487174,20,20,2.1658384799957275
212,,0.22738587585469192,0.008120924137667568,0.015647001564502716,0.9,0.9,0.9,0.9949494949494949,0.0,0.9949494949494949,0.005050505050505051,0.0,0.4334294925876228,0.8642857142857143,0.8642857142857143,0.2857142857142857,0.9578394272087989,0.17085233531232463,0.0,0.0,0.0,0.0,0.10606060606060606,0.3434343434343434,0.5505050505050505,0.1111111111111111,0.1111111111111111,nan,nan,0.2082443021841959,0.6192962754296073,0.0,0.0,0.0,0.28890871387943606,0.11805637856711142,1.7960831901660745,20,20,12.489717245101929
213,,0.22012619483080953,0.00880504779323238,-0.015637363865971567,0.95,0.95,0.95,0.9844559585492227,0.0,0.7172774869109948,0.28272251308900526,0.0,0.4600223457282409,0.644,0.644,0.84,0.9844788548457278,0.10909500595860999,0.0,0.0,0.0,0.0,0.14136125654450263,0.5392670157068062,0.3193717277486911,0.28272251308900526,0.28272251308900526,nan,nan,0.1383743679006373,0.5571857315870602,0.0,0.2786885245901639,0.0,0.27929524908237435,0.17020024312376436,2.170837173743028,20,20,6.920853614807129
214,,0.2168048980119993,0.008029811037481455,0.029139870405197145,0.85,0.85,0.85,0.9802955665024631,0.0,0.9054726368159204,0.0945273631840796,0.0,0.44702021178651463,0.8685185185185185,0.8685185185185185,0.07407407407407407,0.9470765112521485,0.21195187907130542,0.0,0.0,0.0,0.0,0.1044776119402985,0.736318407960199,0.15920398009950248,0.18407960199004975,0.18407960199004975,nan,nan,0.1887039493092333,0.5937535325639,0.0,0.03125,0.0,0.3092118480367739,0.09725996896546846,1.6255231305416833,20,20,7.043191194534302
215,,0.19181403841420627,0.021312670934911807,-0.013794302754104138,1.0,1.0,1.0,1.0,0.0,0.943089430894309,0.056910569105691054,0.0,0.46565655633910663,0.06111111111111111,0.06111111111111111,0.6666666666666666,0.999246228727102,0.019650414385974535,0.0,0.0,0.0,0.0,0.1951219512195122,0.3983739837398374,0.4065040650406504,0.21951219512195122,0.21951219512195122,nan,nan,0.016654838876577184,0.04659384430922038,0.0,0.04,0.0,0.2007896706783243,0.18113925629234975,1.7638121846535846,20,20,2.5911643505096436
216,,0.2626212119879724,0.007503463199656354,0.036858323588967325,0.9,0.9,0.9,0.9696969696969697,0.0,0.7088122605363985,0.29118773946360155,0.0,0.4443194315126831,1.1557142857142857,1.1557142857142857,0.6,0.9805825496604372,0.1632842321053714,0.0,0.0,0.0,0.0,0.10344827586206896,0.4789272030651341,0.41762452107279696,0.23754789272030652,0.23754789272030652,nan,nan,0.27185003918565176,0.9973845854678443,0.0,0.1743119266055046,0.0,0.3343564619422187,0.17107222983684728,2.093544786113134,20,20,12.774880170822144
217,,0.18969388428561487,0.02371173553570186,0.02639335487037897,1.0,1.0,1.0,1.0,0.0,0.953125,0.046875,0.0,0.4653603618731722,0.0375,0.0375,1.125,0.9984000048713186,0.032523178072883074,0.0,0.0,0.0,0.0,0.203125,0.3515625,0.4453125,0.21875,0.21875,nan,nan,0.01778130504170754,0.05187828391652264,0.0,0.03508771929824561,0.0,0.20732511005596704,0.17480193198308397,1.9629151720256905,20,20,2.538238048553467
218,,0.231240656296141,0.00924962625184564,0.03922385424375534,0.95,0.95,0.95,0.9897435897435898,0.0,0.8556701030927835,0.14432989690721648,0.0,0.45038672846369443,0.844,0.844,0.16,0.9752066116673325,0.1632377555253737,0.0,0.0,0.0,0.0,0.1134020618556701,0.6649484536082474,0.22164948453608246,0.21649484536082475,0.21649484536082475,nan,nan,0.17123633347373143,0.5740773153965443,0.0,0.09302325581395349,0.0,0.3170472932845272,0.1538095377591535,1.9225047064732521,20,20,6.904086351394653
219,,0.1903692293964597,0.021152136599606634,-0.012307889200747013,1.0,1.0,1.0,1.0,0.0,0.7936507936507936,0.20634920634920634,0.0,0.46314867585897446,0.022222222222222223,0.022222222222222223,0.5555555555555556,0.9988803923364513,0.024209155126515475,0.0,0.0,0.0,0.0,0.20634920634920634,0.3492063492063492,0.4444444444444444,0.24603174603174602,0.24603174603174602,nan,nan,0.017996284862823914,0.05877491989484814,0.0,0.23214285714285715,0.0,0.20044397291653482,0.17623481779001934,1.7167296097866123,20,20,2.095851421356201
220,,0.22779895169997377,0.0058409987615377894,0.05491655021905899,0.65,0.65,0.65,0.9325842696629213,0.0,0.9728682170542635,0.027131782945736434,0.0,0.43477955639111593,1.4384615384615385,1.4384615384615385,0.23076923076923078,0.9245173810989161,0.22483373996531247,0.0,0.0,0.0,0.0,0.06201550387596899,0.6511627906976745,0.2868217054263566,0.08139534883720931,0.08139534883720931,nan,nan,0.37735072263949276,1.0099685422594318,0.0,0.0,0.0,0.32186761270875186,0.0970338727434394,1.7792166259132562,20,20,19.889044761657715
221,,0.24807318120684438,0.009922927248273775,0.04419394321739674,1.0,1.0,1.0,1.0,0.0,0.6633663366336634,0.33663366336633666,0.0,0.4477084519257769,0.744,0.744,0.8,0.9820983647213837,0.13896418876923733,0.0,0.0,0.0,0.0,0.09900990099009901,0.6485148514851485,0.2524752475247525,0.32673267326732675,0.32673267326732675,nan,nan,0.14444154130391504,0.5540192695434419,0.0,0.19607843137254902,0.0,0.35115228804607057,0.21218809927683324,1.8070944084780995,20,20,7.352275133132935
222,,0.2229792384923312,0.009694749499666575,0.00229141041636467,1.0,1.0,1.0,1.0,0.0,0.5463414634146342,0.45365853658536587,0.0,0.4399361646444405,0.5826086956521739,0.5826086956521739,1.608695652173913,0.9720190054193114,0.12497780618904272,0.0,0.0,0.0,0.0,0.1024390243902439,0.3902439024390244,0.5073170731707317,0.28780487804878047,0.28780487804878047,nan,nan,0.12062907227937973,0.6052335397833788,0.0,0.375,0.0,0.2950196068921328,0.17004180070309008,2.073709523454259,20,20,7.14099907875061
223,,0.22676027739049517,0.008398528792240562,0.010501096025109291,0.9,0.9,0.9,0.9854368932038835,0.0,0.9068627450980392,0.09313725490196079,0.0,0.42719232660752754,0.8111111111111111,0.8111111111111111,0.07407407407407407,0.9655460483082685,0.19842974533808305,0.0,0.0,0.0,0.0,0.1323529411764706,0.4264705882352941,0.4411764705882353,0.1568627450980392,0.1568627450980392,nan,nan,0.19125828476217435,0.5241665881621977,0.0,0.06666666666666667,0.0,0.2930615272106071,0.09463178187252404,1.6397481028810394,20,20,7.550387620925903
224,,0.22403009541834226,0.009334587309097595,-0.007263530045747757,1.0,1.0,1.0,1.0,1.0,0.6020408163265306,0.3877551020408163,0.01020408163265306,0.4389991633108972,0.5916666666666667,0.5916666666666667,1.625,0.9783724762901289,0.11959774307365906,50.0,-0.09488630144168927,0.5,0.018014838240879905,0.11734693877551021,0.6887755102040817,0.19387755102040816,0.3622448979591837,0.3622448979591837,nan,nan,0.11676496350709745,0.47589645742030323,0.0,0.3684210526315789,0.02631578947368421,0.29369635373297454,0.17409861065931548,2.312037854008352,20,20,6.727002143859863
225,,0.19132132201621777,0.019132132201621778,-0.0036137714982032777,1.0,1.0,1.0,1.0,1.0,0.9029850746268657,0.08208955223880597,0.014925373134328358,0.4656572001799941,0.12,0.12,0.0,0.9987902283444999,0.02415586933332997,0.0,-0.02181065997409551,0.0,0.0,0.1417910447761194,0.41044776119402987,0.44776119402985076,0.1791044776119403,0.1791044776119403,nan,nan,0.024597354889627436,0.08293364335846495,0.03636363636363636,0.06666666666666667,0.0,0.20790200936884018,0.1837461400355102,1.8292553813246928,20,20,2.2961626052856445
226,,0.1906883316210304,0.0238360414526288,-0.019574370980262757,1.0,1.0,1.0,1.0,1.0,0.8270676691729323,0.16541353383458646,0.007518796992481203,0.46900725373998287,0.04375,0.04375,0.0,0.9989927996080045,0.022204540245699372,0.0,-0.11812197450217027,0.0,0.0,0.21052631578947367,0.19548872180451127,0.5939849624060151,0.19548872180451127,0.19548872180451127,nan,nan,0.020959849855726385,0.08364815235401069,0.0,0.189873417721519,0.012658227848101266,0.20246969338901322,0.18026515314331384,2.1846434476891052,20,20,2.0334646701812744
227,,0.1876914755971784,0.017062861417925308,-0.025568728148937226,1.0,1.0,1.0,1.0,0.0,0.7461538461538462,0.25384615384615383,0.0,0.44967139456421135,0.05454545454545454,0.05454545454545454,0.9090909090909091,0.9994574630569268,0.018948478941676866,0.0,0.0,0.0,0.0,0.18461538461538463,0.16153846153846155,0.6538461538461539,0.18461538461538463,0.18461538461538463,nan,nan,0.028532829548183578,0.10278824019185323,0.0,0.2235294117647059,0.0,0.19699618706903416,0.1780477081273573,1.9752569958584187,20,20,2.5245063304901123
228,,0.2258847811229491,0.009821077440128221,0.05771353244781494,0.95,0.95,0.95,0.9897435897435898,1.0,0.8512820512820513,0.1282051282051282,0.020512820512820513,0.4339021724102128,0.8565217391304348,0.8565217391304348,0.6521739130434783,0.9821720414101195,0.12795234642638487,0.0,-0.145104941906003,0.0,0.0,0.12307692307692308,0.6410256410256411,0.2358974358974359,0.18461538461538463,0.18461538461538463,nan,nan,0.17251586966598245,0.5693935497234915,0.016,0.15217391304347827,0.021739130434782608,0.27585877371563916,0.1479064272892543,1.9898818228937019,20,20,6.075072765350342
229,,0.23872963107895925,0.009181908887652279,0.020584475994110108,0.95,0.95,0.95,1.0,1.0,0.882051282051282,0.10256410256410256,0.015384615384615385,0.41990159428857554,0.8807692307692307,0.8807692307692307,0.38461538461538464,0.9622071256491845,0.22560456925386743,0.0,-0.27376329407138483,0.0,0.0,0.10256410256410256,0.6512820512820513,0.24615384615384617,0.16923076923076924,0.16923076923076924,nan,nan,0.19769151328450674,0.5612284689567156,0.015748031496062992,0.041666666666666664,0.020833333333333332,0.3314883343291949,0.10588376507532746,1.9288599541968006,20,20,10.27507495880127
230,,0.22431307649154497,0.010681575071025951,-0.05984655134379864,1.0,1.0,1.0,1.0,1.0,0.6564102564102564,0.3384615384615385,0.005128205128205128,0.43989301089951327,0.6547619047619048,0.6547619047619048,1.1428571428571428,0.988828017025451,0.10685537907454801,0.0,-0.42899652730396787,0.0,0.0,0.11282051282051282,0.676923076923077,0.21025641025641026,0.3128205128205128,0.3128205128205128,nan,nan,0.11193107164660789,0.41516515100242274,0.007575757575757576,0.36585365853658536,0.0,0.2941099822329843,0.18725460315843628,2.1271198085739713,20,20,6.5734734535217285
231,,0.18745361980665587,0.020828179978517318,0.006968392245471478,1.0,1.0,1.0,1.0,1.0,0.5985915492957746,0.3873239436619718,0.014084507042253521,0.48687037984944054,0.06111111111111111,0.06111111111111111,0.5555555555555556,0.9992630435812572,0.02013535947878317,0.0,-0.009191599120456594,0.0,0.0,0.19014084507042253,0.3873239436619718,0.4225352112676056,0.3380281690140845,0.3380281690140845,nan,nan,0.02072516344779977,0.08808282390968421,0.0,0.4,0.03333333333333333,0.2001493115563301,0.18001395207754692,2.3982578134658157,20,20,2.8454782962799072
232,,0.19048796276958657,0.02381099534619832,-7.060356438159943e-05,1.0,1.0,1.0,1.0,0.0,0.728,0.272,0.0,0.48722491941880436,0.10625,0.10625,0.75,0.9986320770526091,0.026420565418074804,0.0,0.0,0.0,0.0,0.184,0.472,0.344,0.272,0.272,nan,nan,0.020179949341664883,0.08131796764575498,0.0,0.3023255813953488,0.0,0.20700414545168982,0.18058358003361502,1.7844813821463634,20,20,2.1163835525512695
233,,0.2238886950142371,0.008611103654393736,0.021135585382580757,0.95,0.95,0.95,0.9900990099009901,1.0,0.6218905472636815,0.373134328358209,0.004975124378109453,0.43930473402858927,0.6596153846153846,0.6596153846153846,1.8461538461538463,0.9644111451272025,0.1780628654177013,0.0,-0.8611691739024623,0.0,0.0,0.14427860696517414,0.5074626865671642,0.3482587064676617,0.22388059701492538,0.22388059701492538,nan,nan,0.1518788158778147,0.5756835581648511,0.00980392156862745,0.4142857142857143,0.0,0.30821690060410323,0.13015403518640192,2.3694677137433606,20,20,7.543311834335327
234,,0.17558139907257586,0.006054531002502616,0.09504754841327667,0.75,0.75,0.75,0.9736842105263158,1.0,0.9468085106382979,0.0425531914893617,0.010638297872340425,0.4385827387972125,0.7620689655172413,0.7620689655172413,0.3103448275862069,0.8048802892311157,0.29454416069498446,0.0,-0.24590856013653958,0.0,0.0,0.09574468085106383,0.2872340425531915,0.6170212765957447,0.10638297872340426,0.10638297872340426,nan,nan,0.20943365299977962,0.6558154245054595,0.037037037037037035,0.034482758620689655,0.0,0.2765215002344932,-0.01802266046049128,2.076234688257356,20,20,11.394416809082031
235,,0.235508415615805,0.008411014843421607,0.01224951446056366,1.0,1.0,1.0,1.0,1.0,0.32061068702290074,0.6717557251908397,0.007633587786259542,0.4533025006131668,0.5446428571428571,0.5446428571428571,9.25,0.9794819990218073,0.12696517312356448,50.0,-0.2302112452660196,0.5,0.15008824515717978,0.08015267175572519,0.2862595419847328,0.6335877862595419,0.15648854961832062,0.15648854961832062,nan,nan,0.18707426632419114,0.5514419174842099,0.013333333333333334,0.7650602409638554,0.006024096385542169,0.3116064307641014,0.1846412576405369,1.8220875684880855,20,20,13.474327087402344
236,,0.22661348939329226,0.008715903438203549,0.0032774025574326517,0.9,0.9,0.9,0.9857142857142858,0.0,0.9375,0.0625,0.0,0.4446684363233194,0.8980769230769231,0.8980769230769231,0.5,0.9720816225263055,0.1568475017449243,0.0,0.0,0.0,0.0,0.11538461538461539,0.7355769230769231,0.14903846153846154,0.14903846153846154,0.14903846153846154,nan,nan,0.18201867534111169,0.5530833313449728,0.0,0.0,0.0,0.28823811053070897,0.13139060878578468,1.8270649263661833,20,20,6.617784261703491
237,,0.18852920625288538,0.020947689583653933,0.03883187584578991,1.0,1.0,1.0,1.0,0.0,0.6521739130434783,0.34782608695652173,0.0,0.47019545832234955,0.016666666666666666,0.016666666666666666,0.6666666666666666,0.9994107233075202,0.01620470279373379,0.0,0.0,0.0,0.0,0.13768115942028986,0.4927536231884058,0.3695652173913043,0.2753623188405797,0.2753623188405797,nan,nan,0.01647415314742245,0.05647557143619122,0.0,0.37254901960784315,0.0,0.1960868834245186,0.17988218063078482,2.4370389735921356,20,20,2.7948949337005615
238,,0.23197734771731146,0.008922205681435057,0.03516871519386768,0.85,0.85,0.85,0.9533678756476683,0.5,0.8449197860962567,0.1443850267379679,0.0106951871657754,0.43259601822266214,1.0057692307692307,1.0057692307692307,0.5384615384615384,0.9047634664668299,0.3557295623450216,0.0,-0.17582988630393873,0.0,0.0,0.09090909090909091,0.7112299465240641,0.19786096256684493,0.17647058823529413,0.17647058823529413,nan,nan,0.23435302876638014,0.7265851609675742,0.007518796992481203,0.05405405405405406,0.02702702702702703,0.3317769058179224,-0.023952656527099214,1.7161331548864962,20,20,11.010292530059814
239,,0.1881890610132031,0.020909895668133678,0.005790510959923267,1.0,1.0,1.0,1.0,0.0,0.5348837209302325,0.46511627906976744,0.0,0.4724572746704022,0.05,0.05,2.111111111111111,0.9987062386160529,0.025588252148783686,0.0,0.0,0.0,0.0,0.20930232558139536,0.4883720930232558,0.3023255813953488,0.3875968992248062,0.3875968992248062,nan,nan,0.020715269407443306,0.1219943597308458,0.0,0.4358974358974359,0.0,0.20038411533827888,0.1747958631894952,2.1626517880120626,20,20,2.2168850898742676
240,,0.22441987132523666,0.009350827971884862,-0.021413370221853256,0.9,0.9,0.9,0.966183574879227,0.0,0.526829268292683,0.47317073170731705,0.0,0.4629182603646768,0.6916666666666667,0.6916666666666667,1.625,0.9839493481513919,0.11423104690212893,0.0,0.0,0.0,0.0,0.14634146341463414,0.5853658536585366,0.2682926829268293,0.2975609756097561,0.2975609756097561,nan,nan,0.15569600306937517,0.6381252729354727,0.0,0.509090909090909,0.0,0.2965478344176896,0.18231678751556069,1.6413789358112314,20,20,7.118999481201172
241,,0.21683719773734947,0.010325580844635689,-0.017939709313213825,1.0,1.0,1.0,1.0,0.0,0.4321608040201005,0.5678391959798995,0.0,0.4633842291199558,0.4642857142857143,0.4642857142857143,3.0,0.98900868983372,0.0668492069391736,0.0,0.0,0.0,0.0,0.17587939698492464,0.22110552763819097,0.6030150753768844,0.23115577889447236,0.23115577889447236,nan,nan,0.10677649863037092,0.41833436791023243,0.0,0.55,0.0,0.25348331012326636,0.18663410318409276,2.2655650080150234,20,20,6.2739577293396
242,,0.24785308152446517,0.009914123260978607,0.011482497677206993,1.0,1.0,1.0,1.0,0.0,0.766497461928934,0.233502538071066,0.0,0.463077230272349,0.928,0.928,0.48,0.9740378554202933,0.16340520803576047,0.0,0.0,0.0,0.0,0.10152284263959391,0.7715736040609137,0.12690355329949238,0.2639593908629442,0.2639593908629442,nan,nan,0.19518723284483816,0.5569354791378635,0.0,0.16,0.0,0.34570271038617656,0.18229750235041609,1.68012645805583,20,20,6.678711891174316
243,,0.24312325481915842,0.006753423744976623,0.021037476882338525,0.9,0.9,0.9,0.9724409448818898,0.0,0.6533864541832669,0.3466135458167331,0.0,0.46137009012357644,1.0277777777777777,1.0277777777777777,1.3611111111111112,0.950653150936494,0.21258100955922016,0.0,0.0,0.0,0.0,0.08366533864541832,0.7928286852589641,0.12350597609561753,0.30677290836653387,0.30677290836653387,nan,nan,0.25172019582209154,0.8272480700301668,0.0,0.4838709677419355,0.0,0.37032301870571105,0.1577420091464909,1.8650199086862078,20,20,11.29891562461853
244,,0.22033775186393867,0.008813510074557546,-0.029967688024044037,0.9,0.9,0.9,0.9743589743589743,0.0,0.8645833333333334,0.13541666666666666,0.0,0.45703972899820655,0.78,0.78,0.56,0.968381304056091,0.17971333009120433,0.0,0.0,0.0,0.0,0.18229166666666666,0.2916666666666667,0.5260416666666666,0.22916666666666666,0.22916666666666666,nan,nan,0.17262323609838726,0.6222094322061674,0.0,0.06930693069306931,0.0,0.27893708669502515,0.09922375660382082,2.111697073118633,20,20,6.428834676742554
245,,0.1897253669591049,0.023715670869888114,0.061618896946310994,1.0,1.0,1.0,1.0,0.0,0.8195488721804511,0.18045112781954886,0.0,0.4732112265890464,0.025,0.025,0.0,0.9989726272878716,0.02303383989100627,0.0,0.0,0.0,0.0,0.24060150375939848,0.2857142857142857,0.47368421052631576,0.2932330827067669,0.2932330827067669,nan,nan,0.01596618048298085,0.054163270382408715,0.0,0.1111111111111111,0.0,0.19993104831633285,0.17689720842532658,1.786263991574525,20,20,2.0870463848114014
246,,0.19026762882803003,0.023783453603503753,0.007751021534204483,1.0,1.0,1.0,1.0,0.0,0.9708029197080292,0.029197080291970802,0.0,0.4828236105851829,0.06875,0.06875,0.875,0.9984122891719385,0.028230905210462898,0.0,0.0,0.0,0.0,0.145985401459854,0.06569343065693431,0.7883211678832117,0.15328467153284672,0.15328467153284672,nan,nan,0.029708327374988457,0.06879335010646617,0.0,0.009259259259259259,0.0,0.20590642130849696,0.17767551609803406,1.7150516370104532,20,20,4.120137453079224
247,,0.229843673014748,0.00999320317455426,0.010591430217027664,1.0,1.0,1.0,1.0,0.0,0.47783251231527096,0.5221674876847291,0.0,0.45581949910594394,0.6304347826086957,0.6304347826086957,2.9565217391304346,0.9841610267105864,0.11068422330825758,0.0,0.0,0.0,0.0,0.12807881773399016,0.13793103448275862,0.7339901477832512,0.15763546798029557,0.15763546798029557,nan,nan,0.15058840917719807,0.5429022223775998,0.0,0.4697986577181208,0.0,0.3047714427707212,0.19408721946246363,2.153371228268371,20,20,7.222086668014526
248,,0.22497361382851214,0.009781461470804876,-0.00795244202017784,1.0,1.0,1.0,1.0,1.0,0.455026455026455,0.5396825396825397,0.005291005291005291,0.46116551872869227,0.5695652173913044,0.5695652173913044,2.347826086956522,0.9832277290695386,0.1075329037077673,100.0,0.02167832602352726,1.0,0.02167832602352726,0.13227513227513227,0.6296296296296297,0.23809523809523808,0.4021164021164021,0.4021164021164021,nan,nan,0.11528689604659516,0.5331526328775948,0.0,0.5777777777777777,0.022222222222222223,0.28614583685574263,0.17861293314797533,2.208734293209753,20,20,6.3317341804504395
249,,0.21564332128060607,0.008625732851224243,-0.00883888006210327,0.95,0.95,0.95,0.9902439024390244,0.0,0.7438423645320197,0.2561576354679803,0.0,0.4718687370577827,0.614,0.614,0.6,0.9762775327478731,0.15953563983278302,0.0,0.0,0.0,0.0,0.10837438423645321,0.6551724137931034,0.23645320197044334,0.2561576354679803,0.2561576354679803,nan,nan,0.12166262568547143,0.4844878298055485,0.0,0.2916666666666667,0.0,0.2852004424134748,0.1256648025806918,1.6408999259678383,20,20,6.6174476146698
250,,0.19164525140597383,0.02129391682288598,0.007289036549627781,1.0,1.0,1.0,1.0,0.0,0.47619047619047616,0.5238095238095238,0.0,0.5080800820142031,0.07777777777777778,0.07777777777777778,1.1111111111111112,0.9977668330945573,0.04073048925044151,0.0,0.0,0.0,0.0,0.15873015873015872,0.11904761904761904,0.7222222222222222,0.12698412698412698,0.12698412698412698,nan,nan,0.03590670594159644,0.1374597263880453,0.0,0.5274725274725275,0.0,0.2224664788665054,0.18173598961606388,2.148119237129609,20,20,2.384981632232666
251,,0.2331768505653874,0.009327074022615496,0.027889325469732284,0.95,0.95,0.95,0.995,1.0,0.855,0.14,0.005,0.46693740731081923,0.858,0.858,0.24,0.9655040359589552,0.2134000446895541,0.0,-0.21806672154714807,0.0,0.0,0.125,0.49,0.385,0.225,0.225,nan,nan,0.18399253108400437,0.5528662981664378,0.0,0.06493506493506493,0.0,0.3237395841937144,0.11033953950416031,1.7579624418465802,20,20,7.215576410293579
252,,0.2751323011192028,0.008597884409975087,0.04372122474014759,0.95,0.95,0.95,0.9883720930232558,0.0,0.708171206225681,0.2918287937743191,0.0,0.4613118008390302,1.246875,1.246875,1.5625,0.9822403704651501,0.1318252699224322,0.0,0.0,0.0,0.0,0.07392996108949416,0.7821011673151751,0.14396887159533073,0.28793774319066145,0.28793774319066145,nan,nan,0.2634104494023733,0.8297613785524567,0.0,0.2702702702702703,0.0,0.34018073015282957,0.20835546023039736,2.0665445219294836,20,20,14.02100944519043
253,,0.2300853478187331,0.009203413912749325,0.023480024188756943,0.95,0.95,0.95,0.9900497512437811,0.0,0.7336683417085427,0.2663316582914573,0.0,0.4663318093717098,0.718,0.718,0.64,0.9510900385304429,0.24228069670705848,0.0,0.0,0.0,0.0,0.20100502512562815,0.2814070351758794,0.5175879396984925,0.2914572864321608,0.2914572864321608,nan,nan,0.15807967840402395,0.5713114320457113,0.0,0.20388349514563106,0.0,0.3401804527005622,0.09789975599350371,2.017994682161489,20,20,6.339598894119263
254,,0.24102383118344617,0.009640953247337847,-0.0515967458486557,1.0,1.0,1.0,1.0,1.0,0.8040201005025126,0.19095477386934673,0.005025125628140704,0.46364653028920294,0.806,0.806,0.48,0.987160817323724,0.10700692089998534,0.0,-0.07410109446190727,0.0,0.0,0.1507537688442211,0.45226130653266333,0.3969849246231156,0.2562814070351759,0.2562814070351759,nan,nan,0.16737403378759094,0.541010746514371,0.0,0.10126582278481013,0.0,0.3021888472113494,0.19518192631136408,1.7236047840085347,20,20,7.300585508346558
255,,0.2256435840027184,0.009401816000113266,0.026784737408161164,0.95,0.95,0.95,0.9901960784313726,0.0,0.6798029556650246,0.32019704433497537,0.0,0.4655221760699836,0.6645833333333333,0.6645833333333333,0.9166666666666666,0.9652273665303484,0.20023792927966516,0.0,0.0,0.0,0.0,0.16748768472906403,0.3399014778325123,0.49261083743842365,0.3054187192118227,0.3054187192118227,nan,nan,0.13769601492677902,0.5111088757042324,0.0,0.23,0.0,0.3248324345602941,0.12459450528062892,2.046866888540943,20,20,6.856137990951538
256,,0.2292146951345021,0.006031965661434266,0.06002204716205597,0.75,0.75,0.75,0.9581749049429658,1.0,0.88671875,0.109375,0.00390625,0.4725328013129336,1.2842105263157895,1.2842105263157895,0.34210526315789475,0.881571517253155,0.3716261639973304,0.0,-0.2769237560360577,0.0,0.0,0.0859375,0.76171875,0.15234375,0.18359375,0.18359375,nan,nan,0.31404966891234,0.8610002107709298,0.0,0.05128205128205128,0.02564102564102564,0.3928436935912236,0.021217529593893197,1.6781272628848027,20,20,12.630082607269287
257,,0.2220806746925609,0.008883226987702436,0.02866121008992195,0.95,0.95,0.95,0.9948453608247423,1.0,0.9123711340206185,0.08247422680412371,0.005154639175257732,0.4805067336037755,0.742,0.742,0.28,0.9566809563253327,0.22591953104591572,0.0,-0.08949961016545421,0.0,0.0,0.10309278350515463,0.29896907216494845,0.5979381443298969,0.14948453608247422,0.14948453608247422,nan,nan,0.1681558018888425,0.5629134348744065,0.0,0.05172413793103448,0.008620689655172414,0.2994724191055933,0.07355288805967759,1.9484836789496882,20,20,8.987226009368896
258,,0.24822031205199444,0.009546935078922862,-0.006828575767576695,1.0,1.0,1.0,1.0,0.0,0.8426395939086294,0.15736040609137056,0.0,0.4869899426694386,0.8076923076923077,0.8076923076923077,0.11538461538461539,0.9751102607039634,0.1364729488939245,0.0,0.0,0.0,0.0,0.08629441624365482,0.5736040609137056,0.3401015228426396,0.2182741116751269,0.2182741116751269,nan,nan,0.17463738598119513,0.5315356502203648,0.0,0.04477611940298507,0.0,0.32629808230980784,0.18982513341588333,1.8588457376628211,20,20,6.704725742340088
259,,0.23784507480624742,0.009513802992249897,-0.02466382421553135,1.0,1.0,1.0,1.0,0.0,0.8382352941176471,0.16176470588235295,0.0,0.49000091445446015,0.806,0.806,0.76,0.972160092148934,0.15079003206160727,0.0,0.0,0.0,0.0,0.11764705882352941,0.6470588235294118,0.23529411764705882,0.24509803921568626,0.24509803921568626,nan,nan,0.16053524817628023,0.554421276932401,0.0,0.020833333333333332,0.0,0.3300535990210566,0.1792635669594493,1.7485065527715433,20,20,6.756267547607422
260,,0.23573134578479954,0.009429253831391982,0.04364950954914093,0.9,0.9,0.9,0.985,0.0,0.8383838383838383,0.16161616161616163,0.0,0.4744258443787694,0.958,0.958,0.16,0.9566481489479284,0.24403235702640255,0.0,0.0,0.0,0.0,0.13636363636363635,0.36363636363636365,0.5,0.18686868686868688,0.18686868686868688,nan,nan,0.2081452744516884,0.6913723127704011,0.0,0.04040404040404041,0.0,0.3054612884128342,0.06142893138643166,1.928544085825699,20,20,7.580770254135132
261,,0.2274077135236484,0.008422507908283274,-0.01187567263841629,1.0,1.0,1.0,1.0,1.0,0.766497461928934,0.22842639593908629,0.005076142131979695,0.46870992867345057,0.6259259259259259,0.6259259259259259,0.5555555555555556,0.9833004538469078,0.10417440606908937,100.0,0.007023725949267368,1.0,0.007023725949267368,0.1218274111675127,0.4720812182741117,0.40609137055837563,0.25888324873096447,0.25888324873096447,nan,nan,0.14283811027931412,0.49065409272447463,0.010752688172043012,0.175,0.0,0.2902529306066317,0.18607852453754234,2.1462335074054266,20,20,8.22310495376587
262,,0.25263620367104433,0.010984182768306275,-0.024821691587567328,1.0,1.0,1.0,1.0,0.0,0.9444444444444444,0.05555555555555555,0.0,0.46353137529576605,1.0934782608695652,1.0934782608695652,0.13043478260869565,0.9845073978559876,0.12228378855275507,0.0,0.0,0.0,0.0,0.10101010101010101,0.8535353535353535,0.045454545454545456,0.14646464646464646,0.14646464646464646,nan,nan,0.20501868701513704,0.5415950632049343,0.0,0.0,0.0,0.3222353092024615,0.19995152064970645,1.5834344144628207,20,20,6.664717674255371
263,,0.22772100893532354,0.00875850034366629,0.017101758904755116,0.9,0.9,0.9,0.9791666666666666,0.0,0.8263157894736842,0.16842105263157894,0.005263157894736842,0.4730195626329917,0.9173076923076923,0.9173076923076923,0.3076923076923077,0.9641262661788694,0.2107803869246907,100.0,0.17147176019396454,1.0,0.17147176019396454,0.08947368421052632,0.5421052631578948,0.3684210526315789,0.21578947368421053,0.21578947368421053,nan,nan,0.20576108722559064,0.7298932036098473,0.009708737864077669,0.08571428571428572,0.0,0.30797791426264653,0.09719752733795584,1.7967066020233708,20,20,7.267962217330933
264,,0.1900065177082316,0.021111835300914622,0.01570742391049862,1.0,1.0,1.0,1.0,1.0,0.7401574803149606,0.2440944881889764,0.015748031496062992,0.5063732224620051,0.1,0.1,0.6666666666666666,0.9982728573341911,0.03209334942939168,100.0,0.012978107794855497,1.0,0.012978107794855497,0.2283464566929134,0.3464566929133858,0.4251968503937008,0.31496062992125984,0.31496062992125984,nan,nan,0.02282728759938299,0.0899303022196689,0.022727272727272728,0.24074074074074073,0.018518518518518517,0.20966544766609788,0.1775720982367062,1.8298885190115275,20,20,2.2150156497955322
265,,0.222119251592932,0.009657358764910086,0.031266197189688684,0.95,0.95,0.95,0.9901960784313726,1.0,0.7339901477832512,0.26108374384236455,0.0049261083743842365,0.48369164189080827,0.8434782608695652,0.8434782608695652,0.8260869565217391,0.969764206835048,0.1864648463076436,0.0,-0.01424777770571127,0.0,0.0,0.10344827586206896,0.7339901477832512,0.1625615763546798,0.26108374384236455,0.26108374384236455,nan,nan,0.1484640237745923,0.5548273848756392,0.0,0.30303030303030304,0.030303030303030304,0.28785656573363816,0.10139171942599455,1.9592752652350456,20,20,7.301551818847656
266,,0.22161689602978796,0.009234037334574499,-0.003607415035367012,0.95,0.95,0.95,1.0,1.0,0.8,0.185,0.015,0.4809213195073729,0.6895833333333333,0.6895833333333333,0.375,0.9663403081159763,0.20640011097459282,0.0,-0.12687955890776642,0.0,0.0,0.17,0.47,0.36,0.27,0.27,nan,nan,0.13556196435268306,0.456228428701917,0.02127659574468085,0.1388888888888889,0.013888888888888888,0.281861418102294,0.07546130712770115,2.067987552318366,20,20,6.280203819274902
267,,0.235359450484082,0.00941437801936328,-0.009958694875240325,0.95,0.95,0.95,0.98989898989899,1.0,0.9545454545454546,0.030303030303030304,0.015151515151515152,0.48655201846733687,0.828,0.828,0.32,0.9673760637337541,0.1962652341302541,33.33333333333333,-0.21848811736528992,0.3333333333333333,0.0017992038677911715,0.11616161616161616,0.702020202020202,0.18181818181818182,0.13636363636363635,0.13636363636363635,nan,nan,0.16440635506361181,0.4882240928602681,0.02158273381294964,0.0,0.0,0.3207554875613089,0.1244902534310548,2.1377030718246317,20,20,12.109746217727661
268,,0.23200495250674738,0.009280198100269895,0.010489218682050706,0.95,0.95,0.95,0.9951219512195122,0.0,0.9463414634146341,0.05365853658536585,0.0,0.48739787515159694,0.914,0.914,0.36,0.9562985303712541,0.2527451514931553,0.0,0.0,0.0,0.0,0.05853658536585366,0.5219512195121951,0.4195121951219512,0.1024390243902439,0.1024390243902439,nan,nan,0.19326528665623025,0.4974643915471624,0.0,0.023255813953488372,0.0,0.34160346420198695,0.08885831270883164,1.9250319053462854,20,20,12.539517402648926
269,,0.24792694378857594,0.007747716993392998,-0.011581336872445213,1.0,1.0,1.0,1.0,1.0,0.46691176470588236,0.5183823529411765,0.014705882352941176,0.5068441592302406,0.7625,0.7625,3.5625,0.9848058775497074,0.11984098175538094,0.0,-0.1352933727078849,0.0,0.0,0.1948529411764706,0.20955882352941177,0.5955882352941176,0.1323529411764706,0.1323529411764706,nan,nan,0.19038214847168297,0.6283607811038399,0.017543859649122806,0.47530864197530864,0.0,0.31989351883284445,0.2000525370774635,2.5217459060828276,20,20,12.998697996139526
270,,0.2360919054104699,0.008744144644832218,0.019077096320688724,0.95,0.95,0.95,0.9899497487437185,0.0,0.797979797979798,0.20202020202020202,0.0,0.5166256376645632,0.8722222222222222,0.8722222222222222,0.5185185185185185,0.9558977274511458,0.2439648391884664,0.0,0.0,0.0,0.0,0.10101010101010101,0.5606060606060606,0.3383838383838384,0.22727272727272727,0.22727272727272727,nan,nan,0.20511219785815835,0.6573227931920914,0.0,0.1044776119402985,0.0,0.32906955530841914,0.08510471611995275,2.0101735527563567,20,20,9.348217010498047
271,,0.19005559664829327,0.02111728851647703,0.03224975131452083,1.0,1.0,1.0,1.0,1.0,0.5968992248062015,0.3953488372093023,0.007751937984496124,0.4989129026316934,0.06111111111111111,0.06111111111111111,0.8888888888888888,0.9984928189593001,0.02996679894454829,100.0,0.0002442911434515638,1.0,0.0002442911434515638,0.17054263565891473,0.5348837209302325,0.29457364341085274,0.3023255813953488,0.3023255813953488,nan,nan,0.019226070652637685,0.07850994870853499,0.014492753623188406,0.47368421052631576,0.0,0.20883963446172504,0.17887283551717675,1.7930166577054782,20,20,2.2751357555389404
272,,0.18909286941715475,0.023636608677144344,-0.012412925343960523,1.0,1.0,1.0,1.0,1.0,0.7786885245901639,0.20491803278688525,0.01639344262295082,0.4993967497372068,0.075,0.075,0.0,0.9990143482249327,0.02109357468326792,50.0,0.006682554901218274,0.5,0.03864084833409541,0.26229508196721313,0.19672131147540983,0.5409836065573771,0.29508196721311475,0.29508196721311475,nan,nan,0.02072998405629498,0.0663061197224798,0.041666666666666664,0.21212121212121213,0.015151515151515152,0.19849105697728714,0.17739748229401922,2.154081750401853,20,20,1.8669307231903076
273,,0.23021352208127246,0.00657752920232207,0.07636575885117054,0.7,0.7,0.7,0.9545454545454546,1.0,0.8595744680851064,0.1276595744680851,0.01276595744680851,0.5101325889956206,1.6885714285714286,1.6885714285714286,0.22857142857142856,0.9270081351907834,0.2756479380629975,0.0,-0.15330264900630133,0.0,0.0,0.07659574468085106,0.8680851063829788,0.05531914893617021,0.18723404255319148,0.18723404255319148,nan,nan,0.42426877044764993,1.0408515321224474,0.00980392156862745,0.07692307692307693,0.0,0.316326477232349,0.040678539169351574,1.5769465124102202,20,20,12.076869487762451
274,,0.2364955228711371,0.008759093439671744,0.027936498075723647,0.9,0.9,0.9,0.9850746268656716,1.0,0.7889447236180904,0.19095477386934673,0.020100502512562814,0.4889081689977535,0.8537037037037037,0.8537037037037037,0.2962962962962963,0.9424426460175072,0.22767446164284888,25.0,-0.09346606391762301,0.25,0.028364771317045845,0.1507537688442211,0.6130653266331658,0.23618090452261306,0.23115577889447236,0.23115577889447236,nan,nan,0.1982400914866729,0.7042839870997076,0.00819672131147541,0.14893617021276595,0.02127659574468085,0.33966016063752114,0.11198569899467226,1.842049908619198,20,20,6.483017921447754
275,,0.21422616829427643,0.005789896440385849,0.0945274293422699,0.7,0.7,0.7,0.8992248062015504,1.0,0.9547325102880658,0.024691358024691357,0.0205761316872428,0.5108685634879244,1.3918918918918919,1.3918918918918919,0.24324324324324326,0.7582519652369609,0.43980306559055987,0.0,-0.17176635891117473,0.0,0.0,0.09053497942386832,0.5390946502057613,0.37037037037037035,0.102880658436214,0.102880658436214,nan,nan,0.37190518018302965,0.835862871108845,0.022900763358778626,0.011111111111111112,0.0,0.37966661766812776,-0.06013644792243209,1.8495555054467996,20,20,20.85951590538025
276,,0.21587175518332422,0.007995250191974971,0.006832962483167648,0.95,0.95,0.95,0.995,1.0,0.9095477386934674,0.08040201005025126,0.010050251256281407,0.5164289969640473,0.687037037037037,0.687037037037037,0.2962962962962963,0.9555723946846137,0.24099796242108218,50.0,-0.06209558437111399,0.5,0.03854734316870302,0.08542713567839195,0.21105527638190955,0.7035175879396985,0.135678391959799,0.135678391959799,nan,nan,0.16407498063923823,0.6071280018559315,0.023809523809523808,0.03571428571428571,0.007142857142857143,0.32138393370851226,0.08038597128743007,2.279770166880626,20,20,11.712932348251343
277,,0.2345755492573903,0.009022136509899626,-0.01733225416392088,1.0,1.0,1.0,1.0,1.0,0.7621359223300971,0.23300970873786409,0.0048543689320388345,0.49650786420724424,0.7230769230769231,0.7230769230769231,0.2692307692307692,0.987385042896314,0.09828062324720771,0.0,-0.07888760224422889,0.0,0.0,0.11650485436893204,0.7669902912621359,0.11650485436893204,0.2815533980582524,0.2815533980582524,nan,nan,0.14557267320585127,0.42337075811302827,0.0,0.20833333333333334,0.041666666666666664,0.29380015323532127,0.19551952998811356,1.7909521045213606,20,20,6.896868467330933
278,,0.23743449764800956,0.00678384278994313,0.04484595097601414,0.8,0.8,0.8,0.97265625,1.0,0.7984189723320159,0.1857707509881423,0.015810276679841896,0.4933251139095851,1.2657142857142858,1.2657142857142858,0.6,0.9573149969945715,0.20769578090304402,25.0,-0.203786336689327,0.25,0.002785468053242479,0.11857707509881422,0.5059288537549407,0.37549407114624506,0.16996047430830039,0.16996047430830039,nan,nan,0.31445723675951454,0.8247145100624242,0.015625,0.12631578947368421,0.021052631578947368,0.3015324137018975,0.09383663279885346,1.6726820850918536,20,20,15.876078605651855
279,,0.2333177305951639,0.008973758869044765,0.01480826921761036,0.95,0.95,0.95,0.9950248756218906,1.0,0.79,0.205,0.005,0.5020481473193146,0.85,0.85,0.4230769230769231,0.980427722914327,0.15116749918241423,100.0,0.06536014264714182,1.0,0.06536014264714182,0.085,0.78,0.135,0.235,0.235,nan,nan,0.17818477334341798,0.565755528114461,0.00641025641025641,0.1111111111111111,0.0,0.2933558656417339,0.14218836645931965,1.7822452796431854,20,20,7.5967116355896
280,,0.23175577513072046,0.007022902276688499,0.03696807622909546,0.65,0.65,0.65,0.921875,1.0,0.8048780487804879,0.17479674796747968,0.02032520325203252,0.5002539242896478,1.6409090909090909,1.6409090909090909,0.36363636363636365,0.9529963077527855,0.1854621863943952,0.0,-0.30496647427537144,0.0,0.0,0.11382113821138211,0.7398373983739838,0.14634146341463414,0.2073170731707317,0.2073170731707317,nan,nan,0.3861847672673401,1.0274624745084564,0.016483516483516484,0.16666666666666666,0.027777777777777776,0.32509858636048383,0.13963639996608862,1.728040410766886,20,20,12.468614339828491
281,,0.21294825744540455,0.008517930297816181,-0.0018050894141197205,0.9,0.9,0.9,0.9903846153846154,1.0,0.7729468599033816,0.2222222222222222,0.004830917874396135,0.5131365339718759,0.844,0.844,0.56,0.9453238381034164,0.21922991415519377,0.0,-0.4819236180715925,0.0,0.0,0.14492753623188406,0.391304347826087,0.463768115942029,0.2318840579710145,0.2318840579710145,nan,nan,0.17559800727990701,0.5894287120430475,0.0,0.19791666666666666,0.0,0.3033843714331818,0.08415445727798802,2.1758753153723474,20,20,7.962906122207642
282,,0.2565135260497031,0.006750355948676398,0.032775776088237764,0.9,0.9,0.9,0.9846743295019157,1.0,0.7816091954022989,0.20306513409961685,0.01532567049808429,0.49428077014163135,1.075,1.075,0.6052631578947368,0.926987014695986,0.3656622408383523,25.0,-0.06680153841348009,0.25,0.08451064500871197,0.07279693486590039,0.7011494252873564,0.2260536398467433,0.22988505747126436,0.22988505747126436,nan,nan,0.2535857214896546,0.7686056534398455,0.01639344262295082,0.0847457627118644,0.0,0.3395674114133301,-0.026094829425022253,1.885931282030657,20,20,15.13858938217163
283,,0.18980151305742904,0.021089057006381005,0.037573783099651335,1.0,1.0,1.0,1.0,1.0,0.6691729323308271,0.3082706766917293,0.022556390977443608,0.498354346336176,0.07222222222222222,0.07222222222222222,0.8888888888888888,0.9991034265476547,0.020224251669926308,33.33333333333333,-0.012415810217098852,0.3333333333333333,0.009364230204314775,0.21804511278195488,0.45112781954887216,0.3308270676691729,0.2932330827067669,0.2932330827067669,nan,nan,0.020191577645944325,0.08388051871263377,0.03333333333333333,0.3181818181818182,0.0,0.2026992121236652,0.1824749604537389,1.9532839569406273,20,20,2.2864153385162354
284,,0.23566891810106078,0.007364653690658149,0.08472944125533104,0.75,0.75,0.75,0.9924812030075187,0.75,0.8150943396226416,0.16981132075471697,0.01509433962264151,0.49936365176690745,1.5703125,1.5703125,0.5625,0.9310748693466222,0.2150317167012228,0.0,-0.2690589674262742,0.0,0.0,0.09433962264150944,0.6415094339622641,0.2641509433962264,0.1509433962264151,0.1509433962264151,nan,nan,0.3229510589440595,0.8644578561672943,0.01764705882352941,0.21428571428571427,0.0,0.33498961939096117,0.11995790268973835,1.8151997114765765,20,20,14.04552412033081
285,,0.19710057449007645,0.007580791326541402,0.04831007644534111,0.85,0.85,0.85,0.9854368932038835,0.0,0.6764705882352942,0.3235294117647059,0.0,0.49091714318268576,0.7057692307692308,0.7057692307692308,0.7307692307692307,0.9408135511901022,0.18894817010134557,0.0,0.0,0.0,0.0,0.09313725490196079,0.5049019607843137,0.4019607843137255,0.22549019607843138,0.22549019607843138,nan,nan,0.14997036118248777,0.5747966572985459,0.0,0.32926829268292684,0.0,0.2632359865457863,0.07428781644444073,1.942193160870023,20,20,7.192915201187134
286,,0.23781885401479932,0.009909118917283305,0.026095370203256606,0.95,0.95,0.95,0.995049504950495,1.0,0.736318407960199,0.23880597014925373,0.024875621890547265,0.4840097149135545,0.91875,0.91875,0.3333333333333333,0.9649027296443227,0.203898833523946,0.0,-0.14456590295966726,0.0,0.0,0.11442786069651742,0.746268656716418,0.13930348258706468,0.26865671641791045,0.26865671641791045,nan,nan,0.18107878524333143,0.5868028298982562,0.013333333333333334,0.07142857142857142,0.03571428571428571,0.32276424860334696,0.11886541507940095,1.8361038721121825,20,20,7.206050395965576
287,,0.19126843479742198,0.021252048310824664,0.029272156208753584,1.0,1.0,1.0,1.0,1.0,0.5912408759124088,0.36496350364963503,0.043795620437956206,0.5275194132907524,0.08888888888888889,0.08888888888888889,0.4444444444444444,0.9983254641175945,0.03353733052965177,33.33333333333333,-0.030866648999796395,0.3333333333333333,0.004469631675453448,0.16058394160583941,0.583941605839416,0.25547445255474455,0.38686131386861317,0.38686131386861317,nan,nan,0.018174650763338775,0.07237724300850164,0.0,0.3142857142857143,0.08571428571428572,0.21365671729751293,0.18011938676786116,2.3660952538128543,20,20,2.4408516883850098
288,,0.24422242877559966,0.010618366468504333,0.0071219053119421,1.0,1.0,1.0,1.0,1.0,0.6826923076923077,0.3125,0.004807692307692308,0.4913488494353774,0.7608695652173914,0.7608695652173914,0.6086956521739131,0.9838936421026278,0.09105849369361171,0.0,-0.23936314766731354,0.0,0.0,0.1346153846153846,0.6682692307692307,0.1971153846153846,0.3173076923076923,0.3173076923076923,nan,nan,0.14261635219197683,0.5089401364207135,0.0,0.1951219512195122,0.0,0.29186001714397886,0.20080152345036714,1.9023192258814283,20,20,6.839131116867065
289,,0.21208894774281248,0.008157267220877402,0.016402867063879965,0.9,0.9,0.9,0.9898477157360406,1.0,0.8418367346938775,0.1326530612244898,0.025510204081632654,0.4983578891851581,0.8134615384615385,0.8134615384615385,0.23076923076923078,0.9680248841051572,0.16665374986492354,20.0,-0.2072126873342064,0.2,0.11052842071620657,0.17346938775510204,0.3877551020408163,0.4387755102040816,0.22959183673469388,0.22959183673469388,nan,nan,0.1797958097632449,0.6422569232329063,0.02631578947368421,0.09302325581395349,0.023255813953488372,0.296343675041872,0.12968992517694844,2.156795370219116,20,20,6.528163433074951
290,,0.19957016610871223,0.0053937882732084386,0.07839929200708866,0.5,0.5,0.5,0.9425287356321839,0.8,0.857707509881423,0.1225296442687747,0.019762845849802372,0.49735802970323206,1.5108108108108107,1.5108108108108107,0.35135135135135137,0.8401461589553826,0.3135917074052668,40.0,-0.26196842063241466,0.4,0.05577043555235808,0.07905138339920949,0.8853754940711462,0.03557312252964427,0.16996047430830039,0.16996047430830039,nan,nan,0.37974919281917907,1.0162553526586537,0.022321428571428572,0.0,0.0,0.3383100524042649,0.024718344998998124,1.8459809594157734,20,20,13.302327394485474
291,,0.21410266480428136,0.0057865585082238205,0.1553308844566345,0.45,0.45,0.45,0.91796875,0.6666666666666666,0.8658536585365854,0.08536585365853659,0.04878048780487805,0.507843361578479,1.5027027027027027,1.5027027027027027,0.21621621621621623,0.7854984354409792,0.3671395166771124,8.333333333333332,-0.457384360255464,0.08333333333333333,0.015251232722992308,0.08943089430894309,0.8211382113821138,0.08943089430894309,0.13414634146341464,0.13414634146341464,nan,nan,0.40961383635392645,0.9232042901054351,0.04950495049504951,0.0,0.0,0.39711974256199545,0.029980225884883055,1.8662262830324174,20,20,26.343090534210205
292,,0.22315771553546046,0.009702509371106977,0.02456957846879959,1.0,1.0,1.0,1.0,1.0,0.42328042328042326,0.5714285714285714,0.005291005291005291,0.5156135055256764,0.4891304347826087,0.4891304347826087,3.130434782608696,0.9656048037108601,0.15633966507906477,0.0,-0.20368223828450552,0.0,0.0,0.12698412698412698,0.30158730158730157,0.5714285714285714,0.19047619047619047,0.19047619047619047,nan,nan,0.1169094457290441,0.5316726025606476,0.0,0.6203703703703703,0.009259259259259259,0.320972382559419,0.16463271748035424,2.58511615062247,20,20,6.549770832061768
293,,0.19130847095835893,0.02125649677315099,0.016558252088725568,1.0,1.0,1.0,1.0,0.0,0.640625,0.359375,0.0,0.5126363622645537,0.09444444444444444,0.09444444444444444,1.4444444444444444,0.9982171919502778,0.03209924115579382,0.0,0.0,0.0,0.0,0.1953125,0.28125,0.5234375,0.28125,0.28125,nan,nan,0.028500984648164262,0.1320794008263592,0.0,0.31343283582089554,0.0,0.20937279903462136,0.17727355787882754,1.9369268645621465,20,20,2.050553321838379
294,,0.22140585858264505,0.008856234343305801,0.05820741876959801,0.9,0.9,0.9,0.9950980392156863,1.0,0.7058823529411765,0.28921568627450983,0.004901960784313725,0.5123298790901899,0.776,0.776,0.84,0.9450645651239503,0.22204910618562104,0.0,-0.5240778256893026,0.0,0.0,0.13725490196078433,0.5245098039215687,0.3382352941176471,0.23529411764705882,0.23529411764705882,nan,nan,0.16661160411408807,0.5852664387798792,0.009345794392523364,0.15942028985507245,0.0,0.3085585537749306,0.08650944758930953,1.9960909852178346,20,20,7.461519479751587
295,,0.23001991193548554,0.010953329139785025,-0.03441696837544441,1.0,1.0,1.0,1.0,0.0,0.5606060606060606,0.4393939393939394,0.0,0.5172446444098439,0.611904761904762,0.611904761904762,1.5714285714285714,0.9821631825626461,0.10821781473529685,0.0,0.0,0.0,0.0,0.13131313131313133,0.4444444444444444,0.42424242424242425,0.30303030303030304,0.30303030303030304,nan,nan,0.11163880226167075,0.43311192084719136,0.0,0.2976190476190476,0.0,0.2977968365509759,0.18957902181567904,2.200812575805397,20,20,6.41843581199646
296,,0.23100331122240347,0.009625137967600145,0.009607653319835662,0.95,0.95,0.95,0.9948717948717949,0.0,0.8505154639175257,0.14948453608247422,0.0,0.5089762059447821,0.9291666666666667,0.9291666666666667,0.4166666666666667,0.9761557134072619,0.16327490518258386,0.0,0.0,0.0,0.0,0.09278350515463918,0.8041237113402062,0.10309278350515463,0.21649484536082475,0.21649484536082475,nan,nan,0.18082844448732535,0.5793867494336743,0.0,0.05,0.0,0.2977512767824566,0.13447637159987275,1.9049519722604529,20,20,6.1467485427856445
297,,0.19048958787545203,0.021165509763939116,0.002794346772134304,1.0,1.0,1.0,1.0,0.0,0.8602941176470589,0.13970588235294118,0.0,0.4848527929642134,0.07222222222222222,0.07222222222222222,0.0,0.9987241491352334,0.022404085229248805,0.0,0.0,0.0,0.0,0.2426470588235294,0.36764705882352944,0.3897058823529412,0.3088235294117647,0.3088235294117647,nan,nan,0.018525303787348707,0.07184935262358763,0.0,0.07547169811320754,0.0,0.2028620806414548,0.180457995412206,1.620218517740906,20,20,2.4383509159088135
298,,0.24493612546995577,0.009071708350739102,0.033474837243556974,0.85,0.85,0.85,0.9651741293532339,1.0,0.7766497461928934,0.2131979695431472,0.01015228426395939,0.5176617479848641,0.9777777777777777,0.9777777777777777,0.2962962962962963,0.9599097150354293,0.1906331236764355,0.0,-0.09426124020079756,0.0,0.0,0.1116751269035533,0.7766497461928934,0.1116751269035533,0.233502538071066,0.233502538071066,nan,nan,0.2280499151428782,0.7302261680819273,0.006535947712418301,0.13636363636363635,0.0,0.33384551614828123,0.14321239247184572,2.0977713493334886,20,20,8.441559553146362
299,,0.223956770862028,0.007998456102215286,0.04550528228282928,0.9,0.9,0.9,0.9904761904761905,1.0,0.7416267942583732,0.24401913875598086,0.014354066985645933,0.5106499221683147,0.7482142857142857,0.7482142857142857,0.5,0.9424101008130947,0.21959080060232083,0.0,-0.23942784719626387,0.0,0.0,0.10047846889952153,0.3062200956937799,0.5933014354066986,0.19138755980861244,0.19138755980861244,nan,nan,0.1889369083146286,0.6206469351216267,0.0,0.1693548387096774,0.024193548387096774,0.31009693346759526,0.09050613286527442,2.2972705338513784,20,20,10.267634868621826
300,,0.22469290218814075,0.009769256616875685,-0.01551314927637577,1.0,1.0,1.0,1.0,0.0,0.2916666666666667,0.7083333333333334,0.0,0.5240578455384821,0.29347826086956524,0.29347826086956524,7.260869565217392,0.9825767272347595,0.12069315202649383,0.0,0.0,0.0,0.0,0.09895833333333333,0.21354166666666666,0.6875,0.14583333333333334,0.14583333333333334,nan,nan,0.14876139625564563,0.3758065594471371,0.0,0.7803030303030303,0.0,0.3031745566215848,0.182481404595091,2.0836769164290394,20,20,6.849140644073486
301,,0.1905036551118082,0.02116707279020091,0.040330616757273674,1.0,1.0,1.0,1.0,0.0,0.3798449612403101,0.6201550387596899,0.0,0.5004658539262082,0.05555555555555555,0.05555555555555555,1.2222222222222223,0.999148728667768,0.021937721442386288,0.0,0.0,0.0,0.0,0.20155038759689922,0.4728682170542636,0.32558139534883723,0.32558139534883723,0.32558139534883723,nan,nan,0.023690858396046295,0.10713275512411818,0.0,0.7619047619047619,0.0,0.20133385171964546,0.17939613027725917,2.1902869851445375,20,20,2.4430902004241943
302,,0.18519703731843634,0.02057744859093737,-0.005137390270829201,1.0,1.0,1.0,1.0,0.0,0.8623188405797102,0.13768115942028986,0.0,0.5113138884719876,0.016666666666666666,0.016666666666666666,0.8888888888888888,0.9988699605166887,0.02270859255672919,0.0,0.0,0.0,0.0,0.1956521739130435,0.13043478260869565,0.6739130434782609,0.21014492753623187,0.21014492753623187,nan,nan,0.01844819381201522,0.047258854568323905,0.0,0.13978494623655913,0.0,0.1958509805524317,0.1731423879957025,2.108042673288709,20,20,3.2047181129455566
303,,0.16345525575383113,0.005272750185607456,0.12350932955741882,0.5,0.5,0.5,0.8840579710144928,0.5714285714285714,0.8298969072164949,0.0979381443298969,0.07216494845360824,0.517947724275291,0.832258064516129,0.832258064516129,0.4838709677419355,0.6802552797844791,0.3773636568770171,0.0,-1.2789219502316593,0.0,0.0,0.1134020618556701,0.7216494845360825,0.16494845360824742,0.14432989690721648,0.14432989690721648,nan,nan,0.3184944658224944,0.780579349548656,0.06428571428571428,0.0,0.03125,0.3241198915607213,-0.053243765316295814,1.8055273082428533,20,20,16.234278917312622
304,,0.23047770945332793,0.008864527286666458,-0.00029935315251350403,0.95,0.95,0.95,0.9953271028037384,1.0,0.7370892018779343,0.24882629107981222,0.014084507042253521,0.526666373687868,0.6826923076923077,0.6826923076923077,0.7307692307692307,0.9858775334536607,0.09458643944761164,33.33333333333333,-0.10403263082901117,0.3333333333333333,0.04814591366601166,0.107981220657277,0.7417840375586855,0.15023474178403756,0.27699530516431925,0.27699530516431925,nan,nan,0.13964361236257486,0.5659423075299959,0.0,0.0625,0.03125,0.2819953192523956,0.187408879804784,1.982061036191713,20,20,10.115378141403198
305,,0.1997515191255019,0.007990060765020075,-0.02129872851073742,0.95,0.95,0.95,0.9951456310679612,1.0,0.3073170731707317,0.6829268292682927,0.00975609756097561,0.5296128742322326,0.252,0.252,4.6,0.9878220195790368,0.11439368105916936,0.0,-0.04619958215728149,0.0,0.0,0.18536585365853658,0.3073170731707317,0.5073170731707317,0.3170731707317073,0.3170731707317073,nan,nan,0.0714338311372474,0.3280410715179317,0.0,0.6442307692307693,0.019230769230769232,0.24223669893232716,0.1278430178731578,2.7101531151021376,20,20,6.314203500747681
306,,0.20888761127553707,0.010994084803975636,0.0027390655130147936,1.0,1.0,1.0,1.0,0.0,0.2562814070351759,0.7437185929648241,0.0,0.5123906346332086,0.25,0.25,6.105263157894737,0.9905901489759379,0.09206109011722019,0.0,0.0,0.0,0.0,0.20100502512562815,0.22613065326633167,0.5728643216080402,0.271356783919598,0.271356783919598,nan,nan,0.0748211798744842,0.2993120625915863,0.0,0.7017543859649122,0.0,0.25490987498451606,0.16284878486729587,2.9020860874052,20,20,5.744446039199829
307,,0.23721677290453333,0.009884032204355556,0.04071138650178909,0.95,0.95,0.95,0.9846938775510204,0.0,0.5846153846153846,0.4153846153846154,0.0,0.5453788827173411,0.8583333333333333,0.8583333333333333,2.125,0.9599341644712849,0.1927032295306661,0.0,0.0,0.0,0.0,0.13846153846153847,0.3282051282051282,0.5333333333333333,0.2153846153846154,0.2153846153846154,nan,nan,0.20897941018906444,0.8307306038939354,0.0,0.4423076923076923,0.0,0.3771398150519075,0.18443658552124143,1.7247424615775404,20,20,7.8966357707977295
308,,0.18737421393635528,0.017034019448759572,-0.006242815405130386,1.0,1.0,1.0,1.0,1.0,0.31851851851851853,0.674074074074074,0.007407407407407408,0.5295796545222402,0.05454545454545454,0.05454545454545454,2.0,0.9989404309775565,0.023053125074974784,100.0,0.002845691012323154,1.0,0.002845691012323154,0.16296296296296298,0.1037037037037037,0.7333333333333333,0.11851851851851852,0.11851851851851852,nan,nan,0.0443683152892861,0.18162223647067074,0.0,0.6464646464646465,0.010101010101010102,0.19791489991356812,0.17486177483859333,3.335917289055087,20,20,3.2443645000457764
309,,0.23421905794854544,0.01115328847374026,0.03691353425383568,1.0,1.0,1.0,1.0,1.0,0.6763285024154589,0.3188405797101449,0.004830917874396135,0.5313053412850769,0.8023809523809524,0.8023809523809524,1.1428571428571428,0.9774735660884122,0.12000002711973429,100.0,0.06981138287686783,1.0,0.06981138287686783,0.13526570048309178,0.5024154589371981,0.36231884057971014,0.178743961352657,0.178743961352657,nan,nan,0.15238285116650838,0.4819976741119115,0.0,0.3466666666666667,0.013333333333333334,0.31434659022321537,0.19434656310348108,1.9390591579609422,20,20,6.926291227340698
310,,0.1873371836298699,0.0208152426255411,0.0442395281046629,1.0,1.0,1.0,1.0,1.0,0.7461538461538462,0.23846153846153847,0.015384615384615385,0.5030737830532922,0.07222222222222222,0.07222222222222222,1.0,0.9988223889577252,0.0212200203838582,0.0,-0.03870925853097347,0.0,0.0,0.16153846153846155,0.4846153846153846,0.35384615384615387,0.27692307692307694,0.27692307692307694,nan,nan,0.017486427518866993,0.06910597149053145,0.015873015873015872,0.15217391304347827,0.0,0.1979720820204023,0.1767520616365441,1.9313445644609382,20,20,2.0003933906555176
311,,0.2313817461322612,0.00661090703235032,0.01633697245270014,0.8,0.8,0.8,0.9613899613899614,0.0,0.7913385826771654,0.20866141732283464,0.0,0.5312275556022568,1.22,1.22,0.7714285714285715,0.9415330029455734,0.2230001464164978,0.0,0.0,0.0,0.0,0.1141732283464567,0.5866141732283464,0.2992125984251969,0.20078740157480315,0.20078740157480315,nan,nan,0.29353074067391566,0.8080897792000821,0.0,0.17105263157894737,0.0,0.3334687740780552,0.1104686276615574,1.7674933670079391,20,20,11.950421333312988
312,,0.22535567053824768,0.008346506316231395,0.04271304532885552,0.85,0.85,0.85,0.9902439024390244,1.0,0.8817733990147784,0.11330049261083744,0.0049261083743842365,0.5249502298180704,1.0944444444444446,1.0944444444444446,0.14814814814814814,0.9320228643826217,0.21924244651284275,0.0,-0.2825218745578725,0.0,0.0,0.07389162561576355,0.8325123152709359,0.09359605911330049,0.16748768472906403,0.16748768472906403,nan,nan,0.24327096305670487,0.7012411566872069,0.005917159763313609,0.10526315789473684,0.0,0.2977262639558286,0.07848381744298584,1.5743183237571803,20,20,7.703392267227173
313,,0.22933247050699548,0.008493795203962796,0.006432067230343818,0.95,0.95,0.95,1.0,1.0,0.785,0.21,0.005,0.5080067747772706,0.7314814814814815,0.7314814814814815,0.5925925925925926,0.9707631251510106,0.17228378230659994,0.0,-0.02378579280993323,0.0,0.0,0.12,0.765,0.115,0.295,0.295,nan,nan,0.157947839933569,0.5218635680030456,0.0,0.08695652173913043,0.043478260869565216,0.27819437204897257,0.10591058974237264,1.8083755136714479,20,20,6.362788915634155
314,,0.18934008669271726,0.02103778741030192,0.04049543216824532,1.0,1.0,1.0,1.0,1.0,0.549618320610687,0.4351145038167939,0.015267175572519083,0.5084237442455358,0.09444444444444444,0.09444444444444444,0.6666666666666666,0.9984718086216534,0.03140784780605388,0.0,-0.025418076511346956,0.0,0.0,0.17557251908396945,0.3893129770992366,0.4351145038167939,0.26717557251908397,0.26717557251908397,nan,nan,0.03301716399807145,0.1522192606490085,0.0196078431372549,0.42105263157894735,0.017543859649122806,0.20355425198423702,0.17214640417818314,2.311450244641429,20,20,2.3919122219085693
315,,0.2241028718327472,0.00861934122433643,0.02931579351425171,0.95,0.95,0.95,0.9948717948717949,1.0,0.6907216494845361,0.27319587628865977,0.03608247422680412,0.5048553348948749,0.7384615384615385,0.7384615384615385,0.4230769230769231,0.9303011942887259,0.3137008326400105,14.285714285714285,-0.301747087082303,0.14285714285714285,0.11076846935621071,0.15979381443298968,0.4175257731958763,0.422680412371134,0.25773195876288657,0.25773195876288657,nan,nan,0.1769518308409308,0.6259657145839452,0.024691358024691357,0.18292682926829268,0.036585365853658534,0.31919229310763053,0.005491460467620057,2.123518842468436,20,20,6.6933393478393555
316,,0.24041280343843116,0.009246646286093506,0.02760837972164154,0.9,0.9,0.9,0.9902912621359223,1.0,0.8048780487804879,0.18536585365853658,0.00975609756097561,0.5094951529414035,0.9076923076923077,0.9076923076923077,0.2692307692307692,0.9621844349441986,0.20989207574366858,0.0,-0.0931839183834506,0.0,0.0,0.13658536585365855,0.5804878048780487,0.28292682926829266,0.23414634146341465,0.23414634146341465,nan,nan,0.20457408872938732,0.5917486030488447,0.008403361344537815,0.017241379310344827,0.0,0.3297738952989181,0.11988181955524951,1.745795764927939,20,20,7.454237699508667
317,,0.24036976229656135,0.010925898286207334,-0.009337662532925606,1.0,1.0,1.0,1.0,1.0,0.7777777777777778,0.21739130434782608,0.004830917874396135,0.5001169327477163,0.9295454545454546,0.9295454545454546,0.6818181818181818,0.978784886117101,0.1297596346931021,0.0,-0.4681990203864197,0.0,0.0,0.13526570048309178,0.3719806763285024,0.4927536231884058,0.24154589371980675,0.24154589371980675,nan,nan,0.17190972014760147,0.5328401138162182,0.012987012987012988,0.06862745098039216,0.0,0.31178976878529785,0.18203013409219576,2.0639423024450045,20,20,6.6190571784973145
318,,0.22757504426369227,0.005988816954307691,0.02347852997481823,0.75,0.75,0.75,0.9462809917355371,1.0,0.7033898305084746,0.2923728813559322,0.00423728813559322,0.505946273503727,1.0868421052631578,1.0868421052631578,1.368421052631579,0.915422757854438,0.33542487303189883,0.0,-0.2333926957916933,0.0,0.0,0.07627118644067797,0.6991525423728814,0.2245762711864407,0.2542372881355932,0.2542372881355932,nan,nan,0.2938162397493758,0.9169092402035881,0.0,0.3018867924528302,0.0,0.31165049932097455,-0.023774373710924293,1.6812263290323062,20,20,13.638621807098389
319,,0.2058771300657226,0.00762507889132306,0.014615708217024802,0.95,0.95,0.95,0.9951690821256038,0.0,0.3285024154589372,0.6714975845410628,0.0,0.5126118365951159,0.32222222222222224,0.32222222222222224,3.925925925925926,0.931886788418003,0.2726505194549844,0.0,0.0,0.0,0.0,0.14492753623188406,0.48792270531400966,0.3671497584541063,0.34299516908212563,0.34299516908212563,nan,nan,0.0832255423277423,0.35513666318757453,0.0,0.6842105263157895,0.0,0.24879803850066695,-0.023852480954317454,2.3602576318836603,20,20,7.437497615814209
320,,0.17745646102551335,0.00806620277388697,-0.003047341853380203,0.95,0.95,0.95,0.9924242424242424,0.0,0.4696969696969697,0.5303030303030303,0.0,0.47883758697743445,0.01818181818181818,0.01818181818181818,0.5454545454545454,0.9031934668950173,0.279109722233824,0.0,0.0,0.0,0.0,0.17424242424242425,0.4696969696969697,0.3560606060606061,0.38636363636363635,0.38636363636363635,nan,nan,0.02070369777404257,0.11608882865051583,0.0,0.46808510638297873,0.0,0.20417481083652742,-0.07493491139729663,2.0950074949606297,20,20,3.364128589630127
321,,0.19077334953826078,0.02119703883758453,0.0018176205456256866,1.0,1.0,1.0,1.0,0.0,0.7686567164179104,0.23134328358208955,0.0,0.49704791154298517,0.03333333333333333,0.03333333333333333,1.1111111111111112,0.9985660531215292,0.02661129232683604,0.0,0.0,0.0,0.0,0.1865671641791045,0.2462686567164179,0.5671641791044776,0.20149253731343283,0.20149253731343283,nan,nan,0.025713969759737356,0.06519994889369646,0.0,0.19736842105263158,0.0,0.2053998176083035,0.17878852528146746,2.1204729325675467,20,20,3.190325975418091
322,,0.18921831017246904,0.018921831017246905,-0.005796063877642155,1.0,1.0,1.0,1.0,1.0,0.5864661654135338,0.37593984962406013,0.03759398496240601,0.4838311442360282,0.09,0.09,1.4,0.9986846025881505,0.028954102940079912,20.0,-0.025816207527143243,0.2,0.00023334968744072315,0.18045112781954886,0.38345864661654133,0.43609022556390975,0.24812030075187969,0.24812030075187969,nan,nan,0.028687330585033834,0.1068431298266317,0.0196078431372549,0.3620689655172414,0.034482758620689655,0.20758989551346746,0.17863579257338755,2.257161574688812,20,20,2.6235573291778564
323,,0.23977065630602132,0.009990444012750888,0.006750641018152237,0.95,0.95,0.95,0.9901960784313726,1.0,0.7881773399014779,0.2019704433497537,0.009852216748768473,0.4879640625828567,1.0666666666666667,1.0666666666666667,0.875,0.9645384994861465,0.2251522759013847,50.0,-0.0319832614702143,0.5,0.051830803715231216,0.10344827586206896,0.7241379310344828,0.1724137931034483,0.1921182266009852,0.1921182266009852,nan,nan,0.21891333349705486,0.6114282908182881,0.0,0.08571428571428572,0.02857142857142857,0.3175194585608515,0.09236718265946682,1.9690947472586642,20,20,8.270482540130615
324,,0.21203531629474642,0.00588986989707629,0.06193068027496338,0.45,0.45,0.45,0.9027237354085603,0.0,0.8729508196721312,0.12704918032786885,0.0,0.4949986383163681,1.7472222222222222,1.7472222222222222,0.4444444444444444,0.8886080881479941,0.24004669902838355,0.0,0.0,0.0,0.0,0.11065573770491803,0.5286885245901639,0.36065573770491804,0.13524590163934427,0.13524590163934427,nan,nan,0.475383723447312,1.1415488011718862,0.0,0.10227272727272728,0.0,0.34988123751764044,0.10983453848925691,1.6842539387165936,20,20,13.060688972473145
325,,0.18941554112795475,0.021046171236439416,0.0947504036128521,1.0,1.0,1.0,1.0,0.0,0.6428571428571429,0.35714285714285715,0.0,0.5089085624863704,0.05555555555555555,0.05555555555555555,0.5555555555555556,0.9991875785307199,0.0199919883890097,0.0,0.0,0.0,0.0,0.17142857142857143,0.29285714285714287,0.5357142857142857,0.19285714285714287,0.19285714285714287,nan,nan,0.022444715722561525,0.08912601986006242,0.0,0.30666666666666664,0.0,0.20036609884298925,0.18037411045397955,2.0020092164506798,20,20,2.67486572265625
326,,0.19038037223048426,0.02115337469227603,-0.008631220273673534,1.0,1.0,1.0,1.0,1.0,0.8125,0.171875,0.015625,0.49857257596320576,0.09444444444444444,0.09444444444444444,1.2222222222222223,0.9987486378405377,0.02522102423818695,0.0,-0.00924021893741315,0.0,0.0,0.2578125,0.125,0.6171875,0.2578125,0.2578125,nan,nan,0.028584507132392828,0.09038893550822491,0.0,0.17721518987341772,0.02531645569620253,0.20101251931148506,0.1757914950732981,1.9107089759563576,20,20,2.294243097305298
327,,0.2640945399412854,0.010157482305434054,0.05965502485632897,1.0,1.0,1.0,1.0,0.0,0.7868020304568528,0.2131979695431472,0.0,0.49090009407999996,1.0076923076923077,1.0076923076923077,0.8461538461538461,0.9828966346977553,0.15614148172069003,0.0,0.0,0.0,0.0,0.10152284263959391,0.8527918781725888,0.04568527918781726,0.233502538071066,0.233502538071066,nan,nan,0.22835908314991696,0.6398060820340093,0.0,0.0,0.0,0.3493246842403486,0.1931832025196586,1.784672079035427,20,20,7.595242738723755
328,,0.2343485101645832,0.009764521256857632,-0.0303131315857172,1.0,1.0,1.0,1.0,1.0,0.6130653266331658,0.38190954773869346,0.005025125628140704,0.5004888214248543,0.7041666666666667,0.7041666666666667,1.0416666666666667,0.9852221200973039,0.10220384980045993,0.0,-0.0021505898732248896,0.0,0.0,0.10050251256281408,0.48743718592964824,0.4120603015075377,0.27638190954773867,0.27638190954773867,nan,nan,0.15528343891463287,0.5488409657200108,0.0,0.3170731707317073,0.012195121951219513,0.28348489060285365,0.1812810408023937,1.972083924814732,20,20,6.891111850738525
329,,0.23007143548092535,0.009202857419237013,0.05831586085259914,0.9,0.9,0.9,0.985,1.0,0.6717171717171717,0.32323232323232326,0.005050505050505051,0.5080793180130422,0.804,0.804,1.32,0.981604496143341,0.14790735328948065,0.0,-0.2558866033273264,0.0,0.0,0.16161616161616163,0.5,0.3383838383838384,0.23737373737373738,0.23737373737373738,nan,nan,0.18951393781980455,0.5699428834109903,0.0,0.208955223880597,0.0,0.2924479847060776,0.14454063141659693,1.7956979881397133,20,20,6.386934041976929
330,,0.23266464731589373,0.010115854231125815,-0.018407870829105378,1.0,1.0,1.0,1.0,1.0,0.6102564102564103,0.38461538461538464,0.005128205128205128,0.5292040800594765,0.6521739130434783,0.6521739130434783,1.5217391304347827,0.9878377727791081,0.10856692541094237,0.0,-0.18575476581285516,0.0,0.0,0.14358974358974358,0.517948717948718,0.3384615384615385,0.24615384615384617,0.24615384615384617,nan,nan,0.13940961454937942,0.4667526849000776,0.0,0.3333333333333333,0.0,0.30132536263253284,0.19275843722159047,2.1089290251364035,20,20,6.475342750549316
331,,0.18869981002337832,0.020966645558153148,-0.00012487471103668214,1.0,1.0,1.0,1.0,1.0,0.7153846153846154,0.2692307692307692,0.015384615384615385,0.5062660967931152,0.06111111111111111,0.06111111111111111,1.1111111111111112,0.9990134466004215,0.024589835751404082,0.0,-0.02455421565779366,0.0,0.0,0.17692307692307693,0.34615384615384615,0.47692307692307695,0.2153846153846154,0.2153846153846154,nan,nan,0.025582896250720587,0.09289408948186591,0.0,0.25806451612903225,0.016129032258064516,0.2019433057338166,0.17735346998241253,2.1573113163085145,20,20,2.1571054458618164
332,,0.21127201157992673,0.007824889317775065,0.017727525159716605,0.9,0.9,0.9,0.9950980392156863,1.0,0.7352941176470589,0.25,0.014705882352941176,0.5141369564320755,0.6611111111111111,0.6611111111111111,0.5555555555555556,0.9441632780585978,0.2197576848388671,0.0,-0.18850125177460908,0.0,0.0,0.14705882352941177,0.5343137254901961,0.31862745098039214,0.2647058823529412,0.2647058823529412,nan,nan,0.1486695083497839,0.5154793608939088,0.01834862385321101,0.12307692307692308,0.0,0.282916173477874,0.06315848863900692,1.9586004445392,20,20,6.820558071136475
333,,0.19105127189199372,0.01910512718919937,0.010929184965789318,1.0,1.0,1.0,1.0,0.0,0.6451612903225806,0.3548387096774194,0.0,0.5211547943204642,0.05,0.05,1.0,0.9989845451872748,0.02295644014692791,0.0,0.0,0.0,0.0,0.18548387096774194,0.4435483870967742,0.3709677419354839,0.24193548387096775,0.24193548387096775,nan,nan,0.029610151488694517,0.1600766309669649,0.0,0.2826086956521739,0.0,0.20348040853413832,0.1805239683872104,2.4578593003623856,20,20,2.3182168006896973
334,,0.1931077693433045,0.01931077693433045,-0.026558588445186614,1.0,1.0,1.0,1.0,1.0,0.7950819672131147,0.1885245901639344,0.01639344262295082,0.5173768055438995,0.105,0.105,1.2,0.9992306519086299,0.018624680496751284,50.0,0.010883931320132448,0.5,0.023285745000145894,0.20491803278688525,0.5081967213114754,0.28688524590163933,0.2786885245901639,0.2786885245901639,nan,nan,0.025759402182969973,0.09500899501120547,0.016129032258064516,0.14285714285714285,0.02857142857142857,0.20275883673929004,0.18413415624253876,1.7767282266307034,20,20,2.1815662384033203
335,,0.23111926370494532,0.009244770548197813,0.022190436720848083,1.0,1.0,1.0,1.0,0.0,0.575,0.425,0.0,0.5160876776333898,0.666,0.666,2.36,0.99084579317636,0.07464619173001205,0.0,0.0,0.0,0.0,0.12,0.63,0.25,0.26,0.26,nan,nan,0.1487889716185338,0.5200967026949362,0.0,0.5,0.0,0.26778125152248755,0.1931350597924755,1.7280998703571802,20,20,7.176632404327393
336,,0.191890400415195,0.0191890400415195,-0.005470136739313602,1.0,1.0,1.0,1.0,1.0,0.8723404255319149,0.11347517730496454,0.014184397163120567,0.5058763472735882,0.12,0.12,0.8,0.9988375011630701,0.022118314035117048,50.0,-0.030721240936500083,0.5,0.008121761159566102,0.19858156028368795,0.5460992907801419,0.2553191489361702,0.2127659574468085,0.2127659574468085,nan,nan,0.027608265161887,0.08927307519883673,0.012987012987012988,0.08333333333333333,0.0,0.20349943842075607,0.18138112438563903,1.6167070993216348,20,20,3.46392822265625
337,,0.24533766436399002,0.008762059441571072,0.0027561627328395845,0.95,0.95,0.95,0.9851485148514851,0.0,0.9104477611940298,0.08955223880597014,0.0,0.4998778991135103,0.9160714285714285,0.9160714285714285,0.35714285714285715,0.9848601383749015,0.09901799588677929,0.0,0.0,0.0,0.0,0.0945273631840796,0.8258706467661692,0.07960199004975124,0.13930348258706468,0.13930348258706468,nan,nan,0.21235844510925353,0.6326473894995236,0.0,0.0625,0.0,0.2951659164862116,0.1961479205994323,1.668943954854842,20,20,6.994205474853516
338,,0.23078422028213952,0.006787771184768809,0.033677301555871966,0.7,0.7,0.7,0.946360153256705,1.0,0.9254901960784314,0.06274509803921569,0.011764705882352941,0.5143653888419709,1.486764705882353,1.486764705882353,0.20588235294117646,0.9612268574164484,0.21289232723421014,100.0,0.130976311921776,1.0,0.130976311921776,0.0784313725490196,0.8980392156862745,0.023529411764705882,0.10588235294117647,0.10588235294117647,nan,nan,0.3346262216285827,1.087344715645019,0.013100436681222707,0.16666666666666666,0.0,0.30320507242036476,0.09031274518615463,1.6694020810584285,20,20,11.643769979476929
339,,0.19277243150797763,0.019277243150797763,0.0025596212595701217,1.0,1.0,1.0,1.0,1.0,0.640625,0.3515625,0.0078125,0.501572668266017,0.095,0.095,0.9,0.9981718844377337,0.0338499084358834,0.0,-0.04255600071010507,0.0,0.0,0.1796875,0.5234375,0.296875,0.2734375,0.2734375,nan,nan,0.029708019654752758,0.12017304322542856,0.014925373134328358,0.18421052631578946,0.0,0.21080878594486394,0.17695887750898054,1.774567360170989,20,20,2.3661856651306152
340,,0.189169863775511,0.00652309875087969,0.06890997104346752,0.6,0.6,0.6,0.9402985074626866,0.0,0.7474747474747475,0.23737373737373738,0.015151515151515152,0.5214825226973485,0.9517241379310345,0.9517241379310345,0.6896551724137931,0.8760609481125063,0.25228780595114,0.0,-0.3180640249250875,0.0,0.0,0.1111111111111111,0.702020202020202,0.18686868686868688,0.20707070707070707,0.20707070707070707,nan,nan,0.2492190220036862,0.8043198355945129,0.02158273381294964,0.2702702702702703,0.0,0.2858732740549548,0.0335854681038148,1.9767626156117108,20,20,9.05061411857605
341,,0.24109319733407475,0.00964372789336299,0.06806020066142082,0.95,0.95,0.95,0.9896907216494846,1.0,0.9015544041450777,0.08808290155440414,0.010362694300518135,0.5041498933956027,0.946,0.946,0.08,0.982129280277187,0.12363192671749837,0.0,-0.5501884769770065,0.0,0.0,0.11917098445595854,0.7979274611398963,0.08290155440414508,0.18652849740932642,0.18652849740932642,nan,nan,0.20078647451140128,0.687874913180988,0.012987012987012988,0.0,0.0,0.31771371581648045,0.19408178909898208,1.5933015368442118,20,20,6.433716773986816
342,,0.25130387323125736,0.010470994717969057,0.04519269466400146,0.95,0.95,0.95,0.9952380952380953,0.0,0.8708133971291866,0.1291866028708134,0.0,0.5035360086330911,0.9916666666666667,0.9916666666666667,0.20833333333333334,0.9644966936881125,0.1772359621914912,0.0,0.0,0.0,0.0,0.11961722488038277,0.7416267942583732,0.13875598086124402,0.19138755980861244,0.19138755980861244,nan,nan,0.19640726932010302,0.5970463015207015,0.0,0.13793103448275862,0.0,0.34607310227717714,0.16883714008568593,1.6035090950509945,20,20,6.8077232837677
343,,0.24012340429539858,0.010440148012843417,0.059000472724437716,1.0,1.0,1.0,1.0,1.0,0.8743961352657005,0.11594202898550725,0.00966183574879227,0.5035425573911356,0.8847826086956522,0.8847826086956522,0.34782608695652173,0.9694184725419209,0.14964417803333913,0.0,-0.15883054445015726,0.0,0.0,0.20772946859903382,0.21256038647342995,0.5797101449275363,0.2318840579710145,0.2318840579710145,nan,nan,0.17989084144017928,0.5253124188211806,0.0,0.075,0.008333333333333333,0.3324003338029199,0.18275615576958076,1.9188141046903453,20,20,7.238175868988037
344,,0.1911894747768254,0.01911894747768254,-0.012047711387276649,1.0,1.0,1.0,1.0,0.0,0.8604651162790697,0.13953488372093023,0.0,0.4997970352135599,0.09,0.09,0.5,0.9987377760596141,0.03005340612441118,0.0,0.0,0.0,0.0,0.20155038759689922,0.4806201550387597,0.3178294573643411,0.2558139534883721,0.2558139534883721,nan,nan,0.02429920852937017,0.07927520423573584,0.0,0.12195121951219512,0.0,0.2100969999921592,0.18004359386774801,1.6150552149795556,20,20,2.193350076675415
345,,0.23140691864240004,0.010061170375756523,-0.03718918301165104,1.0,1.0,1.0,1.0,1.0,0.7172774869109948,0.2774869109947644,0.005235602094240838,0.5170011267470924,0.6717391304347826,0.6717391304347826,0.8695652173913043,0.9864334624736546,0.08554923525359504,100.0,0.02562706626319511,1.0,0.02562706626319511,0.17277486910994763,0.25654450261780104,0.5706806282722513,0.1518324607329843,0.1518324607329843,nan,nan,0.15610660150414649,0.4595106194268419,0.0,0.1834862385321101,0.009174311926605505,0.27412069378973675,0.1885714585361417,2.105929441282218,20,20,6.527717113494873
346,,0.21471025023973764,0.007952231490360654,0.04235984049737453,0.85,0.85,0.85,0.9644670050761421,1.0,0.772020725388601,0.20725388601036268,0.02072538860103627,0.5020248840416403,0.9074074074074074,0.9074074074074074,0.5925925925925926,0.9444426718367505,0.21510707194629702,25.0,-0.07878373462473243,0.25,0.0027482275692417013,0.10362694300518134,0.7202072538860104,0.17616580310880828,0.20725388601036268,0.20725388601036268,nan,nan,0.21575289196649325,0.6788796875042427,0.0,0.058823529411764705,0.029411764705882353,0.28473471902269415,0.06962764707639713,1.5506252107893823,20,20,7.695580720901489
347,,0.2306107038161471,0.010482304718915777,-0.030937038362026215,1.0,1.0,1.0,1.0,1.0,0.47572815533980584,0.5048543689320388,0.019417475728155338,0.5053746765585277,0.5818181818181818,0.5818181818181818,4.090909090909091,0.986628315831375,0.110736549365586,50.0,-0.012784887931870846,0.5,0.014437677231835186,0.12135922330097088,0.33980582524271846,0.5388349514563107,0.16990291262135923,0.16990291262135923,nan,nan,0.1620654571505692,0.5227587257317009,0.0,0.5765765765765766,0.02702702702702703,0.2863186988672711,0.17558214950168513,1.8177951836539292,20,20,7.776442289352417
348,,0.17979328051114205,0.006659010389301557,0.07114677652716636,0.75,0.75,0.75,0.8756756756756757,0.7777777777777778,0.6127167630057804,0.3352601156069364,0.05202312138728324,0.4939728005728857,0.5018518518518519,0.5018518518518519,0.8148148148148148,0.7434485465043371,0.3847361264504907,0.0,-2.598823512214233,0.0,0.0,0.15028901734104047,0.5144508670520231,0.3352601156069364,0.2254335260115607,0.2254335260115607,nan,nan,0.27180454498113793,0.6451583276962963,0.06741573033707865,0.3793103448275862,0.017241379310344827,0.31706514226439375,-0.06767098418609699,2.083907728993701,20,20,8.317392587661743
349,,0.23419458758162243,0.006505405210600623,0.08512538969516754,0.7,0.7,0.7,0.951417004048583,1.0,0.7344398340248963,0.26141078838174275,0.004149377593360996,0.5044882288823526,1.3305555555555555,1.3305555555555555,0.6388888888888888,0.8762533640740233,0.33426625076636096,0.0,-0.6057782678366129,0.0,0.0,0.12448132780082988,0.5726141078838174,0.3029045643153527,0.1991701244813278,0.1991701244813278,nan,nan,0.3620585399836756,0.966506848238378,0.0,0.2465753424657534,0.0,0.3237933971596156,-0.01047285360674538,1.8012699382151511,20,20,13.913440465927124
350,,0.19552885377018211,0.0217254281966869,0.010752188041806221,1.0,1.0,1.0,1.0,0.0,0.7121212121212122,0.2878787878787879,0.0,0.5121233892109659,0.07777777777777778,0.07777777777777778,0.8888888888888888,0.998032648235068,0.038330984033336374,0.0,0.0,0.0,0.0,0.1893939393939394,0.5227272727272727,0.2878787878787879,0.32575757575757575,0.32575757575757575,nan,nan,0.024556295172292866,0.10534743514017439,0.0,0.10526315789473684,0.0,0.2190389236552931,0.18070793962195672,2.109592589482357,20,20,2.1044559478759766
351,,0.21609391318395432,0.00900391304933143,0.03748919740319252,0.9,0.9,0.9,0.9901960784313726,1.0,0.5763546798029556,0.4187192118226601,0.0049261083743842365,0.5038669625374799,0.65,0.65,2.4583333333333335,0.9526688090587989,0.21234067889665953,0.0,-0.3424745556146086,0.0,0.0,0.12807881773399016,0.46798029556650245,0.4039408866995074,0.22660098522167488,0.22660098522167488,nan,nan,0.14196874541029086,0.5940914218121685,0.010526315789473684,0.45121951219512196,0.0,0.30809863840924534,0.09575795951258582,2.3612899543606725,20,20,7.364740371704102
352,,0.19380149668873758,0.024225187086092198,0.009105664305388927,1.0,1.0,1.0,1.0,1.0,0.7338709677419355,0.25806451612903225,0.008064516129032258,0.5033853195607663,0.075,0.075,0.5,0.9987551503101088,0.024454960038985063,100.0,0.006559721124361095,1.0,0.006559721124361095,0.22580645161290322,0.4274193548387097,0.3467741935483871,0.27419354838709675,0.27419354838709675,nan,nan,0.026466531006849935,0.0935762582600339,0.018867924528301886,0.23255813953488372,0.0,0.20725256581263932,0.18279760577365425,2.062566516780197,20,20,1.894486904144287
353,,0.2592090578894341,0.010368362315577364,0.09765055775642395,1.0,1.0,1.0,1.0,1.0,0.7451923076923077,0.25,0.004807692307692308,0.505462010782212,0.962,0.962,0.44,0.9733952296425636,0.1478176793650829,0.0,-0.1896460466760002,0.0,0.0,0.08653846153846154,0.7403846153846154,0.17307692307692307,0.25,0.25,nan,nan,0.2014794285476166,0.6587802434310365,0.0,0.19444444444444445,0.0,0.3415648020709214,0.1937471227058385,1.8794974398990199,20,20,7.506856441497803
354,,0.21846404467786665,0.009102668528244444,0.0005777880549430847,0.95,0.95,0.95,0.99,0.0,0.6262626262626263,0.37373737373737376,0.0,0.5112390988816817,0.5729166666666666,0.5729166666666666,1.9583333333333333,0.974922723253799,0.1823314040036516,0.0,0.0,0.0,0.0,0.1111111111111111,0.4494949494949495,0.4393939393939394,0.25757575757575757,0.25757575757575757,nan,nan,0.12218166259844133,0.4189388318568396,0.0,0.3333333333333333,0.0,0.29616801181476893,0.11383660781111732,2.3153997693626716,20,20,7.281093120574951
355,,0.2321533174114818,0.008598271015240065,0.02464892901480198,0.9,0.9,0.9,0.9949238578680203,0.0,0.9336734693877551,0.0663265306122449,0.0,0.5102059107515271,0.912962962962963,0.912962962962963,0.2962962962962963,0.9200315278719621,0.3005349003659826,0.0,0.0,0.0,0.0,0.07653061224489796,0.8010204081632653,0.12244897959183673,0.1326530612244898,0.1326530612244898,nan,nan,0.20189857609279083,0.5929476669619833,0.0,0.0,0.0,0.30336047281772316,0.0028255724517405323,1.9156293746948312,20,20,11.501261949539185
356,,0.18847654646175419,0.020941838495750466,0.002331772819161415,1.0,1.0,1.0,1.0,1.0,0.7480314960629921,0.23622047244094488,0.015748031496062992,0.5016603403207328,0.016666666666666666,0.016666666666666666,0.3333333333333333,0.9988144968154216,0.02197736206135914,0.0,-0.029181640651340053,0.0,0.0,0.2283464566929134,0.3228346456692913,0.44881889763779526,0.30708661417322836,0.30708661417322836,nan,nan,0.015918956258636183,0.05780270172869311,0.0,0.21052631578947367,0.017543859649122806,0.19777107124316115,0.175793709181802,2.1004131463833047,20,20,2.0703182220458984
357,,0.24167092902489248,0.010069622042703853,0.017731624469161034,0.95,0.95,0.95,0.9895833333333334,0.0,0.7789473684210526,0.22105263157894736,0.0,0.5100999090122059,0.8895833333333333,0.8895833333333333,0.3333333333333333,0.9737442714576626,0.19854187362981462,0.0,0.0,0.0,0.0,0.09473684210526316,0.8368421052631579,0.06842105263157895,0.2789473684210526,0.2789473684210526,nan,nan,0.18790629625698876,0.5691168632004346,0.0,0.07692307692307693,0.0,0.3505172743580196,0.15197540072820498,1.5801313885086896,20,20,6.610206365585327
358,,0.19887226169549363,0.007365639322055319,0.07715364545583725,0.65,0.65,0.65,0.9383886255924171,1.0,0.8155339805825242,0.10194174757281553,0.0825242718446602,0.49226867366168237,1.0814814814814815,1.0814814814814815,0.4074074074074074,0.8329230883860708,0.284882025573396,5.88235294117647,-0.2391838707393551,0.058823529411764705,0.03366546329892761,0.08737864077669903,0.8398058252427184,0.07281553398058252,0.16990291262135923,0.16990291262135923,nan,nan,0.25081582928373364,0.7713223280445909,0.06936416184971098,0.06666666666666667,0.06666666666666667,0.3003776354695802,0.015495609896184218,1.7821662416158686,20,20,15.3168044090271
359,,0.21876546892977908,0.009943884951353595,-0.01065969541668892,1.0,1.0,1.0,1.0,1.0,0.7083333333333334,0.2760416666666667,0.015625,0.49348091527565635,0.5840909090909091,0.5840909090909091,0.9090909090909091,0.98961682720192,0.07969918023594538,33.33333333333333,-0.07241504459463531,0.3333333333333333,0.0014342756120084565,0.22916666666666666,0.25,0.5208333333333334,0.20833333333333334,0.20833333333333334,nan,nan,0.12031237724139582,0.40125798089391584,0.0,0.24,0.02,0.26641422083471383,0.18671504059876845,2.248695565673471,20,20,5.463761568069458
360,,0.23268148787777967,0.008949287995299218,0.0026209838688373566,0.95,0.95,0.95,0.9899497487437185,1.0,0.7171717171717171,0.26262626262626265,0.020202020202020204,0.5192102709283622,0.9096153846153846,0.9096153846153846,0.8846153846153846,0.9505250618894798,0.255824319874232,25.0,-0.11565403354382603,0.25,0.12471679680785583,0.09090909090909091,0.51010101010101,0.398989898989899,0.21212121212121213,0.21212121212121213,nan,nan,0.20459115520633053,0.6037415226699272,0.0297029702970297,0.189873417721519,0.012658227848101266,0.3158688660000224,0.060044546125790396,1.862485610841216,20,20,7.376269578933716
361,,0.18999557080453178,0.021110618978281308,0.012212196364998817,1.0,1.0,1.0,1.0,1.0,0.6343283582089553,0.35074626865671643,0.014925373134328358,0.5138103436678648,0.027777777777777776,0.027777777777777776,0.7777777777777778,0.9984756947792767,0.023344098745888026,0.0,-0.012715218889104492,0.0,0.0,0.17164179104477612,0.47761194029850745,0.35074626865671643,0.30597014925373134,0.30597014925373134,nan,nan,0.017838832510492977,0.06704189968073233,0.015625,0.3829787234042553,0.02127659574468085,0.20259073137294759,0.17924663262705956,2.061083475128871,20,20,2.4361562728881836
362,,0.17786260815149119,0.008469648007213866,0.01992950066924095,0.95,0.95,0.95,0.9922480620155039,1.0,0.7829457364341085,0.20155038759689922,0.015503875968992248,0.517654485654618,0.02619047619047619,0.02619047619047619,0.47619047619047616,0.8937064631527092,0.29708175040377854,0.0,-0.02440783987728775,0.0,0.0,0.21705426356589147,0.4186046511627907,0.3643410852713178,0.24806201550387597,0.24806201550387597,nan,nan,0.02182432968396147,0.08726104386458744,0.018518518518518517,0.14893617021276595,0.0,0.20905519719265536,-0.08802655321112318,1.9615407344533118,20,20,3.123694896697998
363,,0.23044739773633227,0.00921789590945329,0.016751066595315934,0.95,0.95,0.95,0.995049504950495,1.0,0.8059701492537313,0.1890547263681592,0.004975124378109453,0.5074003452211618,0.808,0.808,0.56,0.9751453336126882,0.1747629417408671,0.0,-0.22642095592156372,0.0,0.0,0.10945273631840796,0.736318407960199,0.15422885572139303,0.24875621890547264,0.24875621890547264,nan,nan,0.170005479098992,0.6459932184776297,0.006756756756756757,0.0,0.0,0.28939985465132645,0.11463691291045934,1.9682316737894305,20,20,9.46487021446228
364,,0.23409929776925253,0.009003819144971252,0.03185406140983105,0.9,0.9,0.9,0.9796954314720813,1.0,0.8461538461538461,0.14871794871794872,0.005128205128205128,0.5135351323665908,0.948076923076923,0.948076923076923,0.6153846153846154,0.9472099730923444,0.2619155898219554,0.0,-0.14102122885697946,0.0,0.0,0.10256410256410256,0.7846153846153846,0.11282051282051282,0.22564102564102564,0.22564102564102564,nan,nan,0.20491214124333407,0.6389486791067454,0.006535947712418301,0.13636363636363635,0.0,0.34734658295634313,0.0854309931343877,1.7540539628678806,20,20,6.332465171813965
365,,0.26236820103706515,0.007496234315344718,0.023522525280714034,0.9,0.9,0.9,0.9884615384615385,0.0,0.9031007751937985,0.09689922480620156,0.0,0.5194369643687138,1.49,1.49,0.45714285714285713,0.9492810206900422,0.2615698738345609,0.0,0.0,0.0,0.0,0.06976744186046512,0.8527131782945736,0.07751937984496124,0.15891472868217055,0.15891472868217055,nan,nan,0.34095468118023414,0.8780318984608337,0.0,0.0,0.0,0.3690982315071446,0.10752835767258373,1.6136814298881443,20,20,17.711177825927734
366,,0.25680499367807874,0.007133472046613298,0.021106250770390033,0.8,0.8,0.8,0.9809160305343512,0.0,0.7027027027027027,0.2972972972972973,0.0,0.5258592660616462,1.261111111111111,1.261111111111111,1.2222222222222223,0.9481272524091048,0.2567711653199517,0.0,0.0,0.0,0.0,0.0694980694980695,0.7104247104247104,0.22007722007722008,0.26640926640926643,0.26640926640926643,nan,nan,0.3019183249199365,0.8841794047255238,0.0,0.2807017543859649,0.0,0.3645669491307298,0.10779578381077806,1.911021707364393,20,20,13.343991994857788
367,,0.2588150115142846,0.010783958813095192,0.015184077247977257,1.0,1.0,1.0,1.0,0.0,0.764102564102564,0.2358974358974359,0.0,0.5277994935808238,0.9729166666666667,0.9729166666666667,0.7083333333333334,0.9854296364541248,0.10865472141030696,0.0,0.0,0.0,0.0,0.08717948717948718,0.7948717948717948,0.11794871794871795,0.22564102564102564,0.22564102564102564,nan,nan,0.20000472289156299,0.602859073854996,0.0,0.13043478260869565,0.0,0.3010193345661721,0.19236461315586512,1.7752098683237494,20,20,7.172468662261963
368,,0.18703266235635008,0.02078140692848334,0.019153877533972262,1.0,1.0,1.0,1.0,0.0,0.9328358208955224,0.06716417910447761,0.0,0.5059550686428944,0.08333333333333333,0.08333333333333333,0.6666666666666666,0.9989437373651359,0.026441652947609834,0.0,0.0,0.0,0.0,0.12686567164179105,0.11194029850746269,0.7611940298507462,0.14925373134328357,0.14925373134328357,nan,nan,0.026013072221428183,0.0717066767487218,0.0,0.058823529411764705,0.0,0.1995603854870217,0.17311873253941187,1.846723042425592,20,20,4.268616437911987
369,,0.26803622659893495,0.008122309896937423,0.04600304327905178,0.95,0.95,0.95,0.996309963099631,0.0,0.8,0.2,0.0,0.5281768003760865,1.3227272727272728,1.3227272727272728,0.6666666666666666,0.9504992267330701,0.26503632477714,0.0,0.0,0.0,0.0,0.1037037037037037,0.6333333333333333,0.26296296296296295,0.22962962962962963,0.22962962962962963,nan,nan,0.27691679990947415,0.8082768099374206,0.0,0.11267605633802817,0.0,0.3575385483644685,0.0925022235873285,1.8346343767012474,20,20,12.377811908721924
370,,0.24644707629693863,0.007041345037055389,0.026179475709795952,0.8,0.8,0.8,0.9561752988047809,0.0,0.8577235772357723,0.14227642276422764,0.0,0.5520407920038062,1.47,1.47,0.4,0.9615104905591795,0.22841858082490368,0.0,0.0,0.0,0.0,0.08130081300813008,0.8861788617886179,0.032520325203252036,0.21544715447154472,0.21544715447154472,nan,nan,0.3541719253014378,0.970256456601878,0.0,0.0,0.0,0.3492281679887203,0.12080958716381664,1.6166854353829216,20,20,11.715860366821289
371,,0.22922416230706152,0.006549261780201758,0.043432145938277246,0.7,0.7,0.7,0.9622641509433962,0.0,0.95,0.05,0.0,0.5297390733872142,1.5171428571428571,1.5171428571428571,0.34285714285714286,0.8987321861037864,0.3459652225469479,0.0,0.0,0.0,0.0,0.08461538461538462,0.5346153846153846,0.38076923076923075,0.12692307692307692,0.12692307692307692,nan,nan,0.3616432362919385,0.956521801626709,0.0,0.0,0.0,0.31481825887260545,-0.031146963674342443,1.63677018555375,20,20,22.86173915863037
372,,0.24707921559949297,0.01029496731664554,0.016339223459362985,1.0,1.0,1.0,1.0,0.0,0.7990430622009569,0.20095693779904306,0.0,0.5320974588859826,0.9,0.9,0.4583333333333333,0.9818459041386416,0.12168786039489676,0.0,0.0,0.0,0.0,0.09569377990430622,0.7703349282296651,0.1339712918660287,0.24401913875598086,0.24401913875598086,nan,nan,0.17284911966259464,0.5815190397277169,0.0,0.10714285714285714,0.0,0.3140563023982289,0.19236844200333214,1.6748583502899463,20,20,7.649186611175537
373,,0.18890533177224642,0.02098948130802738,0.029859057813882827,1.0,1.0,1.0,1.0,0.0,0.6076923076923076,0.3923076923076923,0.0,0.5469800704055362,0.027777777777777776,0.027777777777777776,0.4444444444444444,0.9991974844024092,0.021679188859586307,0.0,0.0,0.0,0.0,0.16923076923076924,0.1076923076923077,0.7230769230769231,0.17692307692307693,0.17692307692307693,nan,nan,0.021936800110914402,0.05394286623255088,0.0,0.3617021276595745,0.0,0.1997845117766735,0.1781053229170872,2.0293688398844534,20,20,2.24348521232605
374,,0.19248598000834022,0.0213873311120378,-0.01642431803047657,1.0,1.0,1.0,1.0,0.0,0.8951612903225806,0.10483870967741936,0.0,0.498593818075541,0.13333333333333333,0.13333333333333333,1.0,0.9978837464784035,0.03794528963482452,0.0,0.0,0.0,0.0,0.1774193548387097,0.43548387096774194,0.3870967741935484,0.20967741935483872,0.20967741935483872,nan,nan,0.03003072974282909,0.11712924502099746,0.0,0.0625,0.0,0.21823030795913972,0.1802850183243152,1.4881089637871414,20,20,2.9192140102386475
375,,0.24243527380728253,0.0105406640785775,0.011566895991563797,1.0,1.0,1.0,1.0,0.0,0.803030303030303,0.19696969696969696,0.0,0.5298194803540474,0.9478260869565217,0.9478260869565217,0.5652173913043478,0.9852745771056041,0.10686505203920343,0.0,0.0,0.0,0.0,0.10606060606060606,0.8434343434343434,0.050505050505050504,0.26262626262626265,0.26262626262626265,nan,nan,0.17868961347241258,0.5721814262624332,0.0,0.0,0.0,0.30496385368319656,0.19809880164399313,1.6181203690188004,20,20,6.597050189971924
376,,0.18913091270036825,0.02101454585559647,0.004167144093662501,1.0,1.0,1.0,1.0,0.0,0.9772727272727273,0.022727272727272728,0.0,0.5198984293888013,0.07777777777777778,0.07777777777777778,0.8888888888888888,0.9991919701288988,0.019720867562049216,0.0,0.0,0.0,0.0,0.15151515151515152,0.10606060606060606,0.7424242424242424,0.15151515151515152,0.15151515151515152,nan,nan,0.02795768584441695,0.07204258143017422,0.0,0.01020408163265306,0.0,0.19972634335584988,0.18000547579380066,1.4844668093940583,20,20,3.821467638015747
377,,0.24613739455693684,0.010255724773205702,-0.0035563625395298006,1.0,1.0,1.0,1.0,0.0,0.8205128205128205,0.1794871794871795,0.0,0.5271523506497033,0.8416666666666667,0.8416666666666667,0.2916666666666667,0.976006714753936,0.16452433977574396,0.0,0.0,0.0,0.0,0.08205128205128205,0.8153846153846154,0.10256410256410256,0.24615384615384617,0.24615384615384617,nan,nan,0.16575241460603843,0.5615781472380073,0.0,0.05,0.0,0.3670938950942495,0.20256955531850554,1.6633889444844847,20,20,6.518967866897583
378,,0.23477965270755755,0.009029986642598367,0.021344953402876853,0.9,0.9,0.9,0.9901477832512315,0.0,0.8118811881188119,0.18811881188118812,0.0,0.5495347465997419,0.7615384615384615,0.7615384615384615,0.2692307692307692,0.9656898243430752,0.1741077969711208,0.0,0.0,0.0,0.0,0.10891089108910891,0.7128712871287128,0.1782178217821782,0.27722772277227725,0.27722772277227725,nan,nan,0.16123784285428536,0.6435295771844083,0.0,0.05555555555555555,0.0,0.32595995227731184,0.15185215530619103,1.5981806385706496,20,20,8.479707717895508
379,,0.2330325569297516,0.010592388951352345,-0.023669016547501087,1.0,1.0,1.0,1.0,0.0,0.7170731707317073,0.28292682926829266,0.0,0.5456874911250038,0.7090909090909091,0.7090909090909091,0.9090909090909091,0.9821659542030368,0.1287070409867053,0.0,0.0,0.0,0.0,0.1073170731707317,0.5560975609756098,0.33658536585365856,0.28292682926829266,0.28292682926829266,nan,nan,0.11536997384784173,0.40087002640854263,0.0,0.17391304347826086,0.0,0.3017371435728261,0.1730301025861208,1.9487994983609704,20,20,7.353621244430542
380,,0.2512721712730835,0.010050886850923339,0.03309841901063919,0.95,0.95,0.95,0.9951456310679612,0.0,0.9514563106796117,0.04854368932038835,0.0,0.5411256072372198,0.962,0.962,0.48,0.9593212412857279,0.2168339357701645,0.0,0.0,0.0,0.0,0.07766990291262135,0.7961165048543689,0.1262135922330097,0.1262135922330097,0.1262135922330097,nan,nan,0.18996017641187987,0.562101548278062,0.0,0.0,0.0,0.33485988817108875,0.11802595240092426,1.5977930988472142,20,20,13.568142652511597
381,,0.1921987584139001,0.024024844801737513,0.009745045751333236,1.0,1.0,1.0,1.0,0.0,0.7734375,0.2265625,0.0,0.5384729043114931,0.10625,0.10625,0.0,0.9983943531715369,0.03032224883046375,0.0,0.0,0.0,0.0,0.21875,0.3203125,0.4609375,0.2890625,0.2890625,nan,nan,0.021874206447592158,0.08883828433267744,0.0,0.2711864406779661,0.0,0.2087457881051153,0.17842353927465154,1.8183462282499474,20,20,2.1377525329589844
382,,0.22339637877711876,0.009308182449046616,0.044493355229496954,0.9,0.9,0.9,0.9846938775510204,0.0,0.7783505154639175,0.22164948453608246,0.0,0.5477173697901889,0.7854166666666667,0.7854166666666667,0.375,0.9567788034626098,0.209174384285857,0.0,0.0,0.0,0.0,0.14948453608247422,0.25257731958762886,0.5979381443298969,0.211340206185567,0.211340206185567,nan,nan,0.17155712194644096,0.6726388459265524,0.0,0.14655172413793102,0.0,0.31882819321360584,0.10965380892774886,1.9899537746862486,20,20,6.375470161437988
383,,0.26767429271534937,0.0072344403436580915,0.06139744110405445,0.85,0.85,0.85,0.9884169884169884,0.0,0.8365758754863813,0.16342412451361868,0.0,0.5525431986847842,1.4108108108108108,1.4108108108108108,0.40540540540540543,0.9127870575038112,0.29604470775389563,0.0,0.0,0.0,0.0,0.10505836575875487,0.7431906614785992,0.1517509727626459,0.2490272373540856,0.2490272373540856,nan,nan,0.3480227790287153,0.926698055703675,0.0,0.02564102564102564,0.0,0.3678937048591753,0.07184899710527964,1.6524191459912663,20,20,12.07102084159851
384,,0.23973042297894112,0.010896837408133688,-0.007292455807328224,1.0,1.0,1.0,1.0,0.0,0.8090452261306532,0.19095477386934673,0.0,0.551533001695167,0.9590909090909091,0.9590909090909091,0.6818181818181818,0.9775150249882446,0.1199274754428932,0.0,0.0,0.0,0.0,0.11557788944723618,0.7085427135678392,0.17587939698492464,0.25125628140703515,0.25125628140703515,nan,nan,0.17106707058630252,0.5538738532509213,0.0,0.14285714285714285,0.0,0.316010192284655,0.1960827168417618,1.7933876855809776,20,20,6.3709797859191895
385,,0.24642275720206114,0.007040650205773175,0.009972221031785012,0.85,0.85,0.85,0.9717741935483871,1.0,0.7786885245901639,0.21721311475409835,0.004098360655737705,0.5523321605646717,1.3442857142857143,1.3442857142857143,0.6,0.9534160139481566,0.20727228912951834,100.0,0.05241477714129822,1.0,0.05241477714129822,0.07377049180327869,0.7909836065573771,0.13524590163934427,0.26229508196721313,0.26229508196721313,nan,nan,0.31624843732323416,0.9409386544994461,0.0051813471502590676,0.09090909090909091,0.0,0.3365254662045953,0.12925317707507694,1.6664438887814481,20,20,11.68362545967102
386,,0.25806727585630407,0.0071685354404528905,0.011921102181077003,0.8,0.8,0.8,0.9651162790697675,0.0,0.7658730158730159,0.23412698412698413,0.0,0.5597160621235768,1.5055555555555555,1.5055555555555555,0.75,0.9611375473223451,0.21875403888624534,0.0,0.0,0.0,0.0,0.05555555555555555,0.9007936507936508,0.04365079365079365,0.2777777777777778,0.2777777777777778,nan,nan,0.36667462121981215,1.013143534119,0.0,0.2727272727272727,0.0,0.3581423414569009,0.13938830257065554,1.6438059213438423,20,20,13.468635320663452
387,,0.2500607125225165,0.006758397635743689,0.038324512913823126,0.8,0.8,0.8,0.9662921348314607,0.0,0.8339622641509434,0.1660377358490566,0.0,0.5601560775643668,1.3256756756756756,1.3256756756756756,0.6756756756756757,0.9040766790579522,0.34512063995486053,0.0,0.0,0.0,0.0,0.1018867924528302,0.5283018867924528,0.36981132075471695,0.18867924528301888,0.18867924528301888,nan,nan,0.32307584591050187,0.8873394858260708,0.0,0.05102040816326531,0.0,0.38618420869286385,0.04106356873800335,1.8125469865770207,20,20,22.205662727355957
388,,0.22479006087477496,0.00832555781017685,0.03600880205631256,0.95,0.95,0.95,0.9947916666666666,0.0,0.890625,0.109375,0.0,0.5651175934545419,0.6907407407407408,0.6907407407407408,0.5185185185185185,0.9520087373020769,0.24477332849476463,0.0,0.0,0.0,0.0,0.125,0.4947916666666667,0.3802083333333333,0.203125,0.203125,nan,nan,0.16672540732038685,0.48293999317699765,0.0,0.0273972602739726,0.0,0.3052765024553876,0.06050317396062298,1.635025569784141,20,20,8.976375818252563
389,,0.1895894362828983,0.023698679535362286,0.18782103955745696,1.0,1.0,1.0,1.0,0.0,0.9851851851851852,0.014814814814814815,0.0,0.510281881596893,0.075,0.075,0.875,0.9986138740056617,0.024726900432001264,0.0,0.0,0.0,0.0,0.14814814814814814,0.08888888888888889,0.762962962962963,0.14814814814814814,0.14814814814814814,nan,nan,0.027940653541311443,0.0673922416176403,0.0,0.019417475728155338,0.0,0.2035355785489032,0.17880867811690193,1.684910157891272,20,20,4.147182941436768
390,,0.2386223718932148,0.006628399219255967,0.06994658336043358,0.65,0.65,0.65,0.9482071713147411,0.0,0.930327868852459,0.06967213114754098,0.0,0.553369007497612,1.5972222222222223,1.5972222222222223,0.2222222222222222,0.9312143318640739,0.18563421071043557,0.0,0.0,0.0,0.0,0.06147540983606557,0.9098360655737705,0.028688524590163935,0.12295081967213115,0.12295081967213115,nan,nan,0.41319895231561915,1.0445633651128516,0.0,0.0,0.0,0.31797527991252866,0.1323410692020931,1.5367381431884628,20,20,16.951337337493896
391,,0.27190615794191536,0.007552948831719871,0.03646933026611805,0.85,0.85,0.85,0.9613899613899614,0.0,0.7952755905511811,0.2047244094488189,0.0,0.564507037649552,1.5986111111111112,1.5986111111111112,0.8055555555555556,0.9780705250816133,0.19007944808317195,0.0,0.0,0.0,0.0,0.07086614173228346,0.889763779527559,0.03937007874015748,0.23228346456692914,0.23228346456692914,nan,nan,0.39242301710021277,1.0577951800625387,0.0,0.1,0.0,0.3394245512741938,0.14934510319102184,1.5974310007513917,20,20,13.729841709136963
392,,0.23712169096329475,0.009120065037049797,0.035501119866967204,0.9,0.9,0.9,0.9949238578680203,0.0,0.7563451776649747,0.2436548223350254,0.0,0.5452496714388522,0.9115384615384615,0.9115384615384615,0.5,0.9562920501555707,0.19649746285608127,0.0,0.0,0.0,0.0,0.1319796954314721,0.5736040609137056,0.29441624365482233,0.25888324873096447,0.25888324873096447,nan,nan,0.2098221699914319,0.7213984441030508,0.0,0.1206896551724138,0.0,0.33196931636086147,0.1354718535047802,1.8840504479727285,20,20,7.046002149581909
393,,0.21194909615173704,0.008477963846069482,-0.0027692981064319612,0.95,0.95,0.95,0.9948186528497409,0.0,0.7604166666666666,0.23958333333333334,0.0,0.5571926333904267,0.622,0.622,0.6,0.9736619239837906,0.16478550689809537,0.0,0.0,0.0,0.0,0.11979166666666667,0.5572916666666666,0.3229166666666667,0.28125,0.28125,nan,nan,0.12700280414051446,0.4353121869032406,0.0,0.14516129032258066,0.0,0.2598805082278524,0.09509500132975704,1.9236030918760283,20,20,5.988618612289429
394,,0.24889421825665117,0.007320418184019152,0.025455869734287262,0.95,0.95,0.95,1.0,0.0,0.7924528301886793,0.20754716981132076,0.0,0.5571035236613278,1.2279411764705883,1.2279411764705883,0.9705882352941176,0.9796147147545764,0.1706564159107115,0.0,0.0,0.0,0.0,0.07169811320754717,0.8037735849056604,0.12452830188679245,0.2339622641509434,0.2339622641509434,nan,nan,0.24994582578734176,0.717233457107088,0.0,0.24242424242424243,0.0,0.33172615410030104,0.16106973818958953,1.925248908576147,20,20,14.655622482299805
395,,0.18921898643364532,0.021024331825960592,0.0843497447669506,1.0,1.0,1.0,1.0,1.0,0.6592592592592592,0.3333333333333333,0.007407407407407408,0.5178104392149382,0.06666666666666667,0.06666666666666667,1.3333333333333333,0.9983643265485956,0.02779147146677921,100.0,0.018152930026892652,1.0,0.018152930026892652,0.2,0.4888888888888889,0.3111111111111111,0.3037037037037037,0.3037037037037037,nan,nan,0.02141046810821491,0.08030667792801426,0.015151515151515152,0.2619047619047619,0.0,0.20530032197266682,0.1775088505058876,1.9233250243972857,20,20,2.777641534805298
396,,0.23612201783930578,0.009838417409971075,0.0553526870906353,0.95,0.95,0.95,0.9947643979057592,0.0,0.9476439790575916,0.05235602094240838,0.0,0.5505678521624456,0.90625,0.90625,0.2916666666666667,0.9779082838442136,0.15079574002848,0.0,0.0,0.0,0.0,0.14659685863874344,0.643979057591623,0.2094240837696335,0.17801047120418848,0.17801047120418848,nan,nan,0.1888460400905688,0.6149336795812939,0.0,0.05,0.0,0.31316525654404975,0.16236951651556975,1.9770082345824596,20,20,9.06167221069336
397,,0.18797580843176542,0.020886200936862824,0.004218580387532711,1.0,1.0,1.0,1.0,0.0,0.5546875,0.4453125,0.0,0.555169069270293,0.011111111111111112,0.011111111111111112,1.3333333333333333,0.9989711458511714,0.025680514791598136,0.0,0.0,0.0,0.0,0.1875,0.125,0.6875,0.1796875,0.1796875,nan,nan,0.02394590661070895,0.09446230759749835,0.0,0.4318181818181818,0.0,0.20353690031133057,0.17785638551973243,2.200526804559923,20,20,2.319702625274658
398,,0.23032308939320914,0.01046923133605496,0.024355173856019974,1.0,1.0,1.0,1.0,0.0,0.47619047619047616,0.5238095238095238,0.0,0.5458927821367979,0.6045454545454545,0.6045454545454545,2.772727272727273,0.9836588748119233,0.10097560890664437,0.0,0.0,0.0,0.0,0.1164021164021164,0.582010582010582,0.30158730158730157,0.3915343915343915,0.3915343915343915,nan,nan,0.12151167282468053,0.4606083455886084,0.0,0.40350877192982454,0.0,0.29689843408541716,0.1959228251787728,2.3031095442310567,20,20,6.346207618713379
399,,0.1890487571607808,0.0236310946450976,-0.00023368895053863526,1.0,1.0,1.0,1.0,0.0,0.5813953488372093,0.4186046511627907,0.0,0.5290529610589146,0.05,0.05,1.25,0.9989070094087462,0.025367280117918056,0.0,0.0,0.0,0.0,0.24031007751937986,0.3643410852713178,0.3953488372093023,0.3023255813953488,0.3023255813953488,nan,nan,0.020027035855888053,0.10509485737260911,0.0,0.39215686274509803,0.0,0.20062865049291137,0.1752613703749933,2.4576196722939323,20,20,2.4679036140441895
400,,0.2327252068339828,0.006844859024528906,0.07272749468684196,0.85,0.85,0.85,0.9762845849802372,0.0,0.5617529880478087,0.43824701195219123,0.0,0.5454774302540019,1.2044117647058823,1.2044117647058823,1.8235294117647058,0.9367628114914744,0.26823331243655213,0.0,0.0,0.0,0.0,0.09561752988047809,0.545816733067729,0.35856573705179284,0.2788844621513944,0.2788844621513944,nan,nan,0.2935980453184091,0.9390039700297423,0.0,0.4,0.0,0.3309095467807316,0.06267623434417946,1.9113837323509626,20,20,11.387261629104614
401,,0.24832084153147743,0.010346701730478226,-0.0027093425393104552,1.0,1.0,1.0,1.0,0.0,0.81,0.19,0.0,0.5440970970356527,0.825,0.825,0.16666666666666666,0.9712403543335765,0.1749182949831093,0.0,0.0,0.0,0.0,0.13,0.73,0.14,0.245,0.245,nan,nan,0.15542308027577242,0.5671269569422582,0.0,0.10714285714285714,0.0,0.3755908253632525,0.2006725303801432,1.8941986039091876,20,20,5.874833345413208
402,,0.24782020298344387,0.01126455468106563,0.05992283187806606,1.0,1.0,1.0,1.0,0.0,0.5920398009950248,0.4079601990049751,0.0,0.5568112024698745,0.9159090909090909,0.9159090909090909,1.1818181818181819,0.969337238878451,0.14724855358335137,0.0,0.0,0.0,0.0,0.12935323383084577,0.4626865671641791,0.4079601990049751,0.31343283582089554,0.31343283582089554,nan,nan,0.18226397135558614,0.7090383730869236,0.0,0.3048780487804878,0.0,0.34110072180108253,0.19385216821773116,2.3779286166397813,20,20,7.261065244674683
403,,0.22851461015188568,0.006528988861482448,0.059119615331292154,0.65,0.65,0.65,0.9395161290322581,0.0,0.941908713692946,0.058091286307053944,0.0,0.5484274200775794,1.5442857142857143,1.5442857142857143,0.2857142857142857,0.9186318215710004,0.24322279786176693,0.0,0.0,0.0,0.0,0.04979253112033195,0.7883817427385892,0.16182572614107885,0.1037344398340249,0.1037344398340249,nan,nan,0.3814516937308198,0.9373769881220586,0.0,0.02564102564102564,0.0,0.33942954279968995,0.09620674493792303,1.9177339615022637,20,20,22.18178629875183
404,,0.23301628811476713,0.008962164927491044,0.01098046861588955,0.95,0.95,0.95,0.9949494949494949,1.0,0.8585858585858586,0.13636363636363635,0.005050505050505051,0.5455638679532477,0.7730769230769231,0.7730769230769231,0.19230769230769232,0.9785721278747114,0.1463165535258158,100.0,0.03167816073202909,1.0,0.03167816073202909,0.13636363636363635,0.5,0.36363636363636365,0.24242424242424243,0.24242424242424243,nan,nan,0.16230150191444906,0.581578012138607,0.010101010101010102,0.08333333333333333,0.0,0.3012254151573867,0.15490886163157092,2.137583288927459,20,20,6.672009229660034
405,,0.23340138389569334,0.010147886256334494,-0.00817967876791954,0.95,0.95,0.95,0.9902912621359223,1.0,0.7658536585365854,0.22926829268292684,0.004878048780487805,0.5427024390710437,0.8369565217391305,0.8369565217391305,0.21739130434782608,0.9785943565645541,0.17141869573327229,0.0,-0.1491411109007073,0.0,0.0,0.15121951219512195,0.47317073170731705,0.375609756097561,0.22439024390243903,0.22439024390243903,nan,nan,0.1638433255844694,0.5836551679835865,0.0,0.14285714285714285,0.0,0.3181304808835614,0.1467117851502891,2.0263939160833764,20,20,6.446791887283325
406,,0.2311197291175306,0.008889220350674253,0.015123660117387772,0.95,0.95,0.95,0.9949748743718593,1.0,0.7537688442211056,0.24120603015075376,0.005025125628140704,0.5762415386736393,0.7942307692307692,0.7942307692307692,0.6153846153846154,0.9495054026013634,0.26953130359066046,0.0,-0.12642338106763346,0.0,0.0,0.1407035175879397,0.41708542713567837,0.44221105527638194,0.23115577889447236,0.23115577889447236,nan,nan,0.1814183007922442,0.5703406480914333,0.0,0.125,0.0,0.3230970754625415,0.05356577187188108,2.0881605840754767,20,20,7.583988189697266
407,,0.21467225005106672,0.007950824075965434,0.010981397703289986,0.9,0.9,0.9,0.9950738916256158,1.0,0.9310344827586207,0.059113300492610835,0.009852216748768473,0.5530001859767018,0.8425925925925926,0.8425925925925926,0.25925925925925924,0.9494011430536189,0.21649223940417117,0.0,-0.2002623781992561,0.0,0.0,0.08374384236453201,0.27586206896551724,0.6403940886699507,0.12807881773399016,0.12807881773399016,nan,nan,0.19808242013371793,0.5641924573505612,0.03571428571428571,0.023076923076923078,0.0,0.2811771335239013,0.06468489411973012,2.152724698704224,20,20,13.156017541885376
408,,0.2425633479342792,0.011025606724285418,-0.015966619178652764,1.0,1.0,1.0,1.0,0.0,0.7853658536585366,0.2146341463414634,0.0,0.5534458615563133,0.9204545454545454,0.9204545454545454,0.6818181818181818,0.9872347766220684,0.10542123046885354,0.0,0.0,0.0,0.0,0.1073170731707317,0.5658536585365853,0.32682926829268294,0.22926829268292684,0.22926829268292684,nan,nan,0.16831533624394418,0.4905363614678938,0.0,0.13432835820895522,0.0,0.294390335257108,0.18896910478825446,2.1329421077853095,20,20,6.462611436843872
409,,0.22578753623440795,0.010263069828836725,-0.011696308106184005,0.95,0.95,0.95,0.9898477157360406,1.0,0.5816326530612245,0.40816326530612246,0.01020408163265306,0.5545469741083005,0.5886363636363636,0.5886363636363636,2.409090909090909,0.9775495418284722,0.16128080885889656,0.0,-0.025141524600381934,0.0,0.0,0.1326530612244898,0.4030612244897959,0.4642857142857143,0.3010204081632653,0.3010204081632653,nan,nan,0.12804757117900667,0.43364856116371,0.0,0.4065934065934066,0.02197802197802198,0.3187142102051268,0.15743340134623024,1.913158031271766,20,20,6.951228618621826
410,,0.23546554064390235,0.009418621625756095,0.035464546829462054,0.9,0.9,0.9,0.9848484848484849,1.0,0.8520408163265306,0.14285714285714285,0.00510204081632653,0.5593268783390521,0.984,0.984,0.44,0.9631698695292328,0.19358013935584154,0.0,-0.06410862286642113,0.0,0.0,0.09183673469387756,0.7755102040816326,0.1326530612244898,0.18877551020408162,0.18877551020408162,nan,nan,0.20907354164067044,0.7142209843392427,0.0,0.07692307692307693,0.0,0.322927609540814,0.12934747018497247,1.9269655928365603,20,20,8.61733889579773
411,,0.264715638964431,0.007353212193456417,0.04054996483027935,0.85,0.85,0.85,0.9727626459143969,0.0,0.8537549407114624,0.14624505928853754,0.0,0.5658189985538936,1.413888888888889,1.413888888888889,0.6111111111111112,0.9410360525173526,0.2595645120064499,0.0,0.0,0.0,0.0,0.08300395256916997,0.6403162055335968,0.2766798418972332,0.18972332015810275,0.18972332015810275,nan,nan,0.3507845679168231,0.8588626423588094,0.0,0.14285714285714285,0.0,0.3615821965721005,0.10201768456565061,2.006196407806125,20,20,16.556708574295044
412,,0.26869452456183684,0.007902780134171672,0.02058874648064375,0.9,0.9,0.9,0.9922779922779923,0.0,0.8015564202334631,0.19844357976653695,0.0,0.5495827233254471,1.3779411764705882,1.3779411764705882,0.5882352941176471,0.9566222943662736,0.22327933971123548,0.0,0.0,0.0,0.0,0.1245136186770428,0.42412451361867703,0.45136186770428016,0.1867704280155642,0.1867704280155642,nan,nan,0.32665531624824135,0.8552688445347791,0.0,0.12931034482758622,0.0,0.3613691993821284,0.13808985967089293,1.8774063478605314,20,20,13.118461847305298
413,,0.22765567655268729,0.0098980728935951,0.0038246814161539077,0.95,0.95,0.95,0.9856459330143541,0.0,0.8173076923076923,0.18269230769230768,0.0,0.5406842031313673,0.8282608695652174,0.8282608695652174,0.6956521739130435,0.9829586454496579,0.09287571301115269,0.0,0.0,0.0,0.0,0.11538461538461539,0.4423076923076923,0.4423076923076923,0.1875,0.1875,nan,nan,0.16014161460193616,0.41860861946919864,0.0,0.11956521739130435,0.0,0.2866964486652652,0.19382073565411254,2.162486824209103,20,20,7.134803771972656
414,,0.24089218831517117,0.008603292439827543,0.023691201582551003,0.9,0.9,0.9,0.995049504950495,0.0,0.8407960199004975,0.15920398009950248,0.0,0.5420713651226834,0.8642857142857143,0.8642857142857143,0.25,0.9653745703013814,0.1805284728020056,0.0,0.0,0.0,0.0,0.1044776119402985,0.7014925373134329,0.19402985074626866,0.263681592039801,0.263681592039801,nan,nan,0.19774987307010483,0.6160019790051079,0.0,0.0,0.0,0.3081219998953543,0.12759352709334873,2.0219382820469476,20,20,7.3795459270477295
415,,0.1917252528108563,0.021302805867872924,-0.010202984884381294,1.0,1.0,1.0,1.0,0.0,0.8449612403100775,0.15503875968992248,0.0,0.5346388485282659,0.08888888888888889,0.08888888888888889,0.1111111111111111,0.9979393568713966,0.03444219909549265,0.0,0.0,0.0,0.0,0.1937984496124031,0.4806201550387597,0.32558139534883723,0.29457364341085274,0.29457364341085274,nan,nan,0.01819386693587136,0.08778812649692853,0.0,0.16666666666666666,0.0,0.2089806537230373,0.17453845462754466,1.6077539748289404,20,20,2.2929670810699463
416,,0.19015503102485,0.02112833678053889,-0.019410532247275115,1.0,1.0,1.0,1.0,1.0,0.8091603053435115,0.183206106870229,0.007633587786259542,0.5452795230266121,0.08888888888888889,0.08888888888888889,0.0,0.9989722657824971,0.021876611613717872,100.0,0.005613453023387491,1.0,0.005613453023387491,0.183206106870229,0.44274809160305345,0.37404580152671757,0.29770992366412213,0.29770992366412213,nan,nan,0.016091291777978436,0.07361571227692414,0.0,0.12244897959183673,0.02040816326530612,0.20139119702930788,0.17951458541559,1.7166561270093579,20,20,2.1402571201324463
417,,0.2560999880389604,0.007532352589381188,0.052153024822473526,0.9,0.9,0.9,0.9922178988326849,1.0,0.65625,0.33984375,0.00390625,0.563919305494603,1.1808823529411765,1.1808823529411765,1.4705882352941178,0.9726519281200586,0.19573373833195315,0.0,-0.03424515043669479,0.0,0.0,0.078125,0.78515625,0.13671875,0.34375,0.34375,nan,nan,0.2613379429554188,0.8967911948460299,0.0,0.11428571428571428,0.0,0.3439762745601451,0.14824253622819197,1.7093293821782722,20,20,12.530022144317627
418,,0.23796672962785181,0.009518669185114072,0.020141569897532463,0.95,0.95,0.95,0.9903846153846154,0.0,0.8888888888888888,0.1111111111111111,0.0,0.5280381668545305,0.772,0.772,0.44,0.9735322236976117,0.141506144211489,0.0,0.0,0.0,0.0,0.1111111111111111,0.6328502415458938,0.2560386473429952,0.20772946859903382,0.20772946859903382,nan,nan,0.14945112137685249,0.5165408036807885,0.0,0.018867924528301886,0.0,0.3039582951947297,0.16245215098324073,1.816661424941743,20,20,9.884551048278809
419,,0.2659232252646277,0.006997979612227045,0.04571814797818661,0.7,0.7,0.7,0.9578544061302682,1.0,0.9015748031496063,0.08661417322834646,0.011811023622047244,0.5301927162579407,1.519736842105263,1.519736842105263,0.5,0.9453969246644676,0.2204798402026591,0.0,-0.27469872725964556,0.0,0.0,0.06299212598425197,0.9015748031496063,0.03543307086614173,0.14960629921259844,0.14960629921259844,nan,nan,0.3928436313046982,0.9708022665603456,0.013100436681222707,0.0,0.0,0.3521113016677279,0.13163146146506882,1.7469711262601468,20,20,24.93681836128235
420,,0.23895407364757676,0.00955816294590307,0.039419977366924285,0.95,0.95,0.95,1.0,1.0,0.8217821782178217,0.16336633663366337,0.01485148514851485,0.539902534134686,0.912,0.912,0.56,0.943945748010234,0.3181886352592732,33.33333333333333,-0.16890160583875904,0.3333333333333333,0.027031684930604316,0.08415841584158416,0.801980198019802,0.11386138613861387,0.22277227722772278,0.22277227722772278,nan,nan,0.18936490290951324,0.5978408251902525,0.012345679012345678,0.0,0.043478260869565216,0.4066208364709451,0.08843220121167192,1.6360599187538434,20,20,10.19422698020935
421,,0.25134153730200237,0.008976483475071514,0.000991375371813774,0.95,0.95,0.95,0.9952153110047847,0.0,0.8605769230769231,0.13942307692307693,0.0,0.5319377631747297,0.9714285714285714,0.9714285714285714,0.25,0.9703014621759968,0.15042376996527415,0.0,0.0,0.0,0.0,0.09134615384615384,0.46634615384615385,0.4423076923076923,0.18269230769230768,0.18269230769230768,nan,nan,0.22806035579245668,0.6804054908887694,0.0,0.043478260869565216,0.0,0.32720742264749264,0.1767836526822185,1.8475498988081154,20,20,13.521896839141846
422,,0.23641361073919423,0.007164048810278613,0.045758696645498274,0.85,0.85,0.85,0.9736842105263158,0.0,0.6259541984732825,0.37404580152671757,0.0,0.5531392061349117,1.087878787878788,1.087878787878788,2.212121212121212,0.940879729946402,0.28005368376297096,0.0,0.0,0.0,0.0,0.10305343511450382,0.5534351145038168,0.3435114503816794,0.23282442748091603,0.23282442748091603,nan,nan,0.23614246374166442,0.7778095101976394,0.0,0.4888888888888889,0.0,0.3646852070939184,0.08463152333094742,2.124120960751084,20,20,13.782346725463867
423,,0.24723841208258102,0.010301600503440875,0.017833541333675384,0.95,0.95,0.95,0.9951690821256038,0.0,0.8300970873786407,0.16990291262135923,0.0,0.5389841967495158,0.9583333333333334,0.9583333333333334,0.4166666666666667,0.9686548937528059,0.16597256239213096,0.0,0.0,0.0,0.0,0.11165048543689321,0.3786407766990291,0.5097087378640777,0.22815533980582525,0.22815533980582525,nan,nan,0.1926160009218339,0.5902185129382516,0.0,0.02857142857142857,0.0,0.33238781692227004,0.16641525453013908,1.8459600958204003,20,20,9.840914487838745
424,,0.26448747235429687,0.0071483100636296456,0.05595066584646702,0.75,0.75,0.75,0.9487179487179487,0.0,0.8421052631578947,0.15789473684210525,0.0,0.5472319437744649,1.4675675675675677,1.4675675675675677,0.8378378378378378,0.9269549660443341,0.3556769476119212,0.0,0.0,0.0,0.0,0.08270676691729323,0.7631578947368421,0.15413533834586465,0.21052631578947367,0.21052631578947367,nan,nan,0.35085225382475754,1.0012523771461468,0.0,0.0975609756097561,0.0,0.3815525345244629,0.0258755869125417,1.781318466106497,20,20,23.93832540512085
425,,0.22912716561850405,0.009165086624740162,0.035710294544696805,0.95,0.95,0.95,1.0,1.0,0.8109452736318408,0.18407960199004975,0.004975124378109453,0.5225624857097864,0.818,0.818,0.6,0.9703387969775709,0.20446052506065449,0.0,-0.4953341058468389,0.0,0.0,0.11442786069651742,0.7114427860696517,0.17412935323383086,0.22885572139303484,0.22885572139303484,nan,nan,0.17049407856954027,0.578748288569618,0.006993006993006993,0.11428571428571428,0.0,0.3202984910495841,0.11583796598892959,1.8452972008685067,20,20,8.308682203292847
426,,0.25772346720450023,0.01030893868818001,0.00951814129948616,0.95,0.95,0.95,0.9901960784313726,1.0,0.7931034482758621,0.2019704433497537,0.0049261083743842365,0.5491893399208784,1.046,1.046,0.76,0.9678077824283143,0.1637201340745927,0.0,-0.11677574450604783,0.0,0.0,0.09852216748768473,0.812807881773399,0.08866995073891626,0.2857142857142857,0.2857142857142857,nan,nan,0.21233111306000788,0.6991622803884343,0.0,0.0,0.0,0.3504879822067637,0.18676784813217098,1.7316809272301301,20,20,8.559556722640991
427,,0.19141188179455498,0.021267986866061666,-0.002983624301850796,1.0,1.0,1.0,1.0,1.0,0.8412698412698413,0.15079365079365079,0.007936507936507936,0.5164016402843926,0.07777777777777778,0.07777777777777778,1.0,0.9989037683640574,0.02153703628807571,0.0,-0.012010417130241938,0.0,0.0,0.20634920634920634,0.31746031746031744,0.47619047619047616,0.2619047619047619,0.2619047619047619,nan,nan,0.022237694037289684,0.06476984522831421,0.0,0.11666666666666667,0.016666666666666666,0.20359506413552259,0.18205802784744687,1.727841130901918,20,20,2.8395864963531494
428,,0.2070420937782106,0.0076682256954892815,0.035935497656464574,0.9,0.9,0.9,0.9853658536585366,0.0,0.7586206896551724,0.2413793103448276,0.0,0.5532469422728927,0.7018518518518518,0.7018518518518518,0.9629629629629629,0.9141240755563733,0.3326993217923052,0.0,0.0,0.0,0.0,0.15270935960591134,0.3497536945812808,0.4975369458128079,0.21674876847290642,0.21674876847290642,nan,nan,0.16096738392092164,0.6100248439110036,0.0,0.1782178217821782,0.0,0.2914301573452065,-0.04126916444709869,2.257796817801176,20,20,7.2649126052856445
429,,0.19084963070429029,0.023856203838036286,0.00949831958860159,1.0,1.0,1.0,1.0,1.0,0.7,0.2923076923076923,0.007692307692307693,0.5067657776642591,0.1,0.1,0.75,0.9979083739950074,0.03532286029194226,100.0,0.01881866013309992,1.0,0.01881866013309992,0.19230769230769232,0.34615384615384615,0.46153846153846156,0.27692307692307694,0.27692307692307694,nan,nan,0.020048275483988912,0.07220074955380822,0.022222222222222223,0.25,0.0,0.2117011747556229,0.17637831446368063,1.9719702630115326,20,20,2.20194935798645
430,,0.22907661982717453,0.008810639224122098,0.03739000372588634,0.95,0.95,0.95,0.9951456310679612,0.0,0.6504854368932039,0.34951456310679613,0.0,0.5226001130524449,0.7346153846153847,0.7346153846153847,1.1153846153846154,0.9577251891019269,0.20601764517573234,0.0,0.0,0.0,0.0,0.16019417475728157,0.47572815533980584,0.3640776699029126,0.33495145631067963,0.33495145631067963,nan,nan,0.15466923298609184,0.7350713628598124,0.0,0.13333333333333333,0.0,0.33822758840379225,0.1322099432280599,2.094513273215213,20,20,7.067224025726318
431,,0.2420779276529886,0.009310689525114947,0.007750261016190052,1.0,1.0,1.0,1.0,0.0,0.8009478672985783,0.1990521327014218,0.0,0.5138365221138184,0.8538461538461538,0.8538461538461538,0.8846153846153846,0.9719469241536273,0.16339331633670384,0.0,0.0,0.0,0.0,0.07582938388625593,0.3033175355450237,0.6208530805687204,0.20853080568720378,0.20853080568720378,nan,nan,0.18968434307984852,0.6129748450806753,0.0,0.07633587786259542,0.0,0.34998419447247936,0.18659087813577552,1.915733361979257,20,20,12.46030044555664
432,,0.18942266409016437,0.02104696267668493,0.013431178033351898,1.0,1.0,1.0,1.0,1.0,0.8270676691729323,0.15789473684210525,0.015037593984962405,0.49610064257350234,0.08888888888888889,0.08888888888888889,0.7777777777777778,0.9980128761042328,0.029176491235819585,0.0,-0.055737115733388104,0.0,0.0,0.18796992481203006,0.48120300751879697,0.3308270676691729,0.2857142857142857,0.2857142857142857,nan,nan,0.017412680578057508,0.08186675507345739,0.0,0.13636363636363635,0.022727272727272728,0.20455139792345367,0.17537490668763409,1.7534069974748474,20,20,2.620579957962036
433,,0.24130176167614356,0.010968261894370161,0.007141424342989922,1.0,1.0,1.0,1.0,0.0,0.7759562841530054,0.22404371584699453,0.0,0.5148977031507953,0.9272727272727272,0.9272727272727272,0.6818181818181818,0.9869308484444442,0.1116880240420513,0.0,0.0,0.0,0.0,0.11475409836065574,0.7978142076502732,0.08743169398907104,0.2896174863387978,0.2896174863387978,nan,nan,0.1740292529598757,0.5478199506501312,0.0,0.0625,0.0,0.30611119205013226,0.19442316800808096,1.685994343973533,20,20,6.172453165054321
434,,0.18966270191683604,0.021073633546315116,-0.01941172517836094,1.0,1.0,1.0,1.0,0.0,0.746268656716418,0.2537313432835821,0.0,0.5142140750255849,0.07222222222222222,0.07222222222222222,0.3333333333333333,0.9985281746413948,0.028809973163184482,0.0,0.0,0.0,0.0,0.208955223880597,0.22388059701492538,0.5671641791044776,0.29850746268656714,0.29850746268656714,nan,nan,0.024638002668501358,0.07546286478648125,0.0,0.18421052631578946,0.0,0.20400020672432123,0.17519023356113675,2.0630152224462006,20,20,2.5684101581573486
435,,0.2366707258189327,0.009102720223805105,0.011414156295359135,0.95,0.95,0.95,0.995049504950495,0.5,0.8275862068965517,0.15763546798029557,0.014778325123152709,0.5100386886248508,0.9019230769230769,0.9019230769230769,0.6923076923076923,0.9746543718484117,0.1614534797725809,100.0,0.08632141713772723,1.0,0.08632141713772723,0.08866995073891626,0.5320197044334976,0.3793103448275862,0.21674876847290642,0.21674876847290642,nan,nan,0.19396834247562653,0.6496592977634613,0.018518518518518517,0.03896103896103896,0.012987012987012988,0.2975975934577451,0.13614411368516421,1.8409839282484042,20,20,9.545690298080444
436,,0.18980865510187,0.018980865510187,-0.008965246379375458,1.0,1.0,1.0,1.0,0.0,0.6870229007633588,0.31297709923664124,0.0,0.5360944624617696,0.13,0.13,0.3,0.9969151109469764,0.0480035055282087,0.0,0.0,0.0,0.0,0.17557251908396945,0.1984732824427481,0.6259541984732825,0.17557251908396945,0.17557251908396945,nan,nan,0.030965971818824427,0.1055749002932918,0.0,0.2804878048780488,0.0,0.2223224313351178,0.1743189258069091,2.144896305806321,20,20,2.567300319671631
437,,0.2363025745962253,0.006751502131320723,0.08370486721396446,0.7,0.7,0.7,0.9580152671755725,1.0,0.8671875,0.125,0.0078125,0.5038762752951256,1.48,1.48,0.5714285714285714,0.8788614234334569,0.31469787762824364,0.0,-1.0336658840243593,0.0,0.0,0.08203125,0.46484375,0.453125,0.19921875,0.19921875,nan,nan,0.35513459855997076,1.0251140686522964,0.008403361344537815,0.008620689655172414,0.0,0.3448311686784916,0.03013329105024798,1.7873753500100746,20,20,24.2264506816864
438,,0.19049640123629547,0.023812050154536933,0.030282364785671236,1.0,1.0,1.0,1.0,1.0,0.9172932330827067,0.07518796992481203,0.007518796992481203,0.4977667537750676,0.075,0.075,1.0,0.9991183479381924,0.021768496816754995,0.0,-0.023931895259939148,0.0,0.0,0.17293233082706766,0.06766917293233082,0.7593984962406015,0.19548872180451127,0.19548872180451127,nan,nan,0.025984270265808726,0.06654531164755675,0.0,0.07920792079207921,0.009900990099009901,0.20173049067700463,0.17996199386024964,1.6153001636415147,20,20,3.716553211212158
439,,0.2480659908709627,0.006528052391341124,0.04460890926420689,0.85,0.85,0.85,0.9883268482490273,1.0,0.7725490196078432,0.2196078431372549,0.00784313725490196,0.515789836115743,1.3526315789473684,1.3526315789473684,0.7368421052631579,0.9417071632027416,0.23825382508887885,0.0,-0.06159967521561917,0.0,0.0,0.0784313725490196,0.8862745098039215,0.03529411764705882,0.26666666666666666,0.26666666666666666,nan,nan,0.3398868911900375,0.9919736123705005,0.004424778761061947,0.1111111111111111,0.0,0.34130157405092004,0.10304774896204119,1.7504740306146407,20,20,11.617948532104492
440,,0.18823795123723344,0.02091532791524816,0.017711855843663214,1.0,1.0,1.0,1.0,1.0,0.7862595419847328,0.20610687022900764,0.007633587786259542,0.5303331931432088,0.07222222222222222,0.07222222222222222,0.3333333333333333,0.9989173377860238,0.021557447350898873,100.0,0.00018349664809119703,1.0,0.00018349664809119703,0.22137404580152673,0.3893129770992366,0.3893129770992366,0.2366412213740458,0.2366412213740458,nan,nan,0.0188302161565642,0.08936751285370814,0.0,0.3137254901960784,0.0196078431372549,0.20105194787124506,0.17949450052034618,1.952417135652481,20,20,2.5519516468048096
441,,0.2506571522260085,0.007595671279576014,0.05652675814926624,0.95,0.95,0.95,0.9960159362549801,0.0,0.5219123505976095,0.47808764940239046,0.0,0.5275146242767347,0.9545454545454546,0.9545454545454546,2.4545454545454546,0.9612858501427451,0.21813958053150045,0.0,0.0,0.0,0.0,0.08764940239043825,0.7888446215139442,0.12350597609561753,0.46613545816733065,0.46613545816733065,nan,nan,0.20371393854157138,0.8029570288260037,0.0,0.2903225806451613,0.0,0.33196526160379985,0.11382568107229939,1.7022780619266875,20,20,11.254558563232422
442,,0.23754987997658514,0.009897911665691048,-0.0116655595600605,1.0,1.0,1.0,1.0,1.0,0.88,0.115,0.005,0.5257923914740483,0.8625,0.8625,0.6666666666666666,0.9729082754208533,0.17460408871838212,0.0,-0.4258440713699892,0.0,0.0,0.095,0.2,0.705,0.18,0.18,nan,nan,0.18301715801938748,0.5997677973618768,0.025,0.0425531914893617,0.0,0.35637467546456236,0.18177058674618024,2.050781324851798,20,20,13.273219585418701
443,,0.2349837832583791,0.009037837817629965,0.02340573035180569,0.95,0.95,0.95,1.0,0.0,0.6069651741293532,0.39303482587064675,0.0,0.52625666440178,0.6807692307692308,0.6807692307692308,1.7307692307692308,0.9576519220578739,0.23726939114511986,0.0,0.0,0.0,0.0,0.12437810945273632,0.5124378109452736,0.36318407960199006,0.26865671641791045,0.26865671641791045,nan,nan,0.15373888422205412,0.6621415105235758,0.0,0.3013698630136986,0.0,0.378438424917123,0.14116903377200313,2.0474744159405494,20,20,6.858780145645142
444,,0.21893970892092995,0.005761571287392893,0.09073851555585861,0.6,0.6,0.6,0.9595141700404858,0.0,0.8613445378151261,0.13865546218487396,0.0,0.531281751683472,1.5671052631578948,1.5671052631578948,0.3157894736842105,0.8877438487816021,0.2682459822275622,0.0,0.0,0.0,0.0,0.07983193277310924,0.8907563025210085,0.029411764705882353,0.21008403361344538,0.21008403361344538,nan,nan,0.4248756947565121,1.0878698709562689,0.0,0.0,0.0,0.3633594542468512,0.09511347201928898,1.7251672227928898,20,20,13.317724704742432
445,,0.24476228196687033,0.009790491278674813,-0.014008737727999687,1.0,1.0,1.0,1.0,0.0,0.8418367346938775,0.15816326530612246,0.0,0.5233418177887798,0.914,0.914,0.68,0.9768117224182156,0.17835394423264123,0.0,0.0,0.0,0.0,0.08673469387755102,0.7704081632653061,0.14285714285714285,0.2193877551020408,0.2193877551020408,nan,nan,0.19049333099055116,0.6207489287273826,0.0,0.10714285714285714,0.0,0.36851989744630664,0.19016595321366542,1.6229577372076693,20,20,7.251617908477783
446,,0.24101991532528014,0.009640796613011206,0.04805258475244045,0.95,0.95,0.95,1.0,0.0,0.8404255319148937,0.1595744680851064,0.0,0.5122928132861853,0.944,0.944,0.32,0.9612815289992961,0.2211016154092235,0.0,0.0,0.0,0.0,0.10638297872340426,0.6702127659574468,0.22340425531914893,0.2393617021276596,0.2393617021276596,nan,nan,0.2070916035500267,0.627620210274001,0.0,0.023809523809523808,0.0,0.3588802724310631,0.13777865702183958,1.6922842814980945,20,20,6.123582601547241
447,,0.23862985526836514,0.009178071356475583,0.018312086910009386,0.95,0.95,0.95,0.995,0.0,0.8,0.2,0.0,0.5131944218292259,0.7884615384615384,0.7884615384615384,0.4230769230769231,0.9324916137204924,0.35605661117876086,0.0,0.0,0.0,0.0,0.14,0.725,0.135,0.285,0.285,nan,nan,0.1658339800739695,0.5177123503062404,0.0,0.1111111111111111,0.0,0.3679971657687676,0.01194055459000673,1.6911219723351265,20,20,7.731735467910767
448,,0.2520497605304555,0.008401658684348518,-0.013877722434699535,0.95,0.95,0.95,0.984251968503937,1.0,0.7312252964426877,0.2608695652173913,0.007905138339920948,0.533177269170216,1.2533333333333334,1.2533333333333334,1.7333333333333334,0.9769554613164184,0.15443128055978608,0.0,-0.1455974945495421,0.0,0.0,0.07905138339920949,0.7707509881422925,0.15019762845849802,0.2648221343873518,0.2648221343873518,nan,nan,0.24374241547824563,0.6870126073945285,0.005128205128205128,0.2631578947368421,0.0,0.3362083783251257,0.1817770977653396,1.863482376754222,20,20,11.755671977996826
449,,0.24642761599819954,0.010267817333258314,-0.010640285350382328,1.0,1.0,1.0,1.0,1.0,0.8232323232323232,0.1717171717171717,0.005050505050505051,0.5168701623993305,0.99375,0.99375,0.25,0.9839804660504183,0.10287568946795264,0.0,-0.40020293556092634,0.0,0.0,0.08585858585858586,0.8080808080808081,0.10606060606060606,0.23232323232323232,0.23232323232323232,nan,nan,0.19375224897791166,0.5602021928424459,0.00625,0.047619047619047616,0.0,0.3155065780030878,0.21263088853513515,1.7773467556017315,20,20,6.818455219268799
450,,0.25531314254054877,0.010638047605856198,-0.055083902552723885,1.0,1.0,1.0,1.0,0.0,0.6903553299492385,0.3096446700507614,0.0,0.5189844314707444,0.9166666666666666,0.9166666666666666,1.4166666666666667,0.9775135054824298,0.1616506467502393,0.0,0.0,0.0,0.0,0.1319796954314721,0.5786802030456852,0.2893401015228426,0.3096446700507614,0.3096446700507614,nan,nan,0.18305606839106178,0.6462590539899307,0.0,0.07017543859649122,0.0,0.35925832791623874,0.19760768116599944,1.4719431459128003,20,20,8.526067018508911
451,,0.24316444124816067,0.010572367010789594,0.00559318121522665,1.0,1.0,1.0,1.0,1.0,0.7715736040609137,0.2182741116751269,0.01015228426395939,0.5246780685189626,0.9217391304347826,0.9217391304347826,0.391304347826087,0.9837789310257686,0.1452050593972229,50.0,-0.14806641250346536,0.5,0.012302717054890444,0.1116751269035533,0.5989847715736041,0.2893401015228426,0.25888324873096447,0.25888324873096447,nan,nan,0.17868168308972185,0.48647724456364394,0.01694915254237288,0.10526315789473684,0.0,0.33698216474907716,0.19177710535185427,1.7724796932170872,20,20,7.251664638519287
452,,0.2517914557170693,0.0076300441126384635,-0.02019552458077669,0.95,0.95,0.95,0.9846153846153847,0.0,0.6770428015564203,0.3229571984435798,0.0,0.5168455926419208,1.2196969696969697,1.2196969696969697,1.8181818181818181,0.9873300802201671,0.11877842042861186,0.0,0.0,0.0,0.0,0.07782101167315175,0.8443579766536965,0.07782101167315175,0.31906614785992216,0.31906614785992216,nan,nan,0.2622614041948308,0.8257237027613316,0.0,0.55,0.0,0.3093346284392629,0.19055620801065104,1.7544048415542248,20,20,12.291290521621704
453,,0.1898170570506601,0.023727132131332512,0.0509973019361496,1.0,1.0,1.0,1.0,1.0,0.7686567164179104,0.21641791044776118,0.014925373134328358,0.490221409779042,0.0625,0.0625,0.0,0.9984029562030191,0.026674585739062368,0.0,-0.011480191121541472,0.0,0.0,0.16417910447761194,0.3805970149253731,0.4552238805970149,0.29850746268656714,0.29850746268656714,nan,nan,0.02062528729602919,0.060237766133708105,0.0196078431372549,0.16393442622950818,0.01639344262295082,0.20114554237521334,0.17447095663615098,1.743007560394257,20,20,2.3014731407165527
454,,0.24072481728894785,0.009628992691557915,0.00643840879201889,1.0,1.0,1.0,1.0,0.0,0.7368421052631579,0.2631578947368421,0.0,0.5107109151743352,0.866,0.866,1.28,0.9717108782343,0.15414204004426982,0.0,0.0,0.0,0.0,0.12105263157894737,0.5684210526315789,0.3105263157894737,0.30526315789473685,0.30526315789473685,nan,nan,0.19171832839094086,0.6382436794662152,0.0,0.11864406779661017,0.0,0.3262591975383088,0.17211715749403897,1.5743861203950367,20,20,7.328131198883057
455,,0.19199068164528493,0.023998835205660617,-0.0022679490968585013,1.0,1.0,1.0,1.0,0.0,0.6532258064516129,0.3467741935483871,0.0,0.5149055380607024,0.075,0.075,0.0,0.9985410966653505,0.02833546922672628,0.0,0.0,0.0,0.0,0.1774193548387097,0.46774193548387094,0.3548387096774194,0.3064516129032258,0.3064516129032258,nan,nan,0.019451469428345844,0.07380910701000952,0.0,0.38636363636363635,0.0,0.2100567916069501,0.18172132238022382,1.8794870085523854,20,20,2.101780891418457
456,,0.2537702742843261,0.008459009142810869,0.014364535175263881,1.0,1.0,1.0,1.0,0.0,0.5185185185185185,0.48148148148148145,0.0,0.5473565540276468,0.9866666666666667,0.9866666666666667,3.7666666666666666,0.9876522383563018,0.1077257875895728,0.0,0.0,0.0,0.0,0.08518518518518518,0.6518518518518519,0.26296296296296295,0.37407407407407406,0.37407407407407406,nan,nan,0.18621936188355034,0.7095241241614916,0.0,0.39436619718309857,0.0,0.31628262105636984,0.20855683346679704,2.2424357805215362,20,20,12.475296974182129
457,,0.18996811582653064,0.021107568425170073,-0.008319370448589325,1.0,1.0,1.0,1.0,1.0,0.5984251968503937,0.3779527559055118,0.023622047244094488,0.5446652503891124,0.06666666666666667,0.06666666666666667,1.0,0.9980434234928622,0.033165362999854314,33.33333333333333,-0.00583254647989592,0.3333333333333333,0.00564703488730324,0.18110236220472442,0.28346456692913385,0.5354330708661418,0.25984251968503935,0.25984251968503935,nan,nan,0.025374385199265666,0.08792198228436192,0.027777777777777776,0.47058823529411764,0.029411764705882353,0.21103793909976665,0.17787257609991233,2.4471481085720033,20,20,2.0738816261291504
458,,0.23878388184705254,0.00628378636439612,0.03595176823437214,0.85,0.85,0.85,0.9821428571428571,0.0,0.5703971119133574,0.4296028880866426,0.0,0.5164131694767428,1.0776315789473685,1.0776315789473685,2.710526315789474,0.9510574760964543,0.25278280694651245,0.0,0.0,0.0,0.0,0.10108303249097472,0.37184115523465705,0.5270758122743683,0.17328519855595667,0.17328519855595667,nan,nan,0.2906269607531227,0.8711811568107649,0.0,0.4726027397260274,0.0,0.33950548569770733,0.08672267875119485,1.6426526970740618,20,20,15.487769365310669
459,,0.21716218362137624,0.007488351159357801,0.020807860419154167,0.95,0.95,0.95,0.9895833333333334,0.0,0.6020942408376964,0.39790575916230364,0.0,0.5245054564984708,0.5413793103448276,0.5413793103448276,1.103448275862069,0.9031412827657,0.3687193331287677,0.0,0.0,0.0,0.0,0.09424083769633508,0.7225130890052356,0.18324607329842932,0.3717277486910995,0.3717277486910995,nan,nan,0.13438616977695383,0.6106172023370322,0.0,0.2571428571428571,0.0,0.3054082876784303,-0.06331104545033739,1.820020246824448,20,20,6.844977617263794
460,,0.18761656590789574,0.020846285100877306,-0.009327664598822593,1.0,1.0,1.0,1.0,1.0,0.6293706293706294,0.35664335664335667,0.013986013986013986,0.502152070734236,0.016666666666666666,0.016666666666666666,0.0,0.9990356165001797,0.020617817330221333,100.0,0.008470689569028817,1.0,0.008470689569028817,0.22377622377622378,0.34965034965034963,0.42657342657342656,0.34265734265734266,0.34265734265734266,nan,nan,0.013530378654155177,0.04339543122368912,0.02,0.3770491803278688,0.01639344262295082,0.19621515646450197,0.17559733913428063,1.913952173339132,20,20,2.570775270462036
461,,0.19045559364212844,0.023806949205266055,0.01971953473985195,1.0,1.0,1.0,1.0,0.0,0.717741935483871,0.28225806451612906,0.0,0.4922777345171198,0.05625,0.05625,1.25,0.9980717026629616,0.0370330947239145,0.0,0.0,0.0,0.0,0.20967741935483872,0.11290322580645161,0.6774193548387096,0.20967741935483872,0.20967741935483872,nan,nan,0.028682165929495497,0.08271477896448097,0.0,0.2261904761904762,0.0,0.21148004020772565,0.17444694548381115,2.0614907614518114,20,20,2.762946844100952
462,,0.19199872457747885,0.021333191619719874,-0.018064518459141254,1.0,1.0,1.0,1.0,0.0,0.6111111111111112,0.3888888888888889,0.0,0.5131018713944488,0.05555555555555555,0.05555555555555555,0.6666666666666666,0.9973843023662772,0.040811459060637406,0.0,0.0,0.0,0.0,0.15873015873015872,0.3253968253968254,0.5158730158730159,0.23809523809523808,0.23809523809523808,nan,nan,0.03176001996359999,0.13947166037887682,0.0,0.3230769230769231,0.0,0.2176954045322393,0.17688394547160188,2.2677240960744496,20,20,2.132303237915039
463,,0.24329177783017306,0.0073724781160658505,0.03822747804224491,0.85,0.85,0.85,0.976,1.0,0.4857142857142857,0.5102040816326531,0.004081632653061225,0.5421960679588445,0.9924242424242424,0.9924242424242424,3.8484848484848486,0.9470673491969741,0.24336040932698516,0.0,-0.162666096262301,0.0,0.0,0.10612244897959183,0.6285714285714286,0.2653061224489796,0.2897959183673469,0.2897959183673469,nan,nan,0.254655412479747,1.0127781437576664,0.006493506493506494,0.7076923076923077,0.0,0.3642987563744435,0.12093834704745832,1.6084394467615561,20,20,12.401357412338257
464,,0.2281566917366003,0.006518762621045723,0.020684096962213516,0.85,0.85,0.85,0.9761904761904762,0.0,0.4251012145748988,0.5748987854251012,0.0,0.5469295787704842,0.7671428571428571,0.7671428571428571,3.6285714285714286,0.9722073714357665,0.16394841632849833,0.0,0.0,0.0,0.0,0.10931174089068826,0.5263157894736842,0.3643724696356275,0.32793522267206476,0.32793522267206476,nan,nan,0.19576730088499694,0.8649436678382955,0.0,0.6222222222222222,0.0,0.31668661769343376,0.15273820136493543,1.8565105785241565,20,20,10.119570970535278
465,,0.25282948020458024,0.007023041116793896,0.04452427327632904,0.85,0.85,0.85,0.9854545454545455,0.0,0.8095238095238095,0.19047619047619047,0.0,0.5490411220118403,1.3208333333333333,1.3208333333333333,0.4722222222222222,0.9535716353669694,0.2216048570366736,0.0,0.0,0.0,0.0,0.07326007326007326,0.8205128205128205,0.10622710622710622,0.21245421245421245,0.21245421245421245,nan,nan,0.29589104402651273,0.816070954067794,0.0,0.27586206896551724,0.0,0.3226882356087494,0.10108337857207576,1.7445083918096667,20,20,12.55967402458191
466,,0.1926743548946517,0.021408261654961302,0.04150964543223381,1.0,1.0,1.0,1.0,0.0,0.6693548387096774,0.33064516129032256,0.0,0.5277329245996144,0.07222222222222222,0.07222222222222222,1.5555555555555556,0.9982525113014841,0.02658476677320093,0.0,0.0,0.0,0.0,0.20967741935483872,0.1693548387096774,0.6209677419354839,0.1774193548387097,0.1774193548387097,nan,nan,0.04220703423822849,0.17739804843097548,0.0,0.35064935064935066,0.0,0.2071712228180949,0.18058645604489398,1.9949655477923118,20,20,2.2833805084228516
467,,0.23084038056634534,0.008878476175628668,-0.02015602383762598,1.0,1.0,1.0,1.0,0.0,0.9113300492610837,0.08866995073891626,0.0,0.5423758361846782,0.7557692307692307,0.7557692307692307,0.23076923076923078,0.9872500097714475,0.09793251438994488,0.0,0.0,0.0,0.0,0.08866995073891626,0.3497536945812808,0.5615763546798029,0.1724137931034483,0.1724137931034483,nan,nan,0.1611015901367677,0.4542833042642239,0.0,0.008771929824561403,0.0,0.2820311271597248,0.1840986127697799,1.7965339086986978,20,20,11.873830318450928
468,,0.25687171054711355,0.009173989662396912,0.0006916392594575882,1.0,1.0,1.0,1.0,0.0,0.861904761904762,0.1380952380952381,0.0,0.5557462183492524,0.9535714285714286,0.9535714285714286,0.2857142857142857,0.9817812170321935,0.11311585950183092,0.0,0.0,0.0,0.0,0.10476190476190476,0.7904761904761904,0.10476190476190476,0.23333333333333334,0.23333333333333334,nan,nan,0.20750677819460514,0.6598036957129697,0.0,0.0,0.0,0.3167660069740151,0.20365014747218416,1.5316858973441534,20,20,7.265347242355347
469,,0.2340147075731691,0.00900056567589112,0.035123785771429536,0.9,0.9,0.9,0.9851485148514851,0.0,0.84,0.16,0.0,0.5388533737940284,0.9326923076923077,0.9326923076923077,0.5384615384615384,0.9374579586624244,0.2648738687016947,0.0,0.0,0.0,0.0,0.14,0.625,0.235,0.245,0.245,nan,nan,0.20255434888875065,0.6965942731301689,0.0,0.02127659574468085,0.0,0.3578737641598271,0.09299989545813236,1.6762179702728361,20,20,7.408505916595459
470,,0.24999911401990987,0.009999964560796396,0.037680862843990325,0.95,0.95,0.95,0.9948717948717949,0.0,0.8092783505154639,0.19072164948453607,0.0,0.5514919706732034,1.066,1.066,0.44,0.967318082311102,0.21294226664561444,0.0,0.0,0.0,0.0,0.1134020618556701,0.7680412371134021,0.11855670103092783,0.25773195876288657,0.25773195876288657,nan,nan,0.2274803083522723,0.7765337476006527,0.0,0.043478260869565216,0.0,0.3606182512270084,0.14767598458139397,1.6559911259672937,20,20,7.4487385749816895
471,,0.19021260146971905,0.02113473349663545,0.0008156979456543922,1.0,1.0,1.0,1.0,0.0,0.8396946564885496,0.16030534351145037,0.0,0.5227212730795145,0.09444444444444444,0.09444444444444444,0.8888888888888888,0.997549008822036,0.03720515622802684,0.0,0.0,0.0,0.0,0.20610687022900764,0.32061068702290074,0.4732824427480916,0.2900763358778626,0.2900763358778626,nan,nan,0.023718250832369534,0.10519752860193572,0.0,0.06451612903225806,0.0,0.21004290139596588,0.17283774516793904,1.6517775564782073,20,20,2.246004104614258
472,,0.18918492894980915,0.021020547661089906,0.004479155037552118,1.0,1.0,1.0,1.0,0.0,0.8120300751879699,0.18796992481203006,0.0,0.5210540094309383,0.1,0.1,0.7777777777777778,0.9982705828655324,0.03211881177704562,0.0,0.0,0.0,0.0,0.23308270676691728,0.2932330827067669,0.47368421052631576,0.2781954887218045,0.2781954887218045,nan,nan,0.02399745471599579,0.08162871663621533,0.0,0.23809523809523808,0.0,0.2098714439227309,0.1777526321456853,1.7377740810819258,20,20,2.3447413444519043
473,,0.2395581663806502,0.008872524680764823,0.0004397217184305191,0.9,0.9,0.9,0.9900990099009901,0.0,0.9353233830845771,0.06467661691542288,0.0,0.5588250482075469,0.9351851851851852,0.9351851851851852,0.3333333333333333,0.971910266551626,0.14552477706991168,0.0,0.0,0.0,0.0,0.10945273631840796,0.417910447761194,0.472636815920398,0.1691542288557214,0.1691542288557214,nan,nan,0.21849535233247597,0.7321731859189968,0.0,0.010526315789473684,0.0,0.32194599547681857,0.1764212184069069,1.6071403100580117,20,20,13.063416242599487
474,,0.23484880032312305,0.010210817405353177,0.0022781431674957276,0.95,0.95,0.95,0.9951923076923077,0.0,0.7596153846153846,0.2403846153846154,0.0,0.5553334844258169,1.0369565217391303,1.0369565217391303,0.8260869565217391,0.9630714177930794,0.22996320797459324,0.0,0.0,0.0,0.0,0.11538461538461539,0.6682692307692307,0.21634615384615385,0.25961538461538464,0.25961538461538464,nan,nan,0.1875463851112733,0.5768649404543856,0.0,0.17777777777777778,0.0,0.3512892642256214,0.12132605625102817,1.5577652974808838,20,20,7.500314235687256
475,,0.2739976258670343,0.008058753701971597,-0.002542325295507908,1.0,1.0,1.0,1.0,1.0,0.7333333333333333,0.2627450980392157,0.00392156862745098,0.5598782428019844,1.3691176470588236,1.3691176470588236,1.088235294117647,0.981610879130223,0.15161047614063525,0.0,-0.4222210424676097,0.0,0.0,0.08627450980392157,0.7372549019607844,0.17647058823529413,0.25098039215686274,0.25098039215686274,nan,nan,0.3033576617393025,0.9362494484039401,0.0,0.2222222222222222,0.022222222222222223,0.37164503903334334,0.2200345628927081,1.9289061379651007,20,20,12.781995058059692
476,,0.24352213170062695,0.011069187804573952,-0.029843413829803468,1.0,1.0,1.0,1.0,1.0,0.7783505154639175,0.20103092783505155,0.020618556701030927,0.5354101604020054,0.9590909090909091,0.9590909090909091,0.7727272727272727,0.9823616705831766,0.11879342554704062,0.0,-0.3000570376975228,0.0,0.0,0.13917525773195877,0.7371134020618557,0.12371134020618557,0.28350515463917525,0.28350515463917525,nan,nan,0.17776000827822183,0.5049631422490757,0.013986013986013986,0.041666666666666664,0.0,0.3068659175586744,0.18807249201163376,1.6902812944332957,20,20,6.583536863327026
477,,0.18929224301243175,0.02103247144582575,0.017738610878586768,1.0,1.0,1.0,1.0,1.0,0.9185185185185185,0.07407407407407407,0.007407407407407408,0.5296897321525548,0.022222222222222223,0.022222222222222223,0.2222222222222222,0.9987573018861488,0.025536790497375117,100.0,0.009484587802648776,1.0,0.009484587802648776,0.2,0.4888888888888889,0.3111111111111111,0.2740740740740741,0.2740740740740741,nan,nan,0.013675466928309465,0.04110887518016567,0.0,0.023809523809523808,0.023809523809523808,0.20402503987915852,0.1784882493817834,1.7067265252822434,20,20,2.018156051635742
478,,0.23334811380865456,0.011111814943269264,0.016072191298007965,1.0,1.0,1.0,1.0,1.0,0.7114427860696517,0.2835820895522388,0.004975124378109453,0.5377185880960453,0.7857142857142857,0.7857142857142857,1.0476190476190477,0.9791918774022489,0.1316308736694962,0.0,-0.1009853956288122,0.0,0.0,0.10945273631840796,0.44776119402985076,0.4427860696517413,0.24378109452736318,0.24378109452736318,nan,nan,0.1404841994555686,0.46179728855902824,0.0,0.23595505617977527,0.011235955056179775,0.3231924839362418,0.1915616102667456,1.7517626697195763,20,20,6.798357009887695
479,,0.2364719279595059,0.010748723998159359,0.014730739593505859,1.0,1.0,1.0,1.0,1.0,0.7658536585365854,0.2146341463414634,0.01951219512195122,0.5431885229000314,0.8545454545454545,0.8545454545454545,1.1818181818181819,0.9808858588122931,0.12726233535819587,25.0,-0.19004603412463303,0.25,4.381613939952178e-05,0.1024390243902439,0.6682926829268293,0.22926829268292684,0.2634146341463415,0.2634146341463415,nan,nan,0.1488103995505912,0.45474353263696016,0.0072992700729927005,0.1702127659574468,0.0425531914893617,0.3096889713252894,0.18242663596709352,1.8148684148735186,20,20,6.870158910751343
480,,0.2556521667061429,0.00946859876689418,0.038170335814356804,0.9,0.9,0.9,0.9698492462311558,1.0,0.75,0.20408163265306123,0.04591836734693878,0.5503431656984268,1.0055555555555555,1.0055555555555555,0.4444444444444444,0.9472360330272132,0.2517263245700342,22.22222222222222,-0.1715132934251716,0.2222222222222222,0.06718824530348606,0.10204081632653061,0.7397959183673469,0.15816326530612246,0.24489795918367346,0.24489795918367346,nan,nan,0.250079047593169,0.8676410264638685,0.041379310344827586,0.16129032258064516,0.06451612903225806,0.4089851497530362,0.15725882518300202,1.5234199245794422,20,20,7.657307863235474
481,,0.2342331451527053,0.010184049789248056,-0.017620947584509848,1.0,1.0,1.0,1.0,1.0,0.7644230769230769,0.22596153846153846,0.009615384615384616,0.5555309171909871,0.808695652173913,0.808695652173913,1.0,0.974902416660797,0.12453600201275031,50.0,-0.07545093076001899,0.5,0.014206507699661197,0.1346153846153846,0.2692307692307692,0.5961538461538461,0.22596153846153846,0.22596153846153846,nan,nan,0.16017048749506052,0.48930630500471806,0.0,0.16129032258064516,0.008064516129032258,0.3130150769118797,0.18847907489912938,1.7455819323179176,20,20,8.91530704498291
482,,0.18545704242894323,0.01685973112990393,0.014808980375528335,1.0,1.0,1.0,1.0,1.0,0.7058823529411765,0.14705882352941177,0.14705882352941177,0.5426785311238332,0.11818181818181818,0.11818181818181818,0.45454545454545453,0.9983116617792234,0.023684371574524105,25.0,-0.06836202215442623,0.25,0.01589624107630715,0.17647058823529413,0.39705882352941174,0.4264705882352941,0.17647058823529413,0.17647058823529413,nan,nan,0.031865582630541636,0.12052762698282693,0.018518518518518517,0.08620689655172414,0.10344827586206896,0.19711962051689252,0.17343524894236842,1.8534697158587472,20,20,3.008950710296631
483,,0.14753913340417232,0.005269254764434726,0.19700290709733964,0.35,0.35,0.35,0.6565656565656566,0.625,0.45962732919254656,0.19875776397515527,0.3416149068322981,0.543143381813674,0.7089285714285715,0.7089285714285715,0.5357142857142857,0.6429286852714957,0.3869082821858845,3.6363636363636362,-0.8749171543433772,0.03636363636363636,0.033332549923707155,0.11180124223602485,0.782608695652174,0.10559006211180125,0.22981366459627328,0.22981366459627328,nan,nan,0.48481995736600975,2.182056355655077,0.2857142857142857,0.11764705882352941,0.4117647058823529,0.3481917627245803,-0.0387165194613042,1.4824226417327346,20,20,11.822044610977173
484,,0.11585479114662545,0.004137671112379481,0.21385121643543242,0.4,0.4,0.4,0.7473684210526316,0.85,0.573170731707317,0.15853658536585366,0.2682926829268293,0.5564771979381996,0.6357142857142857,0.6357142857142857,0.14285714285714285,0.40177709101591913,0.46835246993700363,13.636363636363635,-0.7701825977319333,0.13636363636363635,0.05145049229331833,0.12195121951219512,0.7560975609756098,0.12195121951219512,0.20121951219512196,0.20121951219512196,nan,nan,0.3686493463617374,0.9681598426829885,0.20161290322580644,0.0,0.25,0.4044036351572409,-0.06394883477976271,1.6777463766999505,20,20,9.009831666946411
485,,0.18984433519489158,0.01054690751082731,0.06125872135162354,1.0,1.0,1.0,1.0,1.0,0.7112676056338029,0.09859154929577464,0.19014084507042253,0.5405814526188705,0.08055555555555556,0.08055555555555556,0.4444444444444444,0.9877885537416422,0.09761206369524383,7.4074074074074066,-0.14874971070051618,0.07407407407407407,0.0049602539595238054,0.21830985915492956,0.5845070422535211,0.19718309859154928,0.1619718309859155,0.1619718309859155,nan,nan,0.04858354303738777,0.10327989594001466,0.08433734939759036,0.07142857142857142,0.03571428571428571,0.24743894633409136,0.14982688263884752,1.5449114226949834,20,20,4.0449628829956055
486,,0.18083358382302006,0.004758778521658423,0.16506439000368117,0.15,0.15,0.15,0.6297709923664122,0.8117647058823529,0.3140096618357488,0.24154589371980675,0.4444444444444444,0.5612081124545321,1.3447368421052632,1.3447368421052632,0.5789473684210527,0.6976049942956098,0.4225834589789391,11.956521739130435,-0.7309699857558939,0.11956521739130435,0.16114642192848908,0.10144927536231885,0.7874396135265701,0.1111111111111111,0.26570048309178745,0.26570048309178745,nan,nan,0.6518808126930821,2.596087130904144,0.4110429447852761,0.13043478260869565,0.34782608695652173,0.42836901078849593,0.005785551809556824,1.6617152480659585,20,20,17.127572059631348
487,,0.12426112000481086,0.004284866207062444,0.2011661097407341,0.25,0.25,0.25,0.583756345177665,0.7439024390243902,0.3223684210526316,0.09868421052631579,0.5789473684210527,0.5544675610445696,0.7655172413793103,0.7655172413793103,0.3103448275862069,0.5069018858676835,0.38844725887313203,17.045454545454543,-0.597626001879577,0.17045454545454544,0.42838185118575145,0.15789473684210525,0.8289473684210527,0.013157894736842105,0.11842105263157894,0.11842105263157894,nan,nan,0.5476776646618265,2.181386945038773,0.5317460317460317,0.0,1.0,0.3106590054723365,-0.07778825340079557,1.489882163278277,20,20,10.281319618225098
488,,0.05276241658571192,0.002110496663428477,0.4231250822544098,0.25,0.25,0.25,0.6330935251798561,0.7377049180327869,0.275,0.15833333333333333,0.5666666666666667,0.5592935305163265,0.056,0.056,0.2,0.12091080934672564,0.49744501873558644,17.647058823529413,-1.0677971683731522,0.17647058823529413,0.010405398981305318,0.225,0.6583333333333333,0.11666666666666667,0.23333333333333334,0.23333333333333334,nan,nan,0.6269023153343696,4.687037726472942,0.5063291139240507,0.0,0.5,0.4070105196103774,-0.0904344991252091,1.630731807897884,20,20,6.891494274139404
489,,0.13257792711292876,0.003488892818761283,0.1237873338162899,0.0,0.0,0.0,0.49019607843137253,0.5882352941176471,0.31868131868131866,0.08241758241758242,0.5989010989010989,0.5616069373110996,1.0973684210526315,1.0973684210526315,0.10526315789473684,0.6105440663024402,0.45441883276526573,8.256880733944955,-1.0809206791228523,0.08256880733944955,0.19718044011762054,0.1043956043956044,0.8681318681318682,0.027472527472527472,0.0989010989010989,0.0989010989010989,nan,nan,0.9571896756458999,2.824209060678101,0.5759493670886076,0.0,0.8,0.3992691861662844,-0.05514964659898138,1.5134690886458881,20,20,19.364885091781616
490,,0.12069256765496462,0.004310448844820165,0.2129087045788765,0.05,0.05,0.05,0.47,0.5428571428571428,0.37681159420289856,0.09420289855072464,0.5289855072463768,0.5660389431120295,0.9303571428571429,0.9303571428571429,0.10714285714285714,0.3606407362573328,0.6021837828983898,13.698630136986301,-1.6942939250019247,0.136986301369863,0.28099579203292574,0.15942028985507245,0.4782608695652174,0.36231884057971014,0.2826086956521739,0.2826086956521739,nan,nan,1.1374446381132157,5.982980690160061,0.6060606060606061,0.02,0.46,0.5305709534880079,-0.07161282941038193,1.7798473536736297,20,20,10.545487642288208
491,,0.1456385681170102,0.0053940210413707486,0.15833575874567032,0.35,0.35,0.35,0.7323232323232324,0.75,0.436046511627907,0.23255813953488372,0.3313953488372093,0.5494740301812137,0.9481481481481482,0.9481481481481482,0.25925925925925924,0.5750883225991924,0.4412854184173538,15.789473684210526,-0.5556356753795294,0.15789473684210525,0.1608067430878763,0.1744186046511628,0.6511627906976745,0.1744186046511628,0.23255813953488372,0.23255813953488372,nan,nan,0.3988979467060506,1.9057713102992955,0.2857142857142857,0.16666666666666666,0.26666666666666666,0.39003917692759826,-0.05124624148975551,1.731743357464518,20,20,11.700882196426392
492,,0.1875460759283595,0.0050688128629286355,0.08391048535704612,0.1,0.1,0.1,0.7035573122529645,0.7272727272727273,0.5885167464114832,0.07655502392344497,0.3349282296650718,0.5406623287579497,1.7675675675675675,1.7675675675675675,0.13513513513513514,0.825893633371056,0.3007314798383723,4.285714285714286,-0.988912675843452,0.04285714285714286,0.31700142728836167,0.10526315789473684,0.8229665071770335,0.07177033492822966,0.11961722488038277,0.11961722488038277,nan,nan,0.7616136242048048,2.4489512344489013,0.31976744186046513,0.0,0.2,0.35280224937523746,0.05207076953686518,1.532888339287787,20,20,15.845180034637451
493,,0.15577259693171325,0.006490524872154718,0.10409509986639023,0.85,0.85,0.85,0.9253731343283582,0.9791666666666666,0.4961832061068702,0.11450381679389313,0.3893129770992366,0.5375480235787109,0.25833333333333336,0.25833333333333336,0.0,0.7409410496760094,0.2803373657841834,13.725490196078432,-0.11851857300617445,0.13725490196078433,0.06681144195367272,0.16793893129770993,0.5648854961832062,0.26717557251908397,0.2366412213740458,0.2366412213740458,nan,nan,0.09241666227809708,0.33273019159256134,0.3108108108108108,0.05714285714285714,0.4,0.21462680778453835,-0.06571055799964502,1.5355341499438757,20,20,4.036380052566528
494,,0.12859408943715037,0.004434278946108633,0.1317140318453312,0.2,0.2,0.2,0.6212121212121212,0.6363636363636364,0.5066666666666667,0.11333333333333333,0.38,0.5578783789007314,0.6982758620689655,0.6982758620689655,0.3103448275862069,0.5310047017369359,0.39821950309840415,8.771929824561402,-1.5465706251684483,0.08771929824561403,0.09637002447081815,0.18,0.7,0.12,0.17333333333333334,0.17333333333333334,nan,nan,0.7653771419386367,4.41410399517864,0.4095238095238095,0.0,0.1111111111111111,0.333506277156817,-0.06471322594158713,1.7502807301921892,20,20,12.681853294372559
495,,0.13014030579669325,0.005915468445304239,0.04017262160778046,0.75,0.75,0.75,0.84375,0.7058823529411765,0.6611570247933884,0.19834710743801653,0.14049586776859505,0.553388412296772,0.05,0.05,0.13636363636363635,0.601686019223742,0.30786750284873143,17.647058823529413,-0.3899400090261273,0.17647058823529413,0.01363864887672551,0.23140495867768596,0.32231404958677684,0.4462809917355372,0.256198347107438,0.256198347107438,nan,nan,0.079278031393244,0.1298526780355017,0.07692307692307693,0.2037037037037037,0.12962962962962962,0.21194130513721093,-0.09592619771152053,1.7000706845445357,20,20,3.885819911956787
496,,0.17675730854811503,0.006546566983263519,0.09035830199718475,0.55,0.55,0.55,0.7951219512195122,0.4666666666666667,0.6956521739130435,0.11956521739130435,0.18478260869565216,0.544701573997736,0.7907407407407407,0.7907407407407407,0.5555555555555556,0.7738048564663284,0.3396211950971486,0.0,-1.9359580442933946,0.0,0.0,0.15760869565217392,0.3858695652173913,0.45652173913043476,0.22826086956521738,0.22826086956521738,nan,nan,0.540887898944286,1.29320577443158,0.2112676056338028,0.047619047619047616,0.09523809523809523,0.34725771053150734,0.007636515434358726,2.0272577140194334,20,20,13.918944835662842
497,,0.20722648718077524,0.0071457409372681115,0.12862921133637428,0.75,0.75,0.75,0.964824120603015,0.7857142857142857,0.7193877551020408,0.20918367346938777,0.07142857142857142,0.5423245667190901,0.9844827586206897,0.9844827586206897,0.3793103448275862,0.9117820059013553,0.21978597255208998,0.0,-0.3003981054500369,0.0,0.0,0.10714285714285714,0.5102040816326531,0.3826530612244898,0.1989795918367347,0.1989795918367347,nan,nan,0.2694401695230986,0.7611792457486857,0.06,0.2,0.05333333333333334,0.2918849939055258,0.07209902135343584,1.8500326170070633,20,20,8.159431457519531
498,,0.19099367627598085,0.019099367627598084,0.020446501299738885,1.0,1.0,1.0,1.0,1.0,0.8527131782945736,0.10077519379844961,0.046511627906976744,0.5260625005885958,0.11,0.11,0.7,0.9992394228267546,0.018306117748109196,16.666666666666664,-0.05773274884490157,0.16666666666666666,0.0302631553259555,0.13953488372093023,0.5426356589147286,0.3178294573643411,0.20930232558139536,0.20930232558139536,nan,nan,0.02458334606636814,0.07262632251859373,0.07142857142857142,0.07317073170731707,0.024390243902439025,0.20071826530588877,0.18241214755777957,1.6230986126876976,20,20,3.8903555870056152
499,,0.250892872519582,0.010035714900783279,0.0778599426150322,0.95,0.95,0.95,1.0,1.0,0.7004830917874396,0.27053140096618356,0.028985507246376812,0.5344165355339646,1.002,1.002,0.88,0.9480299616036841,0.2805779940408072,0.0,-0.21196851998639707,0.0,0.0,0.10628019323671498,0.8309178743961353,0.06280193236714976,0.28019323671497587,0.28019323671497587,nan,nan,0.20628723958754186,0.6643499058926509,0.03488372093023256,0.15384615384615385,0.0,0.3823016476958439,0.10172365365503669,1.6825784287597905,20,20,7.58251690864563
500,,0.24696063790355294,0.01073741903928491,0.01877400726079941,1.0,1.0,1.0,1.0,1.0,0.6908212560386473,0.28019323671497587,0.028985507246376812,0.5271055052765523,0.9108695652173913,0.9108695652173913,1.1304347826086956,0.9827657349648832,0.09928743443028432,0.0,-0.30462064063977135,0.0,0.0,0.12077294685990338,0.6280193236714976,0.25120772946859904,0.28019323671497587,0.28019323671497587,nan,nan,0.17217171552184066,0.6058170704855637,0.03076923076923077,0.1346153846153846,0.019230769230769232,0.2966285683086529,0.1973411338783686,2.099837794461587,20,20,8.067412614822388
501,,0.18989738610805681,0.021099709567561867,0.014537212066352367,1.0,1.0,1.0,1.0,1.0,0.5514705882352942,0.4411764705882353,0.007352941176470588,0.5315328972828057,0.027777777777777776,0.027777777777777776,1.0,0.9991385912826859,0.017946560179279453,0.0,-0.006461093941312751,0.0,0.0,0.16911764705882354,0.3235294117647059,0.5073529411764706,0.23529411764705882,0.23529411764705882,nan,nan,0.02852057807015771,0.14572142831319715,0.0,0.4057971014492754,0.014492753623188406,0.19702086345057038,0.17907430327129092,2.3443542774813295,20,20,2.4893712997436523
502,,0.25380174862498317,0.007251478532142377,0.07017583250999451,0.8,0.8,0.8,0.9683098591549296,0.8571428571428571,0.7829181494661922,0.18505338078291814,0.03202846975088968,0.5454108555934258,1.4628571428571429,1.4628571428571429,0.7428571428571429,0.9362511680289676,0.3192382054835985,0.0,-0.4432256564603758,0.0,0.0,0.0711743772241993,0.8434163701067615,0.08540925266903915,0.2313167259786477,0.2313167259786477,nan,nan,0.30953940554375287,0.9308967575651171,0.03375527426160337,0.08333333333333333,0.0,0.35549509208636504,0.03625688660276656,1.7125760501491603,20,20,13.360975742340088
503,,0.24221340247612133,0.010531017498961797,0.015565799921751023,1.0,1.0,1.0,1.0,1.0,0.7628865979381443,0.22164948453608246,0.015463917525773196,0.49505926434193614,1.0391304347826087,1.0391304347826087,1.173913043478261,0.985678386431381,0.10920078488527218,0.0,-0.33391517879406224,0.0,0.0,0.08247422680412371,0.7783505154639175,0.13917525773195877,0.27319587628865977,0.27319587628865977,nan,nan,0.2021873345774519,0.6084520109346231,0.019867549668874173,0.14814814814814814,0.0,0.289298301737886,0.18009751685261383,1.607409427566252,20,20,6.867019176483154
504,,0.19060056943569872,0.019060056943569874,0.0262643750756979,1.0,1.0,1.0,1.0,0.0,0.7132867132867133,0.2867132867132867,0.0,0.5147483641654254,0.035,0.035,1.1,0.9982188644276213,0.03208955884964715,0.0,0.0,0.0,0.0,0.15384615384615385,0.46853146853146854,0.3776223776223776,0.25874125874125875,0.25874125874125875,nan,nan,0.020799003215942125,0.07517917082225584,0.0,0.2962962962962963,0.0,0.20636734326749867,0.17427778441785152,1.6671045344325874,20,20,2.824132204055786
505,,0.1898441302823369,0.02109379225359299,-0.008187322318553925,1.0,1.0,1.0,1.0,0.0,0.7313432835820896,0.26865671641791045,0.0,0.5053812430964576,0.06111111111111111,0.06111111111111111,1.2222222222222223,0.9990920448396716,0.026432221385774474,0.0,0.0,0.0,0.0,0.1865671641791045,0.17164179104477612,0.6417910447761194,0.17164179104477612,0.17164179104477612,nan,nan,0.03368342787290397,0.13238641965467499,0.0,0.23255813953488372,0.0,0.20361771840060122,0.17718549701482675,2.3236870959465556,20,20,2.631225824356079
506,,0.24876336022822937,0.007316569418477335,0.07366270869970322,0.85,0.85,0.85,0.9919678714859438,1.0,0.714859437751004,0.28112449799196787,0.004016064257028112,0.5348520494477056,1.4294117647058824,1.4294117647058824,1.3823529411764706,0.9164632833994597,0.2619103011930033,100.0,0.1251471716893925,1.0,0.1251471716893925,0.12048192771084337,0.5943775100401606,0.285140562248996,0.27710843373493976,0.27710843373493976,nan,nan,0.3395643305706253,0.9899341985171269,0.006756756756756757,0.15492957746478872,0.0,0.3384711017438854,0.07656080055088209,1.8769944404362047,20,20,11.827690601348877
507,,0.23341239356360244,0.008048703226331118,0.027812508679926396,0.95,0.95,0.95,0.9950980392156863,0.0,0.7892156862745098,0.2107843137254902,0.0,0.5406429768764767,0.7879310344827586,0.7879310344827586,0.7586206896551724,0.9547853646764216,0.2679144835911708,0.0,0.0,0.0,0.0,0.09803921568627451,0.8284313725490197,0.07352941176470588,0.27941176470588236,0.27941176470588236,nan,nan,0.1819213759141662,0.5742306752150851,0.0,0.0,0.0,0.3294874405376925,0.06157295694652169,1.6746509355093533,20,20,7.011848449707031
508,,0.19607814096788898,0.021786460107543218,-0.012700173258781432,1.0,1.0,1.0,1.0,0.0,0.8914728682170543,0.10852713178294573,0.0,0.5114492969018304,0.1388888888888889,0.1388888888888889,0.0,0.9982960063423482,0.03185119996319766,0.0,0.0,0.0,0.0,0.1937984496124031,0.5193798449612403,0.2868217054263566,0.2558139534883721,0.2558139534883721,nan,nan,0.03148248109957795,0.12166492691593837,0.0,0.05405405405405406,0.0,0.2128043712694355,0.18095317130623784,1.5725581199008984,20,20,1.9855082035064697
509,,0.24477981472988705,0.010642600640429873,0.007098446786403656,1.0,1.0,1.0,1.0,1.0,0.8341708542713567,0.16080402010050251,0.005025125628140704,0.5222824212973532,0.8543478260869565,0.8543478260869565,0.4782608695652174,0.9818826879383927,0.11670176961435177,100.0,0.009668766675015206,1.0,0.009668766675015206,0.11055276381909548,0.7537688442211056,0.135678391959799,0.24120603015075376,0.24120603015075376,nan,nan,0.16218801559971363,0.5686662383684624,0.006666666666666667,0.0,0.0,0.3156829374705703,0.19898116785621853,1.6336273338641694,20,20,6.813628673553467
510,,0.2389524947701844,0.009190480568084015,0.0006387799978256226,1.0,1.0,1.0,1.0,1.0,0.8186274509803921,0.17647058823529413,0.004901960784313725,0.5015143721651,0.75,0.75,0.2692307692307692,0.9787273544744985,0.11177840896392435,0.0,-0.15588996595482707,0.0,0.0,0.14215686274509803,0.35784313725490197,0.5,0.16666666666666666,0.16666666666666666,nan,nan,0.175364589420825,0.5693682089610526,0.0136986301369863,0.10784313725490197,0.0,0.29702685509972115,0.1852484461357968,1.673887696962167,20,20,6.933498382568359
511,,0.19203727372773477,0.024004659215966846,0.054923752695322035,1.0,1.0,1.0,1.0,0.0,0.9558823529411765,0.04411764705882353,0.0,0.5110686430707574,0.05625,0.05625,0.875,0.9987296716809332,0.028718967129916728,0.0,0.0,0.0,0.0,0.16911764705882354,0.4632352941176471,0.36764705882352944,0.20588235294117646,0.20588235294117646,nan,nan,0.01838051310050708,0.06031963513387515,0.0,0.02,0.0,0.20588167341613722,0.1771627062862205,1.4883820041947693,20,20,2.921091079711914
512,,0.2413677298338737,0.006704659162052047,0.08296354338526726,0.7,0.7,0.7,0.9523809523809523,1.0,0.9291044776119403,0.06343283582089553,0.007462686567164179,0.5149430249507229,1.5875,1.5875,0.027777777777777776,0.9471165361949333,0.21789847581548294,50.0,-0.09474522504012828,0.5,0.06632999029645514,0.06716417910447761,0.8917910447761194,0.041044776119402986,0.12313432835820895,0.12313432835820895,nan,nan,0.36681225373965365,0.8922654887334166,0.0041841004184100415,0.09090909090909091,0.0,0.3361823868221544,0.11828391100667146,1.6572867795164627,20,20,13.270293235778809
513,,0.20947083009677986,0.007758178892473328,0.06029899157583714,0.8,0.8,0.8,0.9901960784313726,1.0,0.9603960396039604,0.034653465346534656,0.0049504950495049506,0.5208664955295347,0.8351851851851851,0.8351851851851851,0.037037037037037035,0.9157377563411009,0.2680977802929929,0.0,-0.4398127537463545,0.0,0.0,0.08415841584158416,0.8267326732673267,0.0891089108910891,0.1188118811881188,0.1188118811881188,nan,nan,0.1777736783753625,0.62128375492535,0.005988023952095809,0.0,0.0,0.31961050804537205,0.05151272775237917,1.570986705153847,20,20,7.6633429527282715
514,,0.2287848970048573,0.008799419115571434,0.030643533542752267,0.9,0.9,0.9,0.995,0.0,0.98,0.02,0.0,0.522450139772935,0.8846153846153846,0.8846153846153846,0.07692307692307693,0.9427611350373184,0.22412502835649412,0.0,0.0,0.0,0.0,0.145,0.6,0.255,0.16,0.16,nan,nan,0.19482058874279118,0.5905469250479937,0.0,0.0196078431372549,0.0,0.3334894001679982,0.1093643718115041,1.7558613875602496,20,20,6.644390821456909
515,,0.21095191964492263,0.006204468224850665,0.06486066654324532,0.55,0.55,0.55,0.9254901960784314,1.0,0.9673469387755103,0.02857142857142857,0.004081632653061225,0.5206351603929172,1.5661764705882353,1.5661764705882353,0.23529411764705882,0.9177550509762428,0.24783787409586372,0.0,-0.4295001457414674,0.0,0.0,0.12653061224489795,0.5918367346938775,0.2816326530612245,0.14285714285714285,0.14285714285714285,nan,nan,0.383975969682589,1.0466646039645886,0.0,0.0,0.0,0.3228641532217569,0.07502627912589316,1.8566598878433687,20,20,12.763062715530396
516,,0.21280839703347335,0.0059113443620409266,0.08006230741739273,0.6,0.6,0.6,0.9473684210526315,0.0,0.9128630705394191,0.08713692946058091,0.0,0.5262140329021754,1.5305555555555554,1.5305555555555554,0.1388888888888889,0.8669923441386709,0.26883928969786564,0.0,0.0,0.0,0.0,0.05394190871369295,0.8962655601659751,0.04979253112033195,0.12863070539419086,0.12863070539419086,nan,nan,0.3955977247999752,0.9392772300770786,0.0,0.08333333333333333,0.0,0.3146120071893147,0.04577271749144904,1.5142238129650545,20,20,13.028929948806763
517,,0.19192492650619916,0.02132499183402213,0.011642960272729397,1.0,1.0,1.0,1.0,0.0,0.8931297709923665,0.10687022900763359,0.0,0.5229608599510458,0.08888888888888889,0.08888888888888889,0.0,0.9987042511296567,0.025192741510903338,0.0,0.0,0.0,0.0,0.16793893129770993,0.46564885496183206,0.366412213740458,0.1984732824427481,0.1984732824427481,nan,nan,0.020785001757851473,0.07038432473598205,0.0,0.125,0.0,0.20315957332959395,0.1779668318186906,1.6681448708086257,20,20,2.0706751346588135
518,,0.2277431541501902,0.00843493163519223,0.08730904646217823,0.8,0.8,0.8,0.9798994974874372,1.0,0.949748743718593,0.04522613065326633,0.005025125628140704,0.5330638582369795,1.037037037037037,1.037037037037037,0.25925925925925924,0.9323942264646,0.25733951469569527,0.0,-0.46842355507584343,0.0,0.0,0.12060301507537688,0.6884422110552764,0.19095477386934673,0.1507537688442211,0.1507537688442211,nan,nan,0.23931245652635527,0.6863303741031456,0.0072992700729927005,0.02631578947368421,0.0,0.3443757151002733,0.08703620040457803,1.60945077882725,20,20,6.942370414733887
519,,0.2566139770005467,0.007547469911780786,0.12229782342910767,0.9,0.9,0.9,0.9847908745247148,1.0,0.9310344827586207,0.06513409961685823,0.0038314176245210726,0.5198486821890316,1.4838235294117648,1.4838235294117648,0.29411764705882354,0.8986559370024684,0.40800936042057406,0.0,-0.16211499462710327,0.0,0.0,0.08812260536398467,0.7279693486590039,0.1839080459770115,0.13409961685823754,0.13409961685823754,nan,nan,0.3306503037673266,0.7453804752944,0.0,0.041666666666666664,0.0,0.36232207420909757,-0.04568728621147648,1.722561659064152,20,20,12.610531091690063
520,,0.229264841287519,0.0060332852970399736,0.08496388308703899,0.75,0.75,0.75,0.963855421686747,1.0,0.8930041152263375,0.102880658436214,0.00411522633744856,0.5327382620178948,1.3236842105263158,1.3236842105263158,0.23684210526315788,0.9021852950906203,0.26583746289405225,0.0,-0.5370918004929521,0.0,0.0,0.1111111111111111,0.6090534979423868,0.27983539094650206,0.15637860082304528,0.15637860082304528,nan,nan,0.3556002254361731,0.8998587090536037,0.006756756756756757,0.058823529411764705,0.0,0.3424255232062233,0.07658806031217108,1.8839245021733113,20,20,14.126022815704346
521,,0.19187808151538333,0.02131978683504259,0.017754200845956802,1.0,1.0,1.0,1.0,0.0,0.9365079365079365,0.06349206349206349,0.0,0.5009184764905108,0.07777777777777778,0.07777777777777778,1.0,0.9987502267794194,0.026362905039198442,0.0,0.0,0.0,0.0,0.15079365079365079,0.3968253968253968,0.4523809523809524,0.19047619047619047,0.19047619047619047,nan,nan,0.021329632605607836,0.08163217704928415,0.0,0.017543859649122806,0.0,0.2050486320759158,0.17868572703671737,1.6966294933920865,20,20,3.5914769172668457
522,,0.2494947373547751,0.007338080510434561,0.04024812057614326,0.8,0.8,0.8,0.95703125,0.0,0.900398406374502,0.099601593625498,0.0,0.5252062448903042,1.4970588235294118,1.4970588235294118,0.20588235294117646,0.9468486829782508,0.21968671178359148,0.0,0.0,0.0,0.0,0.13147410358565736,0.601593625498008,0.26693227091633465,0.199203187250996,0.199203187250996,nan,nan,0.3455637483918794,0.8685335880517341,0.0,0.0,0.0,0.3447233283969015,0.12503661661331003,1.781063831901637,20,20,11.769988059997559
523,,0.22371720553512583,0.008285822427226882,0.00018693841993808747,0.95,0.95,0.95,1.0,1.0,0.9289340101522843,0.050761421319796954,0.02030456852791878,0.5271673612434555,0.8092592592592592,0.8092592592592592,0.37037037037037035,0.9569678327576561,0.24963407363008283,25.0,-0.2031967695532419,0.25,0.013768307350820824,0.1319796954314721,0.3299492385786802,0.5380710659898477,0.15228426395939088,0.15228426395939088,nan,nan,0.19100996706565218,0.5224321373655537,0.046153846153846156,0.009433962264150943,0.0,0.2929483829132084,0.04331430928312556,1.8765949299221514,20,20,11.769667625427246
524,,0.24101674702762038,0.010042364459484183,0.004013894125819206,1.0,1.0,1.0,1.0,0.0,0.8229665071770335,0.17703349282296652,0.0,0.48101455423651107,0.8375,0.8375,0.6666666666666666,0.9795543056513201,0.13281442889573977,0.0,0.0,0.0,0.0,0.1339712918660287,0.5454545454545454,0.32057416267942584,0.24880382775119617,0.24880382775119617,nan,nan,0.15746774656298715,0.5125678777171152,0.0,0.07462686567164178,0.0,0.3240080042183399,0.19119357532260015,1.904650599168468,20,20,7.7453672885894775
525,,0.22685557562313607,0.008725214447043696,0.020615272223949432,0.9,0.9,0.9,0.9808612440191388,1.0,0.7971014492753623,0.18840579710144928,0.014492753623188406,0.5024735619278194,0.7942307692307692,0.7942307692307692,0.23076923076923078,0.9596855928996899,0.23616996837152882,0.0,-0.19204316259372403,0.0,0.0,0.1497584541062802,0.5410628019323671,0.30917874396135264,0.2463768115942029,0.2463768115942029,nan,nan,0.16817176262758737,0.7146395968825684,0.0,0.1875,0.015625,0.36837984486655656,0.13220987649502774,1.7724778201682359,20,20,7.0006303787231445
526,,0.234714462677253,0.009779769278218874,0.002002108469605446,1.0,1.0,1.0,1.0,0.0,0.7397959183673469,0.2602040816326531,0.0,0.5027136854749794,0.7833333333333333,0.7833333333333333,0.4583333333333333,0.9776775503758847,0.1429825949075704,0.0,0.0,0.0,0.0,0.12244897959183673,0.5,0.37755102040816324,0.25510204081632654,0.25510204081632654,nan,nan,0.15877493451204003,0.6198023409374279,0.0,0.17567567567567569,0.0,0.3123420499550938,0.1693594550475234,1.8658601659437846,20,20,6.601084470748901
527,,0.24897988676278682,0.011317267580126673,-0.009926818124949933,1.0,1.0,1.0,1.0,0.0,0.7871287128712872,0.21287128712871287,0.0,0.5037579686973582,0.9545454545454546,0.9545454545454546,0.3181818181818182,0.9799113481604139,0.11354112898011662,0.0,0.0,0.0,0.0,0.10891089108910891,0.8118811881188119,0.07920792079207921,0.28217821782178215,0.28217821782178215,nan,nan,0.16580974668450713,0.5112539488528132,0.0,0.125,0.0,0.3172270379141818,0.20368590893406516,1.662819526660061,20,20,6.990774631500244
528,,0.23631229174770307,0.0062187445196763965,0.033795060217380525,0.75,0.75,0.75,0.9618320610687023,0.0,0.915057915057915,0.08494208494208494,0.0,0.49182903864175864,1.3526315789473684,1.3526315789473684,0.18421052631578946,0.9307778668658947,0.23737912124349714,0.0,0.0,0.0,0.0,0.06563706563706563,0.749034749034749,0.18532818532818532,0.15057915057915058,0.15057915057915058,nan,nan,0.34204595304053576,0.8185891533977603,0.0,0.0,0.0,0.34317269870772366,0.10579357746422653,1.6547773722791397,20,20,12.673251390457153
529,,0.23162771447074848,0.010528532475943113,-0.02311634421348572,1.0,1.0,1.0,1.0,0.0,0.7076923076923077,0.2923076923076923,0.0,0.4759252452122217,0.6863636363636364,0.6863636363636364,0.4090909090909091,0.9877688803066321,0.09842618834749339,0.0,0.0,0.0,0.0,0.1641025641025641,0.6717948717948717,0.1641025641025641,0.3435897435897436,0.3435897435897436,nan,nan,0.11215999819289325,0.43731211912072615,0.0,0.125,0.0,0.29240625372448953,0.19398006537699614,1.9947806041582405,20,20,6.23257040977478
530,,0.18985801769519753,0.021095335299466392,-0.010759360156953335,1.0,1.0,1.0,1.0,1.0,0.8467741935483871,0.14516129032258066,0.008064516129032258,0.48841941554306284,0.09444444444444444,0.09444444444444444,1.1111111111111112,0.999125416463605,0.024729471942973674,0.0,-0.021456807377341236,0.0,0.0,0.1774193548387097,0.5161290322580645,0.3064516129032258,0.20967741935483872,0.20967741935483872,nan,nan,0.02054625501711668,0.07546433375481054,0.0,0.13157894736842105,0.02631578947368421,0.20682658649994623,0.18209711455697256,1.846872233439135,20,20,2.204172372817993
531,,0.23953377545393792,0.009980573977247413,0.05568498522043228,0.9,0.9,0.9,0.9850746268656716,1.0,0.8793969849246231,0.10552763819095477,0.01507537688442211,0.4754528323188424,1.0833333333333333,1.0833333333333333,0.16666666666666666,0.947139244462496,0.24140445063369098,0.0,-0.08129976149102179,0.0,0.0,0.10552763819095477,0.7939698492462312,0.10050251256281408,0.20100502512562815,0.20100502512562815,nan,nan,0.21048289725658004,0.6321499035338621,0.0189873417721519,0.0,0.0,0.3350718019770498,0.09366735134335878,1.621530336385651,20,20,7.149988651275635
532,,0.23824945190834176,0.00952997807633367,-0.0002357490360736847,0.95,0.95,0.95,0.9900990099009901,0.0,0.7810945273631841,0.21890547263681592,0.0,0.45586344819143415,0.79,0.79,0.72,0.9580858046554407,0.20037805461092653,0.0,0.0,0.0,0.0,0.11940298507462686,0.7164179104477612,0.16417910447761194,0.25870646766169153,0.25870646766169153,nan,nan,0.16791155975902305,0.6810556005753199,0.0,0.12121212121212122,0.0,0.39101613041054467,0.19063807579961814,1.5728721485385995,20,20,6.932779312133789
533,,0.23784629226286239,0.009910262177619266,0.001893315464258194,1.0,1.0,1.0,1.0,1.0,0.84,0.155,0.005,0.4796695069351699,0.8208333333333333,0.8208333333333333,0.3333333333333333,0.9743602797042215,0.1683525626392564,0.0,-0.44766026675592724,0.0,0.0,0.1,0.665,0.235,0.205,0.205,nan,nan,0.1592273472410003,0.5181350466523129,0.007518796992481203,0.1276595744680851,0.0,0.34492964922167446,0.17657708658241805,1.9029760152828952,20,20,7.071936130523682
534,,0.2172431747799568,0.00804604351036877,0.03932413756847382,0.9,0.9,0.9,0.995,0.0,0.935,0.06,0.005,0.47193134321520724,0.8574074074074074,0.8574074074074074,0.14814814814814814,0.9119941349670941,0.3410527768484565,0.0,-0.21187785087136735,0.0,0.0,0.12,0.635,0.245,0.175,0.175,nan,nan,0.18356677174595376,0.6376831048555046,0.0,0.0,0.0,0.3485303704699275,0.007477593621471032,1.7334382262058075,20,20,6.509919166564941
535,,0.20657552868755832,0.007123294092674425,0.06084426082670689,0.75,0.75,0.75,0.9556650246305419,1.0,0.9797979797979798,0.015151515151515152,0.005050505050505051,0.45960123778385076,0.9448275862068966,0.9448275862068966,0.1724137931034483,0.9125861761533197,0.21265806450649616,100.0,0.0326935614721206,1.0,0.0326935614721206,0.07575757575757576,0.30808080808080807,0.6161616161616161,0.08585858585858586,0.08585858585858586,nan,nan,0.24939032826105278,0.7387668485180765,0.01639344262295082,0.00819672131147541,0.0,0.29475095137881074,0.08209288687231457,1.908103739127641,20,20,13.66892147064209
536,,0.25519825175751504,0.009451787102130186,0.02363668717443943,0.95,0.95,0.95,0.9947916666666666,1.0,0.9322916666666666,0.0625,0.005208333333333333,0.4725537888119342,1.012962962962963,1.012962962962963,0.037037037037037035,0.9738105823376613,0.168268918295729,0.0,-0.5712538023233619,0.0,0.0,0.09895833333333333,0.8229166666666666,0.078125,0.16145833333333334,0.16145833333333334,nan,nan,0.23376467155257777,0.6586825884357037,0.006329113924050633,0.0,0.0,0.3303608294068221,0.1620919111110931,1.8033584679007932,20,20,8.296815156936646
537,,0.22340084209668773,0.006205578947130214,0.059148789197206494,0.7,0.7,0.7,0.9490196078431372,0.0,0.951417004048583,0.048582995951417005,0.0,0.45604710604271126,1.4111111111111112,1.4111111111111112,0.1111111111111111,0.9097157788616506,0.2561134720150393,0.0,0.0,0.0,0.0,0.06072874493927125,0.8502024291497976,0.08906882591093117,0.0931174089068826,0.0931174089068826,nan,nan,0.3475249018937454,0.862667983989438,0.0,0.09090909090909091,0.0,0.3243331078435698,0.06821963582853044,1.7438161404475572,20,20,11.321530818939209
538,,0.2398080754168556,0.009223387516032907,0.010539509169757367,0.9,0.9,0.9,0.9901960784313726,0.0,0.9306930693069307,0.06930693069306931,0.0,0.4641470899382302,0.8884615384615384,0.8884615384615384,0.07692307692307693,0.9660769281740167,0.17249862843136132,0.0,0.0,0.0,0.0,0.12376237623762376,0.6188118811881188,0.25742574257425743,0.19306930693069307,0.19306930693069307,nan,nan,0.1917974369407786,0.5479344995730169,0.0,0.0,0.0,0.3234068362239658,0.1509082077926045,1.81799502798058,20,20,8.591753482818604
539,,0.24133182805088724,0.00965327312203549,0.02842560112476349,0.9,0.9,0.9,0.9851485148514851,1.0,0.8793969849246231,0.11055276381909548,0.010050251256281407,0.48674681431055067,1.212,1.212,0.36,0.9747565859413939,0.1591552584265137,0.0,-0.0686422532437337,0.0,0.0,0.09547738693467336,0.8442211055276382,0.06030150753768844,0.17587939698492464,0.17587939698492464,nan,nan,0.2559904018556872,0.652219622954973,0.005952380952380952,0.25,0.0,0.30655217569549764,0.14739691726898393,1.5573838818403611,20,20,7.548584938049316
540,,0.16026297623175856,0.006677624009656606,0.046868357062339785,0.9,0.9,0.9,0.9436619718309859,1.0,0.9197080291970803,0.043795620437956206,0.0364963503649635,0.5022883639535091,0.041666666666666664,0.041666666666666664,0.2916666666666667,0.7773616576864164,0.30811301585093287,40.0,-0.028043598364186566,0.4,0.0024399538750378563,0.15328467153284672,0.17518248175182483,0.6715328467153284,0.1897810218978102,0.1897810218978102,nan,nan,0.026912239159179754,0.073763108712012,0.041666666666666664,0.03260869565217391,0.03260869565217391,0.2102107228349848,-0.09790229301594806,1.831476217309325,20,20,6.373158931732178
541,,0.2468859934592104,0.006672594417816497,0.1343889579176903,0.8,0.8,0.8,0.9655172413793104,1.0,0.8549019607843137,0.13725490196078433,0.00784313725490196,0.5119839792429294,1.4905405405405405,1.4905405405405405,0.35135135135135137,0.9413563253579306,0.24657031647250102,0.0,-0.2974818569319214,0.0,0.0,0.09019607843137255,0.788235294117647,0.12156862745098039,0.2,0.2,nan,nan,0.3585498157305363,0.8834949459677233,0.009950248756218905,0.03225806451612903,0.0,0.34412639474212997,0.09755607826962895,1.9478087926219372,20,20,13.698338508605957
542,,0.1881723041778592,0.0235215380222324,0.009901693835854531,1.0,1.0,1.0,1.0,0.0,0.704,0.296,0.0,0.5110940648242831,0.075,0.075,1.125,0.997969567491557,0.039422150649422866,0.0,0.0,0.0,0.0,0.248,0.112,0.64,0.24,0.24,nan,nan,0.02541780694783352,0.09836290006339944,0.0,0.325,0.0,0.21215280493632246,0.1727306542868996,2.4022113079231806,20,20,2.1099469661712646
543,,0.2329198896007682,0.008958457292337239,0.041117041185498235,0.95,0.95,0.95,0.9949494949494949,1.0,0.803030303030303,0.1919191919191919,0.005050505050505051,0.5145800853828685,0.8442307692307692,0.8442307692307692,0.5384615384615384,0.9623640093870987,0.23426159187361767,0.0,-0.016469860645206946,0.0,0.0,0.12626262626262627,0.6818181818181818,0.1919191919191919,0.25252525252525254,0.25252525252525254,nan,nan,0.18080069390939296,0.5825248773063298,0.007407407407407408,0.07894736842105263,0.0,0.35048944102658014,0.11622784915296247,1.725223355155806,20,20,6.912839651107788
544,,0.2417266458186088,0.008952838734022549,0.027838938310742377,1.0,1.0,1.0,1.0,1.0,0.7395833333333334,0.25,0.010416666666666666,0.48537491607583233,0.8333333333333334,0.8333333333333334,0.48148148148148145,0.9808248881217463,0.13170250724253535,0.0,-0.02277932812365588,0.0,0.0,0.140625,0.5260416666666666,0.3333333333333333,0.265625,0.265625,nan,nan,0.19727479419415625,0.6341924139611897,0.009900990099009901,0.140625,0.0,0.3271080786367656,0.19540557139423026,1.9900343161003748,20,20,7.334861755371094
545,,0.18980839185662826,0.023726048982078533,-0.014038717560470104,1.0,1.0,1.0,1.0,0.0,0.9552238805970149,0.04477611940298507,0.0,0.492891407944262,0.05,0.05,1.0,0.9990478438656761,0.020370317046069425,0.0,0.0,0.0,0.0,0.17164179104477612,0.14925373134328357,0.6791044776119403,0.1791044776119403,0.1791044776119403,nan,nan,0.023892493613014383,0.054955555765057305,0.0,0.01098901098901099,0.0,0.20102748826768443,0.180657171221615,1.7663254449118553,20,20,3.7384486198425293
546,,0.24067007604027865,0.009626803041611147,-0.0033183418214321136,1.0,1.0,1.0,1.0,1.0,0.77,0.225,0.005,0.5117342936918139,0.79,0.79,0.76,0.9561159929913665,0.18362292723645773,0.0,-0.33670900835819434,0.0,0.0,0.135,0.38,0.485,0.245,0.245,nan,nan,0.18145400885258522,0.6798892092651307,0.0,0.18556701030927836,0.010309278350515464,0.3627854736175776,0.1791625463811199,1.8135310171005348,20,20,7.569272994995117
547,,0.19277936556141603,0.021419929506824004,-0.0032117786817252637,1.0,1.0,1.0,1.0,1.0,0.8125,0.171875,0.015625,0.5057120160924063,0.07777777777777778,0.07777777777777778,0.2222222222222222,0.998375253665638,0.02955045705250381,50.0,-0.048845092029234385,0.5,0.0011951826612862718,0.2265625,0.46875,0.3046875,0.296875,0.296875,nan,nan,0.022864019169496652,0.09110706508237305,0.016666666666666666,0.15384615384615385,0.0,0.20773078413925794,0.17818032708675413,1.951120638660318,20,20,2.2344119548797607
548,,0.18941041216383275,0.023676301520479094,0.014431550726294517,1.0,1.0,1.0,1.0,0.0,0.9007633587786259,0.09923664122137404,0.0,0.4901067418162711,0.1125,0.1125,0.0,0.998805725445798,0.026573188051927266,0.0,0.0,0.0,0.0,0.24427480916030533,0.22137404580152673,0.5343511450381679,0.26717557251908397,0.26717557251908397,nan,nan,0.022325496135644017,0.08387002197617907,0.0,0.14285714285714285,0.0,0.20037533462408066,0.1738021465721534,1.879030353149408,20,20,2.165360450744629
549,,0.2360593123487601,0.006379981414831354,0.10484742671251297,0.75,0.75,0.75,0.9642857142857143,1.0,0.9473684210526315,0.048582995951417005,0.004048582995951417,0.5136081340194151,1.4135135135135135,1.4135135135135135,0.13513513513513514,0.909484067018817,0.3076395240218425,0.0,-0.38605731722939785,0.0,0.0,0.08097165991902834,0.8906882591093117,0.02834008097165992,0.12955465587044535,0.12955465587044535,nan,nan,0.34876458329427446,0.8333917466713161,0.004545454545454545,0.0,0.0,0.35072621966619577,0.04308669564435323,1.6885142914884246,20,20,11.622121334075928
550,,0.24712261141648625,0.00988490445665945,0.059480608254671094,0.9,0.9,0.9,0.9798994974874372,0.0,0.9545454545454546,0.045454545454545456,0.0,0.5158715144246817,1.06,1.06,0.04,0.9630554849430202,0.20771115777609905,0.0,0.0,0.0,0.0,0.09090909090909091,0.8080808080808081,0.10101010101010101,0.13636363636363635,0.13636363636363635,nan,nan,0.22084697958711608,0.5869487207292197,0.0,0.0,0.0,0.3485221799810033,0.14081102220490427,1.6699409795044609,20,20,6.567295074462891
551,,0.18971062964916852,0.02107895884990761,0.01368052363395691,1.0,1.0,1.0,1.0,0.0,0.9785714285714285,0.02142857142857143,0.0,0.5166743652688133,0.044444444444444446,0.044444444444444446,0.3333333333333333,0.9979159671565313,0.031073405544656624,0.0,0.0,0.0,0.0,0.22857142857142856,0.4642857142857143,0.30714285714285716,0.24285714285714285,0.24285714285714285,nan,nan,0.016021707712611112,0.05390459067002661,0.0,0.023255813953488372,0.0,0.20706398303009854,0.17599057748544192,1.5923835260510477,20,20,2.4766194820404053
552,,0.19413779840799728,0.02426722480099966,-0.00866886880248785,1.0,1.0,1.0,1.0,1.0,0.9923664122137404,0.0,0.007633587786259542,0.5160117037128658,0.05625,0.05625,0.75,0.9992052586478849,0.028229787761782366,100.0,0.04422366762143508,1.0,0.04422366762143508,0.17557251908396945,0.549618320610687,0.2748091603053435,0.17557251908396945,0.17557251908396945,nan,nan,0.019649625471873957,0.05094939051386203,0.013888888888888888,0.0,0.0,0.21221216347952795,0.1839823757177456,1.47324505371955,20,20,3.900167226791382
553,,0.18692541676965402,0.02076949075218378,0.0007110662758350372,1.0,1.0,1.0,1.0,0.0,0.875968992248062,0.12403100775193798,0.0,0.5162406673034032,0.05555555555555555,0.05555555555555555,0.2222222222222222,0.998925662209902,0.02171569465536391,0.0,0.0,0.0,0.0,0.20155038759689922,0.4573643410852713,0.34108527131782945,0.29457364341085274,0.29457364341085274,nan,nan,0.012364692597938085,0.04948276493623437,0.0,0.09090909090909091,0.0,0.20093472936733747,0.17921903471197356,1.945586952171897,20,20,2.3346874713897705
554,,0.2415651149473877,0.009662604597895507,0.07685615941882133,1.0,1.0,1.0,1.0,0.0,0.9178743961352657,0.0821256038647343,0.0,0.5137969975359737,0.88,0.88,0.44,0.9787516928873251,0.14917527875904893,0.0,0.0,0.0,0.0,0.15458937198067632,0.45410628019323673,0.391304347826087,0.21739130434782608,0.21739130434782608,nan,nan,0.17943591972184653,0.53497614178675,0.0,0.04938271604938271,0.0,0.33108868571821193,0.181913406959163,2.0605714013358125,20,20,7.136022567749023
555,,0.19274003589662203,0.016061669658051836,-0.0020392756909132005,1.0,1.0,1.0,1.0,0.0,0.984375,0.0078125,0.0078125,0.49970269206290446,0.09166666666666666,0.09166666666666666,0.5,0.9987256070056257,0.02967309485646505,0.0,-0.01142456894819513,0.0,0.0,0.15625,0.453125,0.390625,0.1640625,0.1640625,nan,nan,0.02495745259962633,0.09079668532883078,0.0,0.02,0.02,0.20318866827957027,0.17351557342310522,1.8376641980025765,20,20,3.98049259185791
556,,0.21705845086771128,0.008039201883989306,0.03655446525663138,0.85,0.85,0.85,0.9855769230769231,0.0,0.9611650485436893,0.038834951456310676,0.0,0.5267994702276256,0.8537037037037037,0.8537037037037037,0.2962962962962963,0.9355752666206495,0.27747847095391887,0.0,0.0,0.0,0.0,0.13106796116504854,0.4077669902912621,0.46116504854368934,0.16019417475728157,0.16019417475728157,nan,nan,0.19764248015961908,0.7123434074177349,0.0,0.0,0.0,0.3423528955663723,0.0648744246124534,1.8671403086462983,20,20,9.858726024627686
557,,0.24632161672248834,0.010263400696770347,0.02859881743788719,0.95,0.95,0.95,1.0,1.0,0.7810945273631841,0.21393034825870647,0.004975124378109453,0.4976893436076352,0.9979166666666667,0.9979166666666667,0.2916666666666667,0.9615677324357615,0.24422370037242658,0.0,-0.14072966953424715,0.0,0.0,0.0945273631840796,0.6119402985074627,0.2935323383084577,0.2736318407960199,0.2736318407960199,nan,nan,0.1879963814664002,0.647610045191083,0.0,0.1016949152542373,0.01694915254237288,0.3467401461479399,0.10251644577551332,1.9592678767658342,20,20,7.196990251541138
558,,0.23822793131026543,0.008823256715195016,0.03345003966242075,0.9,0.9,0.9,0.9796954314720813,1.0,0.8564102564102564,0.13846153846153847,0.005128205128205128,0.5179106902469087,0.9111111111111111,0.9111111111111111,0.3333333333333333,0.9787399157297088,0.12960277561855732,0.0,-0.01262538825832149,0.0,0.0,0.07179487179487179,0.7743589743589744,0.15384615384615385,0.20512820512820512,0.20512820512820512,nan,nan,0.20409548026076782,0.7043681042020339,0.006622516556291391,0.03333333333333333,0.0,0.3070206536432739,0.1774178780247166,1.7441751074098308,20,20,7.147096872329712
559,,0.1918592361952591,0.01918592361952591,0.0038621462881565094,1.0,1.0,1.0,1.0,0.0,0.9302325581395349,0.06976744186046512,0.0,0.5101944151893258,0.09,0.09,0.2,0.9980981425276546,0.0321435154179934,0.0,0.0,0.0,0.0,0.20155038759689922,0.2248062015503876,0.5736434108527132,0.20155038759689922,0.20155038759689922,nan,nan,0.028837628211331758,0.08278021631093087,0.0,0.06756756756756757,0.0,0.20751281468270832,0.17536929926471492,1.7282106658732954,20,20,2.395127773284912
560,,0.18755857669072204,0.02083984185452467,0.00859696175903082,1.0,1.0,1.0,1.0,1.0,0.9790209790209791,0.013986013986013986,0.006993006993006993,0.4929933478434881,0.05555555555555555,0.05555555555555555,0.7777777777777778,0.9989953488168956,0.021603615734040155,0.0,-0.041481811645819155,0.0,0.0,0.1958041958041958,0.1258741258741259,0.6783216783216783,0.2097902097902098,0.2097902097902098,nan,nan,0.024177231831784166,0.06657083902011701,0.0,0.010309278350515464,0.010309278350515464,0.19866653230196027,0.17706291656792011,1.6396810845903922,20,20,4.155371904373169
561,,0.2564254081656024,0.009862515698677014,0.01765102818608284,0.95,0.95,0.95,0.985,0.0,0.9191919191919192,0.08080808080808081,0.0,0.50189886437729,1.0461538461538462,1.0461538461538462,0.2692307692307692,0.9726906181134574,0.14442810753460616,0.0,0.0,0.0,0.0,0.1111111111111111,0.8080808080808081,0.08080808080808081,0.18181818181818182,0.18181818181818182,nan,nan,0.22981218896304606,0.7172501051846796,0.0,0.0,0.0,0.34200456846248906,0.1975764609278829,1.8228676062860663,20,20,7.752772569656372
562,,0.18895101243437742,0.023618876554297178,0.07447299808263778,1.0,1.0,1.0,1.0,0.0,0.9323308270676691,0.06766917293233082,0.0,0.5090051692910492,0.025,0.025,0.0,0.9984329717254932,0.0276711639205188,0.0,0.0,0.0,0.0,0.21804511278195488,0.21804511278195488,0.5639097744360902,0.21052631578947367,0.21052631578947367,nan,nan,0.01770504018581204,0.05418172721893191,0.0,0.08,0.0,0.20324849316503882,0.17557732924452002,1.7722298727729753,20,20,2.1606502532958984
563,,0.22614084168386553,0.00904563366735462,0.031042367219924927,0.9,0.9,0.9,0.9948186528497409,0.0,0.9481865284974094,0.05181347150259067,0.0,0.5106930029094219,0.874,0.874,0.36,0.9793441462101412,0.14824778285284104,0.0,0.0,0.0,0.0,0.15544041450777202,0.6994818652849741,0.14507772020725387,0.19689119170984457,0.19689119170984457,nan,nan,0.18184228087551896,0.6591779567641943,0.0,0.07142857142857142,0.0,0.2917797216839846,0.14353193883114354,1.7589564307775174,20,20,6.142955303192139
564,,0.24049300252353178,0.009249730866289683,0.030710625275969506,0.9,0.9,0.9,0.98,0.0,0.9292929292929293,0.0707070707070707,0.0,0.5008158509897139,0.9923076923076923,0.9923076923076923,0.19230769230769232,0.9657782518351974,0.177037483586623,0.0,0.0,0.0,0.0,0.10606060606060606,0.8181818181818182,0.07575757575757576,0.1717171717171717,0.1717171717171717,nan,nan,0.21186949813007486,0.7241157569242295,0.0,0.06666666666666667,0.0,0.32333810759935433,0.14630062401273133,1.6843653355031423,20,20,7.385742664337158
565,,0.18801796045302813,0.020890884494780902,0.0010735919699072839,1.0,1.0,1.0,1.0,0.0,0.8076923076923077,0.19230769230769232,0.0,0.5030970668834117,0.027777777777777776,0.027777777777777776,0.1111111111111111,0.9985425992003433,0.02708666794395287,0.0,0.0,0.0,0.0,0.2076923076923077,0.2692307692307692,0.5230769230769231,0.2923076923076923,0.2923076923076923,nan,nan,0.010664311550350584,0.04023738598228119,0.0,0.14705882352941177,0.0,0.2030044874480857,0.17591781950413282,2.2284326188177155,20,20,2.307004690170288
566,,0.26171090207088027,0.00793063339608728,0.0557270485907793,0.9,0.9,0.9,0.9730769230769231,0.0,0.890625,0.109375,0.0,0.5099408804551896,1.5333333333333334,1.5333333333333334,0.45454545454545453,0.9591951142429658,0.24130456236982997,0.0,0.0,0.0,0.0,0.07421875,0.8515625,0.07421875,0.171875,0.171875,nan,nan,0.3313231053200284,0.8601847933871278,0.0,0.05263157894736842,0.0,0.37236961568035415,0.13106505331052418,1.6115160379912508,20,20,12.71589970588684
567,,0.2502645482684794,0.009625559548787669,0.03094579316675663,0.95,0.95,0.95,1.0,0.0,0.9035532994923858,0.09644670050761421,0.0,0.5257599407377151,0.9653846153846154,0.9653846153846154,0.07692307692307693,0.9668568647906894,0.21276857378857217,0.0,0.0,0.0,0.0,0.08629441624365482,0.8375634517766497,0.07614213197969544,0.17258883248730963,0.17258883248730963,nan,nan,0.21095670287053217,0.5987706126279962,0.0,0.0,0.0,0.37189287176036995,0.15912429797179778,1.6207141461426597,20,20,6.7977294921875
568,,0.24130452296003893,0.010054355123334956,0.01862853839993477,0.95,0.95,0.95,0.979381443298969,0.0,0.8697916666666666,0.13020833333333334,0.0,0.5349626471637748,1.0395833333333333,1.0395833333333333,0.25,0.9856174292378606,0.10664603139949957,0.0,0.0,0.0,0.0,0.08854166666666667,0.8333333333333334,0.078125,0.20833333333333334,0.20833333333333334,nan,nan,0.20929596509712056,0.5983879901480891,0.0,0.0,0.0,0.3049744160120992,0.1983283846125996,1.6318969694898149,20,20,6.457066297531128
569,,0.23037197792341635,0.009214879116936654,0.014371411316096783,1.0,1.0,1.0,1.0,0.0,0.8660287081339713,0.1339712918660287,0.0,0.5125618354603648,0.754,0.754,0.6,0.9818164661549322,0.1372184343026175,0.0,0.0,0.0,0.0,0.09569377990430622,0.5502392344497608,0.35406698564593303,0.21052631578947367,0.21052631578947367,nan,nan,0.1428530940652637,0.4948012336525757,0.0,0.02702702702702703,0.0,0.31161097518597314,0.17439254088335565,1.5918270920916548,20,20,6.983299493789673
570,,0.24694182939266276,0.00987767317570651,-0.03410983793437481,1.0,1.0,1.0,1.0,0.0,0.923469387755102,0.07653061224489796,0.0,0.5144240175038576,0.816,0.816,0.2,0.9789711346335785,0.15386187831039275,0.0,0.0,0.0,0.0,0.11224489795918367,0.7397959183673469,0.14795918367346939,0.18877551020408162,0.18877551020408162,nan,nan,0.1663518975891949,0.5339746722452894,0.0,0.0,0.0,0.34232924406850196,0.1884673657581092,1.6047618340946468,20,20,6.28588342666626
571,,0.1902093153098329,0.023776164413729112,0.013932595774531365,1.0,1.0,1.0,1.0,0.0,0.8682170542635659,0.13178294573643412,0.0,0.5108476392226293,0.05,0.05,0.0,0.9986729798287673,0.028222757961498618,0.0,0.0,0.0,0.0,0.21705426356589147,0.29457364341085274,0.4883720930232558,0.26356589147286824,0.26356589147286824,nan,nan,0.014228716816325355,0.04434519941243812,0.0,0.14285714285714285,0.0,0.20705553254921794,0.17883277458771932,1.8101243019293247,20,20,2.0130555629730225
572,,0.22374051017456045,0.008949620406982418,-0.0016485415399074554,0.9,0.9,0.9,0.9744897959183674,0.0,0.7474226804123711,0.25257731958762886,0.0,0.5196937815994024,0.744,0.744,0.44,0.9711248407419788,0.19298150748072432,0.0,0.0,0.0,0.0,0.13917525773195877,0.4690721649484536,0.3917525773195876,0.2422680412371134,0.2422680412371134,nan,nan,0.1657380566292862,0.6919516110325972,0.0,0.2236842105263158,0.0,0.3154002701443888,0.1224187626636645,1.9547943624358766,20,20,7.2148051261901855
573,,0.26461776534551446,0.007151831495824715,0.018671195022761822,0.9,0.9,0.9,0.9885931558935361,0.0,0.8625954198473282,0.13740458015267176,0.0,0.508162587674687,1.2648648648648648,1.2648648648648648,0.24324324324324326,0.9534388713468397,0.23304333322757087,0.0,0.0,0.0,0.0,0.08778625954198473,0.8244274809160306,0.08778625954198473,0.21755725190839695,0.21755725190839695,nan,nan,0.29981456749498275,0.8308224671619205,0.0,0.0,0.0,0.34544670799770516,0.11240337477013428,1.7124609180464967,20,20,11.53824234008789
574,,0.2596022072980904,0.008112568978065325,0.04064803496003151,0.9,0.9,0.9,0.9846743295019157,0.0,0.8108108108108109,0.1891891891891892,0.0,0.509705326159019,1.453125,1.453125,0.65625,0.9584715460089275,0.21022917476305442,0.0,0.0,0.0,0.0,0.07335907335907337,0.8841698841698842,0.04247104247104247,0.23166023166023167,0.23166023166023167,nan,nan,0.29857852602295043,0.7980734819197471,0.0,0.18181818181818182,0.0,0.3384052480562965,0.1281760732932421,1.7814242968716503,20,20,10.89176321029663
575,,0.23529701096881978,0.0090498850372623,0.030028335750102997,0.95,0.95,0.95,0.9948717948717949,1.0,0.7692307692307693,0.22564102564102564,0.005128205128205128,0.49846997132095006,1.001923076923077,1.001923076923077,0.6923076923076923,0.9418702078754874,0.2990995161606504,0.0,-0.26645086163087517,0.0,0.0,0.08205128205128205,0.7076923076923077,0.21025641025641026,0.24102564102564103,0.24102564102564103,nan,nan,0.2149096504324261,0.6111250691530289,0.007246376811594203,0.12195121951219512,0.0,0.3175561149419955,0.018456598781345104,1.8850985063373038,20,20,7.786585330963135
576,,0.22965064053211262,0.008505579278967133,0.05594067685306072,0.85,0.85,0.85,0.9790575916230366,0.0,0.9057591623036649,0.08900523560209424,0.005235602094240838,0.5356018587739931,1.0592592592592593,1.0592592592592593,0.2222222222222222,0.9413188913493319,0.23748362092052258,0.0,-0.16194766289164403,0.0,0.0,0.09947643979057591,0.7853403141361257,0.11518324607329843,0.17801047120418848,0.17801047120418848,nan,nan,0.24427224910728554,0.8963366674733897,0.006666666666666667,0.0,0.0,0.3693066912581514,0.13182307033762883,1.7461801305835358,20,20,7.03568434715271
577,,0.1907141094665028,0.0211904566073892,0.009749269671738147,1.0,1.0,1.0,1.0,0.0,0.8872180451127819,0.11278195488721804,0.0,0.49311675421065754,0.08333333333333333,0.08333333333333333,0.0,0.9991994552767945,0.02166241072330266,0.0,0.0,0.0,0.0,0.22556390977443608,0.3157894736842105,0.45864661654135336,0.21804511278195488,0.21804511278195488,nan,nan,0.019640093704351432,0.06979267981150335,0.0,0.09836065573770492,0.0,0.2007644690879933,0.17910205836469065,1.7760237862768236,20,20,2.2032084465026855
578,,0.19529703315534347,0.024412129144417934,0.004622648656368256,1.0,1.0,1.0,1.0,0.0,0.8976377952755905,0.10236220472440945,0.0,0.49762876743916423,0.10625,0.10625,0.0,0.9986426880299041,0.023255212803127145,0.0,0.0,0.0,0.0,0.14960629921259844,0.5039370078740157,0.3464566929133858,0.1889763779527559,0.1889763779527559,nan,nan,0.02393754439805529,0.08955915280757508,0.0,0.09090909090909091,0.0,0.2063084009019352,0.18305318809880805,1.496386343653548,20,20,2.070223331451416
579,,0.24313601293893006,0.006946743226826573,0.051096851378679274,0.65,0.65,0.65,0.9392712550607287,0.0,0.8781512605042017,0.12184873949579832,0.0,0.5026245175321986,1.6357142857142857,1.6357142857142857,0.2571428571428571,0.9349965675034594,0.21271182660313728,0.0,0.0,0.0,0.0,0.07563025210084033,0.8991596638655462,0.025210084033613446,0.18907563025210083,0.18907563025210083,nan,nan,0.4163057384585044,1.0900689614229095,0.0,0.0,0.0,0.33688302716812313,0.12417120056498585,1.579039791810003,20,20,13.10667085647583
580,,0.22975999150635476,0.008205713982369812,0.014615405350923538,0.9,0.9,0.9,0.9856459330143541,0.0,0.9130434782608695,0.08695652173913043,0.0,0.48076682559081485,0.8821428571428571,0.8821428571428571,0.14285714285714285,0.9591560377443976,0.18653844262738725,0.0,0.0,0.0,0.0,0.16908212560386474,0.3961352657004831,0.43478260869565216,0.21256038647342995,0.21256038647342995,nan,nan,0.2102603562582974,0.698336723238701,0.0,0.05555555555555555,0.0,0.3238137973688681,0.13727535474148087,1.8301797299484825,20,20,7.488285779953003
581,,0.24358588258521427,0.008699495806614796,0.0388773113489151,0.9,0.9,0.9,0.9853658536585366,1.0,0.9264705882352942,0.06862745098039216,0.004901960784313725,0.47613372182573327,1.0982142857142858,1.0982142857142858,0.17857142857142858,0.9604530512821077,0.2220543910167414,0.0,-0.11684300225205087,0.0,0.0,0.08333333333333333,0.8284313725490197,0.08823529411764706,0.14705882352941177,0.14705882352941177,nan,nan,0.23897423665676612,0.7163830796299875,0.0,0.0,0.0,0.3462148841022269,0.1241604930854855,1.6173012891574785,20,20,9.670841693878174
582,,0.2277908341648032,0.009111633366592127,-0.03244609534740448,0.9,0.9,0.9,0.9802955665024631,0.0,0.7810945273631841,0.21890547263681592,0.0,0.47779605952650306,0.84,0.84,0.4,0.9647544905456447,0.2076891153917047,0.0,0.0,0.0,0.0,0.1044776119402985,0.6517412935323383,0.24378109452736318,0.24875621890547264,0.24875621890547264,nan,nan,0.17037050983613736,0.6502920226994063,0.0,0.10204081632653061,0.0,0.30490394065307835,0.09721482526137365,1.7720275590476082,20,20,7.388883590698242
583,,0.19149916834253577,0.021277685371392865,-0.006689057685434818,1.0,1.0,1.0,1.0,1.0,0.9291338582677166,0.06299212598425197,0.007874015748031496,0.49010817762464287,0.08333333333333333,0.08333333333333333,0.7777777777777778,0.9988898738874734,0.024819312992310216,0.0,-0.01027919273791876,0.0,0.0,0.18110236220472442,0.18110236220472442,0.6377952755905512,0.2047244094488189,0.2047244094488189,nan,nan,0.027984136402585645,0.07491182564592325,0.0,0.04938271604938271,0.012345679012345678,0.20653675750491912,0.1817174445126089,1.6263868005099096,20,20,2.9192183017730713
584,,0.2321826755683934,0.008292238413156907,0.001221533864736557,0.95,0.95,0.95,0.9897435897435898,0.0,0.8556701030927835,0.14432989690721648,0.0,0.46353974421841226,0.7392857142857143,0.7392857142857143,0.25,0.9642080738715955,0.21352449562523595,0.0,0.0,0.0,0.0,0.13917525773195877,0.5618556701030928,0.29896907216494845,0.21649484536082475,0.21649484536082475,nan,nan,0.17778537134011643,0.5330142664741752,0.0,0.05172413793103448,0.0,0.3080198659356611,0.09449537031042515,1.7947486287706498,20,20,8.445563077926636
585,,0.19231559457843622,0.021368399397604026,0.013444244489073753,1.0,1.0,1.0,1.0,0.0,0.8175182481751825,0.18248175182481752,0.0,0.4984689618150393,0.08888888888888889,0.08888888888888889,0.6666666666666666,0.9985985417637077,0.03196660973865062,0.0,0.0,0.0,0.0,0.1678832116788321,0.46715328467153283,0.36496350364963503,0.23357664233576642,0.23357664233576642,nan,nan,0.024381962982831806,0.09570090014595416,0.0,0.16,0.0,0.2091523150092822,0.17718570527063157,1.554437146902458,20,20,2.5149807929992676
586,,0.19074751836018014,0.023843439795022518,-0.0062039591372013096,1.0,1.0,1.0,1.0,0.0,0.5333333333333333,0.4666666666666667,0.0,0.5241667264606804,0.05625,0.05625,0.375,0.9982635728109485,0.03062570106501969,0.0,0.0,0.0,0.0,0.18333333333333332,0.24166666666666667,0.575,0.25833333333333336,0.25833333333333336,nan,nan,0.021701116536477764,0.09016996920883728,0.0,0.4782608695652174,0.0,0.20841636340993852,0.17779066234491883,2.5187286529963218,20,20,1.903285264968872
587,,0.18915245159454708,0.021016939066060787,-0.002932551223784685,1.0,1.0,1.0,1.0,0.0,0.6515151515151515,0.3484848484848485,0.0,0.4846559478435665,0.05,0.05,0.2222222222222222,0.9988506236745041,0.025561250317159306,0.0,0.0,0.0,0.0,0.22727272727272727,0.4318181818181818,0.3409090909090909,0.3181818181818182,0.3181818181818182,nan,nan,0.015498893153730467,0.07801935727814832,0.0,0.3111111111111111,0.0,0.20101261593830114,0.17545136562114183,1.9353526716903195,20,20,2.2255067825317383
588,,0.24519597155214165,0.006810999209781713,0.06741407848894596,0.9,0.9,0.9,0.9883268482490273,0.0,0.58203125,0.41796875,0.0,0.499706160837862,0.9319444444444445,0.9319444444444445,2.1944444444444446,0.9349822533283935,0.34114254153482054,0.0,0.0,0.0,0.0,0.09375,0.70703125,0.19921875,0.32421875,0.32421875,nan,nan,0.2209480047893678,0.8705048510513238,0.0,0.47058823529411764,0.0,0.3574153842128479,0.016272842678027366,1.7925865769775986,20,20,14.198092699050903
589,,0.18910313213516383,0.021011459126129315,-0.011814189329743385,1.0,1.0,1.0,1.0,0.0,0.5040650406504065,0.4959349593495935,0.0,0.49863594012955825,0.05555555555555555,0.05555555555555555,0.8888888888888888,0.9985401383925486,0.02509348560668856,0.0,0.0,0.0,0.0,0.1951219512195122,0.13821138211382114,0.6666666666666666,0.17886178861788618,0.17886178861788618,nan,nan,0.030802425164348453,0.10245825333490158,0.0,0.573170731707317,0.0,0.20443576604774477,0.1793422804410562,2.964869117312025,20,20,2.1981394290924072
590,,0.228638004123296,0.00914552016493184,0.039663014188408854,1.0,1.0,1.0,1.0,0.0,0.4900990099009901,0.5099009900990099,0.0,0.509989898134023,0.482,0.482,3.04,0.9791791405141634,0.13269374704113235,0.0,0.0,0.0,0.0,0.12871287128712872,0.2524752475247525,0.6188118811881188,0.19306930693069307,0.19306930693069307,nan,nan,0.137040329856132,0.6037519560799944,0.0,0.512,0.0,0.31356748737979845,0.1808737403386661,2.5250925650400053,20,20,6.480877637863159
591,,0.2577224276201129,0.007158956322780913,0.049904771521687506,0.85,0.85,0.85,0.9770114942528736,1.0,0.8062015503875969,0.18992248062015504,0.003875968992248062,0.5079871222273343,1.4083333333333334,1.4083333333333334,1.0833333333333333,0.9339383837407551,0.34590222735366233,0.0,-0.39828302354021505,0.0,0.0,0.08139534883720931,0.8682170542635659,0.050387596899224806,0.2558139534883721,0.2558139534883721,nan,nan,0.3377979202738363,1.029351516860401,0.004464285714285714,0.0,0.0,0.4015314157397041,0.055629188386041764,1.8493012008231262,20,20,19.684237957000732
592,,0.19112281436125692,0.02123586826236188,0.04216477684676647,1.0,1.0,1.0,1.0,0.0,0.5703125,0.4296875,0.0,0.5210136346105072,0.07777777777777778,0.07777777777777778,1.6666666666666667,0.9987146730074045,0.033207955095110375,0.0,0.0,0.0,0.0,0.1953125,0.3359375,0.46875,0.28125,0.28125,nan,nan,0.03139218290204962,0.17590035149981428,0.0,0.36666666666666664,0.0,0.2110128665539756,0.17780491145886523,2.1346133917108654,20,20,2.2463409900665283
593,,0.24378806300944642,0.006771890639151289,0.1186489887535572,0.8,0.8,0.8,0.9736842105263158,0.0,0.752851711026616,0.24714828897338403,0.0,0.5092473090341728,1.4194444444444445,1.4194444444444445,1.0277777777777777,0.9409672929733557,0.2514177708886205,0.0,0.0,0.0,0.0,0.06463878326996197,0.8821292775665399,0.053231939163498096,0.2661596958174905,0.2661596958174905,nan,nan,0.3332097433016943,0.8839011629370487,0.0,0.14285714285714285,0.0,0.32041147083691424,0.06899369994829373,1.752056420956196,20,20,14.760419130325317
594,,0.23045900123185042,0.006401638923106957,0.01329473927617073,0.95,0.95,0.95,1.0,0.0,0.6185185185185185,0.3814814814814815,0.0,0.5077867192009257,0.8236111111111111,0.8236111111111111,2.4166666666666665,0.9734924696803,0.11939416241094253,0.0,0.0,0.0,0.0,0.07777777777777778,0.6592592592592592,0.26296296296296295,0.2777777777777778,0.2777777777777778,nan,nan,0.18250684929907632,0.6130145602706866,0.0,0.4084507042253521,0.0,0.28776571329328415,0.16837155088234163,1.9793524285005992,20,20,13.880260705947876
595,,0.27229723820974333,0.011345718258739305,0.002359301596879959,1.0,1.0,1.0,1.0,0.0,0.865,0.135,0.0,0.5062439381688212,1.2166666666666666,1.2166666666666666,0.5,0.979699960619402,0.13845789489984553,0.0,0.0,0.0,0.0,0.125,0.745,0.13,0.22,0.22,nan,nan,0.24171504989113202,0.6904813515358411,0.0,0.0,0.0,0.3409311986706954,0.20247330377084985,1.7525149641779167,20,20,7.150111198425293
596,,0.22735809889697497,0.009094323955878999,0.05883670002222061,0.85,0.85,0.85,0.9802955665024631,0.0,0.8613861386138614,0.13861386138613863,0.0,0.5007834035977721,0.968,0.968,0.6,0.9229442015890248,0.28968082028246084,0.0,0.0,0.0,0.0,0.09900990099009901,0.8267326732673267,0.07425742574257425,0.21782178217821782,0.21782178217821782,nan,nan,0.18826599431878976,0.5863690376752017,0.0,0.13333333333333333,0.0,0.342242344968649,0.05256152468618819,1.7970403197434257,20,20,7.739318609237671
597,,0.22167816364263102,0.00852608321702427,0.012185582332313061,0.85,0.85,0.85,0.9752475247524752,0.0,0.7889447236180904,0.21105527638190955,0.0,0.488659969649206,0.9153846153846154,0.9153846153846154,0.23076923076923078,0.96033231842027,0.20654418614290426,0.0,0.0,0.0,0.0,0.1457286432160804,0.5276381909547738,0.32663316582914576,0.22110552763819097,0.22110552763819097,nan,nan,0.21296449427842173,0.7259713296913277,0.0,0.16923076923076924,0.0,0.3402559451519964,0.13371175900909216,1.7342419161417082,20,20,7.185506343841553
598,,0.23098924608430332,0.009624551920179305,-0.046185596659779546,0.95,0.95,0.95,0.9901960784313726,1.0,0.8275862068965517,0.16748768472906403,0.0049261083743842365,0.48933086839000073,0.825,0.825,0.25,0.9754755923216855,0.16346075199040377,100.0,0.013460013047160296,1.0,0.013460013047160296,0.10837438423645321,0.729064039408867,0.1625615763546798,0.2512315270935961,0.2512315270935961,nan,nan,0.1584461530498061,0.515666488652693,0.006756756756756757,0.030303030303030304,0.0,0.29797047260095844,0.13450972061055466,1.7601082779179047,20,20,6.550481557846069
599,,0.2398334206634167,0.00999305919430903,-0.001464884728193283,0.95,0.95,0.95,0.99,0.0,0.8894472361809045,0.11055276381909548,0.0,0.4744479170224319,1.0166666666666666,1.0166666666666666,0.4583333333333333,0.9700228723969944,0.1849753407513416,0.0,0.0,0.0,0.0,0.1708542713567839,0.6180904522613065,0.21105527638190955,0.24120603015075376,0.24120603015075376,nan,nan,0.19629366222038422,0.6694396056664792,0.0,0.047619047619047616,0.0,0.3153131796982078,0.13033783894686624,2.062187853094008,20,20,6.343819856643677
600,,0.1917355649761379,0.02130395166401532,0.0034934021532535553,1.0,1.0,1.0,1.0,0.0,0.9710144927536232,0.028985507246376812,0.0,0.5002351731475857,0.10555555555555556,0.10555555555555556,0.0,0.9975317864885394,0.034637894478488696,0.0,0.0,0.0,0.0,0.13768115942028986,0.3115942028985507,0.5507246376811594,0.13043478260869565,0.13043478260869565,nan,nan,0.029303711254854134,0.0875381089457755,0.0,0.039473684210526314,0.0,0.21401520975982266,0.17937731528133397,1.5864468656305304,20,20,2.284064292907715
601,,0.2304050598621674,0.00853352073563583,0.018047742173075677,0.9,0.9,0.9,0.9902912621359223,0.0,0.8829268292682927,0.11707317073170732,0.0,0.4701218174804968,0.8907407407407407,0.8907407407407407,0.07407407407407407,0.9391004698266004,0.24859517748886711,0.0,0.0,0.0,0.0,0.14146341463414633,0.4195121951219512,0.43902439024390244,0.23902439024390243,0.23902439024390243,nan,nan,0.20958704532335454,0.5930508857133734,0.0,0.022222222222222223,0.0,0.3083871253930194,0.05979194790415228,1.808650160680193,20,20,7.806880474090576
602,,0.2414773203261842,0.010976241833008374,-0.035949842631816865,1.0,1.0,1.0,1.0,0.0,0.8431372549019608,0.1568627450980392,0.0,0.4562772313640876,0.9522727272727273,0.9522727272727273,0.7727272727272727,0.9791186760348922,0.1068766772443851,0.0,0.0,0.0,0.0,0.12745098039215685,0.5196078431372549,0.35294117647058826,0.22549019607843138,0.22549019607843138,nan,nan,0.1690866148169295,0.5663637546143724,0.0,0.05555555555555555,0.0,0.30341923373079716,0.19654255648641206,1.9636896382520246,20,20,6.978422164916992
603,,0.23985808957835994,0.008566360342084283,0.007188662141561508,0.85,0.85,0.85,0.9746192893401016,0.0,0.7835051546391752,0.21649484536082475,0.0,0.47479228324872175,0.9446428571428571,0.9446428571428571,0.6785714285714286,0.9721010331611711,0.16937723178846803,0.0,0.0,0.0,0.0,0.13402061855670103,0.5412371134020618,0.3247422680412371,0.20103092783505155,0.20103092783505155,nan,nan,0.24939867785946646,0.9201371298694581,0.0,0.1111111111111111,0.0,0.31875515943583677,0.14937792764736874,1.9928039318866972,20,20,7.490005016326904
604,,0.23942969012913115,0.0068408482894037476,0.04178511165082455,0.7,0.7,0.7,0.9455252918287937,0.0,0.7689243027888446,0.23107569721115537,0.0,0.4817287364482347,1.4928571428571429,1.4928571428571429,1.0571428571428572,0.910328058694306,0.348209927815486,0.0,0.0,0.0,0.0,0.08366533864541832,0.8406374501992032,0.07569721115537849,0.23904382470119523,0.23904382470119523,nan,nan,0.36368393472884203,1.0791587990751257,0.0,0.3684210526315789,0.0,0.34476563249833647,-0.0034442953171494872,2.0162154140318127,20,20,13.370331525802612
605,,0.24570681073957595,0.006825189187210443,0.022237472236156464,0.8,0.8,0.8,0.9770114942528736,0.0,0.8837209302325582,0.11627906976744186,0.0,0.4708930561622967,1.3944444444444444,1.3944444444444444,0.4444444444444444,0.9816973674138602,0.1169990359565527,0.0,0.0,0.0,0.0,0.07364341085271318,0.8565891472868217,0.06976744186046512,0.17829457364341086,0.17829457364341086,nan,nan,0.3296982846027702,0.853198052756688,0.0,0.05555555555555555,0.0,0.29366118716380374,0.17666215120725104,1.8181535162573652,20,20,13.140896081924438
606,,0.23367152696236348,0.010621433043743795,0.0018913593143224717,1.0,1.0,1.0,1.0,0.0,0.6580310880829016,0.34196891191709844,0.0,0.4596211031248624,0.7704545454545455,0.7704545454545455,1.4090909090909092,0.9687730819618016,0.14584855431265437,0.0,0.0,0.0,0.0,0.13989637305699482,0.5595854922279793,0.3005181347150259,0.3160621761658031,0.3160621761658031,nan,nan,0.1508851911889897,0.5299403715270442,0.0,0.3448275862068966,0.0,0.3228313503156595,0.17698279600300515,1.9039821453205756,20,20,6.112273216247559
607,,0.2544329647828289,0.01060137353261787,-0.004641637206077576,1.0,1.0,1.0,1.0,0.0,0.7853403141361257,0.21465968586387435,0.0,0.47250733966745123,0.94375,0.94375,0.2916666666666667,0.9772763299510993,0.15679743267181873,0.0,0.0,0.0,0.0,0.10471204188481675,0.8167539267015707,0.07853403141361257,0.2670157068062827,0.2670157068062827,nan,nan,0.19967554164173631,0.6514868571443789,0.0,0.13333333333333333,0.0,0.3572550043807383,0.2004575717089196,1.7740576514409867,20,20,6.48295259475708
608,,0.1940991350972561,0.024262391887157012,0.01440169308334589,1.0,1.0,1.0,1.0,0.0,0.9924242424242424,0.007575757575757576,0.0,0.4996778409928083,0.04375,0.04375,1.0,0.998624392604079,0.02654174661738376,0.0,0.0,0.0,0.0,0.16666666666666666,0.5378787878787878,0.29545454545454547,0.17424242424242425,0.17424242424242425,nan,nan,0.018208191876382084,0.049500063905971246,0.0,0.0,0.0,0.20744271581008333,0.18090096919269957,1.5015166847872565,20,20,3.5909669399261475
609,,0.2490866955421923,0.007783959235693509,0.08403391763567924,0.85,0.85,0.85,0.9923954372623575,1.0,0.9083969465648855,0.08015267175572519,0.011450381679389313,0.47597008530865426,1.5328125,1.5328125,0.25,0.9203604367888194,0.29239893743937456,0.0,-0.14503527882214165,0.0,0.0,0.07633587786259542,0.8015267175572519,0.12213740458015267,0.14885496183206107,0.14885496183206107,nan,nan,0.3137203929424439,0.8163311705912808,0.014285714285714285,0.0,0.0,0.36657453606266555,0.07417559862329098,1.8908885922620304,20,20,11.75163745880127
610,,0.2255362642403553,0.009805924532189361,0.04042709469795227,0.95,0.95,0.95,0.9948979591836735,0.0,0.75,0.25,0.0,0.47347500268369913,0.8108695652173913,0.8108695652173913,0.5217391304347826,0.9614967842297447,0.2158539805810814,0.0,0.0,0.0,0.0,0.10204081632653061,0.3979591836734694,0.5,0.1836734693877551,0.1836734693877551,nan,nan,0.1732862235098088,0.6128948687946866,0.0,0.23469387755102042,0.0,0.3043559742960271,0.0885019937149457,2.2911327103150447,20,20,6.527709007263184
611,,0.245906756015,0.011177579818863637,0.0029376886785030367,1.0,1.0,1.0,1.0,0.0,0.9803921568627451,0.0196078431372549,0.0,0.479322899594395,1.0795454545454546,1.0795454545454546,0.2727272727272727,0.9733210039218293,0.15594164519972897,0.0,0.0,0.0,0.0,0.08823529411764706,0.6911764705882353,0.22058823529411764,0.10784313725490197,0.10784313725490197,nan,nan,0.18893282822907473,0.551492851135648,0.0,0.0,0.0,0.3388693788826658,0.1829277336829368,2.013550597771763,20,20,9.701860189437866
612,,0.2201299229706378,0.008466535498870685,0.011699695140123367,0.9,0.9,0.9,0.9902439024390244,0.0,0.8823529411764706,0.11764705882352941,0.0,0.49098063176856016,0.8903846153846153,0.8903846153846153,0.15384615384615385,0.9611544544946217,0.20082990459298466,0.0,0.0,0.0,0.0,0.08823529411764706,0.6470588235294118,0.2647058823529412,0.16666666666666666,0.16666666666666666,nan,nan,0.18911092099232962,0.5723805872135216,0.0,0.07407407407407407,0.0,0.29680039418078996,0.0959704895878053,1.9625756720794176,20,20,7.702141284942627
613,,0.23571704067372237,0.009428681626948895,-0.011127368360757828,0.95,0.95,0.95,0.9951456310679612,0.0,0.8536585365853658,0.14634146341463414,0.0,0.49074875631928444,0.834,0.834,0.28,0.9752655114678848,0.1794150556661255,0.0,0.0,0.0,0.0,0.12195121951219512,0.697560975609756,0.18048780487804877,0.22926829268292684,0.22926829268292684,nan,nan,0.1630114882788854,0.5296715988821553,0.0,0.0,0.0,0.33724071912326636,0.15782566345714086,1.8331324986155062,20,20,7.024461507797241
614,,0.1884479749034418,0.023555996862930226,0.015974684059619902,1.0,1.0,1.0,1.0,0.0,0.9701492537313433,0.029850746268656716,0.0,0.5014267292572185,0.05625,0.05625,0.5,0.9987151982143117,0.028897443411607854,0.0,0.0,0.0,0.0,0.16417910447761194,0.09701492537313433,0.7388059701492538,0.17164179104477612,0.17164179104477612,nan,nan,0.0234844250717222,0.06271932633278006,0.0,0.030303030303030304,0.0,0.2043926975663866,0.17549525415477873,1.8834922685373299,20,20,3.4119696617126465
615,,0.2240709378764667,0.009336289078186113,0.03393624797463417,0.9,0.9,0.9,0.9894736842105263,0.0,0.8783068783068783,0.12169312169312169,0.0,0.4821610614055923,0.8708333333333333,0.8708333333333333,0.375,0.9741350721445008,0.14803514811994023,0.0,0.0,0.0,0.0,0.13756613756613756,0.4656084656084656,0.3968253968253968,0.23809523809523808,0.23809523809523808,nan,nan,0.1870238068444921,0.676344843067458,0.0,0.02666666666666667,0.0,0.30336613426239883,0.1553309861424586,2.090850235483205,20,20,5.855859279632568
616,,0.26021102663953044,0.01000811640921271,0.02190494891256094,1.0,1.0,1.0,1.0,0.0,0.9052132701421801,0.09004739336492891,0.004739336492890996,0.48110749158076943,0.9173076923076923,0.9173076923076923,0.5,0.9811990426701989,0.11698254940532385,0.0,-0.027636026807939168,0.0,0.0,0.07582938388625593,0.8104265402843602,0.11374407582938388,0.16587677725118483,0.16587677725118483,nan,nan,0.17980801685928346,0.5990901895901848,0.005847953216374269,0.0,0.0,0.3281568979051358,0.21117434849981195,2.1823519796546225,20,20,12.030048131942749
617,,0.2106743199359244,0.007524082854854443,0.02597598098218441,0.9,0.9,0.9,0.9901477832512315,1.0,0.9261083743842364,0.06896551724137931,0.0049261083743842365,0.4990348413786186,0.6875,0.6875,0.25,0.9179615397648027,0.25486341057010087,100.0,0.017617161591956837,1.0,0.017617161591956837,0.09852216748768473,0.18226600985221675,0.7192118226600985,0.14285714285714285,0.14285714285714285,nan,nan,0.17358019884467243,0.4812970062451947,0.02702702702702703,0.02054794520547945,0.0,0.28895544278445795,0.03409203221435708,2.5355382952727763,20,20,13.482232332229614
618,,0.24157354243864582,0.009662941697545833,-0.01520775817334652,1.0,1.0,1.0,1.0,0.0,0.8298969072164949,0.17010309278350516,0.0,0.50087180178985,0.854,0.854,0.72,0.9799207649814752,0.1378704160999637,0.0,0.0,0.0,0.0,0.11855670103092783,0.788659793814433,0.09278350515463918,0.22164948453608246,0.22164948453608246,nan,nan,0.1812437336470415,0.5795234439507961,0.0,0.05555555555555555,0.0,0.34322812936219915,0.20535771326223545,1.8354413548296904,20,20,6.8646416664123535
619,,0.2378092162012427,0.009146508315432412,0.02516777813434601,0.85,0.85,0.85,0.9758454106280193,0.0,0.7560975609756098,0.24390243902439024,0.0,0.49121972588965523,1.0134615384615384,1.0134615384615384,0.7692307692307693,0.9588532281465296,0.23369907231086323,0.0,0.0,0.0,0.0,0.13658536585365855,0.5902439024390244,0.2731707317073171,0.28292682926829266,0.28292682926829266,nan,nan,0.21615066043598605,0.7584074766225398,0.0,0.10714285714285714,0.0,0.3503266933148064,0.11662762100394321,1.8559861064330287,20,20,7.323702812194824
620,,0.23278106408069704,0.010120915829595524,-0.030389971658587457,1.0,1.0,1.0,1.0,0.0,0.5303030303030303,0.4696969696969697,0.0,0.49663557005317316,0.5565217391304348,0.5565217391304348,3.608695652173913,0.9871053294363196,0.09886075850546211,0.0,0.0,0.0,0.0,0.10606060606060606,0.3838383838383838,0.51010101010101,0.16161616161616163,0.16161616161616163,nan,nan,0.14935709560171018,0.4613645325407324,0.0,0.594059405940594,0.0,0.2828435258408267,0.18398276733536462,1.9917517669944038,20,20,6.804181098937988
621,,0.1916682559730876,0.021296472885898622,-0.000206800177693367,1.0,1.0,1.0,1.0,0.0,0.7874015748031497,0.2125984251968504,0.0,0.5056496701513727,0.08888888888888889,0.08888888888888889,0.7777777777777778,0.9987594767002556,0.02319833340368313,0.0,0.0,0.0,0.0,0.2204724409448819,0.5118110236220472,0.2677165354330709,0.30708661417322836,0.30708661417322836,nan,nan,0.02448370141319704,0.09810471902866273,0.0,0.17647058823529413,0.0,0.20468888472243785,0.18149055131875472,1.6738361185600394,20,20,2.029515266418457
622,,0.2240538203110397,0.00861745462734768,0.033419455587863925,0.95,0.95,0.95,0.995,1.0,0.71,0.275,0.015,0.5052476966896883,0.7115384615384616,0.7115384615384616,0.5769230769230769,0.9586910381088947,0.22985653733601555,0.0,-0.14365837322129402,0.0,0.0,0.1,0.715,0.185,0.26,0.26,nan,nan,0.15912002849427737,0.5034419756831797,0.0,0.21621621621621623,0.0,0.28652905315195876,0.05667251581594321,1.8280240444609301,20,20,7.099876165390015
623,,0.2214257649256049,0.008200954256503886,0.04644924178719521,0.85,0.85,0.85,0.9675675675675676,1.0,0.8241758241758241,0.16483516483516483,0.01098901098901099,0.5022616148132969,0.8555555555555555,0.8555555555555555,0.7037037037037037,0.9389062801617146,0.26514462051784365,50.0,-0.15983485036381265,0.5,0.010521265807644176,0.13736263736263737,0.521978021978022,0.34065934065934067,0.26373626373626374,0.26373626373626374,nan,nan,0.21172119529262168,0.8349267032976431,0.010526315789473684,0.06451612903225806,0.016129032258064516,0.345581797183165,0.08043717666532135,1.8798780767173107,20,20,6.411857604980469
624,,0.23565673045109337,0.009426269218043735,0.013629063963890076,0.95,0.95,0.95,0.9897959183673469,0.0,0.788659793814433,0.211340206185567,0.0,0.503065375391394,0.958,0.958,1.0,0.9726799726278992,0.14636689121429824,0.0,0.0,0.0,0.0,0.09278350515463918,0.7680412371134021,0.13917525773195877,0.26804123711340205,0.26804123711340205,nan,nan,0.20846706914926574,0.7002173052527041,0.0,0.037037037037037035,0.0,0.3096655264362844,0.16329863522198618,2.0372971162271205,20,20,9.751099824905396
625,,0.21935277631295452,0.009970580741497932,-0.021816352382302284,1.0,1.0,1.0,1.0,1.0,0.33490566037735847,0.660377358490566,0.0047169811320754715,0.5362619944213127,0.4409090909090909,0.4409090909090909,3.8181818181818183,0.9854582198409593,0.10267491851762872,0.0,-0.06882184309937212,0.0,0.0,0.16037735849056603,0.23113207547169812,0.6084905660377359,0.2358490566037736,0.2358490566037736,nan,nan,0.1054171104500998,0.4292375229433574,0.0,0.5813953488372093,0.007751937984496124,0.2785168421241193,0.1758419236064906,2.2826183603134584,20,20,7.263761520385742
626,,0.2319098920986495,0.009662912170777064,0.011442921310663223,0.9,0.9,0.9,0.9753694581280788,0.0,0.7512437810945274,0.24875621890547264,0.0,0.5147378959266159,0.8833333333333333,0.8833333333333333,0.5416666666666666,0.9784071960492564,0.15108153959025292,0.0,0.0,0.0,0.0,0.11940298507462686,0.7064676616915423,0.17412935323383086,0.2835820895522388,0.2835820895522388,nan,nan,0.1743380951456942,0.706051060233305,0.0,0.2,0.0,0.3097780177405063,0.15869647815025337,1.7810771048053287,20,20,6.824300527572632
627,,0.2374091522282969,0.010322137053404212,0.011660746484994888,0.9,0.9,0.9,0.9808612440191388,1.0,0.6714975845410628,0.32367149758454106,0.004830917874396135,0.517298121292792,0.9326086956521739,0.9326086956521739,1.1304347826086956,0.9643013450711678,0.14773207669618943,0.0,-0.20157127666893,0.0,0.0,0.13043478260869565,0.7246376811594203,0.14492753623188406,0.3285024154589372,0.3285024154589372,nan,nan,0.1821769256904127,0.6149941090864224,0.006666666666666667,0.26666666666666666,0.0,0.30773973657992765,0.16000765988373822,1.7150156914700783,20,20,7.197517395019531
628,,0.2609243226010214,0.010436972904040855,0.023088148236274718,0.95,0.95,0.95,0.9950248756218906,1.0,0.8905472636815921,0.1044776119402985,0.004975124378109453,0.5091932074129581,0.988,0.988,0.56,0.9561337064376669,0.25178833218676916,0.0,-0.33951696815086163,0.0,0.0,0.10945273631840796,0.7014925373134329,0.1890547263681592,0.21393034825870647,0.21393034825870647,nan,nan,0.20695033276842706,0.6739051074591673,0.0070921985815602835,0.0,0.0,0.39308972273909876,0.1413013905523296,2.064893872829559,20,20,12.168050527572632
629,,0.1915253917103814,0.02128059907893127,0.013355222903192044,1.0,1.0,1.0,1.0,1.0,0.875968992248062,0.11627906976744186,0.007751937984496124,0.5096896316856145,0.07222222222222222,0.07222222222222222,0.0,0.9986763716783301,0.02580801608611985,0.0,-0.04260177306171192,0.0,0.0,0.23255813953488372,0.5116279069767442,0.2558139534883721,0.27906976744186046,0.27906976744186046,nan,nan,0.0193745557190499,0.062258035333706045,0.015151515151515152,0.15151515151515152,0.0,0.204799135685838,0.17899111959971814,1.6429087897045984,20,20,1.9543352127075195
630,,0.2363912950933509,0.009849637295556287,-0.006350275501608849,1.0,1.0,1.0,1.0,0.0,0.8058252427184466,0.1941747572815534,0.0,0.4946096483928462,0.8604166666666667,0.8604166666666667,0.7916666666666666,0.9759140679477415,0.1359613284665972,0.0,0.0,0.0,0.0,0.1262135922330097,0.3592233009708738,0.5145631067961165,0.20388349514563106,0.20388349514563106,nan,nan,0.17674921313714617,0.4957775515960571,0.0,0.09433962264150944,0.0,0.3244787204689387,0.18851739200234152,2.0825710178601633,20,20,7.192105531692505
631,,0.2698523592864967,0.007936834096661669,0.02965087927877903,0.9,0.9,0.9,0.984313725490196,0.0,0.8932806324110671,0.1067193675889328,0.0,0.5099424878436634,1.3514705882352942,1.3514705882352942,0.6470588235294118,0.9683433813703198,0.18239228891095602,0.0,0.0,0.0,0.0,0.07114624505928854,0.8774703557312253,0.05138339920948617,0.17786561264822134,0.17786561264822134,nan,nan,0.30415742020245085,0.745951802974034,0.0,0.0,0.0,0.3308196140959262,0.14842732518497018,2.1963955995942825,20,20,20.83741068840027
632,,0.19103916522667352,0.019103916522667352,0.027815979346632956,1.0,1.0,1.0,1.0,0.0,0.8444444444444444,0.15555555555555556,0.0,0.5096931521967053,0.11,0.11,0.0,0.9982180555898921,0.03642212651319712,0.0,0.0,0.0,0.0,0.17037037037037037,0.3925925925925926,0.43703703703703706,0.22962962962962963,0.22962962962962963,nan,nan,0.02769916801902818,0.09730640039645677,0.0,0.11864406779661017,0.0,0.21289457557213773,0.1764724490589406,1.6232731232127624,20,20,2.4421277046203613
633,,0.23541585230304377,0.010235471839262772,0.03451736941933632,1.0,1.0,1.0,1.0,0.0,0.7391304347826086,0.2608695652173913,0.0,0.5019212197998296,0.8,0.8,0.7391304347826086,0.9756790891426994,0.15597358552647497,0.0,0.0,0.0,0.0,0.13043478260869565,0.28019323671497587,0.5893719806763285,0.28502415458937197,0.28502415458937197,nan,nan,0.1596530447136961,0.5947588059191881,0.0,0.08196721311475409,0.0,0.34118890790615175,0.18521532237967678,2.059328785355961,20,20,7.831119537353516
634,,0.23479745130257326,0.008696201900095306,0.012783033400774002,0.95,0.95,0.95,0.9950738916256158,1.0,0.9113300492610837,0.08374384236453201,0.0049261083743842365,0.4965253692637715,0.8518518518518519,0.8518518518518519,0.3333333333333333,0.9803355423685557,0.1380603571426481,0.0,-0.21627436562218239,0.0,0.0,0.12807881773399016,0.4482758620689655,0.4236453201970443,0.2019704433497537,0.2019704433497537,nan,nan,0.1975035233175695,0.6305335122481047,0.0,0.03488372093023256,0.011627906976744186,0.2920315799501414,0.15397122280749329,1.9329597335662776,20,20,11.132224559783936
635,,0.26213331191351874,0.007281480886486631,0.022448711469769476,0.7,0.7,0.7,0.9471698113207547,0.0,0.8599221789883269,0.14007782101167315,0.0,0.5003882634854462,1.6513888888888888,1.6513888888888888,0.5555555555555556,0.9400922303864946,0.2445921462978628,0.0,0.0,0.0,0.0,0.12840466926070038,0.5797665369649806,0.2918287937743191,0.245136186770428,0.245136186770428,nan,nan,0.4121696473794761,1.2385297098197985,0.0,0.02666666666666667,0.0,0.401964843293211,0.15737269699534823,1.9757331869327626,20,20,17.232874631881714
636,,0.24250276824383932,0.010543598619297361,0.0034380193799734117,1.0,1.0,1.0,1.0,0.0,0.7708333333333334,0.22916666666666666,0.0,0.5121851175861514,0.9152173913043479,0.9152173913043479,0.6956521739130435,0.9799418273744632,0.11959767523796438,0.0,0.0,0.0,0.0,0.125,0.6458333333333334,0.22916666666666666,0.28125,0.28125,nan,nan,0.17903300786757706,0.5958865217890386,0.0,0.09090909090909091,0.0,0.3164911088512273,0.1968934336132629,1.8336399635762148,20,20,5.990745306015015
637,,0.22537573840548722,0.0093906557668953,-0.007043605111539364,1.0,1.0,1.0,1.0,0.0,0.7438423645320197,0.2561576354679803,0.0,0.4934557196994623,0.63125,0.63125,1.4166666666666667,0.9868867883910749,0.09607967469617515,0.0,0.0,0.0,0.0,0.10344827586206896,0.28078817733990147,0.6157635467980296,0.22167487684729065,0.22167487684729065,nan,nan,0.12744000873736008,0.41682002842145915,0.0,0.144,0.0,0.2866835936550669,0.19060391895889175,2.0599946395226016,20,20,8.622790336608887
638,,0.21676810858078263,0.006193374530879504,0.07870193868875504,0.75,0.75,0.75,0.9609375,1.0,0.7171314741035857,0.2749003984063745,0.00796812749003984,0.5035990604146251,1.39,1.39,1.3714285714285714,0.9168727759608248,0.24430744646743627,0.0,-0.508697492689731,0.0,0.0,0.08764940239043825,0.8087649402390438,0.10358565737051793,0.26693227091633465,0.26693227091633465,nan,nan,0.3402771778731568,1.0007930105121836,0.009852216748768473,0.3076923076923077,0.0,0.30540802246989257,0.0611005760024563,1.8532774086459327,20,20,14.250114679336548
639,,0.24456494336898746,0.01063325840734728,0.02552971914410591,0.95,0.95,0.95,0.9949748743718593,0.0,0.696969696969697,0.30303030303030304,0.0,0.5079923801448034,0.9369565217391305,0.9369565217391305,1.2608695652173914,0.9733097741626984,0.1693573714983822,0.0,0.0,0.0,0.0,0.09090909090909091,0.7070707070707071,0.20202020202020202,0.31313131313131315,0.31313131313131315,nan,nan,0.18333727030251198,0.5835585082865266,0.0,0.15,0.0,0.32695062165129185,0.15759325015290965,1.9411384375812244,20,20,7.160856008529663
640,,0.19168476143868182,0.021298306826520202,0.10890247076749801,1.0,1.0,1.0,1.0,0.0,0.6567164179104478,0.34328358208955223,0.0,0.5287754968636565,0.08888888888888889,0.08888888888888889,1.7777777777777777,0.9974082888800946,0.03651852790720897,0.0,0.0,0.0,0.0,0.23134328358208955,0.3358208955223881,0.43283582089552236,0.27611940298507465,0.27611940298507465,nan,nan,0.028785228101308135,0.10550416902090146,0.0,0.3793103448275862,0.0,0.21512710303310387,0.1786085751258949,2.1289395745386797,20,20,2.729011058807373
641,,0.23666068862886672,0.010289595157776815,0.019893568009138107,1.0,1.0,1.0,1.0,0.0,0.8413461538461539,0.15865384615384615,0.0,0.4955650277071349,0.8326086956521739,0.8326086956521739,0.5652173913043478,0.982950783119386,0.1146360767365498,0.0,0.0,0.0,0.0,0.15865384615384615,0.49038461538461536,0.35096153846153844,0.25961538461538464,0.25961538461538464,nan,nan,0.151902798894987,0.5825311423717687,0.0,0.0547945205479452,0.0,0.3082452804148531,0.1936092036783033,1.9856101629246388,20,20,7.113361835479736
642,,0.19259060567012462,0.024073825708765578,0.03139802999794483,1.0,1.0,1.0,1.0,0.0,0.744,0.256,0.0,0.5220816790591926,0.09375,0.09375,0.0,0.9988820185897711,0.029565308190038136,0.0,0.0,0.0,0.0,0.224,0.536,0.24,0.384,0.384,nan,nan,0.017320319410524566,0.08109582727738068,0.0,0.13333333333333333,0.0,0.20929421038456733,0.1797289021945292,1.8719985846585137,20,20,1.9127421379089355
643,,0.24435962476667047,0.010624331511594368,-0.012866029143333435,1.0,1.0,1.0,1.0,0.0,0.5230769230769231,0.47692307692307695,0.0,0.5322073931927266,0.7326086956521739,0.7326086956521739,2.260869565217391,0.9703903341720793,0.13743723865260998,0.0,0.0,0.0,0.0,0.11794871794871795,0.4205128205128205,0.46153846153846156,0.2358974358974359,0.2358974358974359,nan,nan,0.16758084175782292,0.5918333487231898,0.0,0.4888888888888889,0.0,0.32625021954541494,0.18881298089280496,2.3678251034018998,20,20,6.344065189361572
644,,0.2380207808605076,0.01133432289811941,0.002828317508101463,1.0,1.0,1.0,1.0,0.0,0.2727272727272727,0.7272727272727273,0.0,0.5414469286178549,0.3476190476190476,0.3476190476190476,10.047619047619047,0.9866899385763539,0.10012722445544042,0.0,0.0,0.0,0.0,0.12440191387559808,0.28708133971291866,0.5885167464114832,0.13875598086124402,0.13875598086124402,nan,nan,0.14711757473368667,0.37258975506808617,0.0,0.8699186991869918,0.0,0.2862843374131792,0.1861571129577388,3.3319108722457917,20,20,9.229074954986572
645,,0.25359745013083,0.010566560422117918,0.040615294873714444,0.95,0.95,0.95,0.9898477157360406,1.0,0.8214285714285714,0.17346938775510204,0.00510204081632653,0.5076959383208305,1.1729166666666666,1.1729166666666666,0.6666666666666666,0.9645485402610763,0.19618034284927607,0.0,-0.04998233010637937,0.0,0.0,0.10204081632653061,0.8622448979591837,0.03571428571428571,0.23469387755102042,0.23469387755102042,nan,nan,0.23182212112061645,0.6519410306735497,0.005917159763313609,0.0,0.0,0.33374687913935935,0.13756653629008328,1.8732643878315682,20,20,6.740675210952759
646,,0.19310448780473258,0.02145605420052584,0.017754536122083664,1.0,1.0,1.0,1.0,0.0,0.7619047619047619,0.23809523809523808,0.0,0.5092289239582088,0.08888888888888889,0.08888888888888889,0.5555555555555556,0.9988006419683532,0.02650663200441941,0.0,0.0,0.0,0.0,0.1984126984126984,0.5238095238095238,0.2777777777777778,0.30158730158730157,0.30158730158730157,nan,nan,0.021463652908323774,0.07542116166650661,0.0,0.2,0.0,0.20607218851527498,0.17956555651085557,2.0527828566966053,20,20,2.026135206222534
647,,0.2363514343403376,0.009454057373613503,0.008405438810586929,0.95,0.95,0.95,1.0,1.0,0.8157894736842105,0.17894736842105263,0.005263157894736842,0.47879925660789013,0.898,0.898,0.8,0.963829200689289,0.1692907095668484,0.0,-0.6310085705864088,0.0,0.0,0.12631578947368421,0.7526315789473684,0.12105263157894737,0.24210526315789474,0.24210526315789474,nan,nan,0.1950669858065963,0.6723580578976178,0.006993006993006993,0.0,0.0,0.319333956491118,0.1500432469242696,1.8512012998716443,20,20,6.3408043384552
648,,0.23741090278530755,0.008792996399455836,0.014426332712173463,0.9,0.9,0.9,0.9800995024875622,1.0,0.7373737373737373,0.25757575757575757,0.005050505050505051,0.5026468448375386,0.8888888888888888,0.8888888888888888,0.3333333333333333,0.942126718965407,0.27623013313660016,0.0,-0.22074395429434912,0.0,0.0,0.10101010101010101,0.3939393939393939,0.5050505050505051,0.2222222222222222,0.2222222222222222,nan,nan,0.22065511983607738,0.6973723527946586,0.0,0.12,0.01,0.3153504946351446,0.03912036149854442,1.7632456812713695,20,20,7.4588303565979
649,,0.22268686010928174,0.00890747440437127,0.025889930501580238,0.9,0.9,0.9,0.9798994974874372,1.0,0.9441624365482234,0.04568527918781726,0.01015228426395939,0.4863938907235861,0.862,0.862,0.36,0.9730315624012753,0.1377220469842285,0.0,-0.324569664986937,0.0,0.0,0.15228426395939088,0.16751269035532995,0.6802030456852792,0.18781725888324874,0.18781725888324874,nan,nan,0.19753415670629068,0.6795169820222812,0.030303030303030304,0.022388059701492536,0.007462686567164179,0.30609920186699513,0.16837715488276664,2.420420149004353,20,20,10.587364912033081
650,,0.18765797677594814,0.023457247096993518,0.016441545635461807,1.0,1.0,1.0,1.0,0.0,0.9615384615384616,0.038461538461538464,0.0,0.5034827871015295,0.05,0.05,1.0,0.9989680766485661,0.023079802270861982,0.0,0.0,0.0,0.0,0.16923076923076924,0.09230769230769231,0.7384615384615385,0.17692307692307693,0.17692307692307693,nan,nan,0.022526310372141395,0.0663867490429431,0.0,0.020833333333333332,0.0,0.19901127470971497,0.175931472438853,1.9393833458938918,20,20,3.3484747409820557
651,,0.18987763833990254,0.023734704792487817,0.008594114519655704,1.0,1.0,1.0,1.0,0.0,0.703125,0.296875,0.0,0.5243825739715249,0.05625,0.05625,0.625,0.9975811100706626,0.029811541345048848,0.0,0.0,0.0,0.0,0.1953125,0.4140625,0.390625,0.328125,0.328125,nan,nan,0.01741396937631466,0.08272935951087064,0.0,0.18,0.0,0.20758022016162606,0.1777686788165772,2.1926587553984533,20,20,2.1210410594940186
652,,0.24301359023917118,0.006395094479978189,0.05579533763229847,0.7,0.7,0.7,0.9450980392156862,0.75,0.9190283400809717,0.06477732793522267,0.016194331983805668,0.49966181949712335,1.4236842105263159,1.4236842105263159,0.3157894736842105,0.9270781329317563,0.22041550245512895,0.0,-0.7453205623072449,0.0,0.0,0.08097165991902834,0.4331983805668016,0.48582995951417,0.145748987854251,0.145748987854251,nan,nan,0.3874651705467443,0.9820166647534172,0.018691588785046728,0.016666666666666666,0.016666666666666666,0.3408693106237878,0.12045380816865883,1.9743293897463745,20,20,19.603951454162598
653,,0.22299508872918133,0.006558679080270039,0.030077337473630904,0.7,0.7,0.7,0.9404761904761905,0.0,0.5714285714285714,0.42857142857142855,0.0,0.5048522464780356,1.2529411764705882,1.2529411764705882,3.1470588235294117,0.9278764304657859,0.27498083414717583,0.0,0.0,0.0,0.0,0.09795918367346938,0.4857142857142857,0.4163265306122449,0.12244897959183673,0.12244897959183673,nan,nan,0.33696768515800757,1.0363914597261124,0.0,0.7156862745098039,0.0,0.32164770630239314,0.046666872155217295,1.7395735543682576,20,20,11.909802436828613
654,,0.23477954349231087,0.009391181739692434,-0.03726625181734562,1.0,1.0,1.0,1.0,0.0,0.3482587064676617,0.6517412935323383,0.0,0.5268605912849307,0.342,0.342,6.72,0.9769811893984096,0.16525539388164967,0.0,0.0,0.0,0.0,0.11442786069651742,0.3034825870646766,0.582089552238806,0.19402985074626866,0.19402985074626866,nan,nan,0.13368981968743882,0.36570566946413713,0.0,0.7777777777777778,0.0,0.3455970087353981,0.18034161485374844,2.6810585752275475,20,20,8.268819808959961
655,,0.231454029319346,0.010520637696333908,-0.004698324948549271,1.0,1.0,1.0,1.0,1.0,0.729064039408867,0.2660098522167488,0.0049261083743842365,0.5049297730607742,0.8772727272727273,0.8772727272727273,0.7272727272727273,0.978494479670098,0.12192795918867971,0.0,-0.7360217856997342,0.0,0.0,0.1330049261083744,0.6305418719211823,0.23645320197044334,0.2857142857142857,0.2857142857142857,nan,nan,0.1483837367491459,0.5539030455781446,0.0,0.08333333333333333,0.0,0.3040131837779067,0.182085224589227,1.8087177719736613,20,20,6.940555810928345
656,,0.19295531262599552,0.02143947918066617,0.006297030486166477,1.0,1.0,1.0,1.0,0.0,0.9136690647482014,0.08633093525179857,0.0,0.5145884106556574,0.1111111111111111,0.1111111111111111,0.3333333333333333,0.9978611852872787,0.034915258403763805,0.0,0.0,0.0,0.0,0.20863309352517986,0.41007194244604317,0.381294964028777,0.2302158273381295,0.2302158273381295,nan,nan,0.028382807119192343,0.1132555754675532,0.0,0.09433962264150944,0.0,0.21129111731626482,0.17637585891250102,1.7069678514707456,20,20,2.66135573387146
657,,0.19115823488205044,0.02123980387578338,-0.00420038215816021,1.0,1.0,1.0,1.0,0.0,0.8923076923076924,0.1076923076923077,0.0,0.5040159706854158,0.09444444444444444,0.09444444444444444,0.0,0.9985807028425945,0.02724715812435846,0.0,0.0,0.0,0.0,0.2153846153846154,0.2846153846153846,0.5,0.17692307692307693,0.17692307692307693,nan,nan,0.027441834595996015,0.09126438440149306,0.0,0.13846153846153847,0.0,0.20209530606063342,0.17484814793627496,1.6811727886011085,20,20,2.1349503993988037
658,,0.1922987984270766,0.021366533158564065,-0.008646210469305516,1.0,1.0,1.0,1.0,0.0,0.7637795275590551,0.23622047244094488,0.0,0.5385065243844616,0.12777777777777777,0.12777777777777777,0.2222222222222222,0.998429065682782,0.029427374661052857,0.0,0.0,0.0,0.0,0.16535433070866143,0.13385826771653545,0.7007874015748031,0.1968503937007874,0.1968503937007874,nan,nan,0.03483234204209545,0.10089393481690427,0.0,0.20224719101123595,0.0,0.21024211568545187,0.180814741024399,2.3925994965362305,20,20,2.3083040714263916
659,,0.1900668517558553,0.01900668517558553,-0.015082021430134773,1.0,1.0,1.0,1.0,0.0,0.9776119402985075,0.022388059701492536,0.0,0.4931064189749304,0.12,0.12,0.9,0.9987695295407901,0.027393617827692757,0.0,0.0,0.0,0.0,0.15671641791044777,0.22388059701492538,0.6194029850746269,0.14925373134328357,0.14925373134328357,nan,nan,0.03272717655998679,0.10475011260786517,0.0,0.024096385542168676,0.0,0.20466108716622494,0.17726746933853219,1.7572608035672104,20,20,3.1068949699401855
660,,0.19135352746850018,0.023919190933562522,-0.01596246603876352,1.0,1.0,1.0,1.0,0.0,0.8931297709923665,0.10687022900763359,0.0,0.5030922995181755,0.11875,0.11875,0.25,0.9981589267887672,0.028998007114903634,0.0,0.0,0.0,0.0,0.16030534351145037,0.5190839694656488,0.32061068702290074,0.1984732824427481,0.1984732824427481,nan,nan,0.022846511423282482,0.08156424809469817,0.0,0.11904761904761904,0.0,0.2087282483466612,0.17973024123175757,1.9185558468102093,20,20,2.402648687362671
661,,0.19111444969793784,0.021234938855326426,-0.00927954437211156,1.0,1.0,1.0,1.0,0.0,0.8880597014925373,0.11194029850746269,0.0,0.5178485472583109,0.1,0.1,1.1111111111111112,0.9978437132703233,0.03199269949988562,0.0,0.0,0.0,0.0,0.16417910447761194,0.5298507462686567,0.30597014925373134,0.22388059701492538,0.22388059701492538,nan,nan,0.022920143454055405,0.08023032042344154,0.0,0.07317073170731707,0.0,0.2097247251780423,0.17773202567815669,1.657344114430489,20,20,2.224303960800171
662,,0.2221325489588741,0.006170348582190947,0.10862243175506592,0.6,0.6,0.6,0.9420289855072463,0.0,0.9360902255639098,0.06015037593984962,0.0037593984962406013,0.4881388200964365,1.6819444444444445,1.6819444444444445,0.08333333333333333,0.8878044166020101,0.2560208362705472,0.0,-0.6824733975322411,0.0,0.0,0.05263157894736842,0.8984962406015038,0.04887218045112782,0.11278195488721804,0.11278195488721804,nan,nan,0.3865500750639181,0.8610443718567256,0.0041841004184100415,0.0,0.0,0.3301864470057988,0.07416561073525156,2.2008669338053384,20,20,13.44941234588623
663,,0.2173504596243569,0.008359633062475265,0.02652156576514244,0.9,0.9,0.9,0.9849246231155779,1.0,0.9848484848484849,0.010101010101010102,0.005050505050505051,0.49335206595536035,0.8038461538461539,0.8038461538461539,0.3076923076923077,0.9416758910246624,0.23914245848422047,0.0,-0.3783857524206737,0.0,0.0,0.12626262626262627,0.4494949494949495,0.42424242424242425,0.13636363636363635,0.13636363636363635,nan,nan,0.18104766015560295,0.5076991735330346,0.011235955056179775,0.0,0.0,0.3011565733402504,0.06201411485602995,2.2258425543304057,20,20,10.038405179977417
664,,0.27809495378526017,0.009931962635187863,0.07129400447010995,0.95,0.95,0.95,0.995,1.0,0.91,0.075,0.015,0.5077760278912528,1.1232142857142857,1.1232142857142857,0.39285714285714285,0.9559628479242088,0.275088570766123,0.0,-0.4238481746552701,0.0,0.0,0.1,0.775,0.125,0.17,0.17,nan,nan,0.2747244412833913,0.679878553945826,0.01935483870967742,0.04,0.0,0.40669529316897846,0.13160672240285548,1.9677212842051985,20,20,12.010586977005005
665,,0.23862939799532276,0.00883812585167862,0.00841782484203577,0.9,0.9,0.9,0.9804878048780488,1.0,0.9257425742574258,0.06435643564356436,0.009900990099009901,0.49577373539063113,1.0296296296296297,1.0296296296296297,0.3333333333333333,0.9475127319554956,0.2727127485476709,0.0,-0.07201120457396312,0.0,0.0,0.09900990099009901,0.7871287128712872,0.11386138613861387,0.15841584158415842,0.15841584158415842,nan,nan,0.226456390208672,0.6695545902374554,0.006289308176100629,0.0,0.043478260869565216,0.31612036975679864,0.04340762120912771,2.052852031028071,20,20,10.397619724273682
666,,0.19240541024808427,0.024050676281010534,0.02091499585658312,1.0,1.0,1.0,1.0,0.0,0.9098360655737705,0.09016393442622951,0.0,0.4960905182408169,0.05625,0.05625,0.375,0.9989458559003498,0.030318690623664546,0.0,0.0,0.0,0.0,0.23770491803278687,0.4016393442622951,0.36065573770491804,0.2786885245901639,0.2786885245901639,nan,nan,0.018700484900577782,0.07087048761364384,0.0,0.0,0.0,0.20866173608120597,0.17834304545754143,1.7556134416925557,20,20,1.8383243083953857
667,,0.18565878783709366,0.018565878783709366,-0.006955664232373237,1.0,1.0,1.0,1.0,0.0,0.9857142857142858,0.014285714285714285,0.0,0.4802280039526522,0.075,0.075,0.6,0.997784016628918,0.03867659775699897,0.0,0.0,0.0,0.0,0.17142857142857143,0.09285714285714286,0.7357142857142858,0.17857142857142858,0.17857142857142858,nan,nan,0.022323114349403265,0.07164018203126372,0.0,0.009708737864077669,0.0,0.2100169038928158,0.17134030613581683,2.285401766592175,20,20,4.5374596118927
668,,0.23340118593926118,0.009725049414135883,0.019430560618638994,0.95,0.95,0.95,0.9948453608247423,0.0,0.9072164948453608,0.09278350515463918,0.0,0.48898700115726873,0.8604166666666667,0.8604166666666667,0.6666666666666666,0.9510391487882426,0.25960427306491335,0.0,0.0,0.0,0.0,0.15979381443298968,0.5876288659793815,0.25257731958762886,0.23195876288659795,0.23195876288659795,nan,nan,0.17630715609019346,0.5788277829305291,0.0,0.08163265306122448,0.0,0.34101080746707074,0.08140653440215741,1.9394322058550706,20,20,7.856523275375366
669,,0.22987789554566754,0.0063854970984907646,0.036590488627552986,0.75,0.75,0.75,0.9774436090225563,1.0,0.9616858237547893,0.034482758620689655,0.0038314176245210726,0.48679717003995193,1.4277777777777778,1.4277777777777778,0.2777777777777778,0.896118954686985,0.33012002399879703,0.0,-0.6265212203627324,0.0,0.0,0.08812260536398467,0.4444444444444444,0.4674329501915709,0.11877394636015326,0.11877394636015326,nan,nan,0.34329053310156704,0.9414177640192553,0.008620689655172414,0.00819672131147541,0.0,0.31567566621262055,-0.014444357786176462,2.2534433973608836,20,20,22.08752179145813
670,,0.24320295845840834,0.009353959940708013,0.02655481770634651,0.9,0.9,0.9,0.9951456310679612,1.0,0.8682926829268293,0.12682926829268293,0.004878048780487805,0.4906753302551806,1.1346153846153846,1.1346153846153846,0.6153846153846154,0.9526389787636798,0.20903712473727193,100.0,0.042133068098703735,1.0,0.042133068098703735,0.08292682926829269,0.8682926829268293,0.04878048780487805,0.2,0.2,nan,nan,0.23749612527172903,0.6042070994049888,0.0056179775280898875,0.0,0.0,0.3173020660369261,0.10826494129965418,2.1055318183712237,20,20,9.648697137832642
671,,0.21433852740287435,0.008243789515495167,0.044766849651932714,0.85,0.85,0.85,0.9893048128342246,1.0,0.8756756756756757,0.10810810810810811,0.016216216216216217,0.49014542962137897,0.925,0.925,0.4230769230769231,0.9515677800304345,0.21492550638714364,0.0,-0.4823367163653442,0.0,0.0,0.10810810810810811,0.5783783783783784,0.31351351351351353,0.1783783783783784,0.1783783783783784,nan,nan,0.21962932689363468,0.726093437511236,0.028037383177570093,0.05172413793103448,0.0,0.3115342209636126,0.09660871457646897,2.27022909035684,20,20,6.55239725112915
672,,0.22828261797046678,0.0069176550900141446,0.008619196712970734,0.7,0.7,0.7,0.9565217391304348,1.0,0.8629032258064516,0.12096774193548387,0.016129032258064516,0.4744601449646959,1.393939393939394,1.393939393939394,0.42424242424242425,0.9288397540143395,0.21676506971835546,0.0,-0.4040869238671987,0.0,0.0,0.10080645161290322,0.5282258064516129,0.3709677419354839,0.18951612903225806,0.18951612903225806,nan,nan,0.31858761761195326,0.9507574143077235,0.007633587786259542,0.05434782608695652,0.021739130434782608,0.32543868211518734,0.10867361239683188,2.426401409614232,20,20,12.015875101089478
673,,0.23837371636369586,0.008828656161618365,0.03590346686542034,0.9,0.9,0.9,0.9897959183673469,1.0,0.8979591836734694,0.09693877551020408,0.00510204081632653,0.4955480982756449,0.9796296296296296,0.9796296296296296,0.4074074074074074,0.9225677889268141,0.26769406961054565,0.0,-0.11896083100179367,0.0,0.0,0.08673469387755102,0.8571428571428571,0.05612244897959184,0.17857142857142858,0.17857142857142858,nan,nan,0.22234324403157393,0.5961768797312502,0.005952380952380952,0.09090909090909091,0.0,0.3149435804380565,0.04724951082751082,1.8886213553909943,20,20,8.711040019989014
674,,0.2289372426496574,0.009539051777069058,0.022381111234426498,0.9,0.9,0.9,0.9794871794871794,1.0,0.8711340206185567,0.10309278350515463,0.02577319587628866,0.4788775785806744,0.9854166666666667,0.9854166666666667,0.4166666666666667,0.9635291584944304,0.20567378488015187,0.0,-0.3784567192353139,0.0,0.0,0.15463917525773196,0.41237113402061853,0.4329896907216495,0.22164948453608246,0.22164948453608246,nan,nan,0.21422373214078666,0.6408125303216846,0.0375,0.05952380952380952,0.011904761904761904,0.322388863799762,0.11671507891961014,2.077257257354114,20,20,6.845377206802368
675,,0.2383478834878383,0.00916722628799378,0.045009659975767134,0.9,0.9,0.9,1.0,0.0,0.8877551020408163,0.11224489795918367,0.0,0.48843727263100356,0.9884615384615385,0.9884615384615385,0.38461538461538464,0.9438259320441528,0.26416479234384105,0.0,0.0,0.0,0.0,0.10714285714285714,0.7959183673469388,0.09693877551020408,0.2193877551020408,0.2193877551020408,nan,nan,0.20923452821323787,0.6454853723289119,0.0,0.0,0.0,0.36919960066370483,0.10503480831986378,1.9507374395848527,20,20,6.917524814605713
676,,0.21967132929709987,0.008786853171883996,-0.023694509640336037,0.95,0.95,0.95,0.9950248756218906,0.0,0.84,0.16,0.0,0.48321103360690176,0.642,0.642,0.44,0.9829381559855083,0.154969848394045,0.0,0.0,0.0,0.0,0.115,0.42,0.465,0.205,0.205,nan,nan,0.13269839922526663,0.48549344733392963,0.0,0.06451612903225806,0.0,0.2878069166426923,0.1328370682486473,2.3087816870028237,20,20,6.3739213943481445
677,,0.18816974639559703,0.02352121829944963,-0.005478628724813461,1.0,1.0,1.0,1.0,1.0,0.9029850746268657,0.08955223880597014,0.007462686567164179,0.5027934445999562,0.05,0.05,0.0,0.9989009894466827,0.026323644055922607,100.0,0.03235572829831516,1.0,0.03235572829831516,0.21641791044776118,0.291044776119403,0.4925373134328358,0.26865671641791045,0.26865671641791045,nan,nan,0.016324613266692017,0.05365637940622345,0.0,0.06060606060606061,0.015151515151515152,0.20190353811153544,0.17557989405561283,1.8682816487876936,20,20,2.175565004348755
678,,0.23929079501202277,0.00920349211584703,0.03696427829563618,0.9,0.9,0.9,0.9800995024875622,1.0,0.89,0.1,0.01,0.4844603830661911,1.0326923076923078,1.0326923076923078,0.15384615384615385,0.9669642848605874,0.19459080076969548,0.0,-0.25077623497034807,0.0,0.0,0.095,0.83,0.075,0.195,0.195,nan,nan,0.2110423310912718,0.6476286911522283,0.012048192771084338,0.0,0.0,0.2962688452141035,0.10167804444440805,2.004502549616499,20,20,6.765089750289917
679,,0.2519660968318269,0.010498587367992787,-0.020268403738737107,1.0,1.0,1.0,1.0,1.0,0.8186528497409327,0.17098445595854922,0.010362694300518135,0.48976881496297814,0.9229166666666667,0.9229166666666667,0.5,0.9743717635560648,0.1414227305358753,0.0,-0.14128418046636093,0.0,0.0,0.10880829015544041,0.6476683937823834,0.24352331606217617,0.21761658031088082,0.21761658031088082,nan,nan,0.19289790358282863,0.562270718924924,0.016,0.0851063829787234,0.0,0.3392085607055937,0.19778583016971837,1.915467677118478,20,20,7.3501927852630615
680,,0.19086996537813117,0.021207773930903465,0.006695127673447132,1.0,1.0,1.0,1.0,1.0,0.8559322033898306,0.1271186440677966,0.01694915254237288,0.494297886826098,0.11666666666666667,0.11666666666666667,1.2222222222222223,0.9991264336695473,0.020996475909415696,0.0,-0.048032880873074224,0.0,0.0,0.22033898305084745,0.1440677966101695,0.635593220338983,0.2288135593220339,0.2288135593220339,nan,nan,0.03216528459134798,0.11314840202330269,0.058823529411764705,0.09333333333333334,0.013333333333333334,0.20143890792978625,0.18044243202037055,2.3793512924282103,20,20,2.3783321380615234
681,,0.1892747902697346,0.021030532252192733,-0.006186171062290668,1.0,1.0,1.0,1.0,0.0,0.7209302325581395,0.27906976744186046,0.0,0.49698543165706927,0.05,0.05,1.0,0.9990568879541597,0.019248555479396023,0.0,0.0,0.0,0.0,0.17829457364341086,0.4496124031007752,0.37209302325581395,0.3023255813953488,0.3023255813953488,nan,nan,0.015075180504236082,0.056615216779055726,0.0,0.20833333333333334,0.0,0.1983352517207435,0.1790866962413475,2.0030306303937144,20,20,2.2493045330047607
682,,0.18681760250216226,0.018681760250216225,-0.010965304635465144,1.0,1.0,1.0,1.0,0.0,0.6716417910447762,0.3283582089552239,0.0,0.4986796288471669,0.025,0.025,1.7,0.9987865745525113,0.02689670184652046,0.0,0.0,0.0,0.0,0.17164179104477612,0.15671641791044777,0.6716417910447762,0.16417910447761194,0.16417910447761194,nan,nan,0.02827106609659195,0.07399907663438668,0.0,0.3888888888888889,0.0,0.20362309256216282,0.17672639071564236,1.7407876491367407,20,20,2.9581382274627686
683,,0.235943745298069,0.006553992924946361,0.04464864134788513,0.6,0.6,0.6,0.9148148148148149,1.0,0.918918918918919,0.05791505791505792,0.023166023166023165,0.47592615984742426,1.6347222222222222,1.6347222222222222,0.2777777777777778,0.9260037903755105,0.2075445484612881,0.0,-0.5836103859459255,0.0,0.0,0.09266409266409266,0.3783783783783784,0.528957528957529,0.15057915057915058,0.15057915057915058,nan,nan,0.4114128320315521,0.9809911695712499,0.04081632653061224,0.0,0.0072992700729927005,0.3389006751037552,0.13135612664246712,2.2001151202890594,20,20,26.134501457214355
684,,0.2437455358556281,0.009027612439097337,0.0788983315229416,0.9,0.9,0.9,0.9891304347826086,1.0,0.8797814207650273,0.11475409836065574,0.00546448087431694,0.47933288544105984,1.0333333333333334,1.0333333333333334,0.4074074074074074,0.9067614627583439,0.348295852789131,0.0,-0.6400013485349272,0.0,0.0,0.07650273224043716,0.8415300546448088,0.08196721311475409,0.18032786885245902,0.18032786885245902,nan,nan,0.24944607876750244,0.7183889452186276,0.006493506493506494,0.0,0.0,0.33263254296942446,-0.015663309819706553,2.130126512514859,20,20,12.868106365203857
685,,0.25617990232812315,0.009488144530671228,0.019853226467967035,1.0,1.0,1.0,1.0,1.0,0.883248730964467,0.1065989847715736,0.01015228426395939,0.48510862416070366,0.9648148148148148,0.9648148148148148,0.3333333333333333,0.9640548184204004,0.19394833996239016,0.0,-0.3639155368060053,0.0,0.0,0.116751269035533,0.5888324873096447,0.29441624365482233,0.20812182741116753,0.20812182741116753,nan,nan,0.22357484603555894,0.6679620381037088,0.017241379310344827,0.017241379310344827,0.0,0.3766592934727215,0.18271095351033131,2.0999821216674097,20,20,7.347571134567261
686,,0.193539421655459,0.024192427706932376,0.006063000485301018,1.0,1.0,1.0,1.0,0.0,0.9624060150375939,0.03759398496240601,0.0,0.4977600279904436,0.15625,0.15625,0.25,0.9974979484687133,0.03562180455125474,0.0,0.0,0.0,0.0,0.15037593984962405,0.518796992481203,0.3308270676691729,0.16541353383458646,0.16541353383458646,nan,nan,0.02723844125837549,0.11208915305084224,0.0,0.022727272727272728,0.0,0.21231754169560335,0.1766957371443486,1.653976157555966,20,20,2.101813316345215
687,,0.19141365500099805,0.023926706875124756,-0.012843156605958939,1.0,1.0,1.0,1.0,0.0,0.8846153846153846,0.11538461538461539,0.0,0.48152286690892654,0.09375,0.09375,0.125,0.9984407439243926,0.03276148447942401,0.0,0.0,0.0,0.0,0.16923076923076924,0.45384615384615384,0.3769230769230769,0.23846153846153847,0.23846153846153847,nan,nan,0.02061812849962753,0.06960244135828879,0.0,0.08163265306122448,0.0,0.20853908649703654,0.17577760201761253,1.9058611438166853,20,20,2.2155332565307617
688,,0.19341579391285912,0.02149064376809546,-0.018142658099532128,1.0,1.0,1.0,1.0,1.0,0.8646616541353384,0.12781954887218044,0.007518796992481203,0.5111368727352884,0.07222222222222222,0.07222222222222222,0.0,0.998348671138821,0.02908343701010785,0.0,-0.012274706701986285,0.0,0.0,0.21804511278195488,0.6015037593984962,0.18045112781954886,0.3007518796992481,0.3007518796992481,nan,nan,0.020333516938172716,0.0736341883548631,0.0125,0.0,0.0,0.21179089472153936,0.18270745771143151,1.6871734126278861,20,20,2.2028894424438477
689,,0.23149156947811383,0.009259662779124553,0.06769367679953575,0.9,0.9,0.9,0.9854368932038835,1.0,0.8774509803921569,0.11764705882352941,0.004901960784313725,0.4688272516876459,0.884,0.884,0.48,0.930845515990628,0.32582474179878235,0.0,-0.1864005121497106,0.0,0.0,0.12745098039215685,0.5294117647058824,0.3431372549019608,0.2107843137254902,0.2107843137254902,nan,nan,0.1853401582481517,0.6394561483795775,0.009259259259259259,0.04285714285714286,0.0,0.3531742655160082,0.027349523717225876,1.9198875033627565,20,20,7.695172548294067
690,,0.22556241918282016,0.007778014454580005,0.024298717826604845,0.9,0.9,0.9,0.9855769230769231,1.0,0.8737864077669902,0.10194174757281553,0.024271844660194174,0.4926063331974076,0.75,0.75,0.3103448275862069,0.8997726727713798,0.3490053079879775,0.0,-0.3489715786102408,0.0,0.0,0.10679611650485436,0.7572815533980582,0.13592233009708737,0.2087378640776699,0.2087378640776699,nan,nan,0.1721181733898746,0.6246897542059286,0.03205128205128205,0.0,0.0,0.32481911589383217,-0.024186192094145367,2.090624247225294,20,20,12.786121129989624
691,,0.23809111002721314,0.006265555527031925,0.04975434616208076,0.8,0.8,0.8,0.9924528301886792,1.0,0.7680608365019012,0.22433460076045628,0.0076045627376425855,0.49608655434690024,1.3171052631578948,1.3171052631578948,0.7105263157894737,0.9499225265190115,0.22825508457425686,0.0,-0.6570560486691188,0.0,0.0,0.09125475285171103,0.6045627376425855,0.3041825095057034,0.23574144486692014,0.23574144486692014,nan,nan,0.3299226134566649,0.8655663609160112,0.006289308176100629,0.15,0.0,0.32241509442708793,0.09416000985283107,1.8471863123324612,20,20,13.576469659805298
692,,0.25499390770886093,0.007499820814966498,0.04504694454371929,0.95,0.95,0.95,0.99581589958159,0.0,0.6359832635983264,0.36401673640167365,0.0,0.5223039533723803,1.0088235294117647,1.0088235294117647,1.6470588235294117,0.953354460699617,0.2906302820576121,0.0,0.0,0.0,0.0,0.1297071129707113,0.5983263598326359,0.2719665271966527,0.24686192468619247,0.24686192468619247,nan,nan,0.2552886120519187,0.7597360210547102,0.0,0.38461538461538464,0.0,0.34495880071014007,0.05432851865252794,2.2538363107778476,20,20,11.344670534133911
693,,0.243729379549423,0.00974917518197692,-0.008980267494916917,1.0,1.0,1.0,1.0,0.0,0.7704081632653061,0.22959183673469388,0.0,0.5165892270132899,0.804,0.804,0.36,0.983351485054142,0.12914295313232432,0.0,0.0,0.0,0.0,0.12755102040816327,0.6224489795918368,0.25,0.2653061224489796,0.2653061224489796,nan,nan,0.17061062368064062,0.5273690316003814,0.0,0.12244897959183673,0.0,0.32707245239089144,0.19792949925856712,2.101891126499897,20,20,6.14208459854126
694,,0.22013159533009963,0.008805263813203986,0.023358390480279923,0.9,0.9,0.9,0.9795918367346939,1.0,0.7319587628865979,0.25773195876288657,0.010309278350515464,0.5134961421489715,0.842,0.842,0.92,0.9624588274489752,0.1885090936595083,0.0,-0.30398487243200034,0.0,0.0,0.17525773195876287,0.20618556701030927,0.6185567010309279,0.19072164948453607,0.19072164948453607,nan,nan,0.2072471528241861,0.7226956809465889,0.0,0.10833333333333334,0.0,0.3115631218551165,0.12305402819560818,2.2465918742230593,20,20,8.481854438781738
695,,0.24161665097654336,0.009664666039061735,-0.009576912969350815,0.95,0.95,0.95,0.9802955665024631,1.0,0.7673267326732673,0.22277227722772278,0.009900990099009901,0.5150518664717674,0.942,0.942,0.84,0.9792845632225383,0.13982881861344898,0.0,-0.6225956306078251,0.0,0.0,0.09405940594059406,0.806930693069307,0.09900990099009901,0.25742574257425743,0.25742574257425743,nan,nan,0.19615863048658594,0.5981998152468263,0.006134969325153374,0.05,0.0,0.33824248162593595,0.19841366301248697,1.9413882629224983,20,20,8.558759689331055
696,,0.2330952053474775,0.008965200205672211,-0.0005706477910280228,0.95,0.95,0.95,0.98989898989899,0.0,0.8383838383838383,0.15656565656565657,0.005050505050505051,0.5059147424924259,0.8730769230769231,0.8730769230769231,0.6538461538461539,0.9550157902683847,0.24503211764614455,0.0,-0.6051447862542,0.0,0.0,0.18181818181818182,0.41414141414141414,0.40404040404040403,0.24242424242424243,0.24242424242424243,nan,nan,0.2010445499050869,0.5998492412419468,0.0,0.075,0.0,0.30978461387480694,0.06475249622866239,2.135873169740631,20,20,6.610001087188721
697,,0.2265142702468636,0.008712087317187062,-0.007042696513235569,1.0,1.0,1.0,1.0,1.0,0.6666666666666666,0.31343283582089554,0.01990049751243781,0.5067008956747416,0.7173076923076923,0.7173076923076923,1.1923076923076923,0.9901498532680231,0.09453663159099951,25.0,-0.22971860557173543,0.25,0.24696778675624714,0.10945273631840796,0.7313432835820896,0.15920398009950248,0.3034825870646766,0.3034825870646766,nan,nan,0.15050749832233923,0.5917115473277383,0.013605442176870748,0.25,0.0625,0.2723790898378871,0.1778424582468876,2.153045533848208,20,20,7.000885486602783
698,,0.23146293158812511,0.006091129778634872,0.04246224015951157,0.8,0.8,0.8,0.9496124031007752,0.5,0.8333333333333334,0.12301587301587301,0.04365079365079365,0.500955711106929,1.1355263157894737,1.1355263157894737,0.39473684210526316,0.8859464133105841,0.332539144428033,0.0,-0.8945734736047138,0.0,0.0,0.09523809523809523,0.7738095238095238,0.13095238095238096,0.1865079365079365,0.1865079365079365,nan,nan,0.3236556257660678,0.8040621458895321,0.05128205128205128,0.030303030303030304,0.030303030303030304,0.3193032531478238,-0.013235891280209161,2.17114297352538,20,20,11.597456932067871
699,,0.23917358598746905,0.008858280962498853,0.01628596018999815,0.95,0.95,0.95,0.9902912621359223,1.0,0.6585365853658537,0.33170731707317075,0.00975609756097561,0.49839207981195716,0.8055555555555556,0.8055555555555556,0.9259259259259259,0.9805005558597087,0.15999106503025878,0.0,-0.47674806177397155,0.0,0.0,0.12682926829268293,0.6634146341463415,0.2097560975609756,0.3073170731707317,0.3073170731707317,nan,nan,0.1829015821084673,0.6606386283564183,0.014705882352941176,0.2558139534883721,0.0,0.3334998576961478,0.17350879266588903,2.035066588147164,20,20,7.472762107849121
700,,0.2024618219332119,0.007786993151277381,0.1013956531882286,0.75,0.75,0.75,0.9441624365482234,0.8,0.8350515463917526,0.10824742268041238,0.05670103092783505,0.4916297667677729,1.101923076923077,1.101923076923077,0.38461538461538464,0.8902544135838731,0.29333485102655843,0.0,-0.5152112057086318,0.0,0.0,0.09278350515463918,0.41237113402061853,0.4948453608247423,0.1958762886597938,0.1958762886597938,nan,nan,0.26124086202046065,0.8178568947161421,0.075,0.020833333333333332,0.052083333333333336,0.31474256903907555,0.021407718012517105,2.1882036090279375,20,20,10.810787677764893
701,,0.19396089729143107,0.021551210810159007,-0.009568320959806443,1.0,1.0,1.0,1.0,1.0,0.9669421487603306,0.024793388429752067,0.008264462809917356,0.4954222249901957,0.1111111111111111,0.1111111111111111,0.0,0.9984206456410647,0.027584158737791048,0.0,-0.0212434490011787,0.0,0.0,0.17355371900826447,0.6528925619834711,0.17355371900826447,0.2066115702479339,0.2066115702479339,nan,nan,0.024956625503238978,0.07917336059936722,0.0,0.0,0.047619047619047616,0.20978513235774726,0.1822009736199562,1.541324380845643,20,20,1.9602229595184326
702,,0.2059082143439229,0.005147705358598072,0.06978476047515869,0.6,0.6,0.6,0.9437751004016064,0.75,0.9294605809128631,0.04564315352697095,0.024896265560165973,0.5001136000314728,1.3,1.3,0.25,0.8538311129685452,0.27991067438653494,0.0,-0.762943939479638,0.0,0.0,0.08713692946058091,0.5394190871369294,0.37344398340248963,0.12863070539419086,0.12863070539419086,nan,nan,0.371363029796599,0.9514687546198803,0.038461538461538464,0.0,0.011111111111111112,0.3373927203748005,0.057482045988265534,2.5130132732737973,20,20,22.66803002357483
703,,0.22507252004078002,0.008038304287170716,0.04546851739287376,0.9,0.9,0.9,0.9850746268656716,1.0,0.795,0.195,0.01,0.4891370577737689,0.7678571428571429,0.7678571428571429,0.4642857142857143,0.9062234466197183,0.3438587334596373,50.0,0.0027990319012710235,0.5,0.10481062465626145,0.135,0.59,0.275,0.25,0.25,nan,nan,0.1788339881172112,0.628192580741079,0.01694915254237288,0.10909090909090909,0.0,0.35566278917163685,0.011804055711999537,1.8430987378523114,20,20,7.222975254058838
704,,0.24148518887168635,0.006707921913102399,0.03977467641234398,0.75,0.75,0.75,0.952191235059761,0.0,0.9796747967479674,0.02032520325203252,0.0,0.4893590539603287,1.5083333333333333,1.5083333333333333,0.05555555555555555,0.906696431765341,0.2658595665166922,0.0,0.0,0.0,0.0,0.08536585365853659,0.8048780487804879,0.10975609756097561,0.08943089430894309,0.08943089430894309,nan,nan,0.3799850461164462,1.0563592399504522,0.0,0.07407407407407407,0.0,0.3286130729023964,0.0627535063857042,1.8180289953544355,20,20,12.220062971115112
705,,0.2497861153268542,0.0065733188243909,0.023481491953134537,0.65,0.65,0.65,0.9494163424124513,0.0,0.936,0.064,0.0,0.5122134685393815,1.6144736842105263,1.6144736842105263,0.10526315789473684,0.9176723692419634,0.24779321686655328,0.0,0.0,0.0,0.0,0.056,0.896,0.048,0.12,0.12,nan,nan,0.4222023221787938,1.1072261792940772,0.0,0.0,0.0,0.342704117908557,0.0949109010420037,1.7412578992196903,20,20,13.239206314086914
706,,0.23652896658833641,0.009097267945705246,0.02534432951360941,1.0,1.0,1.0,1.0,0.0,0.9010416666666666,0.09895833333333333,0.0,0.49330964610338784,0.9980769230769231,0.9980769230769231,0.19230769230769232,0.9817820167387836,0.12355949526112495,0.0,0.0,0.0,0.0,0.078125,0.7604166666666666,0.16145833333333334,0.16666666666666666,0.16666666666666666,nan,nan,0.21286726733283134,0.6459487031918558,0.0,0.06451612903225806,0.0,0.3021462778327536,0.17858678257162866,1.8328770352699721,20,20,8.218449831008911
707,,0.26488088433214274,0.007158942819787642,0.01147480048239231,0.85,0.85,0.85,0.9737827715355806,1.0,0.9885496183206107,0.007633587786259542,0.003816793893129771,0.49256304091446707,1.3878378378378378,1.3878378378378378,0.21621621621621623,0.973279170280278,0.1758144529672365,0.0,-0.03451932151519954,0.0,0.0,0.14122137404580154,0.38549618320610685,0.4732824427480916,0.14885496183206107,0.14885496183206107,nan,nan,0.349325736849696,0.9471853867930178,0.009900990099009901,0.0,0.0,0.33678827739994804,0.16097382443271155,1.932410174183446,20,20,19.33478832244873
708,,0.23756879693179542,0.009898699872158143,0.011445147916674614,0.95,0.95,0.95,0.989247311827957,0.0,0.9351351351351351,0.06486486486486487,0.0,0.4949518834007904,0.9729166666666667,0.9729166666666667,0.125,0.9849559016654814,0.1146869525236329,0.0,0.0,0.0,0.0,0.10270270270270271,0.654054054054054,0.24324324324324326,0.15675675675675677,0.15675675675675677,nan,nan,0.21001147780621582,0.6051126428599026,0.0,0.0,0.0,0.301520217934547,0.18683326541091408,1.9442544239796693,20,20,6.968166828155518
709,,0.2674181498519082,0.007865239701526711,0.0678557962179184,0.85,0.85,0.85,0.9794238683127572,1.0,0.9256198347107438,0.06611570247933884,0.008264462809917356,0.4986890490961206,1.55,1.55,0.23529411764705882,0.9216565200405149,0.3374152626396332,50.0,-0.20030570271269207,0.5,0.04576605921857607,0.09504132231404959,0.7396694214876033,0.1652892561983471,0.1446280991735537,0.1446280991735537,nan,nan,0.3712920527638569,0.906734797370456,0.0111731843575419,0.05,0.0,0.3687218241948796,0.0313065615552464,2.098421555405264,20,20,14.665244817733765
710,,0.23916769278443514,0.009198757414785968,0.02928540837019682,0.9,0.9,0.9,0.9950980392156863,0.0,0.9607843137254902,0.0392156862745098,0.0,0.504109284403519,1.0038461538461538,1.0038461538461538,0.0,0.9357540723524308,0.2730529631310299,0.0,0.0,0.0,0.0,0.10784313725490197,0.5294117647058824,0.3627450980392157,0.14215686274509803,0.14215686274509803,nan,nan,0.2131407079522995,0.6044429948777059,0.0,0.013513513513513514,0.0,0.3438214094839557,0.07076844635292578,1.9643160938079112,20,20,7.2812135219573975
711,,0.18991342056955976,0.02110149117439553,0.019688843190670012,1.0,1.0,1.0,1.0,0.0,0.9924242424242424,0.007575757575757576,0.0,0.49880754090845586,0.06666666666666667,0.06666666666666667,0.7777777777777778,0.9982405727522522,0.025831296414160182,0.0,0.0,0.0,0.0,0.22727272727272727,0.1893939393939394,0.5833333333333334,0.23484848484848486,0.23484848484848486,nan,nan,0.026437579954163647,0.07379998331469509,0.0,0.0,0.0,0.2020654005107061,0.1762341040965459,1.6989123009015137,20,20,2.9629037380218506
712,,0.20830364473555735,0.007714949805020643,0.061934512853622434,0.8,0.8,0.8,0.9748743718592965,1.0,0.8883248730964467,0.10152284263959391,0.01015228426395939,0.4985874371603131,0.9,0.9,0.2222222222222222,0.897178650086964,0.33318140968470594,0.0,-0.4907026013620014,0.0,0.0,0.1218274111675127,0.5989847715736041,0.27918781725888325,0.17258883248730963,0.17258883248730963,nan,nan,0.2150107235172646,0.629903818085269,0.01694915254237288,0.03636363636363636,0.0,0.30918319978688885,-0.023998209897817077,2.0290493421117572,20,20,7.592468023300171
713,,0.24680907782048864,0.008510657855878918,0.008961377292871475,0.95,0.95,0.95,0.9851485148514851,0.0,0.8960396039603961,0.09900990099009901,0.0049504950495049506,0.5016867188255077,0.8310344827586207,0.8310344827586207,0.034482758620689655,0.9695483063391693,0.15258962449358443,0.0,-0.1296001814270985,0.0,0.0,0.13861386138613863,0.28217821782178215,0.5792079207920792,0.21782178217821782,0.21782178217821782,nan,nan,0.21599500597136287,0.7707350110216042,0.0,0.008547008547008548,0.008547008547008548,0.34154155794638485,0.18895193345280042,2.0733244759079192,20,20,7.448594570159912
714,,0.2352534810499381,0.006534818918053836,0.02920747883617878,0.7,0.7,0.7,0.94921875,0.0,0.979757085020243,0.020242914979757085,0.0,0.5030315520604037,1.4694444444444446,1.4694444444444446,0.19444444444444445,0.9506539509714361,0.24677434637497497,0.0,0.0,0.0,0.0,0.06477732793522267,0.4939271255060729,0.44129554655870445,0.08502024291497975,0.08502024291497975,nan,nan,0.37054342353074765,1.0094334095955995,0.0,0.0,0.0,0.35159746867341846,0.1048231222984435,2.0931282443680517,20,20,17.18187427520752
715,,0.2469843514630808,0.007484374286760024,0.019617355056107046,0.75,0.75,0.75,0.9477911646586346,1.0,0.8888888888888888,0.10699588477366255,0.00411522633744856,0.507351828068777,1.7015151515151514,1.7015151515151514,0.48484848484848486,0.954827921886403,0.23616020528039428,0.0,-0.44238630151586544,0.0,0.0,0.07818930041152264,0.8724279835390947,0.04938271604938271,0.16049382716049382,0.16049382716049382,nan,nan,0.3917085447974659,1.114920527520822,0.0047169811320754715,0.0,0.0,0.36149149905342237,0.1253312937730281,1.819340601673102,20,20,12.207270860671997
716,,0.2510722947449176,0.0067857376958085835,0.0033278979361057283,0.75,0.75,0.75,0.9494163424124513,1.0,0.9759036144578314,0.020080321285140562,0.004016064257028112,0.53750928674598,1.491891891891892,1.491891891891892,0.1891891891891892,0.9575959299539795,0.22617733221972858,100.0,0.014871646770336144,1.0,0.014871646770336144,0.04819277108433735,0.8353413654618473,0.11646586345381527,0.06827309236947791,0.06827309236947791,nan,nan,0.37836739048647455,1.0491653157756922,0.004807692307692308,0.0,0.0,0.36081721214302087,0.1346398799232923,2.16223679058638,20,20,22.083179712295532
717,,0.2431598744656134,0.01057216845502667,-0.004825275763869286,0.95,0.95,0.95,0.9948717948717949,0.0,0.9226804123711341,0.07731958762886598,0.0,0.5079131823195063,1.041304347826087,1.041304347826087,0.6086956521739131,0.9756741326459069,0.13750002325519134,0.0,0.0,0.0,0.0,0.1134020618556701,0.7474226804123711,0.13917525773195877,0.18041237113402062,0.18041237113402062,nan,nan,0.201409173813681,0.5958011668748957,0.0,0.0,0.0,0.30622933981614847,0.16872931656095713,1.8914555904208774,20,20,9.407839059829712
718,,0.25453014764654863,0.009789621063328794,0.001984465681016445,0.95,0.95,0.95,0.9948717948717949,0.0,0.7692307692307693,0.22564102564102564,0.005128205128205128,0.5235743002643666,1.0153846153846153,1.0153846153846153,0.46153846153846156,0.9644976249008689,0.1872674959349709,100.0,0.23700609878578505,1.0,0.23700609878578505,0.08717948717948718,0.7692307692307693,0.14358974358974358,0.26153846153846155,0.26153846153846155,nan,nan,0.2248251080710755,0.846945153221931,0.006666666666666667,0.07142857142857142,0.0,0.34886203119745846,0.16159453526248754,1.9312887801902836,20,20,7.1973278522491455
719,,0.19062683221000987,0.021180759134445542,0.035596785694360734,1.0,1.0,1.0,1.0,1.0,0.7615384615384615,0.23076923076923078,0.007692307692307693,0.5180603507906199,0.07222222222222222,0.07222222222222222,0.6666666666666666,0.9980876467736307,0.03467563468340909,0.0,-0.09414351060872149,0.0,0.0,0.2,0.49230769230769234,0.3076923076923077,0.2846153846153846,0.2846153846153846,nan,nan,0.02170711460143585,0.0943978275518797,0.0,0.25,0.0,0.21176657001805163,0.17709093533464254,1.9924152963663462,20,20,2.1448874473571777
720,,0.22043847986445322,0.0078728028523019,-0.005027138255536556,0.85,0.85,0.85,0.9803921568627451,0.0,0.9203980099502488,0.07960199004975124,0.0,0.5191129996241736,0.9214285714285714,0.9214285714285714,0.35714285714285715,0.965398689897321,0.17182588899518572,0.0,0.0,0.0,0.0,0.0845771144278607,0.5970149253731343,0.31840796019900497,0.13432835820895522,0.13432835820895522,nan,nan,0.220430527274718,0.6569193323211776,0.0,0.03125,0.0,0.29310963643033894,0.12128374743515322,1.9423720619715257,20,20,10.147468090057373
721,,0.22796511150695614,0.008767888904113699,0.017821724712848663,0.95,0.95,0.95,0.9949494949494949,0.0,0.6717171717171717,0.3282828282828283,0.0,0.5024696801717464,0.6826923076923077,0.6826923076923077,0.7307692307692307,0.930744434464975,0.3192237367735705,0.0,0.0,0.0,0.0,0.12626262626262627,0.6313131313131313,0.24242424242424243,0.2777777777777778,0.2777777777777778,nan,nan,0.15033474951786924,0.482716423501919,0.0,0.22916666666666666,0.0,0.31481289462766127,-0.004410842145909227,2.004794138843922,20,20,8.249006748199463
722,,0.19092038786951804,0.02121337642994645,-0.0024969033896923066,1.0,1.0,1.0,1.0,1.0,0.8267716535433071,0.16535433070866143,0.007874015748031496,0.5181126976178752,0.05555555555555555,0.05555555555555555,0.2222222222222222,0.9987563456789241,0.02724916942076111,100.0,0.02114577696303533,1.0,0.02114577696303533,0.2047244094488189,0.5118110236220472,0.28346456692913385,0.2283464566929134,0.2283464566929134,nan,nan,0.020304461890797355,0.0862123243254372,0.015384615384615385,0.16666666666666666,0.0,0.2017675068725376,0.1745183374517765,2.0455356471544937,20,20,1.971714735031128
723,,0.22470640517753074,0.008322459451019656,0.03403464797884226,0.95,0.95,0.95,0.9947089947089947,1.0,0.5608465608465608,0.42328042328042326,0.015873015873015872,0.5261141014147412,0.6537037037037037,0.6537037037037037,1.8148148148148149,0.9497934419966179,0.29290580987679266,33.33333333333333,-0.02094406659680928,0.3333333333333333,0.02883873899561834,0.1164021164021164,0.7142857142857143,0.1693121693121693,0.37566137566137564,0.37566137566137564,nan,nan,0.15259359740629633,0.5389331228654491,0.014814814814814815,0.3125,0.0,0.36281289600013866,0.069907086123346,1.9646287877764437,20,20,6.601199388504028
724,,0.24336621848627327,0.01014025910359472,-0.008054712787270546,1.0,1.0,1.0,1.0,1.0,0.864321608040201,0.1306532663316583,0.005025125628140704,0.5237329863438693,0.8854166666666666,0.8854166666666666,0.4583333333333333,0.968855390960429,0.15344443510604489,0.0,-0.20030461821020218,0.0,0.0,0.11557788944723618,0.6884422110552764,0.19597989949748743,0.1708542713567839,0.1708542713567839,nan,nan,0.18078037013327394,0.5837754519067622,0.0,0.10256410256410256,0.0,0.3339560366158463,0.1805116015098014,1.7878176662607956,20,20,9.59995436668396
725,,0.24389149393275422,0.009033018293805713,-0.016424378380179405,1.0,1.0,1.0,1.0,1.0,0.8151658767772512,0.17535545023696683,0.009478672985781991,0.5313527734191329,0.8796296296296297,0.8796296296296297,0.8518518518518519,0.9737482822385308,0.14818040407911348,0.0,-0.18956094982402888,0.0,0.0,0.15165876777251186,0.35071090047393366,0.4976303317535545,0.22274881516587677,0.22274881516587677,nan,nan,0.2115800274946941,0.6676912408552292,0.013513513513513514,0.10476190476190476,0.0,0.335524832326499,0.1873444282473855,1.9795308694477851,20,20,9.269874334335327
726,,0.19318020097269914,0.02146446677474435,0.017158668115735055,1.0,1.0,1.0,1.0,0.0,0.6507936507936508,0.3492063492063492,0.0,0.5260086552136474,0.05555555555555555,0.05555555555555555,1.1111111111111112,0.999191062428037,0.021894478918226018,0.0,0.0,0.0,0.0,0.19047619047619047,0.5396825396825397,0.2698412698412698,0.2857142857142857,0.2857142857142857,nan,nan,0.031370695650875705,0.16430866258527668,0.0,0.23529411764705882,0.0,0.2042099467780558,0.18231546785982977,2.695314865315691,20,20,2.4932260513305664
727,,0.2586821521608754,0.009949313544649055,0.02832729183137417,0.95,0.95,0.95,0.9948717948717949,1.0,0.9435897435897436,0.05128205128205128,0.005128205128205128,0.5396237937876811,1.0461538461538462,1.0461538461538462,0.4230769230769231,0.9648350120906322,0.2328194970919663,0.0,-0.16464301284145405,0.0,0.0,0.07692307692307693,0.8051282051282052,0.11794871794871795,0.1282051282051282,0.1282051282051282,nan,nan,0.23390428164366436,0.6578252817641638,0.006369426751592357,0.0,0.0,0.33963034876017023,0.10681085166820393,1.6726521798663132,20,20,13.563411474227905
728,,0.19008873126349288,0.021120970140388096,-0.0002731960266828537,1.0,1.0,1.0,1.0,0.0,0.9496402877697842,0.050359712230215826,0.0,0.5097852706081337,0.05,0.05,1.0,0.998477895352146,0.030481355700259977,0.0,0.0,0.0,0.0,0.15827338129496402,0.17266187050359713,0.6690647482014388,0.15827338129496402,0.15827338129496402,nan,nan,0.02440775991180507,0.06873322932384847,0.0,0.03225806451612903,0.0,0.2046835950149731,0.17420223931471313,1.799584312938898,20,20,4.353939056396484
729,,0.24276785149927624,0.0089914019073806,0.03601832874119282,0.95,0.95,0.95,1.0,0.0,0.8009950248756219,0.19900497512437812,0.0,0.5470253581767557,0.9555555555555556,0.9555555555555556,0.7407407407407407,0.9556208371018085,0.23179530171883472,0.0,0.0,0.0,0.0,0.12437810945273632,0.4228855721393035,0.4527363184079602,0.19402985074626866,0.19402985074626866,nan,nan,0.23473967780839566,0.7487116535775933,0.0,0.15384615384615385,0.0,0.3208675614619016,0.08907225974306686,2.0008466737035038,20,20,7.482661724090576
730,,0.230769955750888,0.01003347633699513,0.028059469908475874,0.95,0.95,0.95,1.0,0.0,0.8489583333333334,0.15104166666666666,0.0,0.5142266372907097,0.9,0.9,0.43478260869565216,0.9713927849277465,0.16257209749903268,0.0,0.0,0.0,0.0,0.11979166666666667,0.4791666666666667,0.4010416666666667,0.1875,0.1875,nan,nan,0.1813316328218878,0.5545712748426277,0.0,0.1038961038961039,0.0,0.31485122132776944,0.15227912382873676,2.1287704613328136,20,20,6.751537322998047
731,,0.231667909050402,0.008580292927792667,0.003108398988842964,0.95,0.95,0.95,0.990521327014218,0.0,0.8523809523809524,0.14761904761904762,0.0,0.5193979837138344,0.7148148148148148,0.7148148148148148,0.7037037037037037,0.9716714630619532,0.15210910888540322,0.0,0.0,0.0,0.0,0.11904761904761904,0.5,0.38095238095238093,0.19523809523809524,0.19523809523809524,nan,nan,0.16336361140197694,0.5825402057122576,0.0,0.0375,0.0,0.32380139848440603,0.17169228959900282,1.8008984179212948,20,20,10.180782318115234
732,,0.24297090407607014,0.007362754668971822,-0.02871722970157862,1.0,1.0,1.0,1.0,0.0,0.40229885057471265,0.5977011494252874,0.0,0.5456564814487302,0.6621212121212121,0.6621212121212121,4.363636363636363,0.9786524933450149,0.17986675236492178,0.0,0.0,0.0,0.0,0.09578544061302682,0.6436781609195402,0.26053639846743293,0.42528735632183906,0.42528735632183906,nan,nan,0.1407517266122631,0.6373904215531527,0.0,0.5882352941176471,0.0,0.3446602754553348,0.164793523090413,2.3005410032523637,20,20,11.699634313583374
733,,0.25367374368448503,0.007247821248128144,-0.008680905774235725,0.85,0.85,0.85,0.9656488549618321,0.0,0.7450980392156863,0.2549019607843137,0.0,0.5266629955624895,1.2957142857142858,1.2957142857142858,0.9714285714285714,0.9749670501419708,0.15153352569396084,0.0,0.0,0.0,0.0,0.058823529411764705,0.792156862745098,0.14901960784313725,0.25882352941176473,0.25882352941176473,nan,nan,0.30338507818353955,1.0390597836947066,0.0,0.10526315789473684,0.0,0.33928777700172136,0.18775425130776052,1.9015882650296352,20,20,13.735464572906494
734,,0.23715686765640606,0.008783587690978003,-0.005180687829852104,0.95,0.95,0.95,0.9895833333333334,0.0,0.8481675392670157,0.1518324607329843,0.0,0.5139210915848337,0.8537037037037037,0.8537037037037037,0.5925925925925926,0.9667480883674221,0.1864094530580902,0.0,0.0,0.0,0.0,0.12041884816753927,0.6282722513089005,0.2513089005235602,0.24607329842931938,0.24607329842931938,nan,nan,0.19788261317158737,0.6990117806715683,0.0,0.020833333333333332,0.0,0.3369509694313005,0.15054151637321028,2.001847707248644,20,20,7.103233575820923
735,,0.23329647876736562,0.010604385398516618,0.025852645561099053,1.0,1.0,1.0,1.0,0.0,0.772020725388601,0.22797927461139897,0.0,0.5081970145968212,0.8227272727272728,0.8227272727272728,1.0,0.9796335869987226,0.11837466517953593,0.0,0.0,0.0,0.0,0.15544041450777202,0.45077720207253885,0.39378238341968913,0.31088082901554404,0.31088082901554404,nan,nan,0.16361927440817023,0.6170293497788808,0.0,0.10526315789473684,0.0,0.31017265013965095,0.19179798496011502,2.0587842168012087,20,20,5.828501224517822
736,,0.19658088643745525,0.024572610804681906,0.011824814043939114,1.0,1.0,1.0,1.0,0.0,0.8347107438016529,0.1652892561983471,0.0,0.5083589330781251,0.13125,0.13125,0.0,0.9983068556029041,0.030766152190909224,0.0,0.0,0.0,0.0,0.1652892561983471,0.6033057851239669,0.23140495867768596,0.256198347107438,0.256198347107438,nan,nan,0.02673538479993701,0.09164302888619512,0.0,0.10714285714285714,0.0,0.21528681196196137,0.18452065977105214,1.7571568871374956,20,20,2.1195931434631348
737,,0.24390296174766374,0.00717361652199011,0.02964482009410858,0.95,0.95,0.95,0.9962121212121212,0.0,0.5795454545454546,0.42045454545454547,0.0,0.5237201261827175,1.0514705882352942,1.0514705882352942,2.823529411764706,0.9468287129053037,0.24509488395345125,0.0,0.0,0.0,0.0,0.10227272727272728,0.4431818181818182,0.45454545454545453,0.20075757575757575,0.20075757575757575,nan,nan,0.24858206464840057,0.819541095234482,0.0,0.49166666666666664,0.0,0.3116170786753988,0.06652219472194755,2.499616956716729,20,20,12.71008825302124
738,,0.19264353722191183,0.021404837469101313,0.0017718024551868438,1.0,1.0,1.0,1.0,0.0,0.7734375,0.2265625,0.0,0.5061090433970094,0.07222222222222222,0.07222222222222222,0.3333333333333333,0.9985165220278915,0.03366145786139682,0.0,0.0,0.0,0.0,0.203125,0.484375,0.3125,0.2578125,0.2578125,nan,nan,0.02399934525362394,0.08809228345631345,0.0,0.2,0.0,0.21529309214248898,0.18163163428109216,2.1671939602885817,20,20,2.155045509338379
739,,0.25441765804349303,0.01060073575181221,0.05118543915450573,1.0,1.0,1.0,1.0,0.0,0.7107843137254902,0.28921568627450983,0.0,0.5091239553216534,0.925,0.925,0.9583333333333334,0.9826914089415615,0.11785573524689757,0.0,0.0,0.0,0.0,0.07352941176470588,0.8431372549019608,0.08333333333333333,0.24509803921568626,0.24509803921568626,nan,nan,0.19745308258116434,0.6121455745658133,0.0,0.23529411764705882,0.0,0.31833238430051836,0.20047664905362078,1.7148483142252249,20,20,7.652134656906128
740,,0.20131510204487651,0.00805260408179506,0.06369175389409065,0.9,0.9,0.9,0.9899497487437185,0.0,0.6984924623115578,0.3015075376884422,0.0,0.49732003098726274,0.584,0.584,1.04,0.910175415455903,0.26492555887886765,0.0,0.0,0.0,0.0,0.11055276381909548,0.24623115577889448,0.6432160804020101,0.20100502512562815,0.20100502512562815,nan,nan,0.1361496363524016,0.5455718024647818,0.0,0.234375,0.0,0.2817952695548963,0.016869710676028674,2.4970752303251413,20,20,7.543440580368042
741,,0.24660593772219894,0.006850164936727748,-0.006840093806385994,0.9,0.9,0.9,0.9889705882352942,0.0,0.5592592592592592,0.44074074074074077,0.0,0.4923229751914429,1.038888888888889,1.038888888888889,3.0,0.9628219930658763,0.22929485951460232,0.0,0.0,0.0,0.0,0.10740740740740741,0.7518518518518519,0.14074074074074075,0.35185185185185186,0.35185185185185186,nan,nan,0.23879844816559895,0.8713840810164344,0.0,0.6578947368421053,0.0,0.3924847342788968,0.16318987476429447,2.351956568466012,20,20,14.224417686462402
742,,0.22584558695991297,0.009410232789996373,0.010522245988249778,0.95,0.95,0.95,1.0,0.0,0.6010362694300518,0.39896373056994816,0.0,0.5018480374555414,0.6979166666666666,0.6979166666666666,2.125,0.970497177752519,0.1674487669141826,0.0,0.0,0.0,0.0,0.13989637305699482,0.45595854922279794,0.40414507772020725,0.20207253886010362,0.20207253886010362,nan,nan,0.16320836820525098,0.603071036128883,0.0,0.47435897435897434,0.0,0.2892471232653357,0.12179835635115309,2.0297188035600464,20,20,6.22031044960022
743,,0.2450600868161083,0.009802403472644333,0.03695683442056179,0.95,0.95,0.95,0.9899497487437185,0.0,0.7106598984771574,0.2893401015228426,0.0,0.5015525937564671,0.818,0.818,0.88,0.9396861123879403,0.2927706553303603,0.0,0.0,0.0,0.0,0.10152284263959391,0.766497461928934,0.1319796954314721,0.29949238578680204,0.29949238578680204,nan,nan,0.17722307271376533,0.6816006390468988,0.0,0.23076923076923078,0.0,0.35668420207185614,0.06391354674149582,1.7428935156226855,20,20,7.68603777885437
744,,0.1902580305919936,0.021139781176888178,0.009692977368831634,1.0,1.0,1.0,1.0,0.0,0.8837209302325582,0.11627906976744186,0.0,0.5000544912078314,0.06666666666666667,0.06666666666666667,0.4444444444444444,0.9990097588667997,0.021648198046094136,0.0,0.0,0.0,0.0,0.1937984496124031,0.46511627906976744,0.34108527131782945,0.26356589147286824,0.26356589147286824,nan,nan,0.01939902480060786,0.07041125659151468,0.0,0.09090909090909091,0.0,0.20110457939744408,0.17945638135134995,1.5838278567515438,20,20,2.4370055198669434
745,,0.24363729450286445,0.010151553937619353,-0.012746075540781021,0.95,0.95,0.95,0.9900990099009901,0.0,0.8756218905472637,0.12437810945273632,0.0,0.5082553634769283,0.9854166666666667,0.9854166666666667,0.20833333333333334,0.9711506987886354,0.14989534281147826,0.0,0.0,0.0,0.0,0.17412935323383086,0.4626865671641791,0.36318407960199006,0.23880597014925373,0.23880597014925373,nan,nan,0.2119904385857017,0.8372312208253011,0.0,0.0547945205479452,0.0,0.3327447611622304,0.18284941835075214,2.2258917955925583,20,20,6.801890134811401
746,,0.21861972932391233,0.009109155388496347,0.012995241954922677,0.95,0.95,0.95,0.9946236559139785,0.0,0.5621621621621622,0.43783783783783786,0.0,0.5187789276707917,0.6916666666666667,0.6916666666666667,2.7916666666666665,0.9626942893185073,0.1858335421956903,0.0,0.0,0.0,0.0,0.11351351351351352,0.5567567567567567,0.32972972972972975,0.2648648648648649,0.2648648648648649,nan,nan,0.15852504952563784,0.5843437459363677,0.0,0.47540983606557374,0.0,0.2988792940884794,0.11304575189278912,1.9533920633680872,20,20,6.934420347213745
747,,0.1935855837568493,0.024198197969606164,0.00024257097393274308,1.0,1.0,1.0,1.0,0.0,0.9838709677419355,0.016129032258064516,0.0,0.4967244666069746,0.1,0.1,0.875,0.9978480777385462,0.04122765198000791,0.0,0.0,0.0,0.0,0.1693548387096774,0.43548387096774194,0.3951612903225806,0.1532258064516129,0.1532258064516129,nan,nan,0.02586290679668483,0.11929488099344161,0.0,0.0,0.0,0.21914514019510345,0.17791748821509554,1.4640297112626648,20,20,3.506450653076172
748,,0.22587118353100621,0.008687353212731008,0.0467814639210701,0.8,0.8,0.8,0.9849246231155779,0.0,0.8629441624365483,0.13705583756345177,0.0,0.5019261708984581,1.1730769230769231,1.1730769230769231,0.3076923076923077,0.9250367030389021,0.25505352483956445,0.0,0.0,0.0,0.0,0.10152284263959391,0.6446700507614214,0.25380710659898476,0.20304568527918782,0.20304568527918782,nan,nan,0.25199960912927993,0.7019226794483674,0.0,0.06,0.0,0.31112811721236316,0.05607459237279869,1.4943482501177956,20,20,8.801094055175781
749,,0.22333645328691354,0.008589863587958213,0.0038228875026106836,0.9,0.9,0.9,0.9848484848484849,1.0,0.9695431472081218,0.025380710659898477,0.005076142131979695,0.5146748234517873,0.8692307692307693,0.8692307692307693,0.23076923076923078,0.9549178380891721,0.2267708556711696,0.0,-0.19851965907252153,0.0,0.0,0.09137055837563451,0.20812182741116753,0.700507614213198,0.116751269035533,0.116751269035533,nan,nan,0.20700689337759967,0.6888867733301002,0.0,0.007246376811594203,0.007246376811594203,0.3200709288527495,0.0933000731815799,2.1018148474687854,20,20,13.77333688735962
750,,0.22054864331467977,0.00882194573258719,0.034121664613485335,0.9,0.9,0.9,0.9904306220095693,1.0,0.7932692307692307,0.20192307692307693,0.004807692307692308,0.49471313988417387,0.762,0.762,0.44,0.9139949884951929,0.3317622667919822,0.0,-0.6754851030387233,0.0,0.0,0.14423076923076922,0.3269230769230769,0.5288461538461539,0.24519230769230768,0.24519230769230768,nan,nan,0.16225746210200867,0.5942743325445288,0.0,0.09090909090909091,0.00909090909090909,0.3123339040132454,-0.01942836277873676,2.327620794712666,20,20,8.084533214569092
751,,0.24615535299595742,0.007459253121089619,0.06053787395358086,0.9,0.9,0.9,1.0,0.0,0.748062015503876,0.25193798449612403,0.0,0.4962287592334729,1.2484848484848485,1.2484848484848485,1.1818181818181819,0.9573411138141329,0.2601203382501341,0.0,0.0,0.0,0.0,0.12015503875968993,0.6007751937984496,0.27906976744186046,0.22093023255813954,0.22093023255813954,nan,nan,0.28873381119080505,0.7828451786768114,0.0,0.2916666666666667,0.0,0.34781283642271743,0.08769249817258336,1.7145395606339078,20,20,11.437819004058838
752,,0.2386346335510791,0.010375418850046917,-0.031032299995422362,1.0,1.0,1.0,1.0,0.0,0.8787878787878788,0.12121212121212122,0.0,0.4810888567372509,0.9173913043478261,0.9173913043478261,0.43478260869565216,0.9706589441034006,0.16032815733094474,0.0,0.0,0.0,0.0,0.12121212121212122,0.7323232323232324,0.14646464646464646,0.18181818181818182,0.18181818181818182,nan,nan,0.17221932126891334,0.5479248843287818,0.0,0.0,0.0,0.30405317170967466,0.14372501437872992,1.9033214143211814,20,20,7.377915859222412
753,,0.22981632255326953,0.007181760079789673,-0.016637058369815348,0.95,0.95,0.95,0.9879032258064516,1.0,0.5365853658536586,0.45934959349593496,0.0040650406504065045,0.48205553301086185,0.7609375,0.7609375,3.65625,0.9580812614438442,0.25798610531085875,100.0,0.10454041063207309,1.0,0.10454041063207309,0.10569105691056911,0.2601626016260163,0.6341463414634146,0.1016260162601626,0.1016260162601626,nan,nan,0.21569860229409132,0.6448171516987314,0.0,0.532051282051282,0.00641025641025641,0.3650291991165052,0.10704309380564646,2.6416034041239977,20,20,12.545033693313599
754,,0.2383465297671643,0.006809900850490409,0.06781961005181074,0.7,0.7,0.7,0.9391634980988594,0.0,0.7834645669291339,0.2125984251968504,0.003937007874015748,0.4856218773272953,1.5214285714285714,1.5214285714285714,0.42857142857142855,0.9294104772888508,0.23650290012329633,0.0,-0.0011280682688891708,0.0,0.0,0.07874015748031496,0.8858267716535433,0.03543307086614173,0.2440944881889764,0.2440944881889764,nan,nan,0.36452581285476154,1.0839411174382778,0.0044444444444444444,0.0,0.0,0.33126005905549305,0.0947571589321967,1.819723223718953,20,20,12.820744514465332
755,,0.22378756128987415,0.008951502451594966,0.024682939425110816,0.9,0.9,0.9,0.9855072463768116,0.0,0.8731707317073171,0.12682926829268293,0.0,0.49146825106441977,0.842,0.842,0.24,0.9704880194325646,0.17817607061091956,0.0,0.0,0.0,0.0,0.12195121951219512,0.2926829268292683,0.5853658536585366,0.1951219512195122,0.1951219512195122,nan,nan,0.18585316980311817,0.6555491588676303,0.0,0.058333333333333334,0.0,0.30405143983139443,0.12587536922047488,2.0959591452450046,20,20,6.946593761444092
756,,0.24622993816463504,0.010705649485418915,0.03292208947241306,1.0,1.0,1.0,1.0,0.0,0.8267326732673267,0.17326732673267325,0.0,0.48605323664682065,0.9956521739130435,0.9956521739130435,0.7391304347826086,0.9853446576914077,0.11893843692955647,0.0,0.0,0.0,0.0,0.12376237623762376,0.7475247524752475,0.12871287128712872,0.21287128712871287,0.21287128712871287,nan,nan,0.19141544188200987,0.564774308830164,0.0,0.038461538461538464,0.0,0.3200395011241651,0.20110106419460866,1.6369077811958435,20,20,6.530336380004883
757,,0.23944715652938894,0.00855168416176389,0.010874852538108826,0.95,0.95,0.95,0.9949748743718593,0.0,0.8939393939393939,0.10606060606060606,0.0,0.4941007989974293,0.9357142857142857,0.9357142857142857,0.42857142857142855,0.9694892201166702,0.1905688090268973,0.0,0.0,0.0,0.0,0.10101010101010101,0.6767676767676768,0.2222222222222222,0.16161616161616163,0.16161616161616163,nan,nan,0.23556251502146416,0.6930514779339689,0.0,0.022727272727272728,0.0,0.3151601172400832,0.1245913082131859,1.7165154072709934,20,20,9.44854187965393
758,,0.23410861404152605,0.0066888175440436015,0.028561354056000708,0.8,0.8,0.8,0.9737827715355806,0.0,0.8288973384030418,0.17110266159695817,0.0,0.4937787565376077,1.2914285714285714,1.2914285714285714,0.6285714285714286,0.9600814920043474,0.1722673486881277,0.0,0.0,0.0,0.0,0.08365019011406843,0.8136882129277566,0.10266159695817491,0.20152091254752852,0.20152091254752852,nan,nan,0.27979780279147654,0.8316528066679709,0.0,0.07407407407407407,0.0,0.30875970957178056,0.13649236088365285,1.8015107315189143,20,20,12.907319784164429
759,,0.18925426156697184,0.021028251285219093,0.035060904920101166,1.0,1.0,1.0,1.0,1.0,0.8296296296296296,0.16296296296296298,0.007407407407407408,0.499953503596286,0.05555555555555555,0.05555555555555555,1.2222222222222223,0.9980160986361432,0.039418544446949005,0.0,-0.00876420134863641,0.0,0.0,0.17777777777777778,0.15555555555555556,0.6666666666666666,0.15555555555555556,0.15555555555555556,nan,nan,0.03008320972822988,0.13125583895053755,0.0,0.08888888888888889,0.011111111111111112,0.21391860156210596,0.17450005711515695,1.884354785793274,20,20,2.9517154693603516
760,,0.23547153844418747,0.008409697801578124,-0.002072716876864433,1.0,1.0,1.0,1.0,0.0,0.7121951219512195,0.28780487804878047,0.0,0.4904431277420372,0.6428571428571429,0.6428571428571429,0.8571428571428571,0.9787672570870954,0.129310997512308,0.0,0.0,0.0,0.0,0.12195121951219512,0.7463414634146341,0.13170731707317074,0.33658536585365856,0.33658536585365856,nan,nan,0.13701752518598442,0.5123902618967613,0.0,0.18518518518518517,0.0,0.31179965446137503,0.18248865694906702,1.838491190116708,20,20,7.077476501464844
761,,0.2519215436567167,0.010076861746268668,0.016009006276726724,1.0,1.0,1.0,1.0,1.0,0.8556701030927835,0.13917525773195877,0.005154639175257732,0.4911948379129171,0.996,0.996,0.56,0.9728850878907049,0.151060437381539,0.0,-0.05012952722014771,0.0,0.0,0.10309278350515463,0.7783505154639175,0.11855670103092783,0.20103092783505155,0.20103092783505155,nan,nan,0.2094693124894882,0.6267197782537456,0.0,0.043478260869565216,0.0,0.33167594980306964,0.18061551242153065,1.7261400322558524,20,20,7.671074867248535
762,,0.18953363803877182,0.02105929311541909,-0.0007523592561483383,1.0,1.0,1.0,1.0,0.0,0.762962962962963,0.23703703703703705,0.0,0.47941197752952575,0.022222222222222223,0.022222222222222223,0.3333333333333333,0.9989941927068651,0.02698663467529458,0.0,0.0,0.0,0.0,0.1925925925925926,0.45185185185185184,0.35555555555555557,0.3037037037037037,0.3037037037037037,nan,nan,0.015969932137501888,0.060188902882114065,0.0,0.1875,0.0,0.20045245211606555,0.17346581744077097,1.7981936393180822,20,20,2.3765335083007812
763,,0.1899941055639534,0.0211104561737726,-0.005773768201470375,1.0,1.0,1.0,1.0,0.0,0.8208955223880597,0.1791044776119403,0.0,0.5054992500692606,0.06666666666666667,0.06666666666666667,0.6666666666666666,0.9980322443058577,0.035167317233225304,0.0,0.0,0.0,0.0,0.20149253731343283,0.15671641791044777,0.6417910447761194,0.208955223880597,0.208955223880597,nan,nan,0.026972451264246102,0.0870366567132806,0.0,0.1511627906976744,0.0,0.21196203871790198,0.17679472148467668,2.1799827776157534,20,20,2.1949784755706787
764,,0.19247147589059016,0.02405893448632377,-0.012934564519673586,1.0,1.0,1.0,1.0,0.0,0.7952755905511811,0.2047244094488189,0.0,0.4877990121371113,0.06875,0.06875,0.75,0.9993883417947417,0.016865093414348997,0.0,0.0,0.0,0.0,0.2047244094488189,0.48031496062992124,0.31496062992125984,0.23622047244094488,0.23622047244094488,nan,nan,0.022116508268288253,0.0858537729301808,0.0,0.15,0.0,0.20110022919367743,0.18423513577932843,2.013509737128758,20,20,1.9917433261871338
765,,0.19006334751280296,0.021118149723644772,-0.017315342929214238,1.0,1.0,1.0,1.0,0.0,0.6119402985074627,0.3880597014925373,0.0,0.4798703983012173,0.044444444444444446,0.044444444444444446,0.6666666666666666,0.9992429377206559,0.022948681119179276,0.0,0.0,0.0,0.0,0.20149253731343283,0.2835820895522388,0.5149253731343284,0.23880597014925373,0.23880597014925373,nan,nan,0.025658945531392335,0.11047389507220716,0.0,0.30434782608695654,0.0,0.19832969781146773,0.17538101669228845,2.571901361897383,20,20,2.4776463508605957
766,,0.26450711389747983,0.007557346111356567,0.02911495752632618,0.9,0.9,0.9,0.9695817490494296,1.0,0.8803088803088803,0.11583011583011583,0.003861003861003861,0.4851816839485296,1.4214285714285715,1.4214285714285715,0.4857142857142857,0.9584118719350626,0.19914353859924933,0.0,-0.25483736548833497,0.0,0.0,0.10810810810810811,0.5482625482625483,0.3436293436293436,0.18146718146718147,0.18146718146718147,nan,nan,0.33463431956600026,0.9009734944261512,0.0,0.06741573033707865,0.011235955056179775,0.3701392104338931,0.17099567183464376,1.854799116110444,20,20,12.985581636428833
767,,0.2420550424920303,0.007335001287637282,0.04269505850970745,0.85,0.85,0.85,0.9803921568627451,0.0,0.8571428571428571,0.14285714285714285,0.0,0.4925121556501836,1.5606060606060606,1.5606060606060606,0.6060606060606061,0.960945433165652,0.18290456217639028,0.0,0.0,0.0,0.0,0.07936507936507936,0.8531746031746031,0.06746031746031746,0.1626984126984127,0.1626984126984127,nan,nan,0.35230344594582086,0.9430899101892231,0.0,0.058823529411764705,0.0,0.3158750782238754,0.1329705160474851,2.0026156098994465,20,20,12.191983461380005
768,,0.19189632612035779,0.02132181401337309,0.00964957159012556,1.0,1.0,1.0,1.0,0.0,0.7580645161290323,0.24193548387096775,0.0,0.4781291964981291,0.08333333333333333,0.08333333333333333,0.5555555555555556,0.9988418065095042,0.024342439260593568,0.0,0.0,0.0,0.0,0.1532258064516129,0.0967741935483871,0.75,0.14516129032258066,0.14516129032258066,nan,nan,0.033617069880656124,0.10129207572929577,0.0,0.20430107526881722,0.0,0.20051634896669793,0.17617390970610436,2.170474348035314,20,20,2.2387707233428955
769,,0.18932820135984288,0.02366602516998036,-0.010733306221663953,1.0,1.0,1.0,1.0,0.0,0.9612403100775194,0.03875968992248062,0.0,0.48255957500077784,0.05625,0.05625,1.0,0.9991051769491316,0.02330834830024256,0.0,0.0,0.0,0.0,0.2248062015503876,0.14728682170542637,0.627906976744186,0.23255813953488372,0.23255813953488372,nan,nan,0.02158667801947323,0.05868938516254343,0.0,0.04938271604938271,0.0,0.20381474174970632,0.18050639344946376,1.7618643213990033,20,20,2.4697024822235107
770,,0.2341511309843505,0.009756297124347937,0.0007407601922750473,1.0,1.0,1.0,1.0,1.0,0.9150943396226415,0.07547169811320754,0.009433962264150943,0.4793620005317886,0.80625,0.80625,0.4166666666666667,0.9841613693778962,0.09866389443505957,50.0,-0.026960093938753565,0.5,0.008218990375498864,0.11320754716981132,0.330188679245283,0.5566037735849056,0.1792452830188679,0.1792452830188679,nan,nan,0.15154223368301606,0.4977568732865235,0.0,0.01694915254237288,0.01694915254237288,0.2906568946994629,0.1919930002644033,2.0923271821055835,20,20,9.259840965270996
771,,0.2339571490745084,0.008998351887481092,0.02244519181549549,0.95,0.95,0.95,1.0,1.0,0.7817258883248731,0.2131979695431472,0.005076142131979695,0.47356956203539785,0.8980769230769231,0.8980769230769231,0.4230769230769231,0.940899879132407,0.3067051672912719,0.0,-0.0051492741359498995,0.0,0.0,0.1116751269035533,0.7106598984771574,0.17766497461928935,0.2639593908629442,0.2639593908629442,nan,nan,0.190343160259444,0.6177899064525013,0.0,0.14285714285714285,0.02857142857142857,0.31478669919194674,0.008081531900674843,2.006162011662824,20,20,7.396778583526611
772,,0.2372436044846346,0.006590100124573183,0.01564222276210785,0.7,0.7,0.7,0.953307392996109,1.0,0.784,0.212,0.004,0.47115386130171827,1.4069444444444446,1.4069444444444446,0.8611111111111112,0.9564076649721995,0.19470749640800777,0.0,-0.2856986439608229,0.0,0.0,0.068,0.872,0.06,0.204,0.204,nan,nan,0.35297598935006447,0.9652101389622121,0.0045871559633027525,0.3333333333333333,0.0,0.33076764341960896,0.13606014701160118,1.969788064943528,20,20,14.864761114120483
773,,0.1880897786892225,0.023511222336152812,0.1678835541009903,1.0,1.0,1.0,1.0,1.0,0.8088235294117647,0.18382352941176472,0.007352941176470588,0.4930395833333023,0.05625,0.05625,0.375,0.9986911138650468,0.022505453948980958,0.0,-0.04872121871348207,0.0,0.0,0.20588235294117646,0.2647058823529412,0.5294117647058824,0.19852941176470587,0.19852941176470587,nan,nan,0.01991017620240838,0.07449498690813111,0.0,0.18055555555555555,0.0,0.2009224428057535,0.17841698885677254,2.026499050109255,20,20,2.3466176986694336
774,,0.2385794203560364,0.006816554867315326,0.03192986510694027,0.7,0.7,0.7,0.9433962264150944,0.0,0.8274509803921568,0.17254901960784313,0.0,0.46072561448040816,1.59,1.59,0.6571428571428571,0.9566797944142614,0.1793012094533965,0.0,0.0,0.0,0.0,0.07058823529411765,0.8666666666666667,0.06274509803921569,0.19607843137254902,0.19607843137254902,nan,nan,0.3739411031986152,1.0383640644184262,0.0,0.125,0.0,0.32678037011709515,0.14747916066369865,1.8961930837587107,20,20,13.49631381034851
775,,0.23198584662253177,0.008285208807947564,-0.0046449901536107065,0.9,0.9,0.9,0.9850746268656716,1.0,0.94,0.055,0.005,0.4534609384410682,0.875,0.875,0.03571428571428571,0.976522920080973,0.13034397575424336,0.0,-0.46352814233381806,0.0,0.0,0.165,0.385,0.45,0.19,0.19,nan,nan,0.2200230239617737,0.6153961612511675,0.0,0.03333333333333333,0.0,0.2946401217381171,0.16429614598387374,2.052958649383217,20,20,7.11315393447876
776,,0.24332557656382023,0.009358676021685393,0.009898574650287628,0.95,0.95,0.95,0.9951923076923077,0.0,0.9375,0.057692307692307696,0.004807692307692308,0.44803956646870713,0.9019230769230769,0.9019230769230769,0.0,0.9636934010184435,0.18764799382999917,0.0,-0.406480980191929,0.0,0.0,0.14903846153846154,0.6971153846153846,0.15384615384615385,0.20673076923076922,0.20673076923076922,nan,nan,0.18298305572877105,0.5720442181566638,0.006896551724137931,0.0,0.0,0.32779155359286144,0.14014355976286227,1.8061489523702063,20,20,7.327084302902222
777,,0.25008802087767334,0.0075784248750810105,-0.002136487700045109,0.95,0.95,0.95,1.0,0.0,0.7636363636363637,0.23636363636363636,0.0,0.4645422692636423,1.1333333333333333,1.1333333333333333,0.7575757575757576,0.9626509565364276,0.20743056542614208,0.0,0.0,0.0,0.0,0.10181818181818182,0.43272727272727274,0.46545454545454545,0.22181818181818183,0.22181818181818183,nan,nan,0.23473865757478465,0.7594323985840222,0.0,0.109375,0.0,0.32142061081369244,0.11399004538755036,2.3262303440875085,20,20,12.807883024215698
778,,0.1924735675377053,0.02138595194863392,0.013102931901812553,1.0,1.0,1.0,1.0,0.0,0.8780487804878049,0.12195121951219512,0.0,0.47409052722569966,0.06666666666666667,0.06666666666666667,0.6666666666666666,0.9983342616761994,0.028006655814482334,0.0,0.0,0.0,0.0,0.21138211382113822,0.43089430894308944,0.35772357723577236,0.23577235772357724,0.23577235772357724,nan,nan,0.024306367823957373,0.10503919738724521,0.0,0.13636363636363635,0.0,0.20547238140775484,0.1774657255932725,2.0314041829937044,20,20,2.0748720169067383
779,,0.19088308624977993,0.02386038578122249,-0.009481727797538041,1.0,1.0,1.0,1.0,0.0,0.984,0.016,0.0,0.4860168435610831,0.0625,0.0625,0.75,0.9988884113651036,0.021952438538413832,0.0,0.0,0.0,0.0,0.176,0.2,0.624,0.16,0.16,nan,nan,0.024178180298855177,0.06553248081149031,0.0,0.0,0.0,0.20154973145285884,0.179597292914445,1.801310475325133,20,20,2.05537486076355
780,,0.2209099040122434,0.008836396160489736,0.05805679336190224,0.9,0.9,0.9,0.9855769230769231,0.0,0.970873786407767,0.02912621359223301,0.0,0.45412784118577837,0.92,0.92,0.28,0.9642527415101787,0.19205558313763324,0.0,0.0,0.0,0.0,0.09223300970873786,0.22330097087378642,0.6844660194174758,0.10679611650485436,0.10679611650485436,nan,nan,0.1922740191810388,0.6732042624512696,0.0,0.0070921985815602835,0.0,0.3023007605031203,0.11024517736548708,1.8110092834429599,20,20,11.749303579330444
781,,0.190693859469017,0.021188206607668555,0.0034606853500008584,1.0,1.0,1.0,1.0,0.0,0.9923664122137404,0.007633587786259542,0.0,0.4802272961048099,0.07222222222222222,0.07222222222222222,0.0,0.9984755512013527,0.02687943538429488,0.0,0.0,0.0,0.0,0.21374045801526717,0.2595419847328244,0.5267175572519084,0.21374045801526717,0.21374045801526717,nan,nan,0.021776959615123062,0.07679997950080139,0.0,0.014492753623188406,0.0,0.2052982559672259,0.17841882058293101,1.833823786580747,20,20,2.2066547870635986
782,,0.19288945505546087,0.021432161672828985,-0.008932190015912056,1.0,1.0,1.0,1.0,0.0,0.9612403100775194,0.03875968992248062,0.0,0.47137569170445204,0.1388888888888889,0.1388888888888889,0.6666666666666666,0.9984402588011858,0.032310011627753404,0.0,0.0,0.0,0.0,0.18604651162790697,0.5426356589147286,0.2713178294573643,0.20930232558139536,0.20930232558139536,nan,nan,0.02662313897421902,0.09962519977459479,0.0,0.0,0.0,0.21170003241600618,0.17939002078825278,1.6051673940931974,20,20,2.6421570777893066
783,,0.2445189436237994,0.009404574754761514,0.03522062003612518,0.95,0.95,0.95,1.0,0.0,0.8341708542713567,0.1658291457286432,0.0,0.4355175944976509,1.023076923076923,1.023076923076923,0.038461538461538464,0.9627550745662247,0.22865266407480123,0.0,0.0,0.0,0.0,0.07035175879396985,0.8994974874371859,0.03015075376884422,0.23618090452261306,0.23618090452261306,nan,nan,0.22067715896924886,0.6104146065799538,0.0,0.0,0.0,0.3028419471664351,0.07418928309163386,1.7245694234853737,20,20,6.782087564468384
784,,0.23752569544307378,0.009135603670887452,0.04757959060370922,0.85,0.85,0.85,0.9658536585365853,1.0,0.8620689655172413,0.1330049261083744,0.0049261083743842365,0.43881385633005543,0.9923076923076923,0.9923076923076923,0.38461538461538464,0.9615730554431208,0.23289236550221318,0.0,-0.6946504397644875,0.0,0.0,0.09359605911330049,0.7881773399014779,0.11822660098522167,0.1921182266009852,0.1921182266009852,nan,nan,0.21477832014195297,0.6846491155393848,0.00625,0.041666666666666664,0.0,0.3496591067986496,0.11676674129643641,1.7299613790827089,20,20,9.854212999343872
785,,0.27675300597153113,0.008648531436610348,0.058061431348323825,1.0,1.0,1.0,1.0,0.0,0.7961538461538461,0.20384615384615384,0.0,0.4706118316273205,1.3609375,1.3609375,0.96875,0.9771301049378006,0.14794480433299528,0.0,0.0,0.0,0.0,0.08076923076923077,0.8461538461538461,0.07307692307692308,0.23461538461538461,0.23461538461538461,nan,nan,0.27564174540803954,0.7627653293205069,0.0,0.05263157894736842,0.0,0.3526053438919688,0.2046605395589735,2.1724058838001596,20,20,12.11600637435913
786,,0.25231975525290296,0.009704605971265498,0.04360929727554321,0.9,0.9,0.9,0.9846938775510204,0.0,0.8917525773195877,0.10824742268041238,0.0,0.43840450260143443,1.1596153846153847,1.1596153846153847,0.11538461538461539,0.9486502291481731,0.23845079112039136,0.0,0.0,0.0,0.0,0.09278350515463918,0.8505154639175257,0.05670103092783505,0.19072164948453607,0.19072164948453607,nan,nan,0.25843028793952105,0.8129452281921254,0.0,0.0,0.0,0.36362594710468477,0.1251751559842934,1.6218140536891106,20,20,6.46117377281189
787,,0.25076056896073934,0.010902633433075624,-0.011861897818744183,1.0,1.0,1.0,1.0,0.0,0.8373205741626795,0.16267942583732056,0.0,0.4428156167202953,0.9847826086956522,0.9847826086956522,0.43478260869565216,0.9742826091730309,0.15898390156113132,0.0,0.0,0.0,0.0,0.10526315789473684,0.784688995215311,0.11004784688995216,0.22966507177033493,0.22966507177033493,nan,nan,0.17259077266100883,0.5568714369945738,0.0,0.08695652173913043,0.0,0.34495452579842173,0.1859706242372904,1.7956960318328703,20,20,7.0715391635894775
788,,0.1929167565927511,0.021435195176972344,0.020474161952733994,1.0,1.0,1.0,1.0,0.0,0.78125,0.21875,0.0,0.4619524804357853,0.1,0.1,0.1111111111111111,0.9986513063543047,0.026844787279219406,0.0,0.0,0.0,0.0,0.171875,0.53125,0.296875,0.28125,0.28125,nan,nan,0.022935375008681338,0.09891384462139859,0.0,0.15789473684210525,0.0,0.20526980720284801,0.1784250199236286,1.8898751170278159,20,20,2.133023262023926
789,,0.22972559144126456,0.00998806919309846,-0.02342149578034878,1.0,1.0,1.0,1.0,0.0,0.6911764705882353,0.3088235294117647,0.0,0.44034859169800966,0.7021739130434783,0.7021739130434783,0.9565217391304348,0.9755905840311355,0.12570180955867852,0.0,0.0,0.0,0.0,0.12745098039215685,0.3480392156862745,0.5245098039215687,0.27450980392156865,0.27450980392156865,nan,nan,0.14013399974298082,0.50534464604087,0.0,0.19626168224299065,0.0,0.30498871421589324,0.17928690465721472,2.15673342920578,20,20,6.6125571727752686
790,,0.25314445220386383,0.006841741951455779,0.004222149774432182,0.9,0.9,0.9,0.9885496183206107,0.0,0.7730769230769231,0.22692307692307692,0.0,0.43592314511156843,1.218918918918919,1.218918918918919,0.7027027027027027,0.9651234404875821,0.20564864718889697,0.0,0.0,0.0,0.0,0.06538461538461539,0.7846153846153846,0.15,0.23076923076923078,0.23076923076923078,nan,nan,0.29465004998439037,0.9514625729052113,0.0,0.20512820512820512,0.0,0.3586339021887673,0.1529852549998703,1.9727381290671187,20,20,14.18982458114624
791,,0.2535004231316339,0.00792188822286356,0.01254318691790104,0.95,0.95,0.95,0.9925093632958801,0.0,0.5433962264150943,0.45660377358490567,0.0,0.44154895451938503,0.95,0.95,3.53125,0.9763056351983016,0.17031203351937174,0.0,0.0,0.0,0.0,0.1018867924528302,0.6264150943396226,0.27169811320754716,0.2981132075471698,0.2981132075471698,nan,nan,0.19547185857891874,0.7665435991081798,0.0,0.5416666666666666,0.0,0.35019063656225974,0.179878603042888,2.128665683632448,20,20,12.41244125366211
792,,0.26255935150624043,0.00729331531961779,0.04104443565011025,0.8,0.8,0.8,0.9767441860465116,0.0,0.8784313725490196,0.12156862745098039,0.0,0.43855008098980763,1.4513888888888888,1.4513888888888888,0.6111111111111112,0.9500510962318093,0.23384617554698495,0.0,0.0,0.0,0.0,0.058823529411764705,0.8941176470588236,0.047058823529411764,0.16862745098039217,0.16862745098039217,nan,nan,0.3445940062624042,0.9561973403743034,0.0,0.08333333333333333,0.0,0.33939028264275917,0.1055441070957742,1.9128906110818162,20,20,22.477142572402954
793,,0.23166541644728703,0.009266616657891481,0.010165319591760636,0.9,0.9,0.9,0.9739583333333334,0.0,0.8631578947368421,0.1368421052631579,0.0,0.4328491107141599,0.876,0.876,0.44,0.9651765576882105,0.16079684906156833,0.0,0.0,0.0,0.0,0.15789473684210525,0.5578947368421052,0.28421052631578947,0.23157894736842105,0.23157894736842105,nan,nan,0.1954222682238522,0.6682021154868067,0.0,0.07407407407407407,0.0,0.3156803004467801,0.15488345138521176,1.9413105217301467,20,20,7.88312840461731
794,,0.18905750202603602,0.021006389114004,0.001609700731933117,1.0,1.0,1.0,1.0,1.0,0.803030303030303,0.1893939393939394,0.007575757575757576,0.4672500227060583,0.05,0.05,0.8888888888888888,0.9982434659464929,0.0314377963165664,0.0,-0.09989837467788987,0.0,0.0,0.21212121212121213,0.3712121212121212,0.4166666666666667,0.29545454545454547,0.29545454545454547,nan,nan,0.02101039433921298,0.10232411766617464,0.0,0.09090909090909091,0.0,0.20541314484220854,0.17397534852564214,1.8923684241329348,20,20,2.126149892807007
795,,0.2153951547862683,0.005983198744063009,0.08189794048666954,0.75,0.75,0.75,0.9758064516129032,0.0,0.8489795918367347,0.1510204081632653,0.0,0.44416065999604243,1.2986111111111112,1.2986111111111112,0.4444444444444444,0.8590242148811141,0.31683053253680243,0.0,0.0,0.0,0.0,0.061224489795918366,0.8489795918367347,0.08979591836734693,0.19183673469387755,0.19183673469387755,nan,nan,0.31595721800037296,0.9276246630550852,0.0,0.13636363636363635,0.0,0.34339588527093257,0.026565352734130118,2.171021384675066,20,20,12.743720531463623
796,,0.23373142874047334,0.0064925396872353705,0.06584288850426674,0.85,0.85,0.85,0.9810606060606061,0.0,0.7900763358778626,0.2099236641221374,0.0,0.42811284454655835,1.1055555555555556,1.1055555555555556,0.6111111111111112,0.9130460789846316,0.31776122979301397,0.0,0.0,0.0,0.0,0.09923664122137404,0.8015267175572519,0.09923664122137404,0.2480916030534351,0.2480916030534351,nan,nan,0.2539854767782745,0.807488432089919,0.0,0.07692307692307693,0.0,0.37017575205184233,0.05241452225882837,2.167501751931635,20,20,12.989864826202393
797,,0.2459379160854227,0.010692952873279248,0.007226541824638844,1.0,1.0,1.0,1.0,0.0,0.8,0.2,0.0,0.44534431983028416,0.9217391304347826,0.9217391304347826,0.5652173913043478,0.9647309844234645,0.17679259598833721,0.0,0.0,0.0,0.0,0.1282051282051282,0.5948717948717949,0.27692307692307694,0.22564102564102564,0.22564102564102564,nan,nan,0.18202288977736075,0.6032265933779428,0.0,0.1111111111111111,0.0,0.3536997035400932,0.176907107551756,2.2094550688635834,20,20,6.329047203063965
798,,0.2529398468142713,0.009728455646702742,-0.0036268187686800957,0.95,0.95,0.95,0.9898477157360406,0.0,0.9333333333333333,0.06666666666666667,0.0,0.4395896096512353,1.0615384615384615,1.0615384615384615,0.5,0.9723041695555455,0.15511620312890925,0.0,0.0,0.0,0.0,0.08205128205128205,0.38974358974358975,0.5282051282051282,0.13846153846153847,0.13846153846153847,nan,nan,0.24890886678734064,0.6693555507325697,0.0,0.0,0.0,0.34128818552898404,0.1861719824000748,1.8934611863738977,20,20,13.410496234893799
799,,0.25107350160554126,0.009656673138674663,0.0368988748639822,0.9,0.9,0.9,0.9849246231155779,0.0,0.8686868686868687,0.13131313131313133,0.0,0.4416224532926348,1.0673076923076923,1.0673076923076923,0.15384615384615385,0.9542485452640415,0.22671964904854391,0.0,0.0,0.0,0.0,0.11616161616161616,0.6515151515151515,0.23232323232323232,0.22727272727272727,0.22727272727272727,nan,nan,0.24036160695667397,0.8039875043641806,0.0,0.0,0.0,0.36110068433749754,0.13438103528895362,2.1584511434865643,20,20,6.927436351776123
800,,0.2218644317208862,0.008874577268835449,0.0058710150420665744,0.9,0.9,0.9,0.9901477832512315,0.0,0.7475247524752475,0.2524752475247525,0.0,0.4422944780262187,0.75,0.75,0.56,0.9512438337096533,0.2417951814134585,0.0,0.0,0.0,0.0,0.12376237623762376,0.2722772277227723,0.6039603960396039,0.2079207920792079,0.2079207920792079,nan,nan,0.17212691842473776,0.6528479076970305,0.0,0.19672131147540983,0.0,0.30875452762070754,0.06695934620724905,2.044176322357873,20,20,7.067898988723755
801,,0.2342054970221191,0.010182847696613874,0.0025187619030475616,0.9,0.9,0.9,0.9842105263157894,0.0,0.7978723404255319,0.20212765957446807,0.0,0.43928611780612975,0.9739130434782609,0.9739130434782609,0.6086956521739131,0.9680832203914423,0.19041277195373632,0.0,0.0,0.0,0.0,0.10638297872340426,0.7180851063829787,0.17553191489361702,0.2553191489361702,0.2553191489361702,nan,nan,0.19483570753190566,0.6143794452530665,0.0,0.06060606060606061,0.0,0.2988928552099166,0.10848008325618028,2.036795360739386,20,20,7.064904689788818
802,,0.23055693986382325,0.009606539160992635,0.02397589348256588,0.95,0.95,0.95,0.9953703703703703,0.0,0.6883720930232559,0.3116279069767442,0.0,0.44668289304633313,0.7916666666666666,0.7916666666666666,1.375,0.9792181793057352,0.15190345491284932,0.0,0.0,0.0,0.0,0.16744186046511628,0.3395348837209302,0.4930232558139535,0.30697674418604654,0.30697674418604654,nan,nan,0.1599959530401181,0.630467247702553,0.0,0.1792452830188679,0.0,0.31174754681933536,0.15984409190648605,2.3999339155440387,20,20,7.121399641036987
803,,0.24071596787269,0.009258306456641923,0.005890722945332527,0.95,0.95,0.95,1.0,0.0,0.7014925373134329,0.29850746268656714,0.0,0.4344433283110937,0.8403846153846154,0.8403846153846154,0.6923076923076923,0.9612058929281638,0.24958254964730486,0.0,0.0,0.0,0.0,0.0945273631840796,0.7711442786069652,0.13432835820895522,0.2835820895522388,0.2835820895522388,nan,nan,0.1834134779345838,0.6186162691989799,0.0,0.14814814814814814,0.0,0.3700327305832701,0.12045018093596521,2.104867317997111,20,20,7.227295875549316
804,,0.18869938550884574,0.023587423188605718,0.05543656498193741,1.0,1.0,1.0,1.0,0.0,0.6642857142857143,0.3357142857142857,0.0,0.47839258490130304,0.00625,0.00625,0.125,0.998955950693713,0.020919332556818104,0.0,0.0,0.0,0.0,0.17857142857142858,0.39285714285714285,0.42857142857142855,0.2357142857142857,0.2357142857142857,nan,nan,0.017736989465669067,0.08983378549034132,0.0,0.31666666666666665,0.0,0.19787003617280824,0.17695070361599013,2.5855183029528983,20,20,2.4137487411499023
805,,0.18890427110837169,0.02361303388854646,-0.004199293814599514,1.0,1.0,1.0,1.0,0.0,0.7205882352941176,0.27941176470588236,0.0,0.4830945134628564,0.025,0.025,0.25,0.9984530928800562,0.026144063286942826,0.0,0.0,0.0,0.0,0.19852941176470587,0.5147058823529411,0.2867647058823529,0.3235294117647059,0.3235294117647059,nan,nan,0.016791295425653226,0.07108674804631668,0.0,0.1794871794871795,0.0,0.19940801711668235,0.17326395382973953,2.063247624626646,20,20,2.1925318241119385
806,,0.236954679683203,0.007643699344619451,0.02886430136859417,1.0,1.0,1.0,1.0,0.0,0.3938223938223938,0.6061776061776062,0.0,0.4450805367188408,0.7467741935483871,0.7467741935483871,6.870967741935484,0.9691895209065515,0.1836542985848156,0.0,0.0,0.0,0.0,0.10424710424710425,0.5135135135135135,0.38223938223938225,0.2471042471042471,0.2471042471042471,nan,nan,0.2035381455922705,0.6884585006094114,0.0,0.8282828282828283,0.0,0.33565020492058706,0.15199590633577145,1.8271352929151436,20,20,12.97284746170044
807,,0.22882133211479116,0.009534222171449632,-0.002453861013054848,0.95,0.95,0.95,0.9897959183673469,0.0,0.5897435897435898,0.41025641025641024,0.0,0.4723167966313971,0.6520833333333333,0.6520833333333333,2.0416666666666665,0.9677742466646415,0.17893058073190254,0.0,0.0,0.0,0.0,0.14871794871794872,0.49230769230769234,0.358974358974359,0.24102564102564103,0.24102564102564103,nan,nan,0.14808346869358904,0.551963703104452,0.0,0.4857142857142857,0.0,0.3373801567954787,0.15844957606357618,2.352024941868982,20,20,6.813477039337158
808,,0.26185343185627663,0.00793495248049323,0.05975167155265808,0.8,0.8,0.8,0.9809885931558935,0.0,0.8115384615384615,0.18846153846153846,0.0,0.46064719974740664,1.596969696969697,1.596969696969697,1.5454545454545454,0.9459457916364907,0.23430715928693369,0.0,0.0,0.0,0.0,0.07692307692307693,0.8730769230769231,0.05,0.2076923076923077,0.2076923076923077,nan,nan,0.35280493498015175,0.9364043791802967,0.0,0.23076923076923078,0.0,0.3424601229604539,0.10815296367352023,1.8891083127241346,20,20,19.80266261100769
809,,0.23351025083239735,0.00686794855389404,0.04775688089430332,0.95,0.95,0.95,0.9922779922779923,0.0,0.3682170542635659,0.6317829457364341,0.0,0.46731446679126853,0.6102941176470589,0.6102941176470589,7.9411764705882355,0.9423980083316228,0.28514286484254264,0.0,0.0,0.0,0.0,0.13178294573643412,0.38372093023255816,0.4844961240310077,0.2248062015503876,0.2248062015503876,nan,nan,0.20097786787335603,0.6011190071138125,0.0,0.808,0.0,0.3180565735432423,0.032913708700699665,1.9633501926217631,20,20,12.068707942962646
810,,0.20380174490218952,0.007838528650084213,0.018142900615930557,0.95,0.95,0.95,0.9900990099009901,0.0,0.3034825870646766,0.6965174129353234,0.0,0.45413536581461533,0.29423076923076924,0.29423076923076924,4.538461538461538,0.9312200041121801,0.2753798176028258,0.0,0.0,0.0,0.0,0.1791044776119403,0.2935323383084577,0.527363184079602,0.3333333333333333,0.3333333333333333,nan,nan,0.07952458108539795,0.36490066474706684,0.0,0.6320754716981132,0.0,0.2537478719659304,-0.02163194563689544,2.6231086710309115,20,20,6.94779372215271
811,,0.18669030201727838,0.01866903020172784,0.012756969034671783,1.0,1.0,1.0,1.0,0.0,0.2746478873239437,0.7253521126760564,0.0,0.47371943602338434,0.03,0.03,2.0,0.9983520295330602,0.028163223941488874,0.0,0.0,0.0,0.0,0.16901408450704225,0.28169014084507044,0.5492957746478874,0.2746478873239437,0.2746478873239437,nan,nan,0.03098194597615055,0.16233519499819477,0.0,0.6410256410256411,0.0,0.20432733919708868,0.1761641152555998,3.571273902278028,20,20,2.962099552154541
812,,0.24145126270145734,0.010975057395520788,0.018769795447587966,1.0,1.0,1.0,1.0,0.0,0.5555555555555556,0.4444444444444444,0.0,0.4504790491339835,0.8159090909090909,0.8159090909090909,2.8636363636363638,0.9685636073234971,0.15705760935376561,0.0,0.0,0.0,0.0,0.13636363636363635,0.3383838383838384,0.5252525252525253,0.18181818181818182,0.18181818181818182,nan,nan,0.18527719544229238,0.6221618330772226,0.0,0.4326923076923077,0.0,0.3420303118774781,0.1849727025237125,1.8528168022174543,20,20,7.252613544464111
813,,0.20501807666513733,0.00759326209870879,0.06566335335373878,0.85,0.85,0.85,0.9796954314720813,0.0,0.7653061224489796,0.23469387755102042,0.0,0.4487099245397581,0.7129629629629629,0.7129629629629629,0.8888888888888888,0.8865787762138118,0.32452921316674643,0.0,0.0,0.0,0.0,0.09183673469387756,0.7704081632653061,0.1377551020408163,0.28061224489795916,0.28061224489795916,nan,nan,0.16256112436273404,0.5393184600729339,0.0,0.18518518518518517,0.0,0.32058898428559934,-0.003940228881147076,1.9119134263910504,20,20,7.525790214538574
814,,0.19150541053488068,0.021278378948320076,-0.00593071635812521,1.0,1.0,1.0,1.0,0.0,0.8416666666666667,0.15833333333333333,0.0,0.4879886103173097,0.08333333333333333,0.08333333333333333,0.7777777777777778,0.9987933227433294,0.024417037184847445,0.0,0.0,0.0,0.0,0.16666666666666666,0.5333333333333333,0.3,0.25,0.25,nan,nan,0.02157749235475621,0.06375490006547813,0.0,0.027777777777777776,0.0,0.20609346273549095,0.1816764255506435,1.9395310081836243,20,20,2.426565408706665
815,,0.23063072122831232,0.010483214601286924,0.021252911165356637,1.0,1.0,1.0,1.0,0.0,0.494949494949495,0.5050505050505051,0.0,0.4703002911696041,0.65,0.65,4.0,0.9796683743991745,0.14494152520863457,0.0,0.0,0.0,0.0,0.1111111111111111,0.5202020202020202,0.3686868686868687,0.23737373737373738,0.23737373737373738,nan,nan,0.1308649523816428,0.47051742780663053,0.0,0.6712328767123288,0.0,0.2880792566346705,0.14313773142603592,2.767716998711832,20,20,7.163211345672607
816,,0.19104892074534477,0.021227657860593864,-0.012309234216809272,1.0,1.0,1.0,1.0,0.0,0.7580645161290323,0.24193548387096775,0.0,0.4857070920161075,0.1388888888888889,0.1388888888888889,0.6666666666666666,0.9986649951953513,0.027725396558900467,0.0,0.0,0.0,0.0,0.20161290322580644,0.25806451612903225,0.5403225806451613,0.1935483870967742,0.1935483870967742,nan,nan,0.03658094127174074,0.1259248725146061,0.0,0.19402985074626866,0.0,0.20616844128731285,0.17844304472841238,1.908952285898955,20,20,2.308732748031616
817,,0.24820841131354388,0.010791670057110602,0.0017658345401287078,0.95,0.95,0.95,0.9948979591836735,0.0,0.8214285714285714,0.17857142857142858,0.0,0.47631622229186493,1.0391304347826087,1.0391304347826087,1.0434782608695652,0.972584755503984,0.17401723650276152,0.0,0.0,0.0,0.0,0.10714285714285714,0.7806122448979592,0.11224489795918367,0.22959183673469388,0.22959183673469388,nan,nan,0.19804241412799567,0.5930715473023431,0.0,0.045454545454545456,0.0,0.33392567617194874,0.15990843966918722,2.0757602965312643,20,20,8.66709280014038
818,,0.1895057510967802,0.01895057510967802,-0.006145117245614529,1.0,1.0,1.0,1.0,0.0,0.6788321167883211,0.32116788321167883,0.0,0.4715259621106088,0.035,0.035,0.8,0.9991535101348831,0.027860928016092468,0.0,0.0,0.0,0.0,0.1678832116788321,0.23357664233576642,0.5985401459854015,0.1386861313868613,0.1386861313868613,nan,nan,0.03474244438012229,0.1723158295414856,0.0,0.2926829268292683,0.0,0.20517652660642316,0.1773155985903307,2.0005055035385464,20,20,2.879486560821533
819,,0.21805547965913252,0.010383594269482502,-0.008553240820765496,1.0,1.0,1.0,1.0,0.0,0.3247422680412371,0.6752577319587629,0.0,0.46984889874279145,0.4142857142857143,0.4142857142857143,6.0,0.9753566739684976,0.13314989177772776,0.0,0.0,0.0,0.0,0.16494845360824742,0.30412371134020616,0.5309278350515464,0.25773195876288657,0.25773195876288657,nan,nan,0.11253124931463612,0.4209142383302918,0.0,0.6504854368932039,0.0,0.2822168919791574,0.14906700020142963,2.9305115277787115,20,20,6.942858695983887
820,,0.22063525412104765,0.008825410164841906,0.04011838175356388,0.9,0.9,0.9,0.9951456310679612,0.0,0.8737864077669902,0.1262135922330097,0.0,0.4678037439864129,0.882,0.882,0.76,0.9696609351968095,0.15685615698628125,0.0,0.0,0.0,0.0,0.13592233009708737,0.3106796116504854,0.5533980582524272,0.22330097087378642,0.22330097087378642,nan,nan,0.19126231298201632,0.5498404028111001,0.0,0.03508771929824561,0.0,0.28449898600385626,0.127642829017575,2.0323589232799684,20,20,12.59347414970398
821,,0.23391425745565053,0.006497618262656959,0.051611512899398804,0.8,0.8,0.8,0.9727626459143969,0.0,0.5078740157480315,0.4921259842519685,0.0,0.46674894753895285,0.8625,0.8625,4.138888888888889,0.9383134502461027,0.2889787895028233,0.0,0.0,0.0,0.0,0.13385826771653545,0.4330708661417323,0.4330708661417323,0.1889763779527559,0.1889763779527559,nan,nan,0.25284863217146136,0.9184135387791695,0.0,0.7,0.0,0.4067873753851932,0.11780858588236989,2.592703108445496,20,20,13.606873035430908
822,,0.2477795710529265,0.010773024828388109,0.04372682273387909,1.0,1.0,1.0,1.0,0.0,0.7989690721649485,0.20103092783505155,0.0,0.46315933582170504,0.9847826086956522,0.9847826086956522,0.391304347826087,0.9765877457349402,0.13760274979569445,0.0,0.0,0.0,0.0,0.1134020618556701,0.7474226804123711,0.13917525773195877,0.26804123711340205,0.26804123711340205,nan,nan,0.188703081493092,0.6155819790493725,0.0,0.037037037037037035,0.0,0.3197168808851625,0.18211413108946803,1.9911949283558763,20,20,6.991934061050415
823,,0.24380099459473328,0.010158374774780553,-0.0448313370347023,1.0,1.0,1.0,1.0,0.0,0.8774509803921569,0.12254901960784313,0.0,0.4786107218048225,0.9958333333333333,0.9958333333333333,0.7083333333333334,0.976905036800193,0.12876142643048044,0.0,0.0,0.0,0.0,0.11764705882352941,0.31862745098039214,0.5637254901960784,0.20098039215686275,0.20098039215686275,nan,nan,0.2129398625807161,0.655587028021444,0.0,0.05217391304347826,0.0,0.3130765068099725,0.18431508037949207,1.9505019445314333,20,20,12.630722761154175
824,,0.19267290048635258,0.01926729004863526,0.015804600529372693,1.0,1.0,1.0,1.0,0.0,0.7076923076923077,0.2923076923076923,0.0,0.4747312911786139,0.06,0.06,0.4,0.9984709937816791,0.027475345825092867,0.0,0.0,0.0,0.0,0.2153846153846154,0.3769230769230769,0.4076923076923077,0.23076923076923078,0.23076923076923078,nan,nan,0.03059726086133359,0.10164728400672451,0.0,0.2641509433962264,0.0,0.20637647649485108,0.1789011306697582,2.133738596518799,20,20,2.463954210281372
825,,0.23257047580524054,0.011074784562154312,-0.008488433063030243,1.0,1.0,1.0,1.0,0.0,0.6492146596858639,0.3507853403141361,0.0,0.4817657700972632,0.8023809523809524,0.8023809523809524,1.4761904761904763,0.9782887503467445,0.1268902026246078,0.0,0.0,0.0,0.0,0.10471204188481675,0.7643979057591623,0.13089005235602094,0.33507853403141363,0.33507853403141363,nan,nan,0.13837128030229962,0.5453529656379017,0.0,0.2,0.0,0.3114578802536308,0.184567677629023,2.164841950871013,20,20,6.629589796066284
826,,0.1950689411485334,0.01950689411485334,-0.004543827101588249,1.0,1.0,1.0,1.0,0.0,0.688,0.312,0.0,0.4784584418684244,0.11,0.11,0.6,0.9984838541823797,0.0340716320618667,0.0,0.0,0.0,0.0,0.184,0.4,0.416,0.216,0.216,nan,nan,0.039732867450144295,0.16801538521645745,0.0,0.28846153846153844,0.0,0.21516013216030208,0.18108850009843538,2.217514357935438,20,20,2.07792067527771
827,,0.17742087509667506,0.00844861309984167,0.051304736733436586,0.95,0.95,0.95,0.9848484848484849,0.0,0.6412213740458015,0.35877862595419846,0.0,0.4734479865724487,0.023809523809523808,0.023809523809523808,0.23809523809523808,0.8995230362114264,0.2828225498353927,0.0,0.0,0.0,0.0,0.20610687022900764,0.3893129770992366,0.40458015267175573,0.2366412213740458,0.2366412213740458,nan,nan,0.026746443139016893,0.10023606479240194,0.0,0.2830188679245283,0.0,0.20336969778210118,-0.07945285205329147,1.9968809363563274,20,20,2.9740355014801025
828,,0.1915419627205461,0.0212824403022829,-0.009514167718589307,1.0,1.0,1.0,1.0,0.0,0.8503937007874016,0.14960629921259844,0.0,0.48154660306043096,0.06666666666666667,0.06666666666666667,0.8888888888888888,0.9984777391755245,0.0257763627117768,0.0,0.0,0.0,0.0,0.1732283464566929,0.47244094488188976,0.3543307086614173,0.23622047244094488,0.23622047244094488,nan,nan,0.02224288400411191,0.06456942651778864,0.0,0.06666666666666667,0.0,0.20313101890831475,0.17735465619653795,1.9792095314416196,20,20,2.799623489379883
829,,0.23652442338068988,0.009460976935227594,0.03663736581802368,0.95,0.95,0.95,0.9852216748768473,0.0,0.8507462686567164,0.14925373134328357,0.0,0.4735689265578985,0.946,0.946,0.64,0.9751851544210739,0.16716784632052067,0.0,0.0,0.0,0.0,0.06965174129353234,0.7810945273631841,0.14925373134328357,0.18407960199004975,0.18407960199004975,nan,nan,0.19615831899238037,0.5961633006056769,0.0,0.03333333333333333,0.0,0.3235255809917492,0.15635773467122854,1.8930660400027102,20,20,8.882738828659058
830,,0.22846137844402492,0.009138455137760997,0.033844276517629626,0.9,0.9,0.9,0.9852216748768473,0.0,0.9356435643564357,0.06435643564356436,0.0,0.46694914290122685,0.956,0.956,0.2,0.915980337100598,0.33781559213450696,0.0,0.0,0.0,0.0,0.15346534653465346,0.45544554455445546,0.3910891089108911,0.1782178217821782,0.1782178217821782,nan,nan,0.20767845772245433,0.6795066374553718,0.0,0.05063291139240506,0.0,0.3181413816455977,-0.019674210488909286,2.079089996369196,20,20,7.758280277252197
831,,0.2375563927910654,0.0091367843381179,0.01583488117903471,0.95,0.95,0.95,0.9903381642512077,0.0,0.9466019417475728,0.05339805825242718,0.0,0.4788483485937692,0.7961538461538461,0.7961538461538461,0.11538461538461539,0.9599857684921687,0.2406355444104049,0.0,0.0,0.0,0.0,0.10679611650485436,0.7378640776699029,0.1553398058252427,0.15048543689320387,0.15048543689320387,nan,nan,0.16292319252647045,0.5327239712091435,0.0,0.0,0.0,0.34775329497022495,0.10711775055982004,1.8835960114088355,20,20,6.795458555221558
832,,0.22682591176465233,0.008100925420166155,0.003852023370563984,0.95,0.95,0.95,0.9951219512195122,1.0,0.9658536585365853,0.024390243902439025,0.00975609756097561,0.46923246908118016,0.8053571428571429,0.8053571428571429,0.2857142857142857,0.9529577516540813,0.2539174886658245,50.0,-0.12923993754793006,0.5,0.003249282125791897,0.12682926829268293,0.6780487804878049,0.1951219512195122,0.14634146341463414,0.14634146341463414,nan,nan,0.18017124021720712,0.4745290436829834,0.007194244604316547,0.0,0.025,0.3111747610968682,0.05725727243104374,1.9729462606191088,20,20,12.500341176986694
833,,0.25040872672774,0.007154535049364,0.07571947686374188,0.85,0.85,0.85,0.9847328244274809,0.0,0.7586206896551724,0.2413793103448276,0.0,0.4861467212930854,1.2642857142857142,1.2642857142857142,0.5428571428571428,0.9431727475965276,0.2597873387613684,0.0,0.0,0.0,0.0,0.1111111111111111,0.6168582375478927,0.2720306513409962,0.2413793103448276,0.2413793103448276,nan,nan,0.30068030809760754,1.0660172851194674,0.0,0.2112676056338028,0.0,0.3532973655694508,0.09351002680808237,2.004140383229257,20,20,12.854814052581787
834,,0.2349366435394612,0.009789026814144217,-0.042145165428519246,1.0,1.0,1.0,1.0,0.0,0.8944723618090452,0.10552763819095477,0.0,0.48854935117803205,0.8125,0.8125,0.4166666666666667,0.983153506517893,0.1298810244968146,0.0,0.0,0.0,0.0,0.09547738693467336,0.7587939698492462,0.1457286432160804,0.18090452261306533,0.18090452261306533,nan,nan,0.16124805204898948,0.47428741801996,0.0,0.06896551724137931,0.0,0.31533899819603445,0.18545797369921985,1.8913867918221843,20,20,6.731701374053955
835,,0.23979894945796332,0.009991622894081805,-0.035710759833455084,1.0,1.0,1.0,1.0,0.0,0.8781725888324873,0.1218274111675127,0.0,0.4786019271162028,0.8708333333333333,0.8708333333333333,0.4166666666666667,0.9752998686652301,0.14108950364122297,0.0,0.0,0.0,0.0,0.1319796954314721,0.5482233502538071,0.3197969543147208,0.19796954314720813,0.19796954314720813,nan,nan,0.17751616816960047,0.599178962637519,0.0,0.047619047619047616,0.0,0.33387082455362715,0.19278132091240419,1.969936544968762,20,20,6.3181188106536865
836,,0.19051192189626692,0.021167991321807435,0.012795230746269226,1.0,1.0,1.0,1.0,0.0,1.0,0.0,0.0,0.49512164405961,0.1111111111111111,0.1111111111111111,0.6666666666666666,0.9978452102081119,0.040833425001006146,0.0,0.0,0.0,0.0,0.15267175572519084,0.46564885496183206,0.3816793893129771,0.15267175572519084,0.15267175572519084,nan,nan,0.02238486835659736,0.08434313998158947,0.0,0.0,0.0,0.21516263410059303,0.17432920909958688,1.68538351347455,20,20,4.049592971801758
837,,0.1901035309697625,0.021122614552195836,-0.00711825299076736,1.0,1.0,1.0,1.0,0.0,0.7101449275362319,0.2898550724637681,0.0,0.4978110085138016,0.044444444444444446,0.044444444444444446,1.1111111111111112,0.9983204092635221,0.03178007123360105,0.0,0.0,0.0,0.0,0.17391304347826086,0.37681159420289856,0.4492753623188406,0.2028985507246377,0.2028985507246377,nan,nan,0.02462327807030923,0.1301969593159543,0.0,0.2903225806451613,0.0,0.2107736429417183,0.17899357170811725,1.9272582332913208,20,20,2.832843065261841
838,,0.221414413816673,0.010543543515079667,0.0016687847673892975,1.0,1.0,1.0,1.0,0.0,0.23316062176165803,0.7668393782383419,0.0,0.47855917746644644,0.4023809523809524,0.4023809523809524,6.9523809523809526,0.9785318723050066,0.10922636255902979,0.0,0.0,0.0,0.0,0.11917098445595854,0.20725388601036268,0.6735751295336787,0.17098445595854922,0.17098445595854922,nan,nan,0.12265867075788855,0.4901943957126997,0.0,0.7076923076923077,0.0,0.2835379015482783,0.1743115389892485,2.7850312478062866,20,20,6.71751856803894
839,,0.19289241417463282,0.024111551771829103,-0.007551754824817181,1.0,1.0,1.0,1.0,0.0,0.9918032786885246,0.00819672131147541,0.0,0.5080161239951849,0.1125,0.1125,1.0,0.9985040066443053,0.03280475103619876,0.0,0.0,0.0,0.0,0.1721311475409836,0.45901639344262296,0.36885245901639346,0.16393442622950818,0.16393442622950818,nan,nan,0.021002351503809153,0.06126092911400811,0.0,0.0,0.0,0.21250256258058536,0.1796978115443866,1.5164121453970913,20,20,3.506521463394165
840,,0.24381261053900016,0.01015885877245834,0.059951049834489824,0.95,0.95,0.95,0.9948717948717949,0.0,0.8,0.2,0.0,0.4757757121231407,0.9854166666666667,0.9854166666666667,0.5833333333333334,0.9630580588976095,0.22647704398605895,0.0,0.0,0.0,0.0,0.09230769230769231,0.8358974358974359,0.07179487179487179,0.24102564102564103,0.24102564102564103,nan,nan,0.2004562601428616,0.650963509321818,0.0,0.14285714285714285,0.0,0.32835813860207685,0.10188109461601792,1.9436998362752853,20,20,7.815029144287109
841,,0.2413857181122291,0.00928406608123958,0.005430606938898563,0.95,0.95,0.95,0.995,0.0,0.8241206030150754,0.17587939698492464,0.0,0.47450725667787574,0.8769230769230769,0.8769230769230769,0.7692307692307693,0.9725795990021935,0.13850095684049263,0.0,0.0,0.0,0.0,0.1306532663316583,0.6532663316582915,0.21608040201005024,0.22613065326633167,0.22613065326633167,nan,nan,0.20013444591299206,0.5880391273256605,0.0,0.046511627906976744,0.0,0.3229330385674233,0.18443208172693065,1.7387876100407011,20,20,7.6810877323150635
842,,0.19423233614179058,0.01942323361417906,0.002313033491373062,1.0,1.0,1.0,1.0,0.0,0.7479674796747967,0.25203252032520324,0.0,0.47580565663054586,0.085,0.085,1.4,0.9990552860580288,0.0206968241218064,0.0,0.0,0.0,0.0,0.17073170731707318,0.3821138211382114,0.44715447154471544,0.17886178861788618,0.17886178861788618,nan,nan,0.03807870115927945,0.12916088794142072,0.0,0.21818181818181817,0.0,0.20411268061422114,0.18341585649241474,2.4081111079031996,20,20,2.206226348876953
843,,0.24146500584918826,0.009287115609584163,-0.004847065918147564,1.0,1.0,1.0,1.0,0.0,0.7219512195121951,0.2780487804878049,0.0,0.46593962924626586,0.7307692307692307,0.7307692307692307,1.0769230769230769,0.9691641374092616,0.1523173898577139,0.0,0.0,0.0,0.0,0.12682926829268293,0.22439024390243903,0.6487804878048781,0.1902439024390244,0.1902439024390244,nan,nan,0.1756372426726173,0.7007479365653311,0.0,0.22556390977443608,0.0,0.34094091757839484,0.18862352772068094,1.961299265572528,20,20,8.492416381835938
844,,0.19027950867709115,0.021142167630787904,-0.01623811572790146,1.0,1.0,1.0,1.0,0.0,0.9847328244274809,0.015267175572519083,0.0,0.5041449974808428,0.044444444444444446,0.044444444444444446,1.0,0.9993770282907802,0.01735337424691369,0.0,0.0,0.0,0.0,0.16793893129770993,0.0916030534351145,0.7404580152671756,0.16793893129770993,0.16793893129770993,nan,nan,0.025359564406501056,0.06412142926796553,0.0,0.0,0.0,0.1980639934119894,0.18071061916507572,1.7136012275723516,20,20,3.868100881576538
845,,0.19325344217927937,0.021472604686586596,-0.017557025607675313,1.0,1.0,1.0,1.0,0.0,0.6532258064516129,0.3467741935483871,0.0,0.49581163892936375,0.08333333333333333,0.08333333333333333,0.5555555555555556,0.9984534861948964,0.028183533704572633,0.0,0.0,0.0,0.0,0.13709677419354838,0.24193548387096775,0.6209677419354839,0.1774193548387097,0.1774193548387097,nan,nan,0.039907351318807426,0.14988134100656386,0.0,0.2857142857142857,0.0,0.2088041668990658,0.18062063319449317,2.1065084801930927,20,20,2.2526416778564453
846,,0.19025615569720067,0.019025615569720065,-0.02679321262985468,1.0,1.0,1.0,1.0,0.0,0.8656716417910447,0.13432835820895522,0.0,0.4807100698258728,0.05,0.05,0.1,0.9988289644808824,0.021134512226061802,0.0,0.0,0.0,0.0,0.22388059701492538,0.3283582089552239,0.44776119402985076,0.208955223880597,0.208955223880597,nan,nan,0.022271654159902208,0.0742965534130641,0.0,0.13333333333333333,0.0,0.2008292578344873,0.1796947456084255,1.9154574244809606,20,20,2.092947244644165
847,,0.24542825754302353,0.0070122359298006726,0.045075610280036926,0.75,0.75,0.75,0.94921875,0.0,0.8016194331983806,0.19838056680161945,0.0,0.474723983110993,1.477142857142857,1.477142857142857,0.5714285714285714,0.9414191791527987,0.3024807150117517,0.0,0.0,0.0,0.0,0.10121457489878542,0.708502024291498,0.1902834008097166,0.21862348178137653,0.21862348178137653,nan,nan,0.36119632728746,1.2062939534932466,0.0,0.0851063829787234,0.0,0.35634679138787495,0.05386607637612323,1.7965393365300393,20,20,12.187476873397827
848,,0.23392478125663538,0.00974686588569314,0.001172114908695221,0.95,0.95,0.95,0.9949494949494949,1.0,0.9343434343434344,0.05555555555555555,0.010101010101010102,0.47995895412459505,0.9791666666666666,0.9791666666666666,0.4166666666666667,0.9606146012123321,0.2131483073353617,50.0,-0.1519696373017085,0.5,0.10989499109537948,0.08585858585858586,0.1919191919191919,0.7222222222222222,0.14646464646464646,0.14646464646464646,nan,nan,0.21696493217240798,0.6356867429324939,0.02631578947368421,0.0,0.006993006993006993,0.3316745913065953,0.11852628397123363,2.10465057748304,20,20,13.007208108901978
849,,0.2162229046539748,0.008316265563614415,0.022598679922521115,0.85,0.85,0.85,0.9743589743589743,0.0,0.9114583333333334,0.08854166666666667,0.0,0.46213952476122916,0.9134615384615384,0.9134615384615384,0.5384615384615384,0.9467315751591969,0.24436952082825925,0.0,0.0,0.0,0.0,0.078125,0.7760416666666666,0.14583333333333334,0.140625,0.140625,nan,nan,0.20394241962831225,0.6614991643287351,0.0,0.03571428571428571,0.0,0.3017578755134373,0.05738835468517804,1.9063260370370334,20,20,9.041789293289185
850,,0.23182280827617757,0.011039181346484647,-0.015587352216243744,1.0,1.0,1.0,1.0,0.0,0.41545893719806765,0.5845410628019324,0.0,0.45656534424938616,0.5904761904761905,0.5904761904761905,5.476190476190476,0.9795870666940373,0.1368764552038269,0.0,0.0,0.0,0.0,0.1497584541062802,0.45893719806763283,0.391304347826087,0.22705314009661837,0.22705314009661837,nan,nan,0.1329829038572423,0.4349936884747582,0.0,0.7530864197530864,0.0,0.3106761546894622,0.17379969948563528,1.9160503754333778,20,20,7.016204595565796
851,,0.2584851766622396,0.007832884141279988,0.012725948169827462,1.0,1.0,1.0,1.0,1.0,0.31746031746031744,0.6785714285714286,0.003968253968253968,0.46762111596198697,0.6060606060606061,0.6060606060606061,10.424242424242424,0.9703312270835254,0.17735439402297273,0.0,-0.617253677157646,0.0,0.0,0.09126984126984126,0.27380952380952384,0.6349206349206349,0.1388888888888889,0.1388888888888889,nan,nan,0.24936288159699613,0.7031449213466081,0.014492753623188406,0.78125,0.0,0.3800705133741289,0.20271611935115616,2.9029191081318606,20,20,14.931450366973877
852,,0.25977037310308115,0.007640305091267093,0.013335826620459557,0.9,0.9,0.9,0.9838709677419355,0.0,0.889795918367347,0.11020408163265306,0.0,0.46847333062905816,1.3705882352941177,1.3705882352941177,0.7058823529411765,0.946963079441998,0.25892050150630086,0.0,0.0,0.0,0.0,0.10204081632653061,0.30612244897959184,0.5918367346938775,0.16326530612244897,0.16326530612244897,nan,nan,0.3470099232785581,0.8842815449673825,0.0,0.041379310344827586,0.0,0.36584135253910605,0.1069208510328052,1.9324209907477756,20,20,20.746038675308228
853,,0.26298519671148873,0.007513862763185392,0.03311657793819904,0.8,0.8,0.8,0.948339483394834,0.0,0.9360902255639098,0.06390977443609022,0.0,0.4548326582594642,1.5714285714285714,1.5714285714285714,0.34285714285714286,0.9470995453181353,0.26815009933494965,0.0,0.0,0.0,0.0,0.05263157894736842,0.8270676691729323,0.12030075187969924,0.11654135338345864,0.11654135338345864,nan,nan,0.3584432897352844,0.8976547963767049,0.0,0.0,0.0,0.3929453482498101,0.12479524891486045,1.9233834130432477,20,20,25.987722873687744
854,,0.23135321651233604,0.010516055296015275,0.02255123294889927,1.0,1.0,1.0,1.0,0.0,0.7391304347826086,0.2608695652173913,0.0,0.48178933645937255,0.75,0.75,1.3181818181818181,0.9830980600611785,0.12628691168215875,0.0,0.0,0.0,0.0,0.07729468599033816,0.7681159420289855,0.15458937198067632,0.2463768115942029,0.2463768115942029,nan,nan,0.14010297174129419,0.4709905894526286,0.0,0.15625,0.0,0.2915560025297591,0.16526909084760036,1.655777210891161,20,20,7.7212982177734375
855,,0.22043763708720493,0.01049703033748595,0.015983469784259796,1.0,1.0,1.0,1.0,0.0,0.44878048780487806,0.551219512195122,0.0,0.4600460307085,0.4142857142857143,0.4142857142857143,5.428571428571429,0.9836522224807289,0.10475764294911333,0.0,0.0,0.0,0.0,0.15121951219512195,0.3902439024390244,0.4585365853658537,0.21951219512195122,0.21951219512195122,nan,nan,0.1047951476760375,0.3724633081007453,0.0,0.7127659574468085,0.0,0.28206798273586364,0.17731033978675032,2.7712745812931048,20,20,6.850090503692627
856,,0.19215958720186307,0.019215958720186308,-0.0018219495192170142,1.0,1.0,1.0,1.0,0.0,0.47692307692307695,0.5230769230769231,0.0,0.4507515736599453,0.035,0.035,1.6,0.9976073589841803,0.04045281041280557,0.0,0.0,0.0,0.0,0.17692307692307693,0.4846153846153846,0.3384615384615385,0.3153846153846154,0.3153846153846154,nan,nan,0.034583616686189235,0.17560682717855908,0.0,0.36363636363636365,0.0,0.2180938942210482,0.17764108380824262,2.2264722730691555,20,20,2.7013182640075684
857,,0.24550198984001387,0.010229249576667244,0.009869370982050896,1.0,1.0,1.0,1.0,1.0,0.6728971962616822,0.32242990654205606,0.004672897196261682,0.4552595208593023,0.7916666666666666,0.7916666666666666,1.3333333333333333,0.9822145103842519,0.13386789366778673,0.0,-0.08219321252956285,0.0,0.0,0.11682242990654206,0.7476635514018691,0.13551401869158877,0.34579439252336447,0.34579439252336447,nan,nan,0.14999803296916372,0.5131101437766855,0.0,0.1724137931034483,0.0,0.3231769035881154,0.18930900992032867,1.854511786167288,20,20,8.079837799072266
858,,0.24428652112177657,0.009771460844871063,-0.012003293633460999,1.0,1.0,1.0,1.0,0.0,0.8557692307692307,0.14423076923076922,0.0,0.44663870173227044,0.938,0.938,0.8,0.9653702132023162,0.15663321247118794,0.0,0.0,0.0,0.0,0.11057692307692307,0.39903846153846156,0.49038461538461536,0.20192307692307693,0.20192307692307693,nan,nan,0.2048425096461671,0.5933669507538032,0.0,0.049019607843137254,0.0,0.33850473034787376,0.18187151787668582,1.8180687586573385,20,20,9.74563717842102
859,,0.25197416937555245,0.010078966775022099,0.03704663589596748,0.85,0.85,0.85,0.9611650485436893,0.0,0.8177339901477833,0.18226600985221675,0.0,0.4629511714540422,1.3,1.3,1.2,0.9654989998379905,0.17231037158610446,0.0,0.0,0.0,0.0,0.08374384236453201,0.6157635467980296,0.30049261083743845,0.18226600985221675,0.18226600985221675,nan,nan,0.27963708836318224,0.9561484900172446,0.0,0.14754098360655737,0.0,0.3510655810050093,0.17875520941890483,2.0100216332849423,20,20,8.475136518478394
860,,0.23850621881524672,0.010841191764329397,-0.034125057980418205,1.0,1.0,1.0,1.0,0.0,0.6530612244897959,0.3469387755102041,0.0,0.4689795757770877,0.7909090909090909,0.7909090909090909,1.0454545454545454,0.9817023671923416,0.11967803272849256,0.0,0.0,0.0,0.0,0.11734693877551021,0.5255102040816326,0.35714285714285715,0.20918367346938777,0.20918367346938777,nan,nan,0.1673747508506615,0.528781223474276,0.0,0.5142857142857142,0.0,0.30778195855104595,0.1881039258225534,1.800135949451579,20,20,6.320873737335205
861,,0.19062644528349465,0.021180716142610516,0.016724910587072372,1.0,1.0,1.0,1.0,0.0,0.8095238095238095,0.19047619047619047,0.0,0.4829969683662057,0.08333333333333333,0.08333333333333333,0.2222222222222222,0.9989735007915204,0.024550446682268634,0.0,0.0,0.0,0.0,0.1984126984126984,0.2619047619047619,0.5396825396825397,0.19047619047619047,0.19047619047619047,nan,nan,0.02879836332359665,0.0874595610088928,0.0,0.19117647058823528,0.0,0.20246072097405257,0.17791027429178394,2.186080312461598,20,20,1.998875379562378
862,,0.2132186063329246,0.009691754833314754,-0.01891958750784397,1.0,1.0,1.0,1.0,0.0,0.2623762376237624,0.7376237623762376,0.0,0.46829735722858457,0.31136363636363634,0.31136363636363634,5.681818181818182,0.9905719259256367,0.07614638937263732,0.0,0.0,0.0,0.0,0.1485148514851485,0.4801980198019802,0.3712871287128713,0.37623762376237624,0.37623762376237624,nan,nan,0.0780303362505339,0.33736375520134565,0.0,0.7333333333333333,0.0,0.25102602207169045,0.17487963269905313,2.1409353590801956,20,20,6.703470468521118
863,,0.1908021431768914,0.02120023813076571,-0.011777247488498687,1.0,1.0,1.0,1.0,0.0,0.76,0.24,0.0,0.49354627361107206,0.05555555555555555,0.05555555555555555,1.3333333333333333,0.9987760398054532,0.02419645082358554,0.0,0.0,0.0,0.0,0.192,0.28,0.528,0.224,0.224,nan,nan,0.0326688134670508,0.14929993180312198,0.0,0.09090909090909091,0.0,0.20455930728653474,0.1803628564629492,2.0928340340234977,20,20,2.318983554840088
864,,0.1922633583618219,0.021362595373535766,-0.019445922039449216,1.0,1.0,1.0,1.0,0.0,0.7723577235772358,0.22764227642276422,0.0,0.468435611617234,0.08888888888888889,0.08888888888888889,0.7777777777777778,0.9982874221800109,0.03134969637828702,0.0,0.0,0.0,0.0,0.21138211382113822,0.2682926829268293,0.5203252032520326,0.21951219512195122,0.21951219512195122,nan,nan,0.036313947385744415,0.13709715207829684,0.0,0.203125,0.0,0.20503387773707618,0.17368418135878916,2.1118780813957865,20,20,2.2059497833251953
865,,0.2347477413144702,0.012355144279708958,0.006157492846250534,1.0,1.0,1.0,1.0,0.0,0.3417085427135678,0.6582914572864321,0.0,0.481851859822085,0.42894736842105263,0.42894736842105263,7.473684210526316,0.9851690252539552,0.11178179466907012,0.0,0.0,0.0,0.0,0.1407035175879397,0.34673366834170855,0.5125628140703518,0.18592964824120603,0.18592964824120603,nan,nan,0.12555152256526816,0.37655261478483026,0.0,0.803921568627451,0.0,0.29823349162813545,0.18645169695906533,1.7511899948977796,20,20,7.380724906921387
866,,0.19133591827928345,0.02125954647547594,0.019633541628718377,1.0,1.0,1.0,1.0,0.0,0.7338129496402878,0.26618705035971224,0.0,0.4968619253900316,0.03888888888888889,0.03888888888888889,0.2222222222222222,0.9985487978787108,0.03192171499789209,0.0,0.0,0.0,0.0,0.2302158273381295,0.3237410071942446,0.4460431654676259,0.18705035971223022,0.18705035971223022,nan,nan,0.03135333456143084,0.13153994337234998,0.0,0.20967741935483872,0.0,0.2122727636274365,0.1803510486295444,2.1162341327723126,20,20,2.4726932048797607
867,,0.2369831314297282,0.009479325257189128,-0.01597495786845684,1.0,1.0,1.0,1.0,1.0,0.865,0.13,0.005,0.47817607208900154,0.824,0.824,0.56,0.9783531793170027,0.16553965098406864,0.0,-0.2138198095444981,0.0,0.0,0.1,0.375,0.525,0.2,0.2,nan,nan,0.1847080434201519,0.4705525118240952,0.013333333333333334,0.0380952380952381,0.0,0.34767057774014865,0.18213092675608,1.8181375535949833,20,20,12.19808292388916
868,,0.2344296791165572,0.009767903296523217,-0.01628677435219288,1.0,1.0,1.0,1.0,0.0,0.5787037037037037,0.4212962962962963,0.0,0.4749684136729532,0.7354166666666667,0.7354166666666667,2.875,0.9691346208349146,0.16485222591946788,0.0,0.0,0.0,0.0,0.12962962962962962,0.6111111111111112,0.25925925925925924,0.2916666666666667,0.2916666666666667,nan,nan,0.1476050927260762,0.5539866010870237,0.0,0.4642857142857143,0.0,0.33949665235889204,0.17464442643942416,1.7341601122060482,20,20,7.190195798873901
869,,0.1892104696971964,0.02102338552191071,0.009928780049085617,1.0,1.0,1.0,1.0,1.0,0.7007299270072993,0.291970802919708,0.0072992700729927005,0.4785595374181867,0.016666666666666666,0.016666666666666666,1.6666666666666667,0.9985693422149211,0.026078117120925864,100.0,0.04619585086774358,1.0,0.04619585086774358,0.17518248175182483,0.4744525547445255,0.35036496350364965,0.30656934306569344,0.30656934306569344,nan,nan,0.01744627051622029,0.07009271769478903,0.015384615384615385,0.08333333333333333,0.0,0.20222611208912059,0.17614799496819472,2.170073020187096,20,20,2.662121295928955
870,,0.1893616066265027,0.021040178514055857,-0.011330136377364398,1.0,1.0,1.0,1.0,0.0,0.7307692307692307,0.2692307692307692,0.0,0.5015289812659224,0.07222222222222222,0.07222222222222222,1.4444444444444444,0.9982075670671362,0.03368029748215068,0.0,0.0,0.0,0.0,0.2230769230769231,0.2,0.5769230769230769,0.2153846153846154,0.2153846153846154,nan,nan,0.02973807216918516,0.11886026963993224,0.0,0.21333333333333335,0.0,0.21036882815560978,0.1766885306734591,2.0939708471457426,20,20,2.325911521911621
871,,0.20949893982764964,0.009522679083074984,-0.013064174354076386,1.0,1.0,1.0,1.0,0.0,0.27918781725888325,0.7208121827411168,0.0,0.4924225496191701,0.18636363636363637,0.18636363636363637,5.136363636363637,0.995573151936032,0.061189550394849274,0.0,0.0,0.0,0.0,0.14213197969543148,0.18781725888324874,0.6700507614213198,0.18781725888324874,0.18781725888324874,nan,nan,0.0847138267403554,0.31221821951100726,0.0,0.6742424242424242,0.0,0.24959022189257302,0.18840067149772374,2.6585818861383,20,20,7.024077892303467
872,,0.2621673289824158,0.00794446451461866,0.026705519855022432,0.9,0.9,0.9,0.9736842105263158,1.0,0.7900763358778626,0.1984732824427481,0.011450381679389313,0.4932907355667064,1.2424242424242424,1.2424242424242424,1.3636363636363635,0.9548307046141498,0.2355798488871723,0.0,-0.1937279969261396,0.0,0.0,0.07251908396946564,0.22900763358778625,0.6984732824427481,0.1450381679389313,0.1450381679389313,nan,nan,0.30366224333790726,1.0170916369832697,0.016666666666666666,0.14754098360655737,0.00546448087431694,0.3729890016693953,0.13740915278222302,2.1821007818432743,20,20,22.93872570991516
873,,0.2038230641089416,0.010191153205447081,-0.015876321494579314,1.0,1.0,1.0,1.0,0.0,0.059113300492610835,0.9408866995073891,0.0,0.4952073620352894,0.0725,0.0725,8.2,0.9893078422323305,0.08459003051880853,0.0,0.0,0.0,0.0,0.15763546798029557,0.2413793103448276,0.6009852216748769,0.23645320197044334,0.23645320197044334,nan,nan,0.07598151498366713,0.2982355929557845,0.0,0.9426229508196722,0.0,0.23994940600010467,0.15535937548129614,3.0300937425943055,20,20,6.694550037384033
874,,0.20915185453645385,0.0055039961720119435,0.03687876723706722,0.9,0.9,0.9,0.9659090909090909,0.0,0.16216216216216217,0.8378378378378378,0.0,0.48303413127034317,0.25,0.25,9.210526315789474,0.8565780806612492,0.4030433656893428,0.0,0.0,0.0,0.0,0.12355212355212356,0.46332046332046334,0.41312741312741313,0.37065637065637064,0.37065637065637064,nan,nan,0.16141484987858004,0.6279244811751964,0.0,0.8878504672897196,0.0,0.36661151519612467,-0.03643185049321811,1.9456128495608125,20,20,16.272550344467163
875,,0.20658918501265497,0.010873115000666051,0.017884621024131776,1.0,1.0,1.0,1.0,0.0,0.07960199004975124,0.9203980099502488,0.0,0.4994046717882156,0.10263157894736842,0.10263157894736842,11.473684210526315,0.9844983043523841,0.09829744657221001,0.0,0.0,0.0,0.0,0.14925373134328357,0.25870646766169153,0.5920398009950248,0.23880597014925373,0.23880597014925373,nan,nan,0.08081498128382766,0.27958282196305406,0.0,0.9159663865546218,0.0,0.2661117815614052,0.16781433498919518,3.055999470957567,20,20,7.234182834625244
876,,0.19164302791086557,0.017422093446442324,-0.007701105251908302,1.0,1.0,1.0,1.0,0.0,0.3230769230769231,0.676923076923077,0.0,0.48340162021869965,0.045454545454545456,0.045454545454545456,1.9090909090909092,0.9986627700035625,0.023769225613096245,0.0,0.0,0.0,0.0,0.19230769230769232,0.3923076923076923,0.4153846153846154,0.26153846153846155,0.26153846153846155,nan,nan,0.043414648415402206,0.23395333423653666,0.0,0.7222222222222222,0.0,0.201295742716999,0.17752651710390274,3.2767036116936703,20,20,2.7602415084838867
877,,0.219540184399166,0.009979099290871181,-0.008954938501119614,1.0,1.0,1.0,1.0,0.0,0.05025125628140704,0.949748743718593,0.0,0.4837385615249249,0.06363636363636363,0.06363636363636363,11.272727272727273,0.9885698213896984,0.10103016181926322,0.0,0.0,0.0,0.0,0.11055276381909548,0.08542713567839195,0.8040201005025126,0.08542713567839195,0.08542713567839195,nan,nan,0.12706702120045993,0.24168676674767717,0.0,0.9625,0.0,0.2732516601858401,0.17222149836657685,3.0013145604916525,20,20,6.992490291595459
878,,0.23760929427622093,0.011314728298867663,-0.015624067932367324,1.0,1.0,1.0,1.0,0.0,0.7722772277227723,0.22772277227722773,0.0,0.4951201114847901,0.8595238095238096,0.8595238095238096,0.7619047619047619,0.9792016780347209,0.140154837138248,0.0,0.0,0.0,0.0,0.12376237623762376,0.7772277227722773,0.09900990099009901,0.27722772277227725,0.27722772277227725,nan,nan,0.14525422603570765,0.5174758567946837,0.0,0.15,0.0,0.336684885165991,0.196530048027743,1.735097379924901,20,20,6.296755313873291
879,,0.21778206063842245,0.010370574316115355,0.048736158013343814,1.0,1.0,1.0,1.0,0.0,0.0845771144278607,0.9154228855721394,0.0,0.4876590859588413,0.14285714285714285,0.14285714285714285,9.19047619047619,0.9881199248612463,0.08285609927110127,0.0,0.0,0.0,0.0,0.10945273631840796,0.07462686567164178,0.8159203980099502,0.05970149253731343,0.05970149253731343,nan,nan,0.12739427700230457,0.3557561612897229,0.0,0.9146341463414634,0.0,0.26229837337873596,0.1794422741076347,2.6552662033995316,20,20,7.357740879058838
880,,0.25560063256600096,0.008520021085533366,0.01163890678435564,0.95,0.95,0.95,0.9922480620155039,0.0,0.5758754863813229,0.42412451361867703,0.0,0.5019332165643573,1.12,1.12,3.6,0.9862372338995901,0.10285635051858488,0.0,0.0,0.0,0.0,0.11284046692607004,0.4046692607003891,0.48249027237354086,0.19066147859922178,0.19066147859922178,nan,nan,0.24949845576724006,0.7464802052655868,0.0,0.4274193548387097,0.0,0.31781024671610003,0.21495389619751515,1.766402783511283,20,20,12.078933000564575
881,,0.2297604829430067,0.010443658315591213,-0.0034971266984939577,1.0,1.0,1.0,1.0,0.0,0.5198019801980198,0.4801980198019802,0.0,0.4991781905843792,0.6454545454545455,0.6454545454545455,2.3636363636363638,0.975666327441723,0.1236753152859327,0.0,0.0,0.0,0.0,0.10396039603960396,0.7623762376237624,0.13366336633663367,0.46534653465346537,0.46534653465346537,nan,nan,0.1123783885118162,0.47432015224538704,0.0,0.2962962962962963,0.0,0.3083025524141742,0.1846272371282415,2.132253944709738,20,20,6.373749256134033
882,,0.2183252160507106,0.008733008642028424,0.03128400035202503,0.95,0.95,0.95,0.9951219512195122,0.0,0.4926829268292683,0.5073170731707317,0.0,0.49409467192552986,0.556,0.556,3.4,0.9666299438828868,0.19496650857648817,0.0,0.0,0.0,0.0,0.11707317073170732,0.5317073170731708,0.35121951219512193,0.25853658536585367,0.25853658536585367,nan,nan,0.12771695707503888,0.4625068961916746,0.0,0.5694444444444444,0.0,0.2794877073765553,0.08452119880006713,1.7956958982182274,20,20,7.062617540359497
883,,0.21738183805447792,0.008360839925172227,0.04334717616438866,0.9,0.9,0.9,0.9802955665024631,0.0,0.6567164179104478,0.34328358208955223,0.0,0.48995869984635365,0.6557692307692308,0.6557692307692308,1.5769230769230769,0.8997836136994876,0.3685948671576884,0.0,0.0,0.0,0.0,0.12935323383084577,0.32338308457711445,0.5472636815920398,0.27860696517412936,0.27860696517412936,nan,nan,0.16086890157347372,0.6253430503725992,0.0,0.17272727272727273,0.0,0.3212891104475153,-0.04730575671017309,2.098688512243663,20,20,9.265075206756592
884,,0.2524802055168695,0.01009920822067478,-0.019467997923493387,1.0,1.0,1.0,1.0,0.0,0.6285714285714286,0.37142857142857144,0.0,0.49008255917206406,0.764,0.764,1.28,0.9788041471171071,0.15666905768341644,0.0,0.0,0.0,0.0,0.10952380952380952,0.3523809523809524,0.5380952380952381,0.19523809523809524,0.19523809523809524,nan,nan,0.17615439063825905,0.5919151961687484,0.0,0.2831858407079646,0.0,0.3553047957812777,0.19863573809786128,2.2352170168773684,20,20,7.573063611984253
885,,0.23327150297241536,0.008639685295274643,-0.011145246028900147,0.95,0.95,0.95,0.9950738916256158,0.0,0.5099009900990099,0.4900990099009901,0.0,0.483688097357474,0.512962962962963,0.512962962962963,3.925925925925926,0.9913289562730957,0.08408178428356725,0.0,0.0,0.0,0.0,0.12376237623762376,0.400990099009901,0.4752475247524752,0.1188118811881188,0.1188118811881188,nan,nan,0.15727545522617825,0.4752454759906684,0.0,0.6666666666666666,0.0,0.2866999253920527,0.20261814110848544,2.8095705604495294,20,20,9.173039197921753
886,,0.24888181377258503,0.0099552725509034,0.05092361532151699,0.95,0.95,0.95,1.0,1.0,0.7843137254901961,0.2107843137254902,0.004901960784313725,0.48168270160630344,1.09,1.09,0.76,0.959332553058748,0.2508396785307486,0.0,-0.018706581220100757,0.0,0.0,0.08333333333333333,0.8431372549019608,0.07352941176470588,0.21568627450980393,0.21568627450980393,nan,nan,0.23013305455621588,0.7992438646478156,0.005813953488372093,0.13333333333333333,0.0,0.3294502555663734,0.07861057703562482,1.7826043414862156,20,20,7.314505338668823
887,,0.23405772354075338,0.011145605882893019,-0.026744477450847626,1.0,1.0,1.0,1.0,0.0,0.587378640776699,0.41262135922330095,0.0,0.4828439237638598,0.7333333333333333,0.7333333333333333,1.9047619047619047,0.9811069436262086,0.10623840500305251,0.0,0.0,0.0,0.0,0.10679611650485436,0.6262135922330098,0.2669902912621359,0.35436893203883496,0.35436893203883496,nan,nan,0.1272170837083694,0.468423529050517,0.0,0.32727272727272727,0.0,0.2911205363262703,0.18488213132321776,2.135360155644806,20,20,6.990163087844849
888,,0.22726897575282062,0.009090759030112826,0.04055944606661797,0.85,0.85,0.85,0.9742268041237113,1.0,0.8697916666666666,0.11458333333333333,0.015625,0.47238010736368596,1.018,1.018,0.12,0.9341802967633862,0.2294230521296757,0.0,-0.358584300694327,0.0,0.0,0.125,0.609375,0.265625,0.171875,0.171875,nan,nan,0.22468197449650054,0.7696424023554147,0.02564102564102564,0.058823529411764705,0.0,0.33670283700556153,0.10727978487588583,1.7831070395812907,20,20,6.20773983001709
889,,0.22339907856893346,0.009308294940372228,0.002131253480911255,1.0,1.0,1.0,1.0,1.0,0.8061224489795918,0.18877551020408162,0.00510204081632653,0.4907541038934141,0.6208333333333333,0.6208333333333333,1.0833333333333333,0.9772461186980854,0.12453329564246271,0.0,-0.07461366169946203,0.0,0.0,0.15816326530612246,0.18877551020408162,0.6530612244897959,0.21428571428571427,0.21428571428571427,nan,nan,0.14329100236526496,0.534609700620368,0.0,0.1171875,0.0078125,0.3126413694186152,0.1881080737761525,2.4544148931748127,20,20,7.171438694000244
890,,0.2686585508225915,0.007675958594931185,0.046218871138989925,0.9,0.9,0.9,0.9878542510121457,0.0,0.8448979591836735,0.15510204081632653,0.0,0.47668028698968035,1.4514285714285715,1.4514285714285715,0.37142857142857144,0.950260770060465,0.24906075218066154,0.0,0.0,0.0,0.0,0.061224489795918366,0.8734693877551021,0.0653061224489796,0.19183673469387755,0.19183673469387755,nan,nan,0.35197225865173454,0.927396098229783,0.0,0.125,0.0,0.3625738056607785,0.11351305348011698,1.7599053780378182,20,20,11.999032497406006
891,,0.23853581041384525,0.009938992100576886,0.002851312980055809,1.0,1.0,1.0,1.0,0.0,0.7990196078431373,0.20098039215686275,0.0,0.4762655515611793,0.85625,0.85625,0.5416666666666666,0.9765042509164619,0.12123317769221201,0.0,0.0,0.0,0.0,0.13725490196078433,0.3872549019607843,0.47549019607843135,0.21568627450980393,0.21568627450980393,nan,nan,0.18153643115989193,0.5703443547549618,0.0,0.15463917525773196,0.0,0.3103990491899466,0.1891658714977346,1.6270392253553003,20,20,7.672300577163696
892,,0.2261771743054094,0.006462204980154554,0.07877085097134114,0.65,0.65,0.65,0.953125,1.0,0.908,0.076,0.016,0.4811408269471888,1.5114285714285713,1.5114285714285713,0.34285714285714286,0.8883178773930905,0.31596018313404706,25.0,-0.23945561285275005,0.25,0.18040292832728555,0.096,0.58,0.324,0.16,0.16,nan,nan,0.3747159058274552,0.9830946551253298,0.013793103448275862,0.037037037037037035,0.012345679012345678,0.36175603264983996,0.045795849515792936,1.8071833647651894,20,20,17.603861570358276
893,,0.18764143449131104,0.02084904827681234,0.026965320482850073,1.0,1.0,1.0,1.0,0.0,0.7445255474452555,0.25547445255474455,0.0,0.49177425161211025,0.044444444444444446,0.044444444444444446,0.3333333333333333,0.9979505035257269,0.03547451669579868,0.0,0.0,0.0,0.0,0.1897810218978102,0.072992700729927,0.7372262773722628,0.1678832116788321,0.1678832116788321,nan,nan,0.02885216134208347,0.09521727691805257,0.0,0.19801980198019803,0.0,0.2073441773762888,0.17186966068049012,1.990934908386702,20,20,2.363957405090332
894,,0.23321659089279423,0.010600754131490647,-0.017897476255893708,1.0,1.0,1.0,1.0,0.0,0.495,0.505,0.0,0.4898338940756565,0.5818181818181818,0.5818181818181818,3.8636363636363638,0.9776227561928109,0.12860189295920021,0.0,0.0,0.0,0.0,0.115,0.48,0.405,0.265,0.265,nan,nan,0.11921140403807057,0.4840290816990891,0.0,0.5802469135802469,0.0,0.3144370671695791,0.18583517421037887,1.7517424513881494,20,20,7.111937046051025
895,,0.2625411749382983,0.010939215622429097,-0.017444366961717604,1.0,1.0,1.0,1.0,0.0,0.8181818181818182,0.18181818181818182,0.0,0.4857995231791089,1.0625,1.0625,0.2916666666666667,0.969110557773032,0.15392871728964597,0.0,0.0,0.0,0.0,0.1111111111111111,0.7727272727272727,0.11616161616161616,0.24242424242424243,0.24242424242424243,nan,nan,0.21968825670767003,0.6143345556631022,0.0,0.0,0.0,0.3527058707938361,0.19877715350419012,1.6759993894965965,20,20,7.239084243774414
896,,0.23803269061466065,0.010349247418028723,0.02281086929142475,0.95,0.95,0.95,0.9899497487437185,0.0,0.8282828282828283,0.1717171717171717,0.0,0.500599081316234,1.0521739130434782,1.0521739130434782,0.5217391304347826,0.9727261358836171,0.17748381454648166,0.0,0.0,0.0,0.0,0.1111111111111111,0.7676767676767676,0.12121212121212122,0.2474747474747475,0.2474747474747475,nan,nan,0.1942276224455079,0.6769153403540452,0.0,0.125,0.0,0.32606151807942685,0.1485777035329452,1.7511066898068688,20,20,7.240794897079468
897,,0.24420175803245966,0.009768070321298387,-0.04892281889915466,0.95,0.95,0.95,0.9900990099009901,0.0,0.8507462686567164,0.14925373134328357,0.0,0.48756947050988675,1.01,1.01,0.96,0.9763538117451168,0.1586352528505201,0.0,0.0,0.0,0.0,0.0945273631840796,0.835820895522388,0.06965174129353234,0.20398009950248755,0.20398009950248755,nan,nan,0.2097137031622871,0.6439267442986043,0.0,0.14285714285714285,0.0,0.3497040010551624,0.1910687482046423,1.7086910543757254,20,20,6.76519250869751
898,,0.2549380658070349,0.007283944737343853,0.03354077078402042,0.85,0.85,0.85,0.9694656488549618,0.0,0.8015564202334631,0.19844357976653695,0.0,0.51699723886459,1.5985714285714285,1.5985714285714285,0.7714285714285715,0.9267303207663543,0.3357983653398,0.0,0.0,0.0,0.0,0.07392996108949416,0.9027237354085603,0.023346303501945526,0.245136186770428,0.245136186770428,nan,nan,0.3747826410719111,0.9865888388378351,0.0,0.16666666666666666,0.0,0.3695535542488205,0.03375518890902049,1.84576112304863,20,20,12.932036876678467
899,,0.24455244666245773,0.009782097866498309,0.046460139006376265,0.95,0.95,0.95,1.0,0.0,0.8186274509803921,0.18137254901960784,0.0,0.48610547348856925,1.008,1.008,0.48,0.9686562405181925,0.20163859467635228,0.0,0.0,0.0,0.0,0.11274509803921569,0.5343137254901961,0.35294117647058826,0.19117647058823528,0.19117647058823528,nan,nan,0.2190329325123841,0.7884966559036081,0.0,0.125,0.0,0.3492780051322252,0.1476394104558729,1.7164041416548377,20,20,6.845386266708374
900,,0.23811472240546055,0.007003374188395898,0.040987799689173696,0.8,0.8,0.8,0.9568627450980393,0.5,0.8884462151394422,0.10358565737051793,0.00796812749003984,0.4941394320757621,1.348529411764706,1.348529411764706,0.5882352941176471,0.941307796293638,0.2612463898146744,0.0,-0.9826175963116104,0.0,0.0,0.09163346613545817,0.6812749003984063,0.22709163346613545,0.15139442231075698,0.15139442231075698,nan,nan,0.31066857600778786,0.8772707293945468,0.011695906432748537,0.12280701754385964,0.0,0.32626882767219706,0.06502243785752268,2.0660080594182775,20,20,12.270785808563232
901,,0.26932941376144454,0.00748137260448457,0.033105408772826195,0.85,0.85,0.85,0.974169741697417,0.0,0.9107806691449815,0.08921933085501858,0.0,0.47023872645739984,1.3902777777777777,1.3902777777777777,0.5,0.9546002611593517,0.247818830236043,0.0,0.0,0.0,0.0,0.08178438661710037,0.7100371747211895,0.20817843866171004,0.15613382899628253,0.15613382899628253,nan,nan,0.3248511188396596,0.8263514239181203,0.0,0.03571428571428571,0.0,0.37164208110257657,0.12382325086653356,1.9576417516452855,20,20,23.63529944419861
902,,0.2313900093838397,0.009255600375353588,-0.03700621984899044,0.95,0.95,0.95,0.9853658536585366,1.0,0.8472906403940886,0.1477832512315271,0.0049261083743842365,0.45751463970029727,0.83,0.83,0.12,0.9763721420692416,0.15043775088730396,0.0,-0.13036969387961797,0.0,0.0,0.1625615763546798,0.35960591133004927,0.47783251231527096,0.270935960591133,0.270935960591133,nan,nan,0.17809623324243035,0.556406520253608,0.0136986301369863,0.061855670103092786,0.0,0.30790164571811607,0.1574638948308121,2.0297806466719783,20,20,7.305032253265381
903,,0.26764034773215495,0.00764686707806157,0.04071948826313019,0.75,0.75,0.75,0.9652509652509652,1.0,0.905511811023622,0.08661417322834646,0.007874015748031496,0.46993419957081123,1.6471428571428572,1.6471428571428572,0.5142857142857142,0.9070419977076366,0.29857193258950254,50.0,0.06279441406293504,0.5,0.2165455867728482,0.06692913385826772,0.8976377952755905,0.03543307086614173,0.1377952755905512,0.1377952755905512,nan,nan,0.3931081358262502,1.0313142197031422,0.008771929824561403,0.0,0.0,0.4198685363382284,0.12129660374872583,1.917737836151869,20,20,23.0993173122406
904,,0.24010754810429902,0.00960430192417196,-0.050039994344115254,1.0,1.0,1.0,1.0,1.0,0.7621359223300971,0.23300970873786409,0.0048543689320388345,0.49461344580352307,0.824,0.824,0.72,0.9883876224315121,0.10509472767447492,0.0,-0.8306505249538687,0.0,0.0,0.09223300970873786,0.7184466019417476,0.18932038834951456,0.25728155339805825,0.25728155339805825,nan,nan,0.16251485389875653,0.5689772101532874,0.0,0.07692307692307693,0.0,0.3046191712551404,0.19952444358066546,1.9913773276879698,20,20,7.1290388107299805
905,,0.25885109530090317,0.007190308202802866,0.060790416225790976,0.85,0.85,0.85,0.9806949806949807,0.0,0.8359375,0.1640625,0.0,0.4799320678550026,1.4430555555555555,1.4430555555555555,1.0833333333333333,0.9369005965638614,0.23411818649623994,0.0,0.0,0.0,0.0,0.0703125,0.85546875,0.07421875,0.1953125,0.1953125,nan,nan,0.3448448900442952,0.9146518525985201,0.0,0.3157894736842105,0.0,0.36104863082869654,0.1269304443324566,1.851534138872352,20,20,12.860029697418213
906,,0.23421549111763315,0.006888690915224504,0.033857157453894615,0.85,0.85,0.85,0.9920634920634921,0.0,0.6852589641434262,0.3147410358565737,0.0,0.4932432904442334,1.1705882352941177,1.1705882352941177,1.3529411764705883,0.9497802330542956,0.2673672658885088,0.0,0.0,0.0,0.0,0.07171314741035857,0.7888446215139442,0.1394422310756972,0.28286852589641437,0.28286852589641437,nan,nan,0.26889947139553694,0.8761024635083214,0.0,0.45714285714285713,0.0,0.3587736820412379,0.09140641615272907,1.9132538269113528,20,20,11.550714254379272
907,,0.24469812279062841,0.009062893436689942,0.009195411577820778,0.95,0.95,0.95,0.98989898989899,0.0,0.766497461928934,0.233502538071066,0.0,0.49983142648858053,0.8018518518518518,0.8018518518518518,0.4444444444444444,0.968365621888663,0.2049977213687395,0.0,0.0,0.0,0.0,0.10152284263959391,0.7868020304568528,0.1116751269035533,0.27411167512690354,0.27411167512690354,nan,nan,0.18414223910076064,0.6209696041766565,0.0,0.09090909090909091,0.0,0.31685370188466977,0.11185598051593025,1.9469200350264966,20,20,7.2217934131622314
908,,0.18788550801793935,0.02348568850224242,0.08590197861194611,1.0,1.0,1.0,1.0,0.0,0.6850393700787402,0.31496062992125984,0.0,0.5002101781778038,0.0625,0.0625,1.125,0.998608998152013,0.029583622288129274,0.0,0.0,0.0,0.0,0.1968503937007874,0.2047244094488189,0.5984251968503937,0.2283464566929134,0.2283464566929134,nan,nan,0.024894744395041832,0.08705118501365805,0.0,0.23684210526315788,0.0,0.20450127617870165,0.17491765389057237,2.1104225855199448,20,20,2.175849676132202
909,,0.2542656588266992,0.006691201548071032,0.020381015352904798,0.95,0.95,0.95,0.9960629921259843,0.0,0.7351778656126482,0.2648221343873518,0.0,0.49058395997884585,1.0710526315789475,1.0710526315789475,1.5,0.9420451957088041,0.28721142028018776,0.0,0.0,0.0,0.0,0.09881422924901186,0.7272727272727273,0.17391304347826086,0.25296442687747034,0.25296442687747034,nan,nan,0.2678361040753261,0.8395409856975468,0.0,0.36363636363636365,0.0,0.39822031923148893,0.11100889895130119,1.8268048497547849,20,20,12.409270763397217
910,,0.23793024465488247,0.009913760193953436,-0.0030898982658982277,1.0,1.0,1.0,1.0,0.0,0.6699507389162561,0.33004926108374383,0.0,0.4933627877908293,0.7895833333333333,0.7895833333333333,1.3333333333333333,0.9767731835523482,0.125433657864061,0.0,0.0,0.0,0.0,0.12807881773399016,0.6354679802955665,0.23645320197044334,0.3399014778325123,0.3399014778325123,nan,nan,0.1546283750940722,0.5264230018186707,0.0,0.16666666666666666,0.0,0.31393626307546885,0.18850260521140785,1.774640944342667,20,20,6.8643622398376465
911,,0.2197142488743296,0.008450548033628063,0.030801837518811225,0.95,0.95,0.95,0.9948453608247423,0.0,0.634020618556701,0.36597938144329895,0.0,0.5007229368976998,0.5961538461538461,0.5961538461538461,1.3461538461538463,0.9462189789754311,0.26006622481353625,0.0,0.0,0.0,0.0,0.1134020618556701,0.7268041237113402,0.15979381443298968,0.3402061855670103,0.3402061855670103,nan,nan,0.13505973600582302,0.4753489308217385,0.0,0.16129032258064516,0.0,0.29381567417737775,0.0337494493638415,2.0660558473691815,20,20,6.773597002029419
912,,0.2438009075572244,0.007864545405071754,-0.0057346407324075695,1.0,1.0,1.0,1.0,0.0,0.5670498084291188,0.4329501915708812,0.0,0.4988763470563196,1.0338709677419355,1.0338709677419355,3.032258064516129,0.9740833541924682,0.16485214148311866,0.0,0.0,0.0,0.0,0.07279693486590039,0.6819923371647509,0.24521072796934865,0.31417624521072796,0.31417624521072796,nan,nan,0.20951779103742785,0.741033562023347,0.0,0.5,0.0,0.34414556374504723,0.17929342226192857,2.0617119987557344,20,20,12.440543174743652
913,,0.18973397208195655,0.018973397208195655,-0.018125391192734243,1.0,1.0,1.0,1.0,1.0,0.937007874015748,0.05511811023622047,0.007874015748031496,0.4873236628063023,0.075,0.075,1.1,0.9995522062963318,0.015227134663688496,0.0,-0.05128349784688016,0.0,0.0,0.15748031496062992,0.13385826771653545,0.7086614173228346,0.1732283464566929,0.1732283464566929,nan,nan,0.032681676563842785,0.10853250522745175,0.0,0.022222222222222223,0.011111111111111112,0.19757906336834652,0.18235192870465802,1.7893132679046904,20,20,3.1380228996276855
914,,0.23005512584824933,0.010457051174920424,0.009219642356038093,1.0,1.0,1.0,1.0,0.0,0.6494845360824743,0.35051546391752575,0.0,0.5129453162070025,0.6022727272727273,0.6022727272727273,1.7272727272727273,0.9812937210711776,0.12100705713698603,0.0,0.0,0.0,0.0,0.11855670103092783,0.4329896907216495,0.4484536082474227,0.26804123711340205,0.26804123711340205,nan,nan,0.1210622851675271,0.46132399589416595,0.0,0.26436781609195403,0.0,0.31343733346759206,0.19243027633060603,1.892557391038998,20,20,6.565935373306274
915,,0.1930551014155236,0.019305510141552358,-0.012618067115545273,1.0,1.0,1.0,1.0,0.0,0.9925373134328358,0.007462686567164179,0.0,0.48693826407194135,0.18,0.18,0.6,0.9988995871617273,0.028176395744452354,0.0,0.0,0.0,0.0,0.1417910447761194,0.1417910447761194,0.7164179104477612,0.14925373134328357,0.14925373134328357,nan,nan,0.04138276788243355,0.08810548284583393,0.0,0.0,0.0,0.20835190883551377,0.18017551309106142,1.7056712809064765,20,20,4.185213088989258
916,,0.2521742516951966,0.007641643990763533,0.043561162613332274,0.9,0.9,0.9,0.9924242424242424,0.0,0.8859315589353612,0.11406844106463879,0.0,0.48936859303520935,1.396969696969697,1.396969696969697,0.48484848484848486,0.9522585946961521,0.23819883884255066,0.0,0.0,0.0,0.0,0.10646387832699619,0.6121673003802282,0.2813688212927757,0.22053231939163498,0.22053231939163498,nan,nan,0.29640947556437297,0.8338053546179095,0.0,0.0,0.0,0.379637090846854,0.14143825200430332,2.036816607291585,20,20,12.410638332366943
917,,0.1918409931024272,0.02131566590026969,0.0008736040443181991,1.0,1.0,1.0,1.0,0.0,0.9603174603174603,0.03968253968253968,0.0,0.48973192241456776,0.07222222222222222,0.07222222222222222,0.0,0.9990925395106781,0.02446102001662004,0.0,0.0,0.0,0.0,0.15079365079365079,0.4444444444444444,0.40476190476190477,0.16666666666666666,0.16666666666666666,nan,nan,0.02138973983741289,0.06557571154224771,0.0,0.0196078431372549,0.0,0.2009481043978317,0.17648708438121166,1.7486174771456353,20,20,1.880979061126709
918,,0.23291341620573605,0.009704725675239003,0.021568356826901437,0.95,0.95,0.95,0.9898477157360406,0.0,0.9030612244897959,0.09693877551020408,0.0,0.5022923650724503,1.0,1.0,0.16666666666666666,0.9592846804581087,0.22350001514382656,0.0,0.0,0.0,0.0,0.12755102040816327,0.6428571428571429,0.22959183673469388,0.21428571428571427,0.21428571428571427,nan,nan,0.20167393733103342,0.5996454611469865,0.0,0.0,0.0,0.31574183935643263,0.09224182421260607,1.9988006462401078,20,20,7.399388551712036
919,,0.22458624037310665,0.006416749724945904,0.03323205523192883,0.7,0.7,0.7,0.9699248120300752,0.0,0.8730769230769231,0.12692307692307692,0.0,0.5012005577821816,1.4714285714285715,1.4714285714285715,0.6285714285714286,0.9108164990416459,0.24407541889566892,0.0,0.0,0.0,0.0,0.08076923076923077,0.7653846153846153,0.15384615384615385,0.17307692307692307,0.17307692307692307,nan,nan,0.33760007099457295,0.9878000184571337,0.0,0.175,0.0,0.33620465118919407,0.09212923229352515,1.9756185512069888,20,20,13.291227102279663
920,,0.241028849026939,0.009641153961077559,-0.008809726685285568,1.0,1.0,1.0,1.0,0.0,0.9317073170731708,0.06829268292682927,0.0,0.485419292524457,0.85,0.85,0.4,0.9799655059162143,0.1396596423867252,0.0,0.0,0.0,0.0,0.11707317073170732,0.624390243902439,0.25853658536585367,0.18048780487804877,0.18048780487804877,nan,nan,0.16430101703563238,0.4501965983052583,0.0,0.018867924528301886,0.0,0.33025198204171347,0.19059233965498826,1.9433493801368242,20,20,7.163330316543579
921,,0.2585172876031905,0.010340691504127619,-0.010062895342707634,1.0,1.0,1.0,1.0,1.0,0.868020304568528,0.12690355329949238,0.005076142131979695,0.49043533571064474,0.968,0.968,0.44,0.9742297845877795,0.14087020759838265,0.0,-0.09002712101400812,0.0,0.0,0.1065989847715736,0.6142131979695431,0.27918781725888325,0.20304568527918782,0.20304568527918782,nan,nan,0.19927614084833947,0.673161310155998,0.008264462809917356,0.0,0.0,0.33671766907895234,0.1958474614805697,1.8496291494022403,20,20,6.8273537158966064
922,,0.18703589035196122,0.023379486293995153,0.11927028000354767,1.0,1.0,1.0,1.0,0.0,0.9565217391304348,0.043478260869565216,0.0,0.5049787214025855,0.08125,0.08125,1.0,0.9977326793728828,0.03266013555398811,0.0,0.0,0.0,0.0,0.18115942028985507,0.30434782608695654,0.5144927536231884,0.1956521739130435,0.1956521739130435,nan,nan,0.021825482813209274,0.07273693009837441,0.0,0.0,0.0,0.20468628530378288,0.17202614974979477,1.7660670887931893,20,20,2.260608196258545
923,,0.22626010222547827,0.008380003786128824,0.08298611119389535,0.7,0.7,0.7,0.9408866995073891,0.0,0.9030612244897959,0.09693877551020408,0.0,0.492770641911085,1.2462962962962962,1.2462962962962962,0.25925925925925924,0.9526502477819339,0.19631617953256808,0.0,0.0,0.0,0.0,0.09183673469387756,0.8571428571428571,0.05102040816326531,0.18877551020408162,0.18877551020408162,nan,nan,0.28872256627850623,0.9321926582018857,0.0,0.0,0.0,0.2923126665870734,0.09599648705450531,1.7285116299134569,20,20,7.356205463409424
924,,0.2531009774864616,0.010124039099458464,0.04989619702100754,0.95,0.95,0.95,0.9950738916256158,0.0,0.8960396039603961,0.10396039603960396,0.0,0.4792590883150697,1.028,1.028,0.2,0.9703037693800006,0.17936178416780252,0.0,0.0,0.0,0.0,0.09900990099009901,0.6089108910891089,0.29207920792079206,0.16831683168316833,0.16831683168316833,nan,nan,0.21700480220938634,0.6895838964779893,0.0,0.0847457627118644,0.0,0.3372721329597185,0.15791034879191596,2.059318403535117,20,20,10.35691785812378
925,,0.19192587304946182,0.021325097005495758,0.007725630328059197,1.0,1.0,1.0,1.0,1.0,0.9338842975206612,0.05785123966942149,0.008264462809917356,0.5034037838276062,0.1,0.1,0.0,0.9993016546431371,0.021198330027756646,0.0,-0.06313037336271549,0.0,0.0,0.19834710743801653,0.4628099173553719,0.33884297520661155,0.23140495867768596,0.23140495867768596,nan,nan,0.021281769830726875,0.07434801145139229,0.017857142857142856,0.024390243902439025,0.0,0.20209093024331462,0.18089260021555797,1.649989480314828,20,20,2.031447172164917
926,,0.18989347885151248,0.021099275427945832,-0.008163551799952984,1.0,1.0,1.0,1.0,0.0,0.9689922480620154,0.031007751937984496,0.0,0.49078884760124813,0.09444444444444444,0.09444444444444444,0.2222222222222222,0.999117181618895,0.01999658522032463,0.0,0.0,0.0,0.0,0.1937984496124031,0.26356589147286824,0.5426356589147286,0.20930232558139536,0.20930232558139536,nan,nan,0.025398282118270783,0.06875219533949442,0.0,0.02857142857142857,0.0,0.19880546455203826,0.17880887933171363,1.638087239161207,20,20,2.229886531829834
927,,0.18995423581955675,0.023744279477444594,-0.00758317606523633,1.0,1.0,1.0,1.0,0.0,0.9689922480620154,0.031007751937984496,0.0,0.49088753563701176,0.0625,0.0625,0.375,0.9988326063711728,0.021104306768011727,0.0,0.0,0.0,0.0,0.20930232558139536,0.3643410852713178,0.4263565891472868,0.23255813953488372,0.23255813953488372,nan,nan,0.01963257727959702,0.06867564921797259,0.0,0.01818181818181818,0.0,0.2001674270637669,0.17906312029575516,1.640233970637683,20,20,2.1190083026885986
928,,0.22798637183229323,0.008768706608934355,0.025926508381962775,0.85,0.85,0.85,0.9753694581280788,0.0,0.9,0.1,0.0,0.47888354318610465,1.0076923076923077,1.0076923076923077,0.5,0.9584803160523762,0.22465224101755465,0.0,0.0,0.0,0.0,0.12,0.48,0.4,0.22,0.22,nan,nan,0.22574015012489979,0.7245910192204459,0.0,0.0,0.0,0.3516954367473867,0.12704319572983203,1.811815244848715,20,20,8.689970254898071
929,,0.25363799331101333,0.007246799808886095,0.01453147605061531,0.8,0.8,0.8,0.9770992366412213,0.0,0.7915057915057915,0.2084942084942085,0.0,0.4792495153604874,1.5357142857142858,1.5357142857142858,1.2857142857142858,0.960925489144686,0.20029630052283834,0.0,0.0,0.0,0.0,0.07722007722007722,0.6911196911196911,0.23166023166023167,0.23552123552123552,0.23552123552123552,nan,nan,0.36066168087951944,1.0367198215148874,0.0,0.15,0.0,0.347887479671501,0.14759117914866268,1.683855116379541,20,20,13.494937658309937
930,,0.25337192153190136,0.010134876861276055,0.042203881219029425,1.0,1.0,1.0,1.0,1.0,0.9178743961352657,0.07246376811594203,0.00966183574879227,0.4727753892459441,0.962,0.962,0.28,0.9714391801424965,0.15471732386605197,0.0,-0.55867784863962,0.0,0.0,0.08695652173913043,0.6811594202898551,0.2318840579710145,0.15942028985507245,0.15942028985507245,nan,nan,0.19208258781594129,0.6394513048266621,0.014184397163120567,0.0,0.0,0.3542800231403737,0.19956269927432174,2.095081066877601,20,20,13.380494832992554
931,,0.2665909694185722,0.008078514224805218,0.012393037229776383,0.9,0.9,0.9,0.9844961240310077,0.0,0.7322834645669292,0.2677165354330709,0.0,0.48780270711956264,1.343939393939394,1.343939393939394,1.5454545454545454,0.9757759323202171,0.18737387222962654,0.0,0.0,0.0,0.0,0.08267716535433071,0.5354330708661418,0.38188976377952755,0.20078740157480315,0.20078740157480315,nan,nan,0.301586886122753,0.871030684844071,0.0,0.32989690721649484,0.0,0.38207836690873215,0.1947044946791056,1.7509359774902344,20,20,15.777229309082031
932,,0.2453728660739075,0.007010653316397357,-0.009190048091113567,0.95,0.95,0.95,0.996,0.0,0.6987951807228916,0.30120481927710846,0.0,0.4894849100309823,1.167142857142857,1.167142857142857,1.5142857142857142,0.9829275645023322,0.11960384967193555,0.0,0.0,0.0,0.0,0.06827309236947791,0.8433734939759037,0.08835341365461848,0.3172690763052209,0.3172690763052209,nan,nan,0.2728164721126715,0.85127687283336,0.0,0.4090909090909091,0.0,0.3097408199468994,0.19013697027496385,1.9311107572052284,20,20,12.018243074417114
933,,0.241549450674323,0.0109795204851965,-0.0002070322632789612,1.0,1.0,1.0,1.0,0.0,0.75,0.25,0.0,0.4982658465879715,0.8090909090909091,0.8090909090909091,0.9090909090909091,0.9741610349602613,0.14366437239242114,0.0,0.0,0.0,0.0,0.09183673469387756,0.6887755102040817,0.2193877551020408,0.2193877551020408,0.2193877551020408,nan,nan,0.1473572360486645,0.5370473416711125,0.0,0.23255813953488372,0.0,0.34072525394413766,0.19706088155171653,2.0418442993583135,20,20,7.234800577163696
934,,0.23441980875107252,0.011162848035765357,-0.03215477988123894,1.0,1.0,1.0,1.0,0.0,0.7842105263157895,0.21578947368421053,0.0,0.48610355171064534,0.9833333333333333,0.9833333333333333,1.3333333333333333,0.9786434764278785,0.12808165125172194,0.0,0.0,0.0,0.0,0.1,0.48947368421052634,0.4105263157894737,0.23157894736842105,0.23157894736842105,nan,nan,0.18465405201829382,0.5934979259747896,0.0,0.15384615384615385,0.0,0.31854671058677986,0.19046505933505792,2.0050882083155783,20,20,7.516093969345093
935,,0.257450769514103,0.008304863532713,0.0222580935806036,1.0,1.0,1.0,1.0,0.0,0.7073170731707317,0.2926829268292683,0.0,0.4958837843349864,1.15,1.15,1.3225806451612903,0.9732641428806245,0.16871740692592052,0.0,0.0,0.0,0.0,0.11788617886178862,0.3861788617886179,0.4959349593495935,0.21138211382113822,0.21138211382113822,nan,nan,0.2543596970556003,0.853279800592414,0.0,0.2540983606557377,0.0,0.3513363014978544,0.18261889457193387,2.0869300570431184,20,20,11.607107162475586
936,,0.18834740253631826,0.023543425317039783,0.022547434270381927,1.0,1.0,1.0,1.0,0.0,0.6910569105691057,0.3089430894308943,0.0,0.5028611112385988,0.04375,0.04375,1.5,0.9982292402408958,0.02950972736960142,0.0,0.0,0.0,0.0,0.18699186991869918,0.4796747967479675,0.3333333333333333,0.3252032520325203,0.3252032520325203,nan,nan,0.01423648943599256,0.07294364378608544,0.0,0.2682926829268293,0.0,0.20656515914280119,0.17705543177319977,2.008449941143703,20,20,2.0478291511535645
937,,0.24401946643267372,0.009385364093564373,0.03953475803136826,0.85,0.85,0.85,0.9757281553398058,1.0,0.8669950738916257,0.12315270935960591,0.009852216748768473,0.4746348832608559,1.025,1.025,0.6153846153846154,0.947512537298618,0.2584486516697139,0.0,-0.234004559401845,0.0,0.0,0.10344827586206896,0.8275862068965517,0.06896551724137931,0.22167487684729065,0.22167487684729065,nan,nan,0.21658621346273685,0.7143015555562321,0.005952380952380952,0.0,0.0,0.38045022259982475,0.12200157093011083,2.002504562591127,20,20,14.48284125328064
938,,0.24469512010864383,0.01063891826559321,-0.03752460926771164,1.0,1.0,1.0,1.0,1.0,0.7073170731707317,0.28780487804878047,0.004878048780487805,0.493685318355489,0.7978260869565217,0.7978260869565217,0.9130434782608695,0.9750998358900693,0.15620439389994217,0.0,-0.07550651185059404,0.0,0.0,0.14634146341463414,0.6487804878048781,0.2048780487804878,0.28780487804878047,0.28780487804878047,nan,nan,0.15031294634629203,0.4864126152820974,0.0,0.16666666666666666,0.0,0.33711489271052414,0.18091049881058197,2.0850314239961856,20,20,6.804597854614258
939,,0.2283688966401829,0.009515370693340955,-0.030744051188230516,1.0,1.0,1.0,1.0,0.0,0.7718446601941747,0.22815533980582525,0.0,0.48908578541207437,0.6854166666666667,0.6854166666666667,0.8333333333333334,0.9798298272636389,0.10571056823420949,0.0,0.0,0.0,0.0,0.13106796116504854,0.5097087378640777,0.3592233009708738,0.2766990291262136,0.2766990291262136,nan,nan,0.13442687860738747,0.5061860961226524,0.0,0.17567567567567569,0.0,0.2867221825498115,0.18101161431560203,2.017142480675862,20,20,6.551615953445435
940,,0.19713873768344806,0.006797887506325795,0.08559583872556686,0.85,0.85,0.85,0.9852216748768473,1.0,0.7843137254901961,0.20098039215686275,0.014705882352941176,0.49158289814046746,0.6724137931034483,0.6724137931034483,0.6206896551724138,0.8359282035161222,0.32001093517577794,0.0,-0.23257488205032198,0.0,0.0,0.11764705882352941,0.5686274509803921,0.3137254901960784,0.25980392156862747,0.25980392156862747,nan,nan,0.15841622797274438,0.5284503200376628,0.008620689655172414,0.09375,0.015625,0.30481852509637963,-0.01519241007939831,2.190878379258464,20,20,9.737979650497437
941,,0.18967641739704258,0.021075157488560287,-0.029968125000596046,1.0,1.0,1.0,1.0,1.0,0.65625,0.3359375,0.0078125,0.5144176203964486,0.08333333333333333,0.08333333333333333,0.7777777777777778,0.9984113849271771,0.027792553220354815,0.0,-0.0974198630635961,0.0,0.0,0.1796875,0.328125,0.4921875,0.234375,0.234375,nan,nan,0.02800649799119056,0.10049183890015093,0.0,0.23809523809523808,0.0,0.20228691307059338,0.17449435985023856,2.041645976200717,20,20,2.375393867492676
942,,0.1919651974348026,0.01919651974348026,-0.019641242176294326,1.0,1.0,1.0,1.0,0.0,0.7185185185185186,0.2814814814814815,0.0,0.4924707900360227,0.08,0.08,0.5,0.9979208407095319,0.03252358729374691,0.0,0.0,0.0,0.0,0.24444444444444444,0.24444444444444444,0.5111111111111111,0.2740740740740741,0.2740740740740741,nan,nan,0.030083656369934958,0.13069924250644593,0.0,0.17391304347826086,0.0,0.2109519512466418,0.17842836395289488,1.9916931846977601,20,20,2.528257131576538
943,,0.1939665139037984,0.021551834878199824,-0.012255281023681164,1.0,1.0,1.0,1.0,0.0,0.8062015503875969,0.1937984496124031,0.0,0.49436386705686647,0.09444444444444444,0.09444444444444444,0.2222222222222222,0.9983880532932609,0.03368441024260593,0.0,0.0,0.0,0.0,0.15503875968992248,0.4108527131782946,0.43410852713178294,0.20155038759689922,0.20155038759689922,nan,nan,0.028453108371748487,0.10921836349859186,0.0,0.16071428571428573,0.0,0.21415187051508333,0.1804674602724774,2.0887207928508005,20,20,2.098914861679077
944,,0.2346642646217378,0.010666557482806264,-0.01304066888988018,1.0,1.0,1.0,1.0,0.0,0.7112299465240641,0.2887700534759358,0.0,0.5026021584423936,0.8431818181818181,0.8431818181818181,1.4545454545454546,0.9845555787632024,0.10690502585598463,0.0,0.0,0.0,0.0,0.11229946524064172,0.6096256684491979,0.27807486631016043,0.2727272727272727,0.2727272727272727,nan,nan,0.1723429362678482,0.5787432180612383,0.0,0.15384615384615385,0.0,0.3016932559569564,0.19478823010097177,2.0002929736000414,20,20,5.963379144668579
945,,0.23642397939079746,0.010279303451773802,0.020851622521877288,1.0,1.0,1.0,1.0,0.0,0.6820512820512821,0.3128205128205128,0.005128205128205128,0.48410719135857144,0.6978260869565217,0.6978260869565217,1.608695652173913,0.9806107270213963,0.13821728896695354,0.0,-0.07946567760191296,0.0,0.0,0.14358974358974358,0.6512820512820513,0.20512820512820512,0.30256410256410254,0.30256410256410254,nan,nan,0.14171985679485408,0.5925918022460267,0.0,0.175,0.0,0.3138940741913633,0.17567678522440974,2.1668922804244883,20,20,7.238219976425171
946,,0.2306879670246167,0.010485816682937122,0.025641605630517005,1.0,1.0,1.0,1.0,0.0,0.6262626262626263,0.37373737373737376,0.0,0.4869376225862652,0.725,0.725,1.6363636363636365,0.9845368780129278,0.10835233416364984,0.0,0.0,0.0,0.0,0.12121212121212122,0.1717171717171717,0.7070707070707071,0.18686868686868688,0.18686868686868688,nan,nan,0.16331801105913502,0.565751447757529,0.0,0.2785714285714286,0.0,0.29451727230146496,0.18616493813781512,2.38878364896112,20,20,6.813781499862671
947,,0.24116282219612042,0.01004845092483835,-0.029278916493058204,1.0,1.0,1.0,1.0,1.0,0.6831683168316832,0.297029702970297,0.019801980198019802,0.4839742846961599,0.8,0.8,0.9166666666666666,0.9769928964431381,0.16165500081205597,0.0,-0.14668176234931168,0.0,0.0,0.13861386138613863,0.7326732673267327,0.12871287128712872,0.3118811881188119,0.3118811881188119,nan,nan,0.16776266096058012,0.6920620893585109,0.0,0.038461538461538464,0.0,0.358510740041459,0.19685573922940303,1.9012173436468787,20,20,7.26658821105957
948,,0.18189503853127048,0.005867581888105499,0.17237043976783753,0.6,0.6,0.6,0.9384615384615385,0.6,0.851063829787234,0.09574468085106383,0.05319148936170213,0.4996062844616151,0.9838709677419355,0.9838709677419355,0.22580645161290322,0.8442879454462503,0.2783886823420915,0.0,-0.44320862652543563,0.0,0.0,0.10638297872340426,0.7393617021276596,0.15425531914893617,0.18085106382978725,0.18085106382978725,nan,nan,0.2723474895781784,0.8009874778205038,0.05755395683453238,0.0,0.0,0.30797403987527094,0.02958535753317941,2.0041225747293967,20,20,14.128597497940063
949,,0.2720451032907715,0.008001326567375632,0.034006543830037116,0.85,0.85,0.85,0.9661654135338346,1.0,0.8098859315589354,0.18631178707224336,0.0038022813688212928,0.4700199887745411,1.4955882352941177,1.4955882352941177,0.7352941176470589,0.9724666948967517,0.20474657508135413,0.0,-0.5553024252666585,0.0,0.0,0.08365019011406843,0.7984790874524715,0.11787072243346007,0.23193916349809887,0.23193916349809887,nan,nan,0.3356422310533275,0.984650106610277,0.004761904761904762,0.06451612903225806,0.0,0.3671723284863599,0.16242575340500576,1.9433233998053978,20,20,11.66589617729187
950,,0.19494714825372883,0.019494714825372884,-0.004895244911313057,1.0,1.0,1.0,1.0,1.0,0.921875,0.0703125,0.0078125,0.4982217747159302,0.14,0.14,0.0,0.9988964743266189,0.027107231517287056,100.0,0.023091573417950248,1.0,0.023091573417950248,0.140625,0.5546875,0.3046875,0.1796875,0.1796875,nan,nan,0.02783718027726273,0.08369312304123311,0.014084507042253521,0.05128205128205128,0.0,0.20875892771036683,0.18165169619307978,1.7457796482017502,20,20,2.2200162410736084
951,,0.18892822215180627,0.023616027768975784,-0.010309566371142864,1.0,1.0,1.0,1.0,1.0,0.8095238095238095,0.18253968253968253,0.007936507936507936,0.49811456925235686,0.075,0.075,0.0,0.9988933198958573,0.02861162729694608,0.0,-0.0059251137089329775,0.0,0.0,0.1984126984126984,0.38095238095238093,0.42063492063492064,0.29365079365079366,0.29365079365079366,nan,nan,0.017230457425842803,0.0914608453154658,0.0,0.03773584905660377,0.018867924528301886,0.20316088007684496,0.17454925277989888,1.6955214291189928,20,20,2.262669801712036
952,,0.19390651759900804,0.021545168622112004,-0.000491261575371027,1.0,1.0,1.0,1.0,0.0,0.855072463768116,0.14492753623188406,0.0,0.5040768104760597,0.1111111111111111,0.1111111111111111,0.5555555555555556,0.9986574029860475,0.029547551779514014,0.0,0.0,0.0,0.0,0.18115942028985507,0.5869565217391305,0.2318840579710145,0.21739130434782608,0.21739130434782608,nan,nan,0.027281133652395782,0.10984934687384736,0.0,0.15625,0.0,0.20805089977926872,0.1785033479997547,1.7589530386065022,20,20,2.4159982204437256
953,,0.22706917508240726,0.010321326140109421,-0.012868024595081805,1.0,1.0,1.0,1.0,1.0,0.46153846153846156,0.5282051282051282,0.010256410256410256,0.48648638932711696,0.5522727272727272,0.5522727272727272,4.545454545454546,0.9817845559122106,0.11149871943515782,50.0,-0.06144655630072869,0.5,0.0068237917884051424,0.1076923076923077,0.38974358974358975,0.5025641025641026,0.2,0.2,nan,nan,0.14039731292000354,0.4485896974882879,0.0,0.6020408163265306,0.02040816326530612,0.29549458743148904,0.18399586799633122,1.8694448085057869,20,20,7.018739938735962
954,,0.20536832403984479,0.007606234223697955,0.06265475749969482,0.75,0.75,0.75,0.9154228855721394,0.5,0.7577319587628866,0.16494845360824742,0.07731958762886598,0.4873933683804892,0.7796296296296297,0.7796296296296297,0.5185185185185185,0.8360078138199468,0.29521262065223486,6.666666666666667,-1.7188207421394925,0.06666666666666667,0.12005550664077763,0.12371134020618557,0.3247422680412371,0.5515463917525774,0.15979381443298968,0.15979381443298968,nan,nan,0.33469076226848876,0.6162163298356792,0.09523809523809523,0.037383177570093455,0.009345794392523364,0.2911047375100515,-0.004107883142183341,1.9250199015970428,20,20,14.749040126800537
955,,0.18862419338326808,0.02095824370925201,0.0030921153724193574,1.0,1.0,1.0,1.0,1.0,0.64,0.344,0.016,0.48178300536237656,0.08333333333333333,0.08333333333333333,2.111111111111111,0.9979851217331902,0.037523001346373874,0.0,-0.058509197191396994,0.0,0.0,0.192,0.472,0.336,0.32,0.32,nan,nan,0.025179374790016293,0.12868052332425448,0.0,0.2619047619047619,0.023809523809523808,0.21252979715370207,0.1750067958073282,2.27385493094901,20,20,2.1517248153686523
956,,0.23074559986346085,0.010032417385367863,0.025854864344000816,0.95,0.95,0.95,0.9953271028037384,1.0,0.647887323943662,0.3380281690140845,0.014084507042253521,0.4866333470882281,0.7869565217391304,0.7869565217391304,1.3043478260869565,0.9720893543611611,0.16913042734120703,0.0,-0.44071460047842564,0.0,0.0,0.12206572769953052,0.6619718309859155,0.215962441314554,0.3051643192488263,0.3051643192488263,nan,nan,0.14916465465294962,0.6314906190390521,0.014184397163120567,0.17391304347826086,0.0,0.3232116857833762,0.1540812584421692,2.233243355795182,20,20,8.054131984710693
957,,0.2240182719075948,0.006788432482048327,0.020324606075882913,0.95,0.95,0.95,0.9960474308300395,0.0,0.3359683794466403,0.6640316205533597,0.0,0.4774066542035364,0.5696969696969697,0.5696969696969697,5.212121212121212,0.9235924779823887,0.3208284584063329,0.0,0.0,0.0,0.0,0.11857707509881422,0.4743083003952569,0.40711462450592883,0.36363636363636365,0.36363636363636365,nan,nan,0.13577105853364188,0.6455335879914386,0.0,0.6601941747572816,0.0,0.3263845819596428,0.005556123553309894,2.405687992041645,20,20,11.295868158340454
958,,0.2542523096545625,0.007704615444077652,0.04465174339711666,0.9,0.9,0.9,0.996309963099631,0.0,0.7703703703703704,0.22962962962962963,0.0,0.4819467468081381,1.5212121212121212,1.5212121212121212,1.303030303030303,0.9414866418384943,0.23818236924939223,0.0,0.0,0.0,0.0,0.07407407407407407,0.8814814814814815,0.044444444444444446,0.26666666666666666,0.26666666666666666,nan,nan,0.3196691064022116,0.8329028345837515,0.0,0.16666666666666666,0.0,0.3513017024232881,0.11311933317389589,1.871868582227417,20,20,15.59709644317627
959,,0.24511431094876113,0.009078307812917078,0.00549469031393528,0.95,0.95,0.95,0.9948717948717949,0.0,0.7128205128205128,0.28717948717948716,0.0,0.48213643761765623,0.9,0.9,0.7777777777777778,0.967457942264965,0.20872446016371293,0.0,0.0,0.0,0.0,0.08717948717948718,0.7589743589743589,0.15384615384615385,0.2564102564102564,0.2564102564102564,nan,nan,0.2173544163724739,0.6701645031132568,0.0,0.3,0.0,0.33031913244788896,0.12159467228417602,1.663153815747395,20,20,6.790996789932251
960,,0.22922845775679251,0.010419475352581477,0.013518942520022392,1.0,1.0,1.0,1.0,0.0,0.7317073170731707,0.2682926829268293,0.0,0.4906351715934844,0.725,0.725,1.7727272727272727,0.9797500550899416,0.1529472944699957,0.0,0.0,0.0,0.0,0.09268292682926829,0.7560975609756098,0.15121951219512195,0.2731707317073171,0.2731707317073171,nan,nan,0.12816060616299646,0.43133976158288057,0.0,0.25806451612903225,0.0,0.32624290937138156,0.17329561490138587,1.6891624062507002,20,20,6.6569812297821045
961,,0.19260619819444938,0.021400688688272152,0.007941920217126608,1.0,1.0,1.0,1.0,0.0,0.8484848484848485,0.15151515151515152,0.0,0.48351103153286706,0.06111111111111111,0.06111111111111111,1.1111111111111112,0.9983624340669502,0.03207598277987303,0.0,0.0,0.0,0.0,0.16666666666666666,0.30303030303030304,0.5303030303030303,0.20454545454545456,0.20454545454545456,nan,nan,0.02833429138442465,0.07457896155332251,0.0,0.1,0.0,0.21191805779678005,0.17984207501690702,1.7099246850730438,20,20,3.0376338958740234
962,,0.2410379585190386,0.010479911239958199,-0.002210108935832977,1.0,1.0,1.0,1.0,0.0,0.6802030456852792,0.3197969543147208,0.0,0.489834830460503,0.8239130434782609,0.8239130434782609,0.9565217391304348,0.9814967465852236,0.12236275338301061,0.0,0.0,0.0,0.0,0.09644670050761421,0.7766497461928934,0.12690355329949238,0.3197969543147208,0.3197969543147208,nan,nan,0.16491600472067927,0.4803097642663305,0.0,0.2,0.0,0.32757882209378875,0.20521606871077813,1.652327306271526,20,20,6.592928647994995
963,,0.18713430381081986,0.020792700423424428,-0.0024850139394402503,1.0,1.0,1.0,1.0,0.0,0.7142857142857143,0.2857142857142857,0.0,0.48843141828353204,0.016666666666666666,0.016666666666666666,1.2222222222222223,0.9990228533867024,0.021600432475033682,0.0,0.0,0.0,0.0,0.17293233082706766,0.3383458646616541,0.48872180451127817,0.24812030075187969,0.24812030075187969,nan,nan,0.020749295066425734,0.12393383992813903,0.0,0.15384615384615385,0.0,0.19737837811331826,0.17577794563828458,2.2591973799960168,20,20,2.4148566722869873
964,,0.24375029153186373,0.00937501121276399,0.052743644639849666,0.95,0.95,0.95,0.9948717948717949,1.0,0.8256410256410256,0.1641025641025641,0.010256410256410256,0.480718118375024,0.9423076923076923,0.9423076923076923,0.6153846153846154,0.9564546229659928,0.2478838229599104,0.0,-0.4350467837722196,0.0,0.0,0.09743589743589744,0.8564102564102564,0.046153846153846156,0.23076923076923078,0.23076923076923078,nan,nan,0.21129983223118542,0.5479689125948451,0.011976047904191617,0.0,0.0,0.3169424397442198,0.06905861678430941,1.612661573734266,20,20,7.06625509262085
965,,0.22662721337156233,0.009853357103111405,-0.042296182736754416,1.0,1.0,1.0,1.0,0.0,0.6051282051282051,0.39487179487179486,0.0,0.4950155005618201,0.6478260869565218,0.6478260869565218,1.565217391304348,0.9817079338135307,0.13186335404924399,0.0,0.0,0.0,0.0,0.13846153846153847,0.5076923076923077,0.35384615384615387,0.2153846153846154,0.2153846153846154,nan,nan,0.14822988925271058,0.48587555737924615,0.0,0.463768115942029,0.0,0.31814951590338053,0.18628616185413654,1.8397679416586623,20,20,6.242098331451416
966,,0.24204172380862396,0.010523553209070608,-0.011067880503833293,1.0,1.0,1.0,1.0,0.0,0.7836538461538461,0.21634615384615385,0.0,0.4778665334613913,0.9,0.9,0.8695652173913043,0.9846059842150201,0.12458907181193676,0.0,0.0,0.0,0.0,0.11057692307692307,0.4567307692307692,0.4326923076923077,0.23076923076923078,0.23076923076923078,nan,nan,0.1781665231665304,0.547588949666464,0.0,0.13333333333333333,0.0,0.32130393460407525,0.19671486279213848,1.6050347171935426,20,20,8.28197717666626
967,,0.24441136581845654,0.009052272808090983,0.018375960923731328,0.95,0.95,0.95,0.9900497512437811,0.0,0.8,0.2,0.0,0.4720766772766149,0.8611111111111112,0.8611111111111112,0.8518518518518519,0.9405423018786643,0.3138167936878453,0.0,0.0,0.0,0.0,0.115,0.78,0.105,0.27,0.27,nan,nan,0.19275954063722767,0.5766601374080356,0.0,0.14285714285714285,0.0,0.3441495226140189,0.03033272892617353,1.8379966834765706,20,20,8.5016610622406
968,,0.24699439113761723,0.009147940412504342,0.020464814826846124,0.95,0.95,0.95,0.9902439024390244,1.0,0.8186274509803921,0.17647058823529413,0.004901960784313725,0.48573519777575574,0.8870370370370371,0.8870370370370371,0.37037037037037035,0.968910604380547,0.18491556833650166,0.0,-0.035071038020985656,0.0,0.0,0.10294117647058823,0.8235294117647058,0.07352941176470588,0.25980392156862747,0.25980392156862747,nan,nan,0.19468414206723797,0.5873546827578109,0.005952380952380952,0.0,0.0,0.3128221442750613,0.1279065759385596,1.71949912772766,20,20,8.295073986053467
969,,0.24163997899518938,0.010506086043269103,-0.012215268984436988,1.0,1.0,1.0,1.0,1.0,0.8115942028985508,0.18357487922705315,0.004830917874396135,0.47469799597545165,0.9195652173913044,0.9195652173913044,0.6086956521739131,0.9723610850002471,0.12350857041631225,0.0,-0.21224759067691454,0.0,0.0,0.15458937198067632,0.5072463768115942,0.33816425120772947,0.2560386473429952,0.2560386473429952,nan,nan,0.16751677760047778,0.5854339451391137,0.009523809523809525,0.12857142857142856,0.0,0.30918807733518205,0.1856795069188698,1.9371734289859226,20,20,6.6613688468933105
970,,0.23816013565228056,0.010354788506620893,-0.004159670695662499,1.0,1.0,1.0,1.0,0.0,0.8549222797927462,0.14507772020725387,0.0,0.47828766126185657,0.7739130434782608,0.7739130434782608,0.5217391304347826,0.9743498523414416,0.12653533643264775,0.0,0.0,0.0,0.0,0.14507772020725387,0.3160621761658031,0.538860103626943,0.20725388601036268,0.20725388601036268,nan,nan,0.16384173323137083,0.622914199391176,0.0,0.09615384615384616,0.0,0.3235459026435149,0.19701056621086716,1.800931869107951,20,20,6.085359573364258
971,,0.19060214752133445,0.021178016391259383,0.017877917923033237,1.0,1.0,1.0,1.0,0.0,0.9765625,0.0234375,0.0,0.4886364289042022,0.08333333333333333,0.08333333333333333,0.8888888888888888,0.9988297761597047,0.024426323273463252,0.0,0.0,0.0,0.0,0.1953125,0.15625,0.6484375,0.21875,0.21875,nan,nan,0.02425846098508925,0.06738978016903915,0.0,0.0,0.0,0.20060819402603286,0.1761818707525696,1.5851224448081573,20,20,3.3539161682128906
972,,0.2354545267316271,0.0102371533361577,0.027891917899250985,0.95,0.95,0.95,0.995,0.0,0.89,0.11,0.0,0.47001767960660484,0.8847826086956522,0.8847826086956522,0.34782608695652173,0.9757640780177171,0.15412894331660767,0.0,0.0,0.0,0.0,0.125,0.735,0.14,0.235,0.235,nan,nan,0.16364057622418143,0.5492871178592622,0.0,0.0,0.0,0.29524653293092396,0.14111758961431628,1.5910011451537662,20,20,6.171602964401245
973,,0.19224984900440087,0.021361094333822318,0.00024433434009552,1.0,1.0,1.0,1.0,1.0,0.8646616541353384,0.12781954887218044,0.007518796992481203,0.4960880820535951,0.07777777777777778,0.07777777777777778,0.0,0.9973402031304336,0.04922536765245783,100.0,0.037109045653376735,1.0,0.037109045653376735,0.15789473684210525,0.3458646616541353,0.49624060150375937,0.2631578947368421,0.2631578947368421,nan,nan,0.02327584069175647,0.07611167394758166,0.0,0.06060606060606061,0.015151515151515152,0.22523644791196365,0.17601108025950582,1.7878365645416574,20,20,2.291041135787964
974,,0.24798166026975837,0.011808650489036112,0.048657971620559695,1.0,1.0,1.0,1.0,0.0,0.9020618556701031,0.0979381443298969,0.0,0.4757259275054648,1.0166666666666666,1.0166666666666666,0.14285714285714285,0.9858897933434151,0.11065631782425459,0.0,0.0,0.0,0.0,0.10309278350515463,0.6082474226804123,0.28865979381443296,0.19072164948453607,0.19072164948453607,nan,nan,0.1790700088128268,0.4877878618765129,0.0,0.03571428571428571,0.0,0.3069093049360798,0.19625298711182523,1.8751456819363856,20,20,5.623273134231567
975,,0.2533699555078912,0.0079178111096216,0.01919676922261715,0.8,0.8,0.8,0.9798387096774194,0.0,0.8292682926829268,0.17073170731707318,0.0,0.48621171848790257,1.56875,1.56875,0.40625,0.9419048437218326,0.21540212327713804,0.0,0.0,0.0,0.0,0.07317073170731707,0.8455284552845529,0.08130081300813008,0.2032520325203252,0.2032520325203252,nan,nan,0.3457021608244891,0.9670884112748226,0.0,0.1,0.0,0.3314054636881909,0.11600334041105285,1.7117843107339672,20,20,11.863781452178955
976,,0.18905047441233247,0.018905047441233246,0.017660272493958473,1.0,1.0,1.0,1.0,0.0,0.8507462686567164,0.14925373134328357,0.0,0.4704368852637708,0.08,0.08,0.1,0.9988670158878007,0.023232970353788907,0.0,0.0,0.0,0.0,0.20149253731343283,0.06716417910447761,0.7313432835820896,0.22388059701492538,0.22388059701492538,nan,nan,0.027982132105461598,0.07510616067285243,0.0,0.1326530612244898,0.0,0.19937780496753554,0.17614483461374664,1.736575991980484,20,20,2.4486541748046875
977,,0.19004953775486522,0.021116615306096136,-0.00906327897682786,1.0,1.0,1.0,1.0,0.0,0.9694656488549618,0.030534351145038167,0.0,0.5055837687829302,0.016666666666666666,0.016666666666666666,0.8888888888888888,0.999063933866824,0.020383364738562337,0.0,0.0,0.0,0.0,0.17557251908396945,0.19083969465648856,0.6335877862595419,0.183206106870229,0.183206106870229,nan,nan,0.022146303900190397,0.0570867843241747,0.0,0.012048192771084338,0.0,0.20017269842794652,0.17978933368938418,1.6009859704279168,20,20,3.380025863647461
978,,0.2613171102343753,0.0113616134884511,0.05529615879058838,1.0,1.0,1.0,1.0,1.0,0.8663366336633663,0.12871287128712872,0.0049504950495049506,0.4933329734599481,1.184782608695652,1.184782608695652,0.5217391304347826,0.9742907680129724,0.15871520939979455,0.0,-0.10237766935516135,0.0,0.0,0.0891089108910891,0.8861386138613861,0.024752475247524754,0.21782178217821782,0.21782178217821782,nan,nan,0.2232590604364964,0.6401838033731099,0.00558659217877095,0.0,0.0,0.34092214954170263,0.18220694014190808,1.742993647297788,20,20,6.999006748199463
979,,0.2190734871423506,0.008762939485694024,0.038315366953611374,0.85,0.85,0.85,0.9901960784313726,0.0,0.8627450980392157,0.1323529411764706,0.004901960784313725,0.49962579289637504,1.008,1.008,0.68,0.9336594168759366,0.2537652929793867,0.0,-0.4121255588287821,0.0,0.0,0.12254901960784313,0.4068627450980392,0.47058823529411764,0.22058823529411764,0.22058823529411764,nan,nan,0.21022486652361952,0.6728449791446626,0.0,0.08333333333333333,0.010416666666666666,0.3306925355873205,0.07692724260793377,2.0838686829601043,20,20,7.253351926803589
980,,0.24291753431631738,0.008996945715419162,-0.008275727741420269,0.95,0.95,0.95,0.9904306220095693,0.0,0.8701923076923077,0.12980769230769232,0.0,0.5230162438246663,0.8555555555555555,0.8555555555555555,0.07407407407407407,0.9746511031829799,0.13593524505874302,0.0,0.0,0.0,0.0,0.14423076923076922,0.28846153846153844,0.5673076923076923,0.23557692307692307,0.23557692307692307,nan,nan,0.2014795127445122,0.7107728745026589,0.0,0.03389830508474576,0.0,0.3192738261117345,0.18333858105299147,1.8079426519287012,20,20,7.1663336753845215
981,,0.18941608196613557,0.023677010245766947,0.02277543395757675,1.0,1.0,1.0,1.0,1.0,0.9701492537313433,0.022388059701492536,0.007462686567164179,0.497090773191303,0.05,0.05,0.875,0.9974738215876707,0.03926541136828657,0.0,-0.011702798320494916,0.0,0.0,0.1417910447761194,0.44776119402985076,0.41044776119402987,0.14925373134328357,0.14925373134328357,nan,nan,0.01779375217194427,0.06212087996723047,0.0,0.01818181818181818,0.01818181818181818,0.21478460164738888,0.17551919027910232,1.6551741702665776,20,20,3.453244686126709
982,,0.22922035494826393,0.006549152998521827,0.04126729145646095,0.65,0.65,0.65,0.9652509652509652,0.0,0.8627450980392157,0.13725490196078433,0.0,0.49467779097280334,1.5271428571428571,1.5271428571428571,0.7142857142857143,0.9106966897581439,0.2634767198719662,0.0,0.0,0.0,0.0,0.07450980392156863,0.8745098039215686,0.050980392156862744,0.19607843137254902,0.19607843137254902,nan,nan,0.355948502812903,0.9321810000857039,0.0,0.0,0.0,0.3585008915287399,0.09502417165677368,1.6312414318852022,20,20,16.83491611480713
983,,0.2563296971921454,0.010680404049672724,0.012863321229815483,1.0,1.0,1.0,1.0,0.0,0.8130841121495327,0.18691588785046728,0.0,0.49877606871305036,0.9270833333333334,0.9270833333333334,0.3333333333333333,0.9779749150742938,0.13701361082576052,0.0,0.0,0.0,0.0,0.13551401869158877,0.6355140186915887,0.22897196261682243,0.2757009345794392,0.2757009345794392,nan,nan,0.1771708913508602,0.5549935536803471,0.0,0.08163265306122448,0.0,0.33052656625553006,0.19351295542976954,1.8002409953169975,20,20,8.052231788635254
984,,0.22142439500160943,0.008516322884677286,0.028957156091928483,0.85,0.85,0.85,0.9795918367346939,0.0,0.8814432989690721,0.11855670103092783,0.0,0.5110171746283483,1.0461538461538462,1.0461538461538462,0.38461538461538464,0.9393801463034561,0.24452007271025844,0.0,0.0,0.0,0.0,0.06701030927835051,0.7061855670103093,0.2268041237113402,0.17525773195876287,0.17525773195876287,nan,nan,0.23837121484028573,0.7747085610831624,0.0,0.0,0.0,0.309749713861133,0.06522964115087455,1.839420598047652,20,20,8.082048892974854
985,,0.24108097531572578,0.01004504063815524,-0.01886120028793812,1.0,1.0,1.0,1.0,0.0,0.7905759162303665,0.2094240837696335,0.0,0.5074046823661774,0.825,0.825,0.6666666666666666,0.9705613818527351,0.1469471316605823,0.0,0.0,0.0,0.0,0.13089005235602094,0.43455497382198954,0.43455497382198954,0.19895287958115182,0.19895287958115182,nan,nan,0.18575383441905566,0.5880762486316573,0.0,0.1566265060240964,0.0,0.331400466446952,0.1844533347863697,1.9656929988973575,20,20,7.680349826812744
986,,0.19455849003414005,0.024319811254267507,0.02009800598025322,1.0,1.0,1.0,1.0,0.0,0.8939393939393939,0.10606060606060606,0.0,0.5075177861377597,0.05625,0.05625,0.0,0.9980381550337525,0.030023715477234647,0.0,0.0,0.0,0.0,0.1893939393939394,0.5,0.3106060606060606,0.22727272727272727,0.22727272727272727,nan,nan,0.020304702524970304,0.07491532160687991,0.0,0.07317073170731707,0.0,0.2114355939033259,0.18141187842609124,1.551214327633977,20,20,1.8857548236846924
987,,0.23158366632700617,0.009263346653080247,0.02498329058289528,0.95,0.95,0.95,0.9951923076923077,0.0,0.8990384615384616,0.10096153846153846,0.0,0.5136790771558881,0.87,0.87,0.56,0.9415305890947214,0.26856676094043946,0.0,0.0,0.0,0.0,0.13942307692307693,0.7403846153846154,0.1201923076923077,0.21153846153846154,0.21153846153846154,nan,nan,0.17184978511452004,0.48943005624830144,0.0,0.08,0.0,0.30131872056760683,0.03275195962716737,1.7771923849362579,20,20,6.745585203170776
988,,0.18772985131010397,0.02085887236778933,-0.004060511384159327,1.0,1.0,1.0,1.0,0.0,0.9307692307692308,0.06923076923076923,0.0,0.5262035183608532,0.03888888888888889,0.03888888888888889,1.0,0.9987239544298,0.024625305588308083,0.0,0.0,0.0,0.0,0.19230769230769232,0.16923076923076924,0.6384615384615384,0.2076923076923077,0.2076923076923077,nan,nan,0.020045476439326877,0.06667499999289073,0.0,0.03614457831325301,0.0,0.20148438998633944,0.17685908439803136,1.772791533110321,20,20,2.7950758934020996
989,,0.24534987653955795,0.010222911522481582,0.010893527418375015,1.0,1.0,1.0,1.0,1.0,0.7941176470588235,0.20098039215686275,0.004901960784313725,0.5165633740136399,0.8833333333333333,0.8833333333333333,0.4166666666666667,0.9684384301319098,0.17089180251515806,0.0,-0.5480074818200051,0.0,0.0,0.1323529411764706,0.5392156862745098,0.3284313725490196,0.2647058823529412,0.2647058823529412,nan,nan,0.17693225280059643,0.7136335407860998,0.00909090909090909,0.11940298507462686,0.0,0.3642774810963264,0.19338567858116834,1.913001662769988,20,20,6.5871782302856445
990,,0.19040153899301107,0.019040153899301106,0.015154306963086128,1.0,1.0,1.0,1.0,1.0,0.9411764705882353,0.051470588235294115,0.007352941176470588,0.5035516668483615,0.105,0.105,0.0,0.997750358309976,0.034052995524765095,0.0,-0.008705423638422069,0.0,0.0,0.18382352941176472,0.4852941176470588,0.33088235294117646,0.21323529411764705,0.21323529411764705,nan,nan,0.022954055560725255,0.08286777623879038,0.015151515151515152,0.022222222222222223,0.0,0.21120170498940502,0.17714870946463993,1.5938818715001426,20,20,2.2062559127807617
991,,0.2497987313700744,0.011354487789548838,-0.01777856834232807,1.0,1.0,1.0,1.0,0.0,0.8290155440414507,0.17098445595854922,0.0,0.5160529480061747,1.1181818181818182,1.1181818181818182,0.6363636363636364,0.9790779214181522,0.160216044907015,0.0,0.0,0.0,0.0,0.09844559585492228,0.8497409326424871,0.05181347150259067,0.23834196891191708,0.23834196891191708,nan,nan,0.2088523858902867,0.5761943323538182,0.0,0.0,0.0,0.36046341130078985,0.20024736639377486,1.6287887673176513,20,20,6.37166690826416
992,,0.2508483835481421,0.009648014751851619,0.001619892753660679,1.0,1.0,1.0,1.0,1.0,0.8785046728971962,0.11682242990654206,0.004672897196261682,0.5244414393799022,0.8596153846153847,0.8596153846153847,0.34615384615384615,0.9509653741149204,0.1720054580985621,100.0,0.16410656899918036,1.0,0.16410656899918036,0.11682242990654206,0.705607476635514,0.17757009345794392,0.21962616822429906,0.21962616822429906,nan,nan,0.16668335521371055,0.6348833920480333,0.006622516556291391,0.02631578947368421,0.0,0.36680118998767386,0.19479573188911176,1.7169620787003508,20,20,9.071349859237671
993,,0.24332647216739697,0.006759068671316582,0.05050917193293571,0.8,0.8,0.8,0.9509433962264151,1.0,0.8404669260700389,0.1556420233463035,0.0038910505836575876,0.5274437181289411,1.4083333333333334,1.4083333333333334,0.6388888888888888,0.9575771305904348,0.208909604121917,0.0,-0.012599947975874715,0.0,0.0,0.07003891050583658,0.8599221789883269,0.07003891050583658,0.19455252918287938,0.19455252918287938,nan,nan,0.34007210124092796,0.904261239460327,0.004524886877828055,0.2222222222222222,0.0,0.32692293505327286,0.11801333093135584,1.7814582111494175,20,20,14.73950719833374
994,,0.1881474832882202,0.020905275920913357,0.048495851829648016,1.0,1.0,1.0,1.0,1.0,0.9485294117647058,0.029411764705882353,0.022058823529411766,0.512003302677638,0.14444444444444443,0.14444444444444443,0.8888888888888888,0.998485782705016,0.027043215489289396,0.0,-0.0316260772764882,0.0,0.0,0.23529411764705882,0.13970588235294118,0.625,0.22794117647058823,0.22794117647058823,nan,nan,0.0313594232235764,0.09411533387439462,0.05263157894736842,0.011764705882352941,0.0,0.1982393692360476,0.1711961537467582,1.815012468010298,20,20,3.9598608016967773
995,,0.23959704548319735,0.010417262847095538,-0.001506628468632698,1.0,1.0,1.0,1.0,1.0,0.7905759162303665,0.20418848167539266,0.005235602094240838,0.5238657372315293,0.8565217391304348,0.8565217391304348,0.6956521739130435,0.9835579989205302,0.10612809097211204,0.0,-0.004789249789242389,0.0,0.0,0.09424083769633508,0.7591623036649214,0.14659685863874344,0.225130890052356,0.225130890052356,nan,nan,0.16966471096865035,0.515444262840016,0.006896551724137931,0.07142857142857142,0.0,0.3019083714498538,0.19578028047774174,1.8533807882190485,20,20,6.283874750137329
996,,0.23973036868115927,0.009589214747246371,-0.014795346558094025,0.9,0.9,0.9,0.9849246231155779,1.0,0.7309644670050761,0.2639593908629442,0.005076142131979695,0.5211105983480812,0.95,0.95,1.2,0.9398278894162498,0.2838945169899722,100.0,0.5426636613597826,1.0,0.5426636613597826,0.1065989847715736,0.6243654822335025,0.26903553299492383,0.233502538071066,0.233502538071066,nan,nan,0.20456025376406728,0.6445586664339937,0.008130081300813009,0.20754716981132076,0.0,0.34591744122337326,0.06202292423340107,1.7640925058003045,20,20,7.415499925613403
997,,0.24232288895916962,0.007343117847247564,0.020456184074282645,0.95,0.95,0.95,0.996078431372549,0.0,0.6811023622047244,0.3188976377952756,0.0,0.5066268809506613,1.187878787878788,1.187878787878788,1.7878787878787878,0.9713485747751899,0.15686765649816595,0.0,0.0,0.0,0.0,0.07480314960629922,0.8464566929133859,0.07874015748031496,0.2992125984251969,0.2992125984251969,nan,nan,0.25286973565710735,0.7984010532651541,0.0,0.3,0.0,0.3041157340330124,0.14724807753484645,2.03575408974494,20,20,12.327239990234375
998,,0.23068835838712531,0.009612014932796889,-0.01434919573366642,1.0,1.0,1.0,1.0,1.0,0.8814432989690721,0.1134020618556701,0.005154639175257732,0.5236442284425721,0.8020833333333334,0.8020833333333334,0.75,0.9872128043744419,0.0945512394453307,100.0,0.050976866687791667,1.0,0.050976866687791667,0.12371134020618557,0.5257731958762887,0.35051546391752575,0.21649484536082475,0.21649484536082475,nan,nan,0.15883313847702324,0.5202193117506193,0.0,0.04411764705882353,0.014705882352941176,0.2860417129648361,0.1914904735195054,1.9230657563391953,20,20,10.457271814346313
999,,0.2518678953646389,0.0069963304267955245,-0.014519751816987992,0.95,0.95,0.95,0.9923664122137404,0.0,0.676923076923077,0.3230769230769231,0.0,0.5331302211361213,1.0680555555555555,1.0680555555555555,1.7777777777777777,0.9734493706704186,0.18933137776120057,0.0,0.0,0.0,0.0,0.12307692307692308,0.38461538461538464,0.49230769230769234,0.24615384615384617,0.24615384615384617,nan,nan,0.26146003190987444,0.9269900401422239,0.0,0.296875,0.0,0.3167770689838749,0.12744569122267435,1.941276320591816,20,20,13.216747760772705
1000,,0.18917845443003042,0.02101982827000338,0.02195868417620659,1.0,1.0,1.0,1.0,0.0,0.6911764705882353,0.3088235294117647,0.0,0.5081053728030788,0.044444444444444446,0.044444444444444446,0.4444444444444444,0.9992294407820776,0.01801996642382242,0.0,0.0,0.0,0.0,0.13970588235294118,0.5294117647058824,0.33088235294117646,0.2867647058823529,0.2867647058823529,nan,nan,0.021479521337996445,0.08283318053577032,0.0,0.17777777777777778,0.0,0.19921929397003962,0.1811993275462172,1.7945592616740234,20,20,2.3012449741363525
1001,,0.2453127274241029,0.011150578519277405,-0.0073650401085615155,1.0,1.0,1.0,1.0,0.0,0.7969543147208121,0.20304568527918782,0.0,0.5225734127262099,0.9590909090909091,0.9590909090909091,0.6818181818181818,0.9725156587050563,0.17272662579525577,0.0,0.0,0.0,0.0,0.1218274111675127,0.7969543147208121,0.08121827411167512,0.2893401015228426,0.2893401015228426,nan,nan,0.17252339575231193,0.5775171316886132,0.0,0.0625,0.0,0.37307809422336863,0.20035146842811286,1.9241945892718313,20,20,6.528739929199219
1002,,0.2395939947386412,0.009583759789545648,0.009727978706359863,0.9,0.9,0.9,0.9847715736040609,0.0,0.8214285714285714,0.17857142857142858,0.0,0.5306392184980213,0.966,0.966,0.52,0.9513254866029753,0.24675121904242342,0.0,0.0,0.0,0.0,0.09693877551020408,0.5561224489795918,0.3469387755102041,0.2193877551020408,0.2193877551020408,nan,nan,0.21272167024497532,0.7830628854155077,0.0,0.10294117647058823,0.0,0.3870471843872053,0.1402959653447819,1.8448039074870988,20,20,10.250429391860962
1003,,0.19163675313715198,0.021292972570794665,0.006672064960002899,1.0,1.0,1.0,1.0,1.0,0.8931297709923665,0.09923664122137404,0.007633587786259542,0.5207269146210618,0.03333333333333333,0.03333333333333333,1.1111111111111112,0.998605268691117,0.027658550656061404,0.0,-0.006796595361887148,0.0,0.0,0.1984732824427481,0.17557251908396945,0.6259541984732825,0.22137404580152673,0.22137404580152673,nan,nan,0.025910524289777463,0.06152646541515226,0.0,0.06097560975609756,0.012195121951219513,0.20197436553927828,0.17431581488321687,1.9608578368510983,20,20,2.677487373352051
1004,,0.21836981311859754,0.011493148058873555,0.013292767107486725,1.0,1.0,1.0,1.0,1.0,0.582089552238806,0.4129353233830846,0.004975124378109453,0.5395397660175436,0.5684210526315789,0.5684210526315789,2.210526315789474,0.9845622117567349,0.11186234291971076,100.0,0.06949181614645468,1.0,0.06949181614645468,0.13432835820895522,0.39303482587064675,0.472636815920398,0.2885572139303483,0.2885572139303483,nan,nan,0.09072930391870083,0.3835551129813783,0.0,0.3473684210526316,0.010526315789473684,0.2859535108131428,0.17409116789343204,2.4462296475858585,20,20,6.041265964508057
1005,,0.19008290857524762,0.021120323175027513,-0.01317239087074995,1.0,1.0,1.0,1.0,1.0,0.6564885496183206,0.33587786259541985,0.007633587786259542,0.5221538853935069,0.10555555555555556,0.10555555555555556,0.8888888888888888,0.997723711126655,0.04625796326507334,0.0,-0.06282479324485317,0.0,0.0,0.1984732824427481,0.48091603053435117,0.32061068702290074,0.25190839694656486,0.25190839694656486,nan,nan,0.02429913306875208,0.09098000297780842,0.0,0.38095238095238093,0.0,0.20945891563571647,0.16320095237064314,2.045600694898035,20,20,2.1481056213378906
1006,,0.23068695163026479,0.008872575062702491,0.00417764512822032,1.0,1.0,1.0,1.0,0.0,0.23574144486692014,0.7642585551330798,0.0,0.5342246336360964,0.43846153846153846,0.43846153846153846,9.5,0.993594459531605,0.07769389945610311,0.0,0.0,0.0,0.0,0.155893536121673,0.08745247148288973,0.7566539923954373,0.08745247148288973,0.08745247148288973,nan,nan,0.1443536068284946,0.4488757437921529,0.0,0.7587939698492462,0.0,0.2701597757290951,0.192465876272992,2.913086508157504,20,20,11.614080667495728
1007,,0.22971873953269503,0.009987771284030219,-0.02062906324863434,1.0,1.0,1.0,1.0,0.0,0.3879781420765027,0.6120218579234973,0.0,0.5369631353360803,0.5369565217391304,0.5369565217391304,4.521739130434782,0.9744908415217788,0.139608064961093,0.0,0.0,0.0,0.0,0.16939890710382513,0.3551912568306011,0.47540983606557374,0.30601092896174864,0.30601092896174864,nan,nan,0.1535261534251563,0.6739031963270607,0.0,0.632183908045977,0.0,0.31121371957213484,0.17160565461104185,2.4769919434374454,20,20,5.937960624694824
1008,,0.24025935991331313,0.010446059126665788,-0.007665646634995938,1.0,1.0,1.0,1.0,0.0,0.7093596059113301,0.29064039408866993,0.0,0.527786938291367,0.7891304347826087,0.7891304347826087,1.3043478260869565,0.981387156981227,0.11356135001840173,0.0,0.0,0.0,0.0,0.1625615763546798,0.5812807881773399,0.2561576354679803,0.2857142857142857,0.2857142857142857,nan,nan,0.15136041171128914,0.5210445071870496,0.0,0.23076923076923078,0.0,0.3115266795956865,0.19796532957728474,1.938243145996948,20,20,7.321209907531738
1009,,0.2678158199881566,0.008115630908732019,0.027635465189814568,0.9,0.9,0.9,0.9814126394052045,0.0,0.7481203007518797,0.2518796992481203,0.0,0.5302760746809795,1.4242424242424243,1.4242424242424243,2.0,0.970887230996263,0.18849241733166475,0.0,0.0,0.0,0.0,0.09774436090225563,0.6729323308270677,0.22932330827067668,0.22180451127819548,0.22180451127819548,nan,nan,0.3042399999810747,0.802184838889392,0.0,0.4262295081967213,0.0,0.31882490008334896,0.13033248275168421,1.8472826520221586,20,20,13.515426397323608
1010,,0.2415736688061736,0.010065569533590566,0.02899165116250515,0.95,0.95,0.95,0.9904306220095693,0.0,0.7884615384615384,0.21153846153846154,0.0,0.5273758800098828,0.88125,0.88125,0.625,0.9804961399294232,0.13280776196017507,0.0,0.0,0.0,0.0,0.10576923076923077,0.7788461538461539,0.11538461538461539,0.2980769230769231,0.2980769230769231,nan,nan,0.1650387131168592,0.565299051924847,0.0,0.08333333333333333,0.0,0.307500247060837,0.17469248510066193,1.6503928599988857,20,20,6.933273077011108
1011,,0.25322946859500417,0.011009976895434963,0.004775683209300041,1.0,1.0,1.0,1.0,0.0,0.8324873096446701,0.16751269035532995,0.0,0.5272289488545578,1.0565217391304347,1.0565217391304347,0.4782608695652174,0.9790284736662858,0.11749724931959607,0.0,0.0,0.0,0.0,0.1116751269035533,0.6802030456852792,0.20812182741116753,0.25888324873096447,0.25888324873096447,nan,nan,0.19490594365717162,0.6126880738481351,0.0,0.04878048780487805,0.0,0.3114802785673208,0.19398302924772473,1.8546225590029184,20,20,6.887730360031128
1012,,0.23110193028384823,0.010504633194720375,0.012158514373004437,1.0,1.0,1.0,1.0,1.0,0.7783251231527094,0.21182266009852216,0.009852216748768473,0.5206092952221463,0.8545454545454545,0.8545454545454545,0.9090909090909091,0.9719453342546645,0.1542378725777502,0.0,-0.1723104032566799,0.0,0.0,0.11330049261083744,0.5221674876847291,0.3645320197044335,0.2315270935960591,0.2315270935960591,nan,nan,0.15680870375655853,0.5191703663014596,0.018867924528301886,0.14864864864864866,0.0,0.3117183180579522,0.15748044548020199,1.7514401342690413,20,20,6.968829154968262
1013,,0.2606468347895653,0.008145213587173915,0.005247212015092373,0.9,0.9,0.9,0.9854545454545455,0.0,0.7352941176470589,0.2647058823529412,0.0,0.5243032328726258,1.44375,1.44375,1.65625,0.9701657496061861,0.17837298528635537,0.0,0.0,0.0,0.0,0.08088235294117647,0.5845588235294118,0.33455882352941174,0.21323529411764705,0.21323529411764705,nan,nan,0.29595925830574515,0.9270348161462943,0.0,0.3076923076923077,0.0,0.3360637550960574,0.15769076980970204,1.871283595282959,20,20,12.543867588043213
1014,,0.22380377378433997,0.008952150951373599,0.0564719058573246,0.9,0.9,0.9,0.9897435897435898,1.0,0.7794871794871795,0.21025641025641026,0.010256410256410256,0.5051118255686015,0.86,0.86,0.68,0.8988883944474784,0.35269808515724255,0.0,-0.4014167257393024,0.0,0.0,0.14871794871794872,0.40512820512820513,0.4461538461538462,0.2564102564102564,0.2564102564102564,nan,nan,0.19366452708898385,0.6139013881583685,0.012658227848101266,0.05747126436781609,0.0,0.3245435466770856,-0.028154538480156907,1.9082880963354023,20,20,6.884652376174927
1015,,0.2461634987488743,0.010256812447869763,0.058076806366443634,0.95,0.95,0.95,0.995,0.0,0.745,0.255,0.0,0.5104555484683563,0.9645833333333333,0.9645833333333333,0.875,0.9427155129013568,0.29300838253294914,0.0,0.0,0.0,0.0,0.12,0.79,0.09,0.27,0.27,nan,nan,0.20450001146053062,0.6726842076114342,0.0,0.16666666666666666,0.0,0.34863826655789093,0.055629884024941775,1.6638193228527243,20,20,6.9378745555877686
1016,,0.23786347546658468,0.010811976157572031,-0.0031185213476419447,1.0,1.0,1.0,1.0,1.0,0.555,0.44,0.005,0.49658483579670165,0.7931818181818182,0.7931818181818182,1.3636363636363635,0.9849850517939667,0.10117505726743042,0.0,-0.37938654772301694,0.0,0.0,0.095,0.68,0.225,0.365,0.365,nan,nan,0.1497843058478907,0.5599687381660133,0.007352941176470588,0.35555555555555557,0.0,0.295452664469884,0.19427760720245357,2.1540496083398946,20,20,6.7232091426849365
1017,,0.19548761967332934,0.021720846630369925,-0.0038842174224555494,1.0,1.0,1.0,1.0,1.0,0.6976744186046512,0.29457364341085274,0.007751937984496124,0.5137450510635972,0.07777777777777778,0.07777777777777778,0.4444444444444444,0.9988895977715815,0.03352328252678957,0.0,-0.022210265311063834,0.0,0.0,0.17054263565891473,0.6046511627906976,0.2248062015503876,0.31007751937984496,0.31007751937984496,nan,nan,0.024803218632310935,0.0862034833250952,0.01282051282051282,0.20689655172413793,0.0,0.21030708916831736,0.1767838066415278,2.024917241785832,20,20,2.156794548034668
1018,,0.2562155038780525,0.009489463106594535,0.01792253628373146,0.9,0.9,0.9,0.9795918367346939,1.0,0.8601036269430051,0.12435233160621761,0.015544041450777202,0.48956703444321953,1.0166666666666666,1.0166666666666666,0.48148148148148145,0.9498889917352712,0.26523916229480327,0.0,-0.5496725566348553,0.0,0.0,0.10880829015544041,0.7202072538860104,0.17098445595854922,0.23316062176165803,0.23316062176165803,nan,nan,0.23996496290678296,0.7603817835314725,0.02158273381294964,0.0,0.0,0.39873907606474723,0.13349991376994397,1.7046635236458572,20,20,12.225812435150146
1019,,0.22149059012280256,0.008518868850877022,-0.0022550173103809356,0.95,0.95,0.95,0.9951456310679612,1.0,0.7853658536585366,0.2097560975609756,0.004878048780487805,0.4855466958036861,0.75,0.75,0.9615384615384616,0.9896951344947837,0.08317465295782964,0.0,-0.13493043740484853,0.0,0.0,0.12195121951219512,0.6146341463414634,0.2634146341463415,0.28292682926829266,0.28292682926829266,nan,nan,0.14996338646251378,0.523895994442045,0.0,0.12962962962962962,0.018518518518518517,0.2621533568237933,0.17897870386596368,1.6711996553500459,20,20,7.060048580169678
1020,,0.2374177233130766,0.010791714696048936,0.0035078149288892747,0.95,0.95,0.95,0.9896907216494846,1.0,0.8238341968911918,0.16580310880829016,0.010362694300518135,0.49884459000419484,1.0340909090909092,1.0340909090909092,0.5454545454545454,0.9702674123872563,0.17403591999590726,0.0,-0.6656102370299222,0.0,0.0,0.11398963730569948,0.7305699481865285,0.15544041450777202,0.26424870466321243,0.26424870466321243,nan,nan,0.19540562447980253,0.7475950855934393,0.0070921985815602835,0.06666666666666667,0.0,0.33012278044003546,0.1560868604441282,1.5689266659390408,20,20,6.479333877563477
1021,,0.21102013115189494,0.008116158890457498,0.04048716388642788,0.85,0.85,0.85,0.9805825242718447,0.0,0.8186274509803921,0.18137254901960784,0.0,0.4807225259540316,0.8423076923076923,0.8423076923076923,0.5769230769230769,0.8989061729647206,0.35901313152370257,0.0,0.0,0.0,0.0,0.10784313725490197,0.5686274509803921,0.3235294117647059,0.25,0.25,nan,nan,0.17982479927773326,0.6489839581369923,0.0,0.06060606060606061,0.0,0.3340917701985207,-0.02492136132518187,1.7515920822658861,20,20,7.802836656570435
1022,,0.23341904047366985,0.010148653933637819,0.02153162956237793,1.0,1.0,1.0,1.0,1.0,0.7711442786069652,0.21890547263681592,0.009950248756218905,0.47593203955532415,0.7891304347826087,0.7891304347826087,0.9565217391304348,0.9788628539188989,0.1102457682204247,0.0,-0.27653530915289626,0.0,0.0,0.11442786069651742,0.7014925373134329,0.18407960199004975,0.29850746268656714,0.29850746268656714,nan,nan,0.14786541222813687,0.6447686895807243,0.014184397163120567,0.08108108108108109,0.0,0.30250998187764466,0.19226421365721996,1.780663499661945,20,20,6.382833957672119
1023,,0.21511147250778448,0.007417636983027051,0.0487606517970562,0.9,0.9,0.9,0.99,0.0,0.7910447761194029,0.20398009950248755,0.004975124378109453,0.4750383882381921,0.6706896551724137,0.6706896551724137,0.7586206896551724,0.8676865423407977,0.34462981736452386,0.0,-0.47552606350929644,0.0,0.0,0.0845771144278607,0.24875621890547264,0.6666666666666666,0.19402985074626866,0.19402985074626866,nan,nan,0.1823738418541833,0.5577582118217901,0.0,0.1044776119402985,0.0,0.30219576028793094,-0.04243405707659294,2.0583024408333395,20,20,12.253694772720337
1024,,0.1942364990847448,0.02158183323163831,-0.0002680894918739796,1.0,1.0,1.0,1.0,0.0,0.8174603174603174,0.18253968253968253,0.0,0.5209706624348959,0.05555555555555555,0.05555555555555555,1.1111111111111112,0.9986813147523548,0.03317129497300783,0.0,0.0,0.0,0.0,0.14285714285714285,0.5396825396825397,0.31746031746031744,0.24603174603174602,0.24603174603174602,nan,nan,0.02393126192422942,0.0871985533763421,0.0,0.05,0.0,0.21349820441942274,0.1803269094464149,1.5875291771548516,20,20,2.8450050354003906
1025,,0.22823450732426973,0.008453129900898878,0.08029894977807998,0.85,0.85,0.85,0.9844559585492227,1.0,0.7979274611398963,0.19689119170984457,0.0051813471502590676,0.48364305732495805,0.8333333333333334,0.8333333333333334,0.48148148148148145,0.8828388867719583,0.3984228135872093,0.0,-0.4868035979681416,0.0,0.0,0.11398963730569948,0.7616580310880829,0.12435233160621761,0.31088082901554404,0.31088082901554404,nan,nan,0.1885224741786807,0.6771329253976447,0.006802721088435374,0.0,0.0,0.35674769149395064,-0.04167512209325869,1.835386299205127,20,20,7.691575527191162
1026,,0.18970915394534885,0.023713644243168606,0.016586325690150262,1.0,1.0,1.0,1.0,0.0,0.8473282442748091,0.15267175572519084,0.0,0.4956673233304173,0.05625,0.05625,0.25,0.9986011814750058,0.029694328492805178,0.0,0.0,0.0,0.0,0.21374045801526717,0.4732824427480916,0.31297709923664124,0.32061068702290074,0.32061068702290074,nan,nan,0.014650506922787257,0.05869653503834125,0.0,0.0975609756097561,0.0,0.2080731328327961,0.17837880433999093,1.7766553324985312,20,20,2.58252215385437
1027,,0.2591992060449662,0.007854521395302006,0.051580872014164926,0.95,0.95,0.95,0.9960159362549801,0.0,0.724,0.276,0.0,0.4858400587782715,1.2984848484848486,1.2984848484848486,1.8484848484848484,0.9626775645378106,0.23737041918741147,0.0,0.0,0.0,0.0,0.076,0.76,0.164,0.236,0.236,nan,nan,0.2831310038458357,0.8709851955393987,0.0,0.5121951219512195,0.0,0.3549309214844096,0.1175605022969981,1.9301547906747947,20,20,12.256664991378784
1028,,0.2543555228417618,0.010174220913670474,-0.014183605834841729,1.0,1.0,1.0,1.0,1.0,0.7871287128712872,0.2079207920792079,0.0049504950495049506,0.4685985474968329,0.958,0.958,0.84,0.9860607241835793,0.12063892559081987,100.0,0.0016050555661610844,1.0,0.0016050555661610844,0.09405940594059406,0.7970297029702971,0.10891089108910891,0.28217821782178215,0.28217821782178215,nan,nan,0.18078437262346608,0.5674289770233371,0.006211180124223602,0.18181818181818182,0.0,0.31572851636186444,0.19508959077104457,1.9167129911354888,20,20,7.7405383586883545
1029,,0.19430874554269634,0.024288593192837042,0.05191079974174499,1.0,1.0,1.0,1.0,0.0,0.8095238095238095,0.19047619047619047,0.0,0.498384345904924,0.05625,0.05625,0.0,0.9992024336426186,0.01976520543931784,0.0,0.0,0.0,0.0,0.18253968253968253,0.5952380952380952,0.2222222222222222,0.2619047619047619,0.2619047619047619,nan,nan,0.018449892319189847,0.053753360527984594,0.0,0.21428571428571427,0.0,0.2026236061850199,0.18285840074570206,1.8939637719643274,20,20,2.0278608798980713
1030,,0.19731655042484947,0.007047019658030338,0.05921885408461094,0.9,0.9,0.9,0.9846938775510204,0.0,0.7282051282051282,0.2717948717948718,0.0,0.47750832050473296,0.5160714285714286,0.5160714285714286,0.9642857142857143,0.8357042405536732,0.35880178572373256,0.0,0.0,0.0,0.0,0.15897435897435896,0.16923076923076924,0.6717948717948717,0.2205128205128205,0.2205128205128205,nan,nan,0.1350575141400668,0.45392002702322726,0.0,0.20610687022900764,0.0,0.2912382314101116,-0.0675635543136209,2.176786001130011,20,20,7.116911888122559
1031,,0.24514637864859767,0.009079495505503618,0.053193908929824826,0.85,0.85,0.85,0.9746192893401016,0.0,0.8,0.2,0.0,0.47920423315286087,0.9685185185185186,0.9685185185185186,0.5555555555555556,0.9431372394577682,0.3063386660586631,0.0,0.0,0.0,0.0,0.1282051282051282,0.6974358974358974,0.17435897435897435,0.30256410256410254,0.30256410256410254,nan,nan,0.22086537353438207,0.8542784746358113,0.0,0.029411764705882353,0.0,0.35997666704316866,0.053638000984505566,1.6458598262719997,20,20,7.590047836303711
1032,,0.271552037145544,0.01086208148582176,0.021200262755155564,1.0,1.0,1.0,1.0,0.0,0.78,0.22,0.0,0.4691677853651345,1.056,1.056,0.56,0.9762816832473218,0.16653720609364375,0.0,0.0,0.0,0.0,0.085,0.885,0.03,0.305,0.305,nan,nan,0.21670501180937415,0.604553381966445,0.0,0.0,0.0,0.37318689105133585,0.2066496849576921,1.5701400647196686,20,20,7.157968521118164
1033,,0.22789258022907252,0.007858364835485259,0.020032820478081702,0.9,0.9,0.9,0.9792746113989638,1.0,0.8157894736842105,0.17894736842105263,0.005263157894736842,0.4698559877109425,0.8051724137931034,0.8051724137931034,0.6551724137931034,0.9422892599777305,0.29856718203051646,0.0,-0.04007008802434758,0.0,0.0,0.10526315789473684,0.8157894736842105,0.07894736842105263,0.2631578947368421,0.2631578947368421,nan,nan,0.18761628565032948,0.5555457879931025,0.0064516129032258064,0.0,0.0,0.32282624533961063,0.024259063309094164,1.6401890922368083,20,20,8.724718570709229
1034,,0.24853077725741715,0.008570026801979902,0.011636114865541457,0.95,0.95,0.95,0.995,0.0,0.835,0.165,0.0,0.4735032140205068,0.85,0.85,0.5862068965517241,0.963298261513706,0.24673529694841953,0.0,0.0,0.0,0.0,0.1,0.41,0.49,0.23,0.23,nan,nan,0.21732032816640928,0.6043535701374406,0.0,0.05102040816326531,0.0,0.3189625655684561,0.07222726862003656,1.6892835058961477,20,20,11.959666013717651
1035,,0.2860122661450134,0.007526638582763511,0.0365000631660223,0.7,0.7,0.7,0.9356060606060606,1.0,0.8196078431372549,0.17647058823529413,0.00392156862745098,0.4757160292570724,1.6,1.6,1.2894736842105263,0.9579825762046518,0.24624679018426093,0.0,-0.07430057921009586,0.0,0.0,0.06274509803921569,0.9137254901960784,0.023529411764705882,0.23921568627450981,0.23921568627450981,nan,nan,0.42431825623586034,1.2234271440617974,0.0,0.16666666666666666,0.16666666666666666,0.4031439434329554,0.15689715324869447,1.4467658913611188,20,20,27.85380268096924
1036,,0.2242956942001979,0.008307247933340664,0.06415376663208008,0.8,0.8,0.8,0.9740932642487047,0.0,0.8586387434554974,0.14136125654450263,0.0,0.4753078138662709,0.9259259259259259,0.9259259259259259,0.37037037037037035,0.8787956715519736,0.31700143456339536,0.0,0.0,0.0,0.0,0.11518324607329843,0.8429319371727748,0.041884816753926704,0.24607329842931938,0.24607329842931938,nan,nan,0.2194601667069866,0.827187120185964,0.0,0.0,0.0,0.34493376330625486,0.027932328742859475,1.6662877344687808,20,20,8.890793085098267
1037,,0.19123230544233966,0.02124803393803774,0.008624163642525672,1.0,1.0,1.0,1.0,0.0,0.8905109489051095,0.10948905109489052,0.0,0.4877870951261785,0.10555555555555556,0.10555555555555556,0.7777777777777778,0.997210988022197,0.04016964116728486,0.0,0.0,0.0,0.0,0.145985401459854,0.48905109489051096,0.36496350364963503,0.22627737226277372,0.22627737226277372,nan,nan,0.019827968502941294,0.0695952004064682,0.0,0.04,0.0,0.21608759593365912,0.17591795476637426,1.5828311041896097,20,20,4.259538650512695
1038,,0.2552410079192215,0.01063504199663423,0.016122786700725554,1.0,1.0,1.0,1.0,0.0,0.7661691542288557,0.23383084577114427,0.0,0.4508626425910431,0.84375,0.84375,0.75,0.9824175454621082,0.12939580637928988,0.0,0.0,0.0,0.0,0.11940298507462686,0.7213930348258707,0.15920398009950248,0.31343283582089554,0.31343283582089554,nan,nan,0.1581846187311168,0.5402991270193562,0.0,0.0625,0.0,0.32622417651243535,0.19682837013314547,1.6795492732682975,20,20,7.3801109790802
1039,,0.21632246236020253,0.009013435931675105,-0.04825170710682869,0.9,0.9,0.9,0.9895287958115183,1.0,0.8157894736842105,0.17894736842105263,0.005263157894736842,0.46251276867600005,0.8583333333333333,0.8583333333333333,0.9166666666666666,0.9518423211911625,0.18489056793862937,0.0,-0.11892243626395947,0.0,0.0,0.09473684210526316,0.2736842105263158,0.631578947368421,0.23157894736842105,0.23157894736842105,nan,nan,0.1926454353020942,0.6967918488666527,0.0,0.075,0.008333333333333333,0.2748247015017465,0.08993413356311711,1.864388978681601,20,20,8.196634769439697
1040,,0.23301948363328556,0.009320779345331423,0.023518648371100424,0.95,0.95,0.95,0.9950738916256158,1.0,0.8029556650246306,0.1921182266009852,0.0049261083743842365,0.4614140227437019,0.814,0.814,0.4,0.9728174492779599,0.17865659285162677,0.0,-0.11700910177806102,0.0,0.0,0.13793103448275862,0.5369458128078818,0.3251231527093596,0.3054187192118227,0.3054187192118227,nan,nan,0.1644860225372765,0.6471968388068051,0.0,0.030303030303030304,0.015151515151515152,0.2949607610453707,0.11630416819374396,1.8509876489291073,20,20,7.2526044845581055
1041,,0.24973051100832067,0.010405437958680028,-0.0211748369038105,1.0,1.0,1.0,1.0,0.0,0.7817258883248731,0.2182741116751269,0.0,0.4597714612619408,1.0041666666666667,1.0041666666666667,1.0,0.989593099794727,0.11745446855051656,0.0,0.0,0.0,0.0,0.07614213197969544,0.5736040609137056,0.350253807106599,0.22842639593908629,0.22842639593908629,nan,nan,0.20970669007605505,0.5627258953076303,0.0,0.13043478260869565,0.0,0.32544342843720275,0.2079889598866862,1.7245376499736893,20,20,10.317147731781006
1042,,0.19219357908479723,0.024024197385599654,0.013825762271881103,1.0,1.0,1.0,1.0,0.0,0.7222222222222222,0.2777777777777778,0.0,0.47321732600685207,0.04375,0.04375,0.25,0.99864874490045,0.027199420956277615,0.0,0.0,0.0,0.0,0.1984126984126984,0.48412698412698413,0.31746031746031744,0.36507936507936506,0.36507936507936506,nan,nan,0.015146954057458759,0.05671402972169743,0.0,0.2,0.0,0.20543807335130784,0.17823865239503023,1.9477251738895345,20,20,1.9941685199737549
1043,,0.18967456722327686,0.021074951913697428,-0.01618549209088087,1.0,1.0,1.0,1.0,0.0,0.7727272727272727,0.22727272727272727,0.0,0.46843557085634935,0.044444444444444446,0.044444444444444446,0.2222222222222222,0.9981759963561104,0.03262076877411085,0.0,0.0,0.0,0.0,0.16666666666666666,0.4696969696969697,0.36363636363636365,0.2878787878787879,0.2878787878787879,nan,nan,0.01441139613168045,0.06022664754664204,0.0,0.16666666666666666,0.0,0.20782746353058285,0.175206694756472,1.779522071084532,20,20,2.1495723724365234
1044,,0.253156140093886,0.011006788699734173,-0.0012558288872241974,1.0,1.0,1.0,1.0,1.0,0.7574257425742574,0.2376237623762376,0.0049504950495049506,0.4426893335908813,1.05,1.05,1.1304347826086956,0.975514464709198,0.1431850707066334,0.0,-0.6329682151571866,0.0,0.0,0.09900990099009901,0.8514851485148515,0.04950495049504951,0.3069306930693069,0.3069306930693069,nan,nan,0.19165992590656894,0.6123021739773937,0.005813953488372093,0.4,0.0,0.33301069791561944,0.18982562720898605,1.8259790308335808,20,20,7.109174966812134
1045,,0.26378318352952185,0.010551327341180874,-0.00660981722176075,1.0,1.0,1.0,1.0,0.0,0.7525252525252525,0.2474747474747475,0.0,0.4458729434385896,0.896,0.896,0.8,0.962857721261307,0.20872603031821213,0.0,0.0,0.0,0.0,0.10606060606060606,0.46464646464646464,0.4292929292929293,0.24242424242424243,0.24242424242424243,nan,nan,0.20034276309188714,0.7239704738701997,0.0,0.16470588235294117,0.0,0.4006080633175,0.19188203299928785,1.7312619089079342,20,20,7.081648588180542
1046,,0.18600157036164747,0.023250196295205933,0.024598998203873634,1.0,1.0,1.0,1.0,1.0,0.921875,0.0703125,0.0078125,0.4771598250605166,0.0375,0.0375,0.875,0.9990420324535033,0.024278379444610115,0.0,-0.023788308786317734,0.0,0.0,0.203125,0.125,0.671875,0.234375,0.234375,nan,nan,0.017011142230796916,0.05095543676787894,0.0,0.046511627906976744,0.011627906976744186,0.19393951484115698,0.16966113539654687,2.1136828250562996,20,20,2.4734818935394287
1047,,0.2425184365411627,0.011548496978150604,0.01148260161280632,1.0,1.0,1.0,1.0,0.0,0.7891891891891892,0.21081081081081082,0.0,0.45224713806306854,0.861904761904762,0.861904761904762,1.0476190476190477,0.9769385405983558,0.13359009371297453,0.0,0.0,0.0,0.0,0.10810810810810811,0.8216216216216217,0.07027027027027027,0.3027027027027027,0.3027027027027027,nan,nan,0.14927939494263445,0.501213472830405,0.0,0.07692307692307693,0.0,0.325073178457275,0.19148308474430048,1.7701899398380208,20,20,6.8369011878967285
1048,,0.2525585782464336,0.01147993537483789,-0.0450646661221981,1.0,1.0,1.0,1.0,0.0,0.7846153846153846,0.2153846153846154,0.0,0.47116157655202023,1.0681818181818181,1.0681818181818181,1.3181818181818181,0.984776693650529,0.09995396871864551,0.0,0.0,0.0,0.0,0.12307692307692308,0.7333333333333333,0.14358974358974358,0.27692307692307694,0.27692307692307694,nan,nan,0.19764061599746313,0.6034834866009283,0.0,0.07142857142857142,0.0,0.3001543368480814,0.2002003681294359,1.824800985855369,20,20,8.866104364395142
1049,,0.19105472867977524,0.019105472867977525,0.000328817218542099,1.0,1.0,1.0,1.0,0.0,0.8253968253968254,0.1746031746031746,0.0,0.4734668465796858,0.085,0.085,0.6,0.9979361995652086,0.03204307063797504,0.0,0.0,0.0,0.0,0.15873015873015872,0.31746031746031744,0.5238095238095238,0.24603174603174602,0.24603174603174602,nan,nan,0.023494131702848357,0.10333483272240156,0.0,0.10606060606060606,0.0,0.2082742426179409,0.17623117197996585,1.7909244349531297,20,20,2.24825382232666
1050,,0.21971017450049374,0.007846791946446205,0.01689566522836685,0.9,0.9,0.9,0.9851485148514851,1.0,0.7661691542288557,0.22885572139303484,0.004975124378109453,0.4493334273009428,0.7285714285714285,0.7285714285714285,0.8571428571428571,0.9120125483879986,0.3064013080394924,100.0,0.15501072678982036,1.0,0.15501072678982036,0.15920398009950248,0.3681592039800995,0.472636815920398,0.27860696517412936,0.27860696517412936,nan,nan,0.1725839136104244,0.5350757645803089,0.013513513513513514,0.14736842105263157,0.0,0.28106462307932867,-0.02533668496016374,1.8392651331136294,20,20,9.844908475875854
1051,,0.1897570103489925,0.023719626293624063,0.0007598737254738807,1.0,1.0,1.0,1.0,0.0,0.7744360902255639,0.22556390977443608,0.0,0.49242327180691065,0.0875,0.0875,0.0,0.9976676429629666,0.03606733122971412,0.0,0.0,0.0,0.0,0.15037593984962405,0.24812030075187969,0.6015037593984962,0.24812030075187969,0.24812030075187969,nan,nan,0.0221692180551303,0.08177132996472367,0.0,0.1375,0.0,0.20989537125149424,0.17382804002178012,1.8738926265504112,20,20,2.1918697357177734
1052,,0.24875374887411533,0.010364739536421473,0.029051247984170914,0.95,0.95,0.95,0.9952380952380953,0.0,0.8325358851674641,0.1674641148325359,0.0,0.46533622524922674,0.96875,0.96875,1.0416666666666667,0.9643779969635461,0.15065289239577093,0.0,0.0,0.0,0.0,0.14832535885167464,0.6889952153110048,0.16267942583732056,0.24880382775119617,0.24880382775119617,nan,nan,0.18873049001553194,0.6672102057079091,0.0,0.17647058823529413,0.0,0.3359860716372062,0.18533317924143525,1.7367542056386878,20,20,12.112799644470215
1053,,0.2678008065570726,0.007876494310502136,0.024599191173911093,0.85,0.85,0.85,0.973384030418251,1.0,0.7364341085271318,0.2596899224806202,0.003875968992248062,0.4565543738522512,1.436764705882353,1.436764705882353,1.411764705882353,0.9456764382910345,0.2973663987982634,0.0,-0.7943374947688564,0.0,0.0,0.08527131782945736,0.4728682170542636,0.4418604651162791,0.2131782945736434,0.2131782945736434,nan,nan,0.33929494452334696,1.1380254121806552,0.0,0.2543859649122807,0.0,0.4079687335973088,0.11060233479904542,1.7678617866425885,20,20,14.177669286727905
1054,,0.2488314173537808,0.0092159784205104,0.020858554728329183,0.95,0.95,0.95,0.9953271028037384,0.0,0.8037383177570093,0.19626168224299065,0.0,0.46484253272000287,0.85,0.85,0.7777777777777778,0.9381721485235984,0.30771773705316224,0.0,0.0,0.0,0.0,0.08411214953271028,0.8411214953271028,0.07476635514018691,0.26635514018691586,0.26635514018691586,nan,nan,0.17770516513505402,0.5687983466478849,0.0,0.0625,0.0,0.33423176266957355,0.026514025616411294,1.658758308301349,20,20,9.693666934967041
1055,,0.24475258971349897,0.009413561142826883,-0.018854071479290725,1.0,1.0,1.0,1.0,0.0,0.8571428571428571,0.14285714285714285,0.0,0.471996590663464,0.8134615384615385,0.8134615384615385,0.23076923076923078,0.9709446926808303,0.16245491601159628,0.0,0.0,0.0,0.0,0.12315270935960591,0.33004926108374383,0.5467980295566502,0.2315270935960591,0.2315270935960591,nan,nan,0.186621941061614,0.6256827883427837,0.0,0.06306306306306306,0.0,0.3581157176617368,0.1956608016501405,1.7204250686571565,20,20,8.605972290039062
1056,,0.2609870710815833,0.008155845971299478,0.011370963416993618,0.95,0.95,0.95,0.983402489626556,0.0,0.7615062761506276,0.2384937238493724,0.0,0.4744269927417918,1.3703125,1.3703125,1.28125,0.9794903240226145,0.1740710488018276,0.0,0.0,0.0,0.0,0.08786610878661087,0.803347280334728,0.1087866108786611,0.301255230125523,0.301255230125523,nan,nan,0.3031770491671527,0.8790911928840367,0.0,0.07692307692307693,0.0,0.3657951619905168,0.1917241131886892,1.8207601777427482,20,20,11.341667175292969
1057,,0.22085610555820484,0.007615727777869132,0.01584597658365965,0.9,0.9,0.9,1.0,1.0,0.7989949748743719,0.19597989949748743,0.005025125628140704,0.4567300874033365,0.7327586206896551,0.7327586206896551,0.4827586206896552,0.9506189171621474,0.18917504944992744,0.0,-0.07497971825555211,0.0,0.0,0.12060301507537688,0.5628140703517588,0.3165829145728643,0.2613065326633166,0.2613065326633166,nan,nan,0.17467279934744953,0.69321431315256,0.008928571428571428,0.1746031746031746,0.0,0.28605171820051883,0.0968766687505914,2.0143578150485544,20,20,6.510772705078125
1058,,0.253693485730427,0.01014773942921708,-0.010042981058359147,0.95,0.95,0.95,0.9896907216494846,0.0,0.7564766839378239,0.24352331606217617,0.0,0.4624557037688792,0.898,0.898,0.56,0.9570546560731649,0.2604363630949095,0.0,0.0,0.0,0.0,0.08808290155440414,0.8186528497409327,0.09326424870466321,0.31088082901554404,0.31088082901554404,nan,nan,0.19125212716617992,0.6157026352665336,0.0,0.1111111111111111,0.0,0.3593485651669973,0.09891220207208784,1.7254870976818977,20,20,6.809335231781006
1059,,0.19087033373252218,0.02120781485916913,-0.007619557902216911,1.0,1.0,1.0,1.0,0.0,0.8217054263565892,0.17829457364341086,0.0,0.47903372429104313,0.1,0.1,1.0,0.9984612203633668,0.030675583485590685,0.0,0.0,0.0,0.0,0.17829457364341086,0.4496124031007752,0.37209302325581395,0.3023255813953488,0.3023255813953488,nan,nan,0.019786783481448227,0.08360029539437312,0.0,0.10416666666666667,0.0,0.20971388254999956,0.17903829906440888,1.6809070820660321,20,20,3.2288358211517334
1060,,0.27148057327170233,0.007984722743285363,-0.0063574304804205894,1.0,1.0,1.0,1.0,0.0,0.6758893280632411,0.3241106719367589,0.0,0.46970770124154276,1.2,1.2,1.588235294117647,0.976939055553796,0.17663605996191772,0.0,0.0,0.0,0.0,0.09090909090909091,0.541501976284585,0.3675889328063241,0.23715415019762845,0.23715415019762845,nan,nan,0.2785579985457561,0.8402406715833076,0.0,0.3548387096774194,0.0,0.3858906900251948,0.2092546300632771,1.8591975700056222,20,20,12.09628701210022
1061,,0.25065715006603667,0.0108981369593929,-0.019371271878480912,1.0,1.0,1.0,1.0,0.0,0.7688442211055276,0.22613065326633167,0.005025125628140704,0.46148352374059515,0.8717391304347826,0.8717391304347826,0.782608695652174,0.9783795477948724,0.1351518774518955,100.0,0.06488967473403737,1.0,0.06488967473403737,0.12060301507537688,0.36683417085427134,0.5125628140703518,0.2613065326633166,0.2613065326633166,nan,nan,0.17298640769939858,0.5943860350036951,0.0,0.11764705882352941,0.00980392156862745,0.33284516895442096,0.19769329150252546,2.022286193896275,20,20,7.038240909576416
1062,,0.19475139781175718,0.021639044201306353,0.005324043706059456,1.0,1.0,1.0,1.0,0.0,0.8360655737704918,0.16393442622950818,0.0,0.4735538621433079,0.05555555555555555,0.05555555555555555,0.0,0.9989690490104317,0.025053686093191113,0.0,0.0,0.0,0.0,0.1721311475409836,0.5491803278688525,0.2786885245901639,0.2786885245901639,0.2786885245901639,nan,nan,0.01672114115558287,0.045697845892907034,0.0,0.14705882352941177,0.0,0.20787811518937027,0.18282442909617916,1.611671588086459,20,20,1.9832260608673096
1063,,0.2254465884964539,0.009017863539858156,-0.018452606350183486,0.95,0.95,0.95,0.9947916666666666,0.0,0.743455497382199,0.25654450261780104,0.0,0.47221813070401547,0.73,0.73,0.64,0.975120571363775,0.15146259183594568,0.0,0.0,0.0,0.0,0.1256544502617801,0.39267015706806285,0.4816753926701571,0.23036649214659685,0.23036649214659685,nan,nan,0.16550301226246728,0.5400695117663956,0.0,0.20652173913043478,0.0,0.283811081178543,0.1323484893425973,2.0587457365009523,20,20,6.025237560272217
1064,,0.22572388984042763,0.008681688070785678,0.02952270209789276,0.95,0.95,0.95,0.9952153110047847,0.0,0.8516746411483254,0.14832535885167464,0.0,0.47059296413933155,0.7692307692307693,0.7692307692307693,0.5769230769230769,0.9154361762038298,0.32918614984005323,0.0,0.0,0.0,0.0,0.14354066985645933,0.32057416267942584,0.5358851674641149,0.24880382775119617,0.24880382775119617,nan,nan,0.16708657372524027,0.5625504452530103,0.0,0.044642857142857144,0.0,0.29468747815915447,-0.03449867168089875,2.1508323544123304,20,20,9.370503902435303
1065,,0.2538202565108351,0.009762317558109043,-0.004231894761323929,1.0,1.0,1.0,1.0,0.0,0.7939698492462312,0.20603015075376885,0.0,0.4754558901553257,0.9173076923076923,0.9173076923076923,0.46153846153846156,0.9694497734411998,0.14643504914940042,0.0,0.0,0.0,0.0,0.1457286432160804,0.48743718592964824,0.36683417085427134,0.2814070351758794,0.2814070351758794,nan,nan,0.21191930976730433,0.69619387773906,0.0,0.1643835616438356,0.0,0.32983053582818583,0.1833954866787854,1.7456130730835129,20,20,6.732715606689453
1066,,0.2505990440785367,0.009638424772251412,-0.005115669220685959,0.95,0.95,0.95,0.995049504950495,0.0,0.7910447761194029,0.208955223880597,0.0,0.45304067618965815,0.9865384615384616,0.9865384615384616,0.38461538461538464,0.9758662325387211,0.168265102511742,0.0,0.0,0.0,0.0,0.05970149253731343,0.8407960199004975,0.09950248756218906,0.25870646766169153,0.25870646766169153,nan,nan,0.2057676990005801,0.6222987579653304,0.0,0.1,0.0,0.323899939451086,0.15563483693934402,1.8226971556308302,20,20,7.892956256866455
1067,,0.27229377172649677,0.007359291127743156,0.05921490453183651,0.8,0.8,0.8,0.9738805970149254,0.0,0.8409090909090909,0.1590909090909091,0.0,0.43098362760706427,1.5513513513513513,1.5513513513513513,0.7837837837837838,0.9349423890513819,0.24428849084742993,0.0,0.0,0.0,0.0,0.06818181818181818,0.9128787878787878,0.01893939393939394,0.2159090909090909,0.2159090909090909,nan,nan,0.37500319102657814,0.9154724627042924,0.0,0.2,0.0,0.40225799950529423,0.1579695086578643,1.7113084385160333,20,20,16.489367246627808
1068,,0.23788125071079388,0.0113276786052759,-0.02392927184700966,1.0,1.0,1.0,1.0,0.0,0.8341232227488151,0.16587677725118483,0.0,0.4407372564376731,0.8285714285714286,0.8285714285714286,0.47619047619047616,0.9721576971739615,0.1509340364411831,0.0,0.0,0.0,0.0,0.12796208530805686,0.41232227488151657,0.4597156398104265,0.21800947867298578,0.21800947867298578,nan,nan,0.1433628471174514,0.5503782555299008,0.0,0.12371134020618557,0.0,0.3365551794149276,0.18562114297374446,2.037194910112513,20,20,6.624669790267944
1069,,0.18901401832627404,0.021001557591808228,-0.0033840999938547613,1.0,1.0,1.0,1.0,0.0,0.8473282442748091,0.15267175572519084,0.0,0.44419146439888413,0.022222222222222223,0.022222222222222223,0.2222222222222222,0.9989142030276016,0.023361728711205842,0.0,0.0,0.0,0.0,0.19083969465648856,0.2748091603053435,0.5343511450381679,0.25190839694656486,0.25190839694656486,nan,nan,0.015178390078136494,0.048337303314772005,0.0,0.14285714285714285,0.0,0.20136666880215312,0.17800494009094728,1.9364619506964125,20,20,2.1348490715026855
1070,,0.18849194454157786,0.02094354939350865,-0.012445624358952046,1.0,1.0,1.0,1.0,0.0,0.9923664122137404,0.007633587786259542,0.0,0.4798062424175441,0.044444444444444446,0.044444444444444446,0.7777777777777778,0.9991472108581986,0.023180930069245487,0.0,0.0,0.0,0.0,0.15267175572519084,0.12213740458015267,0.7251908396946565,0.16030534351145037,0.16030534351145037,nan,nan,0.024371114504878177,0.07217580718317078,0.0,0.0,0.0,0.2010760548100161,0.17789512474077063,1.4804253432567482,20,20,3.6168997287750244
1071,,0.19112498699025599,0.021236109665583997,-0.007499370910227299,1.0,1.0,1.0,1.0,0.0,0.9242424242424242,0.07575757575757576,0.0,0.4901976745058265,0.1111111111111111,0.1111111111111111,1.0,0.9980636225229815,0.030326957411614758,0.0,0.0,0.0,0.0,0.19696969696969696,0.3106060606060606,0.49242424242424243,0.20454545454545456,0.20454545454545456,nan,nan,0.02883217716093192,0.10743825745941593,0.0,0.07692307692307693,0.0,0.20743509463478807,0.1771081372231733,1.768017679259496,20,20,2.1544764041900635
1072,,0.25578711646172847,0.007751124741264499,0.04587719812989235,0.85,0.85,0.85,0.9847328244274809,0.0,0.8346153846153846,0.16538461538461538,0.0,0.42849321570741294,1.4,1.4,1.0909090909090908,0.9559236388204077,0.2812164365058971,0.0,0.0,0.0,0.0,0.08846153846153847,0.5346153846153846,0.3769230769230769,0.22692307692307692,0.22692307692307692,nan,nan,0.3122008933866325,0.8390064974636298,0.0,0.05102040816326531,0.0,0.4049450354061328,0.12372859890023567,1.8418462983760489,20,20,23.279392957687378
1073,,0.18828387866477167,0.02353548483309646,0.05955055207014084,1.0,1.0,1.0,1.0,1.0,0.8396946564885496,0.15267175572519084,0.007633587786259542,0.4663890284020454,0.0625,0.0625,0.0,0.9988755421288588,0.01984662323269404,0.0,-0.014534161922851663,0.0,0.0,0.19083969465648856,0.32061068702290074,0.48854961832061067,0.2595419847328244,0.2595419847328244,nan,nan,0.018371884530439638,0.06317050492352452,0.0,0.125,0.0,0.19900413872694736,0.17915751549425332,1.6737167108542168,20,20,2.039846181869507
1074,,0.23494747073626704,0.011747373536813353,0.003664040192961693,1.0,1.0,1.0,1.0,0.0,0.7731958762886598,0.2268041237113402,0.0,0.44322763378499075,0.8875,0.8875,1.2,0.9906026407910206,0.1035696243437301,0.0,0.0,0.0,0.0,0.11855670103092783,0.8195876288659794,0.061855670103092786,0.29381443298969073,0.29381443298969073,nan,nan,0.14710715057211765,0.4573892193141154,0.0,0.0,0.0,0.2961427559128945,0.19257313156916442,1.7856358650006907,20,20,6.724961519241333
1075,,0.22139014548217117,0.008515005595468122,0.024124173820018767,0.95,0.95,0.95,0.995049504950495,0.0,0.801980198019802,0.19801980198019803,0.0,0.4434625043636725,0.6134615384615385,0.6134615384615385,0.8076923076923077,0.9134107488174712,0.32783588427647703,0.0,0.0,0.0,0.0,0.17326732673267325,0.4603960396039604,0.36633663366336633,0.2871287128712871,0.2871287128712871,nan,nan,0.13378879174107658,0.48434451957825025,0.0,0.17567567567567569,0.0,0.30075790069673963,-0.02707798357973737,1.9326513005527792,20,20,6.336452960968018
1076,,0.19042557472800725,0.023803196841000906,-0.005848764814436436,1.0,1.0,1.0,1.0,1.0,0.889763779527559,0.10236220472440945,0.007874015748031496,0.4672699570655823,0.06875,0.06875,0.875,0.9974830419279087,0.03884574124119425,0.0,-0.039748331664153334,0.0,0.0,0.14173228346456693,0.44881889763779526,0.4094488188976378,0.23622047244094488,0.23622047244094488,nan,nan,0.01627040676268065,0.06662919081783286,0.0,0.0,0.019230769230769232,0.211687322054824,0.17284158081362974,1.7034133421757045,20,20,3.5748164653778076
1077,,0.23049314684139274,0.009603881118391364,0.021696263179183006,0.95,0.95,0.95,0.9846153846153847,1.0,0.8608247422680413,0.13402061855670103,0.005154639175257732,0.4460892799679035,0.75625,0.75625,0.5,0.9846230478421218,0.11261410896209006,100.0,0.03974351372091099,1.0,0.03974351372091099,0.10309278350515463,0.7268041237113402,0.17010309278350516,0.23195876288659795,0.23195876288659795,nan,nan,0.15337629033434017,0.5459473833282773,0.0,0.06060606060606061,0.030303030303030304,0.2915299449763995,0.17891583601430944,1.543670878583219,20,20,6.3036949634552
1078,,0.19182578277778164,0.021313975864197962,-0.007909872382879258,1.0,1.0,1.0,1.0,0.0,0.8914728682170543,0.10852713178294573,0.0,0.46043945143658976,0.14444444444444443,0.14444444444444443,0.6666666666666666,0.997924840964147,0.03580346169010562,0.0,0.0,0.0,0.0,0.17054263565891473,0.15503875968992248,0.6744186046511628,0.20930232558139536,0.20930232558139536,nan,nan,0.03174331274618879,0.09424082357718035,0.0,0.10344827586206896,0.0,0.2077895625558701,0.1719861008657645,1.6185869900173953,20,20,2.7141668796539307
1079,,0.2469396092239908,0.009877584368959632,-0.013488296791911126,1.0,1.0,1.0,1.0,1.0,0.845771144278607,0.14925373134328357,0.004975124378109453,0.4362109474083409,0.844,0.844,0.44,0.9772285283172185,0.13493962324468933,0.0,-0.37398863949258393,0.0,0.0,0.0945273631840796,0.845771144278607,0.05970149253731343,0.23880597014925373,0.23880597014925373,nan,nan,0.17298913508818783,0.5557925331784523,0.0058823529411764705,0.08333333333333333,0.0,0.3324951415760845,0.19755551833139517,1.5837809488343957,20,20,6.731919527053833
1080,,0.2271898008734279,0.00841443706938622,0.06095495820045471,0.95,0.95,0.95,0.9906542056074766,1.0,0.8732394366197183,0.10328638497652583,0.023474178403755867,0.43191261302913686,0.8537037037037037,0.8537037037037037,0.3333333333333333,0.911052779283168,0.35767422153194905,20.0,-0.15206198464021287,0.2,0.09526470607329515,0.13615023474178403,0.47417840375586856,0.38967136150234744,0.24882629107981222,0.24882629107981222,nan,nan,0.17822596233532192,0.598832311720655,0.0297029702970297,0.0,0.024096385542168676,0.3294984902186672,-0.028175731313281882,1.8434726641679695,20,20,9.936628103256226
1081,,0.23794852923750895,0.01034558822771778,0.00837944969534874,0.95,0.95,0.95,0.9948453608247423,1.0,0.8290155440414507,0.16062176165803108,0.010362694300518135,0.4238401207384532,0.9586956521739131,0.9586956521739131,0.21739130434782608,0.9577882049067266,0.24224955208996862,0.0,-0.3371206248643454,0.0,0.0,0.10880829015544041,0.616580310880829,0.27461139896373055,0.23316062176165803,0.23316062176165803,nan,nan,0.18573014931441942,0.627977213898889,0.008403361344537815,0.03773584905660377,0.018867924528301886,0.3414554369767462,0.09920588488677755,2.001989416200841,20,20,7.596362352371216
1082,,0.27184758702627104,0.010873903481050842,0.011296221613883972,0.95,0.95,0.95,1.0,0.0,0.8066037735849056,0.19339622641509435,0.0,0.43729816293902696,1.13,1.13,0.76,0.9555392800577166,0.2706208864851396,0.0,0.0,0.0,0.0,0.08490566037735849,0.8207547169811321,0.09433962264150944,0.2688679245283019,0.2688679245283019,nan,nan,0.2214911348431368,0.6798723884727172,0.0,0.1,0.0,0.3532078279496235,0.0825869414644839,1.802281794703552,20,20,9.840242624282837
1083,,0.24483845819899303,0.009416863776884348,-0.0027512118220329286,1.0,1.0,1.0,1.0,1.0,0.7902439024390244,0.2,0.00975609756097561,0.4298922082194342,0.8634615384615385,0.8634615384615385,0.5769230769230769,0.9796760887048905,0.1415829159588553,0.0,-0.3737419511699297,0.0,0.0,0.12195121951219512,0.33170731707317075,0.5463414634146342,0.23902439024390243,0.23902439024390243,nan,nan,0.18730690571656,0.5969547480471613,0.014705882352941176,0.10714285714285714,0.008928571428571428,0.3288522879710792,0.18726937201222388,1.9618632331650647,20,20,7.441755056381226
1084,,0.2823135164015147,0.008066100468614706,0.0011960530653595924,0.95,0.95,0.95,0.9883268482490273,1.0,0.8515625,0.14453125,0.00390625,0.42267214298115247,1.4285714285714286,1.4285714285714286,0.6571428571428571,0.975143995537218,0.17850316829612003,0.0,-0.15464375858867943,0.0,0.0,0.06640625,0.53515625,0.3984375,0.1796875,0.1796875,nan,nan,0.33529723789571786,0.9257785612798045,0.0072992700729927005,0.0784313725490196,0.0,0.36527684874213984,0.1867736804460198,2.0694867905253465,20,20,21.596668243408203
1085,,0.2766688260298579,0.00813731841264288,0.0220521854236722,0.9,0.9,0.9,0.9776119402985075,1.0,0.803030303030303,0.19318181818181818,0.003787878787878788,0.4367842522299136,1.451470588235294,1.451470588235294,0.7058823529411765,0.9514077042789966,0.24523232049141075,0.0,-0.6024898329861826,0.0,0.0,0.11742424242424243,0.49242424242424243,0.39015151515151514,0.23863636363636365,0.23863636363636365,nan,nan,0.3260782108217745,0.9807587155840679,0.0,0.11650485436893204,0.0,0.38210231604612593,0.13686999555471518,2.0147129711305882,20,20,13.657166004180908
1086,,0.18964410402463674,0.023705513003079593,0.09058359414339065,1.0,1.0,1.0,1.0,0.0,0.9384615384615385,0.06153846153846154,0.0,0.48528222136665133,0.10625,0.10625,0.75,0.9984295292272406,0.03160480614741762,0.0,0.0,0.0,0.0,0.16923076923076924,0.45384615384615384,0.3769230769230769,0.2153846153846154,0.2153846153846154,nan,nan,0.022161599494258635,0.07206535258388772,0.0,0.04081632653061224,0.0,0.2104682314910478,0.17886342534363017,1.472526482072375,20,20,2.641903877258301
1087,,0.22354682949883545,0.008279512203660572,0.011928492039442063,0.95,0.95,0.95,1.0,1.0,0.8926829268292683,0.09268292682926829,0.014634146341463415,0.42892211054244805,0.762962962962963,0.762962962962963,0.4444444444444444,0.965841912935312,0.18287619529922397,0.0,-0.2996574042627932,0.0,0.0,0.08292682926829269,0.2097560975609756,0.7073170731707317,0.18048780487804877,0.18048780487804877,nan,nan,0.18260204404446706,0.5382460204848868,0.023255813953488372,0.006896551724137931,0.013793103448275862,0.290618119607696,0.10774192430847204,2.0327565154810725,20,20,14.324359893798828
1088,,0.2758705473513641,0.007882015638610403,0.06535145416855812,0.9,0.9,0.9,0.992,0.0,0.836,0.164,0.0,0.43298273690078143,1.4757142857142858,1.4757142857142858,0.5714285714285714,0.9572307285235971,0.23252705325865286,0.0,0.0,0.0,0.0,0.076,0.9,0.024,0.24,0.24,nan,nan,0.34754634432879866,0.8092910859444594,0.0,0.0,0.0,0.3626854927453383,0.13015843948668543,1.8481858014180772,20,20,13.560063600540161
1089,,0.2564334426658445,0.01025733770663378,-0.004519796743988991,1.0,1.0,1.0,1.0,1.0,0.8442211055276382,0.135678391959799,0.020100502512562814,0.42386868708208203,0.938,0.938,0.28,0.9740648478866382,0.14660649684930005,0.0,-0.43328071324506023,0.0,0.0,0.09547738693467336,0.7939698492462312,0.11055276381909548,0.22613065326633167,0.22613065326633167,nan,nan,0.18464268015977284,0.5828962638807184,0.0189873417721519,0.0,0.0,0.34495033420144944,0.1983438373521494,1.7291501507488922,20,20,6.862135171890259
1090,,0.23642633761087,0.0094570535044348,0.048968720436096194,0.95,0.95,0.95,0.9949238578680203,1.0,0.8121827411167513,0.17766497461928935,0.01015228426395939,0.41938537486689165,0.814,0.814,0.4,0.9588467756030273,0.25043540347033344,0.0,-0.4142060064101437,0.0,0.0,0.1218274111675127,0.7563451776649747,0.1218274111675127,0.29441624365482233,0.29441624365482233,nan,nan,0.1659590870533461,0.5493062304280567,0.013422818791946308,0.041666666666666664,0.0,0.33635848420257397,0.08592308073224054,1.7184861410953176,20,20,6.462235927581787
1091,,0.24717939329709313,0.007269982155796857,0.12490948773920536,0.7,0.7,0.7,0.9573643410852714,0.0,0.86,0.136,0.004,0.42751845022139606,1.7294117647058824,1.7294117647058824,0.7352941176470589,0.8966209664999616,0.33936672104670207,0.0,-0.7956643868787354,0.0,0.0,0.06,0.912,0.028,0.176,0.176,nan,nan,0.40199752900228647,0.9334941915757274,0.0043859649122807015,0.42857142857142855,0.0,0.3989952648546574,0.05962854380795532,1.6643550314960356,20,20,15.188055992126465
1092,,0.24119764327127108,0.010049901802969628,0.07041261792182922,0.85,0.85,0.85,0.9845360824742269,1.0,0.844559585492228,0.13989637305699482,0.015544041450777202,0.425658790639136,1.2104166666666667,1.2104166666666667,0.4583333333333333,0.9509557039288176,0.2220636073508245,0.0,-0.41639722022794445,0.0,0.0,0.09326424870466321,0.8134715025906736,0.09326424870466321,0.22797927461139897,0.22797927461139897,nan,nan,0.24840282030400967,0.8055643674387987,0.012738853503184714,0.0,0.05555555555555555,0.36489985425271276,0.14283624690188826,1.6412030717265598,20,20,6.898739576339722
1093,,0.18836923728149546,0.018836923728149546,-0.011376360617578029,1.0,1.0,1.0,1.0,1.0,0.927007299270073,0.06569343065693431,0.0072992700729927005,0.4504834696184844,0.065,0.065,0.7,0.9984137092382095,0.0311447379280555,0.0,-0.001977526807282741,0.0,0.0,0.18248175182481752,0.08759124087591241,0.7299270072992701,0.19708029197080293,0.19708029197080293,nan,nan,0.024174226397294427,0.08537459195040266,0.0,0.06,0.01,0.20742052681371773,0.17627578888566223,1.804964350839819,20,20,3.357806921005249
1094,,0.1914020775985602,0.01914020775985602,-0.01749720061197877,1.0,1.0,1.0,1.0,1.0,0.9104477611940298,0.08208955223880597,0.007462686567164179,0.4400425405870192,0.095,0.095,0.3,0.9975911258913004,0.034050973986260114,100.0,0.020964963825446485,1.0,0.020964963825446485,0.21641791044776118,0.47761194029850745,0.30597014925373134,0.2835820895522388,0.2835820895522388,nan,nan,0.020001228660623954,0.06435890025523151,0.0,0.07317073170731707,0.024390243902439025,0.20614823103006513,0.17209725704380502,1.6032301283854782,20,20,2.521092414855957
1095,,0.19061349791197085,0.023826687238996357,-0.017653226852416992,1.0,1.0,1.0,1.0,0.0,0.9007633587786259,0.09923664122137404,0.0,0.4520904236880597,0.05625,0.05625,0.125,0.9986635278872776,0.027252700815040054,0.0,0.0,0.0,0.0,0.19083969465648856,0.2595419847328244,0.549618320610687,0.2366412213740458,0.2366412213740458,nan,nan,0.01652510628960149,0.06587942053045996,0.0,0.06944444444444445,0.0,0.2053817720339846,0.17812907121894456,1.853586018344073,20,20,2.2342147827148438
1096,,0.2663056024879131,0.007608731499654659,0.10636554285883904,0.95,0.95,0.95,1.0,1.0,0.7943548387096774,0.20161290322580644,0.004032258064516129,0.4071212321829184,1.2885714285714285,1.2885714285714285,0.9142857142857143,0.9613831721568815,0.22493444125900747,0.0,-0.593711079173068,0.0,0.0,0.07661290322580645,0.8346774193548387,0.08870967741935484,0.2620967741935484,0.2620967741935484,nan,nan,0.30386629011633876,0.8524282142614255,0.004830917874396135,0.18181818181818182,0.0,0.3495384985803596,0.12460405732135216,1.6500744069838136,20,20,12.454859972000122
1097,,0.1917353780982781,0.02396692226228476,-0.0017419269308447838,1.0,1.0,1.0,1.0,1.0,0.8936170212765957,0.09929078014184398,0.0070921985815602835,0.4767738474998623,0.025,0.025,0.0,0.9986348806442671,0.024804435413188775,0.0,-0.020998466431132116,0.0,0.0,0.19148936170212766,0.4326241134751773,0.375886524822695,0.24113475177304963,0.24113475177304963,nan,nan,0.01452848387253085,0.050316232701457284,0.0,0.03773584905660377,0.0,0.20430959011586025,0.17950515470267148,1.6539978289777666,20,20,2.2090227603912354
1098,,0.19291759751499585,0.019291759751499583,-0.008245984464883805,1.0,1.0,1.0,1.0,1.0,0.859375,0.1328125,0.0078125,0.4262362871406367,0.065,0.065,0.3,0.9988402101106093,0.02726552620465153,0.0,-0.1339267584008522,0.0,0.0,0.1875,0.3828125,0.4296875,0.2890625,0.2890625,nan,nan,0.02045000914551672,0.08548679931736008,0.02040816326530612,0.03636363636363636,0.0,0.20703898821360317,0.17977346200895164,1.676406241159223,20,20,2.671018600463867
1099,,0.22871091390375645,0.009529621412656519,0.04380507841706276,1.0,1.0,1.0,1.0,1.0,0.875,0.11,0.015,0.42988399642369285,0.78125,0.78125,0.5416666666666666,0.9792856652414893,0.12319703886612199,0.0,-0.5202977752339581,0.0,0.0,0.13,0.345,0.525,0.245,0.245,nan,nan,0.1582872157925828,0.5718603354166634,0.014492753623188406,0.009523809523809525,0.01904761904761905,0.30692323256110915,0.18372619369498716,1.8128377345285958,20,20,10.759087324142456
1100,,0.18976302813949933,0.018976302813949932,-0.010718276910483836,1.0,1.0,1.0,1.0,0.0,0.9015151515151515,0.09848484848484848,0.0,0.4560877203894779,0.065,0.065,0.3,0.999094679814531,0.021105842416892867,0.0,0.0,0.0,0.0,0.2196969696969697,0.21212121212121213,0.5681818181818182,0.26515151515151514,0.26515151515151514,nan,nan,0.024003076267178514,0.06971033787967784,0.0,0.06666666666666667,0.0,0.19822398718753031,0.17711814477063745,1.7614737462152428,20,20,2.1102261543273926
1101,,0.25665532496109295,0.008020478905034155,0.027138497680425644,0.9,0.9,0.9,0.980544747081712,1.0,0.8070866141732284,0.1889763779527559,0.003937007874015748,0.42109068263598604,1.4703125,1.4703125,0.96875,0.9662820981229047,0.18525629277977845,0.0,-0.26577973094359764,0.0,0.0,0.11023622047244094,0.6338582677165354,0.2559055118110236,0.23228346456692914,0.23228346456692914,nan,nan,0.30756308450968384,0.9058497594570581,0.0,0.18461538461538463,0.0,0.3369875272999254,0.15173123452014697,1.6212671172172246,20,20,12.141695022583008
1102,,0.19371830210498237,0.021524255789442486,-0.010433334996923805,1.0,1.0,1.0,1.0,0.0,0.9316239316239316,0.06837606837606838,0.0,0.4495537147650288,0.05555555555555555,0.05555555555555555,0.0,0.9989826261557555,0.02684841178024483,0.0,0.0,0.0,0.0,0.24786324786324787,0.2905982905982906,0.46153846153846156,0.2905982905982906,0.2905982905982906,nan,nan,0.021884249209192217,0.06157230475297251,0.0,0.05555555555555555,0.0,0.21098264598883715,0.18413423420859232,1.5992869045937896,20,20,1.7255945205688477
1103,,0.24033663132149963,0.009613465252859985,0.02988269105553627,0.95,0.95,0.95,0.9899497487437185,1.0,0.803030303030303,0.1919191919191919,0.005050505050505051,0.41016585829108954,0.888,0.888,0.28,0.9670096176744338,0.1751429267062579,0.0,-0.07590669215050533,0.0,0.0,0.09090909090909091,0.5303030303030303,0.3787878787878788,0.2676767676767677,0.2676767676767677,nan,nan,0.1931307438160487,0.7072007052281449,0.0,0.05333333333333334,0.013333333333333334,0.35143774920385257,0.17629482249759468,1.8082662205057685,20,20,7.841632127761841
1104,,0.26720325872696876,0.00809706844627178,0.051524612307548526,0.85,0.85,0.85,0.984375,0.0,0.8346456692913385,0.16535433070866143,0.0,0.43404973547298914,1.603030303030303,1.603030303030303,0.8181818181818182,0.9462439970753422,0.24229990354495512,0.0,0.0,0.0,0.0,0.07086614173228346,0.8937007874015748,0.03543307086614173,0.23622047244094488,0.23622047244094488,nan,nan,0.35325138509698767,0.9749619882101296,0.0,0.0,0.0,0.3694833400701911,0.127183436525236,1.5805187885980567,20,20,13.641441106796265
1105,,0.1910990578777538,0.023887382234719225,0.0690414659678936,1.0,1.0,1.0,1.0,0.0,0.8507462686567164,0.14925373134328357,0.0,0.4744800647138618,0.05625,0.05625,0.375,0.9991157449578094,0.022400783555445253,0.0,0.0,0.0,0.0,0.1417910447761194,0.3656716417910448,0.4925373134328358,0.1791044776119403,0.1791044776119403,nan,nan,0.023198073148164283,0.06398901959258604,0.0,0.19696969696969696,0.0,0.20111118546299325,0.178710401907548,1.6220252277797924,20,20,2.3335163593292236
1106,,0.2482490072813662,0.010793435099189836,-0.007857800647616386,1.0,1.0,1.0,1.0,1.0,0.798941798941799,0.19576719576719576,0.005291005291005291,0.42700274409928723,0.8934782608695652,0.8934782608695652,0.5217391304347826,0.9784197980209882,0.1525936982225284,0.0,-0.26705061397546853,0.0,0.0,0.09523809523809523,0.7407407407407407,0.164021164021164,0.2857142857142857,0.2857142857142857,nan,nan,0.17430636716889752,0.5818599047291201,0.007142857142857143,0.03225806451612903,0.0,0.3436338393280076,0.1910401411054792,1.6418973475689302,20,20,6.495889186859131
1107,,0.19034813527074548,0.02114979280786061,-0.0036656510084867476,1.0,1.0,1.0,1.0,0.0,0.9076923076923077,0.09230769230769231,0.0,0.44377083507263,0.05555555555555555,0.05555555555555555,0.6666666666666666,0.9990163331583951,0.02077134175957715,0.0,0.0,0.0,0.0,0.17692307692307693,0.5538461538461539,0.2692307692307692,0.25384615384615383,0.25384615384615383,nan,nan,0.01570812846665325,0.06853039689838489,0.0,0.0,0.0,0.20125646715328513,0.18048512539370798,1.5837219811537113,20,20,2.7297632694244385
1108,,0.19116800725349153,0.021240889694832392,-0.01872073281556368,1.0,1.0,1.0,1.0,1.0,0.9007633587786259,0.0916030534351145,0.007633587786259542,0.46727349733830326,0.09444444444444444,0.09444444444444444,0.5555555555555556,0.9986841565357897,0.02786557840451498,100.0,0.008914709995693541,1.0,0.008914709995693541,0.22137404580152673,0.40458015267175573,0.37404580152671757,0.31297709923664124,0.31297709923664124,nan,nan,0.018722217059662365,0.06602321852755969,0.0,0.02040816326530612,0.02040816326530612,0.20605637605113075,0.17819079764661577,1.639210664062289,20,20,3.338571786880493
1109,,0.23540048449584694,0.010700022022538497,-0.0016963085159659385,1.0,1.0,1.0,1.0,0.0,0.780952380952381,0.21904761904761905,0.0,0.43085682437310674,0.7227272727272728,0.7227272727272728,0.45454545454545453,0.9781883249364502,0.11721325393941431,0.0,0.0,0.0,0.0,0.10476190476190476,0.44761904761904764,0.44761904761904764,0.24285714285714285,0.24285714285714285,nan,nan,0.1299271286369735,0.46728822541498044,0.0,0.09574468085106383,0.0,0.30621428299969133,0.18900102906027702,1.8884762192698838,20,20,6.7278478145599365
1110,,0.2569428985548917,0.011171430371951814,-0.006373574584722519,1.0,1.0,1.0,1.0,0.0,0.8078817733990148,0.1921182266009852,0.0,0.4125535128450871,0.9739130434782609,0.9739130434782609,0.4782608695652174,0.9853547919248391,0.13481749637375184,0.0,0.0,0.0,0.0,0.09852216748768473,0.8472906403940886,0.054187192118226604,0.2561576354679803,0.2561576354679803,nan,nan,0.17850628978556352,0.5477164147377733,0.0,0.09090909090909091,0.0,0.3420416511270086,0.20722415475325673,1.647421507734285,20,20,7.101654291152954
1111,,0.24863228337365195,0.010810099277115303,-0.0341480877250433,1.0,1.0,1.0,1.0,0.0,0.7874396135265701,0.21256038647342995,0.0,0.41848601091896065,0.9152173913043479,0.9152173913043479,1.0,0.9894168299685505,0.09331429042314138,0.0,0.0,0.0,0.0,0.09178743961352658,0.8454106280193237,0.06280193236714976,0.2898550724637681,0.2898550724637681,nan,nan,0.16764186601665382,0.540403447308007,0.0,0.23076923076923078,0.0,0.3035517071909595,0.2102374167678181,1.4628063313662105,20,20,8.662535190582275
1112,,0.2501297917642794,0.009264066361639978,-0.011710724513977765,1.0,1.0,1.0,1.0,0.0,0.7450980392156863,0.2549019607843137,0.0,0.4243827745486568,0.7388888888888889,0.7388888888888889,0.3333333333333333,0.9688766381005404,0.15542068145379395,0.0,0.0,0.0,0.0,0.12745098039215685,0.44607843137254904,0.4264705882352941,0.31862745098039214,0.31862745098039214,nan,nan,0.17279050423569864,0.7597610003120976,0.0,0.10344827586206896,0.0,0.34591262757884944,0.1904919461250555,1.9043826313083987,20,20,7.046283721923828
1113,,0.19088763013101717,0.023860953766377146,0.013439183682203292,1.0,1.0,1.0,1.0,0.0,0.8384615384615385,0.16153846153846155,0.0,0.4687442141701467,0.075,0.075,0.375,0.9988799883816857,0.026659821766210873,0.0,0.0,0.0,0.0,0.15384615384615385,0.4846153846153846,0.36153846153846153,0.26153846153846155,0.26153846153846155,nan,nan,0.016922580868312578,0.05983641687287722,0.0,0.14893617021276595,0.0,0.20427900567810475,0.17761918391189388,1.6358550121739874,20,20,2.251734972000122
1114,,0.2280336084724005,0.008445689202681501,0.05314535945653916,0.9,0.9,0.9,0.985,0.0,0.7336683417085427,0.2663316582914573,0.0,0.41937909532269396,0.8166666666666667,0.8166666666666667,0.7037037037037037,0.932651526638138,0.2794849269514947,0.0,0.0,0.0,0.0,0.1507537688442211,0.6633165829145728,0.18592964824120603,0.33668341708542715,0.33668341708542715,nan,nan,0.18286415126597644,0.5940302214242192,0.0,0.10810810810810811,0.0,0.3081587514135121,0.02867382446201744,1.7146001594916864,20,20,6.8071675300598145
1115,,0.20274533551246257,0.007509086500461577,0.08079071268439293,0.8,0.8,0.8,0.9795918367346939,1.0,0.8402061855670103,0.14948453608247422,0.010309278350515464,0.39848632158720176,0.7333333333333333,0.7333333333333333,0.4074074074074074,0.9111578441750864,0.21807624129421804,0.0,-0.1408566793332209,0.0,0.0,0.10309278350515463,0.6701030927835051,0.2268041237113402,0.23711340206185566,0.23711340206185566,nan,nan,0.16735034842945068,0.5257111057527923,0.007692307692307693,0.045454545454545456,0.0,0.2656359177730892,0.04755967647887116,1.7139005337813933,20,20,8.316854476928711
1116,,0.18915132945797328,0.021016814384219252,0.02361593712121248,1.0,1.0,1.0,1.0,0.0,0.725925925925926,0.2740740740740741,0.0,0.4329108783444907,0.05555555555555555,0.05555555555555555,0.7777777777777778,0.9987539349522176,0.023145990341873368,0.0,0.0,0.0,0.0,0.22962962962962963,0.3111111111111111,0.45925925925925926,0.2814814814814815,0.2814814814814815,nan,nan,0.02134192119191282,0.07160801762118879,0.0,0.25806451612903225,0.0,0.19730958906634868,0.17416359872447532,1.7559085704232613,20,20,2.2726762294769287
1117,,0.2584983852687215,0.009574014269211907,0.013984588347375393,0.95,0.95,0.95,0.9950248756218906,0.0,0.805,0.195,0.0,0.4028999073413649,0.9185185185185185,0.9185185185185185,0.3333333333333333,0.9623855162054615,0.16373010644717947,0.0,0.0,0.0,0.0,0.095,0.435,0.47,0.235,0.235,nan,nan,0.22044932163247138,0.735279932236062,0.0,0.07446808510638298,0.0,0.3488264869016754,0.18509638045449592,1.6692150049856516,20,20,8.509801149368286
1118,,0.19141949484908313,0.021268832761009236,0.009282953105866909,1.0,1.0,1.0,1.0,0.0,0.6917293233082706,0.3082706766917293,0.0,0.4265756863169372,0.05555555555555555,0.05555555555555555,0.6666666666666666,0.9979712224722582,0.028950375888036395,0.0,0.0,0.0,0.0,0.16541353383458646,0.3308270676691729,0.5037593984962406,0.2706766917293233,0.2706766917293233,nan,nan,0.0215028944739477,0.06908253982872543,0.0,0.31343283582089554,0.0,0.20592077350720028,0.1769703976191639,1.9608425081660692,20,20,2.2833361625671387
1119,,0.19049437465992486,0.02116604162888054,-0.002379554882645607,1.0,1.0,1.0,1.0,0.0,0.706766917293233,0.2932330827067669,0.0,0.4317868110516833,0.09444444444444444,0.09444444444444444,0.8888888888888888,0.9979955920866243,0.03602130839471887,0.0,0.0,0.0,0.0,0.21052631578947367,0.5263157894736842,0.2631578947368421,0.3609022556390977,0.3609022556390977,nan,nan,0.02029870444156745,0.0905448675512472,0.0,0.2571428571428571,0.0,0.21473113779066305,0.17870982939594418,1.8741601166685262,20,20,2.114487648010254
1120,,0.23276544613636135,0.011638272306818067,-0.0035032106563448904,1.0,1.0,1.0,1.0,1.0,0.7589743589743589,0.2358974358974359,0.005128205128205128,0.42276327380212025,0.765,0.765,0.95,0.9831853579016647,0.11498074848582168,0.0,-0.3049686004338028,0.0,0.0,0.15384615384615385,0.39487179487179486,0.4512820512820513,0.27692307692307694,0.27692307692307694,nan,nan,0.1311210131450923,0.46337923652037494,0.0,0.17045454545454544,0.0,0.30568555294914695,0.19070480446332527,1.90647420366317,20,20,6.32993221282959
1121,,0.2279411138183068,0.009117644552732273,0.034695135056972505,0.9,0.9,0.9,0.9800995024875622,1.0,0.7889447236180904,0.20100502512562815,0.010050251256281407,0.3820539331971668,0.946,0.946,0.8,0.9706681920884292,0.18069059300783286,0.0,-0.3491135140786521,0.0,0.0,0.06532663316582915,0.3768844221105528,0.5577889447236181,0.21608040201005024,0.21608040201005024,nan,nan,0.21100162863459018,0.7330025202432446,0.013333333333333334,0.08108108108108109,0.0,0.3013332350078587,0.12064264200002585,1.6994252610628195,20,20,11.73991870880127
1122,,0.2541780520416774,0.011051219653985976,0.013663533329963683,1.0,1.0,1.0,1.0,0.0,0.7604166666666666,0.23958333333333334,0.0,0.395245688454167,0.9304347826086956,0.9304347826086956,0.4782608695652174,0.9678397008832768,0.14599261262239466,0.0,0.0,0.0,0.0,0.10416666666666667,0.5729166666666666,0.3229166666666667,0.2604166666666667,0.2604166666666667,nan,nan,0.18941060124599177,0.6238265939353825,0.0,0.12903225806451613,0.0,0.3417124013807584,0.19571978875836377,1.8702683683831944,20,20,6.539501190185547
1123,,0.19033822400362488,0.02114869155595832,-0.009436759166419506,1.0,1.0,1.0,1.0,0.0,0.9285714285714286,0.07142857142857142,0.0,0.4474153907969594,0.07777777777777778,0.07777777777777778,0.7777777777777778,0.997997461605521,0.04412178681915585,0.0,0.0,0.0,0.0,0.15873015873015872,0.1746031746031746,0.6666666666666666,0.20634920634920634,0.20634920634920634,nan,nan,0.024598110657944445,0.07676957477458629,0.0,0.03571428571428571,0.0,0.2193264292545873,0.17520464243543146,1.6849654830404832,20,20,3.5809009075164795
1124,,0.26242905171786396,0.010934543821577665,0.03218204528093338,1.0,1.0,1.0,1.0,0.0,0.79,0.21,0.0,0.4048038353025428,1.0729166666666667,1.0729166666666667,0.4583333333333333,0.9718521631016446,0.1436007518651687,0.0,0.0,0.0,0.0,0.09,0.815,0.095,0.28,0.28,nan,nan,0.21018075052003823,0.7042889228706622,0.0,0.0,0.0,0.3434103609171851,0.19980960905201636,1.6962199885728988,20,20,7.119276285171509
1125,,0.2433471810067033,0.010580312217682752,-0.004339132830500603,1.0,1.0,1.0,1.0,0.0,0.780373831775701,0.21962616822429906,0.0,0.40457664724191367,0.8043478260869565,0.8043478260869565,0.6086956521739131,0.9815444528149023,0.14379964951515375,0.0,0.0,0.0,0.0,0.11682242990654206,0.5514018691588785,0.3317757009345794,0.308411214953271,0.308411214953271,nan,nan,0.14242093557938024,0.43271719983890644,0.0,0.056338028169014086,0.0,0.34152331206479347,0.19772366254963972,1.7045346932684227,20,20,8.195899248123169
1126,,0.24361832674269696,0.009022900990470258,0.013421744853258134,0.9,0.9,0.9,0.9901477832512315,0.0,0.8514851485148515,0.1485148514851485,0.0,0.39977287133569245,1.0018518518518518,1.0018518518518518,0.5925925925925926,0.9727776867049038,0.17419697300788478,0.0,0.0,0.0,0.0,0.07920792079207921,0.37623762376237624,0.5445544554455446,0.21287128712871287,0.21287128712871287,nan,nan,0.2412022574626302,0.6198782359142772,0.0,0.02727272727272727,0.0,0.30810171574345585,0.13390474273557107,1.5872404063009908,20,20,14.184239864349365
1127,,0.24872999528372933,0.010363749803488722,0.045556146651506424,1.0,1.0,1.0,1.0,0.0,0.8232323232323232,0.17676767676767677,0.0,0.4093293854345878,0.9541666666666667,0.9541666666666667,0.8333333333333334,0.9620873783536921,0.17593263254011215,0.0,0.0,0.0,0.0,0.09595959595959595,0.6767676767676768,0.22727272727272727,0.25252525252525254,0.25252525252525254,nan,nan,0.1823883882525097,0.6184646179602371,0.0,0.08888888888888889,0.0,0.36350130822925353,0.18756867568914137,1.605737273889226,20,20,8.340641736984253
1128,,0.22935232076637158,0.007908700716081778,0.020163173601031304,0.9,0.9,0.9,0.9948979591836735,0.0,0.8461538461538461,0.15384615384615385,0.0,0.39737045760507345,0.8068965517241379,0.8068965517241379,0.3103448275862069,0.962990798287588,0.2193869091125552,0.0,0.0,0.0,0.0,0.1076923076923077,0.8461538461538461,0.046153846153846156,0.26153846153846155,0.26153846153846155,nan,nan,0.19362912455794817,0.6786838498981703,0.0,0.0,0.0,0.3271079118040399,0.10772100269148471,1.5706543835417333,20,20,6.938884496688843
1129,,0.23267248730060616,0.00646312464723906,0.04225950464606285,0.7,0.7,0.7,0.9568627450980393,0.0,0.8531746031746031,0.14682539682539683,0.0,0.3959852680934192,1.4597222222222221,1.4597222222222221,0.8888888888888888,0.9042306659514321,0.2560609908936903,0.0,0.0,0.0,0.0,0.07539682539682539,0.43253968253968256,0.49206349206349204,0.17857142857142858,0.17857142857142858,nan,nan,0.3756526568192324,0.9963393259408275,0.0,0.07258064516129033,0.0,0.3277934879282097,0.07173249703451948,1.8351617978114705,20,20,22.185354471206665
1130,,0.24394030318003504,0.009757612127201401,-0.008558835461735725,0.95,0.95,0.95,0.9901477832512315,0.0,0.7920792079207921,0.2079207920792079,0.0,0.4162984096333385,0.922,0.922,0.4,0.967265507415152,0.17922427019864967,0.0,0.0,0.0,0.0,0.10891089108910891,0.37623762376237624,0.5148514851485149,0.24752475247524752,0.24752475247524752,nan,nan,0.20229434233665797,0.7605519375608881,0.0,0.09615384615384616,0.0,0.31887113882433865,0.13964686862568898,1.83235601984484,20,20,7.277448892593384
1131,,0.24050028388636424,0.007073537761363654,0.023530323058366776,0.85,0.85,0.85,0.9877551020408163,0.0,0.7213114754098361,0.2786885245901639,0.0,0.3993907429408008,1.4588235294117646,1.4588235294117646,1.5294117647058822,0.9603744335283577,0.20875286244356434,0.0,0.0,0.0,0.0,0.07377049180327869,0.8852459016393442,0.040983606557377046,0.319672131147541,0.319672131147541,nan,nan,0.3465329379469516,1.105647583206994,0.0,0.4,0.0,0.2974173216979901,0.0886644592544258,1.6567615964824716,20,20,12.65095329284668
1132,,0.24730135512584062,0.0095115905817631,-0.0020231664180755614,0.95,0.95,0.95,0.995260663507109,0.0,0.8047619047619048,0.19523809523809524,0.0,0.403386654899943,0.8192307692307692,0.8192307692307692,0.7307692307692307,0.9741313305542387,0.1525714315916975,0.0,0.0,0.0,0.0,0.10476190476190476,0.7571428571428571,0.1380952380952381,0.2619047619047619,0.2619047619047619,nan,nan,0.16652582852600212,0.5495595239547176,0.0,0.20689655172413793,0.0,0.3274550363853532,0.17488360479365572,1.5773805406109813,20,20,6.9500813484191895
1133,,0.2423252591614113,0.010535880833104838,-0.0006698910146951675,1.0,1.0,1.0,1.0,1.0,0.8442211055276382,0.1507537688442211,0.005025125628140704,0.399469481580625,0.9543478260869566,0.9543478260869566,0.7391304347826086,0.9805428841683099,0.13356352483479533,0.0,-0.36088359459792674,0.0,0.0,0.08040201005025126,0.6180904522613065,0.3015075376884422,0.23115577889447236,0.23115577889447236,nan,nan,0.18407824841081386,0.5714863065623832,0.008130081300813009,0.0,0.0,0.3169164822512496,0.18335295741645424,1.8011680380827932,20,20,11.172968864440918
1134,,0.2583199261415683,0.010763330255898679,-0.02897149957716465,1.0,1.0,1.0,1.0,0.0,0.7941176470588235,0.20588235294117646,0.0,0.41101447902062016,0.9291666666666667,0.9291666666666667,0.4166666666666667,0.9829365834837536,0.11988294112058862,0.0,0.0,0.0,0.0,0.14215686274509803,0.4803921568627451,0.37745098039215685,0.28921568627450983,0.28921568627450983,nan,nan,0.1850558095559764,0.6274441722817059,0.0,0.05194805194805195,0.0,0.3179703011518846,0.198087360031296,1.8192543343172136,20,20,7.082205533981323
1135,,0.24341736509589898,0.00973669460383596,-0.06641793251037598,1.0,1.0,1.0,1.0,1.0,0.7839195979899497,0.21105527638190955,0.005025125628140704,0.42066156935505566,0.838,0.838,0.48,0.9778873774751506,0.13289856317715248,0.0,-0.7853162001269008,0.0,0.0,0.1407035175879397,0.2663316582914573,0.592964824120603,0.2562814070351759,0.2562814070351759,nan,nan,0.1917742649367289,0.6478887707242196,0.0,0.1016949152542373,0.0,0.32111527435065546,0.18821671117350297,1.9409855038134372,20,20,7.013921022415161
1136,,0.23852966777354148,0.01037085512058876,-0.0271855678409338,1.0,1.0,1.0,1.0,0.0,0.7604166666666666,0.23958333333333334,0.0,0.39858593534420084,0.7782608695652173,0.7782608695652173,0.5652173913043478,0.9778024256617148,0.14236354712369104,0.0,0.0,0.0,0.0,0.14583333333333334,0.25,0.6041666666666666,0.2552083333333333,0.2552083333333333,nan,nan,0.17116366992544943,0.5478243851926627,0.0,0.12931034482758622,0.0,0.33091857164121985,0.1885550245175288,1.8460186308344468,20,20,6.494811773300171
1137,,0.26742268878938447,0.00810371784210256,-0.007188183162361384,1.0,1.0,1.0,1.0,0.0,0.8016194331983806,0.19838056680161945,0.0,0.42103543068409305,1.4015151515151516,1.4015151515151516,1.0303030303030303,0.9898720676954197,0.12768357919567108,0.0,0.0,0.0,0.0,0.08097165991902834,0.7165991902834008,0.20242914979757085,0.24696356275303644,0.24696356275303644,nan,nan,0.3094545814691498,0.893437116715599,0.0,0.12,0.0,0.32763762078253056,0.19995404158685948,1.8462429698189453,20,20,12.385755777359009
1138,,0.2358082902729154,0.00906954962588136,0.006928812526166439,0.95,0.95,0.95,0.9948979591836735,0.0,0.8153846153846154,0.18461538461538463,0.0,0.4080925821434133,0.7942307692307692,0.7942307692307692,0.2692307692307692,0.9745079694028136,0.1807335064077687,0.0,0.0,0.0,0.0,0.10256410256410256,0.7794871794871795,0.11794871794871795,0.2564102564102564,0.2564102564102564,nan,nan,0.16856753631447452,0.6321364821505623,0.0,0.17391304347826086,0.0,0.29588469104981985,0.11515118464205117,1.6218225761080443,20,20,6.558461427688599
1139,,0.2321457423907824,0.008928682399645477,0.021791816502809525,0.95,0.95,0.95,0.995,0.0,0.845,0.155,0.0,0.4226564008252283,0.9076923076923077,0.9076923076923077,0.8076923076923077,0.9533861244429255,0.25563719420977804,0.0,0.0,0.0,0.0,0.065,0.54,0.395,0.195,0.195,nan,nan,0.2085083425272657,0.612445355693685,0.0,0.06329113924050633,0.0,0.30671365579154763,0.051076461581769594,1.8941864653264533,20,20,12.975654602050781
1140,,0.23277093501883642,0.008952728269955247,0.02146528512239456,0.9,0.9,0.9,0.9849246231155779,0.0,0.8282828282828283,0.1717171717171717,0.0,0.4096489140669851,0.9115384615384615,0.9115384615384615,0.4230769230769231,0.9561554899430369,0.21257853894318016,0.0,0.0,0.0,0.0,0.13131313131313133,0.6212121212121212,0.2474747474747475,0.26262626262626265,0.26262626262626265,nan,nan,0.20427879641543917,0.7164510986598843,0.0,0.12244897959183673,0.0,0.3207708618928654,0.10819232294968525,1.6701306866603078,20,20,6.508249759674072
1141,,0.24021574175984267,0.008896879324438618,0.030566512793302535,0.9,0.9,0.9,0.9950248756218906,0.0,0.845,0.155,0.0,0.41559938561792176,0.9611111111111111,0.9611111111111111,0.1111111111111111,0.9570411130578643,0.22529565705429005,0.0,0.0,0.0,0.0,0.12,0.435,0.445,0.235,0.235,nan,nan,0.23217673292598642,0.7369273191515504,0.0,0.0449438202247191,0.0,0.37197948580535073,0.14668382875106067,1.7600519353665112,20,20,7.020849704742432
1142,,0.2454154404927683,0.01067023654316384,0.0002879926934838295,0.95,0.95,0.95,0.9855769230769231,0.0,0.821256038647343,0.178743961352657,0.0,0.41393843587379114,0.908695652173913,0.908695652173913,0.5217391304347826,0.9790169783936562,0.15243486172631385,0.0,0.0,0.0,0.0,0.14009661835748793,0.3719806763285024,0.48792270531400966,0.20772946859903382,0.20772946859903382,nan,nan,0.18245292123426654,0.6914915352916458,0.0,0.10891089108910891,0.0,0.3394455747140168,0.18701071298770297,1.7623141323754274,20,20,6.908227443695068
1143,,0.2426674356036095,0.00970669742414438,-0.012318896502256394,0.95,0.95,0.95,1.0,0.0,0.8505154639175257,0.14948453608247422,0.0,0.42426270463876425,0.866,0.866,0.24,0.979851269855019,0.17150093957812673,0.0,0.0,0.0,0.0,0.10309278350515463,0.8298969072164949,0.06701030927835051,0.2422680412371134,0.2422680412371134,nan,nan,0.18490461465799543,0.632479957878116,0.0,0.0,0.0,0.34648931862036647,0.17498837904223974,1.6264483848593319,20,20,6.630380868911743
1144,,0.19277494328072464,0.019277494328072464,-0.021200437843799592,1.0,1.0,1.0,1.0,0.0,0.8503937007874016,0.14960629921259844,0.0,0.44099671377800403,0.065,0.065,0.1,0.9987684323399975,0.025847158640510126,0.0,0.0,0.0,0.0,0.1889763779527559,0.4409448818897638,0.3700787401574803,0.2677165354330709,0.2677165354330709,nan,nan,0.019562472045652902,0.06330304154831595,0.0,0.14893617021276595,0.0,0.2088195093006407,0.18297235066013057,1.8967432577401035,20,20,2.15921950340271
1145,,0.23111054426543023,0.00924442177061721,-0.006357669085264206,0.95,0.95,0.95,0.9948979591836735,0.0,0.8102564102564103,0.18974358974358974,0.0,0.4332542892359197,0.724,0.724,0.56,0.9754852631818971,0.16735342070589815,0.0,0.0,0.0,0.0,0.1641025641025641,0.358974358974359,0.47692307692307695,0.2717948717948718,0.2717948717948718,nan,nan,0.16231317091560635,0.5587774612131403,0.0,0.08602150537634409,0.0,0.30739511346245896,0.1400416927565608,1.9798428827618089,20,20,6.2830986976623535
1146,,0.2673372290857722,0.007426034141271449,0.03491843808442354,0.85,0.85,0.85,0.9777777777777777,0.0,0.7744360902255639,0.22556390977443608,0.0,0.42256679805965786,1.5902777777777777,1.5902777777777777,1.1111111111111112,0.9294401543683396,0.3270793347691704,0.0,0.0,0.0,0.0,0.06390977443609022,0.9097744360902256,0.02631578947368421,0.2857142857142857,0.2857142857142857,nan,nan,0.364428951407568,1.0609820152900173,0.0,0.14285714285714285,0.0,0.43100949550665857,0.1039301607374882,1.6536682244669054,20,20,14.223257541656494
1147,,0.19129059222153558,0.023911324027691947,0.021863886341452598,1.0,1.0,1.0,1.0,0.0,0.7633587786259542,0.2366412213740458,0.0,0.47599230144405735,0.09375,0.09375,0.375,0.9978251819396696,0.03044593743402782,0.0,0.0,0.0,0.0,0.2900763358778626,0.45038167938931295,0.2595419847328244,0.4198473282442748,0.4198473282442748,nan,nan,0.017142900365831756,0.07612588831042735,0.0,0.23529411764705882,0.0,0.20838485910418753,0.1779389216701597,1.9119648171253933,20,20,2.1037161350250244
1148,,0.25681307124805425,0.007782214280244068,0.037529980018734935,0.85,0.85,0.85,0.9872340425531915,0.0,0.7478632478632479,0.25213675213675213,0.0,0.4234425302587845,1.5378787878787878,1.5378787878787878,1.0,0.9425309919123991,0.23121502880742995,0.0,0.0,0.0,0.0,0.0811965811965812,0.5598290598290598,0.358974358974359,0.24358974358974358,0.24358974358974358,nan,nan,0.3805126086140554,1.0803775683682764,0.0,0.2261904761904762,0.0,0.3450708252366489,0.11385579642921896,1.7605409486156394,20,20,11.606765508651733
1149,,0.2397641254338893,0.011417339306375682,-0.019572371244430543,1.0,1.0,1.0,1.0,0.0,0.755,0.245,0.0,0.4427936855814464,0.8214285714285714,0.8214285714285714,0.5714285714285714,0.9865241006798864,0.09570313309526512,0.0,0.0,0.0,0.0,0.125,0.425,0.45,0.3,0.3,nan,nan,0.1455130309256857,0.5002858241973889,0.0,0.08888888888888889,0.0,0.2900854078801254,0.19438227478486025,1.8761210925257936,20,20,6.465839385986328
1150,,0.26184431147293014,0.010910179644705422,-0.007968734949827194,1.0,1.0,1.0,1.0,0.0,0.806930693069307,0.19306930693069307,0.0,0.43964717192866376,0.9645833333333333,0.9645833333333333,0.5416666666666666,0.9782624819429351,0.12685095645014588,0.0,0.0,0.0,0.0,0.09900990099009901,0.7821782178217822,0.1188118811881188,0.2871287128712871,0.2871287128712871,nan,nan,0.1769535637862284,0.5670581586108121,0.0,0.041666666666666664,0.0,0.34010078759428364,0.21324983114413776,1.667817780738401,20,20,6.932175874710083
1151,,0.2609771571525687,0.0076757987397814325,0.04963209107518196,0.9,0.9,0.9,0.9776951672862454,0.0,0.7857142857142857,0.21428571428571427,0.0,0.4339637918238569,1.4088235294117648,1.4088235294117648,1.2058823529411764,0.9376234401936929,0.32030553383437094,0.0,0.0,0.0,0.0,0.11278195488721804,0.4924812030075188,0.39473684210526316,0.18421052631578946,0.18421052631578946,nan,nan,0.31718524434789463,0.9588705718302363,0.0,0.22857142857142856,0.0,0.35104959132431146,0.030744057489940524,1.8266227503132038,20,20,13.087307929992676
1152,,0.26252068583332516,0.008468409220429844,0.008598931506276131,0.9,0.9,0.9,0.984313725490196,0.0,0.83399209486166,0.16600790513833993,0.0,0.4452954066557727,1.429032258064516,1.429032258064516,1.032258064516129,0.956022312207905,0.24387658613051377,0.0,0.0,0.0,0.0,0.06324110671936758,0.857707509881423,0.07905138339920949,0.2015810276679842,0.2015810276679842,nan,nan,0.2919301399328365,0.782686718017853,0.0,0.25,0.0,0.3294905917331173,0.08561400560260352,1.7926955471772095,20,20,11.816373109817505
1153,,0.2726653000973592,0.008262584851435127,0.03449237458407879,0.95,0.95,0.95,1.0,0.0,0.8132295719844358,0.1867704280155642,0.0,0.45694522563364554,1.5287878787878788,1.5287878787878788,0.8484848484848485,0.9450886065403166,0.2906069154314864,0.0,0.0,0.0,0.0,0.054474708171206226,0.8988326848249028,0.04669260700389105,0.24124513618677043,0.24124513618677043,nan,nan,0.3246232296885651,0.8138212336058017,0.0,0.0,0.0,0.37042627331178174,0.07981935788029533,1.7968778217518961,20,20,13.071629762649536
1154,,0.25018420029981275,0.01000736801199251,0.031884906068444255,1.0,1.0,1.0,1.0,0.0,0.7853658536585366,0.2146341463414634,0.0,0.45741584840556604,0.866,0.866,0.56,0.9690096405334623,0.1838645287369684,0.0,0.0,0.0,0.0,0.15609756097560976,0.47317073170731705,0.37073170731707317,0.2780487804878049,0.2780487804878049,nan,nan,0.17976165823987306,0.6985330528304413,0.0,0.11842105263157894,0.0,0.3828546041078838,0.1989900753709154,1.7199746201449344,20,20,6.840803146362305
1155,,0.23895493933145284,0.009558197573258114,0.024773603305220604,0.9,0.9,0.9,0.9897435897435898,0.0,0.8402061855670103,0.15979381443298968,0.0,0.4514886156420689,0.896,0.896,0.24,0.969298307629707,0.2040993985769754,0.0,0.0,0.0,0.0,0.10309278350515463,0.7989690721649485,0.0979381443298969,0.24742268041237114,0.24742268041237114,nan,nan,0.18531735396075502,0.7181835635144751,0.0,0.05263157894736842,0.0,0.29507648511054196,0.09097708653356658,1.6528285427310925,20,20,6.496156215667725
1156,,0.2644690748614114,0.007556259281754612,0.0612458560615778,0.9,0.9,0.9,0.9923664122137404,0.0,0.8091603053435115,0.19083969465648856,0.0,0.45149886592690436,1.3942857142857144,1.3942857142857144,1.0571428571428572,0.9321501083828575,0.2828460868058695,0.0,0.0,0.0,0.0,0.0648854961832061,0.8206106870229007,0.11450381679389313,0.20610687022900764,0.20610687022900764,nan,nan,0.3111462153124541,0.9206340667639777,0.0,0.3,0.0,0.36495086773333074,0.08210478092746126,1.7676179044612708,20,20,12.447700262069702
1157,,0.23422728336988716,0.011711364168494358,-0.004118648916482925,1.0,1.0,1.0,1.0,0.0,0.8274111675126904,0.17258883248730963,0.0,0.45444205997744574,0.9325,0.9325,1.05,0.9907018732344678,0.07957433375010023,0.0,0.0,0.0,0.0,0.116751269035533,0.6142131979695431,0.26903553299492383,0.2639593908629442,0.2639593908629442,nan,nan,0.15624200021757526,0.41087410268436836,0.0,0.05660377358490566,0.0,0.280623180918939,0.20104884716883878,1.6145908955744037,20,20,7.351935625076294
1158,,0.23616241930771606,0.011245829490843622,-0.0313429331406951,1.0,1.0,1.0,1.0,1.0,0.7868020304568528,0.20812182741116753,0.005076142131979695,0.4623989377148627,0.8666666666666667,0.8666666666666667,0.5238095238095238,0.9868901130350258,0.11263557196069285,0.0,-0.45032221104312453,0.0,0.0,0.10152284263959391,0.8020304568527918,0.09644670050761421,0.3096446700507614,0.3096446700507614,nan,nan,0.13881020917158163,0.47858960635279296,0.006329113924050633,0.0,0.0,0.29979057234278284,0.18715500038209,1.745945537970919,20,20,5.9917521476745605
1159,,0.22275156356890216,0.00856736782957316,-0.0024609673768281938,0.95,0.95,0.95,0.9852941176470589,1.0,0.8366336633663366,0.15346534653465346,0.009900990099009901,0.44132880647487654,0.7903846153846154,0.7903846153846154,0.6538461538461539,0.9604969416242519,0.24893728847316793,50.0,-0.3667252468916275,0.5,0.04602735281884602,0.09900990099009901,0.2079207920792079,0.693069306930693,0.2079207920792079,0.2079207920792079,nan,nan,0.18681787799232608,0.5784396937237402,0.023809523809523808,0.05714285714285714,0.007142857142857143,0.341021056020671,0.09208376754750307,1.9989308929642227,20,20,11.737200498580933
1160,,0.243470890107953,0.010144620421164709,-0.006299586407840252,1.0,1.0,1.0,1.0,0.0,0.805,0.195,0.0,0.45320635713287627,0.9,0.9,1.0,0.9860573605632555,0.10116349343309833,0.0,0.0,0.0,0.0,0.1,0.835,0.065,0.295,0.295,nan,nan,0.17164846405972775,0.5585114385048648,0.0,0.0,0.0,0.2976818535835844,0.19651836015048607,1.6946590996207715,20,20,9.0379478931427
1161,,0.2577355776844807,0.01073898240352003,0.005221615359187126,1.0,1.0,1.0,1.0,0.0,0.7323232323232324,0.2676767676767677,0.0,0.431546488487705,1.0208333333333333,1.0208333333333333,1.2083333333333333,0.9708323541631699,0.1476254818852164,0.0,0.0,0.0,0.0,0.07575757575757576,0.7828282828282829,0.1414141414141414,0.30808080808080807,0.30808080808080807,nan,nan,0.19857832813810397,0.733767122709049,0.0,0.10714285714285714,0.0,0.354396430496609,0.2067709486113926,1.9378376348896311,20,20,7.601131200790405
1162,,0.24193283327078088,0.011520611108132423,-0.017133451998233795,1.0,1.0,1.0,1.0,1.0,0.7604166666666666,0.22395833333333334,0.015625,0.45333039493000665,0.9833333333333333,0.9833333333333333,1.619047619047619,0.9734014600223527,0.15239165966576407,0.0,-0.25757072172088097,0.0,0.0,0.078125,0.734375,0.1875,0.234375,0.234375,nan,nan,0.17639507664621104,0.6566179081211063,0.02127659574468085,0.19444444444444445,0.0,0.3503122588669332,0.1979205992011691,1.9222767749842433,20,20,11.380388259887695
1163,,0.2356795948857107,0.010246938908074378,-0.029344115033745767,1.0,1.0,1.0,1.0,1.0,0.7015706806282722,0.2670157068062827,0.031413612565445025,0.442908749146306,0.8543478260869565,0.8543478260869565,1.7391304347826086,0.982607307444046,0.1451330637180467,16.666666666666664,-0.20696541297827342,0.16666666666666666,0.06286212391964713,0.07329842931937172,0.23036649214659685,0.6963350785340314,0.2094240837696335,0.2094240837696335,nan,nan,0.18856150900706398,0.6285810147788389,0.0,0.18796992481203006,0.03759398496240601,0.3331044697335979,0.1879714060155512,2.2524638809359754,20,20,12.97667908668518
1164,,0.23760813518312515,0.013200451954618064,0.005302002653479576,1.0,1.0,1.0,1.0,0.0,0.7602040816326531,0.23979591836734693,0.0,0.4659312757611689,0.8777777777777778,0.8777777777777778,0.7777777777777778,0.9878312031176268,0.08960909907006714,0.0,0.0,0.0,0.0,0.11224489795918367,0.5357142857142857,0.3520408163265306,0.28061224489795916,0.28061224489795916,nan,nan,0.13108168468641457,0.3804195800965333,0.0,0.08695652173913043,0.0,0.2826705956876734,0.19306149661760624,1.8475316828840427,20,20,6.111767530441284
1165,,0.26018381898973286,0.008130744343429152,-0.0006910046562552452,0.95,0.95,0.95,0.9960629921259843,0.0,0.7233201581027668,0.2766798418972332,0.0,0.44256797534690123,1.3609375,1.3609375,1.75,0.9654654660260275,0.24708324345831933,0.0,0.0,0.0,0.0,0.09486166007905138,0.5968379446640316,0.308300395256917,0.25691699604743085,0.25691699604743085,nan,nan,0.29329108372938084,0.919041898907503,0.0,0.24358974358974358,0.0,0.32453844110370555,0.0774551976453862,1.703786850834763,20,20,12.672159910202026
1166,,0.2635886053174315,0.011460374144236151,-0.015157297253608704,1.0,1.0,1.0,1.0,1.0,0.8502415458937198,0.14492753623188406,0.004830917874396135,0.4545621213346274,1.0434782608695652,1.0434782608695652,0.6956521739130435,0.9742800207291422,0.14276098034971685,0.0,-0.40323291991649196,0.0,0.0,0.0821256038647343,0.7922705314009661,0.12560386473429952,0.21256038647342995,0.21256038647342995,nan,nan,0.1978671120781077,0.6164051263951773,0.006097560975609756,0.038461538461538464,0.0,0.34533096054767753,0.2025699801979607,1.5924904559456945,20,20,12.828530311584473
1167,,0.1899717440080999,0.021107971556455545,0.010287528857588768,1.0,1.0,1.0,1.0,1.0,0.9057971014492754,0.06521739130434782,0.028985507246376812,0.4710463255850805,0.08888888888888889,0.08888888888888889,0.6666666666666666,0.9985138099982114,0.025400293060019646,0.0,-0.01252337899220293,0.0,0.0,0.15217391304347827,0.391304347826087,0.45652173913043476,0.21014492753623187,0.21014492753623187,nan,nan,0.018517565234041706,0.06606847770846193,0.037037037037037035,0.047619047619047616,0.031746031746031744,0.2017865504189489,0.17638625735892927,1.5448836611501884,20,20,4.552565336227417
1168,,0.24875984041021623,0.010815645235226793,-0.0181495800614357,1.0,1.0,1.0,1.0,1.0,0.8762376237623762,0.10396039603960396,0.019801980198019802,0.4428696775484992,1.0152173913043478,1.0152173913043478,0.782608695652174,0.9735880022824427,0.1403867311312961,0.0,-0.2771049496202034,0.0,0.0,0.08415841584158416,0.8267326732673267,0.0891089108910891,0.18811881188118812,0.18811881188118812,nan,nan,0.18173414985087002,0.5591322790702425,0.023952095808383235,0.0,0.0,0.3238635831197824,0.18347685198848632,1.780894619159583,20,20,11.44400930404663
1169,,0.2515409101853866,0.010936561312408112,-0.012729518115520477,1.0,1.0,1.0,1.0,1.0,0.7643979057591623,0.23036649214659685,0.005235602094240838,0.451285186547624,1.065217391304348,1.065217391304348,0.9130434782608695,0.9778561222696732,0.1564835146666504,0.0,-0.049212765496564836,0.0,0.0,0.08900523560209424,0.8010471204188482,0.1099476439790576,0.2774869109947644,0.2774869109947644,nan,nan,0.2064914223250445,0.7111355729027967,0.006535947712418301,0.19047619047619047,0.0,0.3430862819009773,0.1866027672343269,1.5106187864253917,20,20,6.782357931137085
1170,,0.2443803159136838,0.0067883421087134395,0.07054530810564756,0.9,0.9,0.9,0.9921568627450981,0.0,0.7165354330708661,0.28346456692913385,0.0,0.4409460386749642,1.4097222222222223,1.4097222222222223,1.1666666666666667,0.9266772731498554,0.3059716471798551,0.0,0.0,0.0,0.0,0.06299212598425197,0.8700787401574803,0.06692913385826772,0.3031496062992126,0.3031496062992126,nan,nan,0.3346932842439122,0.9799160912585774,0.0,0.17647058823529413,0.0,0.31482606417825454,0.008854416998399436,1.6059866976296007,20,20,13.01893424987793
1171,,0.19196370706740232,0.019196370706740233,-0.014147556014358997,1.0,1.0,1.0,1.0,0.0,0.928,0.072,0.0,0.49337223401293157,0.105,0.105,0.7,0.9982956852428502,0.03219185287319398,0.0,0.0,0.0,0.0,0.152,0.544,0.304,0.224,0.224,nan,nan,0.02399225626847541,0.07793956985745978,0.0,0.0,0.0,0.2081707433064876,0.17597889043329362,1.6434233538551026,20,20,3.2343032360076904
1172,,0.24954502720070326,0.010849783791334925,0.016233040392398833,0.95,0.95,0.95,1.0,0.0,0.7635467980295566,0.23645320197044334,0.0,0.4696218428892873,1.058695652173913,1.058695652173913,0.8260869565217391,0.9744130232189083,0.16747089323185366,0.0,0.0,0.0,0.0,0.11822660098522167,0.4039408866995074,0.47783251231527096,0.24630541871921183,0.24630541871921183,nan,nan,0.21389910039190976,0.74643144817119,0.0,0.14432989690721648,0.0,0.31616160748050626,0.1486907142486526,1.7719317719753553,20,20,7.419663429260254
1173,,0.23944867322264485,0.009577946928905795,-0.011863309890031815,0.95,0.95,0.95,0.9895833333333334,1.0,0.7905759162303665,0.20418848167539266,0.005235602094240838,0.4369969138670713,0.786,0.786,0.6,0.9713829036385818,0.14923608969871643,0.0,-0.0961322889648889,0.0,0.0,0.1256544502617801,0.5759162303664922,0.29842931937172773,0.2617801047120419,0.2617801047120419,nan,nan,0.17504163239076043,0.6347517514782812,0.0,0.10526315789473684,0.0,0.30769021649179673,0.1584541267930803,1.861205517379314,20,20,6.240712404251099
1174,,0.23893429381836098,0.009189780531475423,0.009472407028079033,0.9,0.9,0.9,0.9846938775510204,0.0,0.8512820512820513,0.14871794871794872,0.0,0.44175035014945585,0.9692307692307692,0.9692307692307692,0.46153846153846156,0.9582076836788919,0.24273206883927667,0.0,0.0,0.0,0.0,0.14358974358974358,0.6153846153846154,0.24102564102564103,0.24102564102564103,0.24102564102564103,nan,nan,0.2215313414151808,0.6893602160570672,0.0,0.0851063829787234,0.0,0.3317524049783621,0.08902033613908544,1.7206158279340062,20,20,6.72770357131958
1175,,0.2646825040996104,0.007562357259988869,0.004987244307994842,0.9,0.9,0.9,0.9857142857142858,1.0,0.8152173913043478,0.18115942028985507,0.0036231884057971015,0.4577715524542145,1.42,1.42,1.0285714285714285,0.9414330315317166,0.23382607621238616,0.0,-0.32571566325448065,0.0,0.0,0.12318840579710146,0.5108695652173914,0.36594202898550726,0.2608695652173913,0.2608695652173913,nan,nan,0.31621177856103266,0.8828653580112898,0.0070921985815602835,0.09900990099009901,0.0,0.37092491134777583,0.13709883513538967,1.7667249842410215,20,20,14.359634399414062
1176,,0.25090714917283313,0.00965027496818589,0.024801379069685936,0.9,0.9,0.9,0.9802955665024631,0.0,0.7860696517412935,0.21393034825870647,0.0,0.44590878509020865,1.0,1.0,0.34615384615384615,0.95156268755977,0.2460294624972822,0.0,0.0,0.0,0.0,0.10945273631840796,0.7761194029850746,0.11442786069651742,0.29850746268656714,0.29850746268656714,nan,nan,0.21598581307518433,0.7285284591084593,0.0,0.043478260869565216,0.0,0.3266069372212172,0.08057747472393502,1.6734216825968282,20,20,7.213728427886963
1177,,0.2293598778503469,0.009556661577097787,-0.0017144404351711272,1.0,1.0,1.0,1.0,1.0,0.6831683168316832,0.3118811881188119,0.0049504950495049506,0.4488792217850763,0.7729166666666667,0.7729166666666667,1.5833333333333333,0.9765180968706992,0.13497805306566618,0.0,-0.4075491626158549,0.0,0.0,0.07425742574257425,0.7722772277227723,0.15346534653465346,0.30198019801980197,0.30198019801980197,nan,nan,0.14733910633176556,0.48415184376743414,0.00641025641025641,0.22580645161290322,0.0,0.32631204120365276,0.19133398813798658,1.7592248522992293,20,20,7.570721864700317
1178,,0.2512067638612838,0.010922033211360167,0.0087528795003891,1.0,1.0,1.0,1.0,1.0,0.7948717948717948,0.2,0.005128205128205128,0.42791824977359044,0.9391304347826087,0.9391304347826087,0.4782608695652174,0.9745326243971847,0.16635795067074494,0.0,-0.3384508636161418,0.0,0.0,0.08717948717948718,0.7794871794871795,0.13333333333333333,0.2717948717948718,0.2717948717948718,nan,nan,0.18144120656002466,0.6079609965342321,0.006578947368421052,0.038461538461538464,0.0,0.36445013994914677,0.19809218927840183,1.6735002141926263,20,20,6.782963991165161
1179,,0.1924690388665433,0.02405862985831791,-0.006255669333040714,1.0,1.0,1.0,1.0,1.0,0.746031746031746,0.24603174603174602,0.007936507936507936,0.4798287987883668,0.0875,0.0875,0.0,0.9975410202495332,0.03424078816924431,0.0,-0.022267359670258134,0.0,0.0,0.23809523809523808,0.3253968253968254,0.4365079365079365,0.3412698412698413,0.3412698412698413,nan,nan,0.02083311412147259,0.08455452226078043,0.0,0.16363636363636364,0.01818181818181818,0.21344416657960763,0.17920337841036332,1.9786754403241944,20,20,1.9736521244049072
1180,,0.26323945666310755,0.010968310694296149,-0.026929160207509996,1.0,1.0,1.0,1.0,1.0,0.8960396039603961,0.09405940594059406,0.009900990099009901,0.4174623873341867,1.0208333333333333,1.0208333333333333,0.7916666666666666,0.9763957665384158,0.14895697903600807,0.0,-0.3037236092007236,0.0,0.0,0.10396039603960396,0.7029702970297029,0.19306930693069307,0.20297029702970298,0.20297029702970298,nan,nan,0.20086184520315883,0.601457346920678,0.007042253521126761,0.0,0.02564102564102564,0.33021719508072145,0.18126021604471337,2.0939088584276617,20,20,14.156589031219482
1181,,0.19271828849263808,0.021413143165848678,0.0016828453168272971,1.0,1.0,1.0,1.0,0.0,0.8095238095238095,0.19047619047619047,0.0,0.44615646231298645,0.14444444444444443,0.14444444444444443,0.4444444444444444,0.997865390375,0.03540759212987982,0.0,0.0,0.0,0.0,0.19047619047619047,0.31746031746031744,0.49206349206349204,0.2777777777777778,0.2777777777777778,nan,nan,0.02869632311083004,0.11129452117685096,0.0,0.08064516129032258,0.0,0.2141245888849483,0.1787169967550685,1.9976551353756222,20,20,2.059858798980713
1182,,0.2379324412974471,0.009517297651897884,0.02358798235654831,0.85,0.85,0.85,0.97,1.0,0.8426395939086294,0.15228426395939088,0.005076142131979695,0.4389475200278393,1.046,1.046,0.36,0.971643990507163,0.14937078352791472,0.0,-0.533001869810126,0.0,0.0,0.14213197969543148,0.5076142131979695,0.350253807106599,0.2436548223350254,0.2436548223350254,nan,nan,0.23245434989526662,0.7711108612605184,0.01,0.057971014492753624,0.0,0.32886842950491635,0.17949764597700163,1.789882354279598,20,20,6.561490535736084
1183,,0.22294451393726036,0.00796230406918787,0.06491790227591991,0.8,0.8,0.8,0.9637305699481865,0.8333333333333334,0.8412698412698413,0.12698412698412698,0.031746031746031744,0.4198700856442364,1.0053571428571428,1.0053571428571428,0.4642857142857143,0.9003633362992531,0.34963929549429246,0.0,-0.5294557705432411,0.0,0.0,0.08994708994708994,0.3333333333333333,0.5767195767195767,0.20105820105820105,0.20105820105820105,nan,nan,0.2776306930337386,0.884849181341216,0.09523809523809523,0.027522935779816515,0.0,0.37191125130314623,0.022271955808853786,2.2674953351597047,20,20,13.338191032409668
1184,,0.24371232981975724,0.010154680409156552,-0.011372777819633483,0.95,0.95,0.95,0.9852216748768473,1.0,0.8267326732673267,0.15841584158415842,0.01485148514851485,0.4252191029843137,1.0645833333333334,1.0645833333333334,0.5833333333333334,0.9779981999535918,0.14441616804805466,33.33333333333333,-0.20274771721130583,0.3333333333333333,0.2436544368585285,0.10396039603960396,0.49504950495049505,0.400990099009901,0.22277227722772278,0.22277227722772278,nan,nan,0.22143529603511086,0.7713542967343184,0.03,0.09876543209876543,0.0,0.3407687803502354,0.19635261230218073,1.6565910916835733,20,20,7.100682497024536
1185,,0.24692229375785546,0.01028842890657731,-0.006819317489862442,0.85,0.85,0.85,0.9801980198019802,1.0,0.83,0.165,0.005,0.45595148198869234,1.06875,1.06875,0.375,0.9784888978219703,0.1620981511158311,0.0,-0.2517190072566507,0.0,0.0,0.08,0.86,0.06,0.235,0.235,nan,nan,0.21260902107136048,0.8032457898240926,0.005813953488372093,0.0,0.0,0.3145850602897786,0.15248690917394753,1.7313054828106413,20,20,7.168744802474976
1186,,0.24547631429918906,0.011158014286326776,-0.000735500082373619,1.0,1.0,1.0,1.0,1.0,0.8186528497409327,0.17616580310880828,0.0051813471502590676,0.4365483357153029,0.9659090909090909,0.9659090909090909,0.5,0.9705048182751412,0.18649001896374218,0.0,-0.04419339013130669,0.0,0.0,0.11917098445595854,0.45595854922279794,0.42487046632124353,0.22279792746113988,0.22279792746113988,nan,nan,0.1819172889325724,0.541817216692921,0.011363636363636364,0.0975609756097561,0.0,0.37616234361307477,0.1896723246493326,1.857378113482904,20,20,6.720459938049316
1187,,0.24072195355998416,0.010466171893912355,-0.0011976778507232666,1.0,1.0,1.0,1.0,1.0,0.8366336633663366,0.15841584158415842,0.0049504950495049506,0.43932596029329074,0.8021739130434783,0.8021739130434783,0.6086956521739131,0.9720610382887375,0.1716441189513162,0.0,-0.07889737164466055,0.0,0.0,0.1188118811881188,0.5792079207920792,0.30198019801980197,0.24752475247524752,0.24752475247524752,nan,nan,0.14771050382731024,0.501404973483274,0.008547008547008548,0.03278688524590164,0.0,0.36264926575218326,0.19100514680086705,1.970099541560157,20,20,6.948527812957764
1188,,0.23880315238156485,0.009552126095262594,-0.0014597427099943161,0.95,0.95,0.95,0.995049504950495,1.0,0.8308457711442786,0.16417910447761194,0.004975124378109453,0.4169754366758279,0.876,0.876,0.52,0.9424244330753498,0.2880287640139276,0.0,-0.5628274747824451,0.0,0.0,0.0945273631840796,0.681592039800995,0.22388059701492538,0.21393034825870647,0.21393034825870647,nan,nan,0.17879905358783518,0.5979689230873734,0.0072992700729927005,0.06666666666666667,0.0,0.3625526758881491,0.07452391187422154,1.6915494642057831,20,20,6.925746917724609
1189,,0.23677412396024303,0.00986558849834346,-0.010343842394649982,1.0,1.0,1.0,1.0,1.0,0.78,0.21,0.01,0.4336973714695584,0.7875,0.7875,0.7916666666666666,0.975380981628552,0.1718312292090833,50.0,-0.02622856336637524,0.5,0.02125782964748464,0.13,0.635,0.235,0.265,0.265,nan,nan,0.15693251611346934,0.6103143490056145,0.015748031496062992,0.14893617021276595,0.0,0.3631466470538848,0.19131541784480147,1.7293468157976772,20,20,6.4389965534210205
1190,,0.22366469815000742,0.008946587926000296,0.10147344321012497,0.65,0.65,0.65,0.8177083333333334,0.5666666666666667,0.6271186440677966,0.1977401129943503,0.1751412429378531,0.4217180328159593,0.774,0.774,0.2,0.7143890716071156,0.6278234301896375,9.67741935483871,-2.3678376580784564,0.0967741935483871,0.06167884396035631,0.12994350282485875,0.7627118644067796,0.10734463276836158,0.22598870056497175,0.22598870056497175,nan,nan,0.602665640539706,3.1507781927801513,0.1259259259259259,0.10526315789473684,0.15789473684210525,0.5501420978627816,-0.07768133232685592,1.6974796981666922,20,20,8.317608118057251
1191,,0.22146753264086536,0.008517982024648667,0.05849056504666805,0.85,0.85,0.85,0.9744897959183674,0.9523809523809523,0.6205128205128205,0.2564102564102564,0.12307692307692308,0.4094762393761462,0.9807692307692307,0.9807692307692307,0.2692307692307692,0.8828475215846403,0.3171892160719461,8.333333333333332,-0.2011050447729584,0.08333333333333333,0.06933941655531999,0.10256410256410256,0.8769230769230769,0.020512820512820513,0.2512820512820513,0.2512820512820513,nan,nan,0.22450914100403443,0.7932904567500162,0.08187134502923976,0.25,0.0,0.3404165760894523,0.02322736001750618,1.6674605936197457,20,20,6.952748775482178
1192,,0.2430952169482676,0.009723808677930705,0.019668586552143097,0.95,0.95,0.95,0.9950248756218906,1.0,0.7014925373134329,0.26865671641791045,0.029850746268656716,0.41947081514867024,0.918,0.918,0.92,0.972656037320506,0.1718423416004072,16.666666666666664,-0.2906312645609852,0.16666666666666666,0.012096517623623237,0.12437810945273632,0.5422885572139303,0.3333333333333333,0.2935323383084577,0.2935323383084577,nan,nan,0.20081929700380724,0.6142587377743826,0.009174311926605505,0.13432835820895522,0.07462686567164178,0.30677740931590863,0.13493506771550143,1.7504546271455759,20,20,7.271125078201294
1193,,0.18831099994321096,0.020923444438134552,0.005761771090328693,1.0,1.0,1.0,1.0,1.0,0.7410071942446043,0.2517985611510791,0.007194244604316547,0.4493051721817917,0.09444444444444444,0.09444444444444444,0.3333333333333333,0.998532511338487,0.02708797542467206,0.0,-0.03884850778453413,0.0,0.0,0.17985611510791366,0.2446043165467626,0.5755395683453237,0.2158273381294964,0.2158273381294964,nan,nan,0.02956100570578569,0.092828540259784,0.0,0.2375,0.0,0.1997105947215781,0.17262261929690603,1.734985223807092,20,20,2.4647843837738037
1194,,0.24944612677786368,0.007558973538723142,0.034580936282873155,0.9,0.9,0.9,0.9849624060150376,1.0,0.8060836501901141,0.19011406844106463,0.0038022813688212928,0.41297511066606435,1.534848484848485,1.534848484848485,0.8181818181818182,0.9421366447406505,0.26731975858054613,0.0,-0.14398717612594314,0.0,0.0,0.07604562737642585,0.9049429657794676,0.019011406844106463,0.24714828897338403,0.24714828897338403,nan,nan,0.3267906478036225,0.838163089459363,0.004201680672268907,0.2,0.0,0.31974900741664386,0.052429248836097744,1.6926625056943536,20,20,13.410381555557251
1195,,0.2456086481333539,0.009824345925334156,0.007901551201939583,0.9,0.9,0.9,0.9847715736040609,0.0,0.9137055837563451,0.08121827411167512,0.005076142131979695,0.41748543886607514,1.056,1.056,0.32,0.9713655356494603,0.16783401433685421,0.0,-0.14380774657158335,0.0,0.0,0.10152284263959391,0.7715736040609137,0.12690355329949238,0.18274111675126903,0.18274111675126903,nan,nan,0.21879675855561856,0.7321812366551577,0.006578947368421052,0.0,0.0,0.3183070923853746,0.15047307804852036,1.9053401502632226,20,20,9.109578132629395
1196,,0.21963704960212,0.0087854819840848,0.018978050723671914,0.95,0.95,0.95,1.0,1.0,0.8795811518324608,0.09947643979057591,0.020942408376963352,0.41980788798537105,0.872,0.872,0.8,0.965105751948689,0.18436335339474286,0.0,-0.6129874519209032,0.0,0.0,0.09424083769633508,0.21465968586387435,0.6910994764397905,0.193717277486911,0.193717277486911,nan,nan,0.2082968362862785,0.6120384052862742,0.0,0.0,0.022727272727272728,0.2796069564996111,0.09524360310486825,2.0538558076456557,20,20,13.307089567184448
1197,,0.28957113314823396,0.008774882822673757,0.04171871729195118,0.9,0.9,0.9,0.9961832061068703,1.0,0.7786259541984732,0.21374045801526717,0.007633587786259542,0.43328869162007433,1.643939393939394,1.643939393939394,1.2424242424242424,0.9676776973108855,0.2141048697706554,0.0,-0.28962299513394923,0.0,0.0,0.07633587786259542,0.8396946564885496,0.08396946564885496,0.25572519083969464,0.25572519083969464,nan,nan,0.36159845894840315,1.095034936523819,0.0,0.045454545454545456,0.045454545454545456,0.39875527999855537,0.18465041022789996,1.7738268713671612,20,20,18.46420979499817
1198,,0.25703166557561896,0.00988583329136996,0.02645667679607868,0.95,0.95,0.95,1.0,0.0,0.7843137254901961,0.21568627450980393,0.0,0.4176205614921995,1.0115384615384615,1.0115384615384615,0.4230769230769231,0.9447518213480576,0.25648715390351073,0.0,0.0,0.0,0.0,0.08823529411764706,0.8627450980392157,0.049019607843137254,0.25980392156862747,0.25980392156862747,nan,nan,0.21617411923696767,0.7383081623416564,0.0,0.1,0.0,0.36199219696443763,0.10550504306092691,1.5902239801397984,20,20,7.102422714233398
1199,,0.24617024643017263,0.010257093601257193,0.012060548365116119,1.0,1.0,1.0,1.0,0.0,0.8112244897959183,0.18877551020408162,0.0,0.43487048854027915,0.8770833333333333,0.8770833333333333,0.625,0.9752797016645295,0.17500315971437053,0.0,0.0,0.0,0.0,0.1326530612244898,0.6887755102040817,0.17857142857142858,0.28061224489795916,0.28061224489795916,nan,nan,0.17688399351959466,0.5718312819225654,0.0,0.0,0.0,0.3643215735862372,0.18931841387186665,1.679717241979303,20,20,6.458065509796143
1200,,0.25613676080141967,0.007761720024285445,0.023238733038306238,0.7,0.7,0.7,0.9586466165413534,0.0,0.8648648648648649,0.13513513513513514,0.0,0.43635203172734965,1.621212121212121,1.621212121212121,0.696969696969697,0.9433843344214193,0.24377789020835547,0.0,0.0,0.0,0.0,0.11969111969111969,0.752895752895753,0.1274131274131274,0.22393822393822393,0.22393822393822393,nan,nan,0.35310848644363546,1.042169670153478,0.0,0.0,0.0,0.3696114141400525,0.12583352393169703,1.833718790090961,20,20,12.835984468460083
1201,,0.26673979753159693,0.007845288162694027,0.0036694600246846678,1.0,1.0,1.0,1.0,0.0,0.8141263940520446,0.18587360594795538,0.0,0.4257190867423025,1.2647058823529411,1.2647058823529411,0.7647058823529411,0.9676047178419988,0.16516911254316652,0.0,0.0,0.0,0.0,0.1449814126394052,0.5315985130111525,0.32342007434944237,0.2527881040892193,0.2527881040892193,nan,nan,0.27456879030012304,0.8140435277275022,0.0,0.034482758620689655,0.0,0.3551640447512976,0.18999493220813107,1.9620290218033787,20,20,13.202173948287964
1202,,0.27717893202940075,0.008152321530276493,0.029928393475711346,0.95,0.95,0.95,1.0,0.0,0.8106995884773662,0.18930041152263374,0.0,0.4314744663582293,1.4897058823529412,1.4897058823529412,1.088235294117647,0.9613746368755285,0.2851930125890253,0.0,0.0,0.0,0.0,0.09053497942386832,0.8806584362139918,0.02880658436213992,0.23045267489711935,0.23045267489711935,nan,nan,0.34566921726805294,0.9219311495879686,0.0,0.2857142857142857,0.0,0.36566301155438985,0.08046999896536455,1.8864064246236971,20,20,12.545896053314209
1203,,0.22533490456286603,0.010242495661948457,-0.0009533103555440902,1.0,1.0,1.0,1.0,0.0,0.8860103626943006,0.11398963730569948,0.0,0.4285049854333258,0.7340909090909091,0.7340909090909091,0.6818181818181818,0.9696472275012422,0.16968989387319452,0.0,0.0,0.0,0.0,0.10880829015544041,0.16580310880829016,0.7253886010362695,0.20207253886010362,0.20207253886010362,nan,nan,0.14894909219027014,0.5616397745483773,0.0,0.02857142857142857,0.0,0.34734621562118195,0.17765632174798743,2.1554456661041423,20,20,10.623090744018555
1204,,0.2436259993003564,0.010592434752189408,-0.03485521357506514,1.0,1.0,1.0,1.0,0.0,0.8387096774193549,0.16129032258064516,0.0,0.4189655110832182,0.9434782608695652,0.9434782608695652,0.30434782608695654,0.9795163721387201,0.13117787538775488,0.0,0.0,0.0,0.0,0.0967741935483871,0.6935483870967742,0.20967741935483872,0.22043010752688172,0.22043010752688172,nan,nan,0.18425667842873505,0.5805758480043776,0.0,0.07692307692307693,0.0,0.30939484818282936,0.17821697279507448,1.713236841426263,20,20,6.417657852172852
1205,,0.19064063418421195,0.023830079273026494,-0.002289714477956295,1.0,1.0,1.0,1.0,0.0,0.7969924812030075,0.20300751879699247,0.0,0.4953532073413953,0.05625,0.05625,0.75,0.997944139182249,0.03649192705043225,0.0,0.0,0.0,0.0,0.18045112781954886,0.556390977443609,0.2631578947368421,0.3007518796992481,0.3007518796992481,nan,nan,0.016013587580161033,0.060065129139949255,0.0,0.08571428571428572,0.0,0.20922207745506513,0.17273015040463288,1.846648182418122,20,20,2.5623416900634766
1206,,0.24512572557921025,0.01021357189913376,-0.006452882289886474,1.0,1.0,1.0,1.0,0.0,0.7354497354497355,0.26455026455026454,0.0,0.42046354766389415,0.89375,0.89375,0.5,0.9749657038218027,0.14043579790758334,0.0,0.0,0.0,0.0,0.10582010582010581,0.5026455026455027,0.3915343915343915,0.26455026455026454,0.26455026455026454,nan,nan,0.20250595124216184,0.6846300240777753,0.0,0.13513513513513514,0.0,0.3356277067438058,0.19519190883622248,1.6885829562499521,20,20,6.6390204429626465
1207,,0.2430295082601173,0.010126229510838221,-0.00873344037681818,1.0,1.0,1.0,1.0,0.0,0.8497652582159625,0.15023474178403756,0.0,0.4235887092171955,0.7916666666666666,0.7916666666666666,0.20833333333333334,0.9784744266520367,0.12902532031220212,0.0,0.0,0.0,0.0,0.13615023474178403,0.6103286384976526,0.2535211267605634,0.26291079812206575,0.26291079812206575,nan,nan,0.147680486558534,0.5251038247703894,0.0,0.05555555555555555,0.0,0.3251027212634419,0.1960774009512398,1.7711827315151278,20,20,6.599503517150879
1208,,0.2789528869686647,0.008204496675548963,0.0028336158022284506,0.95,0.95,0.95,0.989010989010989,0.0,0.8088235294117647,0.19117647058823528,0.0,0.4330094936906415,1.5470588235294118,1.5470588235294118,1.0294117647058822,0.9713400775461188,0.17564208792288452,0.0,0.0,0.0,0.0,0.09926470588235294,0.5441176470588235,0.35661764705882354,0.18382352941176472,0.18382352941176472,nan,nan,0.3428489205971617,0.8757681426417476,0.0,0.15463917525773196,0.0,0.3644227000923454,0.18878061216946088,1.7641884107563777,20,20,13.050142288208008
1209,,0.19203746942259006,0.021337496602510008,0.009063919261097907,1.0,1.0,1.0,1.0,0.0,0.8984375,0.1015625,0.0,0.4568302982331564,0.05555555555555555,0.05555555555555555,0.4444444444444444,0.9988361717058923,0.02702927294467311,0.0,0.0,0.0,0.0,0.1953125,0.3515625,0.453125,0.265625,0.265625,nan,nan,0.02092169031232896,0.06984061985328771,0.0,0.034482758620689655,0.0,0.2081001819200387,0.1810709089753656,1.798963126199594,20,20,2.0471014976501465
1210,,0.23899408352816862,0.008851632723265505,0.006985192559659481,0.95,0.95,0.95,0.9948186528497409,1.0,0.875,0.11979166666666667,0.005208333333333333,0.43020109052174826,0.8555555555555555,0.8555555555555555,0.5555555555555556,0.9678286668832992,0.19432607886268924,0.0,-0.45569844958977634,0.0,0.0,0.11458333333333333,0.828125,0.057291666666666664,0.234375,0.234375,nan,nan,0.18378694677056437,0.5238317409207464,0.006289308176100629,0.0,0.0,0.2992350655730848,0.10490898671039559,1.7439481005633848,20,20,6.120715379714966
1211,,0.21987747287504816,0.008143610106483266,0.03979128412902355,0.85,0.85,0.85,0.9952153110047847,0.0,0.8653846153846154,0.1346153846153846,0.0,0.4081022161964534,0.975925925925926,0.975925925925926,0.48148148148148145,0.9467720296157607,0.19472913386265356,0.0,0.0,0.0,0.0,0.08653846153846154,0.8076923076923077,0.10576923076923077,0.22115384615384615,0.22115384615384615,nan,nan,0.19931306003549373,0.6663822962414008,0.0,0.0,0.0,0.2865497969657505,0.09182066310309693,1.7878687872081396,20,20,7.364412069320679
1212,,0.19011929011377826,0.021124365568197585,0.007348693534731865,1.0,1.0,1.0,1.0,0.0,0.8633093525179856,0.1366906474820144,0.0,0.45791723794407313,0.03888888888888889,0.03888888888888889,0.4444444444444444,0.9981828735592283,0.035158373933356274,0.0,0.0,0.0,0.0,0.16546762589928057,0.43884892086330934,0.39568345323741005,0.2517985611510791,0.2517985611510791,nan,nan,0.018597650134416655,0.05632699709590452,0.0,0.09090909090909091,0.0,0.20947540472414966,0.1743170307907934,1.7114086908501676,20,20,2.7141525745391846
1213,,0.24353362645936957,0.010147234435807066,0.00800071507692337,0.95,0.95,0.95,0.9903381642512077,0.0,0.848780487804878,0.15121951219512195,0.0,0.4291858204182063,1.0875,1.0875,0.3333333333333333,0.9828548961464276,0.13924297508684996,0.0,0.0,0.0,0.0,0.1024390243902439,0.6878048780487804,0.2097560975609756,0.24390243902439024,0.24390243902439024,nan,nan,0.21329032623763663,0.689661760047193,0.0,0.0,0.0,0.33918620043866304,0.19994322535181308,1.7340204437730902,20,20,7.388789653778076
1214,,0.19205343447584786,0.021339270497316428,0.00016487101092934608,1.0,1.0,1.0,1.0,0.0,0.875,0.125,0.0,0.4584136052005407,0.08333333333333333,0.08333333333333333,0.8888888888888888,0.998119381837181,0.034536366794901796,0.0,0.0,0.0,0.0,0.22058823529411764,0.5147058823529411,0.2647058823529412,0.3014705882352941,0.3014705882352941,nan,nan,0.01893036645473788,0.07396283448864746,0.0,0.05555555555555555,0.0,0.21439743691487528,0.1798610701199735,1.6433671904751184,20,20,2.014599561691284
1215,,0.2569981195283088,0.007138836653564133,0.015852879732847214,0.9,0.9,0.9,0.9847328244274809,0.0,0.8076923076923077,0.19230769230769232,0.0,0.41365484576704653,1.3583333333333334,1.3583333333333334,0.7777777777777778,0.9433450803023048,0.2728079022423572,0.0,0.0,0.0,0.0,0.09615384615384616,0.7153846153846154,0.18846153846153846,0.25,0.25,nan,nan,0.3264441711515383,0.8601483979475276,0.0,0.08163265306122448,0.0,0.35615317731340745,0.08334527507105027,1.7368075427061063,20,20,12.386310815811157
1216,,0.19308533801926756,0.021453926446585284,-0.00734341312199831,1.0,1.0,1.0,1.0,0.0,0.8015267175572519,0.1984732824427481,0.0,0.45579050381978353,0.08333333333333333,0.08333333333333333,0.3333333333333333,0.9987484546178584,0.027377459481468164,0.0,0.0,0.0,0.0,0.15267175572519084,0.4580152671755725,0.3893129770992366,0.24427480916030533,0.24427480916030533,nan,nan,0.020375290519663927,0.07266803426341072,0.0,0.1568627450980392,0.0,0.20898836210710361,0.18161090262563545,1.5723280398996993,20,20,2.3172459602355957
1217,,0.18877432630731014,0.023596790788413768,0.004516631551086903,1.0,1.0,1.0,1.0,0.0,0.9130434782608695,0.08695652173913043,0.0,0.47584368754178286,0.025,0.025,0.875,0.9986652871728725,0.026641112825819158,0.0,0.0,0.0,0.0,0.14492753623188406,0.14492753623188406,0.7101449275362319,0.18115942028985507,0.18115942028985507,nan,nan,0.02448920588772211,0.056037720776141074,0.0,0.05102040816326531,0.0,0.20882076625462725,0.1821796534288081,1.6459605331791949,20,20,3.589618682861328
1218,,0.24303308490596776,0.009347426342537222,0.0193749763071537,0.9,0.9,0.9,0.9853658536585366,0.0,0.7745098039215687,0.22549019607843138,0.0,0.41091693635568777,1.0269230769230768,1.0269230769230768,0.34615384615384615,0.9570226163315488,0.23173622150546505,0.0,0.0,0.0,0.0,0.0784313725490196,0.8333333333333334,0.08823529411764706,0.28921568627450983,0.28921568627450983,nan,nan,0.22169058815538045,0.7604026580649287,0.0,0.05555555555555555,0.0,0.3706973782768128,0.13896115677134777,1.6146774970970403,20,20,7.438472747802734
1219,,0.22567706222726194,0.007781967663009032,0.02031463272869587,0.9,0.9,0.9,0.9954128440366973,0.0,0.8211009174311926,0.17889908256880735,0.0,0.4157186562990256,0.7344827586206897,0.7344827586206897,0.13793103448275862,0.9373625487404876,0.27380719067066667,0.0,0.0,0.0,0.0,0.14678899082568808,0.23853211009174313,0.6146788990825688,0.26146788990825687,0.26146788990825687,nan,nan,0.17897229115465046,0.6500366486979675,0.0,0.08955223880597014,0.0,0.3067836728810325,0.032976482210365796,1.9748426278815863,20,20,7.6828649044036865
1220,,0.19133251074880792,0.02391656384360099,-0.008435763884335756,1.0,1.0,1.0,1.0,0.0,0.9534883720930233,0.046511627906976744,0.0,0.46701328628696503,0.10625,0.10625,0.75,0.9977112061415363,0.033962636262710566,0.0,0.0,0.0,0.0,0.16279069767441862,0.3953488372093023,0.4418604651162791,0.20155038759689922,0.20155038759689922,nan,nan,0.022714821332338687,0.09720508571801319,0.0,0.017543859649122806,0.0,0.21482889315682677,0.1808662568941162,1.5043694898090048,20,20,2.838409662246704
1221,,0.2687233116034703,0.008143130654650615,0.022188605926930904,0.9,0.9,0.9,0.9759036144578314,0.0,0.8571428571428571,0.14285714285714285,0.0,0.433772932913747,1.4742424242424241,1.4742424242424241,0.48484848484848486,0.9626225667343213,0.2070513358895802,0.0,0.0,0.0,0.0,0.0653061224489796,0.8979591836734694,0.036734693877551024,0.20816326530612245,0.20816326530612245,nan,nan,0.3358284411822575,0.9793301523225331,0.0,0.0,0.0,0.3598091909905062,0.152757855100926,1.7384796804644838,20,20,10.791692972183228
1222,,0.1919053690771528,0.0239881711346441,0.01792716048657894,1.0,1.0,1.0,1.0,0.0,0.8540145985401459,0.145985401459854,0.0,0.4972757151350379,0.06875,0.06875,0.125,0.9985290970988265,0.031242006158711394,0.0,0.0,0.0,0.0,0.18248175182481752,0.2846715328467153,0.5328467153284672,0.24087591240875914,0.24087591240875914,nan,nan,0.02153640791033601,0.06214449051789917,0.0,0.1095890410958904,0.0,0.2080910529330977,0.17684904677438631,1.795986186323962,20,20,2.27839994430542
1223,,0.24314242916784207,0.011051928598538275,-0.014795372635126114,1.0,1.0,1.0,1.0,0.0,0.81,0.19,0.0,0.43431079624199564,1.065909090909091,1.065909090909091,1.3181818181818181,0.9833611608745989,0.11756912273479053,0.0,0.0,0.0,0.0,0.095,0.81,0.095,0.24,0.24,nan,nan,0.18947835159384366,0.5700314240993856,0.0,0.05263157894736842,0.0,0.30454453418066796,0.18697541144587743,1.6279749215265396,20,20,7.96628475189209
1224,,0.1909692916011779,0.023871161450147237,0.05146668590605259,1.0,1.0,1.0,1.0,0.0,0.8955223880597015,0.1044776119402985,0.0,0.4793063887394965,0.05,0.05,0.375,0.9988187334705985,0.0244510641162341,0.0,0.0,0.0,0.0,0.16417910447761194,0.3805970149253731,0.4552238805970149,0.20149253731343283,0.20149253731343283,nan,nan,0.022139087347812614,0.06542976062485278,0.0,0.04918032786885246,0.0,0.2000624075109331,0.175611343394699,1.6754472878518951,20,20,2.594939708709717
1225,,0.2985796329595417,0.009047867665440659,0.01716172192245722,1.0,1.0,1.0,1.0,0.0,0.8372093023255814,0.16279069767441862,0.0,0.44475557070020866,1.4757575757575758,1.4757575757575758,0.6060606060606061,0.9658200922874328,0.19414790450473854,0.0,0.0,0.0,0.0,0.11627906976744186,0.6472868217054264,0.2364341085271318,0.25193798449612403,0.25193798449612403,nan,nan,0.3236329210579346,0.9088440561103311,0.0,0.04918032786885246,0.0,0.38662935452542024,0.1924814500206817,1.7210804814042695,20,20,12.528362274169922
1226,,0.24276396562591035,0.01011516523441293,0.018801920302212238,0.95,0.95,0.95,0.9897435897435898,0.0,0.8092783505154639,0.19072164948453607,0.0,0.4523673335468629,1.04375,1.04375,0.8333333333333334,0.9784864236756733,0.15882683499179664,0.0,0.0,0.0,0.0,0.08762886597938144,0.8247422680412371,0.08762886597938144,0.25773195876288657,0.25773195876288657,nan,nan,0.21831546098072116,0.798631225153776,0.0,0.0,0.0,0.33385948753750483,0.17503265254570818,1.6112410384572153,20,20,6.902499198913574
1227,,0.2493315367922396,0.007123758194063989,0.043704386614263055,0.7,0.7,0.7,0.9365671641791045,0.0,0.8837209302325582,0.11627906976744186,0.0,0.4306534693150648,1.6542857142857144,1.6542857142857144,0.45714285714285713,0.9500220194620611,0.2428821184942906,0.0,0.0,0.0,0.0,0.07364341085271318,0.9031007751937985,0.023255813953488372,0.18992248062015504,0.18992248062015504,nan,nan,0.38930248492175107,1.116924130688996,0.0,0.0,0.0,0.3397388848001984,0.09685676630590785,1.525965802569944,20,20,16.218417644500732
1228,,0.2322921321812699,0.009291685287250795,0.015263520926237107,0.95,0.95,0.95,0.9951690821256038,0.0,0.8260869565217391,0.16908212560386474,0.004830917874396135,0.4512086614444852,0.884,0.884,0.84,0.9610717307574728,0.21448046201975174,0.0,-0.7168653827125856,0.0,0.0,0.1642512077294686,0.3526570048309179,0.4830917874396135,0.25120772946859904,0.25120772946859904,nan,nan,0.1925142974187583,0.7373185410479502,0.0136986301369863,0.13,0.0,0.3061539793282996,0.09167351730854785,1.825014642545503,20,20,7.482107400894165
1229,,0.23830629526491057,0.009165626740958098,0.005848563276231289,0.9,0.9,0.9,0.9903381642512077,0.0,0.8682926829268293,0.13170731707317074,0.0,0.4552448318158545,0.8384615384615385,0.8384615384615385,0.38461538461538464,0.9738556001762407,0.14237366234050272,0.0,0.0,0.0,0.0,0.1024390243902439,0.7658536585365854,0.13170731707317074,0.22439024390243903,0.22439024390243903,nan,nan,0.17412522052533086,0.6169849034009783,0.0,0.0,0.0,0.3050949813021442,0.16272131896164146,1.7120294571011148,20,20,7.715529918670654
1230,,0.18657849117294917,0.023322311396618646,0.002689816802740097,1.0,1.0,1.0,1.0,1.0,0.9037037037037037,0.08888888888888889,0.007407407407407408,0.506967892497778,0.025,0.025,1.25,0.9983959170862736,0.026633283389044665,100.0,0.009037649514548472,1.0,0.009037649514548472,0.18518518518518517,0.13333333333333333,0.6814814814814815,0.2074074074074074,0.2074074074074074,nan,nan,0.01872345118525125,0.05276944799298243,0.0,0.043478260869565216,0.010869565217391304,0.19660973344069324,0.16997645005164858,1.986478776706941,20,20,3.2004714012145996
1231,,0.24551423729320307,0.009093119899748262,-0.0024429531767964363,0.95,0.95,0.95,0.9951219512195122,1.0,0.8235294117647058,0.1715686274509804,0.004901960784313725,0.45339969554916026,0.85,0.85,0.4074074074074074,0.9638458744370969,0.20179428850265307,0.0,-0.15689553266569084,0.0,0.0,0.11274509803921569,0.696078431372549,0.19117647058823528,0.25,0.25,nan,nan,0.1827892667124764,0.7708990566530246,0.0,0.15384615384615385,0.02564102564102564,0.369690167744662,0.16789587924200894,1.7217991266561052,20,20,6.617596626281738
1232,,0.189527499411741,0.023690937426467624,0.009395033307373523,1.0,1.0,1.0,1.0,0.0,0.8120300751879699,0.18796992481203006,0.0,0.5047688697930426,0.09375,0.09375,0.0,0.9982932317140741,0.028126666357121632,0.0,0.0,0.0,0.0,0.14285714285714285,0.18045112781954886,0.6766917293233082,0.16541353383458646,0.16541353383458646,nan,nan,0.026467533132740976,0.08788485368285436,0.0,0.2,0.0,0.2047534152481531,0.17662674889103147,1.8491737857569885,20,20,2.6222965717315674
1233,,0.2251876977300718,0.008042417776073993,0.0044800503179430965,0.95,0.95,0.95,0.9951456310679612,0.0,0.8106796116504854,0.18932038834951456,0.0,0.44917831001895525,0.6553571428571429,0.6553571428571429,0.35714285714285715,0.95387119916894,0.23424013564721397,0.0,0.0,0.0,0.0,0.17475728155339806,0.46601941747572817,0.3592233009708738,0.3155339805825243,0.3155339805825243,nan,nan,0.15293400388387235,0.5287031964876353,0.0,0.10810810810810811,0.0,0.2996345533014563,0.0653944176542423,1.7013464809848886,20,20,7.194146633148193
1234,,0.19070993224645588,0.023838741530806985,0.006763544119894505,1.0,1.0,1.0,1.0,0.0,0.7384615384615385,0.26153846153846155,0.0,0.46209155959659254,0.03125,0.03125,0.375,0.9987352028146209,0.028432988208976023,0.0,0.0,0.0,0.0,0.2076923076923077,0.2846153846153846,0.5076923076923077,0.2846153846153846,0.2846153846153846,nan,nan,0.018643150877398224,0.05385032048285955,0.0,0.24242424242424243,0.0,0.20797657476315548,0.17954358655417946,1.9231433749006264,20,20,2.2869787216186523
1235,,0.2361985822200781,0.009447943288803124,-0.007917384058237076,0.95,0.95,0.95,1.0,0.0,0.8412698412698413,0.15873015873015872,0.0,0.4381736548906192,0.774,0.774,1.08,0.9763837524410122,0.17063775599086528,0.0,0.0,0.0,0.0,0.07936507936507936,0.7671957671957672,0.15343915343915343,0.23809523809523808,0.23809523809523808,nan,nan,0.16152646534727527,0.573919354241639,0.0,0.0,0.0,0.3117851811846599,0.14114742519379464,1.641260108945349,20,20,10.333375453948975
1236,,0.19116318467404053,0.02124035385267117,-0.004976738151162863,1.0,1.0,1.0,1.0,1.0,0.8625954198473282,0.1297709923664122,0.007633587786259542,0.46592919245465764,0.08333333333333333,0.08333333333333333,0.8888888888888888,0.9978616093288691,0.03037535179956563,0.0,-0.0079326868033954,0.0,0.0,0.15267175572519084,0.183206106870229,0.6641221374045801,0.20610687022900764,0.20610687022900764,nan,nan,0.026352024398160732,0.08623744970597691,0.0,0.12643678160919541,0.011494252873563218,0.20715701340454687,0.17678166160498124,1.798447856896855,20,20,2.655707597732544
1237,,0.19136801160991052,0.023921001451238814,-0.012586472183465957,1.0,1.0,1.0,1.0,0.0,0.8110236220472441,0.1889763779527559,0.0,0.4883526518475264,0.075,0.075,0.0,0.9984015908445264,0.029561988751495988,0.0,0.0,0.0,0.0,0.1889763779527559,0.25984251968503935,0.5511811023622047,0.2677165354330709,0.2677165354330709,nan,nan,0.02073869412061239,0.07521286229205175,0.0,0.14285714285714285,0.0,0.20094474186939598,0.1713827531179,2.0412683853462816,20,20,2.147465229034424
1238,,0.2607747242320979,0.007902264370669633,-0.014009872078895569,0.9,0.9,0.9,0.9637096774193549,0.0,0.7530864197530864,0.24691358024691357,0.0,0.43933407521919543,1.4106060606060606,1.4106060606060606,1.4848484848484849,0.9777174964756966,0.11531934014435782,0.0,0.0,0.0,0.0,0.06172839506172839,0.8559670781893004,0.0823045267489712,0.2674897119341564,0.2674897119341564,nan,nan,0.3283192934201139,1.039477568049826,0.0,0.3,0.0,0.32185394373327525,0.20653460358891743,1.6297731805002935,20,20,12.287736892700195
1239,,0.24036505244684797,0.009614602097873919,-0.009461266174912452,0.95,0.95,0.95,0.9950980392156863,0.0,0.8146341463414634,0.18048780487804877,0.004878048780487805,0.4386476434088545,0.912,0.912,0.24,0.9643126463328527,0.20771314577895567,0.0,-0.5276398925335193,0.0,0.0,0.12195121951219512,0.3902439024390244,0.4878048780487805,0.2682926829268293,0.2682926829268293,nan,nan,0.19523824191852687,0.6335649210326397,0.0125,0.01,0.0,0.3162848145069738,0.10857166872801817,1.793092874774363,20,20,6.92085862159729
1240,,0.2276789984552244,0.009107159938208976,-0.00925314873456955,1.0,1.0,1.0,1.0,0.0,0.8484848484848485,0.15151515151515152,0.0,0.42354603308532385,0.678,0.678,0.56,0.98531785947428,0.09930868466414428,0.0,0.0,0.0,0.0,0.1111111111111111,0.29292929292929293,0.5959595959595959,0.22727272727272727,0.22727272727272727,nan,nan,0.1517194032265201,0.5533447401792929,0.0,0.059322033898305086,0.0,0.28839162778347516,0.18908294311933088,1.8479655762602711,20,20,8.398951292037964
1241,,0.26311010493482057,0.009072762239131744,0.017675389908254145,1.0,1.0,1.0,1.0,0.0,0.8416988416988417,0.1583011583011583,0.0,0.4303860206514244,1.4206896551724137,1.4206896551724137,1.0689655172413792,0.9779584850309797,0.14899438228054473,0.0,0.0,0.0,0.0,0.0888030888030888,0.752895752895753,0.1583011583011583,0.21235521235521235,0.21235521235521235,nan,nan,0.2604428476915434,0.7698501886729309,0.0,0.17073170731707318,0.0,0.3302339359408152,0.18123955366027045,1.8107104948540589,20,20,10.711866617202759
1242,,0.19269577324300347,0.02141064147144483,-0.011716724932193756,1.0,1.0,1.0,1.0,1.0,0.8805970149253731,0.11194029850746269,0.007462686567164179,0.4781252483319905,0.12777777777777777,0.12777777777777777,0.5555555555555556,0.9971661873316292,0.035817871968335135,0.0,-0.040957444072257605,0.0,0.0,0.20149253731343283,0.26865671641791045,0.5298507462686567,0.2462686567164179,0.2462686567164179,nan,nan,0.0282654610333088,0.09658241972696005,0.0,0.056338028169014086,0.0,0.210610090846323,0.17479221887798788,1.6790598778077073,20,20,2.686052083969116
1243,,0.2453314174250535,0.01168244844881207,0.0040743652731180195,1.0,1.0,1.0,1.0,0.0,0.7712765957446809,0.22872340425531915,0.0,0.4368475954192469,0.9857142857142858,0.9857142857142858,0.7619047619047619,0.9712208128994156,0.1403973425605698,0.0,0.0,0.0,0.0,0.13297872340425532,0.4627659574468085,0.40425531914893614,0.26595744680851063,0.26595744680851063,nan,nan,0.18815820844554992,0.6243961949427017,0.0,0.13157894736842105,0.0,0.32114953877586017,0.18075219621529037,1.8823479671601169,20,20,6.308293581008911
1244,,0.18938646376008908,0.023673307970011135,0.011791888438165189,1.0,1.0,1.0,1.0,1.0,0.8604651162790697,0.12403100775193798,0.015503875968992248,0.4680704051279463,0.09375,0.09375,0.875,0.9983251255543693,0.030925185463057198,0.0,-0.019470712654118878,0.0,0.0,0.17829457364341086,0.4573643410852713,0.3643410852713178,0.26356589147286824,0.26356589147286824,nan,nan,0.01954218116279374,0.07781837351069047,0.0,0.06382978723404255,0.02127659574468085,0.20794756672742853,0.17702238126437134,1.5219486137608547,20,20,3.4942891597747803
1245,,0.18945278102765728,0.02368159762845716,-0.017826557531952857,1.0,1.0,1.0,1.0,0.0,0.8740157480314961,0.12598425196850394,0.0,0.48996639215038157,0.09375,0.09375,0.75,0.9985326600519523,0.027327084036489674,0.0,0.0,0.0,0.0,0.16535433070866143,0.2125984251968504,0.6220472440944882,0.2204724409448819,0.2204724409448819,nan,nan,0.02562631096134287,0.08920288628912314,0.0,0.06329113924050633,0.0,0.20240550415242248,0.1750784201159328,1.5076998269667659,20,20,3.3488738536834717
1246,,0.18973485353970682,0.021081650393300757,-0.020644532144069673,1.0,1.0,1.0,1.0,0.0,0.8405797101449275,0.15942028985507245,0.0,0.46156734152076145,0.05,0.05,0.2222222222222222,0.9986387545187273,0.025317967174705358,0.0,0.0,0.0,0.0,0.18115942028985507,0.463768115942029,0.35507246376811596,0.2826086956521739,0.2826086956521739,nan,nan,0.01648436656080246,0.06596812620461684,0.0,0.12244897959183673,0.0,0.20369571340751924,0.17837774623281388,1.590716831402788,20,20,2.316478967666626
1247,,0.2420878566355858,0.009683514265423432,0.015438418090343475,0.9,0.9,0.9,0.9901477832512315,0.0,0.7920792079207921,0.2079207920792079,0.0,0.4252136280722916,1.086,1.086,0.8,0.949102956845356,0.2752883040145327,0.0,0.0,0.0,0.0,0.13366336633663367,0.5346534653465347,0.3316831683168317,0.2623762376237624,0.2623762376237624,nan,nan,0.2271755087257532,0.7116330932093926,0.0,0.14925373134328357,0.0,0.35193761020631925,0.07664930619178656,1.7060854451529264,20,20,8.586161375045776
1248,,0.2717095835565272,0.0077631309587579194,-0.00545043833553791,0.95,0.95,0.95,0.9809885931558935,0.0,0.7624521072796935,0.23754789272030652,0.0,0.42287671489325085,1.3014285714285714,1.3014285714285714,1.1428571428571428,0.9827060298564902,0.12951085752452743,0.0,0.0,0.0,0.0,0.11494252873563218,0.5210727969348659,0.36398467432950193,0.2222222222222222,0.2222222222222222,nan,nan,0.2907400626782091,0.9309345162840501,0.0,0.29473684210526313,0.0,0.33815837095599244,0.208647513431465,1.818146029484439,20,20,12.759723901748657
1249,,0.26488402461228827,0.009810519430084751,-0.006795396842062473,1.0,1.0,1.0,1.0,0.0,0.8423645320197044,0.15763546798029557,0.0,0.40442526481843,0.95,0.95,0.1111111111111111,0.9625197171496727,0.18643205105497423,0.0,0.0,0.0,0.0,0.07389162561576355,0.7487684729064039,0.17733990147783252,0.22167487684729065,0.22167487684729065,nan,nan,0.20717774205636752,0.7361343738341458,0.0,0.05555555555555555,0.0,0.3729010295336269,0.18646897847865268,1.7389280486264431,20,20,7.006197690963745
1250,,0.19001742582265585,0.02375217822783198,-0.0017337903380393981,1.0,1.0,1.0,1.0,0.0,0.8467741935483871,0.1532258064516129,0.0,0.4593726083403453,0.0625,0.0625,0.25,0.9985406355841988,0.02487615953918887,0.0,0.0,0.0,0.0,0.22580645161290322,0.23387096774193547,0.5403225806451613,0.25,0.25,nan,nan,0.020766778076907137,0.07325649062964963,0.0,0.08955223880597014,0.0,0.20301889611293225,0.17814273657374338,1.9835443107149766,20,20,2.0328049659729004
1251,,0.2429862495091608,0.010564619543876557,0.002901889756321907,0.95,0.95,0.95,0.985,0.0,0.8492462311557789,0.1507537688442211,0.0,0.4190634603936063,0.9717391304347827,0.9717391304347827,0.21739130434782608,0.9681468749622756,0.18793046074909137,0.0,0.0,0.0,0.0,0.12562814070351758,0.5879396984924623,0.2864321608040201,0.2613065326633166,0.2613065326633166,nan,nan,0.19164206498288106,0.631226447192329,0.0,0.05263157894736842,0.0,0.3444919809521988,0.15656152020310743,1.6219930103841582,20,20,6.906218528747559
1252,,0.19075827160425937,0.021195363511584374,-0.010978775471448899,1.0,1.0,1.0,1.0,0.0,0.8412698412698413,0.15873015873015872,0.0,0.47192720019569,0.08888888888888889,0.08888888888888889,0.6666666666666666,0.9988174213870467,0.023857377495791032,0.0,0.0,0.0,0.0,0.1984126984126984,0.3333333333333333,0.46825396825396826,0.23809523809523808,0.23809523809523808,nan,nan,0.02522810715104321,0.09361553247823791,0.0,0.11864406779661017,0.0,0.20546835444093348,0.18161097694514244,1.8535677275868894,20,20,2.175690174102783
1253,,0.2448661232619295,0.007420185553391803,0.028477535024285315,0.85,0.85,0.85,0.9875,0.0,0.8487394957983193,0.15126050420168066,0.0,0.42441832174469407,1.378787878787879,1.378787878787879,0.9090909090909091,0.9343211111459888,0.19913499355022962,0.0,0.0,0.0,0.0,0.07563025210084033,0.38235294117647056,0.542016806722689,0.20168067226890757,0.20168067226890757,nan,nan,0.3304089207156951,0.9225018417490515,0.0,0.046511627906976744,0.0,0.33146492393375354,0.13232993038352392,1.936883446520999,20,20,18.53775691986084
1254,,0.24715200710661936,0.010745739439418233,-0.021849450096487998,0.95,0.95,0.95,0.994535519125683,0.0,0.8076923076923077,0.19230769230769232,0.0,0.42479444694168783,1.1521739130434783,1.1521739130434783,0.5652173913043478,0.9759299326765675,0.15703403827646126,0.0,0.0,0.0,0.0,0.09340659340659341,0.8846153846153846,0.02197802197802198,0.25274725274725274,0.25274725274725274,nan,nan,0.23721248549878998,0.7096073449257315,0.0,0.0,0.0,0.3289683798094712,0.17193434153300993,1.5604875188415854,20,20,6.967874050140381
1255,,0.28750265515490003,0.008712201671360607,0.01034567728638649,0.9,0.9,0.9,0.9806201550387597,0.0,0.80078125,0.19921875,0.0,0.4159523246398859,1.4803030303030302,1.4803030303030302,1.7272727272727273,0.9684831438836002,0.20927113506015915,0.0,0.0,0.0,0.0,0.06640625,0.8984375,0.03515625,0.26171875,0.26171875,nan,nan,0.323571705314852,0.8537249506819441,0.0,0.1111111111111111,0.0,0.38279368110735124,0.17352254604719208,1.6227876650333446,20,20,21.197992086410522
1256,,0.1911943974385478,0.01911943974385478,0.021841784194111823,1.0,1.0,1.0,1.0,0.0,0.8359375,0.15625,0.0078125,0.4430377062037587,0.085,0.085,0.9,0.9990174728567293,0.024935508944758933,100.0,0.0015741214807436024,1.0,0.0015741214807436024,0.15625,0.578125,0.265625,0.28125,0.28125,nan,nan,0.021016861714993673,0.08442743558272274,0.0,0.029411764705882353,0.029411764705882353,0.20036428920858096,0.17542878026382203,1.5729757369075963,20,20,2.5500693321228027
1257,,0.2260189680334075,0.00941745700139198,-0.002923338487744331,0.95,0.95,0.95,1.0,0.0,0.7874396135265701,0.21256038647342995,0.0,0.4234787701066428,0.7791666666666667,0.7791666666666667,0.625,0.9700900260161145,0.18808994867635218,0.0,0.0,0.0,0.0,0.15942028985507245,0.2995169082125604,0.5410628019323671,0.2608695652173913,0.2608695652173913,nan,nan,0.1579801428328026,0.5276203747413598,0.0,0.13392857142857142,0.0,0.31248570453833935,0.12439575586198717,1.8743145251841253,20,20,6.661440849304199
1258,,0.23635693131910898,0.009454277252764359,-0.013995999470353127,1.0,1.0,1.0,1.0,0.0,0.8275862068965517,0.1724137931034483,0.0,0.452932478093775,0.768,0.768,0.68,0.9725005896367003,0.14322710792428395,0.0,0.0,0.0,0.0,0.09852216748768473,0.3251231527093596,0.5763546798029556,0.2315270935960591,0.2315270935960591,nan,nan,0.1647062178855896,0.6605807081602532,0.0,0.05128205128205128,0.0,0.3318881748916584,0.18866106696737445,1.917583783495735,20,20,10.371386051177979
1259,,0.22574359798277285,0.008360873999361957,0.013232707604765892,0.9,0.9,0.9,0.9850746268656716,0.0,0.755,0.245,0.0,0.44452038007978073,0.8685185185185185,0.8685185185185185,0.8888888888888888,0.9299716789771914,0.31275381965007043,0.0,0.0,0.0,0.0,0.095,0.79,0.115,0.275,0.275,nan,nan,0.18762596195140915,0.6181234386964388,0.0,0.30434782608695654,0.0,0.30883565635163024,-0.003918163298440164,1.8997390441423767,20,20,8.359002590179443
1260,,0.2444492004405928,0.01062822610611273,-0.018264825642108917,1.0,1.0,1.0,1.0,0.0,0.7777777777777778,0.2222222222222222,0.0,0.4469224437633428,0.8739130434782608,0.8739130434782608,0.782608695652174,0.9653623852769716,0.1723116272970781,0.0,0.0,0.0,0.0,0.08695652173913043,0.7874396135265701,0.12560386473429952,0.26570048309178745,0.26570048309178745,nan,nan,0.15963928497494942,0.6581845937079068,0.0,0.19230769230769232,0.0,0.3703983927282896,0.1980867654312115,1.6956360611865156,20,20,7.037794828414917
1261,,0.22682428195771673,0.006480693770220478,0.07527195364236831,0.7,0.7,0.7,0.96484375,0.0,0.76,0.24,0.0,0.41206460649413723,1.2785714285714285,1.2785714285714285,1.2571428571428571,0.8971972648944763,0.2410166236410582,0.0,0.0,0.0,0.0,0.108,0.464,0.428,0.224,0.224,nan,nan,0.3236677799916047,0.9967611502898452,0.0,0.21495327102803738,0.0,0.32533798459752566,0.08432136095646747,1.5923521150599516,20,20,15.522730350494385
1262,,0.2801993167601782,0.009038687637425102,0.012137597985565662,0.95,0.95,0.95,0.9884169884169884,0.0,0.8054474708171206,0.19455252918287938,0.0,0.4284058893647706,1.5064516129032257,1.5064516129032257,1.032258064516129,0.960535713913851,0.2587383664550708,0.0,0.0,0.0,0.0,0.08949416342412451,0.8249027237354085,0.08560311284046693,0.25680933852140075,0.25680933852140075,nan,nan,0.30266545678147444,0.8562357550191323,0.0,0.22727272727272727,0.0,0.4309998220097705,0.17226145555469968,1.806074785539852,20,20,12.914704322814941
1263,,0.25789372342537725,0.007814961315920523,0.005328692309558391,1.0,1.0,1.0,1.0,0.0,0.7606177606177607,0.23938223938223938,0.0,0.4267134860193244,1.3727272727272728,1.3727272727272728,1.3636363636363635,0.9808035319145391,0.15091590443992078,0.0,0.0,0.0,0.0,0.0694980694980695,0.8146718146718147,0.11583011583011583,0.23552123552123552,0.23552123552123552,nan,nan,0.2944424121294981,0.8156300688841598,0.0,0.36666666666666664,0.0,0.34927949521834484,0.19836359077842405,1.7733259602093223,20,20,11.445693016052246
1264,,0.23883746185432975,0.009951560910597073,0.032901402562856674,0.95,0.95,0.95,0.985,0.0,0.8592964824120602,0.1407035175879397,0.0,0.4273836338451171,0.9208333333333333,0.9208333333333333,0.3333333333333333,0.9703309358848199,0.1818564772219179,0.0,0.0,0.0,0.0,0.1407035175879397,0.4371859296482412,0.4221105527638191,0.21105527638190955,0.21105527638190955,nan,nan,0.19409494753483272,0.6900707798361502,0.0,0.07142857142857142,0.0,0.3737625608374552,0.1919060836155373,1.7773332746403008,20,20,7.281576633453369
1265,,0.2465233202314252,0.009860932809257008,0.01129523292183876,0.95,0.95,0.95,0.995,0.0,0.7839195979899497,0.21608040201005024,0.0,0.41441930367948954,0.882,0.882,0.76,0.9728345155529547,0.18571979863233093,0.0,0.0,0.0,0.0,0.12562814070351758,0.6030150753768844,0.271356783919598,0.2613065326633166,0.2613065326633166,nan,nan,0.18964731114906128,0.6472688480939199,0.0,0.1111111111111111,0.0,0.3821825522563398,0.19646275362400886,1.658002097777468,20,20,7.559478521347046
1266,,0.27301583336258395,0.007583773148960665,0.04444603510200977,0.95,0.95,0.95,1.0,0.0,0.7266187050359713,0.2733812949640288,0.0,0.4309249349750139,1.3833333333333333,1.3833333333333333,1.3333333333333333,0.9627406957575315,0.23038938633707523,0.0,0.0,0.0,0.0,0.07913669064748201,0.7589928057553957,0.1618705035971223,0.2841726618705036,0.2841726618705036,nan,nan,0.3142342441942988,0.8125779345516164,0.0,0.24444444444444444,0.0,0.3698534040785465,0.13946401774147127,1.8135834363592,20,20,13.763569831848145
1267,,0.19258087081301378,0.02139787453477931,0.008919546380639076,1.0,1.0,1.0,1.0,0.0,0.7049180327868853,0.29508196721311475,0.0,0.4722220811785923,0.12777777777777777,0.12777777777777777,0.7777777777777778,0.9980470341173805,0.038410053459894594,0.0,0.0,0.0,0.0,0.19672131147540983,0.3360655737704918,0.4672131147540984,0.28688524590163933,0.28688524590163933,nan,nan,0.03209006871052347,0.11018893803279499,0.0,0.22807017543859648,0.0,0.2167828169874298,0.1783727635275352,1.8690234391636489,20,20,2.1687705516815186
1268,,0.25966721043701224,0.010819467101542177,0.005815243721008301,0.95,0.95,0.95,0.9949238578680203,0.0,0.7208121827411168,0.27918781725888325,0.0,0.42635637618271477,1.1708333333333334,1.1708333333333334,0.875,0.97443062761359,0.17115674194193312,0.0,0.0,0.0,0.0,0.08629441624365482,0.8426395939086294,0.07106598984771574,0.3147208121827411,0.3147208121827411,nan,nan,0.237611997236365,0.6555176023882875,0.0,0.14285714285714285,0.0,0.32443155767221105,0.15327481573027793,1.4556673252654653,20,20,8.053863525390625
1269,,0.23389490202605956,0.00687926182429587,0.0406565397977829,0.8,0.8,0.8,0.9803921568627451,0.0,0.8181818181818182,0.18181818181818182,0.0,0.4102079205050626,1.2720588235294117,1.2720588235294117,0.7058823529411765,0.9295074980105079,0.286217881685643,0.0,0.0,0.0,0.0,0.10276679841897234,0.616600790513834,0.28063241106719367,0.22924901185770752,0.22924901185770752,nan,nan,0.28142124085532716,0.7833379009094802,0.0,0.14084507042253522,0.0,0.3127730301351567,0.026555148449513705,2.075816496934313,20,20,12.633960723876953
1270,,0.19278756825342444,0.024098446031678055,0.017860226705670355,1.0,1.0,1.0,1.0,0.0,0.8106060606060606,0.1893939393939394,0.0,0.44724053496029226,0.10625,0.10625,0.0,0.9975020074107761,0.034097082770272874,0.0,0.0,0.0,0.0,0.1893939393939394,0.3484848484848485,0.4621212121212121,0.25757575757575757,0.25757575757575757,nan,nan,0.02919502273466816,0.11896585531802592,0.0,0.16393442622950818,0.0,0.21209393355053094,0.17799685078025806,1.7528201256230422,20,20,2.0406899452209473
1271,,0.2221812183913975,0.009660052973539023,0.026097220927476884,0.95,0.95,0.95,1.0,0.0,0.845,0.155,0.0,0.41603168009770225,0.7782608695652173,0.7782608695652173,0.7391304347826086,0.9599903265450002,0.2201332554493639,0.0,0.0,0.0,0.0,0.095,0.415,0.49,0.225,0.225,nan,nan,0.15709237938221543,0.6426836399578701,0.0,0.05102040816326531,0.0,0.32611308672472006,0.10597983127535615,1.6408492121409184,20,20,11.706718683242798
1272,,0.25344585211780357,0.006849887895075772,0.016382050514221192,0.85,0.85,0.85,0.9774436090225563,0.0,0.7414448669201521,0.2585551330798479,0.0,0.41002594863028796,1.2851351351351352,1.2851351351351352,1.1081081081081081,0.9314729006182558,0.29855461182556253,0.0,0.0,0.0,0.0,0.12167300380228137,0.6463878326996197,0.23193916349809887,0.2661596958174905,0.2661596958174905,nan,nan,0.3155020569866811,0.9110144539080834,0.0,0.19672131147540983,0.0,0.37940854397295126,0.08085393214738874,1.8438558992031027,20,20,13.375444173812866
1273,,0.24453229380870742,0.011644394943271782,-0.04515058360993862,1.0,1.0,1.0,1.0,0.0,0.788659793814433,0.211340206185567,0.0,0.41592437794066167,0.9785714285714285,0.9785714285714285,1.5714285714285714,0.9889263576617383,0.09096308443944623,0.0,0.0,0.0,0.0,0.08762886597938144,0.6907216494845361,0.22164948453608246,0.25773195876288657,0.25773195876288657,nan,nan,0.16086023081845252,0.4785347963780707,0.0,0.09302325581395349,0.0,0.2831975033699434,0.1922344189304972,1.655667009290571,20,20,7.8028786182403564
1274,,0.1925940428601192,0.0213993380955688,-0.006838259287178516,1.0,1.0,1.0,1.0,1.0,0.6796875,0.3125,0.0078125,0.47266723815765643,0.044444444444444446,0.044444444444444446,0.2222222222222222,0.998903560999851,0.020453678216727472,0.0,-0.0175500788741544,0.0,0.0,0.1640625,0.5625,0.2734375,0.3203125,0.3203125,nan,nan,0.016648172716252393,0.06547247443653369,0.013888888888888888,0.2857142857142857,0.0,0.2028330279453752,0.18237934972864772,2.169616323185719,20,20,2.207214117050171
1275,,0.18863846960013045,0.023579808700016306,-0.00294343288987875,1.0,1.0,1.0,1.0,0.0,0.7213114754098361,0.2786885245901639,0.0,0.46839145792764614,0.09375,0.09375,1.5,0.9985465173342121,0.030249988367115704,0.0,0.0,0.0,0.0,0.19672131147540983,0.21311475409836064,0.5901639344262295,0.23770491803278687,0.23770491803278687,nan,nan,0.027103809548065544,0.09461996156485288,0.0,0.2916666666666667,0.0,0.20346417125887628,0.17321418289176058,1.9765420950067794,20,20,2.129556179046631
1276,,0.19091052770213696,0.02386381596276712,-0.009938989020884036,1.0,1.0,1.0,1.0,0.0,0.8045112781954887,0.19548872180451127,0.0,0.4764698836253956,0.0625,0.0625,0.75,0.9977269144628936,0.03197182062006107,0.0,0.0,0.0,0.0,0.21804511278195488,0.43609022556390975,0.3458646616541353,0.3157894736842105,0.3157894736842105,nan,nan,0.017757711176487712,0.0717483594924602,0.0,0.1956521739130435,0.0,0.2062832765020911,0.17431145588203004,1.9274580635935803,20,20,2.5571210384368896
1277,,0.19072499406333177,0.019072499406333175,-0.009144534077495336,1.0,1.0,1.0,1.0,0.0,0.6934306569343066,0.30656934306569344,0.0,0.4485117593407631,0.13,0.13,0.8,0.9978841865083081,0.03223993808315781,0.0,0.0,0.0,0.0,0.17518248175182483,0.5109489051094891,0.31386861313868614,0.30656934306569344,0.30656934306569344,nan,nan,0.027401506894847036,0.11671675690470246,0.0,0.23255813953488372,0.0,0.2101336131561894,0.17789367507303158,1.9387018321753915,20,20,2.626361846923828
1278,,0.2541046850843408,0.011048029786275688,0.013265977054834366,0.95,0.95,0.95,0.9903846153846154,0.0,0.7681159420289855,0.2318840579710145,0.0,0.42360718381267204,1.0847826086956522,1.0847826086956522,0.6086956521739131,0.9785910962001529,0.14839372839321932,0.0,0.0,0.0,0.0,0.11594202898550725,0.642512077294686,0.24154589371980675,0.28502415458937197,0.28502415458937197,nan,nan,0.20652110298907236,0.6493367252571945,0.0,0.22,0.0,0.3296391106192871,0.18124538222606776,1.6530164178102387,20,20,6.9418463706970215
1279,,0.2425596470156215,0.007579988969238172,0.02399647645652294,0.8,0.8,0.8,0.9883268482490273,0.0,0.7109375,0.2890625,0.0,0.41975155206309867,1.434375,1.434375,1.9375,0.9288666193070857,0.2861595193903998,0.0,0.0,0.0,0.0,0.08984375,0.70703125,0.203125,0.2890625,0.2890625,nan,nan,0.30160867019552196,0.9705465257662957,0.0,0.25,0.0,0.37550936240590105,0.08934984301550125,1.7401351513628114,20,20,13.1751708984375
1280,,0.19298261253941124,0.019298261253941122,-0.0012810060754418374,1.0,1.0,1.0,1.0,0.0,0.8449612403100775,0.15503875968992248,0.0,0.42725021079182623,0.105,0.105,0.2,0.9981226347523684,0.029849417749975043,0.0,0.0,0.0,0.0,0.20155038759689922,0.4496124031007752,0.3488372093023256,0.27906976744186046,0.27906976744186046,nan,nan,0.027109071655262214,0.08720741133939684,0.0,0.044444444444444446,0.0,0.20515797443673073,0.17530855668675568,1.6714425070985812,20,20,2.109224796295166
1281,,0.19209415040378908,0.024011768800473635,0.005044952780008316,1.0,1.0,1.0,1.0,0.0,0.8888888888888888,0.1111111111111111,0.0,0.4662475351942703,0.0875,0.0875,1.0,0.9988246280783782,0.029074966557289417,0.0,0.0,0.0,0.0,0.1746031746031746,0.46825396825396826,0.35714285714285715,0.24603174603174602,0.24603174603174602,nan,nan,0.018833781447912833,0.05998381468739007,0.0,0.022222222222222223,0.0,0.20613894679983458,0.17706398024254516,1.4776176870648536,20,20,3.2202024459838867
1282,,0.18965274540274507,0.018965274540274506,-0.019649332202970982,1.0,1.0,1.0,1.0,0.0,0.8211382113821138,0.17886178861788618,0.0,0.4508247302565724,0.07,0.07,0.5,0.9987609497821408,0.029672202342481163,0.0,0.0,0.0,0.0,0.2601626016260163,0.3089430894308943,0.43089430894308944,0.2845528455284553,0.2845528455284553,nan,nan,0.022710648208867458,0.09308041477197797,0.0,0.16981132075471697,0.0,0.2023975104022106,0.17272530805972944,1.6782627856951475,20,20,2.030956268310547
1283,,0.25376111101061666,0.007689730636685353,0.006605924293398857,0.95,0.95,0.95,0.989010989010989,0.0,0.6678966789667896,0.33210332103321033,0.0,0.44930449170730724,1.2136363636363636,1.2136363636363636,2.0606060606060606,0.9752090735068435,0.1831172377479326,0.0,0.0,0.0,0.0,0.07749077490774908,0.7195571955719557,0.2029520295202952,0.2988929889298893,0.2988929889298893,nan,nan,0.2543261929034099,0.7847504267658414,0.0,0.32727272727272727,0.0,0.3449778526610328,0.16186061491310022,1.9646977919332933,20,20,13.429469347000122
1284,,0.23477884491535597,0.006521634580982111,0.018255746737122536,0.85,0.85,0.85,0.981203007518797,0.0,0.6920152091254753,0.3041825095057034,0.0038022813688212928,0.4155866960134719,1.2333333333333334,1.2333333333333334,2.138888888888889,0.8948677112799146,0.3431537456398653,0.0,-0.9144080775861827,0.0,0.0,0.07604562737642585,0.5551330798479087,0.3688212927756654,0.18631178707224336,0.18631178707224336,nan,nan,0.3071056079014616,0.8570641452513579,0.00684931506849315,0.36082474226804123,0.0,0.3114602208346883,-0.03169352480517702,1.723462605754702,20,20,13.900028228759766
1285,,0.27733347430685473,0.008156866891378081,0.02504931092262268,0.9,0.9,0.9,0.9885496183206107,0.0,0.7142857142857143,0.2857142857142857,0.0,0.4334499945914585,1.4558823529411764,1.4558823529411764,1.1470588235294117,0.9533550346975561,0.2503388168390175,0.0,0.0,0.0,0.0,0.10810810810810811,0.5482625482625483,0.3436293436293436,0.23166023166023167,0.23166023166023167,nan,nan,0.3360977349859743,0.9908259793123673,0.0,0.2247191011235955,0.0,0.3776934557388097,0.12735463889979223,2.1103704209353973,20,20,11.880303382873535
1286,,0.22986113683912637,0.008840812955351014,0.00031166914850473405,0.95,0.95,0.95,1.0,0.0,0.7864077669902912,0.21359223300970873,0.0,0.43368533822358585,0.7461538461538462,0.7461538461538462,1.0769230769230769,0.9743960952311296,0.17620260008056682,0.0,0.0,0.0,0.0,0.10194174757281553,0.7524271844660194,0.14563106796116504,0.2766990291262136,0.2766990291262136,nan,nan,0.15237154301587455,0.5183688485331374,0.0,0.13333333333333333,0.0,0.2959880865514434,0.11978548647087656,1.6871365808636254,20,20,9.609096765518188
1287,,0.24019665310677332,0.010918029686671514,-0.04241610392928123,1.0,1.0,1.0,1.0,0.0,0.7560975609756098,0.24390243902439024,0.0,0.4515545170833568,0.9045454545454545,0.9045454545454545,1.1363636363636365,0.9807366463117666,0.11790572354777346,0.0,0.0,0.0,0.0,0.12195121951219512,0.6146341463414634,0.2634146341463415,0.28292682926829266,0.28292682926829266,nan,nan,0.16644154623308896,0.5042164722281042,0.0,0.09259259259259259,0.0,0.3105081356797562,0.19260241213198276,1.869040847873574,20,20,7.124227523803711
1288,,0.2642609714077681,0.008524547464766713,0.015745727717876433,1.0,1.0,1.0,1.0,0.0,0.6807692307692308,0.3192307692307692,0.0,0.4233942492705424,1.3887096774193548,1.3887096774193548,2.193548387096774,0.9798545850283035,0.16333152184089492,0.0,0.0,0.0,0.0,0.09615384615384616,0.5115384615384615,0.3923076923076923,0.23461538461538461,0.23461538461538461,nan,nan,0.2818439678137562,0.8342417362245264,0.0,0.3627450980392157,0.0,0.3625628131127355,0.1992312912718406,2.117410698103725,20,20,13.321982622146606
1289,,0.18861471686747644,0.018861471686747643,0.005459541641175747,1.0,1.0,1.0,1.0,0.0,0.7153284671532847,0.2846715328467153,0.0,0.4570643413311336,0.05,0.05,1.1,0.9988830205793011,0.024663569694341275,0.0,0.0,0.0,0.0,0.20437956204379562,0.40145985401459855,0.39416058394160586,0.29927007299270075,0.29927007299270075,nan,nan,0.02119643110580127,0.09624912810564798,0.0,0.25925925925925924,0.0,0.2005728782179166,0.17590930852357534,1.9654172114513433,20,20,2.340280771255493
1290,,0.19045125363129786,0.02116125040347754,-0.013681193813681602,1.0,1.0,1.0,1.0,0.0,0.7322834645669292,0.2677165354330709,0.0,0.4410348424377541,0.1,0.1,0.7777777777777778,0.9974361165760087,0.036988529057555286,0.0,0.0,0.0,0.0,0.18110236220472442,0.28346456692913385,0.5354330708661418,0.25984251968503935,0.25984251968503935,nan,nan,0.028779662265264745,0.13118765878644845,0.0,0.20588235294117646,0.0,0.21107906968293044,0.17409054062537516,1.886927628860165,20,20,2.326195478439331
1291,,0.19880797033509798,0.0076464603975037685,0.055238140374422075,0.9,0.9,0.9,0.98989898989899,0.0,0.45454545454545453,0.5454545454545454,0.0,0.4228410350517012,0.40576923076923077,0.40576923076923077,4.038461538461538,0.9373500889509659,0.2223342413105791,0.0,0.0,0.0,0.0,0.1111111111111111,0.4444444444444444,0.4444444444444444,0.22727272727272727,0.22727272727272727,nan,nan,0.13363559198085076,0.4668914033091472,0.0,0.6477272727272727,0.0,0.281193047618301,0.058858806307721875,1.9816842482317631,20,20,6.883390426635742
1292,,0.24272061383226004,0.010113358909677501,0.0011111032217741013,1.0,1.0,1.0,1.0,0.0,0.6331658291457286,0.36683417085427134,0.0,0.41792551438848025,0.7916666666666666,0.7916666666666666,1.75,0.9772809108958385,0.1510762473198919,0.0,0.0,0.0,0.0,0.09045226130653267,0.6180904522613065,0.2914572864321608,0.3417085427135678,0.3417085427135678,nan,nan,0.17062316849878373,0.6000486027792467,0.0,0.1896551724137931,0.0,0.3576308352345474,0.20655458791465553,1.7334737824836681,20,20,8.597511529922485
1293,,0.27528893660444387,0.008880288277562706,-0.013659765012562275,1.0,1.0,1.0,1.0,0.0,0.5204460966542751,0.4795539033457249,0.0,0.43038072568935254,1.0548387096774194,1.0548387096774194,4.451612903225806,0.9759569458617705,0.15326728139530604,0.0,0.0,0.0,0.0,0.10780669144981413,0.516728624535316,0.3754646840148699,0.26765799256505574,0.26765799256505574,nan,nan,0.2323696298248809,0.8572125847199136,0.0,0.5148514851485149,0.0,0.3534601114285937,0.20019283003328764,1.5481537477966416,20,20,14.87211298942566
1294,,0.19039518413716253,0.021155020459684724,0.023863285221159457,1.0,1.0,1.0,1.0,0.0,0.8283582089552238,0.17164179104477612,0.0,0.4530696795942883,0.07222222222222222,0.07222222222222222,0.7777777777777778,0.9978177494625973,0.034613305676523876,0.0,0.0,0.0,0.0,0.17164179104477612,0.4925373134328358,0.3358208955223881,0.23880597014925373,0.23880597014925373,nan,nan,0.021273594091477784,0.09475979643587056,0.0,0.08888888888888889,0.0,0.20741082701311528,0.1727975213365914,1.6581486199174795,20,20,2.408543348312378
1295,,0.22401235069352513,0.010182379576978415,0.0012301057577133179,1.0,1.0,1.0,1.0,0.0,0.7010309278350515,0.29896907216494845,0.0,0.4316908834978345,0.6931818181818182,0.6931818181818182,1.3636363636363635,0.9860345557105031,0.1101567786287832,0.0,0.0,0.0,0.0,0.13917525773195877,0.28865979381443296,0.5721649484536082,0.23195876288659795,0.23195876288659795,nan,nan,0.1431940155834953,0.5021176215211149,0.0,0.18018018018018017,0.0,0.28035268034142025,0.17019590171263704,2.3297926570976273,20,20,6.247332572937012
1296,,0.25680408497759266,0.009877080191445871,-0.008049949817359448,1.0,1.0,1.0,1.0,0.0,0.8059701492537313,0.19402985074626866,0.0,0.4081625869520044,0.9730769230769231,0.9730769230769231,0.5769230769230769,0.9766178899595509,0.17422010873337748,0.0,0.0,0.0,0.0,0.07960199004975124,0.8606965174129353,0.05970149253731343,0.23880597014925373,0.23880597014925373,nan,nan,0.20537595169849723,0.6082563146436812,0.0,0.08333333333333333,0.0,0.3767997455345522,0.20257963680117472,1.8281547636632371,20,20,7.158217191696167
1297,,0.2383225034755688,0.010361847977198644,-0.03222305364906788,1.0,1.0,1.0,1.0,0.0,0.7058823529411765,0.29411764705882354,0.0,0.428008283513254,0.7847826086956522,0.7847826086956522,1.3478260869565217,0.9634992483774806,0.18172373149442234,0.0,0.0,0.0,0.0,0.13725490196078433,0.6127450980392157,0.25,0.27941176470588236,0.27941176470588236,nan,nan,0.15423577303357575,0.6661303254377522,0.0,0.21568627450980393,0.0,0.37118549049019955,0.18946175899577722,1.8243596368210977,20,20,7.381331205368042
1298,,0.22687387606815645,0.009864081568180716,-0.0037039946764707565,1.0,1.0,1.0,1.0,1.0,0.7373737373737373,0.25757575757575757,0.005050505050505051,0.4228125108633717,0.6695652173913044,0.6695652173913044,1.2608695652173914,0.975273228029083,0.13401360806325247,100.0,0.12405969034007067,1.0,0.12405969034007067,0.15151515151515152,0.4393939393939394,0.4090909090909091,0.29797979797979796,0.29797979797979796,nan,nan,0.13991559965512906,0.45997901140243763,0.011494252873563218,0.12345679012345678,0.0,0.31509180224526345,0.181078194182011,1.9760014550598899,20,20,5.837965488433838
1299,,0.2704064352449929,0.00772589814985694,0.13093811348080636,0.85,0.85,0.85,0.9291338582677166,1.0,0.6652719665271967,0.30962343096234307,0.02510460251046025,0.39897265817363015,1.26,1.26,1.6285714285714286,0.7018916420433784,0.9194064769137462,0.0,-0.2107145938710999,0.0,0.0,0.09623430962343096,0.7531380753138075,0.1506276150627615,0.2594142259414226,0.2594142259414226,nan,nan,0.4277571410887252,1.3123306388712603,0.022222222222222223,0.3611111111111111,0.0,0.8719632306472878,-0.0474432462664585,1.7549152834021275,20,20,24.80013680458069
1300,,0.22684024856224302,0.009862619502706218,0.014562047272920608,0.95,0.95,0.95,1.0,0.0,0.6855670103092784,0.31443298969072164,0.0,0.4138331361175717,0.8260869565217391,0.8260869565217391,1.0,0.9689322830802642,0.19017696315857666,0.0,0.0,0.0,0.0,0.1134020618556701,0.4639175257731959,0.422680412371134,0.21649484536082475,0.21649484536082475,nan,nan,0.1821261921128371,0.5052785741336188,0.0,0.15853658536585366,0.0,0.2713056758955891,0.08112871273701247,2.0232049676598725,20,20,6.6796770095825195
1301,,0.23335248141000117,0.00804663729000004,0.037550626695156096,0.9,0.9,0.9,0.9854368932038835,1.0,0.7073170731707317,0.28780487804878047,0.004878048780487805,0.3975129531557945,0.8586206896551725,0.8586206896551725,1.1379310344827587,0.9034656836712313,0.37627141874880415,0.0,-0.2938976394165257,0.0,0.0,0.09268292682926829,0.8536585365853658,0.05365853658536585,0.28780487804878047,0.28780487804878047,nan,nan,0.21738342940465846,0.6466001079315062,0.005714285714285714,0.09090909090909091,0.0,0.32674598934536725,-0.04952542940343689,1.8607131223779059,20,20,7.824791669845581
1302,,0.21814932508303458,0.009089555211793108,-0.00577302947640419,0.9,0.9,0.9,0.9739583333333334,0.0,0.5132275132275133,0.48677248677248675,0.0,0.4029153993780104,0.6375,0.6375,2.0833333333333335,0.9876594279547083,0.1074274426947901,0.0,0.0,0.0,0.0,0.14814814814814814,0.25396825396825395,0.5978835978835979,0.164021164021164,0.164021164021164,nan,nan,0.17585370373244347,0.5802712681959804,0.0,0.4336283185840708,0.0,0.25489583954748996,0.14746839685269986,2.457345160332696,20,20,6.821135759353638
1303,,0.22248451617724993,0.009673239833793475,0.0270012266933918,1.0,1.0,1.0,1.0,0.0,0.3582089552238806,0.6417910447761194,0.0,0.4328603134119476,0.4,0.4,3.5652173913043477,0.9793387546594827,0.15234607946620926,0.0,0.0,0.0,0.0,0.15422885572139303,0.5124378109452736,0.3333333333333333,0.4129353233830846,0.4129353233830846,nan,nan,0.08975340294730906,0.4278387673334314,0.0,0.5223880597014925,0.0,0.32388984017752787,0.1715437607113186,2.486352228429603,20,20,6.862202167510986
1304,,0.19007829135825605,0.021119810150917337,0.008429372683167458,1.0,1.0,1.0,1.0,0.0,0.7867647058823529,0.21323529411764705,0.0,0.46384214591234924,0.027777777777777776,0.027777777777777776,1.3333333333333333,0.9980193345639423,0.030929002132216415,0.0,0.0,0.0,0.0,0.22794117647058823,0.4264705882352941,0.34558823529411764,0.3161764705882353,0.3161764705882353,nan,nan,0.022295126376520587,0.07247573151295784,0.0,0.10638297872340426,0.0,0.20295749837196067,0.17202849623974426,1.7809361590862054,20,20,2.883043050765991
1305,,0.2523645953300908,0.007647411979699721,0.03291492536664009,0.9,0.9,0.9,0.9799196787148594,1.0,0.6747967479674797,0.32113821138211385,0.0040650406504065045,0.4335356632473342,1.2772727272727273,1.2772727272727273,1.7272727272727273,0.9697621487660366,0.1713792189999236,0.0,-0.6295131956038742,0.0,0.0,0.07317073170731707,0.8373983739837398,0.08943089430894309,0.3089430894308943,0.3089430894308943,nan,nan,0.30548384914614374,1.053257755308972,0.0048543689320388345,0.13636363636363635,0.0,0.35288009225321165,0.18150087325328806,1.808380550205067,20,20,13.016099452972412
1306,,0.23963369651147734,0.00887532209301768,0.037825589254498485,0.95,0.95,0.95,0.9949238578680203,1.0,0.7157360406091371,0.27918781725888325,0.005076142131979695,0.40616981328327073,0.7518518518518519,0.7518518518518519,0.5185185185185185,0.9248502926441833,0.34051003118732326,0.0,-0.15129682317584828,0.0,0.0,0.09137055837563451,0.7868020304568528,0.1218274111675127,0.3096446700507614,0.3096446700507614,nan,nan,0.17419943037738925,0.623555431105779,0.0,0.041666666666666664,0.0,0.32817423999179846,-0.01233579119552479,1.6213276536786552,20,20,7.178173303604126
1307,,0.24777860064822166,0.009529946178777756,-0.006839689053595066,1.0,1.0,1.0,1.0,0.0,0.8159203980099502,0.18407960199004975,0.0,0.4334194760188648,1.0692307692307692,1.0692307692307692,1.0769230769230769,0.9841191813389216,0.12362268554421482,0.0,0.0,0.0,0.0,0.08955223880597014,0.845771144278607,0.06467661691542288,0.23880597014925373,0.23880597014925373,nan,nan,0.22925635283640092,0.6543553427690384,0.0,0.07692307692307693,0.0,0.3334766949305782,0.20985400938636337,1.599942857956846,20,20,7.0319671630859375
1308,,0.19233800365352988,0.019233800365352986,-0.010283998586237431,1.0,1.0,1.0,1.0,0.0,0.7109375,0.2890625,0.0,0.43629544644616547,0.05,0.05,0.8,0.9992610498861194,0.022078199721734915,0.0,0.0,0.0,0.0,0.15625,0.3359375,0.5078125,0.1953125,0.1953125,nan,nan,0.031195773002618426,0.10184996999961574,0.0,0.2153846153846154,0.0,0.20187775109427475,0.17979955137253983,1.9316159686899619,20,20,2.243978500366211
1309,,0.19191529377255423,0.021323921530283802,-0.004156296513974667,1.0,1.0,1.0,1.0,1.0,0.7906976744186046,0.20155038759689922,0.007751937984496124,0.4526302454521,0.05,0.05,0.3333333333333333,0.9994255218178211,0.015854024028124303,0.0,-0.0005861903619006487,0.0,0.0,0.21705426356589147,0.4806201550387597,0.3023255813953488,0.24031007751937986,0.24031007751937986,nan,nan,0.02437795939214222,0.10355464588028543,0.016129032258064516,0.1282051282051282,0.0,0.20156459356231032,0.18571056953418602,1.8473421610997345,20,20,2.0551798343658447
1310,,0.19126731928499136,0.02125192436499904,-0.005437638238072395,1.0,1.0,1.0,1.0,0.0,0.7388059701492538,0.26119402985074625,0.0,0.47114095373803544,0.07777777777777778,0.07777777777777778,1.6666666666666667,0.9984187597798725,0.027287314449367606,0.0,0.0,0.0,0.0,0.1865671641791045,0.3208955223880597,0.4925373134328358,0.21641791044776118,0.21641791044776118,nan,nan,0.03401817767020489,0.14855227028287937,0.0,0.13636363636363635,0.0,0.20332830119294126,0.17604098674357366,1.886950293446505,20,20,2.3670589923858643
1311,,0.19333173418108035,0.019333173418108036,-0.017915232479572295,1.0,1.0,1.0,1.0,1.0,0.7833333333333333,0.20833333333333334,0.008333333333333333,0.42720323196146637,0.09,0.09,0.6,0.9989357621557118,0.02526242341307597,0.0,-0.05505776313268142,0.0,0.0,0.2,0.5,0.3,0.25,0.25,nan,nan,0.030196902984763997,0.13035686557710138,0.0,0.05555555555555555,0.0,0.20340955996836846,0.1781471365552925,1.848410364386572,20,20,2.063977003097534
1312,,0.1892095128243092,0.02102327920270102,-0.011110835336148739,1.0,1.0,1.0,1.0,0.0,0.8059701492537313,0.19402985074626866,0.0,0.4537883380919488,0.09444444444444444,0.09444444444444444,1.2222222222222223,0.9985576413571587,0.029354062391382968,0.0,0.0,0.0,0.0,0.2462686567164179,0.21641791044776118,0.5373134328358209,0.3208955223880597,0.3208955223880597,nan,nan,0.023190275431954847,0.07946475955174882,0.0,0.1111111111111111,0.0,0.2067674610580512,0.17741339866666822,1.7576583807119348,20,20,2.5876588821411133
1313,,0.2317765645987418,0.008914483253797761,0.0286571204662323,0.9,0.9,0.9,0.9846153846153847,1.0,0.7098445595854922,0.2849740932642487,0.0051813471502590676,0.4295922808510323,0.823076923076923,0.823076923076923,0.7307692307692307,0.9616411071396307,0.226316481383176,0.0,-0.03205813845822755,0.0,0.0,0.11917098445595854,0.49222797927461137,0.38860103626943004,0.25906735751295334,0.25906735751295334,nan,nan,0.19802586412519085,0.605663686329656,0.0,0.14666666666666667,0.013333333333333334,0.30585995012734674,0.07954346874417073,1.9399313530612317,20,20,7.142583131790161
1314,,0.23131990306323133,0.009638329294301305,0.03519720956683159,0.95,0.95,0.95,0.985,1.0,0.6616161616161617,0.31313131313131315,0.025252525252525252,0.44250644307079107,0.9375,0.9375,1.2916666666666667,0.9737031494046512,0.16950211172318935,40.0,-0.08591067244379211,0.4,0.043078795207848214,0.12626262626262627,0.5909090909090909,0.2828282828282828,0.2474747474747475,0.2474747474747475,nan,nan,0.2030032375783059,0.5955656004913946,0.017094017094017096,0.30357142857142855,0.03571428571428571,0.29453725412976517,0.12503514240657582,1.7862500636477192,20,20,6.6351118087768555
1315,,0.19469405230210865,0.021632672478012073,-0.013253074511885643,1.0,1.0,1.0,1.0,1.0,0.7372881355932204,0.2542372881355932,0.00847457627118644,0.4280571177103815,0.11666666666666667,0.11666666666666667,0.5555555555555556,0.998329349913503,0.029340451723969596,0.0,-0.02778086422812695,0.0,0.0,0.2288135593220339,0.3898305084745763,0.3813559322033898,0.22033898305084745,0.22033898305084745,nan,nan,0.03665926448310571,0.13028423278180803,0.0,0.17777777777777778,0.0,0.21220019601520332,0.18285974429123372,1.7923662351676364,20,20,2.063457489013672
1316,,0.19157280221398815,0.02128586691266535,-0.010743584763258696,1.0,1.0,1.0,1.0,1.0,0.728,0.248,0.024,0.47881597933462927,0.11666666666666667,0.11666666666666667,0.8888888888888888,0.9987942642193127,0.02605154338182422,0.0,-0.01818314296871828,0.0,0.0,0.208,0.6,0.192,0.304,0.304,nan,nan,0.02728705064045994,0.11469853037987274,0.013333333333333334,0.125,0.0,0.20438678416084263,0.1783352407790184,1.652451835574016,20,20,2.636080503463745
1317,,0.25288941518165464,0.007024705977268185,-0.0029749706387519836,0.95,0.95,0.95,0.9924242424242424,1.0,0.6022727272727273,0.35984848484848486,0.03787878787878788,0.4314111302386866,1.0055555555555555,1.0055555555555555,1.6111111111111112,0.9451387653585139,0.2962196271381741,30.0,-0.10172336664181973,0.3,0.26673857217251157,0.07954545454545454,0.7954545454545454,0.125,0.3333333333333333,0.3333333333333333,nan,nan,0.22852916874966236,0.754376942676335,0.0380952380952381,0.30303030303030304,0.030303030303030304,0.32456994325735944,0.028350316119185315,1.9771766030861408,20,20,12.906068086624146
1318,,0.24367149501096702,0.00974685980043868,0.031206022202968597,0.95,0.95,0.95,1.0,1.0,0.774869109947644,0.2198952879581152,0.005235602094240838,0.4295999241163954,0.914,0.914,0.44,0.9472957225970985,0.2794729796272225,100.0,0.03825799531490787,1.0,0.03825799531490787,0.12041884816753927,0.5968586387434555,0.28272251308900526,0.2513089005235602,0.2513089005235602,nan,nan,0.21746789429499835,0.712457295269003,0.008771929824561403,0.05555555555555555,0.0,0.35404518166666943,0.07457220203944694,1.6861376842102187,20,20,6.600453615188599
1319,,0.1912907666082273,0.021254529623136367,0.011090229824185371,1.0,1.0,1.0,1.0,0.0,0.837037037037037,0.16296296296296298,0.0,0.46609547586801153,0.05,0.05,0.7777777777777778,0.9983421469983347,0.028808920325235854,0.0,0.0,0.0,0.0,0.14074074074074075,0.5111111111111111,0.34814814814814815,0.2,0.2,nan,nan,0.021202032752169996,0.07302250053838139,0.0,0.1276595744680851,0.0,0.20774634416655102,0.17893742384131517,1.556241330875295,20,20,2.954547166824341
1320,,0.23838264903529657,0.006442774298251259,0.04009925201535225,0.8,0.8,0.8,0.9655172413793104,1.0,0.76953125,0.2265625,0.00390625,0.42576631596060216,1.4432432432432432,1.4432432432432432,0.7027027027027027,0.9493504018768346,0.2798136202964001,0.0,-0.31377364983752576,0.0,0.0,0.0703125,0.89453125,0.03515625,0.26953125,0.26953125,nan,nan,0.3599915013965764,0.9938571635813,0.004366812227074236,0.1111111111111111,0.0,0.3495000725199753,0.0696864522235752,1.7224098138349067,20,20,13.228822708129883
1321,,0.24747050695804812,0.01075958725904557,-0.010278415307402611,1.0,1.0,1.0,1.0,0.0,0.7626262626262627,0.23737373737373738,0.0,0.42843960145407395,0.9347826086956522,0.9347826086956522,1.391304347826087,0.9767436938747681,0.16994205758978814,0.0,0.0,0.0,0.0,0.09090909090909091,0.3838383838383838,0.5252525252525253,0.22727272727272727,0.22727272727272727,nan,nan,0.20352934756198252,0.6616479008623061,0.0,0.1346153846153846,0.0,0.3527220386736436,0.18277998108385546,1.7439019949820067,20,20,11.33215045928955
1322,,0.23705190696725012,0.010775086680329551,-0.0042439263314008715,1.0,1.0,1.0,1.0,0.0,0.6802030456852792,0.3197969543147208,0.0,0.44119948377959767,0.7727272727272727,0.7727272727272727,0.8181818181818182,0.9789333725044059,0.10393599944787868,0.0,0.0,0.0,0.0,0.07614213197969544,0.26903553299492383,0.6548223350253807,0.19289340101522842,0.19289340101522842,nan,nan,0.16670834747577878,0.601613074029231,0.0,0.20155038759689922,0.0,0.2999980639389851,0.1960620644911064,1.9018018576381681,20,20,6.799415588378906
1323,,0.1919570718234709,0.021328563535941213,0.012735776230692863,1.0,1.0,1.0,1.0,0.0,0.8382352941176471,0.16176470588235295,0.0,0.4783862177075611,0.1111111111111111,0.1111111111111111,0.7777777777777778,0.9982637283630322,0.029402448637902062,0.0,0.0,0.0,0.0,0.2426470588235294,0.25735294117647056,0.5,0.2426470588235294,0.2426470588235294,nan,nan,0.03802074747512003,0.13027445905827464,0.0,0.11764705882352941,0.0,0.20654978568651122,0.17714733704860916,1.9350234423676984,20,20,2.3542282581329346
1324,,0.19087062786279724,0.021207847540310805,-0.01591956177726388,1.0,1.0,1.0,1.0,0.0,0.7611940298507462,0.23880597014925373,0.0,0.46044950170649424,0.09444444444444444,0.09444444444444444,0.4444444444444444,0.9988550658722339,0.027876003325114224,0.0,0.0,0.0,0.0,0.1791044776119403,0.3582089552238806,0.4626865671641791,0.2462686567164179,0.2462686567164179,nan,nan,0.022453589406928952,0.07583776462543303,0.0,0.20967741935483872,0.0,0.20402653773119644,0.17615053440608222,2.055456319222376,20,20,2.3151321411132812
1325,,0.23121715755591893,0.0068005046339976154,0.032957452908158304,0.85,0.85,0.85,0.984313725490196,0.0,0.6363636363636364,0.36363636363636365,0.0,0.42081187927876323,1.3426470588235293,1.3426470588235293,1.911764705882353,0.931270088879475,0.2868172195911116,0.0,0.0,0.0,0.0,0.09090909090909091,0.8023715415019763,0.1067193675889328,0.3359683794466403,0.3359683794466403,nan,nan,0.3197981453983474,0.9298985091468428,0.0,0.2222222222222222,0.0,0.3325446259575856,0.045727406366473974,1.920061205032056,20,20,11.60160517692566
1326,,0.24389431905848438,0.0067748421960690105,0.03528986684978008,0.85,0.85,0.85,0.95703125,0.5,0.6097560975609756,0.3821138211382114,0.008130081300813009,0.4231909540357366,1.1375,1.1375,1.9722222222222223,0.9122397071884949,0.34510504513804663,0.0,-0.6552609398336144,0.0,0.0,0.12195121951219512,0.7520325203252033,0.12601626016260162,0.34959349593495936,0.34959349593495936,nan,nan,0.3419306488088082,1.048641307209809,0.010810810810810811,0.1935483870967742,0.0,0.35696115506681914,0.01185610992877248,1.8385719038843327,20,20,14.423811197280884
1327,,0.2426224947920308,0.010548804121392643,0.0077594641596078874,1.0,1.0,1.0,1.0,0.0,0.75,0.25,0.0,0.42120273901230615,0.9543478260869566,0.9543478260869566,0.9565217391304348,0.9778702478106286,0.16112033267089307,0.0,0.0,0.0,0.0,0.08173076923076923,0.8076923076923077,0.11057692307692307,0.2548076923076923,0.2548076923076923,nan,nan,0.18294280774919247,0.5988934425787166,0.0,0.08695652173913043,0.0,0.3470037743096216,0.18588344163872852,1.7452155753562522,20,20,6.807078838348389
1328,,0.19586196476935033,0.019586196476935033,-0.009037188813090324,1.0,1.0,1.0,1.0,0.0,0.75,0.25,0.0,0.4659370508044958,0.1,0.1,1.0,0.9981040955766465,0.0371453350121414,0.0,0.0,0.0,0.0,0.17647058823529413,0.5882352941176471,0.23529411764705882,0.2426470588235294,0.2426470588235294,nan,nan,0.04115499493614073,0.19761472700330893,0.0,0.15625,0.0,0.214277082705447,0.17713174769330559,1.9807467598266304,20,20,2.5932700634002686
1329,,0.25880374577064164,0.009953990221947755,0.005893434211611748,1.0,1.0,1.0,1.0,0.0,0.7414634146341463,0.25853658536585367,0.0,0.4195377101356056,0.9692307692307692,0.9692307692307692,1.0769230769230769,0.9685575320043881,0.18025879508931078,0.0,0.0,0.0,0.0,0.08292682926829269,0.8682926829268293,0.04878048780487805,0.2682926829268293,0.2682926829268293,nan,nan,0.21517625901532303,0.6816676510731372,0.0,0.3,0.0,0.36737829630833485,0.18711950121902407,1.5394223876620008,20,20,7.513929605484009
1330,,0.18766974685786317,0.02085219409531813,0.009617324732244015,1.0,1.0,1.0,1.0,0.0,0.849624060150376,0.15037593984962405,0.0,0.47647941933311005,0.044444444444444446,0.044444444444444446,1.4444444444444444,0.9980872469295954,0.028348834844951987,0.0,0.0,0.0,0.0,0.24060150375939848,0.2781954887218045,0.48120300751879697,0.2857142857142857,0.2857142857142857,nan,nan,0.02340734445962646,0.08298750663060808,0.0,0.09375,0.0,0.20173742818695978,0.1733885933420078,1.9230827857040043,20,20,2.0749213695526123
1331,,0.24769732648583012,0.010320721936909588,0.009329462796449662,1.0,1.0,1.0,1.0,0.0,0.8571428571428571,0.14285714285714285,0.0,0.42975594715013965,0.825,0.825,0.7083333333333334,0.9843040873795257,0.11127991501546136,0.0,0.0,0.0,0.0,0.08994708994708994,0.746031746031746,0.164021164021164,0.2328042328042328,0.2328042328042328,nan,nan,0.16656005017394615,0.5896577587661836,0.0,0.0,0.0,0.3152824796603885,0.20400256464492716,1.5738337806134048,20,20,11.09407377243042
1332,,0.189478393057445,0.021053154784160553,0.0035732824355363844,1.0,1.0,1.0,1.0,0.0,0.8796992481203008,0.12030075187969924,0.0,0.45509884525090455,0.022222222222222223,0.022222222222222223,0.8888888888888888,0.9993405941029992,0.01840451348493055,0.0,0.0,0.0,0.0,0.17293233082706766,0.2932330827067669,0.5338345864661654,0.18045112781954886,0.18045112781954886,nan,nan,0.02650457338954284,0.06825569144549183,0.0,0.09859154929577464,0.0,0.19817682987537016,0.1797723163904396,1.6038880121170218,20,20,2.8823623657226562
1333,,0.24669320427799452,0.010278883511583105,0.029415366426110267,1.0,1.0,1.0,1.0,0.0,0.8309178743961353,0.16908212560386474,0.0,0.4401555365126114,0.8125,0.8125,1.2083333333333333,0.9793107623208733,0.1235224371795427,0.0,0.0,0.0,0.0,0.08695652173913043,0.6908212560386473,0.2222222222222222,0.24154589371980675,0.24154589371980675,nan,nan,0.15424416547865202,0.48675875262000956,0.0,0.021739130434782608,0.0,0.31875589240025737,0.19523345522071467,1.5433514047632528,20,20,12.84141206741333
1334,,0.2599225918125402,0.011300982252719138,0.038712724670767786,1.0,1.0,1.0,1.0,0.0,0.83,0.17,0.0,0.4449639210528087,1.0195652173913043,1.0195652173913043,0.5652173913043478,0.9678905301604847,0.14458493255704227,0.0,0.0,0.0,0.0,0.09,0.785,0.125,0.21,0.21,nan,nan,0.1932102512742616,0.6394059640845615,0.0,0.16,0.0,0.34655624729641094,0.20197131473936866,1.6704232201538647,20,20,8.853474855422974
1335,,0.243951733900854,0.011088715177311546,-0.015438063442707062,1.0,1.0,1.0,1.0,0.0,0.7918781725888325,0.20812182741116753,0.0,0.4457468268694356,0.8681818181818182,0.8681818181818182,0.6363636363636364,0.978298756443714,0.1368785991758706,0.0,0.0,0.0,0.0,0.116751269035533,0.5025380710659898,0.38071065989847713,0.24873096446700507,0.24873096446700507,nan,nan,0.17443753177710827,0.5621605546050842,0.0,0.09333333333333334,0.0,0.3303663441609727,0.1934877449851021,1.8069304651252276,20,20,6.858085632324219
1336,,0.26116826689519285,0.007681419614564496,0.013643386401236057,0.9,0.9,0.9,0.9853479853479854,0.0,0.7592592592592593,0.24074074074074073,0.0,0.4277102093496497,1.311764705882353,1.311764705882353,0.9411764705882353,0.9540784335676498,0.1810992387353618,0.0,0.0,0.0,0.0,0.08888888888888889,0.5370370370370371,0.37407407407407406,0.2074074074074074,0.2074074074074074,nan,nan,0.28639661692331264,0.7449300013994352,0.0,0.24752475247524752,0.0,0.35085471592212725,0.16975547718676545,1.8436697298044489,20,20,12.328414916992188
1337,,0.19044357529925773,0.023805446912407217,0.005244584754109383,1.0,1.0,1.0,1.0,0.0,0.8931297709923665,0.10687022900763359,0.0,0.4694690702483058,0.0375,0.0375,0.0,0.9982154901658387,0.02944024211579388,0.0,0.0,0.0,0.0,0.17557251908396945,0.22900763358778625,0.5954198473282443,0.21374045801526717,0.21374045801526717,nan,nan,0.02200380268011442,0.06081229764869084,0.0,0.08974358974358974,0.0,0.20278520500467434,0.17334496288888046,1.8630649082199204,20,20,2.2405247688293457
1338,,0.225764640958771,0.009406860039948792,0.03459538444876671,0.85,0.85,0.85,0.9846153846153847,0.0,0.8385416666666666,0.16145833333333334,0.0,0.43525676597685864,1.06875,1.06875,0.75,0.9096749503838891,0.36223127336520006,0.0,0.0,0.0,0.0,0.07291666666666667,0.625,0.3020833333333333,0.17708333333333334,0.17708333333333334,nan,nan,0.22684695840325708,0.7787859581575091,0.0,0.15517241379310345,0.0,0.35121773988559524,-0.011013533479604806,1.6228017126509644,20,20,10.817074060440063
1339,,0.24170226632496375,0.010508794188041902,-0.03191487453877926,1.0,1.0,1.0,1.0,0.0,0.7828282828282829,0.21717171717171718,0.0,0.4235161666657128,0.8021739130434783,0.8021739130434783,0.782608695652174,0.9867390187133249,0.09815982135872234,0.0,0.0,0.0,0.0,0.10606060606060606,0.7171717171717171,0.17676767676767677,0.25757575757575757,0.25757575757575757,nan,nan,0.15268967287588014,0.4774119305580588,0.0,0.02857142857142857,0.0,0.2934804038748245,0.19532058251610215,1.6926747783423703,20,20,6.6827216148376465
1340,,0.22823416260966858,0.006712769488519664,0.006317051313817501,0.8,0.8,0.8,0.9811320754716981,0.0,0.789272030651341,0.210727969348659,0.0,0.41644708844079803,1.3676470588235294,1.3676470588235294,1.6764705882352942,0.945040358266138,0.19554172153778132,0.0,0.0,0.0,0.0,0.04980842911877394,0.789272030651341,0.16091954022988506,0.1839080459770115,0.1839080459770115,nan,nan,0.31821785669802016,0.8672688908911932,0.0,0.3333333333333333,0.0,0.2979202000584951,0.10237847852071379,1.6947340807004962,20,20,19.30113959312439
1341,,0.18962705150513826,0.021069672389459806,-0.007452568411827088,1.0,1.0,1.0,1.0,0.0,0.9037037037037037,0.0962962962962963,0.0,0.489213685443004,0.05,0.05,0.7777777777777778,0.9984237972917266,0.02857231766106383,0.0,0.0,0.0,0.0,0.17037037037037037,0.25925925925925924,0.5703703703703704,0.2,0.2,nan,nan,0.021816305401496247,0.06954903100577225,0.0,0.03896103896103896,0.0,0.20177886978325266,0.17320655212218883,1.5411743233813622,20,20,3.4555137157440186
1342,,0.26534193252167154,0.007581198072047758,0.05422889292240143,0.9,0.9,0.9,0.992,0.0,0.8306451612903226,0.1693548387096774,0.0,0.4137895725108683,1.4214285714285715,1.4214285714285715,0.7142857142857143,0.9018122479440025,0.4344975157577515,0.0,0.0,0.0,0.0,0.0846774193548387,0.842741935483871,0.07258064516129033,0.2217741935483871,0.2217741935483871,nan,nan,0.3412297319763435,0.974599502226308,0.0,0.0,0.0,0.3569231875067702,-0.07757432825098128,1.781405256374026,20,20,12.000396966934204
1343,,0.18751144682151866,0.02083460520239096,-0.012872438132762908,1.0,1.0,1.0,1.0,0.0,0.9624060150375939,0.03759398496240601,0.0,0.4500954479781083,0.14444444444444443,0.14444444444444443,0.7777777777777778,0.9985937148119918,0.028203160134613908,0.0,0.0,0.0,0.0,0.15789473684210525,0.08270676691729323,0.7593984962406015,0.16541353383458646,0.16541353383458646,nan,nan,0.02904676756582298,0.08995063368799115,0.0,0.019801980198019802,0.0,0.20271338223673516,0.17451022210212125,1.5757428152026722,20,20,4.200358152389526
1344,,0.24662660158254088,0.009865064063301635,0.0576654888689518,0.95,0.95,0.95,1.0,0.0,0.7918781725888325,0.20812182741116753,0.0,0.4262120034492109,0.936,0.936,0.88,0.9636815626438006,0.22409159095082723,0.0,0.0,0.0,0.0,0.1116751269035533,0.4873096446700508,0.4010152284263959,0.2233502538071066,0.2233502538071066,nan,nan,0.2175586488272666,0.6104420806740292,0.0,0.16455696202531644,0.0,0.336197469397039,0.11210587844621175,1.8294096231862997,20,20,6.9759838581085205
1345,,0.2461703901212022,0.01070306044005227,0.024839603528380393,1.0,1.0,1.0,1.0,1.0,0.7680412371134021,0.2268041237113402,0.005154639175257732,0.44060313596046,1.0347826086956522,1.0347826086956522,0.8260869565217391,0.9726623431561787,0.1323594718347221,0.0,-0.06573590680354324,0.0,0.0,0.12371134020618557,0.5824742268041238,0.29381443298969073,0.27319587628865977,0.27319587628865977,nan,nan,0.2056761116991419,0.6559097465409841,0.008849557522123894,0.12280701754385964,0.0,0.3233673261225131,0.19100785428779102,1.8401684529307114,20,20,7.0729498863220215
1346,,0.24206792182992293,0.01052469225347491,-0.03282722271978855,1.0,1.0,1.0,1.0,1.0,0.7832512315270936,0.21182266009852216,0.0049261083743842365,0.42984251696059644,0.8369565217391305,0.8369565217391305,0.5217391304347826,0.9765696466288897,0.12754793216008764,0.0,-0.5079031514994906,0.0,0.0,0.14285714285714285,0.32019704433497537,0.5369458128078818,0.23645320197044334,0.23645320197044334,nan,nan,0.1787322449072991,0.573066738777391,0.0,0.06422018348623854,0.0,0.3183725345147509,0.19082460235466325,1.9943633995690537,20,20,7.374690532684326
1347,,0.24277543715283903,0.009337516813570732,0.02499252147972584,0.95,0.95,0.95,0.9951456310679612,1.0,0.7609756097560976,0.23414634146341465,0.004878048780487805,0.4251920572086909,0.8788461538461538,0.8788461538461538,0.8076923076923077,0.9642782024739934,0.20522385979897015,0.0,-0.02467325521932298,0.0,0.0,0.09268292682926829,0.7951219512195122,0.11219512195121951,0.23902439024390243,0.23902439024390243,nan,nan,0.19525840764909744,0.6797852055625417,0.0,0.043478260869565216,0.0,0.32246419993916475,0.1172403401401946,1.7358039684403594,20,20,7.786055088043213
1348,,0.23610524632088697,0.010265445492212477,0.007818971946835517,1.0,1.0,1.0,1.0,1.0,0.6767676767676768,0.3181818181818182,0.005050505050505051,0.42479896801726325,0.7978260869565217,0.7978260869565217,1.2173913043478262,0.974383513544808,0.15890066995751528,100.0,0.03665059000277332,1.0,0.03665059000277332,0.1414141414141414,0.5404040404040404,0.3181818181818182,0.31313131313131315,0.31313131313131315,nan,nan,0.17185107747895956,0.5905866562914791,0.0,0.09523809523809523,0.015873015873015872,0.3467609169771494,0.1878602470196341,1.9182801000810834,20,20,7.337612867355347
1349,,0.18947235624257994,0.018947235624257992,-0.009035489335656167,1.0,1.0,1.0,1.0,0.0,0.8444444444444444,0.15555555555555556,0.0,0.4605125081539154,0.05,0.05,0.8,0.9986116979724781,0.025298353164876664,0.0,0.0,0.0,0.0,0.16296296296296298,0.4888888888888889,0.34814814814814815,0.2,0.2,nan,nan,0.021385496887412182,0.09184331990255674,0.0,0.0425531914893617,0.0,0.20437123021425646,0.1790728770493798,1.5824342874839563,20,20,2.7205095291137695
1350,,0.2517779961293576,0.009683769081898368,-0.007226021680980921,1.0,1.0,1.0,1.0,0.0,0.7178217821782178,0.28217821782178215,0.0,0.4251297192068215,0.8096153846153846,0.8096153846153846,1.0,0.977384477231847,0.14035057855904776,0.0,0.0,0.0,0.0,0.10396039603960396,0.8118811881188119,0.08415841584158416,0.27722772277227725,0.27722772277227725,nan,nan,0.18285817678172125,0.6649605432488054,0.0,0.11764705882352941,0.0,0.34333388947009624,0.2029833109110485,1.8836965581472496,20,20,6.754701614379883
1351,,0.23468980564437875,0.00938759222577515,0.02885889485478401,0.9,0.9,0.9,0.9805825242718447,1.0,0.75,0.24509803921568626,0.004901960784313725,0.43440287762321533,0.98,0.98,0.96,0.9720565450092656,0.18359246082365702,0.0,-0.027035038749335605,0.0,0.0,0.09803921568627451,0.6666666666666666,0.23529411764705882,0.2107843137254902,0.2107843137254902,nan,nan,0.2108814397250609,0.6625280254584506,0.0,0.20833333333333334,0.0,0.3395816004654436,0.1559891396417866,1.7554295476681847,20,20,7.917778730392456
1352,,0.24237574868289719,0.010098989528454049,0.04615857899188995,0.95,0.95,0.95,1.0,0.0,0.7106598984771574,0.2893401015228426,0.0,0.44548679117190965,0.9458333333333333,0.9458333333333333,1.5833333333333333,0.967052461103784,0.17550624265105197,0.0,0.0,0.0,0.0,0.10152284263959391,0.6395939086294417,0.25888324873096447,0.233502538071066,0.233502538071066,nan,nan,0.21095404232321696,0.6738082815690355,0.0,0.21568627450980393,0.0,0.3092895495769177,0.1337833069258657,1.7692973453385605,20,20,7.681311130523682
1353,,0.19364840303388325,0.021516489225987027,-0.00839774627238512,1.0,1.0,1.0,1.0,0.0,0.7407407407407407,0.25925925925925924,0.0,0.4570165651565832,0.08333333333333333,0.08333333333333333,1.0,0.9982026290138528,0.03404266173407677,0.0,0.0,0.0,0.0,0.2222222222222222,0.4962962962962963,0.2814814814814815,0.2814814814814815,0.2814814814814815,nan,nan,0.029990951797131106,0.14177428584434273,0.0,0.13157894736842105,0.0,0.21213330781766745,0.17809064608359068,1.6065704182429232,20,20,3.0329108238220215
1354,,0.27706139601649943,0.008395799879287862,0.02277780547738075,1.0,1.0,1.0,1.0,1.0,0.7093023255813954,0.28294573643410853,0.007751937984496124,0.42804053023556304,1.5333333333333334,1.5333333333333334,1.6363636363636365,0.9721555393219221,0.21410125509820688,0.0,-0.15052723684383806,0.0,0.0,0.06976744186046512,0.813953488372093,0.11627906976744186,0.27906976744186046,0.27906976744186046,nan,nan,0.33802503974673687,0.9501240034844034,0.0,0.16666666666666666,0.03333333333333333,0.37142471036628916,0.15732345526808228,1.9306111166259639,20,20,14.406821012496948
1355,,0.24102068194270723,0.010042528414279469,-0.03852136991918087,1.0,1.0,1.0,1.0,0.0,0.7365853658536585,0.2634146341463415,0.0,0.4278463116973095,0.775,0.775,0.875,0.9709501553108112,0.14698919685213008,0.0,0.0,0.0,0.0,0.13170731707317074,0.6439024390243903,0.22439024390243903,0.2731707317073171,0.2731707317073171,nan,nan,0.16327562130852719,0.5400140359969444,0.0,0.10869565217391304,0.0,0.3349388078528677,0.18794961100073765,1.7947925068290385,20,20,6.866267919540405
1356,,0.23043666169576046,0.009217466467830419,0.049632647261023524,0.95,0.95,0.95,0.9902439024390244,1.0,0.7696078431372549,0.22549019607843138,0.004901960784313725,0.4085208142073825,0.812,0.812,1.2,0.9727363901476312,0.167592519938451,0.0,-0.06274739031250781,0.0,0.0,0.09803921568627451,0.6323529411764706,0.2696078431372549,0.23529411764705882,0.23529411764705882,nan,nan,0.17629562083057834,0.5828122695947475,0.0,0.23636363636363636,0.01818181818181818,0.288823955077961,0.12123143513950999,1.7140286218652638,20,20,9.126909971237183
1357,,0.24084575740573097,0.01047155466981439,0.01875079721212387,1.0,1.0,1.0,1.0,0.0,0.7171717171717171,0.2828282828282828,0.0,0.43116780988303893,0.8521739130434782,0.8521739130434782,1.7391304347826086,0.9763533760674149,0.141355961326468,0.0,0.0,0.0,0.0,0.09090909090909091,0.7525252525252525,0.15656565656565657,0.23232323232323232,0.23232323232323232,nan,nan,0.18057965066223883,0.5298137796688072,0.0,0.3225806451612903,0.0,0.33990361554243875,0.19854765421597076,1.712699128700032,20,20,7.414617300033569
1358,,0.19259814195364505,0.021399793550405007,-0.011445549130439759,1.0,1.0,1.0,1.0,0.0,0.7441860465116279,0.2558139534883721,0.0,0.4694143122062087,0.12222222222222222,0.12222222222222222,0.6666666666666666,0.997643592654517,0.046988014099349995,0.0,0.0,0.0,0.0,0.18604651162790697,0.34108527131782945,0.4728682170542636,0.17829457364341086,0.17829457364341086,nan,nan,0.0365189263931369,0.13221543646710823,0.0,0.19672131147540983,0.0,0.2170783108251397,0.1700902967257897,2.0834650036813893,20,20,2.330237865447998
1359,,0.1911299773417812,0.0212366641490868,-0.005507512018084526,1.0,1.0,1.0,1.0,1.0,0.8270676691729323,0.16541353383458646,0.007518796992481203,0.45992263617614904,0.022222222222222223,0.022222222222222223,0.7777777777777778,0.9986864482019071,0.026132544688071524,0.0,-0.04927080196427076,0.0,0.0,0.15789473684210525,0.5413533834586466,0.3007518796992481,0.19548872180451127,0.19548872180451127,nan,nan,0.023443239874836874,0.09264847956539554,0.0,0.05,0.0,0.20154830607036597,0.17541576138229445,1.8068859709464258,20,20,2.217792510986328
1360,,0.24114489329975103,0.0070924968617573836,0.01380719169974327,0.95,0.95,0.95,0.9925093632958801,1.0,0.6390977443609023,0.35714285714285715,0.0037593984962406013,0.4435526467106469,1.0823529411764705,1.0823529411764705,2.911764705882353,0.9465027690099264,0.27074126360723316,100.0,0.01105898305220604,1.0,0.01105898305220604,0.09398496240601503,0.3233082706766917,0.5827067669172933,0.11654135338345864,0.11654135338345864,nan,nan,0.2791738390762566,0.8544556427657538,0.0,0.3741935483870968,0.0064516129032258064,0.35005585520405863,0.0793145915968255,2.2939508286736356,20,20,15.079290390014648
1361,,0.26100825427184604,0.010440330170873842,-0.01769944727420807,1.0,1.0,1.0,1.0,0.0,0.8018867924528302,0.19811320754716982,0.0,0.4437763041080907,0.972,0.972,0.56,0.9816785255204205,0.16739626057449516,0.0,0.0,0.0,0.0,0.12264150943396226,0.6320754716981132,0.24528301886792453,0.2688679245283019,0.2688679245283019,nan,nan,0.2020489845827361,0.6293397595253349,0.0,0.057692307692307696,0.0,0.35185097488125094,0.18445471430675578,1.5619342921111599,20,20,7.452298402786255
1362,,0.24354736074680425,0.01014780669778351,-0.017112566530704497,1.0,1.0,1.0,1.0,0.0,0.7916666666666666,0.20833333333333334,0.0,0.44090887837616416,0.7979166666666667,0.7979166666666667,0.7916666666666666,0.9805288999359814,0.1429504664808704,0.0,0.0,0.0,0.0,0.13020833333333334,0.4583333333333333,0.4114583333333333,0.23958333333333334,0.23958333333333334,nan,nan,0.1820335871302576,0.6253040680265025,0.0,0.13924050632911392,0.0,0.3346553227465504,0.19170485626568,1.8121294598687194,20,20,7.44295859336853
1363,,0.2364144910840887,0.00909286504169572,-0.011710249073803424,1.0,1.0,1.0,1.0,0.0,0.715,0.285,0.0,0.42119568357996356,0.7461538461538462,0.7461538461538462,1.0769230769230769,0.9645064757306385,0.17157049188977774,0.0,0.0,0.0,0.0,0.155,0.29,0.555,0.26,0.26,nan,nan,0.1731850993694848,0.6369875543446364,0.0,0.16216216216216217,0.0,0.34138813372323346,0.1698176418334557,1.842875221282906,20,20,7.1386659145355225
1364,,0.24556796397675396,0.010231998499031414,0.026247534900903702,0.9,0.9,0.9,0.9846153846153847,0.0,0.7875647668393783,0.21243523316062177,0.0,0.4216150829432687,1.1270833333333334,1.1270833333333334,0.7916666666666666,0.9796020680572983,0.12932273182625972,0.0,0.0,0.0,0.0,0.10880829015544041,0.8393782383419689,0.05181347150259067,0.23834196891191708,0.23834196891191708,nan,nan,0.24642485577535778,0.7497171434409915,0.0,0.2,0.0,0.32951130422117486,0.20018857239491514,1.5854652907781424,20,20,7.643491744995117
1365,,0.2498396282877172,0.009253319566211747,-0.0041433567181229595,1.0,1.0,1.0,1.0,0.0,0.7718446601941747,0.22815533980582525,0.0,0.42818056305264623,0.8870370370370371,0.8870370370370371,0.9629629629629629,0.9763605336788825,0.14318004268950818,0.0,0.0,0.0,0.0,0.09223300970873786,0.7572815533980582,0.15048543689320387,0.22815533980582525,0.22815533980582525,nan,nan,0.2007346723876896,0.6222502226989786,0.0,0.0967741935483871,0.0,0.3379983661685866,0.1948183234790784,1.574277648091033,20,20,8.204652070999146
1366,,0.24663399696383304,0.01027641654015971,0.016754570603370666,0.95,0.95,0.95,0.9852941176470589,0.0,0.8275862068965517,0.1724137931034483,0.0,0.43445899692790896,1.0229166666666667,1.0229166666666667,0.7916666666666666,0.9743358911098535,0.1270094919968606,0.0,0.0,0.0,0.0,0.1330049261083744,0.30049261083743845,0.5665024630541872,0.20689655172413793,0.20689655172413793,nan,nan,0.22666820615818686,0.756709208296443,0.0,0.10434782608695652,0.0,0.31824817260025157,0.19123868060339097,1.6550248787187054,20,20,7.512732744216919
1367,,0.18922603269786406,0.021025114744207117,2.5839172303676604e-05,1.0,1.0,1.0,1.0,0.0,0.9552238805970149,0.04477611940298507,0.0,0.4845496580211653,0.05555555555555555,0.05555555555555555,1.1111111111111112,0.9989030801346412,0.02653969294750902,0.0,0.0,0.0,0.0,0.1865671641791045,0.29850746268656714,0.5149253731343284,0.20149253731343283,0.20149253731343283,nan,nan,0.02145529580180635,0.06389668924726867,0.0,0.0,0.0,0.19965303722058084,0.17311334427307182,1.6269539745562613,20,20,2.1343634128570557
1368,,0.19181146923370063,0.019181146923370064,-0.017912992089986802,1.0,1.0,1.0,1.0,0.0,0.9769230769230769,0.023076923076923078,0.0,0.46782925645820794,0.05,0.05,0.0,0.9989787164377064,0.0233855358443259,0.0,0.0,0.0,0.0,0.15384615384615385,0.5769230769230769,0.2692307692307692,0.17692307692307693,0.17692307692307693,nan,nan,0.018300816451687376,0.05085716499253518,0.0,0.0,0.0,0.20206580614625153,0.17868027030192563,1.4935714141317513,20,20,2.1078641414642334
1369,,0.25064149574220584,0.009283018360822438,0.02534395195543766,0.95,0.95,0.95,0.9950738916256158,0.0,0.8366336633663366,0.16336633663366337,0.0,0.409704457808079,0.9018518518518519,0.9018518518518519,0.37037037037037035,0.9711246368115428,0.15805856436686472,0.0,0.0,0.0,0.0,0.11386138613861387,0.4158415841584158,0.47029702970297027,0.18811881188118812,0.18811881188118812,nan,nan,0.22118069727692538,0.7045274225269637,0.0,0.10526315789473684,0.0,0.3334359938022171,0.1753774294353524,1.6506340392784002,20,20,7.872232913970947
1370,,0.23691590124140527,0.008774663008940935,0.018241842091083527,0.85,0.85,0.85,0.984375,0.0,0.7736842105263158,0.22631578947368422,0.0,0.4118239351462021,1.0018518518518518,1.0018518518518518,0.7777777777777778,0.9503057953031838,0.23513616011430505,0.0,0.0,0.0,0.0,0.10526315789473684,0.8368421052631579,0.05789473684210526,0.24210526315789474,0.24210526315789474,nan,nan,0.2569817549604499,0.818154386519737,0.0,0.09090909090909091,0.0,0.3174931351760235,0.08235697506171845,1.5122323984706934,20,20,7.709332466125488
1371,,0.2009926502875756,0.00591154853786987,0.06781940273940563,0.5,0.5,0.5,0.9645669291338582,1.0,0.6666666666666666,0.3293172690763052,0.004016064257028112,0.4196676895940019,1.2397058823529412,1.2397058823529412,3.264705882352941,0.8509473423049976,0.258436021646307,0.0,-0.7396633653856024,0.0,0.0,0.07228915662650602,0.8112449799196787,0.11646586345381527,0.285140562248996,0.285140562248996,nan,nan,0.3661686332953925,0.9886308508746979,0.0049504950495049506,0.3793103448275862,0.0,0.361153817956941,0.10271779631063399,1.6547519381118307,20,20,25.202462673187256
1372,,0.22024406481029205,0.008809762592411681,0.001763075590133667,0.95,0.95,0.95,1.0,0.0,0.7575757575757576,0.24242424242424243,0.0,0.42781467102933673,0.72,0.72,1.12,0.9725598463732791,0.16882171373947746,0.0,0.0,0.0,0.0,0.13636363636363635,0.5707070707070707,0.29292929292929293,0.26262626262626265,0.26262626262626265,nan,nan,0.15558209325280972,0.5706711247095356,0.0,0.15517241379310345,0.0,0.29529821201482787,0.1264764982753504,1.989956687363521,20,20,6.707216024398804
1373,,0.1935878356440925,0.021509759516010276,-0.01628519892692566,1.0,1.0,1.0,1.0,0.0,0.8898305084745762,0.11016949152542373,0.0,0.45353119358834293,0.12777777777777777,0.12777777777777777,1.3333333333333333,0.9986935815748861,0.026825771916130225,0.0,0.0,0.0,0.0,0.19491525423728814,0.4406779661016949,0.3644067796610169,0.211864406779661,0.211864406779661,nan,nan,0.028902079028337375,0.12253600860043404,0.0,0.06976744186046512,0.0,0.20757002973555735,0.18074425781942713,1.4595033336943624,20,20,2.0815505981445312
1374,,0.2779538258828831,0.00817511252596715,0.01621751207858324,1.0,1.0,1.0,1.0,0.0,0.7634408602150538,0.23655913978494625,0.0,0.42706750436028573,1.4161764705882354,1.4161764705882354,1.1176470588235294,0.974898338913843,0.15010584365045251,0.0,0.0,0.0,0.0,0.07168458781362007,0.8745519713261649,0.053763440860215055,0.2616487455197133,0.2616487455197133,nan,nan,0.28512899222951665,0.8487027545919799,0.0,0.06666666666666667,0.0,0.36521739314659646,0.21511154949614394,1.8997055823127051,20,20,14.70731782913208
1375,,0.19330854710204215,0.02147872745578246,-0.001306462660431862,1.0,1.0,1.0,1.0,0.0,0.8560606060606061,0.14393939393939395,0.0,0.4717609672548456,0.05,0.05,0.8888888888888888,0.9985027299388703,0.03211692695738272,0.0,0.0,0.0,0.0,0.15151515151515152,0.4318181818181818,0.4166666666666667,0.18181818181818182,0.18181818181818182,nan,nan,0.0312959203874467,0.09138120145785393,0.0,0.16363636363636364,0.0,0.21054883845201178,0.17843191149462906,1.7644420781692378,20,20,2.699847459793091
1376,,0.29551736716294985,0.008691687269498524,0.058203906565904615,0.95,0.95,0.95,0.996268656716418,0.0,0.8164794007490637,0.18352059925093633,0.0,0.4332519050495809,1.5926470588235293,1.5926470588235293,1.088235294117647,0.9682475823210835,0.21731927806098986,0.0,0.0,0.0,0.0,0.06367041198501873,0.8389513108614233,0.09737827715355805,0.20224719101123595,0.20224719101123595,nan,nan,0.355313627809969,0.8577507343657953,0.0,0.07692307692307693,0.0,0.382089262375438,0.16476998431444814,1.5494876089510128,20,20,12.957442283630371
1377,,0.27652423418554267,0.008379522248046748,0.010508518666028976,0.95,0.95,0.95,0.9922480620155039,0.0,0.828125,0.171875,0.0,0.41869330849519676,1.543939393939394,1.543939393939394,0.8787878787878788,0.9625545027637457,0.22174832085644933,0.0,0.0,0.0,0.0,0.08984375,0.75,0.16015625,0.203125,0.203125,nan,nan,0.3424392348047378,0.8264661612084037,0.0,0.12195121951219512,0.0,0.3475667225061064,0.12581840164965705,1.6891934736319907,20,20,13.934497117996216
1378,,0.2624821304619701,0.009374361802213219,0.002503620460629463,1.0,1.0,1.0,1.0,1.0,0.7806122448979592,0.21428571428571427,0.00510204081632653,0.4145329895109366,0.9964285714285714,0.9964285714285714,0.7142857142857143,0.9698171117620166,0.19599450522541412,100.0,0.1585362843102014,1.0,0.1585362843102014,0.08673469387755102,0.8418367346938775,0.07142857142857142,0.2193877551020408,0.2193877551020408,nan,nan,0.23977029514064166,0.6995975978987783,0.006060606060606061,0.14285714285714285,0.0,0.4043227841095067,0.2083282788840926,1.5663822138518815,20,20,7.662718772888184
1379,,0.23560253276294763,0.006929486257733754,0.039360618218779564,0.75,0.75,0.75,0.9758064516129032,0.0,0.8395061728395061,0.16049382716049382,0.0,0.42675690277897316,1.4705882352941178,1.4705882352941178,0.5294117647058824,0.918012293704133,0.2635582577768443,0.0,0.0,0.0,0.0,0.09053497942386832,0.6090534979423868,0.3004115226337449,0.22633744855967078,0.22633744855967078,nan,nan,0.36237400681611664,0.9874464078532296,0.0,0.0547945205479452,0.0,0.34965874416049497,0.08610048638365067,1.7166856579752994,20,20,12.1451416015625
1380,,0.23992647057637337,0.009597058823054935,-0.0008482143282890319,0.9,0.9,0.9,0.995049504950495,0.0,0.7512437810945274,0.24875621890547264,0.0,0.42827444353327154,0.996,0.996,1.08,0.9509069676907865,0.21447156903775197,0.0,0.0,0.0,0.0,0.10945273631840796,0.7114427860696517,0.1791044776119403,0.24378109452736318,0.24378109452736318,nan,nan,0.22153824608726416,0.7121648952480506,0.0,0.08333333333333333,0.0,0.329335683382436,0.11486411434468405,1.6619113050608068,20,20,7.477738618850708
1381,,0.25776841481669627,0.01120732238333462,-0.02386161796748638,1.0,1.0,1.0,1.0,0.0,0.8284313725490197,0.1715686274509804,0.0,0.4323205132158878,0.9978260869565218,0.9978260869565218,0.5652173913043478,0.978565312185285,0.14017898632125841,0.0,0.0,0.0,0.0,0.0784313725490196,0.49019607843137253,0.43137254901960786,0.21568627450980393,0.21568627450980393,nan,nan,0.20241695663223278,0.6223838578672181,0.0,0.07954545454545454,0.0,0.3435015821825009,0.20332259586124246,1.7183197515569708,20,20,13.060195922851562
1382,,0.19385728495745103,0.02153969832860567,0.0350606769323349,1.0,1.0,1.0,1.0,0.0,0.841726618705036,0.15827338129496402,0.0,0.4776264416998149,0.09444444444444444,0.09444444444444444,1.2222222222222223,0.998587319607787,0.02479512824344743,0.0,0.0,0.0,0.0,0.16546762589928057,0.5323741007194245,0.302158273381295,0.18705035971223022,0.18705035971223022,nan,nan,0.03251356146513796,0.10873014712377958,0.0,0.07142857142857142,0.0,0.2060857900349549,0.18129066179150746,1.5673430351085302,20,20,3.4227123260498047
1383,,0.24589339177603453,0.010691017033740632,-0.042420901358127594,1.0,1.0,1.0,1.0,1.0,0.7715736040609137,0.2233502538071066,0.005076142131979695,0.4239739668150635,0.9369565217391305,0.9369565217391305,0.9565217391304348,0.9833877232309128,0.11987438955066199,0.0,-0.08708576322820999,0.0,0.0,0.1065989847715736,0.8020304568527918,0.09137055837563451,0.27411167512690354,0.27411167512690354,nan,nan,0.1880580698904314,0.5965206127963526,0.0,0.1111111111111111,0.0,0.3121543300015649,0.1922799404509029,1.6676656692320486,20,20,6.34131121635437
1384,,0.24530399779459278,0.010220999908108033,0.007008253410458565,1.0,1.0,1.0,1.0,1.0,0.6968085106382979,0.2765957446808511,0.026595744680851064,0.43163472836216293,0.9229166666666667,0.9229166666666667,1.25,0.977894421740285,0.13774536995271267,0.0,-0.5608742976381345,0.0,0.0,0.11170212765957446,0.6436170212765957,0.24468085106382978,0.22872340425531915,0.22872340425531915,nan,nan,0.22874109147412425,0.6628119977019321,0.024793388429752067,0.17391304347826086,0.0,0.3167803777504644,0.17903500779775175,1.750727873858483,20,20,7.042357444763184
1385,,0.2643890755304877,0.008011790167590536,0.0178673692047596,0.95,0.95,0.95,1.0,1.0,0.7142857142857143,0.27472527472527475,0.01098901098901099,0.4321959939291419,1.2833333333333334,1.2833333333333334,1.6363636363636365,0.9667627762604772,0.189144476804504,0.0,-0.24080735345173077,0.0,0.0,0.07326007326007326,0.6227106227106227,0.304029304029304,0.21611721611721613,0.21611721611721613,nan,nan,0.2754113468173979,0.8579064908490782,0.0058823529411764705,0.24096385542168675,0.012048192771084338,0.322568094477134,0.13342361767263003,1.9871256420552086,20,20,13.175752878189087
1386,,0.2304536987318295,0.006401491631439708,0.06937736608088016,0.75,0.75,0.75,0.9770992366412213,1.0,0.7054263565891473,0.29069767441860467,0.003875968992248062,0.40015447607972116,1.4916666666666667,1.4916666666666667,1.6111111111111112,0.8975397436437259,0.29384419809875506,0.0,-0.06363081460324396,0.0,0.0,0.07364341085271318,0.8643410852713178,0.06201550387596899,0.29069767441860467,0.29069767441860467,nan,nan,0.3637439391158609,1.0482733042518109,0.004484304932735426,0.3125,0.0,0.33244486038456306,0.038600662285807996,1.6643470163346632,20,20,13.236068487167358
1387,,0.2501590049949956,0.009265148333147986,-0.00850113844498992,1.0,1.0,1.0,1.0,1.0,0.821256038647343,0.17391304347826086,0.004830917874396135,0.40244973697311553,0.8555555555555555,0.8555555555555555,0.48148148148148145,0.9685734867347611,0.1621535898132161,0.0,-0.17589852303862466,0.0,0.0,0.13526570048309178,0.6666666666666666,0.19806763285024154,0.28019323671497587,0.28019323671497587,nan,nan,0.18900426876553791,0.5880808489435632,0.0,0.024390243902439025,0.0,0.3543963366307946,0.19224274681757852,1.7513516649602887,20,20,7.116538763046265
1388,,0.18857771388286645,0.018857771388286645,-0.008751162886619568,1.0,1.0,1.0,1.0,0.0,0.9389312977099237,0.061068702290076333,0.0,0.4489332813100191,0.09,0.09,0.0,0.9990817204328477,0.019676988511147187,0.0,0.0,0.0,0.0,0.19083969465648856,0.22137404580152673,0.5877862595419847,0.20610687022900764,0.20610687022900764,nan,nan,0.02463213528447981,0.08808438054006984,0.0,0.05194805194805195,0.0,0.1979127429848436,0.1782357544736964,1.7081280469078057,20,20,2.2670044898986816
1389,,0.23491071076332296,0.010213509163622738,0.017571162804961203,1.0,1.0,1.0,1.0,1.0,0.7853403141361257,0.2094240837696335,0.005235602094240838,0.4220080367491945,0.9195652173913044,0.9195652173913044,0.782608695652174,0.9729024696307291,0.12556304545769745,100.0,0.06460468281891815,1.0,0.06460468281891815,0.1256544502617801,0.47643979057591623,0.39790575916230364,0.225130890052356,0.225130890052356,nan,nan,0.1915225606970425,0.643287290674709,0.0,0.10526315789473684,0.013157894736842105,0.30230371281645696,0.1767406673587595,1.7217027954489268,20,20,7.037713050842285
1390,,0.19191629711411543,0.023989537139264428,-0.008748965151607991,1.0,1.0,1.0,1.0,0.0,0.8861788617886179,0.11382113821138211,0.0,0.4646213657455519,0.1375,0.1375,1.25,0.9980245001516874,0.030057716911910504,0.0,0.0,0.0,0.0,0.22764227642276422,0.2032520325203252,0.5691056910569106,0.23577235772357724,0.23577235772357724,nan,nan,0.030616913165231387,0.10820310015894326,0.0,0.1,0.0,0.2026102472470802,0.1725525303351697,1.7020499560548363,20,20,1.9879498481750488
1391,,0.28179880328862744,0.008539357675412952,0.0744650274515152,0.85,0.85,0.85,0.9776951672862454,1.0,0.7547169811320755,0.2339622641509434,0.011320754716981131,0.4196329184084651,1.603030303030303,1.603030303030303,1.4545454545454546,0.9571423432239015,0.23938091294852634,0.0,-0.08675519259878628,0.0,0.0,0.09056603773584905,0.6754716981132075,0.2339622641509434,0.21132075471698114,0.21132075471698114,nan,nan,0.35206101104718457,1.0843032461662119,0.00558659217877095,0.3548387096774194,0.0,0.3843694111480791,0.14498849819955276,1.6767108613694939,20,20,15.083783626556396
1392,,0.23171809228706403,0.011585904614353201,0.03284658826887608,1.0,1.0,1.0,1.0,0.0,0.7586206896551724,0.2413793103448276,0.0,0.44065395308542066,0.775,0.775,0.85,0.9662013590807881,0.14748682330841176,0.0,0.0,0.0,0.0,0.15270935960591134,0.18226600985221675,0.6650246305418719,0.2512315270935961,0.2512315270935961,nan,nan,0.14525497948380842,0.5752180664756181,0.0,0.1111111111111111,0.0,0.3288761782388839,0.18138935493047212,2.066069686814458,20,20,6.395282030105591
1393,,0.23683875819688519,0.009473550327875408,-0.000855841487646103,0.95,0.95,0.95,0.9848484848484849,0.0,0.7563451776649747,0.2436548223350254,0.0,0.4244825132847764,0.802,0.802,1.08,0.9829506444876666,0.12554628866068607,0.0,0.0,0.0,0.0,0.13705583756345177,0.4010152284263959,0.4619289340101523,0.20812182741116753,0.20812182741116753,nan,nan,0.20132538614321002,0.5622690786296274,0.0,0.10989010989010989,0.0,0.32004178151339024,0.19449549285270418,1.6908982757663202,20,20,7.276337146759033
1394,,0.19295734321447605,0.02143970480160845,-0.01572434799745679,1.0,1.0,1.0,1.0,0.0,0.8650793650793651,0.1349206349206349,0.0,0.46981629680473513,0.07777777777777778,0.07777777777777778,0.2222222222222222,0.9983731403272748,0.025755122710165113,0.0,0.0,0.0,0.0,0.23809523809523808,0.5079365079365079,0.25396825396825395,0.24603174603174602,0.24603174603174602,nan,nan,0.026438705588447655,0.10199542581354155,0.0,0.125,0.0,0.20699629400800384,0.18124117129783873,1.816784420902427,20,20,1.9914953708648682
1395,,0.22986970432748963,0.009194788173099586,-0.0018824078142642975,0.95,0.95,0.95,1.0,0.0,0.7574257425742574,0.24257425742574257,0.0,0.41042558960430325,0.734,0.734,0.56,0.9642366062776486,0.2313968685316498,0.0,0.0,0.0,0.0,0.13861386138613863,0.4405940594059406,0.4207920792079208,0.2524752475247525,0.2524752475247525,nan,nan,0.17257075709651418,0.6662313373352229,0.0,0.11764705882352941,0.0,0.34755012360782295,0.11615325507617312,1.9363223578999726,20,20,6.995687007904053
1396,,0.2387686421184993,0.009550745684739972,0.010161577165126801,0.95,0.95,0.95,0.9950738916256158,1.0,0.7722772277227723,0.22277227722772278,0.0049504950495049506,0.4149301834749058,0.89,0.89,0.84,0.9621861117163865,0.2377497363587487,0.0,-0.09238279620747197,0.0,0.0,0.12376237623762376,0.49504950495049505,0.3811881188118812,0.24257425742574257,0.24257425742574257,nan,nan,0.20287103618198377,0.7143106622858336,0.0,0.12987012987012986,0.0,0.3454457704922327,0.10769603413348401,1.6841525928575596,20,20,7.011479139328003
1397,,0.2235359637804622,0.009313998490852592,0.04120664745569229,0.95,0.95,0.95,0.9950248756218906,1.0,0.7313432835820896,0.263681592039801,0.004975124378109453,0.4177679887739941,0.7979166666666667,0.7979166666666667,1.2916666666666667,0.9292187283160988,0.3102928047934597,0.0,-0.11318422020058638,0.0,0.0,0.11442786069651742,0.39800995024875624,0.48756218905472637,0.21890547263681592,0.21890547263681592,nan,nan,0.1905660231965145,0.5827201708715901,0.0,0.09183673469387756,0.01020408163265306,0.30472510267079705,-0.005567702122662679,2.02823165813273,20,20,10.152227401733398
1398,,0.24420673814265334,0.011100306279211516,-0.0039383359253406525,1.0,1.0,1.0,1.0,1.0,0.77,0.225,0.005,0.43397811790610746,0.8590909090909091,0.8590909090909091,0.8181818181818182,0.9830733804181819,0.14719189224778167,0.0,-0.06244243667824054,0.0,0.0,0.13,0.745,0.125,0.27,0.27,nan,nan,0.15538318963826414,0.5521406771276911,0.0,0.08,0.0,0.3295695600249481,0.1823776677771664,1.7906494506651285,20,20,6.6409995555877686
1399,,0.22873733295293203,0.00914949331811728,0.023400072753429414,0.95,0.95,0.95,0.9891304347826086,1.0,0.726775956284153,0.2459016393442623,0.0273224043715847,0.4135189525261521,0.852,0.852,0.68,0.9241547911366219,0.3445589026004694,40.0,0.017423265173629576,0.4,0.2941354430886842,0.11475409836065574,0.7868852459016393,0.09836065573770492,0.26229508196721313,0.26229508196721313,nan,nan,0.20467707755196415,0.6307872818960977,0.020833333333333332,0.1111111111111111,0.0,0.3576190404468802,0.013060137846410816,1.853210957516974,20,20,6.834380149841309
1400,,0.2376868046444126,0.008196096711876297,0.017456603050231934,0.95,0.95,0.95,1.0,1.0,0.795,0.2,0.005,0.41908547621218345,0.7603448275862069,0.7603448275862069,0.6896551724137931,0.9625720897086273,0.24188989343108702,0.0,-0.14910207781044832,0.0,0.0,0.115,0.785,0.1,0.25,0.25,nan,nan,0.18505259571485363,0.5113051811530523,0.0,0.1,0.0,0.3312583814058296,0.08936848797474256,1.6172630431897244,20,20,7.3855931758880615
1401,,0.22384054155895805,0.007718639364102001,0.030780944600701333,0.85,0.85,0.85,0.9571428571428572,1.0,0.7142857142857143,0.2660098522167488,0.019704433497536946,0.41789956235744313,0.7603448275862069,0.7603448275862069,0.7931034482758621,0.8376486704668572,0.4728377772645141,0.0,-0.1013906813327273,0.0,0.0,0.13793103448275862,0.6009852216748769,0.26108374384236455,0.2660098522167488,0.2660098522167488,nan,nan,0.2311447228687637,0.8603504625899385,0.01639344262295082,0.18867924528301888,0.0,0.37731440596033533,-0.09552337130417875,1.8009467281211298,20,20,15.244691848754883
1402,,0.23505043549770685,0.009040401365296418,-0.007872214633971452,1.0,1.0,1.0,1.0,1.0,0.821256038647343,0.17391304347826086,0.004830917874396135,0.4237773141355809,0.7134615384615385,0.7134615384615385,0.2692307692307692,0.9618254566498851,0.16706885977842514,0.0,-0.3640804679442339,0.0,0.0,0.15458937198067632,0.2222222222222222,0.6231884057971014,0.20772946859903382,0.20772946859903382,nan,nan,0.167459072545337,0.6400578811008821,0.0,0.046511627906976744,0.0,0.3411719464075355,0.17410308662911037,2.0268755812825363,20,20,7.05230975151062
1403,,0.22370991478289223,0.00894839659131569,0.02789680063724518,0.95,0.95,0.95,1.0,1.0,0.734375,0.23958333333333334,0.026041666666666668,0.4131689531775191,0.86,0.86,1.24,0.9663293169770385,0.17704911552130673,40.0,-0.17673739233491012,0.4,0.02167145211509939,0.109375,0.328125,0.5625,0.2604166666666667,0.2604166666666667,nan,nan,0.2000711954009422,0.7785970452293745,0.031746031746031744,0.09259259259259259,0.018518518518518517,0.3091130814851787,0.13206396596387196,1.8230229576954666,20,20,13.405359268188477
1404,,0.2388249118111634,0.009552996472446536,-0.0028174713253974913,0.95,0.95,0.95,0.9896373056994818,1.0,0.8010471204188482,0.193717277486911,0.005235602094240838,0.4204274318856187,0.916,0.916,0.72,0.9589775874778989,0.2333219220765065,0.0,-0.004027564036632236,0.0,0.0,0.09947643979057591,0.837696335078534,0.06282722513089005,0.225130890052356,0.225130890052356,nan,nan,0.1995237784685328,0.6100320840256672,0.0,0.16666666666666666,0.08333333333333333,0.3167790421760249,0.08345712009951842,1.6789970734908009,20,20,6.692151308059692
1405,,0.19482823253416023,0.02164758139268447,-0.01082239719107747,1.0,1.0,1.0,1.0,1.0,0.904,0.088,0.008,0.4575961702658484,0.12777777777777777,0.12777777777777777,0.3333333333333333,0.9977714151102066,0.03279147557145454,0.0,-0.07804261365804809,0.0,0.0,0.24,0.52,0.24,0.288,0.288,nan,nan,0.025229256809833366,0.09912845614392256,0.0,0.0,0.0,0.21198297676748545,0.17919150119603092,1.5765233686310123,20,20,2.103785514831543
1406,,0.2502558114350596,0.010010232457402384,0.0014894731342792512,1.0,1.0,1.0,1.0,0.0,0.7772277227722773,0.22277227722772278,0.0,0.403244171000435,0.838,0.838,0.88,0.9754204725281745,0.13468395749712253,0.0,0.0,0.0,0.0,0.11386138613861387,0.6534653465346535,0.23267326732673269,0.2524752475247525,0.2524752475247525,nan,nan,0.18381447639322926,0.6275431553576288,0.0,0.10638297872340426,0.0,0.3209765011308163,0.1862925436336938,1.814644659296564,20,20,8.359474420547485
1407,,0.18893196698981982,0.01889319669898198,-0.005231858137995005,1.0,1.0,1.0,1.0,0.0,0.9166666666666666,0.08333333333333333,0.0,0.4675145932659507,0.075,0.075,0.7,0.9986522167804207,0.02416498027556971,0.0,0.0,0.0,0.0,0.22727272727272727,0.3409090909090909,0.4318181818181818,0.22727272727272727,0.22727272727272727,nan,nan,0.024622687253055654,0.08621439970510811,0.0,0.08771929824561403,0.0,0.19841760062703354,0.17425262035146383,1.7388696121889444,20,20,2.363335609436035
1408,,0.26728471371757784,0.007223911181556158,0.03853556364774704,0.85,0.85,0.85,0.9769230769230769,1.0,0.8132295719844358,0.1828793774319066,0.0038910505836575876,0.41067463076686034,1.4094594594594594,1.4094594594594594,0.6756756756756757,0.9572628622648134,0.28550378654759834,0.0,-0.17039934386829134,0.0,0.0,0.07782101167315175,0.8871595330739299,0.03501945525291829,0.24124513618677043,0.24124513618677043,nan,nan,0.3409484319019989,0.9431709294586624,0.0,0.0,0.0,0.38768832235059514,0.10218453580299683,1.7573186996704944,20,20,15.873664855957031
1409,,0.26051830694194333,0.007894494149755859,-0.0005184028297662735,0.7,0.7,0.7,0.9598393574297188,0.0,0.7745901639344263,0.22131147540983606,0.004098360655737705,0.4068754884290904,1.7393939393939395,1.7393939393939395,0.6666666666666666,0.9340995632466396,0.2874255065483162,0.0,-0.04586155211888132,0.0,0.0,0.0942622950819672,0.7540983606557377,0.15163934426229508,0.22540983606557377,0.22540983606557377,nan,nan,0.42162777379887967,1.3145447697227723,0.0,0.1891891891891892,0.02702702702702703,0.34409340038247316,0.05666789383415696,1.7440461538406846,20,20,12.879162073135376
1410,,0.1888474616803128,0.020983051297812534,0.0022952571511268617,1.0,1.0,1.0,1.0,1.0,0.7925925925925926,0.2,0.007407407407407408,0.4831819196800805,0.05,0.05,0.6666666666666666,0.9987040181387217,0.027356281457786125,0.0,-0.10554371213752892,0.0,0.0,0.17777777777777778,0.26666666666666666,0.5555555555555556,0.16296296296296298,0.16296296296296298,nan,nan,0.032058601116211984,0.10249601514083384,0.0,0.16,0.0,0.20614583852349744,0.1787895570657113,2.2053106011643004,20,20,2.504943609237671
1411,,0.24058929416933578,0.010460404094318946,-0.02899034656584263,1.0,1.0,1.0,1.0,0.0,0.7772277227722773,0.22277227722772278,0.0,0.420596349996302,0.8369565217391305,0.8369565217391305,0.5652173913043478,0.9809106221433321,0.1396582530563135,0.0,0.0,0.0,0.0,0.14356435643564355,0.594059405940594,0.2623762376237624,0.28217821782178215,0.28217821782178215,nan,nan,0.16406544265030054,0.5256801864752044,0.0,0.09433962264150944,0.0,0.3344944535612054,0.1948362005048919,1.8150213395712729,20,20,6.415735244750977
1412,,0.23784488715650343,0.009910203631520976,0.03814754039049149,0.9,0.9,0.9,0.98989898989899,0.0,0.766497461928934,0.22842639593908629,0.005076142131979695,0.43310960396775045,0.9916666666666667,0.9916666666666667,0.875,0.9327874456864788,0.27642843883259444,0.0,-0.6339683594680534,0.0,0.0,0.1065989847715736,0.8071065989847716,0.08629441624365482,0.25888324873096447,0.25888324873096447,nan,nan,0.20420338102692726,0.7471163151241476,0.006289308176100629,0.17647058823529413,0.0,0.362108412489794,0.08567997365719954,1.7518989027362657,20,20,6.722776889801025
1413,,0.25518500774636454,0.007732879022617108,0.0355526689440012,0.9,0.9,0.9,0.9884169884169884,0.0,0.7198443579766537,0.2801556420233463,0.0,0.41947733047700514,1.4090909090909092,1.4090909090909092,1.303030303030303,0.943326766624101,0.2531654605022956,0.0,0.0,0.0,0.0,0.08171206225680934,0.8599221789883269,0.058365758754863814,0.2723735408560311,0.2723735408560311,nan,nan,0.32685777740417044,0.9084028086609506,0.0,0.4666666666666667,0.0,0.36468333433847483,0.11151787383617923,1.8156748012088033,20,20,11.685711860656738
1414,,0.19218629856919484,0.021354033174354983,-0.006960689276456833,1.0,1.0,1.0,1.0,0.0,0.768,0.232,0.0,0.4686892635450931,0.06111111111111111,0.06111111111111111,0.1111111111111111,0.9986735099099818,0.026193024508636364,0.0,0.0,0.0,0.0,0.224,0.16,0.616,0.208,0.208,nan,nan,0.03757622117907085,0.11719954678534338,0.0,0.14285714285714285,0.0,0.20508327605268117,0.1788902515440448,1.9236596010118752,20,20,2.1547799110412598
1415,,0.19041885769449815,0.02115765085494424,-0.013532000966370106,1.0,1.0,1.0,1.0,0.0,0.7786259541984732,0.22137404580152673,0.0,0.48025713867197434,0.044444444444444446,0.044444444444444446,0.8888888888888888,0.9980988999227481,0.03921259454398385,0.0,0.0,0.0,0.0,0.20610687022900764,0.29770992366412213,0.4961832061068702,0.2366412213740458,0.2366412213740458,nan,nan,0.025956524252994943,0.10385541525645345,0.0,0.2,0.0,0.21070909210428135,0.1714964975602975,1.973289566568028,20,20,2.366776466369629
1416,,0.22739015913530233,0.009095606365412094,0.017900489270687103,0.95,0.95,0.95,0.9948186528497409,0.0,0.7083333333333334,0.2916666666666667,0.0,0.4395251570381224,0.778,0.778,1.68,0.9755576218130413,0.13575203382154055,0.0,0.0,0.0,0.0,0.15625,0.3072916666666667,0.5364583333333334,0.265625,0.265625,nan,nan,0.19760652699033945,0.6572672507436343,0.0,0.14563106796116504,0.0,0.30533739885147415,0.1695853650299336,1.8008780332030874,20,20,9.385428428649902
1417,,0.23405620554676845,0.010176356762902976,0.03835833389312029,0.95,0.95,0.95,0.9851485148514851,0.0,0.77,0.23,0.0,0.44360574048136503,0.8521739130434782,0.8521739130434782,0.6956521739130435,0.9753319249524817,0.14086255610894943,0.0,0.0,0.0,0.0,0.145,0.635,0.22,0.325,0.325,nan,nan,0.16196338251095008,0.6551622554952142,0.0,0.13636363636363635,0.0,0.33139412488456793,0.1905315687756185,1.7972869620810383,20,20,7.196089744567871
1418,,0.23922428405955212,0.010401055828676179,-0.014000818505883217,1.0,1.0,1.0,1.0,0.0,0.7438423645320197,0.2561576354679803,0.0,0.4547658737829846,0.8043478260869565,0.8043478260869565,1.7391304347826086,0.9866398364764637,0.09858241448513008,0.0,0.0,0.0,0.0,0.06403940886699508,0.6600985221674877,0.27586206896551724,0.270935960591133,0.270935960591133,nan,nan,0.15797853775108764,0.4982843214064937,0.0,0.10714285714285714,0.0,0.2953694365823918,0.1967870220972617,1.6037680179573415,20,20,12.7944495677948
1419,,0.2235130171377174,0.010643477006557971,-0.02781548388302326,1.0,1.0,1.0,1.0,0.0,0.8,0.2,0.0,0.4607343050141242,0.6738095238095239,0.6738095238095239,0.42857142857142855,0.9791135521655991,0.11890462994954348,0.0,0.0,0.0,0.0,0.17073170731707318,0.3853658536585366,0.44390243902439025,0.2926829268292683,0.2926829268292683,nan,nan,0.12170651687005231,0.4545499974236045,0.0,0.08791208791208792,0.0,0.29653552698561064,0.17763089703606716,2.092252401956772,20,20,6.281652450561523
1420,,0.2532072463521464,0.010550301931339434,-0.013409267365932464,1.0,1.0,1.0,1.0,0.0,0.7268292682926829,0.2731707317073171,0.0,0.45160330895062845,0.9333333333333333,0.9333333333333333,1.0416666666666667,0.9647433452153826,0.14971809352813104,0.0,0.0,0.0,0.0,0.0975609756097561,0.7219512195121951,0.18048780487804877,0.28780487804878047,0.28780487804878047,nan,nan,0.17976394124735182,0.7133646059406104,0.0,0.08108108108108109,0.0,0.34651737912281366,0.19679928559468263,1.8128412968089391,20,20,7.352968454360962
1421,,0.2715253845772015,0.008485168268037547,0.04367801621556282,0.9,0.9,0.9,0.9811320754716981,1.0,0.6958174904942965,0.30038022813688214,0.0038022813688212928,0.4431815974922074,1.61875,1.61875,1.75,0.9648420343363825,0.19601749451548367,0.0,-0.14463296063524145,0.0,0.0,0.11787072243346007,0.6045627376425855,0.27756653992395436,0.28517110266159695,0.28517110266159695,nan,nan,0.35809717283790254,0.9873380666787265,0.006289308176100629,0.2328767123287671,0.0,0.35800817343444463,0.16199067891896096,1.8780085295773887,20,20,13.159842252731323
1422,,0.1956907978397721,0.021743421982196903,0.03601466789841652,1.0,1.0,1.0,1.0,0.0,0.7709923664122137,0.22900763358778625,0.0,0.45505553308046526,0.044444444444444446,0.044444444444444446,1.5555555555555556,0.993890683762702,0.07401520240058099,0.0,0.0,0.0,0.0,0.16793893129770993,0.4580152671755725,0.37404580152671757,0.20610687022900764,0.20610687022900764,nan,nan,0.038297158534009675,0.20183842056108436,0.0,0.061224489795918366,0.0,0.257198166003269,0.18318296360268801,1.9329413989566153,20,20,2.2174017429351807
1423,,0.2494561106378441,0.009978244425513764,-0.01969280354678631,1.0,1.0,1.0,1.0,0.0,0.7258883248730964,0.27411167512690354,0.0,0.44379298800602557,0.874,0.874,0.76,0.9790270668712119,0.14420083469704506,0.0,0.0,0.0,0.0,0.1116751269035533,0.4263959390862944,0.4619289340101523,0.26903553299492383,0.26903553299492383,nan,nan,0.19160738581699477,0.6260393287984365,0.0,0.14285714285714285,0.0,0.3327358880937918,0.18853505339674673,1.9078247968727542,20,20,7.031677484512329
1424,,0.19264122604071382,0.021404580671190426,-0.0001414506696164608,1.0,1.0,1.0,1.0,0.0,0.7407407407407407,0.25925925925925924,0.0,0.4574443518287606,0.03888888888888889,0.03888888888888889,0.3333333333333333,0.9988907699640245,0.025827866859821996,0.0,0.0,0.0,0.0,0.13333333333333333,0.5925925925925926,0.2740740740740741,0.25925925925925924,0.25925925925925924,nan,nan,0.021998839653342376,0.08578348389779147,0.0,0.16216216216216217,0.0,0.20678678981449056,0.18095892295466856,1.8366423177525804,20,20,2.3131561279296875
1425,,0.22966496279922996,0.008833267799970384,0.035811633616685865,0.9,0.9,0.9,0.9901477832512315,0.0,0.7910447761194029,0.208955223880597,0.0,0.4656646811636165,0.8038461538461539,0.8038461538461539,0.34615384615384615,0.9426691869185224,0.24153045209660534,0.0,0.0,0.0,0.0,0.18407960199004975,0.43283582089552236,0.38308457711442784,0.2885572139303483,0.2885572139303483,nan,nan,0.1771163360765017,0.7867824295137169,0.0,0.14285714285714285,0.0,0.3792963277482212,0.13776587565161585,1.8562034778883914,20,20,6.052509546279907
1426,,0.19070153379465338,0.021189059310517042,-0.004746377095580101,1.0,1.0,1.0,1.0,0.0,0.7222222222222222,0.2777777777777778,0.0,0.4859525671435727,0.05,0.05,0.3333333333333333,0.9985245032425814,0.027976424808985018,0.0,0.0,0.0,0.0,0.1984126984126984,0.12698412698412698,0.6746031746031746,0.19047619047619047,0.19047619047619047,nan,nan,0.031677255471508486,0.1129360799177643,0.0,0.21176470588235294,0.0,0.20784902118221055,0.17987259637322553,2.0529386741478617,20,20,2.1414034366607666
1427,,0.1927023671728943,0.021411374130321587,-0.02078280095010996,1.0,1.0,1.0,1.0,0.0,0.7209302325581395,0.27906976744186046,0.0,0.47524400157853963,0.11666666666666667,0.11666666666666667,0.6666666666666666,0.9983683522362413,0.024099434755710747,0.0,0.0,0.0,0.0,0.17829457364341086,0.3333333333333333,0.4883720930232558,0.20930232558139536,0.20930232558139536,nan,nan,0.03894231189440949,0.16953029641233963,0.0,0.19047619047619047,0.0,0.20429532944146858,0.18019589468575783,2.0179077359691453,20,20,2.308096170425415
1428,,0.1904308043668076,0.009521540218340379,0.023648636788129805,1.0,1.0,1.0,1.0,1.0,0.7372262773722628,0.2116788321167883,0.051094890510948905,0.4453232128004311,0.055,0.055,0.1,0.9868986632325025,0.11510080344084775,0.0,-0.3607545071112325,0.0,0.0,0.2116788321167883,0.3357664233576642,0.45255474452554745,0.20437956204379562,0.20437956204379562,nan,nan,0.04503995765279047,0.0903226957594985,0.043478260869565216,0.14516129032258066,0.0,0.23898152508843015,0.1238807216475824,1.6952343795106908,20,20,3.5285277366638184
1429,,0.23821440976242297,0.0064382272908762965,0.04494918771088123,0.85,0.85,0.85,0.9801587301587301,1.0,0.636,0.352,0.012,0.44656160819702906,1.0445945945945947,1.0445945945945947,2.108108108108108,0.9051453835287904,0.3400519551246206,33.33333333333333,-0.23354504907809515,0.3333333333333333,0.058869744389415946,0.104,0.712,0.184,0.316,0.316,nan,nan,0.26596524620826933,0.9658426721476644,0.0,0.34782608695652173,0.021739130434782608,0.3651983012602156,0.025146346135594966,1.8800663273313194,20,20,12.664524793624878
1430,,0.23935789863071458,0.0108799044832143,-0.014133231714367867,1.0,1.0,1.0,1.0,1.0,0.6634146341463415,0.33170731707317075,0.004878048780487805,0.45921628547155047,0.8272727272727273,0.8272727272727273,2.1818181818181817,0.9760124051046901,0.1524607429027839,0.0,-0.14864125513647125,0.0,0.0,0.11707317073170732,0.7414634146341463,0.14146341463414633,0.32682926829268294,0.32682926829268294,nan,nan,0.160989411389732,0.5763973861166761,0.0,0.27586206896551724,0.0,0.32909994345072396,0.17663920054794005,1.8114265004314192,20,20,9.301830291748047
1431,,0.24761743130987002,0.007503558524541516,0.08374441936612129,0.9,0.9,0.9,0.9923076923076923,1.0,0.7258687258687259,0.2702702702702703,0.003861003861003861,0.4341397340861008,1.4893939393939395,1.4893939393939395,1.9393939393939394,0.9451989298819801,0.2808426914355162,0.0,-0.7262854542813958,0.0,0.0,0.06563706563706563,0.8764478764478765,0.05791505791505792,0.2857142857142857,0.2857142857142857,nan,nan,0.3211607999999387,0.9147552461113778,0.004405286343612335,0.3333333333333333,0.0,0.3801582629459632,0.09931557151044702,1.9259569976186797,20,20,12.302900075912476
1432,,0.2665254518931652,0.008884181729772173,0.011185325682163239,1.0,1.0,1.0,1.0,0.0,0.6940298507462687,0.30597014925373134,0.0,0.4578179710203161,1.46,1.46,2.433333333333333,0.9821540140303119,0.14411209026072103,0.0,0.0,0.0,0.0,0.10074626865671642,0.7126865671641791,0.1865671641791045,0.27238805970149255,0.27238805970149255,nan,nan,0.28182066478325224,0.8480358175805489,0.0,0.48,0.0,0.35428214178418027,0.21017005152345924,1.7078600046659227,20,20,12.480908632278442
1433,,0.23511831337362535,0.007124797374958344,0.09400949701666832,0.85,0.85,0.85,0.992,0.0,0.6144578313253012,0.3855421686746988,0.0,0.4535338100582135,1.2257575757575758,1.2257575757575758,2.878787878787879,0.9150184123471993,0.306575467414468,0.0,0.0,0.0,0.0,0.07630522088353414,0.8313253012048193,0.09236947791164658,0.3373493975903614,0.3373493975903614,nan,nan,0.31229322540240395,1.0020253472564742,0.0,0.391304347826087,0.0,0.3569912584634188,0.05041579104895076,2.1330292509545457,20,20,16.083272457122803
1434,,0.19350922269246223,0.019350922269246222,-0.008112355694174766,1.0,1.0,1.0,1.0,0.0,0.7938931297709924,0.20610687022900764,0.0,0.48021835358813403,0.07,0.07,1.0,0.997570457726059,0.03697803323304735,0.0,0.0,0.0,0.0,0.1984732824427481,0.4122137404580153,0.3893129770992366,0.2366412213740458,0.2366412213740458,nan,nan,0.04131148583088722,0.17617056777444795,0.0,0.0784313725490196,0.0,0.21406685105666176,0.1770888178236144,1.7195587782591477,20,20,2.3374483585357666
1435,,0.2231486047420812,0.0085826386439262,0.01434148419648409,0.95,0.95,0.95,0.9949494949494949,0.0,0.7563451776649747,0.2436548223350254,0.0,0.4491516434381573,0.6884615384615385,0.6884615384615385,0.5769230769230769,0.9599578461730004,0.16916460102891118,0.0,0.0,0.0,0.0,0.16751269035532995,0.38578680203045684,0.4467005076142132,0.27918781725888325,0.27918781725888325,nan,nan,0.1580606899390278,0.6855289615900894,0.0,0.09090909090909091,0.0,0.34723688924235924,0.17807228821344806,1.866300092026931,20,20,6.321701765060425
1436,,0.22661354071771644,0.010791120986557925,-0.03266738560050726,1.0,1.0,1.0,1.0,0.0,0.715,0.285,0.0,0.45328149326544787,0.6785714285714286,0.6785714285714286,1.4761904761904763,0.9838969042375728,0.10969440672846903,0.0,0.0,0.0,0.0,0.155,0.23,0.615,0.195,0.195,nan,nan,0.14334057802687117,0.48166743770075204,0.0,0.21951219512195122,0.0,0.29681482895426914,0.1871204222258001,1.9538233144167085,20,20,6.905056715011597
1437,,0.22798522567822835,0.010362964803555834,0.005186104401946068,0.95,0.95,0.95,0.98989898989899,0.0,0.7614213197969543,0.23857868020304568,0.0,0.46171816718044945,0.8886363636363637,0.8886363636363637,1.0,0.9830307845348526,0.11234466071112792,0.0,0.0,0.0,0.0,0.1319796954314721,0.5685279187817259,0.29949238578680204,0.2639593908629442,0.2639593908629442,nan,nan,0.1617050393671653,0.5490805055220014,0.0,0.15254237288135594,0.0,0.29199886768676914,0.17965420697564122,1.842179214723983,20,20,6.632594347000122
1438,,0.19077881817629694,0.021197646464032993,-0.00739416079595685,1.0,1.0,1.0,1.0,0.0,0.8076923076923077,0.19230769230769232,0.0,0.46974908927352066,0.11666666666666667,0.11666666666666667,0.1111111111111111,0.9982314524333062,0.028373244769413497,0.0,0.0,0.0,0.0,0.15384615384615385,0.24615384615384617,0.6,0.17692307692307693,0.17692307692307693,nan,nan,0.03335202166752617,0.10437084875438697,0.0,0.1794871794871795,0.0,0.20175828170201301,0.17338503693259952,1.6836264284293332,20,20,2.482140064239502
1439,,0.24482887138468343,0.009416495053257055,-0.0026678187772631646,0.95,0.95,0.95,0.9947916666666666,0.0,0.7643979057591623,0.2356020942408377,0.0,0.4505966595087487,1.0115384615384615,1.0115384615384615,0.7692307692307693,0.9701952436035582,0.1979520041586071,0.0,0.0,0.0,0.0,0.1099476439790576,0.837696335078534,0.05235602094240838,0.3036649214659686,0.3036649214659686,nan,nan,0.22757285251942885,0.7436233226536192,0.0,0.0,0.0,0.3173854257401383,0.1194334215815312,1.5690042353064935,20,20,7.271397352218628
1440,,0.28106006676617395,0.008516971720187089,0.015410802513360976,0.95,0.95,0.95,0.9886792452830189,0.0,0.6653992395437263,0.33460076045627374,0.0,0.46581767060455276,1.2287878787878788,1.2287878787878788,1.3333333333333333,0.9741335498332453,0.1665060019908916,0.0,0.0,0.0,0.0,0.155893536121673,0.34220532319391633,0.5019011406844106,0.27756653992395436,0.27756653992395436,nan,nan,0.2790508257076834,1.0620702193730207,0.0,0.21212121212121213,0.0,0.35970414188345096,0.19319813989255935,2.0328740006107084,20,20,12.722585916519165
1441,,0.24821257818057987,0.01034219075752416,-0.009998072311282158,1.0,1.0,1.0,1.0,0.0,0.7626262626262627,0.23737373737373738,0.0,0.4727168180746958,1.0125,1.0125,1.5416666666666667,0.9760270899665325,0.1607793635082038,0.0,0.0,0.0,0.0,0.10101010101010101,0.5252525252525253,0.37373737373737376,0.24242424242424243,0.24242424242424243,nan,nan,0.21544719328558878,0.6767623230421513,0.0,0.17567567567567569,0.0,0.3358575790164962,0.17507821550829242,1.601419677011908,20,20,8.464868068695068
1442,,0.23326185045981876,0.009719243769159116,-0.029417134076356887,1.0,1.0,1.0,1.0,0.0,0.6700507614213198,0.3299492385786802,0.0,0.47764384238398633,0.7020833333333333,0.7020833333333333,1.5833333333333333,0.9869242296166496,0.1066757030904488,0.0,0.0,0.0,0.0,0.10152284263959391,0.45685279187817257,0.4416243654822335,0.2436548223350254,0.2436548223350254,nan,nan,0.16039080054859808,0.5270831708013027,0.0,0.28735632183908044,0.0,0.2880502346060499,0.1813745315156011,2.18040055287284,20,20,6.597676038742065
1443,,0.22156172076051772,0.009231738365021572,0.05179192423820496,0.95,0.95,0.95,0.9897435897435898,0.0,0.7202072538860104,0.27979274611398963,0.0,0.48522571635063894,0.71875,0.71875,1.2916666666666667,0.9589762896532066,0.21490233995744734,0.0,0.0,0.0,0.0,0.12953367875647667,0.7202072538860104,0.15025906735751296,0.33678756476683935,0.33678756476683935,nan,nan,0.14531966157301046,0.5098783655506031,0.0,0.20689655172413793,0.0,0.2793008497754814,0.06439850981803408,1.8670067061371542,20,20,6.057102203369141
1444,,0.1921250832577006,0.01921250832577006,-0.011228307709097862,1.0,1.0,1.0,1.0,0.0,0.7480314960629921,0.25196850393700787,0.0,0.49765764659270645,0.12,0.12,1.6,0.9971717893791116,0.03874786627615742,0.0,0.0,0.0,0.0,0.16535433070866143,0.47244094488188976,0.36220472440944884,0.30708661417322836,0.30708661417322836,nan,nan,0.02995623027970428,0.11282391331115736,0.0,0.13043478260869565,0.0,0.20984189382288287,0.17109402754672545,1.479423008256122,20,20,2.5215420722961426
1445,,0.2415570432511459,0.008946557157449849,0.0168040219694376,0.9,0.9,0.9,0.9951923076923077,0.0,0.7536231884057971,0.2463768115942029,0.0,0.48617647367495076,0.9944444444444445,0.9944444444444445,0.8148148148148148,0.9671037078416342,0.2146992555619303,0.0,0.0,0.0,0.0,0.1111111111111111,0.8454106280193237,0.043478260869565216,0.2946859903381642,0.2946859903381642,nan,nan,0.2153089853987327,0.7387698602237361,0.0,0.1111111111111111,0.0,0.33314943457541213,0.11845017901348183,1.7126271741811412,20,20,7.358177661895752
1446,,0.24065664095540307,0.010938938225245593,-0.012191078811883926,1.0,1.0,1.0,1.0,0.0,0.7525773195876289,0.24742268041237114,0.0,0.49270183973183684,0.9590909090909091,0.9590909090909091,0.9545454545454546,0.9861056864159309,0.10682292115448708,0.0,0.0,0.0,0.0,0.08762886597938144,0.845360824742268,0.06701030927835051,0.29896907216494845,0.29896907216494845,nan,nan,0.1796719704715495,0.6029295936166065,0.0,0.07692307692307693,0.0,0.2978009285065252,0.1909780073520381,1.6984752302226922,20,20,6.680651664733887
1447,,0.2525042750629627,0.010978446741867943,-0.004571889340877533,1.0,1.0,1.0,1.0,0.0,0.6826923076923077,0.3173076923076923,0.0,0.47672844725337044,0.8869565217391304,0.8869565217391304,1.434782608695652,0.9747433872782033,0.15874903086193617,0.0,0.0,0.0,0.0,0.125,0.7163461538461539,0.15865384615384615,0.3269230769230769,0.3269230769230769,nan,nan,0.1769225896134508,0.6264420157899585,0.0,0.24242424242424243,0.0,0.354354819075659,0.19560578821372285,1.934505521571589,20,20,7.2805421352386475
1448,,0.19171187349437097,0.021301319277152328,-0.019969485700130463,1.0,1.0,1.0,1.0,0.0,0.7419354838709677,0.25806451612903225,0.0,0.45691118933674363,0.06666666666666667,0.06666666666666667,1.6666666666666667,0.9989241544904337,0.027285879320735618,0.0,0.0,0.0,0.0,0.1693548387096774,0.18548387096774194,0.6451612903225806,0.25,0.25,nan,nan,0.038538653580538984,0.1329400266428574,0.0,0.15,0.0,0.206940105644429,0.17965422632369338,1.761903057719933,20,20,4.029395580291748
1449,,0.19198946463085062,0.02133216273676118,-0.005480316095054149,1.0,1.0,1.0,1.0,0.0,0.8661971830985915,0.13380281690140844,0.0,0.4876321899652895,0.044444444444444446,0.044444444444444446,0.1111111111111111,0.9990684272430889,0.02474148802622217,0.0,0.0,0.0,0.0,0.16901408450704225,0.30985915492957744,0.5211267605633803,0.18309859154929578,0.18309859154929578,nan,nan,0.02500313558921684,0.07278516601251178,0.0,0.0945945945945946,0.0,0.2053228579033618,0.18058136987713963,1.7715865156856938,20,20,2.3907630443573
1450,,0.26315916818979695,0.010526366727591878,-0.011040562018752097,1.0,1.0,1.0,1.0,0.0,0.7487684729064039,0.2512315270935961,0.0,0.4628254465535283,1.074,1.074,1.16,0.9610276714908923,0.189818720379018,0.0,0.0,0.0,0.0,0.09852216748768473,0.42857142857142855,0.4729064039408867,0.2512315270935961,0.2512315270935961,nan,nan,0.2446195430635721,0.7736392268506227,0.0,0.125,0.0,0.36975957477515126,0.17994085439613325,2.007037119724072,20,20,9.961055278778076
1451,,0.23766693592785854,0.010333345040341675,-0.03095657154917717,1.0,1.0,1.0,1.0,0.0,0.7675675675675676,0.23243243243243245,0.0,0.4480441495431992,0.9347826086956522,0.9347826086956522,1.5217391304347827,0.9803838025881249,0.11466827500870935,0.0,0.0,0.0,0.0,0.07027027027027027,0.4540540540540541,0.4756756756756757,0.2,0.2,nan,nan,0.20138133415440626,0.6607009574168141,0.0,0.17045454545454544,0.0,0.30625892525672904,0.1915906502480197,2.044625585685049,20,20,10.554152011871338
1452,,0.23321871855448378,0.010139944284977555,0.031961862742900846,0.9,0.9,0.9,0.9948453608247423,0.0,0.8290155440414507,0.17098445595854922,0.0,0.4543277356571154,0.9543478260869566,0.9543478260869566,0.34782608695652173,0.9584208495530709,0.20710147572230014,0.0,0.0,0.0,0.0,0.11917098445595854,0.6632124352331606,0.21761658031088082,0.26424870466321243,0.26424870466321243,nan,nan,0.18148706267167936,0.6485767876917711,0.0,0.07142857142857142,0.0,0.3284162617894071,0.12131478606710693,1.7922316438866157,20,20,6.49984335899353
1453,,0.2426958278717918,0.01055199251616486,0.02065679579973221,1.0,1.0,1.0,1.0,1.0,0.8115942028985508,0.18357487922705315,0.004830917874396135,0.4590943795800938,0.9565217391304348,0.9565217391304348,0.6521739130434783,0.9873537488944316,0.09920449749940016,0.0,-0.10146704600515233,0.0,0.0,0.12560386473429952,0.38164251207729466,0.4927536231884058,0.2318840579710145,0.2318840579710145,nan,nan,0.1863468643132615,0.49693154967225217,0.0,0.049019607843137254,0.0,0.28216988581561847,0.1829653883162183,1.7252146765670706,20,20,8.115500450134277
1454,,0.2488650789050014,0.010369378287708392,-0.0056128442287445065,1.0,1.0,1.0,1.0,0.0,0.7902439024390244,0.2097560975609756,0.0,0.45220626462638996,0.9625,0.9625,0.7916666666666666,0.9867245445841673,0.12062651997909118,0.0,0.0,0.0,0.0,0.06829268292682927,0.8292682926829268,0.1024390243902439,0.23414634146341465,0.23414634146341465,nan,nan,0.18725342668371242,0.5167828286438385,0.0,0.23809523809523808,0.0,0.3129512248618761,0.1923247048827849,1.8111094990735195,20,20,7.15046763420105
1455,,0.1908737402814659,0.02120819336460732,-0.009204251598566771,1.0,1.0,1.0,1.0,0.0,0.8560606060606061,0.14393939393939395,0.0,0.488532708833615,0.09444444444444444,0.09444444444444444,1.0,0.9990417377847831,0.027605620483782012,0.0,0.0,0.0,0.0,0.1893939393939394,0.4015151515151515,0.4090909090909091,0.25757575757575757,0.25757575757575757,nan,nan,0.024576342508970235,0.10993347109826224,0.0,0.14814814814814814,0.0,0.20439068572100405,0.17678506523722204,1.6080061241221537,20,20,2.0708112716674805
1456,,0.23077431481615834,0.009230972592646334,-0.014099544659256936,0.9,0.9,0.9,0.9808612440191388,0.0,0.7632850241545893,0.23671497584541062,0.0,0.4567935189860873,0.972,0.972,1.16,0.986398319854815,0.1264523380241656,0.0,0.0,0.0,0.0,0.08695652173913043,0.8164251207729468,0.0966183574879227,0.2898550724637681,0.2898550724637681,nan,nan,0.19796776883212144,0.6396489538885834,0.0,0.05,0.0,0.2893465682940682,0.16289423026990257,1.4841085919982344,20,20,8.031414270401001
1457,,0.2524031837870717,0.010974051469003118,0.011605153232812882,1.0,1.0,1.0,1.0,0.0,0.822429906542056,0.17757009345794392,0.0,0.4760415708160271,0.9239130434782609,0.9239130434782609,0.782608695652174,0.9735915737187584,0.1430438578595646,0.0,0.0,0.0,0.0,0.1308411214953271,0.5514018691588785,0.3177570093457944,0.2850467289719626,0.2850467289719626,nan,nan,0.17007702832463256,0.6011380446122424,0.0,0.07352941176470588,0.0,0.334154231997827,0.1911103741382624,1.7989173970577526,20,20,8.413553237915039
1458,,0.24778787485394532,0.006882996523720704,0.008832289278507233,0.85,0.85,0.85,0.9766536964980544,0.0,0.7391304347826086,0.2608695652173913,0.0,0.4692957645126929,1.2861111111111112,1.2861111111111112,1.5,0.911970719907516,0.30250444127921194,0.0,0.0,0.0,0.0,0.07509881422924901,0.5849802371541502,0.33992094861660077,0.2134387351778656,0.2134387351778656,nan,nan,0.3212814986152994,0.9313512754361761,0.0,0.3372093023255814,0.0,0.3535783095025745,0.05107386822336257,1.6948031625404778,20,20,12.518798828125
1459,,0.2771732160407023,0.007919234744020065,0.008086430653929711,0.95,0.95,0.95,0.9846153846153847,0.0,0.7626459143968871,0.23735408560311283,0.0,0.4813747298890459,1.3914285714285715,1.3914285714285715,1.0857142857142856,0.9671350400215588,0.22756755017031316,0.0,0.0,0.0,0.0,0.08560311284046693,0.8871595330739299,0.027237354085603113,0.28793774319066145,0.28793774319066145,nan,nan,0.32500326595263146,0.8757252374853065,0.0,0.14285714285714285,0.0,0.4170870372067451,0.18951948703643196,1.7131341577543469,20,20,15.207216262817383
1460,,0.24588500345025263,0.01024520847709386,-0.008573440834879875,0.95,0.95,0.95,0.9951219512195122,0.0,0.7990196078431373,0.20098039215686275,0.0,0.48770069076369205,0.9625,0.9625,1.125,0.9772211964563124,0.15425329208985478,0.0,0.0,0.0,0.0,0.09803921568627451,0.7352941176470589,0.16666666666666666,0.24509803921568626,0.24509803921568626,nan,nan,0.19163897928624377,0.5732151430307303,0.0,0.08823529411764706,0.0,0.30305802800677917,0.1488047359169244,1.6917513394166597,20,20,7.337324380874634
1461,,0.2511539227140333,0.011416087396092423,-0.014959228783845901,1.0,1.0,1.0,1.0,0.0,0.7596153846153846,0.2403846153846154,0.0,0.4764338751969097,1.0159090909090909,1.0159090909090909,1.9545454545454546,0.9836272521726634,0.13258997570550354,0.0,0.0,0.0,0.0,0.09615384615384616,0.8028846153846154,0.10096153846153846,0.3125,0.3125,nan,nan,0.18248096131098107,0.5233156969711518,0.0,0.047619047619047616,0.0,0.31888396581493406,0.1862939901094305,1.621704637328569,20,20,12.562222242355347
1462,,0.2398193454501672,0.010426928063050747,0.012697228975594044,1.0,1.0,1.0,1.0,0.0,0.7552083333333334,0.24479166666666666,0.0,0.4731110056310528,0.9326086956521739,0.9326086956521739,1.3478260869565217,0.9874018460227366,0.10329815435963591,0.0,0.0,0.0,0.0,0.08333333333333333,0.3333333333333333,0.5833333333333334,0.22395833333333334,0.22395833333333334,nan,nan,0.21671523076180152,0.5879756141029321,0.0,0.125,0.0,0.28828125770266366,0.18498310334302775,1.8965640388187939,20,20,11.196542024612427
1463,,0.2540546645360974,0.007258704701031353,0.009573444165289402,0.95,0.95,0.95,0.9926739926739927,0.0,0.6875,0.3125,0.0,0.49443935309270665,1.0714285714285714,1.0714285714285714,1.7714285714285714,0.9528888888841189,0.2620910055091323,0.0,0.0,0.0,0.0,0.14705882352941177,0.35294117647058826,0.5,0.26838235294117646,0.26838235294117646,nan,nan,0.25217010546320195,0.7794430210913412,0.0,0.20588235294117646,0.0,0.32700626728553334,0.06491526177640107,1.9268842777903634,20,20,14.140817165374756
1464,,0.23782371505797728,0.009147065963768356,0.02353777214884758,0.9,0.9,0.9,0.9795918367346939,0.0,0.8092783505154639,0.19072164948453607,0.0,0.47509148644995336,0.9115384615384615,0.9115384615384615,0.6538461538461539,0.9449973819464798,0.25628415410993155,0.0,0.0,0.0,0.0,0.12886597938144329,0.6701030927835051,0.20103092783505155,0.25257731958762886,0.25257731958762886,nan,nan,0.21033814630767583,0.7069010182269183,0.0,0.07692307692307693,0.0,0.3240795819418704,0.06779542783193886,1.5900326248544587,20,20,6.843362331390381
1465,,0.24082073979879043,0.010946397263581382,-0.010610685124993325,1.0,1.0,1.0,1.0,0.0,0.8492462311557789,0.1507537688442211,0.0,0.48805291883816776,0.8795454545454545,0.8795454545454545,0.2727272727272727,0.9844922917680169,0.10610842679890437,0.0,0.0,0.0,0.0,0.135678391959799,0.5376884422110553,0.32663316582914576,0.24623115577889448,0.24623115577889448,nan,nan,0.15457587250031266,0.5303190560357212,0.0,0.03076923076923077,0.0,0.29495647613730336,0.188848049338399,1.7964903845246278,20,20,6.453447341918945
1466,,0.19153987842977813,0.019153987842977813,-0.019680327177047728,1.0,1.0,1.0,1.0,0.0,0.952755905511811,0.047244094488188976,0.0,0.49835345458239316,0.095,0.095,0.5,0.9993494158551118,0.021348263314419108,0.0,0.0,0.0,0.0,0.1732283464566929,0.49606299212598426,0.33070866141732286,0.1968503937007874,0.1968503937007874,nan,nan,0.022413612660212148,0.08516773765198044,0.0,0.023809523809523808,0.0,0.2021497571139012,0.1808014937994821,1.622340621312221,20,20,2.631770133972168
1467,,0.24785736170958045,0.010776407030851323,0.00819169208407402,1.0,1.0,1.0,1.0,0.0,0.8290155440414507,0.17098445595854922,0.0,0.5046989194360441,0.9478260869565217,0.9478260869565217,0.5217391304347826,0.9821390558683207,0.1350021946017936,0.0,0.0,0.0,0.0,0.12953367875647667,0.7098445595854922,0.16062176165803108,0.27461139896373055,0.27461139896373055,nan,nan,0.18646274880455108,0.646749668553258,0.0,0.03225806451612903,0.0,0.3389732667761474,0.2039710721743538,1.7064757934562889,20,20,6.631086587905884
1468,,0.22685328201394844,0.009074131280557937,-0.01912844069302082,1.0,1.0,1.0,1.0,0.0,0.8434343434343434,0.15656565656565657,0.0,0.46979349610581994,0.67,0.67,0.44,0.9723269094071004,0.11915127544231899,0.0,0.0,0.0,0.0,0.15151515151515152,0.35858585858585856,0.4898989898989899,0.2474747474747475,0.2474747474747475,nan,nan,0.14849610937390256,0.5605350714552725,0.0,0.061855670103092786,0.0,0.29612275836169566,0.17697148291937667,1.9801962558431838,20,20,6.423810243606567
1469,,0.19290338464904788,0.024112923081130985,-0.013333875685930252,1.0,1.0,1.0,1.0,0.0,0.9606299212598425,0.03937007874015748,0.0,0.4888885995023884,0.15,0.15,0.0,0.9986525087961139,0.024691279940526834,0.0,0.0,0.0,0.0,0.18110236220472442,0.11811023622047244,0.7007874015748031,0.1889763779527559,0.1889763779527559,nan,nan,0.0342825272572908,0.09552653666056671,0.0,0.0449438202247191,0.0,0.2059372489556158,0.18124596901508896,1.578911803903572,20,20,2.0762085914611816
1470,,0.23455432874631538,0.009382173149852615,0.04369647353887558,0.9,0.9,0.9,0.9844559585492227,0.0,0.8177083333333334,0.18229166666666666,0.0,0.48260050580184904,1.08,1.08,0.88,0.9042213813211377,0.35345355967068415,0.0,0.0,0.0,0.0,0.11979166666666667,0.7604166666666666,0.11979166666666667,0.2552083333333333,0.2552083333333333,nan,nan,0.23645428180089645,0.6916832229860478,0.0,0.043478260869565216,0.0,0.32249953978050855,-0.030954019890175613,1.6327941104284451,20,20,7.082644701004028
1471,,0.1932569652385854,0.024157120654823176,-0.0002738287672400475,1.0,1.0,1.0,1.0,0.0,0.8617886178861789,0.13821138211382114,0.0,0.49435551025671887,0.08125,0.08125,0.625,0.9980411424828446,0.036457219189734796,0.0,0.0,0.0,0.0,0.14634146341463414,0.3821138211382114,0.4715447154471545,0.17073170731707318,0.17073170731707318,nan,nan,0.02961156935487492,0.12460940334408455,0.0,0.034482758620689655,0.0,0.2168104546326742,0.1803532354429394,1.7645643106248337,20,20,2.302473783493042
1472,,0.19666180227108873,0.02458272528388609,0.0032374681904911995,1.0,1.0,1.0,1.0,0.0,0.8650793650793651,0.1349206349206349,0.0,0.49205365296220405,0.1625,0.1625,0.125,0.9992910317170639,0.01990269667240896,0.0,0.0,0.0,0.0,0.19047619047619047,0.5873015873015873,0.2222222222222222,0.18253968253968253,0.18253968253968253,nan,nan,0.03817089166664089,0.12369940557450607,0.0,0.07142857142857142,0.0,0.2046805833167944,0.18477788664438544,1.649113058086715,20,20,1.931873083114624
1473,,0.24928206687488977,0.007122344767853993,0.022944796457886697,0.9,0.9,0.9,0.9924528301886792,1.0,0.779467680608365,0.21673003802281368,0.0038022813688212928,0.47844113328094995,1.33,1.33,0.8857142857142857,0.9611117000021318,0.1882350684399171,0.0,-0.3789811656119667,0.0,0.0,0.08745247148288973,0.7376425855513308,0.17490494296577946,0.22053231939163498,0.22053231939163498,nan,nan,0.31216831487173663,0.8735173987605106,0.005154639175257732,0.13043478260869565,0.0,0.3373035531257952,0.14906848468587808,1.7616929908313077,20,20,11.458257675170898
1474,,0.21321299060340138,0.006460999715254587,0.09052717089653015,0.8,0.8,0.8,0.9484126984126984,1.0,0.5867768595041323,0.40082644628099173,0.012396694214876033,0.4878564254394874,0.9984848484848485,0.9984848484848485,2.0,0.8141340716200947,0.40146214509968675,0.0,-0.37417522641412676,0.0,0.0,0.10330578512396695,0.5165289256198347,0.38016528925619836,0.28512396694214875,0.28512396694214875,nan,nan,0.27276315267526186,0.94037392147225,0.016,0.32608695652173914,0.0,0.356657973836712,-0.044804171262974736,1.804972309203899,20,20,15.223387002944946
1475,,0.26796515548242533,0.011165214811767722,-0.01352439746260643,1.0,1.0,1.0,1.0,0.0,0.7487437185929648,0.25125628140703515,0.0,0.4949333485371123,1.1375,1.1375,0.8333333333333334,0.9718086353145392,0.18893749876476268,0.0,0.0,0.0,0.0,0.11055276381909548,0.8040201005025126,0.08542713567839195,0.25125628140703515,0.25125628140703515,nan,nan,0.23743847348075306,0.6594223332991078,0.0,0.11764705882352941,0.0,0.38708184562507386,0.19814434686031118,1.621602271837824,20,20,7.240431785583496
1476,,0.19101022119899447,0.019101022119899447,0.007881255820393562,1.0,1.0,1.0,1.0,0.0,0.9124087591240876,0.08759124087591241,0.0,0.4839964907616377,0.1,0.1,0.5,0.9987623820798305,0.02069291602521367,0.0,0.0,0.0,0.0,0.145985401459854,0.5401459854014599,0.31386861313868614,0.1678832116788321,0.1678832116788321,nan,nan,0.02555737104420896,0.09513616744011587,0.0,0.023255813953488372,0.0,0.19938362714510438,0.1786907111198907,1.5926815313668998,20,20,2.6622209548950195
1477,,0.19033851647904368,0.021148724053227076,-0.004390416853129864,1.0,1.0,1.0,1.0,0.0,0.9230769230769231,0.07692307692307693,0.0,0.4864751260106762,0.022222222222222223,0.022222222222222223,0.4444444444444444,0.999302224897504,0.01788794358707535,0.0,0.0,0.0,0.0,0.2,0.2,0.6,0.16153846153846155,0.16153846153846155,nan,nan,0.026858085136658334,0.07029722339151571,0.0,0.038461538461538464,0.0,0.20018723932799284,0.1822992957409175,1.8126707379442457,20,20,2.0881998538970947
1478,,0.1947686799785827,0.01947686799785827,-0.012105954997241496,1.0,1.0,1.0,1.0,1.0,0.8503937007874016,0.14173228346456693,0.007874015748031496,0.5045780229754746,0.125,0.125,0.3,0.9983079233385851,0.032075401733420134,0.0,-0.025413579921913183,0.0,0.0,0.2125984251968504,0.36220472440944884,0.4251968503937008,0.1968503937007874,0.1968503937007874,nan,nan,0.03674067963205686,0.10311651308094842,0.021739130434782608,0.1111111111111111,0.0,0.21485650010016263,0.1827810983667425,1.4726069003431057,20,20,2.2071192264556885
1479,,0.191288127906052,0.0191288127906052,-0.01641923300921917,1.0,1.0,1.0,1.0,0.0,0.7874015748031497,0.2125984251968504,0.0,0.4798527285270393,0.05,0.05,0.5,0.9985045644204983,0.033223451541320254,0.0,0.0,0.0,0.0,0.14960629921259844,0.2677165354330709,0.5826771653543307,0.11811023622047244,0.11811023622047244,nan,nan,0.03269718580440195,0.13903207789877278,0.0,0.12162162162162163,0.0,0.21466946159391376,0.1814460100525935,1.8390279019182474,20,20,2.2720556259155273
1480,,0.23653029878887608,0.00985542911620317,0.034787708520889284,0.95,0.95,0.95,0.9948186528497409,0.0,0.7772020725388601,0.22279792746113988,0.0,0.49102405082279194,0.8958333333333334,0.8958333333333334,0.9583333333333334,0.9461680813471711,0.28428150781079237,0.0,0.0,0.0,0.0,0.11398963730569948,0.5699481865284974,0.3160621761658031,0.19689119170984457,0.19689119170984457,nan,nan,0.2148008283363357,0.6382491809444579,0.0,0.08196721311475409,0.0,0.3371022491733051,0.052820741362512746,1.8956073447180597,20,20,6.758199214935303
1481,,0.2457335437510857,0.009829341750043429,0.021485763043165206,0.95,0.95,0.95,0.9811320754716981,0.0,0.8104265402843602,0.1895734597156398,0.0,0.48879258352331817,1.038,1.038,0.76,0.9792244248955481,0.12255579967299701,0.0,0.0,0.0,0.0,0.09004739336492891,0.7345971563981043,0.17535545023696683,0.1990521327014218,0.1990521327014218,nan,nan,0.22068539665247755,0.5737689692745969,0.0,0.1891891891891892,0.0,0.3105593982283222,0.18800359855532517,1.7382517569713671,20,20,8.284728050231934
1482,,0.24546282358425378,0.009440877830163607,0.008053828403353691,0.95,0.95,0.95,0.9846153846153847,0.0,0.7823834196891192,0.21761658031088082,0.0,0.497601306062335,1.0307692307692307,1.0307692307692307,0.5384615384615384,0.9544871381228176,0.23064492223991556,0.0,0.0,0.0,0.0,0.07772020725388601,0.7772020725388601,0.14507772020725387,0.18652849740932642,0.18652849740932642,nan,nan,0.25753490071199014,0.7369643786205549,0.0,0.32142857142857145,0.0,0.3529769827261127,0.12233206048619716,1.6136022090084545,20,20,8.523189544677734
1483,,0.278990674549557,0.008999699179017969,0.011091851629316807,1.0,1.0,1.0,1.0,0.0,0.779467680608365,0.22053231939163498,0.0,0.5119593395250699,1.5274193548387096,1.5274193548387096,1.2903225806451613,0.9776104954901627,0.15104708094955355,0.0,0.0,0.0,0.0,0.07604562737642585,0.8897338403041825,0.034220532319391636,0.2509505703422053,0.2509505703422053,nan,nan,0.3056559678380897,0.7956293435604345,0.0,0.2222222222222222,0.0,0.3700809162900848,0.21903383534053128,1.649772629378067,20,20,13.3108491897583
1484,,0.23487588418125818,0.009395035367250327,0.06075977087020874,0.85,0.85,0.85,0.98989898989899,1.0,0.8061224489795918,0.18877551020408162,0.00510204081632653,0.5134543989896774,1.004,1.004,0.48,0.9707192193952725,0.13224459204425854,0.0,-0.43089736637187614,0.0,0.0,0.10204081632653061,0.5714285714285714,0.32653061224489793,0.20918367346938777,0.20918367346938777,nan,nan,0.23709734894399795,0.8588688887881684,0.008928571428571428,0.09375,0.0,0.3110842074199772,0.17883961537571869,1.7072222302350073,20,20,8.212536096572876
1485,,0.23125307396048633,0.007974243929671943,0.014380295760929585,0.9,0.9,0.9,0.9855072463768116,1.0,0.8333333333333334,0.16176470588235295,0.004901960784313725,0.5218440805915101,0.8706896551724138,0.8706896551724138,0.1724137931034483,0.9676491963333715,0.1806835417050348,0.0,-0.23236402220834457,0.0,0.0,0.14215686274509803,0.7401960784313726,0.11764705882352941,0.23529411764705882,0.23529411764705882,nan,nan,0.21200561246920802,0.632748065915916,0.0,0.041666666666666664,0.0,0.32452483812759214,0.14384129642255733,1.6345297808263237,20,20,7.334112644195557
1486,,0.24710058546731037,0.00915187353582631,0.018891657516360284,0.95,0.95,0.95,0.9949494949494949,0.0,0.7929292929292929,0.20707070707070707,0.0,0.5392788325815842,0.9092592592592592,0.9092592592592592,1.4074074074074074,0.9526208962515907,0.26081550952717747,0.0,0.0,0.0,0.0,0.0707070707070707,0.7525252525252525,0.17676767676767677,0.21717171717171718,0.21717171717171718,nan,nan,0.2263232431659343,0.6358079165707436,0.0,0.11428571428571428,0.0,0.3075620147730176,0.04674650524584012,1.5068261910688105,20,20,12.694665431976318
1487,,0.27485704149146273,0.008329001257317052,0.02482852302491665,0.8,0.8,0.8,0.9694656488549618,0.0,0.8062015503875969,0.1937984496124031,0.0,0.5519783556856441,1.6696969696969697,1.6696969696969697,1.0606060606060606,0.9516083147941109,0.23085174993173263,0.0,0.0,0.0,0.0,0.08139534883720931,0.7209302325581395,0.19767441860465115,0.2248062015503876,0.2248062015503876,nan,nan,0.3804823394294815,1.0127663581609956,0.0,0.09803921568627451,0.0,0.3839931303362961,0.1531413804045635,1.605828285495332,20,20,15.042859315872192
1488,,0.19159618673866335,0.02128846519318482,0.0171293493360281,1.0,1.0,1.0,1.0,0.0,0.9389312977099237,0.061068702290076333,0.0,0.5275500679595603,0.07222222222222222,0.07222222222222222,0.8888888888888888,0.9988167120544231,0.025336348966484123,0.0,0.0,0.0,0.0,0.183206106870229,0.5725190839694656,0.24427480916030533,0.16793893129770993,0.16793893129770993,nan,nan,0.023913200199313468,0.09313961071993875,0.0,0.0,0.0,0.20517667895626962,0.1798403299897855,1.4668768369532172,20,20,2.006828546524048
1489,,0.23416532268876286,0.010181100986467951,-0.00032548680901527404,1.0,1.0,1.0,1.0,0.0,0.8125,0.1875,0.0,0.5659179372551001,0.9652173913043478,0.9652173913043478,1.2173913043478262,0.9749902902451273,0.11567122552086279,0.0,0.0,0.0,0.0,0.125,0.5625,0.3125,0.22115384615384615,0.22115384615384615,nan,nan,0.18196110799395285,0.5494301088135025,0.0,0.13846153846153847,0.0,0.2959121512415292,0.1802409257206664,1.8282188909336763,20,20,7.289708614349365
1490,,0.25341141195813055,0.010558808831588773,0.006193801015615463,1.0,1.0,1.0,1.0,0.0,0.8018867924528302,0.19811320754716982,0.0,0.5495441090431996,1.0041666666666667,1.0041666666666667,0.6666666666666666,0.9752340686807491,0.14474151457308726,0.0,0.0,0.0,0.0,0.08962264150943396,0.7264150943396226,0.18396226415094338,0.24056603773584906,0.24056603773584906,nan,nan,0.19015223833511677,0.5662480298014466,0.0,0.10256410256410256,0.0,0.33945740311244615,0.1947158885393589,1.733674645366877,20,20,7.669965982437134
1491,,0.23894272259326008,0.006826934931236002,0.05996883697807789,0.7,0.7,0.7,0.9596774193548387,0.0,0.8024691358024691,0.19753086419753085,0.0,0.561855959243008,1.6357142857142857,1.6357142857142857,0.5142857142857142,0.9288711766633662,0.24970349063954245,0.0,0.0,0.0,0.0,0.06172839506172839,0.9094650205761317,0.02880658436213992,0.2139917695473251,0.2139917695473251,nan,nan,0.4142356514098195,1.1412407696606843,0.0,0.14285714285714285,0.0,0.3722602095735903,0.12255671893404786,1.523468408908744,20,20,11.881879091262817
1492,,0.272763365736812,0.00879881824957458,-0.004130460508167744,0.95,0.95,0.95,0.9920948616600791,0.0,0.8174603174603174,0.18253968253968253,0.0,0.5544546373368752,1.5580645161290323,1.5580645161290323,0.8387096774193549,0.9807828510806336,0.14324427723964658,0.0,0.0,0.0,0.0,0.07539682539682539,0.8293650793650794,0.09523809523809523,0.21031746031746032,0.21031746031746032,nan,nan,0.3208290711750693,0.8325960506223585,0.0,0.16666666666666666,0.0,0.3443266120105873,0.2010823347709407,1.763223231877523,20,20,10.397701978683472
1493,,0.23860443909472936,0.009544177563789174,0.047057197988033296,0.9,0.9,0.9,0.9846153846153847,0.0,0.788659793814433,0.211340206185567,0.0,0.5585910091251135,1.06,1.06,0.6,0.9061940242903175,0.37649904408430596,0.0,0.0,0.0,0.0,0.11855670103092783,0.7164948453608248,0.16494845360824742,0.28865979381443296,0.28865979381443296,nan,nan,0.2278481696950515,0.7310489749082618,0.0,0.0625,0.0,0.3977593044530656,0.02126026036875965,1.8256474382168684,20,20,6.630145311355591
1494,,0.26529049414294004,0.007579728404084001,0.041559140756726266,0.9,0.9,0.9,0.9886792452830189,0.0,0.7490494296577946,0.2509505703422053,0.0,0.5595201081676142,1.417142857142857,1.417142857142857,1.1714285714285715,0.9418171748562145,0.2686316651336319,0.0,0.0,0.0,0.0,0.06844106463878327,0.714828897338403,0.21673003802281368,0.24714828897338403,0.24714828897338403,nan,nan,0.3326315670438181,1.0096978097154252,0.0,0.19298245614035087,0.0,0.3824563651002303,0.11382469996659837,1.6754461112688654,20,20,13.186110258102417
1495,,0.2585911681806532,0.007605622593548624,0.047490084543824196,0.8,0.8,0.8,0.9847328244274809,0.0,0.7961538461538461,0.20384615384615384,0.0,0.5664455042001517,1.4691176470588236,1.4691176470588236,1.9411764705882353,0.9509545563582531,0.22977798095292717,0.0,0.0,0.0,0.0,0.08461538461538462,0.8769230769230769,0.038461538461538464,0.25,0.25,nan,nan,0.33529144377607,0.9478619152848109,0.0,0.2,0.0,0.3578605247989973,0.12808254384607015,1.6031664717434775,20,20,19.68178415298462
1496,,0.26059071147691704,0.007896688226573243,0.003988800011575222,0.95,0.95,0.95,0.9961389961389961,0.0,0.7984496124031008,0.20155038759689922,0.0,0.568085984191434,1.3772727272727272,1.3772727272727272,0.9393939393939394,0.9751918763261228,0.18801684551655456,0.0,0.0,0.0,0.0,0.08914728682170543,0.8178294573643411,0.09302325581395349,0.24031007751937986,0.24031007751937986,nan,nan,0.30489423990087894,0.8505613710662291,0.0,0.125,0.0,0.3574376126396289,0.16942076712307436,1.6168965304285308,20,20,10.833948850631714
1497,,0.19462548602769136,0.021625054003076818,-0.005310880579054355,1.0,1.0,1.0,1.0,0.0,0.875968992248062,0.12403100775193798,0.0,0.5130398583313864,0.10555555555555556,0.10555555555555556,0.3333333333333333,0.9982228263641035,0.0337476454328664,0.0,0.0,0.0,0.0,0.17054263565891473,0.3333333333333333,0.49612403100775193,0.15503875968992248,0.15503875968992248,nan,nan,0.03168011744273693,0.09435404073436411,0.0,0.0625,0.0,0.20917364887036127,0.17542600343749487,1.6202114264059664,20,20,2.1709206104278564
1498,,0.23355163934205952,0.009731318305919147,0.024606053531169892,0.9,0.9,0.9,0.9897435897435898,0.0,0.7938144329896907,0.20618556701030927,0.0,0.553675626963377,1.0458333333333334,1.0458333333333334,0.625,0.9630419136706241,0.20954922842436569,0.0,0.0,0.0,0.0,0.09278350515463918,0.8608247422680413,0.04639175257731959,0.26804123711340205,0.26804123711340205,nan,nan,0.213218254949751,0.637995866702038,0.0,0.0,0.0,0.29596040928547185,0.08641118086110615,1.5572519414195873,20,20,7.085718393325806
1499,,0.251639411367208,0.0071896974676345145,0.044780876860022543,0.8,0.8,0.8,0.9732824427480916,0.0,0.8178294573643411,0.1821705426356589,0.0,0.5447089121863246,1.4557142857142857,1.4557142857142857,0.7714285714285715,0.8959432322194039,0.3169638461998038,0.0,0.0,0.0,0.0,0.06589147286821706,0.8875968992248062,0.046511627906976744,0.2131782945736434,0.2131782945736434,nan,nan,0.336815544626034,0.9175302717743803,0.0,0.25,0.0,0.37890113109777956,0.06193728489797576,1.6157941317130247,20,20,13.85897445678711
1500,,0.1922127075800785,0.02135696750889761,-0.0097365727648139,1.0,1.0,1.0,1.0,0.0,0.9290780141843972,0.07092198581560284,0.0,0.5187500486564305,0.03888888888888889,0.03888888888888889,0.2222222222222222,0.9991009692077958,0.016183760091075555,0.0,0.0,0.0,0.0,0.19148936170212766,0.5319148936170213,0.2765957446808511,0.2127659574468085,0.2127659574468085,nan,nan,0.017189681687406,0.05666915189372469,0.0,0.02564102564102564,0.0,0.19878711816997952,0.18260335807890396,1.6900643507525241,20,20,2.4361817836761475
