episode,steps,wall_time,sim_time,reward_mean,reward_total,reward_p95,vehicle_sr,task_sr,subtask_sr,task_duration_mean,task_duration_p95,completed_tasks,energy_mean,deadline_misses,ratio_local,ratio_rsu,ratio_v2v,tx_created,same_node_no_tx,service_rate_ghz,idle_fraction,actor_loss,critic_loss,entropy,approx_kl,clip_frac,bias_rsu,bias_local
1,200,11.034124612808228,20.0,-0.015803083777427673,-4.160615896888645,0.10809329114854312,0.3,0.3,0.8,0.0,0.0,0,0.0,14,0.33636363636363636,0.2636363636363636,0.4,72,34,42.628793750204096,0.7549999999999996,0.0013770262648661932,21.847350082397462,1.6156677770614625,0.006619604270284374,0.14692708333333335,1.6,1.6
2,200,10.391322135925293,20.0,0.017959021031856537,2.591803999336877,0.17164040654897672,0.4,0.4,0.8148148148148148,0.0,0.0,0,0.0,12,0.3269230769230769,0.25,0.4230769230769231,67,33,37.77320873393597,0.7249999999999996,-0.002681350310643514,23.72076691945394,1.6515335543950398,0.006866391864605248,0.13770833333333332,1.6,1.6
3,200,9.779877424240112,20.0,0.08588328957557678,16.176657859342917,0.50265132188797,0.7,0.7,0.9327731092436975,0.0,0.0,0,0.0,6,0.2796610169491525,0.2033898305084746,0.5169491525423728,83,33,59.50284935804877,0.7949999999999995,0.0021470580870906514,29.10689379374186,1.6363681586583456,0.008603380353500445,0.09109375,1.6,1.6
4,200,10.017575025558472,20.0,0.08452310413122177,15.904620187460392,0.3654082059860204,0.65,0.65,0.9112903225806451,0.0,0.0,0,0.0,7,0.26666666666666666,0.20833333333333334,0.525,88,32,50.96164459463766,0.7549999999999996,-0.00198524692406257,25.16015491485596,1.631438372929891,0.004581692526116967,0.057291666666666664,1.6,1.6
5,200,9.629602432250977,20.0,0.12017764151096344,23.035529156553835,1.5029361069202423,0.8,0.8,0.9658119658119658,0.0,0.0,0,0.0,4,0.23577235772357724,0.10569105691056911,0.6585365853658537,88,28,60.09216529990738,0.7949999999999995,-0.0015092816079656283,20.573486124674478,1.6419924227396647,0.0072061752217511335,0.06609375,1.6,1.6
6,200,9.526651382446289,20.0,0.12210702151060104,23.421403664617053,1.5025982022285462,0.85,0.85,0.9491525423728814,0.0,0.0,0,0.0,3,0.30833333333333335,0.11666666666666667,0.575,79,36,64.55436417689003,0.8149999999999995,0.0014202617853879928,14.292432664235433,1.6323791805903116,0.003156583219145735,0.07526041666666666,1.6,1.6
7,200,9.585587978363037,20.0,0.12798357009887695,24.596715252372864,1.5014945209026336,0.85,0.85,0.9727272727272728,0.0,0.0,0,0.0,3,0.22321428571428573,0.17857142857142858,0.5982142857142857,83,25,63.73749347398565,0.8399999999999996,-0.0036150996883710226,9.652889420191446,1.6142619117101034,0.008137500106046597,0.07395833333333333,1.6,1.6
8,200,10.032317161560059,20.0,0.05879182741045952,10.75836520220637,0.2081965431570995,0.55,0.55,0.9224137931034483,0.0,0.0,0,0.0,9,0.1885245901639344,0.1557377049180328,0.6557377049180327,94,20,57.56579816523029,0.7999999999999995,-0.00015688142428795497,14.018458862304687,1.5779806836446126,0.004885328842016558,0.05588541666666667,1.6,1.6
9,200,9.749491214752197,20.0,0.11394435912370682,21.78887398353128,0.6016513943672018,0.8,0.8,0.940677966101695,0.0,0.0,0,0.0,4,0.22033898305084745,0.1694915254237288,0.6101694915254238,90,25,65.08974586716418,0.8199999999999996,-0.0009023445596297582,12.427488339742025,1.5994870885213217,0.007901690428455671,0.06260416666666667,1.6,1.6
10,200,9.857481718063354,20.0,0.09513905644416809,18.027814502125583,0.5526233345269986,0.7,0.7,0.9495798319327731,0.0,0.0,0,0.0,6,0.18487394957983194,0.20168067226890757,0.6134453781512605,95,22,57.608949006333454,0.7949999999999995,0.0037795613954464593,12.401779759724935,1.6246686236063639,0.008277114254112044,0.08229166666666667,1.6,1.6
11,200,9.570956230163574,20.0,0.1265898495912552,24.317968882427447,1.5011863231658935,0.8,0.8,0.9736842105263158,0.0,0.0,0,0.0,4,0.10526315789473684,0.19298245614035087,0.7017543859649122,101,12,60.76798718296752,0.8149999999999995,-0.0010541943088173866,8.059485801060994,1.6489041503270467,0.0051352214471747475,0.03239583333333333,1.6,1.6
12,200,11.011383533477783,20.0,-0.015288599766790867,-4.05772180737184,0.15928763374686233,0.3,0.3,0.775,0.0,0.0,0,0.0,14,0.20754716981132076,0.29245283018867924,0.5,82,22,41.70417592381639,0.7549999999999996,9.561259299516678e-05,18.29456995646159,1.63268093585968,0.005268975772584478,0.07015625,1.6,1.6
13,200,10.118120431900024,20.0,0.047152649611234665,8.43052940367847,0.2622393548488614,0.5,0.5,0.8434782608695652,0.0,0.0,0,0.0,10,0.1559633027522936,0.26605504587155965,0.5779816513761468,88,17,47.25095046178137,0.7599999999999996,-0.0017452817658583323,16.6773911857605,1.582253212928772,0.006395155759528279,0.06432291666666666,1.6,1.6
14,200,9.79561710357666,20.0,0.10043053328990936,19.086110016849698,0.5939160704612569,0.75,0.75,0.9421487603305785,0.0,0.0,0,0.0,5,0.1935483870967742,0.1774193548387097,0.6290322580645161,96,22,74.96257138411676,0.8349999999999997,-0.003969324380159378,14.034798704783121,1.5866476996739705,0.008967432516316572,0.07890625,1.6,1.6
15,200,9.404391765594482,20.0,0.15348318219184875,29.696636586263157,1.5351117432117458,0.9,0.9,1.0,0.0,0.0,0,0.0,2,0.16101694915254236,0.13559322033898305,0.7033898305084746,95,19,66.45249399272724,0.8349999999999997,-0.0012423918147881825,4.63178990205129,1.5949040540059407,0.0048786165285855535,0.0465625,1.6,1.6
16,200,9.420496225357056,20.0,0.1651277095079422,33.02554233059874,1.5129073381423945,1.0,1.0,1.0,0.0,0.0,0,0.0,0,0.18604651162790697,0.14728682170542637,0.6666666666666666,102,21,73.35994845260832,0.8349999999999997,-0.0006468143562475841,2.415386120478312,1.585902344385783,0.005182416808481018,0.03989583333333333,1.6,1.6
17,200,9.451387166976929,20.0,0.14964832365512848,28.92966071205332,1.5124943256378172,0.95,0.95,0.9920634920634921,0.0,0.0,0,0.0,1,0.16030534351145037,0.12213740458015267,0.7175572519083969,105,20,79.62630342079724,0.8399999999999996,-0.002600137119491895,3.52280779838562,1.5651570717493692,0.0076933482599755125,0.11390625,1.6,1.6
18,200,9.74863600730896,20.0,0.09767808020114899,18.535618789375416,0.590458387136443,0.75,0.75,0.9333333333333333,0.0,0.0,0,0.0,5,0.14285714285714285,0.17647058823529413,0.680672268907563,99,16,58.63339021423038,0.8099999999999996,-0.001359014840175708,7.498491929372151,1.5427012014389039,0.006130705494433642,0.04338541666666667,1.6,1.6
19,200,9.468045473098755,20.0,0.14048486948013306,27.096976376229232,1.5061629116535185,0.9,0.9,0.9829059829059829,0.0,0.0,0,0.0,2,0.1092436974789916,0.06722689075630252,0.8235294117647058,104,13,62.38877461158382,0.8199999999999996,-0.003599569536745548,5.162537352244059,1.547704866727193,0.005810916107147932,0.055989583333333336,1.6,1.6
20,200,9.66515064239502,20.0,0.11305876821279526,21.611748805943968,0.6415009379386748,0.8,0.8,0.9663865546218487,0.0,0.0,0,0.0,4,0.1557377049180328,0.14754098360655737,0.6967213114754098,100,18,72.44480568999998,0.8399999999999996,-0.004639379506309827,7.9305261103312175,1.570045305887858,0.0044762220792472366,0.02328125,1.6,1.6
21,200,10.097579002380371,20.0,0.045222654938697815,8.044531104243005,0.1955014228820797,0.5,0.5,0.8709677419354839,0.0,0.0,0,0.0,10,0.09016393442622951,0.27049180327868855,0.639344262295082,107,11,48.42084808475848,0.7599999999999996,-0.003286431257923444,13.631792672475179,1.5777851390838622,0.003667006539180875,0.03729166666666667,1.6,1.6
22,200,10.00602674484253,20.0,0.09326348453760147,17.652694686162352,1.5008814811706543,0.7,0.7,0.9322033898305084,0.0,0.0,0,0.0,6,0.12173913043478261,0.17391304347826086,0.7043478260869566,100,14,58.03437058522969,0.8199999999999996,-0.0019656123283008733,11.152419637044272,1.5209938685099285,0.0060805701899031795,0.06651041666666667,1.6,1.6
23,200,9.90064263343811,20.0,0.1119166910648346,21.38333639201488,0.27632791548966956,0.8,0.8,0.9672131147540983,0.0,0.0,0,0.0,4,0.1557377049180328,0.16393442622950818,0.680327868852459,103,19,67.82487323148436,0.8199999999999996,-0.0019988528018196425,10.103231989542643,1.5318019676208496,0.004375791880302131,0.05734375,1.6,1.6
24,200,9.468644857406616,20.0,0.12433069944381714,23.866136179217154,0.3350910425185948,0.85,0.85,0.957983193277311,0.0,0.0,0,0.0,3,0.1721311475409836,0.14754098360655737,0.680327868852459,97,20,69.2103968201041,0.8349999999999997,-0.002999102305620909,7.19982647895813,1.535444164276123,0.0029890761089821655,0.040625,1.6,1.6
25,200,10.059283971786499,20.0,0.08520930260419846,16.041858155135493,0.3163863345980611,0.65,0.65,0.9259259259259259,0.0,0.0,0,0.0,7,0.17391304347826086,0.18840579710144928,0.6376811594202898,107,24,68.96290647999996,0.7999999999999995,0.00023497942835092544,12.090920060475668,1.5837337176005046,0.00588674551807344,0.06354166666666666,1.6,1.6
26,200,9.520732164382935,20.0,0.12476463615894318,23.952928916001007,1.5017886936664582,0.85,0.85,0.9658119658119658,0.0,0.0,0,0.0,3,0.15833333333333333,0.09166666666666666,0.75,96,19,62.31845497994573,0.8099999999999996,0.0007300036897261937,6.607856855392456,1.5847733656565348,0.003091458277776837,0.03661458333333333,1.6,1.6
27,200,9.804038047790527,20.0,0.11143629997968674,21.287261114876912,1.5009617507457733,0.8,0.8,0.9596774193548387,0.0,0.0,0,0.0,4,0.104,0.176,0.72,110,13,61.55781850090731,0.8049999999999995,-0.00440593995153904,8.404966748555502,1.6116615533828735,0.007032045253242056,0.08364583333333334,1.6,1.6
28,200,9.862881183624268,20.0,0.1006743311882019,19.134867060310608,0.28102745860814643,0.75,0.75,0.9444444444444444,0.0,0.0,0,0.0,5,0.1320754716981132,0.16037735849056603,0.7075471698113207,92,14,62.85370602779564,0.8349999999999997,-0.002559565529227257,9.270627981821695,1.6352536837259928,0.0027319420998295147,0.029791666666666668,1.6,1.6
29,200,9.566340684890747,20.0,0.1389748454093933,26.794972838573806,1.5140399754047393,0.9,0.9,0.9838709677419355,0.0,0.0,0,0.0,2,0.109375,0.1328125,0.7578125,109,14,55.23211077243945,0.7749999999999996,-0.001513309460133314,4.917435744603475,1.5960014406840006,0.008959190004194777,0.09302083333333333,1.6,1.6
30,200,9.809123754501343,20.0,0.09370291978120804,17.74058063306132,0.19571958109736373,0.7,0.7,0.9401709401709402,0.0,0.0,0,0.0,6,0.08695652173913043,0.16521739130434782,0.7478260869565218,104,10,68.99674063497365,0.8249999999999997,-0.0018103646611173948,8.890996036529542,1.6200682751337687,0.004681480259944995,0.04671875,1.6,1.6
31,200,9.989813327789307,20.0,0.07896240800619125,14.792481714377308,0.5102084368467324,0.6,0.6,0.9262295081967213,0.0,0.0,0,0.0,8,0.14634146341463414,0.13821138211382114,0.7154471544715447,101,18,50.76911997329949,0.7549999999999996,-0.0005537852396567662,10.106442807515462,1.62533181031545,0.0031538425168643395,0.028645833333333332,1.6,1.6
32,200,9.79297399520874,20.0,0.10703826695680618,20.40765627065739,0.5554598808288403,0.75,0.75,0.9583333333333334,0.0,0.0,0,0.0,5,0.112,0.144,0.744,105,14,62.360605571458464,0.8049999999999995,-7.076531648635864e-05,9.828184356689453,1.6262585576375326,0.0038633826188743114,0.038177083333333334,1.6,1.6
33,200,9.557318210601807,20.0,0.1307963877916336,25.159275855912977,1.5060855686664567,0.85,0.85,0.963963963963964,0.0,0.0,0,0.0,3,0.08108108108108109,0.14414414414414414,0.7747747747747747,101,9,73.34047447477809,0.8649999999999998,-0.0024471508587400118,6.121953630447388,1.622801473935445,0.006320705718050401,0.056354166666666664,1.6,1.6
34,200,9.498095273971558,20.0,0.1445828080177307,27.916558946201807,1.513542801141739,0.9,0.9,0.9924812030075187,0.0,0.0,0,0.0,2,0.08759124087591241,0.12408759124087591,0.7883211678832117,121,12,55.260058118787185,0.7649999999999996,0.002857732754200697,3.71536412080129,1.6222755924860637,0.0032641254210223755,0.027239583333333334,1.6,1.6
35,200,9.429457187652588,20.0,0.1394159495830536,26.88318408866553,1.5058865368366239,0.9,0.9,0.9752066115702479,0.0,0.0,0,0.0,2,0.04878048780487805,0.08130081300813008,0.8699186991869918,114,6,69.03266340799556,0.8299999999999996,-0.0018684237139920395,3.9563437922795615,1.608324589729309,0.002513203922038277,0.02296875,1.6,1.6
36,200,9.574872493743896,20.0,0.12438313663005829,23.876628836822782,1.5066538929939264,0.85,0.85,0.975609756097561,0.0,0.0,0,0.0,3,0.1111111111111111,0.07936507936507936,0.8095238095238095,108,14,73.2781615996064,0.8399999999999996,-5.6447827567656835e-05,4.749906937281291,1.5859501409530639,0.0050485150050371885,0.035833333333333335,1.6,1.6
37,200,9.522772073745728,20.0,0.13755089044570923,26.510182488184658,1.5031084299087523,0.9,0.9,0.9838709677419355,0.0,0.0,0,0.0,2,0.0873015873015873,0.10317460317460317,0.8095238095238095,113,11,71.36189932711198,0.8349999999999997,-0.002023248014350732,4.767299108505249,1.5401814079284668,0.0064067893304551645,0.06776041666666667,1.6,1.6
38,200,9.646990060806274,20.0,0.11119092255830765,21.238182113025342,0.49043761193752267,0.75,0.75,0.968,0.0,0.0,0,0.0,5,0.08661417322834646,0.14173228346456693,0.7716535433070866,114,11,64.93883940166648,0.7999999999999995,-0.002482266786197821,5.8507718658447265,1.5131827449798585,0.006636961953093609,0.03442708333333333,1.6,1.6
39,200,9.607835531234741,20.0,0.110867440700531,21.173482189527938,0.5779500544071031,0.75,0.75,0.9583333333333334,0.0,0.0,0,0.0,5,0.07142857142857142,0.09523809523809523,0.8333333333333334,111,8,69.86028651180787,0.8249999999999997,-0.0006948580965399742,7.727963689168294,1.4506532669067382,0.008717160757320623,0.06276041666666667,1.6,1.6
40,200,9.737149000167847,20.0,0.10637181997299194,20.274368907916923,0.5082302927970874,0.75,0.75,0.9669421487603306,0.0,0.0,0,0.0,5,0.1557377049180328,0.16393442622950818,0.680327868852459,101,19,74.01110105519702,0.8299999999999996,-0.0012814319940904777,6.987062689463298,1.5311415004730224,0.0059217414011557895,0.0659375,1.6,1.6
41,200,9.768431186676025,20.0,0.12228678911924362,23.457356291180567,1.5017745792865753,0.8,0.8,0.9669421487603306,0.0,0.0,0,0.0,4,0.1349206349206349,0.15079365079365079,0.7142857142857143,105,15,55.91950816091447,0.7749999999999996,-0.004395936640600363,6.956531298955282,1.453127032915751,0.00713019599361966,0.08614583333333334,1.6,1.6
42,200,9.411827564239502,20.0,0.12083961814641953,23.167919057056075,0.24216629713773258,0.8,0.8,0.963963963963964,0.0,0.0,0,0.0,4,0.13274336283185842,0.1415929203539823,0.7256637168141593,95,15,65.7236120645946,0.8299999999999996,-0.0007678155476848284,6.920718091328939,1.4165978082021078,0.008745230130540828,0.07723958333333333,1.6,1.6
43,200,9.62435793876648,20.0,0.11957412958145142,22.9148220179711,0.5973321080207824,0.8,0.8,0.968,0.0,0.0,0,0.0,4,0.2153846153846154,0.1,0.6846153846153846,96,28,74.10979888214867,0.8299999999999996,-6.083248804012934e-05,5.151612339019775,1.4236942863464355,0.004452025536447763,0.06479166666666666,1.6,1.6
44,200,10.413949966430664,20.0,0.05405139923095703,9.810281053792485,0.2333922497928111,0.55,0.55,0.9083969465648855,0.0,0.0,0,0.0,9,0.07633587786259542,0.1297709923664122,0.7938931297709924,118,9,55.143052288444835,0.7699999999999996,-5.389571810762088e-05,10.528923034667969,1.4489568265279134,0.008375052600167692,0.08921875,1.6,1.6
45,200,9.598036766052246,20.0,0.12730951607227325,24.461908987579196,0.22086183503270035,0.85,0.85,0.96,0.0,0.0,0,0.0,3,0.13953488372093023,0.13178294573643412,0.7286821705426356,105,18,72.21562502401665,0.8299999999999996,0.0019721593086918193,8.340689636866252,1.4296684233347574,0.007713096113875508,0.10552083333333333,1.6,1.6
46,200,9.896629571914673,20.0,0.0948672667145729,17.973453465909298,0.20842634066939222,0.7,0.7,0.923728813559322,0.0,0.0,0,0.0,6,0.17094017094017094,0.06837606837606838,0.7606837606837606,93,20,61.21431414571603,0.8149999999999995,-0.0019437017291784287,9.580814501444499,1.4699767303466797,0.007180991438217461,0.050729166666666665,1.6,1.6
47,200,9.55989933013916,20.0,0.1390017867088318,26.800353295186685,0.33936776816844594,0.9,0.9,0.975,0.0,0.0,0,0.0,2,0.1532258064516129,0.16129032258064516,0.6854838709677419,100,19,71.2839923388235,0.8299999999999996,-5.477152764797211e-05,5.564428084691365,1.436256472269694,0.007038279450498521,0.046510416666666665,1.6,1.6
48,200,9.694199562072754,20.0,0.11439044773578644,21.878089522102222,0.6861934095620963,0.8,0.8,0.9606299212598425,0.0,0.0,0,0.0,4,0.15503875968992248,0.11627906976744186,0.7286821705426356,106,20,65.30136054643216,0.8049999999999995,0.0006563229610522588,7.05011617342631,1.3984270016352336,0.006960527375340462,0.06046875,1.6,1.6
49,200,9.858365774154663,20.0,0.10017129778862,19.034260871709964,0.5999067395925363,0.75,0.75,0.9380530973451328,0.0,0.0,0,0.0,5,0.09734513274336283,0.168141592920354,0.7345132743362832,99,10,59.254958007494324,0.7999999999999995,3.2238705704609555e-05,5.946082267761231,1.5063281424840291,0.00519251210304598,0.10453125,1.6,1.6
50,200,9.754737615585327,20.0,0.13863758742809296,26.72751713859099,1.5047617614269255,0.9,0.9,0.9777777777777777,0.0,0.0,0,0.0,2,0.12318840579710146,0.10144927536231885,0.7753623188405797,117,17,76.69871109166337,0.8299999999999996,-0.0009037783369421959,5.625529316266378,1.4226258357365926,0.007794230681223174,0.09494791666666667,1.6,1.6
51,200,9.695810317993164,20.0,0.12060866504907608,23.121735889536385,1.520338839292526,0.8,0.8,0.940677966101695,0.0,0.0,0,0.0,4,0.11016949152542373,0.059322033898305086,0.8305084745762712,101,13,69.05478238433403,0.8399999999999996,-0.0005370862906177838,6.46325942993164,1.4768868128458659,0.008580462806858122,0.10567708333333334,1.6,1.6
52,200,9.892260789871216,20.0,0.07503148168325424,14.006298453785643,0.18072255030274303,0.65,0.65,0.9333333333333333,0.0,0.0,0,0.0,7,0.13114754098360656,0.1557377049180328,0.7131147540983607,103,15,68.96259299121779,0.8249999999999997,-0.001690528281033039,11.41829449971517,1.5367434899012247,0.007277222285047173,0.10666666666666667,1.6,1.6
53,200,9.499361276626587,20.0,0.12296616286039352,23.593238467978843,0.2609470173716545,0.85,0.85,0.9745762711864406,0.0,0.0,0,0.0,3,0.125,0.08333333333333333,0.7916666666666666,103,15,81.09523639984008,0.8599999999999998,-0.00021966257443030676,5.310785703659057,1.4588262303670247,0.004738939475889007,0.0575,1.6,1.6
54,200,9.71130895614624,20.0,0.11217743903398514,21.435486110247894,1.5028222382068632,0.8,0.8,0.9504132231404959,0.0,0.0,0,0.0,4,0.08130081300813008,0.15447154471544716,0.7642276422764228,109,10,63.77942352404462,0.8199999999999996,-0.003818126730620861,7.711599044799804,1.5079346736272177,0.007260688313593467,0.07333333333333333,1.6,1.6
55,200,9.510904788970947,20.0,0.12144085764884949,23.28817876359568,0.5583023309707469,0.8,0.8,0.9747899159663865,0.0,0.0,0,0.0,4,0.06349206349206349,0.11904761904761904,0.8174603174603174,111,8,70.17551919395174,0.8349999999999997,0.0011730866072078546,5.3981712484359745,1.4751001199086506,0.007627524758378665,0.09677083333333333,1.6,1.6
56,200,9.668028831481934,20.0,0.12532736361026764,24.065477682336553,0.3143753886222626,0.85,0.85,0.9747899159663865,0.0,0.0,0,0.0,3,0.10317460317460317,0.07142857142857142,0.8253968253968254,106,13,68.68996872534105,0.8249999999999997,-0.0032619650227328142,6.094372399648031,1.5072792037328084,0.006053109001368284,0.07322916666666666,1.6,1.6
57,200,9.441598653793335,20.0,0.13375402987003326,25.750810670287912,1.503155595064163,0.85,0.85,0.9823008849557522,0.0,0.0,0,0.0,3,0.04424778761061947,0.08849557522123894,0.8672566371681416,108,5,66.28302490702676,0.8249999999999997,-0.0026351822540163993,4.132753319740296,1.436599973042806,0.005524197071790696,0.043645833333333335,1.6,1.6
58,200,9.785749197006226,20.0,0.10115905106067657,19.23181477058529,0.3652004703879331,0.75,0.75,0.9504132231404959,0.0,0.0,0,0.0,5,0.11570247933884298,0.1487603305785124,0.7355371900826446,107,13,59.630899323743606,0.8049999999999995,-0.0007618856988847256,9.022660977045694,1.4776858965555826,0.004192158180909852,0.062135416666666665,1.6,1.6
59,200,10.245192527770996,20.0,0.03554577752947807,6.109157203456109,0.22916862964630055,0.45,0.45,0.9016393442622951,0.0,0.0,0,0.0,11,0.09448818897637795,0.07874015748031496,0.8267716535433071,108,10,61.77921743019619,0.8099999999999996,-0.0012797874833146731,10.673342380523682,1.4436996285120647,0.006738955612915257,0.09484375,1.6,1.6
60,200,9.889569997787476,20.0,0.10320621728897095,19.641242190155424,1.4997270345687865,0.75,0.75,0.9609375,0.0,0.0,0,0.0,5,0.05343511450381679,0.1297709923664122,0.816793893129771,121,6,63.61368477949106,0.7999999999999995,-0.005871654575069746,7.938882077534993,1.5028582779566446,0.006866687959991395,0.0834375,1.6,1.6
61,200,9.607094526290894,20.0,0.12725597620010376,24.451192658264738,1.5017561972141267,0.85,0.85,0.9752066115702479,0.0,0.0,0,0.0,3,0.07633587786259542,0.12213740458015267,0.8015267175572519,111,10,62.847272275823876,0.7999999999999995,0.0026951027164856594,7.995172999699911,1.471128830909729,0.006433174537184338,0.055989583333333336,1.6,1.6
62,200,9.696267366409302,20.0,0.12688587605953217,24.37716864167787,1.502821546792984,0.85,0.85,0.95,0.0,0.0,0,0.0,3,0.040983606557377046,0.14754098360655737,0.8114754098360656,113,4,53.33519045640713,0.7699999999999996,-0.0039996565754214924,7.39222144762675,1.3908533986409506,0.005376217604304353,0.09359375,1.6,1.6
63,200,9.6222825050354,20.0,0.12127164751291275,23.254326857550883,1.5010188817977905,0.8,0.8,0.9615384615384616,0.0,0.0,0,0.0,4,0.09230769230769231,0.1076923076923077,0.8,116,12,68.63806093490267,0.8149999999999995,-0.0021861129626631736,6.219809977213542,1.3755950864156088,0.006480471276057263,0.06885416666666666,1.6,1.6
64,200,9.691932916641235,20.0,0.10784275084733963,20.56854795970263,1.5014357388019561,0.75,0.75,0.943089430894309,0.0,0.0,0,0.0,5,0.06504065040650407,0.15447154471544716,0.7804878048780488,111,8,69.87692065314764,0.8349999999999997,-0.00021243948489427567,8.630230162938435,1.4279092327753702,0.010635665510781109,0.12015625,1.6,1.6
65,200,9.614463090896606,20.0,0.13880795240402222,26.761591015179672,1.4999055981636047,0.9,0.9,0.9849624060150376,0.0,0.0,0,0.0,2,0.10294117647058823,0.08823529411764706,0.8088235294117647,119,14,79.70498728019169,0.8299999999999996,-0.0049082324529687565,4.846178169250488,1.3103447977701823,0.010998834908629457,0.12390625,1.6,1.6
66,200,9.777337074279785,20.0,0.11783459782600403,22.566918538956045,0.4123900622129411,0.8,0.8,0.943089430894309,0.0,0.0,0,0.0,4,0.03937007874015748,0.12598425196850394,0.8346456692913385,115,5,74.39451369078236,0.8399999999999996,-0.0017248731975754103,7.205048583348592,1.3648010142644247,0.006641584583558142,0.10265625,1.6,1.6
67,200,9.844059705734253,20.0,0.11233734339475632,21.467467809061635,0.5355728179216371,0.8,0.8,0.9487179487179487,0.0,0.0,0,0.0,4,0.0847457627118644,0.17796610169491525,0.7372881355932204,105,10,65.85451186040045,0.8199999999999996,-0.00438710415114959,6.3132304795583085,1.380180411338806,0.006494613477649788,0.0659375,1.6,1.6
68,200,9.62939715385437,20.0,0.12227160483598709,23.45432113269391,1.50249645113945,0.8,0.8,0.9747899159663865,0.0,0.0,0,0.0,4,0.03305785123966942,0.14049586776859505,0.8264462809917356,115,4,72.89660284641286,0.8349999999999997,-0.004132599979639054,4.616588459014893,1.3635976219177246,0.006078694341704249,0.05979166666666667,1.6,1.6
69,200,9.560674667358398,20.0,0.154893696308136,29.978741751554427,1.5040682673454282,0.95,0.95,0.984251968503937,0.0,0.0,0,0.0,1,0.08396946564885496,0.1450381679389313,0.7709923664122137,115,11,53.89558273397804,0.7749999999999996,-0.003522865455597639,2.871316684881846,1.336183721224467,0.007122702534931401,0.10723958333333333,1.6,1.6
70,200,10.105675458908081,20.0,0.08296067267656326,15.592132743574346,0.5396911948919295,0.65,0.65,0.9236641221374046,0.0,0.0,0,0.0,7,0.0703125,0.203125,0.7265625,117,9,54.55118766864956,0.7599999999999996,-0.003021411895751953,7.961302064259847,1.363614066441854,0.006687462649618586,0.078125,1.6,1.6
71,200,9.924586057662964,20.0,0.06535070389509201,12.070140985857378,0.2108571752905801,0.6,0.6,0.9107142857142857,0.0,0.0,0,0.0,8,0.05172413793103448,0.20689655172413793,0.7413793103448276,104,6,52.82071212372646,0.7899999999999996,-0.004174072947353125,12.69620859781901,1.4330780378977457,0.005495054116472602,0.08494791666666666,1.6,1.6
72,200,9.936146974563599,20.0,0.0849057212471962,15.981140060241955,0.428419770300387,0.65,0.65,0.907563025210084,0.0,0.0,0,0.0,7,0.017241379310344827,0.12931034482758622,0.853448275862069,112,2,53.78104915199999,0.7999999999999995,-0.005265978040794531,11.354397366841635,1.4048904768625896,0.008438452538102865,0.09661458333333334,1.6,1.6
73,200,10.661641597747803,20.0,0.04004440829157829,7.008881664432591,0.18601015806198093,0.5,0.5,0.813953488372093,0.0,0.0,0,0.0,10,0.10569105691056911,0.3008130081300813,0.5934959349593496,105,13,43.91435949381823,0.7249999999999996,0.00042265725632508594,15.532216377258301,1.4275484228134154,0.006839211201295257,0.08010416666666667,1.6,1.6
74,200,9.695998191833496,20.0,0.11066444218158722,21.132888731826572,0.5201030135154722,0.75,0.75,0.9609375,0.0,0.0,0,0.0,5,0.06060606060606061,0.1590909090909091,0.7803030303030303,120,6,68.94126050870614,0.8199999999999996,-0.0012306503454844156,6.150224514007569,1.4327181752522786,0.005650855965601901,0.07291666666666667,1.6,1.6
75,200,9.595888614654541,20.0,0.136637344956398,26.327474897644496,1.5014156699180603,0.9,0.9,0.9827586206896551,0.0,0.0,0,0.0,2,0.049586776859504134,0.1487603305785124,0.8016528925619835,110,6,66.74993982078732,0.8299999999999996,-0.007525937867661317,5.075299328168233,1.4139655605951944,0.008461398507157962,0.13973958333333333,1.6,1.6
76,200,9.60555386543274,20.0,0.1361684501171112,26.23369120210268,1.502062165737152,0.9,0.9,0.9743589743589743,0.0,0.0,0,0.0,2,0.03418803418803419,0.1111111111111111,0.8547008547008547,112,4,64.74214432815778,0.8399999999999996,0.0008994641713798047,5.544402345021566,1.4181423918406169,0.00822195822838694,0.098125,1.6,1.6
77,200,10.010147094726562,20.0,0.05699797719717026,10.399597007430165,0.12550718560814814,0.5,0.5,0.912,0.0,0.0,0,0.0,10,0.06451612903225806,0.20161290322580644,0.7338709677419355,113,8,58.177542662289724,0.7949999999999995,-0.001978643884261449,10.903215694427491,1.45731555779775,0.00802773736572514,0.08078125,1.6,1.6
78,200,9.969876050949097,20.0,0.06452840566635132,11.905683346490111,0.23044291213154772,0.6,0.6,0.9180327868852459,0.0,0.0,0,0.0,8,0.03875968992248062,0.12403100775193798,0.8372093023255814,115,5,57.806580496649616,0.7949999999999995,-0.002075077729920546,7.658996569315592,1.4647926235198974,0.008886686417584617,0.09369791666666667,1.6,1.6
79,200,9.832599401473999,20.0,0.08265474438667297,15.530946632417773,0.5772841483354402,0.65,0.65,0.9065420560747663,0.0,0.0,0,0.0,7,0.046296296296296294,0.12037037037037036,0.8333333333333334,99,5,59.92491717491505,0.8299999999999996,-0.00023976738254229227,8.961350529988607,1.4807222731908163,0.007923743561841548,0.10046875,1.6,1.6
80,200,9.75290060043335,20.0,0.0882255807518959,16.6451188860995,0.30416049212216834,0.7,0.7,0.9401709401709402,0.0,0.0,0,0.0,6,0.05737704918032787,0.06557377049180328,0.8770491803278688,110,6,64.04817884990578,0.8199999999999996,-0.0029155674949288366,10.74022565205892,1.4919838619232177,0.011872262412992617,0.10375,1.6,1.6
81,200,9.86426568031311,20.0,0.0931708812713623,17.63417600381054,0.35478306114673297,0.65,0.65,0.9292035398230089,0.0,0.0,0,0.0,7,0.02654867256637168,0.21238938053097345,0.7610619469026548,109,3,51.21981596858582,0.7699999999999996,-0.004893365229169527,8.578508542378744,1.5476782194773355,0.006217057798057795,0.12932291666666668,1.6,1.6
82,200,9.849604845046997,20.0,0.07662151008844376,14.324305788087418,0.2019422039389577,0.65,0.65,0.9316239316239316,0.0,0.0,0,0.0,7,0.08264462809917356,0.10743801652892562,0.8099173553719008,104,10,59.99136224416109,0.8099999999999996,-0.0032702855889995895,11.193136221567789,1.5823613373438516,0.008166011284726361,0.06671875,1.6,1.6
83,200,9.985783576965332,20.0,0.08408025652170181,15.816054611401292,0.5044160127639765,0.65,0.65,0.9262295081967213,0.0,0.0,0,0.0,7,0.06666666666666667,0.18333333333333332,0.75,110,8,63.36092035308655,0.8149999999999995,-0.0012175685912370682,9.795500380198161,1.5879336484273274,0.006238616447274884,0.07729166666666666,1.6,1.6
84,200,10.150963068008423,20.0,0.07055938988924026,13.111873648121353,0.37322579175233517,0.6,0.6,0.9047619047619048,0.0,0.0,0,0.0,8,0.056451612903225805,0.1532258064516129,0.7903225806451613,114,7,65.38218162501522,0.8149999999999995,-0.0015675962716341018,11.630435148874918,1.6242086219787597,0.007880509154250225,0.108125,1.6,1.6
85,200,9.762533187866211,20.0,0.12107732892036438,23.2154688645827,1.502353984117508,0.8,0.8,0.9682539682539683,0.0,0.0,0,0.0,4,0.09448818897637795,0.07086614173228346,0.8346456692913385,112,12,71.20707249395286,0.8149999999999995,-0.0013784293830394745,8.678279428482055,1.6303012482325236,0.0072980843825886646,0.08098958333333334,1.6,1.6
86,200,9.595436096191406,20.0,0.1311529576778412,25.230591724273957,0.6335858523845517,0.8,0.8,0.9836065573770492,0.0,0.0,0,0.0,4,0.03875968992248062,0.12403100775193798,0.8372093023255814,118,4,60.587200722478315,0.8099999999999996,-0.0017554042115807533,6.421768859227498,1.6279985602696736,0.006034284497921666,0.06625,1.6,1.6
87,200,9.736104488372803,20.0,0.09729328006505966,18.458653138583802,0.2087492167949661,0.7,0.7,0.9491525423728814,0.0,0.0,0,0.0,6,0.00847457627118644,0.09322033898305085,0.8983050847457628,116,1,66.14654930906151,0.8199999999999996,-0.0009648426497975985,10.632429831822714,1.6521715195973714,0.008060534531250597,0.06677083333333333,1.6,1.6
88,200,9.550063133239746,20.0,0.13705593347549438,26.411187771770017,1.5157423257827758,0.9,0.9,0.9830508474576272,0.0,0.0,0,0.0,2,0.059322033898305086,0.1016949152542373,0.8389830508474576,111,7,68.73948131422036,0.8199999999999996,-0.004701234077413877,5.584414135615031,1.6443149662017822,0.008280641150971253,0.10604166666666667,1.6,1.6
89,200,9.791743993759155,20.0,0.11356265097856522,21.712531652110673,0.6156769752502282,0.8,0.8,0.9444444444444444,0.0,0.0,0,0.0,4,0.0234375,0.1484375,0.828125,120,3,67.963435858379,0.8299999999999996,-0.0013311279192566871,7.510942376454671,1.6454369576772054,0.005808365403984984,0.08041666666666666,1.6,1.6
90,200,9.226675987243652,20.0,0.15110176801681519,29.220355917681722,1.5015002548694611,0.95,0.95,0.9831932773109243,0.0,0.0,0,0.0,1,0.041666666666666664,0.14166666666666666,0.8166666666666667,113,5,73.76703760647142,0.8399999999999996,-0.0035536375641822813,3.4529364760716756,1.6357356548309325,0.009989866735413671,0.11953125,1.6,1.6
91,200,9.627918720245361,20.0,0.1166083812713623,22.32167429388055,0.563564956188185,0.75,0.75,0.954954954954955,0.0,0.0,0,0.0,5,0.02631578947368421,0.08771929824561403,0.8859649122807017,106,3,52.26409077126261,0.7899999999999996,0.0018829804410537083,6.7852569993337,1.6077600892384847,0.006875142622739076,0.10036458333333333,1.6,1.6
92,200,9.565254926681519,20.0,0.13933268189430237,26.866534330300077,1.5021609306335448,0.9,0.9,0.9682539682539683,0.0,0.0,0,0.0,2,0.023809523809523808,0.1111111111111111,0.8650793650793651,120,3,70.71324863747869,0.8199999999999996,-0.0002524298926194509,4.75770873705546,1.6298342609405518,0.00953717801719904,0.13109375,1.6,1.6
93,200,9.880435943603516,20.0,0.11911694705486298,22.823390335174736,1.5048787057399748,0.8,0.8,0.940677966101695,0.0,0.0,0,0.0,4,0.058333333333333334,0.06666666666666667,0.875,108,7,71.19466676011162,0.8399999999999996,-0.0027742497126261394,5.989900976816813,1.5982313776016235,0.010467291502282023,0.09390625,1.6,1.6
94,200,9.901890754699707,20.0,0.12756918370723724,24.51383864602851,1.5047788798809045,0.85,0.85,0.9596774193548387,0.0,0.0,0,0.0,3,0.023809523809523808,0.07142857142857142,0.9047619047619048,118,3,72.05759315839582,0.8199999999999996,-0.0020070087412993112,7.3313291549682615,1.6255361636479695,0.00841732571211954,0.079375,1.6,1.6
95,200,9.592994928359985,20.0,0.1303054690361023,25.06109122683932,1.5017694532871246,0.85,0.85,0.9622641509433962,0.0,0.0,0,0.0,3,0.05357142857142857,0.13392857142857142,0.8125,99,5,54.897056293493456,0.8199999999999996,0.0006846695269147555,4.684082206090292,1.6293317127227782,0.007716630874201655,0.12489583333333333,1.6,1.6
96,200,9.511717796325684,20.0,0.12890368700027466,24.78073932089769,1.5070233643054962,0.8,0.8,0.9669421487603306,0.0,0.0,0,0.0,4,0.05,0.125,0.825,112,6,63.41437754004682,0.8199999999999996,-0.0020049606263637543,5.077713754971822,1.6275182104110717,0.004836820432295402,0.08114583333333333,1.6,1.6
97,200,9.325793981552124,20.0,0.13358044624328613,25.71608696696551,1.5003777146339417,0.85,0.85,0.9836065573770492,0.0,0.0,0,0.0,3,0.05343511450381679,0.16793893129770993,0.7786259541984732,115,7,71.59711230924395,0.8349999999999997,-0.0049907157756388185,3.118945852915446,1.6524908463160197,0.006727730892598629,0.08588541666666667,1.6,1.6
98,200,10.028035879135132,20.0,0.08293648809194565,15.587295928071406,0.5250237137079233,0.65,0.65,0.926829268292683,0.0,0.0,0,0.0,7,0.03937007874015748,0.1968503937007874,0.7637795275590551,116,4,51.769426066549684,0.7799999999999996,-0.0013779692848523459,9.522978483835857,1.652535498936971,0.005487347639476259,0.08239583333333333,1.6,1.6
99,200,9.505223274230957,20.0,0.13389085233211517,25.778169721689306,1.5030472874641416,0.85,0.85,0.984251968503937,0.0,0.0,0,0.0,3,0.05426356589147287,0.16279069767441862,0.7829457364341085,120,7,66.598945368711,0.7999999999999995,0.0005877895032366117,5.374287333488464,1.649618945121765,0.008695020781209071,0.065,1.6,1.6
100,200,9.98540711402893,20.0,0.11607324331998825,22.214651948653554,0.5333119660615905,0.8,0.8,0.9538461538461539,0.0,0.0,0,0.0,4,0.045112781954887216,0.13533834586466165,0.8195488721804511,122,6,80.38525393429155,0.8399999999999996,0.0006031910950938861,8.084258581797283,1.6598170026143393,0.005343235501398643,0.07984375,1.1,1.3
101,200,9.83363389968872,20.0,0.10445758700370789,19.89152048792252,1.4945440232753753,0.7,0.7,0.968,0.0,0.0,0,0.0,6,0.023255813953488372,0.06976744186046512,0.9069767441860465,122,3,67.24914224986105,0.8199999999999996,-0.004323301799595356,7.165553181966146,1.6749672412872314,0.004107075457771619,0.08203125,1.1,1.3
102,200,9.645301342010498,20.0,0.11252249032258987,21.504501165973263,0.17992101535201058,0.8,0.8,0.954954954954955,0.0,0.0,0,0.0,4,0.08403361344537816,0.09243697478991597,0.8235294117647058,100,10,58.20169825324295,0.8099999999999996,-0.005639879517257213,10.177775856653849,1.6355350176493326,0.008505547856912017,0.098125,1.1,1.3
103,200,9.534646272659302,20.0,0.15059936046600342,29.11987381342638,1.502405059337616,0.95,0.95,0.9920634920634921,0.0,0.0,0,0.0,1,0.06870229007633588,0.1297709923664122,0.8015267175572519,118,8,66.75630462513368,0.8149999999999995,-0.001730736866593361,3.998326040903727,1.6530281289418538,0.004120462142551939,0.07614583333333333,1.1,1.3
104,200,9.910792112350464,20.0,0.12775586545467377,24.551171312459275,1.5011222302913665,0.85,0.85,0.968,0.0,0.0,0,0.0,3,0.046153846153846156,0.08461538461538462,0.8692307692307693,117,6,68.15715110583001,0.8199999999999996,-0.0007298923780520758,5.4620284048716226,1.629777954419454,0.006586517474303643,0.10875,1.1,1.3
105,200,9.858869314193726,20.0,0.09981740266084671,18.96348180427349,0.5572861313819716,0.75,0.75,0.9274193548387096,0.0,0.0,0,0.0,5,0.07377049180327869,0.19672131147540983,0.7295081967213115,110,9,60.452997299593825,0.8049999999999995,-0.0013707219312588373,10.929901332855225,1.613561789194743,0.008168054521083832,0.0821875,1.1,1.3
106,200,9.419106721878052,20.0,0.14661933481693268,28.32386415282571,1.503821593523025,0.9,0.9,0.991869918699187,0.0,0.0,0,0.0,2,0.031746031746031744,0.12698412698412698,0.8412698412698413,119,4,66.07290963487236,0.8249999999999997,0.0006598395233352979,3.196801578203837,1.65953564008077,0.008111678333953022,0.10916666666666666,1.1,1.3
107,200,9.250625610351562,20.0,0.13204680383205414,25.409363895280467,1.511912304162979,0.85,0.85,0.9824561403508771,0.0,0.0,0,0.0,3,0.03418803418803419,0.10256410256410256,0.8632478632478633,110,4,80.1347707388374,0.8599999999999998,-0.004117853939533234,4.111332348187765,1.6396809530258178,0.010512975103532274,0.07916666666666666,1.1,1.3
108,200,9.868895053863525,20.0,0.11711083352565765,22.42216637531731,0.3846941769122877,0.75,0.75,0.9703703703703703,0.0,0.0,0,0.0,5,0.007352941176470588,0.16911764705882354,0.8235294117647058,132,1,71.80859240096923,0.8099999999999996,-0.0043398430198431015,6.436335236231486,1.6347278658548992,0.008184611201286315,0.09583333333333334,1.1,1.3
109,200,10.21703290939331,20.0,0.07185027003288269,13.370055823146757,0.6100361198186715,0.6,0.6,0.9016393442622951,0.0,0.0,0,0.0,8,0.042735042735042736,0.19658119658119658,0.7606837606837606,110,5,56.38178009756098,0.7949999999999995,-0.0016516971091429392,13.512973531087239,1.6229030386606853,0.009041060274466873,0.10005208333333333,1.1,1.3
110,200,9.560481309890747,20.0,0.12453444302082062,23.906888774138274,0.5758139491081071,0.85,0.85,0.9626168224299065,0.0,0.0,0,0.0,3,0.01834862385321101,0.10091743119266056,0.8807339449541285,104,2,80.14612342242819,0.8699999999999998,0.000725102877865235,5.373814356327057,1.6326822169621786,0.007756766428550084,0.11770833333333333,1.1,1.3
111,200,9.836479663848877,20.0,0.13832175731658936,26.66435410671017,1.502528977394104,0.9,0.9,0.968,0.0,0.0,0,0.0,2,0.056451612903225805,0.0967741935483871,0.8467741935483871,115,7,72.00802202939511,0.8299999999999996,-0.0027753229066729544,5.12365948677063,1.6390305344263714,0.014084305623546243,0.13958333333333334,1.1,1.3
112,200,9.75493860244751,20.0,0.13183237612247467,25.36647418620838,1.5147592902183533,0.85,0.85,0.9838709677419355,0.0,0.0,0,0.0,3,0.03125,0.1171875,0.8515625,120,4,71.91105714716974,0.8199999999999996,0.00378384992480278,4.348274051348368,1.6719120168685913,0.00894714609409372,0.12760416666666666,1.1,1.3
113,200,9.526504039764404,20.0,0.13794134557247162,26.58827187100797,0.6648594081401675,0.9,0.9,0.9553571428571429,0.0,0.0,0,0.0,2,0.035398230088495575,0.07079646017699115,0.8938053097345132,105,4,62.18390869215547,0.8249999999999997,0.0001461961989601453,4.229146978855133,1.6631230862935384,0.01051464606076479,0.141875,1.1,1.3
114,200,9.516826629638672,20.0,0.11035122722387314,21.07024586172252,0.5786026865243746,0.7,0.7,0.9572649572649573,0.0,0.0,0,0.0,6,0.058823529411764705,0.12605042016806722,0.8151260504201681,108,7,69.90794960187415,0.8449999999999998,-0.0014991814146439234,5.924505116144816,1.6542474524180095,0.006850557789827387,0.0946875,1.1,1.3
115,200,9.71962594985962,20.0,0.1081872209906578,20.637445239417016,0.639322772622093,0.75,0.75,0.9583333333333334,0.0,0.0,0,0.0,5,0.04918032786885246,0.09016393442622951,0.860655737704918,113,6,70.26799786616793,0.8299999999999996,-0.0032370670388142267,5.663301413853963,1.7104711119333904,0.0060916275127480424,0.09390625,1.1,1.3
116,200,9.463926315307617,20.0,0.1324111521244049,25.482228376242013,1.4939207375049584,0.85,0.85,0.9752066115702479,0.0,0.0,0,0.0,3,0.04918032786885246,0.16393442622950818,0.7868852459016393,114,6,61.847669218046455,0.8099999999999996,-0.003936118359367052,5.66135300954183,1.7004900932312013,0.010997219691053033,0.13364583333333332,1.1,1.3
117,200,9.244844675064087,20.0,0.1426311880350113,27.52623784080937,1.5299320161342618,0.85,0.85,0.9824561403508771,0.0,0.0,0,0.0,3,0.041666666666666664,0.1,0.8583333333333333,107,5,66.06542675393935,0.8349999999999997,0.002553901992117365,2.686711625258128,1.704742890993754,0.007030328046530485,0.11140625,1.1,1.3
118,200,9.582505702972412,20.0,0.14057862758636475,27.11572133511252,1.5025843501091003,0.9,0.9,0.9763779527559056,0.0,0.0,0,0.0,2,0.030534351145038167,0.12213740458015267,0.8473282442748091,122,4,64.24446166497076,0.8149999999999995,-0.0007281732310851415,5.30609467347463,1.7089092016220093,0.013054494373500347,0.12166666666666667,1.1,1.3
119,200,9.637407064437866,20.0,0.11367888748645782,21.735781232044122,1.5017940998077393,0.8,0.8,0.9576271186440678,0.0,0.0,0,0.0,4,0.04132231404958678,0.05785123966942149,0.9008264462809917,112,4,65.6137627640029,0.8249999999999997,0.0006065553426742553,4.920549241701762,1.693078948656718,0.008821277733271321,0.10036458333333333,1.1,1.3
120,200,10.239289283752441,20.0,0.1027306392788887,19.546126366297944,0.581149154901488,0.75,0.75,0.9296875,0.0,0.0,0,0.0,5,0.024,0.12,0.856,120,3,67.34012024523861,0.8149999999999995,-0.0017040736476580302,7.83748538017273,1.7223121086756388,0.011427205319826802,0.1,1.1,1.3
121,200,10.044296503067017,20.0,0.11159849166870117,21.319699281955955,1.5016843438148497,0.75,0.75,0.952,0.0,0.0,0,0.0,5,0.056451612903225805,0.07258064516129033,0.8709677419354839,115,7,64.88333884014925,0.8049999999999995,0.0009947645664215088,7.339850527445475,1.7105568329493204,0.007667666518439849,0.1184375,1.1,1.3
122,200,9.851192474365234,20.0,0.1033865287899971,19.677302768767635,1.5012268722057343,0.75,0.75,0.9375,0.0,0.0,0,0.0,5,0.02459016393442623,0.10655737704918032,0.8688524590163934,106,3,67.1553736344944,0.8199999999999996,-0.0035310092692573867,5.813070384661357,1.650167810122172,0.007100110289951165,0.08578125,1.1,1.3
123,200,9.778866052627563,20.0,0.12726280093193054,24.45255919321708,1.5045903801918026,0.85,0.85,0.976,0.0,0.0,0,0.0,3,0.05970149253731343,0.16417910447761194,0.7761194029850746,118,7,69.64136612431419,0.8249999999999997,-0.001206086582193772,5.843341388702393,1.6173095703125,0.008727445711071292,0.08630208333333333,1.1,1.3
124,200,9.819884061813354,20.0,0.07747981697320938,14.495962339534149,0.2449736125767211,0.65,0.65,0.9196428571428571,0.0,0.0,0,0.0,7,0.0,0.14285714285714285,0.8571428571428571,111,0,70.15235327955762,0.8399999999999996,-0.002942282867928346,8.611495348612467,1.65437074025472,0.0113031691343834,0.1053125,1.1,1.3
125,200,9.422652244567871,20.0,0.13945752382278442,26.891504327693852,1.5019151329994198,0.9,0.9,0.9834710743801653,0.0,0.0,0,0.0,2,0.01639344262295082,0.10655737704918032,0.8770491803278688,119,2,71.13864973581339,0.8249999999999997,-0.0020520356794198353,4.474693160057068,1.6581568384170533,0.006771493423730135,0.099375,1.1,1.3
126,200,10.021379947662354,20.0,0.0653608962893486,12.0721770398337,0.489064837992191,0.6,0.6,0.9243697478991597,0.0,0.0,0,0.0,8,0.03225806451612903,0.21774193548387097,0.75,115,3,53.15162656000001,0.7699999999999996,-0.003991350665067633,13.189774271647135,1.6542879056930542,0.011846510091175636,0.12203125,1.1,1.3
127,200,9.333831071853638,20.0,0.15272395312786102,29.544791780640328,1.5027791440486908,0.95,0.95,0.992,0.0,0.0,0,0.0,1,0.03937007874015748,0.11811023622047244,0.84251968503937,119,5,76.83252597659329,0.8349999999999997,-6.394645820061366e-05,2.504148471355438,1.6699817339579264,0.01030110837581257,0.09911458333333334,1.1,1.3
128,200,10.13350796699524,20.0,0.09628169238567352,18.25633812501472,0.608786442875846,0.7,0.7,0.9140625,0.0,0.0,0,0.0,6,0.02459016393442623,0.1721311475409836,0.8032786885245902,119,3,61.22003114565965,0.7949999999999995,-0.0035450498883922896,6.758081378936768,1.6650972159703572,0.01024527489518126,0.10369791666666667,1.1,1.3
129,200,9.59041953086853,20.0,0.13995563983917236,26.99112949977387,1.5035390794277188,0.9,0.9,0.967741935483871,0.0,0.0,0,0.0,2,0.023255813953488372,0.17054263565891473,0.8062015503875969,120,2,64.13181974133701,0.8099999999999996,-0.004204582137366136,3.2583377742767334,1.7027154143651326,0.012869969165573517,0.13291666666666666,1.1,1.3
130,200,10.092819690704346,20.0,0.10284300893545151,19.56860097567728,0.22235000208019817,0.75,0.75,0.926829268292683,0.0,0.0,0,0.0,5,0.03305785123966942,0.11570247933884298,0.8512396694214877,114,4,62.54647292159914,0.8099999999999996,0.002765943668782711,7.012143177986145,1.7184274705251057,0.0062326929314682885,0.07114583333333334,1.1,1.3
131,200,9.771420001983643,20.0,0.12826408445835114,24.652813426319003,0.6564403861760941,0.85,0.85,0.9666666666666667,0.0,0.0,0,0.0,3,0.06779661016949153,0.11016949152542373,0.8220338983050848,110,8,65.24812878154279,0.8049999999999995,0.0011870823924740156,6.980691010157267,1.7410457086563111,0.010635266626874605,0.09630208333333333,1.1,1.3
132,200,9.608725309371948,20.0,0.12918655574321747,24.837306023250203,1.5008428931236266,0.85,0.85,0.976,0.0,0.0,0,0.0,3,0.046511627906976744,0.13953488372093023,0.813953488372093,119,6,66.50926180243033,0.8099999999999996,-0.0002084367349743843,3.7898647816975912,1.7408486270904542,0.008246803713651996,0.10921875,1.1,1.3
133,200,10.063441038131714,20.0,0.058887556195259094,10.77751333232284,0.23873941972851734,0.55,0.55,0.8571428571428571,0.0,0.0,0,0.0,9,0.14678899082568808,0.1651376146788991,0.6880733944954128,90,13,49.822494963337334,0.7849999999999996,0.0014626855527361234,9.98177614370982,1.7501927010218303,0.008460635230876505,0.12328125,1.1,1.3
134,200,9.535652160644531,20.0,0.13931676745414734,26.863354835699244,1.502972739934921,0.9,0.9,0.975609756097561,0.0,0.0,0,0.0,2,0.08064516129032258,0.10483870967741936,0.8145161290322581,112,10,64.32364915879208,0.8149999999999995,0.0011540760782857737,4.62397775332133,1.7554534419377645,0.011596338599920273,0.099375,1.1,1.3
135,200,10.078705787658691,20.0,0.05989551544189453,10.979104398618508,0.46073605865240047,0.55,0.55,0.9159663865546218,0.0,0.0,0,0.0,9,0.06779661016949153,0.211864406779661,0.7203389830508474,109,8,52.12422206128031,0.7599999999999996,-0.0007329204368094603,9.392301743825277,1.6816974035898844,0.0068369382728512085,0.09385416666666667,1.1,1.3
136,200,9.495224952697754,20.0,0.13761481642723083,26.52296157329167,1.5029403805732726,0.9,0.9,0.984,0.0,0.0,0,0.0,2,0.064,0.112,0.824,116,8,79.89885372742853,0.8399999999999996,0.0018249090947210788,5.218543434143067,1.7107772652308146,0.00924714974903812,0.13135416666666666,1.1,1.3
137,200,9.628318786621094,20.0,0.12734267115592957,24.4685353817124,1.5023344695568084,0.85,0.85,0.9603174603174603,0.0,0.0,0,0.0,3,0.031007751937984496,0.14728682170542637,0.8217054263565892,120,4,73.92117508918712,0.8299999999999996,-0.0041166033099095025,4.773094147046407,1.7210209274291992,0.011760574855531255,0.10463541666666666,1.1,1.3
138,200,9.504652738571167,20.0,0.1234537661075592,23.69075517697267,1.5020130574703217,0.8,0.8,0.9741379310344828,0.0,0.0,0,0.0,4,0.031746031746031744,0.06349206349206349,0.9047619047619048,114,2,67.78891342545451,0.8349999999999997,-0.00266571460912625,5.542385574976604,1.686458166440328,0.004995103866482774,0.09739583333333333,1.1,1.3
139,200,9.500816822052002,20.0,0.14967487752437592,28.934971316397956,1.5149081408977505,0.95,0.95,0.9913793103448276,0.0,0.0,0,0.0,1,0.03389830508474576,0.05084745762711865,0.9152542372881356,112,4,69.88345836669268,0.8349999999999997,0.0009681486710906028,2.750255414247513,1.7044796546300252,0.008680791994556784,0.11458333333333333,1.1,1.3
140,200,9.274670839309692,20.0,0.15535178780555725,30.070356581538483,1.5027360558509826,0.95,0.95,1.0,0.0,0.0,0,0.0,1,0.05042016806722689,0.05042016806722689,0.8991596638655462,108,6,65.34079431467816,0.8199999999999996,0.0031730635091662407,1.657911820411682,1.7022617769241333,0.01131362938011686,0.12520833333333334,1.1,1.3
141,200,9.448158264160156,20.0,0.13741463422775269,26.482925992749788,1.5011073112487792,0.9,0.9,0.9833333333333333,0.0,0.0,0,0.0,2,0.01639344262295082,0.07377049180327869,0.9098360655737705,118,2,74.46096672887946,0.8449999999999998,0.002130623397727807,3.5910607862472532,1.7073378324508668,0.006535236096630494,0.0746875,1.1,1.3
142,200,9.646708965301514,20.0,0.11666861176490784,22.33372330307509,1.502425742149353,0.75,0.75,0.9745762711864406,0.0,0.0,0,0.0,5,0.03225806451612903,0.07258064516129033,0.8951612903225806,115,2,72.06703180429,0.8299999999999996,-0.0005722410480181376,5.495580178896586,1.670405634244283,0.005937364511191845,0.0815625,1.1,1.3
143,200,9.530316591262817,20.0,0.13075391948223114,25.150785397089376,0.47505071163176366,0.8,0.8,0.976,0.0,0.0,0,0.0,4,0.0234375,0.140625,0.8359375,121,3,70.50075832847332,0.8149999999999995,-0.0055444057037432985,4.315099755922954,1.6566251754760741,0.00783305055461824,0.06229166666666667,1.1,1.3
144,200,9.619771242141724,20.0,0.11138289421796799,21.276579941336482,1.5044886648654938,0.8,0.8,0.9652173913043478,0.0,0.0,0,0.0,4,0.024390243902439025,0.11382113821138211,0.8617886178861789,111,3,61.25469613177151,0.8149999999999995,-0.002269099081556002,4.803764510154724,1.6837962198257446,0.006639404656986396,0.07958333333333334,1.1,1.3
145,200,9.502199411392212,20.0,0.15133744478225708,29.267488251772733,1.5187992990016934,0.95,0.95,0.9838709677419355,0.0,0.0,0,0.0,1,0.007936507936507936,0.06349206349206349,0.9285714285714286,122,1,75.33006660483655,0.8299999999999996,-0.0022779361655314765,1.8457123335202534,1.6883314148585002,0.010145977431287367,0.09802083333333333,1.1,1.3
146,200,9.939050197601318,20.0,0.0954679325222969,18.093588525176962,1.4967305719852448,0.7,0.7,0.9137931034482759,0.0,0.0,0,0.0,6,0.02608695652173913,0.06956521739130435,0.9043478260869565,108,3,60.78895902051858,0.8149999999999995,-0.003997526379923026,6.787580979665121,1.6609630648295084,0.005622669340421756,0.11380208333333333,1.1,1.3
147,200,9.490674495697021,20.0,0.13805390894412994,26.610781201466803,1.504454344511032,0.9,0.9,0.9719626168224299,0.0,0.0,0,0.0,2,0.043859649122807015,0.043859649122807015,0.9122807017543859,101,5,60.68638723061786,0.8149999999999995,-0.005088020910819372,5.53051194747289,1.6448867654800414,0.009148932490497828,0.10375,1.1,1.3
148,200,9.854351282119751,20.0,0.11480410397052765,21.960821780394085,1.5010324358940124,0.75,0.75,0.9779411764705882,0.0,0.0,0,0.0,5,0.06338028169014084,0.07042253521126761,0.8661971830985915,128,8,74.85305537429065,0.8149999999999995,-0.0019339161987106006,5.351053729057312,1.675597489674886,0.008544693707178036,0.09265625,1.1,1.3
149,200,9.229366302490234,20.0,0.11685585975646973,22.371177906756895,0.5506817162036725,0.75,0.75,0.9727272727272728,0.0,0.0,0,0.0,5,0.02654867256637168,0.07079646017699115,0.9026548672566371,107,3,76.92599684903588,0.8549999999999998,-0.002919762519498666,6.409281593958537,1.613727232615153,0.01563836443858842,0.15859375,1.1,1.3
150,200,9.548448085784912,20.0,0.13568566739559174,26.137130368992185,1.502835738658905,0.85,0.85,0.9827586206896551,0.0,0.0,0,0.0,3,0.05785123966942149,0.09090909090909091,0.8512396694214877,108,7,70.9878790130525,0.8199999999999996,0.0002259990945458412,7.422586987813314,1.6292040745417278,0.01201955915428698,0.09,1.1,1.3
151,200,9.55059266090393,20.0,0.13123907148838043,25.24781459002382,1.5025164008140564,0.8,0.8,0.975609756097561,0.0,0.0,0,0.0,4,0.032,0.088,0.88,118,4,55.89875923871664,0.7949999999999995,-0.0017218657955527306,4.868580678304037,1.6700448274612427,0.008419744654869039,0.09546875,1.1,1.3
152,200,9.574790954589844,20.0,0.13902276754379272,26.804554943468546,1.5031195342540742,0.9,0.9,0.975609756097561,0.0,0.0,0,0.0,2,0.015873015873015872,0.15079365079365079,0.8333333333333334,120,2,64.84036692273227,0.8099999999999996,-0.002717787194997072,3.53491420507431,1.603509899775187,0.010492173492287597,0.10791666666666666,1.1,1.3
153,200,9.770951271057129,20.0,0.10157414525747299,19.314831882878913,1.5011091530323029,0.7,0.7,0.944954128440367,0.0,0.0,0,0.0,6,0.06481481481481481,0.19444444444444445,0.7407407407407407,99,7,58.4551377989189,0.8149999999999995,-0.0013717441509167353,6.156096108754476,1.6079029242197673,0.008310997902105252,0.08447916666666666,1.1,1.3
154,200,9.612202882766724,20.0,0.12527769804000854,24.055543892499095,1.502323567867279,0.8,0.8,0.96875,0.0,0.0,0,0.0,4,0.0234375,0.1640625,0.8125,124,3,65.00206307884922,0.7999999999999995,-0.007616444410135348,4.736453439394633,1.5785485617319743,0.008594320959722002,0.09432291666666667,1.1,1.3
155,200,9.790675640106201,20.0,0.09050800651311874,17.10159975515275,1.5011728525161743,0.7,0.7,0.9391304347826087,0.0,0.0,0,0.0,6,0.03361344537815126,0.16806722689075632,0.7983193277310925,110,4,56.82170690285712,0.7899999999999996,-0.0013139649853110313,9.039540328979491,1.6054909404118856,0.011353005572843055,0.10630208333333334,1.1,1.3
156,200,9.727837800979614,20.0,0.11336874961853027,21.67375320983858,0.23135846629738796,0.8,0.8,0.940677966101695,0.0,0.0,0,0.0,4,0.03305785123966942,0.1652892561983471,0.8016528925619835,111,4,57.514257780037596,0.8049999999999995,-0.0016507764471073946,5.899696513811747,1.6324284299214682,0.007548807639007767,0.079375,1.1,1.3
157,200,9.92691683769226,20.0,0.12125241011381149,23.250479958996976,1.5040624558925628,0.8,0.8,0.968503937007874,0.0,0.0,0,0.0,4,0.015625,0.140625,0.84375,124,1,63.468652266119214,0.8049999999999995,-0.003201803769916296,4.9981712007522585,1.6812412277857463,0.006229629563167691,0.08869791666666667,1.1,1.3
158,200,9.443464040756226,20.0,0.14397206902503967,27.79441337803058,1.5012850880622863,0.85,0.85,0.9921875,0.0,0.0,0,0.0,3,0.03076923076923077,0.07692307692307693,0.8923076923076924,124,4,75.73973482806531,0.8399999999999996,-0.003112177886068821,3.4790936374664305,1.6000681591033936,0.006279153022915125,0.08927083333333333,1.1,1.3
159,200,9.812525272369385,20.0,0.11401108652353287,21.802213960707856,0.2949318766593897,0.8,0.8,0.967479674796748,0.0,0.0,0,0.0,4,0.023255813953488372,0.13953488372093023,0.8372093023255814,120,3,73.0233488444071,0.8299999999999996,-0.004904317545394102,4.888511880238851,1.5677050097783407,0.007989315722758572,0.08598958333333333,1.1,1.3
160,200,9.6359224319458,20.0,0.1125178337097168,21.503563726119868,0.5991548418998556,0.75,0.75,0.967479674796748,0.0,0.0,0,0.0,5,0.030303030303030304,0.08333333333333333,0.8863636363636364,119,4,65.13376759251332,0.8049999999999995,-0.005723830300072829,6.617336400349935,1.5551742315292358,0.011129792276769877,0.11421875,1.1,1.3
161,200,10.269621849060059,20.0,0.03372419252991676,5.744839657728503,0.17349499762058002,0.45,0.45,0.868421052631579,0.0,0.0,0,0.0,11,0.018867924528301886,0.25471698113207547,0.7264150943396226,103,2,48.78417377754209,0.7849999999999996,-0.004955602157860994,14.835987796783447,1.5147929763793946,0.00904235569294542,0.09838541666666667,1.1,1.3
162,200,9.713489294052124,20.0,0.08276747912168503,15.553494667287502,0.5632935434579681,0.65,0.65,0.9224137931034483,0.0,0.0,0,0.0,7,0.05128205128205128,0.1794871794871795,0.7692307692307693,107,6,57.51642878534337,0.8049999999999995,0.0021452019425729912,9.67026346842448,1.5531584278742472,0.0060856506306057176,0.08359375,1.1,1.3
163,200,10.085566282272339,20.0,0.07276497036218643,13.55299662707762,0.1337769269943192,0.65,0.65,0.9017857142857143,0.0,0.0,0,0.0,7,0.008928571428571428,0.17857142857142858,0.8125,105,1,54.91373225002576,0.8149999999999995,0.001457382154961427,12.319157314300536,1.5152132574717203,0.008022400038316845,0.08364583333333334,1.1,1.3
164,200,9.815862655639648,20.0,0.10178578644990921,19.357158476996755,0.2343664556741665,0.75,0.75,0.9491525423728814,0.0,0.0,0,0.0,5,0.04,0.072,0.888,112,5,64.8219010876599,0.8249999999999997,-0.0018784254292647045,9.61857416152954,1.539777126312256,0.00726273512467742,0.06541666666666666,1.1,1.3
165,200,9.694467306137085,20.0,0.1262560784816742,24.251214973758326,1.5017061591148377,0.85,0.85,0.9663865546218487,0.0,0.0,0,0.0,3,0.01680672268907563,0.08403361344537816,0.8991596638655462,115,2,68.73680443744756,0.8249999999999997,-0.0010653780897458395,5.4652565463383995,1.5023531421025593,0.012779664116290708,0.14854166666666666,1.1,1.3
166,200,9.91678786277771,20.0,0.10491394996643066,19.982790278144485,0.5542831748723978,0.7,0.7,0.9568965517241379,0.0,0.0,0,0.0,6,0.04065040650406504,0.056910569105691054,0.9024390243902439,110,5,48.76367064218791,0.7699999999999996,-0.005436281102399031,5.84508600393931,1.4961295016606648,0.013838316754748423,0.13223958333333333,1.1,1.3
167,200,9.658267974853516,20.0,0.12198246270418167,23.396490801753025,1.5008809566497803,0.8,0.8,0.975,0.0,0.0,0,0.0,4,0.032520325203252036,0.10569105691056911,0.8617886178861789,116,4,66.177339860846,0.8249999999999997,-0.002807271182537079,7.444170068105062,1.533009508450826,0.010015609314044317,0.10463541666666666,1.1,1.3
168,200,9.303544282913208,20.0,0.14926986396312714,28.853971897137825,1.522797060012817,0.95,0.95,0.9813084112149533,0.0,0.0,0,0.0,1,0.017857142857142856,0.13392857142857142,0.8482142857142857,104,2,73.2506285148893,0.8549999999999998,-0.004430269226431847,3.6435217507680258,1.4618693161010743,0.007496063405026992,0.08552083333333334,1.1,1.3
169,200,9.449959754943848,20.0,0.14817799627780914,28.63559680671317,1.5166288316249845,0.9,0.9,0.9922480620155039,0.0,0.0,0,0.0,2,0.02962962962962963,0.1037037037037037,0.8666666666666667,124,4,67.40279590468771,0.8199999999999996,-0.0010750110199054081,2.2537466311454772,1.4880078649520874,0.012898274874314665,0.09755208333333333,1.1,1.3
170,200,9.684220790863037,20.0,0.11184560507535934,21.3691174226208,1.0895713150501178,0.75,0.75,0.9354838709677419,0.0,0.0,0,0.0,5,0.04032258064516129,0.16129032258064516,0.7983870967741935,115,5,60.9410839616397,0.7999999999999995,-0.002115317191928625,5.722072577476501,1.4898274199167887,0.006878920334080855,0.083125,1.1,1.3
171,200,9.387548923492432,20.0,0.1444655954837799,27.893116450607135,1.5025804340839386,0.9,0.9,0.9829059829059829,0.0,0.0,0,0.0,2,0.016666666666666666,0.14166666666666666,0.8416666666666667,114,2,68.88237506734707,0.8449999999999998,-0.0027272358350455763,3.1986686038970946,1.457328543663025,0.009531467311705151,0.11859375,1.1,1.3
172,200,9.314068078994751,20.0,0.14674586057662964,28.349167996369655,0.5576436281204055,0.9,0.9,0.9915254237288136,0.0,0.0,0,0.0,2,0.04201680672268908,0.11764705882352941,0.8403361344537815,113,5,69.67249762999748,0.8449999999999998,-0.0006723102554678917,3.0893332028388976,1.4767613792419434,0.007867582710459828,0.12552083333333333,1.1,1.3
173,200,9.827120542526245,20.0,0.0670720562338829,12.414409711245684,0.28729894310235526,0.55,0.55,0.9224137931034483,0.0,0.0,0,0.0,9,0.01652892561983471,0.19008264462809918,0.7933884297520661,112,2,66.62614451393937,0.8349999999999997,-0.0026397391036152838,9.21046724319458,1.378029351234436,0.008718608329072595,0.09635416666666667,1.1,1.3
174,200,10.2921781539917,20.0,0.03931785747408867,6.863571071224569,0.2092057771980758,0.5,0.5,0.8833333333333333,0.0,0.0,0,0.0,10,0.02586206896551724,0.21551724137931033,0.7586206896551724,112,3,52.996796026334266,0.7799999999999996,0.002085315529257059,13.43575086593628,1.496849424044291,0.009711143638317784,0.09703125,1.1,1.3
175,200,9.81924819946289,20.0,0.12450339645147324,23.900680428183566,0.6031739085912543,0.85,0.85,0.9590163934426229,0.0,0.0,0,0.0,3,0.03305785123966942,0.12396694214876033,0.8429752066115702,115,4,69.50167885859287,0.8299999999999996,-0.0019037216529250145,6.205925582249959,1.445971253712972,0.009282556859155496,0.15260416666666668,1.1,1.3
176,200,9.798921585083008,20.0,0.09054730087518692,17.10946105259753,0.5508302032947535,0.65,0.65,0.9459459459459459,0.0,0.0,0,0.0,7,0.02702702702702703,0.18018018018018017,0.7927927927927928,107,3,66.39419749999998,0.8399999999999996,-0.003934856466948986,6.211051047643026,1.4557983096440632,0.004619130004818241,0.07338541666666666,1.1,1.3
177,200,9.627360105514526,20.0,0.12481294572353363,23.96258634911054,1.1868476867675724,0.85,0.85,0.9586776859504132,0.0,0.0,0,0.0,3,0.05,0.15833333333333333,0.7916666666666666,113,6,67.5941013756222,0.8299999999999996,-0.0002846945263445377,3.8276201470692954,1.4643875058492024,0.009026278921713432,0.12166666666666667,1.1,1.3
178,200,9.524027585983276,20.0,0.15298546850681305,29.597093755086007,1.5010469257831573,0.95,0.95,0.9925373134328358,0.0,0.0,0,0.0,1,0.029411764705882353,0.17647058823529413,0.7941176470588235,130,4,63.98356978630103,0.7999999999999995,0.0017165329058965047,2.3122251216570535,1.5297321383158367,0.011117166656379898,0.09598958333333334,1.1,1.3
179,200,9.367685079574585,20.0,0.1583891063928604,30.67782154102453,1.5277707517147063,0.95,0.95,1.0,0.0,0.0,0,0.0,1,0.041666666666666664,0.09166666666666666,0.8666666666666667,111,5,75.8074855817791,0.8299999999999996,-0.0013424558844417334,1.92937704483668,1.5181005144119262,0.007983828832705816,0.08984375,1.1,1.3
180,200,9.670688390731812,20.0,0.133897602558136,25.779517458749766,0.68615905642508,0.85,0.85,0.9606299212598425,0.0,0.0,0,0.0,3,0.03125,0.1796875,0.7890625,120,4,64.64094428717945,0.8049999999999995,-3.7473154564698536e-05,4.298163175582886,1.524248135884603,0.007498431205749512,0.1021875,1.1,1.3
181,200,9.941001892089844,20.0,0.08985814452171326,16.9716286729994,0.27543144971132083,0.7,0.7,0.9193548387096774,0.0,0.0,0,0.0,6,0.024793388429752067,0.1652892561983471,0.8099173553719008,116,3,62.64729540287035,0.8149999999999995,0.00025281497587760287,8.952648344039916,1.5544183603922526,0.009389660333593687,0.08322916666666667,1.1,1.3
182,200,9.453256368637085,20.0,0.14474424719810486,27.948853525576254,1.5021110236644744,0.9,0.9,0.9912280701754386,0.0,0.0,0,0.0,2,0.075,0.06666666666666667,0.8583333333333333,105,9,57.70058540527483,0.7949999999999995,-0.0011452886710564296,2.8782277647654215,1.520809407234192,0.011566243047515551,0.12213541666666666,1.1,1.3
183,200,9.457388877868652,20.0,0.1349237561225891,25.98474548347622,1.5020708560943603,0.9,0.9,0.9818181818181818,0.0,0.0,0,0.0,2,0.09009009009009009,0.10810810810810811,0.8018018018018018,100,10,66.32075984267601,0.8349999999999997,-0.0032297339849174022,2.4465165865421294,1.4747742875417074,0.009978333419809738,0.12609375,1.1,1.3
184,200,9.882154703140259,20.0,0.12342535704374313,23.685073564835054,0.5532774448394605,0.8,0.8,0.9523809523809523,0.0,0.0,0,0.0,4,0.022556390977443608,0.06015037593984962,0.9172932330827067,120,3,73.9961844604117,0.8349999999999997,0.00011437315493822098,4.643774207433065,1.4755364974339804,0.007633344437927007,0.07661458333333333,1.1,1.3
185,200,9.856395483016968,20.0,0.09845650941133499,18.691298104250205,0.5020285755395889,0.7,0.7,0.9508196721311475,0.0,0.0,0,0.0,6,0.024193548387096774,0.1774193548387097,0.7983870967741935,118,3,66.52445196972971,0.8149999999999995,-0.0052675618976354595,7.4575985940297445,1.4953917344411214,0.00964892193985482,0.08807291666666667,1.1,1.3
186,200,9.698352098464966,20.0,0.12778033316135406,24.556065588299276,1.4963804364204405,0.85,0.85,0.9658119658119658,0.0,0.0,0,0.0,3,0.03361344537815126,0.12605042016806722,0.8403361344537815,111,4,59.57591547910988,0.7999999999999995,-0.0033698989202578865,6.902802910804748,1.3859861834843954,0.014903775022054712,0.11109375,1.1,1.3
187,200,9.781643629074097,20.0,0.1124812439084053,21.49624957208074,0.23109564185141912,0.8,0.8,0.957983193277311,0.0,0.0,0,0.0,4,0.059322033898305086,0.13559322033898305,0.8050847457627118,110,7,68.23527084705337,0.8299999999999996,-0.004181600833932559,6.230020087560018,1.488314275741577,0.013931464202081164,0.12723958333333332,1.1,1.3
188,200,9.735005140304565,20.0,0.11362811177968979,21.725624161490916,1.5009534358978271,0.8,0.8,0.9491525423728814,0.0,0.0,0,0.0,4,0.024793388429752067,0.08264462809917356,0.8925619834710744,113,3,77.62395248230875,0.8499999999999998,-0.0035608378425240517,6.511354923248291,1.4789379040400188,0.008736099094773332,0.10328125,1.1,1.3
189,200,9.57226014137268,20.0,0.12545733153820038,24.091467014158646,1.5270445644855497,0.85,0.85,0.9672131147540983,0.0,0.0,0,0.0,3,0.03937007874015748,0.12598425196850394,0.8346456692913385,116,5,71.03094379257001,0.8349999999999997,-0.0041109325736761095,6.520514806111653,1.4752719513575236,0.007513152317454417,0.100625,1.1,1.3
190,200,9.479350090026855,20.0,0.12572120130062103,24.144238802158632,1.5026218950748442,0.8,0.8,0.9736842105263158,0.0,0.0,0,0.0,4,0.008771929824561403,0.15789473684210525,0.8333333333333334,112,1,65.08979162472491,0.8249999999999997,0.000442852092285951,5.7267325973510745,1.4520324834187825,0.010795149374753238,0.10807291666666667,1.1,1.3
191,200,9.837905168533325,20.0,0.11643407493829727,22.286813318502404,1.5078566372394557,0.8,0.8,0.925,0.0,0.0,0,0.0,4,0.05785123966942149,0.11570247933884298,0.8264462809917356,108,7,62.76733266328127,0.8149999999999995,-0.0013857484360535939,7.456183358828227,1.4717770131429035,0.008499391588071982,0.11885416666666666,1.1,1.3
192,200,9.950095176696777,20.0,0.11464545875787735,21.92909185467429,1.5012246072292328,0.8,0.8,0.9590163934426229,0.0,0.0,0,0.0,4,0.04838709677419355,0.14516129032258066,0.8064516129032258,115,6,61.75072228779064,0.8099999999999996,-0.0015278305485844613,7.620623070398967,1.5133853769302368,0.009739589765667916,0.09848958333333334,1.1,1.3
193,200,9.398057222366333,20.0,0.1413966417312622,27.279328799710136,1.5420724749565122,0.9,0.9,0.9849624060150376,0.0,0.0,0,0.0,2,0.04895104895104895,0.11188811188811189,0.8391608391608392,127,6,66.53116508679979,0.7949999999999995,-0.0006172252322236697,3.1294527133305867,1.5239602979024252,0.008708734987303615,0.10510416666666667,1.1,1.3
194,200,9.488927364349365,20.0,0.13299813866615295,25.59962343490818,1.5014687359333039,0.85,0.85,0.9727272727272728,0.0,0.0,0,0.0,3,0.02654867256637168,0.1592920353982301,0.8141592920353983,106,3,66.69480774590569,0.8399999999999996,0.00036894768476486206,3.9721560049057008,1.4680451122919718,0.009788110613202056,0.13494791666666667,1.1,1.3
195,200,9.455661058425903,20.0,0.13421730697155,25.843463098693647,0.6030550211667853,0.85,0.85,0.9658119658119658,0.0,0.0,0,0.0,3,0.05785123966942149,0.15702479338842976,0.7851239669421488,108,7,68.17153558545573,0.8349999999999997,-0.0025822135557730993,3.9474847014745076,1.4804715998967488,0.009346233255540331,0.08984375,1.1,1.3
196,200,8.91496729850769,20.0,0.13898900151252747,26.797801345861455,1.5024045646190642,0.9,0.9,0.967479674796748,0.0,0.0,0,0.0,2,0.05555555555555555,0.11904761904761904,0.8253968253968254,114,7,72.65724877297843,0.8349999999999997,-0.0049402116859952605,2.6657893641789756,1.407518622080485,0.015021930436293284,0.15473958333333335,1.1,1.3
197,200,10.280328035354614,20.0,0.07336586713790894,13.673173555101005,0.3210095360875091,0.6,0.6,0.8778625954198473,0.0,0.0,0,0.0,8,0.064,0.2,0.736,113,8,56.29946787047618,0.7899999999999996,-0.00018228063359856605,12.0485772895813,1.4542044242223104,0.010031806848322352,0.10541666666666667,1.1,1.3
198,200,9.699686527252197,20.0,0.1247369796037674,23.947398312326648,0.5106435507535925,0.85,0.85,0.95,0.0,0.0,0,0.0,3,0.06451612903225806,0.08870967741935484,0.8467741935483871,109,7,66.8749244427363,0.8199999999999996,-0.0012183194731672604,4.575193697611491,1.443836366335551,0.008316558205212156,0.11557291666666666,1.1,1.3
199,200,9.51062798500061,20.0,0.133898064494133,25.779612072833473,1.5021440744400023,0.85,0.85,0.9736842105263158,0.0,0.0,0,0.0,3,0.06086956521739131,0.16521739130434782,0.7739130434782608,106,7,60.130524256413004,0.8099999999999996,-5.140802512566248e-05,3.479427925745646,1.4283454163869223,0.008728739243621627,0.10203125,1.1,1.3
200,200,9.804521322250366,20.0,0.11504578590393066,22.009155931878364,1.502920824289322,0.8,0.8,0.9421487603305785,0.0,0.0,0,0.0,4,0.05042016806722689,0.15966386554621848,0.7899159663865546,111,6,69.69171847111107,0.8199999999999996,-0.0033896995584170022,7.065611747105916,1.4199284140268962,0.009303192039951683,0.10989583333333333,0.6000000000000001,1.0
201,200,9.931429624557495,20.0,0.12159748375415802,23.319492696611313,0.5868600815534428,0.8,0.8,0.9491525423728814,0.0,0.0,0,0.0,4,0.025423728813559324,0.1016949152542373,0.8728813559322034,112,3,61.71405621745756,0.8099999999999996,-0.0013976619268457095,7.10528184890747,1.4241296847661336,0.008212384578461449,0.10192708333333333,0.6000000000000001,1.0
202,200,10.052932024002075,20.0,0.09134755283594131,17.269507153134988,0.40974364876746866,0.7,0.7,0.9421487603305785,0.0,0.0,0,0.0,6,0.024793388429752067,0.14049586776859505,0.8347107438016529,115,3,59.768243781318105,0.8199999999999996,-0.003383842209974925,8.027946586608886,1.4504351409276326,0.007238973425701261,0.09901041666666667,0.6000000000000001,1.0
203,200,9.425756931304932,20.0,0.14082029461860657,27.164062785261205,1.5028939187526702,0.9,0.9,0.9747899159663865,0.0,0.0,0,0.0,2,0.024793388429752067,0.1322314049586777,0.8429752066115702,115,3,69.58415171038492,0.8249999999999997,-0.0013825824111700059,5.082310360272725,1.358283003171285,0.011667935500542322,0.08932291666666667,0.6000000000000001,1.0
204,200,9.312674760818481,20.0,0.14973680675029755,28.947359495975967,1.5028930723667144,0.95,0.95,0.991869918699187,0.0,0.0,0,0.0,1,0.04,0.12,0.84,118,5,74.06951177083505,0.8299999999999996,-0.0005153801913062732,3.2773881435394285,1.3812208302815756,0.007681864835321903,0.10453125,0.6000000000000001,1.0
205,200,10.163434743881226,20.0,0.05285646766424179,9.57129487891154,0.18796824291348357,0.55,0.55,0.9224806201550387,0.0,0.0,0,0.0,9,0.0234375,0.203125,0.7734375,124,3,57.44499482673162,0.7849999999999996,-0.000947837724039952,10.472846272786459,1.426150320370992,0.0086880776224037,0.08302083333333334,0.6000000000000001,1.0
206,200,10.451549291610718,20.0,0.06600232422351837,12.200465261775532,0.3126318797469122,0.6,0.6,0.8934426229508197,0.0,0.0,0,0.0,8,0.05084745762711865,0.1694915254237288,0.7796610169491526,109,6,55.214315959360476,0.7949999999999995,0.00022875094165404638,9.892698316574096,1.3776681836446125,0.007682932199289402,0.0909375,0.6000000000000001,1.0
207,200,9.830415964126587,20.0,0.09994073957204819,18.988149405226054,0.608127748966201,0.75,0.75,0.9375,0.0,0.0,0,0.0,5,0.04201680672268908,0.15126050420168066,0.8067226890756303,104,5,53.70196921460843,0.7999999999999995,0.0024258130912979442,8.322361942927042,1.411684481302897,0.00966050430200994,0.10104166666666667,0.6000000000000001,1.0
208,200,9.487589359283447,20.0,0.1377776563167572,26.555532997167017,1.500726091861725,0.9,0.9,0.9830508474576272,0.0,0.0,0,0.0,2,0.05785123966942149,0.09090909090909091,0.8512396694214877,111,7,75.45352144343374,0.8449999999999998,-0.002670852479835351,2.7378319032986957,1.3686326471964518,0.014718822523330649,0.11359375,0.6000000000000001,1.0
209,200,9.789154767990112,20.0,0.08679907768964767,16.359814388805503,0.4031703621149038,0.65,0.65,0.9262295081967213,0.0,0.0,0,0.0,7,0.016260162601626018,0.12195121951219512,0.8617886178861789,117,2,55.631900577579756,0.7899999999999996,-0.003561096725364526,7.315081284840901,1.3186208740870158,0.006686912834023436,0.09005208333333334,0.6000000000000001,1.0
210,200,10.125515460968018,20.0,0.0786767527461052,14.735348311138658,0.5983882844447928,0.65,0.65,0.9262295081967213,0.0,0.0,0,0.0,7,0.049586776859504134,0.12396694214876033,0.8264462809917356,112,6,59.247212113296456,0.7999999999999995,-0.003851167516161998,9.656289119720459,1.4197216256459555,0.009857056181256969,0.11494791666666666,0.6000000000000001,1.0
211,200,9.403964281082153,20.0,0.1470358967781067,28.407185334171434,1.5230019092559812,0.9,0.9,0.9913793103448276,0.0,0.0,0,0.0,2,0.016666666666666666,0.125,0.8583333333333333,114,2,65.068000163667,0.8249999999999997,-0.0010400456935167313,3.9050129143397014,1.2096730136871339,0.005885303985948364,0.0871875,0.6000000000000001,1.0
212,200,9.690644025802612,20.0,0.12466610223054886,23.933219271152968,0.6804616749286504,0.85,0.85,0.967479674796748,0.0,0.0,0,0.0,3,0.03225806451612903,0.11290322580645161,0.8548387096774194,117,4,65.54949243963486,0.8149999999999995,-0.0010451025888323785,5.633167864481608,1.244418805440267,0.010397524572908878,0.11541666666666667,0.6000000000000001,1.0
213,200,9.83390474319458,20.0,0.09618717432022095,18.23743577520376,1.0311149775981818,0.7,0.7,0.9416666666666667,0.0,0.0,0,0.0,6,0.03361344537815126,0.09243697478991597,0.8739495798319328,114,4,67.43967919864535,0.8299999999999996,0.00010388485466440519,6.670895007451375,1.235925062497457,0.009950044167538485,0.09895833333333333,0.6000000000000001,1.0
214,200,9.500184774398804,20.0,0.1395820826292038,26.916417193492833,1.5075529575347897,0.9,0.9,0.9669421487603306,0.0,0.0,0,0.0,2,0.025210084033613446,0.058823529411764705,0.9159663865546218,116,3,71.55111102224026,0.8299999999999996,-0.0009676934095720451,5.402345522244771,1.4237310266494752,0.010002808682620525,0.10973958333333333,0.6000000000000001,1.0
215,200,9.371628522872925,20.0,0.1519555151462555,29.391105640844426,1.504088532924652,0.95,0.95,0.9923076923076923,0.0,0.0,0,0.0,1,0.007518796992481203,0.09774436090225563,0.8947368421052632,129,1,73.56746609384993,0.8349999999999997,-0.0025083875594039758,2.214313838481903,1.3744940408070883,0.0073739836116631825,0.08526041666666667,0.6000000000000001,1.0
216,200,9.468985319137573,20.0,0.1280110776424408,24.60221428770403,1.5023533701896667,0.85,0.85,0.9669421487603306,0.0,0.0,0,0.0,3,0.023809523809523808,0.10317460317460317,0.873015873015873,117,3,68.01695900591983,0.8099999999999996,-0.0037416918482631443,4.827089176177979,1.3441692876815796,0.009955175888414184,0.09072916666666667,0.6000000000000001,1.0
217,200,9.592450857162476,20.0,0.12001881748437881,23.003763445540063,1.50193030834198,0.8,0.8,0.9576271186440678,0.0,0.0,0,0.0,4,0.017094017094017096,0.08547008547008547,0.8974358974358975,114,2,53.34132536082242,0.7799999999999996,-0.00808643825352192,5.831776631673177,1.2898066663742065,0.009671339898680647,0.12677083333333333,0.6000000000000001,1.0
218,200,9.45758605003357,20.0,0.16065245866775513,31.13049182923926,1.518845099210739,0.95,0.95,1.0,0.0,0.0,0,0.0,1,0.013605442176870748,0.07482993197278912,0.9115646258503401,141,2,83.42603418032789,0.8349999999999997,-0.00042545209328333537,0.9678796859582265,1.3254015811284383,0.005554521614685655,0.08114583333333333,0.6000000000000001,1.0
219,200,9.52774167060852,20.0,0.15282626450061798,29.565252704616046,1.5026821553707121,0.9,0.9,1.0,0.0,0.0,0,0.0,2,0.016,0.096,0.888,121,2,71.94744169225848,0.8299999999999996,-0.0018437196314334868,1.8376567546526592,1.3420605500539144,0.014807198299095034,0.14994791666666665,0.6000000000000001,1.0
220,200,9.871658086776733,20.0,0.09722692519426346,18.44538689348668,0.6124096363782723,0.7,0.7,0.9230769230769231,0.0,0.0,0,0.0,6,0.008695652173913044,0.17391304347826086,0.8173913043478261,113,1,57.889872000292215,0.7999999999999995,-0.0029065378631154696,8.102218929926554,1.3005456034342449,0.011068797797585527,0.10817708333333333,0.6000000000000001,1.0
221,200,9.69376254081726,20.0,0.11319668591022491,21.639336591471697,1.5019605875015258,0.8,0.8,0.9516129032258065,0.0,0.0,0,0.0,4,0.038461538461538464,0.1,0.8615384615384616,118,4,63.40419877336273,0.7999999999999995,-0.0011955273027221363,7.657629063924154,1.4168886693318685,0.009999540417144697,0.10114583333333334,0.6000000000000001,1.0
222,200,9.531583547592163,20.0,0.10991204530000687,20.982405658446126,0.5686678469180894,0.7,0.7,0.9666666666666667,0.0,0.0,0,0.0,6,0.016,0.12,0.864,117,2,75.36192370630349,0.8349999999999997,-0.0015196392747263113,4.78209315776825,1.392479969660441,0.010352890162418285,0.14520833333333333,0.6000000000000001,1.0
223,200,9.792419672012329,20.0,0.10336187481880188,19.672378666328353,0.3407341718673498,0.7,0.7,0.9469026548672567,0.0,0.0,0,0.0,6,0.008928571428571428,0.08928571428571429,0.9017857142857143,110,1,64.93044358927558,0.8299999999999996,-0.0033641900805135567,5.870484315554301,1.3734615103403727,0.008172663475076357,0.09494791666666667,0.6000000000000001,1.0
224,200,9.43533205986023,20.0,0.11396519839763641,21.793043086296283,1.5030515551567079,0.8,0.8,0.9682539682539683,0.0,0.0,0,0.0,4,0.007518796992481203,0.11278195488721804,0.8796992481203008,125,1,65.66286484698955,0.8049999999999995,-0.00342756163328886,4.458669792811076,1.4119775390625,0.009240634456897776,0.08385416666666666,0.6000000000000001,1.0
225,200,9.7172110080719,20.0,0.10042751580476761,19.085503329808656,0.6485672682523654,0.65,0.65,0.9663865546218487,0.0,0.0,0,0.0,7,0.008130081300813009,0.08130081300813008,0.9105691056910569,118,1,62.643492538241965,0.7999999999999995,-0.0008018497812251249,5.1552522071202596,1.4473737939198812,0.0078088885390510164,0.08796875,0.6000000000000001,1.0
226,200,9.441365480422974,20.0,0.1289176344871521,24.783527860115125,0.693739697337136,0.8,0.8,0.9834710743801653,0.0,0.0,0,0.0,4,0.015503875968992248,0.03875968992248062,0.9457364341085271,119,2,69.31862433035494,0.8249999999999997,0.0009771172950665157,5.907897270520528,1.4471489588419597,0.008029198817287883,0.0903125,0.6000000000000001,1.0
227,200,9.746377944946289,20.0,0.10436123609542847,19.87224933833557,0.31394267082213867,0.7,0.7,0.9473684210526315,0.0,0.0,0,0.0,6,0.03418803418803419,0.07692307692307693,0.8888888888888888,108,4,65.75517981627802,0.8349999999999997,0.0013451756536960603,9.117340068817139,1.338645044962565,0.011062297932803632,0.1140625,0.6000000000000001,1.0
228,200,9.734239101409912,20.0,0.1271074116230011,24.421483843450304,0.4075338900089067,0.85,0.85,0.975,0.0,0.0,0,0.0,3,0.0,0.06504065040650407,0.9349593495934959,119,0,63.51666631386777,0.8149999999999995,-0.00384036123752594,6.003155579566956,1.4700902191797893,0.008751906619096795,0.08916666666666667,0.6000000000000001,1.0
229,200,9.359058380126953,20.0,0.14610344171524048,28.220682123706403,1.504587399959564,0.9,0.9,0.9913793103448276,0.0,0.0,0,0.0,2,0.017094017094017096,0.07692307692307693,0.905982905982906,114,2,68.95278969589545,0.8299999999999996,-0.0016090447828173637,4.401353021462758,1.386753692626953,0.004649952286854386,0.08244791666666666,0.6000000000000001,1.0
230,200,9.370396614074707,20.0,0.1495710015296936,28.914200597055505,1.5029296755790709,0.95,0.95,0.9918032786885246,0.0,0.0,0,0.0,1,0.03076923076923077,0.046153846153846156,0.9230769230769231,118,4,67.35264703527191,0.8199999999999996,-0.003067069873213768,2.6152813045183816,1.4262793445587159,0.011973343895127376,0.11088541666666667,0.6000000000000001,1.0
231,200,9.654568433761597,20.0,0.11236123740673065,21.472246686061528,0.6479536026716078,0.8,0.8,0.9384615384615385,0.0,0.0,0,0.0,4,0.007692307692307693,0.1076923076923077,0.8846153846153846,126,1,78.86747865129321,0.8449999999999998,-0.0015456806123256683,6.013918431599935,1.3341540511449177,0.005776496948674321,0.10046875,0.6000000000000001,1.0
232,200,9.748170852661133,20.0,0.12395140528678894,23.79027731364194,1.5042151033878326,0.8,0.8,0.959349593495935,0.0,0.0,0,0.0,4,0.03305785123966942,0.09917355371900827,0.8677685950413223,116,4,59.59148104511055,0.7899999999999996,0.0008507553239663442,5.202935953140258,1.3817198038101197,0.00974241994942228,0.11171875,0.6000000000000001,1.0
233,200,9.456424236297607,20.0,0.12978196144104004,24.956390519812896,0.3053655847907022,0.8,0.8,0.975609756097561,0.0,0.0,0,0.0,4,0.03125,0.09375,0.875,118,4,70.11548046124314,0.8299999999999996,-0.0009623735025525094,4.377807025114695,1.3776974980036418,0.0078034318114320435,0.09291666666666666,0.6000000000000001,1.0
234,200,9.97039246559143,20.0,0.09218940883874893,17.43787824862575,0.3048193842172577,0.7,0.7,0.944,0.0,0.0,0,0.0,6,0.023809523809523808,0.12698412698412698,0.8492063492063492,120,3,69.35375379799365,0.8249999999999997,-0.003742431898911794,9.141431372960408,1.3479118172327678,0.009176920329531034,0.08854166666666667,0.6000000000000001,1.0
235,200,9.706616640090942,20.0,0.1084514632821083,20.690291600533953,0.3644255131483048,0.75,0.75,0.9380530973451328,0.0,0.0,0,0.0,5,0.026785714285714284,0.15178571428571427,0.8214285714285714,108,3,68.81504917699425,0.8349999999999997,-0.0006264897932608922,7.264841826756795,1.3445366843541464,0.00715369670962294,0.1234375,0.6000000000000001,1.0
236,200,9.841673851013184,20.0,0.10858852416276932,20.717706884626818,0.5498855233192272,0.75,0.75,0.9523809523809523,0.0,0.0,0,0.0,5,0.048,0.096,0.856,118,6,73.03003692949795,0.8399999999999996,-0.0010591014847159386,6.844727223714193,1.3534663899739583,0.010280480074385801,0.09619791666666666,0.6000000000000001,1.0
237,200,9.903663158416748,20.0,0.11590525507926941,22.18105444775175,1.5017861604690552,0.8,0.8,0.9618320610687023,0.0,0.0,0,0.0,4,0.014925373134328358,0.13432835820895522,0.8507462686567164,127,2,68.18775971762378,0.8149999999999995,-0.001050145197659731,3.5254872632026673,1.3390496285756428,0.005584394115333756,0.08072916666666667,0.6000000000000001,1.0
238,200,9.425202131271362,20.0,0.14282990992069244,27.56598471364227,0.5518149614333936,0.85,0.85,0.9847328244274809,0.0,0.0,0,0.0,3,0.0072992700729927005,0.10218978102189781,0.8905109489051095,129,1,73.75361070155228,0.8149999999999995,-0.0017365299599866072,2.517962025006612,1.3587834819157918,0.00825484816916287,0.09213541666666666,0.6000000000000001,1.0
239,200,9.787169694900513,20.0,0.07213297486305237,13.426595322561688,0.20571436062454776,0.6,0.6,0.9327731092436975,0.0,0.0,0,0.0,8,0.04878048780487805,0.15447154471544716,0.7967479674796748,112,6,69.55993907354669,0.8349999999999997,-0.0023650457834204037,7.574860906600952,1.3102387762069703,0.010986958139886458,0.09880208333333333,0.6000000000000001,1.0
240,200,9.426699161529541,20.0,0.14201319217681885,27.402637779263987,1.5111073672771451,0.85,0.85,0.9921259842519685,0.0,0.0,0,0.0,3,0.007692307692307693,0.13846153846153847,0.8538461538461538,126,1,65.4406785379323,0.8149999999999995,-0.0010667120665311814,3.7797125307718913,1.398453647295634,0.011072604830066363,0.10036458333333333,0.6000000000000001,1.0
241,200,9.812713384628296,20.0,0.09924135357141495,18.848272473555053,0.5061261802911758,0.65,0.65,0.96,0.0,0.0,0,0.0,7,0.007874015748031496,0.09448818897637795,0.8976377952755905,122,1,61.031366100663874,0.7999999999999995,-0.0019318654760718346,6.192146482467652,1.2974028333028158,0.010583628990376988,0.1071875,0.6000000000000001,1.0
242,200,9.46347951889038,20.0,0.15604618191719055,30.20923497961686,1.5066542387008663,0.9,0.9,1.0,0.0,0.0,0,0.0,2,0.031746031746031744,0.0873015873015873,0.8809523809523809,122,4,76.15204394308668,0.8349999999999997,-0.003185935914516449,2.153094023068746,1.3439609511693318,0.01090347059071064,0.10822916666666667,0.6000000000000001,1.0
243,200,9.346590042114258,20.0,0.14933224022388458,28.866445568722952,1.5045303404331205,0.95,0.95,0.991304347826087,0.0,0.0,0,0.0,1,0.03418803418803419,0.1111111111111111,0.8547008547008547,110,4,72.89876649705995,0.8449999999999998,-0.0020373712355891862,3.2696248722076415,1.3565329519907634,0.01035626963401834,0.12697916666666667,0.6000000000000001,1.0
244,200,9.674277305603027,20.0,0.09496678411960602,17.99335879835075,1.5033309996128081,0.7,0.7,0.9291338582677166,0.0,0.0,0,0.0,6,0.014925373134328358,0.1417910447761194,0.8432835820895522,121,2,59.83539516813593,0.7999999999999995,-0.003814233255883058,4.727955854733785,1.3537464682261149,0.007635154801731308,0.11177083333333333,0.6000000000000001,1.0
245,200,9.721231698989868,20.0,0.09722314029932022,18.444630798050778,0.3494392171502087,0.7,0.7,0.9274193548387096,0.0,0.0,0,0.0,6,0.015384615384615385,0.14615384615384616,0.8384615384615385,119,2,63.722824140614776,0.8149999999999995,-0.000670640158156554,6.31773886680603,1.3535580412546793,0.008168058150137464,0.09557291666666666,0.6000000000000001,1.0
246,200,9.864306449890137,20.0,0.12476933747529984,23.953868158860747,1.5018181145191192,0.8,0.8,0.9612403100775194,0.0,0.0,0,0.0,4,0.015503875968992248,0.10852713178294573,0.875968992248062,125,2,68.47236720823621,0.8049999999999995,0.0011879829814036688,7.553877704938253,1.3891089741388958,0.008195820928861697,0.09770833333333333,0.6000000000000001,1.0
247,200,9.412765502929688,20.0,0.13745319843292236,26.490644939117406,1.5032866477966307,0.9,0.9,0.9814814814814815,0.0,0.0,0,0.0,2,0.009259259259259259,0.14814814814814814,0.8425925925925926,106,1,67.8406242024571,0.8399999999999996,-0.0026188035060962043,4.808473310470581,1.340125118891398,0.015506535349413753,0.11786458333333333,0.6000000000000001,1.0
248,200,9.80938196182251,20.0,0.08706927299499512,16.413854288768924,1.5016202986240388,0.65,0.65,0.928,0.0,0.0,0,0.0,7,0.022556390977443608,0.06766917293233082,0.9097744360902256,120,3,58.93101176282667,0.7849999999999996,7.186989610393842e-05,5.750296030044556,1.342832187016805,0.009352550841867924,0.09104166666666667,0.6000000000000001,1.0
249,200,9.858991861343384,20.0,0.08402714133262634,15.805430164591474,0.5035837054252622,0.65,0.65,0.9435483870967742,0.0,0.0,0,0.0,7,0.00819672131147541,0.1885245901639344,0.8032786885245902,121,1,62.69432928580794,0.8199999999999996,-0.0013679326698184014,7.272447907129924,1.3894470723470052,0.008753867020520072,0.09734375,0.6000000000000001,1.0
250,200,9.67569351196289,20.0,0.11492292582988739,21.98458043177233,1.500953596830368,0.8,0.8,0.9478260869565217,0.0,0.0,0,0.0,4,0.04201680672268908,0.15126050420168066,0.8067226890756303,108,5,52.078341625778,0.7899999999999996,-0.001503037785490354,7.9890291849772135,1.417087926864624,0.008450080563003818,0.1003125,0.6000000000000001,1.0
251,200,9.577512741088867,20.0,0.1254415661096573,24.08831199725356,1.5029806613922119,0.85,0.85,0.9743589743589743,0.0,0.0,0,0.0,3,0.03389830508474576,0.17796610169491525,0.788135593220339,113,4,70.10880563999996,0.8399999999999996,-0.0026919100061058997,4.87388288974762,1.4025804090499878,0.011353107281029224,0.09364583333333333,0.6000000000000001,1.0
252,200,9.947139739990234,20.0,0.07189397513866425,13.378792173235166,0.5018490582704543,0.6,0.6,0.911504424778761,0.0,0.0,0,0.0,8,0.01834862385321101,0.22935779816513763,0.7522935779816514,107,2,58.56431274378375,0.8149999999999995,-0.0033759117126464845,7.301970569292704,1.3724302991231283,0.010939171733334661,0.09984375,0.6000000000000001,1.0
253,200,9.622670412063599,20.0,0.12581084668636322,24.162167383648345,1.502727323770523,0.85,0.85,0.96,0.0,0.0,0,0.0,3,0.0,0.14634146341463414,0.8536585365853658,123,0,65.90049783656886,0.8199999999999996,-0.0039076009889443715,5.163373781840007,1.4741643110911051,0.009316465323790908,0.11255208333333333,0.6000000000000001,1.0
254,200,10.131004333496094,20.0,0.05937035009264946,10.87407124749039,0.19884057268500008,0.55,0.55,0.9083333333333333,0.0,0.0,0,0.0,9,0.008264462809917356,0.1652892561983471,0.8264462809917356,115,1,56.31839515034652,0.7899999999999996,-0.002312012066443761,8.106563084920248,1.4673082780838014,0.00888922647262613,0.08630208333333333,0.6000000000000001,1.0
255,200,9.624500036239624,20.0,0.1361715942621231,26.234321134975104,1.501339042186737,0.8,0.8,0.9919354838709677,0.0,0.0,0,0.0,4,0.007874015748031496,0.07086614173228346,0.9212598425196851,122,1,66.81331963844914,0.8299999999999996,-0.0017171956474582354,4.577348988850911,1.507074564297994,0.007369268395317098,0.08359375,0.6000000000000001,1.0
256,200,9.795523881912231,20.0,0.1016685962677002,19.333716719427578,1.0940166294574665,0.75,0.75,0.956140350877193,0.0,0.0,0,0.0,5,0.043478260869565216,0.10434782608695652,0.8521739130434782,107,5,62.178386905388784,0.8099999999999996,-0.0031708692386746406,8.65677501042684,1.3904218276341755,0.007775170393288135,0.0984375,0.6000000000000001,1.0
257,200,9.4638831615448,20.0,0.137667715549469,26.533548224512735,0.6762694716453403,0.9,0.9,0.9824561403508771,0.0,0.0,0,0.0,2,0.05084745762711865,0.1016949152542373,0.847457627118644,107,6,69.01343508954177,0.8149999999999995,-0.0026693803196152052,5.183009438514709,1.3638495937983195,0.015244315629824996,0.14635416666666667,0.6000000000000001,1.0
258,200,9.770857334136963,20.0,0.09828903526067734,18.657812535713198,0.6188735485076746,0.75,0.75,0.9557522123893806,0.0,0.0,0,0.0,5,0.044642857142857144,0.125,0.8303571428571429,107,5,64.47822508424544,0.8299999999999996,0.0008796351340909799,5.931593623161316,1.333289662996928,0.007415716939916214,0.0784375,0.6000000000000001,1.0
259,200,9.654303073883057,20.0,0.12496339529752731,23.992676169665902,1.02830663919448,0.8,0.8,0.96875,0.0,0.0,0,0.0,4,0.022900763358778626,0.09923664122137404,0.8778625954198473,124,3,67.05621083789471,0.8099999999999996,-0.002776826824992895,4.798128363291423,1.3576032622655232,0.009826829573139548,0.09151041666666666,0.6000000000000001,1.0
260,200,9.309745788574219,20.0,0.15504346787929535,30.008695038037676,0.5859454244375064,0.9,0.9,1.0,0.0,0.0,0,0.0,2,0.016260162601626018,0.11382113821138211,0.8699186991869918,118,2,74.55588339596927,0.8399999999999996,-0.0026570453805228075,2.444726463953654,1.347924305597941,0.009885198179011543,0.09703125,0.6000000000000001,1.0
261,200,9.832093238830566,20.0,0.10923963785171509,20.847930542221636,0.600947782397254,0.75,0.75,0.9508196721311475,0.0,0.0,0,0.0,5,0.0,0.10743801652892562,0.8925619834710744,120,0,68.39071572163454,0.8249999999999997,-0.0024817104699711005,4.264228418668111,1.3578991937637328,0.012403691398600737,0.13395833333333335,0.6000000000000001,1.0
262,200,9.3628089427948,20.0,0.14645232260227203,28.29046992461479,1.5071258962154386,0.9,0.9,0.9916666666666667,0.0,0.0,0,0.0,2,0.008130081300813009,0.06504065040650407,0.926829268292683,119,1,71.9569502696281,0.8399999999999996,-0.0030076802087326843,3.054414604504903,1.34477965037028,0.013402720326557755,0.1034375,0.6000000000000001,1.0
263,200,9.759869813919067,20.0,0.11311782151460648,21.62356409173392,0.14544478282332038,0.75,0.75,0.941747572815534,0.0,0.0,0,0.0,5,0.0,0.125,0.875,100,0,72.53528942968431,0.8649999999999998,0.0010814973463614782,5.792225162982941,1.4191636816660562,0.005548578364153703,0.06947916666666666,0.6000000000000001,1.0
264,200,9.594244003295898,20.0,0.1385323405265808,26.70647086891424,0.6400662332773054,0.9,0.9,0.9761904761904762,0.0,0.0,0,0.0,2,0.007936507936507936,0.1349206349206349,0.8571428571428571,124,1,69.90746129849602,0.8199999999999996,-0.0009746487811207772,3.7199763520558675,1.3025778690973917,0.006413642906894287,0.11401041666666667,0.6000000000000001,1.0
265,200,9.823052167892456,20.0,0.08707401901483536,16.414804722182186,0.22433976158499352,0.6,0.6,0.9298245614035088,0.0,0.0,0,0.0,8,0.008928571428571428,0.125,0.8660714285714286,109,1,71.41862614933649,0.8499999999999998,-0.0025560586899518968,5.824719681739807,1.4221325890223184,0.007091937062020103,0.10697916666666667,0.6000000000000001,1.0
266,200,9.685802936553955,20.0,0.1273958534002304,24.479173920588224,0.44081821441648483,0.85,0.85,0.9758064516129032,0.0,0.0,0,0.0,3,0.0,0.1111111111111111,0.8888888888888888,124,0,77.51812826837865,0.8399999999999996,-0.002259065794448058,5.313562256495158,1.3644260772069294,0.008756635173534354,0.09161458333333333,0.6000000000000001,1.0
267,200,9.359642028808594,20.0,0.1586073338985443,30.72146633788674,1.5033434212207792,0.95,0.95,1.0,0.0,0.0,0,0.0,1,0.04838709677419355,0.10483870967741936,0.8467741935483871,116,5,53.90277887316218,0.7649999999999996,0.00020955671866734822,1.842024457057317,1.3320785188674926,0.011938560884445906,0.10765625,0.6000000000000001,1.0
268,200,9.753969192504883,20.0,0.11299747228622437,21.59949593577457,1.5041658639907836,0.8,0.8,0.9454545454545454,0.0,0.0,0,0.0,4,0.0,0.12612612612612611,0.8738738738738738,108,0,64.57174410780459,0.8249999999999997,-0.0028024752686421077,4.652124702135722,1.2787129020690917,0.0077790463871012135,0.07322916666666666,0.6000000000000001,1.0
269,200,9.79869532585144,20.0,0.10097131133079529,19.194261618928298,0.6190074592828592,0.75,0.75,0.944954128440367,0.0,0.0,0,0.0,5,0.009259259259259259,0.1111111111111111,0.8796296296296297,106,1,62.25655561457721,0.8249999999999997,-0.0018925661221146583,6.01298048655192,1.3226698160171508,0.010276427703599135,0.10052083333333334,0.6000000000000001,1.0
270,200,9.640956401824951,20.0,0.13466201722621918,25.932401137624204,1.5525513768196106,0.85,0.85,0.9830508474576272,0.0,0.0,0,0.0,3,0.01652892561983471,0.14049586776859505,0.8429752066115702,116,2,67.68991330478248,0.8299999999999996,-0.003650557075937589,3.587604489326477,1.3608695443471273,0.006749674322394033,0.09072916666666667,0.6000000000000001,1.0
271,200,9.74424433708191,20.0,0.10424335300922394,19.84867097705866,1.035147255659095,0.7,0.7,0.9401709401709402,0.0,0.0,0,0.0,6,0.017241379310344827,0.12931034482758622,0.853448275862069,112,2,74.91582020790007,0.8449999999999998,-0.004753093148271242,4.51651443640391,1.3519828287760416,0.010975891634201011,0.084375,0.6000000000000001,1.0
272,200,9.902719020843506,20.0,0.11537905782461166,22.07580665405835,0.5622707158326934,0.8,0.8,0.9523809523809523,0.0,0.0,0,0.0,4,0.015503875968992248,0.09302325581395349,0.8914728682170543,121,2,72.72934167114381,0.8099999999999996,-0.0001768932243188222,5.477924520174662,1.403407162030538,0.008518584482371807,0.0725,0.6000000000000001,1.0
273,200,9.933160781860352,20.0,0.10117635875940323,19.235269583033713,1.5007587552070618,0.75,0.75,0.9316239316239316,0.0,0.0,0,0.0,5,0.0,0.11304347826086956,0.8869565217391304,114,0,64.06318406577587,0.8249999999999997,0.0004930273070931435,6.018524875640869,1.3843805074691773,0.007047854155922929,0.07989583333333333,0.6000000000000001,1.0
274,200,9.66322636604309,20.0,0.13460803031921387,25.921611322059572,1.5010803818702698,0.85,0.85,0.984251968503937,0.0,0.0,0,0.0,3,0.023622047244094488,0.09448818897637795,0.8818897637795275,124,3,68.74803170450087,0.8049999999999995,-0.003106471175948779,5.666102619171142,1.4421343771616617,0.009235590382789573,0.10114583333333334,0.6000000000000001,1.0
275,200,9.511033535003662,20.0,0.13372041285037994,25.744079826184187,1.501209384202957,0.85,0.85,0.9652173913043478,0.0,0.0,0,0.0,3,0.00847457627118644,0.06779661016949153,0.923728813559322,111,1,60.10556029674793,0.8199999999999996,-0.004069358631968498,5.480084881782532,1.4035686524709066,0.011913892226293682,0.13583333333333333,0.6000000000000001,1.0
276,200,9.697521448135376,20.0,0.1184561476111412,22.691227663259262,0.39274850785731974,0.8,0.8,0.967479674796748,0.0,0.0,0,0.0,4,0.008,0.08,0.912,122,1,75.13297134880331,0.8249999999999997,-0.002794368689258893,4.863074323336283,1.4405071020126343,0.00811553217470646,0.08411458333333334,0.6000000000000001,1.0
277,200,9.692001819610596,20.0,0.09252936393022537,17.50587304203851,0.5011890560388564,0.7,0.7,0.905982905982906,0.0,0.0,0,0.0,6,0.0,0.18421052631578946,0.8157894736842105,112,0,66.30118838588231,0.8299999999999996,0.00174878624578317,5.044200078646342,1.3931658585866293,0.007344044328977665,0.09526041666666667,0.6000000000000001,1.0
278,200,9.592846155166626,20.0,0.14061661064624786,27.12331881938491,1.5054540932178497,0.9,0.9,0.984251968503937,0.0,0.0,0,0.0,2,0.015625,0.078125,0.90625,123,2,74.8286017419463,0.8399999999999996,0.001771923912068208,3.0985238428910575,1.415973801612854,0.011017265200304488,0.12161458333333333,0.6000000000000001,1.0
279,200,9.349869012832642,20.0,0.1287231743335724,24.744635934414937,0.5246062994003295,0.8,0.8,0.9821428571428571,0.0,0.0,0,0.0,4,0.02586206896551724,0.13793103448275862,0.8362068965517241,109,3,70.22300597803621,0.8349999999999997,-2.262222891052564e-05,4.238777838548025,1.4026231543223062,0.00904728427529335,0.09479166666666666,0.6000000000000001,1.0
280,200,9.3314950466156,20.0,0.13443051278591156,25.88610477040198,0.3245606005191591,0.85,0.85,0.9765625,0.0,0.0,0,0.0,3,0.014705882352941176,0.10294117647058823,0.8823529411764706,126,1,77.59356018198235,0.8499999999999998,-0.0046135121335585914,3.448614683151245,1.3498984082539875,0.010922308995698888,0.1065625,0.6000000000000001,1.0
281,200,9.7217698097229,20.0,0.09860998392105103,18.721996287068077,1.5013963043689729,0.75,0.75,0.9557522123893806,0.0,0.0,0,0.0,5,0.008771929824561403,0.17543859649122806,0.8157894736842105,112,1,62.829841764324286,0.8149999999999995,-0.007989632946749528,7.483115790685018,1.353964106241862,0.013574367982024948,0.09005208333333334,0.6000000000000001,1.0
282,200,9.909006357192993,20.0,0.11471323668956757,21.94264444072173,1.5159998595714568,0.8,0.8,0.9565217391304348,0.0,0.0,0,0.0,4,0.02586206896551724,0.12931034482758622,0.8448275862068966,110,3,65.17932661387663,0.8249999999999997,-0.006280923659602801,8.647853752772013,1.3599703089396158,0.008747389457809429,0.09135416666666667,0.6000000000000001,1.0
283,200,10.148288249969482,20.0,0.03378298506140709,5.756597527452224,0.17587288320064495,0.35,0.35,0.8771929824561403,0.0,0.0,0,0.0,13,0.0,0.21238938053097345,0.7876106194690266,109,0,60.49300981621619,0.8149999999999995,-0.0014936789746085803,8.447570381164551,1.3219317134221396,0.010432780670622985,0.08395833333333333,0.6000000000000001,1.0
284,200,10.114960193634033,20.0,0.07394968718290329,13.789937592998655,1.5007529377937316,0.65,0.65,0.8991596638655462,0.0,0.0,0,0.0,7,0.008695652173913044,0.21739130434782608,0.7739130434782608,113,1,55.65025482448121,0.7949999999999995,-0.0020120272785425185,8.206266965866089,1.380102375348409,0.008710422593479355,0.09755208333333333,0.6000000000000001,1.0
285,200,9.28611135482788,20.0,0.14208973944187164,27.417945844803214,0.6574278503656236,0.85,0.85,0.9827586206896551,0.0,0.0,0,0.0,3,0.008333333333333333,0.125,0.8666666666666667,114,1,74.0575869118984,0.8449999999999998,0.0021465539932250975,6.702453438440958,1.2360527149836222,0.010337270501380166,0.11671875,0.6000000000000001,1.0
286,200,10.167482852935791,20.0,0.0535784587264061,9.715691446822202,0.26728571653366007,0.5,0.5,0.9008264462809917,0.0,0.0,0,0.0,10,0.041666666666666664,0.24166666666666667,0.7166666666666667,112,5,48.820608054468096,0.7649999999999996,4.1081843276818595e-05,9.248772258758544,1.2848797019322713,0.010907337452905874,0.099375,0.6000000000000001,1.0
287,200,9.83439016342163,20.0,0.1031993106007576,19.639858942356582,1.500220376253128,0.75,0.75,0.9354838709677419,0.0,0.0,0,0.0,5,0.024193548387096774,0.22580645161290322,0.75,118,3,52.28516416627453,0.7449999999999997,-0.003782064610471328,9.080421908696492,1.3722957388559978,0.0069301929495607815,0.09265625,0.6000000000000001,1.0
288,200,9.48520541191101,20.0,0.13586747646331787,26.17349510443767,1.502593171596527,0.85,0.85,0.9661016949152542,0.0,0.0,0,0.0,3,0.02564102564102564,0.10256410256410256,0.8717948717948718,113,3,66.58865099711392,0.8349999999999997,-0.001845636876920859,4.112154589494069,1.3199059756596883,0.007786997722772261,0.12145833333333333,0.6000000000000001,1.0
289,200,10.291712045669556,20.0,0.02319496124982834,3.6389922314103806,0.16299718841910352,0.4,0.4,0.8596491228070176,0.0,0.0,0,0.0,12,0.02654867256637168,0.12389380530973451,0.8495575221238938,104,3,49.20486440065395,0.7799999999999996,0.0002539653455217679,10.672486079533895,1.2983047262827556,0.013867463947584232,0.09552083333333333,0.6000000000000001,1.0
290,200,9.524580478668213,20.0,0.1531355232000351,29.627111476811294,1.5056647479534147,0.95,0.95,0.9920634920634921,0.0,0.0,0,0.0,1,0.015384615384615385,0.09230769230769231,0.8923076923076924,124,2,66.47849324537331,0.8099999999999996,0.00204397718111674,3.4846848622957864,1.3786408551534017,0.008899607947096228,0.079375,0.6000000000000001,1.0
291,200,9.883603811264038,20.0,0.13184352219104767,25.368710688992994,0.6185570985078653,0.85,0.85,0.9701492537313433,0.0,0.0,0,0.0,3,0.0,0.15441176470588236,0.8455882352941176,133,0,72.65490544842099,0.8099999999999996,-0.001705806814134121,4.462664969762167,1.3890157461166381,0.007131063138755659,0.09817708333333333,0.6000000000000001,1.0
292,200,9.59210467338562,20.0,0.14205650985240936,27.411297452192336,1.509490156173706,0.9,0.9,0.9583333333333334,0.0,0.0,0,0.0,2,0.0,0.1440677966101695,0.8559322033898306,117,0,63.55955444466269,0.8149999999999995,-0.0011028826609253883,3.1617493454615273,1.436224830945333,0.008149000347281495,0.0690625,0.6000000000000001,1.0
293,200,10.518797397613525,20.0,0.06265787780284882,11.531574180712916,0.7121669113635876,0.55,0.55,0.888,0.0,0.0,0,0.0,9,0.008333333333333333,0.2,0.7916666666666666,116,1,57.156771253121,0.7749999999999996,-0.0004169400284687678,7.355808986028036,1.3671039152145386,0.00949782313623776,0.11104166666666666,0.6000000000000001,1.0
294,200,10.301118612289429,20.0,0.048095885664224625,8.619177056494992,0.2010865330696103,0.5,0.5,0.8770491803278688,0.0,0.0,0,0.0,10,0.025210084033613446,0.21008403361344538,0.7647058823529411,113,3,53.3734613747997,0.7749999999999996,-0.00010641757398843765,6.992320032119751,1.4111918338139853,0.009410912456611792,0.08802083333333334,0.6000000000000001,1.0
295,200,9.664215087890625,20.0,0.11999378353357315,22.99875875544939,1.502611470222473,0.8,0.8,0.9590163934426229,0.0,0.0,0,0.0,4,0.0,0.17355371900826447,0.8264462809917356,119,0,65.19058411201758,0.8149999999999995,-0.00163802786419789,8.18821943918864,1.2621211592356365,0.009316229539302489,0.0953125,0.6000000000000001,1.0
296,200,9.647666931152344,20.0,0.12396733462810516,23.793463983499805,1.5014707326889039,0.8,0.8,0.952755905511811,0.0,0.0,0,0.0,4,0.007874015748031496,0.13385826771653545,0.8582677165354331,123,1,72.39448720052354,0.8249999999999997,-0.0031443626992404463,3.835429949760437,1.3047150532404581,0.007531240273577471,0.11869791666666667,0.6000000000000001,1.0
297,200,10.384937286376953,20.0,0.050282370299100876,9.056470923583799,0.18513923659920392,0.55,0.55,0.8360655737704918,0.0,0.0,0,0.0,9,0.008849557522123894,0.23893805309734514,0.7522123893805309,112,1,49.738515978181816,0.7799999999999996,-0.007857329025864602,11.799880021413168,1.313356761932373,0.01015223185531795,0.10515625,0.6000000000000001,1.0
298,200,9.805927991867065,20.0,0.09945449978113174,18.890901402246413,0.3855225250124898,0.7,0.7,0.9327731092436975,0.0,0.0,0,0.0,6,0.008403361344537815,0.10084033613445378,0.8907563025210085,114,1,60.725711924807136,0.8099999999999996,0.0005382453526059786,9.038360144297283,1.3432351191838583,0.010198949645273387,0.07098958333333333,0.6000000000000001,1.0
299,200,9.734919786453247,20.0,0.13947103917598724,26.89420743536323,1.50109583735466,0.9,0.9,0.9836065573770492,0.0,0.0,0,0.0,2,0.008264462809917356,0.0743801652892562,0.9173553719008265,120,1,69.23317856656546,0.8249999999999997,-0.004731170969704787,3.9497475822766623,1.4046611372629803,0.00452636708971113,0.07526041666666666,0.6000000000000001,1.0
300,200,10.047179698944092,20.0,0.09174946695566177,17.349895453715686,0.5516733348369428,0.65,0.65,0.9457364341085271,0.0,0.0,0,0.0,7,0.03125,0.09375,0.875,122,4,62.80601484093398,0.7949999999999995,-0.00256253682076931,6.3415804878870645,1.4575021044413248,0.009159609001750748,0.11911458333333333,0.5,0.7
301,200,9.70546555519104,20.0,0.114888995885849,21.9778010813421,0.5362620204687097,0.8,0.8,0.9618320610687023,0.0,0.0,0,0.0,4,0.03731343283582089,0.06716417910447761,0.8955223880597015,125,5,73.76876775368083,0.8349999999999997,-0.0038864576381941636,8.553361883163452,1.3633388948440552,0.007371876270820697,0.09380208333333333,0.5,0.7
302,200,9.63642430305481,20.0,0.08600221574306488,16.200441072366917,0.3854670628905275,0.65,0.65,0.9145299145299145,0.0,0.0,0,0.0,7,0.034482758620689655,0.09482758620689655,0.8706896551724138,109,4,64.59008914307653,0.8249999999999997,-0.002357030436396599,9.365701319376628,1.3556204271316528,0.0064182273950427774,0.0734375,0.5,0.7
303,200,9.773370027542114,20.0,0.10957054048776627,20.914107689677838,0.7060731500387049,0.75,0.75,0.9661016949152542,0.0,0.0,0,0.0,5,0.01680672268907563,0.15126050420168066,0.8319327731092437,116,1,62.493784945763636,0.8299999999999996,0.0006637539093693098,10.71764191309611,1.3551608482996622,0.008231485304422676,0.084375,0.5,0.7
304,200,9.498162269592285,20.0,0.14706140756607056,28.41228070374685,1.4992076754570007,0.9,0.9,0.9672131147540983,0.0,0.0,0,0.0,2,0.0,0.11764705882352941,0.8823529411764706,119,0,61.84343951671046,0.8049999999999995,-0.003902688349286715,2.3048467564582826,1.3498108593622844,0.007495845602825284,0.071875,0.5,0.7
305,200,9.530591249465942,20.0,0.12113209068775177,23.226416027040656,0.6081095904111702,0.8,0.8,0.9491525423728814,0.0,0.0,0,0.0,4,0.008333333333333333,0.1,0.8916666666666667,114,1,78.24555236482091,0.8549999999999998,-0.0004843413146833579,3.863734962940216,1.3448751910527548,0.008083534610147278,0.07072916666666666,0.5,0.7
306,200,10.02833080291748,20.0,0.08067213743925095,15.134429404885054,0.3199785128235785,0.6,0.6,0.9401709401709402,0.0,0.0,0,0.0,8,0.05084745762711865,0.11864406779661017,0.8305084745762712,108,6,59.940959467334366,0.8149999999999995,-0.001414897491534551,12.174324537913005,1.38578431447347,0.012203641689072052,0.12541666666666668,0.5,0.7
307,200,9.946149110794067,20.0,0.08853499591350555,16.706999416339908,0.6318211257457577,0.6,0.6,0.9495798319327731,0.0,0.0,0,0.0,8,0.04878048780487805,0.15447154471544716,0.7967479674796748,113,5,60.58005852799997,0.7999999999999995,-0.0016556111350655555,8.742306191126506,1.420395655632019,0.009457565176611145,0.083125,0.5,0.7
308,200,10.32595705986023,20.0,0.0651913434267044,12.038270050748938,0.4113474130630298,0.6,0.6,0.905511811023622,0.0,0.0,0,0.0,8,0.02459016393442623,0.18032786885245902,0.7950819672131147,118,3,57.96383381961619,0.7949999999999995,-0.0012481434519092242,10.55303934733073,1.4341476853688557,0.006328966111565629,0.08817708333333334,0.5,0.7
309,200,9.593314170837402,20.0,0.1283944547176361,24.67889458364593,1.5015431582927703,0.8,0.8,0.984375,0.0,0.0,0,0.0,4,0.023255813953488372,0.17829457364341086,0.7984496124031008,125,3,64.85271053085177,0.8099999999999996,-0.0017523608480890592,3.656536275545756,1.437622218132019,0.008596904979397853,0.08078125,0.5,0.7
310,200,9.479272365570068,20.0,0.14025965332984924,27.051925271581272,1.5073468685150146,0.9,0.9,0.9765625,0.0,0.0,0,0.0,2,0.0,0.11450381679389313,0.8854961832061069,127,0,66.78683495787162,0.8199999999999996,0.0025603799025217693,4.1978441055615745,1.4430698156356812,0.00857002891600132,0.07171875,0.5,0.7
311,200,9.964346170425415,20.0,0.08945377171039581,16.890752547139392,1.50141322016716,0.7,0.7,0.923728813559322,0.0,0.0,0,0.0,6,0.043859649122807015,0.19298245614035087,0.7631578947368421,108,5,56.684532542532665,0.7999999999999995,-0.005056668054312468,9.476689825057983,1.414606312115987,0.008937508257416387,0.11432291666666666,0.5,0.7
312,200,9.494782447814941,20.0,0.13072839379310608,25.145677120615844,1.1101284384727408,0.85,0.85,0.957983193277311,0.0,0.0,0,0.0,3,0.01694915254237288,0.1864406779661017,0.7966101694915254,114,2,64.20524780879785,0.8099999999999996,-0.005672244876623153,5.493065487543742,1.3837036863962808,0.00741436718031764,0.08645833333333333,0.5,0.7
313,200,9.414997577667236,20.0,0.13546745479106903,26.093493279459686,1.5042156159877775,0.85,0.85,0.9658119658119658,0.0,0.0,0,0.0,3,0.025,0.125,0.85,112,3,63.80241741581747,0.8199999999999996,-0.0018027151624361675,3.58731995900472,1.3691117986043295,0.009074440424640973,0.11432291666666666,0.5,0.7
314,200,9.51878809928894,20.0,0.1536364108324051,29.72728486064284,1.5031028926372527,0.95,0.95,0.9922480620155039,0.0,0.0,0,0.0,1,0.007751937984496124,0.10077519379844961,0.8914728682170543,127,1,70.99843703630117,0.8099999999999996,-0.0033366330961386364,3.811655933856964,1.3676378917694092,0.006756336310257514,0.057916666666666665,0.5,0.7
315,200,9.906698942184448,20.0,0.1111910343170166,21.238204941731798,1.5023898124694823,0.8,0.8,0.9217391304347826,0.0,0.0,0,0.0,4,0.018018018018018018,0.1891891891891892,0.7927927927927928,108,2,65.49305629453835,0.8199999999999996,0.000980052116016547,6.753911692301433,1.313416298230489,0.010757254790514708,0.09427083333333333,0.5,0.7
316,200,9.397204637527466,20.0,0.13865259289741516,26.730517726004855,0.5553688675165006,0.9,0.9,0.9827586206896551,0.0,0.0,0,0.0,2,0.01652892561983471,0.09917355371900827,0.8842975206611571,114,2,63.28090953399451,0.8249999999999997,-4.1429754346609116e-05,3.7237078364690146,1.3169620895385743,0.007280448082213601,0.07984375,0.5,0.7
317,200,9.916523218154907,20.0,0.07499585300683975,13.999170690756847,0.29756660163402093,0.65,0.65,0.9130434782608695,0.0,0.0,0,0.0,7,0.008771929824561403,0.19298245614035087,0.7982456140350878,111,1,68.58077458740455,0.8349999999999997,-0.001464035864919424,8.33737594763438,1.2405366277694703,0.006153777840857705,0.058125,0.5,0.7
318,200,9.679632902145386,20.0,0.10896673798561096,20.793347001054443,0.5009633004665374,0.75,0.75,0.9568965517241379,0.0,0.0,0,0.0,5,0.017241379310344827,0.10344827586206896,0.8793103448275862,112,2,71.00331710613156,0.8399999999999996,-0.004304041787981987,7.759645169576009,1.3238714297612508,0.010232269475236535,0.07994791666666666,0.5,0.7
319,200,9.285908460617065,20.0,0.15813672542572021,30.627345611585387,1.5210096657276153,0.95,0.95,1.0,0.0,0.0,0,0.0,1,0.024390243902439025,0.07317073170731707,0.9024390243902439,117,3,62.89047390957057,0.8049999999999995,-0.002037933928271135,2.3953651078542073,1.3127929655710857,0.007614792423943678,0.05291666666666667,0.5,0.7
320,200,9.85132384300232,20.0,0.10076726973056793,19.153454272154463,0.5723613530397249,0.75,0.75,0.9538461538461539,0.0,0.0,0,0.0,5,0.022727272727272728,0.17424242424242425,0.803030303030303,126,3,64.25811107902437,0.7949999999999995,-0.0005477982759475708,5.894850955009461,1.28264351050059,0.008608259111642837,0.08645833333333333,0.5,0.7
321,200,9.63136887550354,20.0,0.09926588833332062,18.853176145362973,1.5016760587692262,0.75,0.75,0.9401709401709402,0.0,0.0,0,0.0,5,0.0,0.08547008547008547,0.9145299145299145,115,0,71.0714718290678,0.8549999999999998,-0.0014816532346109549,5.583881696065267,1.2959407552083333,0.009916748705630501,0.07953125,0.5,0.7
322,200,9.54323935508728,20.0,0.12212931364774704,23.42586667593886,1.5031050503253935,0.8,0.8,0.9478260869565217,0.0,0.0,0,0.0,4,0.008695652173913044,0.1391304347826087,0.8521739130434782,111,1,64.54918096725625,0.8249999999999997,-0.0013169098645448684,4.927187763055166,1.3264834690093994,0.009214516145487626,0.09270833333333334,0.5,0.7
323,200,9.410088300704956,20.0,0.16280753910541534,32.56150869837157,1.5331999897956845,1.0,1.0,1.0,0.0,0.0,0,0.0,0,0.007692307692307693,0.1076923076923077,0.8846153846153846,126,1,71.82276159180036,0.8299999999999996,-0.002611788511276245,0.8049476897716522,1.2826344648996988,0.007459449733917912,0.07734375,0.5,0.7
324,200,9.205331325531006,20.0,0.15956729650497437,30.913458753536343,1.5024561643600463,0.95,0.95,1.0,0.0,0.0,0,0.0,1,0.015748031496062992,0.06299212598425197,0.9212598425196851,122,2,66.0046168519614,0.8149999999999995,0.00027240725234150886,0.6653385587533315,1.248020938237508,0.005445043761283159,0.0503125,0.5,0.7
325,200,9.756561040878296,20.0,0.1335735321044922,25.71470480165677,1.5041052341461179,0.85,0.85,0.96,0.0,0.0,0,0.0,3,0.015873015873015872,0.07142857142857142,0.9126984126984127,120,2,68.70117464204719,0.8199999999999996,-0.0008681862677137057,2.668148072560628,1.2474898433685302,0.005851092937712868,0.06010416666666667,0.5,0.7
326,200,9.672718048095703,20.0,0.12489680200815201,23.979364409328422,1.50095734000206,0.85,0.85,0.9658119658119658,0.0,0.0,0,0.0,3,0.02586206896551724,0.06896551724137931,0.9051724137931034,112,3,66.031438742089,0.8249999999999997,-0.004357398475209872,3.4499389259020488,1.2275288025538127,0.01006089884787798,0.09692708333333333,0.5,0.7
327,200,9.180554866790771,20.0,0.15707677602767944,30.415354981081464,1.5104989528656005,0.95,0.95,1.0,0.0,0.0,0,0.0,1,0.05303030303030303,0.08333333333333333,0.8636363636363636,120,7,84.85830549966143,0.8399999999999996,-0.002720033830652634,1.4032098388671874,1.2621293385823569,0.0066535167209804055,0.07796875,0.5,0.7
328,200,10.26161527633667,20.0,0.04813240468502045,8.626481849656992,0.3752148523926712,0.55,0.55,0.875,0.0,0.0,0,0.0,9,0.0,0.22429906542056074,0.7757009345794392,106,0,49.97893483162793,0.7849999999999996,-0.003138187937438488,11.844817015329996,1.2571300601959228,0.007253057790609698,0.07302083333333333,0.5,0.7
329,200,9.569048881530762,20.0,0.13513799011707306,26.027592838432813,1.5046913504600525,0.85,0.85,0.9831932773109243,0.0,0.0,0,0.0,3,0.008,0.144,0.848,118,1,65.81308278634657,0.8249999999999997,-0.0020432367548346517,5.413587981859843,1.2458910322189332,0.005149567443877459,0.07770833333333334,0.5,0.7
330,200,9.681659460067749,20.0,0.10489539057016373,19.97908067072203,0.26684347987172774,0.7,0.7,0.96875,0.0,0.0,0,0.0,6,0.015037593984962405,0.13533834586466165,0.849624060150376,126,2,60.075271470487465,0.7999999999999995,-0.003975678862382968,6.454678718249003,1.2537784639994303,0.009097757559890549,0.09125,0.5,0.7
331,200,9.726263284683228,20.0,0.11685798317193985,22.371599037111856,1.5051626205444335,0.8,0.8,0.9663865546218487,0.0,0.0,0,0.0,4,0.008130081300813009,0.15447154471544716,0.8373983739837398,118,1,60.20663513828007,0.8199999999999996,-0.001308454399307569,5.897018324534098,1.249835613568624,0.009031245416651169,0.09265625,0.5,0.7
332,200,9.778164386749268,20.0,0.11205251514911652,21.41050289725643,1.5050565361976622,0.8,0.8,0.9487179487179487,0.0,0.0,0,0.0,4,0.00847457627118644,0.16101694915254236,0.8305084745762712,113,1,68.80815685663616,0.8249999999999997,-0.0003794184699654579,5.1548028087615965,1.2578372605641683,0.009277269911641876,0.0940625,0.5,0.7
333,200,9.610713243484497,20.0,0.1073543131351471,20.470861970456884,1.501260942220688,0.75,0.75,0.9541284403669725,0.0,0.0,0,0.0,5,0.009009009009009009,0.13513513513513514,0.8558558558558559,106,1,67.50618711498153,0.8449999999999998,-0.004949283686776956,5.554537709554037,1.261444969177246,0.011867780766139428,0.08947916666666667,0.5,0.7
334,200,9.84273362159729,20.0,0.08456841111183167,15.913683337102654,0.5600045979022974,0.6,0.6,0.9252336448598131,0.0,0.0,0,0.0,8,0.04716981132075472,0.12264150943396226,0.8301886792452831,99,5,55.449053013650925,0.8199999999999996,-0.002058853730559349,9.175373770395915,1.3464116954803467,0.010190757342303793,0.11057291666666667,0.5,0.7
335,200,9.629645109176636,20.0,0.11028218269348145,21.05643858088525,0.536583477258682,0.75,0.75,0.9586776859504132,0.0,0.0,0,0.0,5,0.0,0.0967741935483871,0.9032258064516129,120,0,72.59475840321274,0.8249999999999997,-0.0014215674499670665,4.7113875110944115,1.3156190427144367,0.0101716283056885,0.10276041666666667,0.5,0.7
336,200,9.68295407295227,20.0,0.1150578036904335,22.011562820035955,1.0668453693389814,0.8,0.8,0.9461538461538461,0.0,0.0,0,0.0,4,0.014598540145985401,0.06569343065693431,0.9197080291970803,125,2,65.06319804539366,0.8149999999999995,-0.00010561946158607801,4.622325682640076,1.3340703694025675,0.009227570525060097,0.08036458333333334,0.5,0.7
337,200,10.044897556304932,20.0,0.08656373620033264,16.312752684665007,0.6894190967082832,0.65,0.65,0.9298245614035088,0.0,0.0,0,0.0,7,0.008695652173913044,0.20869565217391303,0.782608695652174,110,1,52.585983373032605,0.7849999999999996,-0.004298807866871357,9.284905964533488,1.3291592566172281,0.012448078993087013,0.10302083333333334,0.5,0.7
338,200,10.08309268951416,20.0,0.07246905565261841,13.493811451913697,0.17745223566889703,0.6,0.6,0.9090909090909091,0.0,0.0,0,0.0,8,0.008547008547008548,0.21367521367521367,0.7777777777777778,115,1,63.60439280699654,0.8249999999999997,-0.0014502228299776714,8.451138172149658,1.352600967089335,0.011166837873558204,0.11802083333333334,0.5,0.7
339,200,9.628398656845093,20.0,0.13373607397079468,25.747209741053627,1.5047711968421935,0.85,0.85,0.9831932773109243,0.0,0.0,0,0.0,3,0.01680672268907563,0.20168067226890757,0.7815126050420168,117,2,66.04609032648645,0.8149999999999995,-0.006111554093658924,5.09615476290385,1.3730719343821207,0.01601974540390074,0.14682291666666666,0.5,0.7
340,200,9.502487182617188,20.0,0.12125005573034286,23.250018211505225,1.5026284933090204,0.8,0.8,0.9672131147540983,0.0,0.0,0,0.0,4,0.023809523809523808,0.12698412698412698,0.8492063492063492,118,3,72.47226960528842,0.8349999999999997,-0.0018573212809860707,6.417968254089356,1.3156974840164184,0.007165687931701541,0.11385416666666667,0.5,0.7
341,200,9.5884268283844,20.0,0.12378107011318207,23.756211696780117,0.6359087169170224,0.8,0.8,0.9572649572649573,0.0,0.0,0,0.0,4,0.0,0.1111111111111111,0.8888888888888888,115,0,55.31182352225536,0.8049999999999995,-0.005451461349924406,7.088098115921021,1.359343811670939,0.012456415941317876,0.10744791666666667,0.5,0.7
342,200,9.753995418548584,20.0,0.1514986753463745,29.299732418875116,1.5063513338565824,0.95,0.95,0.9916666666666667,0.0,0.0,0,0.0,1,0.023622047244094488,0.08661417322834646,0.889763779527559,118,2,62.79003640118318,0.8049999999999995,-0.0005940394351879756,1.8457615665594738,1.3377630599339803,0.008782367169236143,0.08453125,0.5,0.7
343,200,9.373303890228271,20.0,0.15789993107318878,30.579986935732425,1.5029726088047026,0.95,0.95,1.0,0.0,0.0,0,0.0,1,0.008547008547008548,0.1111111111111111,0.8803418803418803,114,1,79.08213542374492,0.8549999999999998,-0.001221023624142011,1.1044701826572418,1.3179993613560994,0.006510039651766419,0.0646875,0.5,0.7
344,200,9.548361778259277,20.0,0.14075493812561035,27.15098516451278,1.523007786273956,0.9,0.9,0.9754098360655737,0.0,0.0,0,0.0,2,0.008064516129032258,0.11290322580645161,0.8790322580645161,120,1,68.9756128592381,0.8249999999999997,0.00033118467777967455,3.0109521389007567,1.3146914275487265,0.011372820613905788,0.09536458333333334,0.5,0.7
345,200,9.832334041595459,20.0,0.08193202316761017,15.386405549673992,0.5924073964357374,0.65,0.65,0.926605504587156,0.0,0.0,0,0.0,7,0.0,0.2,0.8,107,0,60.8031187733333,0.8199999999999996,-0.002072715734442075,6.370360711415609,1.3534297943115234,0.0111099556243668,0.0940625,0.5,0.7
346,200,9.921599388122559,20.0,0.1041344627737999,19.826891491226494,1.508154934644699,0.75,0.75,0.925,0.0,0.0,0,0.0,5,0.01639344262295082,0.06557377049180328,0.9180327868852459,113,2,59.49316957776753,0.8149999999999995,-0.004162197448313237,8.80805926322937,1.3166432078679402,0.009163403348065913,0.09369791666666667,0.5,0.7
347,200,9.50849723815918,20.0,0.12607862055301666,24.215719170054665,0.7482383459806307,0.8,0.8,0.9603174603174603,0.0,0.0,0,0.0,4,0.0,0.16,0.84,124,0,69.23592138666665,0.8199999999999996,0.0008870367892086506,6.575395514170329,1.3429460255304972,0.011233314983546733,0.11317708333333333,0.5,0.7
348,200,9.49644684791565,20.0,0.15222541987895966,29.445084093858643,1.5012439250946046,0.95,0.95,0.991869918699187,0.0,0.0,0,0.0,1,0.007936507936507936,0.15079365079365079,0.8412698412698413,122,1,71.26992464693691,0.8249999999999997,-0.00207805968200167,2.5370421242713928,1.349688941637675,0.01031850836550196,0.09234375,0.5,0.7
349,200,10.087759971618652,20.0,0.07642112672328949,14.28422694766596,0.4854106366634361,0.65,0.65,0.9065420560747663,0.0,0.0,0,0.0,7,0.009433962264150943,0.22641509433962265,0.7641509433962265,103,1,52.05826282666666,0.8049999999999995,-0.0008184631168842315,12.234538027445476,1.3527699788411458,0.011339125965411465,0.10671875,0.5,0.7
350,200,9.72598648071289,20.0,0.12959209084510803,24.91841544937724,1.505084502696991,0.85,0.85,0.9696969696969697,0.0,0.0,0,0.0,3,0.022556390977443608,0.13533834586466165,0.8421052631578947,128,3,62.280755947838195,0.7949999999999995,-0.0034822936604420344,6.315773458480835,1.294441369374593,0.011311856427540382,0.09864583333333334,0.5,0.7
351,200,9.748291254043579,20.0,0.11882537603378296,22.765075689736488,1.503018182516098,0.8,0.8,0.9661016949152542,0.0,0.0,0,0.0,4,0.058333333333333334,0.11666666666666667,0.825,110,7,72.64342505592673,0.8399999999999996,-0.0033000412955880164,7.764731655120849,1.2421630462010702,0.02051683612167835,0.11994791666666667,0.5,0.7
352,200,9.922078847885132,20.0,0.07012558728456497,13.025119280826743,0.18800808265805183,0.6,0.6,0.9107142857142857,0.0,0.0,0,0.0,8,0.0,0.2018348623853211,0.7981651376146789,109,0,65.10425789438985,0.8299999999999996,0.0043446554740269976,8.012158397038778,1.2620361216862996,0.015239195081715782,0.14458333333333334,0.5,0.7
353,200,9.790387392044067,20.0,0.10248123854398727,19.4962476359283,1.5021116137504578,0.75,0.75,0.9338842975206612,0.0,0.0,0,0.0,5,0.0,0.1557377049180328,0.8442622950819673,118,0,62.99121846305186,0.8049999999999995,0.000793650709092617,5.657520020802815,1.2647554874420166,0.010294419374937813,0.10416666666666667,0.5,0.7
354,200,10.368510484695435,20.0,0.04359140247106552,7.718283553345687,0.1513597711920705,0.5,0.5,0.8717948717948718,0.0,0.0,0,0.0,10,0.0,0.23008849557522124,0.7699115044247787,113,0,58.15999635199994,0.8249999999999997,0.0016813992088039716,8.341045694351196,1.2690200408299763,0.00979128409177065,0.0884375,0.5,0.7
355,200,9.638002872467041,20.0,0.10841182619333267,20.682367135572793,0.20204576253890374,0.75,0.75,0.9606299212598425,0.0,0.0,0,0.0,5,0.03759398496240601,0.12781954887218044,0.8345864661654135,120,5,64.33588570945012,0.8099999999999996,0.0009141436964273452,6.162782494227091,1.2328583812713623,0.011179756931960582,0.09875,0.5,0.7
356,200,9.376199722290039,20.0,0.14589276909828186,28.178549421342456,0.6275967061519466,0.9,0.9,0.9915254237288136,0.0,0.0,0,0.0,2,0.0,0.13445378151260504,0.865546218487395,118,0,73.79373544044518,0.8399999999999996,0.00266936045140028,5.135419344902038,1.2116871054967244,0.012911346983164549,0.15161458333333333,0.5,0.7
357,200,9.569136381149292,20.0,0.13985417783260345,26.970831476575473,1.5081373751163483,0.9,0.9,0.9603174603174603,0.0,0.0,0,0.0,2,0.0,0.14173228346456693,0.8582677165354331,123,0,74.62750695961181,0.8349999999999997,0.0033392780646681786,2.6509160733222963,1.2809903287887574,0.010825061984360219,0.135625,0.5,0.7
358,200,10.265340805053711,20.0,0.06542325764894485,12.08465131643761,0.29920071363448736,0.6,0.6,0.9105691056910569,0.0,0.0,0,0.0,8,0.00819672131147541,0.22131147540983606,0.7704918032786885,119,1,57.18642515636363,0.7799999999999996,0.0010398170972863833,10.31968510945638,1.275406912167867,0.01046018478150169,0.14536458333333332,0.5,0.7
359,200,9.73220443725586,20.0,0.1097446158528328,20.948924012463475,0.6024863123893576,0.75,0.75,0.9426229508196722,0.0,0.0,0,0.0,5,0.01639344262295082,0.12295081967213115,0.860655737704918,117,2,74.55722199516384,0.8249999999999997,0.001918916217982769,9.409129122098287,1.2994177023569742,0.009676454374566674,0.08541666666666667,0.5,0.7
360,200,9.672574996948242,20.0,0.1625697761774063,31.513956403532653,1.5068063259124742,0.95,0.95,1.0,0.0,0.0,0,0.0,1,0.0,0.11764705882352941,0.8823529411764706,135,0,67.02340633250343,0.7999999999999995,-0.0038051927338043847,2.780729579925537,1.292313307126363,0.007839081175625325,0.0928125,0.5,0.7
361,200,9.606703758239746,20.0,0.13610967993736267,26.221936537129203,1.5012594282627105,0.9,0.9,0.9736842105263158,0.0,0.0,0,0.0,2,0.008620689655172414,0.13793103448275862,0.853448275862069,112,1,76.86574143585152,0.8549999999999998,-0.0010294287900129953,3.4136463236808776,1.3359529860814412,0.007575194633876284,0.06786458333333334,0.5,0.7
362,200,9.606213331222534,20.0,0.14726287126541138,28.45257631741893,0.21977725923060554,0.9,0.9,0.9921875,0.0,0.0,0,0.0,2,0.022556390977443608,0.07518796992481203,0.9022556390977443,125,3,73.65889727999999,0.8299999999999996,0.000806562869499127,2.3167975346247354,1.2872863229115803,0.00942500742773215,0.06203125,0.5,0.7
363,200,9.408771991729736,20.0,0.15081194043159485,29.16238698690257,1.5035012125968932,0.95,0.95,0.9920634920634921,0.0,0.0,0,0.0,1,0.007575757575757576,0.06818181818181818,0.9242424242424242,125,1,59.4675415553731,0.7999999999999995,0.0030840651442607244,3.7384284488360087,1.2717666514714558,0.0036552018330742917,0.07447916666666667,0.5,0.7
364,200,9.531506061553955,20.0,0.14055950939655304,27.111898305469804,0.23297775983810398,0.9,0.9,0.9848484848484849,0.0,0.0,0,0.0,2,0.0,0.11940298507462686,0.8805970149253731,132,0,82.43078664155463,0.8449999999999998,-0.0014098181823889414,4.189369048277537,1.3071610816319783,0.011385984749843677,0.1065625,0.5,0.7
365,200,9.826519966125488,20.0,0.08838442713022232,16.67688902519524,0.6362684547900999,0.7,0.7,0.9363636363636364,0.0,0.0,0,0.0,6,0.008849557522123894,0.12389380530973451,0.8672566371681416,108,1,53.2810733649931,0.7799999999999996,-0.0026206968600551287,9.71024792989095,1.3304355001449586,0.01087451896009346,0.10296875,0.5,0.7
366,200,9.937171936035156,20.0,0.10256611555814743,19.5132254099089,1.501499730348587,0.75,0.75,0.9401709401709402,0.0,0.0,0,0.0,5,0.0,0.2,0.8,114,0,59.01240024216213,0.8149999999999995,-0.0023385962719718613,5.523740957578023,1.338968162536621,0.009099210806501409,0.07947916666666667,0.5,0.7
367,200,9.477144479751587,20.0,0.14005301892757416,27.010598445495283,0.35332627892493773,0.9,0.9,0.9747899159663865,0.0,0.0,0,0.0,2,0.0,0.08943089430894309,0.9105691056910569,118,0,86.26993650505064,0.8649999999999998,-0.002848492506891489,3.8666441170374553,1.3377940464019775,0.009288659179583192,0.06953125,0.5,0.7
368,200,9.94286847114563,20.0,0.08885663747787476,16.771328304483006,0.5548380225896823,0.7,0.7,0.9145299145299145,0.0,0.0,0,0.0,6,0.0,0.1794871794871795,0.8205128205128205,115,0,62.35336236164718,0.8149999999999995,-0.003397140180071195,6.428412868181865,1.3922935978571573,0.013661470701918007,0.0903125,0.5,0.7
369,200,9.778095006942749,20.0,0.13280999660491943,25.56200193469631,1.499658042192459,0.85,0.85,0.9609375,0.0,0.0,0,0.0,3,0.015873015873015872,0.07142857142857142,0.9126984126984127,123,2,68.06552076233643,0.8199999999999996,-0.003212056638052066,2.680195667743683,1.384142565727234,0.013201077928145727,0.1325,0.5,0.7
370,200,9.644269943237305,20.0,0.12668867409229279,24.337736595199,1.5200172424316405,0.85,0.85,0.9663865546218487,0.0,0.0,0,0.0,3,0.016666666666666666,0.1,0.8833333333333333,116,2,68.32571507474448,0.8249999999999997,-0.003074375766639908,4.009997392495473,1.4076822900772095,0.006564276563003659,0.08104166666666666,0.5,0.7
371,200,9.356606006622314,20.0,0.12686383724212646,24.372766938657122,1.5073406219482421,0.85,0.85,0.975,0.0,0.0,0,0.0,3,0.01639344262295082,0.18032786885245902,0.8032786885245902,117,2,64.74126576410254,0.8049999999999995,-0.0054604792532821494,5.06684201558431,1.3439557949701946,0.009939548610709607,0.11057291666666667,0.5,0.7
372,200,9.372272253036499,20.0,0.11716825515031815,22.433648445865916,1.5019833385944366,0.75,0.75,0.9626168224299065,0.0,0.0,0,0.0,5,0.0,0.1559633027522936,0.8440366972477065,105,0,69.32957854024909,0.8449999999999998,0.011969606516261895,5.025980842908224,1.3460374434789022,0.01143310044426471,0.13854166666666667,0.5,0.7
373,200,9.41936182975769,20.0,0.14749404788017273,28.498805995776223,0.5528138995170421,0.9,0.9,0.9918032786885246,0.0,0.0,0,0.0,2,0.0,0.136,0.864,122,0,82.93275701070228,0.8549999999999998,-0.0022301380708813667,2.2403788379828136,1.3640833107630412,0.007823012663672368,0.07364583333333333,0.5,0.7
374,200,9.432077884674072,20.0,0.13922549784183502,26.845099320372434,1.5025960981845854,0.8,0.8,0.9917355371900827,0.0,0.0,0,0.0,4,0.008064516129032258,0.16129032258064516,0.8306451612903226,120,1,70.91583729817106,0.8249999999999997,-0.0019941101782023907,2.8072261508305867,1.3638614002863567,0.008935685322309534,0.08322916666666667,0.5,0.7
375,200,9.500801801681519,20.0,0.12664979696273804,24.32995660499613,1.5025865495204926,0.85,0.85,0.9752066115702479,0.0,0.0,0,0.0,3,0.032,0.176,0.792,117,4,68.6711917807828,0.8199999999999996,-0.005491458475589752,4.799321562449137,1.347538161277771,0.0076195817502836384,0.07171875,0.5,0.7
376,200,10.013060808181763,20.0,0.10388790816068649,19.777579079059933,0.5024993419647215,0.75,0.75,0.937007874015748,0.0,0.0,0,0.0,5,0.008064516129032258,0.18548387096774194,0.8064516129032258,122,1,66.5088004378947,0.8099999999999996,0.001111168178419272,6.999203831354777,1.3167462412516275,0.012679124507121742,0.10947916666666667,0.5,0.7
377,200,10.388823747634888,20.0,0.029008515179157257,4.8017015833286685,0.23421827778219828,0.45,0.45,0.8761061946902655,0.0,0.0,0,0.0,11,0.008928571428571428,0.2857142857142857,0.7053571428571429,109,1,43.48813452444445,0.7299999999999996,0.0017636418839295704,13.185883388519287,1.3806971549987792,0.013376289863760273,0.0996875,0.5,0.7
378,200,9.590280055999756,20.0,0.1469433754682541,28.38866570266518,1.5028968393802642,0.9,0.9,0.9912280701754386,0.0,0.0,0,0.0,2,0.0,0.17796610169491525,0.8220338983050848,114,0,72.3368188292343,0.8449999999999998,0.0018737171093622844,6.191996726989746,1.386429058710734,0.008287479998543859,0.08697916666666666,0.5,0.7
379,200,9.839545726776123,20.0,0.10123702138662338,19.247407020087085,0.5523319184780026,0.75,0.75,0.9316239316239316,0.0,0.0,0,0.0,5,0.008620689655172414,0.15517241379310345,0.8362068965517241,112,1,74.34976904061456,0.8399999999999996,-7.619455456733704e-05,8.592914263407389,1.349444071451823,0.009585994961671531,0.084375,0.5,0.7
380,200,9.634671211242676,20.0,0.12503525614738464,24.007052236984187,0.583887985348685,0.85,0.85,0.9747899159663865,0.0,0.0,0,0.0,3,0.00819672131147541,0.13114754098360656,0.860655737704918,118,1,76.1919914341178,0.8399999999999996,-0.002314054196079572,5.845811783472697,1.352702964146932,0.005563868824392557,0.06015625,0.5,0.7
381,200,10.046998023986816,20.0,0.09960146993398666,18.920293823614504,0.18924151808023287,0.7,0.7,0.9545454545454546,0.0,0.0,0,0.0,6,0.014925373134328358,0.15671641791044777,0.8283582089552238,128,2,61.472301399999964,0.7999999999999995,0.00010070167481899262,8.21641174952189,1.3002568292617798,0.011125522257449727,0.07911458333333334,0.5,0.7
382,200,9.615654230117798,20.0,0.13573962450027466,26.147925028061433,0.5517435431480238,0.85,0.85,0.9827586206896551,0.0,0.0,0,0.0,3,0.01694915254237288,0.17796610169491525,0.8050847457627118,114,2,63.92033239111107,0.8199999999999996,-0.0015467061599095662,8.586965357462566,1.3836849292119344,0.012053107156728705,0.09536458333333334,0.5,0.7
383,200,10.194026708602905,20.0,0.023007672280073166,3.601533881353081,0.18855323493480675,0.35,0.35,0.8773584905660378,0.0,0.0,0,0.0,13,0.0,0.24271844660194175,0.7572815533980582,103,0,44.11943493565219,0.7699999999999996,-0.0016239911814530691,11.364435437520346,1.4243166557947795,0.0058445562468841675,0.074375,0.5,0.7
384,200,9.778766870498657,20.0,0.1089290976524353,20.785820370017372,0.5531902283430095,0.75,0.75,0.9426229508196722,0.0,0.0,0,0.0,5,0.0,0.12195121951219512,0.8780487804878049,119,0,62.89705079499643,0.8149999999999995,-0.0022723399242386222,8.977593030929565,1.420934445063273,0.01249012913244466,0.1046875,0.5,0.7
385,200,9.842866897583008,20.0,0.11293315142393112,21.586631803974534,0.28383105546235654,0.8,0.8,0.9487179487179487,0.0,0.0,0,0.0,4,0.00847457627118644,0.19491525423728814,0.7966101694915254,114,1,65.5395628622222,0.8199999999999996,0.0006430212780833244,6.040277791023255,1.4070269298553466,0.0065633469633758065,0.06239583333333333,0.5,0.7
386,200,9.581324577331543,20.0,0.14729654788970947,28.45931205627393,1.5077565312385555,0.9,0.9,0.984,0.0,0.0,0,0.0,2,0.0,0.184,0.816,124,0,63.761787165405366,0.8149999999999995,-0.001483337904016177,3.2745638036727907,1.4257732677459716,0.007043756200000644,0.07229166666666667,0.5,0.7
387,200,9.574546098709106,20.0,0.1069638654589653,20.392775244733027,1.5015260219573974,0.75,0.75,0.9428571428571428,0.0,0.0,0,0.0,5,0.019230769230769232,0.14423076923076922,0.8365384615384616,100,2,60.804928474529774,0.8349999999999997,-0.0038867914862930775,7.461073131561279,1.4377219327290853,0.010843887167672317,0.08583333333333333,0.5,0.7
388,200,9.560786962509155,20.0,0.12769286334514618,24.53857052627375,1.5019546329975129,0.8,0.8,0.975,0.0,0.0,0,0.0,4,0.0,0.17647058823529413,0.8235294117647058,119,0,71.47803462621874,0.8299999999999996,0.0018321937570969264,4.922370028495789,1.4243590418497722,0.005936773695672552,0.078125,0.5,0.7
389,200,9.708104610443115,20.0,0.11211317777633667,21.422638184263576,0.5983454525470572,0.75,0.75,0.9672131147540983,0.0,0.0,0,0.0,5,0.008130081300813009,0.18699186991869918,0.8048780487804879,120,1,60.98927420023461,0.7999999999999995,0.003654609099030495,7.225919831593831,1.4280016835530598,0.01283031767544647,0.09661458333333334,0.5,0.7
390,200,9.658758878707886,20.0,0.12134724855422974,23.269452097841622,1.5021713435649873,0.8,0.8,0.9576271186440678,0.0,0.0,0,0.0,4,0.008547008547008548,0.1623931623931624,0.8290598290598291,115,1,64.81411253134526,0.8199999999999996,-0.004111026469618082,4.101341613133749,1.4206814384460449,0.010524323658707242,0.0865625,0.5,0.7
391,200,10.010477542877197,20.0,0.07144947350025177,13.289893729188861,0.17619281113147411,0.6,0.6,0.9122807017543859,0.0,0.0,0,0.0,8,0.00847457627118644,0.2033898305084746,0.788135593220339,110,1,56.43719167999997,0.7999999999999995,0.0009552503377199173,12.840458799997965,1.414729305903117,0.010030151794975002,0.07723958333333333,0.5,0.7
392,200,9.960634708404541,20.0,0.0882938951253891,16.65877877658858,0.6519042640924301,0.7,0.7,0.9327731092436975,0.0,0.0,0,0.0,6,0.008403361344537815,0.18487394957983194,0.8067226890756303,116,1,53.946588140627554,0.7899999999999996,-0.0038776042809089027,7.406901299158732,1.4673501062393188,0.011691985211024682,0.10765625,0.5,0.7
393,200,9.298850774765015,20.0,0.16166415810585022,32.33283406068465,1.5166730403900146,1.0,1.0,1.0,0.0,0.0,0,0.0,0,0.01652892561983471,0.09090909090909091,0.8925619834710744,117,2,68.34375019868979,0.8349999999999997,0.0037716411612927912,1.4700447738170623,1.4978555615743,0.00921661094762385,0.0703125,0.5,0.7
394,200,9.90623164176941,20.0,0.108668252825737,20.733646559988195,0.6562073439359513,0.75,0.75,0.940677966101695,0.0,0.0,0,0.0,5,0.02631578947368421,0.10526315789473684,0.868421052631579,111,3,72.97520157925393,0.8299999999999996,-0.00039167621483405434,3.625126740137736,1.445033268928528,0.008883908015365401,0.084375,0.5,0.7
395,200,9.762297630310059,20.0,0.13383889198303223,25.767772157758177,0.6524274736642685,0.85,0.85,0.9841269841269841,0.0,0.0,0,0.0,3,0.032,0.136,0.832,121,4,68.00005353846981,0.8149999999999995,-0.001370116975158453,3.287317697207133,1.4500442886352538,0.010231237423916658,0.07645833333333334,0.5,0.7
396,200,9.546092987060547,20.0,0.1268908679485321,24.378171554331033,1.5027129828929902,0.85,0.85,0.967479674796748,0.0,0.0,0,0.0,3,0.03875968992248062,0.12403100775193798,0.8372093023255814,117,5,59.463239674496506,0.7999999999999995,-0.001605703712751468,2.8191751591364542,1.4612502797444662,0.009477596360569199,0.06010416666666667,0.5,0.7
397,200,9.995433330535889,20.0,0.09171821922063828,17.343645198043227,1.5011892557144164,0.7,0.7,0.9444444444444444,0.0,0.0,0,0.0,6,0.031496062992125984,0.1968503937007874,0.7716535433070866,120,4,50.06375623201142,0.7399999999999997,-0.0027464564020435013,8.219561560948689,1.4366164954503378,0.0132513952969263,0.1065625,0.5,0.7
398,200,9.603575706481934,20.0,0.11742578446865082,22.485160780676264,0.502534201741218,0.75,0.75,0.9752066115702479,0.0,0.0,0,0.0,5,0.016129032258064516,0.12096774193548387,0.8629032258064516,119,2,71.73083101532549,0.8349999999999997,-0.0015794763589898745,5.4212821984291075,1.446405415534973,0.008945688754320145,0.06729166666666667,0.5,0.7
399,200,9.697347402572632,20.0,0.12271265685558319,23.542529451893206,1.5033266365528106,0.8,0.8,0.976,0.0,0.0,0,0.0,4,0.03125,0.0703125,0.8984375,121,4,63.55187522929826,0.8049999999999995,-0.0007386707452436288,4.628263336817423,1.4589602422714234,0.010114001873880625,0.11291666666666667,0.5,0.7
400,200,9.681832790374756,20.0,0.1280744969844818,24.614899811080768,1.5019028067588807,0.85,0.85,0.9534883720930233,0.0,0.0,0,0.0,3,0.0,0.10852713178294573,0.8914728682170543,126,0,68.53429315682158,0.8249999999999997,-0.004826372663180033,3.228248683611552,1.440355092684428,0.011123697568352024,0.13645833333333332,0.5,0.5
401,200,9.454279661178589,20.0,0.15127263963222504,29.254529346340505,1.5433462917804717,0.95,0.95,0.9916666666666667,0.0,0.0,0,0.0,1,0.03333333333333333,0.11666666666666667,0.85,116,4,67.51539510484608,0.8249999999999997,-0.002071203241745631,2.066129162311554,1.4277825355529785,0.006869821964452664,0.07838541666666667,0.5,0.5
402,200,9.455110788345337,20.0,0.13147956132888794,25.295906766056802,1.5104507744312285,0.85,0.85,0.9568965517241379,0.0,0.0,0,0.0,3,0.02631578947368421,0.17543859649122806,0.7982456140350878,110,3,73.92016131199995,0.8499999999999998,-0.0021607786044478415,4.2757752354939775,1.4194356441497802,0.010199378036583464,0.09692708333333333,0.5,0.5
403,200,9.925025463104248,20.0,0.0626891702413559,11.537837158829305,0.2106645137071606,0.5,0.5,0.940677966101695,0.0,0.0,0,0.0,10,0.01652892561983471,0.21487603305785125,0.768595041322314,116,2,59.876779700512785,0.8049999999999995,-0.0025750852003693582,9.159406754175821,1.3996188163757324,0.010880666393786669,0.11776041666666667,0.5,0.5
404,200,9.817453384399414,20.0,0.10932736098766327,20.865474622351417,0.5512465208768835,0.75,0.75,0.967741935483871,0.0,0.0,0,0.0,5,0.023622047244094488,0.14960629921259844,0.8267716535433071,121,3,74.2715000972157,0.8299999999999996,0.0009976064041256904,5.626245376269023,1.3892823060353596,0.011901021773616472,0.10010416666666666,0.5,0.5
405,200,10.53523850440979,20.0,0.010118220932781696,1.0236422311469058,0.16332572326064101,0.4,0.4,0.7757009345794392,0.0,0.0,0,0.0,12,0.0,0.23232323232323232,0.7676767676767676,97,0,49.39722240566348,0.8049999999999995,0.0020470987508694333,7.648268540700276,1.307564091682434,0.010882464371000726,0.08734375,0.5,0.5
406,200,9.569731950759888,20.0,0.121171735227108,23.234349103106393,1.5022048830986023,0.8,0.8,0.9754098360655737,0.0,0.0,0,0.0,4,0.02459016393442623,0.13934426229508196,0.8360655737704918,118,3,65.84714967413724,0.8149999999999995,0.0036164041981101036,6.762164122263591,1.298760968844096,0.0065286360556880635,0.07369791666666667,0.5,0.5
407,200,9.799041748046875,20.0,0.11323907971382141,21.647821901792653,1.5038595914840698,0.8,0.8,0.9666666666666667,0.0,0.0,0,0.0,4,0.023255813953488372,0.10852713178294573,0.8682170542635659,117,3,73.14488368533017,0.8249999999999997,-0.0021768752485513687,8.310933024088541,1.3390248155593871,0.011781277793149154,0.07671875,0.5,0.5
408,200,9.84143328666687,20.0,0.11086290329694748,21.172580298179707,0.5818839311599566,0.75,0.75,0.9609375,0.0,0.0,0,0.0,5,0.022900763358778626,0.061068702290076333,0.916030534351145,124,3,59.071949072263095,0.7749999999999996,-0.0017842386849224567,9.307551720937093,1.3260694630940755,0.014265497736632824,0.11708333333333333,0.5,0.5
409,200,9.633564710617065,20.0,0.12043510377407074,23.087016435310254,0.24988084733485688,0.8,0.8,0.9752066115702479,0.0,0.0,0,0.0,4,0.0234375,0.078125,0.8984375,118,2,71.92372823613023,0.8349999999999997,-0.0036585600301623344,5.136275323232015,1.3371173000335694,0.010168047500774264,0.09067708333333334,0.5,0.5
410,200,9.690778017044067,20.0,0.10029296576976776,19.058594093593722,0.6306858181953273,0.75,0.75,0.9107142857142857,0.0,0.0,0,0.0,5,0.03418803418803419,0.10256410256410256,0.8632478632478633,103,4,66.38170666248041,0.8449999999999998,-0.002661554627120495,5.243618003527323,1.3605327892303467,0.010796915087848902,0.12963541666666667,0.5,0.5
411,200,9.67180871963501,20.0,0.10511861741542816,20.023723373042664,0.3724182069301563,0.7,0.7,0.9568965517241379,0.0,0.0,0,0.0,6,0.01694915254237288,0.1440677966101695,0.8389830508474576,112,2,68.32956961965608,0.8349999999999997,-0.002509651097158591,9.730037759145102,1.3808205127716064,0.014753370710338155,0.12536458333333333,0.5,0.5
412,200,9.952260255813599,20.0,0.09768608212471008,18.537215662252354,1.5032180607318877,0.7,0.7,0.9180327868852459,0.0,0.0,0,0.0,6,0.01694915254237288,0.2288135593220339,0.7542372881355932,115,2,54.34976187826085,0.7699999999999996,-0.005820958502590656,9.115655234654744,1.3610390361150106,0.011659497587631146,0.10697916666666667,0.5,0.5
413,200,9.740543842315674,20.0,0.1276645064353943,24.532899215166992,1.5024871230125427,0.85,0.85,0.9512195121951219,0.0,0.0,0,0.0,3,0.024793388429752067,0.19008264462809918,0.7851239669421488,117,3,64.51250804930204,0.8099999999999996,-0.0033300681846837204,3.1619393754005434,1.347925705909729,0.012281173740824063,0.1171875,0.5,0.5
414,200,9.569241523742676,20.0,0.1247156634926796,23.943126409997145,1.5028143763542174,0.75,0.75,0.9823008849557522,0.0,0.0,0,0.0,5,0.03418803418803419,0.15384615384615385,0.811965811965812,109,4,69.36621428001817,0.8149999999999995,-0.006884649160007636,4.567240993181865,1.4887905470530192,0.016967869854221742,0.14015625,0.5,0.5
415,200,9.804148197174072,20.0,0.07233843207359314,13.4676878174481,0.6494932979345168,0.6,0.6,0.9224137931034483,0.0,0.0,0,0.0,8,0.02608695652173913,0.23478260869565218,0.7391304347826086,111,3,57.316784431999984,0.7999999999999995,-0.0024229611891011396,7.010352538426717,1.4231747992833454,0.01651627914359172,0.14416666666666667,0.5,0.5
416,200,9.788439273834229,20.0,0.08861210197210312,16.72242000510955,0.6634530246257632,0.7,0.7,0.9285714285714286,0.0,0.0,0,0.0,6,0.026785714285714284,0.20535714285714285,0.7678571428571429,107,3,53.92165818565083,0.7949999999999995,-0.004371962162355582,8.638021901448568,1.4228694740931194,0.01045677600428462,0.115,0.5,0.5
417,200,10.013391971588135,20.0,0.0761861726641655,14.237230405240506,0.39158655405042564,0.65,0.65,0.8909090909090909,0.0,0.0,0,0.0,7,0.019230769230769232,0.22115384615384615,0.7596153846153846,102,2,54.080945953684186,0.8099999999999996,-0.002030235653122266,12.940492598215739,1.4240204318364462,0.01214905770495534,0.12140625,0.5,0.5
418,200,9.704620361328125,20.0,0.11005733162164688,21.011466800910345,1.502470302581787,0.75,0.75,0.9568965517241379,0.0,0.0,0,0.0,5,0.017094017094017096,0.13675213675213677,0.8461538461538461,114,1,59.465666079986086,0.8149999999999995,-0.0025780950114130973,9.077817837397257,1.3977070267995197,0.011246953873584669,0.11890625,0.5,0.5
419,200,9.568415641784668,20.0,0.12911826372146606,24.823655810302714,1.502404648065567,0.85,0.85,0.9763779527559056,0.0,0.0,0,0.0,3,0.022900763358778626,0.0916030534351145,0.8854961832061069,124,3,67.50146444065422,0.8199999999999996,-0.0008414876398940882,7.631928586959839,1.4062036927541097,0.015542113749931256,0.12515625,0.5,0.5
420,200,9.38959002494812,20.0,0.14919933676719666,28.839869680236667,1.5116949200630188,0.95,0.95,0.9811320754716981,0.0,0.0,0,0.0,1,0.01904761904761905,0.06666666666666667,0.9142857142857143,103,2,70.48614198519103,0.8549999999999998,-0.004367790706455707,2.385710214773814,1.4113689422607423,0.014064821551243464,0.15453125,0.5,0.5
421,200,9.551364183425903,20.0,0.12625525891780853,24.251052478433884,0.5966863214969472,0.85,0.85,0.9754098360655737,0.0,0.0,0,0.0,3,0.008,0.072,0.92,121,1,74.5898836843262,0.8399999999999996,-0.0023870684703191122,4.100006851355235,1.4750810352961223,0.02016610499781867,0.15364583333333334,0.5,0.5
422,200,9.897769212722778,20.0,0.11968360096216202,22.936720236584087,1.508467364311218,0.8,0.8,0.953125,0.0,0.0,0,0.0,4,0.015384615384615385,0.16153846153846155,0.823076923076923,124,2,74.67729729574724,0.8349999999999997,-0.002904137037694454,4.899594659805298,1.3749687560399373,0.011774903573095798,0.12276041666666666,0.5,0.5
423,200,9.805429697036743,20.0,0.10115008056163788,19.230020054953407,1.502057772874832,0.75,0.75,0.9504132231404959,0.0,0.0,0,0.0,5,0.024793388429752067,0.1652892561983471,0.8099173553719008,117,3,69.01977174568145,0.8199999999999996,-0.0017783744757374127,6.094001911481222,1.3775577688217162,0.015254222238436341,0.18541666666666667,0.5,0.5
424,200,9.816099643707275,20.0,0.10174234211444855,19.348467146713503,0.5595123142004013,0.75,0.75,0.9159663865546218,0.0,0.0,0,0.0,5,0.02631578947368421,0.15789473684210525,0.8157894736842105,111,3,62.515272542606745,0.8199999999999996,0.0025701678389062482,7.380381512641907,1.36688467502594,0.021348011096318564,0.17723958333333334,0.5,0.5
425,200,9.543138265609741,20.0,0.13650137186050415,26.30027590136767,1.500981718301773,0.85,0.85,0.9669421487603306,0.0,0.0,0,0.0,3,0.04,0.104,0.856,115,4,60.086703642578414,0.7899999999999996,0.0005851994330684344,4.508526929219564,1.317302352587382,0.016923860382909574,0.14291666666666666,0.5,0.5
426,200,9.706851482391357,20.0,0.12263447791337967,23.526892956763692,0.5522257268428633,0.8,0.8,0.9754098360655737,0.0,0.0,0,0.0,4,0.048,0.128,0.824,115,6,64.37818124895404,0.8099999999999996,-0.003150461999078592,7.456043863296509,1.3490334447224934,0.017773839632670086,0.14848958333333334,0.5,0.5
427,200,10.0601167678833,20.0,0.06383205205202103,11.766411601736314,0.5027139455080032,0.6,0.6,0.9274193548387096,0.0,0.0,0,0.0,8,0.031746031746031744,0.20634920634920634,0.7619047619047619,119,4,56.944172815238105,0.7899999999999996,0.004369359947741031,9.701463804244995,1.4078093719482423,0.01286757473523418,0.11963541666666666,0.5,0.5
428,200,9.409630060195923,20.0,0.15845195949077606,30.690391489587398,1.5017886281013488,0.95,0.95,1.0,0.0,0.0,0,0.0,1,0.03787878787878788,0.05303030303030303,0.9090909090909091,125,5,71.48177339227524,0.8149999999999995,-0.00018630018768211207,2.3892366743087767,1.3527742608388265,0.010150118026261529,0.11932291666666667,0.5,0.5
429,200,9.447993993759155,20.0,0.15417063236236572,29.834122928366053,1.5022974014282227,0.95,0.95,1.0,0.0,0.0,0,0.0,1,0.06086956521739131,0.10434782608695652,0.8347826086956521,106,6,66.44307117058403,0.8399999999999996,0.000997141512731711,2.069471515019735,1.4143441772460938,0.014881048630923033,0.11958333333333333,0.5,0.5
430,200,10.020755529403687,20.0,0.07636508345603943,14.27301780728344,1.5021421313285828,0.65,0.65,0.9026548672566371,0.0,0.0,0,0.0,7,0.045454545454545456,0.10909090909090909,0.8454545454545455,103,5,54.9663459294138,0.8099999999999996,-0.004364338889718056,9.733509515126546,1.4104853979746501,0.020923255331193408,0.15354166666666666,0.5,0.5
431,200,10.03402853012085,20.0,0.11188804358243942,21.37761267063383,1.5164229035377503,0.8,0.8,0.9262295081967213,0.0,0.0,0,0.0,4,0.025210084033613446,0.14285714285714285,0.8319327731092437,114,3,65.64594574740539,0.8249999999999997,-0.002962901952366034,5.915976808865865,1.368467976252238,0.012104786850201587,0.12651041666666665,0.5,0.5
432,200,9.589690685272217,20.0,0.1322699934244156,25.45399907391228,1.502596515417099,0.85,0.85,0.959349593495935,0.0,0.0,0,0.0,3,0.03225806451612903,0.13709677419354838,0.8306451612903226,116,4,59.46088443562581,0.7949999999999995,-0.005205415785312652,3.6640921465555825,1.397132698694865,0.01665782094312211,0.16453125,0.5,0.5
433,200,9.740457534790039,20.0,0.12984982132911682,24.969964984835524,1.500865924358368,0.85,0.85,0.9658119658119658,0.0,0.0,0,0.0,3,0.07758620689655173,0.02586206896551724,0.896551724137931,106,9,63.960244013897544,0.8299999999999996,0.0025969190150499344,4.71951434691747,1.4379027732213339,0.010322932923833529,0.12609375,0.5,0.5
434,200,9.514122486114502,20.0,0.12872958183288574,24.745916972094808,1.5088761448860166,0.8,0.8,0.9818181818181818,0.0,0.0,0,0.0,4,0.02608695652173913,0.0782608695652174,0.8956521739130435,108,2,70.02302162252249,0.8349999999999997,-0.0005680776697893937,4.016922472318013,1.4065169763565064,0.011264296295121313,0.10223958333333333,0.5,0.5
435,200,9.495702028274536,20.0,0.1313883364200592,25.277663050243167,0.6037359476089316,0.8,0.8,0.9596774193548387,0.0,0.0,0,0.0,4,0.024,0.136,0.84,119,2,64.13310240015423,0.8049999999999995,-0.0037387703110774357,4.342752617200215,1.3958891868591308,0.009140934810663264,0.10255208333333334,0.5,0.5
436,200,9.510385990142822,20.0,0.1385883092880249,26.717659920988233,1.5031062602996825,0.9,0.9,0.9834710743801653,0.0,0.0,0,0.0,2,0.06451612903225806,0.08064516129032258,0.8548387096774194,113,8,74.70683512609111,0.8449999999999998,-0.00404135317231218,3.8962504959106443,1.3805526955922445,0.012582205592965086,0.09473958333333334,0.5,0.5
437,200,10.018095970153809,20.0,0.07473116368055344,13.946229948441218,0.17082777172327016,0.65,0.65,0.8596491228070176,0.0,0.0,0,0.0,7,0.037037037037037035,0.23148148148148148,0.7314814814814815,102,4,57.418691259222264,0.8149999999999995,0.002771770264953375,6.519132151603698,1.3958000564575195,0.012061632530142863,0.12151041666666666,0.5,0.5
438,200,9.551509141921997,20.0,0.11497514694929123,21.995028030908074,0.587554508447639,0.75,0.75,0.956140350877193,0.0,0.0,0,0.0,5,0.02631578947368421,0.14912280701754385,0.8245614035087719,109,3,77.6204334519252,0.8549999999999998,0.0028524058436354,6.597371687889099,1.3784379577636718,0.015387483006343246,0.15541666666666668,0.5,0.5
439,200,10.265281200408936,20.0,0.07284405082464218,13.568809142488531,0.2799893617629965,0.6,0.6,0.9304347826086956,0.0,0.0,0,0.0,8,0.017094017094017096,0.27350427350427353,0.7094017094017094,110,2,43.99002467463713,0.7299999999999996,0.0026248443685472013,12.51385810216268,1.3724222056070963,0.012308628914567332,0.12911458333333334,0.5,0.5
440,200,11.038156270980835,20.0,-0.012651029042899609,-3.5302048369698884,0.13256032317876762,0.3,0.3,0.768595041322314,0.0,0.0,0,0.0,14,0.05555555555555555,0.2962962962962963,0.6481481481481481,99,6,39.20132499320756,0.7349999999999997,-0.00047868769615888596,13.480039749145508,1.338469646771749,0.013800485199317336,0.14026041666666667,0.5,0.5
441,200,10.42144513130188,20.0,0.02836933359503746,4.673865836830748,0.25852169543504616,0.45,0.45,0.8151260504201681,0.0,0.0,0,0.0,11,0.018018018018018018,0.3063063063063063,0.6756756756756757,109,2,45.005621736296305,0.7299999999999996,0.000582229197025299,10.005106814702351,1.3780672756830852,0.012211576883370677,0.12619791666666666,0.5,0.5
442,200,10.394012928009033,20.0,0.07875499874353409,14.751003612864226,0.5434141397476194,0.65,0.65,0.875968992248062,0.0,0.0,0,0.0,7,0.07142857142857142,0.16666666666666666,0.7619047619047619,111,9,56.63867814785042,0.7799999999999996,0.0005281547084450722,12.777359663645427,1.3383422295252483,0.01255365822929889,0.10994791666666667,0.5,0.5
443,200,9.996439695358276,20.0,0.05864210054278374,10.728421307084144,0.31379301995038567,0.55,0.55,0.8717948717948718,0.0,0.0,0,0.0,9,0.017543859649122806,0.21052631578947367,0.7719298245614035,108,2,55.87949637588339,0.7899999999999996,-0.0006427762471139431,8.47634480158488,1.3981467533111571,0.013622232051566242,0.14557291666666666,0.5,0.5
444,200,9.90202808380127,20.0,0.07421426475048065,13.842855322955113,0.37634056806564103,0.6,0.6,0.923728813559322,0.0,0.0,0,0.0,8,0.04132231404958678,0.12396694214876033,0.8347107438016529,111,5,52.36104657310336,0.7749999999999996,0.0018099102874596913,12.49651549021403,1.3146515623728434,0.011179030335818728,0.10203125,0.5,0.5
445,200,9.626734495162964,20.0,0.12003462016582489,23.00692572848632,1.503445315361023,0.8,0.8,0.9754098360655737,0.0,0.0,0,0.0,4,0.0546875,0.125,0.8203125,115,7,67.38664970909578,0.8149999999999995,0.00042971376329660417,6.71727455774943,1.3455286105473836,0.010090079906707008,0.07109375,0.5,0.5
446,200,9.692654848098755,20.0,0.1235056146979332,23.701121973357417,1.5008537292480468,0.85,0.85,0.956140350877193,0.0,0.0,0,0.0,3,0.034782608695652174,0.1391304347826087,0.8260869565217391,107,4,70.89089794339353,0.8449999999999998,0.0012367861221234003,6.284296394983928,1.392505939801534,0.006504792873747647,0.10421875,0.5,0.5
447,200,10.118160247802734,20.0,0.0784265547990799,14.685310388877282,0.25293930917977836,0.6,0.6,0.9090909090909091,0.0,0.0,0,0.0,8,0.0423728813559322,0.11864406779661017,0.8389830508474576,112,5,47.224387724606814,0.7649999999999996,-0.0027655003095666568,11.391037559509277,1.437633449236552,0.012024295493029058,0.14677083333333332,0.5,0.5
448,200,9.739630699157715,20.0,0.1482272446155548,28.645451492816278,1.5085008621215819,0.9,0.9,0.992,0.0,0.0,0,0.0,2,0.016129032258064516,0.07258064516129033,0.9112903225806451,122,2,62.44765314473994,0.8099999999999996,-0.006545646948119005,3.143336841662725,1.426788543065389,0.014341452807808916,0.12536458333333333,0.5,0.5
449,200,9.480202198028564,20.0,0.12622807919979095,24.245616652686465,1.0387608587741768,0.8,0.8,0.9826086956521739,0.0,0.0,0,0.0,4,0.03418803418803419,0.1111111111111111,0.8547008547008547,110,4,70.00991226169751,0.8449999999999998,-0.0017023172664145628,5.035914460817973,1.3782684421539306,0.010671213247502843,0.10057291666666666,0.5,0.5
450,200,9.853208541870117,20.0,0.10166580229997635,19.33316105512762,1.501798778772354,0.75,0.75,0.9444444444444444,0.0,0.0,0,0.0,5,0.031746031746031744,0.18253968253968253,0.7857142857142857,120,4,68.2503323245714,0.8249999999999997,-0.0031461343603829545,4.849185384114583,1.3897776254018148,0.00943805815341572,0.09984375,0.5,0.5
451,200,9.723012447357178,20.0,0.11536343395709991,22.072685664064032,0.17053238674998147,0.8,0.8,0.9572649572649573,0.0,0.0,0,0.0,4,0.05084745762711865,0.09322033898305085,0.8559322033898306,110,5,61.69775807884412,0.8149999999999995,-0.002251903899013996,7.796480053265889,1.409798493385315,0.007008208024005095,0.1121875,0.5,0.5
452,200,9.685779571533203,20.0,0.11222049593925476,21.44410206869385,0.1378707431256768,0.8,0.8,0.9658119658119658,0.0,0.0,0,0.0,4,0.025210084033613446,0.08403361344537816,0.8907563025210085,114,3,77.99818801335019,0.8599999999999998,-0.003803405575454235,9.549525480270386,1.4350776974360149,0.010366561474899451,0.09114583333333333,0.5,0.5
453,200,9.549411535263062,20.0,0.1189441978931427,22.78883871962522,1.503992462158203,0.8,0.8,0.9586776859504132,0.0,0.0,0,0.0,4,0.058333333333333334,0.15833333333333333,0.7833333333333333,112,7,69.94116660705878,0.8299999999999996,0.0004762128492196401,5.3546687682469685,1.3450039800008138,0.00954354125385483,0.09197916666666667,0.5,0.5
454,200,9.774298906326294,20.0,0.11404867470264435,21.809734372876566,1.0292342007160102,0.8,0.8,0.96,0.0,0.0,0,0.0,4,0.031496062992125984,0.13385826771653545,0.8346456692913385,119,4,72.78070179773401,0.8199999999999996,-0.0006512067963679632,6.284538380304972,1.4198723363876342,0.009147915119926135,0.11177083333333333,0.5,0.5
455,200,9.627840518951416,20.0,0.12125648558139801,23.251298218275764,0.24705597683787295,0.8,0.8,0.96,0.0,0.0,0,0.0,4,0.04918032786885246,0.09016393442622951,0.860655737704918,116,6,73.31728524962706,0.8299999999999996,-0.00360349478200078,4.440895975430807,1.3736879555384318,0.005132262812306484,0.069375,0.5,0.5
456,200,9.684578895568848,20.0,0.1279112547636032,24.582248840078435,1.503085207939148,0.85,0.85,0.9765625,0.0,0.0,0,0.0,3,0.015503875968992248,0.10077519379844961,0.8837209302325582,126,2,69.77333966689929,0.8149999999999995,-0.005406932346522808,6.569244952201843,1.3846165370941161,0.010367196854203939,0.11713541666666667,0.5,0.5
457,200,9.682236433029175,20.0,0.1272982507944107,24.45965412032044,0.5691651284694504,0.8,0.8,0.972972972972973,0.0,0.0,0,0.0,4,0.03571428571428571,0.13392857142857142,0.8303571428571429,106,4,70.0462030909253,0.8549999999999998,-0.003674549646675587,4.218713541030883,1.4575517209370932,0.00575587316416204,0.06536458333333334,0.5,0.5
458,200,10.172817945480347,20.0,0.0719449445605278,13.38898790558935,0.49505555629730214,0.6,0.6,0.8770491803278688,0.0,0.0,0,0.0,8,0.03418803418803419,0.23931623931623933,0.7264957264957265,109,4,53.971584042030905,0.7949999999999995,-0.008453233713905016,10.936856651306153,1.362336096763611,0.008372427014013131,0.08963541666666666,0.5,0.5
459,200,9.705682277679443,20.0,0.11454790830612183,21.909580650163033,1.5020716965198517,0.8,0.8,0.96,0.0,0.0,0,0.0,4,0.016129032258064516,0.14516129032258066,0.8387096774193549,121,2,69.38130161837192,0.8249999999999997,-3.91211174428463e-05,7.106377952893575,1.4607489315668742,0.0092497168139865,0.08505208333333333,0.5,0.5
460,200,9.479478359222412,20.0,0.15458336472511292,29.916668863925963,1.5128150224685668,0.95,0.95,0.9847328244274809,0.0,0.0,0,0.0,1,0.022727272727272728,0.15151515151515152,0.8257575757575758,127,3,68.93205185887682,0.8199999999999996,-0.0033687977492809296,4.158483851750692,1.3414177370071412,0.006338144661858678,0.07140625,0.5,0.5
461,200,9.512819766998291,20.0,0.12413450330495834,23.82690094912853,0.554074716567976,0.75,0.75,0.984375,0.0,0.0,0,0.0,5,0.029411764705882353,0.08088235294117647,0.8897058823529411,124,4,73.12964223249895,0.8299999999999996,-0.005275559077660243,3.5216511050860086,1.3374095567067463,0.008349465327337385,0.08895833333333333,0.5,0.5
462,200,9.72584581375122,20.0,0.11052408069372177,21.10481719550752,0.555470487475395,0.75,0.75,0.9666666666666667,0.0,0.0,0,0.0,5,0.024,0.144,0.832,117,3,66.5742464290088,0.8199999999999996,0.0011334272474050522,6.251315914789836,1.3756647046407064,0.01011897336691618,0.08260416666666667,0.5,0.5
463,200,10.14424443244934,20.0,0.10063352435827255,19.126706478130735,0.1507422320544715,0.75,0.75,0.9508196721311475,0.0,0.0,0,0.0,5,0.03333333333333333,0.14166666666666666,0.825,115,4,67.74906656533213,0.8049999999999995,-0.0028446464613080024,12.314088525772094,1.3679553079605102,0.011669328588371476,0.11489583333333334,0.5,0.5
464,200,9.632427453994751,20.0,0.10788607597351074,20.577213682279602,0.5030358612537383,0.75,0.75,0.9642857142857143,0.0,0.0,0,0.0,5,0.05309734513274336,0.1504424778761062,0.7964601769911505,106,6,64.75229961488019,0.8349999999999997,-0.00027269316216309866,9.093147157033284,1.344592121442159,0.009045163126041492,0.08583333333333333,0.5,0.5
465,200,9.770157814025879,20.0,0.11579594016075134,22.159188757246845,1.5027179718017578,0.8,0.8,0.9516129032258065,0.0,0.0,0,0.0,4,0.047619047619047616,0.11904761904761904,0.8333333333333334,116,6,71.5307344179894,0.8199999999999996,-0.00373495747645696,7.606498390833536,1.3728425391515096,0.007685439633205533,0.11166666666666666,0.5,0.5
466,200,9.885982990264893,20.0,0.11205026507377625,21.410052669080965,0.17830916419625184,0.8,0.8,0.9491525423728814,0.0,0.0,0,0.0,4,0.10084033613445378,0.14285714285714285,0.7563025210084033,103,12,67.96399356153455,0.8349999999999997,-0.002020603157579899,7.30008900642395,1.29501762231191,0.008739777222896615,0.07677083333333333,0.5,0.5
467,200,9.89150357246399,20.0,0.0869976356625557,16.39952418083051,1.5048706889152526,0.7,0.7,0.923728813559322,0.0,0.0,0,0.0,6,0.008547008547008548,0.23076923076923078,0.7606837606837606,113,1,51.74615083076096,0.7749999999999996,-0.00404809804012378,13.433440488179524,1.312789511680603,0.009424716314921776,0.10432291666666667,0.5,0.5
468,200,9.610684156417847,20.0,0.11553213000297546,22.10642650382433,0.3435698643326709,0.8,0.8,0.9576271186440678,0.0,0.0,0,0.0,4,0.00847457627118644,0.1864406779661017,0.8050847457627118,115,1,59.72875428554191,0.8099999999999996,0.0030419090886910755,9.816615791320801,1.385406174659729,0.011330276833226283,0.08557291666666667,0.5,0.5
469,200,9.850273847579956,20.0,0.07656170427799225,14.31234128806024,0.5462291598320007,0.65,0.65,0.8925619834710744,0.0,0.0,0,0.0,7,0.01652892561983471,0.19834710743801653,0.7851239669421488,113,2,57.13062502091247,0.8099999999999996,-0.0006210286170244217,11.085434977213541,1.393412127494812,0.0072401814504216115,0.05385416666666667,0.5,0.5
470,200,9.945903778076172,20.0,0.10095881670713425,19.191758443526755,0.5044703811407082,0.75,0.75,0.9482758620689655,0.0,0.0,0,0.0,5,0.02608695652173913,0.1565217391304348,0.8173913043478261,111,3,66.6641821680959,0.8199999999999996,-0.006362245678901673,6.152848361333211,1.3748557376861572,0.011355277063945929,0.11322916666666667,0.5,0.5
471,200,10.48861813545227,20.0,0.038500066846609116,6.700011984472361,0.19390762448310828,0.5,0.5,0.8608695652173913,0.0,0.0,0,0.0,10,0.018691588785046728,0.2336448598130841,0.7476635514018691,105,2,44.8243806081769,0.7649999999999996,-0.0009066101349890232,15.953487453460694,1.3168418582280477,0.008699072500069936,0.09927083333333334,0.5,0.5
472,200,9.312480449676514,20.0,0.14180465042591095,27.36092399973771,1.5032838284969328,0.9,0.9,0.9841269841269841,0.0,0.0,0,0.0,2,0.007575757575757576,0.1590909090909091,0.8333333333333334,125,1,72.94098019304764,0.8299999999999996,-0.003293039662142595,6.195757997830709,1.3091193119684854,0.01076737484894693,0.09479166666666666,0.5,0.5
473,200,9.680314779281616,20.0,0.1257314831018448,24.14629705027285,0.29480354785918705,0.85,0.85,0.9606299212598425,0.0,0.0,0,0.0,3,0.007874015748031496,0.07086614173228346,0.9212598425196851,124,1,81.00740992691,0.8449999999999998,-0.006529464535415173,5.789104703267415,1.325179402033488,0.00797446140088141,0.07125,0.5,0.5
474,200,9.477349758148193,20.0,0.14519348740577698,28.038694875339658,1.5034607470035553,0.9,0.9,0.975609756097561,0.0,0.0,0,0.0,2,0.008064516129032258,0.0967741935483871,0.8951612903225806,120,1,76.45677726748872,0.8449999999999998,-0.0006298470372955005,2.6563099352518718,1.3420160706837971,0.006216610775639613,0.09244791666666667,0.5,0.5
475,200,9.743608236312866,20.0,0.1532384604215622,29.647690967522117,1.57404391169548,0.95,0.95,0.9921259842519685,0.0,0.0,0,0.0,1,0.015151515151515152,0.05303030303030303,0.9318181818181818,125,2,75.90470873759392,0.8299999999999996,-0.0036209142704804738,4.349457460244497,1.3190329440434774,0.006159952611972888,0.08479166666666667,0.5,0.5
476,200,9.5645432472229,20.0,0.1117163598537445,21.34327372553131,1.506683629751205,0.8,0.8,0.9626168224299065,0.0,0.0,0,0.0,4,0.009174311926605505,0.08256880733944955,0.908256880733945,106,1,67.57021241461536,0.8499999999999998,-0.0006370073929429054,6.793227133750915,1.4336851024627686,0.007738943668082357,0.07557291666666667,0.5,0.5
477,200,9.877551078796387,20.0,0.07736609876155853,14.47321872656125,0.4734514385461798,0.65,0.65,0.9130434782608695,0.0,0.0,0,0.0,7,0.017699115044247787,0.07964601769911504,0.9026548672566371,110,2,63.90840413863842,0.8249999999999997,-0.0071547835568586985,9.621681184768677,1.3363177553812662,0.014772626760726174,0.1128125,0.5,0.5
478,200,9.629846334457397,20.0,0.11945801973342896,22.89159792998151,0.6556219041347352,0.8,0.8,0.9459459459459459,0.0,0.0,0,0.0,4,0.00909090909090909,0.11818181818181818,0.8727272727272727,109,0,73.82961504563534,0.8549999999999998,-0.0073866124202807745,4.204245160420736,1.422595076560974,0.014754861323162914,0.12817708333333333,0.5,0.5
479,200,9.600174903869629,20.0,0.1302587240934372,25.051743988391422,1.5266297221183776,0.8,0.8,0.983739837398374,0.0,0.0,0,0.0,4,0.024193548387096774,0.16129032258064516,0.8145161290322581,119,3,57.30051303637961,0.7849999999999996,-0.0020362927888830503,8.125610723495484,1.2931835524241129,0.010507965243111055,0.11229166666666666,0.5,0.5
480,200,9.855007886886597,20.0,0.07010133564472198,13.020267173856164,0.5008863717317581,0.6,0.6,0.9145299145299145,0.0,0.0,0,0.0,8,0.0,0.23809523809523808,0.7619047619047619,115,0,53.386563078095215,0.7899999999999996,-0.0026778348286946615,11.227615413665772,1.4051769844690958,0.008851874343430002,0.10848958333333333,0.5,0.5
481,200,10.35725450515747,20.0,0.03474351391196251,5.94870515755236,0.13284565508365595,0.5,0.5,0.8303571428571429,0.0,0.0,0,0.0,10,0.009345794392523364,0.2523364485981308,0.7383177570093458,103,1,42.65394700936171,0.7649999999999996,0.0010858553275465966,11.359890753428141,1.379548897743225,0.013942406149581074,0.145,0.5,0.5
482,200,9.682503461837769,20.0,0.11455056071281433,21.910110334682546,0.35140173435209116,0.8,0.8,0.95,0.0,0.0,0,0.0,4,0.0,0.11666666666666667,0.8833333333333333,118,0,60.368376144491165,0.8149999999999995,-0.003641819308201472,7.484108557701111,1.364763380686442,0.007606689666087429,0.091875,0.5,0.5
483,200,9.439750909805298,20.0,0.1372750848531723,26.45501095293638,1.4948839783668517,0.9,0.9,0.9747899159663865,0.0,0.0,0,0.0,2,0.0,0.09836065573770492,0.9016393442622951,118,0,78.91473251071814,0.8499999999999998,-0.006258175987750292,5.17725840250651,1.3986049191157024,0.016205736106882494,0.1128125,0.5,0.5
484,200,9.738269090652466,20.0,0.12563201785087585,24.1264068128572,0.5485046178102331,0.85,0.85,0.9590163934426229,0.0,0.0,0,0.0,3,0.008130081300813009,0.10569105691056911,0.8861788617886179,119,1,69.05215233323294,0.8299999999999996,-0.002616596358517806,7.999706255594889,1.3479423570632934,0.01129084672468404,0.10322916666666666,0.5,0.5
485,200,10.058342933654785,20.0,0.09686917066574097,18.373829063638524,1.5035096764564513,0.7,0.7,0.9354838709677419,0.0,0.0,0,0.0,6,0.03278688524590164,0.11475409836065574,0.8524590163934426,117,4,68.9732200667992,0.8349999999999997,-0.00223794911056757,6.694140062332154,1.3885750071207683,0.01686494203284383,0.09526041666666667,0.5,0.5
486,200,9.326673746109009,20.0,0.15927080810070038,30.854162235144646,1.5173186242580403,0.95,0.95,1.0,0.0,0.0,0,0.0,1,0.008064516129032258,0.08064516129032258,0.9112903225806451,119,1,72.40314073834148,0.8249999999999997,-0.004752824765940507,2.18908748626709,1.392920355796814,0.009414900426442425,0.09088541666666666,0.5,0.5
487,200,9.491008043289185,20.0,0.12899364531040192,24.798726292940728,0.576995354890822,0.8,0.8,0.9743589743589743,0.0,0.0,0,0.0,4,0.0,0.11965811965811966,0.8803418803418803,116,0,61.593538914565634,0.8099999999999996,0.0009828453386823337,3.494854355653127,1.4221853256225585,0.01864279090426862,0.11734375,0.5,0.5
488,200,9.917565107345581,20.0,0.09054605662822723,17.109209646364533,0.2870331689715343,0.6,0.6,0.9444444444444444,0.0,0.0,0,0.0,8,0.007518796992481203,0.09774436090225563,0.8947368421052632,123,1,53.70434279882795,0.7649999999999996,-0.0029519754834473133,6.347850691477458,1.3446864827473959,0.016702041995401182,0.11953125,0.5,0.5
489,200,9.597655534744263,20.0,0.12143249809741974,23.286497819936525,1.5050266802310943,0.75,0.75,0.9583333333333334,0.0,0.0,0,0.0,5,0.0,0.17094017094017094,0.8290598290598291,116,0,52.52150636854434,0.7849999999999996,-0.0019385829754173757,4.617258795102438,1.3921918710072836,0.01594284636589388,0.14317708333333334,0.5,0.5
490,200,9.642756700515747,20.0,0.11187629401683807,21.375259082027046,0.5088153719902025,0.8,0.8,0.95,0.0,0.0,0,0.0,4,0.017094017094017096,0.09401709401709402,0.8888888888888888,115,2,75.10731687259324,0.8449999999999998,-0.001996594245235125,5.461429217656454,1.3361966721216838,0.009459282640988628,0.10125,0.5,0.5
491,200,9.69828486442566,20.0,0.10978030413389206,20.956063103413396,1.502480387687683,0.75,0.75,0.968503937007874,0.0,0.0,0,0.0,5,0.022556390977443608,0.07518796992481203,0.9022556390977443,124,3,65.4085201392892,0.8049999999999995,-0.003664708063006401,6.904251327514649,1.306258667310079,0.011398212040464083,0.10421875,0.5,0.5
492,200,9.83035135269165,20.0,0.09644276648759842,18.28855053098117,0.2286162495613094,0.7,0.7,0.9482758620689655,0.0,0.0,0,0.0,6,0.008620689655172414,0.09482758620689655,0.896551724137931,113,1,67.19944653796591,0.8349999999999997,-0.003158018800119559,7.653432297706604,1.380635199546814,0.012312281060342987,0.11473958333333334,0.5,0.5
493,200,9.74550485610962,20.0,0.14019152522087097,27.038306547396996,1.5034138083457944,0.9,0.9,0.983739837398374,0.0,0.0,0,0.0,2,0.007936507936507936,0.14285714285714285,0.8492063492063492,122,1,67.20795749733078,0.8049999999999995,0.0033220577550431094,4.418506686687469,1.3279321400324504,0.012525796017919977,0.09411458333333333,0.5,0.5
494,200,9.523835182189941,20.0,0.1388682872056961,26.773660020719188,1.5027321338653563,0.9,0.9,0.9747899159663865,0.0,0.0,0,0.0,2,0.008064516129032258,0.12096774193548387,0.8709677419354839,117,1,72.4159484492256,0.8299999999999996,-0.001953140255063772,3.9747803656260174,1.3385002660751342,0.011797603499144316,0.10145833333333333,0.5,0.5
495,200,9.471426248550415,20.0,0.13838887214660645,26.67778230733447,1.502317076921463,0.9,0.9,0.9586776859504132,0.0,0.0,0,0.0,2,0.0,0.08264462809917356,0.9173553719008265,117,0,64.0514829958712,0.8199999999999996,-0.0006680205216010412,5.996615467071533,1.308877511024475,0.01147580312564969,0.09390625,0.5,0.5
496,200,9.518024444580078,20.0,0.1378614455461502,26.57228374912779,1.503021138906479,0.9,0.9,0.9824561403508771,0.0,0.0,0,0.0,2,0.00847457627118644,0.13559322033898305,0.8559322033898306,113,1,65.62594381764025,0.8249999999999997,-0.001459876981874307,3.7913796710968017,1.316456429163615,0.006614907787491878,0.07958333333333334,0.5,0.5
497,200,9.908953189849854,20.0,0.10019475966691971,19.03895047146782,0.20369218662381144,0.75,0.75,0.9158878504672897,0.0,0.0,0,0.0,5,0.019230769230769232,0.14423076923076922,0.8365384615384616,100,2,65.34011991137449,0.8449999999999998,-4.1118537386258446e-05,6.464199465115865,1.3030989901224772,0.008765106250842413,0.07354166666666667,0.5,0.5
498,200,9.813916444778442,20.0,0.0981001928448677,18.620038832423177,0.5535086631774733,0.7,0.7,0.95,0.0,0.0,0,0.0,6,0.0,0.14166666666666666,0.8583333333333333,119,0,68.95140280102262,0.8249999999999997,-0.000513480802377065,8.845166486104329,1.2642928902308146,0.007589009590446949,0.08239583333333333,0.5,0.5
499,200,10.741869688034058,20.0,0.036945194005966187,6.389038535696406,0.2925035431981066,0.45,0.45,0.8515625,0.0,0.0,0,0.0,11,0.0,0.2644628099173554,0.7355371900826446,119,0,43.06769226932219,0.7349999999999997,-0.0022112506255507467,12.578522605895996,1.2400390831629435,0.008744240623588364,0.07567708333333334,0.5,0.5
500,200,10.029469728469849,20.0,0.06566429138183594,12.132855561403309,0.29087335020303606,0.55,0.55,0.868421052631579,0.0,0.0,0,0.0,9,0.018518518518518517,0.1574074074074074,0.8240740740740741,104,2,57.92507962205887,0.8049999999999995,-0.004121282063424587,11.074357325236003,1.296272939046224,0.006568370101352533,0.0621875,0.5,0.5
