[ConfigEffective] USE_SIMPLIFIED_CRITIC=False COMMWAIT_DIRECT_TO_CRITIC=True USE_LOGIT_BIAS=True USE_FIXED_POWER=False CTDE_GLOBAL_DIM=30 GLOBAL_STATE_SOURCE=train_ctde_override
[ScaleCheck] UNIFIED cap: step<=~0.345 ep<=~69.0 term=24.0 ep/term=2.88 (Td_min=0.40s, DT=0.10s, i_cap=3, e_cap=1.5)
[ConfigDump] saved: /root/vecOffloadingSim/runs/e2_schemeA_balanced/config_dump.json
[ConfigSnapshot] saved: /root/vecOffloadingSim/runs/e2_schemeA_balanced/logs/config_snapshot.json
[RunMeta] saved: /root/vecOffloadingSim/runs/e2_schemeA_balanced/run_meta.json

======================================================================================================================
[Train] MAPPO VEC training started
======================================================================================================================
[Run] id=e2_schemeA_balanced seed=42 device=cuda reward=UNIFIED candidate=ALL (all_feasible=True)
[Train] episodes=1000 steps/ep=200 eval_interval=1 save_interval=100 baseline_eval=off
[Scenario] vehicles=20 rsu=3 map=2000.0m lanes=2 v2v_range=250.0m rsu_range=320.0m
[Physics] BW_V2I=10.00MHz BW_V2V=20.00MHz RB=10 Ptx=[0.0200,0.1995]W (13.0,23.0 dBm) DT=0.100s
[ScaleCheck] UNIFIED nominal: E_loc=9J E_tx=0.00750952J r_time=-0.0035 r_energy=-0.0115039 r_interf=-0.03 r_risk=-0.00164317 (B_RB=2e+06Hz, SNR=20dB, dt=0.1, Td=10, rho=0.7)
[Compute] f_local=[0.50,2.00]GHz f_rsu=10.00GHz
[PPO] lr=2.00e-04 gamma=0.995 gae=0.950 clip=0.250 ent=0.012 batch=256 epochs=5 d_model=128 layers=2
[Logging] step_metrics=off step_logs=off tb_obs=on
[Paths] run=/root/vecOffloadingSim/runs/e2_schemeA_balanced
[Paths] logs=/root/vecOffloadingSim/runs/e2_schemeA_balanced/logs  models=/root/vecOffloadingSim/runs/e2_schemeA_balanced/models  plots=/root/vecOffloadingSim/runs/e2_schemeA_balanced/plots
======================================================================================================================


    Ep    Wall    R/step     T_SR     V_SR     S_SR            L/R/V   Lat(s)       En     Miss      Ill      Ent       KL     Clip
--------------------------------------------------------------------------------------------------------------------------------
     1    17.4s   -0.0009    15.0%    15.0%    59.2%      36%/38%/26%    1.500    0.002    85.0%     0.0%   1.9734   0.0160    13.3%
  [MA20] reward=-0.0009 task_sr=15.0% miss=85.0% time_limit=100.0% v2v=26.4%
  [PPO ] p_loss=-0.0768 v_loss=1.3042 entropy=1.9734 grad=2.3074 active=4.0%
  [SIM ] avg_power(a)=0.4999 rsu_q=0.015 tx=102 no_tx=57 deadlock=0 svc=2.410GHz idle=0.0%
  → Best model saved: Success Rate = 0.150 (50-ep avg)
     2    15.8s   -0.0013     5.0%     5.0%    75.0%      44%/33%/23%    2.500    0.001    95.0%     0.0%   1.8883   0.0083    10.7%
     3    16.5s   -0.0011    10.0%    10.0%    71.7%      43%/31%/27%    2.700 9.12e-04    90.0%     0.0%   1.8757   0.0710    12.7%
     4     7.0s   -0.0004    15.0%    15.0%    70.2%      37%/37%/26%    1.800    0.006    85.0%     0.0%   1.7223   0.0118    13.3%
     5     2.8s    0.0023    30.0%    30.0%    81.2%      46%/37%/17%    2.271    0.005    70.0%     0.0%   1.6675   0.0010    11.1%
     6     3.3s    0.0006    25.0%    25.0%    82.7%      46%/38%/16%    2.400    0.012    75.0%     0.0%   1.6809   0.0263     7.8%
     7    15.0s   -0.0009    30.0%    30.0%    79.2%      44%/37%/20%    2.900    0.005    70.0%     0.0%   1.7727   0.0117    14.2%
     8     7.2s   -0.0006    15.0%    15.0%    69.8%      55%/30%/15%    1.933    0.004    85.0%     0.0%   1.7249   0.0089     8.4%
     9    16.5s   -0.0008    15.0%    15.0%    65.1%      46%/34%/20%    1.800    0.002    85.0%     0.0%   1.7233   0.0502     4.2%
    10    15.6s   -0.0007    15.0%    15.0%    75.5%      43%/35%/23%    1.700    0.002    85.0%     0.0%   1.6428   0.0231     4.4%
  [MA20] reward=-0.0004 task_sr=17.5% miss=82.5% time_limit=60.0% v2v=21.3%
  [PPO ] p_loss=-0.2208 v_loss=2.7113 entropy=1.6428 grad=3.1834 active=4.7%
  [SIM ] avg_power(a)=0.4992 rsu_q=0.025 tx=106 no_tx=80 deadlock=0 svc=3.128GHz idle=0.0%
    11     6.3s   -0.0007    25.0%    25.0%    82.0%      41%/36%/23%    2.450    0.006    75.0%     0.0%   1.6831   0.0260    10.3%
    12     4.7s    0.0019    35.0%    35.0%    76.6%      48%/34%/18%    2.288    0.007    65.0%     0.0%   1.6446   0.0173    10.9%
    13     3.6s    0.0011    25.0%    25.0%    82.7%      44%/40%/16%    2.600    0.021    75.0%     0.0%   1.5478   0.0185    18.5%
    14    14.9s   -0.0010    20.0%    20.0%    76.6%      60%/29%/12%    2.400 8.60e-04    80.0%     0.0%   1.5203   0.0140    13.8%
    15     3.8s    0.0002    15.0%    15.0%    75.0%      63%/25%/12%    2.200    0.017    85.0%     0.0%   1.3609   0.0020    11.6%
    16     3.9s   -0.0003    10.0%    10.0%    62.9%       74%/18%/8%    1.600    0.001    90.0%     0.0%   1.4034   0.0196    10.5%
    17     3.9s    0.0027    35.0%    35.0%    79.5%      64%/25%/11%    2.070    0.004    65.0%     0.0%   1.3825   0.0010    11.2%
    18     3.8s    0.0036    65.0%    65.0%    89.9%       65%/27%/7%    2.469    0.004    35.0%     0.0%   1.3313   0.0013    10.4%
    19     3.7s    0.0028    35.0%    35.0%    78.9%      63%/27%/10%    2.300    0.005    65.0%     0.0%   1.4515   0.0134     8.2%
    20     8.4s   -0.0005    30.0%    30.0%    84.7%       59%/32%/9%    2.371    0.001    70.0%     0.0%   1.3912   0.0802     4.3%
  [MA20] reward=0.0003 task_sr=23.5% miss=76.5% time_limit=35.0% v2v=16.9%
  [PPO ] p_loss=-0.1418 v_loss=1.8004 entropy=1.3912 grad=2.3412 active=9.2%
  [SIM ] avg_power(a)=0.4981 rsu_q=0.043 tx=86 no_tx=126 deadlock=0 svc=6.052GHz idle=0.9%
  → Best model saved: Success Rate = 0.235 (50-ep avg)

    Ep    Wall    R/step     T_SR     V_SR     S_SR            L/R/V   Lat(s)       En     Miss      Ill      Ent       KL     Clip
--------------------------------------------------------------------------------------------------------------------------------
    21    14.8s   -0.0007    25.0%    25.0%    76.1%      57%/29%/14%    2.060    0.001    75.0%     0.0%   1.4452   0.0088    11.1%
    22    11.8s   -0.0010    10.0%    10.0%    66.5%      64%/22%/14%    2.167    0.002    90.0%     0.0%   1.3720   0.0167     7.7%
    23     3.1s    0.0032    30.0%    30.0%    80.9%       69%/22%/9%    2.043    0.002    70.0%     0.0%   1.3145   0.0028     7.9%
    24     3.8s   -0.0001    10.0%    10.0%    74.4%       68%/26%/6%    2.100    0.002    90.0%     0.0%   1.5070   0.0109    13.7%
    25     5.8s    0.0007    30.0%    30.0%    83.4%      58%/27%/15%    2.525    0.003    70.0%     0.0%   1.5416   0.0110    10.8%
    26     5.2s    0.0011    25.0%    25.0%    83.3%      55%/34%/11%    2.100    0.003    75.0%     0.0%   1.4972  -0.0033     9.5%
    27     4.2s    0.0003    15.0%    15.0%    67.6%      56%/29%/15%    1.767    0.006    85.0%     0.0%   1.5820   0.0150     7.7%
    28     3.3s   -0.0005    10.0%    10.0%    76.2%      49%/38%/13%    2.225    0.020    90.0%     0.0%   1.5922  -0.0005     7.8%
    29     4.3s    0.0026    30.0%    30.0%    81.2%      50%/34%/16%    1.967    0.002    70.0%     0.0%   1.6190   0.0120    18.7%
    30    15.0s   -0.0005    40.0%    40.0%    85.4%      54%/37%/10%    2.333    0.002    60.0%     0.0%   1.5145   0.0187     7.7%
  [MA20] reward=0.0007 task_sr=26.0% miss=74.0% time_limit=10.0% v2v=12.4%
  [PPO ] p_loss=-0.0753 v_loss=3.0927 entropy=1.5145 grad=2.8322 active=5.5%
  [SIM ] avg_power(a)=0.5048 rsu_q=0.050 tx=102 no_tx=119 deadlock=0 svc=3.658GHz idle=0.0%
    31     4.0s    0.0013    25.0%    25.0%    80.1%      53%/36%/11%    2.467    0.005    75.0%     0.0%   1.5550   0.0172     6.7%
    32     4.2s    0.0010    25.0%    25.0%    73.8%      54%/30%/17%    2.380    0.004    75.0%     0.0%   1.7238   0.0132     7.8%
    33    10.7s   -0.0002    20.0%    20.0%    67.8%      54%/24%/23%    1.925    0.003    80.0%     0.0%   1.7564   0.0202     6.0%
    34     3.4s    0.0019    35.0%    35.0%    72.1%      66%/17%/17%    2.300    0.005    65.0%     0.0%   1.5825   0.0075     9.1%
    35     6.1s   -0.0005    15.0%    15.0%    68.0%      64%/22%/14%    2.067    0.002    85.0%     0.0%   1.4113   0.0109     8.9%
    36     3.9s    0.0019    25.0%    25.0%    75.9%      67%/19%/14%    2.220    0.002    75.0%     0.0%   1.3748   0.0018     8.5%
    37     3.7s    0.0013    35.0%    35.0%    78.0%      73%/16%/11%    2.500    0.004    65.0%     0.0%   1.3907   0.0141     8.5%
    38     3.5s    0.0024    40.0%    40.0%    82.1%      63%/24%/13%    2.250    0.004    60.0%     0.0%   1.5532   0.0314     8.1%
    39     6.5s    0.0002    25.0%    25.0%    78.5%      50%/32%/18%    2.060    0.003    75.0%     0.0%   1.6407  -0.0034     8.3%
    40     3.6s    0.0007    15.0%    15.0%    75.2%      52%/32%/16%    2.200    0.017    85.0%     0.0%   1.6471   0.0036     4.7%
  [MA20] reward=0.0007 task_sr=24.3% miss=75.8% time_limit=5.0% v2v=13.8%
  [PPO ] p_loss=-0.0060 v_loss=2.1609 entropy=1.6471 grad=2.0267 active=22.8%
  [SIM ] avg_power(a)=0.5147 rsu_q=0.156 tx=97 no_tx=107 deadlock=0 svc=14.793GHz idle=2.2%

    Ep    Wall    R/step     T_SR     V_SR     S_SR            L/R/V   Lat(s)       En     Miss      Ill      Ent       KL     Clip
--------------------------------------------------------------------------------------------------------------------------------
    41     3.9s    0.0005    25.0%    25.0%    77.4%      46%/34%/20%    2.220    0.008    75.0%     0.0%   1.7771  -0.0078     5.5%
    42    16.7s   -0.0011    10.0%    10.0%    70.9%      47%/35%/18%    2.025    0.002    90.0%     0.0%   1.8296  -0.0021     7.9%
    43     4.1s   -0.0008     5.0%     5.0%    71.3%      58%/25%/16%    1.800    0.007    95.0%     0.0%   1.7240   0.0013     7.2%
    44     8.7s   -0.0014     0.0%     0.0%    53.9%      43%/21%/35%    0.000    0.003   100.0%     0.0%   1.8567  -0.0125    13.3%
    45    15.1s   -0.0015     0.0%     0.0%    58.3%      40%/25%/35%    0.000    0.005   100.0%     0.0%   2.0160   0.0165     5.8%
    46    17.3s   -0.0014     5.0%     5.0%    61.3%      42%/28%/30%    2.500    0.002    95.0%     0.0%   1.9239   0.0190     4.8%
    47     9.7s   -0.0015     5.0%     5.0%    55.3%      39%/27%/34%    1.900    0.005    95.0%     0.0%   1.8209   0.0222     4.6%
    48    16.1s   -0.0015     0.0%     0.0%    65.6%      41%/29%/30%    2.200    0.001    95.0%     0.0%   1.9741   0.0040     8.3%
    49    16.0s   -0.0011    20.0%    20.0%    67.0%      43%/25%/32%    2.075    0.002    75.0%     0.0%   1.9590   0.0185     9.4%
    50    16.6s   -0.0016     0.0%     0.0%    61.2%      42%/18%/40%    0.000    0.003   100.0%     0.0%   2.0200   0.0064     6.4%
  [MA20] reward=-0.0001 task_sr=16.5% miss=83.0% time_limit=25.0% v2v=22.3%
  [PPO ] p_loss=-0.0645 v_loss=2.5875 entropy=2.0200 grad=2.9597 active=4.4%
  [SIM ] avg_power(a)=0.5063 rsu_q=0.000 tx=100 no_tx=74 deadlock=0 svc=2.496GHz idle=0.0%
    51    16.7s   -0.0014     5.0%     5.0%    56.8%      35%/21%/44%    2.500    0.003    95.0%     0.0%   1.9263   0.0239     4.6%
    52    17.1s   -0.0015     0.0%     0.0%    56.8%      38%/25%/38%    0.000    0.002   100.0%     0.0%   2.0912   0.0130     3.6%
    53    11.1s   -0.0010    10.0%    10.0%    68.8%      31%/26%/43%    2.600    0.002    90.0%     0.0%   2.0595   0.0146     8.5%
    54    16.7s   -0.0016     0.0%     0.0%    63.2%      28%/27%/45%    0.000    0.003   100.0%     0.0%   2.1066   0.0375     7.3%
    55    17.0s   -0.0008    10.0%    10.0%    52.9%      31%/24%/45%    1.650    0.003    90.0%     0.0%   2.0306   0.0453     7.9%
    56     4.4s   -0.0007    10.0%    10.0%    65.5%      38%/31%/31%    2.800    0.013    90.0%     0.0%   2.1913   0.0060     8.9%
    57    16.8s   -0.0014     0.0%     0.0%    61.1%      25%/26%/49%    2.300    0.004   100.0%     0.0%   2.1413   0.0269     3.6%
    58    17.8s   -0.0014     0.0%     0.0%    49.4%      27%/24%/49%    0.000    0.005   100.0%     0.0%   2.3679   0.0909    30.8%
    59    17.7s   -0.0013     5.0%     5.0%    51.0%      25%/27%/48%    2.300    0.003    95.0%     0.0%   2.1081   0.0135    12.0%
    60    17.2s   -0.0013    10.0%    10.0%    56.2%      25%/26%/49%    2.650    0.004    90.0%     0.0%   1.9289   0.0498    13.6%
  [MA20] reward=-0.0012 task_sr=6.0% miss=93.5% time_limit=60.0% v2v=36.6%
  [PPO ] p_loss=0.1397 v_loss=1.5429 entropy=1.9289 grad=2.7580 active=4.7%
  [SIM ] avg_power(a)=0.5260 rsu_q=0.010 tx=136 no_tx=46 deadlock=0 svc=2.686GHz idle=0.0%

    Ep    Wall    R/step     T_SR     V_SR     S_SR            L/R/V   Lat(s)       En     Miss      Ill      Ent       KL     Clip
--------------------------------------------------------------------------------------------------------------------------------
    61    17.4s   -0.0013     5.0%     5.0%    61.0%      31%/25%/45%    2.450    0.003    95.0%     0.0%   2.1005   0.0150     7.7%
    62     7.7s   -0.0002    30.0%    30.0%    67.8%      34%/32%/34%    2.117    0.003    70.0%     0.0%   2.0122   0.0034     9.3%
    63    16.4s   -0.0013     5.0%     5.0%    65.2%      28%/30%/43%    2.533    0.003    95.0%     0.0%   2.0832   0.0148     5.8%
    64    16.1s   -0.0015    10.0%    10.0%    58.0%      26%/21%/53%    2.433 9.17e-04    90.0%     0.0%   2.0285   0.0218     5.7%
    65    17.0s   -0.0016     0.0%     0.0%    58.3%      28%/31%/40%    0.000    0.003   100.0%     0.0%   2.0315   0.0250     7.7%
    66    17.2s   -0.0015     0.0%     0.0%    61.4%      33%/28%/39%    0.000    0.002   100.0%     0.0%   2.1312   0.0156     2.1%
    67    12.2s   -0.0007    10.0%    10.0%    62.3%      31%/34%/35%    2.350    0.002    90.0%     0.0%   2.0644   0.0140     7.8%
    68    17.6s   -0.0015     0.0%     0.0%    47.2%      19%/26%/55%    0.000    0.004   100.0%     0.0%   2.0981   0.0468     6.7%
    69    17.9s   -0.0013     5.0%     5.0%    53.6%      26%/29%/45%    1.200    0.002    95.0%     0.0%   2.2030   0.0195     5.3%
    70    16.5s   -0.0011    15.0%    15.0%    67.4%      23%/36%/41%    1.967    0.003    85.0%     0.0%   1.9087   0.0551     6.9%
  [MA20] reward=-0.0012 task_sr=6.5% miss=93.5% time_limit=75.0% v2v=43.5%
  [PPO ] p_loss=-0.0316 v_loss=0.9791 entropy=1.9087 grad=1.3716 active=5.1%
  [SIM ] avg_power(a)=0.5192 rsu_q=0.035 tx=156 no_tx=47 deadlock=0 svc=3.194GHz idle=0.0%
    71    17.0s   -0.0013     5.0%     5.0%    50.6%      32%/27%/40%    1.500    0.003    95.0%     0.0%   2.0679  -0.0030    12.2%
    72    18.4s   -0.0014     5.0%     5.0%    52.7%      27%/23%/50%    2.500    0.003    95.0%     0.0%   2.1804   0.0197     7.8%
    73    18.5s   -0.0014     5.0%     5.0%    46.4%      22%/27%/51%    2.500    0.003    95.0%     0.0%   2.1593  -0.0013    11.4%
    74    16.9s   -0.0014     0.0%     0.0%    66.7%      27%/32%/42%    0.000    0.004   100.0%     0.0%   1.9719   0.0334     2.1%
    75    16.9s   -0.0012     0.0%     0.0%    56.6%      26%/33%/41%    0.000    0.005    95.0%     0.0%   2.0049   0.0293     5.8%
    76    17.2s   -0.0016     0.0%     0.0%    56.9%      26%/32%/42%    3.200    0.003   100.0%     0.0%   2.0123  -0.0030    10.9%
    77    17.0s   -0.0011     5.0%     5.0%    66.7%      29%/33%/38%    1.200    0.006    95.0%     0.0%   2.0142   0.0295     9.9%
    78    18.4s   -0.0014     0.0%     0.0%    58.1%      32%/27%/41%    0.000    0.004   100.0%     0.0%   2.0759   0.0046     6.4%
    79    16.4s   -0.0015     0.0%     0.0%    66.9%      41%/27%/32%    2.700    0.002   100.0%     0.0%   2.0399   0.0023    11.7%
    80    18.5s   -0.0013     5.0%     5.0%    52.1%      30%/27%/42%    1.900    0.003    90.0%     0.0%   1.9848   0.0261    11.8%
  [MA20] reward=-0.0013 task_sr=5.3% miss=94.2% time_limit=90.0% v2v=42.5%
  [PPO ] p_loss=0.1448 v_loss=1.1722 entropy=1.9848 grad=4.5650 active=4.2%
  [SIM ] avg_power(a)=0.5117 rsu_q=0.020 tx=111 no_tx=45 deadlock=0 svc=2.365GHz idle=0.0%

    Ep    Wall    R/step     T_SR     V_SR     S_SR            L/R/V   Lat(s)       En     Miss      Ill      Ent       KL     Clip
--------------------------------------------------------------------------------------------------------------------------------
    81    10.4s   -0.0010    15.0%    15.0%    60.2%      33%/31%/37%    2.233    0.005    85.0%     0.0%   1.9782   0.0206    10.3%
    82    17.3s   -0.0015     0.0%     0.0%    61.3%      30%/34%/37%    0.000 9.52e-04   100.0%     0.0%   1.9201   0.0462     9.4%
    83    17.0s   -0.0014     5.0%     5.0%    63.6%      37%/30%/33%    2.800    0.002    95.0%     0.0%   1.9395   0.0786    18.8%
    84    16.8s   -0.0009    15.0%    15.0%    70.2%      35%/33%/32%    2.267    0.003    85.0%     0.0%   1.9437   0.0235     6.9%
    85    14.1s   -0.0013     5.0%     5.0%    54.5%      37%/25%/38%    2.500    0.002    95.0%     0.0%   1.8137   0.0130     9.3%
    86    10.9s   -0.0015     0.0%     0.0%    58.6%      37%/28%/36%    0.000    0.001   100.0%     0.0%   1.7598   0.0187    13.9%
    87    11.5s   -0.0007    15.0%    15.0%    72.4%      39%/33%/28%    1.633    0.004    85.0%     0.0%   1.9161   0.0819     5.9%
    88     5.0s   -0.0014     5.0%     5.0%    65.8%      43%/29%/28%    2.400    0.007    95.0%     0.0%   1.7550   0.0082     7.2%
    89     8.3s   -0.0006    15.0%    15.0%    67.0%      48%/26%/27%    2.075    0.001    85.0%     0.0%   1.8124   0.0183     8.5%
    90     4.4s   -0.0003    15.0%    15.0%    73.0%      48%/29%/23%    2.350    0.003    85.0%     0.0%   1.7471   0.0166     7.1%
  [MA20] reward=-0.0012 task_sr=5.8% miss=93.8% time_limit=65.0% v2v=36.9%
  [PPO ] p_loss=-0.0175 v_loss=1.8002 entropy=1.7471 grad=7.3537 active=16.2%
  [SIM ] avg_power(a)=0.5060 rsu_q=0.053 tx=93 no_tx=89 deadlock=0 svc=11.551GHz idle=1.8%
    91     6.2s   -0.0007    10.0%    10.0%    75.8%      47%/25%/28%    1.750    0.003    90.0%     0.0%   1.7669   0.0374     9.0%
    92    17.0s   -0.0013     5.0%     5.0%    62.7%      46%/26%/28%    2.600 9.92e-04    95.0%     0.0%   1.9194   0.0109     3.5%
    93    16.8s   -0.0014     0.0%     0.0%    49.2%      42%/19%/39%    0.000    0.002   100.0%     0.0%   1.9168   0.0005    22.0%
    94    18.0s   -0.0011     5.0%     5.0%    57.9%      33%/24%/43%    1.400    0.002    95.0%     0.0%   2.0172   0.0265     6.6%
    95    18.0s   -0.0015     0.0%     0.0%    45.1%      25%/23%/52%    0.000    0.003   100.0%     0.0%   2.0953   0.0320     5.6%
    96    18.3s   -0.0014     0.0%     0.0%    45.6%      24%/29%/47%    0.000    0.003   100.0%     0.0%   2.1152   0.0106     8.6%
    97    11.4s   -0.0014     0.0%     0.0%    55.3%      26%/27%/47%    0.000    0.006   100.0%     0.0%   2.0338   0.0546     9.3%
    98    17.0s   -0.0010    10.0%    10.0%    56.4%      28%/27%/45%    2.200    0.003    90.0%     0.0%   1.8822   0.0754     8.3%
    99    17.5s   -0.0015     0.0%     0.0%    58.2%      28%/29%/43%    0.000    0.004   100.0%     0.0%   2.1146   0.0098     6.7%
   100    17.0s   -0.0013     0.0%     0.0%    59.0%      30%/29%/41%    0.000    0.004    95.0%     0.0%   2.0241  -0.0021    14.6%
  [MA20] reward=-0.0012 task_sr=6.0% miss=93.7% time_limit=55.0% v2v=36.5%
  [PPO ] p_loss=-0.0296 v_loss=0.9205 entropy=2.0241 grad=1.4652 active=4.6%
  [SIM ] avg_power(a)=0.5020 rsu_q=0.005 tx=117 no_tx=55 deadlock=0 svc=2.924GHz idle=0.0%

    Ep    Wall    R/step     T_SR     V_SR     S_SR            L/R/V   Lat(s)       En     Miss      Ill      Ent       KL     Clip
--------------------------------------------------------------------------------------------------------------------------------
   101     5.0s   -0.0011     5.0%     5.0%    64.7%      38%/28%/35%    2.000    0.005    95.0%     0.0%   1.8815  -0.0050     9.4%
   102    15.0s   -0.0011     5.0%     5.0%    61.3%      35%/24%/42%    1.800    0.004    95.0%     0.0%   1.9769   0.0298     6.4%
   103    16.4s   -0.0013    10.0%    10.0%    60.8%      34%/24%/42%    2.267    0.002    90.0%     0.0%   1.9777   0.0108    10.9%
   104    18.4s   -0.0010    10.0%    10.0%    54.1%      36%/27%/37%    1.900    0.002    90.0%     0.0%   2.1147   0.0930    11.8%
   105    11.7s   -0.0013     0.0%     0.0%    57.6%      45%/23%/32%    0.000    0.002   100.0%     0.0%   2.0053   0.0200     9.7%
   106    14.3s   -0.0016     0.0%     0.0%    53.6%      27%/22%/50%    3.000    0.003   100.0%     0.0%   2.1602   0.0764    18.2%
   107    16.9s   -0.0011    10.0%    10.0%    56.0%      24%/28%/47%    2.150    0.004    85.0%     0.0%   1.9924  -0.0033    13.1%
   108    18.0s   -0.0014     5.0%     5.0%    47.8%      27%/19%/54%    2.300    0.002    95.0%     0.0%   2.1253   0.0009    16.9%
   109    17.8s   -0.0015     0.0%     0.0%    47.4%      29%/17%/54%    0.000    0.002   100.0%     0.0%   2.0940  -0.0021    13.2%
   110    17.2s   -0.0016     5.0%     5.0%    55.4%      23%/21%/56%    2.100    0.003    95.0%     0.0%   1.9346   0.0290     3.7%
  [MA20] reward=-0.0013 task_sr=4.0% miss=95.5% time_limit=70.0% v2v=43.0%
  [PPO ] p_loss=0.1887 v_loss=1.9802 entropy=1.9346 grad=12.8327 active=4.2%
  [SIM ] avg_power(a)=0.4940 rsu_q=0.005 tx=126 no_tx=38 deadlock=0 svc=2.230GHz idle=0.0%
   111    17.6s   -0.0015     0.0%     0.0%    47.6%      34%/13%/53%    0.000    0.003   100.0%     0.0%   2.1409   0.0173    14.7%
   112    18.4s   -0.0014     5.0%     5.0%    41.1%      18%/19%/62%    1.800    0.003    95.0%     0.0%   2.2436   0.0096    18.8%
   113    17.6s   -0.0016     0.0%     0.0%    51.9%      17%/18%/64%    0.000    0.003   100.0%     0.0%   2.1405   0.1197    14.3%
   114    17.3s   -0.0014     5.0%     5.0%    38.1%      27%/13%/60%    2.150    0.002    95.0%     0.0%   1.9981   0.0074     8.6%
   115    13.3s   -0.0016     0.0%     0.0%    46.5%      21%/17%/62%    2.300    0.004   100.0%     0.0%   2.1953   0.0371    20.5%
   116    13.1s   -0.0014     0.0%     0.0%    45.4%      18%/18%/64%    0.000    0.007   100.0%     0.0%   2.2697   0.0355    14.2%
   117    17.6s   -0.0017     0.0%     0.0%    47.6%      12%/20%/69%    0.000    0.003   100.0%     0.0%   2.2940   0.0135     9.1%
   118    18.8s   -0.0016     0.0%     0.0%    41.0%      15%/17%/68%    0.000    0.004   100.0%     0.0%   2.2932   0.0241     9.5%
   119    17.8s   -0.0014     0.0%     0.0%    38.2%      20%/12%/68%    0.000    0.003   100.0%     0.0%   2.0701   0.1024    30.0%
   120    17.2s   -0.0014     0.0%     0.0%    44.7%      16%/19%/65%    0.000    0.003   100.0%     0.0%   2.2222   0.0754     0.0%
  [MA20] reward=-0.0014 task_sr=3.0% miss=96.8% time_limit=65.0% v2v=54.1%
  [PPO ] p_loss=0.3607 v_loss=1.7743 entropy=2.2222 grad=16.1074 active=3.8%
  [SIM ] avg_power(a)=0.5158 rsu_q=0.005 tx=124 no_tx=24 deadlock=0 svc=2.075GHz idle=0.0%

    Ep    Wall    R/step     T_SR     V_SR     S_SR            L/R/V   Lat(s)       En     Miss      Ill      Ent       KL     Clip
--------------------------------------------------------------------------------------------------------------------------------
   121    18.3s   -0.0016     0.0%     0.0%    36.2%      20%/10%/70%    2.600    0.004   100.0%     0.0%   2.5026   0.0883    23.1%
   122    17.9s   -0.0015     0.0%     0.0%    36.2%      15%/22%/63%    0.000    0.005   100.0%     0.0%   2.4008   0.0250     5.6%
   123    16.8s   -0.0015     5.0%     5.0%    51.1%      16%/19%/65%    2.100    0.003    95.0%     0.0%   2.0328   0.0226     8.9%
   124    16.8s   -0.0014     5.0%     5.0%    54.7%      25%/12%/63%    1.600    0.002    95.0%     0.0%   2.1505   0.0406    12.6%
   125    19.1s   -0.0017     0.0%     0.0%    37.8%      14%/17%/68%    0.000    0.005   100.0%     0.0%   2.3187   0.0267     4.8%
   126    17.4s   -0.0016     0.0%     0.0%    42.2%      15%/13%/72%    0.000    0.007    95.0%     0.0%   2.2298   0.0340    30.6%
   127    18.9s   -0.0014     0.0%     0.0%    36.7%      17%/16%/67%    0.000    0.004   100.0%     0.0%   2.3484   0.0185    13.0%
   128    17.4s   -0.0014     5.0%     5.0%    41.1%      18%/19%/63%    2.400    0.003    95.0%     0.0%   2.1311   0.0042     9.1%
   129    18.0s   -0.0015     0.0%     0.0%    35.1%      21%/14%/65%    0.000    0.003   100.0%     0.0%   2.1150   0.0203     6.7%
   130    13.0s   -0.0012     5.0%     5.0%    38.1%      23%/16%/61%    1.700    0.004    95.0%     0.0%   2.4308   0.1006     5.9%
  [MA20] reward=-0.0015 task_sr=1.5% miss=98.2% time_limit=80.0% v2v=64.5%
  [PPO ] p_loss=0.1791 v_loss=3.4634 entropy=2.4308 grad=18.5011 active=4.6%
  [SIM ] avg_power(a)=0.4968 rsu_q=0.013 tx=104 no_tx=32 deadlock=0 svc=2.482GHz idle=0.7%
   131    17.8s   -0.0015     0.0%     0.0%    43.2%      14%/16%/71%    0.000    0.005   100.0%     0.0%   2.0970  -0.0199    16.3%
   132    17.5s   -0.0016     0.0%     0.0%    43.9%      20%/16%/64%    0.000    0.003   100.0%     0.0%   2.1866  -0.0180    11.8%
   133    16.9s   -0.0015     0.0%     0.0%    44.5%      18%/14%/68%    0.000    0.003   100.0%     0.0%   2.2613   0.0173    11.0%
   134    16.7s   -0.0014     5.0%     5.0%    48.3%      22%/12%/66%    2.000    0.003    95.0%     0.0%   2.0821   0.0086    13.5%
   135    18.2s   -0.0015     0.0%     0.0%    42.0%      19%/13%/68%    0.000    0.002   100.0%     0.0%   2.2151   0.0016    16.1%
   136    18.7s   -0.0015     0.0%     0.0%    33.9%      20%/13%/68%    0.000    0.003    95.0%     0.0%   1.8694   0.0452    12.9%
   137    11.7s   -0.0017     0.0%     0.0%    42.1%      17%/18%/65%    0.000    0.005   100.0%     0.0%   2.1370   0.0259    22.7%
   138    17.5s   -0.0016     0.0%     0.0%    36.9%       19%/9%/72%    0.000    0.004   100.0%     0.0%   2.1502   0.0098     6.9%
   139    18.7s   -0.0015     0.0%     0.0%    34.4%      24%/15%/61%    0.000    0.002   100.0%     0.0%   2.1657  -0.0332    11.7%
   140    18.8s   -0.0015     5.0%     5.0%    36.7%      18%/11%/72%    2.400    0.003    95.0%     0.0%   2.1834   0.0218    12.8%
  [MA20] reward=-0.0015 task_sr=1.5% miss=98.0% time_limit=90.0% v2v=66.6%
  [PPO ] p_loss=-0.0262 v_loss=3.1488 entropy=2.1834 grad=10.5887 active=3.8%
  [SIM ] avg_power(a)=0.4900 rsu_q=0.005 tx=120 no_tx=27 deadlock=0 svc=1.856GHz idle=0.0%

    Ep    Wall    R/step     T_SR     V_SR     S_SR            L/R/V   Lat(s)       En     Miss      Ill      Ent       KL     Clip
--------------------------------------------------------------------------------------------------------------------------------
   141    18.2s   -0.0015     5.0%     5.0%    49.6%      15%/13%/73%    2.900    0.003    95.0%     0.0%   2.1486   0.0050    15.7%
   142    17.7s   -0.0014     5.0%     5.0%    49.0%      20%/12%/69%    2.100    0.003    95.0%     0.0%   2.0661  -0.0016    12.7%
   143    10.8s   -0.0016     0.0%     0.0%    44.1%      19%/14%/67%    0.000    0.005   100.0%     0.0%   2.1596   0.0148    12.4%
   144    19.0s   -0.0013     5.0%     5.0%    36.1%      29%/11%/60%    1.400    0.002    95.0%     0.0%   2.2353   0.0285    13.7%
   145    19.2s   -0.0013     0.0%     0.0%    36.5%      15%/17%/69%    0.000    0.004   100.0%     0.0%   2.0064   0.0674    11.5%
   146    19.5s   -0.0016     0.0%     0.0%    33.3%      21%/11%/68%    0.000    0.003   100.0%     0.0%   2.2981  -0.0095    10.4%
   147    17.0s   -0.0016     5.0%     5.0%    43.9%       32%/9%/59%    2.600    0.004    90.0%     0.0%   2.1294  -0.0194    33.6%
   148    17.7s   -0.0011     5.0%     5.0%    45.6%      30%/13%/57%    2.100    0.003    95.0%     0.0%   2.2827   0.0010     8.5%
   149    13.9s   -0.0015     0.0%     0.0%    44.7%      21%/13%/66%    3.400    0.003   100.0%     0.0%   2.0532   0.0551     7.9%
   150    17.8s   -0.0016     0.0%     0.0%    44.9%      28%/13%/59%    0.000    0.003   100.0%     0.0%   2.0858  -0.0012    10.2%
  [MA20] reward=-0.0015 task_sr=1.7% miss=97.7% time_limit=85.0% v2v=66.1%
  [PPO ] p_loss=-0.0805 v_loss=4.4202 entropy=2.0858 grad=25.9317 active=3.6%
  [SIM ] avg_power(a)=0.4521 rsu_q=0.000 tx=101 no_tx=40 deadlock=0 svc=1.583GHz idle=0.0%
   151    17.3s   -0.0014     5.0%     5.0%    45.3%      30%/16%/53%    2.300    0.002    95.0%     0.0%   2.1244   0.0285    12.9%
   152    18.6s   -0.0016     0.0%     0.0%    36.1%      24%/14%/62%    0.000    0.003   100.0%     0.0%   2.1910   0.0277    12.4%
   153    17.6s   -0.0014     5.0%     5.0%    55.5%      27%/19%/54%    3.000    0.002    95.0%     0.0%   2.0995   0.0074    17.4%
   154    18.8s   -0.0015     0.0%     0.0%    37.8%      34%/14%/52%    0.000    0.002    95.0%     0.0%   2.4003   0.0396     0.0%
   155    15.3s   -0.0014     0.0%     0.0%    49.0%      40%/16%/44%    0.000 7.49e-04   100.0%     0.0%   2.0019   0.0189     9.5%
   156     5.9s   -0.0013     5.0%     5.0%    55.0%      40%/19%/42%    1.700    0.002    95.0%     0.0%   2.0610   0.0282    10.3%
   157    17.9s   -0.0015     0.0%     0.0%    46.6%      42%/18%/41%    2.400    0.002    95.0%     0.0%   2.1081   0.0007     8.5%
   158    15.9s   -0.0010    10.0%    10.0%    62.6%      44%/22%/34%    2.000    0.001    90.0%     0.0%   1.9531  -0.0055    12.7%
   159    17.3s   -0.0016     0.0%     0.0%    53.6%      40%/20%/39%    0.000    0.001   100.0%     0.0%   1.9728  -0.0134     7.0%
   160     6.0s   -0.0011    10.0%    10.0%    58.2%      37%/22%/42%    2.367    0.009    90.0%     0.0%   1.9552   0.0052     6.4%
  [MA20] reward=-0.0014 task_sr=3.0% miss=96.2% time_limit=75.0% v2v=55.4%
  [PPO ] p_loss=0.0041 v_loss=1.4802 entropy=1.9552 grad=1.5625 active=12.0%
  [SIM ] avg_power(a)=0.4365 rsu_q=0.000 tx=109 no_tx=64 deadlock=0 svc=7.057GHz idle=1.4%

    Ep    Wall    R/step     T_SR     V_SR     S_SR            L/R/V   Lat(s)       En     Miss      Ill      Ent       KL     Clip
--------------------------------------------------------------------------------------------------------------------------------
   161     4.8s   -0.0009     5.0%     5.0%    62.2%      41%/21%/38%    2.833    0.005    95.0%     0.0%   1.9681  -0.0040     7.4%
   162     5.6s   -0.0013     0.0%     0.0%    60.2%      44%/17%/38%    0.000    0.004   100.0%     0.0%   1.9515   0.0109     9.4%
   163     8.4s   -0.0014     5.0%     5.0%    60.2%      34%/27%/39%    2.300    0.003    95.0%     0.0%   1.9021   0.0163     5.5%
   164    16.5s   -0.0011    10.0%    10.0%    53.0%      34%/27%/40%    2.050    0.002    90.0%     0.0%   2.0626  -0.0038     7.7%
   165    14.7s   -0.0013     5.0%     5.0%    53.2%      40%/23%/37%    2.200    0.002    95.0%     0.0%   2.0919   0.0106     6.2%
   166     4.3s   -0.0013     0.0%     0.0%    52.8%      37%/26%/37%    0.000    0.016   100.0%     0.0%   2.0077   0.0182     5.4%
   167    13.3s   -0.0012    10.0%    10.0%    69.1%      34%/32%/33%    1.750    0.002    90.0%     0.0%   1.9357   0.0150     5.7%
   168    17.0s   -0.0015     0.0%     0.0%    50.4%      35%/25%/40%    0.000    0.003   100.0%     0.0%   1.9098   0.0383     7.4%
   169     5.8s   -0.0010     5.0%     5.0%    66.4%      33%/32%/35%    2.300    0.004    95.0%     0.0%   1.9535   0.0076     4.9%
   170    17.9s   -0.0013     5.0%     5.0%    51.7%      40%/32%/28%    1.900    0.003    95.0%     0.0%   1.9638   0.0074     3.7%
  [MA20] reward=-0.0013 task_sr=4.0% miss=95.5% time_limit=50.0% v2v=41.3%
  [PPO ] p_loss=-0.0175 v_loss=4.5475 entropy=1.9638 grad=7.5385 active=4.1%
  [SIM ] avg_power(a)=0.4390 rsu_q=0.020 tx=96 no_tx=66 deadlock=0 svc=2.154GHz idle=0.0%
   171    15.7s   -0.0010    15.0%    15.0%    54.1%      35%/34%/32%    1.800    0.003    85.0%     0.0%   2.0957   0.0018    16.4%
   172    16.2s   -0.0012    10.0%    10.0%    71.5%      30%/35%/35%    2.867    0.004    90.0%     0.0%   1.8872   0.0149    13.5%
   173     3.9s    0.0005    10.0%    10.0%    69.2%      39%/35%/26%    1.867    0.009    90.0%     0.0%   1.8067   0.0107     8.6%
   174    10.4s   -0.0006    15.0%    15.0%    67.9%      33%/40%/28%    2.100    0.004    85.0%     0.0%   1.8433  -0.0012    10.3%
   175     6.5s    0.0005    15.0%    15.0%    78.7%      38%/39%/23%    2.100    0.008    85.0%     0.0%   1.7340   0.0137     9.9%
   176     4.7s   -0.0004     5.0%     5.0%    74.6%      37%/41%/22%    2.300    0.010    95.0%     0.0%   1.7187   0.0008     8.7%
   177     3.6s    0.0010    30.0%    30.0%    71.8%      30%/46%/24%    2.267    0.017    70.0%     0.0%   1.7401   0.0174     8.4%
   178     4.0s   -0.0007    15.0%    15.0%    75.8%      29%/48%/23%    2.633    0.017    85.0%     0.0%   1.6827   0.0094    11.7%
   179     4.0s    0.0014    25.0%    25.0%    79.9%      24%/56%/20%    2.400    0.021    75.0%     0.0%   1.6973   0.0177    11.5%
   180     3.2s    0.0029    30.0%    30.0%    87.8%      20%/55%/26%    2.350    0.013    70.0%     0.0%   1.7791   0.0416    15.8%
  [MA20] reward=-0.0005 task_sr=10.8% miss=89.2% time_limit=20.0% v2v=31.2%
  [PPO ] p_loss=0.0247 v_loss=1.9881 entropy=1.7791 grad=1.0763 active=30.4%
  [SIM ] avg_power(a)=0.4482 rsu_q=0.568 tx=178 no_tx=44 deadlock=0 svc=21.693GHz idle=2.7%

    Ep    Wall    R/step     T_SR     V_SR     S_SR            L/R/V   Lat(s)       En     Miss      Ill      Ent       KL     Clip
--------------------------------------------------------------------------------------------------------------------------------
   181     4.2s    0.0011    25.0%    25.0%    82.4%      23%/50%/26%    2.360    0.009    75.0%     0.0%   1.6776   0.0158    24.7%
   182     4.2s   -0.0007     5.0%     5.0%    81.1%      25%/51%/24%    2.200    0.009    95.0%     0.0%   1.6437   0.0164    18.0%
   183     3.2s    0.0023    20.0%    20.0%    84.6%      21%/59%/20%    2.483    0.034    80.0%     0.0%   1.5311   0.0203    10.9%
   184     3.9s   -0.0000    15.0%    15.0%    81.9%      28%/56%/16%    2.133    0.033    85.0%     0.0%   1.5451   0.0221    13.6%
   185     4.3s    0.0008    25.0%    25.0%    87.2%      27%/56%/17%    2.586    0.015    75.0%     0.0%   1.4016   0.0194    15.7%
   186     3.2s    0.0025    30.0%    30.0%    85.0%      18%/70%/12%    2.583    0.034    70.0%     0.0%   1.3295   0.0138    12.3%
   187     2.9s    0.0026    25.0%    25.0%    86.0%      23%/66%/11%    2.283    0.032    75.0%     0.0%   1.3748   0.0192    12.5%
   188     3.5s    0.0040    30.0%    30.0%    82.5%       19%/72%/9%    2.050    0.023    70.0%     0.0%   1.3270   0.0047    12.9%
   189     3.0s    0.0055    55.0%    55.0%    95.0%      19%/71%/10%    2.223    0.011    45.0%     0.0%   1.3406   0.0160    14.1%
   190     3.2s    0.0026    30.0%    30.0%    81.9%      18%/72%/10%    2.617    0.053    70.0%     0.0%   1.2867   0.0690    15.5%
  [MA20] reward=0.0012 task_sr=21.5% miss=78.5% time_limit=5.0% v2v=20.7%
  [PPO ] p_loss=0.0044 v_loss=1.4324 entropy=1.2867 grad=0.8920 active=26.6%
  [SIM ] avg_power(a)=0.4883 rsu_q=0.947 tx=163 no_tx=36 deadlock=0 svc=19.227GHz idle=2.6%
   191     3.1s    0.0028    30.0%    30.0%    82.6%      20%/68%/12%    2.083    0.042    70.0%     0.0%   1.3175   0.0032    12.6%
   192     2.8s    0.0073    60.0%    60.0%    92.1%      19%/70%/12%    2.308    0.022    40.0%     0.0%   1.2878   0.0273    10.7%
   193     4.9s    0.0038    60.0%    60.0%    88.3%       23%/68%/9%    2.150    0.016    40.0%     0.0%   1.2403   0.0198    12.8%
   194     3.1s    0.0048    55.0%    55.0%    89.9%       19%/73%/8%    2.355    0.034    45.0%     0.0%   1.0885   0.0100    10.9%
  [LateGuard] restore best_model at ep194 (drop=0.398, freeze=False)
   195     4.0s    0.0012    25.0%    25.0%    79.3%      50%/31%/18%    2.583    0.008    75.0%     0.0%   1.6003   0.0164     6.1%
   196     4.9s    0.0008    35.0%    35.0%    81.6%      51%/35%/14%    2.457    0.004    65.0%     0.0%   1.7031   0.0179     7.5%
   197    16.8s   -0.0011    10.0%    10.0%    59.7%      40%/30%/31%    2.333    0.002    90.0%     0.0%   1.7969   0.0202     6.8%
   198    11.8s   -0.0013    10.0%    10.0%    69.9%      44%/24%/32%    2.200    0.003    90.0%     0.0%   1.8710  -0.0045    13.6%
   199     6.1s   -0.0007     5.0%     5.0%    59.2%      38%/24%/38%    1.700    0.005    95.0%     0.0%   1.9177   0.0022     6.5%
   200    10.0s   -0.0011    10.0%    10.0%    68.1%      40%/27%/32%    2.200    0.002    90.0%     0.0%   2.0624   0.0252     6.9%
  [MA20] reward=0.0019 task_sr=28.0% miss=72.0% time_limit=5.0% v2v=18.1%
  [PPO ] p_loss=-0.0120 v_loss=2.5079 entropy=2.0624 grad=3.1756 active=8.3%
  [SIM ] avg_power(a)=0.5198 rsu_q=0.017 tx=112 no_tx=79 deadlock=0 svc=5.169GHz idle=0.8%

    Ep    Wall    R/step     T_SR     V_SR     S_SR            L/R/V   Lat(s)       En     Miss      Ill      Ent       KL     Clip
--------------------------------------------------------------------------------------------------------------------------------
   201    15.8s   -0.0011    10.0%    10.0%    59.0%      28%/24%/49%    1.900    0.005    90.0%     0.0%   2.0442  -0.0087     5.0%
   202    17.3s   -0.0013     5.0%     5.0%    53.3%      31%/31%/38%    2.200    0.005    95.0%     0.0%   2.1343   0.0128    10.7%
   203    15.8s   -0.0011    10.0%    10.0%    54.5%      34%/30%/36%    2.433    0.004    90.0%     0.0%   1.9950   0.0187     5.3%
   204    11.5s   -0.0014     5.0%     5.0%    64.9%      41%/27%/32%    1.700    0.007    95.0%     0.0%   1.9755   0.0107     9.0%
   205     9.4s   -0.0014     0.0%     0.0%    60.0%      38%/23%/40%    0.000    0.008   100.0%     0.0%   1.9609  -0.0030    16.9%
   206    17.6s   -0.0015     0.0%     0.0%    51.0%      27%/25%/48%    2.400    0.003   100.0%     0.0%   2.1786   0.0030     8.5%
   207    16.9s   -0.0014    10.0%    10.0%    50.8%      37%/22%/41%    2.250    0.002    90.0%     0.0%   2.0260   0.0073     6.6%
   208    17.6s   -0.0015     0.0%     0.0%    47.6%      31%/20%/49%    0.000    0.003   100.0%     0.0%   2.1557   0.0036    11.7%
   209    11.7s   -0.0011    10.0%    10.0%    52.9%      38%/22%/40%    2.250    0.003    90.0%     0.0%   2.0080   0.0172     9.8%
  [LateGuard] restore best_model at ep209 (drop=0.307, freeze=False)
   210     3.7s    0.0004    20.0%    20.0%    76.6%      50%/33%/17%    2.400    0.013    80.0%     0.0%   1.6465  -0.0044     7.7%
  [MA20] reward=0.0003 task_sr=18.5% miss=81.5% time_limit=25.0% v2v=29.9%
  [PPO ] p_loss=0.0237 v_loss=2.2862 entropy=1.6465 grad=2.3120 active=23.7%
  [SIM ] avg_power(a)=0.5132 rsu_q=0.244 tx=107 no_tx=106 deadlock=0 svc=15.703GHz idle=2.2%
   211     4.9s    0.0001    20.0%    20.0%    72.3%      57%/27%/17%    2.460    0.006    80.0%     0.0%   1.5613   0.0010     6.6%
   212     4.1s    0.0011    30.0%    30.0%    76.7%      65%/23%/12%    2.171    0.002    70.0%     0.0%   1.6728   0.0174     4.7%
   213    15.9s   -0.0011    15.0%    15.0%    68.8%      60%/25%/15%    2.200    0.001    85.0%     0.0%   1.6002   0.0001     7.9%
   214    16.3s   -0.0011    10.0%    10.0%    69.3%      51%/32%/17%    2.100    0.002    90.0%     0.0%   1.5941  -0.0116    17.1%
   215     4.5s    0.0013    30.0%    30.0%    76.6%      51%/34%/15%    1.883    0.006    70.0%     0.0%   1.6217   0.0170     6.4%
   216     5.1s   -0.0006     5.0%     5.0%    71.8%      56%/28%/16%    2.200    0.012    95.0%     0.0%   1.5613  -0.0053    22.4%
   217     5.5s    0.0002    25.0%    25.0%    72.9%      58%/26%/16%    1.980    0.004    75.0%     0.0%   1.5529   0.0091     9.1%
   218    15.8s   -0.0011    10.0%    10.0%    60.0%      69%/17%/14%    1.700 5.09e-04    90.0%     0.0%   1.4727   0.0176     0.7%
   219     8.4s   -0.0002    25.0%    25.0%    74.7%      55%/28%/18%    2.150    0.003    75.0%     0.0%   1.6283   0.0265     7.9%
   220     8.9s   -0.0015     0.0%     0.0%    54.4%      58%/15%/27%    0.000    0.002   100.0%     0.0%   1.7315   0.0119    10.8%
  [MA20] reward=-0.0007 task_sr=12.0% miss=88.0% time_limit=35.0% v2v=27.8%
  [PPO ] p_loss=0.0252 v_loss=3.4346 entropy=1.7315 grad=34.9817 active=9.3%
  [SIM ] avg_power(a)=0.5083 rsu_q=0.010 tx=75 no_tx=108 deadlock=0 svc=5.296GHz idle=1.0%

    Ep    Wall    R/step     T_SR     V_SR     S_SR            L/R/V   Lat(s)       En     Miss      Ill      Ent       KL     Clip
--------------------------------------------------------------------------------------------------------------------------------
   221    13.5s   -0.0011     5.0%     5.0%    58.8%      49%/21%/30%    1.600    0.003    95.0%     0.0%   1.7490   0.0037     6.3%
   222    11.9s   -0.0012    10.0%    10.0%    62.2%      52%/19%/29%    2.250    0.001    90.0%     0.0%   1.8766   0.0843    14.3%
   223    13.3s   -0.0008    20.0%    20.0%    65.7%      53%/20%/27%    2.225    0.001    80.0%     0.0%   1.8091   0.0121     6.9%
   224     7.7s   -0.0013    10.0%    10.0%    63.7%      55%/20%/26%    2.550    0.002    90.0%     0.0%   1.7832  -0.0039     7.4%
  [LateGuard] restore best_model at ep224 (drop=0.199, freeze=False)
   225     4.0s   -0.0005     5.0%     5.0%    72.6%      50%/34%/16%    2.000    0.012    95.0%     0.0%   1.6492   0.0056     6.3%
   226    15.7s   -0.0005    10.0%    10.0%    67.5%      54%/28%/18%    2.120    0.002    80.0%     0.0%   1.5390  -0.0059    10.4%
   227     7.1s   -0.0002    15.0%    15.0%    77.6%      59%/25%/16%    2.167    0.002    85.0%     0.0%   1.5112   0.0074     7.5%
   228     3.8s    0.0015    20.0%    20.0%    67.5%      65%/21%/15%    1.960    0.004    80.0%     0.0%   1.3341   0.0087     6.5%
   229    15.2s   -0.0010    20.0%    20.0%    84.0%      71%/19%/10%    2.280 3.34e-04    80.0%     0.0%   1.2792   0.0016     8.8%
   230     3.5s    0.0030    30.0%    30.0%    71.1%       75%/19%/6%    2.033    0.003    70.0%     0.0%   1.2128   0.0061     6.5%
  [MA20] reward=-0.0003 task_sr=15.8% miss=83.8% time_limit=25.0% v2v=17.9%
  [PPO ] p_loss=0.0005 v_loss=1.7302 entropy=1.2128 grad=1.4609 active=21.7%
  [SIM ] avg_power(a)=0.5104 rsu_q=0.045 tx=46 no_tx=144 deadlock=0 svc=15.369GHz idle=2.3%
   231     3.8s    0.0005    25.0%    25.0%    68.8%       74%/17%/9%    2.400    0.003    75.0%     0.0%   1.1318   0.0073     8.1%
   232     4.6s    0.0009    25.0%    25.0%    77.0%       81%/12%/7%    2.000    0.003    75.0%     0.0%   1.1765   0.0041     7.7%
   233     4.6s   -0.0002    15.0%    15.0%    70.3%      76%/14%/10%    2.533 1.17e-05    85.0%     0.0%   1.2990   0.0145     8.0%
   234     4.6s    0.0008    25.0%    25.0%    80.7%      68%/22%/10%    2.343    0.003    75.0%     0.0%   1.3899   0.0034     8.1%
   235     4.1s   -0.0003    15.0%    15.0%    70.5%      64%/24%/12%    2.767    0.004    85.0%     0.0%   1.3460   0.0166    11.1%
   236     3.3s   -0.0008     5.0%     5.0%    67.6%      74%/16%/11%    2.500    0.003    95.0%     0.0%   1.2819  -0.0012     5.9%
   237    15.4s   -0.0004    35.0%    35.0%    68.9%      70%/18%/12%    2.014 2.40e-04    65.0%     0.0%   1.1770   0.0616    15.7%
   238     3.7s    0.0000    15.0%    15.0%    78.4%       74%/16%/9%    2.450    0.005    85.0%     0.0%   1.1633   0.0038     8.4%
   239     4.4s    0.0014    25.0%    25.0%    73.6%       81%/10%/9%    2.067 7.87e-04    75.0%     0.0%   1.1752   0.0195     7.1%
  [LateGuard] restore best_model at ep239 (drop=0.253, freeze=False)
   240    14.8s   -0.0007    30.0%    30.0%    79.6%      59%/27%/14%    2.400    0.001    70.0%     0.0%   1.6404   0.0120     6.1%
  [MA20] reward=-0.0000 task_sr=18.0% miss=81.5% time_limit=20.0% v2v=14.8%
  [PPO ] p_loss=-0.0048 v_loss=4.0131 entropy=1.6404 grad=3.7094 active=5.0%
  [SIM ] avg_power(a)=0.5125 rsu_q=0.025 tx=77 no_tx=109 deadlock=0 svc=3.261GHz idle=0.0%

    Ep    Wall    R/step     T_SR     V_SR     S_SR            L/R/V   Lat(s)       En     Miss      Ill      Ent       KL     Clip
--------------------------------------------------------------------------------------------------------------------------------
   241    15.1s   -0.0004    35.0%    35.0%    80.7%      40%/41%/19%    2.375    0.002    65.0%     0.0%   1.7254   0.0069     5.2%
   242     7.3s    0.0001    25.0%    25.0%    79.1%      37%/43%/20%    2.317    0.004    75.0%     0.0%   1.6278   0.0235    10.1%
   243     2.9s    0.0025    35.0%    35.0%    81.8%      55%/29%/16%    2.338    0.007    65.0%     0.0%   1.6819   0.0205     4.1%
   244     5.8s   -0.0005    20.0%    20.0%    69.2%      42%/34%/24%    2.325    0.009    80.0%     0.0%   1.6546   0.0066     7.4%
   245     5.1s   -0.0001    10.0%    10.0%    66.1%      43%/32%/25%    2.100    0.004    90.0%     0.0%   1.6997  -0.0026     7.8%
   246     3.9s   -0.0000    10.0%    10.0%    80.7%      45%/33%/22%    2.300    0.013    90.0%     0.0%   1.6583   0.0146     5.1%
   247     8.9s    0.0001    15.0%    15.0%    62.2%      55%/25%/19%    1.867    0.004    85.0%     0.0%   1.6940   0.0060     8.1%
   248    15.5s   -0.0009    20.0%    20.0%    72.1%      59%/23%/18%    2.050    0.001    80.0%     0.0%   1.6422   0.0213     3.7%
   249     7.1s   -0.0011     5.0%     5.0%    65.5%      55%/28%/16%    1.800    0.006    95.0%     0.0%   1.7242   0.0180     5.7%
   250     4.3s   -0.0004    10.0%    10.0%    77.3%      42%/38%/20%    2.300    0.009    90.0%     0.0%   1.8759  -0.0006     5.8%
  [MA20] reward=0.0000 task_sr=20.0% miss=80.0% time_limit=20.0% v2v=15.1%
  [PPO ] p_loss=-0.0184 v_loss=2.1154 entropy=1.8759 grad=3.4191 active=21.2%
  [SIM ] avg_power(a)=0.5147 rsu_q=0.173 tx=128 no_tx=92 deadlock=0 svc=14.546GHz idle=1.9%
   251     4.5s    0.0017    20.0%    20.0%    79.1%      36%/41%/23%    1.825    0.006    80.0%     0.0%   1.8129   0.0031     3.6%
   252    16.5s   -0.0011    10.0%    10.0%    68.5%      43%/35%/22%    2.200    0.002    90.0%     0.0%   1.7591   0.0087     3.7%
   253    15.8s   -0.0008    20.0%    20.0%    68.5%      47%/29%/24%    2.300    0.002    80.0%     0.0%   1.8037   0.0063     5.7%
   254    16.8s   -0.0005    30.0%    30.0%    73.9%      43%/36%/21%    2.171    0.003    65.0%     0.0%   1.7010   0.0008    11.5%
  [LateGuard] restore best_model at ep254 (drop=0.307, freeze=False)
   255     8.1s   -0.0006    15.0%    15.0%    69.9%      47%/34%/20%    1.967    0.007    85.0%     0.0%   1.7203   0.0243     8.9%
   256     4.4s    0.0006    25.0%    25.0%    75.1%      45%/31%/24%    2.214    0.006    75.0%     0.0%   1.7203   0.0084     7.5%
   257     5.3s   -0.0002    10.0%    10.0%    65.6%      55%/23%/22%    1.850    0.002    90.0%     0.0%   1.8002   0.0134     7.7%
   258    15.7s   -0.0011    10.0%    10.0%    68.5%      44%/31%/24%    2.467    0.002    80.0%     0.0%   1.7910   0.0073     9.9%
   259     4.1s    0.0007    15.0%    15.0%    73.7%      50%/30%/20%    1.925    0.003    85.0%     0.0%   1.6875  -0.0016     5.7%
   260     5.6s    0.0011    25.0%    25.0%    74.2%      52%/27%/21%    1.817    0.003    75.0%     0.0%   1.6587   0.0104    12.3%
  [MA20] reward=-0.0000 task_sr=18.3% miss=81.0% time_limit=30.0% v2v=21.0%
  [PPO ] p_loss=-0.0151 v_loss=3.6863 entropy=1.6587 grad=1.4172 active=14.8%
  [SIM ] avg_power(a)=0.5231 rsu_q=0.045 tx=95 no_tx=103 deadlock=0 svc=9.610GHz idle=1.5%

    Ep    Wall    R/step     T_SR     V_SR     S_SR            L/R/V   Lat(s)       En     Miss      Ill      Ent       KL     Clip
--------------------------------------------------------------------------------------------------------------------------------
   261    14.4s   -0.0009    15.0%    15.0%    72.0%      46%/27%/27%    1.820 5.43e-04    85.0%     0.0%   1.8238   0.0100    17.5%
   262    17.5s   -0.0011     5.0%     5.0%    54.5%      34%/29%/37%    1.700    0.003    95.0%     0.0%   1.9867  -0.0062    13.5%
   263     7.8s   -0.0017     0.0%     0.0%    56.1%      31%/35%/34%    0.000    0.010   100.0%     0.0%   2.0994   0.0064    14.4%
   264    17.6s   -0.0014     5.0%     5.0%    53.5%      30%/29%/41%    1.800    0.005    95.0%     0.0%   2.1492   0.0158     2.5%
   265    17.4s   -0.0015    10.0%    10.0%    64.0%      24%/34%/42%    2.600    0.005    90.0%     0.0%   2.0444   0.0175     3.3%
   266    11.1s   -0.0014     5.0%     5.0%    58.9%      30%/33%/37%    2.400    0.004    95.0%     0.0%   2.0821  -0.0086    12.7%
   267    15.8s   -0.0012    10.0%    10.0%    66.4%      38%/27%/35%    2.033    0.002    85.0%     0.0%   1.9985   0.0103     3.8%
   268    17.7s   -0.0014     5.0%     5.0%    55.3%      31%/27%/42%    1.700    0.002    95.0%     0.0%   2.0578   0.0004     9.8%
   269     4.9s   -0.0004     5.0%     5.0%    66.7%      37%/30%/32%    2.100    0.010    95.0%     0.0%   2.0293   0.0218     9.0%
  [LateGuard] restore best_model at ep269 (drop=0.349, freeze=False)
   270    12.5s   -0.0008    15.0%    15.0%    66.2%      44%/33%/23%    2.100    0.003    85.0%     0.0%   1.6576   0.0206     4.5%
  [MA20] reward=-0.0006 task_sr=12.8% miss=86.2% time_limit=45.0% v2v=28.5%
  [PPO ] p_loss=-0.0192 v_loss=1.8605 entropy=1.6576 grad=2.4313 active=5.5%
  [SIM ] avg_power(a)=0.5191 rsu_q=0.046 tx=93 no_tx=74 deadlock=0 svc=3.431GHz idle=0.7%
   271     3.6s    0.0015    25.0%    25.0%    81.5%      49%/35%/16%    2.483    0.008    75.0%     0.0%   1.6659   0.0048     5.9%
   272     8.2s   -0.0003    10.0%    10.0%    67.6%      49%/30%/21%    1.800    0.002    90.0%     0.0%   1.6724   0.0190     6.2%
   273     4.4s    0.0005    25.0%    25.0%    71.7%      45%/43%/12%    2.333    0.011    75.0%     0.0%   1.6873   0.0156    16.2%
   274     3.9s    0.0024    40.0%    40.0%    74.8%      38%/40%/22%    1.775    0.013    60.0%     0.0%   1.6796   0.0187     9.5%
   275     4.8s    0.0033    40.0%    40.0%    86.8%      34%/48%/18%    2.200    0.003    60.0%     0.0%   1.5284   0.0153     6.5%
   276     3.7s    0.0029    40.0%    40.0%    83.6%      29%/58%/13%    2.478    0.018    60.0%     0.0%   1.5367   0.0097    12.8%
   277     3.0s    0.0035    30.0%    30.0%    84.9%      22%/63%/15%    2.271    0.024    70.0%     0.0%   1.5845   0.0157     5.5%
   278     4.5s    0.0005    20.0%    20.0%    68.3%      23%/56%/21%    2.350    0.027    80.0%     0.0%   1.6492   0.0067     5.5%
   279     4.1s    0.0006    10.0%    10.0%    78.0%      22%/57%/21%    1.833    0.030    90.0%     0.0%   1.5819   0.0008     4.3%
   280     4.0s    0.0008    20.0%    20.0%    78.7%      22%/53%/25%    1.775    0.016    80.0%     0.0%   1.7213   0.0033     6.6%
  [MA20] reward=0.0002 task_sr=16.8% miss=83.0% time_limit=25.0% v2v=26.7%
  [PPO ] p_loss=0.0156 v_loss=1.7278 entropy=1.7213 grad=1.6274 active=22.0%
  [SIM ] avg_power(a)=0.4964 rsu_q=0.417 tx=162 no_tx=46 deadlock=0 svc=13.957GHz idle=2.1%

    Ep    Wall    R/step     T_SR     V_SR     S_SR            L/R/V   Lat(s)       En     Miss      Ill      Ent       KL     Clip
--------------------------------------------------------------------------------------------------------------------------------
   281     4.4s    0.0010    25.0%    25.0%    77.0%      18%/62%/20%    2.340    0.031    75.0%     0.0%   1.6589  -0.0035     2.4%
   282    17.0s   -0.0013     5.0%     5.0%    76.1%      23%/56%/20%    2.300    0.005    95.0%     0.0%   1.7286   0.0230     3.3%
   283     3.0s    0.0034    35.0%    35.0%    89.0%      22%/55%/24%    2.375    0.019    65.0%     0.0%   1.5156   0.0074     5.8%
   284     4.1s    0.0027    40.0%    40.0%    82.4%      17%/61%/22%    2.238    0.024    60.0%     0.0%   1.5404   0.0239     6.9%
  [LateGuard] restore best_model at ep284 (drop=0.228, freeze=False)
   285     4.5s   -0.0006     5.0%     5.0%    61.5%      50%/32%/18%    2.100    0.013    95.0%     0.0%   1.6264   0.0025    16.0%
   286     4.2s    0.0007    20.0%    20.0%    70.1%      62%/24%/14%    2.160    0.002    80.0%     0.0%   1.5597   0.0092     3.8%
   287     3.2s    0.0019    25.0%    25.0%    77.4%      57%/25%/17%    1.980    0.006    75.0%     0.0%   1.6616   0.0148    15.1%
   288     9.8s   -0.0006    15.0%    15.0%    76.9%      43%/37%/20%    2.300    0.003    85.0%     0.0%   1.7820   0.0084     8.7%
   289    10.4s   -0.0009    20.0%    20.0%    77.0%      36%/38%/26%    2.575    0.005    80.0%     0.0%   1.6733   0.0035     9.3%
   290     3.1s    0.0013    20.0%    20.0%    81.4%      44%/36%/20%    2.150    0.015    80.0%     0.0%   1.7514   0.0050     4.2%
  [MA20] reward=0.0012 task_sr=23.5% miss=76.5% time_limit=5.0% v2v=19.3%
  [PPO ] p_loss=-0.0243 v_loss=1.3080 entropy=1.7514 grad=0.5955 active=28.0%
  [SIM ] avg_power(a)=0.5280 rsu_q=0.316 tx=119 no_tx=93 deadlock=0 svc=19.275GHz idle=2.6%
   291    10.0s   -0.0006    15.0%    15.0%    73.1%      36%/39%/24%    1.975    0.004    85.0%     0.0%   1.8379   0.0100     8.4%
   292     3.7s    0.0011    25.0%    25.0%    76.3%      29%/46%/25%    2.233    0.017    75.0%     0.0%   1.7168   0.0037     5.8%
   293     3.7s    0.0002    15.0%    15.0%    65.5%      34%/42%/24%    2.100    0.014    85.0%     0.0%   1.8542   0.0024     6.2%
   294     6.5s   -0.0006    15.0%    15.0%    70.1%      28%/42%/30%    2.133    0.009    85.0%     0.0%   1.8812  -0.0102     8.0%
   295     9.0s   -0.0008    15.0%    15.0%    68.2%      35%/38%/27%    2.067    0.003    85.0%     0.0%   1.9571   0.0146     4.1%
   296    14.8s   -0.0006    30.0%    30.0%    74.3%      32%/40%/27%    2.117    0.003    70.0%     0.0%   1.9077   0.0142    10.7%
   297     9.3s   -0.0001    30.0%    30.0%    78.3%      32%/31%/37%    2.233    0.004    70.0%     0.0%   1.8820   0.0100    16.7%
   298    15.1s   -0.0008    20.0%    20.0%    70.0%      26%/42%/32%    1.575    0.004    80.0%     0.0%   2.0352  -0.0029    19.5%
   299    16.2s   -0.0010    15.0%    15.0%    63.3%      33%/28%/39%    2.050    0.004    80.0%     0.0%   1.9896   0.0257     5.7%
  [LateGuard] restore best_model at ep299 (drop=0.241, freeze=False)
   300    14.8s   -0.0004    35.0%    35.0%    76.0%      44%/36%/20%    2.286    0.002    65.0%     0.0%   1.5729   0.0082     7.1%
  [MA20] reward=0.0002 task_sr=21.2% miss=78.5% time_limit=20.0% v2v=24.4%
  [PPO ] p_loss=0.0042 v_loss=2.0512 entropy=1.5729 grad=2.2856 active=5.6%
  [SIM ] avg_power(a)=0.5225 rsu_q=0.040 tx=123 no_tx=99 deadlock=0 svc=3.565GHz idle=0.0%

    Ep    Wall    R/step     T_SR     V_SR     S_SR            L/R/V   Lat(s)       En     Miss      Ill      Ent       KL     Clip
--------------------------------------------------------------------------------------------------------------------------------
   301     4.2s   -0.0008     5.0%     5.0%    72.6%      54%/30%/16%    2.850    0.012    95.0%     0.0%   1.5906   0.0375     6.7%
   302    14.8s   -0.0007    25.0%    25.0%    79.4%      60%/25%/15%    2.283 9.37e-04    75.0%     0.0%   1.5499   0.0145     6.0%
   303    15.2s   -0.0010    30.0%    30.0%    70.9%      52%/27%/21%    2.217    0.002    70.0%     0.0%   1.5267   0.0256     3.3%
   304    14.8s   -0.0008    10.0%    10.0%    77.5%      58%/28%/15%    2.475    0.001    90.0%     0.0%   1.4875   0.0090     8.6%
   305    16.2s   -0.0011     5.0%     5.0%    76.0%      58%/26%/16%    2.150 8.99e-04    95.0%     0.0%   1.5425   0.0193     7.1%
   306     8.5s   -0.0003    20.0%    20.0%    64.7%      63%/20%/17%    1.775    0.001    80.0%     0.0%   1.4064  -0.0107     7.8%
   307     4.2s    0.0008    15.0%    15.0%    67.2%      64%/25%/11%    1.833    0.002    85.0%     0.0%   1.3470   0.0188    10.4%
   308     3.3s    0.0032    45.0%    45.0%    74.9%      65%/25%/10%    2.111    0.007    55.0%     0.0%   1.3131   0.0033     8.0%
   309     4.6s   -0.0005    15.0%    15.0%    67.7%      71%/18%/11%    2.650    0.002    85.0%     0.0%   1.3438   0.0194     7.2%
   310     3.6s    0.0027    50.0%    50.0%    83.6%       59%/33%/8%    2.220    0.005    50.0%     0.0%   1.3388   0.0086     8.0%
  [MA20] reward=-0.0001 task_sr=21.7% miss=78.0% time_limit=35.0% v2v=21.3%
  [PPO ] p_loss=0.0238 v_loss=1.3364 entropy=1.3388 grad=2.1692 active=21.9%
  [SIM ] avg_power(a)=0.5084 rsu_q=0.140 tx=90 no_tx=129 deadlock=0 svc=15.959GHz idle=2.0%
   311     3.8s    0.0010    20.0%    20.0%    76.2%      60%/28%/12%    2.350    0.002    80.0%     0.0%   1.4088  -0.0014     6.7%
   312     3.0s    0.0041    40.0%    40.0%    71.5%      58%/27%/15%    1.938    0.003    60.0%     0.0%   1.3268   0.0280    12.3%
   313     3.3s    0.0009    20.0%    20.0%    65.7%       76%/17%/7%    2.100    0.004    80.0%     0.0%   1.2687  -0.0060    10.3%
   314     3.8s    0.0001    15.0%    15.0%    72.4%       77%/16%/7%    2.367    0.001    85.0%     0.0%   1.0420   0.0275    11.2%
   315     4.7s    0.0004    20.0%    20.0%    72.8%       77%/14%/9%    2.367 2.69e-04    80.0%     0.0%   0.9934   0.0186     9.4%
   316     3.2s    0.0019    30.0%    30.0%    78.6%        84%/7%/9%    2.117 4.22e-04    70.0%     0.0%   1.0603   0.0160     7.1%
   317     4.3s    0.0017    30.0%    30.0%    74.6%       80%/11%/9%    2.017    0.002    70.0%     0.0%   1.2184   0.0107     7.6%
   318     3.7s    0.0017    30.0%    30.0%    70.5%      79%/10%/10%    2.283    0.002    70.0%     0.0%   1.1074   0.0007     4.6%
   319     3.3s    0.0001    30.0%    30.0%    74.8%        83%/8%/9%    2.414 7.13e-04    70.0%     0.0%   1.1290   0.0094     6.3%
   320    16.0s   -0.0015     5.0%     5.0%    66.5%       78%/7%/15%    2.200 8.20e-04    95.0%     0.0%   1.1944   0.0311     8.0%
  [MA20] reward=0.0006 task_sr=23.0% miss=77.0% time_limit=25.0% v2v=12.1%
  [PPO ] p_loss=-0.0972 v_loss=2.7240 entropy=1.1944 grad=2.9335 active=4.5%
  [SIM ] avg_power(a)=0.5092 rsu_q=0.000 tx=39 no_tx=142 deadlock=0 svc=2.665GHz idle=0.0%

    Ep    Wall    R/step     T_SR     V_SR     S_SR            L/R/V   Lat(s)       En     Miss      Ill      Ent       KL     Clip
--------------------------------------------------------------------------------------------------------------------------------
   321     4.0s    0.0003    15.0%    15.0%    63.7%       86%/4%/10%    2.050    0.000    85.0%     0.0%   1.0406   0.0006     8.1%
   322     3.3s   -0.0003    10.0%    10.0%    72.6%       80%/9%/11%    2.050    0.003    90.0%     0.0%   0.9515   0.0109     8.2%
   323     4.4s    0.0000    20.0%    20.0%    64.2%        88%/8%/4%    2.550    0.004    80.0%     0.0%   0.9597   0.0079     5.2%
   324     3.8s    0.0008    25.0%    25.0%    76.9%        89%/5%/6%    2.160    0.000    75.0%     0.0%   0.8514   0.0069     3.9%
   325     3.9s    0.0002    15.0%    15.0%    68.7%        89%/4%/7%    2.500    0.000    85.0%     0.0%   0.8738   0.0104     7.7%
   326     3.4s   -0.0002    15.0%    15.0%    71.0%        90%/4%/6%    2.420 1.10e-04    85.0%     0.0%   0.7754   0.0076     4.8%
   327     3.0s    0.0019    25.0%    25.0%    68.9%        93%/3%/4%    2.200    0.000    75.0%     0.0%   0.7745   0.0048     3.9%
   328     2.8s    0.0012    20.0%    20.0%    75.6%        91%/2%/7%    2.300    0.002    80.0%     0.0%   0.7704   0.0065     2.6%
   329     9.9s   -0.0011    10.0%    10.0%    72.1%        91%/4%/5%    1.700    0.000    90.0%     0.0%   0.7639   0.0007     2.7%
   330     3.5s    0.0008    15.0%    15.0%    65.0%        91%/3%/6%    1.833 9.54e-04    85.0%     0.0%   0.8631   0.0089     3.6%
  [MA20] reward=0.0007 task_sr=20.5% miss=79.5% time_limit=5.0% v2v=8.4%
  [PPO ] p_loss=0.0121 v_loss=1.2402 entropy=0.8631 grad=1.7461 active=20.0%
  [SIM ] avg_power(a)=0.5040 rsu_q=0.000 tx=17 no_tx=167 deadlock=0 svc=14.746GHz idle=2.2%
   331     3.4s   -0.0003    10.0%    10.0%    65.3%        88%/4%/8%    2.100    0.002    90.0%     0.0%   0.8726   0.0072     4.9%
   332     4.0s    0.0000    15.0%    15.0%    61.6%        92%/3%/5%    1.867    0.002    85.0%     0.0%   0.8937   0.0045     4.0%
   333     3.2s    0.0009    25.0%    25.0%    66.2%        89%/4%/7%    2.180    0.001    75.0%     0.0%   0.8032   0.0202     5.5%
   334     4.3s    0.0001    15.0%    15.0%    61.7%        94%/1%/5%    2.067    0.000    85.0%     0.0%   0.7957   0.0066     2.1%
   335     3.5s   -0.0011    10.0%    10.0%    61.1%        89%/3%/8%    2.800    0.001    90.0%     0.0%   0.8115   0.0079     4.1%
   336     3.9s   -0.0006    15.0%    15.0%    61.2%        92%/1%/7%    2.100    0.000    85.0%     0.0%   0.8386  -0.0007     3.5%
   337     3.3s    0.0009    20.0%    20.0%    74.1%        93%/1%/7%    1.975    0.000    80.0%     0.0%   0.8035  -0.0029     3.0%
   338     4.0s    0.0005    30.0%    30.0%    72.2%        92%/2%/6%    2.233 1.77e-04    70.0%     0.0%   0.7658   0.0035     2.8%
   339     2.6s    0.0011    30.0%    30.0%    72.9%        93%/2%/5%    2.200    0.000    70.0%     0.0%   0.7584   0.0029     3.1%
   340     3.8s   -0.0008     5.0%     5.0%    70.8%        95%/3%/2%    2.333    0.000    95.0%     0.0%   0.7364  -0.0023     2.5%
  [MA20] reward=0.0002 task_sr=17.2% miss=82.8% time_limit=0.0% v2v=6.2%
  [PPO ] p_loss=-0.0039 v_loss=1.9760 entropy=0.7364 grad=1.7433 active=19.3%
  [SIM ] avg_power(a)=0.4997 rsu_q=0.000 tx=11 no_tx=197 deadlock=0 svc=12.430GHz idle=1.9%

    Ep    Wall    R/step     T_SR     V_SR     S_SR            L/R/V   Lat(s)       En     Miss      Ill      Ent       KL     Clip
--------------------------------------------------------------------------------------------------------------------------------
   341     3.7s   -0.0005    15.0%    15.0%    72.7%        92%/1%/6%    1.967    0.001    85.0%     0.0%   0.6583   0.0038     4.4%
   342     4.5s   -0.0009    10.0%    10.0%    63.6%        94%/1%/5%    2.800    0.000    90.0%     0.0%   0.6542   0.0152     3.2%
   343     3.6s   -0.0008     5.0%     5.0%    62.0%        95%/1%/4%    2.400    0.000    95.0%     0.0%   0.6797   0.0111     3.1%
   344     3.8s    0.0021    30.0%    30.0%    66.4%        97%/1%/2%    1.814 1.64e-04    70.0%     0.0%   0.7166   0.0097     2.1%
   345     2.9s    0.0018    30.0%    30.0%    79.4%        93%/1%/5%    2.088    0.000    70.0%     0.0%   0.7466  -0.0053     4.4%
   346     3.9s    0.0004    25.0%    25.0%    69.9%        92%/2%/6%    2.383 1.30e-04    75.0%     0.0%   0.6946   0.0040     3.7%
   347     6.9s   -0.0006    15.0%    15.0%    68.5%       89%/1%/10%    2.133 4.81e-04    85.0%     0.0%   0.8080   0.0018     6.0%
   348     3.3s   -0.0000    15.0%    15.0%    71.3%        90%/4%/6%    2.167 7.66e-04    85.0%     0.0%   0.8289   0.0096     5.4%
   349     3.7s    0.0003    30.0%    30.0%    81.5%        94%/1%/4%    2.700    0.000    70.0%     0.0%   0.7266   0.0138     3.0%
   350     4.2s    0.0013    30.0%    30.0%    74.3%        87%/6%/7%    2.017 4.73e-04    70.0%     0.0%   0.6906   0.0023     5.6%
  [MA20] reward=0.0002 task_sr=19.0% miss=81.0% time_limit=0.0% v2v=5.7%
  [PPO ] p_loss=0.0034 v_loss=3.4534 entropy=0.6906 grad=5.7127 active=14.2%
  [SIM ] avg_power(a)=0.5016 rsu_q=0.000 tx=22 no_tx=151 deadlock=0 svc=9.815GHz idle=1.6%
   351    12.5s   -0.0013     0.0%     0.0%    56.9%        91%/2%/8%    0.000 6.72e-04   100.0%     0.0%   0.6613   0.0201     5.2%
   352     3.8s   -0.0010    10.0%    10.0%    73.1%        93%/4%/3%    2.425    0.000    90.0%     0.0%   0.7141   0.0054     4.3%
   353     3.7s    0.0011    25.0%    25.0%    75.7%        92%/3%/5%    2.333 9.22e-04    75.0%     0.0%   0.8166   0.0134     4.9%
   354     4.6s   -0.0002    15.0%    15.0%    64.9%        88%/5%/7%    2.433    0.002    85.0%     0.0%   0.9709   0.0061     6.1%
   355     4.1s   -0.0014     5.0%     5.0%    57.3%       85%/4%/11%    1.800 5.37e-04    95.0%     0.0%   0.9463   0.0018     7.3%
   356     4.1s   -0.0009    10.0%    10.0%    65.2%        90%/1%/9%    2.950    0.001    90.0%     0.0%   0.9248   0.0071     5.0%
   357     4.4s   -0.0009     5.0%     5.0%    62.2%        89%/2%/9%    2.500    0.003    95.0%     0.0%   0.9738   0.0127     6.8%
   358     6.8s   -0.0012     5.0%     5.0%    70.0%       85%/3%/12%    2.367 6.43e-04    95.0%     0.0%   1.0295   0.0096     8.8%
   359     3.9s   -0.0003    10.0%    10.0%    64.1%       87%/2%/11%    2.100    0.002    90.0%     0.0%   0.9585   0.0234     6.6%
   360     5.5s   -0.0011     5.0%     5.0%    60.5%       86%/3%/11%    2.500 3.04e-04    95.0%     0.0%   0.8550   0.0167     9.4%
  [MA20] reward=-0.0002 task_sr=14.8% miss=85.2% time_limit=0.0% v2v=7.1%
  [PPO ] p_loss=-0.0119 v_loss=2.8062 entropy=0.8550 grad=1.5245 active=13.5%
  [SIM ] avg_power(a)=0.4988 rsu_q=0.000 tx=26 no_tx=157 deadlock=0 svc=9.346GHz idle=1.5%
  [LateGuard] restore best_model at ep360 (drop=0.270, freeze=False)

    Ep    Wall    R/step     T_SR     V_SR     S_SR            L/R/V   Lat(s)       En     Miss      Ill      Ent       KL     Clip
--------------------------------------------------------------------------------------------------------------------------------
   361    13.3s   -0.0010    15.0%    15.0%    70.5%      52%/28%/20%    2.980    0.001    85.0%     0.0%   1.5695   0.0164     6.7%
   362    14.3s   -0.0002    40.0%    40.0%    83.8%      51%/33%/16%    1.988    0.002    60.0%     0.0%   1.4326   0.1437    11.1%
   363    15.1s   -0.0011    15.0%    15.0%    69.4%      56%/30%/14%    2.175    0.002    85.0%     0.0%   1.5898   0.0190     3.9%
   364     3.5s    0.0029    20.0%    20.0%    73.1%      55%/28%/17%    2.000    0.007    80.0%     0.0%   1.5273   0.0095     5.9%
   365     8.3s    0.0003    30.0%    30.0%    77.7%      58%/27%/15%    1.857    0.002    70.0%     0.0%   1.4912   0.0193     7.3%
   366     4.4s   -0.0001    15.0%    15.0%    70.1%      69%/19%/12%    2.333    0.001    85.0%     0.0%   1.4176   0.0020     5.0%
   367     9.4s   -0.0006    20.0%    20.0%    73.9%      60%/26%/14%    2.175    0.002    80.0%     0.0%   1.3364   0.0157     8.9%
   368     3.1s    0.0010    20.0%    20.0%    79.5%       73%/17%/9%    1.925 9.27e-04    80.0%     0.0%   1.3037   0.0071     3.4%
   369    14.1s   -0.0009    15.0%    15.0%    72.1%      63%/25%/12%    2.567 6.46e-04    85.0%     0.0%   1.4032   0.0176    10.7%
   370     4.6s    0.0005    20.0%    20.0%    80.3%      68%/20%/12%    2.340    0.002    80.0%     0.0%   1.3311   0.0258    13.2%
  [MA20] reward=-0.0003 task_sr=15.0% miss=85.0% time_limit=10.0% v2v=11.3%
  [PPO ] p_loss=0.0161 v_loss=1.9715 entropy=1.3311 grad=1.9074 active=17.9%
  [SIM ] avg_power(a)=0.5125 rsu_q=0.000 tx=67 no_tx=141 deadlock=0 svc=11.581GHz idle=1.7%
   371    15.3s   -0.0011    10.0%    10.0%    62.6%      76%/13%/10%    2.100    0.001    90.0%     0.0%   1.1560   0.0018     6.5%
   372     4.1s   -0.0003    10.0%    10.0%    69.6%       80%/9%/11%    2.025 9.58e-04    90.0%     0.0%   1.1360   0.0111     6.9%
   373     5.1s   -0.0004    15.0%    15.0%    74.0%      80%/11%/10%    2.533    0.002    85.0%     0.0%   1.0298   0.0079     7.3%
   374     4.3s   -0.0006    15.0%    15.0%    72.4%       77%/14%/9%    1.875    0.002    85.0%     0.0%   1.0444   0.0172     7.9%
   375     3.3s    0.0012    40.0%    40.0%    75.7%       81%/10%/9%    2.488 8.44e-04    60.0%     0.0%   0.9865   0.0186     6.5%
  [LateGuard] restore best_model at ep375 (drop=0.291, freeze=False)
   376    14.3s   -0.0008    25.0%    25.0%    68.5%      52%/30%/18%    1.740    0.003    75.0%     0.0%   1.6992   0.0194     5.6%
   377    11.7s   -0.0009    20.0%    20.0%    77.2%      50%/32%/19%    2.425    0.005    80.0%     0.0%   1.8401   0.0190     6.1%
   378     4.7s   -0.0012     0.0%     0.0%    63.6%      36%/38%/25%    2.000    0.007   100.0%     0.0%   1.7583   0.0062     4.5%
   379    10.4s   -0.0006    20.0%    20.0%    73.0%      41%/35%/25%    2.000    0.002    80.0%     0.0%   1.8538   0.0084    11.3%
   380    14.8s   -0.0010    15.0%    15.0%    75.0%      52%/27%/21%    2.525 8.54e-04    85.0%     0.0%   1.6919   0.0188     5.5%
  [MA20] reward=-0.0002 task_sr=19.0% miss=81.0% time_limit=20.0% v2v=14.9%
  [PPO ] p_loss=-0.0505 v_loss=1.2398 entropy=1.6919 grad=3.5090 active=5.2%
  [SIM ] avg_power(a)=0.5093 rsu_q=0.015 tx=98 no_tx=110 deadlock=0 svc=3.492GHz idle=0.0%

    Ep    Wall    R/step     T_SR     V_SR     S_SR            L/R/V   Lat(s)       En     Miss      Ill      Ent       KL     Clip
--------------------------------------------------------------------------------------------------------------------------------
   381    14.8s   -0.0013     0.0%     0.0%    53.9%      49%/24%/27%    0.000    0.002   100.0%     0.0%   1.7882   0.0219     4.6%
   382    13.0s   -0.0011    15.0%    15.0%    72.8%      46%/27%/27%    2.367    0.002    85.0%     0.0%   1.7687  -0.0011     4.2%
   383     7.5s   -0.0013     5.0%     5.0%    63.4%      44%/25%/31%    2.100    0.008    95.0%     0.0%   1.8213   0.0090     9.6%
   384    15.5s   -0.0014     0.0%     0.0%    56.8%      59%/17%/25%    0.000    0.002   100.0%     0.0%   1.5962   0.0251     6.7%
   385    15.8s   -0.0013     5.0%     5.0%    68.0%      53%/24%/23%    2.200 8.73e-04    95.0%     0.0%   1.7120   0.0241     3.0%
   386     9.1s   -0.0015     0.0%     0.0%    54.1%      54%/21%/26%    0.000    0.003   100.0%     0.0%   1.7620   0.0086     8.8%
   387    17.0s   -0.0014     0.0%     0.0%    56.2%      42%/21%/38%    0.000    0.002   100.0%     0.0%   1.7782   0.0004    15.7%
   388     3.5s    0.0008    15.0%    15.0%    65.8%      57%/15%/28%    1.900    0.002    85.0%     0.0%   1.6254   0.0161     8.8%
   389     7.3s   -0.0014     5.0%     5.0%    48.5%      54%/15%/32%    2.500    0.002    95.0%     0.0%   1.6172   0.0004    15.8%
   390    16.3s   -0.0013     0.0%     0.0%    57.5%      57%/11%/32%    0.000 5.59e-04   100.0%     0.0%   1.6421  -0.0031    13.1%
  [MA20] reward=-0.0008 task_sr=10.8% miss=89.2% time_limit=30.0% v2v=22.2%
  [PPO ] p_loss=-0.0299 v_loss=1.5408 entropy=1.6421 grad=3.6764 active=4.6%
  [SIM ] avg_power(a)=0.5074 rsu_q=0.000 tx=79 no_tx=104 deadlock=0 svc=2.684GHz idle=0.0%
  [LateGuard] restore best_model at ep390 (drop=0.403, freeze=False)
   391     3.0s    0.0020    20.0%    20.0%    77.6%      50%/34%/16%    2.350    0.008    80.0%     0.0%   1.6906   0.0024     3.3%
   392    14.9s   -0.0008    20.0%    20.0%    74.4%      53%/30%/17%    2.025    0.002    80.0%     0.0%   1.6775   0.0195     3.0%
   393    16.3s   -0.0011    10.0%    10.0%    63.7%      51%/30%/19%    2.433    0.001    90.0%     0.0%   1.5815   0.0191    10.2%
   394     8.5s    0.0001    25.0%    25.0%    81.6%      49%/35%/16%    2.114    0.006    75.0%     0.0%   1.5371   0.0223     6.1%
   395     7.6s    0.0004    45.0%    45.0%    82.6%      56%/31%/13%    2.380    0.003    55.0%     0.0%   1.5364   0.0149    13.0%
   396     4.8s   -0.0010     5.0%     5.0%    66.8%      50%/26%/23%    2.750    0.004    95.0%     0.0%   1.6636   0.0029    11.5%
   397    11.4s   -0.0012    10.0%    10.0%    71.1%      60%/20%/19%    2.750    0.005    90.0%     0.0%   1.7559   0.0155     5.6%
   398    15.5s   -0.0012    15.0%    15.0%    61.2%      60%/22%/18%    2.100 7.81e-04    85.0%     0.0%   1.7048   0.0104     8.9%
   399     4.4s   -0.0008    15.0%    15.0%    66.5%      47%/25%/28%    2.200    0.003    85.0%     0.0%   1.7449   0.0103    13.4%
   400     5.4s   -0.0012     0.0%     0.0%    65.5%      45%/33%/23%    0.000    0.003   100.0%     0.0%   1.8435  -0.0029     9.9%
  [MA20] reward=-0.0008 task_sr=10.5% miss=89.5% time_limit=35.0% v2v=24.0%
  [PPO ] p_loss=0.0214 v_loss=2.9528 entropy=1.8435 grad=1.4271 active=16.4%
  [SIM ] avg_power(a)=0.5157 rsu_q=0.113 tx=109 no_tx=91 deadlock=0 svc=11.208GHz idle=1.6%

    Ep    Wall    R/step     T_SR     V_SR     S_SR            L/R/V   Lat(s)       En     Miss      Ill      Ent       KL     Clip
--------------------------------------------------------------------------------------------------------------------------------
   401    15.4s   -0.0013     5.0%     5.0%    61.3%      52%/26%/22%    3.100    0.004    90.0%     0.0%   1.7355   0.0080    12.3%
   402    15.5s   -0.0010    10.0%    10.0%    61.1%      61%/21%/18%    1.550 6.73e-04    90.0%     0.0%   1.6587   0.0003     6.6%
   403     5.0s   -0.0007     5.0%     5.0%    73.3%      55%/27%/18%    2.000    0.013    95.0%     0.0%   1.6250  -0.0025    10.1%
   404     3.8s   -0.0009     5.0%     5.0%    68.6%      45%/34%/22%    1.800    0.009    95.0%     0.0%   1.6549   0.0057     6.3%
   405     8.5s   -0.0005    10.0%    10.0%    68.4%      49%/33%/18%    2.200    0.003    90.0%     0.0%   1.6366   0.0225     8.4%
  [LateGuard] restore best_model at ep405 (drop=0.452, freeze=False)
   406     5.2s   -0.0007    15.0%    15.0%    71.9%      54%/31%/14%    2.100    0.003    85.0%     0.0%   1.6340  -0.0037     6.4%
   407     4.9s   -0.0009    10.0%    10.0%    74.6%      52%/29%/20%    2.050    0.003    90.0%     0.0%   1.6100   0.0192    10.0%
   408     4.1s    0.0011    20.0%    20.0%    66.2%      60%/24%/16%    2.025    0.006    80.0%     0.0%   1.5317   0.0053     4.9%
   409    15.3s   -0.0007    25.0%    25.0%    69.3%      63%/21%/16%    2.200 9.57e-04    75.0%     0.0%   1.6041   0.0201     5.5%
   410     3.6s    0.0008    25.0%    25.0%    78.4%      61%/27%/11%    2.620    0.005    75.0%     0.0%   1.4380  -0.0014     6.5%
  [MA20] reward=-0.0005 task_sr=14.8% miss=85.0% time_limit=30.0% v2v=18.4%
  [PPO ] p_loss=0.0155 v_loss=1.7165 entropy=1.4380 grad=1.6221 active=23.6%
  [SIM ] avg_power(a)=0.5174 rsu_q=0.085 tx=85 no_tx=136 deadlock=0 svc=17.252GHz idle=2.1%
   411    14.8s   -0.0005    30.0%    30.0%    80.5%      64%/19%/17%    2.300    0.002    70.0%     0.0%   1.4669   0.0082     5.1%
   412     4.5s    0.0015    25.0%    25.0%    61.9%      61%/24%/15%    2.217    0.005    75.0%     0.0%   1.5062   0.0149     8.2%
   413     4.7s   -0.0007    10.0%    10.0%    72.0%      60%/24%/17%    2.650    0.007    90.0%     0.0%   1.4539   0.0040    10.0%
   414     4.0s    0.0017    25.0%    25.0%    75.5%      63%/26%/10%    2.083    0.004    75.0%     0.0%   1.3518   0.0187     8.9%
   415    13.3s   -0.0006    25.0%    25.0%    74.6%      61%/27%/12%    2.057    0.002    75.0%     0.0%   1.3302   0.0204    11.0%
   416    15.8s   -0.0010    20.0%    20.0%    72.3%      69%/22%/10%    2.820    0.002    80.0%     0.0%   1.2879  -0.0089     8.1%
   417     3.5s    0.0017    30.0%    30.0%    73.7%      71%/17%/12%    2.233    0.005    70.0%     0.0%   1.3629   0.0042    12.1%
   418     2.7s    0.0016    20.0%    20.0%    76.3%       75%/17%/9%    2.171    0.003    80.0%     0.0%   1.3052   0.0046     6.1%
   419     4.1s   -0.0001    10.0%    10.0%    61.3%      66%/18%/16%    1.600    0.005    90.0%     0.0%   1.3226   0.0097    10.1%
   420     3.4s    0.0034    30.0%    30.0%    73.8%       70%/22%/8%    1.814    0.002    70.0%     0.0%   1.3998   0.0259    10.6%
  [MA20] reward=0.0001 task_sr=17.8% miss=82.0% time_limit=25.0% v2v=15.0%
  [PPO ] p_loss=-0.0199 v_loss=1.1005 entropy=1.3998 grad=0.8193 active=21.1%
  [SIM ] avg_power(a)=0.5219 rsu_q=0.064 tx=57 no_tx=139 deadlock=0 svc=15.086GHz idle=2.1%
  [LateGuard] restore best_model at ep420 (drop=0.390, freeze=False)

    Ep    Wall    R/step     T_SR     V_SR     S_SR            L/R/V   Lat(s)       En     Miss      Ill      Ent       KL     Clip
--------------------------------------------------------------------------------------------------------------------------------
   421     8.7s   -0.0003    25.0%    25.0%    72.9%      48%/30%/22%    1.960    0.004    75.0%     0.0%   1.6768   0.0039    12.0%
   422     3.4s    0.0031    30.0%    30.0%    79.0%      51%/34%/15%    2.171    0.008    70.0%     0.0%   1.5172   0.0088     4.8%
   423     3.1s   -0.0009     5.0%     5.0%    70.4%      64%/23%/13%    2.175    0.008    95.0%     0.0%   1.4637   0.0046     6.3%
   424     8.9s   -0.0002    25.0%    25.0%    74.4%      61%/27%/12%    1.980    0.002    75.0%     0.0%   1.4160   0.0129     7.0%
   425     3.8s    0.0009    15.0%    15.0%    73.7%      65%/22%/13%    2.125    0.008    85.0%     0.0%   1.4421   0.0066     4.0%
   426     3.4s    0.0004    15.0%    15.0%    70.2%      67%/21%/12%    2.220    0.004    85.0%     0.0%   1.4983   0.0038     8.3%
   427    10.6s   -0.0009    20.0%    20.0%    75.2%      56%/30%/14%    2.025    0.004    80.0%     0.0%   1.4803   0.0177    11.6%
   428     4.0s    0.0014    15.0%    15.0%    74.0%      60%/28%/12%    2.225    0.004    85.0%     0.0%   1.4762   0.0241    10.5%
   429    14.7s   -0.0011    10.0%    10.0%    66.9%      55%/26%/19%    2.200    0.003    90.0%     0.0%   1.7552   0.0506     3.8%
   430     6.3s   -0.0006    10.0%    10.0%    71.5%      51%/32%/17%    2.550    0.004    90.0%     0.0%   1.4810   0.0149    10.2%
  [MA20] reward=0.0004 task_sr=19.8% miss=80.2% time_limit=10.0% v2v=13.7%
  [PPO ] p_loss=0.0063 v_loss=1.9605 entropy=1.4810 grad=1.3077 active=12.1%
  [SIM ] avg_power(a)=0.5256 rsu_q=0.110 tx=96 no_tx=100 deadlock=0 svc=8.548GHz idle=1.2%
   431     4.6s    0.0016    25.0%    25.0%    72.2%      60%/27%/13%    1.860    0.006    75.0%     0.0%   1.5649   0.0150    10.5%
   432     7.5s   -0.0003    15.0%    15.0%    76.9%      53%/30%/17%    2.100    0.004    85.0%     0.0%   1.5741  -0.0025     9.8%
   433     6.9s   -0.0006    15.0%    15.0%    67.0%      57%/26%/16%    2.200    0.003    85.0%     0.0%   1.5676   0.0164    20.2%
   434     6.7s    0.0003    20.0%    20.0%    75.0%      60%/25%/15%    2.140    0.001    80.0%     0.0%   1.5727   0.0236    13.8%
   435     5.3s    0.0007    30.0%    30.0%    77.2%      57%/24%/19%    2.217    0.003    70.0%     0.0%   1.5375   0.0065    11.9%
  [LateGuard] restore best_model at ep435 (drop=0.324, freeze=False)
   436     4.4s    0.0016    25.0%    25.0%    76.5%      49%/34%/16%    2.217    0.008    75.0%     0.0%   1.5518   0.0153    16.5%
   437     4.7s    0.0002    20.0%    20.0%    72.7%      63%/25%/12%    2.325    0.006    80.0%     0.0%   1.4452   0.0118     6.7%
   438     4.4s    0.0008    15.0%    15.0%    73.3%      52%/32%/16%    1.867    0.005    85.0%     0.0%   1.4681  -0.0031    13.2%
   439     5.3s    0.0005    15.0%    15.0%    67.5%      61%/25%/14%    1.600    0.002    85.0%     0.0%   1.4524   0.0296     6.2%
   440     2.9s    0.0024    30.0%    30.0%    87.0%       62%/28%/9%    2.100    0.014    70.0%     0.0%   1.4191  -0.0068     4.3%
  [MA20] reward=0.0004 task_sr=19.0% miss=81.0% time_limit=0.0% v2v=14.9%
  [PPO ] p_loss=-0.0480 v_loss=1.8276 entropy=1.4191 grad=1.0778 active=28.0%
  [SIM ] avg_power(a)=0.5189 rsu_q=0.053 tx=80 no_tx=133 deadlock=0 svc=20.213GHz idle=2.6%

    Ep    Wall    R/step     T_SR     V_SR     S_SR            L/R/V   Lat(s)       En     Miss      Ill      Ent       KL     Clip
--------------------------------------------------------------------------------------------------------------------------------
   441     6.1s    0.0002    25.0%    25.0%    75.7%      63%/25%/12%    1.917    0.002    75.0%     0.0%   1.4168   0.0204    15.3%
   442     3.4s    0.0026    20.0%    20.0%    74.5%       66%/26%/8%    1.850    0.003    80.0%     0.0%   1.2102   0.0249    13.2%
   443     3.6s    0.0013    20.0%    20.0%    72.0%       73%/18%/9%    2.100    0.006    80.0%     0.0%   1.2166  -0.0063    14.1%
   444     3.0s    0.0057    40.0%    40.0%    79.9%       60%/33%/7%    1.825    0.005    60.0%     0.0%   1.3345   0.0125    12.2%
   445     3.4s    0.0030    30.0%    30.0%    72.7%       68%/28%/4%    2.257    0.005    70.0%     0.0%   1.2673   0.0160     7.3%
   446     2.7s    0.0040    40.0%    40.0%    85.2%       63%/30%/7%    2.100    0.007    60.0%     0.0%   1.2878   0.0076    10.1%
   447     3.0s    0.0032    30.0%    30.0%    83.5%       60%/34%/6%    2.375    0.009    70.0%     0.0%   1.3638   0.0144    11.7%
   448     3.4s    0.0024    40.0%    40.0%    83.5%       59%/33%/8%    2.256    0.001    60.0%     0.0%   1.3129  -0.0153    12.0%
   449     3.3s    0.0036    25.0%    25.0%    83.2%       62%/33%/5%    2.257    0.015    75.0%     0.0%   1.2732   0.0085    10.3%
   450     2.8s    0.0088    70.0%    70.0%    89.5%       55%/40%/5%    2.014    0.005    30.0%     0.0%   1.2044   0.0173    11.2%
  [MA20] reward=0.0021 task_sr=27.5% miss=72.5% time_limit=0.0% v2v=11.0%
  [PPO ] p_loss=0.0163 v_loss=3.6295 entropy=1.2044 grad=10.9421 active=27.1%
  [SIM ] avg_power(a)=0.5173 rsu_q=0.293 tx=99 no_tx=122 deadlock=0 svc=18.836GHz idle=2.4%
   451     3.5s    0.0031    40.0%    40.0%    80.9%       61%/35%/4%    2.090    0.001    60.0%     0.0%   1.2904   0.0247    10.8%
   452     3.2s    0.0039    45.0%    45.0%    90.1%       66%/28%/7%    2.390    0.005    55.0%     0.0%   1.2342   0.0254    10.6%
   453     3.1s    0.0032    30.0%    30.0%    80.7%       61%/31%/8%    2.086    0.007    70.0%     0.0%   1.2089   0.0082     9.6%
   454     3.6s    0.0017    40.0%    40.0%    82.2%       72%/22%/6%    2.133    0.004    60.0%     0.0%   1.2150   0.0078    12.2%
   455     4.1s    0.0046    65.0%    65.0%    86.3%       64%/30%/6%    2.215    0.003    35.0%     0.0%   1.2232   0.0281    10.7%
   456     4.1s    0.0003    20.0%    20.0%    70.6%      61%/26%/13%    1.975    0.005    80.0%     0.0%   1.2344   0.0103    18.3%
   457     4.1s    0.0015    25.0%    25.0%    74.0%       70%/23%/7%    1.920    0.001    75.0%     0.0%   1.1477   0.0162    12.4%
   458     3.2s    0.0024    35.0%    35.0%    82.3%       73%/24%/3%    1.914 5.45e-04    65.0%     0.0%   1.0803 -7.44e-05     8.5%
   459     3.9s   -0.0006     5.0%     5.0%    72.4%       82%/14%/4%    2.267    0.002    95.0%     0.0%   0.9885   0.0390    14.5%
   460     2.6s    0.0072    50.0%    50.0%    84.6%       73%/24%/3%    2.020 4.26e-04    50.0%     0.0%   1.0528   0.0172     7.2%
  [MA20] reward=0.0031 task_sr=34.8% miss=65.2% time_limit=0.0% v2v=6.6%
  [PPO ] p_loss=0.0151 v_loss=1.5283 entropy=1.0528 grad=2.1425 active=30.7%
  [SIM ] avg_power(a)=0.5005 rsu_q=0.029 tx=58 no_tx=157 deadlock=0 svc=20.985GHz idle=2.9%
  → Best model saved: Success Rate = 0.260 (50-ep avg)

    Ep    Wall    R/step     T_SR     V_SR     S_SR            L/R/V   Lat(s)       En     Miss      Ill      Ent       KL     Clip
--------------------------------------------------------------------------------------------------------------------------------
   461     3.4s   -0.0004    15.0%    15.0%    82.2%       61%/31%/7%    2.740    0.007    85.0%     0.0%   1.1624   0.0191    10.7%
   462     3.5s    0.0027    30.0%    30.0%    76.0%       61%/33%/6%    2.067    0.001    70.0%     0.0%   1.2200   0.0011     7.0%
   463     3.1s    0.0056    55.0%    55.0%    88.9%       56%/39%/5%    2.183 3.69e-04    45.0%     0.0%   1.2815   0.0238     8.1%
   464     2.7s    0.0045    45.0%    45.0%    88.1%       57%/36%/7%    2.273    0.002    55.0%     0.0%   1.1494   0.0102    11.2%
   465     3.8s    0.0034    50.0%    50.0%    83.2%       68%/26%/6%    2.090    0.004    50.0%     0.0%   1.1571   0.0121    11.4%
   466     3.2s    0.0012    35.0%    35.0%    84.0%       72%/20%/7%    2.314    0.001    65.0%     0.0%   1.0976   0.0109     8.3%
   467     2.8s    0.0052    45.0%    45.0%    81.4%       68%/25%/6%    2.130    0.002    55.0%     0.0%   1.1251   0.0159     5.2%
   468     2.6s    0.0037    50.0%    50.0%    86.9%       61%/35%/4%    2.300 4.73e-04    50.0%     0.0%   1.1970   0.0153     6.2%
   469     4.2s    0.0018    40.0%    40.0%    78.6%       54%/40%/5%    2.375    0.005    60.0%     0.0%   1.2163   0.0214     9.6%
   470     3.2s    0.0066    50.0%    50.0%    85.3%       48%/48%/4%    2.190    0.005    50.0%     0.0%   1.1725   0.0293    11.0%
  [MA20] reward=0.0031 task_sr=38.5% miss=61.5% time_limit=0.0% v2v=5.9%
  [PPO ] p_loss=-0.0017 v_loss=1.4669 entropy=1.1725 grad=1.0632 active=28.7%
  [SIM ] avg_power(a)=0.5040 rsu_q=0.575 tx=119 no_tx=111 deadlock=0 svc=20.741GHz idle=2.5%
  → Best model saved: Success Rate = 0.298 (50-ep avg)
   471     2.9s    0.0048    55.0%    55.0%    88.5%       53%/44%/3%    2.250    0.010    45.0%     0.0%   1.1044   0.0130     9.7%
   472     2.7s    0.0070    55.0%    55.0%    88.8%       55%/41%/4%    2.083    0.007    45.0%     0.0%   1.1190   0.0067     7.8%
   473     3.8s    0.0047    35.0%    35.0%    80.7%       56%/42%/2%    2.120    0.004    65.0%     0.0%   1.1493   0.0214    10.7%
   474     3.6s    0.0020    30.0%    30.0%    86.3%       56%/40%/4%    2.300 1.98e-04    70.0%     0.0%   1.1647   0.0126    11.3%
   475     3.3s    0.0052    40.0%    40.0%    90.2%       48%/46%/6%    2.330    0.005    60.0%     0.0%   1.2009   0.0176    10.4%
   476     4.0s    0.0037    55.0%    55.0%    89.5%       49%/46%/5%    2.136    0.003    45.0%     0.0%   1.1969   0.0041    13.0%
   477     3.4s    0.0033    30.0%    30.0%    81.9%       46%/48%/7%    2.214    0.028    70.0%     0.0%   1.2643   0.0041    10.0%
   478     3.5s    0.0009    20.0%    20.0%    80.1%       37%/57%/7%    2.225    0.034    80.0%     0.0%   1.2054   0.0114     8.6%
   479     2.9s    0.0044    45.0%    45.0%    89.3%       37%/58%/4%    2.370    0.023    55.0%     0.0%   1.2609   0.0121    12.9%
   480     3.4s    0.0038    45.0%    45.0%    88.3%       49%/46%/5%    2.355    0.024    55.0%     0.0%   1.2128   0.0301     8.3%
  [MA20] reward=0.0037 task_sr=41.2% miss=58.8% time_limit=0.0% v2v=5.1%
  [PPO ] p_loss=0.0205 v_loss=1.8654 entropy=1.2128 grad=4.6649 active=23.9%
  [SIM ] avg_power(a)=0.5098 rsu_q=0.217 tx=112 no_tx=108 deadlock=0 svc=17.357GHz idle=2.2%
  → Best model saved: Success Rate = 0.346 (50-ep avg)

    Ep    Wall    R/step     T_SR     V_SR     S_SR            L/R/V   Lat(s)       En     Miss      Ill      Ent       KL     Clip
--------------------------------------------------------------------------------------------------------------------------------
   481     3.0s    0.0024    30.0%    30.0%    80.4%       54%/39%/7%    2.133    0.024    70.0%     0.0%   1.3063  -0.0160     9.8%
   482     3.3s    0.0014    25.0%    25.0%    75.4%       51%/40%/9%    2.300    0.010    75.0%     0.0%   1.2636   0.0152    13.9%
   483     3.4s    0.0052    65.0%    65.0%    92.8%       48%/47%/5%    2.253    0.009    35.0%     0.0%   1.2761   0.0193    11.0%
   484     3.5s    0.0019    15.0%    15.0%    76.6%       39%/52%/9%    1.500    0.014    85.0%     0.0%   1.2320   0.0078    16.8%
   485     3.1s    0.0033    40.0%    40.0%    81.7%       45%/51%/4%    2.533    0.038    60.0%     0.0%   1.1879   0.0062    11.6%
   486     2.7s    0.0089    50.0%    50.0%    83.9%       46%/50%/4%    2.055    0.018    50.0%     0.0%   1.0621  -0.0044    10.7%
   487     4.1s    0.0018    35.0%    35.0%    75.7%       42%/55%/4%    2.088    0.026    65.0%     0.0%   1.0318   0.0151    10.3%
   488     3.4s    0.0060    55.0%    55.0%    87.9%       35%/62%/4%    2.269    0.021    45.0%     0.0%   1.0921   0.0106    16.6%
   489     3.4s    0.0028    35.0%    35.0%    84.3%       36%/60%/4%    2.327    0.030    65.0%     0.0%   1.1282   0.0045    10.0%
   490     3.3s    0.0044    20.0%    20.0%    70.8%      37%/47%/16%    1.700    0.016    80.0%     0.0%   1.3148  -0.0107    17.8%
  [MA20] reward=0.0039 task_sr=39.0% miss=61.0% time_limit=0.0% v2v=5.5%
  [PPO ] p_loss=0.0167 v_loss=4.4967 entropy=1.3148 grad=3.2291 active=23.2%
  [SIM ] avg_power(a)=0.4920 rsu_q=0.439 tx=118 no_tx=70 deadlock=0 svc=16.295GHz idle=2.4%
   491     3.1s    0.0033    30.0%    30.0%    83.6%      44%/45%/10%    2.156    0.012    70.0%     0.0%   1.2292   0.0072    13.1%
   492     3.5s    0.0022    40.0%    40.0%    86.4%       37%/54%/9%    2.450    0.013    60.0%     0.0%   1.1272   0.0255    16.1%
   493     3.9s    0.0008    25.0%    25.0%    77.0%       50%/43%/6%    2.571    0.015    75.0%     0.0%   1.0714   0.0357    14.2%
   494     3.5s    0.0009    20.0%    20.0%    71.4%       47%/49%/4%    2.225    0.030    80.0%     0.0%   1.1322   0.0155    10.1%
   495     3.1s    0.0021    20.0%    20.0%    61.8%       45%/50%/6%    2.100    0.064    80.0%     0.0%   1.0650   0.0202    12.0%
   496     3.4s    0.0001    15.0%    15.0%    74.1%       47%/50%/4%    2.700    0.028    85.0%     0.0%   1.0330   0.0089    12.6%
   497     3.3s    0.0007    25.0%    25.0%    63.1%       39%/57%/4%    2.420    0.094    75.0%     0.0%   1.0393   0.0218    12.8%
   498     2.6s    0.0069    50.0%    50.0%    93.7%       27%/69%/4%    2.367    0.041    50.0%     0.0%   0.9490   0.0001     7.7%
   499     3.2s    0.0044    35.0%    35.0%    76.3%       30%/67%/3%    2.338    0.074    65.0%     0.0%   0.9906   0.0163    13.4%
   500     2.7s    0.0087    55.0%    55.0%    83.9%       26%/70%/5%    2.117    0.052    45.0%     0.0%   1.0125  -0.0036     9.2%
  [MA20] reward=0.0034 task_sr=34.2% miss=65.8% time_limit=0.0% v2v=6.0%
  [PPO ] p_loss=-0.0069 v_loss=3.9181 entropy=1.0125 grad=11.5236 active=30.2%
  [SIM ] avg_power(a)=0.5130 rsu_q=1.121 tx=148 no_tx=51 deadlock=0 svc=21.181GHz idle=3.0%

    Ep    Wall    R/step     T_SR     V_SR     S_SR            L/R/V   Lat(s)       En     Miss      Ill      Ent       KL     Clip
--------------------------------------------------------------------------------------------------------------------------------
   501     3.1s    0.0065    45.0%    45.0%    86.1%       23%/73%/3%    2.175    0.032    55.0%     0.0%   0.9731   0.0033    10.5%
   502     3.2s    0.0127    70.0%    70.0%    93.6%       18%/78%/4%    1.957    0.026    30.0%     0.0%   0.8832  -0.0028    13.7%
   503     2.8s    0.0105    65.0%    65.0%    94.3%       14%/84%/1%    2.129    0.049    35.0%     0.0%   0.8861   0.0053     5.8%
   504     2.9s    0.0114    75.0%    75.0%    94.7%       13%/85%/1%    2.147    0.041    25.0%     0.0%   0.8294  -0.0025     5.9%
   505     2.6s    0.0090    60.0%    60.0%    94.6%       11%/84%/5%    2.207    0.057    40.0%     0.0%   0.8269   0.0112     6.8%
   506     2.8s    0.0111    65.0%    65.0%    94.9%        9%/90%/1%    2.150    0.058    35.0%     0.0%   0.8221  -0.0076     4.6%
   507     3.3s    0.0030    30.0%    30.0%    86.2%        8%/87%/5%    2.467    0.078    70.0%     0.0%   0.8170   0.0013     5.1%
   508     2.6s    0.0124    70.0%    70.0%    91.8%        8%/88%/3%    2.057    0.038    30.0%     0.0%   0.7915   0.0078     4.8%
   509     2.6s    0.0082    45.0%    45.0%    89.8%       11%/85%/4%    2.250    0.086    55.0%     0.0%   0.8686   0.0115     6.1%
   510     2.6s    0.0102    65.0%    65.0%    93.6%       15%/81%/4%    2.131    0.053    35.0%     0.0%   0.8139   0.0057     7.4%
  [MA20] reward=0.0063 task_sr=45.2% miss=54.8% time_limit=0.0% v2v=4.4%
  [PPO ] p_loss=-0.0093 v_loss=1.2177 entropy=0.8139 grad=3.6303 active=32.9%
  [SIM ] avg_power(a)=0.5305 rsu_q=1.735 tx=191 no_tx=33 deadlock=0 svc=23.001GHz idle=2.9%
  → Best model saved: Success Rate = 0.420 (50-ep avg)
   511     2.6s    0.0124    60.0%    60.0%    86.3%       10%/88%/2%    1.950    0.065    40.0%     0.0%   0.8573   0.0064     4.4%
   512     2.5s    0.0136    80.0%    80.0%    98.8%       13%/84%/3%    2.128    0.048    20.0%     0.0%   0.8313   0.0020     5.3%
   513     2.5s    0.0135    65.0%    65.0%    91.3%       18%/81%/1%    1.933    0.055    35.0%     0.0%   0.8655   0.0092     4.9%
   514     2.8s    0.0152    80.0%    80.0%    97.3%       16%/81%/2%    1.806    0.027    20.0%     0.0%   0.7849   0.0047     6.8%
   515     2.7s    0.0112    60.0%    60.0%    85.6%       14%/82%/3%    1.969    0.056    40.0%     0.0%   0.8954   0.0064     8.4%
   516     2.5s    0.0130    65.0%    65.0%    92.8%       14%/84%/1%    1.885    0.079    35.0%     0.0%   0.8792   0.0115     6.9%
   517     2.6s    0.0119    65.0%    65.0%    94.6%       12%/86%/2%    2.050    0.054    35.0%     0.0%   0.9415   0.0209     3.5%
   518     2.3s    0.0144    65.0%    65.0%    92.6%       23%/74%/3%    2.100    0.039    35.0%     0.0%   1.0168   0.0075     8.5%
   519     2.7s    0.0103    65.0%    65.0%    96.9%       16%/79%/5%    2.367    0.033    35.0%     0.0%   0.9345   0.0145     7.6%
   520     3.8s    0.0054    50.0%    50.0%    92.7%       22%/73%/5%    2.364    0.015    50.0%     0.0%   0.9858   0.0262    11.9%
  [MA20] reward=0.0108 task_sr=62.3% miss=37.7% time_limit=0.0% v2v=3.1%
  [PPO ] p_loss=0.0135 v_loss=1.1999 entropy=0.9858 grad=1.2058 active=23.7%
  [SIM ] avg_power(a)=0.5231 rsu_q=0.920 tx=186 no_tx=51 deadlock=0 svc=17.464GHz idle=2.0%

    Ep    Wall    R/step     T_SR     V_SR     S_SR            L/R/V   Lat(s)       En     Miss      Ill      Ent       KL     Clip
--------------------------------------------------------------------------------------------------------------------------------
   521     2.7s    0.0102    45.0%    45.0%    82.9%       16%/79%/5%    2.010    0.060    55.0%     0.0%   0.8762   0.0332    10.5%
   522     2.5s    0.0148    70.0%    70.0%    94.9%       14%/82%/5%    2.113    0.028    30.0%     0.0%   0.8175   0.0220    10.0%
   523     2.7s    0.0115    60.0%    60.0%    92.3%       14%/84%/2%    1.967    0.052    40.0%     0.0%   0.8086   0.0069     7.8%
   524     2.2s    0.0166    70.0%    70.0%    92.2%       12%/85%/3%    1.847    0.048    30.0%     0.0%   0.7397   0.0048     7.2%
   525     2.4s    0.0155    80.0%    80.0%    95.7%       12%/83%/5%    2.188    0.052    20.0%     0.0%   0.6990   0.0151     8.9%
   526     2.2s    0.0148    55.0%    55.0%    93.5%        8%/91%/1%    1.877    0.080    45.0%     0.0%   0.6975   0.0078     4.2%
   527     2.4s    0.0173    75.0%    75.0%    92.5%        7%/92%/1%    2.020    0.082    25.0%     0.0%   0.7582  -0.0014     7.1%
   528     2.3s    0.0159    65.0%    65.0%    97.1%        5%/95%/0%    2.041    0.083    35.0%     0.0%   0.7571   0.0078     4.2%
   529     2.4s    0.0148    70.0%    70.0%    91.8%        6%/93%/1%    2.000    0.098    30.0%     0.0%   0.7551   0.0007     5.8%
   530     2.4s    0.0190    75.0%    75.0%    93.4%        7%/92%/1%    1.813    0.066    25.0%     0.0%   0.7309   0.0129     5.0%
  [MA20] reward=0.0136 task_sr=66.0% miss=34.0% time_limit=0.0% v2v=2.7%
  [PPO ] p_loss=0.0131 v_loss=1.2086 entropy=0.7309 grad=1.3103 active=37.1%
  [SIM ] avg_power(a)=0.5302 rsu_q=2.103 tx=201 no_tx=14 deadlock=0 svc=25.404GHz idle=3.4%
  → Best model saved: Success Rate = 0.519 (50-ep avg)
   531     2.6s    0.0131    65.0%    65.0%    94.4%        9%/88%/2%    2.086    0.069    35.0%     0.0%   0.7716   0.0196    10.9%
   532     2.7s    0.0101    60.0%    60.0%    93.1%       11%/87%/2%    2.215    0.052    40.0%     0.0%   0.7884   0.0110     7.9%
   533     2.3s    0.0191    95.0%    95.0%   100.0%        5%/93%/3%    1.995    0.059     5.0%     0.0%   0.7722   0.0058     7.6%
   534     2.3s    0.0139    60.0%    60.0%    85.3%        7%/90%/3%    1.975    0.089    40.0%     0.0%   0.7610   0.0202     7.7%
   535     2.1s    0.0141    70.0%    70.0%    92.2%        8%/89%/3%    2.060    0.099    30.0%     0.0%   0.7268   0.0153     5.4%
   536     2.2s    0.0143    65.0%    65.0%    96.1%        9%/90%/1%    2.107    0.055    35.0%     0.0%   0.7740   0.0054     6.5%
   537     2.4s    0.0122    55.0%    55.0%    84.8%        6%/93%/1%    1.955    0.106    45.0%     0.0%   0.6703  -0.0055     7.1%
   538     2.9s    0.0050    25.0%    25.0%    66.3%        8%/91%/1%    2.083    0.089    75.0%     0.0%   0.7231   0.0030     6.1%
   539     2.0s    0.0290    90.0%    90.0%    99.1%        6%/92%/2%    1.750    0.051    10.0%     0.0%   0.6209   0.0165     6.2%
   540     2.3s    0.0190    85.0%    85.0%    98.0%        6%/92%/2%    2.094    0.078    15.0%     0.0%   0.6166   0.0037     5.2%
  [MA20] reward=0.0150 task_sr=66.8% miss=33.2% time_limit=0.0% v2v=2.2%
  [PPO ] p_loss=-0.0020 v_loss=1.5351 entropy=0.6166 grad=4.3556 active=41.4%
  [SIM ] avg_power(a)=0.5275 rsu_q=4.517 tx=226 no_tx=14 deadlock=0 svc=30.667GHz idle=6.9%
  → Best model saved: Success Rate = 0.579 (50-ep avg)

    Ep    Wall    R/step     T_SR     V_SR     S_SR            L/R/V   Lat(s)       En     Miss      Ill      Ent       KL     Clip
--------------------------------------------------------------------------------------------------------------------------------
   541     3.0s    0.0086    50.0%    50.0%    81.6%        9%/88%/3%    1.990    0.067    50.0%     0.0%   0.6209   0.0041     8.5%
   542     2.2s    0.0215    90.0%    90.0%    99.2%        8%/89%/3%    1.974    0.038    10.0%     0.0%   0.5778   0.0133     6.4%
   543     2.0s    0.0278    85.0%    85.0%    92.0%        5%/94%/0%    1.759    0.088    15.0%     0.0%   0.5956   0.0073     5.5%
   544     2.5s    0.0182    80.0%    80.0%    96.9%        8%/90%/2%    1.988    0.061    20.0%     0.0%   0.6254   0.0109     6.2%
   545     2.1s    0.0237    85.0%    85.0%    98.3%        7%/91%/2%    1.978    0.092    15.0%     0.0%   0.5349  -0.0018     6.8%
   546     2.3s    0.0164    90.0%    90.0%    98.8%        3%/97%/0%    1.968    0.098    10.0%     0.0%   0.6580   0.0136     4.8%
   547     2.3s    0.0122    70.0%    70.0%    93.3%        7%/92%/1%    2.206    0.075    30.0%     0.0%   0.7052   0.0108     5.5%
   548     2.3s    0.0173    85.0%    85.0%    94.5%        7%/92%/1%    2.000    0.066    15.0%     0.0%   0.6993   0.0088     7.4%
   549     2.3s    0.0134    60.0%    60.0%    90.7%        7%/91%/2%    2.057    0.063    40.0%     0.0%   0.7030   0.0106     5.7%
   550     2.3s    0.0221    90.0%    90.0%    99.2%        6%/92%/1%    1.889    0.055    10.0%     0.0%   0.6641   0.0084     5.2%
  [MA20] reward=0.0165 task_sr=72.7% miss=27.3% time_limit=0.0% v2v=1.8%
  [PPO ] p_loss=-0.0086 v_loss=1.2921 entropy=0.6641 grad=0.7646 active=36.1%
  [SIM ] avg_power(a)=0.5397 rsu_q=3.212 tx=223 no_tx=15 deadlock=0 svc=27.807GHz idle=12.1%
  → Best model saved: Success Rate = 0.673 (50-ep avg)
   551     2.5s    0.0119    55.0%    55.0%    85.7%        9%/89%/2%    2.015    0.072    45.0%     0.0%   0.8020   0.0200     7.8%
   552     2.5s    0.0122    70.0%    70.0%    88.1%        7%/88%/5%    2.100    0.064    30.0%     0.0%   0.7703   0.0013     6.2%
   553     2.9s    0.0157    75.0%    75.0%    91.1%        6%/93%/1%    1.853    0.062    25.0%     0.0%   0.7692  -0.0098     9.6%
   554     2.4s    0.0121    70.0%    70.0%    94.5%        5%/94%/1%    2.107    0.087    30.0%     0.0%   0.8212   0.0166     6.4%
   555     2.6s    0.0116    65.0%    65.0%    96.1%        9%/89%/2%    2.113    0.063    35.0%     0.0%   0.8196   0.0084     7.7%
   556     2.4s    0.0146    60.0%    60.0%    90.7%        9%/89%/2%    1.885    0.105    40.0%     0.0%   0.8404   0.0195    10.8%
   557     2.4s    0.0176    80.0%    80.0%    97.6%        8%/91%/1%    2.065    0.057    20.0%     0.0%   0.8632   0.0161    11.4%
   558     2.1s    0.0211    80.0%    80.0%    95.5%       10%/90%/0%    1.965    0.059    20.0%     0.0%   0.9100   0.0175     5.7%
   559     2.1s    0.0167    80.0%    80.0%    94.9%       12%/87%/1%    1.875    0.036    20.0%     0.0%   0.9221   0.0016     7.3%
   560     3.3s    0.0070    60.0%    60.0%    84.2%       18%/81%/2%    2.050    0.043    40.0%     0.0%   1.0038  -0.0042     9.4%
  [MA20] reward=0.0161 task_sr=74.0% miss=26.0% time_limit=0.0% v2v=1.7%
  [PPO ] p_loss=0.0086 v_loss=1.6754 entropy=1.0038 grad=4.2989 active=24.7%
  [SIM ] avg_power(a)=0.5266 rsu_q=1.455 tx=179 no_tx=38 deadlock=0 svc=16.533GHz idle=2.3%

    Ep    Wall    R/step     T_SR     V_SR     S_SR            L/R/V   Lat(s)       En     Miss      Ill      Ent       KL     Clip
--------------------------------------------------------------------------------------------------------------------------------
   561     2.6s    0.0078    55.0%    55.0%    82.9%       19%/79%/2%    2.155    0.067    45.0%     0.0%   0.9731   0.0109     8.2%
   562     2.5s    0.0153    75.0%    75.0%    95.1%       16%/83%/1%    1.919    0.060    25.0%     0.0%   0.9947   0.0083     7.3%
   563     3.2s    0.0071    65.0%    65.0%    88.0%       20%/78%/2%    2.077    0.038    35.0%     0.0%   0.9940   0.0127     8.9%
   564     2.9s    0.0076    45.0%    45.0%    84.8%       19%/79%/2%    2.170    0.063    55.0%     0.0%   0.9883   0.0272     8.5%
   565     2.9s    0.0105    60.0%    60.0%    89.1%       12%/85%/3%    2.042    0.053    40.0%     0.0%   0.9164   0.0208     5.4%
   566     2.4s    0.0147    65.0%    65.0%    93.3%       17%/81%/1%    1.814    0.051    35.0%     0.0%   0.8672   0.0048     6.2%
   567     2.7s    0.0100    50.0%    50.0%    85.8%       14%/85%/2%    2.130    0.066    50.0%     0.0%   0.8685   0.0091     5.5%
   568     2.3s    0.0140    55.0%    55.0%    85.8%       10%/88%/2%    2.000    0.063    45.0%     0.0%   0.8842   0.0029     4.7%
   569     2.8s    0.0103    70.0%    70.0%    92.1%       13%/85%/2%    2.207    0.043    30.0%     0.0%   0.9899   0.0143     5.9%
   570     3.0s    0.0061    45.0%    45.0%    87.0%       18%/79%/3%    2.190    0.044    55.0%     0.0%   0.9557   0.0105     6.5%
  [MA20] reward=0.0122 task_sr=64.0% miss=36.0% time_limit=0.0% v2v=1.9%
  [PPO ] p_loss=0.0128 v_loss=1.2499 entropy=0.9557 grad=2.1623 active=25.8%
  [SIM ] avg_power(a)=0.5208 rsu_q=1.385 tx=165 no_tx=36 deadlock=0 svc=18.037GHz idle=2.6%
   571     2.5s    0.0138    70.0%    70.0%    95.3%       15%/84%/1%    1.960    0.039    30.0%     0.0%   1.0034   0.0032     4.2%
   572     3.2s    0.0065    55.0%    55.0%    86.4%       19%/77%/3%    2.164    0.038    45.0%     0.0%   1.0796   0.0149     8.9%
   573     2.7s    0.0116    65.0%    65.0%    91.1%       22%/76%/2%    2.171    0.040    35.0%     0.0%   0.9718   0.0105     7.8%
   574     2.5s    0.0103    65.0%    65.0%    92.2%       20%/77%/3%    2.079    0.058    35.0%     0.0%   0.9715  -0.0049     7.3%
   575     2.9s    0.0109    65.0%    65.0%    92.7%       20%/78%/3%    2.138    0.026    35.0%     0.0%   0.9570   0.0054     7.2%
   576     2.9s    0.0118    60.0%    60.0%    92.0%       15%/82%/3%    2.036    0.039    40.0%     0.0%   0.9791   0.0140     5.7%
   577     2.4s    0.0129    65.0%    65.0%    94.0%       12%/84%/3%    2.346    0.063    35.0%     0.0%   0.9423   0.0050     7.6%
   578     2.7s    0.0089    50.0%    50.0%    84.3%       14%/81%/5%    2.190    0.095    50.0%     0.0%   0.9454   0.0069     6.9%
   579     2.9s    0.0083    55.0%    55.0%    88.8%       13%/81%/6%    1.982    0.040    45.0%     0.0%   0.9919   0.0221     8.4%
   580     2.8s    0.0109    70.0%    70.0%    88.8%       12%/86%/2%    1.979    0.048    30.0%     0.0%   0.9543   0.0021     6.1%
  [MA20] reward=0.0105 task_sr=60.2% miss=39.8% time_limit=0.0% v2v=2.6%
  [PPO ] p_loss=0.0219 v_loss=1.2118 entropy=0.9543 grad=5.8266 active=30.6%
  [SIM ] avg_power(a)=0.5619 rsu_q=2.417 tx=194 no_tx=26 deadlock=0 svc=20.880GHz idle=2.8%

    Ep    Wall    R/step     T_SR     V_SR     S_SR            L/R/V   Lat(s)       En     Miss      Ill      Ent       KL     Clip
--------------------------------------------------------------------------------------------------------------------------------
   581     2.5s    0.0141    75.0%    75.0%    96.5%       17%/78%/5%    2.065    0.044    25.0%     0.0%   0.9479   0.0155     8.7%
   582     2.7s    0.0065    65.0%    65.0%    86.9%       14%/79%/7%    2.269    0.087    35.0%     0.0%   0.9550   0.0241     7.9%
   583     2.3s    0.0168    75.0%    75.0%    94.1%       13%/79%/9%    2.056    0.033    25.0%     0.0%   1.0541   0.0098     9.3%
   584     2.9s    0.0090    70.0%    70.0%    93.9%       21%/74%/5%    2.186    0.024    30.0%     0.0%   1.1255   0.0128    10.0%
   585     2.7s    0.0076    55.0%    55.0%    88.0%      10%/80%/10%    2.308    0.064    45.0%     0.0%   1.2130  -0.0004    10.6%
   586     2.9s    0.0025    30.0%    30.0%    86.4%      14%/74%/12%    2.500    0.068    70.0%     0.0%   1.2182   0.0100    12.0%
   587     2.8s    0.0060    40.0%    40.0%    83.5%       16%/77%/7%    2.113    0.058    60.0%     0.0%   1.3837   0.0072     5.2%
   588     2.5s    0.0100    50.0%    50.0%    88.2%      21%/68%/11%    1.992    0.048    50.0%     0.0%   1.2799   0.0029     6.0%
   589     3.2s    0.0016    20.0%    20.0%    80.1%      18%/69%/13%    2.600    0.058    80.0%     0.0%   1.3645   0.0304     7.4%
   590     5.5s    0.0023    40.0%    40.0%    88.6%      14%/75%/11%    2.167    0.016    60.0%     0.0%   1.4217   0.0249     9.9%
  [MA20] reward=0.0091 task_sr=57.0% miss=43.0% time_limit=0.0% v2v=6.0%
  [PPO ] p_loss=-0.0087 v_loss=1.1420 entropy=1.4217 grad=0.8627 active=16.9%
  [SIM ] avg_power(a)=0.5735 rsu_q=0.719 tx=186 no_tx=30 deadlock=0 svc=10.605GHz idle=1.6%
   591     7.1s    0.0005    35.0%    35.0%    86.9%      17%/66%/17%    2.214    0.016    65.0%     0.0%   1.5956   0.0104    14.7%
   592     3.4s    0.0007    15.0%    15.0%    70.2%      21%/57%/22%    2.567    0.044    85.0%     0.0%   1.4745   0.0232     9.5%
   593     3.6s    0.0053    40.0%    40.0%    89.7%      22%/60%/18%    2.044    0.014    60.0%     0.0%   1.4709   0.0035    12.6%
   594    14.2s   -0.0006    30.0%    30.0%    84.0%      15%/66%/18%    2.350    0.008    70.0%     0.0%   1.5223   0.0095     4.8%
   595     2.8s    0.0057    50.0%    50.0%    90.5%      16%/67%/17%    2.350    0.027    50.0%     0.0%   1.5291   0.0087     7.9%
   596     3.7s    0.0042    35.0%    35.0%    87.4%      11%/66%/22%    2.163    0.024    65.0%     0.0%   1.7763   0.0453    13.8%
   597     3.9s    0.0006    35.0%    35.0%    80.8%      25%/52%/23%    2.329    0.019    65.0%     0.0%   1.7594   0.0195    13.7%
   598    13.9s   -0.0005    25.0%    25.0%    71.8%      31%/40%/29%    2.417    0.004    75.0%     0.0%   1.8580   0.0100     7.4%
   599    16.1s   -0.0008    25.0%    25.0%    75.3%      33%/37%/30%    1.720    0.002    75.0%     0.0%   1.8240   0.0071     7.4%
   600     5.1s    0.0024    35.0%    35.0%    71.7%      31%/45%/24%    2.057    0.013    65.0%     0.0%   1.5749   0.0197    16.6%
  [MA20] reward=0.0047 task_sr=42.2% miss=57.8% time_limit=5.0% v2v=15.5%
  [PPO ] p_loss=0.0289 v_loss=2.0084 entropy=1.5749 grad=0.9805 active=14.5%
  [SIM ] avg_power(a)=0.6160 rsu_q=0.111 tx=124 no_tx=57 deadlock=0 svc=9.629GHz idle=1.6%

    Ep    Wall    R/step     T_SR     V_SR     S_SR            L/R/V   Lat(s)       En     Miss      Ill      Ent       KL     Clip
--------------------------------------------------------------------------------------------------------------------------------
   601    12.0s   -0.0003    40.0%    40.0%    80.8%      26%/54%/20%    2.425    0.006    60.0%     0.0%   1.4497   0.0236     7.7%
   602    14.9s   -0.0006    35.0%    35.0%    83.9%      30%/54%/16%    2.313    0.004    65.0%     0.0%   1.2919   0.0288     0.0%
   603     2.9s    0.0037    35.0%    35.0%    82.8%      29%/56%/16%    2.200    0.057    65.0%     0.0%   1.5263   0.0083     6.0%
   604     3.1s    0.0018    25.0%    25.0%    86.0%      29%/52%/18%    2.457    0.009    75.0%     0.0%   1.4657   0.0275    11.1%
   605     7.7s    0.0002    40.0%    40.0%    87.6%      32%/55%/13%    2.344    0.008    60.0%     0.0%   1.3326   0.0307    11.4%
   606     3.7s    0.0037    45.0%    45.0%    89.2%       34%/58%/8%    2.150    0.027    55.0%     0.0%   1.2438   0.0111    10.1%
   607     2.9s    0.0067    60.0%    60.0%    89.7%       31%/64%/5%    2.353    0.053    40.0%     0.0%   1.1631   0.0182     7.4%
   608     3.0s    0.0079    50.0%    50.0%    91.3%       26%/68%/5%    2.333    0.054    50.0%     0.0%   1.2168   0.0219     7.9%
   609     2.9s    0.0103    65.0%    65.0%    95.4%       34%/57%/8%    2.069    0.015    35.0%     0.0%   1.2134   0.0113     9.1%
   610     2.7s    0.0087    55.0%    55.0%    91.6%       25%/68%/7%    2.125    0.039    45.0%     0.0%   1.1885   0.0156     7.3%
  [MA20] reward=0.0030 task_sr=38.7% miss=61.2% time_limit=10.0% v2v=16.9%
  [PPO ] p_loss=-5.88e-05 v_loss=1.3216 entropy=1.1885 grad=0.8480 active=32.0%
  [SIM ] avg_power(a)=0.6401 rsu_q=1.114 tx=167 no_tx=57 deadlock=0 svc=22.024GHz idle=2.9%
  [LateGuard] restore best_model at ep610 (drop=0.281, freeze=False)
   611     2.6s    0.0125    70.0%    70.0%    96.5%       14%/85%/2%    2.250    0.045    30.0%     0.0%   0.9267   0.0144     7.0%
   612     2.8s    0.0037    35.0%    35.0%    82.7%       19%/80%/1%    2.038    0.088    65.0%     0.0%   0.9386   0.0077     7.4%
   613     2.7s    0.0137    65.0%    65.0%    95.6%       13%/86%/1%    1.920    0.044    35.0%     0.0%   0.9200  -0.0019     6.0%
   614     2.2s    0.0223    75.0%    75.0%    96.3%       11%/87%/1%    1.941    0.034    25.0%     0.0%   0.8817   0.0077     4.9%
   615     2.6s    0.0112    60.0%    60.0%    94.3%       11%/89%/0%    2.273    0.067    40.0%     0.0%   0.8388   0.0012     5.6%
   616     2.6s    0.0080    30.0%    30.0%    80.1%       11%/87%/2%    1.800    0.074    70.0%     0.0%   0.8856   0.0025     7.3%
   617     2.2s    0.0198    90.0%    90.0%    96.0%       11%/89%/0%    2.000    0.068    10.0%     0.0%   0.8396   0.0002     4.5%
   618     2.4s    0.0135    60.0%    60.0%    91.1%       10%/88%/2%    1.925    0.068    40.0%     0.0%   0.8376   0.0195     5.5%
   619     2.0s    0.0203    85.0%    85.0%    96.5%       12%/87%/1%    1.982    0.069    15.0%     0.0%   0.7872   0.0143     5.3%
   620     2.2s    0.0175    75.0%    75.0%    95.8%        9%/91%/0%    2.088    0.085    25.0%     0.0%   0.7533   0.0109     4.0%
  [MA20] reward=0.0092 task_sr=54.8% miss=45.2% time_limit=5.0% v2v=6.4%
  [PPO ] p_loss=-0.0004 v_loss=1.0282 entropy=0.7533 grad=1.6984 active=40.7%
  [SIM ] avg_power(a)=0.5156 rsu_q=2.643 tx=208 no_tx=20 deadlock=0 svc=28.121GHz idle=7.1%

    Ep    Wall    R/step     T_SR     V_SR     S_SR            L/R/V   Lat(s)       En     Miss      Ill      Ent       KL     Clip
--------------------------------------------------------------------------------------------------------------------------------
   621     2.4s    0.0179    85.0%    85.0%    95.7%        6%/93%/0%    2.094    0.081    15.0%     0.0%   0.7698  -0.0046     4.2%
   622     2.2s    0.0156    85.0%    85.0%    96.3%        7%/92%/1%    1.817    0.053    15.0%     0.0%   0.7950   0.0034     3.9%
   623     2.8s    0.0098    65.0%    65.0%    96.5%        4%/95%/1%    2.347    0.106    35.0%     0.0%   0.7592   0.0032     4.1%
   624     2.2s    0.0218    75.0%    75.0%    92.7%        4%/95%/1%    1.800    0.062    25.0%     0.0%   0.7453   0.0040     2.1%
   625     2.3s    0.0170    85.0%    85.0%    94.4%        6%/93%/1%    2.082    0.053    15.0%     0.0%   0.6976   0.0019     3.9%
  [LateGuard] restore best_model at ep625 (drop=0.242, freeze=False)
   626     2.8s    0.0052    35.0%    35.0%    82.9%       21%/77%/1%    2.113    0.072    65.0%     0.0%   0.9664   0.0219     9.1%
   627     2.6s    0.0111    65.0%    65.0%    95.7%       15%/83%/2%    2.193    0.057    35.0%     0.0%   0.8315   0.0021     8.6%
   628     2.7s    0.0095    50.0%    50.0%    81.2%       11%/87%/2%    2.027    0.080    50.0%     0.0%   0.8550   0.0126     5.5%
   629     2.1s    0.0207    80.0%    80.0%    97.5%        9%/90%/1%    2.018    0.069    20.0%     0.0%   0.7991   0.0010     5.4%
   630     2.3s    0.0171    85.0%    85.0%    95.4%        5%/94%/1%    2.053    0.063    15.0%     0.0%   0.7844   0.0085     4.5%
  [MA20] reward=0.0144 task_sr=67.8% miss=32.2% time_limit=0.0% v2v=1.1%
  [PPO ] p_loss=-0.0037 v_loss=1.5415 entropy=0.7844 grad=3.3914 active=40.3%
  [SIM ] avg_power(a)=0.5384 rsu_q=3.323 tx=237 no_tx=13 deadlock=0 svc=32.058GHz idle=16.1%
   631     2.2s    0.0179    80.0%    80.0%    95.5%        6%/94%/0%    1.981    0.075    20.0%     0.0%   0.8032   0.0159     2.9%
   632     2.7s    0.0131    70.0%    70.0%    93.1%        8%/91%/2%    2.163    0.071    30.0%     0.0%   0.7132   0.0073     4.6%
   633     2.3s    0.0185    80.0%    80.0%    94.4%        5%/94%/1%    1.944    0.064    20.0%     0.0%   0.7433   0.0083     3.1%
   634     2.3s    0.0156    70.0%    70.0%    94.6%        6%/94%/0%    2.072    0.070    30.0%     0.0%   0.7315  -0.0001     4.0%
   635     2.1s    0.0168    70.0%    70.0%    92.1%        8%/88%/3%    1.807    0.085    30.0%     0.0%   0.7173   0.0079     6.7%
   636     2.1s    0.0203    80.0%    80.0%    88.8%        6%/94%/0%    1.906    0.086    20.0%     0.0%   0.6652   0.0066     4.2%
   637     2.2s    0.0247    75.0%    75.0%    96.5%        4%/95%/1%    1.729    0.047    25.0%     0.0%   0.6642   0.0077     3.3%
   638     2.3s    0.0166    75.0%    75.0%    95.0%        3%/97%/0%    1.950    0.088    25.0%     0.0%   0.7150   0.0099     2.2%
   639     2.3s    0.0210    85.0%    85.0%    88.2%        5%/93%/2%    1.953    0.090    15.0%     0.0%   0.6384  -0.0006     4.1%
   640     2.5s    0.0140    65.0%    65.0%    92.1%        5%/94%/1%    1.964    0.094    35.0%     0.0%   0.7086   0.0059     3.5%
  [MA20] reward=0.0162 task_sr=73.0% miss=27.0% time_limit=0.0% v2v=1.1%
  [PPO ] p_loss=-0.0066 v_loss=1.1349 entropy=0.7086 grad=0.4445 active=34.7%
  [SIM ] avg_power(a)=0.5499 rsu_q=3.031 tx=212 no_tx=10 deadlock=0 svc=27.152GHz idle=9.4%
  [LateGuard] restore best_model at ep640 (drop=0.171, freeze=False)

    Ep    Wall    R/step     T_SR     V_SR     S_SR            L/R/V   Lat(s)       En     Miss      Ill      Ent       KL     Clip
--------------------------------------------------------------------------------------------------------------------------------
   641     2.3s    0.0167    80.0%    80.0%    94.0%       16%/81%/2%    1.856    0.036    20.0%     0.0%   0.9521   0.0200     8.5%
   642     2.6s    0.0117    65.0%    65.0%    94.3%       20%/80%/0%    2.067    0.033    35.0%     0.0%   0.9508   0.0047     6.6%
   643     2.5s    0.0088    65.0%    65.0%    95.8%       21%/78%/1%    2.300    0.045    35.0%     0.0%   0.9739   0.0022     8.1%
   644     2.6s    0.0145    90.0%    90.0%    97.7%       17%/81%/2%    2.044    0.026    10.0%     0.0%   1.0210   0.0058     7.1%
   645     2.9s    0.0062    60.0%    60.0%    94.1%       19%/80%/1%    2.336    0.054    40.0%     0.0%   0.9815  -0.0041     6.4%
   646     2.8s    0.0086    70.0%    70.0%    94.9%       17%/82%/2%    2.500    0.063    30.0%     0.0%   0.8800  -0.0013     6.2%
   647     2.5s    0.0129    60.0%    60.0%    95.6%       11%/87%/2%    1.950    0.044    40.0%     0.0%   0.9069   0.0063     5.9%
   648     2.4s    0.0165    65.0%    65.0%    94.3%       11%/88%/1%    2.036    0.075    35.0%     0.0%   0.8704   0.0170     4.3%
   649     2.8s    0.0101    60.0%    60.0%    96.7%       16%/82%/2%    2.187    0.035    40.0%     0.0%   0.9584   0.0156     8.5%
   650     2.4s    0.0153    65.0%    65.0%    89.8%       12%/87%/1%    2.000    0.066    35.0%     0.0%   0.9117   0.0004     6.7%
  [MA20] reward=0.0150 task_sr=71.5% miss=28.5% time_limit=0.0% v2v=1.2%
  [PPO ] p_loss=-0.0215 v_loss=0.9878 entropy=0.9117 grad=0.4319 active=37.5%
  [SIM ] avg_power(a)=0.5107 rsu_q=3.000 tx=198 no_tx=27 deadlock=0 svc=26.195GHz idle=3.3%
   651     2.7s    0.0105    55.0%    55.0%    91.2%        8%/90%/2%    2.100    0.088    45.0%     0.0%   0.8156  -0.0004     6.0%
   652     2.4s    0.0215    90.0%    90.0%    98.0%        8%/91%/2%    1.861    0.040    10.0%     0.0%   0.8494   0.0013     5.6%
   653     3.0s    0.0116    65.0%    65.0%    88.2%        8%/90%/3%    1.836    0.060    35.0%     0.0%   0.7289   0.0012     7.1%
   654     2.0s    0.0234    85.0%    85.0%    96.1%        5%/91%/3%    1.889    0.071    15.0%     0.0%   0.7137  -0.0071     5.6%
   655     2.4s    0.0194    90.0%    90.0%    95.2%        5%/93%/1%    1.983    0.054    10.0%     0.0%   0.7811   0.0177     7.8%
   656     2.4s    0.0182    80.0%    80.0%    94.3%        5%/91%/4%    2.194    0.083    20.0%     0.0%   0.7052  -0.0004     7.1%
   657     3.0s    0.0115    65.0%    65.0%    91.7%        3%/93%/4%    1.993    0.056    35.0%     0.0%   0.7284   0.0142     5.0%
   658     2.2s    0.0166    55.0%    55.0%    91.5%        8%/90%/1%    1.892    0.079    45.0%     0.0%   0.6742   0.0161    10.3%
   659     2.1s    0.0256    90.0%    90.0%    95.5%        5%/95%/0%    1.911    0.078    10.0%     0.0%   0.7051   0.0085     5.7%
   660     2.1s    0.0230    70.0%    70.0%    88.7%        3%/96%/1%    1.680    0.102    30.0%     0.0%   0.6551   0.0097     5.7%
  [MA20] reward=0.0151 task_sr=71.2% miss=28.7% time_limit=0.0% v2v=1.8%
  [PPO ] p_loss=-0.0062 v_loss=1.1146 entropy=0.6551 grad=0.4970 active=35.7%
  [SIM ] avg_power(a)=0.5502 rsu_q=3.000 tx=187 no_tx=6 deadlock=0 svc=26.268GHz idle=11.1%
  → Best model saved: Success Rate = 0.706 (50-ep avg)

    Ep    Wall    R/step     T_SR     V_SR     S_SR            L/R/V   Lat(s)       En     Miss      Ill      Ent       KL     Clip
--------------------------------------------------------------------------------------------------------------------------------
   661     2.1s    0.0210    70.0%    70.0%    93.0%        5%/93%/2%    1.950    0.081    30.0%     0.0%   0.6613   0.0104     7.1%
   662     2.9s    0.0113    70.0%    70.0%    88.5%        4%/91%/5%    1.957    0.064    30.0%     0.0%   0.7385   0.0197     9.5%
   663     2.5s    0.0182    85.0%    85.0%    95.6%        7%/90%/3%    1.871    0.052    15.0%     0.0%   0.7891   0.0125     7.6%
   664     2.6s    0.0120    50.0%    50.0%    83.8%        8%/89%/3%    2.027    0.100    50.0%     0.0%   0.8385   0.0152     6.7%
   665     2.7s    0.0085    45.0%    45.0%    87.8%       13%/81%/6%    2.080    0.073    55.0%     0.0%   0.9786   0.0329     9.0%
   666     3.1s    0.0097    45.0%    45.0%    86.0%       10%/85%/5%    1.900    0.089    55.0%     0.0%   0.9088   0.0023     8.8%
   667     2.7s    0.0124    70.0%    70.0%    94.8%        9%/87%/5%    2.129    0.042    30.0%     0.0%   0.8530   0.0116     8.2%
   668     2.8s    0.0081    40.0%    40.0%    86.1%       14%/82%/3%    2.300    0.102    60.0%     0.0%   0.8891  -0.0101     7.5%
   669     2.6s    0.0115    65.0%    65.0%    95.0%       14%/82%/3%    2.133    0.047    35.0%     0.0%   0.9465   0.0085     7.3%
   670     2.0s    0.0160    65.0%    65.0%    92.1%       16%/82%/2%    1.907    0.056    35.0%     0.0%   1.0017   0.0098     9.1%
  [MA20] reward=0.0155 task_sr=67.5% miss=32.5% time_limit=0.0% v2v=2.9%
  [PPO ] p_loss=0.0114 v_loss=1.5141 entropy=1.0017 grad=2.5343 active=39.0%
  [SIM ] avg_power(a)=0.5861 rsu_q=2.192 tx=170 no_tx=33 deadlock=0 svc=26.905GHz idle=3.8%
   671     2.4s    0.0146    75.0%    75.0%    97.1%       11%/83%/6%    2.044    0.076    25.0%     0.0%   0.9507   0.0214    10.8%
   672     2.0s    0.0187    80.0%    80.0%    96.9%       14%/82%/4%    1.969    0.055    20.0%     0.0%   0.9238   0.0057     7.1%
   673     2.8s    0.0118    70.0%    70.0%    91.7%        8%/88%/5%    2.113    0.053    30.0%     0.0%   0.9233   0.0121     8.7%
   674     2.8s    0.0041    30.0%    30.0%    84.4%        9%/86%/5%    2.125    0.085    70.0%     0.0%   0.9687   0.0132     7.6%
   675     2.0s    0.0232    95.0%    95.0%   100.0%       11%/84%/5%    1.930    0.060     5.0%     0.0%   0.9124   0.0183     9.1%
   676     2.4s    0.0140    65.0%    65.0%    92.0%       11%/84%/5%    2.150    0.054    35.0%     0.0%   0.9675   0.0161     9.2%
   677     2.4s    0.0154    65.0%    65.0%    91.2%        8%/88%/4%    1.931    0.068    35.0%     0.0%   0.8477   0.0063    10.6%
   678     3.1s    0.0080    65.0%    65.0%    88.8%        6%/91%/3%    2.300    0.064    35.0%     0.0%   0.7888   0.0098     9.0%
   679     2.2s    0.0189    80.0%    80.0%    94.9%        5%/92%/3%    2.044    0.076    20.0%     0.0%   0.8023   0.0073     5.2%
   680     2.7s    0.0180    75.0%    75.0%    91.4%        4%/94%/2%    1.919    0.061    25.0%     0.0%   0.7454   0.0069     6.1%
  [MA20] reward=0.0138 task_sr=65.3% miss=34.8% time_limit=0.0% v2v=4.0%
  [PPO ] p_loss=0.0538 v_loss=1.2471 entropy=0.7454 grad=0.6784 active=31.9%
  [SIM ] avg_power(a)=0.5311 rsu_q=1.657 tx=214 no_tx=9 deadlock=0 svc=23.031GHz idle=2.9%

    Ep    Wall    R/step     T_SR     V_SR     S_SR            L/R/V   Lat(s)       En     Miss      Ill      Ent       KL     Clip
--------------------------------------------------------------------------------------------------------------------------------
   681     2.1s    0.0196    75.0%    75.0%    97.2%        4%/93%/3%    1.900    0.085    25.0%     0.0%   0.7312   0.0006     5.7%
   682     2.5s    0.0148    80.0%    80.0%    91.1%        5%/90%/5%    1.963    0.047    20.0%     0.0%   0.8097   0.0093     7.9%
   683     2.7s    0.0104    45.0%    45.0%    80.4%        4%/92%/3%    2.109    0.110    55.0%     0.0%   0.8461   0.0073     9.7%
   684     2.8s    0.0093    60.0%    60.0%    90.8%        7%/88%/5%    2.086    0.065    40.0%     0.0%   0.8881   0.0025     7.4%
   685     3.2s    0.0125    75.0%    75.0%    94.2%        8%/90%/3%    2.107    0.057    25.0%     0.0%   0.9034   0.0230    11.0%
   686     2.5s    0.0176    75.0%    75.0%    94.7%        7%/88%/5%    2.006    0.064    25.0%     0.0%   1.0436   0.0119     8.1%
   687     2.7s    0.0069    45.0%    45.0%    89.2%       6%/83%/11%    2.090    0.053    55.0%     0.0%   1.0465   0.0170     5.8%
   688     2.9s    0.0095    75.0%    75.0%    96.4%       10%/84%/6%    2.319    0.045    25.0%     0.0%   1.0441   0.0172     7.7%
   689     2.5s    0.0084    50.0%    50.0%    93.3%       9%/80%/11%    2.171    0.044    50.0%     0.0%   1.1327   0.0245     7.3%
   690     3.0s    0.0078    50.0%    50.0%    91.8%      10%/78%/12%    2.055    0.031    50.0%     0.0%   1.1715  -0.0012     7.9%
  [MA20] reward=0.0132 task_sr=66.5% miss=33.5% time_limit=0.0% v2v=5.4%
  [PPO ] p_loss=-0.0189 v_loss=2.1568 entropy=1.1715 grad=1.6965 active=32.5%
  [SIM ] avg_power(a)=0.5622 rsu_q=3.083 tx=207 no_tx=24 deadlock=0 svc=22.579GHz idle=2.8%
   691     2.2s    0.0153    80.0%    80.0%    99.1%      11%/77%/12%    2.094    0.047    20.0%     0.0%   1.1119   0.0072    10.4%
   692    13.5s    0.0011    50.0%    50.0%    87.9%       8%/80%/12%    2.060    0.008    50.0%     0.0%   1.2065   0.0071    10.1%
   693     4.0s    0.0043    35.0%    35.0%    80.5%       9%/75%/16%    1.886    0.025    65.0%     0.0%   1.3341   0.0307    13.3%
   694     2.7s    0.0059    35.0%    35.0%    88.6%      15%/72%/13%    2.111    0.053    65.0%     0.0%   1.1678   0.0137    11.1%
   695     2.8s    0.0085    50.0%    50.0%    94.1%      13%/77%/10%    2.223    0.035    50.0%     0.0%   1.0409   0.0293    12.2%
   696     2.4s    0.0153    65.0%    65.0%    94.3%        7%/86%/7%    2.050    0.062    35.0%     0.0%   1.0230   0.0130     9.7%
   697     2.7s    0.0106    60.0%    60.0%    94.6%       13%/82%/6%    2.114    0.040    40.0%     0.0%   1.0401   0.0150    10.6%
   698     2.9s    0.0057    40.0%    40.0%    82.1%       10%/85%/4%    2.113    0.068    60.0%     0.0%   1.0298   0.0130    10.3%
   699     2.5s    0.0162    75.0%    75.0%    91.6%        7%/87%/6%    1.900    0.058    25.0%     0.0%   0.8848   0.0074     9.7%
   700     2.6s    0.0098    55.0%    55.0%    88.2%        9%/84%/7%    2.008    0.100    45.0%     0.0%   0.9973   0.0088     9.6%
  [MA20] reward=0.0105 task_sr=58.8% miss=41.2% time_limit=0.0% v2v=7.9%
  [PPO ] p_loss=-0.0004 v_loss=1.2102 entropy=0.9973 grad=0.8874 active=33.3%
  [SIM ] avg_power(a)=0.5408 rsu_q=2.594 tx=194 no_tx=19 deadlock=0 svc=24.565GHz idle=9.4%

    Ep    Wall    R/step     T_SR     V_SR     S_SR            L/R/V   Lat(s)       En     Miss      Ill      Ent       KL     Clip
--------------------------------------------------------------------------------------------------------------------------------
   701     3.1s    0.0055    65.0%    65.0%    91.4%        8%/83%/9%    2.523    0.052    35.0%     0.0%   1.0761   0.0163    10.6%
   702     2.6s    0.0125    55.0%    55.0%    93.9%       11%/81%/8%    2.064    0.051    45.0%     0.0%   1.1251   0.0102    13.3%
   703     2.9s    0.0089    65.0%    65.0%    96.6%       12%/79%/9%    2.340    0.040    35.0%     0.0%   1.0953   0.0064     9.6%
   704     3.0s    0.0119    70.0%    70.0%    91.7%       10%/81%/9%    2.040    0.035    30.0%     0.0%   1.1207   0.0020    10.1%
   705     2.7s    0.0099    60.0%    60.0%    93.4%      12%/76%/12%    2.092    0.022    40.0%     0.0%   1.1630   0.0243    12.6%
   706     2.6s    0.0124    60.0%    60.0%    94.8%      12%/78%/11%    2.092    0.030    40.0%     0.0%   1.0262   0.0126    12.3%
   707     2.6s    0.0131    75.0%    75.0%    96.8%        8%/84%/7%    2.159    0.057    25.0%     0.0%   1.0103   0.0020     6.7%
   708     2.2s    0.0169    75.0%    75.0%    97.9%       9%/81%/10%    2.047    0.056    25.0%     0.0%   1.0072   0.0099    11.7%
   709     2.8s    0.0080    40.0%    40.0%    89.5%        8%/84%/8%    2.125    0.054    60.0%     0.0%   1.0954   0.0213    13.5%
   710     2.3s    0.0185    80.0%    80.0%    95.5%        5%/88%/8%    1.976    0.042    20.0%     0.0%   1.0217   0.0071     7.5%
  [MA20] reward=0.0105 task_sr=59.5% miss=40.5% time_limit=0.0% v2v=9.2%
  [PPO ] p_loss=0.0117 v_loss=1.0114 entropy=1.0217 grad=1.2224 active=40.3%
  [SIM ] avg_power(a)=0.5159 rsu_q=2.655 tx=223 no_tx=11 deadlock=0 svc=31.711GHz idle=13.8%
   711     2.7s    0.0042    30.0%    30.0%    86.4%       7%/80%/13%    2.256    0.070    70.0%     0.0%   1.1959   0.0210     7.7%
   712     3.0s    0.0054    40.0%    40.0%    86.1%       7%/77%/16%    2.025    0.051    60.0%     0.0%   1.2952   0.0097    10.5%
   713     3.3s    0.0028    40.0%    40.0%    79.7%       7%/72%/21%    2.388    0.063    60.0%     0.0%   1.4310   0.0242     9.8%
   714     8.0s    0.0003    50.0%    50.0%    83.8%       4%/69%/27%    2.140    0.014    50.0%     0.0%   1.6063   0.0367    17.3%
   715     3.1s    0.0031    35.0%    35.0%    81.9%       4%/67%/29%    2.325    0.037    65.0%     0.0%   1.4673   0.0191     8.9%
   716     3.4s    0.0026    35.0%    35.0%    80.6%       5%/65%/30%    2.413    0.039    65.0%     0.0%   1.5132   0.0149     9.0%
   717    15.8s   -0.0007    25.0%    25.0%    75.9%       8%/66%/27%    2.500    0.012    75.0%     0.0%   1.5454   0.0080    11.2%
   718     3.0s   -0.0005    15.0%    15.0%    79.5%       5%/75%/20%    2.483    0.079    85.0%     0.0%   1.4352   0.0211    10.6%
   719     3.4s    0.0029    30.0%    30.0%    87.9%       5%/70%/25%    2.283    0.031    70.0%     0.0%   1.3973   0.0250     9.8%
   720     4.2s    0.0011    25.0%    25.0%    74.3%       6%/75%/19%    2.629    0.026    75.0%     0.0%   1.2985  -0.0051    11.0%
  [MA20] reward=0.0069 task_sr=48.5% miss=51.5% time_limit=5.0% v2v=15.9%
  [PPO ] p_loss=0.0065 v_loss=1.0591 entropy=1.2985 grad=2.7342 active=19.8%
  [SIM ] avg_power(a)=0.5017 rsu_q=0.765 tx=190 no_tx=12 deadlock=0 svc=13.450GHz idle=2.0%

    Ep    Wall    R/step     T_SR     V_SR     S_SR            L/R/V   Lat(s)       En     Miss      Ill      Ent       KL     Clip
--------------------------------------------------------------------------------------------------------------------------------
   721     2.8s    0.0094    45.0%    45.0%    84.1%       2%/85%/12%    2.240    0.059    55.0%     0.0%   1.0740   0.0030     5.7%
   722     2.8s    0.0086    45.0%    45.0%    87.6%       7%/81%/13%    1.978    0.067    55.0%     0.0%   1.0812   0.0057     8.1%
   723     3.1s    0.0035    35.0%    35.0%    80.3%       4%/82%/14%    2.250    0.059    65.0%     0.0%   1.0710  -0.0019     7.9%
   724     3.0s    0.0102    65.0%    65.0%    87.4%       5%/84%/11%    2.177    0.056    35.0%     0.0%   1.0599   0.0160     8.5%
   725     2.4s    0.0195    80.0%    80.0%    98.7%        5%/90%/5%    1.844    0.030    20.0%     0.0%   0.9292   0.0158     4.2%
   726     2.8s    0.0095    55.0%    55.0%    88.8%       4%/85%/11%    2.431    0.073    45.0%     0.0%   0.9779   0.0124     7.5%
   727     2.7s    0.0146    75.0%    75.0%    94.6%        6%/86%/9%    1.980    0.040    25.0%     0.0%   0.8514   0.0034     4.8%
  [LateGuard] restore best_model at ep727 (drop=0.229, freeze=False)
   728     2.4s    0.0139    75.0%    75.0%    96.2%        8%/88%/4%    2.327    0.065    25.0%     0.0%   0.8541  -0.0005     8.3%
   729     2.4s    0.0197    65.0%    65.0%    92.6%        8%/89%/3%    1.914    0.063    35.0%     0.0%   0.8754   0.0163     7.1%
   730     2.8s    0.0073    50.0%    50.0%    80.7%       10%/85%/6%    2.450    0.069    50.0%     0.0%   0.9040   0.0059     6.6%
  [MA20] reward=0.0069 task_sr=45.8% miss=54.2% time_limit=5.0% v2v=15.7%
  [PPO ] p_loss=-0.0343 v_loss=1.2235 entropy=0.9040 grad=1.4122 active=29.6%
  [SIM ] avg_power(a)=0.5696 rsu_q=1.114 tx=186 no_tx=20 deadlock=0 svc=19.795GHz idle=2.9%
   731     2.2s    0.0167    80.0%    80.0%    97.1%        6%/91%/4%    2.200    0.082    20.0%     0.0%   0.8148   0.0007     5.6%
   732     2.2s    0.0143    60.0%    60.0%    89.9%       13%/81%/5%    1.933    0.051    40.0%     0.0%   0.8933   0.0169     9.2%
   733     2.4s    0.0193    90.0%    90.0%    98.7%       10%/85%/5%    1.995    0.046    10.0%     0.0%   0.8861  -0.0002     7.0%
   734     2.5s    0.0085    45.0%    45.0%    83.7%        9%/88%/3%    2.170    0.110    55.0%     0.0%   0.8294  -0.0051     5.5%
   735     2.3s    0.0205    90.0%    90.0%    98.8%        5%/89%/5%    1.906    0.063    10.0%     0.0%   0.8196   0.0181     7.9%
   736     2.7s    0.0125    70.0%    70.0%    94.7%        6%/91%/3%    2.313    0.083    30.0%     0.0%   0.7847   0.0160     5.3%
   737     2.8s    0.0144    80.0%    80.0%    93.4%        6%/89%/4%    1.881    0.046    20.0%     0.0%   0.7738   0.0202     7.1%
   738     2.4s    0.0129    65.0%    65.0%    94.5%        8%/88%/4%    1.850    0.065    35.0%     0.0%   0.7191   0.0041     7.5%
   739     2.5s    0.0133    60.0%    60.0%    92.9%        5%/92%/3%    2.000    0.126    40.0%     0.0%   0.8049   0.0040     6.1%
   740     2.4s    0.0129    75.0%    75.0%    96.4%        5%/92%/3%    2.181    0.068    25.0%     0.0%   0.8214   0.0052     5.9%
  [MA20] reward=0.0131 task_sr=65.3% miss=34.8% time_limit=0.0% v2v=6.4%
  [PPO ] p_loss=-0.0271 v_loss=1.0818 entropy=0.8214 grad=0.7890 active=37.8%
  [SIM ] avg_power(a)=0.5720 rsu_q=3.781 tx=230 no_tx=12 deadlock=0 svc=30.839GHz idle=15.6%

    Ep    Wall    R/step     T_SR     V_SR     S_SR            L/R/V   Lat(s)       En     Miss      Ill      Ent       KL     Clip
--------------------------------------------------------------------------------------------------------------------------------
   741     2.3s    0.0181    75.0%    75.0%    92.1%        4%/90%/6%    2.063    0.092    25.0%     0.0%   0.8646   0.0144     6.3%
   742     3.3s    0.0035    40.0%    40.0%    83.9%        6%/85%/9%    2.330    0.059    60.0%     0.0%   0.9283  -0.0021     8.8%
  [LateGuard] restore best_model at ep742 (drop=0.218, freeze=False)
   743     2.3s    0.0163    65.0%    65.0%    92.1%        7%/90%/3%    2.043    0.105    35.0%     0.0%   0.8512   0.0146     6.1%
   744     2.5s    0.0142    75.0%    75.0%    90.7%        8%/89%/3%    2.087    0.081    25.0%     0.0%   0.8199   0.0114     7.1%
   745     2.3s    0.0139    65.0%    65.0%    94.3%        8%/88%/5%    2.038    0.080    35.0%     0.0%   0.8662   0.0105     7.6%
   746     2.9s    0.0046    35.0%    35.0%    78.0%       10%/85%/5%    2.271    0.094    65.0%     0.0%   0.9980   0.0072     6.1%
   747     2.5s    0.0102    55.0%    55.0%    87.9%       10%/88%/2%    2.131    0.060    45.0%     0.0%   0.8814   0.0117     5.4%
   748     2.5s    0.0106    60.0%    60.0%    91.6%        9%/88%/4%    1.907    0.070    40.0%     0.0%   0.8590   0.0170     6.6%
   749     2.2s    0.0192    70.0%    70.0%    95.8%       11%/87%/2%    1.793    0.050    30.0%     0.0%   0.8019   0.0032     6.4%
   750     2.3s    0.0139    60.0%    60.0%    92.0%        9%/89%/2%    2.227    0.107    40.0%     0.0%   0.8076   0.0100     4.5%
  [MA20] reward=0.0135 task_sr=65.8% miss=34.2% time_limit=0.0% v2v=4.1%
  [PPO ] p_loss=0.0048 v_loss=2.6277 entropy=0.8076 grad=4.2767 active=34.0%
  [SIM ] avg_power(a)=0.5640 rsu_q=1.742 tx=192 no_tx=19 deadlock=0 svc=23.801GHz idle=3.2%
   751     2.4s    0.0131    75.0%    75.0%    96.3%        7%/91%/2%    2.229    0.055    25.0%     0.0%   0.8457  -0.0052     5.2%
   752     2.2s    0.0234    90.0%    90.0%    97.1%       12%/87%/1%    2.026    0.044    10.0%     0.0%   0.8266   0.0108     6.3%
   753     2.4s    0.0131    50.0%    50.0%    84.5%        5%/93%/2%    1.964    0.097    50.0%     0.0%   0.8371  -0.0036     4.8%
   754     2.7s    0.0088    55.0%    55.0%    81.1%       10%/86%/4%    2.325    0.081    45.0%     0.0%   0.8132   0.0179     8.9%
   755     2.6s    0.0105    60.0%    60.0%    91.6%       11%/86%/3%    2.183    0.081    40.0%     0.0%   0.8551   0.0080     6.7%
   756     2.2s    0.0138    60.0%    60.0%    89.1%       11%/89%/1%    1.833    0.063    40.0%     0.0%   0.9154   0.0041     6.8%
   757     2.3s    0.0121    65.0%    65.0%    95.6%       14%/84%/2%    2.171    0.070    35.0%     0.0%   0.9149   0.0169     5.3%
  [LateGuard] restore best_model at ep757 (drop=0.197, freeze=False)
   758     2.1s    0.0228    85.0%    85.0%    95.4%        9%/87%/4%    1.888    0.045    15.0%     0.0%   0.8556   0.0109     8.7%
   759     2.8s    0.0115    70.0%    70.0%    86.7%       13%/84%/3%    1.971    0.066    30.0%     0.0%   0.8017   0.0184     8.2%
   760     2.1s    0.0198    75.0%    75.0%    94.9%        9%/88%/4%    1.988    0.086    25.0%     0.0%   0.7691   0.0252     8.2%
  [MA20] reward=0.0137 task_sr=64.2% miss=35.8% time_limit=0.0% v2v=3.3%
  [PPO ] p_loss=0.0010 v_loss=1.1286 entropy=0.7691 grad=1.0905 active=41.5%
  [SIM ] avg_power(a)=0.5941 rsu_q=2.815 tx=204 no_tx=20 deadlock=0 svc=30.475GHz idle=3.7%

    Ep    Wall    R/step     T_SR     V_SR     S_SR            L/R/V   Lat(s)       En     Miss      Ill      Ent       KL     Clip
--------------------------------------------------------------------------------------------------------------------------------
   761     2.5s    0.0096    60.0%    60.0%    86.7%       11%/87%/2%    2.208    0.078    40.0%     0.0%   0.9093   0.0095     8.9%
   762     2.7s    0.0131    75.0%    75.0%    93.8%        7%/87%/5%    2.144    0.079    25.0%     0.0%   0.8837   0.0132     8.5%
   763     3.0s    0.0024    10.0%    10.0%    51.0%       11%/83%/6%    1.500    0.140    90.0%     0.0%   1.0221   0.0180     6.3%
   764     3.0s    0.0115    60.0%    60.0%    83.5%        8%/84%/7%    2.062    0.072    40.0%     0.0%   0.9828   0.0126     7.8%
   765     2.5s    0.0143    70.0%    70.0%    96.1%       12%/83%/4%    2.056    0.037    30.0%     0.0%   1.0280   0.0161     5.5%
   766     2.5s    0.0069    40.0%    40.0%    87.2%       11%/82%/7%    2.291    0.064    60.0%     0.0%   1.1149   0.0045     6.9%
   767     3.4s    0.0073    55.0%    55.0%    85.8%      11%/78%/11%    2.164    0.033    45.0%     0.0%   1.1747   0.0030     9.9%
   768     2.7s    0.0088    45.0%    45.0%    85.8%       9%/80%/11%    1.900    0.052    55.0%     0.0%   1.3532   0.0136     7.4%
   769     2.8s    0.0066    55.0%    55.0%    85.1%      12%/70%/18%    2.155    0.027    45.0%     0.0%   1.4296   0.0034     8.1%
   770     2.8s    0.0119    70.0%    70.0%    94.1%      13%/71%/16%    1.987    0.020    30.0%     0.0%   1.3047   0.0018     9.1%
  [MA20] reward=0.0121 task_sr=61.3% miss=38.8% time_limit=0.0% v2v=5.6%
  [PPO ] p_loss=-0.0231 v_loss=1.7068 entropy=1.3047 grad=0.8893 active=28.9%
  [SIM ] avg_power(a)=0.5252 rsu_q=0.892 tx=186 no_tx=27 deadlock=0 svc=19.536GHz idle=2.7%
   771    13.7s    0.0002    50.0%    50.0%    88.7%      11%/76%/12%    2.067    0.006    50.0%     0.0%   1.3237   0.0265     8.8%
   772     2.6s    0.0133    70.0%    70.0%    91.8%      11%/79%/10%    2.057    0.039    30.0%     0.0%   1.2159   0.0110     9.2%
   773     2.1s    0.0203    85.0%    85.0%    96.4%      11%/79%/11%    1.922    0.026    15.0%     0.0%   1.1018   0.0232     6.3%
   774     2.9s    0.0087    65.0%    65.0%    89.4%       12%/79%/9%    2.336    0.043    35.0%     0.0%   1.0070   0.0024    10.8%
   775     2.3s    0.0143    60.0%    60.0%    93.1%        6%/85%/9%    2.080    0.066    40.0%     0.0%   1.0900   0.0190    13.0%
   776     3.2s    0.0045    35.0%    35.0%    77.2%      10%/78%/11%    2.329    0.079    65.0%     0.0%   1.2265   0.0344    19.7%
   777     2.7s    0.0101    55.0%    55.0%    84.6%        9%/82%/9%    2.067    0.052    45.0%     0.0%   1.1208   0.0288    15.8%
   778     2.7s    0.0052    50.0%    50.0%    89.2%      11%/79%/10%    2.083    0.064    50.0%     0.0%   1.3058   0.0196    12.5%
   779     3.6s    0.0055    50.0%    50.0%    87.2%       9%/77%/14%    2.108    0.029    50.0%     0.0%   1.2774   0.0164    10.5%
   780     5.8s    0.0034    70.0%    70.0%    90.7%       11%/79%/9%    1.979    0.020    30.0%     0.0%   1.1408   0.0080    14.0%
  [MA20] reward=0.0089 task_sr=56.5% miss=43.5% time_limit=5.0% v2v=9.6%
  [PPO ] p_loss=0.0004 v_loss=1.6872 entropy=1.1408 grad=2.4681 active=12.0%
  [SIM ] avg_power(a)=0.5373 rsu_q=0.614 tx=186 no_tx=24 deadlock=0 svc=8.208GHz idle=1.1%

    Ep    Wall    R/step     T_SR     V_SR     S_SR            L/R/V   Lat(s)       En     Miss      Ill      Ent       KL     Clip
--------------------------------------------------------------------------------------------------------------------------------
   781     3.0s    0.0070    50.0%    50.0%    90.8%       8%/81%/10%    2.438    0.030    50.0%     0.0%   1.2483   0.0221    10.8%
   782     3.7s    0.0037    45.0%    45.0%    84.9%      10%/80%/10%    2.170    0.047    55.0%     0.0%   1.3516   0.0185     7.7%
   783     3.1s    0.0055    40.0%    40.0%    77.5%       5%/80%/15%    2.013    0.053    60.0%     0.0%   1.2778   0.0042    10.4%
   784     3.3s    0.0023    20.0%    20.0%    71.3%       6%/78%/16%    2.167    0.065    80.0%     0.0%   1.2883   0.0006    12.3%
   785     2.7s    0.0069    40.0%    40.0%    79.8%       16%/78%/6%    1.875    0.074    60.0%     0.0%   1.1631   0.0069    13.7%
   786     2.6s    0.0091    55.0%    55.0%    93.2%       8%/82%/10%    2.120    0.039    45.0%     0.0%   0.9406   0.0121    11.3%
   787     2.3s    0.0184    85.0%    85.0%    98.8%        4%/90%/6%    2.039    0.053    15.0%     0.0%   0.8902  -0.0026     5.7%
   788     2.3s    0.0166    75.0%    75.0%    95.3%        3%/93%/5%    1.940    0.068    25.0%     0.0%   0.8405   0.0176     5.3%
   789     2.6s    0.0164    70.0%    70.0%    90.8%        3%/91%/6%    1.988    0.060    30.0%     0.0%   0.8606   0.0031     5.4%
   790     2.6s    0.0130    70.0%    70.0%    94.8%        7%/90%/3%    2.013    0.060    30.0%     0.0%   0.8358   0.0055     6.8%
  [MA20] reward=0.0092 task_sr=57.0% miss=43.0% time_limit=5.0% v2v=9.6%
  [PPO ] p_loss=-0.0384 v_loss=1.0446 entropy=0.8358 grad=0.5832 active=31.9%
  [SIM ] avg_power(a)=0.5078 rsu_q=2.743 tx=207 no_tx=16 deadlock=0 svc=22.135GHz idle=2.9%
   791     2.3s    0.0193    90.0%    90.0%    97.9%        3%/92%/5%    1.906    0.064    10.0%     0.0%   0.9508   0.0089     7.0%
   792     2.3s    0.0155    80.0%    80.0%    94.5%        4%/90%/6%    2.106    0.083    20.0%     0.0%   1.0310   0.0095     6.5%
   793     3.1s    0.0084    45.0%    45.0%    86.8%        6%/87%/8%    1.700    0.048    55.0%     0.0%   1.0807   0.0068     7.6%
   794     2.8s    0.0101    55.0%    55.0%    92.3%        5%/87%/8%    1.992    0.049    45.0%     0.0%   1.0027   0.0163     7.8%
   795     2.3s    0.0139    65.0%    65.0%    93.5%        4%/87%/9%    2.100    0.068    35.0%     0.0%   0.9683   0.0015     8.5%
   796     2.4s    0.0202    85.0%    85.0%    94.7%        3%/88%/8%    1.900    0.040    15.0%     0.0%   0.9967   0.0225     7.5%
   797     3.2s    0.0066    50.0%    50.0%    84.5%       3%/84%/13%    2.182    0.060    50.0%     0.0%   1.0795   0.0027     7.9%
  [LateGuard] restore best_model at ep797 (drop=0.156, freeze=False)
   798     2.3s    0.0189    85.0%    85.0%    98.8%        5%/92%/3%    2.061    0.064    15.0%     0.0%   0.8595   0.0108     6.3%
   799     2.8s    0.0121    70.0%    70.0%    97.2%        6%/91%/2%    2.144    0.043    30.0%     0.0%   0.8481   0.0129     6.2%
   800     2.5s    0.0156    75.0%    75.0%    97.5%        8%/86%/6%    2.131    0.070    25.0%     0.0%   0.7797   0.0068     8.0%
  [MA20] reward=0.0120 task_sr=62.5% miss=37.5% time_limit=0.0% v2v=7.7%
  [PPO ] p_loss=-0.0084 v_loss=1.5525 entropy=0.7797 grad=2.7050 active=38.5%
  [SIM ] avg_power(a)=0.5744 rsu_q=4.000 tx=218 no_tx=19 deadlock=0 svc=27.104GHz idle=3.2%

    Ep    Wall    R/step     T_SR     V_SR     S_SR            L/R/V   Lat(s)       En     Miss      Ill      Ent       KL     Clip
--------------------------------------------------------------------------------------------------------------------------------
   801     3.2s    0.0083    50.0%    50.0%    83.9%        9%/83%/9%    1.930    0.028    50.0%     0.0%   1.0552   0.0042    13.0%
   802     3.1s    0.0037    45.0%    45.0%    83.8%       12%/79%/9%    2.256    0.042    55.0%     0.0%   1.1605   0.0159     8.3%
   803     2.3s    0.0119    60.0%    60.0%    95.9%       11%/85%/4%    2.040    0.087    40.0%     0.0%   0.9580   0.0032     5.9%
   804     2.7s    0.0088    65.0%    65.0%    95.3%       11%/85%/5%    2.514    0.064    35.0%     0.0%   0.9593   0.0135     7.7%
   805    11.3s    0.0012    60.0%    60.0%    91.7%      10%/80%/10%    1.954    0.005    40.0%     0.0%   1.0927   0.0164    10.0%
   806     2.6s    0.0108    65.0%    65.0%    93.6%       15%/78%/6%    1.950    0.039    35.0%     0.0%   1.1552   0.0054     9.0%
   807     2.7s    0.0063    55.0%    55.0%    91.3%      14%/76%/10%    2.200    0.038    45.0%     0.0%   1.0814   0.0143    10.2%
   808     2.5s    0.0090    45.0%    45.0%    90.2%       10%/81%/8%    2.127    0.080    55.0%     0.0%   1.0048   0.0313    11.6%
   809     2.8s    0.0096    55.0%    55.0%    94.2%        9%/85%/6%    2.042    0.024    45.0%     0.0%   1.0856   0.0284     9.4%
   810     3.1s    0.0108    75.0%    75.0%    92.1%       7%/83%/10%    1.887    0.030    25.0%     0.0%   1.0723   0.0037    10.4%
  [MA20] reward=0.0111 task_sr=63.7% miss=36.2% time_limit=0.0% v2v=7.2%
  [PPO ] p_loss=0.0226 v_loss=1.6401 entropy=1.0723 grad=3.8889 active=24.5%
  [SIM ] avg_power(a)=0.5391 rsu_q=1.295 tx=200 no_tx=16 deadlock=0 svc=17.243GHz idle=2.3%
   811     3.5s    0.0043    50.0%    50.0%    88.9%       6%/83%/11%    2.464    0.048    50.0%     0.0%   1.1473   0.0134     9.7%
   812     2.8s    0.0111    60.0%    60.0%    93.6%      11%/79%/10%    2.164    0.037    40.0%     0.0%   1.1093   0.0154     8.5%
   813     3.2s    0.0068    45.0%    45.0%    86.8%       10%/81%/9%    2.270    0.043    55.0%     0.0%   1.0796   0.0167     7.2%
   814     2.8s    0.0092    55.0%    55.0%    91.9%       7%/80%/13%    2.154    0.067    45.0%     0.0%   1.0984   0.0186     9.5%
   815     2.5s    0.0137    60.0%    60.0%    89.8%        5%/86%/9%    2.054    0.071    40.0%     0.0%   1.1469  -0.0007     6.3%
  [LateGuard] restore best_model at ep815 (drop=0.177, freeze=False)
   816     1.9s    0.0278    95.0%    95.0%    98.5%        8%/91%/1%    1.716    0.045     5.0%     0.0%   0.8322   0.0128     6.9%
   817     2.4s    0.0135    65.0%    65.0%    93.8%        9%/87%/4%    2.150    0.073    35.0%     0.0%   0.9738   0.0132     7.1%
   818     2.6s    0.0077    50.0%    50.0%    90.1%        8%/87%/4%    2.183    0.082    50.0%     0.0%   0.8947   0.0224     7.9%
   819     2.3s    0.0178    75.0%    75.0%    93.1%        7%/89%/4%    2.056    0.078    25.0%     0.0%   0.9006   0.0062     7.8%
   820     2.7s    0.0137    75.0%    75.0%    92.3%       13%/84%/3%    2.007    0.049    25.0%     0.0%   0.8369   0.0166     4.5%
  [MA20] reward=0.0103 task_sr=60.2% miss=39.8% time_limit=0.0% v2v=7.2%
  [PPO ] p_loss=-0.0129 v_loss=3.6151 entropy=0.8369 grad=6.9416 active=32.5%
  [SIM ] avg_power(a)=0.5691 rsu_q=2.167 tx=204 no_tx=30 deadlock=0 svc=22.847GHz idle=2.8%

    Ep    Wall    R/step     T_SR     V_SR     S_SR            L/R/V   Lat(s)       En     Miss      Ill      Ent       KL     Clip
--------------------------------------------------------------------------------------------------------------------------------
   821     2.5s    0.0131    65.0%    65.0%    91.9%       13%/86%/2%    1.962    0.059    35.0%     0.0%   0.8381   0.0091     6.6%
   822     3.0s    0.0073    55.0%    55.0%    89.5%       10%/86%/5%    2.117    0.083    45.0%     0.0%   0.8968   0.0101     6.2%
   823     2.6s    0.0078    50.0%    50.0%    87.2%       14%/80%/5%    2.000    0.060    50.0%     0.0%   0.9770   0.0121     8.3%
   824     2.1s    0.0195    80.0%    80.0%    97.5%       11%/85%/4%    1.971    0.070    20.0%     0.0%   0.9585   0.0178     5.1%
   825     2.5s    0.0139    60.0%    60.0%    88.2%        8%/88%/4%    1.993    0.101    40.0%     0.0%   0.9765   0.0091     6.0%
   826     2.2s    0.0211    80.0%    80.0%    98.0%        7%/90%/3%    1.988    0.074    20.0%     0.0%   0.7810   0.0067     5.1%
   827     3.2s    0.0061    55.0%    55.0%    90.8%       16%/77%/7%    2.183    0.046    45.0%     0.0%   0.8687   0.0319    11.0%
   828     2.3s    0.0202    90.0%    90.0%    98.2%       11%/82%/7%    1.972    0.041    10.0%     0.0%   0.8687   0.0048    10.2%
   829     2.6s    0.0172    70.0%    70.0%    96.1%       11%/85%/4%    1.767    0.031    30.0%     0.0%   0.7871   0.0147    13.6%
   830     2.4s    0.0175    90.0%    90.0%    99.2%        9%/87%/4%    2.116    0.060    10.0%     0.0%   0.6041   0.0124     9.8%
  [MA20] reward=0.0135 task_sr=66.3% miss=33.8% time_limit=0.0% v2v=5.7%
  [PPO ] p_loss=0.0063 v_loss=1.1582 entropy=0.6041 grad=0.6200 active=39.4%
  [SIM ] avg_power(a)=0.5797 rsu_q=3.355 tx=222 no_tx=22 deadlock=0 svc=28.524GHz idle=6.5%
   831     2.4s    0.0182    85.0%    85.0%    95.4%        4%/93%/3%    1.865    0.079    15.0%     0.0%   0.6492   0.0153     9.4%
   832     2.3s    0.0208    75.0%    75.0%    96.9%        4%/93%/3%    2.035    0.084    25.0%     0.0%   0.6389   0.0214    10.9%
   833     2.2s    0.0207    80.0%    80.0%    91.6%        4%/93%/3%    1.875    0.100    20.0%     0.0%   0.7247   0.0396    17.6%
   834     2.4s    0.0166    75.0%    75.0%    94.0%        8%/91%/2%    1.981    0.055    25.0%     0.0%   0.6283   0.0289    16.5%
   835     2.5s    0.0154    75.0%    75.0%    84.2%        6%/92%/3%    1.893    0.071    25.0%     0.0%   0.6862   0.0416    13.1%
   836     2.4s    0.0205    90.0%    90.0%    96.4%        4%/93%/3%    2.000    0.060    10.0%     0.0%   0.7244   0.0158     5.2%
   837     2.7s    0.0110    50.0%    50.0%    85.6%        4%/93%/3%    2.100    0.068    50.0%     0.0%   0.8475   0.0207     8.5%
   838     2.3s    0.0159    80.0%    80.0%    86.8%        4%/91%/5%    1.994    0.082    20.0%     0.0%   0.7730  -0.0067     7.0%
   839     2.2s    0.0187    75.0%    75.0%    91.8%        5%/91%/5%    1.893    0.069    25.0%     0.0%   0.8039   0.0167    10.6%
   840     2.7s    0.0160    90.0%    90.0%    96.3%        5%/90%/5%    2.083    0.065    10.0%     0.0%   0.7921   0.0141     5.2%
  [MA20] reward=0.0159 task_sr=73.5% miss=26.5% time_limit=0.0% v2v=4.0%
  [PPO ] p_loss=0.0501 v_loss=1.2964 entropy=0.7921 grad=0.9164 active=34.1%
  [SIM ] avg_power(a)=0.5653 rsu_q=2.400 tx=228 no_tx=11 deadlock=0 svc=25.733GHz idle=11.4%

    Ep    Wall    R/step     T_SR     V_SR     S_SR            L/R/V   Lat(s)       En     Miss      Ill      Ent       KL     Clip
--------------------------------------------------------------------------------------------------------------------------------
   841     2.7s    0.0133    60.0%    60.0%    91.6%        8%/89%/3%    1.993    0.080    40.0%     0.0%   0.8500   0.0095     7.6%
   842     2.4s    0.0163    75.0%    75.0%    95.0%        6%/91%/4%    2.127    0.072    25.0%     0.0%   0.7961   0.0197     7.4%
   843     2.5s    0.0171    80.0%    80.0%    89.3%        3%/94%/4%    2.006    0.080    20.0%     0.0%   0.8404   0.0112     8.7%
   844     2.7s    0.0128    65.0%    65.0%    89.3%        3%/91%/6%    2.092    0.079    35.0%     0.0%   0.7429   0.0099     8.7%
   845     2.3s    0.0112    50.0%    50.0%    85.0%        5%/89%/7%    2.000    0.067    50.0%     0.0%   0.8793   0.0113     7.1%
   846     2.8s    0.0077    50.0%    50.0%    82.8%        5%/86%/9%    2.185    0.085    50.0%     0.0%   0.7673   0.0137    12.7%
   847     2.1s    0.0209    85.0%    85.0%    96.5%        4%/92%/4%    1.911    0.076    15.0%     0.0%   0.7972   0.0123     4.1%
   848     2.8s    0.0083    50.0%    50.0%    87.8%        4%/91%/5%    2.145    0.098    50.0%     0.0%   0.8982   0.0132     6.6%
   849     2.1s    0.0254    95.0%    95.0%    98.7%        3%/92%/5%    1.711    0.044     5.0%     0.0%   0.7886   0.0103     5.6%
   850     2.6s    0.0136    70.0%    70.0%    91.0%        2%/90%/8%    1.764    0.045    30.0%     0.0%   0.8432  -0.0056     7.9%
  [MA20] reward=0.0160 task_sr=72.7% miss=27.2% time_limit=0.0% v2v=4.4%
  [PPO ] p_loss=-0.0041 v_loss=1.1453 entropy=0.8432 grad=0.9547 active=29.9%
  [SIM ] avg_power(a)=0.5655 rsu_q=2.083 tx=208 no_tx=5 deadlock=0 svc=19.351GHz idle=2.8%
   851     2.5s    0.0146    65.0%    65.0%    94.1%        3%/88%/9%    1.919    0.055    35.0%     0.0%   0.7381   0.0057     9.2%
   852     2.6s    0.0142    75.0%    75.0%    95.2%        1%/95%/4%    1.794    0.091    25.0%     0.0%   0.6925  -0.0044     6.5%
   853     2.2s    0.0192    80.0%    80.0%    96.7%        3%/93%/4%    2.050    0.106    20.0%     0.0%   0.5887   0.0117     7.5%
   854     2.1s    0.0233    90.0%    90.0%    97.8%        1%/98%/1%    1.861    0.080    10.0%     0.0%   0.5672   0.0047     9.3%
   855     2.4s    0.0110    70.0%    70.0%    91.0%        2%/95%/3%    2.143    0.134    30.0%     0.0%   0.5424   0.0097     9.8%
   856     2.1s    0.0219    80.0%    80.0%    94.9%        2%/97%/1%    1.971    0.143    20.0%     0.0%   0.6015   0.0253     9.4%
   857     2.1s    0.0233    85.0%    85.0%    99.2%        3%/96%/1%    1.944    0.082    15.0%     0.0%   0.6017   0.0139    11.5%
   858     2.1s    0.0266    85.0%    85.0%    98.3%        4%/96%/0%    1.653    0.087    15.0%     0.0%   0.5486   0.0127     5.5%
   859     2.9s    0.0079    60.0%    60.0%    91.9%        3%/96%/1%    2.200    0.123    40.0%     0.0%   0.5498   0.0095     4.7%
   860     2.2s    0.0207    70.0%    70.0%    92.4%        1%/98%/1%    1.887    0.112    30.0%     0.0%   0.5932   0.0209     4.4%
  [MA20] reward=0.0165 task_sr=72.0% miss=28.0% time_limit=0.0% v2v=4.0%
  [PPO ] p_loss=0.0038 v_loss=1.0829 entropy=0.5932 grad=0.5716 active=42.6%
  [SIM ] avg_power(a)=0.6521 rsu_q=3.586 tx=243 no_tx=3 deadlock=0 svc=31.450GHz idle=6.9%

    Ep    Wall    R/step     T_SR     V_SR     S_SR            L/R/V   Lat(s)       En     Miss      Ill      Ent       KL     Clip
--------------------------------------------------------------------------------------------------------------------------------
   861     2.2s    0.0168    85.0%    85.0%    93.6%        2%/98%/0%    1.894    0.132    15.0%     0.0%   0.5262   0.0095     3.2%
   862     2.4s    0.0137    65.0%    65.0%    76.8%        1%/99%/0%    1.915    0.188    35.0%     0.0%   0.7314   0.0313     8.5%
   863     2.3s    0.0157    80.0%    80.0%    96.8%        1%/96%/3%    2.165    0.086    20.0%     0.0%   0.6109   0.0143     5.7%
   864     2.1s    0.0179    65.0%    65.0%    87.4%        1%/97%/2%    1.821    0.179    35.0%     0.0%   0.6616   0.0087     4.3%
   865     2.4s    0.0125    55.0%    55.0%    91.4%        1%/97%/2%    1.969    0.123    45.0%     0.0%   0.6583   0.0158     4.9%
   866     2.2s    0.0239    90.0%    90.0%    99.2%        1%/95%/4%    1.937    0.083    10.0%     0.0%   0.6893   0.0087     9.5%
   867     2.7s    0.0119    70.0%    70.0%    95.1%        4%/92%/4%    2.133    0.084    30.0%     0.0%   0.6050   0.0053     5.2%
   868     2.5s    0.0194    95.0%    95.0%    99.2%        0%/97%/2%    1.989    0.099     5.0%     0.0%   0.5275   0.0148     3.2%
   869     2.2s    0.0201    85.0%    85.0%    98.3%        2%/97%/1%    1.989    0.126    15.0%     0.0%   0.5088   0.0005     3.1%
   870     1.9s    0.0314    95.0%    95.0%    98.7%        2%/96%/2%    1.700    0.088     5.0%     0.0%   0.5461  -0.0024     4.8%
  [MA20] reward=0.0183 task_sr=77.2% miss=22.7% time_limit=0.0% v2v=2.3%
  [PPO ] p_loss=0.0008 v_loss=1.2239 entropy=0.5461 grad=0.6364 active=43.7%
  [SIM ] avg_power(a)=0.6911 rsu_q=3.538 tx=223 no_tx=4 deadlock=0 svc=33.486GHz idle=11.5%
  → Best model saved: Success Rate = 0.739 (50-ep avg)
   871     2.1s    0.0249    85.0%    85.0%    92.4%        1%/97%/2%    1.865    0.120    15.0%     0.0%   0.4804   0.0130     4.8%
   872     1.9s    0.0288    75.0%    75.0%    96.3%        1%/97%/2%    1.818    0.125    25.0%     0.0%   0.4864   0.0005     2.0%
   873     2.2s    0.0232    85.0%    85.0%    98.8%        0%/98%/2%    1.968    0.111    15.0%     0.0%   0.4269   0.0083     4.8%
   874     2.1s    0.0203    85.0%    85.0%    96.2%        1%/95%/4%    2.044    0.131    15.0%     0.0%   0.5447   0.0046     7.4%
   875     2.9s    0.0112    65.0%    65.0%    92.4%        0%/95%/5%    2.047    0.110    35.0%     0.0%   0.5155   0.0170     5.3%
   876     2.7s    0.0191    80.0%    80.0%    89.7%        3%/93%/4%    1.831    0.123    20.0%     0.0%   0.5167   0.0226     9.0%
   877     2.6s    0.0180    95.0%    95.0%    99.6%        0%/96%/4%    2.147    0.100     5.0%     0.0%   0.5039   0.0095     2.5%
   878     2.0s    0.0178    65.0%    65.0%    87.1%        1%/96%/3%    1.831    0.161    35.0%     0.0%   0.5126   0.0120     3.2%
   879     2.3s    0.0178    75.0%    75.0%    90.0%        0%/94%/5%    1.900    0.089    25.0%     0.0%   0.4921   0.0103     4.7%
   880     2.7s    0.0169    70.0%    70.0%    94.4%        1%/97%/2%    1.787    0.098    30.0%     0.0%   0.5117   0.0061     5.2%
  [MA20] reward=0.0191 task_sr=78.2% miss=21.7% time_limit=0.0% v2v=2.6%
  [PPO ] p_loss=-0.0212 v_loss=1.9654 entropy=0.5117 grad=1.8473 active=31.2%
  [SIM ] avg_power(a)=0.7064 rsu_q=2.556 tx=222 no_tx=2 deadlock=0 svc=25.799GHz idle=22.2%

    Ep    Wall    R/step     T_SR     V_SR     S_SR            L/R/V   Lat(s)       En     Miss      Ill      Ent       KL     Clip
--------------------------------------------------------------------------------------------------------------------------------
   881     2.1s    0.0279    80.0%    80.0%    94.9%        0%/96%/4%    1.706    0.073    20.0%     0.0%   0.5336   0.0045     5.4%
   882     2.4s    0.0216    80.0%    80.0%    95.4%        1%/97%/1%    1.771    0.127    20.0%     0.0%   0.5640   0.0114     5.6%
   883     2.5s    0.0133    65.0%    65.0%    86.0%        1%/98%/1%    1.992    0.115    35.0%     0.0%   0.6333   0.0002     3.1%
   884     2.5s    0.0134    70.0%    70.0%    89.6%        4%/92%/4%    2.043    0.131    30.0%     0.0%   0.5987  -0.0027     5.4%
   885     1.9s    0.0325    95.0%    95.0%    98.4%        2%/98%/1%    1.816    0.081     5.0%     0.0%   0.6152   0.0047     2.4%
   886     2.1s    0.0200    80.0%    80.0%    98.4%        2%/97%/2%    1.989    0.109    20.0%     0.0%   0.6341   0.0097     2.5%
   887     2.3s    0.0155    75.0%    75.0%    94.3%        3%/95%/2%    1.940    0.074    25.0%     0.0%   0.6477   0.0068     3.6%
   888     2.1s    0.0235    80.0%    80.0%    95.1%        4%/94%/2%    1.871    0.073    20.0%     0.0%   0.6084   0.0074     4.0%
   889     2.5s    0.0119    50.0%    50.0%    72.8%        3%/94%/3%    1.845    0.164    50.0%     0.0%   0.6018   0.0224     4.5%
   890     2.3s    0.0208    80.0%    80.0%    95.5%        2%/96%/2%    2.012    0.086    20.0%     0.0%   0.6327   0.0082     2.6%
  [MA20] reward=0.0199 task_sr=76.8% miss=23.2% time_limit=0.0% v2v=2.7%
  [PPO ] p_loss=0.0348 v_loss=1.1071 entropy=0.6327 grad=0.4805 active=39.3%
  [SIM ] avg_power(a)=0.5878 rsu_q=3.000 tx=232 no_tx=4 deadlock=0 svc=30.347GHz idle=16.7%
   891     2.3s    0.0255    80.0%    80.0%    98.3%        2%/97%/1%    1.735    0.067    20.0%     0.0%   0.6691   0.0115     3.2%
   892     2.1s    0.0181    80.0%    80.0%    94.1%        0%/95%/4%    1.889    0.118    20.0%     0.0%   0.6484   0.0151     9.1%
   893     2.1s    0.0245    95.0%    95.0%    96.7%        2%/95%/3%    2.005    0.106     5.0%     0.0%   0.5288   0.0155     7.0%
   894     1.9s    0.0280   100.0%   100.0%   100.0%        1%/95%/3%    1.755    0.092     0.0%     0.0%   0.5425   0.0115     5.3%
   895     2.1s    0.0264   100.0%   100.0%   100.0%        2%/94%/4%    1.875    0.063     0.0%     0.0%   0.6088  -0.0015     3.9%
   896     2.3s    0.0168    80.0%    80.0%    99.1%        2%/90%/7%    2.050    0.084    20.0%     0.0%   0.5346  -0.0006     5.3%
   897     2.3s    0.0167    85.0%    85.0%    95.2%        0%/95%/5%    1.994    0.119    15.0%     0.0%   0.5617   0.0075     3.2%
   898     2.4s    0.0197    95.0%    95.0%   100.0%        3%/91%/6%    2.030    0.075     5.0%     0.0%   0.5727   0.0095     5.2%
   899     2.3s    0.0174    75.0%    75.0%    89.2%        4%/93%/3%    1.967    0.122    25.0%     0.0%   0.5922   0.0039     3.8%
   900     2.3s    0.0094    50.0%    50.0%    86.0%        4%/88%/8%    2.121    0.128    50.0%     0.0%   0.4730   0.0077     6.1%
  [MA20] reward=0.0201 task_sr=79.8% miss=20.3% time_limit=0.0% v2v=3.4%
  [PPO ] p_loss=0.0095 v_loss=1.0614 entropy=0.4730 grad=1.1087 active=34.8%
  [SIM ] avg_power(a)=0.7563 rsu_q=1.655 tx=194 no_tx=8 deadlock=0 svc=22.425GHz idle=6.9%

    Ep    Wall    R/step     T_SR     V_SR     S_SR            L/R/V   Lat(s)       En     Miss      Ill      Ent       KL     Clip
--------------------------------------------------------------------------------------------------------------------------------
   901     2.6s    0.0124    85.0%    85.0%    99.6%        4%/88%/8%    2.274    0.101    15.0%     0.0%   0.4259   0.0072     4.3%
   902     2.4s    0.0151    55.0%    55.0%    91.1%        1%/94%/5%    1.942    0.125    45.0%     0.0%   0.5971   0.0167     5.5%
   903     2.2s    0.0198    75.0%    75.0%    87.3%        4%/93%/4%    1.860    0.091    25.0%     0.0%   0.5851   0.0061     4.6%
   904     2.4s    0.0211    90.0%    90.0%    98.4%        3%/91%/6%    1.917    0.071    10.0%     0.0%   0.4743   0.0046     4.0%
   905     2.1s    0.0300    95.0%    95.0%    99.6%        2%/94%/3%    1.895    0.067     5.0%     0.0%   0.4978   0.0110     3.1%
   906     2.6s    0.0155    75.0%    75.0%    96.9%        5%/92%/3%    1.913    0.098    25.0%     0.0%   0.5071   0.0185     4.0%
   907     2.2s    0.0169    75.0%    75.0%    91.6%        5%/92%/2%    1.913    0.127    25.0%     0.0%   0.5751   0.0140     4.4%
   908     2.5s    0.0133    65.0%    65.0%    95.9%        3%/94%/3%    2.163    0.097    35.0%     0.0%   0.5909   0.0075     2.6%
   909     2.1s    0.0257    80.0%    80.0%    97.0%        6%/91%/3%    1.956    0.098    20.0%     0.0%   0.5749   0.0037     3.7%
   910     2.2s    0.0223   100.0%   100.0%   100.0%        3%/93%/5%    2.010    0.110     0.0%     0.0%   0.5898   0.0087     3.7%
  [MA20] reward=0.0197 task_sr=81.8% miss=18.2% time_limit=0.0% v2v=4.4%
  [PPO ] p_loss=0.0249 v_loss=1.2405 entropy=0.5898 grad=0.6704 active=39.0%
  [SIM ] avg_power(a)=0.7190 rsu_q=3.500 tx=227 no_tx=6 deadlock=0 svc=29.046GHz idle=10.0%
   911     2.7s    0.0051    55.0%    55.0%    91.4%        5%/89%/6%    2.150    0.101    45.0%     0.0%   0.6538   0.0033     6.4%
   912     2.1s    0.0235    75.0%    75.0%    96.7%        5%/91%/3%    1.850    0.073    25.0%     0.0%   0.6495   0.0104     3.7%
   913     2.3s    0.0138    75.0%    75.0%    95.9%        6%/88%/6%    2.088    0.101    25.0%     0.0%   0.7268   0.0053     8.2%
   914     2.3s    0.0172    75.0%    75.0%    90.3%        6%/90%/5%    1.967    0.101    25.0%     0.0%   0.8338   0.0050     4.6%
   915     2.2s    0.0132    75.0%    75.0%    95.5%       5%/85%/10%    2.080    0.069    25.0%     0.0%   0.8201   0.0127     8.7%
   916     2.1s    0.0213    90.0%    90.0%    94.8%        7%/87%/5%    1.917    0.077    10.0%     0.0%   0.7897   0.0120     5.1%
   917     2.1s    0.0213    90.0%    90.0%    99.2%        4%/91%/5%    2.028    0.046    10.0%     0.0%   0.7542   0.0005     4.4%
   918     2.4s    0.0150    75.0%    75.0%    96.5%        6%/89%/5%    2.033    0.052    25.0%     0.0%   0.7396   0.0091     6.2%
   919     2.1s    0.0244    95.0%    95.0%    96.6%        4%/91%/4%    1.842    0.085     5.0%     0.0%   0.6479   0.0180     5.3%
   920     2.1s    0.0222    80.0%    80.0%    93.9%        3%/95%/2%    1.818    0.094    20.0%     0.0%   0.6281   0.0008     3.6%
  [MA20] reward=0.0185 task_sr=79.0% miss=21.0% time_limit=0.0% v2v=4.7%
  [PPO ] p_loss=-0.0058 v_loss=0.9163 entropy=0.6281 grad=0.5161 active=41.2%
  [SIM ] avg_power(a)=0.6172 rsu_q=3.607 tx=225 no_tx=6 deadlock=0 svc=31.495GHz idle=14.3%

    Ep    Wall    R/step     T_SR     V_SR     S_SR            L/R/V   Lat(s)       En     Miss      Ill      Ent       KL     Clip
--------------------------------------------------------------------------------------------------------------------------------
   921     2.8s    0.0070    50.0%    50.0%    84.8%        2%/92%/5%    2.308    0.132    50.0%     0.0%   0.6314   0.0054     5.3%
   922     2.3s    0.0168    85.0%    85.0%    98.0%        2%/95%/4%    2.039    0.083    15.0%     0.0%   0.6857   0.0185     2.6%
   923     2.2s    0.0204    90.0%    90.0%    99.2%        1%/94%/5%    2.039    0.085    10.0%     0.0%   0.6622   0.0053     2.3%
   924     2.3s    0.0120    70.0%    70.0%    93.6%        4%/90%/7%    2.173    0.091    30.0%     0.0%   0.6980   0.0068     5.0%
   925     2.3s    0.0191    75.0%    75.0%    94.5%        2%/95%/3%    1.920    0.077    25.0%     0.0%   0.7291   0.0083     2.3%
   926     2.3s    0.0184    60.0%    60.0%    94.2%        2%/93%/5%    1.833    0.074    40.0%     0.0%   0.7186   0.0114     4.1%
   927     2.2s    0.0194    75.0%    75.0%    96.5%        2%/92%/6%    1.978    0.113    25.0%     0.0%   0.6684  -0.0019     4.0%
   928     2.7s    0.0101    55.0%    55.0%    85.8%        0%/94%/6%    2.283    0.100    45.0%     0.0%   0.7678  -0.0045     2.9%
   929     2.2s    0.0201    75.0%    75.0%    93.8%        2%/93%/4%    1.875    0.072    25.0%     0.0%   0.7428   0.0036     4.0%
   930     2.1s    0.0252    85.0%    85.0%    97.4%        0%/94%/6%    1.878    0.067    15.0%     0.0%   0.7144   0.0130     4.1%
  [MA20] reward=0.0173 task_sr=75.2% miss=24.8% time_limit=0.0% v2v=5.1%
  [PPO ] p_loss=-0.0089 v_loss=0.9477 entropy=0.7144 grad=0.7253 active=42.8%
  [SIM ] avg_power(a)=0.5666 rsu_q=3.630 tx=227 no_tx=1 deadlock=0 svc=33.261GHz idle=14.8%
   931     2.2s    0.0204    75.0%    75.0%    94.7%        1%/92%/7%    1.819    0.088    25.0%     0.0%   0.8009  -0.0047     3.0%
   932     2.1s    0.0265    90.0%    90.0%    99.6%        2%/92%/6%    1.858    0.044    10.0%     0.0%   0.6959   0.0029     4.2%
   933     2.7s    0.0154    75.0%    75.0%    96.4%        2%/93%/5%    2.033    0.064    25.0%     0.0%   0.7894   0.0002     4.0%
   934     2.4s    0.0188    65.0%    65.0%    93.5%        2%/94%/4%    1.907    0.074    35.0%     0.0%   0.6399   0.0130     3.9%
   935     2.6s    0.0155    75.0%    75.0%    92.7%        0%/99%/0%    2.018    0.099    25.0%     0.0%   0.6345   0.0023     0.4%
   936     2.4s    0.0154    70.0%    70.0%    87.2%        2%/98%/0%    2.057    0.106    30.0%     0.0%   0.6092   0.0008     0.4%
   937     2.7s    0.0119    60.0%    60.0%    91.3%        1%/97%/2%    1.875    0.078    40.0%     0.0%   0.6827   0.0019     1.5%
   938     2.4s    0.0175    85.0%    85.0%    95.5%        0%/98%/1%    1.833    0.061    15.0%     0.0%   0.7506   0.0014     0.7%
   939     2.4s    0.0161    75.0%    75.0%    89.1%        1%/94%/5%    1.907    0.077    25.0%     0.0%   0.7266   0.0033     1.7%
   940     2.1s    0.0246    85.0%    85.0%    99.2%        1%/96%/3%    1.828    0.048    15.0%     0.0%   0.7462   0.0081     1.9%
  [MA20] reward=0.0175 task_sr=73.8% miss=26.3% time_limit=0.0% v2v=4.3%
  [PPO ] p_loss=0.0060 v_loss=1.0711 entropy=0.7462 grad=0.5521 active=42.7%
  [SIM ] avg_power(a)=0.5549 rsu_q=3.714 tx=236 no_tx=2 deadlock=0 svc=35.149GHz idle=21.4%

    Ep    Wall    R/step     T_SR     V_SR     S_SR            L/R/V   Lat(s)       En     Miss      Ill      Ent       KL     Clip
--------------------------------------------------------------------------------------------------------------------------------
   941     1.9s    0.0293    85.0%    85.0%    98.7%        3%/91%/6%    1.816    0.037    15.0%     0.0%   0.7469   0.0017     3.9%
   942     2.3s    0.0173    80.0%    80.0%    97.8%        1%/92%/7%    1.988    0.081    20.0%     0.0%   0.7298   0.0167     3.3%
   943     2.5s    0.0181    85.0%    85.0%    97.1%        5%/90%/6%    1.933    0.039    15.0%     0.0%   0.7834   0.0089     4.8%
   944     2.2s    0.0267    90.0%    90.0%    97.5%        3%/94%/3%    1.783    0.061    10.0%     0.0%   0.8323   0.0115     3.3%
   945     2.1s    0.0161    70.0%    70.0%    92.9%        0%/93%/7%    2.047    0.104    30.0%     0.0%   0.7374   0.0017     2.9%
   946     2.2s    0.0217    90.0%    90.0%    98.2%        3%/93%/4%    1.984    0.076    10.0%     0.0%   0.7203   0.0129     3.0%
   947     2.2s    0.0208    80.0%    80.0%    97.5%        2%/96%/2%    1.933    0.085    20.0%     0.0%   0.7936   0.0151     2.4%
   948     2.5s    0.0126    75.0%    75.0%    97.5%        4%/90%/6%    2.165    0.079    25.0%     0.0%   0.7329   0.0161     5.0%
   949     2.3s    0.0142    75.0%    75.0%    93.2%        2%/93%/5%    2.013    0.116    25.0%     0.0%   0.7694   0.0083     4.2%
   950     2.5s    0.0156    65.0%    65.0%    96.0%        2%/94%/4%    2.119    0.073    35.0%     0.0%   0.5967  -0.0046     2.6%
  [MA20] reward=0.0187 task_sr=77.5% miss=22.5% time_limit=0.0% v2v=4.2%
  [PPO ] p_loss=-0.0011 v_loss=1.0437 entropy=0.5967 grad=0.5134 active=38.0%
  [SIM ] avg_power(a)=0.5572 rsu_q=3.719 tx=238 no_tx=5 deadlock=0 svc=27.693GHz idle=3.1%
   951     2.7s    0.0148    65.0%    65.0%    94.0%        2%/95%/4%    2.027    0.063    35.0%     0.0%   0.6855  -0.0017     3.8%
   952     1.7s    0.0315    85.0%    85.0%    99.1%        0%/99%/1%    1.650    0.095    15.0%     0.0%   0.6111  -0.0036     0.7%
   953     2.2s    0.0202    70.0%    70.0%    93.9%        0%/97%/3%    1.913    0.070    30.0%     0.0%   0.7140   0.0059     2.8%
   954     2.5s    0.0086    40.0%    40.0%    80.5%        4%/95%/2%    2.200    0.095    60.0%     0.0%   0.7562   0.0142     4.9%
   955     2.3s    0.0217    90.0%    90.0%    98.0%        1%/97%/2%    1.889    0.063    10.0%     0.0%   0.6533   0.0041     2.0%
   956     2.8s    0.0134    70.0%    70.0%    93.7%        2%/95%/2%    2.127    0.095    30.0%     0.0%   0.6517   0.0068     1.9%
   957     2.1s    0.0250    80.0%    80.0%    95.4%        2%/95%/3%    1.882    0.084    20.0%     0.0%   0.7427  -0.0007     3.8%
   958     2.0s    0.0200    75.0%    75.0%    98.3%        4%/96%/0%    1.911    0.106    25.0%     0.0%   0.6685   0.0022     2.3%
   959     2.0s    0.0294    80.0%    80.0%    93.6%        1%/97%/2%    1.712    0.055    20.0%     0.0%   0.6608 3.65e-05     1.9%
   960     2.2s    0.0219    85.0%    85.0%    97.9%        3%/97%/1%    1.933    0.062    15.0%     0.0%   0.6293  -0.0023     1.7%
  [MA20] reward=0.0199 task_sr=76.8% miss=23.2% time_limit=0.0% v2v=3.5%
  [PPO ] p_loss=0.0081 v_loss=0.9737 entropy=0.6293 grad=0.3357 active=39.5%
  [SIM ] avg_power(a)=0.5103 rsu_q=3.133 tx=231 no_tx=6 deadlock=0 svc=30.396GHz idle=13.3%

    Ep    Wall    R/step     T_SR     V_SR     S_SR            L/R/V   Lat(s)       En     Miss      Ill      Ent       KL     Clip
--------------------------------------------------------------------------------------------------------------------------------
   961     2.6s    0.0132    70.0%    70.0%    85.6%        3%/94%/4%    2.036    0.082    30.0%     0.0%   0.6687   0.0003     3.0%
   962     2.3s    0.0162    65.0%    65.0%    94.0%        2%/96%/1%    1.929    0.064    35.0%     0.0%   0.7647  -0.0007     2.1%
   963     2.3s    0.0170    65.0%    65.0%    91.7%        2%/94%/4%    1.907    0.071    35.0%     0.0%   0.7592  -0.0078     3.5%
   964     2.1s    0.0208    75.0%    75.0%    95.3%        2%/95%/3%    1.888    0.058    25.0%     0.0%   0.7667   0.0103     2.7%
   965     2.5s    0.0171    80.0%    80.0%    95.7%        2%/97%/1%    1.965    0.071    20.0%     0.0%   0.7461   0.0072     2.3%
   966     2.2s    0.0257    95.0%    95.0%   100.0%        3%/94%/3%    1.820    0.046     5.0%     0.0%   0.6713   0.0048     2.8%
   967     2.5s    0.0174    80.0%    80.0%    96.7%        1%/95%/4%    2.000    0.072    20.0%     0.0%   0.8046  -0.0033     2.6%
   968     2.7s    0.0152    80.0%    80.0%    88.4%        1%/97%/2%    2.125    0.107    20.0%     0.0%   0.8048   0.0048     2.2%
   969     2.5s    0.0146    65.0%    65.0%    89.1%        4%/91%/5%    2.064    0.093    35.0%     0.0%   0.8117   0.0125     3.8%
   970     2.7s    0.0129    65.0%    65.0%    90.3%        5%/90%/5%    2.193    0.060    35.0%     0.0%   0.8595   0.0084     4.1%
  [MA20] reward=0.0188 task_sr=74.0% miss=26.0% time_limit=0.0% v2v=2.6%
  [PPO ] p_loss=0.0231 v_loss=1.6175 entropy=0.8595 grad=1.0485 active=31.1%
  [SIM ] avg_power(a)=0.5360 rsu_q=1.686 tx=207 no_tx=11 deadlock=0 svc=24.040GHz idle=11.4%
   971     2.6s    0.0160    80.0%    80.0%    96.2%        3%/89%/7%    1.959    0.036    20.0%     0.0%   0.8017   0.0049     5.5%
   972     2.3s    0.0141    85.0%    85.0%    95.3%        2%/92%/6%    2.106    0.064    15.0%     0.0%   0.9542   0.0120     6.9%
   973     2.4s    0.0089    55.0%    55.0%    85.9%       5%/85%/11%    2.117    0.056    45.0%     0.0%   1.0095   0.0195    11.6%
   974     2.3s    0.0173    75.0%    75.0%    93.0%       2%/88%/10%    2.040    0.057    25.0%     0.0%   1.0025   0.0120     8.4%
   975     2.3s    0.0142    65.0%    65.0%    90.7%        3%/90%/8%    1.907    0.070    35.0%     0.0%   1.0609   0.0172     7.1%
   976     2.9s    0.0094    55.0%    55.0%    89.4%       5%/85%/11%    1.992    0.053    45.0%     0.0%   1.1158   0.0137     7.6%
   977     2.2s    0.0165    65.0%    65.0%    90.1%        6%/85%/9%    1.979    0.054    35.0%     0.0%   1.0463   0.0090     8.6%
   978     2.9s    0.0054    40.0%    40.0%    87.3%        5%/87%/8%    2.227    0.051    60.0%     0.0%   1.1115   0.0090     6.1%
   979     2.9s    0.0086    55.0%    55.0%    90.9%        4%/89%/8%    2.277    0.051    45.0%     0.0%   0.9959   0.0046     4.0%
   980     2.3s    0.0183    75.0%    75.0%    94.0%       2%/85%/13%    1.973    0.060    25.0%     0.0%   1.0030   0.0115     4.4%
  [MA20] reward=0.0149 task_sr=69.5% miss=30.5% time_limit=0.0% v2v=6.2%
  [PPO ] p_loss=0.0051 v_loss=1.9038 entropy=1.0030 grad=21.3762 active=39.8%
  [SIM ] avg_power(a)=0.5307 rsu_q=2.500 tx=218 no_tx=4 deadlock=0 svc=26.812GHz idle=3.6%

    Ep    Wall    R/step     T_SR     V_SR     S_SR            L/R/V   Lat(s)       En     Miss      Ill      Ent       KL     Clip
--------------------------------------------------------------------------------------------------------------------------------
   981     2.2s    0.0148    80.0%    80.0%    97.7%        4%/88%/8%    2.229    0.055    20.0%     0.0%   0.9962   0.0034     4.5%
   982     2.4s    0.0136    75.0%    75.0%    96.7%        4%/87%/9%    2.006    0.047    25.0%     0.0%   1.0450   0.0101     5.2%
   983     2.8s    0.0099    60.0%    60.0%    93.1%       4%/84%/12%    2.307    0.041    40.0%     0.0%   1.0164   0.0291     7.1%
   984     2.1s    0.0175    65.0%    65.0%    90.9%       3%/87%/10%    1.931    0.063    35.0%     0.0%   1.1083   0.0135     6.3%
   985     2.6s    0.0092    80.0%    80.0%    96.1%       5%/84%/11%    2.375    0.052    20.0%     0.0%   1.0591   0.0079     5.0%
   986     3.0s    0.0077    55.0%    55.0%    90.2%       6%/79%/15%    1.982    0.045    45.0%     0.0%   1.1382  -0.0042     9.2%
   987     2.4s    0.0134    65.0%    65.0%    92.3%       7%/77%/16%    1.886    0.036    35.0%     0.0%   1.1748   0.0108     9.1%
   988     2.5s    0.0106    65.0%    65.0%    97.3%       6%/81%/13%    2.206    0.044    35.0%     0.0%   1.2905   0.0049     8.0%
   989     2.7s    0.0052    45.0%    45.0%    89.3%       4%/79%/16%    2.350    0.050    55.0%     0.0%   1.3356  -0.0022     6.3%
   990     4.3s    0.0033    60.0%    60.0%    90.9%       5%/75%/20%    2.364    0.021    40.0%     0.0%   1.3678   0.0023     6.7%
  [MA20] reward=0.0117 task_sr=65.0% miss=35.0% time_limit=0.0% v2v=11.1%
  [PPO ] p_loss=-0.0164 v_loss=1.5892 entropy=1.3678 grad=10.8163 active=18.4%
  [SIM ] avg_power(a)=0.5229 rsu_q=0.661 tx=215 no_tx=12 deadlock=0 svc=12.262GHz idle=1.6%
   991     2.7s    0.0063    60.0%    60.0%    89.8%       8%/76%/16%    2.300    0.041    40.0%     0.0%   1.3132   0.0040     6.2%
   992     2.9s    0.0052    40.0%    40.0%    83.0%       5%/79%/16%    2.322    0.062    60.0%     0.0%   1.3539   0.0114     4.3%
   993     5.1s    0.0025    40.0%    40.0%    88.1%       6%/75%/19%    2.050    0.022    60.0%     0.0%   1.1230   0.0212    10.4%
   994     2.3s    0.0186    75.0%    75.0%    98.6%        8%/84%/8%    1.911    0.044    25.0%     0.0%   1.0967   0.0013     4.1%
   995     2.7s    0.0079    50.0%    50.0%    81.9%       4%/85%/11%    2.182    0.097    50.0%     0.0%   1.0758   0.0085     5.6%
   996     3.0s    0.0141    65.0%    65.0%    90.4%       5%/85%/10%    1.993    0.048    35.0%     0.0%   1.0910   0.0231     5.5%
   997     2.7s    0.0132    70.0%    70.0%    96.3%       4%/85%/11%    2.233    0.035    30.0%     0.0%   1.0870   0.0094     4.7%
   998     2.6s    0.0079    50.0%    50.0%    90.3%        5%/85%/9%    2.067    0.052    50.0%     0.0%   1.1563   0.0025     5.0%
   999     2.5s    0.0155    70.0%    70.0%    94.2%        6%/85%/9%    1.980    0.062    30.0%     0.0%   1.1579   0.0079     3.3%
  1000     3.2s    0.0071    55.0%    55.0%    80.6%        9%/83%/8%    2.092    0.053    45.0%     0.0%   1.2413   0.0108     5.6%
  [MA20] reward=0.0102 task_sr=61.3% miss=38.7% time_limit=0.0% v2v=12.5%
  [PPO ] p_loss=-0.0095 v_loss=1.2784 entropy=1.2413 grad=11.7484 active=23.7%
  [SIM ] avg_power(a)=0.5221 rsu_q=0.929 tx=180 no_tx=18 deadlock=0 svc=16.654GHz idle=2.4%

[Train] completed: episodes=1000 best_reward=0.8168 best_success_rate(50ep)=0.7960
[Train] key outputs: /root/vecOffloadingSim/runs/e2_schemeA_balanced/logs/metrics.csv, /root/vecOffloadingSim/runs/e2_schemeA_balanced/logs/training_stats.csv, /root/vecOffloadingSim/runs/e2_schemeA_balanced/models/best_model.pth, /root/vecOffloadingSim/runs/e2_schemeA_balanced/models/last_model.pth

[Auto Plot] Generating training plots...
[DataRecorder] Training stats plots saved to: /root/vecOffloadingSim/runs/e2_schemeA_balanced/plots
[Auto Plot] plot_results.py ...
[Auto Plot] ✓ Saved: fig_latency_with_baselines.png | ✓ Saved: fig_summary_dashboard.png | ✓ All plots saved to: /root/vecOffloadingSim/runs/e2_schemeA_balanced/plots
[Auto Plot] plot_results.py done in 12.8s
[Auto Plot] generate_all_plots.py ...
[Auto Plot] ⚠ No baseline data found, skipping baseline comparison plot | ✓ All plots saved to: /root/vecOffloadingSim/runs/e2_schemeA_balanced/plots |   Total plots: 8
[Auto Plot] generate_all_plots.py done in 6.9s
[DataRecorder] All plots generated in: /root/vecOffloadingSim/runs/e2_schemeA_balanced/plots
[Auto Plot] jobs: ok=4 skipped=1 failed=0
[Auto Plot] generated figures: 34
[Auto Plot] sample: bias_annealing.png, cpu_efficiency.png, episode_duration.png, fig_constraint_health.png, fig_convergence_analysis.png, fig_convergence_baseline.png, fig_decision_distribution.png, fig_latency_with_baselines.png
[Auto Plot] manifest: /root/vecOffloadingSim/runs/e2_schemeA_balanced/plots/plot_manifest.json
[Postprocess] loaded env_reward.jsonl: /root/vecOffloadingSim/runs/e2_schemeA_balanced/logs/env_reward.jsonl
✓ Wrote: /root/vecOffloadingSim/runs/e2_schemeA_balanced/metrics/train_metrics_full.csv (rows=1000 cols=325)
✓ Loaded 1000 episodes from runs/e2_schemeA_balanced/metrics/train_metrics_full.csv
⚠ No baseline data found
✓ Output directory: runs/e2_schemeA_balanced/plots

[Generating Plots]
/root/vecOffloadingSim/scripts/plot_results.py:182: UserWarning: No artists with labels found to put in legend.  Note that artists whose label start with an underscore are ignored when legend() is called with no argument.
  ax.legend(loc='best', framealpha=0.9)
✓ Saved: fig_convergence_baseline.png
✓ Saved: fig_policy_evolution.png
/root/vecOffloadingSim/scripts/plot_results.py:240: UserWarning: No artists with labels found to put in legend.  Note that artists whose label start with an underscore are ignored when legend() is called with no argument.
  ax.legend(loc='best', framealpha=0.9)
/root/vecOffloadingSim/scripts/plot_results.py:255: UserWarning: No artists with labels found to put in legend.  Note that artists whose label start with an underscore are ignored when legend() is called with no argument.
  ax.legend(loc='best', framealpha=0.9)
✓ Saved: fig_training_diagnostics.png
/root/vecOffloadingSim/scripts/plot_results.py:354: UserWarning: No artists with labels found to put in legend.  Note that artists whose label start with an underscore are ignored when legend() is called with no argument.
  ax.legend(loc='best', framealpha=0.9)
/root/vecOffloadingSim/scripts/plot_results.py:365: UserWarning: No artists with labels found to put in legend.  Note that artists whose label start with an underscore are ignored when legend() is called with no argument.
  ax.legend(loc='best', framealpha=0.9)
✓ Saved: fig_physical_metrics.png
✓ Saved: fig_constraint_health.png
✓ Saved: fig_latency_with_baselines.png
/root/vecOffloadingSim/scripts/plot_results.py:434: UserWarning: No artists with labels found to put in legend.  Note that artists whose label start with an underscore are ignored when legend() is called with no argument.
  ax.legend(loc='best', framealpha=0.9)
✓ Saved: fig_summary_dashboard.png

✓ All plots saved to: runs/e2_schemeA_balanced/plots
