episode,policy,total_reward,avg_step_reward,loss,veh_success_rate,vehicle_success_rate,task_success_rate,subtask_success_rate,v2v_subtask_success_rate,decision_frac_local,decision_frac_rsu,decision_frac_v2v,avg_power,avg_queue_len,avg_veh_queue,avg_rsu_queue,ma_fairness,ma_reward_gap,ma_collaboration,v2v_gain_mean,v2v_gain_pos_rate,v2v_gain_pos_mean,max_agent_reward,min_agent_reward,avg_assigned_cpu_ghz,episode_vehicle_count,episode_task_count,duration
1,,19.952545996502103,0.10476272998251052,2.1841214629014334,0.7,0.7,0.7,0.95,0.9512195121951219,0.35294117647058826,0.3025210084033613,0.3445378151260504,0.4997029568713624,0.10875,0.10875,0.655,0.5193692951967392,55.59166639777615,82.92682926829268,0.3625722808879658,0.8292682926829268,0.4509951586238427,36.06192053680673,-19.529745860969424,7.554878525770454,20,20,3.992064952850342
