[ScaleCheck] UNIFIED cap: step<=~0.375 ep<=~75.0 term=50.0 ep/term=1.50 (Td_min=0.40s, DT=0.10s, i_cap=3, e_cap=1.5)
[ConfigDump] saved: /root/vecOffloadingSim/runs/train600_seed42_20260219_141820/config_dump.json
[ConfigSnapshot] saved: /root/vecOffloadingSim/runs/train600_seed42_20260219_141820/logs/config_snapshot.json
[RunMeta] saved: /root/vecOffloadingSim/runs/train600_seed42_20260219_141820/run_meta.json

======================================================================================================================
[Train] MAPPO VEC training started
======================================================================================================================
[Run] id=train600_seed42_20260219_141820 seed=42 device=cuda reward=UNIFIED candidate=ALL (all_feasible=True)
[Train] episodes=600 steps/ep=200 eval_interval=1 save_interval=100 baseline_eval=off
[Scenario] vehicles=30 rsu=3 map=1000.0m lanes=2 v2v_range=250.0m rsu_range=350.0m
[Physics] BW_V2I=20.00MHz BW_V2V=10.00MHz RB=4 Ptx=[0.0200,0.1995]W (13.0,23.0 dBm) DT=0.100s
[ScaleCheck] UNIFIED nominal: E_loc=9J E_tx=0.00600762J r_time=-0.0035 r_energy=-4.00762e-07 r_interf=-0.03 r_risk=-0.00657267 (B_RB=2.5e+06Hz, SNR=20dB, dt=0.1, Td=10, rho=0.7)
[Compute] f_local=[2.00,8.00]GHz f_rsu=12.00GHz
[PPO] lr=3.00e-04 gamma=0.990 gae=0.950 clip=0.250 ent=0.001 batch=256 epochs=5 d_model=128 layers=2
[Logging] step_metrics=off step_logs=off tb_obs=on
[Paths] run=/root/vecOffloadingSim/runs/train600_seed42_20260219_141820
[Paths] logs=/root/vecOffloadingSim/runs/train600_seed42_20260219_141820/logs  models=/root/vecOffloadingSim/runs/train600_seed42_20260219_141820/models  plots=/root/vecOffloadingSim/runs/train600_seed42_20260219_141820/plots
======================================================================================================================


    Ep    Wall    R/step     T_SR     V_SR     S_SR            L/R/V   Lat(s)       En     Miss      Ill      Ent       KL     Clip
--------------------------------------------------------------------------------------------------------------------------------
     1    38.4s   -0.0027     3.3%     3.3%    46.9%      29%/43%/28%    3.150 1.84e-05    83.3%     0.0%   1.9508  -0.0054     7.6%
  [MA20] reward=-0.0027 task_sr=3.3% miss=83.3% time_limit=100.0% v2v=27.6%
  [PPO ] p_loss=0.1123 v_loss=3.8674 entropy=1.9508 grad=25.8283 active=4.9%
  [SIM ] avg_power(a)=0.4967 rsu_q=1.610 tx=148 no_tx=77 deadlock=0 svc=23.116GHz idle=0.0%
  → Best model saved: Success Rate = 0.033 (50-ep avg)
     2    36.7s    0.0005     6.7%     6.7%    53.7%      32%/46%/23%    2.250 6.00e-06    86.7%     0.0%   1.8894  -0.0144     3.6%
     3    34.7s   -0.0034    10.0%    10.0%    65.1%      31%/47%/22%    3.267 1.37e-05    86.7%     0.0%   1.8230   0.0304     7.6%
     4    36.2s   -0.0021     6.7%     6.7%    55.3%      36%/42%/22%    2.400 1.65e-05    90.0%     0.0%   1.7877  -0.0101     7.5%
     5    35.3s    0.0051    13.3%    13.3%    52.0%      32%/46%/22%    3.300 3.87e-06    83.3%     0.0%   1.7433   0.0253    16.7%
     6    34.1s    0.0005    13.3%    13.3%    59.2%      31%/51%/18%    4.225 1.69e-05    86.7%     0.0%   1.7455   0.0452    11.8%
     7    35.0s   -0.0032     3.3%     3.3%    54.5%      38%/43%/19%    3.300 8.86e-06    86.7%     0.0%   1.7143   0.0201    11.8%
     8    34.8s    0.0043    10.0%    10.0%    60.8%      35%/46%/20%    2.867 4.87e-06    90.0%     0.0%   1.7038   0.0129    14.3%
     9    34.5s    0.0060    16.7%    16.7%    62.3%      32%/48%/20%    2.329 2.96e-05    83.3%     0.0%   1.7539   0.0344    17.6%
    10    33.1s    0.0023    16.7%    16.7%    67.8%      35%/48%/17%    2.983 7.05e-06    80.0%     0.0%   1.7072   0.0892    18.8%
  [MA20] reward=0.0007 task_sr=10.0% miss=85.7% time_limit=100.0% v2v=21.0%
  [PPO ] p_loss=-0.1532 v_loss=1.3068 entropy=1.7072 grad=2.1271 active=5.4%
  [SIM ] avg_power(a)=0.5012 rsu_q=2.435 tx=176 no_tx=107 deadlock=0 svc=28.307GHz idle=0.0%
  → Best model saved: Success Rate = 0.100 (50-ep avg)
    11    18.4s   -0.0004    13.3%    13.3%    62.7%      34%/54%/13%    3.975 5.35e-06    86.7%     0.0%   1.6168  -0.0063    10.6%
    12    32.8s    0.0015    20.0%    20.0%    67.1%      35%/50%/15%    3.562 3.71e-06    76.7%     0.0%   1.5482   0.0316    10.5%
    13    32.9s    0.0031    13.3%    13.3%    61.3%      36%/52%/12%    4.043 4.11e-06    80.0%     0.0%   1.4913   0.0278    10.8%
    14    12.9s   -0.0118     6.7%     6.7%    65.6%      31%/58%/10%    4.675 9.37e-06    93.3%     0.0%   1.4288   0.0156    10.4%
    15    36.1s   -0.0010     3.3%     3.3%    50.9%      29%/58%/12%    2.800 3.57e-06    86.7%     0.0%   1.4724   0.0266     7.7%
    16    32.2s    0.0050    36.7%    36.7%    78.8%       34%/59%/7%    3.267 3.33e-06    56.7%     0.0%   1.4268   0.0492    25.0%
    17    19.5s   -0.0046    10.0%    10.0%    74.2%      30%/59%/10%    3.767 8.53e-06    90.0%     0.0%   1.4695   0.0341    14.3%
    18    31.8s    0.0094    16.7%    16.7%    71.7%      31%/59%/11%    3.300 4.12e-06    80.0%     0.0%   1.3892  -0.0113    18.7%
    19    10.5s    0.0049    23.3%    23.3%    73.9%       24%/67%/8%    4.225 9.92e-06    76.7%     0.0%   1.3601   0.0224    15.2%
    20    33.7s    0.0034    20.0%    20.0%    73.5%       28%/64%/8%    3.767 3.95e-06    80.0%     0.0%   1.3360   0.0221    12.7%
  [MA20] reward=0.0008 task_sr=13.2% miss=83.2% time_limit=80.0% v2v=15.8%
  [PPO ] p_loss=-0.2365 v_loss=1.0927 entropy=1.3360 grad=1.6334 active=6.0%
  [SIM ] avg_power(a)=0.4963 rsu_q=6.115 tx=214 no_tx=98 deadlock=0 svc=34.699GHz idle=0.0%
  → Best model saved: Success Rate = 0.132 (50-ep avg)

    Ep    Wall    R/step     T_SR     V_SR     S_SR            L/R/V   Lat(s)       En     Miss      Ill      Ent       KL     Clip
--------------------------------------------------------------------------------------------------------------------------------
    21    13.0s   -0.0124     6.7%     6.7%    62.4%       25%/68%/7%    6.200 8.52e-06    93.3%     0.0%   1.2904   0.0202    12.1%
    22    10.7s    0.0021    20.0%    20.0%    73.5%       22%/71%/7%    4.417 8.48e-06    80.0%     0.0%   1.3224   0.0252    13.3%
    23    35.6s    0.0008    10.0%    10.0%    59.7%       22%/70%/9%    4.167 4.60e-06    86.7%     0.0%   1.2297   0.0850    11.1%
    24    10.2s   -0.0160     6.7%     6.7%    62.1%       20%/73%/7%    3.800 1.37e-05    93.3%     0.0%   1.2123   0.0110    12.8%
    25    19.6s   -0.0061     6.7%     6.7%    63.2%       18%/75%/7%    5.067 7.38e-06    93.3%     0.0%   1.2005   0.0420    11.1%
    26    11.5s   -0.0093    10.0%    10.0%    55.8%       18%/76%/6%    4.100 1.47e-05    90.0%     0.0%   1.2065   0.0152    13.6%
    27    10.4s   -0.0202     0.0%     0.0%    57.3%       18%/77%/5%    0.000 1.39e-05   100.0%     0.0%   1.1760   0.0480    20.8%
    28    10.2s   -0.0196     0.0%     0.0%    56.5%       19%/77%/4%    0.000 1.27e-05   100.0%     0.0%   1.1799   0.0211    17.1%
    29     9.9s   -0.0230     0.0%     0.0%    53.0%       16%/79%/5%    0.000 1.51e-05   100.0%     0.0%   1.1832   0.0279    22.6%
    30     9.5s   -0.0070     6.7%     6.7%    68.8%       17%/77%/6%    3.100 1.87e-05    93.3%     0.0%   1.1591   0.0312    19.2%
  [MA20] reward=-0.0051 task_sr=11.5% miss=86.8% time_limit=35.0% v2v=8.4%
  [PPO ] p_loss=-0.0586 v_loss=1.1472 entropy=1.1591 grad=1.6190 active=18.4%
  [SIM ] avg_power(a)=0.4943 rsu_q=28.807 tx=226 no_tx=54 deadlock=0 svc=100.311GHz idle=1.8%
    31    10.8s   -0.0118     3.3%     3.3%    58.4%       17%/78%/5%    3.900 2.22e-05    96.7%     0.0%   1.1816   0.0099    16.6%
    32    11.5s   -0.0083    10.0%    10.0%    56.6%       15%/80%/5%    4.433 1.62e-05    90.0%     0.0%   1.1591  -0.0050    15.0%
    33     9.6s    0.0046    20.0%    20.0%    72.8%       20%/76%/4%    4.214 1.35e-05    80.0%     0.0%   1.1912   0.0415    14.6%
    34    10.1s    0.0153    26.7%    26.7%    81.8%       25%/68%/8%    3.800 8.62e-06    73.3%     0.0%   1.2160   0.0092    20.6%
    35    12.3s   -0.0083     3.3%     3.3%    68.1%       22%/72%/6%    3.450 1.12e-05    96.7%     0.0%   1.2542   0.0091    15.9%
    36    12.2s   -0.0167     0.0%     0.0%    55.1%       22%/72%/7%    0.000 1.56e-05   100.0%     0.0%   1.2815   0.0364    20.9%
    37    10.5s   -0.0102    10.0%    10.0%    67.4%       14%/79%/7%    3.933 1.17e-05    90.0%     0.0%   1.2572   0.0161    15.4%
    38     9.5s   -0.0201     3.3%     3.3%    61.4%       18%/75%/7%    5.500 1.67e-05    96.7%     0.0%   1.2446   0.0026    11.3%
    39    32.3s    0.0004    10.0%    10.0%    63.3%       15%/78%/8%    3.860 4.00e-06    83.3%     0.0%   1.2466   0.0106    22.1%
    40    10.3s    0.0075    26.7%    26.7%    73.2%       15%/79%/6%    4.467 1.23e-05    73.3%     0.0%   1.2592   0.0338    11.9%
  [MA20] reward=-0.0079 task_sr=9.0% miss=90.5% time_limit=10.0% v2v=6.2%
  [PPO ] p_loss=0.0109 v_loss=0.9341 entropy=1.2592 grad=0.9477 active=17.3%
  [SIM ] avg_power(a)=0.4968 rsu_q=25.226 tx=251 no_tx=49 deadlock=0 svc=105.545GHz idle=1.6%

    Ep    Wall    R/step     T_SR     V_SR     S_SR            L/R/V   Lat(s)       En     Miss      Ill      Ent       KL     Clip
--------------------------------------------------------------------------------------------------------------------------------
    41     9.1s   -0.0198     3.3%     3.3%    59.1%       16%/77%/8%    4.100 1.08e-05    96.7%     0.0%   1.1923   0.0600     6.0%
    42     9.0s   -0.0601     6.7%     6.7%    54.4%       14%/79%/7%    3.800 1.82e-05    93.3%     0.2%   1.1943  -0.0011    13.9%
    43    10.2s   -0.0075    13.3%    13.3%    57.1%       15%/77%/8%    3.875 1.95e-05    86.7%     0.0%   1.1834   0.0190    19.1%
    44     9.4s   -0.0153     3.3%     3.3%    58.3%      13%/77%/10%    4.600 1.36e-05    96.7%     0.0%   1.1957   0.0035    13.1%
    45     8.7s   -0.0126    10.0%    10.0%    56.4%       12%/83%/4%    3.300 1.45e-05    90.0%     0.0%   1.1416   0.0136    13.3%
    46     9.8s   -0.0045    10.0%    10.0%    61.9%        9%/82%/9%    4.400 1.28e-05    90.0%     0.0%   1.1419   0.0272    10.1%
    47    10.0s   -0.0167     3.3%     3.3%    51.9%       13%/79%/8%    2.200 1.53e-05    96.7%     0.0%   1.1317   0.0110    12.6%
    48    10.0s   -0.0030     6.7%     6.7%    64.4%        9%/86%/5%    3.200 1.71e-05    93.3%     0.0%   1.2074   0.0123     9.3%
    49     9.4s    0.0069    23.3%    23.3%    73.5%       12%/81%/8%    4.057 1.59e-05    76.7%     0.0%   1.1589   0.0256    12.5%
    50    12.0s   -0.0169     3.3%     3.3%    53.4%       11%/84%/5%    6.700 2.02e-05    96.7%     0.0%   1.1725   0.0274     7.5%
  [MA20] reward=-0.0099 task_sr=9.8% miss=89.8% time_limit=5.0% v2v=6.7%
  [PPO ] p_loss=0.0785 v_loss=1.0153 entropy=1.1725 grad=5.7911 active=17.0%
  [SIM ] avg_power(a)=0.5037 rsu_q=28.358 tx=205 no_tx=37 deadlock=0 svc=80.883GHz idle=6.0%
    51    10.1s   -0.0715     6.7%     6.7%    64.5%       14%/80%/6%    4.700 1.18e-05    93.3%     0.2%   1.2050   0.0051    16.2%
    52     9.7s   -0.0165    13.3%    13.3%    59.5%       13%/80%/8%    4.000 1.41e-05    86.7%     0.0%   1.2163   0.0105    15.0%
    53    10.4s   -0.0089     6.7%     6.7%    62.5%       16%/77%/7%    4.900 1.45e-05    93.3%     0.0%   1.2329   0.0244    17.9%
    54    10.7s   -0.0080     6.7%     6.7%    59.1%       13%/78%/8%    3.833 1.20e-05    93.3%     0.0%   1.1824  -0.0018    10.4%
    55    12.4s   -0.0127     3.3%     3.3%    63.4%       14%/78%/8%    3.600 1.32e-05    96.7%     0.0%   1.2005   0.0008    12.6%
    56    10.6s   -0.0024    20.0%    20.0%    74.3%       14%/78%/8%    4.929 9.37e-06    80.0%     0.0%   1.2004   0.0854    17.4%
    57     9.7s   -0.0088    13.3%    13.3%    72.8%       10%/83%/7%    4.350 1.42e-05    86.7%     0.0%   1.2215   0.0219    12.5%
    58    10.0s   -0.0127     6.7%     6.7%    61.2%        9%/83%/8%    4.767 1.69e-05    93.3%     0.0%   1.1450   0.0196    18.8%
    59     8.3s   -0.0194     3.3%     3.3%    67.0%       12%/83%/6%    4.450 1.43e-05    96.7%     0.0%   1.1097   0.0129    12.1%
    60     9.3s   -0.0005    13.3%    13.3%    59.2%       13%/80%/7%    3.675 1.74e-05    86.7%     0.0%   1.1558   0.0775    19.6%
  [MA20] reward=-0.0155 task_sr=8.8% miss=91.2% time_limit=0.0% v2v=7.3%
  [PPO ] p_loss=0.0336 v_loss=1.0342 entropy=1.1558 grad=0.6228 active=19.7%
  [SIM ] avg_power(a)=0.4968 rsu_q=29.887 tx=214 no_tx=41 deadlock=0 svc=100.826GHz idle=1.9%

    Ep    Wall    R/step     T_SR     V_SR     S_SR            L/R/V   Lat(s)       En     Miss      Ill      Ent       KL     Clip
--------------------------------------------------------------------------------------------------------------------------------
    61    10.7s   -0.0073     6.7%     6.7%    61.1%        9%/84%/7%    5.267 1.68e-05    93.3%     0.0%   1.1538   0.0518    12.8%
    62    10.6s   -0.0110    13.3%    13.3%    66.4%       10%/83%/7%    5.200 1.39e-05    86.7%     0.0%   1.1326   0.0344    25.4%
    63    10.4s   -0.0075    10.0%    10.0%    55.6%       11%/83%/6%    2.800 1.99e-05    90.0%     0.0%   1.1323   0.0238    18.9%
    64     9.1s   -0.0173     6.7%     6.7%    64.0%        8%/88%/4%    3.850 1.40e-05    93.3%     0.0%   1.1077   0.0162    12.3%
    65    10.2s    0.0207    26.7%    26.7%    68.8%       12%/79%/9%    4.050 1.57e-05    73.3%     0.0%   1.0748   0.0337     9.5%
    66     9.3s   -0.0114    10.0%    10.0%    71.3%       13%/82%/5%    4.300 1.40e-05    90.0%     0.0%   1.1939   0.0177    20.1%
    67    10.3s   -0.0153     3.3%     3.3%    53.9%       12%/81%/7%    4.450 2.63e-05    96.7%     0.0%   1.1579   0.0277     2.2%
    68     9.4s   -0.0188     3.3%     3.3%    64.7%       15%/76%/9%    4.900 1.35e-05    96.7%     0.0%   1.2356   0.0078    16.2%
    69    10.3s    0.0039    10.0%    10.0%    67.7%       20%/73%/6%    3.967 1.48e-05    90.0%     0.0%   1.2849   0.0250    10.9%
    70    10.1s   -0.0154     3.3%     3.3%    71.6%       20%/73%/7%    2.700 9.49e-06    96.7%     0.0%   1.3038   0.0451     7.0%
  [MA20] reward=-0.0120 task_sr=9.3% miss=90.7% time_limit=0.0% v2v=7.0%
  [PPO ] p_loss=-0.1575 v_loss=1.2820 entropy=1.3038 grad=1.7825 active=20.1%
  [SIM ] avg_power(a)=0.4958 rsu_q=27.754 tx=242 no_tx=67 deadlock=0 svc=116.615GHz idle=3.5%
    71    10.3s    0.0016    16.7%    16.7%    69.4%       21%/70%/9%    4.620 1.45e-05    83.3%     0.0%   1.3088   0.0280    18.8%
    72    33.5s   -0.0036     6.7%     6.7%    62.6%      23%/67%/10%    3.750 4.08e-06    83.3%     0.0%   1.2872   0.0299    10.2%
    73     9.7s   -0.0179     3.3%     3.3%    64.3%       24%/69%/7%    4.300 1.17e-05    96.7%     0.0%   1.3240   0.0207    14.0%
    74    10.8s   -0.0027    16.7%    16.7%    80.3%       26%/68%/6%    4.060 8.82e-06    83.3%     0.0%   1.3027   0.0311     0.0%
    75    10.0s   -0.0160     0.0%     0.0%    67.3%       19%/75%/5%    3.300 9.91e-06   100.0%     0.0%   1.2631   0.0235    10.3%
    76     9.4s    0.0053    20.0%    20.0%    68.1%       25%/69%/6%    3.150 9.95e-06    80.0%     0.0%   1.2471   0.0370    11.8%
    77     8.7s   -0.0120    10.0%    10.0%    63.8%       23%/69%/8%    3.400 1.41e-05    90.0%     0.0%   1.2350   0.0043    10.5%
    78    10.8s   -0.0149     0.0%     0.0%    60.5%       20%/72%/8%    0.000 1.53e-05   100.0%     0.0%   1.2723   0.0185    22.3%
    79     8.6s   -0.0041    13.3%    13.3%    68.6%       23%/71%/6%    3.850 1.12e-05    86.7%     0.0%   1.2461   0.0116    16.9%
    80    34.7s   -0.0021     6.7%     6.7%    60.0%       21%/72%/7%    3.933 3.96e-06    93.3%     0.0%   1.2646   0.0576     4.0%
  [MA20] reward=-0.0073 task_sr=9.3% miss=90.2% time_limit=10.0% v2v=6.9%
  [PPO ] p_loss=-0.3816 v_loss=0.7526 entropy=1.2646 grad=1.6396 active=6.3%
  [SIM ] avg_power(a)=0.5004 rsu_q=7.765 tx=183 no_tx=70 deadlock=0 svc=29.167GHz idle=0.0%

    Ep    Wall    R/step     T_SR     V_SR     S_SR            L/R/V   Lat(s)       En     Miss      Ill      Ent       KL     Clip
--------------------------------------------------------------------------------------------------------------------------------
    81    10.7s   -0.0053    13.3%    13.3%    61.9%       20%/75%/4%    3.975 1.47e-05    86.7%     0.0%   1.2023   0.0090    17.5%
    82    10.7s   -0.0139     6.7%     6.7%    65.6%       24%/72%/4%    4.600 6.78e-06    93.3%     0.0%   1.2111   0.0210     9.5%
    83    11.4s    0.0147    23.3%    23.3%    67.3%       23%/72%/5%    3.757 7.11e-06    76.7%     0.0%   1.1850   0.0264    10.0%
    84     9.5s   -0.0112    10.0%    10.0%    74.0%       21%/73%/5%    4.350 1.22e-05    90.0%     0.0%   1.2077   0.0156    16.2%
    85    10.0s   -0.0187     0.0%     0.0%    64.5%       19%/76%/6%    0.000 1.45e-05   100.0%     0.0%   1.2434   0.0256    23.7%
    86     9.0s   -0.0066    13.3%    13.3%    73.7%       27%/68%/5%    3.080 7.73e-06    86.7%     0.0%   1.2235   0.0221    11.8%
    87    10.4s    0.0070    23.3%    23.3%    78.9%       26%/70%/5%    3.729 1.18e-05    76.7%     0.0%   1.2405   0.0039    16.8%
    88    10.7s   -0.0127     6.7%     6.7%    61.4%       24%/69%/6%    4.450 9.08e-06    93.3%     0.0%   1.3100   0.0162    10.8%
    89     9.0s    0.0159    16.7%    16.7%    63.3%       25%/67%/8%    3.200 1.72e-05    83.3%     0.0%   1.2820   0.0098    12.7%
    90    10.2s    0.0013    16.7%    16.7%    76.4%       25%/68%/6%    3.880 1.06e-05    83.3%     0.0%   1.2637   0.0493    21.5%
  [MA20] reward=-0.0048 task_sr=11.2% miss=88.3% time_limit=10.0% v2v=6.4%
  [PPO ] p_loss=0.0616 v_loss=0.9342 entropy=1.2637 grad=0.7533 active=16.9%
  [SIM ] avg_power(a)=0.4993 rsu_q=20.424 tx=215 no_tx=85 deadlock=0 svc=97.014GHz idle=1.5%
    91    10.2s   -0.0053    13.3%    13.3%    65.5%       24%/70%/6%    3.440 9.26e-06    86.7%     0.0%   1.2748   0.0442    10.3%
    92     8.1s   -0.0080    20.0%    20.0%    75.1%       27%/68%/5%    3.933 9.07e-06    80.0%     0.0%   1.3000  -0.0008    19.1%
    93     8.5s   -0.0097    16.7%    16.7%    73.7%       27%/66%/8%    3.600 7.41e-06    83.3%     0.0%   1.2422   0.0046    18.3%
    94    12.4s   -0.0037    10.0%    10.0%    77.6%       17%/77%/6%    4.183 8.40e-06    90.0%     0.0%   1.1961   0.0013    19.8%
    95    10.9s   -0.0050    10.0%    10.0%    67.7%       18%/77%/5%    4.967 9.24e-06    90.0%     0.0%   1.1710   0.0002    15.6%
    96    10.4s   -0.0107     3.3%     3.3%    64.0%       20%/73%/7%    4.067 1.07e-05    96.7%     0.0%   1.1486   0.0215    12.2%
    97     8.7s    0.0151    26.7%    26.7%    79.2%       17%/76%/7%    3.950 1.57e-05    73.3%     0.0%   1.1961   0.0416    15.1%
    98    10.5s   -0.0254     3.3%     3.3%    52.9%       14%/81%/5%    3.300 1.69e-05    96.7%     0.1%   1.2342   0.0451    14.9%
    99    35.0s    0.0040    10.0%    10.0%    65.9%      15%/75%/10%    2.433 4.61e-06    86.7%     0.0%   1.2042   0.0185    14.4%
   100    10.4s   -0.0124     6.7%     6.7%    67.9%       15%/79%/6%    4.067 1.07e-05    93.3%     0.0%   1.1579   0.0329    16.2%
  [MA20] reward=-0.0045 task_sr=12.5% miss=87.3% time_limit=5.0% v2v=6.0%
  [PPO ] p_loss=0.0200 v_loss=1.2049 entropy=1.1579 grad=1.9712 active=16.8%
  [SIM ] avg_power(a)=0.4947 rsu_q=29.413 tx=245 no_tx=49 deadlock=0 svc=101.689GHz idle=1.6%

    Ep    Wall    R/step     T_SR     V_SR     S_SR            L/R/V   Lat(s)       En     Miss      Ill      Ent       KL     Clip
--------------------------------------------------------------------------------------------------------------------------------
   101    10.2s   -0.0087    10.0%    10.0%    74.9%       16%/77%/7%    4.300 1.14e-05    90.0%     0.0%   1.1367   0.0224     7.7%
   102    10.2s   -0.0191     0.0%     0.0%    61.8%       16%/77%/7%    0.000 9.05e-06   100.0%     0.0%   1.0970   0.0117    17.8%
   103    11.3s   -0.0135     6.7%     6.7%    54.3%       17%/76%/7%    4.600 1.25e-05    93.3%     0.0%   1.1662   0.0250    20.0%
   104    10.4s   -0.0169     3.3%     3.3%    68.7%       17%/78%/5%    3.100 1.13e-05    96.7%     0.0%   1.1530   0.0092    15.0%
   105    34.3s    0.0020    13.3%    13.3%    64.1%       13%/80%/7%    3.560 4.51e-06    86.7%     0.0%   1.1544   0.0249     7.1%
   106    10.8s   -0.0175     0.0%     0.0%    60.5%       16%/78%/6%    5.200 1.55e-05   100.0%     0.0%   1.1213   0.0280    20.3%
   107    11.4s   -0.0955     0.0%     0.0%    51.5%       13%/81%/5%    0.000 2.38e-05   100.0%     0.3%   1.1525   0.0121    14.0%
   108    32.9s    0.0086    26.7%    26.7%    72.4%       17%/76%/7%    3.789 5.83e-06    70.0%     0.0%   1.1206   0.0552    13.0%
   109     8.8s   -0.0201     0.0%     0.0%    67.5%        9%/84%/7%    0.000 1.73e-05   100.0%     0.0%   1.1163   0.0076    13.3%
   110     8.6s   -0.1107     3.3%     3.3%    59.8%       15%/78%/7%    1.600 1.27e-05    96.7%     0.4%   1.1147   0.0158    11.5%
  [MA20] reward=-0.0176 task_sr=9.2% miss=90.5% time_limit=10.0% v2v=6.5%
  [PPO ] p_loss=-0.0011 v_loss=1.1064 entropy=1.1147 grad=0.7148 active=19.2%
  [SIM ] avg_power(a)=0.5034 rsu_q=34.250 tx=220 no_tx=44 deadlock=0 svc=108.692GHz idle=1.9%
   111    12.1s   -0.0118     3.3%     3.3%    56.3%       10%/85%/5%    4.400 9.66e-06    96.7%     0.0%   1.1745   0.0015    17.7%
   112    10.0s   -0.0101    10.0%    10.0%    65.1%       10%/84%/7%    4.750 1.12e-05    90.0%     0.0%   1.1378   0.0173    14.0%
   113    18.4s   -0.0071     0.0%     0.0%    51.2%       16%/76%/8%    0.000 1.01e-05   100.0%     0.0%   1.1950   0.0345    11.4%
   114    10.5s   -0.0048    10.0%    10.0%    63.6%       12%/81%/7%    3.775 1.79e-05    90.0%     0.0%   1.1045   0.0254    15.4%
   115    10.5s   -0.0134     6.7%     6.7%    64.9%       15%/79%/5%    5.333 1.05e-05    93.3%     0.0%   1.0823   0.0235    11.4%
   116     9.8s   -0.0242     0.0%     0.0%    60.7%       13%/82%/4%    4.300 1.25e-05   100.0%     0.0%   1.1335   0.0069    12.4%
   117     8.9s   -0.0513     0.0%     0.0%    63.4%       16%/79%/5%    3.300 1.42e-05   100.0%     0.1%   1.1422  -0.0119    16.4%
   118    11.8s   -0.0154     0.0%     0.0%    55.8%       15%/81%/5%    0.000 1.34e-05   100.0%     0.0%   1.1188   0.0136    13.7%
   119    11.4s   -0.0041    13.3%    13.3%    73.1%       16%/78%/6%    4.120 1.54e-05    86.7%     0.0%   1.1460   0.0245    15.1%
   120    10.8s   -0.0158     3.3%     3.3%    58.4%       15%/78%/7%    4.700 1.14e-05    96.7%     0.0%   1.1297   0.0492    10.0%
  [MA20] reward=-0.0225 task_sr=5.5% miss=94.3% time_limit=5.0% v2v=6.3%
  [PPO ] p_loss=0.2100 v_loss=0.9995 entropy=1.1297 grad=3.4922 active=17.2%
  [SIM ] avg_power(a)=0.5080 rsu_q=25.246 tx=208 no_tx=50 deadlock=0 svc=83.883GHz idle=1.5%

    Ep    Wall    R/step     T_SR     V_SR     S_SR            L/R/V   Lat(s)       En     Miss      Ill      Ent       KL     Clip
--------------------------------------------------------------------------------------------------------------------------------
   121     9.2s   -0.0119     6.7%     6.7%    64.5%       14%/80%/6%    3.000 1.17e-05    93.3%     0.0%   1.2128  -0.0012    16.7%
   122    10.6s    0.0043    13.3%    13.3%    66.3%       23%/70%/7%    3.600 1.21e-05    86.7%     0.0%   1.2368   0.0004    18.2%
   123     9.7s    0.0016    10.0%    10.0%    67.8%       18%/75%/8%    4.700 1.98e-05    90.0%     0.0%   1.2169   0.0240    19.0%
   124     8.7s    0.0036    20.0%    20.0%    69.2%       20%/74%/6%    3.563 1.43e-05    80.0%     0.0%   1.2614   0.0239    15.9%
   125     8.8s    0.0063    13.3%    13.3%    67.3%       21%/72%/7%    3.850 1.67e-05    86.7%     0.0%   1.2153   0.0235     5.5%
   126    10.9s   -0.0785     3.3%     3.3%    56.5%       23%/70%/7%    4.000 1.27e-05    96.7%     0.3%   1.2220   0.0059     9.9%
   127     9.7s   -0.0200     3.3%     3.3%    53.9%       18%/77%/5%    5.200 2.24e-05    96.7%     0.0%   1.2343   0.0356    12.1%
   128    10.2s   -0.0140     6.7%     6.7%    61.3%       24%/70%/6%    4.350 1.39e-05    93.3%     0.0%   1.2229   0.0554    15.0%
   129     9.5s   -0.0132    13.3%    13.3%    66.8%       22%/69%/9%    3.360 1.51e-05    86.7%     0.0%   1.2337   0.0227    12.1%
   130     9.6s   -0.0143     3.3%     3.3%    67.0%       25%/67%/8%    5.200 1.19e-05    96.7%     0.0%   1.2148   0.0356     9.9%
  [MA20] reward=-0.0147 task_sr=7.0% miss=93.0% time_limit=0.0% v2v=6.5%
  [PPO ] p_loss=-0.0958 v_loss=0.8909 entropy=1.2148 grad=2.2105 active=18.2%
  [SIM ] avg_power(a)=0.5045 rsu_q=21.603 tx=195 no_tx=78 deadlock=0 svc=101.083GHz idle=1.7%
   131    32.4s    0.0067    23.3%    23.3%    72.8%       20%/71%/9%    3.310 4.19e-06    66.7%     0.0%   1.1874   0.0277    12.2%
   132    16.3s   -0.0093     6.7%     6.7%    71.3%       25%/69%/6%    2.850 6.77e-06    93.3%     0.0%   1.2050   0.0255     5.0%
   133     8.4s   -0.0005    16.7%    16.7%    67.6%       26%/68%/6%    3.600 1.42e-05    83.3%     0.0%   1.1812   0.0413    22.7%
   134     9.3s   -0.0022    23.3%    23.3%    72.4%       24%/71%/5%    4.029 1.45e-05    76.7%     0.0%   1.2096   0.0120    13.3%
   135    10.0s   -0.0163     3.3%     3.3%    62.8%       23%/71%/5%    4.800 1.34e-05    96.7%     0.0%   1.2320   0.0140    23.6%
   136    11.9s    0.0143    16.7%    16.7%    66.8%       29%/63%/7%    4.020 9.79e-06    83.3%     0.0%   1.2795   0.0259    16.7%
   137    10.8s   -0.0045    13.3%    13.3%    71.3%       29%/65%/6%    3.783 8.46e-06    86.7%     0.0%   1.2726   0.0306     8.9%
   138    10.9s   -0.0137     6.7%     6.7%    67.6%       27%/67%/6%    4.950 1.15e-05    93.3%     0.0%   1.2404   0.0324    12.0%
   139    10.2s    0.0013    16.7%    16.7%    69.1%       26%/68%/6%    4.300 1.12e-05    83.3%     0.0%   1.2748   0.0584    14.5%
   140    32.0s   -0.0041     0.0%     0.0%    53.6%       26%/67%/7%    0.000 3.91e-06   100.0%     0.0%   1.2743  -0.0125    14.8%
  [MA20] reward=-0.0082 task_sr=11.0% miss=88.5% time_limit=5.0% v2v=6.6%
  [PPO ] p_loss=0.1210 v_loss=3.0699 entropy=1.2743 grad=9.5806 active=7.2%
  [SIM ] avg_power(a)=0.4964 rsu_q=10.123 tx=174 no_tx=93 deadlock=0 svc=33.141GHz idle=0.6%

    Ep    Wall    R/step     T_SR     V_SR     S_SR            L/R/V   Lat(s)       En     Miss      Ill      Ent       KL     Clip
--------------------------------------------------------------------------------------------------------------------------------
   141    10.3s   -0.0118    13.3%    13.3%    68.5%       26%/67%/7%    4.820 1.68e-05    86.7%     0.0%   1.2758   0.0153    16.4%
   142     8.2s   -0.0111    13.3%    13.3%    70.3%       31%/64%/4%    3.950 1.31e-05    86.7%     0.0%   1.2508   0.0204     6.7%
   143    11.2s   -0.0107     6.7%     6.7%    68.1%       25%/68%/7%    3.950 8.61e-06    93.3%     0.0%   1.2680   0.0229    14.9%
   144    12.5s   -0.0032    13.3%    13.3%    69.6%       28%/65%/7%    4.200 1.28e-05    86.7%     0.0%   1.3135   0.0416    17.4%
   145     9.4s   -0.0092    13.3%    13.3%    73.7%       26%/68%/6%    4.440 7.66e-06    86.7%     0.0%   1.2306   0.0276    20.4%
   146    10.7s   -0.0059    10.0%    10.0%    65.7%       27%/67%/6%    4.825 6.03e-06    90.0%     0.0%   1.2540   0.0226     5.4%
   147    18.8s    0.0004    13.3%    13.3%    75.7%       24%/70%/6%    4.267 5.97e-06    86.7%     0.0%   1.2381   0.0008    15.5%
   148     9.5s   -0.0047    10.0%    10.0%    61.0%       26%/65%/9%    3.980 1.21e-05    90.0%     0.0%   1.2065   0.0186    13.1%
   149    10.1s    0.0001    13.3%    13.3%    63.7%       25%/69%/6%    3.625 1.79e-05    86.7%     0.0%   1.2564  -0.0029    15.8%
   150    35.8s   -0.0021     6.7%     6.7%    64.6%       28%/67%/6%    3.050 4.76e-06    86.7%     0.0%   1.2976   0.0558     5.3%
  [MA20] reward=-0.0043 task_sr=12.0% miss=87.2% time_limit=10.0% v2v=6.3%
  [PPO ] p_loss=0.1265 v_loss=2.4244 entropy=1.2976 grad=18.4402 active=6.2%
  [SIM ] avg_power(a)=0.5020 rsu_q=5.355 tx=182 no_tx=89 deadlock=0 svc=29.234GHz idle=0.0%
   151    11.6s    0.0046    16.7%    16.7%    63.4%       31%/63%/6%    3.480 6.40e-06    83.3%     0.0%   1.2445   0.0110    11.8%
   152     9.9s   -0.0096     3.3%     3.3%    56.9%       31%/64%/5%    4.800 1.41e-05    96.7%     0.0%   1.2265   0.0374    13.7%
   153    11.0s   -0.0068    13.3%    13.3%    74.1%       35%/60%/5%    3.960 5.06e-06    86.7%     0.0%   1.2789   0.0170    19.0%
   154     8.7s   -0.0058    20.0%    20.0%    76.1%       30%/65%/5%    4.517 1.34e-05    80.0%     0.0%   1.2473   0.0008    15.6%
   155     9.4s    0.0089    23.3%    23.3%    72.8%       31%/63%/7%    3.786 1.11e-05    76.7%     0.0%   1.2120   0.0306    15.1%
   156    12.7s   -0.0117     3.3%     3.3%    68.0%       29%/67%/5%    4.200 9.46e-06    96.7%     0.0%   1.2635   0.0845    12.5%
   157     9.1s    0.0051    23.3%    23.3%    70.2%       27%/67%/6%    3.914 1.21e-05    76.7%     0.0%   1.1991   0.0698    13.0%
   158    12.5s   -0.0034    10.0%    10.0%    59.5%       32%/64%/3%    4.200 7.16e-06    90.0%     0.0%   1.2674   0.0248    25.0%
   159     9.9s   -0.0027    13.3%    13.3%    68.8%       30%/65%/5%    3.625 5.72e-06    86.7%     0.0%   1.2347   0.0219    18.8%
   160     9.0s   -0.0006    16.7%    16.7%    72.9%       26%/70%/3%    3.740 1.99e-05    83.3%     0.0%   1.2825   0.0024    17.4%
  [MA20] reward=-0.0040 task_sr=12.8% miss=86.8% time_limit=5.0% v2v=5.7%
  [PPO ] p_loss=-0.1572 v_loss=0.8879 entropy=1.2825 grad=1.1523 active=22.1%
  [SIM ] avg_power(a)=0.4985 rsu_q=26.519 tx=227 no_tx=90 deadlock=0 svc=125.626GHz idle=1.9%

    Ep    Wall    R/step     T_SR     V_SR     S_SR            L/R/V   Lat(s)       En     Miss      Ill      Ent       KL     Clip
--------------------------------------------------------------------------------------------------------------------------------
   161    10.1s    0.0080    20.0%    20.0%    75.8%       29%/66%/5%    4.417 5.66e-06    80.0%     0.0%   1.2611   0.0050    17.6%
   162    12.5s    0.0152    23.3%    23.3%    68.3%       31%/62%/7%    3.643 9.63e-06    76.7%     0.0%   1.2888   0.0126    16.9%
   163    10.1s   -0.0010    20.0%    20.0%    70.6%       28%/67%/5%    3.717 6.59e-06    80.0%     0.0%   1.2562  -0.0045    11.4%
   164    10.9s    0.0033    16.7%    16.7%    71.8%       30%/66%/4%    3.920 8.50e-06    83.3%     0.0%   1.2526   0.0131    11.5%
   165     9.7s   -0.0143     6.7%     6.7%    62.9%       30%/64%/6%    4.750 1.04e-05    93.3%     0.0%   1.3009   0.0141    13.3%
   166    10.0s    0.0113    23.3%    23.3%    80.1%       29%/66%/5%    3.613 7.34e-06    76.7%     0.0%   1.2730   0.0594     7.0%
   167    10.3s   -0.0096     6.7%     6.7%    61.7%       29%/67%/4%    4.450 8.47e-06    93.3%     0.0%   1.3152   0.0043    16.0%
   168     9.8s   -0.0025    13.3%    13.3%    66.6%       31%/64%/5%    2.900 1.11e-05    86.7%     0.0%   1.2691   0.0066     8.1%
   169    12.4s   -0.0136     3.3%     3.3%    64.9%       29%/66%/5%    3.400 9.79e-06    96.7%     0.0%   1.2842   0.0140    10.6%
   170    10.5s   -0.0082    10.0%    10.0%    71.3%       29%/65%/6%    3.867 8.62e-06    90.0%     0.0%   1.3016   0.0065    12.8%
  [MA20] reward=-0.0017 task_sr=14.3% miss=85.7% time_limit=0.0% v2v=5.1%
  [PPO ] p_loss=0.0045 v_loss=0.8983 entropy=1.3016 grad=1.6417 active=19.3%
  [SIM ] avg_power(a)=0.4991 rsu_q=19.889 tx=181 no_tx=107 deadlock=0 svc=101.071GHz idle=3.2%
   171    10.2s    0.0104    16.7%    16.7%    73.6%       28%/66%/5%    4.017 7.92e-06    83.3%     0.0%   1.2605   0.0038    12.8%
   172    13.1s   -0.0091     3.3%     3.3%    68.9%       29%/65%/6%    2.950 6.28e-06    96.7%     0.0%   1.2778  -0.0081    12.3%
   173     9.0s    0.0294    30.0%    30.0%    84.1%       29%/67%/4%    3.636 9.84e-06    70.0%     0.0%   1.2967   0.0251    17.4%
   174    17.5s   -0.0020    13.3%    13.3%    68.7%       24%/71%/5%    4.050 7.32e-06    86.7%     0.0%   1.3187   0.0134     8.9%
   175    10.5s   -0.0041    10.0%    10.0%    72.2%       26%/69%/5%    4.225 8.17e-06    90.0%     0.0%   1.2864   0.0266     9.5%
   176    15.8s   -0.0077    10.0%    10.0%    57.6%       27%/66%/7%    4.550 5.18e-06    90.0%     0.0%   1.2859   0.0139    17.0%
   177     8.4s    0.0142    16.7%    16.7%    74.4%       25%/69%/6%    2.967 1.31e-05    83.3%     0.0%   1.2370   0.0260     9.1%
   178    12.0s   -0.0049    13.3%    13.3%    75.1%       25%/70%/6%    4.425 8.90e-06    86.7%     0.0%   1.2314   0.0015     8.8%
   179    10.0s   -0.0192     0.0%     0.0%    59.5%       21%/74%/6%    5.900 8.45e-06   100.0%     0.0%   1.2398   0.0046     8.7%
   180    12.3s   -0.0148     3.3%     3.3%    60.5%       23%/71%/6%    4.200 1.00e-05    96.7%     0.0%   1.2157   0.0092     7.4%
  [MA20] reward=-0.0010 task_sr=13.0% miss=87.0% time_limit=0.0% v2v=5.5%
  [PPO ] p_loss=0.0200 v_loss=1.3496 entropy=1.2157 grad=3.4516 active=13.9%
  [SIM ] avg_power(a)=0.4924 rsu_q=23.986 tx=190 no_tx=71 deadlock=0 svc=78.027GHz idle=4.1%

    Ep    Wall    R/step     T_SR     V_SR     S_SR            L/R/V   Lat(s)       En     Miss      Ill      Ent       KL     Clip
--------------------------------------------------------------------------------------------------------------------------------
   181    34.0s    0.0006    10.0%    10.0%    69.7%       20%/74%/6%    2.150 3.53e-06    90.0%     0.0%   1.2106   0.0100     5.6%
   182    25.1s    0.0034    13.3%    13.3%    60.3%       20%/76%/4%    3.880 5.87e-06    86.7%     0.0%   1.1413   0.0080     7.2%
   183     8.3s   -0.0008    20.0%    20.0%    70.1%       19%/74%/8%    3.650 1.46e-05    80.0%     0.0%   1.1744   0.0221     9.3%
   184    10.0s   -0.0223     0.0%     0.0%    55.5%       20%/78%/2%    0.000 1.16e-05   100.0%     0.0%   1.1433   0.0268     8.2%
   185    11.0s   -0.0126    10.0%    10.0%    68.3%       24%/71%/5%    5.200 1.19e-05    90.0%     0.0%   1.1853  -0.0033    15.6%
   186     7.5s   -0.0032    13.3%    13.3%    61.9%       19%/75%/6%    3.375 1.31e-05    86.7%     0.0%   1.1548   0.0101     9.3%
   187    10.0s   -0.0140     3.3%     3.3%    61.2%       20%/75%/5%    3.700 1.38e-05    96.7%     0.0%   1.1086   0.0024    23.5%
   188    16.9s   -0.0053     6.7%     6.7%    58.0%       17%/79%/4%    4.767 1.12e-05    93.3%     0.0%   1.1205  -0.0045    12.8%
   189    11.2s   -0.0101    20.0%    20.0%    68.5%       27%/71%/3%    4.514 9.12e-06    80.0%     0.0%   1.1478   0.0194    15.4%
   190    11.3s   -0.0080    10.0%    10.0%    59.7%       19%/76%/5%    5.600 9.10e-06    90.0%     0.0%   1.1485   0.0074    14.6%
  [MA20] reward=-0.0040 task_sr=11.2% miss=88.8% time_limit=5.0% v2v=5.2%
  [PPO ] p_loss=0.0407 v_loss=0.5570 entropy=1.1485 grad=1.7963 active=15.8%
  [SIM ] avg_power(a)=0.5050 rsu_q=27.478 tx=201 no_tx=61 deadlock=0 svc=87.915GHz idle=1.5%
   191     9.0s   -0.0129     3.3%     3.3%    70.2%       20%/74%/6%    4.133 1.30e-05    96.7%     0.0%   1.0972   0.0004    15.0%
   192     9.3s   -0.0144     6.7%     6.7%    66.5%       24%/73%/3%    4.900 1.08e-05    93.3%     0.0%   1.1210   0.0016    13.3%
   193    10.1s   -0.0100     6.7%     6.7%    58.9%       19%/78%/3%    3.600 1.34e-05    93.3%     0.0%   1.1116   0.0104    13.3%
   194     9.8s    0.0097    16.7%    16.7%    64.2%       21%/76%/3%    4.600 1.90e-05    83.3%     0.0%   1.0653   0.0262    11.5%
   195     9.1s    0.0104    20.0%    20.0%    72.7%       21%/77%/2%    3.986 1.11e-05    80.0%     0.0%   1.1216   0.0398     7.0%
   196    12.8s   -0.0068     6.7%     6.7%    66.1%       21%/75%/5%    3.300 7.18e-06    93.3%     0.0%   1.1252   0.0203    10.1%
   197     9.5s   -0.0059    10.0%    10.0%    73.7%       18%/77%/5%    4.325 1.34e-05    90.0%     0.0%   1.0961   0.0064    14.4%
   198     9.0s    0.0051    33.3%    33.3%    76.8%       30%/66%/4%    3.927 1.15e-05    66.7%     0.0%   1.1084   0.0037    14.8%
   199     8.8s   -0.0130     3.3%     3.3%    71.2%       23%/74%/3%    3.200 1.11e-05    96.7%     0.0%   1.1089   0.0148    13.7%
   200     9.7s   -0.0059     6.7%     6.7%    69.2%       29%/68%/3%    3.475 1.29e-05    93.3%     0.0%   1.1335   0.0210    17.0%
  [MA20] reward=-0.0058 task_sr=11.0% miss=89.0% time_limit=5.0% v2v=4.1%
  [PPO ] p_loss=0.0361 v_loss=0.9902 entropy=1.1335 grad=0.9532 active=18.3%
  [SIM ] avg_power(a)=0.5149 rsu_q=22.283 tx=205 no_tx=96 deadlock=0 svc=111.093GHz idle=1.7%

    Ep    Wall    R/step     T_SR     V_SR     S_SR            L/R/V   Lat(s)       En     Miss      Ill      Ent       KL     Clip
--------------------------------------------------------------------------------------------------------------------------------
   201     9.9s   -0.0101     3.3%     3.3%    67.2%       24%/72%/4%    4.700 1.02e-05    96.7%     0.0%   1.1051   0.0224    15.1%
   202     9.7s   -0.0070    16.7%    16.7%    70.9%       25%/73%/2%    4.960 1.41e-05    83.3%     0.0%   1.1059   0.0115    12.9%
   203    10.3s    0.0097    20.0%    20.0%    80.1%       31%/64%/4%    4.225 1.12e-05    80.0%     0.0%   1.1730  -0.0033    13.7%
   204     9.2s   -0.0034    10.0%    10.0%    74.8%       26%/71%/2%    4.100 7.08e-06    90.0%     0.0%   1.1325   0.0107    12.1%
   205     9.8s   -0.0079     6.7%     6.7%    49.0%       32%/66%/2%    4.100 1.26e-05    93.3%     0.0%   1.1487   0.0268     9.4%
   206    12.3s   -0.0041    16.7%    16.7%    72.6%       30%/67%/4%    3.900 5.20e-06    83.3%     0.0%   1.1285   0.0274    11.9%
   207    11.4s   -0.0032    23.3%    23.3%    70.2%       29%/68%/3%    4.229 1.41e-05    76.7%     0.0%   1.2069   0.0270     3.8%
   208     9.2s   -0.0544     0.0%     0.0%    60.9%       30%/66%/4%    4.300 5.03e-06   100.0%     0.1%   1.1739   0.0693     9.6%
   209     8.0s    0.0199    20.0%    20.0%    85.3%       34%/64%/2%    3.700 7.13e-06    80.0%     0.0%   1.1586   0.0256     3.9%
   210     9.5s    0.0056    23.3%    23.3%    76.5%       35%/62%/4%    4.100 5.79e-06    76.7%     0.0%   1.1532   0.0175     7.8%
  [MA20] reward=-0.0049 task_sr=12.7% miss=87.3% time_limit=0.0% v2v=3.4%
  [PPO ] p_loss=-0.0636 v_loss=0.8514 entropy=1.1532 grad=1.0967 active=19.2%
  [SIM ] avg_power(a)=0.5151 rsu_q=16.063 tx=177 no_tx=126 deadlock=0 svc=105.155GHz idle=1.6%
   211     8.6s   -0.0028    13.3%    13.3%    67.5%       33%/64%/3%    3.650 1.03e-05    86.7%     0.0%   1.2196   0.0014    10.9%
   212     9.4s    0.0022    16.7%    16.7%    75.8%       37%/58%/5%    3.686 1.11e-05    83.3%     0.0%   1.2487   0.0163    21.0%
   213    11.0s   -0.0048    13.3%    13.3%    73.4%       37%/60%/3%    3.600 3.89e-06    86.7%     0.0%   1.2470   0.0153    12.7%
   214    11.4s   -0.0165     3.3%     3.3%    62.5%       37%/58%/5%    5.700 5.16e-06    96.7%     0.0%   1.2644   0.0322    18.2%
   215     8.8s    0.0142    30.0%    30.0%    79.7%       46%/51%/3%    3.360 6.61e-06    70.0%     0.0%   1.2113   0.0258     6.9%
   216     9.9s   -0.0134     6.7%     6.7%    73.5%       40%/55%/5%    3.600 8.66e-06    93.3%     0.0%   1.2577   0.0410     7.9%
   217    14.2s    0.0055    23.3%    23.3%    73.5%       38%/56%/5%    4.113 6.30e-06    76.7%     0.0%   1.2495   0.0286     7.1%
   218    10.8s    0.0045    20.0%    20.0%    72.0%       44%/53%/3%    3.650 4.57e-06    80.0%     0.0%   1.2517   0.0072     9.9%
   219    11.1s   -0.0146    10.0%    10.0%    77.0%       37%/57%/7%    3.420 1.58e-05    90.0%     0.0%   1.2395   0.0241    10.6%
   220    10.2s    0.0099    16.7%    16.7%    70.4%       43%/52%/5%    3.600 1.26e-05    83.3%     0.0%   1.2723   0.0032     8.2%
  [MA20] reward=-0.0035 task_sr=14.7% miss=85.3% time_limit=0.0% v2v=3.7%
  [PPO ] p_loss=0.0376 v_loss=0.9651 entropy=1.2723 grad=0.8352 active=19.7%
  [SIM ] avg_power(a)=0.5097 rsu_q=11.413 tx=138 no_tx=161 deadlock=0 svc=98.800GHz idle=1.6%

    Ep    Wall    R/step     T_SR     V_SR     S_SR            L/R/V   Lat(s)       En     Miss      Ill      Ent       KL     Clip
--------------------------------------------------------------------------------------------------------------------------------
   221     9.7s    0.0181    26.7%    26.7%    58.7%       39%/54%/8%    3.388 1.13e-05    73.3%     0.0%   1.2344   0.0135    12.3%
   222     9.9s    0.0081    23.3%    23.3%    73.1%       45%/50%/5%    3.486 4.65e-06    76.7%     0.0%   1.2055   0.0110    11.8%
   223    10.7s    0.0065    23.3%    23.3%    71.9%       45%/50%/5%    3.256 1.17e-05    76.7%     0.0%   1.2002   0.0130    15.3%
   224    10.7s    0.0326    33.3%    33.3%    82.7%       51%/44%/5%    3.590 2.99e-06    66.7%     0.0%   1.1310   0.0163    11.1%
   225    10.6s    0.0219    26.7%    26.7%    72.7%       58%/39%/3%    2.875 3.59e-06    73.3%     0.0%   1.1773   0.0332     9.8%
   226    12.9s   -0.0050    13.3%    13.3%    72.3%       52%/45%/4%    3.329 4.04e-06    86.7%     0.0%   1.1628   0.0191    13.2%
   227    11.8s    0.0093    16.7%    16.7%    65.3%       47%/48%/5%    3.300 7.79e-06    83.3%     0.0%   1.1975   0.0430    10.8%
   228    10.5s    0.0220    26.7%    26.7%    76.1%       54%/43%/3%    3.413 5.22e-06    73.3%     0.0%   1.1580   0.0288    11.0%
   229    10.8s    0.0255    30.0%    30.0%    80.6%       50%/46%/4%    3.433 5.08e-06    70.0%     0.0%   1.1292   0.0226     7.5%
   230    11.3s   -0.0093    13.3%    13.3%    73.3%       51%/47%/2%    3.540 6.40e-06    86.7%     0.0%   1.1718   0.0068    14.2%
  [MA20] reward=0.0057 task_sr=19.3% miss=80.7% time_limit=0.0% v2v=4.3%
  [PPO ] p_loss=0.0078 v_loss=1.2506 entropy=1.1718 grad=3.0451 active=17.1%
  [SIM ] avg_power(a)=0.5071 rsu_q=10.258 tx=142 no_tx=174 deadlock=0 svc=101.000GHz idle=4.5%
  → Best model saved: Success Rate = 0.149 (50-ep avg)
   231     9.3s   -0.0030    16.7%    16.7%    75.1%       52%/44%/4%    3.567 7.87e-06    83.3%     0.0%   1.1348   0.0234    14.3%
   232    10.3s    0.0165    23.3%    23.3%    77.2%       53%/41%/6%    3.071 2.32e-06    76.7%     0.0%   1.0388   0.0253    18.9%
   233     9.1s    0.0265    40.0%    40.0%    78.1%       51%/45%/3%    3.069 4.61e-06    60.0%     0.0%   1.1910   0.0248    12.5%
   234     8.5s    0.0421    36.7%    36.7%    78.7%       52%/47%/2%    2.873 1.17e-05    63.3%     0.0%   1.1247   0.0244    17.1%
   235     8.8s    0.0271    30.0%    30.0%    74.6%       51%/46%/4%    3.344 5.72e-06    70.0%     0.0%   1.1321   0.0315    10.3%
   236    11.1s    0.0144    23.3%    23.3%    72.3%       57%/41%/2%    3.675 3.48e-06    76.7%     0.0%   1.1329   0.0224     9.5%
   237    11.0s    0.0290    36.7%    36.7%    78.3%       49%/47%/4%    3.836 3.99e-06    63.3%     0.0%   1.0880   0.0460     9.3%
   238    10.3s    0.0074    23.3%    23.3%    79.1%       49%/48%/3%    3.163 7.65e-06    76.7%     0.0%   1.1301   0.0252    21.6%
   239    11.9s    0.0182    26.7%    26.7%    73.2%       50%/45%/5%    3.311 4.32e-06    73.3%     0.0%   1.0978   0.0793    20.6%
   240    28.7s    0.0103    23.3%    23.3%    74.1%       54%/42%/4%    3.064 1.71e-06    70.0%     0.0%   1.1064   0.0469     8.4%
  [MA20] reward=0.0159 task_sr=25.7% miss=74.0% time_limit=5.0% v2v=3.9%
  [PPO ] p_loss=0.0043 v_loss=1.0670 entropy=1.1064 grad=1.8720 active=6.5%
  [SIM ] avg_power(a)=0.5050 rsu_q=1.935 tx=120 no_tx=162 deadlock=0 svc=34.376GHz idle=0.0%
  → Best model saved: Success Rate = 0.184 (50-ep avg)

    Ep    Wall    R/step     T_SR     V_SR     S_SR            L/R/V   Lat(s)       En     Miss      Ill      Ent       KL     Clip
--------------------------------------------------------------------------------------------------------------------------------
   241     9.9s    0.0254    20.0%    20.0%    76.9%       53%/45%/3%    2.786 2.93e-06    80.0%     0.0%   1.0827  -0.0057    17.0%
   242     8.6s    0.0418    30.0%    30.0%    76.0%       53%/45%/2%    3.178 4.99e-06    70.0%     0.0%   1.0375   0.0213    12.4%
   243    27.3s    0.0271    46.7%    46.7%    81.2%       54%/44%/2%    3.156 6.77e-07    53.3%     0.0%   1.0852   0.0017    19.5%
   244    11.5s    0.0027    20.0%    20.0%    70.3%       51%/46%/3%    3.317 5.42e-06    80.0%     0.0%   1.0441  -0.0094    10.8%
   245    11.4s    0.0169    20.0%    20.0%    69.6%       53%/44%/3%    3.286 3.94e-06    80.0%     0.0%   1.0768   0.0349    24.4%
   246    10.3s    0.0081    23.3%    23.3%    71.4%       51%/47%/2%    4.271 4.92e-06    76.7%     0.0%   1.0822   0.0570    21.4%
   247    12.1s   -0.0126     6.7%     6.7%    74.9%       45%/52%/3%    3.967 5.92e-06    93.3%     0.0%   1.0878   0.0072    17.3%
   248     9.7s    0.0043    16.7%    16.7%    71.1%       52%/45%/3%    3.460 6.37e-06    83.3%     0.0%   1.0444  -0.0020    15.9%
   249    10.8s    0.0115    20.0%    20.0%    75.1%       53%/44%/3%    4.275 4.49e-06    80.0%     0.0%   1.0406   0.0819    25.0%
   250    10.2s    0.0555    43.3%    43.3%    80.2%       57%/42%/1%    2.969 2.27e-06    56.7%     0.0%   0.9990   0.0024    22.6%
  [MA20] reward=0.0185 task_sr=26.3% miss=73.3% time_limit=5.0% v2v=3.1%
  [PPO ] p_loss=-0.0167 v_loss=1.1199 entropy=0.9990 grad=0.9350 active=14.6%
  [SIM ] avg_power(a)=0.4996 rsu_q=5.667 tx=136 no_tx=187 deadlock=0 svc=86.922GHz idle=1.3%
  → Best model saved: Success Rate = 0.211 (50-ep avg)
   251    12.8s    0.0148    26.7%    26.7%    73.7%       61%/38%/1%    3.478 5.79e-07    73.3%     0.0%   1.0102   0.0355    10.3%
   252    13.0s    0.0082    20.0%    20.0%    70.2%       67%/32%/1%    3.867 1.12e-06    80.0%     0.0%   0.9388   0.0327     6.5%
   253    11.2s   -0.0085    13.3%    13.3%    70.7%       68%/32%/1%    2.960 2.91e-06    86.7%     0.0%   0.9118   0.0112     9.9%
   254     9.9s    0.0051    26.7%    26.7%    79.1%       63%/35%/1%    3.250 1.37e-06    73.3%     0.0%   0.9244   0.0412    12.1%
   255    10.8s    0.0140    30.0%    30.0%    79.2%       67%/32%/2%    3.300 4.34e-06    70.0%     0.0%   0.8994   0.0375     2.9%
   256    10.4s    0.0218    30.0%    30.0%    79.8%       67%/30%/3%    3.078 2.66e-06    70.0%     0.0%   0.8857   0.0061    10.7%
   257    10.7s    0.0179    40.0%    40.0%    79.7%       69%/30%/1%    3.717 2.01e-06    60.0%     0.0%   0.8626   0.0257     7.8%
   258    11.5s    0.0216    20.0%    20.0%    72.7%       65%/34%/1%    3.600 1.28e-06    80.0%     0.0%   0.8795   0.0261    26.8%
   259     9.7s    0.0436    36.7%    36.7%    78.8%       68%/31%/1%    3.292 3.73e-06    63.3%     0.0%   0.9180   0.0516     2.8%
   260    11.2s    0.0045    20.0%    20.0%    67.4%       71%/28%/2%    3.757 1.75e-07    80.0%     0.0%   0.8815   0.0316    16.7%
  [MA20] reward=0.0162 task_sr=25.5% miss=74.5% time_limit=0.0% v2v=1.9%
  [PPO ] p_loss=-0.0453 v_loss=0.8537 entropy=0.8815 grad=1.1472 active=14.7%
  [SIM ] avg_power(a)=0.5092 rsu_q=3.095 tx=50 no_tx=231 deadlock=0 svc=84.294GHz idle=1.4%

    Ep    Wall    R/step     T_SR     V_SR     S_SR            L/R/V   Lat(s)       En     Miss      Ill      Ent       KL     Clip
--------------------------------------------------------------------------------------------------------------------------------
   261    10.5s    0.0199    33.3%    33.3%    81.0%       65%/34%/1%    3.200 4.86e-06    66.7%     0.0%   0.9188 -3.02e-05    14.4%
   262    10.5s    0.0371    36.7%    36.7%    76.7%       66%/32%/1%    2.791 2.75e-06    63.3%     0.0%   0.8750   0.0293    12.9%
   263    11.6s    0.0081    26.7%    26.7%    71.8%       65%/34%/1%    3.000 4.42e-07    73.3%     0.0%   0.9271   0.0307    10.1%
   264    11.7s    0.0238    40.0%    40.0%    79.7%       66%/32%/2%    3.167 2.60e-06    60.0%     0.0%   0.8746   0.0450    20.0%
   265     8.4s    0.0261    30.0%    30.0%    81.1%       62%/36%/2%    3.142 2.65e-06    70.0%     0.0%   0.9203   0.0212    11.3%
   266     9.7s    0.0041    16.7%    16.7%    75.3%       63%/37%/0%    3.357 6.96e-06    83.3%     0.0%   0.9112   0.0134    21.2%
   267     6.6s    0.0619    46.7%    46.7%    82.6%       62%/38%/0%    2.933 6.11e-06    53.3%     0.0%   0.9096   0.0439    10.4%
   268    30.4s    0.0139    30.0%    30.0%    72.4%       60%/38%/2%    3.058 1.78e-06    60.0%     0.0%   0.9929   0.0080    21.7%
   269     8.4s    0.0337    33.3%    33.3%    82.9%       55%/43%/2%    3.030 3.53e-06    66.7%     0.0%   1.0259   0.0283    13.5%
   270     9.6s    0.0163    33.3%    33.3%    79.7%       50%/47%/3%    3.320 3.91e-06    66.7%     0.0%   1.0338   0.0402     4.7%
  [MA20] reward=0.0194 task_sr=29.5% miss=70.0% time_limit=5.0% v2v=1.4%
  [PPO ] p_loss=-0.4053 v_loss=1.0703 entropy=1.0338 grad=1.1815 active=16.2%
  [SIM ] avg_power(a)=0.5005 rsu_q=10.922 tx=147 no_tx=155 deadlock=0 svc=99.912GHz idle=1.6%
  → Best model saved: Success Rate = 0.270 (50-ep avg)
   271    11.0s    0.0237    30.0%    30.0%    83.1%       46%/53%/1%    3.311 5.42e-06    70.0%     0.0%   1.0257   0.0399    20.9%
   272    11.9s    0.0035    20.0%    20.0%    69.1%       48%/49%/4%    3.350 7.10e-06    80.0%     0.0%   1.0473   0.0372     5.1%
   273     8.8s    0.0272    30.0%    30.0%    80.3%       55%/44%/1%    3.170 2.27e-06    70.0%     0.0%   1.0146   0.0406    11.6%
   274    11.5s    0.0000    16.7%    16.7%    75.7%       51%/47%/2%    3.300 2.38e-06    83.3%     0.0%   1.0763   0.0748    16.1%
   275    12.5s    0.0231    26.7%    26.7%    74.4%       44%/53%/3%    3.538 2.80e-06    73.3%     0.0%   1.1008   0.0275     7.9%
   276    10.4s    0.0160    33.3%    33.3%    77.2%       44%/54%/2%    3.560 5.48e-06    66.7%     0.0%   1.1334   0.0220    11.1%
   277     8.3s    0.0149    26.7%    26.7%    74.9%       44%/54%/2%    3.811 1.94e-05    73.3%     0.0%   1.1605   0.0316    15.0%
   278    23.8s    0.0055    26.7%    26.7%    77.8%       42%/54%/4%    3.340 3.74e-06    73.3%     0.0%   1.0803   0.0476    25.0%
   279    10.1s    0.0090    23.3%    23.3%    76.9%       43%/53%/4%    3.886 8.47e-06    76.7%     0.0%   1.1698   0.0220    11.6%
   280     9.6s   -0.0086    20.0%    20.0%    76.2%       39%/59%/2%    3.971 5.90e-06    80.0%     0.0%   1.1667   0.0073    11.9%
  [MA20] reward=0.0180 task_sr=29.0% miss=70.5% time_limit=5.0% v2v=2.0%
  [PPO ] p_loss=-0.0232 v_loss=1.1272 entropy=1.1667 grad=2.6091 active=18.1%
  [SIM ] avg_power(a)=0.5011 rsu_q=13.531 tx=155 no_tx=136 deadlock=0 svc=93.206GHz idle=1.6%

    Ep    Wall    R/step     T_SR     V_SR     S_SR            L/R/V   Lat(s)       En     Miss      Ill      Ent       KL     Clip
--------------------------------------------------------------------------------------------------------------------------------
   281    10.8s   -0.0048    13.3%    13.3%    66.8%       36%/60%/4%    3.725 5.92e-06    86.7%     0.0%   1.1524   0.0282    11.5%
   282     9.6s   -0.0092    10.0%    10.0%    68.4%       40%/57%/3%    4.300 6.93e-06    90.0%     0.0%   1.1203   0.0230     9.3%
   283    11.3s   -0.0069    10.0%    10.0%    71.5%       40%/58%/2%    4.033 3.99e-06    90.0%     0.0%   1.1520   0.0231    14.9%
   284    10.0s   -0.0055    16.7%    16.7%    73.0%       33%/65%/3%    4.020 9.38e-06    83.3%     0.0%   1.1888   0.0304     7.3%
   285    10.5s   -0.0034    20.0%    20.0%    68.4%       35%/61%/4%    3.717 1.08e-05    80.0%     0.0%   1.1389   0.0394     7.7%
   286    10.5s   -0.0090    13.3%    13.3%    67.5%       25%/72%/3%    4.040 7.48e-06    86.7%     0.0%   1.1824   0.0248    12.9%
   287    10.2s    0.0180    30.0%    30.0%    81.5%       34%/64%/2%    3.422 7.76e-06    70.0%     0.0%   1.1964   0.0455    10.3%
   288     9.7s   -0.0077    16.7%    16.7%    78.1%       30%/68%/2%    3.933 1.36e-05    83.3%     0.0%   1.1533   0.0094    13.5%
   289    11.2s   -0.0034    13.3%    13.3%    72.5%       29%/67%/4%    2.950 9.02e-06    86.7%     0.0%   1.1712   0.0522     8.9%
   290     7.8s    0.0163    23.3%    23.3%    82.0%       34%/62%/4%    3.533 1.36e-05    76.7%     0.0%   1.1279   0.0069    13.0%
  [MA20] reward=0.0049 task_sr=21.0% miss=79.0% time_limit=0.0% v2v=2.8%
  [PPO ] p_loss=0.0309 v_loss=0.9903 entropy=1.1279 grad=0.8048 active=24.8%
  [SIM ] avg_power(a)=0.5038 rsu_q=17.792 tx=198 no_tx=122 deadlock=0 svc=137.996GHz idle=2.1%
   291     9.1s   -0.0118    13.3%    13.3%    72.4%       38%/58%/3%    3.275 4.80e-06    86.7%     0.0%   1.1576   0.0269     5.6%
   292    11.8s   -0.0058    13.3%    13.3%    67.6%       27%/71%/2%    3.975 8.96e-06    86.7%     0.0%   1.1551   0.0228    14.7%
   293    10.6s    0.0238    23.3%    23.3%    70.1%       35%/63%/2%    4.157 7.05e-06    76.7%     0.0%   1.0909   0.0057    11.1%
   294     9.4s    0.0197    36.7%    36.7%    83.1%       40%/58%/3%    3.350 7.62e-06    63.3%     0.0%   1.0784   0.0344    18.8%
   295     8.4s    0.0094    26.7%    26.7%    76.7%       34%/64%/2%    3.413 1.03e-05    73.3%     0.0%   1.1350   0.0243    11.8%
   296    12.7s   -0.0107     6.7%     6.7%    62.8%       33%/66%/1%    4.967 1.49e-05    93.3%     0.0%   1.1621   0.0444     7.8%
   297     8.6s   -0.0070    16.7%    16.7%    82.6%       35%/64%/1%    4.113 8.21e-06    83.3%     0.0%   1.1121   0.0214    14.1%
   298    13.0s    0.0009    10.0%    10.0%    65.6%       30%/69%/2%    3.933 4.73e-06    90.0%     0.0%   1.1446   0.0230     8.3%
   299    10.0s   -0.0043    10.0%    10.0%    72.3%       30%/67%/3%    2.920 7.74e-06    90.0%     0.0%   1.1019   0.0164    13.9%
   300     8.6s    0.0228    30.0%    30.0%    78.7%       34%/65%/1%    3.827 1.02e-05    70.0%     0.0%   1.0517  -0.0013    14.4%
  [MA20] reward=0.0011 task_sr=17.7% miss=82.3% time_limit=0.0% v2v=2.6%
  [PPO ] p_loss=-0.0412 v_loss=0.7643 entropy=1.0517 grad=1.0747 active=18.3%
  [SIM ] avg_power(a)=0.4960 rsu_q=19.466 tx=186 no_tx=108 deadlock=0 svc=116.108GHz idle=5.2%

    Ep    Wall    R/step     T_SR     V_SR     S_SR            L/R/V   Lat(s)       En     Miss      Ill      Ent       KL     Clip
--------------------------------------------------------------------------------------------------------------------------------
   301     9.5s   -0.0231     3.3%     3.3%    62.5%       29%/68%/3%    5.400 6.48e-06    96.7%     0.0%   1.0666   0.0062    11.8%
   302    10.2s   -0.0189     0.0%     0.0%    62.6%       25%/74%/1%    0.000 1.15e-05   100.0%     0.0%   1.0442   0.0332     7.5%
   303    10.9s   -0.0107     3.3%     3.3%    55.7%       21%/79%/0%    3.300 1.34e-05    96.7%     0.0%   1.0700   0.0244    10.0%
   304    10.2s   -0.0008    10.0%    10.0%    63.5%       19%/79%/2%    4.767 1.01e-05    90.0%     0.0%   1.0450   0.0164    12.5%
   305     8.9s   -0.0127    10.0%    10.0%    63.3%       23%/75%/1%    3.967 1.07e-05    90.0%     0.0%   1.0217   0.0317     6.5%
   306     9.6s   -0.0197     0.0%     0.0%    60.1%       19%/79%/2%    4.600 9.61e-06   100.0%     0.0%   1.1324   0.0305    10.3%
   307     9.2s   -0.0181     6.7%     6.7%    71.2%       22%/76%/2%    4.725 1.04e-05    93.3%     0.0%   1.0540   0.0357    11.9%
   308    10.4s   -0.0134     3.3%     3.3%    58.5%       22%/78%/1%    3.100 1.40e-05    96.7%     0.0%   1.1085   0.0192     7.5%
   309    10.5s   -0.0116     3.3%     3.3%    59.4%       28%/71%/1%    3.500 1.56e-05    96.7%     0.0%   1.0396   0.0150    14.1%
   310    10.1s   -0.0193     6.7%     6.7%    58.3%       28%/70%/2%    4.900 6.55e-06    93.3%     0.0%   1.1162   0.0279    10.6%
  [MA20] reward=-0.0056 task_sr=11.7% miss=88.3% time_limit=0.0% v2v=1.8%
  [PPO ] p_loss=0.0334 v_loss=0.7301 entropy=1.1162 grad=1.8187 active=19.1%
  [SIM ] avg_power(a)=0.4861 rsu_q=28.316 tx=184 no_tx=90 deadlock=0 svc=101.582GHz idle=1.8%
   311    10.0s   -0.0047    10.0%    10.0%    64.2%       23%/75%/2%    5.067 1.45e-05    90.0%     0.0%   1.0982   0.0414    24.3%
   312     9.9s   -0.0092    13.3%    13.3%    72.8%       29%/69%/2%    4.300 1.03e-05    86.7%     0.0%   1.1149   0.0253     6.0%
   313    10.9s   -0.0142     3.3%     3.3%    68.8%       28%/70%/2%    4.900 9.05e-06    96.7%     0.0%   1.0924   0.0089     9.9%
   314     9.9s    0.0003    20.0%    20.0%    75.4%       25%/74%/2%    3.617 1.13e-05    80.0%     0.0%   1.0972   0.0247     8.1%
   315    10.3s   -0.0011    20.0%    20.0%    71.7%       24%/74%/2%    4.333 7.98e-06    80.0%     0.0%   1.1099   0.0425     6.5%
   316     9.6s   -0.0055    16.7%    16.7%    68.8%       26%/70%/4%    4.180 7.33e-06    83.3%     0.0%   1.0794   0.0217     9.8%
   317     9.9s   -0.0137     3.3%     3.3%    56.1%       22%/76%/2%    4.400 8.73e-06    96.7%     0.0%   1.0772   0.0337     5.4%
   318    10.6s   -0.0317     0.0%     0.0%    50.1%       19%/79%/2%    0.000 9.49e-06   100.0%     0.1%   1.1067   0.0347     5.7%
   319    10.8s   -0.0114    10.0%    10.0%    58.0%       22%/76%/2%    4.767 1.20e-05    90.0%     0.0%   1.0340   0.0128    14.0%
   320    10.2s   -0.0124     3.3%     3.3%    59.7%       23%/76%/1%    3.600 8.32e-06    96.7%     0.0%   1.0484   0.0675     2.3%
  [MA20] reward=-0.0126 task_sr=7.3% miss=92.7% time_limit=0.0% v2v=1.8%
  [PPO ] p_loss=0.0571 v_loss=0.7903 entropy=1.0484 grad=1.4818 active=18.9%
  [SIM ] avg_power(a)=0.4822 rsu_q=30.967 tx=197 no_tx=78 deadlock=0 svc=102.912GHz idle=1.7%

    Ep    Wall    R/step     T_SR     V_SR     S_SR            L/R/V   Lat(s)       En     Miss      Ill      Ent       KL     Clip
--------------------------------------------------------------------------------------------------------------------------------
   321     9.1s    0.0126    20.0%    20.0%    79.4%       21%/78%/1%    4.067 1.46e-05    80.0%     0.0%   1.0153   0.0310     7.7%
   322     9.9s   -0.0112    10.0%    10.0%    65.0%       20%/78%/2%    4.533 8.31e-06    90.0%     0.0%   1.0609   0.0137    13.5%
   323     9.2s   -0.0086    10.0%    10.0%    75.3%       20%/77%/3%    4.500 8.89e-06    90.0%     0.0%   0.9974   0.0267     8.2%
   324     9.6s   -0.0101    10.0%    10.0%    71.3%       19%/79%/2%    4.320 9.36e-06    90.0%     0.0%   1.0060   0.0036    12.5%
   325     9.8s   -0.0107     6.7%     6.7%    72.4%       19%/79%/3%    4.367 8.57e-06    93.3%     0.0%   1.0558   0.0214    10.7%
   326    10.9s   -0.0122     6.7%     6.7%    68.1%       24%/74%/3%    3.900 1.21e-05    93.3%     0.0%   1.0838   0.0521    18.4%
   327    10.3s    0.0024    13.3%    13.3%    72.6%       21%/75%/4%    4.425 1.33e-05    86.7%     0.0%   1.1069   0.0231     9.6%
   328    13.9s   -0.0130     0.0%     0.0%    61.1%       25%/72%/3%    0.000 7.12e-06   100.0%     0.0%   1.1501   0.0408    13.8%
   329     9.1s    0.0085    30.0%    30.0%    77.5%       24%/74%/3%    4.350 1.12e-05    70.0%     0.0%   1.0848   0.0233     8.7%
   330    10.5s   -0.0023    20.0%    20.0%    79.4%       21%/76%/3%    3.971 1.28e-05    80.0%     0.0%   1.0663   0.0199    15.3%
  [MA20] reward=-0.0074 task_sr=11.3% miss=88.7% time_limit=0.0% v2v=2.4%
  [PPO ] p_loss=0.1379 v_loss=1.1273 entropy=1.0663 grad=2.3953 active=17.5%
  [SIM ] avg_power(a)=0.4887 rsu_q=22.800 tx=258 no_tx=72 deadlock=0 svc=105.024GHz idle=1.5%
   331     9.7s   -0.0092     3.3%     3.3%    62.1%       20%/79%/1%    2.200 1.17e-05    96.7%     0.0%   1.1022   0.0106     8.3%
   332    11.0s    0.0138    20.0%    20.0%    66.0%       25%/73%/2%    4.125 9.36e-06    80.0%     0.0%   1.0357   0.0102    12.9%
   333    10.7s   -0.0159     0.0%     0.0%    60.0%       24%/75%/1%    0.000 1.23e-05   100.0%     0.0%   1.1131  -0.0069    16.2%
   334     9.7s   -0.0002    20.0%    20.0%    65.2%       23%/74%/3%    4.525 1.06e-05    80.0%     0.0%   1.0785   0.0292     9.0%
   335    10.2s   -0.0040    10.0%    10.0%    63.9%       28%/69%/3%    3.867 9.81e-06    90.0%     0.0%   1.1434   0.0492    10.0%
   336    12.0s   -0.0054    10.0%    10.0%    60.8%       28%/69%/3%    3.967 6.66e-06    90.0%     0.0%   1.1302   0.0041    10.9%
   337    31.6s   -0.0031    13.3%    13.3%    74.0%       30%/67%/4%    3.289 2.39e-06    83.3%     0.0%   1.1051   0.0431     0.0%
   338    10.2s   -0.0167     6.7%     6.7%    74.3%       32%/66%/2%    4.500 3.69e-06    93.3%     0.0%   1.0617   0.0547     8.7%
   339     8.4s    0.0295    30.0%    30.0%    75.7%       26%/71%/3%    3.322 8.34e-06    70.0%     0.0%   1.1150   0.0217    15.5%
   340     8.4s    0.0017    16.7%    16.7%    83.6%       33%/64%/3%    3.733 5.91e-06    83.3%     0.0%   1.1181  -0.0058    17.0%
  [MA20] reward=-0.0027 task_sr=12.8% miss=87.0% time_limit=5.0% v2v=2.5%
  [PPO ] p_loss=0.0015 v_loss=0.8022 entropy=1.1181 grad=1.0756 active=22.4%
  [SIM ] avg_power(a)=0.4979 rsu_q=21.096 tx=207 no_tx=116 deadlock=0 svc=136.885GHz idle=5.8%

    Ep    Wall    R/step     T_SR     V_SR     S_SR            L/R/V   Lat(s)       En     Miss      Ill      Ent       KL     Clip
--------------------------------------------------------------------------------------------------------------------------------
   341    10.1s   -0.0035    10.0%    10.0%    67.9%       29%/69%/2%    4.475 7.82e-06    90.0%     0.0%   1.1625   0.0454     6.2%
   342     9.6s   -0.0136     6.7%     6.7%    61.3%       23%/73%/4%    4.150 1.38e-05    93.3%     0.0%   1.1409   0.0527    15.6%
   343     8.0s    0.0159    16.7%    16.7%    78.2%       31%/66%/2%    3.567 1.07e-05    83.3%     0.0%   1.0885   0.0209    13.0%
   344     8.9s   -0.0047    20.0%    20.0%    74.7%       30%/67%/3%    3.883 1.86e-05    80.0%     0.0%   1.0916   0.0129    14.7%
   345     8.0s    0.0115    23.3%    23.3%    74.7%       28%/69%/3%    4.129 1.43e-05    76.7%     0.0%   1.0956   0.0057    13.3%
   346     8.7s    0.0150    26.7%    26.7%    79.9%       27%/72%/2%    3.578 8.05e-06    73.3%     0.0%   1.0758  -0.0048    16.2%
   347    10.3s    0.0007    13.3%    13.3%    64.3%       30%/67%/3%    4.120 5.06e-06    86.7%     0.0%   1.1094   0.0071    14.5%
   348    10.9s    0.0005    16.7%    16.7%    74.7%       30%/68%/2%    3.620 1.02e-05    83.3%     0.0%   1.0363   0.0259     9.3%
   349     9.2s    0.0099    30.0%    30.0%    77.9%       27%/71%/2%    4.060 1.05e-05    70.0%     0.0%   1.1273   0.0218    11.9%
   350    12.8s   -0.0079     3.3%     3.3%    51.4%       25%/69%/6%    3.600 1.44e-05    96.7%     0.0%   1.1239   0.0401    16.6%
  [MA20] reward=0.0007 task_sr=14.8% miss=85.0% time_limit=5.0% v2v=2.7%
  [PPO ] p_loss=0.0772 v_loss=0.9323 entropy=1.1239 grad=2.2905 active=15.0%
  [SIM ] avg_power(a)=0.4914 rsu_q=22.423 tx=163 no_tx=81 deadlock=0 svc=72.245GHz idle=1.4%
   351     9.9s   -0.0202     0.0%     0.0%    56.2%       30%/69%/1%    3.900 9.27e-06   100.0%     0.0%   1.1515   0.0329    11.4%
   352     8.4s    0.0001    23.3%    23.3%    69.6%       22%/74%/3%    4.214 1.17e-05    76.7%     0.0%   1.1617   0.0208    10.3%
   353     9.3s    0.0171    20.0%    20.0%    77.2%       32%/66%/2%    3.333 6.46e-06    80.0%     0.0%   1.1515  -0.0057    13.7%
   354    11.4s   -0.0172     0.0%     0.0%    63.3%       31%/65%/5%    0.000 1.15e-05   100.0%     0.0%   1.1445   0.0171    11.5%
   355    11.4s   -0.0114     6.7%     6.7%    54.6%       25%/71%/5%    5.250 1.10e-05    93.3%     0.0%   1.1470  -0.0125    13.1%
   356     8.7s    0.0011    10.0%    10.0%    68.2%       30%/68%/2%    4.067 1.14e-05    90.0%     0.0%   1.1237   0.0061     9.9%
   357    11.1s    0.0112    26.7%    26.7%    73.8%       25%/72%/3%    3.588 9.18e-06    73.3%     0.0%   1.1005  -0.0052    16.6%
   358    18.4s   -0.0092     0.0%     0.0%    49.1%       23%/72%/5%    0.000 9.72e-06   100.0%     0.0%   1.1391   0.0148    13.3%
   359     8.4s   -0.0010    10.0%    10.0%    68.3%       28%/67%/4%    2.700 1.12e-05    90.0%     0.0%   1.1405   0.0226    16.4%
   360    10.1s   -0.0041     6.7%     6.7%    72.4%       22%/75%/3%    4.450 8.57e-06    93.3%     0.0%   1.1449   0.0136    11.6%
  [MA20] reward=-0.0005 task_sr=13.5% miss=86.5% time_limit=0.0% v2v=3.1%
  [PPO ] p_loss=-0.0636 v_loss=0.6444 entropy=1.1449 grad=0.6977 active=17.8%
  [SIM ] avg_power(a)=0.5020 rsu_q=25.391 tx=221 no_tx=76 deadlock=0 svc=106.100GHz idle=4.7%

    Ep    Wall    R/step     T_SR     V_SR     S_SR            L/R/V   Lat(s)       En     Miss      Ill      Ent       KL     Clip
--------------------------------------------------------------------------------------------------------------------------------
   361     8.8s   -0.0129    10.0%    10.0%    73.5%       24%/72%/4%    4.825 8.61e-06    90.0%     0.0%   1.1362   0.0263    13.7%
   362     9.8s   -0.0133    13.3%    13.3%    71.4%       26%/70%/4%    3.980 1.06e-05    86.7%     0.0%   1.1266   0.0281    12.5%
   363    15.0s   -0.0098     3.3%     3.3%    58.0%       25%/71%/4%    3.000 7.73e-06    96.7%     0.0%   1.1370   0.0136    11.5%
   364     8.3s   -0.0239     3.3%     3.3%    67.6%       22%/73%/4%    4.000 1.55e-05    96.7%     0.0%   1.1573   0.0223    10.9%
   365    10.1s   -0.0170     6.7%     6.7%    58.1%       22%/74%/5%    3.000 1.52e-05    93.3%     0.0%   1.1948  -0.0013    15.6%
   366    10.3s   -0.0097     6.7%     6.7%    61.8%       23%/72%/5%    4.150 1.30e-05    93.3%     0.0%   1.1893   0.0313    13.3%
   367    10.6s   -0.0142     3.3%     3.3%    64.8%       24%/71%/5%    5.000 1.61e-05    96.7%     0.0%   1.2221   0.0071    14.0%
   368    33.2s   -0.0009    10.0%    10.0%    68.4%       24%/72%/5%    3.375 3.42e-06    86.7%     0.0%   1.1366   0.0274    10.5%
   369     9.9s   -0.0166     3.3%     3.3%    58.1%       20%/77%/3%    4.800 1.68e-05    96.7%     0.0%   1.2407   0.0294     8.9%
   370    24.6s    0.0000     6.7%     6.7%    60.5%       22%/73%/6%    5.033 6.81e-06    93.3%     0.0%   1.1001   0.0013    12.5%
  [MA20] reward=-0.0076 task_sr=8.5% miss=91.3% time_limit=5.0% v2v=3.8%
  [PPO ] p_loss=-0.0962 v_loss=0.7878 entropy=1.1001 grad=1.5573 active=7.7%
  [SIM ] avg_power(a)=0.5078 rsu_q=9.352 tx=188 no_tx=72 deadlock=0 svc=35.277GHz idle=0.7%
   371     9.3s   -0.0109    10.0%    10.0%    72.3%       20%/74%/6%    4.033 1.57e-05    90.0%     0.0%   1.1440   0.0151    10.4%
   372     9.8s   -0.0054    13.3%    13.3%    69.9%       16%/82%/2%    4.280 1.48e-05    86.7%     0.0%   1.1651   0.0322     7.5%
   373     8.1s   -0.0096    10.0%    10.0%    70.2%       20%/75%/5%    3.960 1.14e-05    90.0%     0.0%   1.1230   0.0249     4.4%
   374    10.7s   -0.0181     0.0%     0.0%    49.7%       21%/74%/5%    0.000 9.25e-06   100.0%     0.0%   1.1524   0.0298     8.5%
   375     8.9s   -0.0095     6.7%     6.7%    71.3%       20%/76%/4%    4.467 6.74e-06    93.3%     0.0%   1.1786   0.0231    12.6%
   376    12.8s    0.0005    10.0%    10.0%    64.7%       25%/68%/7%    3.167 8.02e-06    90.0%     0.0%   1.1597   0.0111     6.9%
   377     7.6s    0.0257    23.3%    23.3%    79.6%       28%/67%/5%    3.286 1.10e-05    76.7%     0.0%   1.1331   0.0147    11.4%
   378    10.4s   -0.0169     6.7%     6.7%    76.3%       22%/75%/3%    4.533 7.62e-06    93.3%     0.0%   1.1603   0.0103     9.0%
   379    11.4s   -0.0038    10.0%    10.0%    66.6%       25%/71%/4%    2.800 9.66e-06    90.0%     0.0%   1.1617   0.0297     6.2%
   380    10.5s   -0.0141     3.3%     3.3%    59.4%       25%/72%/3%    4.650 1.29e-05    96.7%     0.0%   1.1441   0.0133    16.1%
  [MA20] reward=-0.0090 task_sr=8.0% miss=91.8% time_limit=5.0% v2v=4.3%
  [PPO ] p_loss=-0.1442 v_loss=2.1566 entropy=1.1441 grad=3.9365 active=17.6%
  [SIM ] avg_power(a)=0.5079 rsu_q=21.460 tx=175 no_tx=83 deadlock=0 svc=90.012GHz idle=4.8%

    Ep    Wall    R/step     T_SR     V_SR     S_SR            L/R/V   Lat(s)       En     Miss      Ill      Ent       KL     Clip
--------------------------------------------------------------------------------------------------------------------------------
   381     9.3s   -0.0072    13.3%    13.3%    70.5%       26%/71%/4%    4.450 1.21e-05    86.7%     0.0%   1.1728   0.0051    12.8%
   382    31.4s    0.0034    20.0%    20.0%    75.4%       23%/71%/6%    3.413 4.46e-06    73.3%     0.0%   1.1717   0.0124     3.3%
   383    17.9s    0.0014    13.3%    13.3%    69.0%       26%/68%/6%    3.900 6.46e-06    86.7%     0.0%   1.2014   0.0046    17.4%
   384     9.5s    0.0263    26.7%    26.7%    76.7%       31%/66%/3%    3.850 1.32e-05    73.3%     0.0%   1.1897   0.0108    10.3%
   385     9.2s   -0.0101    10.0%    10.0%    71.2%       32%/66%/2%    3.833 1.59e-05    90.0%     0.0%   1.1817   0.0059    11.8%
   386    25.5s    0.0085    36.7%    36.7%    79.8%       42%/55%/3%    3.842 1.89e-06    63.3%     0.0%   1.0613  -0.0145     9.4%
   387    17.0s    0.0030    13.3%    13.3%    68.6%       37%/58%/5%    3.225 4.89e-06    86.7%     0.0%   1.1816   0.0375     5.6%
   388     9.5s    0.0267    30.0%    30.0%    77.4%       36%/61%/3%    3.822 9.33e-06    70.0%     0.0%   1.1368   0.0292     4.1%
   389    11.8s    0.0142    16.7%    16.7%    71.9%       42%/55%/3%    3.200 6.03e-06    83.3%     0.0%   1.1305   0.0230    12.5%
   390     8.9s    0.0101    26.7%    26.7%    78.5%       38%/60%/2%    3.413 1.55e-05    73.3%     0.0%   1.0698   0.0206    12.8%
  [MA20] reward=0.0007 task_sr=15.0% miss=84.7% time_limit=5.0% v2v=4.0%
  [PPO ] p_loss=-0.0795 v_loss=0.6509 entropy=1.0698 grad=0.7099 active=18.7%
  [SIM ] avg_power(a)=0.4959 rsu_q=17.810 tx=184 no_tx=123 deadlock=0 svc=107.433GHz idle=1.7%
   391     9.8s   -0.0032    16.7%    16.7%    68.1%       35%/62%/2%    3.900 8.84e-06    83.3%     0.0%   1.1665   0.0130    11.2%
   392     8.8s    0.0132    26.7%    26.7%    77.6%       38%/59%/3%    4.078 1.72e-05    73.3%     0.0%   1.0961   0.0060     9.6%
   393     9.5s    0.0123    23.3%    23.3%    74.6%       36%/61%/4%    3.486 4.97e-06    76.7%     0.0%   1.1206   0.0511     0.0%
   394    10.1s   -0.0185     0.0%     0.0%    59.3%       36%/62%/2%    3.300 8.70e-06   100.0%     0.0%   1.1352   0.0416     0.0%
   395    10.8s   -0.0111     6.7%     6.7%    69.3%       36%/63%/1%    4.400 4.61e-06    93.3%     0.0%   1.1352   0.0162    14.3%
   396    11.3s    0.0056    16.7%    16.7%    64.2%       32%/66%/2%    3.200 6.18e-06    83.3%     0.0%   1.1415   0.0028    12.1%
   397    11.5s   -0.0035    13.3%    13.3%    69.6%       31%/67%/2%    4.360 2.72e-06    86.7%     0.0%   1.0969   0.0221    11.5%
   398    14.3s   -0.0034    16.7%    16.7%    68.5%       35%/63%/2%    3.680 7.36e-06    83.3%     0.0%   1.1478   0.0683    14.3%
   399     8.6s    0.0033    13.3%    13.3%    67.7%       33%/65%/2%    3.425 8.09e-06    86.7%     0.0%   1.1307   0.0036    10.3%
   400     9.6s    0.0006    13.3%    13.3%    69.5%       32%/66%/2%    4.240 9.41e-06    86.7%     0.0%   1.0903  -0.0002    15.8%
  [MA20] reward=0.0036 task_sr=17.7% miss=82.0% time_limit=5.0% v2v=2.9%
  [PPO ] p_loss=-0.0557 v_loss=0.8531 entropy=1.0903 grad=1.6108 active=18.6%
  [SIM ] avg_power(a)=0.4914 rsu_q=23.949 tx=195 no_tx=106 deadlock=0 svc=104.450GHz idle=1.7%

    Ep    Wall    R/step     T_SR     V_SR     S_SR            L/R/V   Lat(s)       En     Miss      Ill      Ent       KL     Clip
--------------------------------------------------------------------------------------------------------------------------------
   401     7.8s   -0.0042    20.0%    20.0%    75.1%       26%/73%/1%    4.078 1.29e-05    80.0%     0.0%   1.0440   0.0398     6.0%
   402     8.6s   -0.0019    13.3%    13.3%    69.3%       25%/72%/3%    3.450 1.01e-05    86.7%     0.0%   1.0757   0.0201     8.4%
   403    11.5s    0.0016    20.0%    20.0%    65.5%       26%/70%/4%    4.100 8.15e-06    80.0%     0.0%   1.1154   0.0140    10.4%
   404     9.1s    0.0088    13.3%    13.3%    68.4%       24%/71%/5%    3.733 1.38e-05    86.7%     0.0%   1.0686   0.0341     7.8%
   405     9.2s   -0.0070    16.7%    16.7%    67.2%       25%/72%/2%    4.417 6.16e-06    83.3%     0.0%   1.0930   0.0228     8.5%
   406     9.5s   -0.0060    10.0%    10.0%    67.8%       25%/73%/2%    3.133 1.09e-05    90.0%     0.0%   1.1061   0.0655     9.8%
   407     9.7s    0.0016    20.0%    20.0%    75.2%       28%/71%/2%    4.150 5.23e-06    80.0%     0.0%   1.1149   0.0303    15.8%
   408    11.3s   -0.0149     6.7%     6.7%    62.9%       22%/73%/5%    4.200 9.73e-06    93.3%     0.0%   1.1087   0.0565     4.5%
   409    10.7s   -0.0131     0.0%     0.0%    63.3%       25%/70%/4%    0.000 9.56e-06   100.0%     0.0%   1.1017   0.0234    14.6%
   410     9.2s   -0.0107    10.0%    10.0%    68.6%       25%/73%/2%    4.725 1.55e-05    90.0%     0.0%   1.1417   0.0075    10.9%
  [MA20] reward=-0.0025 task_sr=13.8% miss=86.2% time_limit=0.0% v2v=2.6%
  [PPO ] p_loss=0.0075 v_loss=0.9863 entropy=1.1417 grad=2.0944 active=21.1%
  [SIM ] avg_power(a)=0.5060 rsu_q=23.411 tx=197 no_tx=87 deadlock=0 svc=109.513GHz idle=3.6%
   411    12.3s   -0.0080    10.0%    10.0%    63.2%       25%/72%/4%    5.233 8.10e-06    90.0%     0.0%   1.0604   0.0248     5.0%
   412     8.6s   -0.0173    10.0%    10.0%    70.0%       24%/75%/1%    4.667 1.19e-05    90.0%     0.0%   1.1212   0.0090     6.8%
   413    12.2s    0.0064    10.0%    10.0%    62.2%       25%/71%/5%    2.700 7.91e-06    90.0%     0.0%   1.2080   0.0114     5.3%
   414     8.1s   -0.0125    10.0%    10.0%    65.6%       18%/77%/5%    4.133 1.62e-05    90.0%     0.0%   1.0750   0.0312     4.1%
   415     9.5s    0.0001    13.3%    13.3%    65.5%       25%/72%/3%    3.775 1.14e-05    86.7%     0.0%   1.1280   0.0221    11.2%
   416     9.9s   -0.0000    16.7%    16.7%    71.0%       21%/74%/5%    3.520 1.44e-05    83.3%     0.0%   1.0344   0.0112    14.2%
   417    11.1s   -0.0102     6.7%     6.7%    64.4%       23%/74%/3%    5.050 1.38e-05    93.3%     0.0%   1.0833   0.0298    14.3%
   418    12.7s   -0.0133     3.3%     3.3%    58.1%       21%/75%/4%    3.000 1.15e-05    96.7%     0.0%   1.1478  -0.0030    11.9%
   419     9.6s   -0.0144     6.7%     6.7%    69.2%       24%/72%/4%    3.700 1.17e-05    93.3%     0.0%   1.1014   0.0382     8.5%
   420     9.7s   -0.0002    20.0%    20.0%    71.8%       23%/74%/3%    4.267 7.00e-06    80.0%     0.0%   1.1245   0.0152     9.0%
  [MA20] reward=-0.0058 task_sr=11.8% miss=88.2% time_limit=0.0% v2v=3.3%
  [PPO ] p_loss=-0.0512 v_loss=0.8963 entropy=1.1245 grad=1.3255 active=18.3%
  [SIM ] avg_power(a)=0.5156 rsu_q=24.554 tx=216 no_tx=71 deadlock=0 svc=109.279GHz idle=1.8%

    Ep    Wall    R/step     T_SR     V_SR     S_SR            L/R/V   Lat(s)       En     Miss      Ill      Ent       KL     Clip
--------------------------------------------------------------------------------------------------------------------------------
   421    11.9s   -0.0006    16.7%    16.7%    66.3%       27%/71%/3%    3.983 1.26e-05    83.3%     0.0%   1.1089   0.0329    23.3%
   422     7.6s   -0.0008    13.3%    13.3%    71.5%       22%/76%/2%    3.925 1.81e-05    86.7%     0.0%   1.0776   0.0270    11.9%
   423     9.3s   -0.0210     0.0%     0.0%    64.4%       20%/76%/4%    4.800 9.10e-06   100.0%     0.0%   1.1344   0.0343    11.1%
   424    11.3s   -0.0039    13.3%    13.3%    77.7%       29%/70%/1%    4.380 6.86e-06    86.7%     0.0%   1.1037   0.0235     7.9%
   425     9.3s   -0.0125     3.3%     3.3%    67.4%       31%/67%/3%    2.500 5.88e-06    96.7%     0.0%   1.1309   0.0133     8.2%
   426    11.1s   -0.0117    13.3%    13.3%    66.9%       27%/70%/3%    4.800 1.22e-05    86.7%     0.0%   1.1994   0.0414    11.9%
   427     8.8s    0.0195    23.3%    23.3%    73.5%       26%/72%/3%    3.571 9.19e-06    76.7%     0.0%   1.1142   0.0245     4.2%
   428     9.0s   -0.0036    13.3%    13.3%    73.1%       29%/68%/3%    3.575 9.03e-06    86.7%     0.0%   1.1413   0.0075     4.0%
   429    10.4s    0.0205    30.0%    30.0%    68.4%       34%/63%/3%    3.633 4.10e-06    70.0%     0.0%   1.1196   0.0397     4.3%
   430    10.1s   -0.0157     3.3%     3.3%    62.4%       29%/69%/2%    3.100 8.80e-06    96.7%     0.0%   1.0717   0.0584    11.8%
  [MA20] reward=-0.0050 task_sr=11.8% miss=88.2% time_limit=0.0% v2v=3.1%
  [PPO ] p_loss=0.1091 v_loss=1.5459 entropy=1.0717 grad=6.0404 active=17.8%
  [SIM ] avg_power(a)=0.5119 rsu_q=25.703 tx=188 no_tx=99 deadlock=0 svc=95.163GHz idle=1.6%
   431    10.5s   -0.0114    10.0%    10.0%    70.7%       31%/67%/2%    4.867 1.08e-05    90.0%     0.0%   1.1215  -0.0014    11.4%
   432     9.4s   -0.0094     6.7%     6.7%    65.3%       23%/75%/2%    4.150 1.13e-05    93.3%     0.0%   1.0970   0.0264     4.1%
   433    10.6s    0.0007    23.3%    23.3%    77.4%       23%/75%/2%    4.678 9.12e-06    76.7%     0.0%   1.0710   0.0490     5.4%
   434     9.5s   -0.0089     6.7%     6.7%    56.3%       24%/72%/4%    5.400 2.01e-05    93.3%     0.0%   1.1104   0.0113     9.7%
   435    11.2s   -0.0037    13.3%    13.3%    72.5%       21%/76%/3%    4.380 6.97e-06    86.7%     0.0%   1.1117   0.0630     4.2%
   436    10.5s   -0.0995     0.0%     0.0%    51.1%       25%/74%/2%    0.000 1.22e-05   100.0%     0.3%   1.0508   0.0320     5.1%
   437    10.9s   -0.0205     0.0%     0.0%    69.1%       19%/79%/2%    3.800 9.59e-06   100.0%     0.0%   1.0973   0.0313     4.8%
   438     9.3s   -0.0049    20.0%    20.0%    78.4%       21%/77%/2%    4.786 1.48e-05    80.0%     0.0%   1.0507   0.0379     5.8%
   439     9.1s   -0.0222     3.3%     3.3%    63.4%       24%/73%/3%    4.750 1.21e-05    96.7%     0.0%   1.0959   0.0245     7.7%
   440     8.1s   -0.0154    16.7%    16.7%    68.2%       25%/73%/2%    4.200 1.24e-05    83.3%     0.0%   1.1331   0.0232     7.9%
  [MA20] reward=-0.0112 task_sr=11.5% miss=88.5% time_limit=0.0% v2v=2.5%
  [PPO ] p_loss=0.0463 v_loss=1.0788 entropy=1.1331 grad=2.8108 active=22.2%
  [SIM ] avg_power(a)=0.5118 rsu_q=25.102 tx=203 no_tx=80 deadlock=0 svc=114.951GHz idle=2.0%

    Ep    Wall    R/step     T_SR     V_SR     S_SR            L/R/V   Lat(s)       En     Miss      Ill      Ent       KL     Clip
--------------------------------------------------------------------------------------------------------------------------------
   441     9.6s   -0.0108    10.0%    10.0%    70.2%       17%/78%/5%    5.325 8.44e-06    90.0%     0.0%   1.1256   0.0119     9.6%
   442    11.0s   -0.0166     0.0%     0.0%    59.1%       23%/75%/2%    3.200 1.18e-05   100.0%     0.0%   1.1932   0.0232     7.8%
   443     8.8s    0.0057    16.7%    16.7%    71.5%       21%/75%/4%    3.900 1.51e-05    83.3%     0.0%   1.0275   0.0320     5.9%
   444    10.9s   -0.0130     6.7%     6.7%    59.6%       19%/76%/5%    4.500 1.53e-05    93.3%     0.0%   1.0913   0.0325     6.0%
   445    10.9s   -0.0082    10.0%    10.0%    66.5%       24%/73%/2%    4.133 1.15e-05    90.0%     0.0%   1.0929   0.0234    12.2%
   446    11.5s   -0.0116     3.3%     3.3%    59.2%       21%/73%/5%    5.200 1.62e-05    96.7%     0.0%   1.1140   0.0202     2.5%
   447    10.6s   -0.0201     0.0%     0.0%    59.4%       22%/75%/3%    4.200 1.41e-05   100.0%     0.0%   1.1685   0.0294     4.3%
   448    10.1s   -0.0006    16.7%    16.7%    71.6%       20%/77%/3%    4.820 1.08e-05    83.3%     0.0%   1.0486  -0.0017    10.2%
   449    10.5s   -0.0159     6.7%     6.7%    63.3%       15%/82%/3%    5.367 1.58e-05    93.3%     0.0%   1.0271   0.0061     8.7%
   450    12.6s   -0.0051    10.0%    10.0%    52.8%       18%/79%/3%    5.033 1.55e-05    90.0%     0.0%   1.0140   0.0381     8.6%
  [MA20] reward=-0.0146 task_sr=9.0% miss=91.0% time_limit=0.0% v2v=3.0%
  [PPO ] p_loss=0.0499 v_loss=0.7803 entropy=1.0140 grad=1.0790 active=14.7%
  [SIM ] avg_power(a)=0.5162 rsu_q=21.986 tx=192 no_tx=58 deadlock=0 svc=72.273GHz idle=1.4%
   451     9.4s   -0.0156     6.7%     6.7%    65.7%       15%/82%/3%    4.700 1.19e-05    93.3%     0.0%   1.0369   0.0239     7.7%
   452     9.4s   -0.0112    16.7%    16.7%    74.8%       16%/81%/3%    4.500 1.51e-05    83.3%     0.0%   1.0491  -0.0013    10.0%
   453    13.8s   -0.0126     0.0%     0.0%    52.9%       13%/83%/4%    6.100 1.26e-05   100.0%     0.0%   1.0494   0.0041     7.2%
   454    11.2s   -0.0165     0.0%     0.0%    44.0%       16%/81%/3%    0.000 1.12e-05   100.0%     0.0%   1.0703   0.0189     4.4%
   455    11.1s   -0.0007    10.0%    10.0%    60.1%       17%/81%/2%    3.233 1.09e-05    90.0%     0.0%   0.9818   0.0036     8.1%
   456     9.3s   -0.0093    10.0%    10.0%    72.7%       14%/84%/2%    4.420 1.20e-05    90.0%     0.0%   0.9688   0.0233     9.6%
   457    10.0s   -0.0115     6.7%     6.7%    69.0%       13%/84%/4%    5.000 1.41e-05    93.3%     0.0%   0.9257   0.0435     1.7%
   458     8.2s   -0.0247     0.0%     0.0%    53.7%       10%/88%/3%    0.000 1.86e-05   100.0%     0.0%   0.9625   0.0092    13.4%
   459     9.7s   -0.0196     0.0%     0.0%    61.7%       12%/85%/3%    0.000 1.83e-05   100.0%     0.0%   0.9491   0.0066     5.1%
   460    10.5s   -0.0161     3.3%     3.3%    66.4%       12%/84%/4%    4.200 1.37e-05    96.7%     0.0%   0.9352  -0.0030    12.9%
  [MA20] reward=-0.0117 task_sr=6.7% miss=93.3% time_limit=0.0% v2v=3.4%
  [PPO ] p_loss=0.0785 v_loss=0.8474 entropy=0.9352 grad=3.0203 active=16.4%
  [SIM ] avg_power(a)=0.5134 rsu_q=25.292 tx=241 no_tx=38 deadlock=0 svc=91.515GHz idle=4.6%

    Ep    Wall    R/step     T_SR     V_SR     S_SR            L/R/V   Lat(s)       En     Miss      Ill      Ent       KL     Clip
--------------------------------------------------------------------------------------------------------------------------------
   461     8.7s   -0.0186     3.3%     3.3%    58.6%       13%/85%/2%    4.400 8.48e-06    96.7%     0.0%   0.9185   0.0071    11.3%
   462     8.0s    0.0229    16.7%    16.7%    68.1%       16%/82%/3%    2.867 1.27e-05    83.3%     0.0%   0.8903   0.0064    12.0%
   463     9.6s   -0.0184     3.3%     3.3%    57.1%       12%/84%/5%    3.300 1.48e-05    96.7%     0.0%   0.9204   0.0414    13.2%
   464    10.1s   -0.0078    10.0%    10.0%    62.4%       11%/86%/2%    4.125 1.40e-05    90.0%     0.0%   0.9083   0.0023     9.5%
   465     9.6s   -0.0192     0.0%     0.0%    62.5%       12%/87%/2%    0.000 1.52e-05   100.0%     0.0%   0.9524   0.0168     5.9%
   466    10.0s   -0.0051    13.3%    13.3%    60.8%       14%/84%/2%    3.675 1.28e-05    86.7%     0.0%   1.0401   0.0338    10.5%
   467     9.2s   -0.0098    13.3%    13.3%    69.0%       15%/82%/3%    4.500 1.59e-05    86.7%     0.0%   1.0312   0.0272     4.5%
   468     9.4s    0.0014    20.0%    20.0%    70.6%       15%/81%/4%    4.300 1.77e-05    80.0%     0.0%   0.9902  -0.0053     9.5%
   469    11.1s   -0.0142     3.3%     3.3%    51.9%       14%/83%/3%    5.400 2.19e-05    96.7%     0.0%   1.0655   0.0148    10.3%
   470    11.3s   -0.0077     6.7%     6.7%    63.2%       14%/83%/3%    4.050 1.74e-05    93.3%     0.0%   1.0996   0.0049     5.4%
  [MA20] reward=-0.0107 task_sr=7.2% miss=92.8% time_limit=0.0% v2v=3.0%
  [PPO ] p_loss=0.0215 v_loss=0.8247 entropy=1.0996 grad=1.2825 active=17.6%
  [SIM ] avg_power(a)=0.5171 rsu_q=30.970 tx=226 no_tx=50 deadlock=0 svc=91.327GHz idle=1.5%
   471    10.4s   -0.0069     6.7%     6.7%    53.2%       15%/81%/4%    4.000 2.13e-05    93.3%     0.0%   1.1052   0.0072     5.7%
   472     9.8s   -0.0168     6.7%     6.7%    67.3%       15%/81%/4%    5.433 1.33e-05    93.3%     0.0%   1.1053   0.0116     9.3%
   473    10.5s   -0.0161     6.7%     6.7%    59.0%       16%/77%/7%    4.300 1.72e-05    93.3%     0.0%   1.1703   0.0220     6.1%
   474     8.6s   -0.0215     0.0%     0.0%    55.6%       19%/76%/5%    0.000 1.86e-05   100.0%     0.0%   1.1800   0.0181     7.3%
   475     7.9s   -0.0034    13.3%    13.3%    69.0%       23%/72%/5%    3.140 1.63e-05    86.7%     0.0%   1.1879  -0.0038     6.9%
   476    10.7s    0.0087    16.7%    16.7%    77.6%       21%/73%/5%    4.340 9.38e-06    83.3%     0.0%   1.1915   0.0183     3.0%
   477    11.4s   -0.0088    10.0%    10.0%    71.6%       21%/74%/6%    3.620 1.38e-05    90.0%     0.0%   1.2245   0.0063     4.7%
   478     8.6s    0.0099    20.0%    20.0%    78.1%       20%/76%/4%    3.986 1.59e-05    80.0%     0.0%   1.1798   0.0085     3.1%
   479    10.2s   -0.0073     3.3%     3.3%    56.2%       20%/75%/5%    2.200 1.51e-05    96.7%     0.0%   1.1815   0.0092     4.5%
   480     9.6s    0.0036    20.0%    20.0%    69.8%       22%/74%/4%    4.133 1.37e-05    80.0%     0.0%   1.1366   0.0239     7.9%
  [MA20] reward=-0.0068 task_sr=9.7% miss=90.3% time_limit=0.0% v2v=3.9%
  [PPO ] p_loss=0.0149 v_loss=0.7819 entropy=1.1366 grad=0.8325 active=19.9%
  [SIM ] avg_power(a)=0.5223 rsu_q=25.400 tx=233 no_tx=71 deadlock=0 svc=117.784GHz idle=5.5%

    Ep    Wall    R/step     T_SR     V_SR     S_SR            L/R/V   Lat(s)       En     Miss      Ill      Ent       KL     Clip
--------------------------------------------------------------------------------------------------------------------------------
   481    11.5s   -0.0094     6.7%     6.7%    60.8%       23%/74%/3%    3.200 8.63e-06    93.3%     0.0%   1.0819   0.0224    11.7%
   482    10.0s   -0.0175     3.3%     3.3%    54.1%       22%/77%/1%    3.100 1.27e-05    96.7%     0.0%   1.1605   0.0198     7.0%
   483    12.3s   -0.0134     6.7%     6.7%    59.0%       20%/76%/4%    4.700 1.18e-05    93.3%     0.0%   1.0861   0.0127    10.9%
   484    10.2s   -0.0313     0.0%     0.0%    55.5%       17%/81%/2%    0.000 1.12e-05   100.0%     0.1%   1.0923   0.0501    14.8%
   485     9.8s   -0.0076    10.0%    10.0%    60.9%       15%/82%/3%    3.933 1.28e-05    90.0%     0.0%   1.0352   0.0394     0.0%
   486     7.8s   -0.0063    13.3%    13.3%    63.7%       16%/80%/4%    4.000 2.10e-05    86.7%     0.0%   1.0178   0.0296     3.1%
   487    10.8s   -0.0077    10.0%    10.0%    67.4%       16%/80%/3%    4.400 2.04e-05    90.0%     0.0%   1.0360   0.0081     7.0%
   488     9.7s   -0.0187     6.7%     6.7%    64.2%       15%/84%/1%    5.067 1.80e-05    93.3%     0.0%   0.9605   0.0485    19.5%
   489    10.2s   -0.0200     0.0%     0.0%    58.6%       16%/82%/2%    0.000 1.26e-05   100.0%     0.0%   1.0038   0.0247    12.0%
   490     9.1s    0.0161    23.3%    23.3%    73.6%       14%/84%/2%    3.700 1.53e-05    76.7%     0.0%   0.9570   0.0410     5.0%
  [MA20] reward=-0.0087 task_sr=9.2% miss=90.8% time_limit=0.0% v2v=3.7%
  [PPO ] p_loss=0.0459 v_loss=1.0127 entropy=0.9570 grad=0.9325 active=18.2%
  [SIM ] avg_power(a)=0.5139 rsu_q=32.754 tx=257 no_tx=44 deadlock=0 svc=113.531GHz idle=5.3%
   491     8.5s   -0.0178     3.3%     3.3%    49.1%       18%/80%/2%    2.600 1.95e-05    96.7%     0.0%   0.9662   0.0433     5.0%
   492    10.3s   -0.0206     3.3%     3.3%    51.5%       10%/88%/2%    5.300 1.38e-05    96.7%     0.0%   0.9792   0.0042    12.8%
   493    10.4s   -0.0111    10.0%    10.0%    61.6%       16%/81%/3%    3.800 1.16e-05    90.0%     0.0%   1.0649   0.0279    15.4%
   494    10.2s   -0.0167     6.7%     6.7%    66.1%       14%/85%/1%    5.000 1.12e-05    93.3%     0.0%   1.0090  -0.0004    10.6%
   495    10.0s   -0.0315     3.3%     3.3%    52.7%       13%/85%/2%    4.100 1.27e-05    96.7%     0.1%   1.0824   0.0448     6.5%
   496     9.4s   -0.0016    16.7%    16.7%    60.3%       20%/76%/4%    3.720 1.27e-05    83.3%     0.0%   1.0007   0.0204    10.7%
   497    10.1s   -0.0125    10.0%    10.0%    71.8%       15%/83%/2%    5.000 1.34e-05    90.0%     0.0%   0.9789   0.0455    17.8%
   498     8.6s   -0.0013    20.0%    20.0%    69.2%       15%/81%/3%    3.767 2.00e-05    80.0%     0.0%   0.9995   0.0178    11.2%
   499    10.8s   -0.0036    10.0%    10.0%    64.4%       16%/83%/1%    4.475 1.11e-05    90.0%     0.0%   0.9249   0.0263    12.3%
   500     8.3s   -0.0028    13.3%    13.3%    69.0%       14%/84%/2%    4.433 1.41e-05    86.7%     0.0%   0.9314   0.0128     9.8%
  [MA20] reward=-0.0118 task_sr=8.8% miss=91.2% time_limit=0.0% v2v=2.4%
  [PPO ] p_loss=-0.1261 v_loss=0.8281 entropy=0.9314 grad=1.0026 active=20.7%
  [SIM ] avg_power(a)=0.5172 rsu_q=33.745 tx=249 no_tx=44 deadlock=0 svc=122.329GHz idle=2.0%

    Ep    Wall    R/step     T_SR     V_SR     S_SR            L/R/V   Lat(s)       En     Miss      Ill      Ent       KL     Clip
--------------------------------------------------------------------------------------------------------------------------------
   501    11.4s   -0.0157     3.3%     3.3%    60.7%       13%/86%/1%    5.200 1.03e-05    96.7%     0.0%   0.9484   0.0136     8.2%
   502    10.0s   -0.0135     3.3%     3.3%    56.3%       12%/86%/1%    4.300 1.12e-05    96.7%     0.0%   0.9059   0.0332    13.6%
   503    11.8s   -0.0129     3.3%     3.3%    56.8%       16%/82%/2%    5.400 1.31e-05    96.7%     0.0%   0.9415   0.0063     9.7%
   504     8.8s   -0.0196     3.3%     3.3%    61.1%       14%/82%/5%    4.300 1.32e-05    96.7%     0.0%   1.0029   0.0150    14.5%
   505     9.2s   -0.0175     6.7%     6.7%    69.0%       16%/83%/1%    5.450 1.38e-05    93.3%     0.0%   0.9590   0.0064    15.7%
   506    10.3s   -0.0008    16.7%    16.7%    61.9%       11%/87%/2%    4.580 1.43e-05    83.3%     0.0%   0.9144   0.0298    12.1%
   507     9.3s   -0.0210     0.0%     0.0%    55.2%       12%/86%/2%    0.000 1.66e-05   100.0%     0.0%   0.9075   0.0476     6.8%
   508    11.3s   -0.0131    10.0%    10.0%    53.4%       15%/82%/3%    5.500 1.38e-05    90.0%     0.0%   0.8518   0.0155    11.8%
   509     9.1s   -0.0102    13.3%    13.3%    57.2%       10%/86%/3%    4.425 1.99e-05    86.7%     0.0%   0.8879   0.0224     5.2%
   510     8.2s   -0.0108     6.7%     6.7%    59.7%        8%/90%/2%    3.500 1.21e-05    93.3%     0.0%   0.8875   0.0378     8.3%
  [MA20] reward=-0.0127 task_sr=8.2% miss=91.8% time_limit=0.0% v2v=2.2%
  [PPO ] p_loss=-0.0918 v_loss=1.1040 entropy=0.8875 grad=0.8858 active=18.8%
  [SIM ] avg_power(a)=0.5238 rsu_q=38.720 tx=239 no_tx=23 deadlock=0 svc=111.639GHz idle=2.0%
   511    14.3s   -0.0400     3.3%     3.3%    50.6%        7%/91%/2%    8.100 1.23e-05    96.7%     0.1%   0.9412  -0.0037    15.1%
   512    11.2s   -0.0099    10.0%    10.0%    63.7%       11%/87%/2%    5.325 1.26e-05    90.0%     0.0%   0.8898   0.0088    11.3%
   513     9.9s   -0.0167     0.0%     0.0%    59.3%        9%/88%/3%    4.800 1.56e-05   100.0%     0.0%   0.8595   0.0442    12.5%
   514    10.8s   -0.0150     3.3%     3.3%    51.1%       12%/86%/2%    5.300 1.31e-05    96.7%     0.0%   0.9456   0.0345    13.3%
   515    11.9s   -0.0122     3.3%     3.3%    58.8%       10%/88%/2%    3.300 1.02e-05    96.7%     0.0%   0.9523   0.0027    13.1%
   516     9.8s   -0.0139     6.7%     6.7%    64.8%       11%/86%/3%    5.000 1.26e-05    93.3%     0.0%   0.9155   0.0230    17.0%
   517     9.4s   -0.0172     0.0%     0.0%    50.4%       11%/86%/3%    0.000 1.51e-05   100.0%     0.0%   0.9808   0.0058    15.1%
   518     9.9s   -0.0132     6.7%     6.7%    54.3%        9%/88%/2%    4.250 1.47e-05    93.3%     0.0%   0.9510   0.0248    12.1%
   519     9.8s   -0.0146     3.3%     3.3%    57.7%        9%/89%/2%    3.000 1.17e-05    96.7%     0.0%   0.8889   0.0355    18.0%
   520     8.7s   -0.0162     6.7%     6.7%    60.1%       12%/87%/2%    4.600 2.09e-05    93.3%     0.0%   0.9250   0.0036    13.6%
  [MA20] reward=-0.0152 task_sr=5.5% miss=94.5% time_limit=0.0% v2v=2.2%
  [PPO ] p_loss=0.0162 v_loss=0.6606 entropy=0.9250 grad=1.6370 active=18.1%
  [SIM ] avg_power(a)=0.5081 rsu_q=44.846 tx=233 no_tx=33 deadlock=0 svc=114.084GHz idle=1.9%

    Ep    Wall    R/step     T_SR     V_SR     S_SR            L/R/V   Lat(s)       En     Miss      Ill      Ent       KL     Clip
--------------------------------------------------------------------------------------------------------------------------------
   521     9.4s   -0.0127    10.0%    10.0%    59.9%        8%/91%/1%    4.575 1.18e-05    90.0%     0.0%   0.9123   0.0436    16.9%
   522     8.4s   -0.0172     6.7%     6.7%    66.6%       14%/85%/1%    4.350 1.70e-05    93.3%     0.0%   0.8725   0.0498    18.2%
   523     9.5s   -0.0142     6.7%     6.7%    64.5%       12%/85%/3%    4.250 1.82e-05    93.3%     0.0%   0.9212   0.0309     9.6%
   524     8.9s   -0.0227     0.0%     0.0%    42.7%       12%/87%/2%    0.000 3.48e-05   100.0%     0.0%   0.9276   0.0164    14.1%
   525     8.7s   -0.0198     3.3%     3.3%    52.3%       12%/86%/2%    2.900 1.98e-05    96.7%     0.0%   0.9405   0.0111    11.5%
   526     8.8s   -0.0197     3.3%     3.3%    62.6%       15%/82%/3%    4.400 1.25e-05    96.7%     0.0%   0.9761   0.0011    13.0%
   527    10.7s   -0.0067     6.7%     6.7%    57.3%       11%/87%/2%    5.100 1.66e-05    93.3%     0.0%   0.9179  -0.0109     9.3%
   528     9.8s   -0.0247     6.7%     6.7%    67.8%       12%/86%/2%    4.450 1.42e-05    93.3%     0.1%   0.9905   0.0068    12.5%
   529     9.7s   -0.0123    13.3%    13.3%    59.4%       13%/84%/2%    4.880 1.51e-05    86.7%     0.0%   0.9436   0.0275    21.4%
   530     9.8s   -0.0009    16.7%    16.7%    60.1%       13%/85%/2%    4.500 1.90e-05    83.3%     0.0%   0.9395   0.0234     9.3%
  [MA20] reward=-0.0160 task_sr=5.8% miss=94.2% time_limit=0.0% v2v=2.1%
  [PPO ] p_loss=-0.1540 v_loss=0.6403 entropy=0.9395 grad=1.7983 active=17.4%
  [SIM ] avg_power(a)=0.5159 rsu_q=29.983 tx=215 no_tx=41 deadlock=0 svc=94.459GHz idle=6.8%
   531     9.2s   -0.0217     0.0%     0.0%    45.2%       12%/87%/1%    0.000 2.19e-05   100.0%     0.0%   1.0371   0.0128    13.7%
   532    11.9s   -0.0121    10.0%    10.0%    59.3%       19%/78%/3%    5.433 1.26e-05    90.0%     0.0%   1.0310   0.0152    12.8%
   533    10.7s   -0.0142     3.3%     3.3%    64.6%       18%/80%/2%    4.633 1.96e-05    96.7%     0.0%   1.0148   0.0083     8.5%
   534    10.0s   -0.0121    13.3%    13.3%    68.5%       15%/82%/3%    4.220 9.80e-06    86.7%     0.0%   1.0340   0.0111    13.3%
   535    10.6s   -0.0057     6.7%     6.7%    49.1%       18%/81%/1%    3.450 1.11e-05    93.3%     0.0%   1.0376   0.0308     3.0%
   536     8.8s   -0.0111    10.0%    10.0%    62.9%       20%/78%/3%    4.375 1.30e-05    90.0%     0.0%   1.0189   0.0203     6.9%
   537    11.0s   -0.0134     6.7%     6.7%    65.5%       19%/78%/3%    5.133 1.43e-05    93.3%     0.0%   1.0338   0.0062     8.5%
   538     9.4s   -0.0091    13.3%    13.3%    63.8%       21%/75%/3%    4.400 1.00e-05    86.7%     0.0%   0.9874   0.0187    15.0%
   539     9.4s   -0.0147     6.7%     6.7%    65.6%       14%/84%/3%    4.050 1.62e-05    93.3%     0.0%   1.0419   0.0301     8.3%
   540    10.9s   -0.0085    13.3%    13.3%    71.6%       18%/79%/2%    4.175 1.02e-05    86.7%     0.0%   1.0341   0.0278     8.9%
  [MA20] reward=-0.0137 task_sr=7.8% miss=92.2% time_limit=0.0% v2v=2.2%
  [PPO ] p_loss=0.0213 v_loss=0.8379 entropy=1.0341 grad=1.9958 active=18.8%
  [SIM ] avg_power(a)=0.5150 rsu_q=34.429 tx=247 no_tx=65 deadlock=0 svc=104.715GHz idle=1.6%

    Ep    Wall    R/step     T_SR     V_SR     S_SR            L/R/V   Lat(s)       En     Miss      Ill      Ent       KL     Clip
--------------------------------------------------------------------------------------------------------------------------------
   541     8.3s    0.0005    20.0%    20.0%    72.4%       19%/79%/3%    4.100 8.76e-06    80.0%     0.0%   0.9384   0.0205    12.8%
   542     9.9s   -0.0115    10.0%    10.0%    69.4%       17%/81%/2%    4.933 1.13e-05    90.0%     0.0%   0.9758   0.0403     9.5%
   543     9.4s   -0.0174     6.7%     6.7%    66.4%       19%/79%/2%    3.900 1.31e-05    93.3%     0.0%   1.0025   0.0246     7.9%
   544     8.5s   -0.0236     0.0%     0.0%    59.7%       16%/81%/3%    0.000 1.71e-05   100.0%     0.0%   1.0192   0.0120    12.3%
   545    10.0s   -0.0122     3.3%     3.3%    53.4%       17%/80%/2%    3.700 1.38e-05    96.7%     0.0%   1.0551   0.0488     5.9%
   546    10.5s   -0.0122     3.3%     3.3%    48.3%       19%/79%/2%    4.300 1.30e-05    96.7%     0.0%   1.0132   0.0368     9.8%
   547    10.1s   -0.0180     0.0%     0.0%    56.5%       14%/84%/2%    3.800 1.62e-05   100.0%     0.0%   0.9886   0.0103    12.6%
   548     7.9s   -0.0103    10.0%    10.0%    64.1%       21%/76%/3%    3.275 9.90e-06    90.0%     0.0%   0.9585   0.0078     8.8%
   549    10.7s   -0.0031    16.7%    16.7%    67.5%       13%/86%/1%    5.229 1.14e-05    83.3%     0.0%   1.0370   0.0149    12.5%
   550     9.0s   -0.0214     0.0%     0.0%    53.4%       16%/82%/2%    0.000 1.53e-05   100.0%     0.0%   0.9981   0.0279    10.4%
  [MA20] reward=-0.0126 task_sr=7.7% miss=92.3% time_limit=0.0% v2v=2.2%
  [PPO ] p_loss=-0.0742 v_loss=0.6906 entropy=0.9981 grad=1.6709 active=20.9%
  [SIM ] avg_power(a)=0.5178 rsu_q=34.444 tx=200 no_tx=54 deadlock=0 svc=94.941GHz idle=1.9%
   551    10.5s   -0.0011    13.3%    13.3%    63.7%       18%/80%/3%    4.850 6.35e-06    86.7%     0.0%   0.9692   0.0039    10.6%
   552     7.2s    0.0327    30.0%    30.0%    77.8%       17%/81%/2%    3.440 1.48e-05    70.0%     0.0%   1.0147   0.0052    11.5%
   553     8.3s   -0.0122    10.0%    10.0%    69.4%       20%/78%/2%    4.825 1.84e-05    90.0%     0.0%   1.0405   0.0496    14.6%
   554    10.9s    0.0002    10.0%    10.0%    70.3%       17%/81%/1%    4.000 1.17e-05    90.0%     0.0%   1.0589   0.0265    16.7%
   555     9.0s   -0.0105    13.3%    13.3%    64.3%       22%/77%/1%    3.740 1.24e-05    86.7%     0.0%   1.0571   0.0328    17.9%
   556     9.0s    0.0020    13.3%    13.3%    71.5%       23%/75%/2%    3.900 1.32e-05    86.7%     0.0%   1.0872   0.0071    10.6%
   557    11.7s   -0.0073    13.3%    13.3%    54.7%       21%/77%/2%    5.275 1.40e-05    86.7%     0.0%   1.0319   0.0185    14.2%
   558     9.7s   -0.0062    10.0%    10.0%    58.1%       24%/75%/2%    3.933 9.54e-06    90.0%     0.0%   1.0895   0.0222     8.9%
   559    11.0s    0.0237    26.7%    26.7%    74.0%       24%/74%/2%    3.825 1.45e-05    73.3%     0.0%   1.0261   0.0221    10.3%
   560     9.2s   -0.0076    10.0%    10.0%    73.4%       25%/71%/4%    3.900 6.46e-06    90.0%     0.0%   1.0877   0.0282     5.6%
  [MA20] reward=-0.0058 task_sr=11.0% miss=89.0% time_limit=0.0% v2v=2.1%
  [PPO ] p_loss=-0.1238 v_loss=0.8254 entropy=1.0877 grad=1.5825 active=18.7%
  [SIM ] avg_power(a)=0.5144 rsu_q=26.517 tx=226 no_tx=82 deadlock=0 svc=112.786GHz idle=1.7%

    Ep    Wall    R/step     T_SR     V_SR     S_SR            L/R/V   Lat(s)       En     Miss      Ill      Ent       KL     Clip
--------------------------------------------------------------------------------------------------------------------------------
   561    10.5s   -0.0172     6.7%     6.7%    65.2%       21%/77%/2%    3.967 1.36e-05    93.3%     0.0%   1.1369   0.0052     5.5%
   562     9.0s    0.0312    23.3%    23.3%    76.2%       29%/67%/4%    3.900 1.20e-05    76.7%     0.0%   1.1351   0.0147     8.6%
   563     9.4s   -0.0074    16.7%    16.7%    71.3%       26%/71%/2%    3.940 1.12e-05    83.3%     0.0%   1.1383   0.0419     4.9%
   564    10.9s   -0.0146     6.7%     6.7%    58.6%       22%/73%/4%    4.650 1.90e-05    93.3%     0.0%   1.1727   0.0024     8.1%
   565    12.7s   -0.0046    13.3%    13.3%    66.5%       25%/72%/3%    4.160 8.98e-06    86.7%     0.0%   1.0708   0.0389     5.9%
   566    11.4s   -0.0086    10.0%    10.0%    75.1%       23%/74%/3%    5.767 6.92e-06    90.0%     0.0%   1.1800   0.0273    14.6%
   567    13.7s   -0.0036    13.3%    13.3%    74.7%       29%/69%/2%    4.500 6.39e-06    86.7%     0.0%   1.0986   0.0284    19.2%
   568    11.7s   -0.0083     6.7%     6.7%    68.0%       26%/71%/2%    3.700 6.60e-06    93.3%     0.0%   1.1179   0.0307     7.0%
   569     9.3s   -0.0054    16.7%    16.7%    78.3%       27%/70%/3%    3.880 5.22e-06    83.3%     0.0%   1.1158   0.0463    11.7%
   570    11.2s   -0.0073     6.7%     6.7%    70.4%       28%/69%/3%    4.500 6.21e-06    93.3%     0.0%   1.0709   0.0088    10.5%
  [MA20] reward=-0.0016 task_sr=13.5% miss=86.5% time_limit=0.0% v2v=2.6%
  [PPO ] p_loss=-0.0707 v_loss=0.7369 entropy=1.0709 grad=1.7559 active=16.9%
  [SIM ] avg_power(a)=0.5066 rsu_q=21.845 tx=195 no_tx=101 deadlock=0 svc=92.992GHz idle=1.4%
   571     9.7s    0.0115    26.7%    26.7%    77.9%       29%/67%/4%    4.225 7.97e-06    73.3%     0.0%   1.1227   0.0129     6.8%
   572     9.8s    0.0068    20.0%    20.0%    78.6%       31%/66%/4%    3.857 7.92e-06    80.0%     0.0%   1.0998   0.0014    10.3%
   573    10.2s    0.0160    30.0%    30.0%    79.7%       32%/66%/3%    4.089 1.19e-05    70.0%     0.0%   1.1060   0.0162     7.7%
   574    10.0s   -0.0147     3.3%     3.3%    64.2%       30%/69%/2%    5.800 8.48e-06    96.7%     0.0%   1.0893   0.0087     8.5%
   575     9.5s    0.0035    20.0%    20.0%    74.6%       32%/66%/2%    3.200 8.04e-06    80.0%     0.0%   1.0109   0.0440     5.3%
   576    11.8s   -0.0050     6.7%     6.7%    59.0%       25%/74%/2%    3.450 1.19e-05    93.3%     0.0%   1.1187   0.0437     9.4%
   577     9.5s   -0.0109    13.3%    13.3%    75.5%       29%/66%/5%    4.260 8.43e-06    86.7%     0.0%   1.1029   0.0287    11.3%
   578    10.4s   -0.0022    20.0%    20.0%    72.3%       33%/65%/2%    4.017 6.62e-06    80.0%     0.0%   1.0759   0.0117     3.6%
   579    11.5s   -0.0057     3.3%     3.3%    69.9%       31%/68%/2%    2.000 6.03e-06    96.7%     0.0%   1.1414 -7.23e-05     7.3%
   580    11.3s   -0.0046    33.3%    33.3%    79.6%       30%/68%/2%    3.885 7.27e-06    66.7%     0.0%   1.1522   0.0571    12.9%
  [MA20] reward=-0.0026 task_sr=14.8% miss=85.2% time_limit=0.0% v2v=2.8%
  [PPO ] p_loss=0.0014 v_loss=0.9179 entropy=1.1522 grad=1.2011 active=15.2%
  [SIM ] avg_power(a)=0.5185 rsu_q=15.400 tx=212 no_tx=102 deadlock=0 svc=83.262GHz idle=1.3%

    Ep    Wall    R/step     T_SR     V_SR     S_SR            L/R/V   Lat(s)       En     Miss      Ill      Ent       KL     Clip
--------------------------------------------------------------------------------------------------------------------------------
   581    11.6s   -0.0082     6.7%     6.7%    66.8%       32%/65%/3%    3.800 7.75e-06    93.3%     0.0%   1.1360   0.0238     4.2%
   582    18.7s   -0.0022    23.3%    23.3%    66.5%       32%/64%/4%    3.671 6.16e-06    76.7%     0.0%   1.1403   0.0420     5.5%
   583     9.1s    0.0038    13.3%    13.3%    72.3%       27%/70%/3%    4.000 1.29e-05    86.7%     0.0%   1.0883   0.0370     2.3%
   584     8.8s   -0.0052    20.0%    20.0%    83.1%       32%/66%/2%    4.150 2.03e-05    80.0%     0.0%   1.1325   0.0330    13.6%
   585    10.9s   -0.0174     3.3%     3.3%    69.5%       31%/65%/3%    4.100 1.21e-05    96.7%     0.0%   1.1574   0.0577     2.9%
   586    11.5s   -0.0160     0.0%     0.0%    60.6%       31%/66%/3%    3.100 1.48e-05   100.0%     0.0%   1.1129  -0.0041    10.5%
   587     9.5s    0.0051    20.0%    20.0%    73.0%       27%/70%/4%    4.017 1.11e-05    80.0%     0.0%   1.1188   0.0066    10.7%
   588    11.7s   -0.0150     3.3%     3.3%    62.5%       29%/68%/4%    5.700 9.45e-06    96.7%     0.0%   1.1564   0.0204     0.0%
   589    10.5s   -0.0129     6.7%     6.7%    61.9%       28%/69%/3%    5.133 8.06e-06    93.3%     0.0%   1.1192   0.0241     6.5%
   590    10.3s    0.0155    33.3%    33.3%    80.7%       28%/70%/2%    4.055 9.96e-06    66.7%     0.0%   1.0758   0.0119    10.3%
  [MA20] reward=-0.0029 task_sr=15.3% miss=84.7% time_limit=0.0% v2v=2.8%
  [PPO ] p_loss=0.0062 v_loss=0.8682 entropy=1.0758 grad=1.1876 active=15.8%
  [SIM ] avg_power(a)=0.5157 rsu_q=16.029 tx=202 no_tx=92 deadlock=0 svc=98.512GHz idle=4.3%
   591    10.6s   -0.0088    10.0%    10.0%    68.4%       23%/75%/2%    3.500 5.97e-06    90.0%     0.0%   1.0206   0.0161     8.7%
   592    10.4s   -0.0067     3.3%     3.3%    60.2%       27%/71%/2%    1.700 1.82e-05    96.7%     0.0%   1.0895   0.0084    12.1%
   593    11.5s   -0.0089    13.3%    13.3%    67.3%       26%/71%/2%    4.550 1.26e-05    86.7%     0.0%   1.0105   0.0275     8.7%
   594     8.7s   -0.0221     3.3%     3.3%    55.0%       23%/75%/1%    2.600 1.94e-05    96.7%     0.0%   0.9940   0.0105     9.5%
   595     8.3s   -0.0094    10.0%    10.0%    53.6%       20%/79%/1%    3.533 1.36e-05    90.0%     0.0%   0.9731   0.0134     6.7%
   596     9.8s   -0.0160     3.3%     3.3%    55.5%       22%/76%/2%    4.500 1.77e-05    96.7%     0.0%   0.9741   0.0117     7.5%
   597    10.7s   -0.0108    10.0%    10.0%    69.2%       21%/77%/1%    4.633 1.13e-05    90.0%     0.0%   0.9986   0.0049    10.0%
   598     9.7s   -0.0182     0.0%     0.0%    59.3%       21%/77%/1%    2.900 9.87e-06   100.0%     0.0%   1.0085   0.0315     4.5%
   599    12.6s   -0.0117     0.0%     0.0%    52.6%       19%/79%/3%    0.000 1.31e-05   100.0%     0.0%   1.0224   0.0270     2.8%
   600    10.1s   -0.0087     3.3%     3.3%    54.3%       22%/77%/1%    3.200 1.22e-05    96.7%     0.0%   0.9750   0.0535     2.6%
  [MA20] reward=-0.0087 task_sr=9.3% miss=90.7% time_limit=0.0% v2v=2.4%
  [PPO ] p_loss=0.2290 v_loss=0.9251 entropy=0.9750 grad=5.0023 active=18.7%
  [SIM ] avg_power(a)=0.5117 rsu_q=30.714 tx=181 no_tx=69 deadlock=0 svc=91.571GHz idle=1.8%

[Train] completed: episodes=600 best_reward=5.2837 best_success_rate(50ep)=0.2740
[Train] key outputs: /root/vecOffloadingSim/runs/train600_seed42_20260219_141820/logs/metrics.csv, /root/vecOffloadingSim/runs/train600_seed42_20260219_141820/logs/training_stats.csv, /root/vecOffloadingSim/runs/train600_seed42_20260219_141820/models/best_model.pth

[Auto Plot] Generating training plots...
[DataRecorder] Training stats plots saved to: /root/vecOffloadingSim/runs/train600_seed42_20260219_141820/plots
[Auto Plot] plot_results.py ...
[Auto Plot] ✓ Saved: fig_latency_with_baselines.png | ✓ Saved: fig_summary_dashboard.png | ✓ All plots saved to: /root/vecOffloadingSim/runs/train600_seed42_20260219_141820/plots
[Auto Plot] plot_results.py done in 11.5s
[Auto Plot] generate_all_plots.py ...
[Auto Plot] ⚠ No baseline data found, skipping baseline comparison plot | ✓ All plots saved to: /root/vecOffloadingSim/runs/train600_seed42_20260219_141820/plots |   Total plots: 8
[Auto Plot] generate_all_plots.py done in 6.6s
[DataRecorder] All plots generated in: /root/vecOffloadingSim/runs/train600_seed42_20260219_141820/plots
[Auto Plot] jobs: ok=4 skipped=1 failed=0
[Auto Plot] generated figures: 34
[Auto Plot] sample: bias_annealing.png, cpu_efficiency.png, episode_duration.png, fig_constraint_health.png, fig_convergence_analysis.png, fig_convergence_baseline.png, fig_decision_distribution.png, fig_latency_with_baselines.png
[Auto Plot] manifest: /root/vecOffloadingSim/runs/train600_seed42_20260219_141820/plots/plot_manifest.json
