episode,policy,total_reward,avg_step_reward,loss,veh_success_rate,vehicle_success_rate,task_success_rate,subtask_success_rate,v2v_subtask_success_rate,decision_frac_local,decision_frac_rsu,decision_frac_v2v,avg_power,avg_queue_len,avg_veh_queue,avg_rsu_queue,ma_fairness,ma_reward_gap,ma_collaboration,v2v_gain_mean,v2v_gain_pos_rate,v2v_gain_pos_mean,max_agent_reward,min_agent_reward,avg_assigned_cpu_ghz,episode_vehicle_count,episode_task_count,duration
1,,27.187881284491368,0.14093940642245684,6.453947002887726,0.9,0.9,0.9,0.9583333333333334,0.9714285714285714,0.36752136752136755,0.3333333333333333,0.29914529914529914,0.4997039441878442,0.10175,0.10175,0.62,0.7625548664169628,56.93235393402905,82.85714285714286,0.3475293982226159,0.8285714285714286,0.4281347528751352,37.347422832467096,-19.584931101561953,7.561305173531029,20,20,3.59647798538208
2,,26.945834739591966,0.13972917369795984,349727297.0706823,0.9,0.9,0.9,0.9736842105263158,1.0,0.3728813559322034,0.3305084745762712,0.2966101694915254,0.5212373748628888,0.10725,0.10725,0.5,0.7734783760724553,54.40289991901598,85.71428571428571,0.2759131058505,0.8571428571428571,0.32935913098197944,35.32447978838278,-19.078420130633198,7.299895488814212,20,20,3.608642816543579
