episode,total_reward,avg_step_reward,loss,veh_success_rate,subtask_success_rate,pct_local,pct_rsu,pct_v2v,avg_power,avg_queue_len,ma_fairness,ma_reward_gap,ma_collaboration,max_agent_reward,min_agent_reward,avg_assigned_cpu_ghz,duration
1,-191.89705976725293,-3.8379411953450586,419.9970175425212,0.0,9.95475113122172,5.231984205330701,3.652517275419546,90.91806515301086,0.49930961826505454,0.023692003948667325,1.0,0.0,90.91806515301086,-3.8493932915154803,-3.8493932915154803,2.0786891853046114,3.4284610748291016
2,-188.8619101887853,-3.7772382037757057,134.11523574590683,0.0,10.526315789473683,4.1548630783758265,5.099150141643059,90.46270066100094,0.49306612365946834,0.023607176581680833,1.0,0.0,90.46270066100094,-3.833654630970224,-3.833654630970224,2.0237840313957127,3.575669050216675
3,-198.0557497586579,-3.961114995173158,68.0845458984375,0.0,10.294117647058822,3.5999999999999996,5.6000000000000005,90.8,0.5027801032462157,0.022,1.0,0.0,90.8,-3.9611149951731575,-3.9611149951731575,2.2628569669912837,3.328341007232666
