[STAGE-A] [ConfigDump] saved: /root/vecOffloadingSim/runs/paper_stageA_seed42_20260217_183854/config_dump.json
[STAGE-A] [ConfigSnapshot] saved: /root/vecOffloadingSim/runs/paper_stageA_seed42_20260217_183854/logs/config_snapshot.json
[STAGE-A] [RunMeta] saved: /root/vecOffloadingSim/runs/paper_stageA_seed42_20260217_183854/run_meta.json
[STAGE-A] 
[STAGE-A] ======================================================================================================================
[STAGE-A] [Train] MAPPO VEC training started
[STAGE-A] ======================================================================================================================
[STAGE-A] [Run] id=paper_stageA_seed42_20260217_183854 seed=42 device=cuda reward=UNIFIED candidate=ALL (all_feasible=True)
[STAGE-A] [Train] episodes=600 steps/ep=200 eval_interval=1 save_interval=100 baseline_eval=off
[STAGE-A] [Scenario] vehicles=20 rsu=3 map=1000.0m lanes=2 v2v_range=250.0m rsu_range=350.0m
[STAGE-A] [Physics] BW_V2I=20.00MHz BW_V2V=10.00MHz RB=3 Ptx=[0.0200,0.1995]W (13.0,23.0 dBm) DT=0.100s
[STAGE-A] [ScaleCheck] UNIFIED nominal: E_loc=9J E_tx=0.00450571J r_time=-0.0038 r_energy=-2.60303e-06 r_interf=-0.12 r_risk=-0.0460087 (B_RB=3.33333e+06Hz, SNR=20dB, dt=0.1, Td=10, rho=0.7)
[STAGE-A] [Compute] f_local=[2.00,8.00]GHz f_rsu=12.00GHz
[STAGE-A] [PPO] lr=3.00e-04 gamma=0.990 gae=0.950 clip=0.250 ent=0.001 batch=256 epochs=5 d_model=128 layers=2
[STAGE-A] [Logging] step_metrics=off step_logs=off tb_obs=on
[STAGE-A] [Paths] run=/root/vecOffloadingSim/runs/paper_stageA_seed42_20260217_183854
[STAGE-A] [Paths] logs=/root/vecOffloadingSim/runs/paper_stageA_seed42_20260217_183854/logs  models=/root/vecOffloadingSim/runs/paper_stageA_seed42_20260217_183854/models  plots=/root/vecOffloadingSim/runs/paper_stageA_seed42_20260217_183854/plots
[STAGE-A] ======================================================================================================================
[STAGE-A] 
[STAGE-A] 
[STAGE-A]     Ep    Wall    R/step     T_SR     V_SR     S_SR            L/R/V   Lat(s)       En     Miss      Ill      Ent       KL     Clip
[STAGE-A] --------------------------------------------------------------------------------------------------------------------------------
[STAGE-A]      1    24.2s   -0.0934     0.0%     0.0%    10.5%       17%/7%/76%    0.000 5.69e-04   100.0%     0.0%   0.0000   0.0000     0.0%
[STAGE-A]   [MA20] reward=-0.0934 task_sr=0.0% miss=100.0% time_limit=100.0% v2v=75.9%
[STAGE-A]   [PPO ] p_loss=0.0000 v_loss=0.0000 entropy=0.0000 grad=0.0000 active=1.5%
[STAGE-A]   [SIM ] avg_power(a)=0.4951 rsu_q=0.000 tx=44 no_tx=10 deadlock=0 svc=0.066GHz idle=0.0%
[STAGE-A]   [CMDP] lambda(E/I/R)=(0.000/0.000/0.000) cost(E/I/R)=(0.000/0.023/0.362)
[STAGE-A]      2    23.1s   -0.3148     0.0%     0.0%    16.6%       19%/9%/72%    0.000    0.001   100.0%     0.0%   2.2660  -0.0461     8.3%
[STAGE-A]      3    23.7s   -0.3251     0.0%     0.0%    21.5%       31%/7%/62%    0.000    0.001   100.0%     0.0%   2.3586   0.0331     0.0%
[STAGE-A]      4    18.9s   -0.0312     0.0%     0.0%    23.2%      28%/14%/58%    0.000    0.001   100.0%     0.0%   2.3216  -0.0005    21.0%
[STAGE-A]      5    22.0s   -0.0732     0.0%     0.0%    16.7%       23%/9%/69%    0.000    0.001   100.0%     0.0%   2.5692   0.0531     0.0%
[STAGE-A]      6    23.3s   -0.1199     0.0%     0.0%    12.4%       23%/3%/73%    0.000    0.001   100.0%     0.0%   2.2694   0.0563    16.7%
[STAGE-A]      7    22.9s   -0.0936     0.0%     0.0%    17.7%       24%/7%/69%    0.000 9.67e-04   100.0%     0.0%   2.3556   0.0522     0.0%
[STAGE-A]      8    23.6s   -0.0672     0.0%     0.0%    16.4%       25%/7%/68%    0.000    0.001   100.0%     0.0%   2.0862  -0.0172    14.3%
[STAGE-A]      9    23.6s   -0.0405     0.0%     0.0%    14.0%      23%/12%/65%    0.000 7.61e-04   100.0%     0.0%   2.1127   0.0550     0.0%
[STAGE-A]     10    22.0s   -0.0872     0.0%     0.0%    23.2%       26%/8%/66%    0.000    0.002   100.0%     0.0%   2.0883  -0.0168    13.0%
[STAGE-A]   [MA20] reward=-0.1246 task_sr=0.0% miss=100.0% time_limit=80.0% v2v=67.7%
[STAGE-A]   [PPO ] p_loss=0.2103 v_loss=1.7145 entropy=2.0883 grad=1.6677 active=3.1%
[STAGE-A]   [SIM ] avg_power(a)=0.4913 rsu_q=0.000 tx=81 no_tx=33 deadlock=0 svc=0.181GHz idle=0.0%
[STAGE-A]   [CMDP] lambda(E/I/R)=(0.000/0.003/0.000) cost(E/I/R)=(0.000/0.028/0.293)
[STAGE-A]     11    22.5s   -0.0946     0.0%     0.0%    14.5%       22%/6%/72%    0.000    0.001   100.0%     0.0%   2.1174  -0.0089    11.1%
[STAGE-A]     12    18.8s   -0.0738     0.0%     0.0%    19.6%       24%/5%/70%    0.000    0.001   100.0%     0.0%   2.1318   0.0833    14.3%
[STAGE-A]     13    23.7s   -0.1738     0.0%     0.0%    17.6%      20%/10%/70%    0.000    0.001   100.0%     0.0%   2.2905   0.1466    28.6%
[STAGE-A]     14    19.9s   -0.0446     0.0%     0.0%    15.5%       21%/7%/72%    0.000    0.001   100.0%     0.0%   1.7885   0.0773    20.0%
[STAGE-A]     15    18.9s   -0.0374     0.0%     0.0%    21.5%      17%/13%/70%    0.000 9.37e-04   100.0%     0.0%   2.1377   0.0245    60.0%
[STAGE-A]     16    23.0s   -0.0385     0.0%     0.0%    21.5%       22%/8%/70%    0.000    0.001   100.0%     0.0%   2.2691   0.0050    25.0%
[STAGE-A]     17    22.3s   -0.0581     0.0%     0.0%    17.3%       23%/5%/73%    0.000 9.91e-04   100.0%     0.0%   2.1606  -0.0169    19.8%
[STAGE-A]     18    21.3s   -0.0564     0.0%     0.0%    24.3%      32%/10%/59%    0.000 9.70e-04   100.0%     0.0%   1.8148   0.1898     0.0%
[STAGE-A]     19    22.0s   -0.1279     0.0%     0.0%    24.8%      26%/10%/64%    0.000    0.002   100.0%     0.0%   2.0847   0.0434     0.0%
[STAGE-A]     20    21.6s   -0.0973     0.0%     0.0%    20.9%      38%/11%/51%    0.000 8.10e-04   100.0%     0.0%   1.9990  -0.0177    21.3%
[STAGE-A]   [MA20] reward=-0.1024 task_sr=0.0% miss=100.0% time_limit=75.0% v2v=67.4%
[STAGE-A]   [PPO ] p_loss=0.1655 v_loss=1.3352 entropy=1.9990 grad=4.5512 active=2.5%
[STAGE-A]   [SIM ] avg_power(a)=0.5013 rsu_q=0.000 tx=49 no_tx=38 deadlock=0 svc=0.121GHz idle=0.0%
[STAGE-A]   [CMDP] lambda(E/I/R)=(0.000/0.000/0.000) cost(E/I/R)=(0.000/0.033/0.326)
[STAGE-A] 
[STAGE-A]     Ep    Wall    R/step     T_SR     V_SR     S_SR            L/R/V   Lat(s)       En     Miss      Ill      Ent       KL     Clip
[STAGE-A] --------------------------------------------------------------------------------------------------------------------------------
[STAGE-A]     21    14.5s   -0.0709     0.0%     0.0%    28.3%       35%/5%/60%    0.000    0.003   100.0%     0.0%   2.0717   0.0134    19.8%
[STAGE-A]     22    23.4s   -0.0502     0.0%     0.0%    17.9%      24%/10%/66%    0.000    0.001   100.0%     0.0%   2.2060   0.0230    25.0%
[STAGE-A]     23    23.2s   -0.2769     0.0%     0.0%    24.2%       37%/6%/57%    0.000    0.001   100.0%     0.0%   1.9143   0.0252    31.7%
[STAGE-A]     24    21.5s   -0.0359     0.0%     0.0%    29.0%      33%/14%/53%    0.000    0.002   100.0%     0.0%   2.1128   0.0508    18.2%
[STAGE-A]     25    23.4s   -0.1788     0.0%     0.0%    24.5%       31%/8%/61%    0.000    0.002   100.0%     0.0%   2.4271   0.0830    33.3%
[STAGE-A]     26    23.2s   -0.0471     0.0%     0.0%    13.2%       36%/4%/60%    0.000 7.89e-04   100.0%     0.0%   2.1303  -0.0583    21.4%
[STAGE-A]     27    23.8s   -0.0633     0.0%     0.0%    19.9%       25%/7%/67%    0.000    0.002   100.0%     0.0%   1.9934   0.0656    19.6%
[STAGE-A]     28    23.6s   -0.2056     0.0%     0.0%    14.5%      27%/10%/63%    0.000 9.45e-04   100.0%     0.0%   2.4145   0.0348    20.0%
[STAGE-A]     29    21.9s   -0.0363     0.0%     0.0%    24.9%      26%/10%/64%    0.000    0.001   100.0%     0.0%   2.0861  -0.0364    37.5%
[STAGE-A]     30    22.7s   -0.0508     0.0%     0.0%    29.5%      30%/11%/59%    0.000    0.002   100.0%     0.0%   2.2275   0.0454    11.1%
[STAGE-A]   [MA20] reward=-0.0909 task_sr=0.0% miss=100.0% time_limit=80.0% v2v=64.0%
[STAGE-A]   [PPO ] p_loss=-0.3185 v_loss=0.7705 entropy=2.2275 grad=7.0065 active=2.9%
[STAGE-A]   [SIM ] avg_power(a)=0.5031 rsu_q=0.000 tx=75 no_tx=34 deadlock=0 svc=0.193GHz idle=0.0%
[STAGE-A]   [CMDP] lambda(E/I/R)=(0.000/0.002/0.000) cost(E/I/R)=(0.000/0.015/0.266)
[STAGE-A]     31    21.4s   -0.1176     0.0%     0.0%    19.7%       35%/6%/59%    0.000 8.45e-04   100.0%     0.0%   1.9299  -0.0060    30.1%
[STAGE-A]     32    22.6s   -0.0814     0.0%     0.0%     7.9%       24%/5%/71%    0.000 5.49e-04   100.0%     0.0%   0.0000   0.0000     0.0%
[STAGE-A]     33    23.6s   -0.0399     0.0%     0.0%     9.6%       23%/4%/73%    0.000 8.98e-04   100.0%     0.0%   2.1762   0.2313    33.3%
[STAGE-A]     34    22.6s   -0.0847     0.0%     0.0%    23.6%       31%/8%/61%    0.000    0.002   100.0%     0.0%   2.2889   0.0885    83.3%
[STAGE-A]     35    22.0s   -0.1939     0.0%     0.0%    20.3%       33%/8%/59%    0.000    0.001   100.0%     0.0%   2.0785   0.1217     0.0%
[STAGE-A]     36    24.9s   -0.0352     0.0%     0.0%     8.8%       30%/3%/67%    0.000 6.61e-04   100.0%     0.0%   2.0200   0.0030     0.0%
[STAGE-A]     37    25.5s   -0.0957     0.0%     0.0%    12.0%       29%/5%/66%    0.000 6.70e-04   100.0%     0.0%   2.4710   0.0806     0.0%
[STAGE-A]     38    23.9s   -0.0492     0.0%     0.0%    16.5%       26%/8%/66%    0.000 8.75e-04   100.0%     0.0%   2.3065   0.0392    18.8%
[STAGE-A]     39    21.9s   -0.0331     0.0%     0.0%    18.8%       35%/3%/61%    0.000    0.001   100.0%     0.0%   2.2549   0.0716     0.0%
[STAGE-A]     40    20.7s   -0.0323     0.0%     0.0%    23.5%       39%/7%/54%    0.000 7.86e-04   100.0%     0.0%   2.0216  -0.0136     4.0%
[STAGE-A]   [MA20] reward=-0.0889 task_sr=0.0% miss=100.0% time_limit=95.0% v2v=62.4%
[STAGE-A]   [PPO ] p_loss=-0.0327 v_loss=13.1341 entropy=2.0216 grad=205.8106 active=2.5%
[STAGE-A]   [SIM ] avg_power(a)=0.5063 rsu_q=0.000 tx=59 no_tx=39 deadlock=0 svc=0.153GHz idle=0.0%
[STAGE-A]   [CMDP] lambda(E/I/R)=(0.000/0.000/0.000) cost(E/I/R)=(0.000/0.007/0.250)
[STAGE-A] 
[STAGE-A]     Ep    Wall    R/step     T_SR     V_SR     S_SR            L/R/V   Lat(s)       En     Miss      Ill      Ent       KL     Clip
[STAGE-A] --------------------------------------------------------------------------------------------------------------------------------
[STAGE-A]     41    22.3s   -0.0392     0.0%     0.0%    17.1%       32%/5%/64%    0.000 9.17e-04   100.0%     0.0%   2.1107   0.0457     0.0%
[STAGE-A]     42    22.3s   -0.0405     0.0%     0.0%    20.2%       32%/9%/59%    0.000    0.001   100.0%     0.0%   2.3865   0.1087    16.7%
[STAGE-A]     43    23.2s   -0.0755     0.0%     0.0%    18.7%       25%/8%/67%    0.000    0.001   100.0%     0.0%   2.1649  -0.0167    17.8%
[STAGE-A]     44    22.6s   -0.1575     0.0%     0.0%    20.0%       28%/7%/65%    0.000    0.001   100.0%     0.0%   2.0450   0.2193    33.3%
[STAGE-A]     45    22.9s   -0.0560     0.0%     0.0%    17.9%       27%/6%/68%    0.000    0.001   100.0%     0.0%   2.3331   0.0356     5.6%
[STAGE-A]     46    22.2s   -0.0306     0.0%     0.0%    14.8%       23%/5%/72%    0.000 8.57e-04   100.0%     0.0%   2.2152  -0.0238    23.4%
[STAGE-A]     47    21.9s   -0.0470     0.0%     0.0%    28.9%      25%/13%/62%    0.000    0.002   100.0%     0.0%   2.1517   0.0105    17.8%
[STAGE-A]     48    24.4s   -0.2355     0.0%     0.0%    12.6%       16%/4%/80%    0.000 5.99e-04   100.0%     0.0%   2.4705   0.0776    11.1%
[STAGE-A]     49    14.7s   -0.0457     0.0%     0.0%    20.3%      29%/12%/59%    0.000    0.002   100.0%     0.0%   2.2953   0.0763    42.9%
[STAGE-A]     50    21.9s   -0.0418     0.0%     0.0%    15.1%      22%/14%/64%    0.000 8.20e-04   100.0%     0.0%   2.2600  -0.0729    24.1%
[STAGE-A]   [MA20] reward=-0.0766 task_sr=0.0% miss=100.0% time_limit=95.0% v2v=64.8%
[STAGE-A]   [PPO ] p_loss=-0.0676 v_loss=2.5682 entropy=2.2600 grad=22.9609 active=2.1%
[STAGE-A]   [SIM ] avg_power(a)=0.4964 rsu_q=0.000 tx=55 no_tx=19 deadlock=0 svc=0.097GHz idle=0.0%
[STAGE-A]   [CMDP] lambda(E/I/R)=(0.000/0.000/0.000) cost(E/I/R)=(0.000/0.009/0.346)
[STAGE-A]     51    22.8s   -0.0504     0.0%     0.0%    16.1%       25%/7%/69%    0.000    0.001   100.0%     0.0%   2.3607   0.0916     0.0%
[STAGE-A]     52    25.4s   -0.5208     0.0%     0.0%     8.3%       14%/8%/78%    0.000 5.68e-04   100.0%     0.0%   2.4882   0.1226     0.0%
[STAGE-A]     53    23.7s   -0.0573     0.0%     0.0%    12.0%       16%/5%/79%    0.000 7.20e-04   100.0%     0.0%   2.5636   0.0133    27.8%
[STAGE-A]     54    24.2s   -0.0356     0.0%     0.0%    18.7%      23%/11%/66%    0.000    0.001   100.0%     0.0%   2.2377   0.0257    14.3%
[STAGE-A]     55    22.2s   -0.0654     0.0%     0.0%    17.9%       26%/4%/70%    0.000    0.001   100.0%     0.0%   2.2017   0.0419    40.0%
[STAGE-A]     56    24.1s   -0.0387     0.0%     0.0%    10.4%       22%/4%/74%    0.000 6.01e-04   100.0%     0.0%   2.3346  -0.0518    20.4%
[STAGE-A]     57    23.6s   -0.0777     0.0%     0.0%    15.0%      22%/10%/68%    0.000    0.001   100.0%     0.0%   2.2833   0.0073    11.7%
[STAGE-A]     58    23.4s   -0.0561     0.0%     0.0%    12.5%       16%/7%/77%    0.000    0.001   100.0%     0.0%   2.1938   0.0655    37.5%
[STAGE-A]     59    24.2s   -0.0295     0.0%     0.0%    13.7%       20%/7%/74%    0.000 8.31e-04   100.0%     0.0%   2.5564   0.0582    16.7%
[STAGE-A]     60    17.9s   -0.0294     0.0%     0.0%    20.4%       19%/7%/74%    0.000    0.001   100.0%     0.0%   2.1502   0.0427    41.4%
[STAGE-A]   [MA20] reward=-0.0865 task_sr=0.0% miss=100.0% time_limit=90.0% v2v=69.4%
[STAGE-A]   [PPO ] p_loss=0.1068 v_loss=1.5050 entropy=2.1502 grad=26.3337 active=3.1%
[STAGE-A]   [SIM ] avg_power(a)=0.5032 rsu_q=0.000 tx=65 no_tx=19 deadlock=0 svc=0.162GHz idle=0.6%
[STAGE-A]   [CMDP] lambda(E/I/R)=(0.000/0.000/0.002) cost(E/I/R)=(0.000/0.000/0.386)
[STAGE-A] 
[STAGE-A]     Ep    Wall    R/step     T_SR     V_SR     S_SR            L/R/V   Lat(s)       En     Miss      Ill      Ent       KL     Clip
[STAGE-A] --------------------------------------------------------------------------------------------------------------------------------
[STAGE-A]     61    23.6s   -0.0440     0.0%     0.0%    16.2%      17%/11%/71%    0.000    0.001   100.0%     0.0%   2.3874  -0.0859    35.0%
[STAGE-A]     62     8.7s   -0.0734     0.0%     0.0%     8.8%       18%/5%/77%    0.000    0.002   100.0%     0.0%   2.1650   0.0947    11.1%
[STAGE-A]     63    23.1s   -0.0683     0.0%     0.0%    16.7%       15%/9%/77%    0.000    0.001   100.0%     0.0%   2.3408   0.1092     0.0%
[STAGE-A]     64    24.5s   -0.0435     0.0%     0.0%     9.8%       14%/7%/79%    0.000    0.001   100.0%     0.0%   2.6290   0.1620    33.3%
[STAGE-A]     65    23.6s   -0.0363     0.0%     0.0%     9.0%       22%/5%/73%    0.000 4.95e-04   100.0%     0.0%   0.0000   0.0000     0.0%
[STAGE-A]     66    23.4s   -0.0793     0.0%     0.0%    14.0%      17%/11%/71%    0.000 8.43e-04   100.0%     0.0%   2.3121  -0.0474    21.1%
[STAGE-A]     67    13.2s   -0.1688     0.0%     0.0%    11.8%       23%/9%/68%    0.000    0.001   100.0%     0.0%   1.9472   0.0716    20.0%
[STAGE-A]     68    23.7s   -0.0585     0.0%     0.0%    15.9%       13%/5%/81%    0.000    0.001   100.0%     0.0%   2.6339   0.0339    10.0%
[STAGE-A]     69    21.0s   -0.0635     0.0%     0.0%     8.7%      10%/11%/79%    0.000 9.31e-04   100.0%     0.0%   0.0000   0.0000     0.0%
[STAGE-A]     70    10.5s   -0.0472     0.0%     0.0%    18.6%      20%/10%/70%    0.000    0.002   100.0%     0.0%   2.1445   0.0346    37.2%
[STAGE-A]   [MA20] reward=-0.0822 task_sr=0.0% miss=100.0% time_limit=75.0% v2v=73.8%
[STAGE-A]   [PPO ] p_loss=-0.3041 v_loss=2.5191 entropy=2.1445 grad=57.3240 active=4.9%
[STAGE-A]   [SIM ] avg_power(a)=0.5073 rsu_q=0.000 tx=70 no_tx=19 deadlock=0 svc=0.244GHz idle=1.1%
[STAGE-A]   [CMDP] lambda(E/I/R)=(0.000/0.000/0.002) cost(E/I/R)=(0.000/0.017/0.322)
[STAGE-A]     71     7.1s   -0.1549     0.0%     0.0%    17.1%       30%/7%/63%    0.000    0.003   100.0%     0.0%   2.0415   0.0643    21.1%
[STAGE-A]     72    22.0s   -0.1126     0.0%     0.0%    18.8%       23%/6%/71%    0.000    0.001   100.0%     0.0%   2.2015  -0.0041    37.4%
[STAGE-A]     73    24.4s   -0.0467     0.0%     0.0%    13.8%       16%/6%/78%    0.000    0.001   100.0%     0.0%   2.4080   0.1456     0.0%
[STAGE-A]     74    24.2s   -0.1876     0.0%     0.0%    13.8%      16%/10%/74%    0.000 5.41e-04   100.0%     0.0%   2.2360   0.1391     0.0%
[STAGE-A]     75    24.1s   -0.0327     0.0%     0.0%     9.8%       25%/5%/70%    0.000 6.26e-04   100.0%     0.0%   2.4253   0.0388     0.0%
[STAGE-A]     76    22.4s   -0.0552     0.0%     0.0%    17.0%       19%/6%/74%    0.000    0.001   100.0%     0.0%   2.5972   0.0353    50.0%
[STAGE-A]     77    16.1s   -0.1101     0.0%     0.0%    10.0%       13%/4%/82%    0.000 7.78e-04   100.0%     0.0%   2.4549   0.0125    28.8%
[STAGE-A]     78    15.6s   -0.0396     0.0%     0.0%    14.3%       19%/7%/74%    0.000    0.001   100.0%     0.0%   2.1229   0.0636    16.7%
[STAGE-A]     79    22.5s   -0.0330     0.0%     0.0%    15.7%       24%/1%/75%    0.000 9.53e-04   100.0%     0.0%   2.2350   0.0568    32.5%
[STAGE-A]     80    22.0s   -0.1886     0.0%     0.0%    25.8%      20%/11%/69%    0.000    0.001   100.0%     0.0%   2.3234   0.0385    35.0%
[STAGE-A]   [MA20] reward=-0.0822 task_sr=0.0% miss=100.0% time_limit=65.0% v2v=73.9%
[STAGE-A]   [PPO ] p_loss=0.1474 v_loss=1.0999 entropy=2.3234 grad=2.4134 active=3.0%
[STAGE-A]   [SIM ] avg_power(a)=0.5061 rsu_q=0.000 tx=90 no_tx=24 deadlock=0 svc=0.155GHz idle=0.0%
[STAGE-A]   [CMDP] lambda(E/I/R)=(0.000/0.002/0.000) cost(E/I/R)=(0.000/0.133/0.299)
[STAGE-A] 
[STAGE-A]     Ep    Wall    R/step     T_SR     V_SR     S_SR            L/R/V   Lat(s)       En     Miss      Ill      Ent       KL     Clip
[STAGE-A] --------------------------------------------------------------------------------------------------------------------------------
[STAGE-A]     81    11.0s   -0.0690     0.0%     0.0%    15.7%       28%/5%/67%    0.000    0.003   100.0%     0.0%   2.1739   0.0289    23.2%
[STAGE-A]     82    23.0s   -0.0399     0.0%     0.0%    10.5%       33%/5%/62%    0.000 8.32e-04   100.0%     0.0%   2.1552  -0.0292     9.5%
[STAGE-A]     83    10.6s   -0.0490     0.0%     0.0%    13.3%      20%/12%/68%    0.000    0.002   100.0%     0.0%   2.0460   0.1158    40.0%
[STAGE-A]     84    23.5s   -0.0282     0.0%     0.0%    16.8%      20%/13%/67%    0.000 9.13e-04   100.0%     0.0%   2.3237  -0.0685    20.6%
[STAGE-A]     85    22.6s   -0.0423     0.0%     0.0%    18.0%       27%/7%/67%    0.000    0.002   100.0%     0.0%   2.1167  -0.0281     9.3%
[STAGE-A]     86    22.4s   -0.0394     0.0%     0.0%    17.8%      24%/10%/66%    0.000    0.001   100.0%     0.0%   2.1721   0.0230    12.5%
[STAGE-A]     87    22.2s   -0.0403     0.0%     0.0%    12.9%      25%/11%/63%    0.000 8.03e-04   100.0%     0.0%   2.0829   0.0326    18.1%
[STAGE-A]     88    22.0s   -0.0273     0.0%     0.0%    22.3%      27%/12%/61%    0.000 9.59e-04   100.0%     0.0%   2.1731   0.0680    25.0%
[STAGE-A]     89    22.3s   -0.1778     0.0%     0.0%    15.9%       30%/8%/62%    0.000 5.86e-04   100.0%     0.0%   2.0202   0.0448    50.0%
[STAGE-A]     90    24.0s   -0.1580     0.0%     0.0%    18.3%       23%/7%/69%    0.000    0.001   100.0%     0.0%   2.3258   0.0143    27.8%
[STAGE-A]   [MA20] reward=-0.0816 task_sr=0.0% miss=100.0% time_limit=75.0% v2v=69.1%
[STAGE-A]   [PPO ] p_loss=0.6674 v_loss=1.3837 entropy=2.3258 grad=3.9278 active=2.7%
[STAGE-A]   [SIM ] avg_power(a)=0.5105 rsu_q=0.000 tx=75 no_tx=25 deadlock=0 svc=0.117GHz idle=0.0%
[STAGE-A]   [CMDP] lambda(E/I/R)=(0.000/0.004/0.000) cost(E/I/R)=(0.000/0.145/0.314)
[STAGE-A]     91    22.4s   -0.0821     0.0%     0.0%    24.5%       31%/6%/63%    0.000    0.001   100.0%     0.0%   2.1755   0.1020     0.0%
[STAGE-A]     92    21.7s   -0.0522     0.0%     0.0%    25.7%      22%/15%/62%    0.000    0.001   100.0%     0.0%   2.2660  -0.0167    16.4%
[STAGE-A]     93    23.8s   -0.0933     0.0%     0.0%    20.6%      19%/13%/68%    0.000    0.001   100.0%     0.0%   2.2791  -0.0518    33.7%
[STAGE-A]     94    22.3s   -0.0671     0.0%     0.0%    28.3%      22%/18%/60%    0.000    0.002   100.0%     0.0%   2.2880  -0.0060    16.3%
[STAGE-A]     95    24.0s   -0.2861     0.0%     0.0%    15.1%      23%/10%/67%    0.000 8.16e-04   100.0%     0.0%   2.3584  -0.0039    11.1%
[STAGE-A]     96    10.8s   -0.0540     0.0%     0.0%    18.8%      19%/11%/70%    0.000    0.004   100.0%     0.0%   2.2688   0.1012    14.3%
[STAGE-A]     97    22.1s   -0.0512     0.0%     0.0%    16.2%      18%/13%/69%    0.000    0.001   100.0%     0.0%   2.2162   0.0673     0.0%
[STAGE-A]     98    21.9s   -0.5011     0.0%     0.0%    19.6%      27%/12%/61%    0.000    0.001   100.0%     0.0%   2.0376   0.1679    16.7%
[STAGE-A]     99    23.4s   -0.0310     0.0%     0.0%    21.4%      25%/15%/59%    0.000    0.001   100.0%     0.0%   2.3106   0.0239     0.0%
[STAGE-A]    100    23.2s   -0.0448     0.0%     0.0%    24.8%      31%/15%/54%    0.000    0.001   100.0%     0.0%   2.2621   0.0766    14.3%
[STAGE-A]   [MA20] reward=-0.0967 task_sr=0.0% miss=100.0% time_limit=85.0% v2v=64.2%
[STAGE-A]   [PPO ] p_loss=-0.1826 v_loss=1.0859 entropy=2.2621 grad=1.5436 active=2.8%
[STAGE-A]   [SIM ] avg_power(a)=0.5104 rsu_q=0.000 tx=67 no_tx=34 deadlock=0 svc=0.172GHz idle=0.0%
[STAGE-A]   [CMDP] lambda(E/I/R)=(0.000/0.006/0.000) cost(E/I/R)=(0.000/0.008/0.306)
[STAGE-A] 
[STAGE-A]     Ep    Wall    R/step     T_SR     V_SR     S_SR            L/R/V   Lat(s)       En     Miss      Ill      Ent       KL     Clip
[STAGE-A] --------------------------------------------------------------------------------------------------------------------------------
[STAGE-A]    101    21.8s   -0.0346     0.0%     0.0%    24.3%      27%/15%/58%    0.000    0.001   100.0%     0.0%   2.0535  -0.0460    19.3%
[STAGE-A]    102    23.0s   -0.1825     0.0%     0.0%    24.6%      28%/13%/59%    0.000    0.001   100.0%     0.0%   2.0221   0.0602    14.3%
[STAGE-A]    103    21.9s   -0.0347     0.0%     0.0%    21.0%      25%/11%/64%    0.000 9.63e-04   100.0%     0.0%   2.2043  -0.0031    29.3%
[STAGE-A]    104    18.1s   -0.0390     5.0%     5.0%    18.9%      30%/16%/54%    1.000 8.76e-04    95.0%     0.0%   2.0713   0.0209    23.1%
[STAGE-A]    105    23.0s   -0.1942     0.0%     0.0%    30.1%      23%/14%/62%    0.000    0.002   100.0%     0.0%   2.0139   0.0432     0.0%
[STAGE-A]    106    23.8s   -0.0340     0.0%     0.0%    17.4%      30%/15%/55%    0.000    0.001   100.0%     0.0%   2.4455   0.0005    35.4%
[STAGE-A]    107    21.8s   -0.0407     0.0%     0.0%    19.7%      24%/10%/66%    0.000 9.61e-04   100.0%     0.0%   2.2145   0.0780     0.0%
[STAGE-A]    108    22.6s   -0.0387     0.0%     0.0%    28.5%      26%/16%/58%    0.000    0.002   100.0%     0.0%   2.1991   0.0190     9.1%
[STAGE-A]    109    22.0s   -0.0587     0.0%     0.0%    22.9%      29%/14%/57%    0.000    0.001   100.0%     0.0%   2.1696  -0.0829    16.7%
[STAGE-A]    110    23.5s   -0.0622     0.0%     0.0%    13.0%       16%/7%/76%    0.000 8.14e-04   100.0%     0.0%   2.2506   0.0927    12.5%
[STAGE-A]   [MA20] reward=-0.0991 task_sr=0.2% miss=99.8% time_limit=90.0% v2v=62.1%
[STAGE-A]   [PPO ] p_loss=-0.0341 v_loss=1.2790 entropy=2.2506 grad=1.6783 active=2.1%
[STAGE-A]   [SIM ] avg_power(a)=0.5002 rsu_q=0.000 tx=69 no_tx=14 deadlock=0 svc=0.088GHz idle=0.0%
[STAGE-A]   [CMDP] lambda(E/I/R)=(0.000/0.000/0.000) cost(E/I/R)=(0.000/0.011/0.288)
[STAGE-A]    111    23.0s   -0.0787     0.0%     0.0%    17.6%      18%/16%/66%    0.000 8.77e-04   100.0%     0.0%   2.3765   0.0239     0.0%
[STAGE-A]    112    23.2s   -0.1704     0.0%     0.0%    19.8%      22%/13%/64%    0.000    0.002   100.0%     0.0%   2.2328  -0.0161    24.4%
[STAGE-A]    113    22.3s   -0.0804     0.0%     0.0%    26.6%      29%/17%/54%    0.000    0.002   100.0%     0.0%   1.9825   0.0405    28.7%
[STAGE-A]    114    22.8s   -0.0492     0.0%     0.0%    25.6%      26%/11%/63%    0.000    0.001   100.0%     0.0%   2.2639   0.0135     7.1%
[STAGE-A]    115    23.1s   -0.1640     0.0%     0.0%    21.8%       36%/7%/57%    0.000    0.001   100.0%     0.0%   2.1579   0.0274    25.0%
[STAGE-A]    116    22.6s   -0.0358     0.0%     0.0%    20.4%      25%/14%/61%    0.000    0.002   100.0%     0.0%   2.1740   0.0176     6.7%
[STAGE-A]    117    23.3s   -0.0531     0.0%     0.0%    14.3%      21%/15%/64%    0.000 8.12e-04   100.0%     0.0%   2.2854   0.0041     7.1%
[STAGE-A]    118    24.4s   -0.0501     0.0%     0.0%    19.8%      22%/11%/67%    0.000 9.34e-04   100.0%     0.0%   2.4618   0.0367    34.1%
[STAGE-A]    119    22.5s   -0.1015     0.0%     0.0%    28.9%      25%/16%/59%    0.000    0.001   100.0%     0.0%   2.2011   0.0460     9.1%
[STAGE-A]    120    21.2s   -0.0561     0.0%     0.0%    27.0%       32%/9%/59%    0.000    0.002   100.0%     0.0%   2.0395   0.0383    25.0%
[STAGE-A]   [MA20] reward=-0.0779 task_sr=0.2% miss=99.8% time_limit=95.0% v2v=61.2%
[STAGE-A]   [PPO ] p_loss=0.1594 v_loss=1.5912 entropy=2.0395 grad=1.5252 active=3.3%
[STAGE-A]   [SIM ] avg_power(a)=0.5145 rsu_q=0.000 tx=71 no_tx=42 deadlock=0 svc=0.193GHz idle=0.0%
[STAGE-A]   [CMDP] lambda(E/I/R)=(0.000/0.000/0.000) cost(E/I/R)=(0.000/0.017/0.284)
[STAGE-A] 
[STAGE-A]     Ep    Wall    R/step     T_SR     V_SR     S_SR            L/R/V   Lat(s)       En     Miss      Ill      Ent       KL     Clip
[STAGE-A] --------------------------------------------------------------------------------------------------------------------------------
[STAGE-A]    121    22.0s   -0.0317     0.0%     0.0%    19.3%       32%/9%/59%    0.000    0.001   100.0%     0.0%   2.1789  -0.0345    20.6%
[STAGE-A]    122    22.8s   -0.0863     0.0%     0.0%    22.1%      28%/14%/58%    1.200    0.001   100.0%     0.0%   2.4844   0.0633    33.3%
[STAGE-A]    123    23.1s   -0.3480     0.0%     0.0%    26.0%      32%/12%/56%    0.000    0.002   100.0%     0.0%   2.1291   0.0208     0.0%
[STAGE-A]    124    22.3s   -0.0965     0.0%     0.0%    26.4%      25%/10%/65%    0.000    0.002   100.0%     0.0%   2.1822   0.0471    11.1%
[STAGE-A]    125    21.3s   -0.0925     0.0%     0.0%    33.3%      32%/13%/55%    0.000    0.003   100.0%     0.0%   1.9785   0.0229    37.4%
[STAGE-A]    126    10.9s   -0.0726     0.0%     0.0%    17.2%       30%/9%/61%    0.000    0.002   100.0%     0.0%   2.1400   0.0044    15.4%
[STAGE-A]    127    10.3s   -0.1771     0.0%     0.0%    18.6%      24%/15%/62%    0.000    0.002   100.0%     0.0%   2.0739   0.0285     7.1%
[STAGE-A]    128    22.5s   -0.0293     0.0%     0.0%    22.8%      25%/12%/63%    0.000    0.001   100.0%     0.0%   2.1355   0.0675    28.6%
[STAGE-A]    129    22.5s   -0.0480     0.0%     0.0%    12.7%       31%/1%/68%    0.000 9.75e-04   100.0%     0.0%   1.9881   0.0435     8.3%
[STAGE-A]    130    23.5s   -0.0722     0.0%     0.0%    17.1%      30%/10%/60%    0.000    0.001   100.0%     0.0%   2.3133   0.0974    25.0%
[STAGE-A]   [MA20] reward=-0.0947 task_sr=0.0% miss=100.0% time_limit=90.0% v2v=61.1%
[STAGE-A]   [PPO ] p_loss=0.1870 v_loss=1.3156 entropy=2.3133 grad=1.8617 active=2.2%
[STAGE-A]   [SIM ] avg_power(a)=0.5210 rsu_q=0.000 tx=56 no_tx=27 deadlock=0 svc=0.087GHz idle=0.5%
[STAGE-A]   [CMDP] lambda(E/I/R)=(0.000/0.000/0.000) cost(E/I/R)=(0.000/0.038/0.319)
[STAGE-A]    131    22.8s   -0.0914     0.0%     0.0%    21.4%       29%/8%/63%    0.000    0.002   100.0%     0.0%   2.1275  -0.0344     9.5%
[STAGE-A]    132    23.0s   -0.0703     0.0%     0.0%    20.2%       29%/8%/63%    0.000    0.001   100.0%     0.0%   2.1245   0.0581     0.0%
[STAGE-A]    133    24.4s   -0.0490     0.0%     0.0%    10.3%       21%/7%/72%    0.000 7.24e-04   100.0%     0.0%   2.4847  -0.0394    14.8%
[STAGE-A]    134    23.5s   -0.0945     0.0%     0.0%    13.1%       17%/5%/77%    0.000 8.19e-04   100.0%     0.0%   2.2795  -0.1105    41.7%
[STAGE-A]    135    22.5s   -0.1922     0.0%     0.0%    17.9%       35%/7%/58%    0.000    0.001   100.0%     0.0%   1.8127   0.0681     0.0%
[STAGE-A]    136    24.6s   -0.0593     0.0%     0.0%    12.0%       23%/3%/73%    0.000    0.001   100.0%     0.0%   2.5314   0.0545    25.0%
[STAGE-A]    137    23.1s   -0.0616     0.0%     0.0%    20.8%       29%/6%/65%    0.000    0.001   100.0%     0.0%   2.4052   0.0247    33.3%
[STAGE-A]    138    18.5s   -0.0405     0.0%     0.0%    28.0%       36%/5%/59%    0.000    0.002   100.0%     0.0%   2.1219   0.1031    27.3%
[STAGE-A]    139    21.6s   -0.0492     5.0%     5.0%    27.0%       42%/3%/55%    1.000    0.002    95.0%     0.0%   2.0747   0.0453    16.7%
[STAGE-A]    140    22.6s   -0.0487     0.0%     0.0%    17.2%       36%/5%/59%    0.000 8.18e-04   100.0%     0.0%   2.1254   0.0581     0.0%
[STAGE-A]   [MA20] reward=-0.0905 task_sr=0.2% miss=99.8% time_limit=85.0% v2v=62.6%
[STAGE-A]   [PPO ] p_loss=-0.0890 v_loss=5.4293 entropy=2.1254 grad=111.0035 active=2.3%
[STAGE-A]   [SIM ] avg_power(a)=0.5226 rsu_q=0.000 tx=55 no_tx=33 deadlock=0 svc=0.108GHz idle=0.0%
[STAGE-A]   [CMDP] lambda(E/I/R)=(0.000/0.000/0.000) cost(E/I/R)=(0.000/0.024/0.316)
[STAGE-A] 
[STAGE-A]     Ep    Wall    R/step     T_SR     V_SR     S_SR            L/R/V   Lat(s)       En     Miss      Ill      Ent       KL     Clip
[STAGE-A] --------------------------------------------------------------------------------------------------------------------------------
[STAGE-A]    141    24.1s   -0.2644     0.0%     0.0%    18.5%       29%/8%/63%    0.000 9.52e-04   100.0%     0.0%   2.4238   0.1649    28.6%
[STAGE-A]    142    22.9s   -0.0308     0.0%     0.0%    16.6%       27%/5%/67%    0.000    0.001   100.0%     0.0%   2.2591   0.0356    15.5%
[STAGE-A]    143    22.4s   -0.0433     0.0%     0.0%    21.4%       29%/7%/64%    0.000    0.001   100.0%     0.0%   2.0806   0.0337     7.1%
[STAGE-A]    144    21.4s   -0.0434     0.0%     0.0%    22.6%      32%/10%/58%    0.000    0.001   100.0%     0.0%   2.0541   0.0611     0.0%
[STAGE-A]    145    22.6s   -0.0275     0.0%     0.0%    16.2%       38%/3%/59%    0.000 7.62e-04   100.0%     0.0%   2.2465  -0.0058     3.3%
[STAGE-A]    146    23.1s   -0.0877     0.0%     0.0%    19.9%       29%/8%/63%    0.000    0.001   100.0%     0.0%   2.3257   0.0222    33.3%
[STAGE-A]    147    22.7s   -0.0381     0.0%     0.0%    11.7%       25%/6%/69%    0.000 7.42e-04   100.0%     0.0%   2.1342   0.0938    11.1%
[STAGE-A]    148    22.0s   -0.0483     0.0%     0.0%    23.1%      32%/12%/55%    0.000    0.001   100.0%     0.0%   2.0056   0.0546    22.6%
[STAGE-A]    149    22.5s   -0.0970     0.0%     0.0%    16.4%       27%/3%/70%    0.000 7.35e-04   100.0%     0.0%   2.1129   0.0903     0.0%
[STAGE-A]    150    22.1s   -0.0468     0.0%     0.0%    15.4%      19%/15%/66%    0.000    0.001   100.0%     0.0%   2.0088   0.1477    62.5%
[STAGE-A]   [MA20] reward=-0.0742 task_sr=0.2% miss=99.8% time_limit=95.0% v2v=64.0%
[STAGE-A]   [PPO ] p_loss=-0.1015 v_loss=9.5923 entropy=2.0088 grad=39.6675 active=2.3%
[STAGE-A]   [SIM ] avg_power(a)=0.5209 rsu_q=0.000 tx=61 no_tx=17 deadlock=0 svc=0.121GHz idle=0.0%
[STAGE-A]   [CMDP] lambda(E/I/R)=(0.000/0.000/0.000) cost(E/I/R)=(0.000/0.010/0.316)
[STAGE-A]    151    23.6s   -0.0268     0.0%     0.0%    11.3%       32%/3%/66%    0.000 8.97e-04   100.0%     0.0%   2.4045   0.1243     0.0%
[STAGE-A]    152    24.1s   -0.0299     0.0%     0.0%    14.0%       24%/6%/71%    0.000    0.001   100.0%     0.0%   2.1642   0.1088     0.0%
[STAGE-A]    153    22.1s   -0.0348     0.0%     0.0%    17.8%      25%/10%/66%    0.000 8.78e-04   100.0%     0.0%   2.2645  -0.0265    12.2%
[STAGE-A]    154    22.5s   -0.0926     0.0%     0.0%    21.7%       30%/8%/62%    0.000    0.001   100.0%     0.0%   1.9507   0.0323    21.4%
[STAGE-A]    155    24.2s   -0.0724     0.0%     0.0%    13.6%       17%/5%/78%    0.000 8.05e-04   100.0%     0.0%   2.2993  -0.0186     9.8%
[STAGE-A]    156    23.5s   -0.1029     0.0%     0.0%    18.1%      24%/10%/66%    0.000 9.93e-04   100.0%     0.0%   2.3476   0.0322    11.4%
[STAGE-A]    157    23.0s   -0.0489     0.0%     0.0%    13.4%       29%/8%/63%    0.000 8.80e-04   100.0%     0.0%   2.1071   0.0154     0.0%
[STAGE-A]    158    22.7s   -0.0889     0.0%     0.0%    16.9%      28%/11%/61%    0.000    0.001   100.0%     0.0%   2.1493   0.0005     0.0%
[STAGE-A]    159    23.5s   -0.1556     0.0%     0.0%    17.6%       32%/6%/61%    0.000    0.001   100.0%     0.0%   2.3607   0.0174    13.9%
[STAGE-A]    160    22.2s   -0.0332     0.0%     0.0%    23.7%      42%/10%/48%    0.000 8.13e-04   100.0%     0.0%   1.9643   0.0373    16.7%
[STAGE-A]   [MA20] reward=-0.0707 task_sr=0.0% miss=100.0% time_limit=100.0% v2v=63.8%
[STAGE-A]   [PPO ] p_loss=-0.0638 v_loss=1.1474 entropy=1.9643 grad=2.6460 active=2.5%
[STAGE-A]   [SIM ] avg_power(a)=0.5235 rsu_q=0.000 tx=55 no_tx=42 deadlock=0 svc=0.138GHz idle=0.0%
[STAGE-A]   [CMDP] lambda(E/I/R)=(0.000/0.000/0.000) cost(E/I/R)=(0.000/0.005/0.275)
[STAGE-A] 
[STAGE-A]     Ep    Wall    R/step     T_SR     V_SR     S_SR            L/R/V   Lat(s)       En     Miss      Ill      Ent       KL     Clip
[STAGE-A] --------------------------------------------------------------------------------------------------------------------------------
[STAGE-A]    161    22.1s   -0.0391     0.0%     0.0%    21.9%      24%/13%/64%    0.000 9.96e-04   100.0%     0.0%   1.9598  -0.0426    10.0%
[STAGE-A]    162    23.2s   -0.0455     0.0%     0.0%    19.7%       32%/8%/61%    0.000    0.001   100.0%     0.0%   2.1319   0.0280     8.3%
[STAGE-A]    163    24.0s   -0.0300     0.0%     0.0%    13.0%       28%/5%/68%    0.000    0.001   100.0%     0.0%   2.1644   0.0566     8.3%
[STAGE-A]    164    22.7s   -0.0282     0.0%     0.0%    20.7%       35%/5%/59%    0.000    0.001   100.0%     0.0%   2.0191   0.0450    13.7%
[STAGE-A]    165    22.6s   -0.0891     5.0%     5.0%    21.7%       35%/7%/58%    0.800    0.001    95.0%     0.0%   2.0871   0.0441    19.4%
[STAGE-A]    166    21.2s   -0.0425    10.0%    10.0%    32.8%       43%/9%/48%    1.350    0.002    90.0%     0.0%   1.9121   0.0009    27.5%
[STAGE-A]    167    23.2s   -0.0369     0.0%     0.0%    26.7%       46%/8%/47%    0.000    0.002   100.0%     0.0%   1.8344   0.0400    20.0%
[STAGE-A]    168    21.2s   -0.0531     0.0%     0.0%    31.1%      46%/10%/44%    0.000    0.002   100.0%     0.0%   1.8739   0.0399    25.0%
[STAGE-A]    169    23.2s   -0.0915     0.0%     0.0%    21.7%       45%/8%/47%    0.000    0.001   100.0%     0.0%   1.7286   0.1873    25.0%
[STAGE-A]    170    13.2s   -0.0979     0.0%     0.0%    25.8%       44%/5%/51%    0.000    0.002   100.0%     0.0%   1.7787   0.0550    25.8%
[STAGE-A]   [MA20] reward=-0.0620 task_sr=0.8% miss=99.2% time_limit=95.0% v2v=59.4%
[STAGE-A]   [PPO ] p_loss=-0.2352 v_loss=1.2328 entropy=1.7787 grad=6.8358 active=4.5%
[STAGE-A]   [SIM ] avg_power(a)=0.5158 rsu_q=0.000 tx=56 no_tx=47 deadlock=0 svc=0.275GHz idle=0.8%
[STAGE-A]   [CMDP] lambda(E/I/R)=(0.000/0.000/0.000) cost(E/I/R)=(0.000/0.030/0.246)
[STAGE-A]    171    21.5s   -0.0297     5.0%     5.0%    32.5%      50%/10%/39%    0.900    0.002    95.0%     0.0%   1.4565   0.0760    16.7%
[STAGE-A]    172    21.2s   -0.0825     0.0%     0.0%    28.3%       51%/6%/42%    0.000    0.002   100.0%     0.0%   1.8649   0.0844    25.0%
[STAGE-A]    173    20.8s   -0.4543     5.0%     5.0%    39.6%      46%/16%/38%    1.300    0.001    95.0%     0.0%   1.7816   0.0255    14.3%
[STAGE-A]    174    23.3s   -0.0321     0.0%     0.0%    15.0%       43%/5%/52%    0.000 5.75e-04   100.0%     0.0%   1.8899  -0.0303     6.2%
[STAGE-A]    175    10.2s   -0.3796     0.0%     0.0%    38.2%       55%/7%/38%    1.800    0.004   100.0%     0.0%   1.5045   0.0174    15.5%
[STAGE-A]    176    21.8s   -0.0527     5.0%     5.0%    39.3%       61%/8%/31%    1.000    0.003    95.0%     0.0%   1.4977  -0.0022    27.4%
[STAGE-A]    177    16.3s   -0.0547     0.0%     0.0%    48.0%       61%/7%/32%    0.000    0.004   100.0%     0.0%   1.3373   0.0408     9.5%
[STAGE-A]    178    19.3s   -0.0424    10.0%    10.0%    58.0%       69%/8%/23%    1.000    0.003    90.0%     0.0%   1.4346  -0.0044    16.1%
[STAGE-A]    179    21.4s   -0.0366    10.0%    10.0%    34.4%       62%/6%/32%    1.200    0.002    90.0%     0.0%   1.5012   0.0506     0.0%
[STAGE-A]    180    20.3s   -0.0287     5.0%     5.0%    41.2%       67%/7%/26%    1.000    0.002    95.0%     0.0%   1.3349   0.1559    33.3%
[STAGE-A]   [MA20] reward=-0.0874 task_sr=2.8% miss=97.2% time_limit=85.0% v2v=45.0%
[STAGE-A]   [PPO ] p_loss=1.3634 v_loss=1.2212 entropy=1.3349 grad=6.4203 active=3.4%
[STAGE-A]   [SIM ] avg_power(a)=0.5086 rsu_q=0.000 tx=37 no_tx=91 deadlock=0 svc=0.270GHz idle=0.0%
[STAGE-A]   [CMDP] lambda(E/I/R)=(0.000/0.000/0.000) cost(E/I/R)=(0.000/0.000/0.159)
[STAGE-A]   → Best model saved: Success Rate = 0.012 (50-ep avg)
[STAGE-A] 
[STAGE-A]     Ep    Wall    R/step     T_SR     V_SR     S_SR            L/R/V   Lat(s)       En     Miss      Ill      Ent       KL     Clip
[STAGE-A] --------------------------------------------------------------------------------------------------------------------------------
[STAGE-A]    181    21.5s   -0.0446     0.0%     0.0%    40.7%       64%/5%/31%    0.000    0.002   100.0%     0.0%   1.2842   0.0721    25.0%
[STAGE-A]    182    20.2s   -0.0598     5.0%     5.0%    48.0%       66%/5%/29%    0.800    0.003    95.0%     0.0%   1.2990   0.1060    14.3%
[STAGE-A]    183    23.2s   -0.1393     5.0%     5.0%    32.2%       58%/7%/35%    1.300    0.002    95.0%     0.0%   1.6822   0.0371    12.5%
[STAGE-A]    184    23.0s   -0.1545    10.0%    10.0%    34.6%       59%/8%/33%    1.200    0.002    90.0%     0.0%   1.5390  -0.0027    24.0%
[STAGE-A]    185    19.2s   -0.0687     5.0%     5.0%    48.1%       63%/8%/29%    1.000    0.003    95.0%     0.0%   1.2775   0.1030     8.3%
[STAGE-A]    186    18.9s   -0.0397     5.0%     5.0%    57.6%       70%/5%/25%    1.400    0.003    95.0%     0.0%   1.2743  -0.0107     8.6%
[STAGE-A]    187    21.4s   -0.0463    10.0%    10.0%    39.3%       60%/7%/33%    0.950    0.003    90.0%     0.0%   1.3417   0.0142     5.6%
[STAGE-A]    188    20.2s   -0.2247     5.0%     5.0%    53.2%       65%/8%/27%    1.350    0.002    95.0%     0.0%   1.3003   0.0344    18.2%
[STAGE-A]    189    19.1s   -0.0291    15.0%    15.0%    57.9%       66%/9%/25%    1.167    0.004    85.0%     0.0%   1.4168   0.0743     7.7%
[STAGE-A]    190    21.3s   -0.0290     0.0%     0.0%    47.2%      60%/10%/30%    0.000    0.003   100.0%     0.0%   1.4854   0.0911     7.7%
[STAGE-A]   [MA20] reward=-0.1014 task_sr=5.0% miss=95.0% time_limit=90.0% v2v=32.5%
[STAGE-A]   [PPO ] p_loss=0.0358 v_loss=1.2349 entropy=1.4854 grad=22.1103 active=4.0%
[STAGE-A]   [SIM ] avg_power(a)=0.5123 rsu_q=0.000 tx=60 no_tx=95 deadlock=0 svc=0.319GHz idle=0.0%
[STAGE-A]   [CMDP] lambda(E/I/R)=(0.000/0.000/0.000) cost(E/I/R)=(0.000/0.000/0.173)
[STAGE-A]    191    19.4s   -0.0968     0.0%     0.0%    52.7%      59%/10%/31%    0.000    0.004   100.0%     0.0%   1.3122   0.1447    28.6%
[STAGE-A]    192    19.9s   -0.0373     0.0%     0.0%    53.4%       66%/6%/28%    0.000    0.004   100.0%     0.0%   1.4072   0.0223    15.4%
[STAGE-A]    193    18.4s   -0.0986     5.0%     5.0%    57.4%       70%/4%/25%    1.400    0.003    95.0%     0.0%   1.3148   0.1100     9.1%
[STAGE-A]    194    20.3s   -0.0559     0.0%     0.0%    52.3%       62%/7%/31%    0.000    0.002   100.0%     0.0%   1.2859   0.0506    14.3%
[STAGE-A]    195    21.2s   -0.1548     5.0%     5.0%    34.2%       57%/8%/34%    1.100    0.002    95.0%     0.0%   1.3097  -0.0097    21.4%
[STAGE-A]    196    22.3s   -0.3622     0.0%     0.0%    42.3%       66%/4%/30%    0.000    0.002   100.0%     0.0%   1.3391   0.0308     0.0%
[STAGE-A]    197    21.2s   -0.1047    10.0%    10.0%    44.7%       68%/3%/29%    0.950    0.003    90.0%     0.0%   1.0671   0.0315     0.0%
[STAGE-A]    198    21.4s   -0.0804     0.0%     0.0%    43.6%       62%/7%/31%    0.000    0.002   100.0%     0.0%   1.5889   0.0644    27.3%
[STAGE-A]    199    20.4s   -0.0268     5.0%     5.0%    48.8%       64%/9%/27%    1.100    0.003    95.0%     0.0%   1.4735  -0.0163    16.7%
[STAGE-A]    200    20.0s   -0.0321     5.0%     5.0%    47.2%       63%/9%/28%    0.800    0.003    95.0%     0.0%   1.2093   0.1192     7.7%
[STAGE-A]   [MA20] reward=-0.0943 task_sr=4.5% miss=95.5% time_limit=100.0% v2v=29.6%
[STAGE-A]   [PPO ] p_loss=0.1281 v_loss=1.0246 entropy=1.2093 grad=9.1798 active=4.0%
[STAGE-A]   [SIM ] avg_power(a)=0.5127 rsu_q=0.000 tx=48 no_tx=102 deadlock=0 svc=0.312GHz idle=0.0%
[STAGE-A]   [CMDP] lambda(E/I/R)=(0.000/0.000/0.000) cost(E/I/R)=(0.000/0.002/0.165)
[STAGE-A]   → Best model saved: Success Rate = 0.029 (50-ep avg)
[STAGE-A] 
[STAGE-A]     Ep    Wall    R/step     T_SR     V_SR     S_SR            L/R/V   Lat(s)       En     Miss      Ill      Ent       KL     Clip
[STAGE-A] --------------------------------------------------------------------------------------------------------------------------------
[STAGE-A]    201    19.4s   -0.0481     5.0%     5.0%    47.5%       60%/9%/31%    1.000    0.003    95.0%     0.0%   1.4331   0.1853    28.6%
[STAGE-A]    202    21.1s   -0.0273     0.0%     0.0%    38.1%       61%/6%/33%    0.000    0.002   100.0%     0.0%   1.5548  -0.0407    14.6%
[STAGE-A]    203    21.6s   -0.2010     0.0%     0.0%    43.3%      54%/10%/36%    0.000    0.003   100.0%     0.0%   1.8102   0.0588    20.0%
[STAGE-A]    204    21.1s   -0.0305     0.0%     0.0%    30.3%       48%/8%/44%    0.000    0.002   100.0%     0.0%   1.6329  -0.0104    25.0%
[STAGE-A]    205    21.3s   -0.2756    10.0%    10.0%    43.1%       59%/8%/33%    0.850    0.003    90.0%     0.0%   1.7330   0.0988    18.8%
[STAGE-A]    206    21.5s   -0.1316     0.0%     0.0%    41.4%       56%/9%/35%    0.000    0.002   100.0%     0.0%   1.5533  -0.0096    14.2%
[STAGE-A]    207    22.1s   -0.0664     0.0%     0.0%    35.9%      55%/11%/34%    1.500    0.001   100.0%     0.0%   1.6716   0.0252    14.4%
[STAGE-A]    208    21.1s   -0.0364     0.0%     0.0%    38.0%       55%/8%/37%    0.000    0.002   100.0%     0.0%   1.4013   0.0691     0.0%
[STAGE-A]    209    21.8s   -0.0962     0.0%     0.0%    38.4%       55%/9%/36%    0.000    0.002   100.0%     0.0%   1.5581  -0.0212    15.6%
[STAGE-A]    210    19.9s   -0.0387     5.0%     5.0%    22.4%       53%/7%/40%    1.000    0.002    95.0%     0.0%   1.6256   0.0645    25.0%
[STAGE-A]   [MA20] reward=-0.1001 task_sr=2.5% miss=97.5% time_limit=95.0% v2v=32.7%
[STAGE-A]   [PPO ] p_loss=0.2823 v_loss=1.2303 entropy=1.6256 grad=31.8896 active=2.8%
[STAGE-A]   [SIM ] avg_power(a)=0.5099 rsu_q=0.000 tx=45 no_tx=52 deadlock=0 svc=0.173GHz idle=0.6%
[STAGE-A]   [CMDP] lambda(E/I/R)=(0.000/0.000/0.000) cost(E/I/R)=(0.000/0.005/0.203)
[STAGE-A]   → Best model saved: Success Rate = 0.033 (50-ep avg)
[STAGE-A]    211    20.7s   -0.0845     0.0%     0.0%    28.7%       54%/9%/37%    0.000    0.001   100.0%     0.0%   1.5102   0.0296    25.0%
[STAGE-A]    212    22.0s   -0.1349    10.0%    10.0%    39.3%       59%/8%/34%    1.350    0.002    90.0%     0.0%   1.3902   0.0324     0.0%
[STAGE-A]    213    21.3s   -0.2292     0.0%     0.0%    46.3%      59%/12%/30%    0.000    0.003   100.0%     0.0%   1.6965   0.0797    18.2%
[STAGE-A]    214    21.7s   -0.0611     0.0%     0.0%    40.5%       60%/5%/35%    0.000    0.003   100.0%     0.0%   1.5646   0.0464    10.0%
[STAGE-A]    215    22.1s   -0.0319     0.0%     0.0%    32.4%       56%/5%/39%    0.000    0.002   100.0%     0.0%   1.4748  -0.0392    11.1%
[STAGE-A]    216    20.5s   -0.0391     0.0%     0.0%    39.1%       58%/7%/34%    0.000    0.002   100.0%     0.0%   1.6185   0.0705    10.0%
[STAGE-A]    217    22.3s   -0.0363     0.0%     0.0%    40.1%      54%/10%/36%    0.000    0.003   100.0%     0.0%   1.6108   0.0753    18.8%
[STAGE-A]    218    19.9s   -0.0381     0.0%     0.0%    53.1%      59%/10%/31%    0.000    0.003   100.0%     0.0%   1.8440   0.0311    33.3%
[STAGE-A]    219    20.3s   -0.0369     0.0%     0.0%    42.3%       54%/9%/36%    0.000    0.003   100.0%     0.0%   1.5908  -0.0213    23.5%
[STAGE-A]    220    20.5s   -0.0890     5.0%     5.0%    56.1%      60%/10%/30%    1.000    0.003    95.0%     0.0%   1.6301   0.2273    28.6%
[STAGE-A]   [MA20] reward=-0.0866 task_sr=1.8% miss=98.2% time_limit=95.0% v2v=35.1%
[STAGE-A]   [PPO ] p_loss=0.5614 v_loss=1.1949 entropy=1.6301 grad=4.0814 active=5.0%
[STAGE-A]   [SIM ] avg_power(a)=0.5086 rsu_q=0.000 tx=66 no_tx=119 deadlock=0 svc=0.396GHz idle=0.0%
[STAGE-A]   [CMDP] lambda(E/I/R)=(0.000/0.000/0.000) cost(E/I/R)=(0.000/0.008/0.182)
[STAGE-A] 
[STAGE-A]     Ep    Wall    R/step     T_SR     V_SR     S_SR            L/R/V   Lat(s)       En     Miss      Ill      Ent       KL     Clip
[STAGE-A] --------------------------------------------------------------------------------------------------------------------------------
[STAGE-A]    221    22.0s   -0.0494     0.0%     0.0%    34.2%       52%/8%/40%    0.000    0.002   100.0%     0.0%   1.6759   0.1905    33.3%
[STAGE-A]    222    20.0s   -0.0319     0.0%     0.0%    45.2%      59%/10%/31%    0.000    0.002   100.0%     0.0%   1.5205   0.0030    18.2%
[STAGE-A]    223    22.3s   -0.0688     5.0%     5.0%    31.5%       53%/9%/38%    1.000    0.002    95.0%     0.0%   1.6273   0.2326    33.3%
[STAGE-A]    224    22.0s   -0.0614     0.0%     0.0%    40.0%      53%/11%/36%    0.000    0.003   100.0%     0.0%   1.6834   0.0471    34.5%
[STAGE-A]    225    23.8s   -0.0358     0.0%     0.0%    19.0%       42%/7%/52%    0.000    0.001   100.0%     0.0%   1.7713   0.0977    25.0%
[STAGE-A]    226    22.8s   -0.5564     0.0%     0.0%    33.9%       54%/7%/39%    0.000    0.002   100.0%     0.0%   1.8266   0.0059     9.9%
[STAGE-A]    227    21.5s   -0.0432     5.0%     5.0%    27.8%       51%/8%/41%    1.000 7.73e-04    95.0%     0.0%   1.6206   0.1608    22.2%
[STAGE-A]    228    21.0s   -0.4138     0.0%     0.0%    38.9%       53%/9%/38%    0.000    0.002   100.0%     0.0%   1.3993   0.0623    22.2%
[STAGE-A]    229    21.6s   -0.3604     0.0%     0.0%    25.3%       46%/9%/45%    0.000    0.001   100.0%     0.0%   1.4832   0.1111    28.6%
[STAGE-A]    230    21.2s   -0.0685     0.0%     0.0%    37.7%      46%/12%/42%    0.000    0.002   100.0%     0.0%   1.9257   0.0596    12.5%
[STAGE-A]   [MA20] reward=-0.1235 task_sr=1.2% miss=98.8% time_limit=100.0% v2v=37.2%
[STAGE-A]   [PPO ] p_loss=-0.2294 v_loss=1.0995 entropy=1.9257 grad=1.3258 active=3.2%
[STAGE-A]   [SIM ] avg_power(a)=0.5164 rsu_q=0.000 tx=64 no_tx=59 deadlock=0 svc=0.231GHz idle=0.0%
[STAGE-A]   [CMDP] lambda(E/I/R)=(0.000/0.004/0.000) cost(E/I/R)=(0.000/0.004/0.205)
[STAGE-A]    231    19.7s   -0.1901     0.0%     0.0%    45.6%      53%/14%/34%    1.400    0.003   100.0%     0.0%   1.6096   0.1356    20.0%
[STAGE-A]    232    23.5s   -0.0759     5.0%     5.0%    23.8%       46%/4%/50%    0.900    0.001    95.0%     0.0%   1.9019   0.0460     0.0%
[STAGE-A]    233    21.2s   -0.0442     5.0%     5.0%    29.7%      50%/10%/40%    1.000    0.002    95.0%     0.0%   1.6114   0.1146    25.0%
[STAGE-A]    234    21.5s   -0.1369     0.0%     0.0%    35.3%      48%/12%/41%    0.000    0.002   100.0%     0.0%   1.9214   0.1667    44.4%
[STAGE-A]    235    21.5s   -0.0406     0.0%     0.0%    21.0%       46%/6%/48%    0.000    0.002   100.0%     0.0%   2.2699   0.6438   100.0%
[STAGE-A]    236    22.3s   -0.2572     0.0%     0.0%    27.7%      39%/13%/48%    0.000    0.002   100.0%     0.0%   1.7804   0.1031    25.0%
[STAGE-A]    237    21.1s   -0.0578     0.0%     0.0%    36.0%      49%/11%/40%    0.000    0.002   100.0%     0.0%   1.7416  -0.0244    21.1%
[STAGE-A]    238    23.0s   -0.0310     0.0%     0.0%    24.5%       40%/9%/51%    0.000    0.001   100.0%     0.0%   1.9148   0.0099    35.0%
[STAGE-A]    239    21.5s   -0.0875     5.0%     5.0%    34.0%      46%/10%/44%    1.400    0.002    95.0%     0.0%   1.8287  -0.0020    24.8%
[STAGE-A]    240    21.3s   -0.1369     5.0%     5.0%    31.1%      46%/15%/39%    1.100    0.002    95.0%     0.0%   2.0104   0.0338     0.0%
[STAGE-A]   [MA20] reward=-0.1374 task_sr=1.5% miss=98.5% time_limit=95.0% v2v=41.8%
[STAGE-A]   [PPO ] p_loss=-0.2081 v_loss=3.8334 entropy=2.0104 grad=61.4495 active=2.9%
[STAGE-A]   [SIM ] avg_power(a)=0.5179 rsu_q=0.000 tx=49 no_tx=52 deadlock=0 svc=0.181GHz idle=0.0%
[STAGE-A]   [CMDP] lambda(E/I/R)=(0.000/0.001/0.000) cost(E/I/R)=(0.000/0.090/0.265)
[STAGE-A] 
[STAGE-A]     Ep    Wall    R/step     T_SR     V_SR     S_SR            L/R/V   Lat(s)       En     Miss      Ill      Ent       KL     Clip
[STAGE-A] --------------------------------------------------------------------------------------------------------------------------------
[STAGE-A]    241    22.0s   -0.0446     0.0%     0.0%    34.0%       46%/9%/45%    0.000    0.002   100.0%     0.0%   1.7502  -0.0520    30.0%
[STAGE-A]    242    20.3s   -0.0647    10.0%    10.0%    47.6%      60%/10%/30%    0.950    0.003    90.0%     0.0%   1.7519   0.0763    11.0%
[STAGE-A]    243    21.9s   -0.0604     0.0%     0.0%    42.4%      45%/12%/44%    0.000    0.003   100.0%     0.0%   1.9376   0.0329    21.7%
[STAGE-A]    244    22.7s   -0.0719     5.0%     5.0%    18.9%      43%/11%/47%    0.900 8.87e-04    95.0%     0.0%   1.8075  -0.0652     8.3%
[STAGE-A]    245    21.5s   -0.0306     0.0%     0.0%    36.1%       51%/9%/40%    0.000    0.003   100.0%     0.0%   1.9352   0.0224     0.0%
[STAGE-A]    246    22.8s   -0.1518     0.0%     0.0%    15.8%       37%/9%/53%    0.000    0.001   100.0%     0.0%   2.0411   0.0432    20.0%
[STAGE-A]    247    20.8s   -0.0392     0.0%     0.0%    37.1%      54%/11%/34%    0.000    0.002   100.0%     0.0%   1.6950   0.0292    36.4%
[STAGE-A]    248    21.7s   -0.0405     5.0%     5.0%    38.0%      41%/12%/46%    1.400    0.002    95.0%     0.0%   1.7907  -0.0203    28.0%
[STAGE-A]    249    20.8s   -0.1063     5.0%     5.0%    33.5%       57%/9%/34%    1.200    0.002    95.0%     0.0%   1.6789   0.0663     8.3%
[STAGE-A]    250    22.6s   -0.1200     0.0%     0.0%    24.8%       47%/6%/46%    0.000    0.002   100.0%     0.0%   1.8741   0.0774    25.0%
[STAGE-A]   [MA20] reward=-0.0894 task_sr=2.2% miss=97.7% time_limit=95.0% v2v=42.8%
[STAGE-A]   [PPO ] p_loss=-0.0624 v_loss=1.1081 entropy=1.8741 grad=1.0314 active=2.8%
[STAGE-A]   [SIM ] avg_power(a)=0.5260 rsu_q=0.000 tx=55 no_tx=53 deadlock=0 svc=0.165GHz idle=0.0%
[STAGE-A]   [CMDP] lambda(E/I/R)=(0.000/0.000/0.000) cost(E/I/R)=(0.000/0.055/0.200)
[STAGE-A]    251    22.4s   -0.0670     5.0%     5.0%    32.9%      52%/12%/36%    1.000    0.002    95.0%     0.0%   1.9962   0.0991    22.2%
[STAGE-A]    252    21.4s   -0.2533     0.0%     0.0%    31.6%      51%/11%/38%    0.000    0.002   100.0%     0.0%   1.6217   0.0386    21.4%
[STAGE-A]    253    21.9s   -0.0678     5.0%     5.0%    38.4%      49%/16%/36%    1.350    0.002    95.0%     0.0%   1.6531   0.1028    12.5%
[STAGE-A]    254    19.4s   -0.1388     5.0%     5.0%    50.2%       61%/9%/30%    1.050    0.003    95.0%     0.0%   1.6986   0.0865    10.0%
[STAGE-A]    255    22.0s   -0.0636     0.0%     0.0%    37.4%      50%/11%/39%    0.000    0.002   100.0%     0.0%   1.3345   0.0484     0.0%
[STAGE-A]    256    17.9s   -0.0335     0.0%     0.0%    34.0%      49%/11%/39%    0.000    0.002   100.0%     0.0%   1.5938   0.0330    30.0%
[STAGE-A]    257    22.8s   -0.0295     0.0%     0.0%    34.5%       56%/7%/38%    0.000    0.002   100.0%     0.0%   1.6387   0.1029    23.7%
[STAGE-A]    258    21.6s   -0.0380     5.0%     5.0%    35.8%      54%/11%/35%    0.900    0.002    95.0%     0.0%   1.5095   0.2630    33.3%
[STAGE-A]    259    21.1s   -0.1456     0.0%     0.0%    40.7%       58%/8%/34%    0.000    0.002   100.0%     0.0%   1.4773   0.0852    45.5%
[STAGE-A]    260    19.1s   -0.0275    10.0%    10.0%    57.1%      59%/15%/26%    0.950    0.003    90.0%     0.0%   1.4663   0.0505    12.5%
[STAGE-A]   [MA20] reward=-0.0797 task_sr=2.8% miss=97.2% time_limit=95.0% v2v=38.6%
[STAGE-A]   [PPO ] p_loss=0.0917 v_loss=2.1782 entropy=1.4663 grad=21.4498 active=4.3%
[STAGE-A]   [SIM ] avg_power(a)=0.5330 rsu_q=0.000 tx=66 no_tx=102 deadlock=0 svc=0.367GHz idle=0.0%
[STAGE-A]   [CMDP] lambda(E/I/R)=(0.000/0.000/0.000) cost(E/I/R)=(0.000/0.000/0.144)
[STAGE-A] 
[STAGE-A]     Ep    Wall    R/step     T_SR     V_SR     S_SR            L/R/V   Lat(s)       En     Miss      Ill      Ent       KL     Clip
[STAGE-A] --------------------------------------------------------------------------------------------------------------------------------
[STAGE-A]    261    24.8s   -0.4675     0.0%     0.0%    33.2%       49%/9%/43%    0.000    0.002   100.0%     0.0%   1.7896  -0.0205     9.6%
[STAGE-A]    262    20.2s   -0.0292    10.0%    10.0%    40.2%       63%/6%/31%    1.100    0.003    90.0%     0.0%   1.6523  -0.0143    12.5%
[STAGE-A]    263    20.4s   -0.2324     0.0%     0.0%    46.2%       62%/7%/30%    1.000    0.004   100.0%     0.0%   1.4102   0.0392     0.0%
[STAGE-A]    264    19.2s   -0.0257    20.0%    20.0%    54.0%       63%/9%/27%    1.050    0.002    80.0%     0.0%   1.4167  -0.0216    13.6%
[STAGE-A]    265    22.4s   -0.0841     0.0%     0.0%    39.2%       50%/9%/41%    0.000    0.002   100.0%     0.0%   1.4256   0.1111    12.5%
[STAGE-A]    266    21.2s   -0.0308     5.0%     5.0%    42.9%      59%/10%/31%    1.100    0.002    95.0%     0.0%   1.4659   0.1922    20.0%
[STAGE-A]    267    20.6s   -0.0293     0.0%     0.0%    43.1%       62%/9%/29%    0.000    0.002   100.0%     0.0%   1.4708   0.1314    20.0%
[STAGE-A]    268    21.1s   -0.0473     0.0%     0.0%    39.7%       57%/8%/34%    0.000    0.002   100.0%     0.0%   1.4891   0.0202    25.0%
[STAGE-A]    269    19.0s   -0.0441     0.0%     0.0%    53.6%       68%/6%/25%    0.000    0.003   100.0%     0.0%   1.4893   0.0228    22.0%
[STAGE-A]    270    19.7s   -0.4737     0.0%     0.0%    49.8%      65%/10%/25%    0.000    0.002   100.0%     0.0%   1.3243   0.0686     0.0%
[STAGE-A]   [MA20] reward=-0.1164 task_sr=3.3% miss=96.7% time_limit=95.0% v2v=33.4%
[STAGE-A]   [PPO ] p_loss=-0.2391 v_loss=1.1885 entropy=1.3243 grad=1.6531 active=3.5%
[STAGE-A]   [SIM ] avg_power(a)=0.5259 rsu_q=0.000 tx=48 no_tx=90 deadlock=0 svc=0.319GHz idle=0.0%
[STAGE-A]   [CMDP] lambda(E/I/R)=(0.000/0.002/0.000) cost(E/I/R)=(0.000/0.161/0.161)
[STAGE-A]    271    20.3s   -0.0539     5.0%     5.0%    50.6%       64%/6%/30%    0.900    0.004    95.0%     0.0%   1.4742   0.0336    18.8%
[STAGE-A]    272    21.7s   -0.0562     0.0%     0.0%    36.8%      49%/10%/41%    0.000    0.002   100.0%     0.0%   1.4479   0.1348    28.6%
[STAGE-A]    273    22.2s   -0.0773     5.0%     5.0%    36.7%      58%/12%/29%    1.300    0.002    95.0%     0.0%   1.6650  -0.0217    21.3%
[STAGE-A]    274    22.5s   -0.0753     0.0%     0.0%    28.3%      46%/11%/42%    0.000    0.002   100.0%     0.0%   1.5623  -0.0371    21.3%
[STAGE-A]    275    18.9s   -0.2207    15.0%    15.0%    58.8%       67%/9%/24%    1.200    0.004    85.0%     0.0%   1.2511   0.0652    23.1%
[STAGE-A]    276    22.9s   -0.0524     5.0%     5.0%    33.5%      55%/11%/34%    1.000    0.002    95.0%     0.0%   1.4435  -0.0367    17.8%
[STAGE-A]    277    19.6s   -0.0406    20.0%    20.0%    52.8%       65%/9%/26%    1.200    0.003    80.0%     0.0%   1.4504   0.0421     0.0%
[STAGE-A]    278    21.5s   -0.0571     5.0%     5.0%    45.7%       64%/4%/31%    1.000    0.003    95.0%     0.0%   1.4327  -0.0155    19.9%
[STAGE-A]    279    20.2s   -0.0309    10.0%    10.0%    43.6%       64%/8%/28%    1.250    0.002    90.0%     0.0%   1.3884   0.0817     5.6%
[STAGE-A]    280    19.1s   -0.1142    15.0%    15.0%    54.0%       66%/9%/25%    1.233    0.004    85.0%     0.0%   1.3760   0.0103    11.1%
[STAGE-A]   [MA20] reward=-0.1121 task_sr=5.8% miss=94.2% time_limit=100.0% v2v=31.4%
[STAGE-A]   [PPO ] p_loss=-0.0468 v_loss=1.1818 entropy=1.3760 grad=5.1113 active=4.2%
[STAGE-A]   [SIM ] avg_power(a)=0.5298 rsu_q=0.000 tx=52 no_tx=112 deadlock=0 svc=0.364GHz idle=0.0%
[STAGE-A]   [CMDP] lambda(E/I/R)=(0.000/0.000/0.000) cost(E/I/R)=(0.000/0.017/0.138)
[STAGE-A]   → Best model saved: Success Rate = 0.038 (50-ep avg)
[STAGE-A] 
[STAGE-A]     Ep    Wall    R/step     T_SR     V_SR     S_SR            L/R/V   Lat(s)       En     Miss      Ill      Ent       KL     Clip
[STAGE-A] --------------------------------------------------------------------------------------------------------------------------------
[STAGE-A]    281    22.6s   -0.0308    10.0%    10.0%    37.3%       57%/7%/36%    1.200    0.002    90.0%     0.0%   1.6059   0.0156    15.3%
[STAGE-A]    282    20.6s   -0.0406     5.0%     5.0%    49.6%      61%/12%/27%    1.300    0.002    95.0%     0.0%   1.3745  -0.0096    11.4%
[STAGE-A]    283    19.9s   -0.0260    15.0%    15.0%    45.3%       67%/9%/24%    1.175    0.003    85.0%     0.0%   1.1734  -0.0296    26.3%
[STAGE-A]    284    19.8s   -0.0278    10.0%    10.0%    54.2%       70%/6%/25%    1.000    0.004    90.0%     0.0%   1.2662   0.0211    13.4%
[STAGE-A]    285    22.5s   -0.0400     5.0%     5.0%    42.7%       63%/9%/28%    1.150    0.003    95.0%     0.0%   1.6241   0.0993    11.1%
[STAGE-A]    286    20.6s   -0.0350     5.0%     5.0%    55.8%       66%/7%/27%    1.100    0.003    95.0%     0.0%   1.3747  -0.0015     4.3%
[STAGE-A]    287    19.4s   -0.0394     0.0%     0.0%    39.1%       62%/6%/32%    1.200    0.003   100.0%     0.0%   1.4453   0.0522    16.7%
[STAGE-A]    288    19.9s   -0.1008     5.0%     5.0%    47.5%       68%/5%/26%    0.900    0.003    95.0%     0.0%   1.2674   0.0245    24.6%
[STAGE-A]    289    22.2s   -0.0331     0.0%     0.0%    32.7%       63%/5%/32%    0.000    0.001   100.0%     0.0%   1.4395  -0.0268    29.2%
[STAGE-A]    290    21.0s   -0.1211     0.0%     0.0%    43.6%       69%/1%/30%    0.000    0.002   100.0%     0.0%   1.3651   0.0336     0.0%
[STAGE-A]   [MA20] reward=-0.0636 task_sr=6.8% miss=93.2% time_limit=95.0% v2v=29.9%
[STAGE-A]   [PPO ] p_loss=-0.1030 v_loss=1.1268 entropy=1.3651 grad=2.1177 active=3.5%
[STAGE-A]   [SIM ] avg_power(a)=0.5468 rsu_q=0.000 tx=44 no_tx=97 deadlock=0 svc=0.298GHz idle=0.0%
[STAGE-A]   [CMDP] lambda(E/I/R)=(0.000/0.000/0.000) cost(E/I/R)=(0.000/0.017/0.148)
[STAGE-A]    291    20.8s   -0.0355    20.0%    20.0%    49.4%       67%/6%/27%    1.100    0.003    80.0%     0.0%   1.3055   0.0363     7.1%
[STAGE-A]    292    18.3s   -0.0326     5.0%     5.0%    53.3%       71%/7%/22%    0.900    0.004    95.0%     0.0%   1.1782  -0.0042    13.4%
[STAGE-A]    293    19.8s   -0.0295    10.0%    10.0%    54.8%       72%/6%/22%    1.233    0.003    90.0%     0.0%   1.2921   0.0283    27.3%
[STAGE-A]    294    17.7s   -0.0258    20.0%    20.0%    67.5%       73%/5%/22%    1.325    0.004    80.0%     0.0%   1.0605   0.0039     9.4%
[STAGE-A]    295    19.6s   -0.2762     0.0%     0.0%    48.3%       67%/6%/28%    1.300    0.004   100.0%     0.0%   1.2337   0.2173    33.3%
[STAGE-A]    296    21.9s   -0.0280     0.0%     0.0%    48.0%       69%/5%/27%    0.000    0.003   100.0%     0.0%   1.2981   0.0981    15.4%
[STAGE-A]    297    21.0s   -0.1403     0.0%     0.0%    37.9%       64%/6%/30%    0.000    0.003   100.0%     0.0%   1.1041  -0.0225    15.5%
[STAGE-A]    298    20.0s   -0.0348     5.0%     5.0%    40.0%       67%/5%/28%    0.900    0.002    95.0%     0.0%   1.2104   0.1324    22.2%
[STAGE-A]    299    12.7s   -0.0442    25.0%    25.0%    69.1%       73%/5%/22%    1.417    0.006    75.0%     0.0%   0.9559  -0.0115    14.2%
[STAGE-A]    300    20.6s   -0.0258    10.0%    10.0%    49.1%       71%/8%/22%    1.100    0.004    90.0%     0.0%   1.2521   0.0960     0.0%
[STAGE-A]   [MA20] reward=-0.0584 task_sr=7.5% miss=92.5% time_limit=90.0% v2v=26.8%
[STAGE-A]   [PPO ] p_loss=0.0834 v_loss=1.0598 entropy=1.2521 grad=4.0468 active=4.3%
[STAGE-A]   [SIM ] avg_power(a)=0.5806 rsu_q=0.000 tx=44 no_tx=122 deadlock=0 svc=0.381GHz idle=0.0%
[STAGE-A]   [CMDP] lambda(E/I/R)=(0.000/0.000/0.000) cost(E/I/R)=(0.000/0.000/0.125)
[STAGE-A]   → Best model saved: Success Rate = 0.059 (50-ep avg)
[STAGE-A] 
[STAGE-A]     Ep    Wall    R/step     T_SR     V_SR     S_SR            L/R/V   Lat(s)       En     Miss      Ill      Ent       KL     Clip
[STAGE-A] --------------------------------------------------------------------------------------------------------------------------------
[STAGE-A]    301    20.4s   -0.0609    10.0%    10.0%    50.0%       64%/9%/27%    1.133    0.002    90.0%     0.0%   1.0876   0.0265    15.0%
[STAGE-A]    302    20.3s   -0.0287    10.0%    10.0%    54.8%       70%/6%/24%    1.150    0.003    90.0%     0.0%   1.0251   0.0611    17.6%
[STAGE-A]    303    20.0s   -0.0284     0.0%     0.0%    61.3%       73%/7%/20%    0.000    0.004   100.0%     0.0%   1.1086  -0.0206    15.7%
[STAGE-A]    304    21.3s   -0.0731    10.0%    10.0%    46.4%       74%/3%/22%    1.000    0.004    90.0%     0.0%   0.9339   0.0854    14.3%
[STAGE-A]    305    22.2s   -0.2285     0.0%     0.0%    52.2%       66%/9%/25%    0.000    0.003   100.0%     0.0%   1.0944   0.0417    15.4%
[STAGE-A]    306    18.8s   -0.0241    10.0%    10.0%    50.5%       75%/5%/20%    0.850    0.002    90.0%     0.0%   0.9710   0.1038    30.0%
[STAGE-A]    307    19.0s   -0.0455    15.0%    15.0%    59.8%       71%/6%/23%    1.200    0.003    85.0%     0.0%   0.9613   0.0251     0.0%
[STAGE-A]    308    18.7s   -0.0250    30.0%    30.0%    65.7%       79%/5%/16%    1.150    0.005    70.0%     0.0%   0.8890   0.1393    20.0%
[STAGE-A]    309    21.1s   -0.0339     5.0%     5.0%    46.0%       68%/4%/28%    1.100    0.003    95.0%     0.0%   0.9510   0.0674    11.1%
[STAGE-A]    310    17.4s   -0.0298    20.0%    20.0%    71.9%       79%/3%/18%    1.200    0.003    80.0%     0.0%   0.8643   0.0409     5.0%
[STAGE-A]   [MA20] reward=-0.0625 task_sr=10.2% miss=89.8% time_limit=95.0% v2v=23.5%
[STAGE-A]   [PPO ] p_loss=0.3891 v_loss=1.0322 entropy=0.8643 grad=2.5744 active=4.8%
[STAGE-A]   [SIM ] avg_power(a)=0.5808 rsu_q=0.000 tx=35 no_tx=150 deadlock=0 svc=0.385GHz idle=0.5%
[STAGE-A]   [CMDP] lambda(E/I/R)=(0.000/0.000/0.000) cost(E/I/R)=(0.000/0.000/0.108)
[STAGE-A]   → Best model saved: Success Rate = 0.075 (50-ep avg)
[STAGE-A]    311    15.9s   -0.0547    50.0%    50.0%    74.8%       81%/5%/14%    1.270    0.003    50.0%     0.0%   0.7405   0.0232    11.9%
[STAGE-A]    312    16.2s   -0.0254    35.0%    35.0%    78.4%       83%/6%/11%    1.343    0.004    65.0%     0.0%   0.7866   0.0326    15.1%
[STAGE-A]    313    17.3s   -0.0642    35.0%    35.0%    72.7%       80%/6%/14%    1.129    0.003    65.0%     0.0%   0.8944   0.0318     9.1%
[STAGE-A]    314    20.8s   -0.0411     5.0%     5.0%    58.9%       75%/4%/21%    1.050    0.003    95.0%     0.0%   0.9432   0.0304    18.1%
[STAGE-A]    315    18.2s   -0.0260    20.0%    20.0%    60.0%       82%/4%/15%    1.300    0.004    80.0%     0.0%   0.8167   0.0089     0.0%
[STAGE-A]    316    12.5s   -0.0246    30.0%    30.0%    79.0%       81%/4%/14%    1.087    0.007    70.0%     0.0%   0.6521   0.0676    16.7%
[STAGE-A]    317    18.4s   -0.0580    15.0%    15.0%    71.6%       78%/4%/18%    0.900    0.004    85.0%     0.0%   0.8117   0.0437     8.3%
[STAGE-A]    318    17.9s   -0.0202    35.0%    35.0%    70.8%       82%/3%/15%    0.957    0.005    65.0%     0.0%   0.7745   0.0312    10.8%
[STAGE-A]    319    19.6s   -0.0240    20.0%    20.0%    60.3%       77%/5%/18%    1.075    0.005    80.0%     0.0%   0.7190   0.0079     0.0%
[STAGE-A]    320    17.4s   -0.1321    20.0%    20.0%    69.6%       79%/5%/16%    1.100    0.005    80.0%     0.0%   0.6531   0.0614     0.0%
[STAGE-A]   [MA20] reward=-0.0524 task_sr=18.8% miss=81.2% time_limit=95.0% v2v=18.9%
[STAGE-A]   [PPO ] p_loss=-0.2178 v_loss=1.2712 entropy=0.6531 grad=3.7905 active=4.6%
[STAGE-A]   [SIM ] avg_power(a)=0.6070 rsu_q=0.000 tx=31 no_tx=145 deadlock=0 svc=0.401GHz idle=0.5%
[STAGE-A]   [CMDP] lambda(E/I/R)=(0.000/0.000/0.000) cost(E/I/R)=(0.000/0.014/0.092)
[STAGE-A]   → Best model saved: Success Rate = 0.121 (50-ep avg)
[STAGE-A] 
[STAGE-A]     Ep    Wall    R/step     T_SR     V_SR     S_SR            L/R/V   Lat(s)       En     Miss      Ill      Ent       KL     Clip
[STAGE-A] --------------------------------------------------------------------------------------------------------------------------------
[STAGE-A]    321    18.3s   -0.0320    25.0%    25.0%    64.7%       76%/7%/18%    1.120    0.003    75.0%     0.0%   0.7356   0.0230    11.9%
[STAGE-A]    322    16.6s   -0.0262    25.0%    25.0%    64.0%       81%/4%/15%    0.900    0.003    75.0%     0.0%   0.5504   0.0039     5.1%
[STAGE-A]    323    18.3s   -0.0265    10.0%    10.0%    58.0%       79%/3%/18%    0.850    0.004    90.0%     0.0%   0.6318   0.0432    10.0%
[STAGE-A]    324    16.2s   -0.0264    35.0%    35.0%    81.1%       88%/2%/10%    1.071    0.005    65.0%     0.0%   0.6137   0.0336     0.0%
[STAGE-A]    325    19.7s   -0.1083    15.0%    15.0%    73.0%       80%/6%/15%    1.425    0.006    85.0%     0.0%   0.7424  -0.0067    12.6%
[STAGE-A]    326     2.8s   -0.0094    45.0%    45.0%    88.7%       86%/4%/10%    1.040    0.037    55.0%     0.0%   0.5774   0.0047    10.2%
[STAGE-A]    327    16.9s   -0.1065    25.0%    25.0%    75.3%       83%/3%/14%    1.117    0.004    75.0%     0.0%   0.5700   0.1082    16.7%
[STAGE-A]    328    16.0s   -0.0237    50.0%    50.0%    77.3%       85%/4%/11%    1.209    0.004    50.0%     0.0%   0.4810   0.0163     7.3%
[STAGE-A]    329    16.5s   -0.0266    30.0%    30.0%    75.1%       81%/5%/14%    1.117    0.004    70.0%     0.0%   0.3836   0.0217     0.0%
[STAGE-A]    330    15.9s   -0.0244    35.0%    35.0%    77.6%       85%/5%/11%    1.114    0.003    65.0%     0.0%   0.5973   0.0333    14.6%
[STAGE-A]   [MA20] reward=-0.0440 task_sr=28.0% miss=72.0% time_limit=90.0% v2v=14.5%
[STAGE-A]   [PPO ] p_loss=-0.0413 v_loss=1.1407 entropy=0.5973 grad=2.5408 active=4.9%
[STAGE-A]   [SIM ] avg_power(a)=0.6152 rsu_q=0.000 tx=26 no_tx=164 deadlock=0 svc=0.425GHz idle=0.5%
[STAGE-A]   [CMDP] lambda(E/I/R)=(0.000/0.000/0.000) cost(E/I/R)=(0.000/0.000/0.063)
[STAGE-A]   → Best model saved: Success Rate = 0.164 (50-ep avg)
[STAGE-A]    331    17.1s   -0.0266    20.0%    20.0%    71.4%       82%/3%/15%    1.175    0.005    80.0%     0.0%   0.5257   0.0511    18.8%
[STAGE-A]    332    14.5s   -0.0234    45.0%    45.0%    84.8%       87%/2%/10%    1.067    0.006    55.0%     0.0%   0.4313   0.0583     8.3%
[STAGE-A]    333    13.1s   -0.0292    40.0%    40.0%    76.6%       86%/4%/10%    1.062    0.005    60.0%     0.0%   0.4595  -0.0061     9.8%
[STAGE-A]    334    10.9s   -0.0231    45.0%    45.0%    83.8%        88%/4%/8%    1.164    0.010    55.0%     0.0%   0.3956  -0.0068     3.6%
[STAGE-A]    335     8.4s   -0.0210    70.0%    70.0%    90.0%        90%/4%/6%    1.200    0.011    30.0%     0.0%   0.3079   0.0338     4.9%
[STAGE-A]    336    14.5s   -0.0216    75.0%    75.0%    95.0%        92%/3%/5%    1.267    0.006    25.0%     0.0%   0.2707   0.0776     6.7%
[STAGE-A]    337     3.0s   -0.0106    70.0%    70.0%    94.9%        93%/2%/5%    1.180    0.034    30.0%     0.0%   0.2114  -0.0025     3.7%
[STAGE-A]    338     6.0s   -0.0165    70.0%    70.0%    96.0%        97%/1%/2%    1.231    0.013    30.0%     0.0%   0.1204   0.0029     3.1%
[STAGE-A]    339     1.6s    0.0905    90.0%    90.0%   100.0%        95%/2%/3%    1.190    0.072    10.0%     0.0%   0.1267   0.0091     3.2%
[STAGE-A]    340     1.4s    0.0893    80.0%    80.0%    97.5%        97%/1%/1%    1.159    0.045    20.0%     0.0%   0.0251   0.0006     1.5%
[STAGE-A]   [MA20] reward=-0.0201 task_sr=45.0% miss=55.0% time_limit=55.0% v2v=10.0%
[STAGE-A]   [PPO ] p_loss=-0.0341 v_loss=1.5691 entropy=0.0251 grad=2.2192 active=65.8%
[STAGE-A]   [SIM ] avg_power(a)=0.5883 rsu_q=0.000 tx=4 no_tx=231 deadlock=0 svc=3.432GHz idle=55.6%
[STAGE-A]   [CMDP] lambda(E/I/R)=(0.000/0.000/0.000) cost(E/I/R)=(0.000/0.000/0.014)
[STAGE-A]   → Best model saved: Success Rate = 0.274 (50-ep avg)
[STAGE-A] 
[STAGE-A]     Ep    Wall    R/step     T_SR     V_SR     S_SR            L/R/V   Lat(s)       En     Miss      Ill      Ent       KL     Clip
[STAGE-A] --------------------------------------------------------------------------------------------------------------------------------
[STAGE-A]    341     1.6s    0.0830    80.0%    80.0%    97.8%        97%/1%/2%    1.100    0.065    20.0%     0.0%   0.0533   0.0022     1.0%
[STAGE-A]    342     1.2s    0.1150    90.0%    90.0%    99.5%        99%/0%/1%    1.074    0.074    10.0%     0.0%   0.0222   0.0014     0.9%
[STAGE-A]    343     1.3s    0.0888    85.0%    85.0%    99.6%        96%/2%/2%    1.200    0.086    15.0%     0.0%   0.0000   0.0087     2.1%
[STAGE-A]    344     2.4s    0.0219    85.0%    85.0%    97.8%        98%/1%/1%    1.133    0.034    15.0%     0.0%   0.0000   0.0055     1.8%
[STAGE-A]    345     1.3s    0.0769    90.0%    90.0%    99.6%        97%/2%/1%    1.184    0.083    10.0%     0.0%   0.0000   0.0151     2.6%
[STAGE-A]    346     1.2s    0.1055    85.0%    85.0%    99.1%       100%/0%/0%    1.117    0.067    15.0%     0.0%   0.0000 -8.14e-05     0.0%
[STAGE-A]    347     1.2s    0.0841    80.0%    80.0%    99.6%        98%/0%/2%    1.132    0.082    20.0%     0.0%   0.0000 -8.41e-05     1.8%
[STAGE-A]    348     1.1s    0.1130    90.0%    90.0%    99.1%        99%/0%/1%    1.137    0.087    10.0%     0.0%   0.0000   0.0032     0.4%
[STAGE-A]    349     1.4s    0.0726    90.0%    90.0%    99.2%        97%/1%/2%    1.237    0.080    10.0%     0.0%   0.0000   0.0093     1.9%
[STAGE-A]    350     1.3s    0.1050    95.0%    95.0%    99.2%        99%/0%/1%    1.168    0.085     5.0%     0.0%   0.0000   0.0025     0.6%
[STAGE-A]   [MA20] reward=0.0437 task_sr=73.8% miss=26.2% time_limit=10.0% v2v=3.9%
[STAGE-A]   [PPO ] p_loss=0.0137 v_loss=0.9724 entropy=0.0000 grad=0.6271 active=78.3%
[STAGE-A]   [SIM ] avg_power(a)=0.6100 rsu_q=0.000 tx=3 no_tx=232 deadlock=0 svc=0.000GHz idle=100.0%
[STAGE-A]   [CMDP] lambda(E/I/R)=(0.000/0.000/0.000) cost(E/I/R)=(0.000/0.000/0.008)
[STAGE-A]   → Best model saved: Success Rate = 0.429 (50-ep avg)
[STAGE-A]    351     1.4s    0.0712    90.0%    90.0%    99.2%        99%/0%/1%    1.217    0.086    10.0%     0.0%   0.0000  -0.0013     0.5%
[STAGE-A]    352     1.3s    0.1034    90.0%    90.0%   100.0%        99%/0%/1%    1.150    0.057    10.0%     0.0%   0.0000   0.0006     0.4%
[STAGE-A]    353     1.3s    0.0626    60.0%    60.0%    96.7%        99%/1%/0%    1.115    0.056    40.0%     0.0%   0.0000  -0.0011     1.1%
[STAGE-A]    354     1.4s    0.0508    75.0%    75.0%    99.2%        98%/1%/2%    1.211    0.076    25.0%     0.0%   0.0000  -0.0021     1.2%
[STAGE-A]    355     1.2s    0.0788    95.0%    95.0%   100.0%        98%/2%/0%    1.215    0.079     5.0%     0.0%   0.0000   0.0087     1.0%
[STAGE-A]    356     1.3s    0.1083    95.0%    95.0%   100.0%        99%/1%/0%    1.170    0.074     5.0%     0.0%   0.0000   0.0059     1.4%
[STAGE-A]    357     1.3s    0.0461    80.0%    80.0%   100.0%        99%/1%/0%    1.295    0.073    20.0%     0.0%   0.0000   0.0008     0.7%
[STAGE-A]    358     1.3s    0.0990    95.0%    95.0%    99.6%        99%/0%/1%    1.105    0.074     5.0%     0.0%   0.0000   0.0112     1.1%
[STAGE-A]    359     1.3s    0.0948    90.0%    90.0%    98.8%        99%/0%/1%    1.217    0.062    10.0%     0.0%   0.0000   0.0055     1.1%
[STAGE-A]    360     1.2s    0.1089    85.0%    85.0%    98.7%       100%/0%/0%    1.106    0.056    15.0%     0.0%   0.0000   0.0015     0.3%
[STAGE-A]   [MA20] reward=0.0845 task_sr=86.2% miss=13.8% time_limit=0.0% v2v=0.9%
[STAGE-A]   [PPO ] p_loss=0.0136 v_loss=0.8080 entropy=0.0000 grad=1.0688 active=75.3%
[STAGE-A]   [SIM ] avg_power(a)=0.6252 rsu_q=0.000 tx=1 no_tx=225 deadlock=0 svc=0.000GHz idle=100.0%
[STAGE-A]   [CMDP] lambda(E/I/R)=(0.000/0.000/0.000) cost(E/I/R)=(0.000/0.000/0.002)
[STAGE-A]   → Best model saved: Success Rate = 0.578 (50-ep avg)
[STAGE-A] 
[STAGE-A]     Ep    Wall    R/step     T_SR     V_SR     S_SR            L/R/V   Lat(s)       En     Miss      Ill      Ent       KL     Clip
[STAGE-A] --------------------------------------------------------------------------------------------------------------------------------
[STAGE-A]    361     1.2s    0.0935    95.0%    95.0%   100.0%       100%/0%/0%    1.195    0.068     5.0%     0.0%   0.0000   0.0019     1.0%
[STAGE-A]    362     1.3s    0.1086   100.0%   100.0%   100.0%       100%/0%/0%    1.080    0.081     0.0%     0.0%   0.0000   0.0015     0.5%
[STAGE-A]    363     1.3s    0.0963    85.0%    85.0%    99.2%        99%/1%/0%    1.179    0.073    15.0%     0.0%   0.0000   0.0012     0.5%
[STAGE-A]    364    10.6s   -0.0153    75.0%    75.0%    97.4%        99%/0%/1%    1.138    0.009    25.0%     0.0%   0.0000   0.0041     1.4%
[STAGE-A]    365     1.3s    0.0620    85.0%    85.0%   100.0%       100%/0%/0%    1.245    0.089    15.0%     0.0%   0.0000 5.85e-05     0.3%
[STAGE-A]    366     1.2s    0.1018    95.0%    95.0%   100.0%       100%/0%/0%    1.100    0.079     5.0%     0.0%   0.0000   0.0012     0.5%
[STAGE-A]    367     1.3s    0.0782    85.0%    85.0%    98.8%        99%/1%/0%    1.289    0.059    15.0%     0.0%   0.0000  -0.0038     0.6%
[STAGE-A]    368     1.3s    0.0534    85.0%    85.0%   100.0%       100%/0%/0%    1.220    0.073    15.0%     0.0%   0.0000   0.0005     0.1%
[STAGE-A]    369     1.4s    0.0724    85.0%    85.0%    99.6%       100%/0%/0%    1.205    0.056    15.0%     0.0%   0.0000   0.0022     0.1%
[STAGE-A]    370     1.3s    0.1047    90.0%    90.0%   100.0%       100%/0%/0%    1.160    0.097    10.0%     0.0%   0.0000   0.0060     0.4%
[STAGE-A]   [MA20] reward=0.0790 task_sr=86.8% miss=13.2% time_limit=0.0% v2v=0.5%
[STAGE-A]   [PPO ] p_loss=-0.0010 v_loss=0.6263 entropy=0.0000 grad=1.0462 active=72.5%
[STAGE-A]   [SIM ] avg_power(a)=0.6129 rsu_q=0.000 tx=1 no_tx=231 deadlock=0 svc=0.000GHz idle=100.0%
[STAGE-A]   [CMDP] lambda(E/I/R)=(0.000/0.000/0.000) cost(E/I/R)=(0.000/0.000/0.002)
[STAGE-A]   → Best model saved: Success Rate = 0.701 (50-ep avg)
[STAGE-A]    371     1.2s    0.0860    85.0%    85.0%   100.0%       100%/0%/0%    1.165    0.061    15.0%     0.0%   0.0000   0.0006     0.1%
[STAGE-A]    372     1.2s    0.1175    90.0%    90.0%    99.6%       100%/0%/0%    1.137    0.079    10.0%     0.0%   0.0000  -0.0010     0.2%
[STAGE-A]    373     1.4s    0.0517    85.0%    85.0%   100.0%        99%/1%/0%    1.295    0.083    15.0%     0.0%   0.0000   0.0056     1.1%
[STAGE-A]    374     1.4s    0.0601    85.0%    85.0%    99.6%        99%/1%/0%    1.184    0.077    15.0%     0.0%   0.0000   0.0034     0.3%
[STAGE-A]    375     1.3s    0.0763    95.0%    95.0%   100.0%        99%/0%/0%    1.270    0.091     5.0%     0.0%   0.0000  -0.0019     0.5%
[STAGE-A]    376     1.2s    0.1228    90.0%    90.0%    99.6%       100%/0%/0%    1.116    0.054    10.0%     0.0%   0.0000   0.0034     0.2%
[STAGE-A]    377     1.2s    0.1236    95.0%    95.0%   100.0%       100%/0%/0%    1.105    0.098     5.0%     0.0%   0.0000   0.0021     0.9%
[STAGE-A]    378     1.3s    0.0605    95.0%    95.0%   100.0%        99%/0%/0%    1.160    0.096     5.0%     0.0%   0.0000  -0.0050     0.4%
[STAGE-A]    379     1.5s    0.0505    75.0%    75.0%    99.6%       100%/0%/0%    1.305    0.085    25.0%     0.0%   0.0000   0.0025     0.4%
[STAGE-A]    380     1.3s    0.1203    90.0%    90.0%    99.1%        99%/0%/0%    1.158    0.053    10.0%     0.0%   0.0000   0.0044     1.3%
[STAGE-A]   [MA20] reward=0.0812 task_sr=88.2% miss=11.8% time_limit=0.0% v2v=0.3%
[STAGE-A]   [PPO ] p_loss=-0.0036 v_loss=0.6368 entropy=0.0000 grad=0.9622 active=73.1%
[STAGE-A]   [SIM ] avg_power(a)=0.5790 rsu_q=0.000 tx=1 no_tx=232 deadlock=0 svc=0.000GHz idle=100.0%
[STAGE-A]   [CMDP] lambda(E/I/R)=(0.000/0.000/0.000) cost(E/I/R)=(0.000/0.000/0.003)
[STAGE-A]   → Best model saved: Success Rate = 0.819 (50-ep avg)
[STAGE-A] 
[STAGE-A]     Ep    Wall    R/step     T_SR     V_SR     S_SR            L/R/V   Lat(s)       En     Miss      Ill      Ent       KL     Clip
[STAGE-A] --------------------------------------------------------------------------------------------------------------------------------
[STAGE-A]    381     1.3s    0.0620    80.0%    80.0%    99.6%       100%/0%/0%    1.226    0.069    20.0%     0.0%   0.0000  -0.0036     1.1%
[STAGE-A]    382     1.3s    0.0429    80.0%    80.0%   100.0%        99%/0%/0%    1.280    0.090    20.0%     0.0%   0.0000   0.0047     0.6%
[STAGE-A]    383     1.3s    0.0861    90.0%    90.0%    99.2%       100%/0%/0%    1.232    0.069    10.0%     0.0%   0.0000   0.0007     0.3%
[STAGE-A]    384     1.3s    0.0947    90.0%    90.0%   100.0%        99%/0%/0%    1.165    0.077    10.0%     0.0%   0.0000   0.0066     0.6%
[STAGE-A]    385     1.2s    0.1005    95.0%    95.0%    99.6%       100%/0%/0%    1.174    0.084     5.0%     0.0%   0.0000   0.0014     0.3%
[STAGE-A]    386     1.3s    0.0844    95.0%    95.0%    99.6%       100%/0%/0%    1.211    0.087     5.0%     0.0%   0.0000   0.0068     0.7%
[STAGE-A]    387     1.3s    0.0924    85.0%    85.0%   100.0%       100%/0%/0%    1.220    0.070    15.0%     0.0%   0.0000  -0.0004     0.3%
[STAGE-A]    388     1.4s    0.0382    70.0%    70.0%   100.0%       100%/0%/0%    1.355    0.086    30.0%     0.0%   0.0000  -0.0013     0.5%
[STAGE-A]    389     1.3s    0.0898    95.0%    95.0%    99.2%       100%/0%/0%    1.247    0.058     5.0%     0.0%   0.0000   0.0037     0.8%
[STAGE-A]    390     1.2s    0.1050    85.0%    85.0%    98.3%        99%/0%/1%    1.135    0.082    15.0%     0.0%   0.0000   0.0098     1.3%
[STAGE-A]   [MA20] reward=0.0833 task_sr=87.5% miss=12.5% time_limit=0.0% v2v=0.2%
[STAGE-A]   [PPO ] p_loss=0.0082 v_loss=0.6602 entropy=0.0000 grad=0.5424 active=78.3%
[STAGE-A]   [SIM ] avg_power(a)=0.5452 rsu_q=0.000 tx=2 no_tx=233 deadlock=0 svc=0.000GHz idle=100.0%
[STAGE-A]   [CMDP] lambda(E/I/R)=(0.000/0.000/0.000) cost(E/I/R)=(0.000/0.000/0.003)
[STAGE-A]   → Best model saved: Success Rate = 0.871 (50-ep avg)
[STAGE-A]    391     1.2s    0.1076    90.0%    90.0%    99.1%       100%/0%/0%    1.111    0.067    10.0%     0.0%   0.0000   0.0057     0.6%
[STAGE-A]    392     1.3s    0.1055    95.0%    95.0%   100.0%       100%/0%/0%    1.090    0.060     5.0%     0.0%   0.0000   0.0061     0.7%
[STAGE-A]    393     1.3s    0.0873    90.0%    90.0%    99.6%       100%/0%/0%    1.200    0.082    10.0%     0.0%   0.0000   0.0021     0.7%
[STAGE-A]    394     1.3s    0.0663    80.0%    80.0%    99.2%       100%/0%/0%    1.244    0.074    20.0%     0.0%   0.0000  -0.0009     0.8%
[STAGE-A]    395     1.2s    0.1101    90.0%    90.0%    99.2%       100%/0%/0%    1.156    0.069    10.0%     0.0%   0.0000   0.0016     0.1%
[STAGE-A]    396     1.2s    0.1130    80.0%    80.0%    98.7%       100%/0%/0%    1.082    0.088    20.0%     0.0%   0.0000   0.0068     0.7%
[STAGE-A]    397     1.4s    0.0631    85.0%    85.0%    99.2%       100%/0%/0%    1.258    0.069    15.0%     0.0%   0.0000   0.0030     0.3%
[STAGE-A]    398     1.3s    0.0861    95.0%    95.0%   100.0%       100%/0%/0%    1.170    0.084     5.0%     0.0%   0.0000   0.0017     0.5%
[STAGE-A]    399     1.3s    0.0736    90.0%    90.0%    99.2%       100%/0%/0%    1.232    0.063    10.0%     0.0%   0.0000   0.0009     0.0%
[STAGE-A]    400     1.3s    0.0989    85.0%    85.0%    99.2%       100%/0%/0%    1.206    0.094    15.0%     0.0%   0.0000   0.0011     0.0%
[STAGE-A]   [MA20] reward=0.0854 task_sr=87.2% miss=12.7% time_limit=0.0% v2v=0.2%
[STAGE-A]   [PPO ] p_loss=0.0066 v_loss=0.6166 entropy=0.0000 grad=4.7536 active=76.6%
[STAGE-A]   [SIM ] avg_power(a)=0.6090 rsu_q=0.000 tx=0 no_tx=245 deadlock=0 svc=0.000GHz idle=100.0%
[STAGE-A]   [CMDP] lambda(E/I/R)=(0.000/0.000/0.000) cost(E/I/R)=(0.000/0.000/0.000)
[STAGE-A] 
[STAGE-A]     Ep    Wall    R/step     T_SR     V_SR     S_SR            L/R/V   Lat(s)       En     Miss      Ill      Ent       KL     Clip
[STAGE-A] --------------------------------------------------------------------------------------------------------------------------------
[STAGE-A]    401     1.1s    0.1190    95.0%    95.0%    99.5%       100%/0%/0%    1.084    0.076     5.0%     0.0%   0.0000   0.0017     0.4%
[STAGE-A]    402     1.3s    0.0456    80.0%    80.0%    99.2%       100%/0%/0%    1.239    0.093    20.0%     0.0%   0.0000   0.0013     0.0%
[STAGE-A]    403     1.3s    0.0737    85.0%    85.0%   100.0%       100%/0%/0%    1.165    0.066    15.0%     0.0%   0.0000   0.0026     0.1%
[STAGE-A]    404     1.2s    0.0803    90.0%    90.0%    99.6%       100%/0%/0%    1.147    0.079    10.0%     0.0%   0.0000  -0.0004     0.0%
[STAGE-A]    405     1.4s    0.0341    80.0%    80.0%    98.4%       100%/0%/0%    1.253    0.075    20.0%     0.0%   0.0000  -0.0008     0.2%
[STAGE-A]    406     1.3s    0.0673    90.0%    90.0%   100.0%       100%/0%/0%    1.185    0.075    10.0%     0.0%   0.0000   0.0058     0.5%
[STAGE-A]    407     1.3s    0.0638    85.0%    85.0%    99.6%       100%/0%/0%    1.205    0.084    15.0%     0.0%   0.0000   0.0019     0.0%
[STAGE-A]    408     1.3s    0.0840    90.0%    90.0%    99.6%       100%/0%/0%    1.221    0.099    10.0%     0.0%   0.0000   0.0055     0.5%
[STAGE-A]    409     1.3s    0.0883   100.0%   100.0%   100.0%       100%/0%/0%    1.205    0.093     0.0%     0.0%   0.0000   0.0021     0.0%
[STAGE-A]    410     1.3s    0.0810   100.0%   100.0%   100.0%       100%/0%/0%    1.255    0.084     0.0%     0.0%   0.0000   0.0028     0.4%
[STAGE-A]   [MA20] reward=0.0824 task_sr=88.8% miss=11.2% time_limit=0.0% v2v=0.1%
[STAGE-A]   [PPO ] p_loss=-0.0073 v_loss=0.8662 entropy=0.0000 grad=3.6899 active=78.4%
[STAGE-A]   [SIM ] avg_power(a)=0.6065 rsu_q=0.000 tx=1 no_tx=250 deadlock=0 svc=0.000GHz idle=100.0%
[STAGE-A]   [CMDP] lambda(E/I/R)=(0.000/0.000/0.000) cost(E/I/R)=(0.000/0.000/0.002)
[STAGE-A]   → Best model saved: Success Rate = 0.881 (50-ep avg)
[STAGE-A]    411     1.4s    0.0784    80.0%    80.0%    97.9%       100%/0%/0%    1.178    0.062    20.0%     0.0%   0.0000   0.0007     0.5%
[STAGE-A]    412     1.2s    0.0800    85.0%    85.0%    98.8%       100%/0%/0%    1.167    0.089    15.0%     0.0%   0.0000  -0.0018     0.0%
[STAGE-A]    413     1.2s    0.1114    90.0%    90.0%    99.6%       100%/0%/0%    1.105    0.076    10.0%     0.0%   0.0000  -0.0004     0.0%
[STAGE-A]    414     1.4s    0.0896    95.0%    95.0%   100.0%        99%/1%/0%    1.165    0.075     5.0%     0.0%   0.0000   0.0056     0.7%
[STAGE-A]    415     1.3s    0.0727    80.0%    80.0%    98.7%       100%/0%/0%    1.150    0.056    20.0%     0.0%   0.0000   0.0013     0.0%
[STAGE-A]    416     1.2s    0.1100    90.0%    90.0%   100.0%       100%/0%/0%    1.115    0.097    10.0%     0.0%   0.0000   0.0024     0.0%
[STAGE-A]    417     1.2s    0.0919    90.0%    90.0%    98.8%       100%/0%/0%    1.184    0.078    10.0%     0.0%   0.0000 -2.53e-05     0.0%
[STAGE-A]    418     1.3s    0.0975    85.0%    85.0%    99.2%       100%/0%/0%    1.206    0.093    15.0%     0.0%   0.0000   0.0043     0.4%
[STAGE-A]    419     1.3s    0.1039    95.0%    95.0%   100.0%       100%/0%/0%    1.160    0.064     5.0%     0.0%   0.0000  -0.0002     0.0%
[STAGE-A]    420     1.3s    0.0985    90.0%    90.0%    99.6%       100%/0%/0%    1.126    0.087    10.0%     0.0%   0.0000   0.0021     0.1%
[STAGE-A]   [MA20] reward=0.0835 task_sr=88.8% miss=11.2% time_limit=0.0% v2v=0.1%
[STAGE-A]   [PPO ] p_loss=0.0076 v_loss=0.7455 entropy=0.0000 grad=7.2891 active=71.2%
[STAGE-A]   [SIM ] avg_power(a)=0.6333 rsu_q=0.000 tx=0 no_tx=228 deadlock=0 svc=0.000GHz idle=100.0%
[STAGE-A]   [CMDP] lambda(E/I/R)=(0.000/0.000/0.000) cost(E/I/R)=(0.000/0.000/0.000)
[STAGE-A] 
[STAGE-A]     Ep    Wall    R/step     T_SR     V_SR     S_SR            L/R/V   Lat(s)       En     Miss      Ill      Ent       KL     Clip
[STAGE-A] --------------------------------------------------------------------------------------------------------------------------------
[STAGE-A]    421     1.3s    0.0673    80.0%    80.0%    99.2%       100%/0%/0%    1.247    0.084    20.0%     0.0%   0.0000  -0.0007     0.0%
[STAGE-A]    422     1.4s    0.0256    80.0%    80.0%    98.8%       100%/0%/0%    1.272    0.095    20.0%     0.0%   0.0000   0.0010     0.6%
[STAGE-A]    423     1.3s    0.0724    80.0%    80.0%    99.6%       100%/0%/0%    1.221    0.075    20.0%     0.0%   0.0000  -0.0001     0.0%
[STAGE-A]    424     1.3s    0.0876    85.0%    85.0%    99.6%       100%/0%/0%    1.184    0.073    15.0%     0.0%   0.0000   0.0024     0.4%
[STAGE-A]    425     1.3s    0.0847    85.0%    85.0%    99.2%       100%/0%/0%    1.172    0.072    15.0%     0.0%   0.0000   0.0005     0.0%
[STAGE-A]    426     1.4s    0.0729    90.0%    90.0%    99.6%       100%/0%/0%    1.211    0.066    10.0%     0.0%   0.0000   0.0034     0.6%
[STAGE-A]    427     1.3s    0.0846    85.0%    85.0%    98.4%       100%/0%/0%    1.206    0.075    15.0%     0.0%   0.0000   0.0013     0.2%
[STAGE-A]    428     1.2s    0.1132    80.0%    80.0%    98.3%       100%/0%/0%    1.124    0.082    20.0%     0.0%   0.0000   0.0042     0.6%
[STAGE-A]    429     1.4s    0.0592    90.0%    90.0%    99.2%       100%/0%/0%    1.217    0.056    10.0%     0.0%   0.0000  -0.0011     2.8%
[STAGE-A]    430     1.3s    0.0847    90.0%    90.0%   100.0%       100%/0%/0%    1.165    0.062    10.0%     0.0%   0.0000   0.0066     0.6%
[STAGE-A]   [MA20] reward=0.0843 task_sr=86.2% miss=13.8% time_limit=0.0% v2v=0.1%
[STAGE-A]   [PPO ] p_loss=-0.0147 v_loss=0.5428 entropy=0.0000 grad=0.7144 active=72.8%
[STAGE-A]   [SIM ] avg_power(a)=0.5780 rsu_q=0.000 tx=0 no_tx=233 deadlock=0 svc=0.000GHz idle=100.0%
[STAGE-A]   [CMDP] lambda(E/I/R)=(0.000/0.000/0.000) cost(E/I/R)=(0.000/0.000/0.000)
[STAGE-A]    431     1.3s    0.0812    80.0%    80.0%    99.6%       100%/0%/0%    1.158    0.067    20.0%     0.0%   0.0000   0.0004     1.6%
[STAGE-A]    432     1.4s    0.1012    90.0%    90.0%    99.6%        99%/0%/1%    1.116    0.077    10.0%     0.0%   0.0000   0.0013     1.2%
[STAGE-A]    433     1.4s    0.0923    90.0%    90.0%   100.0%       100%/0%/0%    1.135    0.058    10.0%     0.0%   0.0000   0.0011     0.1%
[STAGE-A]    434     1.3s    0.0803    90.0%    90.0%    99.6%       100%/0%/0%    1.195    0.088    10.0%     0.0%   0.0000   0.0004     0.0%
[STAGE-A]    435     1.2s    0.1317   100.0%   100.0%   100.0%       100%/0%/0%    1.105    0.073     0.0%     0.0%   0.0000  -0.0024     0.1%
[STAGE-A]    436     1.4s    0.0655    80.0%    80.0%    99.6%       100%/0%/0%    1.247    0.085    20.0%     0.0%   0.0000  -0.0003     0.3%
[STAGE-A]    437     1.2s    0.1015    85.0%    85.0%    99.1%       100%/0%/0%    1.106    0.068    15.0%     0.0%   0.0000   0.0032     0.0%
[STAGE-A]    438     1.3s    0.0808    90.0%    90.0%   100.0%       100%/0%/0%    1.150    0.056    10.0%     0.0%   0.0000  -0.0016     0.2%
[STAGE-A]    439     1.3s    0.0667    75.0%    75.0%    99.6%       100%/0%/0%    1.268    0.084    25.0%     0.0%   0.0000   0.0053     0.3%
[STAGE-A]    440     1.3s    0.0923    95.0%    95.0%   100.0%       100%/0%/0%    1.205    0.077     5.0%     0.0%   0.0000   0.0009     0.2%
[STAGE-A]   [MA20] reward=0.0823 task_sr=86.0% miss=14.0% time_limit=0.0% v2v=0.1%
[STAGE-A]   [PPO ] p_loss=-0.0055 v_loss=0.7352 entropy=0.0000 grad=5.5474 active=75.3%
[STAGE-A]   [SIM ] avg_power(a)=0.4778 rsu_q=0.000 tx=0 no_tx=240 deadlock=0 svc=0.000GHz idle=100.0%
[STAGE-A]   [CMDP] lambda(E/I/R)=(0.000/0.000/0.000) cost(E/I/R)=(0.000/0.000/0.002)
[STAGE-A] 
[STAGE-A]     Ep    Wall    R/step     T_SR     V_SR     S_SR            L/R/V   Lat(s)       En     Miss      Ill      Ent       KL     Clip
[STAGE-A] --------------------------------------------------------------------------------------------------------------------------------
[STAGE-A]    441     1.3s    0.0735    90.0%    90.0%   100.0%       100%/0%/0%    1.160    0.085    10.0%     0.0%   0.0000  -0.0003     0.0%
[STAGE-A]    442     1.3s    0.0951    95.0%    95.0%    99.1%       100%/0%/0%    1.142    0.070     5.0%     0.0%   0.0000   0.0002     0.0%
[STAGE-A]    443     1.1s    0.1372    95.0%    95.0%    99.5%       100%/0%/0%    1.063    0.074     5.0%     0.0%   0.0000   0.0023     0.0%
[STAGE-A]    444     1.3s    0.1431    95.0%    95.0%   100.0%       100%/0%/0%    1.095    0.065     5.0%     0.0%   0.0000   0.0006     0.0%
[STAGE-A]    445     1.3s    0.0873    90.0%    90.0%    99.2%       100%/0%/0%    1.179    0.083    10.0%     0.0%   0.0000   0.0031     0.0%
[STAGE-A]    446     1.2s    0.1119    90.0%    90.0%    99.1%       100%/0%/0%    1.126    0.078    10.0%     0.0%   0.0000   0.0004     0.0%
[STAGE-A]    447     1.3s    0.0987    90.0%    90.0%    99.2%       100%/0%/0%    1.205    0.065    10.0%     0.0%   0.0000   0.0011     0.0%
[STAGE-A]    448     1.4s    0.1091    90.0%    90.0%   100.0%       100%/0%/0%    1.190    0.062    10.0%     0.0%   0.0000  -0.0005     0.1%
[STAGE-A]    449     1.2s    0.1018    90.0%    90.0%   100.0%       100%/0%/0%    1.095    0.093    10.0%     0.0%   0.0000   0.0036     0.4%
[STAGE-A]    450     1.2s    0.1335    90.0%    90.0%    99.1%       100%/0%/0%    1.100    0.060    10.0%     0.0%   0.0000  -0.0014     0.0%
[STAGE-A]   [MA20] reward=0.0993 task_sr=89.5% miss=10.5% time_limit=0.0% v2v=0.1%
[STAGE-A]   [PPO ] p_loss=-0.0254 v_loss=0.7838 entropy=0.0000 grad=1.2003 active=69.4%
[STAGE-A]   [SIM ] avg_power(a)=0.4856 rsu_q=0.000 tx=0 no_tx=222 deadlock=0 svc=0.000GHz idle=100.0%
[STAGE-A]   [CMDP] lambda(E/I/R)=(0.000/0.000/0.000) cost(E/I/R)=(0.000/0.000/0.003)
[STAGE-A]    451     1.2s    0.0871    70.0%    70.0%    98.3%       100%/0%/0%    1.144    0.071    30.0%     0.0%   0.0000   0.0025     0.0%
[STAGE-A]    452     1.4s    0.0798    85.0%    85.0%    98.4%       100%/0%/0%    1.194    0.063    15.0%     0.0%   0.0000  -0.0016     0.0%
[STAGE-A]    453     1.4s    0.0690    90.0%    90.0%   100.0%       100%/0%/0%    1.205    0.101    10.0%     0.0%   0.0000   0.0046     0.3%
[STAGE-A]    454     1.3s    0.1247    90.0%    90.0%    99.1%       100%/0%/0%    1.163    0.081    10.0%     0.0%   0.0000  -0.0013     0.3%
[STAGE-A]    455     1.2s    0.1271    95.0%    95.0%    99.5%       100%/0%/0%    1.068    0.085     5.0%     0.0%   0.0000  -0.0025     0.0%
[STAGE-A]    456     1.3s    0.1136   100.0%   100.0%   100.0%       100%/0%/0%    1.125    0.072     0.0%     0.0%   0.0000   0.0011     0.0%
[STAGE-A]    457     1.2s    0.1080    80.0%    80.0%    99.6%       100%/0%/0%    1.132    0.063    20.0%     0.0%   0.0000   0.0011     0.3%
[STAGE-A]    458     1.3s    0.0744    90.0%    90.0%   100.0%       100%/0%/0%    1.135    0.079    10.0%     0.0%   0.0000  -0.0006     0.0%
[STAGE-A]    459     1.2s    0.1377    90.0%    90.0%    99.1%       100%/0%/0%    1.111    0.077    10.0%     0.0%   0.0000   0.0032     0.3%
[STAGE-A]    460     1.3s    0.0798    90.0%    90.0%    99.2%       100%/0%/0%    1.216    0.067    10.0%     0.0%   0.0000   0.0007     0.0%
[STAGE-A]   [MA20] reward=0.1046 task_sr=89.7% miss=10.2% time_limit=0.0% v2v=0.0%
[STAGE-A]   [PPO ] p_loss=0.0082 v_loss=0.7390 entropy=0.0000 grad=9.5875 active=76.6%
[STAGE-A]   [SIM ] avg_power(a)=0.4854 rsu_q=0.000 tx=0 no_tx=245 deadlock=0 svc=0.000GHz idle=100.0%
[STAGE-A]   [CMDP] lambda(E/I/R)=(0.000/0.000/0.000) cost(E/I/R)=(0.000/0.000/0.000)
[STAGE-A] 
[STAGE-A]     Ep    Wall    R/step     T_SR     V_SR     S_SR            L/R/V   Lat(s)       En     Miss      Ill      Ent       KL     Clip
[STAGE-A] --------------------------------------------------------------------------------------------------------------------------------
[STAGE-A]    461     1.2s    0.1068    90.0%    90.0%    98.7%       100%/0%/0%    1.067    0.078    10.0%     0.0%   0.0000   0.0031     0.3%
[STAGE-A]    462     1.3s    0.0580   100.0%   100.0%   100.0%       100%/0%/0%    1.175    0.077     0.0%     0.0%   0.0000   0.0023     0.0%
[STAGE-A]    463     1.4s    0.0570    80.0%    80.0%    99.6%       100%/0%/0%    1.174    0.055    20.0%     0.0%   0.0000   0.0010     0.3%
[STAGE-A]    464     1.2s    0.1190   100.0%   100.0%   100.0%       100%/0%/0%    1.130    0.064     0.0%     0.0%   0.0000   0.0034     1.2%
[STAGE-A]    465     1.3s    0.0620    80.0%    80.0%    99.6%       100%/0%/0%    1.168    0.095    20.0%     0.0%   0.0000 7.90e-05     0.4%
[STAGE-A]    466     1.4s    0.0747    85.0%    85.0%    97.9%       100%/0%/0%    1.172    0.086    15.0%     0.0%   0.0000   0.0031     0.6%
[STAGE-A]    467     1.3s    0.0426    90.0%    90.0%    99.6%       100%/0%/0%    1.263    0.077    10.0%     0.0%   0.0000   0.0036     0.1%
[STAGE-A]    468     1.2s    0.0983   100.0%   100.0%   100.0%       100%/0%/0%    1.130    0.068     0.0%     0.0%   0.0000  -0.0012     0.9%
[STAGE-A]    469     1.4s    0.0463   100.0%   100.0%   100.0%       100%/0%/0%    1.290    0.120     0.0%     0.0%   0.0000   0.0056     0.7%
[STAGE-A]    470     1.3s    0.0553    80.0%    80.0%    99.6%       100%/0%/0%    1.253    0.096    20.0%     0.0%   0.0000   0.0062     0.7%
[STAGE-A]   [MA20] reward=0.0861 task_sr=89.2% miss=10.8% time_limit=0.0% v2v=0.1%
[STAGE-A]   [PPO ] p_loss=-0.0132 v_loss=0.9168 entropy=0.0000 grad=5.5963 active=83.3%
[STAGE-A]   [SIM ] avg_power(a)=0.4841 rsu_q=0.000 tx=1 no_tx=249 deadlock=0 svc=10.555GHz idle=73.3%
[STAGE-A]   [CMDP] lambda(E/I/R)=(0.000/0.000/0.000) cost(E/I/R)=(0.000/0.000/0.002)
[STAGE-A]    471     1.3s    0.0275    75.0%    75.0%    99.6%       100%/0%/0%    1.295    0.094    25.0%     0.0%   0.0000   0.0006     0.2%
[STAGE-A]    472     1.3s    0.0871    85.0%    85.0%    98.2%       100%/0%/0%    1.111    0.072    15.0%     0.0%   0.0000   0.0008     0.3%
[STAGE-A]    473     1.3s    0.0623    90.0%    90.0%   100.0%       100%/0%/0%    1.235    0.069    10.0%     0.0%   0.0000  -0.0005     0.2%
[STAGE-A]    474     1.3s    0.0934    90.0%    90.0%   100.0%       100%/0%/0%    1.230    0.087    10.0%     0.0%   0.0000   0.0002     0.1%
[STAGE-A]    475     1.4s    0.0894    95.0%    95.0%    99.6%       100%/0%/0%    1.200    0.084     5.0%     0.0%   0.0000  -0.0011     0.5%
[STAGE-A]    476     1.3s    0.0901    90.0%    90.0%    99.2%       100%/0%/0%    1.183    0.081    10.0%     0.0%   0.0000  -0.0019     0.5%
[STAGE-A]    477     1.3s    0.1125    95.0%    95.0%   100.0%       100%/0%/0%    1.155    0.079     5.0%     0.0%   0.0000   0.0013     0.0%
[STAGE-A]    478     1.3s    0.0813    80.0%    80.0%    99.2%       100%/0%/0%    1.168    0.080    20.0%     0.0%   0.0000   0.0038     0.6%
[STAGE-A]    479     1.3s    0.0628    90.0%    90.0%    99.6%       100%/0%/0%    1.189    0.091    10.0%     0.0%   0.0000   0.0011     0.6%
[STAGE-A]    480     1.3s    0.0749    85.0%    85.0%   100.0%       100%/0%/0%    1.205    0.089    15.0%     0.0%   0.0000   0.0024     0.0%
[STAGE-A]   [MA20] reward=0.0751 task_sr=89.0% miss=11.0% time_limit=0.0% v2v=0.1%
[STAGE-A]   [PPO ] p_loss=0.0068 v_loss=0.7219 entropy=0.0000 grad=1.3808 active=75.3%
[STAGE-A]   [SIM ] avg_power(a)=0.4434 rsu_q=0.000 tx=0 no_tx=241 deadlock=0 svc=0.000GHz idle=100.0%
[STAGE-A]   [CMDP] lambda(E/I/R)=(0.000/0.000/0.000) cost(E/I/R)=(0.000/0.000/0.000)
[STAGE-A] 
[STAGE-A]     Ep    Wall    R/step     T_SR     V_SR     S_SR            L/R/V   Lat(s)       En     Miss      Ill      Ent       KL     Clip
[STAGE-A] --------------------------------------------------------------------------------------------------------------------------------
[STAGE-A]    481     1.3s    0.0881    80.0%    80.0%    99.6%       100%/0%/0%    1.226    0.058    20.0%     0.0%   0.0000  -0.0011     0.5%
[STAGE-A]    482     1.2s    0.0863    90.0%    90.0%    99.1%       100%/0%/0%    1.150    0.091    10.0%     0.0%   0.0000   0.0050     0.3%
[STAGE-A]    483     1.2s    0.1103    90.0%    90.0%   100.0%       100%/0%/0%    1.150    0.064    10.0%     0.0%   0.0000  -0.0009     0.3%
[STAGE-A]    484     1.3s    0.0645    80.0%    80.0%   100.0%       100%/0%/0%    1.245    0.074    20.0%     0.0%   0.0000   0.0024     0.5%
[STAGE-A]    485     1.2s    0.1140   100.0%   100.0%   100.0%       100%/0%/0%    1.205    0.103     0.0%     0.0%   0.0000   0.0019     0.2%
[STAGE-A]    486     1.3s    0.1015    85.0%    85.0%    99.1%       100%/0%/0%    1.122    0.063    15.0%     0.0%   0.0000   0.0003     0.4%
[STAGE-A]    487     1.2s    0.0987    95.0%    95.0%   100.0%       100%/0%/0%    1.125    0.078     5.0%     0.0%   0.0000   0.0028     0.7%
[STAGE-A]    488     1.3s    0.0824    90.0%    90.0%    98.4%       100%/0%/0%    1.217    0.076    10.0%     0.0%   0.0000   0.0042     0.0%
[STAGE-A]    489     1.4s    0.0524    65.0%    65.0%    96.0%       100%/0%/0%    1.121    0.103    35.0%     0.0%   0.0000   0.0004     0.0%
[STAGE-A]    490     1.3s    0.0808    90.0%    90.0%    99.5%       100%/0%/0%    1.079    0.068    10.0%     0.0%   0.0000  -0.0004     0.0%
[STAGE-A]   [MA20] reward=0.0830 task_sr=87.0% miss=13.0% time_limit=0.0% v2v=0.1%
[STAGE-A]   [PPO ] p_loss=0.0365 v_loss=0.4767 entropy=0.0000 grad=0.5393 active=68.8%
[STAGE-A]   [SIM ] avg_power(a)=0.4269 rsu_q=0.000 tx=0 no_tx=220 deadlock=0 svc=0.000GHz idle=100.0%
[STAGE-A]   [CMDP] lambda(E/I/R)=(0.000/0.000/0.000) cost(E/I/R)=(0.000/0.000/0.000)
[STAGE-A]    491     1.3s    0.0474    70.0%    70.0%    97.2%       100%/0%/0%    1.194    0.078    30.0%     0.0%   0.0000  -0.0009     0.1%
[STAGE-A]    492     1.3s    0.1303    90.0%    90.0%    99.1%       100%/0%/0%    1.126    0.084    10.0%     0.0%   0.0000   0.0038     0.4%
[STAGE-A]    493     1.3s    0.0888    90.0%    90.0%    99.6%       100%/0%/0%    1.184    0.085    10.0%     0.0%   0.0000   0.0017     0.1%
[STAGE-A]    494     1.3s    0.0832    75.0%    75.0%    98.4%       100%/0%/0%    1.211    0.073    25.0%     0.0%   0.0000  -0.0005     0.0%
[STAGE-A]    495     1.3s    0.1021    95.0%    95.0%   100.0%       100%/0%/0%    1.140    0.082     5.0%     0.0%   0.0000  -0.0016     0.4%
[STAGE-A]    496     1.3s    0.1012    95.0%    95.0%   100.0%       100%/0%/0%    1.165    0.080     5.0%     0.0%   0.0000  -0.0055     0.5%
[STAGE-A]    497     1.3s    0.0966    80.0%    80.0%    98.7%       100%/0%/0%    1.141    0.063    20.0%     0.0%   0.0000   0.0009     0.0%
[STAGE-A]    498     1.4s    0.1135    90.0%    90.0%   100.0%       100%/0%/0%    1.220    0.060    10.0%     0.0%   0.0000 8.22e-05     0.0%
[STAGE-A]    499     1.3s    0.0707    90.0%    90.0%   100.0%       100%/0%/0%    1.230    0.076    10.0%     0.0%   0.0000   0.0006     0.0%
[STAGE-A]    500     1.3s    0.1104    95.0%    95.0%   100.0%       100%/0%/0%    1.155    0.096     5.0%     0.0%   0.0000  -0.0008     0.0%
[STAGE-A]   [MA20] reward=0.0912 task_sr=86.8% miss=13.2% time_limit=0.0% v2v=0.0%
[STAGE-A]   [PPO ] p_loss=-0.0047 v_loss=0.5946 entropy=0.0000 grad=0.4914 active=72.2%
[STAGE-A]   [SIM ] avg_power(a)=0.4681 rsu_q=0.000 tx=0 no_tx=231 deadlock=0 svc=0.000GHz idle=100.0%
[STAGE-A]   [CMDP] lambda(E/I/R)=(0.000/0.000/0.000) cost(E/I/R)=(0.000/0.000/0.000)
[STAGE-A] 
[STAGE-A]     Ep    Wall    R/step     T_SR     V_SR     S_SR            L/R/V   Lat(s)       En     Miss      Ill      Ent       KL     Clip
[STAGE-A] --------------------------------------------------------------------------------------------------------------------------------
[STAGE-A]    501     1.3s    0.0875    90.0%    90.0%   100.0%       100%/0%/0%    1.205    0.081    10.0%     0.0%   0.0000   0.0021     0.0%
[STAGE-A]    502     1.2s    0.0831    90.0%    90.0%   100.0%        99%/0%/0%    1.170    0.057    10.0%     0.0%   0.0000  -0.0041     0.5%
[STAGE-A]    503     1.3s    0.0966    85.0%    85.0%   100.0%       100%/0%/0%    1.180    0.070    15.0%     0.0%   0.0000   0.0097     0.5%
[STAGE-A]    504     1.4s    0.0714    90.0%    90.0%   100.0%       100%/0%/0%    1.175    0.076    10.0%     0.0%   0.0000   0.0024     0.0%
[STAGE-A]    505     1.4s    0.0416    70.0%    70.0%    97.6%       100%/0%/0%    1.162    0.083    30.0%     0.0%   0.0000  -0.0019     0.0%
[STAGE-A]    506     1.3s    0.0944    85.0%    85.0%    99.1%       100%/0%/0%    1.133    0.071    15.0%     0.0%   0.0000   0.0007     0.0%
[STAGE-A]    507     1.3s    0.0866    75.0%    75.0%    99.6%       100%/0%/0%    1.179    0.067    25.0%     0.0%   0.0000  -0.0004     0.0%
[STAGE-A]    508     1.3s    0.0529    80.0%    80.0%    99.6%       100%/0%/0%    1.211    0.071    20.0%     0.0%   0.0000   0.0010     0.0%
[STAGE-A]    509     1.4s    0.0934    95.0%    95.0%   100.0%        99%/0%/1%    1.225    0.086     5.0%     0.0%   0.0000   0.0066     0.8%
[STAGE-A]    510     1.3s    0.0579    75.0%    75.0%    98.4%       100%/0%/0%    1.267    0.075    25.0%     0.0%   0.0000   0.0036     0.4%
[STAGE-A]   [MA20] reward=0.0855 task_sr=85.2% miss=14.8% time_limit=0.0% v2v=0.1%
[STAGE-A]   [PPO ] p_loss=0.0066 v_loss=0.6977 entropy=0.0000 grad=2.7356 active=79.1%
[STAGE-A]   [SIM ] avg_power(a)=0.5017 rsu_q=0.000 tx=1 no_tx=252 deadlock=0 svc=0.000GHz idle=100.0%
[STAGE-A]   [CMDP] lambda(E/I/R)=(0.000/0.000/0.000) cost(E/I/R)=(0.000/0.000/0.002)
[STAGE-A]    511     1.4s    0.0822   100.0%   100.0%   100.0%        99%/0%/1%    1.165    0.084     0.0%     0.0%   0.0000   0.0038     1.0%
[STAGE-A]    512     1.3s    0.0758    95.0%    95.0%   100.0%       100%/0%/0%    1.220    0.095     5.0%     0.0%   0.0000 9.57e-05     0.0%
[STAGE-A]    513     1.3s    0.1060   100.0%   100.0%   100.0%       100%/0%/0%    1.130    0.065     0.0%     0.0%   0.0000  -0.0017     0.4%
[STAGE-A]    514     1.3s    0.0890    95.0%    95.0%   100.0%       100%/0%/0%    1.170    0.071     5.0%     0.0%   0.0000   0.0017     0.4%
[STAGE-A]    515     1.2s    0.1052    90.0%    90.0%    99.1%       100%/0%/0%    1.121    0.050    10.0%     0.0%   0.0000  -0.0004     0.0%
[STAGE-A]    516     1.3s    0.0656    90.0%    90.0%    99.6%       100%/0%/0%    1.195    0.071    10.0%     0.0%   0.0000  -0.0023     0.2%
[STAGE-A]    517     1.3s    0.1109    85.0%    85.0%    99.2%        99%/1%/0%    1.144    0.062    15.0%     0.0%   0.0000   0.0053     0.5%
[STAGE-A]    518     1.1s    0.1429    95.0%    95.0%   100.0%       100%/0%/0%    1.070    0.066     5.0%     0.0%   0.0000   0.0035     0.3%
[STAGE-A]    519     1.3s    0.1132    95.0%    95.0%   100.0%       100%/0%/0%    1.155    0.081     5.0%     0.0%   0.0000   0.0033     0.3%
[STAGE-A]    520     1.2s    0.1264    95.0%    95.0%   100.0%       100%/0%/0%    1.035    0.046     5.0%     0.0%   0.0000   0.0024     0.5%
[STAGE-A]   [MA20] reward=0.0891 task_sr=88.8% miss=11.2% time_limit=0.0% v2v=0.2%
[STAGE-A]   [PPO ] p_loss=-0.0221 v_loss=0.7718 entropy=0.0000 grad=1.8309 active=64.7%
[STAGE-A]   [SIM ] avg_power(a)=0.4977 rsu_q=0.000 tx=1 no_tx=206 deadlock=0 svc=0.000GHz idle=100.0%
[STAGE-A]   [CMDP] lambda(E/I/R)=(0.000/0.000/0.000) cost(E/I/R)=(0.000/0.000/0.002)
[STAGE-A] 
[STAGE-A]     Ep    Wall    R/step     T_SR     V_SR     S_SR            L/R/V   Lat(s)       En     Miss      Ill      Ent       KL     Clip
[STAGE-A] --------------------------------------------------------------------------------------------------------------------------------
[STAGE-A]    521     1.2s    0.0945    90.0%    90.0%    99.1%        99%/0%/0%    1.095    0.072    10.0%     0.0%   0.0000   0.0022     0.7%
[STAGE-A]    522     1.3s    0.0902    90.0%    90.0%   100.0%        99%/1%/0%    1.185    0.067    10.0%     0.0%   0.0000   0.0009     0.5%
[STAGE-A]    523     1.5s    0.0362    80.0%    80.0%    99.2%        96%/2%/2%    1.242    0.075    20.0%     0.0%   0.0000   0.0013     3.3%
[STAGE-A]    524     1.4s    0.1168    90.0%    90.0%    98.7%        97%/2%/1%    1.167    0.059    10.0%     0.0%   0.0000   0.0077     2.4%
[STAGE-A]    525     1.3s    0.0942    85.0%    85.0%    99.6%        98%/1%/0%    1.132    0.075    15.0%     0.0%   0.0000   0.0065     1.2%
[STAGE-A]    526     1.2s    0.0732    80.0%    80.0%    99.6%       100%/0%/0%    1.168    0.069    20.0%     0.0%   0.0000   0.0041     0.3%
[STAGE-A]    527     1.3s    0.0704    90.0%    90.0%   100.0%       100%/0%/0%    1.235    0.075    10.0%     0.0%   0.0000  -0.0002     0.0%
[STAGE-A]    528     1.3s    0.0677    80.0%    80.0%    99.6%       100%/0%/0%    1.253    0.074    20.0%     0.0%   0.0000 9.17e-05     0.0%
[STAGE-A]    529     1.3s    0.0418    85.0%    85.0%    98.4%       100%/0%/0%    1.200    0.105    15.0%     0.0%   0.0000   0.0013     0.0%
[STAGE-A]    530     1.4s    0.0504    85.0%    85.0%    99.2%        99%/0%/0%    1.284    0.085    15.0%     0.0%   0.0000   0.0022     0.6%
[STAGE-A]   [MA20] reward=0.0876 task_sr=89.8% miss=10.2% time_limit=0.0% v2v=0.4%
[STAGE-A]   [PPO ] p_loss=0.0010 v_loss=0.7136 entropy=0.0000 grad=2.4114 active=80.3%
[STAGE-A]   [SIM ] avg_power(a)=0.4808 rsu_q=0.000 tx=1 no_tx=255 deadlock=0 svc=9.493GHz idle=93.8%
[STAGE-A]   [CMDP] lambda(E/I/R)=(0.000/0.000/0.000) cost(E/I/R)=(0.000/0.000/0.003)
[STAGE-A]    531     1.4s    0.0747    90.0%    90.0%   100.0%       100%/0%/0%    1.250    0.061    10.0%     0.0%   0.0000   0.0019     0.1%
[STAGE-A]    532     1.4s    0.0761    85.0%    85.0%   100.0%       100%/0%/0%    1.190    0.072    15.0%     0.0%   0.0000   0.0010     0.0%
[STAGE-A]    533     1.3s    0.0815    85.0%    85.0%    99.2%       100%/0%/0%    1.144    0.063    15.0%     0.0%   0.0000   0.0009     0.0%
[STAGE-A]    534     1.3s    0.0754    90.0%    90.0%   100.0%       100%/0%/0%    1.155    0.063    10.0%     0.0%   0.0000  -0.0005     0.0%
[STAGE-A]    535     1.3s    0.0537    85.0%    85.0%    98.8%       100%/0%/0%    1.272    0.076    15.0%     0.0%   0.0000   0.0013     0.0%
[STAGE-A]    536     1.3s    0.1129    90.0%    90.0%   100.0%       100%/0%/0%    1.160    0.079    10.0%     0.0%   0.0000   0.0006     0.0%
[STAGE-A]    537     1.3s    0.0573    90.0%    90.0%   100.0%       100%/0%/0%    1.255    0.088    10.0%     0.0%   0.0000   0.0032     0.2%
[STAGE-A]    538     1.4s    0.1102    90.0%    90.0%    99.2%       100%/0%/0%    1.174    0.080    10.0%     0.0%   0.0000  -0.0010     0.1%
[STAGE-A]    539     1.3s    0.0741    90.0%    90.0%   100.0%       100%/0%/0%    1.225    0.079    10.0%     0.0%   0.0000   0.0024     0.1%
[STAGE-A]    540     1.3s    0.0615    95.0%    95.0%    99.6%       100%/0%/0%    1.226    0.065     5.0%     0.0%   0.0000   0.0018     0.0%
[STAGE-A]   [MA20] reward=0.0756 task_sr=87.2% miss=12.8% time_limit=0.0% v2v=0.2%
[STAGE-A]   [PPO ] p_loss=-0.0086 v_loss=0.7377 entropy=0.0000 grad=2.0156 active=77.5%
[STAGE-A]   [SIM ] avg_power(a)=0.5726 rsu_q=0.000 tx=0 no_tx=248 deadlock=0 svc=0.000GHz idle=100.0%
[STAGE-A]   [CMDP] lambda(E/I/R)=(0.000/0.000/0.000) cost(E/I/R)=(0.000/0.000/0.000)
[STAGE-A] 
[STAGE-A]     Ep    Wall    R/step     T_SR     V_SR     S_SR            L/R/V   Lat(s)       En     Miss      Ill      Ent       KL     Clip
[STAGE-A] --------------------------------------------------------------------------------------------------------------------------------
[STAGE-A]    541     1.3s    0.0922    80.0%    80.0%    98.3%       100%/0%/0%    1.135    0.072    20.0%     0.0%   0.0000   0.0078     0.2%
[STAGE-A]    542     1.5s    0.0386    85.0%    85.0%    98.8%       100%/0%/0%    1.250    0.057    15.0%     0.0%   0.0000   0.0079     0.9%
[STAGE-A]    543     1.2s    0.1305    95.0%    95.0%   100.0%       100%/0%/0%    1.110    0.069     5.0%     0.0%   0.0000   0.0012     0.2%
[STAGE-A]    544     1.3s    0.0474    80.0%    80.0%    99.2%       100%/0%/0%    1.272    0.093    20.0%     0.0%   0.0000   0.0008     0.0%
[STAGE-A]    545     1.2s    0.0869    85.0%    85.0%    98.3%       100%/0%/0%    1.118    0.096    15.0%     0.0%   0.0000   0.0021     0.4%
[STAGE-A]    546     1.3s    0.0974    95.0%    95.0%   100.0%       100%/0%/0%    1.235    0.071     5.0%     0.0%   0.0000  -0.0047     0.3%
[STAGE-A]    547     1.3s    0.0713    85.0%    85.0%    99.2%       100%/0%/0%    1.232    0.059    15.0%     0.0%   0.0000   0.0011     0.0%
[STAGE-A]    548     1.3s    0.0958    90.0%    90.0%    98.8%       100%/0%/0%    1.217    0.069    10.0%     0.0%   0.0000   0.0002     0.0%
[STAGE-A]    549     1.2s    0.1034    85.0%    85.0%    99.6%       100%/0%/0%    1.137    0.079    15.0%     0.0%   0.0000   0.0037     0.4%
[STAGE-A]    550     1.3s    0.0798    95.0%    95.0%   100.0%       100%/0%/0%    1.225    0.076     5.0%     0.0%   0.0000  -0.0008     0.0%
[STAGE-A]   [MA20] reward=0.0810 task_sr=88.2% miss=11.7% time_limit=0.0% v2v=0.0%
[STAGE-A]   [PPO ] p_loss=-0.0213 v_loss=0.6557 entropy=0.0000 grad=2.8880 active=76.6%
[STAGE-A]   [SIM ] avg_power(a)=0.6803 rsu_q=0.000 tx=0 no_tx=245 deadlock=0 svc=0.000GHz idle=100.0%
[STAGE-A]   [CMDP] lambda(E/I/R)=(0.000/0.000/0.000) cost(E/I/R)=(0.000/0.000/0.000)
[STAGE-A]    551     1.2s    0.0925    90.0%    90.0%    99.6%       100%/0%/0%    1.184    0.108    10.0%     0.0%   0.0000   0.0042     0.0%
[STAGE-A]    552     1.3s    0.1100    90.0%    90.0%    99.6%       100%/0%/0%    1.095    0.077    10.0%     0.0%   0.0000  -0.0006     0.1%
[STAGE-A]    553     1.4s    0.0704    80.0%    80.0%    99.6%       100%/0%/0%    1.263    0.084    20.0%     0.0%   0.0000   0.0022     0.2%
[STAGE-A]    554     1.3s    0.0937    85.0%    85.0%    99.2%       100%/0%/0%    1.242    0.069    15.0%     0.0%   0.0000   0.0002     0.7%
[STAGE-A]    555     1.3s    0.0549    95.0%    95.0%   100.0%       100%/0%/0%    1.320    0.103     5.0%     0.0%   0.0000   0.0031     0.1%
[STAGE-A]    556     1.3s    0.0713   100.0%   100.0%   100.0%       100%/0%/0%    1.235    0.084     0.0%     0.0%   0.0000 4.20e-05     0.1%
[STAGE-A]    557     1.4s    0.0879    95.0%    95.0%   100.0%       100%/0%/0%    1.255    0.092     5.0%     0.0%   0.0000   0.0010     0.2%
[STAGE-A]    558     1.4s    0.0731    90.0%    90.0%    99.2%       100%/0%/0%    1.305    0.066    10.0%     0.0%   0.0000  -0.0005     0.0%
[STAGE-A]    559     1.3s    0.1044    90.0%    90.0%    99.1%       100%/0%/0%    1.089    0.056    10.0%     0.0%   0.0000  -0.0011     0.2%
[STAGE-A]    560     1.4s    0.0671    85.0%    85.0%    99.6%       100%/0%/0%    1.211    0.069    15.0%     0.0%   0.0000   0.0019     0.4%
[STAGE-A]   [MA20] reward=0.0834 task_sr=88.8% miss=11.2% time_limit=0.0% v2v=0.1%
[STAGE-A]   [PPO ] p_loss=-0.0006 v_loss=0.7335 entropy=0.0000 grad=1.1449 active=75.9%
[STAGE-A]   [SIM ] avg_power(a)=0.6436 rsu_q=0.000 tx=0 no_tx=243 deadlock=0 svc=0.000GHz idle=100.0%
[STAGE-A]   [CMDP] lambda(E/I/R)=(0.000/0.000/0.000) cost(E/I/R)=(0.000/0.000/0.000)
[STAGE-A]   → Best model saved: Success Rate = 0.892 (50-ep avg)
[STAGE-A] 
[STAGE-A]     Ep    Wall    R/step     T_SR     V_SR     S_SR            L/R/V   Lat(s)       En     Miss      Ill      Ent       KL     Clip
[STAGE-A] --------------------------------------------------------------------------------------------------------------------------------
[STAGE-A]    561     1.2s    0.0960    95.0%    95.0%   100.0%       100%/0%/0%    1.170    0.102     5.0%     0.0%   0.0000  -0.0021     0.2%
[STAGE-A]    562     1.4s    0.0633    80.0%    80.0%    99.2%       100%/0%/0%    1.211    0.061    20.0%     0.0%   0.0000   0.0020     0.0%
[STAGE-A]    563     1.3s    0.1077   100.0%   100.0%   100.0%       100%/0%/0%    1.225    0.069     0.0%     0.0%   0.0000   0.0017     0.1%
[STAGE-A]    564     1.3s    0.1044    95.0%    95.0%   100.0%       100%/0%/0%    1.205    0.079     5.0%     0.0%   0.0000  -0.0019     0.0%
[STAGE-A]    565     1.3s    0.0470    80.0%    80.0%    99.2%       100%/0%/0%    1.221    0.092    20.0%     0.0%   0.0000   0.0003     0.0%
[STAGE-A]    566     1.2s    0.1191    95.0%    95.0%    99.5%       100%/0%/0%    1.068    0.057     5.0%     0.0%   0.0000   0.0022     0.0%
[STAGE-A]    567     1.3s    0.0914   100.0%   100.0%   100.0%       100%/0%/0%    1.180    0.087     0.0%     0.0%   0.0000   0.0040     1.1%
[STAGE-A]    568     1.2s    0.1067    95.0%    95.0%   100.0%       100%/0%/0%    1.080    0.069     5.0%     0.0%   0.0000   0.0015     0.6%
[STAGE-A]    569     1.4s    0.0504    80.0%    80.0%   100.0%       100%/0%/0%    1.235    0.068    20.0%     0.0%   0.0000   0.0008     0.1%
[STAGE-A]    570     1.3s    0.0859    85.0%    85.0%    99.2%       100%/0%/0%    1.174    0.080    15.0%     0.0%   0.0000   0.0030     0.0%
[STAGE-A]   [MA20] reward=0.0849 task_sr=90.3% miss=9.8% time_limit=0.0% v2v=0.0%
[STAGE-A]   [PPO ] p_loss=-0.0069 v_loss=0.6689 entropy=0.0000 grad=1.3295 active=74.1%
[STAGE-A]   [SIM ] avg_power(a)=0.5684 rsu_q=0.000 tx=0 no_tx=237 deadlock=0 svc=0.000GHz idle=100.0%
[STAGE-A]   [CMDP] lambda(E/I/R)=(0.000/0.000/0.000) cost(E/I/R)=(0.000/0.000/0.000)
[STAGE-A]    571     1.4s    0.0676    70.0%    70.0%    99.6%       100%/0%/0%    1.274    0.081    30.0%     0.0%   0.0000   0.0044     0.3%
[STAGE-A]    572     1.3s    0.1138   100.0%   100.0%   100.0%       100%/0%/0%    1.115    0.087     0.0%     0.0%   0.0000   0.0014     0.3%
[STAGE-A]    573     1.3s    0.0542    90.0%    90.0%   100.0%       100%/0%/0%    1.300    0.081    10.0%     0.0%   0.0000  -0.0004     0.0%
[STAGE-A]    574     1.3s    0.1052    90.0%    90.0%   100.0%       100%/0%/0%    1.220    0.088    10.0%     0.0%   0.0000   0.0006     0.4%
[STAGE-A]    575     1.3s    0.1004    85.0%    85.0%    99.6%       100%/0%/0%    1.216    0.079    15.0%     0.0%   0.0000  -0.0034     0.4%
[STAGE-A]    576     1.3s    0.0967    95.0%    95.0%    99.6%       100%/0%/0%    1.126    0.053     5.0%     0.0%   0.0000 -5.99e-06     0.1%
[STAGE-A]    577     1.2s    0.1136    90.0%    90.0%    99.6%       100%/0%/0%    1.184    0.058    10.0%     0.0%   0.0000   0.0004     0.3%
[STAGE-A]    578     1.3s    0.1247    90.0%    90.0%   100.0%       100%/0%/0%    1.115    0.080    10.0%     0.0%   0.0000  -0.0003     0.2%
[STAGE-A]    579     1.3s    0.0746    85.0%    85.0%    99.1%       100%/0%/0%    1.137    0.100    15.0%     0.0%   0.0000  -0.0019     0.0%
[STAGE-A]    580     1.2s    0.0732    90.0%    90.0%   100.0%       100%/0%/0%    1.140    0.065    10.0%     0.0%   0.0000  -0.0002     0.7%
[STAGE-A]   [MA20] reward=0.0898 task_sr=89.5% miss=10.5% time_limit=0.0% v2v=0.0%
[STAGE-A]   [PPO ] p_loss=0.0011 v_loss=0.9676 entropy=0.0000 grad=1.7847 active=76.0%
[STAGE-A]   [SIM ] avg_power(a)=0.4868 rsu_q=0.000 tx=0 no_tx=228 deadlock=0 svc=0.000GHz idle=100.0%
[STAGE-A]   [CMDP] lambda(E/I/R)=(0.000/0.000/0.000) cost(E/I/R)=(0.000/0.000/0.000)
[STAGE-A] 
[STAGE-A]     Ep    Wall    R/step     T_SR     V_SR     S_SR            L/R/V   Lat(s)       En     Miss      Ill      Ent       KL     Clip
[STAGE-A] --------------------------------------------------------------------------------------------------------------------------------
[STAGE-A]    581     1.4s    0.0500    80.0%    80.0%    98.4%       100%/0%/0%    1.218    0.065    20.0%     0.0%   0.0000   0.0012     0.1%
[STAGE-A]    582     1.3s    0.1200    95.0%    95.0%   100.0%       100%/0%/0%    1.190    0.068     5.0%     0.0%   0.0000   0.0002     0.1%
[STAGE-A]    583     1.2s    0.1263    95.0%    95.0%   100.0%       100%/0%/0%    1.075    0.052     5.0%     0.0%   0.0000   0.0003     0.1%
[STAGE-A]    584     1.2s    0.1219    90.0%    90.0%   100.0%       100%/0%/0%    1.160    0.076    10.0%     0.0%   0.0000   0.0004     0.0%
[STAGE-A]    585     1.2s    0.1205    95.0%    95.0%   100.0%       100%/0%/0%    1.140    0.073     5.0%     0.0%   0.0000   0.0022     0.0%
[STAGE-A]    586     1.3s    0.1154    85.0%    85.0%   100.0%       100%/0%/0%    1.165    0.073    15.0%     0.0%   0.0000   0.0001     0.0%
[STAGE-A]    587     1.2s    0.1196    90.0%    90.0%    99.1%       100%/0%/0%    1.106    0.059    10.0%     0.0%   0.0000   0.0015     0.0%
[STAGE-A]    588     1.4s    0.0784    85.0%    85.0%    99.1%       100%/0%/0%    1.150    0.069    15.0%     0.0%   0.0000   0.0049     0.0%
[STAGE-A]    589     1.3s    0.1022    80.0%    80.0%   100.0%       100%/0%/0%    1.115    0.065    20.0%     0.0%   0.0000   0.0031     0.0%
[STAGE-A]    590     1.4s    0.0934    80.0%    80.0%    99.2%       100%/0%/0%    1.261    0.076    20.0%     0.0%   0.0000   0.0003     0.0%
[STAGE-A]   [MA20] reward=0.0986 task_sr=88.0% miss=12.0% time_limit=0.0% v2v=0.0%
[STAGE-A]   [PPO ] p_loss=-0.0223 v_loss=0.4620 entropy=0.0000 grad=0.8358 active=80.0%
[STAGE-A]   [SIM ] avg_power(a)=0.5020 rsu_q=0.000 tx=0 no_tx=256 deadlock=0 svc=0.000GHz idle=100.0%
[STAGE-A]   [CMDP] lambda(E/I/R)=(0.000/0.000/0.000) cost(E/I/R)=(0.000/0.000/0.000)
[STAGE-A]    591     1.2s    0.1050   100.0%   100.0%   100.0%       100%/0%/0%    1.160    0.085     0.0%     0.0%   0.0000  -0.0005     0.0%
[STAGE-A]    592     1.3s    0.0700    85.0%    85.0%    99.6%       100%/0%/0%    1.221    0.064    15.0%     0.0%   0.0000  -0.0024     0.2%
[STAGE-A]    593     1.3s    0.0792    85.0%    85.0%   100.0%       100%/0%/0%    1.230    0.080    15.0%     0.0%   0.0000   0.0007     0.0%
[STAGE-A]    594     1.3s    0.0784    95.0%    95.0%    99.6%       100%/0%/0%    1.179    0.075     5.0%     0.0%   0.0000   0.0020     0.0%
[STAGE-A]    595     1.3s    0.0864    90.0%    90.0%    99.6%       100%/0%/0%    1.174    0.076    10.0%     0.0%   0.0000  -0.0008     0.4%
[STAGE-A]    596     1.4s    0.0887    90.0%    90.0%    99.6%       100%/0%/0%    1.200    0.081    10.0%     0.0%   0.0000   0.0003     0.0%
[STAGE-A]    597     1.2s    0.0733    95.0%    95.0%    99.6%       100%/0%/0%    1.184    0.092     5.0%     0.0%   0.0000   0.0010     0.2%
[STAGE-A]    598     1.1s    0.1263    95.0%    95.0%    99.1%       100%/0%/0%    1.089    0.088     5.0%     0.0%   0.0000  -0.0001     0.0%
[STAGE-A]    599     1.2s    0.0919    90.0%    90.0%    99.5%       100%/0%/0%    1.084    0.102    10.0%     0.0%   0.0000 -1.44e-05     0.0%
[STAGE-A]    600     1.3s    0.0308    80.0%    80.0%    98.8%       100%/0%/0%    1.250    0.076    20.0%     0.0%   0.0000  -0.0017     0.0%
[STAGE-A]   [MA20] reward=0.0939 task_sr=89.0% miss=11.0% time_limit=0.0% v2v=0.0%
[STAGE-A]   [PPO ] p_loss=-0.0259 v_loss=1.2657 entropy=0.0000 grad=1.3926 active=79.4%
[STAGE-A]   [SIM ] avg_power(a)=0.4937 rsu_q=0.000 tx=0 no_tx=254 deadlock=0 svc=0.000GHz idle=100.0%
[STAGE-A]   [CMDP] lambda(E/I/R)=(0.000/0.000/0.000) cost(E/I/R)=(0.000/0.000/0.000)
[STAGE-A] 
[STAGE-A] [Train] completed: episodes=600 best_reward=2.2904 best_success_rate(50ep)=0.8970
[STAGE-A] [Train] key outputs: /root/vecOffloadingSim/runs/paper_stageA_seed42_20260217_183854/logs/metrics.csv, /root/vecOffloadingSim/runs/paper_stageA_seed42_20260217_183854/logs/training_stats.csv, /root/vecOffloadingSim/runs/paper_stageA_seed42_20260217_183854/models/best_model.pth
[STAGE-A] 
[STAGE-A] [Auto Plot] Generating training plots...
[STAGE-A] [DataRecorder] Training stats plots saved to: /root/vecOffloadingSim/runs/paper_stageA_seed42_20260217_183854/plots
[STAGE-A] [Auto Plot] plot_results.py ...
[STAGE-A] [Auto Plot] ✓ Saved: fig_latency_with_baselines.png | ✓ Saved: fig_summary_dashboard.png | ✓ All plots saved to: /root/vecOffloadingSim/runs/paper_stageA_seed42_20260217_183854/plots
[STAGE-A] [Auto Plot] plot_results.py done in 11.1s
[STAGE-A] [Auto Plot] generate_all_plots.py ...
[STAGE-A] [Auto Plot] ⚠ No baseline data found, skipping baseline comparison plot | ✓ All plots saved to: /root/vecOffloadingSim/runs/paper_stageA_seed42_20260217_183854/plots |   Total plots: 8
[STAGE-A] [Auto Plot] generate_all_plots.py done in 6.5s
[STAGE-A] [DataRecorder] All plots generated in: /root/vecOffloadingSim/runs/paper_stageA_seed42_20260217_183854/plots
[STAGE-A] [Auto Plot] jobs: ok=4 skipped=1 failed=0
[STAGE-A] [Auto Plot] generated figures: 34
[STAGE-A] [Auto Plot] sample: bias_annealing.png, cpu_efficiency.png, episode_duration.png, fig_constraint_health.png, fig_convergence_analysis.png, fig_convergence_baseline.png, fig_decision_distribution.png, fig_latency_with_baselines.png
[STAGE-A] [Auto Plot] manifest: /root/vecOffloadingSim/runs/paper_stageA_seed42_20260217_183854/plots/plot_manifest.json
