episode,policy,total_reward,avg_step_reward,loss,veh_success_rate,vehicle_success_rate,task_success_rate,subtask_success_rate,v2v_subtask_success_rate,decision_frac_local,decision_frac_rsu,decision_frac_v2v,avg_power,avg_queue_len,avg_veh_queue,avg_rsu_queue,ma_fairness,ma_reward_gap,ma_collaboration,v2v_gain_mean,v2v_gain_pos_rate,v2v_gain_pos_mean,max_agent_reward,min_agent_reward,avg_assigned_cpu_ghz,episode_vehicle_count,episode_task_count,duration
1,,22.343482963987086,0.11671741481993543,2.4034125502904256,0.8,0.8,0.8,0.9333333333333333,0.9411764705882353,0.35833333333333334,0.35,0.2916666666666667,0.49969110340299083,0.1055,0.1055,0.65,0.5584429462077012,58.72683482501765,91.42857142857143,0.39376084113080445,0.9142857142857143,0.44083642398564693,39.19708896404823,-19.529745860969424,7.544962259456267,20,20,3.6684658527374268
2,,29.20032907461133,0.15100164537305663,346071660.7518922,0.95,0.95,0.95,0.9910714285714286,1.0,0.3392857142857143,0.32142857142857145,0.3392857142857143,0.5221067964043469,0.078,0.078,0.52,0.888250814835921,50.864674331259124,89.47368421052632,0.3287237023226548,0.8947368421052632,0.37519853862077035,34.619046017386665,-16.245628313872455,8.075920078896516,20,20,3.618885040283203
