[Launcher] root=/root/vecOffloadingSim
[Launcher] run_dir=/root/vecOffloadingSim/runs/rc1_ablation_1500ep_20260322_180707/wo_dag
[Launcher] config_snapshot=/root/vecOffloadingSim/runs/run_1000ep_A_20260320/logs/config_snapshot.json
[Launcher] ABLATION_MODE=no_dag
[Launcher] EPISODES=1500
[Launcher] DEVICE_NAME=cuda
[Launcher] started_at=2026-03-22 18:07:07 CST

[ConfigSnapshot] load=True path=/root/vecOffloadingSim/runs/run_1000ep_A_20260320/logs/config_snapshot.json
[ConfigEffective] USE_SIMPLIFIED_CRITIC=False COMMWAIT_DIRECT_TO_CRITIC=True USE_LOGIT_BIAS=True USE_FIXED_POWER=False CTDE_GLOBAL_DIM=30 GLOBAL_STATE_SOURCE=env_single_source
[ScaleCheck] UNIFIED cap: step<=~0.000 ep<=~0.0 term=10.0 ep/term=0.00 (Td_min=0.40s, DT=0.10s, i_cap=3, e_cap=1.5)
[ConfigDump] saved: /root/vecOffloadingSim/runs/rc1_ablation_1500ep_20260322_180707/wo_dag/config_dump.json
[ConfigSnapshot] saved: /root/vecOffloadingSim/runs/rc1_ablation_1500ep_20260322_180707/wo_dag/logs/config_snapshot.json
[RunMeta] saved: /root/vecOffloadingSim/runs/rc1_ablation_1500ep_20260322_180707/wo_dag/run_meta.json

======================================================================================================================
[Train] MAPPO VEC training started
======================================================================================================================
[Run] id=wo_dag seed=42 device=cuda reward=UNIFIED candidate=ALL (all_feasible=True)
[Train] episodes=1500 steps/ep=300 eval_interval=1 save_interval=100 baseline_eval=off
[Scenario] vehicles=20 rsu=2 map=1000.0m lanes=2 v2v_range=200.0m rsu_range=300.0m
[Physics] BW_V2I=10.00MHz BW_V2V=20.00MHz RB=10 Ptx=[0.0200,0.1995]W (13.0,23.0 dBm) DT=0.100s
[ScaleCheck] UNIFIED nominal: E_loc=9J E_tx=0.00750952J r_time=-0 r_energy=-0 r_interf=-0 (B_RB=2e+06Hz, SNR=20dB, dt=0.1, Td=10, rho=0.7)
[Compute] f_local=[1.00,1.80]GHz f_rsu=6.00GHz
[PPO] lr=2.00e-04 gamma=0.995 gae=0.950 clip=0.250 ent=0.020 batch=256 epochs=5 d_model=128 layers=2
[Logging] step_metrics=off step_logs=off tb_obs=on
[Paths] run=/root/vecOffloadingSim/runs/rc1_ablation_1500ep_20260322_180707/wo_dag
[Paths] logs=/root/vecOffloadingSim/runs/rc1_ablation_1500ep_20260322_180707/wo_dag/logs  models=/root/vecOffloadingSim/runs/rc1_ablation_1500ep_20260322_180707/wo_dag/models  plots=/root/vecOffloadingSim/runs/rc1_ablation_1500ep_20260322_180707/wo_dag/plots
======================================================================================================================


    Ep    Wall    R/step     T_SR     V_SR     S_SR            L/R/V   Lat(s)       En     Miss      Ill      Ent       KL     Clip
--------------------------------------------------------------------------------------------------------------------------------
     1    19.6s   -0.0001     5.0%     5.0%    64.5%      36%/36%/28%    1.392    0.369    95.0%     0.0%   2.2428   0.0111    12.5%
  [MA20] reward=-0.0001 task_sr=5.0% miss=95.0% time_limit=0.0% v2v=28.0%
  [RWRD] r_prog=0.0308 r_term=-0.0319 r_illegal=0.0000
  [PPO ] p_loss=-0.0003 v_loss=7.5080 entropy=2.2428 grad=32.4908 active=100.0%
  [SIM ] avg_power(a)=0.5016 rsu_q=1.071 tx=100 no_tx=57 deadlock=0 svc=0.000GHz idle=0.0%
  → Best model saved: sr=0.050 miss=0.950 tl=0.000 cft=1.392 illegal=0.000
     2     8.5s   -0.0008    20.0%    20.0%    62.2%      22%/35%/43%    0.602    0.363    80.0%     0.0%   2.1514   0.0093     4.0%
     3    15.5s    0.0013    10.0%    10.0%    66.9%      26%/34%/41%    2.595    0.438    90.0%     0.0%   1.9885   0.0195     5.8%
     4    19.7s    0.0012    10.0%    10.0%    59.9%      27%/29%/43%    2.653    0.434    90.0%     0.0%   2.0304   0.0054     6.0%
     5    17.2s    0.0016    25.0%    25.0%    64.1%      24%/38%/38%    1.591    0.432    75.0%     0.0%   2.0768   0.0131     3.4%
     6     5.3s    0.0026    50.0%    50.0%    80.2%      26%/34%/40%    1.104    0.350    50.0%     0.0%   2.0188   0.0049     3.8%
     7     4.4s    0.0059    80.0%    80.0%    90.6%      24%/34%/41%    1.002    0.221    20.0%     0.0%   2.0083   0.0051     3.4%
     8     9.8s    0.0020    20.0%    20.0%    69.4%      23%/30%/47%    1.869    0.349    80.0%     0.0%   1.9154   0.0058     3.0%
     9     8.6s    0.0019    30.0%    30.0%    81.9%      31%/30%/39%    1.737    0.342    70.0%     0.0%   1.9144   0.0101     2.4%
    10     8.4s    0.0024    45.0%    45.0%    83.4%      33%/28%/39%    1.971    0.187    55.0%     0.0%   1.8498   0.0097     3.0%
  [MA20] reward=0.0018 task_sr=29.5% miss=70.5% time_limit=0.0% v2v=39.8%
  [RWRD] r_prog=0.0252 r_term=-0.0008 r_illegal=0.0000
  [PPO ] p_loss=0.0045 v_loss=0.9074 entropy=1.8498 grad=16.0077 active=100.0%
  [SIM ] avg_power(a)=0.5049 rsu_q=1.069 tx=114 no_tx=59 deadlock=0 svc=0.000GHz idle=0.0%
  → Best model saved: sr=0.295 miss=0.705 tl=0.000 cft=1.652 illegal=0.000
    11    14.3s    0.0015    20.0%    20.0%    64.5%      23%/36%/42%    2.188    0.382    80.0%     0.0%   1.8761   0.0054     4.4%
    12    21.4s    0.0011     5.0%     5.0%    63.3%      34%/31%/35%    2.727    0.415    95.0%     0.0%   2.0621   0.0067     3.8%
    13    13.4s    0.0025    40.0%    40.0%    70.2%      31%/34%/36%    2.217    0.280    60.0%     0.0%   1.9630   0.0089     4.3%
    14     6.0s    0.0002    25.0%    25.0%    69.5%      28%/32%/41%    0.637    0.424    75.0%     0.0%   2.0118   0.0108     4.7%
    15    16.1s    0.0009     5.0%     5.0%    50.8%      38%/23%/39%    1.977    0.501    90.0%     0.0%   1.9682   0.0105     3.9%
    16     3.7s    0.0070    90.0%    90.0%    93.9%      31%/24%/45%    0.804    0.157    10.0%     0.0%   1.9019   0.0033     3.8%
    17    10.9s    0.0009    20.0%    20.0%    67.5%      40%/24%/36%    1.614    0.434    80.0%     0.0%   1.9556   0.0095     2.9%
    18    19.7s    0.0021    15.0%    15.0%    63.4%      33%/26%/41%    2.889    0.388    85.0%     0.0%   1.9023   0.0086     3.4%
    19     9.5s    0.0024    30.0%    30.0%    78.0%      36%/27%/37%    1.944    0.304    70.0%     0.0%   1.8982   0.0071     3.6%
    20    24.3s    0.0007    15.0%    15.0%    47.2%      39%/17%/43%    2.965    0.443    85.0%     0.0%   1.9438   0.0101     6.4%
  [MA20] reward=0.0019 task_sr=28.0% miss=71.8% time_limit=0.0% v2v=39.6%
  [RWRD] r_prog=0.0259 r_term=-0.0193 r_illegal=0.0000
  [PPO ] p_loss=0.0040 v_loss=0.8700 entropy=1.9438 grad=22.4806 active=100.0%
  [SIM ] avg_power(a)=0.4942 rsu_q=0.222 tx=99 no_tx=71 deadlock=0 svc=0.000GHz idle=0.0%

    Ep    Wall    R/step     T_SR     V_SR     S_SR            L/R/V   Lat(s)       En     Miss      Ill      Ent       KL     Clip
--------------------------------------------------------------------------------------------------------------------------------
    21     4.4s    0.0023    45.0%    45.0%    79.1%      43%/22%/35%    0.941    0.310    50.0%     0.0%   1.8521   0.0142     4.3%
    22    13.5s    0.0018    15.0%    15.0%    53.0%      48%/16%/36%    1.741    0.346    85.0%     0.0%   2.0805   0.0158     4.2%
    23     9.2s    0.0002    10.0%    10.0%    67.9%      47%/19%/34%    1.632    0.405    90.0%     0.0%   1.9502   0.0033     4.8%
    24     4.9s    0.0029    45.0%    45.0%    72.5%      47%/14%/39%    0.762    0.242    55.0%     0.0%   1.8370   0.0039     4.3%
    25     4.8s    0.0011    40.0%    40.0%    81.7%      44%/20%/36%    1.008    0.367    60.0%     0.0%   1.7505   0.0109     4.4%
    26    19.0s    0.0010    25.0%    25.0%    70.8%      40%/34%/26%    1.862    0.266    75.0%     0.0%   2.1259   0.0097     7.1%
    27     8.3s    0.0044    55.0%    55.0%    81.1%      39%/32%/29%    1.554    0.182    45.0%     0.0%   1.7737   0.0085     3.8%
    28    13.0s    0.0030    40.0%    40.0%    75.5%      31%/39%/30%    1.802    0.259    60.0%     0.0%   1.9482   0.0135     5.6%
    29    29.9s    0.0005    10.0%    10.0%    60.1%      37%/40%/23%    3.152    0.381    90.0%     0.0%   1.9937   0.0095     3.0%
    30     4.2s    0.0047    75.0%    75.0%    93.2%      45%/26%/30%    0.759    0.126    25.0%     0.0%   1.7793   0.0140     2.6%
  [MA20] reward=0.0021 task_sr=31.2% miss=68.2% time_limit=0.0% v2v=35.6%
  [RWRD] r_prog=0.0071 r_term=0.0404 r_illegal=0.0000
  [PPO ] p_loss=0.0108 v_loss=0.8025 entropy=1.7793 grad=11.9912 active=100.0%
  [SIM ] avg_power(a)=0.4992 rsu_q=0.042 tx=70 no_tx=59 deadlock=0 svc=0.000GHz idle=0.0%
  → Best model saved: sr=0.307 miss=0.690 tl=0.000 cft=1.723 illegal=0.000
    31     4.8s    0.0053    80.0%    80.0%    92.0%      37%/36%/27%    1.085    0.222    20.0%     0.0%   1.7666   0.0138     3.4%
    32     9.5s    0.0021    30.0%    30.0%    76.8%      38%/38%/24%    1.873    0.262    70.0%     0.0%   1.7467   0.0131     5.2%
    33     9.1s    0.0005    35.0%    35.0%    74.2%      30%/54%/16%    0.760    0.234    65.0%     0.0%   1.9384   0.0092     3.4%
    34     9.8s    0.0033    45.0%    45.0%    78.8%      34%/36%/31%    1.746    0.256    50.0%     0.0%   1.7583   0.0121     8.2%
    35    19.4s   -0.0001    15.0%    15.0%    65.0%      31%/54%/15%    1.956    0.252    85.0%     0.0%   2.0402   0.0110     3.7%
    36    36.3s   -0.0001     5.0%     5.0%    59.5%      26%/45%/28%    1.737    0.349    95.0%     0.0%   2.0118   0.0070     3.7%
    37     3.0s    0.0122   100.0%   100.0%   100.0%      27%/48%/25%    0.799    0.096     0.0%     0.0%   1.8153  -0.0006     4.0%
    38     8.5s    0.0041    70.0%    70.0%    88.2%      30%/45%/24%    1.753    0.253    30.0%     0.0%   1.8557   0.0127     5.4%
    39     8.0s    0.0066    85.0%    85.0%    96.5%      30%/40%/30%    1.835    0.134    15.0%     0.0%   1.9550   0.0134     4.3%
    40    11.3s    0.0020    25.0%    25.0%    76.0%      30%/31%/39%    1.903    0.241    75.0%     0.0%   1.9029   0.0056     3.8%
  [MA20] reward=0.0029 task_sr=42.5% miss=57.0% time_limit=0.0% v2v=28.9%
  [RWRD] r_prog=0.0359 r_term=-0.0154 r_illegal=0.0000
  [PPO ] p_loss=0.0133 v_loss=0.8544 entropy=1.9029 grad=24.3223 active=100.0%
  [SIM ] avg_power(a)=0.5051 rsu_q=0.586 tx=118 no_tx=54 deadlock=0 svc=0.000GHz idle=0.0%

    Ep    Wall    R/step     T_SR     V_SR     S_SR            L/R/V   Lat(s)       En     Miss      Ill      Ent       KL     Clip
--------------------------------------------------------------------------------------------------------------------------------
    41     8.6s    0.0066    85.0%    85.0%    94.4%      30%/46%/24%    1.751    0.111    15.0%     0.0%   1.9545   0.0069     3.0%
    42     9.4s    0.0019    25.0%    25.0%    72.4%      36%/33%/31%    1.521    0.364    75.0%     0.0%   1.9896  -0.0059     3.0%
    43     4.1s    0.0051    65.0%    65.0%    87.1%      39%/32%/28%    0.690    0.253    35.0%     0.0%   1.9069   0.0101     1.6%
    44    14.1s    0.0012    30.0%    30.0%    75.1%      27%/40%/33%    1.750    0.259    70.0%     0.0%   2.0385   0.0053     3.1%
    45     4.6s    0.0029    60.0%    60.0%    84.2%      32%/29%/38%    0.906    0.210    35.0%     0.0%   1.8402   0.0140     2.6%
    46    16.1s    0.0008    10.0%    10.0%    59.2%      35%/36%/30%    1.368    0.453    90.0%     0.0%   2.1807   0.0053     3.5%
    47     8.2s    0.0038    45.0%    45.0%    84.4%      36%/28%/36%    1.763    0.216    55.0%     0.0%   1.9237   0.0084     4.0%
    48     8.8s    0.0047    55.0%    55.0%    89.6%      30%/36%/34%    2.027    0.230    45.0%     0.0%   1.9465   0.0102     3.8%
    49     4.7s    0.0054    70.0%    70.0%    86.6%      28%/37%/35%    0.792    0.129    30.0%     0.0%   1.9134   0.0108     4.3%
    50     4.1s    0.0050    70.0%    70.0%    90.8%      37%/35%/28%    0.767    0.188    30.0%     0.0%   1.8487   0.0127     8.7%
  [MA20] reward=0.0037 task_sr=50.2% miss=49.3% time_limit=0.0% v2v=28.8%
  [RWRD] r_prog=0.0119 r_term=0.0379 r_illegal=0.0000
  [PPO ] p_loss=-0.0032 v_loss=0.6555 entropy=1.8487 grad=1.9327 active=100.0%
  [SIM ] avg_power(a)=0.5588 rsu_q=0.227 tx=77 no_tx=47 deadlock=0 svc=0.000GHz idle=0.0%
  → Best model saved: sr=0.385 miss=0.611 tl=0.000 cft=1.609 illegal=0.000
    51    40.1s    0.0009     5.0%     5.0%    57.2%      25%/53%/22%    1.997    0.394    95.0%     0.0%   2.2813   0.0156     5.4%
    52     9.4s    0.0044    60.0%    60.0%    86.3%      25%/47%/28%    1.827    0.213    40.0%     0.0%   1.9105   0.0039     5.2%
    53     9.1s    0.0039    50.0%    50.0%    78.9%      31%/42%/27%    1.738    0.251    45.0%     0.0%   1.9725   0.0068     7.3%
    54     3.2s    0.0082    95.0%    95.0%    98.5%      24%/47%/28%    0.748    0.042     5.0%     0.0%   1.7447   0.0105     5.6%
    55     3.8s    0.0076    90.0%    90.0%    96.7%      15%/57%/28%    0.673    0.116    10.0%     0.0%   1.8345   0.0046     6.4%
    56    13.5s    0.0051    90.0%    90.0%    99.6%      17%/65%/18%    2.535    0.102    10.0%     0.0%   1.6352 9.49e-05    11.1%
    57     9.3s    0.0050    75.0%    75.0%    86.8%      12%/73%/15%    1.574    0.078    25.0%     0.0%   1.5955   0.0155     6.9%
    58     7.0s    0.0072    90.0%    90.0%    97.4%      15%/63%/23%    1.616    0.110    10.0%     0.0%   1.6324   0.0134     6.5%
    59    10.2s    0.0041    65.0%    65.0%    85.9%      10%/71%/18%    1.862    0.091    35.0%     0.0%   1.5699   0.0027     6.7%
    60     8.7s    0.0047    75.0%    75.0%    89.2%       8%/68%/24%    1.620    0.190    25.0%     0.0%   1.6707   0.0174     7.8%
  [MA20] reward=0.0044 task_sr=60.5% miss=39.0% time_limit=0.0% v2v=27.4%
  [RWRD] r_prog=0.0200 r_term=0.0265 r_illegal=0.0000
  [PPO ] p_loss=-0.0081 v_loss=0.5421 entropy=1.6707 grad=12.0639 active=100.0%
  [SIM ] avg_power(a)=0.5200 rsu_q=3.793 tx=171 no_tx=16 deadlock=0 svc=0.000GHz idle=0.0%
  → Best model saved: sr=0.465 miss=0.530 tl=0.000 cft=1.603 illegal=0.000

    Ep    Wall    R/step     T_SR     V_SR     S_SR            L/R/V   Lat(s)       En     Miss      Ill      Ent       KL     Clip
--------------------------------------------------------------------------------------------------------------------------------
    61     7.2s    0.0073    95.0%    95.0%    96.8%       9%/71%/20%    1.589    0.064     5.0%     0.0%   1.6759  -0.0015     8.8%
    62     7.6s    0.0071    90.0%    90.0%    94.5%      13%/67%/20%    1.653    0.082    10.0%     0.0%   1.5453   0.0139     8.5%
    63     4.9s    0.0073    80.0%    80.0%    91.2%       7%/74%/19%    0.711    0.042    20.0%     0.0%   1.5356  -0.0045     7.8%
    64     4.0s    0.0076    90.0%    90.0%    96.3%       8%/73%/20%    0.798    0.043    10.0%     0.0%   1.5976   0.0085     7.0%
    65     2.6s    0.0208   100.0%   100.0%   100.0%      10%/72%/19%    0.683    0.052     0.0%     0.0%   1.5207   0.0005     6.2%
    66     4.8s    0.0063    80.0%    80.0%    87.5%      12%/78%/10%    0.749    0.040    20.0%     0.0%   1.6128   0.0122     6.4%
    67     3.8s    0.0078    90.0%    90.0%    95.4%      10%/73%/17%    0.777    0.044    10.0%     0.0%   1.5372   0.0101     6.2%
    68     7.4s    0.0068    95.0%    95.0%    97.9%       8%/76%/16%    1.597    0.059     5.0%     0.0%   1.6484   0.0113     9.3%
    69     2.6s    0.0169   100.0%   100.0%   100.0%       9%/67%/24%    0.755    0.107     0.0%     0.0%   1.4802   0.0183    10.0%
    70     9.2s    0.0063    85.0%    85.0%    91.7%       8%/75%/17%    1.761    0.077    15.0%     0.0%   1.6145   0.0151     8.7%
  [MA20] reward=0.0073 task_sr=80.0% miss=19.7% time_limit=0.0% v2v=20.6%
  [RWRD] r_prog=0.0286 r_term=0.0340 r_illegal=0.0000
  [PPO ] p_loss=0.0059 v_loss=0.4667 entropy=1.6145 grad=5.1727 active=100.0%
  [SIM ] avg_power(a)=0.4946 rsu_q=4.821 tx=179 no_tx=15 deadlock=0 svc=0.000GHz idle=0.0%
  → Best model saved: sr=0.593 miss=0.403 tl=0.000 cft=1.425 illegal=0.000
    71     6.7s    0.0092   100.0%   100.0%   100.0%       9%/79%/12%    1.564    0.071     0.0%     0.0%   1.6068   0.0005     9.4%
    72    15.7s    0.0047    85.0%    85.0%    92.7%       8%/80%/13%    2.554    0.137    15.0%     0.0%   1.5922   0.0065    11.6%
    73     3.7s    0.0092    95.0%    95.0%    97.0%       9%/81%/10%    0.729    0.043     5.0%     0.0%   1.7611   0.0183     9.1%
    74     2.6s    0.0208   100.0%   100.0%   100.0%      11%/74%/15%    0.687    0.059     0.0%     0.0%   1.5153  -0.0090    10.0%
    75    15.6s    0.0019    40.0%    40.0%    70.1%       10%/82%/8%    1.704    0.139    60.0%     0.0%   2.0453   0.0104    11.1%
    76     7.9s    0.0072    90.0%    90.0%    94.8%      13%/72%/15%    1.821    0.116    10.0%     0.0%   1.7028   0.0055    11.1%
    77    12.2s    0.0049    90.0%    90.0%    98.5%      16%/67%/17%    2.474    0.086    10.0%     0.0%   1.8142   0.0102    10.3%
    78    11.6s    0.0080   100.0%   100.0%   100.0%      12%/75%/13%    2.209    0.116     0.0%     0.0%   1.6966   0.0110     7.3%
    79     9.5s    0.0058    80.0%    80.0%    90.5%      13%/74%/13%    1.653    0.085    20.0%     0.0%   1.8324   0.0215    11.5%
    80     3.2s    0.0085    95.0%    95.0%    97.6%      14%/69%/18%    0.712    0.035     5.0%     0.0%   1.8005   0.0109     5.7%
  [MA20] reward=0.0087 task_sr=89.0% miss=11.0% time_limit=0.0% v2v=15.7%
  [RWRD] r_prog=0.0161 r_term=0.0685 r_illegal=0.0000
  [PPO ] p_loss=0.0167 v_loss=0.4269 entropy=1.8005 grad=13.8698 active=100.0%
  [SIM ] avg_power(a)=0.4987 rsu_q=0.818 tx=105 no_tx=17 deadlock=0 svc=0.000GHz idle=0.0%
  → Best model saved: sr=0.696 miss=0.301 tl=0.000 cft=1.443 illegal=0.000

    Ep    Wall    R/step     T_SR     V_SR     S_SR            L/R/V   Lat(s)       En     Miss      Ill      Ent       KL     Clip
--------------------------------------------------------------------------------------------------------------------------------
    81     3.4s    0.0075    85.0%    85.0%    95.0%      18%/68%/14%    0.705    0.030    15.0%     0.0%   1.8751   0.0111     7.8%
    82     9.6s    0.0064    80.0%    80.0%    87.7%       17%/74%/9%    1.745    0.113    20.0%     0.0%   1.7789   0.0254    11.6%
    83     6.3s    0.0037    65.0%    65.0%    82.0%      24%/45%/32%    0.709    0.114    35.0%     0.0%   1.9861   0.0080    10.6%
    84    10.6s    0.0047    55.0%    55.0%    83.3%      20%/56%/24%    1.658    0.149    45.0%     0.0%   1.8829   0.0112     8.6%
    85     3.7s    0.0070    90.0%    90.0%    96.2%      19%/59%/22%    0.813    0.054    10.0%     0.0%   1.8990   0.0127     6.6%
    86    10.6s    0.0051    75.0%    75.0%    89.3%      20%/58%/22%    1.848    0.129    25.0%     0.0%   1.9370   0.0065     6.6%
    87    15.5s    0.0035    55.0%    55.0%    84.8%      27%/48%/26%    2.337    0.158    45.0%     0.0%   1.8875   0.0139     7.9%
    88     8.2s    0.0049    80.0%    80.0%    91.6%      26%/47%/27%    1.660    0.183    20.0%     0.0%   1.8013   0.0124     3.1%
    89     4.1s    0.0054    75.0%    75.0%    87.5%      26%/52%/22%    0.677    0.182    25.0%     0.0%   1.7809   0.0166     3.0%
    90     7.0s    0.0080    95.0%    95.0%    99.0%      24%/59%/17%    1.645    0.102     5.0%     0.0%   1.8749   0.0146     3.8%
  [MA20] reward=0.0068 task_sr=81.5% miss=18.5% time_limit=0.0% v2v=17.3%
  [RWRD] r_prog=0.0314 r_term=0.0488 r_illegal=0.0000
  [PPO ] p_loss=0.0005 v_loss=0.4580 entropy=1.8749 grad=14.3230 active=100.0%
  [SIM ] avg_power(a)=0.4954 rsu_q=3.880 tx=147 no_tx=46 deadlock=0 svc=0.000GHz idle=0.0%
  → Best model saved: sr=0.749 miss=0.249 tl=0.000 cft=1.410 illegal=0.000
    91     7.7s    0.0066    90.0%    90.0%    97.9%      20%/61%/19%    1.717    0.118    10.0%     0.0%   1.8201   0.0077     3.5%
    92     6.9s    0.0071    95.0%    95.0%    97.0%      20%/66%/14%    1.581    0.075     5.0%     0.0%   1.6530   0.0030     3.1%
    93    18.1s    0.0040    75.0%    75.0%    86.6%      14%/69%/17%    2.624    0.214    25.0%     0.0%   1.7314   0.0058     3.8%
    94     8.5s    0.0068    85.0%    85.0%    97.5%      24%/63%/13%    1.756    0.095    15.0%     0.0%   1.7214   0.0177     4.1%
    95     3.8s    0.0064    85.0%    85.0%    94.0%      24%/57%/19%    0.726    0.027    15.0%     0.0%   1.7315  -0.0036     3.5%
    96    23.0s    0.0025    45.0%    45.0%    76.5%      26%/59%/15%    2.761    0.214    55.0%     0.0%   1.9335   0.0058     3.0%
    97     9.0s    0.0044    70.0%    70.0%    87.7%      29%/51%/21%    1.658    0.203    30.0%     0.0%   1.9326   0.0149     4.3%
    98    19.9s    0.0014    25.0%    25.0%    67.2%      25%/64%/11%    1.716    0.179    75.0%     0.0%   2.2738   0.0198     4.9%
    99    10.9s    0.0042    65.0%    65.0%    78.3%      21%/68%/10%    1.622    0.083    35.0%     0.0%   1.7491   0.0119     5.0%
   100    14.0s    0.0045    75.0%    75.0%    93.7%      20%/67%/12%    2.208    0.135    25.0%     0.0%   1.8130   0.0051     5.8%
  [MA20] reward=0.0052 task_sr=73.2% miss=26.7% time_limit=0.0% v2v=18.2%
  [RWRD] r_prog=0.0234 r_term=0.0217 r_illegal=0.0000
  [PPO ] p_loss=-0.0169 v_loss=0.4678 entropy=1.8130 grad=18.1071 active=100.0%
  [SIM ] avg_power(a)=0.4925 rsu_q=5.829 tx=191 no_tx=49 deadlock=0 svc=0.000GHz idle=0.0%
  [Checkpoint] saved: ep0100.pth

    Ep    Wall    R/step     T_SR     V_SR     S_SR            L/R/V   Lat(s)       En     Miss      Ill      Ent       KL     Clip
--------------------------------------------------------------------------------------------------------------------------------
   101    31.6s    0.0035    55.0%    55.0%    75.8%      23%/66%/11%    2.394    0.182    45.0%     0.0%   1.9345   0.0100     5.5%
   102     9.7s    0.0054    75.0%    75.0%    88.9%      21%/66%/13%    1.531    0.063    25.0%     0.0%   1.8528   0.0149     9.7%
   103     4.3s    0.0055    80.0%    80.0%    88.3%      35%/46%/19%    0.625    0.102    20.0%     0.0%   1.9907   0.0143     3.3%
   104     9.1s    0.0067    80.0%    80.0%    92.2%      27%/59%/14%    1.703    0.080    20.0%     0.0%   1.7569   0.0032     9.4%
   105     8.8s    0.0059    75.0%    75.0%    93.5%      26%/59%/14%    1.663    0.086    25.0%     0.0%   1.8872   0.0090    11.9%
   106     7.9s    0.0067    90.0%    90.0%    93.8%      36%/49%/14%    1.574    0.085    10.0%     0.0%   1.9245   0.0097    15.0%
   107     8.6s    0.0051    75.0%    75.0%    89.2%      25%/58%/17%    1.522    0.142    25.0%     0.0%   1.7541  -0.0023    10.6%
   108    14.6s    0.0034    65.0%    65.0%    80.7%      33%/52%/14%    2.311    0.269    35.0%     0.0%   1.8897   0.0134     4.7%
   109    12.5s    0.0039    70.0%    70.0%    92.8%      32%/55%/13%    2.150    0.170    30.0%     0.0%   1.7679   0.0042     4.0%
   110     7.2s    0.0079    95.0%    95.0%    97.6%      34%/52%/13%    1.774    0.092     5.0%     0.0%   1.7504   0.0105     4.2%
  [MA20] reward=0.0051 task_sr=73.5% miss=26.5% time_limit=0.0% v2v=14.7%
  [RWRD] r_prog=0.0298 r_term=0.0493 r_illegal=0.0000
  [PPO ] p_loss=0.0235 v_loss=0.5079 entropy=1.7504 grad=12.0531 active=100.0%
  [SIM ] avg_power(a)=0.5016 rsu_q=2.375 tx=134 no_tx=70 deadlock=0 svc=0.000GHz idle=0.0%
   111    35.2s   -0.0000     5.0%     5.0%    62.3%      24%/61%/14%    3.161    0.233    95.0%     0.0%   2.1684   0.0083     5.2%
   112     3.5s    0.0078    90.0%    90.0%    97.6%      38%/52%/10%    0.703    0.027    10.0%     0.0%   1.9132   0.0074     3.4%
   113     8.5s    0.0046    60.0%    60.0%    91.2%      41%/45%/14%    1.689    0.236    40.0%     0.0%   1.8722   0.0086     8.8%
   114    21.1s    0.0011    25.0%    25.0%    62.3%      28%/60%/12%    1.667    0.235    75.0%     0.0%   2.2795   0.0084     5.2%
   115     8.3s    0.0062    90.0%    90.0%    94.2%       39%/53%/8%    1.472    0.051    10.0%     0.0%   1.8413   0.0112    11.7%
   116     6.5s    0.0086    95.0%    95.0%    96.9%      40%/45%/15%    1.578    0.093     0.0%     0.0%   1.8159   0.0088     5.7%
   117     2.5s    0.0177   100.0%   100.0%   100.0%       48%/42%/9%    0.730    0.053     0.0%     0.0%   1.6809   0.0053     7.3%
   118     7.2s    0.0070    90.0%    90.0%    97.0%      50%/38%/11%    1.764    0.044    10.0%     0.0%   1.7064   0.0113     6.8%
   119    11.8s    0.0046    80.0%    80.0%    95.6%      41%/45%/14%    2.393    0.071    20.0%     0.0%   1.7980   0.0156    11.9%
   120    24.1s    0.0007    25.0%    25.0%    65.5%      39%/37%/23%    2.129    0.455    75.0%     0.0%   2.2216   0.0085     9.3%
  [MA20] reward=0.0056 task_sr=71.0% miss=28.7% time_limit=0.0% v2v=13.7%
  [RWRD] r_prog=0.0184 r_term=-0.0111 r_illegal=0.0000
  [PPO ] p_loss=0.0197 v_loss=0.7962 entropy=2.2216 grad=13.7371 active=100.0%
  [SIM ] avg_power(a)=0.5027 rsu_q=1.526 tx=120 no_tx=79 deadlock=0 svc=0.000GHz idle=0.0%

    Ep    Wall    R/step     T_SR     V_SR     S_SR            L/R/V   Lat(s)       En     Miss      Ill      Ent       KL     Clip
--------------------------------------------------------------------------------------------------------------------------------
   121    10.0s    0.0051    75.0%    75.0%    93.2%      43%/34%/24%    1.704    0.205    25.0%     0.0%   2.1134   0.0231     9.6%
   122     8.3s    0.0047    70.0%    70.0%    91.8%      46%/34%/20%    1.874    0.181    30.0%     0.0%   1.9105   0.0112    10.7%
   123     7.1s    0.0083    95.0%    95.0%    99.5%      41%/47%/12%    1.646    0.100     5.0%     0.0%   1.9011   0.0081    13.4%
   124    14.8s    0.0041    60.0%    60.0%    90.1%      44%/41%/14%    2.657    0.223    40.0%     0.0%   1.9501   0.0158    15.9%
   125     7.5s    0.0059    80.0%    80.0%    91.5%      46%/39%/15%    1.552    0.150    20.0%     0.0%   1.9788   0.0048    12.4%
   126    16.0s    0.0037    65.0%    65.0%    90.7%      43%/44%/13%    2.537    0.115    35.0%     0.0%   1.7954   0.0143    14.0%
   127     8.2s    0.0042    55.0%    55.0%    87.3%      51%/32%/17%    1.691    0.219    45.0%     0.0%   1.8717   0.0183    14.5%
   128     9.6s    0.0040    55.0%    55.0%    82.4%      51%/31%/17%    1.624    0.245    45.0%     0.0%   1.8384   0.0233    13.5%
   129     3.3s    0.0077    95.0%    95.0%    98.5%       67%/26%/8%    0.683    0.014     5.0%     0.0%   1.6595   0.0064     7.7%
   130    17.9s    0.0010    25.0%    25.0%    72.0%      55%/32%/13%    1.392    0.372    75.0%     0.0%   2.3160   0.0180     9.8%
  [MA20] reward=0.0054 task_sr=66.8% miss=33.0% time_limit=0.0% v2v=14.2%
  [RWRD] r_prog=0.0249 r_term=-0.0146 r_illegal=0.0000
  [PPO ] p_loss=-0.0021 v_loss=1.1263 entropy=2.3160 grad=12.8694 active=100.0%
  [SIM ] avg_power(a)=0.5139 rsu_q=0.929 tx=78 no_tx=97 deadlock=0 svc=0.000GHz idle=0.0%
   131     2.6s    0.0188   100.0%   100.0%   100.0%      67%/21%/12%    0.719    0.044     0.0%     0.0%   1.5980   0.0138    11.6%
   132     3.6s    0.0067    85.0%    85.0%    94.7%       69%/25%/6%    0.679    0.027    15.0%     0.0%   1.8996   0.0093     8.7%
   133     8.0s    0.0073    80.0%    80.0%    95.1%      54%/36%/10%    1.677    0.026    20.0%     0.0%   1.8119   0.0067    10.7%
   134    12.5s    0.0055    85.0%    85.0%    92.1%      56%/34%/10%    2.570    0.111    15.0%     0.0%   1.7415   0.0108    12.1%
   135     7.0s    0.0061    80.0%    80.0%    95.6%      53%/37%/11%    1.481    0.116    20.0%     0.0%   1.6938   0.0191    14.9%
   136    10.9s    0.0050    70.0%    70.0%    93.4%       58%/37%/4%    1.570    0.039    30.0%     0.0%   1.9895   0.0129    16.5%
   137     7.3s    0.0083    90.0%    90.0%    99.5%       74%/19%/7%    1.703    0.016    10.0%     0.0%   1.7411   0.0240    14.8%
   138    13.4s    0.0057    75.0%    75.0%    96.1%       74%/22%/4%    2.518    0.022    25.0%     0.0%   1.6825   0.0171    14.3%
   139     7.1s    0.0096    90.0%    90.0%    97.5%       83%/12%/5%    1.661    0.014    10.0%     0.0%   1.6590   0.0123    16.5%
   140     5.9s    0.0094   100.0%   100.0%   100.0%       84%/11%/5%    1.634    0.017     0.0%     0.0%   1.5647   0.0139    13.1%
  [MA20] reward=0.0065 task_sr=76.5% miss=23.5% time_limit=0.0% v2v=11.4%
  [RWRD] r_prog=0.0383 r_term=0.0561 r_illegal=0.0000
  [PPO ] p_loss=-0.0132 v_loss=0.2058 entropy=1.5647 grad=10.7068 active=100.0%
  [SIM ] avg_power(a)=0.4843 rsu_q=0.500 tx=30 no_tx=160 deadlock=0 svc=0.000GHz idle=0.0%

    Ep    Wall    R/step     T_SR     V_SR     S_SR            L/R/V   Lat(s)       En     Miss      Ill      Ent       KL     Clip
--------------------------------------------------------------------------------------------------------------------------------
   141    12.0s    0.0063    75.0%    75.0%    97.7%       76%/18%/6%    2.779    0.029    25.0%     0.0%   1.5934   0.0068    14.5%
   142    27.4s    0.0018    15.0%    15.0%    73.3%       81%/12%/8%    2.260    0.334    85.0%     0.0%   2.4232   0.0324    14.6%
   143     2.8s    0.0093    95.0%    95.0%    99.2%        91%/5%/4%    0.644    0.005     5.0%     0.0%   1.6822   0.0191    11.6%
   144     3.7s    0.0174   100.0%   100.0%   100.0%        86%/5%/9%    0.679    0.040     0.0%     0.0%   1.5446   0.0080     9.8%
   145     7.9s    0.0080    90.0%    90.0%    98.5%        93%/2%/4%    1.896    0.007    10.0%     0.0%   1.7677   0.0082    12.3%
   146     8.5s    0.0063    75.0%    75.0%    89.8%        91%/5%/4%    1.822    0.137    25.0%     0.0%   1.7057   0.0164    13.6%
   147     7.8s    0.0064    70.0%    70.0%    93.6%        87%/9%/5%    1.672    0.011    30.0%     0.0%   1.7442   0.0162    11.2%
   148     7.2s    0.0082    90.0%    90.0%    99.5%        92%/4%/3%    1.776    0.002    10.0%     0.0%   1.5130   0.0125    12.0%
   149     7.1s    0.0075    90.0%    90.0%    99.0%        91%/7%/2%    1.641    0.006    10.0%     0.0%   1.6237   0.0223    11.7%
   150     6.5s    0.0084    90.0%    90.0%    99.0%        93%/4%/3%    1.818    0.004    10.0%     0.0%   1.4950   0.0114     8.6%
  [MA20] reward=0.0081 task_sr=82.2% miss=17.8% time_limit=0.0% v2v=6.1%
  [RWRD] r_prog=0.0426 r_term=0.0410 r_illegal=0.0000
  [PPO ] p_loss=0.0032 v_loss=0.2444 entropy=1.4950 grad=2.7717 active=100.0%
  [SIM ] avg_power(a)=0.5043 rsu_q=0.231 tx=12 no_tx=184 deadlock=0 svc=0.000GHz idle=0.0%
   151     8.8s    0.0079    90.0%    90.0%    98.5%        93%/5%/2%    1.771    0.002    10.0%     0.0%   1.6484   0.0240    10.9%
   152     6.7s    0.0082    90.0%    90.0%    99.0%        94%/5%/1%    1.679    0.003    10.0%     0.0%   1.6045   0.0164     9.0%
   153    14.2s    0.0066    70.0%    70.0%    94.1%        90%/9%/1%    2.954    0.007    30.0%     0.0%   1.6816   0.0118    11.8%
   154    13.6s    0.0065    75.0%    75.0%    95.9%       88%/10%/3%    2.893    0.007    25.0%     0.0%   1.5372   0.0340    12.7%
   155     7.4s    0.0090    90.0%    90.0%    97.9%        94%/5%/2%    1.748    0.003    10.0%     0.0%   1.5663   0.0211     9.1%
   156    11.9s    0.0063    75.0%    75.0%    97.6%        94%/6%/1%    2.636    0.004    25.0%     0.0%   1.6029   0.0167     8.8%
   157     7.4s    0.0086    90.0%    90.0%    99.0%        96%/4%/0%    1.826     !ERR    10.0%     0.0%   1.5515   0.0062     6.2%
   158     7.5s    0.0083   100.0%   100.0%   100.0%        96%/4%/0%    1.704     !ERR     0.0%     0.0%   1.6856   0.0063     6.7%
   159     9.7s    0.0060    70.0%    70.0%    93.9%        94%/4%/2%    2.591    0.003    30.0%     0.0%   1.3750   0.0151     9.3%
   160     2.3s    0.0239   100.0%   100.0%   100.0%        94%/5%/1%    0.653    0.002     0.0%     0.0%   1.0026   0.0052     4.9%
  [MA20] reward=0.0085 task_sr=82.0% miss=18.0% time_limit=0.0% v2v=2.9%
  [RWRD] r_prog=0.0294 r_term=0.2092 r_illegal=0.0000
  [PPO ] p_loss=-0.0101 v_loss=0.2534 entropy=1.0026 grad=6.9660 active=100.0%
  [SIM ] avg_power(a)=0.4940 rsu_q=0.000 tx=8 no_tx=123 deadlock=0 svc=0.000GHz idle=0.0%

    Ep    Wall    R/step     T_SR     V_SR     S_SR            L/R/V   Lat(s)       En     Miss      Ill      Ent       KL     Clip
--------------------------------------------------------------------------------------------------------------------------------
   161     2.1s    0.0216   100.0%   100.0%   100.0%        92%/7%/1%    0.653    0.002     0.0%     0.0%   1.0041   0.0140     7.0%
   162    14.6s    0.0053    70.0%    70.0%    93.6%        92%/7%/1%    2.339    0.004    30.0%     0.0%   1.5933   0.0203     8.1%
   163    13.5s    0.0062    70.0%    70.0%    95.8%        93%/5%/2%    2.727    0.003    30.0%     0.0%   1.6570   0.0095     8.2%
   164    12.1s    0.0067    80.0%    80.0%    98.0%        93%/5%/2%    2.529    0.004    20.0%     0.0%   1.5554   0.0126     8.9%
   165     6.4s    0.0076    75.0%    75.0%    96.4%        93%/5%/2%    1.611    0.002    25.0%     0.0%   1.5116   0.0092     7.6%
   166     7.3s    0.0094    95.0%    95.0%    98.5%        92%/8%/0%    1.571    0.002     5.0%     0.0%   1.5382   0.0226     8.3%
   167     2.3s    0.0208   100.0%   100.0%   100.0%        97%/3%/0%    0.676     !ERR     0.0%     0.0%   1.0428   0.0037     3.1%
   168    12.9s    0.0060    75.0%    75.0%    96.8%        96%/3%/1%    2.453    0.001    25.0%     0.0%   1.6228   0.0021     9.6%
   169     2.1s    0.0237   100.0%   100.0%   100.0%        97%/2%/1%    0.644    0.001     0.0%     0.0%   0.7939   0.0070     3.1%
   170     7.4s    0.0087    95.0%    95.0%    98.5%        98%/1%/1%    1.767     !ERR     5.0%     0.0%   1.5713   0.0064     4.0%
  [MA20] reward=0.0104 task_sr=85.5% miss=14.5% time_limit=0.0% v2v=1.0%
  [RWRD] r_prog=0.0416 r_term=0.0455 r_illegal=0.0000
  [PPO ] p_loss=0.0016 v_loss=0.2462 entropy=1.5713 grad=6.1423 active=100.0%
  [SIM ] avg_power(a)=0.4944 rsu_q=0.000 tx=4 no_tx=197 deadlock=0 svc=0.000GHz idle=0.0%
   171     3.4s    0.0212   100.0%   100.0%   100.0%        97%/1%/2%    0.643    0.001     0.0%     0.0%   1.1475   0.0033     2.2%
   172     2.2s    0.0192   100.0%   100.0%   100.0%        91%/9%/1%    0.651    0.003     0.0%     0.0%   1.1582   0.0128     6.0%
   173     2.7s    0.0214   100.0%   100.0%   100.0%        92%/5%/3%    0.643    0.003     0.0%     0.0%   1.0951   0.0163     5.2%
   174     2.3s    0.0211   100.0%   100.0%   100.0%        98%/1%/2%    0.638     !ERR     0.0%     0.0%   1.0694  -0.0010     5.4%
   175     4.0s    0.0209   100.0%   100.0%   100.0%        96%/2%/2%    0.662    0.002     0.0%     0.0%   1.1478   0.0143     4.1%
   176     2.8s    0.0210   100.0%   100.0%   100.0%        93%/4%/3%    0.681    0.005     0.0%     0.0%   1.0548  -0.0095     6.2%
   177     6.4s    0.0071    70.0%    70.0%    95.9%        97%/1%/2%    1.673    0.004    30.0%     0.0%   1.4284   0.0098     9.8%
   178     2.4s    0.0212   100.0%   100.0%   100.0%        95%/2%/3%    0.671    0.003     0.0%     0.0%   0.9036   0.0149     4.8%
   179     7.6s    0.0080    85.0%    85.0%    98.0%        98%/1%/1%    1.896    0.002    15.0%     0.0%   1.4692   0.0111    10.6%
   180     8.0s    0.0074    80.0%    80.0%    96.6%        99%/1%/0%    1.733     !ERR    20.0%     0.0%   1.6552   0.0100    10.7%
  [MA20] reward=0.0142 task_sr=89.8% miss=10.2% time_limit=0.0% v2v=1.4%
  [RWRD] r_prog=0.0440 r_term=0.0303 r_illegal=0.0000
  [PPO ] p_loss=0.0049 v_loss=0.2675 entropy=1.6552 grad=2.8713 active=100.0%
  [SIM ] avg_power(a)=0.4792 rsu_q=0.000 tx=3 no_tx=200 deadlock=0 svc=0.000GHz idle=0.0%
  → Best model saved: sr=0.858 miss=0.142 tl=0.000 cft=1.610 illegal=0.000

    Ep    Wall    R/step     T_SR     V_SR     S_SR            L/R/V   Lat(s)       En     Miss      Ill      Ent       KL     Clip
--------------------------------------------------------------------------------------------------------------------------------
   181    13.3s    0.0079    70.0%    70.0%    95.9%        99%/0%/1%    1.766    0.002    30.0%     0.0%   1.8974   0.0091     8.4%
   182    21.1s    0.0049    60.0%    60.0%    94.6%        98%/1%/1%    2.451    0.001    40.0%     0.0%   1.8283   0.0104     9.9%
   183     7.5s    0.0083    85.0%    85.0%    98.1%       100%/0%/0%    1.808     !ERR    15.0%     0.0%   1.4578   0.0157     6.7%
   184     7.2s    0.0087    95.0%    95.0%    99.5%        99%/0%/1%    1.827     !ERR     5.0%     0.0%   1.4231   0.0119     4.7%
   185    11.7s    0.0063    85.0%    85.0%    98.0%        98%/1%/2%    2.474    0.002    15.0%     0.0%   1.3952   0.0176     6.9%
   186     3.0s    0.0210   100.0%   100.0%   100.0%        99%/1%/1%    0.674    0.001     0.0%     0.0%   0.9149  -0.0069     2.6%
   187     7.5s    0.0083    95.0%    95.0%    99.5%       100%/0%/0%    1.747     !ERR     5.0%     0.0%   1.4768   0.0061     5.8%
   188     2.3s    0.0212   100.0%   100.0%   100.0%        99%/1%/0%    0.668     !ERR     0.0%     0.0%   0.8649  -0.0002     2.0%
   189     7.3s    0.0090    90.0%    90.0%    97.6%       100%/0%/0%    1.665     !ERR    10.0%     0.0%   1.4577   0.0051     4.1%
   190     6.8s    0.0099    95.0%    95.0%    99.0%        99%/1%/0%    1.730     !ERR     5.0%     0.0%   1.3819   0.0074     4.4%
  [MA20] reward=0.0137 task_sr=90.5% miss=9.5% time_limit=0.0% v2v=1.2%
  [RWRD] r_prog=0.0495 r_term=0.0492 r_illegal=0.0000
  [PPO ] p_loss=0.0060 v_loss=0.2697 entropy=1.3819 grad=6.1479 active=100.0%
  [SIM ] avg_power(a)=0.4908 rsu_q=0.000 tx=1 no_tx=195 deadlock=0 svc=0.000GHz idle=0.0%
   191     7.8s    0.0099   100.0%   100.0%   100.0%       100%/0%/0%    1.650     !ERR     0.0%     0.0%   1.3511   0.0095     4.6%
   192     2.1s    0.0191   100.0%   100.0%   100.0%       100%/0%/0%    0.626     !ERR     0.0%     0.0%   1.0064  -0.0011     4.2%
   193     2.0s    0.0214   100.0%   100.0%   100.0%       100%/0%/0%    0.639     !ERR     0.0%     0.0%   0.8068  -0.0050     9.0%
   194    13.8s    0.0059    50.0%    50.0%    91.2%       100%/0%/0%    2.665     !ERR    50.0%     0.0%   1.2403   0.0128    10.4%
   195     2.2s    0.0213   100.0%   100.0%   100.0%       100%/0%/0%    0.647     !ERR     0.0%     0.0%   0.7915  -0.0024     5.4%
   196    12.9s    0.0067    75.0%    75.0%    96.6%       100%/0%/0%    2.669     !ERR    25.0%     0.0%   1.3205   0.0114    10.3%
   197     2.1s    0.0236   100.0%   100.0%   100.0%       100%/0%/0%    0.632     !ERR     0.0%     0.0%   0.7239   0.0030     1.6%
   198     7.0s    0.0080    95.0%    95.0%    99.5%       100%/0%/0%    1.732     !ERR     5.0%     0.0%   1.3130   0.0155    10.9%
   199     8.5s    0.0066    80.0%    80.0%    98.6%        99%/0%/1%    1.700    0.001    20.0%     0.0%   1.4008   0.0124     7.2%
   200     7.0s    0.0078    75.0%    75.0%    97.3%       100%/0%/0%    1.918     !ERR    25.0%     0.0%   1.4434   0.0031     4.6%
  [MA20] reward=0.0118 task_sr=87.5% miss=12.5% time_limit=0.0% v2v=0.3%
  [RWRD] r_prog=0.0526 r_term=0.0258 r_illegal=0.0000
  [PPO ] p_loss=0.0004 v_loss=0.4256 entropy=1.4434 grad=3.9330 active=100.0%
  [SIM ] avg_power(a)=0.4844 rsu_q=0.000 tx=0 no_tx=184 deadlock=0 svc=0.000GHz idle=0.0%
  [Checkpoint] saved: ep0200.pth

    Ep    Wall    R/step     T_SR     V_SR     S_SR            L/R/V   Lat(s)       En     Miss      Ill      Ent       KL     Clip
--------------------------------------------------------------------------------------------------------------------------------
   201     6.4s    0.0074    75.0%    75.0%    97.4%       100%/0%/0%    1.527     !ERR    25.0%     0.0%   1.3083   0.0057     5.0%
   202     2.1s    0.0242   100.0%   100.0%   100.0%        99%/0%/1%    0.636     !ERR     0.0%     0.0%   0.6890   0.0070     2.8%
   203     7.0s    0.0091    95.0%    95.0%    99.5%        99%/1%/1%    1.855     !ERR     5.0%     0.0%   1.3323   0.0121     4.1%
   204    13.4s    0.0053    60.0%    60.0%    93.2%       100%/0%/0%    2.732     !ERR    40.0%     0.0%   1.4047   0.0078     4.1%
   205    10.5s    0.0071    90.0%    90.0%    99.5%       100%/0%/0%    1.745     !ERR    10.0%     0.0%   1.6546   0.0066     4.1%
   206     7.4s    0.0084    95.0%    95.0%    99.0%        99%/1%/0%    1.762     !ERR     5.0%     0.0%   1.3623   0.0005     4.3%
   207     7.7s    0.0078    85.0%    85.0%    98.5%        99%/1%/0%    1.634     !ERR    15.0%     0.0%   1.3743   0.0046     3.6%
   208     8.0s    0.0089    95.0%    95.0%    99.5%        97%/2%/1%    1.762     !ERR     5.0%     0.0%   1.4511   0.0055     5.6%
   209     1.8s    0.0240   100.0%   100.0%   100.0%        98%/2%/0%    0.589     !ERR     0.0%     0.0%   0.7563   0.0068     2.1%
   210     7.0s    0.0091    90.0%    90.0%    98.5%        99%/0%/1%    1.881    0.001    10.0%     0.0%   1.2648   0.0101     2.2%
  [MA20] reward=0.0121 task_sr=88.0% miss=12.0% time_limit=0.0% v2v=0.2%
  [RWRD] r_prog=0.0493 r_term=0.0414 r_illegal=0.0000
  [PPO ] p_loss=-0.0365 v_loss=0.3913 entropy=1.2648 grad=9.3005 active=100.0%
  [SIM ] avg_power(a)=0.5066 rsu_q=0.120 tx=3 no_tx=202 deadlock=0 svc=0.000GHz idle=0.0%
   211     2.2s    0.0194   100.0%   100.0%   100.0%        99%/1%/0%    0.674     !ERR     0.0%     0.0%   1.0633  -0.0027     1.4%
   212    12.7s    0.0079    90.0%    90.0%    99.0%       100%/0%/0%    1.770     !ERR    10.0%     0.0%   1.7322   0.0076     2.6%
   213     7.4s    0.0086    90.0%    90.0%    97.9%        98%/2%/0%    1.709     !ERR    10.0%     0.0%   1.4076   0.0035     2.4%
   214     7.3s    0.0080    85.0%    85.0%    97.5%        98%/1%/1%    1.810     !ERR    15.0%     0.0%   1.3052   0.0039     2.5%
   215     2.7s    0.0213   100.0%   100.0%   100.0%        98%/2%/0%    0.593     !ERR     0.0%     0.0%   0.9991   0.0024     2.1%
   216    13.4s    0.0062    65.0%    65.0%    95.5%        97%/3%/0%    2.736     !ERR    35.0%     0.0%   1.4600   0.0042     3.9%
   217     2.7s    0.0190   100.0%   100.0%   100.0%        95%/3%/2%    0.612    0.006     0.0%     0.0%   1.0528   0.0108     3.6%
   218     7.0s    0.0086    90.0%    90.0%    97.9%        98%/1%/1%    1.776    0.002    10.0%     0.0%   1.3553   0.0006     2.4%
   219     1.9s    0.0238   100.0%   100.0%   100.0%        99%/0%/1%    0.615    0.001     0.0%     0.0%   0.7837  -0.0003     1.1%
   220    19.7s    0.0057    60.0%    60.0%    91.4%        99%/1%/0%    2.757     !ERR    40.0%     0.0%   1.5598   0.0122     5.5%
  [MA20] reward=0.0120 task_sr=88.2% miss=11.8% time_limit=0.0% v2v=0.4%
  [RWRD] r_prog=0.0486 r_term=0.0081 r_illegal=0.0000
  [PPO ] p_loss=0.0009 v_loss=0.2664 entropy=1.5598 grad=4.9455 active=100.0%
  [SIM ] avg_power(a)=0.5025 rsu_q=0.179 tx=3 no_tx=252 deadlock=0 svc=0.000GHz idle=0.0%

    Ep    Wall    R/step     T_SR     V_SR     S_SR            L/R/V   Lat(s)       En     Miss      Ill      Ent       KL     Clip
--------------------------------------------------------------------------------------------------------------------------------
   221     8.0s    0.0086   100.0%   100.0%   100.0%        97%/1%/2%    1.946    0.001     0.0%     0.0%   1.5318   0.0118     3.0%
   222     7.9s    0.0075    80.0%    80.0%    97.1%        97%/2%/1%    1.744    0.002    20.0%     0.0%   1.5433   0.0086     3.3%
   223     7.6s    0.0080    90.0%    90.0%    98.5%        99%/1%/0%    1.770     !ERR    10.0%     0.0%   1.4212   0.0063     3.9%
   224     7.1s    0.0079    85.0%    85.0%    97.4%        99%/1%/1%    1.668     !ERR    15.0%     0.0%   1.5441   0.0129     2.3%
   225     2.3s    0.0191   100.0%   100.0%   100.0%        98%/1%/1%    0.683    0.002     0.0%     0.0%   0.9394   0.0101     2.1%
   226     2.0s    0.0236   100.0%   100.0%   100.0%        98%/2%/0%    0.630     !ERR     0.0%     0.0%   0.7292   0.0066     1.9%
   227     2.3s    0.0189   100.0%   100.0%   100.0%        99%/1%/0%    0.643     !ERR     0.0%     0.0%   0.9893  -0.0033     2.5%
   228     6.1s    0.0080    95.0%    95.0%    99.0%       100%/0%/0%    1.718     !ERR     5.0%     0.0%   1.3606   0.0129     9.1%
   229    10.2s    0.0083    85.0%    85.0%    99.0%       100%/0%/0%    1.736     !ERR    15.0%     0.0%   1.7576   0.0141     4.8%
   230     7.1s    0.0087    95.0%    95.0%    99.5%        99%/1%/1%    1.687    0.001     5.0%     0.0%   1.4874   0.0038     5.6%
  [MA20] reward=0.0124 task_sr=90.5% miss=9.5% time_limit=0.0% v2v=0.6%
  [RWRD] r_prog=0.0405 r_term=0.0469 r_illegal=0.0000
  [PPO ] p_loss=0.0080 v_loss=0.2334 entropy=1.4874 grad=6.1745 active=100.0%
  [SIM ] avg_power(a)=0.4943 rsu_q=0.115 tx=2 no_tx=193 deadlock=0 svc=0.000GHz idle=0.0%
   231     2.7s    0.0188   100.0%   100.0%   100.0%        99%/1%/1%    0.712     !ERR     0.0%     0.0%   0.9666   0.0124     3.6%
   232     2.1s    0.0212   100.0%   100.0%   100.0%        99%/1%/0%    0.637     !ERR     0.0%     0.0%   0.9207   0.0050     3.4%
   233     7.8s    0.0077    85.0%    85.0%    98.5%        98%/1%/2%    1.790    0.002    15.0%     0.0%   1.4822   0.0119     8.2%
   234    11.4s    0.0064    80.0%    80.0%    96.8%        98%/0%/2%    1.630    0.002    20.0%     0.0%   1.8063   0.0151     6.8%
   235    15.2s    0.0061    75.0%    75.0%    94.7%        98%/1%/0%    2.758     !ERR    25.0%     0.0%   1.5859   0.0016     6.2%
   236     6.9s    0.0087    90.0%    90.0%    98.1%        99%/1%/0%    1.664     !ERR    10.0%     0.0%   1.2792   0.0104     4.3%
   237     2.7s    0.0211   100.0%   100.0%   100.0%       100%/0%/0%    0.661     !ERR     0.0%     0.0%   0.7993   0.0095     1.4%
   238    11.8s    0.0074    75.0%    75.0%    93.3%        99%/0%/1%    1.803    0.089    25.0%     0.0%   1.7528   0.0007     5.3%
   239     2.0s    0.0212   100.0%   100.0%   100.0%       100%/0%/0%    0.669     !ERR     0.0%     0.0%   0.8543   0.0058     0.7%
   240     7.4s    0.0078    80.0%    80.0%    95.2%        99%/0%/1%    1.772     !ERR    20.0%     0.0%   1.3616   0.0049     4.2%
  [MA20] reward=0.0123 task_sr=90.8% miss=9.2% time_limit=0.0% v2v=0.6%
  [RWRD] r_prog=0.0471 r_term=0.0312 r_illegal=0.0000
  [PPO ] p_loss=-0.0031 v_loss=0.2830 entropy=1.3616 grad=4.3676 active=100.0%
  [SIM ] avg_power(a)=0.5014 rsu_q=0.074 tx=2 no_tx=201 deadlock=0 svc=0.000GHz idle=0.0%

    Ep    Wall    R/step     T_SR     V_SR     S_SR            L/R/V   Lat(s)       En     Miss      Ill      Ent       KL     Clip
--------------------------------------------------------------------------------------------------------------------------------
   241     6.5s    0.0080    90.0%    90.0%    98.0%       100%/0%/0%    1.616     !ERR    10.0%     0.0%   1.4552   0.0082     3.5%
   242     7.0s    0.0080    80.0%    80.0%    98.0%        98%/1%/1%    1.843     !ERR    20.0%     0.0%   1.3877   0.0065     3.3%
   243    11.9s    0.0063    75.0%    75.0%    94.5%       100%/0%/0%    2.685     !ERR    25.0%     0.0%   1.4013   0.0048     4.8%
   244     6.5s    0.0087    85.0%    85.0%    96.9%        99%/0%/1%    1.578     !ERR    15.0%     0.0%   1.3456   0.0107     2.8%
   245     2.0s    0.0238   100.0%   100.0%   100.0%       100%/0%/0%    0.629     !ERR     0.0%     0.0%   0.7044   0.0003     0.5%
   246     4.0s    0.0237   100.0%   100.0%   100.0%        99%/1%/1%    0.662     !ERR     0.0%     0.0%   0.7266   0.0127     1.1%
   247     7.9s    0.0078    80.0%    80.0%    97.0%       100%/0%/0%    1.875     !ERR    20.0%     0.0%   1.5311   0.0095     1.8%
   248     6.7s    0.0088    85.0%    85.0%    98.4%       100%/0%/0%    1.790     !ERR    15.0%     0.0%   1.4703   0.0009     1.7%
   249     6.8s    0.0087    90.0%    90.0%    98.5%        99%/0%/0%    1.686     !ERR    10.0%     0.0%   1.3018   0.0049     3.1%
   250     2.2s    0.0212   100.0%   100.0%   100.0%        98%/2%/1%    0.642     !ERR     0.0%     0.0%   0.9406   0.0134     2.1%
  [MA20] reward=0.0126 task_sr=88.5% miss=11.5% time_limit=0.0% v2v=0.5%
  [RWRD] r_prog=0.0252 r_term=0.1866 r_illegal=0.0000
  [PPO ] p_loss=0.0065 v_loss=0.0343 entropy=0.9406 grad=3.9032 active=100.0%
  [SIM ] avg_power(a)=0.5198 rsu_q=0.000 tx=3 no_tx=123 deadlock=0 svc=0.000GHz idle=0.0%
   251     7.3s    0.0092    95.0%    95.0%    99.5%        98%/1%/0%    1.864     !ERR     5.0%     0.0%   1.3839   0.0080     2.0%
   252    15.1s    0.0061    70.0%    70.0%    96.1%        99%/0%/0%    2.901     !ERR    30.0%     0.0%   1.5412   0.0064     2.6%
   253     6.7s    0.0086    85.0%    85.0%    98.5%        99%/1%/1%    1.792    0.001    15.0%     0.0%   1.3720   0.0038     1.6%
   254     7.5s    0.0087    90.0%    90.0%    99.0%        99%/1%/0%    1.810     !ERR    10.0%     0.0%   1.4442   0.0044     2.8%
   255     7.4s    0.0080    90.0%    90.0%    97.5%       100%/0%/0%    1.622     !ERR    10.0%     0.0%   1.4743   0.0006     3.0%
   256    13.1s    0.0052    55.0%    55.0%    93.2%       100%/0%/0%    2.734     !ERR    45.0%     0.0%   1.4353   0.0064     2.8%
   257     9.3s    0.0075    85.0%    85.0%    99.0%        98%/0%/2%    1.744    0.003    15.0%     0.0%   1.5988   0.0051     3.5%
   258     6.8s    0.0080    90.0%    90.0%   100.0%        99%/1%/0%    1.800     !ERR    10.0%     0.0%   1.4942   0.0009     2.6%
   259     7.1s    0.0082    95.0%    95.0%    99.5%        98%/1%/1%    1.815    0.002     5.0%     0.0%   1.4292   0.0147     5.3%
   260     7.5s    0.0087    90.0%    90.0%    98.5%        99%/1%/0%    1.721     !ERR    10.0%     0.0%   1.4731   0.0136     4.2%
  [MA20] reward=0.0102 task_sr=86.5% miss=13.5% time_limit=0.0% v2v=0.4%
  [RWRD] r_prog=0.0451 r_term=0.0415 r_illegal=0.0000
  [PPO ] p_loss=-0.0069 v_loss=0.2136 entropy=1.4731 grad=1.6738 active=100.0%
  [SIM ] avg_power(a)=0.5134 rsu_q=0.000 tx=1 no_tx=197 deadlock=0 svc=0.000GHz idle=0.0%

    Ep    Wall    R/step     T_SR     V_SR     S_SR            L/R/V   Lat(s)       En     Miss      Ill      Ent       KL     Clip
--------------------------------------------------------------------------------------------------------------------------------
   261     8.1s    0.0085   100.0%   100.0%   100.0%        98%/2%/1%    1.737    0.001     0.0%     0.0%   1.5107   0.0140     4.7%
   262     6.5s    0.0105   100.0%   100.0%   100.0%        99%/0%/1%    1.833     !ERR     0.0%     0.0%   1.2893   0.0078     3.0%
   263     7.1s    0.0078    80.0%    80.0%    96.4%        98%/2%/0%    1.754     !ERR    20.0%     0.0%   1.5309   0.0162     3.7%
   264     2.1s    0.0191   100.0%   100.0%   100.0%        99%/0%/1%    0.627     !ERR     0.0%     0.0%   1.0049   0.0145     1.5%
   265     7.8s    0.0074    90.0%    90.0%    98.5%       100%/0%/0%    1.788     !ERR    10.0%     0.0%   1.5681   0.0010     2.3%
   266     6.2s    0.0092    95.0%    95.0%    99.5%       100%/0%/0%    1.626     !ERR     5.0%     0.0%   1.3206   0.0048     3.1%
   267    11.9s    0.0093    95.0%    95.0%    99.0%        99%/0%/1%    1.627    0.001     5.0%     0.0%   1.7066   0.0066     2.9%
   268    12.2s    0.0086    90.0%    90.0%    99.0%       100%/0%/0%    1.700     !ERR    10.0%     0.0%   1.6636   0.0048     3.4%
   269    12.8s    0.0068    85.0%    85.0%    97.8%       100%/0%/0%    2.577     !ERR    15.0%     0.0%   1.5251   0.0039     3.4%
   270     9.2s    0.0077    80.0%    80.0%    97.5%       100%/0%/0%    1.810     !ERR    20.0%     0.0%   1.5867   0.0005     3.8%
  [MA20] reward=0.0087 task_sr=88.0% miss=12.0% time_limit=0.0% v2v=0.4%
  [RWRD] r_prog=0.0467 r_term=0.0307 r_illegal=0.0000
  [PPO ] p_loss=-0.0019 v_loss=0.2544 entropy=1.5867 grad=4.9848 active=100.0%
  [SIM ] avg_power(a)=0.5165 rsu_q=0.259 tx=0 no_tx=198 deadlock=0 svc=0.000GHz idle=0.0%
   271     2.1s    0.0211   100.0%   100.0%   100.0%        98%/2%/0%    0.655     !ERR     0.0%     0.0%   0.9173   0.0017     1.6%
   272     1.9s    0.0210   100.0%   100.0%   100.0%        99%/1%/0%    0.603     !ERR     0.0%     0.0%   0.9160   0.0160     1.6%
   273    11.9s    0.0051    40.0%    40.0%    90.9%        99%/1%/0%    2.931     !ERR    60.0%     0.0%   1.4990   0.0138     5.0%
   274     6.4s    0.0078    80.0%    80.0%    96.5%        99%/1%/0%    1.569     !ERR    20.0%     0.0%   1.3482   0.0057     4.3%
   275    18.8s    0.0059    75.0%    75.0%    96.1%       100%/0%/0%    2.658     !ERR    25.0%     0.0%   1.6487   0.0099     5.0%
   276    11.8s    0.0069    90.0%    90.0%    99.0%       100%/0%/0%    1.576     !ERR    10.0%     0.0%   1.8058   0.0049     6.1%
   277     7.0s    0.0082    95.0%    95.0%    99.0%       100%/0%/0%    1.684     !ERR     5.0%     0.0%   1.4184   0.0125     4.9%
   278    15.8s    0.0060    75.0%    75.0%    96.5%       100%/0%/0%    2.490     !ERR    25.0%     0.0%   1.6262   0.0159     5.9%
   279     7.8s    0.0072    80.0%    80.0%    98.0%       100%/0%/0%    1.844     !ERR    20.0%     0.0%   1.4397   0.0074     4.6%
   280    12.3s    0.0067    60.0%    60.0%    91.4%       100%/0%/0%    2.765     !ERR    40.0%     0.0%   1.5055   0.0097     6.8%
  [MA20] reward=0.0096 task_sr=85.5% miss=14.5% time_limit=0.0% v2v=0.1%
  [RWRD] r_prog=0.0582 r_term=0.0089 r_illegal=0.0000
  [PPO ] p_loss=0.0219 v_loss=0.3168 entropy=1.5055 grad=5.3907 active=100.0%
  [SIM ] avg_power(a)=0.5222 rsu_q=0.000 tx=1 no_tx=244 deadlock=0 svc=0.000GHz idle=0.0%

    Ep    Wall    R/step     T_SR     V_SR     S_SR            L/R/V   Lat(s)       En     Miss      Ill      Ent       KL     Clip
--------------------------------------------------------------------------------------------------------------------------------
   281     7.7s    0.0072    80.0%    80.0%    98.1%       100%/0%/0%    1.751     !ERR    20.0%     0.0%   1.4262   0.0122     5.8%
   282    15.1s    0.0067    90.0%    90.0%    97.7%       100%/0%/0%    2.709    0.001    10.0%     0.0%   1.6458   0.0190     8.6%
   283     2.1s    0.0214   100.0%   100.0%   100.0%        99%/1%/0%    0.632     !ERR     0.0%     0.0%   0.8869   0.0011     2.4%
   284    14.0s    0.0067    75.0%    75.0%    97.7%        99%/1%/0%    2.725     !ERR    25.0%     0.0%   1.4710   0.0079     8.0%
   285     7.3s    0.0080    85.0%    85.0%    97.6%       100%/0%/0%    1.730     !ERR    15.0%     0.0%   1.4888   0.0093     9.1%
   286     7.1s    0.0089    80.0%    80.0%    99.0%       100%/0%/0%    1.776     !ERR    20.0%     0.0%   1.5338   0.0204     8.2%
   287     2.2s    0.0213   100.0%   100.0%   100.0%       100%/0%/0%    0.683     !ERR     0.0%     0.0%   0.7912   0.0007     4.9%
   288     6.9s    0.0078    90.0%    90.0%    99.0%       100%/0%/0%    1.631     !ERR    10.0%     0.0%   1.4380   0.0237     9.8%
   289     6.2s    0.0082    90.0%    90.0%    98.5%        98%/2%/0%    1.657     !ERR    10.0%     0.0%   1.3090   0.0215    11.2%
   290    13.0s    0.0062    60.0%    60.0%    93.1%       100%/0%/0%    2.723     !ERR    40.0%     0.0%   1.3580   0.0113    10.2%
  [MA20] reward=0.0099 task_sr=82.3% miss=17.8% time_limit=0.0% v2v=0.0%
  [RWRD] r_prog=0.0532 r_term=0.0084 r_illegal=0.0000
  [PPO ] p_loss=-0.0057 v_loss=0.2392 entropy=1.3580 grad=2.8648 active=100.0%
  [SIM ] avg_power(a)=0.5041 rsu_q=0.000 tx=0 no_tx=251 deadlock=0 svc=0.000GHz idle=0.0%
   291    25.4s    0.0065    65.0%    65.0%    95.7%       100%/0%/0%    2.883     !ERR    35.0%     0.0%   2.0504   0.0057    12.0%
   292     6.9s    0.0086    90.0%    90.0%    99.5%       100%/0%/0%    1.722     !ERR    10.0%     0.0%   1.4405   0.0167     9.3%
   293     1.9s    0.0238   100.0%   100.0%   100.0%       100%/0%/0%    0.657     !ERR     0.0%     0.0%   0.6764   0.0006     2.4%
   294     7.6s    0.0075    80.0%    80.0%    97.5%       100%/0%/0%    1.571     !ERR    20.0%     0.0%   1.4210   0.0093    11.4%
   295     6.7s    0.0101    95.0%    95.0%    99.0%       100%/0%/0%    1.639     !ERR     5.0%     0.0%   1.4959   0.0169     9.0%
   296     6.3s    0.0078    80.0%    80.0%    97.9%       100%/0%/0%    1.625     !ERR    20.0%     0.0%   1.3645   0.0073     9.3%
   297     2.4s    0.0212   100.0%   100.0%   100.0%       100%/0%/0%    0.669     !ERR     0.0%     0.0%   0.8357   0.0072     4.7%
   298     8.4s    0.0085    80.0%    80.0%    95.5%        99%/1%/0%    1.781     !ERR    20.0%     0.0%   1.4640   0.0161    10.3%
   299     9.8s    0.0089    95.0%    95.0%    99.5%       100%/0%/0%    1.732     !ERR     5.0%     0.0%   1.5854   0.0093     9.9%
   300     6.8s    0.0086    90.0%    90.0%    99.0%        99%/1%/0%    1.690     !ERR    10.0%     0.0%   1.5501   0.0030    11.8%
  [MA20] reward=0.0107 task_sr=86.2% miss=13.8% time_limit=0.0% v2v=0.0%
  [RWRD] r_prog=0.0421 r_term=0.0436 r_illegal=0.0000
  [PPO ] p_loss=-0.0104 v_loss=0.2428 entropy=1.5501 grad=6.9396 active=100.0%
  [SIM ] avg_power(a)=0.5024 rsu_q=0.000 tx=1 no_tx=190 deadlock=0 svc=0.000GHz idle=0.0%
  [Checkpoint] saved: ep0300.pth

    Ep    Wall    R/step     T_SR     V_SR     S_SR            L/R/V   Lat(s)       En     Miss      Ill      Ent       KL     Clip
--------------------------------------------------------------------------------------------------------------------------------
   301     2.2s    0.0190   100.0%   100.0%   100.0%        99%/1%/0%    0.650     !ERR     0.0%     0.0%   1.0065   0.0282     5.5%
   302     3.0s    0.0233   100.0%   100.0%   100.0%       100%/0%/0%    0.645     !ERR     0.0%     0.0%   0.7405  -0.0066     3.0%
   303    13.0s    0.0088    90.0%    90.0%    99.0%       100%/0%/0%    1.771     !ERR    10.0%     0.0%   1.9177   0.0096    10.5%
   304     9.7s    0.0088    95.0%    95.0%    99.1%       100%/0%/0%    1.609     !ERR     5.0%     0.0%   1.5056   0.0234    10.9%
   305     6.1s    0.0088    95.0%    95.0%    99.0%       100%/0%/0%    1.583     !ERR     5.0%     0.0%   1.2854   0.0130    12.4%
   306     6.1s    0.0091    95.0%    95.0%    99.5%        99%/1%/0%    1.626     !ERR     5.0%     0.0%   1.3432   0.0357    14.8%
   307     7.9s    0.0081    85.0%    85.0%    98.0%       100%/0%/0%    1.780     !ERR    15.0%     0.0%   1.4902   0.0164    14.3%
   308     2.6s    0.0208   100.0%   100.0%   100.0%       100%/0%/0%    0.665     !ERR     0.0%     0.0%   0.8370   0.0074     5.1%
   309     7.3s    0.0084    95.0%    95.0%    99.5%       100%/0%/0%    1.792     !ERR     5.0%     0.0%   1.3409   0.0138    13.1%
   310     1.8s    0.0236   100.0%   100.0%   100.0%       100%/0%/0%    0.631     !ERR     0.0%     0.0%   0.6417   0.0091     2.9%
  [MA20] reward=0.0125 task_sr=91.5% miss=8.5% time_limit=0.0% v2v=0.0%
  [RWRD] r_prog=0.0245 r_term=0.2117 r_illegal=0.0000
  [PPO ] p_loss=0.0012 v_loss=0.0634 entropy=0.6417 grad=2.6149 active=100.0%
  [SIM ] avg_power(a)=0.5055 rsu_q=0.625 tx=0 no_tx=130 deadlock=0 svc=0.000GHz idle=0.0%
   311    12.3s    0.0060    65.0%    65.0%    94.2%       100%/0%/0%    2.686     !ERR    35.0%     0.0%   1.3246   0.0079    14.7%
   312     7.7s    0.0070    70.0%    70.0%    97.6%       100%/0%/0%    2.034     !ERR    30.0%     0.0%   1.3027   0.0129    13.8%
   313     6.3s    0.0080    90.0%    90.0%    99.0%       100%/0%/0%    1.659     !ERR    10.0%     0.0%   1.3737   0.0118    12.7%
   314     2.2s    0.0212   100.0%   100.0%   100.0%        99%/1%/0%    0.652     !ERR     0.0%     0.0%   0.8403   0.0005     6.6%
   315     6.4s    0.0089    95.0%    95.0%   100.0%        99%/0%/1%    1.684    0.001     5.0%     0.0%   1.3528   0.0132    10.4%
   316     7.3s    0.0075    75.0%    75.0%    98.1%       100%/0%/0%    1.691     !ERR    25.0%     0.0%   1.2906   0.0100     9.6%
   317     6.7s    0.0099   100.0%   100.0%   100.0%       100%/0%/0%    1.832     !ERR     0.0%     0.0%   1.2263   0.0217    16.2%
   318    13.8s    0.0060    60.0%    60.0%    90.5%       100%/0%/0%    2.682     !ERR    40.0%     0.0%   1.5712   0.0025    10.7%
   319     7.4s    0.0092    95.0%    95.0%    99.0%       100%/0%/0%    1.797     !ERR     5.0%     0.0%   1.4696   0.0104     7.9%
   320     2.3s    0.0215   100.0%   100.0%   100.0%       100%/0%/0%    0.635     !ERR     0.0%     0.0%   0.8932   0.0020     3.3%
  [MA20] reward=0.0122 task_sr=90.3% miss=9.8% time_limit=0.0% v2v=0.1%
  [RWRD] r_prog=0.0276 r_term=0.1870 r_illegal=0.0000
  [PPO ] p_loss=0.0098 v_loss=0.0873 entropy=0.8932 grad=6.2870 active=100.0%
  [SIM ] avg_power(a)=0.4787 rsu_q=0.222 tx=0 no_tx=132 deadlock=0 svc=0.000GHz idle=0.0%

    Ep    Wall    R/step     T_SR     V_SR     S_SR            L/R/V   Lat(s)       En     Miss      Ill      Ent       KL     Clip
--------------------------------------------------------------------------------------------------------------------------------
   321     3.0s    0.0237   100.0%   100.0%   100.0%       100%/0%/0%    0.648     !ERR     0.0%     0.0%   0.6798  -0.0033     2.1%
   322     2.3s    0.0211   100.0%   100.0%   100.0%       100%/0%/0%    0.660     !ERR     0.0%     0.0%   0.8553   0.0044     4.4%
   323     8.0s    0.0078    85.0%    85.0%    98.5%       100%/0%/0%    1.755     !ERR    15.0%     0.0%   1.5130   0.0061    10.1%
   324    12.7s    0.0057    45.0%    45.0%    89.5%       100%/0%/0%    2.593     !ERR    55.0%     0.0%   1.4223   0.0186     8.0%
   325     2.4s    0.0210   100.0%   100.0%   100.0%       100%/0%/0%    0.682     !ERR     0.0%     0.0%   0.7781  -0.0015     3.4%
   326     2.2s    0.0211   100.0%   100.0%   100.0%       100%/0%/0%    0.635     !ERR     0.0%     0.0%   0.8362   0.0129     4.3%
   327     7.5s    0.0085    80.0%    80.0%    97.5%       100%/0%/0%    1.908     !ERR    20.0%     0.0%   1.3602   0.0025     9.5%
   328     7.3s    0.0078    90.0%    90.0%    98.5%        99%/0%/1%    1.844     !ERR    10.0%     0.0%   1.5313   0.0060     9.8%
   329     6.4s    0.0083    75.0%    75.0%    96.5%       100%/0%/0%    1.701     !ERR    25.0%     0.0%   1.2746   0.0023     7.3%
   330     6.7s    0.0086    95.0%    95.0%   100.0%        99%/0%/1%    1.829     !ERR     5.0%     0.0%   1.4097   0.0133     6.2%
  [MA20] reward=0.0119 task_sr=86.0% miss=14.0% time_limit=0.0% v2v=0.1%
  [RWRD] r_prog=0.0429 r_term=0.0432 r_illegal=0.0000
  [PPO ] p_loss=-0.0033 v_loss=0.3119 entropy=1.4097 grad=7.4041 active=100.0%
  [SIM ] avg_power(a)=0.4823 rsu_q=0.074 tx=1 no_tx=194 deadlock=0 svc=0.000GHz idle=0.0%
   331     2.0s    0.0210   100.0%   100.0%   100.0%       100%/0%/0%    0.634     !ERR     0.0%     0.0%   0.7732  -0.0031     4.0%
   332     6.7s    0.0083    95.0%    95.0%    99.0%       100%/0%/0%    1.730     !ERR     5.0%     0.0%   1.3852   0.0141     7.3%
   333     2.0s    0.0212   100.0%   100.0%   100.0%       100%/0%/0%    0.609     !ERR     0.0%     0.0%   0.9451   0.0114     3.3%
   334     2.1s    0.0176   100.0%   100.0%   100.0%        99%/1%/0%    0.618     !ERR     0.0%     0.0%   1.0946   0.0007     5.4%
   335     7.6s    0.0087    90.0%    90.0%    99.0%       100%/0%/0%    1.948     !ERR    10.0%     0.0%   1.4714   0.0034     6.0%
   336     3.4s    0.0173   100.0%   100.0%   100.0%       100%/0%/0%    0.726     !ERR     0.0%     0.0%   1.1780   0.0105     5.0%
   337     7.0s    0.0084    90.0%    90.0%    98.0%       100%/0%/0%    1.840     !ERR    10.0%     0.0%   1.3754   0.0127     6.2%
   338    11.6s    0.0064    60.0%    60.0%    92.0%       100%/0%/0%    2.425     !ERR    40.0%     0.0%   1.3304   0.0087     6.2%
   339     2.2s    0.0194   100.0%   100.0%   100.0%       100%/0%/0%    0.648     !ERR     0.0%     0.0%   1.0553   0.0103     2.6%
   340     8.8s    0.0072    65.0%    65.0%    95.0%       100%/0%/0%    1.791     !ERR    35.0%     0.0%   1.4458   0.0067     4.8%
  [MA20] reward=0.0134 task_sr=88.5% miss=11.5% time_limit=0.0% v2v=0.1%
  [RWRD] r_prog=0.0538 r_term=0.0186 r_illegal=0.0000
  [PPO ] p_loss=0.0012 v_loss=0.2883 entropy=1.4458 grad=6.8615 active=100.0%
  [SIM ] avg_power(a)=0.4858 rsu_q=0.111 tx=0 no_tx=198 deadlock=0 svc=0.000GHz idle=0.0%

    Ep    Wall    R/step     T_SR     V_SR     S_SR            L/R/V   Lat(s)       En     Miss      Ill      Ent       KL     Clip
--------------------------------------------------------------------------------------------------------------------------------
   341     6.5s    0.0078    85.0%    85.0%    99.0%        99%/1%/1%    1.708     !ERR    15.0%     0.0%   1.3577   0.0082     6.1%
   342     7.0s    0.0086    85.0%    85.0%    98.6%        99%/1%/0%    1.682     !ERR    15.0%     0.0%   1.3234   0.0105     6.0%
   343     7.1s    0.0096   100.0%   100.0%   100.0%       100%/0%/0%    1.689     !ERR     0.0%     0.0%   1.3175   0.0024     5.9%
   344     2.0s    0.0213   100.0%   100.0%   100.0%        98%/2%/0%    0.649     !ERR     0.0%     0.0%   0.8756   0.0096     3.0%
   345     6.6s    0.0084    90.0%    90.0%    99.0%        99%/1%/0%    1.600     !ERR    10.0%     0.0%   1.4937   0.0165     8.8%
   346     7.3s    0.0080    80.0%    80.0%    95.4%        99%/1%/0%    1.864     !ERR    20.0%     0.0%   1.4940   0.0141     5.7%
   347     7.6s    0.0082    85.0%    85.0%    98.1%       100%/0%/0%    1.703     !ERR    15.0%     0.0%   1.4685   0.0086     7.5%
   348     6.8s    0.0087    95.0%    95.0%    99.5%        99%/0%/1%    1.621     !ERR     5.0%     0.0%   1.4835   0.0175     4.0%
   349    13.8s    0.0057    45.0%    45.0%    90.3%       100%/0%/0%    2.555     !ERR    55.0%     0.0%   1.4942   0.0149     5.7%
   350     2.0s    0.0214   100.0%   100.0%   100.0%        99%/1%/0%    0.690     !ERR     0.0%     0.0%   0.7810  -0.0018     1.9%
  [MA20] reward=0.0122 task_sr=88.2% miss=11.8% time_limit=0.0% v2v=0.1%
  [RWRD] r_prog=0.0281 r_term=0.1855 r_illegal=0.0000
  [PPO ] p_loss=0.0070 v_loss=0.1363 entropy=0.7810 grad=6.5803 active=100.0%
  [SIM ] avg_power(a)=0.4821 rsu_q=0.222 tx=1 no_tx=131 deadlock=0 svc=0.000GHz idle=0.0%
   351     7.5s    0.0077    85.0%    85.0%    97.5%       100%/0%/0%    1.715     !ERR    15.0%     0.0%   1.4667   0.0053     3.6%
   352     1.8s    0.0241   100.0%   100.0%   100.0%        99%/1%/0%    0.615     !ERR     0.0%     0.0%   0.7624   0.0091     2.6%
   353     7.9s    0.0070    70.0%    70.0%    96.6%       100%/0%/0%    1.790     !ERR    30.0%     0.0%   1.4924   0.0105     5.0%
   354     7.9s    0.0078    90.0%    90.0%    98.5%        99%/1%/1%    1.727    0.001    10.0%     0.0%   1.4770   0.0068     4.0%
   355    11.5s    0.0077    85.0%    85.0%    98.0%       100%/0%/0%    1.791     !ERR    15.0%     0.0%   1.7133   0.0111     4.5%
   356     1.9s    0.0236   100.0%   100.0%   100.0%       100%/0%/0%    0.604     !ERR     0.0%     0.0%   0.7603   0.0046     0.8%
   357     6.7s    0.0096    90.0%    90.0%    97.9%        99%/1%/0%    1.724     !ERR    10.0%     0.0%   1.3103   0.0108     4.3%
   358    13.8s    0.0082    85.0%    85.0%    98.6%       100%/0%/0%    1.852     !ERR    15.0%     0.0%   1.7454   0.0082     5.3%
   359     5.7s    0.0085    95.0%    95.0%    99.0%        99%/1%/0%    1.440     !ERR     5.0%     0.0%   1.3816   0.0101     9.6%
   360     7.6s    0.0079    90.0%    90.0%    98.5%       100%/0%/0%    1.993     !ERR    10.0%     0.0%   1.4375   0.0038     2.0%
  [MA20] reward=0.0110 task_sr=87.7% miss=12.2% time_limit=0.0% v2v=0.1%
  [RWRD] r_prog=0.0442 r_term=0.0353 r_illegal=0.0000
  [PPO ] p_loss=-0.0050 v_loss=0.2855 entropy=1.4375 grad=3.5354 active=100.0%
  [SIM ] avg_power(a)=0.4846 rsu_q=0.000 tx=0 no_tx=198 deadlock=0 svc=0.000GHz idle=0.0%

    Ep    Wall    R/step     T_SR     V_SR     S_SR            L/R/V   Lat(s)       En     Miss      Ill      Ent       KL     Clip
--------------------------------------------------------------------------------------------------------------------------------
   361     2.4s    0.0211   100.0%   100.0%   100.0%        99%/1%/0%    0.631     !ERR     0.0%     0.0%   0.8354   0.0034     1.0%
   362     2.4s    0.0215   100.0%   100.0%   100.0%       100%/0%/0%    0.614     !ERR     0.0%     0.0%   0.8206   0.0049     0.8%
   363     9.5s    0.0082    85.0%    85.0%    98.5%       100%/0%/0%    1.732     !ERR    15.0%     0.0%   1.3899   0.0052     2.3%
   364     6.3s    0.0083    85.0%    85.0%    97.5%        99%/1%/0%    1.704     !ERR    15.0%     0.0%   1.2403   0.0020     1.9%
   365    18.2s    0.0070    85.0%    85.0%    98.1%       100%/0%/0%    2.850     !ERR    15.0%     0.0%   1.5033   0.0070     1.6%
   366    14.5s    0.0048    50.0%    50.0%    94.7%        98%/2%/0%    2.765     !ERR    50.0%     0.0%   1.3955   0.0067     2.5%
   367     7.5s    0.0090    90.0%    90.0%    98.5%        98%/2%/1%    1.797     !ERR    10.0%     0.0%   1.4182   0.0031     2.0%
   368     4.3s    0.0208   100.0%   100.0%   100.0%        99%/1%/0%    0.666     !ERR     0.0%     0.0%   0.9480   0.0094     1.3%
   369    12.9s    0.0059    75.0%    75.0%    95.9%        98%/2%/1%    2.630    0.001    25.0%     0.0%   1.4324   0.0040     2.3%
   370    11.7s    0.0065    70.0%    70.0%    94.8%        98%/1%/0%    2.625    0.002    30.0%     0.0%   1.3924   0.0087     2.8%
  [MA20] reward=0.0113 task_sr=86.5% miss=13.5% time_limit=0.0% v2v=0.1%
  [RWRD] r_prog=0.0490 r_term=0.0158 r_illegal=0.0000
  [PPO ] p_loss=0.0052 v_loss=0.2855 entropy=1.3924 grad=4.9526 active=100.0%
  [SIM ] avg_power(a)=0.4886 rsu_q=0.029 tx=4 no_tx=242 deadlock=0 svc=0.000GHz idle=0.0%
   371    22.4s    0.0056    60.0%    60.0%    94.0%        98%/1%/0%    2.497    0.001    40.0%     0.0%   1.5533   0.0115     3.4%
   372     7.8s    0.0081    85.0%    85.0%    98.6%       100%/0%/0%    1.768     !ERR    15.0%     0.0%   1.4298   0.0043     2.6%
   373     2.0s    0.0239   100.0%   100.0%   100.0%        97%/3%/0%    0.612     !ERR     0.0%     0.0%   0.8021   0.0096     2.1%
   374     2.9s    0.0213   100.0%   100.0%   100.0%        98%/1%/1%    0.631     !ERR     0.0%     0.0%   1.0288   0.0204     3.0%
   375     6.7s    0.0083    95.0%    95.0%    99.5%        98%/1%/1%    1.769     !ERR     5.0%     0.0%   1.4734   0.0309    10.5%
   376     5.4s    0.0073    95.0%    95.0%    97.0%        98%/2%/0%    0.670     !ERR     5.0%     0.0%   2.1926   0.0006     6.8%
   377     6.5s    0.0086    95.0%    95.0%    99.0%        96%/3%/1%    1.829    0.001     5.0%     0.0%   1.4228   0.0140     5.5%
   378     8.6s    0.0079    85.0%    85.0%    98.0%        99%/1%/0%    1.625     !ERR    15.0%     0.0%   1.6804  -0.0028     6.7%
   379     7.7s    0.0087    90.0%    90.0%    98.5%       100%/0%/0%    1.649     !ERR    10.0%     0.0%   1.5304   0.0029     6.1%
   380    13.1s    0.0081    85.0%    85.0%    98.5%       100%/0%/0%    1.743     !ERR    15.0%     0.0%   1.8596   0.0106     7.1%
  [MA20] reward=0.0110 task_sr=86.5% miss=13.5% time_limit=0.0% v2v=0.2%
  [RWRD] r_prog=0.0454 r_term=0.0355 r_illegal=0.0000
  [PPO ] p_loss=-0.0040 v_loss=0.4279 entropy=1.8596 grad=5.5316 active=100.0%
  [SIM ] avg_power(a)=0.4897 rsu_q=0.259 tx=1 no_tx=205 deadlock=0 svc=0.000GHz idle=0.0%

    Ep    Wall    R/step     T_SR     V_SR     S_SR            L/R/V   Lat(s)       En     Miss      Ill      Ent       KL     Clip
--------------------------------------------------------------------------------------------------------------------------------
   381     2.1s    0.0213   100.0%   100.0%   100.0%        99%/0%/1%    0.655    0.002     0.0%     0.0%   0.9418   0.0096     2.8%
   382     6.3s    0.0087    85.0%    85.0%    96.9%        97%/1%/2%    1.495    0.007    15.0%     0.0%   1.4874   0.0242     6.3%
   383    12.4s    0.0058    55.0%    55.0%    93.8%        98%/1%/1%    2.673    0.001    45.0%     0.0%   1.4700   0.0106     6.9%
   384     6.5s    0.0095   100.0%   100.0%   100.0%        99%/1%/0%    1.795     !ERR     0.0%     0.0%   1.3456   0.0046     7.5%
   385    12.3s    0.0053    65.0%    65.0%    94.8%        98%/1%/0%    2.581     !ERR    35.0%     0.0%   1.5607   0.0106     8.0%
   386    13.9s    0.0067    60.0%    60.0%    90.7%        98%/1%/1%    2.860     !ERR    40.0%     0.0%   1.5813   0.0079     7.1%
   387    22.1s    0.0063    75.0%    75.0%    96.3%       100%/0%/0%    2.683     !ERR    25.0%     0.0%   1.7581   0.0101     7.3%
   388     8.8s    0.0079    90.0%    90.0%    99.5%        99%/1%/1%    1.653     !ERR    10.0%     0.0%   1.5782   0.0098     6.0%
   389     4.1s    0.0235   100.0%   100.0%   100.0%       100%/0%/0%    0.659     !ERR     0.0%     0.0%   0.7610   0.0013     1.8%
   390    17.0s    0.0055    40.0%    40.0%    93.2%        99%/1%/0%    2.791     !ERR    60.0%     0.0%   1.6986   0.0097     8.8%
  [MA20] reward=0.0104 task_sr=83.0% miss=17.0% time_limit=0.0% v2v=0.4%
  [RWRD] r_prog=0.0590 r_term=-0.0035 r_illegal=0.0000
  [PPO ] p_loss=0.0126 v_loss=0.2848 entropy=1.6986 grad=5.3339 active=100.0%
  [SIM ] avg_power(a)=0.4945 rsu_q=0.139 tx=2 no_tx=243 deadlock=0 svc=0.000GHz idle=0.0%
   391    14.1s    0.0061    60.0%    60.0%    93.4%       100%/0%/0%    2.938     !ERR    40.0%     0.0%   1.6261   0.0081     7.0%
   392     7.1s    0.0073    80.0%    80.0%    98.0%        99%/0%/1%    1.849     !ERR    20.0%     0.0%   1.4121   0.0127     6.4%
   393     6.2s    0.0081    90.0%    90.0%    98.4%       100%/0%/0%    1.656     !ERR    10.0%     0.0%   1.3904   0.0048     6.0%
   394    15.2s    0.0063    80.0%    80.0%    97.7%        99%/1%/0%    2.661     !ERR    20.0%     0.0%   1.6294   0.0064     5.5%
   395     2.6s    0.0190   100.0%   100.0%   100.0%       100%/0%/0%    0.686     !ERR     0.0%     0.0%   0.9760   0.0047     2.1%
   396     8.9s    0.0094    95.0%    95.0%    99.5%       100%/0%/0%    1.640     !ERR     5.0%     0.0%   1.5587   0.0101     3.4%
   397     2.1s    0.0237   100.0%   100.0%   100.0%       100%/0%/0%    0.604     !ERR     0.0%     0.0%   0.7791  -0.0067     2.9%
   398     7.1s    0.0077    75.0%    75.0%    96.8%        99%/1%/0%    1.817     !ERR    25.0%     0.0%   1.5583   0.0128     3.9%
   399     2.3s    0.0237   100.0%   100.0%   100.0%        99%/1%/0%    0.631     !ERR     0.0%     0.0%   0.7601   0.0060     1.1%
   400    12.2s    0.0059    50.0%    50.0%    89.7%       100%/0%/0%    2.640     !ERR    50.0%     0.0%   1.5165   0.0082     8.7%
  [MA20] reward=0.0109 task_sr=80.0% miss=20.0% time_limit=0.0% v2v=0.3%
  [RWRD] r_prog=0.0557 r_term=0.0031 r_illegal=0.0000
  [PPO ] p_loss=0.0030 v_loss=0.3053 entropy=1.5165 grad=6.0020 active=100.0%
  [SIM ] avg_power(a)=0.5111 rsu_q=0.000 tx=0 no_tx=242 deadlock=0 svc=0.000GHz idle=0.0%
  [Checkpoint] saved: ep0400.pth

    Ep    Wall    R/step     T_SR     V_SR     S_SR            L/R/V   Lat(s)       En     Miss      Ill      Ent       KL     Clip
--------------------------------------------------------------------------------------------------------------------------------
   401     6.0s    0.0083    90.0%    90.0%    99.0%       100%/0%/0%    1.648     !ERR    10.0%     0.0%   1.3720   0.0079     4.8%
   402     7.7s    0.0073    75.0%    75.0%    97.5%        99%/1%/0%    1.774     !ERR    25.0%     0.0%   1.5217   0.0081     5.1%
   403    22.3s    0.0057    55.0%    55.0%    94.0%        99%/0%/1%    2.698    0.001    45.0%     0.0%   1.8412   0.0160     5.4%
   404     6.8s    0.0074    85.0%    85.0%    98.5%        99%/1%/0%    1.612     !ERR    15.0%     0.0%   1.4352   0.0050     5.6%
   405     6.5s    0.0086    90.0%    90.0%    98.5%       100%/0%/0%    1.641     !ERR    10.0%     0.0%   1.3642   0.0055     4.3%
   406     7.5s    0.0088    95.0%    95.0%    99.5%       100%/0%/0%    1.696     !ERR     5.0%     0.0%   1.5360   0.0098     5.2%
   407    12.8s    0.0082    90.0%    90.0%    98.5%       100%/0%/0%    1.818     !ERR    10.0%     0.0%   1.7758   0.0019     5.4%
   408     6.4s    0.0085    90.0%    90.0%    99.5%       100%/0%/0%    1.774     !ERR    10.0%     0.0%   1.4242   0.0132     4.9%
   409     7.2s    0.0086    85.0%    85.0%    97.0%        99%/0%/1%    1.559    0.001    15.0%     0.0%   1.4861   0.0144     4.4%
   410     8.6s    0.0086    85.0%    85.0%    97.0%        98%/1%/2%    1.724    0.002    15.0%     0.0%   1.4773   0.0042     6.0%
  [MA20] reward=0.0099 task_sr=83.5% miss=16.5% time_limit=0.0% v2v=0.2%
  [RWRD] r_prog=0.0476 r_term=0.0386 r_illegal=0.0000
  [PPO ] p_loss=-0.0162 v_loss=0.2677 entropy=1.4773 grad=1.7239 active=100.0%
  [SIM ] avg_power(a)=0.4985 rsu_q=0.120 tx=4 no_tx=191 deadlock=0 svc=0.000GHz idle=0.0%
   411    16.4s    0.0064    75.0%    75.0%    96.9%        99%/1%/0%    2.821     !ERR    25.0%     0.0%   1.5184   0.0095     5.5%
   412    13.3s    0.0069    80.0%    80.0%    96.9%       100%/0%/0%    2.630     !ERR    20.0%     0.0%   1.5747   0.0092     4.4%
   413     7.1s    0.0094    95.0%    95.0%    99.0%       100%/0%/0%    1.593     !ERR     5.0%     0.0%   1.4053   0.0086     2.7%
   414     7.5s    0.0066    80.0%    80.0%    97.5%        99%/1%/0%    1.738     !ERR    20.0%     0.0%   1.5659  -0.0008     3.9%
   415     2.2s    0.0212   100.0%   100.0%   100.0%        99%/1%/0%    0.659     !ERR     0.0%     0.0%   0.8878   0.0084     2.3%
   416     2.2s    0.0190   100.0%   100.0%   100.0%       100%/0%/0%    0.644     !ERR     0.0%     0.0%   0.9977   0.0128     1.7%
   417    13.5s    0.0056    60.0%    60.0%    94.6%        99%/0%/1%    2.845     !ERR    40.0%     0.0%   1.5641   0.0107     7.7%
   418     9.9s    0.0088    95.0%    95.0%    98.6%       100%/0%/0%    1.687     !ERR     5.0%     0.0%   1.5797   0.0132     3.8%
   419    24.3s    0.0057    55.0%    55.0%    94.3%       100%/0%/0%    2.944     !ERR    45.0%     0.0%   1.6700   0.0105     2.9%
   420    10.1s    0.0083    90.0%    90.0%    99.0%       100%/0%/0%    1.834     !ERR    10.0%     0.0%   1.5274   0.0077     2.8%
  [MA20] reward=0.0089 task_sr=83.5% miss=16.5% time_limit=0.0% v2v=0.2%
  [RWRD] r_prog=0.0440 r_term=0.0393 r_illegal=0.0000
  [PPO ] p_loss=-0.0072 v_loss=0.2323 entropy=1.5274 grad=2.6234 active=100.0%
  [SIM ] avg_power(a)=0.4850 rsu_q=0.259 tx=0 no_tx=201 deadlock=0 svc=0.000GHz idle=0.0%

    Ep    Wall    R/step     T_SR     V_SR     S_SR            L/R/V   Lat(s)       En     Miss      Ill      Ent       KL     Clip
--------------------------------------------------------------------------------------------------------------------------------
   421    13.5s    0.0072    75.0%    75.0%    97.1%       100%/0%/0%    1.834     !ERR    25.0%     0.0%   1.5591   0.0010     1.6%
   422    14.9s    0.0063    70.0%    70.0%    92.9%       100%/0%/0%    2.727    0.001    30.0%     0.0%   1.4758   0.0029     1.5%
   423     9.7s    0.0093    90.0%    90.0%    98.6%       100%/0%/0%    1.683     !ERR    10.0%     0.0%   1.3595   0.0051     1.9%
   424    23.9s    0.0059    55.0%    55.0%    91.9%        99%/0%/0%    2.569     !ERR    45.0%     0.0%   1.6700   0.0071     2.7%
   425     8.3s    0.0074    85.0%    85.0%    98.5%       100%/0%/0%    1.666     !ERR    15.0%     0.0%   1.3703   0.0054     2.0%
   426     8.6s    0.0079    75.0%    75.0%    96.6%       100%/0%/0%    1.800    0.003    25.0%     0.0%   1.4828   0.0029     2.7%
   427     2.9s    0.0190   100.0%   100.0%   100.0%        98%/1%/2%    0.641    0.001     0.0%     0.0%   1.1138   0.0186     2.4%
   428     7.3s    0.0072    90.0%    90.0%    98.0%       100%/0%/0%    1.674     !ERR    10.0%     0.0%   1.4039   0.0050     3.3%
   429     2.2s    0.0211   100.0%   100.0%   100.0%       100%/0%/0%    0.662     !ERR     0.0%     0.0%   0.8927   0.0101     1.0%
   430     7.0s    0.0085    85.0%    85.0%    97.6%        99%/1%/0%    1.680    0.002    15.0%     0.0%   1.4154   0.0138     3.8%
  [MA20] reward=0.0099 task_sr=82.8% miss=17.2% time_limit=0.0% v2v=0.3%
  [RWRD] r_prog=0.0478 r_term=0.0372 r_illegal=0.0000
  [PPO ] p_loss=-0.0006 v_loss=0.2122 entropy=1.4154 grad=4.8842 active=100.0%
  [SIM ] avg_power(a)=0.4892 rsu_q=0.077 tx=3 no_tx=199 deadlock=0 svc=0.000GHz idle=0.0%
   431    12.6s    0.0069    75.0%    75.0%    96.2%       100%/0%/0%    1.779     !ERR    25.0%     0.0%   1.7716   0.0008     2.0%
   432     2.5s    0.0211   100.0%   100.0%   100.0%        99%/0%/1%    0.658     !ERR     0.0%     0.0%   0.8319   0.0069     1.1%
   433     6.6s    0.0090   100.0%   100.0%   100.0%        99%/1%/0%    1.771     !ERR     0.0%     0.0%   1.5732   0.0122     2.5%
   434     2.5s    0.0191   100.0%   100.0%   100.0%       100%/0%/0%    0.665     !ERR     0.0%     0.0%   0.9706   0.0025     1.5%
   435     9.6s    0.0075    80.0%    80.0%    97.5%       100%/0%/0%    1.707     !ERR    20.0%     0.0%   1.5857   0.0060     8.0%
   436     2.6s    0.0172   100.0%   100.0%   100.0%       100%/0%/0%    0.674     !ERR     0.0%     0.0%   1.1723   0.0044     2.2%
   437    23.9s    0.0064    70.0%    70.0%    95.8%        99%/1%/0%    2.722     !ERR    30.0%     0.0%   1.9321   0.0106     5.7%
   438     3.7s    0.0239   100.0%   100.0%   100.0%       100%/0%/0%    0.640     !ERR     0.0%     0.0%   0.7326  -0.0001     0.4%
   439    11.8s    0.0049    50.0%    50.0%    93.8%       100%/0%/0%    2.721     !ERR    50.0%     0.0%   1.4045   0.0081     4.6%
   440     2.5s    0.0211   100.0%   100.0%   100.0%       100%/0%/0%    0.640     !ERR     0.0%     0.0%   0.8980   0.0035     1.0%
  [MA20] reward=0.0118 task_sr=85.0% miss=15.0% time_limit=0.0% v2v=0.2%
  [RWRD] r_prog=0.0238 r_term=0.1870 r_illegal=0.0000
  [PPO ] p_loss=-0.0033 v_loss=0.1036 entropy=0.8980 grad=1.5843 active=100.0%
  [SIM ] avg_power(a)=0.5008 rsu_q=0.111 tx=0 no_tx=131 deadlock=0 svc=0.000GHz idle=0.0%

    Ep    Wall    R/step     T_SR     V_SR     S_SR            L/R/V   Lat(s)       En     Miss      Ill      Ent       KL     Clip
--------------------------------------------------------------------------------------------------------------------------------
   441    13.4s    0.0053    40.0%    40.0%    88.8%       100%/0%/0%    2.760     !ERR    60.0%     0.0%   1.6119   0.0062     5.7%
   442    13.2s    0.0086    95.0%    95.0%   100.0%       100%/0%/0%    1.656     !ERR     5.0%     0.0%   1.8493   0.0010     2.7%
   443     7.3s    0.0082    85.0%    85.0%    97.5%       100%/0%/0%    1.769     !ERR    15.0%     0.0%   1.4847   0.0161     5.8%
   444    13.3s    0.0054    50.0%    50.0%    92.7%       100%/0%/0%    2.597     !ERR    50.0%     0.0%   1.4847   0.0044     8.7%
   445     7.4s    0.0074    90.0%    90.0%    98.5%       100%/0%/0%    1.794     !ERR    10.0%     0.0%   1.5014   0.0060     7.3%
   446     6.2s    0.0089    95.0%    95.0%    98.9%       100%/0%/0%    1.727     !ERR     5.0%     0.0%   1.4172  -0.0006     5.5%
   447     7.6s    0.0092    90.0%    90.0%    99.0%       100%/0%/0%    1.694     !ERR    10.0%     0.0%   1.4761   0.0075     4.9%
   448    12.2s    0.0070    90.0%    90.0%    98.8%        99%/0%/0%    2.646     !ERR    10.0%     0.0%   1.4847   0.0100     6.7%
   449     7.1s    0.0083   100.0%   100.0%   100.0%       100%/0%/0%    1.863     !ERR     0.0%     0.0%   1.5092   0.0056     5.6%
   450     8.9s    0.0076    85.0%    85.0%    96.4%        99%/0%/1%    1.771     !ERR    15.0%     0.0%   1.6427   0.0176     4.7%
  [MA20] reward=0.0106 task_sr=84.8% miss=15.3% time_limit=0.0% v2v=0.1%
  [RWRD] r_prog=0.0433 r_term=0.0322 r_illegal=0.0000
  [PPO ] p_loss=0.0092 v_loss=0.2046 entropy=1.6427 grad=3.5404 active=100.0%
  [SIM ] avg_power(a)=0.4962 rsu_q=0.138 tx=2 no_tx=193 deadlock=0 svc=0.000GHz idle=0.0%
   451     7.5s    0.0075    90.0%    90.0%    99.0%        99%/1%/0%    1.699     !ERR    10.0%     0.0%   1.4938   0.0089     4.8%
   452    13.4s    0.0055    65.0%    65.0%    95.0%       100%/0%/0%    2.728     !ERR    35.0%     0.0%   1.5759   0.0034     4.2%
   453     2.3s    0.0238   100.0%   100.0%   100.0%       100%/0%/0%    0.663     !ERR     0.0%     0.0%   0.6756  -0.0037     1.6%
   454     7.5s    0.0079    80.0%    80.0%    98.9%       100%/0%/0%    1.886     !ERR    20.0%     0.0%   1.5050   0.0064     7.9%
   455     2.0s    0.0240   100.0%   100.0%   100.0%        99%/0%/1%    0.591     !ERR     0.0%     0.0%   0.8457   0.0290     3.0%
   456    14.1s    0.0066    70.0%    70.0%    94.8%        99%/0%/1%    2.742    0.001    30.0%     0.0%   1.5568   0.0132    10.4%
   457     2.0s    0.0211   100.0%   100.0%   100.0%       100%/0%/0%    0.642     !ERR     0.0%     0.0%   0.8120   0.0049     5.6%
   458    16.0s    0.0059    60.0%    60.0%    90.4%        99%/1%/0%    2.815     !ERR    40.0%     0.0%   1.5652   0.0200    10.2%
   459     6.6s    0.0085    85.0%    85.0%    97.9%        99%/0%/1%    1.635     !ERR    15.0%     0.0%   1.3958   0.0180     7.6%
   460     2.5s    0.0189   100.0%   100.0%   100.0%        99%/1%/0%    0.681     !ERR     0.0%     0.0%   0.8691   0.0025     2.8%
  [MA20] reward=0.0103 task_sr=83.5% miss=16.5% time_limit=0.0% v2v=0.2%
  [RWRD] r_prog=0.0214 r_term=0.1679 r_illegal=0.0000
  [PPO ] p_loss=0.0010 v_loss=0.0397 entropy=0.8691 grad=4.0322 active=100.0%
  [SIM ] avg_power(a)=0.4969 rsu_q=0.000 tx=1 no_tx=142 deadlock=0 svc=0.000GHz idle=0.0%

    Ep    Wall    R/step     T_SR     V_SR     S_SR            L/R/V   Lat(s)       En     Miss      Ill      Ent       KL     Clip
--------------------------------------------------------------------------------------------------------------------------------
   461     2.6s    0.0238   100.0%   100.0%   100.0%       100%/0%/0%    0.592     !ERR     0.0%     0.0%   0.8304   0.0073     3.0%
   462     1.9s    0.0238   100.0%   100.0%   100.0%       100%/0%/0%    0.609     !ERR     0.0%     0.0%   0.7646   0.0071     1.5%
   463    13.6s    0.0059    60.0%    60.0%    92.8%       100%/0%/0%    2.876     !ERR    40.0%     0.0%   1.5357   0.0063     6.2%
   464    11.2s    0.0056    55.0%    55.0%    94.8%       100%/0%/0%    2.579     !ERR    45.0%     0.0%   1.3365   0.0091     5.3%
   465    12.5s    0.0061    65.0%    65.0%    93.8%       100%/0%/0%    2.677     !ERR    35.0%     0.0%   1.3459   0.0108     5.5%
   466     2.0s    0.0237   100.0%   100.0%   100.0%        99%/0%/1%    0.620     !ERR     0.0%     0.0%   0.8400  -0.0089     2.4%
   467    11.7s    0.0086   100.0%   100.0%   100.0%       100%/0%/0%    1.790     !ERR     0.0%     0.0%   1.7998   0.0102     6.6%
   468     7.1s    0.0079    90.0%    90.0%    99.0%       100%/0%/0%    1.835     !ERR    10.0%     0.0%   1.4165   0.0060     5.4%
   469     7.3s    0.0078    80.0%    80.0%    97.0%       100%/0%/0%    1.787     !ERR    20.0%     0.0%   1.4277   0.0158     5.5%
   470     7.5s    0.0072    70.0%    70.0%    96.4%       100%/0%/0%    1.764     !ERR    30.0%     0.0%   1.4747   0.0098     4.5%
  [MA20] reward=0.0125 task_sr=83.5% miss=16.5% time_limit=0.0% v2v=0.2%
  [RWRD] r_prog=0.0501 r_term=0.0224 r_illegal=0.0000
  [PPO ] p_loss=-0.0015 v_loss=0.2753 entropy=1.4747 grad=5.5435 active=100.0%
  [SIM ] avg_power(a)=0.5000 rsu_q=0.111 tx=0 no_tx=193 deadlock=0 svc=0.000GHz idle=0.0%
   471     2.2s    0.0210   100.0%   100.0%   100.0%       100%/0%/0%    0.671     !ERR     0.0%     0.0%   0.8643   0.0036     1.3%
   472     2.2s    0.0210   100.0%   100.0%   100.0%       100%/0%/0%    0.665     !ERR     0.0%     0.0%   0.8590   0.0082     1.7%
   473    12.6s    0.0077    85.0%    85.0%    97.5%       100%/0%/0%    1.669     !ERR    15.0%     0.0%   1.8743   0.0085     5.2%
   474     7.5s    0.0080    85.0%    85.0%    97.1%       100%/0%/0%    1.883     !ERR    15.0%     0.0%   1.4855   0.0042     4.8%
   475    13.0s    0.0062    65.0%    65.0%    94.9%       100%/0%/0%    2.601     !ERR    35.0%     0.0%   1.5655   0.0080     4.9%
   476     6.7s    0.0092    95.0%    95.0%    99.5%       100%/0%/0%    1.766     !ERR     5.0%     0.0%   1.3605   0.0059     7.3%
   477     2.0s    0.0210   100.0%   100.0%   100.0%       100%/0%/0%    0.638     !ERR     0.0%     0.0%   0.7704   0.0032     2.3%
   478     7.1s    0.0071    85.0%    85.0%    98.5%       100%/0%/0%    1.647     !ERR    15.0%     0.0%   1.5491   0.0081     6.3%
   479     6.9s    0.0079    90.0%    90.0%   100.0%       100%/0%/0%    1.737     !ERR    10.0%     0.0%   1.4157   0.0075     7.4%
   480     7.2s    0.0079    80.0%    80.0%    96.0%       100%/0%/0%    1.588     !ERR    20.0%     0.0%   1.4735   0.0049     7.0%
  [MA20] reward=0.0119 task_sr=85.2% miss=14.8% time_limit=0.0% v2v=0.1%
  [RWRD] r_prog=0.0465 r_term=0.0325 r_illegal=0.0000
  [PPO ] p_loss=-0.0030 v_loss=0.1891 entropy=1.4735 grad=2.9546 active=100.0%
  [SIM ] avg_power(a)=0.4948 rsu_q=0.074 tx=0 no_tx=194 deadlock=0 svc=0.000GHz idle=0.0%

    Ep    Wall    R/step     T_SR     V_SR     S_SR            L/R/V   Lat(s)       En     Miss      Ill      Ent       KL     Clip
--------------------------------------------------------------------------------------------------------------------------------
   481     9.0s    0.0078    90.0%    90.0%    99.5%       100%/0%/0%    1.739     !ERR    10.0%     0.0%   1.6086   0.0066     7.5%
   482     2.3s    0.0235   100.0%   100.0%   100.0%       100%/0%/0%    0.647     !ERR     0.0%     0.0%   0.7120  -0.0034     2.1%
   483     8.1s    0.0078    90.0%    90.0%    98.5%       100%/0%/0%    1.861     !ERR    10.0%     0.0%   1.5156   0.0211     8.9%
   484     6.5s    0.0076    95.0%    95.0%    98.9%       100%/0%/0%    1.653     !ERR     5.0%     0.0%   1.4900   0.0060     8.9%
   485     2.5s    0.0239   100.0%   100.0%   100.0%       100%/0%/0%    0.651     !ERR     0.0%     0.0%   0.6401   0.0051     2.1%
   486    11.9s    0.0053    55.0%    55.0%    91.6%       100%/0%/0%    2.506     !ERR    45.0%     0.0%   1.3133   0.0056     7.8%
   487     6.7s    0.0085    85.0%    85.0%    98.0%       100%/0%/0%    1.816     !ERR    15.0%     0.0%   1.3112   0.0214     5.5%
   488     2.5s    0.0236   100.0%   100.0%   100.0%       100%/0%/0%    0.664     !ERR     0.0%     0.0%   0.6277  -0.0066     1.5%
   489    14.0s    0.0062    65.0%    65.0%    95.3%       100%/0%/0%    2.764     !ERR    35.0%     0.0%   1.5359   0.0035     8.1%
   490     6.8s    0.0077    85.0%    85.0%    96.5%       100%/0%/0%    1.625     !ERR    15.0%     0.0%   1.4135   0.0122     8.5%
  [MA20] reward=0.0120 task_sr=87.5% miss=12.5% time_limit=0.0% v2v=0.0%
  [RWRD] r_prog=0.0403 r_term=0.0370 r_illegal=0.0000
  [PPO ] p_loss=-0.0055 v_loss=0.2064 entropy=1.4135 grad=3.9204 active=100.0%
  [SIM ] avg_power(a)=0.5143 rsu_q=0.000 tx=0 no_tx=198 deadlock=0 svc=0.000GHz idle=0.0%
   491     8.1s    0.0073    75.0%    75.0%    98.0%       100%/0%/0%    1.611     !ERR    25.0%     0.0%   1.4984   0.0039     9.8%
   492    12.4s    0.0064    65.0%    65.0%    94.5%       100%/0%/0%    2.694     !ERR    35.0%     0.0%   1.4013   0.0070     8.0%
   493     2.2s    0.0191   100.0%   100.0%   100.0%       100%/0%/0%    0.701     !ERR     0.0%     0.0%   0.8664   0.0020     3.5%
   494     8.4s    0.0081    90.0%    90.0%    99.0%       100%/0%/0%    1.606     !ERR    10.0%     0.0%   1.5093   0.0097     7.3%
   495     2.1s    0.0189   100.0%   100.0%   100.0%       100%/0%/0%    0.605     !ERR     0.0%     0.0%   0.9968  -0.0008     4.4%
   496    10.2s    0.0092   100.0%   100.0%   100.0%       100%/0%/0%    1.688     !ERR     0.0%     0.0%   1.5687   0.0078     6.1%
   497     7.7s    0.0064    65.0%    65.0%    96.5%       100%/0%/0%    1.911     !ERR    35.0%     0.0%   1.5806   0.0115     7.7%
   498     3.6s    0.0213   100.0%   100.0%   100.0%       100%/0%/0%    0.647     !ERR     0.0%     0.0%   1.0555   0.0063     3.1%
   499     7.6s    0.0085    85.0%    85.0%    98.6%       100%/0%/0%    1.873     !ERR    15.0%     0.0%   1.3370   0.0038     4.9%
   500     8.0s    0.0078    85.0%    85.0%    97.6%       100%/0%/0%    1.601     !ERR    15.0%     0.0%   1.4907   0.0079     5.2%
  [MA20] reward=0.0118 task_sr=86.5% miss=13.5% time_limit=0.0% v2v=0.0%
  [RWRD] r_prog=0.0412 r_term=0.0372 r_illegal=0.0000
  [PPO ] p_loss=-0.0096 v_loss=0.1649 entropy=1.4907 grad=1.7911 active=100.0%
  [SIM ] avg_power(a)=0.5168 rsu_q=0.185 tx=1 no_tx=204 deadlock=0 svc=0.000GHz idle=0.0%
  [Checkpoint] saved: ep0500.pth

    Ep    Wall    R/step     T_SR     V_SR     S_SR            L/R/V   Lat(s)       En     Miss      Ill      Ent       KL     Clip
--------------------------------------------------------------------------------------------------------------------------------
   501     2.3s    0.0211   100.0%   100.0%   100.0%       100%/0%/0%    0.635     !ERR     0.0%     0.0%   0.8514   0.0082     1.0%
   502    13.3s    0.0066    75.0%    75.0%    94.7%       100%/0%/0%    2.669     !ERR    25.0%     0.0%   1.2686   0.0039     4.0%
   503     7.2s    0.0077    75.0%    75.0%    96.4%       100%/0%/0%    1.803     !ERR    25.0%     0.0%   1.3984   0.0164     6.8%
   504     2.8s    0.0191   100.0%   100.0%   100.0%       100%/0%/0%    0.665     !ERR     0.0%     0.0%   0.9411  -0.0044     1.9%
   505     2.5s    0.0211   100.0%   100.0%   100.0%       100%/0%/0%    0.651     !ERR     0.0%     0.0%   0.8374   0.0111     2.1%
   506    12.2s    0.0060    65.0%    65.0%    92.4%       100%/0%/0%    2.672     !ERR    35.0%     0.0%   1.4784   0.0046     5.4%
   507     7.1s    0.0080    85.0%    85.0%    98.0%       100%/0%/0%    1.849     !ERR    15.0%     0.0%   1.3761   0.0108     4.9%
   508     2.0s    0.0217   100.0%   100.0%   100.0%       100%/0%/0%    0.664     !ERR     0.0%     0.0%   0.8457   0.0040     1.2%
   509     7.2s    0.0080    90.0%    90.0%    98.5%       100%/0%/0%    1.739     !ERR    10.0%     0.0%   1.4898   0.0074     4.1%
   510     7.1s    0.0077    90.0%    90.0%    98.0%       100%/0%/0%    1.600     !ERR    10.0%     0.0%   1.3989   0.0028     3.9%
  [MA20] reward=0.0120 task_sr=87.2% miss=12.8% time_limit=0.0% v2v=0.0%
  [RWRD] r_prog=0.0376 r_term=0.0390 r_illegal=0.0000
  [PPO ] p_loss=-0.0100 v_loss=0.1531 entropy=1.3989 grad=2.9267 active=100.0%
  [SIM ] avg_power(a)=0.5356 rsu_q=0.000 tx=1 no_tx=201 deadlock=0 svc=0.000GHz idle=0.0%
   511     2.9s    0.0240   100.0%   100.0%   100.0%       100%/0%/0%    0.662     !ERR     0.0%     0.0%   0.6873   0.0043     1.0%
   512    13.4s    0.0059    60.0%    60.0%    94.1%       100%/0%/0%    2.718     !ERR    40.0%     0.0%   1.3631   0.0024     2.9%
   513     7.7s    0.0077    80.0%    80.0%    97.5%       100%/0%/0%    1.549     !ERR    20.0%     0.0%   1.4654   0.0001     3.4%
   514     6.7s    0.0081    85.0%    85.0%    99.0%        99%/1%/0%    1.758     !ERR    15.0%     0.0%   1.3885   0.0060     3.5%
   515    12.6s    0.0061    55.0%    55.0%    92.9%       100%/0%/0%    2.445     !ERR    45.0%     0.0%   1.3545   0.0083     2.9%
   516    13.0s    0.0043    40.0%    40.0%    90.7%       100%/0%/0%    2.546     !ERR    60.0%     0.0%   1.6030   0.0069     3.0%
   517     2.1s    0.0212   100.0%   100.0%   100.0%       100%/0%/0%    0.647     !ERR     0.0%     0.0%   0.8812   0.0081     0.6%
   518     7.1s    0.0079    80.0%    80.0%    98.5%       100%/0%/0%    1.832     !ERR    20.0%     0.0%   1.4004   0.0001     2.9%
   519    12.6s    0.0060    75.0%    75.0%    98.1%       100%/0%/0%    2.691     !ERR    25.0%     0.0%   1.3642   0.0089     3.0%
   520    14.0s    0.0058    70.0%    70.0%    95.6%       100%/0%/0%    2.677     !ERR    30.0%     0.0%   1.5047   0.0032     3.8%
  [MA20] reward=0.0112 task_sr=81.2% miss=18.8% time_limit=0.0% v2v=0.0%
  [RWRD] r_prog=0.0446 r_term=0.0139 r_illegal=0.0000
  [PPO ] p_loss=-0.0019 v_loss=0.2948 entropy=1.5047 grad=3.0719 active=100.0%
  [SIM ] avg_power(a)=0.5377 rsu_q=0.053 tx=0 no_tx=241 deadlock=0 svc=0.000GHz idle=0.0%

    Ep    Wall    R/step     T_SR     V_SR     S_SR            L/R/V   Lat(s)       En     Miss      Ill      Ent       KL     Clip
--------------------------------------------------------------------------------------------------------------------------------
   521     3.5s    0.0212   100.0%   100.0%   100.0%       100%/0%/0%    0.624     !ERR     0.0%     0.0%   1.0803   0.0048     1.6%
   522    11.7s    0.0071    80.0%    80.0%    95.7%       100%/0%/0%    2.748     !ERR    20.0%     0.0%   1.3759  -0.0007     5.6%
   523    11.1s    0.0078    95.0%    95.0%   100.0%        99%/1%/0%    1.691     !ERR     5.0%     0.0%   1.7441   0.0074     2.3%
   524     7.7s    0.0081    95.0%    95.0%    99.5%       100%/0%/0%    1.725     !ERR     5.0%     0.0%   1.4425   0.0001     2.4%
   525     6.8s    0.0075    80.0%    80.0%    97.6%       100%/0%/0%    1.534     !ERR    20.0%     0.0%   1.3949   0.0046     5.0%
   526     7.0s    0.0073    90.0%    90.0%    99.0%       100%/0%/0%    1.744     !ERR    10.0%     0.0%   1.6034   0.0075     3.0%
   527     7.1s    0.0094    95.0%    95.0%   100.0%       100%/0%/0%    1.829     !ERR     5.0%     0.0%   1.5544   0.0119     2.0%
   528    12.7s    0.0058    65.0%    65.0%    95.4%       100%/0%/0%    2.697     !ERR    35.0%     0.0%   1.4326 -1.71e-05     3.6%
   529     7.0s    0.0072    85.0%    85.0%    98.5%        99%/0%/1%    1.683     !ERR    15.0%     0.0%   1.4910   0.0090     2.6%
   530     2.1s    0.0238   100.0%   100.0%   100.0%       100%/0%/0%    0.624     !ERR     0.0%     0.0%   0.7746  -0.0051     1.0%
  [MA20] reward=0.0101 task_sr=81.5% miss=18.5% time_limit=0.0% v2v=0.0%
  [RWRD] r_prog=0.0263 r_term=0.2117 r_illegal=0.0000
  [PPO ] p_loss=0.0007 v_loss=0.0911 entropy=0.7746 grad=2.3098 active=100.0%
  [SIM ] avg_power(a)=0.5060 rsu_q=0.875 tx=0 no_tx=124 deadlock=0 svc=0.000GHz idle=0.0%
   531     7.1s    0.0090    85.0%    85.0%    97.5%       100%/0%/0%    1.799     !ERR    15.0%     0.0%   1.4819   0.0052     2.9%
   532     7.0s    0.0084    85.0%    85.0%    98.5%       100%/0%/0%    1.617     !ERR    15.0%     0.0%   1.5914   0.0051     4.1%
   533     7.0s    0.0090    95.0%    95.0%    99.0%       100%/0%/0%    1.637     !ERR     5.0%     0.0%   1.4349   0.0057     3.3%
   534     6.2s    0.0070    80.0%    80.0%    98.5%       100%/0%/0%    1.670     !ERR    20.0%     0.0%   1.4396   0.0097     2.6%
   535    13.3s    0.0068    75.0%    75.0%    95.6%        99%/1%/0%    1.778     !ERR    25.0%     0.0%   1.8416   0.0116     3.9%
   536     8.2s    0.0081    85.0%    85.0%    98.4%       100%/0%/0%    1.738     !ERR    15.0%     0.0%   1.5601   0.0059     2.0%
   537    11.3s    0.0056    65.0%    65.0%    94.5%       100%/0%/0%    2.583     !ERR    35.0%     0.0%   1.4027   0.0074     1.5%
   538     8.7s    0.0082    85.0%    85.0%    98.0%        99%/0%/1%    1.699    0.002    15.0%     0.0%   1.4858   0.0074     1.1%
   539     7.7s    0.0080    75.0%    75.0%    97.0%        99%/1%/0%    1.924     !ERR    25.0%     0.0%   1.4595   0.0023     1.5%
   540     4.1s    0.0188   100.0%   100.0%   100.0%       100%/0%/0%    0.701     !ERR     0.0%     0.0%   1.0811   0.0008     0.6%
  [MA20] reward=0.0097 task_sr=85.8% miss=14.3% time_limit=0.0% v2v=0.1%
  [RWRD] r_prog=0.0213 r_term=0.1671 r_illegal=0.0000
  [PPO ] p_loss=0.0087 v_loss=0.0930 entropy=1.0811 grad=4.6485 active=100.0%
  [SIM ] avg_power(a)=0.5064 rsu_q=0.700 tx=0 no_tx=142 deadlock=0 svc=0.000GHz idle=0.0%

    Ep    Wall    R/step     T_SR     V_SR     S_SR            L/R/V   Lat(s)       En     Miss      Ill      Ent       KL     Clip
--------------------------------------------------------------------------------------------------------------------------------
   541    14.2s    0.0049    60.0%    60.0%    94.6%       100%/0%/0%    2.778     !ERR    40.0%     0.0%   1.4380   0.0010     2.4%
   542     2.0s    0.0210   100.0%   100.0%   100.0%       100%/0%/0%    0.622     !ERR     0.0%     0.0%   0.8849   0.0022     0.6%
   543     6.9s    0.0075    85.0%    85.0%    99.0%       100%/0%/0%    1.780     !ERR    15.0%     0.0%   1.4982   0.0049     1.7%
   544     7.5s    0.0076    90.0%    90.0%    98.4%       100%/0%/0%    1.914     !ERR    10.0%     0.0%   1.5767   0.0032     1.2%
   545     3.8s    0.0237   100.0%   100.0%   100.0%       100%/0%/0%    0.628     !ERR     0.0%     0.0%   0.7375   0.0002     0.3%
   546     7.8s    0.0080    85.0%    85.0%    97.5%       100%/0%/0%    1.744     !ERR    15.0%     0.0%   1.5616   0.0052     2.4%
   547     2.1s    0.0241   100.0%   100.0%   100.0%       100%/0%/0%    0.625     !ERR     0.0%     0.0%   0.7315  -0.0019     0.3%
   548     2.1s    0.0238   100.0%   100.0%   100.0%       100%/0%/0%    0.659     !ERR     0.0%     0.0%   0.6937   0.0042     0.1%
   549    11.5s    0.0059    70.0%    70.0%    96.0%       100%/0%/0%    2.508     !ERR    30.0%     0.0%   1.4289   0.0036     1.6%
   550     6.5s    0.0092    90.0%    90.0%    98.0%       100%/0%/0%    1.820     !ERR    10.0%     0.0%   1.3227   0.0047     1.6%
  [MA20] reward=0.0112 task_sr=85.5% miss=14.5% time_limit=0.0% v2v=0.0%
  [RWRD] r_prog=0.0505 r_term=0.0418 r_illegal=0.0000
  [PPO ] p_loss=0.0102 v_loss=0.2631 entropy=1.3227 grad=3.3072 active=100.0%
  [SIM ] avg_power(a)=0.5268 rsu_q=0.040 tx=0 no_tx=198 deadlock=0 svc=0.000GHz idle=0.0%
   551     2.5s    0.0210   100.0%   100.0%   100.0%       100%/0%/0%    0.675     !ERR     0.0%     0.0%   0.8073 -1.25e-05     0.9%
   552     4.0s    0.0215   100.0%   100.0%   100.0%       100%/0%/0%    0.632     !ERR     0.0%     0.0%   0.9891   0.0019     1.4%
   553     2.3s    0.0209   100.0%   100.0%   100.0%       100%/0%/0%    0.648     !ERR     0.0%     0.0%   0.8914   0.0009     1.8%
   554     7.3s    0.0083    95.0%    95.0%   100.0%       100%/0%/0%    1.796     !ERR     5.0%     0.0%   1.3919   0.0062     3.9%
   555     3.8s    0.0192   100.0%   100.0%   100.0%       100%/0%/0%    0.653     !ERR     0.0%     0.0%   1.1476 -4.68e-05     1.5%
   556    10.2s    0.0079    85.0%    85.0%    98.1%       100%/0%/0%    1.584     !ERR    15.0%     0.0%   1.5522   0.0036     3.6%
   557     7.6s    0.0078    80.0%    80.0%    98.5%       100%/0%/0%    1.869     !ERR    20.0%     0.0%   1.5042   0.0061     3.5%
   558     7.2s    0.0082    85.0%    85.0%    97.5%        99%/0%/1%    1.852     !ERR    15.0%     0.0%   1.4609   0.0054     2.5%
   559     2.4s    0.0192   100.0%   100.0%   100.0%       100%/0%/0%    0.633     !ERR     0.0%     0.0%   1.0575  -0.0008     3.1%
   560     4.1s    0.0208   100.0%   100.0%   100.0%       100%/0%/0%    0.693     !ERR     0.0%     0.0%   0.9261   0.0054     1.7%
  [MA20] reward=0.0145 task_sr=91.2% miss=8.8% time_limit=0.0% v2v=0.0%
  [RWRD] r_prog=0.0228 r_term=0.1855 r_illegal=0.0000
  [PPO ] p_loss=-0.0010 v_loss=0.0171 entropy=0.9261 grad=1.3761 active=100.0%
  [SIM ] avg_power(a)=0.5008 rsu_q=0.778 tx=0 no_tx=143 deadlock=0 svc=0.000GHz idle=0.0%

    Ep    Wall    R/step     T_SR     V_SR     S_SR            L/R/V   Lat(s)       En     Miss      Ill      Ent       KL     Clip
--------------------------------------------------------------------------------------------------------------------------------
   561     7.8s    0.0089    85.0%    85.0%    98.5%       100%/0%/0%    1.942     !ERR    15.0%     0.0%   1.4575   0.0049     3.1%
   562     2.2s    0.0235   100.0%   100.0%   100.0%        99%/0%/1%    0.627     !ERR     0.0%     0.0%   0.7015   0.0060     1.3%
   563     6.2s    0.0089    90.0%    90.0%    99.0%        99%/1%/0%    1.663     !ERR    10.0%     0.0%   1.3390   0.0034     3.0%
   564     7.3s    0.0087    90.0%    90.0%    98.0%       100%/0%/0%    1.828     !ERR    10.0%     0.0%   1.4373   0.0011     3.6%
   565     2.4s    0.0210   100.0%   100.0%   100.0%        99%/0%/1%    0.617     !ERR     0.0%     0.0%   0.8870   0.0036     1.0%
   566    13.1s    0.0059    65.0%    65.0%    96.2%       100%/0%/0%    2.805     !ERR    35.0%     0.0%   1.4127   0.0086     2.8%
   567     6.8s    0.0078    80.0%    80.0%    98.0%       100%/0%/0%    1.839     !ERR    20.0%     0.0%   1.3388   0.0047     3.8%
   568     6.5s    0.0098    95.0%    95.0%    97.9%       100%/0%/0%    1.916     !ERR     5.0%     0.0%   1.4157   0.0005     2.4%
   569     7.2s    0.0080    95.0%    95.0%    99.5%       100%/0%/0%    1.757     !ERR     5.0%     0.0%   1.4540   0.0096     2.9%
   570     6.4s    0.0089    95.0%    95.0%    99.5%       100%/0%/0%    1.660     !ERR     5.0%     0.0%   1.4594   0.0027     2.6%
  [MA20] reward=0.0133 task_sr=92.0% miss=8.0% time_limit=0.0% v2v=0.1%
  [RWRD] r_prog=0.0422 r_term=0.0469 r_illegal=0.0000
  [PPO ] p_loss=-0.0082 v_loss=0.1598 entropy=1.4594 grad=1.2081 active=100.0%
  [SIM ] avg_power(a)=0.5266 rsu_q=0.154 tx=0 no_tx=196 deadlock=0 svc=0.000GHz idle=0.0%
   571     2.0s    0.0237   100.0%   100.0%   100.0%       100%/0%/0%    0.607     !ERR     0.0%     0.0%   0.7718   0.0095     0.9%
   572     7.3s    0.0075    75.0%    75.0%    95.9%       100%/0%/0%    1.566     !ERR    25.0%     0.0%   1.4919   0.0037     3.4%
   573    11.7s    0.0063    80.0%    80.0%    97.7%       100%/0%/0%    2.589     !ERR    20.0%     0.0%   1.4371   0.0078     2.7%
   574    11.7s    0.0067    80.0%    80.0%    96.2%       100%/0%/0%    2.725     !ERR    20.0%     0.0%   1.4147   0.0030     3.8%
   575     7.6s    0.0086    95.0%    95.0%    99.5%       100%/0%/0%    1.932     !ERR     5.0%     0.0%   1.5106   0.0107     3.5%
   576     7.0s    0.0076    75.0%    75.0%    96.3%       100%/0%/0%    1.853     !ERR    25.0%     0.0%   1.4620   0.0053     4.2%
   577     2.1s    0.0211   100.0%   100.0%   100.0%       100%/0%/0%    0.647     !ERR     0.0%     0.0%   0.8503   0.0050     1.7%
   578     2.1s    0.0217   100.0%   100.0%   100.0%       100%/0%/0%    0.621     !ERR     0.0%     0.0%   0.9473   0.0259     3.8%
   579    17.6s    0.0020    20.0%    20.0%    52.2%       68%/6%/26%    2.816    0.336    80.0%     0.0%   2.1614   0.0608    13.8%
   580    11.3s    0.0009     5.0%     5.0%    42.6%       29%/9%/62%    1.916    0.542    90.0%     0.0%   2.1099   0.0504    14.8%
  [MA20] reward=0.0109 task_sr=81.2% miss=18.5% time_limit=0.0% v2v=4.5%
  [RWRD] r_prog=0.0416 r_term=-0.0331 r_illegal=0.0000
  [PPO ] p_loss=0.0156 v_loss=0.9359 entropy=2.1099 grad=6.9405 active=100.0%
  [SIM ] avg_power(a)=0.5441 rsu_q=0.207 tx=91 no_tx=42 deadlock=0 svc=0.000GHz idle=0.0%

    Ep    Wall    R/step     T_SR     V_SR     S_SR            L/R/V   Lat(s)       En     Miss      Ill      Ent       KL     Clip
--------------------------------------------------------------------------------------------------------------------------------
   581    16.3s    0.0017     5.0%     5.0%    48.8%      19%/11%/70%    1.259    0.405    90.0%     0.0%   2.1616   0.0486    11.6%
   582    12.3s    0.0004     0.0%     0.0%    36.0%      18%/10%/71%    0.000    0.473   100.0%     0.0%   2.2479   0.0290    12.3%
   583     9.7s    0.0007    20.0%    20.0%    52.8%      29%/12%/59%    1.085    0.497    80.0%     0.0%   2.4880   0.0200    10.5%
   584    14.5s    0.0013     0.0%     0.0%    42.1%      17%/10%/72%    2.446    0.467    85.0%     0.0%   2.2472   0.0552     9.5%
   585     7.0s    0.0015    30.0%    30.0%    62.0%       22%/9%/69%    1.387    0.388    70.0%     0.0%   2.2371   0.0087     9.1%
   586     4.7s    0.0003    30.0%    30.0%    82.5%       8%/14%/78%    1.591    0.287    60.0%     0.0%   2.2070   0.0159     9.1%
   587     6.4s   -0.0009     5.0%     5.0%    48.5%      12%/12%/77%    0.441    0.525    90.0%     0.0%   2.0824   0.0092     7.8%
   588    20.9s    0.0031    15.0%    15.0%    47.5%      21%/13%/66%    3.262    0.391    80.0%     0.0%   2.2721   0.0203     8.6%
   589     5.6s    0.0018    30.0%    30.0%    72.4%      16%/13%/72%    1.219    0.484    70.0%     0.0%   2.2120   0.0231     8.3%
   590    11.1s    0.0019     5.0%     5.0%    43.1%      14%/11%/75%    1.954    0.516    90.0%     0.0%   2.2302   0.0185     8.5%
  [MA20] reward=0.0059 task_sr=43.5% miss=54.0% time_limit=0.0% v2v=39.9%
  [RWRD] r_prog=0.0536 r_term=-0.0342 r_illegal=0.0000
  [PPO ] p_loss=0.0042 v_loss=0.7194 entropy=2.2302 grad=3.5168 active=100.0%
  [SIM ] avg_power(a)=0.5466 rsu_q=0.357 tx=113 no_tx=21 deadlock=0 svc=0.000GHz idle=0.0%
   591    30.8s    0.0015     0.0%     0.0%    27.2%      16%/13%/71%    0.000    0.502    95.0%     0.0%   2.6751   0.0074     9.1%
   592     5.6s    0.0019    35.0%    35.0%    72.7%      11%/10%/78%    1.200    0.339    60.0%     0.0%   2.1485   0.0072     6.7%
   593    19.9s    0.0026     0.0%     0.0%    42.5%      12%/10%/78%    0.000    0.396    90.0%     0.0%   2.4037   0.0079     7.7%
   594    21.5s    0.0015     0.0%     0.0%    34.4%      12%/15%/73%    0.000    0.480    95.0%     0.0%   2.3791   0.0111     9.7%
   595    11.6s    0.0019     0.0%     0.0%    47.5%        6%/9%/84%    0.000    0.420    90.0%     0.0%   2.1640   0.0111    11.2%
   596    12.5s    0.0033    15.0%    15.0%    66.0%       6%/16%/78%    2.175    0.429    85.0%     0.0%   2.2994   0.0064    11.2%
   597    11.3s    0.0011     0.0%     0.0%    37.6%      13%/16%/71%    0.000    0.494    95.0%     0.0%   2.3347   0.0190     9.6%
   598    10.3s    0.0021     5.0%     5.0%    49.0%       9%/19%/72%    1.229    0.510    90.0%     0.0%   2.1651   0.0096     8.2%
   599    10.0s    0.0020     0.0%     0.0%    54.0%      10%/12%/78%    0.000    0.505    95.0%     0.0%   2.0111   0.0224     7.3%
   600     6.0s   -0.0004    20.0%    20.0%    73.2%      15%/15%/69%    1.413    0.448    80.0%     0.0%   2.2315   0.0147     9.2%
  [MA20] reward=0.0015 task_sr=10.8% miss=84.5% time_limit=0.0% v2v=73.1%
  [RWRD] r_prog=0.0167 r_term=-0.0207 r_illegal=0.0000
  [PPO ] p_loss=0.0034 v_loss=0.8322 entropy=2.2315 grad=7.0361 active=100.0%
  [SIM ] avg_power(a)=0.5518 rsu_q=0.040 tx=101 no_tx=20 deadlock=0 svc=0.000GHz idle=0.0%
  [Checkpoint] saved: ep0600.pth

    Ep    Wall    R/step     T_SR     V_SR     S_SR            L/R/V   Lat(s)       En     Miss      Ill      Ent       KL     Clip
--------------------------------------------------------------------------------------------------------------------------------
   601    13.5s    0.0036    10.0%    10.0%    44.2%      10%/13%/77%    2.314    0.515    90.0%     0.0%   2.2323   0.0040     9.6%
  [LateGuard] restore best_model at ep601 (drop=0.403, freeze=False)
   602     7.3s    0.0076    85.0%    85.0%    98.0%        99%/0%/0%    1.698     !ERR    15.0%     0.0%   1.4010   0.0034     5.8%
   603     7.6s    0.0075    70.0%    70.0%    92.9%        99%/1%/0%    1.588     !ERR    30.0%     0.0%   1.3888   0.0112     6.1%
   604    13.9s    0.0060    55.0%    55.0%    91.1%        99%/0%/0%    2.607    0.001    45.0%     0.0%   1.4342   0.0163    11.3%
   605    13.3s    0.0063    70.0%    70.0%    95.8%        99%/1%/0%    2.607     !ERR    30.0%     0.0%   1.4160   0.0077    11.4%
   606     6.5s    0.0085    95.0%    95.0%   100.0%        98%/1%/1%    1.699     !ERR     5.0%     0.0%   1.4311   0.0098    10.0%
   607     6.6s    0.0078    80.0%    80.0%    99.5%       100%/0%/0%    1.824     !ERR    20.0%     0.0%   1.4361   0.0057     9.4%
   608     3.5s    0.0242   100.0%   100.0%   100.0%       100%/0%/0%    0.620     !ERR     0.0%     0.0%   0.7999   0.0054     1.8%
   609    11.9s    0.0064    75.0%    75.0%    97.3%        99%/0%/1%    2.675    0.001    25.0%     0.0%   1.3747   0.0138     6.8%
   610     6.7s    0.0084    90.0%    90.0%    99.0%        99%/1%/0%    1.677     !ERR    10.0%     0.0%   1.4409   0.0014     5.9%
  [MA20] reward=0.0052 task_sr=40.2% miss=57.2% time_limit=0.0% v2v=41.6%
  [RWRD] r_prog=0.0400 r_term=0.0442 r_illegal=0.0000
  [PPO ] p_loss=-0.0257 v_loss=0.2458 entropy=1.4409 grad=3.5229 active=100.0%
  [SIM ] avg_power(a)=0.5166 rsu_q=0.000 tx=2 no_tx=194 deadlock=0 svc=0.000GHz idle=0.0%
   611     9.7s    0.0107   100.0%   100.0%   100.0%        99%/1%/0%    1.689     !ERR     0.0%     0.0%   1.4718   0.0030     1.9%
   612     7.5s    0.0075    90.0%    90.0%    97.6%        98%/2%/0%    1.765     !ERR    10.0%     0.0%   1.5714   0.0138     5.9%
   613     7.1s    0.0093    95.0%    95.0%    99.0%        98%/2%/0%    1.746     !ERR     5.0%     0.0%   1.3703   0.0109     6.2%
   614     3.4s    0.0235   100.0%   100.0%   100.0%        99%/1%/0%    0.636     !ERR     0.0%     0.0%   0.7544  -0.0021     1.8%
   615     5.9s    0.0082    85.0%    85.0%    96.8%        98%/2%/1%    1.596     !ERR    15.0%     0.0%   1.3412   0.0148     6.8%
   616    11.9s    0.0084    85.0%    85.0%    98.6%        98%/2%/0%    1.751     !ERR    15.0%     0.0%   1.7173   0.0085     7.5%
  [LateGuard] restore best_model at ep616 (drop=0.425, freeze=False)
   617    13.1s    0.0085    95.0%    95.0%    99.5%        99%/0%/1%    1.644    0.004     5.0%     0.0%   1.7144   0.0134     4.8%
   618     6.9s    0.0083    90.0%    90.0%    99.5%        98%/2%/1%    1.715    0.001    10.0%     0.0%   1.3724   0.0007     5.7%
   619     7.5s    0.0074    70.0%    70.0%    96.6%        98%/1%/1%    1.809    0.001    30.0%     0.0%   1.4396   0.0118     4.8%
   620     7.2s    0.0081    95.0%    95.0%    99.5%        99%/1%/0%    1.804     !ERR     5.0%     0.0%   1.5383   0.0098     6.7%
  [MA20] reward=0.0093 task_sr=81.7% miss=18.2% time_limit=0.0% v2v=4.2%
  [RWRD] r_prog=0.0391 r_term=0.0415 r_illegal=0.0000
  [PPO ] p_loss=0.0154 v_loss=0.2289 entropy=1.5383 grad=5.8633 active=100.0%
  [SIM ] avg_power(a)=0.4936 rsu_q=0.000 tx=1 no_tx=197 deadlock=0 svc=0.000GHz idle=0.0%

    Ep    Wall    R/step     T_SR     V_SR     S_SR            L/R/V   Lat(s)       En     Miss      Ill      Ent       KL     Clip
--------------------------------------------------------------------------------------------------------------------------------
   621     2.0s    0.0191   100.0%   100.0%   100.0%        98%/2%/0%    0.642     !ERR     0.0%     0.0%   0.9750   0.0159     3.1%
   622     7.1s    0.0080    95.0%    95.0%   100.0%       100%/0%/0%    1.757     !ERR     5.0%     0.0%   1.4401   0.0127     7.1%
   623     6.4s    0.0073    75.0%    75.0%    96.2%        99%/0%/1%    1.616     !ERR    25.0%     0.0%   1.4490   0.0180     6.6%
   624     9.9s    0.0078    85.0%    85.0%    98.0%        97%/2%/1%    1.897     !ERR    15.0%     0.0%   1.6499   0.0098     8.4%
   625     7.9s    0.0077    80.0%    80.0%    99.1%        98%/2%/0%    1.856     !ERR    20.0%     0.0%   1.5790   0.0023     6.9%
   626     7.0s    0.0089    90.0%    90.0%    97.5%       100%/0%/0%    1.744     !ERR    10.0%     0.0%   1.3621   0.0036     8.3%
   627     7.3s    0.0079    75.0%    75.0%    95.2%       100%/0%/0%    1.682     !ERR    25.0%     0.0%   1.4426   0.0177     7.4%
   628    12.3s    0.0085    85.0%    85.0%    99.0%        99%/1%/0%    1.798     !ERR    15.0%     0.0%   1.7611   0.0148     6.8%
   629     1.9s    0.0213   100.0%   100.0%   100.0%        99%/1%/0%    0.636     !ERR     0.0%     0.0%   0.8537  -0.0030     3.2%
   630     7.2s    0.0087    95.0%    95.0%   100.0%        98%/2%/0%    1.809     !ERR     5.0%     0.0%   1.4371   0.0172     6.9%
  [MA20] reward=0.0103 task_sr=89.2% miss=10.8% time_limit=0.0% v2v=0.3%
  [RWRD] r_prog=0.0402 r_term=0.0468 r_illegal=0.0000
  [PPO ] p_loss=-0.0417 v_loss=0.2295 entropy=1.4371 grad=4.4867 active=100.0%
  [SIM ] avg_power(a)=0.4948 rsu_q=0.160 tx=4 no_tx=202 deadlock=0 svc=0.000GHz idle=0.0%
   631    20.9s    0.0064    80.0%    80.0%    97.6%        98%/2%/0%    2.755     !ERR    20.0%     0.0%   1.8255   0.0090     6.2%
  [LateGuard] restore best_model at ep631 (drop=0.379, freeze=False)
   632     2.4s    0.0191   100.0%   100.0%   100.0%        96%/2%/1%    0.685     !ERR     0.0%     0.0%   1.0079   0.0037     4.9%
   633     8.0s    0.0075    85.0%    85.0%    99.0%        98%/1%/1%    1.787     !ERR    15.0%     0.0%   1.4231   0.0096     5.3%
   634    10.8s    0.0076    85.0%    85.0%    98.0%        99%/1%/0%    1.718     !ERR    15.0%     0.0%   1.5803   0.0071     5.0%
   635    17.4s    0.0059    55.0%    55.0%    91.7%       100%/0%/0%    2.586     !ERR    45.0%     0.0%   1.4764   0.0073     3.2%
   636     6.1s    0.0086    85.0%    85.0%    97.9%        99%/1%/0%    1.808     !ERR    15.0%     0.0%   1.2872   0.0111     3.8%
   637     8.5s    0.0080    90.0%    90.0%    98.0%        98%/1%/1%    1.538    0.002    10.0%     0.0%   1.5641   0.0042     4.9%
   638    14.2s    0.0048    45.0%    45.0%    92.6%        99%/0%/0%    2.744     !ERR    55.0%     0.0%   1.4169   0.0086     3.8%
   639     7.5s    0.0083    80.0%    80.0%    97.0%        99%/1%/0%    1.856     !ERR    20.0%     0.0%   1.4457  -0.0011     4.3%
   640     2.5s    0.0213   100.0%   100.0%   100.0%       100%/0%/0%    0.657     !ERR     0.0%     0.0%   0.9337   0.0044     1.0%
  [MA20] reward=0.0101 task_sr=84.2% miss=15.8% time_limit=0.0% v2v=0.3%
  [RWRD] r_prog=0.0274 r_term=0.1859 r_illegal=0.0000
  [PPO ] p_loss=0.0103 v_loss=0.1659 entropy=0.9337 grad=6.3149 active=100.0%
  [SIM ] avg_power(a)=0.5044 rsu_q=0.556 tx=0 no_tx=134 deadlock=0 svc=0.000GHz idle=0.0%

    Ep    Wall    R/step     T_SR     V_SR     S_SR            L/R/V   Lat(s)       En     Miss      Ill      Ent       KL     Clip
--------------------------------------------------------------------------------------------------------------------------------
   641     7.2s    0.0078   100.0%   100.0%   100.0%        99%/1%/0%    1.697     !ERR     0.0%     0.0%   1.4790   0.0085     3.1%
   642     1.9s    0.0213   100.0%   100.0%   100.0%        98%/1%/1%    0.630     !ERR     0.0%     0.0%   0.9400   0.0164     1.9%
   643     6.8s    0.0079    80.0%    80.0%    97.9%       100%/0%/0%    1.810     !ERR    20.0%     0.0%   1.4043   0.0033     4.8%
   644     9.0s    0.0084    95.0%    95.0%    99.5%        98%/2%/0%    1.745     !ERR     5.0%     0.0%   1.5802   0.0130     5.2%
   645     6.9s    0.0090    85.0%    85.0%    98.5%        98%/1%/1%    1.935     !ERR    15.0%     0.0%   1.3075   0.0089     5.2%
   646     1.9s    0.0242   100.0%   100.0%   100.0%        95%/5%/0%    0.635     !ERR     0.0%     0.0%   0.7586   0.0175     3.5%
   647     6.4s    0.0073    75.0%    75.0%    97.4%        98%/2%/0%    1.578     !ERR    25.0%     0.0%   1.4188   0.0039     5.8%
   648     7.4s    0.0074    75.0%    75.0%    96.5%        97%/2%/1%    1.776     !ERR    25.0%     0.0%   1.4782   0.0121     7.5%
   649    10.3s    0.0078    80.0%    80.0%    97.5%        98%/1%/1%    1.473     !ERR    20.0%     0.0%   1.6974   0.0053     7.7%
   650     3.3s    0.0234   100.0%   100.0%   100.0%        99%/1%/0%    0.625     !ERR     0.0%     0.0%   0.8635   0.0048     1.6%
  [MA20] reward=0.0111 task_sr=84.8% miss=15.3% time_limit=0.0% v2v=0.4%
  [RWRD] r_prog=0.0221 r_term=0.2120 r_illegal=0.0000
  [PPO ] p_loss=0.0064 v_loss=0.1457 entropy=0.8635 grad=3.6627 active=100.0%
  [SIM ] avg_power(a)=0.4932 rsu_q=0.875 tx=1 no_tx=129 deadlock=0 svc=0.000GHz idle=0.0%
   651     2.1s    0.0210   100.0%   100.0%   100.0%        98%/2%/1%    0.635     !ERR     0.0%     0.0%   0.9627   0.0122     3.8%
   652    19.4s    0.0058    60.0%    60.0%    94.1%        98%/0%/2%    2.613    0.002    40.0%     0.0%   1.6338   0.0076     7.3%
   653    13.4s    0.0053    55.0%    55.0%    92.1%        96%/4%/0%    2.870     !ERR    45.0%     0.0%   1.5141   0.0180    10.2%
   654     8.6s    0.0074    75.0%    75.0%    97.5%        98%/1%/1%    1.832     !ERR    25.0%     0.0%   1.6082   0.0046     8.0%
   655     7.1s    0.0100   100.0%   100.0%   100.0%        97%/3%/0%    1.713     !ERR     0.0%     0.0%   1.3643   0.0103     6.5%
   656     2.7s    0.0191   100.0%   100.0%   100.0%        98%/2%/0%    0.701     !ERR     0.0%     0.0%   0.9732   0.0029     3.4%
   657     2.1s    0.0211   100.0%   100.0%   100.0%        98%/0%/2%    0.671     !ERR     0.0%     0.0%   0.8582  -0.0026     3.6%
   658     2.4s    0.0190   100.0%   100.0%   100.0%        96%/3%/1%    0.667     !ERR     0.0%     0.0%   1.1173   0.0239     5.3%
   659     3.2s    0.0171   100.0%   100.0%   100.0%        99%/0%/1%    0.699    0.003     0.0%     0.0%   1.1938   0.0110     4.0%
   660     2.4s    0.0238   100.0%   100.0%   100.0%        99%/1%/0%    0.637     !ERR     0.0%     0.0%   0.8143   0.0076     2.9%
  [MA20] reward=0.0137 task_sr=89.0% miss=11.0% time_limit=0.0% v2v=0.5%
  [RWRD] r_prog=0.0272 r_term=0.2110 r_illegal=0.0000
  [PPO ] p_loss=-0.0045 v_loss=0.0283 entropy=0.8143 grad=1.4238 active=100.0%
  [SIM ] avg_power(a)=0.4937 rsu_q=0.250 tx=1 no_tx=130 deadlock=0 svc=0.000GHz idle=0.0%

    Ep    Wall    R/step     T_SR     V_SR     S_SR            L/R/V   Lat(s)       En     Miss      Ill      Ent       KL     Clip
--------------------------------------------------------------------------------------------------------------------------------
   661     2.2s    0.0211   100.0%   100.0%   100.0%        99%/1%/0%    0.692     !ERR     0.0%     0.0%   0.8317  -0.0036     3.7%
   662    13.4s    0.0055    60.0%    60.0%    94.6%        97%/2%/0%    2.739     !ERR    40.0%     0.0%   1.2215   0.0042     6.1%
   663    10.4s    0.0082    90.0%    90.0%    98.5%        97%/2%/1%    1.585     !ERR    10.0%     0.0%   1.4120   0.0043     5.3%
   664    12.0s    0.0090    95.0%    95.0%    99.5%        98%/2%/0%    2.001     !ERR     5.0%     0.0%   1.5177   0.0044     6.5%
   665    10.2s    0.0079    80.0%    80.0%    97.6%        96%/3%/0%    1.784     !ERR    20.0%     0.0%   1.5113   0.0065     5.8%
   666     1.8s    0.0239   100.0%   100.0%   100.0%        99%/1%/0%    0.584     !ERR     0.0%     0.0%   0.8652   0.0083     2.3%
   667     4.7s    0.0184   100.0%   100.0%   100.0%        95%/3%/2%    0.710    0.005     0.0%     0.0%   1.1513   0.0088     3.8%
   668     7.7s    0.0097   100.0%   100.0%   100.0%        92%/8%/1%    1.693    0.002     0.0%     0.0%   1.3975   0.0077     6.2%
   669    21.5s    0.0055    70.0%    70.0%    98.1%        92%/6%/2%    2.637    0.007    30.0%     0.0%   1.6501   0.0099     6.4%
   670     9.6s    0.0087    85.0%    85.0%    98.5%        95%/4%/0%    1.861    0.001    15.0%     0.0%   1.3974   0.0167     8.9%
  [MA20] reward=0.0134 task_sr=88.5% miss=11.5% time_limit=0.0% v2v=0.7%
  [RWRD] r_prog=0.0516 r_term=0.0354 r_illegal=0.0000
  [PPO ] p_loss=-0.0096 v_loss=0.2241 entropy=1.3974 grad=5.5892 active=100.0%
  [SIM ] avg_power(a)=0.5021 rsu_q=0.308 tx=10 no_tx=196 deadlock=0 svc=0.000GHz idle=0.0%
   671     6.3s    0.0092   100.0%   100.0%   100.0%       88%/10%/2%    1.775    0.004     0.0%     0.0%   1.4090  -0.0002     6.7%
   672    11.8s    0.0074    85.0%    85.0%    97.2%       87%/12%/0%    2.323    0.005    15.0%     0.0%   1.5358   0.0064     7.0%
   673     8.5s    0.0099    95.0%    95.0%    99.5%       87%/12%/1%    1.775    0.006     5.0%     0.0%   1.3997   0.0290     8.7%
   674     6.7s    0.0095    95.0%    95.0%    99.0%        93%/7%/1%    1.680    0.003     5.0%     0.0%   1.3982   0.0138     4.8%
   675     6.8s    0.0079    90.0%    90.0%    99.0%        89%/8%/3%    1.823    0.006    10.0%     0.0%   1.3708   0.0148     6.1%
   676     6.6s    0.0076    90.0%    90.0%    99.0%        94%/2%/3%    1.491    0.006    10.0%     0.0%   1.4663   0.0186     5.3%
   677     2.2s    0.0235   100.0%   100.0%   100.0%        91%/7%/2%    0.653    0.004     0.0%     0.0%   0.8280   0.0012     5.6%
   678     6.7s    0.0092    95.0%    95.0%    98.5%        90%/8%/2%    1.761    0.004     5.0%     0.0%   1.2433   0.0112     5.0%
   679     7.3s    0.0089    95.0%    95.0%    99.0%        91%/8%/1%    1.717    0.004     5.0%     0.0%   1.3094   0.0027     5.9%
   680     2.3s    0.0192   100.0%   100.0%   100.0%        97%/3%/1%    0.598    0.001     0.0%     0.0%   1.0179   0.0063     3.4%
  [MA20] reward=0.0115 task_sr=91.2% miss=8.8% time_limit=0.0% v2v=1.1%
  [RWRD] r_prog=0.0212 r_term=0.1703 r_illegal=0.0000
  [PPO ] p_loss=-0.0033 v_loss=0.1200 entropy=1.0179 grad=7.7803 active=100.0%
  [SIM ] avg_power(a)=0.5156 rsu_q=0.900 tx=4 no_tx=114 deadlock=0 svc=0.000GHz idle=0.0%

    Ep    Wall    R/step     T_SR     V_SR     S_SR            L/R/V   Lat(s)       En     Miss      Ill      Ent       KL     Clip
--------------------------------------------------------------------------------------------------------------------------------
   681     2.1s    0.0238   100.0%   100.0%   100.0%        95%/2%/3%    0.635    0.004     0.0%     0.0%   0.8306   0.0102     3.6%
   682     2.7s    0.0208   100.0%   100.0%   100.0%        97%/1%/1%    0.664     !ERR     0.0%     0.0%   0.8712   0.0132     3.1%
   683    25.6s    0.0060    65.0%    65.0%    92.6%        89%/9%/2%    2.596    0.010    35.0%     0.0%   1.6578   0.0021     5.1%
   684    12.7s    0.0096   100.0%   100.0%   100.0%        92%/7%/1%    1.897    0.004     0.0%     0.0%   1.6247   0.0102     3.8%
   685     7.3s    0.0091   100.0%   100.0%   100.0%        95%/5%/0%    1.833    0.002     0.0%     0.0%   1.3311   0.0104     5.5%
   686     2.1s    0.0241   100.0%   100.0%   100.0%        97%/3%/0%    0.666     !ERR     0.0%     0.0%   0.7086   0.0158     3.4%
   687     2.3s    0.0211   100.0%   100.0%   100.0%        95%/5%/1%    0.662    0.004     0.0%     0.0%   0.8970   0.0075     4.0%
   688     2.2s    0.0214   100.0%   100.0%   100.0%        97%/2%/1%    0.663     !ERR     0.0%     0.0%   0.8321   0.0241     8.1%
   689     7.6s    0.0086    90.0%    90.0%    99.5%        96%/4%/0%    1.747     !ERR    10.0%     0.0%   1.0676   0.0113    11.0%
   690    12.3s    0.0088    95.0%    95.0%    99.5%        99%/0%/0%    1.714     !ERR     5.0%     0.0%   1.3632   0.0220    15.1%
  [MA20] reward=0.0133 task_sr=94.8% miss=5.3% time_limit=0.0% v2v=1.2%
  [RWRD] r_prog=0.0434 r_term=0.0446 r_illegal=0.0000
  [PPO ] p_loss=0.0111 v_loss=0.1907 entropy=1.3632 grad=2.3695 active=100.0%
  [SIM ] avg_power(a)=0.5035 rsu_q=0.222 tx=2 no_tx=205 deadlock=0 svc=0.000GHz idle=0.0%
   691    13.9s    0.0060    70.0%    70.0%    95.1%        95%/4%/1%    2.803    0.003    30.0%     0.0%   1.1889   0.0114     8.1%
   692    11.7s    0.0071    85.0%    85.0%    99.2%        92%/7%/1%    2.578    0.004    15.0%     0.0%   1.2441   0.0295     9.7%
   693     6.2s    0.0081    95.0%    95.0%    99.5%        97%/3%/0%    1.726     !ERR     5.0%     0.0%   1.1807   0.0043     8.1%
   694     8.6s    0.0077    85.0%    85.0%    98.0%        93%/6%/1%    1.670    0.002    15.0%     0.0%   1.2956   0.0208     7.2%
   695     8.5s    0.0085    90.0%    90.0%    99.0%        92%/8%/0%    1.773    0.003    10.0%     0.0%   1.2483   0.0243    11.3%
   696     6.7s    0.0081    95.0%    95.0%   100.0%        92%/6%/2%    1.754    0.002     5.0%     0.0%   1.2982   0.0175     6.3%
   697     7.1s    0.0086   100.0%   100.0%   100.0%        93%/6%/1%    1.817    0.003     0.0%     0.0%   1.2998   0.0182     4.3%
   698    10.6s    0.0076    95.0%    95.0%    99.2%        94%/6%/0%    2.588    0.002     5.0%     0.0%   1.1576   0.0076     4.3%
   699     7.4s    0.0096    95.0%    95.0%    99.0%        96%/4%/0%    1.885     !ERR     5.0%     0.0%   1.2029   0.0149     4.9%
   700    10.2s    0.0085    95.0%    95.0%    98.5%        94%/6%/0%    1.793    0.002     5.0%     0.0%   1.3857   0.0070     4.7%
  [MA20] reward=0.0117 task_sr=92.7% miss=7.3% time_limit=0.0% v2v=0.8%
  [RWRD] r_prog=0.0404 r_term=0.0443 r_illegal=0.0000
  [PPO ] p_loss=0.0071 v_loss=0.1426 entropy=1.3857 grad=2.6894 active=100.0%
  [SIM ] avg_power(a)=0.4840 rsu_q=0.385 tx=12 no_tx=183 deadlock=0 svc=0.000GHz idle=0.0%
  [Checkpoint] saved: ep0700.pth

    Ep    Wall    R/step     T_SR     V_SR     S_SR            L/R/V   Lat(s)       En     Miss      Ill      Ent       KL     Clip
--------------------------------------------------------------------------------------------------------------------------------
   701     2.0s    0.0215   100.0%   100.0%   100.0%        98%/1%/1%    0.601     !ERR     0.0%     0.0%   0.8206   0.0129     2.0%
   702    22.0s    0.0059    80.0%    80.0%    98.4%       86%/12%/1%    2.636    0.011    20.0%     0.0%   1.4834   0.0088     4.8%
   703     7.4s    0.0077    85.0%    85.0%    97.5%        89%/9%/3%    1.786    0.009    15.0%     0.0%   1.3025   0.0167     4.9%
   704    12.2s    0.0066    85.0%    85.0%    98.4%       88%/11%/1%    2.672    0.010    15.0%     0.0%   1.2726   0.0094     4.0%
   705    13.0s    0.0074    80.0%    80.0%    97.7%       85%/14%/1%    2.862    0.009    20.0%     0.0%   1.3140   0.0188     3.9%
   706     8.3s    0.0095   100.0%   100.0%   100.0%        94%/6%/0%    1.936    0.001     0.0%     0.0%   1.3438   0.0207     3.0%
   707    18.8s    0.0062    75.0%    75.0%    96.6%       89%/11%/0%    2.458    0.006    25.0%     0.0%   1.4713   0.0358     5.7%
   708     6.9s    0.0087    90.0%    90.0%    99.5%       89%/11%/1%    1.672    0.004    10.0%     0.0%   1.3328   0.0125     4.7%
   709    14.3s    0.0070    85.0%    85.0%    98.4%       84%/15%/1%    2.543    0.015    15.0%     0.0%   1.3884   0.0182     6.7%
   710     7.0s    0.0102   100.0%   100.0%   100.0%       90%/10%/0%    1.707    0.006     0.0%     0.0%   1.2991   0.0054     2.2%
  [MA20] reward=0.0085 task_sr=89.2% miss=10.8% time_limit=0.0% v2v=0.7%
  [RWRD] r_prog=0.0480 r_term=0.0545 r_illegal=0.0000
  [PPO ] p_loss=0.0200 v_loss=0.1142 entropy=1.2991 grad=6.2217 active=100.0%
  [SIM ] avg_power(a)=0.5033 rsu_q=0.375 tx=21 no_tx=183 deadlock=0 svc=0.000GHz idle=0.0%
   711     3.0s    0.0211   100.0%   100.0%   100.0%        99%/1%/0%    0.636     !ERR     0.0%     0.0%   0.9069  -0.0022     1.1%
   712     7.4s    0.0094    95.0%    95.0%   100.0%        91%/8%/1%    1.692    0.004     5.0%     0.0%   1.3142   0.0132     3.9%
   713     7.4s    0.0078    95.0%    95.0%    99.0%        91%/8%/1%    1.594    0.003     5.0%     0.0%   1.4843   0.0188     3.6%
   714    17.4s    0.0062    75.0%    75.0%    97.3%       83%/16%/0%    2.486    0.011    25.0%     0.0%   1.5264   0.0306     4.3%
   715    12.1s    0.0073    75.0%    75.0%    95.2%        91%/9%/0%    2.567    0.006    25.0%     0.0%   1.3343   0.0174     3.2%
   716    21.7s    0.0055    65.0%    65.0%    96.1%       89%/11%/0%    2.581    0.008    35.0%     0.0%   1.5399   0.0156     4.2%
   717     9.3s    0.0109   100.0%   100.0%   100.0%        91%/8%/1%    1.801    0.009     0.0%     0.0%   1.3923   0.0046     3.0%
   718     7.1s    0.0089    90.0%    90.0%    98.5%        92%/7%/1%    1.727    0.003    10.0%     0.0%   1.3831   0.0112     3.1%
   719     2.0s    0.0212   100.0%   100.0%   100.0%        98%/1%/1%    0.642    0.002     0.0%     0.0%   0.8570   0.0041     2.0%
   720     9.8s    0.0077    90.0%    90.0%    99.5%        90%/9%/1%    1.720    0.005    10.0%     0.0%   1.3800   0.0234     4.8%
  [MA20] reward=0.0098 task_sr=88.2% miss=11.8% time_limit=0.0% v2v=0.7%
  [RWRD] r_prog=0.0381 r_term=0.0391 r_illegal=0.0000
  [PPO ] p_loss=-0.0044 v_loss=0.2076 entropy=1.3800 grad=2.9106 active=100.0%
  [SIM ] avg_power(a)=0.5173 rsu_q=0.393 tx=20 no_tx=184 deadlock=0 svc=0.000GHz idle=0.0%

    Ep    Wall    R/step     T_SR     V_SR     S_SR            L/R/V   Lat(s)       En     Miss      Ill      Ent       KL     Clip
--------------------------------------------------------------------------------------------------------------------------------
   721     8.3s    0.0081    95.0%    95.0%    99.0%        93%/7%/0%    1.726    0.003     5.0%     0.0%   1.3169   0.0088    10.4%
   722     1.8s    0.0211   100.0%   100.0%   100.0%       100%/0%/0%    0.614     !ERR     0.0%     0.0%   0.8588   0.0023     0.6%
   723     6.7s    0.0099    95.0%    95.0%    99.5%        91%/9%/0%    1.904    0.003     5.0%     0.0%   1.2784   0.0170     4.9%
   724     9.4s    0.0100   100.0%   100.0%   100.0%        92%/8%/0%    1.650    0.003     0.0%     0.0%   1.3938   0.0097     5.1%
   725     9.0s    0.0080    90.0%    90.0%    99.5%       87%/10%/3%    1.811    0.007    10.0%     0.0%   1.3169   0.0204     5.9%
   726     2.3s    0.0213   100.0%   100.0%   100.0%        98%/1%/2%    0.626    0.002     0.0%     0.0%   0.9239   0.0071     1.7%
   727    13.2s    0.0090    95.0%    95.0%    99.0%       88%/12%/0%    1.806    0.007     5.0%     0.0%   1.6090   0.0193     6.8%
   728     4.5s    0.0209   100.0%   100.0%   100.0%        97%/2%/1%    0.671    0.001     0.0%     0.0%   0.8851   0.0089     2.0%
   729     7.3s    0.0083    90.0%    90.0%    99.0%       88%/12%/0%    1.842    0.005    10.0%     0.0%   1.2855   0.0005     2.5%
   730     6.6s    0.0097    95.0%    95.0%    99.5%       88%/11%/1%    1.642    0.007     5.0%     0.0%   1.2376   0.0211     4.0%
  [MA20] reward=0.0116 task_sr=92.2% miss=7.8% time_limit=0.0% v2v=0.6%
  [RWRD] r_prog=0.0439 r_term=0.0528 r_illegal=0.0000
  [PPO ] p_loss=0.0021 v_loss=0.1829 entropy=1.2376 grad=2.2799 active=100.0%
  [SIM ] avg_power(a)=0.5079 rsu_q=0.174 tx=23 no_tx=169 deadlock=0 svc=0.000GHz idle=0.0%
   731    10.0s    0.0082    90.0%    90.0%    99.1%        93%/6%/0%    1.667    0.002    10.0%     0.0%   1.4415   0.0077     2.9%
   732    12.9s    0.0075    85.0%    85.0%    96.9%       89%/11%/0%    2.701    0.007    15.0%     0.0%   1.2700   0.0207     4.1%
   733    13.8s    0.0064    85.0%    85.0%    98.1%       82%/18%/0%    2.501    0.009    15.0%     0.0%   1.3885   0.0092     2.5%
   734     6.8s    0.0102   100.0%   100.0%   100.0%       90%/10%/0%    1.718    0.007     0.0%     0.0%   1.2708   0.0041     2.3%
   735     6.0s    0.0097   100.0%   100.0%   100.0%        91%/8%/1%    1.707    0.004     0.0%     0.0%   1.2474   0.0090     2.2%
   736     2.1s    0.0215   100.0%   100.0%   100.0%       100%/0%/0%    0.637     !ERR     0.0%     0.0%   0.8616   0.0034     0.2%
   737    13.1s    0.0068    80.0%    80.0%    97.3%       88%/12%/0%    2.714    0.007    20.0%     0.0%   1.2393   0.0149     2.5%
   738     2.0s    0.0213   100.0%   100.0%   100.0%       100%/0%/0%    0.638     !ERR     0.0%     0.0%   0.8182   0.0018     0.8%
   739     7.7s    0.0095    95.0%    95.0%    99.5%        94%/5%/0%    1.777    0.001     5.0%     0.0%   1.3144   0.0090     1.8%
   740     7.2s    0.0089   100.0%   100.0%   100.0%        95%/5%/0%    1.588     !ERR     0.0%     0.0%   1.3249   0.0107     1.3%
  [MA20] reward=0.0118 task_sr=94.8% miss=5.3% time_limit=0.0% v2v=0.4%
  [RWRD] r_prog=0.0340 r_term=0.0545 r_illegal=0.0000
  [PPO ] p_loss=0.0221 v_loss=0.1028 entropy=1.3249 grad=3.2872 active=100.0%
  [SIM ] avg_power(a)=0.4939 rsu_q=0.080 tx=9 no_tx=190 deadlock=0 svc=0.000GHz idle=0.0%

    Ep    Wall    R/step     T_SR     V_SR     S_SR            L/R/V   Lat(s)       En     Miss      Ill      Ent       KL     Clip
--------------------------------------------------------------------------------------------------------------------------------
   741    15.4s    0.0069    75.0%    75.0%    96.3%       87%/12%/1%    3.014    0.006    25.0%     0.0%   1.2845   0.0324     3.7%
   742     6.3s    0.0095    95.0%    95.0%   100.0%        92%/8%/0%    1.712    0.003     5.0%     0.0%   1.3119   0.0109     2.7%
   743     7.7s    0.0090    85.0%    85.0%    97.5%        93%/6%/1%    1.740    0.002    15.0%     0.0%   1.3611   0.0069     2.7%
   744     2.4s    0.0212   100.0%   100.0%   100.0%        99%/1%/0%    0.639     !ERR     0.0%     0.0%   0.8608  -0.0033     1.4%
   745     6.7s    0.0097    95.0%    95.0%    99.0%        95%/4%/0%    1.685    0.002     5.0%     0.0%   1.2501   0.0084     2.0%
   746     6.9s    0.0090    95.0%    95.0%    99.5%        91%/9%/0%    1.730    0.003     5.0%     0.0%   1.3899   0.0027     4.3%
   747     3.6s    0.0214   100.0%   100.0%   100.0%       100%/0%/0%    0.616     !ERR     0.0%     0.0%   0.9618   0.0092     2.3%
   748     8.6s    0.0090    85.0%    85.0%    98.5%        93%/6%/1%    1.903    0.004    15.0%     0.0%   1.2622   0.0371     4.9%
   749    13.7s    0.0075    90.0%    90.0%    99.0%        92%/8%/0%    1.600    0.004    10.0%     0.0%   1.5468   0.0080     4.7%
   750     8.1s    0.0083    90.0%    90.0%    99.5%        94%/6%/0%    1.618    0.002    10.0%     0.0%   1.2783   0.0415     5.4%
  [MA20] reward=0.0111 task_sr=92.2% miss=7.8% time_limit=0.0% v2v=0.2%
  [RWRD] r_prog=0.0395 r_term=0.0434 r_illegal=0.0000
  [PPO ] p_loss=0.0098 v_loss=0.2166 entropy=1.2783 grad=4.4203 active=100.0%
  [SIM ] avg_power(a)=0.5148 rsu_q=0.269 tx=13 no_tx=196 deadlock=0 svc=0.000GHz idle=0.0%
   751    12.4s    0.0066    80.0%    80.0%    97.7%        93%/7%/0%    2.849    0.004    20.0%     0.0%   1.2942   0.0167     2.9%
   752     7.5s    0.0103   100.0%   100.0%   100.0%        98%/2%/1%    1.714     !ERR     0.0%     0.0%   1.1977   0.0170     2.6%
   753    13.7s    0.0070    85.0%    85.0%    97.6%        98%/2%/0%    2.683     !ERR    15.0%     0.0%   1.3829   0.0099     4.1%
   754    13.4s    0.0059    60.0%    60.0%    92.8%        96%/4%/0%    2.770     !ERR    40.0%     0.0%   1.2809   0.0157     2.4%
   755     7.1s    0.0081    90.0%    90.0%    98.6%        97%/3%/0%    1.631     !ERR    10.0%     0.0%   1.2585   0.0096     3.6%
   756     6.7s    0.0096   100.0%   100.0%   100.0%        99%/1%/0%    1.859     !ERR     0.0%     0.0%   1.1906   0.0010     3.2%
   757     9.1s    0.0084    90.0%    90.0%    99.0%        97%/3%/1%    1.813    0.001    10.0%     0.0%   1.2367   0.0148     3.8%
   758    13.1s    0.0064    75.0%    75.0%    97.0%        97%/3%/0%    2.727    0.001    25.0%     0.0%   1.2160   0.0152     4.1%
   759     2.8s    0.0234   100.0%   100.0%   100.0%       100%/0%/0%    0.655     !ERR     0.0%     0.0%   0.7017   0.0070     0.6%
   760     7.5s    0.0069    75.0%    75.0%    97.1%       100%/0%/0%    1.805     !ERR    25.0%     0.0%   1.2280   0.0093     2.3%
  [MA20] reward=0.0102 task_sr=88.2% miss=11.8% time_limit=0.0% v2v=0.2%
  [RWRD] r_prog=0.0452 r_term=0.0243 r_illegal=0.0000
  [PPO ] p_loss=0.0018 v_loss=0.2815 entropy=1.2280 grad=5.5720 active=100.0%
  [SIM ] avg_power(a)=0.5060 rsu_q=0.000 tx=0 no_tx=204 deadlock=0 svc=0.000GHz idle=0.0%

    Ep    Wall    R/step     T_SR     V_SR     S_SR            L/R/V   Lat(s)       En     Miss      Ill      Ent       KL     Clip
--------------------------------------------------------------------------------------------------------------------------------
   761     7.6s    0.0092   100.0%   100.0%   100.0%        97%/3%/1%    1.898    0.001     0.0%     0.0%   1.1824   0.0061     3.6%
   762     2.3s    0.0210   100.0%   100.0%   100.0%       100%/0%/0%    0.641     !ERR     0.0%     0.0%   0.7741   0.0059     1.9%
   763     2.2s    0.0210   100.0%   100.0%   100.0%       100%/0%/0%    0.655     !ERR     0.0%     0.0%   0.7726   0.0041     0.2%
   764     2.0s    0.0213   100.0%   100.0%   100.0%        98%/2%/1%    0.620     !ERR     0.0%     0.0%   0.7635   0.0031     2.7%
   765     2.2s    0.0236   100.0%   100.0%   100.0%        99%/1%/0%    0.653     !ERR     0.0%     0.0%   0.6563   0.0041     1.3%
   766    13.0s    0.0070    90.0%    90.0%    98.1%        92%/8%/0%    2.678    0.004    10.0%     0.0%   1.2696   0.0105     3.0%
   767    12.2s    0.0081    90.0%    90.0%    97.6%        96%/4%/0%    2.791    0.004    10.0%     0.0%   1.2094   0.0114     3.0%
   768     2.2s    0.0210   100.0%   100.0%   100.0%        99%/0%/1%    0.629     !ERR     0.0%     0.0%   0.9184   0.0045     1.3%
   769     2.5s    0.0211   100.0%   100.0%   100.0%       100%/0%/0%    0.614     !ERR     0.0%     0.0%   0.8566   0.0029     0.6%
   770     9.1s    0.0088   100.0%   100.0%   100.0%        99%/0%/1%    1.759     !ERR     0.0%     0.0%   1.2254   0.0064     1.7%
  [MA20] reward=0.0127 task_sr=91.8% miss=8.2% time_limit=0.0% v2v=0.3%
  [RWRD] r_prog=0.0358 r_term=0.0521 r_illegal=0.0000
  [PPO ] p_loss=-0.0148 v_loss=0.2038 entropy=1.2254 grad=4.7996 active=100.0%
  [SIM ] avg_power(a)=0.5154 rsu_q=0.280 tx=3 no_tx=209 deadlock=0 svc=0.000GHz idle=0.0%
  → Best model saved: sr=0.928 miss=0.072 tl=0.000 cft=1.633 illegal=0.000
   771     7.5s    0.0091    95.0%    95.0%   100.0%        98%/1%/1%    1.989     !ERR     5.0%     0.0%   1.2348   0.0116     2.8%
   772    14.9s    0.0064    55.0%    55.0%    92.6%       100%/0%/0%    2.882     !ERR    45.0%     0.0%   1.2374   0.0059     2.6%
   773     2.3s    0.0209   100.0%   100.0%   100.0%        98%/2%/0%    0.653     !ERR     0.0%     0.0%   0.7723   0.0103     1.8%
   774    13.8s    0.0060    60.0%    60.0%    91.7%        99%/1%/0%    2.823     !ERR    40.0%     0.0%   1.1681   0.0032     4.2%
   775     7.0s    0.0080    95.0%    95.0%   100.0%        99%/1%/0%    1.774     !ERR     5.0%     0.0%   1.1558   0.0147     3.0%
   776     7.3s    0.0086    95.0%    95.0%    99.5%        99%/1%/0%    1.766     !ERR     5.0%     0.0%   1.1223   0.0119     3.7%
   777    13.0s    0.0062    75.0%    75.0%    95.3%       100%/0%/0%    2.308     !ERR    25.0%     0.0%   1.2866   0.0155     5.5%
   778     1.9s    0.0239   100.0%   100.0%   100.0%        98%/2%/0%    0.609     !ERR     0.0%     0.0%   0.7455  -0.0014     2.9%
   779     2.0s    0.0238   100.0%   100.0%   100.0%        99%/1%/0%    0.597     !ERR     0.0%     0.0%   0.7338  -0.0001     0.9%
   780    11.5s    0.0085    90.0%    90.0%    98.6%       100%/0%/0%    1.667     !ERR    10.0%     0.0%   1.4915   0.0051     1.6%
  [MA20] reward=0.0142 task_sr=92.2% miss=7.8% time_limit=0.0% v2v=0.2%
  [RWRD] r_prog=0.0403 r_term=0.0443 r_illegal=0.0000
  [PPO ] p_loss=-0.0038 v_loss=0.2830 entropy=1.4915 grad=5.8853 active=100.0%
  [SIM ] avg_power(a)=0.5232 rsu_q=0.280 tx=1 no_tx=205 deadlock=0 svc=0.000GHz idle=0.0%

    Ep    Wall    R/step     T_SR     V_SR     S_SR            L/R/V   Lat(s)       En     Miss      Ill      Ent       KL     Clip
--------------------------------------------------------------------------------------------------------------------------------
   781     2.2s    0.0211   100.0%   100.0%   100.0%        99%/0%/1%    0.644     !ERR     0.0%     0.0%   0.7793   0.0108     1.1%
   782     2.6s    0.0213   100.0%   100.0%   100.0%        98%/2%/0%    0.670     !ERR     0.0%     0.0%   0.8709   0.0150     2.6%
   783     7.0s    0.0078    95.0%    95.0%    99.5%       100%/0%/0%    2.001     !ERR     5.0%     0.0%   1.3689   0.0064     2.4%
   784     9.9s    0.0085    80.0%    80.0%    96.1%        99%/0%/1%    1.776    0.001    20.0%     0.0%   1.4255   0.0075     4.1%
   785    12.4s    0.0065    80.0%    80.0%    98.8%        99%/1%/0%    2.717     !ERR    20.0%     0.0%   1.3708   0.0012     3.2%
   786     6.5s    0.0080    75.0%    75.0%    96.4%        97%/3%/1%    1.894     !ERR    25.0%     0.0%   1.2428   0.0140     4.2%
   787     7.2s    0.0085    95.0%    95.0%    99.5%       100%/0%/0%    1.735     !ERR     5.0%     0.0%   1.2911   0.0054     1.4%
   788     2.1s    0.0192   100.0%   100.0%   100.0%        99%/1%/0%    0.653     !ERR     0.0%     0.0%   0.9160 -8.28e-05     1.2%
   789     7.0s    0.0071    90.0%    90.0%    99.0%        99%/0%/0%    1.546     !ERR    10.0%     0.0%   1.3994  -0.0014     4.2%
   790    14.4s    0.0060    75.0%    75.0%    96.6%        96%/4%/0%    2.559    0.001    25.0%     0.0%   1.3304   0.0152     2.5%
  [MA20] reward=0.0118 task_sr=87.7% miss=12.2% time_limit=0.0% v2v=0.2%
  [RWRD] r_prog=0.0422 r_term=0.0183 r_illegal=0.0000
  [PPO ] p_loss=-0.0007 v_loss=0.2609 entropy=1.3304 grad=5.4391 active=100.0%
  [SIM ] avg_power(a)=0.5618 rsu_q=0.105 tx=11 no_tx=246 deadlock=0 svc=0.000GHz idle=0.0%
   791    13.3s    0.0078    80.0%    80.0%    98.1%        93%/7%/0%    2.726    0.002    20.0%     0.0%   1.2088   0.0208     3.0%
   792    23.2s    0.0070    80.0%    80.0%    95.0%        90%/9%/0%    2.800    0.008    20.0%     0.0%   1.4783   0.0068     2.1%
   793     7.8s    0.0090    90.0%    90.0%    97.4%        99%/1%/0%    1.641     !ERR    10.0%     0.0%   1.2466   0.0124     0.6%
   794     2.0s    0.0210   100.0%   100.0%   100.0%       100%/0%/0%    0.645     !ERR     0.0%     0.0%   0.7371   0.0049     1.0%
   795    12.7s    0.0061    80.0%    80.0%    98.0%        94%/6%/0%    2.645    0.003    20.0%     0.0%   1.2225   0.0153     1.8%
   796    12.9s    0.0076    90.0%    90.0%    98.9%        97%/3%/0%    2.477    0.002    10.0%     0.0%   1.1774   0.0159     1.4%
   797     6.5s    0.0094    95.0%    95.0%    99.0%        99%/1%/0%    1.728     !ERR     5.0%     0.0%   1.2091  -0.0041     2.3%
   798    13.6s    0.0093    95.0%    95.0%    99.0%        97%/3%/0%    1.850    0.002     5.0%     0.0%   1.4781   0.0112     2.5%
   799     7.1s    0.0087    90.0%    90.0%    98.5%        93%/7%/0%    1.775    0.002    10.0%     0.0%   1.2601   0.0216     2.9%
   800     7.1s    0.0099    95.0%    95.0%    99.0%        96%/4%/0%    1.692    0.001     5.0%     0.0%   1.2964   0.0053     1.4%
  [MA20] reward=0.0105 task_sr=89.2% miss=10.8% time_limit=0.0% v2v=0.2%
  [RWRD] r_prog=0.0485 r_term=0.0501 r_illegal=0.0000
  [PPO ] p_loss=-0.0080 v_loss=0.1766 entropy=1.2964 grad=2.1575 active=100.0%
  [SIM ] avg_power(a)=0.5621 rsu_q=0.083 tx=8 no_tx=194 deadlock=0 svc=0.000GHz idle=0.0%
  [Checkpoint] saved: ep0800.pth

    Ep    Wall    R/step     T_SR     V_SR     S_SR            L/R/V   Lat(s)       En     Miss      Ill      Ent       KL     Clip
--------------------------------------------------------------------------------------------------------------------------------
   801     7.2s    0.0100    90.0%    90.0%    98.4%        99%/1%/0%    1.697     !ERR    10.0%     0.0%   1.2865   0.0109     1.1%
   802     7.4s    0.0095    95.0%    95.0%    99.5%        95%/4%/1%    1.817    0.002     5.0%     0.0%   1.1441   0.0043     1.2%
   803     7.4s    0.0090    90.0%    90.0%    97.5%        98%/2%/1%    1.752     !ERR    10.0%     0.0%   1.3875   0.0030     1.2%
   804     2.3s    0.0235   100.0%   100.0%   100.0%        99%/0%/1%    0.651     !ERR     0.0%     0.0%   0.6384  -0.0042     0.6%
   805     2.3s    0.0210   100.0%   100.0%   100.0%       100%/0%/0%    0.647     !ERR     0.0%     0.0%   0.8066   0.0024     0.0%
   806    13.8s    0.0066    85.0%    85.0%    99.6%       89%/11%/0%    2.826    0.005    15.0%     0.0%   1.3025   0.0208     3.1%
   807     6.9s    0.0097    95.0%    95.0%    99.0%        96%/4%/1%    1.729    0.001     5.0%     0.0%   1.3418   0.0050     2.1%
   808    19.2s    0.0075    75.0%    75.0%    97.3%       89%/10%/0%    2.748    0.009    25.0%     0.0%   1.4508   0.0091     2.6%
   809    12.9s    0.0070    80.0%    80.0%    96.9%        92%/8%/0%    2.701    0.004    20.0%     0.0%   1.2916   0.0185     1.5%
   810     7.1s    0.0100   100.0%   100.0%   100.0%        97%/3%/0%    1.746     !ERR     0.0%     0.0%   1.3140   0.0004     1.7%
  [MA20] reward=0.0105 task_sr=90.3% miss=9.8% time_limit=0.0% v2v=0.2%
  [RWRD] r_prog=0.0480 r_term=0.0523 r_illegal=0.0000
  [PPO ] p_loss=-0.0019 v_loss=0.1417 entropy=1.3140 grad=3.0512 active=100.0%
  [SIM ] avg_power(a)=0.5443 rsu_q=0.200 tx=6 no_tx=196 deadlock=0 svc=0.000GHz idle=0.0%
   811     2.5s    0.0186   100.0%   100.0%   100.0%       100%/0%/0%    0.682     !ERR     0.0%     0.0%   0.9133   0.0041     0.2%
   812     7.7s    0.0098    95.0%    95.0%    99.5%        94%/6%/0%    1.811    0.002     5.0%     0.0%   1.2755  -0.0041     0.5%
   813     7.6s    0.0083    90.0%    90.0%    99.0%        96%/3%/1%    1.770     !ERR    10.0%     0.0%   1.3186   0.0326     1.5%
   814     2.3s    0.0240   100.0%   100.0%   100.0%       100%/0%/0%    0.625     !ERR     0.0%     0.0%   0.8365   0.0008     0.5%
   815     7.6s    0.0095   100.0%   100.0%   100.0%        91%/8%/1%    1.790    0.002     0.0%     0.0%   1.3482   0.0149     2.3%
   816     2.2s    0.0211   100.0%   100.0%   100.0%       100%/0%/0%    0.663     !ERR     0.0%     0.0%   0.8312  -0.0005     0.6%
   817     8.6s    0.0092    90.0%    90.0%    98.5%       88%/12%/0%    1.664    0.009    10.0%     0.0%   1.3332   0.0024     3.4%
   818     2.6s    0.0209   100.0%   100.0%   100.0%        99%/1%/0%    0.646     !ERR     0.0%     0.0%   0.7891   0.0118     1.1%
   819     7.3s    0.0095   100.0%   100.0%   100.0%       89%/10%/1%    1.821    0.004     0.0%     0.0%   1.4237   0.0136     3.0%
   820    12.4s    0.0070    80.0%    80.0%    98.1%        91%/9%/0%    1.542    0.005    20.0%     0.0%   1.6333   0.0221     5.4%
  [MA20] reward=0.0126 task_sr=93.3% miss=6.8% time_limit=0.0% v2v=0.3%
  [RWRD] r_prog=0.0363 r_term=0.0332 r_illegal=0.0000
  [PPO ] p_loss=-0.0022 v_loss=0.2880 entropy=1.6333 grad=3.2219 active=100.0%
  [SIM ] avg_power(a)=0.5318 rsu_q=0.370 tx=19 no_tx=187 deadlock=0 svc=0.000GHz idle=0.0%

    Ep    Wall    R/step     T_SR     V_SR     S_SR            L/R/V   Lat(s)       En     Miss      Ill      Ent       KL     Clip
--------------------------------------------------------------------------------------------------------------------------------
   821    14.2s    0.0071    80.0%    80.0%    97.3%       82%/18%/0%    2.561    0.013    20.0%     0.0%   1.4358   0.0095     4.6%
   822     7.1s    0.0103   100.0%   100.0%   100.0%       90%/10%/0%    1.755    0.004     0.0%     0.0%   1.3454   0.0151     3.1%
   823    12.2s    0.0098   100.0%   100.0%   100.0%        94%/6%/0%    1.824    0.004     0.0%     0.0%   1.5516   0.0113     2.5%
   824     2.1s    0.0239   100.0%   100.0%   100.0%       100%/0%/0%    0.648     !ERR     0.0%     0.0%   0.6867   0.0087     0.4%
   825     7.0s    0.0088    90.0%    90.0%    99.5%        95%/5%/0%    1.796    0.001    10.0%     0.0%   1.3871   0.0089     2.0%
   826     1.9s    0.0193   100.0%   100.0%   100.0%        98%/2%/0%    0.635     !ERR     0.0%     0.0%   0.9514   0.0072     1.3%
   827     2.2s    0.0173   100.0%   100.0%   100.0%        99%/1%/0%    0.645     !ERR     0.0%     0.0%   0.9867  -0.0009     0.7%
   828     2.6s    0.0238   100.0%   100.0%   100.0%        99%/1%/0%    0.641     !ERR     0.0%     0.0%   0.7407   0.0046     0.6%
   829     8.8s    0.0090    95.0%    95.0%    98.0%        97%/3%/0%    1.778     !ERR     5.0%     0.0%   1.3661   0.0133     1.4%
   830     8.0s    0.0083    95.0%    95.0%    99.0%        96%/3%/1%    1.806    0.001     5.0%     0.0%   1.3072   0.0054     1.9%
  [MA20] reward=0.0138 task_sr=95.7% miss=4.2% time_limit=0.0% v2v=0.2%
  [RWRD] r_prog=0.0407 r_term=0.0418 r_illegal=0.0000
  [PPO ] p_loss=0.0064 v_loss=0.1638 entropy=1.3072 grad=2.7020 active=100.0%
  [SIM ] avg_power(a)=0.5444 rsu_q=0.143 tx=9 no_tx=193 deadlock=0 svc=0.000GHz idle=0.0%
   831     6.8s    0.0088    95.0%    95.0%    99.5%        99%/1%/0%    1.608     !ERR     5.0%     0.0%   1.2253   0.0045     4.3%
   832    12.0s    0.0079   100.0%   100.0%   100.0%        98%/2%/0%    1.778     !ERR     0.0%     0.0%   1.4482   0.0146     3.3%
   833    12.9s    0.0070    80.0%    80.0%    97.7%       88%/12%/0%    2.629    0.006    20.0%     0.0%   1.2324   0.0103     3.7%
   834     6.5s    0.0098   100.0%   100.0%   100.0%        96%/4%/1%    1.649    0.002     0.0%     0.0%   1.1225   0.0021     2.9%
   835     6.1s    0.0096    95.0%    95.0%    99.5%        95%/5%/0%    1.585    0.002     5.0%     0.0%   1.1377   0.0093     2.9%
   836     4.1s    0.0190   100.0%   100.0%   100.0%       100%/0%/0%    0.677     !ERR     0.0%     0.0%   1.0111   0.0046     2.0%
   837     2.6s    0.0237   100.0%   100.0%   100.0%       100%/0%/0%    0.658     !ERR     0.0%     0.0%   0.6497   0.0003     0.8%
   838     7.1s    0.0086    90.0%    90.0%    99.0%        91%/9%/0%    1.718    0.003    10.0%     0.0%   1.3829   0.0107     3.1%
   839     3.5s    0.0240   100.0%   100.0%   100.0%       100%/0%/0%    0.608     !ERR     0.0%     0.0%   0.7608   0.0029     0.6%
   840     7.8s    0.0095    95.0%    95.0%    99.5%       85%/15%/1%    1.757    0.011     5.0%     0.0%   1.3135   0.0364     5.8%
  [MA20] reward=0.0133 task_sr=95.7% miss=4.2% time_limit=0.0% v2v=0.1%
  [RWRD] r_prog=0.0479 r_term=0.0471 r_illegal=0.0000
  [PPO ] p_loss=0.0067 v_loss=0.2621 entropy=1.3135 grad=4.3932 active=100.0%
  [SIM ] avg_power(a)=0.5220 rsu_q=0.560 tx=30 no_tx=165 deadlock=0 svc=0.000GHz idle=0.0%
  → Best model saved: sr=0.935 miss=0.065 tl=0.000 cft=1.601 illegal=0.000

    Ep    Wall    R/step     T_SR     V_SR     S_SR            L/R/V   Lat(s)       En     Miss      Ill      Ent       KL     Clip
--------------------------------------------------------------------------------------------------------------------------------
   841     7.7s    0.0086    90.0%    90.0%    98.5%        92%/7%/1%    1.646    0.003    10.0%     0.0%   1.2540   0.0165     7.3%
   842     1.8s    0.0239   100.0%   100.0%   100.0%        99%/1%/0%    0.638     !ERR     0.0%     0.0%   0.6433  -0.0011     2.1%
   843     8.5s    0.0080    90.0%    90.0%    99.0%        91%/9%/0%    1.628    0.003    10.0%     0.0%   1.2095   0.0187     9.1%
   844     3.7s    0.0211   100.0%   100.0%   100.0%       100%/0%/0%    0.629     !ERR     0.0%     0.0%   0.8150   0.0051     2.1%
   845     2.1s    0.0212   100.0%   100.0%   100.0%       100%/0%/0%    0.632     !ERR     0.0%     0.0%   0.8040   0.0043     3.0%
   846     2.0s    0.0190   100.0%   100.0%   100.0%       100%/0%/0%    0.646     !ERR     0.0%     0.0%   0.7839   0.0024     1.9%
   847    12.0s    0.0071    75.0%    75.0%    95.3%       86%/14%/0%    2.518    0.008    25.0%     0.0%   1.1128   0.0199    10.9%
   848    12.7s    0.0095    95.0%    95.0%    99.5%       89%/11%/0%    1.671    0.012     5.0%     0.0%   1.3091   0.0074     8.2%
   849     8.7s    0.0085    90.0%    90.0%    99.0%       86%/14%/0%    1.593    0.010    10.0%     0.0%   1.2097   0.0084    11.8%
   850     7.3s    0.0090   100.0%   100.0%   100.0%       86%/14%/0%    1.697    0.005     0.0%     0.0%   1.1148   0.0474    15.8%
  [MA20] reward=0.0132 task_sr=94.8% miss=5.3% time_limit=0.0% v2v=0.1%
  [RWRD] r_prog=0.0424 r_term=0.0479 r_illegal=0.0000
  [PPO ] p_loss=-0.0113 v_loss=0.0932 entropy=1.1148 grad=1.6112 active=100.0%
  [SIM ] avg_power(a)=0.5058 rsu_q=0.179 tx=29 no_tx=178 deadlock=0 svc=0.000GHz idle=0.0%
   851    14.8s    0.0077    95.0%    95.0%   100.0%       70%/30%/0%    2.595    0.019     5.0%     0.0%   1.1527   0.0214    13.3%
   852    20.2s    0.0047    65.0%    65.0%    95.6%       74%/25%/0%    2.193    0.026    35.0%     0.0%   1.4850   0.0151    12.7%
   853    25.4s    0.0042    55.0%    55.0%    93.4%       73%/27%/0%    2.494    0.028    45.0%     0.0%   1.4831   0.0252    10.7%
   854     7.2s    0.0117   100.0%   100.0%   100.0%       78%/22%/0%    1.605    0.022     0.0%     0.0%   1.0410   0.0416     4.0%
   855     6.5s    0.0120   100.0%   100.0%   100.0%       89%/11%/0%    1.492    0.008     0.0%     0.0%   1.0069   0.0223     4.9%
   856     2.2s    0.0238   100.0%   100.0%   100.0%        99%/1%/0%    0.630     !ERR     0.0%     0.0%   0.6928  -0.0040     1.5%
   857     8.2s    0.0095   100.0%   100.0%   100.0%       86%/14%/0%    1.758    0.008     0.0%     0.0%   1.2145   0.0353     6.9%
   858    10.3s    0.0068    85.0%    85.0%    97.6%       79%/18%/3%    1.745    0.021    15.0%     0.0%   1.3763   0.0401     7.8%
   859     8.3s    0.0098    85.0%    85.0%    97.1%       85%/14%/1%    1.865    0.010    15.0%     0.0%   1.1563   0.0043     4.0%
   860     6.2s    0.0093    95.0%    95.0%    99.5%       89%/11%/0%    1.587    0.006     5.0%     0.0%   1.1820   0.0133     4.7%
  [MA20] reward=0.0118 task_sr=91.0% miss=9.0% time_limit=0.0% v2v=0.3%
  [RWRD] r_prog=0.0418 r_term=0.0517 r_illegal=0.0000
  [PPO ] p_loss=0.0271 v_loss=0.1512 entropy=1.1820 grad=2.0964 active=100.0%
  [SIM ] avg_power(a)=0.5321 rsu_q=0.167 tx=22 no_tx=173 deadlock=0 svc=0.000GHz idle=0.0%

    Ep    Wall    R/step     T_SR     V_SR     S_SR            L/R/V   Lat(s)       En     Miss      Ill      Ent       KL     Clip
--------------------------------------------------------------------------------------------------------------------------------
   861     1.9s    0.0210   100.0%   100.0%   100.0%       100%/0%/0%    0.645     !ERR     0.0%     0.0%   0.8011   0.0046     2.4%
   862     7.2s    0.0099   100.0%   100.0%   100.0%       87%/13%/0%    1.835    0.005     0.0%     0.0%   1.2742   0.0189     3.7%
   863     2.1s    0.0237   100.0%   100.0%   100.0%        98%/2%/0%    0.619     !ERR     0.0%     0.0%   0.7647   0.0121     1.5%
   864     2.1s    0.0238   100.0%   100.0%   100.0%        96%/3%/1%    0.623     !ERR     0.0%     0.0%   0.8033   0.0277     3.5%
   865     8.0s    0.0080    85.0%    85.0%    96.0%        90%/8%/2%    1.567    0.091    15.0%     0.0%   1.4499   0.0324     5.2%
   866     2.3s    0.0236   100.0%   100.0%   100.0%        96%/3%/1%    0.662    0.002     0.0%     0.0%   0.7535   0.0071     2.0%
   867    12.7s    0.0066    85.0%    85.0%    98.5%       80%/17%/2%    1.722    0.013    15.0%     0.0%   1.7374   0.0294     6.7%
   868     7.1s    0.0098   100.0%   100.0%   100.0%       81%/18%/1%    1.795    0.011     0.0%     0.0%   1.2369   0.0350     5.1%
   869     2.5s    0.0210   100.0%   100.0%   100.0%        97%/3%/0%    0.669    0.001     0.0%     0.0%   0.9242  -0.0008     2.7%
   870     2.1s    0.0210   100.0%   100.0%   100.0%        95%/5%/0%    0.640    0.001     0.0%     0.0%   0.9549   0.0104     4.6%
  [MA20] reward=0.0134 task_sr=92.5% miss=7.5% time_limit=0.0% v2v=0.6%
  [RWRD] r_prog=0.0223 r_term=0.1873 r_illegal=0.0000
  [PPO ] p_loss=-0.0038 v_loss=0.0355 entropy=0.9549 grad=2.0549 active=100.0%
  [SIM ] avg_power(a)=0.5035 rsu_q=0.889 tx=6 no_tx=124 deadlock=0 svc=0.000GHz idle=0.0%
   871     6.9s    0.0090   100.0%   100.0%   100.0%        92%/8%/0%    1.469    0.003     0.0%     0.0%   1.4860   0.0047     3.8%
   872    21.9s    0.0075    90.0%    90.0%    97.0%        92%/7%/0%    2.311    0.005    10.0%     0.0%   1.7487   0.0213     5.9%
   873     6.4s    0.0099   100.0%   100.0%   100.0%       85%/15%/0%    1.576    0.007     0.0%     0.0%   1.3656   0.0259     5.8%
   874    15.6s    0.0064    70.0%    70.0%    97.0%       76%/24%/0%    2.770    0.016    30.0%     0.0%   1.4628   0.0178     6.9%
   875     7.4s    0.0094    95.0%    95.0%    99.5%       85%/14%/1%    1.776    0.006     5.0%     0.0%   1.5097   0.0225     7.4%
   876     2.1s    0.0214   100.0%   100.0%   100.0%        98%/2%/0%    0.622     !ERR     0.0%     0.0%   0.9153   0.0119     4.2%
   877     7.1s    0.0090    95.0%    95.0%   100.0%       78%/22%/0%    1.775    0.008     5.0%     0.0%   1.4647   0.0160     8.0%
   878     6.1s    0.0118   100.0%   100.0%   100.0%       86%/14%/0%    1.572    0.011     0.0%     0.0%   1.1314   0.0286     7.6%
   879     7.0s    0.0102   100.0%   100.0%   100.0%       80%/19%/1%    1.683    0.009     0.0%     0.0%   1.4236   0.0167     7.7%
   880    12.7s    0.0074    90.0%    90.0%    99.2%       74%/26%/0%    2.594    0.033    10.0%     0.0%   1.3549   0.0425     8.3%
  [MA20] reward=0.0135 task_sr=95.5% miss=4.5% time_limit=0.0% v2v=0.5%
  [RWRD] r_prog=0.0424 r_term=0.0312 r_illegal=0.0000
  [PPO ] p_loss=-0.0001 v_loss=0.2540 entropy=1.3549 grad=3.4738 active=100.0%
  [SIM ] avg_power(a)=0.5120 rsu_q=1.812 tx=67 no_tx=191 deadlock=0 svc=0.000GHz idle=0.0%

    Ep    Wall    R/step     T_SR     V_SR     S_SR            L/R/V   Lat(s)       En     Miss      Ill      Ent       KL     Clip
--------------------------------------------------------------------------------------------------------------------------------
   881     7.3s    0.0097    95.0%    95.0%    99.0%       85%/14%/1%    1.831    0.008     5.0%     0.0%   1.3293   0.0177     8.1%
   882     7.2s    0.0092    95.0%    95.0%    99.5%       87%/13%/0%    1.771    0.004     5.0%     0.0%   1.4061   0.0084     8.2%
   883     9.4s    0.0090    95.0%    95.0%    98.5%        93%/7%/0%    1.734    0.002     5.0%     0.0%   1.5610   0.0165     8.4%
   884     7.7s    0.0094    95.0%    95.0%    99.0%       89%/10%/0%    1.721    0.005     5.0%     0.0%   1.4182   0.0133     7.8%
   885     9.1s    0.0084    90.0%    90.0%    99.5%        90%/9%/1%    1.656    0.003    10.0%     0.0%   1.5686   0.0399     8.6%
   886     7.3s    0.0090    95.0%    95.0%    99.5%       77%/21%/1%    1.829    0.015     5.0%     0.0%   1.3950   0.0262     7.1%
   887     7.1s    0.0111   100.0%   100.0%   100.0%       84%/16%/0%    1.692    0.007     0.0%     0.0%   1.3945   0.0279     6.6%
   888     6.1s    0.0096    90.0%    90.0%    98.5%        91%/9%/1%    1.673    0.006    10.0%     0.0%   1.2904   0.0155     6.4%
   889     6.7s    0.0097   100.0%   100.0%   100.0%       88%/12%/1%    1.529    0.005     0.0%     0.0%   1.3994   0.0194     5.0%
   890    11.5s    0.0074    90.0%    90.0%    99.2%       79%/21%/0%    2.498    0.015    10.0%     0.0%   1.3929   0.0233     5.8%
  [MA20] reward=0.0097 task_sr=94.2% miss=5.8% time_limit=0.0% v2v=0.4%
  [RWRD] r_prog=0.0441 r_term=0.0303 r_illegal=0.0000
  [PPO ] p_loss=0.0114 v_loss=0.2268 entropy=1.3929 grad=1.2544 active=100.0%
  [SIM ] avg_power(a)=0.5124 rsu_q=0.788 tx=52 no_tx=195 deadlock=0 svc=0.000GHz idle=0.0%
   891     7.5s    0.0096   100.0%   100.0%   100.0%       85%/15%/0%    1.681    0.007     0.0%     0.0%   1.3236   0.0501     6.6%
   892    17.3s    0.0057    75.0%    75.0%    97.3%       74%/26%/0%    2.639    0.025    25.0%     0.0%   1.4594   0.0165     8.3%
   893     2.3s    0.0208   100.0%   100.0%   100.0%        96%/4%/0%    0.655     !ERR     0.0%     0.0%   0.9095   0.0084     3.8%
   894     7.5s    0.0083    95.0%    95.0%    99.0%       85%/15%/0%    1.614    0.004     5.0%     0.0%   1.4969   0.0216     5.3%
   895     7.1s    0.0101    95.0%    95.0%    99.5%       84%/16%/1%    1.740    0.008     5.0%     0.0%   1.3662   0.0286     7.0%
   896     7.5s    0.0077    90.0%    90.0%    98.5%       83%/16%/1%    1.767    0.012    10.0%     0.0%   1.4419   0.0187     6.9%
   897     6.7s    0.0100   100.0%   100.0%   100.0%       86%/12%/2%    1.814    0.011     0.0%     0.0%   1.3787   0.0233     8.1%
   898    13.0s    0.0077    85.0%    85.0%    96.6%       81%/17%/2%    2.795    0.013    15.0%     0.0%   1.3967   0.0168     7.5%
   899     6.7s    0.0095    95.0%    95.0%   100.0%        92%/7%/1%    1.810    0.005     5.0%     0.0%   1.3498   0.0208     6.5%
   900    11.9s    0.0069    90.0%    90.0%    98.4%       87%/13%/0%    2.397    0.008    10.0%     0.0%   1.3953   0.0099     6.5%
  [MA20] reward=0.0094 task_sr=93.5% miss=6.5% time_limit=0.0% v2v=0.6%
  [RWRD] r_prog=0.0383 r_term=0.0309 r_illegal=0.0000
  [PPO ] p_loss=0.0138 v_loss=0.1698 entropy=1.3953 grad=5.0119 active=100.0%
  [SIM ] avg_power(a)=0.4975 rsu_q=0.706 tx=32 no_tx=220 deadlock=0 svc=0.000GHz idle=0.0%
  [Checkpoint] saved: ep0900.pth

    Ep    Wall    R/step     T_SR     V_SR     S_SR            L/R/V   Lat(s)       En     Miss      Ill      Ent       KL     Clip
--------------------------------------------------------------------------------------------------------------------------------
   901    23.2s    0.0077    90.0%    90.0%    99.3%       89%/10%/1%    2.718    0.009    10.0%     0.0%   1.7555   0.0071     8.1%
   902     7.2s    0.0089    95.0%    95.0%    99.0%        93%/7%/0%    1.641    0.002     5.0%     0.0%   1.4226   0.0148     5.7%
   903    22.2s    0.0075    75.0%    75.0%    98.5%       88%/12%/0%    2.688    0.011    25.0%     0.0%   1.7285   0.0294     7.8%
   904     7.0s    0.0099   100.0%   100.0%   100.0%       88%/12%/0%    1.733    0.006     0.0%     0.0%   1.4415   0.0198     6.0%
   905    12.7s    0.0066    80.0%    80.0%    98.5%       82%/17%/0%    2.779    0.015    20.0%     0.0%   1.3714   0.0212     8.2%
   906    11.4s    0.0074    95.0%    95.0%    99.6%       77%/23%/0%    2.518    0.015     5.0%     0.0%   1.3521   0.0285     9.1%
   907     6.9s    0.0115   100.0%   100.0%   100.0%       86%/13%/1%    1.694    0.011     0.0%     0.0%   1.3371   0.0037     6.1%
   908     2.1s    0.0211   100.0%   100.0%   100.0%        98%/2%/0%    0.619     !ERR     0.0%     0.0%   0.9779   0.0246     2.6%
   909    12.4s    0.0073    90.0%    90.0%    98.8%       88%/12%/0%    2.625    0.007    10.0%     0.0%   1.3930   0.0150     6.0%
   910     6.9s    0.0094    95.0%    95.0%    99.5%       88%/11%/0%    1.757    0.006     5.0%     0.0%   1.2464   0.0189     4.8%
  [MA20] reward=0.0097 task_sr=92.2% miss=7.8% time_limit=0.0% v2v=0.4%
  [RWRD] r_prog=0.0423 r_term=0.0521 r_illegal=0.0000
  [PPO ] p_loss=0.0175 v_loss=0.2027 entropy=1.2464 grad=2.0851 active=100.0%
  [SIM ] avg_power(a)=0.5123 rsu_q=0.565 tx=24 no_tx=178 deadlock=0 svc=0.000GHz idle=0.0%
   911     6.9s    0.0084    95.0%    95.0%    99.5%       85%/13%/2%    1.662    0.006     5.0%     0.0%   1.5295   0.0221     5.8%
   912    13.4s    0.0078    95.0%    95.0%    99.6%       81%/19%/0%    2.674    0.013     5.0%     0.0%   1.4069   0.0087     5.8%
   913     3.2s    0.0210   100.0%   100.0%   100.0%        94%/3%/2%    0.654    0.010     0.0%     0.0%   1.1018   0.0049     3.9%
   914     6.5s    0.0094    95.0%    95.0%    98.5%       90%/10%/0%    1.477    0.003     5.0%     0.0%   1.6192   0.0216     5.6%
   915     4.3s    0.0173   100.0%   100.0%   100.0%        99%/1%/1%    0.746    0.001     0.0%     0.0%   1.3611   0.0028     4.5%
   916    11.8s    0.0078    95.0%    95.0%    99.6%       81%/19%/0%    2.368    0.014     5.0%     0.0%   1.3933   0.0152     8.3%
   917     1.8s    0.0241   100.0%   100.0%   100.0%        94%/6%/0%    0.603    0.001     0.0%     0.0%   0.9047   0.0431    12.0%
   918     7.6s    0.0080    95.0%    95.0%    98.5%       74%/26%/0%    1.671    0.023     5.0%     0.0%   1.4912   0.0243     8.2%
   919    13.0s    0.0073    85.0%    85.0%    98.5%       74%/26%/0%    2.525    0.022    15.0%     0.0%   1.3670   0.0106     6.1%
   920     6.9s    0.0075    90.0%    90.0%    98.5%       75%/25%/0%    1.574    0.015    10.0%     0.0%   1.4111   0.0229     7.7%
  [MA20] reward=0.0108 task_sr=93.5% miss=6.5% time_limit=0.0% v2v=0.4%
  [RWRD] r_prog=0.0307 r_term=0.0439 r_illegal=0.0000
  [PPO ] p_loss=0.0102 v_loss=0.2143 entropy=1.4111 grad=2.5312 active=100.0%
  [SIM ] avg_power(a)=0.5129 rsu_q=1.346 tx=51 no_tx=153 deadlock=0 svc=0.000GHz idle=0.0%

    Ep    Wall    R/step     T_SR     V_SR     S_SR            L/R/V   Lat(s)       En     Miss      Ill      Ent       KL     Clip
--------------------------------------------------------------------------------------------------------------------------------
   921     6.7s    0.0080    95.0%    95.0%    99.5%       74%/26%/0%    1.638    0.019     5.0%     0.0%   1.5013   0.0125     7.6%
   922     2.4s    0.0208   100.0%   100.0%   100.0%       88%/12%/0%    0.690    0.007     0.0%     0.0%   0.9867   0.0155    10.7%
   923     6.8s    0.0093    85.0%    85.0%    97.5%       75%/24%/0%    1.753    0.017    15.0%     0.0%   1.3037   0.0246     7.1%
   924    10.2s    0.0098    95.0%    95.0%    99.5%       79%/21%/0%    1.774    0.012     5.0%     0.0%   1.4870   0.0169     4.7%
   925     2.2s    0.0193   100.0%   100.0%   100.0%       87%/12%/1%    0.629    0.012     0.0%     0.0%   1.2031   0.0165    12.0%
   926     2.3s    0.0211   100.0%   100.0%   100.0%       86%/12%/2%    0.673    0.018     0.0%     0.0%   1.0294   0.0386    10.3%
   927     2.3s    0.0213   100.0%   100.0%   100.0%       90%/10%/0%    0.644    0.025     0.0%     0.0%   1.0371   0.0305     9.3%
   928     8.6s    0.0086    90.0%    90.0%    98.0%       82%/18%/0%    1.667    0.009    10.0%     0.0%   1.4813   0.0233     4.8%
   929    12.9s    0.0078    95.0%    95.0%    99.6%       73%/27%/0%    2.717    0.026     5.0%     0.0%   1.3143   0.0135     3.3%
   930    13.0s    0.0102   100.0%   100.0%   100.0%        91%/9%/0%    1.684    0.006     0.0%     0.0%   1.6308  -0.0021     3.5%
  [MA20] reward=0.0127 task_sr=95.5% miss=4.5% time_limit=0.0% v2v=0.4%
  [RWRD] r_prog=0.0465 r_term=0.0554 r_illegal=0.0000
  [PPO ] p_loss=0.0335 v_loss=0.0840 entropy=1.6308 grad=1.7880 active=100.0%
  [SIM ] avg_power(a)=0.5225 rsu_q=0.375 tx=19 no_tx=188 deadlock=0 svc=0.000GHz idle=0.0%
   931    15.6s    0.0078    90.0%    90.0%    98.4%       81%/18%/2%    2.627    0.015    10.0%     0.0%   1.4860   0.0077     3.7%
   932    12.0s    0.0063    85.0%    85.0%    97.6%       80%/18%/1%    2.527    0.013    15.0%     0.0%   1.4568   0.0238     4.4%
   933     7.0s    0.0093    95.0%    95.0%    99.5%        94%/6%/0%    1.585    0.005     5.0%     0.0%   1.4759   0.0106     2.5%
   934     7.6s    0.0102   100.0%   100.0%   100.0%       89%/11%/0%    1.688    0.006     0.0%     0.0%   1.4398   0.0133     4.1%
   935    11.8s    0.0079   100.0%   100.0%   100.0%       86%/13%/0%    2.455    0.012     0.0%     0.0%   1.4798   0.0111     5.6%
   936     2.0s    0.0238   100.0%   100.0%   100.0%        90%/9%/1%    0.628    0.008     0.0%     0.0%   0.9625   0.0272     7.4%
   937    14.1s    0.0093    90.0%    90.0%    98.5%       88%/11%/0%    1.787    0.012    10.0%     0.0%   1.8888   0.0233     8.7%
   938     7.1s    0.0091    95.0%    95.0%    98.5%       88%/11%/1%    1.573    0.009     5.0%     0.0%   1.5056   0.0176     7.4%
   939     6.8s    0.0077    95.0%    95.0%    99.5%       86%/14%/0%    1.582    0.006     5.0%     0.0%   1.4253   0.0205     7.4%
   940     8.8s    0.0092    95.0%    95.0%    99.0%        90%/9%/0%    1.586    0.006     5.0%     0.0%   1.5623   0.0294     6.8%
  [MA20] reward=0.0118 task_sr=95.2% miss=4.8% time_limit=0.0% v2v=0.5%
  [RWRD] r_prog=0.0373 r_term=0.0546 r_illegal=0.0000
  [PPO ] p_loss=0.0059 v_loss=0.1726 entropy=1.5623 grad=2.0096 active=100.0%
  [SIM ] avg_power(a)=0.5098 rsu_q=0.522 tx=20 no_tx=182 deadlock=0 svc=0.000GHz idle=0.0%

    Ep    Wall    R/step     T_SR     V_SR     S_SR            L/R/V   Lat(s)       En     Miss      Ill      Ent       KL     Clip
--------------------------------------------------------------------------------------------------------------------------------
   941     2.3s    0.0191   100.0%   100.0%   100.0%       87%/13%/0%    0.662    0.012     0.0%     0.0%   1.2748   0.0180    14.1%
   942     2.4s    0.0212   100.0%   100.0%   100.0%       87%/12%/1%    0.681    0.017     0.0%     0.0%   1.0534   0.0087    10.1%
   943     2.2s    0.0175   100.0%   100.0%   100.0%       90%/10%/0%    0.669    0.009     0.0%     0.0%   1.2316   0.0165     7.2%
   944     5.8s    0.0094    95.0%    95.0%    98.9%       73%/26%/1%    1.588    0.018     5.0%     0.0%   1.4831   0.0126     9.8%
   945     7.3s    0.0079    95.0%    95.0%    99.0%       50%/50%/0%    1.520    0.038     5.0%     0.0%   1.6291   0.0172    15.1%
   946     6.6s    0.0097   100.0%   100.0%   100.0%       71%/29%/0%    1.548    0.018     0.0%     0.0%   1.5768   0.0286    13.8%
   947     7.4s    0.0083    95.0%    95.0%    99.0%       75%/23%/1%    1.672    0.017     5.0%     0.0%   1.5827   0.0178    10.2%
   948    13.6s    0.0060    80.0%    80.0%    97.4%       76%/22%/2%    1.819    0.018    20.0%     0.0%   1.8487   0.0274     9.5%
   949    11.4s    0.0080    90.0%    90.0%    98.1%       82%/18%/0%    2.492    0.026    10.0%     0.0%   1.3185   0.0166     6.1%
   950     2.3s    0.0177   100.0%   100.0%   100.0%        90%/8%/2%    0.688    0.007     0.0%     0.0%   1.1532   0.0327     8.7%
  [MA20] reward=0.0113 task_sr=95.0% miss=5.0% time_limit=0.0% v2v=0.7%
  [RWRD] r_prog=0.0244 r_term=0.1522 r_illegal=0.0000
  [PPO ] p_loss=0.0054 v_loss=0.1681 entropy=1.1532 grad=1.3182 active=100.0%
  [SIM ] avg_power(a)=0.5012 rsu_q=0.182 tx=13 no_tx=115 deadlock=0 svc=0.000GHz idle=0.0%
   951     2.3s    0.0210   100.0%   100.0%   100.0%        90%/9%/1%    0.637    0.010     0.0%     0.0%   1.2138   0.0309    11.9%
   952     2.7s    0.0163   100.0%   100.0%   100.0%       78%/20%/1%    0.763    0.029     0.0%     0.0%   1.2893   0.0063    13.4%
   953     6.8s    0.0119   100.0%   100.0%   100.0%       28%/70%/2%    1.575    0.063     0.0%     0.0%   1.3782   0.0220     8.8%
   954    14.0s    0.0092    90.0%    90.0%    99.0%       35%/64%/1%    1.794    0.094    10.0%     0.0%   1.7920   0.0181    13.3%
   955     2.5s    0.0192   100.0%   100.0%   100.0%       40%/59%/1%    0.770    0.046     0.0%     0.0%   1.2298   0.0210    13.6%
   956     9.6s    0.0057    80.0%    80.0%    90.2%       31%/69%/1%    1.563    0.043    20.0%     0.0%   1.6040   0.0169    12.8%
   957    11.8s    0.0058    95.0%    95.0%    99.2%       14%/86%/0%    2.329    0.076     5.0%     0.0%   1.5328   0.0203     9.3%
   958    18.9s    0.0039    55.0%    55.0%    87.8%       56%/43%/1%    2.803    0.091    45.0%     0.0%   1.6041   0.0327     9.5%
   959     7.7s    0.0087    90.0%    90.0%    99.0%       78%/19%/3%    2.071    0.052    10.0%     0.0%   1.4665   0.0189     7.2%
   960     7.9s    0.0067    90.0%    90.0%    95.1%       29%/71%/0%    1.596    0.046    10.0%     0.0%   1.5932   0.0223    13.2%
  [MA20] reward=0.0117 task_sr=92.7% miss=7.3% time_limit=0.0% v2v=0.9%
  [RWRD] r_prog=0.0264 r_term=0.0408 r_illegal=0.0000
  [PPO ] p_loss=-0.0047 v_loss=0.2012 entropy=1.5932 grad=2.7855 active=100.0%
  [SIM ] avg_power(a)=0.4808 rsu_q=3.857 tx=141 no_tx=58 deadlock=0 svc=0.000GHz idle=0.0%

    Ep    Wall    R/step     T_SR     V_SR     S_SR            L/R/V   Lat(s)       En     Miss      Ill      Ent       KL     Clip
--------------------------------------------------------------------------------------------------------------------------------
   961     3.2s    0.0214   100.0%   100.0%   100.0%       88%/12%/0%    0.708    0.030     0.0%     0.0%   1.1581  -0.0039    10.0%
   962     6.7s    0.0087   100.0%   100.0%   100.0%       48%/51%/2%    1.668    0.041     0.0%     0.0%   1.5419   0.0148    12.7%
   963     2.6s    0.0191   100.0%   100.0%   100.0%       79%/20%/2%    0.722    0.035     0.0%     0.0%   1.1287   0.0047     6.9%
   964     7.0s    0.0098   100.0%   100.0%   100.0%       84%/15%/1%    1.834    0.032     0.0%     0.0%   1.3808   0.0163     6.8%
   965     6.2s    0.0087    95.0%    95.0%    99.0%       43%/55%/2%    1.581    0.033     5.0%     0.0%   1.5042   0.0248     9.5%
   966     9.2s    0.0080    95.0%    95.0%    99.0%       35%/65%/0%    1.767    0.039     5.0%     0.0%   1.5045   0.0191     9.7%
   967     8.7s    0.0091   100.0%   100.0%   100.0%       74%/24%/2%    1.879    0.021     0.0%     0.0%   1.5675   0.0167     9.6%
   968     8.3s    0.0092   100.0%   100.0%   100.0%       74%/24%/2%    1.909    0.024     0.0%     0.0%   1.4568   0.0246     8.8%
   969     6.6s    0.0092   100.0%   100.0%   100.0%       75%/23%/2%    1.656    0.018     0.0%     0.0%   1.4456   0.0331    10.1%
   970     6.4s    0.0089    95.0%    95.0%    99.0%       66%/30%/4%    1.627    0.020     5.0%     0.0%   1.4735   0.0196    10.2%
  [MA20] reward=0.0110 task_sr=94.2% miss=5.8% time_limit=0.0% v2v=1.3%
  [RWRD] r_prog=0.0375 r_term=0.0516 r_illegal=0.0000
  [PPO ] p_loss=0.0101 v_loss=0.1579 entropy=1.4735 grad=1.8706 active=100.0%
  [SIM ] avg_power(a)=0.4936 rsu_q=1.458 tx=65 no_tx=127 deadlock=0 svc=0.000GHz idle=0.0%
   971     3.7s    0.0191   100.0%   100.0%   100.0%        91%/6%/3%    0.675    0.018     0.0%     0.0%   1.3115   0.0168     6.3%
   972     6.2s    0.0094    95.0%    95.0%   100.0%       84%/15%/2%    1.676    0.015     5.0%     0.0%   1.4054   0.0113     6.7%
   973     2.5s    0.0175   100.0%   100.0%   100.0%       78%/19%/3%    0.737    0.030     0.0%     0.0%   1.3050   0.0219    10.1%
   974     5.7s    0.0105   100.0%   100.0%   100.0%       80%/18%/2%    1.620    0.017     0.0%     0.0%   1.3239   0.0169     7.0%
   975    12.1s    0.0076    85.0%    85.0%    99.2%       76%/21%/3%    2.656    0.021    15.0%     0.0%   1.5687   0.0171     8.3%
   976     2.6s    0.0172   100.0%   100.0%   100.0%        96%/4%/1%    0.672    0.003     0.0%     0.0%   1.2784   0.0127     4.6%
   977     3.3s    0.0237   100.0%   100.0%   100.0%        99%/0%/1%    0.618     !ERR     0.0%     0.0%   1.0005   0.0340     5.3%
   978     7.5s    0.0087    90.0%    90.0%    98.0%       79%/14%/7%    1.977    0.034    10.0%     0.0%   1.5168   0.0371    12.0%
   979     7.4s    0.0081    90.0%    90.0%    99.0%       84%/13%/3%    1.813    0.012    10.0%     0.0%   1.4462   0.0151     6.7%
   980     7.4s    0.0093   100.0%   100.0%   100.0%       74%/22%/4%    1.789    0.038     0.0%     0.0%   1.5884   0.0032    10.2%
  [MA20] reward=0.0122 task_sr=97.2% miss=2.7% time_limit=0.0% v2v=2.2%
  [RWRD] r_prog=0.0417 r_term=0.0515 r_illegal=0.0000
  [PPO ] p_loss=0.0086 v_loss=0.1875 entropy=1.5884 grad=3.7084 active=100.0%
  [SIM ] avg_power(a)=0.5148 rsu_q=0.400 tx=54 no_tx=155 deadlock=0 svc=0.000GHz idle=0.0%

    Ep    Wall    R/step     T_SR     V_SR     S_SR            L/R/V   Lat(s)       En     Miss      Ill      Ent       KL     Clip
--------------------------------------------------------------------------------------------------------------------------------
   981     3.7s    0.0213   100.0%   100.0%   100.0%        94%/4%/2%    0.659    0.009     0.0%     0.0%   1.2580   0.0103     4.6%
   982    17.7s    0.0059    80.0%    80.0%    95.4%       63%/35%/2%    2.726    0.056    20.0%     0.0%   1.6526   0.0198     9.8%
   983     9.6s    0.0066    85.0%    85.0%    95.3%       58%/38%/4%    1.902    0.032    15.0%     0.0%   1.5531   0.0228    14.0%
   984     8.2s    0.0093    95.0%    95.0%    99.5%       71%/26%/3%    1.867    0.034     5.0%     0.0%   1.5428   0.0156     9.5%
   985     8.5s    0.0082    95.0%    95.0%    97.4%       54%/44%/2%    1.633    0.026     5.0%     0.0%   1.6401   0.0312    15.0%
   986     2.0s    0.0214   100.0%   100.0%   100.0%        97%/3%/0%    0.644    0.002     0.0%     0.0%   0.9168   0.0067     4.2%
   987     6.7s    0.0092   100.0%   100.0%   100.0%        89%/9%/1%    1.788    0.005     0.0%     0.0%   1.3600   0.0207     8.5%
   988     2.8s    0.0209   100.0%   100.0%   100.0%        98%/2%/0%    0.635    0.001     0.0%     0.0%   0.9472   0.0302     4.1%
   989     6.6s    0.0093    95.0%    95.0%    99.0%        92%/7%/0%    1.713    0.002     5.0%     0.0%   1.4335   0.0124     7.5%
   990     2.2s    0.0190   100.0%   100.0%   100.0%        98%/1%/1%    0.681    0.002     0.0%     0.0%   0.9540   0.0224     6.3%
  [MA20] reward=0.0131 task_sr=95.5% miss=4.5% time_limit=0.0% v2v=2.3%
  [RWRD] r_prog=0.0231 r_term=0.1668 r_illegal=0.0000
  [PPO ] p_loss=-0.0105 v_loss=0.0509 entropy=0.9540 grad=1.1209 active=100.0%
  [SIM ] avg_power(a)=0.4956 rsu_q=0.000 tx=3 no_tx=133 deadlock=0 svc=0.000GHz idle=0.0%
   991     6.5s    0.0090    95.0%    95.0%   100.0%       87%/12%/1%    1.815    0.007     5.0%     0.0%   1.2832   0.0351    24.7%
   992     9.7s    0.0079    90.0%    90.0%    99.1%       85%/13%/2%    1.767    0.048    10.0%     0.0%   1.2287   0.0152    12.7%
   993    14.5s    0.0069    90.0%    90.0%    98.1%       79%/21%/0%    2.571    0.021    10.0%     0.0%   1.2333   0.0239     9.3%
   994     3.9s    0.0209   100.0%   100.0%   100.0%        99%/1%/1%    0.707     !ERR     0.0%     0.0%   0.7999  -0.0052     5.0%
   995     6.3s    0.0103   100.0%   100.0%   100.0%       87%/13%/0%    1.630    0.006     0.0%     0.0%   1.1242   0.0066     8.0%
   996     7.4s    0.0091    90.0%    90.0%    98.5%       86%/14%/0%    1.800    0.006    10.0%     0.0%   1.2272   0.0266    10.1%
   997    12.3s    0.0077    95.0%    95.0%    99.2%       80%/20%/0%    2.619    0.015     5.0%     0.0%   1.1082   0.0236    10.4%
   998    10.6s    0.0078    95.0%    95.0%    99.5%       87%/12%/1%    1.626    0.009     5.0%     0.0%   1.2415   0.0165     8.7%
   999    13.4s    0.0072    90.0%    90.0%    99.2%       77%/22%/0%    2.542    0.014    10.0%     0.0%   1.1235   0.0128     9.1%
  1000     2.1s    0.0237   100.0%   100.0%   100.0%        98%/2%/0%    0.658    0.002     0.0%     0.0%   0.6824  -0.0046     3.4%
  [MA20] reward=0.0121 task_sr=94.8% miss=5.3% time_limit=0.0% v2v=1.1%
  [RWRD] r_prog=0.0281 r_term=0.2093 r_illegal=0.0000
  [PPO ] p_loss=0.0116 v_loss=0.1564 entropy=0.6824 grad=9.2982 active=100.0%
  [SIM ] avg_power(a)=0.4948 rsu_q=0.000 tx=3 no_tx=133 deadlock=0 svc=0.000GHz idle=0.0%
  [Checkpoint] saved: ep1000.pth

    Ep    Wall    R/step     T_SR     V_SR     S_SR            L/R/V   Lat(s)       En     Miss      Ill      Ent       KL     Clip
--------------------------------------------------------------------------------------------------------------------------------
  1001     6.5s    0.0101    95.0%    95.0%    99.0%       87%/13%/0%    1.621    0.009     5.0%     0.0%   1.0074   0.0128     8.8%
  1002    10.0s    0.0104    95.0%    95.0%    99.0%       85%/15%/0%    1.627    0.011     5.0%     0.0%   1.1431   0.0113     8.8%
  1003     2.7s    0.0212   100.0%   100.0%   100.0%        98%/2%/0%    0.638     !ERR     0.0%     0.0%   0.7748   0.0150     4.8%
  1004     6.3s    0.0107   100.0%   100.0%   100.0%       90%/10%/0%    1.535    0.006     0.0%     0.0%   1.0969   0.0236     7.6%
  1005     2.0s    0.0213   100.0%   100.0%   100.0%        96%/4%/0%    0.663    0.002     0.0%     0.0%   0.7827   0.0033     6.1%
  1006    13.2s    0.0081    95.0%    95.0%    99.2%       84%/16%/0%    2.606    0.012     5.0%     0.0%   1.1958   0.0197     7.3%
  1007     6.2s    0.0091    95.0%    95.0%    98.9%       86%/14%/0%    1.762    0.006     5.0%     0.0%   1.1978   0.0162     6.4%
  1008     7.6s    0.0084    95.0%    95.0%    99.5%       88%/12%/0%    1.686    0.008     5.0%     0.0%   1.1243   0.0052     7.0%
  1009    13.5s    0.0076    90.0%    90.0%    98.9%       81%/19%/0%    2.687    0.016    10.0%     0.0%   1.0547   0.0338     9.3%
  1010     7.0s    0.0101   100.0%   100.0%   100.0%       82%/18%/0%    1.738    0.016     0.0%     0.0%   0.9871   0.0200     7.3%
  [MA20] reward=0.0114 task_sr=95.5% miss=4.5% time_limit=0.0% v2v=0.3%
  [RWRD] r_prog=0.0458 r_term=0.0556 r_illegal=0.0000
  [PPO ] p_loss=0.0219 v_loss=0.1218 entropy=0.9871 grad=1.9479 active=100.0%
  [SIM ] avg_power(a)=0.5164 rsu_q=0.792 tx=37 no_tx=172 deadlock=0 svc=0.000GHz idle=0.0%
  → Best model saved: sr=0.961 miss=0.039 tl=0.000 cft=1.563 illegal=0.000
  1011     6.9s    0.0102   100.0%   100.0%   100.0%       82%/18%/0%    1.695    0.012     0.0%     0.0%   0.9932   0.0184     6.6%
  1012     6.9s    0.0106   100.0%   100.0%   100.0%       84%/15%/1%    1.622    0.019     0.0%     0.0%   0.9424   0.0193     6.6%
  1013    12.8s    0.0076    90.0%    90.0%    99.3%       72%/27%/1%    2.540    0.032    10.0%     0.0%   0.9231   0.0387     8.3%
  1014     7.3s    0.0073    85.0%    85.0%    96.4%       74%/26%/0%    1.552    0.030    15.0%     0.0%   1.0200   0.0262     9.8%
  1015     6.8s    0.0099    95.0%    95.0%    99.5%       75%/24%/0%    1.737    0.017     5.0%     0.0%   0.9462   0.0486     9.1%
  1016     7.1s    0.0099    95.0%    95.0%    99.5%       83%/17%/1%    1.695    0.009     5.0%     0.0%   1.0724   0.0259     6.9%
  1017     2.1s    0.0216   100.0%   100.0%   100.0%        93%/5%/2%    0.688    0.005     0.0%     0.0%   0.8534   0.0020     4.0%
  1018    11.9s    0.0081    85.0%    85.0%    97.4%       83%/16%/1%    1.588    0.010    15.0%     0.0%   1.3585   0.0244     7.7%
  1019     7.3s    0.0076    95.0%    95.0%    99.5%       83%/16%/0%    1.632    0.010     5.0%     0.0%   1.2684   0.0218     6.8%
  1020     6.5s    0.0105    95.0%    95.0%    99.0%       78%/21%/2%    1.624    0.019     5.0%     0.0%   1.2049   0.0379     7.1%
  [MA20] reward=0.0110 task_sr=95.2% miss=4.8% time_limit=0.0% v2v=0.4%
  [RWRD] r_prog=0.0486 r_term=0.0562 r_illegal=0.0000
  [PPO ] p_loss=0.0177 v_loss=0.1745 entropy=1.2049 grad=2.0161 active=100.0%
  [SIM ] avg_power(a)=0.5071 rsu_q=0.636 tx=43 no_tx=150 deadlock=0 svc=0.000GHz idle=0.0%

    Ep    Wall    R/step     T_SR     V_SR     S_SR            L/R/V   Lat(s)       En     Miss      Ill      Ent       KL     Clip
--------------------------------------------------------------------------------------------------------------------------------
  1021     7.7s    0.0086    95.0%    95.0%    99.0%       76%/23%/1%    1.602    0.026     5.0%     0.0%   1.2331   0.0327     8.7%
  1022     6.3s    0.0106   100.0%   100.0%   100.0%       78%/20%/1%    1.569    0.021     0.0%     0.0%   1.1326   0.0359     6.9%
  1023    12.0s    0.0073    90.0%    90.0%    98.5%       80%/20%/1%    1.516    0.018    10.0%     0.0%   1.4915   0.0301     8.9%
  1024     2.9s    0.0194   100.0%   100.0%   100.0%        93%/6%/2%    0.618    0.007     0.0%     0.0%   1.0343   0.0204     8.4%
  1025     7.5s    0.0086    90.0%    90.0%    99.0%       72%/28%/1%    1.615    0.024    10.0%     0.0%   1.3246   0.0265     8.1%
  1026     3.0s    0.0177   100.0%   100.0%   100.0%       89%/10%/1%    0.694    0.027     0.0%     0.0%   1.1556   0.0201     9.4%
  1027    12.4s    0.0062    90.0%    90.0%    99.2%       63%/36%/0%    2.508    0.040    10.0%     0.0%   1.3286   0.0142     9.4%
  1028     7.7s    0.0097    95.0%    95.0%    99.5%       70%/29%/1%    1.683    0.033     5.0%     0.0%   1.2524   0.0273     9.5%
  1029     2.2s    0.0216   100.0%   100.0%   100.0%       83%/14%/3%    0.638    0.019     0.0%     0.0%   1.0791   0.0141     8.7%
  1030     7.9s    0.0061    80.0%    80.0%    95.9%       69%/27%/5%    1.592    0.039    20.0%     0.0%   1.4691   0.0205    12.3%
  [MA20] reward=0.0110 task_sr=94.0% miss=6.0% time_limit=0.0% v2v=1.1%
  [RWRD] r_prog=0.0293 r_term=0.0316 r_illegal=0.0000
  [PPO ] p_loss=0.0202 v_loss=0.3829 entropy=1.4691 grad=5.0327 active=100.0%
  [SIM ] avg_power(a)=0.5090 rsu_q=0.714 tx=60 no_tx=132 deadlock=0 svc=0.000GHz idle=0.0%
  1031     7.5s    0.0081    85.0%    85.0%    98.5%       64%/34%/2%    1.651    0.022    15.0%     0.0%   1.4583   0.0475    10.2%
  1032     7.2s    0.0089    95.0%    95.0%    99.5%       68%/32%/1%    1.760    0.026     5.0%     0.0%   1.3740   0.0252     7.9%
  1033     9.0s    0.0072    90.0%    90.0%    99.0%       64%/35%/1%    1.657    0.039    10.0%     0.0%   1.6718   0.0339     7.0%
  1034    12.5s    0.0044    55.0%    55.0%    93.0%       73%/26%/1%    1.508    0.028    45.0%     0.0%   1.8162   0.0069     7.3%
  1035    28.1s    0.0044    50.0%    50.0%    92.0%       57%/43%/0%    2.717    0.056    50.0%     0.0%   1.8682   0.0244     9.1%
  1036     9.1s    0.0069    80.0%    80.0%    96.4%       67%/33%/1%    1.638    0.031    20.0%     0.0%   1.6104   0.0273     7.5%
  1037     4.5s    0.0192   100.0%   100.0%   100.0%        93%/6%/1%    0.709    0.012     0.0%     0.0%   1.2197   0.0184     5.9%
  1038     7.4s    0.0100   100.0%   100.0%   100.0%       80%/20%/0%    1.646    0.014     0.0%     0.0%   1.4369   0.0304     5.5%
  1039     8.3s    0.0078    90.0%    90.0%    99.0%       84%/15%/1%    1.549    0.010    10.0%     0.0%   1.7224   0.0101     5.4%
  1040     7.2s    0.0089    95.0%    95.0%    99.5%       86%/13%/0%    1.651    0.008     5.0%     0.0%   1.4039   0.0170     5.1%
  [MA20] reward=0.0101 task_sr=89.0% miss=11.0% time_limit=0.0% v2v=1.2%
  [RWRD] r_prog=0.0393 r_term=0.0498 r_illegal=0.0000
  [PPO ] p_loss=0.0199 v_loss=0.1712 entropy=1.4039 grad=1.7601 active=100.0%
  [SIM ] avg_power(a)=0.5125 rsu_q=0.280 tx=28 no_tx=175 deadlock=0 svc=0.000GHz idle=0.0%

    Ep    Wall    R/step     T_SR     V_SR     S_SR            L/R/V   Lat(s)       En     Miss      Ill      Ent       KL     Clip
--------------------------------------------------------------------------------------------------------------------------------
  1041    10.7s    0.0076    80.0%    80.0%    97.0%       82%/16%/1%    1.771    0.009    20.0%     0.0%   1.7137   0.0268     5.9%
  1042     2.1s    0.0214   100.0%   100.0%   100.0%        94%/6%/0%    0.638    0.006     0.0%     0.0%   1.0194   0.0026     4.6%
  1043     2.1s    0.0212   100.0%   100.0%   100.0%        95%/4%/1%    0.650    0.007     0.0%     0.0%   0.9578   0.0173     4.0%
  1044     7.1s    0.0098   100.0%   100.0%   100.0%        91%/8%/0%    1.858    0.005     0.0%     0.0%   1.3949   0.0101     2.7%
  1045     7.3s    0.0101    95.0%    95.0%    98.5%        92%/8%/0%    1.758    0.003     5.0%     0.0%   1.5433   0.0222     4.3%
  1046     2.5s    0.0233   100.0%   100.0%   100.0%        92%/5%/3%    0.617    0.004     0.0%     0.0%   0.8874   0.0240     5.2%
  1047     7.0s    0.0088    95.0%    95.0%    99.5%       82%/17%/2%    1.662    0.014     5.0%     0.0%   1.4724   0.0143     5.7%
  1048     8.8s    0.0102   100.0%   100.0%   100.0%       82%/18%/1%    1.765    0.018     0.0%     0.0%   1.4782   0.0141     4.5%
  1049     2.2s    0.0191   100.0%   100.0%   100.0%        93%/7%/0%    0.648    0.003     0.0%     0.0%   1.0849   0.0133     4.9%
  1050     9.9s    0.0074    85.0%    85.0%    97.0%       83%/15%/2%    1.655    0.014    15.0%     0.0%   1.7000   0.0138     5.4%
  [MA20] reward=0.0112 task_sr=89.8% miss=10.2% time_limit=0.0% v2v=0.9%
  [RWRD] r_prog=0.0384 r_term=0.0354 r_illegal=0.0000
  [PPO ] p_loss=0.0098 v_loss=0.2414 entropy=1.7000 grad=3.7996 active=100.0%
  [SIM ] avg_power(a)=0.5062 rsu_q=0.786 tx=33 no_tx=166 deadlock=0 svc=0.000GHz idle=0.0%
  1051     2.2s    0.0239   100.0%   100.0%   100.0%        91%/8%/1%    0.658    0.007     0.0%     0.0%   0.9248  -0.0192     6.8%
  1052    12.1s    0.0096    95.0%    95.0%    99.5%        90%/9%/1%    1.760    0.009     5.0%     0.0%   1.6040   0.0102     5.4%
  1053    14.2s    0.0074    85.0%    85.0%    98.5%       75%/24%/1%    2.758    0.018    15.0%     0.0%   1.4753   0.0204     6.1%
  1054     9.3s    0.0105   100.0%   100.0%   100.0%       86%/13%/1%    1.783    0.009     0.0%     0.0%   1.3795   0.0182     5.1%
  1055     8.6s    0.0090   100.0%   100.0%   100.0%        92%/8%/0%    1.632    0.002     0.0%     0.0%   1.5378   0.0094     4.7%
  1056    11.5s    0.0070    85.0%    85.0%    97.5%       84%/16%/0%    2.560    0.008    15.0%     0.0%   1.5027   0.0224     4.1%
  1057     6.3s    0.0089    95.0%    95.0%   100.0%       88%/12%/0%    1.700    0.006     5.0%     0.0%   1.2767   0.0108     1.6%
  1058     6.6s    0.0106   100.0%   100.0%   100.0%       83%/15%/2%    1.760    0.013     0.0%     0.0%   1.3554   0.0063     3.3%
  1059     3.2s    0.0191   100.0%   100.0%   100.0%        95%/5%/0%    0.661    0.001     0.0%     0.0%   1.1399   0.0039     3.2%
  1060    12.4s    0.0076    90.0%    90.0%    98.0%       84%/16%/0%    2.682    0.013    10.0%     0.0%   1.4565   0.0073     2.9%
  [MA20] reward=0.0126 task_sr=95.2% miss=4.8% time_limit=0.0% v2v=0.8%
  [RWRD] r_prog=0.0470 r_term=0.0287 r_illegal=0.0000
  [PPO ] p_loss=0.0040 v_loss=0.2067 entropy=1.4565 grad=2.8795 active=100.0%
  [SIM ] avg_power(a)=0.5013 rsu_q=0.500 tx=39 no_tx=211 deadlock=0 svc=0.000GHz idle=0.0%

    Ep    Wall    R/step     T_SR     V_SR     S_SR            L/R/V   Lat(s)       En     Miss      Ill      Ent       KL     Clip
--------------------------------------------------------------------------------------------------------------------------------
  1061     7.0s    0.0101   100.0%   100.0%   100.0%       88%/12%/0%    1.678    0.008     0.0%     0.0%   1.4015   0.0130     3.0%
  1062     1.8s    0.0243   100.0%   100.0%   100.0%        95%/5%/0%    0.595    0.004     0.0%     0.0%   0.8496   0.0084     3.3%
  1063     6.0s    0.0089    95.0%    95.0%    99.5%        90%/9%/1%    1.573    0.005     5.0%     0.0%   1.3645   0.0043     3.4%
  1064     9.1s    0.0093   100.0%   100.0%   100.0%        92%/8%/0%    1.646    0.003     0.0%     0.0%   1.3815   0.0064     2.6%
  1065     6.8s    0.0094   100.0%   100.0%   100.0%       86%/13%/1%    1.879    0.005     0.0%     0.0%   1.3212   0.0134     4.0%
  1066     7.8s    0.0091   100.0%   100.0%   100.0%       79%/21%/0%    1.734    0.011     0.0%     0.0%   1.4427   0.0228     5.6%
  1067    16.4s    0.0068    80.0%    80.0%    98.1%       82%/18%/0%    2.863    0.020    20.0%     0.0%   1.4434   0.0306     5.2%
  1068     6.5s    0.0108   100.0%   100.0%   100.0%       87%/13%/0%    1.505    0.009     0.0%     0.0%   1.2736   0.0130     2.7%
  1069     2.1s    0.0210   100.0%   100.0%   100.0%        98%/2%/0%    0.619     !ERR     0.0%     0.0%   0.8961   0.0127     1.0%
  1070     3.7s    0.0189   100.0%   100.0%   100.0%        99%/0%/1%    0.630     !ERR     0.0%     0.0%   1.1773   0.0179     2.2%
  [MA20] reward=0.0121 task_sr=96.2% miss=3.8% time_limit=0.0% v2v=0.5%
  [RWRD] r_prog=0.0183 r_term=0.1702 r_illegal=0.0000
  [PPO ] p_loss=0.0022 v_loss=0.0663 entropy=1.1773 grad=2.1548 active=100.0%
  [SIM ] avg_power(a)=0.5041 rsu_q=0.700 tx=1 no_tx=130 deadlock=0 svc=0.000GHz idle=0.0%
  1071     2.2s    0.0189   100.0%   100.0%   100.0%        96%/4%/0%    0.682     !ERR     0.0%     0.0%   1.0881   0.0194     3.4%
  1072    24.4s    0.0060    80.0%    80.0%    98.9%       74%/22%/4%    2.811    0.058    20.0%     0.0%   1.7301   0.0326     6.6%
  1073     2.2s    0.0209   100.0%   100.0%   100.0%       76%/17%/8%    0.674    0.032     0.0%     0.0%   1.2532   0.0116     6.4%
  1074     7.6s    0.0084    90.0%    90.0%    95.9%       74%/23%/4%    1.617    0.116    10.0%     0.0%   1.5034   0.0260     4.0%
  1075     6.5s    0.0081    95.0%    95.0%    99.5%       70%/26%/3%    1.553    0.027     5.0%     0.0%   1.4339   0.0208     5.3%
  1076     5.4s    0.0109   100.0%   100.0%   100.0%       82%/11%/7%    0.872    0.116     0.0%     0.0%   1.9537   0.0200     4.5%
  1077     6.6s    0.0091    95.0%    95.0%   100.0%       67%/32%/2%    1.629    0.058     5.0%     0.0%   1.4322   0.0434     5.9%
  1078     4.7s    0.0069    85.0%    85.0%    93.8%       63%/31%/6%    0.856    0.030    15.0%     0.0%   1.8034   0.0111     6.5%
  1079     7.0s    0.0079    95.0%    95.0%    99.5%       67%/30%/2%    1.639    0.028     5.0%     0.0%   1.5764   0.0098     5.7%
  1080    12.1s    0.0054    70.0%    70.0%    91.1%       62%/33%/5%    1.942    0.084    30.0%     0.0%   1.7260   0.0228     7.1%
  [MA20] reward=0.0116 task_sr=94.3% miss=5.8% time_limit=0.0% v2v=2.2%
  [RWRD] r_prog=0.0341 r_term=0.0201 r_illegal=0.0000
  [PPO ] p_loss=0.0061 v_loss=0.4772 entropy=1.7260 grad=5.4820 active=100.0%
  [SIM ] avg_power(a)=0.4696 rsu_q=1.464 tx=76 no_tx=122 deadlock=0 svc=0.000GHz idle=0.0%

    Ep    Wall    R/step     T_SR     V_SR     S_SR            L/R/V   Lat(s)       En     Miss      Ill      Ent       KL     Clip
--------------------------------------------------------------------------------------------------------------------------------
  1081     8.2s    0.0074    90.0%    90.0%    97.4%       74%/21%/4%    1.731    0.050    10.0%     0.0%   1.6850   0.0139     7.3%
  1082     9.5s    0.0083    85.0%    85.0%    98.1%       68%/31%/1%    1.874    0.026    15.0%     0.0%   1.6075   0.0101     7.6%
  1083     6.9s    0.0106   100.0%   100.0%   100.0%       58%/41%/1%    1.630    0.026     0.0%     0.0%   1.4859   0.0173     8.0%
  1084    23.4s    0.0061    75.0%    75.0%    94.9%       82%/16%/2%    2.672    0.017    25.0%     0.0%   1.8310   0.0088     5.8%
  1085    13.8s    0.0062    70.0%    70.0%    96.6%       82%/18%/0%    2.559    0.021    30.0%     0.0%   1.4805   0.0109     5.0%
  1086     2.8s    0.0189   100.0%   100.0%   100.0%        92%/8%/0%    0.680    0.007     0.0%     0.0%   1.1358   0.0029     3.3%
  1087    14.0s    0.0080    95.0%    95.0%    99.5%        96%/4%/0%    1.673    0.002     5.0%     0.0%   1.8246   0.0062     3.5%
  1088    13.0s    0.0084   100.0%   100.0%   100.0%       83%/17%/0%    2.718    0.012     0.0%     0.0%   1.4606   0.0062     3.6%
  1089     6.7s    0.0096    95.0%    95.0%    99.5%        93%/6%/1%    1.807    0.004     5.0%     0.0%   1.2819   0.0036     3.0%
  1090     6.4s    0.0091    95.0%    95.0%    99.0%        91%/9%/1%    1.654    0.006     5.0%     0.0%   1.4393   0.0014     3.8%
  [MA20] reward=0.0097 task_sr=90.8% miss=9.3% time_limit=0.0% v2v=2.6%
  [RWRD] r_prog=0.0420 r_term=0.0487 r_illegal=0.0000
  [PPO ] p_loss=0.0321 v_loss=0.1588 entropy=1.4393 grad=1.5108 active=100.0%
  [SIM ] avg_power(a)=0.4953 rsu_q=0.440 tx=18 no_tx=178 deadlock=0 svc=0.000GHz idle=0.0%
  1091    15.0s    0.0069    70.0%    70.0%    98.1%       84%/16%/1%    2.862    0.017    30.0%     0.0%   1.4045   0.0126     4.0%
  1092     6.7s    0.0098    90.0%    90.0%    98.5%       90%/10%/1%    1.718    0.005    10.0%     0.0%   1.4162   0.0099     4.2%
  1093     3.5s    0.0186   100.0%   100.0%   100.0%        94%/3%/3%    0.703    0.026     0.0%     0.0%   1.1310   0.0118     4.9%
  1094     3.2s    0.0089    95.0%    95.0%    99.3%        91%/8%/1%    0.707    0.003     5.0%     0.0%   1.4935   0.0056     6.1%
  1095     2.3s    0.0211   100.0%   100.0%   100.0%        95%/5%/0%    0.654    0.003     0.0%     0.0%   1.0159   0.0026     2.7%
  1096    12.5s    0.0073    95.0%    95.0%    98.8%       87%/13%/0%    2.688    0.009     5.0%     0.0%   1.4347   0.0123     5.0%
  1097     2.2s    0.0238   100.0%   100.0%   100.0%        96%/4%/0%    0.680     !ERR     0.0%     0.0%   0.8079   0.0110     2.3%
  1098     2.6s    0.0193   100.0%   100.0%   100.0%        91%/7%/2%    0.651    0.011     0.0%     0.0%   1.1671   0.0136     5.5%
  1099    10.7s    0.0091   100.0%   100.0%   100.0%        92%/6%/1%    1.658    0.008     0.0%     0.0%   1.5332   0.0085     6.2%
  1100     2.2s    0.0172   100.0%   100.0%   100.0%        95%/5%/1%    0.675    0.003     0.0%     0.0%   1.1182   0.0085     6.7%
  [MA20] reward=0.0117 task_sr=92.8% miss=7.2% time_limit=0.0% v2v=1.0%
  [RWRD] r_prog=0.0194 r_term=0.1524 r_illegal=0.0000
  [PPO ] p_loss=-0.0045 v_loss=0.0398 entropy=1.1182 grad=1.5590 active=100.0%
  [SIM ] avg_power(a)=0.4835 rsu_q=0.545 tx=7 no_tx=125 deadlock=0 svc=0.000GHz idle=0.0%
  [Checkpoint] saved: ep1100.pth

    Ep    Wall    R/step     T_SR     V_SR     S_SR            L/R/V   Lat(s)       En     Miss      Ill      Ent       KL     Clip
--------------------------------------------------------------------------------------------------------------------------------
  1101    12.3s    0.0075    85.0%    85.0%    98.4%       85%/13%/2%    2.717    0.016    15.0%     0.0%   1.3478   0.0049     5.8%
  1102     1.8s    0.0213   100.0%   100.0%   100.0%        87%/9%/3%    0.598    0.008     0.0%     0.0%   1.0620   0.0052     6.6%
  1103     8.0s    0.0082    95.0%    95.0%    99.0%       85%/14%/1%    1.663    0.010     5.0%     0.0%   1.4715   0.0057     5.5%
  1104    13.4s    0.0079    90.0%    90.0%    98.8%       77%/21%/2%    2.657    0.028    10.0%     0.0%   1.4096   0.0099     6.3%
  1105     2.5s    0.0213   100.0%   100.0%   100.0%        90%/9%/1%    0.679    0.012     0.0%     0.0%   1.0916  -0.0038     5.3%
  1106     6.5s    0.0098   100.0%   100.0%   100.0%       79%/19%/3%    1.640    0.012     0.0%     0.0%   1.3595   0.0261     8.2%
  1107     3.0s    0.0211   100.0%   100.0%   100.0%        90%/7%/3%    0.676    0.030     0.0%     0.0%   1.1692   0.0289     6.0%
  1108     4.9s    0.0082    95.0%    95.0%    96.9%        88%/7%/5%    0.693    0.008     5.0%     0.0%   1.7026  -0.0040     8.0%
  1109     7.1s    0.0096   100.0%   100.0%   100.0%        88%/9%/3%    1.707    0.005     0.0%     0.0%   1.4532   0.0093     4.9%
  1110     7.3s    0.0102    95.0%    95.0%    99.5%       87%/10%/3%    1.739    0.014     5.0%     0.0%   1.3866   0.0184     5.3%
  [MA20] reward=0.0134 task_sr=95.5% miss=4.5% time_limit=0.0% v2v=1.8%
  [RWRD] r_prog=0.0500 r_term=0.0517 r_illegal=0.0000
  [PPO ] p_loss=0.0303 v_loss=0.2683 entropy=1.3866 grad=2.4605 active=100.0%
  [SIM ] avg_power(a)=0.4955 rsu_q=0.435 tx=26 no_tx=176 deadlock=0 svc=0.000GHz idle=0.0%
  1111     9.0s    0.0087   100.0%   100.0%   100.0%       87%/12%/1%    1.818    0.006     0.0%     0.0%   1.4806   0.0168     6.2%
  1112     7.2s    0.0086    95.0%    95.0%    99.0%       89%/11%/0%    1.720    0.004     5.0%     0.0%   1.4741   0.0129     5.8%
  1113     2.4s    0.0216   100.0%   100.0%   100.0%       88%/10%/2%    0.663    0.016     0.0%     0.0%   1.0883   0.0113     5.4%
  1114     6.8s    0.0103    95.0%    95.0%    99.0%       86%/12%/2%    1.784    0.014     5.0%     0.0%   1.3241   0.0105     5.2%
  1115     8.7s    0.0066    75.0%    75.0%    95.9%       83%/14%/3%    1.631    0.011    25.0%     0.0%   1.5030   0.0136     6.4%
  1116     2.4s    0.0190   100.0%   100.0%   100.0%        90%/7%/2%    0.692    0.009     0.0%     0.0%   1.1136   0.0208     7.8%
  1117     8.8s    0.0087    90.0%    90.0%    99.0%       84%/14%/2%    1.716    0.012    10.0%     0.0%   1.4807   0.0092     7.8%
  1118     2.4s    0.0191   100.0%   100.0%   100.0%        86%/9%/5%    0.707    0.007     0.0%     0.0%   1.1744   0.0241     8.2%
  1119     2.2s    0.0190   100.0%   100.0%   100.0%        84%/9%/7%    0.714    0.011     0.0%     0.0%   1.1891   0.0055    12.5%
  1120     7.4s    0.0068    75.0%    75.0%    94.9%      75%/16%/10%    1.759    0.076    25.0%     0.0%   1.5216   0.0218    11.0%
  [MA20] reward=0.0127 task_sr=94.5% miss=5.5% time_limit=0.0% v2v=3.0%
  [RWRD] r_prog=0.0397 r_term=0.0286 r_illegal=0.0000
  [PPO ] p_loss=0.0410 v_loss=0.4437 entropy=1.5216 grad=5.3540 active=100.0%
  [SIM ] avg_power(a)=0.5013 rsu_q=0.680 tx=48 no_tx=141 deadlock=0 svc=0.000GHz idle=0.0%

    Ep    Wall    R/step     T_SR     V_SR     S_SR            L/R/V   Lat(s)       En     Miss      Ill      Ent       KL     Clip
--------------------------------------------------------------------------------------------------------------------------------
  1121    17.3s    0.0026    30.0%    30.0%    69.2%      61%/25%/14%    1.945    0.246    70.0%     0.0%   1.8824   0.0392    13.6%
  1122     6.8s    0.0100   100.0%   100.0%   100.0%       66%/32%/2%    1.694    0.036     0.0%     0.0%   1.4779   0.0143     8.3%
  1123     5.7s    0.0075    90.0%    90.0%    94.4%       81%/12%/7%    0.669    0.015    10.0%     0.0%   1.9018   0.0238    10.1%
  1124     7.5s    0.0078    90.0%    90.0%    99.0%       76%/24%/0%    1.774    0.018    10.0%     0.0%   1.4911   0.0176     8.0%
  1125     8.3s    0.0099   100.0%   100.0%   100.0%       84%/15%/0%    1.663    0.011     0.0%     0.0%   1.3623   0.0114     6.5%
  1126    14.9s    0.0085    90.0%    90.0%    99.5%       82%/14%/4%    1.976    0.037    10.0%     0.0%   1.7622   0.0272     6.9%
  1127     8.3s    0.0099   100.0%   100.0%   100.0%       82%/18%/0%    1.759    0.014     0.0%     0.0%   1.4997   0.0233     5.3%
  1128     6.9s    0.0074    90.0%    90.0%    98.5%       89%/11%/0%    1.636    0.005    10.0%     0.0%   1.4262   0.0106     6.6%
  1129    21.9s    0.0057    70.0%    70.0%    96.5%       82%/18%/0%    2.634    0.020    30.0%     0.0%   1.7581   0.0058     7.0%
  1130     7.0s    0.0098   100.0%   100.0%   100.0%       77%/23%/0%    1.714    0.012     0.0%     0.0%   1.4240   0.0135    10.7%
  [MA20] reward=0.0104 task_sr=89.5% miss=10.5% time_limit=0.0% v2v=3.1%
  [RWRD] r_prog=0.0425 r_term=0.0553 r_illegal=0.0000
  [PPO ] p_loss=0.0073 v_loss=0.1212 entropy=1.4240 grad=3.0112 active=100.0%
  [SIM ] avg_power(a)=0.5089 rsu_q=0.875 tx=46 no_tx=157 deadlock=0 svc=0.000GHz idle=0.0%
  1131    12.6s    0.0076    85.0%    85.0%    97.6%       75%/25%/0%    2.696    0.017    15.0%     0.0%   1.5002   0.0120     7.0%
  1132     7.0s    0.0088    95.0%    95.0%    99.5%       86%/14%/0%    1.670    0.008     5.0%     0.0%   1.3722   0.0159     6.8%
  1133    11.4s    0.0074    85.0%    85.0%    98.0%       86%/14%/0%    1.639    0.008    15.0%     0.0%   1.6019   0.0154     8.4%
  1134     7.1s    0.0095   100.0%   100.0%   100.0%       81%/19%/0%    1.693    0.014     0.0%     0.0%   1.3139   0.0237     7.7%
  1135     6.7s    0.0099   100.0%   100.0%   100.0%       82%/18%/0%    1.585    0.008     0.0%     0.0%   1.4202   0.0016     7.0%
  1136     6.6s    0.0099   100.0%   100.0%   100.0%       86%/13%/1%    1.545    0.004     0.0%     0.0%   1.5050   0.0064     7.0%
  1137    12.2s    0.0074   100.0%   100.0%   100.0%       77%/22%/0%    2.550    0.021     0.0%     0.0%   1.4991   0.0182     8.0%
  1138     6.2s    0.0097   100.0%   100.0%   100.0%       79%/21%/1%    1.647    0.013     0.0%     0.0%   1.3912   0.0147     7.1%
  1139    12.9s    0.0085    95.0%    95.0%    99.5%       79%/21%/0%    1.762    0.012     5.0%     0.0%   1.7269   0.0295     5.8%
  1140     6.8s    0.0090    90.0%    90.0%    99.5%       71%/28%/1%    1.787    0.032    10.0%     0.0%   1.4145   0.0286     7.7%
  [MA20] reward=0.0083 task_sr=90.5% miss=9.5% time_limit=0.0% v2v=1.5%
  [RWRD] r_prog=0.0457 r_term=0.0447 r_illegal=0.0000
  [PPO ] p_loss=-0.0040 v_loss=0.2496 entropy=1.4145 grad=1.7084 active=100.0%
  [SIM ] avg_power(a)=0.4998 rsu_q=0.917 tx=57 no_tx=141 deadlock=0 svc=0.000GHz idle=0.0%

    Ep    Wall    R/step     T_SR     V_SR     S_SR            L/R/V   Lat(s)       En     Miss      Ill      Ent       KL     Clip
--------------------------------------------------------------------------------------------------------------------------------
  1141     7.0s    0.0097   100.0%   100.0%   100.0%       41%/58%/1%    1.688    0.054     0.0%     0.0%   1.4489   0.0224     9.3%
  1142     7.4s    0.0084    95.0%    95.0%    99.0%       41%/58%/0%    1.612    0.050     5.0%     0.0%   1.5357   0.0073     6.6%
  1143     7.1s    0.0075    90.0%    90.0%    97.9%       73%/25%/2%    1.630    0.021    10.0%     0.0%   1.5025   0.0079     9.1%
  1144     2.3s    0.0195   100.0%   100.0%   100.0%       86%/13%/1%    0.654    0.014     0.0%     0.0%   1.2007   0.0052     7.3%
  1145     6.2s    0.0087    95.0%    95.0%   100.0%       85%/14%/1%    1.534    0.007     5.0%     0.0%   1.5102   0.0142     6.8%
  1146    14.0s    0.0063    80.0%    80.0%    97.4%       70%/29%/1%    2.690    0.034    20.0%     0.0%   1.4317   0.0286     8.7%
  1147     2.3s    0.0192   100.0%   100.0%   100.0%       82%/18%/1%    0.688    0.012     0.0%     0.0%   1.1997   0.0386     9.5%
  1148    11.2s    0.0068    95.0%    95.0%    99.6%       56%/44%/0%    2.529    0.042     5.0%     0.0%   1.5122   0.0178     8.0%
  1149     6.7s    0.0098   100.0%   100.0%   100.0%       74%/25%/0%    1.572    0.015     0.0%     0.0%   1.4730   0.0320     7.4%
  1150     6.8s    0.0104   100.0%   100.0%   100.0%       77%/22%/1%    1.705    0.018     0.0%     0.0%   1.4355   0.0415     7.0%
  [MA20] reward=0.0097 task_sr=95.2% miss=4.8% time_limit=0.0% v2v=0.5%
  [RWRD] r_prog=0.0491 r_term=0.0545 r_illegal=0.0000
  [PPO ] p_loss=0.0004 v_loss=0.1076 entropy=1.4355 grad=2.0637 active=100.0%
  [SIM ] avg_power(a)=0.5208 rsu_q=0.750 tx=46 no_tx=156 deadlock=0 svc=0.000GHz idle=0.0%
  1151    12.8s    0.0081    95.0%    95.0%    99.3%       74%/26%/0%    2.531    0.041     5.0%     0.0%   1.2895   0.0156     7.9%
  1152    12.1s    0.0063    85.0%    85.0%    98.4%       72%/28%/0%    2.395    0.027    15.0%     0.0%   1.5662   0.0060     9.3%
  1153    13.4s    0.0054    70.0%    70.0%    97.3%       75%/25%/0%    2.554    0.022    30.0%     0.0%   1.4912   0.0230     7.5%
  1154     6.7s    0.0102   100.0%   100.0%   100.0%       77%/23%/0%    1.635    0.019     0.0%     0.0%   1.3821   0.0299     6.7%
  1155     6.7s    0.0091    95.0%    95.0%    99.5%       78%/22%/1%    1.601    0.015     5.0%     0.0%   1.4185   0.0148     8.2%
  1156    12.2s    0.0079   100.0%   100.0%   100.0%       73%/27%/0%    2.545    0.024     0.0%     0.0%   1.4143   0.0234     8.3%
  1157     7.3s    0.0111   100.0%   100.0%   100.0%       78%/21%/1%    1.587    0.029     0.0%     0.0%   1.3276   0.0038     5.9%
  1158     5.9s    0.0115   100.0%   100.0%   100.0%       81%/18%/1%    1.514    0.019     0.0%     0.0%   1.2485   0.0139     7.6%
  1159    12.0s    0.0088   100.0%   100.0%   100.0%       76%/22%/1%    1.742    0.024     0.0%     0.0%   1.7795   0.0048     7.5%
  1160     9.2s    0.0084    95.0%    95.0%    99.5%       79%/20%/1%    1.726    0.013     5.0%     0.0%   1.6134   0.0270     9.6%
  [MA20] reward=0.0096 task_sr=94.8% miss=5.3% time_limit=0.0% v2v=0.6%
  [RWRD] r_prog=0.0383 r_term=0.0459 r_illegal=0.0000
  [PPO ] p_loss=0.0079 v_loss=0.1736 entropy=1.6134 grad=1.3652 active=100.0%
  [SIM ] avg_power(a)=0.5165 rsu_q=1.192 tx=42 no_tx=158 deadlock=0 svc=0.000GHz idle=0.0%

    Ep    Wall    R/step     T_SR     V_SR     S_SR            L/R/V   Lat(s)       En     Miss      Ill      Ent       KL     Clip
--------------------------------------------------------------------------------------------------------------------------------
  1161     7.9s    0.0083    90.0%    90.0%    98.0%       74%/25%/1%    1.843    0.020    10.0%     0.0%   1.5264   0.0144     8.9%
  1162    11.3s    0.0087    90.0%    90.0%    99.0%       82%/18%/0%    1.624    0.021    10.0%     0.0%   1.8238   0.0231     9.2%
  1163    13.3s    0.0069    85.0%    85.0%    97.9%       83%/17%/1%    1.627    0.011    15.0%     0.0%   1.9731   0.0135     8.5%
  1164     6.3s    0.0113   100.0%   100.0%   100.0%       79%/20%/1%    1.511    0.018     0.0%     0.0%   1.4033   0.0219     7.9%
  1165    13.2s    0.0079    95.0%    95.0%    99.2%       69%/31%/0%    2.598    0.039     5.0%     0.0%   1.5005   0.0170    10.8%
  1166    12.7s    0.0115   100.0%   100.0%   100.0%       83%/17%/0%    1.653    0.024     0.0%     0.0%   1.6398   0.0038     6.3%
  1167     6.2s    0.0084    95.0%    95.0%    97.1%       87%/12%/1%    0.724    0.008     5.0%     0.0%   2.0533   0.0233     9.7%
  1168    12.3s    0.0092    95.0%    95.0%    98.5%       74%/26%/1%    1.809    0.050     5.0%     0.0%   1.6480   0.0083    10.1%
  1169     6.7s    0.0108   100.0%   100.0%   100.0%       69%/31%/1%    1.712    0.020     0.0%     0.0%   1.5038   0.0219     9.0%
  1170    13.4s    0.0067    90.0%    90.0%    99.2%       62%/36%/1%    2.832    0.035    10.0%     0.0%   1.4612   0.0225     9.0%
  [MA20] reward=0.0088 task_sr=94.0% miss=6.0% time_limit=0.0% v2v=0.5%
  [RWRD] r_prog=0.0399 r_term=0.0271 r_illegal=0.0000
  [PPO ] p_loss=0.0080 v_loss=0.2027 entropy=1.4612 grad=1.8231 active=100.0%
  [SIM ] avg_power(a)=0.5018 rsu_q=2.257 tx=94 no_tx=159 deadlock=0 svc=0.000GHz idle=0.0%
  1171     3.3s    0.0191   100.0%   100.0%   100.0%        94%/5%/1%    0.649    0.002     0.0%     0.0%   1.3319   0.0303     7.6%
  1172     7.6s    0.0094    95.0%    95.0%    99.5%       74%/26%/0%    1.784    0.017     5.0%     0.0%   1.5357   0.0136     6.3%
  1173     6.2s    0.0088    95.0%    95.0%    99.0%       82%/17%/2%    1.584    0.015     5.0%     0.0%   1.4303   0.0148     7.7%
  1174     6.6s    0.0098    95.0%    95.0%    98.5%       81%/18%/1%    1.718    0.020     5.0%     0.0%   1.3305   0.0267     6.6%
  1175    14.8s    0.0054    70.0%    70.0%    96.8%       72%/27%/0%    2.640    0.035    30.0%     0.0%   1.4704   0.0242     8.6%
  1176     7.2s    0.0094    90.0%    90.0%    98.0%       85%/15%/0%    1.677    0.012    10.0%     0.0%   1.4065   0.0062     9.3%
  1177     7.4s    0.0102   100.0%   100.0%   100.0%       82%/18%/0%    1.702    0.011     0.0%     0.0%   1.4559   0.0194     7.5%
  1178     6.5s    0.0109   100.0%   100.0%   100.0%       83%/17%/0%    1.643    0.007     0.0%     0.0%   1.5073   0.0139     6.7%
  1179     2.0s    0.0214   100.0%   100.0%   100.0%        92%/7%/1%    0.611    0.008     0.0%     0.0%   1.1468   0.0104     8.3%
  1180    16.2s    0.0084    85.0%    85.0%    98.0%       76%/22%/3%    1.935    0.080    15.0%     0.0%   2.0541   0.0419    14.1%
  [MA20] reward=0.0101 task_sr=93.5% miss=6.5% time_limit=0.0% v2v=0.7%
  [RWRD] r_prog=0.0501 r_term=0.0337 r_illegal=0.0000
  [PPO ] p_loss=0.0135 v_loss=0.3247 entropy=2.0541 grad=5.5281 active=100.0%
  [SIM ] avg_power(a)=0.4970 rsu_q=0.885 tx=49 no_tx=151 deadlock=0 svc=0.000GHz idle=0.0%

    Ep    Wall    R/step     T_SR     V_SR     S_SR            L/R/V   Lat(s)       En     Miss      Ill      Ent       KL     Clip
--------------------------------------------------------------------------------------------------------------------------------
  1181     2.3s    0.0193   100.0%   100.0%   100.0%       81%/18%/1%    0.727    0.043     0.0%     0.0%   1.3037   0.0438    11.5%
  1182     6.9s    0.0081    85.0%    85.0%    98.5%       57%/42%/1%    1.669    0.062    15.0%     0.0%   1.5115   0.0162    12.5%
  1183    13.0s    0.0078    90.0%    90.0%    98.4%       54%/46%/0%    1.801    0.067    10.0%     0.0%   2.0097   0.0201    13.9%
  1184     6.8s    0.0091   100.0%   100.0%   100.0%       37%/62%/0%    1.534    0.038     0.0%     0.0%   1.6367   0.0265    14.1%
  1185     7.6s    0.0065    80.0%    80.0%    96.0%       48%/51%/1%    1.638    0.042    20.0%     0.0%   1.6335   0.0322    14.2%
  1186     6.5s    0.0107   100.0%   100.0%   100.0%       32%/67%/1%    1.383    0.044     0.0%     0.0%   1.5779   0.0363    14.3%
  1187     7.2s    0.0085    95.0%    95.0%    99.5%       71%/28%/0%    1.605    0.032     5.0%     0.0%   1.5358   0.0235    12.5%
  1188     7.3s    0.0098   100.0%   100.0%   100.0%       45%/55%/0%    1.717    0.044     0.0%     0.0%   1.4939   0.0129    14.1%
  1189     6.7s    0.0084   100.0%   100.0%   100.0%       69%/30%/0%    1.670    0.030     0.0%     0.0%   1.5752   0.0180    14.1%
  1190     6.2s    0.0099   100.0%   100.0%   100.0%       67%/33%/0%    1.545    0.023     0.0%     0.0%   1.6190   0.0122    10.9%
  [MA20] reward=0.0105 task_sr=94.0% miss=6.0% time_limit=0.0% v2v=0.6%
  [RWRD] r_prog=0.0400 r_term=0.0594 r_illegal=0.0000
  [PPO ] p_loss=0.0096 v_loss=0.0521 entropy=1.6190 grad=0.5841 active=100.0%
  [SIM ] avg_power(a)=0.5020 rsu_q=1.348 tx=63 no_tx=129 deadlock=0 svc=0.000GHz idle=0.0%
  1191     6.0s    0.0094   100.0%   100.0%   100.0%       74%/26%/0%    1.653    0.016     0.0%     0.0%   1.4116   0.0076     9.0%
  1192     6.9s    0.0109   100.0%   100.0%   100.0%       70%/28%/1%    1.757    0.024     0.0%     0.0%   1.4352   0.0211    10.6%
  1193     2.5s    0.0188   100.0%   100.0%   100.0%       83%/17%/0%    0.691    0.006     0.0%     0.0%   1.0958   0.0411    14.4%
  1194    12.4s    0.0084   100.0%   100.0%   100.0%       63%/37%/0%    2.575    0.039     0.0%     0.0%   1.4311   0.0188     9.9%
  1195     9.2s    0.0087    90.0%    90.0%    99.5%       78%/21%/1%    1.699    0.016    10.0%     0.0%   1.6108   0.0118     8.5%
  1196    12.9s    0.0087    95.0%    95.0%   100.0%       80%/19%/1%    1.700    0.024     5.0%     0.0%   1.9628   0.0182     9.3%
  1197    18.3s    0.0070    85.0%    85.0%    98.9%       79%/21%/0%    2.739    0.020    15.0%     0.0%   1.8302   0.0132     8.9%
  1198     7.1s    0.0086    90.0%    90.0%   100.0%       82%/18%/0%    1.745    0.008    10.0%     0.0%   1.5100   0.0062     9.8%
  1199     6.5s    0.0089    95.0%    95.0%   100.0%       81%/19%/0%    1.692    0.012     5.0%     0.0%   1.4563   0.0141     7.6%
  1200    12.5s    0.0070    75.0%    75.0%    96.6%       74%/26%/0%    2.547    0.025    25.0%     0.0%   1.3766   0.0222     9.4%
  [MA20] reward=0.0097 task_sr=94.0% miss=6.0% time_limit=0.0% v2v=0.4%
  [RWRD] r_prog=0.0500 r_term=0.0201 r_illegal=0.0000
  [PPO ] p_loss=0.0016 v_loss=0.3344 entropy=1.3766 grad=2.4697 active=100.0%
  [SIM ] avg_power(a)=0.5145 rsu_q=1.636 tx=68 no_tx=194 deadlock=0 svc=0.000GHz idle=0.0%
  [Checkpoint] saved: ep1200.pth

    Ep    Wall    R/step     T_SR     V_SR     S_SR            L/R/V   Lat(s)       En     Miss      Ill      Ent       KL     Clip
--------------------------------------------------------------------------------------------------------------------------------
  1201    13.0s    0.0082   100.0%   100.0%   100.0%       77%/22%/0%    2.433    0.020     0.0%     0.0%   1.3853   0.0229     8.0%
  1202    12.2s    0.0068    95.0%    95.0%    99.2%       73%/27%/0%    2.513    0.021     5.0%     0.0%   1.5552   0.0128     7.1%
  1203    10.5s    0.0096   100.0%   100.0%   100.0%       83%/16%/1%    1.467    0.010     0.0%     0.0%   1.8475   0.0093     6.8%
  1204     6.2s    0.0099   100.0%   100.0%   100.0%       78%/22%/0%    1.521    0.010     0.0%     0.0%   1.5915   0.0002     6.9%
  1205     2.6s    0.0213   100.0%   100.0%   100.0%       89%/11%/0%    0.662    0.008     0.0%     0.0%   1.0405   0.0199     9.6%
  1206     6.5s    0.0103   100.0%   100.0%   100.0%       77%/23%/0%    1.664    0.010     0.0%     0.0%   1.5488   0.0200     7.0%
  1207     6.4s    0.0105   100.0%   100.0%   100.0%       79%/21%/0%    1.556    0.017     0.0%     0.0%   1.2463   0.0170     6.2%
  1208    12.5s    0.0081   100.0%   100.0%   100.0%       73%/27%/0%    2.554    0.026     0.0%     0.0%   1.3386   0.0170     5.4%
  1209     2.1s    0.0193   100.0%   100.0%   100.0%        93%/7%/0%    0.628    0.003     0.0%     0.0%   1.0161   0.0167     3.7%
  1210     5.9s    0.0103   100.0%   100.0%   100.0%       79%/20%/1%    1.590    0.013     0.0%     0.0%   1.3397   0.0165     5.2%
  [MA20] reward=0.0105 task_sr=96.2% miss=3.8% time_limit=0.0% v2v=0.2%
  [RWRD] r_prog=0.0442 r_term=0.0590 r_illegal=0.0000
  [PPO ] p_loss=0.0370 v_loss=0.0759 entropy=1.3397 grad=2.5693 active=100.0%
  [SIM ] avg_power(a)=0.5059 rsu_q=0.913 tx=40 no_tx=153 deadlock=0 svc=0.000GHz idle=0.0%
  1211     7.4s    0.0078    85.0%    85.0%    99.0%       83%/17%/0%    1.749    0.008    15.0%     0.0%   1.4305   0.0170     5.2%
  1212     2.7s    0.0212   100.0%   100.0%   100.0%        96%/4%/0%    0.659     !ERR     0.0%     0.0%   0.9078   0.0442     4.6%
  1213     7.4s    0.0097    95.0%    95.0%    99.5%       82%/18%/0%    1.705    0.010     5.0%     0.0%   1.3875   0.0109     4.7%
  1214     2.1s    0.0192   100.0%   100.0%   100.0%        96%/4%/0%    0.681     !ERR     0.0%     0.0%   0.9975   0.0010     3.3%
  1215    12.6s    0.0071    95.0%    95.0%    99.6%       77%/21%/1%    2.653    0.022     5.0%     0.0%   1.4269   0.0113     4.8%
  1216     2.4s    0.0194   100.0%   100.0%   100.0%        95%/4%/1%    0.657    0.003     0.0%     0.0%   1.0990   0.0097     4.9%
  1217     3.6s    0.0235   100.0%   100.0%   100.0%        99%/1%/0%    0.651     !ERR     0.0%     0.0%   0.8595   0.0123     2.5%
  1218     7.4s    0.0103   100.0%   100.0%   100.0%       74%/24%/2%    1.797    0.022     0.0%     0.0%   1.5069   0.0380     9.2%
  1219     9.3s    0.0050    70.0%    70.0%    84.4%      69%/20%/11%    1.721    0.168    30.0%     0.0%   1.7723   0.0390    10.0%
  1220     4.7s    0.0081    90.0%    90.0%    97.7%       74%/19%/7%    0.771    0.070    10.0%     0.0%   1.9609   0.0174    10.5%
  [MA20] reward=0.0123 task_sr=96.5% miss=3.5% time_limit=0.0% v2v=1.2%
  [RWRD] r_prog=0.0134 r_term=0.0678 r_illegal=0.0000
  [PPO ] p_loss=0.0059 v_loss=0.2468 entropy=1.9609 grad=1.9448 active=100.0%
  [SIM ] avg_power(a)=0.5034 rsu_q=0.500 tx=33 no_tx=95 deadlock=0 svc=0.000GHz idle=0.0%

    Ep    Wall    R/step     T_SR     V_SR     S_SR            L/R/V   Lat(s)       En     Miss      Ill      Ent       KL     Clip
--------------------------------------------------------------------------------------------------------------------------------
  1221    11.4s    0.0079   100.0%   100.0%   100.0%       55%/39%/6%    2.511    0.086     0.0%     0.0%   1.4904   0.0283     8.9%
  1222     2.5s    0.0192   100.0%   100.0%   100.0%       86%/11%/3%    0.690    0.026     0.0%     0.0%   1.3467   0.0231    15.0%
  1223     8.6s    0.0098   100.0%   100.0%   100.0%       68%/27%/5%    1.844    0.051     0.0%     0.0%   1.5695   0.0139     8.4%
  1224     5.0s    0.0050    80.0%    80.0%    94.0%      63%/20%/17%    0.975    0.141    20.0%     0.0%   2.0322   0.0101    12.9%
  1225    14.3s    0.0046    70.0%    70.0%    87.6%      59%/30%/10%    2.466    0.202    30.0%     0.0%   1.6247   0.0339    10.0%
  1226     8.2s    0.0070    75.0%    75.0%    92.3%      61%/28%/10%    1.750    0.119    25.0%     0.0%   1.6633   0.0456    13.5%
  1227    17.7s    0.0046    70.0%    70.0%    90.3%       53%/40%/7%    2.573    0.193    30.0%     0.0%   1.6495   0.0298    11.8%
  1228     9.4s    0.0066    85.0%    85.0%    93.7%      57%/32%/11%    1.986    0.165    15.0%     0.0%   1.5968   0.0287    14.3%
  1229     8.3s    0.0087    95.0%    95.0%    99.5%       67%/26%/7%    1.715    0.043     5.0%     0.0%   1.6538   0.0228    12.5%
  1230     5.4s    0.0065    85.0%    85.0%    94.1%       83%/7%/10%    0.696    0.140    15.0%     0.0%   2.0354   0.0161    10.9%
  [MA20] reward=0.0106 task_sr=89.8% miss=10.2% time_limit=0.0% v2v=5.4%
  [RWRD] r_prog=0.0093 r_term=0.0552 r_illegal=0.0000
  [PPO ] p_loss=0.0182 v_loss=0.3622 entropy=2.0354 grad=6.4964 active=100.0%
  [SIM ] avg_power(a)=0.4985 rsu_q=0.478 tx=21 no_tx=109 deadlock=0 svc=0.000GHz idle=0.0%
  1231     6.9s    0.0086   100.0%   100.0%   100.0%       73%/23%/4%    1.777    0.034     0.0%     0.0%   1.4762   0.0219     9.4%
  1232     3.3s    0.0133   100.0%   100.0%   100.0%       80%/11%/8%    0.749    0.074     0.0%     0.0%   1.5751   0.0371     9.8%
  1233     7.3s    0.0080    95.0%    95.0%    99.5%       82%/16%/2%    1.604    0.013     5.0%     0.0%   1.5665   0.0128     9.6%
  1234     3.9s    0.0074    90.0%    90.0%    90.8%       85%/11%/3%    0.659    0.101    10.0%     0.0%   1.7828   0.0187    11.2%
  1235    11.1s    0.0086    90.0%    90.0%    96.8%       75%/23%/3%    1.627    0.025    10.0%     0.0%   1.9622   0.0159     9.6%
  1236     2.7s    0.0212   100.0%   100.0%   100.0%        90%/8%/2%    0.683    0.018     0.0%     0.0%   1.1041   0.0312     8.9%
  1237     2.2s    0.0213   100.0%   100.0%   100.0%        95%/5%/0%    0.624    0.007     0.0%     0.0%   1.1388   0.0188     4.7%
  1238    13.5s    0.0069    80.0%    80.0%    98.0%       68%/30%/2%    2.669    0.073    20.0%     0.0%   1.6179   0.0282    10.7%
  1239     6.7s    0.0107   100.0%   100.0%   100.0%       82%/18%/0%    1.599    0.016     0.0%     0.0%   1.4187   0.0373    14.0%
  1240     8.8s    0.0075    90.0%    90.0%    99.0%       85%/13%/2%    1.525    0.009    10.0%     0.0%   1.7110   0.0242     8.4%
  [MA20] reward=0.0097 task_sr=90.2% miss=9.8% time_limit=0.0% v2v=5.6%
  [RWRD] r_prog=0.0313 r_term=0.0434 r_illegal=0.0000
  [PPO ] p_loss=0.0082 v_loss=0.1626 entropy=1.7110 grad=3.7768 active=100.0%
  [SIM ] avg_power(a)=0.5200 rsu_q=0.481 tx=28 no_tx=169 deadlock=0 svc=0.000GHz idle=0.0%

    Ep    Wall    R/step     T_SR     V_SR     S_SR            L/R/V   Lat(s)       En     Miss      Ill      Ent       KL     Clip
--------------------------------------------------------------------------------------------------------------------------------
  1241    10.6s    0.0085   100.0%   100.0%   100.0%       75%/24%/1%    2.314    0.032     0.0%     0.0%   1.3400   0.0133     8.4%
  1242     2.7s    0.0213   100.0%   100.0%   100.0%        95%/4%/1%    0.668    0.003     0.0%     0.0%   1.0493   0.0189     4.3%
  1243     6.9s    0.0074    95.0%    95.0%    98.9%       73%/27%/1%    1.622    0.021     5.0%     0.0%   1.6330   0.0381     9.0%
  1244     4.9s    0.0122   100.0%   100.0%   100.0%        85%/8%/8%    0.804    0.108     0.0%     0.0%   2.0274   0.0116    11.4%
  1245     7.2s    0.0053    75.0%    75.0%    89.0%       77%/16%/7%    0.736    0.140    25.0%     0.0%   2.2374   0.0216    12.3%
  1246     2.5s    0.0192   100.0%   100.0%   100.0%        89%/6%/4%    0.688    0.020     0.0%     0.0%   1.1629   0.0374     9.7%
  1247     9.5s    0.0073    90.0%    90.0%    97.0%       72%/26%/2%    1.814    0.028    10.0%     0.0%   1.6982   0.0269    11.1%
  1248    12.6s    0.0076    95.0%    95.0%    98.5%       72%/28%/0%    2.510    0.023     5.0%     0.0%   1.4983   0.0158     9.3%
  1249     6.7s    0.0099   100.0%   100.0%   100.0%       82%/18%/0%    1.656    0.010     0.0%     0.0%   1.3773   0.0172     9.8%
  1250     2.0s    0.0238   100.0%   100.0%   100.0%        94%/4%/2%    0.614    0.005     0.0%     0.0%   0.8867   0.0208     7.0%
  [MA20] reward=0.0118 task_sr=95.0% miss=5.0% time_limit=0.0% v2v=2.6%
  [RWRD] r_prog=0.0253 r_term=0.2122 r_illegal=0.0000
  [PPO ] p_loss=-0.0036 v_loss=0.0592 entropy=0.8867 grad=7.6332 active=100.0%
  [SIM ] avg_power(a)=0.5074 rsu_q=0.000 tx=7 no_tx=117 deadlock=0 svc=0.000GHz idle=0.0%
  1251     6.8s    0.0098    95.0%    95.0%    98.5%       87%/13%/0%    1.639    0.007     5.0%     0.0%   1.3709   0.0166     6.7%
  1252     2.1s    0.0211   100.0%   100.0%   100.0%        98%/2%/0%    0.652    0.003     0.0%     0.0%   1.0487   0.0113     5.3%
  1253    17.7s    0.0080   100.0%   100.0%   100.0%       73%/27%/0%    2.349    0.026     0.0%     0.0%   1.8145   0.0308    12.0%
  1254     6.8s    0.0096    95.0%    95.0%    99.5%       75%/25%/1%    1.660    0.016     5.0%     0.0%   1.5001   0.0181    10.6%
  1255    21.1s    0.0066    85.0%    85.0%    98.4%       66%/34%/0%    2.661    0.054    15.0%     0.0%   1.8505   0.0077    12.0%
  1256     2.5s    0.0213   100.0%   100.0%   100.0%        93%/6%/1%    0.660    0.007     0.0%     0.0%   1.0305   0.0182     7.3%
  1257     6.8s    0.0080    90.0%    90.0%    99.5%       78%/22%/0%    1.580    0.013    10.0%     0.0%   1.5179   0.0160    11.3%
  1258    10.6s    0.0079    95.0%    95.0%    99.5%       79%/20%/0%    1.618    0.029     5.0%     0.0%   1.7226   0.0165    11.2%
  1259     8.2s    0.0086    95.0%    95.0%    99.0%       72%/28%/0%    1.723    0.020     5.0%     0.0%   1.5795   0.0347    13.1%
  1260     7.0s    0.0104   100.0%   100.0%   100.0%       75%/24%/0%    1.609    0.020     0.0%     0.0%   1.4814   0.0243     9.8%
  [MA20] reward=0.0117 task_sr=95.5% miss=4.5% time_limit=0.0% v2v=1.4%
  [RWRD] r_prog=0.0421 r_term=0.0622 r_illegal=0.0000
  [PPO ] p_loss=0.0282 v_loss=0.0997 entropy=1.4814 grad=1.2843 active=100.0%
  [SIM ] avg_power(a)=0.5112 rsu_q=0.955 tx=51 no_tx=156 deadlock=0 svc=0.000GHz idle=0.0%

    Ep    Wall    R/step     T_SR     V_SR     S_SR            L/R/V   Lat(s)       En     Miss      Ill      Ent       KL     Clip
--------------------------------------------------------------------------------------------------------------------------------
  1261    15.3s    0.0079   100.0%   100.0%   100.0%       65%/34%/0%    2.719    0.030     0.0%     0.0%   1.5824   0.0183     9.7%
  1262    13.8s    0.0068    90.0%    90.0%    97.7%       69%/31%/0%    2.533    0.053    10.0%     0.0%   1.5164   0.0282    10.7%
  1263    11.7s    0.0072   100.0%   100.0%   100.0%       71%/28%/1%    2.607    0.037     0.0%     0.0%   1.4167   0.0193     8.7%
  1264     7.2s    0.0084    90.0%    90.0%   100.0%       86%/14%/0%    1.657    0.010    10.0%     0.0%   1.4569   0.0122     8.9%
  1265     7.7s    0.0086    95.0%    95.0%   100.0%       78%/21%/1%    1.731    0.013     5.0%     0.0%   1.5350   0.0154     8.4%
  1266    13.5s    0.0083   100.0%   100.0%   100.0%       78%/22%/0%    2.732    0.016     0.0%     0.0%   1.3834   0.0324     7.7%
  1267     2.2s    0.0193   100.0%   100.0%   100.0%       90%/10%/0%    0.651    0.013     0.0%     0.0%   1.2440  -0.0003     7.4%
  1268     8.2s    0.0099    95.0%    95.0%    99.5%       82%/18%/0%    2.004    0.022     5.0%     0.0%   1.5393   0.0132     6.4%
  1269    12.7s    0.0063    75.0%    75.0%    96.1%       87%/13%/0%    2.455    0.011    25.0%     0.0%   1.4603   0.0116     6.1%
  1270     2.1s    0.0214   100.0%   100.0%   100.0%        93%/6%/1%    0.673    0.012     0.0%     0.0%   0.9674   0.0059     4.9%
  [MA20] reward=0.0108 task_sr=95.0% miss=5.0% time_limit=0.0% v2v=0.3%
  [RWRD] r_prog=0.0293 r_term=0.1851 r_illegal=0.0000
  [PPO ] p_loss=0.0081 v_loss=0.1141 entropy=0.9674 grad=3.7155 active=100.0%
  [SIM ] avg_power(a)=0.5120 rsu_q=0.000 tx=8 no_tx=124 deadlock=0 svc=0.000GHz idle=0.0%
  1271    12.0s    0.0094    95.0%    95.0%    99.5%       86%/14%/1%    1.647    0.022     5.0%     0.0%   1.8004   0.0360    10.5%
  1272    13.2s    0.0077    85.0%    85.0%    96.6%       81%/19%/0%    2.644    0.025    15.0%     0.0%   1.4688   0.0136     8.6%
  1273     7.8s    0.0102   100.0%   100.0%   100.0%       70%/29%/1%    1.699    0.033     0.0%     0.0%   1.6717   0.0074    11.5%
  1274     2.4s    0.0193   100.0%   100.0%   100.0%       82%/18%/0%    0.714    0.036     0.0%     0.0%   1.2863   0.0149     8.6%
  1275     2.3s    0.0191   100.0%   100.0%   100.0%       85%/15%/0%    0.705    0.029     0.0%     0.0%   1.2036   0.0123     7.6%
  1276     2.6s    0.0237   100.0%   100.0%   100.0%       87%/13%/0%    0.679    0.011     0.0%     0.0%   0.9204   0.0222     8.9%
  1277     2.6s    0.0192   100.0%   100.0%   100.0%       90%/10%/0%    0.748    0.031     0.0%     0.0%   1.0815   0.0093     7.3%
  1278     7.3s    0.0102    90.0%    90.0%    98.6%       89%/11%/0%    1.804    0.012    10.0%     0.0%   1.3654   0.0155     7.7%
  1279    13.4s    0.0078    80.0%    80.0%    96.1%       84%/16%/0%    2.670    0.021    20.0%     0.0%   1.5937   0.0109     8.7%
  1280     2.1s    0.0192   100.0%   100.0%   100.0%        96%/4%/0%    0.676    0.003     0.0%     0.0%   1.0837   0.0202     4.3%
  [MA20] reward=0.0125 task_sr=94.8% miss=5.2% time_limit=0.0% v2v=0.3%
  [RWRD] r_prog=0.0251 r_term=0.1672 r_illegal=0.0000
  [PPO ] p_loss=0.0022 v_loss=0.1254 entropy=1.0837 grad=5.4677 active=100.0%
  [SIM ] avg_power(a)=0.4912 rsu_q=0.500 tx=5 no_tx=124 deadlock=0 svc=0.000GHz idle=0.0%

    Ep    Wall    R/step     T_SR     V_SR     S_SR            L/R/V   Lat(s)       En     Miss      Ill      Ent       KL     Clip
--------------------------------------------------------------------------------------------------------------------------------
  1281     3.4s    0.0215   100.0%   100.0%   100.0%        95%/4%/1%    0.650    0.018     0.0%     0.0%   1.2412   0.0187     5.6%
  1282     2.1s    0.0192   100.0%   100.0%   100.0%       89%/11%/0%    0.657    0.017     0.0%     0.0%   1.1516   0.0070     4.4%
  1283    14.2s    0.0067    80.0%    80.0%    96.3%       89%/10%/0%    2.761    0.010    20.0%     0.0%   1.5938   0.0084     6.4%
  1284    14.3s    0.0062    75.0%    75.0%    96.6%       86%/14%/0%    2.720    0.010    25.0%     0.0%   1.5178   0.0410     7.4%
  1285    12.3s    0.0074    85.0%    85.0%    96.6%       86%/14%/0%    2.657    0.016    15.0%     0.0%   1.4096   0.0097     6.4%
  1286     9.6s    0.0088    95.0%    95.0%   100.0%        95%/5%/0%    1.686    0.004     5.0%     0.0%   1.6543   0.0032     6.6%
  1287     7.2s    0.0103   100.0%   100.0%   100.0%        93%/7%/0%    1.731    0.004     0.0%     0.0%   1.4353   0.0090     6.1%
  1288    14.1s    0.0068    80.0%    80.0%    98.5%       84%/16%/0%    2.752    0.013    20.0%     0.0%   1.5576   0.0222     8.2%
  1289     2.3s    0.0189   100.0%   100.0%   100.0%        95%/5%/0%    0.699    0.003     0.0%     0.0%   0.9846   0.0156     5.6%
  1290     2.2s    0.0211   100.0%   100.0%   100.0%        96%/4%/0%    0.642    0.003     0.0%     0.0%   0.9780   0.0111     5.2%
  [MA20] reward=0.0136 task_sr=93.2% miss=6.7% time_limit=0.0% v2v=0.2%
  [RWRD] r_prog=0.0244 r_term=0.1863 r_illegal=0.0000
  [PPO ] p_loss=-0.0021 v_loss=0.1153 entropy=0.9780 grad=5.4809 active=100.0%
  [SIM ] avg_power(a)=0.4693 rsu_q=0.444 tx=5 no_tx=122 deadlock=0 svc=0.000GHz idle=0.0%
  1291     6.6s    0.0085    95.0%    95.0%   100.0%       90%/10%/0%    1.603    0.007     5.0%     0.0%   1.4908   0.0171     9.3%
  1292     8.8s    0.0090    95.0%    95.0%   100.0%       89%/11%/0%    1.840    0.003     5.0%     0.0%   1.5899   0.0272     8.5%
  1293    16.2s    0.0070    90.0%    90.0%    98.5%       77%/23%/0%    2.639    0.028    10.0%     0.0%   1.5505   0.0159     8.6%
  1294     2.5s    0.0173   100.0%   100.0%   100.0%        98%/2%/0%    0.662     !ERR     0.0%     0.0%   1.0656   0.0068     4.7%
  1295     6.1s    0.0097   100.0%   100.0%   100.0%       88%/12%/0%    1.527    0.007     0.0%     0.0%   1.3935   0.0395     9.8%
  1296     6.8s    0.0095    95.0%    95.0%    99.5%       88%/12%/0%    1.743    0.006     5.0%     0.0%   1.3343   0.0161     8.8%
  1297     7.2s    0.0097   100.0%   100.0%   100.0%       88%/11%/1%    1.691    0.004     0.0%     0.0%   1.3785   0.0195     8.0%
  1298     5.7s    0.0095   100.0%   100.0%   100.0%        91%/9%/0%    1.498    0.004     0.0%     0.0%   1.3138   0.0240     6.6%
  1299    20.4s    0.0088   100.0%   100.0%   100.0%       83%/17%/0%    2.803    0.018     0.0%     0.0%   1.7830   0.0085     8.4%
  1300     6.5s    0.0098    95.0%    95.0%   100.0%       87%/12%/1%    1.596    0.008     5.0%     0.0%   1.5076   0.0234     9.1%
  [MA20] reward=0.0113 task_sr=94.2% miss=5.8% time_limit=0.0% v2v=0.2%
  [RWRD] r_prog=0.0429 r_term=0.0547 r_illegal=0.0000
  [PPO ] p_loss=0.0288 v_loss=0.1276 entropy=1.5076 grad=3.0264 active=100.0%
  [SIM ] avg_power(a)=0.4928 rsu_q=0.217 tx=25 no_tx=169 deadlock=0 svc=0.000GHz idle=0.0%
  [Checkpoint] saved: ep1300.pth

    Ep    Wall    R/step     T_SR     V_SR     S_SR            L/R/V   Lat(s)       En     Miss      Ill      Ent       KL     Clip
--------------------------------------------------------------------------------------------------------------------------------
  1301     7.1s    0.0095    95.0%    95.0%    99.0%       84%/16%/0%    1.734    0.013     5.0%     0.0%   1.3438   0.0307     7.8%
  1302     6.5s    0.0096    95.0%    95.0%    99.5%       83%/17%/0%    1.557    0.008     5.0%     0.0%   1.4819   0.0249     7.7%
  1303     7.1s    0.0104    95.0%    95.0%   100.0%       79%/21%/0%    1.664    0.019     5.0%     0.0%   1.3989   0.0185     8.9%
  1304     2.9s    0.0189   100.0%   100.0%   100.0%        97%/3%/0%    0.683    0.004     0.0%     0.0%   1.1285   0.0147     4.8%
  1305    12.9s    0.0065    80.0%    80.0%    98.4%       72%/28%/0%    2.539    0.024    20.0%     0.0%   1.5332   0.0227     8.0%
  1306     7.2s    0.0084    95.0%    95.0%    99.5%       73%/26%/1%    1.672    0.021     5.0%     0.0%   1.6449   0.0190     9.4%
  1307     6.5s    0.0093   100.0%   100.0%   100.0%       72%/27%/1%    1.837    0.030     0.0%     0.0%   1.4026   0.0172     8.0%
  1308     2.1s    0.0190   100.0%   100.0%   100.0%        92%/8%/0%    0.667    0.007     0.0%     0.0%   1.1395   0.0033     7.2%
  1309     2.0s    0.0240   100.0%   100.0%   100.0%       88%/12%/0%    0.634    0.014     0.0%     0.0%   0.8645   0.0077     9.0%
  1310     2.4s    0.0190   100.0%   100.0%   100.0%        92%/8%/0%    0.697    0.015     0.0%     0.0%   1.0818   0.0169     7.7%
  [MA20] reward=0.0117 task_sr=96.5% miss=3.5% time_limit=0.0% v2v=0.2%
  [RWRD] r_prog=0.0238 r_term=0.1665 r_illegal=0.0000
  [PPO ] p_loss=0.0032 v_loss=0.0954 entropy=1.0818 grad=0.9110 active=100.0%
  [SIM ] avg_power(a)=0.4939 rsu_q=1.300 tx=11 no_tx=123 deadlock=0 svc=0.000GHz idle=0.0%
  1311     2.1s    0.0193   100.0%   100.0%   100.0%        92%/6%/2%    0.643    0.013     0.0%     0.0%   1.2933   0.0165     9.3%
  1312     3.6s    0.0087    95.0%    95.0%    97.8%        86%/8%/6%    0.733    0.031     5.0%     0.0%   1.6884   0.0310    12.3%
  1313     7.0s    0.0087    95.0%    95.0%    99.5%       79%/20%/2%    1.651    0.017     5.0%     0.0%   1.5682   0.0362    11.5%
  1314     6.4s    0.0095    95.0%    95.0%    98.5%       79%/21%/0%    1.676    0.014     5.0%     0.0%   1.3350   0.0161     8.9%
  1315     2.0s    0.0216   100.0%   100.0%   100.0%        92%/8%/0%    0.618    0.009     0.0%     0.0%   1.0760   0.0063     8.7%
  1316     2.5s    0.0212   100.0%   100.0%   100.0%        96%/4%/0%    0.652    0.001     0.0%     0.0%   0.9769   0.0207     4.6%
  1317    12.7s    0.0076   100.0%   100.0%   100.0%       75%/25%/0%    2.604    0.023     0.0%     0.0%   1.5898   0.0265     8.5%
  1318     6.5s    0.0101   100.0%   100.0%   100.0%       81%/19%/0%    1.702    0.012     0.0%     0.0%   1.4126   0.0154     7.4%
  1319     3.0s    0.0191   100.0%   100.0%   100.0%        94%/4%/2%    0.682    0.009     0.0%     0.0%   1.1409   0.0307     5.7%
  1320    13.2s    0.0070    95.0%    95.0%    98.9%       73%/27%/0%    2.797    0.022     5.0%     0.0%   1.5294   0.0085     8.2%
  [MA20] reward=0.0134 task_sr=97.0% miss=3.0% time_limit=0.0% v2v=0.7%
  [RWRD] r_prog=0.0409 r_term=0.0287 r_illegal=0.0000
  [PPO ] p_loss=0.0014 v_loss=0.1455 entropy=1.5294 grad=1.3551 active=100.0%
  [SIM ] avg_power(a)=0.5017 rsu_q=1.216 tx=71 no_tx=188 deadlock=0 svc=0.000GHz idle=0.0%

    Ep    Wall    R/step     T_SR     V_SR     S_SR            L/R/V   Lat(s)       En     Miss      Ill      Ent       KL     Clip
--------------------------------------------------------------------------------------------------------------------------------
  1321    11.0s    0.0099   100.0%   100.0%   100.0%       82%/17%/1%    1.666    0.013     0.0%     0.0%   1.7797   0.0229     7.4%
  1322     7.1s    0.0100   100.0%   100.0%   100.0%       83%/17%/1%    1.581    0.013     0.0%     0.0%   1.5478   0.0153     8.0%
  1323     2.4s    0.0190   100.0%   100.0%   100.0%        95%/4%/1%    0.747    0.011     0.0%     0.0%   0.9719   0.0138     5.4%
  1324     2.4s    0.0191   100.0%   100.0%   100.0%        92%/8%/0%    0.689    0.010     0.0%     0.0%   1.1280   0.0205     6.2%
  1325    12.7s    0.0058    80.0%    80.0%    98.4%       70%/30%/0%    2.667    0.032    20.0%     0.0%   1.3486   0.0201     7.3%
  1326    13.4s    0.0069    85.0%    85.0%    98.4%       70%/29%/1%    2.722    0.048    15.0%     0.0%   1.3733   0.0259     5.9%
  1327     7.1s    0.0081    95.0%    95.0%    99.0%       83%/17%/0%    1.664    0.013     5.0%     0.0%   1.4364   0.0117     5.9%
  1328     2.5s    0.0192   100.0%   100.0%   100.0%        93%/7%/1%    0.720    0.009     0.0%     0.0%   1.0550   0.0132     5.3%
  1329     7.7s    0.0098    95.0%    95.0%    99.5%       79%/21%/0%    1.824    0.020     5.0%     0.0%   1.3303   0.0123     7.3%
  1330     2.2s    0.0210   100.0%   100.0%   100.0%        95%/5%/0%    0.659    0.005     0.0%     0.0%   0.9518   0.0115     3.7%
  [MA20] reward=0.0131 task_sr=96.7% miss=3.3% time_limit=0.0% v2v=0.8%
  [RWRD] r_prog=0.0228 r_term=0.1867 r_illegal=0.0000
  [PPO ] p_loss=-0.0030 v_loss=0.0522 entropy=0.9518 grad=4.1224 active=100.0%
  [SIM ] avg_power(a)=0.5017 rsu_q=1.333 tx=6 no_tx=127 deadlock=0 svc=0.000GHz idle=0.0%
  1331    12.3s    0.0086    90.0%    90.0%    99.5%       78%/21%/2%    1.779    0.062    10.0%     0.0%   1.9396   0.0044     9.3%
  1332     3.4s    0.0178   100.0%   100.0%   100.0%       84%/15%/1%    0.763    0.068     0.0%     0.0%   1.4080   0.0202     9.2%
  1333    13.6s    0.0088    95.0%    95.0%    99.5%       83%/16%/1%    1.747    0.025     5.0%     0.0%   1.9355   0.0255     9.1%
  1334     9.4s    0.0081    90.0%    90.0%    99.0%       75%/23%/2%    1.656    0.032    10.0%     0.0%   1.6901   0.0180     7.7%
  1335     7.1s    0.0102   100.0%   100.0%   100.0%       78%/22%/0%    1.666    0.029     0.0%     0.0%   1.4807   0.0133     6.7%
  1336    13.3s    0.0068    90.0%    90.0%    97.8%       71%/28%/1%    2.595    0.044    10.0%     0.0%   1.4701   0.0132     4.8%
  1337     2.5s    0.0211   100.0%   100.0%   100.0%       88%/11%/1%    0.656    0.020     0.0%     0.0%   1.0952   0.0037     6.3%
  1338    11.5s    0.0069    75.0%    75.0%    95.4%       83%/16%/1%    1.694    0.020    25.0%     0.0%   1.7145  -0.0013     6.6%
  1339     7.1s    0.0087   100.0%   100.0%   100.0%       74%/26%/0%    1.749    0.043     0.0%     0.0%   1.6272   0.0105     8.7%
  1340    21.4s    0.0066    90.0%    90.0%    98.9%       68%/32%/0%    2.940    0.084    10.0%     0.0%   1.6090   0.0044     7.0%
  [MA20] reward=0.0116 task_sr=94.2% miss=5.8% time_limit=0.0% v2v=0.6%
  [RWRD] r_prog=0.0420 r_term=0.0244 r_illegal=0.0000
  [PPO ] p_loss=-0.0082 v_loss=0.2261 entropy=1.6090 grad=2.3085 active=100.0%
  [SIM ] avg_power(a)=0.4938 rsu_q=2.526 tx=84 no_tx=179 deadlock=0 svc=0.000GHz idle=0.0%

    Ep    Wall    R/step     T_SR     V_SR     S_SR            L/R/V   Lat(s)       En     Miss      Ill      Ent       KL     Clip
--------------------------------------------------------------------------------------------------------------------------------
  1341     3.9s    0.0175   100.0%   100.0%   100.0%       88%/11%/1%    0.747    0.050     0.0%     0.0%   1.3264   0.0041     7.2%
  1342    12.5s    0.0072    90.0%    90.0%    98.8%       77%/23%/0%    2.648    0.049    10.0%     0.0%   1.4859   0.0138     5.1%
  1343     4.7s    0.0163   100.0%   100.0%   100.0%        90%/9%/1%    0.782    0.035     0.0%     0.0%   1.5868   0.0012     6.3%
  1344     6.9s    0.0087    90.0%    90.0%    99.0%       75%/24%/1%    1.678    0.026    10.0%     0.0%   1.5381   0.0200     7.0%
  1345     7.3s    0.0096   100.0%   100.0%   100.0%       69%/30%/1%    1.814    0.036     0.0%     0.0%   1.5934   0.0117     7.1%
  1346     7.8s    0.0094   100.0%   100.0%   100.0%       75%/22%/2%    1.688    0.031     0.0%     0.0%   1.6383   0.0302     8.3%
  1347     8.5s    0.0083    85.0%    85.0%    96.6%       82%/15%/3%    1.847    0.036    15.0%     0.0%   1.4431   0.0334     8.1%
  1348     7.6s    0.0086    95.0%    95.0%   100.0%       49%/50%/1%    1.637    0.048     5.0%     0.0%   1.6469   0.0186     8.7%
  1349     2.9s    0.0193   100.0%   100.0%   100.0%       85%/14%/1%    0.727    0.037     0.0%     0.0%   1.1438   0.0061     8.9%
  1350     7.4s    0.0081    90.0%    90.0%    98.0%       69%/29%/2%    1.749    0.038    10.0%     0.0%   1.4433   0.0271     7.6%
  [MA20] reward=0.0108 task_sr=94.0% miss=6.0% time_limit=0.0% v2v=1.0%
  [RWRD] r_prog=0.0394 r_term=0.0415 r_illegal=0.0000
  [PPO ] p_loss=-0.0077 v_loss=0.2623 entropy=1.4433 grad=3.1053 active=100.0%
  [SIM ] avg_power(a)=0.4779 rsu_q=1.423 tx=61 no_tx=138 deadlock=0 svc=0.000GHz idle=0.0%
  1351     8.4s    0.0071    85.0%    85.0%    98.5%       65%/35%/0%    1.644    0.031    15.0%     0.0%   1.6657   0.0280     7.4%
  1352     7.6s    0.0091    95.0%    95.0%    99.5%       66%/33%/1%    1.786    0.038     5.0%     0.0%   1.4644   0.0150     8.2%
  1353     4.2s    0.0085    95.0%    95.0%    97.8%       79%/20%/2%    0.787    0.022     5.0%     0.0%   1.7647   0.0174     8.9%
  1354    13.7s    0.0076    95.0%    95.0%   100.0%       59%/41%/0%    2.632    0.033     5.0%     0.0%   1.5420   0.0232     7.6%
  1355     6.8s    0.0083    95.0%    95.0%   100.0%       69%/30%/0%    1.621    0.026     5.0%     0.0%   1.4918   0.0161     8.7%
  1356     9.4s    0.0095   100.0%   100.0%   100.0%       73%/26%/1%    1.733    0.041     0.0%     0.0%   1.6925   0.0315     6.8%
  1357     6.9s    0.0107   100.0%   100.0%   100.0%       71%/27%/2%    1.641    0.046     0.0%     0.0%   1.4798   0.0157     7.5%
  1358     2.4s    0.0194   100.0%   100.0%   100.0%        90%/8%/2%    0.704    0.023     0.0%     0.0%   1.1765   0.0073     6.9%
  1359     2.5s    0.0177   100.0%   100.0%   100.0%       85%/15%/0%    0.729    0.044     0.0%     0.0%   1.2984   0.0080     8.1%
  1360    14.4s    0.0073   100.0%   100.0%   100.0%       51%/46%/2%    2.426    0.044     0.0%     0.0%   1.7084   0.0415    10.5%
  [MA20] reward=0.0109 task_sr=95.7% miss=4.2% time_limit=0.0% v2v=1.1%
  [RWRD] r_prog=0.0333 r_term=0.0398 r_illegal=0.0000
  [PPO ] p_loss=-0.0014 v_loss=0.1704 entropy=1.7084 grad=3.0988 active=100.0%
  [SIM ] avg_power(a)=0.4803 rsu_q=3.156 tx=130 no_tx=137 deadlock=0 svc=0.000GHz idle=0.0%

    Ep    Wall    R/step     T_SR     V_SR     S_SR            L/R/V   Lat(s)       En     Miss      Ill      Ent       KL     Clip
--------------------------------------------------------------------------------------------------------------------------------
  1361     7.7s    0.0094   100.0%   100.0%   100.0%       71%/25%/4%    1.801    0.032     0.0%     0.0%   1.5361   0.0134     7.7%
  1362     8.0s    0.0069    90.0%    90.0%    97.9%       72%/27%/2%    1.606    0.032    10.0%     0.0%   1.7651   0.0283    10.1%
  1363     6.8s    0.0100   100.0%   100.0%   100.0%       83%/16%/1%    1.653    0.011     0.0%     0.0%   1.5096   0.0403     5.1%
  1364     9.0s    0.0073    80.0%    80.0%    92.3%       70%/26%/4%    1.925    0.131    20.0%     0.0%   1.5769   0.0165     5.7%
  1365     8.7s    0.0075    95.0%    95.0%    99.0%       75%/24%/0%    1.888    0.038     5.0%     0.0%   1.5203   0.0087     5.6%
  1366     7.6s    0.0099    95.0%    95.0%    99.0%       81%/19%/0%    1.802    0.033     5.0%     0.0%   1.4246   0.0114     5.3%
  1367     2.2s    0.0212   100.0%   100.0%   100.0%        92%/7%/1%    0.707    0.024     0.0%     0.0%   0.9059   0.0168     5.1%
  1368     2.4s    0.0176   100.0%   100.0%   100.0%       90%/10%/0%    0.707    0.038     0.0%     0.0%   1.1917   0.0072     6.4%
  1369     8.0s    0.0086    95.0%    95.0%    98.5%       80%/18%/1%    1.699    0.014     5.0%     0.0%   1.6934   0.0050     6.5%
  1370     8.3s    0.0075    80.0%    80.0%    96.9%       77%/22%/1%    1.942    0.042    20.0%     0.0%   1.5580   0.0355     6.6%
  [MA20] reward=0.0106 task_sr=95.0% miss=5.0% time_limit=0.0% v2v=1.3%
  [RWRD] r_prog=0.0454 r_term=0.0296 r_illegal=0.0000
  [PPO ] p_loss=-0.0065 v_loss=0.2540 entropy=1.5580 grad=2.8026 active=100.0%
  [SIM ] avg_power(a)=0.4914 rsu_q=0.667 tx=43 no_tx=144 deadlock=0 svc=0.000GHz idle=0.0%
  1371    27.3s    0.0035    25.0%    25.0%    92.1%       53%/46%/0%    2.903    0.142    75.0%     0.0%   1.9208   0.0303     7.8%
  1372     6.7s    0.0082    95.0%    95.0%    99.5%       75%/25%/0%    1.612    0.025     5.0%     0.0%   1.4467   0.0110     5.6%
  1373     2.3s    0.0194   100.0%   100.0%   100.0%       86%/12%/2%    0.690    0.023     0.0%     0.0%   1.2077   0.0164     7.6%
  1374    16.0s    0.0067    90.0%    90.0%    99.6%       61%/38%/1%    2.855    0.080    10.0%     0.0%   1.5604   0.0173     6.7%
  1375     3.1s    0.0175   100.0%   100.0%   100.0%       74%/23%/3%    0.731    0.045     0.0%     0.0%   1.3272   0.0109     9.0%
  1376    13.4s    0.0075    95.0%    95.0%    99.6%       73%/25%/2%    2.859    0.061     5.0%     0.0%   1.4223   0.0112     6.1%
  1377    15.3s    0.0068    80.0%    80.0%    98.1%       71%/27%/1%    2.780    0.075    20.0%     0.0%   1.4809   0.0166     5.7%
  1378     8.1s    0.0074    85.0%    85.0%    98.5%       78%/19%/3%    1.849    0.071    15.0%     0.0%   1.5606   0.0311     6.6%
  1379    12.7s    0.0074    90.0%    90.0%    98.0%       73%/27%/0%    2.661    0.050    10.0%     0.0%   1.5587   0.0132     5.5%
  1380     7.5s    0.0080    85.0%    85.0%    99.5%       81%/18%/1%    1.841    0.031    15.0%     0.0%   1.5236   0.0330     7.0%
  [MA20] reward=0.0099 task_sr=89.0% miss=11.0% time_limit=0.0% v2v=1.5%
  [RWRD] r_prog=0.0440 r_term=0.0363 r_illegal=0.0000
  [PPO ] p_loss=-0.0005 v_loss=0.2035 entropy=1.5236 grad=2.6080 active=100.0%
  [SIM ] avg_power(a)=0.5103 rsu_q=0.462 tx=39 no_tx=162 deadlock=0 svc=0.000GHz idle=0.0%

    Ep    Wall    R/step     T_SR     V_SR     S_SR            L/R/V   Lat(s)       En     Miss      Ill      Ent       KL     Clip
--------------------------------------------------------------------------------------------------------------------------------
  1381    14.0s    0.0099   100.0%   100.0%   100.0%       79%/20%/1%    1.871    0.050     0.0%     0.0%   1.8627   0.0336     6.2%
  1382     4.0s    0.0164   100.0%   100.0%   100.0%       86%/12%/1%    0.836    0.060     0.0%     0.0%   1.3478   0.0066     6.2%
  1383     6.5s    0.0101   100.0%   100.0%   100.0%       82%/17%/1%    1.790    0.035     0.0%     0.0%   1.4016   0.0095     4.8%
  1384     6.7s    0.0104   100.0%   100.0%   100.0%       80%/18%/2%    1.806    0.024     0.0%     0.0%   1.5410   0.0203     6.1%
  1385    13.7s    0.0074    90.0%    90.0%    99.3%       83%/17%/0%    2.663    0.029    10.0%     0.0%   1.4753   0.0407     5.8%
  1386    13.5s    0.0070    85.0%    85.0%    99.2%       72%/28%/0%    2.904    0.035    15.0%     0.0%   1.5223   0.0265     5.8%
  1387     7.3s    0.0089   100.0%   100.0%   100.0%       82%/17%/1%    1.756    0.024     0.0%     0.0%   1.4380   0.0077     8.3%
  1388     2.5s    0.0174   100.0%   100.0%   100.0%       89%/10%/1%    0.710    0.040     0.0%     0.0%   1.2138   0.0131     5.6%
  1389     7.4s    0.0090   100.0%   100.0%   100.0%       75%/25%/1%    1.696    0.024     0.0%     0.0%   1.5032   0.0246     7.2%
  1390     2.4s    0.0188   100.0%   100.0%   100.0%       84%/10%/7%    0.711    0.070     0.0%     0.0%   1.2399   0.0187     9.9%
  [MA20] reward=0.0104 task_sr=91.0% miss=9.0% time_limit=0.0% v2v=1.5%
  [RWRD] r_prog=0.0244 r_term=0.1639 r_illegal=0.0000
  [PPO ] p_loss=-0.0036 v_loss=0.0996 entropy=1.2399 grad=3.5690 active=100.0%
  [SIM ] avg_power(a)=0.4869 rsu_q=1.700 tx=20 no_tx=103 deadlock=0 svc=0.000GHz idle=0.0%
  1391    16.5s    0.0068    80.0%    80.0%    95.5%       67%/32%/1%    2.795    0.072    20.0%     0.0%   1.5089   0.0268     7.9%
  1392     6.5s    0.0112   100.0%   100.0%   100.0%       74%/24%/2%    1.506    0.038     0.0%     0.0%   1.3726   0.0320     8.8%
  1393     7.4s    0.0090    95.0%    95.0%    99.0%       72%/27%/1%    1.695    0.031     5.0%     0.0%   1.4971   0.0213     9.1%
  1394     2.3s    0.0197   100.0%   100.0%   100.0%       76%/22%/2%    0.715    0.074     0.0%     0.0%   1.2220   0.0272     8.1%
  1395     7.8s    0.0062    75.0%    75.0%    90.1%       69%/29%/2%    1.520    0.122    25.0%     0.0%   1.5352   0.0170     7.7%
  1396     7.3s    0.0088   100.0%   100.0%   100.0%       66%/33%/1%    1.766    0.052     0.0%     0.0%   1.4621   0.0531     7.7%
  1397    11.6s    0.0093    95.0%    95.0%    98.5%       63%/36%/1%    1.966    0.096     5.0%     0.0%   1.6349   0.0043     7.8%
  1398     7.0s    0.0091    95.0%    95.0%    99.5%       68%/32%/0%    1.620    0.057     5.0%     0.0%   1.4694   0.0111     9.3%
  1399     7.0s    0.0098    95.0%    95.0%    96.7%       64%/36%/1%    1.715    0.047     5.0%     0.0%   1.4578   0.0220     6.2%
  1400     7.3s    0.0086    90.0%    90.0%    99.5%       64%/34%/2%    1.737    0.053    10.0%     0.0%   1.4389   0.0177     7.0%
  [MA20] reward=0.0107 task_sr=95.0% miss=5.0% time_limit=0.0% v2v=1.3%
  [RWRD] r_prog=0.0408 r_term=0.0457 r_illegal=0.0000
  [PPO ] p_loss=0.0117 v_loss=0.2259 entropy=1.4389 grad=1.8230 active=100.0%
  [SIM ] avg_power(a)=0.4871 rsu_q=1.167 tx=71 no_tx=129 deadlock=0 svc=0.000GHz idle=0.0%
  [Checkpoint] saved: ep1400.pth

    Ep    Wall    R/step     T_SR     V_SR     S_SR            L/R/V   Lat(s)       En     Miss      Ill      Ent       KL     Clip
--------------------------------------------------------------------------------------------------------------------------------
  1401    15.5s    0.0064    75.0%    75.0%    95.2%       57%/41%/1%    1.962    0.092    25.0%     0.0%   1.8206   0.0288     8.1%
  1402     7.2s    0.0095   100.0%   100.0%   100.0%       65%/34%/1%    1.662    0.056     0.0%     0.0%   1.4076   0.0291     8.7%
  1403    13.4s    0.0089    95.0%    95.0%    99.5%       75%/25%/1%    1.692    0.025     5.0%     0.0%   1.9418   0.0133     5.9%
  1404     6.9s    0.0092   100.0%   100.0%   100.0%       74%/26%/1%    1.804    0.040     0.0%     0.0%   1.4839   0.0202     6.6%
  1405     2.3s    0.0177   100.0%   100.0%   100.0%        90%/9%/2%    0.689    0.026     0.0%     0.0%   1.2519   0.0097     4.6%
  1406     8.8s    0.0087    95.0%    95.0%    99.5%       84%/16%/0%    1.801    0.033     5.0%     0.0%   1.5858   0.0174     4.4%
  1407     2.5s    0.0191   100.0%   100.0%   100.0%       89%/11%/0%    0.693    0.021     0.0%     0.0%   1.0741   0.0108     5.4%
  1408    15.9s    0.0058    75.0%    75.0%    96.5%       76%/24%/0%    2.634    0.036    25.0%     0.0%   1.5911   0.0126     6.6%
  1409    12.8s    0.0078    85.0%    85.0%    98.4%       74%/26%/0%    2.676    0.021    15.0%     0.0%   1.5345   0.0170     5.4%
  1410     2.4s    0.0236   100.0%   100.0%   100.0%        94%/6%/0%    0.681    0.012     0.0%     0.0%   0.8126   0.0233     6.0%
  [MA20] reward=0.0108 task_sr=92.5% miss=7.5% time_limit=0.0% v2v=0.8%
  [RWRD] r_prog=0.0267 r_term=0.2095 r_illegal=0.0000
  [PPO ] p_loss=-0.0074 v_loss=0.3165 entropy=0.8126 grad=13.2793 active=100.0%
  [SIM ] avg_power(a)=0.4927 rsu_q=0.750 tx=8 no_tx=127 deadlock=0 svc=0.000GHz idle=0.0%
  1411     6.6s    0.0109   100.0%   100.0%   100.0%       73%/27%/0%    1.630    0.043     0.0%     0.0%   1.3132   0.0128     8.2%
  1412     6.9s    0.0108   100.0%   100.0%   100.0%       78%/21%/1%    1.687    0.019     0.0%     0.0%   1.3750   0.0175     6.7%
  1413    11.6s    0.0075    95.0%    95.0%    99.6%       71%/29%/0%    2.622    0.046     5.0%     0.0%   1.3280   0.0246     7.4%
  1414     2.1s    0.0213   100.0%   100.0%   100.0%        93%/7%/0%    0.633    0.019     0.0%     0.0%   0.9863   0.0026     6.9%
  1415     2.4s    0.0212   100.0%   100.0%   100.0%        90%/9%/1%    0.663    0.014     0.0%     0.0%   0.9844   0.0073    10.9%
  1416     9.1s    0.0093   100.0%   100.0%   100.0%       78%/22%/0%    1.709    0.022     0.0%     0.0%   1.5335   0.0166     7.2%
  1417     7.1s    0.0099    95.0%    95.0%    99.0%       80%/20%/0%    1.564    0.017     5.0%     0.0%   1.3783   0.0174     8.9%
  1418    13.6s    0.0100   100.0%   100.0%   100.0%       78%/22%/0%    1.741    0.047     0.0%     0.0%   1.7524   0.0169     7.3%
  1419     6.7s    0.0099   100.0%   100.0%   100.0%       74%/26%/0%    1.605    0.045     0.0%     0.0%   1.3413   0.0207     5.9%
  1420     7.5s    0.0094    95.0%    95.0%    95.1%       76%/24%/0%    1.639    0.014     0.0%     0.0%   1.4332   0.0033     6.6%
  [MA20] reward=0.0118 task_sr=95.5% miss=4.2% time_limit=0.0% v2v=0.4%
  [RWRD] r_prog=0.0448 r_term=0.0491 r_illegal=0.0000
  [PPO ] p_loss=-0.0110 v_loss=0.2114 entropy=1.4332 grad=1.4352 active=100.0%
  [SIM ] avg_power(a)=0.5151 rsu_q=0.500 tx=48 no_tx=147 deadlock=0 svc=0.000GHz idle=0.0%

    Ep    Wall    R/step     T_SR     V_SR     S_SR            L/R/V   Lat(s)       En     Miss      Ill      Ent       KL     Clip
--------------------------------------------------------------------------------------------------------------------------------
  1421    13.4s    0.0076    90.0%    90.0%    98.9%       64%/35%/0%    2.716    0.047    10.0%     0.0%   1.3447   0.0198     7.1%
  1422     2.1s    0.0211   100.0%   100.0%   100.0%        95%/5%/0%    0.650    0.001     0.0%     0.0%   0.9036   0.0128     6.6%
  1423     7.2s    0.0092   100.0%   100.0%   100.0%       80%/20%/0%    1.654    0.007     0.0%     0.0%   1.5146   0.0209     6.3%
  1424     2.3s    0.0191   100.0%   100.0%   100.0%        97%/3%/0%    0.660     !ERR     0.0%     0.0%   0.9967   0.0004     4.9%
  1425     5.9s    0.0085    90.0%    90.0%    99.0%       85%/15%/0%    1.556    0.007    10.0%     0.0%   1.3260   0.0268     7.1%
  1426     2.2s    0.0189   100.0%   100.0%   100.0%       90%/10%/1%    0.618    0.005     0.0%     0.0%   1.1330   0.0271     8.1%
  1427     2.3s    0.0212   100.0%   100.0%   100.0%        93%/7%/0%    0.706    0.011     0.0%     0.0%   1.0105   0.0126     2.8%
  1428     2.5s    0.0192   100.0%   100.0%   100.0%       88%/10%/1%    0.720    0.026     0.0%     0.0%   1.1996   0.0132     4.7%
  1429    13.4s    0.0063    80.0%    80.0%    97.2%       73%/26%/1%    2.706    0.034    20.0%     0.0%   1.5130   0.0129     5.7%
  1430     9.7s    0.0092    95.0%    95.0%    99.5%       81%/19%/0%    1.771    0.031     5.0%     0.0%   1.5582   0.0175     6.3%
  [MA20] reward=0.0130 task_sr=97.0% miss=2.8% time_limit=0.0% v2v=0.3%
  [RWRD] r_prog=0.0440 r_term=0.0477 r_illegal=0.0000
  [PPO ] p_loss=0.0067 v_loss=0.1290 entropy=1.5582 grad=0.9556 active=100.0%
  [SIM ] avg_power(a)=0.5119 rsu_q=0.840 tx=39 no_tx=165 deadlock=0 svc=0.000GHz idle=0.0%
  1431    13.3s    0.0066    80.0%    80.0%    98.5%       75%/24%/2%    2.927    0.040    20.0%     0.0%   1.4306   0.0181     6.4%
  1432    13.3s    0.0071    95.0%    95.0%    99.6%       77%/22%/0%    2.821    0.036     5.0%     0.0%   1.4099   0.0038     5.0%
  1433    16.5s    0.0061    65.0%    65.0%    96.8%       74%/24%/2%    2.827    0.061    35.0%     0.0%   1.6053   0.0133     7.5%
  1434     2.4s    0.0173   100.0%   100.0%   100.0%        92%/7%/1%    0.720    0.012     0.0%     0.0%   1.1835   0.0149     4.6%
  1435     6.6s    0.0071    85.0%    85.0%    99.0%       85%/12%/3%    1.585    0.026    15.0%     0.0%   1.4784   0.0051     7.0%
  1436     7.1s    0.0099   100.0%   100.0%   100.0%       82%/16%/2%    1.617    0.035     0.0%     0.0%   1.5649   0.0425     6.6%
  1437     6.9s    0.0101    95.0%    95.0%    99.0%       85%/13%/2%    1.719    0.026     5.0%     0.0%   1.4603   0.0251     5.7%
  1438     2.6s    0.0215   100.0%   100.0%   100.0%        92%/8%/0%    0.692    0.019     0.0%     0.0%   1.1122   0.0081     3.8%
  1439     7.5s    0.0084    90.0%    90.0%    97.9%       84%/16%/0%    1.827    0.026    10.0%     0.0%   1.5115   0.0103     6.5%
  1440    13.5s    0.0072    75.0%    75.0%    93.6%       84%/16%/0%    2.669    0.024    25.0%     0.0%   1.5076   0.0080     4.8%
  [MA20] reward=0.0121 task_sr=92.0% miss=8.0% time_limit=0.0% v2v=0.8%
  [RWRD] r_prog=0.0528 r_term=0.0195 r_illegal=0.0000
  [PPO ] p_loss=0.0057 v_loss=0.2494 entropy=1.5076 grad=2.2643 active=100.0%
  [SIM ] avg_power(a)=0.4931 rsu_q=0.824 tx=41 no_tx=216 deadlock=0 svc=0.000GHz idle=0.0%

    Ep    Wall    R/step     T_SR     V_SR     S_SR            L/R/V   Lat(s)       En     Miss      Ill      Ent       KL     Clip
--------------------------------------------------------------------------------------------------------------------------------
  1441     8.7s    0.0087    90.0%    90.0%    99.5%       85%/14%/1%    1.848    0.018    10.0%     0.0%   1.5649   0.0146     5.2%
  1442     6.9s    0.0094    95.0%    95.0%   100.0%       82%/17%/1%    1.782    0.035     5.0%     0.0%   1.4768   0.0269     7.2%
  1443     6.4s    0.0081    90.0%    90.0%    98.5%       85%/14%/2%    1.731    0.024    10.0%     0.0%   1.4195   0.0129     7.9%
  1444     2.7s    0.0175   100.0%   100.0%   100.0%        89%/9%/2%    0.739    0.018     0.0%     0.0%   1.2164   0.0095     7.4%
  1445     7.5s    0.0083    85.0%    85.0%    98.6%       87%/12%/1%    1.897    0.014    15.0%     0.0%   1.5249   0.0427     6.8%
  1446     7.1s    0.0099   100.0%   100.0%   100.0%       84%/15%/1%    1.847    0.025     0.0%     0.0%   1.4403   0.0099     6.6%
  1447     7.5s    0.0093   100.0%   100.0%   100.0%       86%/13%/0%    1.852    0.017     0.0%     0.0%   1.4228   0.0167     7.3%
  1448     6.1s    0.0106    95.0%    95.0%    98.4%       81%/17%/2%    0.940    0.105     5.0%     0.0%   2.0759   0.0294     9.1%
  1449     2.6s    0.0193   100.0%   100.0%   100.0%        92%/8%/1%    0.733    0.027     0.0%     0.0%   1.0337   0.0061     4.3%
  1450    10.2s    0.0097    95.0%    95.0%   100.0%       77%/21%/2%    1.922    0.028     5.0%     0.0%   1.6989   0.0240     6.3%
  [MA20] reward=0.0106 task_sr=91.7% miss=8.2% time_limit=0.0% v2v=1.2%
  [RWRD] r_prog=0.0542 r_term=0.0432 r_illegal=0.0000
  [PPO ] p_loss=0.0063 v_loss=0.2043 entropy=1.6989 grad=3.7946 active=100.0%
  [SIM ] avg_power(a)=0.4711 rsu_q=0.846 tx=46 no_tx=157 deadlock=0 svc=0.000GHz idle=0.0%
  1451    12.4s    0.0078    80.0%    80.0%    97.8%       68%/32%/0%    1.904    0.104    20.0%     0.0%   1.8500   0.0246     8.1%
  1452     6.9s    0.0100    95.0%    95.0%    99.5%       75%/25%/1%    1.675    0.036     5.0%     0.0%   1.4501   0.0260     6.2%
  1453     8.5s    0.0099   100.0%   100.0%   100.0%       73%/26%/1%    1.729    0.049     0.0%     0.0%   1.5468   0.0197     7.2%
  1454     7.7s    0.0084    95.0%    95.0%    99.5%       64%/36%/0%    1.846    0.051     5.0%     0.0%   1.4867   0.0196     6.8%
  1455     2.3s    0.0195   100.0%   100.0%   100.0%       89%/10%/2%    0.757    0.041     0.0%     0.0%   1.0079   0.0140     7.1%
  1456     8.3s    0.0090    95.0%    95.0%    99.5%       67%/33%/0%    1.875    0.039     5.0%     0.0%   1.5090   0.0326     6.6%
  1457    10.0s    0.0067    75.0%    75.0%    94.9%       70%/30%/0%    1.849    0.045    25.0%     0.0%   1.5854   0.0137     5.6%
  1458    13.2s    0.0069    90.0%    90.0%    98.4%       67%/33%/0%    2.700    0.060    10.0%     0.0%   1.4958   0.0188     5.5%
  1459    16.1s    0.0076    95.0%    95.0%    99.2%       68%/32%/0%    2.762    0.051     5.0%     0.0%   1.4923   0.0142     5.5%
  1460     7.5s    0.0096    95.0%    95.0%    99.5%       76%/24%/0%    1.779    0.031     5.0%     0.0%   1.4623   0.0157     6.1%
  [MA20] reward=0.0103 task_sr=93.5% miss=6.5% time_limit=0.0% v2v=0.8%
  [RWRD] r_prog=0.0481 r_term=0.0484 r_illegal=0.0000
  [PPO ] p_loss=-0.0081 v_loss=0.1914 entropy=1.4623 grad=1.2834 active=100.0%
  [SIM ] avg_power(a)=0.5006 rsu_q=1.375 tx=50 no_tx=155 deadlock=0 svc=0.000GHz idle=0.0%

    Ep    Wall    R/step     T_SR     V_SR     S_SR            L/R/V   Lat(s)       En     Miss      Ill      Ent       KL     Clip
--------------------------------------------------------------------------------------------------------------------------------
  1461    13.3s    0.0097   100.0%   100.0%   100.0%       73%/27%/0%    1.958    0.060     0.0%     0.0%   1.5760   0.0216     4.8%
  1462    12.2s    0.0090    95.0%    95.0%    99.5%       73%/27%/0%    1.805    0.065     5.0%     0.0%   1.7027   0.0198     3.5%
  1463    14.8s    0.0069    90.0%    90.0%    98.9%       71%/29%/1%    2.411    0.044    10.0%     0.0%   1.5084   0.0180     4.1%
  1464     7.1s    0.0098    95.0%    95.0%    99.0%       75%/24%/1%    1.743    0.036     5.0%     0.0%   1.3938   0.0190     5.3%
  1465     7.1s    0.0087   100.0%   100.0%   100.0%       74%/24%/2%    1.673    0.037     0.0%     0.0%   1.5248   0.0273     6.2%
  1466     4.1s    0.0083    95.0%    95.0%    96.9%       84%/15%/1%    0.807    0.041     5.0%     0.0%   1.7328  -0.0011     5.1%
  1467     7.2s    0.0085    95.0%    95.0%    99.5%       75%/25%/1%    1.720    0.035     5.0%     0.0%   1.5000   0.0322     4.9%
  1468     6.9s    0.0089   100.0%   100.0%   100.0%       79%/19%/2%    1.642    0.035     0.0%     0.0%   1.3819   0.0070     3.8%
  1469     2.3s    0.0214   100.0%   100.0%   100.0%       87%/12%/1%    0.697    0.028     0.0%     0.0%   1.0115   0.0146     2.9%
  1470     7.3s    0.0098   100.0%   100.0%   100.0%       76%/23%/2%    1.909    0.033     0.0%     0.0%   1.3978   0.0085     2.7%
  [MA20] reward=0.0098 task_sr=94.5% miss=5.5% time_limit=0.0% v2v=0.6%
  [RWRD] r_prog=0.0474 r_term=0.0508 r_illegal=0.0000
  [PPO ] p_loss=0.0019 v_loss=0.1327 entropy=1.3978 grad=1.3775 active=100.0%
  [SIM ] avg_power(a)=0.4826 rsu_q=1.250 tx=46 no_tx=147 deadlock=0 svc=0.000GHz idle=0.0%
  1471     2.5s    0.0192   100.0%   100.0%   100.0%       88%/10%/2%    0.654    0.025     0.0%     0.0%   1.2504   0.0059     5.5%
  1472     2.3s    0.0194   100.0%   100.0%   100.0%       85%/12%/3%    0.731    0.055     0.0%     0.0%   1.1732   0.0061     5.5%
  1473    11.7s    0.0063    90.0%    90.0%    99.6%       76%/23%/1%    2.673    0.027    10.0%     0.0%   1.3826   0.0204     4.8%
  1474    15.1s    0.0065    75.0%    75.0%    98.4%       69%/31%/0%    2.610    0.051    25.0%     0.0%   1.5619   0.0250     4.1%
  1475     7.8s    0.0080    85.0%    85.0%    98.5%       77%/22%/1%    1.911    0.025    15.0%     0.0%   1.5481   0.0191     4.1%
  1476     2.8s    0.0175   100.0%   100.0%   100.0%        92%/7%/1%    0.720    0.016     0.0%     0.0%   1.0781   0.0087     5.2%
  1477     2.1s    0.0189   100.0%   100.0%   100.0%        93%/5%/2%    0.635    0.012     0.0%     0.0%   1.0562   0.0141     7.0%
  1478     2.5s    0.0163   100.0%   100.0%   100.0%        90%/9%/2%    0.686    0.018     0.0%     0.0%   1.2968   0.0305     5.5%
  1479     2.1s    0.0211   100.0%   100.0%   100.0%        98%/2%/0%    0.611    0.002     0.0%     0.0%   1.0110   0.0025     3.4%
  1480     6.5s    0.0097    95.0%    95.0%    99.5%       90%/10%/0%    1.609    0.007     5.0%     0.0%   1.3918   0.0178     7.5%
  [MA20] reward=0.0122 task_sr=95.7% miss=4.2% time_limit=0.0% v2v=1.0%
  [RWRD] r_prog=0.0460 r_term=0.0509 r_illegal=0.0000
  [PPO ] p_loss=0.0117 v_loss=0.1909 entropy=1.3918 grad=2.6462 active=100.0%
  [SIM ] avg_power(a)=0.4819 rsu_q=0.667 tx=20 no_tx=173 deadlock=0 svc=0.000GHz idle=0.0%

    Ep    Wall    R/step     T_SR     V_SR     S_SR            L/R/V   Lat(s)       En     Miss      Ill      Ent       KL     Clip
--------------------------------------------------------------------------------------------------------------------------------
  1481     8.2s    0.0079    85.0%    85.0%    98.1%        91%/9%/0%    1.830    0.004    15.0%     0.0%   1.4348   0.0127     3.0%
  1482     8.1s    0.0084    90.0%    90.0%    99.0%       89%/10%/1%    1.754    0.005    10.0%     0.0%   1.4735   0.0100     2.3%
  1483    13.5s    0.0076    95.0%    95.0%    99.2%       87%/13%/0%    2.743    0.012     5.0%     0.0%   1.5004   0.0108     3.5%
  1484     8.0s    0.0089    85.0%    85.0%    98.0%       89%/11%/0%    1.616    0.004    15.0%     0.0%   1.4511   0.0036     2.0%
  1485     7.0s    0.0090    95.0%    95.0%    99.5%        92%/8%/0%    1.762    0.002     5.0%     0.0%   1.3463   0.0049     2.7%
  1486    12.5s    0.0086    95.0%    95.0%    99.5%       87%/13%/0%    1.844    0.006     5.0%     0.0%   1.7396   0.0082     3.9%
  1487    15.0s    0.0080    85.0%    85.0%    98.5%       79%/21%/0%    2.658    0.021    15.0%     0.0%   1.5729   0.0176     3.3%
  1488     2.1s    0.0213   100.0%   100.0%   100.0%        97%/3%/0%    0.653     !ERR     0.0%     0.0%   0.8838   0.0088     2.2%
  1489     7.3s    0.0093   100.0%   100.0%   100.0%       84%/15%/0%    1.699    0.011     0.0%     0.0%   1.3787   0.0117     2.8%
  1490     7.6s    0.0100   100.0%   100.0%   100.0%       86%/14%/0%    1.767    0.012     0.0%     0.0%   1.4286   0.0154     3.4%
  [MA20] reward=0.0121 task_sr=93.8% miss=6.2% time_limit=0.0% v2v=0.7%
  [RWRD] r_prog=0.0471 r_term=0.0527 r_illegal=0.0000
  [PPO ] p_loss=0.0170 v_loss=0.1026 entropy=1.4286 grad=1.5257 active=100.0%
  [SIM ] avg_power(a)=0.4903 rsu_q=0.480 tx=30 no_tx=182 deadlock=0 svc=0.000GHz idle=0.0%
  1491    11.7s    0.0075    85.0%    85.0%    98.4%       77%/23%/0%    2.633    0.016    15.0%     0.0%   1.4450   0.0039     3.8%
  1492    10.4s    0.0081    95.0%    95.0%    99.6%       81%/19%/0%    2.549    0.019     5.0%     0.0%   1.3383   0.0064     4.6%
  1493     6.5s    0.0101   100.0%   100.0%   100.0%       84%/16%/1%    1.851    0.009     0.0%     0.0%   1.3165   0.0123     3.8%
  1494    13.3s    0.0078    90.0%    90.0%    99.2%       78%/22%/1%    2.660    0.018    10.0%     0.0%   1.5085   0.0107     6.1%
  1495    20.1s    0.0073    85.0%    85.0%    99.2%       78%/21%/1%    2.788    0.027    15.0%     0.0%   1.6599   0.0090     6.7%
  1496    10.9s    0.0076    95.0%    95.0%    99.6%       81%/19%/0%    2.649    0.014     5.0%     0.0%   1.3478   0.0043     4.9%
  1497     2.3s    0.0191   100.0%   100.0%   100.0%       88%/12%/1%    0.688    0.017     0.0%     0.0%   1.1731   0.0251     9.1%
  1498     7.0s    0.0100   100.0%   100.0%   100.0%       83%/16%/1%    1.811    0.013     0.0%     0.0%   1.4670   0.0158     6.3%
  1499    14.4s    0.0069    80.0%    80.0%    96.6%       74%/24%/2%    2.777    0.044    20.0%     0.0%   1.4621   0.0270     6.2%
  1500     2.6s    0.0192   100.0%   100.0%   100.0%        92%/6%/1%    0.698    0.011     0.0%     0.0%   1.0215   0.0111     6.4%
  [MA20] reward=0.0101 task_sr=93.0% miss=7.0% time_limit=0.0% v2v=0.4%
  [RWRD] r_prog=0.0242 r_term=0.1677 r_illegal=0.0000
  [PPO ] p_loss=0.0088 v_loss=0.0369 entropy=1.0215 grad=3.5025 active=100.0%
  [SIM ] avg_power(a)=0.4920 rsu_q=0.500 tx=11 no_tx=130 deadlock=0 svc=0.000GHz idle=0.0%
  [Checkpoint] saved: ep1500.pth

[Train] completed: episodes=1500 best_reward=0.2912 best_success_rate(50ep)=0.9630
[Train] key outputs: /root/vecOffloadingSim/runs/rc1_ablation_1500ep_20260322_180707/wo_dag/logs/metrics.csv, /root/vecOffloadingSim/runs/rc1_ablation_1500ep_20260322_180707/wo_dag/logs/training_stats.csv, /root/vecOffloadingSim/runs/rc1_ablation_1500ep_20260322_180707/wo_dag/models/best_model.pth, /root/vecOffloadingSim/runs/rc1_ablation_1500ep_20260322_180707/wo_dag/models/last_model.pth

[Auto Plot] Generating training plots...
[DataRecorder] Training stats plots saved to: /root/vecOffloadingSim/runs/rc1_ablation_1500ep_20260322_180707/wo_dag/plots
[Auto Plot] plot_results.py ...
[Auto Plot] ✓ Saved: fig_latency_with_baselines.png | ✓ Saved: fig_summary_dashboard.png | ✓ All plots saved to: /root/vecOffloadingSim/runs/rc1_ablation_1500ep_20260322_180707/wo_dag/plots
[Auto Plot] plot_results.py done in 17.6s
[Auto Plot] generate_all_plots.py ...
[Auto Plot] ⚠ No baseline data found, skipping baseline comparison plot | ✓ All plots saved to: /root/vecOffloadingSim/runs/rc1_ablation_1500ep_20260322_180707/wo_dag/plots |   Total plots: 8
[Auto Plot] generate_all_plots.py done in 9.0s
[DataRecorder] All plots generated in: /root/vecOffloadingSim/runs/rc1_ablation_1500ep_20260322_180707/wo_dag/plots
[Auto Plot] jobs: ok=4 skipped=1 failed=0
[Auto Plot] generated figures: 35
[Auto Plot] sample: bias_annealing.png, cpu_efficiency.png, episode_duration.png, fig_constraint_health.png, fig_convergence_analysis.png, fig_convergence_baseline.png, fig_convergence_recheck.png, fig_decision_distribution.png
[Auto Plot] manifest: /root/vecOffloadingSim/runs/rc1_ablation_1500ep_20260322_180707/wo_dag/plots/plot_manifest.json
[Postprocess] loaded env_reward.jsonl: /root/vecOffloadingSim/runs/rc1_ablation_1500ep_20260322_180707/wo_dag/logs/env_reward.jsonl
✓ Wrote: /root/vecOffloadingSim/runs/rc1_ablation_1500ep_20260322_180707/wo_dag/metrics/train_metrics_full.csv (rows=1500 cols=298)

[Launcher] finished_at=2026-03-22 21:49:21 CST
[Launcher] success
