episode,steps,elapsed_sec,seed,terminated,truncated,termination_reason,time_limit_rate,episode_time_seconds,mean_cft_est,mean_cft_completed,vehicle_cft_count,cft_est_valid,deadline_gamma,deadline_seconds,critical_path_cycles,r_time,r_interf,r_risk,r_illegal,r_pbrs,r_term,r_step,r_total,abs_ratio_r_time,abs_ratio_r_energy,abs_ratio_r_interf,abs_ratio_r_risk,abs_ratio_r_illegal,abs_ratio_r_pbrs,abs_ratio_r_term,I_total_mean,I_total_p50,I_total_p95,I_caused_mean,I_caused_p95,rho_selected_mean,rho_selected_p10,uncertainty_selected_mean,uncertainty_selected_p90,rho_selected_p50,rho_selected_p95,rho_selected_lt_0p6_rate,rho_selected_lt_0p7_rate,risk_penalty_mean,chain_tx_total,chain_p95_mean,chain_pfail_mean,chain_risk_cost_total,trust_attempts,trust_failures,trust_failure_rate,trust_retry_count,episode_vehicle_count,episode_task_count,total_subtasks,reward_mean,reward_p50,reward_p95,reward_min,reward_max,reward_abs_mean,dT_mean,cft_prev_rem_mean,cft_curr_rem_mean,dCFT_abs_mean,dCFT_abs_p95,dCFT_rem_mean,dCFT_rem_p95,dt_used_mean,implied_dt_mean,dT_eff_mean,dT_eff_p95,energy_norm_mean,energy_norm_p95,t_tx_mean,reward_step_p95,mean_cft,delta_cft_rem_mean,delta_cft_rem_p95,mean_cft_rem,success_rate_end,task_success_rate,subtask_success_rate,deadline_miss_rate,illegal_action_rate,top_illegal_reason,top_illegal_reason_count,no_task_rate,on_task_rate,has_task_available_rate,unified_illegal_trigger_rate,hard_trigger_rate,decision_local_frac,decision_rsu_frac,decision_v2v_frac,decision_frac_local,decision_frac_rsu,decision_frac_v2v,power_ratio_mean,power_ratio_p95,entropy,approx_kl,clip_frac,policy_loss,value_loss,total_loss,grad_norm,policy_entropy,entropy_loss,active_ratio,active_samples,total_samples,adv_mean,adv_std,value_target_mean,value_target_std,value_pred_mean,value_pred_std,value_clip_fraction,skipped_update_count,avail_L,avail_R,avail_V,neighbor_count_mean,best_v2v_rate_mean,best_v2v_valid_rate,v2v_beats_rsu_rate,mean_cost_gap_v2v_minus_rsu,mean_cost_rsu,mean_cost_v2v,t_L,t_R,t_V,t_a,t_alt,A_t,r_lat,cp_rem,f_max,d_cp_lb,rate_best,comm_lb,queue_lb,lb,phi,delta_phi,r_shape,overtime_ratio,r_timeout,e_tx,r_energy,r_power,avg_power,avg_rsu_queue,rsu_queue_p95,time_limit_penalty_applied,time_limit_penalty_value,remaining_time_seconds_used,remaining_ratio_used
1,200,24.33308506011963,42,False,True,time_limit,1.0,20.000000000000014,21.290081024169922,0.0,20,True,53.52185835500852,1.4188765160350176,326623966.9919032,-0.028763147341121953,-0.030489626969109503,-0.0016028827901331734,0.0,0.001393500369441626,-0.0007563156012121684,-0.060957548751809205,-0.06032036398357926,0.455780959207806,0.0016145755567016384,0.48313876298235664,0.02539928773858881,0.0,0.022081834173038852,0.011984580341508082,4.035918976796893e-08,1.0071631029173744e-12,1.6192993820829261e-10,4.035918976796893e-08,1.6192993820829261e-10,0.5206060409545898,0.5,0.23818184435367584,0.25,0.5,0.6000000238418579,0.8181818181818182,1.0,0.1165732741355896,55,0.0,0.0,0.0,23,2,0.08695652173913043,2,20,20,228,-0.06032035872340202,-0.027395950630307198,-0.026646731421351433,-1.193839192390442,-0.025158630684018135,0.06032035872340202,0.0,0.0,0.0,0.0,0.0,0.0,0.0,0.0,0.0,0.0,0.0,0.0006434176183356095,0.0005056343881811938,0.0,0.0,21.290081024169922,,,1.2900810241699077,0.0,0.0,0.12280701754385964,1.0,0.0,,0,0.9835,0.01649999999999996,0.01649999999999996,0.0,0.0,0.16666666666666666,0.06060606060606061,0.7727272727272727,0.16666666666666666,0.06060606060606061,0.7727272727272727,0.49501199722456396,0.8650700747966766,2.2620691458384194,-0.013157404959201813,0.08333333333333333,-0.2864069441954295,23.789024353027344,11.600416978200277,45.696313401063286,2.2620691458384194,-2.2620691458384194,0.0165,66,4000,-2.446354866027832,4.854996204376221,-0.890879491964976,0.24655385812123617,-0.020716247459252674,0.048877487579981484,0.777777781089147,0,1.0,1.0,0.6427368421052643,12.212000000000016,47082199.342724755,1.0,0.0,0.21383084569350533,0.005463599253752572,0.21929444494725803,0.0,0.0,0.0,0.0,0.0,0.0,0.0,0.0,0.0,0.0,0.0,0.0,0.0,0.0,0.0,0.0,0.0,0.0,0.0,0.0,-0.00010189165144481064,0.0,0.4950652985405177,0.0,0.0,True,-1.0,1.2900810241699077,0.0
2,200,23.395588874816895,42,False,True,time_limit,1.0,20.000000000000014,20.636703491210938,0.0,20,True,49.012393720689246,1.535535329144721,379484895.14481765,-0.026328714177530653,-0.04387926391895072,-0.002039576970122241,0.0,0.0015304387091088043,-0.0007212054674318578,-0.07247005812707731,-0.0716608248853992,0.35234614586138907,0.0029776651936460436,0.5872177965406074,0.027294803679532426,0.0,0.020511998255562994,0.009651590469261943,3.195488602614205e-07,0.0,7.34842402205782e-11,3.195488602614205e-07,7.34842402205782e-11,0.5525407195091248,0.5,0.2218356877565384,0.25,0.5,0.6761904954910279,0.6493506493506493,0.948051948051948,0.10595203936100006,77,0.0,0.0,0.0,43,2,0.046511627906976744,2,20,20,254,-0.0716608315706253,-0.024818995036184788,-0.024009077064692973,-0.5380883812904358,-0.022922219708561897,0.0716608315706253,0.0,0.0,0.0,0.0,0.0,0.0,0.0,0.0,0.0,0.0,0.0,0.0011367278699817992,0.0003757137580390868,0.0,0.0,20.636703491210938,,,0.6367034912109233,0.0,0.0,0.20866141732283464,1.0,0.0,,0,0.97475,0.025249999999999995,0.025249999999999995,0.0,0.0,0.2376237623762376,0.1188118811881188,0.6435643564356436,0.2376237623762376,0.1188118811881188,0.6435643564356436,0.5021817944754773,0.8730626583099366,2.2847704887390137,-0.010908723808825016,0.12351190857589245,-0.06283082626760006,1.7301217317581177,0.7944687157869339,3.0925396382808685,2.2847704887390137,-2.2847704887390137,0.02525,101,4000,-3.9619979858398438,9.114917755126953,-3.6496866941452026,5.516317427158356,-0.40888896584510803,0.06635326985269785,0.0625,0,1.0,1.0,0.5519736842105272,10.487500000000002,49507875.724205315,1.0,0.0,0.1378243151966588,0.004854041390275004,0.14267835658693373,0.0,0.0,0.0,0.0,0.0,0.0,0.0,0.0,0.0,0.0,0.0,0.0,0.0,0.0,0.0,0.0,0.0,0.0,0.0,0.0,-0.00022250306047261122,0.0,0.504362891769968,0.0,0.0,True,-1.0,0.6367034912109233,0.0
3,200,21.342920064926147,42,False,True,time_limit,1.0,20.000000000000014,21.26682472229004,0.0,20,True,53.56190379626945,1.4142425193377317,322150802.2510734,-0.02876657364454672,-0.0305165782892032,-0.002189240771467577,0.0,0.0011145350520930545,-0.0006821138219829393,-0.06174020412884119,-0.061307782898728826,0.45275045394711927,0.004215022098747021,0.48029337258136495,0.03445595451613283,0.0,0.01754956506529386,0.010735631791342124,1.1319792747599422e-07,0.0,4.023472978398333e-11,1.1319792747599422e-07,4.023472978398333e-11,0.5300711393356323,0.5,0.23025663197040558,0.25,0.5,0.6761904954910279,0.7662337662337663,0.948051948051948,0.11372678726911545,77,0.0,0.0,0.0,38,3,0.07894736842105263,3,20,20,226,-0.06130777671933174,-0.02764692809432745,-0.027426424156874418,-0.528346598148346,-0.026653926819562912,0.06130777671933174,0.0,0.0,0.0,0.0,0.0,0.0,0.0,0.0,0.0,0.0,0.0,0.0013343889434887595,0.00042841457010413345,0.0,0.0,21.26682472229004,,,1.2668247222900249,0.0,0.0,0.27876106194690264,1.0,0.0,,0,0.97075,0.029249999999999998,0.029249999999999998,0.0,0.0,0.3418803418803419,0.11965811965811966,0.5384615384615384,0.3418803418803419,0.11965811965811966,0.5384615384615384,0.4920085287422773,0.8576976656913757,2.0768606662750244,0.03638637065887451,0.1111111119389534,0.4618576765060425,1.326373815536499,1.1179955005645752,3.8515119552612305,2.0768606662750244,-2.0768606662750244,0.02925,117,4000,-1.4512726068496704,2.4172425270080566,-3.10412335395813,4.26534366607666,-0.6615133881568909,0.03756336122751236,0.0,0,1.0,1.0,0.45178947368420935,8.583999999999993,41880555.13973989,1.0,0.0,0.10117284217682627,0.0058137240467003234,0.10698656622352659,0.0,0.0,0.0,0.0,0.0,0.0,0.0,0.0,0.0,0.0,0.0,0.0,0.0,0.0,0.0,0.0,0.0,0.0,0.0,0.0,-0.0002678114236218085,0.0,0.49400383369351036,0.0,0.0,True,-1.0,1.2668247222900249,0.0
4,200,22.572546243667603,42,False,True,time_limit,1.0,20.000000000000014,20.66888999938965,0.0,20,True,50.803647099000145,1.5264073113614256,365088489.06975293,-0.02668912647631763,-0.08347373213065591,-0.0020771440941088374,0.0,0.0013036530672245563,-0.000798836281963028,-0.11253669488144322,-0.11203187809618008,0.23280738984032748,0.0025880252078167654,0.7281355466921202,0.018118783141922074,0.0,0.011382061914540623,0.006968193203272791,3.153559546831275e-08,0.0,9.709225479159743e-10,3.153559546831275e-08,9.709225479159743e-10,0.5287003517150879,0.5,0.2322140485048294,0.25,0.5,0.6416666746139523,0.7808219178082192,0.9863013698630136,0.11381610482931137,73,0.0,0.0,0.0,36,1,0.027777777777777776,1,20,20,248,-0.11203187704086304,-0.027728307992219925,-0.025309214647859336,-0.9644492864608765,-0.0224298145622015,0.11203187704086304,0.0,0.0,0.0,0.0,0.0,0.0,0.0,0.0,0.0,0.0,0.0,0.0013791451266954536,0.00037957329316726425,0.0,0.0,20.66888999938965,,,0.6688899993896342,0.0,0.0,0.24193548387096775,1.0,0.0,,0,0.97425,0.02575000000000005,0.02575000000000005,0.0,0.0,0.2912621359223301,0.10679611650485436,0.6019417475728155,0.2912621359223301,0.10679611650485436,0.6019417475728155,0.502638099730327,0.8658501207828522,2.2332279682159424,0.044848304241895676,0.1111111119389534,-0.29528772830963135,2.8050625324249268,1.099670648574829,13.12824535369873,2.2332279682159424,-2.2332279682159424,0.02575,103,4000,-1.3067578077316284,2.241286039352417,-1.420481562614441,0.45948219299316406,-0.8097018003463745,0.07303279638290405,0.3333333432674408,0,1.0,1.0,0.48573684210526324,9.229000000000008,45005758.6550837,1.0,0.0,0.15656229522852738,0.005623187580620577,0.16218548280914777,0.0,0.0,0.0,0.0,0.0,0.0,0.0,0.0,0.0,0.0,0.0,0.0,0.0,0.0,0.0,0.0,0.0,0.0,0.0,0.0,-0.0002966921803585937,0.0,0.5075176587007009,0.0,0.0,True,-1.0,0.6688899993896342,0.0
5,64,7.110366106033325,42,True,False,all_finished,0.0,6.399999999999993,6.871758460998535,0.0,20,True,49.949366080376336,1.5025253244534071,372929895.2943996,-0.027231109040421066,-0.06321422542198214,-0.005662580356341715,0.0,0.001125101404967773,-0.0027573574328002256,-0.0966767869649108,-0.09830904299274285,0.27079062811310795,0.005656958207159985,0.6286126570274073,0.05630963061984087,0.0,0.011210510105273871,0.027419615927209935,3.699494186548691e-07,5.071550547141451e-13,1.2464807450096588e-10,3.699494186548691e-07,1.2464807450096588e-10,0.5263291001319885,0.5,0.232073575258255,0.25,0.5,0.6666666865348816,0.7777777777777778,0.9682539682539683,0.11504925042390823,63,0.0,0.0,0.0,33,5,0.15151515151515152,5,20,20,236,-0.09830904006958008,-0.026451905257999897,-0.0259221063926816,-0.5475053787231445,-0.025921868160367012,0.09830904006958008,0.0,0.0,0.0,0.0,0.0,0.0,0.0,0.0,0.0,0.0,0.0,0.002960305551364276,0.0006590172960008041,0.0,0.0,6.871758460998535,,,0.4717584609985419,0.0,0.0,0.211864406779661,1.0,0.0,,0,0.92734375,0.07265624999999998,0.07265624999999998,0.0,0.0,0.3225806451612903,0.11827956989247312,0.5591397849462365,0.3225806451612903,0.11827956989247312,0.5591397849462365,0.5039971161784078,0.8575610816478729,2.098836898803711,0.02236112952232361,0.05000000074505806,0.1768193542957306,1.1444145441055298,0.7419157028198242,1.4846409559249878,2.098836898803711,-2.098836898803711,0.07265625,93,1280,-0.8893595933914185,3.3484749794006348,-2.632415533065796,4.734265327453613,-0.8995653390884399,0.06591852009296417,0.0,0,1.0,1.0,0.46570723684210547,8.848437499999994,46971671.56128977,1.0,0.0,0.19660262466052772,0.005972090524798874,0.2025747151853266,0.0,0.0,0.0,0.0,0.0,0.0,0.0,0.0,0.0,0.0,0.0,0.0,0.0,0.0,0.0,0.0,0.0,0.0,0.0,0.0,-0.0005688721461657619,0.0,0.4952637028112804,0.0,0.0,False,0.0,0.0,0.0
6,200,23.521751165390015,42,False,True,time_limit,1.0,20.000000000000014,20.732711791992188,0.0,20,True,52.09903407658972,1.4858288152314068,348789759.7955524,-0.02749160620410202,-0.009191624840428188,-0.0020906004577972677,0.0,0.0012098558544857588,-0.0007448444264312808,-0.039060078399205014,-0.03859506697115071,0.6702588753865327,0.006978840077948813,0.22409633263265166,0.05096986699586465,0.0,0.029536411591032954,0.018159673315968933,7.444443639315068e-08,0.0,4.0485408428492203e-11,7.444443639315068e-08,4.0485408428492203e-11,0.526973307132721,0.5,0.22487497329711914,0.25,0.5,0.6666666865348816,0.7808219178082192,1.0,0.11455343663692474,73,0.0,0.0,0.0,45,6,0.13333333333333333,6,20,20,232,-0.03859506547451019,-0.026277460157871246,-0.025986162014305595,-0.5314624309539795,-0.02470359019935131,0.03859506547451019,0.0,0.0,0.0,0.0,0.0,0.0,0.0,0.0,0.0,0.0,0.0,0.001426337713853637,0.0004900054484534767,0.0,0.0,20.732711791992188,,,0.7327117919921733,0.0,0.0,0.25862068965517243,1.0,0.0,,0,0.97425,0.02575000000000005,0.02575000000000005,0.0,0.0,0.2912621359223301,0.1553398058252427,0.5533980582524272,0.2912621359223301,0.1553398058252427,0.5533980582524272,0.5017112140386687,0.8532813251018523,2.133310317993164,0.07402542978525162,0.2857142984867096,-0.5081691145896912,1.9916398525238037,0.48042532801628113,14.978421211242676,2.133310317993164,-2.133310317993164,0.02575,103,4000,-1.4788317680358887,2.3854339122772217,-1.1999791860580444,0.22956599295139313,-0.9920845627784729,0.056954726576805115,0.4285714328289032,0,1.0,1.0,0.6044736842105276,11.484999999999987,46266762.138705604,1.0,0.0,0.12590095696009032,0.005562173348871164,0.1314631303089615,0.0,0.0,0.0,0.0,0.0,0.0,0.0,0.0,0.0,0.0,0.0,0.0,0.0,0.0,0.0,0.0,0.0,0.0,0.0,0.0,-0.00028624689687806014,0.0,0.4989633756119292,0.0,0.0,True,-1.0,0.7327117919921733,0.0
7,200,22.859295129776,42,False,True,time_limit,1.0,20.000000000000014,20.765588760375977,0.0,20,True,50.141296170406655,1.5175641884763604,367678111.9870063,-0.026726959072691375,-0.003154474935474648,-0.0019592567381704613,0.0,0.0012832175259518692,-0.000969471447857528,-0.032187283088521396,-0.0318735370104268,0.7759986003949313,0.010063066722685133,0.09158797782611788,0.05688565176829583,0.0,0.03731677652180927,0.028147926766160635,1.242446007188036e-10,0.0,2.2749051167142403e-11,1.242446007188036e-10,2.2749051167142403e-11,0.5245097279548645,0.5,0.23651961982250214,0.25,0.5,0.6433333545923232,0.7941176470588235,1.0,0.11525039374828339,68,0.0,0.0,0.0,36,8,0.2222222222222222,8,20,20,255,-0.03187353536486626,-0.02544114924967289,-0.02497686855494976,-0.5721937417984009,-0.021413708105683327,0.03187353536486626,0.0,0.0,0.0,0.0,0.0,0.0,0.0,0.0,0.0,0.0,0.0,0.0015284324626717635,0.00036977232711235726,0.0,0.0,20.765588760375977,,,0.7655887603759624,0.0,0.0,0.19215686274509805,1.0,0.0,,0,0.975,0.025000000000000022,0.025000000000000022,0.0,0.0,0.32,0.12,0.56,0.32,0.12,0.56,0.4992935473673781,0.8541224539279938,2.1327970027923584,-0.0029822615906596184,0.10000000149011612,0.5238615348935127,1.9382673501968384,1.4857777953147888,6.903571367263794,2.1327970027923584,-2.1327970027923584,0.025,100,4000,-0.4756367802619934,1.0476945638656616,-2.223219394683838,1.5987321138381958,-1.1942132711410522,0.05063352920114994,0.30000001192092896,0,1.0,1.0,0.5017368421052634,9.533000000000003,41449243.69797847,1.0,0.0,0.08909631695960747,0.00547144772354466,0.09456776468315226,0.0,0.0,0.0,0.0,0.0,0.0,0.0,0.0,0.0,0.0,0.0,0.0,0.0,0.0,0.0,0.0,0.0,0.0,0.0,0.0,-0.00034659234218475124,0.0,0.5002329120358918,0.0,0.0,True,-1.0,0.7655887603759624,0.0
8,200,21.414429664611816,42,False,True,time_limit,1.0,20.000000000000014,20.634872436523438,0.0,20,True,53.18024047291273,1.4477716742343087,337615157.0336313,-0.028044198345246508,-0.2233624262505928,-0.0023488317528553774,0.0,0.0012081214259453514,-0.000924846653491808,-0.25399717374434083,-0.2537138989718867,0.10948947190721814,0.0009437071323725592,0.8720461106793458,0.009170251367254058,0.0,0.004739695274237012,0.0036107636395725233,1.9851438537443755e-06,2.154646253083037e-12,5.123094726222632e-10,1.9851438537443755e-06,5.123094726222632e-10,0.5500180125236511,0.5,0.2189168483018875,0.25,0.5,0.6666666865348816,0.6590909090909091,0.9772727272727273,0.10676507651805878,88,0.0,0.0,0.0,48,6,0.125,6,20,20,231,-0.2537139058113098,-0.03867753595113754,-0.026721174642443658,-1.3907406330108643,-0.025209469720721245,0.2537139058113098,0.0,0.0,0.0,0.0,0.0,0.0,0.0,0.0,0.0,0.0,0.0,0.0012649672795462363,0.00014663264130216903,0.0,0.0,20.634872436523438,,,0.6348724365234233,0.0,0.0,0.30735930735930733,1.0,0.0,,0,0.969,0.031000000000000028,0.031000000000000028,0.0,0.0,0.2903225806451613,0.1774193548387097,0.532258064516129,0.2903225806451613,0.1774193548387097,0.532258064516129,0.497238839937378,0.867939680814743,2.115757703781128,-0.006859276443719864,0.0714285746216774,-0.1808909084647894,1.222343623638153,0.4231274574995041,1.366190493106842,2.115757703781128,-2.115757703781128,0.031,124,4000,-5.661118507385254,12.065412521362305,-5.114284634590149,7.415439486503601,-1.4044273495674133,0.028062605299055576,0.0,0,1.0,1.0,0.4663157894736844,8.859999999999994,48624792.20427973,1.0,0.0,0.12567115942713994,0.005632135683649789,0.13130329511078975,0.0,0.0,0.0,0.0,0.0,0.0,0.0,0.0,0.0,0.0,0.0,0.0,0.0,0.0,0.0,0.0,0.0,0.0,0.0,0.0,-0.00024171739564610232,0.0,0.499842453425983,0.0,0.0,True,-1.0,0.6348724365234233,0.0
9,200,21.720257997512817,42,False,True,time_limit,1.0,20.000000000000014,20.595928192138672,0.0,20,True,54.07480795599323,1.4479667318904734,329815856.4363691,-0.028382549507062677,-0.03405194224445483,-0.002734445939928823,0.0,0.0010576937189593432,-0.0009656637744328709,-0.06556229181834308,-0.06547026187381746,0.4199335049373258,0.0058198639677743925,0.503814904051485,0.04045744612654381,0.0,0.01568681976798097,0.014287461148889917,3.9610347357665887e-07,0.0,9.307913849398996e-11,3.9610347357665887e-07,9.307913849398996e-11,0.5338733792304993,0.5,0.22414089739322662,0.25,0.5,0.7142857313156128,0.7731958762886598,0.9175257731958762,0.11276065558195114,97,0.0,0.0,0.0,56,6,0.10714285714285714,6,20,20,230,-0.06547026336193085,-0.027338946238160133,-0.02713084425777197,-0.9757403135299683,-0.02468923106789589,0.06547026336193085,0.0,0.0,0.0,0.0,0.0,0.0,0.0,0.0,0.0,0.0,0.0,0.0019709633787803617,0.0006758652750205781,0.0,0.0,20.595928192138672,,,0.5959281921386577,0.0,0.0,0.391304347826087,1.0,0.0,,0,0.96425,0.03574999999999995,0.03574999999999995,0.0,0.0,0.32167832167832167,0.15384615384615385,0.5244755244755245,0.32167832167832167,0.15384615384615385,0.5244755244755245,0.5039210283843379,0.8673352718353271,2.059792160987854,-0.014138169586658478,0.10000000149011612,0.1356472671031952,1.3207303881645203,0.7890544533729553,2.3632310032844543,2.059792160987854,-2.059792160987854,0.03575,143,4000,-2.974684000015259,6.501402854919434,-5.570828795433044,7.142466306686401,-1.6110005378723145,0.03676953446120024,0.0,0,1.0,1.0,0.5112368421052641,9.713500000000012,44054122.24327444,1.0,0.0,0.15442239435985736,0.005815453360248316,0.16023784772010555,0.0,0.0,0.0,0.0,0.0,0.0,0.0,0.0,0.0,0.0,0.0,0.0,0.0,0.0,0.0,0.0,0.0,0.0,0.0,0.0,-0.00039335412689773364,0.0,0.5060161976448726,0.0,0.0,True,-1.0,0.5959281921386577,0.0
10,200,22.093550205230713,42,False,True,time_limit,1.0,20.000000000000014,21.000476837158203,0.0,20,True,52.54218767754382,1.437200867996277,337589523.78936356,-0.0287279517383238,-0.0806549835352785,-0.0018605218059001326,0.0,0.0012550703243439658,-0.0008116383563336402,-0.11147487369795384,-0.11103144172994403,0.25301603086757174,0.002038158334810324,0.7103535953300167,0.016386195819294593,0.0,0.011057667503678481,0.00714835214462803,1.4974307305237744e-06,0.0,4.1942345256617943e-11,1.4974307305237744e-06,4.1942345256617943e-11,0.5323773622512817,0.5,0.23050746321678162,0.25,0.5,0.6666666865348816,0.7424242424242424,0.9545454545454546,0.11275888234376907,66,0.0,0.0,0.0,31,5,0.16129032258064516,5,20,20,223,-0.1110314354300499,-0.027500844560563564,-0.02732985578477383,-0.53355473279953,-0.02557285875082016,0.1110314354300499,0.0,0.0,0.0,0.0,0.0,0.0,0.0,0.0,0.0,0.0,0.0,0.0012055528187418958,0.0004363449121837467,0.0,0.0,21.000476837158203,,,1.000476837158189,0.0,0.0,0.2645739910313901,1.0,0.0,,0,0.97275,0.027249999999999996,0.027249999999999996,0.0,0.0,0.3944954128440367,0.14678899082568808,0.45871559633027525,0.3944954128440367,0.14678899082568808,0.45871559633027525,0.5031725697419912,0.8618866741657256,2.0977182626724242,-0.013834665436297655,0.2150000035762787,0.07878787145018577,2.486317253112793,1.3148667454719543,31.780205607414246,2.0977182626724242,-2.0977182626724242,0.02725,109,4000,-5.407907009124756,14.414961814880371,-8.00036313533783,13.308653062582016,-1.8472622156143188,0.04594482034444809,0.2,0,1.0,1.0,0.4938684210526308,9.38349999999999,40959525.574314006,1.0,0.0,0.1995389427564347,0.005848820670245167,0.20538776342667978,0.0,0.0,0.0,0.0,0.0,0.0,0.0,0.0,0.0,0.0,0.0,0.0,0.0,0.0,0.0,0.0,0.0,0.0,0.0,0.0,-0.00023141661845189361,0.0,0.5021909574811579,0.0,0.0,True,-1.0,1.000476837158189,0.0
11,200,24.005759239196777,42,False,True,time_limit,1.0,20.000000000000014,20.73107032775879,0.9999999999999999,20,True,50.07806440778883,1.5668537013328716,382596867.4515365,-0.026037672896755036,-0.03701998528400642,-0.0018539872059125404,0.0,0.0012846215177425486,8.309196928954661e-07,-0.06518218175427232,-0.06389672931683756,0.3854949756972365,0.004005366027375615,0.5480911594502995,0.027448795279063225,0.0,0.019035832219016648,0.01592387132700844,6.683666242679465e-08,0.0,1.7355263892682147e-10,6.683666242679465e-08,1.7355263892682147e-10,0.5445728302001953,0.5,0.22771359980106354,0.25,0.5,0.7375000059604644,0.7352941176470589,0.9264705882352942,0.10905805975198746,68,0.0,0.0,0.0,38,3,0.07894736842105263,3,20,20,250,-0.06389673054218292,-0.024739905260503292,-0.024407216627150775,-0.4966721534729004,0.07013295590877533,0.06459805369377136,0.0,0.0,0.0,0.0,0.0,0.0,0.0,0.0,0.0,0.0,0.0,0.0013220532743681683,0.0005473821000964897,0.0,0.0,20.73107032775879,,,0.7310703277587756,0.05,0.05,0.236,0.95,0.0,,0,0.97575,0.024249999999999994,0.024249999999999994,0.0,0.0,0.29896907216494845,0.17525773195876287,0.5257731958762887,0.29896907216494845,0.17525773195876287,0.5257731958762887,0.49965885430164003,0.8662593215703963,2.294242262840271,-0.016420645639300346,0.0555555559694767,0.0059812963008880615,1.9978234767913818,0.9971570670604706,8.1176598072052,2.294242262840271,-2.294242262840271,0.02425,97,4000,-0.47856274247169495,4.933253288269043,-2.4331940412521362,0.9488727152347565,-2.0384374856948853,0.03490071231499314,0.0,0,1.0,1.0,0.629500000000002,11.96049999999997,46716314.842868045,1.0,0.0,0.07300455068720119,0.005384284399000575,0.07838883508620186,0.0,0.0,0.0,0.0,0.0,0.0,0.0,0.0,0.0,0.0,0.0,0.0,0.0,0.0,0.0,0.0,0.0,0.0,0.0,0.0,-0.0002705363675984456,0.0,0.49867727976699827,0.0,0.0,True,-1.0,0.7310703277587756,0.0
12,200,21.552406549453735,42,False,True,time_limit,1.0,20.000000000000014,20.259565353393555,0.0,20,True,51.31717801581408,1.4597489664054675,353883399.4814652,-0.028267535705687616,-0.002804879477152133,-0.002619076911087739,0.0,0.0011619215048460118,-0.0008721366606755019,-0.03399150826856269,-0.03370172342439181,0.784588901617248,0.008327197792374114,0.07785175655424262,0.07269465220868067,0.0,0.03233061536733754,0.02420687646011701,1.6563220128773537e-08,0.0,6.3917979416236395e-12,1.6563220128773537e-08,6.3917979416236395e-12,0.5488418936729431,0.5,0.21498607099056244,0.25,0.5,0.75,0.7319587628865979,0.8350515463917526,0.1080031618475914,97,0.0,0.0,0.0,64,9,0.140625,9,20,20,244,-0.03370172157883644,-0.02708345465362072,-0.026837954949587583,-0.5631200671195984,-0.026070469990372658,0.03370172157883644,0.0,0.0,0.0,0.0,0.0,0.0,0.0,0.0,0.0,0.0,0.0,0.0014780090243867036,0.0,0.0,0.0,20.259565353393555,,,0.2595653533935405,0.0,0.0,0.36065573770491804,1.0,0.0,,0,0.96475,0.035250000000000004,0.035250000000000004,0.0,0.0,0.3120567375886525,0.19148936170212766,0.49645390070921985,0.3120567375886525,0.19148936170212766,0.49645390070921985,0.5055886376320952,0.876681923866272,2.0125765800476074,0.12856604158878326,0.1428571492433548,-0.13253282010555267,1.008635401725769,0.36500436067581177,6.607606410980225,2.0125765800476074,-2.0125765800476074,0.03525,141,4000,-0.2144903540611267,1.165412187576294,-2.104825496673584,0.2946031391620636,-2.0439860820770264,0.04018288850784302,0.0,0,1.0,1.0,0.4932894736842109,9.37250000000002,51479870.82255908,1.0,0.0,0.050015074311046036,0.005985296548702678,0.05600037085974869,0.0,0.0,0.0,0.0,0.0,0.0,0.0,0.0,0.0,0.0,0.0,0.0,0.0,0.0,0.0,0.0,0.0,0.0,0.0,0.0,-0.00030001617463496844,0.0,0.5041867764436174,0.0,0.0,True,-1.0,0.2595653533935405,0.0
13,200,22.572970151901245,42,False,True,time_limit,1.0,20.000000000000014,20.989147186279297,0.0,20,True,52.75113027983824,1.4274978142371708,333055464.26751083,-0.028692882897755782,-0.0024858605972670695,-0.002335933990934095,0.0,0.001118995800070829,-0.0008545166865330048,-0.03393703339274575,-0.033672554279207484,0.798965511347443,0.01176067961663458,0.06921984417917408,0.06504507414577389,0.0,0.03121451062572467,0.0237943800852498,3.653910241041558e-08,0.0,8.422947270214629e-11,3.653910241041558e-08,8.422947270214629e-11,0.5416666269302368,0.5,0.21981793642044067,0.25,0.5,0.7142857313156128,0.6705882352941176,0.9294117647058824,0.10992629081010818,85,0.0,0.0,0.0,50,4,0.08,4,20,20,232,-0.03367255628108978,-0.027561995200812817,-0.027422184124588966,-0.5547322034835815,-0.02617068402469158,0.03367255628108978,0.0,0.0,0.0,0.0,0.0,0.0,0.0,0.0,0.0,0.0,0.0,0.0017469745151113597,0.0002876916891381444,0.0,0.0,20.989147186279297,,,0.9891471862792827,0.0,0.0,0.3146551724137931,1.0,0.0,,0,0.97,0.030000000000000027,0.030000000000000027,0.0,0.0,0.2916666666666667,0.18333333333333332,0.525,0.2916666666666667,0.18333333333333332,0.525,0.494331101450242,0.8632756471633911,2.015271782875061,0.035888124257326126,0.1845238171517849,-0.20145143195986748,1.0753114819526672,0.32942090183496475,6.646392107009888,2.015271782875061,-2.015271782875061,0.03,120,4000,-0.12866123020648956,0.8173709511756897,-2.0527432560920715,0.3550366014242172,-2.0866414308547974,0.06814675219357014,0.1845238171517849,0,1.0,1.0,0.5955789473684203,11.315999999999976,46029035.72611746,1.0,0.0,0.1321666471044709,0.005605202640357876,0.13777184974482884,0.0,0.0,0.0,0.0,0.0,0.0,0.0,0.0,0.0,0.0,0.0,0.0,0.0,0.0,0.0,0.0,0.0,0.0,0.0,0.0,-0.00042235590678879105,0.0,0.4970500896722078,0.0,0.0,True,-1.0,0.9891471862792827,0.0
14,200,21.747395992279053,42,False,True,time_limit,1.0,20.000000000000014,20.994007110595703,0.0,20,True,52.024136094193295,1.5263153417614688,361855053.4999043,-0.026804701871885418,-2.091030824783571e-05,-0.001975699619126082,0.0,0.0012093040373879192,-0.0007893297899368224,-0.028972088273983513,-0.02855211402653165,0.8654430907549601,0.005513858009680115,0.0006751308738720534,0.06378939012089091,0.0,0.03909344869434804,0.02548508154624877,5.318780572222126e-12,0.0,3.802120619213201e-12,5.318780572222126e-12,3.802120619213201e-12,0.5121212005615234,0.5,0.23856422305107117,0.25,0.5,0.6000000238418579,0.8939393939393939,0.9696969696969697,0.1197393611073494,66,0.0,0.0,0.0,31,3,0.0967741935483871,3,20,20,235,-0.028552113100886345,-0.025532960891723633,-0.025450486037880183,-0.11419854313135147,-0.024584010243415833,0.028552113100886345,0.0,0.0,0.0,0.0,0.0,0.0,0.0,0.0,0.0,0.0,0.0,0.000855495236250533,0.0,0.0,0.0,20.994007110595703,,,0.9940071105956889,0.0,0.0,0.2,1.0,0.0,,0,0.9765,0.023499999999999965,0.023499999999999965,0.0,0.0,0.2978723404255319,0.13829787234042554,0.5638297872340425,0.2978723404255319,0.13829787234042554,0.5638297872340425,0.5055277573669856,0.8590222746133804,2.1601171493530273,-0.04291116073727608,0.2642857184012731,-0.46647857626279193,4.508075555165608,1.7802948951721191,87.55231221516927,2.1601171493530273,-2.1601171493530273,0.0235,94,4000,0.10041393339633942,0.2395257204771042,-1.9146758715311687,0.14384489506483078,-2.1264313062032065,0.060559807966152825,0.4785714348157247,0,1.0,1.0,0.45313157894736766,8.609499999999995,42492141.66151542,1.0,0.0,0.05499081382524353,0.005915625418586465,0.06090643924383003,0.0,0.0,0.0,0.0,0.0,0.0,0.0,0.0,0.0,0.0,0.0,0.0,0.0,0.0,0.0,0.0,0.0,0.0,0.0,0.0,-0.00017077647472400938,0.0,0.5068327344298886,0.0,0.0,True,-1.0,0.9940071105956889,0.0
15,200,22.188111305236816,42,False,True,time_limit,1.0,20.000000000000014,20.663061141967773,0.0,20,True,52.62116664500421,1.4934394399177668,347574818.90167975,-0.02736181349207357,-0.009954708487092494,-0.001955712767812444,0.0,0.0012570825140543853,-0.0006556881342039981,-0.039629411151108185,-0.03902801677125663,0.6586435352143993,0.008597819350640655,0.2396260902760252,0.04707720018737354,0.0,0.030271870779793087,0.015783484191768265,6.658296136663466e-09,0.0,5.996539094270374e-12,6.658296136663466e-09,5.996539094270374e-12,0.5399580001831055,0.5,0.2255040556192398,0.25,0.5,0.6666666865348816,0.7323943661971831,0.971830985915493,0.11018098890781403,71,0.0,0.0,0.0,40,10,0.25,10,20,20,247,-0.039028018712997437,-0.026084192097187042,-0.025955769326537852,-0.677772045135498,-0.024913569912314415,0.039028018712997437,0.0,0.0,0.0,0.0,0.0,0.0,0.0,0.0,0.0,0.0,0.0,0.001531414884826373,0.0002226196307920721,0.0,0.0,20.663061141967773,,,0.6630611419677592,0.0,0.0,0.19433198380566802,1.0,0.0,,0,0.9755,0.024499999999999966,0.024499999999999966,0.0,0.0,0.2755102040816326,0.16326530612244897,0.5612244897959183,0.2755102040816326,0.16326530612244897,0.5612244897959183,0.4993495149168165,0.8619894981384277,1.9816553592681885,0.028093861415982246,0.10000000149011612,0.5260023847222328,1.3506712913513184,1.1946795582771301,4.957949638366699,1.9816553592681885,-1.9816553592681885,0.0245,98,4000,-0.5818212032318115,2.041048288345337,-3.7782901525497437,2.3135930001735687,-2.022965729236603,0.0712907500565052,0.0,0,1.0,1.0,0.4782894736842095,9.087499999999995,43506202.132915,1.0,0.0,0.06382251314566424,0.006262294371387665,0.07008480751705194,0.0,0.0,0.0,0.0,0.0,0.0,0.0,0.0,0.0,0.0,0.0,0.0,0.0,0.0,0.0,0.0,0.0,0.0,0.0,0.0,-0.00035717640412912015,0.0,0.49739000453380866,0.0,0.0,True,-1.0,0.6630611419677592,0.0
16,200,23.013579845428467,42,False,True,time_limit,1.0,20.000000000000014,20.89410972595215,0.0,20,True,52.19613308531842,1.4431324649718622,342274651.76478,-0.02834771145010467,-0.00675382615418387,-0.0018669271110297952,0.0,0.001388015765889663,-0.0009168104957610263,-0.037159407828430566,-0.03668820255830224,0.7182890382995198,0.0048382157878351815,0.17113195545501309,0.04730516893814161,0.0,0.03520500092910529,0.02323062059038498,6.546328989998074e-08,0.0,3.336383322394276e-11,6.546328989998074e-08,3.336383322394276e-11,0.5307720303535461,0.5,0.2314574420452118,0.25,0.5,0.6666666865348816,0.7575757575757576,0.9848484848484849,0.11314709484577179,66,0.0,0.0,0.0,33,4,0.12121212121212122,4,20,20,224,-0.03668820485472679,-0.0269662132486701,-0.026229793205857284,-0.5307177305221558,-0.02482602931559086,0.03668820485472679,0.0,0.0,0.0,0.0,0.0,0.0,0.0,0.0,0.0,0.0,0.0,0.0009453211672635431,0.0003689569247181742,0.0,0.0,20.89410972595215,,,0.8941097259521342,0.0,0.0,0.19196428571428573,1.0,0.0,,0,0.9785,0.021499999999999964,0.021499999999999964,0.0,0.0,0.23255813953488372,0.13953488372093023,0.627906976744186,0.23255813953488372,0.13953488372093023,0.627906976744186,0.5005503812388381,0.8686345219612122,2.320789098739624,0.04972991347312927,0.125,-0.11825729720294476,6.0410765409469604,2.8944935873150826,88.72317695617676,2.320789098739624,-2.320789098739624,0.0215,86,4000,-0.3075771629810333,1.7574925422668457,-2.1463388204574585,0.11344992741942406,-2.040671229362488,0.03936851490288973,0.625,0,1.0,1.0,0.5400000000000001,10.260000000000002,44406661.206116304,1.0,0.0,0.12552822328153287,0.005712276064546417,0.13124049934607926,0.0,0.0,0.0,0.0,0.0,0.0,0.0,0.0,0.0,0.0,0.0,0.0,0.0,0.0,0.0,0.0,0.0,0.0,0.0,0.0,-0.0001909431131116626,0.0,0.49612155346688813,0.0,0.0,True,-1.0,0.8941097259521342,0.0
17,200,23.846511363983154,42,False,True,time_limit,1.0,20.000000000000014,20.532501220703125,0.0,20,True,51.451275916327745,1.511389077296437,358875187.84736633,-0.027332605930142657,-0.08953853752001997,-0.002292175268412358,0.0,0.0012552407345803635,-0.0006858706376589284,-0.11946003664418958,-0.11889066654727108,0.22513586066446334,0.002444035000881387,0.7375197139536642,0.018880411665347565,0.0,0.010370532895933364,0.005649445819710071,1.0755369572734708e-07,0.0,2.1043254014307938e-10,1.0755369572734708e-07,2.1043254014307938e-10,0.5263221859931946,0.5,0.2280312031507492,0.25,0.5,0.6000000238418579,0.8125,0.9875,0.11460874229669571,80,0.0,0.0,0.0,48,11,0.22916666666666666,11,20,20,238,-0.1188906654715538,-0.026188598945736885,-0.025830900110304356,-0.9880020022392273,-0.025568410754203796,0.1188906654715538,0.0,0.0,0.0,0.0,0.0,0.0,0.0,0.0,0.0,0.0,0.0,0.0013959188111073676,0.0002699301273858978,0.0,0.0,20.532501220703125,,,0.5325012207031108,0.0,0.0,0.21428571428571427,1.0,0.0,,0,0.97425,0.02575000000000005,0.02575000000000005,0.0,0.0,0.22330097087378642,0.20388349514563106,0.5728155339805825,0.22330097087378642,0.20388349514563106,0.5728155339805825,0.4963192789021057,0.8675781816244125,1.981075406074524,0.027359366416931152,0.0,-0.13737109303474426,1.5336472988128662,0.6228082180023193,22.52886962890625,1.981075406074524,-1.981075406074524,0.02575,103,4000,-0.5495643019676208,2.261540174484253,-2.2055764198303223,0.28982967138290405,-1.975024700164795,0.050199758261442184,0.0,0,1.0,1.0,0.6282105263157899,11.936000000000012,47736674.25593318,1.0,0.0,0.0528064064712198,0.005667935676104321,0.058474342147324165,0.0,0.0,0.0,0.0,0.0,0.0,0.0,0.0,0.0,0.0,0.0,0.0,0.0,0.0,0.0,0.0,0.0,0.0,0.0,0.0,-0.0002967179256179297,0.0,0.49368658716243224,0.0,0.0,True,-1.0,0.5325012207031108,0.0
18,200,24.63854169845581,42,False,True,time_limit,1.0,20.000000000000014,20.6440486907959,0.0,20,True,51.01997422718168,1.5152988081639729,362839529.77692246,-0.026862802528004964,-0.06736571483844661,-0.002142401363170646,0.0,0.0013523618787403726,-0.0005854495563682308,-0.09649874105967705,-0.09573182873730213,0.27288805740623906,0.0012984939789688107,0.6843403266982819,0.021763765920202204,0.0,0.013762017032693958,0.00594733896361394,2.216129928456212e-07,0.0,1.7688824086037334e-10,2.216129928456212e-07,1.7688824086037334e-10,0.5548474192619324,0.5,0.21358603239059448,0.25,0.5,0.75,0.6790123456790124,0.9012345679012346,0.10579758882522583,81,0.0,0.0,0.0,53,8,0.1509433962264151,8,20,20,243,-0.09573182463645935,-0.025534150190651417,-0.025416696444153786,-1.1614835262298584,-0.019512120634317398,0.09573182463645935,0.0,0.0,0.0,0.0,0.0,0.0,0.0,0.0,0.0,0.0,0.0,0.0008218587301266366,0.0005657790293313555,0.0,0.0,20.6440486907959,,,0.6440486907958842,0.0,0.0,0.23045267489711935,1.0,0.0,,0,0.97475,0.025249999999999995,0.025249999999999995,0.0,0.0,0.19801980198019803,0.24752475247524752,0.5544554455445545,0.19801980198019803,0.24752475247524752,0.5544554455445545,0.4986157802616912,0.8603766918182373,2.403677429471697,-0.010608038199799401,0.1285714294229235,-0.02381601876446179,1.3601432868412562,0.6482007780245372,8.317133290427071,2.403677429471697,-2.403677429471697,0.02525,101,4000,-1.3507338762283325,6.881754398345947,-3.3775615862437656,3.079634340746062,-2.0543898854936873,0.06691802539197463,0.37857143580913544,0,1.0,1.0,0.7203947368421046,13.687499999999986,53436600.154920705,1.0,0.0,0.07789267877245645,0.005408852820098158,0.08330153159255464,0.0,0.0,0.0,0.0,0.0,0.0,0.0,0.0,0.0,0.0,0.0,0.0,0.0,0.0,0.0,0.0,0.0,0.0,0.0,0.0,-0.0001278223300513154,0.0,0.4963439388095867,0.0,0.0,True,-1.0,0.6440486907958842,0.0
19,200,19.83779549598694,42,False,True,time_limit,1.0,20.000000000000014,20.801944732666016,0.0,20,True,53.275822049462136,1.4767345641553262,341534411.0029657,-0.02777323078230521,-0.002258004024123687,-0.0026342816056302803,0.0,0.0009692624092861853,-0.0006572316864504724,-0.03297415273193929,-0.03266212200910366,0.8024551657543396,0.008917464848380826,0.065240771145954,0.07611260278139666,0.0,0.0282845244205026,0.018989471049426224,4.988688928619922e-08,0.0,5.774326459692658e-12,4.988688928619922e-08,5.774326459692658e-12,0.5777788162231445,0.5,0.2017708718776703,0.25,0.5,0.800000011920929,0.5700934579439252,0.8598130841121495,0.0984778180718422,107,0.0,0.0,0.0,81,4,0.04938271604938271,4,20,20,232,-0.03266212344169617,-0.026775785721838474,-0.02665590699762106,-0.5043768882751465,-0.025580160319805145,0.03266212344169617,0.0,0.0,0.0,0.0,0.0,0.0,0.0,0.0,0.0,0.0,0.0,0.001407772800118459,0.0,0.0,0.0,20.801944732666016,,,0.8019447326660014,0.0,0.0,0.4482758620689655,1.0,0.0,,0,0.96425,0.03574999999999995,0.03574999999999995,0.0,0.0,0.2517482517482518,0.2867132867132867,0.46153846153846156,0.2517482517482518,0.2867132867132867,0.46153846153846156,0.4917256437093679,0.8622517824172974,1.9886716604232788,0.08186307549476624,0.1111111119389534,0.1437995880842209,1.175419569015503,0.7248512506484985,2.808709144592285,1.9886716604232788,-1.9886716604232788,0.03575,143,4000,-0.5458716154098511,1.7920217514038086,-2.9916882514953613,2.1360578536987305,-2.066617727279663,0.05570342764258385,0.0,0,1.0,0.9977499999999995,0.40763157894736807,7.745000000000013,49366406.66276805,1.0,0.0,0.09759470663837559,0.005560690349916332,0.10315539698829201,0.0,0.0,0.0,0.0,0.0,0.0,0.0,0.0,0.0,0.0,0.0,0.0,0.0,0.0,0.0,0.0,0.0,0.0,0.0,0.0,-0.00030863631988007506,0.0,0.49378250003443097,0.0,0.0,True,-1.0,0.8019447326660014,0.0
20,200,21.0001277923584,42,False,True,time_limit,1.0,20.000000000000014,20.672186851501465,0.7999999999999999,20,True,50.87908017192187,1.4468195869164202,345571772.8898219,-0.027966494801806362,-0.16360167849166254,-0.002773096040632794,0.0,0.001082734622034101,0.0010854332335185756,-0.19458597306180606,-0.19241780520625518,0.14115556789819178,0.0012350955633127797,0.8257483821353405,0.013996675279680244,0.0,0.005544024064861997,0.012320255058612695,1.2209256965434179e-06,0.0,2.875705906735244e-09,1.2209256965434179e-06,2.875705906735244e-09,0.5614402890205383,0.5,0.20532047748565674,0.25,0.5,0.75,0.6542056074766355,0.8691588785046729,0.10366713255643845,107,0.0,0.0,0.0,75,9,0.12,9,20,20,243,-0.19241781532764435,-0.032953668385744095,-0.026734184194356202,-0.9246135354042053,0.23609940707683563,0.19477882981300354,0.0,0.0,0.0,0.0,0.0,0.0,0.0,0.0,0.0,0.0,0.0,0.0012659038156753507,0.0004958166714075674,0.0,0.0,20.672186851501465,,,0.6721868515014506,0.05,0.05,0.3786008230452675,0.95,0.0,,0,0.9655,0.034499999999999975,0.034499999999999975,0.0,0.0,0.2246376811594203,0.32608695652173914,0.4492753623188406,0.2246376811594203,0.32608695652173914,0.4492753623188406,0.5034217085181023,0.8682626128196717,2.0660812854766846,0.04579249024391174,0.125,-0.22809264063835144,1.217270851135254,0.37363165616989136,1.859334111213684,2.0660812854766846,-2.0660812854766846,0.0345,138,4000,-3.4011948108673096,10.430130004882812,-3.236309289932251,2.3136725425720215,-2.1139299869537354,0.059057094156742096,0.0,0,1.0,1.0,0.4667631578947369,8.8685,43985861.60700689,1.0,0.0,0.12262810141026739,0.005726805170187846,0.12835490658045512,0.0,0.0,0.0,0.0,0.0,0.0,0.0,0.0,0.0,0.0,0.0,0.0,0.0,0.0,0.0,0.0,0.0,0.0,0.0,0.0,-0.00024470372770583025,0.0,0.5031680634538643,0.0,0.0,True,-1.0,0.6721868515014506,0.0
21,200,21.184284687042236,42,False,True,time_limit,1.0,20.000000000000014,20.72970962524414,1.2,20,True,53.050309788500954,1.4880243062600589,344009315.61415225,-0.027492487669437456,-0.5380237125764125,-0.0025270446345005758,0.0,0.0010762800489856317,-0.0008521559773623221,-0.5685023246743656,-0.5682782006027479,0.04819569856553245,0.0008047897169638552,0.9431823334513121,0.004430034958292589,0.0,0.0018932714870006963,0.0014938718208984665,4.074009609666973e-07,4.980118693733576e-13,1.7421565701170017e-07,4.074009609666973e-07,1.7421565701170017e-07,0.5443361401557922,0.5,0.21392662823200226,0.25,0.5,0.6769230961799619,0.6989247311827957,0.956989247311828,0.10869009047746658,93,0.0,0.0,0.0,57,10,0.17543859649122806,10,20,20,241,-0.5682781934738159,-0.5357718765735626,-0.026297544315457343,-1.7650822401046753,-0.026157312095165253,0.5682781934738159,0.0,0.0,0.0,0.0,0.0,0.0,0.0,0.0,0.0,0.0,0.0,0.0018707994260763494,0.0005774300585946154,0.0,0.0,20.72970962524414,,,0.7297096252441264,0.0,0.0,0.3153526970954357,1.0,0.0,,0,0.96775,0.03225,0.03225,0.0,0.0,0.27906976744186046,0.18604651162790697,0.5348837209302325,0.27906976744186046,0.18604651162790697,0.5348837209302325,0.5011929098802282,0.8610725700855254,2.01602840423584,0.04778537526726723,0.1111111119389534,-0.22086146473884583,1.0263789892196655,0.285590261220932,4.2748003005981445,2.01602840423584,-2.01602840423584,0.03225,129,4000,-6.083111763000488,26.59746551513672,-2.0781707763671875,0.18759313225746155,-2.079990863800049,0.11665886640548706,0.2222222238779068,0,1.0,1.0,0.42736842105263234,8.120000000000024,50870881.94412145,1.0,0.0,0.19493236718561477,0.005557043999316011,0.20048941118493085,0.0,0.0,0.0,0.0,0.0,0.0,0.0,0.0,0.0,0.0,0.0,0.0,0.0,0.0,0.0,0.0,0.0,0.0,0.0,0.0,-0.00045907979402008724,0.0,0.49683708873268917,0.0,0.0,True,-1.0,0.7297096252441264,0.0
22,200,23.957780838012695,42,False,True,time_limit,1.0,20.000000000000014,20.63197135925293,0.0,20,True,50.72889642696915,1.5290624377395592,369901271.58076084,-0.026773470495025084,-0.01777304587003382,-0.002817267829940555,0.0,0.001355536147209025,-0.0007298212719682853,-0.04769763631446217,-0.047071921439221294,0.5377517747741835,0.006705502366099263,0.3569760207788372,0.05658552094866649,0.0,0.027322540432576856,0.014658640699636717,2.7376984235161217e-08,2.0875779539264797e-13,1.173130217968497e-10,2.7376984235161217e-08,1.173130217968497e-10,0.5604550838470459,0.5,0.2142830640077591,0.25,0.5,0.75,0.6574074074074074,0.8425925925925926,0.1043432429432869,108,0.0,0.0,0.0,75,10,0.13333333333333333,10,20,20,252,-0.047071922570466995,-0.025487372651696205,-0.024124760366976264,-1.450168490409851,-0.0217648446559906,0.047071922570466995,0.0,0.0,0.0,0.0,0.0,0.0,0.0,0.0,0.0,0.0,0.0,0.0016879419098328812,0.00035583157266760125,0.0,0.0,20.63197135925293,,,0.6319713592529155,0.0,0.0,0.3492063492063492,1.0,0.0,,0,0.96525,0.03474999999999995,0.03474999999999995,0.0,0.0,0.22302158273381295,0.2014388489208633,0.5755395683453237,0.22302158273381295,0.2014388489208633,0.5755395683453237,0.4981377346032638,0.866343080997467,2.2513246536254883,0.0648176446557045,0.3333333432674408,-0.028806904330849648,1.2949880361557007,0.6111697554588318,2.5857596397399902,2.2513246536254883,-2.2513246536254883,0.03475,139,4000,-2.014092206954956,4.7851881980896,-3.6730589866638184,2.8213701248168945,-2.170013427734375,0.04930885508656502,0.0,0,1.0,1.0,0.5894473684210522,11.199500000000008,48392282.827012606,1.0,0.0,0.14324414126261728,0.005581448466639593,0.14882558972925686,0.0,0.0,0.0,0.0,0.0,0.0,0.0,0.0,0.0,0.0,0.0,0.0,0.0,0.0,0.0,0.0,0.0,0.0,0.0,0.0,-0.00033385211946249517,0.0,0.49716009519062937,0.0,0.0,True,-1.0,0.6319713592529155,0.0
23,200,20.748809814453125,42,False,True,time_limit,1.0,20.000000000000014,20.661991119384766,0.0,20,True,50.71423104876603,1.5313649954547983,370632278.96451265,-0.026638013553441885,-0.007370392273189954,-0.0023340111140363177,0.0,0.0012748165517481038,-0.0006316772493266693,-0.03665574930259802,-0.03601261000017664,0.6906998329574459,0.008124427506987155,0.1911076703114516,0.060518817717074395,0.0,0.033170426197201855,0.01637882530983904,2.4563050260439923e-08,4.768357475364027e-13,4.103119927156833e-11,2.4563050260439923e-08,4.103119927156833e-11,0.5590196847915649,0.5,0.21213673055171967,0.25,0.5,0.8181818127632141,0.6853932584269663,0.8314606741573034,0.10489936172962189,89,0.0,0.0,0.0,60,7,0.11666666666666667,7,20,20,232,-0.03601260855793953,-0.025408140383660793,-0.025224349275231362,-1.449325680732727,-0.017972785979509354,0.03601260855793953,0.0,0.0,0.0,0.0,0.0,0.0,0.0,0.0,0.0,0.0,0.0,0.0015806887747856742,0.00042671487657983673,0.0,0.0,20.661991119384766,,,0.6619911193847514,0.0,0.0,0.3620689655172414,1.0,0.0,,0,0.9685,0.03149999999999997,0.03149999999999997,0.0,0.0,0.29365079365079366,0.23809523809523808,0.46825396825396826,0.29365079365079366,0.23809523809523808,0.46825396825396826,0.48821065342289827,0.8586529076099394,2.127660036087036,0.0042384956032037735,0.1666666716337204,-0.13083051145076752,1.0772064626216888,0.4006747752428055,20.390947818756104,2.127660036087036,-2.127660036087036,0.0315,126,4000,-0.2676607072353363,1.2977933883666992,-2.181446671485901,0.3689173460006714,-2.086937367916107,0.055703955702483654,0.0,0,1.0,1.0,0.4584736842105258,8.710999999999991,50870902.90327567,1.0,0.0,0.16641418203844052,0.006053998633597832,0.17246818067203834,0.0,0.0,0.0,0.0,0.0,0.0,0.0,0.0,0.0,0.0,0.0,0.0,0.0,0.0,0.0,0.0,0.0,0.0,0.0,0.0,-0.0003133323619298074,0.0,0.491946024809964,0.0,0.0,True,-1.0,0.6619911193847514,0.0
24,200,21.734880685806274,42,False,True,time_limit,1.0,20.000000000000014,20.7075138092041,0.0,20,True,52.94911285647455,1.3637761694291815,312669714.6238696,-0.029716822516111706,-0.029956479497533616,-0.0025578566612979602,0.0,0.0013011454800051843,-0.0006871844836874308,-0.06247411251828318,-0.061860151521962,0.4609835039993888,0.00376883207989467,0.464701193365198,0.039678862900433494,0.0,0.02020762841226765,0.010659979242817506,8.213638658105538e-09,0.0,5.479155185117366e-10,8.213638658105538e-09,5.479155185117366e-10,0.5393200516700745,0.5,0.21669407188892365,0.25,0.5,0.7142857313156128,0.6956521739130435,0.8804347826086957,0.11121115833520889,92,0.0,0.0,0.0,57,11,0.19298245614035087,11,20,20,228,-0.06186014786362648,-0.028444956988096237,-0.02827429287135601,-0.9516289234161377,-0.027547797188162804,0.06186014786362648,0.0,0.0,0.0,0.0,0.0,0.0,0.0,0.0,0.0,0.0,0.0,0.0012397638044674899,0.0006496116762051567,0.0,0.0,20.7075138092041,,,0.7075138092040874,0.0,0.0,0.2675438596491228,1.0,0.0,,0,0.97175,0.028249999999999997,0.028249999999999997,0.0,0.0,0.18584070796460178,0.17699115044247787,0.6371681415929203,0.18584070796460178,0.17699115044247787,0.6371681415929203,0.5050338183305926,0.8636825680732727,2.2808576822280884,0.06045444682240486,0.10000000149011612,-0.22414463013410568,1.4632741212844849,0.4998902380466461,3.337894558906555,2.2808576822280884,-2.2808576822280884,0.02825,113,4000,-1.9383665323257446,3.268956422805786,-3.56475830078125,1.970473289489746,-2.24120557308197,0.02596685430034995,0.0,0,1.0,1.0,0.49136842105263107,9.335999999999995,47798940.02519056,1.0,0.0,0.2227035967850787,0.005404768539327258,0.22810836532440604,0.0,0.0,0.0,0.0,0.0,0.0,0.0,0.0,0.0,0.0,0.0,0.0,0.0,0.0,0.0,0.0,0.0,0.0,0.0,0.0,-0.00024295384333623908,0.0,0.5017205140087754,0.0,0.0,True,-1.0,0.7075138092040874,0.0
25,200,22.370530605316162,42,False,True,time_limit,1.0,20.000000000000014,20.500797271728516,0.0,20,True,51.99814025096133,1.4323038775446493,340183829.28453135,-0.028462406046214906,-0.18933068918434723,-0.0027270949030565156,0.0,0.001213412441813409,-0.0008401205725294854,-0.2209852373354388,-0.22061194546615576,0.12761033272756048,0.002085024999718133,0.8488583924747253,0.012226847139824148,0.0,0.005452747596836722,0.0037666550613353147,1.400464839207416e-06,7.951896248675067e-13,4.4018569206327604e-10,1.400464839207416e-06,4.4018569206327604e-10,0.5339428782463074,0.5,0.2203158289194107,0.25,0.5,0.6666666865348816,0.6907216494845361,0.979381443298969,0.1124575212597847,97,0.0,0.0,0.0,58,14,0.2413793103448276,14,20,20,219,-0.22061192989349365,-0.02731370832771063,-0.02702161008492112,-1.0896308422088623,-0.02509506791830063,0.22061192989349365,0.0,0.0,0.0,0.0,0.0,0.0,0.0,0.0,0.0,0.0,0.0,0.0020291786230783914,0.00031170334672682524,0.0,0.0,20.500797271728516,,,0.5007972717285014,0.0,0.0,0.2922374429223744,1.0,0.0,,0,0.968,0.03200000000000003,0.03200000000000003,0.0,0.0,0.2421875,0.1796875,0.578125,0.2421875,0.1796875,0.578125,0.49815308809721387,0.8713654905557633,2.2034671306610107,0.04103383468464017,0.055555557211240135,-0.06489041695992152,1.1330315272013347,0.49428783108790714,2.359489639600118,2.2034671306610107,-2.2034671306610107,0.032,128,4000,-2.268153190612793,5.283987045288086,-4.4677817821502686,3.6861685117085776,-2.370469808578491,0.07333842664957047,0.14285714427630106,0,1.0,1.0,0.5302631578947365,10.074999999999983,46302111.24870882,1.0,0.0,0.13007758959506457,0.005676396732974964,0.13575398632803948,0.0,0.0,0.0,0.0,0.0,0.0,0.0,0.0,0.0,0.0,0.0,0.0,0.0,0.0,0.0,0.0,0.0,0.0,0.0,0.0,-0.0004650472018216883,0.0,0.4966437828065827,0.0,0.0,True,-1.0,0.5007972717285014,0.0
26,200,22.534144163131714,42,False,True,time_limit,1.0,20.000000000000014,20.664567279815675,1.4000000000000001,20,True,51.41115078306619,1.4398828303799016,341025511.0527464,-0.028280306817398515,-0.015484537404488772,-0.00246138214836155,0.0,0.0012480833221943342,-0.0005209769608887664,-0.046619380785245634,-0.045892274423940366,0.5834251591682695,0.008110809356779259,0.3194473369115987,0.05077852517492149,0.0,0.025776291787193747,0.012461877601237301,7.94912153878613e-08,1.8512501644488144e-12,9.541660725420618e-11,7.94912153878613e-08,9.541660725420618e-11,0.5771505236625671,0.5,0.20363110303878784,0.25,0.5,0.7696581333875656,0.54,0.83,0.0984552800655365,100,0.0,0.0,0.0,70,7,0.1,7,20,20,247,-0.045892275869846344,-0.027148914523422718,-0.026036545541137466,-0.713087260723114,-0.02316095307469368,0.045892275869846344,0.0,0.0,0.0,0.0,0.0,0.0,0.0,0.0,0.0,0.0,0.0,0.0018361233710847676,0.00029924606961517785,0.0,0.0,20.664567279815675,,,0.6645672798156603,0.1,0.1,0.3562753036437247,0.9,0.0,,0,0.96775,0.03225,0.03225,0.0,0.0,0.2248062015503876,0.23255813953488372,0.5426356589147286,0.2248062015503876,0.23255813953488372,0.5426356589147286,0.4986044811699092,0.862836906313896,2.1616887535367693,-0.02366352320781776,0.18583797557013376,-0.08324480908257621,1.2512969715254647,0.535211614200047,6.638370616095407,2.1616887535367693,-2.1616887535367693,0.03225,129,4000,-0.9478864669799805,2.744246482849121,-3.026562179837908,1.7206865634237016,-2.5019522394452776,0.10357463732361794,0.3469387761184147,0,1.0,1.0,0.5855789473684211,11.125999999999971,45828107.15595517,1.0,0.0,0.12818141923989185,0.005304379897116612,0.13348579913700848,0.0,0.0,0.0,0.0,0.0,0.0,0.0,0.0,0.0,0.0,0.0,0.0,0.0,0.0,0.0,0.0,0.0,0.0,0.0,0.0,-0.00039315441499667694,0.0,0.49766097575984897,0.0,0.0,True,-1.0,0.6645672798156603,0.0
27,200,21.599923133850098,42,False,True,time_limit,1.0,20.000000000000014,20.316940307617188,0.0,20,True,51.77337557550633,1.5035281847119557,356871878.94038475,-0.027266249588425148,-0.011946047513727529,-0.003069121513363213,0.0,0.0010009574694075645,-0.000779047854951723,-0.042896138830032446,-0.04267422921557768,0.610261061499597,0.013758394216270122,0.26737111801201896,0.06869171158072947,0.0,0.0224814123726509,0.017436302318733454,1.3823780875554803e-07,0.0,7.748686067787773e-12,1.3823780875554803e-07,7.748686067787773e-12,0.5299792289733887,0.4070588290691376,0.2036360651254654,0.25,0.5,0.75,0.7383177570093458,0.9065420560747663,0.1147335097193718,107,0.0,0.0,0.0,76,16,0.21052631578947367,16,20,20,232,-0.0426742285490036,-0.026225566864013672,-0.026054647564888,-0.5916308760643005,-0.025552688166499138,0.0426742285490036,0.0,0.0,0.0,0.0,0.0,0.0,0.0,0.0,0.0,0.0,0.0,0.0023973080498861194,0.0,0.0,0.0,20.316940307617188,,,0.3169403076171733,0.0,0.0,0.34051724137931033,1.0,0.0,,0,0.96675,0.03325,0.03325,0.0,0.0,0.19548872180451127,0.22556390977443608,0.5789473684210527,0.19548872180451127,0.22556390977443608,0.5789473684210527,0.502894426291419,0.8543552637100219,2.247614860534668,0.009521716623567045,0.2500000074505806,-0.21749881748110056,0.9578984975814819,0.25397928059101105,2.8799597024917603,2.247614860534668,-2.247614860534668,0.03325,133,4000,-1.2589409351348877,2.9672508239746094,-3.2666014432907104,1.62209914624691,-2.545712113380432,0.14055700600147247,0.0833333358168602,0,1.0,1.0,0.5007105263157899,9.513499999999995,44407527.07290354,1.0,0.0,0.055365779378285004,0.005770615286588999,0.06113639466487407,0.0,0.0,0.0,0.0,0.0,0.0,0.0,0.0,0.0,0.0,0.0,0.0,0.0,0.0,0.0,0.0,0.0,0.0,0.0,0.0,-0.0006147202145175928,0.0,0.5034104555313242,0.0,0.0,True,-1.0,0.3169403076171733,0.0
28,200,23.020363330841064,42,False,True,time_limit,1.0,20.000000000000014,20.74728775024414,0.0,20,True,51.74305794020531,1.4338900403334907,335105497.00880593,-0.0283276259187612,-0.006871380639575459,-0.0025763574877551917,0.0,0.0011778871172296057,-0.0008320438189967454,-0.038029097425727854,-0.0376832541274952,0.707394301947524,0.00633620153991407,0.17159134778495339,0.06433651065022114,0.0,0.029563933012483223,0.02077770506490415,1.632904655934908e-08,0.0,9.55293860509242e-12,1.632904655934908e-08,9.55293860509242e-12,0.5529165863990784,0.5,0.2207522988319397,0.25,0.5,0.75,0.711340206185567,0.8969072164948454,0.10624153167009354,97,0.0,0.0,0.0,59,6,0.1016949152542373,6,20,20,225,-0.03768325224518776,-0.02713637799024582,-0.02657290492206812,-0.606871485710144,-0.02561134099960327,0.03768325224518776,0.0,0.0,0.0,0.0,0.0,0.0,0.0,0.0,0.0,0.0,0.0,0.0013283679279890285,0.0004173531999405804,0.0,0.0,20.74728775024414,,,0.7472877502441264,0.0,0.0,0.29777777777777775,1.0,0.0,,0,0.97,0.030000000000000027,0.030000000000000027,0.0,0.0,0.19166666666666668,0.23333333333333334,0.575,0.19166666666666668,0.23333333333333334,0.575,0.49881891528764966,0.8640566170215607,2.2629711627960205,0.013054094975814223,0.09920635260641575,0.2763722836971283,1.711770087480545,1.124742016196251,23.00166231393814,2.2629711627960205,-2.2629711627960205,0.03,120,4000,-0.7708085179328918,2.4891417026519775,-3.9628783464431763,1.4166575819253922,-2.653984308242798,0.080547034740448,0.4166666716337204,0,1.0,1.0,0.5928157894736841,11.263500000000004,46246193.18894983,1.0,0.0,0.10794191122206631,0.00554915673317593,0.11349106795524214,0.0,0.0,0.0,0.0,0.0,0.0,0.0,0.0,0.0,0.0,0.0,0.0,0.0,0.0,0.0,0.0,0.0,0.0,0.0,0.0,-0.0002537333796362405,0.0,0.49845078282535543,0.0,0.0,True,-1.0,0.7472877502441264,0.0
29,200,22.238375186920166,42,False,True,time_limit,1.0,20.000000000000014,20.804756450653077,1.6000000000000003,20,True,52.48474510655351,1.5019165401685446,352458850.0091191,-0.027457255388670977,-0.01681616809455898,-0.002592340419740188,0.0,0.0012439021821476473,-0.0006744774754539128,-0.04714035976378518,-0.046570935057091645,0.5596367552909962,0.0055968425972448,0.3427489607264233,0.0528373634063838,0.0,0.025432804970899142,0.013747273008052856,7.712910310431198e-10,0.0,3.857034344689758e-11,7.712910310431198e-10,3.857034344689758e-11,0.5269168019294739,0.5,0.22198894619941711,0.25,0.5,0.7142857313156128,0.7777777777777778,0.9222222222222223,0.11521513015031815,90,0.0,0.0,0.0,46,10,0.21739130434782608,10,20,20,245,-0.04657093062996864,-0.026162556372582912,-0.02605455331504345,-0.47343724966049194,-0.023555859923362732,0.04657093062996864,0.0,0.0,0.0,0.0,0.0,0.0,0.0,0.0,0.0,0.0,0.0,0.0013001295030809102,0.0003033947438051919,0.0,0.0,20.804756450653077,,,0.8047564506530627,0.0,0.0,0.2530612244897959,1.0,0.0,,0,0.9695,0.03049999999999997,0.03049999999999997,0.0,0.0,0.26229508196721313,0.20491803278688525,0.5327868852459017,0.26229508196721313,0.20491803278688525,0.5327868852459017,0.49180985044109904,0.8570867478847504,2.20340895652771,0.03786538696537415,0.10000000397364299,0.16616533199946085,0.9875602722167969,0.6526344952483972,7.068004926045735,2.20340895652771,-2.20340895652771,0.0305,122,4000,-0.06361404061317444,0.4778204560279846,-2.8416801293691,0.5270195504029592,-2.6986606121063232,0.11002305150032043,0.16666666666666666,0,1.0,1.0,0.50421052631579,9.580000000000002,42506718.06153421,1.0,0.0,0.09017961136608675,0.00554871504295559,0.09572832640904233,0.0,0.0,0.0,0.0,0.0,0.0,0.0,0.0,0.0,0.0,0.0,0.0,0.0,0.0,0.0,0.0,0.0,0.0,0.0,0.0,-0.0002745958608148185,0.0,0.49410108620510435,0.0,0.0,True,-1.0,0.8047564506530627,0.0
30,200,21.336933135986328,42,False,True,time_limit,1.0,20.000000000000014,21.353422164916992,0.0,20,True,54.992260096724316,1.4339962744037946,323219716.9486875,-0.028561620818190088,-0.05876995363852718,-0.0028860741705728733,0.0,0.001085935468511246,-0.000868747341038981,-0.09068817069953891,-0.09047098257206865,0.3082883842392144,0.005078720508427566,0.6343510462647197,0.03115170348714208,0.0,0.011753061623293752,0.009377083877202487,6.456445600377947e-09,0.0,3.0674466612590144e-11,6.456445600377947e-09,3.0674466612590144e-11,0.5709125399589539,0.5,0.20259205996990204,0.25,0.5,0.75,0.5739130434782609,0.808695652173913,0.10038517415523529,115,0.0,0.0,0.0,75,11,0.14666666666666667,11,20,20,242,-0.09047098457813263,-0.02748983446508646,-0.027412991598248483,-0.4747311770915985,-0.0250285342335701,0.09047098457813263,0.0,0.0,0.0,0.0,0.0,0.0,0.0,0.0,0.0,0.0,0.0,0.002164159369745196,0.0,0.0,0.0,21.353422164916992,,,1.353422164916978,0.0,0.0,0.3884297520661157,1.0,0.0,,0,0.9605,0.03949999999999998,0.03949999999999998,0.0,0.0,0.2721518987341772,0.1962025316455696,0.5316455696202531,0.2721518987341772,0.1962025316455696,0.5316455696202531,0.4999637551925883,0.867331862449646,2.12707189151219,-0.016758409461804798,0.19859109606061662,0.17005206644535065,1.1026426213128226,0.7143220348017556,10.378018242972237,2.12707189151219,-2.12707189151219,0.0395,158,4000,-1.4347317218780518,7.6002912521362305,-5.121971709387643,4.93270934692451,-2.6823082651410783,0.12341967331511634,0.24041038964475905,0,1.0,1.0,0.45231578947368434,8.594,46401712.78438811,1.0,0.0,0.12361551262398164,0.005392369891540397,0.12900788251552212,0.0,0.0,0.0,0.0,0.0,0.0,0.0,0.0,0.0,0.0,0.0,0.0,0.0,0.0,0.0,0.0,0.0,0.0,0.0,0.0,-0.00047052207225140876,0.0,0.4980395772283664,0.0,0.0,True,-1.0,1.353422164916978,0.0
31,200,20.50938320159912,42,False,True,time_limit,1.0,20.000000000000014,20.495685577392578,0.0,20,True,49.31478296467135,1.5222757365449673,374954156.11786336,-0.026663152554157653,-0.008452983371199388,-0.002941415440518539,0.0,0.0010730187984093476,-0.0008086488560509743,-0.03856783510473666,-0.03830346516237752,0.6590139888614341,0.012612316623649832,0.20892631799328765,0.07270085254987861,0.0,0.02675973106974936,0.01998679290200026,8.139875440349442e-09,0.0,4.251798717790066e-12,8.139875440349442e-09,4.251798717790066e-12,0.5666936039924622,0.5,0.18853247165679932,0.25,0.5,0.761904776096344,0.5689655172413793,0.8706896551724138,0.10142811387777328,116,0.0,0.0,0.0,91,19,0.2087912087912088,19,20,20,263,-0.03830346465110779,-0.025550302118062973,-0.025359185691922904,-1.2820069789886475,-0.024687673896551132,0.03830346465110779,0.0,0.0,0.0,0.0,0.0,0.0,0.0,0.0,0.0,0.0,0.0,0.0022396960756114765,0.0,0.0,0.0,20.495685577392578,,,0.4956855773925639,0.0,0.0,0.44866920152091255,1.0,0.0,,0,0.9575,0.04249999999999998,0.04249999999999998,0.0,0.0,0.3176470588235294,0.3,0.38235294117647056,0.3176470588235294,0.3,0.38235294117647056,0.49334853303117,0.8596403598785399,2.044231653213501,0.025705277919769287,0.4000000059604645,-0.12023811042308807,1.103217363357544,0.4245999753475189,2.5775113105773926,2.044231653213501,-2.044231653213501,0.0425,170,4000,-0.7081353664398193,1.8163107633590698,-3.221587896347046,1.5058677196502686,-2.6338696479797363,0.13904185593128204,0.0,0,1.0,1.0,0.4380789473684205,8.323499999999994,46758538.229269445,1.0,0.0,0.05953176663722601,0.005410529404679793,0.06494229604190582,0.0,0.0,0.0,0.0,0.0,0.0,0.0,0.0,0.0,0.0,0.0,0.0,0.0,0.0,0.0,0.0,0.0,0.0,0.0,0.0,-0.0005102837388606965,0.0,0.4935426229545847,0.0,0.0,True,-1.0,0.4956855773925639,0.0
32,200,19.712968826293945,42,False,True,time_limit,1.0,20.000000000000014,20.4806077003479,0.7999999999999999,20,True,53.94438887578367,1.3819866131201177,314199484.7726189,-0.029793731422321057,-0.007950762736711695,-0.002740817692397684,0.0,0.0009856874188633683,0.00022349989168831097,-0.04089888502382018,-0.03968969771326917,0.6792526494277642,0.009428851629774236,0.18126553459621114,0.06248655640913953,0.0,0.022705993861100823,0.04486041407600989,1.4974656892263738e-07,0.0,1.6071513841975354e-10,1.4974656892263738e-07,1.6071513841975354e-10,0.5608612895011902,0.5,0.20506058633327484,0.25,0.5,0.7142857313156128,0.6320754716981132,0.8867924528301887,0.10342706739902496,106,0.0,0.0,0.0,81,12,0.14814814814814814,12,20,20,217,-0.039689697325229645,-0.028815455734729767,-0.028508638869971036,-0.47645309567451477,0.02960546500980854,0.03998575359582901,0.0,0.0,0.0,0.0,0.0,0.0,0.0,0.0,0.0,0.0,0.0,0.001912197130566668,0.00023685649410949046,0.0,0.0,20.4806077003479,,,0.48060770034788547,0.05,0.05,0.4792626728110599,0.95,0.0,,0,0.96275,0.037250000000000005,0.037250000000000005,0.0,0.0,0.28859060402684567,0.2483221476510067,0.46308724832214765,0.28859060402684567,0.2483221476510067,0.46308724832214765,0.49305466996526526,0.8646293073892594,2.090680480003357,0.03190817538416013,0.14646464958786964,0.17451900243759155,1.0804256200790405,0.7078137099742889,6.054671287536621,2.090680480003357,-2.090680480003357,0.03725,149,4000,-0.05422564595937729,1.1787996292114258,-2.9295705556869507,0.8009794801473618,-2.704245090484619,0.11354753375053406,0.0,0,1.0,1.0,0.46218421052631675,8.781500000000019,45968202.05128718,1.0,0.0,0.14122515107960346,0.005569367943583953,0.1467945190231874,0.0,0.0,0.0,0.0,0.0,0.0,0.0,0.0,0.0,0.0,0.0,0.0,0.0,0.0,0.0,0.0,0.0,0.0,0.0,0.0,-0.0004135731723903751,0.0,0.4930342455062782,0.0,0.0,True,-1.0,0.48060770034788547,0.0
33,200,22.830273151397705,42,False,True,time_limit,1.0,20.000000000000014,20.572662353515625,0.0,20,True,55.5877862521509,1.3337198566076145,297276195.4126688,-0.030306907314362305,-0.06765970284146636,-0.002309409537874266,0.0,0.0013487697941706425,-0.0006433660570349054,-0.10044954762245657,-0.09974414388532268,0.29583594757652254,0.001693864659358319,0.6604491872176467,0.022542925673433006,0.0,0.013197961724334973,0.006280113148704401,3.505854451191226e-08,0.0,2.0210750503735156e-10,3.505854451191226e-08,2.0210750503735156e-10,0.5599846243858337,0.5,0.20942868292331696,0.25,0.5,0.8181818127632141,0.7159090909090909,0.8409090909090909,0.10497314482927322,88,0.0,0.0,0.0,57,3,0.05263157894736842,3,20,20,220,-0.09974414110183716,-0.02908374648541212,-0.028228597156703478,-0.4970574676990509,-0.024308007210493088,0.09974414110183716,0.0,0.0,0.0,0.0,0.0,0.0,0.0,0.0,0.0,0.0,0.0,0.000942869020401135,0.00026969811232694003,0.0,0.0,20.572662353515625,,,0.5726623535156108,0.0,0.0,0.3181818181818182,1.0,0.0,,0,0.97225,0.027750000000000052,0.027750000000000052,0.0,0.0,0.2072072072072072,0.27927927927927926,0.5135135135135135,0.2072072072072072,0.27927927927927926,0.5135135135135135,0.49391312478958205,0.8659074395895003,2.2895569801330566,0.07105153053998947,0.1428571492433548,-0.07418958842754364,0.7057943344116211,0.2711380124092102,12.097856521606445,2.2895569801330566,-2.2895569801330566,0.02775,111,4000,-0.2720004618167877,3.5207109451293945,-2.6616780757904053,0.18613523244857788,-2.7113332748413086,0.17596322298049927,0.7142857313156128,0,1.0,1.0,0.6388947368421044,12.138999999999992,47711747.84528285,1.0,0.0,0.11512092812832417,0.005315035733631123,0.12043596386195518,0.0,0.0,0.0,0.0,0.0,0.0,0.0,0.0,0.0,0.0,0.0,0.0,0.0,0.0,0.0,0.0,0.0,0.0,0.0,0.0,-0.0001735279287550667,0.0,0.49547135520528535,0.0,0.0,True,-1.0,0.5726623535156108,0.0
34,200,22.92143154144287,42,False,True,time_limit,1.0,20.000000000000014,21.210529327392578,0.0,20,True,52.353030441248755,1.4751841928527885,342817435.54072386,-0.02758235134191012,-0.016348647526275316,-0.002369598530728914,0.0,0.00132973401055702,-0.0006394473601738877,-0.04640488068671079,-0.04571459403632871,0.5701385847007369,0.0021555785935583162,0.33793329099680447,0.048980579497076696,0.0,0.027574325395023223,0.01321764081680048,3.06266634275687e-09,0.0,1.9016596145004932e-10,3.06266634275687e-09,1.9016596145004932e-10,0.5130964517593384,0.41333332657814026,0.21795682609081268,0.25,0.5,0.6666666865348816,0.7974683544303798,0.9873417721518988,0.11997966468334198,79,0.0,0.0,0.0,52,16,0.3076923076923077,16,20,20,257,-0.0457145981490612,-0.026237642392516136,-0.025497170537710192,-0.6130079030990601,-0.023737192153930664,0.0457145981490612,0.0,0.0,0.0,0.0,0.0,0.0,0.0,0.0,0.0,0.0,0.0,0.0007102573310988364,0.00027959471243486076,0.0,0.0,21.210529327392578,,,1.210529327392564,0.0,0.0,0.1867704280155642,1.0,0.0,,0,0.975,0.025000000000000022,0.025000000000000022,0.0,0.0,0.21,0.22,0.57,0.21,0.22,0.57,0.5002850746409722,0.8620177626609802,2.0992212295532227,0.10013853013515472,0.2857142984867096,-0.3198916018009186,0.9620537161827087,0.154201477766037,2.878368616104126,2.0992212295532227,-2.0992212295532227,0.025,100,4000,-0.8008296489715576,2.082653760910034,-2.7955164909362793,0.31089064478874207,-2.784921407699585,0.1300591379404068,0.4285714328289032,0,1.0,1.0,0.5146842105263145,9.778999999999977,45166905.31509449,1.0,0.0,0.11474070798671648,0.005131448699834647,0.11987215668655117,0.0,0.0,0.0,0.0,0.0,0.0,0.0,0.0,0.0,0.0,0.0,0.0,0.0,0.0,0.0,0.0,0.0,0.0,0.0,0.0,-0.00010428328779718373,0.0,0.4994140688807238,0.0,0.0,True,-1.0,1.210529327392564,0.0
35,200,22.739351749420166,42,False,True,time_limit,1.0,20.000000000000014,20.845947265625,0.0,20,True,53.43695599120499,1.4662041992063937,333270126.3813642,-0.02767109541001787,-0.10795302522742649,-0.002647604149348686,0.0,0.0010062944207200884,-0.0007288823845485349,-0.13856462139340955,-0.13828720935723815,0.19722227008251533,0.002087583913842313,0.769421679270425,0.01887046728281646,0.0,0.007202981458746546,0.0051950179916540615,1.5438905265341418e-08,0.0,6.903192878437957e-10,1.5438905265341418e-08,6.903192878437957e-10,0.592275083065033,0.5,0.20104777812957764,0.25,0.5,0.8125,0.5132743362831859,0.7964601769911505,0.09372048825025558,113,0.0,0.0,0.0,79,9,0.11392405063291139,9,20,20,233,-0.13832388818264008,-0.06187598221004009,-0.02677750578150153,-0.5277557969093323,-0.02633051760494709,0.13832388818264008,0.0,0.0,0.0,0.0,0.0,0.0,0.0,0.0,0.0,0.0,0.0,0.0013974585001737454,0.0005424058669415052,0.0,0.0,20.845947265625,,,0.8459472656249858,0.0,0.0,0.3776824034334764,1.0,0.0,,0,0.9655,0.034499999999999975,0.034499999999999975,0.0,0.0,0.18115942028985507,0.26811594202898553,0.5507246376811594,0.18115942028985507,0.26811594202898553,0.5507246376811594,0.5023833620717212,0.8724568128585816,2.228119373321533,-0.006998413693509065,0.23061418440192938,-0.06381895951926708,1.0210150629281998,0.43933574319817126,9.279146820306778,2.228119373321533,-2.228119373321533,0.0345,138,4000,-0.37578168511390686,1.6735907793045044,-2.892519474029541,0.8342235144227743,-2.596766859292984,0.1278951745480299,0.32713744789361954,0,1.0,1.0,0.6130263157894739,11.647500000000013,42022524.731368534,1.0,0.0,0.16348565194330747,0.00577291798810657,0.16925856993141397,0.0,0.0,0.0,0.0,0.0,0.0,0.0,0.0,0.0,0.0,0.0,0.0,0.0,0.0,0.0,0.0,0.0,0.0,0.0,0.0,-0.0002928966066163862,0.0,0.5014024045586121,0.0,0.0,True,-1.0,0.8459472656249858,0.0
36,200,21.299780130386353,42,False,True,time_limit,1.0,20.000000000000014,20.602304458618164,1.2,20,True,50.83986571688679,1.4665136018704867,354081757.2300545,-0.027753218325987702,-0.18232963835578364,-0.0022636816848079595,0.0,0.0011426305667772156,0.0001216986607087305,-0.21261149992323963,-0.21134717069575376,0.12904815553908067,0.0012320300937452863,0.8478045051765764,0.010525768317057671,0.0,0.005334543441659707,0.006054997431880396,2.754631793777662e-07,0.0,8.908210918923044e-10,2.754631793777662e-07,8.908210918923044e-10,0.5746253728866577,0.5,0.20574285089969635,0.25,0.5,0.8521978110074997,0.6111111111111112,0.8,0.10060807317495346,90,0.0,0.0,0.0,59,5,0.0847457627118644,5,20,20,236,-0.21134716272354126,-0.03938953951001167,-0.02656111503019929,-0.9222167730331421,0.08612862974405289,0.21220846474170685,0.0,0.0,0.0,0.0,0.0,0.0,0.0,0.0,0.0,0.0,0.0,0.001440077363513177,0.0008609689080864236,0.0,0.0,20.602304458618164,,,0.6023044586181499,0.05,0.05,0.3135593220338983,0.95,0.0,,0,0.97125,0.028750000000000053,0.028750000000000053,0.0,0.0,0.21739130434782608,0.26956521739130435,0.5130434782608696,0.21739130434782608,0.26956521739130435,0.5130434782608696,0.4938608152213589,0.8525177717208862,2.2465248703956604,0.02590662706643343,0.1190476231276989,0.3761998564004898,1.2944915294647217,1.0160387679934502,3.091614007949829,2.2465248703956604,-2.2465248703956604,0.02875,115,4000,-4.166256904602051,12.220582008361816,-10.735730111598969,13.843762874603271,-2.7284409403800964,0.08169824397191405,0.0,0,1.0,1.0,0.49399999999999983,9.386000000000003,47308389.376108706,1.0,0.0,0.10794441581199332,0.0059095500148805165,0.11385396582687377,0.0,0.0,0.0,0.0,0.0,0.0,0.0,0.0,0.0,0.0,0.0,0.0,0.0,0.0,0.0,0.0,0.0,0.0,0.0,0.0,-0.0002649615566612663,0.0,0.4932125439606316,0.0,0.0,True,-1.0,0.6023044586181499,0.0
37,200,20.96626305580139,42,False,True,time_limit,1.0,20.000000000000014,20.9880615234375,1.2,20,True,50.62510897990518,1.4887308110263737,356517572.08445585,-0.027339901783359596,-0.01820845615324826,-0.0029567921379541457,0.0,0.0012101515883052387,-0.00047446315304450475,-0.048869565568129054,-0.04813387713286752,0.5375302221557382,0.007164778526492707,0.35799673161685475,0.05813353491087512,0.0,0.023885622802433677,0.015289109987605586,1.7567410637298053e-08,0.0,2.062604713762292e-11,1.7567410637298053e-08,2.062604713762292e-11,0.5541151762008667,0.4400000035762787,0.20416831970214844,0.25,0.5,0.8265151381492615,0.6545454545454545,0.8545454545454545,0.1075197234749794,110,0.0,0.0,0.0,81,11,0.13580246913580246,11,20,20,251,-0.04813482612371445,-0.026153367944061756,-0.025675358064472676,-0.5431906580924988,-0.023379391059279442,0.04813482612371445,0.0,0.0,0.0,0.0,0.0,0.0,0.0,0.0,0.0,0.0,0.0,0.0017976804858136416,0.0003871822976451241,0.0,0.0,20.9880615234375,,,0.9880615234374872,0.05,0.05,0.3665338645418327,0.95,0.0,,0,0.96525,0.03474999999999995,0.03474999999999995,0.0,0.0,0.20863309352517986,0.26618705035971224,0.5251798561151079,0.20863309352517986,0.26618705035971224,0.5251798561151079,0.49583934595060425,0.8584707647562027,2.113074858983358,0.04550874729951223,0.4583333432674408,-0.1868388702472051,1.0392267902692158,0.3258140633503596,15.119769414265951,2.113074858983358,-2.113074858983358,0.03475,139,4000,-1.8789080381393433,5.759523391723633,-3.562579949696859,1.334927832086881,-2.8545262813568115,0.09826062619686127,0.1944444477558136,0,1.0,1.0,0.4451578947368431,8.457999999999986,42846030.80280921,1.0,0.0,0.11248563075060652,0.00584958402024894,0.11833521477085548,0.0,0.0,0.0,0.0,0.0,0.0,0.0,0.0,0.0,0.0,0.0,0.0,0.0,0.0,0.0,0.0,0.0,0.0,0.0,0.0,-0.0003644154935665759,0.0,0.49704179689427835,0.0,0.0,True,-1.0,0.9880615234374872,0.0
38,200,21.321484088897705,42,False,True,time_limit,1.0,20.000000000000014,20.837844848632812,0.0,20,True,49.44514375300436,1.5688511379426053,385886595.84374267,-0.026096244638928078,-0.08338263068341671,-0.0029028385702476846,0.0,0.0012987468346732543,-0.0005165165601228392,-0.11272700551238438,-0.11194477523783236,0.22781242679208757,0.0030142927821045933,0.7279054787814789,0.025340914312526244,0.0,0.011417851925828596,0.004509035405973974,6.277992383729725e-07,0.0,2.096361646774978e-10,6.277992383729725e-07,2.096361646774978e-10,0.5835483074188232,0.5,0.18544797599315643,0.25,0.5,0.7894737124443054,0.575,0.7916666666666666,0.09676127135753632,120,0.0,0.0,0.0,96,13,0.13541666666666666,13,20,20,253,-0.111944779753685,-0.0248359190300107,-0.024347428232431412,-0.6059706211090088,-0.02157171070575714,0.111944779753685,0.0,0.0,0.0,0.0,0.0,0.0,0.0,0.0,0.0,0.0,0.0,0.0016645247418316871,0.00020090518696262252,0.0,0.0,20.837844848632812,,,0.8378448486327983,0.0,0.0,0.3952569169960474,1.0,0.0,,0,0.9625,0.03749999999999998,0.03749999999999998,0.0,0.0,0.2,0.36,0.44,0.2,0.36,0.44,0.5011844104506155,0.859432578086853,2.0633816719055176,0.04936046153306961,0.10000000149011612,-0.22023339569568634,0.9762783050537109,0.2611152231693268,2.306300163269043,2.0633816719055176,-2.0633816719055176,0.0375,150,4000,-3.2387750148773193,13.501585960388184,-3.0257036685943604,0.698512613773346,-2.9247655868530273,0.08151089400053024,0.0,0,1.0,1.0,0.46634210526315817,8.860500000000004,39679802.05238764,1.0,0.0,0.18831057238578108,0.005726851114086265,0.19403742349986752,0.0,0.0,0.0,0.0,0.0,0.0,0.0,0.0,0.0,0.0,0.0,0.0,0.0,0.0,0.0,0.0,0.0,0.0,0.0,0.0,-0.0003452916197892357,0.0,0.5012967311537359,0.0,0.0,True,-1.0,0.8378448486327983,0.0
39,200,20.576555490493774,42,False,True,time_limit,1.0,20.000000000000014,20.484410095214844,1.35,20,True,54.40413116479814,1.4068194837731234,317051422.4774891,-0.028787901415700083,-0.00025885680067050485,-0.002440625165124817,0.0,0.001004919966016177,6.784544866712846e-05,-0.03186341464107179,-0.030790649226388706,0.823070594762399,0.010751053645756493,0.007400936171400423,0.06977955000067551,0.0,0.02886375689838178,0.06013410852138679,4.224498875715632e-11,0.0,1.986497025902031e-11,4.224498875715632e-11,1.986497025902031e-11,0.6114846467971802,0.5,0.18765924870967865,0.25,0.5,0.8957983255386351,0.5596330275229358,0.7247706422018348,0.08956421911716461,109,0.0,0.0,0.0,83,11,0.13253012048192772,11,20,20,238,-0.030790653079748154,-0.02783722523599863,-0.027453506644815214,-0.14055508375167847,0.10591776669025421,0.0319058932363987,0.0,0.0,0.0,0.0,0.0,0.0,0.0,0.0,0.0,0.0,0.0,0.0016042258195702584,0.00027037380853377847,0.0,0.0,20.484410095214844,,,0.48441009521483025,0.1,0.1,0.40756302521008403,0.9,0.0,,0,0.96425,0.03574999999999995,0.03574999999999995,0.0,0.0,0.23776223776223776,0.36363636363636365,0.3986013986013986,0.23776223776223776,0.36363636363636365,0.3986013986013986,0.4949979929635213,0.8555990934371949,1.891648530960083,0.10662902146577835,0.5,-0.6805856823921204,1.492436408996582,0.059412647038698196,5.9505438804626465,1.891648530960083,-1.891648530960083,0.03575,143,4000,0.3978448510169983,0.7857136726379395,-1.927884578704834,1.264222502708435,-2.865563154220581,0.0873805359005928,0.0,0,1.0,1.0,0.5233421052631574,9.943499999999993,51274079.25986238,0.9744999999999965,0.0,0.054114775389361325,0.00516678327090749,0.0592815586602688,0.0,0.0,0.0,0.0,0.0,0.0,0.0,0.0,0.0,0.0,0.0,0.0,0.0,0.0,0.0,0.0,0.0,0.0,0.0,0.0,-0.00037603125957656926,0.0,0.4938728841827251,0.0,0.0,True,-1.0,0.48441009521483025,0.0
40,200,20.203648328781128,42,False,True,time_limit,1.0,20.000000000000014,20.963927841186525,1.6000000000000003,20,True,51.09440851756998,1.4985541662263884,363227588.8921076,-0.027591506550596594,-0.011057766301534511,-0.002783192224584923,0.0,0.0009863074812436318,-0.000851357764918766,-0.04178267377049218,-0.04164772405416759,0.6282830613918896,0.007974562383842766,0.25179514033944467,0.06337575398783396,0.0,0.022659362276585243,0.025912119620403858,1.284133048784497e-07,0.0,1.6618376813548604e-11,1.284133048784497e-07,1.6618376813548604e-11,0.5803883671760559,0.5,0.20511119067668915,0.25,0.5,0.8095238208770752,0.5701754385964912,0.8245614035087719,0.09765586256980896,114,0.0,0.0,0.0,86,7,0.08139534883720931,7,20,20,246,-0.04164772480726242,-0.026578500866889954,-0.026374201104044915,-0.7579846978187561,-0.025088181719183922,0.04164772480726242,0.0,0.0,0.0,0.0,0.0,0.0,0.0,0.0,0.0,0.0,0.0,0.0017116745753477523,0.00022643362135472736,0.0,0.0,20.963927841186525,,,0.9639278411865106,0.05,0.05,0.46747967479674796,0.95,0.0,,0,0.96125,0.03874999999999995,0.03874999999999995,0.0,0.0,0.2645161290322581,0.3096774193548387,0.4258064516129032,0.2645161290322581,0.3096774193548387,0.4258064516129032,0.4992515494843043,0.8647914588451385,2.097376585006714,0.008149213487437615,0.0685906708240509,-0.06878700697173674,1.2177531321843464,0.5331995785236359,2.3125595450401306,2.097376585006714,-2.097376585006714,0.03875,155,4000,-1.6302201747894287,3.7934212684631348,-4.154526392618815,2.7208027442296348,-2.9227508306503296,0.11561288560430209,0.0,0,1.0,1.0,0.4615263157894735,8.768999999999988,41813387.917743236,1.0,0.0,0.11448463661639346,0.005858257306230271,0.12034289392262368,0.0,0.0,0.0,0.0,0.0,0.0,0.0,0.0,0.0,0.0,0.0,0.0,0.0,0.0,0.0,0.0,0.0,0.0,0.0,0.0,-0.0003502086937764755,0.0,0.49693023892166094,0.0,0.0,True,-1.0,0.9639278411865106,0.0
41,200,20.6529438495636,42,False,True,time_limit,1.0,20.000000000000014,20.64347286224365,1.0499999999999998,20,True,51.31612145182392,1.5167684283730614,359714729.0837272,-0.026932923973100126,-0.034440228265025546,-0.002552741330089138,0.0,0.001075364986752345,0.0004818887283980423,-0.06413956940087198,-0.06258231568572376,0.4025427685806604,0.0031936250717977213,0.5147478547149188,0.03815358345461064,0.0,0.016219158636637115,0.025143009541375376,5.908657954023511e-07,0.0,8.446452620658455e-10,5.908657954023511e-07,8.446452620658455e-10,0.5984223484992981,0.5,0.1956171840429306,0.25,0.5,0.8999999761581421,0.5688073394495413,0.7798165137614679,0.0936785638332367,109,0.0,0.0,0.0,83,6,0.07228915662650602,6,20,20,243,-0.06258231401443481,-0.025857606902718544,-0.025769709795713424,-0.9613202214241028,0.10682907700538635,0.0638909637928009,0.0,0.0,0.0,0.0,0.0,0.0,0.0,0.0,0.0,0.0,0.0,0.0011549274032924513,0.0,0.0,0.0,20.64347286224365,,,0.6434728622436374,0.1,0.1,0.4156378600823045,0.9,0.0,,0,0.9645,0.035499999999999976,0.035499999999999976,0.0,0.0,0.2323943661971831,0.3028169014084507,0.4647887323943662,0.2323943661971831,0.3028169014084507,0.4647887323943662,0.4863872516673156,0.8446428656578059,2.1479954719543457,0.07869219779968262,0.25,-0.26455849409103394,13.50362491607666,6.480205059051514,131.69174194335938,2.1479954719543457,-2.1479954719543457,0.0355,142,4000,-1.1553480625152588,5.086789131164551,-3.0136263370513916,0.07922329008579254,-3.1889305114746094,0.03979985788464546,0.75,0,1.0,1.0,0.5073421052631579,9.639499999999986,52934856.41213423,1.0,0.0,0.051062198250249616,0.005341549376566823,0.05640374762681643,0.0,0.0,0.0,0.0,0.0,0.0,0.0,0.0,0.0,0.0,0.0,0.0,0.0,0.0,0.0,0.0,0.0,0.0,0.0,0.0,-0.000213675832658957,0.0,0.48716269375092813,0.0,0.0,True,-1.0,0.6434728622436374,0.0
42,200,20.64655375480652,42,False,True,time_limit,1.0,20.000000000000014,20.9522084236145,1.3,20,True,51.935622018408495,1.3635953790940434,322542423.5423501,-0.029858219910519863,-0.027017001341292653,-0.0029995773118600784,0.0,0.0010647004078048231,-0.0009369010984128052,-0.0603274036198445,-0.06019960431045239,0.47890005051639045,0.007259394060134883,0.43332935941663003,0.0481106285131048,0.0,0.017373483337236983,0.015027084156502956,5.606711397376785e-07,0.0,6.87683528177718e-11,5.606711397376785e-07,6.87683528177718e-11,0.5593839287757874,0.5,0.1901203989982605,0.25,0.5,0.673076942563057,0.5603448275862069,0.9568965517241379,0.10343369096517563,116,0.0,0.0,0.0,86,16,0.18604651162790697,16,20,20,232,-0.06019960343837738,-0.028774190694093704,-0.028610096126794816,-0.5852628350257874,-0.02694758214056492,0.06019960343837738,0.0,0.0,0.0,0.0,0.0,0.0,0.0,0.0,0.0,0.0,0.0,0.0020594845368499567,1.2438655250622668e-07,0.0,0.0,20.9522084236145,,,0.9522084236144863,0.0,0.0,0.4353448275862069,1.0,0.0,,0,0.96025,0.03974999999999995,0.03974999999999995,0.0,0.0,0.27044025157232704,0.3333333333333333,0.39622641509433965,0.27044025157232704,0.3333333333333333,0.39622641509433965,0.49592437690634456,0.8625171780586243,2.0864524841308594,0.05543453246355057,0.25,-0.17700713872909546,0.8687684535980225,0.25053542852401733,11.041998863220215,2.0864524841308594,-2.0864524841308594,0.03975,159,4000,-1.7910666465759277,10.4678373336792,-3.0620107650756836,0.33143869042396545,-3.174253463745117,0.13517862558364868,0.125,0,1.0,1.0,0.4763947368421054,9.05150000000001,46394255.185792714,1.0,0.0,0.12936507228818495,0.005359497224720066,0.1347245695129051,0.0,0.0,0.0,0.0,0.0,0.0,0.0,0.0,0.0,0.0,0.0,0.0,0.0,0.0,0.0,0.0,0.0,0.0,0.0,0.0,-0.0004526050561717587,0.0,0.4936572491212282,0.0,0.0,True,-1.0,0.9522084236144863,0.0
43,112,12.545247077941895,42,True,False,all_finished,0.0,11.199999999999976,12.095736989974975,1.3,20,True,51.62613165757803,1.493959747108093,355658982.56025165,-0.02746314102015671,-0.00010488270320474579,-0.004823909201926951,0.0,0.0010215473994860697,-0.0007204087005606492,-0.0331194304422517,-0.0328182917433263,0.7718489701453464,0.020446248622452066,0.002947718412661784,0.1355755099844268,0.0,0.02892140470569028,0.04026014812942279,2.0359141456038898e-11,0.0,2.5205007265355294e-11,2.0359141456038898e-11,2.5205007265355294e-11,0.557280957698822,0.5,0.20588278770446777,0.25,0.5,0.800000011920929,0.696078431372549,0.8627450980392157,0.10593681782484055,102,0.0,0.0,0.0,67,15,0.22388059701492538,15,20,20,243,-0.03281829133629799,-0.026380988769233227,-0.025775882601737975,-0.1360904425382614,0.0061801644042134285,0.032928649336099625,0.0,0.0,0.0,0.0,0.0,0.0,0.0,0.0,0.0,0.0,0.0,0.003065234369150651,0.00042094361879024453,0.0,0.0,12.095736989974975,,,0.8957369899749992,0.05,0.05,0.31275720164609055,0.95,0.0,,0,0.9415178571428572,0.058482142857142816,0.058482142857142816,0.0,0.0,0.22137404580152673,0.29770992366412213,0.48091603053435117,0.22137404580152673,0.29770992366412213,0.48091603053435117,0.5002317503776516,0.8584592998027801,2.297551393508911,0.04761403053998947,0.2857142984867096,0.20416545867919922,1.8581379652023315,1.1257076263427734,35.27400207519531,2.297551393508911,-2.297551393508911,0.05848214285714286,131,2240,0.33913862705230713,0.3352222144603729,-2.9458401203155518,0.28281107544898987,-3.2119340896606445,0.04736673831939697,0.1428571492433548,0,1.0,1.0,0.5565319548872185,10.574107142857141,43290794.517760806,1.0,0.0,0.14622861879015958,0.005626497666487074,0.15185511645664665,0.0,0.0,0.0,0.0,0.0,0.0,0.0,0.0,0.0,0.0,0.0,0.0,0.0,0.0,0.0,0.0,0.0,0.0,0.0,0.0,-0.0007274975169635153,0.0,0.4974177061542702,0.0,0.0,False,0.0,0.0,0.0
44,200,22.261176109313965,42,False,True,time_limit,1.0,20.000000000000014,20.56622886657715,1.5000000000000002,20,True,51.451736111617166,1.5252100077643875,365897612.9738627,-0.02703105614565167,-0.006198893712666365,-0.0029640310905255326,0.0,0.0010239412955560252,-0.0007079535685396372,-0.03646996660339116,-0.03615397887637406,0.7068387962917596,0.00721678675087503,0.16209572229039582,0.07750685570365495,0.0,0.026930706094798286,0.01941113286851613,5.040091122232582e-10,0.0,2.37903165223316e-10,5.040091122232582e-10,2.37903165223316e-10,0.5997330546379089,0.5,0.1872580200433731,0.25,0.5,0.8947368264198303,0.6377952755905512,0.7480314960629921,0.09335530549287796,127,0.0,0.0,0.0,101,12,0.1188118811881188,12,20,20,240,-0.036156751215457916,-0.02605582121759653,-0.025723463669419293,-0.4735455811023712,-0.024343041703104973,0.036156751215457916,0.0,0.0,0.0,0.0,0.0,0.0,0.0,0.0,0.0,0.0,0.0,0.0014251741874831804,0.00031670619440150226,0.0,0.0,20.56622886657715,,,0.5662288665771342,0.05,0.05,0.45416666666666666,0.95,0.0,,0,0.96225,0.03774999999999995,0.03774999999999995,0.0,0.0,0.15894039735099338,0.39072847682119205,0.4503311258278146,0.15894039735099338,0.39072847682119205,0.4503311258278146,0.491986868536787,0.8598852157592773,2.253149688243866,-0.0016404157504439354,0.2181929238140583,0.3241095393896103,1.1299384832382202,0.8817011341452599,5.2290871143341064,2.253149688243866,-2.253149688243866,0.03775,151,4000,-0.3300020098686218,1.9159907102584839,-4.016267716884613,2.3308632001280785,-3.160146713256836,0.09452595561742783,0.01666666753590107,0,1.0,1.0,0.6062631578947382,11.518999999999997,47507528.60607709,1.0,0.0,0.1125221939810361,0.0056838616147671574,0.11820605559580327,0.0,0.0,0.0,0.0,0.0,0.0,0.0,0.0,0.0,0.0,0.0,0.0,0.0,0.0,0.0,0.0,0.0,0.0,0.0,0.0,-0.00027598565454742887,0.0,0.4918016729168594,0.0,0.0,True,-1.0,0.5662288665771342,0.0
45,200,22.012614965438843,42,False,True,time_limit,1.0,20.000000000000014,20.654903411865234,0.0,20,True,50.25411007602673,1.4680182213992718,361529947.590492,-0.02777608285767127,-0.016452928580703578,-0.002423328571840275,0.0,0.001275900023157823,-0.0009578137751022924,-0.046878746313220455,-0.04656066006516522,0.5655345545907022,0.004609742431376339,0.33498962702118507,0.04934014819602652,0.0,0.026024373511360086,0.019501554249349896,2.302365054163147e-08,9.234599304859537e-13,1.6325046592324806e-10,2.302365054163147e-08,1.6325046592324806e-10,0.5467828512191772,0.5,0.2201947271823883,0.25,0.5,0.791111123561859,0.7415730337078652,0.8764044943820225,0.10891363769769669,89,0.0,0.0,0.0,54,5,0.09259259259259259,5,20,20,241,-0.046560660004615784,-0.02652315516024828,-0.026212677359580994,-1.0321846008300781,-0.023376166820526123,0.046560660004615784,0.0,0.0,0.0,0.0,0.0,0.0,0.0,0.0,0.0,0.0,0.0,0.0012424916676891842,0.000512641143005362,0.0,0.0,20.654903411865234,,,0.6549034118652202,0.0,0.0,0.2946058091286307,1.0,0.0,,0,0.97125,0.028750000000000053,0.028750000000000053,0.0,0.0,0.22608695652173913,0.23478260869565218,0.5391304347826087,0.22608695652173913,0.23478260869565218,0.5391304347826087,0.48976658039862503,0.8689230203628541,2.1623260974884033,0.1624722182750702,0.1428571492433548,-0.09907013922929764,1.1221259832382202,0.45491915941238403,1.5204627513885498,2.1623260974884033,-2.1623260974884033,0.02875,115,4000,-1.4533863067626953,3.267874240875244,-4.400494575500488,3.3631415367126465,-3.1542441844940186,0.10505199432373047,0.0,0,1.0,1.0,0.48955263157894646,9.30149999999999,49977892.95726278,1.0,0.0,0.12925971961738963,0.005690631794485399,0.13495035141187497,0.0,0.0,0.0,0.0,0.0,0.0,0.0,0.0,0.0,0.0,0.0,0.0,0.0,0.0,0.0,0.0,0.0,0.0,0.0,0.0,-0.0002264063030049505,0.0,0.4945308596851537,0.0,0.0,True,-1.0,0.6549034118652202,0.0
46,200,20.681248664855957,42,False,True,time_limit,1.0,20.000000000000014,20.868927001953125,0.0,20,True,55.564841586717634,1.3964156572299862,310520423.7481619,-0.02929084649903005,-0.011266785715148447,-0.002410772475113681,0.0,0.0011205023460792896,-0.0008883783892473921,-0.04331104955261165,-0.04307892559577936,0.6462081581566498,0.007559354968953742,0.2485653272455894,0.053185927587635524,0.0,0.0248820250779743,0.01959920696319715,2.799135145892251e-08,0.0,4.7605997269273204e-11,2.799135145892251e-08,4.7605997269273204e-11,0.5638911724090576,0.5,0.21285729110240936,0.25,0.5,0.800000011920929,0.6881720430107527,0.8172043010752689,0.10368914157152176,93,0.0,0.0,0.0,64,7,0.109375,7,20,20,217,-0.04307892918586731,-0.028316771611571312,-0.027735053561627865,-0.5550388097763062,-0.024597281590104103,0.04307892918586731,0.0,0.0,0.0,0.0,0.0,0.0,0.0,0.0,0.0,0.0,0.0,0.0017895288186893842,0.0,0.0,0.0,20.868927001953125,,,0.8689270019531108,0.0,0.0,0.4470046082949309,1.0,0.0,,0,0.965,0.03500000000000003,0.03500000000000003,0.0,0.0,0.3357142857142857,0.2,0.4642857142857143,0.3357142857142857,0.2,0.4642857142857143,0.49959371288741794,0.863116055727005,2.120967388153076,0.021936316043138504,0.0833333358168602,-0.3311096578836441,3.095414936542511,1.2096657156944275,49.04605960845947,2.120967388153076,-2.120967388153076,0.035,140,4000,-0.46441569924354553,2.184540271759033,-2.9704039096832275,0.2064673751592636,-3.210537075996399,0.06381563283503056,0.2666666731238365,0,1.0,0.995749999999999,0.49434210526315625,9.39249999999998,45944067.202959105,1.0,0.0,0.0888691508228994,0.005381743548954691,0.09425089437185404,0.0,0.0,0.0,0.0,0.0,0.0,0.0,0.0,0.0,0.0,0.0,0.0,0.0,0.0,0.0,0.0,0.0,0.0,0.0,0.0,-0.0003426448633191487,0.0,0.4992693722510012,0.0,0.0,True,-1.0,0.8689270019531108,0.0
47,200,21.58066201210022,42,False,True,time_limit,1.0,20.000000000000014,20.84319496154785,0.0,20,True,50.54031364713116,1.5166633678671941,367847211.9196891,-0.026961889098866057,-0.01455992779625298,-0.0024050838888544828,0.0,0.0011823399300013226,-0.0005720313969524241,-0.04427391777112096,-0.04366360923807308,0.5856620035992282,0.0075378495635464475,0.31626850975261395,0.052242861915413046,0.0,0.025863197242060196,0.012425577927138349,2.4957211053333594e-07,0.0,9.793574423655459e-11,2.4957211053333594e-07,9.793574423655459e-11,0.5750993490219116,0.5,0.20050688087940216,0.25,0.5,0.75,0.5979381443298969,0.8144329896907216,0.09917871654033661,97,0.0,0.0,0.0,74,13,0.17567567567567569,13,20,20,237,-0.04366360604763031,-0.025765388272702694,-0.025676863174885513,-0.7818769216537476,-0.024113142862915993,0.04366360604763031,0.0,0.0,0.0,0.0,0.0,0.0,0.0,0.0,0.0,0.0,0.0,0.0015821509111759097,0.00024852752193171385,0.0,0.0,20.84319496154785,,,0.8431949615478374,0.0,0.0,0.35443037974683544,1.0,0.0,,0,0.96725,0.032749999999999946,0.032749999999999946,0.0,0.0,0.2595419847328244,0.26717557251908397,0.4732824427480916,0.2595419847328244,0.26717557251908397,0.4732824427480916,0.4895496693697691,0.8548204004764558,2.2109572092692056,0.014975393190979958,0.14786325146754584,0.4688562999169032,1.1705860296885173,1.0469297071297963,3.514361302057902,2.2109572092692056,-2.2109572092692056,0.03275,131,4000,-0.9839229583740234,5.574581623077393,-6.94840145111084,6.103072881698608,-3.1595513820648193,0.09009853998819987,0.0,0,1.0,1.0,0.5161315789473688,9.806500000000009,43413937.00193411,1.0,0.0,0.10006329808471821,0.005882282942943066,0.10594558102766137,0.0,0.0,0.0,0.0,0.0,0.0,0.0,0.0,0.0,0.0,0.0,0.0,0.0,0.0,0.0,0.0,0.0,0.0,0.0,0.0,-0.00034701698714835846,0.0,0.48964315598935354,0.0,0.0,True,-1.0,0.8431949615478374,0.0
48,200,22.08385944366455,42,False,True,time_limit,1.0,20.000000000000014,21.353275299072266,0.0,20,True,49.89194598122774,1.480495623283184,361855500.7277518,-0.027451978671572314,-0.034778341254627136,-0.0020845872980209635,0.0,0.0013567559804983725,-0.0005305449896833012,-0.06459557167039402,-0.06376936067958028,0.4129045167033831,0.0042214668345048655,0.5231001509686322,0.03135422481246079,0.0,0.020439726913220952,0.007979913767798287,1.6701588378964516e-07,0.0,4.702498702935375e-11,1.6701588378964516e-07,4.702498702935375e-11,0.5542385578155518,0.5,0.2144068479537964,0.25,0.5,0.7142857313156128,0.6455696202531646,0.8860759493670886,0.10554871708154678,79,0.0,0.0,0.0,46,9,0.1956521739130435,9,20,20,241,-0.06376936286687851,-0.026142198592424393,-0.025759744085371496,-0.9487717151641846,-0.024775579571723938,0.06376936286687851,0.0,0.0,0.0,0.0,0.0,0.0,0.0,0.0,0.0,0.0,0.0,0.0012994590813766146,0.00047929788603404686,0.0,0.0,21.353275299072266,,,1.3532752990722514,0.0,0.0,0.22821576763485477,1.0,0.0,,0,0.97375,0.026249999999999996,0.026249999999999996,0.0,0.0,0.24761904761904763,0.20952380952380953,0.5428571428571428,0.24761904761904763,0.20952380952380953,0.5428571428571428,0.4920479267453255,0.851517704129219,2.418989658355713,0.020960657959221862,0.2291666716337204,0.020139694213867188,1.1256470680236816,0.5750717148184776,8.544752955436707,2.418989658355713,-2.418989658355713,0.02625,105,4000,-2.598360300064087,8.833739280700684,-6.104657053947449,5.753666073083878,-3.1743475198745728,0.11776504293084145,0.0555555559694767,0,1.0,1.0,0.5019736842105263,9.537499999999993,47953075.729622535,1.0,0.0,0.07781755316635248,0.005471918040753737,0.08328947120710627,0.0,0.0,0.0,0.0,0.0,0.0,0.0,0.0,0.0,0.0,0.0,0.0,0.0,0.0,0.0,0.0,0.0,0.0,0.0,0.0,-0.0002806644461746765,0.0,0.49426416606723794,0.0,0.0,True,-1.0,1.3532752990722514,0.0
49,200,23.37696075439453,42,False,True,time_limit,1.0,20.000000000000014,21.277904510498047,0.0,20,True,52.88097042690792,1.476214190227922,341261878.0588053,-0.02770437825279136,-0.13809634292037815,-0.0021233932113912933,0.0,0.0012951414173941794,-0.0007558616024857339,-0.16808712355621458,-0.16754784374130666,0.1628330029238116,0.0009580894645030298,0.8116638462462509,0.012480283435490677,0.0,0.007622187181127565,0.004442590748816229,1.2956713923983898e-08,3.9375712976644217e-13,7.477892305374116e-10,1.2956713923983898e-08,7.477892305374116e-10,0.5227549076080322,0.5,0.23314306139945984,0.25,0.5,0.6666666865348816,0.8082191780821918,0.9726027397260274,0.11635030806064606,73,0.0,0.0,0.0,34,2,0.058823529411764705,2,20,20,224,-0.16755478084087372,-0.02738008927553892,-0.026156543102115393,-1.0638089179992676,-0.024588676169514656,0.16755478084087372,0.0,0.0,0.0,0.0,0.0,0.0,0.0,0.0,0.0,0.0,0.0,0.0008228074475259622,0.00036601794966886205,0.0,0.0,21.277904510498047,,,1.2779045104980327,0.0,0.0,0.1875,1.0,0.0,,0,0.97775,0.022249999999999992,0.022249999999999992,0.0,0.0,0.1797752808988764,0.15730337078651685,0.6629213483146067,0.1797752808988764,0.15730337078651685,0.6629213483146067,0.4959984710966921,0.8598196506500244,2.2412025928497314,-0.03219866752624512,0.16666666666666666,-0.21625603238741556,1.720739444096883,0.6368087728818258,14.36965282758077,2.2412025928497314,-2.2412025928497314,0.02225,89,4000,-1.180016040802002,3.345142364501953,-3.639427105585734,1.5843225419521332,-3.1457624435424805,0.08946043439209461,0.16666666666666666,0,1.0,1.0,0.563973684210528,10.71550000000001,40216299.97584584,1.0,0.0,0.22140637743950808,0.005603842184226053,0.22701021962373416,0.0,0.0,0.0,0.0,0.0,0.0,0.0,0.0,0.0,0.0,0.0,0.0,0.0,0.0,0.0,0.0,0.0,0.0,0.0,0.0,-0.00016300917165438302,0.0,0.49444836934958586,0.0,0.0,True,-1.0,1.2779045104980327,0.0
50,200,23.666056871414185,42,False,True,time_limit,1.0,20.000000000000014,20.95986557006836,0.0,20,True,50.185044164483436,1.4623748800840723,356916051.4763838,-0.027584033230409664,-0.0069265370435223905,-0.002166912485910734,0.0,0.0013496770961673003,-0.0008708264078060156,-0.03685289525694328,-0.03637404456858186,0.7059351469209568,0.004489185677747962,0.17726508319609535,0.055455983225101826,0.0,0.0345682673246024,0.02228633365549563,2.728160275466962e-08,0.0,3.7205676560458865e-11,2.728160275466962e-08,3.7205676560458865e-11,0.5200128555297852,0.5,0.23413771390914917,0.25,0.5,0.6233333557844158,0.7837837837837838,0.9864864864864865,0.11713038384914398,74,0.0,0.0,0.0,35,4,0.11428571428571428,4,20,20,233,-0.03637993335723877,-0.02618501614779234,-0.025955097004771235,-0.5640930533409119,-0.025232894346117973,0.03637993335723877,0.0,0.0,0.0,0.0,0.0,0.0,0.0,0.0,0.0,0.0,0.0,0.000950020904729459,0.000439041133866915,0.0,0.0,20.95986557006836,,,0.9598655700683452,0.0,0.0,0.17167381974248927,1.0,0.0,,0,0.97825,0.021750000000000047,0.021750000000000047,0.0,0.0,0.14942528735632185,0.14942528735632185,0.7011494252873564,0.14942528735632185,0.14942528735632185,0.7011494252873564,0.496930793478772,0.8523269891738892,2.2744916677474976,0.05457626283168793,0.20000000298023224,0.7833178639411926,1.9168166518211365,1.7343196272850037,4.678315758705139,2.2744916677474976,-2.2744916677474976,0.02175,87,4000,-1.3586735725402832,3.115307092666626,-6.500886678695679,3.715702176094055,-3.0348575115203857,0.13578735291957855,0.0,0,1.0,1.0,0.6182105263157885,11.74600000000002,55110185.09839425,1.0,0.0,0.08865822154849916,0.005925502744309606,0.09458372429280866,0.0,0.0,0.0,0.0,0.0,0.0,0.0,0.0,0.0,0.0,0.0,0.0,0.0,0.0,0.0,0.0,0.0,0.0,0.0,0.0,-0.00017541249710059285,0.0,0.4965406493699993,0.0,0.0,True,-1.0,0.9598655700683452,0.0
51,200,23.329481840133667,42,False,True,time_limit,1.0,20.000000000000014,21.254405975341797,0.0,20,True,52.98458042204218,1.4148551532206597,328026945.0924119,-0.028769346787146807,-0.007707302264111938,-0.0021581448470822614,0.0,0.0014385785105734386,-0.0006621262870949712,-0.03874814840556745,-0.03797169618208889,0.7042655967847103,0.0027748867664909925,0.18867261286099093,0.05283078479061195,0.0,0.03524745169822235,0.016208667098973464,3.4761931999582885e-08,0.0,1.8702637615691795e-11,3.4761931999582885e-08,1.8702637615691795e-11,0.5260053277015686,0.5,0.22976720333099365,0.25,0.5,0.6809523999691008,0.8133333333333334,0.9466666666666667,0.11510106176137924,75,0.0,0.0,0.0,43,4,0.09302325581395349,4,20,20,238,-0.03800472989678383,-0.027361657470464706,-0.026965379342436795,-1.0342782735824585,-0.024644939228892326,0.03800472989678383,0.0,0.0,0.0,0.0,0.0,0.0,0.0,0.0,0.0,0.0,0.0,0.0006172600159313421,0.00032728813461837907,0.0,0.0,21.254405975341797,,,1.2544059753417827,0.0,0.0,0.18907563025210083,1.0,0.0,,0,0.97825,0.021750000000000047,0.021750000000000047,0.0,0.0,0.13793103448275862,0.19540229885057472,0.6666666666666666,0.13793103448275862,0.19540229885057472,0.6666666666666666,0.49684360435319785,0.8671381533145902,2.2514429092407227,-0.005252550356090069,0.0833333358168602,-0.1467684507369995,1.0050714910030365,0.34844256937503815,7.378442168235779,2.2514429092407227,-2.2514429092407227,0.02175,87,4000,-0.6835821270942688,2.4420571327209473,-3.3899354934692383,1.4639693647623062,-3.113947033882141,0.12743641436100006,0.0833333358168602,0,1.0,1.0,0.597605263157895,11.354499999999975,42480198.17818269,1.0,0.0,0.10627793394602182,0.00471838754996827,0.11099632149599009,0.0,0.0,0.0,0.0,0.0,0.0,0.0,0.0,0.0,0.0,0.0,0.0,0.0,0.0,0.0,0.0,0.0,0.0,0.0,0.0,-0.00011335450722669317,0.0,0.496424159277929,0.0,0.0,True,-1.0,1.2544059753417827,0.0
52,200,20.606760501861572,42,False,True,time_limit,1.0,20.000000000000014,20.43272590637207,0.0,20,True,52.657493741784094,1.521542115414153,353808233.56713563,-0.026924650203232543,-0.010093057899733934,-0.002889824929742875,0.0,0.0008860776567446301,-0.0006436334430200378,-0.040328553047407956,-0.04008610883368305,0.6431340813833148,0.010056669941974211,0.24108723685162928,0.06902763406469999,0.0,0.02132026518868267,0.015374112569699219,1.1243427522344973e-08,0.0,2.4709387053817288e-11,1.1243427522344973e-08,2.4709387053817288e-11,0.5598695874214172,0.5,0.21283262968063354,0.25,0.5,0.7888889014720917,0.6486486486486487,0.8918918918918919,0.1041378304362297,111,0.0,0.0,0.0,79,10,0.12658227848101267,10,20,20,235,-0.0401204489171505,-0.026059189811348915,-0.025732161290943623,-1.0477272272109985,-0.02494293637573719,0.0401204489171505,0.0,0.0,0.0,0.0,0.0,0.0,0.0,0.0,0.0,0.0,0.0,0.0021155406393070573,0.00027963713690633735,0.0,0.0,20.43272590637207,,,0.4327259063720561,0.0,0.0,0.425531914893617,1.0,0.0,,0,0.9625,0.03749999999999998,0.03749999999999998,0.0,0.0,0.26,0.18,0.56,0.26,0.18,0.56,0.5041759153541562,0.8707005977630615,1.8919016122817993,0.0765247493982315,0.0,-0.229428231716156,0.9293230772018433,0.22908399999141693,31.34227752685547,1.8919016122817993,-1.8919016122817993,0.0375,150,4000,-0.9745304584503174,4.436339855194092,-2.840405225753784,0.2112383246421814,-2.991351366043091,0.15581975877285004,0.2222222238779068,0,1.0,1.0,0.4738684210526321,9.003500000000013,43129954.09994199,1.0,0.0,0.123217282324104,0.005699478256615485,0.12891676058071952,0.0,0.0,0.0,0.0,0.0,0.0,0.0,0.0,0.0,0.0,0.0,0.0,0.0,0.0,0.0,0.0,0.0,0.0,0.0,0.0,-0.0004210200146983586,0.0,0.500384366328828,0.0,0.0,True,-1.0,0.4327259063720561,0.0
53,200,22.50607395172119,42,False,True,time_limit,1.0,20.000000000000014,20.810012817382812,0.0,20,True,52.92427645852,1.376758942220415,317387431.1591789,-0.029343333208134998,-0.005062082002393612,-0.0017058142539944632,0.0,0.0013872372729937254,-0.0007261659510300157,-0.03632268420079993,-0.03566161287883559,0.7634035239873516,0.0055012595090164745,0.13169639631358862,0.04437889191150943,0.0,0.03612781257770925,0.018892115700824785,3.116542302006309e-10,0.0,6.196439542027706e-11,3.116542302006309e-10,6.196439542027706e-11,0.5174055695533752,0.5,0.23883415758609772,0.25,0.5,0.6000000238418579,0.8620689655172413,1.0,0.117642343044281,58,0.0,0.0,0.0,25,3,0.12,3,20,20,232,-0.035661615431308746,-0.027944572269916534,-0.02776141008362174,-0.19163314998149872,-0.025490226224064827,0.035661615431308746,0.0,0.0,0.0,0.0,0.0,0.0,0.0,0.0,0.0,0.0,0.0,0.0009607914876799894,0.00016996041390437237,0.0,0.0,20.810012817382812,,,0.8100128173827983,0.0,0.0,0.16810344827586207,1.0,0.0,,0,0.98,0.020000000000000018,0.020000000000000018,0.0,0.0,0.275,0.1375,0.5875,0.275,0.1375,0.5875,0.4915236472077042,0.8590680718421936,2.2224987347920737,-0.02699609030969441,0.08333333333333333,-0.01763304074605306,1.8348933507998784,0.8925964633623759,8.010494788487753,2.2224987347920737,-2.2224987347920737,0.02,80,4000,0.05483311414718628,0.6193223595619202,-3.005070130030314,0.42769667009512585,-2.988637169202169,0.13553353399038315,0.5734848529100418,0,1.0,1.0,0.5382894736842117,10.227500000000015,48890415.73285722,1.0,0.0,0.09067912791990629,0.005479777385219478,0.0961589053051257,0.0,0.0,0.0,0.0,0.0,0.0,0.0,0.0,0.0,0.0,0.0,0.0,0.0,0.0,0.0,0.0,0.0,0.0,0.0,0.0,-0.00021145473627675595,0.0,0.49593194675049745,0.0,0.0,True,-1.0,0.8100128173827983,0.0
54,161,18.1012225151062,42,True,False,all_finished,0.0,16.09999999999996,16.770130157470703,0.0,20,True,50.963828846717846,1.5364536676240717,371862688.3350321,-0.026435245083925328,-7.397778609554546e-05,-0.0026680000334343115,0.0,0.0012918938678448382,-0.0007313597711729587,-0.029479535387629322,-0.028919001290956835,0.8390278942095915,0.009595091938222297,0.0023479799748017506,0.08467961778666115,0.0,0.04113679798301431,0.02321261810770922,1.1589745656237493e-11,0.0,1.5577048245035656e-11,1.1589745656237493e-11,1.5577048245035656e-11,0.5272697806358337,0.5,0.2316984236240387,0.25,0.5,0.6375000059604644,0.76,0.96,0.11454614251852036,75,0.0,0.0,0.0,40,9,0.225,9,20,20,257,-0.02895837090909481,-0.025146421045064926,-0.024633774533867836,-0.13949503004550934,-0.023091495037078857,0.02895837090909481,0.0,0.0,0.0,0.0,0.0,0.0,0.0,0.0,0.0,0.0,0.0,0.0014512954029852196,0.000139112341380467,0.0,0.0,16.770130157470703,,,0.6701301574707443,0.0,0.0,0.20233463035019456,1.0,0.0,,0,0.9680124223602484,0.031987577639751574,0.031987577639751574,0.0,0.0,0.27184466019417475,0.14563106796116504,0.5825242718446602,0.27184466019417475,0.14563106796116504,0.5825242718446602,0.5084077414845448,0.8538380950689316,2.1973148187001548,-0.0028901994228363037,0.2717171808083852,0.02339199185371399,3.466042995452881,1.7492851813634236,79.48745854695638,2.1973148187001548,-2.1973148187001548,0.031987577639751553,103,3220,0.23549440503120422,0.22050823271274567,-2.784433046976725,0.1681288778781891,-3.0294337272644043,0.1355453630288442,0.5010101050138474,0,1.0,1.0,0.4750572082379863,9.02608695652173,44862277.550672255,1.0,0.0,0.09801217900747171,0.005744734797218687,0.10375691380469025,0.0,0.0,0.0,0.0,0.0,0.0,0.0,0.0,0.0,0.0,0.0,0.0,0.0,0.0,0.0,0.0,0.0,0.0,0.0,0.0,-0.00030231248417390567,0.0,0.5036074600425428,0.0,0.0,False,0.0,0.0,0.0
55,200,22.828668117523193,42,False,True,time_limit,1.0,20.000000000000014,20.889171600341797,0.0,20,True,54.089939010865194,1.4862320602734524,343307728.17783993,-0.027725935518312442,-0.046856709463016545,-0.0020897823488754655,0.0,0.001208948327021505,-0.0006102815964588145,-0.07715168271231851,-0.07655301598175551,0.35108881209295284,0.006068729500004775,0.593338553106337,0.026462558924834616,0.0,0.01531345417899979,0.007727892196871027,2.113422397087561e-07,9.509052074398172e-13,3.627423326990611e-11,2.113422397087561e-07,3.627423326990611e-11,0.5225528478622437,0.5,0.23082011938095093,0.25,0.5,0.6300000220537187,0.7638888888888888,1.0,0.11609901487827301,72,0.0,0.0,0.0,35,6,0.17142857142857143,6,20,20,231,-0.07660147547721863,-0.026631216518580914,-0.025687272567301987,-1.4175176620483398,-0.023644428700208664,0.07660147547721863,0.0,0.0,0.0,0.0,0.0,0.0,0.0,0.0,0.0,0.0,0.0,0.0019985922790286613,0.0012398230081773025,0.0,0.0,20.889171600341797,,,0.8891716003417827,0.0,0.0,0.2510822510822511,1.0,0.0,,0,0.97275,0.027249999999999996,0.027249999999999996,0.0,0.0,0.3394495412844037,0.10091743119266056,0.5596330275229358,0.3394495412844037,0.10091743119266056,0.5596330275229358,0.5004428236151761,0.8613633275032043,2.0818996088845387,-0.05582684524623411,0.1539682564990861,0.051099235458033423,3.1926132270268033,1.6406564606087548,11.966877715928215,2.0818996088845387,-2.0818996088845387,0.02725,109,4000,-2.624302864074707,6.9958815574646,-5.877998386110578,3.005728615181787,-2.8516507829938615,0.16495479856218612,0.20634920788662775,0,1.0,1.0,0.5440526315789481,10.33700000000001,46448908.26546213,1.0,0.0,0.20225175795438677,0.00537862982929754,0.20763038778368434,0.0,0.0,0.0,0.0,0.0,0.0,0.0,0.0,0.0,0.0,0.0,0.0,0.0,0.0,0.0,0.0,0.0,0.0,0.0,0.0,-0.0004792553821130157,0.0,0.5007362067247741,0.0,0.0,True,-1.0,0.8891716003417827,0.0
56,176,20.920374393463135,42,True,False,all_finished,0.0,17.59999999999998,18.566146850585938,0.0,20,True,51.582345418077885,1.4280637435945138,340514272.4339107,-0.028540129832892672,-0.005064798672322243,-0.0019648922105610575,0.0,0.001461588673310651,-0.0008051499275552547,-0.03584664359081504,-0.035190204845059476,0.7488109964192784,0.007263036787269754,0.13288576340370004,0.05155312546444635,0.0,0.038362257433959594,0.02112482049134578,6.4319345405294825e-09,0.0,2.9018041580730554e-10,6.4319345405294825e-09,2.9018041580730554e-10,0.5072681903839111,0.5,0.24461154639720917,0.25,0.5,0.6000000238418579,0.9298245614035088,0.9824561403508771,0.12134069204330444,57,0.0,0.0,0.0,21,2,0.09523809523809523,2,20,20,238,-0.03524111583828926,-0.02714741788804531,-0.026759051252156496,-0.5279390215873718,-0.02438994124531746,0.03524111583828926,0.0,0.0,0.0,0.0,0.0,0.0,0.0,0.0,0.0,0.0,0.0,0.0012236770124281087,0.0007610543067324911,0.0,0.0,18.566146850585938,,,0.9661468505859574,0.0,0.0,0.11764705882352941,1.0,0.0,,0,0.9795454545454545,0.020454545454545503,0.020454545454545503,0.0,0.0,0.20833333333333334,0.06944444444444445,0.7222222222222222,0.20833333333333334,0.06944444444444445,0.7222222222222222,0.5021653930387596,0.8785732865333558,2.032132387161255,0.05046260356903076,0.5714285969734192,-0.18672600388526917,1.58331298828125,0.5983492732048035,5.549574375152588,2.032132387161255,-2.032132387161255,0.020454545454545454,72,3520,-0.1416853815317154,1.3796685934066772,-2.8467495441436768,0.20418871939182281,-2.982823610305786,0.07988297939300537,0.8571428656578064,0,1.0,1.0,0.594946172248804,11.303977272727279,46683507.359113224,1.0,0.0,0.18140332760481795,0.005529248929795014,0.18693257653461295,0.0,0.0,0.0,0.0,0.0,0.0,0.0,0.0,0.0,0.0,0.0,0.0,0.0,0.0,0.0,0.0,0.0,0.0,0.0,0.0,-0.0002768228750392023,0.0,0.5000926110462222,0.0,0.0,False,0.0,0.0,0.0
57,200,24.531587839126587,42,False,True,time_limit,1.0,20.000000000000014,20.642419815063477,0.0,20,True,49.848522903970164,1.5059772208977205,367278654.36634624,-0.02698757429609211,-0.012094377255006882,-0.0027598765718855472,0.0,0.0013277656336710612,-0.0007258787230068783,-0.04205992145241415,-0.04145803454174951,0.6117158732396439,0.0049434287793219496,0.27413810751074147,0.06255694893812921,0.0,0.030192457113342668,0.016453184418820755,4.185900792652575e-10,3.0149470160029113e-12,1.7753123693342557e-10,4.185900792652575e-10,1.7753123693342557e-10,0.5496533513069153,0.5,0.22269991040229797,0.25,0.5,0.746428573131561,0.6990291262135923,0.912621359223301,0.10717964917421341,103,0.0,0.0,0.0,56,5,0.08928571428571429,5,20,20,255,-0.04151533544063568,-0.025755567476153374,-0.025044298730790615,-0.473814457654953,-0.024411233142018318,0.04151533544063568,0.0,0.0,0.0,0.0,0.0,0.0,0.0,0.0,0.0,0.0,0.0,0.001188067828780833,0.00020043064850465696,0.0,0.0,20.642419815063477,,,0.6424198150634624,0.0,0.0,0.29411764705882354,1.0,0.0,,0,0.96675,0.03325,0.03325,0.0,0.0,0.22556390977443608,0.14285714285714285,0.631578947368421,0.22556390977443608,0.14285714285714285,0.631578947368421,0.4992577873071743,0.8563936501741409,2.405383348464966,0.06756370514631271,0.0,-0.257188618183136,1.0406352281570435,0.2553442716598511,13.161041259765625,2.405383348464966,-2.405383348464966,0.03325,133,4000,-0.6068978905677795,1.930542230606079,-2.924391269683838,0.2495325207710266,-2.8419153690338135,0.200179323554039,0.1428571492433548,0,1.0,1.0,0.6128157894736834,11.643500000000026,44610472.21982039,1.0,0.0,0.16667810358276783,0.0054256934261539096,0.17210379700892167,0.0,0.0,0.0,0.0,0.0,0.0,0.0,0.0,0.0,0.0,0.0,0.0,0.0,0.0,0.0,0.0,0.0,0.0,0.0,0.0,-0.000218093329428982,0.0,0.49811351246293634,0.0,0.0,True,-1.0,0.6424198150634624,0.0
58,200,21.35079002380371,42,False,True,time_limit,1.0,20.000000000000014,20.759136199951172,0.0,20,True,50.58828562827784,1.506710984131254,369847133.04454505,-0.027522744880227244,-0.009496614141159926,-0.002358467676743054,0.0,0.0013517414571325085,-0.0007837612373685809,-0.040049540140563146,-0.03948155992079851,0.6523409873919338,0.01592087606769091,0.22508767467357776,0.0559001342225798,0.0,0.032173707409225996,0.01857662023499171,5.008442016674053e-08,5.536789017719645e-13,2.8228948692476924e-11,5.008442016674053e-08,2.8228948692476924e-11,0.5689324140548706,0.5,0.20736685395240784,0.25,0.5,0.8133333325386044,0.6129032258064516,0.8494623655913979,0.1014394536614418,93,0.0,0.0,0.0,62,4,0.06451612903225806,4,20,20,246,-0.0395057387650013,-0.026340549811720848,-0.025033871550112965,-0.5043625831604004,-0.022442597895860672,0.0395057387650013,0.0,0.0,0.0,0.0,0.0,0.0,0.0,0.0,0.0,0.0,0.0,0.0026248347221454246,0.0,0.0,0.0,20.759136199951172,,,0.7591361999511577,0.0,0.0,0.3943089430894309,1.0,0.0,,0,0.96275,0.037250000000000005,0.037250000000000005,0.0,0.0,0.37583892617449666,0.18120805369127516,0.4429530201342282,0.37583892617449666,0.18120805369127516,0.4429530201342282,0.5059181908466232,0.859300947189331,2.160930871963501,0.11844754219055176,0.1666666716337204,-0.2008380889892578,0.9373931884765625,0.2608720064163208,27.421812057495117,2.160930871963501,-2.160930871963501,0.03725,149,4000,-0.8849124908447266,4.515325546264648,-2.7357594966888428,0.19145451486110687,-2.833637237548828,0.19206513464450836,0.5,0,1.0,0.9982499999999996,0.4550000000000003,8.645000000000012,42683047.22002077,1.0,0.0,0.1825642074969592,0.005704516837724233,0.18826872433468353,0.0,0.0,0.0,0.0,0.0,0.0,0.0,0.0,0.0,0.0,0.0,0.0,0.0,0.0,0.0,0.0,0.0,0.0,0.0,0.0,-0.0006717134424323781,0.0,0.5045330690057017,0.0,0.0,True,-1.0,0.7591361999511577,0.0
59,200,21.83286476135254,42,False,True,time_limit,1.0,20.000000000000014,20.73773956298828,0.0,20,True,53.55197628331412,1.400570366899802,319592509.82560116,-0.02901180223998436,-0.06154044967596513,-0.0019761112244867495,0.0,0.0012391501189712084,-0.0008605568963754673,-0.09289454473980534,-0.09251595151720994,0.30540174178977675,0.00385472427164179,0.6478246461939203,0.020802148206319333,0.0,0.013057820244453115,0.009058919293888508,3.075722929679614e-07,0.0,1.394462198489593e-10,3.075722929679614e-07,1.394462198489593e-10,0.5268806219100952,0.5,0.23351161181926727,0.25,0.5,0.6666666865348816,0.8115942028985508,0.9855072463768116,0.11455715447664261,69,0.0,0.0,0.0,34,2,0.058823529411764705,2,20,20,227,-0.09251595288515091,-0.027796374633908272,-0.027517883852124215,-1.3693722486495972,-0.025555603206157684,0.09251595288515091,0.0,0.0,0.0,0.0,0.0,0.0,0.0,0.0,0.0,0.0,0.0,0.0017072941219353982,0.0002769951928129973,0.0,0.0,20.73773956298828,,,0.737739562988267,0.0,0.0,0.2775330396475771,1.0,0.0,,0,0.97375,0.026249999999999996,0.026249999999999996,0.0,0.0,0.34285714285714286,0.12380952380952381,0.5333333333333333,0.34285714285714286,0.12380952380952381,0.5333333333333333,0.5051005340138509,0.8679233878850932,2.05976939201355,0.036860900620619454,0.18452381094296774,-0.11182210346062978,0.7825440168380737,0.2727961987257004,9.09470953543981,2.05976939201355,-2.05976939201355,0.02625,105,4000,-1.4491689205169678,7.138094902038574,-3.6895960172017417,2.5543308506409326,-2.8298670450846353,0.163768803079923,0.1944444477558136,0,1.0,1.0,0.5333947368421047,10.13450000000001,43682834.84370582,1.0,0.0,0.07603019699295892,0.005780373198376144,0.08181057019133518,0.0,0.0,0.0,0.0,0.0,0.0,0.0,0.0,0.0,0.0,0.0,0.0,0.0,0.0,0.0,0.0,0.0,0.0,0.0,0.0,-0.00036618159936860887,0.0,0.5008583049960434,0.0,0.0,True,-1.0,0.737739562988267,0.0
60,193,21.04986047744751,42,True,False,all_finished,0.0,19.300000000000004,20.200328826904297,0.0,20,True,51.85335202647201,1.4617711036370902,347987612.55566585,-0.02816966600777227,-0.0013071279454418062,-0.002120792297598279,0.0,0.0013012654584693465,-0.0007231249898365755,-0.031894275082570527,-0.03131613461393769,0.8303127681067415,0.00874502825469637,0.038528146636527844,0.0625112460585237,0.0,0.03858839735292341,0.0213144135905873,9.668345984925608e-11,0.0,4.955912590032246e-11,9.668345984925608e-11,4.955912590032246e-11,0.5211904644966125,0.5,0.2353571504354477,0.25,0.5,0.6666666865348816,0.8571428571428571,0.9571428571428572,0.11694653332233429,70,0.0,0.0,0.0,37,4,0.10810810810810811,4,20,20,241,-0.031316135078668594,-0.026871342211961746,-0.026410223543643953,-0.10739979147911072,-0.024513116106390953,0.031316135078668594,0.0,0.0,0.0,0.0,0.0,0.0,0.0,0.0,0.0,0.0,0.0,0.0014093767930235049,0.0005413330980642524,0.0,0.0,20.200328826904297,,,0.9003288269042926,0.0,0.0,0.25311203319502074,1.0,0.0,,0,0.9727979274611399,0.02720207253886009,0.02720207253886009,0.0,0.0,0.3333333333333333,0.1619047619047619,0.5047619047619047,0.3333333333333333,0.1619047619047619,0.5047619047619047,0.4892630179968402,0.8692324280738831,2.2804269790649414,0.02059025689959526,0.09090909361839294,-0.03288768604397774,0.8635028600692749,0.39150404930114746,4.353166103363037,2.2804269790649414,-2.2804269790649414,0.027202072538860103,105,3860,0.023573214188218117,0.3462155759334564,-2.7446112632751465,0.27676844596862793,-2.7977499961853027,0.15472550690174103,0.1818181872367859,0,1.0,1.0,0.48541041723479633,9.222797927461132,41341383.63981214,1.0,0.0,0.10045603261104337,0.0055641179819205825,0.10602015059296395,0.0,0.0,0.0,0.0,0.0,0.0,0.0,0.0,0.0,0.0,0.0,0.0,0.0,0.0,0.0,0.0,0.0,0.0,0.0,0.0,-0.00029668883175798565,0.0,0.4936955701598386,0.0,0.0,False,0.0,0.0,0.0
61,200,21.293540477752686,42,False,True,time_limit,1.0,20.000000000000014,20.830312728881836,0.0,20,True,50.22379092329153,1.49923743003479,367174294.68391013,-0.02718941356884913,-0.0051682878730380175,-0.0022798437136915925,0.0,0.0013550009234473816,-0.0006970718971258203,-0.03499279890034907,-0.03433486987402841,0.7339241390298663,0.009589368233624471,0.13950765130968878,0.06153984639855472,0.0,0.036622925654628345,0.018816069373637397,1.853267261875402e-10,0.0,3.619568065410524e-11,1.853267261875402e-10,3.619568065410524e-11,0.5297470092773438,0.5,0.22651787102222443,0.25,0.5,0.669047638773918,0.7875,0.95,0.11399217694997787,80,0.0,0.0,0.0,48,8,0.16666666666666666,8,20,20,237,-0.03433487191796303,-0.025894394144415855,-0.025020787958055735,-0.43450212478637695,-0.022711532190442085,0.03433487191796303,0.0,0.0,0.0,0.0,0.0,0.0,0.0,0.0,0.0,0.0,0.0,0.0014910258597784466,0.0,0.0,0.0,20.830312728881836,,,0.8303127288818217,0.0,0.0,0.27848101265822783,1.0,0.0,,0,0.9705,0.02949999999999997,0.02949999999999997,0.0,0.0,0.3220338983050847,0.13559322033898305,0.5423728813559322,0.3220338983050847,0.13559322033898305,0.5423728813559322,0.4965143324617585,0.863361644744873,2.1898324489593506,0.12484121322631836,0.2222222238779068,0.525170087814331,1.5780563354492188,1.3071374893188477,7.784161567687988,2.1898324489593506,-2.1898324489593506,0.0295,118,4000,-0.08046834170818329,0.5632955431938171,-3.1707441806793213,0.7259083986282349,-2.761335611343384,0.14518749713897705,0.0,0,1.0,1.0,0.45418421052631575,8.629500000000009,46378427.14001843,1.0,0.0,0.0977085683442619,0.005542101426892149,0.1032506697711541,0.0,0.0,0.0,0.0,0.0,0.0,0.0,0.0,0.0,0.0,0.0,0.0,0.0,0.0,0.0,0.0,0.0,0.0,0.0,0.0,-0.0003552537447707384,0.0,0.49847232466057173,0.0,0.0,True,-1.0,0.8303127288818217,0.0
62,200,21.94248914718628,42,False,True,time_limit,1.0,20.000000000000014,21.125743865966797,0.0,20,True,51.308126566528415,1.4781397649997428,351690101.4617809,-0.027672196266108312,-0.16618230497516587,-0.0022334557597132685,0.0,0.0014315440801191918,-0.0007571057251312493,-0.19659819384785734,-0.1959237554928707,0.13920280543417302,0.0025667063010632505,0.8359670061459035,0.011235223419760862,0.0,0.00721969793525352,0.0038085607638459226,2.0330587631178787e-06,2.5570688145029608e-12,7.93572438317901e-10,2.0330587631178787e-06,7.93572438317901e-10,0.5401822328567505,0.5,0.22363317012786865,0.25,0.5,0.7142857313156128,0.691358024691358,0.9259259259259259,0.11029410362243652,81,0.0,0.0,0.0,44,4,0.09090909090909091,4,20,20,234,-0.19592374563217163,-0.027172585017979145,-0.025899278931319717,-0.9335169196128845,-0.02014182135462761,0.19592374563217163,0.0,0.0,0.0,0.0,0.0,0.0,0.0,0.0,0.0,0.0,0.0,0.002111427743312145,0.0004174334452621942,0.0,0.0,21.125743865966797,,,1.1257438659667827,0.0,0.0,0.2948717948717949,1.0,0.0,,0,0.9695,0.03049999999999997,0.03049999999999997,0.0,0.0,0.3360655737704918,0.13114754098360656,0.5327868852459017,0.3360655737704918,0.13114754098360656,0.5327868852459017,0.4925293013447381,0.8580027043819426,2.115798314412435,0.02372226243217786,0.20370370894670486,0.445820359668384,1.33762522538503,1.107817033926646,2.637948513031006,2.115798314412435,-2.115798314412435,0.0305,122,4000,-5.5210862159729,13.440239906311035,-13.839671770731607,18.478607495625813,-2.7592368125915527,0.12255113323529561,0.0,0,1.0,1.0,0.4737894736842108,9.002000000000015,42998987.539027415,1.0,0.0,0.2191778803004271,0.00580536101382901,0.22498324131425612,0.0,0.0,0.0,0.0,0.0,0.0,0.0,0.0,0.0,0.0,0.0,0.0,0.0,0.0,0.0,0.0,0.0,0.0,0.0,0.0,-0.0005102368468720734,0.0,0.4944256072852295,0.0,0.0,True,-1.0,1.1257438659667827,0.0
63,200,22.077991247177124,42,False,True,time_limit,1.0,20.000000000000014,20.576427459716797,0.0,20,True,51.18294233526252,1.4549730934325815,344856396.15190685,-0.0279479222236677,-0.03241490261097455,-0.0019381955647681777,0.0,0.001333366612762991,-0.0005398296134906717,-0.06248700775870158,-0.061693470759428666,0.4342296870534456,0.0028897043642257653,0.5036336119724688,0.030113940020375984,0.0,0.020745669425162788,0.008387387164321171,5.960576743291313e-08,0.0,8.901167823649442e-11,5.960576743291313e-08,8.901167823649442e-11,0.5284664034843445,0.5,0.2322654128074646,0.25,0.5,0.6666666865348816,0.7941176470588235,0.9705882352941176,0.1140114888548851,68,0.0,0.0,0.0,32,2,0.0625,2,20,20,244,-0.06170077621936798,-0.026625647209584713,-0.026411515660583973,-0.9734598398208618,-0.025391165167093277,0.06170077621936798,0.0,0.0,0.0,0.0,0.0,0.0,0.0,0.0,0.0,0.0,0.0,0.0010210931118733147,0.00023494666957978675,0.0,0.0,20.576427459716797,,,0.5764274597167827,0.0,0.0,0.21721311475409835,1.0,0.0,,0,0.975,0.025000000000000022,0.025000000000000022,0.0,0.0,0.32,0.13,0.55,0.32,0.13,0.55,0.5032333699038631,0.8690181672573087,1.8479779958724976,0.03738383203744888,0.10000000149011612,-0.19752946496009827,1.2095084190368652,0.40127724409103394,1.8864202499389648,1.8479779958724976,-1.8479779958724976,0.025,100,4000,-2.2588515281677246,5.170290946960449,-4.048329830169678,3.095013380050659,-2.764983654022217,0.17352913320064545,0.0,0,1.0,1.0,0.4903157894736844,9.316,48763863.9052318,1.0,0.0,0.08336703378428008,0.005703140757570864,0.08907017454185087,0.0,0.0,0.0,0.0,0.0,0.0,0.0,0.0,0.0,0.0,0.0,0.0,0.0,0.0,0.0,0.0,0.0,0.0,0.0,0.0,-0.00018598735929087825,0.0,0.5020524573030416,0.0,0.0,True,-1.0,0.5764274597167827,0.0
64,200,21.833472967147827,42,False,True,time_limit,1.0,20.000000000000014,20.964506149291992,0.0,20,True,50.51142154491422,1.4952385728164415,359661389.9977305,-0.027171819301108794,-0.11321467198592436,-0.0025991803988947657,0.0,0.001214524173695143,-0.00039873149445094594,-0.1435764250641118,-0.14276063238487116,0.18714170626553367,0.004068722596415681,0.7797485569497373,0.017901453316423604,0.0,0.008393359324380267,0.0027462015475096004,7.2911852555535e-08,3.8516112770958094e-13,1.1480772131589045e-10,7.2911852555535e-08,1.1480772131589045e-10,0.5580400228500366,0.5,0.2144865244626999,0.25,0.5,0.7800000131130217,0.696969696969697,0.8484848484848485,0.10501737147569656,99,0.0,0.0,0.0,62,7,0.11290322580645161,7,20,20,244,-0.14277638494968414,-0.035220665857195854,-0.02591133425012231,-0.9799489378929138,-0.02360658347606659,0.14277638494968414,0.0,0.0,0.0,0.0,0.0,0.0,0.0,0.0,0.0,0.0,0.0,0.002304325021503737,0.0,0.0,0.0,20.964506149291992,,,0.964506149291978,0.0,0.0,0.3483606557377049,1.0,0.0,,0,0.965,0.03500000000000003,0.03500000000000003,0.0,0.0,0.29285714285714287,0.17857142857142858,0.5285714285714286,0.29285714285714287,0.17857142857142858,0.5285714285714286,0.5029557673639186,0.8743410408496857,2.130889058113098,0.03620318882167339,0.1547619104385376,-0.25124962627887726,0.8972113281488419,0.19050426967442036,6.408615350723267,2.130889058113098,-2.130889058113098,0.035,140,4000,-1.4280445575714111,5.128671169281006,-2.850906252861023,0.29897113144397736,-2.821013569831848,0.15495973080396652,0.3690476343035698,0,1.0,1.0,0.4645263157894736,8.825999999999986,42628684.060673445,1.0,0.0,0.1356724478456643,0.005873465912109089,0.14154591375777334,0.0,0.0,0.0,0.0,0.0,0.0,0.0,0.0,0.0,0.0,0.0,0.0,0.0,0.0,0.0,0.0,0.0,0.0,0.0,0.0,-0.000590753378187544,0.0,0.5012161799351161,0.0,0.0,True,-1.0,0.964506149291978,0.0
65,200,21.608099699020386,42,False,True,time_limit,1.0,20.000000000000014,20.98155975341797,0.0,20,True,51.669574449249104,1.4461499910011733,337681714.9829937,-0.02800392843564054,-0.3443395349208754,-0.0022933442568742334,0.0,0.0011656795247174485,-0.0007178141502424517,-0.37499318087934835,-0.3745453155048714,0.07430455793609388,0.0009455872610159914,0.9136574170662629,0.006085072370969367,0.0,0.0031027446180145754,0.001904620747643268,7.543017659372708e-07,2.695156652108427e-13,1.7584446698748366e-08,7.543017659372708e-07,1.7584446698748366e-08,0.5477114915847778,0.5,0.2128109186887741,0.25,0.5,0.7428571462631225,0.7176470588235294,0.9058823529411765,0.10792209208011627,85,0.0,0.0,0.0,55,8,0.14545454545454545,8,20,20,225,-0.3745955228805542,-0.4587000608444214,-0.026810902636498216,-0.9215096831321716,-0.02588054910302162,0.3745955228805542,0.0,0.0,0.0,0.0,0.0,0.0,0.0,0.0,0.0,0.0,0.0,0.0014915994680882176,0.00017583505654196566,0.0,0.0,20.98155975341797,,,0.9815597534179545,0.0,0.0,0.3377777777777778,1.0,0.0,,0,0.96925,0.030750000000000055,0.030750000000000055,0.0,0.0,0.3089430894308943,0.21951219512195122,0.4715447154471545,0.3089430894308943,0.21951219512195122,0.4715447154471545,0.4966555349024596,0.866096165776252,2.2800025939941406,0.04466579481959343,0.0,-0.153423011302948,1.449720025062561,0.5641127228736877,1.4401462078094482,2.2800025939941406,-2.2800025939941406,0.03075,123,4000,-8.699113845825195,20.729135513305664,-7.495675086975098,6.657016754150391,-2.9175233840942383,0.12545551359653473,0.0,0,1.0,1.0,0.5076842105263161,9.645999999999997,45428266.986477025,1.0,0.0,0.15722332617978757,0.005758223970030847,0.16298155014981852,0.0,0.0,0.0,0.0,0.0,0.0,0.0,0.0,0.0,0.0,0.0,0.0,0.0,0.0,0.0,0.0,0.0,0.0,0.0,0.0,-0.000356373265956573,0.0,0.4979229459113558,0.0,0.0,True,-1.0,0.9815597534179545,0.0
66,200,22.125195264816284,42,False,True,time_limit,1.0,20.000000000000014,21.72866439819336,0.0,20,True,52.73856035496126,1.4976570106473193,345743332.889378,-0.027263440332736127,-0.08134323937600291,-0.0021495542790398578,0.0,0.0011917571368768318,-0.0005832089881180447,-0.11101266999408152,-0.11040412184532361,0.24171625840538793,0.002273548429975565,0.7211849725704809,0.019057837573966258,0.0,0.010596682156475567,0.005170700863713719,4.080531468275694e-09,1.398686830418605e-12,4.323794253191501e-10,4.080531468275694e-09,4.323794253191501e-10,0.5358842611312866,0.5,0.22441251575946808,0.25,0.5,0.7028571367263794,0.7662337662337663,0.935064935064935,0.11166516691446304,77,0.0,0.0,0.0,47,7,0.14893617021276595,7,20,20,224,-0.1104164570569992,-0.026204698719084263,-0.02598134158179164,-0.5968427062034607,-0.025477085262537003,0.1104164570569992,0.0,0.0,0.0,0.0,0.0,0.0,0.0,0.0,0.0,0.0,0.0,0.0012854688183508874,0.0008424235053184385,0.0,0.0,21.72866439819336,,,1.7286643981933452,0.0,0.0,0.28125,1.0,0.0,,0,0.973,0.027000000000000024,0.027000000000000024,0.0,0.0,0.28703703703703703,0.19444444444444445,0.5185185185185185,0.28703703703703703,0.19444444444444445,0.5185185185185185,0.4972992031230508,0.8627824068069458,2.060963988304138,0.007736027240753174,0.17777778208255768,-0.1263448347647985,1.5136002103487651,0.6238407890001932,40.36228859424591,2.060963988304138,-2.060963988304138,0.027,108,4000,-1.222532868385315,5.40290641784668,-3.469900290171305,2.1826389928658805,-2.853576898574829,0.12600498149792352,0.22222222884496054,0,1.0,1.0,0.509605263157894,9.682499999999983,43022236.76228642,1.0,0.0,0.3109988450521536,0.00565693465989627,0.31665577971205006,0.0,0.0,0.0,0.0,0.0,0.0,0.0,0.0,0.0,0.0,0.0,0.0,0.0,0.0,0.0,0.0,0.0,0.0,0.0,0.0,-0.0002564360063040056,0.0,0.5001506192962988,0.0,0.0,True,-1.0,1.7286643981933452,0.0
67,173,19.560844898223877,42,True,False,all_finished,0.0,17.299999999999976,18.37460708618164,0.0,20,True,54.28297454797206,1.3935909841068166,316444943.21516925,-0.029382150024192973,-0.00811104444497876,-0.0018973580256615983,0.0,0.0013835766415033132,-0.0008922314385366615,-0.03957030942756414,-0.03907896422459775,0.7021270439355689,0.004295540105176945,0.19382460625562664,0.04533998978115271,0.0,0.03309171775907625,0.021321102163398713,1.593239851160888e-08,0.0,2.5012992285050596e-11,1.593239851160888e-08,2.5012992285050596e-11,0.5198837518692017,0.5,0.2355087846517563,0.25,0.5,0.6285714507102966,0.875,0.9464285714285714,0.11722960323095322,56,0.0,0.0,0.0,25,6,0.24,6,20,20,231,-0.039081331342458725,-0.027991507202386856,-0.027473927289247514,-0.9733163118362427,-0.02634297125041485,0.039081331342458725,0.0,0.0,0.0,0.0,0.0,0.0,0.0,0.0,0.0,0.0,0.0,0.001037116730962105,0.000357238259361603,0.0,0.0,18.37460708618164,,,1.0746070861816648,0.0,0.0,0.19047619047619047,1.0,0.0,,0,0.9757225433526011,0.024277456647398887,0.024277456647398887,0.0,0.0,0.3333333333333333,0.15476190476190477,0.5119047619047619,0.3333333333333333,0.15476190476190477,0.5119047619047619,0.4950579914843031,0.8697901517152786,2.196897029876709,0.09497383236885071,0.0,-0.3364112973213196,1.1462528705596924,0.2296706885099411,22.548397064208984,2.196897029876709,-2.196897029876709,0.024277456647398842,84,3460,-0.6798230409622192,2.248828649520874,-2.711758852005005,0.2722807228565216,-2.8669614791870117,0.15140387415885925,0.375,0,1.0,1.0,0.4937328871311211,9.380924855491317,46014619.50061066,1.0,0.0,0.14517476764624285,0.005805253892866632,0.15098002153910942,0.0,0.0,0.0,0.0,0.0,0.0,0.0,0.0,0.0,0.0,0.0,0.0,0.0,0.0,0.0,0.0,0.0,0.0,0.0,0.0,-0.0001797569327308643,0.0,0.49370509202536894,0.0,0.0,False,0.0,0.0,0.0
68,200,22.599095106124878,42,False,True,time_limit,1.0,20.000000000000014,20.54617691040039,0.0,20,True,49.08506635495739,1.5029919816365949,372939963.36113584,-0.026919301375445952,-0.043918912561618347,-0.002612126402338591,0.0,0.0012583058562222105,-0.0005608714742159839,-0.07379627954640101,-0.07309884516439713,0.3559775980644942,0.004574658393502353,0.5807784082223584,0.03454244482709708,0.0,0.01670999369312319,0.0074168967994248415,3.8781436728640983e-08,0.0,6.908881765299574e-11,3.8781436728640983e-08,6.908881765299574e-11,0.5537058115005493,0.5,0.21737639605998993,0.25,0.5,0.800000011920929,0.7142857142857143,0.8469387755102041,0.10661739856004715,98,0.0,0.0,0.0,67,6,0.08955223880597014,6,20,20,246,-0.07312935590744019,-0.02572456654161215,-0.025291242823004722,-0.6938480138778687,-0.023968413472175598,0.07312935590744019,0.0,0.0,0.0,0.0,0.0,0.0,0.0,0.0,0.0,0.0,0.0,0.0016679313569099169,0.00018399869047887782,0.0,0.0,20.54617691040039,,,0.5461769104003764,0.0,0.0,0.34959349593495936,1.0,0.0,,0,0.967,0.03300000000000003,0.03300000000000003,0.0,0.0,0.25757575757575757,0.22727272727272727,0.5151515151515151,0.25757575757575757,0.22727272727272727,0.5151515151515151,0.5012688369304841,0.8649732470512389,2.091320514678955,-0.05153423734009266,0.1428571492433548,-0.03276561200618744,1.2133179903030396,0.5671932399272919,3.8719465732574463,2.091320514678955,-2.091320514678955,0.033,132,4000,-0.6368390917778015,1.8885607719421387,-3.4445911645889282,1.6165594160556793,-2.8331990242004395,0.08478100225329399,0.0,0,1.0,1.0,0.5450789473684217,10.356499999999997,46948076.057739474,1.0,0.0,0.08902561056356612,0.005908436104016947,0.09493404666758316,0.0,0.0,0.0,0.0,0.0,0.0,0.0,0.0,0.0,0.0,0.0,0.0,0.0,0.0,0.0,0.0,0.0,0.0,0.0,0.0,-0.0003459392070005826,0.0,0.49906095027783887,0.0,0.0,True,-1.0,0.5461769104003764,0.0
69,200,21.146180391311646,42,False,True,time_limit,1.0,20.000000000000014,20.697898864746094,0.0,20,True,51.64142850947634,1.4575859364258832,340930038.8291788,-0.027788910023973813,-0.001334397225501549,-0.0024994615563446476,0.0,0.0009399816390026727,-0.000634646639423629,-0.03226191743671782,-0.031956582437139086,0.8210925835984434,0.018885238758719308,0.03942809071994619,0.0738528191689951,0.0,0.0279890515501351,0.018752216203760965,1.0966389601962945e-10,0.0,9.018043950481656e-11,1.0966389601962945e-10,9.018043950481656e-11,0.5796974897384644,0.5,0.20568501949310303,0.25,0.5,0.8147727221250526,0.5588235294117647,0.8137254901960784,0.0980181023478508,102,0.0,0.0,0.0,67,6,0.08955223880597014,6,20,20,240,-0.03195669502019882,-0.02682944666594267,-0.026597365364432336,-0.12457829713821411,-0.02571979910135269,0.03195669502019882,0.0,0.0,0.0,0.0,0.0,0.0,0.0,0.0,0.0,0.0,0.0,0.0026113316724397624,0.0,0.0,0.0,20.697898864746094,,,0.6978988647460795,0.0,0.0,0.4583333333333333,1.0,0.0,,0,0.9605,0.03949999999999998,0.03949999999999998,0.0,0.0,0.35443037974683544,0.22784810126582278,0.4177215189873418,0.35443037974683544,0.22784810126582278,0.4177215189873418,0.5081322489508179,0.8746597051620484,2.096221446990967,0.18862900137901306,0.5,0.32092857360839844,1.1549419164657593,0.8916900753974915,4.598874568939209,2.096221446990967,-2.096221446990967,0.0395,158,4000,-0.0428706593811512,0.43516311049461365,-3.051760196685791,0.7216312885284424,-2.818704128265381,0.06674007326364517,0.0,0,1.0,1.0,0.45907894736842103,8.722499999999997,42783863.39773551,1.0,0.0,0.09802294032896394,0.005228176571149574,0.10325111690011356,0.0,0.0,0.0,0.0,0.0,0.0,0.0,0.0,0.0,0.0,0.0,0.0,0.0,0.0,0.0,0.0,0.0,0.0,0.0,0.0,-0.0006391486308978381,0.0,0.5066854982454096,0.0,0.0,True,-1.0,0.6978988647460795,0.0
70,200,20.483710289001465,42,False,True,time_limit,1.0,20.000000000000014,21.17475700378418,0.0,20,True,51.9976028790344,1.5012834781918163,348804814.9556565,-0.02715052326341122,-0.05368408535234983,-0.0022769420688285155,0.0,0.0010593502089359767,-0.0006737152244082369,-0.08343308487929901,-0.08304744989477444,0.31876735749962504,0.0037750508378785732,0.6302911314646545,0.026732995140403903,0.0,0.01252354672148835,0.007909918335949525,8.401261197832355e-08,0.0,1.3406107213925762e-11,8.401261197832355e-08,1.3406107213925762e-11,0.5536086559295654,0.5,0.21085412800312042,0.25,0.5,0.7272727489471436,0.6744186046511628,0.9186046511627907,0.10590428858995438,86,0.0,0.0,0.0,57,7,0.12280701754385964,7,20,20,243,-0.08304767310619354,-0.026077049784362316,-0.02588299661874771,-0.9615936875343323,-0.024194857105612755,0.08304767310619354,0.0,0.0,0.0,0.0,0.0,0.0,0.0,0.0,0.0,0.0,0.0,0.001649479749313647,0.0004009382438950067,0.0,0.0,21.17475700378418,,,1.1747570037841655,0.0,0.0,0.3868312757201646,1.0,0.0,,0,0.9655,0.034499999999999975,0.034499999999999975,0.0,0.0,0.37681159420289856,0.2318840579710145,0.391304347826087,0.37681159420289856,0.2318840579710145,0.391304347826087,0.499048446083451,0.8609663993120193,1.9432648420333862,0.016999493003822863,0.0833333358168602,-0.21972483955323696,1.1712645888328552,0.3596932962536812,1.6104757189750671,1.9432648420333862,-1.9432648420333862,0.0345,138,4000,-9.1878023147583,20.818220138549805,-7.5927510261535645,10.898728728294373,-2.8343125581741333,0.08631879091262817,0.0,0,1.0,1.0,0.40352631578947346,7.666999999999996,46740574.162007935,1.0,0.0,0.17971308816019138,0.005829327664603733,0.18554241582479516,0.0,0.0,0.0,0.0,0.0,0.0,0.0,0.0,0.0,0.0,0.0,0.0,0.0,0.0,0.0,0.0,0.0,0.0,0.0,0.0,-0.00032153419471284096,0.0,0.5038117691106163,0.0,0.0,True,-1.0,1.1747570037841655,0.0
71,200,21.994667768478394,42,False,True,time_limit,1.0,20.000000000000014,20.894235610961914,0.0,20,True,51.34022014034484,1.4738519554115241,348053589.09388095,-0.027600520905223178,-0.024141105217929202,-0.0020794405749413837,0.0,0.0011744671134972919,-0.0006199613700470893,-0.05409357562236067,-0.05353906987891091,0.49379768529469836,0.004875425231561265,0.43190568460660045,0.03720302765806184,0.0,0.021126520984450427,0.011091656224627591,5.256210755533175e-08,3.2934622368717414e-13,3.7703306969560864e-11,5.256210755533175e-08,3.7703306969560864e-11,0.5663024187088013,0.5,0.21527820825576782,0.25,0.5,0.7119047790765763,0.5853658536585366,0.9390243902439024,0.10143610090017319,82,0.0,0.0,0.0,52,4,0.07692307692307693,4,20,20,253,-0.05353907123208046,-0.026461428962647915,-0.025870265346020462,-0.509412944316864,-0.024051247164607048,0.05353907123208046,0.0,0.0,0.0,0.0,0.0,0.0,0.0,0.0,0.0,0.0,0.0,0.0013634594890975524,0.00044503534861496755,0.0,0.0,20.894235610961914,,,0.8942356109618999,0.0,0.0,0.2964426877470356,1.0,0.0,,0,0.9695,0.03049999999999997,0.03049999999999997,0.0,0.0,0.32786885245901637,0.16393442622950818,0.5081967213114754,0.32786885245901637,0.16393442622950818,0.5081967213114754,0.49417448805860104,0.8646572232246399,2.034999450047811,0.023195648876329262,0.06666666766007741,-0.19372246662775675,1.1375702222188313,0.3685612777868907,7.112675666809082,2.034999450047811,-2.034999450047811,0.0305,122,4000,-1.0215559005737305,5.037374973297119,-2.993234872817993,0.46263649066289264,-2.954929828643799,0.06451545779903729,0.08333333333333333,0,1.0,1.0,0.4581842105263148,8.705499999999995,52158497.53283973,1.0,0.0,0.21434791971753583,0.005518828152329334,0.21986674786986538,0.0,0.0,0.0,0.0,0.0,0.0,0.0,0.0,0.0,0.0,0.0,0.0,0.0,0.0,0.0,0.0,0.0,0.0,0.0,0.0,-0.000272508924267742,0.0,0.4937451105725486,0.0,0.0,True,-1.0,0.8942356109618999,0.0
72,200,22.163134574890137,42,False,True,time_limit,1.0,20.000000000000014,20.68230438232422,0.0,20,True,50.02554868556549,1.4943883431381833,361096869.6635285,-0.027049625075311067,-0.0025330496198022567,-0.002222864178165891,0.0,0.0013096632442636646,-0.0007775729880451649,-0.03208695378046867,-0.03155486352424996,0.7914561241196046,0.00823403470818425,0.07411554240436279,0.06503969877576038,0.0,0.03840327158642984,0.022751328405658085,9.471293971330397e-09,0.0,7.39355077161718e-11,9.471293971330397e-09,7.39355077161718e-11,0.5529448986053467,0.5,0.21195627748966217,0.25,0.5,0.800000011920929,0.6867469879518072,0.8674698795180723,0.10712599754333496,83,0.0,0.0,0.0,55,9,0.16363636363636364,9,20,20,254,-0.03155486285686493,-0.025795520283281803,-0.02512139277532697,-0.5680535435676575,-0.02295171469449997,0.03155486285686493,0.0,0.0,0.0,0.0,0.0,0.0,0.0,0.0,0.0,0.0,0.0,0.0015296992623013395,0.0003659237227256066,0.0,0.0,20.68230438232422,,,0.6823043823242045,0.0,0.0,0.31496062992125984,1.0,0.0,,0,0.968,0.03200000000000003,0.03200000000000003,0.0,0.0,0.3515625,0.1953125,0.453125,0.3515625,0.1953125,0.453125,0.5034992608580554,0.8686832547187803,2.0116126537323,0.06572221219539642,0.0,-0.08696306496858597,0.6280557513237,0.22064423561096191,14.240556716918945,2.0116126537323,-2.0116126537323,0.032,128,4000,-0.09152644872665405,1.4069340229034424,-3.0150210857391357,0.15955977141857147,-3.0507869720458984,0.05616447329521179,0.4000000059604645,0,1.0,1.0,0.5125789473684206,9.738999999999985,42230722.4772265,1.0,0.0,0.14417756296044001,0.0057114217155187505,0.14988898467595882,0.0,0.0,0.0,0.0,0.0,0.0,0.0,0.0,0.0,0.0,0.0,0.0,0.0,0.0,0.0,0.0,0.0,0.0,0.0,0.0,-0.00028141490718925033,0.0,0.501421814753674,0.0,0.0,True,-1.0,0.6823043823242045,0.0
73,200,20.83587408065796,42,False,True,time_limit,1.0,20.000000000000014,20.917821884155273,0.0,20,True,52.651409780588565,1.4130176012648719,327144777.5128249,-0.028932875767023334,-0.005631407373353658,-0.001732419079777111,0.0,0.0012856501401093266,-0.0007596799929951315,-0.036700422389037556,-0.03617445224192406,0.746720130378619,0.010419495786472206,0.14533934621316028,0.04471149745149106,0.0,0.03320317136986815,0.01960635880038946,1.5237954897884265e-08,0.0,2.579140295430604e-11,1.5237954897884265e-08,2.579140295430604e-11,0.5348694324493408,0.5,0.2309523969888687,0.25,0.5,0.6633333534002301,0.6935483870967742,0.967741935483871,0.11176896095275879,62,0.0,0.0,0.0,30,3,0.1,3,20,20,227,-0.03617445379495621,-0.02763320319354534,-0.027496208157390355,-0.5510162711143494,-0.025981854647397995,0.03617445379495621,0.0,0.0,0.0,0.0,0.0,0.0,0.0,0.0,0.0,0.0,0.0,0.0017785957938099555,0.00020169832634581535,0.0,0.0,20.917821884155273,,,0.9178218841552592,0.0,0.0,0.2599118942731278,1.0,0.0,,0,0.97375,0.026249999999999996,0.026249999999999996,0.0,0.0,0.4095238095238095,0.09523809523809523,0.49523809523809526,0.4095238095238095,0.09523809523809523,0.49523809523809526,0.49157213849509035,0.8608967304229738,2.073568046092987,0.023453237721696496,0.2098214365541935,0.19215640053153038,1.1135995239019394,0.7423440515995026,15.621273040771484,2.073568046092987,-2.073568046092987,0.02625,105,4000,0.016642453148961067,1.4504585266113281,-3.437411069869995,1.465542584657669,-3.0074546933174133,0.051407299004495144,0.125,0,1.0,1.0,0.4687894736842101,8.906999999999977,42570228.035536386,1.0,0.0,0.0979108841972971,0.005798914844833144,0.10370979904213025,0.0,0.0,0.0,0.0,0.0,0.0,0.0,0.0,0.0,0.0,0.0,0.0,0.0,0.0,0.0,0.0,0.0,0.0,0.0,0.0,-0.00040372016888331016,0.0,0.4957928778528003,0.0,0.0,True,-1.0,0.9178218841552592,0.0
74,200,23.850573539733887,42,False,True,time_limit,1.0,20.000000000000014,20.856470108032227,0.0,20,True,53.403376993176174,1.4573474466613887,337199719.2674669,-0.02786898928953939,-0.1395771223294482,-0.002812626116828678,0.0,0.0011697894153304392,-0.0009007753954102214,-0.170579055129508,-0.1703100411095871,0.16141551913520813,0.0018552591862410059,0.8084223444968247,0.016290562246961533,0.0,0.006799077719458096,0.005217237215306504,1.9284625523141585e-06,3.6258798697882955e-12,5.403036837381388e-11,1.9284625523141585e-06,5.403036837381388e-11,0.5439037680625916,0.5,0.2116672694683075,0.25,0.5,0.7134453952312468,0.6796116504854369,0.9223300970873787,0.1092282086610794,103,0.0,0.0,0.0,67,13,0.19402985074626866,13,20,20,230,-0.17031006515026093,-0.02683201339095831,-0.02611681642010808,-0.547736644744873,-0.0232097115367651,0.17031006515026093,0.0,0.0,0.0,0.0,0.0,0.0,0.0,0.0,0.0,0.0,0.0,0.001620526750900601,0.0005943306192561485,0.0,0.0,20.856470108032227,,,0.8564701080322124,0.0,0.0,0.3869565217391304,1.0,0.0,,0,0.963,0.03700000000000003,0.03700000000000003,0.0,0.0,0.30405405405405406,0.17567567567567569,0.5202702702702703,0.30405405405405406,0.17567567567567569,0.5202702702702703,0.5015820255448797,0.8601639240980147,2.1496188640594482,0.12727141380310059,0.1666666716337204,-0.05105837062001228,1.4786624908447266,0.681424617767334,27.917787551879883,2.1496188640594482,-2.1496188640594482,0.037,148,4000,-0.3292815089225769,1.3451147079467773,-3.1569924354553223,0.3085896372795105,-2.8967247009277344,0.06996478885412216,0.1666666716337204,0,1.0,1.0,0.6287105263157878,11.945500000000024,48421777.64687391,1.0,0.0,0.17706783951367114,0.005381636182054692,0.1824494756957258,0.0,0.0,0.0,0.0,0.0,0.0,0.0,0.0,0.0,0.0,0.0,0.0,0.0,0.0,0.0,0.0,0.0,0.0,0.0,0.0,-0.0003203173936910034,0.0,0.49618073177011685,0.0,0.0,True,-1.0,0.8564701080322124,0.0
75,200,21.604809045791626,42,False,True,time_limit,1.0,20.000000000000014,20.670096015930177,0.7999999999999999,20,True,54.60618425785945,1.387412238694019,315524462.67448664,-0.02965885529951248,-0.0024766347013218315,-0.0017514630622619516,0.0,0.0010620344388761443,0.0007687455506921875,-0.03432936838832153,-0.03249858839875296,0.7859650505508091,0.011724086447154123,0.0656312692638646,0.04641408916045447,0.0,0.02816028034085368,0.06210522423686386,1.2744241217887975e-09,0.0,7.172091982809982e-11,1.2744241217887975e-09,7.172091982809982e-11,0.5548035502433777,0.5,0.22259823977947235,0.25,0.5,0.7875000089406967,0.7272727272727273,0.8636363636363636,0.10614927113056183,66,0.0,0.0,0.0,40,3,0.075,3,20,20,222,-0.03249950334429741,-0.028573081828653812,-0.02846103170886636,-0.5206907987594604,0.24698570370674133,0.03496935963630676,0.0,0.0,0.0,0.0,0.0,0.0,0.0,0.0,0.0,0.0,0.0,0.0018067103825955481,0.0002997054607835642,0.0,0.0,20.670096015930177,,,0.670096015930163,0.05,0.05,0.3063063063063063,0.95,0.0,,0,0.974,0.026000000000000023,0.026000000000000023,0.0,0.0,0.36538461538461536,0.18269230769230768,0.4519230769230769,0.36538461538461536,0.18269230769230768,0.4519230769230769,0.49341923919976305,0.8621681809425352,2.3399345874786377,0.05427079647779465,0.10000000149011612,0.15243008732795715,1.055962085723877,0.6729635000228882,1.7855583429336548,2.3399345874786377,-2.3399345874786377,0.026,104,4000,0.37731507420539856,1.6220568418502808,-2.7833611965179443,0.32049447298049927,-2.886187791824341,0.08840405195951462,0.20000000298023224,0,1.0,1.0,0.5863157894736841,11.140000000000011,53397887.800575934,1.0,0.0,0.06253534023524039,0.005606010231303808,0.06814135046654415,0.0,0.0,0.0,0.0,0.0,0.0,0.0,0.0,0.0,0.0,0.0,0.0,0.0,0.0,0.0,0.0,0.0,0.0,0.0,0.0,-0.0004424153252252541,0.0,0.4945454012383707,0.0,0.0,True,-1.0,0.670096015930163,0.0
76,200,22.231455326080322,42,False,True,time_limit,1.0,20.000000000000014,20.670820236206055,0.0,20,True,52.239825452782384,1.4470330562443334,339852460.35293776,-0.028137460111433598,-0.06957895022820745,-0.002090714002087385,0.0,0.0012159539188253052,-0.0006921408916160047,-0.10010674031230708,-0.09958292728509692,0.27580495100948577,0.0029368524294542064,0.6820167450431781,0.020493295081962463,0.0,0.011963752870430493,0.0067844035654889764,1.1166301661091893e-08,0.0,6.479319664131699e-10,1.1166301661091893e-08,6.479319664131699e-10,0.5321053266525269,0.5,0.22465144097805023,0.25,0.5,0.7267857253551481,0.8108108108108109,0.9324324324324325,0.11301156878471375,74,0.0,0.0,0.0,40,7,0.175,7,20,20,245,-0.0995895117521286,-0.02696759719401598,-0.02653704304248095,-0.509007453918457,-0.024852482602000237,0.0995895117521286,0.0,0.0,0.0,0.0,0.0,0.0,0.0,0.0,0.0,0.0,0.0,0.0015725575842148742,0.0005376219822689228,0.0,0.0,20.670820236206055,,,0.6708202362060405,0.0,0.0,0.2857142857142857,1.0,0.0,,0,0.971,0.029000000000000026,0.029000000000000026,0.0,0.0,0.3620689655172414,0.1896551724137931,0.4482758620689655,0.3620689655172414,0.1896551724137931,0.4482758620689655,0.49692818236322833,0.8695480823516845,2.059892177581787,0.006661310791969299,0.0555555559694767,0.5761883705854416,1.4444976449012756,1.2918872237205505,3.802375078201294,2.059892177581787,-2.059892177581787,0.029,116,4000,-0.742753267288208,3.248584747314453,-5.475518465042114,3.864872932434082,-2.845456600189209,0.07674647122621536,0.0,0,1.0,1.0,0.50828947368421,9.657499999999997,45166836.08129105,1.0,0.0,0.11109849557082761,0.005248008053382594,0.11634650362421016,0.0,0.0,0.0,0.0,0.0,0.0,0.0,0.0,0.0,0.0,0.0,0.0,0.0,0.0,0.0,0.0,0.0,0.0,0.0,0.0,-0.00029961597057803546,0.0,0.4938293493615929,0.0,0.0,True,-1.0,0.6708202362060405,0.0
77,200,23.136067628860474,42,False,True,time_limit,1.0,20.000000000000014,21.029949188232422,0.0,20,True,51.838758815275426,1.421526674359545,336249336.84202456,-0.028713960587212758,-0.023899513451461747,-0.001997014285896155,0.0,0.0013856161698286402,-0.0006410181035568836,-0.054731894538220444,-0.053987296471948866,0.5058540846431535,0.0021388142847691308,0.42103792904799875,0.03518141743431847,0.0,0.024494933279736404,0.011292821310023723,1.1761605911431161e-08,0.0,3.117004376829137e-10,1.1761605911431161e-08,3.117004376829137e-10,0.5389971137046814,0.5,0.2270292192697525,0.25,0.5,0.7142857313156128,0.7361111111111112,0.9027777777777778,0.11094523221254349,72,0.0,0.0,0.0,40,3,0.075,3,20,20,240,-0.05398863926529884,-0.0273877140134573,-0.02691298089921475,-0.5844176411628723,-0.023853396996855736,0.05398863926529884,0.0,0.0,0.0,0.0,0.0,0.0,0.0,0.0,0.0,0.0,0.0,0.0007680781229011459,0.00045573711256357007,0.0,0.0,21.029949188232422,,,1.0299491882324077,0.0,0.0,0.26666666666666666,1.0,0.0,,0,0.97375,0.026249999999999996,0.026249999999999996,0.0,0.0,0.3142857142857143,0.2,0.4857142857142857,0.3142857142857143,0.2,0.4857142857142857,0.49938436006678727,0.857808193564415,2.374448537826538,0.119855135679245,0.25,0.10936564207077026,1.5810526609420776,0.8923486471176147,7.36286735534668,2.374448537826538,-2.374448537826538,0.02625,105,4000,-0.4513428807258606,1.4675893783569336,-3.3126256465911865,0.8565745949745178,-2.779144763946533,0.10330381989479065,0.0,0,1.0,1.0,0.5885526315789478,11.182500000000012,43274458.556578524,1.0,0.0,0.14045198328244632,0.0053776394513896835,0.14582962273383607,0.0,0.0,0.0,0.0,0.0,0.0,0.0,0.0,0.0,0.0,0.0,0.0,0.0,0.0,0.0,0.0,0.0,0.0,0.0,0.0,-0.00012140621365062583,0.0,0.4993595405311789,0.0,0.0,True,-1.0,1.0299491882324077,0.0
78,141,14.59262752532959,42,True,False,all_finished,0.0,14.099999999999966,14.606894521713254,0.7999999999999999,20,True,54.73854096021613,1.4133282884812088,314602422.214594,-0.0287375663540592,-0.020397799304910633,-0.00262393510110942,0.0,0.001008755217260297,0.0009251229781347821,-0.0522684575293542,-0.050334579333957685,0.5095525746341328,0.009027978899795579,0.3616781958719832,0.04652561285010558,0.0,0.017930056472968355,0.05528558127101441,3.0338813683528087e-09,0.0,3.196394815496711e-10,3.0338813683528087e-09,3.196394815496711e-10,0.529450535774231,0.5,0.2268131822347641,0.25,0.5,0.6666666865348816,0.7384615384615385,0.9846153846153847,0.11383841186761856,65,0.0,0.0,0.0,36,6,0.16666666666666666,6,20,20,230,-0.05033458024263382,-0.02865128591656685,-0.027424391359090805,-0.9737410545349121,0.22810474038124084,0.053570106625556946,0.0,0.0,0.0,0.0,0.0,0.0,0.0,0.0,0.0,0.0,0.0,0.002617374153387926,0.0005274023049690157,0.0,0.0,14.606894521713254,,,0.5068945217132885,0.05,0.05,0.3565217391304348,0.95,0.0,,0,0.9570921985815602,0.04290780141843975,0.04290780141843975,0.0,0.0,0.4628099173553719,0.12396694214876033,0.4132231404958678,0.4628099173553719,0.12396694214876033,0.4132231404958678,0.4986754574438468,0.8686765551567077,1.8653216361999512,0.041281585581600666,0.12179487571120262,0.0004119873046875,1.0808311700820923,0.5349074155092239,2.623952627182007,1.8653216361999512,-1.8653216361999512,0.042907801418439716,121,2820,-0.14926695823669434,2.356745958328247,-3.0417428016662598,2.414722979068756,-2.869873881340027,0.07701736316084862,0.0,0,1.0,1.0,0.5031354983202692,9.55957446808512,49735180.01487399,1.0,0.0,0.04586073153992063,0.005483254302164301,0.05134398584208491,0.0,0.0,0.0,0.0,0.0,0.0,0.0,0.0,0.0,0.0,0.0,0.0,0.0,0.0,0.0,0.0,0.0,0.0,0.0,0.0,-0.0005091567692739175,0.0,0.4994428783714613,0.0,0.0,False,0.0,0.0,0.0
79,200,21.5694637298584,42,False,True,time_limit,1.0,20.000000000000014,21.08064384460449,1.3,20,True,52.025008158163,1.4182709674185363,332037304.74373186,-0.02860730734945208,-0.040181801263094716,-0.001807048835173929,0.0,0.001197242668971327,-0.00047653182094283464,-0.07098894096680858,-0.07026823011877961,0.3916723156127402,0.005377731940182237,0.5501426245385053,0.024740916474665475,0.0,0.016400203740679336,0.011666207693227508,3.1142943157647096e-07,0.0,1.3305471377456078e-10,3.1142943157647096e-07,1.3305471377456078e-10,0.5581436157226562,0.5,0.21661493182182312,0.25,0.5,0.7800000071525571,0.7246376811594203,0.8405797101449275,0.1047564372420311,69,0.0,0.0,0.0,45,8,0.17777777777777778,8,20,20,217,-0.07026822865009308,-0.02748807705938816,-0.026944019924849273,-0.9963288307189941,-0.022419137880206108,0.07026822865009308,0.0,0.0,0.0,0.0,0.0,0.0,0.0,0.0,0.0,0.0,0.0,0.0017820759473397413,0.0003482741976368331,0.0,0.0,21.08064384460449,,,1.0806438446044773,0.05,0.05,0.31797235023041476,0.95,0.0,,0,0.973,0.027000000000000024,0.027000000000000024,0.0,0.0,0.3611111111111111,0.23148148148148148,0.4074074074074074,0.3611111111111111,0.23148148148148148,0.4074074074074074,0.49661517033827485,0.8648139536380767,2.109863519668579,0.04117332771420479,0.0,0.37679392099380493,1.233731985092163,0.9869681000709534,2.84261417388916,2.109863519668579,-2.109863519668579,0.027,108,4000,-1.9615397453308105,5.465625286102295,-6.226583480834961,6.690245151519775,-2.8732409477233887,0.10538145899772644,0.0,0,1.0,1.0,0.6002631578947376,11.404999999999994,48326204.49386492,1.0,0.0,0.16995042505946706,0.005701243740682416,0.17565166880014943,0.0,0.0,0.0,0.0,0.0,0.0,0.0,0.0,0.0,0.0,0.0,0.0,0.0,0.0,0.0,0.0,0.0,0.0,0.0,0.0,-0.0003927835190881037,0.0,0.49924805592204213,0.0,0.0,True,-1.0,1.0806438446044773,0.0
80,200,21.25149369239807,42,False,True,time_limit,1.0,20.000000000000014,20.584121704101562,0.0,20,True,50.62334849823099,1.4621940438328669,353390625.12311643,-0.02796172551541148,-0.04492988472882957,-0.00249345958861518,0.0,0.0012003187440836444,-0.0009066287937457867,-0.07564342760773354,-0.0753497376573963,0.3595961229385233,0.0033225579775438443,0.5778117070656796,0.03206663337982163,0.0,0.015543462168472598,0.011659516469959072,4.544248497495573e-07,5.70824447822596e-14,1.1248943790342903e-10,4.544248497495573e-07,1.1248943790342903e-10,0.5543414950370789,0.5,0.21852511167526245,0.25,0.5,0.7857142686843872,0.7021276595744681,0.8829787234042553,0.10610464960336685,94,0.0,0.0,0.0,59,6,0.1016949152542373,6,20,20,240,-0.07534974068403244,-0.026858988218009472,-0.026475698221474886,-0.9792422652244568,-0.024541407823562622,0.07534974068403244,0.0,0.0,0.0,0.0,0.0,0.0,0.0,0.0,0.0,0.0,0.0,0.001323870470919588,0.0,0.0,0.0,20.584121704101562,,,0.5841217041015483,0.0,0.0,0.36666666666666664,1.0,0.0,,0,0.96525,0.03474999999999995,0.03474999999999995,0.0,0.0,0.3237410071942446,0.22302158273381295,0.45323741007194246,0.3237410071942446,0.22302158273381295,0.45323741007194246,0.49642935645320824,0.852150800824165,1.9851120710372925,0.041780419647693634,0.2857142984867096,0.14064235985279083,1.1555095911026,0.7121070027351379,3.158255100250244,1.9851120710372925,-1.9851120710372925,0.03475,139,4000,-6.7793073654174805,16.39261245727539,-8.860450744628906,15.098319053649902,-2.7974207401275635,0.14699240028858185,0.0,0,1.0,1.0,0.464921052631579,8.833500000000017,41228949.11799675,1.0,0.0,0.1032599015149281,0.0056947379831130416,0.10895463949804117,0.0,0.0,0.0,0.0,0.0,0.0,0.0,0.0,0.0,0.0,0.0,0.0,0.0,0.0,0.0,0.0,0.0,0.0,0.0,0.0,-0.00025835777487791397,0.0,0.4958353574904613,0.0,0.0,True,-1.0,0.5841217041015483,0.0
81,200,21.913464307785034,42,False,True,time_limit,1.0,20.000000000000014,20.794845581054688,0.0,20,True,51.44864408834417,1.4477650797400476,344135974.4139705,-0.028225794176420585,-0.021721191526788912,-0.001989551195002221,0.0,0.0012176327602161719,-0.000683341280668024,-0.05223592240032161,-0.05170163092077163,0.5213606791611883,0.005529971193521051,0.4012136946728429,0.036749143558866985,0.0,0.022524465353116724,0.012622046060464001,8.867873657614211e-10,0.0,5.753633767341376e-11,8.867873657614211e-10,5.753633767341376e-11,0.5363783836364746,0.5,0.22517937421798706,0.25,0.5,0.7321428656578064,0.7746478873239436,0.9154929577464789,0.11208737641572952,71,0.0,0.0,0.0,38,6,0.15789473684210525,6,20,20,241,-0.051701631397008896,-0.027011399157345295,-0.026837867591530087,-0.521087646484375,-0.025233400985598564,0.051701631397008896,0.0,0.0,0.0,0.0,0.0,0.0,0.0,0.0,0.0,0.0,0.0,0.0015799052077059002,0.0003922141131113661,0.0,0.0,20.794845581054688,,,0.7948455810546733,0.0,0.0,0.3236514522821577,1.0,0.0,,0,0.968,0.03200000000000003,0.03200000000000003,0.0,0.0,0.4453125,0.15625,0.3984375,0.4453125,0.15625,0.3984375,0.49239687802427956,0.8599579095840452,2.1106261014938354,-0.0004782276228070259,0.17142857611179352,-0.039772145450115204,1.309040606021881,0.6080665588378906,2.7653530836105347,2.1106261014938354,-2.1106261014938354,0.032,128,4000,-3.4112374782562256,13.746106147766113,-5.436682820320129,8.142374113202095,-2.8803664445877075,0.1178373284637928,0.2142857164144516,0,1.0,1.0,0.5340526315789466,10.146999999999991,42598993.13983959,1.0,0.0,0.17597688367976055,0.005342987479932553,0.18131987115969306,0.0,0.0,0.0,0.0,0.0,0.0,0.0,0.0,0.0,0.0,0.0,0.0,0.0,0.0,0.0,0.0,0.0,0.0,0.0,0.0,-0.0002993855021076544,0.0,0.4925765099287964,0.0,0.0,True,-1.0,0.7948455810546733,0.0
82,200,20.955116510391235,42,False,True,time_limit,1.0,20.000000000000014,21.258800506591797,0.0,20,True,52.8834147035731,1.378311182696809,319098429.03339493,-0.029717424847141564,-0.18821478574810843,-0.002458781383091562,0.0,0.0010139489364798795,-0.0007327937447738987,-0.22091706591864585,-0.22063591072693944,0.13345940441726767,0.0023625706168500043,0.8452627822791423,0.011042258899200318,0.0,0.004582045314866894,0.003290938472672901,8.720397772776778e-07,3.967941833394814e-13,2.589848724365846e-10,8.720397772776778e-07,2.589848724365846e-10,0.5502477884292603,0.5,0.21397867798805237,0.25,0.5,0.7777777910232544,0.7032967032967034,0.8461538461538461,0.10807828605175018,91,0.0,0.0,0.0,58,9,0.15517241379310345,9,20,20,226,-0.22063590586185455,-0.02873207349330187,-0.028457808773964643,-0.9232284426689148,-0.026987392455339432,0.22063590586185455,0.0,0.0,0.0,0.0,0.0,0.0,0.0,0.0,0.0,0.0,0.0,0.002119688436633395,0.00022575473781653402,0.0,0.0,21.258800506591797,,,1.2588005065917827,0.0,0.0,0.3672566371681416,1.0,0.0,,0,0.966,0.03400000000000003,0.03400000000000003,0.0,0.0,0.33088235294117646,0.19852941176470587,0.47058823529411764,0.33088235294117646,0.19852941176470587,0.47058823529411764,0.49358739852027667,0.8588861018419265,2.051502823829651,-0.05548164869348208,0.16666666666666666,-0.17904569705327353,0.5638932486375173,0.09641263509790103,6.804575363794963,2.051502823829651,-2.051502823829651,0.034,136,4000,-1.5972981452941895,9.30138874053955,-2.9114762941996255,0.2551216781139374,-2.8889848391215005,0.154389518002669,0.23888889700174332,0,1.0,1.0,0.4311842105263159,8.19250000000001,44927500.9952604,1.0,0.0,0.16689287610868922,0.005548032996048635,0.172440909104738,0.0,0.0,0.0,0.0,0.0,0.0,0.0,0.0,0.0,0.0,0.0,0.0,0.0,0.0,0.0,0.0,0.0,0.0,0.0,0.0,-0.0005260739403031594,0.0,0.49587856068089603,0.0,0.0,True,-1.0,1.2588005065917827,0.0
83,200,19.418619632720947,42,False,True,time_limit,1.0,20.000000000000014,20.966549015045167,1.0333333333333332,20,True,52.060216122665544,1.53403660853537,359718414.8649912,-0.026374322859920994,-0.0024670432822954634,-0.0021481431618803975,0.0,0.0009776342296353832,0.0032961994731059868,-0.03140222677092462,-0.027128393068183616,0.7248320294837144,0.011342503110813841,0.06780048908280262,0.05903632013292173,0.0,0.026964891029703824,0.11002376716004347,1.0138710315743538e-08,0.0,1.0138632329514933e-10,1.0138710315743538e-08,1.0138632329514933e-10,0.5418497920036316,0.5,0.22255799174308777,0.25,0.5,0.75,0.7435897435897436,0.9102564102564102,0.11016117036342621,78,0.0,0.0,0.0,49,5,0.10204081632653061,5,20,20,231,-0.02712883986532688,-0.025457988493144512,-0.0251080010086298,-0.5391205549240112,0.31481361389160156,0.03332718461751938,0.0,0.0,0.0,0.0,0.0,0.0,0.0,0.0,0.0,0.0,0.0,0.001911321364684556,0.0,0.0,0.0,20.966549015045167,,,0.9665490150451532,0.15,0.15,0.41125541125541126,0.85,0.0,,0,0.96525,0.03474999999999995,0.03474999999999995,0.0,0.0,0.43884892086330934,0.17985611510791366,0.381294964028777,0.43884892086330934,0.17985611510791366,0.381294964028777,0.49911427894375354,0.8677791714668275,1.9431734085083008,0.02275969088077545,0.0,-0.009710575453937054,1.435005784034729,0.7016525268554688,5.615720748901367,1.9431734085083008,-1.9431734085083008,0.03475,139,4000,0.9070648550987244,1.8450559377670288,-1.886686086654663,1.3449770212173462,-2.8539023399353027,0.22761137783527374,0.0,0,1.0,0.9984999999999996,0.4172368421052631,7.927500000000001,47959758.760937974,1.0,0.0,0.08820296570093651,0.0055704985419576455,0.09377346424289416,0.0,0.0,0.0,0.0,0.0,0.0,0.0,0.0,0.0,0.0,0.0,0.0,0.0,0.0,0.0,0.0,0.0,0.0,0.0,0.0,-0.000412717466827925,0.0,0.4963112130325753,0.0,0.0,True,-1.0,0.9665490150451532,0.0
84,200,23.035626649856567,42,False,True,time_limit,1.0,20.000000000000014,22.10821876525879,0.7999999999999999,20,True,53.92274630243128,1.431785504874568,331195654.5409478,-0.02858182004849242,-0.006190023358297736,-0.0018502447805904309,0.0,0.0013149554961198896,0.00031721236222296417,-0.03690810832459971,-0.035275940466257025,0.7053382461608753,0.007058365828715982,0.1527565498568335,0.04566008764647597,0.0,0.0324936904035707,0.05669306010352861,1.7787687989212486e-10,0.0,2.8325558825564746e-11,1.7787687989212486e-10,2.8325558825564746e-11,0.5348304510116577,0.5,0.22784994542598724,0.25,0.5,0.7142857313156128,0.7424242424242424,0.9090909090909091,0.11213602870702744,66,0.0,0.0,0.0,33,3,0.09090909090909091,3,20,20,224,-0.03527593985199928,-0.02723538037389517,-0.027085821330547332,-0.8494961261749268,0.20606763660907745,0.037336621433496475,0.0,0.0,0.0,0.0,0.0,0.0,0.0,0.0,0.0,0.0,0.0,0.0012564689570100413,0.0003875184929393723,0.0,0.0,22.10821876525879,,,2.1082187652587763,0.05,0.05,0.21875,0.95,0.0,,0,0.977,0.02300000000000002,0.02300000000000002,0.0,0.0,0.2826086956521739,0.16304347826086957,0.5543478260869565,0.2826086956521739,0.16304347826086957,0.5543478260869565,0.5020487232660643,0.8666130870580673,2.1493499279022217,-0.013980404784282049,0.14484127362569174,-0.21694574505090714,1.1900418599446614,0.3712903906901677,3.135108391443888,2.1493499279022217,-2.1493499279022217,0.023,92,4000,-0.17225424945354462,2.683244228363037,-2.5444859663645425,2.254509170850118,-2.9232179323832193,0.1462762951850891,0.0,0,1.0,1.0,0.6540263157894748,12.426499999999985,49222549.408691645,0.9499999999999976,0.0,0.1689057275187762,0.005586023704311948,0.17449175122308805,0.0,0.0,0.0,0.0,0.0,0.0,0.0,0.0,0.0,0.0,0.0,0.0,0.0,0.0,0.0,0.0,0.0,0.0,0.0,0.0,-0.0002860201372190651,0.0,0.5000001466649119,0.0,0.0,True,-1.0,2.1082187652587763,0.0
85,200,24.34875178337097,42,False,True,time_limit,1.0,20.000000000000014,20.662151336669922,0.0,20,True,52.70603608376001,1.4842149557759718,345155402.2804605,-0.02766995866082452,-0.02276205940300812,-0.0020782894203667025,0.0,0.0013396546213572196,-0.0008404295179519212,-0.052832829292282,-0.0523336041888761,0.5029568793666811,0.005862479380955185,0.41374598732251383,0.03777706985765613,0.0,0.024381095485486684,0.015276488586707075,1.4149117433248648e-08,2.8659720267571603e-13,4.450655247123491e-10,1.4149117433248648e-08,4.450655247123491e-10,0.5339768528938293,0.5,0.23301157355308533,0.25,0.5,0.6833333522081373,0.7702702702702703,0.9459459459459459,0.11233995109796524,74,0.0,0.0,0.0,36,1,0.027777777777777776,1,20,20,258,-0.05233360454440117,-0.026462849229574203,-0.025532086193561558,-0.6278325915336609,-0.021407943218946457,0.05233360454440117,0.0,0.0,0.0,0.0,0.0,0.0,0.0,0.0,0.0,0.0,0.0,0.0014801323474489191,0.0004725678896224217,0.0,0.0,20.662151336669922,,,0.6621513366699077,0.0,0.0,0.2248062015503876,1.0,0.0,,0,0.973,0.027000000000000024,0.027000000000000024,0.0,0.0,0.3148148148148148,0.12037037037037036,0.5648148148148148,0.3148148148148148,0.12037037037037036,0.5648148148148148,0.504518945706293,0.8735936820507048,2.3245925903320312,-0.04915448029836019,0.3571428656578064,-0.14150475710630417,1.0288256009419758,0.36557705824573833,6.025261163711548,2.3245925903320312,-2.3245925903320312,0.027,108,4000,-0.3672679364681244,1.4198262691497803,-2.973724683125814,0.6419453918933868,-2.8081350326538086,0.1390182450413704,0.08333333333333333,0,1.0,1.0,0.6107105263157897,11.60349999999999,49300683.18782312,1.0,0.0,0.1103576410772452,0.0054340605066566395,0.1157917015839018,0.0,0.0,0.0,0.0,0.0,0.0,0.0,0.0,0.0,0.0,0.0,0.0,0.0,0.0,0.0,0.0,0.0,0.0,0.0,0.0,-0.0003225218080826835,0.0,0.505852811332792,0.0,0.0,True,-1.0,0.6621513366699077,0.0
86,200,21.182384967803955,42,False,True,time_limit,1.0,20.000000000000014,20.63260841369629,0.0,20,True,51.94755224428984,1.4206841641189252,333111269.4917626,-0.02851763690100641,-0.16409339506576381,-0.0022102644247503807,0.0,0.0012792095114657128,-0.0005150198346178083,-0.19514973753977732,-0.19438554786292578,0.1447987413673947,0.0016676649978175416,0.8331867452659351,0.011222651719143294,0.0,0.006509175493125709,0.0026150211565836522,2.93923196892365e-08,3.7347325888359775e-14,3.5351310767595123e-09,2.93923196892365e-08,3.5351310767595123e-09,0.5516685843467712,0.5,0.21140450239181519,0.25,0.5,0.7272727489471436,0.6506024096385542,0.9036144578313253,0.10651876032352448,83,0.0,0.0,0.0,50,9,0.18,9,20,20,224,-0.19438552856445312,-0.054730646312236786,-0.02733147982507944,-0.5430787801742554,-0.025821425020694733,0.19438552856445312,0.0,0.0,0.0,0.0,0.0,0.0,0.0,0.0,0.0,0.0,0.0,0.0015139493030149093,0.0007243343499456397,0.0,0.0,20.63260841369629,,,0.6326084136962749,0.0,0.0,0.3080357142857143,1.0,0.0,,0,0.97025,0.029750000000000054,0.029750000000000054,0.0,0.0,0.3025210084033613,0.2605042016806723,0.4369747899159664,0.3025210084033613,0.2605042016806723,0.4369747899159664,0.5008668473938434,0.8625508874654768,2.0926084995269774,-0.049427708983421324,0.13015873432159425,-0.08824606761336326,0.9241397738456726,0.3672306388616562,2.9250350475311278,2.0926084995269774,-2.0926084995269774,0.02975,119,4000,-1.1764757633209229,2.997199296951294,-3.8093032836914062,1.9244158685207366,-3.00864200592041,0.18066338896751405,0.15,0,1.0,1.0,0.4700000000000005,8.930000000000005,49887916.52708033,1.0,0.0,0.17717766622516487,0.0056218473116387176,0.18279951353680374,0.0,0.0,0.0,0.0,0.0,0.0,0.0,0.0,0.0,0.0,0.0,0.0,0.0,0.0,0.0,0.0,0.0,0.0,0.0,0.0,-0.00032844114825287575,0.0,0.5011903257969534,0.0,0.0,True,-1.0,0.6326084136962749,0.0
87,200,22.339465141296387,42,False,True,time_limit,1.0,20.000000000000014,20.566152572631836,0.0,20,True,52.986019606907995,1.446685298295987,333090398.9626444,-0.028174844962580724,-0.011290730744973483,-0.0020670036048989495,0.0,0.0013381950133113877,-0.000819634997194064,-0.04182116400384508,-0.04130260398772725,0.6406343871108792,0.006561785065535423,0.2567265367545613,0.046999143716286294,0.0,0.03044143915507367,0.018636708197664213,9.917494026012719e-08,0.0,6.911614579274687e-11,9.917494026012719e-08,6.911614579274687e-11,0.5273038148880005,0.5,0.22694005072116852,0.25,0.5,0.7303571522235871,0.8055555555555556,0.9305555555555556,0.1148335263133049,72,0.0,0.0,0.0,41,4,0.0975609756097561,4,20,20,242,-0.04130296781659126,-0.026889711618423462,-0.02608964117243886,-1.4410489797592163,-0.021146776154637337,0.04130296781659126,0.0,0.0,0.0,0.0,0.0,0.0,0.0,0.0,0.0,0.0,0.0,0.0013088828766561424,0.0005590920997044169,0.0,0.0,20.566152572631836,,,0.5661525726318217,0.0,0.0,0.23553719008264462,1.0,0.0,,0,0.97525,0.02475000000000005,0.02475000000000005,0.0,0.0,0.2727272727272727,0.1414141414141414,0.5858585858585859,0.2727272727272727,0.1414141414141414,0.5858585858585859,0.5080940373557155,0.8684391558170318,2.1243648529052734,0.036766815930604935,0.25,-0.01035116147249937,1.0980814695358276,0.5320028066635132,1.6830673217773438,2.1243648529052734,-2.1243648529052734,0.02475,99,4000,-1.2645624876022339,3.7329065799713135,-4.4018707275390625,3.2383227348327637,-3.1899518966674805,0.14597496390342712,0.0,0,1.0,1.0,0.5122894736842115,9.73350000000001,47228706.33719223,1.0,0.0,0.07629141731986054,0.0049088681711972,0.08120028549105782,0.0,0.0,0.0,0.0,0.0,0.0,0.0,0.0,0.0,0.0,0.0,0.0,0.0,0.0,0.0,0.0,0.0,0.0,0.0,0.0,-0.0002885846913915973,0.0,0.5047398365429835,0.0,0.0,True,-1.0,0.5661525726318217,0.0
88,200,25.054475784301758,42,False,True,time_limit,1.0,20.000000000000014,20.44515037536621,0.0,20,True,51.30509614180651,1.4650785703513247,348463608.66556394,-0.02784935851274287,-0.0035237908905500766,-0.0019711722234044484,0.0,0.0014226526113328142,-0.000720305054177268,-0.033563279450984806,-0.03286093189382912,0.779954168229183,0.006132172403225353,0.09868792459959137,0.05520500557448802,0.0,0.039847735652384794,0.020172993541127556,1.3533200948767643e-10,2.656971973165334e-12,1.7732767199074568e-10,1.3533200948767643e-10,1.7732767199074568e-10,0.5237967371940613,0.5,0.23368984460830688,0.25,0.5,0.6000000238418579,0.7794117647058824,0.9705882352941176,0.1159512996673584,68,0.0,0.0,0.0,35,2,0.05714285714285714,2,20,20,232,-0.032860931009054184,-0.026528083719313145,-0.02564680092036724,-0.5313607454299927,-0.023131709545850754,0.032860931009054184,0.0,0.0,0.0,0.0,0.0,0.0,0.0,0.0,0.0,0.0,0.0,0.001072707896987492,0.000235274921038305,0.0,0.0,20.44515037536621,,,0.4451503753661967,0.0,0.0,0.1939655172413793,1.0,0.0,,0,0.97925,0.020750000000000046,0.020750000000000046,0.0,0.0,0.18072289156626506,0.13253012048192772,0.6867469879518072,0.18072289156626506,0.13253012048192772,0.6867469879518072,0.5029165223895112,0.870730212330818,2.5113045374552407,0.1278713394034033,0.4841269900401433,-0.16957514236370722,2.1459126559396586,801598.4286309084,79909518.43139331,2.5113045374552407,-2.5113045374552407,0.02075,83,4000,0.07293795049190521,0.8853737711906433,-3.0460981527964273,0.1399141103029251,-3.279045343399048,0.07975399990876515,0.20634921391805014,0,1.0,1.0,0.7346052631578941,13.957500000000032,49460388.60361797,1.0,0.0,0.08544481269567976,0.005583085945753696,0.09102789864143349,0.0,0.0,0.0,0.0,0.0,0.0,0.0,0.0,0.0,0.0,0.0,0.0,0.0,0.0,0.0,0.0,0.0,0.0,0.0,0.0,-0.00021895782428742595,0.0,0.5042579571587267,0.0,0.0,True,-1.0,0.4451503753661967,0.0
89,200,23.009711265563965,42,False,True,time_limit,1.0,20.000000000000014,20.926883697509766,0.0,20,True,52.94750481895236,1.4638572506302314,351643599.45882475,-0.02861256438829927,-0.04908090346256015,-0.002395569358340407,0.0,0.0013848915773623713,-0.0007629184141237136,-0.08049595194142738,-0.07987397877818944,0.346187273832557,0.004923316201952983,0.593836467656528,0.028984316616507497,0.0,0.016837972949907853,0.00923065274254661,2.259258025105737e-07,1.3581051214184292e-11,2.7801338231547838e-09,2.259258025105737e-07,2.7801338231547838e-09,0.5323279500007629,0.5,0.22171857953071594,0.25,0.5,0.6666666865348816,0.7647058823529411,0.9529411764705882,0.1127326712012291,85,0.0,0.0,0.0,50,10,0.2,10,20,20,241,-0.07987397909164429,-0.0333560723811388,-0.027374292630702256,-0.47562268376350403,-0.023688919842243195,0.07987397909164429,0.0,0.0,0.0,0.0,0.0,0.0,0.0,0.0,0.0,0.0,0.0,0.0019134505650008438,0.0008296036807905694,0.0,0.0,20.926883697509766,,,0.9268836975097514,0.0,0.0,0.2946058091286307,1.0,0.0,,0,0.9695,0.03049999999999997,0.03049999999999997,0.0,0.0,0.30327868852459017,0.18032786885245902,0.5163934426229508,0.30327868852459017,0.18032786885245902,0.5163934426229508,0.5031232315930061,0.8715608298778533,2.082597255706787,0.035939835011959076,0.375,-0.13372725248336792,1.9164149761199951,0.8179371953010559,56.26077651977539,2.082597255706787,-2.082597255706787,0.0305,122,4000,-0.10814481973648071,1.9947582483291626,-3.1171622276306152,0.19453050196170807,-3.3128714561462402,0.05588144436478615,0.125,0,1.0,1.0,0.5493157894736845,10.436999999999978,43101561.39335964,1.0,0.0,0.2683119043500871,0.005266618730766471,0.27357852308085356,0.0,0.0,0.0,0.0,0.0,0.0,0.0,0.0,0.0,0.0,0.0,0.0,0.0,0.0,0.0,0.0,0.0,0.0,0.0,0.0,-0.0004069147322280592,0.0,0.5044628236680292,0.0,0.0,True,-1.0,0.9268836975097514,0.0
90,200,21.90967583656311,42,False,True,time_limit,1.0,20.000000000000014,20.607301712036133,0.0,20,True,53.00021368786196,1.397956651710278,321630833.18184507,-0.02897358622586223,-0.016035391603205388,-0.002108565300847342,0.0,0.0012489466239992847,-0.0007803575803198001,-0.04723056599106767,-0.046761976947387394,0.5881282108955745,0.002294225250594242,0.3254987525909023,0.04280128556667588,0.0,0.025437225362198546,0.015840300334054546,8.702361609103093e-10,0.0,5.533094010745637e-10,8.702361609103093e-10,5.533094010745637e-10,0.5465312600135803,0.5,0.21952217817306519,0.25,0.5,0.7142857313156128,0.7051282051282052,0.8717948717948718,0.10813155770301819,78,0.0,0.0,0.0,53,5,0.09433962264150944,5,20,20,229,-0.046761978417634964,-0.036805715411901474,-0.027672210428863763,-0.5076489448547363,-0.025857631117105484,0.046761978417634964,0.0,0.0,0.0,0.0,0.0,0.0,0.0,0.0,0.0,0.0,0.0,0.0007244598921888732,0.0005163677299660386,0.0,0.0,20.607301712036133,,,0.6073017120361186,0.0,0.0,0.29694323144104806,1.0,0.0,,0,0.9725,0.02749999999999997,0.02749999999999997,0.0,0.0,0.2909090909090909,0.23636363636363636,0.4727272727272727,0.2909090909090909,0.23636363636363636,0.4727272727272727,0.497672571859663,0.8641100555658341,2.147120714187622,0.015788285294547677,0.0555555559694767,-0.01754795014858246,2.151681363582611,1.0515538454055786,20.217396020889282,2.147120714187622,-2.147120714187622,0.0275,110,4000,-0.2699008285999298,1.5639474391937256,-3.493339776992798,0.7166220247745514,-3.2149887084960938,0.11569222807884216,0.1875,0,1.0,1.0,0.523894736842106,9.95400000000001,46494739.75198334,1.0,0.0,0.09493634047881695,0.005321640738004324,0.10025798121682147,0.0,0.0,0.0,0.0,0.0,0.0,0.0,0.0,0.0,0.0,0.0,0.0,0.0,0.0,0.0,0.0,0.0,0.0,0.0,0.0,-0.00011302286115203052,0.0,0.4997813168952707,0.0,0.0,True,-1.0,0.6073017120361186,0.0
91,143,15.2209632396698,42,True,False,all_finished,0.0,14.299999999999965,15.291889801025388,0.7999999999999999,20,True,51.14800996855319,1.540812773825758,363022045.4461292,-0.026291406870980007,-0.01126662106332751,-0.0028048776208825805,0.0,0.0012304195341494007,0.0012487685214800336,-0.04062960248888041,-0.03815041443325099,0.5831522966405039,0.005915428191109114,0.24989746576512556,0.062213134292887697,0.0,0.027388958726610863,0.07143271638376299,5.402554847933061e-08,0.0,3.730742121482719e-11,5.402554847933061e-08,3.730742121482719e-11,0.568176805973053,0.5,0.21273775398731232,0.25,0.5,0.7800000131130217,0.6329113924050633,0.8481012658227848,0.10154365748167038,79,0.0,0.0,0.0,52,4,0.07692307692307693,4,20,20,232,-0.03815041482448578,-0.02505391463637352,-0.024648829735815524,-0.5686694383621216,0.25715383887290955,0.04174697399139404,0.0,0.0,0.0,0.0,0.0,0.0,0.0,0.0,0.0,0.0,0.0,0.001386427038560904,0.0003894684869398442,0.0,0.0,15.291889801025388,,,0.9918898010254225,0.05,0.05,0.2801724137931034,0.95,0.0,,0,0.963986013986014,0.03601398601398598,0.03601398601398598,0.0,0.0,0.23300970873786409,0.2621359223300971,0.5048543689320388,0.23300970873786409,0.2621359223300971,0.5048543689320388,0.4982333479343471,0.8659796893596649,2.2615201473236084,0.1004076823592186,0.2857142984867096,0.1925203800201416,1.025324821472168,0.6980913281440735,1.938595175743103,2.2615201473236084,-2.2615201473236084,0.03601398601398601,103,2860,-0.660839855670929,3.9928371906280518,-4.407614707946777,5.906745433807373,-3.1892805099487305,0.1601494401693344,0.0,0,1.0,1.0,0.5070666175929335,9.634265734265755,43010743.47077631,1.0,0.0,0.16450686543728327,0.005829845768752116,0.17033671120603538,0.0,0.0,0.0,0.0,0.0,0.0,0.0,0.0,0.0,0.0,0.0,0.0,0.0,0.0,0.0,0.0,0.0,0.0,0.0,0.0,-0.00026669693369036235,0.0,0.5015320847432904,0.0,0.0,False,0.0,0.0,0.0
92,200,22.019363403320312,42,False,True,time_limit,1.0,20.000000000000014,20.570180892944336,0.0,20,True,52.168519315583936,1.3856684722946535,328171621.3081274,-0.029564538426968965,-0.0023822008992858993,-0.002640876425939694,0.0,0.0011889565578548375,-0.0008247922140167947,-0.03486317950845846,-0.03449901516462031,0.8016292199744426,0.007471787849244729,0.0645923105965011,0.07160618166268364,0.0,0.03233662838919815,0.022363871527929766,1.9330105516246476e-08,0.0,4.0287255129167687e-11,1.9330105516246476e-08,4.0287255129167687e-11,0.5451153516769409,0.5,0.21281704306602478,0.25,0.5,0.7142857313156128,0.6804123711340206,0.8969072164948454,0.10890211164951324,97,0.0,0.0,0.0,61,12,0.19672131147540983,12,20,20,245,-0.03449901565909386,-0.028361111879348755,-0.02818539533764124,-0.5554745197296143,-0.025226010009646416,0.03449901565909386,0.0,0.0,0.0,0.0,0.0,0.0,0.0,0.0,0.0,0.0,0.0,0.0013990073287226516,0.0,0.0,0.0,20.570180892944336,,,0.5701808929443217,0.0,0.0,0.2979591836734694,1.0,0.0,,0,0.9665,0.033499999999999974,0.033499999999999974,0.0,0.0,0.27611940298507465,0.1791044776119403,0.5447761194029851,0.27611940298507465,0.1791044776119403,0.5447761194029851,0.4998657381545253,0.8631502687931061,2.111580014228821,0.023622176551725715,0.0,-0.15680288895964622,0.9717579185962677,0.32245925068855286,14.828560709953308,2.111580014228821,-2.111580014228821,0.0335,134,4000,0.027200648561120033,0.661260724067688,-3.0310086011886597,0.23762331902980804,-3.13885235786438,0.1405874490737915,0.3589743673801422,0,1.0,1.0,0.46173684210526234,8.77299999999999,51833101.15221159,1.0,0.0,0.1429667697067941,0.005617251119713734,0.14858402082650782,0.0,0.0,0.0,0.0,0.0,0.0,0.0,0.0,0.0,0.0,0.0,0.0,0.0,0.0,0.0,0.0,0.0,0.0,0.0,0.0,-0.00027556375626402226,0.0,0.4981152915245621,0.0,0.0,True,-1.0,0.5701808929443217,0.0
93,200,21.259943962097168,42,False,True,time_limit,1.0,20.000000000000014,20.70305633544922,0.0,20,True,50.82684426788561,1.5054370156017023,364244558.99572724,-0.02721573473547824,-0.0018037101922186599,-0.002579628098499271,0.0,0.001100936633701355,-0.0008463487329189481,-0.03216000363117362,-0.031905415730391753,0.7978817491100035,0.016444762435368243,0.05287924272641086,0.07562677250086532,0.0,0.032355127944675946,0.024812345282676024,6.22977502917621e-11,1.1265557510833392e-13,1.8044921199639175e-11,6.22977502917621e-11,1.8044921199639175e-11,0.5529157519340515,0.5,0.21764889359474182,0.25,0.5,0.75,0.6804123711340206,0.8556701030927835,0.10637640208005905,97,0.0,0.0,0.0,60,8,0.13333333333333333,8,20,20,239,-0.031905416399240494,-0.026134764775633812,-0.025739161763340238,-0.3586587607860565,-0.02222811058163643,0.031905416399240494,0.0,0.0,0.0,0.0,0.0,0.0,0.0,0.0,0.0,0.0,0.0,0.0020924801481087296,0.0004186684765245789,0.0,0.0,20.70305633544922,,,0.7030563354492045,0.0,0.0,0.3723849372384937,1.0,0.0,,0,0.96525,0.03474999999999995,0.03474999999999995,0.0,0.0,0.302158273381295,0.2014388489208633,0.49640287769784175,0.302158273381295,0.2014388489208633,0.49640287769784175,0.49899513389378247,0.8654663264751434,2.1100845336914062,0.18582168221473694,0.4285714328289032,-0.007707387208938599,0.5903450846672058,0.28085944056510925,1.7573431730270386,2.1100845336914062,-2.1100845336914062,0.03475,139,4000,-0.011706235818564892,0.589789092540741,-3.095766544342041,0.3876681327819824,-3.1090452671051025,0.11850780993700027,0.0,0,1.0,1.0,0.45121052631578984,8.573000000000002,40917923.35606008,1.0,0.0,0.17057243889698562,0.005737071070841607,0.17630950996782732,0.0,0.0,0.0,0.0,0.0,0.0,0.0,0.0,0.0,0.0,0.0,0.0,0.0,0.0,0.0,0.0,0.0,0.0,0.0,0.0,-0.0005609306049776993,0.0,0.5002381023024209,0.0,0.0,True,-1.0,0.7030563354492045,0.0
94,200,21.850823163986206,42,False,True,time_limit,1.0,20.000000000000014,21.347518920898438,0.0,20,True,51.41926724791167,1.491141437438476,353106292.12130135,-0.027351249698810587,-0.014158079235636525,-0.0028117735507588735,0.0,0.0009876223891627821,-0.0005177380664476379,-0.04494677295876519,-0.044476888636050246,0.588721059886633,0.013467223194169146,0.3047451032530091,0.06052192580567721,0.0,0.021400652155409452,0.011144035705102143,1.632374591054031e-08,0.0,2.383021571739085e-10,1.632374591054031e-08,2.383021571739085e-10,0.5831069946289062,0.5,0.19753891229629517,0.25,0.5,0.8458333194255828,0.6086956521739131,0.808695652173913,0.09780081361532211,115,0.0,0.0,0.0,85,9,0.10588235294117647,9,20,20,234,-0.044476885348558426,-0.02639093156903982,-0.025916683208197355,-0.5750992298126221,-0.024715954437851906,0.044476885348558426,0.0,0.0,0.0,0.0,0.0,0.0,0.0,0.0,0.0,0.0,0.0,0.0025001364607004552,0.00028458686644074286,0.0,0.0,21.347518920898438,,,1.3475189208984233,0.0,0.0,0.4230769230769231,1.0,0.0,,0,0.96275,0.037250000000000005,0.037250000000000005,0.0,0.0,0.22818791946308725,0.31543624161073824,0.4563758389261745,0.22818791946308725,0.31543624161073824,0.4563758389261745,0.5012819707075397,0.8634888529777527,2.255476713180542,0.09323182702064514,0.0,-0.2513475716114044,0.5656546950340271,0.02442561835050583,18.881526947021484,2.255476713180542,-2.255476713180542,0.03725,149,4000,-1.621645450592041,5.647601127624512,-3.2714684009552,0.26364654302597046,-3.1595699787139893,0.14233675599098206,0.30000001192092896,0,1.0,1.0,0.5676578947368423,10.78549999999998,43666534.824976884,1.0,0.0,0.1562845088090111,0.006093428540076022,0.1623779373490872,0.0,0.0,0.0,0.0,0.0,0.0,0.0,0.0,0.0,0.0,0.0,0.0,0.0,0.0,0.0,0.0,0.0,0.0,0.0,0.0,-0.0006256704735588432,0.0,0.4995745153429452,0.0,0.0,True,-1.0,1.3475189208984233,0.0
95,200,21.605061531066895,42,False,True,time_limit,1.0,20.000000000000014,20.904626846313477,0.0,20,True,51.917218349041704,1.4502995197539579,342125863.7259053,-0.028031188121173577,-0.020819440829790734,-0.0025464096748874375,0.0,0.001158807015945165,-0.0008947081033699259,-0.051846994095926524,-0.051582895183351254,0.5200408497094287,0.008347674168416518,0.3862469065812204,0.04724155984085812,0.0,0.021524185550808504,0.016598824149267905,5.338523223485936e-08,6.80198051475258e-14,1.0422223891207161e-11,5.338523223485936e-08,1.0422223891207161e-11,0.5503820180892944,0.5,0.2160157859325409,0.25,0.5,0.7777777910232544,0.6947368421052632,0.8842105263157894,0.10721725970506668,95,0.0,0.0,0.0,59,10,0.1694915254237288,10,20,20,228,-0.05158289894461632,-0.026818289421498775,-0.026724607963114978,-0.9849073886871338,-0.025663193315267563,0.05158289894461632,0.0,0.0,0.0,0.0,0.0,0.0,0.0,0.0,0.0,0.0,0.0,0.0017873723709075952,0.0002797832253235007,0.0,0.0,20.904626846313477,,,0.9046268463134624,0.0,0.0,0.31140350877192985,1.0,0.0,,0,0.96825,0.031749999999999945,0.031749999999999945,0.0,0.0,0.25196850393700787,0.1968503937007874,0.5511811023622047,0.25196850393700787,0.1968503937007874,0.5511811023622047,0.4911403369974657,0.862945181131363,2.208604574203491,0.043857306241989136,0.3333333432674408,-0.257758229970932,0.49607396125793457,-0.016622141003608704,5.089662075042725,2.208604574203491,-2.208604574203491,0.03175,127,4000,-1.125465989112854,4.343305587768555,-3.068885326385498,0.27331674098968506,-3.1061246395111084,0.12714432179927826,0.0,0,1.0,1.0,0.4859473684210524,9.232999999999997,45833660.06140119,1.0,0.0,0.2505660380005499,0.005850570856545459,0.2564166088570952,0.0,0.0,0.0,0.0,0.0,0.0,0.0,0.0,0.0,0.0,0.0,0.0,0.0,0.0,0.0,0.0,0.0,0.0,0.0,0.0,-0.0004499554700748774,0.0,0.49204737416375427,0.0,0.0,True,-1.0,0.9046268463134624,0.0
96,200,21.951621055603027,42,False,True,time_limit,1.0,20.000000000000014,21.069204330444336,0.0,20,True,51.673020270884095,1.3995787990920046,332522341.01242924,-0.02908827941027066,-0.015537083992091751,-0.002725478356986053,0.0,0.0013770367765298123,-0.0006617824968012796,-0.04762617093538981,-0.046910916655660426,0.5856296241364597,0.005543157764815505,0.3128055987819127,0.05487161489621247,0.0,0.027826444460398468,0.013323559960200996,5.810574066344998e-08,3.847597187958771e-14,5.584028014288252e-11,5.810574066344998e-08,5.584028014288252e-11,0.5343273878097534,0.5,0.220090851187706,0.25,0.5,0.6761904954910273,0.7835051546391752,0.9484536082474226,0.11239085346460342,97,0.0,0.0,0.0,56,11,0.19642857142857142,11,20,20,233,-0.04691091552376747,-0.027751403860747814,-0.02733858870342374,-0.8421521782875061,-0.025616386905312538,0.04691091552376747,0.0,0.0,0.0,0.0,0.0,0.0,0.0,0.0,0.0,0.0,0.0,0.001418830335621379,0.000254550497567374,0.0,0.0,21.069204330444336,,,1.0692043304443217,0.0,0.0,0.3090128755364807,1.0,0.0,,0,0.968,0.03200000000000003,0.03200000000000003,0.0,0.0,0.2421875,0.203125,0.5546875,0.2421875,0.203125,0.5546875,0.496458383460361,0.8611000150442123,2.1886889934539795,0.058217644691467285,0.30000001192092896,0.010601473040878773,1.1352335214614868,0.5713860392570496,2.2242376804351807,2.1886889934539795,-2.1886889934539795,0.032,128,4000,-2.0557308197021484,4.168053150177002,-5.371102809906006,5.939535617828369,-3.067647695541382,0.19224104285240173,0.0,0,1.0,1.0,0.4931842105263151,9.370499999999993,43158072.731317714,1.0,0.0,0.24074784085638073,0.005782466038623802,0.24653030689500444,0.0,0.0,0.0,0.0,0.0,0.0,0.0,0.0,0.0,0.0,0.0,0.0,0.0,0.0,0.0,0.0,0.0,0.0,0.0,0.0,-0.0002753291760400998,0.0,0.49650375530228485,0.0,0.0,True,-1.0,1.0692043304443217,0.0
97,200,20.038809537887573,42,False,True,time_limit,1.0,20.000000000000014,20.48137331008911,0.95,20,True,52.68931240113604,1.4713255218957126,344109701.3127299,-0.027735031377560178,-0.015665550886409342,-0.0026000912424602655,0.0,0.0008968690075438419,0.0012097050543916049,-0.04657346121799684,-0.04446688715606181,0.559535294436841,0.011555600441852127,0.31604177793843374,0.05245506302508598,0.0,0.01826213894793423,0.04215012520985298,8.987546706862304e-09,0.0,2.1545815392237647e-11,8.987546706862304e-09,2.1545815392237647e-11,0.5703858733177185,0.5,0.20763501524925232,0.25,0.5,0.8461538553237915,0.6372549019607843,0.8235294117647058,0.10196437686681747,102,0.0,0.0,0.0,74,9,0.12162162162162163,9,20,20,227,-0.044469185173511505,-0.026823777705430984,-0.026722655445337296,-0.5388146042823792,0.09469495713710785,0.04541613534092903,0.0,0.0,0.0,0.0,0.0,0.0,0.0,0.0,0.0,0.0,0.0,0.0025736406977440143,0.0,0.0,0.0,20.48137331008911,,,0.4813733100890971,0.1,0.1,0.44933920704845814,0.9,0.0,,0,0.9635,0.03649999999999998,0.03649999999999998,0.0,0.0,0.3013698630136986,0.2602739726027397,0.4383561643835616,0.3013698630136986,0.2602739726027397,0.4383561643835616,0.49413380084187436,0.8530387878417967,2.053633689880371,0.05295718088746071,0.1538461595773697,-0.1911122053861618,1.0521924495697021,0.32857969403266907,0.6684134602546692,2.053633689880371,-2.053633689880371,0.0365,146,4000,-0.921754002571106,3.8711047172546387,-3.3323142528533936,2.583160400390625,-3.0138139724731445,0.1785586029291153,0.0,0,1.0,1.0,0.45886842105263215,8.718499999999988,44137649.28791139,1.0,0.00025,0.08791776683137892,0.005618005689664233,0.09353577252104307,0.0,0.0,0.0,0.0,0.0,0.0,0.0,0.0,0.0,0.0,0.0,0.0,0.0,0.0,0.0,0.0,0.0,0.0,0.0,0.0,-0.00057278771156677,0.0,0.4932552892746171,0.0,0.0,True,-1.0,0.4813733100890971,0.0
98,200,20.349791049957275,42,False,True,time_limit,1.0,20.000000000000014,20.5177942276001,0.7999999999999999,20,True,53.057974279866144,1.4452030449964504,333793667.1566199,-0.028491311499063768,-0.015963493921033287,-0.0023103916725986623,0.0,0.0011714971697847042,0.0016209908420730694,-0.04699418140011987,-0.044201693388260965,0.5564616724773356,0.00447227537012056,0.3117818049959498,0.045124086837989436,0.0,0.02302997341380985,0.05913018690479477,2.5039838646989665e-07,0.0,2.4665826152403522e-11,2.5039838646989665e-07,2.4665826152403522e-11,0.5661000609397888,0.5,0.2068311721086502,0.25,0.5,0.7321428656578064,0.6153846153846154,0.9010989010989011,0.10155567526817322,91,0.0,0.0,0.0,67,9,0.13432835820895522,9,20,20,225,-0.044201694428920746,-0.027308677323162556,-0.02720091277733445,-0.520391583442688,0.407656729221344,0.048278260976076126,0.0,0.0,0.0,0.0,0.0,0.0,0.0,0.0,0.0,0.0,0.0,0.0012563173868503196,0.0005922036948271388,0.0,0.0,20.5177942276001,,,0.5177942276000849,0.05,0.05,0.3422222222222222,0.95,0.0,,0,0.971,0.029000000000000026,0.029000000000000026,0.0,0.0,0.21551724137931033,0.29310344827586204,0.49137931034482757,0.21551724137931033,0.29310344827586204,0.49137931034482757,0.5046725848869972,0.863695940375328,2.0897177855173745,0.009157675007979075,0.21933622658252716,-0.018277202422420185,1.2328408161799114,0.5916325350602468,2.1318867206573486,2.0897177855173745,-2.0897177855173745,0.029,116,4000,-2.584904193878174,9.373418807983398,-5.121606866518657,8.679748773574829,-2.9877452850341797,0.1519913673400879,0.0,0,1.0,1.0,0.4850263157894718,9.215499999999963,44127490.589784734,1.0,0.0,0.11248744768561912,0.005609041785794286,0.11809648947141357,0.0,0.0,0.0,0.0,0.0,0.0,0.0,0.0,0.0,0.0,0.0,0.0,0.0,0.0,0.0,0.0,0.0,0.0,0.0,0.0,-0.0002289843074230514,0.0,0.505386924027931,0.0,0.0,True,-1.0,0.5177942276000849,0.0
99,200,22.57447361946106,42,False,True,time_limit,1.0,20.000000000000014,21.12162208557129,0.0,20,True,51.15929313178017,1.4922592838096524,358093150.3787657,-0.02748078575691222,-0.11143548399984024,-0.002640072927714951,0.0,0.00129910796576875,-0.0004666200275048858,-0.14177935907479772,-0.1409468711365364,0.191441237310252,0.0015536140081104906,0.7763004713877312,0.018391716755912706,0.0,0.009062314206063026,0.0032506463319306646,2.6542477371549467e-07,4.195667684808724e-12,4.200050796043793e-09,2.6542477371549467e-07,4.200050796043793e-09,0.539617657661438,0.5,0.21279802918434143,0.25,0.5,0.75,0.7789473684210526,0.8947368421052632,0.11116096377372742,95,0.0,0.0,0.0,65,11,0.16923076923076924,11,20,20,234,-0.1409468650817871,-0.02911319024860859,-0.02641060557216406,-1.3687310218811035,-0.02428952418267727,0.1409468650817871,0.0,0.0,0.0,0.0,0.0,0.0,0.0,0.0,0.0,0.0,0.0,0.001167401677984161,0.0003946596904170837,0.0,0.0,21.12162208557129,,,1.1216220855712749,0.0,0.0,0.33760683760683763,1.0,0.0,,0,0.96875,0.03125,0.03125,0.0,0.0,0.24,0.256,0.504,0.24,0.256,0.504,0.4962572379558183,0.8665976524353025,2.263058662414551,0.08288741111755371,0.375,0.483275830745697,1.6896023750305176,1.321033239364624,2.770876884460449,2.263058662414551,-2.263058662414551,0.03125,125,4000,-2.6926887035369873,4.472079277038574,-7.583247184753418,5.678278923034668,-2.925726890563965,0.12917578220367432,0.0,0,1.0,1.0,0.5772631578947377,10.968000000000004,44632115.31102299,1.0,0.0,0.14600491641856247,0.0057254026069581175,0.15173031902552056,0.0,0.0,0.0,0.0,0.0,0.0,0.0,0.0,0.0,0.0,0.0,0.0,0.0,0.0,0.0,0.0,0.0,0.0,0.0,0.0,-0.0002230163903330336,0.0,0.4942603035984794,0.0,0.0,True,-1.0,1.1216220855712749,0.0
100,200,23.04667019844055,42,False,True,time_limit,1.0,20.000000000000014,20.798240661621094,0.0,20,True,48.50622422126428,1.487450132576789,372899367.0142616,-0.027101645827074885,-0.005626179680432743,-0.003103050217395826,0.0,0.0013141641808533827,-0.0006132395878941784,-0.03617240843781333,-0.03547148384485379,0.7112626094448303,0.008963272937166138,0.1476549160978384,0.08143725325560852,0.0,0.034587929757948215,0.01609401850660826,2.5510329959566036e-10,2.2704477187218686e-12,1.5105869818898829e-10,2.5510329959566036e-10,1.5105869818898829e-10,0.5451431274414062,0.5,0.2055054008960724,0.25,0.5,0.7188311874866485,0.7192982456140351,0.9298245614035088,0.10887894779443741,114,0.0,0.0,0.0,75,14,0.18666666666666668,14,20,20,257,-0.03547148406505585,-0.025825162418186665,-0.02534957705065608,-0.5783559083938599,-0.022316768765449524,0.03547148406505585,0.0,0.0,0.0,0.0,0.0,0.0,0.0,0.0,0.0,0.0,0.0,0.0016689856122668735,0.00023402472270444007,0.0,0.0,20.798240661621094,,,0.7982406616210795,0.0,0.0,0.3151750972762646,1.0,0.0,,0,0.9635,0.03649999999999998,0.03649999999999998,0.0,0.0,0.2191780821917808,0.2465753424657534,0.5342465753424658,0.2191780821917808,0.2465753424657534,0.5342465753424658,0.49512292221500176,0.8629969000816345,1.9957770109176636,0.1291656345129013,0.1428571492433548,-0.10996698588132858,0.624864399433136,0.19625931978225708,4.116901874542236,1.9957770109176636,-1.9957770109176636,0.0365,146,4000,-0.13078008592128754,1.438604474067688,-2.90022611618042,0.3144330382347107,-2.9517405033111572,0.18144591152668,0.1428571492433548,0,1.0,0.9979999999999996,0.4829210526315776,9.175499999999973,53994119.208686925,1.0,0.0,0.2115441716864338,0.005386484177084138,0.2169306558635179,0.0,0.0,0.0,0.0,0.0,0.0,0.0,0.0,0.0,0.0,0.0,0.0,0.0,0.0,0.0,0.0,0.0,0.0,0.0,0.0,-0.0003415327129090766,0.0,0.4965435277768411,0.0,0.0,True,-1.0,0.7982406616210795,0.0
101,200,21.849234104156494,42,False,True,time_limit,1.0,20.000000000000014,20.961309146881103,1.7000000000000004,20,True,51.945259460485644,1.451209889456286,342813332.7826564,-0.028244766812098247,-0.5015405502773876,-0.0029241237286618915,0.0,0.001147813013229314,-0.0011003250608322772,-0.533272139409015,-0.533224651456616,0.05274134841427615,0.0010507249937810564,0.9365248111992618,0.005460205403917521,0.0,0.0021682770796520906,0.0020546329091114066,5.70788586173876e-07,0.0,3.45915827892892e-07,5.70788586173876e-07,3.45915827892892e-07,0.5622305870056152,0.5,0.2026948183774948,0.25,0.5,0.7576923131942748,0.6548672566371682,0.831858407079646,0.10350880026817322,113,0.0,0.0,0.0,82,14,0.17073170731707318,14,20,20,250,-0.5332246422767639,-0.475943848490715,-0.04429837986826907,-1.3687944412231445,-0.02776871807873249,0.5332246422767639,0.0,0.0,0.0,0.0,0.0,0.0,0.0,0.0,0.0,0.0,0.0,0.0025066066451626154,0.0004616983267649033,0.0,0.0,20.961309146881103,,,0.9613091468810886,0.0,0.0,0.412,1.0,0.0,,0,0.96125,0.03874999999999995,0.03874999999999995,0.0,0.0,0.2709677419354839,0.23225806451612904,0.4967741935483871,0.2709677419354839,0.23225806451612904,0.4967741935483871,0.49797415449097754,0.863847729563713,2.2858784198760986,0.0743229016661644,0.20000000298023224,0.06556008756160736,1.4240543842315674,0.7704861760139465,1.4405425786972046,2.2858784198760986,-2.2858784198760986,0.03875,155,4000,-3.472038745880127,8.84642219543457,-7.362303256988525,6.674169063568115,-2.9649229049682617,0.17433249950408936,0.0,0,1.0,1.0,0.5445000000000002,10.345500000000001,46830044.25334959,1.0,0.0,0.17034032977840963,0.005370209956764288,0.175710539735174,0.0,0.0,0.0,0.0,0.0,0.0,0.0,0.0,0.0,0.0,0.0,0.0,0.0,0.0,0.0,0.0,0.0,0.0,0.0,0.0,-0.0005626985908641682,0.0,0.496725228644209,0.0,0.0,True,-1.0,0.9613091468810886,0.0
102,200,21.972249269485474,42,False,True,time_limit,1.0,20.000000000000014,20.628516960144044,1.3,20,True,52.38428397754691,1.506356203629765,353948774.30123866,-0.02723174346437017,-0.0523504164036195,-0.0026477639492227946,0.0,0.00121071217931176,-0.0005434895631076331,-0.08259282213013135,-0.08192559951392756,0.3228245605396304,0.0043020561111767434,0.6205992720105112,0.03138848727915241,0.0,0.014442710127203913,0.00644291393232524,1.2130691118272807e-08,0.0,8.161594594602299e-11,1.2130691118272807e-08,8.161594594602299e-11,0.5724629163742065,0.5,0.20879292488098145,0.25,0.5,0.7777777910232544,0.5754716981132075,0.9150943396226415,0.09991560876369476,106,0.0,0.0,0.0,75,11,0.14666666666666667,11,20,20,254,-0.08195358514785767,-0.02648529876023531,-0.025646308716386557,-0.5752294063568115,-0.023294484242796898,0.08195358514785767,0.0,0.0,0.0,0.0,0.0,0.0,0.0,0.0,0.0,0.0,0.0,0.0017135386235441995,0.0,0.0,0.0,20.628516960144044,,,0.6285169601440295,0.0,0.0,0.3188976377952756,1.0,0.0,,0,0.96675,0.03325,0.03325,0.0,0.0,0.20300751879699247,0.24812030075187969,0.5488721804511278,0.20300751879699247,0.24812030075187969,0.5488721804511278,0.5005208684189534,0.8671702504158021,2.189549207687378,-0.031464146450161934,0.1825396865606308,-0.23496663197875023,0.7611602544784546,0.138818196952343,4.433268487453461,2.189549207687378,-2.189549207687378,0.03325,133,4000,-0.5703035593032837,2.1261234283447266,-3.1575233936309814,1.1381572037935257,-2.966191530227661,0.21549662947654724,0.0555555559694767,0,1.0,1.0,0.5103684210526321,9.697000000000006,50295010.90116704,1.0,0.0,0.11419433074827386,0.005836330060672193,0.12003066080894613,0.0,0.0,0.0,0.0,0.0,0.0,0.0,0.0,0.0,0.0,0.0,0.0,0.0,0.0,0.0,0.0,0.0,0.0,0.0,0.0,-0.00036289831291974833,0.0,0.4996391628754791,0.0,0.0,True,-1.0,0.6285169601440295,0.0
103,200,22.91781187057495,42,False,True,time_limit,1.0,20.000000000000014,21.22740364074707,0.0,20,True,51.12800042792661,1.4245715709056799,341321963.1748146,-0.028516488493997343,-0.04161870401331507,-0.0015709142982324664,0.0,0.0015139594864878633,-0.0007174489265560286,-0.07182046926938185,-0.07102395870945073,0.3850799738856903,0.001544323895189549,0.5620092199632922,0.021213258324823254,0.0,0.0204649618590224,0.009688262071982229,7.499530738641624e-07,0.0,2.665853898742298e-10,7.499530738641624e-07,2.665853898742298e-10,0.5150942802429199,0.5,0.24088053405284882,0.25,0.5,0.6266666889190673,0.8867924528301887,1.0,0.11855956166982651,53,0.0,0.0,0.0,25,3,0.12,3,20,20,233,-0.07107442617416382,-0.02699763048440218,-0.02654832899570465,-0.550468921661377,-0.024009162560105324,0.07107442617416382,0.0,0.0,0.0,0.0,0.0,0.0,0.0,0.0,0.0,0.0,0.0,0.0006495557524004334,0.0006285222171489153,0.0,0.0,21.22740364074707,,,1.227403640747056,0.0,0.0,0.14163090128755365,1.0,0.0,,0,0.98225,0.017750000000000044,0.017750000000000044,0.0,0.0,0.2535211267605634,0.16901408450704225,0.5774647887323944,0.2535211267605634,0.16901408450704225,0.5774647887323944,0.505599765571773,0.8731486171483992,2.2736639976501465,0.021178085822612047,0.0833333358168602,-0.1807045415043831,1.3342735171318054,0.47938263416290283,1.4418269991874695,2.2736639976501465,-2.2736639976501465,0.01775,71,4000,-6.275595188140869,17.631675720214844,-6.030289888381958,5.3380446434021,-3.012765407562256,0.09130928805097938,0.0,0,1.0,1.0,0.5810263157894738,11.039499999999991,48007337.092601754,1.0,0.0,0.08911353613881806,0.005838485014734193,0.09495202115355218,0.0,0.0,0.0,0.0,0.0,0.0,0.0,0.0,0.0,0.0,0.0,0.0,0.0,0.0,0.0,0.0,0.0,0.0,0.0,0.0,-0.00011436246383783817,0.0,0.5023680104119703,0.0,0.0,True,-1.0,1.227403640747056,0.0
104,200,21.459696054458618,42,False,True,time_limit,1.0,20.000000000000014,20.570281982421875,0.0,20,True,52.56279347883433,1.5100455598804479,351559128.0032762,-0.027126655985266923,-0.009669896358975655,-0.002480366902144942,0.0,0.0012734852499863424,-0.0008400643934925299,-0.039775402580897505,-0.039341981724403105,0.647534790171259,0.011899192498734786,0.23082809444658164,0.059208324918503835,0.0,0.030476594709894698,0.020053003255026115,5.431665117683337e-10,8.846644526964639e-14,1.4580132864927494e-10,5.431665117683337e-10,1.4580132864927494e-10,0.5666164755821228,0.5,0.21003368496894836,0.25,0.5,0.8114285826683038,0.6391752577319587,0.8865979381443299,0.10228316485881805,97,0.0,0.0,0.0,63,8,0.12698412698412698,8,20,20,240,-0.03936076536774635,-0.02600281685590744,-0.02569877021014691,-1.0902704000473022,-0.023042984306812286,0.03936076536774635,0.0,0.0,0.0,0.0,0.0,0.0,0.0,0.0,0.0,0.0,0.0,0.002221825041766649,0.00036615001368362767,0.0,0.0,20.570281982421875,,,0.5702819824218608,0.0,0.0,0.35,1.0,0.0,,0,0.96675,0.03325,0.03325,0.0,0.0,0.2706766917293233,0.24060150375939848,0.48872180451127817,0.2706766917293233,0.24060150375939848,0.48872180451127817,0.5065750398012364,0.8589994549751281,2.199394702911377,0.040951233357191086,0.3333333432674408,-0.2388734668493271,0.7611337304115295,0.13488076627254486,11.93469524383545,2.199394702911377,-2.199394702911377,0.03325,133,4000,-0.7359294295310974,2.7275407314300537,-2.937713146209717,0.19074709713459015,-2.8932948112487793,0.1505185067653656,0.3333333432674408,0,1.0,1.0,0.46228947368420953,8.783499999999993,45507576.39879164,1.0,0.0,0.12424381059944409,0.005562292374254747,0.12980610297369882,0.0,0.0,0.0,0.0,0.0,0.0,0.0,0.0,0.0,0.0,0.0,0.0,0.0,0.0,0.0,0.0,0.0,0.0,0.0,0.0,-0.0004984833345097605,0.0,0.5055371865469497,0.0,0.0,True,-1.0,0.5702819824218608,0.0
105,200,22.055284023284912,42,False,True,time_limit,1.0,20.000000000000014,20.624065399169922,0.0,20,True,49.69785018263572,1.550429211167462,383031895.3026495,-0.026522956586044644,-0.012049356785936705,-0.0028957127683035553,0.0,0.0012041240200244155,-0.000797092464993396,-0.04194305109628738,-0.041536019541255985,0.6034697578712397,0.010808116140877759,0.2741558015421005,0.06588538036789826,0.0,0.027544911796186858,0.018136032281697023,2.4950799115686095e-07,0.0,3.228068749805407e-11,2.4950799115686095e-07,3.228068749805407e-11,0.5289375185966492,0.5,0.22346749901771545,0.25,0.5,0.7272727489471436,0.801980198019802,0.9306930693069307,0.114681676030159,101,0.0,0.0,0.0,58,10,0.1724137931034483,10,20,20,247,-0.04154592379927635,-0.025317448191344738,-0.025078460015356543,-0.5246102809906006,-0.022560525685548782,0.04154592379927635,0.0,0.0,0.0,0.0,0.0,0.0,0.0,0.0,0.0,0.0,0.0,0.0020530872870895044,0.0,0.0,0.0,20.624065399169922,,,0.6240653991699077,0.0,0.0,0.3117408906882591,1.0,0.0,,0,0.96575,0.03425,0.03425,0.0,0.0,0.26277372262773724,0.19708029197080293,0.5401459854014599,0.26277372262773724,0.19708029197080293,0.5401459854014599,0.5011358210196958,0.8776052415370937,2.2736048698425293,0.03428065776824951,0.0,0.5752261281013489,1.2017004489898682,1.169040560722351,4.3487982749938965,2.2736048698425293,-2.2736048698425293,0.03425,137,4000,-1.4346948862075806,4.937061309814453,-6.735631942749023,8.965615272521973,-2.9780585765838623,0.18957379460334778,0.0,0,1.0,1.0,0.48471052631578965,9.209500000000006,43302358.806398004,1.0,0.0,0.10249814649473875,0.005750524103052781,0.10824867059779149,0.0,0.0,0.0,0.0,0.0,0.0,0.0,0.0,0.0,0.0,0.0,0.0,0.0,0.0,0.0,0.0,0.0,0.0,0.0,0.0,-0.00047502495600217553,0.0,0.5011061688363552,0.0,0.0,True,-1.0,0.6240653991699077,0.0
106,200,20.484308004379272,42,False,True,time_limit,1.0,20.000000000000014,20.89353370666504,0.0,20,True,53.12083307526465,1.4291435123864067,330822176.95694506,-0.028247520262992695,-0.1371013733992398,-0.0024150924999322325,0.0,0.001061363816343477,-0.0007616528470325006,-0.16809920649038146,-0.16779949552106718,0.16623033741538606,0.0019726966384575008,0.8068109111200946,0.014212279074955172,0.0,0.006291619137824281,0.004482156613282425,2.041815747588771e-07,0.0,7.188147216341475e-10,2.041815747588771e-07,7.188147216341475e-10,0.5345383286476135,0.5,0.21439284086227417,0.25,0.5,0.6858974546194077,0.7209302325581395,0.9534883720930233,0.1123298853635788,86,0.0,0.0,0.0,59,11,0.1864406779661017,11,20,20,234,-0.16781392693519592,-0.02720863465219736,-0.027141070365905764,-1.3811956644058228,-0.02374068647623062,0.16781392693519592,0.0,0.0,0.0,0.0,0.0,0.0,0.0,0.0,0.0,0.0,0.0,0.0016571340144907597,0.00015836490166057927,0.0,0.0,20.89353370666504,,,0.8935337066650249,0.0,0.0,0.3418803418803419,1.0,0.0,,0,0.96875,0.03125,0.03125,0.0,0.0,0.312,0.224,0.464,0.312,0.224,0.464,0.5062912090135603,0.8761686682701111,2.026602029800415,0.05302983522415161,0.25,-0.29764455556869507,1.7419756650924683,0.5670780539512634,16.881479263305664,2.026602029800415,-2.026602029800415,0.03125,125,4000,-3.997697353363037,12.029455184936523,-3.2673356533050537,0.4022499620914459,-2.999117136001587,0.20006608963012695,0.0,0,1.0,1.0,0.4407894736842099,8.374999999999986,46604513.44174426,1.0,0.0,0.17695556760366382,0.006649964272706804,0.18360553187637052,0.0,0.0,0.0,0.0,0.0,0.0,0.0,0.0,0.0,0.0,0.0,0.0,0.0,0.0,0.0,0.0,0.0,0.0,0.0,0.0,-0.00033522032821433777,0.0,0.5034951697086217,0.0,0.0,True,-1.0,0.8935337066650249,0.0
107,109,11.578954219818115,42,True,False,all_finished,0.0,10.899999999999977,11.38578987121582,0.0,20,True,50.063687429773736,1.4629657531312228,355298510.70136404,-0.027770646722597873,-0.00833796384998798,-0.003801274300079442,0.0,0.0010145205232413414,-0.0012100287652514069,-0.0403239891423856,-0.04051949738439575,0.6526114837575605,0.009731469511393665,0.19594253652111285,0.08933012205026021,0.0,0.023948656152126005,0.028435732007546746,4.2946696199308576e-10,0.0,1.79894926038981e-10,4.2946696199308576e-10,1.79894926038981e-10,0.5485697388648987,0.5,0.214362233877182,0.25,0.5,0.7142857313156128,0.6753246753246753,0.8831168831168831,0.10762050002813339,77,0.0,0.0,0.0,44,9,0.20454545454545456,9,20,20,239,-0.040520086884498596,-0.026681236922740936,-0.02659885920584202,-0.5059723854064941,-0.0263754241168499,0.040520086884498596,0.0,0.0,0.0,0.0,0.0,0.0,0.0,0.0,0.0,0.0,0.0,0.0022784197529308907,0.0004156469833806773,0.0,0.0,11.38578987121582,,,0.48578987121584305,0.0,0.0,0.2719665271966527,1.0,0.0,,0,0.9467889908256881,0.053211009174311874,0.053211009174311874,0.0,0.0,0.33620689655172414,0.20689655172413793,0.45689655172413796,0.33620689655172414,0.20689655172413793,0.45689655172413796,0.5051874193290894,0.8750529974699021,2.069908857345581,0.049852367490530014,0.10526315867900848,-0.2430713027715683,1.0750384330749512,0.288054883480072,6.057379245758057,2.069908857345581,-2.069908857345581,0.05321100917431193,116,2180,-0.377235472202301,1.8850932121276855,-3.0088658332824707,0.2753518521785736,-3.0729188919067383,0.19290421903133392,0.31578946113586426,0,1.0,1.0,0.4690970545630137,8.912844036697248,43796089.30044474,1.0,0.0,0.11720745920498817,0.005560272437356948,0.12276773164234518,0.0,0.0,0.0,0.0,0.0,0.0,0.0,0.0,0.0,0.0,0.0,0.0,0.0,0.0,0.0,0.0,0.0,0.0,0.0,0.0,-0.0004141042697205139,0.0,0.4996137916392416,0.0,0.0,False,0.0,0.0,0.0
108,200,21.875401735305786,42,False,True,time_limit,1.0,20.000000000000014,20.69406509399414,0.0,20,True,52.84823188660262,1.4140561995284258,327547878.55576026,-0.028907884068321277,-0.0024894754581956647,-0.0027456926472779874,0.0,0.0010053676809392486,-0.0007613675885438905,-0.034509326350224565,-0.034265326257829444,0.7967000351131238,0.010094500466826818,0.06860983599734365,0.07567117065110222,0.0,0.02794119994846727,0.020983257823136033,1.3508633323056074e-08,0.0,6.81863874391064e-11,1.3508633323056074e-08,6.81863874391064e-11,0.5721133351325989,0.5,0.2013855278491974,0.25,0.5,0.8333333134651184,0.6238532110091743,0.8899082568807339,0.100759357213974,109,0.0,0.0,0.0,81,9,0.1111111111111111,9,20,20,234,-0.03426915779709816,-0.027932113967835903,-0.027474180515855554,-0.5679135918617249,-0.026024404913187027,0.03426915779709816,0.0,0.0,0.0,0.0,0.0,0.0,0.0,0.0,0.0,0.0,0.0,0.0018159004002874137,0.000163528445847357,0.0,0.0,20.69406509399414,,,0.6940650939941264,0.0,0.0,0.452991452991453,1.0,0.0,,0,0.9625,0.03749999999999998,0.03749999999999998,0.0,0.0,0.2733333333333333,0.24,0.4866666666666667,0.2733333333333333,0.24,0.4866666666666667,0.4989955500729293,0.852932584285736,2.208503246307373,0.08332285284996033,0.3076923191547394,0.2981162369251251,1.0236281156539917,0.8031129837036133,2.680253744125366,2.208503246307373,-2.208503246307373,0.0375,150,4000,-0.22290804982185364,1.360822081565857,-3.7448689937591553,2.126650094985962,-3.109503984451294,0.18361778557300568,0.0,0,1.0,1.0,0.5873421052631576,11.159500000000007,39689047.32075232,1.0,0.0,0.1452261229021323,0.005554134483029571,0.15078025738516204,0.0,0.0,0.0,0.0,0.0,0.0,0.0,0.0,0.0,0.0,0.0,0.0,0.0,0.0,0.0,0.0,0.0,0.0,0.0,0.0,-0.0003662741764297906,0.0,0.5012020222676219,0.0,0.0,True,-1.0,0.6940650939941264,0.0
109,200,22.770731449127197,42,False,True,time_limit,1.0,20.000000000000014,21.239521026611328,0.0,20,True,51.74340360866408,1.4736942390144068,348381893.1511453,-0.027687128503661503,-0.09570137393377189,-0.0025853311367951344,0.0,0.001208567908915496,-0.0006019433039010906,-0.12629241433981617,-0.12568578973480127,0.2161254549354663,0.002486838347543142,0.7470439910968131,0.02018106962680444,0.0,0.00946388243673421,0.0046987635566388295,3.608886700590119e-08,0.0,8.621115626938897e-11,3.608886700590119e-08,8.621115626938897e-11,0.5426458716392517,0.5,0.21188697218894958,0.25,0.5,0.7188311874866485,0.648936170212766,0.9148936170212766,0.11001408100128174,94,0.0,0.0,0.0,60,7,0.11666666666666667,7,20,20,237,-0.12568578124046326,-0.030829088762402534,-0.026235035713762046,-0.7412635684013367,-0.02326437644660473,0.12568578124046326,0.0,0.0,0.0,0.0,0.0,0.0,0.0,0.0,0.0,0.0,0.0,0.001539259556942789,0.0003007887388479643,0.0,0.0,21.239521026611328,,,1.239521026611314,0.0,0.0,0.33755274261603374,1.0,0.0,,0,0.96775,0.03225,0.03225,0.0,0.0,0.2713178294573643,0.20155038759689922,0.5271317829457365,0.2713178294573643,0.20155038759689922,0.5271317829457365,0.5042717852947034,0.8661425113677979,2.123348202024187,0.00773960980742621,0.1808080832873072,0.28364694703902515,1.129140019416809,0.8416686824389866,6.17146144594465,2.123348202024187,-2.123348202024187,0.03225,129,4000,-0.4839174151420593,1.6636629104614258,-3.979285512651716,1.7532104679516383,-3.3442041873931885,0.15997777027743204,0.2441558497292655,0,1.0,1.0,0.5220789473684213,9.919500000000006,42721954.01456141,1.0,0.0,0.1441377274726687,0.005323370274732172,0.14946109774740088,0.0,0.0,0.0,0.0,0.0,0.0,0.0,0.0,0.0,0.0,0.0,0.0,0.0,0.0,0.0,0.0,0.0,0.0,0.0,0.0,-0.0003185807655873733,0.0,0.503619633844588,0.0,0.0,True,-1.0,1.239521026611314,0.0
110,200,24.115569353103638,42,False,True,time_limit,1.0,20.000000000000014,21.460437774658203,0.0,20,True,52.1749093756996,1.4402605553681929,341021392.6328104,-0.02858525428935236,-0.019632057360878783,-0.0018686259881674644,0.0,0.001495889790937868,-0.000593656994196204,-0.05030868143722447,-0.04940644864048376,0.545519831349073,0.004250833606035351,0.3746573849626777,0.03566078243002768,0.0,0.028581841697099753,0.01132932595508662,6.091258342166839e-08,5.915224093964305e-13,9.757379314245802e-11,6.091258342166839e-08,9.757379314245802e-11,0.5564579963684082,0.5,0.22177106142044067,0.25,0.5,0.7638888955116272,0.6901408450704225,0.8732394366197183,0.10527468472719193,71,0.0,0.0,0.0,41,1,0.024390243902439025,1,20,20,233,-0.049406442791223526,-0.02713505644351244,-0.026169645972549917,-0.992310643196106,-0.024636883288621902,0.049406442791223526,0.0,0.0,0.0,0.0,0.0,0.0,0.0,0.0,0.0,0.0,0.0,0.000999398277158725,0.0003615429029264187,0.0,0.0,21.460437774658203,,,1.460437774658189,0.0,0.0,0.22746781115879827,1.0,0.0,,0,0.97725,0.022750000000000048,0.022750000000000048,0.0,0.0,0.21978021978021978,0.24175824175824176,0.5384615384615384,0.21978021978021978,0.24175824175824176,0.5384615384615384,0.5020597557594145,0.867716073989868,2.1491525173187256,0.16400115191936493,0.0,0.12678857147693634,1.5321383476257324,0.8862362504005432,4.047525405883789,2.1491525173187256,-2.1491525173187256,0.02275,91,4000,-0.8706627488136292,4.092634201049805,-5.421422004699707,2.3258261680603027,-3.648569107055664,0.058924734592437744,0.0,0,1.0,1.0,0.6630789473684218,12.598500000000012,46772975.19928906,1.0,0.0,0.17943866895788002,0.005381955534474941,0.18482062449235503,0.0,0.0,0.0,0.0,0.0,0.0,0.0,0.0,0.0,0.0,0.0,0.0,0.0,0.0,0.0,0.0,0.0,0.0,0.0,0.0,-0.00022274379882716183,0.0,0.49955982408556154,0.0,0.0,True,-1.0,1.460437774658189,0.0
111,200,22.423256397247314,42,False,True,time_limit,1.0,20.000000000000014,21.097957611083984,0.0,20,True,52.072603900874206,1.5391841099874377,364757383.332013,-0.026752202182576956,-0.042160311324294875,-0.0023889335766261958,0.0,0.0011594864575465282,-0.0007772352997197031,-0.07177860613671427,-0.07139635497888829,0.36289246465606584,0.006472641903385579,0.5719027982341094,0.0324057805635948,0.0,0.015783151444239626,0.010543163198604752,1.8671877910492185e-07,1.0095072564345053e-12,5.154319360212157e-10,1.8671877910492185e-07,5.154319360212157e-10,0.5544090867042542,0.5,0.2132716029882431,0.25,0.5,0.7652777850627899,0.6666666666666666,0.8666666666666667,0.10617481917142868,90,0.0,0.0,0.0,63,7,0.1111111111111111,7,20,20,241,-0.0713963583111763,-0.025728783570230007,-0.02517256084829569,-1.237815022468567,-0.02390054240822792,0.0713963583111763,0.0,0.0,0.0,0.0,0.0,0.0,0.0,0.0,0.0,0.0,0.0,0.0019513205919543452,0.00025926767736652825,0.0,0.0,21.097957611083984,,,1.0979576110839702,0.0,0.0,0.2863070539419087,1.0,0.0,,0,0.97025,0.029750000000000054,0.029750000000000054,0.0,0.0,0.24369747899159663,0.21008403361344538,0.5462184873949579,0.24369747899159663,0.21008403361344538,0.5462184873949579,0.5036996710988372,0.8721082955598831,2.184420108795166,0.02876264974474907,0.27272728085517883,0.2460251897573471,1.4510130882263184,0.9648083448410034,2.1348655223846436,2.184420108795166,-2.184420108795166,0.02975,119,4000,-4.582756042480469,8.278252601623535,-10.554525375366211,10.45934009552002,-3.544506788253784,0.1129818931221962,0.0,0,1.0,1.0,0.5139210526315788,9.764499999999996,53896700.913877815,1.0,0.0,0.1844678139595589,0.005838282293453127,0.19030609625301195,0.0,0.0,0.0,0.0,0.0,0.0,0.0,0.0,0.0,0.0,0.0,0.0,0.0,0.0,0.0,0.0,0.0,0.0,0.0,0.0,-0.0004771590532167761,0.0,0.5034163944770116,0.0,0.0,True,-1.0,1.0979576110839702,0.0
112,200,22.638675212860107,42,False,True,time_limit,1.0,20.000000000000014,20.38298225402832,0.0,20,True,51.67323178471531,1.4417237913193521,346600024.2363404,-0.028288137204212145,-0.0004498185060312321,-0.0020902540111611585,0.0,0.0012593940740032927,-0.0005941782411595487,-0.03106163411396244,-0.030396418281119306,0.8593326835424377,0.007090930315170213,0.01366451743020081,0.06349741503760108,0.0,0.03836459840161259,0.01804985527297754,4.2198945726656945e-11,0.0,6.94892525465727e-11,4.2198945726656945e-11,6.94892525465727e-11,0.5459492802619934,0.5,0.22009897232055664,0.25,0.5,0.7214285850524903,0.6753246753246753,0.935064935064935,0.10858460515737534,77,0.0,0.0,0.0,49,5,0.10204081632653061,5,20,20,237,-0.030396418645977974,-0.027033264748752117,-0.026708643045276405,-0.12528514862060547,-0.024856623262166977,0.030396418645977974,0.0,0.0,0.0,0.0,0.0,0.0,0.0,0.0,0.0,0.0,0.0,0.0013035249232500041,0.00015611834918606663,0.0,0.0,20.38298225402832,,,0.3829822540283061,0.0,0.0,0.3459915611814346,1.0,0.0,,0,0.96875,0.03125,0.03125,0.0,0.0,0.384,0.208,0.408,0.384,0.208,0.408,0.49937251086173423,0.8526213735342026,2.0122338136037192,0.024506256294747192,0.1693121741215388,-0.28568264345328015,4.314483801523845,1.865371863047282,86.77218119303386,2.0122338136037192,-2.0122338136037192,0.03125,125,4000,0.3037095367908478,0.23041647672653198,-3.2582000891367593,0.20468424260616302,-3.6294287045796714,0.11930008729298909,0.2678571442763011,0,1.0,1.0,0.5781578947368421,10.984999999999989,45792922.49921775,1.0,0.0,0.0778914359713035,0.005859233427343312,0.08375066939864681,0.0,0.0,0.0,0.0,0.0,0.0,0.0,0.0,0.0,0.0,0.0,0.0,0.0,0.0,0.0,0.0,0.0,0.0,0.0,0.0,-0.0002334243925578984,0.0,0.5008161530420184,0.0,0.0,True,-1.0,0.3829822540283061,0.0
113,200,23.363781690597534,42,False,True,time_limit,1.0,20.000000000000014,20.44145441055298,0.8999999999999999,20,True,49.81438365482483,1.5036383604557966,364835490.5938651,-0.02697230971966454,-0.030066829099075664,-0.002620074135900761,0.0,0.0010618667809791638,0.001176791084988108,-0.060269453049795425,-0.05803079518382831,0.4240005307074065,0.009592879767935937,0.47264589600209916,0.04118715955959625,0.0,0.016769701118318686,0.03580383284464328,1.2552721084801988e-09,4.761416304635557e-12,1.5871595482330644e-09,1.2552721084801988e-09,1.5871595482330644e-09,0.596930980682373,0.5,0.19438275694847107,0.25,0.5,0.8461538553237915,0.5132743362831859,0.7610619469026548,0.09274597465991974,113,0.0,0.0,0.0,90,12,0.13333333333333333,12,20,20,250,-0.05803079158067703,-0.027529091574251652,-0.02591959210112691,-0.473367303609848,0.2959665358066559,0.060990456491708755,0.0,0.0,0.0,0.0,0.0,0.0,0.0,0.0,0.0,0.0,0.0,0.0026914336849461306,0.0004220400026954847,0.0,0.0,20.44145441055298,,,0.4414544105529643,0.05,0.05,0.492,0.95,0.0,,0,0.9575,0.04249999999999998,0.04249999999999998,0.0,0.0,0.3352941176470588,0.2647058823529412,0.4,0.3352941176470588,0.2647058823529412,0.4,0.502837535082164,0.8743517339229584,2.1745675802230835,-0.017740899696946144,0.17777778208255768,0.17552181147038937,1.6874786019325256,1.0125810652971268,10.74129718542099,2.1745675802230835,-2.1745675802230835,0.0425,170,4000,0.5253641605377197,1.2515325546264648,-3.286773979663849,0.6169310174882412,-3.555418074131012,0.13178236782550812,0.36388889886438847,0,1.0,1.0,0.6403684210526296,12.166999999999973,48413767.44188081,1.0,0.0,0.08879410436024512,0.0058631099736272665,0.09465721433387242,0.0,0.0,0.0,0.0,0.0,0.0,0.0,0.0,0.0,0.0,0.0,0.0,0.0,0.0,0.0,0.0,0.0,0.0,0.0,0.0,-0.0006102400951540886,0.0,0.5001426333901472,0.0,0.0,True,-1.0,0.4414544105529643,0.0
114,200,24.158771276474,42,False,True,time_limit,1.0,20.000000000000014,20.86984634399414,0.0,20,True,52.36076708973637,1.4766154970428236,348539141.6329708,-0.027612843279085312,-0.014956716098267294,-0.002459849685691853,0.0,0.0015756349558562139,-0.0008310184691150298,-0.04523200048027234,-0.044487383993530895,0.5795829865559325,0.004252316121906426,0.3139357326475981,0.051631301163100746,0.0,0.033154904671135445,0.01744275884032695,5.094986832432369e-08,1.0279564742823877e-12,4.245668764474296e-11,5.094986832432369e-08,4.245668764474296e-11,0.5343915820121765,0.4285714328289032,0.21451376378536224,0.25,0.5,0.7392857193946839,0.7701149425287356,0.8735632183908046,0.11309654265642166,87,0.0,0.0,0.0,59,7,0.11864406779661017,7,20,20,250,-0.04448737949132919,-0.026225943118333817,-0.025079610012471675,-1.4522603750228882,-0.015223248861730099,0.04448737949132919,0.0,0.0,0.0,0.0,0.0,0.0,0.0,0.0,0.0,0.0,0.0,0.0009952214028695664,0.00026576303566338763,0.0,0.0,20.86984634399414,,,0.8698463439941264,0.0,0.0,0.288,1.0,0.0,,0,0.97,0.030000000000000027,0.030000000000000027,0.0,0.0,0.275,0.25833333333333336,0.4666666666666667,0.275,0.25833333333333336,0.4666666666666667,0.49705770617137324,0.8587846100330353,2.1769984563191733,-0.00020978755007187525,0.12169312437375386,0.13586199780305228,1.2127853631973267,0.7355737040440241,6.493267854054769,2.1769984563191733,-2.1769984563191733,0.03,120,4000,-0.8996104001998901,2.8083410263061523,-4.789736111958821,2.3210622866948447,-3.4784520467122397,0.14108903209368387,0.11111111442248027,0,1.0,1.0,0.60278947368421,11.453000000000017,45925254.34167035,1.0,0.0,0.20594267827599916,0.005439399031993691,0.21138207730799297,0.0,0.0,0.0,0.0,0.0,0.0,0.0,0.0,0.0,0.0,0.0,0.0,0.0,0.0,0.0,0.0,0.0,0.0,0.0,0.0,-0.00020259141722752853,0.0,0.49625948958622756,0.0,0.0,True,-1.0,0.8698463439941264,0.0
115,200,20.960814237594604,42,False,True,time_limit,1.0,20.000000000000014,20.60836582183838,1.5000000000000002,20,True,50.945128885105476,1.4787385374139148,354180733.4385811,-0.027370612999526513,-0.05629488396056174,-0.002925575402275007,0.0,0.001006342457624625,-0.0006619058657556811,-0.08710588363447877,-0.0867614470426089,0.30757582691870855,0.005785164648315139,0.6326108036295005,0.03287600002175088,0.0,0.011407295205935537,0.00974490957578946,5.225772170547316e-08,0.0,1.2879076763394599e-10,5.225772170547316e-08,1.2879076763394599e-10,0.5777361392974854,0.5,0.18988072872161865,0.25,0.5454545617103577,0.8235294222831726,0.5798319327731093,0.8739495798319328,0.09833865612745285,119,0.0,0.0,0.0,92,19,0.20652173913043478,19,20,20,244,-0.08676144480705261,-0.03075607866048813,-0.026280918437987567,-0.9220026135444641,-0.024495314806699753,0.08676144480705261,0.0,0.0,0.0,0.0,0.0,0.0,0.0,0.0,0.0,0.0,0.0,0.00238969843338697,0.00028655989616162004,0.0,0.0,20.60836582183838,,,0.6083658218383654,0.05,0.05,0.4713114754098361,0.95,0.0,,0,0.9565,0.04349999999999998,0.04349999999999998,0.0,0.0,0.3160919540229885,0.27011494252873564,0.41379310344827586,0.3160919540229885,0.27011494252873564,0.41379310344827586,0.4982979166632631,0.8674710273742676,1.9966884851455688,-0.001058287569321692,0.24615385383367538,0.02719995891675353,1.1666020154953003,0.6043793335556984,2.1435036659240723,1.9966884851455688,-1.9966884851455688,0.0435,174,4000,-1.0441945791244507,3.3899741172790527,-4.541759610176086,3.2553761303424835,-3.3758933544158936,0.14866529405117035,0.0,0,1.0,1.0,0.510368421052633,9.697000000000017,41583903.32607319,1.0,0.0,0.13082647262249963,0.005167261248182716,0.13599373387068228,0.0,0.0,0.0,0.0,0.0,0.0,0.0,0.0,0.0,0.0,0.0,0.0,0.0,0.0,0.0,0.0,0.0,0.0,0.0,0.0,-0.0005148112721141292,0.0,0.49807361197168937,0.0,0.0,True,-1.0,0.6083658218383654,0.0
116,200,22.996612310409546,42,False,True,time_limit,1.0,20.000000000000014,21.358531951904297,0.0,20,True,53.63595298168434,1.396387870729434,318671914.37373483,-0.029077504511095652,-0.017969197455157543,-0.002173111428451126,0.0,0.0013027127945623035,-0.0007645275086412398,-0.049446723752616335,-0.04890853846669477,0.5644401230971674,0.004404687145785989,0.34881040151420667,0.04218351274645185,0.0,0.02532059338338338,0.014840682113004745,7.006241986573514e-08,0.0,4.9078857124185045e-11,7.006241986573514e-08,4.9078857124185045e-11,0.5528033375740051,0.5,0.2136865258216858,0.25,0.5,0.7142857313156128,0.6829268292682927,0.8780487804878049,0.10600542277097702,82,0.0,0.0,0.0,53,15,0.2830188679245283,15,20,20,245,-0.0489085353910923,-0.027770948596298695,-0.02744981357827783,-0.9780093431472778,-0.025626059621572495,0.0489085353910923,0.0,0.0,0.0,0.0,0.0,0.0,0.0,0.0,0.0,0.0,0.0,0.001260881663427418,0.00025806131802679025,0.0,0.0,21.358531951904297,,,1.3585319519042827,0.0,0.0,0.2938775510204082,1.0,0.0,,0,0.9695,0.03049999999999997,0.03049999999999997,0.0,0.0,0.32786885245901637,0.21311475409836064,0.45901639344262296,0.32786885245901637,0.21311475409836064,0.45901639344262296,0.4945254400842423,0.8626040220260619,2.328453779220581,0.12246708571910858,0.20000000298023224,0.2037816047668457,1.2255756855010986,0.8094375729560852,2.313532590866089,2.328453779220581,-2.328453779220581,0.0305,122,4000,-1.0555264949798584,3.939119338989258,-5.839058876037598,4.835864067077637,-3.540147542953491,0.09462632238864899,0.0,0,1.0,1.0,0.5694736842105264,10.819999999999986,41124481.83174884,1.0,0.0,0.148744989553297,0.005398348825823859,0.15414333837912064,0.0,0.0,0.0,0.0,0.0,0.0,0.0,0.0,0.0,0.0,0.0,0.0,0.0,0.0,0.0,0.0,0.0,0.0,0.0,0.0,-0.0002269103579114429,0.0,0.49560750788031144,0.0,0.0,True,-1.0,1.3585319519042827,0.0
117,200,21.75926971435547,42,False,True,time_limit,1.0,20.000000000000014,20.50738525390625,0.0,20,True,51.91281570293872,1.5305326865739692,362615709.7952757,-0.026573574601410018,-0.002451803816958986,-0.002536708572439383,0.0,0.0010360970052225578,-0.0008209763318003449,-0.03191745872871935,-0.03170233805529752,0.7866942202666041,0.010520560235279693,0.0725841337102946,0.0750976864186319,0.0,0.03079890345960518,0.02430449590958453,8.828377140446264e-09,0.0,4.1665540288782136e-11,8.828377140446264e-09,4.1665540288782136e-11,0.5703679919242859,0.5,0.2111017256975174,0.25,0.5,0.800000011920929,0.66,0.81,0.10146834701299667,100,0.0,0.0,0.0,65,4,0.06153846153846154,4,20,20,254,-0.03170233592391014,-0.025504671037197113,-0.025305625330656768,-0.5602982640266418,-0.02426312305033207,0.03170233592391014,0.0,0.0,0.0,0.0,0.0,0.0,0.0,0.0,0.0,0.0,0.0,0.001667264541148976,0.00023981406971438358,0.0,0.0,20.50738525390625,,,0.5073852539062358,0.0,0.0,0.36220472440944884,1.0,0.0,,0,0.964,0.03600000000000003,0.03600000000000003,0.0,0.0,0.3055555555555556,0.2222222222222222,0.4722222222222222,0.3055555555555556,0.2222222222222222,0.4722222222222222,0.5067085121043043,0.86259825527668,1.9086008071899414,0.1518535017967224,0.1666666716337204,-0.10418234020471573,1.274377703666687,0.5271663069725037,25.533836364746094,1.9086008071899414,-1.9086008071899414,0.036,144,4000,0.08814452588558197,1.420588493347168,-3.327138662338257,0.30528783798217773,-3.568922519683838,0.13535673916339874,0.1666666716337204,0,1.0,1.0,0.45776315789473615,8.697499999999971,44184493.06711013,1.0,0.0,0.14527831311814,0.005474678754699834,0.15075299187283986,0.0,0.0,0.0,0.0,0.0,0.0,0.0,0.0,0.0,0.0,0.0,0.0,0.0,0.0,0.0,0.0,0.0,0.0,0.0,0.0,-0.00035537173791119135,0.0,0.5033346365932957,0.0,0.0,True,-1.0,0.5073852539062358,0.0
118,200,22.384024620056152,42,False,True,time_limit,1.0,20.000000000000014,20.4182767868042,1.7500000000000004,20,True,51.228511373445755,1.576757470762047,373518520.82635236,-0.025810753384344978,-0.0143123358152853,-0.0025147483585467607,0.0,0.0011015354695299694,-0.0008247458829098938,-0.04292292656984882,-0.04264613698322984,0.5754652490284057,0.00635621969861525,0.3191015686941113,0.05606772761900967,0.0,0.024621062099248605,0.018388172860609394,1.3626189065973904e-08,0.0,9.78821964453534e-11,1.3626189065973904e-08,9.78821964453534e-11,0.5330045819282532,0.5,0.2193293422460556,0.25,0.5,0.6952381134033201,0.7415730337078652,0.9438202247191011,0.11302238702774048,89,0.0,0.0,0.0,53,12,0.22641509433962265,12,20,20,254,-0.0426461361348629,-0.024671634659171104,-0.024543499667197467,-0.6044162511825562,-0.022782284766435623,0.0426461361348629,0.0,0.0,0.0,0.0,0.0,0.0,0.0,0.0,0.0,0.0,0.0,0.0015588031864860361,0.0,0.0,0.0,20.4182767868042,,,0.418276786804185,0.0,0.0,0.3425196850393701,1.0,0.0,,0,0.96475,0.035250000000000004,0.035250000000000004,0.0,0.0,0.36879432624113473,0.1702127659574468,0.46099290780141844,0.36879432624113473,0.1702127659574468,0.46099290780141844,0.5085173160288244,0.8586165249347685,2.0703887144724527,-0.04540959745645523,0.31216931839783985,0.037230620781580605,0.9339328606923422,0.49786801636219025,2.8671985467274985,2.0703887144724527,-2.0703887144724527,0.03525,141,4000,-0.33355778455734253,2.162529468536377,-4.102575699488322,1.7006926834583282,-3.5669514338175454,0.11508059004942577,0.047619049747784935,0,1.0,1.0,0.5816578947368428,11.051500000000003,44640279.11345658,1.0,0.0,0.06442013425092838,0.00562459591480317,0.07004473016573153,0.0,0.0,0.0,0.0,0.0,0.0,0.0,0.0,0.0,0.0,0.0,0.0,0.0,0.0,0.0,0.0,0.0,0.0,0.0,0.0,-0.00028508901167301524,0.0,0.5083152050024364,0.0,0.0,True,-1.0,0.418276786804185,0.0
119,200,21.265756130218506,42,False,True,time_limit,1.0,20.000000000000014,20.44114742279053,1.2,20,True,52.21379654296769,1.43635042568803,333144966.54224116,-0.02824475373967599,-0.02728910711839571,-0.002287411960956697,0.0,0.0010060970076531854,-0.0007252838663883727,-0.058135363484988975,-0.05785455034372377,0.47124101641706967,0.005240350333291145,0.45529682057460225,0.03816363022247266,0.0,0.016909707931347398,0.013148474521216846,5.488495276040339e-07,0.0,4.292936405664286e-11,5.488495276040339e-07,4.292936405664286e-11,0.5628812313079834,0.5,0.21629661321640015,0.25,0.5,0.75,0.6179775280898876,0.8651685393258427,0.10280501842498779,89,0.0,0.0,0.0,61,4,0.06557377049180328,4,20,20,241,-0.0578545480966568,-0.027248751372098923,-0.027102513890713453,-1.0138894319534302,-0.026663444936275482,0.0578545480966568,0.0,0.0,0.0,0.0,0.0,0.0,0.0,0.0,0.0,0.0,0.0,0.0016449319091967397,0.0005308447445052878,0.0,0.0,20.44114742279053,,,0.44114742279051455,0.05,0.05,0.3941908713692946,0.95,0.0,,0,0.96625,0.03374999999999995,0.03374999999999995,0.0,0.0,0.34074074074074073,0.1925925925925926,0.4666666666666667,0.34074074074074073,0.1925925925925926,0.4666666666666667,0.5043065387642123,0.857138940691948,2.1242387294769287,0.02404814399778843,0.05000000074505806,0.1468288004398346,1.2041683793067932,0.7424257695674896,2.0624364614486694,2.1242387294769287,-2.1242387294769287,0.03375,135,4000,-2.5008106231689453,6.625035285949707,-6.952050447463989,7.0210230350494385,-3.67142653465271,0.10198749974370003,0.0,0,1.0,1.0,0.48597368421052517,9.233499999999994,47612345.79369654,1.0,0.0,0.11943964213404588,0.005612892775497147,0.12505253490954296,0.0,0.0,0.0,0.0,0.0,0.0,0.0,0.0,0.0,0.0,0.0,0.0,0.0,0.0,0.0,0.0,0.0,0.0,0.0,0.0,-0.00031409066595858396,0.0,0.5028012533569709,0.0,0.0,True,-1.0,0.44114742279051455,0.0
120,200,22.535433530807495,42,False,True,time_limit,1.0,20.000000000000014,20.646986484527588,1.5000000000000002,20,True,50.02341043056705,1.4635939869952455,357555244.4718897,-0.02800503557652689,-0.004057524641222211,-0.0023548945586258983,0.0,0.001379754094521746,0.0001067398185011323,-0.034851515857401476,-0.033365021944378084,0.7510792765233143,0.011641273649274145,0.10882052492584779,0.06315694534821156,0.0,0.037114525037757015,0.02818745451559506,3.9430808840279497e-08,0.0,3.184813853612795e-11,3.9430808840279497e-08,3.184813853612795e-11,0.5402228236198425,0.5,0.21460536122322083,0.25,0.5,0.7272727489471436,0.7529411764705882,0.9058823529411765,0.11081855744123459,85,0.0,0.0,0.0,52,7,0.1346153846153846,7,20,20,259,-0.033365022391080856,-0.026654871180653572,-0.02582085570320488,-0.5003788471221924,0.08382520079612732,0.03420327603816986,0.0,0.0,0.0,0.0,0.0,0.0,0.0,0.0,0.0,0.0,0.0,0.001967235629239482,0.0011128130907355426,0.0,0.0,20.646986484527588,,,0.6469864845275737,0.05,0.05,0.29343629343629346,0.95,0.0,,0,0.96875,0.03125,0.03125,0.0,0.0,0.32,0.216,0.464,0.32,0.216,0.464,0.4998265454183281,0.8639709442853928,1.9498214721679688,-0.014428452792344615,0.23846154659986496,-0.14865808747708797,1.6382280886173248,0.6645072400569916,21.219695270061493,1.9498214721679688,-1.9498214721679688,0.03125,125,4000,0.00920630618929863,2.0197954177856445,-3.3871134519577026,0.8965587355196476,-3.6650071144104004,0.14037221670150757,0.10000000149011612,0,1.0,1.0,0.4588157894736851,8.717499999999996,45982004.19258061,1.0,0.0,0.1215108196533496,0.00551424826723508,0.12702506792058477,0.0,0.0,0.0,0.0,0.0,0.0,0.0,0.0,0.0,0.0,0.0,0.0,0.0,0.0,0.0,0.0,0.0,0.0,0.0,0.0,-0.0004340610810260954,0.0,0.5014862389608752,0.0,0.0,True,-1.0,0.6469864845275737,0.0
121,200,22.362643241882324,42,False,True,time_limit,1.0,20.000000000000014,21.550121307373047,0.0,20,True,51.21220151076958,1.4656282173541093,353190771.5711558,-0.027883466675476854,-0.05618576875171776,-0.0019819966187754785,0.0,0.0013109580448095936,-0.0006669825020130743,-0.0862807277292575,-0.08563675218646143,0.31591853274501713,0.0026001766702658568,0.6365824533864188,0.02245594032465929,0.0,0.014886012507180578,0.0075568843664582585,9.055395366885932e-08,1.3139032505223025e-12,1.077678740690754e-09,9.055395366885932e-08,1.077678740690754e-09,0.5535074472427368,0.5,0.21843264997005463,0.25,0.5,0.7142857313156128,0.6533333333333333,0.92,0.10570647567510605,75,0.0,0.0,0.0,44,3,0.06818181818181818,3,20,20,235,-0.08563674986362457,-0.03145681507885456,-0.02651896672323346,-2.061387777328491,-0.023465044796466827,0.08563674986362457,0.0,0.0,0.0,0.0,0.0,0.0,0.0,0.0,0.0,0.0,0.0,0.0011433420056370604,0.0005211755295754017,0.0,0.0,21.550121307373047,,,1.5501213073730327,0.0,0.0,0.2297872340425532,1.0,0.0,,0,0.9755,0.024499999999999966,0.024499999999999966,0.0,0.0,0.23469387755102042,0.23469387755102042,0.5306122448979592,0.23469387755102042,0.23469387755102042,0.5306122448979592,0.5017752933790931,0.8718908667564392,2.172633469104767,-0.0014178410056047142,0.1583333369344473,0.11808643490076065,3.1839533746242523,1.7034427896142006,27.411431044340134,2.172633469104767,-2.172633469104767,0.0245,98,4000,-2.1494991779327393,5.935523509979248,-6.173493802547455,4.006491590291262,-3.5353114008903503,0.1608589142560959,0.15000000596046448,0,1.0,1.0,0.4690526315789479,8.912000000000017,49066521.56051487,1.0,0.0,0.3057908405380986,0.005718903836974027,0.3115097443750724,0.0,0.0,0.0,0.0,0.0,0.0,0.0,0.0,0.0,0.0,0.0,0.0,0.0,0.0,0.0,0.0,0.0,0.0,0.0,0.0,-0.00022949568328815915,0.0,0.5021209476278163,0.0,0.0,True,-1.0,1.5501213073730327,0.0
122,200,22.58536410331726,42,False,True,time_limit,1.0,20.000000000000014,20.593016052246092,1.2,20,True,54.15291272158837,1.4510808203748264,330541271.17983323,-0.028589858182769292,-0.03672102185067994,-0.0026995264581278376,0.0,0.0012223266319165902,-0.0001725165852868159,-0.06818142071545873,-0.06713161066882893,0.4056258653377767,0.002426307682380906,0.5209888125029758,0.0383002164117158,0.0,0.01738862422639057,0.015270173838760417,4.504358841472822e-08,0.0,1.4628919881021158e-10,4.504358841472822e-08,1.4628919881021158e-10,0.5371915102005005,0.5,0.20330625772476196,0.25,0.5,0.6875,0.7216494845360825,0.9587628865979382,0.11132067441940308,97,0.0,0.0,0.0,64,12,0.1875,12,20,20,234,-0.06713160872459412,-0.027397435158491135,-0.026801728270947935,-1.009107232093811,-0.025295451283454895,0.06713160872459412,0.0,0.0,0.0,0.0,0.0,0.0,0.0,0.0,0.0,0.0,0.0,0.00103273962712089,0.00039794165751914077,0.0,0.0,20.593016052246092,,,0.5930160522460781,0.05,0.05,0.3247863247863248,0.95,0.0,,0,0.968,0.03200000000000003,0.03200000000000003,0.0,0.0,0.2421875,0.2734375,0.484375,0.2421875,0.2734375,0.484375,0.5015508329621573,0.8647836744785309,2.121873915195465,-0.057971771247684954,0.3180952459573746,-0.0691776885651052,1.340238618850708,0.5944806858897209,4.579991590976715,2.121873915195465,-2.121873915195465,0.032,128,4000,-4.181462287902832,8.641409873962402,-7.368108558654785,6.404266437888145,-3.6489381074905394,0.17496059760451316,0.08571428656578065,0,1.0,1.0,0.5858684210526307,11.131499999999999,47598404.92069245,1.0,0.0,0.12943840840608598,0.004941639726293197,0.13438004813237917,0.0,0.0,0.0,0.0,0.0,0.0,0.0,0.0,0.0,0.0,0.0,0.0,0.0,0.0,0.0,0.0,0.0,0.0,0.0,0.0,-0.00017101422388157895,0.0,0.49905121365608646,0.0,0.0,True,-1.0,0.5930160522460781,0.0
123,200,22.825530529022217,42,False,True,time_limit,1.0,20.000000000000014,20.35025405883789,0.0,20,True,50.656068559457225,1.468299661556794,352835851.6798576,-0.027788890957443423,-0.29285980511211945,-0.0029117523569628947,0.0,0.0014813608733646934,-0.0008097445644674783,-0.3239691388175784,-0.32329752250868005,0.08517168262767671,0.0012526173978309697,0.89760193789711,0.00892438809513574,0.0,0.004567543845163302,0.0024818301370835047,1.2530026083368284e-07,5.922730621915617e-12,2.7711269279251177e-08,1.2530026083368284e-07,2.7711269279251177e-08,0.5550734996795654,0.5,0.20556329190731049,0.25,0.5,0.7440789431333541,0.6727272727272727,0.8545454545454545,0.10588189959526062,110,0.0,0.0,0.0,73,9,0.1232876712328767,9,20,20,258,-0.32329750061035156,-0.2109135538339615,-0.026615088898688556,-0.9225139617919922,-0.02344350330531597,0.32329750061035156,0.0,0.0,0.0,0.0,0.0,0.0,0.0,0.0,0.0,0.0,0.0,0.0018810641236537901,0.00041385395553561466,0.0,0.0,20.35025405883789,,,0.3502540588378764,0.0,0.0,0.35658914728682173,1.0,0.0,,0,0.962,0.038000000000000034,0.038000000000000034,0.0,0.0,0.27631578947368424,0.25,0.47368421052631576,0.27631578947368424,0.25,0.47368421052631576,0.503591894172132,0.8585396885871888,2.092135429382324,0.020670855417847633,0.10000000149011612,-0.32825958728790283,1.595402717590332,0.4630777835845947,39.044776916503906,2.092135429382324,-2.092135429382324,0.038,152,4000,-1.1507952213287354,4.588803291320801,-3.5124757289886475,0.2945314049720764,-3.8274943828582764,0.15386971831321716,0.30000001192092896,0,1.0,1.0,0.511815789473684,9.724499999999992,51885217.42713823,1.0,0.0,0.11308718180507371,0.0054287225483346845,0.11851590435340834,0.0,0.0,0.0,0.0,0.0,0.0,0.0,0.0,0.0,0.0,0.0,0.0,0.0,0.0,0.0,0.0,0.0,0.0,0.0,0.0,-0.00040869039105269643,0.0,0.5013122398036649,0.0,0.0,True,-1.0,0.3502540588378764,0.0
124,200,20.875889539718628,42,False,True,time_limit,1.0,20.000000000000014,20.461816787719727,0.0,20,True,51.79526553490361,1.5272193828438303,361072724.1156484,-0.026784646669137546,-0.01228330090030627,-0.002607171247463215,0.0,0.001148034965249291,-0.0005791666125448514,-0.04203964201666022,-0.04147077366395542,0.6119036694820974,0.008327647039568585,0.2806158687510577,0.05956164637890024,0.0,0.026359925097888672,0.013231243250487206,4.5778705826116095e-10,0.0,6.652062373158067e-11,4.5778705826116095e-10,6.652062373158067e-11,0.5603792667388916,0.5,0.1963466852903366,0.25,0.5,0.7873376458883284,0.63,0.88,0.10428684949874878,100,0.0,0.0,0.0,71,13,0.18309859154929578,13,20,20,249,-0.04147106781601906,-0.025647765956819057,-0.025335299503058198,-0.3998006284236908,-0.024723581969738007,0.04147106781601906,0.0,0.0,0.0,0.0,0.0,0.0,0.0,0.0,0.0,0.0,0.0,0.0016525010556928633,0.00020099513703745556,0.0,0.0,20.461816787719727,,,0.46181678771971235,0.0,0.0,0.3493975903614458,1.0,0.0,,0,0.96475,0.035250000000000004,0.035250000000000004,0.0,0.0,0.2907801418439716,0.2553191489361702,0.45390070921985815,0.2907801418439716,0.2553191489361702,0.45390070921985815,0.50080434997725,0.8703742414712905,1.794934868812561,0.20643837749958038,0.3333333432674408,-0.3264223635196686,4.177204132080078,1.7567253112792969,81.24108123779297,1.794934868812561,-1.794934868812561,0.03525,141,4000,0.2904401421546936,0.42141926288604736,-3.341791868209839,0.27380356192588806,-3.8513426780700684,0.04309507831931114,0.3333333432674408,0,1.0,0.9994999999999998,0.4365789473684215,8.295000000000021,42536851.10104792,1.0,0.0,0.07573499328964722,0.005324558545910349,0.08105955183555759,0.0,0.0,0.0,0.0,0.0,0.0,0.0,0.0,0.0,0.0,0.0,0.0,0.0,0.0,0.0,0.0,0.0,0.0,0.0,0.0,-0.00036452319975286524,0.0,0.49958511694998015,0.0,0.0,True,-1.0,0.46181678771971235,0.0
125,200,21.843169689178467,42,False,True,time_limit,1.0,20.000000000000014,21.06741304397583,1.6000000000000003,20,True,50.80836893548649,1.5279688880219204,366674682.6668693,-0.026475593552917454,-0.026744182543094252,-0.0020092333090994496,0.0,0.0013180436685518405,-0.0007158726981439423,-0.055533403449941225,-0.0549312324795332,0.4598929981116718,0.00528746181288818,0.4645585099803786,0.034901288561508315,0.0,0.02292470997296958,0.012435031560583495,1.5492364013880433e-07,0.0,6.775823630476848e-12,1.5492364013880433e-07,6.775823630476848e-12,0.5375551581382751,0.5,0.22520393133163452,0.25,0.5,0.7303571522235871,0.7361111111111112,0.9027777777777778,0.11162406951189041,72,0.0,0.0,0.0,48,11,0.22916666666666666,11,20,20,248,-0.05493123084306717,-0.025108342990279198,-0.024900630582123995,-0.9022575616836548,-0.022621944546699524,0.05493123084306717,0.0,0.0,0.0,0.0,0.0,0.0,0.0,0.0,0.0,0.0,0.0,0.0015328270348021872,0.0002604579819718585,0.0,0.0,21.06741304397583,,,1.0674130439758152,0.0,0.0,0.2620967741935484,1.0,0.0,,0,0.9735,0.026499999999999968,0.026499999999999968,0.0,0.0,0.32075471698113206,0.18867924528301888,0.49056603773584906,0.32075471698113206,0.18867924528301888,0.49056603773584906,0.5077210324881036,0.8733980506658554,2.1350032091140747,-0.02854302804917097,0.21780303493142128,-0.016350872814655304,2.8257888853549957,1.3900622203946114,37.30220323801041,2.1350032091140747,-2.1350032091140747,0.0265,106,4000,-0.7900773286819458,4.573116779327393,-4.602253317832947,2.0849798433482647,-3.9682663679122925,0.10213709995150566,0.22727273404598236,0,1.0,0.9969999999999993,0.5291842105263146,10.05449999999998,41827286.9523658,1.0,0.0,0.07370006586593392,0.005959784224064414,0.07965985008999832,0.0,0.0,0.0,0.0,0.0,0.0,0.0,0.0,0.0,0.0,0.0,0.0,0.0,0.0,0.0,0.0,0.0,0.0,0.0,0.0,-0.0003043940448308528,0.0,0.508905359791359,0.0,0.0,True,-1.0,1.0674130439758152,0.0
126,200,22.39850401878357,42,False,True,time_limit,1.0,20.000000000000014,20.694313049316406,0.0,20,True,51.13406406360513,1.4841801789655662,356594886.8899754,-0.027420407461013832,-0.0650542061164085,-0.00265313483982702,0.0,0.001437219805912434,-0.000888338631136107,-0.09558171851296648,-0.09503283733819023,0.2800531386309021,0.004636537598167781,0.6644188139780551,0.02709729022666684,0.0,0.014721341193760144,0.009072878372448065,6.895462423273102e-09,0.0,2.0580224954769283e-10,6.895462423273102e-09,2.0580224954769283e-10,0.5528825521469116,0.5,0.20924615859985352,0.25,0.5,0.7142857313156128,0.64,0.94,0.10612538456916809,100,0.0,0.0,0.0,68,10,0.14705882352941177,10,20,20,256,-0.09503283351659775,-0.02612757310271263,-0.024682468455284837,-0.5445927381515503,-0.023105088621377945,0.09503283351659775,0.0,0.0,0.0,0.0,0.0,0.0,0.0,0.0,0.0,0.0,0.0,0.0020119343585807397,0.0002220188240310191,0.0,0.0,20.694313049316406,,,0.694313049316392,0.0,0.0,0.3125,1.0,0.0,,0,0.9675,0.03249999999999997,0.03249999999999997,0.0,0.0,0.23076923076923078,0.2076923076923077,0.5615384615384615,0.23076923076923078,0.2076923076923077,0.5615384615384615,0.5018746027992648,0.8634655028581619,2.1905614932378135,0.013385753380134702,0.24082492043574652,0.04771911104520162,1.4501856565475464,0.7661680728197098,11.981098651885986,2.1905614932378135,-2.1905614932378135,0.0325,130,4000,-1.9113657474517822,6.882903099060059,-6.384960452715556,6.550725191831589,-4.00272524356842,0.10605047891537349,0.023809524873892467,0,1.0,1.0,0.5144473684210525,9.774499999999996,46572934.41940585,1.0,0.0,0.11204407561641375,0.005421760346913721,0.11746583596332737,0.0,0.0,0.0,0.0,0.0,0.0,0.0,0.0,0.0,0.0,0.0,0.0,0.0,0.0,0.0,0.0,0.0,0.0,0.0,0.0,-0.00045397009571683614,0.0,0.5016261126529425,0.0,0.0,True,-1.0,0.694313049316392,0.0
127,200,22.822919368743896,42,False,True,time_limit,1.0,20.000000000000014,21.092792510986328,0.0,20,True,52.139646373647395,1.4141254557343483,329836005.101499,-0.028673030159581236,-0.04957961916079197,-0.0024346134883004703,0.0,0.0012263244609915644,-0.0007363636425441034,-0.08105723956743434,-0.08056727874898656,0.3453426260545835,0.0044560600933464065,0.5971449750682404,0.0293228797513975,0.0,0.014864575882238726,0.008868883150193473,3.386377400715901e-08,3.2533251266564367e-12,1.7808764185556167e-10,3.386377400715901e-08,1.7808764185556167e-10,0.5397817492485046,0.5,0.2215864062309265,0.25,0.5,0.7142857313156128,0.7159090909090909,0.9090909090909091,0.1106642410159111,88,0.0,0.0,0.0,54,6,0.1111111111111111,6,20,20,228,-0.08056728541851044,-0.0281739579513669,-0.02742438344284892,-0.9970039129257202,-0.025228876620531082,0.08056728541851044,0.0,0.0,0.0,0.0,0.0,0.0,0.0,0.0,0.0,0.0,0.0,0.0016093556502392238,0.0006044495694364826,0.0,0.0,21.092792510986328,,,1.092792510986314,0.0,0.0,0.32894736842105265,1.0,0.0,,0,0.96925,0.030750000000000055,0.030750000000000055,0.0,0.0,0.2845528455284553,0.2032520325203252,0.5121951219512195,0.2845528455284553,0.2032520325203252,0.5121951219512195,0.49758638000671584,0.8576940536499023,2.1999465227127075,0.016137033700942993,0.10795454680919647,-0.1920928880572319,0.9955488741397858,0.29901596903800964,1.4136885404586792,2.1999465227127075,-2.1999465227127075,0.03075,123,4000,-0.7556360960006714,2.7126989364624023,-4.329543590545654,2.1972591876983643,-4.102490186691284,0.1371636986732483,0.0,0,1.0,1.0,0.5827631578947359,11.072500000000016,45371801.144242875,1.0,0.0,0.22498958725546545,0.005777023668795628,0.2307666109242612,0.0,0.0,0.0,0.0,0.0,0.0,0.0,0.0,0.0,0.0,0.0,0.0,0.0,0.0,0.0,0.0,0.0,0.0,0.0,0.0,-0.0003699767587602501,0.0,0.4986226498773321,0.0,0.0,True,-1.0,1.092792510986314,0.0
128,200,21.249762773513794,42,False,True,time_limit,1.0,20.000000000000014,20.782133102416992,0.0,20,True,51.28120970422911,1.4757612843641061,351161641.8151514,-0.027500100064317412,-0.0008115839625206959,-0.0025099775176677737,0.0,0.0013043759927012116,-0.0008113086765539148,-0.031078701214647952,-0.03058563389850031,0.8283852593600579,0.007742803601381391,0.024447336181060462,0.07560802950164618,0.0,0.039377527611419515,0.02443904374443453,5.012616710597939e-11,0.0,9.991915194546004e-12,5.012616710597939e-11,9.991915194546004e-12,0.5325681567192078,0.5,0.21474912762641907,0.25,0.5,0.6666666865348816,0.7191011235955056,0.9550561797752809,0.11280795931816101,89,0.0,0.0,0.0,62,14,0.22580645161290322,14,20,20,243,-0.03058563731610775,-0.02620372362434864,-0.02593348622322084,-0.15600572526454926,-0.0239204540848732,0.03058563731610775,0.0,0.0,0.0,0.0,0.0,0.0,0.0,0.0,0.0,0.0,0.0,0.001381063257508521,0.00048314300475869735,0.0,0.0,20.782133102416992,,,0.782133102416978,0.0,0.0,0.2757201646090535,1.0,0.0,,0,0.971,0.029000000000000026,0.029000000000000026,0.0,0.0,0.23275862068965517,0.21551724137931033,0.5517241379310345,0.23275862068965517,0.21551724137931033,0.5517241379310345,0.5028646269413664,0.8667059987783432,2.034168243408203,0.02224259078502655,0.25,-0.44260698556900024,2.3691582679748535,0.7358148694038391,34.25319290161133,2.034168243408203,-2.034168243408203,0.029,116,4000,0.34464696049690247,0.30742979049682617,-3.6147336959838867,0.34571266174316406,-4.049187183380127,0.1680847704410553,0.375,0,1.0,1.0,0.451421052631579,8.577000000000004,42198721.6111268,1.0,0.0,0.14097289665263907,0.005110623488620557,0.14608352014125964,0.0,0.0,0.0,0.0,0.0,0.0,0.0,0.0,0.0,0.0,0.0,0.0,0.0,0.0,0.0,0.0,0.0,0.0,0.0,0.0,-0.0002570396701419289,0.0,0.5004132368983701,0.0,0.0,True,-1.0,0.782133102416978,0.0
129,200,23.264901161193848,42,False,True,time_limit,1.0,20.000000000000014,20.73972511291504,0.0,20,True,51.768102319226685,1.4880362555956954,350157432.009735,-0.02727268586039806,-0.052389995724271485,-0.002224926162550492,0.0,0.0014193411100907826,-0.0008155227318917968,-0.08215454769486309,-0.0815507293166627,0.3231610359304775,0.0031630397700002986,0.6207824699522188,0.02636371962919477,0.0,0.0168663971131502,0.009663337604958558,6.138169510450098e-07,2.9042484292040455e-13,3.092285802419597e-10,6.138169510450098e-07,3.092285802419597e-10,0.5324743986129761,0.5,0.22284510731697083,0.25,0.5,0.6714285910129545,0.759493670886076,0.9493670886075949,0.11265449225902557,79,0.0,0.0,0.0,45,6,0.13333333333333333,6,20,20,238,-0.081550732254982,-0.025868888944387436,-0.025363433081656693,-0.9788544178009033,-0.024360867217183113,0.081550732254982,0.0,0.0,0.0,0.0,0.0,0.0,0.0,0.0,0.0,0.0,0.0,0.0012901682645148718,0.00038842875596164134,0.0,0.0,20.73972511291504,,,0.7397251129150249,0.0,0.0,0.226890756302521,1.0,0.0,,0,0.97525,0.02475000000000005,0.02475000000000005,0.0,0.0,0.20202020202020202,0.21212121212121213,0.5858585858585859,0.20202020202020202,0.21212121212121213,0.5858585858585859,0.4989953285549629,0.8724216163158415,2.2509626547495523,-0.004063598811626434,0.31060606241226196,0.18026560793320337,1.0722572008768718,0.7095875243345896,2.5106069644292197,2.2509626547495523,-2.2509626547495523,0.02475,99,4000,-0.6860511302947998,3.142263174057007,-5.183352788289388,3.361081520716349,-4.170153935750325,0.1211174304286639,0.0,0,1.0,1.0,0.5770000000000001,10.962999999999973,47084290.93445755,1.0,0.0,0.12175414230153155,0.005600272435320398,0.12735441473685194,0.0,0.0,0.0,0.0,0.0,0.0,0.0,0.0,0.0,0.0,0.0,0.0,0.0,0.0,0.0,0.0,0.0,0.0,0.0,0.0,-0.00026693994764183826,0.0,0.49752571839187293,0.0,0.0,True,-1.0,0.7397251129150249,0.0
130,200,23.413121223449707,42,False,True,time_limit,1.0,20.000000000000014,20.644205474853514,1.3,20,True,51.693338159575454,1.495131123741055,352999516.9170411,-0.027282834521041386,-0.030050669253518226,-0.002495620309518035,0.0,0.0012574232298825144,-8.123990551961117e-05,-0.06013727272400545,-0.05896108939964393,0.4370193563630845,0.004935957815599194,0.48135482863131746,0.03997511257677722,0.0,0.020203298719181372,0.016511445894040227,5.098350541743457e-08,0.0,6.548683713358737e-11,5.098350541743457e-08,6.548683713358737e-11,0.543548047542572,0.5,0.21796153485774994,0.25,0.5,0.7142857313156128,0.7362637362637363,0.8681318681318682,0.1096976026892662,91,0.0,0.0,0.0,58,7,0.1206896551724138,7,20,20,238,-0.058961089700460434,-0.02601748052984476,-0.025605152267962696,-1.2086224555969238,-0.02455024980008602,0.058961089700460434,0.0,0.0,0.0,0.0,0.0,0.0,0.0,0.0,0.0,0.0,0.0,0.0015040250622916022,0.0005774467011777122,0.0,0.0,20.644205474853514,,,0.6442054748535,0.05,0.05,0.31092436974789917,0.95,0.0,,0,0.96975,0.03025,0.03025,0.0,0.0,0.24793388429752067,0.23140495867768596,0.5206611570247934,0.24793388429752067,0.23140495867768596,0.5206611570247934,0.49277075084230243,0.8612598299980163,2.333753824234009,0.09457945078611374,0.09090909361839294,0.5261924862861633,1.315902590751648,1.177093744277954,2.4210190773010254,2.333753824234009,-2.333753824234009,0.03025,121,4000,-3.353383779525757,11.210644721984863,-13.424131393432617,16.434345245361328,-4.198342323303223,0.1359146237373352,0.0,0,1.0,1.0,0.6578684210526317,12.499499999999994,49695911.795601666,1.0,0.0,0.10849910672944636,0.005526171325417155,0.11402527805486364,0.0,0.0,0.0,0.0,0.0,0.0,0.0,0.0,0.0,0.0,0.0,0.0,0.0,0.0,0.0,0.0,0.0,0.0,0.0,0.0,-0.0003081486399287763,0.0,0.4929899590611458,0.0,0.0,True,-1.0,0.6442054748535,0.0
131,200,21.58797860145569,42,False,True,time_limit,1.0,20.000000000000014,21.56998062133789,0.0,20,True,52.95408140676558,1.3795332316233073,319392375.5749498,-0.02939284672225938,-0.11407233107657393,-0.00275620125353012,0.0,0.0012665066927812824,-0.0009198752860029103,-0.1464756547434406,-0.14612902333665914,0.19771088096636735,0.0017103845491976436,0.76730713714629,0.01853957811930365,0.0,0.008544481315712912,0.006187537903128443,8.061782637014403e-07,8.776106333622732e-14,3.6484467946795703e-10,8.061782637014403e-07,3.6484467946795703e-10,0.5575509667396545,0.5,0.21534013748168945,0.25,0.5,0.7722222328186035,0.6476190476190476,0.9142857142857143,0.1049981340765953,105,0.0,0.0,0.0,68,10,0.14705882352941177,10,20,20,228,-0.14612902700901031,-0.028375640511512756,-0.02781557636335492,-0.9860934615135193,-0.025994617491960526,0.14612902700901031,0.0,0.0,0.0,0.0,0.0,0.0,0.0,0.0,0.0,0.0,0.0,0.0013431927788598588,0.000247028955350063,0.0,0.0,21.56998062133789,,,1.5699806213378764,0.0,0.0,0.3333333333333333,1.0,0.0,,0,0.9675,0.03249999999999997,0.03249999999999997,0.0,0.0,0.19230769230769232,0.23076923076923078,0.5769230769230769,0.19230769230769232,0.23076923076923078,0.5769230769230769,0.4921432191564689,0.8564389824867249,2.142799496650696,0.01757797971367836,0.1339285746216774,-0.0196242555975914,1.090269386768341,0.5190436989068985,3.6731927394866943,2.142799496650696,-2.142799496650696,0.0325,130,4000,-2.5297720432281494,10.583893775939941,-6.25144100189209,5.791181564331055,-4.228359222412109,0.15600097179412842,0.0714285746216774,0,1.0,1.0,0.477789473684211,9.07800000000001,43049834.51587845,1.0,0.0,0.20219708872237555,0.005690987505512348,0.20788807622788774,0.0,0.0,0.0,0.0,0.0,0.0,0.0,0.0,0.0,0.0,0.0,0.0,0.0,0.0,0.0,0.0,0.0,0.0,0.0,0.0,-0.0002542756910745798,0.0,0.49492747759073974,0.0,0.0,True,-1.0,1.5699806213378764,0.0
132,200,22.525713682174683,42,False,True,time_limit,1.0,20.000000000000014,20.854427337646484,0.0,20,True,52.9060367303087,1.479228188035071,338741553.93865645,-0.02724586522674945,-0.15579161550961054,-0.002245744570774526,0.0,0.001260503460463353,-0.0007059014076343054,-0.1856958473079328,-0.18514124525510342,0.1451847012151475,0.002198733694163781,0.8301648327681477,0.011966871002258796,0.0,0.006723333319544738,0.003761528000737516,1.4020081380294869e-06,3.8383189855661914e-12,2.5514607648879793e-09,1.4020081380294869e-06,2.5514607648879793e-09,0.526175320148468,0.5,0.22590048611164093,0.25,0.5,0.6666666865348816,0.7564102564102564,0.9743589743589743,0.11516637355089188,78,0.0,0.0,0.0,42,12,0.2857142857142857,12,20,20,226,-0.18514229357242584,-0.03378434106707573,-0.0260356985963881,-1.015380859375,-0.023140031844377518,0.18514229357242584,0.0,0.0,0.0,0.0,0.0,0.0,0.0,0.0,0.0,0.0,0.0,0.0018201710912211717,0.0005149184461134363,0.0,0.0,20.854427337646484,,,0.8544273376464702,0.0,0.0,0.2079646017699115,1.0,0.0,,0,0.975,0.025000000000000022,0.025000000000000022,0.0,0.0,0.22,0.14,0.64,0.22,0.14,0.64,0.5008314022573748,0.860451340675354,2.050560712814331,0.022089341655373573,0.5,-0.19734100997447968,3.7651093006134033,1.679032564163208,30.917240142822266,2.050560712814331,-2.050560712814331,0.025,100,4000,-0.2359696328639984,2.900090456008911,-4.015113353729248,0.27291783690452576,-4.338277339935303,0.12769974768161774,0.3333333432674408,0,1.0,1.0,0.498815789473684,9.477500000000004,46047898.53928519,1.0,0.0,0.2337726871995349,0.005873185775645951,0.2396458729751809,0.0,0.0,0.0,0.0,0.0,0.0,0.0,0.0,0.0,0.0,0.0,0.0,0.0,0.0,0.0,0.0,0.0,0.0,0.0,0.0,-0.0004126220007983123,0.0,0.502090632570209,0.0,0.0,True,-1.0,0.8544273376464702,0.0
133,200,23.832503080368042,42,False,True,time_limit,1.0,20.000000000000014,20.968122482299805,0.0,20,True,50.53182100721266,1.484310962564432,358075192.4179932,-0.027541474207169323,-0.18448516476529736,-0.002488596457605679,0.0,0.0012673114234308606,-0.0007856124451742316,-0.21463576594281522,-0.21415406696455672,0.12709906653993872,0.0005562271483244732,0.8513666354879567,0.011484435596186945,0.0,0.005868171765008797,0.003625463462584421,2.801936282992301e-08,3.938645416756703e-12,1.0856066101627703e-09,2.801936282992301e-08,1.0856066101627703e-09,0.5389487147331238,0.5,0.21374176442623138,0.25,0.5,0.6875,0.7333333333333333,0.9555555555555556,0.11060428619384766,90,0.0,0.0,0.0,60,12,0.2,12,20,20,254,-0.21421943604946136,-0.026351948268711567,-0.026188632473349575,-0.9213792681694031,-0.02523677609860897,0.21421943604946136,0.0,0.0,0.0,0.0,0.0,0.0,0.0,0.0,0.0,0.0,0.0,0.0008279964085529441,0.0004747408608996177,0.0,0.0,20.968122482299805,,,0.9681224822997905,0.0,0.0,0.25196850393700787,1.0,0.0,,0,0.9715,0.02849999999999997,0.02849999999999997,0.0,0.0,0.21052631578947367,0.2543859649122807,0.5350877192982456,0.21052631578947367,0.2543859649122807,0.5350877192982456,0.49926892796941497,0.8718094825744629,2.347503662109375,0.021067645400762558,0.20000000670552254,0.036273032426834106,2.120367646217346,1.0893865823745728,15.972195863723755,2.347503662109375,-2.347503662109375,0.0285,114,4000,-0.6878511905670166,5.7609992027282715,-5.379127621650696,4.648441210389137,-4.277551174163818,0.13800166174769402,0.10000000149011612,0,1.0,1.0,0.5737894736842102,10.902000000000001,43003644.95349503,1.0,0.0,0.20964520707678136,0.005388288852380216,0.21503349592916157,0.0,0.0,0.0,0.0,0.0,0.0,0.0,0.0,0.0,0.0,0.0,0.0,0.0,0.0,0.0,0.0,0.0,0.0,0.0,0.0,-0.0001205305127405636,0.0,0.49836007944482846,0.0,0.0,True,-1.0,0.9681224822997905,0.0
134,200,21.822603702545166,42,False,True,time_limit,1.0,20.000000000000014,21.120391845703125,1.4333333333333336,20,True,50.743106511962104,1.455081018332637,347715592.8307874,-0.02773073166936866,-0.01582532281939106,-0.002332623167317236,0.0,0.0011721045154442953,1.187603281814988e-05,-0.046056641876159495,-0.04487266132789738,0.571798583591438,0.003463367078889892,0.32631296140665755,0.048097923957696125,0.0,0.02422542505668175,0.026101738908636703,1.0112902515402311e-08,8.058635952556265e-13,1.8012646929577148e-10,1.0112902515402311e-08,1.8012646929577148e-10,0.5428772568702698,0.5,0.21973784267902374,0.25,0.5,0.7142857313156128,0.7176470588235294,0.8941176470588236,0.10977049171924591,85,0.0,0.0,0.0,53,10,0.18867924528301888,10,20,20,240,-0.04492450878024101,-0.02666741982102394,-0.02611776227131486,-0.9371119737625122,0.08011946827173233,0.04572570323944092,0.0,0.0,0.0,0.0,0.0,0.0,0.0,0.0,0.0,0.0,0.0,0.0010284837152252377,0.000679123656933663,0.0,0.0,21.120391845703125,,,1.1203918457031108,0.1,0.1,0.3125,0.9,0.0,,0,0.96925,0.030750000000000055,0.030750000000000055,0.0,0.0,0.3089430894308943,0.17073170731707318,0.5203252032520326,0.3089430894308943,0.17073170731707318,0.5203252032520326,0.49795313732048474,0.867199546098709,1.9145004749298096,0.10573959350585938,0.625,-0.1773458868265152,1.8049622774124146,0.7193747162818909,16.958648681640625,1.9145004749298096,-1.9145004749298096,0.03075,123,4000,0.44136402010917664,1.5899097919464111,-3.3258185386657715,0.7779078483581543,-4.163567543029785,0.21987998485565186,0.0,0,1.0,1.0,0.5394473684210532,10.249500000000001,51148429.956731774,1.0,0.0,0.20555786291236594,0.005475170004514228,0.21103303291688033,0.0,0.0,0.0,0.0,0.0,0.0,0.0,0.0,0.0,0.0,0.0,0.0,0.0,0.0,0.0,0.0,0.0,0.0,0.0,0.0,-0.0001679642200825117,0.0,0.4975590129777556,0.0,0.0,True,-1.0,1.1203918457031108,0.0
135,200,20.75664448738098,42,False,True,time_limit,1.0,20.000000000000014,20.863429927825926,0.95,20,True,54.41146058771052,1.3678539057912456,308165039.3318542,-0.029792961653004633,-0.009587992441479811,-0.002517321745021542,0.0,0.0011404623075601836,0.0014564403669202744,-0.04210796039283223,-0.03951105771835237,0.6437064562781142,0.004530442536405457,0.2071580767702522,0.054389230539496757,0.0,0.024835290615725186,0.0653805032600063,3.408651416680897e-10,0.0,1.955102555545318e-11,3.408651416680897e-10,1.955102555545318e-11,0.5696457624435425,0.5,0.2026037871837616,0.25,0.5,0.801250010728836,0.6363636363636364,0.8181818181818182,0.10170996934175491,99,0.0,0.0,0.0,69,8,0.11594202898550725,8,20,20,237,-0.03957122191786766,-0.02873324789106846,-0.02817078782245517,-0.9746735095977783,0.24489212036132812,0.043017636984586716,0.0,0.0,0.0,0.0,0.0,0.0,0.0,0.0,0.0,0.0,0.0,0.0011167560212498617,0.00039925741046755727,0.0,0.0,20.863429927825926,,,0.8634299278259121,0.1,0.1,0.350210970464135,0.9,0.0,,0,0.96875,0.03125,0.03125,0.0,0.0,0.208,0.304,0.488,0.208,0.304,0.488,0.5016136181730698,0.8680416584014892,2.023827850818634,0.019819457083940506,0.24090909957885742,0.0012785494327545166,0.9882501065731049,0.48932012915611267,1.8124316930770874,2.023827850818634,-2.023827850818634,0.03125,125,4000,-0.0850878655910492,3.368110179901123,-4.0812424421310425,3.2133970260620117,-4.107292652130127,0.22526655346155167,0.0,0,1.0,1.0,0.46592105263157896,8.85250000000001,43599306.97518597,1.0,0.0,0.11011608376762946,0.00546609747035256,0.11558218123798208,0.0,0.0,0.0,0.0,0.0,0.0,0.0,0.0,0.0,0.0,0.0,0.0,0.0,0.0,0.0,0.0,0.0,0.0,0.0,0.0,-0.00020968455332682354,0.0,0.49833695246721615,0.0,0.0,True,-1.0,0.8634299278259121,0.0
136,200,21.09186029434204,42,False,True,time_limit,1.0,20.000000000000014,20.940837860107422,0.0,20,True,53.57224832804843,1.4325880597434018,335312486.4650222,-0.028720401487654507,-0.025354657128096026,-0.0023950199055710847,0.0,0.0011117741054740226,-0.0006942247416369559,-0.05679824714746145,-0.056380697783626386,0.49001981452008697,0.005599125394624252,0.4325943837682982,0.04086318954852826,0.0,0.019078809761477425,0.011844677006984905,3.9140934404713335e-07,0.0,1.861180289747243e-11,3.9140934404713335e-07,1.861180289747243e-11,0.5756673812866211,0.5,0.21112465858459473,0.25,0.5,0.8219696879386902,0.625,0.8125,0.0997924879193306,96,0.0,0.0,0.0,69,4,0.057971014492753624,4,20,20,242,-0.05640662834048271,-0.027631204575300217,-0.027162419725209476,-0.5765179991722107,-0.025002436712384224,0.05640662834048271,0.0,0.0,0.0,0.0,0.0,0.0,0.0,0.0,0.0,0.0,0.0,0.0016588182650384184,0.0004708751004990278,0.0,0.0,20.940837860107422,,,0.9408378601074077,0.0,0.0,0.4090909090909091,1.0,0.0,,0,0.964,0.03600000000000003,0.03600000000000003,0.0,0.0,0.3333333333333333,0.2361111111111111,0.4305555555555556,0.3333333333333333,0.2361111111111111,0.4305555555555556,0.5029371136835125,0.8675802290439605,2.1772637367248535,0.05035565793514252,0.27272728085517883,-0.21733275055885315,0.92677903175354,0.23951855301856995,0.7191920280456543,2.1772637367248535,-2.1772637367248535,0.036,144,4000,-1.1322604417800903,6.0078043937683105,-4.029715061187744,1.7231546640396118,-4.099747657775879,0.15211614966392517,0.0,0,1.0,1.0,0.48226315789473617,9.163,46922962.41808357,1.0,0.0,0.10405915134603187,0.005418077017156473,0.10947722836318838,0.0,0.0,0.0,0.0,0.0,0.0,0.0,0.0,0.0,0.0,0.0,0.0,0.0,0.0,0.0,0.0,0.0,0.0,0.0,0.0,-0.0003281686261418283,0.0,0.5025835467100842,0.0,0.0,True,-1.0,0.9408378601074077,0.0
137,128,13.957677125930786,42,True,False,all_finished,0.0,12.79999999999997,13.281097412109375,0.0,20,True,52.11815481171722,1.4883586314296866,351047574.35198945,-0.027562735318270498,-0.0022038117478876697,-0.003620794748079964,0.0,0.0011044705417758004,-0.001033315630281862,-0.033722448537884794,-0.03365129362639116,0.7684919634967121,0.009343297066224863,0.061445701878096,0.10095339353079684,0.0,0.03095519584668054,0.02881044818148979,7.465039003617946e-11,0.0,7.327975032334059e-11,7.465039003617946e-11,7.327975032334059e-11,0.5594387054443359,0.5,0.2077374905347824,0.25,0.5,0.75,0.6629213483146067,0.8764044943820225,0.10414870083332062,89,0.0,0.0,0.0,61,10,0.16393442622950818,10,20,20,244,-0.03365129232406616,-0.02637253049761057,-0.02626974359154701,-0.35903993248939514,-0.025393426418304443,0.03365129232406616,0.0,0.0,0.0,0.0,0.0,0.0,0.0,0.0,0.0,0.0,0.0,0.001767262740892082,0.0005399826139721564,0.0,0.0,13.281097412109375,,,0.4810974121094045,0.0,0.0,0.3114754098360656,1.0,0.0,,0,0.9546875,0.04531249999999998,0.04531249999999998,0.0,0.0,0.23275862068965517,0.28448275862068967,0.4827586206896552,0.23275862068965517,0.28448275862068967,0.4827586206896552,0.5003334032125355,0.8555474281311031,2.213881731033325,-0.023829674969116848,0.23492064327001572,0.10653961449861526,2.578173259894053,1.3889846007029216,17.59731396039327,2.213881731033325,-2.213881731033325,0.0453125,116,2560,0.3815528154373169,0.4232511818408966,-3.7377893129984536,0.5363821089267731,-3.98258638381958,0.23148865004380545,0.4365079353253047,0,1.0,1.0,0.526932565789474,10.011718749999996,43207494.90348435,1.0,0.0,0.10938875772089138,0.005557206347135283,0.11494596406802667,0.0,0.0,0.0,0.0,0.0,0.0,0.0,0.0,0.0,0.0,0.0,0.0,0.0,0.0,0.0,0.0,0.0,0.0,0.0,0.0,-0.0003351067236468647,0.0,0.49858223919509326,0.0,0.0,False,0.0,0.0,0.0
138,200,21.615505933761597,42,False,True,time_limit,1.0,20.000000000000014,20.725039291381837,0.7999999999999999,20,True,49.98370315998626,1.5172082621008882,371549190.7945578,-0.027101055602940786,-0.2911167615067693,-0.002902915845285369,0.0,0.001120359380763399,0.0004122192147002486,-0.32163473211729376,-0.3201021535218396,0.0835318061233243,0.0015842659047108545,0.8972900996075869,0.008947467107310422,0.0,0.003464710925337176,0.005181650331730564,7.619402708769485e-07,0.0,3.5219038657662125e-10,7.619402708769485e-07,3.5219038657662125e-10,0.5927355885505676,0.5,0.19677969813346863,0.25,0.5,0.844871801137924,0.5365853658536586,0.7804878048780488,0.09440375864505768,123,0.0,0.0,0.0,95,10,0.10526315789473684,10,20,20,247,-0.32010215520858765,-0.4731564223766327,-0.025898621510714294,-0.55644291639328,0.1521165519952774,0.321623295545578,0.0,0.0,0.0,0.0,0.0,0.0,0.0,0.0,0.0,0.0,0.0,0.00221086821220209,0.00041999681491633467,0.0,0.0,20.725039291381837,,,0.7250392913818224,0.05,0.05,0.41700404858299595,0.95,0.0,,0,0.9635,0.03649999999999998,0.03649999999999998,0.0,0.0,0.15753424657534246,0.2671232876712329,0.5753424657534246,0.15753424657534246,0.2671232876712329,0.5753424657534246,0.5066137906717197,0.8668280780315398,2.2321252822875977,0.07925768196582794,0.1818181872367859,0.5421155095100403,1.2648545503616333,1.1678507328033447,4.03441858291626,2.2321252822875977,-2.2321252822875977,0.0365,146,4000,-1.8182117938995361,7.834971904754639,-10.385527610778809,12.868573188781738,-3.892608642578125,0.15456168353557587,0.0,0,1.0,1.0,0.5186842105263164,9.855000000000008,48644698.852592364,1.0,0.0,0.12049823192063852,0.005701121987883862,0.12619935390852227,0.0,0.0,0.0,0.0,0.0,0.0,0.0,0.0,0.0,0.0,0.0,0.0,0.0,0.0,0.0,0.0,0.0,0.0,0.0,0.0,-0.0005139991623073919,0.0,0.5025609825949651,0.0,0.0,True,-1.0,0.7250392913818224,0.0
139,200,22.54874086380005,42,False,True,time_limit,1.0,20.000000000000014,21.00539779663086,0.0,20,True,52.03808875340877,1.4885265337253042,348573190.6399794,-0.027217844204214702,-0.02517773618569331,-0.0026136316448859115,0.0,0.0013508052176311825,-0.00071294951978658,-0.0553012123879103,-0.0546633566900661,0.47441489162317796,0.00508965055565973,0.43885521918018083,0.04555635502386525,0.0,0.02365696741373927,0.012426916203377025,6.8759838711685e-08,6.708829455512322e-13,1.7198569651766236e-10,6.8759838711685e-08,1.7198569651766236e-10,0.5402094125747681,0.5,0.21313993632793427,0.25,0.5,0.79191919863224,0.7872340425531915,0.9148936170212766,0.11121834814548492,94,0.0,0.0,0.0,61,12,0.19672131147540983,12,20,20,237,-0.05468343570828438,-0.025953415781259537,-0.025408286508172756,-0.510581374168396,-0.022282570600509644,0.05468343570828438,0.0,0.0,0.0,0.0,0.0,0.0,0.0,0.0,0.0,0.0,0.0,0.0014313146501251776,0.0005684592427270967,0.0,0.0,21.00539779663086,,,1.0053977966308452,0.0,0.0,0.270042194092827,1.0,0.0,,0,0.97125,0.028750000000000053,0.028750000000000053,0.0,0.0,0.1826086956521739,0.2608695652173913,0.5565217391304348,0.1826086956521739,0.2608695652173913,0.5565217391304348,0.49315474242332824,0.859919136762619,2.3101096153259277,0.0698699951171875,0.0,-0.20257815718650818,0.7839534282684326,0.1824796348810196,20.076690673828125,2.3101096153259277,-2.3101096153259277,0.02875,115,4000,-0.2691913843154907,2.1675920486450195,-3.639786958694458,0.324989378452301,-3.819417715072632,0.19260813295841217,0.0,0,1.0,1.0,0.5195263157894728,9.870999999999997,48026715.626908265,1.0,0.0,0.17258257410343958,0.006071602991429282,0.1786541770948688,0.0,0.0,0.0,0.0,0.0,0.0,0.0,0.0,0.0,0.0,0.0,0.0,0.0,0.0,0.0,0.0,0.0,0.0,0.0,0.0,-0.0002920003531168105,0.0,0.48991344234533607,0.0,0.0,True,-1.0,1.0053977966308452,0.0
140,200,22.37756085395813,42,False,True,time_limit,1.0,20.000000000000014,21.097935009002686,1.0999999999999999,20,True,51.2113051782056,1.479823153560409,354012217.3780843,-0.027581516553823564,-0.0026672145689467016,-0.0023908723021208228,0.0,0.0013420821925537068,0.0003690821735050213,-0.03283930428247702,-0.031128139916418118,0.7710813980884831,0.005582927833807809,0.07456586133731961,0.0668403114735468,0.0,0.03778305646939366,0.04414644479744877,4.9937380453002334e-08,0.0,1.3464409361757496e-11,4.9937380453002334e-08,1.3464409361757496e-11,0.566969096660614,0.5,0.21451444923877716,0.25,0.5,0.7857142686843872,0.6063829787234043,0.851063829787234,0.10173923522233963,94,0.0,0.0,0.0,60,4,0.06666666666666667,4,20,20,249,-0.0311297494918108,-0.026250304654240608,-0.025453412998467685,-0.5259203314781189,0.15292561054229736,0.032659005373716354,0.0,0.0,0.0,0.0,0.0,0.0,0.0,0.0,0.0,0.0,0.0,0.0010543415518967706,0.00021906693908669468,0.0,0.0,21.097935009002686,,,1.097935009002672,0.05,0.05,0.2931726907630522,0.95,0.0,,0,0.97125,0.028750000000000053,0.028750000000000053,0.0,0.0,0.1826086956521739,0.23478260869565218,0.5826086956521739,0.1826086956521739,0.23478260869565218,0.5826086956521739,0.49520808809290734,0.8656268745660782,2.292367458343506,0.09166610240936279,0.25,-0.30050912499427795,1.7110559940338135,0.5481601357460022,9.529541969299316,2.292367458343506,-2.292367458343506,0.02875,115,4000,0.2176889032125473,1.9700583219528198,-2.931487560272217,1.1170833110809326,-3.914520740509033,0.06626071035861969,0.0,0,1.0,1.0,0.5297105263157892,10.064499999999978,40084298.23941591,1.0,0.0,0.08615179286563866,0.0053351960181255995,0.09148698888376428,0.0,0.0,0.0,0.0,0.0,0.0,0.0,0.0,0.0,0.0,0.0,0.0,0.0,0.0,0.0,0.0,0.0,0.0,0.0,0.0,-0.00019970085758611733,0.0,0.49419250868144443,0.0,0.0,True,-1.0,1.097935009002672,0.0
141,196,22.623225450515747,42,True,False,all_finished,0.0,19.60000000000001,20.631738071441653,1.0999999999999999,20,True,51.1922323351443,1.4583964875540185,350041580.51624507,-0.02790603988695893,-0.012088826756971887,-0.002266051159519076,0.0,0.001979512302360379,0.00041230415915376395,-0.04259022939505996,-0.04019841293354421,0.6035101217108144,0.007121858907153718,0.2614390768806469,0.049006767589527836,0.0,0.04292903438283116,0.035993140529026094,1.425185569559062e-08,0.0,1.3270174473167805e-10,1.425185569559062e-08,1.3270174473167805e-10,0.5506994724273682,0.5,0.22424866259098053,0.25,0.5,0.7142857313156128,0.6867469879518072,0.927710843373494,0.10702313482761383,83,0.0,0.0,0.0,48,4,0.08333333333333333,4,20,20,240,-0.04020148515701294,-0.026586144231259823,-0.02540441695600748,-0.5285694599151611,0.16257646679878235,0.041860431432724,0.0,0.0,0.0,0.0,0.0,0.0,0.0,0.0,0.0,0.0,0.0,0.0015659455583503356,0.000427969115605864,0.0,0.0,20.631738071441653,,,1.0317380714416444,0.05,0.05,0.24166666666666667,0.95,0.0,,0,0.974234693877551,0.025765306122448983,0.025765306122448983,0.0,0.0,0.1782178217821782,0.2079207920792079,0.6138613861386139,0.1782178217821782,0.2079207920792079,0.6138613861386139,0.49010485916032226,0.8585212975740428,2.377682089805603,0.02933826670050621,0.1547619104385376,0.25855735689401627,3.571067988872528,2.036985456943512,23.196925282478333,2.377682089805603,-2.377682089805603,0.02576530612244898,101,3920,-0.0048769377171993256,2.355717897415161,-4.484330415725708,2.5103627294301987,-3.646172881126404,0.1872411072254181,0.25,0,1.0,0.9987244897959181,0.6001074113856075,11.402040816326554,48446521.42308672,0.9755102040816293,0.0,0.19306854075130434,0.005870487845813439,0.1989390285971177,0.0,0.0,0.0,0.0,0.0,0.0,0.0,0.0,0.0,0.0,0.0,0.0,0.0,0.0,0.0,0.0,0.0,0.0,0.0,0.0,-0.0003293115916083302,0.0,0.49310711220367714,0.0,0.0,False,0.0,0.0,0.0
142,200,20.713536500930786,42,False,True,time_limit,1.0,20.000000000000014,20.926623725891112,0.8999999999999999,20,True,51.78401136856494,1.46899002404569,349642550.5524585,-0.02767709708328026,-0.09817978736174109,-0.0026414349431484706,0.0,0.001169489424259713,0.00029826147991357993,-0.12894399916962487,-0.12747624826545456,0.20927423449323776,0.0033699088749500295,0.7423646989065689,0.019972624803380204,0.0,0.008904228021164931,0.016114304900698137,4.486900309075281e-07,0.0,8.530570486109344e-11,4.486900309075281e-07,8.530570486109344e-11,0.5658330321311951,0.5,0.20585256814956665,0.25,0.5,0.7777777910232544,0.6699029126213593,0.8349514563106796,0.1025799885392189,103,0.0,0.0,0.0,70,6,0.08571428571428572,6,20,20,242,-0.12749400734901428,-0.026496339589357376,-0.026379690784960986,-0.9213413000106812,0.14718033373355865,0.1289658099412918,0.0,0.0,0.0,0.0,0.0,0.0,0.0,0.0,0.0,0.0,0.0,0.0018408632706690407,0.00029489452003290674,0.0,0.0,20.926623725891112,,,0.9266237258910976,0.05,0.05,0.3677685950413223,0.95,0.0,,0,0.965,0.03500000000000003,0.03500000000000003,0.0,0.0,0.2642857142857143,0.24285714285714285,0.4928571428571429,0.2642857142857143,0.24285714285714285,0.4928571428571429,0.49544652297064745,0.8552876591682435,2.159473180770874,0.06040322780609131,0.0,-0.19148209691047668,1.0889877080917358,0.3465634882450104,2.665795087814331,2.159473180770874,-2.159473180770874,0.035,140,4000,-3.8800876140594482,9.125054359436035,-5.9588470458984375,7.283082962036133,-3.673407554626465,0.04521046206355095,0.0,0,1.0,1.0,0.43805263157894736,8.322999999999974,47710400.668495186,1.0,0.0,0.11871942628471951,0.005712395126684625,0.12443182141140408,0.0,0.0,0.0,0.0,0.0,0.0,0.0,0.0,0.0,0.0,0.0,0.0,0.0,0.0,0.0,0.0,0.0,0.0,0.0,0.0,-0.00044567978145830235,0.0,0.49557319047302006,0.0,0.0,True,-1.0,0.9266237258910976,0.0
143,184,18.81520128250122,42,True,False,all_finished,0.0,18.39999999999999,18.96152986526489,1.4000000000000001,20,True,51.3535579784367,1.4823751707383046,354947145.59029496,-0.027434928603590838,-0.005911452950298134,-0.0024524237263449716,0.0,0.0012327321703711643,-5.209535319060166e-05,-0.03607197428552435,-0.0348913374683443,0.7151588270738797,0.007120821352936827,0.15409654675333484,0.0639284505151388,0.0,0.032411132492237996,0.027284221812471858,3.2288166584848454e-10,0.0,2.212833787734735e-11,3.2288166584848454e-10,2.212833787734735e-11,0.5528277158737183,0.5,0.20848672091960907,0.25,0.5,0.8333333134651184,0.7142857142857143,0.8928571428571429,0.10743950307369232,84,0.0,0.0,0.0,61,8,0.13114754098360656,8,20,20,234,-0.03489168360829353,-0.02618276420980692,-0.025930484849959613,-0.4940359592437744,-0.004197875503450632,0.03489168360829353,0.0,0.0,0.0,0.0,0.0,0.0,0.0,0.0,0.0,0.0,0.0,0.001355818170412223,0.0003838317880868007,0.0,0.0,18.96152986526489,,,0.5615298652648981,0.1,0.1,0.32051282051282054,0.9,0.0,,0,0.9690217391304348,0.030978260869565233,0.030978260869565233,0.0,0.0,0.2631578947368421,0.2807017543859649,0.45614035087719296,0.2631578947368421,0.2807017543859649,0.45614035087719296,0.49865616153939346,0.8625833272933959,2.2033594846725464,0.036657270044088364,0.1111111119389534,0.6243487447500229,1.5882489681243896,1.4119004607200623,5.236698150634766,2.2033594846725464,-2.2033594846725464,0.03097826086956522,114,3680,-0.27553534507751465,1.1583887338638306,-4.2482664585113525,1.5565033555030823,-3.26663339138031,0.2751524746417999,0.0,0,1.0,1.0,0.47482837528604094,9.021739130434787,44001385.37236513,1.0,0.0,0.0653063443212677,0.005868285156202035,0.07117462947746968,0.0,0.0,0.0,0.0,0.0,0.0,0.0,0.0,0.0,0.0,0.0,0.0,0.0,0.0,0.0,0.0,0.0,0.0,0.0,0.0,-0.00027316900529085594,0.0,0.5004290120082695,0.0,0.0,False,0.0,0.0,0.0
144,200,21.41834855079651,42,False,True,time_limit,1.0,20.000000000000014,20.77593927383423,0.9999999999999999,20,True,51.846051519617184,1.3786015244197443,323835431.49725515,-0.02926623298086875,-1.032922493386801e-05,-0.002654828277400204,0.0,0.001086702940655098,5.6370924768053954e-05,-0.03218521892038809,-0.03104214505496489,0.8403470987650057,0.007288399259036649,0.0002965921241500851,0.07623042029669286,0.0,0.03147402787738418,0.044363461677730406,3.5288532079097434e-12,0.0,6.565184940826584e-12,3.5288532079097434e-12,6.565184940826584e-12,0.607241153717041,0.5,0.1914036124944687,0.25,0.5,0.875,0.5555555555555556,0.7350427350427351,0.09076335281133652,117,0.0,0.0,0.0,92,11,0.11956521739130435,11,20,20,223,-0.031042147427797318,-0.028191636316478252,-0.02759934738278389,-0.14266160130500793,0.10415023565292358,0.032083649188280106,0.0,0.0,0.0,0.0,0.0,0.0,0.0,0.0,0.0,0.0,0.0,0.0013151900621069879,0.00027467611491282157,0.0,0.0,20.77593927383423,,,0.775939273834215,0.05,0.05,0.4349775784753363,0.95,0.0,,0,0.96575,0.03425,0.03425,0.0,0.0,0.145985401459854,0.3722627737226277,0.48175182481751827,0.145985401459854,0.3722627737226277,0.48175182481751827,0.4961854756590636,0.852386474609375,2.198951005935669,0.08524875342845917,0.5,0.15173670649528503,1.2208516597747803,0.7556090354919434,4.37383508682251,2.198951005935669,-2.198951005935669,0.03425,137,4000,0.19567328691482544,0.6961855888366699,-3.1930694580078125,0.2557072937488556,-3.2663002014160156,0.36830466985702515,0.4000000059604645,0,1.0,1.0,0.5428421052631578,10.314000000000021,43886011.37669859,1.0,0.0,0.08790039684968032,0.005616346089160839,0.09351674293884114,0.0,0.0,0.0,0.0,0.0,0.0,0.0,0.0,0.0,0.0,0.0,0.0,0.0,0.0,0.0,0.0,0.0,0.0,0.0,0.0,-0.00025382843718510414,0.0,0.49766042064165233,0.0,0.0,True,-1.0,0.775939273834215,0.0
145,200,21.76996159553528,42,False,True,time_limit,1.0,20.000000000000014,20.571205806732177,0.8999999999999999,20,True,54.996733966237,1.4180036673363872,322048293.9609894,-0.029030607988220995,-0.1364091900808771,-0.0028296948532298164,0.0,0.0011006440849087677,0.00012439296778702508,-0.16856582244902457,-0.16734078539633052,0.16957295797974722,0.0017309136067458506,0.7967904036670993,0.016528752227198927,0.0,0.00645477977372682,0.008922192745481842,9.639223641499939e-09,2.919168948451248e-13,1.2573175833807675e-08,9.639223641499939e-09,1.2573175833807675e-08,0.5613256096839905,0.5,0.20348893105983734,0.25,0.5,0.7857142686843872,0.6605504587155964,0.8623853211009175,0.10384202003479004,109,0.0,0.0,0.0,74,12,0.16216216216216217,12,20,20,235,-0.16734077036380768,-0.05794378183782101,-0.029886725824326277,-0.9336376786231995,0.11578767001628876,0.16849865019321442,0.0,0.0,0.0,0.0,0.0,0.0,0.0,0.0,0.0,0.0,0.0,0.001542600283199293,0.0002968840207968837,0.0,0.0,20.571205806732177,,,0.5712058067321628,0.05,0.05,0.41702127659574467,0.95,0.0,,0,0.962,0.038000000000000034,0.038000000000000034,0.0,0.0,0.28289473684210525,0.2631578947368421,0.45394736842105265,0.28289473684210525,0.2631578947368421,0.45394736842105265,0.4960211877260385,0.8534078627824784,2.11027729511261,0.010304770432412624,0.21250000596046448,0.30287542939186096,1.1697295904159546,0.8814573287963867,2.8316752910614014,2.11027729511261,-2.11027729511261,0.038,152,4000,-1.4744365215301514,4.971330165863037,-5.860946893692017,6.58919882774353,-3.2201218605041504,0.22604360431432724,0.0,0,1.0,1.0,0.5282631578947364,10.036999999999992,46390475.572551705,1.0,0.0,0.1299882049132922,0.005558390330233299,0.13554659524352541,0.0,0.0,0.0,0.0,0.0,0.0,0.0,0.0,0.0,0.0,0.0,0.0,0.0,0.0,0.0,0.0,0.0,0.0,0.0,0.0,-0.00029632952669798917,0.0,0.4972661473702756,0.0,0.0,True,-1.0,0.5712058067321628,0.0
146,200,21.974629163742065,42,False,True,time_limit,1.0,20.000000000000014,20.625900268554688,0.0,20,True,50.30760647474218,1.4761293538111593,357214676.77705896,-0.027570412688826807,-0.06588077265020563,-0.002627550258064991,0.0,0.0012873571241291827,-0.0006371979653844149,-0.09638323118744443,-0.09573307202870025,0.2804359437796091,0.0030972154541024934,0.6701146211923623,0.02672646016457458,0.0,0.013144419618981258,0.006481339790370361,3.944950890399923e-07,0.0,1.5300726657896215e-10,3.944950890399923e-07,1.5300726657896215e-10,0.5648665428161621,0.5,0.2097177505493164,0.25,0.5,0.8333333134651184,0.6470588235294118,0.8627450980392157,0.10304117947816849,102,0.0,0.0,0.0,62,6,0.0967741935483871,6,20,20,243,-0.09573306888341904,-0.02642442937940359,-0.02624286524951458,-0.9208378195762634,-0.022258412092924118,0.09573306888341904,0.0,0.0,0.0,0.0,0.0,0.0,0.0,0.0,0.0,0.0,0.0,0.00152743477140085,0.0008217889065448365,0.0,0.0,20.625900268554688,,,0.6259002685546733,0.0,0.0,0.345679012345679,1.0,0.0,,0,0.966,0.03400000000000003,0.03400000000000003,0.0,0.0,0.25,0.22794117647058823,0.5220588235294118,0.25,0.22794117647058823,0.5220588235294118,0.4997829690124013,0.8656384527683257,2.267613410949707,0.09333708137273788,0.0833333358168602,-0.29674243927001953,0.4924144446849823,-0.05727970600128174,5.454391956329346,2.267613410949707,-2.267613410949707,0.034,136,4000,-1.9109835624694824,6.111181735992432,-3.06298828125,0.21356245875358582,-3.103393077850342,0.22873234748840332,0.4166666567325592,0,1.0,1.0,0.4991315789473689,9.483500000000014,48568416.68801087,1.0,0.0,0.09733228006255246,0.005445901851473519,0.10277818191402605,0.0,0.0,0.0,0.0,0.0,0.0,0.0,0.0,0.0,0.0,0.0,0.0,0.0,0.0,0.0,0.0,0.0,0.0,0.0,0.0,-0.00030449559034745533,0.0,0.49707323267601894,0.0,0.0,True,-1.0,0.6259002685546733,0.0
147,200,23.276885509490967,42,False,True,time_limit,1.0,20.000000000000014,21.628498077392578,0.0,20,True,53.531839349830236,1.4505184602696293,333328733.6944278,-0.028258518691993417,-0.10278862184572592,-0.0025299756236174024,0.0,0.001157558024864745,-0.0008770714807968537,-0.13403327169645643,-0.13375278515238692,0.20767533026531415,0.0033523431443983147,0.7554062271273914,0.018593102098688752,0.0,0.008527291153415162,0.006445706210792387,1.7567875829627155e-06,1.0246941641554874e-12,3.806893508762062e-10,1.7567875829627155e-06,3.806893508762062e-10,0.5658382177352905,0.5,0.21436025202274323,0.25,0.5,0.7777777910232544,0.6464646464646465,0.8484848484848485,0.10222123563289642,99,0.0,0.0,0.0,62,4,0.06451612903225806,4,20,20,228,-0.13375277817249298,-0.027239466086030006,-0.027003296930342913,-0.9217587113380432,-0.024505779147148132,0.13375277817249298,0.0,0.0,0.0,0.0,0.0,0.0,0.0,0.0,0.0,0.0,0.0,0.001992889161032797,0.0003671187981546827,0.0,0.0,21.628498077392578,,,1.628498077392564,0.0,0.0,0.3333333333333333,1.0,0.0,,0,0.9685,0.03149999999999997,0.03149999999999997,0.0,0.0,0.21428571428571427,0.1984126984126984,0.5873015873015873,0.21428571428571427,0.1984126984126984,0.5873015873015873,0.4973063090195693,0.857473623752594,2.5191447734832764,0.1244678795337677,0.3333333432674408,-0.21513405442237854,0.32463106513023376,-0.06030367314815521,6.652036190032959,2.5191447734832764,-2.5191447734832764,0.0315,126,4000,-1.5239394903182983,6.048514366149902,-3.1330044269561768,0.2667762041091919,-3.087782621383667,0.22719930112361908,0.1111111119389534,0,1.0,1.0,0.5952105263157894,11.308999999999994,52367008.06867668,1.0,0.0,0.1763469478960466,0.005731839406335724,0.18207878730238222,0.0,0.0,0.0,0.0,0.0,0.0,0.0,0.0,0.0,0.0,0.0,0.0,0.0,0.0,0.0,0.0,0.0,0.0,0.0,0.0,-0.00045615553511787484,0.0,0.4968993001232884,0.0,0.0,True,-1.0,1.628498077392564,0.0
148,186,20.30301308631897,42,True,False,all_finished,0.0,18.599999999999994,19.514087677001953,0.0,20,True,52.90639729856157,1.5383408545634816,356054722.06259304,-0.026983772384861188,-0.019311499488870173,-0.0026459699505223975,0.0,0.0012207204823382293,-0.0007805484106987382,-0.04912712847924858,-0.04868695640760868,0.5277487933904579,0.003635572390743801,0.37769443087688964,0.0517498972648849,0.0,0.023905335253752078,0.015265970823271816,7.498694287733088e-08,0.0,1.790523215805503e-11,7.498694287733088e-08,1.790523215805503e-11,0.5325371623039246,0.5,0.22453102469444275,0.25,0.5,0.7190909206867219,0.7931034482758621,0.9310344827586207,0.11313803493976593,87,0.0,0.0,0.0,59,11,0.1864406779661017,11,20,20,240,-0.04869009926915169,-0.02579028718173504,-0.025141593534499407,-0.9623573422431946,-0.022669145837426186,0.04869009926915169,0.0,0.0,0.0,0.0,0.0,0.0,0.0,0.0,0.0,0.0,0.0,0.0010350136461285216,0.0005424842604180451,0.0,0.0,19.514087677001953,,,0.9140876770019588,0.0,0.0,0.275,1.0,0.0,,0,0.9696236559139785,0.030376344086021523,0.030376344086021523,0.0,0.0,0.23008849557522124,0.20353982300884957,0.5663716814159292,0.23008849557522124,0.20353982300884957,0.5663716814159292,0.4974748244421889,0.8610844612121582,2.1374367475509644,-0.00645407714182511,0.1537698432803154,-0.23828475456684828,2.0704414546489716,0.7905915006995201,8.555500984191895,2.1374367475509644,-2.1374367475509644,0.030376344086021505,113,3720,-2.792222261428833,6.599972724914551,-4.323986530303955,1.7304021194577217,-3.22506982088089,0.1820497326552868,0.325396828353405,0,1.0,1.0,0.4754102999434065,9.032795698924737,43172103.62789866,1.0,0.0,0.09629005112691237,0.005611399626657629,0.10190145075357014,0.0,0.0,0.0,0.0,0.0,0.0,0.0,0.0,0.0,0.0,0.0,0.0,0.0,0.0,0.0,0.0,0.0,0.0,0.0,0.0,-0.00018588665499408438,0.0,0.49955479028028865,0.0,0.0,False,0.0,0.0,0.0
149,200,21.842525720596313,42,False,True,time_limit,1.0,20.000000000000014,20.493948650360107,1.7000000000000004,20,True,50.211568950462066,1.4429175752276575,352952858.20807505,-0.028366252540589103,-0.040042775951639006,-0.0022294160378328867,0.0,0.0011148300971860704,-0.0007645229606963272,-0.07091127820533162,-0.07056097106884236,0.38968332040271575,0.0037480711400029007,0.5500903536217563,0.030626754201622978,0.0,0.015348814548668826,0.010502686085233328,1.998157639349074e-09,0.0,3.318560825443795e-11,1.998157639349074e-09,3.318560825443795e-11,0.5650428533554077,0.5,0.2131682187318802,0.25,0.5,0.7777777910232544,0.6551724137931034,0.8160919540229885,0.10250187665224075,87,0.0,0.0,0.0,59,5,0.0847457627118644,5,20,20,245,-0.07056112587451935,-0.027277348563075066,-0.02659822851419449,-1.3930491209030151,-0.0247493889182806,0.07056112587451935,0.0,0.0,0.0,0.0,0.0,0.0,0.0,0.0,0.0,0.0,0.0,0.0012927304037584125,0.0003528402885573619,0.0,0.0,20.493948650360107,,,0.4939486503600925,0.0,0.0,0.3224489795918367,1.0,0.0,,0,0.97025,0.029750000000000054,0.029750000000000054,0.0,0.0,0.2689075630252101,0.20168067226890757,0.5294117647058824,0.2689075630252101,0.20168067226890757,0.5294117647058824,0.49115020897863326,0.8527368068695067,2.153608798980713,0.06600826978683472,0.1666666716337204,-0.25813552737236023,0.8407125473022461,0.1558341085910797,6.204770565032959,2.153608798980713,-2.153608798980713,0.02975,119,4000,-2.766064405441284,10.144543647766113,-3.3388469219207764,0.33765336871147156,-3.3069140911102295,0.09101264178752899,0.1666666716337204,0,1.0,1.0,0.5322368421052631,10.112499999999994,45196709.16095767,1.0,0.0,0.08082145523271288,0.0057301413388636336,0.08655159657157663,0.0,0.0,0.0,0.0,0.0,0.0,0.0,0.0,0.0,0.0,0.0,0.0,0.0,0.0,0.0,0.0,0.0,0.0,0.0,0.0,-0.00027283367527135,0.0,0.4911831819128711,0.0,0.0,True,-1.0,0.4939486503600925,0.0
150,200,21.756837368011475,42,False,True,time_limit,1.0,20.000000000000014,21.08913803100586,0.0,20,True,51.91736796391704,1.5609993883798248,370592879.02427375,-0.02625615156612449,-0.040288684950887776,-0.00254017964900031,0.0,0.0010553071502536692,-0.0006435697863520859,-0.0693203007775184,-0.06890856341361634,0.3696795512503851,0.003312744039361742,0.5672538466120203,0.03576504615967233,0.0,0.014927522464443333,0.009061289474117034,5.496611947819474e-07,1.0708189841562507e-13,5.0962339036286395e-11,5.496611947819474e-07,5.0962339036286395e-11,0.5996936559677124,0.5,0.19365763664245605,0.25,0.5,0.8461538553237915,0.5181818181818182,0.7454545454545455,0.09237015247344971,110,0.0,0.0,0.0,80,6,0.075,6,20,20,246,-0.06890855729579926,-0.0252551157027483,-0.024790720921009785,-0.9470354318618774,-0.023016683757305145,0.06890855729579926,0.0,0.0,0.0,0.0,0.0,0.0,0.0,0.0,0.0,0.0,0.0,0.0011863515087020171,0.0,0.0,0.0,21.08913803100586,,,1.0891380310058452,0.0,0.0,0.3983739837398374,1.0,0.0,,0,0.9645,0.035499999999999976,0.035499999999999976,0.0,0.0,0.22535211267605634,0.29577464788732394,0.4788732394366197,0.22535211267605634,0.29577464788732394,0.4788732394366197,0.5011888804222139,0.8653453409671783,2.16982684135437,-0.0026734475046396255,0.24158730506896972,-0.1918530970811844,1.3629886627197265,0.4832131743431091,29.317599058151245,2.16982684135437,-2.16982684135437,0.0355,142,4000,-2.5747478008270264,9.623233795166016,-3.994740676879883,2.36310418844223,-3.4003530025482176,0.11506261974573136,0.543412709236145,0,1.0,1.0,0.488368421052632,9.278999999999995,47511234.43130288,1.0,0.0,0.09825795850582474,0.005451778390454144,0.1037097368962789,0.0,0.0,0.0,0.0,0.0,0.0,0.0,0.0,0.0,0.0,0.0,0.0,0.0,0.0,0.0,0.0,0.0,0.0,0.0,0.0,-0.00023528461150491283,0.0,0.5001742691523395,0.0,0.0,True,-1.0,1.0891380310058452,0.0
151,200,23.263224124908447,42,False,True,time_limit,1.0,20.000000000000014,20.775638580322266,0.0,20,True,52.73221349424648,1.4659689481447122,343385877.6392446,-0.02813528242742974,-0.07050784668962995,-0.0018345263565106259,0.0,0.0013404852754138913,-0.0007260840797237029,-0.1007019647288434,-0.10008756353315468,0.2737686749315879,0.002182627729075377,0.6860723651979677,0.017850748470160955,0.0,0.013060466165897953,0.007065117505310174,6.821398557121938e-08,0.0,1.3491969347301207e-10,6.821398557121938e-08,1.3491969347301207e-10,0.5424306988716125,0.5,0.22665245831012726,0.25,0.5,0.6666666865348816,0.7313432835820896,0.9701492537313433,0.1095239520072937,67,0.0,0.0,0.0,38,5,0.13157894736842105,5,20,20,239,-0.10008756816387177,-0.026733847334980965,-0.026534441579133275,-1.1475708484649658,-0.02577972784638405,0.10008756816387177,0.0,0.0,0.0,0.0,0.0,0.0,0.0,0.0,0.0,0.0,0.0,0.0008943756994598844,0.0005009556296825359,0.0,0.0,20.775638580322266,,,0.7756385803222514,0.0,0.0,0.15481171548117154,1.0,0.0,,0,0.98175,0.01824999999999999,0.01824999999999999,0.0,0.0,0.0821917808219178,0.2191780821917808,0.6986301369863014,0.0821917808219178,0.2191780821917808,0.6986301369863014,0.5003972273270078,0.8598908185958862,2.2554218769073486,0.05751494690775871,0.6666666865348816,-0.1412273496389389,1.4220045804977417,0.5631001591682434,1.7728029489517212,2.2554218769073486,-2.2554218769073486,0.01825,73,4000,-3.2603414058685303,8.690384864807129,-6.22297477722168,4.352313041687012,-3.422286033630371,0.10534311085939407,0.0,0,1.0,1.0,0.6034736842105246,11.466000000000031,44617044.3222573,1.0,0.0,0.1156400847023362,0.0056092469976066475,0.12124933169994284,0.0,0.0,0.0,0.0,0.0,0.0,0.0,0.0,0.0,0.0,0.0,0.0,0.0,0.0,0.0,0.0,0.0,0.0,0.0,0.0,-0.00022430925527480743,0.0,0.5000305626126937,0.0,0.0,True,-1.0,0.7756385803222514,0.0
152,200,20.308539628982544,42,False,True,time_limit,1.0,20.000000000000014,20.39394359588623,1.2,20,True,53.466143143544116,1.503380300561667,342421946.6723949,-0.027054928759334563,-0.005095569204390003,-0.002445122451525378,0.0,0.001223426695337939,-0.0003415018195936886,-0.03483851258904362,-0.03395658771329912,0.7249271750118477,0.00650820924152738,0.1365339610122362,0.06551618476285105,0.0,0.0329938514474028,0.03352061852413487,4.620566429469619e-10,0.0,2.4670431496287527e-11,4.620566429469619e-10,2.4670431496287527e-11,0.5475655794143677,0.5,0.2092847228050232,0.25,0.5,0.8181818127632141,0.7555555555555555,0.9,0.1086721122264862,90,0.0,0.0,0.0,63,11,0.1746031746031746,11,20,20,227,-0.033994629979133606,-0.025892870500683784,-0.025649890769273043,-0.5475555062294006,0.033428654074668884,0.03432891517877579,0.0,0.0,0.0,0.0,0.0,0.0,0.0,0.0,0.0,0.0,0.0,0.00124948744056686,0.00040735388602275435,0.0,0.0,20.39394359588623,,,0.39394359588621697,0.05,0.05,0.3039647577092511,0.95,0.0,,0,0.972,0.028000000000000025,0.028000000000000025,0.0,0.0,0.19642857142857142,0.2857142857142857,0.5178571428571429,0.19642857142857142,0.2857142857142857,0.5178571428571429,0.49541633465282614,0.8592038512229918,2.0713582038879395,-0.008852705107225725,0.041666666666666664,0.11708933611710866,1.027970592180888,0.6249506821235021,4.622252066930135,2.0713582038879395,-2.0713582038879395,0.028,112,4000,-0.5391711592674255,1.918190360069275,-4.191113471984863,2.1822358270486197,-3.380030949910482,0.0860737885038058,0.0,0,1.0,1.0,0.44028947368421123,8.365499999999999,52681217.87795676,1.0,0.0,0.07174451978359882,0.005179570385141989,0.0769240901687409,0.0,0.0,0.0,0.0,0.0,0.0,0.0,0.0,0.0,0.0,0.0,0.0,0.0,0.0,0.0,0.0,0.0,0.0,0.0,0.0,-0.00024289217379316533,0.0,0.4960481407134212,0.0,0.0,True,-1.0,0.39394359588621697,0.0
153,200,22.53154683113098,42,False,True,time_limit,1.0,20.000000000000014,21.138248443603516,0.0,20,True,52.10228809080864,1.4436606440439947,339423507.1852426,-0.028417882321829846,-0.16829118386766517,-0.002662660358385921,0.0,0.0012564397099243379,-0.000854750619620976,-0.19977527326753708,-0.1993735841772317,0.14075862491322896,0.001998835828210694,0.8335749778242666,0.013188611537372098,0.0,0.0062452240865661125,0.004233725810355595,2.811791262047336e-07,1.175179745183108e-12,2.369585117012447e-09,2.811791262047336e-07,2.369585117012447e-09,0.5503419637680054,0.5,0.21185804903507233,0.25,0.5,0.75,0.696969696969697,0.898989898989899,0.107582226395607,99,0.0,0.0,0.0,62,10,0.16129032258064516,10,20,20,236,-0.1994071900844574,-0.03320023976266384,-0.027203210070729254,-0.9219685792922974,-0.024454360827803612,0.1994071900844574,0.0,0.0,0.0,0.0,0.0,0.0,0.0,0.0,0.0,0.0,0.0,0.0017287789493505745,0.00029413223176682677,0.0,0.0,21.138248443603516,,,1.1382484436035014,0.0,0.0,0.3220338983050847,1.0,0.0,,0,0.96825,0.031749999999999945,0.031749999999999945,0.0,0.0,0.2204724409448819,0.2204724409448819,0.5590551181102362,0.2204724409448819,0.2204724409448819,0.5590551181102362,0.4944346771770268,0.8511225461959838,2.4032459259033203,0.08051162958145142,0.10000000149011612,-0.04999866336584091,1.03586745262146,0.4608370363712311,5.271727561950684,2.4032459259033203,-2.4032459259033203,0.03175,127,4000,-0.05826177820563316,0.3487599194049835,-3.451841115951538,0.39993247389793396,-3.458406448364258,0.07609245181083679,0.4000000059604645,0,1.0,1.0,0.5400000000000006,10.260000000000012,46544719.564110234,1.0,0.0,0.17855618198946907,0.005575482804565192,0.18413166479403426,0.0,0.0,0.0,0.0,0.0,0.0,0.0,0.0,0.0,0.0,0.0,0.0,0.0,0.0,0.0,0.0,0.0,0.0,0.0,0.0,-0.000403546719654053,0.0,0.49597162204480266,0.0,0.0,True,-1.0,1.1382484436035014,0.0
154,200,21.2975594997406,42,False,True,time_limit,1.0,20.000000000000014,20.644641876220703,0.0,20,True,50.92885945084254,1.4656478154802106,355421702.4125478,-0.027768430901728817,-0.08253156172466328,-0.003061429045543643,0.0,0.001131934253514547,-0.0005537329219254178,-0.11364253001507403,-0.11306432868348236,0.2407660254802342,0.0024373483235604915,0.7155894462832856,0.026544103489095597,0.0,0.009861938208224064,0.004801138215600053,3.238500028146518e-07,0.0,1.9583566657210775e-09,3.238500028146518e-07,1.9583566657210775e-09,0.5563417077064514,0.5,0.1996171772480011,0.25,0.5,0.7357143014669418,0.6206896551724138,0.9051724137931034,0.10556650906801224,116,0.0,0.0,0.0,79,15,0.189873417721519,15,20,20,237,-0.11311402171850204,-0.026734107173979282,-0.026581922266632318,-0.947173535823822,-0.025178030133247375,0.11311402171850204,0.0,0.0,0.0,0.0,0.0,0.0,0.0,0.0,0.0,0.0,0.0,0.0015204196203033246,0.00038684846463888555,0.0,0.0,20.644641876220703,,,0.6446418762206889,0.0,0.0,0.3628691983122363,1.0,0.0,,0,0.9635,0.03649999999999998,0.03649999999999998,0.0,0.0,0.2054794520547945,0.22602739726027396,0.5684931506849316,0.2054794520547945,0.22602739726027396,0.5684931506849316,0.4997997379634816,0.8621331453323364,2.188256859779358,0.013889417052268982,0.1979166716337204,0.1725049391388893,1.2667571902275085,0.7994270175695419,1.352618932723999,2.188256859779358,-2.188256859779358,0.0365,146,4000,-2.1157591342926025,5.505478858947754,-6.840641021728516,6.4590606689453125,-3.4276466369628906,0.09565683081746101,0.0,0,1.0,1.0,0.4736052631578944,8.9985,52296734.24725988,1.0,0.0,0.13782682025391338,0.0055598655599667195,0.14338668581388006,0.0,0.0,0.0,0.0,0.0,0.0,0.0,0.0,0.0,0.0,0.0,0.0,0.0,0.0,0.0,0.0,0.0,0.0,0.0,0.0,-0.0002811083431361889,0.0,0.499153855873039,0.0,0.0,True,-1.0,0.6446418762206889,0.0
155,200,21.75104856491089,42,False,True,time_limit,1.0,20.000000000000014,20.6263484954834,0.0,20,True,49.243131274874884,1.5620237357189855,384608192.2271191,-0.02595245636822744,-0.00028933062029404223,-0.0023068239979843284,0.0,0.001287349627466383,-0.0006442555509952229,-0.028725209110290317,-0.02808211503381944,0.8464898456320071,0.005760091315453504,0.009437080969690287,0.07524155179178262,0.0,0.04205778232758623,0.021013647963480146,3.522215852314048e-11,0.0,8.13138024795267e-12,3.522215852314048e-11,8.13138024795267e-12,0.5397956371307373,0.5,0.215711310505867,0.25,0.5,0.7714285850524897,0.7349397590361446,0.9036144578313253,0.11117222905158997,83,0.0,0.0,0.0,58,12,0.20689655172413793,12,20,20,256,-0.028113439679145813,-0.02462751790881157,-0.02452354086562991,-0.12716469168663025,-0.02370477095246315,0.028113439679145813,0.0,0.0,0.0,0.0,0.0,0.0,0.0,0.0,0.0,0.0,0.0,0.0011104198187892908,0.00037005188384734805,0.0,0.0,20.6263484954834,,,0.6263484954833842,0.0,0.0,0.26953125,1.0,0.0,,0,0.97125,0.028750000000000053,0.028750000000000053,0.0,0.0,0.2782608695652174,0.16521739130434782,0.5565217391304348,0.2782608695652174,0.16521739130434782,0.5565217391304348,0.5022335580869566,0.8768598437309265,2.181885838508606,0.08023246005177498,0.4166666716337204,-0.1589520312845707,1.1790668368339539,0.4241504371166229,16.78151226043701,2.181885838508606,-2.181885838508606,0.02875,115,4000,0.03614191338419914,0.24018420279026031,-3.424015760421753,0.1697184443473816,-3.490624785423279,0.056266579777002335,0.4833333492279053,0,1.0,1.0,0.4496315789473684,8.543000000000012,44843014.099481165,1.0,0.0,0.19136321478787363,0.005629663990161591,0.19699287877803523,0.0,0.0,0.0,0.0,0.0,0.0,0.0,0.0,0.0,0.0,0.0,0.0,0.0,0.0,0.0,0.0,0.0,0.0,0.0,0.0,-0.00017659812378458196,0.0,0.5003076277639484,0.0,0.0,True,-1.0,0.6263484954833842,0.0
156,200,22.844196796417236,42,False,True,time_limit,1.0,20.000000000000014,20.663949966430664,0.0,20,True,51.277763483508544,1.5392331128320393,366400043.14936393,-0.02656695464376542,-0.038106056686142274,-0.002671108708289388,0.0,0.001190807529083137,-0.0006725011179061408,-0.06767092753403871,-0.06715262112286263,0.3820578525799239,0.004699799873297509,0.5480010179191888,0.03841306129289709,0.0,0.01715706828899547,0.009671200045697156,7.484958359782468e-07,0.0,6.1618014163267e-11,7.484958359782468e-07,6.1618014163267e-11,0.5403450131416321,0.5,0.2145339995622635,0.25,0.5,0.6761904954910273,0.7422680412371134,0.9484536082474226,0.11014880239963531,97,0.0,0.0,0.0,68,11,0.16176470588235295,11,20,20,244,-0.06718015670776367,-0.025370252318680286,-0.02525908434763551,-0.7070472836494446,-0.02384810335934162,0.06718015670776367,0.0,0.0,0.0,0.0,0.0,0.0,0.0,0.0,0.0,0.0,0.0,0.0014939523737435487,0.00031858614794067305,0.0,0.0,20.663949966430664,,,0.6639499664306499,0.0,0.0,0.28688524590163933,1.0,0.0,,0,0.9715,0.02849999999999997,0.02849999999999997,0.0,0.0,0.14912280701754385,0.24561403508771928,0.6052631578947368,0.14912280701754385,0.24561403508771928,0.6052631578947368,0.4941415061606286,0.8619944572448729,2.3659869035085044,0.0034007905051112175,0.194083700577418,0.04174798199286064,1.2591965595881145,0.6643796861171722,4.785898447036743,2.3659869035085044,-2.3659869035085044,0.0285,114,4000,-2.908000946044922,9.984314918518066,-7.21182918548584,8.690649782617887,-3.4401445388793945,0.05818160499135653,0.19047619899113974,0,1.0,1.0,0.5790789473684201,11.002500000000007,48441774.79660526,1.0,0.0,0.11456372997865533,0.005479069798128876,0.12004279977678427,0.0,0.0,0.0,0.0,0.0,0.0,0.0,0.0,0.0,0.0,0.0,0.0,0.0,0.0,0.0,0.0,0.0,0.0,0.0,0.0,-0.00032680749584266074,0.0,0.49513090181257574,0.0,0.0,True,-1.0,0.6639499664306499,0.0
157,126,14.186700344085693,42,True,False,all_finished,0.0,12.599999999999971,13.332453727722168,0.0,20,True,50.88559370213282,1.4865657658919003,357749316.695904,-0.02751893763500181,-0.010936702992442681,-0.0033627481368265735,0.0,0.0012272585173208597,-0.001003838962952488,-0.04231144087174227,-0.04208802131737401,0.6177913653410925,0.011068862421188578,0.2455254909781597,0.07549262221903238,0.0,0.027585794766601782,0.02253586427392488,1.5846843837152846e-07,0.0,5.196647175076282e-11,1.5846843837152846e-07,5.196647175076282e-11,0.5451465249061584,0.5,0.2241504192352295,0.25,0.5,0.7142857313156128,0.6923076923076923,0.9230769230769231,0.10864261537790298,78,0.0,0.0,0.0,46,3,0.06521739130434782,3,20,20,251,-0.04211350902915001,-0.02625262551009655,-0.025664486456662416,-0.4929824769496918,-0.025004548951983452,0.04211350902915001,0.0,0.0,0.0,0.0,0.0,0.0,0.0,0.0,0.0,0.0,0.0,0.0022785867696430064,0.00038510707207090413,0.0,0.0,13.332453727722168,,,0.7324537277221967,0.0,0.0,0.2549800796812749,1.0,0.0,,0,0.957936507936508,0.042063492063492025,0.042063492063492025,0.0,0.0,0.2641509433962264,0.16037735849056603,0.5754716981132075,0.2641509433962264,0.16037735849056603,0.5754716981132075,0.49650743631626715,0.8707175105810165,2.2145674228668213,0.13439570367336273,0.3636363744735718,-0.0470874197781086,1.0974105596542358,0.4951035678386688,1.7417322397232056,2.2145674228668213,-2.2145674228668213,0.04206349206349207,106,2520,-1.1931123733520508,3.7121224403381348,-4.339820861816406,2.8907597064971924,-3.394779682159424,0.057762354612350464,0.0,0,1.0,1.0,0.5238095238095241,9.952380952380963,44951561.60493702,1.0,0.0,0.09734975519886649,0.00521757770487084,0.10256733290373732,0.0,0.0,0.0,0.0,0.0,0.0,0.0,0.0,0.0,0.0,0.0,0.0,0.0,0.0,0.0,0.0,0.0,0.0,0.0,0.0,-0.0004930521074714717,0.0,0.49644465464174686,0.0,0.0,False,0.0,0.0,0.0
158,200,23.403778553009033,42,False,True,time_limit,1.0,20.000000000000014,20.88518524169922,0.0,20,True,50.9196661972364,1.5218598677283965,363894931.2003856,-0.026835836434299234,-0.21693820144669387,-0.002540810733955327,0.0,0.0010993377794764041,-0.0006619079948791012,-0.24658875637061692,-0.24615132658601846,0.10805466211375755,0.0011028912797736072,0.8735030158004798,0.010230590204434613,0.0,0.004443663948232541,0.00266517665332177,4.4909611460752785e-06,3.5880787273637194e-12,6.2439550863047065e-09,4.4909611460752785e-06,6.2439550863047065e-09,0.5765911936759949,0.5,0.20591513812541962,0.25,0.5,0.800000011920929,0.5339805825242718,0.8349514563106796,0.09867225587368011,103,0.0,0.0,0.0,67,9,0.13432835820895522,9,20,20,255,-0.24615953862667084,-0.07480673864483833,-0.02572935614734888,-0.5382271409034729,-0.023928174749016762,0.24615953862667084,0.0,0.0,0.0,0.0,0.0,0.0,0.0,0.0,0.0,0.0,0.0,0.0013779394930964815,0.0002671704928931836,0.0,0.0,20.88518524169922,,,0.8851852416992045,0.0,0.0,0.34901960784313724,1.0,0.0,,0,0.964,0.03600000000000003,0.03600000000000003,0.0,0.0,0.2847222222222222,0.22916666666666666,0.4861111111111111,0.2847222222222222,0.22916666666666666,0.4861111111111111,0.4962450440034492,0.8527412891387939,2.2817293405532837,-0.008447688654996455,0.0625,-0.05727925896644592,1.2823965847492218,0.5772116351872683,2.827783077955246,2.2817293405532837,-2.2817293405532837,0.036,144,4000,-4.133266925811768,8.331860542297363,-6.963965535163879,6.121155858039856,-3.4185295701026917,0.06229188106954098,0.0555555559694767,0,1.0,1.0,0.5287894736842095,10.046999999999999,47007874.73890213,1.0,0.0,0.20051112072404806,0.005756119399123483,0.2062672401231715,0.0,0.0,0.0,0.0,0.0,0.0,0.0,0.0,0.0,0.0,0.0,0.0,0.0,0.0,0.0,0.0,0.0,0.0,0.0,0.0,-0.00027390775566592766,0.0,0.4964114366741851,0.0,0.0,True,-1.0,0.8851852416992045,0.0
159,200,20.92271590232849,42,False,True,time_limit,1.0,20.000000000000014,20.389741897583008,0.0,20,True,51.08162523356757,1.4904168042560184,357058109.9320815,-0.027402123372205177,-0.0226261575630064,-0.0026248955189191133,0.0,0.001199039406271491,-0.0006497647676337044,-0.0531550973321493,-0.052605822693511786,0.49815706816034,0.009124673648329787,0.4113323687446091,0.04771930401781598,0.0,0.02185418289200479,0.011812402536900276,9.32521899699168e-08,0.0,6.067966745390562e-12,9.32521899699168e-08,6.067966745390562e-12,0.5299078226089478,0.5,0.22046709060668945,0.25,0.5,0.6666666865348816,0.7934782608695652,0.9565217391304348,0.11412588506937027,92,0.0,0.0,0.0,61,8,0.13114754098360656,8,20,20,241,-0.05262104421854019,-0.0262164743617177,-0.02609111713245511,-0.9988789558410645,-0.018224846571683884,0.05262104421854019,0.0,0.0,0.0,0.0,0.0,0.0,0.0,0.0,0.0,0.0,0.0,0.0020790388683772894,0.0,0.0,0.0,20.389741897583008,,,0.3897418975829936,0.0,0.0,0.2987551867219917,1.0,0.0,,0,0.97125,0.028750000000000053,0.028750000000000053,0.0,0.0,0.2,0.20869565217391303,0.591304347826087,0.2,0.20869565217391303,0.591304347826087,0.49409091780292613,0.8530318349599838,2.0255825519561768,0.08454133570194244,0.5714285969734192,-0.22878596186637878,0.6239284873008728,0.0772300660610199,7.925467014312744,2.0255825519561768,-2.0255825519561768,0.02875,115,4000,-0.8245802521705627,3.280494451522827,-3.4750466346740723,0.23288972675800323,-3.466282844543457,0.09254525601863861,0.4285714328289032,0,1.0,1.0,0.44665789473684187,8.4865,48177968.67841942,1.0,0.0,0.07107350540184185,0.0057321616396166,0.07680566704145841,0.0,0.0,0.0,0.0,0.0,0.0,0.0,0.0,0.0,0.0,0.0,0.0,0.0,0.0,0.0,0.0,0.0,0.0,0.0,0.0,-0.0005019208780194691,0.0,0.49630052585643714,0.0,0.0,True,-1.0,0.3897418975829936,0.0
160,200,23.682820081710815,42,False,True,time_limit,1.0,20.000000000000014,21.082717895507812,0.0,20,True,49.48912970624936,1.552474884982635,384869209.3062781,-0.026175162678127126,-0.16524767206781582,-0.002342085171867869,0.0,0.001463517124410131,-0.0007393968548734493,-0.19413539895829005,-0.1934112786887593,0.13331208710004636,0.0018868778284656523,0.841618916477382,0.011928417265910067,0.0,0.007487897114082706,0.003765804214113197,4.598133784838865e-07,2.7392576054663387e-12,5.9353548520490915e-09,4.598133784838865e-07,5.9353548520490915e-09,0.5486382842063904,0.5,0.2183961719274521,0.25,0.5,0.7431818246841432,0.7126436781609196,0.8850574712643678,0.10768207162618637,87,0.0,0.0,0.0,53,4,0.07547169811320754,4,20,20,261,-0.19349664449691772,-0.030563464388251305,-0.024911724403500556,-0.9679161310195923,-0.023856500163674355,0.19349664449691772,0.0,0.0,0.0,0.0,0.0,0.0,0.0,0.0,0.0,0.0,0.0,0.001718776135329961,0.0002632003842636399,0.0,0.0,21.082717895507812,,,1.0827178955077983,0.0,0.0,0.27586206896551724,1.0,0.0,,0,0.97025,0.029750000000000054,0.029750000000000054,0.0,0.0,0.2689075630252101,0.21008403361344538,0.5210084033613446,0.2689075630252101,0.21008403361344538,0.5210084033613446,0.4952856842343969,0.8590933889150618,2.208549976348877,0.02968829870223999,0.0714285746216774,-0.2466481775045395,1.0329819917678833,0.26336368918418884,0.9325816035270691,2.208549976348877,-2.208549976348877,0.02975,119,4000,-3.845329999923706,13.313920974731445,-3.9624035358428955,2.5057082176208496,-3.4745359420776367,0.06812725961208344,0.0,0,1.0,1.0,0.5497631578947374,10.445500000000006,47601147.03276911,1.0,0.0,0.2981209625631849,0.005610015821414522,0.30373097838459917,0.0,0.0,0.0,0.0,0.0,0.0,0.0,0.0,0.0,0.0,0.0,0.0,0.0,0.0,0.0,0.0,0.0,0.0,0.0,0.0,-0.0003704790404847133,0.0,0.4919421835466055,0.0,0.0,True,-1.0,1.0827178955077983,0.0
161,200,21.56117343902588,42,False,True,time_limit,1.0,20.000000000000014,20.49884605407715,0.0,20,True,51.47649242320356,1.4311809051435442,344691841.0434815,-0.028589172234415032,-0.0749238050622701,-0.002149668633416837,0.0,0.0014064417890604533,-0.0009206444605409937,-0.10590675306134774,-0.10542095573282607,0.26413961252174173,0.0022553420760705245,0.6922321736191909,0.01986110808753479,0.0,0.013005792655669215,0.008505971039792917,3.5453939517537947e-07,0.0,3.8488409542791714e-10,3.5453939517537947e-07,3.8488409542791714e-10,0.5526846647262573,0.5,0.22201156616210938,0.25,0.5,0.75,0.654320987654321,0.8888888888888888,0.10615646839141846,81,0.0,0.0,0.0,48,7,0.14583333333333334,7,20,20,240,-0.10548251867294312,-0.03881452605128288,-0.02715585147961974,-0.5220826268196106,-0.026724835857748985,0.10548251867294312,0.0,0.0,0.0,0.0,0.0,0.0,0.0,0.0,0.0,0.0,0.0,0.0013076287663003191,0.00043903914542018735,0.0,0.0,20.49884605407715,,,0.4988460540771342,0.0,0.0,0.26666666666666666,1.0,0.0,,0,0.97225,0.027750000000000052,0.027750000000000052,0.0,0.0,0.2702702702702703,0.1981981981981982,0.5315315315315315,0.2702702702702703,0.1981981981981982,0.5315315315315315,0.4891461105707259,0.8637996315956116,2.202522039413452,0.12879665195941925,0.5555555820465088,-0.28106361627578735,0.8779098391532898,0.1514364331960678,3.8625540733337402,2.202522039413452,-2.202522039413452,0.02775,111,4000,-0.6707096099853516,2.187455177307129,-3.586270332336426,0.3387223184108734,-3.5840845108032227,0.08758951723575592,0.4444444477558136,0,1.0,1.0,0.46947368421052615,8.919999999999996,43962033.164290436,1.0,0.0,0.1424345337881576,0.005660102137730618,0.14809463592588828,0.0,0.0,0.0,0.0,0.0,0.0,0.0,0.0,0.0,0.0,0.0,0.0,0.0,0.0,0.0,0.0,0.0,0.0,0.0,0.0,-0.00024410713124293723,0.0,0.49291231379823874,0.0,0.0,True,-1.0,0.4988460540771342,0.0
162,113,11.63347840309143,42,True,False,all_finished,0.0,11.299999999999976,11.82850456237793,0.0,20,True,52.477897057062435,1.4727528449015688,354937367.9651357,-0.027981033835755165,-0.029140659773726957,-0.005157022983328227,0.0,0.0009053112517543077,-0.0017838207251240094,-0.063210414457307,-0.06408892393067656,0.42456169020134854,0.014136833629149255,0.4421569209964848,0.07824851672961577,0.0,0.013829778257293741,0.027066260186108134,2.2605213700899185e-08,0.0,4.89367246378491e-11,2.2605213700899185e-08,4.89367246378491e-11,0.5542442202568054,0.5,0.20900404453277588,0.25,0.5,0.7272727489471436,0.6,0.8909090909090909,0.1059533879160881,110,0.0,0.0,0.0,74,9,0.12162162162162163,9,20,20,236,-0.06409549713134766,-0.027002517133951187,-0.026903291791677476,-0.9583577513694763,-0.026286190375685692,0.06409549713134766,0.0,0.0,0.0,0.0,0.0,0.0,0.0,0.0,0.0,0.0,0.0,0.004222532963253649,0.0008444774191107266,0.0,0.0,11.82850456237793,,,0.5285045623779538,0.0,0.0,0.3728813559322034,1.0,0.0,,0,0.9371681415929204,0.06283185840707961,0.06283185840707961,0.0,0.0,0.22535211267605634,0.2112676056338028,0.5633802816901409,0.22535211267605634,0.2112676056338028,0.5633802816901409,0.489188566768009,0.8608892321586606,2.152608871459961,0.06492716819047928,0.11764705926179886,0.09538157284259796,1.141160011291504,0.6596595644950867,1.3293437957763672,2.152608871459961,-2.152608871459961,0.06283185840707965,142,2260,-1.8905972242355347,6.536252021789551,-5.849812030792236,5.796739101409912,-3.669480323791504,0.034512002021074295,0.0,0,1.0,1.0,0.42566371681415954,8.087610619469032,46453810.55236305,1.0,0.0,0.0931102172706369,0.005603449508489591,0.09871366677912648,0.0,0.0,0.0,0.0,0.0,0.0,0.0,0.0,0.0,0.0,0.0,0.0,0.0,0.0,0.0,0.0,0.0,0.0,0.0,0.0,-0.0009316978644966078,0.0,0.4923903287998277,0.0,0.0,False,0.0,0.0,0.0
163,200,24.59676194190979,42,False,True,time_limit,1.0,20.000000000000014,20.52503204345703,0.0,20,True,50.76186624845702,1.4545440139851646,349413660.68994033,-0.027941493821181777,-0.09007684354780988,-0.002488848545464419,0.0,0.00145478072977476,-0.0006969142862159283,-0.12085248042138065,-0.12009461397782396,0.22715505295330307,0.0028071295152450287,0.7322947834112522,0.020233511019698586,0.0,0.011843841709147379,0.0056656813913536505,1.9260373562701716e-07,1.0963937006544522e-12,1.2008344818514736e-09,1.9260373562701716e-07,1.2008344818514736e-09,0.5633670687675476,0.5,0.21465912461280823,0.25,0.5,0.75,0.5670103092783505,0.9072164948453608,0.10263292491436005,97,0.0,0.0,0.0,53,3,0.05660377358490566,3,20,20,244,-0.12013838440179825,-0.026702266186475754,-0.02575901355594397,-0.921608030796051,-0.021484004333615303,0.12013838440179825,0.0,0.0,0.0,0.0,0.0,0.0,0.0,0.0,0.0,0.0,0.0,0.0015619332201785901,0.0004362382681529553,0.0,0.0,20.52503204345703,,,0.525032043457017,0.0,0.0,0.27049180327868855,1.0,0.0,,0,0.97025,0.029750000000000054,0.029750000000000054,0.0,0.0,0.18487394957983194,0.18487394957983194,0.6302521008403361,0.18487394957983194,0.18487394957983194,0.6302521008403361,0.4996021704571233,0.8559931814670563,2.396103620529175,0.16886460781097412,0.0,-0.19506444036960602,1.2891689538955688,0.4425092935562134,6.919287204742432,2.396103620529175,-2.396103620529175,0.02975,119,4000,-0.531707227230072,2.2769570350646973,-3.718552589416504,0.1775522232055664,-3.7033419609069824,0.023468732833862305,0.0,0,1.0,1.0,0.6528947368421056,12.405000000000038,49338736.484185666,1.0,0.0,0.10933533823778133,0.0052050843532055885,0.11454042259098687,0.0,0.0,0.0,0.0,0.0,0.0,0.0,0.0,0.0,0.0,0.0,0.0,0.0,0.0,0.0,0.0,0.0,0.0,0.0,0.0,-0.00034529450692694986,0.0,0.49785061526438223,0.0,0.0,True,-1.0,0.525032043457017,0.0
164,200,23.64399814605713,42,False,True,time_limit,1.0,20.000000000000014,20.890625,0.0,20,True,50.28898632925925,1.4811003788474664,360116616.9616229,-0.027441500462347928,-0.037244727993188745,-0.002555703315837881,0.0,0.0014760529780106502,-0.0006839725278011555,-0.06748872434122853,-0.0666966438910186,0.3939941978934231,0.0035433499978953387,0.5347450570922454,0.03669377625172881,0.0,0.021203412036511125,0.009820206728196383,1.896176016202844e-08,9.270353582002677e-13,6.434205633565295e-11,1.896176016202844e-08,6.434205633565295e-11,0.502835214138031,0.5,0.22866226732730865,0.25,0.5,0.6000000238418579,0.9036144578313253,1.0,0.12316641956567764,83,0.0,0.0,0.0,44,16,0.36363636363636365,16,20,20,241,-0.06671155989170074,-0.026051864959299564,-0.02507168622687459,-0.9789613485336304,-0.02185283787548542,0.06671155989170074,0.0,0.0,0.0,0.0,0.0,0.0,0.0,0.0,0.0,0.0,0.0,0.0012369864660976017,0.0006506714431805763,0.0,0.0,20.890625,,,0.8906249999999858,0.0,0.0,0.1825726141078838,1.0,0.0,,0,0.97325,0.02675000000000005,0.02675000000000005,0.0,0.0,0.22429906542056074,0.1588785046728972,0.616822429906542,0.22429906542056074,0.1588785046728972,0.616822429906542,0.49832233085382666,0.8569462269544601,2.1994906266530356,-0.02723364345729351,0.27407407760620117,-0.15575244774421057,1.475220759709676,0.5754292706648508,29.37481435139974,2.1994906266530356,-2.1994906266530356,0.02675,107,4000,-0.5704900622367859,3.665407419204712,-3.779083728790283,0.4217824687560399,-3.8459079265594482,0.06665835777918498,0.3037037079532941,0,1.0,1.0,0.5277894736842118,10.028000000000016,50836857.00614947,1.0,0.0,0.2244133598580716,0.00561502226449784,0.2300283821225695,0.0,0.0,0.0,0.0,0.0,0.0,0.0,0.0,0.0,0.0,0.0,0.0,0.0,0.0,0.0,0.0,0.0,0.0,0.0,0.0,-0.0002467925698535486,0.0,0.49773807341977955,0.0,0.0,True,-1.0,0.8906249999999858,0.0
165,200,21.95143437385559,42,False,True,time_limit,1.0,20.000000000000014,21.823501586914062,0.0,20,True,50.98931374210309,1.4671860657087943,351852181.38703966,-0.02756172011518399,-0.009304670560396086,-0.002341339663041673,0.0,0.001210049236804983,-0.0007920671215182861,-0.03951665025682261,-0.03909866814153548,0.6637268849251577,0.0074392474106041604,0.224070195201795,0.05638291349770475,0.0,0.029306614063043784,0.019074144901694536,1.7191084111800592e-07,0.0,1.0172283744502815e-10,1.7191084111800592e-07,1.0172283744502815e-10,0.5547168254852295,0.5,0.20638979971408844,0.25,0.5,0.7680555641651151,0.5795454545454546,0.8863636363636364,0.10642452538013458,88,0.0,0.0,0.0,63,8,0.12698412698412698,8,20,20,233,-0.03919260576367378,-0.026450944133102894,-0.02579506728798151,-0.549312174320221,-0.02470351941883564,0.03919260576367378,0.0,0.0,0.0,0.0,0.0,0.0,0.0,0.0,0.0,0.0,0.0,0.0014874079610225398,0.00036213025854146726,0.0,0.0,21.823501586914062,,,1.8235015869140483,0.0,0.0,0.30472103004291845,1.0,0.0,,0,0.97275,0.027249999999999996,0.027249999999999996,0.0,0.0,0.1926605504587156,0.25688073394495414,0.5504587155963303,0.1926605504587156,0.25688073394495414,0.5504587155963303,0.4973690664331933,0.864346981048584,2.3643393516540527,0.03287218511104584,0.0,-0.07699933648109436,1.0870052576065063,0.45959964394569397,1.8190973997116089,2.3643393516540527,-2.3643393516540527,0.02725,109,4000,-0.643265426158905,2.534416913986206,-4.648736476898193,2.4591562747955322,-3.9389119148254395,0.047588590532541275,0.0,0,1.0,1.0,0.5489736842105275,10.430500000000006,38658799.04223243,1.0,0.0,0.1356257845926849,0.0058843056807225845,0.1415100902734076,0.0,0.0,0.0,0.0,0.0,0.0,0.0,0.0,0.0,0.0,0.0,0.0,0.0,0.0,0.0,0.0,0.0,0.0,0.0,0.0,-0.0003089199182006909,0.0,0.4977417438820703,0.0,0.0,True,-1.0,1.8235015869140483,0.0
166,200,22.70961594581604,42,False,True,time_limit,1.0,20.000000000000014,20.50965118408203,0.0,20,True,52.40271242767061,1.5132741615283936,354670129.005964,-0.02718356635443983,-0.019300541774335548,-0.0024954355633861535,0.0,0.0010946478849992538,-0.0008121726198193365,-0.04921440378512435,-0.04893192851994414,0.5317037912086078,0.004593804955663453,0.3775137927080059,0.048810098442160346,0.0,0.02149261841241317,0.015885894273149254,2.2783133601933514e-08,0.0,5.968213978579928e-11,2.2783133601933514e-08,5.968213978579928e-11,0.5543241500854492,0.5,0.22000104188919067,0.25,0.5,0.7777777910232544,0.6914893617021277,0.8617021276595744,0.10618874430656433,94,0.0,0.0,0.0,60,6,0.1,6,20,20,262,-0.04901760444045067,-0.02615480311214924,-0.025957694463431834,-0.5090247392654419,-0.025160562247037888,0.04901760444045067,0.0,0.0,0.0,0.0,0.0,0.0,0.0,0.0,0.0,0.0,0.0,0.0012883325332150048,0.0006547464645386173,0.0,0.0,20.50965118408203,,,0.509651184082017,0.0,0.0,0.2786259541984733,1.0,0.0,,0,0.969,0.031000000000000028,0.031000000000000028,0.0,0.0,0.24193548387096775,0.1693548387096774,0.5887096774193549,0.24193548387096775,0.1693548387096774,0.5887096774193549,0.49690341823104595,0.8613537847995758,2.198119640350342,0.0296744666993618,0.1964285746216774,0.33470427244901657,1.1195444464683533,0.8880647122859955,2.0541603565216064,2.198119640350342,-2.198119640350342,0.031,124,4000,-0.28304019570350647,1.7036703824996948,-4.991817235946655,2.8942418098449707,-4.0289881229400635,0.037420010194182396,0.0,0,1.0,1.0,0.5078421052631586,9.649,46567359.284947306,1.0,0.0,0.07488834940240406,0.005618641791851399,0.08050699119425539,0.0,0.0,0.0,0.0,0.0,0.0,0.0,0.0,0.0,0.0,0.0,0.0,0.0,0.0,0.0,0.0,0.0,0.0,0.0,0.0,-0.00023486009296224547,0.0,0.49909037847304716,0.0,0.0,True,-1.0,0.509651184082017,0.0
167,200,21.466758012771606,42,False,True,time_limit,1.0,20.000000000000014,20.989055633544922,0.0,20,True,52.319337426770666,1.4363388196075055,332329091.41754234,-0.028198142818272272,-0.07134725293665833,-0.003032472817743826,0.0,0.0011706153048376545,-0.0007786288191293342,-0.10289705470455107,-0.10250506821884432,0.2689313695272006,0.0030441424505634456,0.6804531265734879,0.02892130425700937,0.0,0.011224117262598716,0.007425939929139944,3.4764801171149884e-07,0.0,3.00115396076328e-11,3.4764801171149884e-07,3.00115396076328e-11,0.5409573912620544,0.5,0.2148238718509674,0.25,0.5,0.7142857313156128,0.7181818181818181,0.9090909090909091,0.11027172207832336,110,0.0,0.0,0.0,67,14,0.208955223880597,14,20,20,208,-0.10258273035287857,-0.027143895626068115,-0.026852650474756955,-0.5832821726799011,-0.024695593863725662,0.10258273035287857,0.0,0.0,0.0,0.0,0.0,0.0,0.0,0.0,0.0,0.0,0.0,0.0016259360508952896,0.0,0.0,0.0,20.989055633544922,,,0.9890556335449077,0.0,0.0,0.34134615384615385,1.0,0.0,,0,0.96625,0.03374999999999995,0.03374999999999995,0.0,0.0,0.18518518518518517,0.1925925925925926,0.6222222222222222,0.18518518518518517,0.1925925925925926,0.6222222222222222,0.4841644971309166,0.8528671503067017,2.3291678428649902,0.029188692569732666,0.125,-0.1984407603740692,1.1046000719070435,0.3470722436904907,1.6180797815322876,2.3291678428649902,-2.3291678428649902,0.03375,135,4000,-4.531425476074219,18.906265258789062,-4.9532365798950195,2.503713369369507,-4.1573309898376465,0.03504502773284912,0.0,0,1.0,1.0,0.4620263157894742,8.7785,44519009.57985032,1.0,0.0,0.18173766654908055,0.005610429236436312,0.18734809578551678,0.0,0.0,0.0,0.0,0.0,0.0,0.0,0.0,0.0,0.0,0.0,0.0,0.0,0.0,0.0,0.0,0.0,0.0,0.0,0.0,-0.00031918613187842084,0.0,0.4872691097557545,0.0,0.0,True,-1.0,0.9890556335449077,0.0
168,88,9.381098985671997,42,True,False,all_finished,0.0,8.799999999999985,9.227502660751341,1.0999999999999999,20,True,52.746613735996995,1.4088930338652785,329364555.88594747,-0.029090101256691654,-0.05100542716533082,-0.0055024549860324574,0.0,0.0011017257865958625,-0.0003399701397338095,-0.08614637513398428,-0.085384619487121,0.3240014698827098,0.006107910168634015,0.5680912977145863,0.06128557228819751,0.0,0.01237565046746448,0.028138099478407966,2.811254375956196e-07,0.0,8.415024510544093e-11,2.811254375956196e-07,8.415024510544093e-11,0.5791335105895996,0.5,0.20041745901107788,0.25,0.5,0.800000011920929,0.5918367346938775,0.7755102040816326,0.09881960600614548,98,0.0,0.0,0.0,72,13,0.18055555555555555,13,20,20,237,-0.08548533171415329,-0.028008734807372093,-0.02778391232714057,-0.5167179703712463,-0.025426896288990974,0.08548533171415329,0.0,0.0,0.0,0.0,0.0,0.0,0.0,0.0,0.0,0.0,0.0,0.002562708001276549,0.000425764616382972,0.0,0.0,9.227502660751341,,,0.42750266075135634,0.05,0.05,0.29535864978902954,0.95,0.0,,0,0.9340909090909091,0.06590909090909092,0.06590909090909092,0.0,0.0,0.15517241379310345,0.3017241379310345,0.5431034482758621,0.15517241379310345,0.3017241379310345,0.5431034482758621,0.4855010570198681,0.8482683420181275,2.1521902084350586,0.019534525577910244,0.20611916979153952,-0.03407238520837078,1.3411794503529866,0.6302523215611776,12.699273149172464,2.1521902084350586,-2.1521902084350586,0.0659090909090909,116,1760,-0.3709631860256195,3.7349328994750977,-4.379701852798462,1.7979283034801483,-4.2414177258809405,0.0836967130502065,0.16666666666666666,0,1.0,1.0,0.5029904306220095,9.556818181818182,41945339.030966535,1.0,0.0,0.10052037628028873,0.0055039564900637725,0.10602433277035254,0.0,0.0,0.0,0.0,0.0,0.0,0.0,0.0,0.0,0.0,0.0,0.0,0.0,0.0,0.0,0.0,0.0,0.0,0.0,0.0,-0.000548391725928469,0.0,0.4837207476730162,0.0,0.0,False,0.0,0.0,0.0
169,200,21.26527762413025,42,False,True,time_limit,1.0,20.000000000000014,20.450212478637695,0.0,20,True,52.16833755205185,1.4405192388272403,341782336.98398376,-0.028869615049406726,-0.0030382389122666884,-0.0026837519377444713,0.0,0.0010440898029922619,-0.0009116565876436469,-0.03509384036590108,-0.034961407150552064,0.7790708780662072,0.013553220094163447,0.08198943605945896,0.07242330647888003,0.0,0.02836133842439671,0.024601820876893672,3.1040181536212685e-10,7.062301589887132e-13,5.3061756204175286e-11,3.1040181536212685e-10,5.3061756204175286e-11,0.5860036015510559,0.5,0.20084547996520996,0.25,0.5,0.8571428656578064,0.5945945945945946,0.8198198198198198,0.09671176970005035,111,0.0,0.0,0.0,80,5,0.0625,5,20,20,236,-0.035054102540016174,-0.027964903973042965,-0.027576348185539248,-0.597737729549408,-0.02441679872572422,0.035054102540016174,0.0,0.0,0.0,0.0,0.0,0.0,0.0,0.0,0.0,0.0,0.0,0.0021411208816501178,0.0007130803831953969,0.0,0.0,20.450212478637695,,,0.4502124786376811,0.0,0.0,0.4152542372881356,1.0,0.0,,0,0.9655,0.034499999999999975,0.034499999999999975,0.0,0.0,0.1956521739130435,0.2826086956521739,0.5217391304347826,0.1956521739130435,0.2826086956521739,0.5217391304347826,0.49594782380850966,0.8480002403259276,2.2512632608413696,0.015219149179756641,0.13333333656191826,-0.028082016855478287,1.2018187642097473,0.566277265548706,22.039033889770508,2.2512632608413696,-2.2512632608413696,0.0345,138,4000,0.15380217134952545,0.827109694480896,-4.106806516647339,0.36746637523174286,-4.326887845993042,0.10866156592965126,0.05000000074505806,0,1.0,1.0,0.47202631578947396,8.968500000000018,50800758.527081124,1.0,0.0,0.1275333289116667,0.005524617644564267,0.1330579465562309,0.0,0.0,0.0,0.0,0.0,0.0,0.0,0.0,0.0,0.0,0.0,0.0,0.0,0.0,0.0,0.0,0.0,0.0,0.0,0.0,-0.0005022344664834605,0.0,0.4980572775742039,0.0,0.0,True,-1.0,0.4502124786376811,0.0
170,177,18.59908413887024,42,True,False,all_finished,0.0,17.69999999999998,18.16769790649414,0.0,20,True,52.69941062352166,1.436307734559584,333196506.7280645,-0.02836863834011308,-0.008042854550576886,-0.0021640093955760204,0.0,0.0012403426808547877,-0.000785102952404772,-0.03875061643614295,-0.03829537670769347,0.6956741259618857,0.004294262618418044,0.19723208927513322,0.05306724019643784,0.0,0.03047947877667384,0.01925280317145136,2.7310031569527382e-08,0.0,1.4449219945533228e-11,2.7310031569527382e-08,1.4449219945533228e-11,0.5529311299324036,0.5,0.2161022573709488,0.25,0.5,0.75,0.7361111111111112,0.8611111111111112,0.1063971221446991,72,0.0,0.0,0.0,50,7,0.14,7,20,20,218,-0.03835468739271164,-0.027166474610567093,-0.026622979342937468,-0.9866763353347778,-0.02551100216805935,0.03835468739271164,0.0,0.0,0.0,0.0,0.0,0.0,0.0,0.0,0.0,0.0,0.0,0.000910903670755783,0.0002946634708350141,0.0,0.0,18.16769790649414,,,0.4676979064941591,0.0,0.0,0.25688073394495414,1.0,0.0,,0,0.9737288135593221,0.02627118644067794,0.02627118644067794,0.0,0.0,0.22580645161290322,0.2903225806451613,0.4838709677419355,0.22580645161290322,0.2903225806451613,0.4838709677419355,0.4957459728086836,0.8580259621143342,2.0770938396453857,0.023905843496322632,0.25,-0.13812211155891418,2.0187807083129883,0.8652309775352478,13.928455352783203,2.0770938396453857,-2.0770938396453857,0.026271186440677965,93,3540,-0.08975754678249359,1.8716012239456177,-4.436366081237793,0.26664820313453674,-4.457549571990967,0.015274535864591599,0.5,0,1.0,1.0,0.48090990187332716,9.137288135593218,45794722.71805246,1.0,0.0,0.07440070693603344,0.0055714511270908195,0.07997215806312424,0.0,0.0,0.0,0.0,0.0,0.0,0.0,0.0,0.0,0.0,0.0,0.0,0.0,0.0,0.0,0.0,0.0,0.0,0.0,0.0,-0.00017511414987718383,0.0,0.49734671778245537,0.0,0.0,False,0.0,0.0,0.0
171,200,22.157217741012573,42,False,True,time_limit,1.0,20.000000000000014,20.733501434326172,0.0,20,True,52.3781908346764,1.4410555043595594,343257786.58718216,-0.028551073220195757,-0.013113683321338098,-0.0019073264106897019,0.0,0.0014323594626872878,-0.0007334792025828182,-0.04378743757266762,-0.04308855731256315,0.6212786036502254,0.004686171228907812,0.28535707921582365,0.04150390705104183,0.0,0.031213545143027363,0.01596069371097391,2.75643383673696e-08,0.0,3.160329185847284e-11,2.75643383673696e-08,3.160329185847284e-11,0.5439456105232239,0.5,0.2223356068134308,0.25,0.5,0.7125000089406964,0.6857142857142857,0.9428571428571428,0.10899007320404053,70,0.0,0.0,0.0,45,5,0.1111111111111111,5,20,20,224,-0.04316325485706329,-0.027209441177546978,-0.026431567780673505,-0.9782332181930542,-0.025585295632481575,0.04316325485706329,0.0,0.0,0.0,0.0,0.0,0.0,0.0,0.0,0.0,0.0,0.0,0.0010456583907295567,0.00027101799832980334,0.0,0.0,20.733501434326172,,,0.7335014343261577,0.0,0.0,0.20535714285714285,1.0,0.0,,0,0.97975,0.02024999999999999,0.02024999999999999,0.0,0.0,0.13580246913580246,0.19753086419753085,0.6666666666666666,0.13580246913580246,0.19753086419753085,0.6666666666666666,0.4912373344494296,0.8590533554553985,2.2939717173576355,0.007932158652693033,0.2996031790971756,0.3571200668811798,2.093273490667343,1.3970951586961746,4.405755817890167,2.2939717173576355,-2.2939717173576355,0.02025,81,4000,-1.5044959783554077,3.0666275024414062,-7.218756675720215,3.036805033683777,-4.478839874267578,0.07112756231799722,0.0,0,1.0,1.0,0.5342368421052623,10.15049999999999,45744093.02252985,1.0,0.0,0.17341715523542942,0.006070499858307567,0.17948765509373701,0.0,0.0,0.0,0.0,0.0,0.0,0.0,0.0,0.0,0.0,0.0,0.0,0.0,0.0,0.0,0.0,0.0,0.0,0.0,0.0,-0.0002153546204437571,0.0,0.491346407626057,0.0,0.0,True,-1.0,0.7335014343261577,0.0
172,200,23.853309869766235,42,False,True,time_limit,1.0,20.000000000000014,20.664020538330078,0.0,20,True,51.37121624341394,1.483727309209048,349827001.8009737,-0.027198479865433913,-0.11493908463675295,-0.0021257392421983514,0.0,0.0012885818416047687,-0.0007139756717775141,-0.144554217988225,-0.14397961181839922,0.18558181802569296,0.001984978371175453,0.7842572230004042,0.014504433893641623,0.0,0.008799917711798274,0.004871628997287442,4.500781614069638e-08,1.1007704621944503e-12,5.361134824966027e-09,4.500781614069638e-08,5.361134824966027e-09,0.5485332012176514,0.5,0.2221468985080719,0.25,0.5,0.75,0.6708860759493671,0.9113924050632911,0.10763236880302429,79,0.0,0.0,0.0,41,7,0.17073170731707318,7,20,20,228,-0.1440894901752472,-0.026490596123039722,-0.02595132393762469,-0.9599752426147461,-0.023500796407461166,0.1440894901752472,0.0,0.0,0.0,0.0,0.0,0.0,0.0,0.0,0.0,0.0,0.0,0.001293706132070674,0.0007355890331524654,0.0,0.0,20.664020538330078,,,0.6640205383300639,0.0,0.0,0.21929824561403508,1.0,0.0,,0,0.97425,0.02575000000000005,0.02575000000000005,0.0,0.0,0.23300970873786409,0.1650485436893204,0.6019417475728155,0.23300970873786409,0.1650485436893204,0.6019417475728155,0.49288654261191295,0.8576925754547119,2.5013132095336914,-0.012155450880527496,0.45000000298023224,0.05428547412157059,1.4948852062225342,0.7944718897342682,2.904184579849243,2.5013132095336914,-2.5013132095336914,0.02575,103,4000,-3.117929697036743,5.381216526031494,-7.678884983062744,4.212273359298706,-4.66441798210144,0.09238578006625175,0.0,0,1.0,1.0,0.6441052631578954,12.238000000000001,46733544.64415418,1.0,0.0,0.14004753301318776,0.005629766340612442,0.14567729935380025,0.0,0.0,0.0,0.0,0.0,0.0,0.0,0.0,0.0,0.0,0.0,0.0,0.0,0.0,0.0,0.0,0.0,0.0,0.0,0.0,-0.0002909142438418343,0.0,0.4917917022831971,0.0,0.0,True,-1.0,0.6640205383300639,0.0
173,200,22.076462507247925,42,False,True,time_limit,1.0,20.000000000000014,21.014989852905273,0.0,20,True,53.353492828642985,1.4692697790971019,335601436.56105787,-0.02784512395107079,-0.20867928114649525,-0.0022866321724897493,0.0,0.0013304408362231094,-0.0008299527861360412,-0.23901270410940761,-0.23851221605931638,0.11545639848211173,0.000836186867230707,0.8652630988946941,0.009481240440980006,0.0,0.0055217776656771795,0.0034412976493062696,1.4941606707452593e-07,5.519819627416989e-12,5.9382284200992225e-09,1.4941606707452593e-07,5.9382284200992225e-09,0.5411255359649658,0.5,0.22943724691867828,0.25,0.5,0.7142857313156128,0.7710843373493976,0.927710843373494,0.11019912362098694,83,0.0,0.0,0.0,43,2,0.046511627906976744,2,20,20,229,-0.23867332935333252,-0.028811919502913952,-0.026839587744325398,-1.9285537004470825,-0.01964876614511013,0.23867332935333252,0.0,0.0,0.0,0.0,0.0,0.0,0.0,0.0,0.0,0.0,0.0,0.0009998977691187936,0.00010394578401089929,0.0,0.0,21.014989852905273,,,1.0149898529052592,0.0,0.0,0.27074235807860264,1.0,0.0,,0,0.9735,0.026499999999999968,0.026499999999999968,0.0,0.0,0.2169811320754717,0.16037735849056603,0.6226415094339622,0.2169811320754717,0.16037735849056603,0.6226415094339622,0.4936897398293829,0.8626304864883423,2.0861449241638184,0.12693175673484802,0.4000000059604645,0.21340277791023254,1.0965443849563599,0.7556294798851013,1.9828674793243408,2.0861449241638184,-2.0861449241638184,0.0265,106,4000,-0.2325192093849182,1.9901478290557861,-5.802036285400391,2.706632137298584,-4.828944683074951,0.07483768463134766,0.0,0,1.0,1.0,0.4768947368421062,9.061000000000021,49928580.28459719,1.0,0.0,0.13338011873032543,0.0057464182501289355,0.1391265369804545,0.0,0.0,0.0,0.0,0.0,0.0,0.0,0.0,0.0,0.0,0.0,0.0,0.0,0.0,0.0,0.0,0.0,0.0,0.0,0.0,-0.0002016668393471851,0.0,0.4924842409697594,0.0,0.0,True,-1.0,1.0149898529052592,0.0
174,200,23.178497791290283,42,False,True,time_limit,1.0,20.000000000000014,20.93092155456543,0.0,20,True,52.823037943962035,1.4440017591374175,337661118.78230107,-0.028363602915569153,-0.026176808985739552,-0.002052294967282865,0.0,0.0013433704336095764,-0.0005485862684284668,-0.05677416067687861,-0.05597937651169886,0.48346750965509316,0.00309294348365442,0.4461928440024,0.03498208390039497,0.0,0.02291377457463256,0.009350844383824969,9.026399538925034e-08,0.0,5.8035897962382855e-11,9.026399538925034e-08,5.8035897962382855e-11,0.5292989015579224,0.5,0.22354499995708466,0.25,0.5,0.6666666865348816,0.7222222222222222,0.9583333333333334,0.11401637643575668,72,0.0,0.0,0.0,42,7,0.16666666666666666,7,20,20,230,-0.05615885555744171,-0.027240783907473087,-0.02665853733196855,-1.015077829360962,-0.023592589423060417,0.05615885555744171,0.0,0.0,0.0,0.0,0.0,0.0,0.0,0.0,0.0,0.0,0.0,0.000990523853364704,0.00028865525221646675,0.0,0.0,20.93092155456543,,,0.9309215545654155,0.0,0.0,0.2,1.0,0.0,,0,0.97825,0.021750000000000047,0.021750000000000047,0.0,0.0,0.1724137931034483,0.13793103448275862,0.6896551724137931,0.1724137931034483,0.13793103448275862,0.6896551724137931,0.490406780096497,0.8689701199531554,2.448543071746826,0.07752461731433868,0.20000000298023224,-0.15725934505462646,13.00635051727295,6.338832855224609,154.39703369140625,2.448543071746826,-2.448543071746826,0.02175,87,4000,-0.4459286034107208,5.527304649353027,-4.457871437072754,0.15113544464111328,-4.866786003112793,0.06038249284029007,0.20000000298023224,0,1.0,1.0,0.5984210526315785,11.370000000000012,46358415.43968729,1.0,0.0,0.08444882778679683,0.0055015058069806605,0.0899503335937775,0.0,0.0,0.0,0.0,0.0,0.0,0.0,0.0,0.0,0.0,0.0,0.0,0.0,0.0,0.0,0.0,0.0,0.0,0.0,0.0,-0.00018145380828849447,0.0,0.4888607904528035,0.0,0.0,True,-1.0,0.9309215545654155,0.0
175,200,22.958088874816895,42,False,True,time_limit,1.0,20.000000000000014,21.308612823486328,0.0,20,True,52.095897796937535,1.52326932604255,360844559.49388885,-0.026917784243508228,-0.01641879852705759,-0.0026968298465053515,0.0,0.0013103113701624482,-0.0008454743539950711,-0.04641874667440269,-0.045953909658234225,0.5541053019465526,0.007932140411552378,0.337982622682956,0.05551451422888607,0.0,0.027061245929837642,0.01740417480021556,7.467366458513425e-08,2.896336870426147e-13,1.2955640813633317e-11,7.467366458513425e-08,1.2955640813633317e-11,0.5496583580970764,0.5,0.20799383521080017,0.25,0.5,0.6666666865348816,0.594059405940594,0.9504950495049505,0.10680513828992844,101,0.0,0.0,0.0,65,7,0.1076923076923077,7,20,20,248,-0.04614153504371643,-0.025849015451967716,-0.024693849589675666,-1.1010324954986572,-0.022756807506084442,0.04614153504371643,0.0,0.0,0.0,0.0,0.0,0.0,0.0,0.0,0.0,0.0,0.0,0.0018523067107052236,0.00039431957267212306,0.0,0.0,21.308612823486328,,,1.308612823486314,0.0,0.0,0.3024193548387097,1.0,0.0,,0,0.9685,0.03149999999999997,0.03149999999999997,0.0,0.0,0.1984126984126984,0.21428571428571427,0.5873015873015873,0.1984126984126984,0.21428571428571427,0.5873015873015873,0.4900018003920391,0.8578996300697326,2.3708348274230957,0.024636682122945786,0.06666667014360428,-0.1842096447944641,0.9996630549430847,0.30876559019088745,0.8698541522026062,2.3708348274230957,-2.3708348274230957,0.0315,126,4000,-0.7925688028335571,3.7325761318206787,-5.09799337387085,2.052290439605713,-4.923652172088623,0.06536909192800522,0.06666667014360428,0,1.0,1.0,0.5284210526315791,10.040000000000003,42966228.58803914,1.0,0.0,0.2585886477442421,0.005477692412977268,0.2640663401572194,0.0,0.0,0.0,0.0,0.0,0.0,0.0,0.0,0.0,0.0,0.0,0.0,0.0,0.0,0.0,0.0,0.0,0.0,0.0,0.0,-0.00038533405733045053,0.0,0.49109280116565057,0.0,0.0,True,-1.0,1.308612823486314,0.0
176,200,22.41044020652771,42,False,True,time_limit,1.0,20.000000000000014,20.47945213317871,0.0,20,True,51.53493490811711,1.5469145228365735,367683788.6103968,-0.02673476031770534,-0.004900820690070176,-0.0023195616795117302,0.0,0.0012478663254561462,-0.0005194811464851571,-0.03419584917032066,-0.033467463991348784,0.7433804828664017,0.006693028082535143,0.1362710721073229,0.06449718871097891,0.0,0.034713657160307006,0.01444457107245439,2.152046008063735e-08,0.0,2.879796965130069e-11,2.152046008063735e-08,2.879796965130069e-11,0.5195901989936829,0.5,0.22802889347076416,0.25,0.5,0.6666666865348816,0.8607594936708861,0.9620253164556962,0.11744615435600281,79,0.0,0.0,0.0,47,7,0.14893617021276595,7,20,20,247,-0.03366375342011452,-0.025616946630179882,-0.025530070066452026,-0.5862342715263367,-0.023862797766923904,0.03366375342011452,0.0,0.0,0.0,0.0,0.0,0.0,0.0,0.0,0.0,0.0,0.0,0.001125007746951046,0.00032915608385358786,0.0,0.0,20.47945213317871,,,0.4794521331786967,0.0,0.0,0.20647773279352227,1.0,0.0,,0,0.9765,0.023499999999999965,0.023499999999999965,0.0,0.0,0.1595744680851064,0.1595744680851064,0.6808510638297872,0.1595744680851064,0.1595744680851064,0.6808510638297872,0.4876190283490966,0.8608413904905319,2.180272658665975,0.0264326033842129,0.16190476715564728,-0.09976100797454517,8.910453160603842,4.349165717760722,114.05848248799641,2.180272658665975,-2.180272658665975,0.0235,94,4000,0.42617058753967285,1.7236865758895874,-4.51143757502238,0.24888679385185242,-5.02876631418864,0.06827386717001598,0.501587321360906,0,1.0,1.0,0.5043157894736847,9.582000000000003,46021231.92756904,1.0,0.0,0.09500783324792259,0.005781321133162581,0.10078915438108513,0.0,0.0,0.0,0.0,0.0,0.0,0.0,0.0,0.0,0.0,0.0,0.0,0.0,0.0,0.0,0.0,0.0,0.0,0.0,0.0,-0.00024070648303313872,0.0,0.48817964241770095,0.0,0.0,True,-1.0,0.4794521331786967,0.0
177,200,22.90804386138916,42,False,True,time_limit,1.0,20.000000000000014,20.509142303466795,1.0,20,True,53.3386859738446,1.4639414936877493,335247618.2776619,-0.02798301489386519,-0.036991576406370116,-0.002295240117810271,0.0,0.0011371412187398417,0.001114688627869357,-0.06750729923989361,-0.06525546939328394,0.39289999316220126,0.0033342049073010857,0.5193861409232283,0.03222668572395214,0.0,0.01598330711717904,0.03616966816613827,6.307240028036176e-07,0.0,7.507880046830889e-11,6.307240028036176e-07,7.507880046830889e-11,0.5348273515701294,0.5,0.23101574182510376,0.25,0.5,0.7119047790765763,0.7560975609756098,0.9390243902439024,0.11196292191743851,82,0.0,0.0,0.0,46,5,0.10869565217391304,5,20,20,237,-0.06548262387514114,-0.02706571388989687,-0.026913227420300247,-0.9547626972198486,-0.02309410832822323,0.06548262387514114,0.0,0.0,0.0,0.0,0.0,0.0,0.0,0.0,0.0,0.0,0.0,0.0011712952649521684,0.0004845686887986885,0.0,0.0,20.509142303466795,,,0.5091423034667812,0.1,0.1,0.2320675105485232,0.9,0.0,,0,0.97475,0.025249999999999995,0.025249999999999995,0.0,0.0,0.18811881188118812,0.16831683168316833,0.6435643564356436,0.18811881188118812,0.16831683168316833,0.6435643564356436,0.489640255520591,0.85765528678894,2.366052985191345,-0.05234664399176836,0.4166666716337204,0.039805904030799866,10.695420503616333,5.380683809518814,214.0105117559433,2.366052985191345,-2.366052985191345,0.02525,101,4000,-0.3908546268939972,7.02616024017334,-5.536741018295288,2.299294039607048,-4.987217903137207,0.07004600763320923,0.25,0,1.0,1.0,0.6121052631578938,11.63,44203120.8844085,1.0,0.0,0.07653246014561178,0.0055450697480162875,0.082077529893628,0.0,0.0,0.0,0.0,0.0,0.0,0.0,0.0,0.0,0.0,0.0,0.0,0.0,0.0,0.0,0.0,0.0,0.0,0.0,0.0,-0.00023746782184770138,0.0,0.4894218630525283,0.0,0.0,True,-1.0,0.5091423034667812,0.0
178,135,15.738341808319092,42,True,False,all_finished,0.0,13.499999999999968,14.04643440246582,0.0,20,True,50.867846824309495,1.5400226457705515,371140081.71767175,-0.026586813941777383,-0.05717651965921419,-0.0029800040277732517,0.0,0.0012315592893662889,-0.0009008632999129785,-0.08694217293189221,-0.08661147694243908,0.2984604278489058,0.002232101588887541,0.6418568451929226,0.033453172654248776,0.0,0.013884467890519989,0.010112984824515234,9.784764642972732e-08,0.0,2.0692042315695213e-10,9.784764642972732e-08,2.0692042315695213e-10,0.5500317215919495,0.5,0.2218095362186432,0.25,0.5,0.7400000154972074,0.7066666666666667,0.9333333333333333,0.10728013515472412,75,0.0,0.0,0.0,38,3,0.07894736842105263,3,20,20,255,-0.08687612414360046,-0.025550225749611855,-0.02538965977728367,-0.7220009565353394,-0.02420181967318058,0.08687612414360046,0.0,0.0,0.0,0.0,0.0,0.0,0.0,0.0,0.0,0.0,0.0,0.0011677422125486608,0.0010208775205343208,0.0,0.0,14.04643440246582,,,0.5464344024658523,0.0,0.0,0.19215686274509805,1.0,0.0,,0,0.9666666666666667,0.033333333333333326,0.033333333333333326,0.0,0.0,0.16666666666666666,0.24444444444444444,0.5888888888888889,0.16666666666666666,0.24444444444444444,0.5888888888888889,0.48933116513861674,0.8495703041553497,2.1998627185821533,0.03713572025299072,0.20000000298023224,-0.2810271382331848,1.2985808849334717,0.3619212806224823,7.073834419250488,2.1998627185821533,-2.1998627185821533,0.03333333333333333,90,2700,-0.3025047183036804,2.6619837284088135,-4.677775859832764,0.659722089767456,-5.005649089813232,0.0947159081697464,0.20000000298023224,0,1.0,1.0,0.5296686159844054,10.063703703703702,48894730.43748796,1.0,0.0,0.10781434096461777,0.00544455337238541,0.11325889433700316,0.0,0.0,0.0,0.0,0.0,0.0,0.0,0.0,0.0,0.0,0.0,0.0,0.0,0.0,0.0,0.0,0.0,0.0,0.0,0.0,-0.00019883530312749393,0.0,0.4873326294079285,0.0,0.0,False,0.0,0.0,0.0
179,200,21.618881702423096,42,False,True,time_limit,1.0,20.000000000000014,20.688762664794922,0.0,20,True,50.86641394947721,1.4481570488385134,349599769.3492476,-0.028154834069270725,-0.09761938686604792,-0.0023231568272063913,0.0,0.0012310868781697738,-0.0008952536314747077,-0.12833733872835387,-0.12800150548165923,0.2158036833430895,0.0018392742133441801,0.7482417832602353,0.017806739654771142,0.0,0.009446499645111798,0.006862019883448138,2.2097773921814223e-07,2.6766993298493053e-13,5.69720703946785e-09,2.2097773921814223e-07,5.69720703946785e-09,0.5274935960769653,0.5,0.227483868598938,0.25,0.5,0.6666666865348816,0.7654320987654321,0.9753086419753086,0.11472377926111221,81,0.0,0.0,0.0,47,3,0.06382978723404255,3,20,20,228,-0.1282808482646942,-0.03872113488614559,-0.02710447143763304,-0.9231674671173096,-0.026025783270597458,0.1282808482646942,0.0,0.0,0.0,0.0,0.0,0.0,0.0,0.0,0.0,0.0,0.0,0.0012190282777016224,0.0004661035445616887,0.0,0.0,20.688762664794922,,,0.6887626647949077,0.0,0.0,0.2631578947368421,1.0,0.0,,0,0.9745,0.025499999999999967,0.025499999999999967,0.0,0.0,0.20588235294117646,0.14705882352941177,0.6470588235294118,0.20588235294117646,0.14705882352941177,0.6470588235294118,0.4875951906591071,0.8522108048200606,2.177452564239502,0.2432471513748169,0.4000000059604645,-0.3768930435180664,20.47707176208496,9.85538101196289,205.1409912109375,2.177452564239502,-2.177452564239502,0.0255,102,4000,-0.3532290756702423,2.0389018058776855,-4.454992771148682,0.14657814800739288,-4.979743957519531,0.07326649874448776,0.6000000238418579,0,1.0,1.0,0.4704473684210524,8.938500000000005,51987824.29152653,1.0,0.0,0.1706325292230824,0.005672476557764145,0.17630500578084687,0.0,0.0,0.0,0.0,0.0,0.0,0.0,0.0,0.0,0.0,0.0,0.0,0.0,0.0,0.0,0.0,0.0,0.0,0.0,0.0,-0.00023996096582960425,0.0,0.48902757962432225,0.0,0.0,True,-1.0,0.6887626647949077,0.0
180,200,23.082314491271973,42,False,True,time_limit,1.0,20.000000000000014,21.163166046142578,0.0,20,True,49.97372417244429,1.5535879239631556,380837494.88176,-0.026053634322570567,-0.009794603549304951,-0.0022359692050708873,0.0,0.0014496897742120836,-0.0005335917953932045,-0.03827812309816894,-0.03736202511934948,0.6470669685539466,0.004816090164335298,0.24325836266712325,0.0555324373326219,0.0,0.03607387784664771,0.013252263435325316,6.606109081985778e-08,0.0,2.9571546079909494e-11,6.606109081985778e-08,2.9571546079909494e-11,0.527757465839386,0.5,0.2309931069612503,0.25,0.5,0.7142857313156128,0.7692307692307693,0.9358974358974359,0.11466508358716965,78,0.0,0.0,0.0,41,7,0.17073170731707318,7,20,20,253,-0.037690941244363785,-0.02493589837104082,-0.024741826951503756,-0.589870274066925,-0.02335403487086296,0.037690941244363785,0.0,0.0,0.0,0.0,0.0,0.0,0.0,0.0,0.0,0.0,0.0,0.0009962614303215414,0.00029404741041743064,0.0,0.0,21.163166046142578,,,1.163166046142564,0.0,0.0,0.17391304347826086,1.0,0.0,,0,0.9765,0.023499999999999965,0.023499999999999965,0.0,0.0,0.1702127659574468,0.14893617021276595,0.6808510638297872,0.1702127659574468,0.14893617021276595,0.6808510638297872,0.49349239791264676,0.8598850965499878,2.3508174419403076,0.0747186541557312,0.25,-0.3668164014816284,10.978300094604492,5.115568161010742,245.84695434570312,2.3508174419403076,-2.3508174419403076,0.0235,94,4000,-0.6183139085769653,3.076395273208618,-4.384884357452393,0.1853499561548233,-4.981250762939453,0.04685940966010094,0.25,0,1.0,1.0,0.5056052631578951,9.606500000000004,48710597.60705079,1.0,0.0,0.19212849232436707,0.005881723467450107,0.19801021579181738,0.0,0.0,0.0,0.0,0.0,0.0,0.0,0.0,0.0,0.0,0.0,0.0,0.0,0.0,0.0,0.0,0.0,0.0,0.0,0.0,-0.0001939160212219356,0.0,0.49081123365822715,0.0,0.0,True,-1.0,1.163166046142564,0.0
181,200,22.737525939941406,42,False,True,time_limit,1.0,20.000000000000014,21.329612731933594,0.0,20,True,52.78093939614375,1.4163584322420346,327806833.0564695,-0.028540007069084914,-0.008956696597349248,-0.0023899528069002782,0.0,0.0012764126663972041,-0.0009304617654086909,-0.04005063162093215,-0.03970468071994309,0.6753617716370408,0.0038802564385350524,0.211948457733693,0.056555093272751704,0.0,0.030236265673454926,0.022018155244524634,2.022480849461772e-08,0.0,8.569289115106792e-12,2.022480849461772e-08,8.569289115106792e-12,0.5422374606132507,0.5,0.2184208631515503,0.25,0.5,0.7142857313156128,0.7586206896551724,0.8850574712643678,0.10988286882638931,87,0.0,0.0,0.0,53,10,0.18867924528301888,10,20,20,252,-0.04009445011615753,-0.027619286440312862,-0.02741171391680837,-0.9639097452163696,-0.025925500318408012,0.04009445011615753,0.0,0.0,0.0,0.0,0.0,0.0,0.0,0.0,0.0,0.0,0.0,0.0008994760178396224,0.0004974639235918232,0.0,0.0,21.329612731933594,,,1.3296127319335795,0.0,0.0,0.20238095238095238,1.0,0.0,,0,0.974,0.026000000000000023,0.026000000000000023,0.0,0.0,0.16346153846153846,0.2403846153846154,0.5961538461538461,0.16346153846153846,0.2403846153846154,0.5961538461538461,0.49206045115678715,0.8624702632427215,2.363334536552429,0.006401818245649338,0.16233766824007034,0.20653067529201508,1.2225991487503052,0.8110359907150269,9.785802841186523,2.363334536552429,-2.363334536552429,0.026,104,4000,-0.460237056016922,3.2192718982696533,-6.140617847442627,2.963192507624626,-4.8559088706970215,0.09713112935423851,0.1428571492433548,0,1.0,1.0,0.5039210526315797,9.574500000000011,43878426.60705559,1.0,0.0,0.12515477051891924,0.005375565730214348,0.13053033624913363,0.0,0.0,0.0,0.0,0.0,0.0,0.0,0.0,0.0,0.0,0.0,0.0,0.0,0.0,0.0,0.0,0.0,0.0,0.0,0.0,-0.00016397514759714432,0.0,0.4931783419456333,0.0,0.0,True,-1.0,1.3296127319335795,0.0
182,200,22.492032289505005,42,False,True,time_limit,1.0,20.000000000000014,20.519017124176024,0.8999999999999999,20,True,51.791309380439046,1.4503986439150676,346223098.02456474,-0.02819712861937786,-0.011378571116140929,-0.002106761524388391,0.0,0.0013930041143015417,-0.0006071941136406433,-0.04200734456465314,-0.04122153456399288,0.6356644882820233,0.007324035807010004,0.2565138345665326,0.04749396665206082,0.0,0.0314412792338039,0.02156239545856956,1.7649585970502812e-07,0.0,2.3894793782508467e-11,1.7649585970502812e-07,2.3894793782508467e-11,0.542754054069519,0.5,0.22494331002235413,0.25,0.5,0.7028571367263794,0.7142857142857143,0.922077922077922,0.10944216698408127,77,0.0,0.0,0.0,45,3,0.06666666666666667,3,20,20,231,-0.04165206104516983,-0.027297344990074635,-0.026410744991153482,-0.5284314751625061,-0.005246124230325222,0.04165206104516983,0.0,0.0,0.0,0.0,0.0,0.0,0.0,0.0,0.0,0.0,0.0,0.0014546783830415991,0.00016772767943547726,0.0,0.0,20.519017124176024,,,0.5190171241760098,0.05,0.05,0.23809523809523808,0.95,0.0,,0,0.977,0.02300000000000002,0.02300000000000002,0.0,0.0,0.16304347826086957,0.1956521739130435,0.6413043478260869,0.16304347826086957,0.1956521739130435,0.6413043478260869,0.49344511308047645,0.8688085854053492,2.227588415145874,0.05396242067217827,0.0,-0.25886914134025574,2.693631649017334,1.0815495252609253,37.60352325439453,2.227588415145874,-2.227588415145874,0.023,92,4000,0.057758066803216934,2.239377498626709,-4.150609016418457,0.48226940631866455,-4.808278560638428,0.057457730174064636,0.4000000059604645,0,1.0,1.0,0.5798947368421048,11.018000000000002,45494843.21933521,1.0,0.0,0.09441250775199768,0.005842729868092503,0.10025523762009009,0.0,0.0,0.0,0.0,0.0,0.0,0.0,0.0,0.0,0.0,0.0,0.0,0.0,0.0,0.0,0.0,0.0,0.0,0.0,0.0,-0.00032488330474671,0.0,0.49246669525210746,0.0,0.0,True,-1.0,0.5190171241760098,0.0
183,200,22.66545009613037,42,False,True,time_limit,1.0,20.000000000000014,20.869651794433594,0.0,20,True,51.48432546564489,1.5197831486216482,359267485.3219547,-0.026949997702813568,-0.13979729790764264,-0.002471537915394677,0.0,0.0013261760699393348,-0.0005577429352807443,-0.16949295286113372,-0.16872451972647146,0.15725448591115423,0.0015994990286478062,0.8157237138443143,0.014421538308878585,0.0,0.00774630702447279,0.003254455882532227,7.208013386161838e-08,0.0,2.1766869695571906e-10,7.208013386161838e-08,2.1766869695571906e-10,0.5418317317962646,0.5,0.2216101586818695,0.25,0.5,0.7214285910129546,0.7222222222222222,0.9111111111111111,0.10984611511230469,90,0.0,0.0,0.0,52,6,0.11538461538461539,6,20,20,246,-0.16918368637561798,-0.02616285439580679,-0.025888433493673802,-1.0200791358947754,-0.023044079542160034,0.16918368637561798,0.0,0.0,0.0,0.0,0.0,0.0,0.0,0.0,0.0,0.0,0.0,0.0013204691867060735,0.00046168064807898074,0.0,0.0,20.869651794433594,,,0.8696517944335795,0.0,0.0,0.24796747967479674,1.0,0.0,,0,0.9725,0.02749999999999997,0.02749999999999997,0.0,0.0,0.18181818181818182,0.18181818181818182,0.6363636363636364,0.18181818181818182,0.18181818181818182,0.6363636363636364,0.49084421285962415,0.8606762647628784,2.2685189247131348,0.04337809607386589,0.1428571492433548,0.296887069940567,1.0962090492248535,0.8384833335876465,2.3873441219329834,2.2685189247131348,-2.2685189247131348,0.0275,110,4000,-1.2466310262680054,5.855156898498535,-7.298164367675781,7.789916515350342,-4.689556121826172,0.1104644313454628,0.0,0,1.0,0.9997499999999999,0.5234473684210523,9.945499999999997,45700943.38908801,1.0,0.0,0.0853445210995463,0.0054413949423279115,0.09078591604187426,0.0,0.0,0.0,0.0,0.0,0.0,0.0,0.0,0.0,0.0,0.0,0.0,0.0,0.0,0.0,0.0,0.0,0.0,0.0,0.0,-0.00027411933527966414,0.0,0.4914782442364376,0.0,0.0,True,-1.0,0.8696517944335795,0.0
184,200,23.099018335342407,42,False,True,time_limit,1.0,20.000000000000014,21.246118545532227,0.0,20,True,52.384249228378565,1.4370035068676419,335379674.9156643,-0.02833125964176916,-0.20887001450195608,-0.002154155278689726,0.0,0.0013494191667908946,-0.0006138384097710288,-0.2395783543701143,-0.23884277361309178,0.11729202158329662,0.0009229140570275275,0.8647263326388783,0.00891824898139509,0.0,0.005599178578631072,0.0025413041607713,5.708805019821739e-07,0.0,3.82097136153447e-09,5.708805019821739e-07,3.82097136153447e-09,0.5217985510826111,0.5,0.2348133772611618,0.25,0.5,0.6087500154972075,0.8378378378378378,0.972972972972973,0.11644081026315689,74,0.0,0.0,0.0,39,7,0.1794871794871795,7,20,20,241,-0.2393667995929718,-0.05902022123336792,-0.02756604691967368,-1.587764859199524,-0.023817449808120728,0.2393667995929718,0.0,0.0,0.0,0.0,0.0,0.0,0.0,0.0,0.0,0.0,0.0,0.0011386872388818117,0.001145754444976769,0.0,0.0,21.246118545532227,,,1.2461185455322124,0.0,0.0,0.1950207468879668,1.0,0.0,,0,0.977,0.02300000000000002,0.02300000000000002,0.0,0.0,0.1956521739130435,0.17391304347826086,0.6304347826086957,0.1956521739130435,0.17391304347826086,0.6304347826086957,0.49432033252516944,0.865623664855957,2.0289769172668457,0.04308760166168213,0.4000000059604645,-0.30580422282218933,1.201620101928711,0.28919097781181335,0.7754952907562256,2.0289769172668457,-2.0289769172668457,0.023,92,4000,-15.68675422668457,36.822383880615234,-10.097540855407715,11.889631271362305,-4.623008728027344,0.12540553510189056,0.0,0,1.0,1.0,0.5336315789473681,10.138999999999996,44905727.694028005,1.0,0.0,0.13241417385686696,0.005390190185691776,0.13780436404255875,0.0,0.0,0.0,0.0,0.0,0.0,0.0,0.0,0.0,0.0,0.0,0.0,0.0,0.0,0.0,0.0,0.0,0.0,0.0,0.0,-0.00022292494769660473,0.0,0.49294321303558536,0.0,0.0,True,-1.0,1.2461185455322124,0.0
185,200,24.17145013809204,42,False,True,time_limit,1.0,20.000000000000014,20.88918685913086,0.0,20,True,50.98552007342947,1.4226951142598634,341752528.000085,-0.028495647763052436,-0.005790953320067131,-0.0025850386552499862,0.0,0.0014049439210266851,-0.000689303229652794,-0.03722212066503423,-0.03650647997366034,0.7247470015610606,0.008913992860130322,0.14728480958908177,0.06574684772532349,0.0,0.03577588335399866,0.01753146491040511,5.501599176227501e-10,5.234249015120818e-12,2.6983279388659214e-09,5.501599176227501e-10,2.6983279388659214e-09,0.5338897705078125,0.5,0.2222653478384018,0.25,0.5,0.7142857313156128,0.782608695652174,0.9347826086956522,0.11239297688007355,92,0.0,0.0,0.0,54,10,0.18518518518518517,10,20,20,245,-0.037096310406923294,-0.03103677835315466,-0.027707045339047907,-0.16942079365253448,-0.02622758038341999,0.037096310406923294,0.0,0.0,0.0,0.0,0.0,0.0,0.0,0.0,0.0,0.0,0.0,0.0014506236331542459,0.0005589568367341098,0.0,0.0,20.88918685913086,,,0.8891868591308452,0.0,0.0,0.20408163265306123,1.0,0.0,,0,0.97425,0.02575000000000005,0.02575000000000005,0.0,0.0,0.10679611650485436,0.18446601941747573,0.7087378640776699,0.10679611650485436,0.18446601941747573,0.7087378640776699,0.4962414508154477,0.859821292757988,2.160264253616333,0.05723585560917854,0.0,-0.20532871782779694,1.2992640733718872,0.43811848759651184,14.319914817810059,2.160264253616333,-2.160264253616333,0.02575,103,4000,0.16796164214611053,0.6539660692214966,-4.3430399894714355,0.4344502389431,-4.607439994812012,0.12513989210128784,0.3333333432674408,0,1.0,1.0,0.5708947368421066,10.846999999999989,45285509.58910111,1.0,0.0,0.2752593612911118,0.005694387061699995,0.2809537483528119,0.0,0.0,0.0,0.0,0.0,0.0,0.0,0.0,0.0,0.0,0.0,0.0,0.0,0.0,0.0,0.0,0.0,0.0,0.0,0.0,-0.0003504809266647755,0.0,0.49540996506623924,0.0,0.0,True,-1.0,0.8891868591308452,0.0
186,145,16.046263456344604,42,True,False,all_finished,0.0,14.499999999999964,15.319147109985352,0.0,20,True,52.11591281175767,1.396068106324471,328300985.52250123,-0.02904954858135442,-0.10290175538163622,-0.003308233087314574,0.0,0.0013737272665539707,-0.0011571506360467494,-0.13570865599129267,-0.13549207936078494,0.21013854037084045,0.003248835294207848,0.7443704199718109,0.023931086923017205,0.0,0.009940524521370932,0.008370592918752896,1.846936754645867e-07,0.0,9.722973572101555e-11,1.846936754645867e-07,9.722973572101555e-11,0.5081073045730591,0.5,0.23432792723178864,0.25,0.5,0.6000000238418579,0.8860759493670886,0.9620253164556962,0.12144147604703903,79,0.0,0.0,0.0,38,7,0.18421052631578946,7,20,20,235,-0.13616913557052612,-0.028371090069413185,-0.027711613476276403,-1.4297847747802734,-0.024647284299135208,0.13616913557052612,0.0,0.0,0.0,0.0,0.0,0.0,0.0,0.0,0.0,0.0,0.0,0.0018848871381805545,0.00028794975495386734,0.0,0.0,15.319147109985352,,,0.8191471099853871,0.0,0.0,0.19574468085106383,1.0,0.0,,0,0.966551724137931,0.033448275862069,0.033448275862069,0.0,0.0,0.18556701030927836,0.10309278350515463,0.711340206185567,0.18556701030927836,0.10309278350515463,0.711340206185567,0.48496355415488546,0.857877731323242,2.381769895553589,0.05728369951248169,0.0,-0.24283389747142792,1.1072478294372559,0.30397850275039673,7.407538414001465,2.381769895553589,-2.381769895553589,0.033448275862068964,97,2900,-2.2010226249694824,8.946471214294434,-4.476260185241699,0.38107046484947205,-4.55409574508667,0.04215500131249428,0.0,0,1.0,1.0,0.4804355716878396,9.12827586206895,44642024.13814583,1.0,0.0,0.0939496483884956,0.005803592400322344,0.09975324078881788,0.0,0.0,0.0,0.0,0.0,0.0,0.0,0.0,0.0,0.0,0.0,0.0,0.0,0.0,0.0,0.0,0.0,0.0,0.0,0.0,-0.0004491189409870188,0.0,0.48656333493968024,0.0,0.0,False,0.0,0.0,0.0
187,200,23.77303147315979,42,False,True,time_limit,1.0,20.000000000000014,20.681133270263672,0.0,20,True,51.361563737603376,1.5290362947051885,371287194.95356476,-0.027037007337276098,-0.08040211631613288,-0.002725740399093841,0.0,0.0011502213508867499,-0.0007481255985421068,-0.11042862570582943,-0.11002652995348523,0.24069207197093576,0.0023480904544626157,0.715765311063006,0.024265411335235392,0.0,0.010269062228882653,0.0066600529474774885,1.5288600252461038e-06,2.6288104722563266e-12,1.9561351011221324e-10,1.5288600252461038e-06,1.9561351011221324e-10,0.5620619654655457,0.5,0.21548369526863098,0.25,0.5,0.7142857313156128,0.6037735849056604,0.8773584905660378,0.10285811871290207,106,0.0,0.0,0.0,64,8,0.125,8,20,20,256,-0.11068588495254517,-0.02666162420064211,-0.02593520395457745,-0.8524065613746643,-0.023238761350512505,0.11068588495254517,0.0,0.0,0.0,0.0,0.0,0.0,0.0,0.0,0.0,0.0,0.0,0.0013480139713792766,0.0005515684589025997,0.0,0.0,20.681133270263672,,,0.6811332702636577,0.0,0.0,0.29296875,1.0,0.0,,0,0.96675,0.03325,0.03325,0.0,0.0,0.20300751879699247,0.18796992481203006,0.6090225563909775,0.20300751879699247,0.18796992481203006,0.6090225563909775,0.4897369353040302,0.8538637161254883,2.4417707920074463,0.16955579817295074,0.30000001192092896,-0.03761368989944458,1.1143786907196045,0.5125977993011475,3.0534496307373047,2.4417707920074463,-2.4417707920074463,0.03325,133,4000,-0.6395862698554993,2.54935884475708,-4.971015930175781,1.405768632888794,-4.529749870300293,0.08582048118114471,0.0,0,1.0,1.0,0.546184210526316,10.377499999999998,51137613.70343299,1.0,0.0,0.23217174094634938,0.005514875899861649,0.23768661684621104,0.0,0.0,0.0,0.0,0.0,0.0,0.0,0.0,0.0,0.0,0.0,0.0,0.0,0.0,0.0,0.0,0.0,0.0,0.0,0.0,-0.0002637616533275751,0.0,0.4899563569731545,0.0,0.0,True,-1.0,0.6811332702636577,0.0
188,200,22.339099407196045,42,False,True,time_limit,1.0,20.000000000000014,21.655597686767578,0.0,20,True,54.174130707447475,1.4804977565868573,338890759.82453954,-0.027751827157617745,-0.009281786665549246,-0.00257066004578244,0.0,0.0013023227450843656,-0.000776925697088513,-0.04005471796944285,-0.03952932092144833,0.6586398824367832,0.010690483466515263,0.22028657224908416,0.06101000920490107,0.0,0.030934113581652344,0.01843893906106398,1.3230907480732412e-09,0.0,2.0110558530961233e-11,1.3230907480732412e-09,2.0110558530961233e-11,0.5494047403335571,0.5,0.22095735371112823,0.25,0.5,0.7142857313156128,0.6354166666666666,0.9166666666666666,0.10711082816123962,96,0.0,0.0,0.0,50,7,0.14,7,20,20,251,-0.04021794721484184,-0.0271429643034935,-0.026463534124195574,-0.5640220046043396,-0.024361588060855865,0.04021794721484184,0.0,0.0,0.0,0.0,0.0,0.0,0.0,0.0,0.0,0.0,0.0,0.0020142117877485874,0.0,0.0,0.0,21.655597686767578,,,1.655597686767564,0.0,0.0,0.27091633466135456,1.0,0.0,,0,0.9685,0.03149999999999997,0.03149999999999997,0.0,0.0,0.23809523809523808,0.14285714285714285,0.6190476190476191,0.23809523809523808,0.14285714285714285,0.6190476190476191,0.4925673822100676,0.8597809225320816,2.236445426940918,0.10220992565155029,0.2222222238779068,-0.23320616781711578,4.247400760650635,1.8841099739074707,84.75102233886719,2.236445426940918,-2.236445426940918,0.0315,126,4000,-0.6299560070037842,4.326511859893799,-3.9566972255706787,0.24352943897247314,-4.421341896057129,0.10672692954540253,0.2222222238779068,0,1.0,1.0,0.4598684210526325,8.737499999999997,44312070.800530106,1.0,0.0,0.13901368853091575,0.005428374955573053,0.14444206348648883,0.0,0.0,0.0,0.0,0.0,0.0,0.0,0.0,0.0,0.0,0.0,0.0,0.0,0.0,0.0,0.0,0.0,0.0,0.0,0.0,-0.0004504441004945937,0.0,0.4948400821173273,0.0,0.0,True,-1.0,1.655597686767564,0.0
189,200,22.426392793655396,42,False,True,time_limit,1.0,20.000000000000014,20.871822357177734,0.0,20,True,51.87222461265701,1.4697723093621524,351057999.63027096,-0.028068764519640053,-0.040189975145340305,-0.0024267303114859735,0.0,0.001340367551541408,-0.00048796305905211764,-0.07097948588868007,-0.07012708139618826,0.3855102667254542,0.004038159665301268,0.5519889565188529,0.03332991193812969,0.0,0.018430779639447656,0.006701925512814226,1.9112036397928023e-08,6.94160251198464e-13,1.9587677521637016e-10,1.9112036397928023e-08,1.9587677521637016e-10,0.5321428179740906,0.5,0.22656427323818207,0.25,0.5,0.6666666865348816,0.7209302325581395,0.9767441860465116,0.11287117004394531,86,0.0,0.0,0.0,47,6,0.1276595744680851,6,20,20,247,-0.07084744423627853,-0.028114824555814266,-0.0272523014806211,-1.076913595199585,-0.022816989570856094,0.07084744423627853,0.0,0.0,0.0,0.0,0.0,0.0,0.0,0.0,0.0,0.0,0.0,0.0013512588099774436,0.00028140273617974405,0.0,0.0,20.871822357177734,,,0.8718223571777202,0.0,0.0,0.22672064777327935,1.0,0.0,,0,0.9725,0.02749999999999997,0.02749999999999997,0.0,0.0,0.21818181818181817,0.12727272727272726,0.6545454545454545,0.21818181818181817,0.12727272727272726,0.6545454545454545,0.48324630078709874,0.8565053820610046,2.2765085697174072,-0.008838580921292305,0.2539682611823082,-0.12694799527525902,1.1457969546318054,0.4394584819674492,14.823075264692307,2.2765085697174072,-2.2765085697174072,0.0275,110,4000,-1.5993921756744385,5.838318824768066,-5.688164949417114,4.29999803006649,-4.333057403564453,0.12558258324861526,0.1666666716337204,0,1.0,1.0,0.4590263157894748,8.721500000000013,43887722.872848555,1.0,0.0,0.17268541502965837,0.005523635948222439,0.1782090509778808,0.0,0.0,0.0,0.0,0.0,0.0,0.0,0.0,0.0,0.0,0.0,0.0,0.0,0.0,0.0,0.0,0.0,0.0,0.0,0.0,-0.00029401591221115417,0.0,0.48382743694400415,0.0,0.0,True,-1.0,0.8718223571777202,0.0
190,130,14.725160360336304,42,True,False,all_finished,0.0,12.99999999999997,13.793745040893555,0.0,20,True,53.035297001434245,1.5107847813871824,351957323.76793206,-0.027375370259359842,-0.01805162131122615,-0.0028589693706084847,0.0,0.0014305984554015905,-0.0012141224431210364,-0.04846834153731668,-0.0482518655250367,0.5355496768907028,0.0035679469683581153,0.3531473681995254,0.05593057219550441,0.0,0.02805232295405012,0.023752112791859157,4.443360168693289e-08,0.0,1.5511160897374566e-10,4.443360168693289e-08,1.5511160897374566e-10,0.5270512700080872,0.5,0.2339743673801422,0.25,0.5,0.6000000238418579,0.7384615384615385,1.0,0.11435876041650772,65,0.0,0.0,0.0,33,4,0.12121212121212122,4,20,20,239,-0.04906034097075462,-0.02675129473209381,-0.026109299436211587,-0.9488672614097595,-0.02500600926578045,0.04906034097075462,0.0,0.0,0.0,0.0,0.0,0.0,0.0,0.0,0.0,0.0,0.0,0.001105636460905017,0.0007450474992386861,0.0,0.0,13.793745040893555,,,0.7937450408935849,0.0,0.0,0.14225941422594143,1.0,0.0,,0,0.9723076923076923,0.027692307692307683,0.027692307692307683,0.0,0.0,0.09722222222222222,0.1388888888888889,0.7638888888888888,0.09722222222222222,0.1388888888888889,0.7638888888888888,0.47595033462361985,0.851880097389221,2.2406797409057617,0.1565535068511963,0.4000000059604645,-0.2640860080718994,16.83405113220215,8.146559715270996,116.14422607421875,2.2406797409057617,-2.2406797409057617,0.027692307692307693,72,2600,-0.04502591863274574,2.170414447784424,-3.6896469593048096,0.1763114482164383,-4.2723069190979,0.15005260705947876,0.4000000059604645,0,1.0,1.0,0.5319028340080972,10.106153846153848,41209142.26480124,1.0,0.0,0.2164954154616765,0.0059507265026029115,0.22244614196427942,0.0,0.0,0.0,0.0,0.0,0.0,0.0,0.0,0.0,0.0,0.0,0.0,0.0,0.0,0.0,0.0,0.0,0.0,0.0,0.0,-0.0001823805961225471,0.0,0.4746496668277093,0.0,0.0,False,0.0,0.0,0.0
191,200,21.739868879318237,42,False,True,time_limit,1.0,20.000000000000014,20.579179763793945,0.0,20,True,53.08800446143626,1.4551205699685132,335528428.988445,-0.02804161080981039,-0.0022627399208549268,-0.002430955888382095,0.0,0.0011414679675863433,-0.0007319211108908251,-0.03293782175595344,-0.032528274899257865,0.805514050905,0.005817382938708986,0.06499871965823904,0.06983083598524792,0.0,0.032814086410715794,0.021024924102088085,1.1475104200187047e-10,0.0,3.0197590782099245e-11,1.1475104200187047e-10,3.0197590782099245e-11,0.5536317825317383,0.5,0.22258023917675018,0.25,0.5,0.7303571522235871,0.6413043478260869,0.9239130434782609,0.10569373518228531,92,0.0,0.0,0.0,55,4,0.07272727272727272,4,20,20,225,-0.03328070417046547,-0.027762739919126034,-0.027383515890687705,-0.4031507670879364,-0.024812286719679832,0.03328070417046547,0.0,0.0,0.0,0.0,0.0,0.0,0.0,0.0,0.0,0.0,0.0,0.0010241244433584447,3.511292357811941e-05,0.0,0.0,20.579179763793945,,,0.5791797637939311,0.0,0.0,0.27555555555555555,1.0,0.0,,0,0.97175,0.028249999999999997,0.028249999999999997,0.0,0.0,0.18584070796460178,0.20353982300884957,0.6106194690265486,0.18584070796460178,0.20353982300884957,0.6106194690265486,0.4889780635635058,0.8568264365196228,2.4131662845611572,0.15034665167331696,0.6666666865348816,-0.053297605365514755,1.0588585138320923,0.4692617952823639,6.872156620025635,2.4131662845611572,-2.4131662845611572,0.02825,113,4000,0.1824493557214737,0.8967849016189575,-4.0321173667907715,0.4449671804904938,-4.215597152709961,0.1540895253419876,0.1666666716337204,0,1.0,1.0,0.4952368421052635,9.409500000000003,48610245.01661927,1.0,0.0,0.0987582879210168,0.005628809202247725,0.10438709712326451,0.0,0.0,0.0,0.0,0.0,0.0,0.0,0.0,0.0,0.0,0.0,0.0,0.0,0.0,0.0,0.0,0.0,0.0,0.0,0.0,-0.00020251513690621811,0.0,0.4886395229228074,0.0,0.0,True,-1.0,0.5791797637939311,0.0
192,109,12.5465829372406,42,True,False,all_finished,0.0,10.899999999999977,11.674749374389648,0.0,20,True,52.84365345824572,1.4185129641176206,328793671.866027,-0.028519140044793858,-0.017467591212671933,-0.0036942663639890666,0.0,0.0013421564781268185,-0.0014661860817457178,-0.04990797806830971,-0.05003200767192861,0.5409643565260257,0.004305471033975767,0.3313334211894549,0.07007456828264022,0.0,0.025510881189055448,0.02781130177884788,6.017445985939673e-10,0.0,5.2581073176072295e-11,6.017445985939673e-10,5.2581073176072295e-11,0.5212560296058655,0.5,0.22826088964939117,0.25,0.5,0.6400000214576718,0.7391304347826086,1.0,0.1167173907160759,69,0.0,0.0,0.0,36,7,0.19444444444444445,7,20,20,235,-0.05091192200779915,-0.02797701582312584,-0.027572601288557052,-0.7504029273986816,-0.025792449712753296,0.05091192200779915,0.0,0.0,0.0,0.0,0.0,0.0,0.0,0.0,0.0,0.0,0.0,0.0014210308827473808,0.0005862568177757173,0.0,0.0,11.674749374389648,,,0.7747493743896712,0.0,0.0,0.17872340425531916,1.0,0.0,,0,0.9605504587155963,0.0394495412844037,0.0394495412844037,0.0,0.0,0.19767441860465115,0.12790697674418605,0.6744186046511628,0.19767441860465115,0.12790697674418605,0.6744186046511628,0.4916684525214909,0.8679529279470443,2.3200833797454834,0.0538591705262661,0.1423611119389534,-0.14110377058386803,2.710577428340912,1.2075870335102081,2.601951390504837,2.3200833797454834,-2.3200833797454834,0.03944954128440367,86,2180,-0.081082284450531,2.3565824031829834,-3.9507309198379517,0.4258970096707344,-4.116304159164429,0.11663094535470009,0.59375,0,1.0,1.0,0.5264606470304201,10.002752293577988,42739280.27304609,1.0,0.0,0.18144189179066778,0.005606044879110175,0.18704793666977793,0.0,0.0,0.0,0.0,0.0,0.0,0.0,0.0,0.0,0.0,0.0,0.0,0.0,0.0,0.0,0.0,0.0,0.0,0.0,0.0,-0.00022698044685472908,0.0,0.49330944230079377,0.0,0.0,False,0.0,0.0,0.0
193,200,22.672610998153687,42,False,True,time_limit,1.0,20.000000000000014,21.241422653198242,0.0,20,True,53.01981637681653,1.477806018371766,340511446.2568041,-0.027289926719976456,-0.022595145897640268,-0.0019177276949539207,0.0,0.0013798195223642304,-0.0005703983689427675,-0.05199980313275405,-0.05119038197933075,0.5058256736881891,0.0036514969519397464,0.41880672722329215,0.03554556643570943,0.0,0.025598058090296964,0.010572477610572657,3.826707484222425e-08,0.0,4.206307663290291e-11,3.826707484222425e-08,4.206307663290291e-11,0.5268656611442566,0.5,0.23407961428165436,0.25,0.5,0.6666666865348816,0.7910447761194029,1.0,0.11449119448661804,67,0.0,0.0,0.0,33,1,0.030303030303030304,1,20,20,235,-0.0520823709666729,-0.02678482048213482,-0.026466113980859518,-0.9648956060409546,-0.024569986388087273,0.0520823709666729,0.0,0.0,0.0,0.0,0.0,0.0,0.0,0.0,0.0,0.0,0.0,0.000926443997880013,0.0003327298123330329,0.0,0.0,21.241422653198242,,,1.241422653198228,0.0,0.0,0.17872340425531916,1.0,0.0,,0,0.979,0.02100000000000002,0.02100000000000002,0.0,0.0,0.20238095238095238,0.10714285714285714,0.6904761904761905,0.20238095238095238,0.10714285714285714,0.6904761904761905,0.4852675789644359,0.8608931481838223,2.232191324234009,0.06341052427887917,0.34285715222358704,-0.1645316258072853,3.7259584069252014,1.6921037137508392,6.270264893770218,2.232191324234009,-2.232191324234009,0.021,84,4000,-0.1645757108926773,3.358704090118408,-3.7068763971328735,0.2469918429851532,-4.001094341278076,0.15678000450134277,0.6857143044471741,0,1.0,1.0,0.49842105263158,9.470000000000022,41609558.39871157,1.0,0.0,0.2698325323061481,0.00548706089756956,0.27531959320371746,0.0,0.0,0.0,0.0,0.0,0.0,0.0,0.0,0.0,0.0,0.0,0.0,0.0,0.0,0.0,0.0,0.0,0.0,0.0,0.0,-0.00019700282018124824,0.0,0.48423055312002544,0.0,0.0,True,-1.0,1.241422653198228,0.0
194,200,22.896430492401123,42,False,True,time_limit,1.0,20.000000000000014,20.65927505493164,0.0,20,True,54.08102620607561,1.419135351325497,319677151.72498435,-0.02863388133069963,-0.3491419088292771,-0.0018969101602679813,0.0,0.001325497779809845,-0.0009184312679816047,-0.379885713785858,-0.37947864727403874,0.07493233900393433,0.0005574374299439659,0.9136735453613368,0.004964046387829839,0.0,0.0034691782882703614,0.0024034535286847655,1.294541675633809e-06,0.0,4.565772648845717e-09,1.294541675633809e-06,4.565772648845717e-09,0.5210988521575928,0.5,0.23527474701404572,0.25,0.5,0.6533333539962767,0.8307692307692308,0.9846153846153847,0.11673291772603989,65,0.0,0.0,0.0,37,8,0.21621621621621623,8,20,20,235,-0.3804897665977478,-0.028425668366253376,-0.02810483332723379,-1.817266821861267,-0.026004884392023087,0.3804897665977478,0.0,0.0,0.0,0.0,0.0,0.0,0.0,0.0,0.0,0.0,0.0,0.0010294741883502007,0.00044531786649532426,0.0,0.0,20.65927505493164,,,0.6592750549316264,0.0,0.0,0.17872340425531916,1.0,0.0,,0,0.9795,0.020499999999999963,0.020499999999999963,0.0,0.0,0.2073170731707317,0.14634146341463414,0.6463414634146342,0.2073170731707317,0.14634146341463414,0.6463414634146342,0.5011364173307751,0.8686586767435073,1.7783294916152954,0.05561286211013794,0.0,-0.5397037267684937,0.4365314245223999,-0.3264869749546051,14.292081832885742,1.7783294916152954,-1.7783294916152954,0.0205,82,4000,-16.332931518554688,28.997249603271484,-3.7494163513183594,0.31111669540405273,-3.866837501525879,0.14239883422851562,0.0,0,1.0,1.0,0.5804473684210526,11.028500000000003,50932358.86607214,1.0,0.0,0.1402581238557124,0.005615565824631023,0.14587368968034345,0.0,0.0,0.0,0.0,0.0,0.0,0.0,0.0,0.0,0.0,0.0,0.0,0.0,0.0,0.0,0.0,0.0,0.0,0.0,0.0,-0.00021301346562086688,0.0,0.49757674245070665,0.0,0.0,True,-1.0,0.6592750549316264,0.0
195,200,24.53622841835022,42,False,True,time_limit,1.0,20.000000000000014,20.688838958740234,0.0,20,True,48.830998299143204,1.4974419638405125,374437113.3197847,-0.02725316197098305,-0.057019244740009106,-0.001905977743276457,0.0,0.001659989454307876,-0.000775745443747344,-0.0864389183969069,-0.0855546743863441,0.30663667294360447,0.002931375869116838,0.641547264110097,0.021444949196174717,0.0,0.018711502890325474,0.008728234990681536,1.476080484508202e-07,0.0,7.482869809893868e-11,1.476080484508202e-07,7.482869809893868e-11,0.5241522192955017,0.5,0.23463204503059387,0.25,0.5,0.6562500149011612,0.8333333333333334,0.9696969696969697,0.11551378667354584,66,0.0,0.0,0.0,34,3,0.08823529411764706,3,20,20,247,-0.08665216714143753,-0.026811246760189533,-0.026488073449581862,-0.9913665056228638,-0.024545200169086456,0.08665216714143753,0.0,0.0,0.0,0.0,0.0,0.0,0.0,0.0,0.0,0.0,0.0,0.0010630390029573785,0.0005689687728155285,0.0,0.0,20.688838958740234,,,0.6888389587402202,0.0,0.0,0.16194331983805668,1.0,0.0,,0,0.9805,0.019499999999999962,0.019499999999999962,0.0,0.0,0.15384615384615385,0.21794871794871795,0.6282051282051282,0.15384615384615385,0.21794871794871795,0.6282051282051282,0.49548273931843434,0.8713824272155761,2.5752217769622803,0.020962413400411606,0.3076923191547394,-0.06357676535844803,1.064465045928955,0.4613519012928009,1.4144718647003174,2.5752217769622803,-2.5752217769622803,0.0195,78,4000,-2.213108539581299,7.929192066192627,-5.943310260772705,7.751016139984131,-3.8899338245391846,0.17855985462665558,0.0,0,1.0,1.0,0.6358684210526312,12.081500000000032,46453541.54944188,1.0,0.0,0.14316955247238655,0.005509571962067017,0.14867912443445352,0.0,0.0,0.0,0.0,0.0,0.0,0.0,0.0,0.0,0.0,0.0,0.0,0.0,0.0,0.0,0.0,0.0,0.0,0.0,0.0,-0.0002605339426362917,0.0,0.49452700582233955,0.0,0.0,True,-1.0,0.6888389587402202,0.0
196,200,23.80413508415222,42,False,True,time_limit,1.0,20.000000000000014,20.93301773071289,0.0,20,True,53.61245663779406,1.4545830307950751,335043537.32836425,-0.02811024083870378,-0.0010742407326242913,-0.0017661268263836644,0.0,0.0014573141124712484,-0.0010124864558000055,-0.031100856958896073,-0.03065602930222432,0.8372922997376544,0.00447530720380931,0.031997359917757685,0.05260589550179507,0.0,0.04347119207407774,0.03015794556490555,5.593022225913735e-11,0.0,1.7615010318439147e-11,5.593022225913735e-11,1.7615010318439147e-11,0.5170634388923645,0.5,0.23134922981262207,0.25,0.5,0.6000000238418579,0.9,1.0,0.11774177849292755,60,0.0,0.0,0.0,27,4,0.14814814814814814,4,20,20,232,-0.03184264153242111,-0.027772403322160244,-0.0274824358522892,-0.22420063614845276,-0.027284173294901848,0.03184264153242111,0.0,0.0,0.0,0.0,0.0,0.0,0.0,0.0,0.0,0.0,0.0,0.0007693829434845844,0.0003929091805140086,0.0,0.0,20.93301773071289,,,0.9330177307128764,0.0,0.0,0.15086206896551724,1.0,0.0,,0,0.98125,0.018750000000000044,0.018750000000000044,0.0,0.0,0.2,0.12,0.68,0.2,0.12,0.68,0.49319616845954034,0.8632588386535645,2.312298536300659,0.06490713357925415,0.0,1.6121928691864014,1.0531760454177856,2.132229804992676,7.170663833618164,2.312298536300659,-2.312298536300659,0.01875,75,4000,0.19991393387317657,0.4857538342475891,-4.469480514526367,1.2966587543487549,-3.7684249877929688,0.16745051741600037,0.0,0,1.0,1.0,0.6306578947368428,11.982499999999984,49367656.20590837,1.0,0.0,0.08426048207541785,0.005515236283446607,0.08977571835886443,0.0,0.0,0.0,0.0,0.0,0.0,0.0,0.0,0.0,0.0,0.0,0.0,0.0,0.0,0.0,0.0,0.0,0.0,0.0,0.0,-0.00015024856118428742,0.0,0.49307535933866165,0.0,0.0,True,-1.0,0.9330177307128764,0.0
197,200,23.829601764678955,42,False,True,time_limit,1.0,20.000000000000014,20.757413864135742,0.0,20,True,49.79822265276767,1.448672169146458,351987016.39812356,-0.027950624150043363,-0.08953037868510404,-0.0018068064686478026,0.0,0.001509748332308774,-0.0007347690807713403,-0.11944896313685877,-0.11867398388532475,0.22967987544891239,0.001324256378250251,0.735701861786752,0.014847149117372133,0.0,0.012409007450070916,0.006037849818642116,5.355746779400761e-08,0.0,2.441386329210537e-10,5.355746779400761e-08,2.441386329210537e-10,0.5153981447219849,0.5,0.23690477013587952,0.25,0.5,0.6000000238418579,0.8524590163934426,0.9836065573770492,0.11847908794879913,61,0.0,0.0,0.0,25,4,0.16,4,20,20,233,-0.11995162814855576,-0.02780797053128481,-0.027368190046399832,-1.4899674654006958,-0.021397748962044716,0.11995162814855576,0.0,0.0,0.0,0.0,0.0,0.0,0.0,0.0,0.0,0.0,0.0,0.0008134868828562831,0.0003233619361934892,0.0,0.0,20.757413864135742,,,0.757413864135728,0.0,0.0,0.11587982832618025,1.0,0.0,,0,0.982,0.018000000000000016,0.018000000000000016,0.0,0.0,0.1527777777777778,0.08333333333333333,0.7638888888888888,0.1527777777777778,0.08333333333333333,0.7638888888888888,0.4890345821685231,0.8593897342681883,2.495025873184204,0.007498605487247308,0.10317460695902507,-0.3412016953031222,2.6811168591181436,0.9922954042752584,38.29254082838694,2.495025873184204,-2.495025873184204,0.018,72,4000,-8.843147277832031,18.914806365966797,-6.03472113609314,3.9654994209607444,-3.7487756411234536,0.1267355096836885,0.3888888955116272,0,1.0,1.0,0.6178157894736842,11.738499999999965,48968047.452448644,1.0,0.0,0.20313434944682893,0.005251161844938287,0.20838551129176727,0.0,0.0,0.0,0.0,0.0,0.0,0.0,0.0,0.0,0.0,0.0,0.0,0.0,0.0,0.0,0.0,0.0,0.0,0.0,0.0,-0.00016115383306624696,0.0,0.49094686267583165,0.0,0.0,True,-1.0,0.757413864135728,0.0
198,200,22.819831371307373,42,False,True,time_limit,1.0,20.000000000000014,20.563093185424805,0.0,20,True,52.29656232128151,1.4619937201428987,340845770.6651931,-0.02794657437533987,-0.03828663592329969,-0.0026785661078657084,0.0,0.0011613402312717416,-0.0008135436366044952,-0.06925174421194832,-0.06890394761728168,0.3923396938497996,0.004772780481618988,0.5375029803273862,0.03760417261171749,0.0,0.016359099516095772,0.011421273213382115,3.246661606226553e-08,3.741825100635199e-13,2.534381468577423e-10,3.246661606226553e-08,2.534381468577423e-10,0.5556411147117615,0.5,0.2213624268770218,0.25,0.5,0.7119047790765757,0.6372549019607843,0.9411764705882353,0.10504180192947388,102,0.0,0.0,0.0,64,9,0.140625,9,20,20,235,-0.07004711031913757,-0.028061561286449432,-0.027563640568405393,-0.5738751888275146,-0.02526475302875042,0.07004711031913757,0.0,0.0,0.0,0.0,0.0,0.0,0.0,0.0,0.0,0.0,0.0,0.0016647328342978963,0.0008645129333293274,0.0,0.0,20.563093185424805,,,0.5630931854247905,0.0,0.0,0.31063829787234043,1.0,0.0,,0,0.96825,0.031749999999999945,0.031749999999999945,0.0,0.0,0.1968503937007874,0.18110236220472442,0.6220472440944882,0.1968503937007874,0.18110236220472442,0.6220472440944882,0.4829755236801104,0.8535378575325012,2.354792833328247,0.06975258886814117,0.0,0.10766172409057617,1.085270643234253,0.6436395645141602,3.1227595806121826,2.354792833328247,-2.354792833328247,0.03175,127,4000,-0.3668653070926666,1.4052895307540894,-4.223257541656494,1.6585785150527954,-3.5670695304870605,0.1502831131219864,0.0,0,1.0,1.0,0.5479473684210526,10.410999999999992,45184328.856264345,1.0,0.0,0.09409341312813455,0.0056123712877113475,0.09970578441584572,0.0,0.0,0.0,0.0,0.0,0.0,0.0,0.0,0.0,0.0,0.0,0.0,0.0,0.0,0.0,0.0,0.0,0.0,0.0,0.0,-0.00033996780544412307,0.0,0.4835229399376549,0.0,0.0,True,-1.0,0.5630931854247905,0.0
199,200,21.699871301651,42,False,True,time_limit,1.0,20.000000000000014,21.10901641845703,0.0,20,True,51.18038703263905,1.4223751700361347,337078004.05396867,-0.028556003778699938,-0.0022679505931060815,-0.002544077932278647,0.0,0.001255934935066873,-0.0006007122021019114,-0.03366426618190252,-0.03300904344893792,0.8038751930454516,0.008339229381090033,0.06384469041885314,0.07161790405906295,0.0,0.035412436326752623,0.01691054676878941,8.89221851707589e-09,0.0,9.287302524252339e-12,8.89221851707589e-09,9.287302524252339e-12,0.5276484489440918,0.5,0.22289995849132538,0.25,0.5,0.625,0.7303370786516854,0.9887640449438202,0.11434055864810944,89,0.0,0.0,0.0,49,12,0.24489795918367346,12,20,20,234,-0.034296486526727676,-0.02856171876192093,-0.028088412154465916,-0.5191946625709534,-0.02678961306810379,0.034296486526727676,0.0,0.0,0.0,0.0,0.0,0.0,0.0,0.0,0.0,0.0,0.0,0.0014104938977830429,4.2398199714426186e-05,0.0,0.0,21.10901641845703,,,1.109016418457017,0.0,0.0,0.23076923076923078,1.0,0.0,,0,0.97175,0.028249999999999997,0.028249999999999997,0.0,0.0,0.21238938053097345,0.1415929203539823,0.6460176991150443,0.21238938053097345,0.1415929203539823,0.6460176991150443,0.49057637938089743,0.8626100659370421,2.107497274875641,0.036469291895627975,0.0,0.1393681913614273,0.5923987478017807,0.42961570620536804,14.315006971359253,2.107497274875641,-2.107497274875641,0.02825,113,4000,-0.019376590847969055,0.5772387981414795,-3.4797089099884033,0.26008041948080063,-3.381943941116333,0.17109251767396927,0.1666666716337204,0,1.0,1.0,0.4600526315789474,8.740999999999987,41487524.28096123,1.0,0.0,0.08279885755814767,0.00535846966344438,0.08815732722159197,0.0,0.0,0.0,0.0,0.0,0.0,0.0,0.0,0.0,0.0,0.0,0.0,0.0,0.0,0.0,0.0,0.0,0.0,0.0,0.0,-0.0002962338778183794,0.0,0.4880502197265159,0.0,0.0,True,-1.0,1.109016418457017,0.0
200,200,23.290538787841797,42,False,True,time_limit,1.0,20.000000000000014,20.938425064086914,0.0,20,True,51.068884528264796,1.48077609956727,353277905.7657069,-0.027704630742958564,-0.004725957874653496,-0.001965306531230462,0.0,0.001512001106809268,-0.0009396243766881399,-0.03454170535925645,-0.03396932862913514,0.7488997660078571,0.0039414794397936576,0.1277500782929777,0.05312532821778485,0.0,0.040883822512235386,0.025399525529351288,5.578602468858662e-08,0.0,1.5262686600681077e-11,5.578602468858662e-08,1.5262686600681077e-11,0.51435786485672,0.5,0.23827560245990753,0.25,0.5,0.6666666865348816,0.8787878787878788,0.9848484848484849,0.11910948157310486,66,0.0,0.0,0.0,25,4,0.16,4,20,20,250,-0.035348258912563324,-0.027605335228145123,-0.026598441787064078,-0.5206670165061951,-0.024510672315955162,0.035348258912563324,0.0,0.0,0.0,0.0,0.0,0.0,0.0,0.0,0.0,0.0,0.0,0.0007603953112125906,0.00030691468869189126,0.0,0.0,20.938425064086914,,,0.9384250640868999,0.0,0.0,0.132,1.0,0.0,,0,0.9795,0.020499999999999963,0.020499999999999963,0.0,0.0,0.1951219512195122,0.10975609756097561,0.6951219512195121,0.1951219512195122,0.10975609756097561,0.6951219512195121,0.48580345477675646,0.8658816516399384,2.1823312441507974,-0.022919411460558575,0.3293650895357132,0.14887368182341257,1.0547986427942913,0.6701164245605469,10.803417046864828,2.1823312441507974,-2.1823312441507974,0.0205,82,4000,-0.2508739233016968,1.8069560527801514,-4.01158610979716,1.1458225399255753,-3.561592976252238,0.16621117293834686,0.2777777810891469,0,1.0,1.0,0.5057631578947366,9.609499999999986,43981229.86912221,1.0,0.0,0.1859332702185844,0.005831555033605928,0.1917648252521904,0.0,0.0,0.0,0.0,0.0,0.0,0.0,0.0,0.0,0.0,0.0,0.0,0.0,0.0,0.0,0.0,0.0,0.0,0.0,0.0,-0.00014581021041379364,0.0,0.4868862670327071,0.0,0.0,True,-1.0,0.9384250640868999,0.0
201,200,24.587339878082275,42,False,True,time_limit,1.0,20.000000000000014,20.732952117919922,0.0,20,True,50.55138731682946,1.556627286898553,375915654.9455253,-0.026206071254648536,-0.03558664233913799,-0.0020945781648806206,0.0,0.0013881783252793788,-0.0007338794181694781,-0.0640269116599829,-0.06337261275287268,0.3961619409879283,0.0021106594181275035,0.5379697385893096,0.03166411871839995,0.0,0.02099935377060411,0.011094188515630331,1.849556596766888e-08,0.0,4.516038879659435e-11,1.849556596766888e-08,4.516038879659435e-11,0.5216931104660034,0.5,0.2331349104642868,0.25,0.5,0.6300000220537187,0.8194444444444444,0.9722222222222222,0.11636543273925781,72,0.0,0.0,0.0,32,3,0.09375,3,20,20,252,-0.06480728834867477,-0.02632302325218916,-0.025799489580094814,-0.9570629596710205,-0.02388344332575798,0.06480728834867477,0.0,0.0,0.0,0.0,0.0,0.0,0.0,0.0,0.0,0.0,0.0,0.0008275836553653002,0.0005122006844761273,0.0,0.0,20.732952117919922,,,0.7329521179199077,0.0,0.0,0.14682539682539683,1.0,0.0,,0,0.97875,0.02124999999999999,0.02124999999999999,0.0,0.0,0.15294117647058825,0.09411764705882353,0.7529411764705882,0.15294117647058825,0.09411764705882353,0.7529411764705882,0.4894783516919991,0.8588277250528336,2.3842952251434326,0.050946980714797974,0.125,-0.33530551195144653,0.7848422527313232,0.05039621889591217,2.958862066268921,2.3842952251434326,-2.3842952251434326,0.02125,85,4000,-2.7624566555023193,8.406255722045898,-3.4067416191101074,0.35443294048309326,-3.5056509971618652,0.2702498733997345,0.5,0,1.0,1.0,0.6208947368421046,11.797000000000017,48483143.74379568,1.0,0.0,0.12028155564691703,0.005512197202055111,0.12579375284897212,0.0,0.0,0.0,0.0,0.0,0.0,0.0,0.0,0.0,0.0,0.0,0.0,0.0,0.0,0.0,0.0,0.0,0.0,0.0,0.0,-0.00013961990131563352,0.0,0.4882662547514774,0.0,0.0,True,-1.0,0.7329521179199077,0.0
202,200,22.747851371765137,42,False,True,time_limit,1.0,20.000000000000014,20.81023597717285,0.0,20,True,53.97892622493676,1.4014790575508713,319939567.0150626,-0.028980506300277202,-0.008371560891518859,-0.002008132220809185,0.0,0.0013209590745784413,-0.0007331577543736394,-0.039541884134465854,-0.038954082814262395,0.6967120042574528,0.004367830064767107,0.20125828400167128,0.048276928286810315,0.0,0.03175931899927168,0.01762563439002671,4.660325458871739e-08,0.0,6.632591073585363e-11,4.660325458871739e-08,6.632591073585363e-11,0.5175303220748901,0.5,0.23535248637199402,0.25,0.5,0.6666666865348816,0.8382352941176471,0.9705882352941176,0.11812542378902435,68,0.0,0.0,0.0,27,3,0.1111111111111111,3,20,20,238,-0.040452443063259125,-0.029171070083975792,-0.02873650835826993,-0.5963213443756104,-0.027096541598439217,0.040452443063259125,0.0,0.0,0.0,0.0,0.0,0.0,0.0,0.0,0.0,0.0,0.0,0.0008730085924529312,0.0004641042319122176,0.0,0.0,20.81023597717285,,,0.8102359771728374,0.0,0.0,0.14285714285714285,1.0,0.0,,0,0.97875,0.02124999999999999,0.02124999999999999,0.0,0.0,0.2,0.058823529411764705,0.7411764705882353,0.2,0.058823529411764705,0.7411764705882353,0.48789934262735174,0.8562127113342284,2.3408203125,0.10955359786748886,0.09090909361839294,-0.2308829426765442,1.0071005821228027,0.2660777270793915,12.66008186340332,2.3408203125,-2.3408203125,0.02125,85,4000,-0.2599957287311554,1.7159829139709473,-3.5071849822998047,0.23732240498065948,-3.6132404804229736,0.14275191724300385,0.3636363744735718,0,1.0,1.0,0.4930000000000004,9.367000000000003,44133999.64876291,1.0,0.0,0.1392770544842908,0.005838754271979874,0.14511580875627075,0.0,0.0,0.0,0.0,0.0,0.0,0.0,0.0,0.0,0.0,0.0,0.0,0.0,0.0,0.0,0.0,0.0,0.0,0.0,0.0,-0.00018168472186069594,0.0,0.4878720172479516,0.0,0.0,True,-1.0,0.8102359771728374,0.0
203,200,22.62774634361267,42,False,True,time_limit,1.0,20.000000000000014,20.94680404663086,0.0,20,True,51.09096298498845,1.4752538046682822,353143155.0586468,-0.02765645286546621,-0.009073497501617848,-0.0020348360220802763,0.0,0.0014080213190237197,-0.00033820740350411037,-0.038936291269621684,-0.037866477354101556,0.6797960570031516,0.004215592724732406,0.22302671477186134,0.05001630220574679,0.0,0.034632189867555556,0.008313143426952357,2.5449260476761992e-08,0.0,1.1966920683559223e-11,2.5449260476761992e-08,1.1966920683559223e-11,0.5314484238624573,0.5,0.23311837017536163,0.25,0.5,0.6666666865348816,0.7777777777777778,0.9722222222222222,0.11304643750190735,72,0.0,0.0,0.0,35,6,0.17142857142857143,6,20,20,237,-0.03938446193933487,-0.027746533043682575,-0.027317481767386197,-0.9539908766746521,-0.024895569309592247,0.03938446193933487,0.0,0.0,0.0,0.0,0.0,0.0,0.0,0.0,0.0,0.0,0.0,0.0007920858978600989,0.00033519716477526756,0.0,0.0,20.94680404663086,,,0.9468040466308452,0.0,0.0,0.1518987341772152,1.0,0.0,,0,0.97825,0.021750000000000047,0.021750000000000047,0.0,0.0,0.1724137931034483,0.10344827586206896,0.7241379310344828,0.1724137931034483,0.10344827586206896,0.7241379310344828,0.4811001008274593,0.8575490713119507,2.1046369075775146,0.06433013826608658,0.1428571492433548,-0.1557287871837616,1.6541835069656372,0.6654443144798279,7.492855072021484,2.1046369075775146,-2.1046369075775146,0.02175,87,4000,-0.07290831953287125,1.8515256643295288,-3.3356330394744873,0.25599274039268494,-3.4955244064331055,0.2037149965763092,0.7142857313156128,0,1.0,1.0,0.4849736842105255,9.21449999999999,45910894.05020636,1.0,0.0,0.16219383856245048,0.005845142807782597,0.16803898137023301,0.0,0.0,0.0,0.0,0.0,0.0,0.0,0.0,0.0,0.0,0.0,0.0,0.0,0.0,0.0,0.0,0.0,0.0,0.0,0.0,-0.00017150488045714502,0.0,0.4847037250997964,0.0,0.0,True,-1.0,0.9468040466308452,0.0
204,200,22.206218242645264,42,False,True,time_limit,1.0,20.000000000000014,21.174015045166016,0.0,20,True,52.80059044521926,1.4493086283544954,335288189.85912675,-0.028099627918123208,-0.04478240660517319,-0.00217900372846044,0.0,0.0013601741097476155,-0.000579798918313809,-0.07525065285322712,-0.07447027766179237,0.364022179679509,0.0024563998045486657,0.5801425311114224,0.028228334164252702,0.0,0.01763943563984407,0.007511119600423205,2.435362489450199e-07,0.0,6.452435113990337e-11,2.435362489450199e-07,6.452435113990337e-11,0.5272034406661987,0.5,0.2336205244064331,0.25,0.5,0.6785714477300644,0.8157894736842105,0.9473684210526315,0.11468440294265747,76,0.0,0.0,0.0,41,5,0.12195121951219512,5,20,20,232,-0.07594575732946396,-0.028241232968866825,-0.027558337058871986,-0.6014155149459839,-0.026257798075675964,0.07594575732946396,0.0,0.0,0.0,0.0,0.0,0.0,0.0,0.0,0.0,0.0,0.0,0.00093992802455519,0.00036052818902056286,0.0,0.0,21.174015045166016,,,1.1740150451660014,0.0,0.0,0.21551724137931033,1.0,0.0,,0,0.97575,0.024249999999999994,0.024249999999999994,0.0,0.0,0.21649484536082475,0.14432989690721648,0.6391752577319587,0.21649484536082475,0.14432989690721648,0.6391752577319587,0.4874925160228958,0.8542096614837646,2.1151275634765625,0.09766465425491333,0.0,-0.13927529752254486,1.6320347785949707,0.670800507068634,38.218406677246094,2.1151275634765625,-2.1151275634765625,0.02425,97,4000,-0.5795272588729858,4.548569202423096,-3.3764424324035645,0.21003615856170654,-3.5214650630950928,0.015720367431640625,0.5,0,1.0,1.0,0.5139736842105266,9.765500000000005,44378704.08765244,1.0,0.0,0.0992000453256553,0.005629831619765873,0.10482987694542115,0.0,0.0,0.0,0.0,0.0,0.0,0.0,0.0,0.0,0.0,0.0,0.0,0.0,0.0,0.0,0.0,0.0,0.0,0.0,0.0,-0.00018961460146944302,0.0,0.48972960144118405,0.0,0.0,True,-1.0,1.1740150451660014,0.0
205,200,22.044147968292236,42,False,True,time_limit,1.0,20.000000000000014,20.921979904174805,0.0,20,True,52.0922270342557,1.4091805600533642,329366954.42033565,-0.028898332467296676,-0.004492100099328121,-0.002218743248574276,0.0,0.0012322065266872559,-0.000768837949387535,-0.035815916099005446,-0.035352547521706267,0.764135766771824,0.005466669935638455,0.1187810527718309,0.058668474225554934,0.0,0.032618262020342834,0.020329774274808837,1.9635082892932587e-08,0.0,2.3716066003404104e-11,1.9635082892932587e-08,2.3716066003404104e-11,0.5299145579338074,0.5,0.23055553436279297,0.25,0.5,0.6666666865348816,0.7948717948717948,0.9615384615384616,0.11378170549869537,78,0.0,0.0,0.0,37,4,0.10810810810810811,4,20,20,223,-0.0368882454931736,-0.029196792282164097,-0.028621316608041524,-0.5253851413726807,-0.027621712535619736,0.0368882454931736,0.0,0.0,0.0,0.0,0.0,0.0,0.0,0.0,0.0,0.0,0.0,0.0010702283560772242,0.0002621039249835218,0.0,0.0,20.921979904174805,,,0.9219799041747905,0.0,0.0,0.2242152466367713,1.0,0.0,,0,0.97475,0.025249999999999995,0.025249999999999995,0.0,0.0,0.22772277227722773,0.15841584158415842,0.6138613861386139,0.22772277227722773,0.15841584158415842,0.6138613861386139,0.4920666063796276,0.8506034374237059,2.301496744155884,0.09115050733089447,0.2222222238779068,-0.1112702265381813,1.0841715335845947,0.42435717582702637,11.75995922088623,2.301496744155884,-2.301496744155884,0.02525,101,4000,-0.1261315643787384,1.3710076808929443,-3.36224102973938,0.18849919736385345,-3.3994438648223877,0.18836703896522522,0.5555555820465088,0,1.0,1.0,0.4938421052631569,9.382999999999988,45133632.10845788,1.0,0.0,0.17806832131215025,0.00577331880506856,0.1838416401172187,0.0,0.0,0.0,0.0,0.0,0.0,0.0,0.0,0.0,0.0,0.0,0.0,0.0,0.0,0.0,0.0,0.0,0.0,0.0,0.0,-0.0002067402838064359,0.0,0.4883577649805229,0.0,0.0,True,-1.0,0.9219799041747905,0.0
206,105,11.417015552520752,42,True,False,all_finished,0.0,10.499999999999979,11.018087387084961,0.0,20,True,52.63846051647495,1.4432917442442463,339348444.38046753,-0.028201438741263997,-0.06120817325937962,-0.004144950401558346,0.0,0.0012614596444499217,-0.0016298189062014829,-0.09417939908597552,-0.09454775834772806,0.2905195074412319,0.006436807968094245,0.6305411759249681,0.0426995572841861,0.0,0.013013234013119879,0.016789717368399765,1.3338365079107461e-07,0.0,2.2435202029491557e-10,1.3338365079107461e-07,2.2435202029491557e-10,0.5284665822982788,0.5,0.22252868115901947,0.25,0.5,0.6666666865348816,0.7631578947368421,0.9605263157894737,0.11453153192996979,76,0.0,0.0,0.0,42,6,0.14285714285714285,6,20,20,233,-0.09611225128173828,-0.028741154819726944,-0.028083785995841028,-0.9738224148750305,-0.0275779627263546,0.09611225128173828,0.0,0.0,0.0,0.0,0.0,0.0,0.0,0.0,0.0,0.0,0.0,0.00287817149905754,0.0009091889484173017,0.0,0.0,11.018087387084961,,,0.5180873870849823,0.0,0.0,0.21888412017167383,1.0,0.0,,0,0.9533333333333334,0.046666666666666634,0.046666666666666634,0.0,0.0,0.22448979591836735,0.15306122448979592,0.6224489795918368,0.22448979591836735,0.15306122448979592,0.6224489795918368,0.501433733878009,0.8519825547933578,2.1335026025772095,0.02896989369764924,0.10000000149011612,-0.19391942583024502,1.3626083731651306,0.4814045578241348,23.605787992477417,2.1335026025772095,-2.1335026025772095,0.04666666666666667,98,2100,-4.07382345199585,9.513285636901855,-5.44014310836792,5.554510496556759,-3.048451542854309,0.26271844655275345,0.25,0,1.0,1.0,0.46180451127819555,8.774285714285721,48734776.51313703,1.0,0.0,0.08062621201365086,0.005632564019965946,0.08625877603361677,0.0,0.0,0.0,0.0,0.0,0.0,0.0,0.0,0.0,0.0,0.0,0.0,0.0,0.0,0.0,0.0,0.0,0.0,0.0,0.0,-0.0006248366837748762,0.0,0.49909842017594547,0.0,0.0,False,0.0,0.0,0.0
207,111,13.380887031555176,42,True,False,all_finished,0.0,11.099999999999977,11.829556465148926,0.0,20,True,53.72441471696968,1.407611014045294,323138154.4986091,-0.028856111394995387,-0.008812164634589077,-0.003142349909714317,0.0,0.0013794035497287126,-0.0015138011721799406,-0.04110115759325301,-0.041235555215705,0.6558945175144871,0.006603735215221117,0.2002990074492313,0.07142508045111093,0.0,0.031369215493065074,0.03440844387688454,9.013243840172436e-08,1.1021608295079185e-13,1.2543448293933474e-10,9.013243840172436e-08,1.2543448293933474e-10,0.515920102596283,0.5,0.24098064005374908,0.25,0.5,0.6000000238418579,0.864406779661017,0.9830508474576272,0.11823756247758865,59,0.0,0.0,0.0,25,4,0.16,4,20,20,234,-0.04301132261753082,-0.029254509136080742,-0.02875511720776558,-0.5463517904281616,-0.024455653503537178,0.04301132261753082,0.0,0.0,0.0,0.0,0.0,0.0,0.0,0.0,0.0,0.0,0.0,0.0014406705154987552,0.0005005768271149439,0.0,0.0,11.829556465148926,,,0.7295564651489492,0.0,0.0,0.14102564102564102,1.0,0.0,,0,0.9666666666666667,0.033333333333333326,0.033333333333333326,0.0,0.0,0.20270270270270271,0.10810810810810811,0.6891891891891891,0.20270270270270271,0.10810810810810811,0.6891891891891891,0.4892477574519199,0.846810346841812,2.49789759516716,-0.02223122859140858,0.1762941936030984,0.0339528676122427,1.7663360238075256,0.9101231694221497,21.707706063985825,2.49789759516716,-2.49789759516716,0.03333333333333333,74,2220,-0.5492447018623352,1.8114278316497803,-3.758765012025833,1.4586912915110588,-3.2726258039474487,0.23588495887815952,0.3038194477558136,0,1.0,1.0,0.6094357515410146,11.579279279279287,46594991.0477066,1.0,0.0,0.17497794755919824,0.005541100112320878,0.18051904767151913,0.0,0.0,0.0,0.0,0.0,0.0,0.0,0.0,0.0,0.0,0.0,0.0,0.0,0.0,0.0,0.0,0.0,0.0,0.0,0.0,-0.00029053165395495997,0.0,0.49058535962254396,0.0,0.0,False,0.0,0.0,0.0
208,200,22.56572198867798,42,False,True,time_limit,1.0,20.000000000000014,20.568340301513672,0.0,20,True,50.81747804813672,1.444642104232512,345630620.2262873,-0.02804569982651112,-0.019727597449514335,-0.0027860142137758046,0.0,0.0012247650159581268,-0.0008400650966964066,-0.05086322661590749,-0.05047852669664542,0.5298525334027842,0.005741707302815807,0.3727030365166605,0.052634689039560756,0.0,0.023197129376324004,0.015870904361854805,6.211267056244196e-09,0.0,8.412003732471968e-11,6.211267056244196e-09,8.412003732471968e-11,0.5323232412338257,0.5,0.2262626439332962,0.25,0.5,0.625,0.7070707070707071,0.98989898989899,0.11256621778011322,99,0.0,0.0,0.0,49,8,0.16326530612244897,8,20,20,231,-0.05203058570623398,-0.028414862230420113,-0.02784738428890705,-0.6417749524116516,-0.024640686810016632,0.05203058570623398,0.0,0.0,0.0,0.0,0.0,0.0,0.0,0.0,0.0,0.0,0.0,0.0014631632527581308,0.0,0.0,0.0,20.568340301513672,,,0.5683403015136577,0.0,0.0,0.31601731601731603,1.0,0.0,,0,0.96475,0.035250000000000004,0.035250000000000004,0.0,0.0,0.2978723404255319,0.1347517730496454,0.5673758865248227,0.2978723404255319,0.1347517730496454,0.5673758865248227,0.4765393905539834,0.8567912340164185,2.306818723678589,0.028452645987272263,0.0,0.5470150709152222,1.131145715713501,1.1061290502548218,2.9907467365264893,2.306818723678589,-2.306818723678589,0.03525,141,4000,-0.525871217250824,1.814261794090271,-5.024665832519531,3.2531697750091553,-3.4459056854248047,0.26468974351882935,0.0,0,1.0,1.0,0.5303421052631577,10.076500000000006,40238828.58400647,1.0,0.0,0.12121210996921922,0.00553134765514741,0.12674345762436667,0.0,0.0,0.0,0.0,0.0,0.0,0.0,0.0,0.0,0.0,0.0,0.0,0.0,0.0,0.0,0.0,0.0,0.0,0.0,0.0,-0.0003039151261055625,0.0,0.47737971129169454,0.0,0.0,True,-1.0,0.5683403015136577,0.0
209,200,21.544366121292114,42,False,True,time_limit,1.0,20.000000000000014,22.367981338500975,0.9999999999999999,20,True,50.67708557649623,1.506257766218126,364506070.9471827,-0.027063862598556143,-0.004958158191631868,-0.002003727834252303,0.0,0.0013686258159525226,0.0003622370218695648,-0.03442083587989473,-0.03268997304207261,0.7269661365886079,0.010612493123154272,0.1331817693073151,0.05382240902003275,0.0,0.03685149029183124,0.03856570166905897,2.2334500471288266e-08,0.0,1.1564275405328967e-11,2.2334500471288266e-08,1.1564275405328967e-11,0.5378737449645996,0.5,0.2285168170928955,0.25,0.5,0.7303571522235871,0.7638888888888888,0.9305555555555556,0.1113182008266449,72,0.0,0.0,0.0,33,4,0.12121212121212122,4,20,20,246,-0.034283947199583054,-0.027475052513182163,-0.026684148982167245,-0.5450026392936707,0.14020736515522003,0.03568601980805397,0.0,0.0,0.0,0.0,0.0,0.0,0.0,0.0,0.0,0.0,0.0,0.0016318714441906088,0.00023088608507192688,0.0,0.0,22.367981338500975,,,2.367981338500961,0.05,0.05,0.21951219512195122,0.95,0.0,,0,0.97425,0.02575000000000005,0.02575000000000005,0.0,0.0,0.30097087378640774,0.14563106796116504,0.5533980582524272,0.30097087378640774,0.14563106796116504,0.5533980582524272,0.4795989976753094,0.8484357625246048,2.04604434967041,0.012016389518976212,0.0625,0.07295485585927963,1.7300488948822021,0.9322566837072372,30.537627696990967,2.04604434967041,-2.04604434967041,0.02575,103,4000,0.29875120520591736,1.476019263267517,-3.2914698123931885,0.27534620463848114,-3.475840449333191,0.1510409414768219,0.375,0,1.0,0.9974999999999994,0.4383157894736835,8.327999999999996,45457402.86652656,1.0,0.0,0.1753672197184845,0.005753227958474035,0.18112044767695876,0.0,0.0,0.0,0.0,0.0,0.0,0.0,0.0,0.0,0.0,0.0,0.0,0.0,0.0,0.0,0.0,0.0,0.0,0.0,0.0,-0.00039508725545452057,0.0,0.48043435566860715,0.0,0.0,True,-1.0,2.367981338500961,0.0
210,101,11.88321828842163,42,True,False,all_finished,0.0,10.09999999999998,10.736153602600098,0.0,20,True,52.630037903469336,1.511719557560093,353756963.8112963,-0.027205049211075586,-0.05279330470716632,-0.0030091793592441044,0.0,0.0013333821837397464,-0.001641921668698332,-0.08333356663188614,-0.08364210611684533,0.3152014623854906,0.00377746753171669,0.6116705292004038,0.034864768200008535,0.0,0.015462241165097052,0.01902353151728329,3.1127191846280766e-07,2.6206887679923463e-13,1.0639602775197584e-10,3.1127191846280766e-07,1.0639602775197584e-10,0.5130718946456909,0.5,0.24346405267715454,0.25,0.5,0.6000000238418579,0.8823529411764706,1.0,0.11918709427118301,51,0.0,0.0,0.0,18,0,0.0,0,20,20,249,-0.08535462617874146,-0.02760523557662964,-0.027079785242676735,-0.9919899702072144,-0.020413730293512344,0.08535462617874146,0.0,0.0,0.0,0.0,0.0,0.0,0.0,0.0,0.0,0.0,0.0,0.0016848399716994412,0.000928583038051541,0.0,0.0,10.736153602600098,,,0.6361536026001176,0.0,0.0,0.13654618473895583,1.0,0.0,,0,0.9643564356435643,0.035643564356435675,0.035643564356435675,0.0,0.0,0.2916666666666667,0.08333333333333333,0.625,0.2916666666666667,0.08333333333333333,0.625,0.4851827211482218,0.8469499498605728,2.297295093536377,0.04825468791204912,0.14835165441036224,0.12331759184598923,0.7809600830078125,0.507379163056612,8.54016387462616,2.297295093536377,-2.297295093536377,0.03564356435643564,72,2020,-0.7011631727218628,4.723771572113037,-4.684824824333191,5.126411288976669,-3.3906153440475464,0.25223905593156815,0.1428571492433548,0,1.0,1.0,0.5390307451797802,10.241584158415856,49932187.97231244,1.0,0.0,0.11903153326243189,0.005671064368100842,0.12470259763053275,0.0,0.0,0.0,0.0,0.0,0.0,0.0,0.0,0.0,0.0,0.0,0.0,0.0,0.0,0.0,0.0,0.0,0.0,0.0,0.0,-0.0003260333544008434,0.0,0.4833527686876605,0.0,0.0,False,0.0,0.0,0.0
211,200,22.824889421463013,42,False,True,time_limit,1.0,20.000000000000014,21.411733627319336,0.0,20,True,51.548959543463624,1.448604810509998,342924009.42832625,-0.028315199569348352,-0.004129246155576501,-0.0020240433636834793,0.0,0.0013256868263099824,-0.0007560176203742572,-0.034774102126417857,-0.034204432920482655,0.7682583043155974,0.008292004215933277,0.11203621015685852,0.054917081500213294,0.0,0.03598385446842964,0.02051254534296778,2.6587865242788666e-10,0.0,1.4519606437307598e-11,2.6587865242788666e-10,1.4519606437307598e-11,0.5236055254936218,0.5,0.23173470795154572,0.25,0.5,0.6666666865348816,0.8285714285714286,0.9857142857142858,0.11565960198640823,70,0.0,0.0,0.0,37,5,0.13513513513513514,5,20,20,238,-0.035933710634708405,-0.028647075407207012,-0.028198699373751877,-0.5400339365005493,-0.02693421021103859,0.035933710634708405,0.0,0.0,0.0,0.0,0.0,0.0,0.0,0.0,0.0,0.0,0.0,0.0014126479548392233,0.0002567342281068317,0.0,0.0,21.411733627319336,,,1.4117336273193217,0.0,0.0,0.19747899159663865,1.0,0.0,,0,0.97675,0.023249999999999993,0.023249999999999993,0.0,0.0,0.24731182795698925,0.13978494623655913,0.6129032258064516,0.24731182795698925,0.13978494623655913,0.6129032258064516,0.48402195053622005,0.8550818204879761,2.361971139907837,0.0428207591176033,0.0,-0.27048274874687195,0.9626136422157288,0.20422865450382233,27.088138580322266,2.361971139907837,-2.361971139907837,0.02325,93,4000,-0.36539357900619507,1.7579203844070435,-3.3472139835357666,0.18036140501499176,-3.4617090225219727,0.1970159411430359,0.5714285969734192,0,1.0,1.0,0.5572894736842109,10.588499999999994,43858290.10501152,1.0,0.0,0.2926454697368504,0.00589953360166879,0.29854500333851913,0.0,0.0,0.0,0.0,0.0,0.0,0.0,0.0,0.0,0.0,0.0,0.0,0.0,0.0,0.0,0.0,0.0,0.0,0.0,0.0,-0.0003056130378091923,0.0,0.48060986496065744,0.0,0.0,True,-1.0,1.4117336273193217,0.0
212,146,16.31968069076538,42,True,False,all_finished,0.0,14.599999999999964,15.550503730773926,0.0,20,True,53.42719727243609,1.4654217453764933,334320097.4023583,-0.027805781474436127,-0.0032854160482280294,-0.002956237956243435,0.0,0.0013274400806057613,-0.0008601014581523938,-0.034393703266198776,-0.03392636464374517,0.7600689117073075,0.009465203504082286,0.08980659660934924,0.0808085386204866,0.0,0.036339941928469746,0.02351080763030471,1.88681778534594e-10,0.0,3.2937273741762143e-11,1.88681778534594e-10,3.2937273741762143e-11,0.5254126787185669,0.5,0.23379366099834442,0.25,0.5,0.6666666865348816,0.7733333333333333,0.9866666666666667,0.11509618163108826,75,0.0,0.0,0.0,42,5,0.11904761904761904,5,20,20,248,-0.035545945167541504,-0.028140589594841003,-0.02723031770437956,-0.5830295085906982,-0.02512984164059162,0.035545945167541504,0.0,0.0,0.0,0.0,0.0,0.0,0.0,0.0,0.0,0.0,0.0,0.0015889135629603677,0.00034931815562737795,0.0,0.0,15.550503730773926,,,0.9505037307739617,0.0,0.0,0.20967741935483872,1.0,0.0,,0,0.9647260273972603,0.03527397260273968,0.03527397260273968,0.0,0.0,0.27184466019417475,0.11650485436893204,0.6116504854368932,0.27184466019417475,0.11650485436893204,0.6116504854368932,0.4794405229579225,0.8421761095523834,2.2324617505073547,-0.017934916075319052,0.28206169605255127,0.15461192466318607,3.414234757423401,1.8555021584033966,46.974170088768005,2.2324617505073547,-2.2324617505073547,0.03527397260273973,103,2920,-0.0169729795306921,0.9383768439292908,-3.5649173259735107,0.7841301932930946,-3.3032824397087097,0.17470655962824821,0.6458333283662796,0,1.0,1.0,0.4724945926459981,8.977397260273989,40747435.73013929,1.0,0.0,0.13442932432079183,0.0057199635021815,0.14014928782297342,0.0,0.0,0.0,0.0,0.0,0.0,0.0,0.0,0.0,0.0,0.0,0.0,0.0,0.0,0.0,0.0,0.0,0.0,0.0,0.0,-0.0003462677872910149,0.0,0.4833308124627714,0.0,0.0,False,0.0,0.0,0.0
213,141,16.454405307769775,42,True,False,all_finished,0.0,14.099999999999966,14.929585456848145,0.0,20,True,51.623279906981466,1.5134298103418644,360889923.2966698,-0.026949346832406375,-0.024621541424996445,-0.0022666061352039977,0.0,0.0013753485861196428,-0.0008834395411598531,-0.0540445818921939,-0.053552672847234445,0.4786369030301707,0.0036780008092666865,0.4372936534891544,0.04025631298932502,0.0,0.024444702428882557,0.015690427253200707,1.1698540447468986e-07,0.0,6.99614758487009e-11,1.1698540447468986e-07,6.99614758487009e-11,0.5217532515525818,0.5,0.23668831586837769,0.25,0.5,0.6375000059604644,0.8363636363636363,1.0,0.1162150651216507,55,0.0,0.0,0.0,24,4,0.16666666666666666,4,20,20,256,-0.055340319871902466,-0.027303677052259445,-0.026739133521914482,-0.5834657549858093,-0.025506455451250076,0.055340319871902466,0.0,0.0,0.0,0.0,0.0,0.0,0.0,0.0,0.0,0.0,0.0,0.0012195069637495404,0.0004561949401293989,0.0,0.0,14.929585456848145,,,0.8295854568481786,0.0,0.0,0.16015625,1.0,0.0,,0,0.9709219858156029,0.02907801418439715,0.02907801418439715,0.0,0.0,0.32926829268292684,0.07317073170731707,0.5975609756097561,0.32926829268292684,0.07317073170731707,0.5975609756097561,0.4814451270074082,0.8540088206529617,2.0643157164255777,-0.009369635954499245,0.047619049747784935,0.32622765998045605,0.8035353521505991,0.722241586074233,5.544998963673909,2.0643157164255777,-2.0643157164255777,0.029078014184397163,82,2820,-0.4390365183353424,2.326063632965088,-4.3105628490448,2.418329452474912,-3.0978752772013345,0.26021817326545715,0.23333333432674408,0,1.0,1.0,0.5193355729749908,9.867375886524817,48889820.84854064,1.0,0.0,0.17439049072444104,0.005572359042067788,0.17996284976650895,0.0,0.0,0.0,0.0,0.0,0.0,0.0,0.0,0.0,0.0,0.0,0.0,0.0,0.0,0.0,0.0,0.0,0.0,0.0,0.0,-0.00020708749958745092,0.0,0.484588023462062,0.0,0.0,False,0.0,0.0,0.0
214,200,22.537381887435913,42,False,True,time_limit,1.0,20.000000000000014,21.295713424682617,0.0,20,True,52.73103008655697,1.4552679574528737,341671131.57809603,-0.02830233772185825,-0.04775994862903741,-0.0024082037183635074,0.0,0.0011317586142019582,-0.0007755584106726169,-0.07879730915094371,-0.07844110894741746,0.35068524536196266,0.00404951106784429,0.5917783000134819,0.029839284661056915,0.0,0.014037961837689912,0.009609697057964554,4.6281610366349923e-07,0.0,1.575120320632114e-11,4.6281610366349923e-07,1.575120320632114e-11,0.5395913124084473,0.5,0.217519611120224,0.25,0.5,0.6666666865348816,0.7126436781609196,0.9540229885057471,0.11072200536727905,87,0.0,0.0,0.0,44,7,0.1590909090909091,7,20,20,250,-0.08011062443256378,-0.028826232999563217,-0.028349357657134533,-0.6921731233596802,-0.028054511174559593,0.08011062443256378,0.0,0.0,0.0,0.0,0.0,0.0,0.0,0.0,0.0,0.0,0.0,0.001498222414250672,0.00037340861792903486,0.0,0.0,21.295713424682617,,,1.295713424682603,0.0,0.0,0.284,1.0,0.0,,0,0.96875,0.03125,0.03125,0.0,0.0,0.304,0.152,0.544,0.304,0.152,0.544,0.4788812975423035,0.852118968963623,2.0078274276521473,-0.0433187974202964,0.17185592651367188,-0.0031753875211709076,1.1569372746679518,0.5697012527121438,2.4563772281010947,2.0078274276521473,-2.0078274276521473,0.03125,125,4000,-4.308475494384766,10.596428871154785,-7.465755965974596,8.077193200588226,-3.536861446168688,0.20214704838063982,0.14814814925193787,0,1.0,1.0,0.4996052631578945,9.492500000000005,47744336.03598735,1.0,0.0,0.07813922130981245,0.005234818256485943,0.0833740395662984,0.0,0.0,0.0,0.0,0.0,0.0,0.0,0.0,0.0,0.0,0.0,0.0,0.0,0.0,0.0,0.0,0.0,0.0,0.0,0.0,-0.000326819081687442,0.0,0.4796923855006462,0.0,0.0,True,-1.0,1.295713424682603,0.0
215,200,23.112076997756958,42,False,True,time_limit,1.0,20.000000000000014,20.992822647094727,0.0,20,True,52.06639045706955,1.5051278851003442,352215795.1807167,-0.02709246612398535,-0.275878323126291,-0.002122029224000196,0.0,0.0013934237285769893,-0.0008488733229650557,-0.3055287074134672,-0.3049841570078619,0.08802785059712592,0.0014162744078430214,0.8963737630974441,0.006894819786363031,0.0,0.004529163939802232,0.002758128171421762,1.154197775576904e-06,8.73803897890723e-14,2.5052145602444105e-08,1.154197775576904e-06,2.5052145602444105e-08,0.5356957912445068,0.5,0.22329877316951752,0.25,0.5,0.6666666865348816,0.7236842105263158,0.9736842105263158,0.11168573051691055,76,0.0,0.0,0.0,44,9,0.20454545454545456,9,20,20,262,-0.3066733777523041,-0.14649616181850433,-0.027253913320600988,-1.0602892637252808,-0.026947245001792908,0.3066733777523041,0.0,0.0,0.0,0.0,0.0,0.0,0.0,0.0,0.0,0.0,0.0,0.001969185671891969,0.000338724647925633,0.0,0.0,20.992822647094727,,,0.9928226470947124,0.0,0.0,0.24427480916030533,1.0,0.0,,0,0.972,0.028000000000000025,0.028000000000000025,0.0,0.0,0.32142857142857145,0.11607142857142858,0.5625,0.32142857142857145,0.11607142857142858,0.5625,0.48889192773335094,0.8593680620193481,2.1372926235198975,-0.024376736022531986,0.0,0.965711310505867,2.0119223594665527,1.9657262340188026,5.2886263728141785,2.1372926235198975,-2.1372926235198975,0.028,112,4000,-4.296992778778076,9.466537475585938,-15.333307266235352,9.183695912361145,-3.649149775505066,0.07806292176246643,0.0,0,1.0,1.0,0.5067631578947377,9.62850000000001,48980321.87235436,1.0,0.0,0.19225489302422052,0.005376590079593538,0.19763148310381426,0.0,0.0,0.0,0.0,0.0,0.0,0.0,0.0,0.0,0.0,0.0,0.0,0.0,0.0,0.0,0.0,0.0,0.0,0.0,0.0,-0.00043588893919905896,0.0,0.48834831538284196,0.0,0.0,True,-1.0,0.9928226470947124,0.0
216,200,21.047229528427124,42,False,True,time_limit,1.0,20.000000000000014,20.879703521728516,0.0,20,True,52.66760120954397,1.4062348833988916,332543414.46155316,-0.0290117950689405,-0.008679281006912926,-0.002106024083925203,0.0,0.0012717869794042118,-0.0005510259519493477,-0.04014028332388865,-0.03941952229643357,0.6913495391255298,0.008178036615074422,0.20682680646997098,0.05018644231937654,0.0,0.030328256234574035,0.01313091923547425,1.8299536108656866e-08,0.0,1.1765925256659804e-11,1.8299536108656866e-08,1.1765925256659804e-11,0.5193562507629395,0.5,0.2323468029499054,0.25,0.5,0.6000000238418579,0.8194444444444444,1.0,0.11700132489204407,72,0.0,0.0,0.0,39,6,0.15384615384615385,6,20,20,222,-0.04111495614051819,-0.029426303692162037,-0.02893745703622699,-0.6581404805183411,-0.0257362462580204,0.04111495614051819,0.0,0.0,0.0,0.0,0.0,0.0,0.0,0.0,0.0,0.0,0.0,0.0014743062298385294,0.00023399359375554744,0.0,0.0,20.879703521728516,,,0.8797035217285014,0.0,0.0,0.2072072072072072,1.0,0.0,,0,0.97675,0.023249999999999993,0.023249999999999993,0.0,0.0,0.22580645161290322,0.11827956989247312,0.6559139784946236,0.22580645161290322,0.11827956989247312,0.6559139784946236,0.49633832213904977,0.8657090425491332,2.189680576324463,0.1117397869626681,0.25,0.517331230143706,5.2025306224823,3.112513621648153,81.07963109016418,2.189680576324463,-2.189680576324463,0.02325,93,4000,-0.26057636737823486,1.6195049285888672,-5.4269453684488935,1.8649443611502647,-4.052294413248698,0.1357433001200358,0.22222222884496054,0,1.0,1.0,0.4579736842105266,8.701499999999992,41193438.98410937,1.0,0.0,0.08265819557497936,0.005779993643989253,0.08843818921896862,0.0,0.0,0.0,0.0,0.0,0.0,0.0,0.0,0.0,0.0,0.0,0.0,0.0,0.0,0.0,0.0,0.0,0.0,0.0,0.0,-0.00034318316410962595,0.0,0.4941096528511262,0.0,0.0,True,-1.0,0.8797035217285014,0.0
217,167,19.905410051345825,42,True,False,all_finished,0.0,16.699999999999967,17.60173225402832,0.0,20,True,51.706111527325085,1.4716942194484237,346900392.6879622,-0.02774210659788883,-0.009363277613148948,-0.002314505273736221,0.0,0.0013684835402033657,-0.0007141414950762712,-0.039663553127091154,-0.039009211081964625,0.664516048978168,0.005836557519562657,0.22428175102783893,0.05544012652447129,0.0,0.032819443523737536,0.017106072426221565,1.793205370859141e-07,0.0,1.7984189415454207e-10,1.793205370859141e-07,1.7984189415454207e-10,0.5194083452224731,0.5,0.23650793731212616,0.25,0.5,0.6666666865348816,0.8636363636363636,0.9848484848484849,0.11712798476219177,66,0.0,0.0,0.0,28,3,0.10714285714285714,3,20,20,245,-0.040746524930000305,-0.028091387823224068,-0.027629097551107408,-0.5465437769889832,-0.024176599457859993,0.040746524930000305,0.0,0.0,0.0,0.0,0.0,0.0,0.0,0.0,0.0,0.0,0.0,0.0012330136366352589,0.0006308757690076069,0.0,0.0,17.60173225402832,,,0.901732254028353,0.0,0.0,0.1673469387755102,1.0,0.0,,0,0.9736526946107784,0.026347305389221587,0.026347305389221587,0.0,0.0,0.25,0.10227272727272728,0.6477272727272727,0.25,0.10227272727272728,0.6477272727272727,0.4951885550071367,0.863589373230934,2.598909854888916,0.05720488354563713,0.0,-0.385360985994339,1.1171684265136719,0.1660083830356598,23.170042037963867,2.598909854888916,-2.598909854888916,0.026347305389221556,88,3340,-1.047806739807129,3.3362791538238525,-3.7515978813171387,0.27845466136932373,-4.0075225830078125,0.15684077143669128,0.6666666865348816,0,1.0,1.0,0.5848408446265366,11.111976047904193,48769865.150755376,1.0,0.0,0.12152128414235194,0.005374411709936914,0.12689569585228894,0.0,0.0,0.0,0.0,0.0,0.0,0.0,0.0,0.0,0.0,0.0,0.0,0.0,0.0,0.0,0.0,0.0,0.0,0.0,0.0,-0.00024366364231744316,0.0,0.4927624539109672,0.0,0.0,False,0.0,0.0,0.0
218,200,22.27649998664856,42,False,True,time_limit,1.0,20.000000000000014,21.25469398498535,0.0,20,True,51.43756638290753,1.4901368934082302,359598222.2669322,-0.02770024196531043,-0.022211541770524115,-0.0021194556458769536,0.0,0.0014071411288155385,-0.000686252128281313,-0.0524621183514784,-0.05174122935094463,0.5077299448217404,0.007897770561679942,0.40712513961708297,0.03884843675664881,0.0,0.025820090494222424,0.012578617748625438,3.595598627725849e-07,0.0,6.656175714769838e-11,3.595598627725849e-07,6.656175714769838e-11,0.522586464881897,0.5,0.23085452616214752,0.25,0.5,0.6666666865348816,0.8082191780821918,1.0,0.11613455414772034,73,0.0,0.0,0.0,43,9,0.20930232558139536,9,20,20,238,-0.05347341671586037,-0.028140828013420105,-0.026636427175253632,-0.5668086409568787,-0.02129616215825081,0.05347341671586037,0.0,0.0,0.0,0.0,0.0,0.0,0.0,0.0,0.0,0.0,0.0,0.0018466132099393287,0.00027692736131692544,0.0,0.0,21.25469398498535,,,1.2546939849853374,0.0,0.0,0.25210084033613445,1.0,0.0,,0,0.97225,0.027750000000000052,0.027750000000000052,0.0,0.0,0.34234234234234234,0.11711711711711711,0.5405405405405406,0.34234234234234234,0.11711711711711711,0.5405405405405406,0.4871739352225887,0.862023901939392,2.2500460147857666,-0.009914297610521317,0.28205128759145737,-0.18690497428178787,1.295729160308838,0.4547188729047775,2.4133333563804626,2.2500460147857666,-2.2500460147857666,0.02775,111,4000,-4.949429988861084,12.897001266479492,-6.7061731815338135,6.752471566200256,-4.142218828201294,0.1569966971874237,0.0,0,1.0,0.9974999999999994,0.4969736842105262,9.442500000000003,47504922.05105571,1.0,0.0,0.10516577516605875,0.005554243561564266,0.11072001872762298,0.0,0.0,0.0,0.0,0.0,0.0,0.0,0.0,0.0,0.0,0.0,0.0,0.0,0.0,0.0,0.0,0.0,0.0,0.0,0.0,-0.00043087896976777367,0.0,0.4853971191162709,0.0,0.0,True,-1.0,1.2546939849853374,0.0
219,200,21.452975511550903,42,False,True,time_limit,1.0,20.000000000000014,20.691038131713867,0.0,20,True,52.04880305607817,1.4656667788109972,345677630.9936913,-0.0277721289193003,-0.003094513553172584,-0.002331287738376568,0.0,0.0011358010151552651,-0.0007217058808897732,-0.03356870823830132,-0.03315461310403535,0.7838958784819282,0.010465577500223446,0.08734571365728672,0.0658029081954474,0.0,0.03211905801027807,0.020370864154836143,9.347447121887953e-11,0.0,1.0609862771335236e-11,9.347447121887953e-11,1.0609862771335236e-11,0.5214664340019226,0.5,0.22792208194732666,0.25,0.5,0.6666666865348816,0.7875,0.9875,0.11656437814235687,80,0.0,0.0,0.0,45,14,0.3111111111111111,14,20,20,240,-0.0349227711558342,-0.02839065622538328,-0.02787442607805133,-0.4828173518180847,-0.026162542402744293,0.0349227711558342,0.0,0.0,0.0,0.0,0.0,0.0,0.0,0.0,0.0,0.0,0.0,0.0017515466660538725,0.0002905212092830102,0.0,0.0,20.691038131713867,,,0.691038131713853,0.0,0.0,0.25833333333333336,1.0,0.0,,0,0.97,0.030000000000000027,0.030000000000000027,0.0,0.0,0.3333333333333333,0.13333333333333333,0.5333333333333333,0.3333333333333333,0.13333333333333333,0.5333333333333333,0.5030401366986315,0.8605551660060883,1.9506545662879944,-0.02808149717748165,0.1666666716337204,-0.18156595155596733,4.304764568805695,1.9654107689857483,39.29909133911133,1.9506545662879944,-1.9506545662879944,0.03,120,4000,0.1909778118133545,0.9104474186897278,-4.057236552238464,0.19964279234409332,-4.33769965171814,0.0645803939551115,0.6904762089252472,0,1.0,1.0,0.44994736842105143,8.549000000000001,41313076.425092876,1.0,0.0,0.088303057634597,0.0054122408076542755,0.09371529844225124,0.0,0.0,0.0,0.0,0.0,0.0,0.0,0.0,0.0,0.0,0.0,0.0,0.0,0.0,0.0,0.0,0.0,0.0,0.0,0.0,-0.00037077802745181127,0.0,0.4975704415605287,0.0,0.0,True,-1.0,0.691038131713853,0.0
220,200,23.05892252922058,42,False,True,time_limit,1.0,20.000000000000014,21.34598159790039,0.0,20,True,51.648755449726615,1.4934157149659755,355001190.35361135,-0.027342007758635954,-0.09589109790233218,-0.0021230727595256595,0.0,0.0013327363861646408,-0.0005499289546264098,-0.12559390599939457,-0.12481109856785697,0.21448634784134982,0.0018648711034639231,0.7522246193889098,0.01665459707318994,0.0,0.010455607326624369,0.004313957266462075,1.7754372265699203e-06,0.0,2.678263805178098e-10,1.7754372265699203e-06,2.678263805178098e-10,0.513816237449646,0.5,0.2348759025335312,0.25,0.5,0.6666666865348816,0.8450704225352113,0.971830985915493,0.11960972845554352,71,0.0,0.0,0.0,30,9,0.3,9,20,20,241,-0.12669283151626587,-0.028060615062713623,-0.027255576942116024,-0.921639621257782,-0.026342447847127914,0.12669283151626587,0.0,0.0,0.0,0.0,0.0,0.0,0.0,0.0,0.0,0.0,0.0,0.0011351007871294532,0.0003843839964507249,0.0,0.0,21.34598159790039,,,1.3459815979003764,0.0,0.0,0.17012448132780084,1.0,0.0,,0,0.97675,0.023249999999999993,0.023249999999999993,0.0,0.0,0.23655913978494625,0.10752688172043011,0.6559139784946236,0.23655913978494625,0.10752688172043011,0.6559139784946236,0.48913853807997854,0.8591877460479735,2.0078700383504233,-0.034772531439860664,0.033333333830038704,-0.06201578179995219,1.3724258343378704,0.6186401645342509,2.44650145371755,2.0078700383504233,-2.0078700383504233,0.02325,93,4000,-2.174837112426758,5.764909267425537,-6.181522528330485,3.314661741256714,-4.285483042399089,0.15746519466241202,0.0,0,1.0,1.0,0.5047105263157892,9.589499999999989,45783602.29424231,1.0,0.0,0.17661949458196294,0.005785744981326592,0.1824052395632894,0.0,0.0,0.0,0.0,0.0,0.0,0.0,0.0,0.0,0.0,0.0,0.0,0.0,0.0,0.0,0.0,0.0,0.0,0.0,0.0,-0.00023772757890158167,0.0,0.48949188948387745,0.0,0.0,True,-1.0,1.3459815979003764,0.0
221,200,22.972885847091675,42,False,True,time_limit,1.0,20.000000000000014,21.352405548095703,0.0,20,True,53.99340542445852,1.4244414521939637,322153422.27239007,-0.02840633388379904,-0.3120191506026289,-0.001906090549441899,0.0,0.001356846060228656,-0.0009076384692105528,-0.342687746768121,-0.3422385391771037,0.08234845263595086,0.001032522927577799,0.904526939309279,0.0055256552279022075,0.0,0.003935234201946725,0.0026311956973434033,4.223126950364531e-07,4.130598315645051e-13,3.0988099020134934e-08,4.223126950364531e-07,3.0988099020134934e-08,0.5137648582458496,0.5,0.23999255895614624,0.25,0.5,0.6000000238418579,0.859375,0.984375,0.11913064867258072,64,0.0,0.0,0.0,31,5,0.16129032258064516,5,20,20,245,-0.3440394699573517,-0.029279140755534172,-0.027976544201374055,-0.9723116755485535,-0.025690916925668716,0.3440394699573517,0.0,0.0,0.0,0.0,0.0,0.0,0.0,0.0,0.0,0.0,0.0,0.0016406686249424054,0.00048665155163710356,0.0,0.0,21.352405548095703,,,1.352405548095689,0.0,0.0,0.2163265306122449,1.0,0.0,,0,0.9745,0.025499999999999967,0.025499999999999967,0.0,0.0,0.37254901960784315,0.09803921568627451,0.5294117647058824,0.37254901960784315,0.09803921568627451,0.5294117647058824,0.48924135904538996,0.8613569736480713,2.2738295793533325,-0.006363276392221451,0.18636364117264748,0.458646722137928,1.362259328365326,1.1334901452064514,2.2724647521972656,2.2738295793533325,-2.2738295793533325,0.0255,102,4000,-6.18008279800415,16.73419761657715,-17.633909225463867,22.222573280334473,-4.3735268115997314,0.1388886496424675,0.0,0,1.0,1.0,0.49626315789473613,9.429,46135593.92365725,1.0,0.0,0.27318021413655585,0.00534740941577364,0.2785276235523295,0.0,0.0,0.0,0.0,0.0,0.0,0.0,0.0,0.0,0.0,0.0,0.0,0.0,0.0,0.0,0.0,0.0,0.0,0.0,0.0,-0.0003561717322499868,0.0,0.4891063231519656,0.0,0.0,True,-1.0,1.352405548095689,0.0
222,200,24.29069948196411,42,False,True,time_limit,1.0,20.000000000000014,20.624605178833008,0.0,20,True,51.96500231331887,1.439614061163204,338034677.8642983,-0.028122441943451173,-0.004991623930850242,-0.00255724291778485,0.0,0.001258905079200014,-0.000439808332429008,-0.035965275100231155,-0.0351461783534605,0.7466321520711342,0.007804610201627371,0.13252429946569308,0.0678931007098759,0.0,0.033469218487059575,0.0116766190646099,2.8643834526498324e-10,1.1940026875198462e-12,2.6649657480781726e-10,2.8643834526498324e-10,2.6649657480781726e-10,0.5646349191665649,0.5,0.21441268920898438,0.25,0.5,0.75,0.6,0.86,0.10228971391916275,100,0.0,0.0,0.0,56,5,0.08928571428571429,5,20,20,242,-0.036752600222826004,-0.028606409206986427,-0.02755365958437324,-0.5749463438987732,-0.025442110374569893,0.036752600222826004,0.0,0.0,0.0,0.0,0.0,0.0,0.0,0.0,0.0,0.0,0.0,0.0013444865530270382,0.0,0.0,0.0,20.624605178833008,,,0.6246051788329936,0.0,0.0,0.29338842975206614,1.0,0.0,,0,0.9675,0.03249999999999997,0.03249999999999997,0.0,0.0,0.23076923076923078,0.15384615384615385,0.6153846153846154,0.23076923076923078,0.15384615384615385,0.6153846153846154,0.48876049817104306,0.8518859148025509,2.1884735822677612,-0.014418847858905792,0.5750000029802322,-0.0923029612749815,8.80593729019165,4.3046175837516785,193.98320770263672,2.1884735822677612,-2.1884735822677612,0.0325,130,4000,0.2788335978984833,1.53462815284729,-3.8961069583892822,0.25320642441511154,-4.363391637802124,0.12268108129501343,0.42500001192092896,0,1.0,1.0,0.6094210526315792,11.57899999999999,46969601.25760783,1.0,0.0,0.1694689094911832,0.005248774622389816,0.174717684113573,0.0,0.0,0.0,0.0,0.0,0.0,0.0,0.0,0.0,0.0,0.0,0.0,0.0,0.0,0.0,0.0,0.0,0.0,0.0,0.0,-0.00029396630814476556,0.0,0.48996933655219616,0.0,0.0,True,-1.0,0.6246051788329936,0.0
223,200,23.75251579284668,42,False,True,time_limit,1.0,20.000000000000014,21.42932891845703,0.0,20,True,52.4225124710131,1.3678447179360878,318775170.1354059,-0.029732746318997076,-0.024529004943446987,-0.0015734680149764643,0.0,0.001626267754645165,-0.0008372864583840447,-0.05598099659527368,-0.05519201529901154,0.5087342773241612,0.0024942841691275156,0.4196970394023866,0.026922407533551216,0.0,0.02782582348830606,0.014326168082467313,5.210960551949029e-08,0.0,4.965987510097134e-10,5.210960551949029e-08,4.965987510097134e-10,0.507692277431488,0.5,0.2461538463830948,0.25,0.5,0.6000000238418579,0.9230769230769231,1.0,0.12103598564863205,52,0.0,0.0,0.0,17,4,0.23529411764705882,4,20,20,227,-0.05716012790799141,-0.030311619862914085,-0.029175446275621655,-1.1878784894943237,-0.02315974049270153,0.05716012790799141,0.0,0.0,0.0,0.0,0.0,0.0,0.0,0.0,0.0,0.0,0.0,0.0007576352662082457,0.00038965828958984855,0.0,0.0,21.42932891845703,,,1.429328918457017,0.0,0.0,0.1145374449339207,1.0,0.0,,0,0.98275,0.017249999999999988,0.017249999999999988,0.0,0.0,0.2463768115942029,0.057971014492753624,0.6956521739130435,0.2463768115942029,0.057971014492753624,0.6956521739130435,0.49305907906685376,0.8646948099136352,2.5969889163970947,0.03781745955348015,0.5714285969734192,0.012653453275561333,1.1388636827468872,0.5749212503433228,1.7820502519607544,2.5969889163970947,-2.5969889163970947,0.01725,69,4000,-1.9948559999465942,5.48851203918457,-6.129173755645752,4.364664554595947,-4.466272354125977,0.13098880648612976,0.0,0,1.0,1.0,0.6098421052631583,11.587000000000014,45700262.747625545,1.0,0.0,0.3364991160736993,0.005718959375343003,0.3422180754490423,0.0,0.0,0.0,0.0,0.0,0.0,0.0,0.0,0.0,0.0,0.0,0.0,0.0,0.0,0.0,0.0,0.0,0.0,0.0,0.0,-0.00014577731785291807,0.0,0.49220478783373256,0.0,0.0,True,-1.0,1.429328918457017,0.0
224,200,22.50532817840576,42,False,True,time_limit,1.0,20.000000000000014,20.565475463867188,0.0,20,True,52.759872384025016,1.417379209124475,326280032.91822726,-0.028665386780384924,-0.0598177643698686,-0.0019201236001665436,0.0,0.0013093851173367713,-0.0007077598020106241,-0.09053239122814243,-0.08993076591281295,0.30972897592248055,0.0013951011624271197,0.6463298417075417,0.020746900116175023,0.0,0.014151849473096213,0.007647331618279477,6.795039553253446e-08,0.0,1.5662075247835353e-10,6.795039553253446e-08,1.5662075247835353e-10,0.5274224281311035,0.5,0.2338012158870697,0.25,0.5,0.7142857313156128,0.835820895522388,0.9253731343283582,0.11463423818349838,67,0.0,0.0,0.0,32,3,0.09375,3,20,20,227,-0.09170057624578476,-0.029199497774243355,-0.028453859966248274,-0.9557225108146667,-0.02689305879175663,0.09170057624578476,0.0,0.0,0.0,0.0,0.0,0.0,0.0,0.0,0.0,0.0,0.0,0.0008465036175332849,0.00024790863374620403,0.0,0.0,20.565475463867188,,,0.5654754638671733,0.0,0.0,0.19823788546255505,1.0,0.0,,0,0.97725,0.022750000000000048,0.022750000000000048,0.0,0.0,0.26373626373626374,0.07692307692307693,0.6593406593406593,0.26373626373626374,0.07692307692307693,0.6593406593406593,0.4951583383042622,0.8602232456207276,2.013744354248047,0.0778554379940033,0.2222222238779068,-0.25515449047088623,1.1166342496871948,0.2976136803627014,1.0932639837265015,2.013744354248047,-2.013744354248047,0.02275,91,4000,-5.989840030670166,12.502327919006348,-6.770467281341553,7.493433475494385,-4.4841790199279785,0.14541050791740417,0.0,0,1.0,1.0,0.5302368421052637,10.074499999999986,44810482.70688002,1.0,0.0,0.14719438090524736,0.005499974728088381,0.15269435563333583,0.0,0.0,0.0,0.0,0.0,0.0,0.0,0.0,0.0,0.0,0.0,0.0,0.0,0.0,0.0,0.0,0.0,0.0,0.0,0.0,-0.0001291164777193692,0.0,0.4952267462799209,0.0,0.0,True,-1.0,0.5654754638671733,0.0
225,200,21.456939458847046,42,False,True,time_limit,1.0,20.000000000000014,20.528278350830078,0.0,20,True,51.22428069008365,1.5129272672758325,362714865.99013925,-0.02703350582730214,-0.08023175175720482,-0.0019652992625908998,0.0,0.0014504453867632485,-0.0006865737882376208,-0.10940371731569107,-0.10863984571716401,0.24236278573708994,0.001552431039306664,0.719299634485602,0.017619446294957812,0.0,0.013010380340377752,0.006155322102665767,5.286556756800564e-07,0.0,1.266893306928193e-09,5.286556756800564e-07,1.266893306928193e-09,0.5084248781204224,0.5,0.23582416772842407,0.25,0.5,0.6000000238418579,0.9076923076923077,1.0,0.12094147503376007,65,0.0,0.0,0.0,34,9,0.2647058823529412,9,20,20,257,-0.11041845381259918,-0.027864908799529076,-0.026706629991531373,-0.97575843334198,-0.022445954382419586,0.11041845381259918,0.0,0.0,0.0,0.0,0.0,0.0,0.0,0.0,0.0,0.0,0.0,0.001068096926267469,0.0009144172919131204,0.0,0.0,20.528278350830078,,,0.5282783508300639,0.0,0.0,0.2140077821011673,1.0,0.0,,0,0.9735,0.026499999999999968,0.026499999999999968,0.0,0.0,0.3867924528301887,0.0660377358490566,0.5471698113207547,0.3867924528301887,0.0660377358490566,0.5471698113207547,0.49051387179276473,0.8638660371303558,1.8912527163823445,-0.0003885515034198761,0.21590909361839294,-0.05829912672440211,1.437924901644389,0.6554575165112814,12.47024174531301,1.8912527163823445,-1.8912527163823445,0.0265,106,4000,-1.6320996284484863,5.172596454620361,-6.03584353129069,3.6846369405587516,-4.472107569376628,0.12241598715384801,0.041666666666666664,0,1.0,0.9994999999999998,0.4074210526315795,7.741000000000002,46112193.58034773,1.0,0.0,0.07679428715378653,0.00524089167156825,0.08203517882535488,0.0,0.0,0.0,0.0,0.0,0.0,0.0,0.0,0.0,0.0,0.0,0.0,0.0,0.0,0.0,0.0,0.0,0.0,0.0,0.0,-0.00017316046859234836,0.0,0.49053169500431976,0.0,0.0,True,-1.0,0.5282783508300639,0.0
226,78,8.531199932098389,42,True,False,all_finished,0.0,7.799999999999988,8.562479019165039,0.0,20,True,50.0071938626779,1.5148149316917578,365934083.8479604,-0.026904494155860898,-0.017395257047355544,-0.006439534486682881,0.0,0.001166960757801126,-0.0017699658464070027,-0.05145250607784335,-0.05205551116644931,0.49462510363169454,0.013112185133659804,0.31980273518258545,0.11838748553915977,0.0,0.021532590854058134,0.03253989965884233,1.468421544359444e-07,0.0,2.37396692581714e-11,1.468421544359444e-07,2.37396692581714e-11,0.5335059762001038,0.48000000119209296,0.21758557856082916,0.25,0.5,0.6666666865348816,0.7191011235955056,0.9550561797752809,0.11287274211645126,89,0.0,0.0,0.0,50,10,0.2,10,20,20,245,-0.053695324808359146,-0.02735926490277052,-0.026222824305295947,-0.5257054567337036,-0.0224724430590868,0.053695324808359146,0.0,0.0,0.0,0.0,0.0,0.0,0.0,0.0,0.0,0.0,0.0,0.00330958985430275,0.0005176181618521329,0.0,0.0,8.562479019165039,,,0.7624790191650508,0.0,0.0,0.2530612244897959,1.0,0.0,,0,0.9230769230769231,0.07692307692307687,0.07692307692307687,0.0,0.0,0.25833333333333336,0.15833333333333333,0.5833333333333334,0.25833333333333336,0.15833333333333333,0.5833333333333334,0.4897831338547313,0.8560460299253464,2.075109362602234,0.026276093286772568,0.3144841293493907,0.06626076996326447,1.0376636584599812,0.5793869197368622,1.2939292788505554,2.075109362602234,-2.075109362602234,0.07692307692307693,120,1560,-0.4476737976074219,3.219191074371338,-5.187021255493164,3.3882083098093667,-4.517909685770671,0.12087766081094742,0.0,0,1.0,1.0,0.4579622132253707,8.701282051282044,42543887.534631066,1.0,0.0,0.18721922530700982,0.005895849578181551,0.19311507488519128,0.0,0.0,0.0,0.0,0.0,0.0,0.0,0.0,0.0,0.0,0.0,0.0,0.0,0.0,0.0,0.0,0.0,0.0,0.0,0.0,-0.0007132203879441577,0.0,0.49589211131469946,0.0,0.0,False,0.0,0.0,0.0
227,200,22.940194129943848,42,False,True,time_limit,1.0,20.000000000000014,20.88223648071289,0.0,20,True,51.54138109416201,1.4463420132321376,340816258.74643546,-0.02810495610239525,-0.12369133589379931,-0.0020077233669793704,0.0,0.0012940144282257283,-0.0005324279210191949,-0.15415850674221296,-0.15339692023500845,0.18017465766163251,0.0022725658289602406,0.7929577978766513,0.012871070461979437,0.0,0.00831063052502504,0.0034132776457513306,6.457529480030644e-07,0.0,1.5451347701311714e-09,6.457529480030644e-07,1.5451347701311714e-09,0.5313771367073059,0.5,0.23290298879146576,0.25,0.5,0.6666666865348816,0.7464788732394366,0.971830985915493,0.11311117559671402,71,0.0,0.0,0.0,37,8,0.21621621621621623,8,20,20,234,-0.15520168840885162,-0.028782247565686703,-0.0280804006382823,-1.0070314407348633,-0.02673671394586563,0.15520168840885162,0.0,0.0,0.0,0.0,0.0,0.0,0.0,0.0,0.0,0.0,0.0,0.0016101178042932313,0.0004466080898634317,0.0,0.0,20.88223648071289,,,0.8822364807128764,0.0,0.0,0.2264957264957265,1.0,0.0,,0,0.97425,0.02575000000000005,0.02575000000000005,0.0,0.0,0.3106796116504854,0.11650485436893204,0.5728155339805825,0.3106796116504854,0.11650485436893204,0.5728155339805825,0.4850143161848754,0.8559592068195343,2.4493328332901,0.010649748146533966,0.2916666716337204,0.07521279156208038,2.345061421394348,1.2410117983818054,13.353124678134918,2.4493328332901,-2.4493328332901,0.02575,103,4000,-5.916630744934082,14.716510772705078,-13.227036952972412,10.134943902492523,-4.481248378753662,0.10166364908218384,0.1666666716337204,0,1.0,1.0,0.5778157894736846,10.978499999999997,48040356.39353097,1.0,0.0,0.06413356426208437,0.005687821811842492,0.06982138607392686,0.0,0.0,0.0,0.0,0.0,0.0,0.0,0.0,0.0,0.0,0.0,0.0,0.0,0.0,0.0,0.0,0.0,0.0,0.0,0.0,-0.00035449137904110457,0.0,0.4870048237029987,0.0,0.0,True,-1.0,0.8822364807128764,0.0
228,200,21.881497859954834,42,False,True,time_limit,1.0,20.000000000000014,21.113554000854492,0.0,20,True,50.81275216640897,1.5010507293102677,360994189.14055336,-0.027126634041851796,-0.015832070658146402,-0.0025249005238299157,0.0,0.0013549906765744127,-0.0006525683656865355,-0.04581967829959106,-0.0451172559887029,0.5671543048077545,0.00702649990981688,0.3310114706430162,0.052789748963772844,0.0,0.0283743014472237,0.01364367422841578,2.1171865682845237e-07,1.235345538971172e-12,6.978046404593206e-11,2.1171865682845237e-07,6.978046404593206e-11,0.5373887419700623,0.5,0.22294610738754272,0.25,0.5,0.6666666865348816,0.6923076923076923,0.978021978021978,0.11098462343215942,91,0.0,0.0,0.0,52,9,0.17307692307692307,9,20,20,228,-0.046585146337747574,-0.0272951303049922,-0.026393359899520876,-0.5491411685943604,-0.02320951409637928,0.046585146337747574,0.0,0.0,0.0,0.0,0.0,0.0,0.0,0.0,0.0,0.0,0.0,0.0015303767200824621,0.00024613000120747114,0.0,0.0,21.113554000854492,,,1.113554000854478,0.0,0.0,0.2719298245614035,1.0,0.0,,0,0.97,0.030000000000000027,0.030000000000000027,0.0,0.0,0.24166666666666667,0.15,0.6083333333333333,0.24166666666666667,0.15,0.6083333333333333,0.4900758781941498,0.8600929796695709,1.9740798473358154,0.04784554988145828,0.125,0.23145446181297302,1.1542251110076904,0.8031473755836487,2.474430561065674,1.9740798473358154,-1.9740798473358154,0.03,120,4000,-0.3261076807975769,3.001309633255005,-5.670412063598633,2.6542439460754395,-4.710752010345459,0.14331704378128052,0.0,0,1.0,1.0,0.44894736842105304,8.530000000000014,46370434.70704266,1.0,0.0,0.24289061398262482,0.005502973004229367,0.24839358698685415,0.0,0.0,0.0,0.0,0.0,0.0,0.0,0.0,0.0,0.0,0.0,0.0,0.0,0.0,0.0,0.0,0.0,0.0,0.0,0.0,-0.00033607307576253995,0.0,0.4935376647673547,0.0,0.0,True,-1.0,1.113554000854478,0.0
229,200,21.589333534240723,42,False,True,time_limit,1.0,20.000000000000014,20.418725967407227,0.0,20,True,53.11347910364903,1.3913711220328304,322064105.1899785,-0.02911542225455618,-0.0815482484036932,-0.0018968962190857132,0.0,0.0011888570101719707,-0.0005053216210950042,-0.11286512966851646,-0.11218159427943476,0.2541466451160935,0.0026585089828974106,0.711829406617973,0.0165578848899777,0.0,0.010396634517567902,0.004410919875490527,4.1811577489170304e-07,0.0,3.3085483797101736e-10,4.1811577489170304e-07,3.3085483797101736e-10,0.5261423587799072,0.5,0.23389849066734314,0.25,0.5,0.6500000208616257,0.7727272727272727,0.9696969696969697,0.11496340483427048,66,0.0,0.0,0.0,30,3,0.1,3,20,20,240,-0.11367984861135483,-0.029485817067325115,-0.02893322305753827,-0.5538410544395447,-0.028510503470897675,0.11367984861135483,0.0,0.0,0.0,0.0,0.0,0.0,0.0,0.0,0.0,0.0,0.0,0.0015097533640869817,0.00011220706508748169,0.0,0.0,20.418725967407227,,,0.41872596740721235,0.0,0.0,0.2916666666666667,1.0,0.0,,0,0.96975,0.03025,0.03025,0.0,0.0,0.45454545454545453,0.09917355371900827,0.4462809917355372,0.45454545454545453,0.09917355371900827,0.4462809917355372,0.4889464445206389,0.8660920262336731,1.9787672758102417,0.021412163972854614,0.21875,0.12709060311317444,1.138619840145111,0.6909739598631859,2.1090813279151917,1.9787672758102417,-1.9787672758102417,0.03025,121,4000,-2.3791844844818115,10.00387954711914,-9.615795135498047,9.87325918674469,-4.7379326820373535,0.11759529635310173,0.0,0,1.0,1.0,0.446105263157894,8.475999999999994,48053235.914997585,1.0,0.0,0.06907878259331268,0.005333576209731878,0.0744123588030446,0.0,0.0,0.0,0.0,0.0,0.0,0.0,0.0,0.0,0.0,0.0,0.0,0.0,0.0,0.0,0.0,0.0,0.0,0.0,0.0,-0.0003045627911760591,0.0,0.48430832374090094,0.0,0.0,True,-1.0,0.41872596740721235,0.0
230,200,24.81479024887085,42,False,True,time_limit,1.0,20.000000000000014,20.908252716064453,0.0,20,True,51.77788681253914,1.4855008369152018,352866084.77327925,-0.027442820511642263,-0.0844240981076801,-0.0018143075332441709,0.0,0.0014331512054367747,-0.0009304998668287194,-0.11386242053665567,-0.11335976919804669,0.2361136230164907,0.0015589673983832633,0.7263713897646707,0.015610010813526162,0.0,0.012340137501116335,0.008005871505812771,1.1623396467541625e-08,1.1176975144022716e-12,7.092412768194808e-10,1.1623396467541625e-08,7.092412768194808e-10,0.5248677134513855,0.5,0.2342151552438736,0.25,0.5,0.6600000202655791,0.7777777777777778,1.0,0.11519412696361542,63,0.0,0.0,0.0,28,4,0.14285714285714285,4,20,20,245,-0.11496741324663162,-0.027893276885151863,-0.027096786163747312,-0.627004861831665,-0.025641262531280518,0.11496741324663162,0.0,0.0,0.0,0.0,0.0,0.0,0.0,0.0,0.0,0.0,0.0,0.001001304200556702,0.0006156419431707564,0.0,0.0,20.908252716064453,,,0.9082527160644389,0.0,0.0,0.17551020408163265,1.0,0.0,,0,0.9785,0.021499999999999964,0.021499999999999964,0.0,0.0,0.26744186046511625,0.12790697674418605,0.6046511627906976,0.26744186046511625,0.12790697674418605,0.6046511627906976,0.4861794071887053,0.8546635746955871,2.1181492805480957,0.08126053959131241,0.0,-0.2281205952167511,4.937061309814453,2.234607696533203,54.386470794677734,2.1181492805480957,-2.1181492805480957,0.0215,86,4000,0.5515940189361572,0.44606029987335205,-4.0836944580078125,0.3339627981185913,-4.723582744598389,0.1126425489783287,0.20000000298023224,0,1.0,1.0,0.6527631578947377,12.402500000000025,47661351.470392354,1.0,0.0,0.1964555418880875,0.00576113684477296,0.2022166787328606,0.0,0.0,0.0,0.0,0.0,0.0,0.0,0.0,0.0,0.0,0.0,0.0,0.0,0.0,0.0,0.0,0.0,0.0,0.0,0.0,-0.0001811943840883157,0.0,0.4898837097827345,0.0,0.0,True,-1.0,0.9082527160644389,0.0
231,200,21.268062114715576,42,False,True,time_limit,1.0,20.000000000000014,21.05355453491211,0.0,20,True,54.474262412198904,1.4568792338546448,334027483.5690465,-0.028407749300031395,-0.0022616381856163776,-0.0021878600777339345,0.0,0.0011388746574247828,-0.0005151462791219567,-0.03320742383371524,-0.0325836954554121,0.8148288957083588,0.010044222111563455,0.0648713182383517,0.06275511629857898,0.0,0.032724336050781386,0.014776111592365753,4.989287205603432e-08,0.0,3.950749224296274e-11,4.989287205603432e-08,3.950749224296274e-11,0.5507839322090149,0.5,0.22013646364212036,0.25,0.5,0.7119047790765763,0.6341463414634146,0.9390243902439024,0.10672486573457718,82,0.0,0.0,0.0,45,6,0.13333333333333333,6,20,20,236,-0.03398868441581726,-0.028723848052322865,-0.02775065461173654,-0.5232162475585938,-0.025649499148130417,0.03398868441581726,0.0,0.0,0.0,0.0,0.0,0.0,0.0,0.0,0.0,0.0,0.0,0.0017216910482016322,0.0,0.0,0.0,21.05355453491211,,,1.0535545349120952,0.0,0.0,0.3855932203389831,1.0,0.0,,0,0.9635,0.03649999999999998,0.03649999999999998,0.0,0.0,0.4383561643835616,0.08904109589041095,0.4726027397260274,0.4383561643835616,0.08904109589041095,0.4726027397260274,0.4963831820060495,0.8682085275650024,2.0588512420654297,0.012720061466097832,0.125,-0.1513844057917595,4.8476738929748535,2.2668182849884033,92.49803924560547,2.0588512420654297,-2.0588512420654297,0.0365,146,4000,0.45122161507606506,0.8634688854217529,-4.249155044555664,0.28625331819057465,-4.811342239379883,0.11759361624717712,0.125,0,1.0,1.0,0.4890526315789467,9.29199999999999,44515604.671872385,1.0,0.0,0.1886329257917424,0.00562601355221409,0.19425893934395622,0.0,0.0,0.0,0.0,0.0,0.0,0.0,0.0,0.0,0.0,0.0,0.0,0.0,0.0,0.0,0.0,0.0,0.0,0.0,0.0,-0.0003501762703335111,0.0,0.4947897956338711,0.0,0.0,True,-1.0,1.0535545349120952,0.0
232,200,21.41134262084961,42,False,True,time_limit,1.0,20.000000000000014,20.633596420288086,0.0,20,True,50.527764200824635,1.566765278552904,378156151.2210566,-0.0260318671944078,-0.0007456599805897828,-0.0021685684310592825,0.0,0.0012037414262738876,-0.00044230988071085927,-0.029498230614256344,-0.028736799068692698,0.8358091429083457,0.01772748318537405,0.023941019083398022,0.06962655840880752,0.0,0.038694485400308704,0.014201311013765946,4.475423850958116e-11,0.0,5.360134107401649e-11,4.475423850958116e-11,5.360134107401649e-11,0.5538221597671509,0.5,0.21790599822998047,0.25,0.5,0.7482142865657807,0.6707317073170732,0.9146341463414634,0.10578381270170212,82,0.0,0.0,0.0,49,5,0.10204081632653061,5,20,20,262,-0.029964786022901535,-0.02609940990805626,-0.025256386678665876,-0.21539047360420227,-0.02332177385687828,0.029964786022901535,0.0,0.0,0.0,0.0,0.0,0.0,0.0,0.0,0.0,0.0,0.0,0.0021673964864345158,0.0,0.0,0.0,20.633596420288086,,,0.6335964202880717,0.0,0.0,0.366412213740458,1.0,0.0,,0,0.96375,0.036250000000000004,0.036250000000000004,0.0,0.0,0.43448275862068964,0.16551724137931034,0.4,0.43448275862068964,0.16551724137931034,0.4,0.48450704847840825,0.8600991964340209,1.83378267288208,0.09193509817123413,0.0,0.10672798752784729,3.618138551712036,1.9107836484909058,70.83311462402344,1.83378267288208,-1.83378267288208,0.03625,145,4000,0.6110261678695679,0.36136943101882935,-4.295212268829346,0.3062441647052765,-4.793918609619141,0.12053617835044861,0.1666666716337204,0,1.0,1.0,0.45752631578947506,8.693000000000026,46779233.13628541,1.0,0.0,0.055033994356294996,0.005565269903466404,0.0605992642597614,0.0,0.0,0.0,0.0,0.0,0.0,0.0,0.0,0.0,0.0,0.0,0.0,0.0,0.0,0.0,0.0,0.0,0.0,0.0,0.0,-0.0005521350081993063,0.0,0.48703178161469984,0.0,0.0,True,-1.0,0.6335964202880717,0.0
233,200,22.82616400718689,42,False,True,time_limit,1.0,20.000000000000014,21.36541175842285,0.0,20,True,51.8357466621256,1.4255692381769716,335132807.85198796,-0.028396323854589192,-0.00773962215149202,-0.001726431340310156,0.0,0.001576985367744502,-0.0007557760608445799,-0.03801515733895909,-0.03719394803205971,0.7037676715802865,0.003786462648620903,0.1918169368809499,0.04278745976891484,0.0,0.03911049671436294,0.018730972406864946,5.2275382245170476e-08,0.0,2.7290251308764592e-11,5.2275382245170476e-08,2.7290251308764592e-11,0.5195520520210266,0.5,0.23916466534137726,0.25,0.5,0.602500021457672,0.847457627118644,0.9661016949152542,0.11704616993665695,59,0.0,0.0,0.0,24,4,0.16666666666666666,4,20,20,229,-0.038548797369003296,-0.028261239640414715,-0.027097028121352194,-0.5403000712394714,-0.02134975604712963,0.038548797369003296,0.0,0.0,0.0,0.0,0.0,0.0,0.0,0.0,0.0,0.0,0.0,0.0008080704394356671,0.00043485181833699353,0.0,0.0,21.36541175842285,,,1.3654117584228374,0.0,0.0,0.16593886462882096,1.0,0.0,,0,0.9795,0.020499999999999963,0.020499999999999963,0.0,0.0,0.2804878048780488,0.15853658536585366,0.5609756097560976,0.2804878048780488,0.15853658536585366,0.5609756097560976,0.4791252960210853,0.8603456616401672,2.1554226875305176,0.33882832527160645,1.0,3.218588352203369,287.31829833984375,14365915136.0,23458381824.0,2.1554226875305176,-2.1554226875305176,0.0205,82,4000,-0.7763257622718811,3.7672812938690186,-21.765365600585938,0.0,-4.814899444580078,0.0,0.0,0,1.0,1.0,0.5279473684210533,10.031000000000008,43974632.807576135,1.0,0.0,0.14094681153745603,0.00618134015052087,0.14712815168797688,0.0,0.0,0.0,0.0,0.0,0.0,0.0,0.0,0.0,0.0,0.0,0.0,0.0,0.0,0.0,0.0,0.0,0.0,0.0,0.0,-0.00015277999256787194,0.0,0.486468852706952,0.0,0.0,True,-1.0,1.3654117584228374,0.0
234,200,22.269277572631836,42,False,True,time_limit,1.0,20.000000000000014,21.20816125869751,1.4000000000000001,20,True,50.881273638112866,1.478520397689975,351618326.5515993,-0.027487486853892493,-0.0025014812870730284,-0.0017059216749641566,0.0,0.0011028522412511984,-0.0009339854790279934,-0.0321018561685295,-0.03193298940630575,0.8051420083287875,0.011920540724439746,0.07327143721710046,0.04996852606908106,0.0,0.032339914073319626,0.02735757358727155,1.6548325376675166e-08,0.0,1.0428803523879186e-11,1.6548325376675166e-08,1.0428803523879186e-11,0.5296428799629211,0.5,0.23170633614063263,0.25,0.5,0.669047638773918,0.8,0.95,0.11372809112071991,60,0.0,0.0,0.0,31,4,0.12903225806451613,4,20,20,251,-0.03317231684923172,-0.02764509618282318,-0.027233760990202426,-0.5218585729598999,-0.026684029027819633,0.03317231684923172,0.0,0.0,0.0,0.0,0.0,0.0,0.0,0.0,0.0,0.0,0.0,0.0017838645201014153,0.00031410608162260877,0.0,0.0,21.20816125869751,,,1.2081612586974941,0.0,0.0,0.26693227091633465,1.0,0.0,,0,0.971,0.029000000000000026,0.029000000000000026,0.0,0.0,0.4827586206896552,0.1206896551724138,0.39655172413793105,0.4827586206896552,0.1206896551724138,0.39655172413793105,0.49523976152642146,0.8672311842441559,2.109260082244873,0.09702227264642715,0.20000000298023224,0.09799881279468536,6.071110725402832,3.1278018951416016,87.8114242553711,2.109260082244873,-2.109260082244873,0.029,116,4000,0.4956124424934387,0.6953117847442627,-4.207292556762695,0.1761670559644699,-4.614387035369873,0.09422698616981506,0.4000000059604645,0,1.0,1.0,0.48289473684210465,9.174999999999986,42752530.35358656,1.0,0.0,0.167045850333291,0.005558137720577028,0.17260398805386803,0.0,0.0,0.0,0.0,0.0,0.0,0.0,0.0,0.0,0.0,0.0,0.0,0.0,0.0,0.0,0.0,0.0,0.0,0.0,0.0,-0.00040696635259965496,0.0,0.4922249249904416,0.0,0.0,True,-1.0,1.2081612586974941,0.0
235,200,21.795470237731934,42,False,True,time_limit,1.0,20.000000000000014,20.52583827972412,0.7999999999999999,20,True,52.133466451614765,1.4957574500999982,351381596.1738715,-0.027363645826235267,-0.0006176373346455942,-0.0018487442362745807,0.0,0.0011669900668163534,0.0008853790540219412,-0.030309916237635175,-0.028257547116797302,0.8111436421088779,0.014225399069490025,0.018308693231459446,0.054802534087098884,0.0,0.03462058156407675,0.06689914993899708,9.01808142050875e-11,0.0,2.107350932645241e-10,9.01808142050875e-11,2.107350932645241e-10,0.5301098823547363,0.5,0.23494507372379303,0.25,0.5,0.7142857313156128,0.8307692307692308,0.9230769230769231,0.11376886069774628,65,0.0,0.0,0.0,33,1,0.030303030303030304,1,20,20,246,-0.029370255768299103,-0.02741900272667408,-0.026861452125012876,-0.13016006350517273,0.270807147026062,0.0320783294737339,0.0,0.0,0.0,0.0,0.0,0.0,0.0,0.0,0.0,0.0,0.0,0.002102829771238803,0.0003277668448280554,0.0,0.0,20.52583827972412,,,0.5258382797241055,0.05,0.05,0.3170731707317073,0.95,0.0,,0,0.97075,0.029249999999999998,0.029249999999999998,0.0,0.0,0.4444444444444444,0.1452991452991453,0.41025641025641024,0.4444444444444444,0.1452991452991453,0.41025641025641024,0.4866615524058251,0.8518287360668182,1.9595832824707031,0.07216841727495193,0.0,0.2787443697452545,10.7208890914917,5.633843898773193,117.39974975585938,1.9595832824707031,-1.9595832824707031,0.02925,117,4000,0.9323098063468933,1.364946961402893,-4.345757961273193,0.17918939888477325,-4.803450584411621,0.04624747484922409,0.3333333432674408,0,1.0,1.0,0.5034736842105282,9.566000000000026,51509983.184944876,1.0,0.0,0.10246597254815128,0.005589238648303554,0.1080552111964548,0.0,0.0,0.0,0.0,0.0,0.0,0.0,0.0,0.0,0.0,0.0,0.0,0.0,0.0,0.0,0.0,0.0,0.0,0.0,0.0,-0.00047988884048003484,0.0,0.4915045486818999,0.0,0.0,True,-1.0,0.5258382797241055,0.0
236,200,24.27280044555664,42,False,True,time_limit,1.0,20.000000000000014,21.066089630126953,0.0,20,True,50.90335082767335,1.4637424576232267,357868155.64195734,-0.028057150616646615,-0.33036072579176284,-0.0015924494378503561,0.0,0.0014896891644489063,-0.0006795395217612828,-0.3601242500345803,-0.359314100391906,0.07744301505403826,0.0003144521962526478,0.911857765256289,0.004395460090486536,0.0,0.004113650457842568,0.0018756569450908405,5.61981732971617e-06,5.065325058267039e-13,5.521760937376916e-10,5.61981732971617e-06,5.521760937376916e-10,0.5103774070739746,0.5,0.24056604504585266,0.25,0.5,0.6000000238418579,0.8867924528301887,1.0,0.12018484622240067,53,0.0,0.0,0.0,17,2,0.11764705882352941,2,20,20,261,-0.3605177402496338,-0.47482725977897644,-0.027451785281300545,-1.0047677755355835,-0.024885268881917,0.3605177402496338,0.0,0.0,0.0,0.0,0.0,0.0,0.0,0.0,0.0,0.0,0.0,0.0007269262143081493,0.0005178385049674717,0.0,0.0,21.066089630126953,,,1.066089630126939,0.0,0.0,0.1685823754789272,1.0,0.0,,0,0.97825,0.021750000000000047,0.021750000000000047,0.0,0.0,0.39080459770114945,0.11494252873563218,0.4942528735632184,0.39080459770114945,0.11494252873563218,0.4942528735632184,0.49726642310340974,0.8618864119052886,2.051541487375895,-0.006842526296774547,0.2142857164144516,0.047830681006113686,4.214151978492737,2.1493247946103415,39.221119006474815,2.051541487375895,-2.051541487375895,0.02175,87,4000,-9.173551559448242,30.238014221191406,-14.56874450047811,16.841811244686443,-4.617375373840332,0.11282638957103093,0.20000000794728598,0,1.0,1.0,0.5532368421052645,10.511500000000007,48099285.65612131,1.0,0.0,0.3140721793299296,0.005383033005745346,0.31945521233567437,0.0,0.0,0.0,0.0,0.0,0.0,0.0,0.0,0.0,0.0,0.0,0.0,0.0,0.0,0.0,0.0,0.0,0.0,0.0,0.0,-0.00011392418833176363,0.0,0.4922376702341717,0.0,0.0,True,-1.0,1.066089630126939,0.0
237,200,22.841654062271118,42,False,True,time_limit,1.0,20.000000000000014,21.030832386016847,0.8999999999999999,20,True,51.61472658736915,1.5044940127427275,358568240.76721275,-0.02731878936867611,-0.09331481702021127,-0.0017350207633039624,0.0,0.001282255885297058,-0.00040437082694746475,-0.12261265291926003,-0.12173476786091195,0.21890945829139968,0.001955414193419017,0.7477452887380809,0.013902975358589517,0.0,0.010302608204375886,0.007184255214134841,1.1618504913712968e-07,0.0,6.728267776257e-10,1.1618504913712968e-07,6.728267776257e-10,0.5242063403129578,0.5,0.23670636117458344,0.25,0.5,0.6666666865348816,0.85,0.9666666666666667,0.11566803604364395,60,0.0,0.0,0.0,28,2,0.07142857142857142,2,20,20,242,-0.122812420129776,-0.027367930859327316,-0.0267174587585032,-0.6140459179878235,-0.01170108001679182,0.122812420129776,0.0,0.0,0.0,0.0,0.0,0.0,0.0,0.0,0.0,0.0,0.0,0.0011837898147375406,0.00046529655530405667,0.0,0.0,21.030832386016847,,,1.030832386016833,0.05,0.05,0.2603305785123967,0.95,0.0,,0,0.9735,0.026499999999999968,0.026499999999999968,0.0,0.0,0.4339622641509434,0.1320754716981132,0.4339622641509434,0.4339622641509434,0.1320754716981132,0.4339622641509434,0.48847568191868324,0.8723165035247803,2.0508633852005005,0.04040039796382189,0.1428571492433548,-0.1797509267926216,0.9804884791374207,0.30491818487644196,1.903854787349701,2.0508633852005005,-2.0508633852005005,0.0265,106,4000,-1.178324818611145,4.587195873260498,-5.020995855331421,2.379586100578308,-4.553149223327637,0.15556903928518295,0.0,0,1.0,1.0,0.5247894736842114,9.971000000000016,48857813.430965774,1.0,0.0,0.21080977753949964,0.00535106625021823,0.21616084378971806,0.0,0.0,0.0,0.0,0.0,0.0,0.0,0.0,0.0,0.0,0.0,0.0,0.0,0.0,0.0,0.0,0.0,0.0,0.0,0.0,-0.00024402576707044233,0.0,0.488775527961785,0.0,0.0,True,-1.0,1.030832386016833,0.0
238,200,22.798003435134888,42,False,True,time_limit,1.0,20.000000000000014,20.590768814086914,0.0,20,True,50.66064148552678,1.5411023321971016,370081501.8524704,-0.026425184187927865,-0.1342120904099417,-0.001409254951806249,0.0,0.0014444037456630876,-0.0008050183441458148,-0.16244483293022083,-0.1618054475287057,0.16044930932202423,0.0024184316693801697,0.81491341955444,0.008556760931840678,0.0,0.008774141454736612,0.004887937067578262,2.447210079026263e-08,2.0697429637143647e-13,3.0251657956448106e-09,2.447210079026263e-08,3.0251657956448106e-09,0.5183531641960144,0.5,0.240823432803154,0.25,0.5,0.6000000238418579,0.8541666666666666,0.9791666666666666,0.11743790656328201,48,0.0,0.0,0.0,16,3,0.1875,3,20,20,232,-0.16297198832035065,-0.029628104530274868,-0.02592744752764702,-0.909392237663269,-0.023847121745347977,0.16297198832035065,0.0,0.0,0.0,0.0,0.0,0.0,0.0,0.0,0.0,0.0,0.0,0.001770461752880279,0.0008011953533309783,0.0,0.0,20.590768814086914,,,0.5907688140868999,0.0,0.0,0.2025862068965517,1.0,0.0,,0,0.9775,0.022499999999999964,0.022499999999999964,0.0,0.0,0.4666666666666667,0.07777777777777778,0.45555555555555555,0.4666666666666667,0.07777777777777778,0.45555555555555555,0.4966954185277614,0.8644287467002868,1.8757270574569702,0.05851017311215401,0.09090909361839294,0.23627981543540955,0.9852195382118225,0.7237961292266846,2.401916980743408,1.8757270574569702,-1.8757270574569702,0.0225,90,4000,0.07066766917705536,1.8296573162078857,-4.956043720245361,2.4939308166503906,-4.573320388793945,0.13978800177574158,0.0,0,1.0,1.0,0.5430789473684209,10.31849999999998,48701662.81733993,1.0,0.0,0.1061350611222363,0.005827991272461158,0.11196305239469735,0.0,0.0,0.0,0.0,0.0,0.0,0.0,0.0,0.0,0.0,0.0,0.0,0.0,0.0,0.0,0.0,0.0,0.0,0.0,0.0,-0.0003983033805463476,0.0,0.49258443568920485,0.0,0.0,True,-1.0,0.5907688140868999,0.0
239,200,23.995718002319336,42,False,True,time_limit,1.0,20.000000000000014,20.604938507080078,0.0,20,True,50.370159031093195,1.5689569616704913,380662313.28515744,-0.026167632734001238,-0.17320309723557556,-0.002116111963113074,0.0,0.001248232593889469,-0.0007329563403362198,-0.201731747793894,-0.20121647154033945,0.1284527377637379,0.0012022038327184426,0.850226394386827,0.010387656301950429,0.0,0.0061330418790894355,0.0035979658356769186,2.3257098291651346e-06,2.381835830997381e-12,1.58809139727543e-09,2.3257098291651346e-06,1.58809139727543e-09,0.5317036509513855,0.5,0.22525927424430847,0.25,0.5,0.6666666865348816,0.7733333333333333,0.9866666666666667,0.11285930871963501,75,0.0,0.0,0.0,42,6,0.14285714285714285,6,20,20,261,-0.20221558213233948,-0.02609231323003769,-0.025074001867324114,-1.370134949684143,-0.02356400527060032,0.20221558213233948,0.0,0.0,0.0,0.0,0.0,0.0,0.0,0.0,0.0,0.0,0.0,0.001366551441971535,0.0005334703776349666,0.0,0.0,20.604938507080078,,,0.6049385070800639,0.0,0.0,0.29118773946360155,1.0,0.0,,0,0.96775,0.03225,0.03225,0.0,0.0,0.4186046511627907,0.11627906976744186,0.46511627906976744,0.4186046511627907,0.11627906976744186,0.46511627906976744,0.49623756865149404,0.8636332601308822,1.8619235754013062,0.12245000898838043,0.20000000298023224,0.40278807282447815,1.6592826843261719,1.2273790836334229,2.783268451690674,1.8619235754013062,-1.8619235754013062,0.03225,129,4000,-4.875171184539795,9.26872730255127,-13.519197463989258,11.197041511535645,-4.493896484375,0.14796720445156097,0.0,0,1.0,1.0,0.5928684210526314,11.26449999999998,53102995.81915822,1.0,0.0,0.1384331129106868,0.005466825623502667,0.14389993853418942,0.0,0.0,0.0,0.0,0.0,0.0,0.0,0.0,0.0,0.0,0.0,0.0,0.0,0.0,0.0,0.0,0.0,0.0,0.0,0.0,-0.00024490586120357234,0.0,0.4931672725896351,0.0,0.0,True,-1.0,0.6049385070800639,0.0
240,200,21.633245944976807,42,False,True,time_limit,1.0,20.000000000000014,20.404952430725096,1.3000000000000003,20,True,52.6272607389328,1.464331820941337,341230054.2098702,-0.02800158163191431,-0.0025995186948428975,-0.0020372413512850106,0.0,0.0010305178852367152,0.0011095766305548604,-0.03325901216448464,-0.031118917648692738,0.7610070879534537,0.016868141438404136,0.07064787189693164,0.055366697802268966,0.0,0.02807402419090321,0.0680361767180381,4.9926569545277744e-08,0.0,5.979388650878546e-11,4.9926569545277744e-08,5.979388650878546e-11,0.5449244976043701,0.5,0.22448725998401642,0.25,0.5,0.6809523999691008,0.6933333333333334,0.9466666666666667,0.10865285247564316,75,0.0,0.0,0.0,48,7,0.14583333333333334,7,20,20,226,-0.03203251212835312,-0.027883091010153294,-0.027311197482049465,-0.5216705203056335,0.26908835768699646,0.034723393619060516,0.0,0.0,0.0,0.0,0.0,0.0,0.0,0.0,0.0,0.0,0.0,0.002684851208669235,0.00017089368136466259,0.0,0.0,20.404952430725096,,,0.404952430725082,0.1,0.1,0.4336283185840708,0.9,0.0,,0,0.965,0.03500000000000003,0.03500000000000003,0.0,0.0,0.4642857142857143,0.12857142857142856,0.40714285714285714,0.4642857142857143,0.12857142857142856,0.40714285714285714,0.4850143656925745,0.8513687521219254,1.791911244392395,0.1469627171754837,0.1666666716337204,-0.2724885046482086,1.4762719869613647,0.4607924818992615,5.415712833404541,1.791911244392395,-1.791911244392395,0.035,140,4000,0.4207983911037445,2.271602153778076,-3.36893367767334,1.7123833894729614,-4.48654317855835,0.1537763774394989,0.0,0,1.0,1.0,0.606684210526316,11.526999999999992,46551367.71365761,1.0,0.0,0.1063510541869844,0.005596290754733578,0.11194734494171789,0.0,0.0,0.0,0.0,0.0,0.0,0.0,0.0,0.0,0.0,0.0,0.0,0.0,0.0,0.0,0.0,0.0,0.0,0.0,0.0,-0.0006206704864423546,0.0,0.48664974540588446,0.0,0.0,True,-1.0,0.404952430725082,0.0
241,200,22.250102996826172,42,False,True,time_limit,1.0,20.000000000000014,21.115697860717773,0.0,20,True,51.57637650600695,1.4863522010767838,350961310.4173549,-0.027293406624771588,-0.04685345405418698,-0.002311975024159266,0.0,0.0011372411321026719,-0.0008484631706736183,-0.07693390511031858,-0.07664512714889148,0.34583282398612836,0.006019570841447012,0.5936768008416172,0.02929487192942474,0.0,0.01442511560535951,0.010750816796023074,3.184558750035649e-08,0.0,9.433009262593808e-10,3.184558750035649e-08,9.433009262593808e-10,0.5361042022705078,0.5,0.2241302877664566,0.25,0.5,0.625,0.6987951807228916,0.9518072289156626,0.11142048239707947,83,0.0,0.0,0.0,49,9,0.1836734693877551,9,20,20,236,-0.07749197632074356,-0.02706810738891363,-0.0266741001047194,-0.9683710336685181,-0.026218824088573456,0.07749197632074356,0.0,0.0,0.0,0.0,0.0,0.0,0.0,0.0,0.0,0.0,0.0,0.0020840870398331724,0.00014988467377534674,0.0,0.0,21.115697860717773,,,1.1156978607177592,0.0,0.0,0.3516949152542373,1.0,0.0,,0,0.96575,0.03425,0.03425,0.0,0.0,0.39416058394160586,0.16058394160583941,0.44525547445255476,0.39416058394160586,0.16058394160583941,0.44525547445255476,0.48988531581853023,0.8646879941225052,2.091454029083252,0.03540439531207085,0.20000000298023224,-0.34919512271881104,46.90709686279297,23.098711013793945,629.8500366210938,2.091454029083252,-2.091454029083252,0.03425,137,4000,-2.2157890796661377,7.921117305755615,-3.924793004989624,0.08858268707990646,-4.494185447692871,0.15482451021671295,0.6000000238418579,0,1.0,1.0,0.5652631578947377,10.740000000000009,49207769.72169253,1.0,0.0,0.1507626591999303,0.005694385891889932,0.1564570450918203,0.0,0.0,0.0,0.0,0.0,0.0,0.0,0.0,0.0,0.0,0.0,0.0,0.0,0.0,0.0,0.0,0.0,0.0,0.0,0.0,-0.0004750694072024284,0.0,0.48757812053582167,0.0,0.0,True,-1.0,1.1156978607177592,0.0
242,200,22.870437145233154,42,False,True,time_limit,1.0,20.000000000000014,20.54480743408203,0.0,20,True,52.79889089677731,1.4316387635387846,331228659.2171458,-0.02827623258054402,-0.004201151027128925,-0.0019461818809774294,0.0,0.0011752569878651117,-0.0007166660652607973,-0.03494834599756092,-0.03448975507495694,0.7674910349761178,0.014243917918404073,0.1140302457449982,0.052824475178170904,0.0,0.03195813153111157,0.019452194651197376,5.001448499797334e-08,0.0,1.7472002802887404e-10,5.001448499797334e-08,1.7472002802887404e-10,0.5328157544136047,0.5,0.23069359362125397,0.25,0.5,0.6952381134033201,0.7536231884057971,0.9420289855072463,0.11282211542129517,69,0.0,0.0,0.0,38,1,0.02631578947368421,1,20,20,264,-0.03522784635424614,-0.027892484329640865,-0.02721321461722255,-0.48271605372428894,-0.025236181914806366,0.03522784635424614,0.0,0.0,0.0,0.0,0.0,0.0,0.0,0.0,0.0,0.0,0.0,0.002368118763778992,0.0,0.0,0.0,20.54480743408203,,,0.544807434082017,0.0,0.0,0.3106060606060606,1.0,0.0,,0,0.96675,0.03325,0.03325,0.0,0.0,0.48120300751879697,0.09022556390977443,0.42857142857142855,0.48120300751879697,0.09022556390977443,0.42857142857142855,0.48948292608470495,0.8508013486862182,2.0296056270599365,0.04556707665324211,0.25,0.2071058750152588,1.052392840385437,0.7278154492378235,2.5034077167510986,2.0296056270599365,-2.0296056270599365,0.03325,133,4000,-0.22772474586963654,2.0197813510894775,-4.876719951629639,2.1907079219818115,-4.450052261352539,0.18488077819347382,0.0,0,1.0,1.0,0.5460263157894737,10.374500000000006,44178628.92010188,1.0,0.0,0.06967904474136344,0.005386424944159847,0.07506546968552323,0.0,0.0,0.0,0.0,0.0,0.0,0.0,0.0,0.0,0.0,0.0,0.0,0.0,0.0,0.0,0.0,0.0,0.0,0.0,0.0,-0.000524780508910446,0.0,0.49189404016616756,0.0,0.0,True,-1.0,0.544807434082017,0.0
243,200,22.665860414505005,42,False,True,time_limit,1.0,20.000000000000014,20.618738174438477,0.0,20,True,50.831768581511696,1.4643112676923449,349107214.1286869,-0.027625292258469457,-0.2009147001530866,-0.002704546382568721,0.0,0.0011253660757477915,-0.0009354845439106506,-0.2318823193779196,-0.23169243784608046,0.11808449559820187,0.0027261973496912686,0.8588112228411825,0.011560601510366173,0.0,0.004818747792197654,0.003998734908360508,1.8556576151240733e-06,2.903679250168545e-12,6.306143801593211e-10,1.8556576151240733e-06,6.306143801593211e-10,0.5401522517204285,0.5,0.21934323012828827,0.25,0.5,0.6738095432519908,0.7448979591836735,0.9489795918367347,0.11038964241743088,98,0.0,0.0,0.0,55,9,0.16363636363636364,9,20,20,249,-0.23238509893417358,-0.027307888492941856,-0.026854304410517216,-1.3694223165512085,-0.025016015395522118,0.23238509893417358,0.0,0.0,0.0,0.0,0.0,0.0,0.0,0.0,0.0,0.0,0.0,0.0027003823335691873,0.0,0.0,0.0,20.618738174438477,,,0.6187381744384624,0.0,0.0,0.3895582329317269,1.0,0.0,,0,0.96025,0.03974999999999995,0.03974999999999995,0.0,0.0,0.3836477987421384,0.10062893081761007,0.5157232704402516,0.3836477987421384,0.10062893081761007,0.5157232704402516,0.4907654453670761,0.8577948123216628,2.010435238480568,-0.03503888149862178,0.21348464209586382,-0.24153404589742422,3.6231096237897873,1.56459142267704,9.534994751214981,2.010435238480568,-2.010435238480568,0.03975,159,4000,0.38577646017074585,0.31986740231513977,-4.081622004508972,0.31137075647711754,-4.319945335388184,0.169465072453022,0.8198052011430264,0,1.0,1.0,0.5105000000000008,9.699500000000006,50067106.401500694,0.9602499999999975,0.0,0.1428581360860912,0.0053417248228306725,0.14819986090892198,0.0,0.0,0.0,0.0,0.0,0.0,0.0,0.0,0.0,0.0,0.0,0.0,0.0,0.0,0.0,0.0,0.0,0.0,0.0,0.0,-0.0006377805837926868,0.0,0.49194856159132905,0.0,0.0,True,-1.0,0.6187381744384624,0.0
244,200,23.271929025650024,42,False,True,time_limit,1.0,20.000000000000014,21.68227767944336,0.0,20,True,52.274921040041285,1.4460585546598865,339975019.0152236,-0.028114052183201788,-0.019358971965167036,-0.001830607336970297,0.0,0.0014744028057057522,-0.0009922983958611394,-0.04959249462874324,-0.04911039021889631,0.5400193467834903,0.005548530855428669,0.371850323350962,0.035162607363958494,0.0,0.028358960554058576,0.019060231092101892,5.080282861058549e-08,0.0,1.1374319298929053e-10,5.080282861058549e-08,1.1374319298929053e-10,0.507460355758667,0.5,0.2341269999742508,0.25,0.5,0.669047638773918,0.8833333333333333,0.95,0.12204047292470932,60,0.0,0.0,0.0,30,6,0.2,6,20,20,253,-0.049793731421232224,-0.02739239390939474,-0.026954633183777332,-1.1883997917175293,-0.02123730257153511,0.049793731421232224,0.0,0.0,0.0,0.0,0.0,0.0,0.0,0.0,0.0,0.0,0.0,0.001472364642941141,0.0005026592310263543,0.0,0.0,21.68227767944336,,,1.6822776794433452,0.0,0.0,0.22134387351778656,1.0,0.0,,0,0.975,0.025000000000000022,0.025000000000000022,0.0,0.0,0.4,0.15,0.45,0.4,0.15,0.45,0.48986153283497313,0.86526418030262,2.0240719318389893,0.0012381511429945629,0.16666666666666666,-0.10027514894803365,2.283862590789795,1.0361957500378292,26.27238933245341,2.0240719318389893,-2.0240719318389893,0.025,100,4000,-2.7681899070739746,7.221646785736084,-6.544127782185872,4.186551064252853,-4.34628168741862,0.2215055227279663,0.20833333333333334,0,1.0,1.0,0.565526315789475,10.745000000000003,45292491.79535746,1.0,0.0,0.3123848507262711,0.005689680707123717,0.31807453143339476,0.0,0.0,0.0,0.0,0.0,0.0,0.0,0.0,0.0,0.0,0.0,0.0,0.0,0.0,0.0,0.0,0.0,0.0,0.0,0.0,-0.00028886314340172804,0.0,0.48780868961650414,0.0,0.0,True,-1.0,1.6822776794433452,0.0
245,200,20.23235297203064,42,False,True,time_limit,1.0,20.000000000000014,20.33687973022461,0.0,20,True,52.17302584800473,1.4993891297191315,349937207.66115093,-0.027246007293522518,-0.03241682364959194,-0.002001978715529574,0.0,0.0010642296058891551,-0.0007977072808425351,-0.062225319118125795,-0.06195879679307864,0.42511976745787555,0.00874563559002775,0.505800074967821,0.031236897092216716,0.0,0.016650988947281113,0.012446635944777702,1.0213916823431646e-07,0.0,1.2565199228320411e-10,1.0213916823431646e-07,1.2565199228320411e-10,0.5328019857406616,0.5,0.22125446796417236,0.25,0.5,0.6904762089252472,0.7887323943661971,0.9436619718309859,0.11278751492500305,71,0.0,0.0,0.0,48,7,0.14583333333333334,7,20,20,234,-0.06249666213989258,-0.026743192225694656,-0.026450496446341277,-0.5395527482032776,-0.0248444601893425,0.06249666213989258,0.0,0.0,0.0,0.0,0.0,0.0,0.0,0.0,0.0,0.0,0.0,0.002411825077879223,0.0,0.0,0.0,20.33687973022461,,,0.33687973022459516,0.0,0.0,0.43162393162393164,1.0,0.0,,0,0.9625,0.03749999999999998,0.03749999999999998,0.0,0.0,0.5266666666666666,0.12666666666666668,0.3466666666666667,0.5266666666666666,0.12666666666666668,0.3466666666666667,0.48845887656978226,0.8509005904197693,1.7673194408416748,0.04729344975203276,0.05882352963089943,-0.07505665346980095,1.019403725862503,0.42988328635692596,0.9278422594070435,1.7673194408416748,-1.7673194408416748,0.0375,150,4000,-2.4006576538085938,11.675433158874512,-5.737972974777222,5.539720773696899,-4.245848655700684,0.22505736351013184,0.0,0,1.0,1.0,0.46468421052631614,8.828999999999995,43501655.37732592,1.0,0.0,0.08195244567761378,0.0058719573958906325,0.08782440307350436,0.0,0.0,0.0,0.0,0.0,0.0,0.0,0.0,0.0,0.0,0.0,0.0,0.0,0.0,0.0,0.0,0.0,0.0,0.0,0.0,-0.0005605094594807271,0.0,0.4915389193398878,0.0,0.0,True,-1.0,0.33687973022459516,0.0
246,200,21.440979480743408,42,False,True,time_limit,1.0,20.000000000000014,21.052518844604492,0.0,20,True,52.65027653091088,1.3965060082255834,324573771.52744496,-0.029259608342194775,-0.07087089500362317,-0.0020372187498648216,0.0,0.0012160210614188466,-0.0008309835479119764,-0.10260548102842738,-0.10222044351491862,0.2795834755932801,0.004182905063424844,0.6771905799895993,0.01946617644261605,0.0,0.011636590239998768,0.007940272671081088,1.496712570769887e-06,6.965894874810807e-13,5.453864887483538e-10,1.496712570769887e-06,5.453864887483538e-10,0.5280349254608154,0.5,0.22894035279750824,0.25,0.5,0.7142857313156128,0.7887323943661971,0.9295774647887324,0.11477286368608475,71,0.0,0.0,0.0,39,7,0.1794871794871795,7,20,20,229,-0.10271821916103363,-0.028751864098012447,-0.028176342695951463,-0.545892596244812,-0.026077907532453537,0.10271821916103363,0.0,0.0,0.0,0.0,0.0,0.0,0.0,0.0,0.0,0.0,0.0,0.0021428372052362593,0.0002693820259834408,0.0,0.0,21.052518844604492,,,1.052518844604478,0.0,0.0,0.38427947598253276,1.0,0.0,,0,0.9665,0.033499999999999974,0.033499999999999974,0.0,0.0,0.4701492537313433,0.1044776119402985,0.4253731343283582,0.4701492537313433,0.1044776119402985,0.4253731343283582,0.49593386300258224,0.8730320036411285,1.7665791511535645,0.0375659354031086,0.3333333432674408,-0.28333207964897156,1.1193798780441284,0.2716032862663269,1.4371954202651978,1.7665791511535645,-1.7665791511535645,0.0335,134,4000,-6.09409236907959,18.10670280456543,-5.463015556335449,3.6070098876953125,-4.196686744689941,0.1786765456199646,0.0,0,1.0,1.0,0.5057631578947358,9.609499999999976,47689134.6233188,1.0,0.0,0.17154679823094324,0.005739084844686543,0.17728588307562962,0.0,0.0,0.0,0.0,0.0,0.0,0.0,0.0,0.0,0.0,0.0,0.0,0.0,0.0,0.0,0.0,0.0,0.0,0.0,0.0,-0.0004377589327433628,0.0,0.49472620285931046,0.0,0.0,True,-1.0,1.052518844604478,0.0
247,200,23.11007285118103,42,False,True,time_limit,1.0,20.000000000000014,20.727329349517824,1.3000000000000003,20,True,53.528893737292435,1.470569462327984,341126819.6862189,-0.027990588444820424,-0.04400961006904117,-0.002228016415034538,0.0,0.0012593430418806212,0.0001116045549490731,-0.07447877942005658,-0.0731078318232279,0.363336854673796,0.003252497327486429,0.5712746385960529,0.028921166769898164,0.0,0.01636193231788706,0.016852910314879597,5.4863939169536025e-08,0.0,7.314298083871385e-10,5.4863939169536025e-08,7.314298083871385e-10,0.520551323890686,0.5,0.23007521033287048,0.25,0.5,0.6666666865348816,0.7894736842105263,0.9736842105263158,0.11726401746273041,76,0.0,0.0,0.0,40,9,0.225,9,20,20,247,-0.07354041934013367,-0.0272451089695096,-0.02643838105723262,-0.8119588494300842,0.07579811662435532,0.07429840415716171,0.0,0.0,0.0,0.0,0.0,0.0,0.0,0.0,0.0,0.0,0.0,0.0013680841619310804,0.0,0.0,0.0,20.727329349517824,,,0.7273293495178095,0.1,0.1,0.32388663967611336,0.9,0.0,,0,0.9655,0.034499999999999975,0.034499999999999975,0.0,0.0,0.4492753623188406,0.08695652173913043,0.463768115942029,0.4492753623188406,0.08695652173913043,0.463768115942029,0.4796367484298335,0.8552799344062805,2.267566204071045,0.04771167412400246,0.4000000059604645,-0.07369347661733627,1.2296936511993408,0.5350571870803833,1.47802734375,2.267566204071045,-2.267566204071045,0.0345,138,4000,-2.223984479904175,11.154760360717773,-6.021472454071045,3.7940404415130615,-4.438940525054932,0.22314046323299408,0.0,0,1.0,1.0,0.6294473684210532,11.959499999999998,44725504.96887143,1.0,0.0,0.10994701935741194,0.005386025134456445,0.1153330444918685,0.0,0.0,0.0,0.0,0.0,0.0,0.0,0.0,0.0,0.0,0.0,0.0,0.0,0.0,0.0,0.0,0.0,0.0,0.0,0.0,-0.0002505644911614763,0.0,0.4846630745988805,0.0,0.0,True,-1.0,0.7273293495178095,0.0
248,200,22.627576112747192,42,False,True,time_limit,1.0,20.000000000000014,20.41878318786621,0.0,20,True,49.91878484790435,1.5116338150591497,372635370.21777034,-0.027015400357216904,-0.08107888063359561,-0.0015298793381290107,0.0,0.0013875728164655249,-0.0006770349532370885,-0.11007290337664918,-0.10936236551341785,0.24090696684709198,0.004001618524494879,0.7230123170682176,0.013642536705632783,0.0,0.012399173480059667,0.00603738737450317,8.073250512552477e-09,0.0,9.972488668186129e-10,8.073250512552477e-09,9.972488668186129e-10,0.5255002975463867,0.5,0.23536306619644165,0.25,0.5,0.6666666865348816,0.8301886792452831,0.9622641509433962,0.11546257883310318,53,0.0,0.0,0.0,28,1,0.03571428571428571,1,20,20,256,-0.10971382260322571,-0.02607901580631733,-0.02587348222732544,-0.7927025556564331,-0.023665957152843475,0.10971382260322571,0.0,0.0,0.0,0.0,0.0,0.0,0.0,0.0,0.0,0.0,0.0,0.002083507445001705,0.0007682206722287459,0.0,0.0,20.41878318786621,,,0.4187831878661967,0.0,0.0,0.2890625,1.0,0.0,,0,0.972,0.028000000000000025,0.028000000000000025,0.0,0.0,0.5267857142857143,0.10714285714285714,0.36607142857142855,0.5267857142857143,0.10714285714285714,0.36607142857142855,0.49183569096450536,0.8529899597167969,1.6092780590057374,-0.017822646722197532,0.19191919565200805,0.055935078859329225,2.983176577091217,1.5432020902633667,41.2059821844101,1.6092780590057374,-1.6092780590057374,0.028,112,4000,-4.1379313468933105,19.37853240966797,-8.35719699859619,11.946175736188888,-4.40353946685791,0.22706680297851561,0.2888888895511627,0,1.0,1.0,0.5721315789473674,10.870500000000007,43337056.23123696,1.0,0.0,0.08560162196308908,0.005714798630065289,0.0913164205931544,0.0,0.0,0.0,0.0,0.0,0.0,0.0,0.0,0.0,0.0,0.0,0.0,0.0,0.0,0.0,0.0,0.0,0.0,0.0,0.0,-0.00044874304770397584,0.0,0.48655483257817106,0.0,0.0,True,-1.0,0.4187831878661967,0.0
249,200,22.25209093093872,42,False,True,time_limit,1.0,20.000000000000014,20.41884994506836,0.0,20,True,53.704483079328796,1.4325489257120663,332079590.762287,-0.028504041188050482,-0.007234994156135862,-0.002481163566085504,0.0,0.001017341541923904,-0.0007468760467454264,-0.03858846325918083,-0.038317997764001896,0.7063240764792117,0.009125512218670313,0.1792816159628441,0.06148270530649879,0.0,0.025278660490361038,0.01850742954241389,5.604214692311871e-08,0.0,7.992040189364027e-11,5.604214692311871e-08,7.992040189364027e-11,0.5169690251350403,0.5,0.2251134216785431,0.25,0.5,0.6566666871309277,0.8214285714285714,0.9880952380952381,0.11815062165260315,84,0.0,0.0,0.0,47,15,0.3191489361702128,15,20,20,230,-0.038638886064291,-0.02784675732254982,-0.02751064291223884,-0.5769246220588684,-0.02621050737798214,0.038638886064291,0.0,0.0,0.0,0.0,0.0,0.0,0.0,0.0,0.0,0.0,0.0,0.0019186199744882725,0.000244509940267252,0.0,0.0,20.41884994506836,,,0.41884994506834516,0.0,0.0,0.4043478260869565,1.0,0.0,,0,0.9625,0.03749999999999998,0.03749999999999998,0.0,0.0,0.44,0.13333333333333333,0.4266666666666667,0.44,0.13333333333333333,0.4266666666666667,0.48019555228765615,0.8549474477767945,1.9988313913345337,0.054484281688928604,0.11764705926179886,0.0936632752418518,0.9264381527900696,0.5515206456184387,1.7681264877319336,1.9988313913345337,-1.9988313913345337,0.0375,150,4000,-0.014860998839139938,1.776381492614746,-4.623087406158447,2.0049002170562744,-4.497601509094238,0.23267467319965363,0.0,0,1.0,1.0,0.5836578947368425,11.089499999999997,45878752.498893715,1.0,0.0,0.07308138795965516,0.005350855578101626,0.07843224353775673,0.0,0.0,0.0,0.0,0.0,0.0,0.0,0.0,0.0,0.0,0.0,0.0,0.0,0.0,0.0,0.0,0.0,0.0,0.0,0.0,-0.00036826434890853123,0.0,0.4844929114410188,0.0,0.0,True,-1.0,0.41884994506834516,0.0
250,200,20.732036113739014,42,False,True,time_limit,1.0,20.000000000000014,20.961982917785644,0.9999999999999999,20,True,53.06998060589615,1.3467379429828596,311555775.2877101,-0.030233517683800986,-0.004543402874876328,-0.0021340847246920243,0.0,0.0010278419855673615,-0.00016954128181075203,-0.03720713223157304,-0.03634883152781631,0.7562738017171763,0.00740744280075891,0.11365057155610099,0.05338288401664027,0.0,0.02582287017526512,0.04346242973405849,8.914947891014435e-09,0.0,1.2715386816380949e-11,8.914947891014435e-09,1.2715386816380949e-11,0.5255792140960693,0.5,0.23022842407226562,0.25,0.5,0.7049999982118605,0.8108108108108109,0.9324324324324325,0.11535593122243881,74,0.0,0.0,0.0,38,3,0.07894736842105263,3,20,20,237,-0.03657740727066994,-0.029461771249771118,-0.02887546755373478,-0.5353624224662781,0.12023937702178955,0.037779800593853,0.0,0.0,0.0,0.0,0.0,0.0,0.0,0.0,0.0,0.0,0.0,0.0016080457290764281,0.0,0.0,0.0,20.961982917785644,,,0.9619829177856296,0.05,0.05,0.4177215189873418,0.95,0.0,,0,0.96425,0.03574999999999995,0.03574999999999995,0.0,0.0,0.4825174825174825,0.1258741258741259,0.3916083916083916,0.4825174825174825,0.1258741258741259,0.3916083916083916,0.4881331074721846,0.8659253478050232,1.7726510365804036,-0.015867410848538082,0.08333333333333333,-0.16625267267227173,8.624456723531088,4.141230185826619,53.516836166381836,1.7726510365804036,-1.7726510365804036,0.03575,143,4000,0.24675403535366058,1.9035289287567139,-4.018745183944702,0.20680409173170725,-4.471575895945231,0.26839829484621686,0.563492069641749,0,1.0,1.0,0.5054736842105257,9.603999999999981,43942680.65518589,1.0,0.0,0.08123540264691527,0.0052201782116323885,0.08645558085854772,0.0,0.0,0.0,0.0,0.0,0.0,0.0,0.0,0.0,0.0,0.0,0.0,0.0,0.0,0.0,0.0,0.0,0.0,0.0,0.0,-0.0002961269482031331,0.0,0.48824808638216927,0.0,0.0,True,-1.0,0.9619829177856296,0.0
251,200,21.110625505447388,42,False,True,time_limit,1.0,20.000000000000014,21.03330421447754,0.0,20,True,52.763761129068044,1.4553093916400226,340055763.34359235,-0.028305044371234475,-0.003954192379315786,-0.0020518463409621517,0.0,0.001117801510434948,-0.0006364603868186092,-0.03465429955912966,-0.034172958435512775,0.7774009775823916,0.009426475858811952,0.10860230356511778,0.056354172436270306,0.0,0.03073562006187465,0.01748045049553387,2.2603552363165136e-09,0.0,3.286160406290595e-11,2.2603552363165136e-09,3.286160406290595e-11,0.5481683015823364,0.5,0.2103014886379242,0.25,0.5,0.7329545617103577,0.6710526315789473,0.8947368421052632,0.10799189656972885,76,0.0,0.0,0.0,54,9,0.16666666666666666,9,20,20,230,-0.03432212024927139,-0.02742134779691696,-0.026789051573723556,-0.6530835628509521,-0.02257164567708969,0.03432212024927139,0.0,0.0,0.0,0.0,0.0,0.0,0.0,0.0,0.0,0.0,0.0,0.0017561263134797801,0.00019351409995434685,0.0,0.0,21.03330421447754,,,1.0333042144775249,0.0,0.0,0.39565217391304347,1.0,0.0,,0,0.96675,0.03325,0.03325,0.0,0.0,0.42857142857142855,0.18045112781954886,0.39097744360902253,0.42857142857142855,0.18045112781954886,0.39097744360902253,0.48542583801770406,0.8673277854919433,1.9004342555999756,0.02220872789621353,0.1111111119389534,0.03262000530958176,0.9021012783050537,0.47858425974845886,1.263928771018982,1.9004342555999756,-1.9004342555999756,0.03325,133,4000,0.13961507380008698,0.9138643741607666,-4.198307514190674,0.856144905090332,-4.282984256744385,0.2496272772550583,0.1111111119389534,0,1.0,1.0,0.5228157894736847,9.933500000000004,46269462.78943504,1.0,0.0,0.1520627251725941,0.005354834979888014,0.1574175601524822,0.0,0.0,0.0,0.0,0.0,0.0,0.0,0.0,0.0,0.0,0.0,0.0,0.0,0.0,0.0,0.0,0.0,0.0,0.0,0.0,-0.00034321646761727257,0.0,0.4890094257535675,0.0,0.0,True,-1.0,1.0333042144775249,0.0
252,200,21.752371788024902,42,False,True,time_limit,1.0,20.000000000000014,20.645057678222656,0.0,20,True,50.93026891116066,1.5152875349800072,363825483.98276293,-0.026655007750043903,-0.05368460636686657,-0.0016565920569380581,0.0,0.0012378693716450753,-0.0005943741962844114,-0.08218177266194054,-0.08153827748658074,0.31726415340357766,0.0022087254784133566,0.6389869156860472,0.019717768661263235,0.0,0.014747832705396894,0.007074604065301578,2.363381268466469e-09,0.0,3.470269349659104e-11,2.363381268466469e-09,3.470269349659104e-11,0.5052468776702881,0.4000000059604645,0.2280864119529724,0.25,0.5,0.6233333557844158,0.8148148148148148,1.0,0.12271051853895187,54,0.0,0.0,0.0,26,7,0.2692307692307692,7,20,20,250,-0.08162181824445724,-0.025480661541223526,-0.02530081747099757,-0.9199332594871521,-0.02335173264145851,0.08162181824445724,0.0,0.0,0.0,0.0,0.0,0.0,0.0,0.0,0.0,0.0,0.0,0.0011457764189319792,0.0005612110820271355,0.0,0.0,20.645057678222656,,,0.645057678222642,0.0,0.0,0.288,1.0,0.0,,0,0.972,0.028000000000000025,0.028000000000000025,0.0,0.0,0.5178571428571429,0.16071428571428573,0.32142857142857145,0.5178571428571429,0.16071428571428573,0.32142857142857145,0.4850864002612894,0.8426975399255753,1.6316386461257935,0.019327561021782458,0.0833333358168602,0.4261219948530197,7.876726746559143,4.360125660896301,70.61127376556396,1.6316386461257935,-1.6316386461257935,0.028,112,4000,-1.1229175329208374,6.391141414642334,-8.38696551322937,9.252893969416618,-4.3348236083984375,0.3186059147119522,0.25,0,1.0,1.0,0.5126578947368438,9.74050000000002,44725047.85744034,1.0,0.0,0.07160643691333297,0.005726158871882316,0.07733259578521534,0.0,0.0,0.0,0.0,0.0,0.0,0.0,0.0,0.0,0.0,0.0,0.0,0.0,0.0,0.0,0.0,0.0,0.0,0.0,0.0,-0.00018556648809276907,0.0,0.4858090768000111,0.0,0.0,True,-1.0,0.645057678222642,0.0
253,200,19.713496685028076,42,False,True,time_limit,1.0,20.000000000000014,21.030227375030517,0.7999999999999999,20,True,50.25033706795695,1.5027376892213302,372628794.5257882,-0.027422423404097288,-0.017995455228300917,-0.0018803976492953781,0.0,0.0011383299235081953,0.0002003307112753967,-0.04779157960432307,-0.0464529189695399,0.5459268444384204,0.009820704840911668,0.35825433595891903,0.037435041383536774,0.0,0.022779086043656322,0.025783987334555638,3.990807613263314e-07,5.685066607470472e-14,7.015640429708288e-11,3.990807613263314e-07,7.015640429708288e-11,0.5535657405853271,0.5,0.22180864214897156,0.25,0.5,0.7460317611694336,0.6338028169014085,0.9295774647887324,0.1059378981590271,71,0.0,0.0,0.0,51,7,0.13725490196078433,7,20,20,224,-0.046472810208797455,-0.026343106292188168,-0.02577591184526682,-0.4735434353351593,0.09110677242279053,0.047383882105350494,0.0,0.0,0.0,0.0,0.0,0.0,0.0,0.0,0.0,0.0,0.0,0.002331602110898319,0.00031874352862765556,0.0,0.0,21.030227375030517,,,1.0302273750305027,0.05,0.05,0.44642857142857145,0.95,0.0,,0,0.966,0.03400000000000003,0.03400000000000003,0.0,0.0,0.47794117647058826,0.16176470588235295,0.3602941176470588,0.47794117647058826,0.16176470588235295,0.3602941176470588,0.4848520594101097,0.8597467184066769,1.9105697870254517,0.01820807997137308,0.125,0.13399745523929596,3.15323007106781,1.7055107951164246,25.43859577178955,1.9105697870254517,-1.9105697870254517,0.034,136,4000,0.6092361211776733,0.6336784362792969,-3.4469316005706787,0.5846408680081367,-3.937732219696045,0.2861756384372711,0.4375,0,1.0,1.0,0.4576315789473693,8.695,44777764.48254452,1.0,0.0,0.20154958788598487,0.005541165309857129,0.20709075319584205,0.0,0.0,0.0,0.0,0.0,0.0,0.0,0.0,0.0,0.0,0.0,0.0,0.0,0.0,0.0,0.0,0.0,0.0,0.0,0.0,-0.0004933033226295672,0.0,0.48531975999730637,0.0,0.0,True,-1.0,1.0302273750305027,0.0
254,200,21.528114318847656,42,False,True,time_limit,1.0,20.000000000000014,20.429447174072266,0.0,20,True,51.81442102777703,1.4746596661584745,348364304.47213876,-0.027713867897854495,-0.261233474835321,-0.001607055689200446,0.0,0.0012768520663293678,-0.0006824570105639492,-0.2908673795322304,-0.290272984476466,0.09464200615640589,0.0010688208601886274,0.8921042787945802,0.005488045731890436,0.0,0.004366278764052763,0.0023305696928820206,9.376320804221905e-07,0.0,1.1237708152922437e-09,9.376320804221905e-07,1.1237708152922437e-09,0.5267857313156128,0.5,0.23333334922790527,0.25,0.5,0.6666666865348816,0.8035714285714286,0.9642857142857143,0.114789679646492,56,0.0,0.0,0.0,29,3,0.10344827586206896,3,20,20,244,-0.290272980928421,-0.4719018191099167,-0.026343959011137487,-0.9958571791648865,-0.02512752264738083,0.290272980928421,0.0,0.0,0.0,0.0,0.0,0.0,0.0,0.0,0.0,0.0,0.0,0.0015887666943725251,0.00018511582010402318,0.0,0.0,20.429447174072266,,,0.4294471740722514,0.0,0.0,0.29918032786885246,1.0,0.0,,0,0.971,0.029000000000000026,0.029000000000000026,0.0,0.0,0.5172413793103449,0.11206896551724138,0.3706896551724138,0.5172413793103449,0.11206896551724138,0.3706896551724138,0.4879963464715444,0.8532304614782332,1.8936418294906616,0.02640778385102749,0.10000000149011612,0.34258952736854553,1.790426254272461,1.2327513694763184,2.8417751789093018,1.8936418294906616,-1.8936418294906616,0.029,116,4000,-3.380769968032837,8.060683250427246,-9.140848159790039,5.665336608886719,-3.9663283824920654,0.3518597185611725,0.0,0,1.0,1.0,0.4908684210526313,9.3265,47446597.258506835,1.0,0.0,0.08669138284615964,0.005314280728450678,0.09200566357461028,0.0,0.0,0.0,0.0,0.0,0.0,0.0,0.0,0.0,0.0,0.0,0.0,0.0,0.0,0.0,0.0,0.0,0.0,0.0,0.0,-0.0003129811098550335,0.0,0.4956355861420743,0.0,0.0,True,-1.0,0.4294471740722514,0.0
255,200,22.764941930770874,42,False,True,time_limit,1.0,20.000000000000014,20.768339538574217,0.8999999999999999,20,True,53.89380125304548,1.4880002085525352,340453727.5023383,-0.027456494213383517,-0.04857445460421713,-0.001807409090570247,0.0,0.001180938255656775,-0.00011500365353139542,-0.07816388560677391,-0.07709795100464689,0.3396108284541645,0.004026469313501556,0.6008199969610942,0.022355938592660843,0.0,0.014633126564697023,0.018553640113881928,2.279874955490868e-09,0.0,1.1427595425494975e-09,2.279874955490868e-09,1.1427595425494975e-09,0.5107936263084412,0.5,0.24015875160694122,0.25,0.5,0.6057143092155454,0.9166666666666666,0.95,0.12049391865730286,60,0.0,0.0,0.0,26,3,0.11538461538461539,3,20,20,237,-0.0771019384264946,-0.02670605108141899,-0.026152849663048983,-0.5750412344932556,0.10098371654748917,0.07811177521944046,0.0,0.0,0.0,0.0,0.0,0.0,0.0,0.0,0.0,0.0,0.0,0.0015876377658076526,0.0005287041285537993,0.0,0.0,20.768339538574217,,,0.7683395385742031,0.05,0.05,0.26582278481012656,0.95,0.0,,0,0.97325,0.02675000000000005,0.02675000000000005,0.0,0.0,0.4392523364485981,0.12149532710280374,0.4392523364485981,0.4392523364485981,0.12149532710280374,0.4392523364485981,0.49284370504820074,0.8571204245090485,1.8242739140987396,0.03272311016917229,0.1770833358168602,0.1965943854302168,1.142261803150177,0.7628646120429039,3.585283875465393,1.8242739140987396,-1.8242739140987396,0.02675,107,4000,-0.4817894697189331,3.3103694915771484,-4.7838321924209595,2.7941674292087555,-3.747443675994873,0.35467420145869255,0.0,0,1.0,1.0,0.5803421052631574,11.026499999999999,49723449.461016476,1.0,0.0,0.1481503886442737,0.005651025579760938,0.15380141422403468,0.0,0.0,0.0,0.0,0.0,0.0,0.0,0.0,0.0,0.0,0.0,0.0,0.0,0.0,0.0,0.0,0.0,0.0,0.0,0.0,-0.00032552769860058357,0.0,0.4927012541985023,0.0,0.0,True,-1.0,0.7683395385742031,0.0
256,200,21.942729234695435,42,False,True,time_limit,1.0,20.000000000000014,20.581247329711914,0.0,20,True,53.530756302944496,1.456845569235614,339141388.94176996,-0.028414123483731266,-0.019612699690496938,-0.0017688260885417753,0.0,0.0012140759615548297,-0.0006070700122094895,-0.05023060397555054,-0.04962359802620555,0.5458671986792234,0.008355968142182696,0.3767819705829814,0.03398113415167837,0.0,0.02335123225056442,0.011662496193369823,2.995228101099201e-07,0.0,1.5494524899239949e-10,2.995228101099201e-07,1.5494524899239949e-10,0.5335223078727722,0.5,0.23125474154949188,0.25,0.5,0.6666666865348816,0.746031746031746,0.9523809523809523,0.11230641603469849,63,0.0,0.0,0.0,41,6,0.14634146341463414,6,20,20,247,-0.049626827239990234,-0.027250979095697403,-0.02657421110197902,-0.5037845373153687,-0.025325313210487366,0.049626827239990234,0.0,0.0,0.0,0.0,0.0,0.0,0.0,0.0,0.0,0.0,0.0,0.002030200584059856,0.0006600173994075864,0.0,0.0,20.581247329711914,,,0.5812473297118999,0.0,0.0,0.2793522267206478,1.0,0.0,,0,0.97325,0.02675000000000005,0.02675000000000005,0.0,0.0,0.411214953271028,0.12149532710280374,0.4672897196261682,0.411214953271028,0.12149532710280374,0.4672897196261682,0.5022452574496608,0.8675678372383117,1.6928905248641968,0.19377753138542175,0.25,-0.1864701807498932,15.201022148132324,7.409544467926025,51.832313537597656,1.6928905248641968,-1.6928905248641968,0.02675,107,4000,-0.9620953798294067,4.44838809967041,-3.5436408519744873,0.09053590893745422,-3.5743813514709473,0.3183785080909729,0.75,0,1.0,1.0,0.5219999999999988,9.917999999999973,45906427.95910831,1.0,0.0,0.0916420812818585,0.005695982166445855,0.09733806344830438,0.0,0.0,0.0,0.0,0.0,0.0,0.0,0.0,0.0,0.0,0.0,0.0,0.0,0.0,0.0,0.0,0.0,0.0,0.0,0.0,-0.0004349547127810238,0.0,0.4943841554836836,0.0,0.0,True,-1.0,0.5812473297118999,0.0
257,200,21.866422653198242,42,False,True,time_limit,1.0,20.000000000000014,21.311464309692383,0.0,20,True,52.12687530700184,1.4975473174215683,351129834.8140709,-0.027334766387191952,-0.0007703625910180256,-0.002242645758690294,0.0,0.0010918125950454265,-0.0009592446248467301,-0.03069559481080597,-0.03056302684060636,0.8345893668892792,0.01061969695150445,0.02352083123762033,0.06847281141496284,0.0,0.033509486440614265,0.029287807066018908,7.032089494041216e-11,2.9326878653399696e-13,9.465795473839736e-11,7.032089494041216e-11,9.465795473839736e-11,0.5343384742736816,0.5,0.21911749243736267,0.25,0.5,0.6666666865348816,0.725,0.9875,0.11213227361440659,80,0.0,0.0,0.0,48,9,0.1875,9,20,20,247,-0.030563054606318474,-0.02626459114253521,-0.026000224985182285,-0.11793333292007446,-0.024364659562706947,0.030563054606318474,0.0,0.0,0.0,0.0,0.0,0.0,0.0,0.0,0.0,0.0,0.0,0.0018280847537728655,0.0003969986672920737,0.0,0.0,21.311464309692383,,,1.3114643096923686,0.0,0.0,0.38461538461538464,1.0,0.0,,0,0.96225,0.03774999999999995,0.03774999999999995,0.0,0.0,0.47019867549668876,0.1456953642384106,0.3841059602649007,0.47019867549668876,0.1456953642384106,0.3841059602649007,0.4807581448608959,0.8620480626821516,1.707315444946289,0.07866735011339188,0.23076923191547394,0.02474452741444111,1.2130368947982788,0.6267241835594177,6.903936386108398,1.707315444946289,-1.707315444946289,0.03775,151,4000,0.08912653475999832,0.3297581374645233,-3.4801747798919678,0.25078532099723816,-3.561448335647583,0.31501898169517517,0.1538461595773697,0,1.0,1.0,0.5033157894736847,9.563000000000002,40749809.346670136,1.0,0.0,0.18411302742546135,0.005442297194115184,0.18955532461957667,0.0,0.0,0.0,0.0,0.0,0.0,0.0,0.0,0.0,0.0,0.0,0.0,0.0,0.0,0.0,0.0,0.0,0.0,0.0,0.0,-0.0003478200739054702,0.0,0.4867792315240949,0.0,0.0,True,-1.0,1.3114643096923686,0.0
258,200,21.203418731689453,42,False,True,time_limit,1.0,20.000000000000014,20.49172592163086,0.0,20,True,52.49556455448756,1.4099176448477664,330321529.2319337,-0.029053787155283336,-0.26913335648527104,-0.0023598719062079493,0.0,0.0011199010383319706,-0.001057414133184313,-0.3010825466300334,-0.30102005972488494,0.09580302968540887,0.0017658799520313153,0.8874502591653857,0.00778152868938775,0.0,0.0037125461324542075,0.003486756375332154,3.1621002563042566e-06,4.252096504758773e-12,5.931870217246161e-09,3.1621002563042566e-06,5.931870217246161e-09,0.5336734652519226,0.5,0.22341272234916687,0.25,0.5,0.6666666865348816,0.75,0.9523809523809523,0.11237484961748123,84,0.0,0.0,0.0,45,7,0.15555555555555556,7,20,20,235,-0.3010200560092926,-0.03027337696403265,-0.027979476470500232,-1.432687520980835,-0.025458775460720062,0.3010200560092926,0.0,0.0,0.0,0.0,0.0,0.0,0.0,0.0,0.0,0.0,0.0,0.0024237925438611568,0.0,0.0,0.0,20.49172592163086,,,0.49172592163084516,0.0,0.0,0.4595744680851064,1.0,0.0,,0,0.95975,0.04025000000000001,0.04025000000000001,0.0,0.0,0.4782608695652174,0.16149068322981366,0.36024844720496896,0.4782608695652174,0.16149068322981366,0.36024844720496896,0.491324641514215,0.8725604116916656,1.7928029298782349,0.11512572318315506,0.1818181872367859,-0.07610077410936356,1.2047390937805176,0.5215081572532654,1.7159595489501953,1.7928029298782349,-1.7928029298782349,0.04025,161,4000,-11.782331466674805,23.836122512817383,-12.670552253723145,20.68699836730957,-3.6713826656341553,0.33324766159057617,0.0,0,1.0,1.0,0.5083684210526322,9.659000000000002,46013629.76095131,1.0,0.0,0.10867874457551885,0.005327344179897089,0.11400608875541586,0.0,0.0,0.0,0.0,0.0,0.0,0.0,0.0,0.0,0.0,0.0,0.0,0.0,0.0,0.0,0.0,0.0,0.0,0.0,0.0,-0.0005355310832713027,0.0,0.49158855429221876,0.0,0.0,True,-1.0,0.49172592163084516,0.0
259,200,21.62956142425537,42,False,True,time_limit,1.0,20.000000000000014,20.57767105102539,0.0,20,True,52.38265889334483,1.4680109318727457,339416993.1884376,-0.02788299365900405,-0.019889618682594916,-0.00232402776016003,0.0,0.001053986123754412,-0.0006533627978775105,-0.05033777589883466,-0.049937152572958804,0.535662220653297,0.004632477348763384,0.3821009121818468,0.0446470664553347,0.0,0.020405523095570158,0.012551800265187863,1.2767510382261094e-09,7.861050677591963e-13,2.8241568111875225e-10,1.2767510382261094e-09,2.8241568111875225e-10,0.5814714431762695,0.5,0.19667895138263702,0.25,0.5,0.8054545521736145,0.5578947368421052,0.7578947368421053,0.09785377979278564,95,0.0,0.0,0.0,63,10,0.15873015873015872,10,20,20,256,-0.04993775486946106,-0.027058318257331848,-0.026752967666834594,-0.5290916562080383,-0.024238012731075287,0.04993775486946106,0.0,0.0,0.0,0.0,0.0,0.0,0.0,0.0,0.0,0.0,0.0,0.0015142092771118088,0.0,0.0,0.0,20.57767105102539,,,0.5776710510253764,0.0,0.0,0.48046875,1.0,0.0,,0,0.95625,0.043749999999999956,0.043749999999999956,0.0,0.0,0.45714285714285713,0.22857142857142856,0.3142857142857143,0.45714285714285713,0.22857142857142856,0.3142857142857143,0.48431741537423717,0.8568507581949234,1.7421557903289795,0.022375229746103287,0.0,-0.13577906787395477,1.009423017501831,0.36431142687797546,1.6369010210037231,1.7421557903289795,-1.7421557903289795,0.04375,175,4000,-0.8548704385757446,3.5269408226013184,-4.16237211227417,2.0295588970184326,-3.7164177894592285,0.20732055604457855,0.0,0,1.0,1.0,0.5172894736842101,9.828499999999995,46278730.066313595,1.0,0.0,0.09410864811016226,0.00504369680781477,0.09915234491797702,0.0,0.0,0.0,0.0,0.0,0.0,0.0,0.0,0.0,0.0,0.0,0.0,0.0,0.0,0.0,0.0,0.0,0.0,0.0,0.0,-0.0002411357970765906,0.0,0.48551107532111926,0.0,0.0,True,-1.0,0.5776710510253764,0.0
260,200,23.285317420959473,42,False,True,time_limit,1.0,20.000000000000014,20.410465240478516,1.3,20,True,50.360282098611506,1.5574198944120523,381112055.7327911,-0.026313711890338383,-0.05718971071070747,-0.001873462367432989,0.0,0.001265021224828483,-0.0006920819313996434,-0.08590513264469234,-0.08533219335126424,0.29934623993248227,0.006009374742976296,0.6505933079841341,0.021312611374755763,0.0,0.01441205661838787,0.008326409347263709,8.660253314474176e-08,0.0,1.8619935107655464e-10,8.660253314474176e-08,1.8619935107655464e-10,0.5465838313102722,0.5,0.22380952537059784,0.25,0.5,0.7777777910232544,0.7246376811594203,0.9130434782608695,0.10860650986433029,69,0.0,0.0,0.0,42,3,0.07142857142857142,3,20,20,247,-0.08533219248056412,-0.025079479441046715,-0.024326956178992987,-0.9764975905418396,-0.022674493491649628,0.08533219248056412,0.0,0.0,0.0,0.0,0.0,0.0,0.0,0.0,0.0,0.0,0.0,0.0022886894882418025,0.0004258815003546967,0.0,0.0,20.410465240478516,,,0.4104652404785014,0.05,0.05,0.32388663967611336,0.95,0.0,,0,0.96975,0.03025,0.03025,0.0,0.0,0.4297520661157025,0.1652892561983471,0.4049586776859504,0.4297520661157025,0.1652892561983471,0.4049586776859504,0.48820793274245977,0.8672936767339707,2.0360066890716553,0.04686742415651679,0.10000000149011612,-0.004896707832813263,2.512170910835266,1.2457945346832275,37.094582080841064,2.0360066890716553,-2.0360066890716553,0.03025,121,4000,-4.562336444854736,19.51079559326172,-8.02228569984436,13.796021789312363,-3.6010369062423706,0.3217068463563919,0.1875,0,1.0,1.0,0.6690789473684213,12.71250000000004,47869031.221137665,1.0,0.0,0.07531472790090857,0.005773055717459174,0.0810877836183677,0.0,0.0,0.0,0.0,0.0,0.0,0.0,0.0,0.0,0.0,0.0,0.0,0.0,0.0,0.0,0.0,0.0,0.0,0.0,0.0,-0.0005282476762140745,0.0,0.48802495064213874,0.0,0.0,True,-1.0,0.4104652404785014,0.0
261,200,20.656007051467896,42,False,True,time_limit,1.0,20.000000000000014,20.517369747161865,0.9999999999999999,20,True,51.53191631794995,1.460761186798234,345950340.9401646,-0.02798826209167506,-0.09490980819161898,-0.0017522786163151087,0.0,0.0011581550888586016,1.6969570507732395e-05,-0.1250717258567822,-0.12389660119741555,0.21852813521892264,0.003290047819819469,0.7410414883984258,0.01368152753297364,0.0,0.009065086597450775,0.014393714432407759,3.474557175309201e-08,0.0,4.5379329183248114e-10,3.474557175309201e-08,4.5379329183248114e-10,0.5518637895584106,0.5,0.2167809009552002,0.25,0.5,0.699999988079071,0.6818181818181818,0.9242424242424242,0.10619869828224182,66,0.0,0.0,0.0,45,2,0.044444444444444446,2,20,20,231,-0.12389659136533737,-0.0507890060544014,-0.0267810819670558,-0.5184504389762878,0.11672903597354889,0.12506388127803802,0.0,0.0,0.0,0.0,0.0,0.0,0.0,0.0,0.0,0.0,0.0,0.0019876430234568514,0.0,0.0,0.0,20.517369747161865,,,0.517369747161851,0.05,0.05,0.3939393939393939,0.95,0.0,,0,0.96775,0.03225,0.03225,0.0,0.0,0.4883720930232558,0.16279069767441862,0.3488372093023256,0.4883720930232558,0.16279069767441862,0.3488372093023256,0.492082336821241,0.8675830841064448,1.8457576632499695,0.018342532217502594,0.2666666731238365,-0.00047481805086135864,1.2621723860502243,0.6257268637418747,5.566155552864075,1.8457576632499695,-1.8457576632499695,0.03225,129,4000,0.2833312153816223,1.070949673652649,-3.2185304164886475,0.5136521309614182,-3.471288323402405,0.28239327669143677,0.22500000149011612,0,1.0,1.0,0.4943947368421058,9.393500000000017,43243236.97736716,1.0,0.0,0.06690077430759626,0.005511970818370142,0.07241274512596638,0.0,0.0,0.0,0.0,0.0,0.0,0.0,0.0,0.0,0.0,0.0,0.0,0.0,0.0,0.0,0.0,0.0,0.0,0.0,0.0,-0.0004213769571730545,0.0,0.4926028646047926,0.0,0.0,True,-1.0,0.517369747161851,0.0
262,200,22.68509268760681,42,False,True,time_limit,1.0,20.000000000000014,20.846053504943846,0.8999999999999999,20,True,51.56764127500336,1.4940530549766173,357306463.96007454,-0.0273047281842413,-0.006366798550032692,-0.002028298905443536,0.0,0.0012556369645971603,6.433185875767333e-05,-0.03599818725342666,-0.03467821843007123,0.7025531591917282,0.007676871671397933,0.1638183103336786,0.05218831677023984,0.0,0.032359519109399534,0.041403822923555905,1.3663007614184153e-08,1.0817823958668427e-12,2.02280591166115e-09,1.3663007614184153e-08,2.02280591166115e-09,0.5349051356315613,0.5,0.22030940651893616,0.25,0.5,0.75,0.7222222222222222,0.9166666666666666,0.1126832664012909,72,0.0,0.0,0.0,39,8,0.20512820512820512,8,20,20,246,-0.03467821702361107,-0.027253231033682823,-0.025963438767939807,-0.5412968993186951,0.11224151402711868,0.03580063208937645,0.0,0.0,0.0,0.0,0.0,0.0,0.0,0.0,0.0,0.0,0.0,0.0015384425380651741,0.001223824281419287,0.0,0.0,20.846053504943846,,,0.846053504943832,0.05,0.05,0.2804878048780488,0.95,0.0,,0,0.971,0.029000000000000026,0.029000000000000026,0.0,0.0,0.3793103448275862,0.16379310344827586,0.45689655172413796,0.3793103448275862,0.16379310344827586,0.45689655172413796,0.476468728874243,0.8423610985279084,1.735402762889862,0.06356771988794208,0.39393940567970276,0.3162411004304886,0.810739278793335,0.7170233130455017,4.305158734321594,1.735402762889862,-1.735402762889862,0.029,116,4000,-0.05407031998038292,1.6675564050674438,-3.843250036239624,1.5461242496967316,-3.388431429862976,0.3012135475873947,0.0,0,1.0,1.0,0.5456842105263148,10.36799999999998,43803778.89270696,1.0,0.0,0.145825912738563,0.005644903900515388,0.1514708166390784,0.0,0.0,0.0,0.0,0.0,0.0,0.0,0.0,0.0,0.0,0.0,0.0,0.0,0.0,0.0,0.0,0.0,0.0,0.0,0.0,-0.0002983616137090324,0.0,0.48162195977551164,0.0,0.0,True,-1.0,0.846053504943832,0.0
263,200,21.346777200698853,42,False,True,time_limit,1.0,20.000000000000014,21.054540634155273,0.0,20,True,50.65080148101029,1.4928987164530374,356418562.55784076,-0.027155347804556047,-0.0837761892254858,-0.0016692675518610411,0.0,0.0012443899787831212,-0.0006767307997102085,-0.1128927209052356,-0.11232506172616319,0.23651185246355982,0.0025424704884212373,0.7296559723213348,0.01453863024658913,0.0,0.01085702899739423,0.005894045482700617,1.9961866826179175e-07,0.0,1.4888214758257375e-10,1.9961866826179175e-07,1.4888214758257375e-10,0.5369443893432617,0.5,0.22777777910232544,0.25,0.5,0.6708333522081372,0.7333333333333333,0.95,0.11128450185060501,60,0.0,0.0,0.0,32,3,0.09375,3,20,20,244,-0.11232506483793259,-0.02590205054730177,-0.02576577113941312,-0.9204916954040527,-0.025234291329979897,0.11232506483793259,0.0,0.0,0.0,0.0,0.0,0.0,0.0,0.0,0.0,0.0,0.0,0.0014392173771099184,0.00035174010969209565,0.0,0.0,21.054540634155273,,,1.0545406341552592,0.0,0.0,0.2786885245901639,1.0,0.0,,0,0.97125,0.028750000000000053,0.028750000000000053,0.0,0.0,0.4782608695652174,0.14782608695652175,0.3739130434782609,0.4782608695652174,0.14782608695652175,0.3739130434782609,0.4939246172832122,0.869662582874298,1.754859209060669,0.15966752171516418,0.2222222238779068,-0.18560394644737244,0.8717440962791443,0.24563446640968323,2.04472279548645,1.754859209060669,-1.754859209060669,0.02875,115,4000,-0.7633664608001709,2.357682228088379,-3.865124225616455,1.539623498916626,-3.545741558074951,0.23913680016994476,0.0,0,1.0,1.0,0.465263157894738,8.83999999999999,46470152.068948835,1.0,0.0,0.11272416533298589,0.0057822737687935255,0.11850643910177946,0.0,0.0,0.0,0.0,0.0,0.0,0.0,0.0,0.0,0.0,0.0,0.0,0.0,0.0,0.0,0.0,0.0,0.0,0.0,0.0,-0.0002919163233332489,0.0,0.4867949111731723,0.0,0.0,True,-1.0,1.0545406341552592,0.0
264,200,22.624876499176025,42,False,True,time_limit,1.0,20.000000000000014,20.688589096069336,0.0,20,True,51.09570446757764,1.4824010538426111,355716598.18374956,-0.02743249833879643,-0.0085097755655861,-0.0021507735357950957,0.0,0.0014134916282298568,-0.0008232853382021366,-0.0384527159753286,-0.0378625096853011,0.6740972792029639,0.008838115215253987,0.20911024889325233,0.05285084029735595,0.0,0.034872970866820986,0.020230545524352744,1.0516814796801555e-07,2.2405603847946987e-12,6.635632043838751e-11,1.0516814796801555e-07,6.635632043838751e-11,0.544303834438324,0.5,0.21937412023544312,0.25,0.5,0.6666666865348816,0.7215189873417721,0.9620253164556962,0.10889991372823715,79,0.0,0.0,0.0,46,7,0.15217391304347827,7,20,20,238,-0.03786250948905945,-0.026130029931664467,-0.025245238933712243,-0.4990558922290802,-0.019395947456359863,0.03786250948905945,0.0,0.0,0.0,0.0,0.0,0.0,0.0,0.0,0.0,0.0,0.0,0.0017625347372228885,0.0003570105428571354,0.0,0.0,20.688589096069336,,,0.6885890960693217,0.0,0.0,0.3445378151260504,1.0,0.0,,0,0.96775,0.03225,0.03225,0.0,0.0,0.3875968992248062,0.1937984496124031,0.4186046511627907,0.3875968992248062,0.1937984496124031,0.4186046511627907,0.48545628175829725,0.8611391067504882,2.017463445663452,0.02896364964544773,0.1818181872367859,0.16967439651489258,1.1675848960876465,0.7481459975242615,3.226722002029419,2.017463445663452,-2.017463445663452,0.03225,129,4000,-0.6101224422454834,1.9883754253387451,-4.317692279815674,2.1695327758789062,-3.5275256633758545,0.2654584050178528,0.0,0,1.0,1.0,0.5746315789473677,10.917999999999989,46044022.09986228,1.0,0.0,0.16958450803885158,0.0055189367694669115,0.1751034448083185,0.0,0.0,0.0,0.0,0.0,0.0,0.0,0.0,0.0,0.0,0.0,0.0,0.0,0.0,0.0,0.0,0.0,0.0,0.0,0.0,-0.00035966853515150704,0.0,0.48269195463031067,0.0,0.0,True,-1.0,0.6885890960693217,0.0
265,200,22.297026872634888,42,False,True,time_limit,1.0,20.000000000000014,20.634032917022704,0.9999999999999999,20,True,51.340614537532794,1.4796405173999703,355008689.73257804,-0.027636714597698127,-0.10032263718407385,-0.0018791862954176891,0.0,0.0011308136320319125,-4.860697264749423e-05,-0.13005150139938007,-0.12896929473999436,0.20821674332923584,0.0016044790432038398,0.7558370486775658,0.014157907560162459,0.0,0.008549495350021698,0.01163432603981008,5.651859282806981e-07,0.0,2.215272389138867e-10,5.651859282806981e-07,2.215272389138867e-10,0.5408613085746765,0.5,0.2273634523153305,0.25,0.5,0.7680555641651153,0.7794117647058824,0.8823529411764706,0.11054036021232605,68,0.0,0.0,0.0,33,5,0.15151515151515152,5,20,20,246,-0.12896931171417236,-0.026529488153755665,-0.026425489317625762,-1.3932712078094482,-0.026313314214348793,0.12896931171417236,0.0,0.0,0.0,0.0,0.0,0.0,0.0,0.0,0.0,0.0,0.0,0.0012129251669766652,0.00032646493806115875,0.0,0.0,20.634032917022704,,,0.6340329170226902,0.05,0.05,0.2804878048780488,0.95,0.0,,0,0.9715,0.02849999999999997,0.02849999999999997,0.0,0.0,0.40350877192982454,0.17543859649122806,0.42105263157894735,0.40350877192982454,0.17543859649122806,0.42105263157894735,0.4898597153443174,0.8492143154144282,1.8874598741531372,0.10417786985635757,0.0,-0.34361889958381653,2.5180156230926514,0.9104165434837341,16.506887435913086,1.8874598741531372,-1.8874598741531372,0.0285,114,4000,-4.858163833618164,14.9907808303833,-2.712174892425537,0.7689701318740845,-3.546196699142456,0.28055015206336975,0.1666666716337204,0,1.0,1.0,0.5264999999999997,10.003499999999995,47006933.11160066,1.0,0.0,0.07596247699823303,0.005618558946544518,0.08158103594477759,0.0,0.0,0.0,0.0,0.0,0.0,0.0,0.0,0.0,0.0,0.0,0.0,0.0,0.0,0.0,0.0,0.0,0.0,0.0,0.0,-0.00021296332219017145,0.0,0.49032958514336494,0.0,0.0,True,-1.0,0.6340329170226902,0.0
266,200,22.348181009292603,42,False,True,time_limit,1.0,20.000000000000014,20.552677154541016,0.0,20,True,50.50279570264815,1.4889272315268924,359590512.2498113,-0.027396691977276153,-0.008685398307911242,-0.002212413408990291,0.0,0.0012006281190074697,-0.0007721642396088243,-0.038633798347702454,-0.038205334468304104,0.6746555585660707,0.008355279687867692,0.21388174352045425,0.054481650757669656,0.0,0.029610884327661815,0.019014883140275763,1.0317350307431639e-09,0.0,3.880339070894134e-11,1.0317350307431639e-09,3.880339070894134e-11,0.5427072048187256,0.5,0.22012926638126373,0.25,0.5,0.699999988079071,0.7283950617283951,0.9382716049382716,0.10925497859716415,81,0.0,0.0,0.0,47,8,0.1702127659574468,8,20,20,246,-0.038205336779356,-0.026212913915514946,-0.02592848483473063,-0.5685786008834839,-0.02360077016055584,0.038205336779356,0.0,0.0,0.0,0.0,0.0,0.0,0.0,0.0,0.0,0.0,0.0,0.00166396362891667,0.0002644305247281468,0.0,0.0,20.552677154541016,,,0.5526771545410014,0.0,0.0,0.32926829268292684,1.0,0.0,,0,0.966,0.03400000000000003,0.03400000000000003,0.0,0.0,0.40441176470588236,0.18382352941176472,0.4117647058823529,0.40441176470588236,0.18382352941176472,0.4117647058823529,0.4863433954259303,0.8551929295063019,1.8773598670959473,0.15888452529907227,0.25,-0.3845894932746887,1.0477008819580078,0.134320929646492,30.691816329956055,1.8773598670959473,-1.8773598670959473,0.034,136,4000,-1.0604947805404663,2.599177837371826,-3.2939505577087402,0.1830819845199585,-3.4057798385620117,0.22216233611106873,0.625,0,1.0,1.0,0.5394473684210532,10.249500000000026,45171666.15442711,1.0,0.0,0.09568639835211316,0.005933952557702988,0.10162035090981617,0.0,0.0,0.0,0.0,0.0,0.0,0.0,0.0,0.0,0.0,0.0,0.0,0.0,0.0,0.0,0.0,0.0,0.0,0.0,0.0,-0.0003392946535251673,0.0,0.4880456322131213,0.0,0.0,True,-1.0,0.5526771545410014,0.0
267,200,21.232340574264526,42,False,True,time_limit,1.0,20.000000000000014,20.440181732177734,0.0,20,True,54.118238207032775,1.4197231184466705,319199710.0596073,-0.028520111308393756,-0.0048209893811683915,-0.0016292020335489227,0.0,0.0012843657324653505,-0.0008190448341716341,-0.03520869940961745,-0.034743378511323114,0.76435612130971,0.006389174455191712,0.12920541243401992,0.04366359351573936,0.0,0.03443480455085589,0.02195089373448323,2.4079113813968434e-08,0.0,5.377262524142134e-12,2.4079113813968434e-08,5.377262524142134e-12,0.5277360081672668,0.5,0.234182670712471,0.25,0.5,0.6666666865348816,0.8070175438596491,0.9649122807017544,0.11432995647192001,57,0.0,0.0,0.0,33,4,0.12121212121212122,4,20,20,206,-0.034743379801511765,-0.02720899786800146,-0.02700057253241539,-0.49964937567710876,-0.023831330239772797,0.034743379801511765,0.0,0.0,0.0,0.0,0.0,0.0,0.0,0.0,0.0,0.0,0.0,0.0011592067488093594,0.00038498159086115536,0.0,0.0,20.440181732177734,,,0.44018173217772016,0.0,0.0,0.2524271844660194,1.0,0.0,,0,0.97775,0.022249999999999992,0.022249999999999992,0.0,0.0,0.3595505617977528,0.1348314606741573,0.5056179775280899,0.3595505617977528,0.1348314606741573,0.5056179775280899,0.4816764518019311,0.8529324531555176,2.2182154655456543,0.16607427597045898,0.0,0.1333467811346054,0.010111872106790543,505593.71875,108613016.0,2.2182154655456543,-2.2182154655456543,0.02225,89,4000,-0.0545387864112854,0.6937835216522217,-3.377686023712158,0.0,-3.277128219604492,0.0,0.0,0,1.0,1.0,0.5614473684210511,10.667500000000004,45557947.216515295,1.0,0.0,0.0682595034703428,0.005719443854671243,0.07397894732501405,0.0,0.0,0.0,0.0,0.0,0.0,0.0,0.0,0.0,0.0,0.0,0.0,0.0,0.0,0.0,0.0,0.0,0.0,0.0,0.0,-0.0002383966865060008,0.0,0.48310706809256226,0.0,0.0,True,-1.0,0.44018173217772016,0.0
268,200,23.195048809051514,42,False,True,time_limit,1.0,20.000000000000014,20.771621704101562,0.0,20,True,54.142598519897305,1.3748513985039779,311560414.0971816,-0.029383790754217695,-0.018944633819187016,-0.00212562437732439,0.0,0.0011532742780534016,-0.0007672153810105146,-0.050657442845767675,-0.05027138394872394,0.5588351706457162,0.003868243651490718,0.3602982257027662,0.04042615439126977,0.0,0.021980931734146843,0.01459127387461019,6.703756993964305e-10,0.0,7.216913143481822e-11,6.703756993964305e-10,7.216913143481822e-11,0.5569459795951843,0.5,0.21874922513961792,0.25,0.5,0.7142857313156128,0.6666666666666666,0.8641975308641975,0.10496910661458969,81,0.0,0.0,0.0,47,6,0.1276595744680851,6,20,20,222,-0.05027138069272041,-0.028309844434261322,-0.027701696567237376,-0.5537641048431396,-0.024525927379727364,0.05027138069272041,0.0,0.0,0.0,0.0,0.0,0.0,0.0,0.0,0.0,0.0,0.0,0.0011454082497239226,0.0007362282596462766,0.0,0.0,20.771621704101562,,,0.7716217041015483,0.0,0.0,0.31981981981981983,1.0,0.0,,0,0.97,0.030000000000000027,0.030000000000000027,0.0,0.0,0.325,0.16666666666666666,0.5083333333333333,0.325,0.16666666666666666,0.5083333333333333,0.48698210991779156,0.8581444561481476,2.1852872371673584,0.060845937579870224,0.4365079402923584,0.06841214001178741,3.4303649067878723,1.777858853340149,27.476359844207764,2.1852872371673584,-2.1852872371673584,0.03,120,4000,-3.2450335025787354,10.021575927734375,-8.250501871109009,7.623672444373369,-3.475432872772217,0.26290028542280197,0.3333333432674408,0,1.0,1.0,0.653842105263158,12.422999999999996,47500879.90118067,1.0,0.0,0.1421905436297678,0.0052299489200091755,0.14742049254977715,0.0,0.0,0.0,0.0,0.0,0.0,0.0,0.0,0.0,0.0,0.0,0.0,0.0,0.0,0.0,0.0,0.0,0.0,0.0,0.0,-0.00020339389503777925,0.0,0.4865748970054556,0.0,0.0,True,-1.0,0.7716217041015483,0.0
269,200,22.449145555496216,42,False,True,time_limit,1.0,20.000000000000014,20.794748306274414,0.0,20,True,52.52266986604832,1.4712985948550767,340112867.24299324,-0.027383363667174913,-0.42060634813171216,-0.0020686800575600113,0.0,0.0013425918373510825,-0.0007010921472030263,-0.45025685879632543,-0.44961535910616596,0.060542105403768004,0.0004387922002055015,0.9299220567489607,0.004573661863228363,0.0,0.002973333352136816,0.001550050431700624,1.2519948313638452e-06,2.858559065453334e-13,6.99750376753624e-08,1.2519948313638452e-06,6.99750376753624e-08,0.5330523252487183,0.5,0.22902177274227142,0.25,0.5,0.7700000047683712,0.821917808219178,0.9315068493150684,0.11335232108831406,73,0.0,0.0,0.0,41,5,0.12195121951219512,5,20,20,236,-0.44961535930633545,-0.4733070582151413,-0.025738256610929967,-1.8434865474700928,-0.02540219947695732,0.44961535930633545,0.0,0.0,0.0,0.0,0.0,0.0,0.0,0.0,0.0,0.0,0.0,0.0010345823897985737,0.000566576359439952,0.0,0.0,20.794748306274414,,,0.7947483062743999,0.0,0.0,0.288135593220339,1.0,0.0,,0,0.97175,0.028249999999999997,0.028249999999999997,0.0,0.0,0.35398230088495575,0.21238938053097345,0.4336283185840708,0.35398230088495575,0.21238938053097345,0.4336283185840708,0.4845061656838891,0.8522377371788024,1.8623167673746746,-0.008068608740965525,0.055555557211240135,0.5056905547777811,1.6384613911310832,1.3200375537077587,4.212189555168152,1.8623167673746746,-1.8623167673746746,0.02825,113,4000,-4.642495155334473,9.642461776733398,-13.244180043538412,11.057826201121012,-3.543769121170044,0.2019165555636088,0.0,0,1.0,0.9972499999999994,0.5526842105263168,10.501000000000007,43809521.27108265,1.0,0.0,0.12449904617905362,0.005885308726141677,0.13038435490519534,0.0,0.0,0.0,0.0,0.0,0.0,0.0,0.0,0.0,0.0,0.0,0.0,0.0,0.0,0.0,0.0,0.0,0.0,0.0,0.0,-0.00019846693986627108,0.0,0.4801654715251643,0.0,0.0,True,-1.0,0.7947483062743999,0.0
270,200,20.462371349334717,42,False,True,time_limit,1.0,20.000000000000014,20.75061912536621,1.3,20,True,51.838921958775416,1.47939523166322,353710799.1974366,-0.027893502551520608,-0.011374034132265311,-0.0024441478396464264,0.0,0.0009556047131984398,0.00016682640213685026,-0.042488047225307225,-0.04136561610997167,0.6217351189025019,0.01730481698632963,0.2535227137776421,0.05447908683719688,0.0,0.021396199314883936,0.0315620641814456,1.6998527030409605e-07,0.0,3.570203872121924e-11,1.6998527030409605e-07,3.570203872121924e-11,0.5598127841949463,0.5,0.2121058851480484,0.25,0.5,0.8333333134651184,0.7311827956989247,0.8602150537634409,0.10512463748455048,93,0.0,0.0,0.0,56,9,0.16071428571428573,9,20,20,244,-0.041370488703250885,-0.02692608442157507,-0.026807110663503407,-0.5891857147216797,0.12128223478794098,0.04258331283926964,0.0,0.0,0.0,0.0,0.0,0.0,0.0,0.0,0.0,0.0,0.0,0.003118062193796277,0.0,0.0,0.0,20.75061912536621,,,0.750619125366196,0.05,0.05,0.4344262295081967,0.95,0.0,,0,0.96075,0.03925000000000001,0.03925000000000001,0.0,0.0,0.40764331210191085,0.17197452229299362,0.42038216560509556,0.40764331210191085,0.17197452229299362,0.42038216560509556,0.48359257722486093,0.8468344688415526,1.8222261667251587,0.03221563622355461,0.2222222238779068,-0.0925799310207367,0.9445022940635681,0.37489795684814453,1.0262657403945923,1.8222261667251587,-1.8222261667251587,0.03925,157,4000,-0.5370261073112488,3.759584665298462,-4.014828205108643,3.238213062286377,-3.6230452060699463,0.23746007680892944,0.0,0,1.0,1.0,0.46284210526315744,8.793999999999977,45845263.29775671,1.0,0.0,0.08684915872607689,0.005402539842287481,0.0922516985683644,0.0,0.0,0.0,0.0,0.0,0.0,0.0,0.0,0.0,0.0,0.0,0.0,0.0,0.0,0.0,0.0,0.0,0.0,0.0,0.0,-0.0007763627018750997,0.0,0.48130481621739457,0.0,0.0,True,-1.0,0.750619125366196,0.0
271,200,22.943159580230713,42,False,True,time_limit,1.0,20.000000000000014,20.883556365966797,0.0,20,True,51.554171434114075,1.5695760277803275,374247744.06874096,-0.02603539445860776,-0.08968916292939291,-0.0020906157883192967,0.0,0.0011406378657336524,-0.0004031153290490518,-0.11813542299827912,-0.11739790046159437,0.21753777723576856,0.002675835564540923,0.7493944897518624,0.017468063038876793,0.0,0.009555619159114638,0.0033682152498366847,2.5283211968485375e-08,7.51457476431093e-14,6.241729827438608e-10,2.5283211968485375e-08,6.241729827438608e-10,0.5471943616867065,0.5,0.22198045253753662,0.25,0.5,0.800000011920929,0.7532467532467533,0.8831168831168831,0.10860340297222137,77,0.0,0.0,0.0,46,4,0.08695652173913043,4,20,20,247,-0.11740625649690628,-0.024978360161185265,-0.024791107699275016,-0.554046630859375,-0.02383328787982464,0.11740625649690628,0.0,0.0,0.0,0.0,0.0,0.0,0.0,0.0,0.0,0.0,0.0,0.0014494158478770718,0.00019029906763356035,0.0,0.0,20.883556365966797,,,0.8835563659667827,0.0,0.0,0.31983805668016196,1.0,0.0,,0,0.9695,0.03049999999999997,0.03049999999999997,0.0,0.0,0.36885245901639346,0.23770491803278687,0.39344262295081966,0.36885245901639346,0.23770491803278687,0.39344262295081966,0.4803232102223495,0.8565945148468016,2.234755039215088,0.038410745561122894,0.1666666716337204,-0.19067997112870216,5.037045121192932,2.321996256709099,54.94548016786575,2.234755039215088,-2.234755039215088,0.0305,122,4000,-1.7709587812423706,8.511216163635254,-4.023256063461304,1.6041677221655846,-3.800821900367737,0.2122751548886299,0.0833333358168602,0,1.0,1.0,0.591421052631581,11.236999999999993,52096613.5014162,1.0,0.0,0.1591270084040896,0.005438532906508182,0.16456554131059783,0.0,0.0,0.0,0.0,0.0,0.0,0.0,0.0,0.0,0.0,0.0,0.0,0.0,0.0,0.0,0.0,0.0,0.0,0.0,0.0,-0.0003202498219593807,0.0,0.48718326323659855,0.0,0.0,True,-1.0,0.8835563659667827,0.0
272,200,22.333389282226562,42,False,True,time_limit,1.0,20.000000000000014,20.506484985351562,0.95,20,True,51.156692681592865,1.5053710731686938,363128470.9766362,-0.027230214305401755,-0.012882181842010343,-0.002124475242988802,0.0,0.0011316882500147303,0.0020322530387160472,-0.04270592757980943,-0.039541986291078274,0.5784132969756747,0.009963503553062157,0.2736381428330972,0.045127251510341,0.0,0.024094507018740517,0.06876329810908446,5.031597893889739e-08,0.0,2.157439803196492e-10,5.031597893889739e-08,2.157439803196492e-10,0.5514880418777466,0.5,0.2145015001296997,0.25,0.5,0.7142857313156128,0.65,0.925,0.10622374713420868,80,0.0,0.0,0.0,45,6,0.13333333333333333,6,20,20,264,-0.03954261168837547,-0.02606008667498827,-0.0259010162204504,-1.0713361501693726,0.22743290662765503,0.04379064589738846,0.0,0.0,0.0,0.0,0.0,0.0,0.0,0.0,0.0,0.0,0.0,0.002109107249652311,0.00032142011886223304,0.0,0.0,20.506484985351562,,,0.5064849853515483,0.1,0.1,0.32954545454545453,0.9,0.0,,0,0.9665,0.033499999999999974,0.033499999999999974,0.0,0.0,0.40298507462686567,0.20149253731343283,0.39552238805970147,0.40298507462686567,0.20149253731343283,0.39552238805970147,0.4891305991888071,0.8639001846313478,1.8622560501098633,0.05049275606870651,0.5714285969734192,-0.2630550265312195,1.3525935411453247,0.4083748757839203,3.8863985538482666,1.8622560501098633,-1.8622560501098633,0.0335,134,4000,0.5109691619873047,2.70530104637146,-2.136021852493286,2.313729763031006,-3.7042782306671143,0.29994523525238037,0.0,0,1.0,1.0,0.5397105263157903,10.254500000000002,47000406.19973916,1.0,0.0,0.07014427650230586,0.005786101029112827,0.07593037753141867,0.0,0.0,0.0,0.0,0.0,0.0,0.0,0.0,0.0,0.0,0.0,0.0,0.0,0.0,0.0,0.0,0.0,0.0,0.0,0.0,-0.00046905618940832255,0.0,0.4885349138458259,0.0,0.0,True,-1.0,0.5064849853515483,0.0
273,200,22.235926628112793,42,False,True,time_limit,1.0,20.000000000000014,21.178288745880128,0.8999999999999999,20,True,52.78722062767024,1.4194813798570964,328839980.8994466,-0.02887843453649647,-0.07467800563064167,-0.002631876941548233,0.0,0.0011218047689890388,-0.0004478180410631386,-0.10669729277342707,-0.10602330604550204,0.2650472473717198,0.004671395838602268,0.685397257479341,0.024155455445372946,0.0,0.010361863973901386,0.010366779891062633,7.636979404423982e-08,0.0,4.2784791126626584e-10,7.636979404423982e-08,4.2784791126626584e-10,0.5165979862213135,0.5,0.20391352474689484,0.25,0.5,0.6545454621315001,0.8651685393258427,1.0,0.11828659474849701,89,0.0,0.0,0.0,60,14,0.23333333333333334,14,20,20,242,-0.10602330416440964,-0.028940241783857346,-0.02777971476316452,-0.5350397229194641,-0.02549843117594719,0.10602330416440964,0.0,0.0,0.0,0.0,0.0,0.0,0.0,0.0,0.0,0.0,0.0,0.002452989942789826,0.00037377258180824787,0.0,0.0,21.178288745880128,,,1.1782887458801135,0.05,0.05,0.4628099173553719,0.95,0.0,,0,0.95875,0.04125000000000001,0.04125000000000001,0.0,0.0,0.46060606060606063,0.21212121212121213,0.32727272727272727,0.46060606060606063,0.21212121212121213,0.32727272727272727,0.4904684174127377,0.8509342670440674,2.126619815826416,0.013718689326196909,0.3928571492433548,0.24773411080241203,1.0878351330757141,0.7861002683639526,3.5290881395339966,2.126619815826416,-2.126619815826416,0.04125,165,4000,-0.37075236439704895,1.4285043478012085,-4.394765853881836,1.6344630122184753,-3.781747579574585,0.20335817337036133,0.0,0,1.0,1.0,0.6029736842105256,11.45649999999999,44136733.90512413,1.0,0.0,0.16910696611587459,0.0051532464260403595,0.17426021254191507,0.0,0.0,0.0,0.0,0.0,0.0,0.0,0.0,0.0,0.0,0.0,0.0,0.0,0.0,0.0,0.0,0.0,0.0,0.0,0.0,-0.000508975664742299,0.0,0.49324833923974076,0.0,0.0,True,-1.0,1.1782887458801135,0.0
274,200,19.412265062332153,42,False,True,time_limit,1.0,20.000000000000014,20.862973308563234,0.9999999999999999,20,True,53.51547584924255,1.4564372545164932,335502590.8834585,-0.02796697751663086,-0.04264134044840584,-0.0021936913645845377,0.0,0.0009139958916831132,0.002141887572656982,-0.07348790896125251,-0.07043202549691037,0.3570270275580936,0.008756209230616364,0.5443602556741738,0.02800471044151029,0.0,0.011698988754338039,0.05015280834126785,4.4671259047390777e-07,0.0,1.1468178455487055e-10,4.4671259047390777e-07,1.1468178455487055e-10,0.5661747455596924,0.5,0.21140429377555847,0.25,0.5,0.7644230872392654,0.6511627906976745,0.813953488372093,0.10203215479850769,86,0.0,0.0,0.0,61,4,0.06557377049180328,4,20,20,215,-0.07043202221393585,-0.027066494338214397,-0.026622914988547564,-0.9796993732452393,-0.025160090997815132,0.07043202221393585,0.0,0.0,0.0,0.0,0.0,0.0,0.0,0.0,0.0,0.0,0.0,0.0027625690295529997,0.0,0.0,0.0,20.862973308563234,,,0.8629733085632196,0.1,0.1,0.5209302325581395,0.9,0.0,,0,0.9635,0.03649999999999998,0.03649999999999998,0.0,0.0,0.410958904109589,0.1917808219178082,0.3972602739726027,0.410958904109589,0.1917808219178082,0.3972602739726027,0.4862327483057623,0.8621832132339478,1.9817176461219788,-0.006866699084639549,0.2777777835726738,0.5566489994525909,1.2399324178695679,1.1714480817317963,4.014517784118652,1.9817176461219788,-1.9817176461219788,0.0365,146,4000,-2.9119491577148438,11.381904602050781,-12.508323192596436,14.719480037689209,-3.9895321130752563,0.2009643316268921,0.0,0,1.0,0.9987499999999997,0.4905526315789475,9.3205,44847697.783181086,1.0,0.0,0.13292338398476736,0.005706590553495048,0.1386299745382625,0.0,0.0,0.0,0.0,0.0,0.0,0.0,0.0,0.0,0.0,0.0,0.0,0.0,0.0,0.0,0.0,0.0,0.0,0.0,0.0,-0.0006858996316286365,0.0,0.48644649663491873,0.0,0.0,True,-1.0,0.8629733085632196,0.0
275,177,19.189157962799072,42,True,False,all_finished,0.0,17.69999999999998,18.652295932769775,1.3,20,True,52.44504194872873,1.4511646825401874,348601790.34993565,-0.0284117532754341,-0.011979223747908024,-0.0026220765094785298,0.0,0.0010707991339084452,-0.0011136611941660426,-0.04340580306569843,-0.04344866512595579,0.6230786860093738,0.008613120792077525,0.262708144756152,0.05750296260507582,0.0,0.023674145556455736,0.02442294028086536,1.8227585485419695e-07,0.0,6.950472905553615e-11,1.8227585485419695e-07,6.950472905553615e-11,0.5550832748413086,0.5,0.21370935440063477,0.25,0.5,0.75,0.6590909090909091,0.9204545454545454,0.10547897964715958,88,0.0,0.0,0.0,62,7,0.11290322580645161,7,20,20,247,-0.043448664247989655,-0.027314798906445503,-0.026780258119106292,-0.5984837412834167,-0.02631484530866146,0.043448664247989655,0.0,0.0,0.0,0.0,0.0,0.0,0.0,0.0,0.0,0.0,0.0,0.0019231191352639709,0.0,0.0,0.0,18.652295932769775,,,0.9522959327697933,0.0,0.0,0.39271255060728744,1.0,0.0,,0,0.9598870056497175,0.04011299435028248,0.04011299435028248,0.0,0.0,0.38028169014084506,0.20422535211267606,0.4154929577464789,0.38028169014084506,0.20422535211267606,0.4154929577464789,0.48799804825258697,0.8727276384830474,1.8406639099121094,-0.03105017766356468,0.3451282113790512,0.11204969584941864,1.108227300643921,0.6613695025444031,2.410765755176544,1.8406639099121094,-1.8406639099121094,0.04011299435028248,142,3540,-1.1666369438171387,3.3825972080230713,-5.246765995025635,3.1202792644500734,-4.053002214431762,0.23078561425209046,0.015384615957736969,0,1.0,1.0,0.5683021112102289,10.797740112994347,41041092.22398089,0.9793785310734437,0.0,0.05144986991839275,0.005024716410478875,0.05647458632887163,0.0,0.0,0.0,0.0,0.0,0.0,0.0,0.0,0.0,0.0,0.0,0.0,0.0,0.0,0.0,0.0,0.0,0.0,0.0,0.0,-0.0003927495328773558,0.0,0.48720761981074523,0.0,0.0,False,0.0,0.0,0.0
276,200,22.390393495559692,42,False,True,time_limit,1.0,20.000000000000014,21.065176010131836,0.0,20,True,51.28723713022449,1.516523987147568,359021041.57157654,-0.02682234885834403,-0.0005467633060984221,-0.0019525308169742901,0.0,0.0011823140521527741,-0.00048469836399629934,-0.029719095820146153,-0.02902148013198913,0.8544425110585679,0.012661105980874644,0.017417483259378613,0.062199076709710255,0.0,0.037839456846571945,0.015440366144896476,7.285372305432247e-11,8.303936151980024e-13,1.1826863099972896e-10,7.285372305432247e-11,1.1826863099972896e-10,0.565385639667511,0.5,0.21525812149047852,0.25,0.5,0.8195187151432037,0.631578947368421,0.868421052631579,0.1027647852897644,76,0.0,0.0,0.0,52,3,0.057692307692307696,3,20,20,261,-0.029021479189395905,-0.025700222700834274,-0.02499338071793318,-0.11335071176290512,-0.023706603795289993,0.029021479189395905,0.0,0.0,0.0,0.0,0.0,0.0,0.0,0.0,0.0,0.0,0.0,0.0020219309848773077,0.0005529699272345848,0.0,0.0,21.065176010131836,,,1.0651760101318217,0.0,0.0,0.38697318007662834,1.0,0.0,,0,0.96425,0.03574999999999995,0.03574999999999995,0.0,0.0,0.46853146853146854,0.1888111888111888,0.34265734265734266,0.46853146853146854,0.1888111888111888,0.34265734265734266,0.4919537518488686,0.8512717604637146,1.8711138168970745,-0.0025401655584573746,0.23329448948303858,-0.01292505549887816,4.700872937838237,2.332643369833628,95.88059933980306,1.8711138168970745,-1.8711138168970745,0.03575,143,4000,0.40326040983200073,0.19392235577106476,-3.8491437832514444,0.22457938641309738,-4.274281978607178,0.1782460113366445,0.44813520461320877,0,1.0,1.0,0.5295526315789479,10.061499999999993,48898973.50625331,1.0,0.0,0.28576408573998185,0.005345887058419006,0.29110997279840084,0.0,0.0,0.0,0.0,0.0,0.0,0.0,0.0,0.0,0.0,0.0,0.0,0.0,0.0,0.0,0.0,0.0,0.0,0.0,0.0,-0.00039745283872961204,0.0,0.4905519269528304,0.0,0.0,True,-1.0,1.0651760101318217,0.0
277,200,21.645600080490112,42,False,True,time_limit,1.0,20.000000000000014,21.480273818969728,0.9999999999999999,20,True,54.19411323422488,1.4272511328617576,323660335.83681244,-0.02854702352154405,-0.0029324618122382245,-0.002288818281787782,0.0,0.0010447203705191675,0.00016625842222539518,-0.03429529944825019,-0.03308432065550607,0.7753493336353607,0.014313431569812797,0.07964691346241869,0.06216528067303746,0.0,0.028452501223750787,0.04007253943561951,1.8669640833302026e-10,4.890511552581994e-13,4.3845573005629636e-11,1.8669640833302026e-10,4.3845573005629636e-11,0.5243983268737793,0.5,0.22391852736473083,0.25,0.5,0.692307710647583,0.7974683544303798,0.9620253164556962,0.1158895492553711,79,0.0,0.0,0.0,48,9,0.1875,9,20,20,238,-0.03308432176709175,-0.027562007308006287,-0.026904134638607503,-0.23632432520389557,0.11988899856805801,0.03428320959210396,0.0,0.0,0.0,0.0,0.0,0.0,0.0,0.0,0.0,0.0,0.0,0.002465614305750598,0.0,0.0,0.0,21.480273818969728,,,1.4802738189697138,0.05,0.05,0.47058823529411764,0.95,0.0,,0,0.96,0.040000000000000036,0.040000000000000036,0.0,0.0,0.50625,0.15625,0.3375,0.50625,0.15625,0.3375,0.491175956074987,0.8648741364479064,1.795398235321045,-0.01816149801015854,0.2291666716337204,-0.3457600250840187,1.238395631313324,0.26877207681536674,4.895934820175171,1.795398235321045,-1.795398235321045,0.04,160,4000,0.11955326795578003,1.1625280380249023,-3.7561521530151367,1.1149643659591675,-4.164159059524536,0.17614337801933289,0.0625,0,1.0,1.0,0.5512105263157895,10.47299999999999,44886055.9762297,1.0,0.0,0.16896890548729931,0.005150730815869103,0.17411963630316826,0.0,0.0,0.0,0.0,0.0,0.0,0.0,0.0,0.0,0.0,0.0,0.0,0.0,0.0,0.0,0.0,0.0,0.0,0.0,0.0,-0.000526995832680525,0.0,0.4893082141078194,0.0,0.0,True,-1.0,1.4802738189697138,0.0
278,200,22.539779901504517,42,False,True,time_limit,1.0,20.000000000000014,20.4471378326416,0.0,20,True,53.10622448275287,1.4919393667390628,343138897.9348111,-0.02722308595136307,-0.06764358117529792,-0.0020374975884724,0.0,0.0012484703296883396,-0.0008786605635199205,-0.09741163812405075,-0.09704182835788458,0.27347792191506687,0.005097980939656629,0.6795344967048955,0.020468311616027215,0.0,0.012594432625557728,0.008826856198796149,5.903528688122606e-08,0.0,6.510341599152972e-10,5.903528688122606e-08,6.510341599152972e-10,0.5262677073478699,0.5,0.21817705035209656,0.25,0.5,0.6666666865348816,0.8591549295774648,0.971830985915493,0.11478859186172485,71,0.0,0.0,0.0,44,9,0.20454545454545456,9,20,20,241,-0.09704182296991348,-0.026210797019302845,-0.025858984142541886,-1.138359546661377,-0.0244003739207983,0.09704182296991348,0.0,0.0,0.0,0.0,0.0,0.0,0.0,0.0,0.0,0.0,0.0,0.0022836266197921637,0.0008613312735411919,0.0,0.0,20.4471378326416,,,0.44713783264158735,0.0,0.0,0.3775933609958506,1.0,0.0,,0,0.966,0.03400000000000003,0.03400000000000003,0.0,0.0,0.47794117647058826,0.20588235294117646,0.3161764705882353,0.47794117647058826,0.20588235294117646,0.3161764705882353,0.494225943955998,0.8698694229125975,1.849374234676361,-0.02772557456046343,0.28333333879709244,-0.28110983222723007,1.8898654580116272,0.6590222343802452,39.98626947402954,1.849374234676361,-1.849374234676361,0.034,136,4000,-0.1833733171224594,1.6008601188659668,-3.876513123512268,0.4595172107219696,-4.130441188812256,0.2115243300795555,0.13333334028720856,0,1.0,1.0,0.6054736842105258,11.50400000000002,46792545.81717498,1.0,0.0,0.12823042553228267,0.005799848427561177,0.13403027395984377,0.0,0.0,0.0,0.0,0.0,0.0,0.0,0.0,0.0,0.0,0.0,0.0,0.0,0.0,0.0,0.0,0.0,0.0,0.0,0.0,-0.0005074734089203163,0.0,0.49116847034788225,0.0,0.0,True,-1.0,0.44713783264158735,0.0
279,192,21.908071279525757,42,True,False,all_finished,0.0,19.200000000000003,20.032331466674805,0.0,20,True,51.813212328347014,1.4309397514639215,344250416.6338141,-0.028558140136049123,-0.009807746704561549,-0.0017181002029652494,0.0,0.001435802700802065,-0.0008711820986487079,-0.04030158967465778,-0.03973696907250486,0.6702428792683491,0.005107006734270303,0.2301820902581164,0.040322808888151714,0.0,0.03369907951513917,0.020446135335973357,4.101458017657933e-08,0.0,1.0682402271783294e-11,4.101458017657933e-08,1.0682402271783294e-11,0.5171130895614624,0.5,0.2388392835855484,0.25,0.5,0.6062500178813934,0.8571428571428571,1.0,0.11781257390975952,56,0.0,0.0,0.0,25,3,0.12,3,20,20,229,-0.039736971259117126,-0.027110342867672443,-0.026674117427319288,-0.60807204246521,-0.02448299527168274,0.039736971259117126,0.0,0.0,0.0,0.0,0.0,0.0,0.0,0.0,0.0,0.0,0.0,0.0010414673011595766,0.0003933905646317885,0.0,0.0,20.032331466674805,,,0.8323314666748018,0.0,0.0,0.1703056768558952,1.0,0.0,,0,0.9776041666666667,0.02239583333333328,0.02239583333333328,0.0,0.0,0.3488372093023256,0.10465116279069768,0.5465116279069767,0.3488372093023256,0.10465116279069768,0.5465116279069767,0.5040099794902193,0.8710172712802886,1.8713802496592205,-0.0024800862496097884,0.21666666865348816,-0.012322132786115011,4.635274847348531,2.300462245941162,43.80001868804296,1.8713802496592205,-1.8713802496592205,0.022395833333333334,86,3840,-0.09006744623184204,1.6714544296264648,-4.024341503779094,0.9052222967147827,-3.9021485646565757,0.1255884344379107,0.3333333333333333,0,1.0,1.0,0.599917763157895,11.3984375,45788952.981263824,1.0,0.0,0.07825949202450379,0.005582554378308302,0.08384204640281209,0.0,0.0,0.0,0.0,0.0,0.0,0.0,0.0,0.0,0.0,0.0,0.0,0.0,0.0,0.0,0.0,0.0,0.0,0.0,0.0,-0.00021760263108240263,0.0,0.4911580899746089,0.0,0.0,False,0.0,0.0,0.0
280,200,21.9914608001709,42,False,True,time_limit,1.0,20.000000000000014,20.52223882675171,1.2,20,True,51.18121756943504,1.5202077166427173,360720158.58900726,-0.026750676798460524,-0.17923163712025686,-0.0019237321438798957,0.0,0.0010503168511366437,0.00030547212119128557,-0.20836654785659142,-0.20701075888426698,0.1269478939043178,0.0021853552838179318,0.8505608671085649,0.00912925478265451,0.0,0.004997024018875418,0.006179604901769453,8.820878250048736e-09,2.002084912786084e-12,8.780362259486195e-09,8.820878250048736e-09,8.780362259486195e-09,0.5515807271003723,0.5,0.21984454989433289,0.25,0.5,0.7428571581840517,0.7222222222222222,0.9166666666666666,0.1068740040063858,72,0.0,0.0,0.0,45,4,0.08888888888888889,4,20,20,251,-0.20701076090335846,-0.04505288228392601,-0.02590701002627611,-0.9790157675743103,0.12088367342948914,0.20821960270404816,0.0,0.0,0.0,0.0,0.0,0.0,0.0,0.0,0.0,0.0,0.0,0.0022092245985376423,0.00044823713877421384,0.0,0.0,20.52223882675171,,,0.5222388267516962,0.05,0.05,0.44223107569721115,0.95,0.0,,0,0.96175,0.038250000000000006,0.038250000000000006,0.0,0.0,0.5294117647058824,0.1568627450980392,0.3137254901960784,0.5294117647058824,0.1568627450980392,0.3137254901960784,0.49148004489249497,0.8518552541732788,1.748593270778656,0.01819923147559166,0.0555555559694767,-0.014542104676365852,174.71369850635529,87.33784747123718,316.5991154909134,1.748593270778656,-1.748593270778656,0.03825,153,4000,0.2280302792787552,0.9954270124435425,-3.5594056844711304,0.08710212260484695,-3.7504903078079224,0.18899770826101303,0.9444444477558136,0,1.0,1.0,0.5588421052631584,10.618000000000002,45920195.3213639,1.0,0.0,0.12549661576926086,0.005484440911907532,0.13098105668116836,0.0,0.0,0.0,0.0,0.0,0.0,0.0,0.0,0.0,0.0,0.0,0.0,0.0,0.0,0.0,0.0,0.0,0.0,0.0,0.0,-0.00046050179399812093,0.0,0.4893343749362393,0.0,0.0,True,-1.0,0.5222388267516962,0.0
281,200,18.904643774032593,42,False,True,time_limit,1.0,20.000000000000014,20.306302452087404,1.1500000000000001,20,True,52.479777465578515,1.4516947286402924,336728900.17904574,-0.028083449409968025,-0.06522598163446584,-0.002139691872635608,0.0,0.0007109669674165179,0.0014352641801060593,-0.09604570708278058,-0.09389947593525853,0.28271284992617585,0.006005744068226278,0.6566224429171088,0.02154003158393987,0.0,0.007220395441894193,0.02589853606265504,1.41385976348829e-06,0.0,9.07744466399627e-11,1.41385976348829e-06,9.07744466399627e-11,0.5439021587371826,0.5,0.20783598721027374,0.25,0.5,0.7575000017881389,0.6923076923076923,0.8974358974358975,0.10972780734300613,78,0.0,0.0,0.0,52,15,0.28846153846153844,15,20,20,238,-0.09389946609735489,-0.02739142533391714,-0.027298249304294586,-0.9219344854354858,0.20373131334781647,0.09593679755926132,0.0,0.0,0.0,0.0,0.0,0.0,0.0,0.0,0.0,0.0,0.0,0.0029040750032254294,0.0,0.0,0.0,20.306302452087404,,,0.30630245208739026,0.2,0.2,0.5882352941176471,0.8,0.0,,0,0.9525,0.04749999999999999,0.04749999999999999,0.0,0.0,0.5894736842105263,0.1631578947368421,0.24736842105263157,0.5894736842105263,0.1631578947368421,0.24736842105263157,0.4993966157006334,0.8574053049087524,1.6839478015899658,0.09803370386362076,0.23076923191547394,-0.28749579191207886,0.9242496490478516,0.17027278244495392,1.081673264503479,1.6839478015899658,-1.6839478015899658,0.0475,190,4000,-3.813164234161377,13.407814025878906,-3.3375191688537598,2.0075669288635254,-3.6777093410491943,0.21640893816947937,0.0,0,1.0,1.0,0.4801578947368418,9.123000000000006,47007516.67498404,1.0,0.0,0.07876381291347768,0.005286389576276814,0.08405020248975438,0.0,0.0,0.0,0.0,0.0,0.0,0.0,0.0,0.0,0.0,0.0,0.0,0.0,0.0,0.0,0.0,0.0,0.0,0.0,0.0,-0.0005965841657119249,0.0,0.4962297008445021,0.0,0.0,True,-1.0,0.30630245208739026,0.0
282,200,19.999144554138184,42,False,True,time_limit,1.0,20.000000000000014,20.476599311828615,0.8999999999999999,20,True,52.086502060731775,1.4967618972277514,353894923.3673812,-0.027322434783359117,-0.012751192151130138,-0.0018598066619553639,0.0,0.001110801810400475,-1.868605367552833e-05,-0.042702484186975205,-0.04161036843024888,0.5997868695254909,0.016882333139705163,0.2799164014366103,0.040826801291378854,0.0,0.02448670841094269,0.03810088619587219,1.0110872494806245e-07,0.0,1.6818830009257547e-11,1.0110872494806245e-07,1.6818830009257547e-11,0.5472959280014038,0.5,0.2235339879989624,0.25,0.5,0.6952381134033201,0.6811594202898551,0.9420289855072463,0.10781486332416534,69,0.0,0.0,0.0,44,7,0.1590909090909091,7,20,20,245,-0.04161037132143974,-0.026193960569798946,-0.025786209013313056,-0.7163316011428833,0.11448611319065094,0.04275523126125336,0.0,0.0,0.0,0.0,0.0,0.0,0.0,0.0,0.0,0.0,0.0,0.0031808830962348498,0.0004779982374621738,0.0,0.0,20.476599311828615,,,0.4765993118286005,0.05,0.05,0.4448979591836735,0.95,0.0,,0,0.963,0.03700000000000003,0.03700000000000003,0.0,0.0,0.5337837837837838,0.13513513513513514,0.3310810810810811,0.5337837837837838,0.13513513513513514,0.3310810810810811,0.4950510595809072,0.8717206478118894,1.5296491384506226,0.002848941832780838,0.0,0.0690077468752861,1.0452262163162231,0.5876684337854385,2.6084259748458862,1.5296491384506226,-1.5296491384506226,0.037,148,4000,-0.7530027031898499,3.2126433849334717,-4.410863876342773,2.3988524675369263,-3.554657459259033,0.17566383630037308,0.0,0,1.0,1.0,0.46855263157894783,8.90250000000001,45660465.928489104,1.0,0.0,0.0667784649017894,0.005511297215705601,0.072289762117495,0.0,0.0,0.0,0.0,0.0,0.0,0.0,0.0,0.0,0.0,0.0,0.0,0.0,0.0,0.0,0.0,0.0,0.0,0.0,0.0,-0.0007690505905296964,0.0,0.4934738533187774,0.0,0.0,True,-1.0,0.4765993118286005,0.0
283,200,19.445666074752808,42,False,True,time_limit,1.0,20.000000000000014,20.50833034515381,0.9333333333333332,20,True,50.9282931524723,1.5008416826704982,360519340.8422466,-0.02739374028579642,-0.046725216825928485,-0.001567684542686876,0.0,0.0010283420163547735,0.0009624873245190995,-0.07617741753511444,-0.07418658819424274,0.3427741522346093,0.006141011949845506,0.5846662930432428,0.019616223797281732,0.0,0.01290067670413891,0.03390164227088174,8.902594217374826e-09,0.0,7.731488158024759e-11,8.902594217374826e-09,7.731488158024759e-11,0.5369614362716675,0.5,0.22794784605503082,0.25,0.5,0.7569444477558136,0.7857142857142857,0.8928571428571429,0.1119774580001831,56,0.0,0.0,0.0,33,2,0.06060606060606061,2,20,20,240,-0.07418659329414368,-0.02638822142034769,-0.026174375601112843,-0.910812497138977,-0.02483987621963024,0.07418659329414368,0.0,0.0,0.0,0.0,0.0,0.0,0.0,0.0,0.0,0.0,0.0,0.0025018478651855406,0.00032370317436972347,0.0,0.0,20.50833034515381,,,0.5083303451537944,0.1,0.1,0.44166666666666665,0.9,0.0,,0,0.965,0.03500000000000003,0.03500000000000003,0.0,0.0,0.6,0.1357142857142857,0.2642857142857143,0.6,0.1357142857142857,0.2642857142857143,0.4888073770063264,0.8518087327480316,1.3754709362983704,0.013740002643316984,0.1715277787297964,-0.15961609035730362,2.5881962180137634,1.1309322714805603,17.327854573726654,1.3754709362983704,-1.3754709362983704,0.035,140,4000,-3.471543550491333,13.041020393371582,-4.455626010894775,4.488034058362246,-3.421824038028717,0.20856767892837524,0.25,0,1.0,0.9994999999999998,0.45086842105263003,8.56649999999998,47513171.676873304,1.0,0.0,0.08498984920795663,0.005788192372778536,0.09077804158073507,0.0,0.0,0.0,0.0,0.0,0.0,0.0,0.0,0.0,0.0,0.0,0.0,0.0,0.0,0.0,0.0,0.0,0.0,0.0,0.0,-0.0004907758807055542,0.0,0.4913538858841639,0.0,0.0,True,-1.0,0.5083303451537944,0.0
284,200,19.843697786331177,42,False,True,time_limit,1.0,20.000000000000014,20.602074337005615,1.0499999999999998,20,True,52.01809273340964,1.4989183893542717,355572590.0716549,-0.027473958877829996,-0.0033404461142880672,-0.0015914589740036414,0.0,0.0011589144267788666,-0.0005491133249558423,-0.03297054387947128,-0.03236074277764856,0.7809666062740549,0.016051423732594664,0.09495453046710528,0.04523834076766226,0.0,0.03299772002773133,0.029791378730851505,2.2108047337265901e-10,0.0,1.2148061332914447e-11,2.2108047337265901e-10,1.2148061332914447e-11,0.5418843626976013,0.5,0.22762104868888855,0.25,0.5,0.6833333522081374,0.7068965517241379,0.9482758620689655,0.10975577682256699,58,0.0,0.0,0.0,41,1,0.024390243902439025,1,20,20,240,-0.0323607437312603,-0.026404762640595436,-0.025894893892109395,-0.12322769314050674,-0.00508531928062439,0.0323607437312603,0.0,0.0,0.0,0.0,0.0,0.0,0.0,0.0,0.0,0.0,0.0,0.0024663578247075568,0.00014399011327996072,0.0,0.0,20.602074337005615,,,0.6020743370056003,0.1,0.1,0.4625,0.9,0.0,,0,0.9655,0.034499999999999975,0.034499999999999975,0.0,0.0,0.5797101449275363,0.13768115942028986,0.2826086956521739,0.5797101449275363,0.13768115942028986,0.2826086956521739,0.4965435738956076,0.8653788447380065,1.3141547838846843,0.027812290315826733,0.1583333338300387,0.14363600810368857,1.8427005807558696,1.0615985294183095,30.510029157002766,1.3141547838846843,-1.3141547838846843,0.0345,138,4000,0.025109654292464256,0.320783793926239,-3.210702975591024,0.28628015021483105,-3.172314246495565,0.2222335288921992,0.5833333333333334,0,1.0,1.0,0.4994999999999989,9.490499999999976,49666729.985077865,1.0,0.0,0.056998066136532875,0.005495275058666625,0.06249334119519959,0.0,0.0,0.0,0.0,0.0,0.0,0.0,0.0,0.0,0.0,0.0,0.0,0.0,0.0,0.0,0.0,0.0,0.0,0.0,0.0,-0.0005646799133498122,0.0,0.49222774397046304,0.0,0.0,True,-1.0,0.6020743370056003,0.0
285,200,20.190783262252808,42,False,True,time_limit,1.0,20.000000000000014,20.872630882263184,1.3,20,True,52.39020227027112,1.4527872317194759,340037422.8997097,-0.027996468163714365,-0.01598119934100134,-0.0015958009072702508,0.0,0.0010729749406215862,-0.0005575287814881569,-0.04629055584581165,-0.045775109686677605,0.5841933116725847,0.014963233229103238,0.3334745551804865,0.033299065129815224,0.0,0.022436060723877296,0.011633774064133065,5.03862622736051e-08,0.0,1.4009701523876023e-10,5.03862622736051e-08,1.4009701523876023e-10,0.516313910484314,0.5,0.23844797909259796,0.25,0.5,0.6000000238418579,0.8518518518518519,0.9814814814814815,0.11820745468139648,54,0.0,0.0,0.0,24,4,0.16666666666666666,4,20,20,239,-0.04577510803937912,-0.02702318225055933,-0.026292589120566846,-0.5868239998817444,-0.024433493614196777,0.04577510803937912,0.0,0.0,0.0,0.0,0.0,0.0,0.0,0.0,0.0,0.0,0.0,0.003143845097099075,0.0,0.0,0.0,20.872630882263184,,,0.8726308822631701,0.0,0.0,0.4811715481171548,1.0,0.0,,0,0.9605,0.03949999999999998,0.03949999999999998,0.0,0.0,0.6582278481012658,0.06329113924050633,0.27848101265822783,0.6582278481012658,0.06329113924050633,0.27848101265822783,0.4966371417724776,0.8567093074321744,1.4082425832748413,0.07050014287233353,0.1428571492433548,0.24669745564460754,1.063560962677002,0.7748520970344543,2.657409429550171,1.4082425832748413,-1.4082425832748413,0.0395,158,4000,-0.4117702543735504,1.4002939462661743,-3.975764036178589,1.881553053855896,-3.3321774005889893,0.184284046292305,0.0,0,1.0,1.0,0.47542105263157736,9.032999999999983,45989742.8316523,1.0,0.0,0.12316311950076808,0.0055853342866899755,0.12874845378745806,0.0,0.0,0.0,0.0,0.0,0.0,0.0,0.0,0.0,0.0,0.0,0.0,0.0,0.0,0.0,0.0,0.0,0.0,0.0,0.0,-0.0007170874338246568,0.0,0.49517102517047895,0.0,0.0,True,-1.0,0.8726308822631701,0.0
286,200,17.14891767501831,42,False,True,time_limit,1.0,20.000000000000014,20.367534255981447,1.1199999999999999,20,True,52.92351786650297,1.3851299605631775,320086694.49136895,-0.02949320718929693,-0.0011796170014419238,-0.0016428540638723057,0.0,0.0005727770981432489,0.0027157535904165915,-0.03298812101710188,-0.02969959032854195,0.7923226283671279,0.018064892488071086,0.03168991547952759,0.044134584670849165,0.0,0.015498783957497826,0.09828919503692633,8.398830936284796e-11,0.0,1.9958354673804652e-11,8.398830936284796e-11,1.9958354673804652e-11,0.5484858155250549,0.5,0.21613122522830963,0.25,0.5,0.7142857313156128,0.6885245901639344,0.8852459016393442,0.10772813111543655,61,0.0,0.0,0.0,46,6,0.13043478260869565,6,20,20,231,-0.02969959005713463,-0.028916065581142902,-0.028864790871739387,-0.1056586354970932,0.464336633682251,0.03436673432588577,0.0,0.0,0.0,0.0,0.0,0.0,0.0,0.0,0.0,0.0,0.0,0.0032830426215167273,0.0,0.0,0.0,20.367534255981447,,,0.3675342559814325,0.25,0.25,0.6666666666666666,0.75,0.0,,0,0.9545,0.045499999999999985,0.045499999999999985,0.0,0.0,0.6648351648351648,0.14285714285714285,0.19230769230769232,0.6648351648351648,0.14285714285714285,0.19230769230769232,0.4904822027310729,0.85506372153759,1.2464794516563416,0.014961367473006248,0.1538461558520794,-0.0637524425983429,1.3143703937530518,0.590226948261261,8.679683208465576,1.2464794516563416,-1.2464794516563416,0.0455,182,4000,0.4668577015399933,1.1947376728057861,-2.6146351099014282,0.9289595186710358,-3.1842665672302246,0.22598965466022491,0.0,0,1.0,1.0,0.45381578947368467,8.622500000000024,40655360.22233081,1.0,0.0,0.04708737749770483,0.005518654450480391,0.05260603194818525,0.0,0.0,0.0,0.0,0.0,0.0,0.0,0.0,0.0,0.0,0.0,0.0,0.0,0.0,0.0,0.0,0.0,0.0,0.0,0.0,-0.0006724427624906628,0.0,0.4904173223230755,0.0,0.0,True,-1.0,0.3675342559814325,0.0
287,200,23.77732491493225,42,False,True,time_limit,1.0,20.000000000000014,21.483450603485107,1.3,20,True,48.58236541348303,1.5942413855391715,401395013.8959041,-0.025542471655186052,-0.1759916104588651,-0.0016239240520648348,0.0,0.0013133589713393737,0.00017597305675748283,-0.20390391139796304,-0.2024145793698656,0.12365834292308338,0.0036111385849084718,0.8520252547011988,0.007861876486432523,0.0,0.006361456520485363,0.00648193078389152,1.5524991070492433e-08,1.1080304642557826e-11,1.1890920381674159e-08,1.5524991070492433e-08,1.1890920381674159e-08,0.50429767370224,0.5,0.23218026757240295,0.25,0.5,0.6100000143051147,0.9245283018867925,1.0,0.1225602850317955,53,0.0,0.0,0.0,25,9,0.36,9,20,20,268,-0.2024145871400833,-0.066067636013031,-0.029084006976336247,-0.9188815951347351,0.0902821347117424,0.20331741869449615,0.0,0.0,0.0,0.0,0.0,0.0,0.0,0.0,0.0,0.0,0.0,0.0029631317815020965,0.00041097294643310057,0.0,0.0,21.483450603485107,,,1.4834506034850925,0.05,0.05,0.3358208955223881,0.95,0.0,,0,0.966,0.03400000000000003,0.03400000000000003,0.0,0.0,0.6102941176470589,0.0661764705882353,0.3235294117647059,0.6102941176470589,0.0661764705882353,0.3235294117647059,0.5021994545207269,0.8531551957130432,1.4966992537180583,0.007901231447855631,0.259259266157945,-0.24618872006734213,0.9564445614814758,0.22818868731458983,10.771121819814047,1.4966992537180583,-1.4966992537180583,0.034,136,4000,-0.3272033929824829,1.0175613164901733,-3.323523203531901,0.3542642494042714,-3.2525948683420816,0.17934320867061615,0.12962963183720908,0,1.0,1.0,0.63907894736842,12.142500000000034,50653949.708738655,1.0,0.0,0.49983812773184644,0.005543881629823081,0.5053820093616699,0.0,0.0,0.0,0.0,0.0,0.0,0.0,0.0,0.0,0.0,0.0,0.0,0.0,0.0,0.0,0.0,0.0,0.0,0.0,0.0,-0.0007459052318479298,0.0,0.5004346284143394,0.0,0.0,True,-1.0,1.4834506034850925,0.0
288,200,20.102203607559204,42,False,True,time_limit,1.0,20.000000000000014,20.500603866577148,0.9999999999999999,20,True,50.795221763749,1.5179231088127223,370144117.9429635,-0.026881416763238724,-0.14430172679830605,-0.001304407845454716,0.0,0.0010279298029197575,0.0006927054389099461,-0.17300677102629383,-0.17128613578446517,0.15292962182337685,0.002953864400876051,0.8209391901510177,0.007420836493321845,0.0,0.0058545054082923,0.009901981723115419,5.351610639081628e-07,0.0,2.9994586481229984e-09,5.351610639081628e-07,2.9994586481229984e-09,0.5146103501319885,0.5,0.23944805562496185,0.25,0.5,0.6000000238418579,0.8863636363636364,1.0,0.11858253180980682,44,0.0,0.0,0.0,19,3,0.15789473684210525,3,20,20,239,-0.17128615081310272,-0.025859657675027847,-0.025764636974781752,-1.0709656476974487,-0.02381216362118721,0.17128615081310272,0.0,0.0,0.0,0.0,0.0,0.0,0.0,0.0,0.0,0.0,0.0,0.002604208813231934,0.00040004670391676026,0.0,0.0,20.500603866577148,,,0.5006038665771335,0.05,0.05,0.45188284518828453,0.95,0.0,,0,0.965,0.03500000000000003,0.03500000000000003,0.0,0.0,0.6857142857142857,0.05714285714285714,0.2571428571428571,0.6857142857142857,0.05714285714285714,0.2571428571428571,0.4951573234308236,0.8695346355438232,1.181397557258606,0.023684823885560036,0.0,-0.18976713716983795,1.3487110137939453,0.4815569818019867,1.818010926246643,1.181397557258606,-1.181397557258606,0.035,140,4000,-9.103090286254883,21.32438850402832,-8.490080833435059,8.817317962646484,-3.257436990737915,0.17754563689231873,0.0,0,1.0,1.0,0.5089473684210528,9.66999999999999,50606733.2792251,1.0,0.0,0.07265646099401706,0.005509059532999496,0.07816552052701661,0.0,0.0,0.0,0.0,0.0,0.0,0.0,0.0,0.0,0.0,0.0,0.0,0.0,0.0,0.0,0.0,0.0,0.0,0.0,0.0,-0.0005192196192948793,0.0,0.49106463017861823,0.0,0.0,True,-1.0,0.5006038665771335,0.0
289,200,21.132665157318115,42,False,True,time_limit,1.0,20.000000000000014,20.865873908996583,1.0999999999999999,20,True,53.50113782057618,1.4388518453842027,332180286.81858855,-0.02848556400574759,-0.0024863594076511065,-0.001274589037661386,0.0,0.0008861891487476503,-0.00010970556595616268,-0.03264323419834103,-0.03186675061554947,0.8197882841465999,0.011417286328666622,0.07155513270366658,0.03668149803759067,0.0,0.025551658747250787,0.03500614003622545,6.305139743645327e-10,0.0,9.719640786665022e-11,6.305139743645327e-10,9.719640786665022e-11,0.5589245557785034,0.5,0.21883705258369446,0.25,0.5,0.7357142925262449,0.6326530612244898,0.8775510204081632,0.10404808819293976,49,0.0,0.0,0.0,28,3,0.10714285714285714,3,20,20,228,-0.03186675161123276,-0.027584468945860863,-0.027441012766212226,-0.4907841682434082,0.07081325352191925,0.03257488086819649,0.0,0.0,0.0,0.0,0.0,0.0,0.0,0.0,0.0,0.0,0.0,0.0019313860161322975,0.0002166523813725729,0.0,0.0,20.865873908996583,,,0.8658739089965692,0.1,0.1,0.4517543859649123,0.9,0.0,,0,0.9655,0.034499999999999975,0.034499999999999975,0.0,0.0,0.644927536231884,0.11594202898550725,0.2391304347826087,0.644927536231884,0.11594202898550725,0.2391304347826087,0.49648549165140354,0.8557134419679642,1.2313900589942932,0.09094940684735775,0.2909090965986252,-0.19649260491132736,0.9573725461959839,0.27903779596090317,15.82721757888794,1.2313900589942932,-1.2313900589942932,0.0345,138,4000,-0.0820045918226242,1.5424821376800537,-3.0926809310913086,0.44145617634058,-3.3129156827926636,0.1394207514822483,0.24090909957885742,0,1.0,1.0,0.6070263157894739,11.533500000000002,46216572.97821263,1.0,0.0,0.2105371588155049,0.005682970098447996,0.21622012891395295,0.0,0.0,0.0,0.0,0.0,0.0,0.0,0.0,0.0,0.0,0.0,0.0,0.0,0.0,0.0,0.0,0.0,0.0,0.0,0.0,-0.00039672174728105854,0.0,0.49645963809196836,0.0,0.0,True,-1.0,0.8658739089965692,0.0
290,200,18.13799285888672,42,False,True,time_limit,1.0,20.000000000000014,20.592014980316165,1.4600000000000004,20,True,52.12076903101845,1.537431877778904,363698939.4612568,-0.026662965212907445,-0.00013356463050339667,-0.0015618607429911057,0.0,0.0006141116869489822,0.0014010542607484947,-0.029600030631707675,-0.027584864684010394,0.8193253149988212,0.03815431303727105,0.004104302806760614,0.047994363530729736,0.0,0.0189352077827066,0.07148649784371086,1.3836434602232384e-11,0.0,1.1666675264754274e-11,1.3836434602232384e-11,1.1666675264754274e-11,0.543052077293396,0.5,0.22174879908561707,0.25,0.5,0.7214285850524901,0.6842105263157895,0.8947368421052632,0.10960426181554794,57,0.0,0.0,0.0,37,2,0.05405405405405406,2,20,20,254,-0.02758486568927765,-0.026043061167001724,-0.025807865802198647,-0.09660124778747559,0.12959642708301544,0.029751954600214958,0.0,0.0,0.0,0.0,0.0,0.0,0.0,0.0,0.0,0.0,0.0,0.00541961307782297,0.0,0.0,0.0,20.592014980316165,,,0.5920149803161507,0.25,0.25,0.6811023622047244,0.75,0.0,,0,0.94875,0.05125000000000002,0.05125000000000002,0.0,0.0,0.7219512195121951,0.0975609756097561,0.18048780487804877,0.7219512195121951,0.0975609756097561,0.18048780487804877,0.4941152946551975,0.8550013184547423,1.13452091217041,0.03414704699534923,0.14824175983667373,-0.048418935388326645,1.0891036868095398,0.4932286858558655,3.426285171508789,1.13452091217041,-1.13452091217041,0.05125,205,4000,0.32875746488571167,0.853452205657959,-2.783328580856323,0.8809529304504394,-3.0613424301147463,0.1895209640264511,0.38714284896850587,0,1.0,0.9987499999999997,0.4653157894736848,8.840999999999998,42868493.89936909,1.0,0.0,0.0853576804598634,0.005100900970043402,0.0904585814299068,0.0,0.0,0.0,0.0,0.0,0.0,0.0,0.0,0.0,0.0,0.0,0.0,0.0,0.0,0.0,0.0,0.0,0.0,0.0,0.0,-0.0012416400453055727,0.0,0.49356281359965215,0.0,0.0,True,-1.0,0.5920149803161507,0.0
291,200,17.788034439086914,42,False,True,time_limit,1.0,20.000000000000014,20.77676954269409,0.9999999999999998,20,True,52.728335324077406,1.4745591333317956,343246472.75784874,-0.027504822848522098,-0.006862327270709861,-0.001298454697249537,0.0,0.0005601422111888678,0.0032298623830445943,-0.03654975731220833,-0.0327597527179749,0.6684487765477535,0.02148752810752797,0.16677490684593765,0.03155630045534991,0.0,0.013653642854887767,0.09807884518854315,1.496663912803342e-07,0.0,8.447198713082394e-12,1.496663912803342e-07,8.447198713082394e-12,0.5313287973403931,0.5,0.22500942647457123,0.25,0.5,0.6272727251052856,0.717391304347826,1.0,0.11290910094976425,46,0.0,0.0,0.0,30,6,0.2,6,20,20,222,-0.03275975212454796,-0.026939935982227325,-0.02684365548193455,-0.5029950737953186,0.2506982386112213,0.03526673465967178,0.0,0.0,0.0,0.0,0.0,0.0,0.0,0.0,0.0,0.0,0.0,0.003999299453768386,0.0,0.0,0.0,20.77676954269409,,,0.7767695426940762,0.2,0.2,0.7027027027027027,0.8,0.0,,0,0.9535,0.046499999999999986,0.046499999999999986,0.0,0.0,0.7526881720430108,0.06451612903225806,0.1827956989247312,0.7526881720430108,0.06451612903225806,0.1827956989247312,0.4859521948158481,0.8697389543056488,1.101738174756368,0.01637728636463483,0.06825397163629532,0.1388897051413854,1.0247544248898823,0.6484499077002207,1.720084269841512,1.101738174756368,-1.101738174756368,0.0465,186,4000,0.1313353031873703,3.1427805423736572,-3.1570515632629395,4.190712173779805,-2.7990848223368325,0.15019948532183966,0.0,0,1.0,1.0,0.5210526315789484,9.900000000000013,46337539.424590245,1.0,0.0,0.04266751743019387,0.0057512785157743775,0.04841879594596826,0.0,0.0,0.0,0.0,0.0,0.0,0.0,0.0,0.0,0.0,0.0,0.0,0.0,0.0,0.0,0.0,0.0,0.0,0.0,0.0,-0.000884152495726761,0.0,0.4913755570857902,0.0,0.0,True,-1.0,0.7767695426940762,0.0
292,152,13.87697458267212,42,True,False,all_finished,0.0,15.199999999999962,16.01937745094299,0.9333333333333332,20,True,52.52212933399197,1.388496302777139,325350544.0564953,-0.029354222113296437,-0.24813778191573269,-0.0015655676509087049,0.0,0.0008918204041147359,0.0038200991473483176,-0.279859302078059,-0.27514738252658705,0.10241309558847815,0.002797133972113447,0.8657207225715539,0.005462063646718691,0.0,0.003114607045656348,0.020492377175479453,3.156095317535801e-06,0.0,9.495747876897481e-09,3.156095317535801e-06,9.495747876897481e-09,0.5051282048225403,0.5,0.24166664481163025,0.25,0.5,0.6000000238418579,0.9230769230769231,1.0,0.12203399091959,39,0.0,0.0,0.0,19,4,0.21052631578947367,4,20,20,224,-0.27514737844467163,-0.043442633002996445,-0.02836205791682005,-1.3322396278381348,0.4381609857082367,0.2809126377105713,0.0,0.0,0.0,0.0,0.0,0.0,0.0,0.0,0.0,0.0,0.0,0.0038077171508358204,0.00027060163251893716,0.0,0.0,16.01937745094299,,,0.819377450943028,0.15,0.15,0.5491071428571429,0.85,0.0,,0,0.95,0.050000000000000044,0.050000000000000044,0.0,0.0,0.743421052631579,0.07236842105263158,0.18421052631578946,0.743421052631579,0.07236842105263158,0.18421052631578946,0.48632710263833845,0.871161761879921,0.9611908367701939,-0.02874553660928671,0.15754404770476477,0.05331273776079927,1.2528925282614571,0.6773042146648679,1.719396710395813,0.9611908367701939,-0.9611908367701939,0.05,152,3040,-8.9259614944458,18.978282928466797,-11.404649121420723,17.393219811575754,-2.5218498366219655,0.17365035840443202,0.0,0,1.0,1.0,0.4576523545706371,8.695394736842111,48153231.827505484,1.0,0.0,0.09525648181679575,0.005572142998010357,0.10082862481480603,0.0,0.0,0.0,0.0,0.0,0.0,0.0,0.0,0.0,0.0,0.0,0.0,0.0,0.0,0.0,0.0,0.0,0.0,0.0,0.0,-0.0008017303981123159,0.0,0.48692107317558686,0.0,0.0,False,0.0,0.0,0.0
293,200,19.73336625099182,42,False,True,time_limit,1.0,20.000000000000014,20.347971534729005,1.2750000000000001,20,True,49.64070452563413,1.512386673769836,372503533.26585984,-0.026929758760491012,-0.0013991713156044027,-0.0011675107099882107,0.0,0.0010398091242564214,0.0014738105673810019,-0.02996623025957506,-0.027452610567937463,0.8016406091844239,0.013984615423692616,0.04165030053815582,0.03475426590740183,0.0,0.030996710180649832,0.07697349876567612,1.1037334241015273e-10,0.0,8.43338444217467e-11,1.1037334241015273e-10,8.43338444217467e-11,0.5532286763191223,0.5,0.2217622846364975,0.25,0.5,0.75,0.7045454545454546,0.8409090909090909,0.10613730549812317,44,0.0,0.0,0.0,28,1,0.03571428571428571,1,20,20,243,-0.027452612295746803,-0.025980325415730476,-0.02494856622070074,-0.09529195725917816,0.27425625920295715,0.030370809137821198,0.0,0.0,0.0,0.0,0.0,0.0,0.0,0.0,0.0,0.0,0.0,0.002329017449435751,0.0006550935978777872,0.0,0.0,20.347971534729005,,,0.3479715347289911,0.2,0.2,0.5390946502057613,0.8,0.0,,0,0.96,0.040000000000000036,0.040000000000000036,0.0,0.0,0.725,0.1125,0.1625,0.725,0.1125,0.1625,0.4702852001613933,0.836148077249527,1.0962101618448894,-0.009711648958424727,0.06060606241226196,-0.12037128210067749,1.1825920343399048,0.46812768777211505,3.978000005086263,1.0962101618448894,-1.0962101618448894,0.04,160,4000,0.2167596071958542,1.2117847204208374,-2.0520657698313394,1.173296332359314,-2.387236754099528,0.176515261332194,0.1515151560306549,0,1.0,1.0,0.5691578947368418,10.813999999999982,48977591.944451764,1.0,0.0,0.07068776205821946,0.005511987232078709,0.07619974929029814,0.0,0.0,0.0,0.0,0.0,0.0,0.0,0.0,0.0,0.0,0.0,0.0,0.0,0.0,0.0,0.0,0.0,0.0,0.0,0.0,-0.0004697894734916598,0.0,0.48457205162895844,0.0,0.0,True,-1.0,0.3479715347289911,0.0
294,200,21.8815975189209,42,False,True,time_limit,1.0,20.000000000000014,20.571506881713866,1.3333333333333333,20,True,51.14265781751853,1.5314077364444258,363944206.8775917,-0.026434504005564022,-0.03652854026176583,-0.0014273578531232402,0.0,0.000941639802051169,-0.00010422986396583835,-0.06547902995056824,-0.06464162001248314,0.3942370324766684,0.016235500583852328,0.5447767550498362,0.021287228395854597,0.0,0.014078971583350154,0.009384511910438357,3.628182909665156e-08,0.0,3.4647751612215624e-10,3.628182909665156e-08,3.4647751612215624e-10,0.5342903733253479,0.5,0.2228369116783142,0.25,0.5,0.6666666865348816,0.7647058823529411,0.9803921568627451,0.1119496300816536,51,0.0,0.0,0.0,31,6,0.1935483870967742,6,20,20,246,-0.06464161723852158,-0.025817792862653732,-0.025330089870840313,-0.5440037250518799,-0.02275206707417965,0.06464161723852158,0.0,0.0,0.0,0.0,0.0,0.0,0.0,0.0,0.0,0.0,0.0,0.004602582519943815,0.0003383655776837857,0.0,0.0,20.571506881713866,,,0.5715068817138516,0.1,0.1,0.5528455284552846,0.9,0.0,,0,0.957,0.04300000000000004,0.04300000000000004,0.0,0.0,0.7034883720930233,0.0872093023255814,0.20930232558139536,0.7034883720930233,0.0872093023255814,0.20930232558139536,0.49106023014221717,0.8512686491012573,1.3419986565907795,-0.010459149566789469,0.1111111119389534,-0.05066621427734693,1.6755587855974834,0.783692866563797,5.442675232887268,1.3419986565907795,-1.3419986565907795,0.043,172,4000,-0.394290030002594,3.2538962364196777,-2.5484593709309897,0.283337523539861,-2.392958164215088,0.16694585978984833,0.5290404111146927,0,1.0,0.9977499999999995,0.714526315789473,13.576000000000006,45030128.524702005,1.0,0.0,0.08485400437502044,0.005591164255709749,0.09044516863073018,0.0,0.0,0.0,0.0,0.0,0.0,0.0,0.0,0.0,0.0,0.0,0.0,0.0,0.0,0.0,0.0,0.0,0.0,0.0,0.0,-0.0010886278301153274,0.0,0.48569670783367475,0.0,0.0,True,-1.0,0.5715068817138516,0.0
295,200,20.86058282852173,42,False,True,time_limit,1.0,20.000000000000014,20.58756551742554,1.0499999999999998,20,True,51.844960183667865,1.4800018424928134,347831702.3495007,-0.027333361597272055,-4.114488609550955e-05,-0.0015593819054403354,0.0,0.0009190794131845188,0.0010090859157559006,-0.029664674557051327,-0.02773650922811069,0.8416013874677682,0.02250109818900472,0.001266861856780911,0.04801377871288606,0.0,0.028356277259707612,0.05826059651385254,2.5615334506290388e-11,0.0,1.858543006993948e-10,2.5615334506290388e-11,1.858543006993948e-10,0.5176999568939209,0.5,0.2360287457704544,0.25,0.5,0.6000000238418579,0.8113207547169812,1.0,0.11768919229507446,53,0.0,0.0,0.0,24,4,0.16666666666666666,4,20,20,245,-0.027736511081457138,-0.026461384259164333,-0.025908305868506433,-0.09981822967529297,0.11813084781169891,0.02998313494026661,0.0,0.0,0.0,0.0,0.0,0.0,0.0,0.0,0.0,0.0,0.0,0.0033058528033421985,0.0,0.0,0.0,20.58756551742554,,,0.5875655174255243,0.1,0.1,0.5387755102040817,0.9,0.0,,0,0.956,0.04400000000000004,0.04400000000000004,0.0,0.0,0.6988636363636364,0.05113636363636364,0.25,0.6988636363636364,0.05113636363636364,0.25,0.5002833027114217,0.8719469189643859,1.049306035041809,0.0015109255909919739,0.03846153989434242,-0.38739505782723427,1.1433755457401276,0.18162158876657486,4.038830399513245,1.049306035041809,-1.049306035041809,0.044,176,4000,0.07348939776420593,0.7158972024917603,-2.0821463465690613,1.0162901878356934,-2.5616836547851562,0.15907790884375572,0.10096153989434242,0,1.0,1.0,0.566052631578947,10.755000000000006,44078751.76362784,1.0,0.0,0.10646567981058914,0.005613189903421112,0.11207886971401024,0.0,0.0,0.0,0.0,0.0,0.0,0.0,0.0,0.0,0.0,0.0,0.0,0.0,0.0,0.0,0.0,0.0,0.0,0.0,0.0,-0.0007307861682432693,0.0,0.49346422478556634,0.0,0.0,True,-1.0,0.5875655174255243,0.0
296,200,17.168410301208496,42,False,True,time_limit,1.0,20.000000000000014,20.370911312103278,1.0222222222222221,20,True,52.34908536884213,1.4180529700058204,334152199.0100106,-0.028709386473009812,-0.00021225427255695885,-0.0012499840481147776,0.0,0.0005330077941977687,0.00622880443395641,-0.030906718447029774,-0.024144906218875325,0.7467197329372792,0.019119493794413786,0.005520649278504511,0.03251158834277492,0.0,0.013931601859342328,0.18219693378768534,1.8938373438914802e-11,0.0,3.5715688219417558e-12,1.8938373438914802e-11,3.5715688219417558e-12,0.5229789614677429,0.5,0.23064786195755005,0.25,0.5,0.6600000202655791,0.8604651162790697,0.9534883720930233,0.11627757549285889,43,0.0,0.0,0.0,28,5,0.17857142857142858,5,20,20,218,-0.024144906550645828,-0.02820325829088688,-0.02707290006801486,-0.10270856320858002,0.7121376991271973,0.034331273287534714,0.0,0.0,0.0,0.0,0.0,0.0,0.0,0.0,0.0,0.0,0.0,0.003687393409764952,0.0,0.0,0.0,20.370911312103278,,,0.37091131210326367,0.45,0.45,0.7247706422018348,0.55,0.0,,0,0.95425,0.04574999999999996,0.04574999999999996,0.0,0.0,0.7650273224043715,0.07103825136612021,0.16393442622950818,0.7650273224043715,0.07103825136612021,0.16393442622950818,0.4872269075788133,0.8497616648674011,1.027074709534645,0.025498465402051806,0.15526973456144333,0.09051055274903774,1.2246699631214142,0.7002340853214264,3.071152150630951,1.027074709534645,-1.027074709534645,0.04575,183,4000,0.8730180859565735,1.4291516542434692,-1.7293281853199005,1.6857872307300568,-2.60653018951416,0.1695086993277073,0.0,0,1.0,1.0,0.5378684210526319,10.219499999999998,44768603.02197791,1.0,0.0,0.07921797454666084,0.005690948848710018,0.08490892339537089,0.0,0.0,0.0,0.0,0.0,0.0,0.0,0.0,0.0,0.0,0.0,0.0,0.0,0.0,0.0,0.0,0.0,0.0,0.0,0.0,-0.000735093653348309,0.0,0.48613527930391137,0.0,0.0,True,-1.0,0.37091131210326367,0.0
297,200,16.217909336090088,42,False,True,time_limit,1.0,20.000000000000014,20.164212036132817,1.2142857142857142,20,True,51.23604845082379,1.5286669284420356,362598358.5201425,-0.02680330667849163,-1.3436920411149347e-06,-0.0011970099553410675,0.0,0.0003973668671324071,0.004452467407092466,-0.029020404906778263,-0.02417057063255363,0.7708441801345172,0.02929837503459791,3.864363461608561e-05,0.03442516136929363,0.0,0.011510067380823464,0.15388357244615164,6.714821298818563e-13,0.0,7.317339767963504e-13,6.714821298818563e-13,7.317339767963504e-13,0.5286564826965332,0.5,0.21763038635253906,0.25,0.5,0.6237500011920928,0.8333333333333334,0.9523809523809523,0.11400095373392105,42,0.0,0.0,0.0,38,8,0.21052631578947367,8,20,20,251,-0.024170570075511932,-0.0263932840898633,-0.026283325999975207,-0.08226020634174347,0.3490510582923889,0.03177714720368385,0.0,0.0,0.0,0.0,0.0,0.0,0.0,0.0,0.0,0.0,0.0,0.0050160642895427845,0.0,0.0,0.0,20.164212036132817,,,0.16421203613280255,0.35,0.35,0.8406374501992032,0.65,0.0,,0,0.9415,0.058499999999999996,0.058499999999999996,0.0,0.0,0.8205128205128205,0.06837606837606838,0.1111111111111111,0.8205128205128205,0.06837606837606838,0.1111111111111111,0.5029696129861467,0.8735434025526047,0.8769386410713196,0.023468375205993652,0.03999999910593033,-0.06117023527622223,1.2952018976211548,0.5842036008834839,3.614264965057373,0.8769386410713196,-0.8769386410713196,0.0585,234,4000,0.5016217827796936,1.3309553861618042,-1.8140743970870972,1.2998844385147095,-2.4405040740966797,0.16002285480499268,0.11999999731779099,0,1.0,1.0,0.49981578947368377,9.496500000000005,46317674.23062227,1.0,0.0,0.028002504830535152,0.005463866130937316,0.03346637096147248,0.0,0.0,0.0,0.0,0.0,0.0,0.0,0.0,0.0,0.0,0.0,0.0,0.0,0.0,0.0,0.0,0.0,0.0,0.0,0.0,-0.0010187445809044728,0.0,0.49048670600474,0.0,0.0,True,-1.0,0.16421203613280255,0.0
298,200,19.129136323928833,42,False,True,time_limit,1.0,20.000000000000014,20.45293407440186,1.1666666666666667,20,True,52.304570503752245,1.4642348808946168,342141823.3530861,-0.027973125295089666,-6.385123109880183e-05,-0.0009865779256253147,0.0,0.0008332254021486537,0.002064468898782306,-0.029629314325368406,-0.026731620024437613,0.8332727268767455,0.018044575868617,0.0019020216329376474,0.029388510210781357,0.0,0.024851990386648804,0.09254017502426962,1.8550062527711297e-11,0.0,2.8603477312399904e-11,1.8550062527711297e-11,2.8603477312399904e-11,0.5315646529197693,0.5,0.22741496562957764,0.25,0.5,0.6200000226497648,0.7428571428571429,1.0,0.11275175958871841,35,0.0,0.0,0.0,19,5,0.2631578947368421,5,20,20,231,-0.026731619611382484,-0.027228296734392643,-0.02609031917527318,-0.09483872354030609,0.2852654457092285,0.030878214165568352,0.0,0.0,0.0,0.0,0.0,0.0,0.0,0.0,0.0,0.0,0.0,0.0032276492013747853,0.0002696974830785496,0.0,0.0,20.45293407440186,,,0.4529340744018455,0.15,0.15,0.658008658008658,0.85,0.0,,0,0.95425,0.04574999999999996,0.04574999999999996,0.0,0.0,0.8087431693989071,0.03825136612021858,0.15300546448087432,0.8087431693989071,0.03825136612021858,0.15300546448087432,0.4761470687963356,0.8557257086038587,0.9322293003400167,0.004002079988519351,0.04945055147012075,0.20935559272766113,3.1272758642832437,1.7706295649210613,69.92914684613545,0.9322293003400167,-0.9322293003400167,0.04575,183,4000,0.2352338284254074,1.2672706842422485,-2.3755520979563394,0.39748743921518326,-2.29158616065979,0.1480983297030131,0.5851648276050886,0,1.0,1.0,0.5843157894736839,11.101999999999984,43138484.42891871,1.0,0.0,0.10720862194042988,0.0053856747715723,0.11259429671200215,0.0,0.0,0.0,0.0,0.0,0.0,0.0,0.0,0.0,0.0,0.0,0.0,0.0,0.0,0.0,0.0,0.0,0.0,0.0,0.0,-0.0006057598735548649,0.0,0.4857063034065068,0.0,0.0,True,-1.0,0.4529340744018455,0.0
299,200,20.518625259399414,42,False,True,time_limit,1.0,20.000000000000014,20.403589916229247,0.9999999999999999,20,True,50.73994528875381,1.4878522615801124,355690715.09138864,-0.02718165636402977,-0.002092397209775884,-0.0012579616594017484,0.0,0.0009784959532035027,0.0006236444359164372,-0.03107003712114376,-0.029467896732024136,0.8044544159170798,0.015923020945231015,0.0619255189129777,0.03722999063807183,0.0,0.02906083033152989,0.05140622325510995,1.8760687447993973e-10,0.0,8.073309139267066e-11,1.8760687447993973e-10,8.073309139267066e-11,0.5491894483566284,0.5,0.22363224625587463,0.25,0.5,0.7000000178813932,0.6595744680851063,0.9361702127659575,0.10706055164337158,47,0.0,0.0,0.0,24,2,0.08333333333333333,2,20,20,247,-0.02946789748966694,-0.026229558512568474,-0.025983423367142676,-0.08508437871932983,0.19545702636241913,0.03142246603965759,0.0,0.0,0.0,0.0,0.0,0.0,0.0,0.0,0.0,0.0,0.0,0.0029114166073234042,0.0,0.0,0.0,20.403589916229247,,,0.4035899162292331,0.05,0.05,0.5384615384615384,0.95,0.0,,0,0.9575,0.04249999999999998,0.04249999999999998,0.0,0.0,0.7235294117647059,0.058823529411764705,0.21764705882352942,0.7235294117647059,0.058823529411764705,0.21764705882352942,0.49648589127791853,0.8598506689071654,0.8229736487070719,0.004690293222665787,0.14484127362569174,-0.18030400077501932,2.575534204641978,1.105377773443858,5.951785186926524,0.8229736487070719,-0.8229736487070719,0.0425,170,4000,-0.08666864037513733,0.9390307664871216,-2.00133486588796,0.9687554438908895,-2.1601901054382324,0.10410879800717036,0.2589285771052043,0,1.0,1.0,0.554552631578946,10.5365,43943502.48822728,1.0,0.0,0.09159369654093592,0.005301445769797711,0.09689514231073366,0.0,0.0,0.0,0.0,0.0,0.0,0.0,0.0,0.0,0.0,0.0,0.0,0.0,0.0,0.0,0.0,0.0,0.0,0.0,0.0,-0.0005380218879364457,0.0,0.49543388084252366,0.0,0.0,True,-1.0,0.4035899162292331,0.0
300,200,15.243824481964111,42,False,True,time_limit,1.0,20.000000000000014,20.179871559143074,1.2750000000000001,20,True,51.85861399602889,1.5056360184795767,357723878.77362883,-0.027141640194027993,-9.350079715588457e-05,-0.000932966872526657,0.0,0.0003590613937390847,0.006607147696226285,-0.02888270897530231,-0.021916499885337407,0.7387859083305603,0.019451191141999762,0.002545058841788079,0.025395030419480238,0.0,0.009806048353704355,0.2040167629124672,1.1993408870203393e-11,0.0,3.7734141549242144e-12,1.1993408870203393e-11,3.7734141549242144e-12,0.5687687993049622,0.5,0.21561560034751892,0.25,0.5,0.7555555582046508,0.5675675675675675,0.8918918918918919,0.10086127370595932,37,0.0,0.0,0.0,30,1,0.03333333333333333,1,20,20,241,-0.021916501224040985,-0.026799549348652363,-0.02554872808977962,-0.07789858430624008,0.5096819996833801,0.03307026997208595,0.0,0.0,0.0,0.0,0.0,0.0,0.0,0.0,0.0,0.0,0.0,0.003829225681625403,0.0,0.0,0.0,20.179871559143074,,,0.1798715591430593,0.55,0.55,0.8547717842323651,0.45,0.0,,0,0.945,0.05500000000000005,0.05500000000000005,0.0,0.0,0.8318181818181818,0.06363636363636363,0.10454545454545454,0.8318181818181818,0.06363636363636363,0.10454545454545454,0.5015058196988853,0.8731162011623382,0.8437243700027466,0.025161394849419594,0.125,0.5183619856834412,0.928753674030304,0.9806035757064819,2.046816110610962,0.8437243700027466,-0.8437243700027466,0.055,220,4000,0.7271941900253296,1.4040067195892334,-2.057337522506714,0.6498726606369019,-2.0845255851745605,0.15499506890773773,0.0625,0,1.0,1.0,0.5375526315789472,10.213499999999987,45395422.70523763,1.0,0.0,0.03922550213460208,0.005789429955560101,0.045014932090162184,0.0,0.0,0.0,0.0,0.0,0.0,0.0,0.0,0.0,0.0,0.0,0.0,0.0,0.0,0.0,0.0,0.0,0.0,0.0,0.0,-0.0007146011115918622,0.0,0.4874483737804112,0.0,0.0,True,-1.0,0.1798715591430593,0.0
301,132,11.952383756637573,42,True,False,all_finished,0.0,13.199999999999969,13.321996965408317,1.2750000000000001,20,True,51.8811250131413,1.4420603918419317,346530207.596354,-0.028380353980934244,-0.0003129975658555494,-0.0013635348558152021,0.0,0.0007256856696276023,0.0006085003148595705,-0.03164623348469741,-0.030312047500210115,0.8115642496462561,0.045448949402544056,0.008950474502372702,0.03899162578696465,0.0,0.020792454935420326,0.07425224572644241,2.7998839358112093e-11,0.0,2.8046198826889295e-12,2.7998839358112093e-11,2.8046198826889295e-12,0.5,0.4800000011920929,0.23678159713745117,0.25,0.5,0.6000000238418579,0.896551724137931,1.0,0.12412869185209274,29,0.0,0.0,0.0,19,6,0.3157894736842105,6,20,20,237,-0.03031204640865326,-0.027667502872645855,-0.027055213693529367,-0.07970994710922241,0.05083056166768074,0.031710539013147354,0.0,0.0,0.0,0.0,0.0,0.0,0.0,0.0,0.0,0.0,0.0,0.0073325654238645096,0.03321798299754184,0.0,0.0,13.321996965408317,,,0.12199696540834815,0.2,0.2,0.6708860759493671,0.8,0.0,,0,0.9291666666666667,0.0708333333333333,0.0708333333333333,0.0,0.0,0.8449197860962567,0.0374331550802139,0.11764705882352941,0.8449197860962567,0.0374331550802139,0.11764705882352941,0.46119250954191465,0.8302150964736938,0.6715013980865479,0.016156635712832212,0.02631578966975212,0.1307230405509472,1.046806514263153,0.6524290144443512,4.952975034713745,0.6715013980865479,-0.6715013980865479,0.07083333333333333,187,2640,-0.17892035841941833,0.48352718353271484,-2.2383978366851807,0.49071846902370453,-2.0540698766708374,0.12518738210201263,0.28289473056793213,0,1.0,1.0,0.5103668261562992,9.696969696969694,41672621.7484257,1.0,0.0,0.042162052755084806,0.005459079702138955,0.04762113245722378,0.0,0.0,0.0,0.0,0.0,0.0,0.0,0.0,0.0,0.0,0.0,0.0,0.0,0.0,0.0,0.0,0.0,0.0,0.0,0.0,-0.0015893470820923816,0.0,0.4846359511957306,0.0,0.0,False,0.0,0.0,0.0
302,200,14.416745901107788,42,False,True,time_limit,1.0,20.000000000000014,20.12667961120606,1.1153846153846154,20,True,51.68478506515919,1.4567417356274108,352051535.2375457,-0.02869975336018826,-8.943970697961387e-07,-0.0006614691742603834,0.0,0.000339493529540673,0.009847155265552373,-0.030201005684912144,-0.020014356889819455,0.7000926388846216,0.02046358495570761,2.181763713944838e-05,0.016135668273413544,0.0,0.008313137387258264,0.2549731528618596,5.336381835550907e-13,0.0,0.0,5.336381835550907e-13,0.0,0.5388888716697693,0.5,0.23055554926395416,0.25,0.5,0.6566666871309279,0.6666666666666666,1.0,0.11024484783411026,24,0.0,0.0,0.0,20,0,0.0,0,20,20,234,-0.020014356821775436,-0.028356540016829967,-0.028272906783968217,-0.07449827343225479,1.1296725273132324,0.03810317441821098,0.0,0.0,0.0,0.0,0.0,0.0,0.0,0.0,0.0,0.0,0.0,0.004251985201592322,0.0,0.0,0.0,20.12667961120606,,,0.12667961120604687,0.55,0.55,0.8461538461538461,0.45,0.0,,0,0.94775,0.05225000000000002,0.05225000000000002,0.0,0.0,0.8851674641148325,0.03349282296650718,0.08133971291866028,0.8851674641148325,0.03349282296650718,0.08133971291866028,0.4921663807348038,0.8533689528703688,0.5214519500732422,0.08092831075191498,0.1666666716337204,0.13906753063201904,1.2518744468688965,0.7636878490447998,2.7604222297668457,0.5214519500732422,-0.5214519500732422,0.05225,209,4000,1.1829309463500977,1.8242231607437134,-1.183942198753357,1.6516931056976318,-2.0983521938323975,0.13034556806087494,0.0833333358168602,0,1.0,1.0,0.4678157894736841,8.888500000000004,45824860.89707673,1.0,0.0,0.021715260035967403,0.005352238815138534,0.027067498851105955,0.0,0.0,0.0,0.0,0.0,0.0,0.0,0.0,0.0,0.0,0.0,0.0,0.0,0.0,0.0,0.0,0.0,0.0,0.0,0.0,-0.0008388887533937591,0.0,0.49471976018027636,0.0,0.0,True,-1.0,0.12667961120604687,0.0
303,150,11.734313488006592,42,True,False,all_finished,0.0,14.999999999999963,15.678374671936018,1.28,20,True,50.286927480365215,1.5484586990222464,373749861.4565752,-0.026423636889719344,-0.006039858948198353,-0.0013653820128597988,0.0,0.00045233674009662327,0.008070196906805554,-0.03572953082859233,-0.02720699718168987,0.5838895723769704,0.04199919409598358,0.13346424162575646,0.030171180558800918,0.0,0.010047478116170641,0.20042833322631778,2.408488131155906e-10,0.0,2.2599482289893665e-12,2.408488131155906e-10,2.2599482289893665e-12,0.5097529888153076,0.5,0.22844409942626953,0.25,0.5,0.6127272844314574,0.9117647058823529,1.0,0.12047488242387772,34,0.0,0.0,0.0,23,7,0.30434782608695654,7,20,20,252,-0.02720700018107891,-0.02595353778451681,-0.02577226022258401,-0.5143029689788818,0.3217567205429077,0.036864910274744034,0.0,0.0,0.0,0.0,0.0,0.0,0.0,0.0,0.0,0.0,0.0,0.008583256052632406,0.041554653341794756,0.0,0.0,15.678374671936018,,,0.678374671936055,0.5,0.5,0.8095238095238095,0.5,0.0,,0,0.925,0.07499999999999996,0.07499999999999996,0.0,0.0,0.8488888888888889,0.07111111111111111,0.08,0.8488888888888889,0.07111111111111111,0.08,0.4854971623911363,0.8457584738731381,0.5223688085873922,-0.01570485346019268,0.09572649995485942,-0.1214765893916289,1.1632749835650127,0.4588431517283122,2.6560935974121094,0.5223688085873922,-0.5223688085873922,0.075,225,3000,0.2505013048648834,2.652848720550537,-1.357359806696574,1.4187893867492676,-2.0059464375178018,0.1493478218714396,0.12136752406756084,0,1.0,1.0,0.4625614035087716,8.788666666666678,48434727.92554096,1.0,0.0,0.06076428179859458,0.0054953821874363885,0.06625966398603098,0.0,0.0,0.0,0.0,0.0,0.0,0.0,0.0,0.0,0.0,0.0,0.0,0.0,0.0,0.0,0.0,0.0,0.0,0.0,0.0,-0.0019006529778144842,0.0,0.49515858537641666,0.0,0.0,False,0.0,0.0,0.0
304,117,9.136780500411987,42,True,False,all_finished,0.0,11.699999999999974,11.902380533218372,1.25,20,True,52.28546023670134,1.4472944352006867,336693875.25141734,-0.028046423571624228,-1.5578402650605907e-07,-0.0011999875962107774,0.0,0.000275999931524117,0.011633669165575943,-0.030785427299566334,-0.018875758202466536,0.632278512501374,0.03469206435927027,3.511994757519858e-06,0.027052517780551736,0.0,0.006268121887982224,0.29970527147606424,4.01642857427581e-13,0.0,7.360073515276841e-13,4.01642857427581e-13,7.360073515276841e-13,0.5200397372245789,0.5,0.23650793731212616,0.25,0.5,0.6566666871309279,0.875,0.9583333333333334,0.11699879169464111,24,0.0,0.0,0.0,19,3,0.15789473684210525,3,20,20,251,-0.018875757232308388,-0.027767183259129524,-0.02756069451570511,-0.07992885261774063,0.5478567481040955,0.04086196422576904,0.0,0.0,0.0,0.0,0.0,0.0,0.0,0.0,0.0,0.0,0.0,0.00802212469089206,0.054830139246947754,0.0,0.0,11.902380533218372,,,0.20238053321839722,0.5,0.5,0.8725099601593626,0.5,0.0,,0,0.9004273504273504,0.09957264957264955,0.09957264957264955,0.0,0.0,0.8969957081545065,0.04291845493562232,0.060085836909871244,0.8969957081545065,0.04291845493562232,0.060085836909871244,0.47887587488954325,0.8444773644208907,0.560555636882782,0.040389250963926315,0.04545454680919647,-0.22938169538974762,1.4319310188293457,0.48517096042633057,3.3667402267456055,0.560555636882782,-0.560555636882782,0.09957264957264957,233,2340,0.6877409815788269,1.5029845237731934,-0.7609410881996155,1.6526819467544556,-1.8947057723999023,0.13725882768630981,0.0,0,1.0,1.0,0.5283850652271707,10.039316239316243,46141475.36833536,1.0,0.0,0.0779054677031551,0.0050299052850148645,0.08293537298817,0.0,0.0,0.0,0.0,0.0,0.0,0.0,0.0,0.0,0.0,0.0,0.0,0.0,0.0,0.0,0.0,0.0,0.0,0.0,0.0,-0.0015388603477048065,0.0,0.48420881162851287,0.0,0.0,False,0.0,0.0,0.0
305,200,18.920220851898193,42,False,True,time_limit,1.0,20.000000000000014,20.50115585327149,1.0142857142857142,20,True,52.03947157364157,1.4487242627246355,342032600.59833777,-0.02820633193216761,-0.006124437912945882,-0.0007115261985689637,0.0,0.0006653515253222929,0.0060994242930737675,-0.03580306578150895,-0.029038289963113372,0.6510597686580215,0.0175601198589973,0.14136453971938134,0.016423478364662045,0.0,0.01538216577614075,0.1582099276227971,9.990046123675711e-08,0.0,2.899132892086841e-10,9.990046123675711e-08,2.899132892086841e-10,0.5,0.5,0.25,0.25,0.5,0.5,1.0,1.0,0.12374371290206909,23,0.0,0.0,0.0,7,1,0.14285714285714285,1,20,20,239,-0.029038287699222565,-0.02794490661472082,-0.027398223988711834,-0.10128381848335266,0.04044560715556145,0.029691925272345543,0.0,0.0,0.0,0.0,0.0,0.0,0.0,0.0,0.0,0.0,0.0,0.003763392233915586,0.0,0.0,0.0,20.50115585327149,,,0.5011558532714773,0.3,0.3,0.5857740585774058,0.7,0.0,,0,0.9585,0.04149999999999998,0.04149999999999998,0.0,0.0,0.8614457831325302,0.006024096385542169,0.13253012048192772,0.8614457831325302,0.006024096385542169,0.13253012048192772,0.4817047591071481,0.8461074829101562,0.5076641663908958,-0.017200354486703873,0.060227274894714355,0.00034548412077128887,1.0802152454853058,0.5391745194792747,2.000766336917877,0.5076641663908958,-0.5076641663908958,0.0415,166,4000,0.07797041535377502,2.8868119716644287,-1.6642030626535416,2.743802696466446,-1.5547484457492828,0.15004342794418335,0.0,0,1.0,1.0,0.5596315789473706,10.63300000000002,48599971.925714485,1.0,0.0,0.05268740619975472,0.005133719295564693,0.057821125495319384,0.0,0.0,0.0,0.0,0.0,0.0,0.0,0.0,0.0,0.0,0.0,0.0,0.0,0.0,0.0,0.0,0.0,0.0,0.0,0.0,-0.0007607697378267785,0.0,0.49265840420569296,0.0,0.0,True,-1.0,0.5011558532714773,0.0
306,200,17.133054733276367,42,False,True,time_limit,1.0,20.000000000000014,20.30043802261353,1.157142857142857,20,True,55.32477324086176,1.3910939060823835,310725136.4117352,-0.02948040663178851,-0.0018764304807122475,-0.000988732656406821,0.0,0.0005121380074924038,0.002397677554045273,-0.033392925215819935,-0.030483109654282373,0.7927119717141146,0.02816281375549911,0.050456186874503366,0.02658647905871287,0.0,0.01385685295278403,0.08822569564438584,1.5155886268214402e-10,0.0,5.838296447853432e-12,1.5155886268214402e-10,5.838296447853432e-12,0.5134559869766235,0.5,0.22057479619979858,0.25,0.5,0.6666666865348816,0.8181818181818182,1.0,0.1198463886976242,33,0.0,0.0,0.0,23,4,0.17391304347826086,4,20,20,241,-0.03048310987651348,-0.028991274535655975,-0.02892488017678261,-0.09677913039922714,0.12294289469718933,0.03319795802235603,0.0,0.0,0.0,0.0,0.0,0.0,0.0,0.0,0.0,0.0,0.0,0.004956479446560185,0.0,0.0,0.0,20.30043802261353,,,0.30043802261351615,0.3,0.3,0.7759336099585062,0.7,0.0,,0,0.9485,0.05149999999999999,0.05149999999999999,0.0,0.0,0.8398058252427184,0.06796116504854369,0.09223300970873786,0.8398058252427184,0.06796116504854369,0.09223300970873786,0.4944532276646179,0.863276648521423,0.36158437281847,0.03083416330628097,0.1386363673955202,-0.06435042712837458,1.2275404334068298,0.5485101789236069,1.5207781344652176,0.36158437281847,-0.36158437281847,0.0515,206,4000,-0.29343369603157043,1.2824550867080688,-1.5306927263736725,0.887470930814743,-1.336713582277298,0.11895719543099403,0.20389610901474953,0,1.0,1.0,0.5385789473684204,10.233,43330882.59801661,1.0,0.0,0.0574876425994756,0.005037616706191096,0.06252525930566671,0.0,0.0,0.0,0.0,0.0,0.0,0.0,0.0,0.0,0.0,0.0,0.0,0.0,0.0,0.0,0.0,0.0,0.0,0.0,0.0,-0.001047355446912393,0.0,0.4836477619316429,0.0,0.0,True,-1.0,0.30043802261351615,0.0
307,16,1.2506632804870605,42,True,False,all_finished,0.0,1.6000000000000003,1.6000000000000003,1.165,20,True,50.43736819062456,1.4598309149221904,350086732.9272219,-0.02774610103062438,0.0,-0.004774632487097103,0.0,0.00014197623350889832,0.16607875057404267,-0.04878778077687551,0.11743294603067615,0.1288177388997705,0.07552355713644472,0.0,0.022167343814771496,0.0,0.0007227914048226877,0.7727685687441905,0.0,0.0,0.0,0.0,0.0,0.517460286617279,0.5,0.22081807255744934,0.25,0.5,0.5828571677207947,0.9230769230769231,1.0,0.11752940714359283,13,0.0,0.0,0.0,13,2,0.15384615384615385,2,20,20,231,0.11743294447660446,-0.021916580386459827,0.5826592445373535,-0.06971669942140579,0.9622140526771545,0.175955131649971,0.0,0.0,0.0,0.0,0.0,0.0,0.0,0.0,0.0,0.0,0.0,0.07444326718295628,0.30940929620152774,0.0,0.0,1.6000000000000003,,,0.0,0.9,0.9,1.0,0.1,0.0,,0,0.271875,0.728125,0.728125,0.0,0.0,0.944206008583691,0.034334763948497854,0.02145922746781116,0.944206008583691,0.034334763948497854,0.02145922746781116,0.6481335328684913,0.9156888991594314,0.22909920811653137,0.001560358825372532,0.03001641873270273,0.012801108136773109,3.3801791667938232,1.7023149728775024,6.968206405639648,0.22909920811653137,-0.22909920811653137,0.728125,233,320,2.240410089492798,1.4543806314468384,1.033759307861328,1.4748013019561768,-1.2492588758468628,0.1342091828584671,0.022078722808510066,0,1.0,1.0,0.431578947368421,8.200000000000001,50959576.08224404,1.0,0.0,0.00628313056450937,0.005559134267373418,0.01184226483188279,0.0,0.0,0.0,0.0,0.0,0.0,0.0,0.0,0.0,0.0,0.0,0.0,0.0,0.0,0.0,0.0,0.0,0.0,0.0,0.0,-0.016267047259154007,0.0,0.4921935866528656,0.0,0.0,False,0.0,0.0,0.0
308,16,1.3704326152801514,42,True,False,all_finished,0.0,1.6000000000000003,1.6145483994483953,1.1722222222222223,20,True,52.08911527222242,1.4968581380557142,348522458.90734196,-0.02712310336740963,0.0,-0.004937749993929813,0.0,0.00012899857305000297,0.16236995826289274,-0.04892510966162351,0.11357384717431893,0.12748966491758948,0.07926889322668625,0.0,0.02320944191546111,0.0,0.0006766326923098113,0.7693553672479533,0.0,0.0,0.0,0.0,0.0,0.5312924981117249,0.5,0.2193310707807541,0.25,0.5,0.6233333557844162,0.7857142857142857,1.0,0.11286284774541855,14,0.0,0.0,0.0,14,2,0.14285714285714285,2,20,20,242,0.11357384920120239,-0.03553225006908178,0.6900589764118195,-0.06480924785137177,0.7589743137359619,0.17233726382255554,0.0,0.0,0.0,0.0,0.0,0.0,0.0,0.0,0.0,0.0,0.0,0.08170606977026496,0.30070657509822357,0.0,0.0,1.6145483994483953,,,0.014548399448395033,0.9,0.9,0.9834710743801653,0.1,0.0,,0,0.246875,0.753125,0.753125,0.0,0.0,0.941908713692946,0.03734439834024896,0.02074688796680498,0.941908713692946,0.03734439834024896,0.02074688796680498,0.5006321272812784,0.8501857817173004,0.22749248445034026,-0.00015223720110952855,0.03204270228743553,0.009280384331941605,1.886574673652649,0.9519961595535278,2.177278387546539,0.22749248445034026,-0.22749248445034026,0.753125,241,320,1.879110336303711,1.805269718170166,1.0309390306472779,1.818204116821289,-0.607588815689087,0.11053352504968643,0.3715921123512089,0,1.0,1.0,0.5197368421052632,9.875000000000002,49952845.58909211,1.0,0.0,0.00788601963205136,0.005472351530625934,0.013358371162677296,0.0,0.0,0.0,0.0,0.0,0.0,0.0,0.0,0.0,0.0,0.0,0.0,0.0,0.0,0.0,0.0,0.0,0.0,0.0,0.0,-0.016864256300284108,0.0,0.4797041749523487,0.0,0.0,False,0.0,0.0,0.0
309,124,9.172205448150635,42,True,False,all_finished,0.0,12.399999999999972,12.481828174591048,1.2384615384615385,20,True,48.81044075949077,1.5090494446641023,377572482.43005747,-0.02693193637739154,-3.2918383492011386e-08,-0.0007915781671060233,0.0,0.00019555987986316083,0.012574057962108141,-0.02986114293308361,-0.017091525091112416,0.61983862130126,0.04919676812627458,7.576167251116425e-07,0.01821817461900217,0.0,0.004730119118238926,0.3080155592184994,1.7038994726877726e-13,0.0,1.1524819889651522e-12,1.7038994726877726e-13,1.1524819889651522e-12,0.5254902243614197,0.4600000023841858,0.22549021244049072,0.25,0.5,0.6666666865348816,0.7058823529411765,1.0,0.11547727882862091,17,0.0,0.0,0.0,13,3,0.23076923076923078,3,20,20,251,-0.017091523855924606,-0.02675707172602415,-0.02511380137875676,-0.0631960779428482,0.5438673496246338,0.037906449288129807,0.0,0.0,0.0,0.0,0.0,0.0,0.0,0.0,0.0,0.0,0.0,0.010155349875274828,0.06452724277545983,0.0,0.0,12.481828174591048,,,0.08182817459107561,0.65,0.65,0.9402390438247012,0.35,0.0,,0,0.9016129032258065,0.09838709677419355,0.09838709677419355,0.0,0.0,0.930327868852459,0.020491803278688523,0.04918032786885246,0.930327868852459,0.020491803278688523,0.04918032786885246,0.48419785972867835,0.8219358682632446,0.2031072974205017,0.02034310158342123,0.046875,0.09503217786550522,0.9908942878246307,0.5899691432714462,0.9555887579917908,0.2031072974205017,-0.2031072974205017,0.09838709677419355,244,2480,0.29889020323753357,1.3440085649490356,0.1600516363978386,1.344892978668213,0.004601702094078064,0.06351050920784473,0.03125,0,1.0,1.0,0.5289473684210522,10.049999999999981,46106915.39439705,1.0,0.0,0.023700385348390078,0.005435341257355382,0.029135726605745458,0.0,0.0,0.0,0.0,0.0,0.0,0.0,0.0,0.0,0.0,0.0,0.0,0.0,0.0,0.0,0.0,0.0,0.0,0.0,0.0,-0.00213759547020246,0.0,0.48293164092164875,0.0,0.0,False,0.0,0.0,0.0
310,18,1.6061091423034668,42,True,False,all_finished,0.0,1.8000000000000005,1.8020363008975984,1.2842105263157897,20,True,51.2239901223355,1.5157164847931948,361651661.8874558,-0.026910382681375862,0.0,-0.0036832795598921468,0.0,0.00010616363567165448,0.1072694817583109,-0.04426760588451363,0.06310803950946878,0.17473868322326458,0.0887897780934757,0.0,0.02391684383901942,0.0,0.0008066919041784981,0.7117480029400618,0.0,0.0,0.0,0.0,0.0,0.5090909004211426,0.5,0.2454545497894287,0.25,0.5,0.550000011920929,0.9090909090909091,1.0,0.12054368853569031,11,0.0,0.0,0.0,11,0,0.0,0,20,20,253,0.06310804188251495,-0.03553701192140579,0.360807268321514,-0.06334269046783447,0.44700267910957336,0.11708100885152817,0.0,0.0,0.0,0.0,0.0,0.0,0.0,0.0,0.0,0.0,0.0,0.0693753688029058,0.23459286690986392,0.0,0.0,1.8020363008975984,,,0.002036300897597876,0.8,0.8,0.9960474308300395,0.2,0.0,,0,0.3,0.7,0.7,0.0,0.0,0.9563492063492064,0.003968253968253968,0.03968253968253968,0.9563492063492064,0.003968253968253968,0.03968253968253968,0.5072493877794061,0.8032511472702026,0.16114382445812225,0.005317290767561644,0.03097710609436035,0.02225690372288227,1.1002204179763795,0.5719626307487488,1.1207734584808349,0.16114382445812225,-0.16114382445812225,0.7,252,360,0.5798744559288025,1.4951096773147583,0.8887306809425354,1.482048010826111,0.5704268753528595,0.05128112882375717,0.4535225283354521,0,1.0,1.0,0.5789473684210529,11.0,44590324.96694292,1.0,0.0,0.00906225739094027,0.005747496740242957,0.014809754131183224,0.0,0.0,0.0,0.0,0.0,0.0,0.0,0.0,0.0,0.0,0.0,0.0,0.0,0.0,0.0,0.0,0.0,0.0,0.0,0.0,-0.013673943643245652,0.0,0.48441609321162105,0.0,0.0,False,0.0,0.0,0.0
311,21,1.6983857154846191,42,True,False,all_finished,0.0,2.1000000000000005,2.1455611371994023,1.0055555555555555,20,True,54.044230919031804,1.3328702608561747,302705388.6517671,-0.030511987731430094,0.0,-0.001473139127471974,0.0,0.00011105036413159935,0.13221611621219434,-0.04079138514325936,0.09153578143306636,0.1752243551684139,0.05057261240746689,0.0,0.008459948789856767,0.0,0.0006975780112039701,0.7650455056230584,0.0,0.0,0.0,0.0,0.0,0.5,0.5,0.25,0.25,0.5,0.5,1.0,1.0,0.12374367564916611,5,0.0,0.0,0.0,3,0,0.0,0,20,20,208,0.0915357917547226,-0.0304191205650568,0.6105126738548279,-0.05899414047598839,0.9869648218154907,0.1494719237089157,0.0,0.0,0.0,0.0,0.0,0.0,0.0,0.0,0.0,0.0,0.0,0.04454828186643884,0.20821464881405735,0.0,0.0,2.1455611371994023,,,0.0455611371994018,0.9,0.9,0.9711538461538461,0.1,0.0,,0,0.5142857142857142,0.48571428571428577,0.48571428571428577,0.0,0.0,0.9754901960784313,0.00980392156862745,0.014705882352941176,0.9754901960784313,0.00980392156862745,0.014705882352941176,0.5301817255094647,0.8486368209123611,0.1325962394475937,-0.0025543116265907885,0.011731810867786407,-0.0278396051377058,1.568745756149292,0.7562004327774048,3.184917449951172,0.1325962394475937,-0.1325962394475937,0.4857142857142857,204,420,0.9546365141868591,1.3873370885849,2.0340524673461915,1.4107764482498169,0.9768059730529786,0.022577857971191405,0.1149042647331953,0,1.0,1.0,0.6025062656641603,11.447619047619051,49858070.97816056,1.0,0.0,0.016940630962362285,0.006166665042732917,0.023107296005095205,0.0,0.0,0.0,0.0,0.0,0.0,0.0,0.0,0.0,0.0,0.0,0.0,0.0,0.0,0.0,0.0,0.0,0.0,0.0,0.0,-0.008806258284357233,0.0,0.45932811442319127,0.0,0.0,False,0.0,0.0,0.0
312,23,1.8907947540283203,42,True,False,all_finished,0.0,2.3000000000000007,2.3306023287773128,1.2176470588235295,20,True,51.374593734093786,1.4623077714593287,347238954.9246122,-0.02776181896727276,0.0,-0.0018830561020728711,0.0,0.00011433269772610949,0.08599389155886729,-0.03914478224953265,0.04696344200706078,0.21922185154346,0.07501623881297803,0.0,0.014869596467841905,0.0,0.0009997558902709767,0.6898925572854492,0.0,0.0,0.0,0.0,0.0,0.5,0.5,0.25,0.25,0.5,0.5,1.0,1.0,0.12374366819858551,7,0.0,0.0,0.0,5,0,0.0,0,20,20,242,0.046963442116975784,-0.027672309428453445,0.4704464912414548,-0.06069681793451309,0.5521298050880432,0.09868721663951874,0.0,0.0,0.0,0.0,0.0,0.0,0.0,0.0,0.0,0.0,0.0,0.04790293022125474,0.21762731062285032,0.0,0.0,2.3306023287773128,,,0.03060232877731206,0.8,0.8,0.9752066115702479,0.2,0.0,,0,0.48043478260869565,0.5195652173913043,0.5195652173913043,0.0,0.0,0.9707112970711297,0.0041841004184100415,0.02510460251046025,0.9707112970711297,0.0041841004184100415,0.02510460251046025,0.3413718144098918,0.6131457090377808,0.07073427140712737,0.000871985440608114,0.015654101967811584,-0.031232612050371245,1.037510085105896,0.487344890832901,1.3005683779716493,0.07073427140712737,-0.07073427140712737,0.5195652173913043,239,460,0.04739072546362877,1.4618264436721802,1.6323732376098632,1.4832996129989624,1.638580584526062,0.02781497612595558,0.30293151140213015,0,1.0,1.0,0.5652173913043482,10.739130434782613,50891719.58084911,1.0,0.0,0.008758201943674944,0.00574114544673147,0.014499347390406415,0.0,0.0,0.0,0.0,0.0,0.0,0.0,0.0,0.0,0.0,0.0,0.0,0.0,0.0,0.0,0.0,0.0,0.0,0.0,0.0,-0.009499907180186964,0.0,0.4992471065615182,0.0,0.0,False,0.0,0.0,0.0
313,16,1.257739782333374,42,True,False,all_finished,0.0,1.6000000000000003,1.6007340979576117,1.0842105263157895,20,True,54.292992235745224,1.3920033055786871,313787602.7803608,-0.029035121511090018,0.0,-0.0014367963581489128,0.0,0.00012072624241528916,0.1890083824442143,-0.045195619941159226,0.1439334887454703,0.12120600756345994,0.06146353284623506,0.0,0.005997851608316244,0.0,0.000568053519785415,0.8107645544622034,0.0,0.0,0.0,0.0,0.0,0.5249999761581421,0.5,0.23749999701976776,0.25,0.5,0.5850000202655792,0.75,1.0,0.11494370549917221,4,0.0,0.0,0.0,4,0,0.0,0,20,20,221,0.1439334899187088,-0.03614671714603901,0.7437957227230072,-0.06957048177719116,1.555031657218933,0.2061217725276947,0.0,0.0,0.0,0.0,0.0,0.0,0.0,0.0,0.0,0.0,0.0,0.070167833364262,0.26828491285968403,0.0,0.0,1.6007340979576117,,,0.0007340979576113682,0.85,0.85,0.995475113122172,0.15,0.0,,0,0.3125,0.6875,0.6875,0.0,0.0,0.9818181818181818,0.01818181818181818,0.0,0.9818181818181818,0.01818181818181818,0.0,0.42449584901332854,0.6378222465515136,0.023113212920725344,0.007168999733403325,0.011422972474247218,-0.009803504496812821,1.0208511352539062,0.5005640149116516,0.7222407579421997,0.023113212920725344,-0.023113212920725344,0.6875,220,320,0.19393233954906464,1.9590529203414917,2.3304051876068117,2.023804259300232,2.0458621263504027,0.025011683627963067,0.005643513798713684,0,1.0,1.0,0.5296052631578946,10.062499999999996,44782201.5807172,1.0,0.0,0.008721897889707949,0.005819738597731643,0.01454163648743959,0.0,0.0,0.0,0.0,0.0,0.0,0.0,0.0,0.0,0.0,0.0,0.0,0.0,0.0,0.0,0.0,0.0,0.0,0.0,0.0,-0.01472370207192034,0.0,0.4966133537120186,0.0,0.0,False,0.0,0.0,0.0
314,16,1.325289011001587,42,True,False,all_finished,0.0,1.6000000000000003,1.6000000000000003,1.2400000000000002,20,True,51.55782183870751,1.4938608832749432,354065764.3997182,-0.027188161574647866,0.0,-0.0029835924419944855,0.0,0.00011763006138211819,0.14747954544300962,-0.05191637584071092,0.09568079966368084,0.13422161934259674,0.10734813184060042,0.0,0.014729300762882463,0.0,0.0006526676133591993,0.7430482804405611,0.0,0.0,0.0,0.0,0.0,0.512499988079071,0.5,0.24375000596046448,0.25,0.5,0.5650000154972076,0.875,1.0,0.11934369802474976,8,0.0,0.0,0.0,8,1,0.125,1,20,20,247,0.09568080306053162,-0.02717703767120838,0.6243467628955841,-0.073928102850914,1.164960503578186,0.15650388598442078,0.0,0.0,0.0,0.0,0.0,0.0,0.0,0.0,0.0,0.0,0.0,0.09959341484453015,0.29870901828825686,0.0,0.0,1.6000000000000003,,,0.0,0.9,0.9,1.0,0.1,0.0,,0,0.225,0.775,0.775,0.0,0.0,0.967741935483871,0.012096774193548387,0.020161290322580645,0.967741935483871,0.012096774193548387,0.020161290322580645,0.5107947041591009,0.7216011434793471,0.0,0.009634018084034324,0.01892151441425085,-0.00958980731666088,1.075861930847168,0.5283816277980804,1.6456873893737793,0.0,-0.0,0.775,248,320,-0.6413851380348206,1.7636401653289795,1.897935652732849,1.7772063493728638,2.3863408088684084,0.024459851533174516,0.004001689050346613,0,1.0,1.0,0.45263157894736844,8.599999999999998,42672332.24171196,1.0,0.0,0.0075984400928912526,0.005868756576063618,0.01346719666895487,0.0,0.0,0.0,0.0,0.0,0.0,0.0,0.0,0.0,0.0,0.0,0.0,0.0,0.0,0.0,0.0,0.0,0.0,0.0,0.0,-0.021744621824068514,0.0,0.47941772097256036,0.0,0.0,False,0.0,0.0,0.0
315,16,1.3658511638641357,42,True,False,all_finished,0.0,1.6000000000000003,1.6004068326950076,1.1842105263157896,20,True,50.20694560115534,1.44952804772834,354535151.4814413,-0.02816718721176284,0.0,-0.002706893146729752,0.0,0.00011734319349756104,0.1461750002317168,-0.049422918289391445,0.09686942513582295,0.14123021852001078,0.09300383508578094,0.0,0.013572356648494637,0.0,0.0006646139615691688,0.7515289757841443,0.0,0.0,0.0,0.0,0.0,0.5,0.5,0.25,0.25,0.5,0.5,1.0,1.0,0.12374366819858551,7,0.0,0.0,0.0,7,2,0.2857142857142857,2,20,20,240,0.09686943143606186,-0.038274796679615974,0.4832824245095253,-0.0662725493311882,0.5958835482597351,0.1558724194765091,0.0,0.0,0.0,0.0,0.0,0.0,0.0,0.0,0.0,0.0,0.0,0.09009014889956755,0.26805449622724087,0.0,0.0,1.6004068326950076,,,0.0004068326950072976,0.85,0.85,0.9958333333333333,0.15,0.0,,0,0.246875,0.753125,0.753125,0.0,0.0,0.970954356846473,0.008298755186721992,0.02074688796680498,0.970954356846473,0.008298755186721992,0.02074688796680498,0.4684431217610836,0.7282374441623688,0.0,0.008651964995078743,0.015406446531414986,-0.006220210358151235,1.0288779258728027,0.5082925260066986,0.9434682488441467,0.0,-0.0,0.753125,241,320,-0.5405654311180115,1.813063144683838,1.8989748001098632,1.8433117866516113,2.111778163909912,0.021329780295491218,0.39599846452474596,0,1.0,1.0,0.5006578947368421,9.5125,47758416.91539237,1.0,0.0,0.007084456580169337,0.005634513796065757,0.012718970376235098,0.0,0.0,0.0,0.0,0.0,0.0,0.0,0.0,0.0,0.0,0.0,0.0,0.0,0.0,0.0,0.0,0.0,0.0,0.0,0.0,-0.01854883793089885,0.0,0.47878184987930583,0.0,0.0,False,0.0,0.0,0.0
316,16,1.4246406555175781,42,True,False,all_finished,0.0,1.6000000000000003,1.6000000000000003,1.2600000000000002,20,True,48.98764832213765,1.5856976515764611,399255942.99076504,-0.025712172310482506,0.0,-0.0003866990209613932,0.0,0.00013061419556421842,0.17460074895326444,-0.043183744859987654,0.13154761828884104,0.11713661359410049,0.07783333919247355,0.0,0.0017616797697448871,0.0,0.0006558276553577447,0.8026125397883233,0.0,0.0,0.0,0.0,0.0,0.5,0.5,0.25,0.25,0.5,0.5,1.0,1.0,0.1237436830997467,1,0.0,0.0,0.0,1,0,0.0,0,20,20,252,0.13154761493206024,-0.035460447892546654,0.4881463944911957,-0.053367629647254944,0.736417293548584,0.1830962896347046,0.0,0.0,0.0,0.0,0.0,0.0,0.0,0.0,0.0,0.0,0.0,0.07964854064944234,0.32341060636912966,0.0,0.0,1.6000000000000003,,,0.0,0.95,0.95,1.0,0.05,0.0,,0,0.2125,0.7875,0.7875,0.0,0.0,0.996031746031746,0.0,0.003968253968253968,0.996031746031746,0.0,0.003968253968253968,0.4646768420934677,0.7751780956983566,0.0,0.0028827019850723445,0.008833380043506622,-0.012959336768835783,1.0041047215461731,0.4892380952835083,0.689846646785736,0.0,-0.0,0.7875,252,320,0.04541351646184921,1.6553118228912354,2.1872673988342286,1.6530847549438477,2.0314581394195557,0.022664891183376314,0.0009756097570061684,0,1.0,1.0,0.6062499999999996,11.51875,46321989.90125134,1.0,0.0,0.006888293509777907,0.005770783883883589,0.012659077393661497,0.0,0.0,0.0,0.0,0.0,0.0,0.0,0.0,0.0,0.0,0.0,0.0,0.0,0.0,0.0,0.0,0.0,0.0,0.0,0.0,-0.0170848735285438,0.0,0.43879062598571184,0.0,0.0,False,0.0,0.0,0.0
317,15,1.2445218563079834,42,True,False,all_finished,0.0,1.5000000000000002,1.500194501876831,1.0999999999999999,20,True,52.35494462027992,1.4035196231273932,326098719.5641267,-0.02896265289063013,0.0,-0.0004124789556921527,0.0,0.00013188216878284723,0.18476546744154787,-0.04035738494559652,0.14453996466473423,0.1280163234304889,0.04854208867057924,0.0,0.001823176889201329,0.0,0.0006438013074679088,0.8209746097022627,0.0,0.0,0.0,0.0,0.0,0.5,0.5,0.25,0.25,0.5,0.5,1.0,1.0,0.1237436830997467,1,0.0,0.0,0.0,1,0,0.0,0,20,20,224,0.1445399671792984,-0.03662724420428276,0.8440926492214198,-0.046517904847860336,1.1747410297393799,0.1989409327507019,0.0,0.0,0.0,0.0,0.0,0.0,0.0,0.0,0.0,0.0,0.0,0.06264508809572435,0.19404711452779883,0.0,0.0,1.500194501876831,,,0.00019450187683078823,0.95,0.95,0.9955357142857143,0.05,0.0,,0,0.25666666666666665,0.7433333333333334,0.7433333333333334,0.0,0.0,0.9955156950672646,0.004484304932735426,0.0,0.9955156950672646,0.004484304932735426,0.0,0.36396020154158276,0.5944889307022094,0.0,-0.0023454819922335444,0.004210526496171952,0.027588377892971038,0.9982792973518372,0.5269860863685608,0.2737127780914307,0.0,-0.0,0.7433333333333333,223,300,-0.006646870635449886,1.7315950393676758,2.2326824188232424,1.712498164176941,2.249934720993042,0.025063902139663696,0.0,0,1.0,1.0,0.5428070175438597,10.31333333333333,47135224.87763715,1.0,0.0,0.008200566981772081,0.005819186486294766,0.014019753468066849,0.0,0.0,0.0,0.0,0.0,0.0,0.0,0.0,0.0,0.0,0.0,0.0,0.0,0.0,0.0,0.0,0.0,0.0,0.0,0.0,-0.010982253099274208,0.0,0.41207576389424505,0.0,0.0,False,0.0,0.0,0.0
318,16,1.3217670917510986,42,True,False,all_finished,0.0,1.6000000000000003,1.6009325814247137,1.2157894736842105,20,True,48.98300688027942,1.4948073679016038,370333382.02059126,-0.02718917860442861,0.0,-0.0003866990209613932,0.0,0.00012208718489484694,0.15424580356835066,-0.044919960480492266,0.1094479302727532,0.1349186677521987,0.08606514327773772,0.0,0.0019188853583349055,0.0,0.0006985903949562976,0.7763987132167723,0.0,0.0,0.0,0.0,0.0,0.5,0.5,0.25,0.25,0.5,0.5,1.0,1.0,0.1237436830997467,1,0.0,0.0,0.0,1,0,0.0,0,20,20,246,0.10944792628288269,0.022557027637958527,0.43061894178390503,-0.06307493895292282,0.8126097321510315,0.15491148829460144,0.0,0.0,0.0,0.0,0.0,0.0,0.0,0.0,0.0,0.0,0.0,0.08292704390163293,0.27174006764468905,0.0,0.0,1.6009325814247137,,,0.000932581424713419,0.85,0.85,0.9959349593495935,0.15,0.0,,0,0.234375,0.765625,0.765625,0.0,0.0,0.9959183673469387,0.0,0.004081632653061225,0.9959183673469387,0.0,0.004081632653061225,0.7871026992797852,0.7871026992797852,0.0,-0.002065656636841595,0.0020786091685295106,-0.011662820354104042,1.016816759109497,0.4970631718635559,1.0341402649879456,0.0,-0.0,0.765625,245,320,-0.42073678970336914,1.7087641954421997,2.0560440540313722,1.7290937423706054,2.3076873779296876,0.0263894721865654,0.007195668015629053,0,1.0,1.0,0.5009868421052632,9.518749999999999,41389708.2431527,1.0,0.0,0.006820991572335888,0.005701660313672969,0.01252265188600886,0.0,0.0,0.0,0.0,0.0,0.0,0.0,0.0,0.0,0.0,0.0,0.0,0.0,0.0,0.0,0.0,0.0,0.0,0.0,0.0,-0.01734408285510227,0.0,0.3783741824263416,0.0,0.0,False,0.0,0.0,0.0
319,16,1.3488504886627197,42,True,False,all_finished,0.0,1.6000000000000003,1.6010022366046912,1.2000000000000002,20,True,50.2787518376163,1.4953572155355341,366571730.35735863,-0.027481647054742615,0.0,-0.0011600970628841798,0.0,0.00013267901870355424,0.15463340238196574,-0.04720978886893658,0.10755629253173268,0.1338632414949206,0.09044503969073915,0.0,0.005650838647955538,0.0,0.0007569733435213335,0.7692839068228634,0.0,0.0,0.0,0.0,0.0,0.5,0.5,0.25,0.25,0.5,0.5,1.0,1.0,0.1237436830997467,3,0.0,0.0,0.0,3,1,0.3333333333333333,1,20,20,245,0.1075562834739685,-0.03999345563352108,0.4753626734018326,-0.059377655386924744,0.6094307899475098,0.1644933968782425,0.0,0.0,0.0,0.0,0.0,0.0,0.0,0.0,0.0,0.0,0.0,0.08890932327395677,0.28579142516457057,0.0,0.0,1.6010022366046912,,,0.0010022366046908981,0.8,0.8,0.9918367346938776,0.2,0.0,,0,0.2375,0.7625,0.7625,0.0,0.0,0.9877049180327869,0.004098360655737705,0.00819672131147541,0.9877049180327869,0.004098360655737705,0.00819672131147541,0.4044776678085327,0.5772813200950623,0.0,0.001570470567094162,0.0093163444660604,-0.005833207815885544,1.0020667433738708,0.4954825878143311,0.5792033672332764,0.0,-0.0,0.7625,244,320,-0.32446327805519104,1.8468233346939087,1.9872800588607789,1.899006223678589,2.048687219619751,0.029063234850764275,0.1268735084682703,0,1.0,1.0,0.5203947368421054,9.887500000000003,51770686.16348626,1.0,0.0,0.007898451608935014,0.006095821133284506,0.013994272742219519,0.0,0.0,0.0,0.0,0.0,0.0,0.0,0.0,0.0,0.0,0.0,0.0,0.0,0.0,0.0,0.0,0.0,0.0,0.0,0.0,-0.01856804475130983,0.0,0.3895015575981233,0.0,0.0,False,0.0,0.0,0.0
320,16,1.3545353412628174,42,True,False,all_finished,0.0,1.6000000000000003,1.6010400366783144,1.2473684210526315,20,True,51.59501847749975,1.5000131718279204,354134271.57462966,-0.026984897650237843,0.0,0.0,0.0,0.00012771228143534967,0.1372060805842841,-0.04025322243966717,0.09708057042605228,0.14676611259430775,0.07216408508283034,0.0,0.0,0.0,0.0007807364832566593,0.7802890658396052,0.0,0.0,0.0,0.0,0.0,0.0,0.0,0.0,0.0,0.0,0.0,0.0,0.0,0.0,0,0.0,0.0,0.0,0,0,0.0,0,20,20,251,0.09708056598901749,-0.04033977910876274,0.4970938116312027,-0.04773852229118347,0.9368842244148254,0.15612739324569702,0.0,0.0,0.0,0.0,0.0,0.0,0.0,0.0,0.0,0.0,0.0,0.07155618793184108,0.24640055061867286,0.0,0.0,1.6010400366783144,,,0.0010400366783140935,0.8,0.8,0.9960159362549801,0.2,0.0,,0,0.21875,0.78125,0.78125,0.0,0.0,1.0,0.0,0.0,1.0,0.0,0.0,0.0,0.0,0.0,0.00023217937450681347,0.0,0.008718820312060416,1.0011730194091797,0.5095517218112946,0.5267137885093689,0.0,-0.0,0.78125,250,320,-0.23781631886959076,1.487114429473877,1.8212838649749756,1.4958688735961914,1.8653405427932739,0.029340736195445062,0.1280937222763896,0,1.0,1.0,0.5546052631578947,10.537499999999998,51079110.69252681,1.0,0.0,0.008020799377740116,0.005781080734104978,0.013801880111845096,0.0,0.0,0.0,0.0,0.0,0.0,0.0,0.0,0.0,0.0,0.0,0.0,0.0,0.0,0.0,0.0,0.0,0.0,0.0,0.0,-0.013268324789429348,0.0,0.41377467969432474,0.0,0.0,False,0.0,0.0,0.0
321,15,1.2060701847076416,42,True,False,all_finished,0.0,1.5000000000000002,1.5000000000000002,1.17,20,True,51.15284982193949,1.443950736122334,343080201.53576595,-0.028040564726548513,0.0,-0.001649915822768611,0.0,0.0001321234683525665,0.1709453562172194,-0.04144054097266887,0.12963693871290316,0.1310085864297524,0.05489756791774029,0.0,0.007708587247686425,0.0,0.0007006009900214247,0.8056846574147994,0.0,0.0,0.0,0.0,0.0,0.5,0.5,0.25,0.25,0.5,0.5,1.0,1.0,0.1237436830997467,4,0.0,0.0,0.0,4,0,0.0,0,20,20,234,0.1296369433403015,0.0048986803740262985,0.6618112623691558,-0.05517900735139847,0.7145154476165771,0.17412783205509186,0.0,0.0,0.0,0.0,0.0,0.0,0.0,0.0,0.0,0.0,0.0,0.06510277862776498,0.22147152669454753,0.0,0.0,1.5000000000000002,,,0.0,0.85,0.85,1.0,0.15,0.0,,0,0.22,0.78,0.78,0.0,0.0,0.9829059829059829,0.01282051282051282,0.004273504273504274,0.9829059829059829,0.01282051282051282,0.004273504273504274,0.38676974674065906,0.6334893703460693,0.0,-0.006452260771766305,0.01396250706166029,0.010890049184672535,0.9919314622879029,0.5071145236492157,0.8524977207183838,0.0,-0.0,0.78,234,300,0.042417630553245544,1.6586748361587524,1.995971393585205,1.6597830772399902,1.900002670288086,0.03562520295381546,0.0,0,1.0,1.0,0.46631578947368413,8.860000000000001,42361832.541534714,1.0,0.0,0.008125344149164776,0.0057319027531996785,0.013857246902364456,0.0,0.0,0.0,0.0,0.0,0.0,0.0,0.0,0.0,0.0,0.0,0.0,0.0,0.0,0.0,0.0,0.0,0.0,0.0,0.0,-0.011750060423351739,0.0,0.4613716598041356,0.0,0.0,False,0.0,0.0,0.0
322,16,1.352609395980835,42,True,False,all_finished,0.0,1.6000000000000003,1.6018122947216038,1.1764705882352942,20,True,52.0126321318235,1.3874310909146652,327563797.99097526,-0.02956516109192876,0.0,-0.0007733980419227864,0.0,0.00012907923762711643,0.12035002782715612,-0.0446861328057624,0.0757929742590209,0.1780281487249408,0.08639465794090721,0.0,0.004657056364512624,0.0,0.0009078595588225725,0.7300122774108169,0.0,0.0,0.0,0.0,0.0,0.5,0.5,0.25,0.25,0.5,0.5,1.0,1.0,0.1237436830997467,2,0.0,0.0,0.0,2,0,0.0,0,20,20,244,0.07579297572374344,-0.026987900026142597,0.4170428663492203,-0.05220397934317589,0.4592697322368622,0.12523961067199707,0.0,0.0,0.0,0.0,0.0,0.0,0.0,0.0,0.0,0.0,0.0,0.07367855191383728,0.2512462057337289,0.0,0.0,1.6018122947216038,,,0.0018122947216034913,0.85,0.85,0.9672131147540983,0.15,0.0,,0,0.2625,0.7375,0.7375,0.0,0.0,0.9915254237288136,0.0,0.00847457627118644,0.9915254237288136,0.0,0.00847457627118644,0.5369235128164291,0.7699915036559105,0.0,0.005775800347328186,0.0053326781839132305,0.020800858736038208,1.0584721088409423,0.5502661228179931,1.3994101524353026,0.0,-0.0,0.7375,236,320,-0.5024129748344421,1.4649945497512817,1.6048019647598266,1.450675654411316,1.9693319082260132,0.04010913893580437,0.11984239714220166,0,1.0,1.0,0.5111842105263156,9.712500000000002,38208540.29551475,1.0,0.0,0.008833383584827235,0.005344107281878891,0.014177490866706128,0.0,0.0,0.0,0.0,0.0,0.0,0.0,0.0,0.0,0.0,0.0,0.0,0.0,0.0,0.0,0.0,0.0,0.0,0.0,0.0,-0.014347573671910929,0.0,0.4142530465789605,0.0,0.0,False,0.0,0.0,0.0
323,16,1.3325433731079102,42,True,False,all_finished,0.0,1.6000000000000003,1.6001008760929114,1.142105263157895,20,True,52.501645253374875,1.4017470576493474,327211091.12271917,-0.028974270414175367,0.0,-0.001823495379110306,0.0,0.00012109652292553288,0.15705631887371238,-0.04565011399237977,0.1115273014042583,0.1392907415842978,0.07140109363747371,0.0,0.008766261238024127,0.0,0.0006534497914475251,0.7798884537487569,0.0,0.0,0.0,0.0,0.0,0.5199999809265137,0.5,0.24000000953674316,0.25,0.5,0.5800000190734863,0.8,1.0,0.11670370399951935,5,0.0,0.0,0.0,5,0,0.0,0,20,20,231,0.11152730137109756,-0.040151963010430336,0.5328746736049652,-0.06064034253358841,1.090908169746399,0.1681053787469864,0.0,0.0,0.0,0.0,0.0,0.0,0.0,0.0,0.0,0.0,0.0,0.07524361649236586,0.24348646875624202,0.0,0.0,1.6001008760929114,,,0.00010087609291109523,0.8,0.8,0.9956709956709957,0.2,0.0,,0,0.28125,0.71875,0.71875,0.0,0.0,0.9782608695652174,0.013043478260869565,0.008695652173913044,0.9782608695652174,0.013043478260869565,0.008695652173913044,0.39673853665590286,0.6285056620836258,0.0,0.011040653567761183,0.0162109293974936,0.0006854901090264321,0.9924636125564575,0.4971372425556183,0.5478423714637757,0.0,-0.0,0.71875,230,320,-0.03318195790052414,1.646231770515442,1.9313090801239015,1.6734256744384766,1.7702188730239867,0.052462997287511824,0.033558493852615355,0,1.0,1.0,0.5473684210526315,10.400000000000002,43136810.993098035,1.0,0.0,0.00914384141697579,0.005672263626477111,0.0148161050434529,0.0,0.0,0.0,0.0,0.0,0.0,0.0,0.0,0.0,0.0,0.0,0.0,0.0,0.0,0.0,0.0,0.0,0.0,0.0,0.0,-0.014852348199094045,0.0,0.4547147354111075,0.0,0.0,False,0.0,0.0,0.0
324,16,1.3277499675750732,42,True,False,all_finished,0.0,1.6000000000000003,1.6000000000000003,1.1550000000000002,20,True,51.061132142846375,1.4339096648798066,343510523.3217329,-0.028223141459353063,0.0,-0.0003866990209613932,0.0,0.00012036515720702347,0.1770315480856744,-0.04431549949720576,0.13283641374567573,0.12618433259794784,0.0702192597486557,0.0,0.0017289130604602701,0.0,0.0006569817015138362,0.8012105128914223,0.0,0.0,0.0,0.0,0.0,0.5,0.5,0.25,0.25,0.5,0.5,1.0,1.0,0.1237436830997467,1,0.0,0.0,0.0,1,0,0.0,0,20,20,231,0.13283641636371613,-0.03981831297278404,0.934056431055069,-0.06137799844145775,1.5275027751922607,0.19586974382400513,0.0,0.0,0.0,0.0,0.0,0.0,0.0,0.0,0.0,0.0,0.0,0.07486827883244884,0.27273141986110533,0.0,0.0,1.6000000000000003,,,0.0,0.85,0.85,1.0,0.15,0.0,,0,0.278125,0.721875,0.721875,0.0,0.0,0.9956709956709957,0.0,0.004329004329004329,0.9956709956709957,0.0,0.004329004329004329,0.8415484428405762,0.8415484428405762,0.0,0.003572594921570271,0.004336392134428024,-0.013011666969396174,0.9893369555473328,0.4818786561489105,0.43539726436138154,0.0,-0.0,0.721875,231,320,0.09887504577636719,2.1981241703033447,2.041760039329529,2.2415335178375244,1.8851556777954102,0.06429553627967835,0.0,0,1.0,1.0,0.5335526315789473,10.137499999999998,40313919.39100473,1.0,0.0,0.009439653899721415,0.005916447535793737,0.015356101435515154,0.0,0.0,0.0,0.0,0.0,0.0,0.0,0.0,0.0,0.0,0.0,0.0,0.0,0.0,0.0,0.0,0.0,0.0,0.0,0.0,-0.01570565901689127,0.0,0.4746655813185498,0.0,0.0,False,0.0,0.0,0.0
325,16,1.3345837593078613,42,True,False,all_finished,0.0,1.6000000000000003,1.6000000000000003,1.2850000000000004,20,True,52.11835082286309,1.5004227024606531,358423990.39040774,-0.02738753992359768,0.0,0.0,0.0,0.00012118752409517124,0.11357809023319995,-0.039982551110806716,0.07371672664648844,0.17489844255569456,0.08043248304738698,0.0,0.0,0.0,0.0008878865980879194,0.7437811877988305,0.0,0.0,0.0,0.0,0.0,0.0,0.0,0.0,0.0,0.0,0.0,0.0,0.0,0.0,0,0.0,0.0,0.0,0,0,0.0,0,20,20,257,0.07371672242879868,0.03128527011722326,0.33237046003341675,-0.052046459168195724,0.5064136385917664,0.11342096328735352,0.0,0.0,0.0,0.0,0.0,0.0,0.0,0.0,0.0,0.0,0.0,0.06963288973043039,0.22718499159956887,0.0,0.0,1.6000000000000003,,,0.0,0.8,0.8,1.0,0.2,0.0,,0,0.196875,0.803125,0.803125,0.0,0.0,1.0,0.0,0.0,1.0,0.0,0.0,0.7878992557525635,0.7878992557525635,0.0,-0.00013590125599876045,0.0,-0.011222125962376595,1.08940269947052,0.5337154686450958,1.9437474101781844,0.0,-0.0,0.803125,257,320,-0.5747596025466919,1.3496787548065186,1.572810959815979,1.340709400177002,1.984225869178772,0.09121085852384567,0.08526176055893302,0,1.0,1.0,0.44309210526315773,8.418750000000003,49263850.764375746,1.0,0.0,0.007695450812044084,0.005584778546441637,0.013280229358485718,0.0,0.0,0.0,0.0,0.0,0.0,0.0,0.0,0.0,0.0,0.0,0.0,0.0,0.0,0.0,0.0,0.0,0.0,0.0,0.0,-0.012595011187209005,0.0,0.48421776979230347,0.0,0.0,False,0.0,0.0,0.0
326,16,1.4675748348236084,42,True,False,all_finished,0.0,1.6000000000000003,1.6001280796527868,1.3210526315789477,20,True,50.55518210314513,1.5550699355567175,375918408.4995481,-0.026154158003265687,0.0,-0.0015467960838455729,0.0,0.0001264767643070817,0.12103025434029697,-0.04762125484708701,0.07353547625751715,0.1532076711611047,0.11669054258537344,0.0,0.009060931181095829,0.0,0.0008605057025954813,0.7201803493698306,0.0,0.0,0.0,0.0,0.0,0.5,0.5,0.25,0.25,0.5,0.5,1.0,1.0,0.1237436830997467,4,0.0,0.0,0.0,4,2,0.5,2,20,20,265,0.0735354796051979,-0.01625254563987255,0.4525986984372139,-0.05756164342164993,0.6004570126533508,0.12432409822940826,0.0,0.0,0.0,0.0,0.0,0.0,0.0,0.0,0.0,0.0,0.0,0.0959930513538739,0.2833109950483864,0.0,0.0,1.6001280796527868,,,0.0001280796527864947,0.75,0.75,0.9962264150943396,0.25,0.0,,0,0.16875,0.83125,0.83125,0.0,0.0,0.9849624060150376,0.0037593984962406013,0.011278195488721804,0.9849624060150376,0.0037593984962406013,0.011278195488721804,0.4956976413726807,0.7504536271095276,0.0,-0.005581126012839377,0.009403582662343979,-0.021849415497854352,1.0224781274795531,0.4896151840686798,1.1802903324365617,0.0,-0.0,0.83125,266,320,-0.439406156539917,1.3984696865081787,1.4754138231277465,1.4431665658950805,1.5960410356521606,0.13959504216909407,0.529768829792738,0,1.0,1.0,0.5621710526315791,10.681249999999997,42826440.550005406,1.0,0.0,0.008513494403903673,0.005329224608054796,0.013842719011958469,0.0,0.0,0.0,0.0,0.0,0.0,0.0,0.0,0.0,0.0,0.0,0.0,0.0,0.0,0.0,0.0,0.0,0.0,0.0,0.0,-0.019920300759975692,0.0,0.45799815219361334,0.0,0.0,False,0.0,0.0,0.0
327,16,1.3253357410430908,42,True,False,all_finished,0.0,1.6000000000000003,1.6020282053947454,1.1500000000000001,20,True,54.050348522233904,1.4311683342028143,332000766.2676214,-0.028929337569402618,0.0,-0.0007733980419227864,0.0,0.00012446082326367987,0.1579452649155315,-0.04208849319199075,0.11598123254680444,0.14195182350736776,0.06077501325005129,0.0,0.003794945600969536,0.0,0.0006871607532849271,0.7927910568883265,0.0,0.0,0.0,0.0,0.0,0.5,0.5,0.25,0.25,0.5,0.5,1.0,1.0,0.1237436830997467,2,0.0,0.0,0.0,2,1,0.5,1,20,20,235,0.11598122119903564,-0.038448063656687737,0.8131193667650223,-0.0512118823826313,0.9006676077842712,0.16621965169906616,0.0,0.0,0.0,0.0,0.0,0.0,0.0,0.0,0.0,0.0,0.0,0.06338156176419275,0.24804206640259685,0.0,0.0,1.6020282053947454,,,0.0020282053947451306,0.8,0.8,0.9829787234042553,0.2,0.0,,0,0.275,0.725,0.725,0.0,0.0,0.9913793103448276,0.0,0.008620689655172414,0.9913793103448276,0.0,0.008620689655172414,0.6804706454277039,0.7558343887329102,0.0,0.0006086120847612619,0.0053902874700725075,-0.01436139503493905,0.9700623631477356,0.4709183871746063,0.6789566457271576,0.0,-0.0,0.725,232,320,0.194760262966156,1.659561038017273,1.931332802772522,1.6994358777999878,1.7334201097488404,0.15770772695541382,0.03138072900474072,0,1.0,1.0,0.4990131578947368,9.481250000000001,51052744.01670499,1.0,0.0,0.009843324928787473,0.0057474713759902134,0.01559079630477769,0.0,0.0,0.0,0.0,0.0,0.0,0.0,0.0,0.0,0.0,0.0,0.0,0.0,0.0,0.0,0.0,0.0,0.0,0.0,0.0,-0.012385757580665353,0.0,0.467301770724589,0.0,0.0,False,0.0,0.0,0.0
328,15,1.2485229969024658,42,True,False,all_finished,0.0,1.5000000000000002,1.5003328919410708,1.1947368421052629,20,True,51.44237892625388,1.4470132890914729,347504596.4578893,-0.028165245876533546,0.0,0.0,0.0,0.0001286197580132692,0.14586908654503955,-0.04760002145493691,0.09839768484811577,0.14436489995954097,0.09961565556400727,0.0,0.0,0.0,0.0007602600047694183,0.7552591844716824,0.0,0.0,0.0,0.0,0.0,0.0,0.0,0.0,0.0,0.0,0.0,0.0,0.0,0.0,0,0.0,0.0,0.0,0,0,0.0,0,20,20,243,0.09839769452810287,-0.026282064616680145,0.4551904976367949,-0.062340691685676575,0.5441153049468994,0.1525653898715973,0.0,0.0,0.0,0.0,0.0,0.0,0.0,0.0,0.0,0.0,0.0,0.09198663809552557,0.2857939171823449,0.0,0.0,1.5003328919410708,,,0.00033289194107055664,0.9,0.9,0.9917695473251029,0.1,0.0,,0,0.19666666666666666,0.8033333333333333,0.8033333333333333,0.0,0.0,1.0,0.0,0.0,1.0,0.0,0.0,0.0,0.0,0.0,-0.00019172419706592336,0.0,-0.018929597083479167,0.9907740354537964,0.4767229914665222,0.8186277866363525,0.0,-0.0,0.8033333333333333,241,300,-0.34607383608818054,1.5222493410110474,1.7606796264648437,1.5652917623519897,1.981559157371521,0.15951236784458162,0.00385603504255414,0,1.0,1.0,0.4736842105263159,9.0,41761806.757370435,1.0,0.0,0.007949316944401765,0.005923474746126204,0.01387279169052797,0.0,0.0,0.0,0.0,0.0,0.0,0.0,0.0,0.0,0.0,0.0,0.0,0.0,0.0,0.0,0.0,0.0,0.0,0.0,0.0,-0.019434775578403434,0.0,0.46666011789037537,0.0,0.0,False,0.0,0.0,0.0
329,15,1.2920794486999512,42,True,False,all_finished,0.0,1.5000000000000002,1.501740247011185,1.2052631578947368,20,True,48.91608357987351,1.5229739091602332,377487325.6536317,-0.02660663138945733,0.0,0.0,0.0,0.00013018909809936634,0.18488473628539204,-0.03876336953747869,0.14625155584601263,0.11750496437705378,0.05368876135106848,0.0,0.0,0.0,0.0006414588869003243,0.8281648153849773,0.0,0.0,0.0,0.0,0.0,0.0,0.0,0.0,0.0,0.0,0.0,0.0,0.0,0.0,0,0.0,0.0,0.0,0,0,0.0,0,20,20,245,0.14625154435634613,0.021309465169906616,0.5610053300857543,-0.04557928070425987,0.6537829041481018,0.18523161113262177,0.0,0.0,0.0,0.0,0.0,0.0,0.0,0.0,0.0,0.0,0.0,0.06858114282270913,0.20321446067387341,0.0,0.0,1.501740247011185,,,0.0017402470111846924,0.9,0.9,0.9877551020408163,0.1,0.0,,0,0.19333333333333333,0.8066666666666666,0.8066666666666666,0.0,0.0,1.0,0.0,0.0,1.0,0.0,0.0,0.0,0.0,0.0,-7.350651899287186e-05,0.0,-0.0005874922499060631,0.957319152355194,0.47833333611488343,1.0532578229904175,0.0,-0.0,0.8066666666666666,242,300,0.17533622682094574,1.6258822679519653,2.1630915641784667,1.6893192529678345,1.8709213972091674,0.2004875808954239,0.008729682303965092,0,1.0,1.0,0.5487719298245612,10.42666666666667,49036293.63254409,1.0,0.0,0.010888571414556595,0.006203734711392317,0.017092306125948913,0.0,0.0,0.0,0.0,0.0,0.0,0.0,0.0,0.0,0.0,0.0,0.0,0.0,0.0,0.0,0.0,0.0,0.0,0.0,0.0,-0.012156738148021373,0.0,0.46557633387235303,0.0,0.0,False,0.0,0.0,0.0
330,15,1.2713730335235596,42,True,False,all_finished,0.0,1.5000000000000002,1.5000000000000002,1.1949999999999998,20,True,52.648648410543885,1.4888682885926408,350336766.8147965,-0.027696072571529444,0.0,0.0,0.0,0.00012031188741836325,0.16633055424099286,-0.04811323431947486,0.11833763180893639,0.12907092763698771,0.09514930319870285,0.0,0.0,0.0,0.0006359694499766082,0.7751437997143329,0.0,0.0,0.0,0.0,0.0,0.0,0.0,0.0,0.0,0.0,0.0,0.0,0.0,0.0,0,0.0,0.0,0.0,0,0,0.0,0,20,20,239,0.11833763867616653,0.1134929209947586,0.398641201853752,-0.061508964747190475,0.4709058105945587,0.16738073527812958,0.0,0.0,0.0,0.0,0.0,0.0,0.0,0.0,0.0,0.0,0.0,0.09776651919434204,0.26995966554984785,0.0,0.0,1.5000000000000002,,,0.0,1.0,1.0,1.0,0.0,0.0,,0,0.20333333333333334,0.7966666666666666,0.7966666666666666,0.0,0.0,1.0,0.0,0.0,1.0,0.0,0.0,0.0,0.0,0.0,0.00041371596744284035,0.0,-0.015472383797168731,0.9355486392974853,0.4525632619857788,0.980161726474762,0.0,-0.0,0.7966666666666666,239,300,-0.037289511412382126,1.0860551595687866,2.0437089681625364,1.1158109903335571,2.0843969106674196,0.2763655364513397,0.10550483390688896,0,1.0,1.0,0.5263157894736842,10.0,46531942.18553882,1.0,0.0,0.007141812712190793,0.005548109825547207,0.012689922537738,0.0,0.0,0.0,0.0,0.0,0.0,0.0,0.0,0.0,0.0,0.0,0.0,0.0,0.0,0.0,0.0,0.0,0.0,0.0,0.0,-0.02041716174794539,0.0,0.45922864651928347,0.0,0.0,False,0.0,0.0,0.0
331,16,1.3199923038482666,42,True,False,all_finished,0.0,1.6000000000000003,1.6006215882301338,1.2368421052631582,20,True,50.41928123261734,1.4919713201811278,361750543.8073137,-0.027392200568113395,0.0,-0.0003866990209613932,0.0,0.00012867420842960223,0.14649074157235506,-0.046392978274952285,0.1002264375058322,0.1383537635066751,0.09401682913341446,0.0,0.001953156876218077,0.0,0.0007797380087487894,0.7648965124749436,0.0,0.0,0.0,0.0,0.0,0.5,0.5,0.25,0.25,0.5,0.5,1.0,1.0,0.1237436830997467,1,0.0,0.0,0.0,1,1,1.0,1,20,20,248,0.10022643208503723,-0.028528963215649128,0.43946129083633423,-0.05416053533554077,0.5491521954536438,0.15242242813110352,0.0,0.0,0.0,0.0,0.0,0.0,0.0,0.0,0.0,0.0,0.0,0.08920350536125946,0.28038428586668007,0.0,0.0,1.6006215882301338,,,0.0006215882301334741,0.75,0.75,0.9879032258064516,0.25,0.0,,0,0.23125,0.76875,0.76875,0.0,0.0,0.9959349593495935,0.0040650406504065045,0.0,0.9959349593495935,0.0040650406504065045,0.0,0.3850074000656605,0.6597876805812121,0.0,0.0009101936360821128,0.0020357420668005942,-0.0006078468170017004,0.8840927481651306,0.441707843542099,0.9001594543457031,0.0,-0.0,0.76875,246,320,-0.21351425349712372,1.584159016609192,1.8917539596557618,1.6723373889923097,1.8456562995910644,0.3818081259727478,0.3214489072561264,0,1.0,1.0,0.5026315789473683,9.549999999999997,47989566.70310747,1.0,0.0,0.006126020119827713,0.005734904917645281,0.011860925037472995,0.0,0.0,0.0,0.0,0.0,0.0,0.0,0.0,0.0,0.0,0.0,0.0,0.0,0.0,0.0,0.0,0.0,0.0,0.0,0.0,-0.018614078685877486,0.0,0.4799882501363754,0.0,0.0,False,0.0,0.0,0.0
332,15,1.2999212741851807,42,True,False,all_finished,0.0,1.5000000000000002,1.5024564027786256,1.2647058823529411,20,True,50.235236182070864,1.538475036652008,373657923.8905915,-0.02655527944903414,0.0,0.0,0.0,0.0001387482876467914,0.14875342541316736,-0.04246196073882398,0.1064302129619902,0.13681410089410762,0.08195200141081092,0.0,0.0,0.0,0.0008601312169750066,0.7803737664781064,0.0,0.0,0.0,0.0,0.0,0.0,0.0,0.0,0.0,0.0,0.0,0.0,0.0,0.0,0,0.0,0.0,0.0,0,0,0.0,0,20,20,261,0.10643021017313004,-0.0407097302377224,0.42569184303283675,-0.05334855243563652,0.531385600566864,0.15551550686359406,0.0,0.0,0.0,0.0,0.0,0.0,0.0,0.0,0.0,0.0,0.0,0.08452703228274248,0.2567741138127171,0.0,0.0,1.5024564027786256,,,0.002456402778625355,0.8,0.8,0.9770114942528736,0.2,0.0,,0,0.15,0.85,0.85,0.0,0.0,1.0,0.0,0.0,1.0,0.0,0.0,0.0,0.0,0.0,-0.00012433647716534325,0.0,-0.0009024146944284439,0.9363713979721069,0.46755478382110593,0.5980259150266647,0.0,-0.0,0.85,255,300,-0.1743365377187729,1.460531234741211,1.7628820419311524,1.4946543216705321,1.8300426244735717,0.43427311182022094,0.09691085200756788,0,1.0,1.0,0.49052631578947387,9.32,45453695.80312275,1.0,0.0,0.007498094463817471,0.00574195910527216,0.013240053569089631,0.0,0.0,0.0,0.0,0.0,0.0,0.0,0.0,0.0,0.0,0.0,0.0,0.0,0.0,0.0,0.0,0.0,0.0,0.0,0.0,-0.01590668128978986,0.0,0.4794523666923245,0.0,0.0,False,0.0,0.0,0.0
333,16,1.2957003116607666,42,True,False,all_finished,0.0,1.6000000000000003,1.600395936965943,1.1789473684210525,20,True,52.39109529755599,1.5051845312660084,354606510.53646564,-0.027406191767578157,0.0,0.0,0.0,0.00011222094628793068,0.17094432010046556,-0.04370876721897285,0.12734777382778067,0.12722206980064837,0.07567805879769435,0.0,0.0,0.0,0.000581334578611909,0.7965185368230454,0.0,0.0,0.0,0.0,0.0,0.0,0.0,0.0,0.0,0.0,0.0,0.0,0.0,0.0,0,0.0,0.0,0.0,0,0,0.0,0,20,20,240,0.12734776735305786,0.0070864297449588776,0.6367243677377701,-0.05385692045092583,0.929517388343811,0.17457334697246552,0.0,0.0,0.0,0.0,0.0,0.0,0.0,0.0,0.0,0.0,0.0,0.08091080248129598,0.26028655584244553,0.0,0.0,1.600395936965943,,,0.00039593696594275585,0.95,0.95,0.9958333333333333,0.05,0.0,,0,0.253125,0.746875,0.746875,0.0,0.0,1.0,0.0,0.0,1.0,0.0,0.0,0.31367674469947815,0.31367674469947815,0.0,-5.9773547400254755e-05,0.0,-0.007525124028325081,0.869325053691864,0.42741129994392396,0.5274857223033905,0.0,-0.0,0.746875,239,320,0.1565372794866562,1.701079249382019,2.159000205993652,1.7970545291900635,2.0356536865234376,0.502413684129715,0.033359141647815706,0,1.0,1.0,0.5105263157894735,9.7,41417537.152944036,1.0,0.0,0.008478507974247243,0.005700356808411289,0.014178864782658526,0.0,0.0,0.0,0.0,0.0,0.0,0.0,0.0,0.0,0.0,0.0,0.0,0.0,0.0,0.0,0.0,0.0,0.0,0.0,0.0,-0.01630257545139465,0.0,0.47581085836282,0.0,0.0,False,0.0,0.0,0.0
334,16,1.4215044975280762,42,True,False,all_finished,0.0,1.6000000000000003,1.6004567813873298,1.1789473684210525,20,True,51.49467454333144,1.4184036207903872,342306842.6404666,-0.028708099657728907,0.0,0.0,0.0,0.00012324286814359537,0.14010833106060477,-0.047085535465215225,0.09314603846353312,0.1509884480627762,0.09665497002685168,0.0,0.0,0.0,0.0007483885127619461,0.7516081933976102,0.0,0.0,0.0,0.0,0.0,0.0,0.0,0.0,0.0,0.0,0.0,0.0,0.0,0.0,0,0.0,0.0,0.0,0,0,0.0,0,20,20,238,0.09314603358507156,-0.0371157368645072,0.5404760837554932,-0.06688292324542999,0.8271797299385071,0.15232250094413757,0.0,0.0,0.0,0.0,0.0,0.0,0.0,0.0,0.0,0.0,0.0,0.08752832979368555,0.3005054133847,0.0,0.0,1.6004567813873298,,,0.000456781387329519,0.9,0.9,0.9957983193277311,0.1,0.0,,0,0.259375,0.740625,0.740625,0.0,0.0,1.0,0.0,0.0,1.0,0.0,0.0,0.0,0.0,0.0,-0.00012103068220312708,0.0,-0.019300706498324872,0.8383157134056092,0.4001350700855255,0.8246817767620087,0.0,-0.0,0.740625,237,320,-0.37230053544044495,1.5327703952789307,1.8484174013137817,1.7017615556716919,1.959848403930664,0.5507646679878235,0.27620603144168854,0,1.0,1.0,0.5249999999999999,9.975000000000001,50473742.302858606,1.0,0.0,0.006684919646800243,0.005695389053914779,0.012380308700715024,0.0,0.0,0.0,0.0,0.0,0.0,0.0,0.0,0.0,0.0,0.0,0.0,0.0,0.0,0.0,0.0,0.0,0.0,0.0,0.0,-0.018377435807486363,0.0,0.4563340939726913,0.0,0.0,False,0.0,0.0,0.0
335,16,1.3408443927764893,42,True,False,all_finished,0.0,1.6000000000000003,1.6000000000000003,1.155,20,True,54.035781023926404,1.4884023154242487,341195115.9449874,-0.027778622767259925,0.0,0.0,0.0,0.00011273492568836768,0.1882754914711104,-0.04107807235652067,0.14731015404027803,0.12032034068746762,0.057605242669613504,0.0,0.0,0.0,0.0005549697579788148,0.82151944688494,0.0,0.0,0.0,0.0,0.0,0.0,0.0,0.0,0.0,0.0,0.0,0.0,0.0,0.0,0,0.0,0.0,0.0,0,0,0.0,0,20,20,231,0.14731016755104065,0.019656505435705185,0.6952370852231979,-0.05541430413722992,0.9395276308059692,0.19277456402778625,0.0,0.0,0.0,0.0,0.0,0.0,0.0,0.0,0.0,0.0,0.0,0.06958724615159875,0.22959775644346644,0.0,0.0,1.6000000000000003,,,0.0,0.9,0.9,1.0,0.1,0.0,,0,0.278125,0.721875,0.721875,0.0,0.0,1.0,0.0,0.0,1.0,0.0,0.0,0.0,0.0,0.0,3.698393170452619e-05,0.0,-0.008135523780947552,1.0094043731689453,0.49684288501739504,1.0342303812503815,0.0,-0.0,0.721875,231,320,0.3377985656261444,1.8290669918060303,2.485099697113037,1.8999435424804687,2.3966144561767577,0.6134334444999695,0.3216322522610426,0,1.0,1.0,0.6473684210526313,12.300000000000002,47677998.06006713,1.0,0.0,0.010825037866486165,0.005588377706770143,0.016413415573256308,0.0,0.0,0.0,0.0,0.0,0.0,0.0,0.0,0.0,0.0,0.0,0.0,0.0,0.0,0.0,0.0,0.0,0.0,0.0,0.0,-0.01329944958926078,0.0,0.4796822084899759,0.0,0.0,False,0.0,0.0,0.0
336,14,1.1383936405181885,42,True,False,all_finished,0.0,1.4000000000000001,1.4,1.15,20,True,52.31375888529509,1.451495034277646,337973473.43520576,-0.028155542090469162,0.0,0.0,0.0,0.00013449571421642062,0.191766958751753,-0.04583447657588185,0.14606697789008755,0.1167353300190742,0.07329840231486191,0.0,0.0,0.0,0.0006175732929381352,0.8093486943731258,0.0,0.0,0.0,0.0,0.0,0.0,0.0,0.0,0.0,0.0,0.0,0.0,0.0,0.0,0,0.0,0.0,0.0,0,0,0.0,0,20,20,230,0.14606699347496033,0.015620321035385132,0.6083618521690368,-0.06001023203134537,0.7570061087608337,0.19799140095710754,0.0,0.0,0.0,0.0,0.0,0.0,0.0,0.0,0.0,0.0,0.0,0.0894964269381468,0.25809422985130653,0.0,0.0,1.4,,,0.0,0.95,0.95,1.0,0.05,0.0,,0,0.17857142857142858,0.8214285714285714,0.8214285714285714,0.0,0.0,1.0,0.0,0.0,1.0,0.0,0.0,0.0,0.0,0.0,1.5895996330073104e-05,0.0,0.007325784862041473,0.9841117024421692,0.4996757745742798,1.3454692602157592,0.0,-0.0,0.8214285714285714,230,280,-0.4264545738697052,1.6127729415893555,2.3587461948394775,1.6550317049026488,2.557778167724609,0.43753381371498107,0.33358768820762635,0,1.0,1.0,0.47781954887218037,9.07857142857143,36892888.24723157,1.0,0.0,0.006783759133518205,0.005434085884371502,0.012217845017889707,0.0,0.0,0.0,0.0,0.0,0.0,0.0,0.0,0.0,0.0,0.0,0.0,0.0,0.0,0.0,0.0,0.0,0.0,0.0,0.0,-0.017678934485412648,0.0,0.46724458966138105,0.0,0.0,False,0.0,0.0,0.0
337,16,1.371312141418457,42,True,False,all_finished,0.0,1.6000000000000003,1.6073427462577825,1.2666666666666668,20,True,50.331554949567,1.5125410253826312,363881901.191608,-0.02683439810868878,0.0,-0.0003866990209613932,0.0,0.00012655211250955914,0.12489757176728566,-0.04449773061201641,0.08052639326777873,0.1552174755618164,0.09993275885965723,0.0,0.0022367725779703085,0.0,0.0008201195776706976,0.7417928734228854,0.0,0.0,0.0,0.0,0.0,0.5,0.5,0.25,0.25,0.5,0.5,1.0,1.0,0.1237436830997467,1,0.0,0.0,0.0,1,0,0.0,0,20,20,259,0.08052638918161392,-0.006513431668281555,0.31886325776576996,-0.05934510752558708,0.360821008682251,0.12991087138652802,0.0,0.0,0.0,0.0,0.0,0.0,0.0,0.0,0.0,0.0,0.0,0.08751030390635915,0.2644171459252483,0.0,0.0,1.6073427462577825,,,0.007342746257782196,0.75,0.75,0.9922779922779923,0.25,0.0,,0,0.196875,0.803125,0.803125,0.0,0.0,0.9961089494163424,0.0,0.0038910505836575876,0.9961089494163424,0.0,0.0038910505836575876,0.3877999186515808,0.3877999186515808,0.0,0.004974071052856743,0.0038612461648881435,0.01105569782666862,0.8798630952835083,0.4512787401676178,1.2847617745399476,0.0,-0.0,0.803125,257,320,-0.6352120041847229,1.515970230102539,1.7000107049942017,1.6665966749191283,2.1240331411361693,0.43294931650161744,0.27040648171678183,0,1.0,1.0,0.5210526315789474,9.900000000000002,41420798.903504856,1.0,0.0,0.007263776171646393,0.005639674861478182,0.012903451033124574,0.0,0.0,0.0,0.0,0.0,0.0,0.0,0.0,0.0,0.0,0.0,0.0,0.0,0.0,0.0,0.0,0.0,0.0,0.0,0.0,-0.017276633482366223,0.0,0.4913717654068023,0.0,0.0,False,0.0,0.0,0.0
338,16,1.3492329120635986,42,True,False,all_finished,0.0,1.6000000000000003,1.6000000000000003,1.2700000000000002,20,True,51.40867864264349,1.4635278976868145,350403258.2805697,-0.027790205456212358,0.0,-0.0003866990209613932,0.0,0.00013312466510097026,0.10220669054506666,-0.04134405695632964,0.06099575825383798,0.19064172045961178,0.09032709765804119,0.0,0.0026527679607222026,0.0,0.0010206599573795282,0.7153577539642454,0.0,0.0,0.0,0.0,0.0,0.5,0.5,0.25,0.25,0.5,0.5,1.0,1.0,0.1237436830997467,1,0.0,0.0,0.0,1,0,0.0,0,20,20,254,0.06099575757980347,-0.010473668575286865,0.35616662353277206,-0.053868915885686874,0.3905029892921448,0.10628917068243027,0.0,0.0,0.0,0.0,0.0,0.0,0.0,0.0,0.0,0.0,0.0,0.06961831337859029,0.2589893759972859,0.0,0.0,1.6000000000000003,,,0.0,0.85,0.85,1.0,0.15,0.0,,0,0.20625,0.79375,0.79375,0.0,0.0,0.9960629921259843,0.003937007874015748,0.0,0.9960629921259843,0.003937007874015748,0.0,0.08211036026477814,0.08211036026477814,0.0,0.0038554032682441173,0.002946194447577,0.021791852172464134,1.0415856838226318,0.5428736865520477,1.9841060638427734,0.0,-0.0,0.79375,254,320,-0.5357491374015808,1.0838326215744019,1.422820544242859,1.1363710403442382,1.7154299020767212,0.44063458442687986,0.6021699890494346,0,1.0,1.0,0.5105263157894735,9.7,45915177.838102214,1.0,0.0,0.0095332753554993,0.005856065963024468,0.015389341318523767,0.0,0.0,0.0,0.0,0.0,0.0,0.0,0.0,0.0,0.0,0.0,0.0,0.0,0.0,0.0,0.0,0.0,0.0,0.0,0.0,-0.013167152479155897,0.0,0.47444433784112333,0.0,0.0,False,0.0,0.0,0.0
339,16,1.2960352897644043,42,True,False,all_finished,0.0,1.6000000000000003,1.600798287391663,1.1722222222222223,20,True,53.560789300550084,1.4235029251227065,330694851.3931353,-0.029175176556118086,0.0,-0.0007733980419227864,0.0,0.00013183240844252814,0.13918531635040718,-0.04451811801220891,0.09479903074664076,0.15497530092581233,0.07739179814796705,0.0,0.004108204591388617,0.0,0.0008047327411177775,0.7627199635937143,0.0,0.0,0.0,0.0,0.0,0.5,0.5,0.25,0.25,0.5,0.5,1.0,1.0,0.1237436830997467,2,0.0,0.0,0.0,2,0,0.0,0,20,20,240,0.09479903429746628,-0.01064461749047041,0.4713664725422859,-0.0596901997923851,0.5064076781272888,0.14373482763767242,0.0,0.0,0.0,0.0,0.0,0.0,0.0,0.0,0.0,0.0,0.0,0.07342197844533103,0.25065981106223223,0.0,0.0,1.600798287391663,,,0.0007982873916627664,0.8,0.8,0.9791666666666666,0.2,0.0,,0,0.265625,0.734375,0.734375,0.0,0.0,0.9914893617021276,0.0,0.00851063829787234,0.9914893617021276,0.0,0.00851063829787234,0.5805827081203461,0.5946661025285721,0.0,0.005303886253386736,0.00957356970757246,0.008978362288326025,0.9338646531105042,0.47619948983192445,0.8451843142509461,0.0,-0.0,0.734375,235,320,0.04037053883075714,1.4892560243606567,1.8468307971954345,1.5461093664169312,1.9128461360931397,0.5209390223026276,0.08712495155632496,0,1.0,1.0,0.49440789473684227,9.393750000000002,41152508.7784858,1.0,0.0,0.006411992088196665,0.005289989190433235,0.0117019812786299,0.0,0.0,0.0,0.0,0.0,0.0,0.0,0.0,0.0,0.0,0.0,0.0,0.0,0.0,0.0,0.0,0.0,0.0,0.0,0.0,-0.01456954341416812,0.0,0.48018654150655493,0.0,0.0,False,0.0,0.0,0.0
340,16,1.3836147785186768,42,True,False,all_finished,0.0,1.6000000000000003,1.6008789908885963,1.2947368421052634,20,True,51.876787991292645,1.4839491533755784,352212580.17680275,-0.02742723820911793,0.0,0.0,0.0,0.0001237139945110028,0.10594661943663364,-0.043037982139032815,0.0630323512921118,0.18182511955496186,0.1034892889964792,0.0,0.0,0.0,0.0008972403277627816,0.7137883511207962,0.0,0.0,0.0,0.0,0.0,0.0,0.0,0.0,0.0,0.0,0.0,0.0,0.0,0.0,0,0.0,0.0,0.0,0,0,0.0,0,20,20,260,0.0630323588848114,-0.03974556736648083,0.4420519322156906,-0.05665211006999016,0.5395482182502747,0.12242677807807922,0.0,0.0,0.0,0.0,0.0,0.0,0.0,0.0,0.0,0.0,0.0,0.08006377165685587,0.2415325427019966,0.0,0.0,1.6008789908885963,,,0.0008789908885959985,0.8,0.8,0.9961538461538462,0.2,0.0,,0,0.190625,0.809375,0.809375,0.0,0.0,1.0,0.0,0.0,1.0,0.0,0.0,0.0,0.0,0.0,0.0006231918632693123,0.0,0.009713888913393021,0.8400200843811035,0.43000602126121523,1.406093382835388,0.0,-0.0,0.809375,259,320,-0.5759598016738892,1.2124340534210205,1.386317992210388,1.4079297304153442,1.7333499431610107,0.5663064002990723,0.4259191457182169,0,1.0,1.0,0.5421052631578948,10.3,54790669.40345989,1.0,0.0,0.006555352779074699,0.005515959341515442,0.01207131212059014,0.0,0.0,0.0,0.0,0.0,0.0,0.0,0.0,0.0,0.0,0.0,0.0,0.0,0.0,0.0,0.0,0.0,0.0,0.0,0.0,-0.015610743929914957,0.0,0.4536897190962918,0.0,0.0,False,0.0,0.0,0.0
341,16,1.2692687511444092,42,True,False,all_finished,0.0,1.6000000000000003,1.600645985603333,1.1388888888888888,20,True,51.91378124536472,1.4151363542292035,333338854.91787136,-0.028656995614333592,0.0,0.0,0.0,0.00011223465115468961,0.16230425933991152,-0.039965432789899766,0.12245106120116633,0.13762503383786995,0.05430869550617802,0.0,0.0,0.0,0.0006309844939056474,0.8074352861620464,0.0,0.0,0.0,0.0,0.0,0.0,0.0,0.0,0.0,0.0,0.0,0.0,0.0,0.0,0,0.0,0.0,0.0,0,0,0.0,0,20,20,235,0.1224510595202446,-0.036173438653349876,0.5846682488918304,-0.05083901435136795,1.3794690370559692,0.1758970022201538,0.0,0.0,0.0,0.0,0.0,0.0,0.0,0.0,0.0,0.0,0.0,0.05962670005673446,0.2327457728924287,0.0,0.0,1.600645985603333,,,0.0006459856033327327,0.75,0.75,0.9872340425531915,0.25,0.0,,0,0.275,0.725,0.725,0.0,0.0,1.0,0.0,0.0,1.0,0.0,0.0,0.0,0.0,0.0,-0.00017334642470814287,0.0,-0.005517987813800573,0.7776537060737609,0.3835930287837982,0.6136935174465179,0.0,-0.0,0.725,232,320,0.2781924605369568,1.759330153465271,1.9624683380126953,2.0316277742385864,1.7669502735137939,0.6784547090530395,0.13478559851646424,0,1.0,1.0,0.49177631578947373,9.34375,44233933.20581554,1.0,0.0,0.009228937206853575,0.005374341443508629,0.014603278650362206,0.0,0.0,0.0,0.0,0.0,0.0,0.0,0.0,0.0,0.0,0.0,0.0,0.0,0.0,0.0,0.0,0.0,0.0,0.0,0.0,-0.01130843717556618,0.0,0.4857350863399915,0.0,0.0,False,0.0,0.0,0.0
342,16,1.2363481521606445,42,True,False,all_finished,0.0,1.6000000000000003,1.6000000000000003,1.1500000000000001,20,True,56.58168898669679,1.4467320479847905,316240575.15786564,-0.028580751943192963,0.0,-0.0003866990209613932,0.0,0.00010392081828377964,0.17358338413195068,-0.04363999158896541,0.13004731336126904,0.1305704861271267,0.0670311532009178,0.0,0.0017666252886617475,0.0,0.0005515932482037266,0.8000801421350899,0.0,0.0,0.0,0.0,0.0,0.5,0.5,0.25,0.25,0.5,0.5,1.0,1.0,0.1237436830997467,1,0.0,0.0,0.0,1,0,0.0,0,20,20,230,0.13004730641841888,-0.03658849187195301,0.6728319823741913,-0.0593896321952343,1.2058017253875732,0.18370530009269714,0.0,0.0,0.0,0.0,0.0,0.0,0.0,0.0,0.0,0.0,0.0,0.07713765409051652,0.22138283014439744,0.0,0.0,1.6000000000000003,,,0.0,0.95,0.95,1.0,0.05,0.0,,0,0.28125,0.71875,0.71875,0.0,0.0,0.9956521739130435,0.0,0.004347826086956522,0.9956521739130435,0.0,0.004347826086956522,0.27717089653015137,0.27717089653015137,0.0,0.005111630307510495,0.004325417429208755,-0.007497203070670366,0.727388882637024,0.35648279190063475,0.557201600074768,0.0,-0.0,0.71875,230,320,0.20154528319835663,1.6416125297546387,2.1972850799560546,1.865625834465027,2.1003049850463866,0.848176109790802,0.09773443043231964,0,1.0,1.0,0.4601973684210525,8.743750000000002,54999635.09944834,1.0,0.0,0.006096618793308859,0.0052599593259377775,0.011356578119246636,0.0,0.0,0.0,0.0,0.0,0.0,0.0,0.0,0.0,0.0,0.0,0.0,0.0,0.0,0.0,0.0,0.0,0.0,0.0,0.0,-0.01467254062481107,0.0,0.46695468564430487,0.0,0.0,False,0.0,0.0,0.0
343,16,1.3132526874542236,42,True,False,all_finished,0.0,1.6000000000000003,1.6015616631507879,1.088235294117647,20,True,52.03948703948648,1.4052075058451874,333259033.60638386,-0.02895101493470283,0.0,-0.0007733980419227864,0.0,0.00011066647332991231,0.16314701871075993,-0.04488234062868775,0.11837534455540207,0.1355615086380824,0.07097614867647929,0.0,0.0036213930868143496,0.0,0.0006096501400769378,0.7892312994585471,0.0,0.0,0.0,0.0,0.0,0.5,0.5,0.25,0.25,0.5,0.5,1.0,1.0,0.1237436830997467,2,0.0,0.0,0.0,2,0,0.0,0,20,20,232,0.11837534606456757,-0.01133038755506277,0.8016207814216614,-0.06133560463786125,0.8747068643569946,0.1664430797100067,0.0,0.0,0.0,0.0,0.0,0.0,0.0,0.0,0.0,0.0,0.0,0.07623227789797501,0.2683184188343726,0.0,0.0,1.6015616631507879,,,0.00156166315078754,0.85,0.85,0.9870689655172413,0.15,0.0,,0,0.284375,0.715625,0.715625,0.0,0.0,0.9912663755458515,0.0,0.008733624454148471,0.9912663755458515,0.0,0.008733624454148471,0.8060429394245148,0.8960449725389481,0.0,0.001558789936825633,0.005417725071310997,0.004774840734899044,0.5980647802352905,0.3040872037410736,0.7163200616836548,0.0,-0.0,0.715625,229,320,-0.24126876890659332,1.6560440063476562,2.1478097915649412,2.0432525873184204,2.1625563144683837,1.1025272011756897,0.30654675252735614,0,1.0,1.0,0.5407894736842106,10.275,45373563.431431524,1.0,0.0,0.007258841022738249,0.005513021286066794,0.012771862308805046,0.0,0.0,0.0,0.0,0.0,0.0,0.0,0.0,0.0,0.0,0.0,0.0,0.0,0.0,0.0,0.0,0.0,0.0,0.0,0.0,-0.015157927652062073,0.0,0.4864969812158961,0.0,0.0,False,0.0,0.0,0.0
344,16,1.2993927001953125,42,True,False,all_finished,0.0,1.6000000000000003,1.6000000000000003,1.1549999999999998,20,True,50.65670489172258,1.468126369290594,356693497.7640391,-0.027855629389765095,0.0,-0.0003866990209613932,0.0,0.0001231240090670121,0.17989991879541373,-0.04138246969446384,0.13864057311001685,0.12580169439677918,0.059343553684506,0.0,0.001746411519834237,0.0,0.0006436751911530972,0.8124646652077274,0.0,0.0,0.0,0.0,0.0,0.5,0.5,0.25,0.25,0.5,0.5,1.0,1.0,0.1237436830997467,1,0.0,0.0,0.0,1,1,1.0,1,20,20,230,0.13864058256149292,0.001341263297945261,0.5810902565717697,-0.05283408984541893,0.7756174206733704,0.18096476793289185,0.0,0.0,0.0,0.0,0.0,0.0,0.0,0.0,0.0,0.0,0.0,0.06723645544650002,0.26617363593948573,0.0,0.0,1.6000000000000003,,,0.0,1.0,1.0,1.0,0.0,0.0,,0,0.278125,0.721875,0.721875,0.0,0.0,0.9956709956709957,0.0,0.004329004329004329,0.9956709956709957,0.0,0.004329004329004329,0.5847185254096985,0.5847185254096985,0.0,0.0023486269870772957,0.004318700637668371,-0.01102082934230566,0.7333410382270813,0.35592694878578185,0.8954802334308625,0.0,-0.0,0.721875,231,320,0.5576529502868652,1.5274949073791504,2.276500368118286,1.8815581798553467,1.9069705247879027,1.304751491546631,0.22165710106492043,0,1.0,1.0,0.5411184210526315,10.281250000000002,44598827.43408677,1.0,0.0,0.008423551039480294,0.005993081603030708,0.014416632642510998,0.0,0.0,0.0,0.0,0.0,0.0,0.0,0.0,0.0,0.0,0.0,0.0,0.0,0.0,0.0,0.0,0.0,0.0,0.0,0.0,-0.01314014128373735,0.0,0.4997380433313083,0.0,0.0,False,0.0,0.0,0.0
345,16,1.3333911895751953,42,True,False,all_finished,0.0,1.6000000000000003,1.600826777219773,1.1894736842105265,20,True,51.2922906196725,1.4754533508177627,355270698.698694,-0.027751077738527957,0.0,-0.0003866990209613932,0.0,0.00011733247121292333,0.16060332667603888,-0.03942500846680296,0.12129565068044885,0.1375707523221983,0.055954329854883,0.0,0.0019169877197979508,0.0,0.0007175365112899217,0.8038403935918308,0.0,0.0,0.0,0.0,0.0,0.5,0.5,0.25,0.25,0.5,0.5,1.0,1.0,0.1237436830997467,1,0.0,0.0,0.0,1,0,0.0,0,20,20,240,0.12129565328359604,-0.013549460098147392,0.5462498962879181,-0.04838049039244652,0.9494625926017761,0.16522949934005737,0.0,0.0,0.0,0.0,0.0,0.0,0.0,0.0,0.0,0.0,0.0,0.06152809876554619,0.22238020277969886,0.0,0.0,1.600826777219773,,,0.0008267772197727563,0.9,0.9,0.9958333333333333,0.1,0.0,,0,0.253125,0.746875,0.746875,0.0,0.0,0.99581589958159,0.0,0.0041841004184100415,0.99581589958159,0.0,0.0041841004184100415,0.3236354887485504,0.3236354887485504,0.0,0.0005827830260386691,0.0010309278033673764,-0.016771576832979918,0.652803635597229,0.30991166830062866,0.47408576011657716,0.0,-0.0,0.746875,239,320,-0.23246997594833374,1.5614546537399292,2.2293547630310058,1.947597908973694,2.3416229248046876,1.139875888824463,0.09922174923121929,0,1.0,1.0,0.544078947368421,10.337500000000004,41342404.55165957,1.0,0.0,0.0109913337455638,0.005687833026630183,0.016679166772193978,0.0,0.0,0.0,0.0,0.0,0.0,0.0,0.0,0.0,0.0,0.0,0.0,0.0,0.0,0.0,0.0,0.0,0.0,0.0,0.0,-0.011287231707313538,0.0,0.49601568811485774,0.0,0.0,False,0.0,0.0,0.0
346,16,1.2801263332366943,42,True,False,all_finished,0.0,1.6000000000000003,1.6005401384830482,1.1947368421052629,20,True,53.6193994652225,1.4563229033118834,331378404.12810844,-0.027863669389459323,0.0,-0.0003866990209613932,0.0,0.00012019399007805202,0.13733726901564,-0.039988545261114034,0.0974689177446041,0.15539682043212488,0.06546429096512837,0.0,0.0021566362090252376,0.0,0.000736290091146717,0.7762459623025747,0.0,0.0,0.0,0.0,0.0,0.5,0.5,0.25,0.25,0.5,0.5,1.0,1.0,0.1237436830997467,1,0.0,0.0,0.0,1,0,0.0,0,20,20,243,0.09746891260147095,-0.03344147838652134,0.5657446831464767,-0.05121995881199837,0.6148991584777832,0.14582842588424683,0.0,0.0,0.0,0.0,0.0,0.0,0.0,0.0,0.0,0.0,0.0,0.06323808697925155,0.23448355491868372,0.0,0.0,1.6005401384830482,,,0.0005401384830479028,0.9,0.9,0.9917695473251029,0.1,0.0,,0,0.246875,0.753125,0.753125,0.0,0.0,0.995850622406639,0.004149377593360996,0.0,0.995850622406639,0.004149377593360996,0.0,0.7297157049179077,0.7297157049179077,0.0,0.00024929322535172105,0.0010362694039940834,-0.008053365768864751,0.684457540512085,0.33446199297904966,0.49378069639205935,0.0,-0.0,0.753125,241,320,-0.18897512555122375,1.2380650043487549,1.9482242107391357,1.495753860473633,2.026522898674011,0.9259854435920716,0.13808890879154206,0,1.0,1.0,0.4644736842105264,8.825000000000001,45620056.87178582,1.0,0.0,0.007844563024880518,0.005568617310091158,0.013413180334971677,0.0,0.0,0.0,0.0,0.0,0.0,0.0,0.0,0.0,0.0,0.0,0.0,0.0,0.0,0.0,0.0,0.0,0.0,0.0,0.0,-0.011738176850693264,0.0,0.49856145222729537,0.0,0.0,False,0.0,0.0,0.0
347,16,1.276831865310669,42,True,False,all_finished,0.0,1.6000000000000003,1.6008727157115943,1.1277777777777778,20,True,53.42493043466455,1.4518617703947865,335607797.8846551,-0.02827423125126065,0.0,0.0,0.0,0.00012270487163583036,0.17752834702760611,-0.0394454999120467,0.13820555198719517,0.12845799056107704,0.05075429678104972,0.0,0.0,0.0,0.0006311863281496295,0.8201565263297236,0.0,0.0,0.0,0.0,0.0,0.0,0.0,0.0,0.0,0.0,0.0,0.0,0.0,0.0,0,0.0,0.0,0.0,0,0,0.0,0,20,20,233,0.13820555806159973,-0.0055547114461660385,0.758071169257164,-0.04864445701241493,1.030493974685669,0.18072977662086487,0.0,0.0,0.0,0.0,0.0,0.0,0.0,0.0,0.0,0.0,0.0,0.05977632268495112,0.22175997784753826,0.0,0.0,1.6008727157115943,,,0.0008727157115939743,0.85,0.85,0.9914163090128756,0.15,0.0,,0,0.278125,0.721875,0.721875,0.0,0.0,1.0,0.0,0.0,1.0,0.0,0.0,0.0,0.0,0.0,-0.00047913167800288646,0.0,-0.023463372699916364,0.599565613269806,0.27661280035972596,0.6128028929233551,0.0,-0.0,0.721875,231,320,0.1921209990978241,1.3311890363693237,2.423411178588867,1.7319283723831176,2.275133228302002,0.9729184031486511,0.1157162569463253,0,1.0,1.0,0.47105263157894733,8.950000000000001,44839715.649693266,1.0,0.0,0.008329402883316364,0.005490522940237603,0.013819925823553967,0.0,0.0,0.0,0.0,0.0,0.0,0.0,0.0,0.0,0.0,0.0,0.0,0.0,0.0,0.0,0.0,0.0,0.0,0.0,0.0,-0.01117126866078608,0.0,0.4802632667589933,0.0,0.0,False,0.0,0.0,0.0
348,15,1.191054344177246,42,True,False,all_finished,0.0,1.5000000000000002,1.5000000000000002,1.1099999999999999,20,True,51.51213454139296,1.4532902427151482,346598252.70385015,-0.028224977232364345,0.0,0.0,0.0,0.00012279439779688708,0.21393005155843225,-0.04265007866243029,0.17140276729379916,0.10994534697252419,0.05619040074986807,0.0,0.0,0.0,0.0005380266156162477,0.8333262256619914,0.0,0.0,0.0,0.0,0.0,0.0,0.0,0.0,0.0,0.0,0.0,0.0,0.0,0.0,0,0.0,0.0,0.0,0,0,0.0,0,20,20,222,0.17140275239944458,-0.03962630778551102,0.9522892713546753,-0.05862240865826607,0.9586147665977478,0.2233472615480423,0.0,0.0,0.0,0.0,0.0,0.0,0.0,0.0,0.0,0.0,0.0,0.07390777692754766,0.251701414368978,0.0,0.0,1.5000000000000002,,,0.0,1.0,1.0,1.0,0.0,0.0,,0,0.26,0.74,0.74,0.0,0.0,1.0,0.0,0.0,1.0,0.0,0.0,0.15335078537464142,0.15335078537464142,0.0,-0.0004143601399846375,0.0,0.003462564665824175,0.6319391250610351,0.31972973346710204,0.5030794620513916,0.0,-0.0,0.74,222,300,0.10827184468507767,1.4144238233566284,2.769887351989746,1.7484929323196412,2.640205240249634,1.0138957500457764,0.055939920246601105,0,1.0,1.0,0.5231578947368422,9.940000000000003,43814858.825750284,1.0,0.0,0.009069045336135773,0.006023748260977844,0.015092793597113614,0.0,0.0,0.0,0.0,0.0,0.0,0.0,0.0,0.0,0.0,0.0,0.0,0.0,0.0,0.0,0.0,0.0,0.0,0.0,0.0,-0.014425101430065942,0.0,0.4720852973591536,0.0,0.0,False,0.0,0.0,0.0
349,16,1.2656936645507812,42,True,False,all_finished,0.0,1.6000000000000003,1.6000000000000003,1.1949999999999998,20,True,50.61265380104674,1.4676624272994903,351549010.03434193,-0.027538181902711695,0.0,0.0,0.0,0.00011927882119949021,0.15807375156455766,-0.045948209306101676,0.11224482107965557,0.134153230178978,0.08968510167350828,0.0,0.0,0.0,0.0006414208756419554,0.7755202472718717,0.0,0.0,0.0,0.0,0.0,0.0,0.0,0.0,0.0,0.0,0.0,0.0,0.0,0.0,0,0.0,0.0,0.0,0,0,0.0,0,20,20,239,0.11224481463432312,-0.012154239229857922,0.5748636573553085,-0.05736715719103813,0.5970930457115173,0.16273854672908783,0.0,0.0,0.0,0.0,0.0,0.0,0.0,0.0,0.0,0.0,0.0,0.09055575205510268,0.27628365932775206,0.0,0.0,1.6000000000000003,,,0.0,0.9,0.9,1.0,0.1,0.0,,0,0.253125,0.746875,0.746875,0.0,0.0,1.0,0.0,0.0,1.0,0.0,0.0,0.0,0.0,0.0,0.0002425909522571601,0.0,0.018045724695548417,0.5807852029800415,0.3087409257888794,0.6228336095809937,0.0,-0.0,0.746875,239,320,-0.3304995596408844,1.441489338874817,2.1251070976257322,1.8781512260437012,2.2648102760314943,1.0525558948516847,0.19220191165804862,0,1.0,1.0,0.4638157894736842,8.812499999999998,47851435.15228763,1.0,0.0,0.008156472728295226,0.005912106294653279,0.014068579022948502,0.0,0.0,0.0,0.0,0.0,0.0,0.0,0.0,0.0,0.0,0.0,0.0,0.0,0.0,0.0,0.0,0.0,0.0,0.0,0.0,-0.018410027403389945,0.0,0.49306861889199355,0.0,0.0,False,0.0,0.0,0.0
350,16,1.3481662273406982,42,True,False,all_finished,0.0,1.6000000000000003,1.601180894374848,1.2368421052631582,20,True,51.69583475953412,1.5116418218740173,363164888.9311082,-0.027136793353337386,0.0,-0.0003866990209613932,0.0,0.00012240721533478456,0.1435717557696451,-0.04014995451237865,0.10354420847260137,0.1474733213894189,0.06861777236002642,0.0,0.0021014932846588406,0.0,0.0007578190029870832,0.7810495939629087,0.0,0.0,0.0,0.0,0.0,0.5,0.5,0.25,0.25,0.5,0.5,1.0,1.0,0.1237436830997467,1,0.0,0.0,0.0,1,0,0.0,0,20,20,250,0.103544220328331,0.10810525342822075,0.393223874270916,-0.04994945228099823,0.5225198268890381,0.14246372878551483,0.0,0.0,0.0,0.0,0.0,0.0,0.0,0.0,0.0,0.0,0.0,0.06625763300561228,0.2458834302511925,0.0,0.0,1.601180894374848,,,0.0011808943748476963,0.95,0.95,0.996,0.05,0.0,,0,0.221875,0.778125,0.778125,0.0,0.0,0.9959839357429718,0.0,0.004016064257028112,0.9959839357429718,0.0,0.004016064257028112,0.2700673043727875,0.2700673043727875,0.0,-0.004101081908447668,0.004025379382073879,0.002004394121468067,0.5664111018180847,0.2855177164077759,0.6721018254756927,0.0,-0.0,0.778125,249,320,-0.19984200596809387,1.2423886060714722,1.9708542346954345,1.663819670677185,2.100352954864502,1.232381820678711,0.09031436294317245,0,1.0,1.0,0.5108552631578945,9.706249999999999,50318304.89499594,1.0,0.0,0.007695531002302985,0.005750244535714552,0.013445775538017537,0.0,0.0,0.0,0.0,0.0,0.0,0.0,0.0,0.0,0.0,0.0,0.0,0.0,0.0,0.0,0.0,0.0,0.0,0.0,0.0,-0.012626462138079875,0.0,0.4893909529506345,0.0,0.0,False,0.0,0.0,0.0
351,16,1.3355727195739746,42,True,False,all_finished,0.0,1.6000000000000003,1.600726104974747,1.2000000000000002,20,True,52.103112361441504,1.4501302412052826,344093156.77958924,-0.028202580330055748,0.0,0.0,0.0,0.0001223519915757447,0.14019387242350892,-0.043571337111509505,0.0967448873035753,0.1531589103043238,0.08346264823403818,0.0,0.0,0.0,0.0007628506088931126,0.762615590852745,0.0,0.0,0.0,0.0,0.0,0.0,0.0,0.0,0.0,0.0,0.0,0.0,0.0,0.0,0,0.0,0.0,0.0,0,0,0.0,0,20,20,244,0.09674488008022308,-0.02875275071710348,0.4708709195256233,-0.05660959705710411,0.5546576976776123,0.14628535509109497,0.0,0.0,0.0,0.0,0.0,0.0,0.0,0.0,0.0,0.0,0.0,0.07645918440264726,0.26035434595205914,0.0,0.0,1.600726104974747,,,0.0007261049747466775,0.95,0.95,0.9877049180327869,0.05,0.0,,0,0.246875,0.753125,0.753125,0.0,0.0,1.0,0.0,0.0,1.0,0.0,0.0,0.0,0.0,0.0,-6.735188580933026e-05,0.0,0.014333642087876797,0.5523314476013184,0.2908147931098938,0.8696515440940857,0.0,-0.0,0.753125,241,320,-0.2772294580936432,1.1490668058395386,1.9064663410186768,1.5973440647125243,1.9532189607620238,1.1548000574111938,0.3129746064543724,0,1.0,1.0,0.5381578947368422,10.225000000000003,39764698.7571958,1.0,0.0,0.007923599613069088,0.005591389050462054,0.013514988663531142,0.0,0.0,0.0,0.0,0.0,0.0,0.0,0.0,0.0,0.0,0.0,0.0,0.0,0.0,0.0,0.0,0.0,0.0,0.0,0.0,-0.015368756781453777,0.0,0.4789018544368446,0.0,0.0,False,0.0,0.0,0.0
352,16,1.3233585357666016,42,True,False,all_finished,0.0,1.6000000000000003,1.6002068054676062,1.2526315789473685,20,True,50.15661297046883,1.512850706854549,368804257.85025406,-0.027057411520268904,0.0,0.0,0.0,0.00012899481510702816,0.14249325921330686,-0.048306625127993545,0.09431562890042035,0.13892992197528306,0.10910694788175995,0.0,0.0,0.0,0.0007656814508004728,0.7511974486921565,0.0,0.0,0.0,0.0,0.0,0.0,0.0,0.0,0.0,0.0,0.0,0.0,0.0,0.0,0,0.0,0.0,0.0,0,0,0.0,0,20,20,254,0.09431562572717667,-0.017351902090013027,0.5091177374124527,-0.062301553785800934,0.5318736433982849,0.14638236165046692,0.0,0.0,0.0,0.0,0.0,0.0,0.0,0.0,0.0,0.0,0.0,0.0999652686395971,0.29727077219084286,0.0,0.0,1.6002068054676062,,,0.00020680546760587504,0.8,0.8,0.9960629921259843,0.2,0.0,,0,0.209375,0.790625,0.790625,0.0,0.0,1.0,0.0,0.0,1.0,0.0,0.0,0.0,0.0,0.0,-6.793487700633705e-05,0.0,0.014645716920495034,0.6669487476348877,0.34844433069229125,0.6668334126472473,0.0,-0.0,0.790625,253,320,-0.026218373328447342,1.5350992679595947,1.6798880100250244,1.8857271194458007,1.8095281839370727,1.0746068835258484,0.1184097308665514,0,1.0,1.0,0.4753289473684213,9.031250000000002,49566876.17294326,1.0,0.0,0.006021365933562083,0.005984014945653226,0.012005380879215311,0.0,0.0,0.0,0.0,0.0,0.0,0.0,0.0,0.0,0.0,0.0,0.0,0.0,0.0,0.0,0.0,0.0,0.0,0.0,0.0,-0.021249213607724665,0.0,0.5004721475299447,0.0,0.0,False,0.0,0.0,0.0
353,15,1.1948349475860596,42,True,False,all_finished,0.0,1.5000000000000002,1.5002163529396058,1.1421052631578947,20,True,48.55501859156053,1.5070106881285854,379721625.73761594,-0.02686553674986923,0.0,-0.0004124789556921527,0.0,0.0001289971369805865,0.21189958250697394,-0.047537971132982984,0.16449060851097155,0.10331646127693687,0.07791345916064246,0.0,0.0015862652010303533,0.0,0.0005635310670239641,0.8166202832943664,0.0,0.0,0.0,0.0,0.0,0.5,0.5,0.25,0.25,0.5,0.5,1.0,1.0,0.1237436830997467,1,0.0,0.0,0.0,1,0,0.0,0,20,20,232,0.16449061036109924,0.07775523513555527,0.8208096504211422,-0.06385788321495056,1.1150927543640137,0.2149505317211151,0.0,0.0,0.0,0.0,0.0,0.0,0.0,0.0,0.0,0.0,0.0,0.09484347112893059,0.3122621439612275,0.0,0.0,1.5002163529396058,,,0.00021635293960553525,0.9,0.9,0.9956896551724138,0.1,0.0,,0,0.23,0.77,0.77,0.0,0.0,0.9956709956709957,0.0,0.004329004329004329,0.9956709956709957,0.0,0.004329004329004329,0.20486268401145935,0.20486268401145935,0.0,0.007958164159208535,0.005081636644899845,-0.003542252257466316,0.6613358736038208,0.32745619416236876,0.8328978061676026,0.0,-0.0,0.77,231,300,0.31260398030281067,1.517004132270813,2.633039426803589,1.901655387878418,2.2593364238739015,1.273883867263794,0.07428722977638244,0,1.0,1.0,0.46280701754385956,8.793333333333331,45164630.342869714,1.0,0.0,0.00862525790235399,0.0062098387593986105,0.014835096661752601,0.0,0.0,0.0,0.0,0.0,0.0,0.0,0.0,0.0,0.0,0.0,0.0,0.0,0.0,0.0,0.0,0.0,0.0,0.0,0.0,-0.020259955427421646,0.0,0.4755634476430714,0.0,0.0,False,0.0,0.0,0.0
354,16,1.3024122714996338,42,True,False,all_finished,0.0,1.6000000000000003,1.6000000000000003,1.19,20,True,51.88502183955693,1.5085411726443858,359959229.29554254,-0.02768019734833365,0.0,-0.0003866990209613932,0.0,0.00011888621834081502,0.1707144878941839,-0.042446064728314865,0.12838730938420995,0.12961447226109707,0.06733146787047802,0.0,0.001810745382160768,0.0,0.0006296349382152437,0.8006136795480489,0.0,0.0,0.0,0.0,0.0,0.5,0.5,0.25,0.25,0.5,0.5,1.0,1.0,0.1237436830997467,1,0.0,0.0,0.0,1,0,0.0,0,20,20,238,0.12838730216026306,0.028274912387132645,0.5192008540034294,-0.05123651772737503,0.7410271167755127,0.16763657331466675,0.0,0.0,0.0,0.0,0.0,0.0,0.0,0.0,0.0,0.0,0.0,0.07224855845132512,0.2650031997782455,0.0,0.0,1.6000000000000003,,,0.0,0.95,0.95,1.0,0.05,0.0,,0,0.25625,0.74375,0.74375,0.0,0.0,0.9957983193277311,0.004201680672268907,0.0,0.9957983193277311,0.004201680672268907,0.0,0.615517795085907,0.615517795085907,0.0,0.00363919023075141,0.0041898109018802645,-0.0017596056684851646,0.7980244755744934,0.3975879728794098,0.7176538169384002,0.0,-0.0,0.74375,238,320,0.11103993654251099,1.6519356966018677,2.3749735832214354,1.8779895782470704,2.4069466590881348,1.0399648308753968,0.18231112286448478,0,1.0,1.0,0.5342105263157896,10.149999999999999,55107910.172947995,1.0,0.0,0.00747863906003116,0.00558741666403426,0.01306605572406542,0.0,0.0,0.0,0.0,0.0,0.0,0.0,0.0,0.0,0.0,0.0,0.0,0.0,0.0,0.0,0.0,0.0,0.0,0.0,0.0,-0.014379168359019812,0.0,0.48612543296767396,0.0,0.0,False,0.0,0.0,0.0
355,16,1.3796470165252686,42,True,False,all_finished,0.0,1.6000000000000003,1.6005872261524208,1.2263157894736845,20,True,50.75506017615738,1.4776598242008578,356709272.8415243,-0.027645107137271883,0.0,-0.0003866990209613932,0.0,0.00011852265127854357,0.14234556356474157,-0.040347168443816375,0.1021169177722037,0.14673502453278106,0.06536762466254832,0.0,0.0020525256077257503,0.0,0.0007227698062681216,0.7851220553906766,0.0,0.0,0.0,0.0,0.0,0.5,0.5,0.25,0.25,0.5,0.5,1.0,1.0,0.1237436830997467,1,0.0,0.0,0.0,1,0,0.0,0,20,20,249,0.10211692005395889,0.0038856901228427887,0.4688693806529045,-0.05531463772058487,0.7974318265914917,0.1447322964668274,0.0,0.0,0.0,0.0,0.0,0.0,0.0,0.0,0.0,0.0,0.0,0.06630906278363886,0.22152723748839886,0.0,0.0,1.6005872261524208,,,0.0005872261524204614,0.85,0.85,0.9919678714859438,0.15,0.0,,0,0.228125,0.771875,0.771875,0.0,0.0,0.9959514170040485,0.0,0.004048582995951417,0.9959514170040485,0.0,0.004048582995951417,0.2816721796989441,0.2816721796989441,0.0,-0.0032110526459291576,0.003083530440926552,0.007063197391107679,0.587519359588623,0.30115697383880613,0.994165301322937,0.0,-0.0,0.771875,247,320,-0.5217394828796387,1.3723088502883911,2.020727515220642,1.8561829328536987,2.243518924713135,1.0013227939605713,0.39205589443445205,0,1.0,1.0,0.5562499999999997,10.568749999999998,44270515.21915673,1.0,0.0,0.007931708153970426,0.005629213847610963,0.01356092200158139,0.0,0.0,0.0,0.0,0.0,0.0,0.0,0.0,0.0,0.0,0.0,0.0,0.0,0.0,0.0,0.0,0.0,0.0,0.0,0.0,-0.012315362285583109,0.0,0.47452778019360264,0.0,0.0,False,0.0,0.0,0.0
356,16,1.2482688426971436,42,True,False,all_finished,0.0,1.6000000000000003,1.6009405398368841,1.177777777777778,20,True,52.717793572270104,1.4925294242022165,346896917.8812585,-0.027485397507250008,0.0,0.0,0.0,0.00011663046904522279,0.1593051632332203,-0.043415162444490576,0.11600663125777504,0.13349289234274336,0.07736873353391858,0.0,0.0,0.0,0.0006429569724917493,0.7884954171508464,0.0,0.0,0.0,0.0,0.0,0.0,0.0,0.0,0.0,0.0,0.0,0.0,0.0,0.0,0,0.0,0.0,0.0,0,0,0.0,0,20,20,243,0.11600663512945175,-0.03910962678492069,0.44870490580797195,-0.05393150821328163,0.4771418869495392,0.17081132531166077,0.0,0.0,0.0,0.0,0.0,0.0,0.0,0.0,0.0,0.0,0.0,0.0805077507772175,0.2538407650349119,0.0,0.0,1.6009405398368841,,,0.0009405398368838025,0.8,0.8,0.9917695473251029,0.2,0.0,,0,0.246875,0.753125,0.753125,0.0,0.0,1.0,0.0,0.0,1.0,0.0,0.0,0.0,0.0,0.0,0.0004219461989123374,0.0,-0.00012074513360857964,0.9778344035148621,0.48913626074790956,0.8256007313728333,0.0,-0.0,0.753125,241,320,-0.22618786990642548,1.911117672920227,2.288100481033325,1.9761420726776122,2.425715970993042,1.1038418531417846,0.05755193307995796,0,1.0,1.0,0.4473684210526317,8.5,38262020.01849651,1.0,0.0,0.007345051939147288,0.00573683756015794,0.013081889499305227,0.0,0.0,0.0,0.0,0.0,0.0,0.0,0.0,0.0,0.0,0.0,0.0,0.0,0.0,0.0,0.0,0.0,0.0,0.0,0.0,-0.015929764937240513,0.0,0.48677377838175745,0.0,0.0,False,0.0,0.0,0.0
357,16,1.336899757385254,42,True,False,all_finished,0.0,1.6000000000000003,1.6029490721225745,1.1789473684210527,20,True,51.152475281019285,1.4863941778680823,353127323.7388378,-0.0276173004078794,0.0,-0.0007733980419227864,0.0,0.00012541643919446028,0.1677381812593173,-0.04776834814238798,0.12009524955612398,0.1272679407136537,0.0892974163232242,0.0,0.0035640259798674113,0.0,0.0006426435898698554,0.7792279733933848,0.0,0.0,0.0,0.0,0.0,0.5,0.5,0.25,0.25,0.5,0.5,1.0,1.0,0.1237436830997467,2,0.0,0.0,0.0,2,0,0.0,0,20,20,240,0.12009524554014206,-0.036169614642858505,0.6075416803359985,-0.061779994517564774,1.0409226417541504,0.1789531409740448,0.0,0.0,0.0,0.0,0.0,0.0,0.0,0.0,0.0,0.0,0.0,0.0913941492538665,0.28376415401882926,0.0,0.0,1.6029490721225745,,,0.0029490721225742256,0.95,0.95,0.9875,0.05,0.0,,0,0.259375,0.740625,0.740625,0.0,0.0,0.9915611814345991,0.004219409282700422,0.004219409282700422,0.9915611814345991,0.004219409282700422,0.004219409282700422,0.20247023552656174,0.2650309167802334,0.0,0.0064383252058178185,0.007309397496283054,-0.010496567812515423,0.8014214754104614,0.39055201411247253,0.7220896422863007,0.0,-0.0,0.740625,237,320,-0.21851946413516998,1.5906200408935547,2.3842657089233397,1.8057490825653075,2.4244905948638915,0.9073990941047668,0.2015732292085886,0,1.0,1.0,0.5674342105263158,10.781249999999996,46063066.10464478,1.0,0.0,0.008805316484797309,0.0061316322127922245,0.01493694869758953,0.0,0.0,0.0,0.0,0.0,0.0,0.0,0.0,0.0,0.0,0.0,0.0,0.0,0.0,0.0,0.0,0.0,0.0,0.0,0.0,-0.019377649692585777,0.0,0.4703182330704294,0.0,0.0,False,0.0,0.0,0.0
358,16,1.3026723861694336,42,True,False,all_finished,0.0,1.6000000000000003,1.6004857134819037,1.2684210526315791,20,True,49.23663482959172,1.5423866396740527,382949249.6076106,-0.026557126946278792,0.0,0.0,0.0,0.00013073571992551085,0.13917912243781608,-0.04003117261313234,0.09927868554460924,0.14761487623177255,0.07489400444096346,0.0,0.0,0.0,0.0008484290811827703,0.7766426902460812,0.0,0.0,0.0,0.0,0.0,0.0,0.0,0.0,0.0,0.0,0.0,0.0,0.0,0.0,0,0.0,0.0,0.0,0,0,0.0,0,20,20,257,0.09927868843078613,0.026352547109127045,0.36056848615407944,-0.04955755174160004,0.47042879462242126,0.14233838021755219,0.0,0.0,0.0,0.0,0.0,0.0,0.0,0.0,0.0,0.0,0.0,0.07159493525665253,0.24965232979821642,0.0,0.0,1.6004857134819037,,,0.0004857134819034048,0.95,0.95,0.9883268482490273,0.05,0.0,,0,0.20625,0.79375,0.79375,0.0,0.0,1.0,0.0,0.0,1.0,0.0,0.0,0.0,0.0,0.0,0.00014678800507681445,0.0,-0.00930502563714981,0.7284572958946228,0.35526522397995,0.41187514960765836,0.0,-0.0,0.79375,254,320,-0.18358869850635529,1.243377447128296,1.950967049598694,1.461264729499817,2.041762113571167,0.7090478301048279,0.08294087797403335,0,1.0,1.0,0.46611842105263174,8.856250000000001,49682931.003240526,1.0,0.0,0.0072625290963917455,0.005943364643230706,0.013205893739622452,0.0,0.0,0.0,0.0,0.0,0.0,0.0,0.0,0.0,0.0,0.0,0.0,0.0,0.0,0.0,0.0,0.0,0.0,0.0,0.0,-0.013474045666853524,0.0,0.4925640207133256,0.0,0.0,False,0.0,0.0,0.0
359,16,1.319854736328125,42,True,False,all_finished,0.0,1.6000000000000003,1.6014668190479284,1.1611111111111112,20,True,54.0940829050312,1.459907378494788,331047012.279623,-0.027999049389006936,0.0,-0.0003866990209613932,0.0,0.00011459414284069463,0.16161057967195677,-0.04197426166096147,0.11975091215383585,0.1360881376978225,0.06604636595754877,0.0,0.0018795334399056085,0.0,0.0006130926109373086,0.7953728702937858,0.0,0.0,0.0,0.0,0.0,0.5,0.5,0.25,0.25,0.5,0.5,1.0,1.0,0.1237436830997467,1,0.0,0.0,0.0,1,0,0.0,0,20,20,238,0.11975091695785522,-0.03280036896467209,0.7013064026832581,-0.05344530567526817,0.7183732986450195,0.16949453949928284,0.0,0.0,0.0,0.0,0.0,0.0,0.0,0.0,0.0,0.0,0.0,0.06911378859306609,0.2765740355506495,0.0,0.0,1.6014668190479284,,,0.001466819047928114,0.85,0.85,0.9915966386554622,0.15,0.0,,0,0.2625,0.7375,0.7375,0.0,0.0,0.9957627118644068,0.00423728813559322,0.0,0.9957627118644068,0.00423728813559322,0.0,0.3269549012184143,0.3269549012184143,0.0,-0.0008105373432044871,0.0021221503615379334,0.007527302205562592,0.5714657306671143,0.29360557198524473,0.46590463519096376,0.0,-0.0,0.7375,236,320,-0.2634013295173645,1.3523036241531372,2.315425157546997,1.7845502853393556,2.438267135620117,0.8939883828163147,0.1213580884039402,0,1.0,1.0,0.5499999999999999,10.450000000000003,46059269.58609094,1.0,0.0,0.007704098656698617,0.0054648385587029655,0.013168937215401582,0.0,0.0,0.0,0.0,0.0,0.0,0.0,0.0,0.0,0.0,0.0,0.0,0.0,0.0,0.0,0.0,0.0,0.0,0.0,0.0,-0.013588513250993098,0.0,0.47356992625864225,0.0,0.0,False,0.0,0.0,0.0
360,16,1.2870771884918213,42,True,False,all_finished,0.0,1.6000000000000003,1.6000000000000003,1.1549999999999998,20,True,51.21231015794282,1.5143838607437095,364698737.2413938,-0.027188100888176532,0.0,0.0,0.0,0.00011547251086110939,0.2002508194548449,-0.03947571992772915,0.16089057203797702,0.11318175617091053,0.051152315043103413,0.0,0.0,0.0,0.0005519932641315203,0.8351139355218546,0.0,0.0,0.0,0.0,0.0,0.0,0.0,0.0,0.0,0.0,0.0,0.0,0.0,0.0,0,0.0,0.0,0.0,0,0,0.0,0,20,20,231,0.1608905792236328,0.04239836800843477,0.694852352142334,-0.050571657717227936,0.9032523036003113,0.20052532851696014,0.0,0.0,0.0,0.0,0.0,0.0,0.0,0.0,0.0,0.0,0.0,0.06591738038101938,0.22030461274519555,0.0,0.0,1.6000000000000003,,,0.0,0.95,0.95,1.0,0.05,0.0,,0,0.278125,0.721875,0.721875,0.0,0.0,1.0,0.0,0.0,1.0,0.0,0.0,0.0,0.0,0.0,-0.0005299596814438701,0.0,0.0013288239017128945,0.8976093530654907,0.45048468112945556,1.3507421016693115,0.0,-0.0,0.721875,231,320,0.5084673762321472,1.3964546918869019,2.786134719848633,1.5622092247009278,2.3511945724487306,1.0815699100494385,0.1488277416676283,0,1.0,1.0,0.5499999999999999,10.450000000000003,50203821.52087042,1.0,0.0,0.009294180841938102,0.005938928326051815,0.015233109167989917,0.0,0.0,0.0,0.0,0.0,0.0,0.0,0.0,0.0,0.0,0.0,0.0,0.0,0.0,0.0,0.0,0.0,0.0,0.0,0.0,-0.012287619039552649,0.0,0.4688048848533072,0.0,0.0,False,0.0,0.0,0.0
361,16,1.3414051532745361,42,True,False,all_finished,0.0,1.6000000000000003,1.6000000000000003,1.1949999999999998,20,True,51.86575561188615,1.4638961941402397,346133649.1977121,-0.02786240500817132,0.0,0.0,0.0,0.0001208895299191791,0.15327204954798404,-0.037628411450138864,0.11576452762776439,0.14571200444946344,0.05107327862430146,0.0,0.0,0.0,0.0006871819183677571,0.8025275350078673,0.0,0.0,0.0,0.0,0.0,0.0,0.0,0.0,0.0,0.0,0.0,0.0,0.0,0.0,0,0.0,0.0,0.0,0,0,0.0,0,20,20,239,0.11576452851295471,0.030985699966549873,0.5642729252576828,-0.04563705623149872,0.6758579611778259,0.15107345581054688,0.0,0.0,0.0,0.0,0.0,0.0,0.0,0.0,0.0,0.0,0.0,0.05831226484789047,0.18037238751415782,0.0,0.0,1.6000000000000003,,,0.0,0.9,0.9,1.0,0.1,0.0,,0,0.253125,0.746875,0.746875,0.0,0.0,1.0,0.0,0.0,1.0,0.0,0.0,0.0,0.0,0.0,-7.204131688922643e-05,0.0,-0.004270621389150619,0.528446888923645,0.2603086352348328,1.0848134994506835,0.0,-0.0,0.746875,239,320,-0.4271503984928131,1.0678291320800781,2.3040369033813475,1.5124747991561889,2.5263349056243896,0.9871333360671997,0.22211112231016159,0,1.0,1.0,0.5930921052631578,11.268750000000002,48883556.27460507,1.0,0.0,0.00923639551347125,0.005425814734083308,0.014662210247554555,0.0,0.0,0.0,0.0,0.0,0.0,0.0,0.0,0.0,0.0,0.0,0.0,0.0,0.0,0.0,0.0,0.0,0.0,0.0,0.0,-0.009766006441967562,0.0,0.4559667067427654,0.0,0.0,False,0.0,0.0,0.0
362,16,1.3200645446777344,42,True,False,all_finished,0.0,1.6000000000000003,1.6000000000000003,1.2,20,True,52.89624571713405,1.480744162190112,345303132.7325023,-0.027582168399241734,0.0,0.0,0.0,0.00011901268118143075,0.15609062940731833,-0.04486383071160012,0.11134581137689974,0.13714846621674262,0.08593064350520034,0.0,0.0,0.0,0.000665323642484007,0.7762555666355729,0.0,0.0,0.0,0.0,0.0,0.0,0.0,0.0,0.0,0.0,0.0,0.0,0.0,0.0,0,0.0,0.0,0.0,0,0,0.0,0,20,20,240,0.1113458126783371,-0.012275105342268944,0.6522339582443237,-0.05618499591946602,0.6991207599639893,0.15963217616081238,0.0,0.0,0.0,0.0,0.0,0.0,0.0,0.0,0.0,0.0,0.0,0.08735364161361026,0.22963820478611352,0.0,0.0,1.6000000000000003,,,0.0,0.95,0.95,1.0,0.05,0.0,,0,0.25,0.75,0.75,0.0,0.0,1.0,0.0,0.0,1.0,0.0,0.0,0.0,0.0,0.0,0.0002676936215721071,0.0,0.0310362521559,0.49906474351882935,0.28092002868652344,0.7995326042175293,0.0,-0.0,0.75,240,320,-0.35333138704299927,1.1305142641067505,2.191029930114746,1.5916338443756104,2.3786311626434324,0.9900169372558594,0.22754107490181924,0,1.0,1.0,0.5763157894736842,10.950000000000001,48216585.24491407,1.0,0.0,0.005881085467633794,0.0055194481501966,0.011400533617830392,0.0,0.0,0.0,0.0,0.0,0.0,0.0,0.0,0.0,0.0,0.0,0.0,0.0,0.0,0.0,0.0,0.0,0.0,0.0,0.0,-0.017281662312358427,0.0,0.47960790323559194,0.0,0.0,False,0.0,0.0,0.0
363,16,1.2813587188720703,42,True,False,all_finished,0.0,1.6000000000000003,1.6000000000000003,1.2149999999999999,20,True,50.20000226886842,1.5501169714518368,373943393.86475414,-0.026299815201232285,0.0,0.0,0.0,0.00011866691538471026,0.17670493195374984,-0.04091656138818539,0.13590703748094918,0.12061029025928922,0.06703202995023975,0.0,0.0,0.0,0.0006088599201409445,0.81174881987033,0.0,0.0,0.0,0.0,0.0,0.0,0.0,0.0,0.0,0.0,0.0,0.0,0.0,0.0,0,0.0,0.0,0.0,0,0,0.0,0,20,20,243,0.13590703904628754,0.03721015155315399,0.6576561778783798,-0.050683289766311646,0.7497567534446716,0.17914389073848724,0.0,0.0,0.0,0.0,0.0,0.0,0.0,0.0,0.0,0.0,0.0,0.07719838990017702,0.23253862520752114,0.0,0.0,1.6000000000000003,,,0.0,0.95,0.95,1.0,0.05,0.0,,0,0.240625,0.759375,0.759375,0.0,0.0,1.0,0.0,0.0,1.0,0.0,0.0,0.0,0.0,0.0,0.0008956273290095851,0.0,-0.008431422896683216,1.0452378988265991,0.5145407080650329,1.7634453773498535,0.0,-0.0,0.759375,243,320,0.4761977195739746,1.3028311729431152,2.4224514961242676,1.3606104850769043,1.9465126514434814,0.7865988373756408,0.1059581071138382,0,1.0,1.0,0.5052631578947367,9.599999999999998,50729105.131050915,1.0,0.0,0.008508421766815997,0.005829904155104917,0.014338325921920914,0.0,0.0,0.0,0.0,0.0,0.0,0.0,0.0,0.0,0.0,0.0,0.0,0.0,0.0,0.0,0.0,0.0,0.0,0.0,0.0,-0.014616746186953106,0.0,0.49445504755713043,0.0,0.0,False,0.0,0.0,0.0
364,16,1.364671230316162,42,True,False,all_finished,0.0,1.6000000000000003,1.6027719891071324,1.247058823529412,20,True,52.901959976284125,1.5223151507009394,353488360.8867617,-0.02683593282851417,0.0,0.0,0.0,0.0001205188897649562,0.14431301878296923,-0.0443432685917483,0.10009026908098592,0.14120413429972994,0.09211933142549326,0.0,0.0,0.0,0.0007055130856695366,0.7659710211891073,0.0,0.0,0.0,0.0,0.0,0.0,0.0,0.0,0.0,0.0,0.0,0.0,0.0,0.0,0,0.0,0.0,0.0,0,0,0.0,0,20,20,255,0.10009026527404785,0.06694788113236427,0.3725288510322571,-0.05575929209589958,0.8334081768989563,0.14376747608184814,0.0,0.0,0.0,0.0,0.0,0.0,0.0,0.0,0.0,0.0,0.0,0.08259304733399259,0.29775070522967945,0.0,0.0,1.6027719891071324,,,0.0027719891071320557,0.85,0.85,0.984313725490196,0.15,0.0,,0,0.215625,0.784375,0.784375,0.0,0.0,1.0,0.0,0.0,1.0,0.0,0.0,0.0,0.0,0.0,8.976161334430798e-05,0.0,-0.020135857723653318,0.7052577376365662,0.3328526496887207,0.8301270067691803,0.0,-0.0,0.784375,251,320,-0.4044131934642792,1.473552942276001,2.05459303855896,1.816964077949524,2.362045669555664,0.7949222207069397,0.07896585389971733,0,1.0,1.0,0.5460526315789473,10.375000000000004,48549213.66478074,1.0,0.0,0.006265536957814778,0.005991041307466199,0.012256578265280978,0.0,0.0,0.0,0.0,0.0,0.0,0.0,0.0,0.0,0.0,0.0,0.0,0.0,0.0,0.0,0.0,0.0,0.0,0.0,0.0,-0.017507335763234093,0.0,0.47573685988318176,0.0,0.0,False,0.0,0.0,0.0
365,16,1.2867858409881592,42,True,False,all_finished,0.0,1.6000000000000003,1.6000000000000003,1.1950000000000003,20,True,52.44299969143786,1.5667738960095343,368781962.2452869,-0.0261559480572998,0.0,0.0,0.0,0.0001189825150915447,0.2104928653261874,-0.03625697144118599,0.17435487640009273,0.10535659681947959,0.04068709135638566,0.0,0.0,0.0,0.0005337459377776875,0.853422565886357,0.0,0.0,0.0,0.0,0.0,0.0,0.0,0.0,0.0,0.0,0.0,0.0,0.0,0.0,0,0.0,0.0,0.0,0,0,0.0,0,20,20,239,0.17435488104820251,-0.03238628339022398,0.9629022479057312,-0.04689110442996025,0.9784091711044312,0.21710845828056335,0.0,0.0,0.0,0.0,0.0,0.0,0.0,0.0,0.0,0.0,0.0,0.05730072606118395,0.21100221097756253,0.0,0.0,1.6000000000000003,,,0.0,0.9,0.9,1.0,0.1,0.0,,0,0.253125,0.746875,0.746875,0.0,0.0,1.0,0.0,0.0,1.0,0.0,0.0,0.0,0.0,0.0,0.0003856946095766034,0.0,-0.0049417421221733095,0.765194571018219,0.37801395654678344,0.8967352986335755,0.0,-0.0,0.746875,239,320,0.4399625360965729,1.8316621780395508,2.7760962009429933,2.1672833442687987,2.356045436859131,0.8316910624504089,0.06377315409481525,0,1.0,1.0,0.5233552631578947,9.943750000000001,52121921.17388722,1.0,0.0,0.007993545301609138,0.005618096420051773,0.01361164172166091,0.0,0.0,0.0,0.0,0.0,0.0,0.0,0.0,0.0,0.0,0.0,0.0,0.0,0.0,0.0,0.0,0.0,0.0,0.0,0.0,-0.01010102338388621,0.0,0.4514089827775024,0.0,0.0,False,0.0,0.0,0.0
366,16,1.3812026977539062,42,True,False,all_finished,0.0,1.6000000000000003,1.6000000000000003,1.3400000000000003,20,True,50.68957598826776,1.5542860464610322,382711552.7653161,-0.02640769051480138,0.0,0.0,0.0,0.00012422519908004658,0.10703544696529096,-0.04324662547154366,0.06391304669282734,0.17481367827185365,0.11147041261782013,0.0,0.0,0.0,0.0008897785625330386,0.7128261305477931,0.0,0.0,0.0,0.0,0.0,0.0,0.0,0.0,0.0,0.0,0.0,0.0,0.0,0.0,0,0.0,0.0,0.0,0,0,0.0,0,20,20,268,0.06391304731369019,-0.041296135634183884,0.3279612734913826,-0.055315032601356506,0.4187076687812805,0.1159590408205986,0.0,0.0,0.0,0.0,0.0,0.0,0.0,0.0,0.0,0.0,0.0,0.08248837758003387,0.27345334264969007,0.0,0.0,1.6000000000000003,,,0.0,0.9,0.9,1.0,0.1,0.0,,0,0.1625,0.8375,0.8375,0.0,0.0,1.0,0.0,0.0,1.0,0.0,0.0,0.0,0.0,0.0,-0.0002877394552342594,0.0,-0.013626445457339287,1.2660016298294068,0.6197292089462281,4.1229087829589846,0.0,-0.0,0.8375,268,320,-0.8806167840957642,1.3109683990478516,1.649212622642517,1.3987096548080444,2.4361459255218505,0.8284735083580017,0.13176998347043992,0,1.0,1.0,0.5253289473684211,9.981250000000001,42001327.809005775,1.0,0.0,0.007370602109724125,0.005692368937685037,0.013062971047409163,0.0,0.0,0.0,0.0,0.0,0.0,0.0,0.0,0.0,0.0,0.0,0.0,0.0,0.0,0.0,0.0,0.0,0.0,0.0,0.0,-0.016838934956742223,0.0,0.4809431354049593,0.0,0.0,False,0.0,0.0,0.0
367,16,1.3080871105194092,42,True,False,all_finished,0.0,1.6000000000000003,1.6013545823097235,1.2842105263157897,20,True,51.560343006490804,1.4865534154749729,352990087.6778873,-0.027380248644533627,0.0,0.0,0.0,0.00012333311207230572,0.10956866831484839,-0.0464369065925378,0.06325509483438298,0.1716863570896603,0.11949373520571549,0.0,0.0,0.0,0.0009173147816109094,0.7079025929230132,0.0,0.0,0.0,0.0,0.0,0.0,0.0,0.0,0.0,0.0,0.0,0.0,0.0,0.0,0,0.0,0.0,0.0,0,0,0.0,0,20,20,259,0.06325510144233704,-0.01201988197863102,0.369066022336483,-0.05887238308787346,0.4685714840888977,0.11473493278026581,0.0,0.0,0.0,0.0,0.0,0.0,0.0,0.0,0.0,0.0,0.0,0.08769219499442285,0.32952187553034695,0.0,0.0,1.6013545823097235,,,0.0013545823097231846,0.85,0.85,0.9884169884169884,0.15,0.0,,0,0.2,0.8,0.8,0.0,0.0,1.0,0.0,0.0,1.0,0.0,0.0,0.5555651783943176,0.5555651783943176,0.0,0.0002539159148000181,0.0,-0.013507501035928727,0.9712940812110901,0.4724911868572235,1.456001889705658,0.0,-0.0,0.8,256,320,-0.8742640018463135,1.3416028022766113,1.7201841115951537,1.5674842596054077,2.2291330814361574,0.9101966023445129,0.5117681846022606,0,1.0,1.0,0.4526315789473685,8.599999999999998,48465359.77002019,1.0,0.0,0.006416317429475094,0.005777541618525039,0.012193859048000135,0.0,0.0,0.0,0.0,0.0,0.0,0.0,0.0,0.0,0.0,0.0,0.0,0.0,0.0,0.0,0.0,0.0,0.0,0.0,0.0,-0.019056657948004138,0.0,0.4679073477134807,0.0,0.0,False,0.0,0.0,0.0
368,16,1.4252846240997314,42,True,False,all_finished,0.0,1.6000000000000003,1.6007088744640356,1.3111111111111111,20,True,50.973787924424705,1.4916189985448514,355120758.35208124,-0.02702336450112471,0.0,-0.0003866990209613932,0.0,0.0001234612823821974,0.08707784431208493,-0.045007935469095525,0.04219337012537164,0.20100758695697946,0.1308980521466552,0.0,0.002876378960097325,0.0,0.0010393113453718696,0.6641786705908961,0.0,0.0,0.0,0.0,0.0,0.5,0.5,0.25,0.25,0.5,0.5,1.0,1.0,0.1237436830997467,1,0.0,0.0,0.0,1,0,0.0,0,20,20,267,0.04219336807727814,-0.042431674897670746,0.3744988515973091,-0.05803285539150238,0.47903332114219666,0.10831572860479355,0.0,0.0,0.0,0.0,0.0,0.0,0.0,0.0,0.0,0.0,0.0,0.08861005910682354,0.26576849635292255,0.0,0.0,1.6007088744640356,,,0.0007088744640353362,0.8,0.8,0.9925093632958801,0.2,0.0,,0,0.171875,0.828125,0.828125,0.0,0.0,0.9962264150943396,0.0037735849056603774,0.0,0.9962264150943396,0.0037735849056603774,0.0,0.18034577369689941,0.18034577369689941,0.0,-0.0005150176919414661,0.0009478673338890076,-0.012985116988420486,0.8675890445709229,0.42115379571914674,1.5077978193759918,0.0,-0.0,0.828125,265,320,-0.7476673126220703,1.154860019683838,1.2895652294158935,1.4024313926696776,1.8335887908935546,0.7573647260665893,0.2628473028540611,0,1.0,1.0,0.557894736842105,10.599999999999998,45103134.351158604,1.0,0.0,0.006377606216948606,0.005516010221316114,0.011893616438264719,0.0,0.0,0.0,0.0,0.0,0.0,0.0,0.0,0.0,0.0,0.0,0.0,0.0,0.0,0.0,0.0,0.0,0.0,0.0,0.0,-0.017597871947009458,0.0,0.47691405748482796,0.0,0.0,False,0.0,0.0,0.0
369,16,1.3662521839141846,42,True,False,all_finished,0.0,1.6000000000000003,1.6000000000000003,1.2650000000000001,20,True,50.421988621404026,1.4694782396320536,355172801.2214495,-0.027884860153746527,0.0,0.0,0.0,0.00011068880441756279,0.1130401111804648,-0.04356154062558214,0.06958925935930019,0.17609708733860477,0.09900059584330874,0.0,0.0,0.0,0.0007887087125872285,0.7241136081054993,0.0,0.0,0.0,0.0,0.0,0.0,0.0,0.0,0.0,0.0,0.0,0.0,0.0,0.0,0,0.0,0.0,0.0,0,0,0.0,0,20,20,253,0.06958926469087601,-0.037666598334908485,0.46305496245622635,-0.055407386273145676,0.670952558517456,0.12276370823383331,0.0,0.0,0.0,0.0,0.0,0.0,0.0,0.0,0.0,0.0,0.0,0.08121467684318551,0.23491025352905523,0.0,0.0,1.6000000000000003,,,0.0,0.9,0.9,1.0,0.1,0.0,,0,0.209375,0.790625,0.790625,0.0,0.0,1.0,0.0,0.0,1.0,0.0,0.0,0.0,0.0,0.0,-0.0004235602304106578,0.0,-0.002226298302412033,0.5569358229637146,0.2765828430652618,0.5020309686660767,0.0,-0.0,0.790625,253,320,-0.34622541069984436,1.1274064779281616,1.5079901456832885,1.5202200651168822,1.6552899599075317,1.0920765399932861,0.2701737619936466,0,1.0,1.0,0.5490131578947367,10.43125,44089953.364866555,1.0,0.0,0.008737554088328565,0.005372772943933279,0.014110327032261843,0.0,0.0,0.0,0.0,0.0,0.0,0.0,0.0,0.0,0.0,0.0,0.0,0.0,0.0,0.0,0.0,0.0,0.0,0.0,0.0,-0.01567668047183566,0.0,0.4891400512598921,0.0,0.0,False,0.0,0.0,0.0
370,16,1.3045053482055664,42,True,False,all_finished,0.0,1.6000000000000003,1.6002445888519294,1.2263157894736845,20,True,49.59067630233729,1.5108005866865704,377332919.95562875,-0.02703955521846773,0.0,0.0,0.0,0.00012911778984853227,0.15735531876216544,-0.04097733833758775,0.11650709821442626,0.13595539747523305,0.07007943838474642,0.0,0.0,0.0,0.0007039340564757196,0.7932612300835448,0.0,0.0,0.0,0.0,0.0,0.0,0.0,0.0,0.0,0.0,0.0,0.0,0.0,0.0,0,0.0,0.0,0.0,0,0,0.0,0,20,20,247,0.11650709807872772,-0.03768676146864891,0.7130226045846939,-0.05204831436276436,0.8023427128791809,0.16683782637119293,0.0,0.0,0.0,0.0,0.0,0.0,0.0,0.0,0.0,0.0,0.0,0.07232648132771664,0.2447657019350607,0.0,0.0,1.6002445888519294,,,0.0002445888519291284,0.9,0.9,0.9959514170040485,0.1,0.0,,0,0.23125,0.76875,0.76875,0.0,0.0,1.0,0.0,0.0,1.0,0.0,0.0,0.0,0.0,0.0,0.00038172631175257263,0.0,-0.003198947198688984,0.5384754061698913,0.2663810163736343,0.7692986845970153,0.0,-0.0,0.76875,246,320,0.385949969291687,1.3116106986999512,1.9322018146514892,1.8245898962020874,1.6543079376220704,1.0606351613998413,0.13758786395192146,0,1.0,1.0,0.4957236842105264,9.418750000000003,45218896.55057895,1.0,0.0,0.00893069700564933,0.005556027863024674,0.014486724868674004,0.0,0.0,0.0,0.0,0.0,0.0,0.0,0.0,0.0,0.0,0.0,0.0,0.0,0.0,0.0,0.0,0.0,0.0,0.0,0.0,-0.013937783119120034,0.0,0.4765037109493278,0.0,0.0,False,0.0,0.0,0.0
371,16,1.37119722366333,42,True,False,all_finished,0.0,1.6000000000000003,1.6003864419460303,1.242105263157895,20,True,51.53995424588487,1.48084151456862,349355594.48365533,-0.027556455203265422,0.0,0.0,0.0,0.0001194384220911868,0.1383808516711049,-0.047783543354854685,0.09071674673834143,0.1455493136582395,0.10683662960465456,0.0,0.0,0.0,0.0007270558744777256,0.7468870008626283,0.0,0.0,0.0,0.0,0.0,0.0,0.0,0.0,0.0,0.0,0.0,0.0,0.0,0.0,0,0.0,0.0,0.0,0,0,0.0,0,20,20,251,0.09071674942970276,-0.039187442511320114,0.5281907618045807,-0.06837107241153717,0.9098562598228455,0.14834842085838318,0.0,0.0,0.0,0.0,0.0,0.0,0.0,0.0,0.0,0.0,0.0,0.09700038334633351,0.283393836190441,0.0,0.0,1.6003864419460303,,,0.0003864419460299917,0.75,0.75,0.9920318725099602,0.25,0.0,,0,0.221875,0.778125,0.778125,0.0,0.0,1.0,0.0,0.0,1.0,0.0,0.0,0.0,0.0,0.0,0.001094508811365813,0.0,-0.022062800102867187,0.5432255387306213,0.24989193677902222,0.7413730502128602,0.0,-0.0,0.778125,249,320,-0.5478765368461609,1.4968371391296387,1.8500844955444335,2.0914846420288087,2.143387198448181,1.3098765373229981,0.1984586551785469,0,1.0,1.0,0.5694078947368421,10.818750000000001,52230371.80759482,1.0,0.0,0.005132815188158307,0.005343692298205774,0.01047650748636408,0.0,0.0,0.0,0.0,0.0,0.0,0.0,0.0,0.0,0.0,0.0,0.0,0.0,0.0,0.0,0.0,0.0,0.0,0.0,0.0,-0.020227088151589252,0.0,0.47601310996687973,0.0,0.0,False,0.0,0.0,0.0
372,15,1.2564737796783447,42,True,False,all_finished,0.0,1.5000000000000002,1.5010360062122345,1.1894736842105262,20,True,50.902280812918185,1.516627709188659,364387584.21378285,-0.02684770986484934,0.0,0.0,0.0,0.00012850894001807737,0.1824748735684417,-0.043591744066276486,0.13901163844218323,0.11852907713175043,0.07392268954589898,0.0,0.0,0.0,0.0006401470345819586,0.8069080862877687,0.0,0.0,0.0,0.0,0.0,0.0,0.0,0.0,0.0,0.0,0.0,0.0,0.0,0.0,0,0.0,0.0,0.0,0,0,0.0,0,20,20,241,0.13901163637638092,-0.043076902627944946,0.7188238501548766,-0.05536487698554993,0.7566530704498291,0.19360575079917908,0.0,0.0,0.0,0.0,0.0,0.0,0.0,0.0,0.0,0.0,0.0,0.08257897807570373,0.2851013621361156,0.0,0.0,1.5010360062122345,,,0.0010360062122343194,0.95,0.95,0.995850622406639,0.05,0.0,,0,0.2,0.8,0.8,0.0,0.0,1.0,0.0,0.0,1.0,0.0,0.0,0.0,0.0,0.0,0.001043096549983602,0.0,0.0007508056238293648,0.8708040118217468,0.4364936113357544,0.9386107921600342,0.0,-0.0,0.8,240,300,0.2965030074119568,1.4458651542663574,2.2454084396362304,1.5605207681655884,1.9060961961746217,1.281018042564392,0.17293795347213745,0,1.0,1.0,0.5421052631578948,10.3,45498010.2797418,1.0,0.0,0.008347321871411642,0.0061078835874871455,0.014455205458898786,0.0,0.0,0.0,0.0,0.0,0.0,0.0,0.0,0.0,0.0,0.0,0.0,0.0,0.0,0.0,0.0,0.0,0.0,0.0,0.0,-0.01674403420142716,0.0,0.47656700199469926,0.0,0.0,False,0.0,0.0,0.0
373,15,1.1918704509735107,42,True,False,all_finished,0.0,1.5000000000000002,1.5000000000000002,1.1299999999999997,20,True,50.63311377165091,1.4450922468744027,347289257.75232565,-0.027981014144969018,0.0,0.0,0.0,0.00012333228091571862,0.19781911520509265,-0.04541489982173953,0.15252754766426901,0.11444304321277388,0.07130502566976983,0.0,0.0,0.0,0.0005751865961301303,0.8136767445213261,0.0,0.0,0.0,0.0,0.0,0.0,0.0,0.0,0.0,0.0,0.0,0.0,0.0,0.0,0,0.0,0.0,0.0,0,0,0.0,0,20,20,226,0.15252754092216492,0.06393349170684814,0.6006836652755735,-0.057516999542713165,0.7429512739181519,0.201264426112175,0.0,0.0,0.0,0.0,0.0,0.0,0.0,0.0,0.0,0.0,0.0,0.085684337650904,0.2602606814145725,0.0,0.0,1.5000000000000002,,,0.0,0.95,0.95,1.0,0.05,0.0,,0,0.24666666666666667,0.7533333333333333,0.7533333333333333,0.0,0.0,1.0,0.0,0.0,1.0,0.0,0.0,0.0,0.0,0.0,-0.0003355013715918176,0.0,0.016577125154435636,0.4746441304683685,0.25424569845199585,0.6865576982498169,0.0,-0.0,0.7533333333333333,226,300,0.2348310947418213,1.2566871643066406,2.46702561378479,1.8677154541015626,2.4313661098480224,1.0973259925842285,0.22127506025135518,0,1.0,1.0,0.5245614035087719,9.966666666666669,42182242.63118713,1.0,0.0,0.008668074741505626,0.005821670264175494,0.01448974500568112,0.0,0.0,0.0,0.0,0.0,0.0,0.0,0.0,0.0,0.0,0.0,0.0,0.0,0.0,0.0,0.0,0.0,0.0,0.0,0.0,-0.017433885676770525,0.0,0.5088384346663952,0.0,0.0,False,0.0,0.0,0.0
374,16,1.2229950428009033,42,True,False,all_finished,0.0,1.6000000000000003,1.6003058266639716,1.0684210526315787,20,True,54.24310396544803,1.3708072351167613,310418338.037615,-0.029767594085370386,0.0,-0.0003866990209613932,0.0,0.00011619240244915155,0.17402034406671055,-0.041947841420872004,0.13218869504828762,0.13725892530499317,0.05438026877630246,0.0,0.0017830763172002398,0.0,0.0006340825995524046,0.8059436470019516,0.0,0.0,0.0,0.0,0.0,0.5,0.5,0.25,0.25,0.5,0.5,1.0,1.0,0.1237436830997467,1,0.0,0.0,0.0,1,0,0.0,0,20,20,219,0.13218869268894196,-0.03469356894493103,0.6860586851835251,-0.055333662778139114,0.9545542001724243,0.18592914938926697,0.0,0.0,0.0,0.0,0.0,0.0,0.0,0.0,0.0,0.0,0.0,0.06313820244915677,0.21111848458274893,0.0,0.0,1.6003058266639716,,,0.0003058266639712759,0.95,0.95,0.9954337899543378,0.05,0.0,,0,0.31875,0.68125,0.68125,0.0,0.0,0.9954128440366973,0.0,0.0045871559633027525,0.9954128440366973,0.0,0.0045871559633027525,0.2463211566209793,0.2463211566209793,0.0,0.005249027721583843,0.0045715032145380976,-0.012589094345457852,0.7611728310585022,0.3683445632457733,1.8872210144996644,0.0,-0.0,0.68125,218,320,-0.7363772392272949,1.2671808004379272,2.8689462184906005,1.5642072916030885,3.377553844451904,0.9442829966545105,0.27434052973985673,0,1.0,1.0,0.48421052631578937,9.2,41631223.32459142,1.0,0.0,0.010229666371164212,0.006003718897532378,0.016233385268696592,0.0,0.0,0.0,0.0,0.0,0.0,0.0,0.0,0.0,0.0,0.0,0.0,0.0,0.0,0.0,0.0,0.0,0.0,0.0,0.0,-0.011793548314540284,0.0,0.5015196231892333,0.0,0.0,False,0.0,0.0,0.0
375,16,1.278672695159912,42,True,False,all_finished,0.0,1.6000000000000003,1.6000000000000003,1.1750000000000003,20,True,52.15073112609248,1.487691744453641,352022817.1676444,-0.027590059519488806,0.0,0.0,0.0,0.00012228080470274576,0.18038164385136107,-0.036072311923841104,0.14443161273222296,0.12639776768108626,0.03885956708648401,0.0,0.0,0.0,0.0006207459688120913,0.8341219192636177,0.0,0.0,0.0,0.0,0.0,0.0,0.0,0.0,0.0,0.0,0.0,0.0,0.0,0.0,0,0.0,0.0,0.0,0,0,0.0,0,20,20,235,0.14443162083625793,-0.017603531945496798,0.6921205371618271,-0.04558831453323364,0.7391353249549866,0.1838049590587616,0.0,0.0,0.0,0.0,0.0,0.0,0.0,0.0,0.0,0.0,0.0,0.049966295359389325,0.17964315928547248,0.0,0.0,1.6000000000000003,,,0.0,0.9,0.9,1.0,0.1,0.0,,0,0.265625,0.734375,0.734375,0.0,0.0,1.0,0.0,0.0,1.0,0.0,0.0,0.0,0.0,0.0,-0.0019330586190335452,0.0,0.0031064498238265515,0.5190430760383606,0.2629683315753937,0.7202929317951202,0.0,-0.0,0.734375,235,320,0.10262873768806458,1.2807507514953613,2.5509292125701903,1.809134268760681,2.4258249282836912,1.0297016263008119,0.030630506575107574,0,1.0,1.0,0.5098684210526314,9.6875,43293822.409682184,1.0,0.0,0.008773524400308753,0.00552147065898285,0.0142949950592916,0.0,0.0,0.0,0.0,0.0,0.0,0.0,0.0,0.0,0.0,0.0,0.0,0.0,0.0,0.0,0.0,0.0,0.0,0.0,0.0,-0.008482252404352337,0.0,0.4875421387841925,0.0,0.0,False,0.0,0.0,0.0
376,16,1.318160057067871,42,True,False,all_finished,0.0,1.6000000000000003,1.6000000000000003,1.1950000000000003,20,True,51.44443277063793,1.4982388960811202,355807080.88151115,-0.027227362584429225,0.0,0.0,0.0,0.00011591834025625829,0.1763436257925757,-0.043789654458048735,0.13266988967478294,0.12295781449688681,0.07479472921862873,0.0,0.0,0.0,0.0005971683369324245,0.801650287947552,0.0,0.0,0.0,0.0,0.0,0.0,0.0,0.0,0.0,0.0,0.0,0.0,0.0,0.0,0,0.0,0.0,0.0,0,0,0.0,0,20,20,239,0.13266989588737488,0.06223409250378609,0.7353961020708084,-0.054672762751579285,0.8853843808174133,0.175194650888443,0.0,0.0,0.0,0.0,0.0,0.0,0.0,0.0,0.0,0.0,0.0,0.08092048284698891,0.28801555572365867,0.0,0.0,1.6000000000000003,,,0.0,0.85,0.85,1.0,0.15,0.0,,0,0.253125,0.746875,0.746875,0.0,0.0,1.0,0.0,0.0,1.0,0.0,0.0,0.0,0.0,0.0,-0.0021520267007872464,0.0,-0.002635407191701233,0.5351848483085633,0.26529603600502016,0.5794075787067413,0.0,-0.0,0.746875,239,320,-0.25940555334091187,1.465484380722046,2.449988079071045,2.0434125423431397,2.640799331665039,1.246587061882019,0.03730209190398455,0,1.0,1.0,0.5404605263157896,10.268749999999997,37432585.03059734,1.0,0.0,0.008808614700994566,0.005770196997347878,0.014578811698342442,0.0,0.0,0.0,0.0,0.0,0.0,0.0,0.0,0.0,0.0,0.0,0.0,0.0,0.0,0.0,0.0,0.0,0.0,0.0,0.0,-0.01656229187361954,0.0,0.4712604172877036,0.0,0.0,False,0.0,0.0,0.0
377,16,1.324094533920288,42,True,False,all_finished,0.0,1.6000000000000003,1.6002545547485358,1.2526315789473685,20,True,51.61854298969784,1.5260379634209134,363019221.4679278,-0.02707398811403299,0.0,0.0,0.0,0.00011919509191393703,0.14246169915171847,-0.03673584735916796,0.1058450468844645,0.14923845474294625,0.053258535004690216,0.0,0.0,0.0,0.0007349668571702781,0.7967680433951932,0.0,0.0,0.0,0.0,0.0,0.0,0.0,0.0,0.0,0.0,0.0,0.0,0.0,0.0,0,0.0,0.0,0.0,0,0,0.0,0,20,20,254,0.10584504902362823,-0.016511564143002033,0.4481391981244087,-0.04514165595173836,0.5396655797958374,0.14479942619800568,0.0,0.0,0.0,0.0,0.0,0.0,0.0,0.0,0.0,0.0,0.0,0.05633542828334566,0.19457477423463787,0.0,0.0,1.6002545547485358,,,0.0002545547485355293,0.9,0.9,0.9960629921259843,0.1,0.0,,0,0.209375,0.790625,0.790625,0.0,0.0,1.0,0.0,0.0,1.0,0.0,0.0,0.0,0.0,0.0,-0.0004278199812688399,0.0,-0.01886200485751033,0.4563477039337158,0.2096508502960205,0.7874057292938232,0.0,-0.0,0.790625,253,320,-0.29979407787323,1.0277996063232422,2.023146653175354,1.5726215600967408,2.086246657371521,1.2173682928085328,0.24756331667304038,0,1.0,1.0,0.4789473684210526,9.099999999999998,47336702.07137851,1.0,0.0,0.0076255891638711435,0.005856141658696912,0.013481730822568053,0.0,0.0,0.0,0.0,0.0,0.0,0.0,0.0,0.0,0.0,0.0,0.0,0.0,0.0,0.0,0.0,0.0,0.0,0.0,0.0,-0.009661859245134977,0.0,0.4913256513886154,0.0,0.0,False,0.0,0.0,0.0
378,15,1.2677583694458008,42,True,False,all_finished,0.0,1.5000000000000002,1.5007914662361146,1.1277777777777775,20,True,54.01577506014619,1.3557183568699867,312194458.3326422,-0.030211930587789457,0.0,0.0,0.0,0.0001234151874489153,0.1343936323114045,-0.0436558689751614,0.09086117852369197,0.16446705655512367,0.07318582202665115,0.0,0.0,0.0,0.0007973521270122249,0.761549769291213,0.0,0.0,0.0,0.0,0.0,0.0,0.0,0.0,0.0,0.0,0.0,0.0,0.0,0.0,0,0.0,0.0,0.0,0,0,0.0,0,20,20,231,0.09086117893457413,-0.015679102391004562,0.4580453783273695,-0.057602763175964355,0.552354633808136,0.1398710459470749,0.0,0.0,0.0,0.0,0.0,0.0,0.0,0.0,0.0,0.0,0.0,0.06938200454962545,0.27124012467127007,0.0,0.0,1.5007914662361146,,,0.0007914662361143687,0.8,0.8,0.9913419913419913,0.2,0.0,,0,0.23666666666666666,0.7633333333333333,0.7633333333333333,0.0,0.0,1.0,0.0,0.0,1.0,0.0,0.0,0.0,0.0,0.0,-0.0004528881690930575,0.0,0.015628517046570777,0.8663582801818848,0.44914654493331907,1.9988384962081909,0.0,-0.0,0.7633333333333333,229,300,-0.7140277624130249,1.4632649421691895,1.9196158409118653,1.7322763681411744,2.5333256244659426,1.284746479988098,0.1484715834259987,0,1.0,1.0,0.5789473684210529,11.0,54596417.9532386,1.0,0.0,0.007040458465422517,0.005720489604115902,0.012760948069538416,0.0,0.0,0.0,0.0,0.0,0.0,0.0,0.0,0.0,0.0,0.0,0.0,0.0,0.0,0.0,0.0,0.0,0.0,0.0,0.0,-0.01344393838737193,0.0,0.4659508210917314,0.0,0.0,False,0.0,0.0,0.0
379,16,1.3717036247253418,42,True,False,all_finished,0.0,1.6000000000000003,1.6019036448001867,1.2058823529411764,20,True,50.937765396910244,1.4666389097743453,356579313.45985293,-0.02790810287899424,0.0,-0.0003866990209613932,0.0,0.00013028428789780405,0.12866125640602946,-0.041357415803325616,0.08743412489060169,0.1624070731282997,0.07601594779300186,0.0,0.002250337704724062,0.0,0.0008226489820349776,0.7585039923919393,0.0,0.0,0.0,0.0,0.0,0.5,0.5,0.25,0.25,0.5,0.5,1.0,1.0,0.1237436830997467,1,0.0,0.0,0.0,1,0,0.0,0,20,20,252,0.08743412792682648,-0.027050738222897053,0.320044606924057,-0.05265356972813606,0.5346593260765076,0.13536474108695984,0.0,0.0,0.0,0.0,0.0,0.0,0.0,0.0,0.0,0.0,0.0,0.07138842803180963,0.20079941686228098,0.0,0.0,1.6019036448001867,,,0.0019036448001863437,0.8,0.8,0.9841269841269841,0.2,0.0,,0,0.225,0.775,0.775,0.0,0.0,0.9959677419354839,0.004032258064516129,0.0,0.9959677419354839,0.004032258064516129,0.0,0.2499953806400299,0.2499953806400299,0.0,0.0033076203311793507,0.003996374923735857,-0.01665319111198187,0.5375455617904663,0.2524547874927521,0.5142406940460205,0.0,-0.0,0.775,248,320,-0.10994356125593185,1.2186325788497925,1.719575047492981,1.6931001663208007,1.6995601177215576,1.0483327627182006,0.06988924890756607,0,1.0,1.0,0.5523026315789472,10.49375,38474508.777050555,1.0,0.0,0.007899207465686665,0.005410222915882621,0.013309430381569282,0.0,0.0,0.0,0.0,0.0,0.0,0.0,0.0,0.0,0.0,0.0,0.0,0.0,0.0,0.0,0.0,0.0,0.0,0.0,0.0,-0.013062613903369972,0.0,0.49103665597504004,0.0,0.0,False,0.0,0.0,0.0
380,15,1.2305495738983154,42,True,False,all_finished,0.0,1.5000000000000002,1.5003144025802613,1.094736842105263,20,True,54.918015896858876,1.3674612332215212,304952809.3609904,-0.029805566781439308,0.0,0.0,0.0,0.00012704203213547907,0.1749328892405791,-0.042450090690146776,0.13260984058256758,0.1350918980358848,0.05731052682585308,0.0,0.0,0.0,0.000663646985816787,0.8069339281524454,0.0,0.0,0.0,0.0,0.0,0.0,0.0,0.0,0.0,0.0,0.0,0.0,0.0,0.0,0,0.0,0.0,0.0,0,0,0.0,0,20,20,221,0.13260984420776367,-0.030413366854190826,0.7599798977375025,-0.05322550609707832,1.1174335479736328,0.18467546999454498,0.0,0.0,0.0,0.0,0.0,0.0,0.0,0.0,0.0,0.0,0.0,0.0656876345099196,0.2358506701779868,0.0,0.0,1.5003144025802613,,,0.00031440258026105283,0.9,0.9,0.995475113122172,0.1,0.0,,0,0.26666666666666666,0.7333333333333334,0.7333333333333334,0.0,0.0,1.0,0.0,0.0,1.0,0.0,0.0,0.0,0.0,0.0,5.876558716408908e-05,0.0,-0.008862602896988392,0.4554562449455261,0.21921098828315735,0.6367214679718017,0.0,-0.0,0.7333333333333333,220,300,-0.24011918902397156,1.1900560855865479,2.448463249206543,1.7808399200439453,2.644284200668335,1.2326016426086426,0.07848339453339577,0,1.0,1.0,0.5684210526315788,10.800000000000002,41781747.69945785,1.0,0.0,0.008549651938497186,0.0056642272069055526,0.014213879145402742,0.0,0.0,0.0,0.0,0.0,0.0,0.0,0.0,0.0,0.0,0.0,0.0,0.0,0.0,0.0,0.0,0.0,0.0,0.0,0.0,-0.012644523908707586,0.0,0.4895369867483775,0.0,0.0,False,0.0,0.0,0.0
381,16,1.2710604667663574,42,True,False,all_finished,0.0,1.6000000000000003,1.6000000000000003,1.1099999999999999,20,True,54.01235925442994,1.4456145962845128,330747868.2158547,-0.028088929024804525,0.0,-0.0003866990209613932,0.0,0.00011093236883759281,0.20257660372462882,-0.04750519278683929,0.1551823433066269,0.11225862959243221,0.07605248522244883,0.0,0.0015454594982787287,0.0,0.0005044983262549059,0.8096389273605853,0.0,0.0,0.0,0.0,0.0,0.5,0.5,0.25,0.25,0.5,0.5,1.0,1.0,0.1237436830997467,1,0.0,0.0,0.0,1,0,0.0,0,20,20,222,0.15518233180046082,-0.030085448175668716,0.7447635531425476,-0.06696605682373047,0.7596873641014099,0.21310999989509583,0.0,0.0,0.0,0.0,0.0,0.0,0.0,0.0,0.0,0.0,0.0,0.08912889379184057,0.28914235681001454,0.0,0.0,1.6000000000000003,,,0.0,0.95,0.95,1.0,0.05,0.0,,0,0.30625,0.69375,0.69375,0.0,0.0,0.9954954954954955,0.0,0.0045045045045045045,0.9954954954954955,0.0,0.0045045045045045045,0.16077110171318054,0.16077110171318054,0.0,0.0024711442179977893,0.0022409139201045036,0.007341495528817177,0.5540295004844665,0.28470000326633454,0.7312283158302307,0.0,-0.0,0.69375,222,320,0.2304210513830185,1.4509975910186768,2.7593689441680906,1.9807530403137208,2.4972406387329102,1.2897138833999633,0.06355443522334099,0,1.0,1.0,0.5578947368421054,10.599999999999998,52897784.790971324,1.0,0.0,0.008838495942900978,0.005799350998100086,0.014637846941001061,0.0,0.0,0.0,0.0,0.0,0.0,0.0,0.0,0.0,0.0,0.0,0.0,0.0,0.0,0.0,0.0,0.0,0.0,0.0,0.0,-0.019029564741073337,0.0,0.47964090938912707,0.0,0.0,False,0.0,0.0,0.0
382,16,1.3020262718200684,42,True,False,all_finished,0.0,1.6000000000000003,1.6014287996292118,1.1875,20,True,51.11878054533288,1.4746236220918985,352660383.86290747,-0.027342090116265795,0.0,0.0,0.0,0.00012217799553750582,0.14335536378995056,-0.045748711451669394,0.09772883033381859,0.14207682661576987,0.09564573655239739,0.0,0.0,0.0,0.0006917947317067817,0.761585642100126,0.0,0.0,0.0,0.0,0.0,0.0,0.0,0.0,0.0,0.0,0.0,0.0,0.0,0.0,0,0.0,0.0,0.0,0,0,0.0,0,20,20,253,0.09772883355617523,-0.04258367232978344,0.49526549875736237,-0.061133574694395065,0.8946743607521057,0.1581324189901352,0.0,0.0,0.0,0.0,0.0,0.0,0.0,0.0,0.0,0.0,0.0,0.09021334824180102,0.2553944836309137,0.0,0.0,1.6014287996292118,,,0.0014287996292114968,0.7,0.7,0.9762845849802372,0.3,0.0,,0,0.228125,0.771875,0.771875,0.0,0.0,1.0,0.0,0.0,1.0,0.0,0.0,0.0,0.0,0.0,2.1693779854103922e-05,0.0,0.025015487521886825,0.6075108766555786,0.32911304831504823,0.47958133816719056,0.0,-0.0,0.771875,247,320,-0.07992135733366013,1.6084588766098022,1.7131529569625854,2.0927911758422852,1.8829540729522705,1.2477643728256225,0.05554921180009842,0,1.0,1.0,0.4641447368421054,8.81875,43389768.46626701,1.0,0.0,0.008103771463987556,0.005660419058100334,0.013764190522087891,0.0,0.0,0.0,0.0,0.0,0.0,0.0,0.0,0.0,0.0,0.0,0.0,0.0,0.0,0.0,0.0,0.0,0.0,0.0,0.0,-0.018406621335403592,0.0,0.4867347793187946,0.0,0.0,False,0.0,0.0,0.0
383,14,1.0490784645080566,42,True,False,all_finished,0.0,1.4000000000000001,1.4006866264343258,1.0052631578947366,20,True,53.34336494094707,1.3714090798203558,315853757.1281457,-0.02956668073937861,0.0,0.0,0.0,0.0001305959455290461,0.24748151574485122,-0.04813194455874346,0.19948016713163655,0.09980733057502957,0.06267018741688243,0.0,0.0,0.0,0.0004909371871213343,0.8370315448209668,0.0,0.0,0.0,0.0,0.0,0.0,0.0,0.0,0.0,0.0,0.0,0.0,0.0,0.0,0,0.0,0.0,0.0,0,0,0.0,0,20,20,206,0.19948014616966248,-0.039809612557291985,0.9978949874639511,-0.06839999556541443,1.040465235710144,0.2626692056655884,0.0,0.0,0.0,0.0,0.0,0.0,0.0,0.0,0.0,0.0,0.0,0.0876866419119211,0.2832310521727252,0.0,0.0,1.4006866264343258,,,0.00068662643432571,0.95,0.95,0.9951456310679612,0.05,0.0,,0,0.26785714285714285,0.7321428571428572,0.7321428571428572,0.0,0.0,1.0,0.0,0.0,1.0,0.0,0.0,0.0,0.0,0.0,-0.0007914184010587632,0.0,0.0026274149306118487,0.6845618844032287,0.34525644183158877,0.5673858761787415,0.0,-0.0,0.7321428571428571,205,280,0.20535719394683838,1.5324360132217407,3.104041337966919,1.8886354446411133,2.8877272605895996,1.3214102268218995,0.05540035292506218,0,1.0,1.0,0.4789473684210526,9.099999999999998,44771009.96540369,1.0,0.0,0.007494595402221644,0.005679764690291036,0.013174360092512685,0.0,0.0,0.0,0.0,0.0,0.0,0.0,0.0,0.0,0.0,0.0,0.0,0.0,0.0,0.0,0.0,0.0,0.0,0.0,0.0,-0.01856526381936487,0.0,0.473113199350025,0.0,0.0,False,0.0,0.0,0.0
384,16,1.3614120483398438,42,True,False,all_finished,0.0,1.6000000000000003,1.6008494210243231,1.231578947368421,20,True,49.298076710169845,1.5140319516730796,373382648.7373284,-0.026945767957327116,0.0,-0.0003866990209613932,0.0,0.00012459756381899898,0.14734311617951387,-0.03835214789167678,0.10911556585165623,0.14329887099255356,0.05860318533461311,0.0,0.0020564837196493913,0.0,0.0007608806412337454,0.7952805793119503,0.0,0.0,0.0,0.0,0.0,0.5,0.5,0.25,0.25,0.5,0.5,1.0,1.0,0.1237436830997467,1,0.0,0.0,0.0,1,1,1.0,1,20,20,249,0.10911555588245392,-0.015364894177764654,0.5958256423473358,-0.044918037950992584,0.6634538769721985,0.15064486861228943,0.0,0.0,0.0,0.0,0.0,0.0,0.0,0.0,0.0,0.0,0.0,0.059816276286973925,0.2211387068236039,0.0,0.0,1.6008494210243231,,,0.0008494210243228384,0.9,0.9,0.9959839357429718,0.1,0.0,,0,0.221875,0.778125,0.778125,0.0,0.0,0.9959839357429718,0.004016064257028112,0.0,0.9959839357429718,0.004016064257028112,0.0,0.08185002207756042,0.08185002207756042,0.0,0.001845025405054912,0.0019803921692073344,-0.013545693084597587,0.5378874182701111,0.25573351681232454,0.7741405963897705,0.0,-0.0,0.778125,249,320,-0.13161103427410126,1.4516409635543823,1.9967073678970337,2.001556324958801,2.0462063789367675,1.3650665044784547,0.06045953780412674,0,1.0,1.0,0.5776315789473684,10.974999999999998,45781721.2185601,1.0,0.0,0.007809764316649727,0.0056392990650137274,0.013449063381663457,0.0,0.0,0.0,0.0,0.0,0.0,0.0,0.0,0.0,0.0,0.0,0.0,0.0,0.0,0.0,0.0,0.0,0.0,0.0,0.0,-0.011019680913388199,0.0,0.48073260266100987,0.0,0.0,False,0.0,0.0,0.0
385,16,1.449873685836792,42,True,False,all_finished,0.0,1.6000000000000003,1.6014182174205787,1.2333333333333334,20,True,53.05831933465423,1.4620022118518017,336091096.8161403,-0.027800450036234946,0.0,0.0,0.0,0.00011401234253208067,0.12850797260746233,-0.04094676984524988,0.08767521510474462,0.16026404975891795,0.07578591171267098,0.0,0.0,0.0,0.0007841616400121696,0.7631658768883989,0.0,0.0,0.0,0.0,0.0,0.0,0.0,0.0,0.0,0.0,0.0,0.0,0.0,0.0,0,0.0,0.0,0.0,0,0,0.0,0,20,20,252,0.08767521381378174,-0.040635449811816216,0.7100955098867416,-0.05215606838464737,0.9107702970504761,0.15198221802711487,0.0,0.0,0.0,0.0,0.0,0.0,0.0,0.0,0.0,0.0,0.0,0.07213864279003197,0.2252040040738045,0.0,0.0,1.6014182174205787,,,0.0014182174205783493,0.75,0.75,0.9880952380952381,0.25,0.0,,0,0.221875,0.778125,0.778125,0.0,0.0,1.0,0.0,0.0,1.0,0.0,0.0,0.0,0.0,0.0,-0.00048804369143908846,0.0,0.014057394675910473,0.45600184202194216,0.24238157272338867,0.6641925156116486,0.0,-0.0,0.778125,249,320,-0.5030319690704346,1.2130470275878906,1.7669650793075562,1.9012808322906494,2.058677840232849,1.3183412551879883,0.21422624513506888,0,1.0,1.0,0.6842105263157894,12.999999999999998,46441164.095135905,1.0,0.0,0.009970554998129688,0.0057999459365717845,0.015770500934701472,0.0,0.0,0.0,0.0,0.0,0.0,0.0,0.0,0.0,0.0,0.0,0.0,0.0,0.0,0.0,0.0,0.0,0.0,0.0,0.0,-0.01314631980901496,0.0,0.5014162029605359,0.0,0.0,False,0.0,0.0,0.0
386,16,1.4030368328094482,42,True,False,all_finished,0.0,1.6000000000000003,1.6008332753181462,1.2666666666666668,20,True,50.80760781961938,1.4834713137063522,358684852.52548355,-0.02735577369573658,0.0,-0.0003866990209613932,0.0,0.00012182853092402145,0.1238962529983119,-0.048277570829193074,0.07574051070004274,0.15521989527372373,0.11651857534389207,0.0,0.0021941759792169085,0.0,0.0008230035309815888,0.7252443498721856,0.0,0.0,0.0,0.0,0.0,0.5,0.5,0.25,0.25,0.5,0.5,1.0,1.0,0.1237436830997467,1,0.0,0.0,0.0,1,0,0.0,0,20,20,255,0.0757405087351799,-0.0075583672150969505,0.3682769611477852,-0.06497935205698013,0.4475114941596985,0.12916478514671326,0.0,0.0,0.0,0.0,0.0,0.0,0.0,0.0,0.0,0.0,0.0,0.09660156351419605,0.2837026162225929,0.0,0.0,1.6008332753181462,,,0.0008332753181459207,0.85,0.85,0.9882352941176471,0.15,0.0,,0,0.2125,0.7875,0.7875,0.0,0.0,0.996031746031746,0.003968253968253968,0.0,0.996031746031746,0.003968253968253968,0.0,0.7446038722991943,0.7446038722991943,0.0,0.001990195899270475,0.001980197988450527,0.006881344690918922,0.6841254234313965,0.34926263689994813,0.6110760569572449,0.0,-0.0,0.7875,252,320,-0.1529749035835266,1.468880534172058,1.529736042022705,1.7632198572158813,1.5725242614746093,1.126330828666687,0.14205434322357177,0,1.0,1.0,0.6124999999999999,11.637499999999998,50964499.50176753,1.0,0.0,0.006466364169911127,0.0055503807535988315,0.01201674492350996,0.0,0.0,0.0,0.0,0.0,0.0,0.0,0.0,0.0,0.0,0.0,0.0,0.0,0.0,0.0,0.0,0.0,0.0,0.0,0.0,-0.020535098112495178,0.0,0.4800132519972976,0.0,0.0,False,0.0,0.0,0.0
387,16,1.2310311794281006,42,True,False,all_finished,0.0,1.6000000000000003,1.6000000000000003,1.145,20,True,52.03243326606904,1.4610010204271238,343273478.43180645,-0.027805474304845222,0.0,0.0,0.0,0.0001219217631912649,0.18438023886393537,-0.04058073963906208,0.14392142098806435,0.12353056544357731,0.05675629673227824,0.0,0.0,0.0,0.000572456612500233,0.8191406812116442,0.0,0.0,0.0,0.0,0.0,0.0,0.0,0.0,0.0,0.0,0.0,0.0,0.0,0.0,0,0.0,0.0,0.0,0,0,0.0,0,20,20,229,0.1439214050769806,0.016996747814118862,0.8329800665378571,-0.04976275563240051,1.1060948371887207,0.18489907681941986,0.0,0.0,0.0,0.0,0.0,0.0,0.0,0.0,0.0,0.0,0.0,0.06729278263886367,0.2381031850768878,0.0,0.0,1.6000000000000003,,,0.0,1.0,1.0,1.0,0.0,0.0,,0,0.284375,0.715625,0.715625,0.0,0.0,1.0,0.0,0.0,1.0,0.0,0.0,0.0,0.0,0.0,0.00026641727308742704,0.0,-0.01054090722464025,0.5501989245414733,0.2648773223161697,0.7197460174560547,0.0,-0.0,0.715625,229,320,0.37757608294487,1.4324795007705688,2.447560453414917,2.0048754453659057,2.176303815841675,1.1704455137252807,0.17598892897367477,0,1.0,1.0,0.4865131578947369,9.243750000000002,40677071.66809601,1.0,0.0,0.009509844647017415,0.006013208435942836,0.015523053082960253,0.0,0.0,0.0,0.0,0.0,0.0,0.0,0.0,0.0,0.0,0.0,0.0,0.0,0.0,0.0,0.0,0.0,0.0,0.0,0.0,-0.012775265334216804,0.0,0.48768447199836373,0.0,0.0,False,0.0,0.0,0.0
388,16,1.2900540828704834,42,True,False,all_finished,0.0,1.6000000000000003,1.6012690079212195,1.2368421052631582,20,True,50.81770539544101,1.481083397011322,358550291.00054985,-0.027582618146449335,0.0,0.0,0.0,0.00012045193511531479,0.12970217449803406,-0.046389413538567834,0.0834332128945816,0.15488805394993413,0.1056081015896889,0.0,0.0,0.0,0.0007592245287267436,0.7387446199316503,0.0,0.0,0.0,0.0,0.0,0.0,0.0,0.0,0.0,0.0,0.0,0.0,0.0,0.0,0,0.0,0.0,0.0,0,0,0.0,0,20,20,249,0.08343321084976196,-0.019665802363306284,0.3471897020936012,-0.0634683221578598,0.5626124143600464,0.13651491701602936,0.0,0.0,0.0,0.0,0.0,0.0,0.0,0.0,0.0,0.0,0.0,0.0915357690530503,0.28198799575799405,0.0,0.0,1.6012690079212195,,,0.0012690079212192007,0.9,0.9,0.9959839357429718,0.1,0.0,,0,0.225,0.775,0.775,0.0,0.0,1.0,0.0,0.0,1.0,0.0,0.0,0.0,0.0,0.0,-0.00030022003702470104,0.0,0.02299282285384834,0.8221220135688782,0.43436909317970274,1.807989740371704,0.0,-0.0,0.775,248,320,-0.4169764220714569,1.2639522552490234,1.8856263637542725,1.4688586235046386,2.138490152359009,1.1766505002975465,0.287327367067337,0,1.0,1.0,0.4878289473684208,9.26875,40636131.14797946,1.0,0.0,0.007372193717265179,0.005627443026360786,0.012999636743625965,0.0,0.0,0.0,0.0,0.0,0.0,0.0,0.0,0.0,0.0,0.0,0.0,0.0,0.0,0.0,0.0,0.0,0.0,0.0,0.0,-0.01880679539211847,0.0,0.4876455264689866,0.0,0.0,False,0.0,0.0,0.0
389,16,1.335249423980713,42,True,False,all_finished,0.0,1.6000000000000003,1.600686087608338,1.2444444444444445,20,True,50.921090605200924,1.5579053694802838,377442167.7791827,-0.026053939399315985,0.0,0.0,0.0,0.00012113819299555048,0.15994721328692982,-0.03889995099886729,0.12116840048105812,0.13005333971817984,0.06412338207188677,0.0,0.0,0.0,0.0006768168159834917,0.8051464613939499,0.0,0.0,0.0,0.0,0.0,0.0,0.0,0.0,0.0,0.0,0.0,0.0,0.0,0.0,0,0.0,0.0,0.0,0,0,0.0,0,20,20,253,0.12116839736700058,-0.0387317668646574,0.7470763623714447,-0.04534740746021271,0.8911765217781067,0.16904927790164948,0.0,0.0,0.0,0.0,0.0,0.0,0.0,0.0,0.0,0.0,0.0,0.06706475918165218,0.25155046469949827,0.0,0.0,1.600686087608338,,,0.0006860876083376599,0.85,0.85,0.9920948616600791,0.15,0.0,,0,0.215625,0.784375,0.784375,0.0,0.0,1.0,0.0,0.0,1.0,0.0,0.0,0.0,0.0,0.0,-0.000766389854834415,0.0,-0.012055924255400896,0.7526104688644409,0.364554625749588,0.5363224685192108,0.0,-0.0,0.784375,251,320,0.1754567176103592,1.6392878293991089,2.153429651260376,1.939444351196289,1.9935887575149536,1.0558807730674744,0.1605726644396782,0,1.0,1.0,0.5421052631578948,10.300000000000002,41089719.21278377,1.0,0.0,0.008855282600796242,0.005858429568760244,0.014713712169556484,0.0,0.0,0.0,0.0,0.0,0.0,0.0,0.0,0.0,0.0,0.0,0.0,0.0,0.0,0.0,0.0,0.0,0.0,0.0,0.0,-0.012846011599551291,0.0,0.5203415721363853,0.0,0.0,False,0.0,0.0,0.0
390,16,1.3058404922485352,42,True,False,all_finished,0.0,1.6000000000000003,1.6003557395935064,1.2421052631578948,20,True,52.79868222482742,1.4294496623120811,334430733.4272983,-0.028402167787671417,0.0,0.0,0.0,0.00011749047484807667,0.11241193807031713,-0.048122699442216046,0.06440672910294916,0.17045943491185234,0.11835542649861139,0.0,0.0,0.0,0.0008128509673924562,0.7103722876221439,0.0,0.0,0.0,0.0,0.0,0.0,0.0,0.0,0.0,0.0,0.0,0.0,0.0,0.0,0,0.0,0.0,0.0,0,0,0.0,0,20,20,251,0.06440672278404236,-0.031525975093245506,0.3589829206466675,-0.06281986832618713,0.9516872763633728,0.12068622559309006,0.0,0.0,0.0,0.0,0.0,0.0,0.0,0.0,0.0,0.0,0.0,0.09461046831534481,0.2769403818108153,0.0,0.0,1.6003557395935064,,,0.0003557395935060992,0.75,0.75,0.9920318725099602,0.25,0.0,,0,0.221875,0.778125,0.778125,0.0,0.0,1.0,0.0,0.0,1.0,0.0,0.0,0.0,0.0,0.0,-0.0002470228646416217,0.0,0.030728216771967708,0.7400251030921936,0.40104522109031676,1.321217143535614,0.0,-0.0,0.778125,249,320,-0.7771896719932556,1.2881776094436646,1.5515287160873412,1.7254626512527467,2.0559862852096558,0.9353691101074219,0.39249576926231383,0,1.0,1.0,0.4940789473684212,9.387500000000003,43232945.588617995,1.0,0.0,0.006799817967377211,0.005683987499854852,0.012483805467232063,0.0,0.0,0.0,0.0,0.0,0.0,0.0,0.0,0.0,0.0,0.0,0.0,0.0,0.0,0.0,0.0,0.0,0.0,0.0,0.0,-0.01972053165454462,0.0,0.5146084479289129,0.0,0.0,False,0.0,0.0,0.0
391,16,1.329214096069336,42,True,False,all_finished,0.0,1.6000000000000003,1.6010561025142676,1.2176470588235295,20,True,49.87449987493815,1.4469828506420235,354953040.660888,-0.028149883834933092,0.0,0.0,0.0,0.00012205222705600817,0.10815969431992703,-0.044130149231617226,0.06415159731536574,0.1801668370146958,0.10227800185814967,0.0,0.0,0.0,0.0008616115321789869,0.7166935495949754,0.0,0.0,0.0,0.0,0.0,0.0,0.0,0.0,0.0,0.0,0.0,0.0,0.0,0.0,0,0.0,0.0,0.0,0,0,0.0,0,20,20,255,0.06415160000324249,-0.04389385133981705,0.5128686279058456,-0.05346187204122543,0.6359081268310547,0.12620003521442413,0.0,0.0,0.0,0.0,0.0,0.0,0.0,0.0,0.0,0.0,0.0,0.08353604333998192,0.2266766919078735,0.0,0.0,1.6010561025142676,,,0.0010561025142672431,0.85,0.85,0.984313725490196,0.15,0.0,,0,0.215625,0.784375,0.784375,0.0,0.0,1.0,0.0,0.0,1.0,0.0,0.0,0.0,0.0,0.0,-0.00033279623166890813,0.0,0.03330255392938852,0.8086720466613769,0.43793659210205077,0.701880693435669,0.0,-0.0,0.784375,251,320,-0.3333321511745453,1.559168815612793,1.3387806177139283,1.775077748298645,1.5495197534561158,0.799692714214325,0.15109859965741634,0,1.0,1.0,0.5125,9.7375,47843760.6841726,1.0,0.0,0.007583438149587156,0.00584151920561958,0.013424957355206732,0.0,0.0,0.0,0.0,0.0,0.0,0.0,0.0,0.0,0.0,0.0,0.0,0.0,0.0,0.0,0.0,0.0,0.0,0.0,0.0,-0.015980265396684193,0.0,0.5178137720678933,0.0,0.0,False,0.0,0.0,0.0
392,15,1.2179622650146484,42,True,False,all_finished,0.0,1.5000000000000002,1.5019966125488282,1.1631578947368422,20,True,51.4161384058596,1.4664299904151428,350953100.99549955,-0.027878533807231036,0.0,-0.0004124789556921527,0.0,0.00012376421344342155,0.17627058678274693,-0.04399342100119265,0.13240092999499764,0.12556752995483036,0.07072511884790939,0.0,0.001857843887442079,0.0,0.0006137173560457991,0.8012357899537724,0.0,0.0,0.0,0.0,0.0,0.5,0.5,0.25,0.25,0.5,0.5,1.0,1.0,0.1237436830997467,1,0.0,0.0,0.0,1,0,0.0,0,20,20,236,0.13240092992782593,0.0024910394567996264,0.522590923309326,-0.0649230107665062,0.6357821822166443,0.18010514974594116,0.0,0.0,0.0,0.0,0.0,0.0,0.0,0.0,0.0,0.0,0.0,0.07436348156663142,0.3014535667123712,0.0,0.0,1.5019966125488282,,,0.0019966125488279918,0.9,0.9,0.9957627118644068,0.1,0.0,,0,0.21666666666666667,0.7833333333333333,0.7833333333333333,0.0,0.0,0.9957446808510638,0.00425531914893617,0.0,0.9957446808510638,0.00425531914893617,0.0,0.640406608581543,0.640406608581543,0.0,-0.0011029434879674227,0.0030460539273917675,0.001836433168500662,0.7122821807861328,0.3582721412181854,1.1853053212165832,0.0,-0.0,0.7833333333333333,235,300,0.45091181993484497,1.2721787691116333,2.0700769424438477,1.5894230604171753,1.79607150554657,0.9202491283416748,0.22903074622154235,0,1.0,1.0,0.5,9.5,47904534.928698376,1.0,0.0,0.0073849505640070775,0.005714817862178928,0.013099768426186004,0.0,0.0,0.0,0.0,0.0,0.0,0.0,0.0,0.0,0.0,0.0,0.0,0.0,0.0,0.0,0.0,0.0,0.0,0.0,0.0,-0.015702408238269454,0.0,0.49835747523854174,0.0,0.0,False,0.0,0.0,0.0
393,16,1.2812433242797852,42,True,False,all_finished,0.0,1.6000000000000003,1.6001486074924471,1.1842105263157894,20,True,51.40482754441742,1.442918933548719,339585137.90959835,-0.02793684079555197,0.0,-0.0003866990209613932,0.0,0.00012183402233865207,0.15226057026667364,-0.04783712596307722,0.10454527832593505,0.13612417750391906,0.09508129010692597,0.0,0.00188421756615807,0.0,0.0006715913774685059,0.7662387234455283,0.0,0.0,0.0,0.0,0.0,0.5,0.5,0.25,0.25,0.5,0.5,1.0,1.0,0.1237436830997467,1,0.0,0.0,0.0,1,0,0.0,0,20,20,241,0.10454528033733368,-0.0423870962113142,0.6362544298171997,-0.07022358477115631,1.1861408948898315,0.16569343209266663,0.0,0.0,0.0,0.0,0.0,0.0,0.0,0.0,0.0,0.0,0.0,0.09141318373904742,0.3117643583458723,0.0,0.0,1.6001486074924471,,,0.00014860749244682836,0.8,0.8,0.995850622406639,0.2,0.0,,0,0.25,0.75,0.75,0.0,0.0,0.9958333333333333,0.004166666666666667,0.0,0.9958333333333333,0.004166666666666667,0.0,0.21437332034111023,0.21437332034111023,0.0,0.003593639878090471,0.004162232298403979,-0.011913221050053834,0.4476050674915314,0.21218254566192626,0.7047136187553406,0.0,-0.0,0.75,240,320,0.005592163186520338,1.5672069787979126,1.8723367691040038,2.3465521812438963,1.8040875673294068,1.1515564918518066,0.05845821388065815,0,1.0,1.0,0.4963815789473685,9.43125,40387574.830870576,1.0,0.0,0.007376613270497728,0.005747866492500189,0.013124479762997915,0.0,0.0,0.0,0.0,0.0,0.0,0.0,0.0,0.0,0.0,0.0,0.0,0.0,0.0,0.0,0.0,0.0,0.0,0.0,0.0,-0.019513586146563906,0.0,0.4961683377274312,0.0,0.0,False,0.0,0.0,0.0
394,15,1.2251269817352295,42,True,False,all_finished,0.0,1.5000000000000002,1.5008506953716279,1.1210526315789473,20,True,52.53809381504963,1.4837351395609022,342796734.1665887,-0.027282166900601014,0.0,0.0,0.0,0.00012006550350278068,0.2156892996956887,-0.04169622562025218,0.17411313957893937,0.10482592091912737,0.05538295344995201,0.0,0.0,0.0,0.0005505137045162639,0.8392406119264043,0.0,0.0,0.0,0.0,0.0,0.0,0.0,0.0,0.0,0.0,0.0,0.0,0.0,0.0,0,0.0,0.0,0.0,0,0,0.0,0,20,20,229,0.17411313951015472,0.049529921263456345,0.8546903669834134,-0.05415406823158264,1.0606393814086914,0.2170255333185196,0.0,0.0,0.0,0.0,0.0,0.0,0.0,0.0,0.0,0.0,0.0,0.07497577232805851,0.240528406492394,0.0,0.0,1.5008506953716279,,,0.00085069537162763,0.9,0.9,0.9912663755458515,0.1,0.0,,0,0.24333333333333335,0.7566666666666666,0.7566666666666666,0.0,0.0,1.0,0.0,0.0,1.0,0.0,0.0,0.0,0.0,0.0,-0.00013986480480525642,0.0,0.00024347447324544192,0.644801676273346,0.32293291091918946,0.7944883227348327,0.0,-0.0,0.7566666666666667,227,300,0.2598521113395691,1.8071445226669312,2.6777747631073,2.2929216384887696,2.46804518699646,1.353327989578247,0.16981093138456343,0,1.0,1.0,0.5701754385964912,10.833333333333336,40076269.925621696,1.0,0.0,0.008653538950687833,0.005765012345452501,0.014418551296140333,0.0,0.0,0.0,0.0,0.0,0.0,0.0,0.0,0.0,0.0,0.0,0.0,0.0,0.0,0.0,0.0,0.0,0.0,0.0,0.0,-0.014414058719651127,0.0,0.49534741474315525,0.0,0.0,False,0.0,0.0,0.0
395,16,1.2771949768066406,42,True,False,all_finished,0.0,1.6000000000000003,1.6001902353763586,1.142105263157895,20,True,53.01985030720567,1.4836667646644948,347800132.8103119,-0.027886333638547655,0.0,-0.0007733980419227864,0.0,0.00011967268006039304,0.18261164912486855,-0.04504672334885703,0.1376845984560721,0.12239166952113645,0.07192165505580742,0.0,0.0033944038245480005,0.0,0.0006070025501047742,0.8016852690484034,0.0,0.0,0.0,0.0,0.0,0.5,0.5,0.25,0.25,0.5,0.5,1.0,1.0,0.1237436830997467,2,0.0,0.0,0.0,2,0,0.0,0,20,20,233,0.13768459856510162,0.027606998570263386,0.651604175567627,-0.06124674528837204,0.9646278023719788,0.18139581382274628,0.0,0.0,0.0,0.0,0.0,0.0,0.0,0.0,0.0,0.0,0.0,0.08086744886915505,0.2850201448317834,0.0,0.0,1.6001902353763586,,,0.00019023537635831644,0.95,0.95,0.9957081545064378,0.05,0.0,,0,0.275,0.725,0.725,0.0,0.0,0.9913793103448276,0.004310344827586207,0.004310344827586207,0.9913793103448276,0.004310344827586207,0.004310344827586207,0.6891090571880341,0.8973896414041519,0.0,-0.0017417675233446061,0.005377098266035318,-0.018051383458077906,0.6391062140464783,0.301791587471962,1.6450283646583557,0.0,-0.0,0.725,232,320,0.29107916355133057,1.3398034572601318,2.4872756958007813,1.662593388557434,2.303068447113037,1.6863739252090455,0.20654281079769135,0,1.0,1.0,0.5210526315789474,9.900000000000002,44054555.617530465,1.0,0.0,0.00660318136137118,0.005348699791781647,0.01195188115315283,0.0,0.0,0.0,0.0,0.0,0.0,0.0,0.0,0.0,0.0,0.0,0.0,0.0,0.0,0.0,0.0,0.0,0.0,0.0,0.0,-0.01638699166838655,0.0,0.5090370073536178,0.0,0.0,False,0.0,0.0,0.0
396,16,1.279832363128662,42,True,False,all_finished,0.0,1.6000000000000003,1.6010558867454534,1.2166666666666666,20,True,50.669631771071195,1.5134518121149783,363852892.7959815,-0.02693742901031233,0.0,0.0,0.0,0.000128961097811104,0.14907457949107056,-0.04291574032171832,0.10628780026716333,0.13990664446170276,0.08298757535054611,0.0,0.0,0.0,0.0007844792132440247,0.7763213009745071,0.0,0.0,0.0,0.0,0.0,0.0,0.0,0.0,0.0,0.0,0.0,0.0,0.0,0.0,0,0.0,0.0,0.0,0,0,0.0,0,20,20,251,0.10628779232501984,-0.03581037558615208,0.7054730802774429,-0.053616274148225784,0.7295334339141846,0.15739159286022186,0.0,0.0,0.0,0.0,0.0,0.0,0.0,0.0,0.0,0.0,0.0,0.0816837277532551,0.24795024737219337,0.0,0.0,1.6010558867454534,,,0.001055886745453094,0.8,0.8,0.9880478087649402,0.2,0.0,,0,0.225,0.775,0.775,0.0,0.0,1.0,0.0,0.0,1.0,0.0,0.0,0.7746933698654175,0.7746933698654175,0.0,0.00018796417571138592,0.0,0.006841949373483658,0.535951566696167,0.2751182407140732,1.6722965955734252,0.0,-0.0,0.775,248,320,-0.30197271704673767,1.6397745609283447,2.091356039047241,2.298430061340332,2.125682020187378,1.3750908136367799,0.2332923650741577,0,1.0,1.0,0.4578947368421053,8.700000000000001,46101946.50361083,1.0,0.0,0.00738290627831756,0.0056636767847291995,0.013046583063046763,0.0,0.0,0.0,0.0,0.0,0.0,0.0,0.0,0.0,0.0,0.0,0.0,0.0,0.0,0.0,0.0,0.0,0.0,0.0,0.0,-0.01597831131140599,0.0,0.49401677993591875,0.0,0.0,False,0.0,0.0,0.0
397,16,1.2874641418457031,42,True,False,all_finished,0.0,1.6000000000000003,1.600772882699967,1.1947368421052633,20,True,49.84150471565018,1.501201499790336,366256862.85467404,-0.027014691605480305,0.0,0.0,0.0,0.00012729177040323928,0.16843719159597487,-0.04425476952297881,0.12430971384339935,0.12652827229169133,0.08074707292356105,0.0,0.0,0.0,0.0006585990216045763,0.7920660557631429,0.0,0.0,0.0,0.0,0.0,0.0,0.0,0.0,0.0,0.0,0.0,0.0,0.0,0.0,0,0.0,0.0,0.0,0,0,0.0,0,20,20,242,0.1243097111582756,-0.009691519662737846,0.4700924754142761,-0.05819452926516533,0.9147418737411499,0.1721753478050232,0.0,0.0,0.0,0.0,0.0,0.0,0.0,0.0,0.0,0.0,0.0,0.08470358844047676,0.28016589323212693,0.0,0.0,1.600772882699967,,,0.0007728826999666705,0.95,0.95,0.9958677685950413,0.05,0.0,,0,0.246875,0.753125,0.753125,0.0,0.0,1.0,0.0,0.0,1.0,0.0,0.0,0.0,0.0,0.0,-0.0002906378271291032,0.0,-0.011459076427854598,0.541067898273468,0.2593789786100388,1.3961973786354065,0.0,-0.0,0.753125,241,320,-0.13710655272006989,1.477383017539978,2.3686487674713135,1.9982487916946412,2.54168586730957,1.3566896677017213,0.1293094903230667,0,1.0,1.0,0.48421052631578926,9.2,45613763.39884339,1.0,0.0,0.0066820269871283615,0.0057904633055325064,0.012472490292660867,0.0,0.0,0.0,0.0,0.0,0.0,0.0,0.0,0.0,0.0,0.0,0.0,0.0,0.0,0.0,0.0,0.0,0.0,0.0,0.0,-0.017240077917498545,0.0,0.4865003911196254,0.0,0.0,False,0.0,0.0,0.0
398,15,1.189401388168335,42,True,False,all_finished,0.0,1.5000000000000002,1.5000000000000002,1.125,20,True,52.29455817199287,1.480294322249538,344414299.44588506,-0.027407829708245242,0.0,0.0,0.0,0.00011979060061173332,0.2312633844956315,-0.047480741657399184,0.1839024334388441,0.09697942738829429,0.07102567140728325,0.0,0.0,0.0,0.0004947484024755608,0.831500152801947,0.0,0.0,0.0,0.0,0.0,0.0,0.0,0.0,0.0,0.0,0.0,0.0,0.0,0.0,0,0.0,0.0,0.0,0,0,0.0,0,20,20,225,0.18390245735645294,0.032079268246889114,0.8917190790176384,-0.0643371194601059,1.3940433263778687,0.23509174585342407,0.0,0.0,0.0,0.0,0.0,0.0,0.0,0.0,0.0,0.0,0.0,0.09186591290795018,0.2980630529625231,0.0,0.0,1.5000000000000002,,,0.0,0.9,0.9,1.0,0.1,0.0,,0,0.25,0.75,0.75,0.0,0.0,1.0,0.0,0.0,1.0,0.0,0.0,0.0,0.0,0.0,-3.117256419500336e-05,0.0,0.004324427014216781,0.34368098378181455,0.17647161483764648,1.2578066349029542,0.0,-0.0,0.75,225,300,0.17394551634788513,1.343558430671692,2.865866851806641,2.2995519638061523,2.63274884223938,1.4555333375930786,0.05985833555459976,0,1.0,1.0,0.4989473684210527,9.479999999999999,39918279.49462035,1.0,0.0,0.008261634365497176,0.006053426686418247,0.01431506105191542,0.0,0.0,0.0,0.0,0.0,0.0,0.0,0.0,0.0,0.0,0.0,0.0,0.0,0.0,0.0,0.0,0.0,0.0,0.0,0.0,-0.020072911949153973,0.0,0.481598241639634,0.0,0.0,False,0.0,0.0,0.0
399,16,1.2704002857208252,42,True,False,all_finished,0.0,1.6000000000000003,1.6000000000000003,1.16,20,True,50.012365978398535,1.4919400359991422,365085364.4354296,-0.027417559765503856,0.0,0.0,0.0,0.0001278279834769197,0.1935911836084725,-0.03775736185180039,0.15596164974014898,0.11692067864008786,0.04409351843394296,0.0,0.0,0.0,0.0006139250859448437,0.8383718778400243,0.0,0.0,0.0,0.0,0.0,0.0,0.0,0.0,0.0,0.0,0.0,0.0,0.0,0.0,0,0.0,0.0,0.0,0,0,0.0,0,20,20,232,0.15596166253089905,-0.037165336310863495,0.6732150763273239,-0.05120161175727844,1.0240390300750732,0.20394596457481384,0.0,0.0,0.0,0.0,0.0,0.0,0.0,0.0,0.0,0.0,0.0,0.05827384952369219,0.19999485531244668,0.0,0.0,1.6000000000000003,,,0.0,0.9,0.9,1.0,0.1,0.0,,0,0.275,0.725,0.725,0.0,0.0,1.0,0.0,0.0,1.0,0.0,0.0,0.0,0.0,0.0,-0.00014064776769373566,0.0,-0.015550945466384292,0.5320746898651123,0.2507949709892273,1.8752848148345946,0.0,-0.0,0.725,232,320,0.23036706447601318,1.3820840120315552,2.817700958251953,1.936799907684326,2.634488344192505,1.43000168800354,0.1813219055533409,0,1.0,1.0,0.5088815789473683,9.66875,50484219.99846121,1.0,0.0,0.008545008091961672,0.005903095546361337,0.014448103638323006,0.0,0.0,0.0,0.0,0.0,0.0,0.0,0.0,0.0,0.0,0.0,0.0,0.0,0.0,0.0,0.0,0.0,0.0,0.0,0.0,-0.01033980208629645,0.0,0.4741825434262864,0.0,0.0,False,0.0,0.0,0.0
400,16,1.2431116104125977,42,True,False,all_finished,0.0,1.6000000000000003,1.6000000000000003,1.16,20,True,51.46918095074235,1.4734385461172534,352414480.82422817,-0.027514567015766662,0.0,0.0,0.0,0.00011993846789339242,0.1801068218183877,-0.04732417650728163,0.13290258377899938,0.12090962128161362,0.0870510657130544,0.0,0.0,0.0,0.0005804612698983361,0.7914588517354336,0.0,0.0,0.0,0.0,0.0,0.0,0.0,0.0,0.0,0.0,0.0,0.0,0.0,0.0,0,0.0,0.0,0.0,0,0,0.0,0,20,20,232,0.1329025775194168,0.04240888170897961,0.6367754489183426,-0.0642743930220604,0.9395427107810974,0.1818949580192566,0.0,0.0,0.0,0.0,0.0,0.0,0.0,0.0,0.0,0.0,0.0,0.09177455802956144,0.3141883685134948,0.0,0.0,1.6000000000000003,,,0.0,1.0,1.0,1.0,0.0,0.0,,0,0.275,0.725,0.725,0.0,0.0,1.0,0.0,0.0,1.0,0.0,0.0,0.0,0.0,0.0,-0.00019695070332090837,0.0,-0.015545960562303663,0.4443863809108734,0.2069573611021042,1.0505887627601624,0.0,-0.0,0.725,232,320,-0.2718873620033264,1.2763656377792358,2.6653562068939207,2.0011799573898315,2.70485634803772,1.6304818868637085,0.2050947889685631,0,1.0,1.0,0.4773026315789473,9.06875,41650199.6996871,1.0,0.0,0.008859658959087215,0.006018962226529239,0.014878621185616458,0.0,0.0,0.0,0.0,0.0,0.0,0.0,0.0,0.0,0.0,0.0,0.0,0.0,0.0,0.0,0.0,0.0,0.0,0.0,0.0,-0.01980960949151505,0.0,0.5130314863985405,0.0,0.0,False,0.0,0.0,0.0
401,15,1.214770793914795,42,True,False,all_finished,0.0,1.5000000000000002,1.5001856923103332,1.1736842105263157,20,True,53.69165888298225,1.4503414385955444,342242236.0803151,-0.028215675074121413,0.0,0.0,0.0,0.00012693819954759733,0.15669232777912745,-0.04526348409559318,0.11155578188308195,0.13850497484159585,0.08368420579768102,0.0,0.0,0.0,0.0007215020217458428,0.7770893173389773,0.0,0.0,0.0,0.0,0.0,0.0,0.0,0.0,0.0,0.0,0.0,0.0,0.0,0.0,0,0.0,0.0,0.0,0,0,0.0,0,20,20,239,0.1115557849407196,0.06206250935792923,0.6101948380470276,-0.05652827024459839,0.6472768783569336,0.15676578879356384,0.0,0.0,0.0,0.0,0.0,0.0,0.0,0.0,0.0,0.0,0.0,0.08291814393375353,0.29057527524574966,0.0,0.0,1.5001856923103332,,,0.0001856923103329411,0.9,0.9,0.99581589958159,0.1,0.0,,0,0.20666666666666667,0.7933333333333333,0.7933333333333333,0.0,0.0,1.0,0.0,0.0,1.0,0.0,0.0,0.0,0.0,0.0,-0.0003506326844217256,0.0,-0.008447316661477088,0.5254556655883789,0.254587122797966,1.3509567260742188,0.0,-0.0,0.7933333333333333,238,300,-0.3478379249572754,1.2148362398147583,2.08771231174469,1.7321804285049438,2.2758233070373537,1.491945171356201,0.2520281434059143,0,1.0,1.0,0.48982456140350894,9.306666666666667,50007859.93664404,1.0,0.0,0.0073796107234665965,0.005362134104420624,0.01274174482788722,0.0,0.0,0.0,0.0,0.0,0.0,0.0,0.0,0.0,0.0,0.0,0.0,0.0,0.0,0.0,0.0,0.0,0.0,0.0,0.0,-0.017047809021471745,0.0,0.5104273368914922,0.0,0.0,False,0.0,0.0,0.0
402,16,1.2356703281402588,42,True,False,all_finished,0.0,1.6000000000000003,1.6000000000000003,1.135,20,True,52.47669639151371,1.3891852048436863,324817426.7690741,-0.029334019624367446,0.0,0.0,0.0,0.00011474376995957106,0.14917415387333302,-0.04212302144667299,0.10716587619661946,0.15324168027040883,0.06681007762752865,0.0,0.0,0.0,0.0006585884782963398,0.7792896536237662,0.0,0.0,0.0,0.0,0.0,0.0,0.0,0.0,0.0,0.0,0.0,0.0,0.0,0.0,0,0.0,0.0,0.0,0,0,0.0,0,20,20,227,0.1071658805012703,0.009751461446285248,0.46587544679641724,-0.05306151881814003,0.9238079190254211,0.15366500616073608,0.0,0.0,0.0,0.0,0.0,0.0,0.0,0.0,0.0,0.0,0.0,0.06824246204255283,0.23389925366387218,0.0,0.0,1.6000000000000003,,,0.0,1.0,1.0,1.0,0.0,0.0,,0,0.290625,0.709375,0.709375,0.0,0.0,1.0,0.0,0.0,1.0,0.0,0.0,0.6001855731010437,0.6001855731010437,0.0,0.0001313784741796553,0.0,0.005155367217957974,0.6569740891456604,0.3339492917060852,3.2677682399749757,0.0,-0.0,0.709375,227,320,-0.3314271867275238,1.2329318523406982,2.3656755447387696,1.628463339805603,2.4080778121948243,1.2893893718719482,0.42247320115566256,0,1.0,1.0,0.5006578947368421,9.5125,45836271.1901728,1.0,0.0,0.008326226501927405,0.0058300726782440915,0.014156299180171496,0.0,0.0,0.0,0.0,0.0,0.0,0.0,0.0,0.0,0.0,0.0,0.0,0.0,0.0,0.0,0.0,0.0,0.0,0.0,0.0,-0.012789001822305648,0.0,0.4971059450879693,0.0,0.0,False,0.0,0.0,0.0
403,16,1.3033630847930908,42,True,False,all_finished,0.0,1.6000000000000003,1.6000000000000003,1.245,20,True,51.42067029355856,1.4967034048378245,355754589.0128121,-0.027203882702925765,0.0,0.0,0.0,0.0001280539107748451,0.13434638812823432,-0.0403202586669165,0.09415418337209258,0.15425983957324987,0.0743765172818527,0.0,0.0,0.0,0.0007818154933594911,0.7705818276515378,0.0,0.0,0.0,0.0,0.0,0.0,0.0,0.0,0.0,0.0,0.0,0.0,0.0,0.0,0,0.0,0.0,0.0,0,0,0.0,0,20,20,249,0.09415417909622192,-0.029396822676062584,0.5349480882287025,-0.04961094632744789,0.6681637763977051,0.1413959115743637,0.0,0.0,0.0,0.0,0.0,0.0,0.0,0.0,0.0,0.0,0.0,0.0711184846384109,0.21740166779590567,0.0,0.0,1.6000000000000003,,,0.0,0.95,0.95,1.0,0.05,0.0,,0,0.221875,0.778125,0.778125,0.0,0.0,1.0,0.0,0.0,1.0,0.0,0.0,0.0,0.0,0.0,2.062870335066691e-05,0.0,0.00568394991569221,0.6902785301208496,0.35112848281860354,1.4544578671455384,0.0,-0.0,0.778125,249,320,0.0291924849152565,1.4674360752105713,1.8793843984603882,1.782626485824585,1.9038047075271607,0.8920180797576904,0.16009407937526704,0,1.0,1.0,0.4838815789473684,9.193749999999998,41072520.16797685,1.0,0.0,0.007143450390320364,0.00539778484088597,0.012541235231206335,0.0,0.0,0.0,0.0,0.0,0.0,0.0,0.0,0.0,0.0,0.0,0.0,0.0,0.0,0.0,0.0,0.0,0.0,0.0,0.0,-0.0131163759639908,0.0,0.5051159399561584,0.0,0.0,False,0.0,0.0,0.0
404,16,1.4739761352539062,42,True,False,all_finished,0.0,1.6000000000000003,1.6004565191268925,1.2684210526315793,20,True,51.589210488582,1.5672323217398016,375968078.95255363,-0.026195092421968956,0.0,0.0,0.0,0.00012304579768144733,0.1627039889571333,-0.043742501680191566,0.11908453307462308,0.12656070099732944,0.08477971295665894,0.0,0.0,0.0,0.0006790369218214219,0.7879805491241902,0.0,0.0,0.0,0.0,0.0,0.0,0.0,0.0,0.0,0.0,0.0,0.0,0.0,0.0,0,0.0,0.0,0.0,0,0,0.0,0,20,20,255,0.11908452957868576,-0.0339977853000164,0.83845154941082,-0.05364247411489487,0.9023960828781128,0.16948580741882324,0.0,0.0,0.0,0.0,0.0,0.0,0.0,0.0,0.0,0.0,0.0,0.08509611344857135,0.28424659162433175,0.0,0.0,1.6004565191268925,,,0.000456519126892152,0.85,0.85,0.9921568627450981,0.15,0.0,,0,0.209375,0.790625,0.790625,0.0,0.0,1.0,0.0,0.0,1.0,0.0,0.0,0.15023697912693024,0.15023697912693024,0.0,-5.9176729337195866e-05,0.0,-0.001690836518537253,0.6359923601150512,0.316605144739151,1.3795939922332763,0.0,-0.0,0.790625,253,320,0.18812817335128784,1.5300225019454956,2.0718053817749023,1.9227020740509033,1.8675862789154052,0.964250636100769,0.08003336414694787,0,1.0,1.0,0.7039473684210529,13.375,53139393.035385095,1.0,0.0,0.005764448306241969,0.005614080781559762,0.011378529087801733,0.0,0.0,0.0,0.0,0.0,0.0,0.0,0.0,0.0,0.0,0.0,0.0,0.0,0.0,0.0,0.0,0.0,0.0,0.0,0.0,-0.017547409258222593,0.0,0.4930937240482308,0.0,0.0,False,0.0,0.0,0.0
405,16,1.2932660579681396,42,True,False,all_finished,0.0,1.6000000000000003,1.6014569866657262,1.1625,20,True,55.38081980355963,1.4146061707769946,319732878.0082763,-0.02918073787023263,0.0,-0.0003866990209613932,0.0,0.00012020203512461667,0.13097917347226412,-0.04287966056497265,0.08821971494241607,0.16164771895645647,0.07374352905927042,0.0,0.0021421327637115655,0.0,0.0007652288958485833,0.7617013903247128,0.0,0.0,0.0,0.0,0.0,0.5,0.5,0.25,0.25,0.5,0.5,1.0,1.0,0.1237436830997467,1,0.0,0.0,0.0,1,1,1.0,1,20,20,242,0.08821971714496613,-0.0036440808326005936,0.48669151961803436,-0.05119869112968445,0.5828050374984741,0.13290628790855408,0.0,0.0,0.0,0.0,0.0,0.0,0.0,0.0,0.0,0.0,0.0,0.06923398299458375,0.2399410254632204,0.0,0.0,1.6014569866657262,,,0.0014569866657259123,0.75,0.75,0.9793388429752066,0.25,0.0,,0,0.25625,0.74375,0.74375,0.0,0.0,0.9957983193277311,0.004201680672268907,0.0,0.9957983193277311,0.004201680672268907,0.0,0.2077382653951645,0.2077382653951645,0.0,0.001994282758096233,0.0031804689206182957,0.005081446655094623,0.8503523707389832,0.430565732717514,2.4533233642578125,0.0,-0.0,0.74375,238,320,-0.6286408305168152,1.537157654762268,2.059224534034729,1.7743431329727173,2.58469557762146,1.1983645677566528,0.15241690427064897,0,1.0,1.0,0.4763157894736841,9.049999999999997,44429786.13251788,1.0,0.0,0.0069190715523549965,0.005023404695830955,0.011942476248185955,0.0,0.0,0.0,0.0,0.0,0.0,0.0,0.0,0.0,0.0,0.0,0.0,0.0,0.0,0.0,0.0,0.0,0.0,0.0,0.0,-0.01331222367377862,0.0,0.4917102174600586,0.0,0.0,False,0.0,0.0,0.0
406,16,1.261683702468872,42,True,False,all_finished,0.0,1.6000000000000003,1.600798472166062,1.1500000000000001,20,True,54.2987635188194,1.443563885865529,327813765.17805547,-0.02832728958056262,0.0,-0.0003866990209613932,0.0,0.00011513250788117073,0.16553003077274303,-0.041808721565681134,0.12383644171494321,0.13465213748448795,0.06224505801720669,0.0,0.0018381514965462584,0.0,0.000664738905329558,0.8005999140964295,0.0,0.0,0.0,0.0,0.0,0.5,0.5,0.25,0.25,0.5,0.5,1.0,1.0,0.1237436830997467,1,0.0,0.0,0.0,1,0,0.0,0,20,20,235,0.1238364428281784,-0.0308360792696476,0.5623965859413147,-0.057779062539339066,0.6347386240959167,0.1737772673368454,0.0,0.0,0.0,0.0,0.0,0.0,0.0,0.0,0.0,0.0,0.0,0.06853952944893754,0.23681007396368609,0.0,0.0,1.600798472166062,,,0.0007984721660616589,0.85,0.85,0.9872340425531915,0.15,0.0,,0,0.275,0.725,0.725,0.0,0.0,0.9956896551724138,0.004310344827586207,0.0,0.9956896551724138,0.004310344827586207,0.0,0.3315441608428955,0.3315441608428955,0.0,0.010367302084341645,0.004307263530790806,0.009258647391106933,0.5912423372268677,0.30518750846385956,1.1650341868400573,0.0,-0.0,0.725,232,320,0.028495728969573975,1.359389305114746,2.414021921157837,1.7784464836120606,2.292216110229492,1.1845555543899535,0.13939703851938248,0,1.0,1.0,0.4736842105263159,9.0,49225964.26070445,1.0,0.0,0.008944124353507419,0.005978629481642227,0.014922753835149646,0.0,0.0,0.0,0.0,0.0,0.0,0.0,0.0,0.0,0.0,0.0,0.0,0.0,0.0,0.0,0.0,0.0,0.0,0.0,0.0,-0.013094732964157075,0.0,0.5042296850646381,0.0,0.0,False,0.0,0.0,0.0
407,16,1.340282678604126,42,True,False,all_finished,0.0,1.6000000000000003,1.6012489628791815,1.242105263157895,20,True,51.89375283445041,1.4814292473923838,348541438.82387644,-0.02775469458783984,0.0,0.0,0.0,0.00011822071462224116,0.13622571365539596,-0.04476006434762989,0.09158387002238823,0.1488876067032415,0.0912238034767682,0.0,0.0,0.0,0.0007425366371790789,0.7591460531828111,0.0,0.0,0.0,0.0,0.0,0.0,0.0,0.0,0.0,0.0,0.0,0.0,0.0,0.0,0,0.0,0.0,0.0,0,0,0.0,0,20,20,250,0.09158387780189514,-0.04451283439993858,0.5132250934839249,-0.06385800242424011,0.5457150936126709,0.15375863015651703,0.0,0.0,0.0,0.0,0.0,0.0,0.0,0.0,0.0,0.0,0.0,0.08624574126122389,0.2452142782052245,0.0,0.0,1.6012489628791815,,,0.0012489628791811924,0.7,0.7,0.996,0.3,0.0,,0,0.221875,0.778125,0.778125,0.0,0.0,1.0,0.0,0.0,1.0,0.0,0.0,0.0,0.0,0.0,4.622057458618656e-05,0.0,-0.011431267322041094,0.5964554905891418,0.2871017247438431,1.1625499963760375,0.0,-0.0,0.778125,249,320,-0.25921037793159485,1.6098664999008179,1.8638253211975098,2.107278251647949,2.0479433059692385,1.0201414823532104,0.06025319769978523,0,1.0,1.0,0.5263157894736842,10.0,53142999.54905145,1.0,0.0,0.00821026846526574,0.0059676451362126945,0.014177913601478433,0.0,0.0,0.0,0.0,0.0,0.0,0.0,0.0,0.0,0.0,0.0,0.0,0.0,0.0,0.0,0.0,0.0,0.0,0.0,0.0,-0.01700536975979009,0.0,0.502850762772141,0.0,0.0,False,0.0,0.0,0.0
408,15,1.2415378093719482,42,True,False,all_finished,0.0,1.5000000000000002,1.5000000000000002,1.0999999999999999,20,True,54.746254004949265,1.370219424325216,307103286.8281484,-0.029578966314024204,0.0,0.0,0.0,0.00012163844772491594,0.17340554630197597,-0.04231981088480457,0.13120737386489634,0.13698915643030202,0.05900671211533406,0.0,0.0,0.0,0.0006662396360969849,0.803337891818267,0.0,0.0,0.0,0.0,0.0,0.0,0.0,0.0,0.0,0.0,0.0,0.0,0.0,0.0,0,0.0,0.0,0.0,0,0,0.0,0,20,20,220,0.13120737671852112,0.04183933883905411,0.6324473679065699,-0.05206948146224022,0.9955111145973206,0.17497672140598297,0.0,0.0,0.0,0.0,0.0,0.0,0.0,0.0,0.0,0.0,0.0,0.06732748728971935,0.23675034460040528,0.0,0.0,1.5000000000000002,,,0.0,0.95,0.95,1.0,0.05,0.0,,0,0.26666666666666666,0.7333333333333334,0.7333333333333334,0.0,0.0,1.0,0.0,0.0,1.0,0.0,0.0,0.0,0.0,0.0,-0.0002509350510081276,0.0,-0.01705928721348755,0.493650484085083,0.2300665259361267,13.330018043518066,0.0,-0.0,0.7333333333333333,220,300,-0.06927692890167236,1.0514689683914185,2.4676889419555663,1.5447124719619751,2.4574387073516846,1.2082653999328614,0.19916936457157136,0,1.0,1.0,0.6175438596491227,11.733333333333338,44598668.17013523,1.0,0.0,0.007954640910614706,0.005649881525705531,0.013604522436320238,0.0,0.0,0.0,0.0,0.0,0.0,0.0,0.0,0.0,0.0,0.0,0.0,0.0,0.0,0.0,0.0,0.0,0.0,0.0,0.0,-0.012740844570780323,0.0,0.4988985187156747,0.0,0.0,False,0.0,0.0,0.0
409,16,1.2168335914611816,42,True,False,all_finished,0.0,1.6000000000000003,1.6000000000000003,1.025,20,True,51.63151400383579,1.4242221993263582,336439669.2246416,-0.028449146542194787,0.0,0.0,0.0,0.00011831467059065124,0.24561432554583007,-0.041133969150170854,0.2045986710662499,0.09898775467739156,0.04413637177418461,0.0,0.0,0.0,0.00044003817296607724,0.8564358353754576,0.0,0.0,0.0,0.0,0.0,0.0,0.0,0.0,0.0,0.0,0.0,0.0,0.0,0.0,0,0.0,0.0,0.0,0,0,0.0,0,20,20,205,0.20459866523742676,-0.030733846127986908,1.0390836745500565,-0.05210413038730621,1.258394718170166,0.26200902462005615,0.0,0.0,0.0,0.0,0.0,0.0,0.0,0.0,0.0,0.0,0.0,0.0627193558663598,0.23390946469700077,0.0,0.0,1.6000000000000003,,,0.0,0.95,0.95,1.0,0.05,0.0,,0,0.359375,0.640625,0.640625,0.0,0.0,1.0,0.0,0.0,1.0,0.0,0.0,0.0,0.0,0.0,0.0004531689774012193,0.0,-0.012983186868950725,1.078004491329193,0.5263216078281403,13.721082496643067,0.0,-0.0,0.640625,205,320,1.1662179231643677,1.472400188446045,3.6257057666778563,1.786161208152771,2.5675570964813232,1.218715214729309,0.26792994439601897,0,1.0,1.0,0.5822368421052632,11.062499999999998,55494418.99949418,1.0,0.0,0.006926022504856727,0.005458719377400402,0.012384741882257128,0.0,0.0,0.0,0.0,0.0,0.0,0.0,0.0,0.0,0.0,0.0,0.0,0.0,0.0,0.0,0.0,0.0,0.0,0.0,0.0,-0.012684822607976095,0.0,0.5055848795629572,0.0,0.0,False,0.0,0.0,0.0
410,16,1.2822537422180176,42,True,False,all_finished,0.0,1.6000000000000003,1.6000000000000003,1.2200000000000002,20,True,49.26084015540615,1.5983975585377261,394957132.45455897,-0.025460043293707123,0.0,0.0,0.0,0.00011863806915974168,0.19714651342647865,-0.04269978179359915,0.1545653697020391,0.10609058946992775,0.07183703494381019,0.0,0.0,0.0,0.0005737795282680325,0.821498596057994,0.0,0.0,0.0,0.0,0.0,0.0,0.0,0.0,0.0,0.0,0.0,0.0,0.0,0.0,0,0.0,0.0,0.0,0,0,0.0,0,20,20,244,0.15456536412239075,0.0016988478600978851,0.6824802458286285,-0.058550093322992325,0.6837170124053955,0.20084720849990845,0.0,0.0,0.0,0.0,0.0,0.0,0.0,0.0,0.0,0.0,0.0,0.0834794235928242,0.27614168752048035,0.0,0.0,1.6000000000000003,,,0.0,1.0,1.0,1.0,0.0,0.0,,0,0.2375,0.7625,0.7625,0.0,0.0,1.0,0.0,0.0,1.0,0.0,0.0,0.0,0.0,0.0,-2.86153797787847e-05,0.0,0.018705041706562044,1.110804033279419,0.5744120121002197,6.934554576873779,0.0,-0.0,0.7625,244,320,0.4448625445365906,1.4976906776428223,2.7561716556549074,1.5008776426315307,2.6100279331207275,1.2864028215408325,0.4043033063411713,0,1.0,1.0,0.48223684210526296,9.1625,46541430.69089918,1.0,0.0,0.007389048885101927,0.006041745207750917,0.013430794092852843,0.0,0.0,0.0,0.0,0.0,0.0,0.0,0.0,0.0,0.0,0.0,0.0,0.0,0.0,0.0,0.0,0.0,0.0,0.0,0.0,-0.01723973849989208,0.0,0.5117807733477093,0.0,0.0,False,0.0,0.0,0.0
411,16,1.281315803527832,42,True,False,all_finished,0.0,1.6000000000000003,1.6003938806056979,1.168421052631579,20,True,52.11717731241039,1.4410361861253267,334447831.5543133,-0.02822813824212233,0.0,-0.0003866990209613932,0.0,0.0001234033937607361,0.1530473753754878,-0.04376223967026367,0.10940853909898489,0.14174726406259697,0.07606250296978534,0.0,0.0019418045840220875,0.0,0.0007424245325269587,0.7795060038510687,0.0,0.0,0.0,0.0,0.0,0.5,0.5,0.25,0.25,0.5,0.5,1.0,1.0,0.1237436830997467,1,0.0,0.0,0.0,1,0,0.0,0,20,20,238,0.10940854251384735,0.006010610610246658,0.5042519941926003,-0.06087913364171982,0.5429965257644653,0.15678708255290985,0.0,0.0,0.0,0.0,0.0,0.0,0.0,0.0,0.0,0.0,0.0,0.0786604205891858,0.24780538549228215,0.0,0.0,1.6003938806056979,,,0.0003938806056975608,0.85,0.85,0.9915966386554622,0.15,0.0,,0,0.2625,0.7375,0.7375,0.0,0.0,0.9957627118644068,0.0,0.00423728813559322,0.9957627118644068,0.0,0.00423728813559322,0.8363605737686157,0.8363605737686157,0.0,-0.0004208075755741447,0.0021227478049695493,0.0021917808800935744,0.864076554775238,0.4345349967479706,2.220042276382446,0.0,-0.0,0.7375,236,320,-0.7475207448005676,1.5402227640151978,2.4454193115234375,1.768218421936035,2.904870891571045,1.1032845973968506,0.3669292449951172,0,1.0,1.0,0.48618421052631566,9.237499999999999,49380744.744931914,1.0,0.0,0.007504558966739254,0.005831677092448087,0.013336236059187342,0.0,0.0,0.0,0.0,0.0,0.0,0.0,0.0,0.0,0.0,0.0,0.0,0.0,0.0,0.0,0.0,0.0,0.0,0.0,0.0,-0.01514740240717986,0.0,0.500723209278658,0.0,0.0,False,0.0,0.0,0.0
412,16,1.2487878799438477,42,True,False,all_finished,0.0,1.6000000000000003,1.6024161529541021,1.1631578947368422,20,True,53.75113942750603,1.4291242293286186,327857181.33369553,-0.02849136940661574,0.0,0.0,0.0,0.0001238255515131499,0.16156556299612823,-0.04441600608005956,0.11727338246758186,0.13438756616787748,0.0751130327963422,0.0,0.0,0.0,0.0007202955894391764,0.7897791054463411,0.0,0.0,0.0,0.0,0.0,0.0,0.0,0.0,0.0,0.0,0.0,0.0,0.0,0.0,0,0.0,0.0,0.0,0,0,0.0,0,20,20,235,0.11727338284254074,-0.013000061735510826,0.6692422032356262,-0.05683763697743416,0.7079818844795227,0.16728536784648895,0.0,0.0,0.0,0.0,0.0,0.0,0.0,0.0,0.0,0.0,0.0,0.07599997435621282,0.2955903334238123,0.0,0.0,1.6024161529541021,,,0.0024161529541018023,0.75,0.75,0.9872340425531915,0.25,0.0,,0,0.275,0.725,0.725,0.0,0.0,1.0,0.0,0.0,1.0,0.0,0.0,0.0,0.0,0.0,0.00013143916294211522,0.0,0.003998554404824972,0.6871263384819031,0.34786633849143983,1.6113986134529115,0.0,-0.0,0.725,232,320,-0.3091927468776703,1.7291796207427979,2.316358184814453,2.1254908084869384,2.437389850616455,1.0447047233581543,0.18507480174303054,0,1.0,1.0,0.4736842105263159,9.0,48620143.05610584,1.0,0.0,0.00641194648217031,0.0058722281320667934,0.0122841746142371,0.0,0.0,0.0,0.0,0.0,0.0,0.0,0.0,0.0,0.0,0.0,0.0,0.0,0.0,0.0,0.0,0.0,0.0,0.0,0.0,-0.01592463667344374,0.0,0.5083569187670947,0.0,0.0,False,0.0,0.0,0.0
413,16,1.2776916027069092,42,True,False,all_finished,0.0,1.6000000000000003,1.6004358601570137,1.2210526315789476,20,True,51.27288699072327,1.5571762378615288,374815215.3523749,-0.026345280382988424,0.0,0.0,0.0,0.00011806509273931231,0.18278382178357605,-0.041228905728945706,0.14167298114736968,0.1163411753269822,0.0657263251976335,0.0,0.0,0.0,0.0005715311228857142,0.8173609683524986,0.0,0.0,0.0,0.0,0.0,0.0,0.0,0.0,0.0,0.0,0.0,0.0,0.0,0.0,0,0.0,0.0,0.0,0,0,0.0,0,20,20,245,0.14167296886444092,-0.03679825738072395,0.5878131091594696,-0.04995701462030411,0.5999199748039246,0.19095763564109802,0.0,0.0,0.0,0.0,0.0,0.0,0.0,0.0,0.0,0.0,0.0,0.0767164814712172,0.24591870558466142,0.0,0.0,1.6004358601570137,,,0.0004358601570133569,0.95,0.95,0.9959183673469387,0.05,0.0,,0,0.2375,0.7625,0.7625,0.0,0.0,1.0,0.0,0.0,1.0,0.0,0.0,0.0,0.0,0.0,-0.000494895689189434,0.0,0.004345670435577631,0.5044036984443665,0.2568525493144989,2.469649815559387,0.0,-0.0,0.7625,244,320,0.2860264480113983,1.311253547668457,2.4639615058898925,1.89671733379364,2.208729696273804,1.1799165964126588,0.10667148232460022,0,1.0,1.0,0.46611842105263135,8.856250000000001,47324789.907522395,1.0,0.0,0.007765048058839957,0.005647723711589782,0.013412771770429741,0.0,0.0,0.0,0.0,0.0,0.0,0.0,0.0,0.0,0.0,0.0,0.0,0.0,0.0,0.0,0.0,0.0,0.0,0.0,0.0,-0.014883625345957278,0.0,0.4662153301644139,0.0,0.0,False,0.0,0.0,0.0
414,16,1.234269380569458,42,True,False,all_finished,0.0,1.6000000000000003,1.6000000000000003,1.16,20,True,53.02817941485728,1.5249456034933107,349460987.81079805,-0.026707006066943057,0.0,0.0,0.0,0.00010870150546615129,0.20465545508666888,-0.03779018410764345,0.16697397248449153,0.10932293234563607,0.045368077577885316,0.0,0.0,0.0,0.0005271356614309917,0.8447818544150475,0.0,0.0,0.0,0.0,0.0,0.0,0.0,0.0,0.0,0.0,0.0,0.0,0.0,0.0,0,0.0,0.0,0.0,0,0,0.0,0,20,20,232,0.16697397828102112,-0.004736281931400299,0.5554642230272293,-0.0446607768535614,0.6569857001304626,0.2067270129919052,0.0,0.0,0.0,0.0,0.0,0.0,0.0,0.0,0.0,0.0,0.0,0.05873754560696889,0.24208080134602805,0.0,0.0,1.6000000000000003,,,0.0,0.95,0.95,1.0,0.05,0.0,,0,0.275,0.725,0.725,0.0,0.0,1.0,0.0,0.0,1.0,0.0,0.0,0.0,0.0,0.0,-0.00012167482054792345,0.0,-0.00048030123580247166,0.7292389035224914,0.36444498896598815,7.0600502490997314,0.0,-0.0,0.725,232,320,0.17704251408576965,1.5987080335617065,3.032942771911621,1.896187996864319,2.9136203289031983,1.0595800399780273,0.16222138106822967,0,1.0,1.0,0.46249999999999986,8.7875,43624171.49799974,1.0,0.0,0.008264557181958421,0.005515676823348659,0.013780234005307082,0.0,0.0,0.0,0.0,0.0,0.0,0.0,0.0,0.0,0.0,0.0,0.0,0.0,0.0,0.0,0.0,0.0,0.0,0.0,0.0,-0.011083178040700374,0.0,0.4853527057595784,0.0,0.0,False,0.0,0.0,0.0
415,16,1.3366239070892334,42,True,False,all_finished,0.0,1.6000000000000003,1.6000000000000003,1.2399999999999998,20,True,50.727001973866734,1.5586240949456602,375067383.6856573,-0.02626130108509367,0.0,0.0,0.0,0.00011522040870233489,0.16658535584563694,-0.04249905221325284,0.1242015240410865,0.1250170300997889,0.07729987996269583,0.0,0.0,0.0,0.0006282748725266084,0.7970548150649887,0.0,0.0,0.0,0.0,0.0,0.0,0.0,0.0,0.0,0.0,0.0,0.0,0.0,0.0,0,0.0,0.0,0.0,0,0,0.0,0,20,20,248,0.12420152127742767,0.014943204820156097,0.5399344190955162,-0.057247232645750046,0.7929553985595703,0.17196428775787354,0.0,0.0,0.0,0.0,0.0,0.0,0.0,0.0,0.0,0.0,0.0,0.0811565185239381,0.27284472332128146,0.0,0.0,1.6000000000000003,,,0.0,0.95,0.95,1.0,0.05,0.0,,0,0.225,0.775,0.775,0.0,0.0,1.0,0.0,0.0,1.0,0.0,0.0,0.0,0.0,0.0,-0.0002969890472741099,0.0,0.011627002246677875,0.8324878573417663,0.4281729459762573,2.3641910314559937,0.0,-0.0,0.775,248,320,-0.28604045510292053,1.3375519514083862,2.5305826663970947,1.4744827270507812,2.6622583866119385,1.0795123100280761,0.2861261457204819,0,1.0,1.0,0.5473684210526315,10.400000000000002,42410822.67542835,1.0,0.0,0.008208326255498109,0.006245677171517303,0.014454003427015411,0.0,0.0,0.0,0.0,0.0,0.0,0.0,0.0,0.0,0.0,0.0,0.0,0.0,0.0,0.0,0.0,0.0,0.0,0.0,0.0,-0.016237751128159155,0.0,0.49841237685177475,0.0,0.0,False,0.0,0.0,0.0
416,16,1.2918939590454102,42,True,False,all_finished,0.0,1.6000000000000003,1.6011201882362371,1.177777777777778,20,True,51.87483642292731,1.47719560573399,347969066.4377891,-0.027622950026970572,0.0,0.0,0.0,0.00012367052552917314,0.169001821763158,-0.04543419869695533,0.12369129359173185,0.12735828957420803,0.0821204890706936,0.0,0.0,0.0,0.0006195968114517343,0.7899016245436467,0.0,0.0,0.0,0.0,0.0,0.0,0.0,0.0,0.0,0.0,0.0,0.0,0.0,0.0,0,0.0,0.0,0.0,0,0,0.0,0,20,20,241,0.12369129061698914,-0.001993797719478607,0.6345150619745255,-0.0607898123562336,0.8469288945198059,0.17821355164051056,0.0,0.0,0.0,0.0,0.0,0.0,0.0,0.0,0.0,0.0,0.0,0.08481276555955622,0.31291034256159267,0.0,0.0,1.6011201882362371,,,0.0011201882362368298,0.85,0.85,0.983402489626556,0.15,0.0,,0,0.259375,0.740625,0.740625,0.0,0.0,1.0,0.0,0.0,1.0,0.0,0.0,0.0,0.0,0.0,-0.00042394463380333034,0.0,-0.013388830423355102,0.6329699516296386,0.30340021252632143,1.0441229701042176,0.0,-0.0,0.740625,237,320,-0.16242295503616333,1.6467260122299194,2.395049047470093,2.0779025554656982,2.4225254535675047,0.956079113483429,0.10745807886123657,0,1.0,1.0,0.49144736842105274,9.337500000000002,42693819.49426431,1.0,0.0,0.007756336747439148,0.0057371188725413025,0.013493455619980452,0.0,0.0,0.0,0.0,0.0,0.0,0.0,0.0,0.0,0.0,0.0,0.0,0.0,0.0,0.0,0.0,0.0,0.0,0.0,0.0,-0.017811248669984805,0.0,0.48538131442037413,0.0,0.0,False,0.0,0.0,0.0
417,16,1.2526297569274902,42,True,False,all_finished,0.0,1.6000000000000003,1.6000000000000003,1.1599999999999997,20,True,54.12004578789282,1.4799554912263209,336216967.28259397,-0.027470023042875814,0.0,-0.0003866990209613932,0.0,0.00011065141358002702,0.18443376214087165,-0.04218259286770526,0.14236182068674666,0.11970678993398572,0.06242819688441426,0.0,0.0016851277626397404,0.0,0.0005375677865964437,0.8156423176323638,0.0,0.0,0.0,0.0,0.0,0.5,0.5,0.25,0.25,0.5,0.5,1.0,1.0,0.1237436830997467,1,0.0,0.0,0.0,1,0,0.0,0,20,20,232,0.1423618197441101,-0.026911904104053974,0.6238058358430862,-0.05615838244557381,0.797218918800354,0.1920768916606903,0.0,0.0,0.0,0.0,0.0,0.0,0.0,0.0,0.0,0.0,0.0,0.07610988656672268,0.22421206966211413,0.0,0.0,1.6000000000000003,,,0.0,0.9,0.9,1.0,0.1,0.0,,0,0.275,0.725,0.725,0.0,0.0,0.9956896551724138,0.004310344827586207,0.0,0.9956896551724138,0.004310344827586207,0.0,0.5660170912742615,0.5660170912742615,0.0,-0.0007037878385744989,0.0032848251052200795,0.005069642793387175,0.572851836681366,0.2917996346950531,1.4780172109603882,0.0,-0.0,0.725,232,320,0.050949327647686005,1.4421358108520508,2.6765022754669188,1.9235814809799194,2.6939963340759276,0.9607864141464233,0.1578032061457634,0,1.0,1.0,0.48585526315789473,9.231250000000003,40327509.65213502,1.0,0.0,0.00820346231711264,0.00548511776540657,0.01368858008251921,0.0,0.0,0.0,0.0,0.0,0.0,0.0,0.0,0.0,0.0,0.0,0.0,0.0,0.0,0.0,0.0,0.0,0.0,0.0,0.0,-0.014325870803868018,0.0,0.5113755467813462,0.0,0.0,False,0.0,0.0,0.0
418,15,1.142514705657959,42,True,False,all_finished,0.0,1.5000000000000002,1.5004200637340546,1.0578947368421052,20,True,54.210288264893094,1.40647766277526,323492637.2761425,-0.02921535379538067,0.0,0.0,0.0,0.00012052633978389353,0.2083418562587247,-0.04206986708312056,0.16639251551538828,0.11654775733630976,0.05128004630129644,0.0,0.0,0.0,0.0005434845188747388,0.831628711843519,0.0,0.0,0.0,0.0,0.0,0.0,0.0,0.0,0.0,0.0,0.0,0.0,0.0,0.0,0,0.0,0.0,0.0,0,0,0.0,0,20,20,216,0.166392520070076,-0.030742693692445755,0.8351000845432279,-0.054813578724861145,0.9950605630874634,0.22040970623493195,0.0,0.0,0.0,0.0,0.0,0.0,0.0,0.0,0.0,0.0,0.0,0.0667417664648089,0.2277967961994562,0.0,0.0,1.5004200637340546,,,0.0004200637340543434,0.95,0.95,0.9953703703703703,0.05,0.0,,0,0.2833333333333333,0.7166666666666667,0.7166666666666667,0.0,0.0,1.0,0.0,0.0,1.0,0.0,0.0,0.0,0.0,0.0,-3.3240244374610486e-05,0.0,-0.024146130436565726,0.8957354068756104,0.4240251660346985,1.945767092704773,0.0,-0.0,0.7166666666666667,215,300,-0.17433509230613708,1.7942583560943604,3.07509069442749,1.9059379816055297,3.082228899002075,1.3049126863479614,0.16794230937957763,0,1.0,1.0,0.4694736842105264,8.920000000000003,49405484.13980027,1.0,0.0,0.009464519079339206,0.005617239160761962,0.015081758240101169,0.0,0.0,0.0,0.0,0.0,0.0,0.0,0.0,0.0,0.0,0.0,0.0,0.0,0.0,0.0,0.0,0.0,0.0,0.0,0.0,-0.012854513287739885,0.0,0.49229644969726605,0.0,0.0,False,0.0,0.0,0.0
419,16,1.3131394386291504,42,True,False,all_finished,0.0,1.6000000000000003,1.6004154825210577,1.2388888888888892,20,True,52.54681217042116,1.4620590705036125,340313981.95670235,-0.02785985054430128,0.0,0.0,0.0,0.00012155149928444564,0.1147370073227864,-0.04767639212179932,0.06718216670027155,0.1708153701894075,0.12149992980226186,0.0,0.0,0.0,0.0008354008862988363,0.7068492991220318,0.0,0.0,0.0,0.0,0.0,0.0,0.0,0.0,0.0,0.0,0.0,0.0,0.0,0.0,0,0.0,0.0,0.0,0,0,0.0,0,20,20,254,0.06718216836452484,-0.031244341284036636,0.5277212560176849,-0.06149806082248688,0.6507213711738586,0.12388339638710022,0.0,0.0,0.0,0.0,0.0,0.0,0.0,0.0,0.0,0.0,0.0,0.0934131627537466,0.32039397395171304,0.0,0.0,1.6004154825210577,,,0.0004154825210573865,0.8,0.8,0.9921259842519685,0.2,0.0,,0,0.2125,0.7875,0.7875,0.0,0.0,1.0,0.0,0.0,1.0,0.0,0.0,0.0,0.0,0.0,-0.0005615387693978846,0.0,-0.013420282397419214,0.7607359647750854,0.3672522783279419,3.450733280181885,0.0,-0.0,0.7875,252,320,-1.0223240852355957,1.4035420417785645,1.750562572479248,1.9356045484542848,2.59090051651001,1.2281293869018555,0.21116430610418319,0,1.0,1.0,0.4644736842105262,8.825,51057305.59080687,1.0,0.0,0.007046429115206816,0.005814265528299095,0.012860694643505912,0.0,0.0,0.0,0.0,0.0,0.0,0.0,0.0,0.0,0.0,0.0,0.0,0.0,0.0,0.0,0.0,0.0,0.0,0.0,0.0,-0.019816541577498036,0.0,0.4774855902651325,0.0,0.0,False,0.0,0.0,0.0
420,16,1.3041014671325684,42,True,False,all_finished,0.0,1.6000000000000003,1.6000000000000003,1.165,20,True,52.631892530582334,1.3999070684806034,324755650.7304263,-0.028922557225739602,0.0,0.0,0.0,0.00011817349995512246,0.14231830569680595,-0.04119903546145155,0.10123744373530949,0.1542190879647774,0.06545988524299698,0.0,0.0,0.0,0.0006902577432185988,0.779630769049007,0.0,0.0,0.0,0.0,0.0,0.0,0.0,0.0,0.0,0.0,0.0,0.0,0.0,0.0,0,0.0,0.0,0.0,0,0,0.0,0,20,20,233,0.10123744606971741,-0.015133475884795189,0.4664241075515747,-0.059295352548360825,1.0856540203094482,0.14803795516490936,0.0,0.0,0.0,0.0,0.0,0.0,0.0,0.0,0.0,0.0,0.0,0.06589382503371487,0.2226067351765154,0.0,0.0,1.6000000000000003,,,0.0,0.85,0.85,1.0,0.15,0.0,,0,0.271875,0.728125,0.728125,0.0,0.0,1.0,0.0,0.0,1.0,0.0,0.0,0.0,0.0,0.0,0.0002071185561362654,0.0,0.0010715045034885406,0.6467461705207824,0.3247453272342682,1.7930059671401977,0.0,-0.0,0.728125,233,320,-0.4478858709335327,1.4293068647384644,2.0865900039672853,1.811515998840332,2.3137097358703613,1.0694830894470215,0.44469272196292875,0,1.0,1.0,0.5473684210526315,10.400000000000002,47991766.46448998,1.0,0.0,0.009877715367022416,0.005601845336392374,0.015479560703414788,0.0,0.0,0.0,0.0,0.0,0.0,0.0,0.0,0.0,0.0,0.0,0.0,0.0,0.0,0.0,0.0,0.0,0.0,0.0,0.0,-0.012276478235711891,0.0,0.47716988991596737,0.0,0.0,False,0.0,0.0,0.0
421,15,1.2458164691925049,42,True,False,all_finished,0.0,1.5000000000000002,1.5004632949829104,1.1473684210526314,20,True,52.8941731517731,1.4223132119668402,330027026.12792575,-0.028893161684688605,0.0,0.0,0.0,0.00013048454389520017,0.1540043238276839,-0.044479862167502236,0.10965494620407683,0.14381333954640854,0.07758152165572536,0.0,0.0,0.0,0.0007372123641489986,0.7778679264337172,0.0,0.0,0.0,0.0,0.0,0.0,0.0,0.0,0.0,0.0,0.0,0.0,0.0,0.0,0,0.0,0.0,0.0,0,0,0.0,0,20,20,233,0.10965494066476822,-0.04247734695672989,0.38976432383060444,-0.053530946373939514,0.46501001715660095,0.1616731733083725,0.0,0.0,0.0,0.0,0.0,0.0,0.0,0.0,0.0,0.0,0.0,0.0793502422634097,0.2466730388472579,0.0,0.0,1.5004632949829104,,,0.00046329498291020066,0.9,0.9,0.9957081545064378,0.1,0.0,,0,0.22666666666666666,0.7733333333333333,0.7733333333333333,0.0,0.0,1.0,0.0,0.0,1.0,0.0,0.0,0.0,0.0,0.0,0.00039569660584675147,0.0,0.0003273807466030121,0.866862416267395,0.43406075835227964,5.271959590911865,0.0,-0.0,0.7733333333333333,232,300,-0.32694679498672485,1.448227047920227,2.1438981533050536,1.5693292617797852,2.325324535369873,1.1723291397094726,0.32576378285884855,0,1.0,1.0,0.5607017543859648,10.653333333333334,40824569.8000759,1.0,0.0,0.007798646755040767,0.005772528406211246,0.013571175161252013,0.0,0.0,0.0,0.0,0.0,0.0,0.0,0.0,0.0,0.0,0.0,0.0,0.0,0.0,0.0,0.0,0.0,0.0,0.0,0.0,-0.015586700482813607,0.0,0.49638641597082217,0.0,0.0,False,0.0,0.0,0.0
422,16,1.3550004959106445,42,True,False,all_finished,0.0,1.6000000000000003,1.6012905097007757,1.2529411764705884,20,True,52.358435918932074,1.4394205308967587,338702378.83440083,-0.028367892688006952,0.0,0.0,0.0,0.00012772896931047902,0.09442743545312383,-0.04252294676363402,0.05203221765880026,0.20500787110841,0.1022951381473448,0.0,0.0,0.0,0.0010745832042776992,0.6916224075399675,0.0,0.0,0.0,0.0,0.0,0.0,0.0,0.0,0.0,0.0,0.0,0.0,0.0,0.0,0,0.0,0.0,0.0,0,0,0.0,0,20,20,257,0.052032217383384705,-0.03443194925785065,0.31685007363557816,-0.054054755717515945,0.5822413563728333,0.10367172211408615,0.0,0.0,0.0,0.0,0.0,0.0,0.0,0.0,0.0,0.0,0.0,0.07474349192800714,0.23094177039392766,0.0,0.0,1.6012905097007757,,,0.0012905097007753774,0.8,0.8,0.9844357976653697,0.2,0.0,,0,0.209375,0.790625,0.790625,0.0,0.0,1.0,0.0,0.0,1.0,0.0,0.0,0.0,0.0,0.0,0.00026178681728197264,0.0,0.004008057620376348,0.788619875907898,0.39862348437309264,5.27500638961792,0.0,-0.0,0.790625,253,320,-0.5346819758415222,1.1870068311691284,1.383309817314148,1.4598156213760376,1.642335295677185,0.8814825177192688,0.4531490087509155,0,1.0,1.0,0.47368421052631593,9.0,52946134.12041992,1.0,0.0,0.008041857214942173,0.005658448040409733,0.013700305255351899,0.0,0.0,0.0,0.0,0.0,0.0,0.0,0.0,0.0,0.0,0.0,0.0,0.0,0.0,0.0,0.0,0.0,0.0,0.0,0.0,-0.014155054075627047,0.0,0.47399291162146256,0.0,0.0,False,0.0,0.0,0.0
423,16,1.3251357078552246,42,True,False,all_finished,0.0,1.6000000000000003,1.6000000000000003,1.1800000000000002,20,True,52.321002454096835,1.4118563874765404,328023382.37003076,-0.02877766059797543,0.0,0.0,0.0,0.00011799020478767582,0.14019073054165365,-0.04335838714130871,0.09695033360513254,0.1550659319029685,0.07856698224536676,0.0,0.0,0.0,0.000704897858785539,0.7656621879928792,0.0,0.0,0.0,0.0,0.0,0.0,0.0,0.0,0.0,0.0,0.0,0.0,0.0,0.0,0,0.0,0.0,0.0,0,0,0.0,0,20,20,236,0.09695032984018326,-0.035365041345357895,0.5954569429159164,-0.05783649906516075,0.6078887581825256,0.1488717794418335,0.0,0.0,0.0,0.0,0.0,0.0,0.0,0.0,0.0,0.0,0.0,0.07537703610450418,0.2576408897841199,0.0,0.0,1.6000000000000003,,,0.0,0.9,0.9,1.0,0.1,0.0,,0,0.2625,0.7375,0.7375,0.0,0.0,1.0,0.0,0.0,1.0,0.0,0.0,0.0,0.0,0.0,0.0002669430716196075,0.0,0.014217337965965271,0.5464736580848694,0.2877584248781204,1.3283681869506836,0.0,-0.0,0.7375,236,320,-0.050548113882541656,1.45680832862854,1.8151124954223632,1.9228148698806762,1.803007435798645,0.9776892066001892,0.14369547069072724,0,1.0,1.0,0.5578947368421054,10.599999999999998,50199165.715611294,1.0,0.0,0.007080746171661348,0.00558594262457111,0.01266668879623246,0.0,0.0,0.0,0.0,0.0,0.0,0.0,0.0,0.0,0.0,0.0,0.0,0.0,0.0,0.0,0.0,0.0,0.0,0.0,0.0,-0.014580726543333297,0.0,0.48861664309661135,0.0,0.0,False,0.0,0.0,0.0
424,16,1.325948715209961,42,True,False,all_finished,0.0,1.6000000000000003,1.6006863009929664,1.205263157894737,20,True,50.9460645135555,1.4552421212616813,351327458.204672,-0.028062582370418067,0.0,0.0,0.0,0.0001202048635909448,0.1344902412619749,-0.04532815907941912,0.08928228704614674,0.15431191243169506,0.09494080502051755,0.0,0.0,0.0,0.0007447341747677949,0.7500025483730196,0.0,0.0,0.0,0.0,0.0,0.0,0.0,0.0,0.0,0.0,0.0,0.0,0.0,0.0,0,0.0,0.0,0.0,0,0,0.0,0,20,20,245,0.08928228914737701,0.0068556927144527435,0.5323580130934715,-0.05665190517902374,0.6501733064651489,0.1372862011194229,0.0,0.0,0.0,0.0,0.0,0.0,0.0,0.0,0.0,0.0,0.0,0.08367468343079199,0.2684956855877656,0.0,0.0,1.6006863009929664,,,0.0006863009929660713,0.85,0.85,0.9959183673469387,0.15,0.0,,0,0.2375,0.7625,0.7625,0.0,0.0,1.0,0.0,0.0,1.0,0.0,0.0,0.0,0.0,0.0,-2.8504154761321844e-05,0.0,0.002039119845721871,0.5236644268035888,0.2641776740550995,3.5561471939086915,0.0,-0.0,0.7625,244,320,-0.1973002403974533,1.1655559539794922,1.8151689291000366,1.690901017189026,1.9696398973464966,1.1779056310653686,0.1854689598083496,0,1.0,1.0,0.5312499999999998,10.093749999999998,41527192.90227434,1.0,0.0,0.008956870513424097,0.005872359733305008,0.014829230246729103,0.0,0.0,0.0,0.0,0.0,0.0,0.0,0.0,0.0,0.0,0.0,0.0,0.0,0.0,0.0,0.0,0.0,0.0,0.0,0.0,-0.01726557670900099,0.0,0.4846822807128774,0.0,0.0,False,0.0,0.0,0.0
425,16,1.2962582111358643,42,True,False,all_finished,0.0,1.6000000000000003,1.6016285133361823,1.2157894736842105,20,True,49.377961689368064,1.527777943931611,378863993.51453006,-0.02664197180861797,0.0,0.0,0.0,0.00011900829425431954,0.16769657327979912,-0.047790653964035555,0.12002492761001793,0.12319777607518789,0.09779571223874889,0.0,0.0,0.0,0.0006129589426262093,0.778393552743437,0.0,0.0,0.0,0.0,0.0,0.0,0.0,0.0,0.0,0.0,0.0,0.0,0.0,0.0,0,0.0,0.0,0.0,0,0,0.0,0,20,20,246,0.12002492696046829,0.03592800535261631,0.4909903556108475,-0.07227636128664017,0.573022723197937,0.17001551389694214,0.0,0.0,0.0,0.0,0.0,0.0,0.0,0.0,0.0,0.0,0.0,0.09822237122353814,0.29854546425513906,0.0,0.0,1.6016285133361823,,,0.0016285133361819693,0.9,0.9,0.9959349593495935,0.1,0.0,,0,0.234375,0.765625,0.765625,0.0,0.0,1.0,0.0,0.0,1.0,0.0,0.0,0.0,0.0,0.0,0.0001292277593165636,0.0,-0.02231285870075226,0.516084897518158,0.23603881895542145,1.588503861427307,0.0,-0.0,0.765625,245,320,0.33511072397232056,1.3400671482086182,2.0929197788238527,1.9307125806808472,1.8468354225158692,1.1226818084716796,0.18461910933256148,0,1.0,1.0,0.4736842105263159,9.0,43921679.64167998,1.0,0.0,0.007026813724328065,0.005691443820727569,0.012718257545055633,0.0,0.0,0.0,0.0,0.0,0.0,0.0,0.0,0.0,0.0,0.0,0.0,0.0,0.0,0.0,0.0,0.0,0.0,0.0,0.0,-0.021148682155417632,0.0,0.48340010788524523,0.0,0.0,False,0.0,0.0,0.0
426,16,1.302260160446167,42,True,False,all_finished,0.0,1.6000000000000003,1.6000000000000003,1.2050000000000003,20,True,49.959711155464944,1.501953875269083,369028869.27659285,-0.027212854147698685,0.0,-0.0003866990209613932,0.0,0.00012397041006359714,0.16682157955997345,-0.04695181242050207,0.11999373754953495,0.1272129808828638,0.09046675416268277,0.0,0.0018077168566731907,0.0,0.0006652635671085182,0.7798472845306718,0.0,0.0,0.0,0.0,0.0,0.5,0.5,0.25,0.25,0.5,0.5,1.0,1.0,0.1237436830997467,1,0.0,0.0,0.0,1,0,0.0,0,20,20,241,0.11999373883008957,0.029755892232060432,0.5433976650238037,-0.0630594864487648,0.7256671786308289,0.16824248433113098,0.0,0.0,0.0,0.0,0.0,0.0,0.0,0.0,0.0,0.0,0.0,0.09198946007607223,0.2842902580754274,0.0,0.0,1.6000000000000003,,,0.0,1.0,1.0,1.0,0.0,0.0,,0,0.246875,0.753125,0.753125,0.0,0.0,0.995850622406639,0.004149377593360996,0.0,0.995850622406639,0.004149377593360996,0.0,0.6295404434204102,0.6295404434204102,0.0,-0.0016414094308856875,0.003104777168482542,-0.018859000294469297,0.4945863842964172,0.2287444293498993,5.329661893844604,0.0,-0.0,0.753125,241,320,0.13215132057666779,1.301030158996582,2.251344919204712,1.9284249305725099,2.0276870250701906,1.450254464149475,0.17557294368743898,0,1.0,1.0,0.4904605263157895,9.31875,45231504.12081715,1.0,0.0,0.007316275127661061,0.005719185804649841,0.013035460932310903,0.0,0.0,0.0,0.0,0.0,0.0,0.0,0.0,0.0,0.0,0.0,0.0,0.0,0.0,0.0,0.0,0.0,0.0,0.0,0.0,-0.01935225925184199,0.0,0.4778092443826608,0.0,0.0,False,0.0,0.0,0.0
427,16,1.3041882514953613,42,True,False,all_finished,0.0,1.6000000000000003,1.6000000000000003,1.2550000000000001,20,True,49.40238604302404,1.5485889690418069,380709108.62615114,-0.026344163305804035,0.0,0.0,0.0,0.00012116388294702283,0.15417228068150765,-0.043447313746934293,0.11084613081752048,0.13321589481401538,0.08648638651780295,0.0,0.0,0.0,0.0006867631750653742,0.7796109554931163,0.0,0.0,0.0,0.0,0.0,0.0,0.0,0.0,0.0,0.0,0.0,0.0,0.0,0.0,0,0.0,0.0,0.0,0,0,0.0,0,20,20,251,0.1108461394906044,-0.015360857360064983,0.5429601520299911,-0.05396812781691551,0.6032445430755615,0.1597178727388382,0.0,0.0,0.0,0.0,0.0,0.0,0.0,0.0,0.0,0.0,0.0,0.08416951411570583,0.28146265171218915,0.0,0.0,1.6000000000000003,,,0.0,1.0,1.0,1.0,0.0,0.0,,0,0.215625,0.784375,0.784375,0.0,0.0,1.0,0.0,0.0,1.0,0.0,0.0,0.0,0.0,0.0,-1.4626904885517433e-05,0.0,-0.004771673120558262,0.8123921871185302,0.40173713564872743,4.167535781860352,0.0,-0.0,0.784375,251,320,0.12692390382289886,1.5894182920455933,2.0618682146072387,1.8095624208450318,2.0857749462127684,1.2300388813018799,0.2603597015142441,0,1.0,1.0,0.4664473684210523,8.8625,42381328.55092457,1.0,0.0,0.008055125284285689,0.005926903617564035,0.013982028901849724,0.0,0.0,0.0,0.0,0.0,0.0,0.0,0.0,0.0,0.0,0.0,0.0,0.0,0.0,0.0,0.0,0.0,0.0,0.0,0.0,-0.01710315044113026,0.0,0.4642254726437386,0.0,0.0,False,0.0,0.0,0.0
428,16,1.4159035682678223,42,True,False,all_finished,0.0,1.6000000000000003,1.6018997573852545,1.177777777777778,20,True,52.4939672604027,1.427134320708433,332507520.0074303,-0.028430610691128688,0.0,0.0,0.0,0.00012840142982259624,0.14627481005080656,-0.03990366033122677,0.10649955114940238,0.15232926541222652,0.06147181440107042,0.0,0.0,0.0,0.0007758545434855025,0.7854230656432176,0.0,0.0,0.0,0.0,0.0,0.0,0.0,0.0,0.0,0.0,0.0,0.0,0.0,0.0,0,0.0,0.0,0.0,0,0,0.0,0,20,20,243,0.1064995527267456,-0.031736597418785095,0.5648042857646942,-0.04934784397482872,1.3150627613067627,0.15542633831501007,0.0,0.0,0.0,0.0,0.0,0.0,0.0,0.0,0.0,0.0,0.0,0.0618617790252741,0.21150657006536058,0.0,0.0,1.6018997573852545,,,0.0018997573852541638,0.8,0.8,0.9794238683127572,0.2,0.0,,0,0.25625,0.74375,0.74375,0.0,0.0,1.0,0.0,0.0,1.0,0.0,0.0,0.0,0.0,0.0,0.00018689438002184033,0.0,0.009449208900332452,0.464462548494339,0.24198582470417024,3.3737539291381835,0.0,-0.0,0.74375,238,320,-0.23405438661575317,1.570992350578308,1.909734296798706,2.296352434158325,1.9736473560333252,1.3039289712905884,0.16946013420820236,0,1.0,1.0,0.673684210526316,12.800000000000002,49786090.53891481,1.0,0.0,0.007127632809594123,0.005329052760792611,0.012456685570386731,0.0,0.0,0.0,0.0,0.0,0.0,0.0,0.0,0.0,0.0,0.0,0.0,0.0,0.0,0.0,0.0,0.0,0.0,0.0,0.0,-0.011473049640098083,0.0,0.4842532393056899,0.0,0.0,False,0.0,0.0,0.0
429,15,1.1892642974853516,42,True,False,all_finished,0.0,1.5000000000000002,1.5031587600708007,1.1666666666666667,20,True,50.885260468049985,1.444001968527347,342591937.1876207,-0.028000418098195486,0.0,-0.0004124789556921527,0.0,0.0001398771280522001,0.15557689709145006,-0.046171995698986334,0.10954477852051593,0.13788900204221197,0.08745527944454755,0.0,0.0020312665105336465,0.0,0.0008346994442227547,0.7717897525584841,0.0,0.0,0.0,0.0,0.0,0.5,0.5,0.25,0.25,0.5,0.5,1.0,1.0,0.1237436830997467,1,0.0,0.0,0.0,1,0,0.0,0,20,20,241,0.1095447689294815,-0.03338740020990372,0.47597350776195513,-0.06199204549193382,0.5528982281684875,0.16452457010746002,0.0,0.0,0.0,0.0,0.0,0.0,0.0,0.0,0.0,0.0,0.0,0.08869053485741264,0.2634598564816479,0.0,0.0,1.5031587600708007,,,0.003158760070800515,0.85,0.85,0.9875518672199171,0.15,0.0,,0,0.20666666666666667,0.7933333333333333,0.7933333333333333,0.0,0.0,0.9957983193277311,0.0,0.004201680672268907,0.9957983193277311,0.0,0.004201680672268907,0.22782392799854279,0.22782392799854279,0.0,0.0019597633800003678,0.00195126598700881,-0.008348459517583251,0.4645076930522919,0.224219611287117,2.071233701705933,0.0,-0.0,0.7933333333333333,238,300,-0.23464998602867126,1.2592719793319702,2.03508882522583,1.8632609128952027,2.1705556392669676,1.4438251972198486,0.3096704840660095,0,1.0,1.0,0.4157894736842105,7.900000000000002,43730917.88992643,1.0,0.0,0.008323483818305104,0.00575277933488859,0.0140762631531937,0.0,0.0,0.0,0.0,0.0,0.0,0.0,0.0,0.0,0.0,0.0,0.0,0.0,0.0,0.0,0.0,0.0,0.0,0.0,0.0,-0.01775909864509866,0.0,0.4656064406844477,0.0,0.0,False,0.0,0.0,0.0
430,15,1.1645746231079102,42,True,False,all_finished,0.0,1.5000000000000002,1.5001366138458252,1.1052631578947365,20,True,52.906325338565104,1.4259062495794808,329137548.4547528,-0.028440990731335974,0.0,0.0,0.0,0.00012048485316542364,0.19124164143814423,-0.04317655740085437,0.14818556889045545,0.119741344545117,0.06203920891188547,0.0,0.0,0.0,0.0005562555411977489,0.8176631910017998,0.0,0.0,0.0,0.0,0.0,0.0,0.0,0.0,0.0,0.0,0.0,0.0,0.0,0.0,0,0.0,0.0,0.0,0,0,0.0,0,20,20,226,0.14818555116653442,-0.046165190637111664,0.6429144442081441,-0.0559350922703743,1.303256869316101,0.2011713683605194,0.0,0.0,0.0,0.0,0.0,0.0,0.0,0.0,0.0,0.0,0.0,0.07647610338991093,0.2531315833447013,0.0,0.0,1.5001366138458252,,,0.00013661384582497327,0.9,0.9,0.995575221238938,0.1,0.0,,0,0.25,0.75,0.75,0.0,0.0,1.0,0.0,0.0,1.0,0.0,0.0,0.0,0.0,0.0,0.0003476930476608686,0.0,-0.021814235672354697,0.5053125619888306,0.23115148842334748,4.336151790618897,0.0,-0.0,0.75,225,300,0.49127769470214844,1.1448811292648315,2.5028746128082275,1.8150054693222046,2.0649566888809203,1.515362811088562,0.22089292705059052,0,1.0,1.0,0.46315789473684194,8.799999999999999,55032726.716193214,1.0,0.0,0.0062292811013530906,0.005536370507895827,0.011765651609248915,0.0,0.0,0.0,0.0,0.0,0.0,0.0,0.0,0.0,0.0,0.0,0.0,0.0,0.0,0.0,0.0,0.0,0.0,0.0,0.0,-0.014735566669518448,0.0,0.4723355232986311,0.0,0.0,False,0.0,0.0,0.0
431,16,1.3991310596466064,42,True,False,all_finished,0.0,1.6000000000000003,1.6000000000000003,1.1700000000000002,20,True,52.0691011550331,1.4419400959431365,340615420.21214855,-0.02815789944552104,0.0,-0.0003866990209613932,0.0,0.00012539474764404612,0.16170826135824418,-0.04409451685993301,0.1177391392459555,0.13612224771947876,0.07517215009827907,0.0,0.0018693986753532366,0.0,0.0006788293601082406,0.7861573741467808,0.0,0.0,0.0,0.0,0.0,0.5,0.5,0.25,0.25,0.5,0.5,1.0,1.0,0.1237436830997467,1,0.0,0.0,0.0,1,0,0.0,0,20,20,233,0.11773914098739624,-0.03718988411128521,0.6691513806581497,-0.056822843849658966,0.714179277420044,0.17130134999752045,0.0,0.0,0.0,0.0,0.0,0.0,0.0,0.0,0.0,0.0,0.0,0.07515195584860787,0.2865591858479759,0.0,0.0,1.6000000000000003,,,0.0,0.95,0.95,1.0,0.05,0.0,,0,0.271875,0.728125,0.728125,0.0,0.0,0.9957081545064378,0.0,0.004291845493562232,0.9957081545064378,0.0,0.004291845493562232,0.095125712454319,0.095125712454319,0.0,0.005834705298184417,0.003244922682642937,0.018552277982234956,0.5083355724811554,0.27302217185497285,3.896629524230957,0.0,-0.0,0.728125,233,320,-0.0864349901676178,1.4825431108474731,2.2574946880340576,2.0689806938171387,2.3519804954528807,1.4918934106826782,0.16058437824249266,0,1.0,1.0,0.6674342105263159,12.681250000000004,46372558.433520064,1.0,0.0,0.00979487019058729,0.006008334713564633,0.015803204904151928,0.0,0.0,0.0,0.0,0.0,0.0,0.0,0.0,0.0,0.0,0.0,0.0,0.0,0.0,0.0,0.0,0.0,0.0,0.0,0.0,-0.015549918393450565,0.0,0.46059741544304417,0.0,0.0,False,0.0,0.0,0.0
432,16,1.3032591342926025,42,True,False,all_finished,0.0,1.6000000000000003,1.6019308590888983,1.1500000000000001,20,True,54.79544872237388,1.4058381193345948,316363674.0195725,-0.029111614116243266,0.0,0.0,0.0,0.00011701349412317753,0.1375610974882639,-0.03894630728631854,0.09873180369606857,0.16226578535741928,0.05481778525296854,0.0,0.0,0.0,0.0007177021328647353,0.7821987272567473,0.0,0.0,0.0,0.0,0.0,0.0,0.0,0.0,0.0,0.0,0.0,0.0,0.0,0.0,0,0.0,0.0,0.0,0,0,0.0,0,20,20,239,0.09873179346323013,-0.029413080774247646,0.5521444380283356,-0.045887622982263565,0.8712560534477234,0.1456305980682373,0.0,0.0,0.0,0.0,0.0,0.0,0.0,0.0,0.0,0.0,0.0,0.05634987148644051,0.19478260869192546,0.0,0.0,1.6019308590888983,,,0.001930859088898007,0.8,0.8,0.9874476987447699,0.2,0.0,,0,0.2625,0.7375,0.7375,0.0,0.0,1.0,0.0,0.0,1.0,0.0,0.0,0.0,0.0,0.0,0.0001145885657024337,0.0,0.026383617147803306,0.42491366863250735,0.2391448974609375,2.202596116065979,0.0,-0.0,0.7375,236,320,-0.2527402937412262,1.1040998697280884,1.995303702354431,1.7599671840667725,2.22046799659729,1.4594043970108033,0.2157433182001114,0,1.0,1.0,0.5266447368421051,10.006250000000001,38875911.86811916,1.0,0.0,0.010890292157896667,0.00568170092346516,0.01657199308136183,0.0,0.0,0.0,0.0,0.0,0.0,0.0,0.0,0.0,0.0,0.0,0.0,0.0,0.0,0.0,0.0,0.0,0.0,0.0,0.0,-0.009834693170075268,0.0,0.48985660063335673,0.0,0.0,False,0.0,0.0,0.0
433,16,1.2346866130828857,42,True,False,all_finished,0.0,1.6000000000000003,1.6004906308650977,1.0894736842105264,20,True,52.76515077911864,1.439528940444621,335975224.5629731,-0.028405786578944787,0.0,-0.0003866990209613932,0.0,0.0001230528596436662,0.19774654079345955,-0.049880929834022626,0.14798866381908066,0.11308821427141925,0.08395664360748088,0.0,0.0015395138458670556,0.0,0.0005373521059482716,0.8008782761692845,0.0,0.0,0.0,0.0,0.0,0.5,0.5,0.25,0.25,0.5,0.5,1.0,1.0,0.1237436830997467,1,0.0,0.0,0.0,1,1,1.0,1,20,20,223,0.14798866212368011,-0.04844890534877777,0.9105202257633209,-0.06544486433267593,1.3277690410614014,0.2129049301147461,0.0,0.0,0.0,0.0,0.0,0.0,0.0,0.0,0.0,0.0,0.0,0.0960632006270356,0.30977808295818093,0.0,0.0,1.6004906308650977,,,0.0004906308650973745,0.9,0.9,0.9955156950672646,0.1,0.0,,0,0.303125,0.696875,0.696875,0.0,0.0,0.9955156950672646,0.004484304932735426,0.0,0.9955156950672646,0.004484304932735426,0.0,0.3822785019874573,0.3822785019874573,0.0,0.0003007967578014359,0.003352163452655077,0.0030738493951503187,0.6110396265983582,0.3089023530483246,1.3387696266174316,0.0,-0.0,0.696875,223,320,0.3886059820652008,1.7242034673690796,2.655229187011719,2.34897780418396,2.3737947940826416,1.3874004125595092,0.15841072797775269,0,1.0,1.0,0.4796052631578947,9.112499999999997,48655021.24949136,1.0,0.0,0.008838780802741456,0.005973122321752203,0.014811903124493658,0.0,0.0,0.0,0.0,0.0,0.0,0.0,0.0,0.0,0.0,0.0,0.0,0.0,0.0,0.0,0.0,0.0,0.0,0.0,0.0,-0.021088444234116398,0.0,0.47620207389991265,0.0,0.0,False,0.0,0.0,0.0
434,16,1.2521090507507324,42,True,False,all_finished,0.0,1.6000000000000003,1.6009254765510565,1.1842105263157896,20,True,51.618281867198526,1.4764766534552503,351177436.2428458,-0.027731184048191117,0.0,0.0,0.0,0.0001197009528624486,0.1671831992805301,-0.04336228787092488,0.12394061236246759,0.13081191156587607,0.0737341242762357,0.0,0.0,0.0,0.0006446768109025161,0.7948092873469857,0.0,0.0,0.0,0.0,0.0,0.0,0.0,0.0,0.0,0.0,0.0,0.0,0.0,0.0,0,0.0,0.0,0.0,0,0,0.0,0,20,20,241,0.1239406168460846,-0.03635910898447037,0.7186859995126724,-0.05578332766890526,0.7472496032714844,0.17619439959526062,0.0,0.0,0.0,0.0,0.0,0.0,0.0,0.0,0.0,0.0,0.0,0.07835883379683137,0.25492126162515216,0.0,0.0,1.6009254765510565,,,0.0009254765510562368,0.9,0.9,0.9875518672199171,0.1,0.0,,0,0.25625,0.74375,0.74375,0.0,0.0,1.0,0.0,0.0,1.0,0.0,0.0,0.03947393223643303,0.03947393223643303,0.0,-0.0001574474408698734,0.0,0.012506693776231259,0.39471555352210996,0.21017647087574004,1.345930027961731,0.0,-0.0,0.74375,238,320,-0.1075940653681755,1.4477611780166626,2.272847843170166,2.286714267730713,2.187181282043457,1.4353721141815186,0.21044466495513917,0,1.0,1.0,0.45000000000000007,8.55,45649930.91136863,1.0,0.0,0.00930978422187796,0.005855363107435304,0.015165147329313266,0.0,0.0,0.0,0.0,0.0,0.0,0.0,0.0,0.0,0.0,0.0,0.0,0.0,0.0,0.0,0.0,0.0,0.0,0.0,0.0,-0.015631103822733857,0.0,0.4849758470838424,0.0,0.0,False,0.0,0.0,0.0
435,16,1.3122742176055908,42,True,False,all_finished,0.0,1.6000000000000003,1.6005603575706489,1.2055555555555557,20,True,51.01877647057746,1.5502711603089692,368831398.0269461,-0.02631768620485333,0.0,0.0,0.0,0.00012297737900800846,0.17753008385058516,-0.04574337599407836,0.1319096852355148,0.11707978305947848,0.08641928202198029,0.0,0.0,0.0,0.0006049103459971291,0.795896024572544,0.0,0.0,0.0,0.0,0.0,0.0,0.0,0.0,0.0,0.0,0.0,0.0,0.0,0.0,0,0.0,0.0,0.0,0,0,0.0,0,20,20,247,0.13190968334674835,-0.03934010490775108,0.7887352555990219,-0.05477571114897728,0.8752099871635437,0.18676243722438812,0.0,0.0,0.0,0.0,0.0,0.0,0.0,0.0,0.0,0.0,0.0,0.09337570474285543,0.28057292078828694,0.0,0.0,1.6005603575706489,,,0.0005603575706485397,0.85,0.85,0.9919028340080972,0.15,0.0,,0,0.234375,0.765625,0.765625,0.0,0.0,1.0,0.0,0.0,1.0,0.0,0.0,0.3424483835697174,0.3424483835697174,0.0,-0.0005481732936459593,0.0,-0.00929954433813691,0.5067923247814179,0.24441122114658356,3.10009880065918,0.0,-0.0,0.765625,245,320,0.23524871468544006,1.5101752281188965,2.35055890083313,2.220008897781372,2.3747443675994875,1.6006743431091308,0.28814381957054136,0,1.0,1.0,0.511842105263158,9.724999999999998,42039696.9818849,1.0,0.0,0.007279990933943539,0.005658409377265977,0.012938400311209514,0.0,0.0,0.0,0.0,0.0,0.0,0.0,0.0,0.0,0.0,0.0,0.0,0.0,0.0,0.0,0.0,0.0,0.0,0.0,0.0,-0.01942568978922509,0.0,0.4677553887828253,0.0,0.0,False,0.0,0.0,0.0
436,16,1.3095862865447998,42,True,False,all_finished,0.0,1.6000000000000003,1.6000000000000003,1.16,20,True,51.08450994899262,1.4619581037807838,346563436.8925322,-0.02769780790816188,0.0,0.0,0.0,0.00012132573139490099,0.17647578975215739,-0.03880410466311676,0.13779301082043546,0.12834965448956448,0.05146578226997415,0.0,0.0,0.0,0.0006375946084573943,0.8195469686320039,0.0,0.0,0.0,0.0,0.0,0.0,0.0,0.0,0.0,0.0,0.0,0.0,0.0,0.0,0,0.0,0.0,0.0,0,0,0.0,0,20,20,232,0.13779301941394806,-0.019825453869998455,0.8243447542190552,-0.049649860709905624,0.971906304359436,0.18105927109718323,0.0,0.0,0.0,0.0,0.0,0.0,0.0,0.0,0.0,0.0,0.0,0.06418059499385129,0.19423872048789326,0.0,0.0,1.6000000000000003,,,0.0,0.95,0.95,1.0,0.05,0.0,,0,0.275,0.725,0.725,0.0,0.0,1.0,0.0,0.0,1.0,0.0,0.0,0.0,0.0,0.0,0.000477783395035658,0.0,0.009182052686810493,0.44999962449073794,0.23449895083904265,2.662821316719055,0.0,-0.0,0.725,232,320,-0.19339041411876678,1.4368265867233276,2.680029773712158,2.2320274353027343,2.6632957458496094,1.884704327583313,0.2026975706219673,0,1.0,1.0,0.5851973684210526,11.118749999999995,44474934.32881844,1.0,0.0,0.009665358326882544,0.00608424257524074,0.015749600902123285,0.0,0.0,0.0,0.0,0.0,0.0,0.0,0.0,0.0,0.0,0.0,0.0,0.0,0.0,0.0,0.0,0.0,0.0,0.0,0.0,-0.011106296754954859,0.0,0.501103220571531,0.0,0.0,False,0.0,0.0,0.0
437,16,1.2506272792816162,42,True,False,all_finished,0.0,1.6000000000000003,1.6002312850952154,1.1263157894736844,20,True,53.23634827950076,1.4446876522678767,335468201.9700758,-0.028691184376573427,0.0,0.0,0.0,0.00012539280474371301,0.17986514931304456,-0.04692496585483257,0.13306557626295595,0.12479115370743395,0.07930709995294212,0.0,0.0,0.0,0.00060153341107605,0.7953002129285478,0.0,0.0,0.0,0.0,0.0,0.0,0.0,0.0,0.0,0.0,0.0,0.0,0.0,0.0,0,0.0,0.0,0.0,0,0,0.0,0,20,20,229,0.1330655813217163,-0.04032791592180729,0.6503840386867523,-0.06329864263534546,1.14915132522583,0.19416683912277222,0.0,0.0,0.0,0.0,0.0,0.0,0.0,0.0,0.0,0.0,0.0,0.08698414927990782,0.2765028270665061,0.0,0.0,1.6002312850952154,,,0.00023128509521508356,0.9,0.9,0.9956331877729258,0.1,0.0,,0,0.2875,0.7125,0.7125,0.0,0.0,1.0,0.0,0.0,1.0,0.0,0.0,0.3505876362323761,0.3505876362323761,0.0,7.335623286053305e-06,0.0,0.01481952341273427,0.5770212531089782,0.3036531299352646,3.982182264328003,0.0,-0.0,0.7125,228,320,-0.22008129954338074,1.8738281726837158,2.6289540767669677,2.5482913970947267,2.893480920791626,1.8541100025177002,0.149957537651062,0,1.0,1.0,0.5052631578947367,9.599999999999998,48828600.6779452,1.0,0.0,0.006435772476994511,0.005459773242336809,0.01189554571933132,0.0,0.0,0.0,0.0,0.0,0.0,0.0,0.0,0.0,0.0,0.0,0.0,0.0,0.0,0.0,0.0,0.0,0.0,0.0,0.0,-0.018233781478259152,0.0,0.48447501597111114,0.0,0.0,False,0.0,0.0,0.0
438,16,1.3114054203033447,42,True,False,all_finished,0.0,1.6000000000000003,1.6006316614151008,1.247368421052632,20,True,51.432931169246146,1.4830497091263455,351949002.112012,-0.02720026860952491,0.0,0.0,0.0,0.00011889523657459338,0.1373729704748664,-0.04402690741306997,0.09346495829837097,0.14801241212069827,0.09156348538132889,0.0,0.0,0.0,0.0007473392213365658,0.7596767632766362,0.0,0.0,0.0,0.0,0.0,0.0,0.0,0.0,0.0,0.0,0.0,0.0,0.0,0.0,0,0.0,0.0,0.0,0,0,0.0,0,20,20,252,0.09346495568752289,-0.03335629217326641,0.47137559205293655,-0.05515671893954277,0.5670241713523865,0.14582204818725586,0.0,0.0,0.0,0.0,0.0,0.0,0.0,0.0,0.0,0.0,0.0,0.08426560985604928,0.2529141727223739,0.0,0.0,1.6006316614151008,,,0.0006316614151005151,0.8,0.8,0.9920634920634921,0.2,0.0,,0,0.21875,0.78125,0.78125,0.0,0.0,1.0,0.0,0.0,1.0,0.0,0.0,0.0,0.0,0.0,-0.00027505393081810324,0.0,-0.015871099196374416,0.4088840067386627,0.18889428675174713,2.7926757097244264,0.0,-0.0,0.78125,250,320,-0.3131159543991089,1.4394444227218628,1.8650212049484254,2.276741313934326,1.9655143976211549,1.6286038637161255,0.16848778277635573,0,1.0,1.0,0.4828947368421052,9.174999999999999,49190623.47073598,1.0,0.0,0.006916420480540045,0.005263852269133106,0.012180272749673147,0.0,0.0,0.0,0.0,0.0,0.0,0.0,0.0,0.0,0.0,0.0,0.0,0.0,0.0,0.0,0.0,0.0,0.0,0.0,0.0,-0.016826638803545117,0.0,0.4696457372570876,0.0,0.0,False,0.0,0.0,0.0
439,16,1.4137837886810303,42,True,False,all_finished,0.0,1.6000000000000003,1.6017699503898626,1.2722222222222226,20,True,50.328389998771726,1.4563988091899143,355604167.9351958,-0.027997835099194967,0.0,0.0,0.0,0.00012810921063236935,0.09103096664094873,-0.04843121716436367,0.04272785868721739,0.19748943382378348,0.14413175307512444,0.0,0.0,0.0,0.0010231792486061918,0.6573556338524859,0.0,0.0,0.0,0.0,0.0,0.0,0.0,0.0,0.0,0.0,0.0,0.0,0.0,0.0,0,0.0,0.0,0.0,0,0,0.0,0,20,20,260,0.04272785782814026,-0.004749972373247147,0.25229083746671677,-0.061928924173116684,0.4280454218387604,0.09619660675525665,0.0,0.0,0.0,0.0,0.0,0.0,0.0,0.0,0.0,0.0,0.0,0.0948459244865702,0.29656606623688725,0.0,0.0,1.6017699503898626,,,0.0017699503898622737,0.8,0.8,0.9884615384615385,0.2,0.0,,0,0.196875,0.803125,0.803125,0.0,0.0,1.0,0.0,0.0,1.0,0.0,0.0,0.0,0.0,0.0,-0.0009196608152706176,0.0,0.004835611302405595,0.8962849259376526,0.4532997250556946,5.521393537521362,0.0,-0.0,0.803125,257,320,-0.2944987118244171,1.2981822490692139,1.282853889465332,1.4365511655807495,1.5199777364730835,1.1944656848907471,0.31839383840560914,0,1.0,1.0,0.5848684210526316,11.112499999999997,43290765.81030109,1.0,0.0,0.009006654270719132,0.005605201161671217,0.014611855432390347,0.0,0.0,0.0,0.0,0.0,0.0,0.0,0.0,0.0,0.0,0.0,0.0,0.0,0.0,0.0,0.0,0.0,0.0,0.0,0.0,-0.020433382065168718,0.0,0.45867524317582137,0.0,0.0,False,0.0,0.0,0.0
440,16,1.3099980354309082,42,True,False,all_finished,0.0,1.6000000000000003,1.6004173469543463,1.2210526315789476,20,True,53.988378294507946,1.469743797908774,340744882.1719546,-0.027820099822510148,0.0,-0.0003866990209613932,0.0,0.00011222266933796983,0.14192636170105755,-0.043009832680768176,0.09902875168962738,0.14884119135870416,0.07919817707784343,0.0,0.0020688905986802836,0.0,0.0007087764129196979,0.7691829645518524,0.0,0.0,0.0,0.0,0.0,0.5,0.5,0.25,0.25,0.5,0.5,1.0,1.0,0.1237436830997467,1,0.0,0.0,0.0,1,0,0.0,0,20,20,247,0.09902875125408173,-0.02097907557617873,0.38227180391550064,-0.054558683186769485,0.4735826253890991,0.1474686861038208,0.0,0.0,0.0,0.0,0.0,0.0,0.0,0.0,0.0,0.0,0.0,0.07476256702588532,0.2654345640120555,0.0,0.0,1.6004173469543463,,,0.00041734695434603175,0.8,0.8,0.9959514170040485,0.2,0.0,,0,0.23125,0.76875,0.76875,0.0,0.0,0.9959349593495935,0.0,0.0040650406504065045,0.9959349593495935,0.0,0.0040650406504065045,0.44178077578544617,0.44178077578544617,0.0,0.00511622114572674,0.0040661456994712354,0.00037784166634082796,0.4723684787750244,0.23689102828502656,4.409870719909668,0.0,-0.0,0.76875,246,320,0.10620804876089096,1.2923858165740967,1.926724410057068,1.935439157485962,1.809469223022461,1.424971342086792,0.13330670148134233,0,1.0,1.0,0.48092105263157886,9.1375,48386614.55653839,1.0,0.0,0.006728653554146207,0.005531982764799245,0.01226063631894545,0.0,0.0,0.0,0.0,0.0,0.0,0.0,0.0,0.0,0.0,0.0,0.0,0.0,0.0,0.0,0.0,0.0,0.0,0.0,0.0,-0.014803033837296623,0.0,0.5052248694104492,0.0,0.0,False,0.0,0.0,0.0
441,16,1.303110122680664,42,True,False,all_finished,0.0,1.6000000000000003,1.6015621554851536,1.1842105263157896,20,True,50.94484983406734,1.473514902236558,353220177.04584724,-0.027804691113678708,0.0,0.0,0.0,0.00012238912879116974,0.16157079590972212,-0.042859475864382365,0.1188337091741311,0.13311704946332287,0.07207591402924039,0.0,0.0,0.0,0.0006722183755361239,0.7941348181319007,0.0,0.0,0.0,0.0,0.0,0.0,0.0,0.0,0.0,0.0,0.0,0.0,0.0,0.0,0,0.0,0.0,0.0,0,0,0.0,0,20,20,240,0.11883369833230972,-0.0345373023301363,0.8213594853878021,-0.055861517786979675,1.1814059019088745,0.1731598675251007,0.0,0.0,0.0,0.0,0.0,0.0,0.0,0.0,0.0,0.0,0.0,0.07260733383531107,0.2860104127060489,0.0,0.0,1.6015621554851536,,,0.0015621554851532604,0.85,0.85,0.9958333333333333,0.15,0.0,,0,0.253125,0.746875,0.746875,0.0,0.0,1.0,0.0,0.0,1.0,0.0,0.0,0.0,0.0,0.0,3.995841761934571e-05,0.0,0.009642460115719587,0.6034666180610657,0.3117063641548157,2.3729055643081667,0.0,-0.0,0.746875,239,320,0.4086979329586029,1.8596253395080566,2.199559211730957,2.414087343215942,1.9635545253753661,1.3516307592391967,0.137641541659832,0,1.0,1.0,0.5315789473684209,10.099999999999998,54901953.48812787,1.0,0.0,0.008296112194472448,0.006014958742995018,0.014311070937467465,0.0,0.0,0.0,0.0,0.0,0.0,0.0,0.0,0.0,0.0,0.0,0.0,0.0,0.0,0.0,0.0,0.0,0.0,0.0,0.0,-0.015054784750703607,0.0,0.4673121904605068,0.0,0.0,False,0.0,0.0,0.0
442,16,1.2917156219482422,42,True,False,all_finished,0.0,1.6000000000000003,1.6019816362857824,1.1722222222222223,20,True,53.6144683986224,1.4682068173943146,338268218.2364144,-0.028091564402361567,0.0,0.0,0.0,0.0001165460083654282,0.15823255423939783,-0.04341755557898216,0.11493154466878089,0.13591901486162747,0.07415370652440967,0.0,0.0,0.0,0.0006636944887836014,0.7892635841251793,0.0,0.0,0.0,0.0,0.0,0.0,0.0,0.0,0.0,0.0,0.0,0.0,0.0,0.0,0,0.0,0.0,0.0,0,0,0.0,0,20,20,242,0.11493154615163803,0.020499780774116516,0.5992177128791809,-0.05110546573996544,0.897992730140686,0.15761251747608185,0.0,0.0,0.0,0.0,0.0,0.0,0.0,0.0,0.0,0.0,0.0,0.07190752102394309,0.29393246254778294,0.0,0.0,1.6019816362857824,,,0.0019816362857820735,0.85,0.85,0.9917355371900827,0.15,0.0,,0,0.25,0.75,0.75,0.0,0.0,1.0,0.0,0.0,1.0,0.0,0.0,0.0,0.0,0.0,-0.00021605855436064304,0.0,-0.003189870939240791,0.5407673239707946,0.2675282686948776,1.1979140996932984,0.0,-0.0,0.75,240,320,0.0033303420059382915,1.6287544965744019,2.1995256900787354,2.244536209106445,2.1495870113372804,1.3184850931167602,0.15737160444259643,0,1.0,1.0,0.49802631578947376,9.462500000000002,38639523.80448078,1.0,0.0,0.009592175730143293,0.005621185312511185,0.015213361042654477,0.0,0.0,0.0,0.0,0.0,0.0,0.0,0.0,0.0,0.0,0.0,0.0,0.0,0.0,0.0,0.0,0.0,0.0,0.0,0.0,-0.01532599117662065,0.0,0.4595783550234046,0.0,0.0,False,0.0,0.0,0.0
443,16,1.39103102684021,42,True,False,all_finished,0.0,1.6000000000000003,1.6007548940181735,1.205263157894737,20,True,51.86139547969456,1.466642131974825,347190395.81554836,-0.027849605975212542,0.0,0.0,0.0,0.00011642531872834147,0.1413759287781374,-0.03949521250246269,0.10199714159440303,0.15158485103667346,0.06338680454711362,0.0,0.0,0.0,0.0006948766249477935,0.7843334677912651,0.0,0.0,0.0,0.0,0.0,0.0,0.0,0.0,0.0,0.0,0.0,0.0,0.0,0.0,0,0.0,0.0,0.0,0,0,0.0,0,20,20,245,0.10199713706970215,-0.013828309252858162,0.5176391676068306,-0.051010437309741974,0.5893586874008179,0.14494375884532928,0.0,0.0,0.0,0.0,0.0,0.0,0.0,0.0,0.0,0.0,0.0,0.06540878940687413,0.1990899835502994,0.0,0.0,1.6007548940181735,,,0.0007548940181731911,0.9,0.9,0.9959183673469387,0.1,0.0,,0,0.2375,0.7625,0.7625,0.0,0.0,1.0,0.0,0.0,1.0,0.0,0.0,0.0,0.0,0.0,-0.0003208086418453604,0.0,0.00994240902364254,0.488520610332489,0.25453734397888184,3.4224453449249266,0.0,-0.0,0.7625,244,320,-0.32533788681030273,1.5411438941955566,2.0714555978775024,2.201777982711792,2.3140952587127686,1.3628962993621827,0.21624641716480256,0,1.0,1.0,0.6157894736842107,11.699999999999998,57336143.50528158,1.0,0.0,0.008570834737725975,0.005671883399575547,0.014242718137301522,0.0,0.0,0.0,0.0,0.0,0.0,0.0,0.0,0.0,0.0,0.0,0.0,0.0,0.0,0.0,0.0,0.0,0.0,0.0,0.0,-0.011645606527250142,0.0,0.48747559541661756,0.0,0.0,False,0.0,0.0,0.0
444,16,1.3043978214263916,42,True,False,all_finished,0.0,1.6000000000000003,1.6011902058124547,1.2055555555555555,20,True,51.97703440858777,1.5086922182877283,357396730.6725811,-0.02723781764763466,0.0,0.0,0.0,0.00012086885916907136,0.1564779826660307,-0.04205708873729959,0.11454176278790018,0.13534113100952025,0.07363500761912581,0.0,0.0,0.0,0.0006860750240852667,0.7903377863472686,0.0,0.0,0.0,0.0,0.0,0.0,0.0,0.0,0.0,0.0,0.0,0.0,0.0,0.0,0,0.0,0.0,0.0,0,0,0.0,0,20,20,247,0.11454176902770996,-0.027716747485101223,0.4015352502465248,-0.055710744112730026,0.41268664598464966,0.1645803153514862,0.0,0.0,0.0,0.0,0.0,0.0,0.0,0.0,0.0,0.0,0.0,0.07514011600856048,0.2609872270571164,0.0,0.0,1.6011902058124547,,,0.0011902058124544368,0.85,0.85,0.9838056680161943,0.15,0.0,,0,0.240625,0.759375,0.759375,0.0,0.0,1.0,0.0,0.0,1.0,0.0,0.0,0.0,0.0,0.0,0.00014812844055995812,0.0,-0.006601221271557734,0.8139247894287109,0.4006987392902374,4.3507403373718265,0.0,-0.0,0.759375,243,320,0.22715428471565247,1.9097366333007812,2.246638870239258,2.131782579421997,2.096985363960266,1.3971549272537231,0.20797821879386902,0,1.0,1.0,0.4990131578947369,9.48125,39796511.64151892,1.0,0.0,0.008610302449685303,0.0057178663534022765,0.014328168803087581,0.0,0.0,0.0,0.0,0.0,0.0,0.0,0.0,0.0,0.0,0.0,0.0,0.0,0.0,0.0,0.0,0.0,0.0,0.0,0.0,-0.014819271089664934,0.0,0.4595122896658722,0.0,0.0,False,0.0,0.0,0.0
445,15,1.235292673110962,42,True,False,all_finished,0.0,1.5000000000000002,1.5019081294536591,1.1235294117647059,20,True,50.671225335189625,1.4746384773114645,357807605.761283,-0.027767980227828972,0.0,-0.0004124789556921527,0.0,0.00014211542662425253,0.19489856653261792,-0.04480368361431273,0.15023699834492926,0.11291835685122013,0.0675982614829458,0.0,0.001677343671751335,0.0,0.0006558042915727818,0.8171502337025099,0.0,0.0,0.0,0.0,0.0,0.5,0.5,0.25,0.25,0.5,0.5,1.0,1.0,0.1237436830997467,1,0.0,0.0,0.0,1,0,0.0,0,20,20,238,0.15023700892925262,-0.03637991100549698,0.6265465795993799,-0.05027144029736519,0.9982200860977173,0.20194123685359955,0.0,0.0,0.0,0.0,0.0,0.0,0.0,0.0,0.0,0.0,0.0,0.0821669196549161,0.2612815866838792,0.0,0.0,1.5019081294536591,,,0.0019081294536589244,0.8,0.8,0.9831932773109243,0.2,0.0,,0,0.22,0.78,0.78,0.0,0.0,0.9957264957264957,0.0,0.004273504273504274,0.9957264957264957,0.0,0.004273504273504274,0.18760603666305542,0.18760603666305542,0.0,0.0031003034993773325,0.003985417261719704,0.004637977835955098,0.3784123122692108,0.19418144822120667,1.0162199020385743,0.0,-0.0,0.78,234,300,0.2735043466091156,1.4632359743118286,2.464075517654419,2.3819413661956785,2.37093825340271,1.6750557661056518,0.19873140454292298,0,1.0,1.0,0.4894736842105265,9.3,45105314.50308463,1.0,0.0,0.006925281801948769,0.005738482784766135,0.012663764586714905,0.0,0.0,0.0,0.0,0.0,0.0,0.0,0.0,0.0,0.0,0.0,0.0,0.0,0.0,0.0,0.0,0.0,0.0,0.0,0.0,-0.016623224430791644,0.0,0.47898411034295957,0.0,0.0,False,0.0,0.0,0.0
446,16,1.3954510688781738,42,True,False,all_finished,0.0,1.6000000000000003,1.6015337312221534,1.2166666666666668,20,True,53.262983861748204,1.438974826130533,334998860.4715432,-0.02837224935636774,0.0,-0.0003866990209613932,0.0,0.00012051590968347253,0.11962499880744593,-0.038228976120965034,0.08151653859616445,0.17736483789769242,0.05920045021949072,0.0,0.002417390609624702,0.0,0.0008601451504335961,0.7601571761227586,0.0,0.0,0.0,0.0,0.0,0.5,0.5,0.25,0.25,0.5,0.5,1.0,1.0,0.1237436830997467,1,0.0,0.0,0.0,1,0,0.0,0,20,20,248,0.08151653409004211,-0.02658751793205738,0.4760335311293602,-0.04967533424496651,0.6085367798805237,0.12803184986114502,0.0,0.0,0.0,0.0,0.0,0.0,0.0,0.0,0.0,0.0,0.0,0.056349000375140165,0.1905077786429363,0.0,0.0,1.6015337312221534,,,0.0015337312221530564,0.9,0.9,0.9919354838709677,0.1,0.0,,0,0.23125,0.76875,0.76875,0.0,0.0,0.9959349593495935,0.0,0.0040650406504065045,0.9959349593495935,0.0,0.0040650406504065045,0.25708481669425964,0.25708481669425964,0.0,0.005094426206778735,0.0041037979535758495,0.019918539561331272,0.6049519896507263,0.32272806763648987,2.505318760871887,0.0,-0.0,0.76875,246,320,-0.37828606367111206,1.413326382637024,1.743130898475647,1.9532917737960815,1.8733430862426759,1.5781319618225098,0.3078870058059692,0,1.0,1.0,0.5888157894736842,11.187499999999998,50836651.14794878,1.0,0.0,0.007723998259281074,0.005294685371016238,0.013018683630297312,0.0,0.0,0.0,0.0,0.0,0.0,0.0,0.0,0.0,0.0,0.0,0.0,0.0,0.0,0.0,0.0,0.0,0.0,0.0,0.0,-0.00947002774363587,0.0,0.446944427145354,0.0,0.0,False,0.0,0.0,0.0
447,16,1.2743287086486816,42,True,False,all_finished,0.0,1.6000000000000003,1.6000000000000003,1.165,20,True,52.10164855215534,1.4283445399277441,335114526.78921723,-0.028421501020470624,0.0,0.0,0.0,0.00011832427075919995,0.1533542518221086,-0.03954154217462758,0.11393103391824025,0.1460235227852931,0.05713236544677546,0.0,0.0,0.0,0.0007138948409613345,0.7961302169269702,0.0,0.0,0.0,0.0,0.0,0.0,0.0,0.0,0.0,0.0,0.0,0.0,0.0,0.0,0,0.0,0.0,0.0,0,0,0.0,0,20,20,233,0.11393103003501892,-0.03759373165667057,0.8309964388608932,-0.04922346770763397,0.967527449131012,0.1632024645805359,0.0,0.0,0.0,0.0,0.0,0.0,0.0,0.0,0.0,0.0,0.0,0.06154781875955999,0.23267042030580057,0.0,0.0,1.6000000000000003,,,0.0,0.9,0.9,1.0,0.1,0.0,,0,0.271875,0.728125,0.728125,0.0,0.0,1.0,0.0,0.0,1.0,0.0,0.0,0.20762060582637787,0.20762060582637787,0.0,0.0011238568811677396,0.0,-0.00901075298897922,0.420582640171051,0.20162267684936525,1.9380625486373901,0.0,-0.0,0.728125,233,320,0.09640224277973175,1.0880392789840698,2.4332009315490724,1.8258235216140748,2.503000354766846,1.579888606071472,0.3559840261936188,0,1.0,1.0,0.5210526315789474,9.900000000000002,44709807.84811387,1.0,0.0,0.00819095691515154,0.005583015263815186,0.013773972178966726,0.0,0.0,0.0,0.0,0.0,0.0,0.0,0.0,0.0,0.0,0.0,0.0,0.0,0.0,0.0,0.0,0.0,0.0,0.0,0.0,-0.011120041154156917,0.0,0.4701174915768206,0.0,0.0,False,0.0,0.0,0.0
448,16,1.33237624168396,42,True,False,all_finished,0.0,1.6000000000000003,1.6004959416389473,1.1578947368421053,20,True,53.0851493882951,1.418951528021414,328846249.1003136,-0.028621102560423474,0.0,0.0,0.0,0.0001109541879011778,0.15178505413367926,-0.041471910816388,0.11042409750519255,0.14544948041803196,0.06530647726920216,0.0,0.0,0.0,0.000648732905048657,0.7885953094077172,0.0,0.0,0.0,0.0,0.0,0.0,0.0,0.0,0.0,0.0,0.0,0.0,0.0,0.0,0,0.0,0.0,0.0,0,0,0.0,0,20,20,236,0.11042410135269165,-0.03993349336087704,0.5987593978643417,-0.05338454991579056,0.7033819556236267,0.16547761857509613,0.0,0.0,0.0,0.0,0.0,0.0,0.0,0.0,0.0,0.0,0.0,0.06717145048854803,0.24016610060295782,0.0,0.0,1.6004959416389473,,,0.0004959416389469506,0.8,0.8,0.9957627118644068,0.2,0.0,,0,0.265625,0.734375,0.734375,0.0,0.0,1.0,0.0,0.0,1.0,0.0,0.0,0.0,0.0,0.0,0.0005940473383816425,0.0,-0.006756445951759815,0.5114932000637055,0.2493295431137085,1.1326037526130677,0.0,-0.0,0.734375,235,320,-0.0294859129935503,1.3941376209259033,2.277356004714966,1.9996455669403077,2.2582749843597414,1.2436912298202514,0.26306587755680083,0,1.0,1.0,0.5746710526315789,10.918750000000003,41325655.66043042,1.0,0.0,0.007672793310361412,0.005350742855480481,0.013023536165841893,0.0,0.0,0.0,0.0,0.0,0.0,0.0,0.0,0.0,0.0,0.0,0.0,0.0,0.0,0.0,0.0,0.0,0.0,0.0,0.0,-0.012850808255964552,0.0,0.46477137845940886,0.0,0.0,False,0.0,0.0,0.0
449,16,1.3065216541290283,42,True,False,all_finished,0.0,1.6000000000000003,1.6006180477142338,1.105263157894737,20,True,51.69120918245197,1.4472591004222515,343993942.97304857,-0.02821053568375092,0.0,-0.0003866990209613932,0.0,0.00012179224487682443,0.1950134103554358,-0.045141622233244395,0.1499935803670681,0.1173119403724922,0.06879891346283355,0.0,0.0016080663266261077,0.0,0.0005916029954880568,0.8116894768425601,0.0,0.0,0.0,0.0,0.0,0.5,0.5,0.25,0.25,0.5,0.5,1.0,1.0,0.1237436830997467,1,0.0,0.0,0.0,1,0,0.0,0,20,20,225,0.14999358355998993,0.003379758447408676,0.8671356737613678,-0.05930979922413826,0.9718867540359497,0.20019590854644775,0.0,0.0,0.0,0.0,0.0,0.0,0.0,0.0,0.0,0.0,0.0,0.08159157232588657,0.2678704948497892,0.0,0.0,1.6006180477142338,,,0.0006180477142334606,0.95,0.95,0.9955555555555555,0.05,0.0,,0,0.3,0.7,0.7,0.0,0.0,0.9955357142857143,0.004464285714285714,0.0,0.9955357142857143,0.004464285714285714,0.0,0.18815594911575317,0.18815594911575317,0.0,0.0038675625692121685,0.0033281609416007996,-0.02124400846660137,0.4280925810337067,0.19314517378807067,0.9571954131126403,0.0,-0.0,0.7,224,320,0.38667964935302734,1.3289573192596436,3.0035449981689455,2.0901161193847657,2.76871600151062,1.4267320394515992,0.31658629775047303,0,1.0,1.0,0.5832236842105264,11.081249999999997,43738643.977802016,1.0,0.0,0.008726380274671992,0.006097965479629633,0.014824345754301627,0.0,0.0,0.0,0.0,0.0,0.0,0.0,0.0,0.0,0.0,0.0,0.0,0.0,0.0,0.0,0.0,0.0,0.0,0.0,0.0,-0.01654438752853207,0.0,0.45872537593822926,0.0,0.0,False,0.0,0.0,0.0
450,16,1.3979551792144775,42,True,False,all_finished,0.0,1.6000000000000003,1.6012861108779912,1.3058823529411767,20,True,49.805816490842986,1.5325682055149095,373761353.68254966,-0.0266423492494336,0.0,-0.0003866990209613932,0.0,0.00013150038468968026,0.10750865381940525,-0.04717664533638263,0.06046350886771229,0.16615021001763916,0.12564685841042264,0.0,0.002411578759246122,0.0,0.0009207982298759538,0.7048705545828161,0.0,0.0,0.0,0.0,0.0,0.5,0.5,0.25,0.25,0.5,0.5,1.0,1.0,0.1237436830997467,1,0.0,0.0,0.0,1,0,0.0,0,20,20,269,0.06046351045370102,-0.0015409775078296661,0.24820511788129807,-0.05896106734871864,0.28009065985679626,0.11262819916009903,0.0,0.0,0.0,0.0,0.0,0.0,0.0,0.0,0.0,0.0,0.0,0.0958027281523071,0.30880676534304075,0.0,0.0,1.6012861108779912,,,0.0012861108779909092,0.75,0.75,0.9851301115241635,0.25,0.0,,0,0.171875,0.828125,0.828125,0.0,0.0,0.9962264150943396,0.0037735849056603774,0.0,0.9962264150943396,0.0037735849056603774,0.0,0.7183054685592651,0.7183054685592651,0.0,0.014023828692734242,0.004674216639250517,0.0008563989773392678,0.5652926206588745,0.2838387131690979,1.647839117050171,0.0,-0.0,0.828125,265,320,-0.3198649287223816,1.1966667175292969,1.5369246482849122,1.6504835128784179,1.7241676330566407,1.2378062009811401,0.3638699322938919,0,1.0,1.0,0.5000000000000001,9.5,43824309.37503425,1.0,0.0,0.006763811823240169,0.0054554484956434056,0.012219260318883577,0.0,0.0,0.0,0.0,0.0,0.0,0.0,0.0,0.0,0.0,0.0,0.0,0.0,0.0,0.0,0.0,0.0,0.0,0.0,0.0,-0.020147597065987618,0.0,0.44560751324752346,0.0,0.0,False,0.0,0.0,0.0
451,16,1.323662519454956,42,True,False,all_finished,0.0,1.6000000000000003,1.6000000000000003,1.2950000000000004,20,True,49.7849530061569,1.5213229250984708,374017149.6028238,-0.0269157924452741,0.0,0.0,0.0,0.00012663166804007683,0.11742575860692328,-0.04151746195510665,0.0760349283198567,0.16599000400548206,0.090048665122969,0.0,0.0,0.0,0.0009169674325823377,0.7430443634389666,0.0,0.0,0.0,0.0,0.0,0.0,0.0,0.0,0.0,0.0,0.0,0.0,0.0,0.0,0,0.0,0.0,0.0,0,0,0.0,0,20,20,259,0.07603492587804794,0.018795106559991837,0.4703081548213959,-0.053767770528793335,0.5589624047279358,0.11802656948566437,0.0,0.0,0.0,0.0,0.0,0.0,0.0,0.0,0.0,0.0,0.0,0.07720036193461385,0.22860235161773823,0.0,0.0,1.6000000000000003,,,0.0,0.9,0.9,1.0,0.1,0.0,,0,0.190625,0.809375,0.809375,0.0,0.0,1.0,0.0,0.0,1.0,0.0,0.0,0.0,0.0,0.0,0.00015407968166982755,0.0,-0.0024571571499109267,0.6301069140434266,0.3129305601119995,2.1211897850036623,0.0,-0.0,0.809375,259,320,-0.4463108479976654,1.3835992813110352,1.8614511013031005,1.7552522659301757,1.9778247833251954,1.2776737213134766,0.41499041616916654,0,1.0,1.0,0.47861842105263175,9.093750000000002,41694489.36697507,1.0,0.0,0.008309569705644818,0.00593944023437037,0.014249009940015184,0.0,0.0,0.0,0.0,0.0,0.0,0.0,0.0,0.0,0.0,0.0,0.0,0.0,0.0,0.0,0.0,0.0,0.0,0.0,0.0,-0.014601669509832526,0.0,0.4642503653361928,0.0,0.0,False,0.0,0.0,0.0
452,16,1.315530776977539,42,True,False,all_finished,0.0,1.6000000000000003,1.6000000000000003,1.225,20,True,50.50949146422065,1.531369830361949,372670358.3169248,-0.02667629983434716,0.0,0.0,0.0,0.00012212860215341247,0.16048527061329287,-0.0435809491219412,0.11702645009350485,0.13063679658650332,0.08278394095369326,0.0,0.0,0.0,0.0006651071073897367,0.7859141553524136,0.0,0.0,0.0,0.0,0.0,0.0,0.0,0.0,0.0,0.0,0.0,0.0,0.0,0.0,0,0.0,0.0,0.0,0,0,0.0,0,20,20,245,0.1170264482498169,0.035749755799770355,0.4303385987877846,-0.056015681475400925,0.4708227217197418,0.16766014695167542,0.0,0.0,0.0,0.0,0.0,0.0,0.0,0.0,0.0,0.0,0.0,0.08356855925020659,0.2634035200390756,0.0,0.0,1.6000000000000003,,,0.0,1.0,1.0,1.0,0.0,0.0,,0,0.234375,0.765625,0.765625,0.0,0.0,1.0,0.0,0.0,1.0,0.0,0.0,0.0,0.0,0.0,0.0005951908831775654,0.0,-0.009646395221352577,0.6436283707618713,0.3124955534934998,3.142404246330261,0.0,-0.0,0.765625,245,320,0.09827684611082077,0.9302855134010315,2.522523069381714,1.2217089891433717,2.6061424255371093,1.2069736123085022,0.6083057701587677,0,1.0,1.0,0.5210526315789473,9.900000000000002,41007485.130827546,1.0,0.0,0.007615935672520159,0.005869216422208922,0.013485152094729082,0.0,0.0,0.0,0.0,0.0,0.0,0.0,0.0,0.0,0.0,0.0,0.0,0.0,0.0,0.0,0.0,0.0,0.0,0.0,0.0,-0.01690464928759413,0.0,0.47792453411384483,0.0,0.0,False,0.0,0.0,0.0
453,16,1.3829636573791504,42,True,False,all_finished,0.0,1.6000000000000003,1.6005289089679724,1.2736842105263158,20,True,50.16429369502721,1.4909240166102387,369098566.96554995,-0.02740586302881758,0.0,0.0,0.0,0.00012513584873689556,0.10751250828448708,-0.04010708583432266,0.06753055829890127,0.18108923087808965,0.08392564272256772,0.0,0.0,0.0,0.000939087833214042,0.7340460385661286,0.0,0.0,0.0,0.0,0.0,0.0,0.0,0.0,0.0,0.0,0.0,0.0,0.0,0.0,0,0.0,0.0,0.0,0,0,0.0,0,20,20,258,0.067530557513237,-0.00036286190152168274,0.4136238768696785,-0.048156410455703735,0.46582308411598206,0.1108926385641098,0.0,0.0,0.0,0.0,0.0,0.0,0.0,0.0,0.0,0.0,0.0,0.0705364423295219,0.2110540332682195,0.0,0.0,1.6005289089679724,,,0.000528908967972086,0.85,0.85,0.9961240310077519,0.15,0.0,,0,0.196875,0.803125,0.803125,0.0,0.0,1.0,0.0,0.0,1.0,0.0,0.0,0.0,0.0,0.0,-0.00043472976540215313,0.0,-0.021363788982853293,0.716163432598114,0.3370386600494385,1.9738316416740418,0.0,-0.0,0.803125,257,320,-0.3600756525993347,1.0118435621261597,1.6983824968338013,1.260392999649048,1.790924859046936,0.685644555091858,0.4695122689008713,0,1.0,1.0,0.5503289473684211,10.456250000000002,42215759.7445702,1.0,0.0,0.008609334045086703,0.005513357977681805,0.014122692022768512,0.0,0.0,0.0,0.0,0.0,0.0,0.0,0.0,0.0,0.0,0.0,0.0,0.0,0.0,0.0,0.0,0.0,0.0,0.0,0.0,-0.012701222805505109,0.0,0.49370687212795017,0.0,0.0,False,0.0,0.0,0.0
454,16,1.3420825004577637,42,True,False,all_finished,0.0,1.6000000000000003,1.6014279627799994,1.1944444444444444,20,True,51.50503750199317,1.485617616936912,353907481.30037785,-0.02758415742809811,0.0,0.0,0.0,0.00012863084569910392,0.15108107076578828,-0.04299104760222018,0.10821865400926708,0.1416774501024682,0.07913270215224731,0.0,0.0,0.0,0.0007699486882901475,0.7784198990569944,0.0,0.0,0.0,0.0,0.0,0.0,0.0,0.0,0.0,0.0,0.0,0.0,0.0,0.0,0,0.0,0.0,0.0,0,0,0.0,0,20,20,245,0.10821865499019623,0.0241352841258049,0.5047087669372559,-0.060341306030750275,0.6150807738304138,0.1533750742673874,0.0,0.0,0.0,0.0,0.0,0.0,0.0,0.0,0.0,0.0,0.0,0.0792488429171661,0.2569420029220096,0.0,0.0,1.6014279627799994,,,0.0014279627799991257,0.9,0.9,0.9877551020408163,0.1,0.0,,0,0.24375,0.75625,0.75625,0.0,0.0,1.0,0.0,0.0,1.0,0.0,0.0,0.0,0.0,0.0,-5.976679676678032e-05,0.0,0.024075544625520705,0.6166386723518371,0.3327145457267761,0.8001559555530549,0.0,-0.0,0.75625,242,320,0.011407262645661831,1.4557932615280151,2.158454990386963,1.8162723302841186,2.256602478027344,0.8786872386932373,0.16570794135332106,0,1.0,1.0,0.5450657894736842,10.35625,39728444.437740855,1.0,0.0,0.007633854595498468,0.005561596548600474,0.013195451144098938,0.0,0.0,0.0,0.0,0.0,0.0,0.0,0.0,0.0,0.0,0.0,0.0,0.0,0.0,0.0,0.0,0.0,0.0,0.0,0.0,-0.015406890174122074,0.0,0.49537561936303975,0.0,0.0,False,0.0,0.0,0.0
455,16,1.2966501712799072,42,True,False,all_finished,0.0,1.6000000000000003,1.600472601652146,1.1666666666666667,20,True,51.67100033872955,1.4791601883718626,345581731.60360086,-0.0273204582263261,0.0,-0.0003866990209613932,0.0,0.00011248260404984718,0.16468844176677883,-0.048079756016123555,0.11672116835470514,0.12671476581985808,0.09448996282380964,0.0,0.001793545169629486,0.0,0.0005866238028759406,0.7764151023838268,0.0,0.0,0.0,0.0,0.0,0.5,0.5,0.25,0.25,0.5,0.5,1.0,1.0,0.1237436830997467,1,0.0,0.0,0.0,1,0,0.0,0,20,20,242,0.11672116816043854,-0.02969091758131981,0.6404239684343338,-0.06545770168304443,1.0682309865951538,0.17378675937652588,0.0,0.0,0.0,0.0,0.0,0.0,0.0,0.0,0.0,0.0,0.0,0.09400421330523882,0.32341297835816435,0.0,0.0,1.600472601652146,,,0.0004726016521456877,0.85,0.85,0.9917355371900827,0.15,0.0,,0,0.25,0.75,0.75,0.0,0.0,0.9958333333333333,0.004166666666666667,0.0,0.9958333333333333,0.004166666666666667,0.0,0.4820347726345062,0.4820347726345062,0.0,-0.00027347629657015204,0.004199966881424188,-0.004839346907101571,0.5208269119262695,0.2558943063020706,0.8339556217193603,0.0,-0.0,0.75,240,320,0.15102465450763702,1.7819101810455322,2.1599112033843992,2.4143841743469237,1.9242578029632569,1.1544076204299927,0.1761263243854046,0,1.0,1.0,0.5026315789473684,9.55,45056050.48928384,1.0,0.0,0.007747727605781021,0.005518677357001333,0.013266404962782353,0.0,0.0,0.0,0.0,0.0,0.0,0.0,0.0,0.0,0.0,0.0,0.0,0.0,0.0,0.0,0.0,0.0,0.0,0.0,0.0,-0.02037259876883612,0.0,0.47321104457369073,0.0,0.0,False,0.0,0.0,0.0
456,16,1.358527421951294,42,True,False,all_finished,0.0,1.6000000000000003,1.6007922732830053,1.277777777777778,20,True,51.15668949317052,1.5059073062787367,361757307.4076716,-0.027460293432967804,0.0,0.0,0.0,0.00012491004795743644,0.11843933734643161,-0.04707301824439584,0.07149122914999326,0.16116185578689768,0.11510522039260922,0.0,0.0,0.0,0.0008436632655718866,0.7228892605549212,0.0,0.0,0.0,0.0,0.0,0.0,0.0,0.0,0.0,0.0,0.0,0.0,0.0,0.0,0,0.0,0.0,0.0,0,0,0.0,0,20,20,260,0.07149122655391693,-0.04593992419540882,0.5041199997067451,-0.06550351530313492,0.8684020042419434,0.13640007376670837,0.0,0.0,0.0,0.0,0.0,0.0,0.0,0.0,0.0,0.0,0.0,0.09234318806167402,0.30177519829321825,0.0,0.0,1.6007922732830053,,,0.0007922732830050183,0.65,0.65,0.9884615384615385,0.35,0.0,,0,0.196875,0.803125,0.803125,0.0,0.0,1.0,0.0,0.0,1.0,0.0,0.0,0.0,0.0,0.0,0.0005090688937343657,0.0,0.005379564128816128,0.8259610414505005,0.41868245005607607,2.5884314298629763,0.0,-0.0,0.803125,257,320,-0.3621787130832672,1.5595176219940186,1.6792057991027831,1.7387540102005006,1.9104960441589356,1.4869608163833619,0.24732645750045776,0,1.0,1.0,0.5095394736842104,9.68125,43576142.61289989,1.0,0.0,0.005900816710368585,0.005454580867563705,0.011355397577932289,0.0,0.0,0.0,0.0,0.0,0.0,0.0,0.0,0.0,0.0,0.0,0.0,0.0,0.0,0.0,0.0,0.0,0.0,0.0,0.0,-0.019612724811428058,0.0,0.500484046357451,0.0,0.0,False,0.0,0.0,0.0
457,16,1.2263224124908447,42,True,False,all_finished,0.0,1.6000000000000003,1.6000000000000003,1.11,20,True,52.99052056106957,1.4220080561074064,331507582.86787224,-0.028808059508090334,0.0,0.0,0.0,0.00011493961088749892,0.1958577778756845,-0.04160970415267879,0.15436301333389318,0.11957806992499241,0.05313776715976311,0.0,0.0,0.0,0.0005524914202937554,0.8267316714949506,0.0,0.0,0.0,0.0,0.0,0.0,0.0,0.0,0.0,0.0,0.0,0.0,0.0,0.0,0,0.0,0.0,0.0,0,0,0.0,0,20,20,222,0.1543630063533783,-0.03840538114309311,1.0132487267255783,-0.05050042271614075,1.3261698484420776,0.20499972999095917,0.0,0.0,0.0,0.0,0.0,0.0,0.0,0.0,0.0,0.0,0.0,0.06522241178358049,0.24228059632856364,0.0,0.0,1.6000000000000003,,,0.0,0.85,0.85,1.0,0.15,0.0,,0,0.30625,0.69375,0.69375,0.0,0.0,1.0,0.0,0.0,1.0,0.0,0.0,0.0,0.0,0.0,-4.158617666689679e-05,0.0,0.005061716248746961,0.5586906671524048,0.2847362577915192,1.0779235005378722,0.0,-0.0,0.69375,222,320,0.6243405938148499,1.7324217557907104,2.7432174682617188,2.4338677883148194,2.358119249343872,1.693849468231201,0.19112687110900878,0,1.0,1.0,0.5052631578947367,9.599999999999998,50153852.49106115,1.0,0.0,0.009812309639316032,0.005948668433924744,0.015760978073240776,0.0,0.0,0.0,0.0,0.0,0.0,0.0,0.0,0.0,0.0,0.0,0.0,0.0,0.0,0.0,0.0,0.0,0.0,0.0,0.0,-0.012801644644588463,0.0,0.46628894631576256,0.0,0.0,False,0.0,0.0,0.0
458,15,1.2164194583892822,42,True,False,all_finished,0.0,1.5000000000000002,1.5000000000000002,1.1249999999999996,20,True,53.24279161332805,1.4401981578250875,331774971.25920844,-0.028365882239973127,0.0,0.0,0.0,0.00012311166569027636,0.19683607246611928,-0.04094387300843981,0.15601531112336975,0.11830292127234003,0.05245784492291315,0.0,0.0,0.0,0.0005698362443131996,0.8286693975604336,0.0,0.0,0.0,0.0,0.0,0.0,0.0,0.0,0.0,0.0,0.0,0.0,0.0,0.0,0,0.0,0.0,0.0,0,0,0.0,0,20,20,225,0.1560153067111969,-0.03977983072400093,0.7486187815666197,-0.048002149909734726,0.9201050996780396,0.20838545262813568,0.0,0.0,0.0,0.0,0.0,0.0,0.0,0.0,0.0,0.0,0.0,0.06557212750527103,0.2621772979826607,0.0,0.0,1.5000000000000002,,,0.0,0.9,0.9,1.0,0.1,0.0,,0,0.25,0.75,0.75,0.0,0.0,1.0,0.0,0.0,1.0,0.0,0.0,0.0,0.0,0.0,0.0001621789575438015,0.0,0.01552302585914731,0.6363262414932251,0.33401764631271363,1.1389593005180358,0.0,-0.0,0.75,225,300,0.10746020078659058,1.7279129028320312,2.8188546657562257,2.1082156181335447,2.687219762802124,1.4701040267944336,0.25385876595973966,0,1.0,1.0,0.5649122807017545,10.733333333333336,37666027.86666478,1.0,0.0,0.00899578572541155,0.0055335353476115194,0.014529321073023072,0.0,0.0,0.0,0.0,0.0,0.0,0.0,0.0,0.0,0.0,0.0,0.0,0.0,0.0,0.0,0.0,0.0,0.0,0.0,0.0,-0.012577990768466624,0.0,0.46664299502968787,0.0,0.0,False,0.0,0.0,0.0
459,15,1.189723253250122,42,True,False,all_finished,0.0,1.5000000000000002,1.5000000000000002,1.13,20,True,52.33079359896573,1.4614411045596398,340890032.87849736,-0.027655425397147812,0.0,0.0,0.0,0.0001229930110890385,0.21401755980902096,-0.041870649708109414,0.17226990311200077,0.10703006959089127,0.05501475480501041,0.0,0.0,0.0,0.0005521444754501245,0.8374030311286482,0.0,0.0,0.0,0.0,0.0,0.0,0.0,0.0,0.0,0.0,0.0,0.0,0.0,0.0,0,0.0,0.0,0.0,0,0,0.0,0,20,20,226,0.17226989567279816,-0.041248999536037445,0.8205545127391806,-0.05577019602060318,1.4445053339004517,0.22658078372478485,0.0,0.0,0.0,0.0,0.0,0.0,0.0,0.0,0.0,0.0,0.0,0.07128398505697374,0.27041331219752635,0.0,0.0,1.5000000000000002,,,0.0,0.95,0.95,1.0,0.05,0.0,,0,0.24666666666666667,0.7533333333333333,0.7533333333333333,0.0,0.0,1.0,0.0,0.0,1.0,0.0,0.0,0.0,0.0,0.0,0.0008584852956118993,0.0,-0.023168962635099887,0.5924831748008728,0.2734030604362488,1.128549909591675,0.0,-0.0,0.7533333333333333,226,300,0.05154737830162048,1.7153173685073853,2.931337022781372,2.2608025550842283,2.885555934906006,1.329506778717041,0.22086594104766846,0,1.0,1.0,0.5010526315789474,9.520000000000001,44227543.15342705,1.0,0.0,0.007373037524407017,0.005679063822700672,0.01305210134710769,0.0,0.0,0.0,0.0,0.0,0.0,0.0,0.0,0.0,0.0,0.0,0.0,0.0,0.0,0.0,0.0,0.0,0.0,0.0,0.0,-0.014215224310961554,0.0,0.4522111285602053,0.0,0.0,False,0.0,0.0,0.0
460,16,1.3439140319824219,42,True,False,all_finished,0.0,1.6000000000000003,1.6000937652587897,1.1736842105263159,20,True,54.86267904072595,1.3646207827806411,309541030.61468554,-0.030084003151392764,0.0,0.0,0.0,0.00012602565335493655,0.11090638495034048,-0.04356909167518046,0.06746331892851497,0.19220074960392322,0.08615356505928544,0.0,0.0,0.0,0.0009410124347792674,0.720704672902012,0.0,0.0,0.0,0.0,0.0,0.0,0.0,0.0,0.0,0.0,0.0,0.0,0.0,0.0,0,0.0,0.0,0.0,0,0,0.0,0,20,20,237,0.06746331602334976,-0.03867989592254162,0.474917396903038,-0.05553368851542473,0.5038374662399292,0.12758634984493256,0.0,0.0,0.0,0.0,0.0,0.0,0.0,0.0,0.0,0.0,0.0,0.06882544794019377,0.2362489904619091,0.0,0.0,1.6000937652587897,,,9.376525878934672e-05,0.8,0.8,0.9957805907172996,0.2,0.0,,0,0.2625,0.7375,0.7375,0.0,0.0,1.0,0.0,0.0,1.0,0.0,0.0,0.0,0.0,0.0,0.0005113531442475505,0.0,0.02158494626637548,0.8460054993629456,0.4449101805686951,2.9042139768600466,0.0,-0.0,0.7375,236,320,-1.0425163507461548,1.5052915811538696,1.9379174947738647,1.9553368091583252,2.7218825340271,1.3421813011169434,0.35857960283756257,0,1.0,1.0,0.5726973684210526,10.88125,46028081.19992668,1.0,0.0,0.007639971050275506,0.005732241354036335,0.013372212404311839,0.0,0.0,0.0,0.0,0.0,0.0,0.0,0.0,0.0,0.0,0.0,0.0,0.0,0.0,0.0,0.0,0.0,0.0,0.0,0.0,-0.013485088523787733,0.0,0.47354737152927556,0.0,0.0,False,0.0,0.0,0.0
461,16,1.2939679622650146,42,True,False,all_finished,0.0,1.6000000000000003,1.6010230684280402,1.1166666666666667,20,True,52.00191992407715,1.4456990988426903,342311177.4513114,-0.028539816927056972,0.0,0.0,0.0,0.00012635063061851884,0.1730806288062132,-0.04716125466968707,0.12604572476714446,0.1277265220624753,0.08333800755442775,0.0,0.0,0.0,0.0006221584678941666,0.7883133119152027,0.0,0.0,0.0,0.0,0.0,0.0,0.0,0.0,0.0,0.0,0.0,0.0,0.0,0.0,0,0.0,0.0,0.0,0,0,0.0,0,20,20,232,0.12604573369026184,0.0025480985641479492,0.6181354820728302,-0.05912558734416962,1.0492817163467407,0.17734810709953308,0.0,0.0,0.0,0.0,0.0,0.0,0.0,0.0,0.0,0.0,0.0,0.08702484800309708,0.3149360588691724,0.0,0.0,1.6010230684280402,,,0.0010230684280398972,0.9,0.9,0.9913793103448276,0.1,0.0,,0,0.28125,0.71875,0.71875,0.0,0.0,1.0,0.0,0.0,1.0,0.0,0.0,0.0,0.0,0.0,1.70498311490519e-05,0.0,-0.010214367834851145,0.5070655405521393,0.2436363458633423,0.9911503672599793,0.0,-0.0,0.71875,230,320,0.18538007140159607,1.5366456508636475,2.4898515701293946,2.1569344997406006,2.365106153488159,1.3039799213409424,0.184292533993721,0,1.0,1.0,0.5447368421052632,10.350000000000001,45712492.94762164,1.0,0.0,0.008407807321526043,0.005857215633664837,0.014265022955190883,0.0,0.0,0.0,0.0,0.0,0.0,0.0,0.0,0.0,0.0,0.0,0.0,0.0,0.0,0.0,0.0,0.0,0.0,0.0,0.0,-0.01862143774263014,0.0,0.4872521392535418,0.0,0.0,False,0.0,0.0,0.0
462,16,1.2771337032318115,42,True,False,all_finished,0.0,1.6000000000000003,1.6000000000000003,1.21,20,True,52.08772071943449,1.46357733586269,344946324.42274314,-0.027845565006377367,0.0,0.0,0.0,0.0001216647554947382,0.14489856615690438,-0.044737006397822195,0.1002832245145769,0.1433473782186716,0.08695617550742508,0.0,0.0,0.0,0.0007105002897052034,0.7689859459841981,0.0,0.0,0.0,0.0,0.0,0.0,0.0,0.0,0.0,0.0,0.0,0.0,0.0,0.0,0,0.0,0.0,0.0,0,0,0.0,0,20,20,242,0.10028322041034698,-0.0018064826726913452,0.5044956430792809,-0.06324455887079239,0.5873433351516724,0.15183523297309875,0.0,0.0,0.0,0.0,0.0,0.0,0.0,0.0,0.0,0.0,0.0,0.07846487830521709,0.2993689737845247,0.0,0.0,1.6000000000000003,,,0.0,0.8,0.8,1.0,0.2,0.0,,0,0.24375,0.75625,0.75625,0.0,0.0,1.0,0.0,0.0,1.0,0.0,0.0,0.0,0.0,0.0,-5.461980908876285e-05,0.0,-0.018872402608394623,0.6826435923576355,0.32276691198349,1.3280580043792725,0.0,-0.0,0.75625,242,320,-0.16171462833881378,1.6950664520263672,2.1905425071716307,2.083332920074463,2.2190879821777343,1.3339309692382812,0.15645671635866165,0,1.0,1.0,0.4865131578947371,9.243750000000002,42602791.15430677,1.0,0.0,0.008016577803244574,0.005672564901496891,0.013689142704741466,0.0,0.0,0.0,0.0,0.0,0.0,0.0,0.0,0.0,0.0,0.0,0.0,0.0,0.0,0.0,0.0,0.0,0.0,0.0,0.0,-0.016891441391444814,0.0,0.49343614776153116,0.0,0.0,False,0.0,0.0,0.0
463,16,1.2601244449615479,42,True,False,all_finished,0.0,1.6000000000000003,1.6000000000000003,1.1299999999999997,20,True,52.070750938753896,1.4516780089077086,340356845.3879818,-0.02799686539705522,0.0,0.0,0.0,0.00011694301612396168,0.1896365530876623,-0.04400565226832619,0.14574784383546005,0.11910217401556872,0.06810338559976134,0.0,0.0,0.0,0.0005532951989746911,0.8122411451856952,0.0,0.0,0.0,0.0,0.0,0.0,0.0,0.0,0.0,0.0,0.0,0.0,0.0,0.0,0,0.0,0.0,0.0,0,0,0.0,0,20,20,226,0.1457478404045105,0.019350722432136536,0.68305903673172,-0.06261783093214035,0.794260561466217,0.19631478190422058,0.0,0.0,0.0,0.0,0.0,0.0,0.0,0.0,0.0,0.0,0.0,0.07837167857515828,0.2760412774149606,0.0,0.0,1.6000000000000003,,,0.0,0.95,0.95,1.0,0.05,0.0,,0,0.29375,0.70625,0.70625,0.0,0.0,1.0,0.0,0.0,1.0,0.0,0.0,0.0,0.0,0.0,-0.0006269444827921688,0.0,-0.010549659840762615,0.49900028109550476,0.2392663836479187,1.610025119781494,0.0,-0.0,0.70625,226,320,0.08183203637599945,1.360878348350525,2.997268867492676,1.9863781690597535,2.814024782180786,1.4662941217422485,0.19628983438014985,0,1.0,1.0,0.544407894736842,10.343750000000002,50595659.08175222,1.0,0.0,0.00702929051307126,0.0056342660205050705,0.012663556533576332,0.0,0.0,0.0,0.0,0.0,0.0,0.0,0.0,0.0,0.0,0.0,0.0,0.0,0.0,0.0,0.0,0.0,0.0,0.0,0.0,-0.016008786871270973,0.0,0.45774278314784167,0.0,0.0,False,0.0,0.0,0.0
464,16,1.3030595779418945,42,True,False,all_finished,0.0,1.6000000000000003,1.6005934011936194,1.2473684210526317,20,True,51.46275298363698,1.5207442796103656,362152790.9116337,-0.026811487829605067,0.0,0.0,0.0,0.00012245231040874092,0.14318607037877182,-0.03941996578615613,0.10388855690302438,0.1460620918638401,0.06868774598623582,0.0,0.0,0.0,0.0007915830260654873,0.7844585791238585,0.0,0.0,0.0,0.0,0.0,0.0,0.0,0.0,0.0,0.0,0.0,0.0,0.0,0.0,0,0.0,0.0,0.0,0,0,0.0,0,20,20,253,0.10388855636119843,0.011113543063402176,0.4020729660987854,-0.04876909777522087,0.4853125512599945,0.1465652734041214,0.0,0.0,0.0,0.0,0.0,0.0,0.0,0.0,0.0,0.0,0.0,0.0693158342401323,0.23020034600672723,0.0,0.0,1.6005934011936194,,,0.0005934011936190586,0.9,0.9,0.9920948616600791,0.1,0.0,,0,0.215625,0.784375,0.784375,0.0,0.0,1.0,0.0,0.0,1.0,0.0,0.0,0.0,0.0,0.0,-3.6765246477443725e-05,0.0,0.012964706541970373,0.5428289651870728,0.2846949815750122,2.302620005607605,0.0,-0.0,0.784375,251,320,-0.25052449107170105,1.1994245052337646,2.166933298110962,1.685980463027954,2.3540019035339355,1.308581566810608,0.24896816313266754,0,1.0,1.0,0.47960526315789476,9.112499999999997,47334587.54216316,1.0,0.0,0.00807514440541102,0.005753190778039217,0.013828335183450233,0.0,0.0,0.0,0.0,0.0,0.0,0.0,0.0,0.0,0.0,0.0,0.0,0.0,0.0,0.0,0.0,0.0,0.0,0.0,0.0,-0.012608477956551076,0.0,0.4825676513311919,0.0,0.0,False,0.0,0.0,0.0
465,16,1.323970079421997,42,True,False,all_finished,0.0,1.6000000000000003,1.6016641950607304,1.2058823529411764,20,True,51.95134322487481,1.439017926698486,336658685.23805976,-0.028334868183648,0.0,0.0,0.0,0.00011987434640400736,0.11094907570348818,-0.04338476160515941,0.06768418844473283,0.17959994920930492,0.09539342398172049,0.0,0.0,0.0,0.0008497966831443955,0.7241568301258303,0.0,0.0,0.0,0.0,0.0,0.0,0.0,0.0,0.0,0.0,0.0,0.0,0.0,0.0,0,0.0,0.0,0.0,0,0,0.0,0,20,20,253,0.06768418848514557,0.009137692861258984,0.3983137756586075,-0.05646546930074692,0.6546427011489868,0.1127501055598259,0.0,0.0,0.0,0.0,0.0,0.0,0.0,0.0,0.0,0.0,0.0,0.07641184463304725,0.25110291306107324,0.0,0.0,1.6016641950607304,,,0.0016641950607301226,0.75,0.75,0.9841897233201581,0.25,0.0,,0,0.221875,0.778125,0.778125,0.0,0.0,1.0,0.0,0.0,1.0,0.0,0.0,0.0,0.0,0.0,-0.0003307448737359664,0.0,-0.008235788531601429,0.5490997195243835,0.2666283160448074,1.8884522199630738,0.0,-0.0,0.778125,249,320,-0.47936761379241943,1.1566792726516724,1.7348127365112305,1.7237204313278198,2.0688878774642943,1.1712626934051513,0.28075612187385557,0,1.0,1.0,0.4894736842105265,9.3,44081343.809081465,1.0,0.0,0.0072331370735489505,0.005448884598579144,0.012682021672128094,0.0,0.0,0.0,0.0,0.0,0.0,0.0,0.0,0.0,0.0,0.0,0.0,0.0,0.0,0.0,0.0,0.0,0.0,0.0,0.0,-0.01504989342151138,0.0,0.49454306296538564,0.0,0.0,False,0.0,0.0,0.0
466,16,1.3101024627685547,42,True,False,all_finished,0.0,1.6000000000000003,1.6000000000000003,1.19,20,True,53.6566375881269,1.530414148995694,348774060.86997217,-0.026564727283995358,0.0,0.0,0.0,0.00011649557049647473,0.1849585413673161,-0.046063743497828984,0.13901129343998364,0.11492202269931398,0.08435495535053181,0.0,0.0,0.0,0.0005713974968948798,0.8001516244532593,0.0,0.0,0.0,0.0,0.0,0.0,0.0,0.0,0.0,0.0,0.0,0.0,0.0,0.0,0,0.0,0.0,0.0,0,0,0.0,0,20,20,238,0.13901129364967346,0.004670396447181702,0.6078066229820251,-0.06371570378541946,0.7792099714279175,0.19341523945331573,0.0,0.0,0.0,0.0,0.0,0.0,0.0,0.0,0.0,0.0,0.0,0.09166921776599939,0.3052212978786218,0.0,0.0,1.6000000000000003,,,0.0,1.0,1.0,1.0,0.0,0.0,,0,0.25625,0.74375,0.74375,0.0,0.0,1.0,0.0,0.0,1.0,0.0,0.0,0.0,0.0,0.0,0.00021775557033834047,0.0,-0.0023264292627573012,0.7424884080886841,0.3692323863506317,1.755778932571411,0.0,-0.0,0.74375,238,320,0.3706756830215454,1.2970696687698364,2.7146534442901613,1.5706493854522705,2.3695372581481933,1.1921128273010253,0.33410351872444155,0,1.0,1.0,0.5631578947368422,10.699999999999998,40493513.781798944,1.0,0.0,0.007531828410990654,0.005918783254580582,0.013450611665571235,0.0,0.0,0.0,0.0,0.0,0.0,0.0,0.0,0.0,0.0,0.0,0.0,0.0,0.0,0.0,0.0,0.0,0.0,0.0,0.0,-0.019499016213833653,0.0,0.4806160275125876,0.0,0.0,False,0.0,0.0,0.0
467,16,1.1991539001464844,42,True,False,all_finished,0.0,1.6000000000000003,1.6000000000000003,1.145,20,True,51.47195551635789,1.4823568109653844,353404076.73808014,-0.027491279947971348,0.0,0.0,0.0,0.0001237394388867816,0.20026563589196117,-0.04410469102168764,0.15628468430916037,0.11181708946001907,0.06757281857307254,0.0,0.0,0.0,0.0005315841580476527,0.8200785078088607,0.0,0.0,0.0,0.0,0.0,0.0,0.0,0.0,0.0,0.0,0.0,0.0,0.0,0.0,0,0.0,0.0,0.0,0,0,0.0,0,20,20,229,0.15628468990325928,-0.005517996847629547,0.8642780035734177,-0.06164282560348511,0.969906210899353,0.20596469938755035,0.0,0.0,0.0,0.0,0.0,0.0,0.0,0.0,0.0,0.0,0.0,0.08218489467593112,0.26639284059902363,0.0,0.0,1.6000000000000003,,,0.0,0.95,0.95,1.0,0.05,0.0,,0,0.284375,0.715625,0.715625,0.0,0.0,1.0,0.0,0.0,1.0,0.0,0.0,0.0,0.0,0.0,-0.00010693992035157863,0.0,0.014268414862453938,0.42545194625854493,0.22731125950813294,1.1040286421775818,0.0,-0.0,0.715625,229,320,0.3799286186695099,1.4721791744232178,2.7842962741851807,2.2720458030700685,2.5261628150939943,1.2651455640792846,0.17118722945451736,0,1.0,1.0,0.4463815789473684,8.48125,46448895.61400632,1.0,0.0,0.007837671092089776,0.005722563132338072,0.013560234224427847,0.0,0.0,0.0,0.0,0.0,0.0,0.0,0.0,0.0,0.0,0.0,0.0,0.0,0.0,0.0,0.0,0.0,0.0,0.0,0.0,-0.01661341107371637,0.0,0.49101871852762996,0.0,0.0,False,0.0,0.0,0.0
468,16,1.208362340927124,42,True,False,all_finished,0.0,1.6000000000000003,1.600399423837662,1.0894736842105261,20,True,53.24643701311768,1.3939971676669995,324241273.82306886,-0.029275118144404734,0.0,0.0,0.0,0.0001247165427519545,0.1791623815626747,-0.04486226207151326,0.1344248360339134,0.13031457695134352,0.06938424831358299,0.0,0.0,0.0,0.0006556263417422458,0.7996455483933312,0.0,0.0,0.0,0.0,0.0,0.0,0.0,0.0,0.0,0.0,0.0,0.0,0.0,0.0,0,0.0,0.0,0.0,0,0,0.0,0,20,20,222,0.1344248354434967,-0.023129974491894245,0.6943097710609436,-0.06028621643781662,1.0705326795578003,0.18709416687488556,0.0,0.0,0.0,0.0,0.0,0.0,0.0,0.0,0.0,0.0,0.0,0.07564977071660632,0.25973988385630303,0.0,0.0,1.600399423837662,,,0.0003994238376616721,0.95,0.95,0.9864864864864865,0.05,0.0,,0,0.315625,0.684375,0.684375,0.0,0.0,1.0,0.0,0.0,1.0,0.0,0.0,0.0,0.0,0.0,-8.141418220475316e-07,0.0,0.014344066381454468,0.5964908361434936,0.3129059195518494,1.1625613212585448,0.0,-0.0,0.684375,219,320,-0.2700399160385132,1.7822794914245605,2.8211493492126465,2.315623092651367,3.0737285137176515,1.5229968547821044,0.14800952672958373,0,1.0,1.0,0.48157894736842105,9.149999999999999,45396625.664250225,1.0,0.0,0.007124446835208208,0.006059944504104561,0.013184391339312767,0.0,0.0,0.0,0.0,0.0,0.0,0.0,0.0,0.0,0.0,0.0,0.0,0.0,0.0,0.0,0.0,0.0,0.0,0.0,0.0,-0.015587143927108573,0.0,0.48234094146173445,0.0,0.0,False,0.0,0.0,0.0
469,15,1.22076416015625,42,True,False,all_finished,0.0,1.5000000000000002,1.5002091169357301,1.1526315789473685,20,True,50.61382912354947,1.4456011729604077,351943211.5238665,-0.028197040761723333,0.0,0.0,0.0,0.00012058016383839634,0.17624765533995676,-0.04942919464604183,0.1269390408577533,0.12310757748101181,0.0926990548934026,0.0,0.0,0.0,0.000625164717469732,0.7835682029081158,0.0,0.0,0.0,0.0,0.0,0.0,0.0,0.0,0.0,0.0,0.0,0.0,0.0,0.0,0,0.0,0.0,0.0,0,0,0.0,0,20,20,234,0.12693902850151062,0.060231976211071014,0.7118197560310363,-0.06950693577528,0.7482431530952454,0.17858262360095978,0.0,0.0,0.0,0.0,0.0,0.0,0.0,0.0,0.0,0.0,0.0,0.10054807236313036,0.2933331984607919,0.0,0.0,1.5002091169357301,,,0.00020911693572989165,0.85,0.85,0.9957264957264957,0.15,0.0,,0,0.22333333333333333,0.7766666666666666,0.7766666666666666,0.0,0.0,1.0,0.0,0.0,1.0,0.0,0.0,0.0,0.0,0.0,-0.0004193398228380829,0.0,0.007519473880529403,0.49629431366920473,0.25598286390304564,0.9866934299468995,0.0,-0.0,0.7766666666666666,233,300,-0.3363575041294098,1.4837232828140259,2.339843988418579,2.117972469329834,2.5317133903503417,1.533657693862915,0.2944861888885498,0,1.0,1.0,0.4985964912280702,9.473333333333334,52123414.17475612,1.0,0.0,0.006704907754694655,0.00585184851983202,0.01255675627452668,0.0,0.0,0.0,0.0,0.0,0.0,0.0,0.0,0.0,0.0,0.0,0.0,0.0,0.0,0.0,0.0,0.0,0.0,0.0,0.0,-0.021232153884318473,0.0,0.4699756703029076,0.0,0.0,False,0.0,0.0,0.0
470,15,1.262359380722046,42,True,False,all_finished,0.0,1.5000000000000002,1.5019405901432037,1.1666666666666667,20,True,51.88352091857577,1.4859664629598117,352300024.96211624,-0.027727789219057133,0.0,0.0,0.0,0.00012445436483772215,0.16886962709629436,-0.04598371963898585,0.12301036182214631,0.12881255123982596,0.08480997002932808,0.0,0.0,0.0,0.000644874740635335,0.7857326039902106,0.0,0.0,0.0,0.0,0.0,0.0,0.0,0.0,0.0,0.0,0.0,0.0,0.0,0.0,0,0.0,0.0,0.0,0,0,0.0,0,20,20,241,0.12301036715507507,0.04788244143128395,0.41854934096336355,-0.06610233336687088,0.4948669672012329,0.17222686111927032,0.0,0.0,0.0,0.0,0.0,0.0,0.0,0.0,0.0,0.0,0.0,0.0878320046098707,0.2950482779583198,0.0,0.0,1.5019405901432037,,,0.001940590143203469,0.9,0.9,0.991701244813278,0.1,0.0,,0,0.20333333333333334,0.7966666666666666,0.7966666666666666,0.0,0.0,1.0,0.0,0.0,1.0,0.0,0.0,0.0,0.0,0.0,0.0005549657507799566,0.0,-0.008111755549907684,0.682722556591034,0.33356484174728396,2.3722737312316893,0.0,-0.0,0.7966666666666666,239,300,0.0642346665263176,1.388988733291626,2.279807758331299,1.7429340362548829,2.1496315956115724,1.5203103065490722,0.2400243788957596,0,1.0,1.0,0.5452631578947369,10.360000000000003,49773582.34539269,1.0,0.0,0.006500790681489903,0.005710591679362242,0.012211382360852148,0.0,0.0,0.0,0.0,0.0,0.0,0.0,0.0,0.0,0.0,0.0,0.0,0.0,0.0,0.0,0.0,0.0,0.0,0.0,0.0,-0.01825593041992869,0.0,0.5055590709423026,0.0,0.0,False,0.0,0.0,0.0
471,16,1.3157005310058594,42,True,False,all_finished,0.0,1.6000000000000003,1.6004516911506659,1.2947368421052632,20,True,51.05492179296017,1.561916759186142,369817754.0907885,-0.025870059149972847,0.0,0.0,0.0,0.00012908351928832875,0.14848544852122048,-0.04508179299075474,0.10353273904975399,0.13057164880093294,0.09696567562421672,0.0,0.0,0.0,0.0007665974033295796,0.7716960781715207,0.0,0.0,0.0,0.0,0.0,0.0,0.0,0.0,0.0,0.0,0.0,0.0,0.0,0.0,0,0.0,0.0,0.0,0,0,0.0,0,20,20,260,0.10353274643421173,-0.021256885724142194,0.45586729049682617,-0.06704195588827133,0.8427741527557373,0.1551472246646881,0.0,0.0,0.0,0.0,0.0,0.0,0.0,0.0,0.0,0.0,0.0,0.0920407325323048,0.2875902680683758,0.0,0.0,1.6004516911506659,,,0.0004516911506655674,0.75,0.75,0.9961538461538462,0.25,0.0,,0,0.190625,0.809375,0.809375,0.0,0.0,1.0,0.0,0.0,1.0,0.0,0.0,0.0,0.0,0.0,-0.00010138169745914638,0.0,-0.02580860983580351,0.4364567339420319,0.19273889660835267,0.9016743302345276,0.0,-0.0,0.809375,259,320,0.06899993121623993,1.4796379804611206,1.9337934255599976,2.3179693698883055,1.8446707487106324,1.3231833219528197,0.13530372828245163,0,1.0,1.0,0.43684210526315775,8.299999999999999,42795173.12945687,1.0,0.0,0.006710257369601969,0.005707967900310748,0.012418225269912715,0.0,0.0,0.0,0.0,0.0,0.0,0.0,0.0,0.0,0.0,0.0,0.0,0.0,0.0,0.0,0.0,0.0,0.0,0.0,0.0,-0.019211733840781856,0.0,0.4807717074814718,0.0,0.0,False,0.0,0.0,0.0
472,16,1.3157141208648682,42,True,False,all_finished,0.0,1.6000000000000003,1.6000000000000003,1.15,20,True,52.64462433822878,1.5016826588995311,354228166.1217178,-0.02746334263785294,0.0,0.0,0.0,0.00011542545787547149,0.1979976909038625,-0.04432053211409072,0.1537925842476473,0.1132761303749222,0.06952967153507307,0.0,0.0,0.0,0.0005269575245311396,0.8166672405654736,0.0,0.0,0.0,0.0,0.0,0.0,0.0,0.0,0.0,0.0,0.0,0.0,0.0,0.0,0,0.0,0.0,0.0,0,0,0.0,0,20,20,230,0.1537925899028778,0.08879987895488739,0.6242147386074066,-0.057106442749500275,1.175452470779419,0.1997646987438202,0.0,0.0,0.0,0.0,0.0,0.0,0.0,0.0,0.0,0.0,0.0,0.08125255125604534,0.2814985356125138,0.0,0.0,1.6000000000000003,,,0.0,1.0,1.0,1.0,0.0,0.0,,0,0.28125,0.71875,0.71875,0.0,0.0,1.0,0.0,0.0,1.0,0.0,0.0,0.1984877735376358,0.1984877735376358,0.0,-0.0007371639483608305,0.0,-0.009899488277733326,0.7134132266044617,0.34712534546852114,2.6435512781143187,0.0,-0.0,0.71875,230,320,0.4409300982952118,1.5823557376861572,2.9416748046875,2.0311179161071777,2.6366302967071533,1.4883579015731812,0.30577329397201536,0,1.0,1.0,0.5838815789473686,11.093749999999996,45296699.8276808,1.0,0.0,0.00763849632965107,0.0056684721097587255,0.013306968439409794,0.0,0.0,0.0,0.0,0.0,0.0,0.0,0.0,0.0,0.0,0.0,0.0,0.0,0.0,0.0,0.0,0.0,0.0,0.0,0.0,-0.01685718947623782,0.0,0.47493759126518853,0.0,0.0,False,0.0,0.0,0.0
473,16,1.209592580795288,42,True,False,all_finished,0.0,1.6000000000000003,1.601122642755509,1.0947368421052632,20,True,52.70146298160222,1.4422272376751182,334504178.7942542,-0.028306558398257242,0.0,0.0,0.0,0.00011842167340987505,0.19947069146623705,-0.04396766354704713,0.1556214495925997,0.11535842018621012,0.06382409061942865,0.0,0.0,0.0,0.0005909083030754793,0.8202265808912858,0.0,0.0,0.0,0.0,0.0,0.0,0.0,0.0,0.0,0.0,0.0,0.0,0.0,0.0,0,0.0,0.0,0.0,0,0,0.0,0,20,20,224,0.15562143921852112,-0.011403532698750496,0.940115362405777,-0.05882398039102554,1.2790483236312866,0.20455317199230194,0.0,0.0,0.0,0.0,0.0,0.0,0.0,0.0,0.0,0.0,0.0,0.07688655069753336,0.2577776511808483,0.0,0.0,1.601122642755509,,,0.0011226427555086627,0.9,0.9,0.9955357142857143,0.1,0.0,,0,0.303125,0.696875,0.696875,0.0,0.0,1.0,0.0,0.0,1.0,0.0,0.0,0.0,0.0,0.0,-0.00021413884533103556,0.0,0.008948493469506501,0.2872974455356598,0.15291948914527892,0.795279574394226,0.0,-0.0,0.696875,223,320,-0.02209899015724659,1.2859926223754883,3.1143417358398438,2.3448880195617674,3.0618758678436278,1.8182701110839843,0.14990534335374833,0,1.0,1.0,0.47171052631578947,8.9625,47813390.76592446,1.0,0.0,0.00971222955989602,0.006093941436731297,0.015806170996627317,0.0,0.0,0.0,0.0,0.0,0.0,0.0,0.0,0.0,0.0,0.0,0.0,0.0,0.0,0.0,0.0,0.0,0.0,0.0,0.0,-0.015661105148789857,0.0,0.48441152438754215,0.0,0.0,False,0.0,0.0,0.0
474,15,1.2575831413269043,42,True,False,all_finished,0.0,1.5000000000000002,1.5000000000000002,1.22,20,True,52.404765105225394,1.4467380227441624,335890279.1617708,-0.028120525307228743,0.0,0.0,0.0,0.00011133733393507715,0.13295598323593116,-0.046633842489513334,0.08643347808035294,0.1530689121908365,0.10077384014614231,0.0,0.0,0.0,0.0007396011944361915,0.7454176464685849,0.0,0.0,0.0,0.0,0.0,0.0,0.0,0.0,0.0,0.0,0.0,0.0,0.0,0.0,0,0.0,0.0,0.0,0,0,0.0,0,20,20,244,0.08643348515033722,-0.041918929666280746,0.4306446075439452,-0.057481616735458374,0.5171958208084106,0.14555999636650085,0.0,0.0,0.0,0.0,0.0,0.0,0.0,0.0,0.0,0.0,0.0,0.09021777825804198,0.28632630061070763,0.0,0.0,1.5000000000000002,,,0.0,0.85,0.85,1.0,0.15,0.0,,0,0.18666666666666668,0.8133333333333334,0.8133333333333334,0.0,0.0,1.0,0.0,0.0,1.0,0.0,0.0,0.0,0.0,0.0,0.0003042389784241095,0.0,-0.005460555665194988,1.0948171138763427,0.5422696590423584,3.45337233543396,0.0,-0.0,0.8133333333333334,244,300,-0.6569864153862,1.6605193614959717,1.998903465270996,1.6975663661956788,2.362159585952759,1.4501254320144654,0.41255143880844114,0,1.0,1.0,0.5298245614035085,10.066666666666665,54975660.94965673,1.0,0.0,0.0069908046052238595,0.005765126907045721,0.01275593151226958,0.0,0.0,0.0,0.0,0.0,0.0,0.0,0.0,0.0,0.0,0.0,0.0,0.0,0.0,0.0,0.0,0.0,0.0,0.0,0.0,-0.018513317182284553,0.0,0.502505366994689,0.0,0.0,False,0.0,0.0,0.0
475,16,1.2409553527832031,42,True,False,all_finished,0.0,1.6000000000000003,1.6003133904933935,1.1631578947368422,20,True,54.27088975794616,1.4465325380814056,327816451.80438316,-0.028373315808898365,0.0,0.0,0.0,0.00011395763378832307,0.1558273611317192,-0.04214469084859689,0.11379662791691066,0.14249239200641312,0.06916062203800064,0.0,0.0,0.0,0.0006361709128643651,0.7877108150427219,0.0,0.0,0.0,0.0,0.0,0.0,0.0,0.0,0.0,0.0,0.0,0.0,0.0,0.0,0,0.0,0.0,0.0,0,0,0.0,0,20,20,237,0.11379662901163101,-0.033793628215789795,0.6577197313308716,-0.05613148212432861,0.8565728068351746,0.1635187864303589,0.0,0.0,0.0,0.0,0.0,0.0,0.0,0.0,0.0,0.0,0.0,0.06991032982780862,0.261144858978188,0.0,0.0,1.6003133904933935,,,0.00031339049339318414,0.95,0.95,0.9957805907172996,0.05,0.0,,0,0.2625,0.7375,0.7375,0.0,0.0,1.0,0.0,0.0,1.0,0.0,0.0,0.0,0.0,0.0,0.0001594835084688384,0.0,0.006506597809493542,0.43904551267623904,0.226352658867836,1.9165407180786134,0.0,-0.0,0.7375,236,320,-0.10171239823102951,1.475536823272705,2.358492374420166,2.3128958225250242,2.4272484302520754,1.580585741996765,0.1540652483701706,0,1.0,1.0,0.45263157894736844,8.599999999999998,50140603.26938843,1.0,0.0,0.007359439965632266,0.0054116437714705175,0.01277108373710278,0.0,0.0,0.0,0.0,0.0,0.0,0.0,0.0,0.0,0.0,0.0,0.0,0.0,0.0,0.0,0.0,0.0,0.0,0.0,0.0,-0.013771375039698474,0.0,0.4889051383244805,0.0,0.0,False,0.0,0.0,0.0
476,16,1.3103063106536865,42,True,False,all_finished,0.0,1.6000000000000003,1.6016353809833532,1.1833333333333336,20,True,51.742536080203024,1.5131337375183755,358366286.0020752,-0.02696386401366983,0.0,0.0,0.0,0.00012325716696638488,0.1758355684939279,-0.045499222514648816,0.13045960314624544,0.12117792069879493,0.08329949303321935,0.0,0.0,0.0,0.000652396535132309,0.7948701897328533,0.0,0.0,0.0,0.0,0.0,0.0,0.0,0.0,0.0,0.0,0.0,0.0,0.0,0.0,0,0.0,0.0,0.0,0,0,0.0,0,20,20,245,0.13045960664749146,-0.036071158945560455,0.7367282509803772,-0.06383492797613144,1.5402555465698242,0.1882290095090866,0.0,0.0,0.0,0.0,0.0,0.0,0.0,0.0,0.0,0.0,0.0,0.08671745719886784,0.2919070103722976,0.0,0.0,1.6016353809833532,,,0.0016353809833529187,0.9,0.9,0.9918367346938776,0.1,0.0,,0,0.240625,0.759375,0.759375,0.0,0.0,1.0,0.0,0.0,1.0,0.0,0.0,0.0,0.0,0.0,0.0001986527960980311,0.0,0.021073301509022712,0.332101434469223,0.18744571954011918,2.0229764938354493,0.0,-0.0,0.759375,243,320,0.0069130281917750835,1.501289963722229,2.3051504611968996,2.512813997268677,2.275247001647949,1.656462550163269,0.14318052679300308,0,1.0,1.0,0.5072368421052631,9.637499999999998,43758421.812355556,1.0,0.0,0.007307704904910903,0.006196113366577316,0.013503818271488213,0.0,0.0,0.0,0.0,0.0,0.0,0.0,0.0,0.0,0.0,0.0,0.0,0.0,0.0,0.0,0.0,0.0,0.0,0.0,0.0,-0.01853535850097897,0.0,0.5175896842963994,0.0,0.0,False,0.0,0.0,0.0
477,16,1.3483686447143555,42,True,False,all_finished,0.0,1.6000000000000003,1.600648428201676,1.2000000000000002,20,True,51.80966258047098,1.4640241666233127,345541741.2109327,-0.027670487503504,0.0,0.0,0.0,0.00012292438319058682,0.14443619741570762,-0.048027037810693715,0.09653208398820438,0.14242971287049522,0.10478231057257915,0.0,0.0,0.0,0.0007352677958448753,0.7520527087610808,0.0,0.0,0.0,0.0,0.0,0.0,0.0,0.0,0.0,0.0,0.0,0.0,0.0,0.0,0,0.0,0.0,0.0,0,0,0.0,0,20,20,244,0.09653207659721375,-0.04051805101335049,0.45377157628536224,-0.06635574251413345,0.47177764773368835,0.1577942818403244,0.0,0.0,0.0,0.0,0.0,0.0,0.0,0.0,0.0,0.0,0.0,0.09594271424503256,0.28433721966249437,0.0,0.0,1.600648428201676,,,0.0006484282016756548,0.85,0.85,0.9959016393442623,0.15,0.0,,0,0.240625,0.759375,0.759375,0.0,0.0,1.0,0.0,0.0,1.0,0.0,0.0,0.0,0.0,0.0,0.00012361809331196127,0.0,0.00329903633100912,0.5595304727554321,0.28338351249694826,6.951114463806152,0.0,-0.0,0.759375,243,320,-0.10960715264081955,1.5002888441085815,2.0739227771759032,2.082260513305664,2.099792551994324,1.6324739694595336,0.20869868397712707,0,1.0,1.0,0.5894736842105263,11.199999999999998,53969515.65207106,1.0,0.0,0.006315061769051833,0.0056816447066311716,0.011996706475683006,0.0,0.0,0.0,0.0,0.0,0.0,0.0,0.0,0.0,0.0,0.0,0.0,0.0,0.0,0.0,0.0,0.0,0.0,0.0,0.0,-0.020356550307189743,0.0,0.4934890383388847,0.0,0.0,False,0.0,0.0,0.0
478,16,1.2528026103973389,42,True,False,all_finished,0.0,1.6000000000000003,1.6000000000000003,1.175,20,True,53.68145186496313,1.4145319890749257,327900151.27374685,-0.02934259331889158,0.0,0.0,0.0,0.00012468001699170194,0.1334343128440958,-0.0433687346892507,0.09019025817183672,0.16464286886381554,0.07870143341483664,0.0,0.0,0.0,0.0008318828548345,0.7558238148665133,0.0,0.0,0.0,0.0,0.0,0.0,0.0,0.0,0.0,0.0,0.0,0.0,0.0,0.0,0,0.0,0.0,0.0,0,0,0.0,0,20,20,235,0.09019026160240173,-0.03598564863204956,0.40138426423072815,-0.05200808867812157,0.602749228477478,0.14217212796211243,0.0,0.0,0.0,0.0,0.0,0.0,0.0,0.0,0.0,0.0,0.0,0.07238572306094719,0.2528695736187407,0.0,0.0,1.6000000000000003,,,0.0,0.95,0.95,1.0,0.05,0.0,,0,0.265625,0.734375,0.734375,0.0,0.0,1.0,0.0,0.0,1.0,0.0,0.0,0.0,0.0,0.0,0.0003777676207391778,0.0,-0.0033248722553253173,1.0713336229324342,0.5326653003692627,6.93126106262207,0.0,-0.0,0.734375,235,320,-0.28817111253738403,1.8003923892974854,2.2433013916015625,1.7770730257034302,2.584147548675537,1.689781093597412,0.3270641028881073,0,1.0,1.0,0.44506578947368397,8.456250000000002,44254329.09839772,1.0,0.0,0.00864157648767092,0.005624096760740496,0.014265673248411418,0.0,0.0,0.0,0.0,0.0,0.0,0.0,0.0,0.0,0.0,0.0,0.0,0.0,0.0,0.0,0.0,0.0,0.0,0.0,0.0,-0.01402614137035913,0.0,0.46679303228156643,0.0,0.0,False,0.0,0.0,0.0
479,16,1.2909612655639648,42,True,False,all_finished,0.0,1.6000000000000003,1.6004624915122991,1.168421052631579,20,True,52.655574918923875,1.4591622111531433,337094868.6234209,-0.027805604959590807,0.0,-0.0007733980419227864,0.0,0.00012459660780834303,0.16624867875375332,-0.047850328595311284,0.11852294676625041,0.12924376843144997,0.08957541999289452,0.0,0.003594846347737094,0.0,0.0006487897257502618,0.7769371755021682,0.0,0.0,0.0,0.0,0.0,0.5,0.5,0.25,0.25,0.5,0.5,1.0,1.0,0.1237436830997467,2,0.0,0.0,0.0,2,1,0.5,1,20,20,237,0.11852294206619263,-0.037092262879014015,0.5516023635864258,-0.06705518811941147,1.0797734260559082,0.17744415998458862,0.0,0.0,0.0,0.0,0.0,0.0,0.0,0.0,0.0,0.0,0.0,0.09148300041439475,0.26814928241280905,0.0,0.0,1.6004624915122991,,,0.0004624915122988238,0.85,0.85,0.9873417721518988,0.15,0.0,,0,0.265625,0.734375,0.734375,0.0,0.0,0.9914893617021276,0.00425531914893617,0.00425531914893617,0.9914893617021276,0.00425531914893617,0.00425531914893617,0.6047286838293076,0.7046768710017204,0.0,0.0020259395823813975,0.004199733678251505,-0.030331681901589035,0.471960061788559,0.20596951246261597,3.0507572650909425,0.0,-0.0,0.734375,235,320,-0.12033970654010773,1.620113492012024,2.499256944656372,2.4197472095489503,2.4031496047973633,1.595776653289795,0.19174965918064119,0,1.0,1.0,0.48421052631578937,9.2,46115818.64317955,1.0,0.0,0.008558035803995858,0.005836817965084093,0.014394853769079946,0.0,0.0,0.0,0.0,0.0,0.0,0.0,0.0,0.0,0.0,0.0,0.0,0.0,0.0,0.0,0.0,0.0,0.0,0.0,0.0,-0.019271325593797642,0.0,0.49755070863757284,0.0,0.0,False,0.0,0.0,0.0
480,16,1.2254416942596436,42,True,False,all_finished,0.0,1.6000000000000003,1.6000000000000003,1.14,20,True,53.74447629463087,1.4475126570307333,335766795.6692651,-0.028547428310304428,0.0,0.0,0.0,0.00012422047634129703,0.1758230894143899,-0.04247351055644026,0.13347379933429088,0.12986823236147912,0.06335266579418711,0.0,0.0,0.0,0.0006315865149913814,0.8061475153293424,0.0,0.0,0.0,0.0,0.0,0.0,0.0,0.0,0.0,0.0,0.0,0.0,0.0,0.0,0,0.0,0.0,0.0,0,0,0.0,0,20,20,228,0.13347379863262177,0.007122471928596497,0.570509284734726,-0.06014547497034073,0.9723732471466064,0.18268102407455444,0.0,0.0,0.0,0.0,0.0,0.0,0.0,0.0,0.0,0.0,0.0,0.07008053391799814,0.2542372023391296,0.0,0.0,1.6000000000000003,,,0.0,0.9,0.9,1.0,0.1,0.0,,0,0.2875,0.7125,0.7125,0.0,0.0,1.0,0.0,0.0,1.0,0.0,0.0,0.0,0.0,0.0,2.4988062796182932e-05,0.0,0.005331298615783453,0.5665764093399048,0.28894124627113343,3.508932685852051,0.0,-0.0,0.7125,228,320,0.21659618616104126,1.4900063276290894,2.7517430782318115,2.022428774833679,2.574112892150879,1.6933534145355225,0.18731175661087035,0,1.0,1.0,0.48486842105263156,9.212499999999999,47338760.09086126,1.0,0.0,0.006637095392098727,0.005490446461268161,0.012127541853366886,0.0,0.0,0.0,0.0,0.0,0.0,0.0,0.0,0.0,0.0,0.0,0.0,0.0,0.0,0.0,0.0,0.0,0.0,0.0,0.0,-0.01392608224613579,0.0,0.4775781300966628,0.0,0.0,False,0.0,0.0,0.0
481,16,1.2656121253967285,42,True,False,all_finished,0.0,1.6000000000000003,1.6000000000000003,1.1700000000000002,20,True,53.06667041430668,1.4417250529676793,334136331.4258512,-0.02828384953175586,0.0,0.0,0.0,0.00011559274228741192,0.16258435335391974,-0.039784137673866474,0.12291580842234077,0.13899150324947343,0.0565143134027558,0.0,0.0,0.0,0.0006417400785161721,0.8038524432692545,0.0,0.0,0.0,0.0,0.0,0.0,0.0,0.0,0.0,0.0,0.0,0.0,0.0,0.0,0,0.0,0.0,0.0,0,0,0.0,0,20,20,234,0.12291581183671951,-0.015865320805460215,0.6535564512014389,-0.053395189344882965,1.030229926109314,0.16722747683525085,0.0,0.0,0.0,0.0,0.0,0.0,0.0,0.0,0.0,0.0,0.0,0.06447126693048713,0.1980998563329061,0.0,0.0,1.6000000000000003,,,0.0,0.9,0.9,1.0,0.1,0.0,,0,0.26875,0.73125,0.73125,0.0,0.0,1.0,0.0,0.0,1.0,0.0,0.0,0.0,0.0,0.0,0.00015102357356227002,0.0,-0.012888621352612973,0.557284665107727,0.26607728004455566,4.519704675674438,0.0,-0.0,0.73125,234,320,-0.3990342915058136,1.5605494976043701,2.5577953815460206,2.2203128814697264,2.9889276027679443,1.4422475576400757,0.17434371411800384,0,1.0,1.0,0.4947368421052632,9.400000000000002,48756792.5360428,1.0,0.0,0.007511320595144042,0.005567146573679444,0.013078467168823485,0.0,0.0,0.0,0.0,0.0,0.0,0.0,0.0,0.0,0.0,0.0,0.0,0.0,0.0,0.0,0.0,0.0,0.0,0.0,0.0,-0.011500288142110545,0.0,0.47424365579063305,0.0,0.0,False,0.0,0.0,0.0
482,16,1.351252555847168,42,True,False,all_finished,0.0,1.6000000000000003,1.600497242212296,1.2000000000000002,20,True,50.87711193089332,1.4881158013355278,356363289.7185247,-0.02726215591905719,0.0,-0.0007733980419227864,0.0,0.00012194356226852478,0.15913839972516672,-0.04609392945671466,0.11316641383072065,0.13010666859490735,0.08618229178065705,0.0,0.0036909862532940175,0.0,0.0006509025524868733,0.7793691508186547,0.0,0.0,0.0,0.0,0.0,0.5,0.5,0.25,0.25,0.5,0.5,1.0,1.0,0.1237436830997467,2,0.0,0.0,0.0,2,0,0.0,0,20,20,245,0.11316641420125961,0.011463809758424759,0.5527887642383575,-0.0647892951965332,0.5766887664794922,0.1621556431055069,0.0,0.0,0.0,0.0,0.0,0.0,0.0,0.0,0.0,0.0,0.0,0.08667668580153676,0.2815277942382406,0.0,0.0,1.600497242212296,,,0.0004972422122957454,0.8,0.8,0.9918367346938776,0.2,0.0,,0,0.240625,0.759375,0.759375,0.0,0.0,0.9917695473251029,0.00823045267489712,0.0,0.9917695473251029,0.00823045267489712,0.0,0.6538936495780945,0.7790467023849487,0.0,0.0043343200348317625,0.006071969680488109,-0.008073321916162968,0.41389254331588743,0.19919362366199495,4.68016414642334,0.0,-0.0,0.759375,243,320,-0.205507293343544,1.4619014263153076,2.235583209991455,2.2669662475585937,2.209824562072754,1.400271201133728,0.22489629089832305,0,1.0,1.0,0.5631578947368422,10.699999999999998,40820944.53675153,1.0,0.0,0.008226894090174838,0.005504081897607118,0.013730975987781956,0.0,0.0,0.0,0.0,0.0,0.0,0.0,0.0,0.0,0.0,0.0,0.0,0.0,0.0,0.0,0.0,0.0,0.0,0.0,0.0,-0.018058375495734726,0.0,0.4886108017410152,0.0,0.0,False,0.0,0.0,0.0
483,16,1.2567222118377686,42,True,False,all_finished,0.0,1.6000000000000003,1.6011448991298682,1.1473684210526318,20,True,51.47538516794394,1.5144056061303541,359249467.8710625,-0.0271898480462499,0.0,0.0,0.0,0.00012260349136774526,0.19817605068172542,-0.03871774484372765,0.15958090932936556,0.1146000153635462,0.048587882795561955,0.0,0.0,0.0,0.0005806526235014596,0.8362314492173903,0.0,0.0,0.0,0.0,0.0,0.0,0.0,0.0,0.0,0.0,0.0,0.0,0.0,0.0,0,0.0,0.0,0.0,0,0,0.0,0,20,20,234,0.15958091616630554,0.048180606216192245,0.7839136570692062,-0.05315626785159111,0.87983638048172,0.1983032375574112,0.0,0.0,0.0,0.0,0.0,0.0,0.0,0.0,0.0,0.0,0.0,0.061668737246313596,0.21540313140374556,0.0,0.0,1.6011448991298682,,,0.0011448991298679267,0.9,0.9,0.9957264957264957,0.1,0.0,,0,0.271875,0.728125,0.728125,0.0,0.0,1.0,0.0,0.0,1.0,0.0,0.0,0.0,0.0,0.0,0.0005901281023398042,0.0,0.006956029497087002,0.5481409311294556,0.2813495934009552,6.467987155914306,0.0,-0.0,0.728125,233,320,0.5040678977966309,1.408392071723938,2.7576000690460205,1.9993661165237426,2.3061657428741453,1.3754088163375855,0.18745498657226561,0,1.0,1.0,0.4947368421052632,9.400000000000002,49735787.75090366,1.0,0.0,0.007995868739304583,0.005997631648052814,0.013993500387357397,0.0,0.0,0.0,0.0,0.0,0.0,0.0,0.0,0.0,0.0,0.0,0.0,0.0,0.0,0.0,0.0,0.0,0.0,0.0,0.0,-0.011527896797477784,0.0,0.48196745306486266,0.0,0.0,False,0.0,0.0,0.0
484,16,1.2913963794708252,42,True,False,all_finished,0.0,1.6000000000000003,1.6000000000000003,1.1650000000000003,20,True,52.11117033509682,1.5034116075522967,356635919.9652027,-0.02756224291119693,0.0,0.0,0.0,0.00011508446759834169,0.19481642683572417,-0.0389720422811512,0.15595946902217148,0.11736588555431454,0.04858534958008562,0.0,0.0,0.0,0.0005747257945364889,0.8334740390710633,0.0,0.0,0.0,0.0,0.0,0.0,0.0,0.0,0.0,0.0,0.0,0.0,0.0,0.0,0,0.0,0.0,0.0,0,0,0.0,0,20,20,233,0.15595947206020355,-0.03350549377501011,0.6875341385602951,-0.05663534998893738,1.3322066068649292,0.2047845870256424,0.0,0.0,0.0,0.0,0.0,0.0,0.0,0.0,0.0,0.0,0.0,0.061770516305113744,0.22754631839514464,0.0,0.0,1.6000000000000003,,,0.0,0.95,0.95,1.0,0.05,0.0,,0,0.271875,0.728125,0.728125,0.0,0.0,1.0,0.0,0.0,1.0,0.0,0.0,0.0,0.0,0.0,-0.00022617999493377284,0.0,-0.00862962082028389,0.6189208388328552,0.3011528789997101,6.177356958389282,0.0,-0.0,0.728125,233,320,0.24990467727184296,1.417885661125183,2.888838863372803,1.882683563232422,2.7252275943756104,1.3672373294830322,0.24087578654289246,0,1.0,1.0,0.5486842105263158,10.425,47592918.02316654,1.0,0.0,0.008898906811679265,0.005580792295243197,0.014479699106922464,0.0,0.0,0.0,0.0,0.0,0.0,0.0,0.0,0.0,0.0,0.0,0.0,0.0,0.0,0.0,0.0,0.0,0.0,0.0,0.0,-0.01140979936995424,0.0,0.4942103174267686,0.0,0.0,False,0.0,0.0,0.0
485,17,1.3347268104553223,42,True,False,all_finished,0.0,1.7000000000000004,1.7009405040740972,1.2473684210526315,20,True,52.23165100942796,1.4553299585237514,348220549.52649295,-0.02828047070938266,0.0,-0.00036395201972837005,0.0,0.00010928555854092106,0.10947012422964877,-0.03918898265925304,0.07039042712893646,0.18735074882977668,0.06985496172583675,0.0,0.002411087288288924,0.0,0.0008131549181257668,0.7395700472379718,0.0,0.0,0.0,0.0,0.0,0.5,0.5,0.25,0.25,0.5,0.5,1.0,1.0,0.1237436830997467,1,0.0,0.0,0.0,1,0,0.0,0,20,20,250,0.07039041817188263,-0.03255906701087952,0.40385105609893784,-0.049108877778053284,0.5867640972137451,0.11619865894317627,0.0,0.0,0.0,0.0,0.0,0.0,0.0,0.0,0.0,0.0,0.0,0.05705032469210337,0.2251963711194217,0.0,0.0,1.7009405040740972,,,0.0009405040740968484,0.8,0.8,0.992,0.2,0.0,,0,0.27058823529411763,0.7294117647058824,0.7294117647058824,0.0,0.0,0.9959677419354839,0.0,0.004032258064516129,0.9959677419354839,0.0,0.004032258064516129,0.4992745816707611,0.4992745816707611,0.0,0.002489799769318779,0.0032098316587507725,0.01978442631661892,0.6014821052551269,0.3208495318889618,4.2005024433135985,0.0,-0.0,0.7294117647058823,248,340,-0.5757084488868713,1.2979986667633057,1.9537636280059814,1.7972687482833862,2.3799177169799806,1.3372966051101685,0.30420845448970796,0,1.0,1.0,0.4455108359133126,8.464705882352943,37264243.513647735,1.0,0.0,0.008277045755368903,0.00526532140212704,0.013542367157495945,0.0,0.0,0.0,0.0,0.0,0.0,0.0,0.0,0.0,0.0,0.0,0.0,0.0,0.0,0.0,0.0,0.0,0.0,0.0,0.0,-0.010544559930142063,0.0,0.5019791427232764,0.0,0.0,False,0.0,0.0,0.0
486,16,1.2481818199157715,42,True,False,all_finished,0.0,1.6000000000000003,1.6000000000000003,1.2150000000000003,20,True,49.98739286414279,1.4672500092289724,364844477.7030975,-0.027917407794499007,0.0,0.0,0.0,0.00013609164182421343,0.1407986258551717,-0.044951264469648186,0.09598345302734776,0.15017465372505073,0.09162933559672135,0.0,0.0,0.0,0.0008053160117342971,0.7573906946664937,0.0,0.0,0.0,0.0,0.0,0.0,0.0,0.0,0.0,0.0,0.0,0.0,0.0,0.0,0,0.0,0.0,0.0,0,0,0.0,0,20,20,243,0.09598345309495926,0.0176328606903553,0.42365172505378723,-0.06027153506875038,0.6376488208770752,0.14106883108615875,0.0,0.0,0.0,0.0,0.0,0.0,0.0,0.0,0.0,0.0,0.0,0.08279157542942392,0.29066889233052806,0.0,0.0,1.6000000000000003,,,0.0,1.0,1.0,1.0,0.0,0.0,,0,0.240625,0.759375,0.759375,0.0,0.0,1.0,0.0,0.0,1.0,0.0,0.0,0.0,0.0,0.0,7.565730138594517e-05,0.0,0.01269952580332756,0.313276469707489,0.16966257095336915,7.295699501037598,0.0,-0.0,0.759375,243,320,-0.2284846156835556,0.9642981886863708,2.1022509574890136,1.735039520263672,2.250541830062866,1.4090487480163574,0.2731757879257202,0,1.0,1.0,0.44144736842105264,8.387500000000001,49452819.5551895,1.0,0.0,0.006961056551886303,0.005953345685970503,0.012914402237856806,0.0,0.0,0.0,0.0,0.0,0.0,0.0,0.0,0.0,0.0,0.0,0.0,0.0,0.0,0.0,0.0,0.0,0.0,0.0,0.0,-0.01703385667514919,0.0,0.48734519572462887,0.0,0.0,False,0.0,0.0,0.0
487,16,1.2451932430267334,42,True,False,all_finished,0.0,1.6000000000000003,1.6005220067501074,1.0894736842105264,20,True,55.32024199986726,1.348863157868213,305977029.8691357,-0.030484735923235657,0.0,-0.0003866990209613932,0.0,0.00011396244640852109,0.15553270152573548,-0.03980162654960055,0.11584503742254335,0.1541023456644407,0.04514270607726167,0.0,0.0019547889916563983,0.0,0.0006241907302996967,0.7981759685363415,0.0,0.0,0.0,0.0,0.0,0.5,0.5,0.25,0.25,0.5,0.5,1.0,1.0,0.1237436830997467,1,0.0,0.0,0.0,1,0,0.0,0,20,20,222,0.11584503948688507,-0.02462991513311863,0.7028336226940155,-0.05204908922314644,1.1404448747634888,0.16284477710723877,0.0,0.0,0.0,0.0,0.0,0.0,0.0,0.0,0.0,0.0,0.0,0.05084437063590745,0.18201369155980737,0.0,0.0,1.6005220067501074,,,0.0005220067501070513,0.9,0.9,0.990990990990991,0.1,0.0,,0,0.3125,0.6875,0.6875,0.0,0.0,0.9954545454545455,0.0,0.004545454545454545,0.9954545454545455,0.0,0.004545454545454545,0.6817785501480103,0.6817785501480103,0.0,0.0024648828781209885,0.0034156577661633492,-0.016180015960708262,0.465617311000824,0.21695251166820526,2.049278807640076,0.0,-0.0,0.6875,220,320,-0.41783973574638367,1.5790091753005981,2.4889755249023438,2.3332252502441406,2.742283010482788,1.6031121969223023,0.18709478080272673,0,1.0,1.0,0.5161184210526318,9.806249999999997,49779783.79527783,1.0,0.0,0.009225406446599011,0.00576706926619883,0.014992475712797845,0.0,0.0,0.0,0.0,0.0,0.0,0.0,0.0,0.0,0.0,0.0,0.0,0.0,0.0,0.0,0.0,0.0,0.0,0.0,0.0,-0.00893019160540344,0.0,0.5068832286284305,0.0,0.0,False,0.0,0.0,0.0
488,16,1.3726458549499512,42,True,False,all_finished,0.0,1.6000000000000003,1.6010907125473028,1.2157894736842105,20,True,51.6373798338027,1.479375647687647,352840022.16223186,-0.02759974136248054,0.0,0.0,0.0,0.00011575015083848266,0.13985733486577967,-0.039982810358369904,0.09999027465824831,0.15088905211460563,0.06769880625039258,0.0,0.0,0.0,0.0007818468446470437,0.7806302947903546,0.0,0.0,0.0,0.0,0.0,0.0,0.0,0.0,0.0,0.0,0.0,0.0,0.0,0.0,0,0.0,0.0,0.0,0,0,0.0,0,20,20,247,0.09999027848243713,-0.03561753034591675,0.6014179736375809,-0.04814698547124863,0.8489932417869568,0.15266519784927368,0.0,0.0,0.0,0.0,0.0,0.0,0.0,0.0,0.0,0.0,0.0,0.06768141148964361,0.21466958654195523,0.0,0.0,1.6010907125473028,,,0.0010907125473025303,0.8,0.8,0.9959514170040485,0.2,0.0,,0,0.23125,0.76875,0.76875,0.0,0.0,1.0,0.0,0.0,1.0,0.0,0.0,0.0,0.0,0.0,0.00023443124373443425,0.0,-0.017761262040585278,0.6775392174720765,0.3213274717330933,10.114672660827637,0.0,-0.0,0.76875,246,320,0.053555771708488464,1.4933379888534546,2.0263124227523805,1.883777642250061,1.8945488691329957,1.3570578336715697,0.23605479001998902,0,1.0,1.0,0.6013157894736839,11.425000000000002,44726197.4029024,1.0,0.0,0.009991105374208208,0.005617557714088023,0.015608663088296226,0.0,0.0,0.0,0.0,0.0,0.0,0.0,0.0,0.0,0.0,0.0,0.0,0.0,0.0,0.0,0.0,0.0,0.0,0.0,0.0,-0.012383068995889422,0.0,0.5039884675759823,0.0,0.0,False,0.0,0.0,0.0
489,16,1.3818485736846924,42,True,False,all_finished,0.0,1.6000000000000003,1.600966359376908,1.2842105263157897,20,True,51.19352063431487,1.468176294798765,348966720.0128888,-0.027518811115114523,0.0,0.0,0.0,0.00012172779243051556,0.09367153224156716,-0.03905508077199933,0.054738179261998365,0.2044625879818127,0.08571357024966862,0.0,0.0,0.0,0.0010502326725163992,0.7087736090960023,0.0,0.0,0.0,0.0,0.0,0.0,0.0,0.0,0.0,0.0,0.0,0.0,0.0,0.0,0,0.0,0.0,0.0,0,0,0.0,0,20,20,260,0.054738182574510574,-0.03066323883831501,0.2823503389954567,-0.047510500997304916,0.30757278203964233,0.10359092056751251,0.0,0.0,0.0,0.0,0.0,0.0,0.0,0.0,0.0,0.0,0.0,0.06493059028912049,0.21060584337751972,0.0,0.0,1.600966359376908,,,0.0009663593769075884,0.8,0.8,0.9961538461538462,0.2,0.0,,0,0.190625,0.809375,0.809375,0.0,0.0,1.0,0.0,0.0,1.0,0.0,0.0,0.0,0.0,0.0,-0.0002001353983359877,0.0,-0.03161510052159429,0.6776788711547852,0.30754424929618834,13.671277809143067,0.0,-0.0,0.809375,259,320,-0.52280592918396,1.3099418878555298,1.4644190549850464,1.7080019950866698,1.8239979982376098,1.3392666339874268,0.24435911774635316,0,1.0,1.0,0.5578947368421054,10.599999999999998,44668457.75201484,1.0,0.0,0.008525615736386367,0.005500822082021322,0.014026437818407688,0.0,0.0,0.0,0.0,0.0,0.0,0.0,0.0,0.0,0.0,0.0,0.0,0.0,0.0,0.0,0.0,0.0,0.0,0.0,0.0,-0.011536269656884828,0.0,0.46203642641194165,0.0,0.0,False,0.0,0.0,0.0
490,16,1.2710638046264648,42,True,False,all_finished,0.0,1.6000000000000003,1.60030720949173,1.205263157894737,20,True,52.14996057193248,1.4953399830891416,351545093.4877778,-0.027376581426666942,0.0,0.0,0.0,0.0001264552504549636,0.1556260982389843,-0.041530256890762327,0.11422229659867669,0.1347263274576028,0.06965342697780784,0.0,0.0,0.0,0.0007050270980178378,0.7949152184665714,0.0,0.0,0.0,0.0,0.0,0.0,0.0,0.0,0.0,0.0,0.0,0.0,0.0,0.0,0,0.0,0.0,0.0,0,0,0.0,0,20,20,245,0.11422229558229446,-0.03893797844648361,0.5819061398506165,-0.05320524796843529,0.7344337105751038,0.16544154286384583,0.0,0.0,0.0,0.0,0.0,0.0,0.0,0.0,0.0,0.0,0.0,0.07300623129821375,0.2570794094337583,0.0,0.0,1.60030720949173,,,0.0003072094917297985,0.85,0.85,0.9959183673469387,0.15,0.0,,0,0.2375,0.7625,0.7625,0.0,0.0,1.0,0.0,0.0,1.0,0.0,0.0,0.0,0.0,0.0,-0.00024696943546587136,0.0,-0.00017881570383906364,0.6103808522224426,0.30533128380775454,7.006403636932373,0.0,-0.0,0.7625,244,320,0.39518964290618896,1.5855556726455688,2.0758177757263185,2.1395195960998534,1.579554033279419,1.340077781677246,0.1753646343946457,0,1.0,1.0,0.46809210526315803,8.893750000000002,54268327.247477576,1.0,0.0,0.006632885757528363,0.005390095015979453,0.01202298077350782,0.0,0.0,0.0,0.0,0.0,0.0,0.0,0.0,0.0,0.0,0.0,0.0,0.0,0.0,0.0,0.0,0.0,0.0,0.0,0.0,-0.014153675464095409,0.0,0.4806957548717037,0.0,0.0,False,0.0,0.0,0.0
491,15,1.254303216934204,42,True,False,all_finished,0.0,1.5000000000000002,1.5014412581920626,1.1263157894736842,20,True,52.89407698403754,1.441408955094903,334693248.31986725,-0.02821764954358416,0.0,0.0,0.0,0.0001260154798578312,0.18610491867719053,-0.045828285634078966,0.1404026485229694,0.12156678252448401,0.07586983332627634,0.0,0.0,0.0,0.0006090089858993182,0.8019543751633403,0.0,0.0,0.0,0.0,0.0,0.0,0.0,0.0,0.0,0.0,0.0,0.0,0.0,0.0,0,0.0,0.0,0.0,0,0,0.0,0,20,20,230,0.1404026448726654,-0.04340778663754463,0.6762488365173339,-0.05771658569574356,0.7119091153144836,0.19902388751506805,0.0,0.0,0.0,0.0,0.0,0.0,0.0,0.0,0.0,0.0,0.0,0.08555807232802179,0.2818404478632229,0.0,0.0,1.5014412581920626,,,0.0014412581920624223,0.95,0.95,0.9869565217391304,0.05,0.0,,0,0.24333333333333335,0.7566666666666666,0.7566666666666666,0.0,0.0,1.0,0.0,0.0,1.0,0.0,0.0,0.0,0.0,0.0,0.00017026642162818462,0.0,0.0129633997566998,0.829118299484253,0.42784070372581484,13.277103424072266,0.0,-0.0,0.7566666666666667,227,300,0.41119512915611267,1.2196298837661743,2.50256986618042,1.4770696640014649,2.2060298919677734,1.3145450353622437,0.37055993676185606,0,1.0,1.0,0.595438596491228,11.313333333333334,47478722.08160712,1.0,0.0,0.007230086064804744,0.005912843500026888,0.013142929564831632,0.0,0.0,0.0,0.0,0.0,0.0,0.0,0.0,0.0,0.0,0.0,0.0,0.0,0.0,0.0,0.0,0.0,0.0,0.0,0.0,-0.017610636090494777,0.0,0.47430111662795144,0.0,0.0,False,0.0,0.0,0.0
492,16,1.3359274864196777,42,True,False,all_finished,0.0,1.6000000000000003,1.6002415311336524,1.1894736842105265,20,True,51.557194794221445,1.4227858022584603,340406934.72683656,-0.028457004931156233,0.0,0.0,0.0,0.000124362480527005,0.14003819332470968,-0.038859612141625074,0.10130294366361144,0.1555230074949847,0.05685225001981278,0.0,0.0,0.0,0.0007843671430918282,0.7868403753421106,0.0,0.0,0.0,0.0,0.0,0.0,0.0,0.0,0.0,0.0,0.0,0.0,0.0,0.0,0,0.0,0.0,0.0,0,0,0.0,0,20,20,241,0.10130294412374496,-0.0326729416847229,0.6223810762166977,-0.048086296766996384,1.1358650922775269,0.15109708905220032,0.0,0.0,0.0,0.0,0.0,0.0,0.0,0.0,0.0,0.0,0.0,0.05764549213781837,0.2312783292011721,0.0,0.0,1.6002415311336524,,,0.00024153113365210643,0.75,0.75,0.995850622406639,0.25,0.0,,0,0.25,0.75,0.75,0.0,0.0,1.0,0.0,0.0,1.0,0.0,0.0,0.0,0.0,0.0,-0.0002029166746069677,0.0,-0.025898201763629912,0.40563246607780457,0.17723646759986877,10.302008438110352,0.0,-0.0,0.75,240,320,-0.1609937995672226,1.3100335597991943,2.0342917442321777,2.1976540088653564,2.1729310035705565,1.4310360670089721,0.19975034296512603,0,1.0,1.0,0.575657894736842,10.937500000000002,48514458.4466424,1.0,0.0,0.008481766161768186,0.005968627176487119,0.014450393338255308,0.0,0.0,0.0,0.0,0.0,0.0,0.0,0.0,0.0,0.0,0.0,0.0,0.0,0.0,0.0,0.0,0.0,0.0,0.0,0.0,-0.010402607210468918,0.0,0.4726926787174307,0.0,0.0,False,0.0,0.0,0.0
493,16,1.3512346744537354,42,True,False,all_finished,0.0,1.6000000000000003,1.6000000000000003,1.3000000000000003,20,True,48.9692740992662,1.5772257515059143,390827565.65130985,-0.02569593297245632,0.0,0.0,0.0,0.0001225977276344074,0.1520124552918591,-0.048149148500652314,0.10398590451884113,0.1266531836495683,0.11067009058842923,0.0,0.0,0.0,0.0006907708141840756,0.7619859549478185,0.0,0.0,0.0,0.0,0.0,0.0,0.0,0.0,0.0,0.0,0.0,0.0,0.0,0.0,0,0.0,0.0,0.0,0,0,0.0,0,20,20,260,0.10398590564727783,0.026085704565048218,0.5889018177986145,-0.05677523463964462,0.6174131631851196,0.15436731278896332,0.0,0.0,0.0,0.0,0.0,0.0,0.0,0.0,0.0,0.0,0.0,0.10316289807248728,0.31581484482074684,0.0,0.0,1.6000000000000003,,,0.0,0.85,0.85,1.0,0.15,0.0,,0,0.1875,0.8125,0.8125,0.0,0.0,1.0,0.0,0.0,1.0,0.0,0.0,0.0,0.0,0.0,4.1838989272946495e-05,0.0,0.009376840014010668,0.49255678057670593,0.2559754967689514,9.943910598754883,0.0,-0.0,0.8125,260,320,-0.08124486356973648,1.3574610948562622,1.9888106346130372,1.9859548091888428,2.0955876111984253,1.3144744157791137,0.20014955699443818,0,1.0,1.0,0.4624999999999999,8.7875,44853581.90385405,1.0,0.0,0.006248037356814682,0.005757044039926036,0.01200508139674072,0.0,0.0,0.0,0.0,0.0,0.0,0.0,0.0,0.0,0.0,0.0,0.0,0.0,0.0,0.0,0.0,0.0,0.0,0.0,0.0,-0.022453215528196003,0.0,0.4918000474688597,0.0,0.0,False,0.0,0.0,0.0
494,16,1.1842641830444336,42,True,False,all_finished,0.0,1.6000000000000003,1.6000000000000003,1.0950000000000002,20,True,51.82247331490072,1.3984433494020152,329908892.1799587,-0.02895470960918729,0.0,0.0,0.0,0.0001308396634499896,0.19677216649385212,-0.04057936662557006,0.156323639531732,0.12059712253778712,0.04841700039773968,0.0,0.0,0.0,0.0006324099297051668,0.8303534671347681,0.0,0.0,0.0,0.0,0.0,0.0,0.0,0.0,0.0,0.0,0.0,0.0,0.0,0.0,0,0.0,0.0,0.0,0,0,0.0,0,20,20,219,0.15632364153862,-0.028685391880571842,0.8234079331159592,-0.05230903625488281,1.3130708932876587,0.20624667406082153,0.0,0.0,0.0,0.0,0.0,0.0,0.0,0.0,0.0,0.0,0.0,0.06005082395149118,0.24386796891419094,0.0,0.0,1.6000000000000003,,,0.0,0.85,0.85,1.0,0.15,0.0,,0,0.315625,0.684375,0.684375,0.0,0.0,1.0,0.0,0.0,1.0,0.0,0.0,0.0,0.0,0.0,-0.0003816326498053968,0.0,0.004855989012867212,0.5274076223373413,0.26888092160224913,9.644561958312988,0.0,-0.0,0.684375,219,320,0.20457406342029572,1.663285255432129,2.889795923233032,2.326801824569702,2.5964637756347657,1.4030357122421264,0.1760475754737854,0,1.0,1.0,0.43947368421052646,8.350000000000001,49577692.62053093,1.0,0.0,0.008589273640925463,0.0060628443389381835,0.014652117979863646,0.0,0.0,0.0,0.0,0.0,0.0,0.0,0.0,0.0,0.0,0.0,0.0,0.0,0.0,0.0,0.0,0.0,0.0,0.0,0.0,-0.011624657016382756,0.0,0.4767583473585546,0.0,0.0,False,0.0,0.0,0.0
495,16,1.3381462097167969,42,True,False,all_finished,0.0,1.6000000000000003,1.6000000000000003,1.3450000000000002,20,True,50.74525327809189,1.5809526276072683,382520198.52565217,-0.025667709065296206,0.0,0.0,0.0,0.00012070367041628176,0.11642401894167813,-0.041499152118463015,0.07504557049363138,0.16237146268415206,0.10014818846529121,0.0,0.0,0.0,0.0008480621297445221,0.7366322867208122,0.0,0.0,0.0,0.0,0.0,0.0,0.0,0.0,0.0,0.0,0.0,0.0,0.0,0.0,0,0.0,0.0,0.0,0,0,0.0,0,20,20,269,0.07504557073116302,0.006983458995819092,0.3567628860473633,-0.05370836704969406,0.39891961216926575,0.11979688704013824,0.0,0.0,0.0,0.0,0.0,0.0,0.0,0.0,0.0,0.0,0.0,0.08199102608634881,0.2549763391681275,0.0,0.0,1.6000000000000003,,,0.0,0.95,0.95,1.0,0.05,0.0,,0,0.159375,0.840625,0.840625,0.0,0.0,1.0,0.0,0.0,1.0,0.0,0.0,0.0,0.0,0.0,0.00011060265242122114,0.0,-0.006020080391317606,0.6873130321502685,0.3379567742347717,21.84234752655029,0.0,-0.0,0.840625,269,320,-0.47974732518196106,1.275092363357544,1.660305953025818,1.633524751663208,2.057271385192871,1.2249077796936034,0.2525475025177002,0,1.0,1.0,0.4595394736842104,8.731250000000001,43151809.2401481,1.0,0.0,0.007764601069730562,0.005874052887227714,0.013638653956958272,0.0,0.0,0.0,0.0,0.0,0.0,0.0,0.0,0.0,0.0,0.0,0.0,0.0,0.0,0.0,0.0,0.0,0.0,0.0,0.0,-0.01583144305316678,0.0,0.5039681422989816,0.0,0.0,False,0.0,0.0,0.0
496,15,1.2794740200042725,42,True,False,all_finished,0.0,1.5000000000000002,1.5013703644275664,1.1111111111111112,20,True,51.73078399793735,1.441952543060778,341342823.87380934,-0.02827559885996094,0.0,0.0,0.0,0.0001357096573961015,0.20076757276589036,-0.04453303597373172,0.15637024644955477,0.11313544610882935,0.06504875138319992,0.0,0.0,0.0,0.0006279202710451676,0.8211878822369255,0.0,0.0,0.0,0.0,0.0,0.0,0.0,0.0,0.0,0.0,0.0,0.0,0.0,0.0,0,0.0,0.0,0.0,0,0,0.0,0,20,20,230,0.15637023746967316,-0.04092045873403549,0.782119214534759,-0.05559268221259117,1.14508855342865,0.20881053805351257,0.0,0.0,0.0,0.0,0.0,0.0,0.0,0.0,0.0,0.0,0.0,0.07985839349790502,0.277225935557698,0.0,0.0,1.5013703644275664,,,0.0013703644275662175,0.85,0.85,0.9826086956521739,0.15,0.0,,0,0.24666666666666667,0.7533333333333333,0.7533333333333333,0.0,0.0,1.0,0.0,0.0,1.0,0.0,0.0,0.0,0.0,0.0,0.00010624734568409622,0.0,0.003084283578209579,0.5768481373786927,0.29182626903057096,30.058353424072266,0.0,-0.0,0.7533333333333333,226,300,0.17891807854175568,1.6746585369110107,2.598394584655762,2.264615058898926,2.291667413711548,1.3279181957244872,0.19312373101711272,0,1.0,1.0,0.6242105263157895,11.859999999999998,51605364.71892312,1.0,0.0,0.008348622157139607,0.006212246382169999,0.0145608685393096,0.0,0.0,0.0,0.0,0.0,0.0,0.0,0.0,0.0,0.0,0.0,0.0,0.0,0.0,0.0,0.0,0.0,0.0,0.0,0.0,-0.016257437113770725,0.0,0.48986877689758934,0.0,0.0,False,0.0,0.0,0.0
497,15,1.1717619895935059,42,True,False,all_finished,0.0,1.5000000000000002,1.5003979206085205,1.1421052631578945,20,True,50.595145899543205,1.44689491298896,350378750.6371759,-0.02832509227256971,0.0,0.0,0.0,0.00014190520195730242,0.19093967886530677,-0.04066507032961318,0.150416513737651,0.11933769833957697,0.05199010703010308,0.0,0.0,0.0,0.000692074021362075,0.8279801206089579,0.0,0.0,0.0,0.0,0.0,0.0,0.0,0.0,0.0,0.0,0.0,0.0,0.0,0.0,0,0.0,0.0,0.0,0,0,0.0,0,20,20,233,0.1504165232181549,-0.041592344641685486,0.7370502591133113,-0.0508829765021801,0.9912319779396057,0.1996726542711258,0.0,0.0,0.0,0.0,0.0,0.0,0.0,0.0,0.0,0.0,0.0,0.065362880562257,0.23748214091951692,0.0,0.0,1.5003979206085205,,,0.00039792060852028577,0.8,0.8,0.9828326180257511,0.2,0.0,,0,0.23666666666666666,0.7633333333333333,0.7633333333333333,0.0,0.0,1.0,0.0,0.0,1.0,0.0,0.0,0.0,0.0,0.0,-7.06047547282651e-05,0.0,-0.01060829246416688,0.5829745411872864,0.28119891285896303,52.92557029724121,0.0,-0.0,0.7633333333333333,229,300,0.33183708786964417,1.470407485961914,2.505425214767456,2.087015962600708,1.9765530824661255,1.2809714078903198,0.20196468234062195,0,1.0,1.0,0.4501754385964913,8.553333333333333,41482951.97215955,1.0,0.0,0.008608612152029878,0.005703427857655136,0.014312040009685013,0.0,0.0,0.0,0.0,0.0,0.0,0.0,0.0,0.0,0.0,0.0,0.0,0.0,0.0,0.0,0.0,0.0,0.0,0.0,0.0,-0.012339978057043403,0.0,0.4789788838351766,0.0,0.0,False,0.0,0.0,0.0
498,16,1.2264366149902344,42,True,False,all_finished,0.0,1.6000000000000003,1.600482834577561,1.0631578947368423,20,True,55.45896432719263,1.3841256040416097,306350529.2982356,-0.02955753255797311,0.0,0.0,0.0,0.00011921520419756796,0.1922074810962615,-0.04286059643748866,0.14946609986297024,0.1247996249513301,0.05616901138858064,0.0,0.0,0.0,0.0005857862427123988,0.8184455774173769,0.0,0.0,0.0,0.0,0.0,0.0,0.0,0.0,0.0,0.0,0.0,0.0,0.0,0.0,0,0.0,0.0,0.0,0,0,0.0,0,20,20,218,0.14946609735488892,-0.04197342321276665,0.8238906264305115,-0.054040614515542984,1.9254450798034668,0.20592758059501648,0.0,0.0,0.0,0.0,0.0,0.0,0.0,0.0,0.0,0.0,0.0,0.06822724911461861,0.2396026724897279,0.0,0.0,1.600482834577561,,,0.000482834577560709,0.9,0.9,0.9954128440366973,0.1,0.0,,0,0.321875,0.678125,0.678125,0.0,0.0,1.0,0.0,0.0,1.0,0.0,0.0,0.0,0.0,0.0,-0.00022396869608201086,0.0,0.0004202200099825859,0.41092644929885863,0.20620312690734863,15.578379058837891,0.0,-0.0,0.678125,217,320,0.22415748238563538,1.3521767854690552,2.841260051727295,2.175894021987915,2.551798963546753,1.5432767391204834,0.17628228068351745,0,1.0,1.0,0.5174342105263159,9.83125,50214406.14738546,1.0,0.0,0.008382209059236761,0.005846717790039973,0.014228926849276735,0.0,0.0,0.0,0.0,0.0,0.0,0.0,0.0,0.0,0.0,0.0,0.0,0.0,0.0,0.0,0.0,0.0,0.0,0.0,0.0,-0.013303063879515612,0.0,0.46944818988558834,0.0,0.0,False,0.0,0.0,0.0
499,16,1.3029203414916992,42,True,False,all_finished,0.0,1.6000000000000003,1.6000000000000003,1.1900000000000002,20,True,54.01248346113228,1.4356314194819828,327675626.8912069,-0.02864800228560273,0.0,0.0,0.0,0.00012303930016205794,0.13742199895827217,-0.04191816862022556,0.09562686963820877,0.15919957047676656,0.0737435287656656,0.0,0.0,0.0,0.0008286604914389826,0.7662282402661289,0.0,0.0,0.0,0.0,0.0,0.0,0.0,0.0,0.0,0.0,0.0,0.0,0.0,0.0,0,0.0,0.0,0.0,0,0,0.0,0,20,20,238,0.09562687575817108,0.020498007535934448,0.3945681303739548,-0.04936234652996063,0.5863108038902283,0.13543114066123962,0.0,0.0,0.0,0.0,0.0,0.0,0.0,0.0,0.0,0.0,0.0,0.06869104923567568,0.263020806510718,0.0,0.0,1.6000000000000003,,,0.0,0.9,0.9,1.0,0.1,0.0,,0,0.25625,0.74375,0.74375,0.0,0.0,1.0,0.0,0.0,1.0,0.0,0.0,0.0,0.0,0.0,-5.648834448948037e-05,0.0,-0.004802213981747627,0.5286898195743561,0.2598622113466263,26.901333236694335,0.0,-0.0,0.74375,238,320,-0.21844229102134705,1.1660261154174805,2.109995174407959,1.6567785263061523,2.302134466171265,1.3268976926803588,0.27492964565753936,0,1.0,1.0,0.5434210526315789,10.325000000000001,48244815.6674275,1.0,0.0,0.007231706095723801,0.005127067642925639,0.012358773738649442,0.0,0.0,0.0,0.0,0.0,0.0,0.0,0.0,0.0,0.0,0.0,0.0,0.0,0.0,0.0,0.0,0.0,0.0,0.0,0.0,-0.01327016633462281,0.0,0.47093168244464323,0.0,0.0,False,0.0,0.0,0.0
500,16,1.3189747333526611,42,True,False,all_finished,0.0,1.6000000000000003,1.6002152514457708,1.1947368421052633,20,True,53.60042096531568,1.4486725803323872,330530364.7647937,-0.028104421848763973,0.0,0.0,0.0,0.00012107720304978514,0.14594876622775557,-0.04643330239663736,0.09963654103416793,0.14467143213628608,0.09435046956613981,0.0,0.0,0.0,0.0007133818564889182,0.7602647164410852,0.0,0.0,0.0,0.0,0.0,0.0,0.0,0.0,0.0,0.0,0.0,0.0,0.0,0.0,0,0.0,0.0,0.0,0,0,0.0,0,20,20,239,0.09963653981685638,0.005098281428217888,0.5109616070985794,-0.06142403185367584,0.6256468296051025,0.1495116651058197,0.0,0.0,0.0,0.0,0.0,0.0,0.0,0.0,0.0,0.0,0.0,0.08991773266826525,0.26469012060723285,0.0,0.0,1.6002152514457708,,,0.00021525144577050348,0.95,0.95,0.99581589958159,0.05,0.0,,0,0.25625,0.74375,0.74375,0.0,0.0,1.0,0.0,0.0,1.0,0.0,0.0,0.0,0.0,0.0,0.00013261801359476522,0.0,-0.002846655994653702,0.6714384078979492,0.33319240212440493,28.127450942993164,0.0,-0.0,0.74375,238,320,-0.32206597924232483,1.553088665008545,2.1826594829559327,1.9239606618881226,2.4512978076934813,1.2674636602401734,0.2620260536670685,0,1.0,1.0,0.535855263157895,10.181249999999999,43682941.12267815,1.0,0.0,0.006346793201711309,0.005352249699064804,0.011699042900776113,0.0,0.0,0.0,0.0,0.0,0.0,0.0,0.0,0.0,0.0,0.0,0.0,0.0,0.0,0.0,0.0,0.0,0.0,0.0,0.0,-0.018328880547873395,0.0,0.48112962988670915,0.0,0.0,False,0.0,0.0,0.0
501,16,1.298781394958496,42,True,False,all_finished,0.0,1.6000000000000003,1.6007148396968844,1.0947368421052632,20,True,55.009929072239935,1.4156107247807803,318113990.3090785,-0.029026237347992877,0.0,0.0,0.0,0.0001280168819661711,0.1921839768799338,-0.03970260616834613,0.1526093875935543,0.12401229806332995,0.0456139394338424,0.0,0.0,0.0,0.0006089191802899889,0.8297648433225377,0.0,0.0,0.0,0.0,0.0,0.0,0.0,0.0,0.0,0.0,0.0,0.0,0.0,0.0,0,0.0,0.0,0.0,0,0,0.0,0,20,20,223,0.15260939300060272,-0.006092589348554611,0.7050371468067169,-0.05039742961525917,1.2077282667160034,0.19580256938934326,0.0,0.0,0.0,0.0,0.0,0.0,0.0,0.0,0.0,0.0,0.0,0.057574328866061654,0.22051982421625108,0.0,0.0,1.6007148396968844,,,0.0007148396968841286,0.95,0.95,0.9865470852017937,0.05,0.0,,0,0.3125,0.6875,0.6875,0.0,0.0,1.0,0.0,0.0,1.0,0.0,0.0,0.0,0.0,0.0,-7.667164172744378e-05,0.0,0.004598097293637693,0.5693769812583923,0.289605575799942,45.50377578735352,0.0,-0.0,0.6875,220,320,0.08924030512571335,1.6389354467391968,2.929663801193237,2.2002100944519043,2.763893461227417,1.461047101020813,0.20023187398910522,0,1.0,1.0,0.5720394736842103,10.868750000000006,42649548.8759004,1.0,0.0,0.00928481028144619,0.00535998504051311,0.014644795321959303,0.0,0.0,0.0,0.0,0.0,0.0,0.0,0.0,0.0,0.0,0.0,0.0,0.0,0.0,0.0,0.0,0.0,0.0,0.0,0.0,-0.010676368820353183,0.0,0.49026073730783537,0.0,0.0,False,0.0,0.0,0.0
502,16,1.283566951751709,42,True,False,all_finished,0.0,1.6000000000000003,1.601144137382508,1.1833333333333336,20,True,53.668532911003105,1.4179823677604937,325074337.22604525,-0.028970147572423756,0.0,0.0,0.0,0.00012410892538564474,0.13246951293743087,-0.04164094520016502,0.0909526766626516,0.16480561207508168,0.07208173701217642,0.0,0.0,0.0,0.0007536959105801046,0.7623589550021618,0.0,0.0,0.0,0.0,0.0,0.0,0.0,0.0,0.0,0.0,0.0,0.0,0.0,0.0,0,0.0,0.0,0.0,0,0,0.0,0,20,20,242,0.09095267951488495,0.005088150501251221,0.48148249834775925,-0.05363771691918373,0.5110721588134766,0.13772054016590118,0.0,0.0,0.0,0.0,0.0,0.0,0.0,0.0,0.0,0.0,0.0,0.06779228433327311,0.22872759315400937,0.0,0.0,1.601144137382508,,,0.0011441373825076262,0.85,0.85,0.9793388429752066,0.15,0.0,,0,0.259375,0.740625,0.740625,0.0,0.0,1.0,0.0,0.0,1.0,0.0,0.0,0.0,0.0,0.0,-0.0001252853257028619,0.0,0.002488789334893227,0.5906184077262878,0.2981192469596863,18.51397285461426,0.0,-0.0,0.740625,237,320,-0.5923706293106079,1.2502555847167969,2.1340996742248537,1.784958004951477,2.609920835494995,1.3211750984191895,0.2718111723661423,0,1.0,1.0,0.4766447368421053,9.056249999999997,51627447.53896191,1.0,0.0,0.006635387770266302,0.005336095088454892,0.011971482858721193,0.0,0.0,0.0,0.0,0.0,0.0,0.0,0.0,0.0,0.0,0.0,0.0,0.0,0.0,0.0,0.0,0.0,0.0,0.0,0.0,-0.012670797627741254,0.0,0.4694229004584486,0.0,0.0,False,0.0,0.0,0.0
503,16,1.344228982925415,42,True,False,all_finished,0.0,1.6000000000000003,1.6003518116474158,1.263157894736842,20,True,50.65096455127629,1.5647296108767685,378409448.1718302,-0.025816745966373185,0.0,0.0,0.0,0.00012327671003822092,0.16110560928509635,-0.04397407280241927,0.1172548131927154,0.12450444165547916,0.08756594818814574,0.0,0.0,0.0,0.0006610638740912683,0.7872685462822838,0.0,0.0,0.0,0.0,0.0,0.0,0.0,0.0,0.0,0.0,0.0,0.0,0.0,0.0,0,0.0,0.0,0.0,0,0,0.0,0,20,20,255,0.1172548159956932,0.017167452722787857,0.5604505240917206,-0.05255160108208656,0.6545189023017883,0.16484954953193665,0.0,0.0,0.0,0.0,0.0,0.0,0.0,0.0,0.0,0.0,0.0,0.09090220076578462,0.26729763562607817,0.0,0.0,1.6003518116474158,,,0.00035181164741548976,0.9,0.9,0.996078431372549,0.1,0.0,,0,0.20625,0.79375,0.79375,0.0,0.0,1.0,0.0,0.0,1.0,0.0,0.0,0.0,0.0,0.0,0.0001019991876091808,0.0,0.0065898684784770015,0.39932542443275454,0.20657331496477127,7.6846953392028805,0.0,-0.0,0.79375,254,320,-0.18366485834121704,1.4098926782608032,2.157182741165161,2.2144862174987794,2.1938193798065186,1.389363670349121,0.18654697835445405,0,1.0,1.0,0.5210526315789473,9.900000000000002,41534574.930234745,1.0,0.0,0.008055198611653904,0.006058390137466006,0.014113588749119912,0.0,0.0,0.0,0.0,0.0,0.0,0.0,0.0,0.0,0.0,0.0,0.0,0.0,0.0,0.0,0.0,0.0,0.0,0.0,0.0,-0.018157326836045994,0.0,0.48372856541536746,0.0,0.0,False,0.0,0.0,0.0
504,16,1.363173007965088,42,True,False,all_finished,0.0,1.6000000000000003,1.6000000000000003,1.2950000000000002,20,True,50.93894472982969,1.4710579749109982,352569423.662548,-0.02771185677742167,0.0,0.0,0.0,0.00011478492374229613,0.09324250633027184,-0.039793687488859406,0.05356360376515475,0.2040010318460457,0.08894048318446429,0.0,0.0,0.0,0.0009702273707526714,0.7060882575987373,0.0,0.0,0.0,0.0,0.0,0.0,0.0,0.0,0.0,0.0,0.0,0.0,0.0,0.0,0,0.0,0.0,0.0,0,0,0.0,0,20,20,259,0.05356360226869583,0.018964100629091263,0.19924911111593246,-0.05092327296733856,0.21344678103923798,0.09560419619083405,0.0,0.0,0.0,0.0,0.0,0.0,0.0,0.0,0.0,0.0,0.0,0.06425947438976198,0.24917118008097497,0.0,0.0,1.6000000000000003,,,0.0,0.85,0.85,1.0,0.15,0.0,,0,0.190625,0.809375,0.809375,0.0,0.0,1.0,0.0,0.0,1.0,0.0,0.0,0.0,0.0,0.0,-0.0006758255767636001,0.0,-0.004323592409491539,0.9810368061065674,0.4865151643753052,67.79735107421875,0.0,-0.0,0.809375,259,320,-0.5054482221603394,1.2499895095825195,1.4218741655349731,1.3562094688415527,1.8206872940063477,1.2200903177261353,0.32492647171020506,0,1.0,1.0,0.525,9.975000000000003,49217659.03529638,1.0,0.0,0.007398000148298431,0.0052557454120210284,0.012653745560319462,0.0,0.0,0.0,0.0,0.0,0.0,0.0,0.0,0.0,0.0,0.0,0.0,0.0,0.0,0.0,0.0,0.0,0.0,0.0,0.0,-0.012081830711437796,0.0,0.5008896197308786,0.0,0.0,False,0.0,0.0,0.0
505,16,1.2316672801971436,42,True,False,all_finished,0.0,1.6000000000000003,1.6000000000000003,1.1549999999999998,20,True,51.717015346886434,1.5398358001743524,364981828.2850684,-0.026572440720123363,0.0,0.0,0.0,0.00011880145206709937,0.21339081704154986,-0.04139302123711981,0.17211659725649728,0.10423822888343619,0.05813809429053061,0.0,0.0,0.0,0.0005353166455738113,0.8370883601804594,0.0,0.0,0.0,0.0,0.0,0.0,0.0,0.0,0.0,0.0,0.0,0.0,0.0,0.0,0,0.0,0.0,0.0,0,0,0.0,0,20,20,231,0.17211660742759705,0.04323510825634003,0.7274373173713684,-0.049184732139110565,1.1841661930084229,0.21248677372932434,0.0,0.0,0.0,0.0,0.0,0.0,0.0,0.0,0.0,0.0,0.0,0.0733913493181004,0.28829958218155355,0.0,0.0,1.6000000000000003,,,0.0,1.0,1.0,1.0,0.0,0.0,,0,0.278125,0.721875,0.721875,0.0,0.0,1.0,0.0,0.0,1.0,0.0,0.0,0.0,0.0,0.0,8.784335077507421e-05,0.0,0.010439889878034592,0.6945960760116577,0.35805931091308596,128.404931640625,0.0,-0.0,0.721875,231,320,0.597042441368103,1.2959481477737427,3.074923038482666,1.8115669727325439,2.369194269180298,1.5416953086853027,0.23100548684597016,0,1.0,1.0,0.45822368421052634,8.706249999999997,51942560.45342866,1.0,0.0,0.007994497820161395,0.0061277935097238025,0.014122291329885201,0.0,0.0,0.0,0.0,0.0,0.0,0.0,0.0,0.0,0.0,0.0,0.0,0.0,0.0,0.0,0.0,0.0,0.0,0.0,0.0,-0.014820580516996413,0.0,0.4895400304696523,0.0,0.0,False,0.0,0.0,0.0
506,16,1.3958842754364014,42,True,False,all_finished,0.0,1.6000000000000003,1.6008657109737403,1.2000000000000002,20,True,51.6910621487224,1.529497177237126,358340434.78556836,-0.026659338543068095,0.0,0.0,0.0,0.00012482966784511422,0.18082732805083382,-0.044276838783414096,0.1366753189352649,0.11662048017332906,0.07706722858722609,0.0,0.0,0.0,0.0006021009187849497,0.8057101903206599,0.0,0.0,0.0,0.0,0.0,0.0,0.0,0.0,0.0,0.0,0.0,0.0,0.0,0.0,0,0.0,0.0,0.0,0,0,0.0,0,20,20,244,0.13667531311511993,-0.03964153490960598,0.7053574621677399,-0.05783364921808243,0.7820379734039307,0.1933477818965912,0.0,0.0,0.0,0.0,0.0,0.0,0.0,0.0,0.0,0.0,0.0,0.08580567500757866,0.27730309173390194,0.0,0.0,1.6008657109737403,,,0.0008657109737399971,0.8,0.8,0.9959016393442623,0.2,0.0,,0,0.240625,0.759375,0.759375,0.0,0.0,1.0,0.0,0.0,1.0,0.0,0.0,0.0,0.0,0.0,0.00038373869319912045,0.0,0.024374157749116422,0.5796010971069336,0.314492267370224,56.00809669494629,0.0,-0.0,0.759375,243,320,0.3305053114891052,1.7396173477172852,2.3638567447662355,2.3233202934265136,1.9878170967102051,1.4795645952224732,0.13491102308034897,0,1.0,1.0,0.6421052631578946,12.199999999999998,54268886.94562167,1.0,0.0,0.006467744561483126,0.005630381324875913,0.01209812588635904,0.0,0.0,0.0,0.0,0.0,0.0,0.0,0.0,0.0,0.0,0.0,0.0,0.0,0.0,0.0,0.0,0.0,0.0,0.0,0.0,-0.017617500240345873,0.0,0.4701388923713239,0.0,0.0,False,0.0,0.0,0.0
507,15,1.2726237773895264,42,True,False,all_finished,0.0,1.5000000000000002,1.5000000000000002,1.17,20,True,50.95772909335853,1.448674951361149,349378533.5726868,-0.028187856655738443,0.0,0.0,0.0,0.0001261058871902086,0.170789468975431,-0.04075086389394673,0.13016471096867452,0.13183711977179013,0.05875830540029201,0.0,0.0,0.0,0.000674513359998902,0.8087300614679189,0.0,0.0,0.0,0.0,0.0,0.0,0.0,0.0,0.0,0.0,0.0,0.0,0.0,0.0,0,0.0,0.0,0.0,0,0,0.0,0,20,20,234,0.1301647275686264,0.020307166501879692,0.652290934324264,-0.04841531440615654,0.9818492531776428,0.17236842215061188,0.0,0.0,0.0,0.0,0.0,0.0,0.0,0.0,0.0,0.0,0.0,0.06987409395606171,0.2159102133205631,0.0,0.0,1.5000000000000002,,,0.0,0.9,0.9,1.0,0.1,0.0,,0,0.22,0.78,0.78,0.0,0.0,1.0,0.0,0.0,1.0,0.0,0.0,0.0,0.0,0.0,6.799788516218542e-05,0.0,0.007286934880539775,0.7238595366477967,0.3695351183414459,37.00914840698242,0.0,-0.0,0.78,234,300,0.23530881106853485,1.6418336629867554,2.1796548843383787,2.0452306270599365,1.8887454509735107,1.421774649620056,0.22754639387130737,0,1.0,1.0,0.5975438596491227,11.353333333333335,48609648.90567797,1.0,0.0,0.007038428665881408,0.005614967507087238,0.012653396172968645,0.0,0.0,0.0,0.0,0.0,0.0,0.0,0.0,0.0,0.0,0.0,0.0,0.0,0.0,0.0,0.0,0.0,0.0,0.0,0.0,-0.012563007238208293,0.0,0.48383634735209247,0.0,0.0,False,0.0,0.0,0.0
508,16,1.2386796474456787,42,True,False,all_finished,0.0,1.6000000000000003,1.601954491138459,1.1105263157894738,20,True,51.58245218678371,1.489291685355108,356458762.3415402,-0.027600745470490667,0.0,0.0,0.0,0.00011706615044358454,0.2145149707922071,-0.04223901305033556,0.1723930238923151,0.10720593496830617,0.05685749190692476,0.0,0.0,0.0,0.0005120023807679391,0.8354245707440011,0.0,0.0,0.0,0.0,0.0,0.0,0.0,0.0,0.0,0.0,0.0,0.0,0.0,0.0,0,0.0,0.0,0.0,0,0,0.0,0,20,20,227,0.17239302396774292,0.11089480668306351,0.7356095016002655,-0.05993390828371048,1.2723151445388794,0.2165389060974121,0.0,0.0,0.0,0.0,0.0,0.0,0.0,0.0,0.0,0.0,0.0,0.0700980610880801,0.2957659349423919,0.0,0.0,1.601954491138459,,,0.0019544911384585806,0.95,0.95,0.9911894273127754,0.05,0.0,,0,0.296875,0.703125,0.703125,0.0,0.0,1.0,0.0,0.0,1.0,0.0,0.0,0.0,0.0,0.0,0.00010295035390299745,0.0,0.009726252034306526,0.6548130869865417,0.33745384216308594,62.12801094055176,0.0,-0.0,0.703125,225,320,0.744787871837616,1.4958381652832031,2.9412790298461915,2.135664463043213,2.1445280075073243,1.4929513216018677,0.20904258489608765,0,1.0,1.0,0.4976973684210528,9.456250000000002,51501656.95944194,1.0,0.0,0.007437154624681747,0.006029766543484739,0.013466921168166487,0.0,0.0,0.0,0.0,0.0,0.0,0.0,0.0,0.0,0.0,0.0,0.0,0.0,0.0,0.0,0.0,0.0,0.0,0.0,0.0,-0.014638267579844867,0.0,0.49097254351945596,0.0,0.0,False,0.0,0.0,0.0
509,16,1.3152475357055664,42,True,False,all_finished,0.0,1.6000000000000003,1.6000000000000003,1.2550000000000001,20,True,52.53250558151806,1.5637622550477048,365817570.33261436,-0.02628018329922562,0.0,0.0,0.0,0.00011953874746337908,0.16666161387961695,-0.03930632455275536,0.12747482807432522,0.12477402576747668,0.06184599498081096,0.0,0.0,0.0,0.0006623852475482968,0.8127175940041641,0.0,0.0,0.0,0.0,0.0,0.0,0.0,0.0,0.0,0.0,0.0,0.0,0.0,0.0,0,0.0,0.0,0.0,0,0,0.0,0,20,20,251,0.1274748146533966,0.05375212803483009,0.4725426435470581,-0.04867006838321686,0.4926659166812897,0.1666281521320343,0.0,0.0,0.0,0.0,0.0,0.0,0.0,0.0,0.0,0.0,0.0,0.07281701771855831,0.2084119910079793,0.0,0.0,1.6000000000000003,,,0.0,0.8,0.8,1.0,0.2,0.0,,0,0.215625,0.784375,0.784375,0.0,0.0,1.0,0.0,0.0,1.0,0.0,0.0,0.0,0.0,0.0,-0.00018464923341525717,0.0,0.02235705154016614,0.5710339426994324,0.3081948757171631,25.828046607971192,0.0,-0.0,0.784375,251,320,0.3682771921157837,1.5005043745040894,2.253400754928589,2.030345916748047,1.8600965738296509,1.471062970161438,0.17985781729221345,0,1.0,1.0,0.4855263157894737,9.224999999999998,41600365.15399514,1.0,0.0,0.007804396155745891,0.005753758286191369,0.013558154441937262,0.0,0.0,0.0,0.0,0.0,0.0,0.0,0.0,0.0,0.0,0.0,0.0,0.0,0.0,0.0,0.0,0.0,0.0,0.0,0.0,-0.01302614125352965,0.0,0.5037727346731117,0.0,0.0,False,0.0,0.0,0.0
510,16,1.2896697521209717,42,True,False,all_finished,0.0,1.6000000000000003,1.6003815662860876,1.2157894736842105,20,True,49.692249741659815,1.519005051120286,372058952.3009586,-0.0268015545541182,0.0,0.0,0.0,0.00012670326782263845,0.16674357640397486,-0.043460927574197325,0.12340935209760025,0.12537572167648814,0.0779313345743705,0.0,0.0,0.0,0.0006815102685365343,0.7960114334806049,0.0,0.0,0.0,0.0,0.0,0.0,0.0,0.0,0.0,0.0,0.0,0.0,0.0,0.0,0,0.0,0.0,0.0,0,0,0.0,0,20,20,245,0.12340935319662094,0.008151672780513763,0.580383412539959,-0.057509783655405045,0.8904480934143066,0.1721612513065338,0.0,0.0,0.0,0.0,0.0,0.0,0.0,0.0,0.0,0.0,0.0,0.0845354277282038,0.23379949481625995,0.0,0.0,1.6003815662860876,,,0.00038156628608732035,0.9,0.9,0.9918367346938776,0.1,0.0,,0,0.240625,0.759375,0.759375,0.0,0.0,1.0,0.0,0.0,1.0,0.0,0.0,0.0,0.0,0.0,0.000339522905414924,0.0,-0.010318607138469816,0.6414340496063232,0.3107195198535919,43.43235340118408,0.0,-0.0,0.759375,243,320,0.32625824213027954,1.3729192018508911,2.3424939155578612,1.8386981248855592,1.9961294412612915,1.3134904861450196,0.24684991538524628,0,1.0,1.0,0.49276315789473685,9.362499999999999,45007096.15991817,1.0,0.0,0.006820999776104351,0.005567618390251441,0.01238861816635579,0.0,0.0,0.0,0.0,0.0,0.0,0.0,0.0,0.0,0.0,0.0,0.0,0.0,0.0,0.0,0.0,0.0,0.0,0.0,0.0,-0.01665937302007907,0.0,0.4884043711586855,0.0,0.0,False,0.0,0.0,0.0
511,15,1.1904819011688232,42,True,False,all_finished,0.0,1.5000000000000002,1.5003307163715363,1.0999999999999999,20,True,50.91541990167782,1.397554708836958,335309120.4795598,-0.02892481896680587,0.0,0.0,0.0,0.0001272023558150649,0.16685854979652676,-0.04686335618343414,0.12012239596890763,0.13396713335083876,0.08308347271514134,0.0,0.0,0.0,0.0006609192879395229,0.7822884746460804,0.0,0.0,0.0,0.0,0.0,0.0,0.0,0.0,0.0,0.0,0.0,0.0,0.0,0.0,0,0.0,0.0,0.0,0,0,0.0,0,20,20,229,0.12012239545583725,-0.043905436992645264,0.5630656599998474,-0.06477532535791397,0.6074042916297913,0.17929591238498688,0.0,0.0,0.0,0.0,0.0,0.0,0.0,0.0,0.0,0.0,0.0,0.08568966794556526,0.29645255781134877,0.0,0.0,1.5003307163715363,,,0.00033071637153603284,0.85,0.85,0.9912663755458515,0.15,0.0,,0,0.24333333333333335,0.7566666666666666,0.7566666666666666,0.0,0.0,1.0,0.0,0.0,1.0,0.0,0.0,0.0,0.0,0.0,-0.000103979159030132,0.0,0.012392875738441944,0.642333447933197,0.3338812947273254,22.476508140563965,0.0,-0.0,0.7566666666666667,227,300,-0.34709295630455017,1.5378994941711426,2.362231159210205,1.96709885597229,2.6802500247955323,1.4025146961212158,0.2724973201751709,0,1.0,1.0,0.48771929824561405,9.266666666666667,50763232.1020203,1.0,0.0,0.008123623638783117,0.005851454709558406,0.013975078348341524,0.0,0.0,0.0,0.0,0.0,0.0,0.0,0.0,0.0,0.0,0.0,0.0,0.0,0.0,0.0,0.0,0.0,0.0,0.0,0.0,-0.017938537216628234,0.0,0.5086023157897095,0.0,0.0,False,0.0,0.0,0.0
512,15,1.2381775379180908,42,True,False,all_finished,0.0,1.5000000000000002,1.5000000000000002,1.1599999999999997,20,True,53.90257964426422,1.4058965386869908,321871268.7040074,-0.029040554239027787,0.0,0.0,0.0,0.00012974965406179192,0.15260309661623966,-0.04529516354809879,0.10743768272220262,0.1462625525820339,0.08186622848862037,0.0,0.0,0.0,0.0007340464334987442,0.7711371724958469,0.0,0.0,0.0,0.0,0.0,0.0,0.0,0.0,0.0,0.0,0.0,0.0,0.0,0.0,0,0.0,0.0,0.0,0,0,0.0,0,20,20,232,0.10743767768144608,-0.04659492149949074,0.5381791889667503,-0.0564604289829731,1.0471223592758179,0.16602925956249237,0.0,0.0,0.0,0.0,0.0,0.0,0.0,0.0,0.0,0.0,0.0,0.08375783037234924,0.23478780897821858,0.0,0.0,1.5000000000000002,,,0.0,0.9,0.9,1.0,0.1,0.0,,0,0.22666666666666666,0.7733333333333333,0.7733333333333333,0.0,0.0,1.0,0.0,0.0,1.0,0.0,0.0,0.0,0.0,0.0,0.0003035177433048375,0.0,-0.022440936462953687,0.6297183632850647,0.2927388846874237,25.309170150756835,0.0,-0.0,0.7733333333333333,232,300,-0.4235004782676697,1.650191307067871,2.1954043388366697,2.171893310546875,2.408061075210571,1.4130059003829956,0.2815494954586029,0,1.0,1.0,0.5371929824561406,10.206666666666667,41259711.00421857,1.0,0.0,0.009108782900767392,0.005827788261341274,0.014936571162108668,0.0,0.0,0.0,0.0,0.0,0.0,0.0,0.0,0.0,0.0,0.0,0.0,0.0,0.0,0.0,0.0,0.0,0.0,0.0,0.0,-0.016254609309071043,0.0,0.4723185308929533,0.0,0.0,False,0.0,0.0,0.0
513,16,1.3054869174957275,42,True,False,all_finished,0.0,1.6000000000000003,1.601629737615586,1.1588235294117646,20,True,52.047857916994055,1.4628136953760724,348193705.2343039,-0.028293021126237987,0.0,0.0,0.0,0.00013145519004751472,0.1415645939865277,-0.04033655018204374,0.10135949899453148,0.1536957319548516,0.06542387273853212,0.0,0.0,0.0,0.0008112420082322573,0.780069153298384,0.0,0.0,0.0,0.0,0.0,0.0,0.0,0.0,0.0,0.0,0.0,0.0,0.0,0.0,0,0.0,0.0,0.0,0,0,0.0,0,20,20,245,0.10135949403047562,-0.03134066145867109,0.5823553800582886,-0.053553786128759384,1.034381628036499,0.15062031149864197,0.0,0.0,0.0,0.0,0.0,0.0,0.0,0.0,0.0,0.0,0.0,0.0635524804941248,0.23921734268892988,0.0,0.0,1.601629737615586,,,0.0016297376155856025,0.8,0.8,0.9877551020408163,0.2,0.0,,0,0.24375,0.75625,0.75625,0.0,0.0,1.0,0.0,0.0,1.0,0.0,0.0,0.0,0.0,0.0,0.0002661521328263916,0.0,-0.008838829398155213,0.7572280526161194,0.3700963854789734,35.38286437988281,0.0,-0.0,0.75625,242,320,-0.16321341693401337,1.5884780883789062,2.1492748737335203,1.8773343324661256,2.206260108947754,1.3795764207839967,0.27594034373760223,0,1.0,1.0,0.4684210526315791,8.900000000000002,47957615.54396792,1.0,0.0,0.00814647086540162,0.005549758938407918,0.01369622980380954,0.0,0.0,0.0,0.0,0.0,0.0,0.0,0.0,0.0,0.0,0.0,0.0,0.0,0.0,0.0,0.0,0.0,0.0,0.0,0.0,-0.012043529055805798,0.0,0.48324045801418836,0.0,0.0,False,0.0,0.0,0.0
514,16,1.2835941314697266,42,True,False,all_finished,0.0,1.6000000000000003,1.6000000000000003,1.1600000000000001,20,True,50.723701669305164,1.47905662077494,357127950.2852447,-0.027640742890859087,0.0,0.0,0.0,0.0001103996351747819,0.19577005577521922,-0.04933625802596237,0.1465441973844316,0.1113671977226032,0.08741330626622955,0.0,0.0,0.0,0.00047724080047576063,0.8007422552106914,0.0,0.0,0.0,0.0,0.0,0.0,0.0,0.0,0.0,0.0,0.0,0.0,0.0,0.0,0,0.0,0.0,0.0,0,0,0.0,0,20,20,232,0.1465442031621933,-0.043356120586395264,0.8910465091466904,-0.06913362443447113,1.4768868684768677,0.21169427037239075,0.0,0.0,0.0,0.0,0.0,0.0,0.0,0.0,0.0,0.0,0.0,0.09359630328154203,0.34586039500458354,0.0,0.0,1.6000000000000003,,,0.0,0.85,0.85,1.0,0.15,0.0,,0,0.275,0.725,0.725,0.0,0.0,1.0,0.0,0.0,1.0,0.0,0.0,0.0,0.0,0.0,-5.277541640680283e-05,0.0,-0.021361512131989002,0.3580040454864502,0.15796050876379014,19.892576217651367,0.0,-0.0,0.725,232,320,0.04623982682824135,1.351097822189331,2.797615385055542,2.2926159858703614,2.6521727085113525,1.5876756191253663,0.19764553904533386,0,1.0,1.0,0.5414473684210527,10.287499999999998,40675447.34268118,1.0,0.0,0.00928847755428596,0.006179003061946024,0.015467480616231983,0.0,0.0,0.0,0.0,0.0,0.0,0.0,0.0,0.0,0.0,0.0,0.0,0.0,0.0,0.0,0.0,0.0,0.0,0.0,0.0,-0.021695515135103236,0.0,0.4875898863363545,0.0,0.0,False,0.0,0.0,0.0
515,16,1.238602876663208,42,True,False,all_finished,0.0,1.6000000000000003,1.6012230539321906,1.1,20,True,54.171887152609955,1.3859260451886344,322207456.6267973,-0.029680964268151866,0.0,0.0,0.0,0.00012063816237784368,0.15462906609260668,-0.03963534146411578,0.11511436279086891,0.14783475310451896,0.049580696967235466,0.0,0.0,0.0,0.000679406270349379,0.8019051436578962,0.0,0.0,0.0,0.0,0.0,0.0,0.0,0.0,0.0,0.0,0.0,0.0,0.0,0.0,0,0.0,0.0,0.0,0,0,0.0,0,20,20,230,0.11511436104774475,-0.014946541283279657,0.6370907425880432,-0.04791082814335823,0.7976526021957397,0.15797433257102966,0.0,0.0,0.0,0.0,0.0,0.0,0.0,0.0,0.0,0.0,0.0,0.05750011061705864,0.19050507776769363,0.0,0.0,1.6012230539321906,,,0.0012230539321902434,0.8,0.8,0.9869565217391304,0.2,0.0,,0,0.290625,0.709375,0.709375,0.0,0.0,1.0,0.0,0.0,1.0,0.0,0.0,0.0,0.0,0.0,0.00010735014220699667,0.0,0.0048181690275669094,0.501393300294876,0.2558365672826767,48.36295013427734,0.0,-0.0,0.709375,227,320,-0.22438427805900574,1.421404480934143,2.4549718856811524,2.1049858570098876,2.6335217475891115,1.4711047887802124,0.22956368029117585,0,1.0,1.0,0.48717105263157884,9.256249999999998,43179089.5886503,1.0,0.0,0.009017185882794754,0.005598143288799882,0.014615329171594641,0.0,0.0,0.0,0.0,0.0,0.0,0.0,0.0,0.0,0.0,0.0,0.0,0.0,0.0,0.0,0.0,0.0,0.0,0.0,0.0,-0.00995437719596393,0.0,0.4986877723073121,0.0,0.0,False,0.0,0.0,0.0
516,15,1.1733925342559814,42,True,False,all_finished,0.0,1.5000000000000002,1.5000000000000002,1.1149999999999998,20,True,54.406631599198235,1.39166412288418,312957094.119706,-0.029631574992709523,0.0,0.0,0.0,0.00012125603696882914,0.17348214715354532,-0.043782930920436565,0.12982047227007754,0.13517249724322875,0.06455526311373157,0.0,0.0,0.0,0.0006395042235984923,0.7996327354194412,0.0,0.0,0.0,0.0,0.0,0.0,0.0,0.0,0.0,0.0,0.0,0.0,0.0,0.0,0,0.0,0.0,0.0,0,0,0.0,0,20,20,223,0.12982048094272614,-0.03778158873319626,0.583385425806045,-0.05909082666039467,0.895066499710083,0.1827194094657898,0.0,0.0,0.0,0.0,0.0,0.0,0.0,0.0,0.0,0.0,0.0,0.07334986573430634,0.24527174254588513,0.0,0.0,1.5000000000000002,,,0.0,0.9,0.9,1.0,0.1,0.0,,0,0.25666666666666665,0.7433333333333334,0.7433333333333334,0.0,0.0,1.0,0.0,0.0,1.0,0.0,0.0,0.0,0.0,0.0,-0.0004114181556360563,0.0,-0.012729160813614726,0.8024527549743652,0.3888194978237152,127.38674468994141,0.0,-0.0,0.7433333333333333,223,300,-0.5490268468856812,1.5224438905715942,2.754290294647217,1.8312642574310303,3.193592405319214,1.5677221298217774,0.3202372908592224,0,1.0,1.0,0.503157894736842,9.559999999999999,42424273.67093371,1.0,0.0,0.009394622604714487,0.006034198449302437,0.01542882105401692,0.0,0.0,0.0,0.0,0.0,0.0,0.0,0.0,0.0,0.0,0.0,0.0,0.0,0.0,0.0,0.0,0.0,0.0,0.0,0.0,-0.014151355927727038,0.0,0.49124650726094843,0.0,0.0,False,0.0,0.0,0.0
517,15,1.2108402252197266,42,True,False,all_finished,0.0,1.5000000000000002,1.5000000000000002,1.1649999999999998,20,True,52.4366154443034,1.415620130547963,329562810.8603395,-0.02884185789324891,0.0,0.0,0.0,0.00013358375192971717,0.15637665824944752,-0.04335461619579227,0.1131556258055849,0.14321071865084198,0.07206132676354758,0.0,0.0,0.0,0.0007598048590203195,0.78396814972659,0.0,0.0,0.0,0.0,0.0,0.0,0.0,0.0,0.0,0.0,0.0,0.0,0.0,0.0,0,0.0,0.0,0.0,0,0,0.0,0,20,20,233,0.11315561830997467,-0.03256092965602875,0.5535591244697571,-0.057719215750694275,0.5806133151054382,0.16462399065494537,0.0,0.0,0.0,0.0,0.0,0.0,0.0,0.0,0.0,0.0,0.0,0.07433585912833882,0.2750879281082196,0.0,0.0,1.5000000000000002,,,0.0,0.9,0.9,1.0,0.1,0.0,,0,0.22333333333333333,0.7766666666666666,0.7766666666666666,0.0,0.0,1.0,0.0,0.0,1.0,0.0,0.0,0.0,0.0,0.0,-2.96832659842039e-05,0.0,0.008763122194795869,0.6151888012886048,0.3166791617870331,31.615344619750978,0.0,-0.0,0.7766666666666666,233,300,-0.5321452021598816,1.3793514966964722,2.238561487197876,1.844561791419983,2.6498493194580077,1.411194372177124,0.3514056146144867,0,1.0,1.0,0.5038596491228069,9.57333333333333,45904152.8084198,1.0,0.0,0.008244385269721346,0.005913773897117039,0.014158159166838382,0.0,0.0,0.0,0.0,0.0,0.0,0.0,0.0,0.0,0.0,0.0,0.0,0.0,0.0,0.0,0.0,0.0,0.0,0.0,0.0,-0.014512758302543399,0.0,0.46969686130682625,0.0,0.0,False,0.0,0.0,0.0
518,16,1.311744213104248,42,True,False,all_finished,0.0,1.6000000000000003,1.6023776924610142,1.1823529411764706,20,True,51.607758845316894,1.4507045373725658,345271206.3206258,-0.028294452562121035,0.0,0.0,0.0,0.00013760337742635078,0.14050522117217243,-0.04188781892040562,0.09875500562919307,0.15332854768634097,0.07366288912316377,0.0,0.0,0.0,0.0008428374758725364,0.7721657257146227,0.0,0.0,0.0,0.0,0.0,0.0,0.0,0.0,0.0,0.0,0.0,0.0,0.0,0.0,0,0.0,0.0,0.0,0,0,0.0,0,20,20,247,0.09875500202178955,0.02978571504354477,0.4691050946712494,-0.052945103496313095,0.5955695509910583,0.1400974690914154,0.0,0.0,0.0,0.0,0.0,0.0,0.0,0.0,0.0,0.0,0.0,0.07225238230517494,0.23522682962695526,0.0,0.0,1.6023776924610142,,,0.002377692461013936,0.8,0.8,0.979757085020243,0.2,0.0,,0,0.24375,0.75625,0.75625,0.0,0.0,1.0,0.0,0.0,1.0,0.0,0.0,0.0,0.0,0.0,-0.0003593005778384395,0.0,-0.01219716933555901,0.5810483694076538,0.27864840924739837,79.11057586669922,0.0,-0.0,0.75625,242,320,-0.4872035086154938,1.3885911703109741,2.179679012298584,1.9109418869018555,2.497534084320068,1.382299828529358,0.32383365631103517,0,1.0,1.0,0.5052631578947367,9.599999999999998,45119924.14003972,1.0,0.0,0.008445747096341067,0.0057176754171440755,0.014163422513485143,0.0,0.0,0.0,0.0,0.0,0.0,0.0,0.0,0.0,0.0,0.0,0.0,0.0,0.0,0.0,0.0,0.0,0.0,0.0,0.0,-0.01359336635828457,0.0,0.48572727061109616,0.0,0.0,False,0.0,0.0,0.0
519,17,1.3466055393218994,42,True,False,all_finished,0.0,1.7000000000000004,1.7001864576339727,1.1789473684210525,20,True,50.877199363978164,1.4681608937504054,354492691.69847804,-0.02802578367794306,0.0,-0.0007279040394567401,0.0,0.00011845176742975537,0.14560196733150874,-0.04694403725897814,0.09877638183996054,0.14536123305829396,0.09434782161707142,0.0,0.0037754173064148406,0.0,0.0007068816748732812,0.7558086463433465,0.0,0.0,0.0,0.0,0.0,0.5,0.5,0.25,0.25,0.5,0.5,1.0,1.0,0.1237436830997467,2,0.0,0.0,0.0,2,1,0.5,1,20,20,238,0.09877638518810272,-0.031367622315883636,0.46952557563781716,-0.058985792100429535,0.7086189985275269,0.15296880900859833,0.0,0.0,0.0,0.0,0.0,0.0,0.0,0.0,0.0,0.0,0.0,0.08362428325358182,0.3241199354308987,0.0,0.0,1.7001864576339727,,,0.00018645763397229231,0.95,0.95,0.9957983193277311,0.05,0.0,,0,0.3,0.7,0.7,0.0,0.0,0.9915966386554622,0.004201680672268907,0.004201680672268907,0.9915966386554622,0.004201680672268907,0.004201680672268907,0.29950112104415894,0.3172564595937729,0.0,-0.00875846113776788,0.007876177225261927,0.014597259624861181,0.5159363150596619,0.27288722693920137,23.762829208374022,0.0,-0.0,0.7,238,340,-0.15062206983566284,1.3029332160949707,2.369214725494385,1.8421380043029785,2.3976219654083253,1.4002925157546997,0.26383718848228455,0,1.0,1.0,0.49071207430340574,9.323529411764707,45914042.01839244,1.0,0.0,0.007775324005749178,0.005612859925046817,0.013388183930795996,0.0,0.0,0.0,0.0,0.0,0.0,0.0,0.0,0.0,0.0,0.0,0.0,0.0,0.0,0.0,0.0,0.0,0.0,0.0,0.0,-0.018190349541578367,0.0,0.5030669344479547,0.0,0.0,False,0.0,0.0,0.0
520,16,1.2903177738189697,42,True,False,all_finished,0.0,1.6000000000000003,1.6018616068363194,1.1375000000000002,20,True,51.699737860811084,1.443386894233985,340003360.9515022,-0.028531500730381763,0.0,0.0,0.0,0.00012093723806696891,0.16619445703222832,-0.03974185805830962,0.12657353621198567,0.13720965028824228,0.05391126191035928,0.0,0.0,0.0,0.0006458587911048001,0.8082332290102937,0.0,0.0,0.0,0.0,0.0,0.0,0.0,0.0,0.0,0.0,0.0,0.0,0.0,0.0,0,0.0,0.0,0.0,0,0,0.0,0,20,20,237,0.12657353281974792,-0.034890804439783096,0.6216063946485519,-0.05325408652424812,0.7128458023071289,0.17417749762535095,0.0,0.0,0.0,0.0,0.0,0.0,0.0,0.0,0.0,0.0,0.0,0.06212753939967723,0.22026292255321248,0.0,0.0,1.6018616068363194,,,0.0018616068363190852,0.7,0.7,0.9789029535864979,0.3,0.0,,0,0.275,0.725,0.725,0.0,0.0,1.0,0.0,0.0,1.0,0.0,0.0,0.0,0.0,0.0,1.77806279680226e-05,0.0,-0.0020501976599916817,0.6469879150390625,0.3217662572860718,28.487770080566406,0.0,-0.0,0.725,232,320,-0.3290907144546509,1.780147910118103,2.5318408489227293,2.2205105304718016,2.759589910507202,1.385902500152588,0.20697589814662934,0,1.0,1.0,0.524671052631579,9.968750000000002,50712014.25032397,1.0,0.0,0.00835488830054247,0.0056756577169153515,0.014030546017457826,0.0,0.0,0.0,0.0,0.0,0.0,0.0,0.0,0.0,0.0,0.0,0.0,0.0,0.0,0.0,0.0,0.0,0.0,0.0,0.0,-0.011210357327927878,0.0,0.4828105156251695,0.0,0.0,False,0.0,0.0,0.0
521,15,1.1953790187835693,42,True,False,all_finished,0.0,1.5000000000000002,1.5000000000000002,1.15,20,True,50.34628220118761,1.4348643193409063,349326838.7733141,-0.02813590437625091,0.0,0.0,0.0,0.0001225750076111726,0.17997739624867032,-0.04052433678871879,0.13957563446756274,0.12626664738784238,0.055596074190298876,0.0,0.0,0.0,0.0006275122516474919,0.8175097661702113,0.0,0.0,0.0,0.0,0.0,0.0,0.0,0.0,0.0,0.0,0.0,0.0,0.0,0.0,0,0.0,0.0,0.0,0,0,0.0,0,20,20,230,0.13957564532756805,0.011520065367221832,0.6518614292144773,-0.05201226845383644,0.7660521268844604,0.1801512986421585,0.0,0.0,0.0,0.0,0.0,0.0,0.0,0.0,0.0,0.0,0.0,0.06305011833037778,0.2646233964511944,0.0,0.0,1.5000000000000002,,,0.0,0.95,0.95,1.0,0.05,0.0,,0,0.23333333333333334,0.7666666666666666,0.7666666666666666,0.0,0.0,1.0,0.0,0.0,1.0,0.0,0.0,0.0,0.0,0.0,0.00014360373315867037,0.0,0.0024336328729987144,0.5142725706100464,0.25989232063293455,17.58560390472412,0.0,-0.0,0.7666666666666667,230,300,-0.1685059368610382,1.4178037643432617,2.4642711639404298,1.9978678703308106,2.472328758239746,1.3641920566558838,0.27260886430740355,0,1.0,1.0,0.5080701754385962,9.653333333333334,42199862.84809757,1.0,0.0,0.007907390795625843,0.005699570301119006,0.013606961096744854,0.0,0.0,0.0,0.0,0.0,0.0,0.0,0.0,0.0,0.0,0.0,0.0,0.0,0.0,0.0,0.0,0.0,0.0,0.0,0.0,-0.01238843241246789,0.0,0.48751240480691194,0.0,0.0,False,0.0,0.0,0.0
522,16,1.4339604377746582,42,True,False,all_finished,0.0,1.6000000000000003,1.602110977172852,1.2357142857142858,20,True,50.6617737689394,1.4304963713147731,348110342.00039905,-0.028445450389092963,0.0,0.0,0.0,0.00012646734907764356,0.08631599518266601,-0.04707198520425285,0.03937047732749073,0.2096096231867639,0.1372557259764067,0.0,0.0,0.0,0.0010547249225734056,0.6520799259142559,0.0,0.0,0.0,0.0,0.0,0.0,0.0,0.0,0.0,0.0,0.0,0.0,0.0,0.0,0,0.0,0.0,0.0,0,0,0.0,0,20,20,262,0.03937047719955444,-0.03684579860419035,0.26253741979599,-0.06397783756256104,0.5203216075897217,0.0956682562828064,0.0,0.0,0.0,0.0,0.0,0.0,0.0,0.0,0.0,0.0,0.0,0.08847641924469599,0.2978111253735681,0.0,0.0,1.602110977172852,,,0.0021109771728515803,0.65,0.65,0.9732824427480916,0.35,0.0,,0,0.203125,0.796875,0.796875,0.0,0.0,1.0,0.0,0.0,1.0,0.0,0.0,0.0,0.0,0.0,0.000279785454767989,0.0,-0.026327799446880816,0.7933210968971253,0.3706528604030609,126.3159164428711,0.0,-0.0,0.796875,255,320,-0.8952292799949646,1.2547972202301025,1.3417056322097778,1.632301354408264,2.1048890113830567,1.3603021144866942,0.27631213665008547,0,1.0,1.0,0.607565789473684,11.543750000000003,46276178.28062474,1.0,0.0,0.007393382354998877,0.005339103263622936,0.012732485618621813,0.0,0.0,0.0,0.0,0.0,0.0,0.0,0.0,0.0,0.0,0.0,0.0,0.0,0.0,0.0,0.0,0.0,0.0,0.0,0.0,-0.018626534815159947,0.0,0.5056749348412268,0.0,0.0,False,0.0,0.0,0.0
523,16,1.3614797592163086,42,True,False,all_finished,0.0,1.6000000000000003,1.6010836255550391,1.2105263157894737,20,True,51.575169312373944,1.495974332605023,355886837.0634266,-0.027534101695160997,0.0,-0.0003866990209613932,0.0,0.0001251959367441073,0.15448395415522423,-0.040234899416414324,0.11437425067555414,0.13798211190995505,0.061709852158806096,0.0,0.0019378713777011428,0.0,0.0007320557223657575,0.797638108831172,0.0,0.0,0.0,0.0,0.0,0.5,0.5,0.25,0.25,0.5,0.5,1.0,1.0,0.1237436830997467,1,0.0,0.0,0.0,1,0,0.0,0,20,20,244,0.11437425017356873,-0.02387244813144207,0.5127211958169937,-0.05585331469774246,0.5971546769142151,0.16378390789031982,0.0,0.0,0.0,0.0,0.0,0.0,0.0,0.0,0.0,0.0,0.0,0.06552293564827018,0.22406754625535483,0.0,0.0,1.6010836255550391,,,0.0010836255550388252,0.8,0.8,0.9959016393442623,0.2,0.0,,0,0.240625,0.759375,0.759375,0.0,0.0,0.9958847736625515,0.00411522633744856,0.0,0.9958847736625515,0.00411522633744856,0.0,0.5148202180862427,0.5148202180862427,0.0,-0.0006792452273657546,0.003114706464111805,0.01051617730408907,0.5116007626056671,0.26663674116134645,79.89791717529297,0.0,-0.0,0.759375,243,320,0.09715604037046432,1.537355899810791,2.2168817043304445,2.181960868835449,2.0830900192260744,1.2886337518692017,0.1937675416469574,0,1.0,1.0,0.5917763157894737,11.243750000000004,48241918.011971936,1.0,0.0,0.006759405898154637,0.0055035184084433735,0.01226292430659801,0.0,0.0,0.0,0.0,0.0,0.0,0.0,0.0,0.0,0.0,0.0,0.0,0.0,0.0,0.0,0.0,0.0,0.0,0.0,0.0,-0.012314098700291962,0.0,0.4912468469061423,0.0,0.0,False,0.0,0.0,0.0
524,16,1.297882080078125,42,True,False,all_finished,0.0,1.6000000000000003,1.6015342211723333,1.1352941176470588,20,True,51.86764596387277,1.4405992914693369,340103813.9478603,-0.028524567054366755,0.0,0.0,0.0,0.00012133434156762455,0.16714313570583264,-0.04195594069645232,0.12530852935094797,0.13524457047172161,0.06368266188253971,0.0,0.0,0.0,0.0006801841281549928,0.8003925835175837,0.0,0.0,0.0,0.0,0.0,0.0,0.0,0.0,0.0,0.0,0.0,0.0,0.0,0.0,0,0.0,0.0,0.0,0,0,0.0,0,20,20,235,0.12530852854251862,-0.028793460689485073,0.6146350800991058,-0.05525052547454834,1.2632111310958862,0.17422938346862793,0.0,0.0,0.0,0.0,0.0,0.0,0.0,0.0,0.0,0.0,0.0,0.0694262249258656,0.23308669144149163,0.0,0.0,1.6015342211723333,,,0.001534221172333039,0.85,0.85,0.9829787234042553,0.15,0.0,,0,0.278125,0.721875,0.721875,0.0,0.0,1.0,0.0,0.0,1.0,0.0,0.0,0.0,0.0,0.0,0.00012975977806490847,0.0,0.015184387844055892,0.5381044268608093,0.2845588237047195,62.700965118408206,0.0,-0.0,0.721875,231,320,-0.10452061146497726,1.4556525945663452,2.4606120109558107,1.996220302581787,2.49452486038208,1.353765606880188,0.257225102186203,0,1.0,1.0,0.5309210526315787,10.087499999999997,39474776.72770583,1.0,0.0,0.00753255957898436,0.005471835498873307,0.013004395077857667,0.0,0.0,0.0,0.0,0.0,0.0,0.0,0.0,0.0,0.0,0.0,0.0,0.0,0.0,0.0,0.0,0.0,0.0,0.0,0.0,-0.013431373642085598,0.0,0.4911257455765735,0.0,0.0,False,0.0,0.0,0.0
525,16,1.2448079586029053,42,True,False,all_finished,0.0,1.6000000000000003,1.6000000000000003,1.125,20,True,51.851734380983885,1.4185825545069188,335555681.45660603,-0.028694639306556226,0.0,0.0,0.0,0.00012578083277076343,0.17760275753494079,-0.04388948029170801,0.13383905807600366,0.12902362685849092,0.06832263937865167,0.0,0.0,0.0,0.0006602598062916581,0.8019934739565657,0.0,0.0,0.0,0.0,0.0,0.0,0.0,0.0,0.0,0.0,0.0,0.0,0.0,0.0,0,0.0,0.0,0.0,0,0,0.0,0,20,20,225,0.13383905589580536,-0.029401276260614395,0.6758319139480591,-0.05874836817383766,0.9944706559181213,0.18647199869155884,0.0,0.0,0.0,0.0,0.0,0.0,0.0,0.0,0.0,0.0,0.0,0.07531903655566949,0.2641103796004163,0.0,0.0,1.6000000000000003,,,0.0,0.9,0.9,1.0,0.1,0.0,,0,0.296875,0.703125,0.703125,0.0,0.0,1.0,0.0,0.0,1.0,0.0,0.0,0.0,0.0,0.0,0.00015184335206868126,0.0,-0.0036818734020926057,0.541443383693695,0.2673614054918289,14.749090766906738,0.0,-0.0,0.703125,225,320,0.032097820192575455,1.4714244604110718,2.7149545192718505,2.04930157661438,2.5459124565124513,1.405552339553833,0.20833559036254884,0,1.0,1.0,0.51875,9.856250000000003,43067361.754962556,1.0,0.0,0.008700855375313093,0.005992899418420629,0.014693754793733726,0.0,0.0,0.0,0.0,0.0,0.0,0.0,0.0,0.0,0.0,0.0,0.0,0.0,0.0,0.0,0.0,0.0,0.0,0.0,0.0,-0.015194840985151753,0.0,0.4701984226994682,0.0,0.0,False,0.0,0.0,0.0
526,16,1.400301456451416,42,True,False,all_finished,0.0,1.6000000000000003,1.6006484878063205,1.2157894736842105,20,True,51.47032461665977,1.5396872696249293,365272222.89863807,-0.02649219638948457,0.0,-0.0003866990209613932,0.0,0.0001218882288216674,0.17039874634774757,-0.03935655788133251,0.1311640766952366,0.12596556117715824,0.05932900889819262,0.0,0.0018386833037895688,0.0,0.0006548645116960693,0.8122118821091634,0.0,0.0,0.0,0.0,0.0,0.5,0.5,0.25,0.25,0.5,0.5,1.0,1.0,0.1237436830997467,1,0.0,0.0,0.0,1,0,0.0,0,20,20,246,0.1311640739440918,0.0405648909509182,0.5845022648572922,-0.04826781526207924,0.6508169770240784,0.16955259442329407,0.0,0.0,0.0,0.0,0.0,0.0,0.0,0.0,0.0,0.0,0.0,0.06689455702017888,0.21845704701610605,0.0,0.0,1.6006484878063205,,,0.0006484878063202082,0.9,0.9,0.9959349593495935,0.1,0.0,,0,0.234375,0.765625,0.765625,0.0,0.0,0.9959183673469387,0.0,0.004081632653061225,0.9959183673469387,0.0,0.004081632653061225,0.6311162114143372,0.6311162114143372,0.0,0.0026818885147804395,0.00206719720736146,-0.032350806146860124,0.5150431275367737,0.22549048960208892,101.1595947265625,0.0,-0.0,0.765625,245,320,-0.012622456066310406,1.4658762216567993,2.5200560092926025,2.0517020225524902,2.4372761726379393,1.344845747947693,0.23946015834808348,0,1.0,1.0,0.6269736842105261,11.912500000000003,48007753.19555855,1.0,0.0,0.00900539974824678,0.0056904460959695796,0.014695845844216357,0.0,0.0,0.0,0.0,0.0,0.0,0.0,0.0,0.0,0.0,0.0,0.0,0.0,0.0,0.0,0.0,0.0,0.0,0.0,0.0,-0.01247766247088659,0.0,0.4892816568608396,0.0,0.0,False,0.0,0.0,0.0
527,16,1.2890801429748535,42,True,False,all_finished,0.0,1.6000000000000003,1.600441355705262,1.205263157894737,20,True,51.70255668744036,1.4569550580645088,347585868.4072529,-0.027966012347069254,0.0,0.0,0.0,0.00011826922945063257,0.1398955046145981,-0.0457229437414607,0.09429083010258808,0.15053511331140318,0.09558179572918814,0.0,0.0,0.0,0.0007495323013913538,0.7531335586580173,0.0,0.0,0.0,0.0,0.0,0.0,0.0,0.0,0.0,0.0,0.0,0.0,0.0,0.0,0,0.0,0.0,0.0,0,0,0.0,0,20,20,245,0.0942908376455307,-0.018268712796270847,0.6123003661632538,-0.057913366705179214,0.8260998725891113,0.1461476981639862,0.0,0.0,0.0,0.0,0.0,0.0,0.0,0.0,0.0,0.0,0.0,0.08702909984100413,0.28358592207143196,0.0,0.0,1.600441355705262,,,0.0004413557052616035,0.95,0.95,0.9836734693877551,0.05,0.0,,0,0.246875,0.753125,0.753125,0.0,0.0,1.0,0.0,0.0,1.0,0.0,0.0,0.0,0.0,0.0,2.4441628374916037e-05,0.0,0.004142013750970364,0.5231759488582611,0.2660518854856491,34.19181594848633,0.0,-0.0,0.753125,241,320,-0.36293932795524597,1.20734441280365,2.103387689590454,1.7242008209228517,2.3685507774353027,1.3719677209854126,0.36452085971832277,0,1.0,1.0,0.48848684210526333,9.28125,44053401.90646199,1.0,0.0,0.006969462258943908,0.0055207418862150805,0.012490204145158989,0.0,0.0,0.0,0.0,0.0,0.0,0.0,0.0,0.0,0.0,0.0,0.0,0.0,0.0,0.0,0.0,0.0,0.0,0.0,0.0,-0.017756931394391433,0.0,0.48112613359699025,0.0,0.0,False,0.0,0.0,0.0
528,16,1.3613741397857666,42,True,False,all_finished,0.0,1.6000000000000003,1.6000000000000003,1.2150000000000003,20,True,49.327833443739706,1.596927511930217,394192715.2081544,-0.0255623276527727,0.0,0.0,0.0,0.00012697208325546742,0.21034424916690364,-0.04097423019681491,0.16949699105334434,0.10165305312063666,0.061288117783344975,0.0,0.0,0.0,0.0005882453280175146,0.8364705837680008,0.0,0.0,0.0,0.0,0.0,0.0,0.0,0.0,0.0,0.0,0.0,0.0,0.0,0.0,0,0.0,0.0,0.0,0,0,0.0,0,20,20,243,0.16949699819087982,0.003019176423549652,0.8106423765420914,-0.055957939475774765,1.000148892402649,0.21503734588623047,0.0,0.0,0.0,0.0,0.0,0.0,0.0,0.0,0.0,0.0,0.0,0.07659124065028614,0.28731501889823785,0.0,0.0,1.6000000000000003,,,0.0,1.0,1.0,1.0,0.0,0.0,,0,0.240625,0.759375,0.759375,0.0,0.0,1.0,0.0,0.0,1.0,0.0,0.0,0.0,0.0,0.0,0.0001681785681284964,0.0,0.005189800309017301,0.511555939912796,0.26128912568092344,25.610864639282227,0.0,-0.0,0.759375,243,320,0.30596062541007996,1.4831650257110596,2.910115623474121,2.1589935302734373,2.539057207107544,1.4412108659744263,0.21080940663814546,0,1.0,1.0,0.550328947368421,10.456250000000002,41921728.76353678,1.0,0.0,0.007799030677014887,0.006016982804154909,0.013816013481169797,0.0,0.0,0.0,0.0,0.0,0.0,0.0,0.0,0.0,0.0,0.0,0.0,0.0,0.0,0.0,0.0,0.0,0.0,0.0,0.0,-0.015411902544042125,0.0,0.4623004862340167,0.0,0.0,False,0.0,0.0,0.0
529,16,1.265249252319336,42,True,False,all_finished,0.0,1.6000000000000003,1.6006846320629127,1.1578947368421053,20,True,50.89653206085995,1.458821748811621,350993124.38787067,-0.02790354746521473,0.0,0.0,0.0,0.0001245755985070923,0.1691864276043873,-0.0455762897977008,0.12373471340519357,0.1293945637571169,0.0819521886009186,0.0,0.0,0.0,0.0006645705851933821,0.787988677056771,0.0,0.0,0.0,0.0,0.0,0.0,0.0,0.0,0.0,0.0,0.0,0.0,0.0,0.0,0,0.0,0.0,0.0,0,0,0.0,0,20,20,235,0.12373471260070801,-0.011449868557974696,0.7790399193763733,-0.05267804116010666,0.8528675436973572,0.16982218623161316,0.0,0.0,0.0,0.0,0.0,0.0,0.0,0.0,0.0,0.0,0.0,0.08651270432473376,0.2617900991109161,0.0,0.0,1.6006846320629127,,,0.0006846320629123603,0.95,0.95,0.9914893617021276,0.05,0.0,,0,0.271875,0.728125,0.728125,0.0,0.0,1.0,0.0,0.0,1.0,0.0,0.0,0.0,0.0,0.0,-0.00011182943962921854,0.0,-0.003982903435826302,0.480458652973175,0.2365687221288681,10.46739935874939,0.0,-0.0,0.728125,233,320,-0.031177787110209465,1.5198519229888916,2.4977152347564697,2.1818984508514405,2.4384578704833983,1.3567366123199462,0.2307472586631775,0,1.0,1.0,0.5000000000000001,9.5,43716202.5630207,1.0,0.0,0.007377901964194006,0.005634472925419016,0.013012374889613024,0.0,0.0,0.0,0.0,0.0,0.0,0.0,0.0,0.0,0.0,0.0,0.0,0.0,0.0,0.0,0.0,0.0,0.0,0.0,0.0,-0.017672742332486027,0.0,0.4636542209911568,0.0,0.0,False,0.0,0.0,0.0
530,16,1.3298606872558594,42,True,False,all_finished,0.0,1.6000000000000003,1.6006411564350131,1.2368421052631582,20,True,51.452222469524564,1.5089094313778393,361843842.00085557,-0.0270291428696135,0.0,0.0,0.0,0.0001264021816322603,0.14570731710422327,-0.0474992755325372,0.09833444375331826,0.1395950719232796,0.10572032029074747,0.0,0.0,0.0,0.0007301432859871918,0.7539544644999857,0.0,0.0,0.0,0.0,0.0,0.0,0.0,0.0,0.0,0.0,0.0,0.0,0.0,0.0,0,0.0,0.0,0.0,0,0,0.0,0,20,20,251,0.09833443909883499,-0.04216892644762993,0.4811128154397011,-0.06392043828964233,0.710207998752594,0.15665209293365479,0.0,0.0,0.0,0.0,0.0,0.0,0.0,0.0,0.0,0.0,0.0,0.09495289794611045,0.2865037912440349,0.0,0.0,1.6006411564350131,,,0.0006411564350128351,0.85,0.85,0.9920318725099602,0.15,0.0,,0,0.221875,0.778125,0.778125,0.0,0.0,1.0,0.0,0.0,1.0,0.0,0.0,0.0,0.0,0.0,-5.784135137218982e-05,0.0,0.006186596117913723,0.5575705289840698,0.2852930337190628,17.779749393463135,0.0,-0.0,0.778125,249,320,-0.27861759066581726,1.4017475843429565,2.045820450782776,1.8895931720733643,2.2047197341918947,1.3400177955627441,0.30305491089820863,0,1.0,1.0,0.5085526315789471,9.6625,48720023.16942032,1.0,0.0,0.0067325986560192175,0.005458510225667357,0.012191108881686575,0.0,0.0,0.0,0.0,0.0,0.0,0.0,0.0,0.0,0.0,0.0,0.0,0.0,0.0,0.0,0.0,0.0,0.0,0.0,0.0,-0.020470132662923725,0.0,0.49365126243792473,0.0,0.0,False,0.0,0.0,0.0
531,16,1.3530619144439697,42,True,False,all_finished,0.0,1.6000000000000003,1.6000000000000003,1.2650000000000001,20,True,49.60745586385412,1.4935439046034318,367390934.2828552,-0.02763129347014704,0.0,0.0,0.0,0.00012704845726357617,0.11880624942492188,-0.041856975947305336,0.07707632193488011,0.16934106843238048,0.08718347812651135,0.0,0.0,0.0,0.0009155187539018343,0.7425599346872063,0.0,0.0,0.0,0.0,0.0,0.0,0.0,0.0,0.0,0.0,0.0,0.0,0.0,0.0,0,0.0,0.0,0.0,0,0,0.0,0,20,20,253,0.07707632333040237,-0.03482814133167267,0.40236838161945343,-0.053349945694208145,0.49325624108314514,0.12814538180828094,0.0,0.0,0.0,0.0,0.0,0.0,0.0,0.0,0.0,0.0,0.0,0.07388554675991085,0.2525744461009627,0.0,0.0,1.6000000000000003,,,0.0,0.85,0.85,1.0,0.15,0.0,,0,0.209375,0.790625,0.790625,0.0,0.0,1.0,0.0,0.0,1.0,0.0,0.0,0.0,0.0,0.0,-0.00035101325483992695,0.0,-0.0150968037545681,0.7051419973373413,0.3377942144870758,20.761079788208008,0.0,-0.0,0.790625,253,320,-0.38542693853378296,1.4196175336837769,1.8385538816452027,1.7640159845352172,2.0025880098342896,1.2124953508377074,0.36809951066970825,0,1.0,1.0,0.5447368421052633,10.350000000000001,46618618.88218515,1.0,0.0,0.00730665686135934,0.005743892154824829,0.013050549016184168,0.0,0.0,0.0,0.0,0.0,0.0,0.0,0.0,0.0,0.0,0.0,0.0,0.0,0.0,0.0,0.0,0.0,0.0,0.0,0.0,-0.014225682477158306,0.0,0.5031774840434082,0.0,0.0,False,0.0,0.0,0.0
532,15,1.3129081726074219,42,True,False,all_finished,0.0,1.5000000000000002,1.5011626958847046,1.0944444444444443,20,True,53.62205633239195,1.3752262507296065,316477336.75195026,-0.029592519032369785,0.0,0.0,0.0,0.00013250890367472282,0.16780551930663093,-0.04558574145708901,0.12235228675321651,0.13578541169452482,0.07338497573954941,0.0,0.0,0.0,0.0006729087244753554,0.7901567038414503,0.0,0.0,0.0,0.0,0.0,0.0,0.0,0.0,0.0,0.0,0.0,0.0,0.0,0.0,0,0.0,0.0,0.0,0,0,0.0,0,20,20,229,0.12235228717327118,-0.04556909576058388,0.5876783490180961,-0.06175751984119415,1.1207588911056519,0.178623229265213,0.0,0.0,0.0,0.0,0.0,0.0,0.0,0.0,0.0,0.0,0.0,0.07957025000593182,0.2586575397617543,0.0,0.0,1.5011626958847046,,,0.0011626958847044122,0.8,0.8,0.982532751091703,0.2,0.0,,0,0.25,0.75,0.75,0.0,0.0,1.0,0.0,0.0,1.0,0.0,0.0,0.0,0.0,0.0,-0.0003851500921882689,0.0,-0.0026700954884290697,0.4556387662887573,0.22546778619289398,20.326008796691895,0.0,-0.0,0.75,225,300,-0.3082035183906555,1.4905061721801758,2.2974005222320555,2.277304983139038,2.4286985397338867,1.5387046813964844,0.24381264746189119,0,1.0,1.0,0.6642105263157893,12.620000000000001,50537634.56938103,1.0,0.0,0.009232167367042542,0.0055876628673532285,0.01481983023439577,0.0,0.0,0.0,0.0,0.0,0.0,0.0,0.0,0.0,0.0,0.0,0.0,0.0,0.0,0.0,0.0,0.0,0.0,0.0,0.0,-0.015993222424719258,0.0,0.48532270030428964,0.0,0.0,False,0.0,0.0,0.0
533,15,1.2138583660125732,42,True,False,all_finished,0.0,1.5000000000000002,1.5009253799915314,1.177777777777778,20,True,52.756429423096606,1.4598139242665344,341764859.9816118,-0.028247598478040772,0.0,0.0,0.0,0.0001244333915921191,0.16820511779170008,-0.043243861563513654,0.12508568961977856,0.13217069930137065,0.07016761373378723,0.0,0.0,0.0,0.0006543902813543687,0.7970072966834878,0.0,0.0,0.0,0.0,0.0,0.0,0.0,0.0,0.0,0.0,0.0,0.0,0.0,0.0,0,0.0,0.0,0.0,0,0,0.0,0,20,20,238,0.12508569657802582,-0.034083958715200424,0.7248861670494079,-0.05386851727962494,0.790203332901001,0.17418090999126434,0.0,0.0,0.0,0.0,0.0,0.0,0.0,0.0,0.0,0.0,0.0,0.07528780366474257,0.2905514127008099,0.0,0.0,1.5009253799915314,,,0.0009253799915311944,0.85,0.85,0.9915966386554622,0.15,0.0,,0,0.21333333333333335,0.7866666666666666,0.7866666666666666,0.0,0.0,1.0,0.0,0.0,1.0,0.0,0.0,0.0,0.0,0.0,-0.0002730079229877447,0.0,0.006690677226288244,0.6306122899055481,0.32231857180595397,33.04319267272949,0.0,-0.0,0.7866666666666666,236,300,-0.17259719967842102,1.5557529926300049,2.2198348522186278,2.008483099937439,2.325386381149292,1.3808112859725952,0.28042398393154144,0,1.0,1.0,0.46315789473684194,8.799999999999999,47017539.69420578,1.0,0.0,0.009162039961796133,0.00583843638369229,0.015000476345488426,0.0,0.0,0.0,0.0,0.0,0.0,0.0,0.0,0.0,0.0,0.0,0.0,0.0,0.0,0.0,0.0,0.0,0.0,0.0,0.0,-0.01499626308547288,0.0,0.4778556119153897,0.0,0.0,False,0.0,0.0,0.0
534,16,1.3940951824188232,42,True,False,all_finished,0.0,1.6000000000000003,1.6000000000000003,1.2850000000000001,20,True,50.10744715568686,1.5118016997504105,368165277.93478674,-0.026888451802310226,0.0,0.0,0.0,0.00011561171718797371,0.12329419652435576,-0.045569743418563194,0.07784006482298053,0.1557006486934173,0.10817615102821138,0.0,0.0,0.0,0.0007962016379926243,0.7353269986403786,0.0,0.0,0.0,0.0,0.0,0.0,0.0,0.0,0.0,0.0,0.0,0.0,0.0,0.0,0,0.0,0.0,0.0,0,0,0.0,0,20,20,257,0.07784006744623184,0.004699259996414185,0.45126596093177795,-0.05791034549474716,0.5952388048171997,0.13169044256210327,0.0,0.0,0.0,0.0,0.0,0.0,0.0,0.0,0.0,0.0,0.0,0.08814383881835927,0.30014370314844313,0.0,0.0,1.6000000000000003,,,0.0,0.85,0.85,1.0,0.15,0.0,,0,0.196875,0.803125,0.803125,0.0,0.0,1.0,0.0,0.0,1.0,0.0,0.0,0.0,0.0,0.0,0.00019987385021522642,0.0,-0.005466020852327347,0.6666898965835572,0.32819793224334715,15.806337833404541,0.0,-0.0,0.803125,257,320,-0.4272460639476776,1.442880392074585,1.7646082401275636,1.880046582221985,2.035578751564026,1.2647216320037842,0.30631365776062014,0,1.0,1.0,0.5651315789473685,10.737500000000004,54365671.57406087,1.0,0.0,0.007730977978728244,0.005988046391729894,0.013719024370458138,0.0,0.0,0.0,0.0,0.0,0.0,0.0,0.0,0.0,0.0,0.0,0.0,0.0,0.0,0.0,0.0,0.0,0.0,0.0,0.0,-0.01868129161625302,0.0,0.48508257177309133,0.0,0.0,False,0.0,0.0,0.0
535,16,1.3488938808441162,42,True,False,all_finished,0.0,1.6000000000000003,1.6025114881992344,1.125,20,True,52.14373586236085,1.457574598648903,341773224.6810366,-0.02802927798201669,0.0,0.0,0.0,0.00012038698428040028,0.16801939537655217,-0.043259691432053604,0.12488009092877901,0.13084938290071532,0.07110030456505886,0.0,0.0,0.0,0.0006552165966978388,0.797395095937528,0.0,0.0,0.0,0.0,0.0,0.0,0.0,0.0,0.0,0.0,0.0,0.0,0.0,0.0,0,0.0,0.0,0.0,0,0,0.0,0,20,20,239,0.12488009035587311,0.010207030922174454,0.6648900061845779,-0.060920700430870056,0.6874681711196899,0.17251336574554443,0.0,0.0,0.0,0.0,0.0,0.0,0.0,0.0,0.0,0.0,0.0,0.07635913672966137,0.25974614320954376,0.0,0.0,1.6025114881992344,,,0.00251148819923408,0.8,0.8,0.9832635983263598,0.2,0.0,,0,0.265625,0.734375,0.734375,0.0,0.0,1.0,0.0,0.0,1.0,0.0,0.0,0.0,0.0,0.0,0.0005673049483448267,0.0,-0.0071980652050115165,0.5960623025894165,0.2911518573760986,25.769743728637696,0.0,-0.0,0.734375,235,320,0.0059946752153337,1.6357667446136475,2.380999708175659,2.222364664077759,2.231058931350708,1.3748227596282958,0.25455349385738374,0,1.0,1.0,0.5713815789473684,10.85625,46607909.836627945,1.0,0.0,0.006988105467114777,0.005413041654766923,0.0124011471218817,0.0,0.0,0.0,0.0,0.0,0.0,0.0,0.0,0.0,0.0,0.0,0.0,0.0,0.0,0.0,0.0,0.0,0.0,0.0,0.0,-0.015230413450036917,0.0,0.5046985617547761,0.0,0.0,False,0.0,0.0,0.0
536,16,1.2655763626098633,42,True,False,all_finished,0.0,1.6000000000000003,1.601379116773606,1.127777777777778,20,True,54.819267186206616,1.3611340216189176,306259588.9222744,-0.02979874625493493,0.0,0.0,0.0,0.00012155638848858695,0.14536552641552264,-0.0413712728891633,0.10411580991484799,0.1518335492735385,0.058965493981024575,0.0,0.0,0.0,0.0006750286356393551,0.7885259281097976,0.0,0.0,0.0,0.0,0.0,0.0,0.0,0.0,0.0,0.0,0.0,0.0,0.0,0.0,0,0.0,0.0,0.0,0,0,0.0,0,20,20,233,0.1041158065199852,-0.03790668025612831,0.8461478650569916,-0.05144196003675461,0.9582675099372864,0.1617329716682434,0.0,0.0,0.0,0.0,0.0,0.0,0.0,0.0,0.0,0.0,0.0,0.061271610479150876,0.22724745423041093,0.0,0.0,1.601379116773606,,,0.001379116773605693,0.75,0.75,0.9828326180257511,0.25,0.0,,0,0.284375,0.715625,0.715625,0.0,0.0,1.0,0.0,0.0,1.0,0.0,0.0,0.0,0.0,0.0,0.00017884168946693534,0.0,-0.002219797531142831,0.41743227243423464,0.20681625306606294,17.63229866027832,0.0,-0.0,0.715625,229,320,-0.3502131402492523,1.4313255548477173,2.1355567932128907,2.3498488426208497,2.3655957221984862,1.488600492477417,0.19653590619564057,0,1.0,1.0,0.4786184210526315,9.093749999999998,52250907.43555182,1.0,0.0,0.007508412056046204,0.005429133857876616,0.012937545913922821,0.0,0.0,0.0,0.0,0.0,0.0,0.0,0.0,0.0,0.0,0.0,0.0,0.0,0.0,0.0,0.0,0.0,0.0,0.0,0.0,-0.011572526634228331,0.0,0.49891251070657744,0.0,0.0,False,0.0,0.0,0.0
537,16,1.1499462127685547,42,True,False,all_finished,0.0,1.6000000000000003,1.6000000000000003,1.12,20,True,52.76179383519659,1.4773619055256737,339558474.4887601,-0.02743526714564968,0.0,0.0,0.0,0.00011872974183901517,0.20823995828115657,-0.041479317780697814,0.1668793702422977,0.10961403622744469,0.05611117496752108,0.0,0.0,0.0,0.0005527137082395712,0.8337220750967947,0.0,0.0,0.0,0.0,0.0,0.0,0.0,0.0,0.0,0.0,0.0,0.0,0.0,0.0,0,0.0,0.0,0.0,0,0,0.0,0,20,20,224,0.16687937080860138,-0.0295834019780159,0.7181049287319183,-0.059206120669841766,0.892850935459137,0.21889083087444305,0.0,0.0,0.0,0.0,0.0,0.0,0.0,0.0,0.0,0.0,0.0,0.06999575960694303,0.26875960509528823,0.0,0.0,1.6000000000000003,,,0.0,0.95,0.95,1.0,0.05,0.0,,0,0.3,0.7,0.7,0.0,0.0,1.0,0.0,0.0,1.0,0.0,0.0,0.0,0.0,0.0,-0.0002057582707493566,0.0,-0.006913933623582125,0.6621570944786072,0.32448662519454957,22.10078125,0.0,-0.0,0.7,224,320,0.42470884323120117,1.3712657690048218,3.1689557075500487,1.9462870121002198,2.628681516647339,1.4116227865219115,0.2974162995815277,0,1.0,1.0,0.39013157894736833,7.412500000000001,45887877.735166535,1.0,0.0,0.008341261158129916,0.006137893396455622,0.014479154554585535,0.0,0.0,0.0,0.0,0.0,0.0,0.0,0.0,0.0,0.0,0.0,0.0,0.0,0.0,0.0,0.0,0.0,0.0,0.0,0.0,-0.014044050635048117,0.0,0.4788348261092324,0.0,0.0,False,0.0,0.0,0.0
538,16,1.224090337753296,42,True,False,all_finished,0.0,1.6000000000000003,1.6016267025470738,1.0944444444444446,20,True,52.525634088212186,1.4636695849967993,341192445.4921504,-0.02806873449173624,0.0,0.0,0.0,0.00011724766346557652,0.2044284724682576,-0.04293191271147018,0.16161380742025325,0.11134457469274545,0.058960059561858166,0.0,0.0,0.0,0.0005413041023453174,0.8291540616430512,0.0,0.0,0.0,0.0,0.0,0.0,0.0,0.0,0.0,0.0,0.0,0.0,0.0,0.0,0,0.0,0.0,0.0,0,0,0.0,0,20,20,227,0.16161379218101501,-0.02993825078010559,0.8425659239292145,-0.05814989656209946,1.3624703884124756,0.214304119348526,0.0,0.0,0.0,0.0,0.0,0.0,0.0,0.0,0.0,0.0,0.0,0.07418313968501866,0.2591524865753698,0.0,0.0,1.6016267025470738,,,0.001626702547073533,0.85,0.85,0.9911894273127754,0.15,0.0,,0,0.296875,0.703125,0.703125,0.0,0.0,1.0,0.0,0.0,1.0,0.0,0.0,0.0,0.0,0.0,0.0001719723572023213,0.0,-0.01402669008821249,0.5676409125328064,0.27011523842811586,10.190666103363037,0.0,-0.0,0.703125,225,320,0.14646786451339722,1.9702616930007935,3.0195563793182374,2.6280455589294434,2.8218478679656984,1.5392645120620727,0.19683076143264772,0,1.0,1.0,0.474671052631579,9.01875,48225415.96430857,1.0,0.0,0.009554703646394462,0.006327710855435496,0.01588241450182996,0.0,0.0,0.0,0.0,0.0,0.0,0.0,0.0,0.0,0.0,0.0,0.0,0.0,0.0,0.0,0.0,0.0,0.0,0.0,0.0,-0.014863178219733927,0.0,0.47259044403908773,0.0,0.0,False,0.0,0.0,0.0
539,16,1.2806026935577393,42,True,False,all_finished,0.0,1.6000000000000003,1.6002481949329384,1.2,20,True,50.36726903914014,1.4882183880841282,357921698.0781417,-0.02714798937988937,0.0,0.0,0.0,0.00012246661527984877,0.151344116045901,-0.04724486717685996,0.10422171548432084,0.13578292754529428,0.10051620632407272,0.0,0.0,0.0,0.0006626703699244394,0.7630381957607085,0.0,0.0,0.0,0.0,0.0,0.0,0.0,0.0,0.0,0.0,0.0,0.0,0.0,0.0,0,0.0,0.0,0.0,0,0,0.0,0,20,20,244,0.10422171652317047,-0.027823391370475292,0.537831574678421,-0.060339801013469696,0.7609512209892273,0.16024693846702576,0.0,0.0,0.0,0.0,0.0,0.0,0.0,0.0,0.0,0.0,0.0,0.0934508474962466,0.2828706803246965,0.0,0.0,1.6002481949329384,,,0.0002481949329380395,0.95,0.95,0.9959016393442623,0.05,0.0,,0,0.240625,0.759375,0.759375,0.0,0.0,1.0,0.0,0.0,1.0,0.0,0.0,0.7383492588996887,0.7383492588996887,0.0,0.00020200702419970185,0.0,0.018864467926323413,0.524919581413269,0.28164526224136355,21.100826835632326,0.0,-0.0,0.759375,243,320,-0.6866398453712463,1.1745883226394653,2.4309547901153565,1.9005598545074462,2.9679598808288574,1.4679367303848267,0.3596958041191101,0,1.0,1.0,0.4786184210526315,9.093749999999998,51077186.15823897,1.0,0.0,0.00836420930816342,0.005881635014087872,0.014245844322251292,0.0,0.0,0.0,0.0,0.0,0.0,0.0,0.0,0.0,0.0,0.0,0.0,0.0,0.0,0.0,0.0,0.0,0.0,0.0,0.0,-0.02009687779697062,0.0,0.4883390919683734,0.0,0.0,False,0.0,0.0,0.0
540,16,1.2173540592193604,42,True,False,all_finished,0.0,1.6000000000000003,1.6000947070121772,1.1263157894736842,20,True,54.116746060378034,1.3648671316281795,312851294.05013365,-0.029999772246533118,0.0,0.0,0.0,0.000116292974230554,0.13756920053624982,-0.04290185026768576,0.09478364324279473,0.16245005099452356,0.06986530481789859,0.0,0.0,0.0,0.0006959025944398867,0.766988741593138,0.0,0.0,0.0,0.0,0.0,0.0,0.0,0.0,0.0,0.0,0.0,0.0,0.0,0.0,0,0.0,0.0,0.0,0,0,0.0,0,20,20,228,0.09478364139795303,-0.0382430087774992,0.6170146465301514,-0.05416446551680565,0.7367631196975708,0.15611815452575684,0.0,0.0,0.0,0.0,0.0,0.0,0.0,0.0,0.0,0.0,0.0,0.06641623901656421,0.22767857639502195,0.0,0.0,1.6000947070121772,,,9.47070121768423e-05,0.9,0.9,0.9956140350877193,0.1,0.0,,0,0.290625,0.709375,0.709375,0.0,0.0,1.0,0.0,0.0,1.0,0.0,0.0,0.0,0.0,0.0,0.00023084722633939236,0.0,0.014787223748862743,0.4998562753200531,0.26503606140613556,17.46382074356079,0.0,-0.0,0.709375,227,320,-0.4661547839641571,1.1815693378448486,2.3222299098968504,1.8536836862564088,2.681522035598755,1.437574863433838,0.38225516080856325,0,1.0,1.0,0.4598684210526314,8.7375,48705788.38260271,1.0,0.0,0.008689095169560974,0.005332533923988748,0.01402162909354972,0.0,0.0,0.0,0.0,0.0,0.0,0.0,0.0,0.0,0.0,0.0,0.0,0.0,0.0,0.0,0.0,0.0,0.0,0.0,0.0,-0.012902078021152657,0.0,0.4869040641235188,0.0,0.0,False,0.0,0.0,0.0
541,16,1.296924352645874,42,True,False,all_finished,0.0,1.6000000000000003,1.6000000000000003,1.1900000000000002,20,True,51.46955732428601,1.4897147892329965,353630492.55875415,-0.02733772793594354,0.0,0.0,0.0,0.00011650209587382967,0.17151692542214242,-0.04292805984600653,0.1287053676720099,0.12656565202605172,0.07217865830412784,0.0,0.0,0.0,0.0006254351734466209,0.8006302544963738,0.0,0.0,0.0,0.0,0.0,0.0,0.0,0.0,0.0,0.0,0.0,0.0,0.0,0.0,0,0.0,0.0,0.0,0,0,0.0,0,20,20,238,0.12870536744594574,0.004257563501596451,0.5393891334533691,-0.05427246168255806,0.5790413022041321,0.17481961846351624,0.0,0.0,0.0,0.0,0.0,0.0,0.0,0.0,0.0,0.0,0.0,0.0803321180828978,0.2683053480043441,0.0,0.0,1.6000000000000003,,,0.0,0.9,0.9,1.0,0.1,0.0,,0,0.25625,0.74375,0.74375,0.0,0.0,1.0,0.0,0.0,1.0,0.0,0.0,0.0,0.0,0.0,-0.00030598075536545364,0.0,-0.0015630590729415416,0.5329789876937866,0.2652458995580673,10.72380895614624,0.0,-0.0,0.74375,238,320,-0.3726167380809784,1.4643155336380005,2.6334978580474853,2.081341767311096,2.7966698169708253,1.3773791313171386,0.3438140094280243,0,1.0,1.0,0.5473684210526316,10.400000000000002,46719981.31612416,1.0,0.0,0.008639282806507675,0.0059049021090410644,0.014544184915548741,0.0,0.0,0.0,0.0,0.0,0.0,0.0,0.0,0.0,0.0,0.0,0.0,0.0,0.0,0.0,0.0,0.0,0.0,0.0,0.0,-0.01559033191006296,0.0,0.46206411302264316,0.0,0.0,False,0.0,0.0,0.0
542,15,1.179661750793457,42,True,False,all_finished,0.0,1.5000000000000002,1.5004594147205352,1.064705882352941,20,True,52.28185092418805,1.3718927592157788,322504520.81059474,-0.029630619325177847,0.0,0.0,0.0,0.00012313181225806906,0.16924189621084357,-0.0539890476094448,0.11537598041365664,0.1312230696391781,0.10787448267513082,0.0,0.0,0.0,0.0006329038827665231,0.7602695438029246,0.0,0.0,0.0,0.0,0.0,0.0,0.0,0.0,0.0,0.0,0.0,0.0,0.0,0.0,0,0.0,0.0,0.0,0,0,0.0,0,20,20,227,0.11537598818540573,-0.04367993399500847,0.6311479330062864,-0.07693593204021454,0.8267475366592407,0.17893598973751068,0.0,0.0,0.0,0.0,0.0,0.0,0.0,0.0,0.0,0.0,0.0,0.10533784057306886,0.3311425634664661,0.0,0.0,1.5004594147205352,,,0.00045941472053501187,0.75,0.75,0.986784140969163,0.25,0.0,,0,0.25333333333333335,0.7466666666666666,0.7466666666666666,0.0,0.0,1.0,0.0,0.0,1.0,0.0,0.0,0.0,0.0,0.0,-0.000154518592171371,0.0,0.018352267798036337,0.5591962695121765,0.2982702612876892,17.416846466064452,0.0,-0.0,0.7466666666666667,224,300,-0.5900272130966187,1.5982601642608643,2.2905497550964355,2.232995796203613,2.767579126358032,1.5643067359924316,0.2482551395893097,0,1.0,1.0,0.4845614035087721,9.206666666666669,44005846.151129,1.0,0.0,0.008698345207293286,0.006079836186835161,0.014778181394128448,0.0,0.0,0.0,0.0,0.0,0.0,0.0,0.0,0.0,0.0,0.0,0.0,0.0,0.0,0.0,0.0,0.0,0.0,0.0,0.0,-0.024358428284267004,0.0,0.4893381055817008,0.0,0.0,False,0.0,0.0,0.0
543,16,1.3056728839874268,42,True,False,all_finished,0.0,1.6000000000000003,1.6003544521331794,1.2526315789473685,20,True,49.4535318199372,1.549332992922112,378196657.09164804,-0.02624594036662587,0.0,0.0,0.0,0.00012067699909039187,0.1519613460379689,-0.03995910249222313,0.11212292054483626,0.13497029266461824,0.07052022063582711,0.0,0.0,0.0,0.0006720002883802524,0.7938374864111745,0.0,0.0,0.0,0.0,0.0,0.0,0.0,0.0,0.0,0.0,0.0,0.0,0.0,0.0,0,0.0,0.0,0.0,0,0,0.0,0,20,20,254,0.11212292313575745,-0.03748065046966076,0.5478684902191162,-0.05015192925930023,0.5706629753112793,0.16044338047504425,0.0,0.0,0.0,0.0,0.0,0.0,0.0,0.0,0.0,0.0,0.0,0.0703500246304977,0.2653978639094484,0.0,0.0,1.6003544521331794,,,0.00035445213317908397,0.9,0.9,0.9960629921259843,0.1,0.0,,0,0.209375,0.790625,0.790625,0.0,0.0,1.0,0.0,0.0,1.0,0.0,0.0,0.0,0.0,0.0,-0.00010259154405503068,0.0,-0.02575936431530863,0.4446145534515381,0.19686801135540008,12.223845958709717,0.0,-0.0,0.790625,253,320,-0.1211281567811966,1.2598823308944702,2.2390098094940187,1.9665607213974,2.1687206268310546,1.245717740058899,0.3671946942806244,0,1.0,1.0,0.4802631578947367,9.124999999999998,46721247.95014164,1.0,0.0,0.008352808653500335,0.0055425286473058544,0.01389533730080619,0.0,0.0,0.0,0.0,0.0,0.0,0.0,0.0,0.0,0.0,0.0,0.0,0.0,0.0,0.0,0.0,0.0,0.0,0.0,0.0,-0.013713162125597238,0.0,0.4838083943002857,0.0,0.0,False,0.0,0.0,0.0
544,16,1.3991234302520752,42,True,False,all_finished,0.0,1.6000000000000003,1.6000000000000003,1.205,20,True,50.02257560579186,1.5161586465037464,371428794.3581422,-0.02687682506875284,0.0,0.0,0.0,0.00011855463905159362,0.1734860233310534,-0.040123614551864514,0.1334809634182404,0.12379874294468633,0.06101672656152816,0.0,0.0,0.0,0.0006183657832100105,0.8145661647105754,0.0,0.0,0.0,0.0,0.0,0.0,0.0,0.0,0.0,0.0,0.0,0.0,0.0,0.0,0,0.0,0.0,0.0,0,0,0.0,0,20,20,241,0.133480966091156,-0.030044101178646088,0.7014116793870926,-0.05016140639781952,0.917064368724823,0.18205828964710236,0.0,0.0,0.0,0.0,0.0,0.0,0.0,0.0,0.0,0.0,0.0,0.06851569724754732,0.24728330392308356,0.0,0.0,1.6000000000000003,,,0.0,0.9,0.9,1.0,0.1,0.0,,0,0.246875,0.753125,0.753125,0.0,0.0,1.0,0.0,0.0,1.0,0.0,0.0,0.0,0.0,0.0,8.300277113448828e-05,0.0,0.005151916015893221,0.5545073270797729,0.2827232271432877,21.59757080078125,0.0,-0.0,0.753125,241,320,0.05341041460633278,1.3044344186782837,2.5908109664916994,1.8139865159988404,2.445697212219238,1.308228325843811,0.38322025537490845,0,1.0,1.0,0.6569078947368419,12.481249999999998,47867333.412193455,1.0,0.0,0.00869741712792303,0.006071128159775389,0.01476854528769842,0.0,0.0,0.0,0.0,0.0,0.0,0.0,0.0,0.0,0.0,0.0,0.0,0.0,0.0,0.0,0.0,0.0,0.0,0.0,0.0,-0.01324678948311168,0.0,0.48076698540680807,0.0,0.0,False,0.0,0.0,0.0
545,16,1.2875747680664062,42,True,False,all_finished,0.0,1.6000000000000003,1.6008312964439397,1.1166666666666667,20,True,49.88913065541425,1.3874709405081882,337498769.41076416,-0.02910984982770758,0.0,0.0,0.0,0.00012759900144931899,0.1535796812172143,-0.03995639704651592,0.11375088317214763,0.14802230622445123,0.055154215614408114,0.0,0.0,0.0,0.0007373263721097144,0.796086151789031,0.0,0.0,0.0,0.0,0.0,0.0,0.0,0.0,0.0,0.0,0.0,0.0,0.0,0.0,0,0.0,0.0,0.0,0,0,0.0,0,20,20,232,0.1137508824467659,-0.028838464990258217,0.5962684899568558,-0.04783172532916069,0.6709256768226624,0.16067594289779663,0.0,0.0,0.0,0.0,0.0,0.0,0.0,0.0,0.0,0.0,0.0,0.06126972201193724,0.1974670162616375,0.0,0.0,1.6008312964439397,,,0.0008312964439394221,0.8,0.8,0.9870689655172413,0.2,0.0,,0,0.284375,0.715625,0.715625,0.0,0.0,1.0,0.0,0.0,1.0,0.0,0.0,0.0,0.0,0.0,0.00012246251135366036,0.0,0.013244850013870746,0.28187206387519836,0.1545003980398178,59.11558837890625,0.0,-0.0,0.715625,229,320,-0.1911827176809311,1.0721828937530518,2.3591206073760986,2.084624481201172,2.4792647838592528,1.505785846710205,0.2650919288396835,0,1.0,1.0,0.542763157894737,10.312499999999998,44153953.56823202,1.0,0.0,0.007787293857237069,0.005546158664859482,0.013333452522096553,0.0,0.0,0.0,0.0,0.0,0.0,0.0,0.0,0.0,0.0,0.0,0.0,0.0,0.0,0.0,0.0,0.0,0.0,0.0,0.0,-0.010846547218808386,0.0,0.48215789754758587,0.0,0.0,False,0.0,0.0,0.0
546,16,1.2464091777801514,42,True,False,all_finished,0.0,1.6000000000000003,1.6006643187999727,1.1421052631578947,20,True,52.645083508520955,1.4408071574469314,335654291.11966336,-0.028272314148449024,0.0,0.0,0.0,0.00012245392877138195,0.17595074469348254,-0.04087195869043311,0.13520123993182098,0.12893871106596377,0.0574619367414554,0.0,0.0,0.0,0.0006535892239936677,0.8129457629685871,0.0,0.0,0.0,0.0,0.0,0.0,0.0,0.0,0.0,0.0,0.0,0.0,0.0,0.0,0,0.0,0.0,0.0,0,0,0.0,0,20,20,231,0.13520124554634094,-0.033478692173957825,0.7885737717151642,-0.05110982432961464,0.7949428558349609,0.18495653569698334,0.0,0.0,0.0,0.0,0.0,0.0,0.0,0.0,0.0,0.0,0.0,0.06280871931517508,0.2645544097763662,0.0,0.0,1.6006643187999727,,,0.0006643187999724187,0.85,0.85,0.9956709956709957,0.15,0.0,,0,0.28125,0.71875,0.71875,0.0,0.0,1.0,0.0,0.0,1.0,0.0,0.0,0.0,0.0,0.0,0.0007199603249318897,0.0,-0.017012712731957435,0.5025618255138398,0.23458898961544036,26.316335487365723,0.0,-0.0,0.71875,230,320,-0.24395963549613953,1.4558303356170654,2.7020191669464113,2.0810287475585936,2.8114370346069335,1.5877589464187623,0.28398842811584474,0,1.0,1.0,0.4815789473684211,9.149999999999999,41521478.64163293,1.0,0.0,0.008401831336666306,0.00596717054310278,0.014369001879769087,0.0,0.0,0.0,0.0,0.0,0.0,0.0,0.0,0.0,0.0,0.0,0.0,0.0,0.0,0.0,0.0,0.0,0.0,0.0,0.0,-0.012599644541984076,0.0,0.47794833121006375,0.0,0.0,False,0.0,0.0,0.0
547,16,1.2820634841918945,42,True,False,all_finished,0.0,1.6000000000000003,1.6000000000000003,1.2200000000000002,20,True,51.50191258370368,1.4667452098778198,350279983.07431585,-0.02775296158243475,0.0,0.0,0.0,0.00011559626011755344,0.13820318417007518,-0.051430897845199386,0.08688788258499335,0.1444578310200566,0.12324678594716104,0.0,0.0,0.0,0.0006851453260221245,0.7316102377067603,0.0,0.0,0.0,0.0,0.0,0.0,0.0,0.0,0.0,0.0,0.0,0.0,0.0,0.0,0,0.0,0.0,0.0,0,0,0.0,0,20,20,244,0.08688788115978241,-0.04037131182849407,0.4113675355911255,-0.0652359277009964,0.4333206117153168,0.14791427552700043,0.0,0.0,0.0,0.0,0.0,0.0,0.0,0.0,0.0,0.0,0.0,0.1039297191225054,0.3275429754740122,0.0,0.0,1.6000000000000003,,,0.0,0.9,0.9,1.0,0.1,0.0,,0,0.2375,0.7625,0.7625,0.0,0.0,1.0,0.0,0.0,1.0,0.0,0.0,0.0,0.0,0.0,-1.5603155588905793e-05,0.0,0.020419433154165743,0.712900185585022,0.3771898925304413,53.60176773071289,0.0,-0.0,0.7625,244,320,-0.6521137356758118,1.5125510692596436,2.04430947303772,1.9618764400482178,2.6520313739776613,1.4314402103424073,0.34058398604393003,0,1.0,1.0,0.4792763157894736,9.106249999999998,47082453.62619013,1.0,0.0,0.007684318758946361,0.005940463863252507,0.013624782622198869,0.0,0.0,0.0,0.0,0.0,0.0,0.0,0.0,0.0,0.0,0.0,0.0,0.0,0.0,0.0,0.0,0.0,0.0,0.0,0.0,-0.023677936262764602,0.0,0.4825938894296996,0.0,0.0,False,0.0,0.0,0.0
548,15,1.3480510711669922,42,True,False,all_finished,0.0,1.5000000000000002,1.5010694861412048,1.2294117647058824,20,True,51.31671004966029,1.4785885143324522,351019925.1608579,-0.027518091232967487,0.0,0.0,0.0,0.0001234394767705397,0.12888204509920684,-0.045294008200998416,0.08371147637497896,0.1566005292373239,0.10115956013465761,0.0,0.0,0.0,0.0007724895409561793,0.7414674210870623,0.0,0.0,0.0,0.0,0.0,0.0,0.0,0.0,0.0,0.0,0.0,0.0,0.0,0.0,0,0.0,0.0,0.0,0,0,0.0,0,20,20,255,0.08371147513389587,-0.04316728562116623,0.3699987113475798,-0.05647939443588257,0.4971349239349365,0.14145904779434204,0.0,0.0,0.0,0.0,0.0,0.0,0.0,0.0,0.0,0.0,0.0,0.09066425267027962,0.2613568286394319,0.0,0.0,1.5010694861412048,,,0.001069486141204612,0.85,0.85,0.9882352941176471,0.15,0.0,,0,0.16,0.84,0.84,0.0,0.0,1.0,0.0,0.0,1.0,0.0,0.0,0.0,0.0,0.0,4.925968241877854e-05,0.0,0.003444938967004418,0.618272340297699,0.31290027499198914,44.85090103149414,0.0,-0.0,0.84,252,300,-0.8178248405456543,1.1272032260894775,1.7498848676681518,1.7282899618148804,2.445808839797974,1.3437784433364868,0.3860425651073456,0,1.0,1.0,0.5894736842105263,11.199999999999998,48853564.38672595,1.0,0.0,0.009341365708129849,0.005984775443097084,0.015326141151226933,0.0,0.0,0.0,0.0,0.0,0.0,0.0,0.0,0.0,0.0,0.0,0.0,0.0,0.0,0.0,0.0,0.0,0.0,0.0,0.0,-0.017775916968030925,0.0,0.5106509729598959,0.0,0.0,False,0.0,0.0,0.0
549,16,1.325474739074707,42,True,False,all_finished,0.0,1.6000000000000003,1.6000000000000003,1.2600000000000002,20,True,50.832679000759846,1.521685218522701,366940477.469788,-0.026886798692697507,0.0,0.0,0.0,0.00012321166762804554,0.13233451636323426,-0.05017524502032994,0.08228248301053234,0.14720468974050177,0.12750378188863937,0.0,0.0,0.0,0.000762675164540849,0.724528853206318,0.0,0.0,0.0,0.0,0.0,0.0,0.0,0.0,0.0,0.0,0.0,0.0,0.0,0.0,0,0.0,0.0,0.0,0,0,0.0,0,20,20,252,0.08228248357772827,-0.009766442701220512,0.34639444202184677,-0.0641375258564949,0.35585644841194153,0.1399834156036377,0.0,0.0,0.0,0.0,0.0,0.0,0.0,0.0,0.0,0.0,0.0,0.1055385064731428,0.30626305505969237,0.0,0.0,1.6000000000000003,,,0.0,1.0,1.0,1.0,0.0,0.0,,0,0.2125,0.7875,0.7875,0.0,0.0,1.0,0.0,0.0,1.0,0.0,0.0,0.0,0.0,0.0,0.00010488390526006697,0.0,-0.0027289546982501634,0.7764388799667359,0.38581053018569944,38.064059829711915,0.0,-0.0,0.7875,252,320,-0.5726931691169739,1.293046236038208,2.079661798477173,1.580407476425171,2.48865647315979,1.3244413137435913,0.4293816089630127,0,1.0,1.0,0.4825657894736841,9.16875,46514630.82028602,1.0,0.0,0.009859993445438668,0.006013509393489943,0.015873502838928612,0.0,0.0,0.0,0.0,0.0,0.0,0.0,0.0,0.0,0.0,0.0,0.0,0.0,0.0,0.0,0.0,0.0,0.0,0.0,0.0,-0.023288446327632415,0.0,0.5067813956877216,0.0,0.0,False,0.0,0.0,0.0
550,16,1.287254810333252,42,True,False,all_finished,0.0,1.6000000000000003,1.6000000000000003,1.1800000000000002,20,True,52.252606628059596,1.473798847427196,349506757.6472172,-0.027826382817174717,0.0,0.0,0.0,0.00012065739751152642,0.1675369071684962,-0.03908973785193629,0.1285678267140714,0.13457397622580852,0.0544718471901172,0.0,0.0,0.0,0.0007120437717915732,0.8102421328122827,0.0,0.0,0.0,0.0,0.0,0.0,0.0,0.0,0.0,0.0,0.0,0.0,0.0,0.0,0,0.0,0.0,0.0,0,0,0.0,0,20,20,236,0.12856782972812653,0.009392132051289082,0.6862363517284393,-0.04843348264694214,0.9590889811515808,0.1665695309638977,0.0,0.0,0.0,0.0,0.0,0.0,0.0,0.0,0.0,0.0,0.0,0.06250496427490486,0.21626979327485235,0.0,0.0,1.6000000000000003,,,0.0,1.0,1.0,1.0,0.0,0.0,,0,0.2625,0.7375,0.7375,0.0,0.0,1.0,0.0,0.0,1.0,0.0,0.0,0.0,0.0,0.0,0.0005587220715824514,0.0,-0.00991476229391992,0.48646811842918397,0.23363925516605377,15.95671329498291,0.0,-0.0,0.7375,236,320,-0.2555791735649109,1.4075380563735962,2.573002290725708,2.0479562759399412,2.602636432647705,1.5117701292037964,0.3575411021709442,0,1.0,1.0,0.5148026315789476,9.781249999999996,47315043.59760428,1.0,0.0,0.008611558786899284,0.005980094868747753,0.014591653655647036,0.0,0.0,0.0,0.0,0.0,0.0,0.0,0.0,0.0,0.0,0.0,0.0,0.0,0.0,0.0,0.0,0.0,0.0,0.0,0.0,-0.011263355034761568,0.0,0.48186580930487255,0.0,0.0,False,0.0,0.0,0.0
551,16,1.4330470561981201,42,True,False,all_finished,0.0,1.6000000000000003,1.6008319807052618,1.205263157894737,20,True,50.950034037025574,1.498617794102109,362426661.06839675,-0.027330558897168688,0.0,0.0,0.0,0.0001327032454236975,0.1578048068146294,-0.03950093377012322,0.1184365762899298,0.13727067529956882,0.061127018431827364,0.0,0.0,0.0,0.0007313578596174027,0.8008709484089863,0.0,0.0,0.0,0.0,0.0,0.0,0.0,0.0,0.0,0.0,0.0,0.0,0.0,0.0,0,0.0,0.0,0.0,0,0,0.0,0,20,20,245,0.11843657493591309,0.009838838130235672,0.6673003733158112,-0.04697329178452492,0.7439964413642883,0.15946882963180542,0.0,0.0,0.0,0.0,0.0,0.0,0.0,0.0,0.0,0.0,0.0,0.0659224714199054,0.2185134387428208,0.0,0.0,1.6008319807052618,,,0.0008319807052614703,0.9,0.9,0.9959183673469387,0.1,0.0,,0,0.2375,0.7625,0.7625,0.0,0.0,1.0,0.0,0.0,1.0,0.0,0.0,0.0,0.0,0.0,-0.0003076089022215456,0.0,-0.016894337721168995,0.5058072865009308,0.23632503747940065,19.425765609741212,0.0,-0.0,0.7625,244,320,-0.08871015906333923,1.6965084075927734,2.21173357963562,2.3692681312561037,2.1797611713409424,1.4246311426162719,0.187996044754982,0,1.0,1.0,0.6779605263157896,12.881250000000001,45826514.45017444,1.0,0.0,0.007110942598988234,0.005595202814342294,0.012706145413330528,0.0,0.0,0.0,0.0,0.0,0.0,0.0,0.0,0.0,0.0,0.0,0.0,0.0,0.0,0.0,0.0,0.0,0.0,0.0,0.0,-0.01217037487295454,0.0,0.4933387420431245,0.0,0.0,False,0.0,0.0,0.0
552,15,1.2222723960876465,42,True,False,all_finished,0.0,1.5000000000000002,1.5000000000000002,1.19,20,True,50.88468871806654,1.439305549034883,345578302.003994,-0.02802905506661446,0.0,0.0,0.0,0.0001276531875456626,0.1596357207404232,-0.04477625187388957,0.11498712205407938,0.13450301660618216,0.08036476737879551,0.0,0.0,0.0,0.0007246902449277954,0.7844075257700945,0.0,0.0,0.0,0.0,0.0,0.0,0.0,0.0,0.0,0.0,0.0,0.0,0.0,0.0,0,0.0,0.0,0.0,0,0,0.0,0,20,20,238,0.11498711258172989,-0.040839310735464096,0.5453958868980406,-0.06287398934364319,0.629421591758728,0.17368526756763458,0.0,0.0,0.0,0.0,0.0,0.0,0.0,0.0,0.0,0.0,0.0,0.08253781527073736,0.2831164531268387,0.0,0.0,1.5000000000000002,,,0.0,0.85,0.85,1.0,0.15,0.0,,0,0.20666666666666667,0.7933333333333333,0.7933333333333333,0.0,0.0,1.0,0.0,0.0,1.0,0.0,0.0,0.0,0.0,0.0,-0.00011126732279080898,0.0,-0.0042137824930250645,0.3995246708393097,0.19586787223815919,13.178178405761718,0.0,-0.0,0.7933333333333333,238,300,-0.35461169481277466,1.3058630228042603,2.0967360496520997,2.0964504718780517,2.324381875991821,1.4670002222061158,0.23211823403835297,0,1.0,1.0,0.48421052631578937,9.2,42207118.73574019,1.0,0.0,0.009402985557662594,0.006001095921492311,0.015404081479154902,0.0,0.0,0.0,0.0,0.0,0.0,0.0,0.0,0.0,0.0,0.0,0.0,0.0,0.0,0.0,0.0,0.0,0.0,0.0,0.0,-0.01674719680727508,0.0,0.4792718993065258,0.0,0.0,False,0.0,0.0,0.0
553,16,1.247013807296753,42,True,False,all_finished,0.0,1.6000000000000003,1.6000000000000003,1.125,20,True,52.17800936700161,1.3939837912538233,327226856.1183241,-0.02922922831208813,0.0,-0.0003866990209613932,0.0,0.00011358893427492916,0.15756640324221333,-0.04486553265033869,0.11281445952614973,0.1442990204657076,0.0752843382068839,0.0,0.0019090579246219869,0.0,0.0006328682926023759,0.7778747151101841,0.0,0.0,0.0,0.0,0.0,0.5,0.5,0.25,0.25,0.5,0.5,1.0,1.0,0.1237436830997467,1,0.0,0.0,0.0,1,0,0.0,0,20,20,225,0.11281446367502213,-0.012049262411892414,0.593324676156044,-0.057642724364995956,0.5963207483291626,0.1608218550682068,0.0,0.0,0.0,0.0,0.0,0.0,0.0,0.0,0.0,0.0,0.0,0.07130855697764145,0.3147088830836742,0.0,0.0,1.6000000000000003,,,0.0,1.0,1.0,1.0,0.0,0.0,,0,0.296875,0.703125,0.703125,0.0,0.0,0.9955555555555555,0.0044444444444444444,0.0,0.9955555555555555,0.0044444444444444444,0.0,0.7771620750427246,0.7771620750427246,0.0,0.012366081772779581,0.004451064579188824,-0.018316395580768585,0.6013663053512573,0.28268595337867736,92.08662567138671,0.0,-0.0,0.703125,225,320,-0.2161279320716858,1.4812798500061035,2.5109023571014406,1.8761748313903808,2.6123291015625,1.4384542465209962,0.29443188905715945,0,1.0,1.0,0.5052631578947367,9.599999999999998,40299294.37600561,1.0,0.0,0.008592716587264944,0.00545082637635152,0.014043542963616465,0.0,0.0,0.0,0.0,0.0,0.0,0.0,0.0,0.0,0.0,0.0,0.0,0.0,0.0,0.0,0.0,0.0,0.0,0.0,0.0,-0.015249605317289139,0.0,0.4649017608608119,0.0,0.0,False,0.0,0.0,0.0
554,16,1.2859458923339844,42,True,False,all_finished,0.0,1.6000000000000003,1.6011354720592503,1.1588235294117646,20,True,53.93611625201621,1.4703001062467194,335363951.1173667,-0.027914330267789944,0.0,0.0,0.0,0.0001181342886640224,0.15336542518246274,-0.041216090184716656,0.11226746928641007,0.14157438006647485,0.0674631415465115,0.0,0.0,0.0,0.0007025780482228238,0.7902599003387908,0.0,0.0,0.0,0.0,0.0,0.0,0.0,0.0,0.0,0.0,0.0,0.0,0.0,0.0,0,0.0,0.0,0.0,0,0,0.0,0,20,20,243,0.11226747184991837,-0.042016882449388504,0.5239916443824768,-0.054117679595947266,0.607483446598053,0.1684381365776062,0.0,0.0,0.0,0.0,0.0,0.0,0.0,0.0,0.0,0.0,0.0,0.07148897911567068,0.21165893780188824,0.0,0.0,1.6011354720592503,,,0.00113547205925002,0.85,0.85,0.9876543209876543,0.15,0.0,,0,0.25,0.75,0.75,0.0,0.0,1.0,0.0,0.0,1.0,0.0,0.0,0.6976465582847595,0.6976465582847595,0.0,5.166197661310435e-06,0.0,-0.0037981953471899034,0.5842639803886414,0.2886540859937668,36.08551139831543,0.0,-0.0,0.75,240,320,-0.2760980725288391,1.607145071029663,2.281147766113281,2.1255650520324707,2.4719141483306886,1.390865397453308,0.2577115833759308,0,1.0,1.0,0.4802631578947368,9.124999999999998,45228375.10386892,1.0,0.0,0.008354719900628036,0.005590889361289623,0.013945609261917657,0.0,0.0,0.0,0.0,0.0,0.0,0.0,0.0,0.0,0.0,0.0,0.0,0.0,0.0,0.0,0.0,0.0,0.0,0.0,0.0,-0.013301759916926711,0.0,0.4948696861043572,0.0,0.0,False,0.0,0.0,0.0
555,16,1.2824444770812988,42,True,False,all_finished,0.0,1.6000000000000003,1.6000000000000003,1.245,20,True,49.50264955319687,1.5692572511805536,388237419.9092665,-0.0260829597236214,0.0,0.0,0.0,0.00012850164086116844,0.16827358275274112,-0.04197260120520468,0.1264294831883977,0.12372057739471648,0.07537011288316982,0.0,0.0,0.0,0.0006785401345400103,0.8002307695875737,0.0,0.0,0.0,0.0,0.0,0.0,0.0,0.0,0.0,0.0,0.0,0.0,0.0,0.0,0,0.0,0.0,0.0,0,0,0.0,0,20,20,249,0.126429483294487,-0.039071669802069664,0.5833645612001419,-0.04965348169207573,0.8864969611167908,0.17676180601119995,0.0,0.0,0.0,0.0,0.0,0.0,0.0,0.0,0.0,0.0,0.0,0.08200181044388459,0.24164637229876954,0.0,0.0,1.6000000000000003,,,0.0,0.9,0.9,1.0,0.1,0.0,,0,0.221875,0.778125,0.778125,0.0,0.0,1.0,0.0,0.0,1.0,0.0,0.0,0.0,0.0,0.0,-0.000203144719125703,0.0,0.0026607653591781853,0.5971408128738404,0.3015511274337769,145.6165344238281,0.0,-0.0,0.778125,249,320,0.1636698693037033,1.4375159740447998,2.4080108165740968,1.8803617715835572,2.1827345371246336,1.331193780899048,0.2588333457708359,0,1.0,1.0,0.47236842105263166,8.975,46412024.83408378,1.0,0.0,0.008551481844562557,0.006043844401163316,0.01459532624572587,0.0,0.0,0.0,0.0,0.0,0.0,0.0,0.0,0.0,0.0,0.0,0.0,0.0,0.0,0.0,0.0,0.0,0.0,0.0,0.0,-0.01588964148158324,0.0,0.48159179731301266,0.0,0.0,False,0.0,0.0,0.0
556,16,1.2321476936340332,42,True,False,all_finished,0.0,1.6000000000000003,1.6000000000000003,1.09,20,True,55.01346137144064,1.3611691831540853,306994075.1605042,-0.03013351690318153,0.0,0.0,0.0,0.0001076684402747416,0.16556664569008922,-0.0434672333479023,0.12220708078246148,0.1440715642339322,0.06374992309775156,0.0,0.0,0.0,0.0005866879842910057,0.7915918246840252,0.0,0.0,0.0,0.0,0.0,0.0,0.0,0.0,0.0,0.0,0.0,0.0,0.0,0.0,0,0.0,0.0,0.0,0,0,0.0,0,20,20,218,0.12220707535743713,-0.01183861494064331,0.7055025547742844,-0.05755424126982689,0.8464695811271667,0.1712760329246521,0.0,0.0,0.0,0.0,0.0,0.0,0.0,0.0,0.0,0.0,0.0,0.06717252654651741,0.2589425011154958,0.0,0.0,1.6000000000000003,,,0.0,1.0,1.0,1.0,0.0,0.0,,0,0.31875,0.68125,0.68125,0.0,0.0,1.0,0.0,0.0,1.0,0.0,0.0,0.0,0.0,0.0,0.00018900775176007302,0.0,-0.03165232319734059,0.5390473306179047,0.23819039463996888,16.13093032836914,0.0,-0.0,0.68125,218,320,-0.48823294043540955,1.342736005783081,2.808746910095215,1.8812904596328734,3.126827335357666,1.4852164030075072,0.33230774402618407,0,1.0,1.0,0.510855263157895,9.706249999999997,51029056.21635085,1.0,0.0,0.008385743584571632,0.005684163239948923,0.014069906824520551,0.0,0.0,0.0,0.0,0.0,0.0,0.0,0.0,0.0,0.0,0.0,0.0,0.0,0.0,0.0,0.0,0.0,0.0,0.0,0.0,-0.013333716444720718,0.0,0.47236064678290857,0.0,0.0,False,0.0,0.0,0.0
557,15,1.2655022144317627,42,True,False,all_finished,0.0,1.5000000000000002,1.5002408206462863,1.1736842105263157,20,True,51.89709647464288,1.4407654919455073,337973214.0419899,-0.028220764444146146,0.0,0.0,0.0,0.0001244690029215394,0.16442661312149198,-0.045406049704606426,0.11914503241980717,0.13259816092973736,0.0807468282831239,0.0,0.0,0.0,0.0006443468394171444,0.7860106639477216,0.0,0.0,0.0,0.0,0.0,0.0,0.0,0.0,0.0,0.0,0.0,0.0,0.0,0.0,0,0.0,0.0,0.0,0,0,0.0,0,20,20,236,0.11914502829313278,-0.008612734265625477,0.5560056447982787,-0.05669410899281502,0.5658246278762817,0.16889449954032898,0.0,0.0,0.0,0.0,0.0,0.0,0.0,0.0,0.0,0.0,0.0,0.08410873327115,0.2813268063826927,0.0,0.0,1.5002408206462863,,,0.00024082064628605515,0.9,0.9,0.9957627118644068,0.1,0.0,,0,0.21666666666666667,0.7833333333333333,0.7833333333333333,0.0,0.0,1.0,0.0,0.0,1.0,0.0,0.0,0.0,0.0,0.0,-5.213314871070907e-05,0.0,-0.011687961034476757,0.5012678325176239,0.23926423490047455,30.966740798950195,0.0,-0.0,0.7833333333333333,235,300,-0.28554338216781616,1.4032033681869507,2.2182406425476073,2.022095561027527,2.3606669902801514,1.4757146835327148,0.2550425618886948,0,1.0,1.0,0.5659649122807018,10.75333333333333,48811595.812548764,1.0,0.0,0.007674312707277844,0.005563152648614085,0.013237465355891936,0.0,0.0,0.0,0.0,0.0,0.0,0.0,0.0,0.0,0.0,0.0,0.0,0.0,0.0,0.0,0.0,0.0,0.0,0.0,0.0,-0.017185285260460294,0.0,0.5024855953206618,0.0,0.0,False,0.0,0.0,0.0
558,16,1.3075549602508545,42,True,False,all_finished,0.0,1.6000000000000003,1.6000000000000003,1.1949999999999998,20,True,51.94827801028556,1.4280038180036694,334675947.83641416,-0.028569447513873664,0.0,0.0,0.0,0.00011603714900957584,0.12985023558218467,-0.039856155929131255,0.09011011680206302,0.16594825218727996,0.06555987943238688,0.0,0.0,0.0,0.0007571560536382288,0.767734712326695,0.0,0.0,0.0,0.0,0.0,0.0,0.0,0.0,0.0,0.0,0.0,0.0,0.0,0.0,0,0.0,0.0,0.0,0,0,0.0,0,20,20,239,0.09011011570692062,-0.03523869439959526,0.5188953131437302,-0.04865280166268349,0.7017062306404114,0.13751477003097534,0.0,0.0,0.0,0.0,0.0,0.0,0.0,0.0,0.0,0.0,0.0,0.06351831558967531,0.21903674513316573,0.0,0.0,1.6000000000000003,,,0.0,0.85,0.85,1.0,0.15,0.0,,0,0.253125,0.746875,0.746875,0.0,0.0,1.0,0.0,0.0,1.0,0.0,0.0,0.0,0.0,0.0,-0.00025495460286037994,0.0,0.006290741998236626,0.7044525027275086,0.3588352262973785,52.97376403808594,0.0,-0.0,0.746875,239,320,-0.3274983763694763,1.2684139013290405,2.0809133052825928,1.5944575548171998,2.2578405380249023,1.3052188634872437,0.33442540764808654,0,1.0,1.0,0.5506578947368419,10.462499999999999,38286333.41268981,1.0,0.0,0.008115156605155223,0.005533177863163646,0.013648334468318868,0.0,0.0,0.0,0.0,0.0,0.0,0.0,0.0,0.0,0.0,0.0,0.0,0.0,0.0,0.0,0.0,0.0,0.0,0.0,0.0,-0.011286708415257595,0.0,0.4720710150519153,0.0,0.0,False,0.0,0.0,0.0
559,16,1.3147892951965332,42,True,False,all_finished,0.0,1.6000000000000003,1.6000000000000003,1.2200000000000002,20,True,50.42557036754894,1.497378466931222,364730911.5239352,-0.027361749480738995,0.0,-0.0003866990209613932,0.0,0.00013242916878634733,0.15825180227740027,-0.04332343760213616,0.11506079384405055,0.13564043075771412,0.07720991057669553,0.0,0.001916983481400293,0.0,0.000730841915031957,0.7845018332691581,0.0,0.0,0.0,0.0,0.0,0.5,0.5,0.25,0.25,0.5,0.5,1.0,1.0,0.1237436830997467,1,0.0,0.0,0.0,1,0,0.0,0,20,20,244,0.11506079882383347,-0.03879077360033989,0.5623516142368317,-0.053795941174030304,1.0775113105773926,0.16725102066993713,0.0,0.0,0.0,0.0,0.0,0.0,0.0,0.0,0.0,0.0,0.0,0.07912978095111363,0.24403192066328258,0.0,0.0,1.6000000000000003,,,0.0,1.0,1.0,1.0,0.0,0.0,,0,0.2375,0.7625,0.7625,0.0,0.0,0.9959016393442623,0.0,0.004098360655737705,0.9959016393442623,0.0,0.004098360655737705,0.5323465466499329,0.5323465466499329,0.0,-0.003233949048444629,0.0030105510726571084,0.03857499323785305,0.4727183222770691,0.2752532660961151,20.073058891296387,0.0,-0.0,0.7625,244,320,0.07169787585735321,1.3457683324813843,2.069630813598633,1.9586662769317627,1.9800349712371825,1.3243943452835083,0.23258796632289885,0,1.0,1.0,0.5118421052631577,9.725,41219908.37454072,1.0,0.0,0.009122188065892711,0.005808237189968569,0.014930425255861279,0.0,0.0,0.0,0.0,0.0,0.0,0.0,0.0,0.0,0.0,0.0,0.0,0.0,0.0,0.0,0.0,0.0,0.0,0.0,0.0,-0.015574989100435718,0.0,0.4669332896010019,0.0,0.0,False,0.0,0.0,0.0
560,15,1.1780931949615479,42,True,False,all_finished,0.0,1.5000000000000002,1.5000000000000002,1.1099999999999999,20,True,52.669143082270864,1.4465750686566443,334593446.6094228,-0.028038275598583132,0.0,0.0,0.0,0.00012083866846079763,0.21386617820600595,-0.041900396109643114,0.1720866207648234,0.10946488474667798,0.05411942752158496,0.0,0.0,0.0,0.0005145202671839455,0.8359011674645532,0.0,0.0,0.0,0.0,0.0,0.0,0.0,0.0,0.0,0.0,0.0,0.0,0.0,0.0,0,0.0,0.0,0.0,0,0,0.0,0,20,20,222,0.17208664119243622,-0.037098754197359085,0.7657840549945828,-0.05056504160165787,1.0036952495574951,0.22066503763198853,0.0,0.0,0.0,0.0,0.0,0.0,0.0,0.0,0.0,0.0,0.0,0.06945555671583485,0.25349234316748914,0.0,0.0,1.5000000000000002,,,0.0,0.95,0.95,1.0,0.05,0.0,,0,0.26,0.74,0.74,0.0,0.0,1.0,0.0,0.0,1.0,0.0,0.0,0.0,0.0,0.0,-0.0004942468134686351,0.0,0.009871443174779415,0.4761145830154419,0.2482489287853241,25.772378158569335,0.0,-0.0,0.74,222,300,0.11657978594303131,1.2063912153244019,2.9687224864959716,1.8227819919586181,2.797505760192871,1.3689763307571412,0.3064293146133423,0,1.0,1.0,0.5000000000000001,9.5,41559716.38627219,1.0,0.0,0.009306684239922074,0.006050664865797446,0.015357349105719524,0.0,0.0,0.0,0.0,0.0,0.0,0.0,0.0,0.0,0.0,0.0,0.0,0.0,0.0,0.0,0.0,0.0,0.0,0.0,0.0,-0.013862120511060002,0.0,0.4802903494114677,0.0,0.0,False,0.0,0.0,0.0
561,16,1.3794960975646973,42,True,False,all_finished,0.0,1.6000000000000003,1.6005538427829749,1.2722222222222224,20,True,50.205551501175705,1.4857144121556085,359309006.6898092,-0.0274039154161038,0.0,0.0,0.0,0.00013082040713030492,0.1163048516639876,-0.04715817512711843,0.06927749694399946,0.16443864087202703,0.11853647805391389,0.0,0.0,0.0,0.0008810604163710637,0.716143820657688,0.0,0.0,0.0,0.0,0.0,0.0,0.0,0.0,0.0,0.0,0.0,0.0,0.0,0.0,0,0.0,0.0,0.0,0,0,0.0,0,20,20,257,0.06927749514579773,-0.032370648346841335,0.39847108721733093,-0.06298805773258209,0.6415218710899353,0.12419277429580688,0.0,0.0,0.0,0.0,0.0,0.0,0.0,0.0,0.0,0.0,0.0,0.09287606138546357,0.3081210788175754,0.0,0.0,1.6005538427829749,,,0.0005538427829745451,0.8,0.8,0.9922178988326849,0.2,0.0,,0,0.203125,0.796875,0.796875,0.0,0.0,1.0,0.0,0.0,1.0,0.0,0.0,0.0,0.0,0.0,0.00025159198958135676,0.0,0.0025009281001985074,0.5860740661621093,0.2958576828241348,27.336251640319823,0.0,-0.0,0.796875,255,320,-0.4990594685077667,1.3833743333816528,1.5723058223724364,1.9106677770614624,1.9912566423416138,1.2607199668884277,0.2358991414308548,0,1.0,1.0,0.5105263157894739,9.700000000000003,45870806.647901796,1.0,0.0,0.006179807717270707,0.0055847898476570155,0.01176459756492772,0.0,0.0,0.0,0.0,0.0,0.0,0.0,0.0,0.0,0.0,0.0,0.0,0.0,0.0,0.0,0.0,0.0,0.0,0.0,0.0,-0.019754259711014712,0.0,0.4957517007715069,0.0,0.0,False,0.0,0.0,0.0
562,14,1.1654565334320068,42,True,False,all_finished,0.0,1.4000000000000001,1.4010836327075957,1.1117647058823528,20,True,54.11114765703907,1.4010405719549477,317275879.73540163,-0.028972123692511547,0.0,0.0,0.0,0.00013549051000458071,0.17307991761431724,-0.04843738878269953,0.12477801934162225,0.12887447505812208,0.08658584531079967,0.0,0.0,0.0,0.0007147212187931957,0.783824958412285,0.0,0.0,0.0,0.0,0.0,0.0,0.0,0.0,0.0,0.0,0.0,0.0,0.0,0.0,0,0.0,0.0,0.0,0,0,0.0,0,20,20,233,0.12477802485227585,-0.009733004495501518,0.5282436907291412,-0.0637485682964325,0.6265971064567566,0.17971304059028625,0.0,0.0,0.0,0.0,0.0,0.0,0.0,0.0,0.0,0.0,0.0,0.09600717444794377,0.2788489910707818,0.0,0.0,1.4010836327075957,,,0.0010836327075955943,0.85,0.85,0.9828326180257511,0.15,0.0,,0,0.18214285714285713,0.8178571428571428,0.8178571428571428,0.0,0.0,1.0,0.0,0.0,1.0,0.0,0.0,0.0,0.0,0.0,0.00015852662472752853,0.0,-0.0040193947032094,0.44950891137123106,0.22105580866336821,25.983732986450196,0.0,-0.0,0.8178571428571428,229,280,-0.24943391978740692,1.1813923120498657,2.0951215267181396,1.799368667602539,2.238607311248779,1.2944528341293335,0.29885613918304443,0,1.0,1.0,0.5146616541353384,9.77857142857143,51350173.34370212,1.0,0.0,0.006402785336254006,0.005538732155311822,0.011941517491565828,0.0,0.0,0.0,0.0,0.0,0.0,0.0,0.0,0.0,0.0,0.0,0.0,0.0,0.0,0.0,0.0,0.0,0.0,0.0,0.0,-0.019465265090187932,0.0,0.4863175503011527,0.0,0.0,False,0.0,0.0,0.0
563,15,1.2735979557037354,42,True,False,all_finished,0.0,1.5000000000000002,1.5000000000000002,1.23,20,True,52.20420958090692,1.5353689085161122,363220895.8925508,-0.026632185979355544,0.0,0.0,0.0,0.00012160126222681387,0.1726761384365447,-0.039274589036716885,0.13352315066205456,0.12451367160385286,0.05910712788608726,0.0,0.0,0.0,0.000644880691911232,0.8157343198181486,0.0,0.0,0.0,0.0,0.0,0.0,0.0,0.0,0.0,0.0,0.0,0.0,0.0,0.0,0,0.0,0.0,0.0,0,0,0.0,0,20,20,246,0.1335231512784958,-0.03379987180233002,0.5338752031326293,-0.04613066464662552,0.5861073732376099,0.17805413901805878,0.0,0.0,0.0,0.0,0.0,0.0,0.0,0.0,0.0,0.0,0.0,0.0706780832186832,0.20706834663599502,0.0,0.0,1.5000000000000002,,,0.0,0.95,0.95,1.0,0.05,0.0,,0,0.18,0.8200000000000001,0.8200000000000001,0.0,0.0,1.0,0.0,0.0,1.0,0.0,0.0,0.0,0.0,0.0,0.00010489978558325674,0.0,-0.013628189079463482,0.6115033268928528,0.29244343042373655,21.21947612762451,0.0,-0.0,0.82,246,300,0.1595858633518219,1.3393584489822388,2.254206895828247,1.7453763961791993,1.9834391355514527,1.256839966773987,0.2808724015951157,0,1.0,1.0,0.5157894736842107,9.8,54062494.979122885,1.0,0.0,0.0071986469296880925,0.005772732450060741,0.012971379379748833,0.0,0.0,0.0,0.0,0.0,0.0,0.0,0.0,0.0,0.0,0.0,0.0,0.0,0.0,0.0,0.0,0.0,0.0,0.0,0.0,-0.012642403057361284,0.0,0.46821832009901604,0.0,0.0,False,0.0,0.0,0.0
564,16,1.2849643230438232,42,True,False,all_finished,0.0,1.6000000000000003,1.601357222795487,1.2315789473684213,20,True,52.36450265916501,1.4791092848134093,350139237.38517475,-0.027591057964042476,0.0,0.0,0.0,0.00013053761642239776,0.13456881185749478,-0.037865250028121036,0.0968340994457961,0.1580287884718227,0.05884580890406983,0.0,0.0,0.0,0.0009137259656510885,0.7822116766584564,0.0,0.0,0.0,0.0,0.0,0.0,0.0,0.0,0.0,0.0,0.0,0.0,0.0,0.0,0,0.0,0.0,0.0,0,0,0.0,0,20,20,250,0.09683409333229065,0.0008383467793464661,0.5270335152745247,-0.047234028577804565,0.7671809196472168,0.13777053356170654,0.0,0.0,0.0,0.0,0.0,0.0,0.0,0.0,0.0,0.0,0.0,0.058684012821154576,0.21148890899583253,0.0,0.0,1.601357222795487,,,0.0013572227954867788,0.85,0.85,0.992,0.15,0.0,,0,0.225,0.775,0.775,0.0,0.0,1.0,0.0,0.0,1.0,0.0,0.0,0.0,0.0,0.0,-0.0002353544783545658,0.0,-0.014278839714825154,0.5247120380401611,0.24839879870414733,26.0137020111084,0.0,-0.0,0.775,248,320,-0.1619592308998108,1.2371189594268799,1.946748423576355,1.770656943321228,2.0653658866882325,1.3690853595733643,0.2876351475715637,0,1.0,1.0,0.43157894736842106,8.200000000000001,46413529.13293542,1.0,0.0,0.00918283577715152,0.005931583818994822,0.01511441959614634,0.0,0.0,0.0,0.0,0.0,0.0,0.0,0.0,0.0,0.0,0.0,0.0,0.0,0.0,0.0,0.0,0.0,0.0,0.0,0.0,-0.010274192064078607,0.0,0.457277859072201,0.0,0.0,False,0.0,0.0,0.0
565,16,1.2769086360931396,42,True,False,all_finished,0.0,1.6000000000000003,1.6005413496494298,1.2166666666666668,20,True,50.964294031657936,1.5292779158813403,366281715.2616501,-0.02683369028071968,0.0,0.0,0.0,0.0001233860583503025,0.16829440856737918,-0.040337962031289656,0.1280798325944396,0.128030911682926,0.06443259222835014,0.0,0.0,0.0,0.0006848407624290434,0.8068516553262949,0.0,0.0,0.0,0.0,0.0,0.0,0.0,0.0,0.0,0.0,0.0,0.0,0.0,0.0,0,0.0,0.0,0.0,0,0,0.0,0,20,20,247,0.1280798316001892,0.06568687967956066,0.49399298429489136,-0.049520932137966156,0.9936730861663818,0.16748180985450745,0.0,0.0,0.0,0.0,0.0,0.0,0.0,0.0,0.0,0.0,0.0,0.06851179723516823,0.26842658754928067,0.0,0.0,1.6005413496494298,,,0.0005413496494295345,0.9,0.9,0.9878542510121457,0.1,0.0,,0,0.2375,0.7625,0.7625,0.0,0.0,1.0,0.0,0.0,1.0,0.0,0.0,0.0,0.0,0.0,2.3630538839825023e-05,0.0,-0.04146608486771584,0.46756510734558104,0.19263811111450196,18.25446491241455,0.0,-0.0,0.7625,244,320,-0.008678303100168705,1.3808139562606812,2.4557684421539308,2.0272881031036376,2.3367413520812987,1.387034273147583,0.27971855103969573,0,1.0,1.0,0.4552631578947368,8.649999999999997,51188324.17650057,1.0,0.0,0.007722266547478063,0.00546865764578572,0.013190924193263787,0.0,0.0,0.0,0.0,0.0,0.0,0.0,0.0,0.0,0.0,0.0,0.0,0.0,0.0,0.0,0.0,0.0,0.0,0.0,0.0,-0.013504271750569952,0.0,0.48920543561107477,0.0,0.0,False,0.0,0.0,0.0
566,16,1.243553876876831,42,True,False,all_finished,0.0,1.6000000000000003,1.600615985393525,1.1368421052631579,20,True,52.02062833137338,1.4550276664074184,344636038.37344277,-0.02819576588063218,0.0,0.0,0.0,0.0001152616211464535,0.18354107154767701,-0.04467346357355987,0.13898286959526354,0.12248128644053892,0.07157846392796172,0.0,0.0,0.0,0.0005727963222308434,0.8053674533092685,0.0,0.0,0.0,0.0,0.0,0.0,0.0,0.0,0.0,0.0,0.0,0.0,0.0,0.0,0,0.0,0.0,0.0,0,0,0.0,0,20,20,232,0.1389828771352768,-0.039098531007766724,0.80921670794487,-0.05789308249950409,1.4188008308410645,0.1971798837184906,0.0,0.0,0.0,0.0,0.0,0.0,0.0,0.0,0.0,0.0,0.0,0.07897832444193476,0.2943671456810006,0.0,0.0,1.600615985393525,,,0.0006159853935245874,0.85,0.85,0.9956896551724138,0.15,0.0,,0,0.278125,0.721875,0.721875,0.0,0.0,1.0,0.0,0.0,1.0,0.0,0.0,0.0,0.0,0.0,-1.9060547128901816e-05,0.0,0.033015968091785905,0.33624404668807983,0.20145976543426514,32.8282413482666,0.0,-0.0,0.721875,231,320,-0.03757418319582939,1.3149160146713257,2.554602861404419,2.262066459655762,2.551400661468506,1.589013433456421,0.23180288672447205,0,1.0,1.0,0.4674342105263159,8.881250000000001,45267764.207799695,1.0,0.0,0.007523628251872314,0.00581628184764734,0.013339910099519653,0.0,0.0,0.0,0.0,0.0,0.0,0.0,0.0,0.0,0.0,0.0,0.0,0.0,0.0,0.0,0.0,0.0,0.0,0.0,0.0,-0.016477697692927694,0.0,0.4743129763985053,0.0,0.0,False,0.0,0.0,0.0
567,16,1.3462183475494385,42,True,False,all_finished,0.0,1.6000000000000003,1.6000000000000003,1.225,20,True,51.70880837160588,1.5058952690661498,354742338.54745656,-0.02690231867890251,0.0,0.0,0.0,0.00012457672991188288,0.14997584500544064,-0.04163510615832198,0.1084653155770305,0.14000001677627993,0.07666961792024361,0.0,0.0,0.0,0.0007431387899434577,0.7825872265135331,0.0,0.0,0.0,0.0,0.0,0.0,0.0,0.0,0.0,0.0,0.0,0.0,0.0,0.0,0,0.0,0.0,0.0,0,0,0.0,0,20,20,245,0.10846531391143799,-0.002351917326450348,0.6384638398885727,-0.05220293998718262,0.7876713275909424,0.15629661083221436,0.0,0.0,0.0,0.0,0.0,0.0,0.0,0.0,0.0,0.0,0.0,0.07576692307824287,0.2694063396670333,0.0,0.0,1.6000000000000003,,,0.0,0.95,0.95,1.0,0.05,0.0,,0,0.234375,0.765625,0.765625,0.0,0.0,1.0,0.0,0.0,1.0,0.0,0.0,0.0,0.0,0.0,0.0004732105997391045,0.0,-0.010278671514242887,0.5218087315559388,0.25094673931598666,50.07546195983887,0.0,-0.0,0.765625,245,320,0.01734876073896885,1.0816518068313599,2.255872058868408,1.5678653717041016,2.156014919281006,1.1747668743133546,0.34989147186279296,0,1.0,1.0,0.5559210526315789,10.562499999999998,59225511.75698447,1.0,0.0,0.007248802840460679,0.005930101144847857,0.013178903985308535,0.0,0.0,0.0,0.0,0.0,0.0,0.0,0.0,0.0,0.0,0.0,0.0,0.0,0.0,0.0,0.0,0.0,0.0,0.0,0.0,-0.014732787479419437,0.0,0.4928645170875825,0.0,0.0,False,0.0,0.0,0.0
568,16,1.2862217426300049,42,True,False,all_finished,0.0,1.6000000000000003,1.6003961694240576,1.1842105263157894,20,True,51.3004986909036,1.5076103088256332,357605749.267806,-0.02695673297133489,0.0,0.0,0.0,0.00012207772699949194,0.17689370300358315,-0.05049452069524742,0.12652126003533518,0.11768455657311638,0.10275852470499193,0.0,0.0,0.0,0.0006009325447093747,0.7789559861771824,0.0,0.0,0.0,0.0,0.0,0.0,0.0,0.0,0.0,0.0,0.0,0.0,0.0,0.0,0,0.0,0.0,0.0,0,0,0.0,0,20,20,241,0.1265212595462799,-0.029262728057801723,0.6166635602712631,-0.06912658363580704,1.274384617805481,0.1873900592327118,0.0,0.0,0.0,0.0,0.0,0.0,0.0,0.0,0.0,0.0,0.0,0.10836638889916425,0.2967269993711552,0.0,0.0,1.6003961694240576,,,0.00039616942405729105,0.9,0.9,0.995850622406639,0.1,0.0,,0,0.25,0.75,0.75,0.0,0.0,1.0,0.0,0.0,1.0,0.0,0.0,0.3709564805030823,0.3709564805030823,0.0,0.0005020803269871976,0.0,0.009834740590304137,0.42293577194213866,0.22162467539310454,42.17264041900635,0.0,-0.0,0.75,240,320,0.014980803243815899,1.503313660621643,2.349226474761963,2.326603412628174,2.2751337051391602,1.4489603519439698,0.2033464014530182,0,1.0,1.0,0.46085526315789466,8.75625,40752727.63682526,1.0,0.0,0.009335173120956997,0.006066205771921296,0.015401378892878292,0.0,0.0,0.0,0.0,0.0,0.0,0.0,0.0,0.0,0.0,0.0,0.0,0.0,0.0,0.0,0.0,0.0,0.0,0.0,0.0,-0.023537787723912518,0.0,0.5023161918972618,0.0,0.0,False,0.0,0.0,0.0
569,16,1.3104498386383057,42,True,False,all_finished,0.0,1.6000000000000003,1.601504559516907,1.0947368421052635,20,True,53.8319944941539,1.407035940279423,319867639.23286855,-0.02876915243580696,0.0,0.0,0.0,0.00012043512693353495,0.1909195676106639,-0.04425669648698168,0.1467833062506157,0.12092832669465804,0.06510038107300369,0.0,0.0,0.0,0.0005577516023159135,0.8134135406300224,0.0,0.0,0.0,0.0,0.0,0.0,0.0,0.0,0.0,0.0,0.0,0.0,0.0,0.0,0,0.0,0.0,0.0,0,0,0.0,0,20,20,224,0.14678332209587097,-0.03689452353864908,1.0038858652114868,-0.06148633360862732,1.3135111331939697,0.20152397453784943,0.0,0.0,0.0,0.0,0.0,0.0,0.0,0.0,0.0,0.0,0.0,0.07676702499434435,0.26445112235648055,0.0,0.0,1.601504559516907,,,0.001504559516906756,0.9,0.9,0.9955357142857143,0.1,0.0,,0,0.303125,0.696875,0.696875,0.0,0.0,1.0,0.0,0.0,1.0,0.0,0.0,0.0,0.0,0.0,-1.548260624986142e-05,0.0,-0.0018898122012615203,0.26851373016834257,0.1326875150203705,26.959137630462646,0.0,-0.0,0.696875,223,320,-0.1336831897497177,1.3036748170852661,2.749707889556885,2.4758891582489015,2.8234886169433593,1.6475470781326294,0.15878011137247086,0,1.0,1.0,0.5835526315789474,11.087499999999997,57802595.5409041,1.0,0.0,0.008264624175020817,0.005745378034189744,0.014010002209210563,0.0,0.0,0.0,0.0,0.0,0.0,0.0,0.0,0.0,0.0,0.0,0.0,0.0,0.0,0.0,0.0,0.0,0.0,0.0,0.0,-0.015487544051174727,0.0,0.4784694296162343,0.0,0.0,False,0.0,0.0,0.0
570,16,1.3985176086425781,42,True,False,all_finished,0.0,1.6000000000000003,1.6006725978851324,1.2631578947368423,20,True,49.546322663374596,1.5191582690762102,374897126.02757657,-0.02675805156482088,0.0,0.0,0.0,0.0001210169356643198,0.14083334120872507,-0.04375536583826715,0.09719899230612225,0.14226801653591772,0.09037183377357828,0.0,0.0,0.0,0.0007531752533638779,0.7666069744371401,0.0,0.0,0.0,0.0,0.0,0.0,0.0,0.0,0.0,0.0,0.0,0.0,0.0,0.0,0,0.0,0.0,0.0,0,0,0.0,0,20,20,256,0.09719899296760559,0.011553004384040833,0.3920373097062111,-0.04893540218472481,0.5329951047897339,0.14151416718959808,0.0,0.0,0.0,0.0,0.0,0.0,0.0,0.0,0.0,0.0,0.0,0.08434121862272402,0.2834522444312684,0.0,0.0,1.6006725978851324,,,0.0006725978851320757,0.8,0.8,0.99609375,0.2,0.0,,0,0.203125,0.796875,0.796875,0.0,0.0,1.0,0.0,0.0,1.0,0.0,0.0,0.0,0.0,0.0,-7.776270358590409e-05,0.0,0.0008297075517475605,0.4341375887393951,0.21821939647197724,32.11459541320801,0.0,-0.0,0.796875,255,320,-0.3337184488773346,1.3583693504333496,1.9094944953918458,2.0896482467651367,2.1638822078704836,1.5177379846572876,0.2214566946029663,0,1.0,1.0,0.5338815789473685,10.14375,45267439.40967486,1.0,0.0,0.008414199814224031,0.005875002936933947,0.014289202751157979,0.0,0.0,0.0,0.0,0.0,0.0,0.0,0.0,0.0,0.0,0.0,0.0,0.0,0.0,0.0,0.0,0.0,0.0,0.0,0.0,-0.01699731427344616,0.0,0.4769075621385127,0.0,0.0,False,0.0,0.0,0.0
571,16,1.3865106105804443,42,True,False,all_finished,0.0,1.6000000000000003,1.6013108146190649,1.2421052631578948,20,True,49.305238744990085,1.5534144766993891,380405952.6774772,-0.02608112564189376,0.0,0.0,0.0,0.0001303538724795814,0.16444676187700968,-0.03902411956266387,0.12555299618682533,0.12712460949235613,0.06308673446198561,0.0,0.0,0.0,0.0006876697803182064,0.8091009862653401,0.0,0.0,0.0,0.0,0.0,0.0,0.0,0.0,0.0,0.0,0.0,0.0,0.0,0.0,0,0.0,0.0,0.0,0,0,0.0,0,20,20,251,0.12555299699306488,-0.03345121443271637,0.6080833524465561,-0.05211290717124939,0.699648916721344,0.17333318293094635,0.0,0.0,0.0,0.0,0.0,0.0,0.0,0.0,0.0,0.0,0.0,0.0688232219363742,0.24308308115009225,0.0,0.0,1.6013108146190649,,,0.0013108146190645709,0.85,0.85,0.9920318725099602,0.15,0.0,,0,0.221875,0.778125,0.778125,0.0,0.0,1.0,0.0,0.0,1.0,0.0,0.0,0.3956407606601715,0.3956407606601715,0.0,9.875088726403191e-05,0.0,-0.011669252952560782,0.5422855257987976,0.2597940802574158,22.644169998168945,0.0,-0.0,0.778125,249,320,0.16343924403190613,1.3172242641448975,2.3917893409729003,1.875281000137329,2.1163548946380617,1.4222999572753907,0.29750914573669435,0,1.0,1.0,0.5526315789473683,10.5,50455797.05941383,1.0,0.0,0.007495267394105877,0.005919630806122898,0.013414898200228776,0.0,0.0,0.0,0.0,0.0,0.0,0.0,0.0,0.0,0.0,0.0,0.0,0.0,0.0,0.0,0.0,0.0,0.0,0.0,0.0,-0.01294299392077008,0.0,0.47217324933735655,0.0,0.0,False,0.0,0.0,0.0
572,16,1.3689022064208984,42,True,False,all_finished,0.0,1.6000000000000003,1.6000000000000003,1.3200000000000003,20,True,48.04657679838111,1.5717963723895871,397858655.16638017,-0.026045540177758814,0.0,0.0,0.0,0.00012738627271795274,0.12790490856862574,-0.04883736179727048,0.07919493304407318,0.14677760795100137,0.1284415310769611,0.0,0.0,0.0,0.0008050804208996171,0.723975780551138,0.0,0.0,0.0,0.0,0.0,0.0,0.0,0.0,0.0,0.0,0.0,0.0,0.0,0.0,0,0.0,0.0,0.0,0,0,0.0,0,20,20,264,0.07919493317604065,-0.046818921342492104,0.42695147544145584,-0.058276813477277756,0.44153350591659546,0.13933664560317993,0.0,0.0,0.0,0.0,0.0,0.0,0.0,0.0,0.0,0.0,0.0,0.10292148989295055,0.3222462954248847,0.0,0.0,1.6000000000000003,,,0.0,0.95,0.95,1.0,0.05,0.0,,0,0.175,0.825,0.825,0.0,0.0,1.0,0.0,0.0,1.0,0.0,0.0,0.0,0.0,0.0,-0.00016928315999393818,0.0,-0.0049728874117136,0.35916107296943667,0.17492823004722596,20.714572715759278,0.0,-0.0,0.825,264,320,-0.2976575493812561,1.0131038427352905,1.7558423280715942,1.7219063997268678,1.9008630514144897,1.3659188747406006,0.3210573136806488,0,1.0,1.0,0.4835526315789473,9.1875,45780161.84192432,1.0,0.0,0.009714489026779738,0.006048442986002116,0.015762932012781856,0.0,0.0,0.0,0.0,0.0,0.0,0.0,0.0,0.0,0.0,0.0,0.0,0.0,0.0,0.0,0.0,0.0,0.0,0.0,0.0,-0.022791821619511717,0.0,0.5023950128554133,0.0,0.0,False,0.0,0.0,0.0
573,17,1.434960126876831,42,True,False,all_finished,0.0,1.7000000000000004,1.7000000000000004,1.24,20,True,52.44056547131046,1.501431451399044,354501880.4341005,-0.02728898737193704,0.0,-0.00036395201972837005,0.0,0.00010907175333268054,0.1321613256686999,-0.04341226032512023,0.08885813709691237,0.1553176360002035,0.08969554051206167,0.0,0.002071464453819979,0.0,0.0007077232670906914,0.7522076357668243,0.0,0.0,0.0,0.0,0.0,0.5,0.5,0.25,0.25,0.5,0.5,1.0,1.0,0.1237436830997467,1,0.0,0.0,0.0,1,0,0.0,0,20,20,247,0.08885813504457474,-0.006914347875863314,0.3835434794425962,-0.054245926439762115,0.6639074683189392,0.135271817445755,0.0,0.0,0.0,0.0,0.0,0.0,0.0,0.0,0.0,0.0,0.0,0.07836181590244039,0.25375167197839227,0.0,0.0,1.7000000000000004,,,0.0,1.0,1.0,1.0,0.0,0.0,,0,0.2735294117647059,0.7264705882352941,0.7264705882352941,0.0,0.0,0.9959514170040485,0.0,0.004048582995951417,0.9959514170040485,0.0,0.004048582995951417,0.3894892930984497,0.3894892930984497,0.0,-0.0021077392186271025,0.004307572450488806,0.01959671564400196,0.5261733412742615,0.2830038249492645,26.87677764892578,0.0,-0.0,0.7264705882352941,247,340,-0.40929198265075684,1.2083988189697266,2.2548210620880127,1.7826889276504516,2.487570285797119,1.6771432876586914,0.3602127194404602,0,1.0,1.0,0.5458204334365325,10.37058823529412,47248792.39560575,1.0,0.0,0.006790490742273068,0.00554053437043052,0.01233102511270359,0.0,0.0,0.0,0.0,0.0,0.0,0.0,0.0,0.0,0.0,0.0,0.0,0.0,0.0,0.0,0.0,0.0,0.0,0.0,0.0,-0.01575932093345479,0.0,0.5117376340114895,0.0,0.0,False,0.0,0.0,0.0
574,16,1.3059427738189697,42,True,False,all_finished,0.0,1.6000000000000003,1.6000000000000003,1.105,20,True,53.23482160309037,1.4369626100795547,330417380.3828329,-0.028432842151110232,0.0,0.0,0.0,0.00011029439382982564,0.20066705865065523,-0.04206904790689878,0.15870830513758652,0.11612693145946372,0.055693719352912806,0.0,0.0,0.0,0.0004956828185644237,0.8276836663690591,0.0,0.0,0.0,0.0,0.0,0.0,0.0,0.0,0.0,0.0,0.0,0.0,0.0,0.0,0,0.0,0.0,0.0,0,0,0.0,0,20,20,221,0.15870830416679382,-0.014483971957815811,0.6569787561893463,-0.06277249753475189,1.1724095344543457,0.20546315610408783,0.0,0.0,0.0,0.0,0.0,0.0,0.0,0.0,0.0,0.0,0.0,0.07010877485522402,0.2463417788234227,0.0,0.0,1.6000000000000003,,,0.0,0.95,0.95,1.0,0.05,0.0,,0,0.309375,0.690625,0.690625,0.0,0.0,1.0,0.0,0.0,1.0,0.0,0.0,0.0,0.0,0.0,-3.030077459698077e-06,0.0,0.0172735164873302,0.5750222086906434,0.3051049470901489,32.59473419189453,0.0,-0.0,0.690625,221,320,-0.18722368776798248,1.5886237621307373,3.159826898574829,2.0800642013549804,3.3118700981140137,1.6530759811401368,0.3000948905944824,0,1.0,1.0,0.556907894736842,10.581249999999999,43718356.360499874,1.0,0.0,0.008725433860464581,0.0057429515189482095,0.014468385379412784,0.0,0.0,0.0,0.0,0.0,0.0,0.0,0.0,0.0,0.0,0.0,0.0,0.0,0.0,0.0,0.0,0.0,0.0,0.0,0.0,-0.01363620575578856,0.0,0.5061925122048706,0.0,0.0,False,0.0,0.0,0.0
575,16,1.3499021530151367,42,True,False,all_finished,0.0,1.6000000000000003,1.600454605817795,1.2368421052631582,20,True,51.81273624426994,1.4963431442473532,353962367.51924354,-0.027214578327894902,0.0,0.0,0.0,0.00012256063995687733,0.14823368879480128,-0.0409380885085031,0.10741816092625518,0.1417768843769985,0.07149390641589788,0.0,0.0,0.0,0.0007412546876749924,0.7859879545194287,0.0,0.0,0.0,0.0,0.0,0.0,0.0,0.0,0.0,0.0,0.0,0.0,0.0,0.0,0,0.0,0.0,0.0,0,0,0.0,0,20,20,250,0.10741816461086273,-0.007654944434762001,0.4875333830714226,-0.052182234823703766,0.8507063388824463,0.15159213542938232,0.0,0.0,0.0,0.0,0.0,0.0,0.0,0.0,0.0,0.0,0.0,0.07255881797554757,0.2187895983362928,0.0,0.0,1.600454605817795,,,0.00045460581779477316,0.85,0.85,0.992,0.15,0.0,,0,0.225,0.775,0.775,0.0,0.0,1.0,0.0,0.0,1.0,0.0,0.0,0.0,0.0,0.0,9.46284613746684e-05,0.0,-0.006303467229008675,0.44340822100639343,0.21572152972221376,24.788972091674804,0.0,-0.0,0.775,248,320,-0.5085805058479309,1.3798245191574097,2.1799200534820558,2.2061696529388426,2.534653377532959,1.5449917554855346,0.2619575023651123,0,1.0,1.0,0.4934210526315789,9.375000000000004,45190716.54990919,1.0,0.0,0.008404510536034807,0.005966521824644131,0.01437103236067894,0.0,0.0,0.0,0.0,0.0,0.0,0.0,0.0,0.0,0.0,0.0,0.0,0.0,0.0,0.0,0.0,0.0,0.0,0.0,0.0,-0.01372351018060813,0.0,0.46117859426885843,0.0,0.0,False,0.0,0.0,0.0
576,16,1.2114052772521973,42,True,False,all_finished,0.0,1.6000000000000003,1.6000000000000003,1.1400000000000001,20,True,53.803004438325196,1.4188598653094793,323133685.8678547,-0.028669590821252644,0.0,0.0,0.0,0.00011176452077875699,0.17614991135646887,-0.03951729976946179,0.13674437610778592,0.13083480708973316,0.049503947107344834,0.0,0.0,0.0,0.00061215558633491,0.819049090216587,0.0,0.0,0.0,0.0,0.0,0.0,0.0,0.0,0.0,0.0,0.0,0.0,0.0,0.0,0,0.0,0.0,0.0,0,0,0.0,0,20,20,228,0.13674437999725342,-0.03736385889351368,0.8772167265415192,-0.04953388124704361,1.106180191040039,0.1853375881910324,0.0,0.0,0.0,0.0,0.0,0.0,0.0,0.0,0.0,0.0,0.0,0.0594184056483423,0.23050051729262674,0.0,0.0,1.6000000000000003,,,0.0,0.85,0.85,1.0,0.15,0.0,,0,0.2875,0.7125,0.7125,0.0,0.0,1.0,0.0,0.0,1.0,0.0,0.0,0.0,0.0,0.0,-0.0001256039016880095,0.0,0.0027244321769103407,0.39039955139160154,0.19824589192867278,21.95694522857666,0.0,-0.0,0.7125,228,320,-0.4048144817352295,1.549476981163025,2.6463765621185305,2.5500072479248046,2.8907280921936036,1.7256141185760498,0.20042464137077332,0,1.0,1.0,0.4315789473684211,8.200000000000001,49743909.054113105,1.0,0.0,0.009229882231745557,0.005945409512269834,0.01517529174401539,0.0,0.0,0.0,0.0,0.0,0.0,0.0,0.0,0.0,0.0,0.0,0.0,0.0,0.0,0.0,0.0,0.0,0.0,0.0,0.0,-0.010847708948209099,0.0,0.4984452190226875,0.0,0.0,False,0.0,0.0,0.0
577,16,1.327951192855835,42,True,False,all_finished,0.0,1.6000000000000003,1.6017829930782324,1.1529411764705884,20,True,51.25631814424429,1.4356495125178454,343366386.03665006,-0.028267923762873192,0.0,0.0,0.0,0.00012383603262552877,0.1482821543331099,-0.039621007916494415,0.10878498244924106,0.1458195170199732,0.05856465660001798,0.0,0.0,0.0,0.0007667964638052107,0.7948490299162037,0.0,0.0,0.0,0.0,0.0,0.0,0.0,0.0,0.0,0.0,0.0,0.0,0.0,0.0,0,0.0,0.0,0.0,0,0,0.0,0,20,20,242,0.1087849885225296,-0.03739823028445244,0.5646853744983673,-0.0527116060256958,0.8299827575683594,0.16166266798973083,0.0,0.0,0.0,0.0,0.0,0.0,0.0,0.0,0.0,0.0,0.0,0.06325918588542974,0.20769271226629668,0.0,0.0,1.6017829930782324,,,0.0017829930782320424,0.8,0.8,0.987603305785124,0.2,0.0,,0,0.253125,0.746875,0.746875,0.0,0.0,1.0,0.0,0.0,1.0,0.0,0.0,0.0,0.0,0.0,3.3925303569048994e-06,0.0,0.0071615450084209446,0.43290179371833803,0.2239319235086441,18.274215507507325,0.0,-0.0,0.746875,239,320,-0.3284691274166107,1.5208277702331543,2.0579806327819825,2.435106897354126,2.244602918624878,1.6154296159744264,0.16986364126205444,0,1.0,1.0,0.5032894736842104,9.562499999999996,50216472.5567223,1.0,0.0,0.008121957355214128,0.005786653119763632,0.013908610474977762,0.0,0.0,0.0,0.0,0.0,0.0,0.0,0.0,0.0,0.0,0.0,0.0,0.0,0.0,0.0,0.0,0.0,0.0,0.0,0.0,-0.011353084153621212,0.0,0.48915858975960874,0.0,0.0,False,0.0,0.0,0.0
578,15,1.3571782112121582,42,True,False,all_finished,0.0,1.5000000000000002,1.5000000000000002,1.22,20,True,51.97965432518441,1.4635816844984704,343902744.1034744,-0.027816271048923695,0.0,0.0,0.0,0.00011403074383161917,0.140937856362678,-0.049163124239639255,0.09188876286687048,0.1459377076090158,0.11199599018286718,0.0,0.0,0.0,0.0007262674429962175,0.7413400347651209,0.0,0.0,0.0,0.0,0.0,0.0,0.0,0.0,0.0,0.0,0.0,0.0,0.0,0.0,0,0.0,0.0,0.0,0,0,0.0,0,20,20,244,0.09188876301050186,-0.043290670961141586,0.4026725947856902,-0.061101969331502914,0.4801575541496277,0.14788076281547546,0.0,0.0,0.0,0.0,0.0,0.0,0.0,0.0,0.0,0.0,0.0,0.09672893860951336,0.30185057661962683,0.0,0.0,1.5000000000000002,,,0.0,0.95,0.95,1.0,0.05,0.0,,0,0.18666666666666668,0.8133333333333334,0.8133333333333334,0.0,0.0,1.0,0.0,0.0,1.0,0.0,0.0,0.0,0.0,0.0,5.7664324413053694e-05,0.0,-0.00484979031025432,0.7625964283943176,0.37676686644554136,17.530398845672607,0.0,-0.0,0.8133333333333334,244,300,-0.6653903722763062,1.4124584197998047,1.946016550064087,1.7241315603256226,2.4566011905670164,1.4597626447677612,0.36498061418533323,0,1.0,1.0,0.6494736842105262,12.340000000000003,46984272.62396252,1.0,0.0,0.006832510421917018,0.005853577456126194,0.012686087878043211,0.0,0.0,0.0,0.0,0.0,0.0,0.0,0.0,0.0,0.0,0.0,0.0,0.0,0.0,0.0,0.0,0.0,0.0,0.0,0.0,-0.02134685319071554,0.0,0.5043059922009706,0.0,0.0,False,0.0,0.0,0.0
579,16,1.3558604717254639,42,True,False,all_finished,0.0,1.6000000000000003,1.6000000000000003,1.155,20,True,52.497235783647184,1.4230987000768311,340120046.0653035,-0.02885224643637212,0.0,0.0,0.0,0.00011783725747812835,0.16279874154075305,-0.041073311927825984,0.12184326687040523,0.14142796159152862,0.05990522730160813,0.0,0.0,0.0,0.0006598269175970712,0.7980069841892662,0.0,0.0,0.0,0.0,0.0,0.0,0.0,0.0,0.0,0.0,0.0,0.0,0.0,0.0,0,0.0,0.0,0.0,0,0,0.0,0,20,20,231,0.12184326350688934,-0.0311136431992054,0.7517449855804443,-0.05439367890357971,0.8292402625083923,0.1731368750333786,0.0,0.0,0.0,0.0,0.0,0.0,0.0,0.0,0.0,0.0,0.0,0.06436526169184882,0.20884826200157205,0.0,0.0,1.6000000000000003,,,0.0,1.0,1.0,1.0,0.0,0.0,,0,0.278125,0.721875,0.721875,0.0,0.0,1.0,0.0,0.0,1.0,0.0,0.0,0.0,0.0,0.0,0.0002418134521576576,0.0,0.011094223614782095,0.37657550573348997,0.19969936609268188,11.75796127319336,0.0,-0.0,0.721875,231,320,-0.010798662900924683,1.3051021099090576,2.3342916488647463,2.2001841068267822,2.1629854679107665,1.5360687255859375,0.22130710482597352,0,1.0,1.0,0.579934210526316,11.018749999999999,43852945.79001244,1.0,0.0,0.008794248570757886,0.005850155370221302,0.014644403940979189,0.0,0.0,0.0,0.0,0.0,0.0,0.0,0.0,0.0,0.0,0.0,0.0,0.0,0.0,0.0,0.0,0.0,0.0,0.0,0.0,-0.012221065491453808,0.0,0.48114397120516517,0.0,0.0,False,0.0,0.0,0.0
580,16,1.3767006397247314,42,True,False,all_finished,0.0,1.6000000000000003,1.6000000000000003,1.3000000000000003,20,True,49.54930381499237,1.6019276369642719,392644869.53900236,-0.02554634600902962,0.0,0.0,0.0,0.00012367499635121607,0.1453001382692039,-0.03752911395942955,0.10789469930612554,0.13962557005084922,0.06549276382893526,0.0,0.0,0.0,0.0007322943418038474,0.7941493717784116,0.0,0.0,0.0,0.0,0.0,0.0,0.0,0.0,0.0,0.0,0.0,0.0,0.0,0.0,0,0.0,0.0,0.0,0,0,0.0,0,20,20,260,0.10789470374584198,-0.03662013076245785,0.45514554530382156,-0.04654061794281006,0.5296080708503723,0.15740489959716797,0.0,0.0,0.0,0.0,0.0,0.0,0.0,0.0,0.0,0.0,0.0,0.0699772205982605,0.17714306169881638,0.0,0.0,1.6000000000000003,,,0.0,1.0,1.0,1.0,0.0,0.0,,0,0.1875,0.8125,0.8125,0.0,0.0,1.0,0.0,0.0,1.0,0.0,0.0,0.0,0.0,0.0,0.0001620360200831783,0.0,-0.02161837797611952,0.7076520204544068,0.33252658843994143,25.02295141220093,0.0,-0.0,0.8125,260,320,0.2692030072212219,1.0548182725906372,2.0610524654388427,1.2976922512054443,1.779676604270935,1.1685782670974731,0.3948571443557739,0,1.0,1.0,0.5000000000000001,9.5,41739283.24854723,1.0,0.0,0.008132920648623162,0.0058415951680385325,0.013974515816661698,0.0,0.0,0.0,0.0,0.0,0.0,0.0,0.0,0.0,0.0,0.0,0.0,0.0,0.0,0.0,0.0,0.0,0.0,0.0,0.0,-0.011982767950399955,0.0,0.5018484259722754,0.0,0.0,False,0.0,0.0,0.0
581,16,1.3619203567504883,42,True,False,all_finished,0.0,1.6000000000000003,1.6000000000000003,1.205,20,True,52.66854015458332,1.524009673185939,353868905.3002077,-0.026715123361625126,0.0,0.0,0.0,0.00011399023137286868,0.18134126504045028,-0.042148957396692735,0.13930629787513013,0.11913783636692642,0.06882819026864209,0.0,0.0,0.0,0.0006134543377015509,0.81142051902673,0.0,0.0,0.0,0.0,0.0,0.0,0.0,0.0,0.0,0.0,0.0,0.0,0.0,0.0,0,0.0,0.0,0.0,0,0,0.0,0,20,20,241,0.13930630683898926,-0.038099074736237526,0.6999039202928543,-0.05377301946282387,0.7461148500442505,0.19016635417938232,0.0,0.0,0.0,0.0,0.0,0.0,0.0,0.0,0.0,0.0,0.0,0.07875222802794617,0.25008747397056624,0.0,0.0,1.6000000000000003,,,0.0,0.95,0.95,1.0,0.05,0.0,,0,0.246875,0.753125,0.753125,0.0,0.0,1.0,0.0,0.0,1.0,0.0,0.0,0.0,0.0,0.0,-0.0003924453994841315,0.0,-0.0026075318455696106,0.4512319087982178,0.2233269155025482,21.06318712234497,0.0,-0.0,0.753125,241,320,0.10544754564762115,1.435400366783142,2.52576904296875,2.1991129875183106,2.5133225440979006,1.4322436332702637,0.2523480147123337,0,1.0,1.0,0.5486842105263158,10.425000000000002,39042010.244671494,1.0,0.0,0.008623180063698017,0.005692033388529537,0.01431521345222755,0.0,0.0,0.0,0.0,0.0,0.0,0.0,0.0,0.0,0.0,0.0,0.0,0.0,0.0,0.0,0.0,0.0,0.0,0.0,0.0,-0.015433834035067567,0.0,0.4679108992335387,0.0,0.0,False,0.0,0.0,0.0
582,16,1.263387680053711,42,True,False,all_finished,0.0,1.6000000000000003,1.6003468286991125,1.2210526315789474,20,True,52.650879256816005,1.4372165235417964,335486415.56217194,-0.02823501713133007,0.0,0.0,0.0,0.00012053179135724377,0.11595568403936081,-0.04729281580089574,0.06878340002982228,0.16922290364557438,0.11422043815153665,0.0,0.0,0.0,0.0008472920735582461,0.7157093661293308,0.0,0.0,0.0,0.0,0.0,0.0,0.0,0.0,0.0,0.0,0.0,0.0,0.0,0.0,0,0.0,0.0,0.0,0,0,0.0,0,20,20,248,0.06878340244293213,-0.031847042962908745,0.39160069078207016,-0.05863470211625099,0.45837166905403137,0.12290415167808533,0.0,0.0,0.0,0.0,0.0,0.0,0.0,0.0,0.0,0.0,0.0,0.09151096265402967,0.27726257539907145,0.0,0.0,1.6003468286991125,,,0.0003468286991121783,0.8,0.8,0.9919354838709677,0.2,0.0,,0,0.23125,0.76875,0.76875,0.0,0.0,1.0,0.0,0.0,1.0,0.0,0.0,0.0,0.0,0.0,-3.4710924956016244e-05,0.0,-0.020799605827778577,0.8204358816146851,0.38973814249038696,25.32812957763672,0.0,-0.0,0.76875,246,320,-0.689076840877533,1.3695220947265625,1.8423578977584838,1.6470988273620606,2.3995780467987062,1.282255220413208,0.3045541763305664,0,1.0,1.0,0.43059210526315794,8.18125,40657216.06876666,1.0,0.0,0.008166650195828035,0.005378153119947029,0.013544803315775062,0.0,0.0,0.0,0.0,0.0,0.0,0.0,0.0,0.0,0.0,0.0,0.0,0.0,0.0,0.0,0.0,0.0,0.0,0.0,0.0,-0.019057798669565654,0.0,0.5046841196715832,0.0,0.0,False,0.0,0.0,0.0
583,15,1.188924789428711,42,True,False,all_finished,0.0,1.5000000000000002,1.5009180188179017,1.068421052631579,20,True,54.265085655622,1.3958833854649593,312595185.7355247,-0.029150746133453503,0.0,-0.0004124789556921527,0.0,0.00012008479443203145,0.19623874671381714,-0.03992020650890429,0.1564386249993447,0.12227093790361297,0.0434416953256271,0.0,0.0017301165653562421,0.0,0.0005425069701360551,0.8320147432352677,0.0,0.0,0.0,0.0,0.0,0.5,0.5,0.25,0.25,0.5,0.5,1.0,1.0,0.1237436830997467,1,0.0,0.0,0.0,1,0,0.0,0,20,20,219,0.15643860399723053,-0.03838934004306793,0.7539708435535428,-0.05167551338672638,0.944633960723877,0.20917873084545135,0.0,0.0,0.0,0.0,0.0,0.0,0.0,0.0,0.0,0.0,0.0,0.056937552064489694,0.2238642685031043,0.0,0.0,1.5009180188179017,,,0.0009180188179014337,0.95,0.95,0.9954337899543378,0.05,0.0,,0,0.2733333333333333,0.7266666666666667,0.7266666666666667,0.0,0.0,0.9954128440366973,0.0045871559633027525,0.0,0.9954128440366973,0.0045871559633027525,0.0,0.6394258737564087,0.6394258737564087,0.0,0.003835280021303333,0.00216816496104002,0.003967138566076755,0.6137798070907593,0.31117680072784426,16.882228708267213,0.0,-0.0,0.7266666666666667,218,300,-0.22530297935009003,1.3985605239868164,2.9243250370025633,1.8348344802856444,2.8805669784545898,1.1564279079437256,0.3799805998802185,0,1.0,1.0,0.5105263157894735,9.7,47894279.98956172,1.0,0.0,0.008695420731636962,0.005761845545019079,0.014457266276656042,0.0,0.0,0.0,0.0,0.0,0.0,0.0,0.0,0.0,0.0,0.0,0.0,0.0,0.0,0.0,0.0,0.0,0.0,0.0,0.0,-0.0103569814197587,0.0,0.47595906049013137,0.0,0.0,False,0.0,0.0,0.0
584,16,1.3016541004180908,42,True,False,all_finished,0.0,1.6000000000000003,1.6000000000000003,1.18,20,True,52.89923478577214,1.48622332907943,350909262.2953793,-0.027537862710058102,0.0,0.0,0.0,0.00011394227676773689,0.17112130436781797,-0.04696309456964101,0.12427215207494469,0.1261972777728731,0.08901966745192912,0.0,0.0,0.0,0.0005884712110064512,0.7841945835641912,0.0,0.0,0.0,0.0,0.0,0.0,0.0,0.0,0.0,0.0,0.0,0.0,0.0,0.0,0,0.0,0.0,0.0,0,0,0.0,0,20,20,236,0.12427215278148651,0.013375014066696167,0.5284312814474106,-0.05800945311784744,0.5766344666481018,0.17536470293998718,0.0,0.0,0.0,0.0,0.0,0.0,0.0,0.0,0.0,0.0,0.0,0.08745784319181191,0.3107375825670795,0.0,0.0,1.6000000000000003,,,0.0,1.0,1.0,1.0,0.0,0.0,,0,0.2625,0.7375,0.7375,0.0,0.0,1.0,0.0,0.0,1.0,0.0,0.0,0.0,0.0,0.0,4.415285566210514e-05,0.0,0.030428060423582794,0.4789471387863159,0.27021985650062563,20.71272678375244,0.0,-0.0,0.7375,236,320,0.05899199843406677,1.173568606376648,2.4057075500488283,1.7230690479278565,2.3443155765533445,1.2653384447097777,0.28778690099716187,0,1.0,1.0,0.5315789473684209,10.099999999999998,48167328.552739784,1.0,0.0,0.006988435218475211,0.005730967673555509,0.012719402892030721,0.0,0.0,0.0,0.0,0.0,0.0,0.0,0.0,0.0,0.0,0.0,0.0,0.0,0.0,0.0,0.0,0.0,0.0,0.0,0.0,-0.019425231859582934,0.0,0.48762109820963817,0.0,0.0,False,0.0,0.0,0.0
585,16,1.2282650470733643,42,True,False,all_finished,0.0,1.6000000000000003,1.6000000000000003,1.08,20,True,54.99258786482718,1.375163872489007,308209583.85113966,-0.029519765637010115,0.0,0.0,0.0,0.00011575590997246404,0.18564423039646644,-0.04337633266481107,0.14238365364162775,0.12833510827074185,0.060240452164841155,0.0,0.0,0.0,0.0005807833887841929,0.8108436561756328,0.0,0.0,0.0,0.0,0.0,0.0,0.0,0.0,0.0,0.0,0.0,0.0,0.0,0.0,0,0.0,0.0,0.0,0,0,0.0,0,20,20,216,0.1423836648464203,-0.035515159368515015,0.6381120979785919,-0.0566464327275753,1.1424273252487183,0.19932830333709717,0.0,0.0,0.0,0.0,0.0,0.0,0.0,0.0,0.0,0.0,0.0,0.0689267811881348,0.2478407317479738,0.0,0.0,1.6000000000000003,,,0.0,0.95,0.95,1.0,0.05,0.0,,0,0.325,0.675,0.675,0.0,0.0,1.0,0.0,0.0,1.0,0.0,0.0,0.0,0.0,0.0,0.00028259165410418066,0.0,0.013588649220764637,0.4473046839237213,0.23756004571914674,16.67346611022949,0.0,-0.0,0.675,216,320,0.0008166852057911456,1.343433141708374,2.847800588607788,2.135296678543091,2.864862012863159,1.3570433139801026,0.2401452660560608,0,1.0,1.0,0.4950657894736843,9.406250000000002,41609647.67159077,1.0,0.0,0.008236302612000389,0.00568139181460731,0.013917694426607702,0.0,0.0,0.0,0.0,0.0,0.0,0.0,0.0,0.0,0.0,0.0,0.0,0.0,0.0,0.0,0.0,0.0,0.0,0.0,0.0,-0.013856567027800974,0.0,0.5151021497324109,0.0,0.0,False,0.0,0.0,0.0
586,16,1.3722097873687744,42,True,False,all_finished,0.0,1.6000000000000003,1.6000000000000003,1.235,20,True,51.054180238215835,1.4248137296865284,343472143.05146104,-0.028676110217012423,0.0,0.0,0.0,0.0001255222136381458,0.11241837222158022,-0.041053682393630574,0.07149021204158774,0.183020300293687,0.07899770783163947,0.0,0.0,0.0,0.000927654649939536,0.737054337224734,0.0,0.0,0.0,0.0,0.0,0.0,0.0,0.0,0.0,0.0,0.0,0.0,0.0,0.0,0,0.0,0.0,0.0,0,0,0.0,0,20,20,247,0.07149021327495575,-0.04135523922741413,0.43557707220315933,-0.0516454353928566,0.624019980430603,0.12203002721071243,0.0,0.0,0.0,0.0,0.0,0.0,0.0,0.0,0.0,0.0,0.0,0.06752144838082166,0.22154860014659403,0.0,0.0,1.6000000000000003,,,0.0,0.8,0.8,1.0,0.2,0.0,,0,0.228125,0.771875,0.771875,0.0,0.0,1.0,0.0,0.0,1.0,0.0,0.0,0.0,0.0,0.0,-0.0003624621400376782,0.0,0.0038142745848745107,0.4346214234828949,0.22144183814525603,10.661756038665771,0.0,-0.0,0.771875,247,320,-0.6736226081848145,1.1206730604171753,1.7674676895141601,1.9121150970458984,2.2214771270751954,1.471221399307251,0.3118216931819916,0,1.0,1.0,0.5838815789473686,11.093749999999996,39139525.1601626,1.0,0.0,0.008691704664436707,0.005712785579223672,0.014404490243660379,0.0,0.0,0.0,0.0,0.0,0.0,0.0,0.0,0.0,0.0,0.0,0.0,0.0,0.0,0.0,0.0,0.0,0.0,0.0,0.0,-0.01237757217661815,0.0,0.47670040383236484,0.0,0.0,False,0.0,0.0,0.0
587,16,1.3689584732055664,42,True,False,all_finished,0.0,1.6000000000000003,1.600738830566407,1.1736842105263159,20,True,50.81198583507016,1.461086315613208,350047541.0679464,-0.027760907897163862,0.0,-0.0003866990209613932,0.0,0.00012558778671162678,0.16084623498976836,-0.044731038644646996,0.11624078413183284,0.13114828922740057,0.07834357249803493,0.0,0.001826846414132537,0.0,0.0007068950131983707,0.7879743968472336,0.0,0.0,0.0,0.0,0.0,0.5,0.5,0.25,0.25,0.5,0.5,1.0,1.0,0.1237436830997467,1,0.0,0.0,0.0,1,0,0.0,0,20,20,239,0.11624078452587128,0.012514721602201462,0.5261242464184761,-0.060596052557229996,0.6953586935997009,0.16849449276924133,0.0,0.0,0.0,0.0,0.0,0.0,0.0,0.0,0.0,0.0,0.0,0.08040538798291344,0.2937460224539556,0.0,0.0,1.600738830566407,,,0.0007388305664066674,0.85,0.85,0.9916317991631799,0.15,0.0,,0,0.259375,0.740625,0.740625,0.0,0.0,0.9957805907172996,0.0,0.004219409282700422,0.9957805907172996,0.0,0.004219409282700422,0.798251211643219,0.798251211643219,0.0,0.004580219741910696,0.005331862438470125,0.0024971948936581613,0.5397540926933289,0.27269079089164733,7.89208574295044,0.0,-0.0,0.740625,237,320,0.060070931911468506,1.4338738918304443,2.3016912937164307,1.9856335163116454,2.189989948272705,1.3726253271102906,0.2751698762178421,0,1.0,1.0,0.5960526315789474,11.325000000000001,49862711.013888,1.0,0.0,0.008158272606945181,0.0059758555150923875,0.01413412812203757,0.0,0.0,0.0,0.0,0.0,0.0,0.0,0.0,0.0,0.0,0.0,0.0,0.0,0.0,0.0,0.0,0.0,0.0,0.0,0.0,-0.01658343172652177,0.0,0.4847829177393578,0.0,0.0,False,0.0,0.0,0.0
588,16,1.4470624923706055,42,True,False,all_finished,0.0,1.6000000000000003,1.6005528938770301,1.2736842105263162,20,True,52.2563757156467,1.5200545217557486,356913976.58015853,-0.026875248899245623,0.0,0.0,0.0,0.00011710283444235625,0.1358653731943898,-0.04253813852116125,0.09344433750767088,0.14808499425826138,0.08630390469776354,0.0,0.0,0.0,0.0007417353614306533,0.7648693656825445,0.0,0.0,0.0,0.0,0.0,0.0,0.0,0.0,0.0,0.0,0.0,0.0,0.0,0.0,0,0.0,0.0,0.0,0,0,0.0,0,20,20,256,0.0934443324804306,-0.04154018312692642,0.5768017917871475,-0.05152827128767967,0.7419688701629639,0.1449800282716751,0.0,0.0,0.0,0.0,0.0,0.0,0.0,0.0,0.0,0.0,0.0,0.08064410368792396,0.26464340023728977,0.0,0.0,1.6005528938770301,,,0.0005528938770298364,0.7,0.7,0.99609375,0.3,0.0,,0,0.203125,0.796875,0.796875,0.0,0.0,1.0,0.0,0.0,1.0,0.0,0.0,0.0,0.0,0.0,0.0004014880978502333,0.0,0.011741055327001959,0.4731996238231659,0.24865640103816986,6.602066898345948,0.0,-0.0,0.796875,255,320,-0.32346320152282715,1.512152075767517,1.9002148151397704,2.2263779640197754,2.140722417831421,1.467000913619995,0.20130325853824615,0,1.0,1.0,0.630921052631579,11.987499999999999,41003094.33815084,1.0,0.0,0.008290971929188594,0.005264693575707811,0.013555665504896407,0.0,0.0,0.0,0.0,0.0,0.0,0.0,0.0,0.0,0.0,0.0,0.0,0.0,0.0,0.0,0.0,0.0,0.0,0.0,0.0,-0.015662889621915706,0.0,0.49137399031315,0.0,0.0,False,0.0,0.0,0.0
589,16,1.2986457347869873,42,True,False,all_finished,0.0,1.6000000000000003,1.6000000000000003,1.1150000000000002,20,True,52.835402884578045,1.4510152961853415,336624638.99267644,-0.02819960587510173,0.0,0.0,0.0,0.00011308937598489743,0.19870541341581222,-0.046652476183411576,0.1521660266083855,0.11487238393028713,0.07516861093947148,0.0,0.0,0.0,0.0005234179796721939,0.8094355871505692,0.0,0.0,0.0,0.0,0.0,0.0,0.0,0.0,0.0,0.0,0.0,0.0,0.0,0.0,0,0.0,0.0,0.0,0,0,0.0,0,20,20,223,0.15216603875160217,-0.030790533870458603,0.8094654977321625,-0.06468802690505981,0.9686198234558105,0.20720601081848145,0.0,0.0,0.0,0.0,0.0,0.0,0.0,0.0,0.0,0.0,0.0,0.08704535462952671,0.2844956036027393,0.0,0.0,1.6000000000000003,,,0.0,1.0,1.0,1.0,0.0,0.0,,0,0.303125,0.696875,0.696875,0.0,0.0,1.0,0.0,0.0,1.0,0.0,0.0,0.0,0.0,0.0,0.00027773720285040326,0.0,0.01831599622964859,0.3883929312229156,0.21282982528209687,15.988242387771606,0.0,-0.0,0.696875,223,320,-0.01753954216837883,1.325711727142334,3.018954944610596,2.176903486251831,2.8325043678283692,1.563182520866394,0.33529040217399597,0,1.0,1.0,0.5805921052631579,11.031249999999998,46373963.28440007,1.0,0.0,0.007170071052185943,0.005831014423030919,0.013001085475216861,0.0,0.0,0.0,0.0,0.0,0.0,0.0,0.0,0.0,0.0,0.0,0.0,0.0,0.0,0.0,0.0,0.0,0.0,0.0,0.0,-0.018452870308309773,0.0,0.47033345033414664,0.0,0.0,False,0.0,0.0,0.0
590,16,1.3618054389953613,42,True,False,all_finished,0.0,1.6000000000000003,1.6000000000000003,1.3000000000000003,20,True,51.64838271761871,1.5296820583561699,364010087.39278346,-0.026603031278172297,0.0,0.0,0.0,0.0001212076623327851,0.11863166160598777,-0.04217811709947322,0.07657475216884736,0.1650656894127833,0.09663982468290114,0.0,0.0,0.0,0.0008646429819966586,0.737429842922319,0.0,0.0,0.0,0.0,0.0,0.0,0.0,0.0,0.0,0.0,0.0,0.0,0.0,0.0,0,0.0,0.0,0.0,0,0,0.0,0,20,20,260,0.07657475024461746,-0.018921672366559505,0.4343850389122963,-0.052223190665245056,0.47597450017929077,0.12199735641479492,0.0,0.0,0.0,0.0,0.0,0.0,0.0,0.0,0.0,0.0,0.0,0.08089089871731481,0.250595526241327,0.0,0.0,1.6000000000000003,,,0.0,0.9,0.9,1.0,0.1,0.0,,0,0.1875,0.8125,0.8125,0.0,0.0,1.0,0.0,0.0,1.0,0.0,0.0,0.0,0.0,0.0,0.00033856821537483486,0.0,-0.002079177787527442,0.45412039160728457,0.22529860138893126,27.24272003173828,0.0,-0.0,0.8125,260,320,-0.31457966566085815,1.0278258323669434,1.7369272708892822,1.5957165002822875,1.98470618724823,1.4762163400650024,0.3760778188705444,0,1.0,1.0,0.5144736842105264,9.775,40206305.32348941,1.0,0.0,0.008303118930511078,0.005511304353248687,0.013814423283759763,0.0,0.0,0.0,0.0,0.0,0.0,0.0,0.0,0.0,0.0,0.0,0.0,0.0,0.0,0.0,0.0,0.0,0.0,0.0,0.0,-0.015575085821300943,0.0,0.47189283831830836,0.0,0.0,False,0.0,0.0,0.0
591,16,1.2756826877593994,42,True,False,all_finished,0.0,1.6000000000000003,1.6000000000000003,1.22,20,True,50.198559571565205,1.5579214537142512,378026102.3890193,-0.026054059273330255,0.0,0.0,0.0,0.00012249798670335772,0.18436804737777976,-0.0436935398484302,0.14079700551605298,0.11392798864261036,0.07713310703482784,0.0,0.0,0.0,0.000614996789210067,0.8083239075333517,0.0,0.0,0.0,0.0,0.0,0.0,0.0,0.0,0.0,0.0,0.0,0.0,0.0,0.0,0,0.0,0.0,0.0,0,0,0.0,0,20,20,244,0.14079700410366058,-0.03534767962992191,0.6145030409097672,-0.05733576789498329,0.750561535358429,0.19519823789596558,0.0,0.0,0.0,0.0,0.0,0.0,0.0,0.0,0.0,0.0,0.0,0.08804928240784018,0.271089070682428,0.0,0.0,1.6000000000000003,,,0.0,0.9,0.9,1.0,0.1,0.0,,0,0.2375,0.7625,0.7625,0.0,0.0,1.0,0.0,0.0,1.0,0.0,0.0,0.0,0.0,0.0,-0.0002515790562028997,0.0,0.0025025228038430213,0.6166654229164124,0.311155241727829,35.40172786712647,0.0,-0.0,0.7625,244,320,0.16061192750930786,1.3922538757324219,2.6480584144592285,1.8605559587478637,2.416861343383789,1.608353614807129,0.37630117535591123,0,1.0,1.0,0.46348684210526303,8.80625,42732671.52827342,1.0,0.0,0.008414161639785237,0.005775929103658583,0.014190090743443823,0.0,0.0,0.0,0.0,0.0,0.0,0.0,0.0,0.0,0.0,0.0,0.0,0.0,0.0,0.0,0.0,0.0,0.0,0.0,0.0,-0.017639480575099935,0.0,0.5082455575466156,0.0,0.0,False,0.0,0.0,0.0
592,16,1.3106513023376465,42,True,False,all_finished,0.0,1.6000000000000003,1.6001965773105624,1.2105263157894741,20,True,50.45903466862902,1.5374781328611666,370571402.7568892,-0.02646936950223099,0.0,0.0,0.0,0.00011752871405469633,0.17800410430818941,-0.04229740372050424,0.13582422930173982,0.11953558485153508,0.07147935001519157,0.0,0.0,0.0,0.0005933553409640713,0.8083917097923092,0.0,0.0,0.0,0.0,0.0,0.0,0.0,0.0,0.0,0.0,0.0,0.0,0.0,0.0,0,0.0,0.0,0.0,0,0,0.0,0,20,20,245,0.13582423329353333,-0.03336360864341259,0.5489551275968552,-0.05233119800686836,0.900557279586792,0.1856507658958435,0.0,0.0,0.0,0.0,0.0,0.0,0.0,0.0,0.0,0.0,0.0,0.07946907853710569,0.2723898461572658,0.0,0.0,1.6001965773105624,,,0.00019657731056210714,0.9,0.9,0.9959183673469387,0.1,0.0,,0,0.2375,0.7625,0.7625,0.0,0.0,1.0,0.0,0.0,1.0,0.0,0.0,0.0,0.0,0.0,-0.00021401507692644372,0.0,0.01772572733461857,0.5647741556167603,0.30043221116065977,10.015579986572266,0.0,-0.0,0.7625,244,320,-0.06584591418504715,1.7238138914108276,2.512985897064209,2.248529624938965,2.482687997817993,1.7078596830368042,0.30012725591659545,0,1.0,1.0,0.5105263157894735,9.7,45427621.17957638,1.0,0.0,0.008253151361517505,0.0058536153829801,0.01410676674449761,0.0,0.0,0.0,0.0,0.0,0.0,0.0,0.0,0.0,0.0,0.0,0.0,0.0,0.0,0.0,0.0,0.0,0.0,0.0,0.0,-0.015828034218273276,0.0,0.4616298727574758,0.0,0.0,False,0.0,0.0,0.0
593,16,1.3040201663970947,42,True,False,all_finished,0.0,1.6000000000000003,1.6001369488239294,1.1263157894736842,20,True,51.59268961982381,1.4183107131855097,336462535.37449276,-0.028640215534456743,0.0,0.0,0.0,0.00011991963887080516,0.16644566487614454,-0.037957703373905305,0.12860788114111027,0.13956496838130425,0.04540450801221535,0.0,0.0,0.0,0.0006476452288845453,0.8143828783775959,0.0,0.0,0.0,0.0,0.0,0.0,0.0,0.0,0.0,0.0,0.0,0.0,0.0,0.0,0,0.0,0.0,0.0,0,0,0.0,0,20,20,229,0.1286078691482544,-0.009584150277078152,0.7477979511022568,-0.050664108246564865,1.051342248916626,0.17033906280994415,0.0,0.0,0.0,0.0,0.0,0.0,0.0,0.0,0.0,0.0,0.0,0.05298966517962932,0.20095926200072592,0.0,0.0,1.6001369488239294,,,0.00013694882392911722,0.95,0.95,0.9956331877729258,0.05,0.0,,0,0.2875,0.7125,0.7125,0.0,0.0,1.0,0.0,0.0,1.0,0.0,0.0,0.6134516000747681,0.6134516000747681,0.0,0.00015246429302351316,0.0,-0.00524369478225708,0.35957654714584353,0.17486443519592285,32.16371488571167,0.0,-0.0,0.7125,228,320,-0.3031068444252014,1.3361022472381592,2.606328773498535,2.2327070236206055,2.7613144397735594,1.8270658254623413,0.3394950985908508,0,1.0,1.0,0.5684210526315789,10.800000000000002,51063035.50622785,1.0,0.0,0.0097835300603482,0.005886259904999443,0.015669789965347646,0.0,0.0,0.0,0.0,0.0,0.0,0.0,0.0,0.0,0.0,0.0,0.0,0.0,0.0,0.0,0.0,0.0,0.0,0.0,0.0,-0.009317487839448493,0.0,0.46815806353406514,0.0,0.0,False,0.0,0.0,0.0
594,15,1.2550818920135498,42,True,False,all_finished,0.0,1.5000000000000002,1.5002030432224274,1.1842105263157894,20,True,50.64077746934289,1.5103981265850235,362885355.95058405,-0.027033751215952702,0.0,0.0,0.0,0.00012653848814199431,0.186317600532196,-0.03694534175424787,0.14949879726608994,0.12099722630846602,0.04436213656990584,0.0,0.0,0.0,0.0006254222222309353,0.8340152148993971,0.0,0.0,0.0,0.0,0.0,0.0,0.0,0.0,0.0,0.0,0.0,0.0,0.0,0.0,0,0.0,0.0,0.0,0,0,0.0,0,20,20,241,0.14949879050254822,0.04864681512117386,0.74704572558403,-0.044612765312194824,0.8138277530670166,0.18597154319286346,0.0,0.0,0.0,0.0,0.0,0.0,0.0,0.0,0.0,0.0,0.0,0.057723521493464,0.17823911636145418,0.0,0.0,1.5002030432224274,,,0.00020304322242714612,0.9,0.9,0.995850622406639,0.1,0.0,,0,0.2,0.8,0.8,0.0,0.0,1.0,0.0,0.0,1.0,0.0,0.0,0.0,0.0,0.0,-0.00019152535096509383,0.0,0.007742583192884922,0.4752725064754486,0.24569928050041198,13.741654396057129,0.0,-0.0,0.8,240,300,-0.14386509358882904,1.526180624961853,2.476495885848999,2.21297025680542,2.5626793384552,1.7622811555862428,0.3099237382411957,0,1.0,1.0,0.5133333333333333,9.753333333333332,44572430.03106468,1.0,0.0,0.012002716391524672,0.005954343235862517,0.01795705962738719,0.0,0.0,0.0,0.0,0.0,0.0,0.0,0.0,0.0,0.0,0.0,0.0,0.0,0.0,0.0,0.0,0.0,0.0,0.0,0.0,-0.009911590538295175,0.0,0.47997406403223675,0.0,0.0,False,0.0,0.0,0.0
595,16,1.2727608680725098,42,True,False,all_finished,0.0,1.6000000000000003,1.6000000000000003,1.1150000000000002,20,True,51.34760636745815,1.4548155738167377,346883076.0531455,-0.02789325953899029,0.0,0.0,0.0,0.00011591685210999661,0.209189251791473,-0.044163898749497985,0.165141269894085,0.10993655737225749,0.06412796821213781,0.0,0.0,0.0,0.0005033766902929709,0.8254320977253118,0.0,0.0,0.0,0.0,0.0,0.0,0.0,0.0,0.0,0.0,0.0,0.0,0.0,0.0,0,0.0,0.0,0.0,0,0,0.0,0,20,20,223,0.1651412844657898,-0.027428993955254555,1.1601934731006622,-0.057285159826278687,1.4157508611679077,0.2137308269739151,0.0,0.0,0.0,0.0,0.0,0.0,0.0,0.0,0.0,0.0,0.0,0.08029207066561465,0.27011541368541925,0.0,0.0,1.6000000000000003,,,0.0,0.9,0.9,1.0,0.1,0.0,,0,0.303125,0.696875,0.696875,0.0,0.0,1.0,0.0,0.0,1.0,0.0,0.0,0.7107956409454346,0.7107956409454346,0.0,-0.00038949103909544645,0.0,0.0011093046516180039,0.3810603380203247,0.1919591397047043,20.564599418640135,0.0,-0.0,0.696875,223,320,0.06981926411390305,1.56949782371521,3.040180206298828,2.623544788360596,2.8291182994842528,1.8880741119384765,0.21542749404907227,0,1.0,1.0,0.5582236842105265,10.606249999999998,42172715.38972295,1.0,0.0,0.007139990931077762,0.0058667808482638474,0.01300677177934161,0.0,0.0,0.0,0.0,0.0,0.0,0.0,0.0,0.0,0.0,0.0,0.0,0.0,0.0,0.0,0.0,0.0,0.0,0.0,0.0,-0.016270639210507674,0.0,0.48190166588174177,0.0,0.0,False,0.0,0.0,0.0
596,16,1.3077590465545654,42,True,False,all_finished,0.0,1.6000000000000003,1.6003296744823463,1.1368421052631577,20,True,54.78819482823578,1.4182359773729998,318711003.2727065,-0.02891074592965844,0.0,0.0,0.0,0.00011335324559281506,0.15544842788311178,-0.05134810333825113,0.1042136777904535,0.13746658859236152,0.10668652367155378,0.0,0.0,0.0,0.0006311473451489503,0.7552157403909358,0.0,0.0,0.0,0.0,0.0,0.0,0.0,0.0,0.0,0.0,0.0,0.0,0.0,0.0,0,0.0,0.0,0.0,0,0,0.0,0,20,20,232,0.10421368479728699,-0.028158193454146385,0.7046310305595398,-0.0671246200799942,0.7769244313240051,0.16296984255313873,0.0,0.0,0.0,0.0,0.0,0.0,0.0,0.0,0.0,0.0,0.0,0.09971476270878607,0.3204754217918428,0.0,0.0,1.6003296744823463,,,0.0003296744823459985,0.85,0.85,0.9913793103448276,0.15,0.0,,0,0.28125,0.71875,0.71875,0.0,0.0,1.0,0.0,0.0,1.0,0.0,0.0,0.0,0.0,0.0,0.00043105728109367193,0.0,-0.013112513907253742,0.6813424468040467,0.3278791606426239,24.950329971313476,0.0,-0.0,0.71875,230,320,-0.6387580633163452,1.5512151718139648,2.5163004398345947,1.9374067068099976,2.965733194351196,1.6629709482192994,0.47091280221939086,0,1.0,1.0,0.5710526315789474,10.85,49300608.26971541,1.0,0.0,0.006603148983616416,0.005501694574567213,0.012104843558183628,0.0,0.0,0.0,0.0,0.0,0.0,0.0,0.0,0.0,0.0,0.0,0.0,0.0,0.0,0.0,0.0,0.0,0.0,0.0,0.0,-0.02243735740859266,0.0,0.49665988150518386,0.0,0.0,False,0.0,0.0,0.0
597,15,1.1726584434509277,42,True,False,all_finished,0.0,1.5000000000000002,1.5000000000000002,1.14,20,True,52.86840836406269,1.361170418974849,315305381.9812663,-0.029973485635934386,0.0,0.0,0.0,0.00012364826702981993,0.14302112754276416,-0.04284676629640611,0.10029800951338806,0.16013207931835918,0.06877495746903631,0.0,0.0,0.0,0.0008115645998791055,0.7702813986127254,0.0,0.0,0.0,0.0,0.0,0.0,0.0,0.0,0.0,0.0,0.0,0.0,0.0,0.0,0,0.0,0.0,0.0,0,0,0.0,0,20,20,228,0.10029800981283188,-0.008084708824753761,0.6569348812103268,-0.05245044082403183,0.8284173607826233,0.14595410227775574,0.0,0.0,0.0,0.0,0.0,0.0,0.0,0.0,0.0,0.0,0.0,0.0654878740395424,0.2597764587616013,0.0,0.0,1.5000000000000002,,,0.0,0.9,0.9,1.0,0.1,0.0,,0,0.24,0.76,0.76,0.0,0.0,1.0,0.0,0.0,1.0,0.0,0.0,0.0,0.0,0.0,0.00013742119626840575,0.0,0.004140392178669572,0.7333366870880127,0.37113106846809385,11.853466796875,0.0,-0.0,0.76,228,300,-0.8354829549789429,1.5032509565353394,2.1199849128723143,1.9827704668045043,2.6852919101715087,1.5799962520599364,0.435125595331192,0,1.0,1.0,0.46456140350877184,8.826666666666666,48772184.14288641,1.0,0.0,0.006640573845155737,0.005584017900611865,0.0122245917457676,0.0,0.0,0.0,0.0,0.0,0.0,0.0,0.0,0.0,0.0,0.0,0.0,0.0,0.0,0.0,0.0,0.0,0.0,0.0,0.0,-0.012873280660471727,0.0,0.46974737929180266,0.0,0.0,False,0.0,0.0,0.0
598,16,1.3743267059326172,42,True,False,all_finished,0.0,1.6000000000000003,1.6014942204952245,1.2176470588235295,20,True,50.575884094084216,1.4290420624829703,349645651.9036106,-0.028640626041522982,0.0,-0.0003866990209613932,0.0,0.00012582056699113006,0.11131432615771764,-0.040967350372765034,0.07047279635194362,0.1835915781897435,0.07653771559189486,0.0,0.002478810464540939,0.0,0.0009814983821517305,0.7364103973716688,0.0,0.0,0.0,0.0,0.0,0.5,0.5,0.25,0.25,0.5,0.5,1.0,1.0,0.1237436830997467,1,0.0,0.0,0.0,1,0,0.0,0,20,20,251,0.07047279179096222,-0.017121836834121495,0.30341383069753647,-0.05027908459305763,0.3404993712902069,0.11486364156007767,0.0,0.0,0.0,0.0,0.0,0.0,0.0,0.0,0.0,0.0,0.0,0.0646406520012401,0.2418554847502487,0.0,0.0,1.6014942204952245,,,0.0014942204952241855,0.8,0.8,0.9840637450199203,0.2,0.0,,0,0.228125,0.771875,0.771875,0.0,0.0,0.9959514170040485,0.004048582995951417,0.0,0.9959514170040485,0.004048582995951417,0.0,0.4946698248386383,0.4946698248386383,0.0,0.0008054188569076359,0.0,-0.001880741212517023,0.5476739406585693,0.27227496206760404,45.52584381103516,0.0,-0.0,0.771875,247,320,-0.3182607889175415,1.364941120147705,1.6061598777770996,1.8990584850311278,1.8063663244247437,1.3495473384857177,0.30209665894508364,0,1.0,1.0,0.5677631578947367,10.787500000000001,47560278.51629482,1.0,0.0,0.008044569970136261,0.005651500994636292,0.013696070964772553,0.0,0.0,0.0,0.0,0.0,0.0,0.0,0.0,0.0,0.0,0.0,0.0,0.0,0.0,0.0,0.0,0.0,0.0,0.0,0.0,-0.011940025310280633,0.0,0.4727846739377128,0.0,0.0,False,0.0,0.0,0.0
599,16,1.3328654766082764,42,True,False,all_finished,0.0,1.6000000000000003,1.6000000000000003,1.19,20,True,51.581816882470854,1.5487437170483807,366690662.45286894,-0.026249318654933268,0.0,0.0,0.0,0.00011538461611117432,0.19693515466863637,-0.03892690265449141,0.15812363663025603,0.11039019816875689,0.05331494612905927,0.0,0.0,0.0,0.0005304633061691443,0.8357643923960147,0.0,0.0,0.0,0.0,0.0,0.0,0.0,0.0,0.0,0.0,0.0,0.0,0.0,0.0,0,0.0,0.0,0.0,0,0,0.0,0,20,20,238,0.15812362730503082,0.008847545832395554,0.6559715569019318,-0.05089025944471359,0.8984279632568359,0.20291976630687714,0.0,0.0,0.0,0.0,0.0,0.0,0.0,0.0,0.0,0.0,0.0,0.06833572345019714,0.2221219513588577,0.0,0.0,1.6000000000000003,,,0.0,0.95,0.95,1.0,0.05,0.0,,0,0.25625,0.74375,0.74375,0.0,0.0,1.0,0.0,0.0,1.0,0.0,0.0,0.0,0.0,0.0,-0.0004171805048827082,0.0,-0.012639680458232761,0.6049450159072876,0.29015215039253234,43.04175033569336,0.0,-0.0,0.74375,238,320,0.4379535913467407,1.3105058670043945,2.925363636016846,1.8486657619476319,2.4282755851745605,1.4316543817520142,0.3368001341819763,0,1.0,1.0,0.5842105263157896,11.099999999999996,48679585.2241344,1.0,0.0,0.0078233777286054,0.005669117310497982,0.01349249503910338,0.0,0.0,0.0,0.0,0.0,0.0,0.0,0.0,0.0,0.0,0.0,0.0,0.0,0.0,0.0,0.0,0.0,0.0,0.0,0.0,-0.012677583999558076,0.0,0.4930966516258195,0.0,0.0,False,0.0,0.0,0.0
600,16,1.1857061386108398,42,True,False,all_finished,0.0,1.6000000000000003,1.6000000000000003,1.0749999999999997,20,True,53.584695876803245,1.414967327312811,323243677.7541976,-0.02882150967818169,0.0,0.0,0.0,0.00011282600905183585,0.20500178700099608,-0.039212737113996185,0.16590187589605182,0.11732326020883531,0.04229940395052101,0.0,0.0,0.0,0.0005294255568551347,0.8398479102837886,0.0,0.0,0.0,0.0,0.0,0.0,0.0,0.0,0.0,0.0,0.0,0.0,0.0,0.0,0,0.0,0.0,0.0,0,0,0.0,0,20,20,215,0.16590188443660736,-0.025429673492908478,0.8174855709075928,-0.05204201117157936,0.8195024132728577,0.21295395493507385,0.0,0.0,0.0,0.0,0.0,0.0,0.0,0.0,0.0,0.0,0.0,0.05210355078988632,0.26772971679346436,0.0,0.0,1.6000000000000003,,,0.0,0.95,0.95,1.0,0.05,0.0,,0,0.328125,0.671875,0.671875,0.0,0.0,1.0,0.0,0.0,1.0,0.0,0.0,0.0,0.0,0.0,0.00015073474060045555,0.0,0.0019720732816495,0.5940691351890564,0.2993289649486542,20.615764236450197,0.0,-0.0,0.671875,215,320,0.006119559518992901,1.6656129360198975,3.3079206466674806,2.197222852706909,3.283776569366455,1.4846155166625976,0.24697531759738922,0,1.0,1.0,0.4690789473684212,8.912500000000001,43185179.07835567,1.0,0.0,0.010035706010967583,0.006123771139850696,0.016159477150818276,0.0,0.0,0.0,0.0,0.0,0.0,0.0,0.0,0.0,0.0,0.0,0.0,0.0,0.0,0.0,0.0,0.0,0.0,0.0,0.0,-0.010391227435814544,0.0,0.4989533605403267,0.0,0.0,False,0.0,0.0,0.0
