episode,policy,total_reward,avg_step_reward,loss,veh_success_rate,vehicle_success_rate,task_success_rate,subtask_success_rate,v2v_subtask_success_rate,decision_frac_local,decision_frac_rsu,decision_frac_v2v,avg_power,avg_queue_len,avg_veh_queue,avg_rsu_queue,ma_fairness,ma_reward_gap,ma_collaboration,v2v_gain_mean,v2v_gain_pos_rate,v2v_gain_pos_mean,best_mode_local_rate,best_mode_rsu_rate,best_mode_v2v_rate,mode_match_rate,oracle_match_rate,oracle_match_eps_abs_rate,oracle_match_eps_rel_rate,action_regret_mean,action_regret_p95,oracle_rsu_chosen_v2v_rate,oracle_v2v_chosen_rsu_rate,oracle_v2v_chosen_v2v_rate,max_agent_reward,min_agent_reward,avg_assigned_cpu_ghz,episode_vehicle_count,episode_task_count,duration
1,,-0.036314874703798135,-0.0010375678486799467,1.3518945693969726,0.1,0.1,0.1,0.46766169154228854,0.7419354838709677,0.26956521739130435,0.4608695652173913,0.26956521739130435,0.5044699616198028,0.12571428571428572,0.12571428571428572,0.7714285714285715,0.1646617792042624,0.3011700365017095,35.483870967741936,-0.18736266777391408,0.3548387096774194,0.2150375720788765,0.21739130434782608,0.5478260869565217,0.23478260869565218,0.4,0.4,nan,nan,0.2210885670190851,0.8943913899572551,0.2857142857142857,0.3333333333333333,0.3333333333333333,0.1969358005673072,-0.10423423593440227,2.3805210243283383,20,20,28.936434507369995
2,,0.11789782946646807,0.004715913178658723,0.6873499989509583,0.75,0.75,0.75,0.8615384615384616,0.9347826086956522,0.16393442622950818,0.4180327868852459,0.4180327868852459,0.5101353441290557,0.044,0.044,0.44,0.5301589552224064,0.29243805424193975,43.13725490196079,-0.030173139254906743,0.43137254901960786,0.018620990116300626,0.2540983606557377,0.45901639344262296,0.28688524590163933,0.39344262295081966,0.39344262295081966,nan,nan,0.06444302621899689,0.2399912165171584,0.3392857142857143,0.4,0.5428571428571428,0.20439476973540488,-0.08804328450653488,2.258986492087253,20,20,6.879091262817383
3,,-0.01260917297812378,-0.0002472386858455643,0.641887350877126,0.15,0.15,0.15,0.5217391304347826,0.8153846153846154,0.2564102564102564,0.30128205128205127,0.4423076923076923,0.5101482073849469,0.25392156862745097,0.25392156862745097,0.39215686274509803,0.022855056863341317,0.26833373306597463,42.028985507246375,-0.118997546443389,0.42028985507246375,0.17752629994297242,0.16666666666666666,0.6858974358974359,0.14743589743589744,0.358974358974359,0.358974358974359,nan,nan,0.20214806437349092,0.6744619763462323,0.4205607476635514,0.21739130434782608,0.5652173913043478,0.18383069392776188,-0.08450303913821276,2.3995233776608194,20,20,24.04542589187622
4,,0.06000407512314564,0.001176550492610699,0.5096531629562377,0.45,0.45,0.45,0.7952755905511811,0.9041095890410958,0.3080357142857143,0.3169642857142857,0.375,0.4968071028024104,0.36470588235294116,0.36470588235294116,0.7254901960784313,0.18537692304482073,0.3083846774937782,51.19047619047619,-0.02051464566018542,0.5119047619047619,0.15912236794731574,0.08482142857142858,0.875,0.04017857142857143,0.32589285714285715,0.32589285714285715,nan,nan,0.15226099272539578,0.5339856205453142,0.37244897959183676,0.2222222222222222,0.3333333333333333,0.2144151306715436,-0.09396954682223457,2.0940812790157457,20,20,22.599992036819458
5,,-0.00953282860649398,-0.0002723665316141137,0.3374339461326599,0.2,0.2,0.2,0.5544041450777202,0.7142857142857143,0.4263565891472868,0.23255813953488372,0.34108527131782945,0.4974833622075883,0.24428571428571427,0.24428571428571427,0.45714285714285713,0.00889936266722818,0.3211686230270878,34.090909090909086,-0.1772498738969151,0.3409090909090909,0.08707280852623638,0.15503875968992248,0.7131782945736435,0.13178294573643412,0.3023255813953488,0.3023255813953488,nan,nan,0.17065259142209482,0.4486098953685913,0.30434782608695654,0.17647058823529413,0.4117647058823529,0.20313940381004408,-0.11802921921704376,1.877972195592196,20,20,17.163583040237427
6,,0.08415434823131128,0.0031168277122707883,0.4382913917303085,0.65,0.65,0.65,0.8666666666666667,0.8936170212765957,0.4251968503937008,0.1889763779527559,0.3858267716535433,0.4971482929877109,0.05740740740740741,0.05740740740740741,0.0,0.298994939076751,0.3395134774655061,26.53061224489796,-0.06622120823660387,0.2653061224489796,0.01221454097041769,0.2204724409448819,0.4330708661417323,0.3464566929133858,0.25984251968503935,0.25984251968503935,nan,nan,0.050425376271777275,0.08984343506155275,0.45454545454545453,0.25,0.2727272727272727,0.24236750088305736,-0.09714597658244875,1.9068974910174576,20,20,5.798699617385864
7,,0.10581147024088078,0.0036486713876165786,0.26450069546699523,0.7,0.7,0.7,0.8333333333333334,0.8387096774193549,0.5847457627118644,0.1440677966101695,0.2711864406779661,0.5022215768582476,0.041379310344827586,0.041379310344827586,0.0,0.4044385769586154,0.2937466398309684,43.75,-0.012839572215148521,0.4375,0.017745919766150732,0.2288135593220339,0.3728813559322034,0.3983050847457627,0.2796610169491525,0.2796610169491525,nan,nan,0.03346753500137856,0.09622383055791316,0.20454545454545456,0.1702127659574468,0.3191489361702128,0.19833890080610506,-0.09540773902486331,2.000573115085233,20,20,5.955121994018555
8,,0.11735108474029446,0.0033528881354369846,0.3165988564491272,0.7,0.7,0.7,0.8882978723404256,0.9090909090909091,0.6235955056179775,0.16292134831460675,0.21348314606741572,0.5066864783582943,0.3842857142857143,0.3842857142857143,0.11428571428571428,0.5473955630082982,0.31564985476564755,47.368421052631575,-0.048743420446356316,0.47368421052631576,0.11942740508888283,0.10112359550561797,0.5224719101123596,0.37640449438202245,0.25280898876404495,0.25280898876404495,nan,nan,0.13470322141335248,0.4097870075384869,0.1827956989247312,0.16417910447761194,0.26865671641791045,0.2468840052092619,-0.06876584955638562,2.1271687885624595,20,20,10.622186660766602
9,,0.1713141128500745,0.004894688938573557,0.32285108268260954,0.9,0.9,0.9,0.9742268041237113,0.9655172413793104,0.6649214659685864,0.18324607329842932,0.1518324607329843,0.49708320363291675,0.3242857142857143,0.3242857142857143,0.3142857142857143,0.8801287412852576,0.2817323891989441,24.137931034482758,-0.07786291590031491,0.2413793103448276,0.09729118792527935,0.14136125654450263,0.47643979057591623,0.38219895287958117,0.2617801047120419,0.2617801047120419,nan,nan,0.0961816912612092,0.35560034025339393,0.0989010989010989,0.1917808219178082,0.1917808219178082,0.22099105418651105,-0.06074133501243306,2.0913220748769485,20,20,8.151034355163574
10,,0.06984342013743411,0.002182606879294816,0.3137782081961632,0.5,0.5,0.5,0.8181818181818182,0.896551724137931,0.5662650602409639,0.24096385542168675,0.1927710843373494,0.5068308229034301,0.3875,0.3875,0.71875,0.24382959925733408,0.30745345542723235,28.125,-0.10900196641361051,0.28125,0.10883718256067892,0.10240963855421686,0.8253012048192772,0.07228915662650602,0.24096385542168675,0.24096385542168675,nan,nan,0.140324563136883,0.4474692831034089,0.19708029197080293,0.5,0.16666666666666666,0.20604741215822295,-0.1014060432690094,1.9800695363480645,20,20,10.709092378616333
11,,0.13544184091312206,0.0028817412960238735,0.17657520075639088,0.7,0.7,0.7,0.9250936329588015,0.8823529411764706,0.671875,0.1875,0.140625,0.502901375888193,0.498936170212766,0.498936170212766,0.48936170212765956,0.642138543936304,0.28691647780176344,38.88888888888889,-0.20580762113409945,0.3888888888888889,0.06662564558865657,0.09375,0.8359375,0.0703125,0.25390625,0.25390625,nan,nan,0.1619192215124165,0.46803832254318156,0.13551401869158877,0.1111111111111111,0.2777777777777778,0.22830098707306024,-0.05861549072870317,1.7967682423624178,20,20,16.72830104827881
12,,0.14150670711875177,0.0029480563983073286,0.1814804012576739,0.75,0.75,0.75,0.8796992481203008,0.9629629629629629,0.7136929460580913,0.16597510373443983,0.12033195020746888,0.5125582558413346,0.49270833333333336,0.49270833333333336,0.2916666666666667,0.7000470561992628,0.28547409333122736,31.03448275862069,-0.22017160735943353,0.3103448275862069,0.07433326564428934,0.07883817427385892,0.8672199170124482,0.05394190871369295,0.2157676348547718,0.2157676348547718,nan,nan,0.1654665393524126,0.42877391350917154,0.11961722488038277,0.23076923076923078,0.15384615384615385,0.21658723314534362,-0.06888686018588375,2.0086116803969447,20,20,17.363932609558105
13,,0.12108553582772585,0.0035613392890507605,0.23091453835368156,0.7,0.7,0.7,0.8969072164948454,0.9375,0.7182320441988951,0.1878453038674033,0.09392265193370165,0.5103449570508126,0.4073529411764706,0.4073529411764706,0.4117647058823529,0.5211047452874825,0.2902371626444374,47.05882352941176,-0.02741513538844528,0.47058823529411764,0.11145936062863612,0.09392265193370165,0.8176795580110497,0.08839779005524862,0.2430939226519337,0.2430939226519337,nan,nan,0.11617746243903301,0.3236290074162828,0.0945945945945946,0.25,0.125,0.21979353199320883,-0.07044363065122855,1.9626915800589948,20,20,15.221619844436646
14,,0.1598530688274571,0.0061481949549021956,0.12338500022888184,0.9,0.9,0.9,0.9133858267716536,0.9230769230769231,0.7355371900826446,0.14049586776859505,0.12396694214876033,0.5049812452939267,0.03461538461538462,0.03461538461538462,0.23076923076923078,0.7723393929459197,0.31476402523732727,53.333333333333336,-0.013060959375918668,0.5333333333333333,0.008768086604600586,0.23140495867768596,0.39669421487603307,0.371900826446281,0.256198347107438,0.256198347107438,nan,nan,0.027471525543432764,0.09307241788367439,0.08333333333333333,0.1111111111111111,0.13333333333333333,0.21299587091136418,-0.10176815432596312,1.8451616020164165,20,20,4.629425525665283
15,,0.17101354747054776,0.00388667153342154,0.22427594810724258,0.9,0.9,0.9,0.9921568627450981,1.0,0.8274509803921568,0.12549019607843137,0.047058823529411764,0.5087973008524965,0.4772727272727273,0.4772727272727273,0.13636363636363635,0.9076179054543686,0.22352437059669397,25.0,-0.08931471792086226,0.25,0.06216249994853684,0.13725490196078433,0.4627450980392157,0.4,0.20392156862745098,0.20392156862745098,nan,nan,0.12881245151694964,0.3439893463552478,0.07627118644067797,0.09803921568627451,0.029411764705882353,0.21011698497552364,-0.013407385621170331,2.197410698992768,20,20,14.897428274154663
16,,0.18915602249293034,0.018915602249293034,0.09524561762809754,1.0,1.0,1.0,1.0,1.0,0.7851851851851852,0.14814814814814814,0.06666666666666667,0.5116208025440574,0.04,0.04,0.3,0.9991326742184624,0.022509190552591624,66.66666666666666,0.00037939123348969684,0.6666666666666666,0.00627899543569143,0.2,0.37777777777777777,0.4222222222222222,0.26666666666666666,0.26666666666666666,nan,nan,0.01798610291655364,0.05654986351054372,0.0196078431372549,0.08771929824561403,0.10526315789473684,0.1978171776569729,0.17530798710438128,2.0372468418966934,20,20,2.466489553451538
17,,0.1710728592354907,0.00551847933017712,0.09429159611463547,0.9,0.9,0.9,0.9710144927536232,1.0,0.7832512315270936,0.13793103448275862,0.07881773399014778,0.5166111095658233,0.38387096774193546,0.38387096774193546,0.0967741935483871,0.8545736790045496,0.2952393676933003,25.0,-0.06374697757102964,0.25,0.0966793097071577,0.11822660098522167,0.5763546798029556,0.3054187192118227,0.20689655172413793,0.20689655172413793,nan,nan,0.09878774667097358,0.29821543848277615,0.07692307692307693,0.14516129032258066,0.06451612903225806,0.22060928042330602,-0.07463008726999423,2.044073268096272,20,20,8.593374490737915
18,,0.13551790648638865,0.002765671560946707,0.21906506518522897,0.7,0.7,0.7,0.9310344827586207,0.9166666666666666,0.7764227642276422,0.17479674796747968,0.04878048780487805,0.5232644581483031,0.5377551020408163,0.5377551020408163,0.2857142857142857,0.6695539007183149,0.28446954282570325,58.333333333333336,-0.07346600529442923,0.5833333333333334,0.12231022856285999,0.08536585365853659,0.8455284552845529,0.06910569105691057,0.2073170731707317,0.2073170731707317,nan,nan,0.16601264897986903,0.4755304999231933,0.052884615384615384,0.23529411764705882,0.058823529411764705,0.2211104146765059,-0.06335912814919736,1.9764372858979893,20,20,21.922531843185425
19,,0.17823129628062503,0.005941043209354168,0.14943318739533423,0.9,0.9,0.9,0.9845360824742269,1.0,0.8489583333333334,0.109375,0.041666666666666664,0.5179084363952279,0.5033333333333333,0.5033333333333333,0.16666666666666666,0.909757516247655,0.22512828290693893,25.0,-0.1183098535166908,0.25,0.0375369491437364,0.09895833333333333,0.8125,0.08854166666666667,0.18229166666666666,0.18229166666666666,nan,nan,0.12084578185452144,0.34056070793983517,0.04487179487179487,0.0,0.058823529411764705,0.2343692590957546,0.009240976188815656,1.521631331932659,20,20,8.274599552154541
20,,0.13298334674671436,0.002829432909504561,0.18397959371407827,0.7,0.7,0.7,0.93359375,0.9444444444444444,0.828,0.092,0.08,0.5082508843134533,0.5648936170212766,0.5648936170212766,0.0425531914893617,0.6340226421808632,0.2927009801074171,45.0,-0.10033459063031665,0.45,0.08972729005684399,0.096,0.692,0.212,0.176,0.176,nan,nan,0.16896923047416085,0.5152733509776296,0.08670520231213873,0.11320754716981132,0.09433962264150944,0.2187850391141057,-0.07391594099331138,2.060931871759292,20,20,15.440135955810547
21,,0.18969591007470077,0.018969591007470078,0.07798695862293244,1.0,1.0,1.0,1.0,1.0,0.8848920863309353,0.07913669064748201,0.03597122302158273,0.5122041098028421,0.04,0.04,0.4,0.9988902725762305,0.023161255354496174,40.0,-0.01046471931985366,0.4,0.06332976346040764,0.22302158273381295,0.20863309352517986,0.5683453237410072,0.2446043165467626,0.2446043165467626,nan,nan,0.02163340153385933,0.06355634472027494,0.0,0.06329113924050633,0.0379746835443038,0.20183770607066284,0.17867645071616667,1.696446478295182,20,20,3.0450282096862793
22,,0.16036526276701127,0.004716625375500332,0.10272103361785412,0.9,0.9,0.9,0.9685863874345549,0.9090909090909091,0.8449197860962567,0.0962566844919786,0.058823529411764705,0.4983082259881913,0.4308823529411765,0.4308823529411765,0.20588235294117646,0.8366154508667348,0.265829540239078,27.27272727272727,-0.08323218637515112,0.2727272727272727,0.06021161769106643,0.11764705882352941,0.5775401069518716,0.3048128342245989,0.1711229946524064,0.1711229946524064,nan,nan,0.12517073316485214,0.35703626822137813,0.05555555555555555,0.08771929824561403,0.07017543859649122,0.20807752485154313,-0.057752015387534876,1.7672279323258624,20,20,12.222821474075317
23,,0.18629850916615204,0.00642408652297076,0.1266954854130745,0.95,0.95,0.95,0.995,1.0,0.8955223880597015,0.06467661691542288,0.03980099502487562,0.505090746450527,0.5327586206896552,0.5327586206896552,0.06896551724137931,0.9562875274760864,0.2164387196448616,62.5,0.03537260522407323,0.625,0.06677835685447725,0.0945273631840796,0.5771144278606966,0.3283582089552239,0.14925373134328357,0.14925373134328357,nan,nan,0.12284266853461108,0.35686145530326885,0.02586206896551724,0.07575757575757576,0.07575757575757576,0.24063134102471653,0.024192621379854923,1.6582936497840495,20,20,8.03820276260376
24,,0.1770410033114151,0.007376708471308962,0.09020928479731083,0.95,0.95,0.95,0.9689922480620154,1.0,0.9365079365079365,0.03968253968253968,0.023809523809523808,0.4976307377025175,0.025,0.025,0.2916666666666667,0.8880403272895625,0.29789075019270045,33.33333333333333,-0.0039777294874126165,0.3333333333333333,0.0002584071140725938,0.18253968253968253,0.49206349206349204,0.3253968253968254,0.19047619047619047,0.19047619047619047,nan,nan,0.017143595768225717,0.0563299985193815,0.04838709677419355,0.04878048780487805,0.0,0.20149948879710264,-0.09639126139559781,1.6854833332642591,20,20,3.4030961990356445
25,,0.18810642388838503,0.018810642388838502,0.05711676701903343,1.0,1.0,1.0,1.0,1.0,0.8837209302325582,0.05426356589147287,0.06201550387596899,0.5066458800807595,0.125,0.125,0.7,0.9990521920220667,0.02175539410280064,37.5,-0.01510994899905429,0.375,0.006474831825783108,0.20155038759689922,0.17829457364341086,0.6201550387596899,0.24806201550387597,0.24806201550387597,nan,nan,0.02898108008998627,0.08281149410805311,0.0,0.0625,0.0875,0.19814327492954475,0.17638788082674411,1.457906379794436,20,20,2.926647901535034
26,,0.19685284670817302,0.006350091829295904,0.059919805824756624,0.95,0.95,0.95,0.9639175257731959,1.0,0.8465608465608465,0.10052910052910052,0.05291005291005291,0.4995904181513094,0.47419354838709676,0.47419354838709676,0.3870967741935484,0.8964094484651546,0.38143070652116384,30.0,-0.024373109443253146,0.3,0.250693711632274,0.09523809523809523,0.8042328042328042,0.10052910052910052,0.15873015873015872,0.15873015873015872,nan,nan,0.13864932659526732,0.3847527484885874,0.046052631578947366,0.10526315789473684,0.0,0.3102057567971271,-0.07122494972403676,1.6180176434010116,20,20,15.001124858856201
27,,0.1941235185086567,0.006066359953395522,0.08607211261987686,0.95,0.95,0.95,0.9951690821256038,1.0,0.8592233009708737,0.07281553398058252,0.06796116504854369,0.4873386538005434,0.5421875,0.5421875,0.15625,0.9403392988615005,0.2444872757867348,50.0,0.006939674136848101,0.5,0.1365050940192142,0.08737864077669903,0.8932038834951457,0.019417475728155338,0.14563106796116504,0.14563106796116504,nan,nan,0.1308435553069032,0.3871471948626489,0.059782608695652176,0.0,0.0,0.23380618693102453,-0.010681088855710258,1.5509778284563884,20,20,9.06238079071045
28,,0.20255677733533628,0.006751892577844543,0.019509374164044857,1.0,1.0,1.0,1.0,1.0,0.8585858585858586,0.08080808080808081,0.06060606060606061,0.49912858244652547,0.5616666666666666,0.5616666666666666,0.16666666666666666,0.9942007857759354,0.06594508583561132,16.666666666666664,-0.09544546057316901,0.16666666666666666,0.11363057414075121,0.08585858585858586,0.8434343434343434,0.0707070707070707,0.14646464646464646,0.14646464646464646,nan,nan,0.12886785044429983,0.3667921301686477,0.0658682634730539,0.07142857142857142,0.07142857142857142,0.23739377693693736,0.17144869110132605,1.6229736686417053,20,20,9.606753587722778
29,,0.1777781054588379,0.0037037105303924563,0.06495408515135447,0.9,0.9,0.9,0.9471698113207547,1.0,0.876984126984127,0.09126984126984126,0.031746031746031744,0.4992484009048591,0.5114583333333333,0.5114583333333333,0.1875,0.8439991790580229,0.32452300261223466,25.0,-0.16169492040399938,0.25,0.04808196817759516,0.07936507936507936,0.8849206349206349,0.03571428571428571,0.1349206349206349,0.1349206349206349,nan,nan,0.15995732429406534,0.4613530342717775,0.03139013452914798,0.2222222222222222,0.0,0.23093976399035804,-0.0935832386218766,1.740501388549721,20,20,29.98943257331848
30,,0.18824929081173733,0.017113571891976122,0.022212164662778377,1.0,1.0,1.0,1.0,1.0,0.8854961832061069,0.07633587786259542,0.03816793893129771,0.4905585296452045,0.1,0.1,0.0,0.9982631747992213,0.03363408590683972,40.0,-0.01409691922470228,0.4,0.02019115263384663,0.1984732824427481,0.5343511450381679,0.26717557251908397,0.2366412213740458,0.2366412213740458,nan,nan,0.022342706214907224,0.0820872879468929,0.05714285714285714,0.05714285714285714,0.0,0.2026489844077257,0.16901489850088597,1.6390886750841984,20,20,2.5843496322631836
31,,0.1874494405958057,0.008926163837895509,0.05048353336751461,1.0,1.0,1.0,1.0,1.0,0.8527131782945736,0.09302325581395349,0.05426356589147287,0.5007973586430862,0.0380952380952381,0.0380952380952381,0.09523809523809523,0.9954050602875402,0.06378416165382053,42.857142857142854,-0.00017060791769691098,0.42857142857142855,0.01217387238293944,0.23255813953488372,0.32558139534883723,0.4418604651162791,0.29457364341085274,0.29457364341085274,nan,nan,0.021167294829258828,0.06792422325116788,0.047619047619047616,0.12280701754385964,0.08771929824561403,0.2049387979113839,0.14115463625756336,1.8801554345573814,20,20,3.4031498432159424
32,,0.17740741021499484,0.005913580340499828,0.07439610287547112,0.95,0.95,0.95,1.0,1.0,0.8564356435643564,0.09900990099009901,0.04455445544554455,0.5030654568597674,0.3883333333333333,0.3883333333333333,0.2,0.9531664453266537,0.19743318132591306,33.33333333333333,-0.028868041898424228,0.3333333333333333,0.085943345187375,0.1782178217821782,0.43564356435643564,0.38613861386138615,0.20297029702970298,0.20297029702970298,nan,nan,0.08969982349678658,0.2718783689286192,0.011363636363636364,0.08974358974358974,0.05128205128205128,0.2066149539229925,0.009181772597079446,1.9592272516246143,20,20,7.590181350708008
33,,0.14835345207840867,0.005298337574228881,0.11798345968127251,0.85,0.85,0.85,0.9259259259259259,1.0,0.7578125,0.171875,0.0703125,0.5030585532043396,0.030357142857142857,0.030357142857142857,0.35714285714285715,0.688384841380303,0.2981643120777838,22.22222222222222,-0.004424196678990716,0.2222222222222222,0.0727474436036789,0.15625,0.5625,0.28125,0.203125,0.203125,nan,nan,0.021547947299007105,0.0831528340992335,0.05555555555555555,0.25,0.027777777777777776,0.20154738520988244,-0.09661692686790135,1.8756250314351823,20,20,7.607923746109009
34,,0.1782340476695628,0.0055698139896738375,0.028268423676490784,0.95,0.95,0.95,0.9651741293532339,1.0,0.8666666666666667,0.07692307692307693,0.05641025641025641,0.49666352483909576,0.39375,0.39375,0.0,0.8926206815552629,0.31922333866864033,0.0,-0.1621721902736972,0.0,0.0,0.12307692307692308,0.7025641025641025,0.17435897435897435,0.1641025641025641,0.1641025641025641,nan,nan,0.0995984438405159,0.29898743943421296,0.051094890510948905,0.14705882352941177,0.029411764705882353,0.23347708695344965,-0.08574625171519068,1.8869701543850637,20,20,8.92667555809021
35,,0.18485303679185214,0.0068464087700685974,0.0013653984293341636,1.0,1.0,1.0,1.0,1.0,0.93,0.04,0.03,0.49990368237442995,0.46111111111111114,0.46111111111111114,0.2962962962962963,0.9968269842457212,0.034502133033843,16.666666666666664,-0.029360506127448033,0.16666666666666666,0.03979186933029276,0.12,0.395,0.485,0.135,0.135,nan,nan,0.10470593062116926,0.29070377977925443,0.02531645569620253,0.030927835051546393,0.020618556701030927,0.2059883015511694,0.1714861685173264,1.8283178514512852,20,20,13.153061151504517
36,,0.14339002726760963,0.003186445050391325,0.20139361222585042,0.75,0.75,0.75,0.9555555555555556,1.0,0.946969696969697,0.022727272727272728,0.030303030303030304,0.5089554564779003,0.6822222222222222,0.6822222222222222,0.17777777777777778,0.7616049858100451,0.21219080379601002,50.0,-0.054271732741132284,0.5,0.08691959633817681,0.12878787878787878,0.5946969696969697,0.2765151515151515,0.15151515151515152,0.15151515151515152,nan,nan,0.1881031170560535,0.4565266983360826,0.03184713375796178,0.0136986301369863,0.0273972602739726,0.20941808323044492,-0.002772720565565115,1.7928262837745825,20,20,21.2285737991333
37,,0.18878155234397861,0.018878155234397863,0.018701118975877763,1.0,1.0,1.0,1.0,1.0,0.875,0.03125,0.09375,0.5137977431714534,0.09,0.09,0.0,0.9989975191277156,0.02113326514973768,41.66666666666667,-0.022427522433994904,0.4166666666666667,0.024464930223728025,0.21875,0.140625,0.640625,0.234375,0.234375,nan,nan,0.028339359155303594,0.08059461095035989,0.2222222222222222,0.024390243902439025,0.06097560975609756,0.20030959053482816,0.17917632538509048,1.9499676423788623,20,20,2.475929021835327
38,,0.18244797804516782,0.00506799939014355,0.058591998368501666,0.9,0.9,0.9,0.9859154929577465,1.0,0.9248826291079812,0.028169014084507043,0.046948356807511735,0.5019883543252945,0.4166666666666667,0.4166666666666667,0.0,0.9222372279573512,0.2205985714357169,30.0,-0.08968790186811039,0.3,0.16902870634983347,0.11267605633802817,0.8028169014084507,0.08450704225352113,0.11737089201877934,0.11737089201877934,nan,nan,0.1186326227596152,0.3736758131271894,0.04678362573099415,0.05555555555555555,0.05555555555555555,0.22285987873704066,0.0022613073013237617,1.6786668986697506,20,20,8.648260593414307
39,,0.1825979108323904,0.0057061847135122,0.02838325873017311,0.95,0.95,0.95,0.9951219512195122,1.0,0.9512195121951219,0.014634146341463415,0.03414634146341464,0.5085695733083412,0.4484375,0.4484375,0.0,0.9497071043300908,0.20896898593016172,42.857142857142854,-0.049493259272613346,0.42857142857142855,0.04410266906290163,0.1024390243902439,0.697560975609756,0.2,0.13170731707317074,0.13170731707317074,nan,nan,0.10291654044533956,0.321213146112417,0.02097902097902098,0.024390243902439025,0.0975609756097561,0.2168305720794214,0.007861586149259706,1.7413658620210342,20,20,9.12131381034851
40,,0.16517552646310504,0.00532824278913242,0.1434399165213108,0.85,0.85,0.85,0.9796954314720813,1.0,0.882051282051282,0.046153846153846156,0.07179487179487179,0.5085133968461906,0.49193548387096775,0.49193548387096775,0.03225806451612903,0.8502164979711183,0.22791850413573422,42.857142857142854,-0.06152012853337744,0.42857142857142855,0.08565066481627154,0.08717948717948718,0.8461538461538461,0.06666666666666667,0.1076923076923077,0.1076923076923077,nan,nan,0.11801342164854903,0.3056954483569449,0.05454545454545454,0.0,0.15384615384615385,0.21466343714280026,-0.013255066992933981,1.7596633465904046,20,20,8.046674251556396
41,,0.15124984622169202,0.003980259111097158,0.07456727847456932,0.85,0.85,0.85,0.98,0.8333333333333334,0.8994974874371859,0.04020100502512563,0.06030150753768844,0.5097582233089365,0.3736842105263158,0.3736842105263158,0.07894736842105263,0.7293838541033013,0.31420559299056927,16.666666666666664,-0.04115432893286654,0.16666666666666666,0.02607821712407682,0.1306532663316583,0.3768844221105528,0.49246231155778897,0.1457286432160804,0.1457286432160804,nan,nan,0.11973032320540462,0.3468102564705556,0.06666666666666667,0.04081632653061224,0.04081632653061224,0.23024484092985636,-0.08396075206071293,1.6986748240536658,20,20,10.508500337600708
42,,0.1817191686942889,0.005678724021696528,0.03167518600821495,0.95,0.95,0.95,0.9950248756218906,1.0,0.9104477611940298,0.05472636815920398,0.03482587064676617,0.506773309916025,0.45625,0.45625,0.0625,0.9427299268463265,0.2315599664008575,42.857142857142854,-0.04046964781595377,0.42857142857142855,0.04621904286711067,0.11442786069651742,0.48258706467661694,0.40298507462686567,0.15422885572139303,0.15422885572139303,nan,nan,0.12163865856168683,0.4094281463957247,0.030927835051546393,0.06172839506172839,0.04938271604938271,0.2281732716272384,-0.003386694773619081,1.902681913796617,20,20,8.708532094955444
43,,0.1910536204688258,0.021228180052091754,0.05335816740989685,1.0,1.0,1.0,1.0,1.0,0.92,0.048,0.032,0.510451055266377,0.08888888888888889,0.08888888888888889,0.0,0.9988266276801314,0.028207204810368647,50.0,-0.012695338233326244,0.5,0.00538072546284167,0.208,0.472,0.32,0.224,0.224,nan,nan,0.020437401938619152,0.09297934663623267,0.01694915254237288,0.025,0.05,0.20633235087059837,0.17812514606022972,1.6406533476954885,20,20,2.1008496284484863
44,,0.1791357001012562,0.005268697061801653,0.04578594900667667,0.95,0.95,0.95,0.990521327014218,1.0,0.9523809523809523,0.02857142857142857,0.01904761904761905,0.513021571008379,0.4661764705882353,0.4661764705882353,0.17647058823529413,0.9383217195124601,0.22058033412647543,50.0,-0.023822214025294594,0.5,0.0193398235131471,0.10476190476190476,0.8333333333333334,0.06190476190476191,0.12857142857142856,0.12857142857142856,nan,nan,0.10784949364857276,0.3003833224552824,0.022857142857142857,0.07692307692307693,0.0,0.21296724889676077,-0.007613085229714642,1.7353537674369335,20,20,10.721865892410278
45,,0.19132099082857879,0.01913209908285788,-0.007597111351788044,1.0,1.0,1.0,1.0,1.0,0.9473684210526315,0.015037593984962405,0.03759398496240601,0.4974212769418955,0.06,0.06,0.6,0.9994420294453163,0.01641332445854274,40.0,0.0021470817326332175,0.4,0.034966468566022424,0.22556390977443608,0.3308270676691729,0.44360902255639095,0.21804511278195488,0.21804511278195488,nan,nan,0.021459882227250083,0.06644266087481879,0.045454545454545456,0.0,0.01694915254237288,0.19890381375035904,0.1824904892918163,1.723939857950928,20,20,2.3383238315582275
46,,0.16667545679622012,0.005050771418067276,0.09617836400866508,0.9,0.9,0.9,0.9901477832512315,1.0,0.9054726368159204,0.01990049751243781,0.07462686567164178,0.5026967736807737,0.4984848484848485,0.4984848484848485,0.21212121212121213,0.8600826948726215,0.27805908114812017,6.666666666666667,-0.0748450474234356,0.06666666666666667,0.027624075745595195,0.15422885572139303,0.40298507462686567,0.4427860696517413,0.1890547263681592,0.1890547263681592,nan,nan,0.1330126721566587,0.4201821699452256,0.04938271604938271,0.02247191011235955,0.0898876404494382,0.21140919661219312,-0.06664988453592707,1.786726914674349,20,20,15.591341733932495
47,,0.19180927159433162,0.006614112813597642,-0.0008835896849632263,1.0,1.0,1.0,1.0,1.0,0.9384615384615385,0.046153846153846156,0.015384615384615385,0.5028967187386648,0.42586206896551726,0.42586206896551726,0.034482758620689655,0.9957535867427204,0.044546556482658095,66.66666666666666,-0.012563300670712008,0.6666666666666666,0.023576656947150873,0.1076923076923077,0.717948717948718,0.17435897435897435,0.14358974358974358,0.14358974358974358,nan,nan,0.0894118560773916,0.24906188508136548,0.007142857142857143,0.058823529411764705,0.058823529411764705,0.2152256029931474,0.17067904651048932,1.8131311921338602,20,20,7.695957899093628
48,,0.1819031048521264,0.005867842092004078,0.03336205333471298,0.95,0.95,0.95,0.995,1.0,0.945,0.025,0.03,0.4965825859036657,0.4629032258064516,0.4629032258064516,0.12903225806451613,0.9726502976963886,0.1568215138683719,50.0,-0.061717964703963867,0.5,0.027034629306961364,0.16,0.69,0.15,0.175,0.175,nan,nan,0.1065460491230996,0.3545008114186786,0.028985507246376812,0.06666666666666667,0.03333333333333333,0.21682345063346453,0.06000193676509262,1.7595589147772166,20,20,7.533158779144287
49,,0.18777447480951556,0.018777447480951556,-0.0013892535120248795,1.0,1.0,1.0,1.0,1.0,0.855072463768116,0.10144927536231885,0.043478260869565216,0.4951851401105523,0.06,0.06,0.9,0.9990132025026002,0.022911587367338865,33.33333333333333,-0.013586694372185168,0.3333333333333333,0.015549010689769466,0.21014492753623187,0.16666666666666666,0.6231884057971014,0.1956521739130435,0.1956521739130435,nan,nan,0.027786980646603166,0.06718849718312109,0.0,0.09302325581395349,0.03488372093023256,0.20116019701428425,0.1782486096469454,1.9915303574062955,20,20,3.084705114364624
50,,0.18767092051893894,0.018767092051893895,-0.004350068606436252,1.0,1.0,1.0,1.0,1.0,0.8702290076335878,0.07633587786259542,0.05343511450381679,0.49352804956957697,0.11,0.11,0.6,0.9993187600233211,0.025108073772874995,28.57142857142857,-0.025949729929677635,0.2857142857142857,0.018084561578608882,0.21374045801526717,0.29770992366412213,0.48854961832061067,0.21374045801526717,0.21374045801526717,nan,nan,0.027598347073855896,0.11304635421651961,0.05128205128205128,0.078125,0.0625,0.2031827273964547,0.17807465362357972,1.801093061721174,20,20,2.8610737323760986
51,,0.1737890283774827,0.003697638901648568,0.11516639937957128,0.8,0.8,0.8,0.9761904761904762,0.8571428571428571,0.900398406374502,0.06772908366533864,0.03187250996015936,0.5027525248184325,0.5946808510638298,0.5946808510638298,0.19148936170212766,0.8522928137320595,0.22658744370409933,37.5,0.04464955496944138,0.375,0.3227705818763475,0.07171314741035857,0.8804780876494024,0.04780876494023904,0.13545816733067728,0.13545816733067728,nan,nan,0.16174548911534303,0.4556787895096922,0.03167420814479638,0.0,0.08333333333333333,0.23841628142253474,0.011828837718435417,1.782927415715817,20,20,25.44514560699463
52,,0.18593471965451666,0.005468668225132843,0.02920535020530224,0.95,0.95,0.95,0.9950980392156863,1.0,0.9411764705882353,0.03431372549019608,0.024509803921568627,0.5188664835220312,0.40294117647058825,0.40294117647058825,0.029411764705882353,0.9614937403596482,0.17895214055036318,20.0,-0.14673983372578528,0.2,0.3269757951634263,0.10294117647058823,0.7745098039215687,0.12254901960784313,0.11764705882352941,0.11764705882352941,nan,nan,0.10081765024173109,0.30695524584139,0.02531645569620253,0.04,0.0,0.20782301206365072,0.028870871513287544,1.6598321324764211,20,20,8.610580444335938
53,,0.18426792723920604,0.006580997401400216,-0.01892134379595518,1.0,1.0,1.0,1.0,1.0,0.9158415841584159,0.04950495049504951,0.034653465346534656,0.5143674436490983,0.4160714285714286,0.4160714285714286,0.07142857142857142,0.9973158440019759,0.03914980548851227,42.857142857142854,0.05451209785943663,0.42857142857142855,0.2517345323777654,0.09900990099009901,0.3465346534653465,0.5544554455445545,0.10891089108910891,0.10891089108910891,nan,nan,0.09346567291843941,0.2501670347425057,0.05714285714285714,0.0625,0.017857142857142856,0.20382600883195248,0.16467620334344021,1.998007750769212,20,20,9.096092939376831
54,,0.18953648926083655,0.018953648926083654,-0.000875336118042469,1.0,1.0,1.0,1.0,1.0,0.9548872180451128,0.03007518796992481,0.015037593984962405,0.5139681214466691,0.09,0.09,0.4,0.9993725543282448,0.019208386193816374,0.0,-0.01156090884836558,0.0,0.0,0.20300751879699247,0.21804511278195488,0.5789473684210527,0.21052631578947367,0.21052631578947367,nan,nan,0.027180117103611564,0.07489626522464576,0.0,0.03896103896103896,0.025974025974025976,0.20161621642382202,0.18240783023000565,1.5783539762111976,20,20,2.889514684677124
55,,0.1897915363829324,0.017253776034812037,-0.020966388657689093,1.0,1.0,1.0,1.0,1.0,0.9147286821705426,0.05426356589147287,0.031007751937984496,0.5141243955374442,0.03636363636363636,0.03636363636363636,0.0,0.999453110083372,0.018100930843484242,75.0,0.0066359253391698805,0.75,0.013798085464988417,0.17829457364341086,0.10852713178294573,0.7131782945736435,0.20930232558139536,0.20930232558139536,nan,nan,0.026560675653537803,0.06489045586351919,0.0,0.05434782608695652,0.043478260869565216,0.1993016424674913,0.18120071162400705,1.8137761575972549,20,20,2.4737393856048584
56,,0.1763664538164219,0.004301620824790778,0.0682821623980999,0.9,0.9,0.9,0.9835390946502057,1.0,0.9543568464730291,0.03319502074688797,0.012448132780082987,0.5114505746651713,0.6548780487804878,0.6548780487804878,0.024390243902439025,0.9173912714334022,0.20646364416550914,0.0,-0.2478920937848809,0.0,0.0,0.07883817427385892,0.7593360995850622,0.16182572614107885,0.0954356846473029,0.0954356846473029,nan,nan,0.16493590029291136,0.4242280727644432,0.00546448087431694,0.05128205128205128,0.0,0.22454869657084375,0.018085052405334617,1.8807533100524438,20,20,13.7010657787323
57,,0.14852088791476284,0.004950696263825428,0.13725685626268386,0.8,0.8,0.8,0.9540816326530612,1.0,0.9,0.07894736842105263,0.021052631578947368,0.5100331726111471,0.43,0.43,0.1,0.7318689476308029,0.2993959839149435,0.0,-0.1487701877940405,0.0,0.0,0.14736842105263157,0.6684210526315789,0.18421052631578946,0.18947368421052632,0.18947368421052632,nan,nan,0.10860709145065327,0.32725874962686974,0.0,0.08571428571428572,0.02857142857142857,0.21362785718369925,-0.08576812673124423,1.7597354905810094,20,20,8.683775901794434
58,,0.17910652503966626,0.005777629839989234,0.08396016359329224,0.9,0.9,0.9,0.9852941176470589,1.0,0.9603960396039604,0.0297029702970297,0.009900990099009901,0.5156737788670486,0.5258064516129032,0.5258064516129032,0.03225806451612903,0.924129260297983,0.19927166387878534,50.0,-0.04662644262340959,0.5,0.12018930103380698,0.09405940594059406,0.7772277227722773,0.12871287128712872,0.1188118811881188,0.1188118811881188,nan,nan,0.12218051961827081,0.37891410176643825,0.012738853503184714,0.038461538461538464,0.0,0.22542315489889014,0.026151491020104806,1.4880904200052898,20,20,8.96330213546753
59,,0.19135004654440751,0.006598277467048535,-0.004980733059346676,1.0,1.0,1.0,1.0,1.0,0.9468599033816425,0.033816425120772944,0.01932367149758454,0.5171651350366401,0.4862068965517241,0.4862068965517241,0.20689655172413793,0.9890449489945073,0.08967411035368558,50.0,-0.015759921514390225,0.5,0.018384778057307358,0.12560386473429952,0.5120772946859904,0.36231884057971014,0.15458937198067632,0.15458937198067632,nan,nan,0.11047820310010671,0.30708473725291235,0.009433962264150943,0.0,0.02666666666666667,0.24682629376726659,0.157152183413581,1.8371497597129438,20,20,8.193684339523315
60,,0.17129244985564215,0.005906636201918695,0.09915356040000915,0.9,0.9,0.9,0.9950738916256158,1.0,0.9313725490196079,0.03431372549019608,0.03431372549019608,0.5156607595649708,0.5017241379310344,0.5017241379310344,0.034482758620689655,0.912147044125544,0.19930174227353809,71.42857142857143,0.0005530387261092756,0.7142857142857143,0.04537715618019027,0.0784313725490196,0.696078431372549,0.22549019607843138,0.11764705882352941,0.11764705882352941,nan,nan,0.1125024434571144,0.3105353113087181,0.02112676056338028,0.06521739130434782,0.08695652173913043,0.21316636041736753,0.013864618143829444,1.6962242556704845,20,20,7.50089955329895
61,,0.19413648328094651,0.005882923735786258,0.04576004631817341,0.95,0.95,0.95,0.9900497512437811,1.0,0.95,0.045,0.005,0.5201416546746975,0.5015151515151515,0.5015151515151515,0.06060606060606061,0.9534737557641713,0.2354879222245399,100.0,0.09696428655720793,1.0,0.09696428655720793,0.08,0.87,0.05,0.125,0.125,nan,nan,0.13051258073642216,0.32615968900794196,0.005747126436781609,0.0,0.0,0.2595276117823495,0.024039689557809607,1.5568181336771707,20,20,8.52385663986206
62,,0.20458429218890425,0.006017185064379537,0.008668913040310144,1.0,1.0,1.0,1.0,1.0,0.9523809523809523,0.031746031746031744,0.015873015873015872,0.515617204197299,0.4764705882352941,0.4764705882352941,0.029411764705882353,0.9925339708412915,0.0620870708929577,0.0,-0.1591999774848453,0.0,0.0,0.10052910052910052,0.8359788359788359,0.06349206349206349,0.13227513227513227,0.13227513227513227,nan,nan,0.12218903860079325,0.300537957993269,0.0189873417721519,0.0,0.0,0.235835922944404,0.1737488520514463,1.7307852330671725,20,20,8.098392248153687
63,,0.1894699898972214,0.015789165824768452,-0.007615452446043491,1.0,1.0,1.0,1.0,1.0,0.9523809523809523,0.023809523809523808,0.023809523809523808,0.5236943122775605,0.07083333333333333,0.07083333333333333,0.5833333333333334,0.9993233338481782,0.017190936008550983,33.33333333333333,-0.00012684172666046234,0.3333333333333333,0.0114151639715937,0.20634920634920634,0.2857142857142857,0.5079365079365079,0.24603174603174602,0.24603174603174602,nan,nan,0.02418727300592558,0.06836271550019049,0.0,0.015625,0.046875,0.1974872909059921,0.1802963548974411,1.7729300838926003,20,20,2.3745009899139404
64,,0.18908333431232552,0.018908333431232553,-0.014761272631585599,1.0,1.0,1.0,1.0,1.0,0.9147286821705426,0.03875968992248062,0.046511627906976744,0.5195765470713377,0.075,0.075,0.3,0.9989081662649264,0.027682345513506762,16.666666666666664,-0.004317473764157881,0.16666666666666666,0.007576404624282322,0.20930232558139536,0.14728682170542637,0.6434108527131783,0.24806201550387597,0.24806201550387597,nan,nan,0.02642061783077978,0.08301430199277768,0.0,0.024096385542168676,0.060240963855421686,0.20398824820490785,0.1763059026914011,1.8809964838539786,20,20,2.5240769386291504
65,,0.19140278045201564,0.021266975605779517,-0.008982285857200623,1.0,1.0,1.0,1.0,1.0,0.8267716535433071,0.10236220472440945,0.07086614173228346,0.5327039390802384,0.11666666666666667,0.11666666666666667,0.0,0.9992322884004718,0.01914386936224824,44.44444444444444,-0.005444266855238694,0.4444444444444444,0.015094519885164704,0.1968503937007874,0.4881889763779528,0.31496062992125984,0.2125984251968504,0.2125984251968504,nan,nan,0.02523223030178962,0.08403668805153779,0.03225806451612903,0.1,0.1,0.1994699145543252,0.18032604519207696,1.6350123377605208,20,20,2.5531234741210938
66,,0.18940402540291407,0.021044891711434897,-0.006129533052444458,1.0,1.0,1.0,1.0,1.0,0.8225806451612904,0.08064516129032258,0.0967741935483871,0.5403426162484619,0.07222222222222222,0.07222222222222222,0.4444444444444444,0.9994396188086544,0.016204176392075526,50.0,-0.0014377616638750494,0.5,0.012445753208014937,0.25,0.12096774193548387,0.6290322580645161,0.29838709677419356,0.29838709677419356,nan,nan,0.03114809219268299,0.0785912552442325,0.0,0.05128205128205128,0.1282051282051282,0.1970208008480921,0.18081662445601657,1.830805881323607,20,20,2.3447301387786865
67,,0.19015384216598213,0.021128204685109127,0.00659090057015419,1.0,1.0,1.0,1.0,1.0,0.849624060150376,0.07518796992481203,0.07518796992481203,0.5209063247881002,0.1,0.1,0.0,0.998870132612328,0.02181712721650464,40.0,-0.015746498870892345,0.4,0.013713032322920017,0.20300751879699247,0.49624060150375937,0.3007518796992481,0.18796992481203006,0.18796992481203006,nan,nan,0.020659248856879787,0.06574169495274151,0.06060606060606061,0.1,0.05,0.20475301737995116,0.18293589016344652,1.5024135216113657,20,20,2.50628399848938
68,,0.19361677370116367,0.006245702377456893,-0.012667922116816045,1.0,1.0,1.0,1.0,1.0,0.8701923076923077,0.07692307692307693,0.052884615384615384,0.5284912318501982,0.4661290322580645,0.4661290322580645,0.0967741935483871,0.9976449078223568,0.04231230821747789,27.27272727272727,-0.07703053721102196,0.2727272727272727,0.028620246314240694,0.10576923076923077,0.7115384615384616,0.18269230769230768,0.13942307692307693,0.13942307692307693,nan,nan,0.10265947497125166,0.26472802048934746,0.05405405405405406,0.15789473684210525,0.02631578947368421,0.21422081447013525,0.17190850625265736,1.6722565590923448,20,20,8.769549131393433
69,,0.1826940814113019,0.010149671189516771,-0.005176705867052078,1.0,1.0,1.0,1.0,1.0,0.8992805755395683,0.04316546762589928,0.05755395683453238,0.5198066974058747,0.027777777777777776,0.027777777777777776,0.0,0.9918688486523918,0.05705648691449003,50.0,-0.011756444333529391,0.5,0.01787464226733312,0.23741007194244604,0.381294964028777,0.381294964028777,0.26618705035971224,0.26618705035971224,nan,nan,0.019205524883950786,0.057120015482697885,0.05660377358490566,0.05660377358490566,0.07547169811320754,0.19931217554259545,0.14225568862810542,1.8235210796454362,20,20,3.4809298515319824
70,,0.16103071521775952,0.004600877577650272,0.11177827194333076,0.85,0.85,0.85,0.9852216748768473,1.0,0.9507389162561576,0.034482758620689655,0.014778325123152709,0.5150686621320035,0.3871428571428571,0.3871428571428571,0.2,0.8483639818543771,0.23166206958767172,66.66666666666666,-0.04318254070024902,0.6666666666666666,0.02449115553065439,0.10344827586206896,0.6551724137931034,0.2413793103448276,0.1330049261083744,0.1330049261083744,nan,nan,0.10576046347474012,0.2945264355801929,0.015037593984962405,0.04081632653061224,0.02040816326530612,0.2082547831561833,-0.023407286431488428,1.5542176553137281,20,20,7.876421928405762
71,,0.19373472887759555,0.006919097459914127,-0.019120440632104874,1.0,1.0,1.0,1.0,1.0,0.9458128078817734,0.034482758620689655,0.019704433497536946,0.5120907301517426,0.5285714285714286,0.5285714285714286,0.03571428571428571,0.9943193273816828,0.06669220827265263,50.0,0.05113526530031396,0.5,0.11151251143323392,0.10344827586206896,0.6699507389162561,0.22660098522167488,0.11822660098522167,0.11822660098522167,nan,nan,0.11399242080324512,0.3194477510396221,0.014705882352941176,0.043478260869565216,0.043478260869565216,0.2227459059909485,0.1560536977182959,1.6010568180476383,20,20,7.770864486694336
72,,0.1503515441758754,0.0034170805494517136,0.1604239841302236,0.75,0.75,0.75,0.9645669291338582,1.0,0.952,0.028,0.02,0.522497652634047,0.740909090909091,0.740909090909091,0.20454545454545456,0.8177543951451868,0.22452253631057975,60.0,-0.11260432041329635,0.6,0.05381223595819465,0.092,0.768,0.14,0.104,0.104,nan,nan,0.20995823395029864,0.5512742638987148,0.026041666666666668,0.05714285714285714,0.0,0.2170222979757647,-0.007500238334815057,1.516612711983156,20,20,14.01485276222229
73,,0.18777350686984592,0.020863722985538437,0.03538111560046673,1.0,1.0,1.0,1.0,1.0,0.8721804511278195,0.08270676691729323,0.045112781954887216,0.49957796852621766,0.06666666666666667,0.06666666666666667,0.0,0.9993325045777081,0.018063721026069457,33.33333333333333,-0.0058639843016524765,0.3333333333333333,0.010289808382743827,0.17293233082706766,0.44360902255639095,0.38345864661654133,0.20300751879699247,0.20300751879699247,nan,nan,0.016027942768885355,0.056536238239213644,0.06779661016949153,0.09803921568627451,0.0392156862745098,0.1948173494946516,0.17675362846858214,1.775192469564311,20,20,2.6867189407348633
74,,0.18892774982886393,0.02361596872860799,0.010711731761693955,1.0,1.0,1.0,1.0,1.0,0.8984375,0.0859375,0.015625,0.5094693828374147,0.075,0.075,0.0,0.9991322215922389,0.0183151514246494,0.0,-0.04699009089684378,0.0,0.0,0.203125,0.125,0.671875,0.1875,0.1875,nan,nan,0.02232380075720741,0.07099741012288488,0.0,0.08139534883720931,0.011627906976744186,0.1982798128493029,0.1799646614246535,1.924727360477263,20,20,2.3023548126220703
75,,0.1791548958148685,0.005971829860495616,0.03230847641825676,0.95,0.95,0.95,0.9900990099009901,1.0,0.9253731343283582,0.04975124378109453,0.024875621890547265,0.5192604151119788,0.48,0.48,0.3333333333333333,0.9621882914871442,0.19062086560475694,20.0,-0.07874111322289176,0.2,0.10182431167967793,0.14925373134328357,0.5074626865671642,0.34328358208955223,0.15920398009950248,0.15920398009950248,nan,nan,0.11620840189262212,0.3222690619075924,0.0,0.014492753623188406,0.028985507246376812,0.22505497736333557,0.03443411175857862,1.799843872155661,20,20,8.69654107093811
76,,0.19435060120666597,0.006701744869195379,-0.024474332667887212,1.0,1.0,1.0,1.0,1.0,0.8811881188118812,0.06930693069306931,0.04950495049504951,0.5141962464641908,0.593103448275862,0.593103448275862,0.4482758620689655,0.9889016167194967,0.0808387031639208,40.0,-0.14159083277041065,0.4,0.04646136671191789,0.09900990099009901,0.8415841584158416,0.0594059405940594,0.1188118811881188,0.1188118811881188,nan,nan,0.13511141207751629,0.4130666573851553,0.03529411764705882,0.0,0.08333333333333333,0.25239547539434887,0.17155677223042806,1.549585496986453,20,20,8.289907455444336
77,,0.1806087806692885,0.003926277840636707,0.04581654891371727,0.9,0.9,0.9,0.9924242424242424,1.0,0.7954545454545454,0.18181818181818182,0.022727272727272728,0.5304104852692588,0.5945652173913043,0.5945652173913043,0.41304347826086957,0.9122179903233486,0.2131860182377912,33.33333333333333,0.0198862061477523,0.3333333333333333,0.2321434472443054,0.07575757575757576,0.5946969696969697,0.32954545454545453,0.16666666666666666,0.16666666666666666,nan,nan,0.17113027248754653,0.470144051811359,0.006369426751592357,0.1724137931034483,0.034482758620689655,0.23535328899830293,0.022167270760511726,1.775180287505397,20,20,17.693053245544434
78,,0.1206271246222003,0.0024617780535142915,0.19689526458581288,0.7,0.7,0.7,0.8949416342412452,1.0,0.7777777777777778,0.1752136752136752,0.04700854700854701,0.5398680221707541,0.46530612244897956,0.46530612244897956,0.20408163265306123,0.5592091083088694,0.31366010325487986,27.27272727272727,-0.1054450404554053,0.2727272727272727,0.14135794998089,0.08974358974358974,0.7692307692307693,0.14102564102564102,0.18803418803418803,0.18803418803418803,nan,nan,0.16086772570405286,0.5184816862928939,0.03888888888888889,0.24242424242424243,0.06060606060606061,0.23585374581449364,-0.07780635744038622,1.6704970433127737,20,20,21.215672731399536
79,,0.18757400996088558,0.005210389165580155,0.011921868100762368,0.95,0.95,0.95,0.9950738916256158,0.875,0.812807881773399,0.1477832512315271,0.03940886699507389,0.5322053386778053,0.4361111111111111,0.4361111111111111,0.19444444444444445,0.9093945132190152,0.29510427154855884,25.0,-0.035283900292180606,0.25,0.05648329286918831,0.11822660098522167,0.4827586206896552,0.39901477832512317,0.20689655172413793,0.20689655172413793,nan,nan,0.13111893080790027,0.352520219085263,0.030612244897959183,0.16049382716049382,0.06172839506172839,0.24134495941755651,-0.05375931213100232,1.680693429620445,20,20,9.555886268615723
80,,0.19225469864205882,0.019225469864205882,-0.0014161601662635802,1.0,1.0,1.0,1.0,1.0,0.9166666666666666,0.06060606060606061,0.022727272727272728,0.49386523086577655,0.085,0.085,0.0,0.9989456780830046,0.02532130505239627,33.33333333333333,-0.01350247376172354,0.3333333333333333,0.0210964445697994,0.2196969696969697,0.5,0.2803030303030303,0.25,0.25,nan,nan,0.022852385430876084,0.07139206877189391,0.030303030303030304,0.08108108108108109,0.02702702702702703,0.2071112787616704,0.18178997370927413,1.5298506145513078,20,20,2.459657907485962
81,,0.1905264814329594,0.021169609048106598,0.013473350182175636,1.0,1.0,1.0,1.0,1.0,0.9312977099236641,0.061068702290076333,0.007633587786259542,0.5056439421243137,0.09444444444444444,0.09444444444444444,0.3333333333333333,0.9990503901953691,0.022085468374532874,0.0,-0.008608637690816379,0.0,0.0,0.1984732824427481,0.32061068702290074,0.48091603053435117,0.19083969465648856,0.19083969465648856,nan,nan,0.02726438480484039,0.08514494360724524,0.023809523809523808,0.047619047619047616,0.0,0.19976983601132092,0.17768436763678805,1.5933775879939238,20,20,2.6424782276153564
82,,0.19062408226083807,0.006354136075361269,0.04264699053019285,0.95,0.95,0.95,0.995260663507109,1.0,0.9241706161137441,0.061611374407582936,0.014218009478672985,0.5252129669487476,0.47833333333333333,0.47833333333333333,0.03333333333333333,0.9676962733838012,0.1666891647915148,33.33333333333333,-0.055858937074916244,0.3333333333333333,0.018409897738129788,0.08056872037914692,0.8625592417061612,0.05687203791469194,0.12322274881516587,0.12322274881516587,nan,nan,0.11004573763644251,0.3427580885130559,0.01098901098901099,0.08333333333333333,0.0,0.2121000949682405,0.04541093017672569,1.6357751711119828,20,20,8.197427034378052
83,,0.19029731260427485,0.023787164075534356,-0.005876495502889156,1.0,1.0,1.0,1.0,1.0,0.9411764705882353,0.05042016806722689,0.008403361344537815,0.517508024442941,0.025,0.025,0.25,0.9994677398906004,0.01818817349964555,100.0,0.0022312237567869084,1.0,0.0022312237567869084,0.2773109243697479,0.36134453781512604,0.36134453781512604,0.2857142857142857,0.2857142857142857,nan,nan,0.013160331577785421,0.04732195026773344,0.0,0.046511627906976744,0.023255813953488372,0.19823195805843632,0.18004378455879078,1.7489419176680507,20,20,2.4778027534484863
84,,0.1907279467729146,0.006152514412029503,-0.00868856580927968,1.0,1.0,1.0,1.0,1.0,0.9253731343283582,0.06965174129353234,0.004975124378109453,0.5131972127135903,0.45161290322580644,0.45161290322580644,0.3225806451612903,0.9973502607266231,0.03533503025009854,0.0,-0.05343830898656621,0.0,0.0,0.12437810945273632,0.5572139303482587,0.31840796019900497,0.15422885572139303,0.15422885572139303,nan,nan,0.1138326636012711,0.2895765692564348,0.008928571428571428,0.0625,0.0,0.21045219060782988,0.17511716035773134,1.6453615726518396,20,20,7.953073024749756
85,,0.1767275790810967,0.006797214580042181,-6.505828350782395e-05,0.95,0.95,0.95,0.9541984732824428,1.0,0.8095238095238095,0.15873015873015872,0.031746031746031744,0.528240715783949,0.023076923076923078,0.023076923076923078,0.07692307692307693,0.8913320123295665,0.29163323389638174,50.0,-0.0316043804285202,0.5,0.004607114419234769,0.1984126984126984,0.5476190476190477,0.25396825396825395,0.21428571428571427,0.21428571428571427,nan,nan,0.02379580672150671,0.08763295910686847,0.028985507246376812,0.1875,0.03125,0.20036780987867162,-0.09126542401771015,1.6516073503291788,20,20,3.9723262786865234
86,,0.1748285260593828,0.0052978341230116,0.017813936434686185,0.95,0.95,0.95,0.9609756097560975,1.0,0.9141414141414141,0.06565656565656566,0.020202020202020204,0.5068168720258682,0.4287878787878788,0.4287878787878788,0.06060606060606061,0.884330900668849,0.31267171690462753,50.0,0.044966807586003,0.5,0.12818869866442578,0.1414141414141414,0.6060606060606061,0.25252525252525254,0.13636363636363635,0.13636363636363635,nan,nan,0.11891626310376117,0.3265975106493945,0.03333333333333333,0.08,0.0,0.22496529682015243,-0.0877064200844751,1.8806957448612716,20,20,10.08778977394104
87,,0.1817209232246484,0.004226067981968567,0.060025730480750404,0.9,0.9,0.9,0.9924528301886792,1.0,0.9128787878787878,0.05303030303030303,0.03409090909090909,0.5154324730100154,0.6465116279069767,0.6465116279069767,0.2558139534883721,0.9191932300278722,0.22060906026182991,22.22222222222222,-0.10554943063337421,0.2222222222222222,0.095578644767594,0.07954545454545454,0.8674242424242424,0.05303030303030303,0.11363636363636363,0.11363636363636363,nan,nan,0.1550988752745661,0.43907609758817445,0.017467248908296942,0.0,0.07142857142857142,0.23356485079560924,0.012955790533779335,1.7421724134339094,20,20,16.13829731941223
88,,0.19531348258049108,0.006510449419349703,-0.00392725421115756,1.0,1.0,1.0,1.0,1.0,0.7942583732057417,0.18181818181818182,0.023923444976076555,0.5068762029490124,0.42833333333333334,0.42833333333333334,0.36666666666666664,0.9932387509013998,0.0723015218987823,20.0,-0.06864244208266779,0.2,0.03470166626561502,0.11483253588516747,0.6602870813397129,0.22488038277511962,0.18660287081339713,0.18660287081339713,nan,nan,0.1031853756056581,0.3003988300312219,0.021739130434782608,0.14893617021276595,0.02127659574468085,0.23529103018753572,0.16298950828875342,1.7672743726847324,20,20,9.127438306808472
89,,0.19016399386903793,0.021129332652115324,0.009040486812591553,1.0,1.0,1.0,1.0,1.0,0.8201438848920863,0.1510791366906475,0.02877697841726619,0.5042115920119815,0.05,0.05,0.4444444444444444,0.9990008516984089,0.02128980590335497,50.0,-0.002722523682869604,0.5,0.02175851372955069,0.2014388489208633,0.302158273381295,0.49640287769784175,0.20863309352517986,0.20863309352517986,nan,nan,0.02487890571069403,0.07414924698579983,0.023809523809523808,0.13043478260869565,0.028985507246376812,0.20079993121638434,0.17951012531302937,1.734644593386033,20,20,2.877351760864258
90,,0.1901736630805147,0.005942926971266084,-0.028634675312787294,1.0,1.0,1.0,1.0,1.0,0.8186274509803921,0.10294117647058823,0.0784313725490196,0.5071216154843569,0.3921875,0.3921875,0.125,0.9970534882046036,0.0392155637041853,37.5,-0.03696763235071851,0.375,0.04123008784169119,0.12254901960784313,0.5833333333333334,0.29411764705882354,0.14215686274509803,0.14215686274509803,nan,nan,0.09551300425417374,0.27561238905181257,0.058823529411764705,0.06666666666666667,0.03333333333333333,0.21013108363845642,0.17091551993427112,1.6536766507189222,20,20,8.635141372680664
91,,0.18630466312105934,0.007452186524842374,0.001302862912416458,1.0,1.0,1.0,1.0,1.0,0.8292682926829268,0.13170731707317074,0.03902439024390244,0.520801692970097,0.448,0.448,0.2,0.9946442302615077,0.05102712471378154,25.0,-0.09348123918370314,0.25,0.13076683638217163,0.16585365853658537,0.5560975609756098,0.2780487804878049,0.17073170731707318,0.17073170731707318,nan,nan,0.08317518053224536,0.26100602827714947,0.008771929824561403,0.08771929824561403,0.03508771929824561,0.20524971689289373,0.1542225921791122,1.8319718539265029,20,20,7.683969020843506
92,,0.13543951443124316,0.004232484825976349,0.19778888821601867,0.75,0.75,0.75,0.9065420560747663,0.9333333333333333,0.86,0.06,0.08,0.5190066624782048,0.4640625,0.4640625,0.15625,0.6610317197988688,0.3011314197441044,43.75,-0.019096121324194193,0.4375,0.11860750358884545,0.11,0.8,0.09,0.15,0.15,nan,nan,0.10796507391364245,0.31106542503704326,0.0625,0.0,0.1111111111111111,0.2308276159741305,-0.0703038037699739,1.6531488405022887,20,20,9.077613353729248
93,,0.14414158247020034,0.0030029496347958404,0.12098079820473989,0.75,0.75,0.75,0.9068825910931174,1.0,0.8296943231441049,0.14410480349344978,0.026200873362445413,0.5128003450547112,0.5239583333333333,0.5239583333333333,0.20833333333333334,0.673760075959898,0.3340769760531842,16.666666666666664,-0.1231695083208696,0.16666666666666666,0.2542100068738412,0.09170305676855896,0.7903930131004366,0.11790393013100436,0.18340611353711792,0.18340611353711792,nan,nan,0.16729979237574683,0.4680794845814015,0.0055248618784530384,0.1111111111111111,0.037037037037037035,0.23735082059023604,-0.09672615546294813,1.7434103710634514,20,20,19.923387050628662
94,,0.18617011509038836,0.0062056705030129455,0.008215267211198807,1.0,1.0,1.0,1.0,1.0,0.8,0.15,0.05,0.5171061900320152,0.5066666666666667,0.5066666666666667,0.13333333333333333,0.9937298812821889,0.05010477474558225,30.0,-0.07659028500560901,0.3,0.0959625024775778,0.11,0.765,0.125,0.17,0.17,nan,nan,0.11994071817318634,0.3352715379196369,0.0392156862745098,0.16,0.0,0.2144569969404196,0.16435222219483733,1.5112688792101265,20,20,9.213398694992065
95,,0.1914205471436555,0.0174018679221505,-0.021846630983054637,1.0,1.0,1.0,1.0,1.0,0.8923076923076924,0.06153846153846154,0.046153846153846156,0.5128167877312411,0.07272727272727272,0.07272727272727272,1.0909090909090908,0.9989610985898657,0.024283547680383988,16.666666666666664,-0.05007275298439532,0.16666666666666666,0.018022284909716087,0.2153846153846154,0.5384615384615384,0.24615384615384617,0.16923076923076924,0.16923076923076924,nan,nan,0.027090824780501222,0.09691544770886677,0.02857142857142857,0.0,0.0,0.20116498052613369,0.1768814328457497,1.6170105134901869,20,20,2.4459588527679443
96,,0.15462596859355004,0.0031556320121132663,0.1126567746202151,0.8,0.8,0.8,0.9782608695652174,1.0,0.9021739130434783,0.057971014492753624,0.03985507246376811,0.516213332541401,0.539795918367347,0.539795918367347,0.16326530612244897,0.8294327638791293,0.23038773647187538,36.36363636363637,-0.10740642156254178,0.36363636363636365,0.08489069438903052,0.12318840579710146,0.6739130434782609,0.2028985507246377,0.13405797101449277,0.13405797101449277,nan,nan,0.15243901440109073,0.43640303227767846,0.026881720430107527,0.05357142857142857,0.03571428571428571,0.21746710854060686,-0.012920627931268538,1.7522913152551414,20,20,15.540109872817993
97,,0.19120524834478625,0.006593284425682284,-0.028464603517204524,1.0,1.0,1.0,1.0,1.0,0.8373205741626795,0.14354066985645933,0.019138755980861243,0.5152155317430352,0.3741379310344828,0.3741379310344828,0.20689655172413793,0.9953733517420881,0.05273399706125331,25.0,-0.01139677154519158,0.25,0.042282370332216296,0.10047846889952153,0.569377990430622,0.33014354066985646,0.17703349282296652,0.17703349282296652,nan,nan,0.08584282271244086,0.25274366127546555,0.01680672268907563,0.14492753623188406,0.014492753623188406,0.230211929800267,0.1774779327390137,1.806039544538374,20,20,8.26993441581726
98,,0.17950601868009888,0.006189862713106858,0.037334172055125237,0.95,0.95,0.95,0.9948186528497409,1.0,0.8963730569948186,0.08808290155440414,0.015544041450777202,0.5210568176582455,0.47758620689655173,0.47758620689655173,0.27586206896551724,0.9441518952270896,0.21833367826582084,0.0,-0.11814377720746243,0.0,0.0,0.08290155440414508,0.5492227979274611,0.36787564766839376,0.12435233160621761,0.12435233160621761,nan,nan,0.12883872124265086,0.3487879100915668,0.018867924528301886,0.08450704225352113,0.014084507042253521,0.21627443531320173,-0.0020592429526190975,1.707414574297447,20,20,14.217899322509766
99,,0.19043190166118443,0.0065666172986615316,0.03746014535427093,0.95,0.95,0.95,0.9952380952380953,0.0,0.9714285714285714,0.02857142857142857,0.0,0.5142538946828452,0.5241379310344828,0.5241379310344828,0.20689655172413793,0.948084822411678,0.23764912290415963,0.0,0.0,0.0,0.0,0.08095238095238096,0.8142857142857143,0.10476190476190476,0.10952380952380952,0.10952380952380952,nan,nan,0.10985586646456474,0.29833941855683993,0.0,0.0,0.0,0.25584715091509147,0.018198028010931844,1.50632999480115,20,20,7.788681745529175
100,,0.17168886396318334,0.0038153080880707407,0.08515023812651634,0.85,0.85,0.85,0.9838056680161943,1.0,0.9346938775510204,0.036734693877551024,0.02857142857142857,0.5232707444299013,0.6366666666666667,0.6366666666666667,0.044444444444444446,0.8701895979042371,0.20827021013142033,57.14285714285714,0.0015914015909168197,0.5714285714285714,0.1684379497743394,0.061224489795918366,0.8775510204081632,0.061224489795918366,0.08979591836734693,0.08979591836734693,nan,nan,0.17664178579417092,0.43261358786766607,0.03255813953488372,0.13333333333333333,0.0,0.22201168157209622,0.013741471440675876,1.5799497086100613,20,20,14.257373094558716
101,,0.1630626343385584,0.003882443674727581,0.09211326738198598,0.85,0.85,0.85,0.9881889763779528,1.0,0.9723320158102767,0.015810276679841896,0.011857707509881422,0.506373985570168,0.6214285714285714,0.6214285714285714,0.16666666666666666,0.8866621971460954,0.2069469190545104,33.33333333333333,0.15097381218587494,0.3333333333333333,0.7343537724205393,0.07905138339920949,0.7233201581027668,0.1976284584980237,0.08695652173913043,0.08695652173913043,nan,nan,0.15189928280240536,0.4374071107602519,0.01092896174863388,0.02,0.0,0.22387367311759201,0.01692675406308161,1.6643235772510137,20,20,18.657076835632324
102,,0.20466255414935713,0.006602017875785714,-0.003600422665476799,1.0,1.0,1.0,1.0,0.0,0.9609756097560975,0.03902439024390244,0.0,0.505738864929205,0.5387096774193548,0.5387096774193548,0.0967741935483871,0.9864929361123275,0.085632255458639,0.0,0.0,0.0,0.0,0.0975609756097561,0.7463414634146341,0.15609756097560976,0.13658536585365855,0.13658536585365855,nan,nan,0.12409269093323769,0.319879599735655,0.0,0.0,0.0,0.2532497007025326,0.1676174452438936,1.6872637508536699,20,20,9.183660745620728
103,,0.19117784897383303,0.01737980445216664,0.03718521185219288,1.0,1.0,1.0,1.0,1.0,0.9552238805970149,0.03731343283582089,0.007462686567164179,0.5206931515173479,0.05454545454545454,0.05454545454545454,0.0,0.999470104005391,0.022191480067791425,0.0,-0.051609773466031975,0.0,0.0,0.16417910447761194,0.4552238805970149,0.3805970149253731,0.15671641791044777,0.15671641791044777,nan,nan,0.018770378593684734,0.07891031289677301,0.0,0.058823529411764705,0.0,0.20265314071017593,0.1804616606423845,1.5718435004716211,20,20,2.580387592315674
104,,0.1844327743135395,0.005949444332694822,0.041071873530745505,0.95,0.95,0.95,0.9950980392156863,0.0,0.9901960784313726,0.00980392156862745,0.0,0.4929874915779839,0.4403225806451613,0.4403225806451613,0.06451612903225806,0.9365573373675138,0.257386070025083,0.0,0.0,0.0,0.0,0.09803921568627451,0.8529411764705882,0.049019607843137254,0.10784313725490197,0.10784313725490197,nan,nan,0.10635004451119834,0.3177668412133135,0.0,0.0,0.0,0.2441213753262425,-0.013264694698840493,1.5645348426270764,20,20,7.813458681106567
105,,0.1962836695074801,0.005947989985075155,-0.01420252276584506,1.0,1.0,1.0,1.0,1.0,0.9158878504672897,0.0514018691588785,0.03271028037383177,0.4910791804703573,0.4303030303030303,0.4303030303030303,0.06060606060606061,0.9937030788868302,0.05443991834918688,28.57142857142857,-0.07645580745292171,0.2857142857142857,0.01319636245465116,0.11682242990654206,0.7990654205607477,0.08411214953271028,0.1542056074766355,0.1542056074766355,nan,nan,0.10119799844293774,0.2556314599445217,0.029239766081871343,0.05555555555555555,0.05555555555555555,0.2283699387067875,0.17393002035760063,1.519363477953759,20,20,9.082124471664429
106,,0.18186617598306168,0.006062205866102056,0.03074783496558666,0.95,0.95,0.95,1.0,1.0,0.9444444444444444,0.03535353535353535,0.020202020202020204,0.48114203788960974,0.4716666666666667,0.4716666666666667,0.03333333333333333,0.9478412274465674,0.21248490618330906,0.0,-0.07109416910888583,0.0,0.0,0.10606060606060606,0.803030303030303,0.09090909090909091,0.12121212121212122,0.12121212121212122,nan,nan,0.1033091843241687,0.2849873571064789,0.012578616352201259,0.0,0.0,0.21658998262717072,0.004105076443861641,1.5520030659522366,20,20,7.670400142669678
107,,0.19176860950195235,0.006186084177482334,0.00573879610747099,0.95,0.95,0.95,0.9897435897435898,1.0,0.9226804123711341,0.041237113402061855,0.03608247422680412,0.47434018616594614,0.5467741935483871,0.5467741935483871,0.1935483870967742,0.9757921754712281,0.15396703035262826,14.285714285714285,-0.06009647877345804,0.14285714285714285,0.08599384529086973,0.12886597938144329,0.5773195876288659,0.29381443298969073,0.15979381443298968,0.15979381443298968,nan,nan,0.14124614677731184,0.4372105875040536,0.03571428571428571,0.017543859649122806,0.03508771929824561,0.23822252588497586,0.08425549553234758,1.6456347669240459,20,20,8.21680498123169
108,,0.17188948683787597,0.0035810309757890826,0.02079597388704618,0.9,0.9,0.9,0.9922178988326849,1.0,0.872093023255814,0.08139534883720931,0.046511627906976744,0.4627247050254179,0.5239583333333333,0.5239583333333333,0.08333333333333333,0.8924700073626456,0.22956789593609855,8.333333333333332,-0.11714452744271575,0.08333333333333333,0.08787292975790256,0.10077519379844961,0.5503875968992248,0.3488372093023256,0.13565891472868216,0.13565891472868216,nan,nan,0.14691063832652557,0.410854796163473,0.028169014084507043,0.1111111111111111,0.044444444444444446,0.22438694256531688,-0.005180953370781657,1.8534958050269348,20,20,15.175012826919556
109,,0.15782365508280152,0.0034309490235391637,0.11494256605704625,0.8,0.8,0.8,0.9624060150375939,0.95,0.8314176245210728,0.08812260536398467,0.08045977011494253,0.4527597133632061,0.591304347826087,0.591304347826087,0.13043478260869565,0.8321073337902664,0.2530523252266553,19.047619047619047,-0.11541192637652228,0.19047619047619047,0.09032778989352283,0.09195402298850575,0.8160919540229885,0.09195402298850575,0.16091954022988506,0.16091954022988506,nan,nan,0.15192335625531947,0.4515894870937841,0.07511737089201878,0.08333333333333333,0.08333333333333333,0.2182630972709399,-0.03478922795571536,1.7151716647502062,20,20,15.327324390411377
110,,0.1777730426527926,0.0055554075828997684,0.050557530298829076,0.95,0.95,0.95,1.0,1.0,0.826530612244898,0.09183673469387756,0.08163265306122448,0.44899433522296023,0.4703125,0.4703125,0.25,0.9438311396699328,0.22350451081495748,37.5,-0.035242323628355665,0.375,0.12075545109404869,0.1326530612244898,0.7295918367346939,0.1377551020408163,0.15816326530612246,0.15816326530612246,nan,nan,0.12500582131795052,0.3316805263718437,0.06293706293706294,0.14814814814814814,0.14814814814814814,0.21991142793190993,-0.0035930828830475353,1.7933026860271446,20,20,8.192982196807861
111,,0.0564797784664523,0.001107446636597104,0.2256115436553955,0.45,0.45,0.45,0.7806691449814126,0.7647058823529411,0.7982456140350878,0.11403508771929824,0.08771929824561403,0.43165458044032656,0.39509803921568626,0.39509803921568626,0.35294117647058826,0.17311015495167034,0.33945751136290125,15.0,-0.4201256062491633,0.15,0.09536161528589622,0.09210526315789473,0.7192982456140351,0.18859649122807018,0.14473684210526316,0.14473684210526316,nan,nan,0.17038165622780743,0.43568523820224253,0.054878048780487805,0.16279069767441862,0.11627906976744186,0.2056635915950354,-0.13379391976786587,1.8355284851518197,20,20,31.694510459899902
112,,0.18819871986751338,0.020910968874168153,0.03154688701033592,1.0,1.0,1.0,1.0,1.0,0.8181818181818182,0.1258741258741259,0.055944055944055944,0.48824550341814754,0.07222222222222222,0.07222222222222222,0.6666666666666666,0.9992666227371398,0.021546270848493643,12.5,-0.042328080637840965,0.125,0.011213199649559642,0.18181818181818182,0.2097902097902098,0.6083916083916084,0.16783216783216784,0.16783216783216784,nan,nan,0.021583243154906617,0.08312642973546314,0.03333333333333333,0.12643678160919541,0.04597701149425287,0.20111146727953205,0.1795651964310384,1.985958007032852,20,20,3.1622138023376465
113,,0.16539638068482018,0.005168636896400631,0.06368600204586983,0.9,0.9,0.9,0.9485981308411215,1.0,0.8009708737864077,0.14563106796116504,0.05339805825242718,0.43008370889110664,0.3546875,0.3546875,0.09375,0.8203443929501435,0.28801074209046756,36.36363636363637,-0.03760805969120857,0.36363636363636365,0.05313308563429465,0.12135922330097088,0.5485436893203883,0.3300970873786408,0.21844660194174756,0.21844660194174756,nan,nan,0.0893602038949156,0.28608362131146664,0.04424778761061947,0.17647058823529413,0.058823529411764705,0.21081247312307974,-0.07719826896738781,1.8330276219503159,20,20,9.06515121459961
114,,0.17321819410844932,0.00558768368091772,0.051251570135354994,0.9,0.9,0.9,0.9895833333333334,1.0,0.890625,0.0625,0.046875,0.4294215470717679,0.49193548387096775,0.49193548387096775,0.25806451612903225,0.8561973841052827,0.29483337780292435,33.33333333333333,-0.08437496734952726,0.3333333333333333,0.11696359627965974,0.11979166666666667,0.609375,0.2708333333333333,0.14583333333333334,0.14583333333333334,nan,nan,0.13052916309932058,0.35234283317761744,0.05982905982905983,0.019230769230769232,0.0,0.22755698729540608,-0.06727639050751826,1.6482847902599902,20,20,14.537806749343872
115,,0.19955411071189014,0.006236065959746567,-0.00881240088492632,1.0,1.0,1.0,1.0,1.0,0.9356435643564357,0.04950495049504951,0.01485148514851485,0.4317872856358008,0.5,0.5,0.09375,0.9932625266266235,0.059242861402745844,0.0,-0.16658336022741943,0.0,0.0,0.09900990099009901,0.7673267326732673,0.13366336633663367,0.13366336633663367,0.13366336633663367,nan,nan,0.11946816385318175,0.3284631979403114,0.01935483870967742,0.1111111111111111,0.0,0.2345423302199732,0.17529946881722736,1.5853378045235287,20,20,8.828824043273926
116,,0.19211626233431406,0.006197298784977873,0.012227972224354743,0.95,0.95,0.95,0.9951219512195122,1.0,0.9560975609756097,0.03902439024390244,0.004878048780487805,0.42637733061076893,0.4532258064516129,0.4532258064516129,0.03225806451612903,0.9658689527788502,0.18838665573969143,0.0,-0.1371561226548934,0.0,0.0,0.1073170731707317,0.7902439024390244,0.1024390243902439,0.13170731707317074,0.13170731707317074,nan,nan,0.10380665719988445,0.3177477589495925,0.006172839506172839,0.047619047619047616,0.0,0.23661885396987248,0.048232198230181045,1.6073774534455623,20,20,7.957407474517822
117,,0.19257886597488022,0.019257886597488023,0.011949831061065197,1.0,1.0,1.0,1.0,1.0,0.9307692307692308,0.05384615384615385,0.015384615384615385,0.4558417815994471,0.08,0.08,0.0,0.9989527275545439,0.030025424655944016,50.0,-0.04332357886423796,0.5,0.0019753314820211074,0.2153846153846154,0.2230769230769231,0.5615384615384615,0.23076923076923078,0.23076923076923078,nan,nan,0.027869921398205762,0.084404637407594,0.0,0.0410958904109589,0.0136986301369863,0.20713046318590908,0.17710503852996506,1.7874635540961619,20,20,2.393831491470337
118,,0.1849945811533444,0.006166486038444814,0.0006930014118552208,1.0,1.0,1.0,1.0,1.0,0.9326923076923077,0.04326923076923077,0.02403846153846154,0.4428149799164385,0.48,0.48,0.3,0.9921180783959969,0.05503009655777466,20.0,-0.04380978869590448,0.2,0.059845141445569655,0.11057692307692307,0.7403846153846154,0.14903846153846154,0.14423076923076922,0.14423076923076922,nan,nan,0.1103064414856416,0.31219917043802003,0.01948051948051948,0.0,0.06451612903225806,0.2157068414560549,0.16067674489828024,1.6156336996519758,20,20,7.694535255432129
119,,0.179525510475516,0.003989455788344799,0.05426924253503482,0.85,0.85,0.85,0.9799196787148594,1.0,0.959349593495935,0.016260162601626018,0.024390243902439025,0.4495206131630888,0.6477777777777778,0.6477777777777778,0.06666666666666667,0.9006980667959286,0.21531318896718776,33.33333333333333,-0.03396634868426007,0.3333333333333333,0.31304160554225613,0.08943089430894309,0.6951219512195121,0.21544715447154472,0.11788617886178862,0.11788617886178862,nan,nan,0.18476240399208593,0.5131496483638572,0.005847953216374269,0.0,0.09433962264150944,0.24338936233418207,0.028076173366994306,1.7367332954288082,20,20,14.760074377059937
120,,0.1803863501448039,0.00400858555877342,0.08030873586734136,0.9,0.9,0.9,0.9924242424242424,1.0,0.928030303030303,0.04924242424242424,0.022727272727272728,0.43877273328421224,0.6466666666666666,0.6466666666666666,0.2222222222222222,0.8693917533545755,0.29566462947557803,16.666666666666664,-0.07951717198000723,0.16666666666666666,0.013787444118760428,0.07196969696969698,0.8901515151515151,0.03787878787878788,0.125,0.125,nan,nan,0.16501917750931017,0.42121348930230407,0.01276595744680851,0.0,0.2,0.25283577669757695,-0.0428288527780011,1.7493506462942077,20,20,20.551158905029297
121,,0.19452048240887213,0.006274854271253939,-0.023801346262916922,1.0,1.0,1.0,1.0,1.0,0.8190954773869347,0.12060301507537688,0.06030150753768844,0.44210660012679237,0.47258064516129034,0.47258064516129034,0.16129032258064516,0.9978040734585111,0.03082751740404363,41.66666666666667,-0.060945609252761844,0.4166666666666667,0.06578006165742216,0.08040201005025126,0.5829145728643216,0.33668341708542715,0.11557788944723618,0.11557788944723618,nan,nan,0.11539416756015848,0.3140726511795724,0.08620689655172414,0.19402985074626866,0.014925373134328358,0.20910635584980833,0.1782788384457647,1.8413119943930805,20,20,8.34788966178894
122,,0.18777050720384014,0.0062590169067946715,-0.036928665824234486,1.0,1.0,1.0,1.0,1.0,0.6834170854271356,0.24120603015075376,0.07537688442211055,0.44531408574742576,0.39,0.39,0.4666666666666667,0.993872654588315,0.053548119198641,20.0,-0.05686593113634501,0.2,0.047919900352324164,0.11055276381909548,0.6231155778894473,0.2663316582914573,0.20100502512562815,0.20100502512562815,nan,nan,0.09590255536908086,0.2932053890225588,0.06451612903225806,0.2830188679245283,0.07547169811320754,0.215577193662662,0.162029074464021,1.8865228066669013,20,20,8.3430016040802
123,,0.19025751468130847,0.006137339183268015,-0.019464968517422677,1.0,1.0,1.0,1.0,1.0,0.8195121951219512,0.13658536585365855,0.04390243902439024,0.47168965054781087,0.5306451612903226,0.5306451612903226,0.2903225806451613,0.9962127456062826,0.040068092390504545,0.0,-0.12638116389589346,0.0,0.0,0.08292682926829269,0.8439024390243902,0.07317073170731707,0.17073170731707318,0.17073170731707318,nan,nan,0.12792246051055406,0.4185725555336844,0.05202312138728324,0.0,0.0,0.21372745076734756,0.17365935837684301,1.6268791947034134,20,20,8.62575626373291
124,,0.16772930536664807,0.0035687086248222992,0.06048683275779088,0.85,0.85,0.85,0.9851301115241635,1.0,0.7228464419475655,0.21722846441947566,0.0599250936329588,0.46985444948374433,0.5319148936170213,0.5319148936170213,0.19148936170212766,0.7960103303550462,0.3301385493057758,43.75,-0.04615571949539468,0.4375,0.23179356461020895,0.08614232209737828,0.7565543071161048,0.15730337078651685,0.22846441947565543,0.22846441947565543,nan,nan,0.1544179567143382,0.4982526713661114,0.06930693069306931,0.23809523809523808,0.023809523809523808,0.2541301495934974,-0.0760083997122784,1.897881013263076,20,20,15.05306625366211
125,,0.1890178771624901,0.0063005959054163365,-0.013920044526457787,1.0,1.0,1.0,1.0,1.0,0.5459183673469388,0.40816326530612246,0.04591836734693878,0.4546859269082779,0.29333333333333333,0.29333333333333333,0.6666666666666666,0.9978030677456805,0.03640898059494946,44.44444444444444,-0.03834512976014074,0.4444444444444444,0.011430793295173183,0.12755102040816327,0.6326530612244898,0.23979591836734693,0.336734693877551,0.336734693877551,nan,nan,0.06742747640453148,0.22930611366555764,0.04838709677419355,0.46808510638297873,0.02127659574468085,0.20459381476463018,0.16818483416968072,2.201158414914077,20,20,7.531742572784424
126,,0.16702939884964427,0.0038844046244103318,0.057481477657953896,0.9,0.9,0.9,0.989010989010989,1.0,0.6446886446886447,0.30036630036630035,0.054945054945054944,0.447688381487861,0.5174418604651163,0.5174418604651163,0.6976744186046512,0.8994614195109393,0.22151442460279427,33.33333333333333,-0.046158378227733915,0.3333333333333333,0.3255568626264367,0.13553113553113552,0.5787545787545788,0.2857142857142857,0.23809523809523808,0.23809523809523808,nan,nan,0.1452584808359414,0.45871005592280434,0.06329113924050633,0.2692307692307692,0.02564102564102564,0.20797093462708588,-0.013543489975708395,1.8883127762384069,20,20,14.744184732437134
127,,0.18453297717820188,0.005952676683167802,-0.023422141931951045,1.0,1.0,1.0,1.0,1.0,0.49056603773584906,0.4528301886792453,0.05660377358490566,0.4557680692673931,0.3016129032258065,0.3016129032258065,1.8064516129032258,0.9960237869209532,0.04272346476098826,41.66666666666667,-0.04862317342353522,0.4166666666666667,0.0771384326717743,0.1179245283018868,0.5518867924528302,0.330188679245283,0.28773584905660377,0.28773584905660377,nan,nan,0.07334975878653327,0.2564987790766595,0.05128205128205128,0.4857142857142857,0.05714285714285714,0.20592471074936475,0.1632012459883765,2.3185351043914895,20,20,10.001551628112793
128,,0.1582091531202611,0.004653210385890032,0.026545724272727965,0.9,0.9,0.9,0.914572864321608,1.0,0.41304347826086957,0.5489130434782609,0.03804347826086957,0.4385340461921741,0.2073529411764706,0.2073529411764706,1.2058823529411764,0.8095217115146018,0.2890528540761399,57.14285714285714,0.020751208663139124,0.5714285714285714,0.08892976427922064,0.10326086956521739,0.7445652173913043,0.15217391304347827,0.41304347826086957,0.41304347826086957,nan,nan,0.07806263082774385,0.33303901508452166,0.043795620437956206,0.5357142857142857,0.0,0.20692009378178072,-0.08213276029435916,1.9123400641453696,20,20,9.878407955169678
129,,0.1775732399641971,0.008878661998209855,0.014785565435886383,0.95,0.95,0.95,0.9696969696969697,1.0,0.46153846153846156,0.5076923076923077,0.03076923076923077,0.43208399236224065,0.03,0.03,0.8,0.895250165006811,0.2873982182304077,75.0,-0.01498917650097583,0.75,0.005993038342849241,0.19230769230769232,0.5692307692307692,0.23846153846153847,0.36153846153846153,0.36153846153846153,nan,nan,0.03373795886799959,0.1930547775410384,0.04054054054054054,0.5483870967741935,0.0,0.2011941510060457,-0.086204067224362,2.260306479405789,20,20,3.8638882637023926
130,,0.1250663060674902,0.003380170434256492,0.14689917266368865,0.75,0.75,0.75,0.9311926605504587,1.0,0.631578947368421,0.3492822966507177,0.019138755980861243,0.4180497657391243,0.21486486486486486,0.21486486486486486,0.8378378378378378,0.5951686067483329,0.29056307357965294,50.0,0.022646820949900583,0.5,0.0847452535303967,0.13875598086124402,0.3253588516746411,0.5358851674641149,0.17703349282296652,0.17703349282296652,nan,nan,0.1024738874863401,0.3559405417225077,0.029411764705882353,0.33035714285714285,0.008928571428571428,0.20340592550525954,-0.0871571480743934,2.103390336203677,20,20,19.073543787002563
131,,0.1899817442634563,0.02110908269593959,-0.009871827811002732,1.0,1.0,1.0,1.0,1.0,0.5572519083969466,0.4198473282442748,0.022900763358778626,0.4507270650886413,0.03888888888888889,0.03888888888888889,1.2222222222222223,0.999332941667598,0.022445910815904135,33.33333333333333,-0.013516512043591208,0.3333333333333333,0.043101708440725126,0.21374045801526717,0.3053435114503817,0.48091603053435117,0.22900763358778625,0.22900763358778625,nan,nan,0.030535781473937453,0.15987304933412133,0.025,0.42857142857142855,0.015873015873015872,0.20273196080537648,0.18028604998947234,2.2461205892844345,20,20,2.4977145195007324
132,,0.1906543232954463,0.019065432329544628,-0.01435159519314766,1.0,1.0,1.0,1.0,1.0,0.609375,0.359375,0.03125,0.44534291634568945,0.04,0.04,0.9,0.9992462488584566,0.01776726938168166,25.0,-0.006464094605414078,0.25,0.004753205310603234,0.1796875,0.5234375,0.296875,0.2890625,0.2890625,nan,nan,0.02032073763748002,0.09557810290884583,0.04477611940298507,0.39473684210526316,0.0,0.20102221889167715,0.1832549495099955,2.157334827377541,20,20,2.4415385723114014
133,,0.11535084020478054,0.003392671770728839,0.17581635639071463,0.7,0.7,0.7,0.8769230769230769,1.0,0.4550561797752809,0.5224719101123596,0.02247191011235955,0.4062864086484564,0.21029411764705883,0.21029411764705883,1.5294117647058822,0.5149929266796126,0.28969524000759805,50.0,0.01614902052582999,0.5,0.09211533648266329,0.09550561797752809,0.6853932584269663,0.21910112359550563,0.398876404494382,0.398876404494382,nan,nan,0.084751686098388,0.32119604435173776,0.00819672131147541,0.5641025641025641,0.07692307692307693,0.2141919292140657,-0.07550331079353234,2.188257655055166,20,20,11.42349362373352
134,,0.15956478051976056,0.003710808849296757,0.022723457589745522,0.9,0.9,0.9,0.9330708661417323,1.0,0.5104602510460251,0.4769874476987448,0.012552301255230125,0.400708235861452,0.3732558139534884,0.3732558139534884,1.4651162790697674,0.8231383417633348,0.27783795161524466,66.66666666666666,-0.0034931182827805753,0.6666666666666666,0.055487429047785794,0.12133891213389121,0.6569037656903766,0.2217573221757322,0.3514644351464435,0.3514644351464435,nan,nan,0.12315744333143162,0.47088440711842505,0.01910828025477707,0.4339622641509434,0.0,0.21496254844296617,-0.0628754031722785,2.116352158409168,20,20,15.85750699043274
135,,0.1682221850381083,0.005607406167936943,0.07204147726297379,0.9,0.9,0.9,0.9846938775510204,1.0,0.6134020618556701,0.37628865979381443,0.010309278350515464,0.39663446792673007,0.32,0.32,0.8,0.8459470517046784,0.27668447883696345,50.0,-0.12108780426569729,0.5,0.008344833059544421,0.12371134020618557,0.7268041237113402,0.14948453608247422,0.3556701030927835,0.3556701030927835,nan,nan,0.07221139803350717,0.25304261169872977,0.014184397163120567,0.4827586206896552,0.0,0.21486739468447552,-0.06181708415248793,1.650458844825792,20,20,7.289215087890625
136,,0.098076928375067,0.002972028132577788,0.19958992898464203,0.65,0.65,0.65,0.9227053140096618,1.0,0.6515151515151515,0.29797979797979796,0.050505050505050504,0.41312534248414023,0.30454545454545456,0.30454545454545456,0.8484848484848485,0.4042063242876706,0.32455930585765536,10.0,-0.07033127914391166,0.1,0.06336740377579325,0.1111111111111111,0.5303030303030303,0.35858585858585856,0.2222222222222222,0.2222222222222222,nan,nan,0.10241068048222612,0.32559424004092324,0.01904761904761905,0.29577464788732394,0.07042253521126761,0.23345917276184094,-0.09110013309581444,1.8875896836423909,20,20,14.873401403427124
137,,0.18519731276989485,0.005787416024059214,-0.017224595323204993,1.0,1.0,1.0,1.0,1.0,0.6432160804020101,0.3165829145728643,0.04020100502512563,0.4073848696009918,0.371875,0.371875,0.71875,0.9952393597679419,0.05759509477823763,25.0,-0.12381747611962225,0.25,0.04267767495074978,0.17587939698492464,0.4623115577889447,0.36180904522613067,0.2914572864321608,0.2914572864321608,nan,nan,0.09434514950315363,0.37990034585953864,0.05434782608695652,0.3472222222222222,0.027777777777777776,0.2168081892349608,0.1592130944567232,2.1758125743052736,20,20,7.774471759796143
138,,0.19048337991797054,0.0046459360955602574,-0.02705641103287538,1.0,1.0,1.0,1.0,1.0,0.6917562724014337,0.2903225806451613,0.017921146953405017,0.42636367167692585,0.4695121951219512,0.4695121951219512,0.8292682926829268,0.9835970545590417,0.11050781932886644,0.0,-0.1414412805811258,0.0,0.0,0.0931899641577061,0.8279569892473119,0.07885304659498207,0.2939068100358423,0.2939068100358423,nan,nan,0.11476731305717817,0.38193820403834394,0.021645021645021644,0.3181818181818182,0.0,0.27205343403582,0.16154561470695356,1.9691975468736682,20,20,15.140158414840698
139,,0.16248771066726603,0.005077740958352063,0.038474418222904205,0.9,0.9,0.9,0.9658536585365853,1.0,0.715,0.28,0.005,0.4174996536006802,0.2546875,0.2546875,0.78125,0.8402031461549476,0.28944301292357183,0.0,-0.35408661743181974,0.0,0.0,0.15,0.335,0.515,0.185,0.185,nan,nan,0.07076036368934316,0.21526449488650054,0.014925373134328358,0.3592233009708738,0.0,0.20872719206497317,-0.08071582085859866,2.2243239376025916,20,20,8.948774576187134
140,,0.1811662384053498,0.0060388746135116595,0.026391657441854476,0.95,0.95,0.95,1.0,1.0,0.7371134020618557,0.25257731958762886,0.010309278350515464,0.4298119350958344,0.4083333333333333,0.4083333333333333,0.7666666666666667,0.9389587000449433,0.23688021728166442,50.0,0.011154419350565103,0.5,0.028187566058036462,0.12886597938144329,0.6185567010309279,0.25257731958762886,0.26288659793814434,0.26288659793814434,nan,nan,0.09623959809621034,0.3502373556143795,0.016666666666666666,0.22448979591836735,0.0,0.22253311064209613,-0.014347106639568272,1.6992694222438363,20,20,7.8014490604400635
141,,0.15625208123521458,0.003396784374678578,0.0903516560792923,0.85,0.85,0.85,0.953307392996109,0.8181818181818182,0.7449392712550608,0.21052631578947367,0.044534412955465584,0.42038362167595944,0.5402173913043479,0.5402173913043479,0.391304347826087,0.7745060794857322,0.2978802236463697,18.181818181818183,-0.13391830922860723,0.18181818181818182,0.02152055766667331,0.11336032388663968,0.6518218623481782,0.23481781376518218,0.17813765182186234,0.17813765182186234,nan,nan,0.15934652738989677,0.4847120167873378,0.049689440993788817,0.25862068965517243,0.017241379310344827,0.23271622787255644,-0.06516399577381327,1.7834815761907792,20,20,15.534884214401245
142,,0.13231642910085392,0.0030071915704739526,0.09703532134493192,0.8,0.8,0.8,0.9490196078431372,1.0,0.8299595141700404,0.10526315789473684,0.06477732793522267,0.42292220962117427,0.5647727272727273,0.5647727272727273,0.2727272727272727,0.642749761406661,0.36316385281088864,43.75,0.024119572301573376,0.4375,0.2348756909539591,0.09716599190283401,0.5020242914979757,0.4008097165991903,0.145748987854251,0.145748987854251,nan,nan,0.16589349671601542,0.5107230165045266,0.04032258064516129,0.0707070707070707,0.08080808080808081,0.22217421200023307,-0.14098964081065557,1.883079178235989,20,20,28.011444807052612
143,,0.19124400116971282,0.01593700009747607,0.04485126957297325,1.0,1.0,1.0,1.0,1.0,0.8759124087591241,0.0948905109489051,0.029197080291970802,0.45024409274725863,0.08333333333333333,0.08333333333333333,0.3333333333333333,0.9978661817732409,0.03785330739196194,50.0,0.0017825320534796442,0.5,0.02156665046183605,0.18248175182481752,0.22627737226277372,0.5912408759124088,0.17518248175182483,0.17518248175182483,nan,nan,0.034177996854391844,0.0926507090226038,0.06451612903225806,0.09876543209876543,0.012345679012345678,0.2176103496485101,0.17975704225654815,1.9914198646829089,20,20,2.785559892654419
144,,0.18922656162696364,0.015768880135580303,-0.0075545283034443855,1.0,1.0,1.0,1.0,1.0,0.8837209302325582,0.07751937984496124,0.03875968992248062,0.45777930223072566,0.058333333333333334,0.058333333333333334,0.8333333333333334,0.9991757622024094,0.02262894178738431,60.0,-0.011979698436398106,0.6,0.01050782775638766,0.17829457364341086,0.15503875968992248,0.6666666666666666,0.18604651162790697,0.18604651162790697,nan,nan,0.03206915116909867,0.09119125727651217,0.0,0.06976744186046512,0.05813953488372093,0.20390771790896015,0.18127877612157584,1.8420017928635364,20,20,3.430036783218384
145,,0.18816755423392234,0.006969168675330457,-0.01864801673218608,1.0,1.0,1.0,1.0,1.0,0.729064039408867,0.2561576354679803,0.014778325123152709,0.42192325122240515,0.37222222222222223,0.37222222222222223,0.5555555555555556,0.9957562775738183,0.04661608634372799,66.66666666666666,-0.004727116450670467,0.6666666666666666,0.0886657497361875,0.1330049261083744,0.30049261083743845,0.5665024630541872,0.2019704433497537,0.2019704433497537,nan,nan,0.08699556567605159,0.28731808787592594,0.0,0.26956521739130435,0.017391304347826087,0.21236420048402924,0.16574811414030124,2.0830760552922647,20,20,7.973524808883667
146,,0.19224936846606613,0.006866048873788076,-0.01563599668443203,1.0,1.0,1.0,1.0,1.0,0.7487684729064039,0.22167487684729065,0.029556650246305417,0.4334863056378838,0.4375,0.4375,0.2857142857142857,0.9962193700844196,0.0574509273920234,16.666666666666664,-0.11820654694141332,0.16666666666666666,0.006367077972264906,0.10837438423645321,0.7635467980295566,0.12807881773399016,0.2413793103448276,0.2413793103448276,nan,nan,0.09437103863357157,0.3120165360101153,0.03225806451612903,0.2692307692307692,0.038461538461538464,0.22764633520229727,0.17019540781027387,1.6926400243801645,20,20,7.659205436706543
147,,0.2005694467197771,0.006469982152250874,-0.03610057588666678,1.0,1.0,1.0,1.0,1.0,0.8514851485148515,0.13366336633663367,0.01485148514851485,0.4351009438634895,0.4403225806451613,0.4403225806451613,0.03225806451612903,0.9890521975830051,0.09761292156552881,0.0,-0.30682066651953904,0.0,0.0,0.0891089108910891,0.8267326732673267,0.08415841584158416,0.20297029702970298,0.20297029702970298,nan,nan,0.10156942354917575,0.3135606530453872,0.017964071856287425,0.0,0.0,0.26932421125008005,0.17171128968455124,1.899759068316952,20,20,8.649100303649902
148,,0.18159013694059217,0.005674691779393505,-0.00806234497576952,0.95,0.95,0.95,0.9950248756218906,0.0,0.8258706467661692,0.17412935323383086,0.0,0.42699219349924533,0.421875,0.421875,0.3125,0.9134971019274345,0.2785558318684991,0.0,0.0,0.0,0.0,0.1044776119402985,0.5671641791044776,0.3283582089552239,0.22885572139303484,0.22885572139303484,nan,nan,0.10666245442948447,0.2924790623386149,0.0,0.09090909090909091,0.0,0.22335280311891356,-0.05520302874958551,1.7607143798234177,20,20,9.23943018913269
149,,0.18454506839344248,0.006363623048049741,-0.029984945617616176,1.0,1.0,1.0,1.0,0.0,0.7329842931937173,0.2670157068062827,0.0,0.4398072899359375,0.3568965517241379,0.3568965517241379,0.896551724137931,0.9975719208744911,0.03436509956122902,0.0,0.0,0.0,0.0,0.13089005235602094,0.39267015706806285,0.47643979057591623,0.20418848167539266,0.20418848167539266,nan,nan,0.08593264121811484,0.2669944142172646,0.0,0.3626373626373626,0.0,0.20123116864821666,0.16686606908698765,2.1613756463762193,20,20,7.0098981857299805
150,,0.1760497245170091,0.006070680155758935,0.09236483350396156,0.9,0.9,0.9,0.9850746268656716,1.0,0.92,0.075,0.005,0.43854213687751825,0.496551724137931,0.496551724137931,0.3103448275862069,0.9169838331941037,0.1953922274964518,0.0,-0.3543792409092058,0.0,0.0,0.095,0.81,0.095,0.135,0.135,nan,nan,0.11171687207415407,0.3418946532636529,0.006172839506172839,0.15789473684210525,0.0,0.21354778283463038,0.018155555338178572,1.9020604468036868,20,20,8.417078256607056
151,,0.1883250455985531,0.006493967089605279,-0.0006137518212199211,0.95,0.95,0.95,0.9948979591836735,0.0,0.8469387755102041,0.15306122448979592,0.0,0.44423364165784984,0.42586206896551726,0.42586206896551726,0.5172413793103449,0.9473517916097333,0.22421173268995015,0.0,0.0,0.0,0.0,0.1326530612244898,0.5459183673469388,0.32142857142857145,0.17857142857142858,0.17857142857142858,nan,nan,0.11067262233777769,0.31422780060034405,0.0,0.1746031746031746,0.0,0.23749399193271953,0.013282259242769393,1.959106816541024,20,20,9.194998502731323
152,,0.19209593946992298,0.007683837578796919,-0.0649045929312706,1.0,1.0,1.0,1.0,1.0,0.6649484536082474,0.32989690721649484,0.005154639175257732,0.45602918058563957,0.424,0.424,1.4,0.9936431404076468,0.058374309366344995,0.0,-0.2665548425263343,0.0,0.0,0.1134020618556701,0.4587628865979381,0.42783505154639173,0.20618556701030927,0.20618556701030927,nan,nan,0.09157813294063116,0.27528161278936847,0.011235955056179775,0.3614457831325301,0.0,0.2255667105708193,0.16719240120447432,2.1709159287604547,20,20,7.263789176940918
153,,0.18640529460472166,0.0053258655601349045,-0.008090489730238914,1.0,1.0,1.0,1.0,1.0,0.46484375,0.52734375,0.0078125,0.4515644112026556,0.45,0.45,3.342857142857143,0.9843266767706244,0.08474144166041525,50.0,-0.07919168627673126,0.5,0.053541283629273656,0.11328125,0.68359375,0.203125,0.38671875,0.38671875,nan,nan,0.10385284343708863,0.4007910749564596,0.011428571428571429,0.5576923076923077,0.0,0.23714183310979253,0.15240039144937728,2.6960995953462485,20,20,14.295051574707031
154,,0.17507447563148695,0.0038905439029219323,0.028227005278070767,0.95,0.95,0.95,1.0,1.0,0.7011070110701108,0.28044280442804426,0.01845018450184502,0.4616799855604768,0.4922222222222222,0.4922222222222222,1.0222222222222221,0.9505603920089073,0.193326515082379,20.0,-0.11536888170980805,0.2,0.055166386833707046,0.0996309963099631,0.7822878228782287,0.11808118081180811,0.2767527675276753,0.2767527675276753,nan,nan,0.12565810417511397,0.3993675116010432,0.018867924528301886,0.40625,0.03125,0.20508379723897527,0.011757282156596272,2.2024397026385523,20,20,13.57724928855896
155,,0.18757783690956217,0.008155558126502703,-0.010270253010094165,1.0,1.0,1.0,1.0,1.0,0.6881188118811881,0.30198019801980197,0.009900990099009901,0.4586650649834748,0.4217391304347826,0.4217391304347826,0.9565217391304348,0.9970598447259991,0.036323356982551847,0.0,-0.12498973428408405,0.0,0.0,0.12871287128712872,0.6188118811881188,0.2524752475247525,0.27722772277227725,0.27722772277227725,nan,nan,0.07383196318439054,0.28493545789702845,0.016,0.3333333333333333,0.0,0.20554652308767052,0.16922316610511867,2.68561701810575,20,20,7.642582654953003
156,,0.17638587480479484,0.004522714738584483,0.004548228532075882,0.95,0.95,0.95,0.9923954372623575,1.0,0.5076335877862596,0.4770992366412214,0.015267175572519083,0.45612536646509305,0.35,0.35,2.076923076923077,0.9311929101138476,0.2287373530623508,75.0,0.02416922262631445,0.75,0.050286155561493406,0.13358778625954199,0.5381679389312977,0.3282442748091603,0.3931297709923664,0.3931297709923664,nan,nan,0.07158676161461644,0.293998431853661,0.02127659574468085,0.37209302325581395,0.011627906976744186,0.20819329707922785,-0.02054405598312295,2.5332857650175495,20,20,13.396628141403198
157,,0.19151576938349874,0.006839848906553527,-0.03849899070337415,1.0,1.0,1.0,1.0,1.0,0.6470588235294118,0.3431372549019608,0.00980392156862745,0.48455358555407396,0.37142857142857144,0.37142857142857144,1.0714285714285714,0.9909695281195806,0.060396900519223445,0.0,-0.07652561109688086,0.0,0.0,0.11274509803921569,0.7352941176470589,0.15196078431372548,0.3431372549019608,0.3431372549019608,nan,nan,0.07361081731930164,0.2666817382021866,0.006666666666666667,0.3870967741935484,0.0,0.22499348922670973,0.16459658870748628,1.7875854859400164,20,20,8.655061483383179
158,,0.1927949487046791,0.007140553655728855,-0.029644408961758018,1.0,1.0,1.0,1.0,1.0,0.6153846153846154,0.36538461538461536,0.019230769230769232,0.4931136989741828,0.4166666666666667,0.4166666666666667,1.0,0.9972888574195903,0.04023946813405749,25.0,-0.1650015567403818,0.25,0.07162731172006145,0.125,0.6778846153846154,0.1971153846153846,0.28846153846153844,0.28846153846153844,nan,nan,0.09285136128975123,0.30098060618623484,0.02127659574468085,0.5609756097560976,0.0,0.21444654467587027,0.17420707654181278,2.1195318297969266,20,20,9.41813850402832
159,,0.17869981484426645,0.004582046534468371,-0.012121411599218845,1.0,1.0,1.0,1.0,1.0,0.5,0.48518518518518516,0.014814814814814815,0.4786811302535427,0.4025641025641026,0.4025641025641026,2.2564102564102564,0.9922632698737778,0.05353722231465555,50.0,-0.02341343123717598,0.5,0.019804224254598712,0.1111111111111111,0.6555555555555556,0.23333333333333334,0.35555555555555557,0.35555555555555557,nan,nan,0.09370209600455408,0.3251705387512701,0.01694915254237288,0.5714285714285714,0.0,0.20346066186895748,0.14992343955430193,2.098253981846385,20,20,13.326436519622803
160,,0.1896480123316444,0.018964801233164442,-0.02401864230632782,1.0,1.0,1.0,1.0,1.0,0.4393939393939394,0.5151515151515151,0.045454545454545456,0.5163116127438844,0.045,0.045,0.5,0.9994049322939427,0.017081363537369276,50.0,-0.007131558728893162,0.5,0.02497339312332412,0.21212121212121213,0.3106060606060606,0.4772727272727273,0.2878787878787879,0.2878787878787879,nan,nan,0.021868925622670773,0.08670944380986009,0.04878048780487805,0.5079365079365079,0.031746031746031744,0.1975024429908987,0.18042107945352942,2.575825295107406,20,20,2.760432243347168
161,,0.16247424824406953,0.00738519310200316,0.08957759737968445,0.9,0.9,0.9,0.9420289855072463,1.0,0.5151515151515151,0.44696969696969696,0.03787878787878788,0.47996414819287814,0.011363636363636364,0.011363636363636364,0.2727272727272727,0.7997770770631488,0.2977593922464967,60.0,0.0020496414865853333,0.6,0.007510290127729098,0.16666666666666666,0.4696969696969697,0.36363636363636365,0.25,0.25,nan,nan,0.030089474576674387,0.1482487072363784,0.08064516129032258,0.4583333333333333,0.0,0.20514789879300366,-0.09261149345349308,2.399462631568761,20,20,4.223363637924194
162,,0.1317678360192127,0.0027451632504002644,0.07039773364861807,0.75,0.75,0.75,0.9153846153846154,1.0,0.39094650205761317,0.5102880658436214,0.09876543209876543,0.45449056397555976,0.3229166666666667,0.3229166666666667,1.5,0.6262331206676902,0.3281494604911158,25.0,-0.07115038037429612,0.25,0.1977630713430755,0.11934156378600823,0.6255144032921811,0.2551440329218107,0.3662551440329218,0.3662551440329218,nan,nan,0.12079611827740377,0.4547627141667888,0.09868421052631579,0.5645161290322581,0.06451612903225806,0.22505546733446216,-0.10309399315665364,2.222791675165776,20,20,17.065922021865845
163,,0.1767011365583691,0.005048603901667689,-0.0027410952374339105,1.0,1.0,1.0,1.0,1.0,0.3007518796992481,0.6278195488721805,0.07142857142857142,0.49525481989407644,0.39714285714285713,0.39714285714285713,3.4571428571428573,0.9864918974473145,0.07954231704706677,47.368421052631575,-0.06355492027849168,0.47368421052631576,0.18718408802726888,0.07142857142857142,0.7481203007518797,0.18045112781954886,0.5037593984962406,0.5037593984962406,nan,nan,0.09259398015568178,0.44140862892108157,0.06532663316582915,0.625,0.125,0.22092307648867615,0.14138075944160938,2.135475099386575,20,20,14.304108381271362
164,,0.14919853355872018,0.003243446381711308,0.08870159536600113,0.85,0.85,0.85,0.9961389961389961,1.0,0.28957528957528955,0.6332046332046332,0.07722007722007722,0.47719814846438924,0.325,0.325,2.391304347826087,0.8016192611367932,0.27345646850132255,25.0,-0.30687986060785055,0.25,0.06271151844418814,0.09266409266409266,0.7644787644787645,0.14285714285714285,0.528957528957529,0.528957528957529,nan,nan,0.10204611820688847,0.40393021481749153,0.0707070707070707,0.7297297297297297,0.10810810810810811,0.21002905264715743,-0.06342741585416509,2.0215019808585,20,20,14.164475440979004
165,,0.1727521318861266,0.006398227106893578,0.03642326034605503,0.95,0.95,0.95,0.9903846153846154,1.0,0.27403846153846156,0.6298076923076923,0.09615384615384616,0.4877302956301719,0.30925925925925923,0.30925925925925923,2.6666666666666665,0.9280452594244155,0.2565067385727703,30.0,-0.09190814007686889,0.3,0.0646379395081174,0.14903846153846154,0.5721153846153846,0.27884615384615385,0.42788461538461536,0.42788461538461536,nan,nan,0.0727996788928388,0.29222958351648987,0.09243697478991597,0.5862068965517241,0.06896551724137931,0.2326388531376847,-0.023867885435085556,2.2110699255080797,20,20,8.57568883895874
166,,0.15505171164852846,0.00443004890424367,0.08747300654649734,0.85,0.85,0.85,0.9278350515463918,0.9583333333333334,0.40540540540540543,0.4594594594594595,0.13513513513513514,0.4966974589068975,0.28714285714285714,0.28714285714285714,0.9714285714285714,0.7982186826657716,0.3155392383360175,48.0,-0.05997144494858867,0.48,0.04285282199422887,0.14054054054054055,0.6594594594594595,0.2,0.4,0.4,nan,nan,0.08379245797292888,0.2448733358391567,0.14754098360655737,0.5405405405405406,0.10810810810810811,0.23565428608794364,-0.07988495224807388,2.0633894298365694,20,20,9.97285771369934
167,,0.17623207748058936,0.008010548976390426,-0.03704298958182335,0.95,0.95,0.95,0.9758064516129032,1.0,0.4180327868852459,0.5163934426229508,0.06557377049180328,0.49686646787873046,0.011363636363636364,0.011363636363636364,0.18181818181818182,0.889868353958627,0.2922608609106217,37.5,-0.003273933756686765,0.375,0.016529366593655417,0.13934426229508196,0.45081967213114754,0.4098360655737705,0.30327868852459017,0.30327868852459017,nan,nan,0.02462005369082455,0.12032137798437197,0.07272727272727272,0.54,0.08,0.19889353806863275,-0.09336732284198894,2.0450270092109113,20,20,3.6963882446289062
168,,0.1776726131261146,0.003948280291691435,0.004046042263507843,0.95,0.95,0.95,0.9960159362549801,0.9090909090909091,0.50199203187251,0.4541832669322709,0.043824701195219126,0.48666376235687897,0.36666666666666664,0.36666666666666664,1.5777777777777777,0.9334187440488739,0.22946615126016778,36.36363636363637,-0.11924881401893829,0.36363636363636365,0.09596520280553132,0.09163346613545817,0.7450199203187251,0.16334661354581673,0.4103585657370518,0.4103585657370518,nan,nan,0.10520315896028358,0.40034946131424504,0.0374331550802139,0.3902439024390244,0.07317073170731707,0.2118112618056971,-0.017654889454470676,1.8976986171539716,20,20,14.131839752197266
169,,0.17456964973614153,0.007934984078915524,0.020467503741383553,0.95,0.95,0.95,0.9854014598540146,1.0,0.5367647058823529,0.4117647058823529,0.051470588235294115,0.4908709350825203,0.015909090909090907,0.015909090909090907,0.5454545454545454,0.8940129635636688,0.2911525172021296,71.42857142857143,-0.002171562819071773,0.7142857142857143,0.010817571728200014,0.22058823529411764,0.15441176470588236,0.625,0.2426470588235294,0.2426470588235294,nan,nan,0.0320649749598732,0.11870217607122172,0.047619047619047616,0.43529411764705883,0.07058823529411765,0.2049535149075867,-0.08619900229454289,2.44730744016671,20,20,4.1094889640808105
170,,0.18618001702050352,0.009309000851025175,-0.0026798561215400697,1.0,1.0,1.0,1.0,1.0,0.3020833333333333,0.6666666666666666,0.03125,0.5108102187979966,0.25,0.25,3.3,0.9980687271760308,0.028217246807281854,66.66666666666666,0.03170673127525632,0.6666666666666666,0.0718964735166133,0.11458333333333333,0.6979166666666666,0.1875,0.5572916666666666,0.5572916666666666,nan,nan,0.03696010755833106,0.18142915672143883,0.029850746268656716,0.6388888888888888,0.027777777777777776,0.19865082715561008,0.17043358034832823,2.4225077553270453,20,20,6.760394811630249
171,,0.18903206956561902,0.0189032069565619,0.04480133354663849,1.0,1.0,1.0,1.0,1.0,0.8222222222222222,0.1037037037037037,0.07407407407407407,0.5104429322853684,0.035,0.035,0.9,0.9981212648408859,0.033234638208267,60.0,-0.0036654036857698613,0.6,0.004653103916488349,0.15555555555555556,0.4740740740740741,0.37037037037037035,0.24444444444444444,0.24444444444444444,nan,nan,0.01516906855208814,0.04747228290250052,0.078125,0.06,0.08,0.20215140394773046,0.16891676573946346,1.5811171593449358,20,20,4.916139841079712
172,,0.19056244849420156,0.02117360538824462,0.0003622768446803093,1.0,1.0,1.0,1.0,1.0,0.44274809160305345,0.48854961832061067,0.06870229007633588,0.537105684251421,0.06666666666666667,0.06666666666666667,0.7777777777777778,0.9992468738112983,0.020011380561355874,11.11111111111111,-0.022004220096762943,0.1111111111111111,0.02851251974604002,0.1984732824427481,0.2900763358778626,0.5114503816793893,0.22900763358778625,0.22900763358778625,nan,nan,0.030679445173416413,0.12078019330729742,0.10526315789473684,0.4925373134328358,0.014925373134328358,0.200391211509061,0.18037983094770513,2.5864258999914287,20,20,2.7759482860565186
173,,0.17440808807269254,0.00792764036694057,-0.01687571257352829,0.95,0.95,0.95,0.9779411764705882,0.8571428571428571,0.7761194029850746,0.17164179104477612,0.05223880597014925,0.4913017469923943,0.03409090909090909,0.03409090909090909,0.36363636363636365,0.8917448437592607,0.2864714650511535,57.14285714285714,0.004865440382395858,0.5714285714285714,0.01921876308380758,0.1417910447761194,0.13432835820895522,0.7238805970149254,0.208955223880597,0.208955223880597,nan,nan,0.024083297548460347,0.0754663453471761,0.05555555555555555,0.16494845360824742,0.05154639175257732,0.19694648685083585,-0.08952497820031763,1.7512327725619337,20,20,4.953588962554932
174,,0.1908547698173342,0.017350433619757657,-0.014468206837773324,1.0,1.0,1.0,1.0,1.0,0.7727272727272727,0.1893939393939394,0.03787878787878788,0.4940905451605266,0.07727272727272727,0.07727272727272727,0.8181818181818182,0.9989158606900207,0.024439228633109128,80.0,0.007664472044174103,0.8,0.015897131676946286,0.2196969696969697,0.5227272727272727,0.25757575757575757,0.26515151515151514,0.26515151515151514,nan,nan,0.024640074436725813,0.08662294000717298,0.028985507246376812,0.29411764705882354,0.08823529411764706,0.20171233050688275,0.17727310187377363,1.8850519745430219,20,20,3.0631167888641357
175,,0.18948158797245757,0.018948158797245755,-0.0172853359952569,1.0,1.0,1.0,1.0,1.0,0.8796992481203008,0.11278195488721804,0.007518796992481203,0.4801552250422537,0.075,0.075,0.7,0.9993035024469351,0.020373532781369552,100.0,0.007958152226277198,1.0,0.007958152226277198,0.13533834586466165,0.045112781954887216,0.8195488721804511,0.13533834586466165,0.13533834586466165,nan,nan,0.03035419980201047,0.09753936855931507,0.0,0.09174311926605505,0.009174311926605505,0.20285433339241932,0.18248080061104976,1.9744168272791636,20,20,4.62682580947876
176,,0.17537866096976806,0.007015146438790722,0.02193973809480667,0.95,0.95,0.95,0.9925925925925926,1.0,0.7407407407407407,0.2222222222222222,0.037037037037037035,0.4903356935791671,0.02,0.02,0.28,0.8904400602668133,0.28984688122914776,80.0,0.003784617082030639,0.8,0.004974047500260102,0.23703703703703705,0.31851851851851853,0.4444444444444444,0.3111111111111111,0.3111111111111111,nan,nan,0.017335005817998562,0.0606538658300094,0.023255813953488372,0.2,0.06666666666666667,0.19808535464560506,-0.0917615265835427,1.865680730609288,20,20,3.9217681884765625
177,,0.1553465422091942,0.004438472634548406,0.07218224629759788,0.85,0.85,0.85,0.9253731343283582,0.9090909090909091,0.6648936170212766,0.2765957446808511,0.05851063829787234,0.5055367992179735,0.25857142857142856,0.25857142857142856,0.3142857142857143,0.7482253092413336,0.27596990534647275,36.36363636363637,-0.06367830301413008,0.36363636363636365,0.03285254588168274,0.14361702127659576,0.6223404255319149,0.23404255319148937,0.2978723404255319,0.2978723404255319,nan,nan,0.07806352102888489,0.24227229050959115,0.06837606837606838,0.22727272727272727,0.045454545454545456,0.21754581705863096,-0.058424088287841784,1.856815525119465,20,20,8.369402647018433
178,,0.1918959067423588,0.02398698834279485,-0.0026938432827591898,1.0,1.0,1.0,1.0,0.0,0.8205128205128205,0.1794871794871795,0.0,0.5115317727439106,0.08125,0.08125,0.0,0.9993314769965551,0.025464396930907074,0.0,0.0,0.0,0.0,0.1794871794871795,0.3504273504273504,0.4700854700854701,0.24786324786324787,0.24786324786324787,nan,nan,0.018967661309156045,0.07524253567229362,0.0,0.2,0.0,0.2067495294973672,0.18128513256646012,1.7955313656259189,20,20,2.070929527282715
179,,0.19491602507362266,0.006721242243918023,-0.008851987496018409,1.0,1.0,1.0,1.0,1.0,0.835820895522388,0.15422885572139303,0.009950248756218905,0.5058052396144846,0.42931034482758623,0.42931034482758623,0.2413793103448276,0.9972190189035157,0.04634443332151217,50.0,-0.02867487580537474,0.5,0.0237583957383172,0.11442786069651742,0.6318407960199005,0.2537313432835821,0.22885572139303484,0.22885572139303484,nan,nan,0.09304217021803668,0.2969663573794902,0.015748031496062992,0.0392156862745098,0.0,0.21417277307591637,0.1678283397544042,1.7467136711486158,20,20,7.547314882278442
180,,0.1863035254236777,0.006900130571247322,-0.014817909803241491,1.0,1.0,1.0,1.0,1.0,0.5728155339805825,0.39805825242718446,0.02912621359223301,0.5282378070056438,0.37407407407407406,0.37407407407407406,1.4074074074074074,0.9964515646191877,0.04314302119437646,66.66666666666666,0.03525747688336427,0.6666666666666666,0.06924455097401316,0.10194174757281553,0.4029126213592233,0.49514563106796117,0.2524271844660194,0.2524271844660194,nan,nan,0.08039008042803689,0.2665759667447111,0.04819277108433735,0.3431372549019608,0.0196078431372549,0.2061491896779004,0.16300616848352395,1.8869468037168828,20,20,8.256074905395508
181,,0.1805207557467446,0.005470325931719533,0.0028478594496846197,0.95,0.95,0.95,0.9857142857142858,0.9230769230769231,0.8317307692307693,0.10576923076923077,0.0625,0.5299601319104884,0.4575757575757576,0.4575757575757576,0.30303030303030304,0.904097074714892,0.2855789293462881,38.46153846153847,-0.07026304445232409,0.38461538461538464,0.05729371127433428,0.10576923076923077,0.46634615384615385,0.42788461538461536,0.17307692307692307,0.17307692307692307,nan,nan,0.12503871187179222,0.3853074607744216,0.07216494845360824,0.1348314606741573,0.06741573033707865,0.2124588203396771,-0.07312010900661098,1.876835670785484,20,20,16.217908143997192
182,,0.15350610888427754,0.0031327777323321947,0.09897839526335399,0.8,0.8,0.8,0.9634146341463414,1.0,0.8755186721991701,0.07883817427385892,0.04564315352697095,0.5111381798488449,0.5612244897959183,0.5612244897959183,0.1836734693877551,0.7471895699100908,0.28498214472386585,36.36363636363637,-0.05652921938760244,0.36363636363636365,0.1895877644891701,0.08298755186721991,0.6473029045643154,0.2697095435684647,0.16182572614107885,0.16182572614107885,nan,nan,0.1758379172713689,0.482688039826244,0.038461538461538464,0.015384615384615385,0.06153846153846154,0.2310999500673685,-0.05388219465649733,1.7911883372335473,20,20,23.173452854156494
183,,0.1950758924161861,0.007225033052451336,0.0011273451149463654,1.0,1.0,1.0,1.0,1.0,0.7760416666666666,0.1875,0.036458333333333336,0.5092288068978599,0.412962962962963,0.412962962962963,0.3333333333333333,0.9977221921987307,0.031929342956986906,57.14285714285714,-0.03432790459062718,0.5714285714285714,0.0472968582443642,0.09895833333333333,0.78125,0.11979166666666667,0.2552083333333333,0.2552083333333333,nan,nan,0.07907139194084134,0.24941624638066798,0.04666666666666667,0.17391304347826086,0.0,0.2113493754059234,0.1794200324489365,2.0435030147860584,20,20,7.293555498123169
184,,0.18826761779144655,0.006275587259714885,0.038214631378650665,0.95,0.95,0.95,1.0,1.0,0.8071065989847716,0.12690355329949238,0.06598984771573604,0.5416555468738079,0.445,0.445,0.2,0.9153266032722873,0.2770154866382111,61.53846153846154,-0.015037309253859824,0.6153846153846154,0.07513141465504922,0.08121827411167512,0.8629441624365483,0.05583756345177665,0.19796954314720813,0.19796954314720813,nan,nan,0.10095824720733441,0.25616641359153214,0.07058823529411765,0.09090909090909091,0.0,0.22804642223400778,-0.0489690644042033,1.7616502052026957,20,20,8.643653869628906
185,,0.10970635370455185,0.002285549035511497,0.1319253921508789,0.65,0.65,0.65,0.8181818181818182,0.75,0.9078341013824884,0.027649769585253458,0.06451612903225806,0.5298504838952794,0.4875,0.4875,0.14583333333333334,0.48241771827306057,0.3177075513084606,42.857142857142854,-0.37800061773615096,0.42857142857142855,0.09982266230749216,0.11059907834101383,0.5714285714285714,0.31797235023041476,0.1382488479262673,0.1382488479262673,nan,nan,0.1891032505075132,0.5002845841140213,0.08870967741935484,0.014492753623188406,0.028985507246376812,0.2250227354722178,-0.09268481583624284,1.9946286211254964,20,20,24.877346515655518
186,,0.19056840496298957,0.01905684049629896,0.004668626189231873,1.0,1.0,1.0,1.0,1.0,0.8677685950413223,0.0743801652892562,0.05785123966942149,0.5151275995373726,0.16,0.16,0.7,0.9991713865999634,0.019999418159113713,28.57142857142857,-0.0021091369156734535,0.2857142857142857,0.008349981632785882,0.2066115702479339,0.5537190082644629,0.2396694214876033,0.256198347107438,0.256198347107438,nan,nan,0.026941581416880744,0.08996917700473213,0.07462686567164178,0.034482758620689655,0.034482758620689655,0.20263497588605492,0.1826355577269412,1.5852889759473139,20,20,3.2190470695495605
187,,0.18709390300647388,0.005345540085899254,-0.04491133065894246,1.0,1.0,1.0,1.0,1.0,0.9090909090909091,0.05741626794258373,0.03349282296650718,0.5223805872390845,0.2671428571428571,0.2671428571428571,0.11428571428571428,0.9979553168635293,0.033771702956296196,28.57142857142857,-0.00896138123012912,0.2857142857142857,0.06284522425910503,0.1722488038277512,0.33014354066985646,0.49760765550239233,0.22488038277511962,0.22488038277511962,nan,nan,0.07502251229251548,0.22622809790044057,0.028985507246376812,0.019230769230769232,0.038461538461538464,0.20703014533753106,0.17325844238123486,2.1119225283928253,20,20,7.881377935409546
188,,0.1872083687147787,0.02080092985719763,-0.013519404083490371,1.0,1.0,1.0,1.0,1.0,0.7559055118110236,0.2283464566929134,0.015748031496062992,0.5057823194811741,0.07222222222222222,0.07222222222222222,0.1111111111111111,0.999373761096884,0.015493533331529225,0.0,-0.0013412798961157744,0.0,0.0,0.1732283464566929,0.1732283464566929,0.6535433070866141,0.1889763779527559,0.1889763779527559,nan,nan,0.022810691065558795,0.07165181262681951,0.045454545454545456,0.24096385542168675,0.012048192771084338,0.1957879144796836,0.18029438114815438,1.9722685999231457,20,20,2.354229688644409
189,,0.19371684648760162,0.007174698018059319,-0.031281199865043165,1.0,1.0,1.0,1.0,1.0,0.7272727272727273,0.25252525252525254,0.020202020202020204,0.5071944998180563,0.362962962962963,0.362962962962963,0.3333333333333333,0.9979252389565352,0.03533652933427309,25.0,-0.046234578987885355,0.25,0.007688912623876873,0.09090909090909091,0.6262626262626263,0.2828282828282828,0.26262626262626265,0.26262626262626265,nan,nan,0.07010899491745792,0.23140155105766885,0.024193548387096774,0.30357142857142855,0.017857142857142856,0.21406621927957353,0.17872968994530045,1.8913306493242084,20,20,7.347494602203369
190,,0.18809557349148978,0.006067599144886767,0.026384341716766357,0.95,0.95,0.95,0.9903381642512077,1.0,0.7971014492753623,0.17391304347826086,0.028985507246376812,0.4845181245296713,0.4,0.4,0.1935483870967742,0.9444463606233682,0.2324384107890633,0.0,-0.1742418332875203,0.0,0.0,0.10144927536231885,0.5845410628019324,0.3140096618357488,0.22705314009661837,0.22705314009661837,nan,nan,0.09025084108332493,0.33454925423367804,0.024793388429752067,0.13846153846153847,0.03076923076923077,0.23291204551848355,0.000473634729420247,1.7754025230682275,20,20,8.296956539154053
191,,0.18673278852744232,0.006224426284248077,0.028912680596113204,0.95,0.95,0.95,1.0,1.0,0.8877005347593583,0.06417112299465241,0.0481283422459893,0.4601283491154512,0.4716666666666667,0.4716666666666667,0.23333333333333334,0.9370901205140045,0.24056183273628823,44.44444444444444,-0.06307673889968775,0.4444444444444444,0.038938381519950965,0.10160427807486631,0.8074866310160428,0.09090909090909091,0.1497326203208556,0.1497326203208556,nan,nan,0.11161588658594891,0.31330946018659994,0.059602649006622516,0.058823529411764705,0.0,0.2267522416352487,-0.013809591101039534,1.6204157342584495,20,20,9.81506633758545
192,,0.19099218776788018,0.019099218776788017,-0.01868435461074114,1.0,1.0,1.0,1.0,1.0,0.746031746031746,0.23809523809523808,0.015873015873015872,0.47061369732022285,0.05,0.05,0.3,0.9994914143543175,0.016826554884624506,0.0,-0.03847574647901757,0.0,0.0,0.19047619047619047,0.38095238095238093,0.42857142857142855,0.2857142857142857,0.2857142857142857,nan,nan,0.015187979245549684,0.045603033560256676,0.041666666666666664,0.25925925925925924,0.0,0.20031386875643634,0.18348731387181183,2.1417384408810314,20,20,2.4748694896698
193,,0.18905159325219978,0.018905159325219977,-0.02194518856704235,1.0,1.0,1.0,1.0,1.0,0.7857142857142857,0.19047619047619047,0.023809523809523808,0.48485242898575964,0.05,0.05,0.6,0.999145018317615,0.020633102855631857,66.66666666666666,-0.010635574983481678,0.6666666666666666,0.0072975967858150345,0.18253968253968253,0.1349206349206349,0.6825396825396826,0.23015873015873015,0.23015873015873015,nan,nan,0.022154593762076666,0.06451712593631356,0.0,0.19767441860465115,0.03488372093023256,0.2016690900662347,0.18103598721060285,2.1028012372953278,20,20,2.2427406311035156
194,,0.17828261996570804,0.0034957376463864323,0.03638925602038701,0.85,0.85,0.85,0.9810606060606061,0.8888888888888888,0.8371212121212122,0.125,0.03787878787878788,0.45906249700814905,0.4764705882352941,0.4764705882352941,0.11764705882352941,0.888024901634784,0.24964284510108598,70.0,0.018115638611064685,0.7,0.14430684548909647,0.08712121212121213,0.8333333333333334,0.07954545454545454,0.20833333333333334,0.20833333333333334,nan,nan,0.13311236967863752,0.37757923447966046,0.03636363636363636,0.047619047619047616,0.047619047619047616,0.2499047789057116,0.00026193380462563587,1.777946125765004,20,20,17.01480197906494
195,,0.18652422627605625,0.01695674784327784,-0.0017455173656344414,1.0,1.0,1.0,1.0,1.0,0.7746478873239436,0.19014084507042253,0.035211267605633804,0.4851589203896848,0.04090909090909091,0.04090909090909091,0.09090909090909091,0.9991376690480234,0.01771265272860964,40.0,-0.006005592318756725,0.4,0.011193208283616663,0.176056338028169,0.18309859154929578,0.6408450704225352,0.24647887323943662,0.24647887323943662,nan,nan,0.016125525113651458,0.05516239599725636,0.038461538461538464,0.14285714285714285,0.04395604395604396,0.19613546178631208,0.17842280905770244,1.8007030219331397,20,20,3.6765358448028564
196,,0.18956000898246,0.004988421289012106,-0.028383099101483823,1.0,1.0,1.0,1.0,1.0,0.5891472868217055,0.39147286821705424,0.01937984496124031,0.4776542243517102,0.4026315789473684,0.4026315789473684,1.7894736842105263,0.9976765176057617,0.038313475339626174,60.0,-0.010881848563712437,0.6,0.0763032745603864,0.10077519379844961,0.5930232558139535,0.3062015503875969,0.313953488372093,0.313953488372093,nan,nan,0.09013010661244492,0.3525634366650088,0.0196078431372549,0.43037974683544306,0.012658227848101266,0.21336325213190876,0.1750497767922826,2.1667937274286366,20,20,12.36253809928894
197,,0.18995635013220638,0.021106261125800708,-0.004748411662876606,1.0,1.0,1.0,1.0,1.0,0.7608695652173914,0.2028985507246377,0.036231884057971016,0.5068915971244375,0.027777777777777776,0.027777777777777776,0.0,0.9994278264436502,0.018883885373412762,60.0,0.004449326275564368,0.6,0.018211268518636754,0.2608695652173913,0.30434782608695654,0.43478260869565216,0.26811594202898553,0.26811594202898553,nan,nan,0.01896389652186847,0.05473635267705294,0.09523809523809523,0.23333333333333334,0.0,0.19760548691559385,0.17872160154218109,1.8468006484674873,20,20,2.447756052017212
198,,0.19429675295262364,0.007472952036639371,-0.023470233473926783,1.0,1.0,1.0,1.0,1.0,0.755,0.235,0.01,0.47751119372506556,0.4076923076923077,0.4076923076923077,0.5384615384615384,0.9958363014164094,0.04459415928975344,50.0,-0.030708034162634304,0.5,0.15836421717957852,0.145,0.57,0.285,0.305,0.305,nan,nan,0.07879132965767355,0.2683567770456271,0.008771929824561403,0.21052631578947367,0.017543859649122806,0.2195633894924573,0.17496923020270386,2.063005085214296,20,20,7.817188262939453
199,,0.1911725425238384,0.00708046453791994,-0.012740928493440152,1.0,1.0,1.0,1.0,1.0,0.6089108910891089,0.3811881188118812,0.009900990099009901,0.47168145859441546,0.31851851851851853,0.31851851851851853,0.8888888888888888,0.9948612865020098,0.0544201840393041,50.0,0.052399399898411816,0.5,0.11528724053430886,0.15841584158415842,0.6584158415841584,0.18316831683168316,0.3613861386138614,0.3613861386138614,nan,nan,0.06669577733843104,0.2553987648863209,0.007518796992481203,0.6216216216216216,0.02702702702702703,0.21194148165687443,0.15752129761757033,2.170496759584721,20,20,7.558770656585693
200,,0.1916067497413405,0.007983614572555855,-0.007016836479306221,1.0,1.0,1.0,1.0,0.0,0.6,0.4,0.0,0.4910296998496051,0.34791666666666665,0.34791666666666665,1.4166666666666667,0.9941256662960096,0.051453897344053395,0.0,0.0,0.0,0.0,0.1076923076923077,0.7692307692307693,0.12307692307692308,0.4205128205128205,0.4205128205128205,nan,nan,0.05623727184518629,0.20820268055583818,0.0,0.375,0.0,0.22168107134708454,0.17022717400303114,2.025888127101874,20,20,7.368879318237305
201,,0.19974331148079233,0.007989732459231694,-0.008024456351995468,1.0,1.0,1.0,1.0,1.0,0.6153846153846154,0.36923076923076925,0.015384615384615385,0.48123183177958706,0.378,0.378,1.52,0.99547748902943,0.057869740768508954,33.33333333333333,-0.19055688469054397,0.3333333333333333,0.0074880131722516174,0.11282051282051282,0.764102564102564,0.12307692307692308,0.41025641025641024,0.41025641025641024,nan,nan,0.0637247510818416,0.23876409353540018,0.020134228187919462,0.4166666666666667,0.0,0.235519829705432,0.17765008893692305,2.289320639615643,20,20,6.7347002029418945
202,,0.18902518852437222,0.021002798724930247,-0.009255986288189888,1.0,1.0,1.0,1.0,0.0,0.553030303030303,0.44696969696969696,0.0,0.5020484003548821,0.027777777777777776,0.027777777777777776,1.0,0.9993342128646281,0.016975868129077892,0.0,0.0,0.0,0.0,0.19696969696969696,0.29545454545454547,0.5075757575757576,0.29545454545454547,0.29545454545454547,nan,nan,0.018735550952251594,0.0884479530279138,0.0,0.417910447761194,0.0,0.1990145833557894,0.1820387152267115,2.3764285838124977,20,20,2.5077619552612305
203,,0.19306424652144927,0.006435474884048309,-0.03033953784033656,1.0,1.0,1.0,1.0,1.0,0.7574257425742574,0.2376237623762376,0.0049504950495049506,0.46848169359145686,0.33666666666666667,0.33666666666666667,0.6,0.9971535431680643,0.04082072095865766,0.0,-0.0005096943403670035,0.0,0.0,0.0891089108910891,0.7178217821782178,0.19306930693069307,0.2871287128712871,0.2871287128712871,nan,nan,0.06302412513833627,0.2158560526073961,0.0,0.1794871794871795,0.02564102564102564,0.21670541134111804,0.17588469038246038,2.135327117285691,20,20,8.441495418548584
204,,0.19613003710701524,0.005768530503147507,0.008924495615065097,1.0,1.0,1.0,1.0,1.0,0.5271317829457365,0.43410852713178294,0.03875968992248062,0.4684224314516006,0.48823529411764705,0.48823529411764705,1.8823529411764706,0.9831500514191197,0.11669787534702594,40.0,-0.01829266237547501,0.4,0.046069505405445,0.08139534883720931,0.8217054263565892,0.09689922480620156,0.43410852713178294,0.43410852713178294,nan,nan,0.08410740268425007,0.3040299157446386,0.03773584905660377,0.36,0.04,0.25736571584838475,0.1406678405013588,2.26239604840167,20,20,12.841794967651367
205,,0.16008784352918795,0.004573938386548227,0.07817178070545197,0.85,0.85,0.85,0.9497716894977168,0.875,0.7914691943127962,0.17061611374407584,0.037914691943127965,0.4639233973635627,0.35,0.35,0.34285714285714286,0.7456772399033325,0.30912307784741333,25.0,-0.03814699288095341,0.25,0.01875114372510663,0.09004739336492891,0.8530805687203792,0.05687203791469194,0.24644549763033174,0.24644549763033174,nan,nan,0.086954301284861,0.26133474879833785,0.03888888888888889,0.0,0.08333333333333333,0.23773215776191087,-0.07139092008550249,1.9451611363421113,20,20,17.146117687225342
206,,0.19538222647057626,0.007514701018099087,-0.03653301447629929,1.0,1.0,1.0,1.0,1.0,0.5647668393782384,0.42487046632124353,0.010362694300518135,0.4761070894229656,0.3269230769230769,0.3269230769230769,1.7307692307692308,0.9868426891653433,0.10018746597892358,0.0,-0.17687181203103058,0.0,0.0,0.14507772020725387,0.5129533678756477,0.34196891191709844,0.32124352331606215,0.32124352331606215,nan,nan,0.07512644321431679,0.26748136169283154,0.020202020202020204,0.3333333333333333,0.0,0.2624759819744837,0.1622885159955601,1.921650499664016,20,20,8.164534330368042
207,,0.18699884393967753,0.0069258831088769455,-0.028531388286501168,1.0,1.0,1.0,1.0,1.0,0.5763546798029556,0.4187192118226601,0.0049261083743842365,0.47449743261892796,0.3314814814814815,0.3314814814814815,1.2962962962962963,0.9918627241068059,0.06740350081516222,100.0,0.08676160700356023,1.0,0.08676160700356023,0.11822660098522167,0.5862068965517241,0.2955665024630542,0.32019704433497537,0.32019704433497537,nan,nan,0.06749504257568709,0.226783901619176,0.0,0.45,0.016666666666666666,0.2199814938096148,0.15257799299445257,2.036046691976033,20,20,7.770788192749023
208,,0.1912285242977902,0.007967855179074591,-0.019226128421723842,1.0,1.0,1.0,1.0,1.0,0.5454545454545454,0.4494949494949495,0.005050505050505051,0.49993713025469333,0.375,0.375,1.5,0.9956060886970026,0.05376381727314278,100.0,0.11816624893798211,1.0,0.11816624893798211,0.09090909090909091,0.36363636363636365,0.5454545454545454,0.22727272727272727,0.22727272727272727,nan,nan,0.08409949262627567,0.25040302810296877,0.0,0.49074074074074076,0.009259259259259259,0.21742652347413793,0.16366270620099516,2.454396460289666,20,20,8.25004529953003
209,,0.19128610284187836,0.02125401142687537,-0.009623766131699085,1.0,1.0,1.0,1.0,0.0,0.7952755905511811,0.2047244094488189,0.0,0.4913939701289766,0.05555555555555555,0.05555555555555555,0.4444444444444444,0.9995189032410022,0.01552460688282123,0.0,0.0,0.0,0.0,0.1968503937007874,0.2992125984251969,0.5039370078740157,0.25196850393700787,0.25196850393700787,nan,nan,0.021392066836586697,0.07051764684866936,0.0,0.203125,0.0,0.19988224350649048,0.18435763662366925,2.1299581113015007,20,20,2.1411871910095215
210,,0.19840050695275305,0.006841396791474243,-0.025205145590007305,1.0,1.0,1.0,1.0,1.0,0.7512437810945274,0.22388059701492538,0.024875621890547265,0.4880575597856258,0.47586206896551725,0.47586206896551725,0.5517241379310345,0.9941661807486707,0.05492640139034083,0.0,-0.0712327262203574,0.0,0.0,0.10945273631840796,0.7512437810945274,0.13930348258706468,0.29850746268656714,0.29850746268656714,nan,nan,0.0970680037965878,0.35126220856311935,0.019867549668874173,0.32142857142857145,0.07142857142857142,0.2250681636565182,0.17014176226617736,2.173250306181727,20,20,8.30479645729065
211,,0.18883054851275535,0.020981172056972818,-0.023720136284828185,1.0,1.0,1.0,1.0,1.0,0.6299212598425197,0.36220472440944884,0.007874015748031496,0.5112635712604969,0.03888888888888889,0.03888888888888889,0.7777777777777778,0.9990712267283652,0.025962472541547293,100.0,0.014858742593245308,1.0,0.014858742593245308,0.1889763779527559,0.2677165354330709,0.5433070866141733,0.28346456692913385,0.28346456692913385,nan,nan,0.016422810522432905,0.05271512077187065,0.0,0.36231884057971014,0.014492753623188406,0.20352079282644497,0.17755832028489768,2.2011334429592804,20,20,2.4180185794830322
212,,0.16267739325299185,0.005247657846870705,0.06453415900468826,0.85,0.85,0.85,0.9329896907216495,1.0,0.7119565217391305,0.2608695652173913,0.02717391304347826,0.5021444509301575,0.4064516129032258,0.4064516129032258,0.3870967741935484,0.7595580641162832,0.2997069716234711,0.0,-0.13682797753874582,0.0,0.0,0.09239130434782608,0.8369565217391305,0.07065217391304347,0.29891304347826086,0.29891304347826086,nan,nan,0.1063214337404081,0.3718346264477722,0.025974025974025976,0.23076923076923078,0.07692307692307693,0.2188536440214679,-0.08085332760200321,1.9065986533600072,20,20,16.177814245224
213,,0.15256928129775488,0.004487331802875144,0.10257281512022018,0.85,0.85,0.85,0.9696969696969697,1.0,0.5743589743589743,0.4205128205128205,0.005128205128205128,0.47343372652813903,0.21323529411764705,0.21323529411764705,1.411764705882353,0.7644815264445475,0.2704770481776011,0.0,-0.017771909038793582,0.0,0.0,0.10256410256410256,0.6307692307692307,0.26666666666666666,0.3384615384615385,0.3384615384615385,nan,nan,0.06119105743171936,0.24945940031793745,0.008130081300813009,0.38461538461538464,0.0,0.20758151572915162,-0.06289553244844946,2.415278155498519,20,20,8.97381043434143
214,,0.1911754862958337,0.00910359458551589,0.0018555261194705963,1.0,1.0,1.0,1.0,1.0,0.5665024630541872,0.4236453201970443,0.009852216748768473,0.4806622041378259,0.3547619047619048,0.3547619047619048,1.619047619047619,0.9957409423533224,0.05136253541297406,50.0,-0.003517463729361469,0.5,0.002644835020796807,0.14285714285714285,0.5517241379310345,0.3054187192118227,0.3694581280788177,0.3694581280788177,nan,nan,0.05210743013954396,0.19240103410976925,0.008928571428571428,0.3064516129032258,0.016129032258064516,0.2220075230073262,0.17064498759435215,2.294050226705091,20,20,7.213215112686157
215,,0.1911573173254449,0.021239701925049433,-0.007204900588840246,1.0,1.0,1.0,1.0,0.0,0.7633587786259542,0.2366412213740458,0.0,0.5135308941619263,0.07777777777777778,0.07777777777777778,0.7777777777777778,0.9996151692348156,0.013456261515475215,0.0,0.0,0.0,0.0,0.15267175572519084,0.3969465648854962,0.45038167938931295,0.2366412213740458,0.2366412213740458,nan,nan,0.02023614986152279,0.0802631420853839,0.0,0.3050847457627119,0.0,0.19752086725286186,0.18406460573738664,1.9514249336279383,20,20,2.8503384590148926
216,,0.17248492567394214,0.004928140733541204,0.050750843808054925,0.95,0.95,0.95,1.0,0.0,0.3201581027667984,0.6798418972332015,0.0,0.4917751269594633,0.2557142857142857,0.2557142857142857,4.6571428571428575,0.935236160642007,0.22174079282880974,0.0,0.0,0.0,0.0,0.11067193675889328,0.525691699604743,0.36363636363636365,0.41106719367588934,0.41106719367588934,nan,nan,0.06847373259265872,0.24001009644016869,0.0,0.7391304347826086,0.0,0.2274135810877079,0.005672788258898165,2.587785716521375,20,20,13.178993940353394
217,,0.16138374206939285,0.0062070670026689555,0.03839709311723709,0.9,0.9,0.9,0.9761904761904762,1.0,0.632,0.36,0.008,0.5002674909371237,0.021153846153846155,0.021153846153846155,0.34615384615384615,0.7869912645700049,0.2907995918555862,0.0,-0.05485287846731783,0.0,0.0,0.28,0.088,0.632,0.296,0.296,nan,nan,0.022570174964639703,0.07041844338191643,0.0,0.379746835443038,0.0,0.1985750977365431,-0.09222449411904307,2.3159288218741794,20,20,4.139137506484985
218,,0.18551363116650355,0.009275681558325177,-0.018077388778328894,1.0,1.0,1.0,1.0,1.0,0.7295918367346939,0.2653061224489796,0.00510204081632653,0.4972503299530945,0.3975,0.3975,1.15,0.9978900587125062,0.03648649008850638,100.0,0.010622957948464296,1.0,0.010622957948464296,0.12755102040816327,0.32653061224489793,0.5459183673469388,0.1683673469387755,0.1683673469387755,nan,nan,0.06536164141920815,0.17815578282123187,0.015625,0.2803738317757009,0.0,0.20682803296679214,0.17034154287828576,2.032190315909712,20,20,6.027103900909424
219,,0.18991185869318372,0.02110131763257597,-0.02307361289858818,1.0,1.0,1.0,1.0,1.0,0.6507936507936508,0.3412698412698413,0.007936507936507936,0.5205309050157666,0.06111111111111111,0.06111111111111111,0.6666666666666666,0.9994730768504675,0.015895943354525766,100.0,0.006720771090891947,1.0,0.006720771090891947,0.18253968253968253,0.3253968253968254,0.49206349206349204,0.2857142857142857,0.2857142857142857,nan,nan,0.018908435484146863,0.055554372157732415,0.024390243902439025,0.3225806451612903,0.0,0.19741095369416514,0.18151501033963938,2.239060273444336,20,20,2.1784534454345703
220,,0.1958175478623757,0.005153093364799361,-0.01777983848005533,1.0,1.0,1.0,1.0,1.0,0.8110236220472441,0.18110236220472442,0.007874015748031496,0.4829584040590194,0.6289473684210526,0.6289473684210526,0.5263157894736842,0.9947087374381208,0.06244396775200067,50.0,-0.16221141515603155,0.5,0.051695067799881145,0.09055118110236221,0.8582677165354331,0.051181102362204724,0.23228346456692914,0.23228346456692914,nan,nan,0.13846166812845018,0.41825331332955584,0.009174311926605505,0.3076923076923077,0.0,0.22457838118652895,0.16213441343452828,1.8106670473192372,20,20,17.84418487548828
221,,0.17599396286361563,0.005866465428787188,0.020912427455186844,0.95,0.95,0.95,0.9806763285024155,0.0,0.4117647058823529,0.5882352941176471,0.0,0.49873160439543424,0.19333333333333333,0.19333333333333333,1.9333333333333333,0.9072618990194925,0.2795174751862999,0.0,0.0,0.0,0.0,0.10784313725490197,0.4019607843137255,0.49019607843137253,0.29411764705882354,0.29411764705882354,nan,nan,0.05204186747838075,0.1899665840981101,0.0,0.64,0.0,0.22265534001830614,-0.056862135167993724,2.392037122396313,20,20,8.357982397079468
222,,0.1848704305682512,0.00924352152841256,-0.011544212326407432,1.0,1.0,1.0,1.0,1.0,0.405,0.59,0.005,0.4932641052408144,0.2325,0.2325,4.15,0.9951286104409031,0.052877048681302885,0.0,-0.06948157714342719,0.0,0.0,0.15,0.295,0.555,0.31,0.31,nan,nan,0.04720806459738799,0.17031179115693787,0.0,0.5855855855855856,0.009009009009009009,0.21078565491649173,0.15790860623518885,2.3030183063853737,20,20,6.9439263343811035
223,,0.18078436299940823,0.00669571714812623,-0.027337873261421917,1.0,1.0,1.0,1.0,1.0,0.6359223300970874,0.34951456310679613,0.014563106796116505,0.46711650016433043,0.35555555555555557,0.35555555555555557,1.6296296296296295,0.987671350947146,0.0658273059096266,66.66666666666666,0.002373772943473675,0.6666666666666666,0.020182335910161983,0.11650485436893204,0.41262135922330095,0.470873786407767,0.1941747572815534,0.1941747572815534,nan,nan,0.08034875023473055,0.24684286565537422,0.03529411764705882,0.4329896907216495,0.0,0.21889902239982817,0.15307171649020157,1.661204943132396,20,20,8.945934295654297
224,,0.18568017569107498,0.00807305111700326,0.006224802136421204,1.0,1.0,1.0,1.0,1.0,0.39690721649484534,0.5876288659793815,0.015463917525773196,0.47123266600335584,0.27608695652173915,0.27608695652173915,3.3043478260869565,0.9917340520930401,0.07334966484076588,33.33333333333333,-0.09524374872960055,0.3333333333333333,0.035520876523219336,0.12886597938144329,0.6443298969072165,0.2268041237113402,0.4536082474226804,0.4536082474226804,nan,nan,0.050107315717566325,0.22486275716479093,0.016,0.6363636363636364,0.022727272727272728,0.21718111630471937,0.14383145146395349,2.3625606797672636,20,20,7.056259632110596
225,,0.19291683887374908,0.021435204319305453,-0.014154569990932942,1.0,1.0,1.0,1.0,1.0,0.6976744186046512,0.2868217054263566,0.015503875968992248,0.47715390109871,0.03333333333333333,0.03333333333333333,0.2222222222222222,0.9993114476309416,0.020556808902320672,50.0,-0.0013340564831776456,0.5,0.005303648275208298,0.21705426356589147,0.5348837209302325,0.24806201550387597,0.3178294573643411,0.3178294573643411,nan,nan,0.020190261131194355,0.07328517905775234,0.014492753623188406,0.28125,0.0,0.20384003520658853,0.18328322630426785,2.0938346107969834,20,20,2.2352991104125977
226,,0.18844932140968862,0.018844932140968863,-0.01719836127012968,1.0,1.0,1.0,1.0,1.0,0.53125,0.453125,0.015625,0.49601816622074696,0.045,0.045,0.4,0.9991199166472751,0.019829549894725074,0.0,-0.09897852199642784,0.0,0.0,0.203125,0.1328125,0.6640625,0.203125,0.203125,nan,nan,0.024440873015964565,0.08892400221524,0.058823529411764705,0.4823529411764706,0.0,0.19698078540402428,0.1771512355092992,2.670536474175317,20,20,2.686699867248535
227,,0.18994843470278627,0.018994843470278626,-0.006469213217496872,1.0,1.0,1.0,1.0,1.0,0.5234375,0.4453125,0.03125,0.46997208825312553,0.055,0.055,0.8,0.9992638122978886,0.018455276489973804,50.0,0.013423871681639192,0.5,0.044062642924130854,0.1875,0.2421875,0.5703125,0.2578125,0.2578125,nan,nan,0.026149845129130295,0.0835921370322361,0.06451612903225806,0.410958904109589,0.0273972602739726,0.20061059224725464,0.18215531575728083,2.2666797322230323,20,20,2.613006830215454
228,,0.18962750303380774,0.007293365501300298,-0.02417120700702071,1.0,1.0,1.0,1.0,1.0,0.504950495049505,0.4603960396039604,0.034653465346534656,0.4636169949403176,0.31346153846153846,0.31346153846153846,2.3461538461538463,0.9957710381671464,0.05068793395427948,57.14285714285714,-0.015133275534254476,0.5714285714285714,0.04015136204207188,0.10396039603960396,0.4504950495049505,0.44554455445544555,0.2623762376237624,0.2623762376237624,nan,nan,0.07010761554052607,0.26075837887403924,0.06593406593406594,0.5555555555555556,0.011111111111111112,0.2081635282220858,0.15747559426780633,1.8972059392318004,20,20,7.33043646812439
229,,0.09979287855365065,0.0029350846633426665,0.2770157665014267,0.6,0.6,0.6,0.9641025641025641,0.5384615384615384,0.8622448979591837,0.0663265306122449,0.07142857142857142,0.4569160777500228,0.45294117647058824,0.45294117647058824,0.17647058823529413,0.46600870989501625,0.2765103491269344,21.428571428571427,-0.04205625320590857,0.21428571428571427,0.14974252599809404,0.08163265306122448,0.46938775510204084,0.4489795918367347,0.14285714285714285,0.14285714285714285,nan,nan,0.12825491297014002,0.3635211773971163,0.11956521739130435,0.022727272727272728,0.022727272727272728,0.2169465841166301,-0.05956376501030431,1.752301656481419,20,20,14.881505489349365
230,,0.1877529917044366,0.0072212689117091,0.005810616351664066,1.0,1.0,1.0,1.0,1.0,0.6305418719211823,0.35467980295566504,0.014778325123152709,0.4582397807546211,0.3923076923076923,0.3923076923076923,1.3461538461538463,0.9926865776734253,0.06990885791766505,33.33333333333333,0.005987174287039959,0.3333333333333333,0.12417134527094426,0.10837438423645321,0.7142857142857143,0.17733990147783252,0.31527093596059114,0.31527093596059114,nan,nan,0.0744873626908717,0.2533665401719503,0.020689655172413793,0.4444444444444444,0.0,0.23276000616143222,0.16285114824376717,1.9819861877129459,20,20,7.618748188018799
231,,0.19170122011224952,0.021300135568027723,0.030230818688869475,1.0,1.0,1.0,1.0,1.0,0.6328125,0.34375,0.0234375,0.48081592567678955,0.06666666666666667,0.06666666666666667,0.2222222222222222,0.9992358036004516,0.019439118365185998,100.0,0.017423223727934246,1.0,0.017423223727934246,0.1796875,0.3046875,0.515625,0.265625,0.265625,nan,nan,0.02478933656024001,0.0834792363276338,0.05128205128205128,0.3333333333333333,0.015151515151515152,0.2018546222915522,0.1824155039263662,2.07364889121876,20,20,2.4054133892059326
232,,0.19297163445275817,0.02144129271697313,-0.026285986974835397,1.0,1.0,1.0,1.0,1.0,0.609375,0.359375,0.03125,0.48060500975698234,0.044444444444444446,0.044444444444444446,0.3333333333333333,0.9994341704532093,0.015540639310931248,50.0,-0.0024438817637636584,0.5,0.012353789426947488,0.1875,0.5625,0.25,0.375,0.375,nan,nan,0.01573537114922571,0.06264482263916246,0.041666666666666664,0.28125,0.0,0.20171286292176618,0.18617222361083494,2.174159330925389,20,20,2.3641622066497803
233,,0.18944720095864528,0.00676597146280876,-0.016120944730937482,1.0,1.0,1.0,1.0,1.0,0.6732673267326733,0.29207920792079206,0.034653465346534656,0.4756642622041649,0.38035714285714284,0.38035714285714284,1.1428571428571428,0.9887419783165236,0.07180306308373496,42.857142857142854,-0.01850034689274004,0.42857142857142855,0.06078329066733997,0.11386138613861387,0.5198019801980198,0.36633663366336633,0.22772277227722773,0.22772277227722773,nan,nan,0.08629443546967844,0.2677757384257065,0.0380952380952381,0.44594594594594594,0.04054054054054054,0.2352493273081054,0.16344626422437045,2.1661213747012598,20,20,8.626904964447021
234,,0.15140721287261494,0.004453153319782792,0.08262021690607071,0.85,0.85,0.85,0.9796954314720813,0.8333333333333334,0.8061224489795918,0.1326530612244898,0.061224489795918366,0.48582488195833695,0.3897058823529412,0.3897058823529412,0.35294117647058826,0.7517703883654808,0.2792444223743792,25.0,-0.049712855501554847,0.25,0.12559768650157765,0.14795918367346939,0.4846938775510204,0.3673469387755102,0.2193877551020408,0.2193877551020408,nan,nan,0.12109157230606545,0.3346364192764104,0.06315789473684211,0.027777777777777776,0.05555555555555555,0.20910960267031525,-0.0701348197040639,1.6790062246166395,20,20,15.224568605422974
235,,0.1705734621322234,0.0041603283446883755,0.016720830897490182,0.95,0.95,0.95,0.9961089494163424,0.9545454545454546,0.36964980544747084,0.5447470817120622,0.08560311284046693,0.4913115748415826,0.3853658536585366,0.3853658536585366,2.2439024390243905,0.9207121438668474,0.24015723559423907,18.181818181818183,-0.15733037664719915,0.18181818181818182,0.06937683657984164,0.10505836575875487,0.5875486381322957,0.30739299610894943,0.377431906614786,0.377431906614786,nan,nan,0.09133735433324335,0.432011970466488,0.059602649006622516,0.5949367088607594,0.0759493670886076,0.20093202865477042,-0.03922520693946867,2.13370561159774,20,20,13.89643120765686
236,,0.19179138786306785,0.006186818963324769,0.00420372486114502,1.0,1.0,1.0,1.0,1.0,0.6732673267326733,0.2623762376237624,0.06435643564356436,0.4614370670905637,0.45806451612903226,0.45806451612903226,0.8709677419354839,0.9928811155588764,0.07752698850387621,30.76923076923077,-0.057219837369024626,0.3076923076923077,0.10533932546214313,0.10396039603960396,0.7475247524752475,0.1485148514851485,0.21782178217821782,0.21782178217821782,nan,nan,0.10787393766648543,0.3566536238892416,0.046357615894039736,0.5333333333333333,0.0,0.22001362779582223,0.14248663929194602,1.9393926421139533,20,20,8.009995937347412
237,,0.18780236047278043,0.01878023604727804,-0.004221136868000031,1.0,1.0,1.0,1.0,1.0,0.6541353383458647,0.3007518796992481,0.045112781954887216,0.5140584406256675,0.03,0.03,1.5,0.9989861466676033,0.02304305622518818,66.66666666666666,-0.011661035912774745,0.6666666666666666,0.00605474463234635,0.23308270676691728,0.18045112781954886,0.5864661654135338,0.16541353383458646,0.16541353383458646,nan,nan,0.03058602135704564,0.15619271920159583,0.08333333333333333,0.2692307692307692,0.02564102564102564,0.1994062915746545,0.17636323534946632,2.2015503645543206,20,20,2.762493848800659
238,,0.1671525091183247,0.005571750303944157,0.10531325563788414,0.85,0.85,0.85,0.9850746268656716,0.8571428571428571,0.85,0.115,0.035,0.49266890570366134,0.52,0.52,0.3333333333333333,0.8543294417730373,0.25990858381412774,42.857142857142854,-0.07747158446077439,0.42857142857142855,0.04899270644839051,0.09,0.845,0.065,0.135,0.135,nan,nan,0.13428198572073682,0.3845687114852207,0.023668639053254437,0.23076923076923078,0.07692307692307693,0.23441233042533846,-0.02549625338878929,1.6043119350671766,20,20,11.213924169540405
239,,0.19005689980678042,0.01900568998067804,-0.03160038627684116,1.0,1.0,1.0,1.0,1.0,0.6854838709677419,0.25,0.06451612903225806,0.497433295994997,0.075,0.075,1.6,0.9989708803583985,0.02173225418511765,50.0,-0.003491906992460047,0.5,0.017239785817621152,0.22580645161290322,0.3629032258064516,0.4112903225806452,0.20161290322580644,0.20161290322580644,nan,nan,0.03179483127408455,0.12393400778989096,0.06666666666666667,0.21568627450980393,0.0392156862745098,0.20164918366545903,0.17991692948034138,1.8989323636933417,20,20,2.350126266479492
240,,0.19253205052602607,0.006639036225035382,-0.036262251809239386,1.0,1.0,1.0,1.0,1.0,0.69,0.275,0.035,0.5031804552173306,0.35344827586206895,0.35344827586206895,0.4482758620689655,0.9964714834710001,0.03905882947564934,14.285714285714285,-0.0637668788392169,0.14285714285714285,0.012254955737004414,0.13,0.78,0.09,0.285,0.285,nan,nan,0.0842933949489178,0.272526434718184,0.01282051282051282,0.2777777777777778,0.0,0.21298708277525558,0.17392825329960623,1.7459636407730905,20,20,7.69361424446106
241,,0.18991705452586088,0.007033964982439292,-0.004040359985083342,1.0,1.0,1.0,1.0,1.0,0.6804123711340206,0.27319587628865977,0.04639175257731959,0.5100966653372678,0.43703703703703706,0.43703703703703706,0.4444444444444444,0.9944995068137866,0.05493450982602821,22.22222222222222,-0.08718973999974844,0.2222222222222222,0.09740012949339366,0.13917525773195877,0.5927835051546392,0.26804123711340205,0.24742268041237114,0.24742268041237114,nan,nan,0.10089370697227655,0.30474868767521723,0.02608695652173913,0.23076923076923078,0.038461538461538464,0.21420231210584112,0.1592678022798129,1.9311151851374888,20,20,7.206683874130249
242,,0.17717611707113531,0.006327718466826261,0.023754976317286493,0.95,0.95,0.95,0.9896907216494846,1.0,0.6649484536082474,0.29896907216494845,0.03608247422680412,0.5071761322207748,0.42678571428571427,0.42678571428571427,0.6071428571428571,0.9545727766356779,0.20897122011866207,14.285714285714285,-0.10286727293867991,0.14285714285714285,0.018180484644950562,0.12886597938144329,0.6082474226804123,0.26288659793814434,0.22164948453608246,0.22164948453608246,nan,nan,0.10557938276166944,0.3413836707793667,0.0,0.29411764705882354,0.0196078431372549,0.2305594980641586,0.02158827794549653,2.04411535545985,20,20,8.130594491958618
243,,0.17848697084385165,0.00396637712986337,0.006769851346810659,0.95,0.95,0.95,0.9961977186311787,1.0,0.7110266159695817,0.2813688212927757,0.0076045627376425855,0.4972064933801691,0.4722222222222222,0.4722222222222222,0.8444444444444444,0.9391137363177976,0.22292378130923562,50.0,-0.012548444592714328,0.5,0.09324901904235283,0.09505703422053231,0.8288973384030418,0.07604562737642585,0.28517110266159695,0.28517110266159695,nan,nan,0.12412552951201457,0.3768509193644669,0.0,0.3,0.05,0.22050516021711009,-0.0024186210921255252,1.8993415766899095,20,20,13.904408931732178
244,,0.17346952496787701,0.005782317498929234,0.05329535901546478,0.9,0.9,0.9,0.9842105263157894,1.0,0.7301587301587301,0.26455026455026454,0.005291005291005291,0.4994790362349401,0.44,0.44,0.5666666666666667,0.917258248120824,0.21984226838834048,0.0,-0.008217994710679855,0.0,0.0,0.09523809523809523,0.6772486772486772,0.2275132275132275,0.21164021164021163,0.21164021164021163,nan,nan,0.11766533935847298,0.3985880526864107,0.0078125,0.37209302325581395,0.0,0.21784121995803782,-0.002001048430302646,1.7738400897166613,20,20,6.9491212368011475
245,,0.19119562976440285,0.019119562976440286,0.011649357713758945,1.0,1.0,1.0,1.0,0.0,0.6376811594202898,0.36231884057971014,0.0,0.49937078818678854,0.02,0.02,0.6,0.9995190825203666,0.01778224468075179,0.0,0.0,0.0,0.0,0.21014492753623187,0.2391304347826087,0.5507246376811594,0.2608695652173913,0.2608695652173913,nan,nan,0.024439588242510166,0.09957911772507812,0.0,0.3026315789473684,0.0,0.198206050229461,0.1804238055487092,2.494923245265122,20,20,2.8360276222229004
246,,0.1795846707582983,0.007808029163404273,0.03207467198371887,0.95,0.95,0.95,0.991869918699187,0.0,0.7723577235772358,0.22764227642276422,0.0,0.5160062160909824,0.002173913043478261,0.002173913043478261,0.43478260869565216,0.8989510092988906,0.2820487455720552,0.0,0.0,0.0,0.0,0.2032520325203252,0.3983739837398374,0.3983739837398374,0.23577235772357724,0.23577235772357724,nan,nan,0.023631918627213838,0.050173367413834,0.0,0.12244897959183673,0.0,0.19992887067482512,-0.08211987489723012,2.080887419154846,20,20,4.7062718868255615
247,,0.1898417156934118,0.007593668627736472,-0.018762475065886974,1.0,1.0,1.0,1.0,0.0,0.4752475247524752,0.5247524752475248,0.0,0.5045873116683215,0.272,0.272,2.16,0.9919553890767013,0.0873412396206652,0.0,0.0,0.0,0.0,0.10396039603960396,0.3811881188118812,0.5148514851485149,0.297029702970297,0.297029702970297,nan,nan,0.06509919701325892,0.22140418768859382,0.0,0.49038461538461536,0.0,0.23214486584263044,0.14480362622196524,2.447225825152257,20,20,7.941117286682129
248,,0.1920745212512287,0.00738748158658572,-0.0036929933354258536,1.0,1.0,1.0,1.0,1.0,0.5025641025641026,0.48717948717948717,0.010256410256410256,0.5119770296634389,0.3576923076923077,0.3576923076923077,1.6923076923076923,0.990452511490925,0.08281640291374545,0.0,-0.035067455315242455,0.0,0.0,0.11794871794871795,0.6410256410256411,0.24102564102564103,0.35384615384615387,0.35384615384615387,nan,nan,0.0802435189607782,0.33898726440170796,0.008,0.425531914893617,0.0,0.24132324724380871,0.15850684433006326,2.576024408840283,20,20,7.723326683044434
249,,0.18881795453404313,0.00858263429700196,-0.034674945287406445,1.0,1.0,1.0,1.0,0.0,0.6619047619047619,0.3380952380952381,0.0,0.5125496303281663,0.3477272727272727,0.3477272727272727,1.4545454545454546,0.9959418024146047,0.04538846449930592,0.0,0.0,0.0,0.0,0.1380952380952381,0.3238095238095238,0.5380952380952381,0.19047619047619047,0.19047619047619047,nan,nan,0.06933664492161945,0.23614864389072224,0.0,0.336283185840708,0.0,0.20996887640073186,0.16458041190142594,1.9916942288550412,20,20,7.378612279891968
250,,0.18579090480737037,0.01689008225521549,-0.008896427415311336,1.0,1.0,1.0,1.0,1.0,0.25547445255474455,0.7372262773722628,0.0072992700729927005,0.507361401617527,0.013636363636363636,0.013636363636363636,1.9090909090909092,0.9987598085164837,0.02820009969183876,100.0,0.005507554622931083,1.0,0.005507554622931083,0.1678832116788321,0.41605839416058393,0.41605839416058393,0.38686131386861317,0.38686131386861317,nan,nan,0.021610726986152903,0.12135643991491551,0.0,0.7719298245614035,0.017543859649122806,0.2001832817923733,0.17198318210053454,2.32671685726794,20,20,3.2097301483154297
251,,0.18103617894752355,0.006034539298250785,0.02196810580790043,0.95,0.95,0.95,0.9947368421052631,0.0,0.4368421052631579,0.5631578947368421,0.0,0.5075362670638909,0.23666666666666666,0.23666666666666666,1.5,0.8980765496662363,0.2930687446788303,0.0,0.0,0.0,0.0,0.13157894736842105,0.7526315789473684,0.11578947368421053,0.4842105263157895,0.4842105263157895,nan,nan,0.06302991344133471,0.30092523002503807,0.0,0.5454545454545454,0.0,0.211621236916195,-0.0814475077626353,2.217183338981264,20,20,7.34416127204895
252,,0.17465211752515886,0.00415838375059902,0.016920768221219382,0.95,0.95,0.95,0.9961538461538462,1.0,0.36538461538461536,0.6307692307692307,0.0038461538461538464,0.4946160917769053,0.2619047619047619,0.2619047619047619,3.5238095238095237,0.9347838791289883,0.2184641852498555,0.0,-0.19156089172266647,0.0,0.0,0.08076923076923077,0.7230769230769231,0.19615384615384615,0.5038461538461538,0.5038461538461538,nan,nan,0.06299259269193437,0.3050572491414695,0.0,0.6470588235294118,0.0196078431372549,0.23301086190362844,0.01454667665377292,2.208506443783493,20,20,14.39259934425354
253,,0.17851751797111146,0.007438229915462977,-0.0005605926737189293,1.0,1.0,1.0,1.0,1.0,0.3891625615763547,0.6009852216748769,0.009852216748768473,0.5037431774971386,0.30625,0.30625,3.1666666666666665,0.9917316635842953,0.06704490304455293,0.0,-0.07046784872475353,0.0,0.0,0.09852216748768473,0.7783251231527094,0.12315270935960591,0.5073891625615764,0.5073891625615764,nan,nan,0.058966192135467145,0.26261092938630376,0.0,0.76,0.0,0.2040552849410126,0.13701038189645967,2.019751191843867,20,20,7.212858200073242
254,,0.19312098917080003,0.00715262922854815,-0.025691519118845464,1.0,1.0,1.0,1.0,0.0,0.421875,0.578125,0.0,0.47816020393985564,0.2722222222222222,0.2722222222222222,2.3703703703703702,0.9917533194580548,0.06168774883399353,0.0,0.0,0.0,0.0,0.11979166666666667,0.7708333333333334,0.109375,0.4583333333333333,0.4583333333333333,nan,nan,0.06205754034548675,0.2283136694285292,0.0,0.8571428571428571,0.0,0.21781219960199816,0.15612445076800463,2.039203699895661,20,20,7.407962083816528
255,,0.18992434423276175,0.006783012294027205,-0.021013304125517607,1.0,1.0,1.0,1.0,0.0,0.33495145631067963,0.6650485436893204,0.0,0.4954432464845013,0.20714285714285716,0.20714285714285716,3.75,0.9868998248241603,0.08160192179327655,0.0,0.0,0.0,0.0,0.10679611650485436,0.6941747572815534,0.19902912621359223,0.5533980582524272,0.5533980582524272,nan,nan,0.04516018525431246,0.2373471495706458,0.0,0.6585365853658537,0.0,0.2441282594865115,0.16252633769323496,2.185200431593696,20,20,8.04963207244873
256,,0.1955312978067295,0.0046555070906364165,-0.022119459230452776,1.0,1.0,1.0,1.0,1.0,0.4053030303030303,0.5909090909090909,0.003787878787878788,0.4866808391070836,0.2916666666666667,0.2916666666666667,3.0476190476190474,0.991067404296423,0.0718250464057811,0.0,-0.33534904004366395,0.0,0.0,0.10984848484848485,0.42045454545454547,0.4696969696969697,0.2727272727272727,0.2727272727272727,nan,nan,0.09488145646530317,0.31322800348442825,0.0,0.6451612903225806,0.0,0.23084902894609138,0.15902398254031028,1.9297779936957438,20,20,13.440041542053223
257,,0.19706602210726606,0.007038072218116645,-0.02541945450939238,1.0,1.0,1.0,1.0,0.0,0.7178217821782178,0.28217821782178215,0.0,0.4805970578171712,0.3982142857142857,0.3982142857142857,0.6428571428571429,0.9943063880360105,0.05458383052756288,0.0,0.0,0.0,0.0,0.09900990099009901,0.8465346534653465,0.054455445544554455,0.297029702970297,0.297029702970297,nan,nan,0.09250022744503822,0.28706287553873644,0.0,0.2727272727272727,0.0,0.2255211928770457,0.1709373623494828,1.8220907066133625,20,20,10.398547172546387
258,,0.1827586322079574,0.008702792009902734,0.014221880957484246,1.0,1.0,1.0,1.0,1.0,0.2935323383084577,0.7014925373134329,0.004975124378109453,0.4885333969568213,0.21904761904761905,0.21904761904761905,3.857142857142857,0.9896669499229047,0.08750743712540049,100.0,0.10496881357595461,1.0,0.10496881357595461,0.12437810945273632,0.5970149253731343,0.27860696517412936,0.48756218905472637,0.48756218905472637,nan,nan,0.034880641645552615,0.1781860271544945,0.008333333333333333,0.7142857142857143,0.0,0.23252487330759267,0.14501743618219218,2.3375944947349185,20,20,6.604280948638916
259,,0.18981242574807147,0.007908851072836311,-0.03999728327617049,1.0,1.0,1.0,1.0,1.0,0.5485436893203883,0.44660194174757284,0.0048543689320388345,0.48508563651606285,0.26875,0.26875,1.5833333333333333,0.9954135498967251,0.04950552801657879,0.0,-0.201353529319753,0.0,0.0,0.1650485436893204,0.25728155339805825,0.5776699029126213,0.17475728155339806,0.17475728155339806,nan,nan,0.0651453774098235,0.2318741577519116,0.018867924528301886,0.4369747899159664,0.0,0.2153278253536695,0.16582229733709072,2.195510088029677,20,20,6.857647180557251
260,,0.1689272721216222,0.00563090907072074,0.04772877246141434,0.95,0.95,0.95,0.9950738916256158,1.0,0.33004926108374383,0.6650246305418719,0.0049261083743842365,0.484684049799107,0.17,0.17,3.1,0.9064799443685042,0.2636194111208001,0.0,-0.033536058837588645,0.0,0.0,0.11822660098522167,0.39408866995073893,0.4876847290640394,0.3054187192118227,0.3054187192118227,nan,nan,0.06527092457444907,0.20526575536552788,0.0,0.7272727272727273,0.010101010101010102,0.21168628244954152,-0.05193312867125862,2.6640171053566766,20,20,8.828095436096191
261,,0.19056566453217982,0.009074555453913325,-0.02393605038523674,1.0,1.0,1.0,1.0,0.0,0.34536082474226804,0.654639175257732,0.0,0.4884885698933864,0.18095238095238095,0.18095238095238095,5.619047619047619,0.9926696381839568,0.07717954902012741,0.0,0.0,0.0,0.0,0.15979381443298968,0.23711340206185566,0.6030927835051546,0.16494845360824742,0.16494845360824742,nan,nan,0.09208641139263339,0.30451718576121045,0.0,0.7521367521367521,0.0,0.23523387021679154,0.15805432119666413,3.2576696716988587,20,20,8.38961410522461
262,,0.19233265097316793,0.006869023249041712,-0.0029123213142156603,1.0,1.0,1.0,1.0,1.0,0.5170731707317073,0.4682926829268293,0.014634146341463415,0.4971049910178408,0.34464285714285714,0.34464285714285714,1.7857142857142858,0.9925370678206654,0.0640436848651213,0.0,-0.14334626198302683,0.0,0.0,0.11219512195121951,0.6926829268292682,0.1951219512195122,0.33170731707317075,0.33170731707317075,nan,nan,0.07766368942178249,0.2659905439051066,0.014084507042253521,0.55,0.025,0.2201284625918458,0.1560847777267245,1.7390420945353202,20,20,8.616066455841064
263,,0.1890714332470155,0.00756285732988062,-0.01860988438129425,1.0,1.0,1.0,1.0,0.0,0.28125,0.71875,0.0,0.49912245660275223,0.14,0.14,4.08,0.9832563308904743,0.08014060290536718,0.0,0.0,0.0,0.0,0.16666666666666666,0.171875,0.6614583333333334,0.14583333333333334,0.14583333333333334,nan,nan,0.07512065845268398,0.24846485093362733,0.0,0.7401574803149606,0.0,0.22741909217591655,0.14727848927054937,2.4796730031986276,20,20,6.970313310623169
264,,0.1879085111215587,0.020878723457950967,0.007720717787742614,1.0,1.0,1.0,1.0,0.0,0.460431654676259,0.539568345323741,0.0,0.5156813386517266,0.011111111111111112,0.011111111111111112,1.3333333333333333,0.9994156624301641,0.017279983083557632,0.0,0.0,0.0,0.0,0.2014388489208633,0.19424460431654678,0.60431654676259,0.2589928057553957,0.2589928057553957,nan,nan,0.02715930121562556,0.15724322676572028,0.0,0.4880952380952381,0.0,0.19678932525857262,0.179509342175015,2.4289728225970806,20,20,2.935983657836914
265,,0.1749543443335988,0.008331159253980895,-0.016031545773148536,1.0,1.0,1.0,1.0,1.0,0.0962566844919786,0.8983957219251337,0.0053475935828877,0.5099345353675917,0.06190476190476191,0.06190476190476191,7.619047619047619,0.986244211367355,0.08270625611112528,0.0,-0.18765342947990143,0.0,0.0,0.1497326203208556,0.44385026737967914,0.40641711229946526,0.44385026737967914,0.44385026737967914,nan,nan,0.04240125367376035,0.19505256470736218,0.0,0.9210526315789473,0.0,0.22642966618564117,0.1437234100745159,2.87533100148765,20,20,7.1716156005859375
266,,0.1839183881764859,0.006342013385396065,0.014141137897968292,0.95,0.95,0.95,1.0,0.0,0.29207920792079206,0.7079207920792079,0.0,0.5259155317306005,0.20689655172413793,0.20689655172413793,3.0344827586206895,0.9555629301117751,0.19599265511884872,0.0,0.0,0.0,0.0,0.17326732673267325,0.29207920792079206,0.5346534653465347,0.22772277227722773,0.22772277227722773,nan,nan,0.07314300495300304,0.23403783156581603,0.0,0.7407407407407407,0.0,0.21842976285039456,0.02243710773154582,2.319711208549835,20,20,7.908390760421753
267,,0.18707835569516656,0.007195321372891022,0.036262800171971324,0.95,0.95,0.95,0.9903381642512077,1.0,0.8737864077669902,0.10194174757281553,0.024271844660194174,0.4910694691854028,0.5096153846153846,0.5096153846153846,0.4230769230769231,0.9482348203674199,0.21203404264823017,20.0,-0.12980839720967713,0.2,0.035034165933423345,0.10194174757281553,0.8106796116504854,0.08737864077669903,0.14563106796116504,0.14563106796116504,nan,nan,0.09975381062376767,0.31532503148275404,0.017964071856287425,0.2222222222222222,0.0,0.22138174087964801,0.009347698231417859,1.6866929436907176,20,20,13.342878580093384
268,,0.1625714279203992,0.004926406906678764,0.09279709309339523,0.8,0.8,0.8,0.9900497512437811,1.0,0.83,0.15,0.02,0.4994076909582046,0.5696969696969697,0.5696969696969697,0.30303030303030304,0.8124286278240426,0.26771290750667137,0.0,-0.18649455771045048,0.0,0.0,0.15,0.615,0.235,0.175,0.175,nan,nan,0.16193340783743027,0.5067398372127297,0.016260162601626018,0.02127659574468085,0.0425531914893617,0.2638399577029842,-0.003872949803687173,1.554094391482617,20,20,11.447620153427124
269,,0.17558823802954013,0.0050168068008440035,0.008232040796428919,1.0,1.0,1.0,1.0,0.0,0.24907063197026022,0.7509293680297398,0.0,0.479162169831938,0.2042857142857143,0.2042857142857143,5.685714285714286,0.9743900547653259,0.12307176011211415,0.0,0.0,0.0,0.0,0.13011152416356878,0.5762081784386617,0.2936802973977695,0.4721189591078067,0.4721189591078067,nan,nan,0.05778741757882501,0.2790163965725146,0.0,0.8354430379746836,0.0,0.22871168320861074,0.10563992309649659,2.581339775962989,20,20,13.650864362716675
270,,0.183286249759507,0.0076369270733127916,-0.002201637625694275,1.0,1.0,1.0,1.0,1.0,0.8325123152709359,0.15763546798029557,0.009852216748768473,0.48072445491755694,0.4354166666666667,0.4354166666666667,0.7916666666666666,0.9915160049025086,0.0734120154996758,0.0,-0.07000218731667493,0.0,0.0,0.1477832512315271,0.5024630541871922,0.3497536945812808,0.2315270935960591,0.2315270935960591,nan,nan,0.08156390470329139,0.2531196150274239,0.0196078431372549,0.1267605633802817,0.0,0.22956438741939122,0.15615237191971543,1.7215182306271222,20,20,10.144586324691772
271,,0.18965109746078967,0.021072344162309964,-0.006364623829722404,1.0,1.0,1.0,1.0,0.0,0.36885245901639346,0.6311475409836066,0.0,0.5110335789517396,0.027777777777777776,0.027777777777777776,1.6666666666666667,0.9987199824181215,0.026672217499564388,0.0,0.0,0.0,0.0,0.1885245901639344,0.16393442622950818,0.6475409836065574,0.1885245901639344,0.1885245901639344,nan,nan,0.0312621596366685,0.10569594814998064,0.0,0.6962025316455697,0.0,0.2055176543140972,0.1788454368145328,2.319759193756049,20,20,2.457683801651001
272,,0.1906381656450869,0.017330742331371538,-0.014925083331763744,1.0,1.0,1.0,1.0,1.0,0.49606299212598426,0.49606299212598426,0.007874015748031496,0.4954563998363235,0.04090909090909091,0.04090909090909091,0.9090909090909091,0.9993021245770916,0.016977162525215833,0.0,-0.007120373701031121,0.0,0.0,0.1968503937007874,0.30708661417322836,0.49606299212598426,0.2204724409448819,0.2204724409448819,nan,nan,0.03095521740222053,0.14676467090772655,0.02564102564102564,0.4444444444444444,0.0,0.1989088552598747,0.18193169273465887,2.5956124106927083,20,20,2.6648097038269043
273,,0.18414254946316422,0.0051150708184212286,0.0064393110573291775,1.0,1.0,1.0,1.0,1.0,0.21673003802281368,0.7756653992395437,0.0076045627376425855,0.48357350607661326,0.19722222222222222,0.19722222222222222,5.472222222222222,0.9752655556836708,0.11468075656685628,0.0,-0.13028584675702243,0.0,0.0,0.09885931558935361,0.49429657794676807,0.4068441064638783,0.34600760456273766,0.34600760456273766,nan,nan,0.08827026663119168,0.3665712730923727,0.0,0.8878504672897196,0.0,0.24902522256316556,0.13434446599630928,1.8809619025206967,20,20,15.760151624679565
274,,0.1847933952911226,0.005774793602847581,0.034333972819149496,0.95,0.95,0.95,0.995049504950495,1.0,0.48514851485148514,0.44554455445544555,0.06930693069306931,0.4891246015802608,0.3796875,0.3796875,0.9375,0.9416935249621239,0.23406313847752053,28.57142857142857,-0.07788888405174707,0.2857142857142857,0.018620737553991136,0.12871287128712872,0.7920792079207921,0.07920792079207921,0.44554455445544555,0.44554455445544555,nan,nan,0.09184625729982042,0.3733609372787503,0.01875,0.4375,0.125,0.24404400582756236,0.00998086735004182,1.755260113492969,20,20,8.026279926300049
275,,0.03360369015718036,0.0006720738031436072,0.2597108761469523,0.3,0.3,0.3,0.6265060240963856,0.7741935483870968,0.6802325581395349,0.13953488372093023,0.18023255813953487,0.4827697602456901,0.38,0.38,0.28,0.08671620362291363,0.30385669509060587,22.58064516129032,-0.32810838861604086,0.22580645161290322,0.07923321441690585,0.11046511627906977,0.8662790697674418,0.023255813953488372,0.13372093023255813,0.13372093023255813,nan,nan,0.25224626952469786,0.7824833470069558,0.12751677852348994,0.0,0.25,0.21908577088569553,-0.08477092420491036,1.6074913954347354,20,20,35.600703716278076
276,,0.06418506764267212,0.0018338590755049178,0.24194468110799788,0.45,0.45,0.45,0.8341968911917098,0.8214285714285714,0.6568047337278107,0.17751479289940827,0.16568047337278108,0.48820173695417385,0.43857142857142856,0.43857142857142856,0.37142857142857144,0.2275736678485192,0.32928364506717755,21.428571428571427,-0.21481811146272484,0.21428571428571427,0.0371075652232633,0.13609467455621302,0.591715976331361,0.27218934911242604,0.1834319526627219,0.1834319526627219,nan,nan,0.17464937529902522,0.6213820323535848,0.13,0.06521739130434782,0.15217391304347827,0.2355859776549311,-0.09369766741224646,1.7196640975336404,20,20,19.31672215461731
277,,0.1652699042212282,0.005331287232942845,0.07527367249131203,0.9,0.9,0.9,0.9856459330143541,1.0,0.33653846153846156,0.6153846153846154,0.04807692307692308,0.5090592232645459,0.22580645161290322,0.22580645161290322,2.3225806451612905,0.8433459686092651,0.2730321335504661,10.0,-0.05763678125257663,0.1,0.019283973213598246,0.11057692307692307,0.7163461538461539,0.17307692307692307,0.4807692307692308,0.4807692307692308,nan,nan,0.05244465759511756,0.22421348040108335,0.020134228187919462,0.6666666666666666,0.027777777777777776,0.22091124892894512,-0.05212088462152103,2.229059019092192,20,20,9.26829195022583
278,,0.18536695365575104,0.004521145211115879,0.005211130405465762,1.0,1.0,1.0,1.0,1.0,0.18181818181818182,0.7786561264822134,0.039525691699604744,0.4818141446559599,0.2329268292682927,0.2329268292682927,4.317073170731708,0.9789596160734627,0.10387458580240438,10.0,-0.11691831877092265,0.1,0.02825180748021716,0.1422924901185771,0.4743083003952569,0.383399209486166,0.3794466403162055,0.3794466403162055,nan,nan,0.07483562568607184,0.3749344047919778,0.025,0.8247422680412371,0.020618556701030927,0.2489578792925338,0.1450832934901294,2.3060249983169396,20,20,13.342083930969238
279,,0.18306084209883386,0.006312442830994271,-0.005484797339886427,1.0,1.0,1.0,1.0,1.0,0.3284313725490196,0.6372549019607843,0.03431372549019608,0.48486167413728504,0.16379310344827586,0.16379310344827586,2.4482758620689653,0.9947673809262002,0.05366175144884561,14.285714285714285,-0.05959593241929544,0.14285714285714285,0.028062459373337373,0.14705882352941177,0.28431372549019607,0.5686274509803921,0.21568627450980393,0.21568627450980393,nan,nan,0.05652430559900705,0.19025215416774813,0.0,0.75,0.008620689655172414,0.21119996361612975,0.15753821216728414,2.3458604389547184,20,20,7.29949688911438
280,,0.18127705771532165,0.004215745528263294,-0.02413679243375858,1.0,1.0,1.0,1.0,1.0,0.28515625,0.703125,0.01171875,0.4710631842335123,0.2186046511627907,0.2186046511627907,3.7906976744186047,0.9727190737562809,0.1061753647846147,0.0,-0.11525370671637729,0.0,0.0,0.11328125,0.671875,0.21484375,0.52734375,0.52734375,nan,nan,0.06013872322700915,0.28736305314944166,0.0,0.7818181818181819,0.0,0.2427242681121144,0.1365489033274997,2.1847561404133398,20,20,13.18934941291809
281,,0.1829760660440252,0.005718002063875787,-0.03052444071508944,1.0,1.0,1.0,1.0,1.0,0.45685279187817257,0.5076142131979695,0.03553299492385787,0.4978263208642602,0.2390625,0.2390625,2.0625,0.9939312360154321,0.05476776504570258,14.285714285714285,-0.165632667364995,0.14285714285714285,0.1777392140253397,0.13705583756345177,0.649746192893401,0.2131979695431472,0.4365482233502538,0.4365482233502538,nan,nan,0.06529422016639738,0.2533906796745349,0.0078125,0.4523809523809524,0.023809523809523808,0.2123162054582115,0.15754844041250893,2.138900267841511,20,20,7.740432024002075
282,,0.18558664904514963,0.0046396662261287405,-0.00838915811230739,1.0,1.0,1.0,1.0,1.0,0.4115384615384615,0.5538461538461539,0.03461538461538462,0.5203686692984775,0.3525,0.3525,2.65,0.989397642410387,0.06970836063097344,0.0,-0.20746939257661157,0.0,0.0,0.15,0.43846153846153846,0.4115384615384615,0.24615384615384617,0.24615384615384617,nan,nan,0.12083009314664725,0.4620904950606278,0.008771929824561403,0.6635514018691588,0.037383177570093455,0.2216526823216432,0.15194432169066976,1.9927363164700995,20,20,12.59889554977417
283,,0.19133744053930582,0.021259715615478424,-0.012707220576703548,1.0,1.0,1.0,1.0,1.0,0.43846153846153846,0.5461538461538461,0.015384615384615385,0.5528619767787556,0.044444444444444446,0.044444444444444446,1.0,0.9994219755579644,0.015300497672357555,0.0,-0.02540261747566027,0.0,0.0,0.2076923076923077,0.35384615384615387,0.43846153846153846,0.24615384615384617,0.24615384615384617,nan,nan,0.02678662783531267,0.12845925978488906,0.0,0.5614035087719298,0.0,0.19884395507029876,0.1835434573979412,2.6902617074619144,20,20,2.431339740753174
284,,0.17793418133323352,0.004448354533330838,-0.023945129538575808,1.0,1.0,1.0,1.0,1.0,0.08015267175572519,0.8969465648854962,0.022900763358778626,0.49927151801472064,0.0825,0.0825,6.725,0.9788112156969104,0.09815613278766067,16.666666666666664,-0.16171332755831824,0.16666666666666666,0.09895579678655064,0.13358778625954199,0.3969465648854962,0.46946564885496184,0.4122137404580153,0.4122137404580153,nan,nan,0.05724770019730481,0.20640657275906993,0.009615384615384616,0.9512195121951219,0.008130081300813009,0.23706166237139126,0.1389055295837306,2.140115525974326,20,20,14.271469116210938
285,,0.1877930938335665,0.00782471224306527,-0.03935127351433039,1.0,1.0,1.0,1.0,1.0,0.107981220657277,0.8450704225352113,0.046948356807511735,0.5129403869019976,0.0875,0.0875,5.25,0.9882243892633902,0.07363004351163871,0.0,-0.05688981374751199,0.0,0.0,0.1643192488262911,0.3145539906103286,0.5211267605633803,0.3051643192488263,0.3051643192488263,nan,nan,0.036990133324285704,0.1289213405603334,0.0,0.9009009009009009,0.0,0.21924319244832463,0.14561314893668592,2.434327258574167,20,20,7.889584064483643
286,,0.16942108332315522,0.005465196236230814,0.024761424213647843,0.95,0.95,0.95,0.9949238578680203,0.8,0.15736040609137056,0.817258883248731,0.025380710659898477,0.48412188286142005,0.11290322580645161,0.11290322580645161,3.7096774193548385,0.9206032507472577,0.23987153383947435,20.0,-0.02671524737912151,0.2,0.13745153642212443,0.14213197969543148,0.6091370558375635,0.24873096446700507,0.5380710659898477,0.5380710659898477,nan,nan,0.035317599109095675,0.16686288200670843,0.008333333333333333,0.8775510204081632,0.0,0.21430879819469703,-0.025562735644777332,2.2119259083261675,20,20,7.448002576828003
287,,0.19258277278249364,0.021398085864721514,-0.017428774014115335,1.0,1.0,1.0,1.0,1.0,0.48,0.496,0.024,0.49112038301924865,0.03888888888888889,0.03888888888888889,1.1111111111111112,0.9986099468293029,0.024420539034562982,33.33333333333333,-0.0003633055219418683,0.3333333333333333,0.023466397114077886,0.2,0.464,0.336,0.4,0.4,nan,nan,0.019857791302398238,0.09720851567210322,0.0,0.42857142857142855,0.047619047619047616,0.20315938417662746,0.17873884514206448,2.6946613791456455,20,20,2.385637044906616
288,,0.18102875409323768,0.007542864753884903,-0.022230034321546556,1.0,1.0,1.0,1.0,0.0,0.16748768472906403,0.8325123152709359,0.0,0.5255582282727118,0.09375,0.09375,4.708333333333333,0.9883498485984762,0.07025991913495616,0.0,0.0,0.0,0.0,0.12315270935960591,0.39901477832512317,0.47783251231527096,0.35467980295566504,0.35467980295566504,nan,nan,0.04916427773907682,0.19605133844546507,0.0,0.8865979381443299,0.0,0.2142301866311918,0.14397026749623565,2.560662608958365,20,20,7.1304004192352295
289,,0.17167335180586796,0.006866934072234718,-0.01806864719837904,1.0,1.0,1.0,1.0,1.0,0.23737373737373738,0.7424242424242424,0.020202020202020204,0.5229431060086935,0.18,0.18,4.48,0.9890532388663389,0.058326180567555314,50.0,0.013029667579594138,0.5,0.13595028612971502,0.20202020202020202,0.2828282828282828,0.5151515151515151,0.29292929292929293,0.29292929292929293,nan,nan,0.06221744329974618,0.2640977426997091,0.0,0.7549019607843137,0.0196078431372549,0.21010674239286065,0.15178056182530533,2.8022334525753827,20,20,7.32813286781311
290,,0.15212768923815062,0.0038031922309537656,0.034751098106304806,0.9,0.9,0.9,0.9841897233201581,1.0,0.250996015936255,0.7450199203187251,0.00398406374501992,0.49428723168675787,0.19375,0.19375,4.65,0.8214664175254685,0.2744239374004145,0.0,-0.11556902160044927,0.0,0.0,0.1553784860557769,0.32669322709163345,0.5179282868525896,0.2788844621513944,0.2788844621513944,nan,nan,0.07526838733585052,0.28477909779699745,0.0,0.7769230769230769,0.0,0.22114930557109805,-0.05327463182931645,2.4670346731559927,20,20,12.492855310440063
291,,0.1198156474421429,0.002139565132895409,0.115072987601161,0.65,0.65,0.65,0.9149797570850202,1.0,0.4248927038626609,0.5407725321888412,0.034334763948497854,0.492386226706107,0.21964285714285714,0.21964285714285714,2.357142857142857,0.5294106969342849,0.33532065919369547,25.0,-0.08687541190610873,0.25,0.010636306855540678,0.11158798283261803,0.7339055793991416,0.15450643776824036,0.49356223175965663,0.49356223175965663,nan,nan,0.09210428789292809,0.3011032722243747,0.029239766081871343,0.5555555555555556,0.0,0.2550630853682923,-0.08025757382540313,1.7140848085153142,20,20,26.404207944869995
292,,0.15289166676494975,0.004368333336141421,0.019417598098516464,0.9,0.9,0.9,0.9390862944162437,0.0,0.12299465240641712,0.8770053475935828,0.0,0.48908074322090084,0.041428571428571426,0.041428571428571426,3.7714285714285714,0.7950347937495014,0.28004173671146554,0.0,0.0,0.0,0.0,0.13368983957219252,0.5454545454545454,0.32085561497326204,0.4919786096256685,0.4919786096256685,nan,nan,0.046666727833277855,0.2755771914886184,0.0,0.9166666666666666,0.0,0.20372839762241957,-0.07631333908904596,2.1852026411726175,20,20,9.097577571868896
293,,0.18947103359154074,0.018947103359154074,0.038617071509361264,1.0,1.0,1.0,1.0,0.0,0.22580645161290322,0.7741935483870968,0.0,0.5080477094789967,0.065,0.065,2.6,0.9986409660742753,0.026554189061677724,0.0,0.0,0.0,0.0,0.20161290322580644,0.3629032258064516,0.43548387096774194,0.3387096774193548,0.3387096774193548,nan,nan,0.038964590947990256,0.20775245850697885,0.0,0.7592592592592593,0.0,0.19904412760395634,0.17248993854227862,2.5737909274891804,20,20,2.47796630859375
294,,0.18037465545658382,0.007214986218263353,-0.04647302180528641,1.0,1.0,1.0,1.0,0.0,0.15873015873015872,0.8412698412698413,0.0,0.498095600171946,0.09,0.09,5.04,0.9861822198205734,0.0782309297938778,0.0,0.0,0.0,0.0,0.13227513227513227,0.5026455026455027,0.36507936507936506,0.4656084656084656,0.4656084656084656,nan,nan,0.0400017109062571,0.17307445898563695,0.0,0.8695652173913043,0.0,0.21350943945447834,0.13527850966060054,2.01844757469132,20,20,7.073374509811401
295,,0.18353387475956465,0.007647244781648527,-0.035095782950520515,1.0,1.0,1.0,1.0,0.0,0.06532663316582915,0.9346733668341709,0.0,0.5127219859229323,0.03125,0.03125,6.75,0.9846971432560413,0.08388420028978272,0.0,0.0,0.0,0.0,0.11055276381909548,0.34673366834170855,0.542713567839196,0.34673366834170855,0.34673366834170855,nan,nan,0.06918565201073268,0.24283940169895385,0.0,0.9351851851851852,0.0,0.2341658649620173,0.15028166467223458,2.3321813795791955,20,20,7.964834928512573
296,,0.165389705489105,0.005011809257245606,0.03882896788418293,0.95,0.95,0.95,0.9842105263157894,0.0,0.06382978723404255,0.9361702127659575,0.0,0.5040669280640555,0.02727272727272727,0.02727272727272727,4.696969696969697,0.9052945097563329,0.26984390210359493,0.0,0.0,0.0,0.0,0.11170212765957446,0.5851063829787234,0.30319148936170215,0.5531914893617021,0.5531914893617021,nan,nan,0.07990409362495875,0.5441470070483482,0.0,0.9298245614035088,0.0,0.23348228584717265,-0.0363616162564223,2.492338617255622,20,20,9.261785745620728
297,,0.17470072996639943,0.007940942271199973,0.020017009973526,0.95,0.95,0.95,0.9844961240310077,0.0,0.078125,0.921875,0.0,0.49709015917456284,0.0,0.0,1.0909090909090908,0.8892666661850872,0.2942720091130966,0.0,0.0,0.0,0.0,0.1875,0.1640625,0.6484375,0.1796875,0.1796875,nan,nan,0.0369065406353901,0.18995224028695668,0.0,0.927710843373494,0.0,0.2012806672105977,-0.0929913419024989,2.427214013282582,20,20,3.687424659729004
298,,0.1648259102203043,0.006104663341492751,0.04526929102010197,0.95,0.95,0.95,0.9897435897435898,0.0,0.0979381443298969,0.9020618556701031,0.0,0.5281703720317671,0.06296296296296296,0.06296296296296296,5.0,0.9096699489525917,0.2624601663631702,0.0,0.0,0.0,0.0,0.11855670103092783,0.6288659793814433,0.25257731958762886,0.5927835051546392,0.5927835051546392,nan,nan,0.04010141412071112,0.22450758791187125,0.0,0.9183673469387755,0.0,0.22027052424660787,-0.04218964211656232,2.345634186239123,20,20,8.256862878799438
299,,0.17477147230023066,0.006721979703855025,0.007653829827904701,0.95,0.95,0.95,0.9848484848484849,0.0,0.18274111675126903,0.817258883248731,0.0,0.5241811184212566,0.15576923076923077,0.15576923076923077,4.6923076923076925,0.9705716169068844,0.1411107600016807,0.0,0.0,0.0,0.0,0.09644670050761421,0.6345177664974619,0.26903553299492383,0.5329949238578681,0.5329949238578681,nan,nan,0.07053871856963517,0.459876097994983,0.0,0.8490566037735849,0.0,0.2383528603870342,0.09724210038535348,2.344369148004433,20,20,9.573700666427612
300,,0.18946675555043035,0.008237685023931754,0.009180938452482223,1.0,1.0,1.0,1.0,0.0,0.10256410256410256,0.8974358974358975,0.0,0.5170680845055081,0.04782608695652174,0.04782608695652174,6.739130434782608,0.9905324850218302,0.06411531318141747,0.0,0.0,0.0,0.0,0.11794871794871795,0.3282051282051282,0.5538461538461539,0.2923076923076923,0.2923076923076923,nan,nan,0.06832312718622309,0.2550627464884938,0.0,0.9537037037037037,0.0,0.22636825815298317,0.1622529449715657,3.1852907477871946,20,20,7.915415048599243
301,,0.18959873332128033,0.015799894443440026,-0.025969204679131507,1.0,1.0,1.0,1.0,0.0,0.023809523809523808,0.9761904761904762,0.0,0.525027030101046,0.0,0.0,2.25,0.9990065936175674,0.02323195382343418,0.0,0.0,0.0,0.0,0.14285714285714285,0.5238095238095238,0.3333333333333333,0.5158730158730159,0.5158730158730159,nan,nan,0.03642378368258158,0.19232826209666395,0.0,0.9523809523809523,0.0,0.19967227581164765,0.17644032198821347,3.3494307897063718,20,20,3.2155895233154297
302,,0.17857615106594044,0.007440672961080852,0.03194734007120133,0.95,0.95,0.95,0.9924242424242424,1.0,0.45454545454545453,0.5378787878787878,0.007575757575757576,0.5038372790887176,0.014583333333333334,0.014583333333333334,0.4583333333333333,0.9036911591241646,0.27512061490248063,0.0,-0.04693408053984416,0.0,0.0,0.1893939393939394,0.5757575757575758,0.23484848484848486,0.44696969696969696,0.44696969696969696,nan,nan,0.022741428235095618,0.14859545209138308,0.0,0.3225806451612903,0.0,0.20066494804430451,-0.07445566685817612,1.8974443187777463,20,20,4.6639416217803955
303,,0.10241749149112435,0.003200546609097636,0.16597165837883948,0.65,0.65,0.65,0.9076923076923077,1.0,0.3621621621621622,0.6324324324324324,0.005405405405405406,0.5207124229764304,0.146875,0.146875,2.375,0.4047643261083112,0.3060183641214676,100.0,0.013348942156782617,1.0,0.013348942156782617,0.10810810810810811,0.6486486486486487,0.24324324324324326,0.44324324324324327,0.44324324324324327,nan,nan,0.05924957318736417,0.34977861203603816,0.008333333333333333,0.7777777777777778,0.0,0.228158932791872,-0.07785943132959561,2.04318888911824,20,20,14.309517860412598
304,,0.14742898379918645,0.004212256679976756,0.06056835874915123,0.9,0.9,0.9,0.9665071770334929,1.0,0.3872549019607843,0.6078431372549019,0.004901960784313725,0.5057156152996634,0.15571428571428572,0.15571428571428572,2.4285714285714284,0.7885138946287762,0.2962107399922218,0.0,-0.1412418344645721,0.0,0.0,0.10294117647058823,0.3235294117647059,0.5735294117647058,0.3235294117647059,0.3235294117647059,nan,nan,0.054316521385116695,0.20639809451854485,0.0,0.5470085470085471,0.008547008547008548,0.21034609599488466,-0.08586464399733716,1.929161288032419,20,20,11.143514633178711
305,,0.1814040912802433,0.00755850380334347,0.014565899968147278,1.0,1.0,1.0,1.0,1.0,0.21962616822429906,0.7757009345794392,0.004672897196261682,0.49169785899769824,0.14791666666666667,0.14791666666666667,4.541666666666667,0.9884546926322604,0.0684593311067572,0.0,-0.005025334100953932,0.0,0.0,0.1308411214953271,0.40654205607476634,0.46261682242990654,0.34579439252336447,0.34579439252336447,nan,nan,0.05668503978211814,0.21971309147978402,0.011494252873563218,0.9090909090909091,0.0,0.21724086068928372,0.14878152958252652,2.7722909602942125,20,20,7.479144334793091
306,,0.1797212294920965,0.008986061474604826,-0.01766433082520962,1.0,1.0,1.0,1.0,1.0,0.17616580310880828,0.8186528497409327,0.0051813471502590676,0.5070081569603644,0.09,0.09,5.95,0.9836088193659503,0.0866030971097034,0.0,-0.12635406080357017,0.0,0.0,0.16580310880829016,0.5284974093264249,0.30569948186528495,0.533678756476684,0.533678756476684,nan,nan,0.027252469678413452,0.1365794595720767,0.0,0.8135593220338984,0.0,0.21508507593793083,0.12848197882822743,2.362563585792319,20,20,6.104985952377319
307,,0.18515453680881705,0.008050197252557264,-0.009053324349224567,1.0,1.0,1.0,1.0,0.0,0.12745098039215685,0.8725490196078431,0.0,0.5041923230372207,0.06956521739130435,0.06956521739130435,6.739130434782608,0.9853436725500332,0.0949135358562514,0.0,0.0,0.0,0.0,0.18137254901960784,0.3480392156862745,0.47058823529411764,0.3480392156862745,0.3480392156862745,nan,nan,0.04909399104804093,0.2027714636068711,0.0,0.875,0.0,0.25166189338737555,0.15674835753112415,2.6209880384409687,20,20,7.032450914382935
308,,0.18808141312176258,0.018808141312176258,-0.0002245151437819004,1.0,1.0,1.0,1.0,0.0,0.14285714285714285,0.8571428571428571,0.0,0.49332032646983864,0.01,0.01,2.6,0.9986538196315032,0.024829688192017862,0.0,0.0,0.0,0.0,0.11278195488721804,0.518796992481203,0.3684210526315789,0.45864661654135336,0.45864661654135336,nan,nan,0.02695299460344185,0.18041027371975718,0.0,0.8571428571428571,0.0,0.20087168306163142,0.17604199486961356,2.974450365709715,20,20,2.9086356163024902
309,,0.1491363502394329,0.004142676395539803,0.10060858577489853,0.85,0.85,0.85,0.9545454545454546,0.0,0.07253886010362694,0.9222797927461139,0.0051813471502590676,0.5134581805248875,0.015277777777777777,0.015277777777777777,4.166666666666667,0.7172587300165748,0.30548245979423044,100.0,0.038446018811630234,1.0,0.038446018811630234,0.15025906735751296,0.11917098445595854,0.7305699481865285,0.12953367875647667,0.12953367875647667,nan,nan,0.0728350824162127,0.2626398763124196,0.043478260869565216,0.950354609929078,0.0,0.22663508876294536,-0.0788473710312851,2.286010387619641,20,20,9.218432188034058
310,,0.19267871483441873,0.02408483935430234,0.010508085042238236,1.0,1.0,1.0,1.0,1.0,0.5891472868217055,0.3643410852713178,0.046511627906976744,0.5396838969289093,0.03125,0.03125,1.25,0.9996743660346158,0.012505380113560421,33.33333333333333,-0.018187456120835194,0.3333333333333333,0.007756386643893588,0.20930232558139536,0.4728682170542636,0.3178294573643411,0.24806201550387597,0.24806201550387597,nan,nan,0.023952268857376145,0.1160205576543077,0.04918032786885246,0.4146341463414634,0.0,0.19729499096581615,0.18478961085225573,2.1235614110263716,20,20,2.3447351455688477
311,,0.18469876019789408,0.004504847809704734,-0.006142260506749153,1.0,1.0,1.0,1.0,1.0,0.0599250936329588,0.9176029962546817,0.02247191011235955,0.513539784723075,0.045121951219512194,0.045121951219512194,7.853658536585366,0.9716704948862154,0.1277388670967512,16.666666666666664,-0.06157925169188522,0.16666666666666666,0.06356235421795545,0.1647940074906367,0.21348314606741572,0.6217228464419475,0.20973782771535582,0.20973782771535582,nan,nan,0.1149569852581689,0.23488903333025768,0.017543859649122806,0.963855421686747,0.012048192771084338,0.2525508181600836,0.12481195106333244,1.7121505433155768,20,20,17.905577182769775
312,,0.14067101829705644,0.004137382891089896,0.14366133660078048,0.8,0.8,0.8,0.964824120603015,0.8947368421052632,0.30808080808080807,0.5808080808080808,0.1111111111111111,0.5139335548563395,0.27941176470588236,0.27941176470588236,1.8823529411764706,0.7275540160157629,0.29290127287078377,13.636363636363635,-0.15579835685025153,0.13636363636363635,0.07127212234010225,0.12121212121212122,0.7676767676767676,0.1111111111111111,0.4595959595959596,0.4595959595959596,nan,nan,0.08749243638587507,0.3431308774970463,0.10526315789473684,0.9090909090909091,0.09090909090909091,0.2212457592572903,-0.0716555136134935,2.050336075402306,20,20,8.167849063873291
313,,0.18581473134440038,0.007432589253776015,-0.016278986260294913,1.0,1.0,1.0,1.0,1.0,0.1919191919191919,0.803030303030303,0.005050505050505051,0.4892652290388942,0.12,0.12,4.96,0.9905733866718625,0.06539970583050683,0.0,-0.10215020740614596,0.0,0.0,0.1414141414141414,0.3282828282828283,0.5303030303030303,0.31313131313131315,0.31313131313131315,nan,nan,0.05782317769621204,0.2290906685643459,0.0,0.8,0.009523809523809525,0.22124923905444996,0.15584953322394313,2.1889148669361806,20,20,7.558002710342407
314,,0.1893106814158999,0.01721006194689999,-0.025074585527181625,1.0,1.0,1.0,1.0,1.0,0.26865671641791045,0.6865671641791045,0.04477611940298507,0.4930738175372508,0.02727272727272727,0.02727272727272727,1.0,0.9992489143933004,0.024927794233167405,33.33333333333333,-0.01495178457249704,0.3333333333333333,0.010096066205886201,0.17164179104477612,0.44029850746268656,0.3880597014925373,0.39552238805970147,0.39552238805970147,nan,nan,0.022718721039963523,0.12602999642173623,0.0,0.7307692307692307,0.057692307692307696,0.1985441346985674,0.1736163404654,2.9914636159903356,20,20,2.984003782272339
315,,0.1861825200585231,0.0077576050024384625,-0.0032826056703925133,1.0,1.0,1.0,1.0,1.0,0.24257425742574257,0.7326732673267327,0.024752475247524754,0.49547002975705257,0.1625,0.1625,3.9583333333333335,0.9960519321794655,0.04949490834904291,0.0,-0.1822169647157889,0.0,0.0,0.18316831683168316,0.1782178217821782,0.6386138613861386,0.21287128712871287,0.21287128712871287,nan,nan,0.06567181014143363,0.24081076139744384,0.0,0.7829457364341085,0.023255813953488372,0.21579567028287822,0.1663007619338353,2.5024425950783145,20,20,6.980544805526733
316,,0.1888803497874161,0.007870014574475672,-0.03504219874739647,1.0,1.0,1.0,1.0,1.0,0.5425531914893617,0.39361702127659576,0.06382978723404255,0.5089580165338703,0.38958333333333334,0.38958333333333334,1.125,0.9935722543797558,0.047473821916618,33.33333333333333,-0.06987799877123531,0.3333333333333333,0.04992969656148634,0.11170212765957446,0.7659574468085106,0.12234042553191489,0.39893617021276595,0.39893617021276595,nan,nan,0.07062012799507739,0.26180622128887504,0.04861111111111111,0.391304347826087,0.13043478260869565,0.21125481233547105,0.16378099041885305,1.9259247965059965,20,20,6.4097161293029785
317,,0.17986977713661656,0.007194791085464662,-0.05196046493947506,1.0,1.0,1.0,1.0,1.0,0.22388059701492538,0.7213930348258707,0.05472636815920398,0.500085247201845,0.18,0.18,3.64,0.987548189172442,0.10187433192573464,0.0,-0.11142879160468801,0.0,0.0,0.13930348258706468,0.5373134328358209,0.32338308457711445,0.5124378109452736,0.5124378109452736,nan,nan,0.042587109374062695,0.2337692938879141,0.009259259259259259,0.676923076923077,0.06153846153846154,0.23381912379109143,0.1319447918653568,2.278482142258674,20,20,7.2961320877075195
318,,0.19189677043783132,0.005186399201022468,0.0005236897617578506,1.0,1.0,1.0,1.0,1.0,0.2558139534883721,0.7131782945736435,0.031007751937984496,0.49917371682570993,0.2445945945945946,0.2445945945945946,5.4324324324324325,0.9885600596424916,0.07473029076687937,25.0,-0.06210362619859109,0.25,0.03649208272838468,0.12015503875968993,0.3682170542635659,0.5116279069767442,0.3643410852713178,0.3643410852713178,nan,nan,0.09077581484126775,0.33445048922783943,0.0,0.7348484848484849,0.045454545454545456,0.23596101180471635,0.16123072103783698,1.807518606853322,20,20,15.929514408111572
319,,0.1851950705133215,0.006859076685678574,-0.017641497077420354,1.0,1.0,1.0,1.0,1.0,0.15841584158415842,0.8267326732673267,0.01485148514851485,0.4789124507836446,0.07777777777777778,0.07777777777777778,4.777777777777778,0.9893157107234838,0.06646950152665176,0.0,-0.08747467547551925,0.0,0.0,0.12871287128712872,0.3465346534653465,0.5247524752475248,0.297029702970297,0.297029702970297,nan,nan,0.051128252107770215,0.15957956776496096,0.0,0.8867924528301887,0.009433962264150943,0.2221089347406351,0.15563943321398332,2.4034090551518976,20,20,7.67833685874939
320,,0.1897062765680486,0.018970627656804857,-0.02011483572423458,1.0,1.0,1.0,1.0,1.0,0.4645669291338583,0.5118110236220472,0.023622047244094488,0.5161074669985101,0.045,0.045,1.1,0.9993930267030983,0.016804832573777295,33.33333333333333,-0.015632812452139207,0.3333333333333333,0.02613767608953936,0.2204724409448819,0.3858267716535433,0.3937007874015748,0.25196850393700787,0.25196850393700787,nan,nan,0.024474122202447553,0.1214894995841831,0.0,0.52,0.02,0.19643748573126812,0.17963265315749083,2.0899840327588795,20,20,3.014646530151367
321,,0.1903568842389959,0.02115076491544399,-0.0006970696616917848,1.0,1.0,1.0,1.0,1.0,0.6940298507462687,0.23880597014925373,0.06716417910447761,0.503248677842526,0.08888888888888889,0.08888888888888889,1.1111111111111112,0.9989077002928476,0.025519582627202053,11.11111111111111,-0.02064149929464458,0.1111111111111111,0.028218969961356297,0.1417910447761194,0.3880597014925373,0.4701492537313433,0.208955223880597,0.208955223880597,nan,nan,0.02246811078231722,0.0855940582624402,0.038461538461538464,0.2222222222222222,0.031746031746031744,0.20640383308293347,0.18088425045573142,1.7808218608491604,20,20,3.8261852264404297
322,,0.1868259523631385,0.015568829363594876,-0.008379541570320725,1.0,1.0,1.0,1.0,1.0,0.21739130434782608,0.7753623188405797,0.007246376811594203,0.504645757152078,0.004166666666666667,0.004166666666666667,2.3333333333333335,0.9990670044237258,0.018346931729364607,0.0,-0.009421776723446115,0.0,0.0,0.13043478260869565,0.2898550724637681,0.5797101449275363,0.2753623188405797,0.2753623188405797,nan,nan,0.0319406022719948,0.1850570259766394,0.0,0.8,0.0125,0.19439113737683716,0.17604420564747256,2.1286772912710012,20,20,3.3869004249572754
323,,0.18078846772325688,0.007860368161880734,-0.0118506895378232,1.0,1.0,1.0,1.0,0.0,0.16585365853658537,0.8341463414634146,0.0,0.4934897337756727,0.11521739130434783,0.11521739130434783,5.608695652173913,0.9858113944912943,0.06905495025840902,0.0,0.0,0.0,0.0,0.13658536585365855,0.45365853658536587,0.4097560975609756,0.4146341463414634,0.4146341463414634,nan,nan,0.04131692304289186,0.23274850193299057,0.0,0.8571428571428571,0.0,0.22164899745058186,0.15259404719217284,2.2981483977648334,20,20,6.922130346298218
324,,0.18192721913731205,0.004787558398350317,-0.0014650803059339523,1.0,1.0,1.0,1.0,0.0,0.1811320754716981,0.8188679245283019,0.0,0.48860948133208837,0.14473684210526316,0.14473684210526316,5.131578947368421,0.9706029405000958,0.1303229272073464,0.0,0.0,0.0,0.0,0.09056603773584905,0.5471698113207547,0.3622641509433962,0.4830188679245283,0.4830188679245283,nan,nan,0.04604158299604161,0.20443922766831854,0.0,0.8854166666666666,0.0,0.24970742888106343,0.11938450167371702,2.225475334979078,20,20,12.494969606399536
325,,0.1890198733110481,0.02100220814567201,0.006731640920042992,1.0,1.0,1.0,1.0,0.0,0.626984126984127,0.373015873015873,0.0,0.5110437921972738,0.022222222222222223,0.022222222222222223,0.6666666666666666,0.9995070011762826,0.014674794657201062,0.0,0.0,0.0,0.0,0.16666666666666666,0.2698412698412698,0.5634920634920635,0.21428571428571427,0.21428571428571427,nan,nan,0.022512923837402922,0.10486163539464244,0.0,0.323943661971831,0.0,0.19600119784578252,0.18132640318858145,1.8769792185610534,20,20,2.442943572998047
326,,0.1890769498376381,0.02100854998195979,-0.003568942565470934,1.0,1.0,1.0,1.0,1.0,0.5367647058823529,0.45588235294117646,0.007352941176470588,0.5156909791959656,0.0,0.0,1.4444444444444444,0.9995138636476869,0.014427934951173615,100.0,0.01490937888572941,1.0,0.01490937888572941,0.17647058823529413,0.2426470588235294,0.5808823529411765,0.20588235294117646,0.20588235294117646,nan,nan,0.022999189664778666,0.15568134275699208,0.0,0.3670886075949367,0.012658227848101266,0.19730243442519171,0.1828744994740181,2.5972017595363686,20,20,2.5164084434509277
327,,0.18099906446762545,0.009526266550927656,-0.003799540363252163,1.0,1.0,1.0,1.0,0.0,0.3602150537634409,0.6397849462365591,0.0,0.5147497421057012,0.16052631578947368,0.16052631578947368,4.315789473684211,0.9898885197769596,0.06921350386272856,0.0,0.0,0.0,0.0,0.1827956989247312,0.27419354838709675,0.543010752688172,0.24193548387096775,0.24193548387096775,nan,nan,0.048175801601818086,0.14678744439277244,0.0,0.7128712871287128,0.0,0.21167824438278943,0.14246474052006086,2.1986122090729894,20,20,5.853279113769531
328,,0.1869994153136439,0.00849997342334745,-0.03300909716635943,1.0,1.0,1.0,1.0,1.0,0.31862745098039214,0.6764705882352942,0.004901960784313725,0.5191059003584086,0.21363636363636362,0.21363636363636362,3.8181818181818183,0.9900166190066885,0.075166927827953,0.0,-0.056946223769245435,0.0,0.0,0.11764705882352941,0.5980392156862745,0.28431372549019607,0.43137254901960786,0.43137254901960786,nan,nan,0.04407117423959123,0.18544711203533365,0.0,0.8103448275862069,0.0,0.2172096837238693,0.1420427558959163,2.5934820680222375,20,20,7.126736402511597
329,,0.18594018597329234,0.006411730550803184,-0.01734357080422342,1.0,1.0,1.0,1.0,1.0,0.553921568627451,0.4411764705882353,0.004901960784313725,0.5109093170580936,0.31724137931034485,0.31724137931034485,1.4827586206896552,0.9908735459199567,0.05934637646430341,0.0,-0.16973886391628273,0.0,0.0,0.10294117647058823,0.803921568627451,0.09313725490196079,0.43137254901960786,0.43137254901960786,nan,nan,0.06507738825966046,0.2352561128943512,0.006097560975609756,0.6842105263157895,0.0,0.21692201196883093,0.15757563550452752,1.9287384125591958,20,20,6.623948335647583
330,,0.19028239148548737,0.007611295659419494,-0.01640619905665517,1.0,1.0,1.0,1.0,1.0,0.4088669950738916,0.5763546798029556,0.014778325123152709,0.5195990496017039,0.22,0.22,2.56,0.9933614490257929,0.06198264508964085,33.33333333333333,-0.018823680730254786,0.3333333333333333,0.0395504856170443,0.12807881773399016,0.5320197044334976,0.3399014778325123,0.31527093596059114,0.31527093596059114,nan,nan,0.05874483197175533,0.2131930232845163,0.009259259259259259,0.6811594202898551,0.028985507246376812,0.22167946605342298,0.15969682096378213,2.3080018957271924,20,20,8.585251092910767
331,,0.18906193047349798,0.0189061930473498,-0.01401408612728119,1.0,1.0,1.0,1.0,0.0,0.362962962962963,0.6296296296296297,0.007407407407407408,0.5156614323705435,0.01,0.01,1.5,0.9993799545647647,0.01881165685651015,0.0,-0.009049766393755432,0.0,0.0,0.25925925925925924,0.08148148148148149,0.6592592592592592,0.18518518518518517,0.18518518518518517,nan,nan,0.03340032100973656,0.17558741181615486,0.0,0.6292134831460674,0.011235955056179775,0.19857852283733807,0.17976686598082792,2.4975663668343118,20,20,2.548532009124756
332,,0.1860099150571883,0.008857615002723253,-0.014136129431426525,1.0,1.0,1.0,1.0,0.0,0.17258883248730963,0.8274111675126904,0.0,0.5051110742569325,0.1357142857142857,0.1357142857142857,6.285714285714286,0.9867987455709969,0.08987176606446137,0.0,0.0,0.0,0.0,0.1116751269035533,0.5431472081218274,0.34517766497461927,0.5076142131979695,0.5076142131979695,nan,nan,0.03315497533996625,0.14815484633229553,0.0,0.8676470588235294,0.0,0.23082383145785276,0.1409520653933914,2.4231619506210547,20,20,6.75519871711731
333,,0.18878005941183748,0.017161823582894316,-0.017020119540393352,1.0,1.0,1.0,1.0,0.0,0.15503875968992248,0.8449612403100775,0.0,0.5038360444490205,0.00909090909090909,0.00909090909090909,1.4545454545454546,0.9993669906844754,0.01617324409187537,0.0,0.0,0.0,0.0,0.18604651162790697,0.4806201550387597,0.3333333333333333,0.4186046511627907,0.4186046511627907,nan,nan,0.026380684631751552,0.16234620805942235,0.0,0.9069767441860465,0.0,0.19570110437432783,0.17952786028245246,3.0230057579427294,20,20,2.78981876373291
334,,0.18853294246043262,0.018853294246043262,-0.006553950300440192,1.0,1.0,1.0,1.0,0.0,0.4178082191780822,0.5821917808219178,0.0,0.5036690160352737,0.01,0.01,1.8,0.9995272737713952,0.01860729206052872,0.0,0.0,0.0,0.0,0.18493150684931506,0.4726027397260274,0.3424657534246575,0.3767123287671233,0.3767123287671233,nan,nan,0.024133248372699468,0.16840647097115274,0.0,0.54,0.0,0.19840807527497167,0.17980078321444296,2.286564570203164,20,20,3.3275363445281982
335,,0.18598209829316273,0.008856290394912512,0.013599283993244171,1.0,1.0,1.0,1.0,0.0,0.06565656565656566,0.9343434343434344,0.0,0.5021277962736176,0.030952380952380953,0.030952380952380953,7.190476190476191,0.9884304148074053,0.06602457128340078,0.0,0.0,0.0,0.0,0.13636363636363635,0.09090909090909091,0.7727272727272727,0.08080808080808081,0.08080808080808081,nan,nan,0.06735062752124349,0.22468831953968166,0.0,0.954248366013072,0.0,0.22597186584165824,0.15994729455825746,2.9329963983228273,20,20,7.124857664108276
336,,0.18910993208934154,0.01719181200812196,-0.0012977904640138148,1.0,1.0,1.0,1.0,1.0,0.4076923076923077,0.5769230769230769,0.015384615384615385,0.5010333378375931,0.01818181818181818,0.01818181818181818,1.5454545454545454,0.9985775883985079,0.027359937535770457,0.0,-0.01564761913193256,0.0,0.0,0.2230769230769231,0.15384615384615385,0.6230769230769231,0.24615384615384617,0.24615384615384617,nan,nan,0.038130323421028324,0.2303605104021389,0.0,0.5925925925925926,0.024691358024691357,0.20235490463258235,0.1749949670968119,2.5651153437703784,20,20,2.8812217712402344
337,,0.17333673587546605,0.004814909329874057,0.010884203761816025,0.95,0.95,0.95,0.9846938775510204,1.0,0.3247422680412371,0.6494845360824743,0.02577319587628866,0.506859081867151,0.20972222222222223,0.20972222222222223,2.111111111111111,0.9041884619012426,0.2710915859790469,0.0,-0.25586998759408947,0.0,0.0,0.13402061855670103,0.7371134020618557,0.12886597938144329,0.5103092783505154,0.5103092783505154,nan,nan,0.07802308651660363,0.33762991445905577,0.02097902097902098,0.76,0.0,0.21600932265194162,-0.05508226332710531,2.117050078786362,20,20,8.325444221496582
338,,0.17415266567970183,0.003958015129084133,0.02210944543282191,0.9,0.9,0.9,0.981549815498155,1.0,0.31226765799256506,0.6654275092936803,0.022304832713754646,0.5205297374843874,0.3159090909090909,0.3159090909090909,3.1363636363636362,0.9165435550375356,0.205657721258065,16.666666666666664,-0.2664137646336359,0.16666666666666666,0.038223942144688494,0.08921933085501858,0.7323420074349443,0.17843866171003717,0.5241635687732342,0.5241635687732342,nan,nan,0.08947283620940318,0.520524715155171,0.030456852791878174,0.75,0.0,0.21479055133596459,0.009132830077899584,1.9802024988562645,20,20,14.163182497024536
339,,0.18773264670974962,0.01877326467097496,0.0006621187552809715,1.0,1.0,1.0,1.0,1.0,0.1,0.8923076923076924,0.007692307692307693,0.5075535062607378,0.01,0.01,2.7,0.9983549303526681,0.03185952918493584,100.0,0.014462905228817137,1.0,0.014462905228817137,0.12307692307692308,0.46923076923076923,0.4076923076923077,0.47692307692307695,0.47692307692307695,nan,nan,0.027666479365219755,0.13714729201411996,0.0,0.8867924528301887,0.018867924528301886,0.20046132204659975,0.1686017928616639,3.22948610509208,20,20,2.892451524734497
340,,0.18470686912593096,0.0068409951528122575,-0.012192890793085099,1.0,1.0,1.0,1.0,1.0,0.24742268041237114,0.7474226804123711,0.005154639175257732,0.5279456652769888,0.17222222222222222,0.17222222222222222,4.592592592592593,0.989072134475021,0.07360263636379524,0.0,-0.5352750300629917,0.0,0.0,0.14432989690721648,0.3711340206185567,0.4845360824742268,0.28865979381443296,0.28865979381443296,nan,nan,0.07790018359127353,0.2790900793101089,0.013888888888888888,0.8404255319148937,0.0,0.22627600749158258,0.15267337112778734,2.148637195157189,20,20,8.09256386756897
341,,0.1690394531187576,0.006037123325669914,0.021491224691271783,0.95,0.95,0.95,0.9951219512195122,0.0,0.14634146341463414,0.8536585365853658,0.0,0.5309974373617609,0.10357142857142858,0.10357142857142858,5.071428571428571,0.9499688631319022,0.2106694541608784,0.0,0.0,0.0,0.0,0.15609756097560976,0.3024390243902439,0.5414634146341464,0.2682926829268293,0.2682926829268293,nan,nan,0.07363743489136271,0.3103274009412729,0.0,0.8828828828828829,0.0,0.22610088443649734,0.015431430275618954,2.770847675936108,20,20,8.233076810836792
342,,0.18598082674797692,0.005999381507999255,-0.019291818141937256,1.0,1.0,1.0,1.0,0.0,0.1778846153846154,0.8221153846153846,0.0,0.5139799846771864,0.1,0.1,3.870967741935484,0.9803372980293752,0.11240668737189477,0.0,0.0,0.0,0.0,0.14423076923076922,0.5384615384615384,0.3173076923076923,0.42788461538461536,0.42788461538461536,nan,nan,0.08870344151961224,0.57845621236674,0.0,0.9393939393939394,0.0,0.2442927965898782,0.13188610921798344,2.927975634048221,20,20,10.060559272766113
343,,0.17028726502403796,0.004602358514163188,0.014420058391988278,0.95,0.95,0.95,0.9795918367346939,1.0,0.11917098445595854,0.8652849740932642,0.015544041450777202,0.5156210048677954,0.033783783783783786,0.033783783783783786,4.27027027027027,0.8885939784760605,0.3152347509620028,0.0,-0.08490974498019209,0.0,0.0,0.17616580310880828,0.21761658031088082,0.6062176165803109,0.25906735751295334,0.25906735751295334,nan,nan,0.06982447217197396,0.2706275926351708,0.0,0.8717948717948718,0.008547008547008548,0.23618044779413958,-0.07905430316786327,2.192517095468322,20,20,8.609168529510498
344,,0.1895695837932804,0.017233598526661856,-0.026878750324249266,1.0,1.0,1.0,1.0,1.0,0.2184873949579832,0.7647058823529411,0.01680672268907563,0.5156686766983264,0.022727272727272728,0.022727272727272728,2.090909090909091,0.9989181768247709,0.021914651450650025,100.0,0.03516302555034257,1.0,0.03516302555034257,0.20168067226890757,0.31932773109243695,0.4789915966386555,0.31092436974789917,0.31092436974789917,nan,nan,0.04339552514675453,0.28220197397910285,0.02631578947368421,0.7894736842105263,0.017543859649122806,0.19958288124012624,0.17766822978947622,2.845745417659993,20,20,2.5243048667907715
345,,0.1565363174595392,0.005217877248651306,0.06973023675382137,0.9,0.9,0.9,0.9635416666666666,1.0,0.11229946524064172,0.8716577540106952,0.016042780748663103,0.5053520808415487,0.065,0.065,3.533333333333333,0.8118532872028639,0.3048031670630958,0.0,-0.07009532070774861,0.0,0.0,0.1497326203208556,0.44385026737967914,0.40641711229946526,0.42780748663101603,0.42780748663101603,nan,nan,0.04004162787979809,0.20068687517927927,0.012048192771084338,0.9342105263157895,0.02631578947368421,0.21769558650237059,-0.0871075805607252,2.489195449058632,20,20,7.908707857131958
346,,0.1592202229734106,0.005686436534764664,0.03976469710469246,0.95,0.95,0.95,0.9796954314720813,1.0,0.10309278350515463,0.8865979381443299,0.010309278350515464,0.49886897395231894,0.05,0.05,6.285714285714286,0.8984845091926248,0.2694449317672416,0.0,-0.08385507248867466,0.0,0.0,0.12886597938144329,0.520618556701031,0.35051546391752575,0.4948453608247423,0.4948453608247423,nan,nan,0.06166080267426955,0.324057074709369,0.0,0.9264705882352942,0.014705882352941176,0.20949340884048406,-0.05995152292675753,1.9800182798013537,20,20,9.018037796020508
347,,0.17482024666419385,0.0072841769443414105,0.0017704475671052934,1.0,1.0,1.0,1.0,1.0,0.04455445544554455,0.9504950495049505,0.0049504950495049506,0.5023751948009401,0.06666666666666667,0.06666666666666667,7.416666666666667,0.9715240907955368,0.12363605902132907,0.0,-0.5106233761988558,0.0,0.0,0.12871287128712872,0.27722772277227725,0.594059405940594,0.2722772277227723,0.2722772277227723,nan,nan,0.061146921377627846,0.2854966534926285,0.0,0.9666666666666667,0.008333333333333333,0.25340128826771424,0.12976522924638517,2.964236068843518,20,20,7.751900911331177
348,,0.12923377047199475,0.004168831305548217,0.10780618786811828,0.8,0.8,0.8,0.92,1.0,0.16489361702127658,0.7606382978723404,0.07446808510638298,0.5043377950607288,0.12258064516129032,0.12258064516129032,2.7096774193548385,0.6113502824401987,0.3045238538210799,28.57142857142857,-0.0908143080556567,0.2857142857142857,0.058766089547486494,0.10638297872340426,0.6702127659574468,0.22340425531914893,0.5904255319148937,0.5904255319148937,nan,nan,0.04851869235309334,0.2936509751908378,0.03968253968253968,0.7380952380952381,0.19047619047619047,0.213197629536016,-0.09132622428506389,2.36182604844631,20,20,10.843689680099487
349,,0.17183118846660123,0.0034366237693320245,0.05939418549338977,0.95,0.95,0.95,0.9882352941176471,1.0,0.1067193675889328,0.8774703557312253,0.015810276679841896,0.5097423925395124,0.102,0.102,4.36,0.8309845202628419,0.44973794092416286,25.0,-0.11397831022029818,0.25,0.045187009274252066,0.09881422924901186,0.6482213438735178,0.25296442687747034,0.5612648221343873,0.5612648221343873,nan,nan,0.0924399625850074,0.43277835922578844,0.024390243902439025,0.984375,0.0,0.42168147556631275,-0.02805646535785014,2.1615565322067942,20,20,14.032744884490967
350,,0.18903584596191464,0.018903584596191465,0.014018316566944123,1.0,1.0,1.0,1.0,1.0,0.3380281690140845,0.6126760563380281,0.04929577464788732,0.4959782752068713,0.06,0.06,1.1,0.9993359263765499,0.02381754488777682,57.14285714285714,-0.014523611748631246,0.5714285714285714,0.009915021761973106,0.18309859154929578,0.5422535211267606,0.2746478873239437,0.39436619718309857,0.39436619718309857,nan,nan,0.0262689933896219,0.16860216615230725,0.05194805194805195,0.717948717948718,0.05128205128205128,0.20248568336542205,0.17866813847764523,3.2088477953497856,20,20,2.976911783218384
351,,0.18643541185797696,0.00776814216074904,0.001562398299574852,1.0,1.0,1.0,1.0,1.0,0.08292682926829269,0.8926829268292683,0.024390243902439025,0.5071588513024229,0.1,0.1,5.833333333333333,0.9862982855558692,0.08214381564871306,20.0,-0.2202116453598432,0.2,0.018210182323438018,0.0975609756097561,0.3853658536585366,0.5170731707317073,0.36585365853658536,0.36585365853658536,nan,nan,0.07409792070900634,0.3716319703041203,0.02531645569620253,0.9339622641509434,0.02830188679245283,0.22626035541653267,0.1441165397678196,2.970276667690972,20,20,8.729992151260376
352,,0.18881119029658877,0.018881119029658878,0.011320895329117776,1.0,1.0,1.0,1.0,1.0,0.344,0.584,0.072,0.4981854419654701,0.1,0.1,0.9,0.9991068283172422,0.02521799109168818,11.11111111111111,-0.03344468127224422,0.1111111111111111,0.004258444930091962,0.264,0.472,0.264,0.272,0.272,nan,nan,0.04416619302065958,0.20760840699046781,0.11864406779661017,0.6060606060606061,0.030303030303030304,0.2044734307123123,0.17925543962062412,1.917915333575563,20,20,2.709080457687378
353,,0.16410585268185038,0.004972904626722739,0.05194828659296036,0.9,0.9,0.9,0.9900990099009901,1.0,0.0945273631840796,0.8706467661691543,0.03482587064676617,0.4972891953844351,0.11818181818181818,0.11818181818181818,3.8484848484848486,0.8937628660296211,0.24253277429581022,0.0,-0.25410649862828083,0.0,0.0,0.12935323383084577,0.5323383084577115,0.3383084577114428,0.44776119402985076,0.44776119402985076,nan,nan,0.06345576736827671,0.3851150498872178,0.04672897196261682,0.9852941176470589,0.0,0.23511879000070138,-0.007413984295108825,2.1532393019939438,20,20,9.120887994766235
354,,0.17685201308384363,0.006550074558660875,-0.02035218458622694,1.0,1.0,1.0,1.0,1.0,0.16748768472906403,0.7783251231527094,0.054187192118226604,0.48228306871907856,0.1574074074074074,0.1574074074074074,4.185185185185185,0.9902841753024336,0.07175356091158205,18.181818181818183,-0.09784585545452038,0.18181818181818182,0.060295325865190263,0.1477832512315271,0.6650246305418719,0.18719211822660098,0.5911330049261084,0.5911330049261084,nan,nan,0.040481884407876055,0.2476104929426426,0.05925925925925926,0.7631578947368421,0.02631578947368421,0.20720598953990726,0.1354524286283252,2.2527407352263795,20,20,7.575770854949951
355,,0.12824577251394215,0.0035623825698317263,0.1146131582558155,0.7,0.7,0.7,0.8367346938775511,0.875,0.3684210526315789,0.5263157894736842,0.10526315789473684,0.48252852820183356,0.24305555555555555,0.24305555555555555,1.4166666666666667,0.6026204085506819,0.2909539322248446,22.22222222222222,-0.2780099809074032,0.2222222222222222,0.10508467435187627,0.13450292397660818,0.7017543859649122,0.16374269005847952,0.47953216374269003,0.47953216374269003,nan,nan,0.11245860610350274,0.47705642483753596,0.11666666666666667,0.5357142857142857,0.10714285714285714,0.23115418555910427,-0.059799746665740325,2.030496554681828,20,20,15.11196494102478
356,,0.1895628236672616,0.01458175566671243,-0.00038044005632400515,1.0,1.0,1.0,1.0,1.0,0.15671641791044777,0.7985074626865671,0.04477611940298507,0.45359510182797047,0.011538461538461539,0.011538461538461539,0.6923076923076923,0.9990112917665389,0.025248593267005348,66.66666666666666,-0.0006319788622043092,0.6666666666666666,0.011445580952227665,0.16417910447761194,0.5223880597014925,0.31343283582089554,0.47761194029850745,0.47761194029850745,nan,nan,0.028734687857273657,0.19540400294400131,0.02857142857142857,0.7857142857142857,0.07142857142857142,0.20302680228841746,0.17777820902141211,2.566493128059988,20,20,3.098822832107544
357,,0.15747861721714757,0.004772079309610532,0.08084706589579582,0.9,0.9,0.9,0.9735449735449735,1.0,0.12299465240641712,0.8235294117647058,0.053475935828877004,0.4663875266239329,0.15757575757575756,0.15757575757575756,3.4545454545454546,0.8296357370892692,0.2740912847326953,20.0,-0.17152583741766395,0.2,0.029119355082468157,0.11229946524064172,0.6524064171122995,0.23529411764705882,0.5508021390374331,0.5508021390374331,nan,nan,0.06489677956245435,0.3527092560969614,0.04918032786885246,0.8636363636363636,0.06818181818181818,0.22498799646768547,-0.04910328826500979,2.1099479268171253,20,20,8.435279607772827
358,,0.03685037927224868,0.0009697468229539125,0.3074638843536377,0.35,0.35,0.35,0.6009852216748769,0.8055555555555556,0.38235294117647056,0.34558823529411764,0.27205882352941174,0.46579538550607763,0.31842105263157894,0.31842105263157894,0.4473684210526316,0.08306677849396149,0.2906948164119938,21.62162162162162,-0.5767879489594848,0.21621621621621623,0.049708044801530044,0.14705882352941177,0.6617647058823529,0.19117647058823528,0.34558823529411764,0.34558823529411764,nan,nan,0.2717352934172349,0.9705265628768565,0.3111111111111111,0.34615384615384615,0.23076923076923078,0.1994637276231105,-0.0912310887888833,1.8011455310742899,20,20,22.650155305862427
359,,0.14358411881032376,0.004223062317950699,0.08938852548599244,0.85,0.85,0.85,0.9408866995073891,1.0,0.11917098445595854,0.8341968911917098,0.046632124352331605,0.44573293733307817,0.1323529411764706,0.1323529411764706,3.3823529411764706,0.7422349679015149,0.2736223013452444,0.0,-0.21159775577183706,0.0,0.0,0.12435233160621761,0.6217616580310881,0.2538860103626943,0.5647668393782384,0.5647668393782384,nan,nan,0.05288744754425648,0.31651745492551403,0.03333333333333333,0.8775510204081632,0.02040816326530612,0.20760634823209323,-0.06601595311315116,2.33414079961385,20,20,9.178569555282593
360,,0.18699499350116125,0.007791458062548385,0.04901773557066917,1.0,1.0,1.0,1.0,1.0,0.08585858585858586,0.8939393939393939,0.020202020202020204,0.4654649611984496,0.08333333333333333,0.08333333333333333,6.25,0.9869883620781883,0.07438361422225892,50.0,-0.07132769047226742,0.5,0.012104962691494817,0.13636363636363635,0.35353535353535354,0.51010101010101,0.35858585858585856,0.35858585858585856,nan,nan,0.06653062203070241,0.22117400869687787,0.0,0.900990099009901,0.0297029702970297,0.23313691020910307,0.15875329598684415,2.287042250938584,20,20,7.726238012313843
361,,0.1907118039627987,0.01467013876636913,-0.014008715189993382,1.0,1.0,1.0,1.0,1.0,0.1796875,0.734375,0.0859375,0.4657655228502475,0.015384615384615385,0.015384615384615385,1.3076923076923077,0.9973690021430021,0.04701597063038207,27.27272727272727,-0.016958069956347716,0.2727272727272727,0.016010454347593826,0.2109375,0.3984375,0.390625,0.3984375,0.3984375,nan,nan,0.04489093173189864,0.21135833338505663,0.0784313725490196,0.74,0.06,0.222139343118301,0.17512337248791893,2.8014134890147484,20,20,3.020718812942505
362,,0.18335600537292485,0.008334363880587493,0.11808098405599594,1.0,1.0,1.0,1.0,1.0,0.31851851851851853,0.5777777777777777,0.1037037037037037,0.4679126503030685,0.03636363636363636,0.03636363636363636,0.5909090909090909,0.9786430207171961,0.1268863939557566,64.28571428571429,-0.3126738131501422,0.6428571428571429,0.012613294444648362,0.16296296296296298,0.4444444444444444,0.3925925925925926,0.362962962962963,0.362962962962963,nan,nan,0.07495480194718675,0.23464757903410693,0.08333333333333333,0.5660377358490566,0.1320754716981132,0.25897364770569536,0.13208725374993877,2.2577870071287,20,20,5.130944013595581
363,,0.10087124809262213,0.002966801414488886,0.28844488263130186,0.5,0.5,0.5,0.7843137254901961,0.7948717948717948,0.22413793103448276,0.5344827586206896,0.2413793103448276,0.44707538775538147,0.5691176470588235,0.5691176470588235,1.0,0.5821722001610976,0.22657043254959833,11.904761904761903,-0.46737298097555086,0.11904761904761904,0.028428719569630313,0.14942528735632185,0.5114942528735632,0.3390804597701149,0.3448275862068966,0.3448275862068966,nan,nan,0.21845320776074348,1.022844807902056,0.2808988764044944,0.6101694915254238,0.2542372881355932,0.20802564596787923,-0.018544786581719097,2.1005765299383823,20,20,14.340970277786255
364,,0.183758624440474,0.005927697562595935,-0.007850567437708377,1.0,1.0,1.0,1.0,1.0,0.13793103448275862,0.8275862068965517,0.034482758620689655,0.4635702838403954,0.1338709677419355,0.1338709677419355,4.193548387096774,0.9881953681407142,0.07386903542926229,14.285714285714285,-0.19518737712132025,0.14285714285714285,0.03401144068317252,0.12315270935960591,0.4433497536945813,0.43349753694581283,0.35467980295566504,0.35467980295566504,nan,nan,0.0712459135180658,0.41814046634712637,0.06666666666666667,0.9318181818181818,0.011363636363636364,0.22341580716256346,0.14954677173330116,2.1691385357050432,20,20,8.48598837852478
365,,0.1351234533277346,0.0028749670920794595,0.08814757416645685,0.8,0.8,0.8,0.953125,0.9,0.14,0.768,0.092,0.44876164325532764,0.15106382978723404,0.15106382978723404,3.702127659574468,0.6847867294367618,0.308601436460319,21.73913043478261,-0.3400597714994238,0.21739130434782608,0.07964916873035144,0.092,0.58,0.328,0.504,0.504,nan,nan,0.10352117168690893,0.42001264835307073,0.1103448275862069,0.8048780487804879,0.07317073170731707,0.24068377591384396,-0.06791766054647506,2.0458415736565168,20,20,19.73507809638977
366,,0.18092328844010536,0.004307697343812032,0.004880062366525332,1.0,1.0,1.0,1.0,1.0,0.041353383458646614,0.9473684210526315,0.011278195488721804,0.47561497999399543,0.04285714285714286,0.04285714285714286,7.142857142857143,0.9592196229587017,0.13878941018231128,0.0,-0.10993535722570406,0.0,0.0,0.10150375939849623,0.3609022556390977,0.5375939849624061,0.34962406015037595,0.34962406015037595,nan,nan,0.11564601785889958,0.38934315581132917,0.0,0.958041958041958,0.013986013986013986,0.24755169514392855,0.10876228496161729,2.18986861012588,20,20,15.669161558151245
367,,0.14752604520409643,0.0038822643474762217,0.050919002294540404,0.8,0.8,0.8,0.9242424242424242,0.8,0.11052631578947368,0.8,0.08947368421052632,0.455924004814465,0.16447368421052633,0.16447368421052633,2.4473684210526314,0.7913150184968804,0.28196398022033325,5.88235294117647,-0.32313447864161055,0.058823529411764705,0.021533462162281067,0.15789473684210525,0.4052631578947368,0.4368421052631579,0.33157894736842103,0.33157894736842103,nan,nan,0.09249325518167405,0.4826683925266755,0.15584415584415584,0.8674698795180723,0.03614457831325301,0.21800377131875912,-0.06396020890157414,2.326189257363789,20,20,9.715408325195312
368,,0.08199435985964312,0.0031536292253708893,0.20833744406700133,0.55,0.55,0.55,0.8549618320610687,0.9038461538461539,0.32786885245901637,0.22950819672131148,0.4426229508196721,0.47782487099130566,0.14615384615384616,0.14615384615384616,0.3076923076923077,0.3207693596056719,0.30036997469548565,16.666666666666664,-0.23949856107905598,0.16666666666666666,0.039573653058480276,0.19672131147540983,0.5327868852459017,0.27049180327868855,0.38524590163934425,0.38524590163934425,nan,nan,0.14379002352097153,0.4410071935627147,0.4307692307692308,0.2727272727272727,0.5757575757575758,0.20718444388312596,-0.09318553081235971,2.0780571052741914,20,20,10.538998365402222
369,,0.1598512353244528,0.00399628088311132,0.03527636701862017,0.95,0.95,0.95,0.9959016393442623,0.0,0.012295081967213115,0.9877049180327869,0.0,0.48394264098576967,0.01125,0.01125,7.5,0.9010781318750982,0.2856986201906565,0.0,0.0,0.0,0.0,0.12704918032786885,0.5081967213114754,0.36475409836065575,0.4959016393442623,0.4959016393442623,nan,nan,0.07698693628422984,0.4121090479802573,0.0,1.0,0.0,0.26522871957196914,-0.020469900618687392,2.681756528581572,20,20,13.440811395645142
370,,0.16937301912680605,0.004457184713863317,-0.005273579154163599,1.0,1.0,1.0,1.0,0.0,0.06319702602230483,0.9368029739776952,0.0,0.48387663296950784,0.04342105263157895,0.04342105263157895,6.947368421052632,0.9734289088296497,0.11305325577243384,0.0,0.0,0.0,0.0,0.09293680297397769,0.45353159851301117,0.45353159851301117,0.42379182156133827,0.42379182156133827,nan,nan,0.07815459954845941,0.3553940023197852,0.0,0.9590163934426229,0.0,0.2344836829241343,0.12143042715170045,2.4385727556487478,20,20,15.03616189956665
371,,0.09322389664853643,0.0020266064488812267,0.10266021539767584,0.55,0.55,0.55,0.7709923664122137,0.9545454545454546,0.22641509433962265,0.5613207547169812,0.21226415094339623,0.49337057267194206,0.2826086956521739,0.2826086956521739,1.434782608695652,0.4095805419910384,0.31596114535528863,15.555555555555555,-0.31391461377545643,0.15555555555555556,0.16711787357636115,0.14150943396226415,0.7169811320754716,0.14150943396226415,0.47641509433962265,0.47641509433962265,nan,nan,0.18416250576226081,0.6860507338892108,0.21052631578947367,0.6333333333333333,0.3,0.2261971807883158,-0.08976396456697285,1.8663747040375782,20,20,30.590808153152466
372,,0.18630610340319012,0.00887171920967572,-0.018129384517669676,1.0,1.0,1.0,1.0,1.0,0.13636363636363635,0.8333333333333334,0.030303030303030304,0.475405407623787,0.11190476190476191,0.11190476190476191,5.761904761904762,0.9884925604578427,0.06588790919868817,16.666666666666664,-0.025594316478225604,0.16666666666666666,0.1760562603183766,0.15151515151515152,0.5,0.3484848484848485,0.41919191919191917,0.41919191919191917,nan,nan,0.04602384958403429,0.22023427790715552,0.04040404040404041,0.8985507246376812,0.014492753623188406,0.2242179439155616,0.15833003471687343,2.88612091907151,20,20,7.087496280670166
373,,0.17693355383379064,0.007077342153351626,0.022536744177341462,0.95,0.95,0.95,0.9847328244274809,1.0,0.038461538461538464,0.9384615384615385,0.023076923076923078,0.4855965860793367,0.012,0.012,0.96,0.9055160558908011,0.27246435354012644,0.0,-0.05902271509604721,0.0,0.0,0.19230769230769232,0.5384615384615384,0.2692307692307692,0.5076923076923077,0.5076923076923077,nan,nan,0.03795264868069849,0.20358837507947514,0.02857142857142857,0.9714285714285714,0.0,0.20148500882834228,-0.07097934471178413,2.630641265595152,20,20,4.20426082611084
374,,0.17309716728290528,0.0069238866913162115,0.06265546306967736,0.95,0.95,0.95,0.9782608695652174,1.0,0.5401459854014599,0.35036496350364965,0.10948905109489052,0.5097641515731811,0.012,0.012,0.52,0.8906732560701346,0.28830817983593915,33.33333333333333,-0.04642958654686445,0.3333333333333333,0.008643023105100355,0.18248175182481752,0.5985401459854015,0.21897810218978103,0.31386861313868614,0.31386861313868614,nan,nan,0.03942035708244174,0.24073164195455382,0.08536585365853659,0.26666666666666666,0.2,0.19967178989413453,-0.08863638994180463,2.0311580066932757,20,20,7.075257062911987
375,,0.1825830208398227,0.007303320833592908,-0.018545595370233058,1.0,1.0,1.0,1.0,1.0,0.2753623188405797,0.7101449275362319,0.014492753623188406,0.4818338899090886,0.204,0.204,2.92,0.9909490457085672,0.07518589722854213,0.0,-0.12218933978066693,0.0,0.0,0.13043478260869565,0.5362318840579711,0.3333333333333333,0.45410628019323673,0.45410628019323673,nan,nan,0.05406728212289818,0.25692323261368805,0.018018018018018018,0.7101449275362319,0.0,0.21171545603724537,0.13652955880870324,2.3927895188983244,20,20,7.204184055328369
376,,0.1916407271329499,0.021293414125883325,-0.004721512645483017,1.0,1.0,1.0,1.0,1.0,0.7615384615384615,0.2,0.038461538461538464,0.4767044745799568,0.06111111111111111,0.06111111111111111,1.1111111111111112,0.9990292672519392,0.02296639277568685,20.0,-0.012895913628439688,0.2,0.00814375025737709,0.15384615384615385,0.4230769230769231,0.4230769230769231,0.18461538461538463,0.18461538461538463,nan,nan,0.025475400191531626,0.06555443528076371,0.05454545454545454,0.14545454545454545,0.03636363636363636,0.2034573267773371,0.18049093400165026,1.835316957527864,20,20,3.993051528930664
377,,0.1852666558519012,0.007410666234076047,-0.005766694620251656,1.0,1.0,1.0,1.0,1.0,0.21761658031088082,0.7668393782383419,0.015544041450777202,0.4644362631049007,0.122,0.122,4.0,0.9910711638363705,0.06011310811802534,33.33333333333333,-0.042535826208974614,0.3333333333333333,0.002821070289232494,0.14507772020725387,0.35751295336787564,0.49740932642487046,0.3160621761658031,0.3160621761658031,nan,nan,0.06345273755297824,0.3081134696243674,0.0,0.7916666666666666,0.020833333333333332,0.2170575379545015,0.15694442983647616,2.7558079583247954,20,20,6.3761773109436035
378,,0.1735483749232215,0.005984426721490397,0.024516392126679422,0.95,0.95,0.95,0.9949494949494949,0.75,0.15656565656565657,0.8232323232323232,0.020202020202020204,0.46168796887364366,0.1396551724137931,0.1396551724137931,4.655172413793103,0.9478490502008918,0.19477296481129455,25.0,-0.19417048647731294,0.25,0.030757323906915435,0.1111111111111111,0.5505050505050505,0.3383838383838384,0.41919191919191917,0.41919191919191917,nan,nan,0.07763011122948185,0.40324028536789597,0.03669724770642202,0.9253731343283582,0.0,0.23243296480235276,0.03765999999105821,1.9710624362178601,20,20,9.448451519012451
379,,0.16127460386815287,0.005375820128938429,0.04520268589258194,0.9,0.9,0.9,0.9752475247524752,1.0,0.20202020202020202,0.7777777777777778,0.020202020202020204,0.4763418367355674,0.145,0.145,4.2,0.8541320260121719,0.2546604533969863,25.0,-0.14402468200801022,0.25,0.00714311728083214,0.09595959595959595,0.5202020202020202,0.3838383838383838,0.3939393939393939,0.3939393939393939,nan,nan,0.07063457981286768,0.3023734086858909,0.019417475728155338,0.881578947368421,0.013157894736842105,0.22003783385954281,-0.034622619537443444,2.645422022478606,20,20,8.000433683395386
380,,0.14080968672870267,0.0044003027102719585,0.15229379013180733,0.75,0.75,0.75,0.9222797927461139,1.0,0.6830601092896175,0.14207650273224043,0.17486338797814208,0.4563151139216643,0.521875,0.521875,0.34375,0.68668271513336,0.29954936660933373,9.375,-0.1285640526033737,0.09375,0.08257113748628266,0.12568306010928962,0.7978142076502732,0.07650273224043716,0.16939890710382513,0.16939890710382513,nan,nan,0.1544707727279881,0.46572831612891336,0.1643835616438356,0.42857142857142855,0.14285714285714285,0.2380139189601819,-0.061535447649151837,1.5527929597966996,20,20,18.084770441055298
381,,0.18840411725887762,0.01884041172588776,-0.012124930135905742,1.0,1.0,1.0,1.0,0.0,0.1484375,0.8515625,0.0,0.4480766978440806,0.015,0.015,2.2,0.9982974726999334,0.03596054574396945,0.0,0.0,0.0,0.0,0.140625,0.515625,0.34375,0.46875,0.46875,nan,nan,0.024446448962194833,0.16969759853728728,0.0,0.9318181818181818,0.0,0.20609688782333505,0.1701363420793656,3.187999862934877,20,20,2.841953992843628
382,,0.18179509946011999,0.006992119210004615,-0.02390300892293453,1.0,1.0,1.0,1.0,1.0,0.233502538071066,0.7614213197969543,0.005076142131979695,0.4553481342772452,0.13846153846153847,0.13846153846153847,4.269230769230769,0.9920442335070896,0.0667669327395431,0.0,-0.08359050307176796,0.0,0.0,0.12690355329949238,0.2233502538071066,0.649746192893401,0.18781725888324874,0.18781725888324874,nan,nan,0.06219178492576582,0.23561207843943482,0.0,0.7890625,0.0078125,0.21952426199594446,0.15275732925640137,2.4699467439369553,20,20,7.402265787124634
383,,0.16787012665440745,0.004196753166360186,-0.013933686415354411,1.0,1.0,1.0,1.0,1.0,0.13127413127413126,0.861003861003861,0.007722007722007722,0.45848659055081953,0.12875,0.12875,5.825,0.9690364771474492,0.13072939876376205,50.0,0.017501205081341925,0.5,0.13702002352667064,0.10810810810810811,0.5984555984555985,0.29343629343629346,0.5328185328185329,0.5328185328185329,nan,nan,0.06055013515500196,0.36807112501095246,0.0064516129032258064,0.8947368421052632,0.0,0.23333149924575008,0.10260210048198803,2.520210392888304,20,20,13.75322675704956
384,,0.1395915076474923,0.004105632577867421,0.06349898353219033,0.8,0.8,0.8,0.8208955223880597,0.9166666666666666,0.19767441860465115,0.7325581395348837,0.06976744186046512,0.4353196285942378,0.09852941176470588,0.09852941176470588,2.264705882352941,0.6130313306144205,0.36771255234760375,16.666666666666664,-0.7493936158286174,0.16666666666666666,0.060825865223016806,0.16279069767441862,0.4186046511627907,0.4186046511627907,0.3313953488372093,0.3313953488372093,nan,nan,0.114451378413595,0.26350264465003226,0.041666666666666664,0.8333333333333334,0.027777777777777776,0.2817580378241157,-0.08595451452348805,2.1569602178856178,20,20,9.065754652023315
385,,0.1736319872744031,0.0042349265188878805,0.002800063416361809,0.95,0.95,0.95,0.9959514170040485,1.0,0.12550607287449392,0.8340080971659919,0.04048582995951417,0.4590013074200237,0.17682926829268292,0.17682926829268292,5.097560975609756,0.95832101172427,0.1707117512850618,0.0,-0.19050980928500125,0.0,0.0,0.10526315789473684,0.6477732793522267,0.24696356275303644,0.562753036437247,0.562753036437247,nan,nan,0.0606450720113116,0.3625915310856835,0.04375,0.8852459016393442,0.0,0.25307143493084233,0.08235968364578053,2.082821245472357,20,20,13.073429584503174
386,,0.16952988219685558,0.0038529518681103543,0.006558368851741155,0.9,0.9,0.9,0.97265625,1.0,0.204,0.752,0.044,0.43979016140775373,0.23068181818181818,0.23068181818181818,4.045454545454546,0.9292460645892933,0.21924931579168516,0.0,-0.35919089381129504,0.0,0.0,0.108,0.48,0.412,0.336,0.336,nan,nan,0.1060694479977297,0.4141618968047988,0.041666666666666664,0.9029126213592233,0.02912621359223301,0.2216055334515613,0.0023562176598761336,2.3505214511476105,20,20,14.116007089614868
387,,0.18374416214940156,0.004481564930473209,-0.033434647445877395,1.0,1.0,1.0,1.0,1.0,0.4924812030075188,0.42105263157894735,0.08646616541353383,0.44918780187996693,0.39878048780487807,0.39878048780487807,2.2195121951219514,0.9901846380599887,0.07531930128222317,13.043478260869565,-0.11508287822912398,0.13043478260869565,0.14321227986383686,0.09774436090225563,0.6541353383458647,0.24812030075187969,0.3157894736842105,0.3157894736842105,nan,nan,0.10793075070938658,0.37958546392592973,0.08620689655172414,0.5454545454545454,0.030303030303030304,0.2204713210517635,0.14515201976954034,1.8316638637444629,20,20,23.522841930389404
388,,0.1849710501887616,0.0068507796366208,-0.03176708444952965,1.0,1.0,1.0,1.0,1.0,0.4021164021164021,0.5396825396825397,0.0582010582010582,0.45446752312628735,0.22777777777777777,0.22777777777777777,2.074074074074074,0.9934976840125388,0.06237315796693188,27.27272727272727,-0.07813646892361327,0.2727272727272727,0.018944799674719116,0.12169312169312169,0.2751322751322751,0.6031746031746031,0.23809523809523808,0.23809523809523808,nan,nan,0.08577968471923735,0.3608145104697124,0.019230769230769232,0.49122807017543857,0.043859649122807015,0.2150535954278253,0.1526804374608934,2.1451907414612306,20,20,10.00715446472168
389,,0.1869047464915188,0.016991340590138074,-0.032351306080818175,1.0,1.0,1.0,1.0,1.0,0.8195488721804511,0.09022556390977443,0.09022556390977443,0.4896391505714167,0.11363636363636363,0.11363636363636363,0.7272727272727273,0.998895028000169,0.027816490387182896,33.33333333333333,-0.03360690824996382,0.3333333333333333,0.011830716736238707,0.18796992481203006,0.11278195488721804,0.6992481203007519,0.13533834586466165,0.13533834586466165,nan,nan,0.04334058047191122,0.16922049705303238,0.0,0.053763440860215055,0.053763440860215055,0.20122954124560688,0.17341305085842398,1.922689707194342,20,20,5.508103609085083
390,,0.13331921501500427,0.002898243804674006,0.09014721711476643,0.75,0.75,0.75,0.9653846153846154,1.0,0.5058823529411764,0.43529411764705883,0.058823529411764705,0.475754322729367,0.4489130434782609,0.4489130434782609,1.891304347826087,0.676535394381309,0.28971930704730975,13.333333333333334,-0.19126837474512162,0.13333333333333333,0.09292608327209874,0.08627450980392157,0.5764705882352941,0.33725490196078434,0.3137254901960784,0.3137254901960784,nan,nan,0.14625508183141273,0.556302220457964,0.06802721088435375,0.46511627906976744,0.03488372093023256,0.21588443492738985,-0.07383487211991993,1.6368525501652356,20,20,21.359830617904663
391,,0.17275664997126755,0.005572795160363469,0.005549871176481247,1.0,1.0,1.0,1.0,1.0,0.07509881422924901,0.9169960474308301,0.007905138339920948,0.4820643151118871,0.05806451612903226,0.05806451612903226,8.258064516129032,0.9712757868202375,0.09872216828408166,0.0,-0.06148802621927166,0.0,0.0,0.11067193675889328,0.4308300395256917,0.45849802371541504,0.43873517786561267,0.43873517786561267,nan,nan,0.053636064839423105,0.1679750566350754,0.0,0.9051724137931034,0.017241379310344827,0.2219073010161683,0.12318513273208663,2.6434176790042603,20,20,12.379414081573486
392,,0.18139086379478703,0.006976571684414886,-0.009224280994385482,1.0,1.0,1.0,1.0,1.0,0.24154589371980675,0.7342995169082126,0.024154589371980676,0.49535775158124473,0.1576923076923077,0.1576923076923077,4.846153846153846,0.986823737548534,0.07440562865323408,0.0,-0.0973755772371025,0.0,0.0,0.18840579710144928,0.5603864734299517,0.25120772946859904,0.5072463768115942,0.5072463768115942,nan,nan,0.04454929746429125,0.22332707221024295,0.008620689655172414,0.7307692307692307,0.0,0.22113914234850526,0.14673351369527118,2.1671677832292393,20,20,8.00490117073059
393,,0.17195538800435375,0.0071648078335147395,0.05832934007048607,0.95,0.95,0.95,0.9950980392156863,0.0,0.2647058823529412,0.7352941176470589,0.0,0.4704679576292013,0.2375,0.2375,3.9583333333333335,0.9554321123587256,0.1856336706485851,0.0,0.0,0.0,0.0,0.08823529411764706,0.6666666666666666,0.24509803921568626,0.4950980392156863,0.4950980392156863,nan,nan,0.05749671549625797,0.2775798419676403,0.0,0.82,0.0,0.2114849357649196,0.025851265116334524,2.2538267784018813,20,20,7.699536561965942
394,,0.1677932379818952,0.004660923277274866,-0.010603703185915947,1.0,1.0,1.0,1.0,0.0,0.047619047619047616,0.9523809523809523,0.0,0.47673664658796044,0.0375,0.0375,7.694444444444445,0.9740275114645812,0.12755775915980244,0.0,0.0,0.0,0.0,0.1111111111111111,0.5436507936507936,0.34523809523809523,0.5476190476190477,0.5476190476190477,nan,nan,0.041566588498477476,0.13741316982634436,0.0,0.9655172413793104,0.0,0.24278004246085477,0.11522228330105232,2.6110108994859282,20,20,13.97127366065979
395,,0.19001130200917668,0.011875706375573543,-0.026426659524440767,1.0,1.0,1.0,1.0,1.0,0.2677165354330709,0.6771653543307087,0.05511811023622047,0.47600478658569045,0.0375,0.0375,1.0625,0.9984054734214278,0.027229882008080797,14.285714285714285,-0.05288822364142763,0.14285714285714285,0.011991973840014193,0.16535433070866143,0.5275590551181102,0.30708661417322836,0.41732283464566927,0.41732283464566927,nan,nan,0.05376388124809041,0.3113622514597621,0.029850746268656716,0.6410256410256411,0.02564102564102564,0.20489679230092328,0.17766691029284248,2.152784616359072,20,20,4.377262592315674
396,,0.1511972925974621,0.004319922645641774,0.07110890671610832,0.85,0.85,0.85,0.9104477611940298,0.9230769230769231,0.4308510638297872,0.48936170212765956,0.0797872340425532,0.47503269221034966,0.22714285714285715,0.22714285714285715,1.0857142857142856,0.7070495614595862,0.33181384878253645,6.666666666666667,-0.21506939325013627,0.06666666666666667,0.03484815812458855,0.11702127659574468,0.8138297872340425,0.06914893617021277,0.44680851063829785,0.44680851063829785,nan,nan,0.07874883663519895,0.27788138610289176,0.032679738562091505,0.6153846153846154,0.07692307692307693,0.24875315874955922,-0.08306069003297724,1.8532838084393242,20,20,14.685023546218872
397,,0.18905853992832788,0.01890585399283279,-0.01987406089901924,1.0,1.0,1.0,1.0,1.0,0.224,0.744,0.032,0.4780071386881173,0.03,0.03,1.9,0.9991965743132578,0.021349321906807744,0.0,-0.022976517776789537,0.0,0.0,0.2,0.352,0.448,0.36,0.36,nan,nan,0.03226453980749425,0.17400240736833147,0.0,0.7321428571428571,0.017857142857142856,0.20172657382115528,0.18037725191434753,2.707397499130114,20,20,2.5613386631011963
398,,0.1822477712913541,0.007923816143102353,0.008940933085978032,1.0,1.0,1.0,1.0,1.0,0.04975124378109453,0.8955223880597015,0.05472636815920398,0.4825260985541441,0.06086956521739131,0.06086956521739131,6.608695652173913,0.9898083953037266,0.06677923802328514,36.36363636363637,-0.021459291534855488,0.36363636363636365,0.04624600524837146,0.16417910447761194,0.14925373134328357,0.6865671641791045,0.1691542288557214,0.1691542288557214,nan,nan,0.055883734612459116,0.1234236805977336,0.0,0.927536231884058,0.028985507246376812,0.20801474977088355,0.1412355117475984,2.401700387638872,20,20,7.677286148071289
399,,0.18877997125399665,0.01716181556854515,-0.010383629240095615,1.0,1.0,1.0,1.0,1.0,0.15384615384615385,0.8153846153846154,0.03076923076923077,0.47848078796470705,0.01818181818181818,0.01818181818181818,1.3636363636363635,0.9990227989977761,0.02490899709188299,0.0,-0.04258418918605632,0.0,0.0,0.2,0.5076923076923077,0.2923076923076923,0.4153846153846154,0.4153846153846154,nan,nan,0.030467882499159583,0.20048570147642017,0.015151515151515152,0.9210526315789473,0.0,0.20465843685076382,0.17974943975888083,2.9755855018057398,20,20,2.9955196380615234
400,,0.14321620672009283,0.002922779728981486,0.04305602473517259,0.85,0.85,0.85,0.9446640316205533,1.0,0.1721311475409836,0.7991803278688525,0.028688524590163935,0.47616818620044055,0.15510204081632653,0.15510204081632653,4.204081632653061,0.7581900073213146,0.27549528628690784,28.57142857142857,-0.13899245205177396,0.2857142857142857,0.09915538626205236,0.11475409836065574,0.6680327868852459,0.21721311475409835,0.5778688524590164,0.5778688524590164,nan,nan,0.06974734241515546,0.40325650392908075,0.024539877300613498,0.8490566037735849,0.018867924528301886,0.1996516433880691,-0.07584364289883874,2.029593221006789,20,20,14.26688265800476
401,,0.18279195619317135,0.007030459853583513,-0.018751747347414492,1.0,1.0,1.0,1.0,1.0,0.26153846153846155,0.676923076923077,0.06153846153846154,0.48493326713975804,0.19807692307692307,0.19807692307692307,4.038461538461538,0.9841437519971101,0.07508151972043392,16.666666666666664,-0.10125233382236086,0.16666666666666666,0.018728276494820246,0.14358974358974358,0.5846153846153846,0.2717948717948718,0.4666666666666667,0.4666666666666667,nan,nan,0.050954760748930995,0.21738014461433586,0.03508771929824561,0.7358490566037735,0.03773584905660377,0.21779327159669096,0.14271175187625704,1.757964847137017,20,20,8.819698095321655
402,,0.1732454651769766,0.005588563392805696,0.02520454563200474,0.95,0.95,0.95,0.9953917050691244,1.0,0.2672811059907834,0.6820276497695853,0.05069124423963134,0.4947314693844096,0.16612903225806452,0.16612903225806452,2.838709677419355,0.9233235390874122,0.23798151086355218,9.090909090909092,-0.09212348830886237,0.09090909090909091,0.0005312122783493467,0.12442396313364056,0.6728110599078341,0.20276497695852536,0.5023041474654378,0.5023041474654378,nan,nan,0.05386320082644322,0.20637918482784792,0.0273972602739726,0.7954545454545454,0.0,0.2084564322746667,-0.029525078588885492,2.1436231788571076,20,20,10.356257438659668
403,,0.05024942979598105,0.001004988595919621,0.19100070099035898,0.3,0.3,0.3,0.6021897810218978,0.7142857142857143,0.574585635359116,0.2541436464088398,0.1712707182320442,0.47569838287821037,0.398,0.398,0.48,0.17584288349547003,0.3161122667634006,12.903225806451612,-0.5979101904840869,0.12903225806451613,0.0483704359713757,0.09944751381215469,0.8895027624309392,0.011049723756906077,0.27071823204419887,0.27071823204419887,nan,nan,0.29077524958613504,1.1068397988480776,0.14285714285714285,0.5,0.5,0.21889511882852314,-0.09721714793487747,1.5348128945370572,20,20,42.86958146095276
404,,0.19553586598487477,0.0061104958120273365,0.019070348516106606,1.0,1.0,1.0,1.0,1.0,0.47058823529411764,0.37745098039215685,0.15196078431372548,0.49298085754053317,0.465625,0.465625,0.625,0.9957573997334752,0.04879721790600261,29.03225806451613,-0.07069130958326288,0.2903225806451613,0.12525138569230193,0.10294117647058823,0.8529411764705882,0.04411764705882353,0.39705882352941174,0.39705882352941174,nan,nan,0.10907049999311882,0.3819832291889961,0.1206896551724138,0.1111111111111111,0.3333333333333333,0.22060704040691964,0.17180982250091703,1.8404232883065685,20,20,8.507136106491089
405,,0.16369322314560858,0.005846186540914592,0.03476595431566239,0.95,0.95,0.95,0.9949748743718593,1.0,0.2663316582914573,0.6582914572864321,0.07537688442211055,0.49828904483334296,0.175,0.175,3.3214285714285716,0.8959789077310526,0.2730361109961221,20.0,-0.0927771795803422,0.2,0.02687972960202278,0.18090452261306533,0.2864321608040201,0.5326633165829145,0.23618090452261306,0.23618090452261306,nan,nan,0.05985819756075506,0.17145742339395448,0.07017543859649122,0.7452830188679245,0.009433962264150943,0.20135200643171214,-0.07168410456440993,2.4797765868660955,20,20,7.851108074188232
406,,0.19805471162646715,0.0061892097383270984,0.089826475456357,0.95,0.95,0.95,0.9558823529411765,1.0,0.35,0.53,0.12,0.5167449310109078,0.271875,0.271875,1.96875,0.7299716764991646,0.7353543274688352,25.0,-0.09983978514026844,0.25,0.021297543552547395,0.12,0.66,0.22,0.395,0.395,nan,nan,0.17181926138887785,0.44405159362685576,0.09090909090909091,0.5227272727272727,0.09090909090909091,0.6490993505175687,-0.08625497695126652,1.9087791748128788,20,20,13.428963422775269
407,,0.03270119260040533,0.0009083664611223702,0.3122043192386627,0.3,0.3,0.3,0.6395939086294417,0.8484848484848485,0.6126760563380281,0.14084507042253522,0.24647887323943662,0.4898369883685114,0.2861111111111111,0.2861111111111111,0.3611111111111111,0.07741840350004915,0.2936277669020751,14.285714285714285,-0.4050302039014585,0.14285714285714285,0.11942475729543175,0.15492957746478872,0.528169014084507,0.31690140845070425,0.22535211267605634,0.22535211267605634,nan,nan,0.2238574416478409,1.0360773636407683,0.26666666666666666,0.06666666666666667,0.2222222222222222,0.2049376558364831,-0.08869011106559199,1.8513228748788093,20,20,19.982646942138672
408,,0.18135163481838001,0.007254065392735201,0.011208214238286019,1.0,1.0,1.0,1.0,1.0,0.28780487804878047,0.6341463414634146,0.07804878048780488,0.5093967285864055,0.2,0.2,3.84,0.9872757486783051,0.06583269561507926,12.5,-0.036140177822031584,0.125,0.12004616893602266,0.15609756097560976,0.6097560975609756,0.23414634146341465,0.4097560975609756,0.4097560975609756,nan,nan,0.0428022535583251,0.14524381290258462,0.064,0.7916666666666666,0.0,0.21246107116388444,0.14662837554880517,1.8537880250057786,20,20,7.748133182525635
409,,0.17512822740561992,0.005649297658245804,0.010971424728631973,0.95,0.95,0.95,0.9751243781094527,1.0,0.32323232323232326,0.5606060606060606,0.11616161616161616,0.5208159285762738,0.2306451612903226,0.2306451612903226,2.032258064516129,0.9336148383085134,0.2303322351349133,26.08695652173913,-0.06723053506362323,0.2608695652173913,0.0333555270564415,0.12626262626262627,0.7272727272727273,0.14646464646464646,0.4898989898989899,0.4898989898989899,nan,nan,0.056100135886116065,0.24992214919630543,0.06944444444444445,0.5517241379310345,0.1724137931034483,0.21063531362220414,-0.019696921512709145,1.886159075902768,20,20,8.474813222885132
410,,0.18129718690364047,0.0064748995322728735,-0.004761631414294243,1.0,1.0,1.0,1.0,1.0,0.36,0.6,0.04,0.5297245701774955,0.20892857142857144,0.20892857142857144,3.142857142857143,0.9734505783882149,0.14113477727070028,25.0,-0.08305529163918662,0.25,0.04436697837867022,0.1,0.66,0.24,0.445,0.445,nan,nan,0.06378550267842244,0.26628856640462284,0.030303030303030304,0.6041666666666666,0.020833333333333332,0.2859975366203683,0.14486275934966802,2.1251405634703118,20,20,9.738209009170532
411,,0.17052948097048784,0.003552697520218497,-0.014070150256156922,0.95,0.95,0.95,0.9782608695652174,0.9,0.47232472324723246,0.4907749077490775,0.03690036900369004,0.520574235546519,0.26875,0.26875,2.1458333333333335,0.890466443984998,0.2975446862708783,0.0,-0.12269796402765998,0.0,0.0,0.1070110701107011,0.3505535055350554,0.5424354243542435,0.25461254612546125,0.25461254612546125,nan,nan,0.10472534252102156,0.3301491669345563,0.05263157894736842,0.5170068027210885,0.027210884353741496,0.2150724159301304,-0.0824722703407479,1.9953651541367938,20,20,20.734273433685303
412,,0.17805547173274572,0.005236925639198403,-0.02777268346399069,1.0,1.0,1.0,1.0,1.0,0.14705882352941177,0.8382352941176471,0.014705882352941176,0.5199477921979612,0.13676470588235295,0.13676470588235295,6.852941176470588,0.9795326010732827,0.08367100448369127,25.0,-0.17416152355227332,0.25,0.0040605559428883164,0.09558823529411764,0.5477941176470589,0.35661764705882354,0.5257352941176471,0.5257352941176471,nan,nan,0.03992659121077189,0.1531876980158904,0.0,0.8556701030927835,0.020618556701030927,0.22815402608425642,0.14448302160056514,2.5985903500258583,20,20,13.212262153625488
413,,0.18577280778016317,0.00807707859913753,-0.021177791804075242,1.0,1.0,1.0,1.0,1.0,0.13793103448275862,0.8472906403940886,0.014778325123152709,0.5449707923335549,0.0891304347826087,0.0891304347826087,6.304347826086956,0.985877277802148,0.08100230563629399,33.33333333333333,-0.05250554568937088,0.3333333333333333,0.009940029807884831,0.12807881773399016,0.26108374384236455,0.6108374384236454,0.2561576354679803,0.2561576354679803,nan,nan,0.051046451476744255,0.15203764871924033,0.0,0.8790322580645161,0.008064516129032258,0.23681389100561054,0.15581158536931655,2.597872199495865,20,20,7.476285696029663
414,,0.1823096598281491,0.007596235826172879,-0.015301271341741085,1.0,1.0,1.0,1.0,1.0,0.21287128712871287,0.7425742574257426,0.04455445544554455,0.5293908071743014,0.19583333333333333,0.19583333333333333,3.9166666666666665,0.9836816957213336,0.07105080805627018,11.11111111111111,-0.08477675800575463,0.1111111111111111,0.15761560665712154,0.15346534653465346,0.6039603960396039,0.24257425742574257,0.4801980198019802,0.4801980198019802,nan,nan,0.048757007519181425,0.2361364897940885,0.01639344262295082,0.8775510204081632,0.0,0.20818815164007837,0.1371373435838082,2.0888517390129464,20,20,7.657438516616821
415,,0.19001010212685157,0.021112233569650175,-0.02139485366642475,1.0,1.0,1.0,1.0,1.0,0.49624060150375937,0.47368421052631576,0.03007518796992481,0.5307058991553882,0.03333333333333333,0.03333333333333333,0.5555555555555556,0.9991155356518279,0.026239017483303206,0.0,-0.031181392370791403,0.0,0.0,0.19548872180451127,0.19548872180451127,0.6090225563909775,0.23308270676691728,0.23308270676691728,nan,nan,0.022856541222178475,0.10699013914164344,0.0,0.4444444444444444,0.012345679012345678,0.2062488641678336,0.1800098466845304,2.227660745718935,20,20,2.9409070014953613
416,,0.18813243724318524,0.018813243724318522,-0.02160299802199006,1.0,1.0,1.0,1.0,1.0,0.46616541353383456,0.48872180451127817,0.045112781954887216,0.5289363286085427,0.045,0.045,0.5,0.999133234626987,0.019156664349088304,16.666666666666664,-0.03507984093317783,0.16666666666666666,0.002348660608871178,0.18045112781954886,0.39849624060150374,0.42105263157894735,0.3007518796992481,0.3007518796992481,nan,nan,0.017736161814237972,0.07139951955312851,0.03773584905660377,0.5535714285714286,0.0,0.19797666165597907,0.17881999730689077,2.2751916482467847,20,20,2.6292808055877686
417,,0.1791420196896201,0.004369317553405369,-0.02026046346873045,1.0,1.0,1.0,1.0,1.0,0.20848056537102475,0.7208480565371025,0.0706713780918728,0.5435959460758945,0.24024390243902438,0.24024390243902438,3.8536585365853657,0.9828007932045592,0.08637977836870922,20.0,-0.11105140491778229,0.2,0.12538132697055487,0.10600706713780919,0.5936395759717314,0.3003533568904594,0.4734982332155477,0.4734982332155477,nan,nan,0.05518900988553132,0.2695075827119295,0.02976190476190476,0.7176470588235294,0.03529411764705882,0.21961983071172672,0.1332400523430175,2.329287648638129,20,20,16.113609313964844
418,,0.15982421213603681,0.004700712121648141,0.01826030295342207,0.9,0.9,0.9,0.9380952380952381,1.0,0.375,0.58,0.045,0.5285333689945915,0.20441176470588235,0.20441176470588235,2.0,0.8712506584713915,0.29130162397174136,22.22222222222222,-0.07938650849082478,0.2222222222222222,0.0061387522241020814,0.145,0.4,0.455,0.29,0.29,nan,nan,0.09229582889795403,0.2712785716780099,0.0125,0.5824175824175825,0.04395604395604396,0.21756317788598434,-0.07373844608575704,2.0262414071096253,20,20,9.980440378189087
419,,0.13117366368504021,0.002851601384457396,0.13120555529991787,0.7,0.7,0.7,0.9192307692307692,1.0,0.6163265306122448,0.2979591836734694,0.08571428571428572,0.5362304338957588,0.4815217391304348,0.4815217391304348,1.6956521739130435,0.6325841952710864,0.2948675494671825,14.285714285714285,-0.18687957617705234,0.14285714285714285,0.10546432264377222,0.08979591836734693,0.8612244897959184,0.04897959183673469,0.27755102040816326,0.27755102040816326,nan,nan,0.18940953919467518,0.5606317912005355,0.06635071090047394,0.3333333333333333,0.16666666666666666,0.23874789319619588,-0.056119656270986626,1.6376400930279933,20,20,34.39567446708679
420,,0.13817711947906314,0.004064032925854798,0.07714496701955795,0.8,0.8,0.8,0.8984771573604061,1.0,0.5434782608695652,0.391304347826087,0.06521739130434782,0.5338646555018118,0.2411764705882353,0.2411764705882353,1.4705882352941178,0.6808647811136449,0.2910141188394546,0.0,-0.09513084975120335,0.0,0.0,0.13043478260869565,0.6467391304347826,0.22282608695652173,0.29347826086956524,0.29347826086956524,nan,nan,0.107910255728618,0.38083199465154594,0.04201680672268908,0.5121951219512195,0.07317073170731707,0.22430421987337734,-0.06670989896607728,1.7849872719592463,20,20,16.910496711730957
421,,0.20133806313005137,0.006291814472814105,0.016493003256618975,1.0,1.0,1.0,1.0,1.0,0.7718446601941747,0.1796116504854369,0.04854368932038835,0.5249916373129964,0.4203125,0.4203125,0.40625,0.9905338725854659,0.06966934614867407,10.0,-0.1383777896707171,0.1,0.034450995672205664,0.09223300970873786,0.7961165048543689,0.11165048543689321,0.18446601941747573,0.18446601941747573,nan,nan,0.11898916502767214,0.3799905388148124,0.04878048780487805,0.2608695652173913,0.0,0.23370841447242935,0.16403906832375528,1.7777487162559047,20,20,16.025745153427124
422,,0.15210095627031783,0.003537231541170182,0.02257419899106026,0.9,0.9,0.9,0.9767441860465116,1.0,0.23715415019762845,0.7509881422924901,0.011857707509881422,0.5287691466369514,0.15,0.15,4.767441860465116,0.8253338646004611,0.2516361081040389,33.33333333333333,-0.1384504306243167,0.3333333333333333,0.07752534789544652,0.09881422924901186,0.6640316205533597,0.23715415019762845,0.5454545454545454,0.5454545454545454,nan,nan,0.05527671885558057,0.26088234750050465,0.005952380952380952,0.75,0.016666666666666666,0.20318690146870985,-0.048449206635329076,2.048542418655753,20,20,14.054698467254639
423,,0.17753799802998635,0.0050725142294281815,0.014558075368404389,0.95,0.95,0.95,0.9951690821256038,1.0,0.5555555555555556,0.4251207729468599,0.01932367149758454,0.5369798093235918,0.27285714285714285,0.27285714285714285,1.6,0.9206448004866185,0.2608592315527434,50.0,-0.08754322821909664,0.5,0.108297851457423,0.07729468599033816,0.5410628019323671,0.38164251207729466,0.2898550724637681,0.2898550724637681,nan,nan,0.09240981544651825,0.33556874711132295,0.026785714285714284,0.3670886075949367,0.012658227848101266,0.22007124154844185,-0.04078799000430155,1.787731726529003,20,20,11.625769853591919
424,,0.18481032728129995,0.0047387263405461524,0.04567512149612109,0.85,0.85,0.85,0.984251968503937,0.9,0.8110236220472441,0.14566929133858267,0.04330708661417323,0.5118192281436701,0.6679487179487179,0.6679487179487179,0.9230769230769231,0.883970671616233,0.22863330461037648,27.27272727272727,-0.1501359975302144,0.2727272727272727,0.06242537972760431,0.07480314960629922,0.8779527559055118,0.047244094488188976,0.19291338582677164,0.19291338582677164,nan,nan,0.16713120734658113,0.5304871273330789,0.03587443946188341,0.0,0.08333333333333333,0.2461960029426884,0.017562698332311916,1.588828331231161,20,20,25.62818694114685
425,,0.19863110939118334,0.006407455141651076,-0.022629108838737012,1.0,1.0,1.0,1.0,1.0,0.6504854368932039,0.3300970873786408,0.019417475728155338,0.5263893871763421,0.36612903225806454,0.36612903225806454,1.064516129032258,0.9881508398872852,0.1014601169740541,75.0,0.0011816419995156618,0.75,0.04236513697454115,0.1262135922330097,0.7378640776699029,0.13592233009708737,0.3106796116504854,0.3106796116504854,nan,nan,0.09052047689402123,0.30842168599195724,0.02631578947368421,0.5,0.0,0.25579917650584083,0.15433905953178673,1.7887334816636333,20,20,10.983630418777466
426,,0.18330670783521713,0.006320920959835073,0.010294408351182938,0.95,0.95,0.95,0.9894736842105263,1.0,0.3862433862433862,0.5978835978835979,0.015873015873015872,0.552564367648728,0.2482758620689655,0.2482758620689655,2.689655172413793,0.9511639109955098,0.22353972797857924,66.66666666666666,0.03401385572501925,0.6666666666666666,0.07317667037203188,0.12169312169312169,0.671957671957672,0.20634920634920634,0.42857142857142855,0.42857142857142855,nan,nan,0.07299784602779592,0.30990251065128227,0.015748031496062992,0.6153846153846154,0.02564102564102564,0.2615768985362139,0.03803717055763467,2.3704784131239713,20,20,8.722421884536743
427,,0.19282524517374466,0.019282524517374465,0.001328326715156436,1.0,1.0,1.0,1.0,0.0,0.6484375,0.3515625,0.0,0.5388089673640206,0.04,0.04,1.3,0.9995123453582512,0.015842027636359807,0.0,0.0,0.0,0.0,0.1875,0.25,0.5625,0.2109375,0.2109375,nan,nan,0.03742952453649594,0.20331270216938968,0.0,0.25,0.0,0.20066476921034151,0.1848227415739817,2.075610814159686,20,20,2.624493360519409
428,,0.18717256248289674,0.006684734374389169,-0.02202746635302901,1.0,1.0,1.0,1.0,1.0,0.5990566037735849,0.38207547169811323,0.018867924528301886,0.5551014199187713,0.2982142857142857,0.2982142857142857,1.2142857142857142,0.9965916602860133,0.04762731721364927,25.0,-0.09062835980163372,0.25,0.029366137496589804,0.12264150943396226,0.6981132075471698,0.1792452830188679,0.33962264150943394,0.33962264150943394,nan,nan,0.06739951571020107,0.249468351371722,0.02027027027027027,0.3157894736842105,0.02631578947368421,0.20869764955315945,0.16107033233951018,2.1300259244072266,20,20,8.867043018341064
429,,0.1887688452694294,0.020974316141047708,-0.012106017768383026,1.0,1.0,1.0,1.0,1.0,0.6046511627906976,0.3875968992248062,0.007751937984496124,0.5284977986580796,0.027777777777777776,0.027777777777777776,0.8888888888888888,0.998853912784679,0.026265464373834285,100.0,0.011176691048343443,1.0,0.011176691048343443,0.18604651162790697,0.2713178294573643,0.5426356589147286,0.2713178294573643,0.2713178294573643,nan,nan,0.02376861897041458,0.10656311258488517,0.0,0.3142857142857143,0.014285714285714285,0.20426525427733272,0.17799978990349843,2.3801277562222616,20,20,2.255110502243042
430,,0.18812354528966937,0.007524941811586775,-0.017209245450794698,1.0,1.0,1.0,1.0,1.0,0.5221674876847291,0.4729064039408867,0.0049261083743842365,0.5758125877082347,0.294,0.294,1.88,0.993989780010542,0.05530647178336284,0.0,-0.16541566458481727,0.0,0.0,0.1330049261083744,0.729064039408867,0.13793103448275862,0.458128078817734,0.458128078817734,nan,nan,0.05294507249797633,0.23198635923766248,0.0,0.5357142857142857,0.0,0.22725840829007068,0.17195193650670784,1.8391307290363041,20,20,6.79732871055603
431,,0.18937492052953026,0.00757499682118121,-0.019398374203592538,1.0,1.0,1.0,1.0,1.0,0.7783251231527094,0.20689655172413793,0.014778325123152709,0.5558695282191038,0.446,0.446,0.8,0.9954611106303148,0.05584887686923512,33.33333333333333,-0.10537149058478344,0.3333333333333333,0.05294204372885469,0.08374384236453201,0.3399014778325123,0.5763546798029556,0.1625615763546798,0.1625615763546798,nan,nan,0.10442300787082587,0.3201024938578222,0.028985507246376812,0.21367521367521367,0.008547008547008548,0.22300084235927214,0.16715196549003702,1.7637371822370225,20,20,13.01154375076294
432,,0.18971524182271807,0.021079471313635342,-0.017838772572577,1.0,1.0,1.0,1.0,1.0,0.7,0.2923076923076923,0.007692307692307693,0.5402904483800133,0.06111111111111111,0.06111111111111111,1.4444444444444444,0.9992164255408236,0.019555999044920225,0.0,-0.06113344671362814,0.0,0.0,0.19230769230769232,0.4076923076923077,0.4,0.2692307692307692,0.2692307692307692,nan,nan,0.022002104029008155,0.07787843198774556,0.0,0.25,0.0,0.20066947486411862,0.1811134758191984,2.357183994811661,20,20,3.5578036308288574
433,,0.1815615614064923,0.007565065058603846,-0.0013368533924221992,1.0,1.0,1.0,1.0,0.0,0.16842105263157894,0.8315789473684211,0.0,0.5782458945487936,0.10833333333333334,0.10833333333333334,6.208333333333333,0.9851080107664466,0.08469756320630731,0.0,0.0,0.0,0.0,0.11052631578947368,0.43157894736842106,0.45789473684210524,0.4,0.4,nan,nan,0.05534947302023991,0.2114876657784207,0.0,0.8620689655172413,0.0,0.23550038275361665,0.15080281954730934,2.677756000642789,20,20,8.095062494277954
434,,0.19036862365037205,0.023796077956296506,-0.012810815311968326,1.0,1.0,1.0,1.0,1.0,0.5,0.49206349206349204,0.007936507936507936,0.5398917433805763,0.04375,0.04375,1.25,0.9993524998278873,0.015429113292967866,0.0,-0.03487406281049098,0.0,0.0,0.19047619047619047,0.11904761904761904,0.6904761904761905,0.21428571428571427,0.21428571428571427,nan,nan,0.030114276087694493,0.10974453558538803,0.0,0.4827586206896552,0.011494252873563218,0.1978177279528524,0.18238861465988454,2.8510769420525914,20,20,2.398772954940796
435,,0.19003092800658464,0.007308881846407101,-0.030046743247658013,1.0,1.0,1.0,1.0,1.0,0.76,0.225,0.015,0.568188266040614,0.40192307692307694,0.40192307692307694,0.8076923076923077,0.9944689812507074,0.061878373381887786,33.33333333333333,-0.008824460975043691,0.3333333333333333,0.1308130607282439,0.115,0.635,0.25,0.27,0.27,nan,nan,0.0755820962690107,0.22512615572997674,0.015748031496062992,0.14,0.02,0.23141779721622968,0.1695394238343419,1.9168470328984768,20,20,8.360627174377441
436,,0.1923899878679068,0.02404874848348835,-0.003203657688573003,1.0,1.0,1.0,1.0,0.0,0.6746031746031746,0.3253968253968254,0.0,0.5168092866428197,0.025,0.025,0.125,0.9994668311409884,0.015512829148295909,0.0,0.0,0.0,0.0,0.2619047619047619,0.30158730158730157,0.4365079365079365,0.2698412698412698,0.2698412698412698,nan,nan,0.0207894137227408,0.06439651832600587,0.0,0.32727272727272727,0.0,0.19732186802539786,0.18180903887710195,2.1790296501680975,20,20,2.193040370941162
437,,0.17414777336169454,0.003554036191054991,0.046007096270720166,0.8,0.8,0.8,0.9847328244274809,1.0,0.8841698841698842,0.10424710424710425,0.011583011583011582,0.5545655915133503,0.6112244897959184,0.6112244897959184,0.24489795918367346,0.85148642244748,0.23022681209411477,0.0,-0.26558405959003967,0.0,0.0,0.07722007722007722,0.8957528957528957,0.02702702702702703,0.1583011583011583,0.1583011583011583,nan,nan,0.1800175377397186,0.4504511063134244,0.004310344827586207,0.0,0.14285714285714285,0.23946747204276514,0.009240659948650365,1.513837027267396,20,20,28.399842500686646
438,,0.188278007563694,0.020919778618188223,-0.018584927916526793,1.0,1.0,1.0,1.0,1.0,0.9457364341085271,0.046511627906976744,0.007751937984496124,0.5291377896236049,0.07777777777777778,0.07777777777777778,1.0,0.9991898240079046,0.016790111440316197,0.0,-0.04778830702111769,0.0,0.0,0.10852713178294573,0.06976744186046512,0.8217054263565892,0.09302325581395349,0.09302325581395349,nan,nan,0.02984000404388059,0.08563351069761996,0.0,0.04716981132075472,0.0,0.19536822798001477,0.17857811653969857,1.6392858390816347,20,20,4.337133407592773
439,,0.17006957775659165,0.003697164733838949,0.011226462696989377,0.95,0.95,0.95,0.9961089494163424,1.0,0.5369649805447471,0.4396887159533074,0.023346303501945526,0.5680975783350574,0.29891304347826086,0.29891304347826086,2.0,0.9350801476887292,0.22215246473749858,0.0,-0.07715925617555026,0.0,0.0,0.10894941634241245,0.7237354085603113,0.16731517509727625,0.40077821011673154,0.40077821011673154,nan,nan,0.07689950218065511,0.2910824834846609,0.016129032258064516,0.4418604651162791,0.046511627906976744,0.21052615864838148,-0.011626306089117106,1.9216801269598947,20,20,13.925289392471313
440,,0.19081105656094596,0.023851382070118245,0.006971149332821369,1.0,1.0,1.0,1.0,0.0,0.5887096774193549,0.4112903225806452,0.0,0.5310148053569719,0.04375,0.04375,0.875,0.9993822510482583,0.01809097599907747,0.0,0.0,0.0,0.0,0.23387096774193547,0.41935483870967744,0.3467741935483871,0.3064516129032258,0.3064516129032258,nan,nan,0.020608940307058763,0.08131118310487266,0.0,0.5116279069767442,0.0,0.19956998427957848,0.181479008280501,2.131579078103019,20,20,2.290119171142578
441,,0.18444611521093512,0.004191957163884889,-0.01283845038463672,1.0,1.0,1.0,1.0,0.0,0.35797665369649806,0.6381322957198443,0.0038910505836575876,0.5797272175867957,0.26590909090909093,0.26590909090909093,2.977272727272727,0.9850852951988981,0.0930057182725968,0.0,-0.09720610780387062,0.0,0.0,0.10894941634241245,0.4708171206225681,0.42023346303501946,0.3540856031128405,0.3540856031128405,nan,nan,0.08948288377171543,0.3805616381964818,0.0,0.6296296296296297,0.009259259259259259,0.24134952739308152,0.14834380912048473,2.158578759150136,20,20,12.84899091720581
442,,0.1899176518885714,0.007596706075542856,-0.03475271873176098,1.0,1.0,1.0,1.0,1.0,0.9,0.07894736842105263,0.021052631578947368,0.5780861125215888,0.524,0.524,0.4,0.9976481738254196,0.04069428130455768,25.0,-0.03469136433161468,0.25,0.06281567429985446,0.1,0.4631578947368421,0.4368421052631579,0.1368421052631579,0.1368421052631579,nan,nan,0.11283568159887747,0.2915698240116058,0.022727272727272728,0.04819277108433735,0.012048192771084338,0.21182579330084708,0.1711315119962894,2.0202692893599132,20,20,12.09428334236145
443,,0.1849895754354688,0.007399583017418752,-0.04589550402015448,1.0,1.0,1.0,1.0,0.0,0.3163265306122449,0.6836734693877551,0.0,0.5736033511757851,0.182,0.182,2.64,0.9957235984717793,0.04999448939192683,0.0,0.0,0.0,0.0,0.12755102040816327,0.3469387755102041,0.5255102040816326,0.29081632653061223,0.29081632653061223,nan,nan,0.04742152167231419,0.19238561944525323,0.0,0.7766990291262136,0.0,0.2139400605597772,0.16394557116785038,2.3613523440913218,20,20,6.687097787857056
444,,0.18278844357803403,0.004061965412845201,-0.005718912556767463,0.95,0.95,0.95,1.0,1.0,0.5291828793774319,0.46303501945525294,0.007782101167315175,0.5922696761124664,0.36666666666666664,0.36666666666666664,1.9111111111111112,0.9469845815499088,0.21189838885637932,50.0,-0.08693372623558193,0.5,0.11766140817734438,0.11673151750972763,0.7509727626459144,0.13229571984435798,0.43190661478599224,0.43190661478599224,nan,nan,0.09365621558126465,0.374178936317226,0.010362694300518135,0.5882352941176471,0.0,0.21969420081770136,0.007795811961322036,1.7268243885409502,20,20,12.630298137664795
445,,0.186796679407409,0.006441264807152034,-0.02777687427587807,1.0,1.0,1.0,1.0,1.0,0.5492227979274611,0.44559585492227977,0.0051813471502590676,0.5820737147832226,0.3396551724137931,0.3396551724137931,1.2758620689655173,0.9910118046756434,0.05566628919102981,0.0,-0.05156130727381178,0.0,0.0,0.14507772020725387,0.6217616580310881,0.23316062176165803,0.3471502590673575,0.3471502590673575,nan,nan,0.0754716768483529,0.3041264254431177,0.0,0.4444444444444444,0.0,0.21831578965417062,0.1626495004631408,2.2351720675670337,20,20,7.351353406906128
446,,0.1850295849418673,0.007709566039244471,0.0171683294698596,1.0,1.0,1.0,1.0,0.0,0.21844660194174756,0.7766990291262136,0.0048543689320388345,0.5550039578384409,0.15,0.15,4.333333333333333,0.9910440534552813,0.07502729155234178,0.0,-0.16338160677872404,0.0,0.0,0.13592233009708737,0.5242718446601942,0.33980582524271846,0.44660194174757284,0.44660194174757284,nan,nan,0.05005615314780744,0.24312795504728096,0.0,0.7857142857142857,0.0,0.2352967791221443,0.16026948756980253,2.2122095979298892,20,20,7.24090838432312
447,,0.17529478937962806,0.007621512581722959,-0.016721656918525694,1.0,1.0,1.0,1.0,1.0,0.18877551020408162,0.8061224489795918,0.00510204081632653,0.5954671315038982,0.13043478260869565,0.13043478260869565,6.304347826086956,0.987890336196388,0.08080796329414403,0.0,-0.11996028770918776,0.0,0.0,0.1377551020408163,0.4846938775510204,0.37755102040816324,0.45408163265306123,0.45408163265306123,nan,nan,0.045852872072311236,0.2576685433713587,0.0,0.8243243243243243,0.0,0.21765602385582392,0.1368480605616799,2.3876804173408765,20,20,7.324863433837891
448,,0.16786959563826798,0.004094380381421171,0.010836189985275269,0.95,0.95,0.95,0.9961240310077519,0.0,0.14728682170542637,0.8527131782945736,0.0,0.6105251113236768,0.09634146341463415,0.09634146341463415,5.878048780487805,0.9006919828432655,0.26736440765793756,0.0,0.0,0.0,0.0,0.1124031007751938,0.5775193798449613,0.31007751937984496,0.5465116279069767,0.5465116279069767,nan,nan,0.044349855477312745,0.2453338459080367,0.0,0.825,0.0,0.21828726046484973,-0.04907714719308784,2.1046593400652194,20,20,13.342989444732666
449,,0.17428528900941667,0.006703280346516026,-0.008479694463312626,1.0,1.0,1.0,1.0,0.0,0.20388349514563106,0.7961165048543689,0.0,0.5835875867400319,0.11730769230769231,0.11730769230769231,4.730769230769231,0.9870887998899345,0.076144278755613,0.0,0.0,0.0,0.0,0.1650485436893204,0.5339805825242718,0.30097087378640774,0.5097087378640777,0.5097087378640777,nan,nan,0.040640561052159616,0.1932103526550768,0.0,0.7903225806451613,0.0,0.21044169238993582,0.13429741363432282,2.0288750792476096,20,20,7.803481340408325
450,,0.15053403186783756,0.003961421891258883,0.13607784360647202,0.85,0.85,0.85,0.965,1.0,0.18877551020408162,0.7857142857142857,0.025510204081632654,0.5928828309241094,0.09210526315789473,0.09210526315789473,3.6315789473684212,0.7465390502814754,0.30577697481387706,0.0,-0.09973088788178014,0.0,0.0,0.11734693877551021,0.6122448979591837,0.27040816326530615,0.5102040816326531,0.5102040816326531,nan,nan,0.062219144770529894,0.1983546717729382,0.025,0.9622641509433962,0.0,0.234679839297038,-0.07109713551683906,1.7485277940010955,20,20,11.829309463500977
451,,0.17091597480702853,0.005341124212719641,0.030923540517687798,0.95,0.95,0.95,0.995049504950495,0.0,0.26732673267326734,0.7326732673267327,0.0,0.5960301022685599,0.1171875,0.1171875,3.0625,0.9138377354153007,0.2625369344625904,0.0,0.0,0.0,0.0,0.1485148514851485,0.2623762376237624,0.5891089108910891,0.23267326732673269,0.23267326732673269,nan,nan,0.06830650587194004,0.3099000953429003,0.0,0.7647058823529411,0.0,0.21457585078202818,-0.047961083680562205,2.2083956275394643,20,20,8.013454914093018
452,,0.1603520419153623,0.003340667539903381,-0.009347208092610042,0.95,0.95,0.95,0.9657794676806084,1.0,0.0784313725490196,0.9058823529411765,0.01568627450980392,0.5951044861741441,0.052083333333333336,0.052083333333333336,5.208333333333333,0.879984883307627,0.2960553926632645,0.0,-0.11674295298878694,0.0,0.0,0.11372549019607843,0.23921568627450981,0.6470588235294118,0.23529411764705882,0.23529411764705882,nan,nan,0.06072067194670495,0.18457070539330808,0.0,0.9333333333333333,0.0,0.21167250261294163,-0.08438289005032293,2.2035563239828866,20,20,16.09285879135132
453,,0.1886528695727161,0.01886528695727161,-0.0045242665335536005,1.0,1.0,1.0,1.0,1.0,0.2764227642276423,0.6991869918699187,0.024390243902439025,0.5567249832861125,0.025,0.025,1.8,0.9978958725697131,0.03459854546967525,0.0,-0.037334082513628346,0.0,0.0,0.2032520325203252,0.4715447154471545,0.3252032520325203,0.4146341463414634,0.4146341463414634,nan,nan,0.016478533481449394,0.07685849955918907,0.0,0.825,0.0,0.20281585420661172,0.16821730873693647,2.8400680104006155,20,20,2.5561466217041016
454,,0.15999112020830097,0.004848215763887908,0.03872303068637848,0.9,0.9,0.9,0.9701492537313433,1.0,0.1065989847715736,0.868020304568528,0.025380710659898477,0.5647203184466696,0.06060606060606061,0.06060606060606061,3.878787878787879,0.8267145499475719,0.30087521994338895,0.0,-0.15469834138158828,0.0,0.0,0.16751269035532995,0.17258883248730963,0.6598984771573604,0.18274111675126903,0.18274111675126903,nan,nan,0.06061899510914803,0.17434086819642886,0.0,0.9461538461538461,0.015384615384615385,0.23176046208845252,-0.06911475785493645,2.1783298207120954,20,20,8.501082181930542
455,,0.1871530327361836,0.017013912066925783,-0.014219607133418322,1.0,1.0,1.0,1.0,1.0,0.07377049180327869,0.9180327868852459,0.00819672131147541,0.5656345643103122,0.004545454545454545,0.004545454545454545,2.3636363636363638,0.9987744915459971,0.025907455786374933,0.0,-0.03386951763225145,0.0,0.0,0.20491803278688525,0.4180327868852459,0.3770491803278688,0.4180327868852459,0.4180327868852459,nan,nan,0.028175098996398494,0.18815746230188382,0.0,0.9782608695652174,0.0,0.19893910487184946,0.17303164908547453,2.4568322043535953,20,20,2.7373850345611572
456,,0.17390484307004633,0.005434526345938948,-0.006047147512435913,1.0,1.0,1.0,1.0,1.0,0.045454545454545456,0.9507575757575758,0.003787878787878788,0.5917119404068216,0.05,0.05,8.125,0.9747269834679773,0.08363271374148873,0.0,-0.0005281582519259809,0.0,0.0,0.08333333333333333,0.5909090909090909,0.32575757575757575,0.5909090909090909,0.5909090909090909,nan,nan,0.03191147126846612,0.1811245890698208,0.0,0.9534883720930233,0.011627906976744186,0.2230886228733734,0.13945590913188466,2.5357487918241817,20,20,13.391005277633667
457,,0.16124493058541686,0.006718538774392369,0.07388505861163139,0.9,0.9,0.9,0.9776119402985075,1.0,0.22556390977443608,0.7593984962406015,0.015037593984962405,0.5784584213397466,0.0020833333333333333,0.0020833333333333333,1.125,0.7914794063164224,0.28673058229121134,50.0,-0.007487898682946439,0.5,0.022388159539316416,0.20300751879699247,0.15789473684210525,0.6390977443609023,0.2556390977443609,0.2556390977443609,nan,nan,0.03168884424486532,0.1313027239698655,0.0,0.7764705882352941,0.011764705882352941,0.19843440428623088,-0.08829617800498048,1.956318434892873,20,20,3.990868091583252
458,,0.15098202733822377,0.0032822179856135604,0.020142291486263276,0.9,0.9,0.9,0.9346153846153846,1.0,0.07755102040816327,0.9020408163265307,0.02040816326530612,0.5898171834384456,0.08369565217391305,0.08369565217391305,5.1521739130434785,0.7938247813021623,0.29782783508243477,20.0,-0.07856542682952418,0.2,0.014686369859907122,0.1469387755102041,0.40816326530612246,0.4448979591836735,0.39183673469387753,0.39183673469387753,nan,nan,0.0681242288277843,0.2867648040039568,0.01,0.926605504587156,0.01834862385321101,0.2229967258731932,-0.07483110920924156,2.043302473849839,20,20,14.987450122833252
459,,0.1282186933653359,0.003771138040156938,0.12869156524538994,0.8,0.8,0.8,0.8871794871794871,1.0,0.11731843575418995,0.8435754189944135,0.03910614525139665,0.5993437613915269,0.05,0.05,3.6176470588235294,0.594147820248452,0.3148345726869176,42.857142857142854,-0.03247765236883858,0.42857142857142855,0.08210938783667443,0.1787709497206704,0.2849162011173184,0.5363128491620112,0.329608938547486,0.329608938547486,nan,nan,0.060044519853505146,0.13230138776567368,0.0,0.90625,0.03125,0.21108047207225225,-0.10375410061466539,2.4229674945096993,20,20,10.180540561676025
460,,0.1849700583482087,0.016815459849837153,0.0017877446487545967,1.0,1.0,1.0,1.0,1.0,0.06818181818181818,0.9090909090909091,0.022727272727272728,0.545947624404322,0.00909090909090909,0.00909090909090909,2.0,0.9984390762505904,0.024676498521099904,0.0,-0.04326186689532798,0.0,0.0,0.16666666666666666,0.5151515151515151,0.3181818181818182,0.5606060606060606,0.5606060606060606,nan,nan,0.014834849929375267,0.10862685549646273,0.014705882352941176,1.0,0.0,0.19753184052789668,0.17285534200679678,2.6678605412085603,20,20,2.813117742538452
461,,0.17460077224107082,0.006715414316964262,0.11720969602465629,0.85,0.85,0.85,0.8985507246376812,1.0,0.12598425196850394,0.8661417322834646,0.007874015748031496,0.5815909514776789,0.0057692307692307696,0.0057692307692307696,1.1538461538461537,0.5420615750151409,0.836122055194795,0.0,-0.08204311161570661,0.0,0.0,0.1732283464566929,0.2755905511811024,0.5511811023622047,0.2755905511811024,0.2755905511811024,nan,nan,0.14765404311637959,0.5287452162710788,0.0,0.8857142857142857,0.0,0.7395581324008951,-0.09656392279389986,2.011777554699385,20,20,6.4797139167785645
462,,0.17865463117997668,0.007443942965832361,0.04439605325460434,0.95,0.95,0.95,0.9920634920634921,0.0,0.09523809523809523,0.9047619047619048,0.0,0.549539734927627,0.008333333333333333,0.008333333333333333,0.75,0.912277010361544,0.272999926942027,0.0,0.0,0.0,0.0,0.15079365079365079,0.6666666666666666,0.18253968253968253,0.6190476190476191,0.6190476190476191,nan,nan,0.054707934216162005,0.26925254149778416,0.0,0.9130434782608695,0.0,0.2125888677515911,-0.060411059190435906,1.9593836615135205,20,20,4.069351434707642
463,,0.12944860822943882,0.0025889721645887764,0.08559592366218567,0.8,0.8,0.8,0.8609022556390977,0.0,0.038461538461538464,0.9615384615384616,0.0,0.5692476431392133,0.011,0.011,4.5,0.645458497130448,0.3131617452513016,0.0,0.0,0.0,0.0,0.10683760683760683,0.4829059829059829,0.41025641025641024,0.49145299145299143,0.49145299145299143,nan,nan,0.08685695948571674,0.4109414712257534,0.0,0.9895833333333334,0.0,0.23780610988747886,-0.0753556353638227,2.357243060042071,20,20,19.75783061981201
464,,0.13979572229953963,0.002912410881240409,0.07719738781452179,0.85,0.85,0.85,0.895397489539749,1.0,0.01834862385321101,0.9724770642201835,0.009174311926605505,0.5664918578833749,0.0125,0.0125,5.166666666666667,0.6872674508668544,0.3332766281425601,0.0,-0.11395302282794284,0.0,0.0,0.12385321100917432,0.45871559633027525,0.41743119266055045,0.44954128440366975,0.44954128440366975,nan,nan,0.07945279127856252,0.5004342513371085,0.0,1.0,0.0,0.24571946815452222,-0.08755715998803786,2.151755226176835,20,20,16.22524333000183
465,,0.15191816677851042,0.0037979541694627603,0.04887986555695534,0.9,0.9,0.9,0.950381679389313,1.0,0.05976095617529881,0.9362549800796812,0.00398406374501992,0.5672264442458982,0.03125,0.03125,5.7,0.7760716899619093,0.31936439862607346,0.0,-0.051419989534477434,0.0,0.0,0.13147410358565736,0.4581673306772908,0.4103585657370518,0.44621513944223107,0.44621513944223107,nan,nan,0.06874986935068983,0.2721663179870999,0.0,0.9611650485436893,0.0,0.2385959924299223,-0.0807684061961512,2.1855992493853305,20,20,14.61721158027649
466,,0.14786759218489323,0.005914703687395729,0.054933767020702365,0.85,0.85,0.85,0.921875,1.0,0.049586776859504134,0.9421487603305785,0.008264462809917356,0.5661924696330679,0.0,0.0,1.16,0.6942006318109376,0.3009014719153535,0.0,-0.0009170677037297192,0.0,0.0,0.19834710743801653,0.2975206611570248,0.5041322314049587,0.3140495867768595,0.3140495867768595,nan,nan,0.03694471227318461,0.18134697821129156,0.0,0.9672131147540983,0.0,0.20944985047761627,-0.09145162143773723,2.22463468965646,20,20,4.279452085494995
467,,0.1458966412612472,0.004168475464607063,0.11019611805677414,0.85,0.85,0.85,0.9411764705882353,0.0,0.14871794871794872,0.8512820512820513,0.0,0.5505598746772323,0.05,0.05,3.0,0.6915019117625245,0.31029182962509494,0.0,0.0,0.0,0.0,0.14358974358974358,0.6461538461538462,0.21025641025641026,0.5743589743589743,0.5743589743589743,nan,nan,0.08345216321816608,0.5372278585270669,0.0,0.8292682926829268,0.0,0.22015942010733364,-0.0901324095177613,2.0759970634549365,20,20,14.554417848587036
468,,0.15780316021399002,0.004781913945878485,0.08617350533604622,0.9,0.9,0.9,0.9222797927461139,1.0,0.055248618784530384,0.9392265193370166,0.0055248618784530384,0.5911754784936255,0.031818181818181815,0.031818181818181815,4.0,0.813058015076711,0.28734610751018463,100.0,0.0977401178445304,1.0,0.0977401178445304,0.14917127071823205,0.35359116022099446,0.4972375690607735,0.3370165745856354,0.3370165745856354,nan,nan,0.08153573792625175,0.38005601912081066,0.0,0.9666666666666667,0.011111111111111112,0.22038707567419702,-0.0669590318359876,2.519487655566143,20,20,8.93544054031372
469,,0.1485850098820153,0.004127361385611536,0.03947010599076748,0.85,0.85,0.85,0.8894472361809045,0.0,0.049723756906077346,0.9502762430939227,0.0,0.567936684905241,0.022222222222222223,0.022222222222222223,3.8055555555555554,0.7397870796865345,0.28839216992230493,0.0,0.0,0.0,0.0,0.143646408839779,0.3756906077348066,0.48066298342541436,0.34806629834254144,0.34806629834254144,nan,nan,0.0788210592966937,0.40204025746965155,0.0,0.9770114942528736,0.0,0.21995745408502157,-0.06843471583728335,2.228148768869394,20,20,9.880614995956421
470,,0.1446742407721931,0.004521070024131034,0.05872503779828549,0.85,0.85,0.85,0.91,1.0,0.05913978494623656,0.9354838709677419,0.005376344086021506,0.5690907752665225,0.021875,0.021875,4.09375,0.7240836409219774,0.3059782684742536,0.0,-0.05249659703549914,0.0,0.0,0.11290322580645161,0.553763440860215,0.3333333333333333,0.532258064516129,0.532258064516129,nan,nan,0.060966477438467864,0.28580503041664135,0.009708737864077669,0.9354838709677419,0.0,0.22722396975454295,-0.07875429871971065,2.556250364896414,20,20,11.379462003707886
471,,0.18985342959812845,0.01582111913317737,0.04047168046236038,1.0,1.0,1.0,1.0,0.0,0.12213740458015267,0.8778625954198473,0.0,0.5861053886668136,0.008333333333333333,0.008333333333333333,3.0,0.9968587962280303,0.0443212321344261,0.0,0.0,0.0,0.0,0.20610687022900764,0.549618320610687,0.24427480916030533,0.5572519083969466,0.5572519083969466,nan,nan,0.05331439854138149,0.3756672007876013,0.0,0.96875,0.0,0.20939380183189998,0.1650725696974739,2.943346246286412,20,20,3.054448366165161
472,,0.17772589765899713,0.00807844989359078,0.019967992976307868,0.95,0.95,0.95,0.9776119402985075,0.0,0.14393939393939395,0.8560606060606061,0.0,0.560097390580499,0.015909090909090907,0.015909090909090907,1.3636363636363635,0.9121848243052144,0.27206338701411076,0.0,0.0,0.0,0.0,0.18181818181818182,0.38636363636363635,0.4318181818181818,0.3409090909090909,0.3409090909090909,nan,nan,0.044554378904798936,0.22785769142327617,0.0,0.9122807017543859,0.0,0.21278364964460372,-0.05927973736950704,2.3984307633638258,20,20,3.7145442962646484
473,,0.13939095380898686,0.0036681829949733384,0.15071850642561913,0.8,0.8,0.8,0.9073170731707317,1.0,0.1746031746031746,0.8201058201058201,0.005291005291005291,0.551407097829322,0.05394736842105263,0.05394736842105263,3.5526315789473686,0.7262612554558573,0.26650021518787753,0.0,-0.005507422969867948,0.0,0.0,0.1111111111111111,0.5978835978835979,0.291005291005291,0.4973544973544973,0.4973544973544973,nan,nan,0.12805322591359275,0.7609318530929963,0.008849557522123894,0.9090909090909091,0.0,0.21265487286364196,-0.053845342324235566,1.8856098065673819,20,20,17.682806968688965
474,,0.18325951631329152,0.0061086505437763835,-0.01780977491289377,1.0,1.0,1.0,1.0,0.0,0.029411764705882353,0.9705882352941176,0.0,0.5671077665283034,0.015,0.015,6.0,0.9857566300127428,0.09107352943570504,0.0,0.0,0.0,0.0,0.12254901960784313,0.3137254901960784,0.5637254901960784,0.28921568627450983,0.28921568627450983,nan,nan,0.09564523483137169,0.3681187895130793,0.0,0.991304347826087,0.0,0.2395322786131195,0.14845874917741445,2.82780404750034,20,20,8.389861822128296
475,,0.1760581898736082,0.004633110259831794,-0.002265578508377075,1.0,1.0,1.0,1.0,0.0,0.003937007874015748,0.9960629921259843,0.0,0.5530345757320327,0.0013157894736842105,0.0013157894736842105,9.447368421052632,0.9542263347162884,0.1744104230667809,0.0,0.0,0.0,0.0,0.09448818897637795,0.3937007874015748,0.5118110236220472,0.3937007874015748,0.3937007874015748,nan,nan,0.09213629242505465,0.37991509246868044,0.0,0.9923076923076923,0.0,0.2921588405261667,0.11774841745938582,2.8481250849834048,20,20,15.814637184143066
476,,0.1423331598909714,0.0043131260573021635,0.14493147954344748,0.8,0.8,0.8,0.9512195121951219,1.0,0.1407035175879397,0.8542713567839196,0.005025125628140704,0.5572767755270681,0.05909090909090909,0.05909090909090909,3.787878787878788,0.6431253470704098,0.3837994119933653,100.0,0.03866532950311838,1.0,0.03866532950311838,0.1306532663316583,0.32663316582914576,0.542713567839196,0.27638190954773867,0.27638190954773867,nan,nan,0.09827331375852409,0.3588945796331362,0.015384615384615385,0.8981481481481481,0.0,0.3105272268182156,-0.07327218517514969,2.200588159456814,20,20,9.54380464553833
477,,0.189896443099056,0.01726331300900509,0.00815737247467041,1.0,1.0,1.0,1.0,0.0,0.11538461538461539,0.8846153846153846,0.0,0.5794521957297217,0.00909090909090909,0.00909090909090909,2.1818181818181817,0.9982784318971121,0.03208502461919013,0.0,0.0,0.0,0.0,0.17692307692307693,0.5846153846153846,0.23846153846153847,0.5692307692307692,0.5692307692307692,nan,nan,0.03809077838830754,0.3000146895699552,0.0,0.9032258064516129,0.0,0.20752233224768518,0.17543730762849505,2.967461727386669,20,20,2.9630770683288574
478,,0.17933856748596105,0.006184088533998657,-0.031595036294311284,1.0,1.0,1.0,1.0,0.0,0.06417112299465241,0.9358288770053476,0.0,0.5602850283761027,0.034482758620689655,0.034482758620689655,5.758620689655173,0.9827643057267482,0.0926566338569543,0.0,0.0,0.0,0.0,0.11229946524064172,0.3155080213903743,0.5721925133689839,0.3048128342245989,0.3048128342245989,nan,nan,0.06991454923179322,0.29412046086074645,0.0,0.9626168224299065,0.0,0.22413132224394755,0.13147468838699325,2.4988839109379817,20,20,7.795407056808472
479,,0.16609288528163682,0.005357835009085059,0.05104486458003521,0.95,0.95,0.95,0.995049504950495,0.0,0.0594059405940594,0.9405940594059405,0.0,0.565209164851976,0.014516129032258065,0.014516129032258065,5.483870967741935,0.8819282262811522,0.31981696299110274,0.0,0.0,0.0,0.0,0.17326732673267325,0.5148514851485149,0.3118811881188119,0.5,0.5,nan,nan,0.049743070118951356,0.30731228422012447,0.0,0.9841269841269841,0.0,0.24388713260583228,-0.07592983038527046,2.0971812634210947,20,20,8.22759199142456
480,,0.1209736099758859,0.0031835160519969974,0.1489165373146534,0.75,0.75,0.75,0.8374384236453202,1.0,0.045454545454545456,0.9488636363636364,0.005681818181818182,0.5633923558959444,0.021052631578947368,0.021052631578947368,3.1578947368421053,0.5573031032734024,0.3010502949135665,0.0,-0.051227071331395035,0.0,0.0,0.19318181818181818,0.26704545454545453,0.5397727272727273,0.26704545454545453,0.26704545454545453,nan,nan,0.09608858271075475,0.509330979427689,0.0,0.9578947368421052,0.010526315789473684,0.21734831455005588,-0.08370198036351065,2.3516410736154088,20,20,13.002060413360596
481,,0.14763624866988145,0.004613632770933795,0.08830348029732704,0.85,0.85,0.85,0.9396984924623115,0.0,0.015789473684210527,0.9842105263157894,0.0,0.576401679731498,0.0078125,0.0078125,4.4375,0.7506964976988347,0.2891752689819208,0.0,0.0,0.0,0.0,0.1736842105263158,0.21578947368421053,0.6105263157894737,0.21578947368421053,0.21578947368421053,nan,nan,0.0873266743562948,0.3973748119996439,0.0,0.9913793103448276,0.0,0.22105560347925152,-0.06811966550266926,2.3183048866951763,20,20,10.063103675842285
482,,0.17763272526943624,0.008074214784974375,0.0527915358543396,0.95,0.95,0.95,0.9847328244274809,1.0,0.13076923076923078,0.8615384615384616,0.007692307692307693,0.5948858225972138,0.00909090909090909,0.00909090909090909,1.5454545454545454,0.9063926424998318,0.2779505597915377,0.0,-0.0974827770596015,0.0,0.0,0.17692307692307693,0.23076923076923078,0.5923076923076923,0.2076923076923077,0.2076923076923077,nan,nan,0.05776534716108473,0.35435307152216045,0.0,0.922077922077922,0.0,0.20920716337770096,-0.06874339641383677,2.5392681888663327,20,20,4.3737781047821045
483,,0.16552472003562385,0.004729277715303538,0.054681993275880816,0.95,0.95,0.95,0.9897435897435898,0.0,0.061855670103092786,0.9381443298969072,0.0,0.5680017187240134,0.02,0.02,4.314285714285714,0.8857007194250699,0.29315597431400986,0.0,0.0,0.0,0.0,0.11855670103092783,0.4742268041237113,0.4072164948453608,0.4690721649484536,0.4690721649484536,nan,nan,0.05834010965339226,0.3102203349487661,0.0,0.9367088607594937,0.0,0.21638668386193016,-0.07676929045207972,2.339031260586785,20,20,8.598740816116333
484,,0.17315144529283275,0.005970739492856302,0.026251896843314172,0.95,0.95,0.95,0.9757281553398058,0.0,0.0049504950495049506,0.995049504950495,0.0,0.5457693074316043,0.0,0.0,6.379310344827586,0.9109626726055444,0.2699350178907153,0.0,0.0,0.0,0.0,0.15841584158415842,0.10396039603960396,0.7376237623762376,0.10396039603960396,0.10396039603960396,nan,nan,0.09371910218252527,0.35117136970893836,0.0,0.9932885906040269,0.0,0.22474343170697558,-0.04519158618373971,2.741613525418978,20,20,9.110365867614746
485,,0.19207628848114838,0.012805085898743225,-0.02123608822003007,1.0,1.0,1.0,1.0,0.0,0.3023255813953488,0.6976744186046512,0.0,0.5579936629502723,0.03,0.03,1.7333333333333334,0.9958046185082866,0.05826772606106165,0.0,0.0,0.0,0.0,0.16279069767441862,0.6201550387596899,0.21705426356589147,0.4806201550387597,0.4806201550387597,nan,nan,0.0454131032587368,0.20949294280073616,0.0,0.8928571428571429,0.0,0.23692689093447072,0.17865916487340908,1.746905705957657,20,20,3.8712093830108643
486,,0.13252818881646974,0.003012004291283403,0.09665736754735312,0.75,0.75,0.75,0.8779527559055118,1.0,0.16228070175438597,0.8333333333333334,0.0043859649122807015,0.5659635987688406,0.10909090909090909,0.10909090909090909,5.159090909090909,0.6059557111355223,0.3356605130780446,0.0,-0.29511296529341413,0.0,0.0,0.12719298245614036,0.2149122807017544,0.6578947368421053,0.19298245614035087,0.19298245614035087,nan,nan,0.14899402661324723,0.4552809518368576,0.0,0.84,0.006666666666666667,0.2551914254809248,-0.0804690875971198,2.1975285909575324,20,20,17.98219919204712
487,,0.17461775888551925,0.005291447238955129,0.035720504447817804,0.95,0.95,0.95,0.995049504950495,1.0,0.15346534653465346,0.8415841584158416,0.0049504950495049506,0.5721619063254558,0.08636363636363636,0.08636363636363636,4.0606060606060606,0.9031990267557323,0.29256978588674004,0.0,-0.04175789268980877,0.0,0.0,0.10891089108910891,0.5445544554455446,0.3465346534653465,0.5099009900990099,0.5099009900990099,nan,nan,0.05732028489422671,0.2539798861415792,0.00909090909090909,0.8428571428571429,0.0,0.24082162036047172,-0.051748165526268326,2.462756070721303,20,20,8.073382377624512
488,,0.18570415568417753,0.018570415568417754,-0.004786240868270397,1.0,1.0,1.0,1.0,1.0,0.3111111111111111,0.6666666666666666,0.022222222222222223,0.5664963400736451,0.02,0.02,1.6,0.9991990921720818,0.02321727034225396,0.0,-0.029329199420113947,0.0,0.0,0.2,0.2074074074074074,0.5925925925925926,0.28888888888888886,0.28888888888888886,nan,nan,0.02338206851256078,0.13134741000790606,0.0,0.6375,0.0125,0.19964941318820797,0.17643214284595402,2.959848643058817,20,20,2.9891197681427
489,,0.17929194483637734,0.0054330892374659795,0.016927806101739405,1.0,1.0,1.0,1.0,1.0,0.13306451612903225,0.8548387096774194,0.012096774193548387,0.5951156323239433,0.15303030303030302,0.15303030303030302,6.181818181818182,0.9878951141293644,0.07778371026915576,0.0,-0.22633443600171707,0.0,0.0,0.13709677419354838,0.1975806451612903,0.6653225806451613,0.18951612903225806,0.18951612903225806,nan,nan,0.07842089213997212,0.3011861409380834,0.02040816326530612,0.8787878787878788,0.0,0.22166116943935527,0.1438774591701995,2.4178789502982347,20,20,13.895578622817993
490,,0.17001919462637707,0.0056673064875459025,0.024131192453205587,0.95,0.95,0.95,0.9852216748768473,1.0,0.12807881773399016,0.8620689655172413,0.009852216748768473,0.5826363886737576,0.06333333333333334,0.06333333333333334,4.6,0.8935256233233693,0.30134516615976636,50.0,-0.04302238425704228,0.5,0.03587527812057911,0.15763546798029557,0.33004926108374383,0.5123152709359606,0.3497536945812808,0.3497536945812808,nan,nan,0.042319016763178945,0.18129773713964187,0.0,0.8461538461538461,0.009615384615384616,0.23801734651890075,-0.06332781964086562,2.2637285331061414,20,20,8.529115438461304
491,,0.15025850367678056,0.004695578239899393,0.0449752788990736,0.9,0.9,0.9,0.9795918367346939,1.0,0.22164948453608246,0.7680412371134021,0.010309278350515464,0.5699124521808698,0.0765625,0.0765625,3.21875,0.8078803261768541,0.2724488230023556,100.0,0.020952718447879243,1.0,0.020952718447879243,0.14948453608247422,0.21649484536082475,0.634020618556701,0.25257731958762886,0.25257731958762886,nan,nan,0.04058871743040017,0.097010210370408,0.0,0.8048780487804879,0.016260162601626018,0.20715838066090422,-0.0652904423414514,2.4625897572102233,20,20,8.468875646591187
492,,0.15246358762011736,0.003049271752402347,0.019226794689893724,0.95,0.95,0.95,0.9806949806949807,1.0,0.1411764705882353,0.8509803921568627,0.00784313725490196,0.5717820562981069,0.07,0.07,4.38,0.850010105345251,0.28987883704287437,0.0,-0.24026282010541328,0.0,0.0,0.11764705882352941,0.5568627450980392,0.3254901960784314,0.49019607843137253,0.49019607843137253,nan,nan,0.04657223513669476,0.2408400734781393,0.0,0.963855421686747,0.0,0.2332265051907932,-0.056652331852081184,2.1307641652037788,20,20,14.785704612731934
493,,0.18728259671029468,0.01872825967102947,-0.007058028690516948,1.0,1.0,1.0,1.0,1.0,0.30597014925373134,0.6268656716417911,0.06716417910447761,0.630571404248476,0.03,0.03,1.2,0.9987305628714165,0.022795492534647604,11.11111111111111,-0.041992747095468255,0.1111111111111111,0.032079520042007356,0.19402985074626866,0.29850746268656714,0.5074626865671642,0.27611940298507465,0.27611940298507465,nan,nan,0.021358729469984204,0.07174194624527876,0.0,0.7352941176470589,0.014705882352941176,0.19899704586125244,0.17620155332660484,3.1023234557127477,20,20,2.904203414916992
494,,0.15464691500571567,0.005332652241576402,0.06339870728552341,0.9,0.9,0.9,0.9798994974874372,1.0,0.1116751269035533,0.8527918781725888,0.03553299492385787,0.594176563864638,0.06551724137931035,0.06551724137931035,4.448275862068965,0.7882977712572797,0.3071294382739762,28.57142857142857,-0.09431312351541325,0.2857142857142857,0.03304769316834123,0.16751269035532995,0.47715736040609136,0.3553299492385787,0.4720812182741117,0.4720812182741117,nan,nan,0.03470638953436534,0.1172518704774762,0.0,0.9,0.02857142857142857,0.22479413455580546,-0.08233530371817074,2.041884699351094,20,20,8.341779708862305
495,,0.18872051372658638,0.01715641033878058,-0.00983672859147191,1.0,1.0,1.0,1.0,1.0,0.22388059701492538,0.7089552238805971,0.06716417910447761,0.5849683504339985,0.045454545454545456,0.045454545454545456,1.2727272727272727,0.998856029887592,0.02882339616900184,22.22222222222222,-0.028626211074214678,0.2222222222222222,0.004344090356642516,0.20149253731343283,0.40298507462686567,0.39552238805970147,0.41044776119402987,0.41044776119402987,nan,nan,0.01997100927509086,0.09229773894484376,0.0,0.6792452830188679,0.03773584905660377,0.20175868005783196,0.17293528388883012,2.354017344347839,20,20,2.680558681488037
496,,0.16156127830913591,0.00475180230320988,0.041836191713809964,0.9,0.9,0.9,0.9322916666666666,1.0,0.4808743169398907,0.47540983606557374,0.04371584699453552,0.5654315131127505,0.2,0.2,1.3529411764705883,0.8259305778692294,0.2977563449911201,0.0,-0.14736289217794363,0.0,0.0,0.16393442622950818,0.20765027322404372,0.6284153005464481,0.1366120218579235,0.1366120218579235,nan,nan,0.10651813240201659,0.33593466032544606,0.05263157894736842,0.591304347826087,0.0,0.22644820867641186,-0.07130813631470823,1.8137565925600285,20,20,12.721064329147339
497,,0.17138170827794313,0.006591604164536274,-0.014504492655396462,1.0,1.0,1.0,1.0,1.0,0.09230769230769231,0.8564102564102564,0.05128205128205128,0.599507526790974,0.14807692307692308,0.14807692307692308,5.538461538461538,0.9882427709220103,0.08435832701486096,10.0,-0.1024255397559142,0.1,0.03106269895415331,0.11794871794871795,0.5846153846153846,0.29743589743589743,0.5641025641025641,0.5641025641025641,nan,nan,0.02925627886124394,0.13502416502807293,0.008771929824561403,0.9137931034482759,0.034482758620689655,0.2168565612797438,0.13249823426488283,2.3365970236306266,20,20,7.911275863647461
498,,0.18958930481488612,0.007021826104255041,0.0022516356781125068,1.0,1.0,1.0,1.0,1.0,0.6434108527131783,0.26356589147286824,0.09302325581395349,0.5450460439845403,0.053703703703703705,0.053703703703703705,0.3333333333333333,0.9797910165620588,0.1612153847752301,25.0,-0.031915928338456655,0.25,0.011703115426812459,0.1937984496124031,0.6589147286821705,0.14728682170542637,0.29457364341085274,0.29457364341085274,nan,nan,0.043659328845021265,0.09066548930016509,0.03529411764705882,0.21052631578947367,0.05263157894736842,0.2755196378532795,0.1143042530780494,1.6664114825005323,20,20,6.502792835235596
499,,0.17199399586443126,0.005930827443601078,0.02237050011754036,0.95,0.95,0.95,0.9896907216494846,1.0,0.15463917525773196,0.7783505154639175,0.06701030927835051,0.571370891564333,0.16379310344827586,0.16379310344827586,4.620689655172414,0.9489840216135725,0.21012711501213005,7.6923076923076925,-0.13132509705612616,0.07692307692307693,0.0370172848917229,0.17525773195876287,0.4020618556701031,0.422680412371134,0.31443298969072164,0.31443298969072164,nan,nan,0.07757199280239747,0.2925840836385861,0.05128205128205128,0.8902439024390244,0.0,0.22699141300684206,0.01686429799471202,2.5860538413664322,20,20,8.760597229003906
500,,0.17556168865580643,0.005663280279219562,0.03606308475136757,0.95,0.95,0.95,0.9949748743718593,1.0,0.2663316582914573,0.7085427135678392,0.02512562814070352,0.5691704933261198,0.17580645161290323,0.17580645161290323,3.2903225806451615,0.911154076867986,0.26906166827794586,20.0,-0.056767063264232774,0.2,0.003080019426086711,0.135678391959799,0.31155778894472363,0.5527638190954773,0.2663316582914573,0.2663316582914573,nan,nan,0.08363254918827895,0.32208764667164325,0.0,0.8,0.01818181818181818,0.22317660276960746,-0.04588506550833838,1.9891767402758076,20,20,10.008254051208496
501,,0.18525197137683796,0.014250151644372152,-0.015586064569652081,1.0,1.0,1.0,1.0,1.0,0.3120567375886525,0.6170212765957447,0.07092198581560284,0.5873752478868343,0.05384615384615385,0.05384615384615385,1.0,0.9981787297570306,0.03650230481834349,10.0,-0.07426540039635296,0.1,0.0006445188501173309,0.16312056737588654,0.2695035460992908,0.5673758865248227,0.2127659574468085,0.2127659574468085,nan,nan,0.02682252982188923,0.10940775506452877,0.02631578947368421,0.7125,0.0125,0.19581624600473174,0.15931394118638825,2.595130550433195,20,20,3.8297433853149414
502,,0.15679204350960346,0.0037331438930857967,0.037278723220030466,0.9,0.9,0.9,0.9709090909090909,1.0,0.25555555555555554,0.662962962962963,0.08148148148148149,0.5556323572571966,0.32976190476190476,0.32976190476190476,3.142857142857143,0.8651584229104572,0.2752070726178224,22.727272727272727,-0.21514871701881555,0.22727272727272727,0.05758893040622828,0.11481481481481481,0.6407407407407407,0.24444444444444444,0.44814814814814813,0.44814814814814813,nan,nan,0.09291275417125616,0.45177545504236005,0.046242774566473986,0.7727272727272727,0.06060606060606061,0.2105222882855942,-0.06468478433222818,2.18900021015119,20,20,14.897803783416748
503,,0.15666144926321432,0.0043517069239781755,0.03899985626339912,0.9,0.9,0.9,0.9346733668341709,0.9444444444444444,0.17989417989417988,0.7195767195767195,0.10052910052910052,0.5329102185997019,0.18055555555555555,0.18055555555555555,2.5555555555555554,0.7986851404639593,0.3062577821044091,10.526315789473683,-0.1402679896682568,0.10526315789473684,0.07614802681180699,0.19576719576719576,0.43386243386243384,0.37037037037037035,0.37037037037037035,0.37037037037037035,nan,nan,0.06991877229151916,0.2575904535027146,0.07317073170731707,0.7714285714285715,0.05714285714285714,0.2292354291497638,-0.07702235295464535,2.092675854475346,20,20,11.066202402114868
504,,0.18681629174976166,0.016983299249978333,-0.024014243483543397,1.0,1.0,1.0,1.0,1.0,0.31007751937984496,0.5503875968992248,0.13953488372093023,0.5449035873784769,0.1318181818181818,0.1318181818181818,1.0909090909090908,0.9988276845190135,0.02479172307903238,22.22222222222222,-0.039534985878230955,0.2222222222222222,0.02298392475280034,0.1937984496124031,0.37209302325581395,0.43410852713178294,0.3488372093023256,0.3488372093023256,nan,nan,0.030241593369656483,0.13152380065099065,0.0625,0.5357142857142857,0.10714285714285714,0.20007967388333686,0.17528795080430448,2.3614974916023534,20,20,2.9927561283111572
505,,0.18880499345107696,0.018880499345107694,-0.016858194814994933,1.0,1.0,1.0,1.0,1.0,0.288,0.592,0.12,0.5347077306904248,0.13,0.13,0.6,0.9991837925524473,0.02110223143064463,0.0,-0.04941017593175969,0.0,0.0,0.224,0.472,0.304,0.44,0.44,nan,nan,0.02161112962600891,0.11495882572245793,0.03389830508474576,0.5789473684210527,0.07894736842105263,0.20073591352305764,0.179633682092413,2.427395974294766,20,20,2.666576385498047
506,,0.15006426008605564,0.003262266523609905,0.13102501928806304,0.8,0.8,0.8,0.9080882352941176,0.9565217391304348,0.16733067729083664,0.7410358565737052,0.09163346613545817,0.5303273796101364,0.17065217391304346,0.17065217391304346,3.3260869565217392,0.5149601753445843,0.6852405443702568,21.73913043478261,-0.09116377038779636,0.21739130434782608,0.10242362661098321,0.11952191235059761,0.47808764940239046,0.40239043824701193,0.44223107569721115,0.44223107569721115,nan,nan,0.1364623407025483,0.41001027702033416,0.025,0.7821782178217822,0.07920792079207921,0.6015038453786797,-0.08373669899157712,2.079746834114804,20,20,20.51453685760498
507,,0.17837179386708324,0.005405205874760098,-0.017753001442179082,1.0,1.0,1.0,1.0,1.0,0.14285714285714285,0.7806122448979592,0.07653061224489796,0.5587588177288346,0.11969696969696969,0.11969696969696969,3.303030303030303,0.9873406545644493,0.06956152628912737,0.0,-0.14524591050061292,0.0,0.0,0.1989795918367347,0.3469387755102041,0.45408163265306123,0.32653061224489793,0.32653061224489793,nan,nan,0.04914807183559201,0.20607323068844996,0.058823529411764705,0.8426966292134831,0.02247191011235955,0.21509160383166787,0.1455300775425405,2.2961113093028422,20,20,7.053042411804199
508,,0.18789639039722805,0.018789639039722805,-0.01691620089113712,1.0,1.0,1.0,1.0,1.0,0.15789473684210525,0.8345864661654135,0.007518796992481203,0.579040972404182,0.015,0.015,2.0,0.998864605434896,0.02397336583637935,100.0,0.04848174412472299,1.0,0.04848174412472299,0.19548872180451127,0.2781954887218045,0.5263157894736842,0.3082706766917293,0.3082706766917293,nan,nan,0.029086182930886488,0.17146854779591794,0.0,0.8428571428571429,0.014285714285714285,0.19978543133898247,0.17581206550260312,3.112837927981,20,20,2.736767053604126
509,,0.19007206817207906,0.007602882726883162,-0.015294227190315724,1.0,1.0,1.0,1.0,1.0,0.1523809523809524,0.7952380952380952,0.05238095238095238,0.5966782519295811,0.114,0.114,5.48,0.9906831908326512,0.07201210805467118,9.090909090909092,-0.14007589123547484,0.09090909090909091,0.08361951135218812,0.13333333333333333,0.3904761904761905,0.47619047619047616,0.3619047619047619,0.3619047619047619,nan,nan,0.06192283632878496,0.23463915691494075,0.012195121951219513,0.85,0.03,0.21997624775659846,0.1479641397019273,1.9746429029816892,20,20,9.10766887664795
510,,0.16345225834418256,0.004670064524119502,0.026189505495131014,0.9,0.9,0.9,0.9333333333333333,1.0,0.2613065326633166,0.6934673366834171,0.04522613065326633,0.5710728772822767,0.13142857142857142,0.13142857142857142,2.8285714285714287,0.8636707601413272,0.26747359446378943,11.11111111111111,-0.13746617433359118,0.1111111111111111,0.02916370816711618,0.11557788944723618,0.4824120603015075,0.4020100502512563,0.3316582914572864,0.3316582914572864,nan,nan,0.06448969491068461,0.26445636773246683,0.08333333333333333,0.875,0.0,0.22190197944367818,-0.04557161502011125,1.8720700537077368,20,20,10.88167119026184
511,,0.19114424719948564,0.014703403630729665,-0.027437708899378778,1.0,1.0,1.0,1.0,1.0,0.3969465648854962,0.5648854961832062,0.03816793893129771,0.5845717031508684,0.04230769230769231,0.04230769230769231,1.8461538461538463,0.9982857695709387,0.03309522415737043,20.0,-0.04962964325830347,0.2,0.01190277947138603,0.15267175572519084,0.21374045801526717,0.6335877862595419,0.16030534351145037,0.16030534351145037,nan,nan,0.06316970651250066,0.3080246497225688,0.03571428571428571,0.6144578313253012,0.024096385542168676,0.20905904221911006,0.17596381806173964,2.8488690636228364,20,20,4.986841201782227
512,,0.1689713515047458,0.004332598756531943,-0.013812939574321111,1.0,1.0,1.0,1.0,1.0,0.06593406593406594,0.9047619047619048,0.029304029304029304,0.6050488917145114,0.07435897435897436,0.07435897435897436,6.102564102564102,0.9659258557592274,0.11561318130331882,37.5,-0.05694856037349023,0.375,0.03407675092346384,0.1391941391941392,0.5311355311355311,0.32967032967032966,0.5347985347985348,0.5347985347985348,nan,nan,0.04415167584995114,0.16452426129817097,0.006896551724137931,0.9111111111111111,0.022222222222222223,0.2380289991389617,0.12241581783564287,2.344270277349007,20,20,12.701568603515625
513,,0.17105382594700927,0.0061090652123931884,0.013743019476532937,0.95,0.95,0.95,0.9947916666666666,1.0,0.22279792746113988,0.7305699481865285,0.046632124352331605,0.573532096017152,0.1625,0.1625,3.357142857142857,0.900406713255628,0.2783158838799078,33.33333333333333,-0.047808486126864905,0.3333333333333333,0.0521135101025918,0.13471502590673576,0.5181347150259067,0.3471502590673575,0.40414507772020725,0.40414507772020725,nan,nan,0.05320877109588658,0.2243500864905109,0.05,0.8805970149253731,0.014925373134328358,0.21464079749627488,-0.06367508638363295,2.428796241102214,20,20,7.903679847717285
514,,0.18628218743971772,0.006652935265704205,-0.03080755565315485,1.0,1.0,1.0,1.0,1.0,0.18627450980392157,0.7598039215686274,0.05392156862745098,0.5793771952511244,0.15892857142857142,0.15892857142857142,4.214285714285714,0.988119033205867,0.08242843893974283,9.090909090909092,-0.07434647759549097,0.09090909090909091,0.01529857495383205,0.13725490196078433,0.6127450980392157,0.25,0.4950980392156863,0.4950980392156863,nan,nan,0.05370511222340714,0.29467907166178864,0.04,0.9019607843137255,0.0196078431372549,0.2233513334975628,0.14092289455781998,2.0207641099785985,20,20,7.9907450675964355
515,,0.16078931731336632,0.0034210493045397088,0.02342021862665812,0.9,0.9,0.9,0.9835390946502057,1.0,0.4476987447698745,0.5230125523012552,0.029288702928870293,0.5817967483595489,0.3180851063829787,0.3180851063829787,2.0,0.8859508046664771,0.22112922918243605,28.57142857142857,-0.3857403884677571,0.2857142857142857,0.13196706127525157,0.1297071129707113,0.6443514644351465,0.22594142259414227,0.3389121338912134,0.3389121338912134,nan,nan,0.1071045356011632,0.4958226136573883,0.045454545454545456,0.7222222222222222,0.0,0.21199424873387174,-0.009134980448564298,2.2535257425525272,20,20,12.749188423156738
516,,0.16959528753481085,0.0048455796438517384,-0.014447376597672701,1.0,1.0,1.0,1.0,1.0,0.0946969696969697,0.8977272727272727,0.007575757575757576,0.597162050375981,0.07571428571428572,0.07571428571428572,7.257142857142857,0.9659384836131382,0.11078272881355608,50.0,-0.058346433488786154,0.5,0.007406961032803999,0.1553030303030303,0.5606060606060606,0.2840909090909091,0.553030303030303,0.553030303030303,nan,nan,0.035885170095180774,0.15864739383722437,0.0,0.9066666666666666,0.013333333333333334,0.22025583608789473,0.10947310727433865,2.6566901661195197,20,20,13.188668727874756
517,,0.18935053669600377,0.021038948521778195,0.0033441096544265746,1.0,1.0,1.0,1.0,1.0,0.3798449612403101,0.5891472868217055,0.031007751937984496,0.589163084121214,0.027777777777777776,0.027777777777777776,1.0,0.9991441288303339,0.01901783166715232,75.0,-0.018811953409771934,0.75,0.0049562743792347696,0.17829457364341086,0.29457364341085274,0.5271317829457365,0.29457364341085274,0.29457364341085274,nan,nan,0.017950920019201178,0.08637135218218388,0.0,0.6029411764705882,0.04411764705882353,0.19922148052945615,0.18020364886230383,2.6480716064163192,20,20,2.3928427696228027
518,,0.17936047767280142,0.006184844057682807,0.02182946912944317,0.95,0.95,0.95,0.995049504950495,1.0,0.6633663366336634,0.30198019801980197,0.034653465346534656,0.5699906610883773,0.3810344827586207,0.3810344827586207,0.6206896551724138,0.9541394846196005,0.1886690023776475,0.0,-0.1784561366760828,0.0,0.0,0.1188118811881188,0.7475247524752475,0.13366336633663367,0.2623762376237624,0.2623762376237624,nan,nan,0.0949745497405836,0.30241823618115776,0.033112582781456956,0.4444444444444444,0.037037037037037035,0.2012027092993545,0.012533706921707008,1.8433874386551523,20,20,10.7012779712677
519,,0.17928750888004236,0.004980208580001176,0.008045676536858082,1.0,1.0,1.0,1.0,1.0,0.3107569721115538,0.649402390438247,0.0398406374501992,0.5796904485511024,0.32083333333333336,0.32083333333333336,3.638888888888889,0.9898971084925562,0.07114475658035391,30.0,-0.1496538359156288,0.3,0.06218869451549555,0.08764940239043825,0.796812749003984,0.11553784860557768,0.5976095617529881,0.5976095617529881,nan,nan,0.06797264885144771,0.3396970629417768,0.03,0.5862068965517241,0.06896551724137931,0.22693866699868515,0.15579391041833124,2.084320662096643,20,20,12.014170169830322
520,,0.16642408255090008,0.0037823655125204564,0.04015289694070816,0.9,0.9,0.9,0.9816849816849816,0.9,0.241635687732342,0.7211895910780669,0.03717472118959108,0.5717799213990061,0.2340909090909091,0.2340909090909091,3.477272727272727,0.8985834178960994,0.24626065893887844,0.0,-0.38101577937675757,0.0,0.0,0.09293680297397769,0.7434944237918215,0.16356877323420074,0.6022304832713755,0.6022304832713755,nan,nan,0.060916962917804386,0.2536667721498218,0.015,0.8181818181818182,0.0,0.223633681195826,-0.02262697774305243,2.223045620346777,20,20,14.947356224060059
521,,0.1885676797594808,0.020951964417720088,0.005738754943013191,1.0,1.0,1.0,1.0,1.0,0.8125,0.1640625,0.0234375,0.5545358649972413,0.07222222222222222,0.07222222222222222,1.0,0.9994513093226487,0.014962809309647718,33.33333333333333,-0.01935875008298218,0.3333333333333333,0.03713644755621977,0.171875,0.203125,0.625,0.1953125,0.1953125,nan,nan,0.02625536901628248,0.09039583643414334,0.038461538461538464,0.175,0.025,0.19597138210360346,0.18100857279395574,1.6990900228462884,20,20,3.918668508529663
522,,0.17892104663911412,0.00458771914459267,-0.023008179292082785,1.0,1.0,1.0,1.0,1.0,0.2743682310469314,0.6714801444043321,0.05415162454873646,0.5893122060940816,0.26282051282051283,0.26282051282051283,4.128205128205129,0.9826163807851899,0.09604458795704984,26.666666666666668,-0.1129959186762323,0.26666666666666666,0.050461100032895397,0.15162454873646208,0.35018050541516244,0.4981949458483754,0.2490974729241877,0.2490974729241877,nan,nan,0.07911757705874688,0.2894650582564917,0.05154639175257732,0.8043478260869565,0.028985507246376812,0.23349534672856964,0.1374507587715198,2.679244329531683,20,20,12.658552408218384
523,,0.15871471052918526,0.004668079721446625,0.016361260041594505,0.9,0.9,0.9,0.9095477386934674,1.0,0.28415300546448086,0.6666666666666666,0.04918032786885246,0.5722275566364474,0.20588235294117646,0.20588235294117646,2.2058823529411766,0.8058387550137808,0.3091218413472731,33.33333333333333,-0.07673202894188365,0.3333333333333333,0.034557324260376075,0.19672131147540983,0.3551912568306011,0.44808743169398907,0.2677595628415301,0.2677595628415301,nan,nan,0.10305361714097314,0.4018897949323161,0.046153846153846156,0.7439024390243902,0.04878048780487805,0.23342221860097964,-0.07569962274629347,2.109518011787137,20,20,10.950656414031982
524,,0.1654667964332293,0.005515559881107644,0.023908008262515067,0.95,0.95,0.95,1.0,1.0,0.24257425742574257,0.7277227722772277,0.0297029702970297,0.5792439003800973,0.15333333333333332,0.15333333333333332,4.033333333333333,0.9325798073187463,0.23158909459251742,16.666666666666664,-0.05392608574860148,0.16666666666666666,0.053274496873395846,0.1782178217821782,0.46534653465346537,0.3564356435643564,0.38613861386138615,0.38613861386138615,nan,nan,0.07084734072203515,0.3138746405054468,0.010638297872340425,0.75,0.027777777777777776,0.21736616869354963,-0.014222925898967786,2.177070664121102,20,20,7.801766395568848
525,,0.1784717461777326,0.006610064673249355,-0.0163585611153394,1.0,1.0,1.0,1.0,1.0,0.22110552763819097,0.7437185929648241,0.035175879396984924,0.5846335602751761,0.15555555555555556,0.15555555555555556,4.333333333333333,0.9923994600893974,0.053785274948083245,14.285714285714285,-0.06400732123320493,0.14285714285714285,0.016363606423684632,0.12562814070351758,0.6633165829145728,0.21105527638190955,0.5778894472361809,0.5778894472361809,nan,nan,0.04176275090271867,0.23532478203687607,0.007575757575757576,0.6666666666666666,0.047619047619047616,0.20728588165799414,0.1535006067099109,2.477628746427595,20,20,7.489167213439941
526,,0.1812813334465253,0.007881797106370665,-0.05945877227932215,1.0,1.0,1.0,1.0,1.0,0.08465608465608465,0.8571428571428571,0.0582010582010582,0.5633028903409191,0.1108695652173913,0.1108695652173913,5.217391304347826,0.9868739258348483,0.10199955295947669,9.090909090909092,-0.10284901294612467,0.09090909090909091,0.05559157700874884,0.20105820105820105,0.3968253968253968,0.4021164021164021,0.42857142857142855,0.42857142857142855,nan,nan,0.03506450438266858,0.15925357118841052,0.013333333333333334,0.881578947368421,0.05263157894736842,0.22874023294064533,0.12674067998116864,2.721415258379934,20,20,7.367077589035034
527,,0.17155449427073455,0.004765402618631515,0.020501692965626716,0.95,0.95,0.95,0.9897435897435898,1.0,0.1794871794871795,0.7743589743589744,0.046153846153846156,0.5661074994571714,0.06527777777777778,0.06527777777777778,3.4166666666666665,0.910677297338463,0.26355917311028665,33.33333333333333,-0.06115541795622938,0.3333333333333333,0.05533307946727869,0.1282051282051282,0.3282051282051282,0.5435897435897435,0.3230769230769231,0.3230769230769231,nan,nan,0.056202205556312376,0.15990808559283287,0.015625,0.839622641509434,0.04716981132075472,0.20860314085959186,-0.0549560322506948,1.907500311523178,20,20,8.779545068740845
528,,0.17678927063821773,0.004652349227321519,-0.005613459087908268,0.95,0.95,0.95,0.9884169884169884,1.0,0.3023255813953488,0.6395348837209303,0.05813953488372093,0.5578449338305386,0.38552631578947366,0.38552631578947366,3.289473684210526,0.9396871607268772,0.21793604056962945,20.0,-0.13928375277567104,0.2,0.05204520972613047,0.10465116279069768,0.5426356589147286,0.35271317829457366,0.3372093023255814,0.3372093023255814,nan,nan,0.10805240702130856,0.48085379486940366,0.03571428571428571,0.7802197802197802,0.03296703296703297,0.22232685277604652,0.004390812206417072,2.069309424181296,20,20,13.471897602081299
529,,0.18330898086900407,0.006320999340310485,-0.021539686247706413,1.0,1.0,1.0,1.0,1.0,0.15979381443298968,0.8144329896907216,0.02577319587628866,0.543749579552818,0.06379310344827586,0.06379310344827586,6.448275862068965,0.9893231278213654,0.07389388748338882,20.0,-0.07133870267282197,0.2,0.03726923304131097,0.13402061855670103,0.26288659793814434,0.6030927835051546,0.21649484536082475,0.21649484536082475,nan,nan,0.10018592175739889,0.2060764460688182,0.0,0.8803418803418803,0.02564102564102564,0.23191966784453166,0.15802578036114284,2.9959321882212233,20,20,9.182491064071655
530,,0.1908746627816091,0.019087466278160912,-0.013056312687695026,1.0,1.0,1.0,1.0,1.0,0.48872180451127817,0.48120300751879697,0.03007518796992481,0.5471730499528349,0.055,0.055,1.5,0.9988121425930542,0.025852741306260224,25.0,-0.04479590493128727,0.25,0.014576247757262038,0.24060150375939848,0.2631578947368421,0.49624060150375937,0.2706766917293233,0.2706766917293233,nan,nan,0.0380575995351704,0.19044805976467488,0.02857142857142857,0.5606060606060606,0.030303030303030304,0.2019823172992514,0.17612957599299117,2.757255804312997,20,20,2.5966854095458984
531,,0.18522919266143903,0.008053443159193001,-0.005541194044053554,1.0,1.0,1.0,1.0,1.0,0.10294117647058823,0.8823529411764706,0.014705882352941176,0.5728179945549725,0.06304347826086956,0.06304347826086956,7.217391304347826,0.9909138384328056,0.08055772520130439,33.33333333333333,-0.04343936550803382,0.3333333333333333,0.0472190020230657,0.12745098039215685,0.4117647058823529,0.46078431372549017,0.3872549019607843,0.3872549019607843,nan,nan,0.04926195535632824,0.142979725319446,0.011904761904761904,0.9468085106382979,0.0,0.23595855428324808,0.1554008290819437,2.047419983541013,20,20,8.221166133880615
532,,0.18189507621194798,0.008661670295807047,0.011303688958287239,1.0,1.0,1.0,1.0,1.0,0.03571428571428571,0.9489795918367347,0.015306122448979591,0.5686533302401325,0.05,0.05,7.380952380952381,0.9824775327780554,0.08168565673026651,0.0,-0.1341266610302272,0.0,0.0,0.11224489795918367,0.3622448979591837,0.5255102040816326,0.3673469387755102,0.3673469387755102,nan,nan,0.039964164761636584,0.16252922302613892,0.0,0.9805825242718447,0.0,0.22619697185130477,0.14451131512103826,2.3922159307252304,20,20,7.462674856185913
533,,0.18220360078835496,0.007007830799552113,-0.023642194736748934,1.0,1.0,1.0,1.0,1.0,0.22388059701492538,0.7313432835820896,0.04477611940298507,0.5685391399382542,0.17115384615384616,0.17115384615384616,3.6923076923076925,0.9896417434438266,0.07751958959730357,33.33333333333333,-0.035247518465081125,0.3333333333333333,0.02143515002656753,0.12935323383084577,0.5671641791044776,0.3034825870646766,0.43781094527363185,0.43781094527363185,nan,nan,0.04364249014033253,0.2414016435179426,0.008771929824561403,0.8688524590163934,0.04918032786885246,0.2282510356822834,0.15073144608497982,2.463769533688741,20,20,7.776212453842163
534,,0.17024801895292876,0.006548000728958799,0.0576460000127554,0.95,0.95,0.95,0.9948453608247423,0.0,0.13917525773195877,0.8608247422680413,0.0,0.5803670245330208,0.09230769230769231,0.09230769230769231,5.961538461538462,0.9084349780163878,0.2740393161065831,0.0,0.0,0.0,0.0,0.16494845360824742,0.36597938144329895,0.4690721649484536,0.36597938144329895,0.36597938144329895,nan,nan,0.05490159265693551,0.2867025680433621,0.0,0.8351648351648352,0.0,0.23726186941594463,-0.03677744669063848,2.3392333273125745,20,20,7.812785387039185
535,,0.18624004574426825,0.00564363774982631,-0.02590501056984067,1.0,1.0,1.0,1.0,1.0,0.5960591133004927,0.3054187192118227,0.09852216748768473,0.5465306133620977,0.3575757575757576,0.3575757575757576,0.8181818181818182,0.9935148874375553,0.07486347257507583,20.0,-0.14664292963267248,0.2,0.038841775189293444,0.11330049261083744,0.4827586206896552,0.4039408866995074,0.32019704433497537,0.32019704433497537,nan,nan,0.09880894284393259,0.36138297357745053,0.061224489795918366,0.3170731707317073,0.15853658536585366,0.23487805045416063,0.1600145778790848,1.8685136517298524,20,20,14.45938777923584
536,,0.1215993346333529,0.0035764510186280267,0.20900797545909883,0.6,0.6,0.6,0.9010416666666666,0.84,0.3370165745856354,0.5193370165745856,0.143646408839779,0.5579947479343151,0.41323529411764703,0.41323529411764703,1.2058823529411764,0.6547448244627357,0.2563350232998486,15.384615384615385,-0.39536986899889404,0.15384615384615385,0.03032783806955726,0.11602209944751381,0.5911602209944752,0.292817679558011,0.4143646408839779,0.4143646408839779,nan,nan,0.15941305011028817,0.800664547081004,0.102803738317757,0.5094339622641509,0.22641509433962265,0.23765839528261257,-0.018676628017236047,2.0612945651514374,20,20,11.514052391052246
537,,0.17259591385695244,0.004931311824484356,-0.0045874625444412235,1.0,1.0,1.0,1.0,1.0,0.13414634146341464,0.8333333333333334,0.032520325203252036,0.5732925266266934,0.14857142857142858,0.14857142857142858,5.685714285714286,0.9734181349611833,0.10387373504393195,12.5,-0.13629030892138252,0.125,0.00392455089354557,0.11382113821138211,0.6788617886178862,0.2073170731707317,0.6219512195121951,0.6219512195121951,nan,nan,0.035839430714284366,0.19892355005503856,0.011976047904191617,0.8627450980392157,0.0,0.21725534035474134,0.11338160531080939,2.4919836957301973,20,20,11.44551396369934
538,,0.17149610043977173,0.005196851528477931,0.01851939633488655,0.95,0.95,0.95,0.9711538461538461,1.0,0.12745098039215685,0.8235294117647058,0.049019607843137254,0.5718743750977217,0.09393939393939393,0.09393939393939393,3.4242424242424243,0.9071993705273269,0.27667978694922657,0.0,-0.10736444565001235,0.0,0.0,0.15196078431372548,0.39705882352941174,0.45098039215686275,0.3333333333333333,0.3333333333333333,nan,nan,0.05603356056993735,0.20947639532345683,0.024691358024691357,0.9456521739130435,0.010869565217391304,0.22336652543364577,-0.05331326151558082,2.2694245096875054,20,20,8.90661096572876
539,,0.1794599424157461,0.006188273876405037,0.106148861348629,0.9,0.9,0.9,0.925,1.0,0.164021164021164,0.8148148148148148,0.021164021164021163,0.5403309650970061,0.10517241379310345,0.10517241379310345,4.137931034482759,0.6397856712659352,0.7335936430103625,0.0,-0.14490230677837024,0.0,0.0,0.13227513227513227,0.2751322751322751,0.5925925925925926,0.2698412698412698,0.2698412698412698,nan,nan,0.16571069679556424,0.4044596764437949,0.019230769230769232,0.8482142857142857,0.017857142857142856,0.6692484947365038,-0.06434514827385865,2.550956286108744,20,20,11.03625750541687
540,,0.18863019225254296,0.018863019225254296,-0.025924834609031677,1.0,1.0,1.0,1.0,1.0,0.8188976377952756,0.14173228346456693,0.03937007874015748,0.536497109583579,0.08,0.08,1.3,0.999121631820743,0.022439623841050582,20.0,-0.02821640186113873,0.2,0.01859539029400423,0.18110236220472442,0.10236220472440945,0.7165354330708661,0.1732283464566929,0.1732283464566929,nan,nan,0.035095917660483394,0.10295248877971086,0.0,0.08791208791208792,0.02197802197802198,0.19918931907888943,0.17674969523783884,1.9742969472931253,20,20,4.17313027381897
541,,0.13609264819789363,0.002835263504122784,0.0644637773434321,0.75,0.75,0.75,0.9011857707509882,0.9411764705882353,0.3218884120171674,0.6008583690987125,0.07725321888412018,0.5576254784426662,0.30520833333333336,0.30520833333333336,2.1666666666666665,0.7373914416262249,0.2811149719305977,5.555555555555555,-0.34534039081944407,0.05555555555555555,0.015362287224122376,0.14163090128755365,0.5665236051502146,0.2918454935622318,0.3562231759656652,0.3562231759656652,nan,nan,0.13265678441967105,0.6265809534067368,0.07575757575757576,0.7647058823529411,0.029411764705882353,0.21172049110909347,-0.06939448082150423,2.4529302144788727,20,20,17.15565848350525
542,,0.19129885567736277,0.015941571306446897,-0.011856634914875031,1.0,1.0,1.0,1.0,1.0,0.4016393442622951,0.5901639344262295,0.00819672131147541,0.5714446752293346,0.03333333333333333,0.03333333333333333,1.9166666666666667,0.998799293439176,0.030342089306830328,0.0,-0.05974321856640698,0.0,0.0,0.27049180327868855,0.19672131147540983,0.5327868852459017,0.26229508196721313,0.26229508196721313,nan,nan,0.04647766003412271,0.24092532335623104,0.041666666666666664,0.6,0.0,0.20393965905902534,0.173597569752195,2.6748027137991794,20,20,2.581350564956665
543,,0.17799360080550486,0.005085531451585853,0.03431992940604687,0.9,0.9,0.9,0.9806763285024155,1.0,0.4057971014492754,0.4975845410628019,0.0966183574879227,0.5840653275937906,0.36428571428571427,0.36428571428571427,0.9714285714285714,0.9244495998098348,0.21039901035704467,5.0,-0.2789644632053722,0.05,0.04323922593834617,0.14492753623188406,0.6908212560386473,0.1642512077294686,0.3864734299516908,0.3864734299516908,nan,nan,0.12052871139856139,0.5402032376135713,0.0979020979020979,0.38235294117647056,0.11764705882352941,0.24550518672430927,0.0351061763672646,1.838949737990131,20,20,9.05520248413086
544,,0.17784698024856363,0.007113879209942545,-0.04872658364474773,1.0,1.0,1.0,1.0,0.0,0.14832535885167464,0.8516746411483254,0.0,0.594720594868064,0.058,0.058,5.08,0.9813500490967149,0.09772024922333024,0.0,0.0,0.0,0.0,0.18181818181818182,0.2631578947368421,0.5550239234449761,0.28708133971291866,0.28708133971291866,nan,nan,0.05650911454489234,0.16684151805176314,0.0,0.9137931034482759,0.0,0.218169239232257,0.12044899000892677,2.594959031152119,20,20,7.59845757484436
545,,0.18983048601780045,0.015819207168150037,-0.03104036711156368,1.0,1.0,1.0,1.0,1.0,0.7723577235772358,0.17886178861788618,0.04878048780487805,0.5552390276376779,0.15833333333333333,0.15833333333333333,0.9166666666666666,0.9988713730289444,0.030597286966646264,16.666666666666664,-0.08762211512670957,0.16666666666666666,0.020576368883035157,0.17886178861788618,0.2764227642276423,0.5447154471544715,0.22764227642276422,0.22764227642276422,nan,nan,0.045467333573943565,0.1557031941416482,0.029411764705882353,0.16417910447761194,0.04477611940298507,0.21028447413913667,0.1796871871724904,1.670404214575301,20,20,4.171217679977417
546,,0.17137829755538458,0.0051932817441025635,-0.011652906611561775,0.95,0.95,0.95,0.9646464646464646,0.0,0.08854166666666667,0.9114583333333334,0.0,0.6039487172708367,0.048484848484848485,0.048484848484848485,4.666666666666667,0.8877402523766413,0.3082183277644529,0.0,0.0,0.0,0.0,0.13020833333333334,0.4895833333333333,0.3802083333333333,0.4739583333333333,0.4739583333333333,nan,nan,0.03455647216571273,0.16992756972012762,0.0,1.0,0.0,0.23586204538466524,-0.07235628237978767,2.062474417115241,20,20,8.60470700263977
547,,0.19073655626338754,0.014672042789491349,-0.022638601809740068,1.0,1.0,1.0,1.0,0.0,0.4603174603174603,0.5396825396825397,0.0,0.5670226234369553,0.026923076923076925,0.026923076923076925,0.5384615384615384,0.9990325489461163,0.022648643415821873,0.0,0.0,0.0,0.0,0.1746031746031746,0.6190476190476191,0.20634920634920634,0.3888888888888889,0.3888888888888889,nan,nan,0.028670383793300787,0.16240706340564695,0.0,0.5769230769230769,0.0,0.2012731593473904,0.17862451593156853,2.3974359842379447,20,20,2.760362148284912
548,,0.18976063852020641,0.018976063852020643,-0.01356303971260786,1.0,1.0,1.0,1.0,0.0,0.5,0.5,0.0,0.5750856481678784,0.035,0.035,0.9,0.9989682466558373,0.024249481184401456,0.0,0.0,0.0,0.0,0.22388059701492538,0.2537313432835821,0.5223880597014925,0.22388059701492538,0.22388059701492538,nan,nan,0.024857368899669822,0.12194612394829889,0.0,0.44285714285714284,0.0,0.20448913963839258,0.18023965845399112,2.013189366737596,20,20,2.717118501663208
549,,0.1853646935221843,0.004521090085906934,-0.030481254681944847,1.0,1.0,1.0,1.0,1.0,0.25096525096525096,0.7451737451737451,0.003861003861003861,0.5805444298323426,0.16463414634146342,0.16463414634146342,5.487804878048781,0.9795138931198571,0.10864283704570427,0.0,-0.20196302810308026,0.0,0.0,0.14671814671814673,0.2972972972972973,0.555984555984556,0.20463320463320464,0.20463320463320464,nan,nan,0.11508873794979463,0.2813642558743501,0.0,0.8263888888888888,0.0,0.24204837309624294,0.13340553605053868,1.9157789953969424,20,20,14.735004663467407
550,,0.17332202843163702,0.005777400947721234,-0.009586264193058015,1.0,1.0,1.0,1.0,0.0,0.165,0.835,0.0,0.5685821937895768,0.11833333333333333,0.11833333333333333,5.266666666666667,0.9780946970132114,0.0877365202888494,0.0,0.0,0.0,0.0,0.13,0.65,0.22,0.565,0.565,nan,nan,0.06431201448449374,0.33763822181717773,0.0,0.8636363636363636,0.0,0.22266879725567335,0.13493227696682394,2.15680895965206,20,20,8.397488117218018
551,,0.18852155964057535,0.018852155964057534,-0.017737519927322865,1.0,1.0,1.0,1.0,1.0,0.45454545454545453,0.5378787878787878,0.007575757575757576,0.5651954015344381,0.04,0.04,1.1,0.9992245390737051,0.021269373851775852,0.0,-0.07149488142567018,0.0,0.0,0.24242424242424243,0.32575757575757575,0.4318181818181818,0.3712121212121212,0.3712121212121212,nan,nan,0.025693532824021165,0.14686388527100713,0.0,0.43859649122807015,0.0,0.20033037087828376,0.1790609970265079,2.608931167769751,20,20,2.5232903957366943
552,,0.1939494033529958,0.017631763941181437,-0.038430503010749816,1.0,1.0,1.0,1.0,1.0,0.736,0.232,0.032,0.5289111401250756,0.06818181818181818,0.06818181818181818,0.9090909090909091,0.9991259058845787,0.022841444153092416,0.0,-0.0470569280778169,0.0,0.0,0.168,0.52,0.312,0.16,0.16,nan,nan,0.047932386750976774,0.3065933101970973,0.0,0.20512820512820512,0.02564102564102564,0.2081560972450854,0.185314653091993,1.842399812601414,20,20,4.746370792388916
553,,0.17573931431457424,0.007640839752807576,0.018576445803046227,0.95,0.95,0.95,0.9923664122137404,1.0,0.3893129770992366,0.6030534351145038,0.007633587786259542,0.5370049882195536,0.008695652173913044,0.008695652173913044,0.5652173913043478,0.8919042859191562,0.289530717371473,0.0,-0.03584060918151261,0.0,0.0,0.21374045801526717,0.25190839694656486,0.5343511450381679,0.24427480916030533,0.24427480916030533,nan,nan,0.031795035414873794,0.1332843845899893,0.0,0.6,0.0,0.19957320201702275,-0.08995751535445028,2.387101074159591,20,20,3.8365609645843506
554,,0.18245558193117456,0.007298223277246983,-0.05585427172482014,1.0,1.0,1.0,1.0,0.0,0.12,0.88,0.0,0.5656931490432471,0.088,0.088,5.24,0.9869391129854702,0.06961482539467767,0.0,0.0,0.0,0.0,0.12,0.405,0.475,0.39,0.39,nan,nan,0.07189685336876976,0.35054597866084386,0.0,0.8421052631578947,0.0,0.21521488928428495,0.14560006388960728,2.687374289993409,20,20,8.157069444656372
555,,0.19180955487519327,0.017437232261381205,-0.011939514055848121,1.0,1.0,1.0,1.0,1.0,0.7608695652173914,0.21014492753623187,0.028985507246376812,0.5089863347342047,0.05,0.05,0.8181818181818182,0.9917906332403696,0.09793102962315395,25.0,-0.004186398178836918,0.25,0.02931344028440741,0.1956521739130435,0.21014492753623187,0.5942028985507246,0.14492753623188406,0.14492753623188406,nan,nan,0.05789772613640065,0.24764245904051768,0.034482758620689655,0.15853658536585366,0.024390243902439025,0.2247046792122898,0.12677364958913584,1.7507852256299934,20,20,5.125627517700195
556,,0.18425614052076753,0.0061418713506922505,0.00922957919538021,0.95,0.95,0.95,0.9692307692307692,0.6666666666666666,0.46842105263157896,0.5157894736842106,0.015789473684210527,0.5396603906822081,0.2833333333333333,0.2833333333333333,1.6,0.8832970090580148,0.3273932285686078,0.0,-0.1868101104230083,0.0,0.0,0.11052631578947368,0.5842105263157895,0.30526315789473685,0.23684210526315788,0.23684210526315788,nan,nan,0.11620178796381858,0.45138612221865293,0.018018018018018018,0.7758620689655172,0.017241379310344827,0.23162786050799813,-0.09576536806060967,2.329700485454544,20,20,12.006102323532104
557,,0.1824778404969289,0.007933819152040387,-0.003194126673042774,1.0,1.0,1.0,1.0,1.0,0.035,0.945,0.02,0.5458896273443394,0.030434782608695653,0.030434782608695653,6.521739130434782,0.9864382500964893,0.0895000579141248,0.0,-0.1160394401141938,0.0,0.0,0.175,0.295,0.53,0.305,0.305,nan,nan,0.03866578624176833,0.11229100285782376,0.0,0.9905660377358491,0.0,0.22690534218351427,0.13740528426938947,2.4819751590973236,20,20,7.401857137680054
558,,0.17564152939591876,0.006505241829478473,-0.009220141544938087,1.0,1.0,1.0,1.0,0.0,0.1568627450980392,0.8431372549019608,0.0,0.551850354090264,0.12037037037037036,0.12037037037037036,6.37037037037037,0.9849810093904786,0.07951855917292489,0.0,0.0,0.0,0.0,0.15196078431372548,0.45588235294117646,0.39215686274509803,0.37254901960784315,0.37254901960784315,nan,nan,0.06706697381035355,0.3220836281700008,0.0,0.9625,0.0,0.20885689496654597,0.12933833579362108,2.9950112779404825,20,20,8.858007669448853
559,,0.1915810157933712,0.0212867795325968,-0.010968868806958198,1.0,1.0,1.0,1.0,1.0,0.472,0.512,0.016,0.5556239605363872,0.05555555555555555,0.05555555555555555,0.7777777777777778,0.9990312236075994,0.026753722797252744,0.0,-0.03682539831668723,0.0,0.0,0.2,0.496,0.304,0.384,0.384,nan,nan,0.025328599933049385,0.14082288425660636,0.0,0.4473684210526316,0.0,0.20806228206177496,0.18130855926452222,2.197605836910653,20,20,2.32507061958313
560,,0.1927992614254579,0.01927992614254579,-0.025754527002573014,1.0,1.0,1.0,1.0,1.0,0.816,0.168,0.016,0.5145135212200693,0.065,0.065,1.3,0.9989488914094081,0.022299219423065147,0.0,-0.0516248425365612,0.0,0.0,0.176,0.104,0.72,0.136,0.136,nan,nan,0.048263009097961614,0.20955599665811386,0.0,0.1111111111111111,0.011111111111111112,0.2047311844690573,0.18243196504599216,2.238957676656693,20,20,4.1169962882995605
561,,0.18369968533481495,0.006560703047671963,-0.026991403289139272,1.0,1.0,1.0,1.0,1.0,0.2694300518134715,0.7202072538860104,0.010362694300518135,0.5385554316811197,0.125,0.125,3.8214285714285716,0.9841236881470996,0.0840159076066121,0.0,-0.018201189979537763,0.0,0.0,0.12435233160621761,0.6683937823834197,0.20725388601036268,0.5233160621761658,0.5233160621761658,nan,nan,0.052719496380955036,0.24060321128441212,0.007751937984496124,0.675,0.0,0.22570679127586377,0.14169088366925167,2.3855488656381048,20,20,7.239824295043945
562,,0.18947073297582162,0.02105230366398018,-0.02149812541902065,1.0,1.0,1.0,1.0,1.0,0.2727272727272727,0.696969696969697,0.030303030303030304,0.5492432926471035,0.011111111111111112,0.011111111111111112,1.5555555555555556,0.9989764262805166,0.025841506694485677,0.0,-0.05093726263513437,0.0,0.0,0.25757575757575757,0.26515151515151514,0.4772727272727273,0.2803030303030303,0.2803030303030303,nan,nan,0.026284457692046508,0.1350895004656819,0.0,0.7777777777777778,0.0,0.20522792457281056,0.17938641787832488,2.8384783523519594,20,20,2.3241772651672363
563,,0.179817285668575,0.006422045916734821,-0.020812951680272817,1.0,1.0,1.0,1.0,1.0,0.3157894736842105,0.6602870813397129,0.023923444976076555,0.509879045278233,0.16964285714285715,0.16964285714285715,3.357142857142857,0.9885372411707217,0.07482311570640052,40.0,-0.06106952649622958,0.4,0.048515308890924896,0.11961722488038277,0.6698564593301436,0.21052631578947367,0.4880382775119617,0.4880382775119617,nan,nan,0.052729141468772764,0.2795497447634988,0.007142857142857143,0.8409090909090909,0.045454545454545456,0.2134530575743661,0.1386299418679656,2.12162620013143,20,20,8.623307228088379
564,,0.18527514389603061,0.007125967072924255,-0.018993593379855157,1.0,1.0,1.0,1.0,1.0,0.14285714285714285,0.8522167487684729,0.0049261083743842365,0.5189915584883867,0.09807692307692308,0.09807692307692308,5.346153846153846,0.9855055273616123,0.0765747370195499,0.0,-0.060335919113803205,0.0,0.0,0.11822660098522167,0.4433497536945813,0.43842364532019706,0.35467980295566504,0.35467980295566504,nan,nan,0.06037621431085281,0.28955663739936455,0.0,0.9662921348314607,0.0,0.22274551329044584,0.14617077627089595,3.100005251843768,20,20,8.640457391738892
565,,0.1887125851653323,0.01572604876377769,-0.025762075930833815,1.0,1.0,1.0,1.0,0.0,0.11475409836065574,0.8852459016393442,0.0,0.5338655527477385,0.0125,0.0125,2.5,0.9988458594550883,0.02555729598615436,0.0,0.0,0.0,0.0,0.20491803278688525,0.47540983606557374,0.319672131147541,0.4180327868852459,0.4180327868852459,nan,nan,0.03222033788715874,0.1629012630828746,0.0,0.9743589743589743,0.0,0.20265637930855152,0.17709908332239716,2.5740842418293757,20,20,2.77170991897583
566,,0.17002238922260768,0.004474273400594939,-0.008740453328937293,1.0,1.0,1.0,1.0,1.0,0.0622568093385214,0.9260700389105059,0.011673151750972763,0.5156784975178246,0.06184210526315789,0.06184210526315789,7.2105263157894735,0.9723492812469385,0.11488892615234331,0.0,-0.24428925440307214,0.0,0.0,0.13618677042801555,0.5369649805447471,0.32684824902723736,0.5175097276264592,0.5175097276264592,nan,nan,0.052903997636762755,0.26679407347564144,0.0,0.9404761904761905,0.0,0.22491892614069703,0.11002999998835372,2.2858260271519986,20,20,13.785432577133179
567,,0.1820349266471098,0.007584788610296242,0.010102699510753155,1.0,1.0,1.0,1.0,1.0,0.24,0.745,0.015,0.49892407560449403,0.15625,0.15625,4.125,0.9856849836104249,0.0979263364446698,0.0,-0.10043411915166518,0.0,0.0,0.125,0.415,0.46,0.32,0.32,nan,nan,0.061010251606366646,0.2596791704218587,0.0,0.7717391304347826,0.0,0.22105723098149432,0.12313089453682452,2.3730516465793636,20,20,6.9905946254730225
568,,0.17861354317369216,0.006869751660526622,-0.016174121852964164,1.0,1.0,1.0,1.0,1.0,0.12935323383084577,0.8606965174129353,0.009950248756218905,0.5256288424419696,0.08076923076923077,0.08076923076923077,5.8076923076923075,0.9818483192057246,0.09333674982914017,50.0,-0.09422668639544052,0.5,0.03867971642947113,0.1890547263681592,0.3333333333333333,0.47761194029850745,0.2885572139303483,0.2885572139303483,nan,nan,0.0749699510560974,0.3724399537645167,0.014925373134328358,0.8958333333333334,0.0,0.22779643961918344,0.13445968979004327,2.8381750135493795,20,20,7.810966968536377
569,,0.166858073441833,0.0057537266704080344,0.029557644948363306,0.95,0.95,0.95,0.9842105263157894,1.0,0.11170212765957446,0.8776595744680851,0.010638297872340425,0.5220902957833083,0.05862068965517241,0.05862068965517241,5.0,0.8889532803099012,0.28756588018267115,0.0,-0.0768780484145656,0.0,0.0,0.14361702127659576,0.4574468085106383,0.39893617021276595,0.425531914893617,0.425531914893617,nan,nan,0.06396508405659576,0.35721020488979566,0.011627906976744186,0.92,0.0,0.2153791503628832,-0.07218672981978798,2.007433041781692,20,20,7.950572729110718
570,,0.18110743605668223,0.007244297442267289,-0.03286476321518421,1.0,1.0,1.0,1.0,1.0,0.30392156862745096,0.6862745098039216,0.00980392156862745,0.5109390690682194,0.194,0.194,3.64,0.9858585804050656,0.08370073441715034,0.0,-0.13062154780817864,0.0,0.0,0.13725490196078433,0.5441176470588235,0.31862745098039214,0.3627450980392157,0.3627450980392157,nan,nan,0.07818162890232343,0.28204154211769367,0.0,0.7692307692307693,0.015384615384615385,0.2240272176909418,0.14032648327379146,2.357531472750978,20,20,8.393686532974243
571,,0.1900288306002428,0.01727534823638571,-0.01667408775538206,1.0,1.0,1.0,1.0,1.0,0.25984251968503935,0.7244094488188977,0.015748031496062992,0.4895252205209214,0.01818181818181818,0.01818181818181818,1.3636363636363635,0.9987075045728747,0.027385498939099057,0.0,-0.057767629198617235,0.0,0.0,0.1732283464566929,0.49606299212598426,0.33070866141732286,0.4015748031496063,0.4015748031496063,nan,nan,0.03351819679860185,0.20433713671031245,0.0,0.8333333333333334,0.0,0.20223231899229271,0.17484682005319366,2.1107775564132756,20,20,2.600787401199341
572,,0.1875198508891251,0.005859995340285159,-0.025282417749986054,1.0,1.0,1.0,1.0,1.0,0.27638190954773867,0.7185929648241206,0.005025125628140704,0.49139297427063866,0.1625,0.1625,2.71875,0.9841263412697725,0.11344136305987201,100.0,0.1156528368586032,1.0,0.1156528368586032,0.10552763819095477,0.5326633165829145,0.36180904522613067,0.31155778894472363,0.31155778894472363,nan,nan,0.09381047705550846,0.3257820872840553,0.009433962264150943,0.8888888888888888,0.0,0.2674438426260479,0.1540024795661759,2.0846245744948546,20,20,9.098148822784424
573,,0.17148960740988992,0.005196654769996664,0.005284034833312035,1.0,1.0,1.0,1.0,1.0,0.05785123966942149,0.9132231404958677,0.028925619834710745,0.5024321922589672,0.07727272727272727,0.07727272727272727,7.636363636363637,0.9756356807319243,0.09919866949817893,0.0,-0.17209975205505093,0.0,0.0,0.1446280991735537,0.45454545454545453,0.40082644628099173,0.44214876033057854,0.44214876033057854,nan,nan,0.0419800641000779,0.1832752423907197,0.0,0.9690721649484536,0.0,0.23694133044293025,0.13774266094475132,2.2787750250385552,20,20,10.82820177078247
574,,0.18590515426784612,0.004225117142451048,0.11540332486232122,0.95,0.95,0.95,0.953125,1.0,0.14285714285714285,0.8367346938775511,0.02040816326530612,0.5054684384228577,0.08636363636363636,0.08636363636363636,4.659090909090909,0.5679895426899412,0.9218298635821351,20.0,-0.09432824030702054,0.2,0.0664446436316729,0.13877551020408163,0.5795918367346938,0.2816326530612245,0.5387755102040817,0.5387755102040817,nan,nan,0.16380188204765578,1.9635197738772772,0.007042253521126761,0.9130434782608695,0.014492753623188406,0.8487734100569742,-0.073056453525161,2.227751036335889,20,20,14.933629751205444
575,,0.15312993300059005,0.00493967525808355,0.043054310232400896,0.9,0.9,0.9,0.9455445544554455,0.0,0.04639175257731959,0.9536082474226805,0.0,0.4920743746900811,0.024193548387096774,0.024193548387096774,5.096774193548387,0.8206094924958738,0.2948431939086862,0.0,0.0,0.0,0.0,0.10824742268041238,0.6030927835051546,0.28865979381443296,0.5824742268041238,0.5824742268041238,nan,nan,0.07102817186713822,0.37862004829119156,0.0,0.9464285714285714,0.0,0.2399478499880164,-0.05489534392066978,2.032746010846274,20,20,11.130234718322754
576,,0.1401235903983601,0.00400353115423886,0.09311953410506249,0.85,0.85,0.85,0.9292929292929293,0.0,0.0374331550802139,0.9625668449197861,0.0,0.4762686507067909,0.017142857142857144,0.017142857142857144,4.314285714285714,0.7361347160042861,0.27209744131924196,0.0,0.0,0.0,0.0,0.10695187165775401,0.37967914438502676,0.5133689839572193,0.39037433155080214,0.39037433155080214,nan,nan,0.08315499454598624,0.41688955647453796,0.0,0.9479166666666666,0.0,0.2095629865412168,-0.06253445477802516,2.4278992723906336,20,20,10.635295629501343
577,,0.18805047397693334,0.017095497634266668,-0.008515596576035022,1.0,1.0,1.0,1.0,0.0,0.2835820895522388,0.7164179104477612,0.0,0.5081270279267549,0.004545454545454545,0.004545454545454545,1.0,0.9993474680219948,0.019619609638077046,0.0,0.0,0.0,0.0,0.208955223880597,0.3283582089552239,0.4626865671641791,0.3283582089552239,0.3283582089552239,nan,nan,0.034503128117870756,0.21794573902744344,0.0,0.6774193548387096,0.0,0.2020239054160645,0.18240429577798745,2.422760954819769,20,20,2.804858922958374
578,,0.18928965226142958,0.015774137688452466,-0.010719107650220393,1.0,1.0,1.0,1.0,0.0,0.22727272727272727,0.7727272727272727,0.0,0.47136378622381014,0.029166666666666667,0.029166666666666667,1.5833333333333333,0.9989529942341882,0.019050723852088974,0.0,0.0,0.0,0.0,0.19696969696969696,0.49242424242424243,0.3106060606060606,0.3787878787878788,0.3787878787878788,nan,nan,0.039906251483690244,0.20689167947385298,0.0,0.926829268292683,0.0,0.19729038253003942,0.17823965867795044,2.6982406831662615,20,20,2.7848751544952393
579,,0.17558782703552386,0.00474561694690605,-0.010049660503864289,1.0,1.0,1.0,1.0,1.0,0.04868913857677903,0.947565543071161,0.003745318352059925,0.4850558989837048,0.052702702702702706,0.052702702702702706,7.0,0.9738978748225655,0.10119500003446849,0.0,-0.10703486124446981,0.0,0.0,0.12359550561797752,0.3782771535580524,0.49812734082397003,0.36704119850187267,0.36704119850187267,nan,nan,0.06038966755549367,0.2858281246729672,0.0,0.9398496240601504,0.0,0.23408964477204441,0.13289464473757592,2.633668113313079,20,20,14.553013801574707
580,,0.17905237589769232,0.006886629842218935,-0.008854116313159466,1.0,1.0,1.0,1.0,1.0,0.17452830188679244,0.8207547169811321,0.0047169811320754715,0.5132933711059965,0.07692307692307693,0.07692307692307693,5.153846153846154,0.980925852273191,0.10293561752015569,0.0,-0.014045367927113445,0.0,0.0,0.10849056603773585,0.5990566037735849,0.29245283018867924,0.5188679245283019,0.5188679245283019,nan,nan,0.05379034181436269,0.3089086179624017,0.0,0.8387096774193549,0.0,0.22771726166094275,0.12478164414078706,2.0796829766328013,20,20,7.986367702484131
581,,0.17952175521251953,0.0056100548503912355,0.02640848085284233,0.95,0.95,0.95,0.9894736842105263,1.0,0.24338624338624337,0.7513227513227513,0.005291005291005291,0.48826746865925086,0.1546875,0.1546875,3.71875,0.9254292944469561,0.2604767983741326,0.0,-0.18726634000700323,0.0,0.0,0.1164021164021164,0.6084656084656085,0.2751322751322751,0.455026455026455,0.455026455026455,nan,nan,0.07898630558258704,0.34009431053777467,0.008695652173913044,0.8846153846153846,0.0,0.23501837790027177,-0.025458420473860863,2.021899153154682,20,20,8.370079517364502
582,,0.18360235458371313,0.007344094183348525,0.02765657976269722,1.0,1.0,1.0,1.0,0.0,0.10256410256410256,0.8974358974358975,0.0,0.4674849357195199,0.05,0.05,6.36,0.9833365574675292,0.08515233346819251,0.0,0.0,0.0,0.0,0.10256410256410256,0.4666666666666667,0.4307692307692308,0.4153846153846154,0.4153846153846154,nan,nan,0.05923594356024962,0.24344629805066806,0.0,0.9285714285714286,0.0,0.23141538523549202,0.1462630517672995,2.8233656240641953,20,20,7.744038820266724
583,,0.19288454934320431,0.017534959031200392,-0.016092004301026464,1.0,1.0,1.0,1.0,1.0,0.8549618320610687,0.13740458015267176,0.007633587786259542,0.5048868882490999,0.04090909090909091,0.04090909090909091,0.9090909090909091,0.9975732132917787,0.03398450130833666,0.0,-0.02238791625154766,0.0,0.0,0.15267175572519084,0.5267175572519084,0.32061068702290074,0.16030534351145037,0.16030534351145037,nan,nan,0.04024386476910959,0.1809003583862997,0.014492753623188406,0.07142857142857142,0.0,0.21613859988636824,0.18215409857803158,1.5643002790903064,20,20,4.084896087646484
584,,0.1679059746672427,0.005596865822241423,0.045718610659241675,0.95,0.95,0.95,0.9952153110047847,1.0,0.1722488038277512,0.8229665071770335,0.004784688995215311,0.47669056354129374,0.08166666666666667,0.08166666666666667,3.9,0.8851864922547226,0.3014568715607542,0.0,-0.06630546103953827,0.0,0.0,0.18181818181818182,0.3923444976076555,0.4258373205741627,0.3588516746411483,0.3588516746411483,nan,nan,0.056463039045051316,0.25622757994955186,0.0,0.7865168539325843,0.011235955056179775,0.2236441203981827,-0.07781275116257144,2.2319647929706123,20,20,8.501765489578247
585,,0.19235702256379264,0.017487002051253878,-0.00764959268271923,1.0,1.0,1.0,1.0,1.0,0.3053435114503817,0.6717557251908397,0.022900763358778626,0.4304079333447259,0.03636363636363636,0.03636363636363636,1.4545454545454546,0.9987357511301359,0.029919985002036215,0.0,-0.027253752895532113,0.0,0.0,0.19083969465648856,0.3969465648854962,0.4122137404580153,0.2748091603053435,0.2748091603053435,nan,nan,0.03967377916676516,0.22269125693685238,0.057692307692307696,0.6851851851851852,0.0,0.2083941615372556,0.17847417653521938,2.253277820947822,20,20,2.8520455360412598
586,,0.19120364722413088,0.015933637268677574,-0.0029515668749809263,1.0,1.0,1.0,1.0,0.0,0.21641791044776118,0.7835820895522388,0.0,0.44599009858987604,0.029166666666666667,0.029166666666666667,0.5833333333333334,0.999649976219776,0.013180996425829705,0.0,0.0,0.0,0.0,0.1791044776119403,0.4552238805970149,0.3656716417910448,0.3582089552238806,0.3582089552238806,nan,nan,0.04662816096802393,0.3083890923745003,0.0,0.8367346938775511,0.0,0.19745232270613816,0.18427132628030846,2.911021581088028,20,20,3.178070545196533
587,,0.19199510502770173,0.019199510502770172,-0.0015523734036833048,1.0,1.0,1.0,1.0,0.0,0.6015037593984962,0.39849624060150374,0.0,0.48721259555779395,0.06,0.06,0.4,0.9995305628441166,0.018135296577094256,0.0,0.0,0.0,0.0,0.16541353383458646,0.5263157894736842,0.3082706766917293,0.24060150375939848,0.24060150375939848,nan,nan,0.03243968474836413,0.15025326162733219,0.0,0.36585365853658536,0.0,0.2017809973443287,0.18364570076723444,2.341321845452648,20,20,3.0005149841308594
588,,0.12056347932209968,0.0025117391525437435,0.11936204234759012,0.75,0.75,0.75,0.9694656488549618,1.0,0.31153846153846154,0.6576923076923077,0.03076923076923077,0.4716378654965714,0.26979166666666665,0.26979166666666665,2.5625,0.546824796748384,0.4552269876318198,0.0,-0.1925219407327619,0.0,0.0,0.08076923076923077,0.8,0.11923076923076924,0.5153846153846153,0.5153846153846153,nan,nan,0.11690558195958939,0.5004892974718907,0.03365384615384615,0.8064516129032258,0.0,0.22414796372741588,-0.23107902390440394,1.9416310873073752,20,20,17.95962405204773
589,,0.18806263790438946,0.01709660344585359,-0.007707189023494721,1.0,1.0,1.0,1.0,0.0,0.09923664122137404,0.9007633587786259,0.0,0.4099051122278483,0.004545454545454545,0.004545454545454545,2.0,0.9990289283379029,0.0186686742551066,0.0,0.0,0.0,0.0,0.17557251908396945,0.1450381679389313,0.6793893129770993,0.12213740458015267,0.12213740458015267,nan,nan,0.03810082663973111,0.17638179079824584,0.0,0.9325842696629213,0.0,0.19802779614961372,0.17935912189450712,3.0261796451971024,20,20,2.8733115196228027
590,,0.17643849972570022,0.005346621203809097,0.02536847684532404,0.95,0.95,0.95,0.9951456310679612,0.0,0.4077669902912621,0.5922330097087378,0.0,0.4786186746210054,0.1590909090909091,0.1590909090909091,3.121212121212121,0.9454596440813992,0.21747726134264614,0.0,0.0,0.0,0.0,0.1262135922330097,0.558252427184466,0.3155339805825243,0.32524271844660196,0.32524271844660196,nan,nan,0.07558833776606237,0.35393007779402025,0.0,0.7538461538461538,0.0,0.2237301229872713,0.006252861644625157,2.414027491097859,20,20,9.707631349563599
591,,0.1841623766162855,0.003918348438644373,0.005953020105759303,1.0,1.0,1.0,1.0,1.0,0.3488372093023256,0.5891472868217055,0.06201550387596899,0.4631017907073677,0.26063829787234044,0.26063829787234044,4.0638297872340425,0.9550846073748013,0.15234424748514985,12.5,-0.16996329858521575,0.125,0.12610611148000714,0.09302325581395349,0.6744186046511628,0.23255813953488372,0.3333333333333333,0.3333333333333333,nan,nan,0.13582804450550193,0.4085935163423595,0.07471264367816093,0.95,0.0,0.25893944741355795,0.1065951999284081,1.676948123548862,20,20,22.093866109848022
592,,0.19148008154447352,0.019148008154447352,-0.007911344058811665,1.0,1.0,1.0,1.0,0.0,0.2556390977443609,0.7443609022556391,0.0,0.4451078348327428,0.01,0.01,2.6,0.999322658665326,0.01861517672853727,0.0,0.0,0.0,0.0,0.19548872180451127,0.2706766917293233,0.5338345864661654,0.24812030075187969,0.24812030075187969,nan,nan,0.041702736477526835,0.2430139968541539,0.0,0.704225352112676,0.0,0.2017598242509717,0.18314464752243442,2.6143800999961146,20,20,2.8909878730773926
593,,0.1704472456768663,0.004485453833601745,0.04068182408809662,0.9,0.9,0.9,0.9921568627450981,1.0,0.25196850393700787,0.7362204724409449,0.011811023622047244,0.4797574886275661,0.23157894736842105,0.23157894736842105,4.973684210526316,0.9043362273973413,0.23697478710941078,0.0,-0.08641354610063678,0.0,0.0,0.14960629921259844,0.2637795275590551,0.5866141732283464,0.16535433070866143,0.16535433070866143,nan,nan,0.11094359348360808,0.417087331532995,0.0,0.8187919463087249,0.013422818791946308,0.24362978311918476,0.00665499600977397,2.3684969602325285,20,20,13.66958498954773
594,,0.1298063753633925,0.002761837773689202,0.088660263021787,0.8,0.8,0.8,0.9356060606060606,1.0,0.192,0.748,0.06,0.4733342957981377,0.1819148936170213,0.1819148936170213,3.8297872340425534,0.7006270279641668,0.2648960833147381,6.666666666666667,-0.20786913435131765,0.06666666666666667,0.002067466857136546,0.096,0.72,0.184,0.532,0.532,nan,nan,0.10014033432119376,0.47428104709634133,0.05,0.782608695652174,0.043478260869565216,0.2003802670684001,-0.06451581624633798,2.2077897128682,20,20,18.399996519088745
595,,0.18074966613445864,0.00547726261013511,-0.018798616714775562,1.0,1.0,1.0,1.0,1.0,0.19796954314720813,0.7614213197969543,0.04060913705583756,0.46512356594555376,0.15454545454545454,0.15454545454545454,3.1515151515151514,0.987306664112149,0.08279627813224408,0.0,-0.182258909967195,0.0,0.0,0.116751269035533,0.7411167512690355,0.14213197969543148,0.5482233502538071,0.5482233502538071,nan,nan,0.07348758207760704,0.3924100340344903,0.02054794520547945,0.9285714285714286,0.03571428571428571,0.21626739489371966,0.13347111676147558,2.154191833021933,20,20,8.959335565567017
596,,0.1698190071857292,0.005306843974554038,0.04976198263466358,0.9,0.9,0.9,0.9852216748768473,1.0,0.6237623762376238,0.30198019801980197,0.07425742574257425,0.4881795133853302,0.3296875,0.3296875,1.03125,0.8883945854059054,0.2318317081022106,13.333333333333334,-0.09081178519375707,0.13333333333333333,0.04925875519286463,0.11386138613861387,0.8267326732673267,0.0594059405940594,0.28217821782178215,0.28217821782178215,nan,nan,0.10316534037316862,0.34240098393500573,0.05389221556886228,0.5833333333333334,0.25,0.22361061665596113,-0.008221091446249454,2.0282735978999127,20,20,10.745605707168579
597,,0.17962071869528448,0.0071848287478113795,0.0034753181040287017,1.0,1.0,1.0,1.0,1.0,0.024390243902439025,0.9707317073170731,0.004878048780487805,0.4719694233793998,0.018,0.018,6.16,0.9818765933451177,0.08823723908800274,0.0,-0.07592666091396427,0.0,0.0,0.13170731707317074,0.45365853658536587,0.4146341463414634,0.4634146341463415,0.4634146341463415,nan,nan,0.043589168437373114,0.24476989573003394,0.0,0.9647058823529412,0.011764705882352941,0.22442888642812378,0.13619164734012104,2.2422401359692095,20,20,8.614973545074463
598,,0.18519588257982203,0.006859106762215631,-0.02013117801398039,1.0,1.0,1.0,1.0,1.0,0.15,0.83,0.02,0.4576006952203763,0.07407407407407407,0.07407407407407407,5.518518518518518,0.9881793923863922,0.083497143761039,25.0,-0.13021994785361418,0.25,0.03311247249163217,0.13,0.295,0.575,0.255,0.255,nan,nan,0.0718003957287322,0.2284067109529197,0.0,0.8434782608695652,0.017391304347826087,0.22312158419393555,0.13962444043289654,2.8016368639659737,20,20,8.488394498825073
599,,0.17114481221624506,0.006582492777547887,0.022086983546614647,0.95,0.95,0.95,0.973404255319149,1.0,0.22162162162162163,0.7027027027027027,0.07567567567567568,0.4510948582627608,0.24807692307692308,0.24807692307692308,3.9615384615384617,0.9614162069667753,0.17201916454977506,7.142857142857142,-0.1551966672152918,0.07142857142857142,0.0029410100278129403,0.15675675675675677,0.4594594594594595,0.3837837837837838,0.3081081081081081,0.3081081081081081,nan,nan,0.09751504335356723,0.43930573574704296,0.047058823529411764,0.9014084507042254,0.028169014084507043,0.21060250116008308,0.03858333661030801,2.033887245281927,20,20,7.592696189880371
600,,0.18767651451495695,0.018767651451495695,-0.021367448940873147,1.0,1.0,1.0,1.0,1.0,0.2196969696969697,0.7348484848484849,0.045454545454545456,0.44659084987360986,0.07,0.07,1.2,0.999312744994723,0.017419379955118247,0.0,-0.07324243062860829,0.0,0.0,0.19696969696969696,0.4090909090909091,0.3939393939393939,0.32575757575757575,0.32575757575757575,nan,nan,0.0293307767878515,0.1339286151847843,0.0,0.7692307692307693,0.038461538461538464,0.19495294801028348,0.17753356805516524,2.377441173068798,20,20,2.7444701194763184
601,,0.17159820062798165,0.005047005900822989,0.03580719083547592,0.95,0.95,0.95,0.9948979591836735,0.9230769230769231,0.20304568527918782,0.7258883248730964,0.07106598984771574,0.478718326270909,0.1411764705882353,0.1411764705882353,3.2058823529411766,0.9429203166801553,0.2065580404624863,35.714285714285715,-0.06822537206242946,0.35714285714285715,0.03218740803238956,0.1319796954314721,0.5380710659898477,0.3299492385786802,0.4010152284263959,0.4010152284263959,nan,nan,0.06064103862938086,0.2896383224155147,0.07547169811320754,0.8,0.03076923076923077,0.21172175338637417,0.00516371292388787,2.111487464243892,20,20,8.326165914535522
602,,0.17446221353320776,0.0052867337434305385,0.17622606828808784,0.85,0.85,0.85,0.89,0.9166666666666666,0.13259668508287292,0.8011049723756906,0.06629834254143646,0.4772680631487729,0.11969696969696969,0.11969696969696969,3.272727272727273,0.48573491926326656,0.9409295130517982,0.0,-0.24725847788039812,0.0,0.0,0.14917127071823205,0.4585635359116022,0.39226519337016574,0.46408839779005523,0.46408839779005523,nan,nan,0.1811365729268811,0.6805395173627145,0.012048192771084338,0.7746478873239436,0.028169014084507043,0.8345554359868146,-0.1063740770649836,2.2710790600035247,20,20,10.54469895362854
603,,0.16793649620618364,0.005088984733520717,0.10385257937014103,0.85,0.85,0.85,0.9253731343283582,0.9444444444444444,0.2578947368421053,0.6473684210526316,0.09473684210526316,0.47700412307484924,0.1696969696969697,0.1696969696969697,2.5454545454545454,0.6593692035658153,0.6408256519849472,22.22222222222222,-0.08354660257546247,0.2222222222222222,0.08126827527569888,0.14736842105263157,0.6894736842105263,0.1631578947368421,0.46842105263157896,0.46842105263157896,nan,nan,0.1432431890401769,0.433852284493358,0.07633587786259542,0.7096774193548387,0.03225806451612903,0.5373623848510234,-0.10346326713392384,2.0890657881938663,20,20,11.6505126953125
604,,0.17906372091161887,0.004476593022790472,0.0013947288195292156,0.95,0.95,0.95,0.9917695473251029,1.0,0.18930041152263374,0.7530864197530864,0.05761316872427984,0.4755900074818783,0.22625,0.22625,5.075,0.9461744688440273,0.22094332736597094,21.428571428571427,-0.11278824116667423,0.21428571428571427,0.24611591115159237,0.13580246913580246,0.4567901234567901,0.4074074074074074,0.37448559670781895,0.37448559670781895,nan,nan,0.09936640832245297,0.3647418934495133,0.06306306306306306,0.8686868686868687,0.030303030303030304,0.23756721976548753,0.016623892399516574,1.9519636349265619,20,20,13.790633916854858
605,,0.14187694322122912,0.003224475982300662,0.06459482659896215,0.8,0.8,0.8,0.9413919413919414,0.9259259259259259,0.31297709923664124,0.583969465648855,0.10305343511450382,0.4734623806753172,0.375,0.375,3.022727272727273,0.7562354981866273,0.2748992856307585,18.51851851851852,-0.17761004294152236,0.18518518518518517,0.04325617356425219,0.11068702290076336,0.6335877862595419,0.25572519083969464,0.3969465648854962,0.3969465648854962,nan,nan,0.11852214059490562,0.5103436110718014,0.10240963855421686,0.6268656716417911,0.07462686567164178,0.2163136354353225,-0.058585650195435976,1.9179147325262427,20,20,17.55507493019104
606,,0.18111162663451102,0.007244465065380441,-0.0017727948725223541,1.0,1.0,1.0,1.0,1.0,0.3484848484848485,0.5555555555555556,0.09595959595959595,0.4974877090477385,0.326,0.326,2.44,0.9942876199634065,0.052375159671377736,10.526315789473683,-0.06892375979992502,0.10526315789473684,0.043863506811150546,0.13131313131313133,0.6464646464646465,0.2222222222222222,0.4292929292929293,0.4292929292929293,nan,nan,0.06569982679647259,0.28310689084397594,0.0859375,0.6590909090909091,0.045454545454545456,0.2018594522806106,0.14948429260923288,1.821768733137094,20,20,7.545772314071655
607,,0.1803486901463102,0.006441024648082507,0.038664710521697995,0.95,0.95,0.95,0.9949748743718593,1.0,0.2864321608040201,0.6934673366834171,0.020100502512562814,0.4569451450919067,0.2,0.2,3.8214285714285716,0.9092415464499976,0.2799568548000147,25.0,-0.17421457447194177,0.25,0.07230287232567645,0.12562814070351758,0.40703517587939697,0.46733668341708545,0.2964824120603015,0.2964824120603015,nan,nan,0.09843533191944176,0.4224980528764521,0.012345679012345678,0.8709677419354839,0.021505376344086023,0.24504587279301246,-0.03491098200700224,1.8278008472299534,20,20,8.013050556182861
608,,0.1933685808190851,0.016114048401590423,-0.03335691839456558,1.0,1.0,1.0,1.0,1.0,0.717741935483871,0.20161290322580644,0.08064516129032258,0.48859718015155523,0.058333333333333334,0.058333333333333334,0.9166666666666666,0.9974265618918392,0.038642304044151116,20.0,-0.03334298716908439,0.2,0.007747676474921902,0.16129032258064516,0.45161290322580644,0.3870967741935484,0.1532258064516129,0.1532258064516129,nan,nan,0.04223516410968802,0.17182772925745032,0.125,0.22916666666666666,0.020833333333333332,0.21422337261436597,0.17558106857021485,1.5798413654090244,20,20,4.548179864883423
609,,0.16641434174387662,0.00354073067540163,0.004029627020160357,0.95,0.95,0.95,1.0,1.0,0.2537878787878788,0.7159090909090909,0.030303030303030304,0.4754007840421957,0.17659574468085107,0.17659574468085107,3.978723404255319,0.9067366195531783,0.25514287042146255,12.5,-0.22299465200032453,0.125,0.035106596242387725,0.12878787878787878,0.4810606060606061,0.39015151515151514,0.35984848484848486,0.35984848484848486,nan,nan,0.07743497321703487,0.271039650706921,0.0,0.7572815533980582,0.019417475728155338,0.22929201658233617,-0.02585085383912636,2.0152659789646656,20,20,14.718050003051758
610,,0.17867200234614078,0.007444666764422532,-0.03940824624150992,1.0,1.0,1.0,1.0,1.0,0.09950248756218906,0.8855721393034826,0.014925373134328358,0.45275389128655663,0.08541666666666667,0.08541666666666667,6.5,0.9882704267314724,0.07537830504539797,0.0,-0.14022786943625123,0.0,0.0,0.15422885572139303,0.19402985074626866,0.6517412935323383,0.15422885572139303,0.15422885572139303,nan,nan,0.06275694454198295,0.19834274687290668,0.0,0.9694656488549618,0.0,0.21587598052918264,0.14049767548378467,2.410590552159551,20,20,7.731381893157959
611,,0.13811393052038812,0.004316060328762129,0.1612718641757965,0.8,0.8,0.8,0.914572864321608,0.9523809523809523,0.4946236559139785,0.3924731182795699,0.11290322580645161,0.47780121130017505,0.3296875,0.3296875,0.625,0.6763484292386414,0.29212910594551145,14.285714285714285,-0.11958173250290507,0.14285714285714285,0.030984662040728733,0.12365591397849462,0.6397849462365591,0.23655913978494625,0.27419354838709675,0.27419354838709675,nan,nan,0.11576883986788235,0.39351928656164503,0.08403361344537816,0.36363636363636365,0.045454545454545456,0.2169194520861612,-0.07520965385935023,1.764996134942697,20,20,14.741691589355469
612,,0.1781641247903058,0.007746266295230687,-0.026654784753918647,1.0,1.0,1.0,1.0,1.0,0.050761421319796954,0.9238578680203046,0.025380710659898477,0.4617297222545502,0.05434782608695652,0.05434782608695652,6.521739130434782,0.9739165100164322,0.13579471343995853,0.0,-0.1290471699828407,0.0,0.0,0.17258883248730963,0.27411167512690354,0.5532994923857868,0.2893401015228426,0.2893401015228426,nan,nan,0.0401144325010545,0.1300432007917222,0.0,0.9541284403669725,0.009174311926605505,0.23414990382594425,0.09835519038598572,2.5338809784735323,20,20,7.299901008605957
613,,0.17461195309263927,0.007591824047506055,-0.041252419166266915,1.0,1.0,1.0,1.0,1.0,0.10552763819095477,0.8894472361809045,0.005025125628140704,0.4578905192887127,0.05217391304347826,0.05217391304347826,6.173913043478261,0.9897470774938741,0.07015234887380709,0.0,-0.12242279778158024,0.0,0.0,0.12060301507537688,0.5276381909547738,0.35175879396984927,0.48743718592964824,0.48743718592964824,nan,nan,0.04797371271652527,0.2525530395035984,0.0,0.9,0.0,0.22293932273674355,0.15278697386293646,2.1122392696427212,20,20,7.9288856983184814
614,,0.19264549924872817,0.01605379160406068,-0.017789187654852868,1.0,1.0,1.0,1.0,1.0,0.7611940298507462,0.20149253731343283,0.03731343283582089,0.47091708759083606,0.03333333333333333,0.03333333333333333,1.0833333333333333,0.9983969842276246,0.02519685521309839,40.0,-0.018170394330095783,0.4,0.0027581475650752026,0.17164179104477612,0.1417910447761194,0.6865671641791045,0.14925373134328357,0.14925373134328357,nan,nan,0.05064567160783695,0.25110345537468937,0.10526315789473684,0.11956521739130435,0.010869565217391304,0.20812750620320025,0.18293065099010186,2.118260817205005,20,20,5.016520023345947
615,,0.19131573030906315,0.006832704653895113,-0.009616546891629696,1.0,1.0,1.0,1.0,1.0,0.28,0.705,0.015,0.4538037638367054,0.14642857142857144,0.14642857142857144,3.75,0.9915679201639571,0.0659632868007819,0.0,-0.1342970160471151,0.0,0.0,0.145,0.44,0.415,0.27,0.27,nan,nan,0.0854061439610562,0.3428837591119145,0.0,0.8072289156626506,0.0,0.22904902026406282,0.16308573346328092,2.00786058046459,20,20,8.247856616973877
616,,0.16809409608987,0.004543083678104595,-0.017092374712228776,0.95,0.95,0.95,0.9711538461538461,1.0,0.30392156862745096,0.6323529411764706,0.06372549019607843,0.4766812157460073,0.17567567567567569,0.17567567567567569,2.108108108108108,0.9065339959733159,0.27226547348848007,7.6923076923076925,-0.08215841314830367,0.07692307692307693,0.11458128622271024,0.16666666666666666,0.6078431372549019,0.22549019607843138,0.36764705882352944,0.36764705882352944,nan,nan,0.07822732668127619,0.3559044298102021,0.04032258064516129,0.7391304347826086,0.0,0.21756487242059508,-0.054700601067885,2.0415960646541524,20,20,11.717219591140747
617,,0.10424626867023318,0.002895729685284255,0.16632363051176072,0.65,0.65,0.65,0.8640776699029126,0.8947368421052632,0.7049180327868853,0.18579234972677597,0.1092896174863388,0.4821987732662819,0.4166666666666667,0.4166666666666667,0.3333333333333333,0.4913224780691711,0.2719961817975656,25.0,-0.13512262936916963,0.25,0.12695322742816276,0.12021857923497267,0.3879781420765027,0.4918032786885246,0.14754098360655737,0.14754098360655737,nan,nan,0.15383707100406224,0.6076475830130289,0.09859154929577464,0.2,0.08888888888888889,0.20287034950756105,-0.06912583229000452,1.7781982202862012,20,20,18.827975273132324
618,,0.18421063732721313,0.00800915814466144,-0.03139168247580528,1.0,1.0,1.0,1.0,1.0,0.12626262626262627,0.8484848484848485,0.025252525252525252,0.4800746721106723,0.08695652173913043,0.08695652173913043,5.608695652173913,0.9833628737069265,0.07922565775195328,20.0,-0.07752809692217563,0.2,0.01983783256892785,0.13636363636363635,0.5909090909090909,0.2727272727272727,0.5353535353535354,0.5353535353535354,nan,nan,0.04529758518816456,0.16725126738850865,0.0,0.9259259259259259,0.037037037037037035,0.22145992113512275,0.14223426338316947,2.1248769303437847,20,20,8.152684926986694
619,,0.1510821262023257,0.004443591947127227,0.04727537203580141,0.9,0.9,0.9,0.9343434343434344,1.0,0.10695187165775401,0.8556149732620321,0.0374331550802139,0.4688690780618344,0.07352941176470588,0.07352941176470588,4.088235294117647,0.784933125108439,0.3172815525164526,14.285714285714285,-0.04823037397256603,0.14285714285714285,0.03582950336814417,0.13903743315508021,0.5508021390374331,0.31016042780748665,0.5240641711229946,0.5240641711229946,nan,nan,0.04253515712299988,0.24043040587994371,0.009708737864077669,0.9310344827586207,0.0,0.22865341298199515,-0.0886281395344575,1.9453767672403317,20,20,8.997647523880005
620,,0.18146517336934748,0.007561048890389478,0.005944301560521126,1.0,1.0,1.0,1.0,1.0,0.03398058252427184,0.9320388349514563,0.03398058252427184,0.4528444289220109,0.052083333333333336,0.052083333333333336,7.125,0.9877583339070548,0.06461533738024355,14.285714285714285,-0.08706951239192463,0.14285714285714285,0.008807125952441291,0.1796116504854369,0.1262135922330097,0.6941747572815534,0.13592233009708737,0.13592233009708737,nan,nan,0.07580230613851768,0.1619885572288636,0.0,0.965034965034965,0.006993006993006993,0.22440389923969256,0.159788561859449,3.0611237200851704,20,20,8.902183532714844
621,,0.1877770075659652,0.01877770075659652,-0.012784726358950138,1.0,1.0,1.0,1.0,1.0,0.23076923076923078,0.7,0.06923076923076923,0.4390803938911995,0.03,0.03,1.6,0.9992735918576974,0.019731016775612897,0.0,-0.07066141665964937,0.0,0.0,0.2,0.46153846153846156,0.3384615384615385,0.4230769230769231,0.4230769230769231,nan,nan,0.023455505275829628,0.12585893441111684,0.0,0.75,0.0,0.19747924911911421,0.17774823234350132,2.2756025667309876,20,20,2.7266042232513428
622,,0.17243596229625663,0.005071645949889901,0.01813516654074192,0.95,0.95,0.95,0.958974358974359,1.0,0.11052631578947368,0.8052631578947368,0.08421052631578947,0.46343786025112527,0.10735294117647058,0.10735294117647058,3.176470588235294,0.8911632087265423,0.3110445282002947,6.25,-0.13390497181169475,0.0625,0.04883723148635266,0.12631578947368421,0.4368421052631579,0.4368421052631579,0.3894736842105263,0.3894736842105263,nan,nan,0.04682522274703592,0.19927740360822732,0.012048192771084338,0.8674698795180723,0.024096385542168676,0.2325409995238714,-0.07850352867642332,2.0608493447052747,20,20,8.730695486068726
623,,0.18360276702593395,0.005737586469560436,-0.02321100323460996,1.0,1.0,1.0,1.0,1.0,0.12698412698412698,0.8253968253968254,0.047619047619047616,0.47341630944865754,0.10625,0.10625,4.03125,0.9871026637871345,0.08892885820168156,22.22222222222222,-0.07424545581536798,0.2222222222222222,0.023345971127500822,0.18518518518518517,0.24867724867724866,0.5661375661375662,0.21693121693121692,0.21693121693121692,nan,nan,0.06627735911936032,0.2499699530109003,0.0,0.8878504672897196,0.018691588785046728,0.22595563907338817,0.1370267808717066,2.3685768779879193,20,20,7.270503997802734
624,,0.1527258932106158,0.004127726843530157,0.11377856880426407,0.75,0.75,0.75,0.9166666666666666,0.92,0.6634146341463415,0.2,0.13658536585365855,0.49217425978693774,0.3918918918918919,0.3918918918918919,0.6216216216216216,0.7037993375532016,0.33982758452958517,17.857142857142858,-0.4836205919643822,0.17857142857142858,0.07534281965165972,0.1024390243902439,0.8634146341463415,0.03414634146341464,0.1902439024390244,0.1902439024390244,nan,nan,0.17382928142483697,0.37874194750224166,0.06779661016949153,0.42857142857142855,0.2857142857142857,0.2874389058449082,-0.05238867868467693,1.7489496712648718,20,20,19.932112455368042
625,,0.17261804758602853,0.006639155676385713,-0.005272080935537815,1.0,1.0,1.0,1.0,1.0,0.03317535545023697,0.8957345971563981,0.07109004739336493,0.46745784197141454,0.10192307692307692,0.10192307692307692,6.076923076923077,0.9864903740241219,0.0747574926558327,13.333333333333334,-0.06908048113328749,0.13333333333333333,0.022865501476133504,0.17535545023696683,0.09004739336492891,0.7345971563981043,0.0947867298578199,0.0947867298578199,nan,nan,0.06380685330810558,0.134046467565701,0.0,0.9612903225806452,0.01935483870967742,0.2103016108684408,0.1355441182126081,2.699650500614678,20,20,8.683099269866943
626,,0.18572790320214222,0.006878811229708971,-0.006064959429204464,1.0,1.0,1.0,1.0,1.0,0.14507772020725387,0.7772020725388601,0.07772020725388601,0.47504975066565547,0.12037037037037036,0.12037037037037036,4.333333333333333,0.9879749207739285,0.07617193037716921,6.666666666666667,-0.09902733214088692,0.06666666666666667,0.013040659152917328,0.21243523316062177,0.20725388601036268,0.5803108808290155,0.16580310880829016,0.16580310880829016,nan,nan,0.060226174923219494,0.165585529724813,0.0,0.875,0.008928571428571428,0.23289877463252004,0.15672684425535083,2.3273460702965583,20,20,7.283392667770386
627,,0.17999795545558728,0.006922998286753357,-0.00746002234518528,1.0,1.0,1.0,1.0,1.0,0.22,0.7,0.08,0.4783005668441407,0.2692307692307692,0.2692307692307692,3.5384615384615383,0.9866115487906123,0.08528164946907704,6.25,-0.14996938959438794,0.0625,0.10604761396465062,0.14,0.355,0.505,0.26,0.26,nan,nan,0.06634905741659247,0.2825081771856706,0.028169014084507043,0.8316831683168316,0.009900990099009901,0.21805688439440774,0.1327752349253307,2.227371588540757,20,20,7.937259197235107
628,,0.07919554229011257,0.002199876174725349,0.26010889410972593,0.5,0.5,0.5,0.6570048309178744,0.9,0.4966442953020134,0.3624161073825503,0.14093959731543623,0.5222338637328195,0.19305555555555556,0.19305555555555556,0.5277777777777778,0.27568475483654176,0.3170444671972821,9.523809523809524,-0.4154229490325922,0.09523809523809523,0.07633795280995645,0.1342281879194631,0.8456375838926175,0.020134228187919462,0.3691275167785235,0.3691275167785235,nan,nan,0.1292537403764348,0.3971079221471521,0.047619047619047616,0.6666666666666666,0.3333333333333333,0.22749544555986612,-0.08954902163741595,1.8332492441065713,20,20,15.273706197738647
629,,0.18661513752182435,0.018661513752182435,0.018984218686819078,1.0,1.0,1.0,1.0,1.0,0.23943661971830985,0.6267605633802817,0.13380281690140844,0.47779080817941577,0.055,0.055,1.6,0.998567184124855,0.024269237256406506,21.052631578947366,-0.04329033802690444,0.21052631578947367,0.01529526666546727,0.20422535211267606,0.2535211267605634,0.5422535211267606,0.18309859154929578,0.18309859154929578,nan,nan,0.02867983710933674,0.07487620774618362,0.05555555555555555,0.7142857142857143,0.03896103896103896,0.19962862160911726,0.17535938435271076,2.0195628986379273,20,20,3.172302722930908
630,,0.17988320399987656,0.00620286910344402,0.055817922577261925,0.95,0.95,0.95,0.9583333333333334,1.0,0.1774193548387097,0.7150537634408602,0.10752688172043011,0.47744157240798313,0.21551724137931033,0.21551724137931033,3.206896551724138,0.8234135690391139,0.5155893240203999,5.0,-0.23409658459798174,0.05,0.019220379044494945,0.14516129032258066,0.4838709677419355,0.3709677419354839,0.3279569892473118,0.3279569892473118,nan,nan,0.10719563185776343,0.399202212672936,0.022222222222222223,0.9420289855072463,0.014492753623188406,0.45179187860348524,-0.06379744541691473,2.172686489717019,20,20,8.528559923171997
631,,0.0836448121722668,0.0017426002535888916,0.1079272041718165,0.5,0.5,0.5,0.6811023622047244,0.85,0.8021390374331551,0.08021390374331551,0.11764705882352941,0.4997475804925974,0.3927083333333333,0.3927083333333333,0.25,0.3433634093410616,0.32771634562682134,4.545454545454546,-0.9608978819449443,0.045454545454545456,0.05295466281508304,0.11229946524064172,0.7058823529411765,0.18181818181818182,0.0748663101604278,0.0748663101604278,nan,nan,0.2778303474538498,0.7587831679810958,0.03787878787878788,0.029411764705882353,0.029411764705882353,0.24429420157658463,-0.0834221440502367,1.769818251746132,20,20,36.72465753555298
632,,0.1954108375179644,0.013957916965568886,0.014538726210594178,1.0,1.0,1.0,1.0,1.0,0.5083333333333333,0.45,0.041666666666666664,0.46178613028168913,0.08571428571428572,0.08571428571428572,0.7857142857142857,0.9977175834876761,0.04694253830972481,0.0,-0.07387396540077515,0.0,0.0,0.18333333333333332,0.5916666666666667,0.225,0.23333333333333334,0.23333333333333334,nan,nan,0.057482081852002646,0.2931477160939025,0.014084507042253521,0.5185185185185185,0.0,0.22858618722530566,0.18164364891558085,2.3054341419718885,20,20,2.930187702178955
633,,0.17664984054405206,0.006091373811863864,0.04329726882278919,0.95,0.95,0.95,0.995049504950495,1.0,0.2413793103448276,0.7142857142857143,0.04433497536945813,0.4839090291566239,0.2103448275862069,0.2103448275862069,3.8275862068965516,0.9561309240771863,0.18515371028508223,0.0,-0.11821164816789254,0.0,0.0,0.12807881773399016,0.625615763546798,0.24630541871921183,0.41379310344827586,0.41379310344827586,nan,nan,0.07395916412259552,0.3188333534389678,0.0,0.96,0.0,0.2166795348978106,0.031525824612728376,1.8323804237671204,20,20,9.139425277709961
634,,0.18838330855299357,0.006279443618433119,0.10840638056397438,1.0,1.0,1.0,1.0,1.0,0.43478260869565216,0.48792270531400966,0.07729468599033816,0.50466234311151,0.2866666666666667,0.2866666666666667,2.1333333333333333,0.9762358463117499,0.11674436527829121,0.0,-0.3161473939975043,0.0,0.0,0.12077294685990338,0.7342995169082126,0.14492753623188406,0.34782608695652173,0.34782608695652173,nan,nan,0.09793146275238891,0.3034856221738982,0.006578947368421052,0.8333333333333334,0.0,0.2527920711864537,0.13604770590816248,1.5815356660379998,20,20,14.741433382034302
635,,0.14901561396438148,0.0033114580880973664,0.03497140978773435,0.9,0.9,0.9,0.9319148936170213,1.0,0.35,0.5863636363636363,0.06363636363636363,0.4841102902616452,0.31,0.31,3.2666666666666666,0.7741253785340945,0.3135151914878893,7.142857142857142,-0.40150050202331494,0.07142857142857142,0.022561943542073803,0.11818181818181818,0.6636363636363637,0.21818181818181817,0.39090909090909093,0.39090909090909093,nan,nan,0.12368912768692035,0.4734124609607057,0.00684931506849315,0.7916666666666666,0.020833333333333332,0.2433307024441601,-0.07018448904372919,1.6401872510688815,20,20,18.544687271118164
636,,0.16919166699445842,0.005287239593576826,0.02181382440030575,0.95,0.95,0.95,0.9897435897435898,1.0,0.3316062176165803,0.6373056994818653,0.031088082901554404,0.48728628295493764,0.2203125,0.2203125,1.90625,0.9240281515115556,0.2456658890746058,0.0,-0.17084029778168397,0.0,0.0,0.11398963730569948,0.7616580310880829,0.12435233160621761,0.533678756476684,0.533678756476684,nan,nan,0.06970969113761066,0.3131447533543793,0.034013605442176874,0.7083333333333334,0.0,0.2177903246999054,-0.027875564374700387,1.8507066468431526,20,20,8.510427474975586
637,,0.17988148925662362,0.006662277379874949,-0.021057920157909395,1.0,1.0,1.0,1.0,1.0,0.30927835051546393,0.6701030927835051,0.020618556701030927,0.48370900415358375,0.18518518518518517,0.18518518518518517,3.925925925925926,0.9894479332858905,0.07819279227297951,0.0,-0.31942042656109626,0.0,0.0,0.11855670103092783,0.6752577319587629,0.20618556701030927,0.4536082474226804,0.4536082474226804,nan,nan,0.07547060041735826,0.49014282684268895,0.022900763358778626,0.9,0.0,0.21660303085825872,0.1384102385852792,1.7850168467897882,20,20,8.891679763793945
638,,0.17320598100392282,0.004681242729835752,0.0022380718030035494,1.0,1.0,1.0,1.0,1.0,0.1875,0.8014705882352942,0.011029411764705883,0.48036644509851906,0.11486486486486487,0.11486486486486487,6.1891891891891895,0.9810258023538294,0.0875575389931943,0.0,-0.19468123434846973,0.0,0.0,0.16544117647058823,0.40808823529411764,0.4264705882352941,0.30514705882352944,0.30514705882352944,nan,nan,0.08447486213204691,0.31356305127830514,0.0,0.8189655172413793,0.0,0.22001841053311508,0.13246087153992078,2.283636658354095,20,20,13.623069047927856
639,,0.172153021810978,0.006621270069653,0.010756403394043445,0.95,0.95,0.95,0.995,1.0,0.22,0.775,0.005,0.49047973493221575,0.11538461538461539,0.11538461538461539,3.9615384615384617,0.9529620104874026,0.19046439408109778,0.0,-0.007246716276505721,0.0,0.0,0.155,0.495,0.35,0.435,0.435,nan,nan,0.04214433048751525,0.27353898338670257,0.010101010101010102,0.7571428571428571,0.0,0.21347484138666897,0.023010447305571183,2.149731722000125,20,20,7.77862024307251
640,,0.19083203423211384,0.019083203423211383,-0.009340428374707698,1.0,1.0,1.0,1.0,0.0,0.248,0.752,0.0,0.47455868249293415,0.015,0.015,2.2,0.9987042964664634,0.027508439722776223,0.0,0.0,0.0,0.0,0.184,0.296,0.52,0.288,0.288,nan,nan,0.03966676187451739,0.182055022611455,0.0,0.8153846153846154,0.0,0.20264496302206442,0.1751365232992882,3.032396909462404,20,20,2.7402172088623047
641,,0.17066374373602675,0.006095133704858098,0.0013465067371726037,0.95,0.95,0.95,0.9895833333333334,1.0,0.25,0.7291666666666666,0.020833333333333332,0.5002921801143592,0.18392857142857144,0.18392857142857144,3.9285714285714284,0.9527152857745146,0.18925911165185683,0.0,-0.21145249862858118,0.0,0.0,0.11458333333333333,0.5104166666666666,0.375,0.390625,0.390625,nan,nan,0.05866014430369743,0.27729562855785117,0.01020408163265306,0.8333333333333334,0.013888888888888888,0.2130754090558455,0.023816297403988662,2.371920836556608,20,20,7.553666114807129
642,,0.18788237270725172,0.01878823727072517,-0.019082632567733526,1.0,1.0,1.0,1.0,0.0,0.1297709923664122,0.8702290076335878,0.0,0.4530158122197463,0.025,0.025,2.1,0.9986845117931538,0.0244287074691181,0.0,0.0,0.0,0.0,0.1984732824427481,0.44274809160305345,0.35877862595419846,0.42748091603053434,0.42748091603053434,nan,nan,0.025549466069896682,0.14176988302344673,0.0,0.9361702127659575,0.0,0.1999686091944844,0.1755399017253663,2.936175410974622,20,20,2.719188690185547
643,,0.1655899245195596,0.004870291897634106,0.038390766456723215,0.95,0.95,0.95,0.97,1.0,0.10256410256410256,0.8666666666666667,0.03076923076923077,0.5049143022506648,0.07647058823529412,0.07647058823529412,4.352941176470588,0.8823667836383686,0.30988014002787834,16.666666666666664,-0.07811332264822282,0.16666666666666666,0.14340716239912615,0.12307692307692308,0.46153846153846156,0.4153846153846154,0.4153846153846154,0.4153846153846154,nan,nan,0.06544072104439613,0.3047530865820019,0.022222222222222223,0.8395061728395061,0.024691358024691357,0.22662158629037626,-0.0832585537375021,2.107852719846085,20,20,8.215065002441406
644,,0.1871196131157622,0.008910457767417248,0.019577018171548843,1.0,1.0,1.0,1.0,1.0,0.02631578947368421,0.968421052631579,0.005263157894736842,0.4756094794728727,0.014285714285714285,0.014285714285714285,9.047619047619047,0.9870668206580419,0.07947508068326367,0.0,-0.014234912317858617,0.0,0.0,0.17894736842105263,0.2,0.6210526315789474,0.21052631578947367,0.21052631578947367,nan,nan,0.06925487409587974,0.24478952668880832,0.0,0.9745762711864406,0.00847457627118644,0.23353940944339804,0.15406432876013437,2.968713318262762,20,20,7.172587871551514
645,,0.16999523336697722,0.005483717205386362,0.020701388269662856,0.95,0.95,0.95,0.985781990521327,1.0,0.1674641148325359,0.8086124401913876,0.023923444976076555,0.4853554268548314,0.09193548387096774,0.09193548387096774,4.258064516129032,0.9025327982321191,0.28543222239360533,40.0,-0.04339835348842448,0.4,0.06391828701301992,0.12440191387559808,0.583732057416268,0.291866028708134,0.47368421052631576,0.47368421052631576,nan,nan,0.07579443731517971,0.40817496130828435,0.02459016393442623,0.8524590163934426,0.0,0.22916443580145363,-0.05626778659215173,2.042111862601932,20,20,9.392250537872314
646,,0.1882378787717044,0.01568648989764203,-0.01561958808451891,1.0,1.0,1.0,1.0,1.0,0.18796992481203006,0.7969924812030075,0.015037593984962405,0.45591006660069977,0.0125,0.0125,1.25,0.9993599811581223,0.01875617308342134,0.0,-0.03038895207055475,0.0,0.0,0.21052631578947367,0.39849624060150374,0.39097744360902253,0.2781954887218045,0.2781954887218045,nan,nan,0.04027383619474557,0.24169561668058145,0.0,0.9038461538461539,0.0,0.20046103956307595,0.18170486647965461,2.5970065027763973,20,20,2.8900718688964844
647,,0.15835079271964939,0.004948462272489043,0.08601479306817054,0.9,0.9,0.9,0.9339622641509434,1.0,0.14,0.83,0.03,0.47369668083429134,0.0625,0.0625,3.4375,0.8076770227158834,0.2865205714523582,33.33333333333333,-0.19148194170069058,0.3333333333333333,0.03818050645077367,0.16,0.44,0.4,0.4,0.4,nan,nan,0.06088637553466096,0.29771979410196203,0.011363636363636364,0.8125,0.0125,0.20681844915009454,-0.07970212230226369,2.391385124383759,20,20,9.064859628677368
648,,0.17977271869984565,0.006658248840735024,-0.017240798380225898,1.0,1.0,1.0,1.0,1.0,0.043689320388349516,0.9466019417475728,0.009708737864077669,0.5055520239217138,0.037037037037037035,0.037037037037037035,5.666666666666667,0.9823690898231561,0.07460986934334893,0.0,-0.11829348081085655,0.0,0.0,0.14563106796116504,0.4563106796116505,0.39805825242718446,0.4223300970873786,0.4223300970873786,nan,nan,0.052679264325457026,0.2868200242654369,0.010638297872340425,0.9634146341463414,0.0,0.2231725015160705,0.14856263217272156,2.123301661332126,20,20,8.846144199371338
649,,0.1750591594350093,0.0053048230131821,0.01728879623115063,0.95,0.95,0.95,0.9906103286384976,1.0,0.6886792452830188,0.2641509433962264,0.04716981132075472,0.49391273432006666,0.3090909090909091,0.3090909090909091,0.6363636363636364,0.9182120764886362,0.26858697208308635,40.0,-0.0704991940143251,0.4,0.042643666052380486,0.13679245283018868,0.32075471698113206,0.5424528301886793,0.25943396226415094,0.25943396226415094,nan,nan,0.10145968380282269,0.343819286688198,0.014705882352941176,0.16521739130434782,0.06956521739130435,0.22408302923782686,-0.0445039428452595,1.9834293879881257,20,20,16.55155086517334
650,,0.18918278321130136,0.015765231934275113,0.0015769469551742076,1.0,1.0,1.0,1.0,1.0,0.7744360902255639,0.17293233082706766,0.05263157894736842,0.5090130753659954,0.1,0.1,0.8333333333333334,0.9971231286276421,0.045806816556181795,14.285714285714285,-0.04521222035995152,0.14285714285714285,0.0007504427273903255,0.23308270676691728,0.2932330827067669,0.47368421052631576,0.23308270676691728,0.23308270676691728,nan,nan,0.04482454043287244,0.12803885663417736,0.02564102564102564,0.07936507936507936,0.047619047619047616,0.21833373909805068,0.17252692254186888,1.7873067261408488,20,20,3.8119027614593506
651,,0.18931749101141973,0.01577645758428498,-0.022770692035555838,1.0,1.0,1.0,1.0,0.0,0.2692307692307692,0.7307692307692307,0.0,0.482983562129084,0.025,0.025,1.6666666666666667,0.9986869475610619,0.02653815490156744,0.0,0.0,0.0,0.0,0.17692307692307693,0.5538461538461539,0.2692307692307692,0.43846153846153846,0.43846153846153846,nan,nan,0.033209197215215036,0.21520875608602455,0.0,0.7714285714285715,0.0,0.20150081098585768,0.17496265608429024,2.617278721778998,20,20,2.917294979095459
652,,0.13659074779197422,0.0030353499509327606,0.11562943160533905,0.75,0.75,0.75,0.9360902255639098,0.9411764705882353,0.5511811023622047,0.38188976377952755,0.06692913385826772,0.5043492083323913,0.47888888888888886,0.47888888888888886,1.1333333333333333,0.6844185288906096,0.27368635054030355,35.294117647058826,-0.09315528215888585,0.35294117647058826,0.15445973853577366,0.10236220472440945,0.6496062992125984,0.24803149606299213,0.2677165354330709,0.2677165354330709,nan,nan,0.1909349735899057,0.6556700011657318,0.048484848484848485,0.38095238095238093,0.047619047619047616,0.23571912700639586,-0.03796722353390766,1.7707567218241747,20,20,27.831825017929077
653,,0.16401472321440105,0.003727607345781842,0.03646761377652486,0.95,0.95,0.95,0.995850622406639,1.0,0.07916666666666666,0.9,0.020833333333333332,0.47738366429932116,0.07272727272727272,0.07272727272727272,7.0,0.8887183216052886,0.28359505942009067,20.0,-0.09980077427063891,0.2,0.06122788685354097,0.12083333333333333,0.3458333333333333,0.5333333333333333,0.2916666666666667,0.2916666666666667,nan,nan,0.14157313739904046,0.4085811832718742,0.012048192771084338,0.9609375,0.0,0.22579487854349478,-0.057800180876595886,1.7959922012245633,20,20,15.91257381439209
654,,0.18503779963058878,0.008410809074117672,-0.039962011575698855,1.0,1.0,1.0,1.0,1.0,0.07177033492822966,0.9043062200956937,0.023923444976076555,0.5020646879288259,0.07045454545454545,0.07045454545454545,6.409090909090909,0.9883466994419101,0.06325502399704466,60.0,0.004828059315644273,0.6,0.08234059658735934,0.1291866028708134,0.33014354066985646,0.5406698564593302,0.31100478468899523,0.31100478468899523,nan,nan,0.05512683217001521,0.15891482622886297,0.0,0.9380530973451328,0.02654867256637168,0.22036378230854367,0.157108758311499,2.839194540808109,20,20,7.827491283416748
655,,0.1720875631696496,0.007482067963897809,-0.007195776700973511,1.0,1.0,1.0,1.0,1.0,0.0845771144278607,0.900497512437811,0.014925373134328358,0.48836079075348526,0.0782608695652174,0.0782608695652174,6.869565217391305,0.9767127819704771,0.09975089098492533,0.0,-0.1360537124904714,0.0,0.0,0.13432835820895522,0.5621890547263682,0.3034825870646766,0.5223880597014925,0.5223880597014925,nan,nan,0.045577588564053806,0.2501303326137637,0.0,0.9508196721311475,0.0,0.21502718569972895,0.11527629471480362,2.4050317096370635,20,20,7.563980579376221
656,,0.18989461305193497,0.01582455108766125,-0.03115076422691345,1.0,1.0,1.0,1.0,0.0,0.256198347107438,0.743801652892562,0.0,0.475282813833716,0.0125,0.0125,2.5,0.9982482228060007,0.03532443041697467,0.0,0.0,0.0,0.0,0.17355371900826447,0.48760330578512395,0.33884297520661155,0.3884297520661157,0.3884297520661157,nan,nan,0.044948142114985774,0.22876476688619238,0.0,0.8292682926829268,0.0,0.20381180815667163,0.16848737773969696,2.7959853911510097,20,20,2.9030513763427734
657,,0.18829278886047313,0.018829278886047313,-0.023852121829986573,1.0,1.0,1.0,1.0,1.0,0.23943661971830985,0.7394366197183099,0.02112676056338028,0.47773758151568474,0.01,0.01,0.8,0.9994526977001414,0.02048731157477804,0.0,-0.03615110964684195,0.0,0.0,0.19718309859154928,0.44366197183098594,0.3591549295774648,0.38028169014084506,0.38028169014084506,nan,nan,0.023590694292774127,0.1463357671486765,0.0,0.8627450980392157,0.0,0.20064396141249743,0.1801566498377194,2.819863030213366,20,20,2.909050703048706
658,,0.18735480063101773,0.017032254602819794,-0.033562127500772476,1.0,1.0,1.0,1.0,1.0,0.03759398496240601,0.9323308270676691,0.03007518796992481,0.43646597787737845,0.004545454545454545,0.004545454545454545,1.9090909090909092,0.9989340181179869,0.026655072353226505,0.0,-0.05969105684399797,0.0,0.0,0.19548872180451127,0.2857142857142857,0.518796992481203,0.2706766917293233,0.2706766917293233,nan,nan,0.03414597406356026,0.17151526854086913,0.0,0.9565217391304348,0.0,0.20033081970612407,0.17367574735289756,2.6487675461998643,20,20,3.1419026851654053
659,,0.19309822599686144,0.016091518833071788,-0.04025270454585552,1.0,1.0,1.0,1.0,1.0,0.6412213740458015,0.33587786259541985,0.022900763358778626,0.48957673157177245,0.05,0.05,1.1666666666666667,0.9974627742507507,0.04882067929862641,0.0,-0.030038709547968934,0.0,0.0,0.20610687022900764,0.22900763358778625,0.5648854961832062,0.20610687022900764,0.20610687022900764,nan,nan,0.05341940802231204,0.2089559990753623,0.0,0.28378378378378377,0.0,0.2224501382377693,0.1736294589391429,1.9559868432874823,20,20,4.2305848598480225
660,,0.1901921601691454,0.019019216016914538,-0.004645521333441138,1.0,1.0,1.0,1.0,0.0,0.18253968253968253,0.8174603174603174,0.0,0.4575644564052345,0.02,0.02,2.6,0.9985846054730291,0.029985122883817772,0.0,0.0,0.0,0.0,0.2222222222222222,0.48412698412698413,0.29365079365079366,0.4603174603174603,0.4603174603174603,nan,nan,0.03316663875574259,0.20943324761697193,0.0,0.8918918918918919,0.0,0.20807625622734213,0.17809113334352436,3.178014165439708,20,20,2.6939260959625244
661,,0.19120244384714352,0.01593353698726196,-0.012013722397387027,1.0,1.0,1.0,1.0,1.0,0.3384615384615385,0.6461538461538462,0.015384615384615385,0.49977478190946084,0.029166666666666667,0.029166666666666667,1.6666666666666667,0.9992596956056139,0.01985628677358478,50.0,0.00837967782301094,0.5,0.017226502930996514,0.17692307692307693,0.36923076923076925,0.45384615384615384,0.23846153846153847,0.23846153846153847,nan,nan,0.048809980179168,0.28248241384624617,0.020833333333333332,0.6610169491525424,0.01694915254237288,0.20052369435686015,0.18066740758327537,2.483443672859301,20,20,2.844857692718506
662,,0.17033922501781049,0.004258480625445262,-0.009790903081496556,1.0,1.0,1.0,1.0,1.0,0.11956521739130435,0.8623188405797102,0.018115942028985508,0.5007683657231974,0.095,0.095,5.975,0.9778287209281722,0.07844563804888821,20.0,-0.048970499941802546,0.2,0.024147628168925295,0.10144927536231885,0.5905797101449275,0.3079710144927536,0.5036231884057971,0.5036231884057971,nan,nan,0.06636180986725855,0.3071640596693897,0.012269938650306749,0.9176470588235294,0.011764705882352941,0.21496411940062288,0.13651848135173467,2.6358916377537636,20,20,16.08917999267578
663,,0.17548500313012808,0.005161323621474355,0.0303091611713171,0.9,0.9,0.9,0.9901477832512315,1.0,0.746268656716418,0.208955223880597,0.04477611940298507,0.5035809020643629,0.36617647058823527,0.36617647058823527,0.7647058823529411,0.9340625927953966,0.21483159587372608,22.22222222222222,-0.09860679815815564,0.2222222222222222,0.017442608386407002,0.09950248756218906,0.8159203980099502,0.0845771144278607,0.15422885572139303,0.15422885572139303,nan,nan,0.15209269020165267,0.38911897829693065,0.024390243902439025,0.35294117647058826,0.058823529411764705,0.23103541440635467,0.016203818532628575,1.5169358087026916,20,20,16.559842109680176
664,,0.18843384442529582,0.006281128147509861,-0.019806992262601852,1.0,1.0,1.0,1.0,1.0,0.7121951219512195,0.25365853658536586,0.03414634146341464,0.48349229398229604,0.3466666666666667,0.3466666666666667,0.9,0.9870431543730052,0.09856616490607834,0.0,-0.14254423321373313,0.0,0.0,0.13170731707317074,0.5121951219512195,0.35609756097560974,0.18536585365853658,0.18536585365853658,nan,nan,0.12014352982829929,0.39615890409453614,0.01904761904761905,0.2191780821917808,0.0410958904109589,0.26946849220171526,0.17090232729563692,1.8590430892767908,20,20,13.406199216842651
665,,0.18565327112319432,0.005801664722599823,-0.022602376714348792,1.0,1.0,1.0,1.0,1.0,0.6381909547738693,0.3015075376884422,0.06030150753768844,0.500997282218043,0.2859375,0.2859375,0.78125,0.996026488987625,0.05010743958465669,16.666666666666664,-0.10767353032818423,0.16666666666666666,0.038352436491546155,0.16080402010050251,0.38190954773869346,0.457286432160804,0.21608040201005024,0.21608040201005024,nan,nan,0.08915285999756961,0.27701271364960167,0.0,0.31868131868131866,0.054945054945054944,0.21015289148815028,0.1600454519034936,1.9933788594263997,20,20,8.40587306022644
666,,0.18764969164080444,0.017059062876436767,-0.0234494861215353,1.0,1.0,1.0,1.0,1.0,0.5267175572519084,0.3893129770992366,0.08396946564885496,0.5131730948151513,0.06363636363636363,0.06363636363636363,0.7272727272727273,0.9989443371535316,0.02258622081156561,27.27272727272727,-0.05622904183406911,0.2727272727272727,0.007301076858727174,0.1984732824427481,0.3969465648854962,0.40458015267175573,0.183206106870229,0.183206106870229,nan,nan,0.030318377016044253,0.1321631617125924,0.0,0.49056603773584906,0.05660377358490566,0.19848156806041334,0.17589534724884773,2.0216344718978183,20,20,3.0568432807922363
667,,0.19035889427743788,0.01001888917249673,-0.03372422941029072,1.0,1.0,1.0,1.0,1.0,0.6796875,0.203125,0.1171875,0.491573031560007,0.10263157894736842,0.10263157894736842,0.5263157894736842,0.9712213921955031,0.13795681108307284,13.333333333333334,-0.21794365749507078,0.13333333333333333,0.009953556722113382,0.2109375,0.3515625,0.4375,0.125,0.125,nan,nan,0.08988583156481575,0.25224245647031246,0.0,0.25,0.03571428571428571,0.28096363766416654,0.1430068265810937,1.8005142120902868,20,20,6.380760431289673
668,,0.1764932929720967,0.005883109765736557,0.009168920665979385,0.95,0.95,0.95,0.9897959183673469,1.0,0.42424242424242425,0.48484848484848486,0.09090909090909091,0.5043959818958925,0.35333333333333333,0.35333333333333333,2.2333333333333334,0.9427467931888719,0.21744309396691996,11.11111111111111,-0.1821269163249874,0.1111111111111111,0.0358893360868104,0.12626262626262627,0.4292929292929293,0.4444444444444444,0.24242424242424243,0.24242424242424243,nan,nan,0.11441016027896717,0.4509677383731729,0.08235294117647059,0.5227272727272727,0.011363636363636364,0.22584822535455193,0.008405131387631964,1.7843420030624202,20,20,10.925709247589111
669,,0.1103840574569748,0.002299667863686975,0.10625344465176265,0.65,0.65,0.65,0.7913385826771654,0.9,0.4423076923076923,0.46153846153846156,0.09615384615384616,0.5170587995836589,0.30416666666666664,0.30416666666666664,1.2291666666666667,0.4690822883575246,0.32347806142680335,25.0,-0.10949647666967696,0.25,0.03940665999874787,0.09615384615384616,0.8942307692307693,0.009615384615384616,0.4230769230769231,0.4230769230769231,nan,nan,0.19227004558584906,0.6819992583908829,0.06989247311827956,0.5,0.0,0.2604894542909222,-0.0629886071358812,1.7024805189268326,20,20,37.13045954704285
670,,0.18301219148324924,0.006100406382774975,-0.01876692268997431,1.0,1.0,1.0,1.0,1.0,0.46534653465346537,0.45544554455445546,0.07920792079207921,0.5219134382736714,0.3383333333333333,0.3383333333333333,1.4,0.9690070223701824,0.15198265324782745,18.75,-0.12321690893926494,0.1875,0.1146005497759911,0.11386138613861387,0.8118811881188119,0.07425742574257425,0.36633663366336633,0.36633663366336633,nan,nan,0.12200320205549234,0.4702294918160211,0.06097560975609756,0.4666666666666667,0.0,0.22353606263722786,0.07155340938940041,1.940089338438023,20,20,10.44823956489563
671,,0.17469722600031756,0.006470267629641391,0.03378336578607559,0.95,0.95,0.95,0.99,1.0,0.417910447761194,0.5422885572139303,0.03980099502487562,0.5274760553984109,0.31296296296296294,0.31296296296296294,2.5555555555555554,0.9545258457939508,0.17858142882150313,12.5,-0.0974476355932083,0.125,0.016631607069036117,0.11940298507462686,0.6915422885572139,0.1890547263681592,0.3880597014925373,0.3880597014925373,nan,nan,0.08372903153850139,0.32870261101447973,0.007194244604316547,0.631578947368421,0.02631578947368421,0.21489028792570136,0.036308859104198246,2.069978364655974,20,20,8.02756953239441
672,,0.17788593570572758,0.005082455305877931,-0.012580659613013268,1.0,1.0,1.0,1.0,1.0,0.09057971014492754,0.8586956521739131,0.050724637681159424,0.4829031735186332,0.14857142857142858,0.14857142857142858,6.514285714285714,0.9815375239861979,0.08440213773856045,14.285714285714285,-0.15009669703889963,0.14285714285714285,0.016898661980724553,0.11594202898550725,0.532608695652174,0.35144927536231885,0.4855072463768116,0.4855072463768116,nan,nan,0.04136184172015555,0.2108712090098816,0.006802721088435374,0.9072164948453608,0.020618556701030927,0.22762180328049625,0.1432196655419358,2.101650415771884,20,20,15.357267141342163
673,,0.18618705893448506,0.0064202434115339675,0.056948157399892806,0.95,0.95,0.95,0.9563106796116505,1.0,0.2828282828282828,0.6868686868686869,0.030303030303030304,0.47848458579713316,0.2,0.2,3.4827586206896552,0.8156064754067721,0.5442632177007267,16.666666666666664,-0.07129782641939746,0.16666666666666666,0.036327766759597646,0.10101010101010101,0.6666666666666666,0.23232323232323232,0.4797979797979798,0.4797979797979798,nan,nan,0.12114197122121001,0.5033506367506368,0.015151515151515152,0.7608695652173914,0.043478260869565216,0.4762523775037779,-0.06801084019694881,1.8754219021573,20,20,14.073392868041992
674,,0.16832890399502756,0.005610963466500919,0.009713257104158402,0.95,0.95,0.95,0.9578947368421052,1.0,0.0972972972972973,0.8540540540540541,0.04864864864864865,0.5150935206003487,0.07833333333333334,0.07833333333333334,4.366666666666666,0.9246890625691817,0.2474024336973407,33.33333333333333,-0.039572302047845356,0.3333333333333333,0.05464870082720672,0.13513513513513514,0.43783783783783786,0.42702702702702705,0.3945945945945946,0.3945945945945946,nan,nan,0.08779861566954428,0.34390370246065544,0.037037037037037035,0.8607594936708861,0.02531645569620253,0.22073754970091855,-0.02666488399642214,2.5603340238830756,20,20,9.64406704902649
675,,0.16169946071475408,0.004619984591850116,0.021705455519258975,0.95,0.95,0.95,0.9619047619047619,1.0,0.19704433497536947,0.7241379310344828,0.07881773399014778,0.5022440021247686,0.12,0.12,2.4571428571428573,0.8864811596678059,0.2847978702898864,31.25,-0.052399553015178686,0.3125,0.06691591969356625,0.2019704433497537,0.19704433497536947,0.6009852216748769,0.2512315270935961,0.2512315270935961,nan,nan,0.0641768966478943,0.27817169362942706,0.05,0.7131147540983607,0.08196721311475409,0.2035131236202894,-0.08128474666959701,2.169614596334802,20,20,8.168924570083618
676,,0.1708736528309122,0.006328653808552303,0.03654619380831718,0.95,0.95,0.95,1.0,1.0,0.08585858585858586,0.7777777777777778,0.13636363636363635,0.48648267776222415,0.17777777777777778,0.17777777777777778,4.037037037037037,0.9103162649288853,0.2746452354347073,29.629629629629626,-0.03773169177734177,0.2962962962962963,0.051165682709926455,0.1414141414141414,0.6717171717171717,0.18686868686868688,0.5757575757575758,0.5757575757575758,nan,nan,0.03997203570943722,0.2099517894333101,0.09774436090225563,0.7567567567567568,0.08108108108108109,0.2254099971687682,-0.04923523826593913,1.7738353533857725,20,20,9.19452166557312
677,,0.16501964294332103,0.00687581845597171,0.043739010393619535,0.9,0.9,0.9,0.927007299270073,1.0,0.2,0.6923076923076923,0.1076923076923077,0.5129119867283104,0.016666666666666666,0.016666666666666666,0.3333333333333333,0.7746855262886366,0.3759816591167004,14.285714285714285,-0.18334235027456638,0.14285714285714285,0.019085567181672414,0.2230769230769231,0.34615384615384615,0.4307692307692308,0.2846153846153846,0.2846153846153846,nan,nan,0.039852987452633944,0.11583608454306088,0.0,0.7857142857142857,0.05357142857142857,0.2800971607555715,-0.0958844983611289,1.9317173005547523,20,20,4.189374685287476
678,,0.09577704728345413,0.0028169719789251212,0.11750447303056717,0.65,0.65,0.65,0.7839195979899497,0.9259259259259259,0.18012422360248448,0.6521739130434783,0.16770186335403728,0.49162144776577515,0.18382352941176472,0.18382352941176472,1.6470588235294117,0.39172684109242867,0.3265749216404248,44.44444444444444,-0.09915979784514471,0.4444444444444444,0.07786044438887307,0.11801242236024845,0.7639751552795031,0.11801242236024845,0.5714285714285714,0.5714285714285714,nan,nan,0.07553996280989951,0.27203686560268514,0.13008130081300814,0.6842105263157895,0.2631578947368421,0.22310132283834183,-0.10347359880208293,1.9215262823599868,20,20,10.804423570632935
679,,0.17066023355703203,0.005505168824420388,0.04044841211289167,0.95,0.95,0.95,0.949748743718593,1.0,0.203125,0.6666666666666666,0.13020833333333334,0.4790463175359858,0.20161290322580644,0.20161290322580644,2.6451612903225805,0.9082204765756905,0.28211930025582826,56.00000000000001,0.013930336383021906,0.56,0.07397324764189737,0.13020833333333334,0.65625,0.21354166666666666,0.4739583333333333,0.4739583333333333,nan,nan,0.06839292211106368,0.3183244382740227,0.12698412698412698,0.7560975609756098,0.12195121951219512,0.22960300807375617,-0.052516292182072113,2.166848484970403,20,20,9.09740662574768
680,,0.19329142024699714,0.008785973647590779,0.0873106524348259,0.95,0.95,0.95,0.9758064516129032,1.0,0.4878048780487805,0.36585365853658536,0.14634146341463414,0.5152805595939175,0.06363636363636363,0.06363636363636363,0.5909090909090909,0.759600624646763,0.6791523735864248,38.88888888888889,-0.018794108028331657,0.3888888888888889,0.011716110544240139,0.21138211382113822,0.4959349593495935,0.2926829268292683,0.1951219512195122,0.1951219512195122,nan,nan,0.1261892058932565,0.398038209508304,0.11475409836065574,0.5,0.16666666666666666,0.5783929120830562,-0.10075946150336852,1.8817291176752373,20,20,5.142041444778442
681,,0.18992182405756516,0.01726562036886956,0.0005177676677703858,1.0,1.0,1.0,1.0,1.0,0.3140495867768595,0.5867768595041323,0.09917355371900827,0.5254240902352401,0.05909090909090909,0.05909090909090909,1.2727272727272727,0.9985242617870747,0.03427906638757372,25.0,-0.011482534771441899,0.25,0.04441240540271363,0.2231404958677686,0.19008264462809918,0.5867768595041323,0.17355371900826447,0.17355371900826447,nan,nan,0.05030549131797723,0.21789622912979414,0.08695652173913043,0.5774647887323944,0.08450704225352113,0.20032966000863817,0.16605059362106445,2.0215877357700536,20,20,2.699843645095825
682,,0.18888488930590808,0.007870203721079503,0.03817698284983635,0.95,0.95,0.95,0.9694656488549618,1.0,0.3046875,0.625,0.0703125,0.5136657906570083,0.01875,0.01875,0.4583333333333333,0.8097260615262443,0.5782554389428332,55.55555555555556,-0.0001460272019245538,0.5555555555555556,0.01886666421214212,0.171875,0.40625,0.421875,0.3125,0.3125,nan,nan,0.08613504298396109,0.3099884912276267,0.038461538461538464,0.6481481481481481,0.09259259259259259,0.48007929657370507,-0.09817614236912808,2.135145371078562,20,20,4.219873428344727
683,,0.08395374470889924,0.0017133417287530457,0.14546846449375153,0.55,0.55,0.55,0.7470817120622568,0.9523809523809523,0.23737373737373738,0.6565656565656566,0.10606060606060606,0.5027738930618899,0.1673469387755102,0.1673469387755102,2.877551020408163,0.29668719850193254,0.39979399585139297,23.809523809523807,-0.29248523381340313,0.23809523809523808,0.07195948340956433,0.09090909090909091,0.6919191919191919,0.21717171717171718,0.4898989898989899,0.4898989898989899,nan,nan,0.19560779863437963,1.176547209247086,0.08029197080291971,0.7674418604651163,0.13953488372093023,0.32610000866478533,-0.07369398718660762,1.6540646687533096,20,20,41.39461159706116
684,,0.16472831575887578,0.005680286750306062,0.0463384997099638,0.9,0.9,0.9,0.935,1.0,0.32275132275132273,0.6507936507936508,0.026455026455026454,0.5136067336403106,0.13793103448275862,0.13793103448275862,3.689655172413793,0.8496465941058048,0.297439982764089,20.0,-0.09686569759949051,0.2,0.05225741262807643,0.06349206349206349,0.5238095238095238,0.4126984126984127,0.3862433862433862,0.3862433862433862,nan,nan,0.12917478179366532,0.6186802977744154,0.030303030303030304,0.6153846153846154,0.02564102564102564,0.22343663348359644,-0.07400334928049254,1.8524666194672157,20,20,15.834840297698975
685,,0.18348217595193234,0.007057006767382013,0.014255698956549167,1.0,1.0,1.0,1.0,0.0,0.034653465346534656,0.9653465346534653,0.0,0.49267086957339556,0.03076923076923077,0.03076923076923077,5.769230769230769,0.9795114521779654,0.11403723437424429,0.0,0.0,0.0,0.0,0.12871287128712872,0.4306930693069307,0.4405940594059406,0.400990099009901,0.400990099009901,nan,nan,0.08978715933180033,0.44883589674078683,0.0,0.9887640449438202,0.0,0.24105384011622877,0.12701660574198448,2.788669993916117,20,20,8.838642835617065
686,,0.1910345109171744,0.0159195425764312,0.019182111695408822,1.0,1.0,1.0,1.0,1.0,0.2923076923076923,0.7,0.007692307692307693,0.5083419173053698,0.05416666666666667,0.05416666666666667,2.8333333333333335,0.9987572617133945,0.029045882897796832,0.0,-0.022027890670465736,0.0,0.0,0.18461538461538463,0.5,0.3153846153846154,0.2923076923076923,0.2923076923076923,nan,nan,0.0571596634832097,0.2824074190614207,0.0,0.8780487804878049,0.0,0.21066447256794116,0.18161858967014433,2.9163826955025134,20,20,2.900949239730835
687,,0.1926889626516627,0.019268896265166268,-0.009848940931260586,1.0,1.0,1.0,1.0,1.0,0.3064516129032258,0.6774193548387096,0.016129032258064516,0.4856024331552908,0.045,0.045,1.9,0.9987178080981547,0.02871823439889823,0.0,-0.02595609217126172,0.0,0.0,0.1935483870967742,0.5403225806451613,0.2661290322580645,0.3467741935483871,0.3467741935483871,nan,nan,0.03833415332898588,0.2259437466749149,0.014925373134328358,0.8484848484848485,0.0,0.21134334543997257,0.18262511104107435,2.049565504730317,20,20,3.2134928703308105
688,,0.18830261080311092,0.017118419163919176,-0.0090527119114995,1.0,1.0,1.0,1.0,0.0,0.008130081300813009,0.991869918699187,0.0,0.48577911433001814,0.0,0.0,3.3636363636363638,0.9987484932932267,0.02283495742575592,0.0,0.0,0.0,0.0,0.17886178861788618,0.14634146341463414,0.6747967479674797,0.15447154471544716,0.15447154471544716,nan,nan,0.0445701993844374,0.18776681207176815,0.0,1.0,0.0,0.1979404992350134,0.17510554180925747,2.77588866019455,20,20,2.8416130542755127
689,,0.17808181993907776,0.006849300766887606,-0.012318866141140462,1.0,1.0,1.0,1.0,0.0,0.0594059405940594,0.9405940594059405,0.0,0.48650541056055,0.04807692307692308,0.04807692307692308,5.846153846153846,0.9830464071106275,0.08594070789784716,0.0,0.0,0.0,0.0,0.13366336633663367,0.4900990099009901,0.37623762376237624,0.47029702970297027,0.47029702970297027,nan,nan,0.06372296135740825,0.309839033395326,0.0,0.9473684210526315,0.0,0.21820613215725482,0.13226542425940765,2.1351388857982196,20,20,7.886341571807861
690,,0.16976187998928347,0.005658729332976116,0.04467088393867016,0.9,0.9,0.9,0.9528301886792453,1.0,0.49019607843137253,0.4950980392156863,0.014705882352941176,0.5192253961695436,0.2816666666666667,0.2816666666666667,1.6,0.8766781906133562,0.27903044245833264,0.0,-0.09843277740703771,0.0,0.0,0.1323529411764706,0.6568627450980392,0.2107843137254902,0.3627450980392157,0.3627450980392157,nan,nan,0.12150929169379533,0.445494246194705,0.014925373134328358,0.3023255813953488,0.0,0.24252232602579632,-0.03650811643253635,2.091533069786485,20,20,13.748464822769165
691,,0.16538633197086192,0.003375231264711468,-0.006156689673662186,0.95,0.95,0.95,0.9735849056603774,1.0,0.18146718146718147,0.8146718146718147,0.003861003861003861,0.4876814905346172,0.12653061224489795,0.12653061224489795,4.448979591836735,0.895663274697604,0.28850490569925913,0.0,-0.07937956374727162,0.0,0.0,0.13127413127413126,0.4671814671814672,0.4015444015444015,0.38223938223938225,0.38223938223938225,nan,nan,0.0825516368884103,0.3824232857624388,0.0,0.8365384615384616,0.0,0.24399806495696813,-0.044506840742291,2.135668599318679,20,20,14.396274328231812
692,,0.1856994555802312,0.005461748693536212,0.000939982756972313,1.0,1.0,1.0,1.0,1.0,0.32677165354330706,0.6653543307086615,0.007874015748031496,0.495835217074765,0.2235294117647059,0.2235294117647059,5.794117647058823,0.9830313321036569,0.10236434720067378,50.0,-0.045122527832993864,0.5,0.07006466287019164,0.09055118110236221,0.421259842519685,0.4881889763779528,0.2559055118110236,0.2559055118110236,nan,nan,0.08415439257164047,0.29215403425941794,0.018691588785046728,0.8145161290322581,0.0,0.24519154187681658,0.1428271946761428,2.732303384083607,20,20,13.347957611083984
693,,0.18801775634174034,0.005875554885679386,-0.01858290983363986,1.0,1.0,1.0,1.0,1.0,0.19306930693069307,0.801980198019802,0.0049504950495049506,0.49973875086798214,0.0640625,0.0640625,4.34375,0.9825051475951644,0.07939489041514569,0.0,-0.13193456367372794,0.0,0.0,0.1188118811881188,0.3910891089108911,0.4900990099009901,0.26732673267326734,0.26732673267326734,nan,nan,0.085080771262645,0.2571245418493626,0.012658227848101266,0.9292929292929293,0.0,0.23609730386236433,0.15670241344721864,1.8981023015411411,20,20,8.77942681312561
694,,0.1701739429443767,0.0051567861498295975,0.02428506165742874,0.95,0.95,0.95,0.9851485148514851,1.0,0.23,0.765,0.005,0.49363165152626054,0.07424242424242425,0.07424242424242425,3.8484848484848486,0.89559345556028,0.29578651186347527,0.0,-0.05406655226892834,0.0,0.0,0.165,0.26,0.575,0.255,0.255,nan,nan,0.07392878309644058,0.258729076060063,0.0,0.8,0.008695652173913044,0.22741224785391714,-0.06837426400955815,2.0983265687675017,20,20,9.727068662643433
695,,0.1876642332996002,0.006471180458606903,-0.018305140268057584,1.0,1.0,1.0,1.0,1.0,0.21649484536082475,0.7783505154639175,0.005154639175257732,0.4754270819886909,0.14655172413793102,0.14655172413793102,3.5517241379310347,0.9840897846132872,0.10373266525184677,0.0,-0.04875517798806411,0.0,0.0,0.13402061855670103,0.44329896907216493,0.422680412371134,0.28350515463917525,0.28350515463917525,nan,nan,0.07781820146245784,0.37249525068368433,0.011627906976744186,0.9024390243902439,0.0,0.2256819968213838,0.12194933156953702,2.4799918605698728,20,20,7.94542121887207
696,,0.1789802189892561,0.006392150678187718,0.030818180553615092,0.95,0.95,0.95,0.995049504950495,0.0,0.20297029702970298,0.7970297029702971,0.0,0.48051477020302885,0.12142857142857143,0.12142857142857143,4.428571428571429,0.9368574299116874,0.22430286798766613,0.0,0.0,0.0,0.0,0.09405940594059406,0.3564356435643564,0.5495049504950495,0.28217821782178215,0.28217821782178215,nan,nan,0.09694593250047909,0.3688901935331912,0.0,0.8198198198198198,0.0,0.22144660685088227,-0.002856261136783847,2.1141473615839335,20,20,8.848321199417114
697,,0.18329714989320142,0.007637381245550059,0.015376123785972595,1.0,1.0,1.0,1.0,0.0,0.20304568527918782,0.7969543147208121,0.0,0.4700562627384594,0.058333333333333334,0.058333333333333334,5.541666666666667,0.9898312538101113,0.07411967016257714,0.0,0.0,0.0,0.0,0.15228426395939088,0.37055837563451777,0.47715736040609136,0.39593908629441626,0.39593908629441626,nan,nan,0.048271187140287,0.18584091008013326,0.0,0.7340425531914894,0.0,0.22522709305878952,0.15110742289621237,2.5047157294865885,20,20,7.544605731964111
698,,0.17501776868697383,0.004861604685749273,-0.004293498210608959,1.0,1.0,1.0,1.0,1.0,0.11428571428571428,0.8816326530612245,0.004081632653061225,0.4597165663978861,0.07222222222222222,0.07222222222222222,6.777777777777778,0.9815226534833938,0.07832799881923747,0.0,-0.151753274852725,0.0,0.0,0.15510204081632653,0.24081632653061225,0.6040816326530613,0.22857142857142856,0.22857142857142856,nan,nan,0.08173024175880225,0.33926072543549524,0.0,0.8986486486486487,0.0,0.21952252753089158,0.1411945287116541,2.4673339382346597,20,20,11.364585399627686
699,,0.17691887156207736,0.00737161964841989,-0.012657357566058635,1.0,1.0,1.0,1.0,0.0,0.11165048543689321,0.8883495145631068,0.0,0.4773387868888676,0.06458333333333334,0.06458333333333334,6.25,0.9859684286256483,0.0694850543792902,0.0,0.0,0.0,0.0,0.10194174757281553,0.5339805825242718,0.3640776699029126,0.47572815533980584,0.47572815533980584,nan,nan,0.04515231321307222,0.23315980531059133,0.0,0.9333333333333333,0.0,0.20638490602645862,0.13689985164716842,2.2120442049436204,20,20,7.969208717346191
700,,0.1989742697285409,0.007958970789141637,-0.0007194668054580688,1.0,1.0,1.0,1.0,1.0,0.7024390243902439,0.2780487804878049,0.01951219512195122,0.5155286539960653,0.402,0.402,1.28,0.9923072999467512,0.07291524570046387,0.0,-0.14811777430620493,0.0,0.0,0.09268292682926829,0.4,0.5073170731707317,0.18048780487804877,0.18048780487804877,nan,nan,0.11119785858077294,0.37863702677733047,0.024390243902439025,0.2403846153846154,0.019230769230769232,0.24368253633471076,0.1707672906342469,1.8116063799052207,20,20,12.684998273849487
701,,0.19268471432243206,0.017516792211130186,-0.010769162187352776,1.0,1.0,1.0,1.0,0.0,0.5648854961832062,0.4351145038167939,0.0,0.4978079534567025,0.045454545454545456,0.045454545454545456,0.9090909090909091,0.9986850362406027,0.0326830812991907,0.0,0.0,0.0,0.0,0.183206106870229,0.40458015267175573,0.4122137404580153,0.21374045801526717,0.21374045801526717,nan,nan,0.04627739677436072,0.2218022476832903,0.0,0.46296296296296297,0.0,0.21545220616268218,0.18276912486349148,2.467630133583948,20,20,2.6752521991729736
702,,0.1606109197566651,0.003735137668759654,0.11065858254830042,0.8,0.8,0.8,0.9879032258064516,1.0,0.7016129032258065,0.24596774193548387,0.05241935483870968,0.4880702157845981,0.5848837209302326,0.5848837209302326,0.4883720930232558,0.8408466236372639,0.21791618643838306,7.6923076923076925,-0.20884985909853795,0.07692307692307693,0.03506558616191158,0.07661290322580645,0.9032258064516129,0.020161290322580645,0.24193548387096775,0.24193548387096775,nan,nan,0.1814037036494784,0.5101832998617639,0.03125,0.4,0.2,0.22561060947795347,0.007694423039570394,1.6505716480741546,20,20,27.5219943523407
703,,0.18243479700240192,0.00760144987510008,-0.00128407534211874,1.0,1.0,1.0,1.0,0.0,0.1875,0.8125,0.0,0.46644513229305934,0.08333333333333333,0.08333333333333333,5.5,0.9928632081710745,0.059230563409692155,0.0,0.0,0.0,0.0,0.15384615384615385,0.20673076923076922,0.6394230769230769,0.21153846153846154,0.21153846153846154,nan,nan,0.06160437539584734,0.2032669532668606,0.0,0.849624060150376,0.0,0.2093379367878414,0.15010737337814925,2.7305391662838217,20,20,7.6463942527771
704,,0.1488666047228676,0.002918953033781718,0.04528945808609327,0.8,0.8,0.8,0.9588014981273408,1.0,0.4521072796934866,0.5095785440613027,0.038314176245210725,0.47873620348772794,0.346078431372549,0.346078431372549,1.9411764705882353,0.8411541792379822,0.24892098999132528,10.0,-0.1466264252770159,0.1,0.0487701620636708,0.12643678160919541,0.6091954022988506,0.26436781609195403,0.40229885057471265,0.40229885057471265,nan,nan,0.13718447639065742,0.552373231483267,0.012578616352201259,0.5362318840579711,0.028985507246376812,0.23751397592981782,-0.011407014061507473,1.910490301545191,20,20,16.542619943618774
705,,0.17776178209018662,0.005386720669399594,-0.010954309161752463,1.0,1.0,1.0,1.0,1.0,0.07894736842105263,0.8721804511278195,0.04887218045112782,0.45133236812949745,0.08484848484848485,0.08484848484848485,7.363636363636363,0.9842244594414081,0.07815847410410792,0.0,-0.1458005849000536,0.0,0.0,0.15413533834586465,0.19548872180451127,0.650375939849624,0.18796992481203006,0.18796992481203006,nan,nan,0.059867639432618726,0.13169272834968235,0.0,0.9248554913294798,0.0,0.2243412192235903,0.14618274511948237,2.3871655235425986,20,20,12.80465841293335
706,,0.17559938972815453,0.006753822681852097,-0.019757203850895168,1.0,1.0,1.0,1.0,1.0,0.11518324607329843,0.837696335078534,0.04712041884816754,0.4917529601890307,0.1423076923076923,0.1423076923076923,5.5,0.9894039883818866,0.06839703686395945,0.0,-0.11594345308401786,0.0,0.0,0.16230366492146597,0.31413612565445026,0.5235602094240838,0.28272251308900526,0.28272251308900526,nan,nan,0.058892610754457335,0.23025801753874664,0.0,0.9,0.0,0.22052076483154454,0.15212372796758508,2.064592537628941,20,20,7.741036891937256
707,,0.17811265971285234,0.004687175255601378,-0.019192882534116506,1.0,1.0,1.0,1.0,1.0,0.10546875,0.8671875,0.02734375,0.48224064076884565,0.1013157894736842,0.1013157894736842,7.184210526315789,0.978420216090329,0.09932296308023807,42.857142857142854,-0.1083944638452545,0.42857142857142855,0.06768397606337015,0.125,0.2421875,0.6328125,0.2265625,0.2265625,nan,nan,0.11148860674297972,0.3133087471315543,0.0,0.8827160493827161,0.018518518518518517,0.21998398377355455,0.12066102069331648,2.1616011841659755,20,20,18.538738012313843
708,,0.18041297172244194,0.007844042248801824,-0.039779021963477136,1.0,1.0,1.0,1.0,0.0,0.025906735751295335,0.9740932642487047,0.0,0.4509750855613358,0.01956521739130435,0.01956521739130435,7.130434782608695,0.9789701200730181,0.1324741365582058,0.0,0.0,0.0,0.0,0.10880829015544041,0.39378238341968913,0.49740932642487046,0.38341968911917096,0.38341968911917096,nan,nan,0.06599510411713176,0.32803366555779684,0.0,0.9895833333333334,0.0,0.26997247862006807,0.13749834206186226,2.6173516132538497,20,20,7.643875360488892
709,,0.16056212517012639,0.0038229077421458664,0.02754190092285474,0.95,0.95,0.95,0.9924812030075187,1.0,0.16226415094339622,0.8113207547169812,0.026415094339622643,0.4840303311638612,0.15119047619047618,0.15119047619047618,5.9523809523809526,0.9308594692769451,0.21103983596863246,14.285714285714285,-0.13174706251570328,0.14285714285714285,0.05824442254473122,0.12830188679245283,0.39622641509433965,0.47547169811320755,0.2792452830188679,0.2792452830188679,nan,nan,0.10517033185214289,0.37420098148904973,0.01904761904761905,0.9523809523809523,0.007936507936507936,0.21241963978237738,0.0013798038137449176,2.477731038742875,20,20,15.38998007774353
710,,0.18513978258549485,0.007120760868672879,-0.01427202788181603,1.0,1.0,1.0,1.0,1.0,0.2727272727272727,0.6985645933014354,0.028708133971291867,0.4806218229251009,0.16153846153846155,0.16153846153846155,3.8076923076923075,0.9900410443033385,0.06952625004797822,16.666666666666664,-0.06271950767203573,0.16666666666666666,0.03673975747806632,0.1291866028708134,0.22488038277511962,0.645933014354067,0.14832535885167464,0.14832535885167464,nan,nan,0.0737646157387726,0.2505046588241189,0.02127659574468085,0.7333333333333333,0.014814814814814815,0.2200017639186688,0.15047551387069058,2.24580932521722,20,20,7.585860252380371
711,,0.19727941409920777,0.014091386721371984,-0.020327318273484708,1.0,1.0,1.0,1.0,1.0,0.6074074074074074,0.362962962962963,0.02962962962962963,0.4848039478928383,0.05714285714285714,0.05714285714285714,1.1428571428571428,0.9952333879281751,0.046330164544344715,25.0,-0.02793562067685458,0.25,0.01802186915833698,0.1259259259259259,0.2222222222222222,0.6518518518518519,0.16296296296296298,0.16296296296296298,nan,nan,0.08489001657411982,0.5333715648753279,0.03333333333333333,0.3522727272727273,0.03409090909090909,0.22709112586451358,0.18076096132016886,2.0894370292923687,20,20,5.023322582244873
712,,0.17678837670662206,0.007366182362775919,0.005792531371116638,1.0,1.0,1.0,1.0,1.0,0.09,0.895,0.015,0.4375297912713904,0.08541666666666667,0.08541666666666667,5.916666666666667,0.9921555950059272,0.05733213893566452,33.33333333333333,-0.007932705742779817,0.3333333333333333,0.058361756623158845,0.14,0.425,0.435,0.415,0.415,nan,nan,0.05600405652348939,0.25902221144912757,0.0,0.8620689655172413,0.011494252873563218,0.21040434076510006,0.15307220182943554,2.3043697837543977,20,20,7.93888521194458
713,,0.18254515620506964,0.008297507100230438,-0.013497960194945336,1.0,1.0,1.0,1.0,1.0,0.1625615763546798,0.8226600985221675,0.014778325123152709,0.4575986716398885,0.09090909090909091,0.09090909090909091,5.454545454545454,0.9895202935288628,0.06271130424337124,0.0,-0.08859576300466158,0.0,0.0,0.1625615763546798,0.26108374384236455,0.5763546798029556,0.2857142857142857,0.2857142857142857,nan,nan,0.06112638049456788,0.20716692467627282,0.0,0.8290598290598291,0.0,0.22133531799662215,0.15862401375325091,2.6488001449851173,20,20,7.992779016494751
714,,0.1437627405627513,0.0033433195479709603,0.06592893625299136,0.85,0.85,0.85,0.9344262295081968,1.0,0.20346320346320346,0.7835497835497836,0.012987012987012988,0.48642832301729233,0.13837209302325582,0.13837209302325582,4.883720930232558,0.7750382808666827,0.2626527795897573,0.0,-0.17498856835576024,0.0,0.0,0.09090909090909091,0.18614718614718614,0.7229437229437229,0.15151515151515152,0.15151515151515152,nan,nan,0.12714553705825568,0.41556155779440057,0.0,0.8502994011976048,0.005988023952095809,0.22589702116864313,-0.03675575842111414,2.157280225675393,20,20,21.17108464241028
715,,0.16928905942238762,0.0047024738728441,-0.0022452831268310546,1.0,1.0,1.0,1.0,1.0,0.17509727626459143,0.8132295719844358,0.011673151750972763,0.455534205104939,0.14166666666666666,0.14166666666666666,7.055555555555555,0.960863099205262,0.11464937733493372,0.0,-0.08185064715807826,0.0,0.0,0.12840466926070038,0.490272373540856,0.38132295719844356,0.41245136186770426,0.41245136186770426,nan,nan,0.07242314399176158,0.313067480406653,0.0,0.9081632653061225,0.0,0.21241459243572128,0.09776521510078756,2.760846658932941,20,20,13.230988025665283
716,,0.1847324367768971,0.004105165261708825,0.014530209079384803,0.95,0.95,0.95,0.988,1.0,0.4959677419354839,0.45161290322580644,0.05241935483870968,0.4786924412904126,0.41888888888888887,0.41888888888888887,1.9555555555555555,0.9585690708690459,0.19783725846133648,7.6923076923076925,-0.16810196922519768,0.07692307692307693,0.00852452118433078,0.08064516129032258,0.875,0.04435483870967742,0.3911290322580645,0.3911290322580645,nan,nan,0.16746166568215556,0.6297682801867048,0.03225806451612903,0.6363636363636364,0.0,0.23839768719198828,0.04056042873065181,1.9353232774799516,20,20,25.228339433670044
717,,0.16588915381229086,0.005026944054917905,0.01234925612807274,0.95,0.95,0.95,0.95,1.0,0.16145833333333334,0.8177083333333334,0.020833333333333332,0.47262229852025156,0.11818181818181818,0.11818181818181818,3.242424242424242,0.8605337895742876,0.29292588517334855,25.0,-0.07725204363924344,0.25,0.03768601878076522,0.11979166666666667,0.328125,0.5520833333333334,0.24479166666666666,0.24479166666666666,nan,nan,0.10828158180355503,0.4920393423605466,0.0,0.8584905660377359,0.009433962264150943,0.20961371077064836,-0.08331217440270021,2.3224049154475948,20,20,12.354319334030151
718,,0.17713318364823474,0.008051508347647033,0.0062860157340765,1.0,1.0,1.0,1.0,1.0,0.11170212765957446,0.8723404255319149,0.015957446808510637,0.45348482413491265,0.08181818181818182,0.08181818181818182,7.545454545454546,0.9786651739563806,0.09517702908143261,0.0,-0.14455081573727946,0.0,0.0,0.17553191489361702,0.5585106382978723,0.26595744680851063,0.526595744680851,0.526595744680851,nan,nan,0.0473356981647692,0.22717564619153677,0.009523809523809525,0.88,0.0,0.22772382849895306,0.13254679941752046,2.225120175401158,20,20,6.478545427322388
719,,0.19788549885258097,0.01649045823771508,-0.0194635814987123,1.0,1.0,1.0,1.0,0.0,0.4634146341463415,0.5365853658536586,0.0,0.4746475069541096,0.016666666666666666,0.016666666666666666,1.0,0.9967170721431918,0.04952550702059311,0.0,0.0,0.0,0.0,0.2032520325203252,0.6097560975609756,0.18699186991869918,0.3821138211382114,0.3821138211382114,nan,nan,0.06679753172913222,0.3792233126554761,0.0,0.43478260869565216,0.0,0.2314793780916699,0.1819538710710768,2.354820935295818,20,20,2.613246202468872
720,,0.16898889376215098,0.004828254107490028,0.036393125727772715,0.9,0.9,0.9,0.979381443298969,1.0,0.43157894736842106,0.5368421052631579,0.031578947368421054,0.47299173010820855,0.24714285714285714,0.24714285714285714,2.057142857142857,0.9209915020647366,0.19143309362649008,0.0,-0.2165374541654168,0.0,0.0,0.09473684210526316,0.4263157894736842,0.4789473684210526,0.29473684210526313,0.29473684210526313,nan,nan,0.12957184973237693,0.5971706823409603,0.024691358024691357,0.4835164835164835,0.04395604395604396,0.21065360600337094,0.01922051237688087,1.9557130232081872,20,20,11.761521339416504
721,,0.19537411854782594,0.007514389174916382,-0.01880072960630059,1.0,1.0,1.0,1.0,1.0,0.23232323232323232,0.7323232323232324,0.03535353535353535,0.4609611485037021,0.16346153846153846,0.16346153846153846,4.961538461538462,0.988288237480738,0.08287363146194154,42.857142857142854,-0.04099527742994624,0.42857142857142855,0.05645603825565144,0.12626262626262627,0.43434343434343436,0.4393939393939394,0.26262626262626265,0.26262626262626265,nan,nan,0.08820730001573296,0.2533922606614726,0.06976744186046512,0.9310344827586207,0.0,0.2340850112209864,0.15121137975904486,1.909184063128878,20,20,8.70130205154419
722,,0.1935023583068542,0.02150026203409491,-0.003552364278584719,1.0,1.0,1.0,1.0,1.0,0.5923076923076923,0.4,0.007692307692307693,0.44738180206364225,0.03333333333333333,0.03333333333333333,0.2222222222222222,0.9993971783656608,0.019658162471773738,0.0,-0.017873885600340242,0.0,0.0,0.16923076923076924,0.6538461538461539,0.17692307692307693,0.33076923076923076,0.33076923076923076,nan,nan,0.02359272773388958,0.11076640380991272,0.011764705882352941,0.30434782608695654,0.0,0.2028395156606284,0.18318135318885467,2.279963251195548,20,20,2.180821418762207
723,,0.18266590044256964,0.0067654037200951716,-0.01829460570588708,1.0,1.0,1.0,1.0,1.0,0.14948453608247422,0.845360824742268,0.005154639175257732,0.4602946332293666,0.08518518518518518,0.08518518518518518,4.2592592592592595,0.9851864205412095,0.0887128573448975,0.0,-0.07990493489037112,0.0,0.0,0.12371134020618557,0.5773195876288659,0.29896907216494845,0.4690721649484536,0.4690721649484536,nan,nan,0.07404284580910858,0.3145920818292807,0.0,0.9310344827586207,0.0,0.22949998705696817,0.14078712971207066,2.173073270868801,20,20,8.14957594871521
724,,0.18821602495853929,0.006071484676081912,-0.031319694593548775,1.0,1.0,1.0,1.0,1.0,0.3476190476190476,0.6333333333333333,0.01904761904761905,0.4623099355695529,0.20483870967741935,0.20483870967741935,3.4516129032258065,0.9863370280118131,0.0720000953142717,25.0,-0.08337402474206987,0.25,0.04007307743661548,0.09523809523809523,0.6666666666666666,0.23809523809523808,0.36666666666666664,0.36666666666666664,nan,nan,0.10377168321986505,0.37661615077241173,0.02142857142857143,0.9,0.02,0.2206957741287311,0.1486956788144594,1.7161852534254423,20,20,11.33980393409729
725,,0.16837927774413164,0.00481083650697519,0.025717633217573165,0.9,0.9,0.9,0.9423076923076923,1.0,0.22842639593908629,0.766497461928934,0.005076142131979695,0.48455228236262754,0.09714285714285714,0.09714285714285714,3.3714285714285714,0.875764746296026,0.27098553400965514,0.0,-0.06370066568726962,0.0,0.0,0.12690355329949238,0.4010152284263959,0.4720812182741117,0.3096446700507614,0.3096446700507614,nan,nan,0.10973791899229565,0.5075505802027899,0.0,0.7956989247311828,0.0,0.22204106319447853,-0.04894447081517662,2.1577078472687856,20,20,12.31508183479309
726,,0.1948754885287978,0.016239624044066484,-0.004806233942508698,1.0,1.0,1.0,1.0,0.0,0.43609022556390975,0.5639097744360902,0.0,0.47060155530695436,0.0375,0.0375,1.1666666666666667,0.9974058930407071,0.04492544453617603,0.0,0.0,0.0,0.0,0.16541353383458646,0.6240601503759399,0.21052631578947367,0.3157894736842105,0.3157894736842105,nan,nan,0.05763075538186529,0.27609427698051114,0.0,0.6785714285714286,0.0,0.22373211125120598,0.17880666671502995,2.7150334129287925,20,20,3.446791172027588
727,,0.1325041485353048,0.00389718083927367,0.19036794155836106,0.6,0.6,0.6,0.9322916666666666,0.9375,0.7379679144385026,0.1711229946524064,0.09090909090909091,0.5058211555389468,0.4852941176470588,0.4852941176470588,0.5294117647058824,0.6832693662077746,0.26679747320601066,11.76470588235294,-0.23261240993430862,0.11764705882352941,0.10167105660029686,0.06951871657754011,0.8716577540106952,0.058823529411764705,0.10695187165775401,0.10695187165775401,nan,nan,0.24161624770744744,0.7315414451986585,0.10429447852760736,0.6363636363636364,0.0,0.2571074758291658,-0.009689997376844839,1.8481070405084419,20,20,17.18612265586853
728,,0.20127102261144492,0.020127102261144492,-0.015420950949192047,1.0,1.0,1.0,1.0,1.0,0.8503937007874016,0.12598425196850394,0.023622047244094488,0.49230060178262647,0.01,0.01,1.0,0.9885464611668582,0.0820757034421436,0.0,-0.014052232832176027,0.0,0.0,0.1968503937007874,0.41732283464566927,0.3858267716535433,0.18110236220472442,0.18110236220472442,nan,nan,0.058484010634409736,0.19520660980552484,0.018867924528301886,0.04081632653061224,0.02040816326530612,0.264956848622457,0.1828811451803134,1.7003393822253705,20,20,3.7593626976013184
729,,0.18464234590396314,0.007101628688613967,-0.0060886888764798645,1.0,1.0,1.0,1.0,1.0,0.27586206896551724,0.7142857142857143,0.009852216748768473,0.48867107158316336,0.10384615384615385,0.10384615384615385,5.115384615384615,0.9848973280308153,0.09764992481249943,0.0,-0.09142136866530205,0.0,0.0,0.12315270935960591,0.4088669950738916,0.46798029556650245,0.28078817733990147,0.28078817733990147,nan,nan,0.07340003927254157,0.31065287429435084,0.012048192771084338,0.7578947368421053,0.0,0.2450374937826425,0.14738756897014307,3.163112133040585,20,20,8.039602518081665
730,,0.186856206917819,0.006920600256215519,-0.014280614629387855,1.0,1.0,1.0,1.0,1.0,0.3015075376884422,0.6884422110552764,0.010050251256281407,0.4929698714469042,0.1648148148148148,0.1648148148148148,3.0,0.9904404584893155,0.06663338969133525,100.0,0.04472310295951971,1.0,0.04472310295951971,0.1306532663316583,0.457286432160804,0.4120603015075377,0.36180904522613067,0.36180904522613067,nan,nan,0.06914538896972083,0.2501897587533217,0.02197802197802198,0.7439024390243902,0.0,0.21679620942340577,0.15016281973207052,2.2256550599061242,20,20,7.70263934135437
731,,0.1978094395316724,0.006821015156264565,-0.02069435124285519,1.0,1.0,1.0,1.0,1.0,0.5125628140703518,0.4271356783919598,0.06030150753768844,0.4842148146481687,0.39482758620689656,0.39482758620689656,1.9310344827586208,0.9940122509678175,0.05424622468707391,0.0,-0.1437169099770076,0.0,0.0,0.1708542713567839,0.542713567839196,0.2864321608040201,0.07537688442211055,0.07537688442211055,nan,nan,0.15873327164018333,0.47332289911025177,0.08333333333333333,0.8245614035087719,0.0,0.22051486676705517,0.16626864207998127,2.437507619869745,20,20,10.603354454040527
732,,0.1640936628559432,0.004207529816819057,0.021614500011006992,0.95,0.95,0.95,0.9886792452830189,1.0,0.1590909090909091,0.8257575757575758,0.015151515151515152,0.47132890114018944,0.14615384615384616,0.14615384615384616,5.538461538461538,0.9242659217327723,0.21491846259670266,25.0,-0.04542701959390145,0.25,0.09882755942873811,0.11742424242424243,0.375,0.5075757575757576,0.3371212121212121,0.3371212121212121,nan,nan,0.08914406677831342,0.3763026983060181,0.0,0.8059701492537313,0.022388059701492536,0.21671412078140018,0.001795658184697499,2.393179446034862,20,20,15.799768209457397
733,,0.1792551749218128,0.004267980355281258,-0.024191113747656347,1.0,1.0,1.0,1.0,1.0,0.27205882352941174,0.7132352941176471,0.014705882352941176,0.46951984265892643,0.14523809523809525,0.14523809523809525,4.119047619047619,0.9846375284710942,0.09538836733230982,0.0,-0.08615511380500732,0.0,0.0,0.12867647058823528,0.3897058823529412,0.48161764705882354,0.26838235294117646,0.26838235294117646,nan,nan,0.07051331456079342,0.250500870143636,0.009433962264150943,0.7862595419847328,0.007633587786259542,0.2219301825318971,0.1265418151995873,2.39724759382838,20,20,15.711116075515747
734,,0.17488616018102066,0.005829538672700688,0.027873432636260985,0.95,0.95,0.95,1.0,1.0,0.3397129186602871,0.6507177033492823,0.009569377990430622,0.4704320586499913,0.21333333333333335,0.21333333333333335,3.566666666666667,0.9245687023630748,0.25023573729270443,50.0,-0.010435269337500927,0.5,0.10935892036656414,0.11961722488038277,0.6889952153110048,0.19138755980861244,0.3923444976076555,0.3923444976076555,nan,nan,0.08228055647759788,0.32200426001687227,0.006944444444444444,0.9,0.0,0.2189555597646075,-0.03128017752809695,2.516858450851316,20,20,8.851696729660034
735,,0.18331415890439753,0.006789413292755464,-0.01807612255215645,1.0,1.0,1.0,1.0,0.0,0.3170731707317073,0.6829268292682927,0.0,0.4701354124833381,0.14814814814814814,0.14814814814814814,3.814814814814815,0.9872404168852982,0.08068419169337088,0.0,0.0,0.0,0.0,0.12682926829268293,0.4585365853658537,0.4146341463414634,0.3024390243902439,0.3024390243902439,nan,nan,0.06356937422798245,0.32114312701029685,0.0,0.7764705882352941,0.0,0.22819731160711695,0.14751311991374608,2.22880976786838,20,20,7.414746284484863
736,,0.19232457904866063,0.016027048254055053,-0.014086234755814076,1.0,1.0,1.0,1.0,1.0,0.359375,0.625,0.015625,0.47535621173641024,0.029166666666666667,0.029166666666666667,1.0,0.9981155919130974,0.03656895565961443,0.0,-0.010528431160770856,0.0,0.0,0.171875,0.3515625,0.4765625,0.1484375,0.1484375,nan,nan,0.04345606151271339,0.18867611841731607,0.022222222222222223,0.7868852459016393,0.0,0.20333760258575087,0.16676864692613644,2.0249119245890874,20,20,2.962453603744507
737,,0.16757492447322575,0.003642933140722299,0.004067859053611756,0.95,0.95,0.95,1.0,1.0,0.1647940074906367,0.8277153558052435,0.00749063670411985,0.48523907378124853,0.15,0.15,4.869565217391305,0.9107765271031056,0.2731419954392943,50.0,-0.12812797732866157,0.5,0.04381538552853109,0.12734082397003746,0.6067415730337079,0.26591760299625467,0.49812734082397003,0.49812734082397003,nan,nan,0.08070101447014949,0.4298405814789339,0.006172839506172839,0.8591549295774648,0.014084507042253521,0.2663979245356209,-0.006744070903673391,2.410967039943692,20,20,15.792257070541382
738,,0.18916698644346513,0.015763915536955428,-0.005617820844054222,1.0,1.0,1.0,1.0,0.0,0.05343511450381679,0.9465648854961832,0.0,0.4470590718953948,0.008333333333333333,0.008333333333333333,2.0833333333333335,0.9992057671135761,0.019925716986532976,0.0,0.0,0.0,0.0,0.16030534351145037,0.4122137404580153,0.42748091603053434,0.37404580152671757,0.37404580152671757,nan,nan,0.033286793310943044,0.2016821696420816,0.0,0.9642857142857143,0.0,0.19612573929501434,0.17620002230848136,2.8439181328044953,20,20,3.0969481468200684
739,,0.1821563442746136,0.0075898476781089,-0.039377597905695436,1.0,1.0,1.0,1.0,0.0,0.04020100502512563,0.9597989949748744,0.0,0.449637522882161,0.03333333333333333,0.03333333333333333,7.291666666666667,0.9818978288171314,0.0911910911399409,0.0,0.0,0.0,0.0,0.11557788944723618,0.49246231155778897,0.39195979899497485,0.4623115577889447,0.4623115577889447,nan,nan,0.05984247099846578,0.3239587651115005,0.0,0.9743589743589743,0.0,0.2291699082381408,0.1379788170981999,3.1045278016431497,20,20,8.47566032409668
740,,0.1844038079905163,0.007683491999604847,-0.0014876438304781913,1.0,1.0,1.0,1.0,1.0,0.11616161616161616,0.8737373737373737,0.010101010101010102,0.4661629235357395,0.035416666666666666,0.035416666666666666,6.166666666666667,0.9880084391607609,0.09072596379731743,100.0,0.06562005434052107,1.0,0.06562005434052107,0.17676767676767677,0.2474747474747475,0.5757575757575758,0.26262626262626265,0.26262626262626265,nan,nan,0.07115745890296925,0.2520743509511707,0.04081632653061224,0.9122807017543859,0.0,0.22723592149666147,0.13650995769934404,3.0975923276491653,20,20,7.961461544036865
741,,0.1802542991712329,0.005007063865867581,-0.03240779787302017,1.0,1.0,1.0,1.0,1.0,0.2795275590551181,0.7086614173228346,0.011811023622047244,0.4659022276511274,0.1736111111111111,0.1736111111111111,4.305555555555555,0.9813954737130024,0.11577658647167044,0.0,-0.1911539167461521,0.0,0.0,0.15354330708661418,0.46062992125984253,0.3858267716535433,0.2952755905511811,0.2952755905511811,nan,nan,0.0655664803765924,0.3234912791099938,0.0,0.7857142857142857,0.0,0.2413320574591209,0.12555547098745046,2.8474553638199773,20,20,13.843469381332397
742,,0.1842465404298059,0.006580233586778782,-0.021607076516374946,1.0,1.0,1.0,1.0,1.0,0.26262626262626265,0.7323232323232324,0.005050505050505051,0.47649506438067746,0.16607142857142856,0.16607142857142856,3.6785714285714284,0.9901330117432654,0.0720558053281471,0.0,-0.07321143707882036,0.0,0.0,0.13131313131313133,0.6212121212121212,0.2474747474747475,0.4898989898989899,0.4898989898989899,nan,nan,0.0691150049077344,0.32035297342155883,0.0,0.7551020408163265,0.0,0.22346455326896725,0.15140874794082015,2.1861035744956436,20,20,7.750269174575806
743,,0.1873281486947356,0.006690291024811986,-0.023722049407660963,1.0,1.0,1.0,1.0,1.0,0.3142857142857143,0.6714285714285714,0.014285714285714285,0.46179284710352864,0.1875,0.1875,3.2142857142857144,0.9863668720682593,0.07639631438972183,0.0,-0.09035632607427256,0.0,0.0,0.11428571428571428,0.6714285714285714,0.21428571428571427,0.4523809523809524,0.4523809523809524,nan,nan,0.05727132633346636,0.2576204967811404,0.0070921985815602835,0.9333333333333333,0.0,0.2282619178048091,0.15186560341508726,2.252040214064416,20,20,9.498247861862183
744,,0.19012779095879082,0.014625214689137755,-0.02226027473807335,1.0,1.0,1.0,1.0,1.0,0.2647058823529412,0.7279411764705882,0.007352941176470588,0.4765921611276169,0.015384615384615385,0.015384615384615385,2.3846153846153846,0.9980262041664311,0.033130197281505736,100.0,0.017289692808487838,1.0,0.017289692808487838,0.19117647058823528,0.38235294117647056,0.4264705882352941,0.34558823529411764,0.34558823529411764,nan,nan,0.04220617526374879,0.24276585075867063,0.0,0.8103448275862069,0.017241379310344827,0.20168220424695335,0.16855200696544761,1.9990547503324174,20,20,3.5122733116149902
745,,0.1859927289263951,0.006642597461656968,0.0009078815579414368,0.95,0.95,0.95,0.9947643979057592,1.0,0.3697916666666667,0.6145833333333334,0.015625,0.45432037355328375,0.225,0.225,3.3214285714285716,0.9449060044460559,0.22559163755817394,33.33333333333333,-0.11001816955424966,0.3333333333333333,0.0033500718819603065,0.13020833333333334,0.375,0.4947916666666667,0.171875,0.171875,nan,nan,0.11494120547251047,0.3784111567053404,0.0,0.7473684210526316,0.010526315789473684,0.2342137129835013,0.008622075425327363,2.855143949741946,20,20,8.024317264556885
746,,0.1729684701713901,0.007520368268321309,-0.01571626141667366,1.0,1.0,1.0,1.0,0.0,0.0,1.0,0.0,0.46822676195550467,0.0,0.0,7.304347826086956,0.9837136409873039,0.07089371094190652,0.0,0.0,0.0,0.0,0.1414141414141414,0.5050505050505051,0.35353535353535354,0.5050505050505051,0.5050505050505051,nan,nan,0.041939950819214006,0.26437818747473885,0.0,1.0,0.0,0.2100209414463456,0.13912723050443906,2.7756619919581107,20,20,7.723769903182983
747,,0.19755425326253662,0.015196481020195125,-0.03786222897469997,1.0,1.0,1.0,1.0,1.0,0.6538461538461539,0.3230769230769231,0.023076923076923078,0.48309156680837845,0.06538461538461539,0.06538461538461539,1.2307692307692308,0.9970733264357838,0.0433420057113352,0.0,-0.015288727142416721,0.0,0.0,0.2,0.6230769230769231,0.17692307692307693,0.16153846153846155,0.16153846153846155,nan,nan,0.07287625901399672,0.4094030121571772,0.037037037037037035,0.391304347826087,0.0,0.22482613295874096,0.18148412724740576,1.881706196372584,20,20,5.182504892349243
748,,0.17534883717536429,0.006494401376865344,0.004094968363642692,0.95,0.95,0.95,0.99,1.0,0.20100502512562815,0.7587939698492462,0.04020100502512563,0.4734284658997677,0.1814814814814815,0.1814814814814815,4.074074074074074,0.9602425296036428,0.17133400029410373,25.0,-0.1730009121051812,0.25,0.019476262896186827,0.1708542713567839,0.18090452261306533,0.6482412060301508,0.1507537688442211,0.1507537688442211,nan,nan,0.08686229711212835,0.3590282593098416,0.05555555555555555,0.8294573643410853,0.007751937984496124,0.21814143334201824,0.046807433047914515,2.7474286982521825,20,20,7.953620672225952
749,,0.1509781562714672,0.004575095644589916,0.14092011749744415,0.75,0.75,0.75,0.9574468085106383,1.0,0.4972677595628415,0.45901639344262296,0.04371584699453552,0.4631593084456681,0.24848484848484848,0.24848484848484848,1.696969696969697,0.7649792338510703,0.2969219650871046,25.0,-0.05865096990088638,0.25,0.04184059486278948,0.12568306010928962,0.4371584699453552,0.4371584699453552,0.24043715846994534,0.24043715846994534,nan,nan,0.2043868259559752,1.1020194915704702,0.025,0.3875,0.0625,0.2413030897442664,-0.05561887534283821,2.382340879715775,20,20,18.30689024925232
750,,0.1513473729780285,0.004586284029637227,0.06561653017997741,0.9,0.9,0.9,0.9690721649484536,0.0,0.06842105263157895,0.9315789473684211,0.0,0.47773178729147536,0.03484848484848485,0.03484848484848485,5.696969696969697,0.838830674029901,0.23842156070768572,0.0,0.0,0.0,0.0,0.14210526315789473,0.4105263157894737,0.4473684210526316,0.35789473684210527,0.35789473684210527,nan,nan,0.08140682557049153,0.3834443490465705,0.0,0.9647058823529412,0.0,0.19309260508291212,-0.04532895562477361,3.1018380470177376,20,20,9.037241458892822
751,,0.1671241153353154,0.004774974723866154,0.020390985161066057,1.0,1.0,1.0,1.0,1.0,0.011278195488721804,0.9849624060150376,0.0037593984962406013,0.46031057432618194,0.008571428571428572,0.008571428571428572,8.457142857142857,0.969300972998316,0.11199228135742695,0.0,-0.0609429420481524,0.0,0.0,0.10526315789473684,0.5639097744360902,0.3308270676691729,0.5601503759398496,0.5601503759398496,nan,nan,0.055533707135454816,0.2858335848302424,0.0,1.0,0.0,0.23535056478191635,0.1233582834244894,2.8546800303932867,20,20,13.795612096786499
752,,0.17139792602581905,0.005193876546236941,0.016062807105481625,0.95,0.95,0.95,1.0,1.0,0.18137254901960784,0.8137254901960784,0.004901960784313725,0.4600985723974494,0.11969696969696969,0.11969696969696969,3.8181818181818183,0.9497037525979979,0.1958958119592219,0.0,-0.2052819696213517,0.0,0.0,0.10294117647058823,0.5784313725490197,0.31862745098039214,0.47549019607843135,0.47549019607843135,nan,nan,0.07772036519128708,0.3890866145038534,0.0,0.8461538461538461,0.0,0.21540322803414702,0.01950741607492512,2.906360676342378,20,20,9.912904024124146
753,,0.16336763787360176,0.004667646796388622,-0.011766636185348034,1.0,1.0,1.0,1.0,1.0,0.0196078431372549,0.9725490196078431,0.00784313725490196,0.458484711409588,0.03857142857142857,0.03857142857142857,8.628571428571428,0.9690717471024796,0.12026464121220858,50.0,-0.047012408872664266,0.5,0.022658392437700514,0.12941176470588237,0.5254901960784314,0.34509803921568627,0.5176470588235295,0.5176470588235295,nan,nan,0.05390082953242431,0.30926551400502406,0.0,0.9886363636363636,0.011363636363636364,0.23884309853967967,0.11857845732747109,2.4977102456276796,20,20,13.91717791557312
754,,0.1703983771680455,0.004369189158155013,-0.01645757748434941,1.0,1.0,1.0,1.0,1.0,0.015037593984962405,0.9774436090225563,0.007518796992481203,0.48536822004351937,0.021794871794871794,0.021794871794871794,8.0,0.9771046096870849,0.11529503647842784,0.0,-0.23188014844386678,0.0,0.0,0.13533834586466165,0.4924812030075188,0.37218045112781956,0.4924812030075188,0.4924812030075188,nan,nan,0.05285286713128651,0.24410127972349294,0.0,1.0,0.0,0.25118648889238293,0.1358914524139551,3.2278388102591133,20,20,15.598878622055054
755,,0.17626422712826476,0.0070505690851305905,0.001091931015253067,1.0,1.0,1.0,1.0,0.0,0.09569377990430622,0.9043062200956937,0.0,0.44232857883442195,0.05,0.05,6.44,0.9822284084434542,0.08037609826301301,0.0,0.0,0.0,0.0,0.14354066985645933,0.4449760765550239,0.41148325358851673,0.39712918660287083,0.39712918660287083,nan,nan,0.06416433833448686,0.39105125252301465,0.0,0.9767441860465116,0.0,0.21813081226014702,0.13775471399713402,3.1282151236381153,20,20,8.075404405593872
756,,0.1676349837239525,0.0052385932413735155,0.029101718589663504,0.95,0.95,0.95,0.9808612440191388,1.0,0.07766990291262135,0.9174757281553398,0.0048543689320388345,0.47966490437265746,0.0546875,0.0546875,5.46875,0.9025858602452022,0.2698379995340263,0.0,-0.00014012199879231968,0.0,0.0,0.09223300970873786,0.5922330097087378,0.3155339805825243,0.558252427184466,0.558252427184466,nan,nan,0.06167816557523316,0.3388406287610601,0.0,0.9230769230769231,0.0,0.23204876441715533,-0.03778923511687102,2.6784399861092547,20,20,9.454598903656006
757,,0.1648859982282449,0.004849588183183673,0.017545999586582185,0.95,0.95,0.95,0.9851485148514851,1.0,0.26,0.73,0.01,0.4793289137460199,0.09705882352941177,0.09705882352941177,3.0588235294117645,0.8741651151113505,0.2924525249647367,0.0,-0.20044111792457808,0.0,0.0,0.17,0.325,0.505,0.3,0.3,nan,nan,0.07301206737870566,0.3543693573877482,0.0,0.7722772277227723,0.0,0.2227307538368174,-0.06972177112791932,2.547000545743876,20,20,10.674756050109863
758,,0.16335639040049044,0.004083909760012261,-0.0015229591478904088,0.95,0.95,0.95,0.9924242424242424,1.0,0.12547528517110265,0.844106463878327,0.030418250950570342,0.47762213952330057,0.14,0.14,5.025,0.9430626116057438,0.21133605585292364,0.0,-0.16425444448647683,0.0,0.0,0.12927756653992395,0.6159695817490495,0.25475285171102663,0.5361216730038023,0.5361216730038023,nan,nan,0.05596326009165741,0.3835627250531138,0.012345679012345678,0.9104477611940298,0.0,0.23627806588014225,0.024942010027218603,2.557242959001873,20,20,12.9330472946167
759,,0.19398187713408527,0.013855848366720377,-0.005373723991215229,1.0,1.0,1.0,1.0,1.0,0.3115942028985507,0.6594202898550725,0.028985507246376812,0.4718755046188432,0.03214285714285714,0.03214285714285714,1.2142857142857142,0.9889381637530226,0.1107634513041382,25.0,-0.013092831143237175,0.25,0.003203385953222799,0.15217391304347827,0.5072463768115942,0.34057971014492755,0.34057971014492755,0.34057971014492755,nan,nan,0.07657224288821819,0.4843989404949217,0.0,0.6170212765957447,0.06382978723404255,0.24468666053733645,0.13392320923319825,2.095604804716992,20,20,4.647859573364258
760,,0.1403867110961514,0.003424066124296375,0.07179487397273382,0.85,0.85,0.85,0.9078341013824884,1.0,0.075,0.915,0.01,0.48471208271418686,0.03536585365853658,0.03536585365853658,3.4878048780487805,0.7245024467241231,0.2935734846530888,50.0,0.0015240791168147916,0.5,0.053504139058635825,0.095,0.365,0.54,0.33,0.33,nan,nan,0.08892720345547693,0.34983594789011124,0.0136986301369863,0.9722222222222222,0.0,0.22665430551550625,-0.06691917913758255,2.147547211456696,20,20,12.774902105331421
761,,0.14703967093948075,0.004743215191596153,0.08753830641508102,0.9,0.9,0.9,0.9552238805970149,1.0,0.12307692307692308,0.8512820512820513,0.02564102564102564,0.47323271139983025,0.11290322580645161,0.11290322580645161,3.3548387096774195,0.7844908506055386,0.25917267897892177,20.0,-0.08445448006404496,0.2,0.026391219912749425,0.14358974358974358,0.2564102564102564,0.6,0.23076923076923078,0.23076923076923078,nan,nan,0.1209887703173474,0.5884791558992072,0.0,0.8547008547008547,0.03418803418803419,0.2083828744409788,-0.050789804537942955,2.5809494362214602,20,20,12.734914064407349
762,,0.1971244467058744,0.015163418977374953,0.00010053031146526337,1.0,1.0,1.0,1.0,1.0,0.088,0.904,0.008,0.4828454610466277,0.007692307692307693,0.007692307692307693,2.6153846153846154,0.994674587963287,0.05298326025846303,100.0,0.011931434329269602,1.0,0.011931434329269602,0.208,0.328,0.464,0.312,0.312,nan,nan,0.08784702492009283,0.4272575309020633,0.024390243902439025,0.9310344827586207,0.0,0.23182547342963916,0.17884221317117613,2.3333195582246073,20,20,3.717395782470703
763,,0.1963019648145755,0.013086797654305034,-0.005940856598317623,1.0,1.0,1.0,1.0,1.0,0.19708029197080293,0.7737226277372263,0.029197080291970802,0.4810506007539031,0.023333333333333334,0.023333333333333334,2.4,0.9954111890066297,0.0630690191680166,25.0,-0.013318352850836504,0.25,0.004804322183167134,0.17518248175182483,0.35766423357664234,0.46715328467153283,0.19708029197080293,0.19708029197080293,nan,nan,0.09026339554355768,0.535053292656502,0.08163265306122448,0.890625,0.0,0.2378169123152425,0.17474789314722589,2.1320361139805026,20,20,3.697906255722046
764,,0.19430934434928848,0.01494687264225296,-0.024408496916294098,1.0,1.0,1.0,1.0,1.0,0.18181818181818182,0.803030303030303,0.015151515151515152,0.4691217800906788,0.038461538461538464,0.038461538461538464,1.9230769230769231,0.9937332135580788,0.07437572170336593,50.0,-0.001940284727540098,0.5,0.04857484586856442,0.16666666666666666,0.6060606060606061,0.22727272727272727,0.4393939393939394,0.4393939393939394,nan,nan,0.06000733781755604,0.29469274570558446,0.025,0.9333333333333333,0.0,0.25644750764672464,0.1820717859433587,2.986735998248684,20,20,3.3234736919403076
765,,0.19004798032395878,0.017277089120359888,-0.007462491188198328,1.0,1.0,1.0,1.0,0.0,0.05128205128205128,0.9487179487179487,0.0,0.4454955426245843,0.00909090909090909,0.00909090909090909,3.0,0.996252404860155,0.056425583940891394,0.0,0.0,0.0,0.0,0.17094017094017094,0.37606837606837606,0.452991452991453,0.3504273504273504,0.3504273504273504,nan,nan,0.044164760254922594,0.22411883402490598,0.0,0.9433962264150944,0.0,0.223267111835859,0.16684152789496762,2.766157442337132,20,20,2.733366012573242
766,,0.150939251960983,0.0033542055991329558,0.04828760599096616,0.9,0.9,0.9,0.9230769230769231,1.0,0.017316017316017316,0.974025974025974,0.008658008658008658,0.48145642696018714,0.016666666666666666,0.016666666666666666,5.644444444444445,0.792115851958148,0.31516072624297037,50.0,-0.025430077084901255,0.5,0.0036742706767668165,0.0735930735930736,0.3463203463203463,0.5800865800865801,0.354978354978355,0.354978354978355,nan,nan,0.0841242038867507,0.3892018503839005,0.0,0.9850746268656716,0.007462686567164179,0.23757986480357043,-0.07758086143939993,2.4474611726314084,20,20,14.633283138275146
767,,0.1638412768932894,0.003900982783173557,0.0360686960319678,0.95,0.95,0.95,0.9635036496350365,1.0,0.011278195488721804,0.9774436090225563,0.011278195488721804,0.4818379716362826,0.015476190476190477,0.015476190476190477,6.428571428571429,0.8736556394627142,0.31625178524133557,0.0,-0.12654521991069798,0.0,0.0,0.13909774436090225,0.40601503759398494,0.4548872180451128,0.42105263157894735,0.42105263157894735,nan,nan,0.07009787654086405,0.17023348596740492,0.0,0.9917355371900827,0.008264462809917356,0.24439718137547523,-0.07185460386586033,2.3069427294782554,20,20,16.20051908493042
768,,0.18809102573616973,0.014468540441243825,-0.012999369762837887,1.0,1.0,1.0,1.0,0.0,0.015625,0.984375,0.0,0.4211016807084189,0.0,0.0,2.230769230769231,0.9988036701948277,0.022895121550869424,0.0,0.0,0.0,0.0,0.203125,0.2265625,0.5703125,0.234375,0.234375,nan,nan,0.05062295717980454,0.27743406072654986,0.0,0.9863013698630136,0.0,0.19737454090550524,0.17447941935463582,3.2719138513173607,20,20,3.3034348487854004
769,,0.16718522063226351,0.00796120098248874,0.02976827695965767,0.9,0.9,0.9,0.9508196721311475,1.0,0.09322033898305085,0.8813559322033898,0.025423728813559324,0.48087421337342157,0.0,0.0,1.5238095238095237,0.7939613806277751,0.3202696835154113,33.33333333333333,-0.02038611559457524,0.3333333333333333,0.004109454196132796,0.2711864406779661,0.2796610169491525,0.4491525423728814,0.2288135593220339,0.2288135593220339,nan,nan,0.08209099807418989,0.41326260233753076,0.06060606060606061,0.9056603773584906,0.0,0.23543484166766973,-0.0848348418477416,2.514641709447944,20,20,4.456187963485718
770,,0.16641179083589394,0.0046225497454414986,0.07812451235949994,0.9,0.9,0.9,0.9607843137254902,1.0,0.04040404040404041,0.9545454545454546,0.005050505050505051,0.48596101233043654,0.02361111111111111,0.02361111111111111,4.888888888888889,0.8386432488162472,0.2943194988925511,0.0,-0.006448743380261662,0.0,0.0,0.09090909090909091,0.19696969696969696,0.7121212121212122,0.18686868686868688,0.18686868686868688,nan,nan,0.1126892649417495,0.5546273875964371,0.0,0.9574468085106383,0.0070921985815602835,0.23876772533749052,-0.055551773555060587,2.503395225047945,20,20,11.85949420928955
771,,0.15755124142847918,0.005251708047615973,0.0819579616189003,0.9,0.9,0.9,0.9716981132075472,0.0,0.004807692307692308,0.9951923076923077,0.0,0.4586081003168753,0.0016666666666666668,0.0016666666666666668,5.333333333333333,0.8186221896960943,0.2801960548404138,0.0,0.0,0.0,0.0,0.125,0.3701923076923077,0.5048076923076923,0.3701923076923077,0.3701923076923077,nan,nan,0.06393067613593731,0.3790371392995157,0.0,0.9904761904761905,0.0,0.21426894791917547,-0.06592710692123835,2.6223077210189714,20,20,8.805057287216187
772,,0.1407055116763701,0.002931364826591044,0.05435464431842168,0.85,0.85,0.85,0.8953488372093024,1.0,0.029787234042553193,0.9617021276595744,0.00851063829787234,0.47623213936118797,0.015625,0.015625,5.166666666666667,0.6970304269728191,0.3229841811188782,0.0,-0.1652353012711821,0.0,0.0,0.12340425531914893,0.39574468085106385,0.4808510638297872,0.4,0.4,nan,nan,0.07230350942203054,0.2618474122915609,0.0,0.9823008849557522,0.0,0.2407159221900438,-0.08226825892883442,2.4398409885688097,20,20,16.085894346237183
773,,0.18822139920441114,0.014478569169570087,-0.002612170577049255,1.0,1.0,1.0,1.0,0.0,0.0,1.0,0.0,0.4748266964532936,0.0,0.0,2.6153846153846154,0.9976918339690146,0.03231145863758153,0.0,0.0,0.0,0.0,0.15384615384615385,0.16153846153846155,0.6846153846153846,0.16153846153846155,0.16153846153846155,nan,nan,0.048467568589141315,0.21752207222659464,0.0,1.0,0.0,0.20262292735026985,0.17031146871268832,3.4148773850360037,20,20,3.410599946975708
774,,0.15180313825771785,0.003036062765154357,0.030991559848189354,0.9,0.9,0.9,0.8973384030418251,1.0,0.008333333333333333,0.975,0.016666666666666666,0.4893761410145089,0.013,0.013,4.66,0.7984691548883214,0.31639223098475905,0.0,-0.1685934053248363,0.0,0.0,0.12083333333333333,0.43333333333333335,0.44583333333333336,0.4375,0.4375,nan,nan,0.06869359018545225,0.29757978589198375,0.0,0.9906542056074766,0.009345794392523364,0.2417638443645273,-0.07462838662023176,2.337662556510135,20,20,18.987029552459717
775,,0.14871532252138753,0.004373980074158457,0.06637968719005585,0.9,0.9,0.9,0.9414634146341463,1.0,0.035897435897435895,0.9435897435897436,0.020512820512820513,0.45958122585982303,0.020588235294117647,0.020588235294117647,4.0,0.771755535905149,0.3045575808578002,0.0,-0.08465705619942147,0.0,0.0,0.16923076923076924,0.49743589743589745,0.3333333333333333,0.49743589743589745,0.49743589743589745,nan,nan,0.04729831556369152,0.289014069952837,0.0,0.9846153846153847,0.0,0.20894374615654993,-0.09561383470125027,2.244841157164572,20,20,9.498079299926758
776,,0.1610890957918865,0.005369636526396216,0.003620644472539425,0.95,0.95,0.95,0.9540816326530612,1.0,0.06878306878306878,0.9206349206349206,0.010582010582010581,0.4666212820987372,0.03833333333333333,0.03833333333333333,4.8,0.8713751338593784,0.32718959900828026,0.0,-0.18716098486744998,0.0,0.0,0.12169312169312169,0.5661375661375662,0.31216931216931215,0.5661375661375662,0.5661375661375662,nan,nan,0.03033490838651691,0.19956640144337193,0.0,0.9830508474576272,0.0,0.2410952699755008,-0.08609432903277944,2.595513417681956,20,20,8.160252571105957
777,,0.18104469702100848,0.00502901936169468,-0.002983976900577545,1.0,1.0,1.0,1.0,1.0,0.011450381679389313,0.9465648854961832,0.04198473282442748,0.44994840784637596,0.05138888888888889,0.05138888888888889,7.472222222222222,0.9748062090102613,0.10289462438275052,0.0,-0.1943255975198045,0.0,0.0,0.13740458015267176,0.29770992366412213,0.5648854961832062,0.31297709923664124,0.31297709923664124,nan,nan,0.047913429046607815,0.1737954346449685,0.0,0.9932432432432432,0.006756756756756757,0.24858502416578826,0.14569039978303774,2.32033254975902,20,20,14.242019176483154
778,,0.1870896307445258,0.014391510057271215,-0.003818984143435955,1.0,1.0,1.0,1.0,1.0,0.18382352941176472,0.7647058823529411,0.051470588235294115,0.4523632764664049,0.011538461538461539,0.011538461538461539,1.7692307692307692,0.9981840293382849,0.031867825618200896,14.285714285714285,-0.025773359164573906,0.14285714285714285,0.0006135891139247424,0.16911764705882354,0.4338235294117647,0.39705882352941174,0.29411764705882354,0.29411764705882354,nan,nan,0.0288011690384452,0.13802756808013544,0.01694915254237288,0.9814814814814815,0.0,0.20439451261877367,0.17252668700057278,3.2447672765343154,20,20,3.4808578491210938
779,,0.18755704177939728,0.01562975348161644,-0.019566963240504266,1.0,1.0,1.0,1.0,1.0,0.20863309352517986,0.7841726618705036,0.007194244604316547,0.44350582508389685,0.04583333333333333,0.04583333333333333,2.0833333333333335,0.9988890183642113,0.024580446529378408,0.0,-0.08337074769522411,0.0,0.0,0.20863309352517986,0.26618705035971224,0.5251798561151079,0.23741007194244604,0.23741007194244604,nan,nan,0.03625345825665852,0.18835739254031525,0.0,0.8493150684931506,0.0,0.19968878568192847,0.17510833915255006,2.4940646809634908,20,20,3.0209527015686035
780,,0.13223502918679203,0.003778143691051201,0.11072209253907203,0.8,0.8,0.8,0.9365853658536586,1.0,0.26903553299492383,0.6649746192893401,0.06598984771573604,0.4882107024313882,0.17142857142857143,0.17142857142857143,2.4285714285714284,0.6088182922145762,0.3040290849201178,23.076923076923077,-0.1401458274301071,0.23076923076923078,0.03921001100845524,0.1218274111675127,0.4619289340101523,0.41624365482233505,0.4517766497461929,0.4517766497461929,nan,nan,0.06393781524308499,0.22693223806913973,0.02197802197802198,0.5975609756097561,0.06097560975609756,0.21876730801585745,-0.08526177690426036,2.497192054768677,20,20,11.600436925888062
781,,0.18858548572958933,0.017144135066326303,-0.0017251856625080109,1.0,1.0,1.0,1.0,1.0,0.35877862595419846,0.6030534351145038,0.03816793893129771,0.47105247262939387,0.03636363636363636,0.03636363636363636,2.090909090909091,0.9989301069065666,0.022748297122369948,40.0,-0.02241206838395223,0.4,0.019358086479906098,0.20610687022900764,0.2595419847328244,0.5343511450381679,0.25190839694656486,0.25190839694656486,nan,nan,0.04153976310667735,0.15151564547880572,0.0,0.6857142857142857,0.04285714285714286,0.19906739371121038,0.17631909658884043,2.1351288287718946,20,20,3.4370269775390625
782,,0.19830422377689125,0.014164587412635089,-0.017804966308176517,1.0,1.0,1.0,1.0,1.0,0.3821138211382114,0.5934959349593496,0.024390243902439025,0.44998098680911686,0.02857142857142857,0.02857142857142857,0.9285714285714286,0.9908526490523638,0.07285065462442905,33.33333333333333,-0.016592734061527465,0.3333333333333333,0.0023197878033228286,0.1951219512195122,0.35772357723577236,0.44715447154471544,0.2926829268292683,0.2926829268292683,nan,nan,0.06887886323082235,0.24000024015347202,0.0,0.43636363636363634,0.03636363636363636,0.25574248802252514,0.1828918333980961,2.4588274448763014,20,20,2.9540212154388428
783,,0.17851421357975267,0.0071405685431901065,0.007475037500262261,1.0,1.0,1.0,1.0,1.0,0.235,0.74,0.025,0.450738789544208,0.16,0.16,5.2,0.9836517386520295,0.09455056886437085,0.0,-0.08912646495587442,0.0,0.0,0.145,0.43,0.425,0.395,0.395,nan,nan,0.051604484391637714,0.2832816939714853,0.023255813953488372,0.788235294117647,0.0,0.23591891490576625,0.1413683460413954,2.9660311385295333,20,20,7.452992916107178
784,,0.18116557930416574,0.007876764317572423,-0.028647971153259278,1.0,1.0,1.0,1.0,1.0,0.09595959595959595,0.8737373737373737,0.030303030303030304,0.4777189893622721,0.09130434782608696,0.09130434782608696,6.043478260869565,0.9864588424933327,0.06604860538328816,0.0,-0.11279140354539141,0.0,0.0,0.1414141414141414,0.5404040404040404,0.3181818181818182,0.5151515151515151,0.5151515151515151,nan,nan,0.04013431708357811,0.15825989037102922,0.009345794392523364,0.9206349206349206,0.0,0.22296172741892692,0.15691312203563876,2.32812769883022,20,20,7.806825637817383
785,,0.16354767946201257,0.0036343928769336127,0.02273479215800762,0.95,0.95,0.95,0.984375,1.0,0.09055118110236221,0.8700787401574803,0.03937007874015748,0.47247013689562056,0.08444444444444445,0.08444444444444445,5.044444444444444,0.894407946119063,0.2717428170965661,0.0,-0.15996021371750413,0.0,0.0,0.11023622047244094,0.5078740157480315,0.38188976377952755,0.4763779527559055,0.4763779527559055,nan,nan,0.04729852279034308,0.1767867282189708,0.0,0.9278350515463918,0.010309278350515464,0.2215192153452794,-0.050223601751286706,2.1651291801498966,20,20,14.793095350265503
786,,0.1604901676376999,0.004337572098316214,-0.015403695032000541,0.95,0.95,0.95,0.9655172413793104,1.0,0.1116751269035533,0.8781725888324873,0.01015228426395939,0.47337806600199483,0.051351351351351354,0.051351351351351354,3.6216216216216215,0.8839524931205062,0.2857774493052083,0.0,-0.1457844028703578,0.0,0.0,0.16243654822335024,0.6395939086294417,0.19796954314720813,0.6142131979695431,0.6142131979695431,nan,nan,0.03705099596901669,0.1842765334978427,0.0,0.9230769230769231,0.0,0.2059008937202479,-0.0798765555849604,2.1893915306485496,20,20,8.349704265594482
787,,0.18026867050973186,0.006438166803918995,-0.009229449182748794,1.0,1.0,1.0,1.0,1.0,0.18134715025906736,0.8082901554404145,0.010362694300518135,0.46952861513127575,0.08214285714285714,0.08214285714285714,3.9285714285714284,0.9767683258553934,0.100679515949297,0.0,-0.06449027646568685,0.0,0.0,0.11917098445595854,0.5906735751295337,0.29015544041450775,0.5129533678756477,0.5129533678756477,nan,nan,0.07536164409863826,0.2979975630886117,0.0,0.8214285714285714,0.017857142857142856,0.228956676926307,0.12827716097701,2.5711327805825324,20,20,7.8311638832092285
788,,0.18619245376936489,0.01551603781411374,-0.0037513252347707747,1.0,1.0,1.0,1.0,1.0,0.18309859154929578,0.8098591549295775,0.007042253521126761,0.43678211271762846,0.020833333333333332,0.020833333333333332,1.8333333333333333,0.9985759223272777,0.024934894142041475,0.0,-0.052888742161813745,0.0,0.0,0.19718309859154928,0.2676056338028169,0.5352112676056338,0.2535211267605634,0.2535211267605634,nan,nan,0.03300906633810026,0.15879919431988596,0.0,0.8421052631578947,0.0,0.19586759218002772,0.17093269803798625,3.0465566398921498,20,20,3.1088314056396484
789,,0.17766421689914988,0.007402675704131245,-0.01963658779859543,1.0,1.0,1.0,1.0,1.0,0.01,0.98,0.01,0.4715357670696297,0.0125,0.0125,6.916666666666667,0.9786983642535286,0.08869092559409722,100.0,0.06409056542921912,1.0,0.06409056542921912,0.12,0.115,0.765,0.13,0.13,nan,nan,0.06921905732295218,0.20929212525582921,0.0,0.9803921568627451,0.013071895424836602,0.22176431695353271,0.1330733913594355,2.969653827287306,20,20,7.81289529800415
790,,0.16191176538788277,0.00415158372789443,0.013950336103638014,0.95,0.95,0.95,0.967479674796748,1.0,0.04583333333333333,0.9375,0.016666666666666666,0.4530191944594919,0.05,0.05,6.410256410256411,0.8991070006386658,0.2736641781612337,0.0,-0.21239735045218844,0.0,0.0,0.14583333333333334,0.4,0.45416666666666666,0.3958333333333333,0.3958333333333333,nan,nan,0.06603113394179362,0.28871169565048843,0.010416666666666666,0.9724770642201835,0.0,0.22489300771887288,-0.04877117044236081,2.5449682195135193,20,20,12.783588647842407
791,,0.1416070850019192,0.0027766095098415533,0.07326126197973887,0.8,0.8,0.8,0.9260700389105059,1.0,0.09090909090909091,0.859504132231405,0.049586776859504134,0.4867531725173096,0.10784313725490197,0.10784313725490197,4.254901960784314,0.6808230520642977,0.3235799158706043,8.333333333333332,-0.2460526767919905,0.08333333333333333,0.013182941234597248,0.1487603305785124,0.30165289256198347,0.5495867768595041,0.23140495867768596,0.23140495867768596,nan,nan,0.11402697661098925,0.3664790500001153,0.0684931506849315,0.9849624060150376,0.0,0.24768712838720985,-0.07589278748339448,2.2917184780113002,20,20,18.062151670455933
792,,0.15526292044600962,0.003234644175958534,0.05546556065479914,0.85,0.85,0.85,0.9563492063492064,1.0,0.1885245901639344,0.7909836065573771,0.020491803278688523,0.4862369167922225,0.13020833333333334,0.13020833333333334,5.875,0.820323718444733,0.25457337601069624,20.0,-0.1533315770101376,0.2,0.010724434139731454,0.11475409836065574,0.5614754098360656,0.3237704918032787,0.4098360655737705,0.4098360655737705,nan,nan,0.1682965152314711,0.4805795328388922,0.014598540145985401,0.9620253164556962,0.0,0.21158963575189066,-0.04298374025880556,1.8073132076195713,20,20,28.195605039596558
793,,0.1387715624149525,0.004205198861059167,0.05437190718948841,0.85,0.85,0.85,0.9195979899497487,1.0,0.0425531914893617,0.925531914893617,0.031914893617021274,0.4772361182956956,0.04242424242424243,0.04242424242424243,4.454545454545454,0.7036118033916977,0.3042987568237289,16.666666666666664,-0.0623898065395847,0.16666666666666666,0.05961886099443542,0.2127659574468085,0.25,0.5372340425531915,0.26595744680851063,0.26595744680851063,nan,nan,0.05911580615171612,0.272019232350777,0.0,0.9504950495049505,0.009900990099009901,0.20974403157414978,-0.09455472524957913,2.7147970592442574,20,20,10.192115068435669
794,,0.18960367623120702,0.014584898171631309,-0.006916849873960018,1.0,1.0,1.0,1.0,1.0,0.20610687022900764,0.7862595419847328,0.007633587786259542,0.46754411119260253,0.007692307692307693,0.007692307692307693,2.076923076923077,0.9982363544567227,0.03639250223578211,0.0,-0.02885974083887491,0.0,0.0,0.21374045801526717,0.4122137404580153,0.37404580152671757,0.33587786259541985,0.33587786259541985,nan,nan,0.05292680786707896,0.31409715348020917,0.0,0.7346938775510204,0.0,0.20971402777586456,0.17332152554008246,2.897244025422226,20,20,3.111551523208618
795,,0.1685802433536211,0.00401381531794336,0.01985166370868683,0.95,0.95,0.95,0.9884169884169884,1.0,0.20233463035019456,0.7704280155642024,0.027237354085603113,0.47770590433695664,0.14642857142857144,0.14642857142857144,5.404761904761905,0.9060242556369738,0.26206224118378885,0.0,-0.12591490014776494,0.0,0.0,0.13229571984435798,0.5680933852140078,0.29961089494163423,0.42023346303501946,0.42023346303501946,nan,nan,0.0843936738181027,0.29793919648804706,0.0136986301369863,0.8961038961038961,0.0,0.22393307468296123,-0.03812916650082762,1.9081820049815181,20,20,15.205706596374512
796,,0.18622028707498564,0.004655507176874641,-0.003660246729850769,1.0,1.0,1.0,1.0,1.0,0.1680327868852459,0.7950819672131147,0.036885245901639344,0.4860147806524765,0.2025,0.2025,6.125,0.9756969658703423,0.13071962444986868,11.11111111111111,-0.12320130283246028,0.1111111111111111,0.009018730302829958,0.0942622950819672,0.5737704918032787,0.3319672131147541,0.44672131147540983,0.44672131147540983,nan,nan,0.09173676189244395,0.4390835100233507,0.007142857142857143,0.9629629629629629,0.024691358024691357,0.236735413424589,0.10601578897472035,2.6456484504450075,20,20,15.899888038635254
797,,0.1859396800852433,0.0077474866702184715,-0.033246855810284616,1.0,1.0,1.0,1.0,1.0,0.046153846153846156,0.9487179487179487,0.005128205128205128,0.4782381853394327,0.025,0.025,6.583333333333333,0.9864819617688317,0.08396955107469573,0.0,-0.0753065392548635,0.0,0.0,0.11794871794871795,0.3282051282051282,0.5538461538461539,0.31794871794871793,0.31794871794871793,nan,nan,0.06556835056276777,0.21709013431043944,0.0,0.9722222222222222,0.009259259259259259,0.2319354157781236,0.14796586470342787,2.4443747515077883,20,20,7.318001985549927
798,,0.1966697038135249,0.006781713924604306,-0.0157817330211401,1.0,1.0,1.0,1.0,1.0,0.47692307692307695,0.47692307692307695,0.046153846153846156,0.5080617526369491,0.3310344827586207,0.3310344827586207,2.9655172413793105,0.9673260534014377,0.14923031476159132,0.0,-0.14476506515951926,0.0,0.0,0.11794871794871795,0.5025641025641026,0.37948717948717947,0.2512820512820513,0.2512820512820513,nan,nan,0.15447445905999976,0.3582582435365147,0.030612244897959183,0.5540540540540541,0.04054054054054054,0.28715550154703584,0.13792518678544452,2.0103537758788383,20,20,14.324421644210815
799,,0.17549403918189685,0.006499779228959142,0.013977213576436043,0.95,0.95,0.95,0.9611650485436893,1.0,0.06,0.92,0.02,0.47033919174821304,0.05925925925925926,0.05925925925925926,5.481481481481482,0.8845813649422061,0.3118865355870073,0.0,-0.09605904151514733,0.0,0.0,0.165,0.11,0.725,0.12,0.12,nan,nan,0.08613947922832138,0.29342874400205976,0.0,0.9448275862068966,0.006896551724137931,0.22260630351656244,-0.08928023207044487,3.119403253149726,20,20,8.826694965362549
800,,0.1689312272004375,0.005449394425820564,-0.010324281454086304,0.95,0.95,0.95,0.9660194174757282,1.0,0.014925373134328358,0.9701492537313433,0.014925373134328358,0.47463048057360274,0.01129032258064516,0.01129032258064516,5.483870967741935,0.893396733779505,0.2869543855781068,0.0,-0.07460678256823772,0.0,0.0,0.13930348258706468,0.26865671641791045,0.5920398009950248,0.26865671641791045,0.26865671641791045,nan,nan,0.0780124155379286,0.2851617255651142,0.0,0.9747899159663865,0.0,0.22021825876495013,-0.06673612681315669,2.5227369743601784,20,20,9.2420973777771
801,,0.19336372169564,0.0074370662190630776,-0.00542309507727623,1.0,1.0,1.0,1.0,0.0,0.1746031746031746,0.8253968253968254,0.0,0.4781255844928987,0.1576923076923077,0.1576923076923077,4.076923076923077,0.9840404669239174,0.08939346219984176,0.0,0.0,0.0,0.0,0.1693121693121693,0.4444444444444444,0.3862433862433862,0.31216931216931215,0.31216931216931215,nan,nan,0.08089949778241422,0.38422626882036715,0.0,0.9726027397260274,0.0,0.23477055164910535,0.14537708944926359,2.5786064087895633,20,20,7.132885932922363
802,,0.1877673619222596,0.008534880087375437,-0.024532176554203033,1.0,1.0,1.0,1.0,0.0,0.2894736842105263,0.7105263157894737,0.0,0.4928242811107669,0.15454545454545454,0.15454545454545454,4.863636363636363,0.9912173230666792,0.06556865061776182,0.0,0.0,0.0,0.0,0.16842105263157894,0.24210526315789474,0.5894736842105263,0.24210526315789474,0.24210526315789474,nan,nan,0.07364909338712718,0.2973488146869514,0.0,0.7053571428571429,0.0,0.22369835459079415,0.15812970397303233,2.94095061853656,20,20,6.245335340499878
803,,0.18582241548508188,0.007742600645211745,-0.011122966557741166,1.0,1.0,1.0,1.0,1.0,0.07881773399014778,0.9064039408866995,0.014778325123152709,0.4900585045780948,0.03333333333333333,0.03333333333333333,6.666666666666667,0.9749486936162595,0.09344684658618962,0.0,-0.06798903309544473,0.0,0.0,0.15270935960591134,0.23645320197044334,0.6108374384236454,0.2413793103448276,0.2413793103448276,nan,nan,0.06469731657126529,0.16088633525020657,0.0,0.9435483870967742,0.016129032258064516,0.2400759370592,0.14662909047301037,3.2143138998059295,20,20,8.14371371269226
804,,0.19211127843767808,0.017464661676152553,-0.01739675849676132,1.0,1.0,1.0,1.0,1.0,0.5873015873015873,0.3888888888888889,0.023809523809523808,0.48716008025380275,0.04090909090909091,0.04090909090909091,0.9090909090909091,0.9991443001110718,0.022347054033269087,0.0,-0.06408522891297101,0.0,0.0,0.25396825396825395,0.2777777777777778,0.46825396825396826,0.25396825396825395,0.25396825396825395,nan,nan,0.0401672907120599,0.15246300107077623,0.0,0.2711864406779661,0.01694915254237288,0.2062630589639052,0.18391600493063612,2.348211163871208,20,20,2.4807913303375244
805,,0.1880333744855464,0.015669447873795535,-0.024970508366823196,1.0,1.0,1.0,1.0,0.0,0.18181818181818182,0.8181818181818182,0.0,0.4822133122982147,0.020833333333333332,0.020833333333333332,2.5833333333333335,0.9980410832637256,0.038836699109998124,0.0,0.0,0.0,0.0,0.18181818181818182,0.3484848484848485,0.4696969696969697,0.3106060606060606,0.3106060606060606,nan,nan,0.04361218913467062,0.24465761576017436,0.0,0.8225806451612904,0.0,0.20627577187079882,0.1674390727608007,3.0938265270754854,20,20,2.9488189220428467
806,,0.1820339442693937,0.004790366954457729,-0.009996990393847226,1.0,1.0,1.0,1.0,1.0,0.18007662835249041,0.7969348659003831,0.022988505747126436,0.47028412403210257,0.16052631578947368,0.16052631578947368,5.2894736842105265,0.980329363629591,0.0867304550640226,0.0,-0.1226499842816267,0.0,0.0,0.14942528735632185,0.3524904214559387,0.49808429118773945,0.28735632183908044,0.28735632183908044,nan,nan,0.06942523409132453,0.2776907053336938,0.0,0.8769230769230769,0.0,0.22134472504032132,0.13461426997629872,2.4120069352503384,20,20,12.90461254119873
807,,0.18492137380017326,0.006604334778577616,-0.03395417500287294,1.0,1.0,1.0,1.0,1.0,0.3787878787878788,0.601010101010101,0.020202020202020204,0.4819696366969895,0.22678571428571428,0.22678571428571428,2.9285714285714284,0.9928984323754412,0.05853220803953574,0.0,-0.059494095014583095,0.0,0.0,0.10606060606060606,0.6515151515151515,0.24242424242424243,0.3434343434343434,0.3434343434343434,nan,nan,0.07832445685786167,0.35146325208860135,0.015503875968992248,0.8333333333333334,0.0,0.2146029363242494,0.15607072828471366,2.0049759837806143,20,20,7.837212800979614
808,,0.16823654115341538,0.004205913528835385,0.04981510763367017,0.9,0.9,0.9,0.9885057471264368,1.0,0.5019305019305019,0.4594594594594595,0.03861003861003861,0.4709751905562007,0.43625,0.43625,2.65,0.9076444077125829,0.20600476052673322,0.0,-0.22724689368311682,0.0,0.0,0.11583011583011583,0.5791505791505791,0.305019305019305,0.305019305019305,0.305019305019305,nan,nan,0.14880646647567916,0.4511580031930755,0.013333333333333334,0.5822784810126582,0.012658227848101266,0.21426386250350973,0.008259101976776498,1.954712821272017,20,20,24.64301824569702
809,,0.18565967676335615,0.0042195381082580944,-0.019518808213373026,1.0,1.0,1.0,1.0,1.0,0.2462686567164179,0.7238805970149254,0.029850746268656716,0.4982633514329791,0.2409090909090909,0.2409090909090909,3.477272727272727,0.978568221243474,0.08954874388384274,0.0,-0.20403796484147993,0.0,0.0,0.10820895522388059,0.75,0.1417910447761194,0.5671641791044776,0.5671641791044776,nan,nan,0.07977928475551907,0.3859809755182351,0.009950248756218905,0.8157894736842105,0.0,0.23126814672303386,0.14171940283919113,2.2579573635731434,20,20,13.338174819946289
810,,0.16975738546390481,0.006062763766568029,0.02455204874277115,0.95,0.95,0.95,0.9895287958115183,1.0,0.1518324607329843,0.8219895287958116,0.02617801047120419,0.5093505769963875,0.10357142857142858,0.10357142857142858,3.5357142857142856,0.8958383680913126,0.2850340285619883,20.0,-0.07474829042100592,0.2,0.016958630077114456,0.13612565445026178,0.5863874345549738,0.2774869109947644,0.5287958115183246,0.5287958115183246,nan,nan,0.042460939821670915,0.2419542597069977,0.0,0.8490566037735849,0.018867924528301886,0.21428935768720517,-0.07074467087478312,2.3830660840256934,20,20,7.3221752643585205
811,,0.1896169868754003,0.01896169868754003,-0.0020269542932510377,1.0,1.0,1.0,1.0,0.0,0.022900763358778626,0.9770992366412213,0.0,0.4352927030599676,0.0,0.0,3.2,0.9987202988478456,0.025069956644631658,0.0,0.0,0.0,0.0,0.183206106870229,0.2366412213740458,0.5801526717557252,0.25190839694656486,0.25190839694656486,nan,nan,0.039692060315457654,0.20622431186660606,0.0,0.9868421052631579,0.0,0.2013325107866148,0.17626255414198314,3.1851144934307403,20,20,2.988046646118164
812,,0.18089064117753798,0.007864810485979912,-0.024887986481189728,1.0,1.0,1.0,1.0,1.0,0.2828282828282828,0.696969696969697,0.020202020202020204,0.48379901667604314,0.18043478260869567,0.18043478260869567,4.086956521739131,0.9902697010457829,0.07153008546346812,0.0,-0.07806344434712309,0.0,0.0,0.12121212121212122,0.48484848484848486,0.3939393939393939,0.3282828282828283,0.3282828282828283,nan,nan,0.06037447637443247,0.3089842111433769,0.010416666666666666,0.7692307692307693,0.01282051282051282,0.2228936007690714,0.15136351530560327,2.469882068523596,20,20,6.574952125549316
813,,0.18182823636793113,0.00673437912473819,-0.025670313416048883,1.0,1.0,1.0,1.0,1.0,0.15311004784688995,0.8325358851674641,0.014354066985645933,0.4934382761270239,0.06111111111111111,0.06111111111111111,5.148148148148148,0.9874510419021333,0.07624822521679575,33.33333333333333,-0.0483824633162282,0.3333333333333333,0.016261540203409364,0.16267942583732056,0.3397129186602871,0.49760765550239233,0.3157894736842105,0.3157894736842105,nan,nan,0.04350074402232304,0.15658276358394718,0.0,0.9326923076923077,0.009615384615384616,0.22840381942723628,0.15215559421044053,2.5025757614793043,20,20,8.059858798980713
814,,0.1885561288185392,0.017141466256230836,-0.021702072024345397,1.0,1.0,1.0,1.0,1.0,0.21641791044776118,0.7761194029850746,0.007462686567164179,0.484349774510007,0.004545454545454545,0.004545454545454545,3.6363636363636362,0.9982585632454587,0.033583664720054945,0.0,-0.04863290666610241,0.0,0.0,0.16417910447761194,0.40298507462686567,0.43283582089552236,0.2835820895522388,0.2835820895522388,nan,nan,0.041651453798045274,0.24539036343130724,0.0,0.9482758620689655,0.0,0.20188807281387056,0.1683044080938156,3.8154308876234007,20,20,3.757451057434082
815,,0.17707933494246608,0.007083173397698643,-0.019401451200246812,1.0,1.0,1.0,1.0,1.0,0.09852216748768473,0.8916256157635468,0.009852216748768473,0.5084674803642556,0.096,0.096,5.44,0.9811317830803467,0.07202428499659869,50.0,0.05116193999663135,0.5,0.18707916708598762,0.1477832512315271,0.3251231527093596,0.5270935960591133,0.30049261083743845,0.30049261083743845,nan,nan,0.05658653254637016,0.251647056210934,0.0,0.9158878504672897,0.009345794392523364,0.2109381978082313,0.13891391281163262,2.7300374651311428,20,20,7.757984399795532
816,,0.19559572992941263,0.016299644160784384,-0.016694326512515546,1.0,1.0,1.0,1.0,1.0,0.3795620437956204,0.583941605839416,0.0364963503649635,0.50910128745345,0.025,0.025,0.6666666666666666,0.9936079510013988,0.07443570723668294,40.0,-0.04172415008915901,0.4,0.00462347995680203,0.19708029197080293,0.5109489051094891,0.291970802919708,0.26277372262773724,0.26277372262773724,nan,nan,0.049123290641782065,0.22797446504884733,0.014285714285714285,0.725,0.025,0.25294348023069557,0.17850777299401263,2.762152908094004,20,20,3.332200765609741
817,,0.18600834708816563,0.005314524202519018,0.024737342074513436,0.95,0.95,0.95,0.99,1.0,0.5472636815920398,0.34328358208955223,0.10945273631840796,0.5254786197119392,0.3657142857142857,0.3657142857142857,1.0571428571428572,0.9407973079822852,0.2369785627134039,22.727272727272727,-0.10066007557998095,0.22727272727272727,0.059013612042099275,0.11442786069651742,0.7562189054726368,0.12935323383084577,0.26865671641791045,0.26865671641791045,nan,nan,0.11508923920515739,0.42434900112021656,0.07894736842105263,0.6153846153846154,0.0,0.2409476975470892,0.003969134833685314,1.7849424030722685,20,20,10.24473524093628
818,,0.1905059340625371,0.015875494505211425,-0.021739532239735126,1.0,1.0,1.0,1.0,1.0,0.29770992366412213,0.6870229007633588,0.015267175572519083,0.4799829908142177,0.0125,0.0125,1.5833333333333333,0.9986443454910026,0.02983865658203344,50.0,-0.019697405411151198,0.5,0.003468230245470799,0.20610687022900764,0.183206106870229,0.6106870229007634,0.1297709923664122,0.1297709923664122,nan,nan,0.05242282616291951,0.303277757884372,0.0,0.7,0.0125,0.20948543888405696,0.17964678230202352,2.240698665906467,20,20,3.4219348430633545
819,,0.17254683169523394,0.006162386846258355,0.009099150262773036,0.95,0.95,0.95,0.9901477832512315,1.0,0.06467661691542288,0.900497512437811,0.03482587064676617,0.5229456921004645,0.10357142857142858,0.10357142857142858,4.964285714285714,0.958039090912988,0.18572299349566662,28.57142857142857,-0.16743514100659976,0.2857142857142857,0.008088807429430217,0.21393034825870647,0.19402985074626866,0.5920398009950248,0.22388059701492538,0.22388059701492538,nan,nan,0.053421304140863796,0.17887289616352076,0.0,0.957983193277311,0.01680672268907563,0.2186338740982623,0.03291088060259566,2.796508749508282,20,20,7.83343243598938
820,,0.19405176285100878,0.005544336081457393,-0.026615695096552372,1.0,1.0,1.0,1.0,1.0,0.6076555023923444,0.28708133971291866,0.10526315789473684,0.5327700370982555,0.35,0.35,0.5428571428571428,0.9951075047630884,0.06300047444687479,18.181818181818183,-0.0780366417946231,0.18181818181818182,0.10665948402937693,0.09569377990430622,0.8277511961722488,0.07655502392344497,0.23444976076555024,0.23444976076555024,nan,nan,0.12201568544639724,0.34599319516163607,0.06936416184971098,0.3125,0.0625,0.2251255236914662,0.16212504924459142,1.9940700517138568,20,20,17.240804433822632
821,,0.16881380602024512,0.003751417911561003,0.010510407264033954,0.95,0.95,0.95,0.9704797047970479,1.0,0.0830188679245283,0.8377358490566038,0.07924528301886792,0.5163233250750798,0.15444444444444444,0.15444444444444444,4.844444444444444,0.8891362748038114,0.28429814738892123,4.761904761904762,-0.2960827566090658,0.047619047619047616,0.09293435577336501,0.09811320754716982,0.6981132075471698,0.2037735849056604,0.6226415094339622,0.6226415094339622,nan,nan,0.058497920180341424,0.3587430978230052,0.02702702702702703,0.9444444444444444,0.018518518518518517,0.23534926201760337,-0.04894888537131789,2.373559660657496,20,20,16.674485206604004
822,,0.18398486086602062,0.008761183850762886,0.002333591505885124,1.0,1.0,1.0,1.0,1.0,0.13157894736842105,0.8473684210526315,0.021052631578947368,0.5010053368656718,0.10714285714285714,0.10714285714285714,6.619047619047619,0.9869357457455987,0.0668088800841358,25.0,-0.09685546263472797,0.25,0.015442053078215806,0.12631578947368421,0.33157894736842103,0.5421052631578948,0.3368421052631579,0.3368421052631579,nan,nan,0.05271110867351928,0.1851636907991612,0.0,0.8252427184466019,0.019417475728155338,0.21524533320031158,0.1484364531161758,2.6652246516121196,20,20,7.4482526779174805
823,,0.16913622700579037,0.004832463628736868,0.04682643823325634,0.9,0.9,0.9,0.9264705882352942,0.9285714285714286,0.643979057591623,0.2774869109947644,0.07853403141361257,0.5060625715650219,0.2957142857142857,0.2957142857142857,0.4857142857142857,0.8372301093369485,0.2867229887855837,33.33333333333333,-0.052443417326819626,0.3333333333333333,0.010504833074955252,0.09947643979057591,0.8586387434554974,0.041884816753926704,0.2670157068062827,0.2670157068062827,nan,nan,0.11121218819406822,0.3310628908358362,0.03048780487804878,0.375,0.25,0.2317221675887307,-0.055000821196853025,1.9942005657430164,20,20,18.76862859725952
824,,0.1879118708237154,0.014454759294131954,-0.02677356181666255,1.0,1.0,1.0,1.0,1.0,0.2537313432835821,0.7014925373134329,0.04477611940298507,0.47033401051169044,0.038461538461538464,0.038461538461538464,0.6153846153846154,0.9988513167134286,0.023871150225567184,0.0,-0.10054161157961207,0.0,0.0,0.1865671641791045,0.35074626865671643,0.4626865671641791,0.26865671641791045,0.26865671641791045,nan,nan,0.026661580411806864,0.14235661934513455,0.0,0.8225806451612904,0.0,0.20189948112527678,0.1780283308997096,2.6588582545918045,20,20,2.878148078918457
825,,0.16744202340756936,0.00540135559379256,0.041256777942180634,0.9,0.9,0.9,0.9849246231155779,1.0,0.3147208121827411,0.6395939086294417,0.04568527918781726,0.5245698318981956,0.1935483870967742,0.1935483870967742,2.2903225806451615,0.8887006451185663,0.21238867818884616,0.0,-0.20242750890694156,0.0,0.0,0.15736040609137056,0.5076142131979695,0.3350253807106599,0.4416243654822335,0.4416243654822335,nan,nan,0.07335062048665979,0.29804613619869663,0.02,0.4696969696969697,0.015151515151515152,0.20923386863852209,-0.0031548095503240725,2.0621303824694683,20,20,9.360055923461914
826,,0.1913164679066137,0.017392406173328517,-0.006725390162318945,1.0,1.0,1.0,1.0,1.0,0.25,0.734375,0.015625,0.4708762191103729,0.045454545454545456,0.045454545454545456,1.6363636363636365,0.9985595774160891,0.024296317671612444,0.0,-0.053787194961667076,0.0,0.0,0.1875,0.4921875,0.3203125,0.3515625,0.3515625,nan,nan,0.03176507172461211,0.2035199630239284,0.0,0.9024390243902439,0.0,0.20298988031990728,0.17869356264829483,3.144260936178564,20,20,3.1751842498779297
827,,0.19070349436666287,0.01733668130606026,-0.013565007969737053,1.0,1.0,1.0,1.0,1.0,0.4453125,0.53125,0.0234375,0.46034147395667707,0.022727272727272728,0.022727272727272728,0.9090909090909091,0.9989274084219228,0.02183275563832343,33.33333333333333,-0.02084801213245943,0.3333333333333333,0.0271751000315317,0.2109375,0.5390625,0.25,0.3671875,0.3671875,nan,nan,0.032320624692154756,0.178629724589868,0.014492753623188406,0.5625,0.0,0.20147803317756927,0.17964527753924583,2.591904427456317,20,20,2.6230103969573975
828,,0.18870502481881407,0.017155002256255825,-0.013915880955755711,1.0,1.0,1.0,1.0,1.0,0.5652173913043478,0.41304347826086957,0.021739130434782608,0.5145496691566553,0.031818181818181815,0.031818181818181815,1.6363636363636365,0.9987469266396866,0.028668742783550555,0.0,-0.0332515836838178,0.0,0.0,0.21739130434782608,0.12318840579710146,0.6594202898550725,0.14492753623188406,0.14492753623188406,nan,nan,0.043691879120341434,0.1772277536040456,0.0,0.4175824175824176,0.0,0.2069959949238902,0.17832725214033965,2.091215107343922,20,20,4.2534499168396
829,,0.17910262675424293,0.006888562567470882,-0.01840876378118992,1.0,1.0,1.0,1.0,1.0,0.5099009900990099,0.45544554455445546,0.034653465346534656,0.5086039037480077,0.31153846153846154,0.31153846153846154,2.5384615384615383,0.9600262770603208,0.18348144731991411,42.857142857142854,-0.04994191538315312,0.42857142857142855,0.018865159126196022,0.10396039603960396,0.5396039603960396,0.3564356435643564,0.2722772277227723,0.2722772277227723,nan,nan,0.08885132952879721,0.3587582486267443,0.01834862385321101,0.5416666666666666,0.041666666666666664,0.21055931725647686,0.027077869936562762,1.9177518621708156,20,20,12.933576822280884
830,,0.16777537115918661,0.005242980348724582,-0.0014389777556061746,0.95,0.95,0.95,0.9903846153846154,1.0,0.1201923076923077,0.8653846153846154,0.014423076923076924,0.52681846382402,0.0640625,0.0640625,4.28125,0.8961764008588518,0.28361992908178296,0.0,-0.18110998109076695,0.0,0.0,0.16346153846153846,0.47596153846153844,0.3605769230769231,0.46634615384615385,0.46634615384615385,nan,nan,0.05880800274040444,0.22417962408687117,0.0,0.9333333333333333,0.0,0.2237250632663792,-0.05989486581540376,2.191800335207046,20,20,8.780528783798218
831,,0.1816473624018098,0.007897711408774339,-0.006982728838920593,1.0,1.0,1.0,1.0,1.0,0.2,0.7761904761904762,0.023809523809523808,0.48883144418106655,0.12173913043478261,0.12173913043478261,4.869565217391305,0.992327805893852,0.05375718166230917,0.0,-0.15117994189899622,0.0,0.0,0.17142857142857143,0.20476190476190476,0.6238095238095238,0.15714285714285714,0.15714285714285714,nan,nan,0.057730275363431886,0.20194748569096602,0.0,0.8625954198473282,0.0,0.20757114154295173,0.15381395988064256,2.7545864247860723,20,20,7.211546421051025
832,,0.19853774665575535,0.007941509866230214,0.009052967466413975,1.0,1.0,1.0,1.0,1.0,0.5748792270531401,0.4106280193236715,0.014492753623188406,0.534240364377154,0.334,0.334,2.24,0.9856375266926375,0.09518761113508636,33.33333333333333,-0.0401994798972715,0.3333333333333333,0.025739160250529164,0.0821256038647343,0.714975845410628,0.2028985507246377,0.28502415458937197,0.28502415458937197,nan,nan,0.12453302637080127,0.37785059868299625,0.013513513513513514,0.5714285714285714,0.0,0.24888169572237367,0.1536940845872873,1.4961032096486417,20,20,14.875674486160278
833,,0.1790476214740883,0.005266106513943773,-0.029598144069314002,1.0,1.0,1.0,1.0,1.0,0.20074349442379183,0.7769516728624535,0.022304832713754646,0.5179444546064855,0.18676470588235294,0.18676470588235294,5.470588235294118,0.9846211362760777,0.09284085277578719,0.0,-0.1876001414867111,0.0,0.0,0.16356877323420074,0.3940520446096654,0.4423791821561338,0.37174721189591076,0.37174721189591076,nan,nan,0.06535063427149931,0.2707845806282675,0.0,0.8151260504201681,0.0,0.23178627136850505,0.13894541859271786,2.7211854234048936,20,20,14.463025093078613
834,,0.18495813325819152,0.007398325330327661,-0.015190442837774754,1.0,1.0,1.0,1.0,0.0,0.3015075376884422,0.6984924623115578,0.0,0.4919255294604227,0.162,0.162,4.64,0.9897717075345281,0.06913911549693869,0.0,0.0,0.0,0.0,0.10552763819095477,0.4020100502512563,0.49246231155778897,0.32663316582914576,0.32663316582914576,nan,nan,0.06732222966292578,0.23436053544353797,0.0,0.7040816326530612,0.0,0.21761855933710722,0.14847944384016853,2.0843182678591483,20,20,7.5100417137146
835,,0.18372711109172077,0.006124237036390692,-0.02247229372151196,1.0,1.0,1.0,1.0,1.0,0.3605769230769231,0.6105769230769231,0.028846153846153848,0.5114069238033456,0.21333333333333335,0.21333333333333335,2.7666666666666666,0.9896346832213634,0.0751054874836106,0.0,-0.13765225675130047,0.0,0.0,0.14903846153846154,0.40865384615384615,0.4423076923076923,0.24519230769230768,0.24519230769230768,nan,nan,0.07283292813356647,0.2711530232700378,0.011764705882352941,0.6739130434782609,0.0,0.22064065926360116,0.14553517177999056,2.1177712548377214,20,20,8.764455795288086
836,,0.19162415142524603,0.021291572380582893,-0.0037884848192334176,1.0,1.0,1.0,1.0,0.0,0.9523809523809523,0.047619047619047616,0.0,0.5183370003269778,0.06666666666666667,0.06666666666666667,1.0,0.9991454551918258,0.027863263682947975,0.0,0.0,0.0,0.0,0.16666666666666666,0.4603174603174603,0.373015873015873,0.14285714285714285,0.14285714285714285,nan,nan,0.025077034698678054,0.0766784299577034,0.0,0.06382978723404255,0.0,0.2081553783880081,0.18029211470506012,1.568640269745624,20,20,4.0834269523620605
837,,0.19031948381316746,0.017301771255742497,-0.02559104673564434,1.0,1.0,1.0,1.0,0.0,0.27906976744186046,0.7209302325581395,0.0,0.5033724211717279,0.022727272727272728,0.022727272727272728,1.5454545454545454,0.999253143583762,0.018837013985868456,0.0,0.0,0.0,0.0,0.17829457364341086,0.34108527131782945,0.4806201550387597,0.35658914728682173,0.35658914728682173,nan,nan,0.035408753370435433,0.1879363766037245,0.0,0.6451612903225806,0.0,0.19656448748195496,0.1777274734960865,2.6188236850265643,20,20,3.1652274131774902
838,,0.17990412348913484,0.007496005145380618,0.009170866012573243,1.0,1.0,1.0,1.0,1.0,0.014705882352941176,0.9803921568627451,0.004901960784313725,0.4962594499493813,0.008333333333333333,0.008333333333333333,7.625,0.981373625794663,0.09038086628822392,0.0,-0.022082527461968676,0.0,0.0,0.11764705882352941,0.35784313725490197,0.5245098039215687,0.36764705882352944,0.36764705882352944,nan,nan,0.05831154243565341,0.18527849848261785,0.0,0.9906542056074766,0.009345794392523364,0.23594551421403834,0.14556464792581442,2.6079113291573313,20,20,8.206451177597046
839,,0.1914213644147782,0.01914213644147782,0.0015925036743283272,1.0,1.0,1.0,1.0,1.0,0.848,0.136,0.016,0.5018034896906465,0.09,0.09,1.1,0.9981866128036311,0.029650026582942912,0.0,-0.012987300246863068,0.0,0.0,0.168,0.536,0.296,0.168,0.168,nan,nan,0.03609515173435927,0.16047978721092626,0.014925373134328358,0.05405405405405406,0.0,0.20252909368800912,0.1728790671050662,1.8782059174053727,20,20,4.3319807052612305
840,,0.16883809889825385,0.005627936629941795,0.04468291066586971,0.95,0.95,0.95,0.9950980392156863,1.0,0.20588235294117646,0.7794117647058824,0.014705882352941176,0.5365882977331057,0.12166666666666667,0.12166666666666667,4.066666666666666,0.897853427473914,0.2762224514665417,0.0,-0.07160447340473279,0.0,0.0,0.13725490196078433,0.39215686274509803,0.47058823529411764,0.3333333333333333,0.3333333333333333,nan,nan,0.05779073598655278,0.21159146233874535,0.0,0.8333333333333334,0.020833333333333332,0.20827139886097643,-0.06795105260556525,2.35680902473387,20,20,8.730932712554932
841,,0.17934629256480547,0.006184354916027775,0.03197755590081215,0.95,0.95,0.95,0.9949748743718593,1.0,0.702020202020202,0.2878787878787879,0.010101010101010102,0.5266393335889382,0.4068965517241379,0.4068965517241379,1.0,0.9430871574434248,0.20987024430616813,0.0,-0.08033510472157096,0.0,0.0,0.1111111111111111,0.797979797979798,0.09090909090909091,0.24242424242424243,0.24242424242424243,nan,nan,0.11822841392175099,0.3762167824214427,0.0,0.3888888888888889,0.0,0.21582352229130525,0.005953277985137104,1.6043391565088347,20,20,13.738820314407349
842,,0.19244525434296542,0.017495023122087765,-0.008541233092546462,1.0,1.0,1.0,1.0,0.0,0.6030534351145038,0.3969465648854962,0.0,0.5111469232138585,0.045454545454545456,0.045454545454545456,1.3636363636363635,0.9989192164889755,0.03066716523421978,0.0,0.0,0.0,0.0,0.20610687022900764,0.4351145038167939,0.35877862595419846,0.20610687022900764,0.20610687022900764,nan,nan,0.04263624835888314,0.2433306941264919,0.0,0.3829787234042553,0.0,0.2129346797275055,0.1822675144932857,1.9205456921919324,20,20,3.0382184982299805
843,,0.18031049032102908,0.006010349677367636,-0.00876540131866932,1.0,1.0,1.0,1.0,1.0,0.32019704433497537,0.6748768472906403,0.0049261083743842365,0.5072625125339255,0.15333333333333332,0.15333333333333332,3.1666666666666665,0.9876844056825758,0.07753149325614644,0.0,-0.06040889502311106,0.0,0.0,0.12315270935960591,0.6108374384236454,0.2660098522167488,0.4482758620689655,0.4482758620689655,nan,nan,0.057008344739550035,0.27509419420805487,0.0,0.7777777777777778,0.0,0.21371475597129413,0.1361832627151477,2.1889287464093967,20,20,7.918170928955078
844,,0.19728988450552137,0.019728988450552137,0.0006513749249279499,1.0,1.0,1.0,1.0,0.0,0.8148148148148148,0.18518518518518517,0.0,0.5223770650476217,0.06,0.06,1.2,0.9972345515185024,0.03932362579277682,0.0,0.0,0.0,0.0,0.16296296296296298,0.5185185185185185,0.31851851851851853,0.15555555555555556,0.15555555555555556,nan,nan,0.04433482128377446,0.12026355170642485,0.0,0.23255813953488372,0.0,0.22525580539746282,0.185932179604686,1.614559082263532,20,20,4.607228517532349
845,,0.18709612774696016,0.018709612774696016,-0.009353778138756753,1.0,1.0,1.0,1.0,0.0,0.029411764705882353,0.9705882352941176,0.0,0.46268725806032307,0.0,0.0,2.9,0.9983570321784426,0.030469413289560265,0.0,0.0,0.0,0.0,0.14705882352941177,0.5367647058823529,0.3161764705882353,0.5220588235294118,0.5220588235294118,nan,nan,0.025235752268452923,0.1504261205556881,0.0,1.0,0.0,0.2050180285543459,0.17454861526478563,2.851446691540942,20,20,3.0833075046539307
846,,0.19017515260642293,0.017288650236947537,-0.017012059316039087,1.0,1.0,1.0,1.0,0.0,0.381294964028777,0.6187050359712231,0.0,0.4983250922227109,0.03636363636363636,0.03636363636363636,1.0909090909090908,0.9992885941743592,0.022114908483295698,0.0,0.0,0.0,0.0,0.2014388489208633,0.3669064748201439,0.4316546762589928,0.28776978417266186,0.28776978417266186,nan,nan,0.03717649226410497,0.18836778295016113,0.0,0.6666666666666666,0.0,0.2003216650452949,0.1782067565619992,2.204668544181923,20,20,2.90134596824646
847,,0.18565332575652824,0.0045281298965006885,-0.022993790761878092,1.0,1.0,1.0,1.0,1.0,0.2,0.7703703703703704,0.02962962962962963,0.49895704987305556,0.16219512195121952,0.16219512195121952,4.658536585365853,0.9827168283879159,0.08576817151877181,0.0,-0.18917048129496683,0.0,0.0,0.15555555555555556,0.5407407407407407,0.3037037037037037,0.4703703703703704,0.4703703703703704,nan,nan,0.060174921758343006,0.28398568628683973,0.0,0.8658536585365854,0.0,0.23908658179535652,0.15331841027658472,2.0122722450921406,20,20,14.11005973815918
848,,0.18008744292164325,0.006669905293394195,0.009922769479453563,0.95,0.95,0.95,0.9850746268656716,1.0,0.705,0.27,0.025,0.5062881015042809,0.40370370370370373,0.40370370370370373,1.0740740740740742,0.9682498196470857,0.16804801079970416,20.0,-0.21640526735990714,0.2,0.0037282053776021007,0.16,0.42,0.42,0.25,0.25,nan,nan,0.10223562022744959,0.38339702507732326,0.0,0.25,0.03571428571428571,0.2141932240980412,0.04614521329833704,2.1091654931835175,20,20,13.041818141937256
849,,0.1800801181746529,0.0064314327919518886,-0.012014853954315185,1.0,1.0,1.0,1.0,1.0,0.165,0.82,0.015,0.49816677801510584,0.11071428571428571,0.11071428571428571,5.071428571428571,0.9840706091526256,0.0794974324631258,0.0,-0.15801740744863613,0.0,0.0,0.17,0.275,0.555,0.24,0.24,nan,nan,0.07428832172586201,0.3508073952202589,0.0,0.8198198198198198,0.0,0.22376911024493357,0.14427167778180777,2.302427699259862,20,20,9.388564109802246
850,,0.1862535026781859,0.007450140107127436,0.011432516761124134,1.0,1.0,1.0,1.0,0.0,0.22110552763819097,0.7788944723618091,0.0,0.4892249176395126,0.118,0.118,4.4,0.9906388508802523,0.06823008625038857,0.0,0.0,0.0,0.0,0.135678391959799,0.46733668341708545,0.3969849246231156,0.3969849246231156,0.3969849246231156,nan,nan,0.07531707089176201,0.27097358305659736,0.0,0.7721518987341772,0.0,0.2218150254731724,0.15358493922278382,2.0997737209712755,20,20,7.573288440704346
851,,0.18011937413786666,0.005297628651113725,-0.01679354840889573,1.0,1.0,1.0,1.0,1.0,0.022727272727272728,0.9431818181818182,0.03409090909090909,0.501576615026159,0.047058823529411764,0.047058823529411764,7.970588235294118,0.979837561717847,0.08924519812473694,0.0,-0.17854058002773446,0.0,0.0,0.14393939393939395,0.11742424242424243,0.7386363636363636,0.12878787878787878,0.12878787878787878,nan,nan,0.07358460044733386,0.15283232211141765,0.0,0.9948717948717949,0.0,0.23036992128867434,0.1411247231639374,2.655797779930076,20,20,13.001933813095093
852,,0.1781749114689572,0.004345729548023346,0.014308620740969976,0.95,0.95,0.95,0.9960159362549801,1.0,0.4820717131474104,0.47410358565737054,0.043824701195219126,0.5109578456626013,0.41097560975609754,0.41097560975609754,2.682926829268293,0.9209175154149873,0.26087154574276816,0.0,-0.1708653513552237,0.0,0.0,0.09561752988047809,0.5258964143426295,0.3784860557768924,0.2948207171314741,0.2948207171314741,nan,nan,0.13848103806051462,0.4658924343367399,0.030303030303030304,0.4631578947368421,0.0,0.22312414966758595,-0.037747396075182196,1.7891270902598604,20,20,25.026573419570923
853,,0.1813799565362327,0.004318570393719827,0.017664419983824096,0.9,0.9,0.9,0.9490909090909091,0.8333333333333334,0.7290076335877863,0.2480916030534351,0.022900763358778626,0.5339468120580152,0.5797619047619048,0.5797619047619048,0.7380952380952381,0.8883258635194622,0.2676724082855479,16.666666666666664,-0.18574255924728353,0.16666666666666666,0.02844897055018708,0.07251908396946564,0.8969465648854962,0.030534351145038167,0.25190839694656486,0.25190839694656486,nan,nan,0.17798737276579266,0.5674617406523349,0.00851063829787234,0.0,0.125,0.22738998181336512,-0.04028242647218278,1.8208531010784612,20,20,36.31118869781494
854,,0.1837113097534326,0.006334872750118366,-0.01205127378925681,1.0,1.0,1.0,1.0,1.0,0.14705882352941177,0.8480392156862745,0.004901960784313725,0.5119193300839658,0.09482758620689655,0.09482758620689655,5.137931034482759,0.981530502089033,0.11043193019816769,0.0,-0.13105335710782398,0.0,0.0,0.17647058823529413,0.46078431372549017,0.3627450980392157,0.3382352941176471,0.3382352941176471,nan,nan,0.07427719077415228,0.3273086312625098,0.0,0.9864864864864865,0.0,0.25548701816604036,0.14505508796787267,1.7754204120173396,20,20,9.055989265441895
855,,0.16962344580361563,0.006057980207271987,0.0008212737739086151,0.95,0.95,0.95,0.995,0.0,0.095,0.905,0.0,0.5157092564094845,0.10535714285714286,0.10535714285714286,5.25,0.9549858833033379,0.19836841521595722,0.0,0.0,0.0,0.0,0.1,0.52,0.38,0.48,0.48,nan,nan,0.060357573494688024,0.35667459535508633,0.0,0.9078947368421053,0.0,0.23681147488233098,0.03844305966637375,2.70511112904831,20,20,8.323878765106201
856,,0.1877279893368898,0.017066180848808163,-0.012471650447696447,1.0,1.0,1.0,1.0,0.0,0.029850746268656716,0.9701492537313433,0.0,0.48298517595500345,0.0,0.0,2.6363636363636362,0.9990628175269182,0.021335758976421038,0.0,0.0,0.0,0.0,0.1791044776119403,0.21641791044776118,0.6044776119402985,0.208955223880597,0.208955223880597,nan,nan,0.04072770490050795,0.21791304294209005,0.0,0.9629629629629629,0.0,0.1959162139367367,0.17458045496031566,3.088293145966685,20,20,3.078890323638916
857,,0.18231423509371572,0.007926705873639814,-0.0030969591811299325,1.0,1.0,1.0,1.0,1.0,0.2028985507246377,0.7922705314009661,0.004830917874396135,0.45670164427871857,0.13043478260869565,0.13043478260869565,4.6521739130434785,0.9843121179408139,0.08547143860721126,0.0,-0.07283000088983602,0.0,0.0,0.12560386473429952,0.6280193236714976,0.2463768115942029,0.5072463768115942,0.5072463768115942,nan,nan,0.04363286396258229,0.24564888462125448,0.0,0.8627450980392157,0.0,0.21773032655972122,0.13225888795250995,2.4292416811444033,20,20,8.4086275100708
858,,0.18097776948173513,0.007239110779269405,-0.018846914917230607,1.0,1.0,1.0,1.0,1.0,0.527363184079602,0.4577114427860697,0.014925373134328358,0.5001308171404526,0.328,0.328,1.92,0.9973222184636266,0.038032590986951026,33.33333333333333,-0.11873898862666003,0.3333333333333333,0.07169608413566075,0.14925373134328357,0.34328358208955223,0.5074626865671642,0.263681592039801,0.263681592039801,nan,nan,0.07390634199286741,0.2605066335835913,0.0,0.39215686274509803,0.00980392156862745,0.2046168015906809,0.16658421060372988,2.147144751081194,20,20,10.431976318359375
859,,0.18591344661742723,0.006639765950622401,-0.020518843736499547,1.0,1.0,1.0,1.0,1.0,0.3155339805825243,0.6747572815533981,0.009708737864077669,0.5130983406370173,0.2,0.2,3.392857142857143,0.9882205777175291,0.09140331781910568,0.0,-0.1868092575117783,0.0,0.0,0.12135922330097088,0.49029126213592233,0.3883495145631068,0.35436893203883496,0.35436893203883496,nan,nan,0.0700024207682803,0.311402881464257,0.009900990099009901,0.75,0.0,0.22917620721694507,0.13777288939783938,2.1366688354596253,20,20,7.537007093429565
860,,0.17369556860782673,0.00620341316456524,0.029862825572490693,0.95,0.95,0.95,0.9950980392156863,1.0,0.23039215686274508,0.7647058823529411,0.004901960784313725,0.482630270113337,0.10892857142857143,0.10892857142857143,3.357142857142857,0.9074196800523763,0.2689446415093868,0.0,-0.1986622256051088,0.0,0.0,0.1323529411764706,0.5588235294117647,0.3088235294117647,0.45098039215686275,0.45098039215686275,nan,nan,0.04515975889578156,0.182410260678738,0.0,0.7936507936507936,0.0,0.22392266876263925,-0.04502197274674755,2.362608790671028,20,20,8.149161100387573
861,,0.1913592034695251,0.02126213371883612,0.00804428467527032,1.0,1.0,1.0,1.0,1.0,0.4728682170542636,0.5116279069767442,0.015503875968992248,0.5015056913537491,0.06666666666666667,0.06666666666666667,0.6666666666666666,0.9989842552178237,0.029325361452605614,0.0,-0.01281641722291741,0.0,0.0,0.17829457364341086,0.3333333333333333,0.4883720930232558,0.18604651162790697,0.18604651162790697,nan,nan,0.035359011895754335,0.166839737808388,0.046511627906976744,0.4603174603174603,0.0,0.2121602921300898,0.1828349306774842,2.663030351053721,20,20,2.413527250289917
862,,0.1829650672247047,0.007955002922813249,-0.04648065976798534,1.0,1.0,1.0,1.0,0.0,0.01015228426395939,0.9898477157360406,0.0,0.4838595697102352,0.006521739130434782,0.006521739130434782,6.695652173913044,0.9779239983403786,0.08731305175061557,0.0,0.0,0.0,0.0,0.1319796954314721,0.4619289340101523,0.40609137055837563,0.4619289340101523,0.4619289340101523,nan,nan,0.04763152275033029,0.2573556107343506,0.0,0.975,0.0,0.22712347816367517,0.1398104264130596,2.636895968203211,20,20,7.439083814620972
863,,0.18566812608338898,0.0185668126083389,-0.009964412450790406,1.0,1.0,1.0,1.0,0.0,0.3284671532846715,0.6715328467153284,0.0,0.49001998162828386,0.005,0.005,1.8,0.9813708430426453,0.12270605722693377,0.0,0.0,0.0,0.0,0.20437956204379562,0.145985401459854,0.6496350364963503,0.13138686131386862,0.13138686131386862,nan,nan,0.047347897215342535,0.2569428127944466,0.0,0.7415730337078652,0.0,0.19790372923206928,0.07519767200513551,2.7799824623581113,20,20,2.9959301948547363
864,,0.18808326973779727,0.01709847906707248,-0.01539179515093565,1.0,1.0,1.0,1.0,0.0,0.39416058394160586,0.6058394160583942,0.0,0.44965993248095565,0.04090909090909091,0.04090909090909091,1.4545454545454546,0.9988706086647607,0.0234170858771659,0.0,0.0,0.0,0.0,0.24087591240875914,0.2773722627737226,0.48175182481751827,0.21897810218978103,0.21897810218978103,nan,nan,0.03769226610302022,0.1887500536454222,0.0,0.7878787878787878,0.0,0.2029174605791269,0.179500374701961,2.21430940762379,20,20,3.257331371307373
865,,0.1817444798147363,0.006490874279097725,-0.00912371976301074,1.0,1.0,1.0,1.0,1.0,0.0,0.9949748743718593,0.005025125628140704,0.5008316081823848,0.0017857142857142857,0.0017857142857142857,7.0,0.9847797777597664,0.09054043816283547,0.0,-0.1358985279706526,0.0,0.0,0.12060301507537688,0.2562814070351759,0.6231155778894473,0.2562814070351759,0.2562814070351759,nan,nan,0.08467321706044038,0.2673909494009267,0.0,1.0,0.0,0.2295344518886354,0.13899401372579992,3.198538770899915,20,20,9.744961023330688
866,,0.19274245290070605,0.019274245290070605,-0.023314927518367768,1.0,1.0,1.0,1.0,0.0,0.5227272727272727,0.4772727272727273,0.0,0.48758365242742,0.025,0.025,0.5,0.9995178227154345,0.014828370969188709,0.0,0.0,0.0,0.0,0.20454545454545456,0.3560606060606061,0.4393939393939394,0.23484848484848486,0.23484848484848486,nan,nan,0.03534774025740271,0.17100008801200972,0.0,0.46551724137931033,0.0,0.19968224252031547,0.18485387155112676,2.521557123895504,20,20,2.487340211868286
867,,0.1987667111096054,0.007361730041096496,-0.02299983724951744,1.0,1.0,1.0,1.0,1.0,0.8418604651162791,0.14883720930232558,0.009302325581395349,0.5069223506617602,0.5111111111111111,0.5111111111111111,0.3333333333333333,0.9937668398521466,0.053088892067536614,50.0,-0.0031553205440250642,0.5,0.06406797568715375,0.08837209302325581,0.29767441860465116,0.6139534883720931,0.17209302325581396,0.17209302325581396,nan,nan,0.1116586515887995,0.2918046029079242,0.0,0.06060606060606061,0.015151515151515152,0.23305834498614147,0.17996945291860486,2.1454819663395375,20,20,14.735760688781738
868,,0.16370267728288163,0.004547296591191156,0.059204740449786186,0.9,0.9,0.9,0.9902439024390244,1.0,0.3853658536585366,0.6097560975609756,0.004878048780487805,0.4821871162967808,0.14722222222222223,0.14722222222222223,2.1666666666666665,0.8803841874179203,0.24325871738725036,0.0,-0.03741767649203191,0.0,0.0,0.12195121951219512,0.45365853658536587,0.424390243902439,0.3024390243902439,0.3024390243902439,nan,nan,0.07101730508649105,0.30877628025196113,0.0,0.6551724137931034,0.0,0.21081222279248094,-0.032446494594769434,2.5271564257100905,20,20,8.758074283599854
869,,0.18999565148239614,0.018999565148239615,-0.007293725199997425,1.0,1.0,1.0,1.0,0.0,0.3629032258064516,0.6370967741935484,0.0,0.47688958449056373,0.03,0.03,2.2,0.9977755502997878,0.04272186512353912,0.0,0.0,0.0,0.0,0.18548387096774194,0.25,0.5645161290322581,0.2903225806451613,0.2903225806451613,nan,nan,0.034734756172537774,0.1334276508567989,0.0,0.6285714285714286,0.0,0.2216851615368165,0.17896329641327738,2.4415728179131704,20,20,2.9010815620422363
870,,0.19023674615619585,0.01585306217968299,-0.01717225331813097,1.0,1.0,1.0,1.0,0.0,0.366412213740458,0.6335877862595419,0.0,0.4570117206722595,0.041666666666666664,0.041666666666666664,1.6666666666666667,0.9988500967089704,0.02461699285364799,0.0,0.0,0.0,0.0,0.21374045801526717,0.16030534351145037,0.6259541984732825,0.21374045801526717,0.21374045801526717,nan,nan,0.04297637575489673,0.1853083699048505,0.0,0.6219512195121951,0.0,0.20370788808659385,0.17909089523294586,2.1299241041735675,20,20,2.7554028034210205
871,,0.18287448646619578,0.006306016774696406,-0.007879918068647384,0.95,0.95,0.95,0.9900990099009901,1.0,0.38308457711442784,0.6119402985074627,0.004975124378109453,0.4941753478926079,0.21379310344827587,0.21379310344827587,2.5517241379310347,0.9711324075831578,0.15258522204242905,0.0,-0.20834340040568444,0.0,0.0,0.13930348258706468,0.3681592039800995,0.4925373134328358,0.2736318407960199,0.2736318407960199,nan,nan,0.07265120633257668,0.313034188683739,0.0,0.5555555555555556,0.0,0.21715940220746333,0.06457418016503427,2.202026823292298,20,20,8.732569694519043
872,,0.1872232857904357,0.004566421604644774,0.002985807880759239,0.95,0.95,0.95,1.0,1.0,0.5810276679841897,0.4031620553359684,0.015810276679841896,0.49783552991362606,0.48292682926829267,0.48292682926829267,2.268292682926829,0.9321825078938816,0.2653462157391472,0.0,-0.11843910204752714,0.0,0.0,0.09090909090909091,0.49407114624505927,0.4150197628458498,0.1541501976284585,0.1541501976284585,nan,nan,0.17878451482095636,0.48473026147602355,0.016,0.6285714285714286,0.0,0.2566286025825131,-0.00871761315663408,1.653201233632955,20,20,24.68863010406494
873,,0.18089657859394775,0.00753735744141449,-0.050542119145393374,1.0,1.0,1.0,1.0,0.0,0.085,0.915,0.0,0.4671409575258925,0.04583333333333333,0.04583333333333333,6.75,0.9896909070874595,0.06914054050171956,0.0,0.0,0.0,0.0,0.135,0.16,0.705,0.155,0.155,nan,nan,0.0755477041324149,0.3008393319679192,0.0,0.9290780141843972,0.0,0.2214867637624265,0.15234622326070693,2.506032882207176,20,20,8.258601665496826
874,,0.1551326545597222,0.003693634632374338,0.005550955732663472,0.9,0.9,0.9,0.9755102040816327,1.0,0.17427385892116182,0.8049792531120332,0.02074688796680498,0.4719816711952999,0.1630952380952381,0.1630952380952381,5.071428571428571,0.8930102812102781,0.21833077120555947,0.0,-0.15992693661116753,0.0,0.0,0.13278008298755187,0.6514522821576764,0.2157676348547718,0.5643153526970954,0.5643153526970954,nan,nan,0.05509542000321378,0.34704155348914834,0.006369426751592357,0.8846153846153846,0.019230769230769232,0.21523477654275527,-0.0030959946628041912,2.115810106719216,20,20,14.273890018463135
875,,0.18327877612829782,0.007049183697242224,-0.021991317719221117,1.0,1.0,1.0,1.0,1.0,0.034482758620689655,0.9605911330049262,0.0049261083743842365,0.45469937984116243,0.021153846153846155,0.021153846153846155,6.769230769230769,0.9799664725523569,0.10483105009752913,0.0,-0.08711075016802118,0.0,0.0,0.10344827586206896,0.5123152709359606,0.3842364532019704,0.5073891625615764,0.5073891625615764,nan,nan,0.04446450370423188,0.18745103243687739,0.0,0.9487179487179487,0.0,0.24046371283316453,0.1356326627356354,2.9406149147306904,20,20,8.667037010192871
876,,0.18843253766811832,0.017130230697101664,-0.0125592109747231,1.0,1.0,1.0,1.0,1.0,0.2814814814814815,0.7037037037037037,0.014814814814814815,0.44418510732000205,0.022727272727272728,0.022727272727272728,0.8181818181818182,0.9992611663880171,0.01675267058036159,50.0,0.0023818823029110835,0.5,0.012318106720729853,0.24444444444444444,0.362962962962963,0.3925925925925926,0.2740740740740741,0.2740740740740741,nan,nan,0.031447430665205826,0.1608117217126147,0.02040816326530612,0.8679245283018868,0.0,0.1987977565904756,0.18204508601011402,2.5503431301350683,20,20,2.6004621982574463
877,,0.1790523689296554,0.0068866295742175156,-0.010484714806079865,1.0,1.0,1.0,1.0,1.0,0.049019607843137254,0.946078431372549,0.004901960784313725,0.47413961451624903,0.03461538461538462,0.03461538461538462,6.846153846153846,0.9818164037628491,0.08597179516063844,0.0,-0.03705974491368397,0.0,0.0,0.12254901960784313,0.3431372549019608,0.5343137254901961,0.3382352941176471,0.3382352941176471,nan,nan,0.0687852467356808,0.20560928941467058,0.0,0.9541284403669725,0.009174311926605505,0.2348516330367666,0.14887983787612816,2.2870521238941715,20,20,8.366931438446045
878,,0.18556264001583817,0.007137024615993776,-0.018121811002492903,1.0,1.0,1.0,1.0,0.0,0.15789473684210525,0.8421052631578947,0.0,0.4893708434356645,0.08269230769230769,0.08269230769230769,5.6923076923076925,0.9899631109722439,0.06857875130219651,0.0,0.0,0.0,0.0,0.10526315789473684,0.3588516746411483,0.5358851674641149,0.3062200956937799,0.3062200956937799,nan,nan,0.06246800912498288,0.21069944955584535,0.0,0.9107142857142857,0.0,0.22314078954653113,0.15456203824433462,2.737579440717905,20,20,8.097360610961914
879,,0.18542530657534997,0.007417012263013999,-0.02972895298153162,1.0,1.0,1.0,1.0,1.0,0.029556650246305417,0.9605911330049262,0.009852216748768473,0.4729614322707057,0.024,0.024,7.68,0.9882667918170971,0.0791203908030472,50.0,0.007071936709806069,0.5,0.04805639123389663,0.12807881773399016,0.22660098522167488,0.645320197044335,0.2315270935960591,0.2315270935960591,nan,nan,0.09294079412132888,0.27726463199909546,0.0,0.9618320610687023,0.007633587786259542,0.23189397609300527,0.15277358528995807,2.170562331819498,20,20,9.454930067062378
880,,0.17563870086687858,0.0037369936354655015,0.011858767767747243,0.95,0.95,0.95,0.9963898916967509,1.0,0.33935018050541516,0.5956678700361011,0.06498194945848375,0.48509657175423815,0.2734042553191489,0.2734042553191489,2.8085106382978724,0.9169455287811084,0.2631687656173998,16.666666666666664,-0.18214521747598297,0.16666666666666666,0.03669346609840695,0.11552346570397112,0.6895306859205776,0.19494584837545126,0.51985559566787,0.51985559566787,nan,nan,0.07978471801323234,0.36463767092177857,0.005235602094240838,0.5555555555555556,0.07407407407407407,0.22388047096660524,-0.03928829465079457,2.1080487264385868,20,20,14.34255838394165
881,,0.19160889917357354,0.0070966258953175385,-0.018865803396329282,1.0,1.0,1.0,1.0,1.0,0.4696969696969697,0.5050505050505051,0.025252525252525252,0.4829518110658413,0.29444444444444445,0.29444444444444445,2.074074074074074,0.9912806264730768,0.06946647919839008,0.0,-0.10551810934610081,0.0,0.0,0.16161616161616163,0.5202020202020202,0.3181818181818182,0.18686868686868688,0.18686868686868688,nan,nan,0.09515188981105203,0.2980181078696449,0.0,0.6984126984126984,0.0,0.21932687468107098,0.1498603954826809,1.8653522082978047,20,20,7.328868865966797
882,,0.1798987721937864,0.00782168574755593,-0.006539045087993145,1.0,1.0,1.0,1.0,1.0,0.024630541871921183,0.9507389162561576,0.024630541871921183,0.49866104041347686,0.02608695652173913,0.02608695652173913,8.08695652173913,0.9765020948055351,0.09639796301696021,20.0,-0.0822040308563175,0.2,0.0012083352654010115,0.1330049261083744,0.4876847290640394,0.3793103448275862,0.49261083743842365,0.49261083743842365,nan,nan,0.030052794924101248,0.13249086325241557,0.0,0.974025974025974,0.012987012987012988,0.24056682352615077,0.14416886050919056,2.546331765435846,20,20,7.611443042755127
883,,0.18674240604575107,0.006916385409101892,-0.022484773024916648,1.0,1.0,1.0,1.0,1.0,0.30049261083743845,0.6600985221674877,0.03940886699507389,0.46590171040734274,0.24074074074074073,0.24074074074074073,2.6666666666666665,0.9884006170576869,0.08754650773579017,0.0,-0.10843912188075051,0.0,0.0,0.09852216748768473,0.7044334975369458,0.19704433497536947,0.46798029556650245,0.46798029556650245,nan,nan,0.07064894796836804,0.2577582468062731,0.006993006993006993,0.85,0.0,0.24134477684908134,0.15379826911329117,2.0763159778566043,20,20,9.275014400482178
884,,0.1813099330797344,0.0067151827066568295,-0.018559064716100693,1.0,1.0,1.0,1.0,1.0,0.11940298507462686,0.8557213930348259,0.024875621890547265,0.4777369069858213,0.08888888888888889,0.08888888888888889,4.518518518518518,0.9761375370224187,0.09606868889139082,0.0,-0.07792415049487074,0.0,0.0,0.1691542288557214,0.6019900497512438,0.22885572139303484,0.5671641791044776,0.5671641791044776,nan,nan,0.03908099188183895,0.19627548429099606,0.0,0.8043478260869565,0.043478260869565216,0.21796323651727292,0.1218945476258821,2.13989371333718,20,20,7.894731283187866
885,,0.18019512245135905,0.006673893424124409,-0.024414995079860093,1.0,1.0,1.0,1.0,1.0,0.13636363636363635,0.8434343434343434,0.020202020202020204,0.5046728240222567,0.11296296296296296,0.11296296296296296,5.333333333333333,0.9905658028428119,0.05846325396554278,0.0,-0.08054042001891931,0.0,0.0,0.17676767676767677,0.45454545454545453,0.3686868686868687,0.4090909090909091,0.4090909090909091,nan,nan,0.04868366076857897,0.2030160626245685,0.0,0.8904109589041096,0.0,0.21279754207221094,0.15433428810666816,2.2731659171259144,20,20,8.636651515960693
886,,0.1800799711261172,0.006209654176762662,-0.019353078305721284,1.0,1.0,1.0,1.0,1.0,0.1497584541062802,0.8115942028985508,0.03864734299516908,0.4868834648917606,0.09827586206896552,0.09827586206896552,4.448275862068965,0.986956045032615,0.07695080847826391,0.0,-0.13720306941425098,0.0,0.0,0.17391304347826086,0.5362318840579711,0.2898550724637681,0.4444444444444444,0.4444444444444444,nan,nan,0.04608547001920787,0.21770677114978218,0.0,0.9666666666666667,0.0,0.21882832982259942,0.1418775213443355,2.5085593871232637,20,20,8.179650783538818
887,,0.17951214049745073,0.008548197166545273,-0.0038384759798645975,1.0,1.0,1.0,1.0,1.0,0.015151515151515152,0.9343434343434344,0.050505050505050504,0.4519285175012469,0.0380952380952381,0.0380952380952381,6.619047619047619,0.9884276741005957,0.06398077527533058,10.0,-0.06928349013261874,0.1,0.0035547817512014968,0.15151515151515152,0.4292929292929293,0.41919191919191917,0.4444444444444444,0.4444444444444444,nan,nan,0.02290339832317579,0.08697761930588753,0.0,0.9759036144578314,0.012048192771084338,0.21754975342843813,0.15356897815310755,2.5518573163399716,20,20,6.977730989456177
888,,0.17854674069673404,0.008115760940760637,0.0049857798963785175,1.0,1.0,1.0,1.0,1.0,0.10256410256410256,0.8358974358974359,0.06153846153846154,0.47794750931782554,0.13636363636363635,0.13636363636363635,6.2727272727272725,0.9871988484462729,0.08026797715950534,16.666666666666664,-0.08641734923313127,0.16666666666666666,0.02631609427576488,0.12307692307692308,0.6307692307692307,0.24615384615384617,0.5641025641025641,0.5641025641025641,nan,nan,0.03206776869579327,0.14312855474343422,0.008130081300813009,0.9583333333333334,0.020833333333333332,0.21774756305108134,0.137479585891576,2.5721692204449793,20,20,6.898028612136841
889,,0.1770854595093663,0.008854272975468315,0.010253388434648514,1.0,1.0,1.0,1.0,1.0,0.015789473684210527,0.9578947368421052,0.02631578947368421,0.45645020679046866,0.03,0.03,8.2,0.9799245738459084,0.09361577976117991,20.0,-0.07252273135389939,0.2,0.058065451564533604,0.15789473684210525,0.42105263157894735,0.42105263157894735,0.41578947368421054,0.41578947368421054,nan,nan,0.039943499322359716,0.18904111680550734,0.0125,0.9625,0.0125,0.23189371739639347,0.13827793763521357,2.738468735997725,20,20,6.695220470428467
890,,0.1600494668917937,0.0031382248410155625,0.013635241612792014,0.95,0.95,0.95,0.9598393574297188,1.0,0.016597510373443983,0.921161825726141,0.06224066390041494,0.4819082024282954,0.04215686274509804,0.04215686274509804,5.176470588235294,0.885563356328436,0.2967108849275145,13.333333333333334,-0.1490777315540118,0.13333333333333333,0.033625090144773676,0.13692946058091288,0.3360995850622407,0.5269709543568465,0.34854771784232363,0.34854771784232363,nan,nan,0.06315102998229656,0.20606255346387062,0.037037037037037035,0.952755905511811,0.031496062992125984,0.23226282591593506,-0.06444805901157949,2.122746043842707,20,20,15.461154460906982
891,,0.1564433361327044,0.004740707155536497,0.05667149238288403,0.9,0.9,0.9,0.9748743718592965,1.0,0.05583756345177665,0.9035532994923858,0.04060913705583756,0.47141632829126057,0.04242424242424243,0.04242424242424243,4.454545454545454,0.801564362983965,0.305327350172265,0.0,-0.07439219523423993,0.0,0.0,0.17766497461928935,0.3604060913705584,0.4619289340101523,0.3604060913705584,0.3604060913705584,nan,nan,0.05636255052535522,0.16459058141414337,0.0,0.9010989010989011,0.01098901098901099,0.23387364408208086,-0.0714537060901841,2.2846418412068243,20,20,9.33843994140625
892,,0.1713402439463777,0.003645537105242079,0.028927894433339436,0.9,0.9,0.9,0.9688715953307393,1.0,0.20318725099601595,0.7051792828685259,0.09163346613545817,0.49435986729692966,0.16063829787234044,0.16063829787234044,3.021276595744681,0.8138204118709618,0.32715494274725637,8.695652173913043,-0.641409053103546,0.08695652173913043,0.1427019337791392,0.16334661354581673,0.4103585657370518,0.4262948207171315,0.3545816733067729,0.3545816733067729,nan,nan,0.11528898483800683,0.4048882911791861,0.038834951456310676,0.822429906542056,0.018691588785046728,0.2614200839275481,-0.06573485881970825,2.1736222930734868,20,20,18.812093257904053
893,,0.18942970828074768,0.01722088257097706,0.0013962144032120705,1.0,1.0,1.0,1.0,0.0,0.0078125,0.9921875,0.0,0.44417290854828684,0.004545454545454545,0.004545454545454545,3.272727272727273,0.9991057014125206,0.020268615026677872,0.0,0.0,0.0,0.0,0.140625,0.296875,0.5625,0.296875,0.296875,nan,nan,0.039721523457292775,0.21386102014426966,0.0,0.9861111111111112,0.0,0.19885637134697087,0.178587756320293,2.3063723163626513,20,20,3.235598087310791
894,,0.18264961020716156,0.008697600486055312,0.011464995890855789,1.0,1.0,1.0,1.0,1.0,0.021052631578947368,0.9631578947368421,0.015789473684210527,0.504643888784007,0.011904761904761904,0.011904761904761904,8.095238095238095,0.986513740559523,0.07474214383616903,0.0,-0.13903283912859743,0.0,0.0,0.17894736842105263,0.11052631578947368,0.7105263157894737,0.12631578947368421,0.12631578947368421,nan,nan,0.06758558166295692,0.16292267654632456,0.0,0.9925925925925926,0.0,0.2258458678238051,0.15110372398763608,2.5886901507769284,20,20,6.939345836639404
895,,0.18096861014423235,0.008225845915646925,-0.04781638644635677,1.0,1.0,1.0,1.0,1.0,0.046153846153846156,0.9128205128205128,0.041025641025641026,0.493243835990804,0.07045454545454545,0.07045454545454545,7.0,0.9926188707864239,0.05408851263245712,0.0,-0.1264389425643434,0.0,0.0,0.1794871794871795,0.1641025641025641,0.6564102564102564,0.15897435897435896,0.15897435897435896,nan,nan,0.06326338226194797,0.1604525048698795,0.0,0.953125,0.0,0.2038955279490125,0.14980701531655538,2.7437029770239123,20,20,7.229951858520508
896,,0.162213961286016,0.005793355760214857,0.04004861004650593,0.95,0.95,0.95,0.9948186528497409,1.0,0.10362694300518134,0.8704663212435233,0.025906735751295335,0.47705129647802097,0.10357142857142858,0.10357142857142858,5.285714285714286,0.9079404863806162,0.26384919487588077,0.0,-0.10587447917635669,0.0,0.0,0.15025906735751296,0.45077720207253885,0.39896373056994816,0.42487046632124353,0.42487046632124353,nan,nan,0.0529225225119064,0.220248841421964,0.0,0.8831168831168831,0.0,0.22578543995553454,-0.03806375492034622,2.242324333763167,20,20,7.675549030303955
897,,0.17830155449455784,0.006603761277576216,-0.010742100328207016,1.0,1.0,1.0,1.0,1.0,0.1326530612244898,0.8316326530612245,0.03571428571428571,0.48705418580039234,0.14629629629629629,0.14629629629629629,5.592592592592593,0.9853171686844149,0.06760010022247859,0.0,-0.1262416813178119,0.0,0.0,0.1326530612244898,0.47959183673469385,0.3877551020408163,0.40816326530612246,0.40816326530612246,nan,nan,0.06157600419506067,0.2893998447280968,0.010638297872340425,0.9342105263157895,0.013157894736842105,0.22238958849374094,0.15478948827126235,1.997998389089149,20,20,8.081192016601562
898,,0.17374685404047177,0.00511020158942564,0.008674724400043488,1.0,1.0,1.0,1.0,1.0,0.04363636363636364,0.8945454545454545,0.06181818181818182,0.4692583893460858,0.09411764705882353,0.09411764705882353,7.088235294117647,0.9932011157417561,0.06143119575002817,23.52941176470588,-0.1624372825661437,0.23529411764705882,0.034927304694187415,0.14181818181818182,0.13454545454545455,0.7236363636363636,0.15272727272727274,0.15272727272727274,nan,nan,0.06298784661363302,0.15169488939495063,0.02702702702702703,0.949748743718593,0.01507537688442211,0.2060926843182887,0.14466148856826053,2.56297174818429,20,20,13.885080099105835
899,,0.20067643778108205,0.006081104175184304,0.1760815918445587,0.95,0.95,0.95,0.9468599033816425,1.0,0.06532663316582915,0.8793969849246231,0.05527638190954774,0.46624978646233844,0.07121212121212121,0.07121212121212121,3.787878787878788,0.5462595552591397,1.0470129419150396,0.0,-0.132142409202009,0.0,0.0,0.20100502512562815,0.4221105527638191,0.3768844221105528,0.4020100502512563,0.4020100502512563,nan,nan,0.19947512799889944,0.32338246238073454,0.0,0.9333333333333333,0.0,0.9486069112851085,-0.09840603062993102,2.2219013670954646,20,20,10.670449495315552
900,,0.18114878326836029,0.004767073243904218,-0.011271442472934722,1.0,1.0,1.0,1.0,1.0,0.1893939393939394,0.7537878787878788,0.056818181818181816,0.4909993766663798,0.20789473684210527,0.20789473684210527,6.0,0.9913378006642656,0.06214272908150603,26.666666666666668,-0.164760839268411,0.26666666666666666,0.058648533680029806,0.14015151515151514,0.20833333333333334,0.6515151515151515,0.19318181818181818,0.19318181818181818,nan,nan,0.09721098344212636,0.3133506889853732,0.01818181818181818,0.8430232558139535,0.029069767441860465,0.2155064790613404,0.15336374997983437,2.2554855454121916,20,20,14.952967405319214
901,,0.10639630797755366,0.0023643623995011926,0.12440979679425558,0.55,0.55,0.55,0.676923076923077,0.88,0.2994652406417112,0.5614973262032086,0.13903743315508021,0.48302919680614853,0.2577777777777778,0.2577777777777778,1.711111111111111,0.46590647028555976,0.31741194999272004,19.230769230769234,-0.5926457448675945,0.19230769230769232,0.03307590543239592,0.12834224598930483,0.839572192513369,0.03208556149732621,0.5133689839572193,0.5133689839572193,nan,nan,0.18689530410515834,0.7248217796262534,0.07643312101910828,0.8333333333333334,0.0,0.24495055375017116,-0.07246139624254885,1.5770123106889933,20,20,32.46645903587341
902,,0.1724016066156157,0.007183400275650655,0.02673929147422314,1.0,1.0,1.0,1.0,1.0,0.09278350515463918,0.8711340206185567,0.03608247422680412,0.5058079626532466,0.07083333333333333,0.07083333333333333,6.0,0.9885575307334915,0.08002538323772654,14.285714285714285,-0.08658949273196002,0.14285714285714285,0.03457287267488798,0.17010309278350516,0.3247422680412371,0.5051546391752577,0.33505154639175255,0.33505154639175255,nan,nan,0.04902080692966654,0.1578636308202809,0.015873015873015872,0.9081632653061225,0.02040816326530612,0.2143024759480345,0.13427709271030797,2.5012684345681175,20,20,7.279987573623657
903,,0.15527870336548405,0.003234972986780918,0.06219118262330691,0.85,0.85,0.85,0.9450980392156862,1.0,0.24796747967479674,0.6626016260162602,0.08943089430894309,0.4957941899934667,0.196875,0.196875,4.375,0.7534868563626965,0.3616411770941985,13.636363636363635,-0.17815569553879748,0.13636363636363635,0.06558935065418196,0.10569105691056911,0.46747967479674796,0.4268292682926829,0.3333333333333333,0.3333333333333333,nan,nan,0.1700324798470022,0.4386643982392399,0.08695652173913043,0.8095238095238095,0.0761904761904762,0.2737641231746052,-0.08787705391959334,1.6989116780470543,20,20,29.01570415496826
904,,0.17848576244349426,0.0077602505410214895,-0.009187110140919686,1.0,1.0,1.0,1.0,1.0,0.0970873786407767,0.883495145631068,0.019417475728155338,0.4815159998672164,0.06956521739130435,0.06956521739130435,7.130434782608695,0.9791034550320531,0.09564913165495473,0.0,-0.07931980745656328,0.0,0.0,0.1553398058252427,0.32524271844660196,0.5194174757281553,0.35436893203883496,0.35436893203883496,nan,nan,0.043996100428883154,0.15600762277944308,0.0,0.9439252336448598,0.009345794392523364,0.23115147743312958,0.13550234577817485,2.5958817506891685,20,20,7.626449108123779
905,,0.1741854345107911,0.0037866398806693717,-0.031620686625440916,1.0,1.0,1.0,1.0,1.0,0.16483516483516483,0.7472527472527473,0.08791208791208792,0.4802228172028781,0.17065217391304346,0.17065217391304346,4.413043478260869,0.9803358579623366,0.10400953746956829,12.5,-0.12745652731628368,0.125,0.11287633033247618,0.0989010989010989,0.652014652014652,0.2490842490842491,0.5347985347985348,0.5347985347985348,nan,nan,0.04463678464098361,0.2286530129829643,0.06179775280898876,0.8823529411764706,0.029411764705882353,0.23895391952600772,0.13494438205643944,2.274415777916164,20,20,13.9410560131073
906,,0.11784892905461396,0.002455186021971124,0.045825484891732535,0.75,0.75,0.75,0.77431906614786,0.9444444444444444,0.15384615384615385,0.75,0.09615384615384616,0.48971010292410333,0.09375,0.09375,3.0208333333333335,0.5423147460703227,0.3374192512381956,25.0,-0.02588455564041946,0.25,0.10940525900989154,0.10576923076923077,0.6875,0.20673076923076922,0.5528846153846154,0.5528846153846154,nan,nan,0.050989756082769525,0.23142023579363058,0.06293706293706294,0.8837209302325582,0.046511627906976744,0.24015390193904354,-0.09726534929915207,1.6847464732103572,20,20,20.458449602127075
907,,0.1825857217724725,0.007938509642281414,-0.010291942581534385,1.0,1.0,1.0,1.0,1.0,0.18095238095238095,0.7666666666666667,0.05238095238095238,0.4862030807781317,0.1608695652173913,0.1608695652173913,5.260869565217392,0.9903136698459877,0.08183070026266814,18.181818181818183,-0.08857525169368322,0.18181818181818182,0.03555861386655179,0.1523809523809524,0.5761904761904761,0.2714285714285714,0.48095238095238096,0.48095238095238096,nan,nan,0.04937636085969666,0.2173684317374213,0.008264462809917356,0.7719298245614035,0.017543859649122806,0.22500687269105063,0.1431761724283825,2.666759859801889,20,20,7.3125834465026855
908,,0.18924813596047596,0.018924813596047595,-0.002825501561164856,1.0,1.0,1.0,1.0,1.0,0.16793893129770993,0.8244274809160306,0.007633587786259542,0.460000159136689,0.015,0.015,1.7,0.9986189485948752,0.025193846898134392,100.0,0.011469265263613831,1.0,0.011469265263613831,0.19083969465648856,0.4351145038167939,0.37404580152671757,0.4122137404580153,0.4122137404580153,nan,nan,0.026548138964762505,0.16025541304451768,0.017543859649122806,0.7959183673469388,0.0,0.1982158888995543,0.1730220420014199,2.343011614875523,20,20,2.8109138011932373
909,,0.1649952267868492,0.003749891517882936,0.051394298175970715,0.9,0.9,0.9,0.9710743801652892,1.0,0.18220338983050846,0.7542372881355932,0.0635593220338983,0.5017954345789225,0.2375,0.2375,3.7954545454545454,0.8867317459479174,0.2550217521754732,26.666666666666668,-0.14393329182430378,0.26666666666666666,0.13148760738077275,0.09745762711864407,0.7033898305084746,0.19915254237288135,0.576271186440678,0.576271186440678,nan,nan,0.07442438167701208,0.41348676971904225,0.03614457831325301,0.851063829787234,0.0425531914893617,0.25118556708018785,-0.003836185095285355,1.9504622224644756,20,20,12.14026951789856
910,,0.1825489277186437,0.006761071396986804,-0.020873802062124015,1.0,1.0,1.0,1.0,1.0,0.2182741116751269,0.766497461928934,0.015228426395939087,0.4966393024526715,0.12962962962962962,0.12962962962962962,4.777777777777778,0.9850696177657665,0.08171053622352215,33.33333333333333,-0.045933466634616636,0.3333333333333333,0.2544002070031724,0.19796954314720813,0.39593908629441626,0.40609137055837563,0.36548223350253806,0.36548223350253806,nan,nan,0.046719281855658455,0.18523102298646507,0.01282051282051282,0.8,0.0,0.22785128918112524,0.1461407529576031,2.15325996327017,20,20,7.21574068069458
911,,0.17849702853896324,0.008499858501855393,-0.021886079758405685,1.0,1.0,1.0,1.0,1.0,0.009900990099009901,0.9455445544554455,0.04455445544554455,0.4739997719680624,0.05,0.05,7.428571428571429,0.9849470237523125,0.08333598542358858,0.0,-0.1019644975399539,0.0,0.0,0.16336633663366337,0.4158415841584158,0.4207920792079208,0.4158415841584158,0.4158415841584158,nan,nan,0.03445276596927288,0.14965402333927613,0.011904761904761904,0.9882352941176471,0.011764705882352941,0.22742447528294626,0.14408848985935768,2.6653146183609153,20,20,7.43052339553833
912,,0.18234753873506301,0.0041442622439787045,-0.01357110229631265,1.0,1.0,1.0,1.0,1.0,0.2099236641221374,0.6870229007633588,0.10305343511450382,0.49805247517453444,0.23977272727272728,0.23977272727272728,4.568181818181818,0.9874494277440832,0.07666138436537165,33.33333333333333,-0.10059765822718651,0.3333333333333333,0.06603023970531802,0.15267175572519084,0.4198473282442748,0.42748091603053434,0.3053435114503817,0.3053435114503817,nan,nan,0.10792204524003851,0.31392293797238263,0.09090909090909091,0.8303571428571429,0.044642857142857144,0.22594194350451705,0.1492805591391454,1.753660352165451,20,20,18.18594217300415
913,,0.19372523474672926,0.016143769562227437,-0.006602071132510901,1.0,1.0,1.0,1.0,1.0,0.578125,0.4140625,0.0078125,0.4893782996708372,0.041666666666666664,0.041666666666666664,1.4166666666666667,0.9983413749848976,0.03277850430459567,100.0,0.004878719241161039,1.0,0.004878719241161039,0.1953125,0.578125,0.2265625,0.3203125,0.3203125,nan,nan,0.05041587051034052,0.26602288554643194,0.013513513513513514,0.3793103448275862,0.0,0.21591871472036397,0.1831402104157683,1.887565381796154,20,20,3.64223313331604
914,,0.18281012016725007,0.009140506008362503,-0.03164043575525284,1.0,1.0,1.0,1.0,1.0,0.02030456852791878,0.9543147208121827,0.025380710659898477,0.4889818144016317,0.0325,0.0325,7.05,0.989954111441645,0.07367917269267707,0.0,-0.13726006355049672,0.0,0.0,0.18274111675126903,0.4010152284263959,0.41624365482233505,0.4213197969543147,0.4213197969543147,nan,nan,0.02982481608609207,0.09467530920807532,0.0,1.0,0.0,0.20675522148143125,0.13307604878875418,2.8970045410141756,20,20,6.794572353363037
915,,0.1981201449767582,0.0141514389269113,-0.03539274577051401,1.0,1.0,1.0,1.0,1.0,0.525,0.44166666666666665,0.03333333333333333,0.5091856365208514,0.05357142857142857,0.05357142857142857,1.0,0.996756584003713,0.04444827265029902,50.0,-0.008645864290698711,0.5,0.024707330293956213,0.15833333333333333,0.43333333333333335,0.4083333333333333,0.24166666666666667,0.24166666666666667,nan,nan,0.09073822547242576,0.6648791970852069,0.019230769230769232,0.3673469387755102,0.02040816326530612,0.22199469800798635,0.17754642535768733,1.6141032480888087,20,20,5.164081811904907
916,,0.17639293640785972,0.0035998558450583617,0.015040068452556928,0.95,0.95,0.95,0.9858657243816255,1.0,0.0706713780918728,0.823321554770318,0.10600706713780919,0.487813178572818,0.12857142857142856,0.12857142857142856,4.346938775510204,0.9181031689549695,0.2732050349202894,16.666666666666664,-0.19642105173990707,0.16666666666666666,0.0869112087679777,0.10600706713780919,0.5865724381625441,0.30742049469964666,0.508833922261484,0.508833922261484,nan,nan,0.057678835920086456,0.27393099421417866,0.07228915662650602,0.9080459770114943,0.034482758620689655,0.24444389187258592,-0.028761143047703497,1.9222066914789462,20,20,16.19282341003418
917,,0.18625359104568978,0.01862535910456898,-0.00683150663971901,1.0,1.0,1.0,1.0,0.0,0.10077519379844961,0.8992248062015504,0.0,0.46964434344961775,0.02,0.02,1.8,0.9986001012261557,0.031376795516262046,0.0,0.0,0.0,0.0,0.1937984496124031,0.34108527131782945,0.46511627906976744,0.32558139534883723,0.32558139534883723,nan,nan,0.03767757560550864,0.20242447367279665,0.0,0.8833333333333333,0.0,0.2002618599387656,0.16888506442250356,3.0937276384149106,20,20,2.734814167022705
918,,0.18145025361580375,0.0060483417871934585,0.1279044710099697,0.9,0.9,0.9,0.9414634146341463,1.0,0.09743589743589744,0.8666666666666667,0.035897435897435895,0.49827430696459485,0.04833333333333333,0.04833333333333333,4.533333333333333,0.5718610635042574,0.8689815728984109,14.285714285714285,-0.11472881368116573,0.14285714285714285,0.030907145500385896,0.13333333333333333,0.5025641025641026,0.3641025641025641,0.47692307692307695,0.47692307692307695,nan,nan,0.1201799945405651,0.3755056208028202,0.01020408163265306,0.8732394366197183,0.014084507042253521,0.7759118557902601,-0.09306971710815086,2.257628186736626,20,20,10.801343441009521
919,,0.18225649225790502,0.004556412306447625,-0.02655298418054978,1.0,1.0,1.0,1.0,1.0,0.056451612903225805,0.8548387096774194,0.08870967741935484,0.5010728939372348,0.08,0.08,6.075,0.9913932836992896,0.06857698545940735,36.36363636363637,-0.05041423068216631,0.36363636363636365,0.12721556244489782,0.14919354838709678,0.1975806451612903,0.6532258064516129,0.25806451612903225,0.25806451612903225,nan,nan,0.07664844756125101,0.18126389489459868,0.02040816326530612,0.8641975308641975,0.07407407407407407,0.22155956573997704,0.15298258028056969,2.2941985214613476,20,20,13.814074039459229
920,,0.19196558574067693,0.006192438249699256,0.20262354910373687,0.9,0.9,0.9,0.9296482412060302,1.0,0.11170212765957446,0.8191489361702128,0.06914893617021277,0.48449001009475096,0.07741935483870968,0.07741935483870968,4.0,0.44475353501672116,1.1466956995196909,7.6923076923076925,-0.06921322893422957,0.07692307692307693,0.007054050723616145,0.16489361702127658,0.5585106382978723,0.2765957446808511,0.5159574468085106,0.5159574468085106,nan,nan,0.23140487173047122,0.5311788637329137,0.02857142857142857,0.8076923076923077,0.038461538461538464,1.0694384582657326,-0.07725724125395828,2.2658749933439215,20,20,9.5977623462677
921,,0.18782526115719797,0.007826052548216582,-0.01255137175321579,1.0,1.0,1.0,1.0,1.0,0.09278350515463918,0.8814432989690721,0.02577319587628866,0.4864730450778249,0.0625,0.0625,7.25,0.9848046293712249,0.08209504805292589,20.0,-0.10642416852441765,0.2,0.03640617737405072,0.15463917525773196,0.17525773195876287,0.6701030927835051,0.19072164948453607,0.19072164948453607,nan,nan,0.07675683814059689,0.2207062171010563,0.0,0.8846153846153846,0.015384615384615385,0.24129487917054793,0.15919983111762204,2.376196927690116,20,20,7.4354777336120605
922,,0.1925861846693597,0.01604884872244664,-0.022552423924207688,1.0,1.0,1.0,1.0,1.0,0.15873015873015872,0.8333333333333334,0.007936507936507936,0.48594125255864734,0.029166666666666667,0.029166666666666667,2.3333333333333335,0.9993476124104481,0.017911134067822104,100.0,0.0010050843431737289,1.0,0.0010050843431737289,0.1984126984126984,0.5476190476190477,0.25396825396825395,0.5079365079365079,0.5079365079365079,nan,nan,0.050750240336546945,0.37325814128920576,0.0,0.84375,0.03125,0.2021855145410022,0.1842743804731801,2.454151170221088,20,20,2.899618148803711
923,,0.16348652939050748,0.005273759012597016,0.023326739110052584,0.95,0.95,0.95,0.9853658536585366,1.0,0.057971014492753624,0.8599033816425121,0.0821256038647343,0.49493182091222654,0.08387096774193549,0.08387096774193549,4.419354838709677,0.8892565913936087,0.2865070178583324,23.52941176470588,-0.10131763939586498,0.23529411764705882,0.045281191821523445,0.18357487922705315,0.25120772946859904,0.5652173913043478,0.2608695652173913,0.2608695652173913,nan,nan,0.054921750327676266,0.17877376629627104,0.038461538461538464,0.9145299145299145,0.03418803418803419,0.2121793874232251,-0.0743276304351073,2.59400587110405,20,20,8.114339113235474
924,,0.186006079966665,0.007154079998717884,-0.00506543479859829,1.0,1.0,1.0,1.0,1.0,0.1377551020408163,0.8418367346938775,0.02040816326530612,0.5161284610499234,0.08846153846153847,0.08846153846153847,5.153846153846154,0.9764351840482021,0.13240388795154728,25.0,-0.06283004778839932,0.25,0.008788105351101388,0.11734693877551021,0.5714285714285714,0.3112244897959184,0.5255102040816326,0.5255102040816326,nan,nan,0.061731386387431475,0.25433298015882533,0.008928571428571428,0.819672131147541,0.01639344262295082,0.23867364497690158,0.10626975702535431,2.1498446893191985,20,20,9.90934157371521
925,,0.19015156932974048,0.017286506302703678,-0.01216178946197033,1.0,1.0,1.0,1.0,0.0,0.015748031496062992,0.984251968503937,0.0,0.48066027120644733,0.004545454545454545,0.004545454545454545,2.727272727272727,0.9988966078246503,0.03224755573477334,0.0,0.0,0.0,0.0,0.16535433070866143,0.4094488188976378,0.4251968503937008,0.4015748031496063,0.4015748031496063,nan,nan,0.03349109887980833,0.21142292757577075,0.0,0.9814814814814815,0.0,0.20595070096223234,0.173703145227459,3.0364822036906527,20,20,3.103713035583496
926,,0.19300119479095534,0.014846245753150411,-0.023476322833448648,1.0,1.0,1.0,1.0,0.0,0.10569105691056911,0.8943089430894309,0.0,0.4877720889801052,0.015384615384615385,0.015384615384615385,2.3076923076923075,0.9962856169593127,0.04967666880568522,0.0,0.0,0.0,0.0,0.21138211382113822,0.2764227642276423,0.5121951219512195,0.2601626016260163,0.2601626016260163,nan,nan,0.06685170572003321,0.36882702501378917,0.0,0.9206349206349206,0.0,0.2247831577426599,0.17510648893697467,2.7373636592411428,20,20,3.264112710952759
927,,0.17383640293985456,0.007243183455827273,0.08097660839557648,0.9,0.9,0.9,0.9787234042553191,0.0,0.10714285714285714,0.8928571428571429,0.0,0.5015042317245388,0.00625,0.00625,0.5416666666666666,0.9040047405058433,0.22836778076474618,0.0,0.0,0.0,0.0,0.12142857142857143,0.6285714285714286,0.25,0.5428571428571428,0.5428571428571428,nan,nan,0.07470364919415957,0.2995355521401338,0.0,0.9714285714285714,0.0,0.23262767391475914,0.004259893150012975,1.931649654677741,20,20,5.27557635307312
928,,0.1673496438142587,0.0050712013277048095,0.307246133685112,0.8,0.8,0.8,0.839622641509434,0.8571428571428571,0.10810810810810811,0.8540540540540541,0.03783783783783784,0.5117383019704104,0.05454545454545454,0.05454545454545454,3.272727272727273,0.35287051365455524,1.1442336162114326,14.285714285714285,-0.07907914625023224,0.14285714285714285,0.05111633820628114,0.15675675675675677,0.654054054054054,0.1891891891891892,0.5945945945945946,0.5945945945945946,nan,nan,0.2786644962929192,1.509574387846981,0.03305785123966942,0.8571428571428571,0.05714285714285714,1.047619754031026,-0.0966138621804066,1.9958355278658708,20,20,20.784075021743774
929,,0.16038931475936388,0.003412538611901359,0.10191724896430969,0.85,0.85,0.85,0.889795918367347,1.0,0.05429864253393665,0.8778280542986425,0.06787330316742081,0.5040976760688515,0.06808510638297872,0.06808510638297872,4.48936170212766,0.5399053447953175,0.7478156730757448,20.0,-0.06149627396466292,0.2,0.22793715416290553,0.1493212669683258,0.47058823529411764,0.38009049773755654,0.4751131221719457,0.4751131221719457,nan,nan,0.15993859037251557,0.6540708162790466,0.019230769230769232,0.8928571428571429,0.05952380952380952,0.6704234852934203,-0.07739218778232451,2.108717080903515,20,20,16.537721395492554
930,,0.0980882613404894,0.0028849488629555703,0.12872111946344375,0.6,0.6,0.6,0.6884422110552764,0.9,0.1836734693877551,0.673469387755102,0.14285714285714285,0.5164583336830273,0.1426470588235294,0.1426470588235294,1.9411764705882353,0.4150147079984927,0.3014829882954232,19.047619047619047,-0.3532367745506534,0.19047619047619047,0.023231500943786496,0.12244897959183673,0.7891156462585034,0.08843537414965986,0.6054421768707483,0.6054421768707483,nan,nan,0.12572542711554913,0.4863672130445645,0.09482758620689655,0.6153846153846154,0.15384615384615385,0.22872968761708956,-0.07275330067833366,1.6684150375020856,20,20,19.870554208755493
931,,0.18126963923607717,0.004028214205246159,0.11546131074428559,0.9,0.9,0.9,0.951417004048583,1.0,0.07142857142857142,0.8025210084033614,0.12605042016806722,0.5242117752207236,0.14555555555555555,0.14555555555555555,3.511111111111111,0.6415146889542772,0.7223376635479671,26.666666666666668,-0.19097168497112596,0.26666666666666666,0.22219701373428455,0.1134453781512605,0.7352941176470589,0.15126050420168066,0.6218487394957983,0.6218487394957983,nan,nan,0.13977055625678228,0.9523647135606093,0.09142857142857143,0.8888888888888888,0.027777777777777776,0.6732753328056427,-0.04906233074232451,1.9926827257220012,20,20,17.766403675079346
932,,0.1871926100622005,0.005348360287491443,-0.005075747147202492,1.0,1.0,1.0,1.0,1.0,0.03308823529411765,0.8419117647058824,0.125,0.5123174342638647,0.14142857142857143,0.14142857142857143,6.6571428571428575,0.9847597889038537,0.08978946991228137,32.35294117647059,-0.06511954251263118,0.3235294117647059,0.135405168293131,0.16544117647058823,0.27941176470588236,0.5551470588235294,0.27941176470588236,0.27941176470588236,nan,nan,0.06979179523371801,0.17794628207149912,0.14473684210526316,0.9205298013245033,0.059602649006622516,0.23183605252971862,0.14204658261743724,2.1912381421516227,20,20,14.13796329498291
933,,0.17594832512955805,0.007997651142252638,0.011455811187624931,1.0,1.0,1.0,1.0,1.0,0.019417475728155338,0.8883495145631068,0.09223300970873786,0.5004242041437961,0.08636363636363636,0.08636363636363636,5.636363636363637,0.9855869276826116,0.07893785123592803,15.789473684210526,-0.07294988698627959,0.15789473684210525,0.03036832453158998,0.1407766990291262,0.5825242718446602,0.2766990291262136,0.5728155339805825,0.5728155339805825,nan,nan,0.03096428979859475,0.20125875248907374,0.05,0.9298245614035088,0.07017543859649122,0.21176873843155575,0.13283088719562772,2.627298330282866,20,20,7.590039968490601
934,,0.1768818703715626,0.005053767724901789,0.10140187814831733,0.9,0.9,0.9,0.9329896907216495,1.0,0.07650273224043716,0.8469945355191257,0.07650273224043716,0.5193429831644919,0.08714285714285715,0.08714285714285715,3.257142857142857,0.693788984589778,0.6433358908430845,28.57142857142857,-0.1076381220348243,0.2857142857142857,0.021330914620731875,0.1366120218579235,0.6666666666666666,0.19672131147540983,0.6010928961748634,0.6010928961748634,nan,nan,0.14788214116768378,0.7546755147409627,0.05737704918032787,0.8611111111111112,0.08333333333333333,0.5714804893938884,-0.0718554014491961,2.000606772744277,20,20,11.076799631118774
935,,0.16667544510781473,0.0037880782979048803,0.03149968708554904,0.9,0.9,0.9,0.972972972972973,1.0,0.0622568093385214,0.7821011673151751,0.1556420233463035,0.491636892509103,0.15454545454545454,0.15454545454545454,4.204545454545454,0.8234683698767029,0.30581001624267345,30.0,-0.09839906487519676,0.3,0.08000660208989037,0.13618677042801555,0.6108949416342413,0.2529182879377432,0.5447470817120622,0.5447470817120622,nan,nan,0.08300803713418789,0.29459217048426345,0.11464968152866242,0.8307692307692308,0.13846153846153847,0.24024625724345566,-0.06556375899921782,1.728095537196125,20,20,18.31554865837097
936,,0.18817790264835177,0.018817790264835176,0.00033221784979104997,1.0,1.0,1.0,1.0,1.0,0.1484375,0.71875,0.1328125,0.5060469645040575,0.085,0.085,1.5,0.9981291647615221,0.031068476544639095,29.411764705882355,-0.049024417945379165,0.29411764705882354,0.017494598816198116,0.2265625,0.3828125,0.390625,0.40625,0.40625,nan,nan,0.027961935049424902,0.14394082808462186,0.08163265306122448,0.64,0.1,0.20184605238225706,0.17077757583761796,2.5864603186112927,20,20,2.8070671558380127
937,,0.12609490770512738,0.0034079704785169563,0.1713831253349781,0.65,0.65,0.65,0.7323232323232324,0.8181818181818182,0.1794871794871795,0.5897435897435898,0.23076923076923078,0.49014711068420846,0.15,0.15,1.5405405405405406,0.372908518261064,0.674917573902433,30.555555555555557,-0.22760229891655015,0.3055555555555556,0.0756098332707237,0.1346153846153846,0.6282051282051282,0.23717948717948717,0.47435897435897434,0.47435897435897434,nan,nan,0.1977009321668711,0.9775069495667815,0.17346938775510204,0.5945945945945946,0.24324324324324326,0.58890421549903,-0.08601335840340296,1.7777429574051806,20,20,19.86433172225952
938,,0.17982471614270806,0.006200852280783036,-0.02433989467099309,1.0,1.0,1.0,1.0,1.0,0.004830917874396135,0.8599033816425121,0.13526570048309178,0.49691214870795974,0.09827586206896552,0.09827586206896552,4.517241379310345,0.9864401581094827,0.08125838021838716,17.857142857142858,-0.08918902238477648,0.17857142857142858,0.0629451385472007,0.13043478260869565,0.5700483091787439,0.2995169082125604,0.5845410628019324,0.5845410628019324,nan,nan,0.02820040304809147,0.15027131698825333,0.059322033898305086,0.8548387096774194,0.14516129032258066,0.2302631905874976,0.14900481036911045,2.2974321313451584,20,20,8.602397680282593
939,,0.17294554018342392,0.006651751545516305,-0.018310433346778156,1.0,1.0,1.0,1.0,1.0,0.0784313725490196,0.7794117647058824,0.14215686274509803,0.4973660751448523,0.16153846153846155,0.16153846153846155,4.230769230769231,0.9885511463579986,0.07402795630157755,34.48275862068966,-0.020489702434130837,0.3448275862068966,0.11625902217507504,0.13725490196078433,0.5294117647058824,0.3333333333333333,0.45098039215686275,0.45098039215686275,nan,nan,0.05220976311330164,0.2735015070402793,0.1111111111111111,0.8529411764705882,0.10294117647058823,0.21303606444361056,0.13900810814203302,2.2660465713341402,20,20,7.439449071884155
940,,0.12767497146799456,0.00398984285837483,0.10070217028260231,0.8,0.8,0.8,0.89,0.9285714285714286,0.08196721311475409,0.8360655737704918,0.08196721311475409,0.5031937198444212,0.0984375,0.0984375,3.40625,0.6393440222387989,0.2980053462986685,26.666666666666668,-0.096544983334398,0.26666666666666666,0.03170864096505701,0.12568306010928962,0.7431693989071039,0.13114754098360656,0.6502732240437158,0.6502732240437158,nan,nan,0.05476752162780847,0.32302460681154627,0.03676470588235294,0.875,0.08333333333333333,0.21494359922768277,-0.08306174707098574,1.978175274020713,20,20,13.992911338806152
941,,0.18985734632669335,0.015821445527224445,0.011895702034235001,1.0,1.0,1.0,1.0,1.0,0.015625,0.9765625,0.0078125,0.49525697502928473,0.0,0.0,2.5,0.9981539733338655,0.030881452489849998,100.0,0.0074947547938064955,1.0,0.0074947547938064955,0.1796875,0.46875,0.3515625,0.4609375,0.4609375,nan,nan,0.03416746382723808,0.20023630699663675,0.0,0.9777777777777777,0.022222222222222223,0.208404830113018,0.177523377623168,2.768805800301613,20,20,2.9900646209716797
942,,0.19125714030890853,0.014712087716069886,-0.018902701884508134,1.0,1.0,1.0,1.0,1.0,0.10526315789473684,0.8120300751879699,0.08270676691729323,0.5028840309438797,0.03461538461538462,0.03461538461538462,1.6153846153846154,0.996512485208985,0.04935818614136639,18.181818181818183,-0.013973618705475201,0.18181818181818182,0.013910647694818694,0.2556390977443609,0.3308270676691729,0.41353383458646614,0.3233082706766917,0.3233082706766917,nan,nan,0.05742457457741819,0.26410082995280576,0.09090909090909091,0.8,0.09090909090909091,0.22247027535878572,0.17311208921741933,2.8661776205053036,20,20,3.2768640518188477
943,,0.16883982100008305,0.0062533267037067795,0.041256798431277275,0.95,0.95,0.95,0.9923076923076923,0.0,0.07692307692307693,0.9230769230769231,0.0,0.5102257268233829,0.003703703703703704,0.003703703703703704,1.0740740740740742,0.9010832375343905,0.24399161711347897,0.0,0.0,0.0,0.0,0.15384615384615385,0.5923076923076923,0.25384615384615383,0.5230769230769231,0.5230769230769231,nan,nan,0.04645817284960324,0.23417437903529859,0.0,0.9696969696969697,0.0,0.19829591643332095,-0.04569570068015802,1.8456089178633213,20,20,4.054351091384888
944,,0.15045133158095483,0.004179203655026523,0.04767707586288452,0.9,0.9,0.9,0.9119170984455959,0.9,0.03910614525139665,0.8994413407821229,0.061452513966480445,0.4914812176677515,0.05277777777777778,0.05277777777777778,3.4722222222222223,0.7832196888196143,0.30564730154554776,27.27272727272727,-0.012884496918018788,0.2727272727272727,0.14898059793227222,0.1564245810055866,0.4748603351955307,0.3687150837988827,0.4748603351955307,0.4748603351955307,nan,nan,0.07072109622734639,0.4122890243318613,0.03529411764705882,0.8484848484848485,0.09090909090909091,0.21935816438680367,-0.08628913715874406,2.0087564669145337,20,20,10.280196905136108
945,,0.17724293017535075,0.00708971720701403,0.003909298777580261,1.0,1.0,1.0,1.0,1.0,0.045,0.9,0.055,0.4902735325775575,0.09,0.09,6.0,0.9770138812064832,0.09646439669347551,9.090909090909092,-0.09201389368242063,0.09090909090909091,0.027877992629335685,0.16,0.365,0.475,0.35,0.35,nan,nan,0.04651565949477779,0.2205926891564152,0.0410958904109589,0.9263157894736842,0.0,0.2298398533901032,0.1333754566966277,2.1682495397528903,20,20,7.878612756729126
946,,0.18303819628491783,0.007626591511871576,-0.0030592340975999833,1.0,1.0,1.0,1.0,1.0,0.024271844660194174,0.8932038834951457,0.0825242718446602,0.49624391589168226,0.075,0.075,5.625,0.9859766687185394,0.07389904503236161,17.647058823529413,-0.05701517408993703,0.17647058823529413,0.03139644818602597,0.14563106796116504,0.33980582524271846,0.5145631067961165,0.3592233009708738,0.3592233009708738,nan,nan,0.04025173709417415,0.14123753616462587,0.04285714285714286,0.9245283018867925,0.05660377358490566,0.22800361300544592,0.1541045679730843,2.723675491300276,20,20,7.539361476898193
947,,0.16041386851264103,0.005347128950421368,0.06533422358334065,0.9,0.9,0.9,0.98,1.0,0.055,0.855,0.09,0.4947678376637244,0.09333333333333334,0.09333333333333334,4.333333333333333,0.8175103674093104,0.3028257150277569,11.11111111111111,-0.056694704077892,0.1111111111111111,0.22045630568065053,0.24,0.28,0.48,0.275,0.275,nan,nan,0.06170967437535907,0.2500930102817662,0.07142857142857142,0.9166666666666666,0.03125,0.22647338910996814,-0.07635232591778876,2.306579980329117,20,20,9.39634108543396
948,,0.09271199924345394,0.00272682350716041,0.19217784330248833,0.55,0.55,0.55,0.7905759162303665,0.8648648648648649,0.23270440251572327,0.5345911949685535,0.23270440251572327,0.5285410454254494,0.21323529411764705,0.21323529411764705,1.088235294117647,0.43535093724316665,0.2806882827699549,16.216216216216218,-0.22604957761508554,0.16216216216216217,0.09586640850527373,0.12578616352201258,0.8616352201257862,0.012578616352201259,0.4716981132075472,0.4716981132075472,nan,nan,0.17419235688979812,0.7057890947352659,0.2116788321167883,1.0,0.0,0.22031488740344585,-0.060373395366509056,1.7625903866300803,20,20,19.061498403549194
949,,0.1642230900757496,0.003819141629668595,0.041301158567269645,0.95,0.95,0.95,0.9887640449438202,1.0,0.07777777777777778,0.7407407407407407,0.1814814814814815,0.5141235465812971,0.2058139534883721,0.2058139534883721,4.511627906976744,0.9239061491095205,0.24360996647759756,30.612244897959183,-0.09178127769124578,0.30612244897959184,0.11086941198000708,0.14444444444444443,0.6037037037037037,0.2518518518518518,0.4962962962962963,0.4962962962962963,nan,nan,0.06405659655439393,0.3282519050803518,0.147239263803681,0.8823529411764706,0.10294117647058823,0.2238434740262385,-0.019766492451359058,2.090255986662219,20,20,13.82306718826294
950,,0.18860882254454106,0.014508370964964696,0.044180504977703094,1.0,1.0,1.0,1.0,1.0,0.045112781954887216,0.9022556390977443,0.05263157894736842,0.4957737660838645,0.03076923076923077,0.03076923076923077,1.3076923076923077,0.9986631646474476,0.030694506788666198,42.857142857142854,0.006166048397241949,0.42857142857142855,0.08104440719945817,0.20300751879699247,0.18045112781954886,0.6165413533834586,0.15789473684210525,0.15789473684210525,nan,nan,0.05209314915352128,0.2640378628780397,0.125,0.926829268292683,0.024390243902439025,0.2011621395403687,0.1704676327517025,2.7373326708993346,20,20,3.1950175762176514
951,,0.1899727424329017,0.015831061869408473,-0.008276520110666753,1.0,1.0,1.0,1.0,1.0,0.11023622047244094,0.8346456692913385,0.05511811023622047,0.5017331384122372,0.0125,0.0125,1.6666666666666667,0.9986083453837685,0.021613849270693153,71.42857142857143,0.003188394741964696,0.7142857142857143,0.010719415201400706,0.15748031496062992,0.5433070866141733,0.2992125984251969,0.44881889763779526,0.44881889763779526,nan,nan,0.0312563827543429,0.16942485477231892,0.10144927536231885,0.868421052631579,0.0,0.19900428269287446,0.1773904334221813,2.506232495453079,20,20,2.8172221183776855
952,,0.1892416354634419,0.015770136288620156,-0.007817601971328258,1.0,1.0,1.0,1.0,1.0,0.036231884057971016,0.9492753623188406,0.014492753623188406,0.49506003654290304,0.0125,0.0125,2.5833333333333335,0.9979951012603573,0.03202290526033494,50.0,-0.07194518873297881,0.5,0.03724876857768049,0.2028985507246377,0.43478260869565216,0.36231884057971014,0.4057971014492754,0.4057971014492754,nan,nan,0.043363086808196394,0.27357363593814515,0.016666666666666666,1.0,0.0,0.20715519374059724,0.1751322884802623,2.771078782142008,20,20,3.285489082336426
953,,0.17987128090706508,0.007494636704461045,-0.015801724418997763,1.0,1.0,1.0,1.0,1.0,0.0,0.94,0.06,0.503380450369635,0.03958333333333333,0.03958333333333333,7.083333333333333,0.9848559213089167,0.07989263690852813,16.666666666666664,-0.08807411254437114,0.16666666666666666,0.00990188022539585,0.175,0.33,0.495,0.33,0.33,nan,nan,0.03804088061279129,0.11106798935825138,0.030303030303030304,0.9797979797979798,0.020202020202020204,0.22370460929891015,0.14381197239038201,2.3682952875977024,20,20,7.795268774032593
954,,0.12378963660438955,0.0034386010167885986,0.12090443521738052,0.65,0.65,0.65,0.815,0.8444444444444444,0.22285714285714286,0.49142857142857144,0.2857142857142857,0.5015687049929208,0.35,0.35,1.4166666666666667,0.5972457926597984,0.32803066983050827,26.0,-0.3717296397688661,0.26,0.10502555720303283,0.10857142857142857,0.84,0.05142857142857143,0.4514285714285714,0.4514285714285714,nan,nan,0.2175553091172506,0.6963088745018968,0.23809523809523808,0.5555555555555556,0.3333333333333333,0.22821181039840013,-0.09981885943210814,1.458753575750419,20,20,24.497164487838745
955,,0.17864078683657236,0.007766990732024886,0.0256101168692112,0.95,0.95,0.95,0.9624060150375939,0.8333333333333334,0.08461538461538462,0.8615384615384616,0.05384615384615385,0.5046214392596006,0.006521739130434782,0.006521739130434782,1.3043478260869565,0.9064245095129801,0.27786578529580275,42.857142857142854,-0.026069406479617332,0.42857142857142855,0.0031906484487909184,0.18461538461538463,0.1076923076923077,0.7076923076923077,0.11538461538461539,0.11538461538461539,nan,nan,0.05897581055350108,0.27580649898897514,0.14285714285714285,0.8478260869565217,0.03260869565217391,0.20793644381137766,-0.06992934148442512,2.2845576135168812,20,20,4.539376258850098
956,,0.15800813625394322,0.004514518178684092,0.09629879966378212,0.85,0.85,0.85,0.9900497512437811,0.9736842105263158,0.1625615763546798,0.6403940886699507,0.19704433497536947,0.49552343390682446,0.29,0.29,2.0285714285714285,0.8441728682308878,0.2242353720965135,25.0,-0.11624691816361502,0.25,0.08361464170430817,0.13793103448275862,0.46798029556650245,0.39408866995073893,0.3497536945812808,0.3497536945812808,nan,nan,0.1036653104551593,0.49767845432714164,0.2,0.675,0.15,0.20394016120775837,-0.020295210888755133,1.8948597298373155,20,20,12.730803728103638
957,,0.18231041031852985,0.004927308386987293,-0.014018462039530277,1.0,1.0,1.0,1.0,1.0,0.09375,0.78125,0.125,0.49224979042239186,0.20135135135135135,0.20135135135135135,4.945945945945946,0.9837740909408819,0.09318263730939474,25.0,-0.12226495652254366,0.25,0.06800745708103523,0.1484375,0.41796875,0.43359375,0.375,0.375,nan,nan,0.06692116839177012,0.29667061787111926,0.09345794392523364,0.8468468468468469,0.05405405405405406,0.2293841534651631,0.13620151615576837,2.2983843081508604,20,20,12.8183274269104
958,,0.12365823784970788,0.002576213288535581,0.07794268603126207,0.65,0.65,0.65,0.7777777777777778,0.8695652173913043,0.11764705882352941,0.6470588235294118,0.23529411764705882,0.5221243593009907,0.18125,0.18125,2.0833333333333335,0.5784123965283896,0.3157935230409427,31.25,-0.30273352414427207,0.3125,0.09478911315969535,0.08823529411764706,0.8284313725490197,0.08333333333333333,0.5686274509803921,0.5686274509803921,nan,nan,0.13118918131424134,0.7067672304701356,0.1893491124260355,0.9411764705882353,0.058823529411764705,0.2368565930304531,-0.07893693001048963,1.618794006499078,20,20,24.19007635116577
959,,0.18496385828160086,0.0061654619427200285,-0.0018257787451148033,1.0,1.0,1.0,1.0,1.0,0.19170984455958548,0.6683937823834197,0.13989637305699482,0.477250075966925,0.27,0.27,2.6666666666666665,0.9869031109096992,0.10036993157737636,37.03703703703704,-0.09026335117045653,0.37037037037037035,0.06847966325732255,0.13471502590673576,0.7150259067357513,0.15025906735751296,0.5129533678756477,0.5129533678756477,nan,nan,0.08079259318610378,0.35120882299512246,0.12318840579710146,0.8275862068965517,0.034482758620689655,0.2419491301284822,0.14157919855110584,2.109113514751049,20,20,7.9295995235443115
960,,0.1777001560058994,0.005553129875184356,-0.015046647936105727,0.95,0.95,0.95,0.9901477832512315,1.0,0.11330049261083744,0.7438423645320197,0.14285714285714285,0.4721279435672841,0.1578125,0.1578125,3.84375,0.9436674801188047,0.21634397342469913,34.48275862068966,-0.08418634380511335,0.3448275862068966,0.06250134705514618,0.1477832512315271,0.4039408866995074,0.4482758620689655,0.2857142857142857,0.2857142857142857,nan,nan,0.09344723265769665,0.3949871153988336,0.15853658536585366,0.8901098901098901,0.054945054945054944,0.21892849222199384,0.0025845187972947103,1.9457872269578476,20,20,8.804308414459229
961,,0.15179789357996956,0.0063249122324987314,0.0754941463470459,0.85,0.85,0.85,0.9477611940298507,1.0,0.27692307692307694,0.6230769230769231,0.1,0.47822654283760735,0.041666666666666664,0.041666666666666664,0.75,0.6796176907646951,0.3870050689245545,15.384615384615385,-0.2743526445386311,0.15384615384615385,0.05780082024670894,0.25384615384615383,0.4461538461538462,0.3,0.4,0.4,nan,nan,0.08579783392691347,0.37797398152850115,0.034482758620689655,0.4358974358974359,0.1794871794871795,0.29103392886712515,-0.09597114005742934,1.8930446812599928,20,20,6.149343013763428
962,,0.15407775195993187,0.004814929748747871,0.04281666539609432,0.9,0.9,0.9,0.9786096256684492,0.9444444444444444,0.04891304347826087,0.8532608695652174,0.09782608695652174,0.503694032781641,0.121875,0.121875,4.1875,0.8793547675638973,0.21649393622546004,16.666666666666664,-0.09930113642807743,0.16666666666666666,0.15538483836553815,0.14673913043478262,0.45652173913043476,0.3967391304347826,0.45108695652173914,0.45108695652173914,nan,nan,0.060254908211701645,0.3279457174439799,0.08333333333333333,0.8493150684931506,0.0684931506849315,0.20433680194450776,-0.01215713428095229,2.1306226101541275,20,20,7.146366119384766
963,,0.18861149338077546,0.017146499398252316,-0.007682629860937595,1.0,1.0,1.0,1.0,1.0,0.03731343283582089,0.9253731343283582,0.03731343283582089,0.4850011471013369,0.0,0.0,2.6363636363636362,0.9984385409157642,0.028511395507913845,40.0,0.00227309755879324,0.4,0.010689684073271144,0.17164179104477612,0.5,0.3283582089552239,0.4701492537313433,0.4701492537313433,nan,nan,0.036429460853555626,0.2531710404082168,0.04477611940298507,0.9090909090909091,0.045454545454545456,0.20280047362596282,0.17428907811804897,2.97456717993295,20,20,3.0014991760253906
964,,0.178789144486078,0.005417852863214485,0.10482305958867073,0.9,0.9,0.9,0.9076923076923077,1.0,0.2222222222222222,0.7,0.07777777777777778,0.48622646465761743,0.1318181818181818,0.1318181818181818,2.757575757575758,0.5644635279912341,0.8578330522794768,14.285714285714285,-0.09784892064784259,0.14285714285714285,0.03940275455879498,0.18888888888888888,0.32222222222222224,0.4888888888888889,0.29444444444444445,0.29444444444444445,nan,nan,0.17932899763651078,0.38165072375869324,0.017241379310344827,0.7045454545454546,0.10227272727272728,0.7407306443717756,-0.11710240790770124,2.0153234495558197,20,20,10.728265523910522
965,,0.17820221212217,0.006600081930450741,0.01138550266623497,1.0,1.0,1.0,1.0,1.0,0.12060301507537688,0.7839195979899497,0.09547738693467336,0.4795237817027589,0.12962962962962962,0.12962962962962962,5.37037037037037,0.9835052570800873,0.07443071715905905,31.57894736842105,-0.04225229185127445,0.3157894736842105,0.07036384552661286,0.135678391959799,0.47738693467336685,0.3869346733668342,0.35175879396984927,0.35175879396984927,nan,nan,0.0820932955145499,0.24565992867409409,0.11578947368421053,0.922077922077922,0.05194805194805195,0.20388528010744716,0.1294545629483881,2.664611523198824,20,20,8.93043327331543
966,,0.16329949997131327,0.004665699999180379,0.03736634887754917,0.95,0.95,0.95,0.995,1.0,0.03940886699507389,0.8817733990147784,0.07881773399014778,0.5031043508402737,0.032857142857142856,0.032857142857142856,4.828571428571428,0.8849480887051824,0.2934262771942014,12.5,-0.051783617737658945,0.125,0.02343708068452771,0.1625615763546798,0.5172413793103449,0.32019704433497537,0.5172413793103449,0.5172413793103449,nan,nan,0.04143374453014012,0.11241279461320755,0.0380952380952381,0.9384615384615385,0.046153846153846156,0.2219696694813644,-0.071456607712837,2.3599026919077333,20,20,9.334830045700073
967,,0.18120296628616922,0.006711220973561823,-0.017907301150262355,1.0,1.0,1.0,1.0,1.0,0.11467889908256881,0.8027522935779816,0.08256880733944955,0.49514912255302385,0.12037037037037036,0.12037037037037036,4.666666666666667,0.9884632440270648,0.07897558357985587,22.22222222222222,-0.06892584876017846,0.2222222222222222,0.04953578933140487,0.1651376146788991,0.463302752293578,0.37155963302752293,0.44036697247706424,0.44036697247706424,nan,nan,0.037889863172140686,0.1858345872682925,0.019801980198019802,0.9012345679012346,0.07407407407407407,0.2337813498794008,0.15480576629954493,2.566364742600369,20,20,9.620356321334839
968,,0.1914538036226406,0.005801630412807291,0.1159372128546238,0.95,0.95,0.95,0.9620853080568721,1.0,0.11165048543689321,0.8203883495145631,0.06796116504854369,0.497786575383736,0.0893939393939394,0.0893939393939394,3.8484848484848486,0.6805400790278063,0.7513694724116132,21.428571428571427,-0.09630699717907933,0.21428571428571427,0.021892589684486635,0.12135922330097088,0.6359223300970874,0.24271844660194175,0.5436893203883495,0.5436893203883495,nan,nan,0.11208781451993075,0.39758286020636985,0.04580152671755725,0.88,0.02,0.7080469875468309,-0.04332248486478231,2.1243852894456263,20,20,11.11601734161377
969,,0.17841686531670034,0.0074340360548625145,-0.029875725880265235,1.0,1.0,1.0,1.0,1.0,0.08080808080808081,0.8787878787878788,0.04040404040404041,0.48792482266657466,0.05416666666666667,0.05416666666666667,6.625,0.983815911049611,0.07873664578252731,12.5,-0.09376649175234966,0.125,0.0006598497169835182,0.20707070707070707,0.29292929292929293,0.5,0.2828282828282828,0.2828282828282828,nan,nan,0.06258442598373318,0.254470598333045,0.017241379310344827,0.9292929292929293,0.020202020202020204,0.21961464070291903,0.1408779949203917,2.639746003009686,20,20,7.299454927444458
970,,0.17703148663054824,0.00737631194293951,0.027562799304723738,1.0,1.0,1.0,1.0,1.0,0.08955223880597014,0.8805970149253731,0.029850746268656716,0.5068385239407992,0.08541666666666667,0.08541666666666667,7.583333333333333,0.9783317871689032,0.0999551749854172,0.0,-0.07544557616464606,0.0,0.0,0.11442786069651742,0.5472636815920398,0.3383084577114428,0.5174129353233831,0.5174129353233831,nan,nan,0.03547386298486262,0.15210403976999304,0.0,0.9117647058823529,0.0,0.23494952714560013,0.13499435216018293,2.662236099346744,20,20,7.9431798458099365
971,,0.19990332068073252,0.014278808620052322,-0.019024802930653097,1.0,1.0,1.0,1.0,1.0,0.5454545454545454,0.36363636363636365,0.09090909090909091,0.49767317778563924,0.075,0.075,0.9285714285714286,0.996256897973929,0.04471991678157866,16.666666666666664,-0.019077330981958185,0.16666666666666666,0.0394272680123577,0.14393939393939395,0.4166666666666667,0.4393939393939394,0.17424242424242425,0.17424242424242425,nan,nan,0.10066177517327256,0.7103226180737066,0.09090909090909091,0.3620689655172414,0.10344827586206896,0.2278924255442995,0.18317250876272084,2.235984542166837,20,20,6.101810693740845
972,,0.17339087118974209,0.00619253111391936,-0.009010381437838078,1.0,1.0,1.0,1.0,1.0,0.09090909090909091,0.8421052631578947,0.06698564593301436,0.48459771380522787,0.10178571428571428,0.10178571428571428,4.428571428571429,0.9870379540453939,0.06616716166200784,21.428571428571427,-0.07406644305772314,0.21428571428571427,0.08407655191488866,0.15789473684210525,0.5023923444976076,0.3397129186602871,0.4880382775119617,0.4880382775119617,nan,nan,0.04393514192206966,0.21233128913674534,0.01904761904761905,0.8873239436619719,0.056338028169014086,0.2023678478834421,0.13620068622143425,2.5625035758534906,20,20,8.385619401931763
973,,0.18847628915361678,0.018847628915361677,-0.004927920922636986,1.0,1.0,1.0,1.0,0.0,0.007633587786259542,0.9923664122137404,0.0,0.45378968253498897,0.0,0.0,2.5,0.9990916495187677,0.02394359406435151,0.0,0.0,0.0,0.0,0.20610687022900764,0.24427480916030533,0.549618320610687,0.24427480916030533,0.24427480916030533,nan,nan,0.03401758658114451,0.17150494997749208,0.0,0.9861111111111112,0.0,0.20214380674792284,0.17820021268357134,2.885929188886342,20,20,2.9497969150543213
974,,0.18156939766144112,0.006983438371593889,-0.00847192034125328,1.0,1.0,1.0,1.0,1.0,0.07920792079207921,0.8811881188118812,0.039603960396039604,0.4773393224494962,0.07692307692307693,0.07692307692307693,6.115384615384615,0.9904291197677959,0.05959072587493544,25.0,-0.06733678541264496,0.25,0.021988836572660115,0.21287128712871287,0.13366336633663367,0.6534653465346535,0.13861386138613863,0.13861386138613863,nan,nan,0.08155600397506593,0.2460707148552942,0.0,0.9015151515151515,0.030303030303030304,0.21436432739988198,0.15477360152494654,2.5917294290884336,20,20,7.674999475479126
975,,0.17692446697173697,0.005203660793286382,-0.015495293214917183,1.0,1.0,1.0,1.0,1.0,0.011111111111111112,0.9518518518518518,0.037037037037037035,0.48077085461700336,0.03235294117647059,0.03235294117647059,6.970588235294118,0.9817864931835613,0.08058859266173857,10.0,-0.10736985432371242,0.1,0.18968324062988484,0.14074074074074075,0.35185185185185186,0.5074074074074074,0.362962962962963,0.362962962962963,nan,nan,0.060130757995512124,0.17762734649065717,0.0,0.9854014598540146,0.014598540145985401,0.2184767962963715,0.13788820363463294,2.789129989473071,20,20,13.972926616668701
976,,0.1888384609960135,0.015736538416334458,-0.021406852453947068,1.0,1.0,1.0,1.0,0.0,0.007751937984496124,0.9922480620155039,0.0,0.4847517221060116,0.0,0.0,2.5,0.9982961453514029,0.03328896237132947,0.0,0.0,0.0,0.0,0.13953488372093023,0.3488372093023256,0.5116279069767442,0.34108527131782945,0.34108527131782945,nan,nan,0.03900641622657163,0.19875144196221378,0.0,1.0,0.0,0.20300345597558372,0.16971449360425425,3.042914095020944,20,20,2.9951999187469482
977,,0.20158483307562763,0.016798736089635637,-0.04431156516075134,1.0,1.0,1.0,1.0,1.0,0.6142857142857143,0.35,0.03571428571428571,0.5076182370074094,0.029166666666666667,0.029166666666666667,1.25,0.9900422401955911,0.08833876197271559,20.0,-0.0022001996671111084,0.2,0.01817239391562611,0.15714285714285714,0.15,0.6928571428571428,0.12857142857142856,0.12857142857142856,nan,nan,0.09792197214351188,0.5250468678458023,0.14285714285714285,0.27835051546391754,0.020618556701030927,0.26254924988975753,0.17421048791704194,2.081366874974201,20,20,6.030731201171875
978,,0.176833589586379,0.0052009879290111465,0.019583297334611414,0.95,0.95,0.95,0.9528301886792453,1.0,0.1323529411764706,0.7794117647058824,0.08823529411764706,0.5095752004013561,0.11911764705882352,0.11911764705882352,3.2941176470588234,0.8652611994545107,0.41473503584721294,11.11111111111111,-0.08443119262941956,0.1111111111111111,0.04185637348066534,0.11764705882352941,0.4950980392156863,0.3872549019607843,0.46568627450980393,0.46568627450980393,nan,nan,0.06760706490054026,0.21876096375971624,0.06930693069306931,0.7721518987341772,0.0759493670886076,0.3354330410796995,-0.07930199476751343,2.1307015083718723,20,20,9.151689291000366
979,,0.15718196977534132,0.005420067923287632,0.08523008227348328,0.9,0.9,0.9,0.9739583333333334,1.0,0.10526315789473684,0.8263157894736842,0.06842105263157895,0.5143127659530426,0.11206896551724138,0.11206896551724138,4.379310344827586,0.831376039448532,0.29549409512192465,38.46153846153847,-0.07103555823764912,0.38461538461538464,0.04503225507249774,0.14210526315789473,0.6157894736842106,0.24210526315789474,0.4842105263157895,0.4842105263157895,nan,nan,0.09101247264050001,0.5030731815682248,0.07692307692307693,0.9130434782608695,0.0,0.22049649821441403,-0.07499759690751064,2.1883377897028233,20,20,8.83580732345581
980,,0.18090217206616893,0.0075375905027570385,-0.030299283936619757,1.0,1.0,1.0,1.0,1.0,0.02030456852791878,0.9289340101522843,0.050761421319796954,0.46597488332311815,0.0625,0.0625,6.333333333333333,0.9884006823795926,0.08760796976688087,10.0,-0.05572283414929382,0.1,0.1458749373213955,0.13705583756345177,0.22842639593908629,0.6345177664974619,0.22842639593908629,0.22842639593908629,nan,nan,0.05124429035918552,0.15461331878280582,0.0,0.968,0.024,0.24253034377039068,0.1549223740035098,3.0729525877663963,20,20,8.337902307510376
981,,0.19645647506438288,0.01227852969152393,-0.01892687976360321,1.0,1.0,1.0,1.0,1.0,0.4112903225806452,0.43548387096774194,0.1532258064516129,0.5039532096350741,0.0625,0.0625,0.8125,0.9952065300172983,0.04859469518853668,47.368421052631575,-0.021029030062026745,0.47368421052631576,0.012966195897678683,0.1693548387096774,0.4032258064516129,0.4274193548387097,0.29838709677419356,0.29838709677419356,nan,nan,0.09651973883873559,0.4645738085633533,0.16,0.2830188679245283,0.18867924528301888,0.2299469923653212,0.18135229717678453,1.725258370398761,20,20,5.167326211929321
982,,0.18166889243102374,0.00422485796351218,0.11881833573182424,0.9,0.9,0.9,0.9294117647058824,0.9583333333333334,0.04918032786885246,0.8319672131147541,0.11885245901639344,0.4971285255178563,0.12558139534883722,0.12558139534883722,5.651162790697675,0.6311620747304465,0.7735572996860667,13.793103448275861,-0.24329652959117898,0.13793103448275862,0.06117087752406204,0.12295081967213115,0.2827868852459016,0.5942622950819673,0.27459016393442626,0.27459016393442626,nan,nan,0.20823063288778002,0.761213880397381,0.08695652173913043,0.903448275862069,0.06206896551724138,0.6654268104155792,-0.10813048927048757,1.7339427223007498,20,20,21.98635768890381
983,,0.15915465350135805,0.004973582921917439,0.024985559284687042,0.9,0.9,0.9,0.8975609756097561,0.7777777777777778,0.08064516129032258,0.8709677419354839,0.04838709677419355,0.5016369758183827,0.059375,0.059375,3.46875,0.7858710316639352,0.30261290425002374,11.11111111111111,-0.0924284541690027,0.1111111111111111,0.01755222048986438,0.16666666666666666,0.44623655913978494,0.3870967741935484,0.41935483870967744,0.41935483870967744,nan,nan,0.0638147932068041,0.28907015754380716,0.012048192771084338,0.9305555555555556,0.041666666666666664,0.21756654758974608,-0.08504635666027766,2.2941395661795454,20,20,10.979458093643188
984,,0.14970858692409642,0.0045366238461847395,0.07237339429557324,0.85,0.85,0.85,0.923469387755102,0.8333333333333334,0.19021739130434784,0.7771739130434783,0.03260869565217391,0.48009965426242684,0.12878787878787878,0.12878787878787878,3.5757575757575757,0.7573409033433675,0.3045511111194729,16.666666666666664,-0.04133043156704751,0.16666666666666666,0.05932477543712997,0.14673913043478262,0.32608695652173914,0.5271739130434783,0.2608695652173913,0.2608695652173913,nan,nan,0.10239656573700869,0.4795708556008641,0.0,0.7835051546391752,0.020618556701030927,0.2205176179869004,-0.08403349313257251,2.045383875826334,20,20,12.81942629814148
985,,0.1805629495925927,0.0078505630257649,0.022823361307382585,1.0,1.0,1.0,1.0,1.0,0.13612565445026178,0.8481675392670157,0.015706806282722512,0.49855062118680826,0.08478260869565217,0.08478260869565217,6.260869565217392,0.9827097915992905,0.09106208446897252,66.66666666666666,-0.014133923183957129,0.6666666666666666,0.009647485140151194,0.11518324607329843,0.5340314136125655,0.3507853403141361,0.44502617801047123,0.44502617801047123,nan,nan,0.05953863913931168,0.2597475317640598,0.029411764705882353,0.9402985074626866,0.0,0.22967833080097572,0.1386162463320032,2.815613110476199,20,20,8.120832681655884
986,,0.19101528530879341,0.015917940442399452,-0.010119948349893094,1.0,1.0,1.0,1.0,1.0,0.16153846153846155,0.823076923076923,0.015384615384615385,0.48407807291368954,0.004166666666666667,0.004166666666666667,1.9166666666666667,0.9986845874028597,0.0293796729591069,50.0,-0.005559902881334454,0.5,0.0051846221025994045,0.17692307692307693,0.2692307692307692,0.5538461538461539,0.25384615384615383,0.25384615384615383,nan,nan,0.05314914716665218,0.2730198116128928,0.0,0.8194444444444444,0.027777777777777776,0.20878854854854603,0.17940887558943913,3.3373361591081943,20,20,3.2280895709991455
987,,0.14745708702952356,0.004608033969672611,0.051190049201250074,0.85,0.85,0.85,0.8934010152284264,0.875,0.17318435754189945,0.7821229050279329,0.0446927374301676,0.484821472432759,0.084375,0.084375,3.0625,0.7116377799879874,0.3000754541970508,25.0,-0.04220229376525399,0.25,0.13079408052866015,0.1340782122905028,0.5139664804469274,0.35195530726256985,0.41899441340782123,0.41899441340782123,nan,nan,0.06954675025294763,0.2919349429620493,0.043478260869565216,0.8412698412698413,0.047619047619047616,0.2191741654808395,-0.08090128871621127,2.0715123469924666,20,20,9.387463569641113
988,,0.1922558023007398,0.016021316858394984,-0.02008700743317604,1.0,1.0,1.0,1.0,1.0,0.4701492537313433,0.48507462686567165,0.04477611940298507,0.4561122949307901,0.0625,0.0625,1.75,0.9976581665761327,0.03387669832092846,33.33333333333333,-0.008791910891261981,0.3333333333333333,0.026728597652994304,0.1791044776119403,0.34328358208955223,0.47761194029850745,0.23880597014925373,0.23880597014925373,nan,nan,0.06261511863650998,0.37419842522249147,0.043478260869565216,0.421875,0.03125,0.2148323621490834,0.18095566382815495,2.4582028442073462,20,20,4.122557878494263
989,,0.176483242779085,0.007353468449128542,-0.016866429522633553,1.0,1.0,1.0,1.0,1.0,0.005025125628140704,0.9849246231155779,0.010050251256281407,0.48710537363137213,0.00625,0.00625,6.375,0.9855518837564853,0.07800593663330987,0.0,-0.09027375866503569,0.0,0.0,0.1407035175879397,0.39195979899497485,0.46733668341708545,0.3969849246231156,0.3969849246231156,nan,nan,0.05728552845903559,0.2309469108613805,0.0,0.978494623655914,0.010752688172043012,0.2203195958296367,0.14231365919632682,2.710557623025883,20,20,7.774474620819092
990,,0.19338968616704783,0.01758088056064071,-0.021036886051297186,1.0,1.0,1.0,1.0,1.0,0.34328358208955223,0.6417910447761194,0.014925373134328358,0.5053487014152448,0.01818181818181818,0.01818181818181818,1.4545454545454546,0.9989637876100989,0.027643915749888393,50.0,0.045762394183218494,0.5,0.10372359943458431,0.21641791044776118,0.31343283582089554,0.4701492537313433,0.291044776119403,0.291044776119403,nan,nan,0.050025019203936205,0.24735389907419902,0.023809523809523808,0.5873015873015873,0.015873015873015872,0.21130418751680213,0.18366027176691374,2.6731258727139893,20,20,2.8763163089752197
991,,0.17963742019715004,0.006194393799901726,-0.012289618887007237,1.0,1.0,1.0,1.0,1.0,0.23857868020304568,0.7208121827411168,0.04060913705583756,0.5125436118917824,0.1396551724137931,0.1396551724137931,3.4482758620689653,0.9860586781844549,0.09142903855756018,50.0,0.021155405815980632,0.5,0.1551831216005413,0.14720812182741116,0.49238578680203043,0.3604060913705584,0.37055837563451777,0.37055837563451777,nan,nan,0.08029557819985977,0.3685213858258914,0.030927835051546393,0.7746478873239436,0.04225352112676056,0.2340838498321659,0.14265481127460572,2.074036272681926,20,20,8.50847315788269
992,,0.1679943504260076,0.005999798229500272,0.014391671121120452,0.95,0.95,0.95,0.9701492537313433,0.9166666666666666,0.34183673469387754,0.5969387755102041,0.061224489795918366,0.507558521374137,0.20535714285714285,0.20535714285714285,3.5357142857142856,0.9020434252771572,0.2658649429785041,8.333333333333332,-0.1497629291226105,0.08333333333333333,0.03201675371060307,0.10204081632653061,0.42346938775510207,0.4744897959183674,0.3163265306122449,0.3163265306122449,nan,nan,0.08153784724786232,0.3191910428442567,0.03614457831325301,0.5591397849462365,0.043010752688172046,0.20422088056938886,-0.06164406240911523,1.9733077990567767,20,20,10.595125436782837
993,,0.17223005358730917,0.0040053500834257945,0.026486415167649588,0.95,0.95,0.95,0.9962546816479401,1.0,0.23308270676691728,0.7443609022556391,0.022556390977443608,0.49941426867207644,0.1744186046511628,0.1744186046511628,4.534883720930233,0.9558093559637154,0.18725411729763666,16.666666666666664,-0.08358997644812112,0.16666666666666666,0.0044085860155794465,0.13157894736842105,0.39473684210526316,0.47368421052631576,0.3082706766917293,0.3082706766917293,nan,nan,0.09790972528051224,0.4399511736048733,0.009523809523809525,0.7619047619047619,0.015873015873015872,0.23350678305343336,0.0462526657557967,2.193824406716502,20,20,16.127411127090454
994,,0.2078887163601995,0.013859247757346633,-0.02363673411309719,1.0,1.0,1.0,1.0,1.0,0.5970149253731343,0.373134328358209,0.029850746268656716,0.4839093550791343,0.02666666666666667,0.02666666666666667,1.0,0.9904755292832647,0.06331492124781068,75.0,0.012073071031870313,0.75,0.02349935130523373,0.1865671641791045,0.6417910447761194,0.17164179104477612,0.17164179104477612,0.17164179104477612,nan,nan,0.12445527562959496,0.7536269649752542,0.03488372093023256,0.5652173913043478,0.0,0.2507540009425865,0.1874390796947758,1.8702998184062132,20,20,5.5686936378479
995,,0.17728839729276613,0.0073870165538652555,0.008374875411391258,1.0,1.0,1.0,1.0,0.0,0.03980099502487562,0.9601990049751243,0.0,0.4790111993313379,0.020833333333333332,0.020833333333333332,6.375,0.9811643119677876,0.09141443916061606,0.0,0.0,0.0,0.0,0.13930348258706468,0.417910447761194,0.4427860696517413,0.4079601990049751,0.4079601990049751,nan,nan,0.061878864779569664,0.3110466925512328,0.0,0.9550561797752809,0.0,0.2245221895637212,0.13310775040310513,2.7411753942434562,20,20,7.540808200836182
996,,0.17546536122430034,0.0076289287488826235,-0.030907430872321128,1.0,1.0,1.0,1.0,0.0,0.05,0.95,0.0,0.5096261270360707,0.013043478260869565,0.013043478260869565,6.173913043478261,0.9864923604524363,0.0801172992115255,0.0,0.0,0.0,0.0,0.135,0.445,0.42,0.46,0.46,nan,nan,0.04494869666416493,0.23617146320012794,0.0,0.9642857142857143,0.0,0.22683888120479923,0.14672158199327373,2.3292881347159766,20,20,7.795777320861816
997,,0.1883176433869402,0.005089666037484871,-0.018563053384423257,1.0,1.0,1.0,1.0,1.0,0.04980842911877394,0.946360153256705,0.0038314176245210726,0.4917380578846614,0.043243243243243246,0.043243243243243246,8.08108108108108,0.979641300383765,0.09487223298805547,0.0,-0.3117852435053421,0.0,0.0,0.14942528735632185,0.14559386973180077,0.7049808429118773,0.11877394636015326,0.11877394636015326,nan,nan,0.11978420109839552,0.2645142127010304,0.0,0.9891304347826086,0.0,0.238426089289849,0.14355385630179354,3.073000603260735,20,20,14.552494049072266
998,,0.17338979711641467,0.005593219261819828,0.060017823427915576,0.9,0.9,0.9,0.9625668449197861,1.0,0.36813186813186816,0.6098901098901099,0.02197802197802198,0.48031597921339375,0.20483870967741935,0.20483870967741935,2.6774193548387095,0.8522404876643206,0.30367528246602715,0.0,-0.14842831298052622,0.0,0.0,0.12637362637362637,0.2967032967032967,0.5769230769230769,0.2087912087912088,0.2087912087912088,nan,nan,0.1567410044257904,0.7866642485454568,0.0,0.6095238095238096,0.02857142857142857,0.2394767519277121,-0.06419853053831504,2.0657319038929773,20,20,15.370906591415405
999,,0.18056404319679673,0.0038417881531233344,0.03167729874451955,0.95,0.95,0.95,0.9450980392156862,1.0,0.045081967213114756,0.9180327868852459,0.036885245901639344,0.501808206317838,0.05851063829787234,0.05851063829787234,4.9787234042553195,0.7827073766934931,0.5757609597461596,22.22222222222222,-0.09711876961666562,0.2222222222222222,0.058916454761868325,0.16393442622950818,0.3073770491803279,0.5286885245901639,0.3319672131147541,0.3319672131147541,nan,nan,0.09701687077465906,0.2126528468201206,0.0,0.9457364341085271,0.023255813953488372,0.5143804528102103,-0.06138050693594932,2.2163809937416494,20,20,15.760453939437866
1000,,0.18817249447830126,0.017106590407118295,-0.016430081427097322,1.0,1.0,1.0,1.0,0.0,0.061068702290076333,0.9389312977099237,0.0,0.5078318762931634,0.01818181818181818,0.01818181818181818,2.909090909090909,0.9991678496751201,0.017868634877556994,0.0,0.0,0.0,0.0,0.183206106870229,0.2748091603053435,0.5419847328244275,0.24427480916030533,0.24427480916030533,nan,nan,0.04114527222359126,0.2108461073275391,0.0,0.971830985915493,0.0,0.1959268416125594,0.17805820673500242,2.6966978636088434,20,20,2.968818426132202
1001,,0.17125646834854086,0.005351764635891902,0.0036584373563528063,0.95,0.95,0.95,0.9949238578680203,0.0,0.15736040609137056,0.8426395939086294,0.0,0.5030512231281137,0.0875,0.0875,4.125,0.9281267849030813,0.25353210315389285,0.0,0.0,0.0,0.0,0.14213197969543148,0.4213197969543147,0.4365482233502538,0.40609137055837563,0.40609137055837563,nan,nan,0.06991806169688344,0.2968855625734112,0.0,0.9069767441860465,0.0,0.2388783576040552,-0.014653745549837671,2.362955250221926,20,20,8.224948406219482
1002,,0.18236582686338282,0.005526237177678267,-0.025297063775360583,1.0,1.0,1.0,1.0,1.0,0.5756097560975609,0.3902439024390244,0.03414634146341464,0.5101831031441124,0.2909090909090909,0.2909090909090909,1.4848484848484849,0.995863607731895,0.041914270639432955,14.285714285714285,-0.09013057188928875,0.14285714285714285,0.010838144300832853,0.16097560975609757,0.4585365853658537,0.3804878048780488,0.22926829268292684,0.22926829268292684,nan,nan,0.09631062193877499,0.31656089649251273,0.02127659574468085,0.3974358974358974,0.02564102564102564,0.20076828073557262,0.15885401009613967,1.8225753544232868,20,20,14.20481276512146
1003,,0.1863095982902773,0.015525799857523108,-0.01699063703417778,1.0,1.0,1.0,1.0,1.0,0.5873015873015873,0.3888888888888889,0.023809523809523808,0.5032498975115232,0.0375,0.0375,1.3333333333333333,0.9790927559523754,0.13172858186245864,33.33333333333333,-0.008624578793031452,0.3333333333333333,0.019516844127247558,0.25396825396825395,0.18253968253968253,0.5634920634920635,0.21428571428571427,0.21428571428571427,nan,nan,0.05861345944547607,0.3541386655858479,0.0,0.38028169014084506,0.028169014084507043,0.20260598895400012,0.07087740709154147,2.258503430755398,20,20,3.602679491043091
1004,,0.17813351476667175,0.007744935424637902,-0.020670367032289506,1.0,1.0,1.0,1.0,0.0,0.10945273631840796,0.8905472636815921,0.0,0.4998573775899232,0.06304347826086956,0.06304347826086956,6.869565217391305,0.9802226532454631,0.10341805756164982,0.0,0.0,0.0,0.0,0.11442786069651742,0.5174129353233831,0.3681592039800995,0.4925373134328358,0.4925373134328358,nan,nan,0.038489076200831376,0.20974757666651814,0.0,0.9054054054054054,0.0,0.2252255413429169,0.12180748378126707,2.4885885763904185,20,20,7.430292844772339
1005,,0.18944510077677393,0.015787091731397827,-0.023590510711073875,1.0,1.0,1.0,1.0,0.0,0.13846153846153847,0.8615384615384616,0.0,0.4853819235038827,0.004166666666666667,0.004166666666666667,2.0,0.9986810035610298,0.026441742549780517,0.0,0.0,0.0,0.0,0.2230769230769231,0.3384615384615385,0.43846153846153846,0.3153846153846154,0.3153846153846154,nan,nan,0.04155686048800349,0.2681427967310453,0.0,0.8070175438596491,0.0,0.20205662233353675,0.17561487978375623,2.6227769383068322,20,20,2.7830824851989746
1006,,0.16847122426985212,0.005105188614237943,-0.0053712472319602965,1.0,1.0,1.0,1.0,1.0,0.01937984496124031,0.9728682170542635,0.007751937984496124,0.5073491789608714,0.045454545454545456,0.045454545454545456,8.727272727272727,0.966385624666357,0.11076962673173316,0.0,-0.23109381165830745,0.0,0.0,0.1124031007751938,0.4728682170542636,0.41472868217054265,0.4689922480620155,0.4689922480620155,nan,nan,0.04780134657934145,0.1951136585835723,0.0,0.9813084112149533,0.0,0.22491436572502765,0.1141447389932945,2.117442916654123,20,20,14.016110897064209
1007,,0.1759029616358724,0.007647954853733583,-0.04602765403687954,1.0,1.0,1.0,1.0,1.0,0.08292682926829269,0.9024390243902439,0.014634146341463415,0.5086049931199775,0.05652173913043478,0.05652173913043478,7.086956521739131,0.9869505138624045,0.09139509921308522,0.0,-0.06810435737383154,0.0,0.0,0.15609756097560976,0.375609756097561,0.4682926829268293,0.3853658536585366,0.3853658536585366,nan,nan,0.040330778268297375,0.16649224164277746,0.0,0.9270833333333334,0.0,0.22165091043074844,0.13025581121766322,2.8306701141195925,20,20,7.734658479690552
1008,,0.18082828571676277,0.006235458128164234,-0.013600181601941586,1.0,1.0,1.0,1.0,1.0,0.32,0.665,0.015,0.5027570932842129,0.20172413793103447,0.20172413793103447,3.3793103448275863,0.9802159533473828,0.09450435985107528,66.66666666666666,0.047972542904341386,0.6666666666666666,0.09291894966772465,0.085,0.495,0.42,0.37,0.37,nan,nan,0.09167654409654276,0.38888464190171423,0.0,0.6071428571428571,0.03571428571428571,0.22639890102447424,0.13189454117339897,2.2332007659239337,20,20,10.527605533599854
1009,,0.171458899490969,0.004396382038229975,-0.021769535665710767,1.0,1.0,1.0,1.0,1.0,0.056179775280898875,0.9101123595505618,0.033707865168539325,0.4920270516717723,0.06794871794871794,0.06794871794871794,7.0256410256410255,0.982004707969021,0.09107560466295073,0.0,-0.11306612931126225,0.0,0.0,0.1348314606741573,0.38202247191011235,0.48314606741573035,0.38202247191011235,0.38202247191011235,nan,nan,0.03966871455753042,0.1424578001155543,0.0,0.9457364341085271,0.0,0.2173970014793798,0.12632139681642907,2.644854719379124,20,20,13.730233430862427
1010,,0.1742463332097725,0.0069698533283909,-0.030911740846931934,1.0,1.0,1.0,1.0,1.0,0.2561576354679803,0.7142857142857143,0.029556650246305417,0.49492262785707136,0.188,0.188,4.48,0.9843523695831056,0.07776345138107157,50.0,-0.010795590352459158,0.5,0.06663366723344928,0.10837438423645321,0.5024630541871922,0.3891625615763547,0.39408866995073893,0.39408866995073893,nan,nan,0.06191334096328744,0.2749293573355851,0.0,0.6962025316455697,0.0379746835443038,0.21221965586557712,0.13445620448450554,1.9776778207576922,20,20,7.473845958709717
1011,,0.1748981409871089,0.006995925639484356,-0.01571592837572098,1.0,1.0,1.0,1.0,1.0,0.08947368421052632,0.8842105263157894,0.02631578947368421,0.49505695657941395,0.098,0.098,6.0,0.9845258545764138,0.08428734166055563,40.0,-0.05284948994124481,0.4,0.020707529445617864,0.1631578947368421,0.3526315789473684,0.4842105263157895,0.3157894736842105,0.3157894736842105,nan,nan,0.06337211568835041,0.27652391656420194,0.0,0.9130434782608695,0.021739130434782608,0.2196647252860514,0.13537738362549578,2.617064288538057,20,20,6.882164478302002
1012,,0.1646901726703342,0.00499061129304043,-0.006253987736999989,0.95,0.95,0.95,0.9593908629441624,1.0,0.09473684210526316,0.8789473684210526,0.02631578947368421,0.505432512433882,0.03636363636363636,0.03636363636363636,3.909090909090909,0.888639696473597,0.29964331629339286,0.0,-0.0604659408406689,0.0,0.0,0.22631578947368422,0.3368421052631579,0.4368421052631579,0.3368421052631579,0.3368421052631579,nan,nan,0.05124051745971508,0.15430200276063155,0.0,0.8313253012048193,0.0,0.22398618339564988,-0.07565713289774298,2.3935004251439627,20,20,8.125649452209473
1013,,0.21485153373020788,0.0044760736193793305,0.2150892456372579,0.95,0.95,0.95,0.9459459459459459,1.0,0.044534412955465584,0.9109311740890689,0.044534412955465584,0.4993823388285364,0.04583333333333333,0.04583333333333333,5.25,0.38195982924595073,1.467823301118363,9.090909090909092,-0.21616367404184678,0.09090909090909091,0.0038396094118262614,0.17408906882591094,0.4574898785425101,0.3684210526315789,0.47368421052631576,0.47368421052631576,nan,nan,0.252894200170406,2.9121191216767848,0.0,0.967032967032967,0.01098901098901099,1.372186453436292,-0.09563684768207108,2.1617158120632687,20,20,20.731061697006226
1014,,0.16559913108237873,0.005914254681513526,0.02983182147145271,0.95,0.95,0.95,0.9804878048780488,1.0,0.1724137931034483,0.7832512315270936,0.04433497536945813,0.49420449612841494,0.125,0.125,4.107142857142857,0.8744592912401761,0.3218123816547356,0.0,-0.11469650108203146,0.0,0.0,0.1477832512315271,0.6059113300492611,0.24630541871921183,0.5024630541871922,0.5024630541871922,nan,nan,0.03520875848871546,0.19130706352552812,0.008130081300813009,0.82,0.0,0.23350497189514774,-0.08830740975958784,2.0904897549816295,20,20,7.801007270812988
1015,,0.18175382127600984,0.006491207902714637,-0.01150935897603631,1.0,1.0,1.0,1.0,1.0,0.14691943127962084,0.8104265402843602,0.04265402843601896,0.49644149798904047,0.15892857142857142,0.15892857142857142,4.75,0.9775464263492394,0.1051468799873227,0.0,-0.13892693287201846,0.0,0.0,0.13744075829383887,0.6729857819905213,0.1895734597156398,0.5687203791469194,0.5687203791469194,nan,nan,0.04259071895182874,0.17199711742957202,0.0,0.925,0.0,0.25395538668355927,0.14880850669623658,2.4200920928059038,20,20,8.541404485702515
1016,,0.18208084541489206,0.007916558496299655,-0.012578387558460236,1.0,1.0,1.0,1.0,1.0,0.009900990099009901,0.9504950495049505,0.039603960396039604,0.5004881344077623,0.03695652173913044,0.03695652173913044,8.043478260869565,0.9864589224301022,0.07704439727537771,0.0,-0.12035610047165406,0.0,0.0,0.14356435643564355,0.36633663366336633,0.4900990099009901,0.3811881188118812,0.3811881188118812,nan,nan,0.039086454547350595,0.1254670754153342,0.0,0.98989898989899,0.010101010101010102,0.2258492663384829,0.1488048690631052,2.392487669373206,20,20,7.810983419418335
1017,,0.18873149711950393,0.011795718569968996,-0.013433666713535786,1.0,1.0,1.0,1.0,0.0,0.046511627906976744,0.9534883720930233,0.0,0.4733657112912624,0.00625,0.00625,2.25,0.998261884188688,0.03385706523787774,0.0,0.0,0.0,0.0,0.17829457364341086,0.5503875968992248,0.2713178294573643,0.5116279069767442,0.5116279069767442,nan,nan,0.04846736266524841,0.2533949333856213,0.0,0.9714285714285714,0.0,0.2072552252408326,0.17339816000295485,2.067556921316611,20,20,3.5471856594085693
1018,,0.17946170121989957,0.006188334524824124,0.01852307505905628,0.95,0.95,0.95,0.9951219512195122,1.0,0.6764705882352942,0.2696078431372549,0.05392156862745098,0.5002009531353091,0.4517241379310345,0.4517241379310345,0.8620689655172413,0.942539544876405,0.20203834136499815,18.181818181818183,-0.093639457109637,0.18181818181818182,0.015447658874804412,0.09313725490196079,0.7745098039215687,0.1323529411764706,0.23039215686274508,0.23039215686274508,nan,nan,0.12291120525158539,0.4427612319329687,0.0189873417721519,0.25925925925925924,0.07407407407407407,0.23160878983135935,0.0295704484663612,1.6849756128497608,20,20,15.216864585876465
1019,,0.18632882354174246,0.007763700980905936,0.005631528422236442,1.0,1.0,1.0,1.0,1.0,0.1323529411764706,0.8333333333333334,0.03431372549019608,0.4973989836682449,0.09166666666666666,0.09166666666666666,6.291666666666667,0.9802495676948024,0.10031687941594764,0.0,-0.13689648025526455,0.0,0.0,0.19117647058823528,0.21568627450980393,0.5931372549019608,0.19607843137254902,0.19607843137254902,nan,nan,0.08237790292366724,0.24204174379114035,0.0,0.9256198347107438,0.0,0.23103754255328723,0.1307206631373396,2.0591319637858736,20,20,7.739927768707275
1020,,0.1851544709056848,0.007406178836227391,-0.040636655129492286,1.0,1.0,1.0,1.0,1.0,0.10215053763440861,0.8817204301075269,0.016129032258064516,0.5007294618286833,0.114,0.114,5.0,0.9844586960910393,0.08223696313689352,33.33333333333333,-0.06283129989847296,0.3333333333333333,0.00032335518530743346,0.1774193548387097,0.3118279569892473,0.510752688172043,0.2956989247311828,0.2956989247311828,nan,nan,0.07662133159182284,0.36862712239028683,0.017241379310344827,0.9263157894736842,0.0,0.23218308653922803,0.1499461234023345,2.3448005046194695,20,20,6.998565196990967
1021,,0.1663943434527251,0.005546478115090837,0.013667267560958863,0.95,0.95,0.95,0.9905660377358491,1.0,0.37735849056603776,0.5801886792452831,0.04245283018867924,0.5042409257272569,0.16,0.16,2.2333333333333334,0.9152314052914559,0.2499344117579106,0.0,-0.08066023897958918,0.0,0.0,0.14150943396226415,0.2641509433962264,0.5943396226415094,0.25,0.25,nan,nan,0.061983110120968236,0.23319662551634684,0.0,0.5793650793650794,0.0,0.20306330798829933,-0.04687110376961127,2.38606055355689,20,20,10.96796178817749
1022,,0.17933772359714636,0.006404918699898085,-0.012410372495651245,1.0,1.0,1.0,1.0,1.0,0.2132701421800948,0.7582938388625592,0.02843601895734597,0.48311502040264065,0.15,0.15,4.464285714285714,0.987253495393547,0.07871081613706879,0.0,-0.12407161068059751,0.0,0.0,0.15639810426540285,0.5213270142180095,0.3222748815165877,0.4218009478672986,0.4218009478672986,nan,nan,0.06330257279322427,0.320253862375152,0.00909090909090909,0.8382352941176471,0.014705882352941176,0.22346481506022936,0.14475399892316057,2.071908556256784,20,20,7.9601662158966064
1023,,0.19547631645743546,0.006515877215247849,-0.022003251127898693,1.0,1.0,1.0,1.0,1.0,0.7577319587628866,0.18556701030927836,0.05670103092783505,0.49899312892676484,0.4633333333333333,0.4633333333333333,0.5333333333333333,0.986574706343487,0.09892155691158425,0.0,-0.1736168520244075,0.0,0.0,0.11855670103092783,0.4587628865979381,0.422680412371134,0.17525773195876287,0.17525773195876287,nan,nan,0.14358934637377513,0.450681683357765,0.056179775280898875,0.08536585365853659,0.0,0.2708961214059945,0.17197456449441026,1.7978928354960566,20,20,13.90915584564209
1024,,0.19865238718567893,0.01805930792597081,-0.02973700240254402,1.0,1.0,1.0,1.0,1.0,0.6589147286821705,0.3333333333333333,0.007751937984496124,0.48894818238067356,0.06363636363636363,0.06363636363636363,1.4545454545454546,0.9882322748851406,0.0908260490225444,100.0,0.0031138940329895164,1.0,0.0031138940329895164,0.17054263565891473,0.26356589147286824,0.5658914728682171,0.1937984496124031,0.1937984496124031,nan,nan,0.07058791429965164,0.23947903316045932,0.0,0.2054794520547945,0.0136986301369863,0.2692986586163292,0.17847260959378478,2.522300317430266,20,20,3.650085687637329
1025,,0.17061335625696897,0.0065620521637295755,0.02671215161681175,0.95,0.95,0.95,0.9847715736040609,1.0,0.12307692307692308,0.8564102564102564,0.020512820512820513,0.48933216169646654,0.08461538461538462,0.08461538461538462,4.6923076923076925,0.9098915139840271,0.2604326777514485,0.0,-0.11811195781704112,0.0,0.0,0.1794871794871795,0.3076923076923077,0.5128205128205128,0.2717948717948718,0.2717948717948718,nan,nan,0.05694148906063506,0.24825034900569315,0.0,0.91,0.0,0.2120982070005929,-0.048334470750855646,2.3703560522742726,20,20,7.1974122524261475
1026,,0.1893181144054486,0.0172107376732226,-0.017578518576920034,1.0,1.0,1.0,1.0,1.0,0.23015873015873015,0.753968253968254,0.015873015873015872,0.4949123649900271,0.022727272727272728,0.022727272727272728,1.7272727272727273,0.9990848115684977,0.023294993086153293,0.0,-0.027037129412347566,0.0,0.0,0.18253968253968253,0.4603174603174603,0.35714285714285715,0.3888888888888889,0.3888888888888889,nan,nan,0.02677793772751942,0.14629417402257663,0.0,0.7777777777777778,0.0,0.200498928414865,0.1772039353287117,2.3868043598438082,20,20,2.806354284286499
1027,,0.1927484250912057,0.005209416894356911,0.0008216777816414834,1.0,1.0,1.0,1.0,1.0,0.10305343511450382,0.8358778625954199,0.061068702290076333,0.47471700318903115,0.15675675675675677,0.15675675675675677,7.162162162162162,0.9791676391356149,0.11925922105787035,0.0,-0.3787986415332194,0.0,0.0,0.16412213740458015,0.3473282442748092,0.48854961832061067,0.2862595419847328,0.2862595419847328,nan,nan,0.11183040602595135,0.25017056122259235,0.03296703296703297,0.953125,0.0,0.2740125434556627,0.15475332239779238,2.0393164927263134,20,20,15.89881181716919
1028,,0.18302233825026068,0.008319197193193668,0.0033255906775593756,1.0,1.0,1.0,1.0,1.0,0.01485148514851485,0.9306930693069307,0.054455445544554455,0.5023715458693914,0.05,0.05,7.409090909090909,0.9868009428240494,0.08387301063036981,9.090909090909092,-0.12267493597409242,0.09090909090909091,0.0015214597262482588,0.14356435643564355,0.26732673267326734,0.5891089108910891,0.26732673267326734,0.26732673267326734,nan,nan,0.05761825181926866,0.16853549710032606,0.0,0.9747899159663865,0.01680672268907563,0.23710624320130005,0.15323323257093024,2.911900750502062,20,20,7.677830219268799
1029,,0.19036658906239087,0.00865302677556322,0.09771661013364792,0.95,0.95,0.95,0.9612403100775194,1.0,0.192,0.72,0.088,0.5114401211989885,0.022727272727272728,0.022727272727272728,0.45454545454545453,0.771615690580326,0.6490647420381189,9.090909090909092,-0.055034998197945245,0.09090909090909091,0.009610323376175225,0.248,0.32,0.432,0.272,0.272,nan,nan,0.0910311457825896,0.13874700385261762,0.0,0.8148148148148148,0.018518518518518517,0.5529418244622616,-0.09612291757585732,2.405116549308864,20,20,3.9291434288024902
1030,,0.16361792223872543,0.005277997491571788,0.04162425510585308,0.9,0.9,0.9,0.9444444444444444,1.0,0.1111111111111111,0.8412698412698413,0.047619047619047616,0.5119696982137318,0.07903225806451612,0.07903225806451612,3.6451612903225805,0.7682538504433883,0.4332490890670429,11.11111111111111,-0.1390973007027858,0.1111111111111111,0.0335502083022467,0.15873015873015872,0.6084656084656085,0.2328042328042328,0.6190476190476191,0.6190476190476191,nan,nan,0.05402374947713566,0.17915704992181267,0.0,0.8863636363636364,0.022727272727272728,0.3442428565870649,-0.089006232479978,2.002490437305319,20,20,9.73170280456543
1031,,0.16730409593446224,0.0050698210889230984,0.140024521201849,0.85,0.85,0.85,0.9353233830845771,1.0,0.09947643979057591,0.8324607329842932,0.06806282722513089,0.5168831907673104,0.09242424242424242,0.09242424242424242,4.0,0.6053197266365546,0.6836134339789621,0.0,-0.14765021541275286,0.0,0.0,0.1518324607329843,0.5602094240837696,0.2879581151832461,0.5026178010471204,0.5026178010471204,nan,nan,0.09587149755671012,0.25459292421587293,0.0,0.9636363636363636,0.0,0.6156553203128845,-0.06795811366607757,2.260753669835195,20,20,10.211898565292358
1032,,0.1842938131247647,0.005420406268375432,0.06214664205908775,0.95,0.95,0.95,0.96,1.0,0.10362694300518134,0.8497409326424871,0.046632124352331605,0.4741056018489283,0.08823529411764706,0.08823529411764706,3.323529411764706,0.7384933931453422,0.6658777608026767,0.0,-0.15020040134631854,0.0,0.0,0.17616580310880828,0.2694300518134715,0.5544041450777202,0.27461139896373055,0.27461139896373055,nan,nan,0.10205661020583483,0.2595717933751354,0.0,0.9345794392523364,0.009345794392523364,0.5828378819607024,-0.08303987884197425,2.3879506596620885,20,20,8.948523044586182
1033,,0.14035565793533297,0.004128107586333323,0.0396552212536335,0.8,0.8,0.8,0.828125,1.0,0.23170731707317074,0.6707317073170732,0.0975609756097561,0.49728371302771845,0.16029411764705884,0.16029411764705884,2.911764705882353,0.642277741937593,0.3214726660148464,12.5,-0.3131198437126762,0.125,0.027658688438349316,0.15853658536585366,0.6036585365853658,0.23780487804878048,0.4146341463414634,0.4146341463414634,nan,nan,0.11001826941440203,0.3496969288346421,0.010101010101010102,0.8974358974358975,0.02564102564102564,0.2344496125858294,-0.08702305342901705,1.8329901213141997,20,20,14.96604323387146
1034,,0.04998161091062979,0.0013508543489359403,0.16264571100473404,0.45,0.45,0.45,0.6108374384236454,1.0,0.29411764705882354,0.6176470588235294,0.08823529411764706,0.5043754790393585,0.09594594594594595,0.09594594594594595,1.2972972972972974,0.12298227429033343,0.3399953999057106,0.0,-0.39872238376967667,0.0,0.0,0.15441176470588236,0.8014705882352942,0.04411764705882353,0.5441176470588235,0.5441176470588235,nan,nan,0.10267316564184541,0.4852924051840366,0.009174311926605505,0.6666666666666666,0.0,0.2410763230097916,-0.09891907689591903,1.917779446289978,20,20,22.411070346832275
1035,,0.08134623343453387,0.0017307709241390185,0.17917481164137522,0.55,0.55,0.55,0.6937984496124031,1.0,0.15789473684210525,0.7578947368421053,0.08421052631578947,0.488310156952456,0.14148936170212767,0.14148936170212767,2.74468085106383,0.18408965351689707,0.7296582949774261,12.5,-0.15505030226762154,0.125,0.07364173531711327,0.15263157894736842,0.5368421052631579,0.3105263157894737,0.4105263157894737,0.4105263157894737,nan,nan,0.22127044857602288,1.9910885766027668,0.058823529411764705,0.8983050847457628,0.0,0.6309613620291323,-0.09869693294829374,2.0477302752458937,20,20,38.43457651138306
1036,,0.1402858109516528,0.00400816602719008,0.11013950929045677,0.8,0.8,0.8,0.9257425742574258,0.9523809523809523,0.13612565445026178,0.7486910994764397,0.11518324607329843,0.4856178341696172,0.17714285714285713,0.17714285714285713,2.4571428571428573,0.6554115540530124,0.3121780466305321,9.090909090909092,-0.1824952998037893,0.09090909090909091,0.21675803541682678,0.13089005235602094,0.7801047120418848,0.08900523560209424,0.612565445026178,0.612565445026178,nan,nan,0.07536579141869079,0.3305504110032354,0.053691275167785234,1.0,0.0,0.24481350289130377,-0.06736454373922836,2.05189777023715,20,20,12.301283836364746
1037,,0.2003378113900258,0.018212528308184164,0.03887085244059563,1.0,1.0,1.0,1.0,1.0,0.6204379562043796,0.32116788321167883,0.058394160583941604,0.47837945690209216,0.05,0.05,1.3636363636363635,0.9918180878692705,0.06732944377824066,12.5,-0.04804809131909719,0.125,0.002476282621799556,0.17518248175182483,0.10218978102189781,0.7226277372262774,0.13138686131386862,0.13138686131386862,nan,nan,0.07453491226353941,0.25230460542277255,0.0,0.26262626262626265,0.010101010101010102,0.24220163347387264,0.17487218969563198,1.6689107577190005,20,20,5.086368083953857
1038,,0.17858074635138205,0.007440864431307585,-0.0036041922867298126,1.0,1.0,1.0,1.0,1.0,0.00980392156862745,0.9411764705882353,0.049019607843137254,0.48135394704828893,0.04375,0.04375,6.708333333333333,0.9821913033477395,0.08413086649911208,0.0,-0.1088919889397278,0.0,0.0,0.2107843137254902,0.4852941176470588,0.30392156862745096,0.4950980392156863,0.4950980392156863,nan,nan,0.03143309320049716,0.12696496776072613,0.0,1.0,0.0,0.2246891732771361,0.14055830677802403,2.4335527112690114,20,20,7.486848831176758
1039,,0.17031995459155394,0.005873101882467377,0.032893649861216546,0.95,0.95,0.95,0.984375,1.0,0.21052631578947367,0.7421052631578947,0.04736842105263158,0.4878815549265208,0.11379310344827587,0.11379310344827587,3.9655172413793105,0.908630674354609,0.2602277093530343,0.0,-0.07042423472230966,0.0,0.0,0.16842105263157894,0.5842105263157895,0.24736842105263157,0.46842105263157896,0.46842105263157896,nan,nan,0.047515939209319985,0.19537443879249086,0.009009009009009009,0.8936170212765957,0.0,0.21210312841129908,-0.04812458094173523,2.0073894138246136,20,20,9.543591976165771
1040,,0.18452750274889407,0.007688645947870586,0.0018512800335884095,1.0,1.0,1.0,1.0,1.0,0.054187192118226604,0.9211822660098522,0.024630541871921183,0.48267345599112255,0.035416666666666666,0.035416666666666666,7.166666666666667,0.9861825284620097,0.07714262446425049,40.0,-0.08140717851779525,0.4,0.0421247507036118,0.18719211822660098,0.07389162561576355,0.7389162561576355,0.09852216748768473,0.09852216748768473,nan,nan,0.08166518066552057,0.19373205846460406,0.0,0.9333333333333333,0.013333333333333334,0.22272774161519385,0.14558511715094336,2.5834033590118817,20,20,7.281253099441528
1041,,0.15387878588229167,0.005306165030423851,0.05792747139930725,0.9,0.9,0.9,0.9489795918367347,1.0,0.03723404255319149,0.925531914893617,0.03723404255319149,0.4783956638621648,0.03620689655172414,0.03620689655172414,4.551724137931035,0.8444202166759429,0.25246577734527886,0.0,-0.11388463197943573,0.0,0.0,0.18617021276595744,0.32978723404255317,0.48404255319148937,0.34574468085106386,0.34574468085106386,nan,nan,0.052254022548926284,0.17318909875267924,0.0,0.978021978021978,0.0,0.20579396079370413,-0.046671816551574714,2.3465858521669363,20,20,9.857659101486206
1042,,0.18755457883148982,0.020839397647943313,-0.0016090370714664458,1.0,1.0,1.0,1.0,1.0,0.023809523809523808,0.9285714285714286,0.047619047619047616,0.5141988289283795,0.022222222222222223,0.022222222222222223,2.7777777777777777,0.9983416143676909,0.030288396805701973,0.0,-0.03552179012785492,0.0,0.0,0.19047619047619047,0.3968253968253968,0.4126984126984127,0.40476190476190477,0.40476190476190477,nan,nan,0.02128242336579468,0.12928480263793138,0.0,1.0,0.0,0.2004805830513519,0.17019218624564994,3.1773779163576132,20,20,2.618406057357788
1043,,0.17235293154709289,0.006155461840967603,-0.011792726628482342,0.95,0.95,0.95,0.9448818897637795,1.0,0.049586776859504134,0.8842975206611571,0.06611570247933884,0.5160026300415795,0.017857142857142856,0.017857142857142856,0.9642857142857143,0.8983235628150332,0.27543326442584953,0.0,-0.07509167202688938,0.0,0.0,0.19834710743801653,0.4214876033057851,0.38016528925619836,0.4132231404958678,0.4132231404958678,nan,nan,0.031304024305508375,0.15468277704861805,0.0,0.9347826086956522,0.043478260869565216,0.196830584363165,-0.07860268006268453,2.3290732008131636,20,20,4.362799406051636
1044,,0.17857185036771517,0.007763993494248485,0.008959930390119553,1.0,1.0,1.0,1.0,1.0,0.06666666666666667,0.8769230769230769,0.05641025641025641,0.49814980176135737,0.09782608695652174,0.09782608695652174,6.260869565217392,0.9822947418956818,0.07665342452737753,0.0,-0.13173185648006755,0.0,0.0,0.17435897435897435,0.5076923076923077,0.31794871794871793,0.517948717948718,0.517948717948718,nan,nan,0.029860781513595933,0.1379469307323435,0.0,0.9516129032258065,0.016129032258064516,0.22133744602960995,0.14468402150223242,2.5425864591837826,20,20,7.545172452926636
1045,,0.18103349682498995,0.007543062367707915,0.02231613602489233,1.0,1.0,1.0,1.0,1.0,0.10952380952380952,0.8523809523809524,0.0380952380952381,0.48765722663094946,0.0875,0.0875,6.083333333333333,0.9776696008655767,0.11999759105795431,0.0,-0.10302026819087612,0.0,0.0,0.1619047619047619,0.5238095238095238,0.3142857142857143,0.49523809523809526,0.49523809523809526,nan,nan,0.03232188772247328,0.1698863978359978,0.0,0.9242424242424242,0.0,0.2381659567496377,0.11816836569168339,2.3573630819462763,20,20,7.685352563858032
1046,,0.18650289069900838,0.01434637620761603,-0.021154661476612092,1.0,1.0,1.0,1.0,1.0,0.5597014925373134,0.417910447761194,0.022388059701492536,0.4942007592700135,0.05,0.05,0.9230769230769231,0.9905702484315466,0.09395956361040453,0.0,-0.04610642854534371,0.0,0.0,0.19402985074626866,0.23134328358208955,0.5746268656716418,0.19402985074626866,0.19402985074626866,nan,nan,0.05143424472972903,0.22259210887613454,0.0,0.3246753246753247,0.012987012987012988,0.20781770902250685,0.11385814541210232,2.0482572003393047,20,20,4.688920021057129
1047,,0.18642225177073704,0.00642835350933576,-0.024136349093168974,1.0,1.0,1.0,1.0,1.0,0.07179487179487179,0.8974358974358975,0.03076923076923077,0.4947751168418547,0.06896551724137931,0.06896551724137931,6.655172413793103,0.9874622931828344,0.08411693241100685,0.0,-0.13633666993932622,0.0,0.0,0.13846153846153847,0.2512820512820513,0.6102564102564103,0.24102564102564103,0.24102564102564103,nan,nan,0.1026359405145514,0.22821543756565124,0.0,0.9831932773109243,0.0,0.22761775079227797,0.14350081838127113,1.8284198454088145,20,20,10.643136978149414
1048,,0.1722437781637712,0.006379399191250785,0.028941022604703902,0.95,0.95,0.95,0.9949494949494949,1.0,0.20202020202020202,0.7525252525252525,0.045454545454545456,0.4985146981939949,0.13333333333333333,0.13333333333333333,3.7777777777777777,0.9564685900978904,0.18303175675601963,22.22222222222222,-0.06729663901756562,0.2222222222222222,0.034174410918065515,0.16161616161616163,0.5505050505050505,0.2878787878787879,0.4292929292929293,0.4292929292929293,nan,nan,0.059038324615919756,0.2065850501398485,0.01834862385321101,0.8947368421052632,0.017543859649122806,0.20623978025326092,0.023208023497241312,2.305791788311307,20,20,9.592617988586426
1049,,0.17390980709009823,0.006688838734234547,-0.007832587696611881,0.95,0.95,0.95,0.9596774193548387,1.0,0.3,0.575,0.125,0.5110184253077582,0.026923076923076925,0.026923076923076925,0.6923076923076923,0.8893505350167746,0.2926428850434167,13.333333333333334,-0.04657593794483116,0.13333333333333333,0.019103260355387543,0.21666666666666667,0.35833333333333334,0.425,0.2916666666666667,0.2916666666666667,nan,nan,0.028038941142818515,0.12378037039820275,0.023255813953488372,0.5882352941176471,0.0784313725490196,0.20092668943374326,-0.09171619560967342,2.0947045159266415,20,20,3.4713993072509766
1050,,0.17471165279180764,0.005459739149743989,0.016770615056157113,0.95,0.95,0.95,0.9950980392156863,1.0,0.3399014778325123,0.6206896551724138,0.03940886699507389,0.49822050588336425,0.234375,0.234375,3.59375,0.9521482009876437,0.18551981748614332,0.0,-0.16420737118293782,0.0,0.0,0.1625615763546798,0.4975369458128079,0.3399014778325123,0.3251231527093596,0.3251231527093596,nan,nan,0.09113209663176217,0.32188082226516546,0.009900990099009901,0.6956521739130435,0.0,0.21257141941975868,0.027051601933615346,1.8632146232171263,20,20,11.498953342437744
1051,,0.18482954646133376,0.018482954646133375,-0.01145508922636509,1.0,1.0,1.0,1.0,1.0,0.045112781954887216,0.8872180451127819,0.06766917293233082,0.5337748315685894,0.04,0.04,3.1,0.9976925906624519,0.03953201336015599,0.0,-0.05209145526651007,0.0,0.0,0.16541353383458646,0.42105263157894735,0.41353383458646614,0.42105263157894735,0.42105263157894735,nan,nan,0.02090284409610344,0.08537866648546677,0.0,1.0,0.0,0.20625729829467482,0.16672528493451882,2.438781637881784,20,20,3.1533944606781006
1052,,0.15426672033878444,0.004285186676077346,0.10728882625699043,0.85,0.85,0.85,0.9538461538461539,1.0,0.35602094240837695,0.5759162303664922,0.06806282722513089,0.4891936212278703,0.1736111111111111,0.1736111111111111,2.0833333333333335,0.6556133860486867,0.5259326538539509,15.384615384615385,-0.09051979403582303,0.15384615384615385,0.04515718813786557,0.16230366492146597,0.418848167539267,0.418848167539267,0.25654450261780104,0.25654450261780104,nan,nan,0.12640166624685867,0.4436765016216908,0.0125,0.625,0.025,0.4532861351046751,-0.07264651874927587,2.0928762869354167,20,20,15.10768461227417
1053,,0.1807038447199688,0.005646995147499025,-0.0038057608529925347,1.0,1.0,1.0,1.0,1.0,0.06513409961685823,0.8888888888888888,0.04597701149425287,0.48726098479710345,0.078125,0.078125,7.5,0.9794638430706617,0.10705937465433846,0.0,-0.13451891075374556,0.0,0.0,0.11877394636015326,0.5555555555555556,0.32567049808429116,0.5287356321839081,0.5287356321839081,nan,nan,0.040117691042847806,0.13995950435568805,0.0,0.9529411764705882,0.0,0.24035649617164195,0.1332971215173035,2.3425885846185404,20,20,12.709668636322021
1054,,0.1733654076179979,0.005592432503806384,0.009386101365089416,0.95,0.95,0.95,1.0,1.0,0.3865979381443299,0.5773195876288659,0.03608247422680412,0.500676772321458,0.24193548387096775,0.24193548387096775,2.225806451612903,0.9515494099110187,0.21288541816755582,0.0,-0.060717985433242264,0.0,0.0,0.13402061855670103,0.422680412371134,0.44329896907216493,0.29896907216494845,0.29896907216494845,nan,nan,0.08194631761796578,0.30617542811137816,0.0,0.5930232558139535,0.011627906976744186,0.23147710942671115,0.01859169125915533,2.0169403432607536,20,20,12.481947183609009
1055,,0.17705955992845387,0.006809983074171303,-0.014723002072423696,1.0,1.0,1.0,1.0,1.0,0.28780487804878047,0.6585365853658537,0.05365853658536585,0.502672360725074,0.16923076923076924,0.16923076923076924,3.5,0.9949768197027347,0.04716407385081828,9.090909090909092,-0.08999930467650531,0.09090909090909091,0.0060240657761365946,0.18536585365853658,0.23902439024390243,0.5756097560975609,0.1951219512195122,0.1951219512195122,nan,nan,0.060337717127763424,0.1868683626919668,0.02040816326530612,0.6864406779661016,0.01694915254237288,0.197076910675881,0.14991283682506273,2.150984525956147,20,20,9.881999492645264
1056,,0.17524433715713078,0.005154245210503846,0.0025455890223383903,1.0,1.0,1.0,1.0,1.0,0.019157088122605363,0.9425287356321839,0.038314176245210725,0.4854470893312656,0.051470588235294115,0.051470588235294115,8.205882352941176,0.9706350247205714,0.11411100127153177,0.0,-0.19537404236614225,0.0,0.0,0.13793103448275862,0.3065134099616858,0.5555555555555556,0.31800766283524906,0.31800766283524906,nan,nan,0.05405555228108757,0.15679755203108087,0.0,1.0,0.0,0.2379676618093949,0.12385666053786314,2.698889019590375,20,20,13.05963659286499
1057,,0.16491139398603186,0.004997314969273693,0.027142338827252387,0.95,0.95,0.95,0.9514563106796117,1.0,0.18686868686868688,0.7575757575757576,0.05555555555555555,0.49051965678231546,0.09545454545454546,0.09545454545454546,3.242424242424242,0.893384508635797,0.2776601571960914,9.090909090909092,-0.08619846101149721,0.09090909090909091,0.1758318751838192,0.1919191919191919,0.3181818181818182,0.4898989898989899,0.3282828282828283,0.3282828282828283,nan,nan,0.05432275062899912,0.1878947724209982,0.0,0.8247422680412371,0.030927835051546393,0.20971769997594658,-0.0679424572201448,2.4835240850508287,20,20,8.965854167938232
1058,,0.18361040406445395,0.007344416162578158,-0.018286582455039023,1.0,1.0,1.0,1.0,1.0,0.08173076923076923,0.8942307692307693,0.02403846153846154,0.46994349572970534,0.062,0.062,6.28,0.9865385209724576,0.071295367459661,0.0,-0.07460999646270436,0.0,0.0,0.15865384615384615,0.30288461538461536,0.5384615384615384,0.2932692307692308,0.2932692307692308,nan,nan,0.06285986717120005,0.17439042871321433,0.0,0.9196428571428571,0.0,0.22464981399873482,0.15335444653907382,2.3742188390975665,20,20,7.9521355628967285
1059,,0.2013078720278113,0.014379133716272237,-0.020199490897357463,1.0,1.0,1.0,1.0,1.0,0.4846153846153846,0.5076923076923077,0.007692307692307693,0.49914813344117387,0.014285714285714285,0.014285714285714285,1.2142857142857142,0.987682762223512,0.09137510691990355,0.0,-0.01726952477404016,0.0,0.0,0.16153846153846155,0.45384615384615384,0.38461538461538464,0.24615384615384617,0.24615384615384617,nan,nan,0.09535778209883196,0.4818759111751503,0.0,0.48,0.0,0.2718491240551564,0.18047401713525282,2.626762392194574,20,20,4.352593183517456
1060,,0.17835322026157763,0.005753329685857343,-0.02075871918350458,1.0,1.0,1.0,1.0,1.0,0.014705882352941176,0.9558823529411765,0.029411764705882353,0.4975358411544866,0.025806451612903226,0.025806451612903226,9.516129032258064,0.9746271852798573,0.1020840446259682,0.0,-0.1379410694327961,0.0,0.0,0.12867647058823528,0.2647058823529412,0.6066176470588235,0.2757352941176471,0.2757352941176471,nan,nan,0.04841534934948147,0.13076911366061927,0.0,0.9939393939393939,0.0,0.23342966030053652,0.13134561567456832,2.801419890360781,20,20,13.193559408187866
1061,,0.17770363766512945,0.005732375408552563,-0.008843603171408176,0.95,0.95,0.95,0.9900990099009901,1.0,0.12935323383084577,0.8507462686567164,0.01990049751243781,0.5071127949383921,0.11129032258064517,0.11129032258064517,5.096774193548387,0.9608576911251313,0.1737897629430366,0.0,-0.10443864473507736,0.0,0.0,0.15422885572139303,0.35323383084577115,0.4925373134328358,0.31840796019900497,0.31840796019900497,nan,nan,0.08143007144574468,0.2744876887495747,0.0,0.8686868686868687,0.0,0.21879359977972207,0.04500383683668545,2.2031150661107564,20,20,8.997517824172974
1062,,0.18857272370947953,0.014505594131498425,-0.025250086560845375,1.0,1.0,1.0,1.0,0.0,0.11023622047244094,0.889763779527559,0.0,0.4983098657658467,0.0,0.0,3.1538461538461537,0.9975275791010759,0.03617428699360056,0.0,0.0,0.0,0.0,0.1889763779527559,0.41732283464566927,0.3937007874015748,0.4094488188976378,0.4094488188976378,nan,nan,0.04057812218149522,0.2000663601791445,0.0,0.94,0.0,0.20760053480338395,0.17142624780978338,2.120953743667487,20,20,3.368778705596924
1063,,0.17692886431898977,0.007372036013291241,-0.012351318821310997,1.0,1.0,1.0,1.0,1.0,0.031088082901554404,0.9481865284974094,0.02072538860103627,0.486060663156483,0.029166666666666667,0.029166666666666667,6.541666666666667,0.9905955901996452,0.06040049371757186,25.0,-0.07972452864234592,0.25,0.0077572065420449254,0.20725388601036268,0.22797927461139897,0.5647668393782384,0.22797927461139897,0.22797927461139897,nan,nan,0.06682887231974177,0.2490232340865038,0.0,0.944954128440367,0.01834862385321101,0.20529022461928415,0.14488973090171228,2.732430375697283,20,20,7.174746513366699
1064,,0.16832111397748067,0.006234115332499284,0.005793333053588867,0.95,0.95,0.95,0.9639175257731959,1.0,0.20212765957446807,0.7819148936170213,0.015957446808510637,0.4807936355935116,0.08703703703703704,0.08703703703703704,3.814814814814815,0.8892405628086644,0.28583647265522694,0.0,-0.06942342172472353,0.0,0.0,0.18085106382978725,0.2978723404255319,0.5212765957446809,0.35106382978723405,0.35106382978723405,nan,nan,0.04701196603551659,0.1837799523875291,0.0,0.8571428571428571,0.0,0.20696560702993916,-0.07887086562528775,2.4065215971367313,20,20,9.609345197677612
1065,,0.18219641799908204,0.007591517416628418,-0.030577920190989972,1.0,1.0,1.0,1.0,1.0,0.07692307692307693,0.9134615384615384,0.009615384615384616,0.4893152159146363,0.0375,0.0375,6.083333333333333,0.9893048897623046,0.0772468828741571,0.0,-0.051861989200888664,0.0,0.0,0.14903846153846154,0.11538461538461539,0.7355769230769231,0.11057692307692307,0.11057692307692307,nan,nan,0.06708111474216144,0.1894129385651823,0.0,0.954248366013072,0.006535947712418301,0.22766741211479408,0.15042052924063698,2.3659213066797085,20,20,8.217830181121826
1066,,0.1778776736544965,0.00711510694617986,0.021285257302224636,1.0,1.0,1.0,1.0,0.0,0.019417475728155338,0.9805825242718447,0.0,0.4915579012557864,0.008,0.008,7.24,0.9834896788501868,0.09034598181789152,0.0,0.0,0.0,0.0,0.12135922330097088,0.16019417475728157,0.7184466019417476,0.1553398058252427,0.1553398058252427,nan,nan,0.06240610159066442,0.2335102328805385,0.0,0.9932432432432432,0.0,0.23574918660361965,0.14540320478572813,2.826122658770789,20,20,8.817343473434448
1067,,0.16975608443085224,0.0041403923031915184,-0.018202439757684867,1.0,1.0,1.0,1.0,1.0,0.05813953488372093,0.937984496124031,0.003875968992248062,0.5128748640297911,0.05731707317073171,0.05731707317073171,6.804878048780488,0.9840034854386536,0.09187097560256105,0.0,-0.21398287212449724,0.0,0.0,0.12403100775193798,0.6124031007751938,0.26356589147286824,0.5697674418604651,0.5697674418604651,nan,nan,0.0684731609463429,0.4115505772129548,0.0,1.0,0.0,0.23214554183359676,0.1402745662310357,2.169215855833313,20,20,14.580256938934326
1068,,0.16371495699103236,0.005846962749679727,0.02806762270629406,0.95,0.95,0.95,0.965,1.0,0.041237113402061855,0.9329896907216495,0.02577319587628866,0.5049954453152687,0.039285714285714285,0.039285714285714285,5.5,0.8768889499343909,0.32530210711215535,20.0,-0.08517606568059832,0.2,0.049693077120811086,0.15979381443298968,0.35051546391752575,0.4896907216494845,0.35051546391752575,0.35051546391752575,nan,nan,0.04918562555172364,0.20574491226273428,0.0,0.9368421052631579,0.010526315789473684,0.2449975303583754,-0.08030457675377994,2.3094467344049314,20,20,8.222289085388184
1069,,0.19061258514040644,0.01732841683094604,-0.003949310630559921,1.0,1.0,1.0,1.0,0.0,0.15267175572519084,0.8473282442748091,0.0,0.4919869893230498,0.00909090909090909,0.00909090909090909,1.9090909090909092,0.996892176131751,0.05216863607837671,0.0,0.0,0.0,0.0,0.21374045801526717,0.1450381679389313,0.6412213740458015,0.12213740458015267,0.12213740458015267,nan,nan,0.05552155324765962,0.2525116881063259,0.0,0.7976190476190477,0.0,0.23157929588121698,0.17941065980284027,2.75820118664767,20,20,3.07322359085083
1070,,0.20046680719328233,0.012529175449580146,-0.006379949301481247,1.0,1.0,1.0,1.0,1.0,0.3464566929133858,0.6299212598425197,0.023622047244094488,0.47954180519882356,0.015625,0.015625,1.0,0.989798315928888,0.06992155142089634,66.66666666666666,-0.019872194754492943,0.6666666666666666,0.003971040499661187,0.14960629921259844,0.33858267716535434,0.5118110236220472,0.25984251968503935,0.25984251968503935,nan,nan,0.1053504897201974,0.5734797532532289,0.0,0.5692307692307692,0.03076923076923077,0.2559146591834127,0.18599310776251637,1.934527560510881,20,20,5.643240690231323
1071,,0.1918934577250754,0.0137066755517911,-0.0336929077282548,1.0,1.0,1.0,1.0,1.0,0.2222222222222222,0.762962962962963,0.014814814814814815,0.4773071997320845,0.017857142857142856,0.017857142857142856,1.3571428571428572,0.9983857707108392,0.03477558083604934,50.0,0.013308702572808879,0.5,0.044883618526663935,0.18518518518518517,0.5111111111111111,0.3037037037037037,0.4444444444444444,0.4444444444444444,nan,nan,0.05493838501965576,0.3534971487796981,0.028985507246376812,0.7317073170731707,0.0,0.2060452131099669,0.17126963227391756,2.362804070138766,20,20,3.204862117767334
1072,,0.12699382952124844,0.0024421890292547774,0.14188433587551116,0.65,0.65,0.65,0.8754716981132076,1.0,0.12658227848101267,0.7805907172995781,0.09282700421940929,0.4920939484514887,0.12596153846153846,0.12596153846153846,4.038461538461538,0.6261937979015537,0.26934910684961677,9.090909090909092,-0.8264616393047132,0.09090909090909091,0.02327515081566063,0.10970464135021098,0.7679324894514767,0.12236286919831224,0.6286919831223629,0.6286919831223629,nan,nan,0.149970096717695,0.6382139470080562,0.027472527472527472,1.0,0.0,0.23449546162972482,-0.034853645219891954,1.539051427661376,20,20,33.821877241134644
1073,,0.1908012635284187,0.017345569411674425,-0.006384225469082594,1.0,1.0,1.0,1.0,0.0,0.104,0.896,0.0,0.4485908878563681,0.00909090909090909,0.00909090909090909,1.9090909090909092,0.998201423774104,0.030331501491384777,0.0,0.0,0.0,0.0,0.24,0.16,0.6,0.144,0.144,nan,nan,0.05595208388058491,0.31845611434025384,0.0,0.88,0.0,0.20947516630001842,0.17914366480863364,2.557741819148113,20,20,2.9176807403564453
1074,,0.16953299359301288,0.005137363442212511,0.05611009243875742,0.95,0.95,0.95,0.9901477832512315,1.0,0.054455445544554455,0.905940594059406,0.039603960396039604,0.502708113108714,0.03484848484848485,0.03484848484848485,4.393939393939394,0.8892661870606073,0.31898884795884247,0.0,-0.10232770123945066,0.0,0.0,0.12871287128712872,0.5346534653465347,0.33663366336633666,0.49504950495049505,0.49504950495049505,nan,nan,0.03696329400635744,0.12458757802366639,0.0,0.9852941176470589,0.0,0.2441503926642462,-0.07483845529459626,2.2467460437537685,20,20,8.540634393692017
1075,,0.1772757062707019,0.008057986648668268,0.016917169094085693,1.0,1.0,1.0,1.0,1.0,0.0051813471502590676,0.9792746113989638,0.015544041450777202,0.49361568441275844,0.00909090909090909,0.00909090909090909,7.545454545454546,0.9813228185106438,0.09315533368875967,0.0,-0.14440452029619233,0.0,0.0,0.12435233160621761,0.5699481865284974,0.30569948186528495,0.5751295336787565,0.5751295336787565,nan,nan,0.04708629033906151,0.2708737767675963,0.0,1.0,0.0,0.2260242212806267,0.13286888759186705,2.3715139544598154,20,20,7.424700736999512
1076,,0.2028485244467631,0.013523234963117541,-0.023477089777588844,1.0,1.0,1.0,1.0,1.0,0.5403225806451613,0.45161290322580644,0.008064516129032258,0.5129967744834721,0.01,0.01,0.8,0.9953227535114243,0.055072469461057844,100.0,0.00014046804479079383,1.0,0.00014046804479079383,0.14516129032258066,0.7016129032258065,0.1532258064516129,0.27419354838709675,0.27419354838709675,nan,nan,0.12109867498046498,0.6441536264877619,0.011494252873563218,0.42105263157894735,0.0,0.24211042638132735,0.1870379569202695,2.1349760084715528,20,20,5.430174827575684
1077,,0.18008557715119464,0.007203423086047786,0.01730310432612896,1.0,1.0,1.0,1.0,1.0,0.06060606060606061,0.9040404040404041,0.03535353535353535,0.4721196306517813,0.066,0.066,6.48,0.9915446831668473,0.055905196262052426,42.857142857142854,-0.069248401898317,0.42857142857142855,0.05445743821651835,0.1919191919191919,0.14646464646464646,0.6616161616161617,0.15656565656565657,0.15656565656565657,nan,nan,0.07461506784135322,0.2629388028011704,0.0,0.8931297709923665,0.030534351145038167,0.20742905827299107,0.15152386201093865,2.6120903020317874,20,20,7.576125860214233
1078,,0.19512585342642855,0.015009681032802195,-0.012078788131475449,1.0,1.0,1.0,1.0,1.0,0.27692307692307694,0.7076923076923077,0.015384615384615385,0.4907699212710633,0.026923076923076925,0.026923076923076925,2.230769230769231,0.9957513853502324,0.047766306449021884,50.0,-0.002793062582898468,0.5,0.0005044301295706773,0.11538461538461539,0.5692307692307692,0.3153846153846154,0.4076923076923077,0.4076923076923077,nan,nan,0.09116745635432064,0.5995037699391667,0.0,0.6341463414634146,0.04878048780487805,0.2151554600101303,0.16738915356110842,2.1909256112686233,20,20,5.053586006164551
1079,,0.15157113398160438,0.004457974528870717,0.052480504661798474,0.9,0.9,0.9,0.9552238805970149,1.0,0.08247422680412371,0.865979381443299,0.05154639175257732,0.49235859333875853,0.052941176470588235,0.052941176470588235,4.029411764705882,0.7884375720136921,0.30583210635292873,10.0,-0.1102376140385433,0.1,0.045792470200370056,0.20618556701030927,0.36082474226804123,0.4329896907216495,0.34536082474226804,0.34536082474226804,nan,nan,0.04357468530652989,0.15737872941134778,0.0,0.8690476190476191,0.011904761904761904,0.2143302075744594,-0.09150189877846936,2.021076098426059,20,20,8.561504125595093
1080,,0.1480291504532319,0.004353798542742114,0.06769176870584488,0.9,0.9,0.9,0.9322916666666666,1.0,0.03278688524590164,0.9234972677595629,0.04371584699453552,0.49681498346412006,0.039705882352941174,0.039705882352941174,4.617647058823529,0.7846455332578727,0.28715915987930407,25.0,-0.067184202428747,0.25,0.08738855724581739,0.17486338797814208,0.28415300546448086,0.5409836065573771,0.29508196721311475,0.29508196721311475,nan,nan,0.0762122184320966,0.3052407973196967,0.0,0.9595959595959596,0.020202020202020204,0.2107168006110759,-0.07644235926822815,2.098588602373207,20,20,12.743006706237793
1081,,0.16768637802743663,0.00698693241780986,0.002265290170907974,1.0,1.0,1.0,1.0,1.0,0.010526315789473684,0.9789473684210527,0.010526315789473684,0.4746906685225743,0.008333333333333333,0.008333333333333333,6.875,0.9787362587393611,0.10028759303940253,0.0,-0.09674004366023471,0.0,0.0,0.12105263157894737,0.46842105263157896,0.4105263157894737,0.47368421052631576,0.47368421052631576,nan,nan,0.04832770036529164,0.2967142720297057,0.0,0.9871794871794872,0.0,0.22040509324031624,0.1201175002009137,2.6284335522377424,20,20,7.5730979442596436
1082,,0.17456643033732272,0.007589844797274901,-0.017259040847420692,1.0,1.0,1.0,1.0,1.0,0.03076923076923077,0.9538461538461539,0.015384615384615385,0.4775180009176003,0.02391304347826087,0.02391304347826087,7.3478260869565215,0.9799380703460742,0.0936372324091669,0.0,-0.07911754535217337,0.0,0.0,0.12307692307692308,0.48717948717948717,0.38974358974358975,0.47692307692307695,0.47692307692307695,nan,nan,0.05176383263358788,0.2900147541037324,0.0,1.0,0.0,0.21760168839487445,0.12396445598570756,2.6225324083620376,20,20,8.292649269104004
1083,,0.16817921391068869,0.004946447467961432,0.01146883312612772,0.95,0.95,0.95,0.9543147208121827,1.0,0.010582010582010581,0.9682539682539683,0.021164021164021163,0.5016734934340039,0.014705882352941176,0.014705882352941176,5.147058823529412,0.8808200626120579,0.3096009181632709,0.0,-0.12498713181194407,0.0,0.0,0.1693121693121693,0.30158730158730157,0.5291005291005291,0.31216931216931215,0.31216931216931215,nan,nan,0.05825956310347477,0.1529020843029073,0.0,0.98,0.01,0.22142193914428798,-0.08817897901898293,2.1296047776404956,20,20,8.643662452697754
1084,,0.08604944087139275,0.0020011497877068084,0.15319523215293884,0.6,0.6,0.6,0.7821011673151751,1.0,0.10096153846153846,0.8413461538461539,0.057692307692307696,0.48636595438472074,0.1058139534883721,0.1058139534883721,3.13953488372093,0.3693835765608751,0.27810530862392924,8.333333333333332,-0.12407957532903859,0.08333333333333333,0.23424601649172594,0.10096153846153846,0.8076923076923077,0.09134615384615384,0.7259615384615384,0.7259615384615384,nan,nan,0.07307590555360209,0.38857619408422206,0.011904761904761904,1.0,0.0,0.21301749021694172,-0.06508781840698752,1.799423041500963,20,20,30.91826844215393
1085,,0.1892508805957278,0.004114149578167996,0.20007313887278239,0.85,0.85,0.85,0.859375,1.0,0.017857142857142856,0.9642857142857143,0.017857142857142856,0.48922219782151566,0.02282608695652174,0.02282608695652174,4.521739130434782,0.3628050716504672,1.30685151627495,0.0,-0.15601983286231558,0.0,0.0,0.14732142857142858,0.34375,0.5089285714285714,0.36160714285714285,0.36160714285714285,nan,nan,0.27109206536218555,1.9272050854062286,0.0,1.0,0.0,1.2076605743896363,-0.09919094188531387,2.338083621947583,20,20,23.03952193260193
1086,,0.16918179813671136,0.00704924158902964,0.058557361364364624,0.9,0.9,0.9,0.928,1.0,0.11864406779661017,0.8728813559322034,0.00847457627118644,0.4856802589230028,0.010416666666666666,0.010416666666666666,1.125,0.8318823544480972,0.27421731606471583,100.0,0.0038660843000720355,1.0,0.0038660843000720355,0.22033898305084745,0.3474576271186441,0.4322033898305085,0.2457627118644068,0.2457627118644068,nan,nan,0.09683529496661428,0.5200885531689785,0.024390243902439025,0.9411764705882353,0.0,0.21639155456257847,-0.057825761502137384,2.349982485046259,20,20,5.944670677185059
1087,,0.12811354545164505,0.0034625282554498664,0.17284388542175294,0.8,0.8,0.8,0.9077669902912622,1.0,0.10471204188481675,0.8743455497382199,0.020942408376963352,0.4810182716065036,0.04864864864864865,0.04864864864864865,2.810810810810811,0.5935572195422735,0.2987874563882857,25.0,-0.06955097332425447,0.25,0.03340786525869899,0.14659685863874344,0.3507853403141361,0.5026178010471204,0.3298429319371728,0.3298429319371728,nan,nan,0.10074289019235433,0.5901971912358241,0.014925373134328358,0.90625,0.03125,0.21271529589796595,-0.08607216049031974,2.097701803498431,20,20,16.939400672912598
1088,,0.1650811132807295,0.0035123641123559466,0.024942236642042797,0.95,0.95,0.95,0.9705882352941176,1.0,0.0037593984962406013,0.9586466165413534,0.03759398496240601,0.47638294010205157,0.02021276595744681,0.02021276595744681,6.319148936170213,0.8598185529640361,0.33485677376082024,0.0,-0.18374064585066957,0.0,0.0,0.16165413533834586,0.33458646616541354,0.5037593984962406,0.3383458646616541,0.3383458646616541,nan,nan,0.07215053429833033,0.20604758499832337,0.0,1.0,0.0,0.26401585453979715,-0.07084091922102309,1.9659221048336644,20,20,15.913864374160767
1089,,0.16773026239334018,0.0062122319404940805,0.02544686384499073,0.95,0.95,0.95,0.9617224880382775,1.0,0.014778325123152709,0.9655172413793104,0.019704433497536946,0.4839368060761545,0.020370370370370372,0.020370370370370372,5.777777777777778,0.9074113084949698,0.2862033781004622,25.0,-0.06600759619606975,0.25,0.1060901675281587,0.17733990147783252,0.4088669950738916,0.41379310344827586,0.4039408866995074,0.4039408866995074,nan,nan,0.07957665235157589,0.45555020030232946,0.0,0.9761904761904762,0.011904761904761904,0.23284368562217733,-0.05335969247828489,2.0847851141410048,20,20,9.895828485488892
1090,,0.16434628567391274,0.004833714284526845,0.05437439680099487,0.9,0.9,0.9,0.9381443298969072,1.0,0.016304347826086956,0.967391304347826,0.016304347826086956,0.49272720428142586,0.011764705882352941,0.011764705882352941,4.705882352941177,0.7857784334484503,0.33402264009866633,0.0,-0.06868411289336866,0.0,0.0,0.14130434782608695,0.33152173913043476,0.5271739130434783,0.32608695652173914,0.32608695652173914,nan,nan,0.11267894041150982,0.5223591210840665,0.0,0.979381443298969,0.010309278350515464,0.23871065651791748,-0.09531198358074888,2.0186294367999285,20,20,10.854381322860718
1091,,0.17108601631466855,0.00450226358722812,-0.010864574275910855,1.0,1.0,1.0,1.0,1.0,0.023529411764705882,0.9490196078431372,0.027450980392156862,0.4963529489566817,0.04078947368421053,0.04078947368421053,7.842105263157895,0.9713327980000643,0.10908560569253598,14.285714285714285,-0.11325814484225767,0.14285714285714285,0.0052338279533061804,0.1411764705882353,0.3686274509803922,0.49019607843137253,0.3607843137254902,0.3607843137254902,nan,nan,0.06801743090960363,0.2470131050675116,0.0,0.984,0.008,0.24161077761730237,0.1325251719247664,2.4388073380562845,20,20,12.704970598220825
1092,,0.18101456295703175,0.006464805819893991,-0.007830614969134331,1.0,1.0,1.0,1.0,1.0,0.050761421319796954,0.9289340101522843,0.02030456852791878,0.48926270747199724,0.04642857142857143,0.04642857142857143,5.785714285714286,0.9807766002606648,0.09865627431407545,25.0,-0.06397698133997923,0.25,0.00040341150048095464,0.12690355329949238,0.38578680203045684,0.4873096446700508,0.3350253807106599,0.3350253807106599,nan,nan,0.08784170886940472,0.338831053612806,0.02631578947368421,1.0,0.0,0.2294508581290817,0.13079458381500625,2.6211835579967295,20,20,7.865170955657959
1093,,0.1931003723329961,0.016091697694416342,-0.006076981127262115,1.0,1.0,1.0,1.0,1.0,0.2047244094488189,0.7874015748031497,0.007874015748031496,0.4623272317830318,0.020833333333333332,0.020833333333333332,2.75,0.9982120779540864,0.036030758148298564,0.0,-0.020938071867480153,0.0,0.0,0.18110236220472442,0.5905511811023622,0.2283464566929134,0.4566929133858268,0.4566929133858268,nan,nan,0.07075490762583124,0.46754014264414484,0.013333333333333334,0.7931034482758621,0.0,0.20881230036486184,0.17278154221656328,2.094726124574287,20,20,3.5398967266082764
1094,,0.19001225484815476,0.01357230391772534,-0.02121566263958812,1.0,1.0,1.0,1.0,1.0,0.22900763358778625,0.7557251908396947,0.015267175572519083,0.4698695650756625,0.025,0.025,1.6428571428571428,0.9969080615406972,0.050116239772607596,50.0,-0.0055180918786293665,0.5,0.003800410214193195,0.183206106870229,0.5801526717557252,0.2366412213740458,0.44274809160305345,0.44274809160305345,nan,nan,0.050533066372494134,0.2794114742066029,0.013157894736842105,0.7096774193548387,0.03225806451612903,0.2259857102734942,0.1758694705008866,2.5492667757528222,20,20,3.3104944229125977
1095,,0.18815555575987575,0.015679629646656312,-0.020095328241586684,1.0,1.0,1.0,1.0,0.0,0.015267175572519083,0.9847328244274809,0.0,0.4564688858483957,0.0,0.0,2.6666666666666665,0.9985121835327514,0.026896797616654616,0.0,0.0,0.0,0.0,0.16793893129770993,0.32061068702290074,0.5114503816793893,0.32061068702290074,0.32061068702290074,nan,nan,0.048970272830606336,0.28498996227804074,0.0,0.9701492537313433,0.0,0.20047395588800487,0.17357715827135026,3.0408887693212767,20,20,3.232057571411133
1096,,0.17445852546426682,0.00447329552472479,-0.007912350383897622,1.0,1.0,1.0,1.0,1.0,0.041353383458646614,0.9210526315789473,0.03759398496240601,0.47297594235039864,0.0641025641025641,0.0641025641025641,7.538461538461538,0.9761402385771537,0.10732205724998678,0.0,-0.15534490803282008,0.0,0.0,0.13157894736842105,0.4924812030075188,0.37593984962406013,0.48120300751879697,0.48120300751879697,nan,nan,0.03949248924724956,0.15670833641200949,0.0,0.98,0.0,0.2348757543694872,0.12755369711950043,2.1479974984378947,20,20,12.775172710418701
1097,,0.19128547095952814,0.015940455913294013,-0.015964728221297263,1.0,1.0,1.0,1.0,0.0,0.17647058823529413,0.8235294117647058,0.0,0.4686052255545898,0.0,0.0,2.1666666666666665,0.9976593138707457,0.04324637863576841,0.0,0.0,0.0,0.0,0.22794117647058823,0.4338235294117647,0.3382352941176471,0.33088235294117646,0.33088235294117646,nan,nan,0.051251669029686885,0.2940086390704121,0.0,0.8260869565217391,0.0,0.2164159011051453,0.1731695224693769,2.7435692238686804,20,20,2.8883414268493652
1098,,0.19325498057075027,0.01380392718362502,-0.013605112489312888,1.0,1.0,1.0,1.0,1.0,0.2727272727272727,0.7196969696969697,0.007575757575757576,0.4713216045389085,0.017857142857142856,0.017857142857142856,1.2142857142857142,0.9985564136834564,0.036606271861263695,0.0,-0.010573741515118064,0.0,0.0,0.16666666666666666,0.4393939393939394,0.3939393939393939,0.24242424242424243,0.24242424242424243,nan,nan,0.05554317251391739,0.2940095602667279,0.0,0.8076923076923077,0.019230769230769232,0.21484595170334742,0.17823967984208372,2.469617563442052,20,20,3.8788089752197266
1099,,0.05941453981838229,0.0016504038838439524,0.24427130818367004,0.5,0.5,0.5,0.7376237623762376,0.7692307692307693,0.2919254658385093,0.6211180124223602,0.08695652173913043,0.4842418486585504,0.14305555555555555,0.14305555555555555,1.4722222222222223,0.16583728400319572,0.3643617618541819,7.142857142857142,-0.542956478251921,0.07142857142857142,0.004321844422402618,0.12422360248447205,0.4720496894409938,0.40372670807453415,0.3416149068322981,0.3416149068322981,nan,nan,0.14869589289545235,0.6086693622713788,0.05263157894736842,0.6,0.046153846153846156,0.2652694363032486,-0.09909232555093325,1.8995769549163795,20,20,20.734028577804565
1100,,0.19411671220251853,0.014932054784809117,0.02356364168226719,1.0,1.0,1.0,1.0,0.0,0.12318840579710146,0.8768115942028986,0.0,0.4600920991004946,0.0038461538461538464,0.0038461538461538464,2.8461538461538463,0.9905140734300584,0.08894456357595731,0.0,0.0,0.0,0.0,0.21014492753623187,0.2318840579710145,0.5579710144927537,0.1956521739130435,0.1956521739130435,nan,nan,0.07744666294786527,0.29214355055165553,0.0,0.8961038961038961,0.0,0.26695233025162457,0.17800776667566726,2.368808772491973,20,20,3.5677013397216797
1101,,0.1648618945108799,0.003746861238883634,0.036521304522951444,0.95,0.95,0.95,0.9929577464788732,1.0,0.038869257950530034,0.9187279151943463,0.04240282685512368,0.4733089664551451,0.09090909090909091,0.09090909090909091,5.863636363636363,0.8756251382740192,0.2903881332762381,8.333333333333332,-0.22534846038815637,0.08333333333333333,0.004810886817238846,0.13074204946996468,0.4098939929328622,0.45936395759717313,0.392226148409894,0.392226148409894,nan,nan,0.053667033682671374,0.23410054082990547,0.0,0.9692307692307692,0.007692307692307693,0.23187366775275325,-0.05851446552348481,1.9854085797430654,20,20,16.08941078186035
1102,,0.19207234970917741,0.01746112270083431,0.02790765222162008,1.0,1.0,1.0,1.0,1.0,0.3359375,0.6328125,0.03125,0.48529006479604336,0.02727272727272727,0.02727272727272727,1.0,0.9988892784419668,0.02665666494090596,75.0,-0.015382181571320597,0.75,0.0030084900336513226,0.1484375,0.578125,0.2734375,0.3359375,0.3359375,nan,nan,0.052494329368716355,0.32747284538644117,0.04054054054054054,0.6857142857142857,0.0,0.20486100532547935,0.1782043403845734,2.5655396061507507,20,20,2.8691701889038086
1103,,0.17764630554201888,0.00740192939758412,-0.026734201610088347,1.0,1.0,1.0,1.0,1.0,0.12631578947368421,0.8526315789473684,0.021052631578947368,0.47156961473422904,0.08541666666666667,0.08541666666666667,5.875,0.9862908271593381,0.0920563461040086,25.0,-0.06361488482196914,0.25,0.031725762979088995,0.16842105263157894,0.2736842105263158,0.5578947368421052,0.24210526315789474,0.24210526315789474,nan,nan,0.08044431325821592,0.3127848875717675,0.0,0.8301886792452831,0.009433962264150943,0.2168275176553478,0.1247711715513392,2.360353883173758,20,20,8.477060317993164
1104,,0.1802090895951321,0.005005808044309225,-0.014018706884235144,1.0,1.0,1.0,1.0,1.0,0.05179282868525897,0.9043824701195219,0.043824701195219126,0.47968080074214314,0.05277777777777778,0.05277777777777778,8.416666666666666,0.9773761419860215,0.09131705286581249,18.181818181818183,-0.145102263244846,0.18181818181818182,0.2042014395262881,0.10358565737051793,0.26693227091633465,0.6294820717131474,0.26693227091633465,0.26693227091633465,nan,nan,0.11269191979274092,0.23687270328844304,0.0,0.9430379746835443,0.012658227848101266,0.2361396313008855,0.144822578435073,2.9524054806347686,20,20,15.779026746749878
1105,,0.18825131665687386,0.017113756059715806,-0.011193616222590208,1.0,1.0,1.0,1.0,1.0,0.1417910447761194,0.8507462686567164,0.007462686567164179,0.48081541285765445,0.01818181818181818,0.01818181818181818,2.3636363636363638,0.9989850990667163,0.022473853008540545,0.0,-0.07095932348749487,0.0,0.0,0.20149253731343283,0.48507462686567165,0.31343283582089554,0.5074626865671642,0.5074626865671642,nan,nan,0.03178794944629171,0.18624926007444598,0.0,1.0,0.0,0.19803421254526687,0.17556035953672633,2.651803467540479,20,20,2.9013149738311768
1106,,0.17955415652762236,0.006650153945467495,-0.020552941225469114,1.0,1.0,1.0,1.0,1.0,0.11650485436893204,0.8592233009708737,0.024271844660194174,0.46374804091691557,0.09074074074074075,0.09074074074074075,5.296296296296297,0.9758234613529411,0.11263151615715777,0.0,-0.07725621057174852,0.0,0.0,0.1650485436893204,0.3932038834951456,0.441747572815534,0.33980582524271846,0.33980582524271846,nan,nan,0.05456443905583179,0.22076908972765338,0.0,0.8791208791208791,0.0,0.22336749668113876,0.11073598052398098,2.575311968113783,20,20,7.56656551361084
1107,,0.19544783775119126,0.012215489859449454,-0.014628657326102256,1.0,1.0,1.0,1.0,1.0,0.4015748031496063,0.5905511811023622,0.007874015748031496,0.46972965335335176,0.01875,0.01875,1.4375,0.9667098407763349,0.1891244561540597,100.0,0.010301154330851294,1.0,0.010301154330851294,0.1889763779527559,0.6377952755905512,0.1732283464566929,0.3700787401574803,0.3700787401574803,nan,nan,0.12201502218398952,0.6199167892787455,0.0,0.6818181818181818,0.045454545454545456,0.26087893946957036,0.07175448331551065,1.7920098366019768,20,20,4.421325922012329
1108,,0.19417338801405393,0.016181115667837826,-0.010183960758149624,1.0,1.0,1.0,1.0,1.0,0.23076923076923078,0.7461538461538462,0.023076923076923078,0.4646975943741078,0.025,0.025,1.75,0.9982777939414774,0.03001898967042227,0.0,-0.011371829049717659,0.0,0.0,0.16153846153846155,0.5384615384615384,0.3,0.36923076923076925,0.36923076923076925,nan,nan,0.06287369498038278,0.37681356052636655,0.04285714285714286,0.8205128205128205,0.0,0.2148184918039031,0.18479950213348084,2.824439561702174,20,20,3.313669204711914
1109,,0.17667342994361476,0.007361392914317282,-0.0020756796002388,1.0,1.0,1.0,1.0,1.0,0.014925373134328358,0.9601990049751243,0.024875621890547265,0.4617390808746374,0.027083333333333334,0.027083333333333334,7.541666666666667,0.9808923888842054,0.08618705342538613,0.0,-0.15081534959528242,0.0,0.0,0.1691542288557214,0.3283582089552239,0.5024875621890548,0.34328358208955223,0.34328358208955223,nan,nan,0.044831379098520696,0.12739313019469314,0.0,1.0,0.0,0.22070941752218778,0.13452236409680166,2.729563934585193,20,20,7.99518084526062
1110,,0.18399169188116632,0.007076603533891012,-0.025144214741885662,1.0,1.0,1.0,1.0,1.0,0.15841584158415842,0.8217821782178217,0.019801980198019802,0.476872916272749,0.12692307692307692,0.12692307692307692,4.384615384615385,0.988810304788866,0.06649091149739064,25.0,-0.05713721041235326,0.25,0.017862694442006805,0.16336633663366337,0.6188118811881188,0.21782178217821782,0.5297029702970297,0.5297029702970297,nan,nan,0.04582256665272812,0.2465479723306226,0.008,0.9318181818181818,0.0,0.21631000465863695,0.1498190931612463,2.1943298524767885,20,20,8.348169088363647
1111,,0.16692774656836,0.006182509132161482,0.062020806968212126,0.9,0.9,0.9,0.9655172413793104,1.0,0.14646464646464646,0.8333333333333334,0.020202020202020204,0.4810865844996577,0.10185185185185185,0.10185185185185185,4.333333333333333,0.8772659644637896,0.2721702246401771,0.0,-0.108750329327526,0.0,0.0,0.18686868686868688,0.1414141414141414,0.6717171717171717,0.09090909090909091,0.09090909090909091,nan,nan,0.08518976466769074,0.28333896016391824,0.0,0.8872180451127819,0.015037593984962405,0.2221669579804944,-0.050003266659682695,2.5411630008057613,20,20,9.18562126159668
1112,,0.18842760469571113,0.007247215565219659,-0.01038458403199911,1.0,1.0,1.0,1.0,1.0,0.014778325123152709,0.9655172413793104,0.019704433497536946,0.46560068958071776,0.009615384615384616,0.009615384615384616,8.307692307692308,0.9852786968178991,0.08198377988468225,25.0,-0.07762800525442248,0.25,0.011617352153897642,0.13793103448275862,0.23645320197044334,0.625615763546798,0.24630541871921183,0.24630541871921183,nan,nan,0.09508499284627411,0.17752328298169084,0.0,0.9763779527559056,0.007874015748031496,0.24503524794990017,0.16305146806521792,2.170020823444091,20,20,9.768421411514282
1113,,0.19881824184577704,0.014201302988984074,-0.03430989282205701,1.0,1.0,1.0,1.0,1.0,0.29545454545454547,0.6893939393939394,0.015151515151515152,0.4733688444181878,0.03214285714285714,0.03214285714285714,1.3571428571428572,0.9922349067508949,0.06395800607225716,50.0,-0.009940315022234941,0.5,0.001262604298996703,0.19696969696969696,0.3787878787878788,0.42424242424242425,0.2727272727272727,0.2727272727272727,nan,nan,0.07878558490274992,0.3550503661980164,0.02,0.6071428571428571,0.017857142857142856,0.24464839871462135,0.1806903926423642,2.4793819454860913,20,20,3.4696455001831055
1114,,0.17413551361634266,0.006219125486297952,-0.010922933835536242,1.0,1.0,1.0,1.0,1.0,0.06018518518518518,0.9027777777777778,0.037037037037037035,0.4869021154175113,0.06607142857142857,0.06607142857142857,5.178571428571429,0.9866386261154723,0.0757519336148596,25.0,-0.06602239333912548,0.25,0.07361379348203903,0.12037037037037036,0.6388888888888888,0.24074074074074073,0.6018518518518519,0.6018518518518519,nan,nan,0.034481682618198076,0.15280821958208018,0.007246376811594203,0.9615384615384616,0.019230769230769232,0.20704304148267613,0.13129110786781653,2.2280218426273874,20,20,8.361390352249146
1115,,0.18374419126141225,0.006336006595221112,-0.0050975075922906395,1.0,1.0,1.0,1.0,1.0,0.2926829268292683,0.6585365853658537,0.04878048780487805,0.4753223388552152,0.2103448275862069,0.2103448275862069,3.5517241379310347,0.9825079899730456,0.08563736746154554,10.0,-0.0842745897456619,0.1,0.06778552461150317,0.12195121951219512,0.6390243902439025,0.23902439024390243,0.4146341463414634,0.4146341463414634,nan,nan,0.07494173331156885,0.30393512693756264,0.022900763358778626,0.7346938775510204,0.02040816326530612,0.22215527658839893,0.13651790912685338,2.409366975716648,20,20,9.294074535369873
1116,,0.19189904614420786,0.013707074724586276,-0.025230407156050204,1.0,1.0,1.0,1.0,1.0,0.2283464566929134,0.7086614173228346,0.06299212598425197,0.47881985752943107,0.039285714285714285,0.039285714285714285,1.7857142857142858,0.9987796353681981,0.02693074696881706,25.0,-0.003753204582714417,0.25,0.02631104433036297,0.18110236220472442,0.5905511811023622,0.2283464566929134,0.4094488188976378,0.4094488188976378,nan,nan,0.05952939681703677,0.34197917185479754,0.09333333333333334,0.6896551724137931,0.034482758620689655,0.20305609461764712,0.17612534764883006,2.3447299441491625,20,20,3.1585142612457275
1117,,0.18627525024879515,0.004901980269705136,0.1485385462641716,0.9,0.9,0.9,0.8980582524271845,1.0,0.12834224598930483,0.8449197860962567,0.026737967914438502,0.49367751710495594,0.07763157894736843,0.07763157894736843,3.263157894736842,0.4835352758201155,1.045912722914554,0.0,-0.10207965090346058,0.0,0.0,0.18716577540106952,0.39572192513368987,0.41711229946524064,0.33689839572192515,0.33689839572192515,nan,nan,0.22790955597206802,0.5139956005461909,0.0,0.9358974358974359,0.0,0.9369940077748844,-0.10891871513966948,1.9069860979008089,20,20,14.422222137451172
1118,,0.19126648721731368,0.013661891944093835,-0.007737572863698005,1.0,1.0,1.0,1.0,1.0,0.2803030303030303,0.696969696969697,0.022727272727272728,0.4604163443719569,0.010714285714285714,0.010714285714285714,1.6428571428571428,0.9978724633513061,0.035785021517583004,33.33333333333333,-0.02770949096176986,0.3333333333333333,0.011304108749706214,0.15151515151515152,0.3181818181818182,0.5303030303030303,0.20454545454545456,0.20454545454545456,nan,nan,0.05146666761692897,0.216100730076192,0.0,0.7142857142857143,0.014285714285714285,0.2122829443898987,0.1764979228723157,2.003318009757991,20,20,3.4470272064208984
1119,,0.1922546347145264,0.016021219559543866,-0.02002196814864874,1.0,1.0,1.0,1.0,0.0,0.1937984496124031,0.8062015503875969,0.0,0.4711997639737092,0.0,0.0,2.0833333333333335,0.9990486828969946,0.0258205684300504,0.0,0.0,0.0,0.0,0.17829457364341086,0.6201550387596899,0.20155038759689922,0.49612403100775193,0.49612403100775193,nan,nan,0.0459651823178446,0.3021121196900873,0.0,0.7307692307692307,0.0,0.20907124530414684,0.18325067687409644,2.4317951409873495,20,20,3.22310733795166
1120,,0.17057370674117464,0.0051689002042780196,0.035875172540545466,0.95,0.95,0.95,0.9759615384615384,0.9285714285714286,0.1796116504854369,0.7427184466019418,0.07766990291262135,0.48200140956949766,0.13636363636363635,0.13636363636363635,3.606060606060606,0.9136879584923844,0.2706321949291303,6.25,-0.08140931151853022,0.0625,0.061612109026596557,0.17475728155339806,0.45145631067961167,0.3737864077669903,0.47572815533980584,0.47572815533980584,nan,nan,0.05503757292424932,0.27443861391366137,0.021505376344086023,0.7142857142857143,0.03896103896103896,0.22802958840479243,-0.042602606524337915,2.1364055739626435,20,20,9.773067951202393
1121,,0.14270225055633484,0.0043243106229192375,0.09066873341798783,0.8,0.8,0.8,0.9704433497536946,0.9583333333333334,0.5124378109452736,0.36318407960199006,0.12437810945273632,0.5048520867765712,0.403030303030303,0.403030303030303,1.0,0.7836029015037531,0.22218693941450535,20.0,-0.0917280483920378,0.2,0.1289874428280908,0.12935323383084577,0.5223880597014925,0.3482587064676617,0.22388059701492538,0.22388059701492538,nan,nan,0.11922443082773304,0.44148735564991337,0.11428571428571428,0.5285714285714286,0.07142857142857142,0.1947820894778557,-0.027404849936649642,1.9034799260485773,20,20,14.971490144729614
1122,,0.18384631987935357,0.007353852795174143,0.01206362321972847,1.0,1.0,1.0,1.0,1.0,0.23529411764705882,0.7352941176470589,0.029411764705882353,0.46891996124573054,0.196,0.196,4.76,0.9882393942349816,0.08701040782392955,16.666666666666664,-0.10260088553670016,0.16666666666666666,0.02376889274794984,0.1568627450980392,0.37254901960784315,0.47058823529411764,0.2696078431372549,0.2696078431372549,nan,nan,0.05584113225680305,0.21598504678120287,0.0,0.8020833333333334,0.010416666666666666,0.22552538657526555,0.138514978751336,2.4130040947148967,20,20,8.19234585762024
1123,,0.19467997430251496,0.016223331191876248,-0.024438326805830003,1.0,1.0,1.0,1.0,1.0,0.8283582089552238,0.1417910447761194,0.029850746268656716,0.5003849980382559,0.058333333333333334,0.058333333333333334,0.9166666666666666,0.9989776498769026,0.022266713208132366,25.0,-0.018001302367499902,0.25,0.012051365527102127,0.17164179104477612,0.6044776119402985,0.22388059701492538,0.08208955223880597,0.08208955223880597,nan,nan,0.05269817929187426,0.28372292862152065,0.037037037037037035,0.06666666666666667,0.0,0.20524400603310328,0.1829772928249709,1.7387295314496247,20,20,5.023751974105835
1124,,0.15971807689926684,0.004563373625693338,0.04949450083076954,0.85,0.85,0.85,0.9704433497536946,0.9166666666666666,0.25,0.69,0.06,0.45466453650051597,0.18571428571428572,0.18571428571428572,2.4857142857142858,0.8267643322203414,0.25791891574105874,0.0,-0.16344867521810424,0.0,0.0,0.155,0.63,0.215,0.43,0.43,nan,nan,0.06277094301812439,0.29309601076514624,0.031746031746031744,0.9069767441860465,0.023255813953488372,0.22474394006053522,-0.033174975680523494,2.090269881084392,20,20,10.160101652145386
1125,,0.18579099164868978,0.007741291318695408,-0.01458149254322052,1.0,1.0,1.0,1.0,1.0,0.11538461538461539,0.8557692307692307,0.028846153846153848,0.4697104739714026,0.11458333333333333,0.11458333333333333,5.625,0.9897153001444458,0.06255742466493863,0.0,-0.1457025648553589,0.0,0.0,0.16346153846153846,0.39903846153846156,0.4375,0.3701923076923077,0.3701923076923077,nan,nan,0.052888791854124664,0.22689785348076738,0.012048192771084338,0.8571428571428571,0.0,0.21098633180879076,0.14842890714385212,2.4540672888290165,20,20,8.404343605041504
1126,,0.18220069364718444,0.007288027745887378,0.02617017664015293,1.0,1.0,1.0,1.0,1.0,0.4878048780487805,0.4682926829268293,0.04390243902439024,0.5083410628756974,0.278,0.278,2.92,0.9900276494893295,0.08570536058207336,11.11111111111111,-0.0621941975087017,0.1111111111111111,0.022475475465140615,0.12195121951219512,0.3902439024390244,0.4878048780487805,0.17560975609756097,0.17560975609756097,nan,nan,0.09214774817434687,0.2765394017874462,0.0375,0.59,0.01,0.20264214015510762,0.11693677957303426,1.685802639023974,20,20,12.663471460342407
1127,,0.18225143743057295,0.00759380989294054,-0.00527923945337534,1.0,1.0,1.0,1.0,1.0,0.21782178217821782,0.7475247524752475,0.034653465346534656,0.47459353411589594,0.15625,0.15625,4.666666666666667,0.9828196661219615,0.11234125202340209,14.285714285714285,-0.08746863116630602,0.14285714285714285,0.0010923753009567938,0.20297029702970298,0.45544554455445546,0.3415841584158416,0.4158415841584158,0.4158415841584158,nan,nan,0.05246105614693739,0.20461925276390527,0.0,0.7681159420289855,0.028985507246376812,0.23147210464579293,0.11913085262239084,2.3237535550779804,20,20,7.536058187484741
1128,,0.18378117435892416,0.00574316169871638,-0.017250326089560987,1.0,1.0,1.0,1.0,1.0,0.16097560975609757,0.8097560975609757,0.02926829268292683,0.47589301475400136,0.090625,0.090625,4.65625,0.9838823339934906,0.0903850831138199,0.0,-0.09621795576268773,0.0,0.0,0.13658536585365855,0.5902439024390244,0.2731707317073171,0.4682926829268293,0.4682926829268293,nan,nan,0.057474966976099176,0.29711199261174803,0.0,0.8571428571428571,0.0,0.228563108566799,0.1381780254529791,2.313527902934686,20,20,7.989179372787476
1129,,0.17535713732538724,0.003896825273897494,-0.009024679164091746,1.0,1.0,1.0,1.0,1.0,0.4980237154150198,0.43873517786561267,0.06324110671936758,0.5030922398687754,0.32222222222222224,0.32222222222222224,1.8888888888888888,0.9881621461271557,0.08061119875640227,25.0,-0.11880142736157542,0.25,0.15936935376504013,0.09881422924901186,0.4901185770750988,0.41106719367588934,0.23715415019762845,0.23715415019762845,nan,nan,0.11202839258737234,0.365306218795161,0.03225806451612903,0.5769230769230769,0.038461538461538464,0.219210683159537,0.13859948440313474,1.7900813458729343,20,20,24.448930740356445
1130,,0.1678128031193044,0.006992200129971017,-0.025980427861213684,1.0,1.0,1.0,1.0,1.0,0.07389162561576355,0.8916256157635468,0.034482758620689655,0.45873817297494196,0.07083333333333333,0.07083333333333333,6.0,0.9828178445812774,0.09260048042232041,0.0,-0.10879087730105899,0.0,0.0,0.16748768472906403,0.39901477832512317,0.43349753694581283,0.3842364532019704,0.3842364532019704,nan,nan,0.036995044728760085,0.16148310021983361,0.0,0.9545454545454546,0.0,0.21689902783090995,0.12429854740858953,2.1158248548055405,20,20,7.5339696407318115
1131,,0.18083363994424262,0.004520840998606066,-0.016548790658513706,1.0,1.0,1.0,1.0,1.0,0.019230769230769232,0.95,0.03076923076923077,0.46806157224156775,0.035,0.035,8.95,0.9640424734738893,0.16550384518626918,0.0,-0.12427927571443025,0.0,0.0,0.11153846153846154,0.3576923076923077,0.5307692307692308,0.3730769230769231,0.3730769230769231,nan,nan,0.0771261125772405,0.22124087994821032,0.0,0.9927536231884058,0.007246376811594203,0.268453897763186,0.10295005257691683,1.899418016357264,20,20,16.486518621444702
1132,,0.18623576381996376,0.00716291399307553,-0.016340948920696974,1.0,1.0,1.0,1.0,1.0,0.1111111111111111,0.8737373737373737,0.015151515151515152,0.4836005177066769,0.07307692307692308,0.07307692307692308,6.038461538461538,0.9866349980742346,0.08195094690527352,0.0,-0.05808338183694264,0.0,0.0,0.14646464646464646,0.14646464646464646,0.7070707070707071,0.10101010101010101,0.10101010101010101,nan,nan,0.09030455383592652,0.25208772449287137,0.0,0.9357142857142857,0.0,0.233650491553348,0.15169954464807447,3.1053493805903667,20,20,8.844192266464233
1133,,0.1741440235803834,0.005442000736886981,-0.00349540114402771,0.9,0.9,0.9,0.9405940594059405,0.8571428571428571,0.7512953367875648,0.20725388601036268,0.04145077720207254,0.4821321340248687,0.3546875,0.3546875,0.46875,0.8697616074266115,0.2972486348253072,12.5,-0.058198014117975316,0.125,0.016440248272102553,0.15544041450777202,0.7772020725388601,0.06735751295336788,0.13989637305699482,0.13989637305699482,nan,nan,0.11196015649848458,0.3481544970813375,0.02,0.3076923076923077,0.0,0.2138826584946964,-0.08336597633061082,1.7444021181827054,20,20,15.952828168869019
1134,,0.17774102048808246,0.0059247006829360824,0.024382767267525196,0.95,0.95,0.95,0.9952380952380953,1.0,0.35714285714285715,0.6095238095238096,0.03333333333333333,0.46876151853318637,0.22,0.22,2.8666666666666667,0.9348453577499971,0.25188744047224143,14.285714285714285,-0.055951783803100695,0.14285714285714285,0.1278871178047189,0.11904761904761904,0.3523809523809524,0.5285714285714286,0.23809523809523808,0.23809523809523808,nan,nan,0.08422502756414765,0.2716927188540635,0.0,0.6126126126126126,0.018018018018018018,0.23612680279615916,-0.01576063767608228,1.8668846601100362,20,20,8.75058913230896
1135,,0.1828805354532365,0.006096017848441216,-0.016811428498476742,1.0,1.0,1.0,1.0,1.0,0.21428571428571427,0.7476190476190476,0.0380952380952381,0.46839911916234994,0.125,0.125,3.6,0.9861486973458035,0.08522593517290794,12.5,-0.05169378988346188,0.125,0.01671766840819172,0.1523809523809524,0.580952380952381,0.26666666666666666,0.48095238095238096,0.48095238095238096,nan,nan,0.0379479768087807,0.1693530373117479,0.00819672131147541,0.6607142857142857,0.017857142857142856,0.2201278870156275,0.13490195184271955,2.0724740642989548,20,20,8.313894748687744
1136,,0.17965797247405754,0.008166271476093525,-0.0019801406189799307,1.0,1.0,1.0,1.0,1.0,0.12315270935960591,0.8522167487684729,0.024630541871921183,0.4449926670357606,0.07272727272727272,0.07272727272727272,6.5,0.9883613883682654,0.08464952096318054,20.0,-0.08276195029796388,0.2,0.17720686303549327,0.15763546798029557,0.12315270935960591,0.7192118226600985,0.13793103448275862,0.13793103448275862,nan,nan,0.06101396401353909,0.15223210875831025,0.0,0.8767123287671232,0.0273972602739726,0.2216178501257417,0.13696832916256116,2.5680596453477453,20,20,7.182530879974365
1137,,0.18259053520027624,0.005071959311118784,-0.014499684050679206,1.0,1.0,1.0,1.0,1.0,0.003745318352059925,0.9737827715355806,0.02247191011235955,0.4610197420401366,0.030555555555555555,0.030555555555555555,8.416666666666666,0.9734247760968451,0.11596950909281642,0.0,-0.15704130679595008,0.0,0.0,0.12734082397003746,0.3857677902621723,0.4868913857677903,0.3857677902621723,0.3857677902621723,nan,nan,0.07376424677566709,0.18934417329618297,0.0,0.9923076923076923,0.0,0.2506448756151359,0.13467536652231946,1.8569903702182309,20,20,16.378936767578125
1138,,0.1781164058017026,0.007744191556595765,-0.008459009975194932,1.0,1.0,1.0,1.0,1.0,0.12041884816753927,0.8534031413612565,0.02617801047120419,0.4891740451501075,0.09130434782608696,0.09130434782608696,6.043478260869565,0.9810882112295103,0.08403151281902085,20.0,-0.07078621428752743,0.2,0.043041923921903785,0.1518324607329843,0.35602094240837695,0.49214659685863876,0.3089005235602094,0.3089005235602094,nan,nan,0.061990336820976946,0.2583099554038675,0.0,0.9361702127659575,0.010638297872340425,0.2182952183409396,0.13426370552191874,2.797594189648236,20,20,7.803475618362427
1139,,0.17913805126287413,0.006634742639365709,0.029913149401545526,0.95,0.95,0.95,0.995049504950495,1.0,0.7389162561576355,0.18719211822660098,0.07389162561576355,0.48420903518002617,0.44814814814814813,0.44814814814814813,0.7037037037037037,0.9595611933075214,0.20019306338101447,13.333333333333334,-0.0934813363777929,0.13333333333333333,0.10964071034138068,0.09852216748768473,0.8078817733990148,0.09359605911330049,0.1921182266009852,0.1921182266009852,nan,nan,0.09701835489897107,0.28685372208790927,0.04878048780487805,0.10526315789473684,0.0,0.22919702583655494,0.02900396245554046,1.5446723140744403,20,20,16.515647649765015
1140,,0.18547303027436546,0.008064044794537628,-0.020957079716026783,1.0,1.0,1.0,1.0,1.0,0.31313131313131315,0.6414141414141414,0.045454545454545456,0.4693217850413614,0.24130434782608695,0.24130434782608695,3.4347826086956523,0.9881345166989449,0.06907446475751733,33.33333333333333,-0.06980206055249821,0.3333333333333333,0.11342765163873607,0.15656565656565657,0.2777777777777778,0.5656565656565656,0.15656565656565657,0.15656565656565657,nan,nan,0.0856009212771575,0.2965202492794469,0.03636363636363636,0.7142857142857143,0.026785714285714284,0.21525958634298067,0.14618512158546335,2.1047728941926174,20,20,8.325682640075684
1141,,0.18693016960115127,0.007788757066714637,-0.013683639466762543,1.0,1.0,1.0,1.0,1.0,0.22772277227722773,0.7475247524752475,0.024752475247524754,0.4715125678549763,0.15833333333333333,0.15833333333333333,4.875,0.9885516207363731,0.07854647922888564,0.0,-0.12052579390871465,0.0,0.0,0.10891089108910891,0.5099009900990099,0.3811881188118812,0.4158415841584158,0.4158415841584158,nan,nan,0.04387479856515172,0.2037480449113447,0.0,0.7532467532467533,0.0,0.23260029026095771,0.15405381103207208,2.255361357677321,20,20,6.948151350021362
1142,,0.17801016575466705,0.007120406630186682,-0.021146748028695584,1.0,1.0,1.0,1.0,1.0,0.15609756097560976,0.8292682926829268,0.014634146341463415,0.45237096257132364,0.066,0.066,5.68,0.979065639956728,0.09614986389276406,0.0,-0.08240577368135284,0.0,0.0,0.13170731707317074,0.5707317073170731,0.2975609756097561,0.5170731707317073,0.5170731707317073,nan,nan,0.03419328868808203,0.17080658983049407,0.0,0.7868852459016393,0.01639344262295082,0.2197017192448304,0.12355185535206634,2.260202639781613,20,20,7.703996658325195
1143,,0.18222573494859365,0.006749101294392357,-0.011672339402139187,1.0,1.0,1.0,1.0,1.0,0.345,0.61,0.045,0.4915648141499804,0.1685185185185185,0.1685185185185185,2.740740740740741,0.9949980853940081,0.0537882855110495,0.0,-0.0687872304705316,0.0,0.0,0.135,0.615,0.25,0.4,0.4,nan,nan,0.04800370830969815,0.20053702434424991,0.008130081300813009,0.54,0.04,0.20893709769026841,0.15514881217921891,1.9160524828603742,20,20,6.98732590675354
1144,,0.19055741830251693,0.019055741830251695,-0.00236931499093771,1.0,1.0,1.0,1.0,1.0,0.4732824427480916,0.5190839694656488,0.007633587786259542,0.4849161002796609,0.035,0.035,0.5,0.9995269152177568,0.01715496899390878,0.0,-0.00118519482347864,0.0,0.0,0.21374045801526717,0.26717557251908397,0.5190839694656488,0.2748091603053435,0.2748091603053435,nan,nan,0.03306139686615911,0.15235236835068075,0.0,0.5735294117647058,0.0,0.19602810484891892,0.17887313585501013,2.4138902200754773,20,20,2.3381574153900146
1145,,0.19038420128279326,0.007932675053449719,-0.015247335657477379,1.0,1.0,1.0,1.0,1.0,0.21256038647342995,0.7681159420289855,0.01932367149758454,0.48867672339765705,0.12708333333333333,0.12708333333333333,5.333333333333333,0.9824338321152662,0.0937574818137078,25.0,-0.045523797714293164,0.25,0.024798148418082866,0.0966183574879227,0.4830917874396135,0.42028985507246375,0.3961352657004831,0.3961352657004831,nan,nan,0.07008123850835436,0.3136245807747116,0.01,0.7816091954022989,0.022988505747126436,0.23328465674799742,0.13952717493428962,2.3919296931383887,20,20,8.831395626068115
1146,,0.17668143875647102,0.00420670092277312,-0.0008047527323166529,1.0,1.0,1.0,1.0,1.0,0.2868217054263566,0.6821705426356589,0.031007751937984496,0.4918605496151334,0.2392857142857143,0.2392857142857143,4.4523809523809526,0.9754035065429829,0.10217973812844654,0.0,-0.09765217742680628,0.0,0.0,0.08139534883720931,0.6046511627906976,0.313953488372093,0.3875968992248062,0.3875968992248062,nan,nan,0.09383816072329038,0.3798152214650798,0.00641025641025641,0.8395061728395061,0.012345679012345678,0.22615237916106862,0.12397264103262208,1.638108490873678,20,20,13.794604778289795
1147,,0.1903686923349232,0.01730624475772029,-0.006335315015166998,1.0,1.0,1.0,1.0,0.0,0.23308270676691728,0.7669172932330827,0.0,0.4954952820839191,0.01818181818181818,0.01818181818181818,2.0,0.9985602523747656,0.02638479766047258,0.0,0.0,0.0,0.0,0.15789473684210525,0.45864661654135336,0.38345864661654133,0.39097744360902253,0.39097744360902253,nan,nan,0.039668471033297924,0.2500780130659735,0.0,0.6862745098039216,0.0,0.2027922978589112,0.17640750019843862,2.589155588867817,20,20,2.973768949508667
1148,,0.17584782564900073,0.003996541492022744,-0.013122952232758204,1.0,1.0,1.0,1.0,1.0,0.12692307692307692,0.85,0.023076923076923078,0.4875567561981205,0.10454545454545454,0.10454545454545454,5.409090909090909,0.9618789947516416,0.13761557020538945,0.0,-0.1842876907556912,0.0,0.0,0.12307692307692308,0.5269230769230769,0.35,0.47307692307692306,0.47307692307692306,nan,nan,0.04713825146881409,0.2517885872759265,0.0,0.945054945054945,0.0,0.2501958077642865,0.11258023755889708,2.127902407679538,20,20,13.475994348526001
1149,,0.18369506413560735,0.0076539610056503065,-0.053302612900733945,1.0,1.0,1.0,1.0,1.0,0.05154639175257732,0.9226804123711341,0.02577319587628866,0.49975251507797414,0.0625,0.0625,6.291666666666667,0.9869918187996353,0.08545650498864502,20.0,-0.07327631159637496,0.2,0.0027690220740643756,0.18556701030927836,0.28350515463917525,0.5309278350515464,0.26804123711340205,0.26804123711340205,nan,nan,0.05347915964456534,0.15419052330242158,0.0,0.970873786407767,0.009708737864077669,0.22663204446005766,0.14117553947141265,2.3837468287499166,20,20,7.200980186462402
1150,,0.18194571013795718,0.007581071255748216,-0.014325404725968837,1.0,1.0,1.0,1.0,1.0,0.11,0.865,0.025,0.4840328384617654,0.075,0.075,6.083333333333333,0.9908910782634843,0.06900286274632825,0.0,-0.08746035899163034,0.0,0.0,0.17,0.27,0.56,0.235,0.235,nan,nan,0.07373168848927483,0.25990256679809215,0.0,0.8839285714285714,0.0,0.22172207414488854,0.1527192113985603,2.694233292473737,20,20,8.059570789337158
1151,,0.17203941478218054,0.004915411850919444,-0.0031552142463624477,1.0,1.0,1.0,1.0,1.0,0.12639405204460966,0.828996282527881,0.04460966542750929,0.4973130422394856,0.16428571428571428,0.16428571428571428,6.142857142857143,0.977329633428865,0.10836162792747524,0.0,-0.1488687332922727,0.0,0.0,0.12639405204460966,0.6431226765799256,0.23048327137546468,0.5724907063197026,0.5724907063197026,nan,nan,0.03835646419688429,0.2241473954567253,0.0,0.9193548387096774,0.016129032258064516,0.23240602575011124,0.124044397822636,2.253387718263512,20,20,13.41917109489441
1152,,0.18067627733199004,0.005646133666624689,-0.003147302195429802,1.0,1.0,1.0,1.0,1.0,0.1391941391941392,0.8058608058608059,0.054945054945054944,0.4835824941467763,0.1734375,0.1734375,6.03125,0.9800901898894271,0.09735117109170571,20.0,-0.18185968689933404,0.2,0.05822565596548105,0.10989010989010989,0.5494505494505495,0.34065934065934067,0.48717948717948717,0.48717948717948717,nan,nan,0.044941154742530354,0.170056846383793,0.0,0.9247311827956989,0.03225806451612903,0.22606993743392179,0.12871876634221607,2.2406936890480775,20,20,13.4169921875
1153,,0.1792951779721791,0.003984337288270646,-0.014556545267502467,0.95,0.95,0.95,0.9886363636363636,1.0,0.3549618320610687,0.5381679389312977,0.10687022900763359,0.5035929836373544,0.30333333333333334,0.30333333333333334,2.488888888888889,0.9465561592760949,0.20746082372487717,17.857142857142858,-0.08999271758302005,0.17857142857142858,0.17057474458547664,0.08015267175572519,0.7824427480916031,0.13740458015267176,0.4770992366412214,0.4770992366412214,nan,nan,0.07355585413297366,0.3142165704841982,0.04878048780487805,0.6944444444444444,0.1111111111111111,0.22641806966831693,0.018957245943439754,1.9816643518361015,20,20,13.075444459915161
1154,,0.16075009855393765,0.004727944075115813,0.04937824010848999,0.9,0.9,0.9,0.9901477832512315,1.0,0.2524752475247525,0.6732673267326733,0.07425742574257425,0.4933290575291347,0.18235294117647058,0.18235294117647058,2.6470588235294117,0.8498619015176098,0.2712819309281673,6.666666666666667,-0.14456388141553939,0.06666666666666667,0.1798437411569104,0.12871287128712872,0.6386138613861386,0.23267326732673269,0.46534653465346537,0.46534653465346537,nan,nan,0.05603913796528986,0.22778634551045215,0.023255813953488372,0.851063829787234,0.02127659574468085,0.23663362082212366,-0.034648310106043634,2.0409718308253897,20,20,8.206265687942505
1155,,0.1762637396099506,0.007050549584398024,0.02081308886408806,1.0,1.0,1.0,1.0,1.0,0.05970149253731343,0.8756218905472637,0.06467661691542288,0.4553694233791903,0.086,0.086,6.08,0.9876588343013594,0.0784217824075365,15.384615384615385,-0.08196449540053558,0.15384615384615385,0.11392637816114928,0.14925373134328357,0.3582089552238806,0.4925373134328358,0.3333333333333333,0.3333333333333333,nan,nan,0.044562997027571494,0.1307367003300654,0.0,0.9292929292929293,0.030303030303030304,0.21514975905861847,0.13672797665108197,1.889471233453562,20,20,8.80942177772522
1156,,0.16242964615220817,0.003867372527433528,0.0321954774359862,0.9,0.9,0.9,0.9718875502008032,1.0,0.24489795918367346,0.6326530612244898,0.12244897959183673,0.4975227482664022,0.2869047619047619,0.2869047619047619,3.142857142857143,0.8875990620335498,0.21779413510212836,20.0,-0.23884849609299758,0.2,0.08411579002291446,0.10612244897959183,0.6163265306122448,0.27755102040816326,0.47346938775510206,0.47346938775510206,nan,nan,0.08967714955045825,0.34279024556472576,0.059602649006622516,0.6176470588235294,0.07352941176470588,0.205200680736597,-0.012593454365531373,1.8664781281323415,20,20,14.140912294387817
1157,,0.14080091995938504,0.004266694544223789,0.16688586249947548,0.8,0.8,0.8,0.9695431472081218,1.0,0.24352331606217617,0.6787564766839378,0.07772020725388601,0.46310917468217666,0.1803030303030303,0.1803030303030303,3.0303030303030303,0.6843022910123879,0.3281424625164166,13.333333333333334,-0.3506396290988428,0.13333333333333333,0.02454672339758395,0.10362694300518134,0.7927461139896373,0.10362694300518134,0.5647668393782384,0.5647668393782384,nan,nan,0.08888702858536336,0.35354750819301434,0.026143790849673203,0.95,0.05,0.27665438790956237,-0.05148807460685425,1.5337461386143885,20,20,16.3454909324646
1158,,0.18371551001870443,0.007065981154565555,-0.0013814078643918037,1.0,1.0,1.0,1.0,1.0,0.2222222222222222,0.6714975845410628,0.10628019323671498,0.48903325874730047,0.19807692307692307,0.19807692307692307,5.0,0.9903995610854378,0.07176412229177864,22.727272727272727,-0.08933368474393148,0.22727272727272727,0.02097192352260085,0.13526570048309178,0.45410628019323673,0.4106280193236715,0.30434782608695654,0.30434782608695654,nan,nan,0.05742665936481294,0.2121107796660109,0.07446808510638298,0.8352941176470589,0.011764705882352941,0.2185631505940202,0.14679902830224156,1.5620695835636913,20,20,9.041419744491577
1159,,0.15895973994433957,0.0049674918732606115,0.06172705963253975,0.85,0.85,0.85,0.9690721649484536,1.0,0.30526315789473685,0.6105263157894737,0.08421052631578947,0.4976167381961204,0.1859375,0.1859375,2.3125,0.7732021153220526,0.33151875445751944,18.75,-0.4644425575552868,0.1875,0.23167576864618225,0.11052631578947368,0.8315789473684211,0.05789473684210526,0.531578947368421,0.531578947368421,nan,nan,0.09966889749624806,0.2674385409105276,0.0189873417721519,1.0,0.0,0.2630666007896005,-0.06845215366791896,1.6627598187048962,20,20,17.03363800048828
1160,,0.18205760199739282,0.007282304079895713,-0.02012299671769142,1.0,1.0,1.0,1.0,1.0,0.155,0.735,0.11,0.4512261874899268,0.24,0.24,4.84,0.9884968006982789,0.0841976312806908,27.27272727272727,-0.08858260767938374,0.2727272727272727,0.13297188204887403,0.17,0.385,0.445,0.33,0.33,nan,nan,0.07720036353335392,0.25354927627950047,0.05194805194805195,0.797752808988764,0.06741573033707865,0.23449896825041183,0.15030133696972103,2.046825238938075,20,20,10.926630735397339
1161,,0.18028321013693316,0.007838400440736224,-0.005068832635879516,1.0,1.0,1.0,1.0,1.0,0.009900990099009901,0.9356435643564357,0.054455445544554455,0.48078023261889186,0.05,0.05,7.173913043478261,0.9834252627490305,0.07587966968316845,0.0,-0.06857502455577759,0.0,0.0,0.13366336633663367,0.3465346534653465,0.5198019801980198,0.3564356435643564,0.3564356435643564,nan,nan,0.04881289901514176,0.13264952047059023,0.0,0.9809523809523809,0.01904761904761905,0.22386600017731734,0.1479863304941489,2.6250086129106864,20,20,7.546582937240601
1162,,0.15688531627144472,0.004357925451984576,0.06132292822003364,0.9,0.9,0.9,0.9502487562189055,1.0,0.17616580310880828,0.7150259067357513,0.10880829015544041,0.4933002335379557,0.14305555555555555,0.14305555555555555,3.2777777777777777,0.8191435557993666,0.3287392464851233,19.047619047619047,-0.3759828749624009,0.19047619047619047,0.07888927029335502,0.12953367875647667,0.6839378238341969,0.18652849740932642,0.49222797927461137,0.49222797927461137,nan,nan,0.10365891761402889,0.3448597900346813,0.05303030303030303,0.9444444444444444,0.0,0.24408092524084324,-0.0846583212442801,1.559563840346846,20,20,16.460045337677002
1163,,0.17236354424329633,0.005560114330428914,0.032679910957813266,0.95,0.95,0.95,0.9803921568627451,1.0,0.17412935323383086,0.7114427860696517,0.11442786069651742,0.47934485588008513,0.15483870967741936,0.15483870967741936,3.7096774193548385,0.8856303033711446,0.34146234873428044,17.391304347826086,-0.25508514177485025,0.17391304347826086,0.0361578861337135,0.11442786069651742,0.39303482587064675,0.4925373134328358,0.38308457711442784,0.38308457711442784,nan,nan,0.08919353311184983,0.2772088856311331,0.012658227848101266,0.696969696969697,0.09090909090909091,0.2667367771604029,-0.07472557157387756,1.8184685875331077,20,20,13.921656608581543
1164,,0.17895023204308474,0.006627786371966101,-0.02300724321976304,1.0,1.0,1.0,1.0,1.0,0.06341463414634146,0.8878048780487805,0.04878048780487805,0.45737816902455286,0.05555555555555555,0.05555555555555555,6.222222222222222,0.9835236616036289,0.07847155600624056,10.0,-0.09748934399182366,0.1,0.14218597249784812,0.17073170731707318,0.24390243902439024,0.5853658536585366,0.2,0.2,nan,nan,0.07210721958127969,0.19464249887060547,0.04,0.9833333333333333,0.0,0.21291760735536142,0.13444605134912085,1.9490586400821261,20,20,9.154896974563599
1165,,0.18074587420787508,0.0051641678345107165,-0.016408164519816637,1.0,1.0,1.0,1.0,1.0,0.053231939163498096,0.8859315589353612,0.060836501901140684,0.4837124370948212,0.09571428571428571,0.09571428571428571,7.2,0.9826502452947862,0.09236504290935038,18.75,-0.09811896201833513,0.1875,0.02778904619303912,0.1482889733840304,0.4372623574144487,0.4144486692015209,0.43346007604562736,0.43346007604562736,nan,nan,0.0608198069212854,0.18608345791286585,0.0,0.8990825688073395,0.045871559633027525,0.2282017051141362,0.13583666220478582,2.173911669425288,20,20,15.501993417739868
1166,,0.16225470629838956,0.004635848751382559,0.07258165143430233,0.9,0.9,0.9,0.9428571428571428,1.0,0.31840796019900497,0.582089552238806,0.09950248756218906,0.5099119073867665,0.22428571428571428,0.22428571428571428,2.2857142857142856,0.8585005252551704,0.2748107799359772,10.0,-0.34342271593805973,0.1,0.03251941853955496,0.11442786069651742,0.3781094527363184,0.5074626865671642,0.2935323383084577,0.2935323383084577,nan,nan,0.09949917231594416,0.4005244193074953,0.05263157894736842,0.5980392156862745,0.029411764705882353,0.21595190093396857,-0.05885887900200862,1.6604405552570456,20,20,17.813445806503296
1167,,0.19197863455941816,0.017452603141765288,0.001583850011229515,1.0,1.0,1.0,1.0,1.0,0.5263157894736842,0.38345864661654133,0.09022556390977443,0.5072602105644447,0.031818181818181815,0.031818181818181815,1.3636363636363635,0.993155875066356,0.08747890753497475,16.666666666666664,-0.012686622922183288,0.16666666666666666,0.02987217126953836,0.21804511278195488,0.06015037593984962,0.7218045112781954,0.16541353383458646,0.16541353383458646,nan,nan,0.06691026909416029,0.32757653762860356,0.0,0.2916666666666667,0.09375,0.22555287590224865,0.1380739683672739,1.9063968326765084,20,20,5.102576971054077
1168,,0.15896354176198454,0.005481501440068433,0.0520224791020155,0.9,0.9,0.9,0.9786096256684492,1.0,0.40641711229946526,0.48663101604278075,0.10695187165775401,0.48565035189445743,0.38275862068965516,0.38275862068965516,1.4482758620689655,0.8616518229262762,0.2630816422595266,20.0,-0.1314003018010549,0.2,0.04537229416434289,0.11229946524064172,0.6417112299465241,0.24598930481283424,0.3689839572192513,0.3689839572192513,nan,nan,0.0989120587552349,0.45213558705557766,0.06666666666666667,0.5869565217391305,0.043478260869565216,0.21135632316133235,-0.051725319098194285,1.805514028253507,20,20,15.85347843170166
1169,,0.1806658596931315,0.00752774415388048,-0.0014185927808284759,1.0,1.0,1.0,1.0,1.0,0.051643192488262914,0.9295774647887324,0.018779342723004695,0.4909364799658457,0.01875,0.01875,6.958333333333333,0.9843351884543551,0.08283196713974716,0.0,-0.07037399982833875,0.0,0.0,0.16901408450704225,0.38497652582159625,0.4460093896713615,0.4272300469483568,0.4272300469483568,nan,nan,0.03702110075970744,0.1272789264448775,0.0,1.0,0.0,0.22332523046040942,0.14049326332066225,2.547534691577648,20,20,8.043363332748413
1170,,0.17561288457804364,0.0053216025629710196,0.00041258949786424635,1.0,1.0,1.0,1.0,1.0,0.011194029850746268,0.9365671641791045,0.05223880597014925,0.4880050413107683,0.04696969696969697,0.04696969696969697,8.727272727272727,0.9710057257630011,0.10936793129031498,21.428571428571427,-0.06079536688786592,0.21428571428571427,0.06947312310570113,0.11567164179104478,0.47761194029850745,0.40671641791044777,0.4925373134328358,0.4925373134328358,nan,nan,0.0340248086648859,0.12881778882460207,0.0078125,0.963302752293578,0.027522935779816515,0.22475016491912847,0.11538223362881349,2.2619724112461146,20,20,13.546912431716919
1171,,0.1897714276609197,0.01897714276609197,-0.022773908078670503,1.0,1.0,1.0,1.0,1.0,0.6870229007633588,0.2366412213740458,0.07633587786259542,0.49878265549894424,0.085,0.085,1.1,0.9992426157297979,0.020728466335072304,0.0,-0.020713517569792443,0.0,0.0,0.183206106870229,0.17557251908396945,0.6412213740458015,0.1984732824427481,0.1984732824427481,nan,nan,0.033896811140661724,0.11187812141417133,0.043478260869565216,0.19047619047619047,0.023809523809523808,0.20330467764412546,0.18257621130905316,1.9941971525200501,20,20,4.361114501953125
1172,,0.18148774325271255,0.008249442875123298,-0.017841154336929323,1.0,1.0,1.0,1.0,1.0,0.004901960784313725,0.9019607843137255,0.09313725490196079,0.47898919991778466,0.05909090909090909,0.05909090909090909,6.045454545454546,0.9881193881704512,0.08902897834795473,26.31578947368421,-0.061040602646117284,0.2631578947368421,0.05972632390892314,0.14705882352941177,0.25,0.6029411764705882,0.28431372549019607,0.28431372549019607,nan,nan,0.0437468405807542,0.1309379814725126,0.0196078431372549,0.926829268292683,0.06504065040650407,0.2198947081432128,0.13086572979525807,2.378825648199723,20,20,7.337156772613525
1173,,0.18062200727776967,0.007853130751207377,0.0062349442392587665,1.0,1.0,1.0,1.0,1.0,0.13725490196078433,0.7745098039215687,0.08823529411764706,0.4818569836571165,0.1673913043478261,0.1673913043478261,4.782608695652174,0.9928484968991336,0.06456165734075373,33.33333333333333,-0.057274898223982434,0.3333333333333333,0.058377905222321835,0.16176470588235295,0.3382352941176471,0.5,0.3284313725490196,0.3284313725490196,nan,nan,0.05134110872121449,0.19763620703996695,0.10144927536231885,0.7941176470588235,0.049019607843137254,0.20595061450139554,0.14138895716064181,2.200759322693269,20,20,7.235779762268066
1174,,0.18073332984621895,0.008215151356646315,0.01757037006318569,1.0,1.0,1.0,1.0,1.0,0.12041884816753927,0.7958115183246073,0.08376963350785341,0.5052695791956715,0.1159090909090909,0.1159090909090909,6.5,0.9884211726361178,0.0843561028562014,37.5,-0.04694659351133228,0.375,0.02432784018348759,0.14659685863874344,0.5549738219895288,0.29842931937172773,0.5026178010471204,0.5026178010471204,nan,nan,0.03560794782419008,0.13621552927391767,0.03773584905660377,0.8070175438596491,0.05263157894736842,0.2258538489424437,0.1414977460862423,2.1551114389178387,20,20,6.880287408828735
1175,,0.18925972781083722,0.004205771729129716,0.06159919947385788,0.95,0.95,0.95,0.9507575757575758,1.0,0.08267716535433071,0.8228346456692913,0.09448818897637795,0.5059211859692975,0.08555555555555555,0.08555555555555555,4.377777777777778,0.6755277140596432,0.7914779784036512,20.833333333333336,-0.11086323984864828,0.20833333333333334,0.07469106107931653,0.14960629921259844,0.20078740157480315,0.6496062992125984,0.2125984251968504,0.2125984251968504,nan,nan,0.14727358112053607,0.41623200870411703,0.0392156862745098,0.8787878787878788,0.04242424242424243,0.6892969742557393,-0.1021810041479119,2.4229587447935588,20,20,18.388527393341064
1176,,0.18971938084395776,0.004992615285367309,0.08265954814851284,0.95,0.95,0.95,0.9458128078817734,1.0,0.05154639175257732,0.8711340206185567,0.07731958762886598,0.4979932669518013,0.056578947368421055,0.056578947368421055,3.5789473684210527,0.6763041447992678,0.7858224661152488,13.333333333333334,-0.10964841685272234,0.13333333333333333,0.019544016560692292,0.18556701030927836,0.37628865979381443,0.4381443298969072,0.36082474226804123,0.36082474226804123,nan,nan,0.1433230122996244,0.5152854111717647,0.0136986301369863,0.9294117647058824,0.03529411764705882,0.6923309369185603,-0.09349152919668849,2.164205041752291,20,20,10.98357605934143
1177,,0.18232079440522406,0.007292831776208962,0.008953484892845153,1.0,1.0,1.0,1.0,1.0,0.08542713567839195,0.8442211055276382,0.07035175879396985,0.47110994467581624,0.124,0.124,6.44,0.9882890315621053,0.06936934590298116,7.142857142857142,-0.08635260440414584,0.07142857142857142,0.04473158820629391,0.1457286432160804,0.5628140703517588,0.2914572864321608,0.49748743718592964,0.49748743718592964,nan,nan,0.045535084281887454,0.20278625986545634,0.017857142857142856,0.9310344827586207,0.017241379310344827,0.21716839198433957,0.1477990460813584,2.4674111525155586,20,20,8.279566287994385
1178,,0.1777872697485505,0.007407802906189604,-0.011297427862882615,1.0,1.0,1.0,1.0,1.0,0.02912621359223301,0.8980582524271845,0.07281553398058252,0.4982250410449827,0.08125,0.08125,5.791666666666667,0.9836121034496796,0.07628133435244369,26.666666666666668,-0.03639469746024463,0.26666666666666666,0.1251880831856279,0.13592233009708737,0.32038834951456313,0.5436893203883495,0.34951456310679613,0.34951456310679613,nan,nan,0.048531412737396105,0.1684506911500418,0.0,0.9107142857142857,0.07142857142857142,0.22450751634492322,0.14822618199247953,2.628578760880156,20,20,7.933078289031982
1179,,0.18728136519589883,0.017025578654172622,-0.01695467419922352,1.0,1.0,1.0,1.0,1.0,0.072,0.896,0.032,0.4661067627973601,0.01818181818181818,0.01818181818181818,2.5454545454545454,0.9985174664078202,0.030285123420179916,25.0,-0.043383374690289744,0.25,0.005579184613974844,0.208,0.488,0.304,0.52,0.52,nan,nan,0.02476690781581957,0.14227164437001108,0.0,0.9736842105263158,0.02631578947368421,0.20264298238406364,0.17235785896388373,2.841320204724195,20,20,2.716804027557373
1180,,0.11571044879931659,0.003403248494097547,0.11928471252322197,0.65,0.65,0.65,0.696969696969697,0.7894736842105263,0.5205479452054794,0.3424657534246575,0.136986301369863,0.5138964226422318,0.21029411764705883,0.21029411764705883,0.38235294117647056,0.44004205035356136,0.3598320937477116,30.0,-0.3207438276286628,0.3,0.05988457573659269,0.13013698630136986,0.815068493150685,0.0547945205479452,0.3424657534246575,0.3424657534246575,nan,nan,0.13760074088286847,0.46515417920152574,0.05042016806722689,0.125,0.125,0.2742059533567441,-0.08562614039096748,1.6722798872964415,20,20,20.153940677642822
1181,,0.1895273982822673,0.01895273982822673,0.025735918059945108,1.0,1.0,1.0,1.0,1.0,0.20863309352517986,0.7410071942446043,0.050359712230215826,0.45696356051135806,0.05,0.05,2.2,0.9983816245113908,0.030448773522111477,0.0,-0.05149889632274401,0.0,0.0,0.17985611510791366,0.5179856115107914,0.302158273381295,0.38848920863309355,0.38848920863309355,nan,nan,0.02952877577667555,0.14929002886934636,0.0,0.7857142857142857,0.023809523809523808,0.20458367482677148,0.17413490130466,2.7585501256821026,20,20,3.233008861541748
1182,,0.18335823063942183,0.006791045579237846,0.003338087350130081,1.0,1.0,1.0,1.0,1.0,0.18556701030927836,0.7474226804123711,0.06701030927835051,0.4943010719100669,0.1925925925925926,0.1925925925925926,4.925925925925926,0.9807443537963693,0.08276279206328369,15.384615384615385,-0.0636776457592587,0.15384615384615385,0.0542703525464316,0.12886597938144329,0.5876288659793815,0.28350515463917525,0.4793814432989691,0.4793814432989691,nan,nan,0.05654799952786959,0.27509579260785955,0.017543859649122806,0.8,0.05454545454545454,0.22284912512184396,0.14008633305856028,1.7543386105835599,20,20,7.586777448654175
1183,,0.07572487804559436,0.002103468834599843,0.10544354617595672,0.5,0.5,0.5,0.62,0.8095238095238095,0.5955882352941176,0.2426470588235294,0.16176470588235295,0.5206977228271878,0.23333333333333334,0.23333333333333334,0.3888888888888889,0.26761093462476887,0.29634147937490163,9.090909090909092,-0.3633508490844859,0.09090909090909091,0.08101213232424873,0.14705882352941177,0.8382352941176471,0.014705882352941176,0.2867647058823529,0.2867647058823529,nan,nan,0.15406531410972799,0.4355115312433405,0.10526315789473684,0.0,0.0,0.2173553682729733,-0.07898611110192832,1.4562154002273129,20,20,20.86201524734497
1184,,0.17909809864557846,0.007786873854155585,0.051740193367004396,1.0,1.0,1.0,1.0,1.0,0.03431372549019608,0.9166666666666666,0.049019607843137254,0.47360225463377464,0.058695652173913045,0.058695652173913045,6.0,0.9837420977415329,0.07658997622297387,20.0,-0.061033469757029855,0.2,0.014190897638668418,0.15196078431372548,0.35784313725490197,0.49019607843137253,0.36764705882352944,0.36764705882352944,nan,nan,0.047508159859506315,0.16358040955933895,0.0136986301369863,0.96,0.03,0.21968573891221868,0.14309576268924482,2.4702945763190445,20,20,7.529026508331299
1185,,0.1840981951657763,0.007363927806631052,-0.003600475192070007,1.0,1.0,1.0,1.0,1.0,0.15228426395939088,0.7868020304568528,0.06091370558375635,0.4871465546772815,0.138,0.138,5.64,0.9870181568028539,0.07743263367663375,25.0,-0.07099446015043422,0.25,0.05757042305874662,0.16243654822335024,0.27918781725888325,0.5583756345177665,0.2639593908629442,0.2639593908629442,nan,nan,0.07025859252944693,0.2962480367000989,0.01818181818181818,0.7636363636363637,0.045454545454545456,0.23250248940386534,0.1550698557272316,1.9008187031362895,20,20,8.498297214508057
1186,,0.1775285544834594,0.007718632803628669,0.020804329961538314,1.0,1.0,1.0,1.0,1.0,0.0,0.945,0.055,0.48675383091119684,0.034782608695652174,0.034782608695652174,6.739130434782608,0.9871724078764804,0.07554004005056278,18.181818181818183,-0.04377562752496926,0.18181818181818182,0.03113944641750216,0.17,0.08,0.75,0.09,0.09,nan,nan,0.0699847076926634,0.1384472412388941,0.0625,0.98,0.02,0.21736651840021454,0.14182647834965176,2.825680209984766,20,20,7.417450189590454
1187,,0.18788330104974377,0.005693433365143751,0.07996582463383675,0.95,0.95,0.95,0.9595959595959596,1.0,0.06282722513089005,0.8429319371727748,0.09424083769633508,0.5041034246498549,0.0893939393939394,0.0893939393939394,4.0606060606060606,0.7610330783123401,0.6408605066808905,22.22222222222222,-0.1193289018309766,0.2222222222222222,0.06509805915132547,0.1518324607329843,0.6387434554973822,0.2094240837696335,0.5916230366492147,0.5916230366492147,nan,nan,0.10818141903444467,0.32090743175353975,0.03278688524590164,0.875,0.05,0.5718834310526821,-0.06897707562820835,1.8469154013020932,20,20,9.243281602859497
1188,,0.17646815502104263,0.007352839792543443,-0.006956034898757934,1.0,1.0,1.0,1.0,1.0,0.004694835680751174,0.92018779342723,0.07511737089201878,0.45433900666339466,0.05625,0.05625,6.5,0.9860593472761663,0.07561765266748896,12.5,-0.07515279326669119,0.125,0.03820194398989403,0.15492957746478872,0.5164319248826291,0.3286384976525822,0.5070422535211268,0.5070422535211268,nan,nan,0.024575352597568795,0.0945708597694125,0.02727272727272727,1.0,0.0,0.21684791454745478,0.14123026187996582,2.57387800799156,20,20,7.779319524765015
1189,,0.17613700243292824,0.007658130540562097,0.02259898781776428,1.0,1.0,1.0,1.0,1.0,0.061224489795918366,0.8571428571428571,0.08163265306122448,0.49808293226752026,0.08695652173913043,0.08695652173913043,6.478260869565218,0.9818925339970697,0.09494360918085222,31.25,-0.05615197617263955,0.3125,0.02407205870698699,0.12755102040816327,0.5561224489795918,0.3163265306122449,0.5153061224489796,0.5153061224489796,nan,nan,0.03165639347024362,0.13547042582953592,0.027522935779816515,0.8870967741935484,0.04838709677419355,0.21452427196710916,0.11958066278625694,2.02112450011727,20,20,7.793849945068359
1190,,0.17648672896934262,0.007673336042145331,-0.01789373755455017,1.0,1.0,1.0,1.0,1.0,0.0,0.9073170731707317,0.09268292682926829,0.4722081635638302,0.09347826086956522,0.09347826086956522,5.869565217391305,0.984940909969993,0.0716305368612064,5.263157894736842,-0.11132558871145609,0.05263157894736842,0.02810964315430764,0.12682926829268293,0.5317073170731708,0.34146341463414637,0.5121951219512195,0.5121951219512195,nan,nan,0.03131756257680958,0.14669937983693854,0.045871559633027525,0.9857142857142858,0.014285714285714285,0.21741836084413985,0.14578782398293344,2.5308771418752625,20,20,8.083061218261719
1191,,0.1824018642830245,0.007600077678459354,-0.013709051720798015,1.0,1.0,1.0,1.0,1.0,0.031088082901554404,0.8704663212435233,0.09844559585492228,0.49098997440402553,0.0875,0.0875,7.041666666666667,0.9858977303171087,0.07581533653925274,31.57894736842105,-0.04983660835855947,0.3157894736842105,0.09015115206834247,0.18134715025906736,0.27979274611398963,0.538860103626943,0.2694300518134715,0.2694300518134715,nan,nan,0.06913118576978884,0.1549445002005181,0.037037037037037035,0.9423076923076923,0.04807692307692308,0.22013889999938863,0.1443235634601359,1.8939810278821134,20,20,8.733224391937256
1192,,0.17635706650491495,0.006298466660889819,-0.013009268045425414,1.0,1.0,1.0,1.0,1.0,0.1291866028708134,0.8086124401913876,0.06220095693779904,0.5032517386226183,0.0875,0.0875,3.892857142857143,0.9802187401186027,0.09064017751073433,38.46153846153847,-0.07785589471359558,0.38461538461538464,0.06144221853655607,0.18660287081339713,0.39712918660287083,0.41626794258373206,0.45933014354066987,0.45933014354066987,nan,nan,0.037182702383927006,0.13917808911020813,0.024096385542168676,0.8160919540229885,0.034482758620689655,0.2198020574170333,0.12916187990629896,2.293227664408964,20,20,8.298104047775269
1193,,0.1887100115724688,0.014516154736343755,-0.015048658847808838,1.0,1.0,1.0,1.0,1.0,0.04477611940298507,0.9477611940298507,0.007462686567164179,0.4658754419629426,0.0,0.0,2.6153846153846154,0.9975743861958,0.04006703497153358,0.0,-0.051554413106888713,0.0,0.0,0.1791044776119403,0.34328358208955223,0.47761194029850745,0.3208955223880597,0.3208955223880597,nan,nan,0.053081857094254836,0.2848467450445557,0.0,0.953125,0.0,0.21544241763497662,0.17537538266344305,2.5427024780776235,20,20,3.298022985458374
1194,,0.18209155581259368,0.005873921155244957,-0.008376215398311616,1.0,1.0,1.0,1.0,1.0,0.007407407407407408,0.9111111111111111,0.08148148148148149,0.4789966662639692,0.07741935483870968,0.07741935483870968,8.419354838709678,0.9841562048953404,0.09048223328427357,18.181818181818183,-0.1063583994463308,0.18181818181818182,0.09448964638860989,0.12222222222222222,0.26296296296296295,0.6148148148148148,0.2851851851851852,0.2851851851851852,nan,nan,0.060567206833771634,0.16217125821527942,0.014084507042253521,0.9457831325301205,0.04216867469879518,0.22472210649811197,0.1342398732138384,2.581412056439772,20,20,13.158728837966919
1195,,0.1789139739043129,0.0071565589561725165,0.013861551508307457,1.0,1.0,1.0,1.0,1.0,0.3,0.625,0.075,0.502309929933399,0.228,0.228,3.48,0.9895784333192343,0.07033628963347668,33.33333333333333,-0.042052521259131996,0.3333333333333333,0.07002332784692047,0.155,0.395,0.45,0.315,0.315,nan,nan,0.07631148814351865,0.2611500571894708,0.0379746835443038,0.6777777777777778,0.05555555555555555,0.21171186983477924,0.14137558020130256,2.0737165508414352,20,20,8.552632093429565
1196,,0.1447743595667498,0.0038098515675460474,0.08673383183777332,0.85,0.85,0.85,0.8592233009708737,0.9333333333333333,0.6277777777777778,0.28888888888888886,0.08333333333333333,0.5255263769071845,0.21052631578947367,0.21052631578947367,0.5,0.7147094044413698,0.30390281420573517,6.666666666666667,-0.2446926366046919,0.06666666666666667,0.024880939196643803,0.1388888888888889,0.4444444444444444,0.4166666666666667,0.3277777777777778,0.3277777777777778,nan,nan,0.09020519790514041,0.33777359212239594,0.025,0.06666666666666667,0.06666666666666667,0.21323246554829925,-0.09067034865743591,1.9923886046568056,20,20,17.693843126296997
1197,,0.1125061156603992,0.0023937471417106214,0.10022908002138138,0.65,0.65,0.65,0.7622641509433963,0.9393939393939394,0.22115384615384615,0.6201923076923077,0.15865384615384615,0.5266929176876921,0.19361702127659575,0.19361702127659575,1.6382978723404256,0.4910529413366117,0.3213692527541283,30.303030303030305,-0.30545363973873635,0.30303030303030304,0.1508205139944022,0.11538461538461539,0.7307692307692307,0.15384615384615385,0.5048076923076923,0.5048076923076923,nan,nan,0.11399765151657887,0.38481813158058203,0.10526315789473684,0.71875,0.15625,0.2374327187061881,-0.08393653404794021,1.7778017870422487,20,20,22.333096027374268
1198,,0.1741707975859501,0.006966831903438005,-0.007274037227034569,1.0,1.0,1.0,1.0,1.0,0.03571428571428571,0.9387755102040817,0.025510204081632654,0.48615674967551603,0.04,0.04,7.16,0.9689616814145556,0.12547641302359314,60.0,-0.03797605576319068,0.6,0.01792093812919432,0.1377551020408163,0.5357142857142857,0.32653061224489793,0.5408163265306123,0.5408163265306123,nan,nan,0.0336443440158915,0.13016288821393757,0.009523809523809525,0.953125,0.03125,0.2399403615149331,0.11446394849133994,2.4409869213163375,20,20,7.567034482955933
1199,,0.18264138517819242,0.007305655407127697,-0.023002029955387117,1.0,1.0,1.0,1.0,1.0,0.19796954314720813,0.7461928934010152,0.05583756345177665,0.5097886842852458,0.156,0.156,4.84,0.9916404510055309,0.06421689764699429,9.090909090909092,-0.0789118493749235,0.09090909090909091,0.0192486793083933,0.17766497461928935,0.4365482233502538,0.38578680203045684,0.36548223350253806,0.36548223350253806,nan,nan,0.053707122017827326,0.22501563521740736,0.0,0.8026315789473685,0.02631578947368421,0.2222962474080929,0.1580793497610986,2.5248676600005404,20,20,7.217207908630371
1200,,0.17388948698244466,0.0040439415577312714,-0.007252544909715652,0.95,0.95,0.95,0.9923664122137404,1.0,0.16153846153846155,0.7269230769230769,0.11153846153846154,0.522711126435938,0.21511627906976744,0.21511627906976744,3.86046511627907,0.9548940707402651,0.16620520352298207,27.586206896551722,-0.11456692194758228,0.27586206896551724,0.12679125082260015,0.1423076923076923,0.5923076923076923,0.2653846153846154,0.4076923076923077,0.4076923076923077,nan,nan,0.06765270368362887,0.2887790721203815,0.08441558441558442,0.8985507246376812,0.014492753623188406,0.21578468126569816,0.049579477742716094,2.2586907981875153,20,20,13.951573133468628
1201,,0.128922836620091,0.0026310782983692037,0.07351257180174192,0.7,0.7,0.7,0.846441947565543,0.95,0.36796536796536794,0.45454545454545453,0.1774891774891775,0.5167930475494359,0.34285714285714286,0.34285714285714286,1.6938775510204083,0.5764767339984127,0.3116296354226205,34.146341463414636,-0.06934632823120165,0.34146341463414637,0.251786411251248,0.09523809523809523,0.7575757575757576,0.1471861471861472,0.36363636363636365,0.36363636363636365,nan,nan,0.1178197213585338,0.4499507844720812,0.15428571428571428,0.7941176470588235,0.058823529411764705,0.25069113972003,-0.06093849570259051,1.605285233478451,20,20,24.287216663360596
1202,,0.18243581230173536,0.004930697629776631,0.015501958690583706,1.0,1.0,1.0,1.0,1.0,0.054901960784313725,0.8588235294117647,0.08627450980392157,0.4890408955457797,0.1554054054054054,0.1554054054054054,6.054054054054054,0.9726277550247117,0.145129048032466,18.181818181818183,-0.14465761532818663,0.18181818181818182,0.0860850764571613,0.12549019607843137,0.611764705882353,0.2627450980392157,0.5529411764705883,0.5529411764705883,nan,nan,0.04553725269919941,0.21029341240198268,0.038461538461538464,0.9552238805970149,0.029850746268656716,0.25006866482391277,0.10493961679144675,2.2312436819681656,20,20,13.409022808074951
1203,,0.18006002344724217,0.006002000781574739,-0.0017017452046275139,1.0,1.0,1.0,1.0,1.0,0.4195121951219512,0.5024390243902439,0.07804878048780488,0.5187449135029844,0.25833333333333336,0.25833333333333336,2.033333333333333,0.9764402654588973,0.11878740882359703,25.0,-0.18354456925159549,0.25,0.049627833685321,0.11219512195121951,0.4097560975609756,0.47804878048780486,0.3170731707317073,0.3170731707317073,nan,nan,0.08879789199913733,0.28471624156135444,0.011904761904761904,0.4897959183673469,0.08163265306122448,0.25328732724283026,0.13449991841923323,1.9209494532640694,20,20,14.406333446502686
1204,,0.17851096160613508,0.007437956733588962,-0.032536392100155354,1.0,1.0,1.0,1.0,1.0,0.02926829268292683,0.9560975609756097,0.014634146341463415,0.47440086653320274,0.014583333333333334,0.014583333333333334,6.458333333333333,0.9831698351138521,0.08670142484253054,0.0,-0.11077801372328287,0.0,0.0,0.14146341463414633,0.44878048780487806,0.4097560975609756,0.44878048780487806,0.44878048780487806,nan,nan,0.03637301570744164,0.13610885459581812,0.0,1.0,0.0,0.23151281769815354,0.144811392855623,2.82828147977369,20,20,8.030800104141235
1205,,0.191368566087179,0.0191368566087179,0.005330759100615978,1.0,1.0,1.0,1.0,1.0,0.30158730158730157,0.6746031746031746,0.023809523809523808,0.4626928293239325,0.02,0.02,1.2,0.9995063396400699,0.015886963440776364,66.66666666666666,-0.005946521859870178,0.6666666666666666,0.011063154344165969,0.20634920634920634,0.24603174603174602,0.5476190476190477,0.2698412698412698,0.2698412698412698,nan,nan,0.044654105314925086,0.27316979993879814,0.0,0.5217391304347826,0.028985507246376812,0.19808869124378856,0.1822017278030122,2.5258986085165924,20,20,2.9474167823791504
1206,,0.1821407130609151,0.008279123320950686,-0.012225160002708435,1.0,1.0,1.0,1.0,1.0,0.010526315789473684,0.9631578947368421,0.02631578947368421,0.4957829563486898,0.011363636363636364,0.011363636363636364,6.7727272727272725,0.9872720693005882,0.06697397042020012,40.0,-0.07229570427767365,0.4,0.03301616305746208,0.1631578947368421,0.3,0.5368421052631579,0.32105263157894737,0.32105263157894737,nan,nan,0.05016136610673677,0.1835447853504725,0.0,0.9803921568627451,0.0196078431372549,0.21384294810893184,0.14686897768873172,2.720327649876805,20,20,7.039834976196289
1207,,0.17899927635772445,0.007458303181571852,0.013646431267261505,1.0,1.0,1.0,1.0,1.0,0.04878048780487805,0.9219512195121952,0.02926829268292683,0.5025750803586562,0.06041666666666667,0.06041666666666667,6.958333333333333,0.9821624194289122,0.07834452266057171,16.666666666666664,-0.08737858329713281,0.16666666666666666,0.053357073788277753,0.12195121951219512,0.5170731707317073,0.36097560975609755,0.4975609756097561,0.4975609756097561,nan,nan,0.032849606487755874,0.12739182887636794,0.009433962264150943,0.9594594594594594,0.0,0.2217532378368405,0.1434087151762688,2.538507423737221,20,20,8.066444873809814
1208,,0.17289541445099949,0.003929441237522716,-0.009758379558722179,1.0,1.0,1.0,1.0,1.0,0.1890909090909091,0.6909090909090909,0.12,0.5119646833788879,0.22386363636363638,0.22386363636363638,3.3863636363636362,0.9896017080072279,0.058741684941900574,33.33333333333333,-0.09164576300230487,0.3333333333333333,0.1201047162809239,0.12727272727272726,0.5563636363636364,0.31636363636363635,0.48363636363636364,0.48363636363636364,nan,nan,0.0668452908992559,0.34898044059334904,0.08496732026143791,0.7586206896551724,0.10344827586206896,0.20407511614346302,0.14533343120156245,2.4270227226274423,20,20,13.650084495544434
1209,,0.19003215222494438,0.01727565020226767,-0.0017660956829786301,1.0,1.0,1.0,1.0,1.0,0.2230769230769231,0.7692307692307693,0.007692307692307693,0.4724538470237431,0.02727272727272727,0.02727272727272727,1.6363636363636365,0.9981833542537181,0.030224224316326737,100.0,0.04109486966530778,1.0,0.04109486966530778,0.19230769230769232,0.34615384615384615,0.46153846153846156,0.27692307692307694,0.27692307692307694,nan,nan,0.05057899785850235,0.26616424978539827,0.022222222222222223,0.7833333333333333,0.0,0.20865791409528622,0.1784336897789595,2.330135753874373,20,20,2.92166805267334
1210,,0.18055859107141045,0.006687355224867054,-0.014763840287923814,1.0,1.0,1.0,1.0,1.0,0.10050251256281408,0.8542713567839196,0.04522613065326633,0.4995262699356923,0.1111111111111111,0.1111111111111111,5.888888888888889,0.9779502788675004,0.11137581548726663,55.55555555555556,-0.027497243589579022,0.5555555555555556,0.03252822476264779,0.1407035175879397,0.6683417085427136,0.19095477386934673,0.592964824120603,0.592964824120603,nan,nan,0.06451921660931777,0.31359530044740264,0.022556390977443608,0.8947368421052632,0.07894736842105263,0.2562999923266177,0.14492417683935108,2.076154665096294,20,20,7.975440502166748
1211,,0.17818896231042902,0.007127558492417161,-3.324486315250397e-05,1.0,1.0,1.0,1.0,1.0,0.1116751269035533,0.8426395939086294,0.04568527918781726,0.5015162809806935,0.11,0.11,5.44,0.9446479977102027,0.20216688981339026,11.11111111111111,-0.05177973246299602,0.1111111111111111,0.062093739244323404,0.15736040609137056,0.5126903553299492,0.3299492385786802,0.4213197969543147,0.4213197969543147,nan,nan,0.07448834127941045,0.358999170360151,0.0297029702970297,0.8923076923076924,0.015384615384615385,0.258158321658005,0.05599143184461476,2.0969318795406715,20,20,8.07535457611084
1212,,0.19062370880847812,0.019062370880847813,0.0009796722326427699,1.0,1.0,1.0,1.0,1.0,0.13846153846153847,0.8461538461538461,0.015384615384615385,0.4772107222059276,0.015,0.015,1.7,0.9992852799761585,0.021802838107598005,50.0,-0.03809163509758014,0.5,0.005079944571869312,0.2230769230769231,0.16923076923076924,0.6076923076923076,0.13076923076923078,0.13076923076923078,nan,nan,0.04242230760293234,0.21313689879326683,0.045454545454545456,0.8987341772151899,0.0,0.20368652745124097,0.18188368934364296,2.692518399502344,20,20,2.6590588092803955
1213,,0.16678151589901294,0.0047651861685432265,-0.010872121714055539,0.95,0.95,0.95,0.9593908629441624,1.0,0.021052631578947368,0.9105263157894737,0.06842105263157895,0.5187404561449408,0.04857142857142857,0.04857142857142857,4.085714285714285,0.8823151951164987,0.30384122457679735,15.384615384615385,-0.06644763279645152,0.15384615384615385,0.062162108450218696,0.17894736842105263,0.14736842105263157,0.6736842105263158,0.1631578947368421,0.1631578947368421,nan,nan,0.0666198133417495,0.20301678157147335,0.0,0.9453125,0.03125,0.22461848778457905,-0.0792227367922183,2.3758226661962056,20,20,8.45157790184021
1214,,0.19088674317315774,0.019088674317315774,-0.008866538014262914,1.0,1.0,1.0,1.0,1.0,0.23880597014925373,0.7313432835820896,0.029850746268656716,0.43124949108809235,0.025,0.025,2.4,0.9982657404735743,0.037625044923448286,25.0,-0.02384936126230012,0.25,0.013998367576970622,0.15671641791044777,0.5746268656716418,0.26865671641791045,0.44776119402985076,0.44776119402985076,nan,nan,0.04475297831035316,0.2561353096999866,0.012987012987012988,0.7222222222222222,0.05555555555555555,0.21660751750525023,0.17898247258180194,2.605099159452465,20,20,2.792874574661255
1215,,0.17891108735741698,0.00470818650940571,0.05044313706457615,0.95,0.95,0.95,0.9925093632958801,1.0,0.07116104868913857,0.8202247191011236,0.10861423220973783,0.518555117511431,0.175,0.175,5.7368421052631575,0.9453748430829388,0.22479165964331005,17.24137931034483,-0.17527106896852854,0.1724137931034483,0.1029005552278548,0.14606741573033707,0.2808988764044944,0.5730337078651685,0.23220973782771537,0.23220973782771537,nan,nan,0.08924587338186125,0.290993668225985,0.09333333333333334,0.9411764705882353,0.0457516339869281,0.2436529395210771,0.018861279877767062,2.642830999747462,20,20,14.604594469070435
1216,,0.19096072928655142,0.017360066298777403,-0.02307779062539339,1.0,1.0,1.0,1.0,1.0,0.024390243902439025,0.9349593495934959,0.04065040650406504,0.47917941564969213,0.00909090909090909,0.00909090909090909,4.363636363636363,0.9984367938081958,0.03269580049338708,20.0,-0.008571944197704393,0.2,0.004316020255372571,0.21951219512195122,0.2926829268292683,0.4878048780487805,0.2601626016260163,0.2601626016260163,nan,nan,0.053521331511449395,0.2943808362932616,0.08333333333333333,0.9666666666666667,0.016666666666666666,0.2096655939964164,0.17696979350302933,3.29957365417804,20,20,3.2857792377471924
1217,,0.2146597251395848,0.017888310428298734,-0.01860545314848423,1.0,1.0,1.0,1.0,1.0,0.4740740740740741,0.4148148148148148,0.1111111111111111,0.46847991216539714,0.06666666666666667,0.06666666666666667,1.3333333333333333,0.9843320662654947,0.08927951654187663,33.33333333333333,-0.01998860392888465,0.3333333333333333,0.006490245322203161,0.17777777777777778,0.24444444444444444,0.5777777777777777,0.17037037037037037,0.17037037037037037,nan,nan,0.14201618422223772,1.0039829733799732,0.15151515151515152,0.3974358974358974,0.08974358974358974,0.26611036883104056,0.17683085228916393,1.5711334671393207,20,20,6.364788770675659
1218,,0.17376507637850636,0.0072402115157710984,-0.008018746227025985,1.0,1.0,1.0,1.0,1.0,0.0851063829787234,0.8936170212765957,0.02127659574468085,0.4965265790281895,0.03958333333333333,0.03958333333333333,7.0,0.9736915769229484,0.11271645677664043,0.0,-0.07347187030203485,0.0,0.0,0.14893617021276595,0.44680851063829785,0.40425531914893614,0.43617021276595747,0.43617021276595747,nan,nan,0.0502022534240669,0.2336841234920679,0.011904761904761904,0.9342105263157895,0.013157894736842105,0.22836311077497898,0.11564665399833855,2.8072740147990562,20,20,7.009166955947876
1219,,0.18500469223512683,0.007400187689405074,0.03602019809186459,1.0,1.0,1.0,1.0,1.0,0.024154589371980676,0.9371980676328503,0.03864734299516908,0.49960407653590666,0.028,0.028,6.92,0.9801036525072727,0.10102460363093765,12.5,-0.055941673940355,0.125,0.0027822255402489005,0.15458937198067632,0.391304347826087,0.45410628019323673,0.37681159420289856,0.37681159420289856,nan,nan,0.04771178069376894,0.13257777831616177,0.024691358024691357,0.9787234042553191,0.010638297872340425,0.24779318984158372,0.14676858621064606,2.970097129898395,20,20,7.722418785095215
1220,,0.20151145896893846,0.014393675640638462,-0.019136448763310908,1.0,1.0,1.0,1.0,1.0,0.28125,0.671875,0.046875,0.47114840068555036,0.039285714285714285,0.039285714285714285,1.7857142857142858,0.986931315793396,0.08678768625887584,66.66666666666666,0.008571770856605139,0.6666666666666666,0.018943423506335377,0.171875,0.40625,0.421875,0.2890625,0.2890625,nan,nan,0.10730568954960948,0.4214213078851539,0.09615384615384616,0.7037037037037037,0.018518518518518517,0.2650542336566404,0.17826654739776454,1.834061525963658,20,20,3.7986702919006348
1221,,0.1602356580214764,0.00390818678101162,0.027589200188716252,0.95,0.95,0.95,0.9844357976653697,1.0,0.031496062992125984,0.9212598425196851,0.047244094488188976,0.4960256638360301,0.04878048780487805,0.04878048780487805,6.170731707317073,0.8714417955251518,0.29597108714626097,25.0,-0.09744876258113504,0.25,0.09889702503597982,0.12992125984251968,0.421259842519685,0.44881889763779526,0.4015748031496063,0.4015748031496063,nan,nan,0.05431253992202269,0.2364298021927936,0.028037383177570093,0.9649122807017544,0.02631578947368421,0.21995223116822835,-0.07601885597803262,2.6121210253261964,20,20,13.395514965057373
1222,,0.18887352766237225,0.017170320696579297,8.259434252977371e-05,1.0,1.0,1.0,1.0,0.0,0.032,0.968,0.0,0.45971129347824236,0.004545454545454545,0.004545454545454545,2.4545454545454546,0.9974878626816784,0.04007662840040799,0.0,0.0,0.0,0.0,0.184,0.528,0.288,0.496,0.496,nan,nan,0.04217269480986414,0.23912507102499309,0.0,1.0,0.0,0.2122118333116173,0.17213520491120932,2.5822364465179817,20,20,2.9225034713745117
1223,,0.17327002214314882,0.00641740822752403,0.07721307799220085,0.95,0.95,0.95,0.9951690821256038,1.0,0.014492753623188406,0.9710144927536232,0.014492753623188406,0.4735498386738106,0.018518518518518517,0.018518518518518517,6.925925925925926,0.9251064937950637,0.2618629028568116,0.0,-0.11545175699865733,0.0,0.0,0.13526570048309178,0.4106280193236715,0.45410628019323673,0.3961352657004831,0.3961352657004831,nan,nan,0.0948513748673697,0.3611633317883903,0.0,1.0,0.0,0.26330159960192445,0.0014386967451128496,3.202095856637939,20,20,9.834017276763916
1224,,0.1654162501285465,0.006126527782538759,0.06231033466756344,0.9,0.9,0.9,0.9507042253521126,0.0,0.043795620437956206,0.9562043795620438,0.0,0.48882826051482914,0.0,0.0,1.1851851851851851,0.8417518013799764,0.2736885959426328,0.0,0.0,0.0,0.0,0.1897810218978102,0.24087591240875914,0.5693430656934306,0.23357664233576642,0.23357664233576642,nan,nan,0.05143579090352131,0.2254016301838255,0.0,0.9615384615384616,0.0,0.2037481491419841,-0.06994044680064866,2.217808727240452,20,20,5.097823143005371
1225,,0.1421068176992367,0.00308927864563558,0.053951839357614516,0.85,0.85,0.85,0.9056603773584906,1.0,0.024390243902439025,0.9065040650406504,0.06910569105691057,0.5076525416274545,0.06304347826086956,0.06304347826086956,5.630434782608695,0.7424287466599344,0.31130286692970666,17.647058823529413,-0.02849273784113519,0.17647058823529413,0.32295786206187876,0.10569105691056911,0.6666666666666666,0.22764227642276422,0.6382113821138211,0.6382113821138211,nan,nan,0.06361685220873915,0.18962719632831948,0.03048780487804878,0.9642857142857143,0.017857142857142856,0.22975496648381843,-0.08154790044588825,1.7842176154004104,20,20,19.03522229194641
1226,,0.16760569761371846,0.005779506814266154,0.03350306786596775,0.95,0.95,0.95,0.9646464646464646,1.0,0.025906735751295335,0.927461139896373,0.046632124352331605,0.4910751069378076,0.034482758620689655,0.034482758620689655,5.103448275862069,0.8833753941062481,0.30228552356197436,44.44444444444444,-0.03434766786944427,0.4444444444444444,0.03383026798591065,0.20207253886010362,0.29533678756476683,0.5025906735751295,0.31088082901554404,0.31088082901554404,nan,nan,0.06676816989439247,0.2624402804916637,0.017543859649122806,0.9484536082474226,0.041237113402061855,0.22207294452534218,-0.0802125790366322,2.5214656015934813,20,20,8.437234163284302
1227,,0.16004027425622522,0.0037218668431680283,0.004390171791116396,0.95,0.95,0.95,0.9601593625498008,0.9411764705882353,0.03305785123966942,0.8966942148760331,0.07024793388429752,0.4818122104452625,0.07674418604651163,0.07674418604651163,5.604651162790698,0.8598082980881623,0.2948151621598631,17.647058823529413,-0.23068911265751282,0.17647058823529413,0.021946284210579693,0.14049586776859505,0.384297520661157,0.47520661157024796,0.3925619834710744,0.3925619834710744,nan,nan,0.07316016575290302,0.22898126355386847,0.0,0.9478260869565217,0.043478260869565216,0.2289454046169846,-0.0658697575428785,2.0610617969045455,20,20,20.733851671218872
1228,,0.18253366158347803,0.008692079123022764,0.013730888441205024,1.0,1.0,1.0,1.0,1.0,0.005208333333333333,0.96875,0.026041666666666668,0.4810698226227292,0.023809523809523808,0.023809523809523808,7.809523809523809,0.9861719758249929,0.06962466137571502,20.0,-0.0757769043944456,0.2,0.05302553516113298,0.22916666666666666,0.3854166666666667,0.3854166666666667,0.3958333333333333,0.3958333333333333,nan,nan,0.0536236366345621,0.1965917811297675,0.0,0.9864864864864865,0.013513513513513514,0.2200122261776587,0.15038756480194368,2.7025719433138,20,20,6.434036493301392
1229,,0.16940196806016591,0.005293811501880185,0.1429107181727886,0.85,0.85,0.85,0.9207920792079208,1.0,0.042328042328042326,0.9259259259259259,0.031746031746031744,0.4978052473965363,0.0390625,0.0390625,3.96875,0.5559131113129129,0.7766909968813362,33.33333333333333,-0.05226631407536697,0.3333333333333333,0.08538307218825715,0.15873015873015872,0.37037037037037035,0.4708994708994709,0.37037037037037035,0.37037037037037035,nan,nan,0.1695256989132287,1.414142740139825,0.02857142857142857,0.9550561797752809,0.02247191011235955,0.7083712411737647,-0.06831975570757153,2.2945898712768678,20,20,13.470107555389404
1230,,0.18100766388623632,0.0067039875513420855,0.03216356746852398,0.95,0.95,0.95,0.9612403100775194,0.0,0.176,0.824,0.0,0.501719475829008,0.009259259259259259,0.009259259259259259,0.7037037037037037,0.884574701931051,0.30700660906829846,0.0,0.0,0.0,0.0,0.176,0.72,0.104,0.552,0.552,nan,nan,0.10384540468869388,0.6262431729751178,0.0,0.9230769230769231,0.0,0.24043814146925702,-0.06656846759904142,1.851300331429087,20,20,6.4618024826049805
1231,,0.16173058583735883,0.005391019527911961,0.0028541557490825652,0.95,0.95,0.95,0.9565217391304348,1.0,0.025,0.965,0.01,0.4799610997965404,0.013333333333333334,0.013333333333333334,4.933333333333334,0.8809259683538065,0.3051756246245276,0.0,-0.09619741422667956,0.0,0.0,0.14,0.555,0.305,0.555,0.555,nan,nan,0.047714883614034226,0.2856853791193146,0.0,0.9836065573770492,0.0,0.2256963049826709,-0.07947931964185666,2.505502305919267,20,20,9.097899436950684
1232,,0.18878394085649502,0.017162176441499546,-0.0012299574911594391,1.0,1.0,1.0,1.0,1.0,0.051470588235294115,0.9411764705882353,0.007352941176470588,0.44541941827205433,0.01818181818181818,0.01818181818181818,2.6363636363636362,0.9986776134709054,0.02816551496658906,0.0,-0.01848615904384461,0.0,0.0,0.20588235294117646,0.41911764705882354,0.375,0.3897058823529412,0.3897058823529412,nan,nan,0.035090140805117846,0.16394114741240098,0.0,0.9803921568627451,0.0,0.20510052389788744,0.17693500893129838,2.7548178965519745,20,20,3.036044120788574
1233,,0.16858231467400844,0.005619410489133615,0.09381210207939147,0.9,0.9,0.9,0.9622641509433962,1.0,0.04830917874396135,0.9323671497584541,0.01932367149758454,0.4843250120357455,0.03166666666666667,0.03166666666666667,5.8,0.8543724160757418,0.3117066962494208,0.0,-0.1543726376446947,0.0,0.0,0.1497584541062802,0.2222222222222222,0.6280193236714976,0.2318840579710145,0.2318840579710145,nan,nan,0.1128589627617761,0.27995759450087976,0.0,0.9384615384615385,0.015384615384615385,0.2418510512953867,-0.06985564495403415,2.899472953738994,20,20,12.412759065628052
1234,,0.19092882391640048,0.015910735326366707,-0.016255556046962737,1.0,1.0,1.0,1.0,0.0,0.07086614173228346,0.9291338582677166,0.0,0.44720228082733227,0.016666666666666666,0.016666666666666666,2.1666666666666665,0.9983413345047245,0.03501997426356407,0.0,0.0,0.0,0.0,0.1968503937007874,0.5748031496062992,0.2283464566929134,0.5039370078740157,0.5039370078740157,nan,nan,0.0474478048177603,0.2965073513710221,0.0,1.0,0.0,0.21288981191260742,0.17786983764904335,2.689797502566275,20,20,2.963088035583496
1235,,0.1564165683152611,0.005393674769491762,0.04144050478935242,0.95,0.95,0.95,0.9798994974874372,1.0,0.08040201005025126,0.8693467336683417,0.05025125628140704,0.482041448222951,0.08793103448275862,0.08793103448275862,4.827586206896552,0.8733463890018957,0.28131047332564496,10.0,-0.13807731632545564,0.1,0.01960326462454537,0.18592964824120603,0.4321608040201005,0.38190954773869346,0.41708542713567837,0.41708542713567837,nan,nan,0.06653342850410982,0.28626959306805033,0.0,0.9342105263157895,0.013157894736842105,0.2174780665174866,-0.06383240680815838,2.2457389348780787,20,20,11.96595025062561
1236,,0.19528707480565832,0.017753370436878028,0.0016535641625523567,1.0,1.0,1.0,1.0,0.0,0.1746031746031746,0.8174603174603174,0.007936507936507936,0.4775689036670056,0.013636363636363636,0.013636363636363636,3.090909090909091,0.996173133710661,0.05229830263573873,100.0,0.02164057412626401,1.0,0.02164057412626401,0.24603174603174602,0.4603174603174603,0.29365079365079366,0.3333333333333333,0.3333333333333333,nan,nan,0.07019434271706278,0.39939864247111245,0.017241379310344827,0.8108108108108109,0.0,0.22961369442016794,0.1773153917844292,2.679776826130691,20,20,3.308746337890625
1237,,0.19033468021652197,0.01586122335137683,-0.007521207723766565,1.0,1.0,1.0,1.0,0.0,0.07377049180327869,0.9262295081967213,0.0,0.45559710143425036,0.004166666666666667,0.004166666666666667,3.5,0.997816384535006,0.03432350873507348,0.0,0.0,0.0,0.0,0.1885245901639344,0.32786885245901637,0.48360655737704916,0.29508196721311475,0.29508196721311475,nan,nan,0.05800772253350778,0.3039682597302328,0.0,0.9830508474576272,0.0,0.2069822572040078,0.17265874846893434,3.2337990735153554,20,20,3.1139256954193115
1238,,0.16135781653310471,0.004745818133326609,0.013857694156467915,1.0,1.0,1.0,1.0,1.0,0.00423728813559322,0.9830508474576272,0.012711864406779662,0.47615284987841733,0.010294117647058823,0.010294117647058823,8.676470588235293,0.963696358430911,0.10742458776467621,0.0,-0.1341631974272728,0.0,0.0,0.1016949152542373,0.5550847457627118,0.3432203389830508,0.5508474576271186,0.5508474576271186,nan,nan,0.047625581939701726,0.24012906586367405,0.0,1.0,0.0,0.2240726774940376,0.11664808972936137,2.4737811709787954,20,20,12.071455478668213
1239,,0.1726987119234359,0.006907948476937435,-0.07057136781513691,1.0,1.0,1.0,1.0,1.0,0.05238095238095238,0.9142857142857143,0.03333333333333333,0.46934919884987175,0.042,0.042,7.0,0.9784385273674774,0.09584019846441877,14.285714285714285,-0.04399898490506796,0.14285714285714285,0.0002080369260727688,0.14285714285714285,0.5476190476190477,0.30952380952380953,0.5380952380952381,0.5380952380952381,nan,nan,0.03441131412051794,0.19154032869911325,0.008695652173913044,0.9692307692307692,0.015384615384615385,0.22307763977310568,0.12723744130868692,2.53570633105704,20,20,8.018471479415894
1240,,0.1828075346832371,0.00703105902627835,0.00245115477591753,1.0,1.0,1.0,1.0,1.0,0.04975124378109453,0.9303482587064676,0.01990049751243781,0.47770732393826343,0.04423076923076923,0.04423076923076923,6.3076923076923075,0.9840755068468526,0.08085521145634214,25.0,-0.038415629405347235,0.25,0.10777373355101262,0.1890547263681592,0.1691542288557214,0.6417910447761194,0.15422885572139303,0.15422885572139303,nan,nan,0.08970937195793997,0.31567795272234633,0.029411764705882353,0.9689922480620154,0.0,0.22745871735920092,0.14660350590285878,2.5951831941002808,20,20,8.711419343948364
1241,,0.17227959882299718,0.004306989970574929,-0.018056652260323366,1.0,1.0,1.0,1.0,1.0,0.09505703422053231,0.8669201520912547,0.03802281368821293,0.47403263027801584,0.10125,0.10125,6.45,0.978926153021596,0.08487614306783545,0.0,-0.20616727266613522,0.0,0.0,0.10646387832699619,0.5779467680608364,0.3155893536121673,0.5361216730038023,0.5361216730038023,nan,nan,0.048139484342521556,0.2548272490446199,0.019736842105263157,0.891566265060241,0.012048192771084338,0.20916690196450624,0.1242907588966708,2.4345438820611514,20,20,14.089797019958496
1242,,0.19161732956553693,0.014739794581964378,-0.011949484050273896,1.0,1.0,1.0,1.0,1.0,0.1417910447761194,0.8507462686567164,0.007462686567164179,0.46336307774942653,0.023076923076923078,0.023076923076923078,1.6923076923076923,0.9979949696931478,0.033426428054849744,100.0,0.0018573835135538633,1.0,0.0018573835135538633,0.16417910447761194,0.44029850746268656,0.39552238805970147,0.35074626865671643,0.35074626865671643,nan,nan,0.06002637053250293,0.3851300811036574,0.01694915254237288,0.8867924528301887,0.0,0.20600029180438875,0.172573863749539,2.593517218121832,20,20,4.173106908798218
1243,,0.15418377870552138,0.004672235718349133,0.033507101610302924,0.9,0.9,0.9,0.9346733668341709,1.0,0.06914893617021277,0.9042553191489362,0.026595744680851064,0.4816322107857559,0.031818181818181815,0.031818181818181815,4.181818181818182,0.8361161847763129,0.2785083506625488,40.0,-0.034093145624448935,0.4,0.00362291851778003,0.13297872340425532,0.5691489361702128,0.2978723404255319,0.5106382978723404,0.5106382978723404,nan,nan,0.06394156708022569,0.33906841243916225,0.009345794392523364,0.9821428571428571,0.017857142857142856,0.21668180921372562,-0.06182654144882317,2.4835766343120858,20,20,9.906363248825073
1244,,0.19526389627644983,0.013947421162603559,0.016483208164572716,1.0,1.0,1.0,1.0,1.0,0.1885245901639344,0.8032786885245902,0.00819672131147541,0.45574168450215696,0.02142857142857143,0.02142857142857143,1.7142857142857142,0.9957613825345479,0.044660283878733165,100.0,0.12938314277449775,1.0,0.12938314277449775,0.13934426229508196,0.6885245901639344,0.1721311475409836,0.5163934426229508,0.5163934426229508,nan,nan,0.08253051096600882,0.4810043210687959,0.011904761904761904,0.9523809523809523,0.0,0.21899512362558776,0.1743348397468546,2.521603236256175,20,20,3.9334020614624023
1245,,0.18370130865848092,0.0076542211941033715,0.01394040659070015,0.95,0.95,0.95,0.9632352941176471,1.0,0.49242424242424243,0.4393939393939394,0.06818181818181818,0.47024063882430106,0.03333333333333333,0.03333333333333333,0.625,0.9224686542834891,0.28740055317525487,33.33333333333333,-0.0038559945843038104,0.3333333333333333,0.0177684003634799,0.1590909090909091,0.25757575757575757,0.5833333333333334,0.17424242424242425,0.17424242424242425,nan,nan,0.08557609666686186,0.4776710245772097,0.058823529411764705,0.35064935064935066,0.07792207792207792,0.24873475388671523,-0.03866579928853962,1.9098048255309883,20,20,7.640076637268066
1246,,0.16346123172917343,0.0068108846553822265,0.09380678907036781,0.9,0.9,0.9,0.9285714285714286,0.0,0.025210084033613446,0.9747899159663865,0.0,0.45835770110958646,0.0020833333333333333,0.0020833333333333333,1.375,0.8151546599626623,0.2843138182961632,0.0,0.0,0.0,0.0,0.25210084033613445,0.31932773109243695,0.42857142857142855,0.31932773109243695,0.31932773109243695,nan,nan,0.0632201575239733,0.399142378449218,0.0,0.9411764705882353,0.0,0.21134461944533253,-0.0729691988508307,2.5150362539313837,20,20,4.533954858779907
1247,,0.1710375315763687,0.004751042543788019,0.009519180469214916,0.95,0.95,0.95,0.979381443298969,1.0,0.031413612565445025,0.9633507853403142,0.005235602094240838,0.47270653041228394,0.0125,0.0125,4.944444444444445,0.9072076335805097,0.2690143506989722,0.0,-0.13592915487125146,0.0,0.0,0.1256544502617801,0.39267015706806285,0.4816753926701571,0.36649214659685864,0.36649214659685864,nan,nan,0.07796996242969909,0.30585624319399796,0.0,0.9891304347826086,0.0,0.22434806757046738,-0.04466628312850485,1.9721857618571317,20,20,9.227394104003906
1248,,0.17542970172917113,0.005659022636424875,-0.0023124970495700834,1.0,1.0,1.0,1.0,1.0,0.034482758620689655,0.9425287356321839,0.022988505747126436,0.46356565770926655,0.035483870967741936,0.035483870967741936,9.258064516129032,0.9796790517804054,0.08462997539907091,0.0,-0.18735811998460225,0.0,0.0,0.15708812260536398,0.3371647509578544,0.5057471264367817,0.34099616858237547,0.34099616858237547,nan,nan,0.05155394441237736,0.17665103233680846,0.0,1.0,0.0,0.22417284172688573,0.13954286632781482,2.685540397910372,20,20,12.591455698013306
1249,,0.17669160852434607,0.007362150355181086,0.014851053059101105,1.0,1.0,1.0,1.0,1.0,0.004975124378109453,0.9601990049751243,0.03482587064676617,0.45706960636453003,0.03125,0.03125,7.208333333333333,0.9760431748232675,0.10299111803300473,14.285714285714285,-0.09687058309626176,0.14285714285714285,0.03328157784297353,0.13930348258706468,0.4975124378109453,0.36318407960199006,0.4975124378109453,0.4975124378109453,nan,nan,0.04561111873029804,0.2068448645674144,0.0,0.9863013698630136,0.0136986301369863,0.24539242727195257,0.14240130923894784,2.399995839382972,20,20,7.593782424926758
1250,,0.1900956528654074,0.01357826091895767,-0.023860910255461932,1.0,1.0,1.0,1.0,0.0,0.08943089430894309,0.9105691056910569,0.0,0.48097919796468236,0.0035714285714285713,0.0035714285714285713,1.5,0.9982191720914471,0.03711672253553158,0.0,0.0,0.0,0.0,0.16260162601626016,0.6016260162601627,0.23577235772357724,0.5121951219512195,0.5121951219512195,nan,nan,0.061393931289392606,0.36348169676546016,0.0,1.0,0.0,0.21204435057664742,0.17492762804111583,2.9362476416170455,20,20,3.513796329498291
1251,,0.18071081330307837,0.008214127877412653,0.023664019256830215,1.0,1.0,1.0,1.0,1.0,0.06896551724137931,0.8866995073891626,0.04433497536945813,0.46475350457688114,0.03636363636363636,0.03636363636363636,6.863636363636363,0.9869069699351635,0.08846469746549432,11.11111111111111,-0.07395823172107414,0.1111111111111111,0.10714382144787032,0.1921182266009852,0.1477832512315271,0.6600985221674877,0.18719211822660098,0.18719211822660098,nan,nan,0.05492759467495082,0.14070809500072393,0.0,0.9552238805970149,0.014925373134328358,0.2275231429544869,0.13905844548899257,2.6975973358438465,20,20,7.513561487197876
1252,,0.1896457028438931,0.017240518440353916,-0.017465915158391,1.0,1.0,1.0,1.0,1.0,0.12030075187969924,0.8646616541353384,0.015037593984962405,0.43083099830149546,0.013636363636363636,0.013636363636363636,1.9090909090909092,0.9988330377477763,0.02599082010827533,50.0,-0.005280091822225996,0.5,0.0011211079156965773,0.19548872180451127,0.42105263157894735,0.38345864661654133,0.3458646616541353,0.3458646616541353,nan,nan,0.03822869592242975,0.2714954539152663,0.03571428571428571,1.0,0.0,0.20073980763739077,0.17474898752911544,2.823776012246111,20,20,2.959543466567993
1253,,0.1787602153508338,0.004256195603591281,0.08271827672918637,0.9,0.9,0.9,0.9672131147540983,1.0,0.09243697478991597,0.8739495798319328,0.03361344537815126,0.4945062428588114,0.0880952380952381,0.0880952380952381,6.833333333333333,0.6780859177024294,0.6624483122220078,12.5,-0.14958506290190587,0.125,0.018398659594975386,0.10504201680672269,0.2605042016806723,0.634453781512605,0.24369747899159663,0.24369747899159663,nan,nan,0.18016280997336281,0.4607788238555648,0.016129032258064516,0.9403973509933775,0.006622516556291391,0.5780688101197662,-0.08437950210224168,2.590409394334994,20,20,17.564263343811035
1254,,0.16949471631560578,0.0054675714940517995,0.018480185605585574,0.95,0.95,0.95,0.9846938775510204,1.0,0.12886597938144329,0.8402061855670103,0.030927835051546393,0.4753606480015855,0.10806451612903226,0.10806451612903226,4.193548387096774,0.9351822774192152,0.21382139113779325,0.0,-0.08165650083428812,0.0,0.0,0.14432989690721648,0.6443298969072165,0.211340206185567,0.5927835051546392,0.5927835051546392,nan,nan,0.042684604973367395,0.23907124903421112,0.0,0.7804878048780488,0.024390243902439025,0.2307020756166845,0.016880684478891253,2.005681711353057,20,20,8.733425855636597
1255,,0.1726679167954672,0.003924270836260618,0.021010586122671763,0.95,0.95,0.95,0.9839357429718876,1.0,0.14634146341463414,0.7845528455284553,0.06910569105691057,0.46299244057450284,0.12840909090909092,0.12840909090909092,4.25,0.8929148840101537,0.3110288814943745,23.52941176470588,-0.09156074623876385,0.23529411764705882,0.05844278587808584,0.12195121951219512,0.47560975609756095,0.4024390243902439,0.42276422764227645,0.42276422764227645,nan,nan,0.07226764810968311,0.24238429973339098,0.017094017094017096,0.8282828282828283,0.04040404040404041,0.252158726715677,-0.05887015477869749,2.021471266796928,20,20,15.344807863235474
1256,,0.1942835088953064,0.01766213717230058,-0.012369806133210658,1.0,1.0,1.0,1.0,1.0,0.4146341463414634,0.5691056910569106,0.016260162601626018,0.47034929942032744,0.03636363636363636,0.03636363636363636,2.1818181818181817,0.9989137961569228,0.02694130263803801,50.0,0.001444045793017129,0.5,0.031190468639283223,0.1951219512195122,0.5528455284552846,0.25203252032520324,0.3333333333333333,0.3333333333333333,nan,nan,0.05239032507908763,0.3259803234533651,0.029411764705882353,0.4838709677419355,0.0,0.2122144364325499,0.18527313379451188,2.4128707171698376,20,20,3.49634051322937
1257,,0.16999428675711875,0.006071224527039955,0.019555754400789736,0.95,0.95,0.95,0.9804878048780488,1.0,0.024752475247524754,0.9455445544554455,0.0297029702970297,0.46832950154119835,0.030357142857142857,0.030357142857142857,5.785714285714286,0.9023555726959633,0.2773831869510203,0.0,-0.07965384304766956,0.0,0.0,0.16831683168316833,0.2524752475247525,0.5792079207920792,0.25742574257425743,0.25742574257425743,nan,nan,0.04581782342484427,0.12367104553594495,0.0,1.0,0.0,0.22596963126885275,-0.05141355568216755,2.4268078370601294,20,20,8.150804996490479
1258,,0.17093272252153402,0.00589423181108738,0.042642195522785184,0.95,0.95,0.95,0.9791666666666666,1.0,0.41578947368421054,0.5526315789473685,0.031578947368421054,0.4748557892864859,0.19827586206896552,0.19827586206896552,2.5517241379310347,0.925359622522454,0.23367993989945907,0.0,-0.09339404217280145,0.0,0.0,0.14210526315789473,0.7052631578947368,0.15263157894736842,0.4631578947368421,0.4631578947368421,nan,nan,0.06027202937854409,0.26838354323191854,0.022388059701492536,0.4482758620689655,0.034482758620689655,0.21159914334471536,-0.022080796554743695,1.8526193059954346,20,20,10.49552869796753
1259,,0.18621885673762356,0.008464493488073798,0.021042810566723347,1.0,1.0,1.0,1.0,1.0,0.24752475247524752,0.7277227722772277,0.024752475247524754,0.4651716496594004,0.1431818181818182,0.1431818181818182,5.045454545454546,0.9880462336304278,0.07710063102838396,0.0,-0.07772020734067864,0.0,0.0,0.10396039603960396,0.5198019801980198,0.37623762376237624,0.3316831683168317,0.3316831683168317,nan,nan,0.056486821331578535,0.17724979194655577,0.0,0.9210526315789473,0.0,0.225813708362809,0.14871307733442504,1.9118816468124504,20,20,8.377670764923096
1260,,0.18208750374579585,0.006743981620214661,-0.017788752540946008,1.0,1.0,1.0,1.0,1.0,0.02857142857142857,0.9428571428571428,0.02857142857142857,0.47167883564166174,0.044444444444444446,0.044444444444444446,7.407407407407407,0.9864800062960696,0.07625777367270331,33.33333333333333,-0.05171458109437955,0.3333333333333333,0.006041062994016785,0.10952380952380952,0.319047619047619,0.5714285714285714,0.30952380952380953,0.30952380952380953,nan,nan,0.07451201119525812,0.16585965157165516,0.0,0.9833333333333333,0.016666666666666666,0.22726529563515718,0.15100752196245387,2.0909425903873204,20,20,9.62341046333313
1261,,0.20270346025989905,0.00482627286333093,-0.022159581072628498,1.0,1.0,1.0,1.0,1.0,0.2550607287449393,0.7004048582995951,0.044534412955465584,0.46976122332735465,0.23095238095238096,0.23095238095238096,4.166666666666667,0.9915658410901723,0.0644716464234929,9.090909090909092,-0.14675600153497073,0.09090909090909091,0.09536066936414347,0.16194331983805668,0.4048582995951417,0.4331983805668016,0.19433198380566802,0.19433198380566802,nan,nan,0.10994513485980421,0.3575417990348043,0.01,0.9813084112149533,0.0,0.23861418365780232,0.17414253723430942,2.139368117456119,20,20,14.604388236999512
1262,,0.1844641995414777,0.005124005542818825,-0.016293385345488787,1.0,1.0,1.0,1.0,1.0,0.30798479087452474,0.6615969581749049,0.030418250950570342,0.4734507279147187,0.2972222222222222,0.2972222222222222,3.7777777777777777,0.9838565093416372,0.09254957072253561,12.5,-0.12589353700708497,0.125,0.011166532585896283,0.11787072243346007,0.5057034220532319,0.376425855513308,0.3726235741444867,0.3726235741444867,nan,nan,0.0769037682459453,0.34616623260706625,0.007518796992481203,0.6464646464646465,0.020202020202020204,0.2266899294950464,0.1341403587725108,2.251427484397377,20,20,11.883402347564697
1263,,0.22291681043516715,0.005307543105599217,0.2164333422978719,0.95,0.95,0.95,0.9540229885057471,1.0,0.2015810276679842,0.7430830039525692,0.05533596837944664,0.4930016376562933,0.19285714285714287,0.19285714285714287,3.7857142857142856,0.42615959246178947,1.4151652585882974,7.142857142857142,-0.1774456034445961,0.07142857142857142,0.042004651346084165,0.13438735177865613,0.38735177865612647,0.4782608695652174,0.30434782608695654,0.30434782608695654,nan,nan,0.25809210948390976,0.8724690681905996,0.01020408163265306,0.859504132231405,0.03305785123966942,1.3112443756279402,-0.1039208829603573,2.257919206987833,20,20,18.077957153320312
1264,,0.1734197522219234,0.005594185555545916,0.027180014364421367,0.95,0.95,0.95,1.0,1.0,0.395,0.58,0.025,0.5003610204773835,0.2467741935483871,0.2467741935483871,1.935483870967742,0.9319585646620875,0.22608277646627317,20.0,-0.054470400012732755,0.2,0.03050711721917651,0.145,0.48,0.375,0.3,0.3,nan,nan,0.07876156334710462,0.3493613303343691,0.0,0.5866666666666667,0.013333333333333334,0.2166298593176597,-0.00945291714861346,2.130371398863848,20,20,8.056023359298706
1265,,0.18110855319702787,0.00862421681890609,0.010471943020820617,1.0,1.0,1.0,1.0,1.0,0.06310679611650485,0.9271844660194175,0.009708737864077669,0.4667723409171837,0.04047619047619048,0.04047619047619048,5.666666666666667,0.990969189613047,0.06694755625651408,0.0,-0.08976784013547079,0.0,0.0,0.13592233009708737,0.1407766990291262,0.7233009708737864,0.11650485436893204,0.11650485436893204,nan,nan,0.06294011380089755,0.26840563303129045,0.0,0.9731543624161074,0.0,0.20927571838886821,0.14232816213235414,2.7421745499731918,20,20,7.559597015380859
1266,,0.181013127252256,0.004892246682493405,0.014048071391880513,1.0,1.0,1.0,1.0,1.0,0.09803921568627451,0.8627450980392157,0.0392156862745098,0.48799073909697627,0.1527027027027027,0.1527027027027027,6.918918918918919,0.9567992392517424,0.1816818193444265,20.0,-0.164393786632757,0.2,0.07462213929890851,0.10980392156862745,0.41568627450980394,0.4745098039215686,0.37254901960784315,0.37254901960784315,nan,nan,0.11578639391360344,0.3479140012645282,0.009433962264150943,0.9256198347107438,0.01652892561983471,0.2586210563842789,0.0769392370398524,2.582680440975776,20,20,14.655137538909912
1267,,0.18935005897809287,0.018935005897809287,-0.024390918761491777,1.0,1.0,1.0,1.0,0.0,0.0,1.0,0.0,0.43634101504227146,0.0,0.0,2.8,0.9988593872625686,0.02807234209918419,0.0,0.0,0.0,0.0,0.152,0.288,0.56,0.288,0.288,nan,nan,0.03852001014801012,0.21111485933646443,0.0,1.0,0.0,0.20406744792460604,0.17599510582542185,3.3524678571634645,20,20,2.844989061355591
1268,,0.17385158609283677,0.0075587646127320334,0.015615539252758026,1.0,1.0,1.0,1.0,1.0,0.035175879396984924,0.9447236180904522,0.020100502512562814,0.45519718118208086,0.041304347826086954,0.041304347826086954,6.391304347826087,0.9773335783168071,0.09687080384856397,0.0,-0.11098884920367072,0.0,0.0,0.15577889447236182,0.41708542713567837,0.4271356783919598,0.40703517587939697,0.40703517587939697,nan,nan,0.040906206594441594,0.19579749026397913,0.0,0.9882352941176471,0.0,0.21551219785204956,0.11864139400348558,2.3821789066014163,20,20,7.321920394897461
1269,,0.18028089047624418,0.005302379131654241,0.002063220366835594,1.0,1.0,1.0,1.0,1.0,0.10606060606060606,0.8674242424242424,0.026515151515151516,0.484332182416213,0.12352941176470589,0.12352941176470589,6.9411764705882355,0.9683933570094175,0.10537346267772207,0.0,-0.18239152646871215,0.0,0.0,0.16287878787878787,0.6098484848484849,0.22727272727272727,0.5643939393939394,0.5643939393939394,nan,nan,0.0423762112400865,0.24944305263877029,0.006211180124223602,0.8833333333333333,0.0,0.23568725823037343,0.13031379555265135,2.462473822333186,20,20,14.4557523727417
1270,,0.191343906108605,0.02126043401206722,0.005473231710493564,1.0,1.0,1.0,1.0,1.0,0.24806201550387597,0.7441860465116279,0.007751937984496124,0.45702553619889336,0.022222222222222223,0.022222222222222223,1.3333333333333333,0.9993500558282563,0.017331203291318903,100.0,0.011193125213812306,1.0,0.011193125213812306,0.17054263565891473,0.37209302325581395,0.4573643410852713,0.3178294573643411,0.3178294573643411,nan,nan,0.03564287013797258,0.17439962975736303,0.0,0.711864406779661,0.01694915254237288,0.20178297834718031,0.1844517750558614,2.5831951004505727,20,20,2.4442596435546875
1271,,0.19073550103712522,0.006811982179897329,-0.020144983381032943,1.0,1.0,1.0,1.0,1.0,0.4256410256410256,0.5230769230769231,0.05128205128205128,0.5000990922555631,0.325,0.325,2.6785714285714284,0.9850980391619532,0.10470023511391799,20.0,-0.07971288273949209,0.2,0.039495022218957024,0.11282051282051282,0.7282051282051282,0.15897435897435896,0.4205128205128205,0.4205128205128205,nan,nan,0.10519349248532538,0.3864791609743643,0.028169014084507043,0.6451612903225806,0.03225806451612903,0.24853559556097013,0.14383536044705214,1.473061110842757,20,20,14.814558029174805
1272,,0.17591363583230527,0.004886489884230702,-0.012001888640224934,1.0,1.0,1.0,1.0,1.0,0.08921933085501858,0.8996282527881041,0.011152416356877323,0.47658859385782204,0.10972222222222222,0.10972222222222222,8.083333333333334,0.9702147348503514,0.12197271970696272,0.0,-0.08198959041722687,0.0,0.0,0.14869888475836432,0.3940520446096654,0.45724907063197023,0.35687732342007433,0.35687732342007433,nan,nan,0.06786754869611818,0.29961666114997426,0.009433962264150943,0.975609756097561,0.008130081300813009,0.260425883545631,0.1384531638386683,2.7934754102877815,20,20,14.498780727386475
1273,,0.17989743206414363,0.007821627481049724,-0.008299349248409272,1.0,1.0,1.0,1.0,1.0,0.004975124378109453,0.9850746268656716,0.009950248756218905,0.4477859173554664,0.002173913043478261,0.002173913043478261,6.695652173913044,0.9852410883734045,0.08289863515417478,0.0,-0.11753256792734562,0.0,0.0,0.16417910447761194,0.12437810945273632,0.7114427860696517,0.12935323383084577,0.12935323383084577,nan,nan,0.06086788673092381,0.19132306088029905,0.0,1.0,0.0,0.22347696328421238,0.1405783281300376,2.6131210417713,20,20,7.673356294631958
1274,,0.1868712204197699,0.01557260170164749,-0.020102053694427014,1.0,1.0,1.0,1.0,0.0,0.007751937984496124,0.9922480620155039,0.0,0.4422633200709242,0.004166666666666667,0.004166666666666667,2.5,0.9986189349710541,0.027539810823302646,0.0,0.0,0.0,0.0,0.20930232558139536,0.24031007751937986,0.5503875968992248,0.23255813953488372,0.23255813953488372,nan,nan,0.036481148914039634,0.2063572503536791,0.0,1.0,0.0,0.19853664122081485,0.1709968303975122,3.1100044609420703,20,20,3.144315719604492
1275,,0.19194973243230085,0.017449975675663712,-0.019682624004781248,1.0,1.0,1.0,1.0,0.0,0.3543307086614173,0.6377952755905512,0.007874015748031496,0.42787268063138156,0.05454545454545454,0.05454545454545454,1.0909090909090908,0.9993108954569488,0.01988115964240003,0.0,-0.08574437266200555,0.0,0.0,0.18110236220472442,0.36220472440944884,0.4566929133858268,0.36220472440944884,0.36220472440944884,nan,nan,0.036465587587513344,0.18427408633993117,0.0,0.5,0.017241379310344827,0.2028991465455771,0.18301798690317708,2.3923158883111206,20,20,3.119095802307129
1276,,0.19059592269075123,0.019059592269075123,-0.00011852923780679703,1.0,1.0,1.0,1.0,0.0,0.2890625,0.7109375,0.0,0.46567740861093626,0.025,0.025,2.2,0.9985599466445766,0.028466304843328266,0.0,0.0,0.0,0.0,0.21875,0.2890625,0.4921875,0.3515625,0.3515625,nan,nan,0.03384495217521345,0.16275123295540625,0.0,0.6031746031746031,0.0,0.20589754353379908,0.1774312386904708,2.746386359900941,20,20,2.9879419803619385
1277,,0.18829040851670786,0.018829040851670788,-0.01678670719265938,1.0,1.0,1.0,1.0,1.0,0.2878787878787879,0.7045454545454546,0.007575757575757576,0.4702001187496353,0.02,0.02,1.3,0.9990012627440529,0.020338805470424964,0.0,-0.05347837399138211,0.0,0.0,0.1893939393939394,0.14393939393939395,0.6666666666666666,0.2196969696969697,0.2196969696969697,nan,nan,0.02925382045036716,0.1547155762484066,0.0,0.7045454545454546,0.0,0.1959211853475991,0.17558237987717415,2.8642698787213026,20,20,2.928175210952759
1278,,0.17837687740934355,0.0074323698920559815,0.013918221183121204,1.0,1.0,1.0,1.0,1.0,0.17010309278350516,0.8247422680412371,0.005154639175257732,0.4713427637090111,0.1,0.1,5.291666666666667,0.9842824700957493,0.08323354261729685,0.0,-0.023825730395532152,0.0,0.0,0.13402061855670103,0.5721649484536082,0.29381443298969073,0.4845360824742268,0.4845360824742268,nan,nan,0.048813344119635296,0.22116803596266912,0.0,0.8596491228070176,0.0,0.21807212792758285,0.134838585310286,2.495458929566329,20,20,7.173581838607788
1279,,0.16887006929511253,0.004221751732377813,-0.020428742840886117,1.0,1.0,1.0,1.0,1.0,0.034482758620689655,0.9425287356321839,0.022988505747126436,0.4652041753596859,0.04625,0.04625,6.95,0.9649209323988098,0.14390785045489277,0.0,-0.14053203245570203,0.0,0.0,0.10344827586206896,0.5363984674329502,0.36015325670498083,0.5210727969348659,0.5210727969348659,nan,nan,0.05131308196796048,0.1930674301756145,0.0,0.9468085106382979,0.0,0.24462958596740364,0.10072173551251087,2.0180981703296155,20,20,13.966085195541382
1280,,0.18948565990275185,0.014575819992519373,-0.010656425077468158,1.0,1.0,1.0,1.0,0.0,0.1925925925925926,0.8074074074074075,0.0,0.46491724921282956,0.019230769230769232,0.019230769230769232,1.9230769230769231,0.998124347317986,0.03734745990365171,0.0,0.0,0.0,0.0,0.16296296296296298,0.5259259259259259,0.3111111111111111,0.4074074074074074,0.4074074074074074,nan,nan,0.05389775570082368,0.39636146416936485,0.0,0.8571428571428571,0.0,0.21003488749520824,0.17268742759155653,1.9582528813708102,20,20,3.374464988708496
1281,,0.20763117433874734,0.015971628795288257,-0.04177569486200809,1.0,1.0,1.0,1.0,1.0,0.6742424242424242,0.3181818181818182,0.007575757575757576,0.48103732974089397,0.023076923076923078,0.023076923076923078,1.0769230769230769,0.9893282710712284,0.08445927074059983,0.0,-0.06706948318321787,0.0,0.0,0.17424242424242425,0.17424242424242425,0.6515151515151515,0.13636363636363635,0.13636363636363635,nan,nan,0.1116684422435812,0.790657927273708,0.0,0.23255813953488372,0.0,0.2665592890085583,0.18210001826795846,1.800724266710933,20,20,6.200496196746826
1282,,0.1876484668508077,0.015637372237567306,-0.0071404242888093,1.0,1.0,1.0,1.0,0.0,0.07086614173228346,0.9291338582677166,0.0,0.4535355475381948,0.0125,0.0125,3.0833333333333335,0.9983147942218964,0.03201130005476108,0.0,0.0,0.0,0.0,0.1968503937007874,0.4330708661417323,0.3700787401574803,0.4094488188976378,0.4094488188976378,nan,nan,0.046326940584455654,0.28559449734377096,0.0,1.0,0.0,0.20246524942458288,0.1704539493698218,2.6894013856712022,20,20,2.885225772857666
1283,,0.17940355223529195,0.004721146111455052,-0.019402545969933273,1.0,1.0,1.0,1.0,1.0,0.011320754716981131,0.9509433962264151,0.03773584905660377,0.4937563998898871,0.05394736842105263,0.05394736842105263,7.552631578947368,0.9798577161584826,0.09390017728488713,0.0,-0.13575789197157395,0.0,0.0,0.09811320754716982,0.49056603773584906,0.41132075471698115,0.5018867924528302,0.5018867924528302,nan,nan,0.0382715763947545,0.14645423970809923,0.0,1.0,0.0,0.21797628120977303,0.1240761039248859,2.571519997451987,20,20,15.12076997756958
1284,,0.1452779821818888,0.0032283996040419734,0.027893188099066418,0.9,0.9,0.9,0.9505703422053232,1.0,0.015810276679841896,0.9565217391304348,0.02766798418972332,0.47742037314100244,0.03,0.03,5.4222222222222225,0.8042753265381504,0.2958256664497043,0.0,-0.25229592321991745,0.0,0.0,0.12648221343873517,0.5889328063241107,0.2845849802371542,0.5928853754940712,0.5928853754940712,nan,nan,0.039710255625529434,0.15221151158514634,0.0,0.9861111111111112,0.0,0.228182491611182,-0.06764317483852231,2.1787377044046505,20,20,15.81848406791687
1285,,0.16139031210049573,0.004247113476328835,0.0025630595162510874,0.95,0.95,0.95,0.9673469387755103,1.0,0.0875,0.8666666666666667,0.04583333333333333,0.4768249182182971,0.09078947368421053,0.09078947368421053,5.657894736842105,0.8730523212258329,0.3079456451920321,27.27272727272727,-0.09609902574186259,0.2727272727272727,0.08950509877796398,0.16666666666666666,0.2833333333333333,0.55,0.2875,0.2875,nan,nan,0.0670491774584959,0.2500534107901239,0.014705882352941176,0.8863636363636364,0.022727272727272728,0.2147732658996111,-0.09317237929242102,2.415601821010516,20,20,12.63645339012146
1286,,0.16202698281527045,0.006231807031356556,0.05283452160656452,0.95,0.95,0.95,0.9896907216494846,1.0,0.015544041450777202,0.9533678756476683,0.031088082901554404,0.4586536004671451,0.026923076923076925,0.026923076923076925,5.538461538461538,0.864351205636496,0.3127628080273901,16.666666666666664,-0.09106049332364664,0.16666666666666666,0.018949706339717043,0.15544041450777202,0.5233160621761658,0.32124352331606215,0.5233160621761658,0.5233160621761658,nan,nan,0.052986054682128504,0.3177938010266971,0.0,0.9838709677419355,0.016129032258064516,0.23048014510541048,-0.08228266292197958,2.648546343347159,20,20,10.339168310165405
1287,,0.18982769983590358,0.005932115619871987,0.03808105438947677,0.95,0.95,0.95,0.9536082474226805,1.0,0.0,0.978494623655914,0.021505376344086023,0.46309455939399413,0.0140625,0.0140625,5.1875,0.8271566638595063,0.5345768481941496,25.0,-0.11551986543447938,0.25,0.014334272878018028,0.14516129032258066,0.3978494623655914,0.45698924731182794,0.4032258064516129,0.4032258064516129,nan,nan,0.10684494451975418,0.3537794232509965,0.0,0.9882352941176471,0.011764705882352941,0.45557983458058726,-0.07899701361356236,2.5126114861700577,20,20,10.061337947845459
1288,,0.16406324294518912,0.004001542510858271,0.018331168840328853,0.95,0.95,0.95,0.9591078066914498,1.0,0.023166023166023165,0.9536679536679536,0.023166023166023165,0.4737846179518894,0.02195121951219512,0.02195121951219512,6.024390243902439,0.8781607811498275,0.2938759767436827,16.666666666666664,-0.12827302379469022,0.16666666666666666,0.001994312389832942,0.14671814671814673,0.23552123552123552,0.6177606177606177,0.2548262548262548,0.2548262548262548,nan,nan,0.06591011421009198,0.16071816264994768,0.0,0.96875,0.0125,0.21835768303775052,-0.07551829370593219,2.5389570579050664,20,20,14.866584062576294
1289,,0.17718847470332344,0.006814941334743209,0.01875234264880419,0.95,0.95,0.95,0.9621212121212122,0.0,0.015625,0.984375,0.0,0.4809284548400543,0.0019230769230769232,0.0019230769230769232,1.4230769230769231,0.9102645243298461,0.2645096246208011,0.0,0.0,0.0,0.0,0.15625,0.4765625,0.3671875,0.46875,0.46875,nan,nan,0.05010462459929391,0.2681577937810519,0.0,0.9787234042553191,0.0,0.20115272280417434,-0.0633569018166267,2.0332956506892637,20,20,4.082062482833862
1290,,0.19395349309601978,0.017632135736001798,0.0007156860083341599,1.0,1.0,1.0,1.0,0.0,0.176,0.824,0.0,0.4400628614514558,0.00909090909090909,0.00909090909090909,2.1818181818181817,0.994270571061911,0.07294114594029602,0.0,0.0,0.0,0.0,0.216,0.56,0.224,0.464,0.464,nan,nan,0.05832995061174663,0.40096417506447607,0.0,0.7857142857142857,0.0,0.24956487731087182,0.1766237313705758,2.834707835685402,20,20,2.765503406524658
1291,,0.15739264907186493,0.005077182228124675,0.04181072898209095,0.9,0.9,0.9,0.9329896907216495,1.0,0.059782608695652176,0.9239130434782609,0.016304347826086956,0.4868400438223034,0.035483870967741936,0.035483870967741936,3.7096774193548385,0.7923239243282789,0.3323744678575265,0.0,-0.13155339242600508,0.0,0.0,0.16304347826086957,0.6195652173913043,0.21739130434782608,0.5869565217391305,0.5869565217391305,nan,nan,0.05095651549123686,0.2639575913652821,0.0,0.975,0.0,0.24539729331294502,-0.0869771745445815,2.16089197987773,20,20,9.108569145202637
1292,,0.17341154737642964,0.007882343062564983,0.0330549567937851,1.0,1.0,1.0,1.0,1.0,0.01932367149758454,0.9468599033816425,0.033816425120772944,0.4490673460087485,0.029545454545454545,0.029545454545454545,7.454545454545454,0.9861568933968828,0.0768088135085449,28.57142857142857,-0.03139918627635996,0.2857142857142857,0.04037234583500361,0.16908212560386474,0.36231884057971014,0.46859903381642515,0.3864734299516908,0.3864734299516908,nan,nan,0.044308853840118755,0.16576906717863468,0.0,0.9690721649484536,0.020618556701030927,0.21950778439494362,0.1426989708863987,2.7216546474660537,20,20,7.526067495346069
1293,,0.16910346541308743,0.0037578547869574984,0.026265337194005648,0.95,0.95,0.95,0.9701492537313433,1.0,0.0421455938697318,0.9080459770114943,0.04980842911877394,0.483402081166601,0.09333333333333334,0.09333333333333334,5.7555555555555555,0.9022869146132215,0.2885997096070789,7.6923076923076925,-0.21141993844981435,0.07692307692307693,0.03344132069221201,0.14942528735632185,0.3103448275862069,0.5402298850574713,0.3103448275862069,0.3103448275862069,nan,nan,0.07295976601170538,0.21313746104223055,0.024691358024691357,0.9787234042553191,0.014184397163120567,0.2393231310320218,-0.04927657857505712,2.146563652280429,20,20,15.51914095878601
1294,,0.1933721182144397,0.01757928347403997,-0.0008887452073395252,1.0,1.0,1.0,1.0,0.0,0.20161290322580644,0.7983870967741935,0.0,0.4429049806169298,0.01818181818181818,0.01818181818181818,1.6363636363636365,0.9984105727547604,0.03545741164170538,0.0,0.0,0.0,0.0,0.16129032258064516,0.22580645161290322,0.6129032258064516,0.1935483870967742,0.1935483870967742,nan,nan,0.0619897767024108,0.38372527631739595,0.0,0.8026315789473685,0.0,0.2138141219714007,0.17835671032969533,2.448777296993461,20,20,2.7056519985198975
1295,,0.17949521842455293,0.0074789674343563725,0.014807064458727837,1.0,1.0,1.0,1.0,1.0,0.05235602094240838,0.9109947643979057,0.03664921465968586,0.4548609969838556,0.04791666666666667,0.04791666666666667,6.166666666666667,0.9797030314148121,0.10315145377133364,0.0,-0.06532656148171427,0.0,0.0,0.1256544502617801,0.5706806282722513,0.3036649214659686,0.5340314136125655,0.5340314136125655,nan,nan,0.0463286544546256,0.20539881450612474,0.009174311926605505,1.0,0.0,0.2364983241410125,0.13334687036967885,2.667856499144602,20,20,7.5597240924835205
1296,,0.17338668550852615,0.007224445229521923,0.019493705406785012,1.0,1.0,1.0,1.0,1.0,0.08040201005025126,0.8743718592964824,0.04522613065326633,0.45835180807055925,0.08333333333333333,0.08333333333333333,7.333333333333333,0.9809153795490992,0.0871733636621499,44.44444444444444,-0.03239179290226405,0.4444444444444444,0.04590524795046553,0.1457286432160804,0.3417085427135678,0.5125628140703518,0.36180904522613067,0.36180904522613067,nan,nan,0.06195539364510644,0.1598140556493465,0.0,0.9215686274509803,0.0392156862745098,0.22862307535205678,0.1414497116899069,2.0608201362019622,20,20,8.317955732345581
1297,,0.18624225825719973,0.006651509223471419,0.029403752461075783,0.95,0.95,0.95,0.9949494949494949,1.0,0.03553299492385787,0.934010152284264,0.030456852791878174,0.4789616962406269,0.03571428571428571,0.03571428571428571,8.357142857142858,0.9320429488033557,0.23772472086881088,33.33333333333333,-0.07018719420078433,0.3333333333333333,0.07541140263613003,0.13705583756345177,0.34517766497461927,0.5177664974619289,0.3553299492385787,0.3553299492385787,nan,nan,0.123026698001207,0.2737233335257068,0.0,0.9509803921568627,0.0196078431372549,0.24798557161039841,0.01026085074158753,1.6381863037117508,20,20,10.674089908599854
1298,,0.17639338793724899,0.007055735517489959,-0.020700048841536044,1.0,1.0,1.0,1.0,1.0,0.033816425120772944,0.9227053140096618,0.043478260869565216,0.47350915922527204,0.062,0.062,6.56,0.9842956545386667,0.08977348566655038,11.11111111111111,-0.09814144805648368,0.1111111111111111,0.008259347064651062,0.17391304347826086,0.10144927536231885,0.7246376811594203,0.12077294685990338,0.12077294685990338,nan,nan,0.06866069340939192,0.14278104993210164,0.0,0.9533333333333334,0.013333333333333334,0.21387233383249127,0.12409884816594088,2.8565351301161126,20,20,7.636944532394409
1299,,0.16203047818274285,0.0033067444527090377,0.13424528688192366,0.75,0.75,0.75,0.857707509881423,1.0,0.08849557522123894,0.7389380530973452,0.17256637168141592,0.47763615885906263,0.17142857142857143,0.17142857142857143,3.5510204081632653,0.5439150211111816,0.7292027351822563,12.82051282051282,-0.42272180674663956,0.1282051282051282,0.04088780785791574,0.11504424778761062,0.5530973451327433,0.33185840707964603,0.42920353982300885,0.42920353982300885,nan,nan,0.23754535314491862,0.7796899935781292,0.136,0.9066666666666666,0.08,0.6659839973306896,-0.06321873785156676,1.5335729954251778,20,20,34.308428049087524
1300,,0.18580197418068936,0.006881554599284791,-0.027071490325033663,1.0,1.0,1.0,1.0,1.0,0.010309278350515464,0.9639175257731959,0.02577319587628866,0.44994954809684445,0.03518518518518519,0.03518518518518519,7.814814814814815,0.9921486262823428,0.07190805246891774,20.0,-0.05040996185524098,0.2,0.037634404089681425,0.15979381443298968,0.08247422680412371,0.7577319587628866,0.09278350515463918,0.09278350515463918,nan,nan,0.10268212489594011,0.28273413321568974,0.0,0.9727891156462585,0.013605442176870748,0.2311464567083092,0.15923840423939145,2.9846939571568765,20,20,9.663503408432007
1301,,0.17775929472087962,0.007728664987864331,0.01809840053319931,1.0,1.0,1.0,1.0,1.0,0.08080808080808081,0.898989898989899,0.020202020202020204,0.46427693262357145,0.05,0.05,5.739130434782608,0.9844817476769236,0.08031354572679464,0.0,-0.11693987528182741,0.0,0.0,0.15656565656565657,0.5151515151515151,0.3282828282828283,0.5151515151515151,0.5151515151515151,nan,nan,0.03520927532425676,0.1967734717212778,0.00980392156862745,0.8923076923076924,0.0,0.21067286826987464,0.13035932254308,2.5037003493671084,20,20,6.915320634841919
1302,,0.1804272311392467,0.007217089245569868,-0.03427873160690069,1.0,1.0,1.0,1.0,1.0,0.014285714285714285,0.9285714285714286,0.05714285714285714,0.47558661801274865,0.046,0.046,5.84,0.9908970937793099,0.07142238772924764,8.333333333333332,-0.09003675978189168,0.08333333333333333,0.008358781828134002,0.1761904761904762,0.36666666666666664,0.45714285714285713,0.36666666666666664,0.36666666666666664,nan,nan,0.03667585278666149,0.15701151279048137,0.0,0.96875,0.020833333333333332,0.21671054534266093,0.1452881576134133,2.6953886836837584,20,20,7.822407960891724
1303,,0.1798459521178016,0.00817481600535462,-0.01237803027033806,1.0,1.0,1.0,1.0,1.0,0.005128205128205128,0.9487179487179487,0.046153846153846156,0.44838469189602287,0.02727272727272727,0.02727272727272727,7.590909090909091,0.9794479013293508,0.09555440839265725,11.11111111111111,-0.0966439920124815,0.1111111111111111,0.010730913832785197,0.2153846153846154,0.1282051282051282,0.6564102564102564,0.13846153846153847,0.13846153846153847,nan,nan,0.06733836757680327,0.13149921475777196,0.0,0.9921875,0.0078125,0.22661247015608554,0.1310580617634283,2.6152072899941667,20,20,7.168076753616333
1304,,0.1980265455254989,0.01414475325182135,-0.025085328985005616,1.0,1.0,1.0,1.0,0.0,0.336,0.664,0.0,0.47336673987447286,0.02142857142857143,0.02142857142857143,1.5,0.9945969489280128,0.057549091035134003,0.0,0.0,0.0,0.0,0.144,0.688,0.168,0.44,0.44,nan,nan,0.07970444976019986,0.45238301782696055,0.0,0.6666666666666666,0.0,0.2351562112591577,0.1776071202240237,2.055215035582724,20,20,4.274406433105469
1305,,0.1598204499964012,0.0039955112499100295,0.010794577747583389,0.95,0.95,0.95,0.9760956175298805,1.0,0.0321285140562249,0.8835341365461847,0.08433734939759036,0.48754034415702335,0.105,0.105,5.9,0.865364682252832,0.3251152917978361,28.57142857142857,-0.1290847006216961,0.2857142857142857,0.1822183765175093,0.1285140562248996,0.5261044176706827,0.3453815261044177,0.5502008032128514,0.5502008032128514,nan,nan,0.05602415549042469,0.20507037282491422,0.030534351145038167,0.8837209302325582,0.09302325581395349,0.23743185707348996,-0.08768343472434614,2.345731910440606,20,20,14.835100650787354
1306,,0.1760111031019137,0.007652656656604944,-0.00653243213891983,1.0,1.0,1.0,1.0,1.0,0.03636363636363636,0.9409090909090909,0.022727272727272728,0.47831144675830095,0.03260869565217391,0.03260869565217391,8.695652173913043,0.9810008367249438,0.10035193420213218,0.0,-0.08592167182297258,0.0,0.0,0.1590909090909091,0.4090909090909091,0.4318181818181818,0.4090909090909091,0.4090909090909091,nan,nan,0.041997229455493765,0.151871079683487,0.0,0.9789473684210527,0.0,0.21693789932632318,0.116585965124191,2.6967595559914805,20,20,8.91037130355835
1307,,0.17732116573735843,0.0073883819057232675,-0.023505843430757522,1.0,1.0,1.0,1.0,1.0,0.02857142857142857,0.9333333333333333,0.0380952380952381,0.46216103218527377,0.041666666666666664,0.041666666666666664,7.375,0.9807178844164086,0.08044570631309148,37.5,-0.011199108300529555,0.375,0.043727114573792185,0.1380952380952381,0.5142857142857142,0.3476190476190476,0.5,0.5,nan,nan,0.03819423001212382,0.23103201856625738,0.018518518518518517,0.958904109589041,0.0273972602739726,0.22902170813743813,0.14857600182434666,2.3293807255057604,20,20,7.627158880233765
1308,,0.18883228705782612,0.013488020504130437,-0.014512253180146217,1.0,1.0,1.0,1.0,1.0,0.017094017094017096,0.9743589743589743,0.008547008547008548,0.45930281187715344,0.0,0.0,2.142857142857143,0.9984658677062628,0.024338413924280017,100.0,0.0001557975713635043,1.0,0.0001557975713635043,0.18803418803418803,0.5299145299145299,0.28205128205128205,0.5128205128205128,0.5128205128205128,nan,nan,0.04769846018604281,0.2548932279688,0.016129032258064516,0.9696969696969697,0.0,0.2027577658224105,0.1784193518981305,2.6743177171432944,20,20,2.9061014652252197
1309,,0.19123405715816483,0.017384914287105892,-0.01668015830218792,1.0,1.0,1.0,1.0,0.0,0.06349206349206349,0.9365079365079365,0.0,0.46532284740824253,0.0,0.0,2.1818181818181817,0.997717624071206,0.03415148053898251,0.0,0.0,0.0,0.0,0.18253968253968253,0.5,0.31746031746031744,0.4603174603174603,0.4603174603174603,nan,nan,0.048910096056222145,0.33067127330778295,0.0,0.975,0.0,0.20869310657335977,0.17454162603437726,3.2411766835282196,20,20,2.972398042678833
1310,,0.1935071273979524,0.016125593949829365,-0.009669067990034818,1.0,1.0,1.0,1.0,0.0,0.08955223880597014,0.9104477611940298,0.0,0.46010113542336817,0.0,0.0,3.5,0.996485538295333,0.042684411441122644,0.0,0.0,0.0,0.0,0.21641791044776118,0.21641791044776118,0.5671641791044776,0.16417910447761194,0.16417910447761194,nan,nan,0.06318089816404354,0.33272521904032615,0.0,0.9342105263157895,0.0,0.21861755783508052,0.17593314639395788,3.072221263072996,20,20,3.1206178665161133
1311,,0.19263912875799405,0.014818394519845696,-0.01702232491225004,1.0,1.0,1.0,1.0,1.0,0.31297709923664124,0.6641221374045801,0.022900763358778626,0.4638529911189555,0.011538461538461539,0.011538461538461539,1.0769230769230769,0.9990650436612282,0.021954595808809096,100.0,0.019630237732196503,1.0,0.019630237732196503,0.1450381679389313,0.35877862595419846,0.4961832061068702,0.25190839694656486,0.25190839694656486,nan,nan,0.05898702961552839,0.41316411896790783,0.02127659574468085,0.6307692307692307,0.03076923076923077,0.20673633376028966,0.18478173795148056,2.671653216022871,20,20,3.9829652309417725
1312,,0.19250534076031567,0.01375038148287969,-0.024452645471319555,1.0,1.0,1.0,1.0,1.0,0.2898550724637681,0.7028985507246377,0.007246376811594203,0.46474896714207714,0.02857142857142857,0.02857142857142857,2.142857142857143,0.9976104630978456,0.035182371029119586,100.0,0.010201247357965529,1.0,0.010201247357965529,0.18115942028985507,0.4057971014492754,0.41304347826086957,0.3333333333333333,0.3333333333333333,nan,nan,0.06113938476323078,0.4057308820042396,0.017857142857142856,0.7017543859649122,0.0,0.20966969871196808,0.1744873276828485,2.2913896008084604,20,20,3.520045042037964
1313,,0.18612597061105787,0.008863141457669423,0.01571105755865574,1.0,1.0,1.0,1.0,1.0,0.0047169811320754715,0.9198113207547169,0.07547169811320754,0.4599184471775689,0.06666666666666667,0.06666666666666667,7.190476190476191,0.9879672046226542,0.09473140186793852,12.5,-0.06000331268163449,0.125,0.02404093279419449,0.1650943396226415,0.2971698113207547,0.5377358490566038,0.3160377358490566,0.3160377358490566,nan,nan,0.04547342026992363,0.1267857694023559,0.0,0.956140350877193,0.03508771929824561,0.23130508715114934,0.13657368528321082,2.4398160100541926,20,20,7.594261169433594
1314,,0.16299882847008915,0.005620649257589281,0.05058394707739353,0.9,0.9,0.9,0.9330143540669856,1.0,0.1065989847715736,0.8375634517766497,0.05583756345177665,0.46670554318787816,0.07586206896551724,0.07586206896551724,5.379310344827586,0.8246295510132766,0.3092790298565611,18.181818181818183,-0.06243225377399805,0.18181818181818182,0.06818476283641643,0.14720812182741116,0.4010152284263959,0.4517766497461929,0.3147208121827411,0.3147208121827411,nan,nan,0.10584000376210001,0.5304817706464752,0.02531645569620253,0.9325842696629213,0.033707865168539325,0.22675029915127487,-0.08252873070528624,2.6339922434140175,20,20,10.380546569824219
1315,,0.18676344281625779,0.01556362023468815,-0.014509585313498973,1.0,1.0,1.0,1.0,0.0,0.007352941176470588,0.9926470588235294,0.0,0.502813447235773,0.004166666666666667,0.004166666666666667,2.6666666666666665,0.9984405793961884,0.023204464656259943,0.0,0.0,0.0,0.0,0.15441176470588236,0.25735294117647056,0.5882352941176471,0.25,0.25,nan,nan,0.04815353888569696,0.24981782163383942,0.0,1.0,0.0,0.19915385426157015,0.1759493896053102,2.3084603077877004,20,20,3.6248273849487305
1316,,0.1925649946059849,0.016047082883832074,-0.00140535868704319,1.0,1.0,1.0,1.0,1.0,0.256,0.736,0.008,0.47349625510396437,0.008333333333333333,0.008333333333333333,2.0833333333333335,0.9963868715410094,0.047769026539508264,0.0,-0.006485995192466662,0.0,0.0,0.176,0.448,0.376,0.272,0.272,nan,nan,0.06082035316603386,0.32734068645233805,0.017857142857142856,0.851063829787234,0.0,0.22661160367000083,0.17884257713049256,2.310315040680776,20,20,3.3369879722595215
1317,,0.1722475309270166,0.005382735341469269,-0.004630152136087418,1.0,1.0,1.0,1.0,1.0,0.04182509505703422,0.844106463878327,0.11406844106463879,0.5219407934506307,0.1265625,0.1265625,7.5,0.9800060809657417,0.10320399619340644,26.666666666666668,-0.06677657810843235,0.26666666666666666,0.04980169229332852,0.155893536121673,0.5627376425855514,0.2813688212927757,0.5551330798479087,0.5551330798479087,nan,nan,0.03517884277808804,0.1523797998988468,0.060810810810810814,0.8648648648648649,0.10810810810810811,0.2229742976672851,0.11977030147387867,2.423297753697001,20,20,13.072204828262329
1318,,0.17641534989696186,0.007056613995878475,0.007524066045880318,1.0,1.0,1.0,1.0,1.0,0.026041666666666668,0.9010416666666666,0.07291666666666667,0.4750528864148073,0.074,0.074,6.36,0.9755350604988254,0.1078915637913405,35.714285714285715,-0.04710819495193487,0.35714285714285715,0.07875333507606967,0.14583333333333334,0.3958333333333333,0.4583333333333333,0.3958333333333333,0.3958333333333333,nan,nan,0.06153744535450234,0.23653969776074055,0.05263157894736842,0.8977272727272727,0.056818181818181816,0.227363335559456,0.1194717717681155,2.4838371966844726,20,20,7.969266414642334
1319,,0.1858946978279917,0.011618418614249481,-0.005415846779942513,1.0,1.0,1.0,1.0,1.0,0.464,0.464,0.072,0.5245779397984733,0.034375,0.034375,1.1875,0.980699048531887,0.12821243175698813,22.22222222222222,-0.001158664438790708,0.2222222222222222,0.05296688926869216,0.208,0.472,0.32,0.264,0.264,nan,nan,0.08141841508991773,0.49785196140983334,0.05084745762711865,0.275,0.1,0.20801097742777308,0.07979854567078495,1.9201638735717335,20,20,4.77690052986145
1320,,0.16773934762267936,0.0046594263228522045,-0.01349520292133093,1.0,1.0,1.0,1.0,1.0,0.027237354085603113,0.8521400778210116,0.12062256809338522,0.47875591712120996,0.1625,0.1625,6.166666666666667,0.9789906916280512,0.09494726338324616,22.58064516129032,-0.13127429293249293,0.22580645161290322,0.06934492502238228,0.12840466926070038,0.7042801556420234,0.16731517509727625,0.6264591439688716,0.6264591439688716,nan,nan,0.04464596126445011,0.2859924662060572,0.08287292817679558,0.9534883720930233,0.046511627906976744,0.21724813557226044,0.12230087218901428,2.166614777932733,20,20,12.969356536865234
1321,,0.1314540419511856,0.00410793881097455,0.04414527304470539,0.8,0.8,0.8,0.9132653061224489,1.0,0.20765027322404372,0.6830601092896175,0.1092896174863388,0.4740524166554678,0.16875,0.16875,2.59375,0.6751891014319027,0.28418581307233387,25.0,-0.06785446206746294,0.25,0.14583914737150974,0.12568306010928962,0.32786885245901637,0.546448087431694,0.2459016393442623,0.2459016393442623,nan,nan,0.09195915217217769,0.34226704867919266,0.08333333333333333,0.74,0.05,0.19778368851415778,-0.08640212455817609,1.9731424909075723,20,20,16.393563747406006
1322,,0.18093086692114776,0.008224130314597625,-0.006653996184468269,1.0,1.0,1.0,1.0,1.0,0.015306122448979591,0.9030612244897959,0.08163265306122448,0.4759251393404239,0.056818181818181816,0.056818181818181816,6.636363636363637,0.9815972759280814,0.08946394066010882,37.5,-0.036629743148349714,0.375,0.02781595659462478,0.12244897959183673,0.3673469387755102,0.5102040816326531,0.3673469387755102,0.3673469387755102,nan,nan,0.042467004084854196,0.12272278227220827,0.05555555555555555,0.95,0.05,0.22854728877465139,0.13908334811454257,2.4888629079615288,20,20,7.164002418518066
1323,,0.1903446833389207,0.017304062121720063,0.0195859894156456,1.0,1.0,1.0,1.0,1.0,0.14074074074074075,0.8148148148148148,0.044444444444444446,0.4596677139946471,0.02727272727272727,0.02727272727272727,2.4545454545454546,0.9985108545772161,0.027132408205924607,16.666666666666664,-0.01917848374675203,0.16666666666666666,0.07161381275573972,0.2222222222222222,0.2962962962962963,0.48148148148148145,0.2518518518518518,0.2518518518518518,nan,nan,0.052380806512135794,0.3200118472533082,0.075,0.8769230769230769,0.03076923076923077,0.20531544057174694,0.17818303236582234,2.9223400378244193,20,20,2.968149185180664
1324,,0.18800483696814824,0.013428916926296303,-0.017746419087052344,1.0,1.0,1.0,1.0,1.0,0.16279069767441862,0.813953488372093,0.023255813953488372,0.4924802978572968,0.014285714285714285,0.014285714285714285,1.6428571428571428,0.9987389239835259,0.023238551345013625,0.0,-0.01720747245594129,0.0,0.0,0.16279069767441862,0.5658914728682171,0.2713178294573643,0.4418604651162791,0.4418604651162791,nan,nan,0.04097512572237463,0.2492880058721995,0.0410958904109589,0.8857142857142857,0.0,0.19808549814395732,0.1748469467989437,2.0576375864575773,20,20,3.4787585735321045
1325,,0.1409647135372505,0.0029992492241968194,0.0429182897011439,0.85,0.85,0.85,0.8648648648648649,1.0,0.07327586206896551,0.75,0.17672413793103448,0.4975642330472994,0.17340425531914894,0.17340425531914894,2.978723404255319,0.7200784755061791,0.314352786562499,21.951219512195124,-0.10681916486310906,0.21951219512195122,0.06656709868639678,0.125,0.7198275862068966,0.15517241379310345,0.6120689655172413,0.6120689655172413,nan,nan,0.06120295790339832,0.32936185892778874,0.07784431137724551,0.8611111111111112,0.1111111111111111,0.23584399024772632,-0.07850879631477269,1.7453572498592018,20,20,19.9021737575531
1326,,0.09060205931303347,0.001776510966922225,0.148946983118852,0.55,0.55,0.55,0.752895752895753,0.9148936170212766,0.1902439024390244,0.5707317073170731,0.23902439024390243,0.503746300394414,0.23921568627450981,0.23921568627450981,2.156862745098039,0.4011194532201793,0.3019429473920449,30.612244897959183,-0.13691707549288276,0.30612244897959184,0.11364523724044343,0.14146341463414633,0.7170731707317073,0.14146341463414633,0.4292682926829268,0.4292682926829268,nan,nan,0.11774860853642198,0.42733893409723417,0.21768707482993196,0.8620689655172413,0.06896551724137931,0.21115809455150197,-0.09078485284054294,2.135397469159481,20,20,17.97590398788452
1327,,0.18124537974983568,0.006473049276779845,0.007217797636985779,1.0,1.0,1.0,1.0,1.0,0.08421052631578947,0.8421052631578947,0.07368421052631578,0.4808432898679582,0.10892857142857143,0.10892857142857143,4.142857142857143,0.9901511483955507,0.0801838435773635,7.142857142857142,-0.0641968367913184,0.07142857142857142,0.0481039872859049,0.18947368421052632,0.43157894736842106,0.37894736842105264,0.35789473684210527,0.35789473684210527,nan,nan,0.05492931772809186,0.25433615723181296,0.04878048780487805,0.9166666666666666,0.027777777777777776,0.2258384587403589,0.1456546151629954,2.246154126623887,20,20,7.002825975418091
1328,,0.19001759384883793,0.01583479948740316,0.008758974075317384,1.0,1.0,1.0,1.0,1.0,0.18382352941176472,0.7647058823529411,0.051470588235294115,0.4655266733102811,0.025,0.025,1.8333333333333333,0.9985819655420013,0.028955054245915213,14.285714285714285,-0.01577947114926764,0.14285714285714285,0.03296499064193572,0.18382352941176472,0.4485294117647059,0.36764705882352944,0.4338235294117647,0.4338235294117647,nan,nan,0.0448479519550444,0.28862294798896904,0.06557377049180328,0.74,0.04,0.20415684265161782,0.1752017884057026,2.365752573702679,20,20,3.14129376411438
1329,,0.18392130129832004,0.00707389620378154,-0.01536284238100052,1.0,1.0,1.0,1.0,1.0,0.07766990291262135,0.8300970873786407,0.09223300970873786,0.48740206806525327,0.11923076923076924,0.11923076923076924,4.423076923076923,0.9888067819387649,0.0769781842669453,26.31578947368421,-0.05856307440836429,0.2631578947368421,0.03253283549276096,0.16019417475728157,0.46601941747572817,0.3737864077669903,0.45145631067961167,0.45145631067961167,nan,nan,0.0424551672703254,0.26407378761602285,0.0625,0.8311688311688312,0.07792207792207792,0.22317461377100828,0.14619642950406297,2.2724824044647836,20,20,7.66852331161499
1330,,0.1898637403436432,0.014604903103357169,-0.010846310015767812,1.0,1.0,1.0,1.0,1.0,0.015384615384615385,0.9769230769230769,0.007692307692307693,0.4818641904651975,0.0,0.0,2.923076923076923,0.9983910031852915,0.025524156867153452,0.0,-0.004009367460614741,0.0,0.0,0.18461538461538463,0.2692307692307692,0.5461538461538461,0.26153846153846155,0.26153846153846155,nan,nan,0.06205540147287705,0.33784737373074003,0.0,0.9859154929577465,0.014084507042253521,0.20293684906774775,0.1774126922005943,2.9230079339241475,20,20,3.3821780681610107
1331,,0.08627019375495505,0.0022702682567093437,0.12477282658219338,0.6,0.6,0.6,0.6479591836734694,0.7916666666666666,0.23357664233576642,0.583941605839416,0.18248175182481752,0.49972082749742475,0.13026315789473683,0.13026315789473683,1.4210526315789473,0.3014495937156187,0.36440819360626897,20.0,-0.31629264697007575,0.2,0.053917091478333526,0.20437956204379562,0.5109489051094891,0.2846715328467153,0.30656934306569344,0.30656934306569344,nan,nan,0.17679204167490511,0.7121940522092817,0.17142857142857143,0.6923076923076923,0.1282051282051282,0.2745976373129703,-0.08981055629329866,2.022431339489044,20,20,20.81629490852356
1332,,0.19300471194842136,0.01135321834990714,-0.0024298135191202163,1.0,1.0,1.0,1.0,1.0,0.22900763358778625,0.7480916030534351,0.022900763358778626,0.4923637795344214,0.008823529411764706,0.008823529411764706,0.7058823529411765,0.9980806182238369,0.0422606354359881,0.0,-0.00566302870623268,0.0,0.0,0.183206106870229,0.3816793893129771,0.4351145038167939,0.26717557251908397,0.26717557251908397,nan,nan,0.06981664508906228,0.3533947956965245,0.04,0.7017543859649122,0.017543859649122806,0.22063655460194215,0.17837591916595405,2.206385845777289,20,20,3.897360324859619
1333,,0.14748882196725868,0.0044693582414320815,0.130106183886528,0.75,0.75,0.75,0.855,0.7692307692307693,0.1787709497206704,0.6703910614525139,0.15083798882681565,0.47882584448459303,0.13636363636363635,0.13636363636363635,3.757575757575758,0.6813892678931742,0.3612306621397896,29.629629629629626,-0.45058310567523213,0.2962962962962963,0.06406496988957841,0.16201117318435754,0.7653631284916201,0.07262569832402235,0.5139664804469274,0.5139664804469274,nan,nan,0.19182274676305952,0.7728469267692796,0.12408759124087591,0.8461538461538461,0.15384615384615385,0.28733331126272865,-0.07389735087706092,1.475864475162735,20,20,19.433459520339966
1334,,0.16638032597980404,0.00639924330691554,0.08248997181653976,0.95,0.95,0.95,0.9946808510638298,1.0,0.047872340425531915,0.9308510638297872,0.02127659574468085,0.4795839862071891,0.046153846153846156,0.046153846153846156,6.038461538461538,0.9013121894319355,0.26793981752579604,50.0,0.01655414782479817,0.5,0.10760818384680318,0.10106382978723404,0.5425531914893617,0.35638297872340424,0.5,0.5,nan,nan,0.06835989475590586,0.3855180084163429,0.029411764705882353,0.9701492537313433,0.0,0.22187040483415404,-0.04606941269164202,2.2316873352093487,20,20,7.710249900817871
1335,,0.17217747022085403,0.0068870988088341615,0.0026349004358053206,1.0,1.0,1.0,1.0,1.0,0.09090909090909091,0.8585858585858586,0.050505050505050504,0.4810218426715583,0.076,0.076,5.96,0.9792975776398992,0.09818191678828242,30.0,-0.045590274531124,0.3,0.06348016525591955,0.16666666666666666,0.48484848484848486,0.3484848484848485,0.43434343434343436,0.43434343434343436,nan,nan,0.049009150371471986,0.2473537125376162,0.03125,0.8695652173913043,0.028985507246376812,0.21242406885027698,0.11424215206199456,2.309582567379894,20,20,7.790692567825317
1336,,0.17707420203885807,0.005533568813714315,-0.013590879179537297,1.0,1.0,1.0,1.0,1.0,0.03571428571428571,0.8571428571428571,0.10714285714285714,0.4899000679339224,0.1359375,0.1359375,6.46875,0.9863917813287925,0.06905094382767407,33.33333333333333,-0.09408249702176955,0.3333333333333333,0.0610892233034277,0.1388888888888889,0.25396825396825395,0.6071428571428571,0.29365079365079366,0.29365079365079366,nan,nan,0.07295324080511857,0.23649392466489497,0.015625,0.869281045751634,0.0915032679738562,0.21547746354565267,0.1464265197179786,2.522275175763695,20,20,12.862209558486938
1337,,0.1886201171756353,0.01714728337960321,-0.0024889230728149412,1.0,1.0,1.0,1.0,0.0,0.045112781954887216,0.9548872180451128,0.0,0.4887753478537144,0.00909090909090909,0.00909090909090909,2.5454545454545454,0.9989767165321427,0.02087601730841776,0.0,0.0,0.0,0.0,0.16541353383458646,0.46616541353383456,0.3684210526315789,0.42105263157894735,0.42105263157894735,nan,nan,0.03387798049500915,0.18664628993009558,0.0,1.0,0.0,0.199831495746426,0.17895547843800824,2.9881351964647482,20,20,3.0857794284820557
1338,,0.1582551660523362,0.004395976834787116,0.20935033559799193,0.7,0.7,0.7,0.8291457286432161,0.8333333333333334,0.3430232558139535,0.5523255813953488,0.10465116279069768,0.4814516941510697,0.175,0.175,1.6111111111111112,0.3771092278032357,0.9857553350128271,33.33333333333333,-0.3428856328397843,0.3333333333333333,0.09528630872501058,0.1686046511627907,0.8023255813953488,0.029069767441860465,0.42441860465116277,0.42441860465116277,nan,nan,0.32936480802082074,2.109456781201318,0.10144927536231885,0.6,0.0,0.8861680490125037,-0.0995872860003234,1.5466459934854502,20,20,22.938855409622192
1339,,0.17872533174941568,0.00744688882289232,-0.012328775599598885,1.0,1.0,1.0,1.0,1.0,0.07106598984771574,0.8883248730964467,0.04060913705583756,0.4944496144577594,0.09791666666666667,0.09791666666666667,6.166666666666667,0.9801933663378772,0.11903799218917836,25.0,-0.03786942878469311,0.25,0.10437848568278771,0.116751269035533,0.48223350253807107,0.4010152284263959,0.4416243654822335,0.4416243654822335,nan,nan,0.05180029029979418,0.2307467277220581,0.021052631578947368,0.9493670886075949,0.012658227848101266,0.24061680880951933,0.12157881662034097,1.939130676686643,20,20,8.179052829742432
1340,,0.09174260787920274,0.0017309926014943914,0.09129361100494862,0.55,0.55,0.55,0.6117216117216118,0.8260869565217391,0.20670391061452514,0.5307262569832403,0.26256983240223464,0.4970413919102251,0.18962264150943398,0.18962264150943398,1.320754716981132,0.32925108503257866,0.37639431050329347,34.04255319148936,-0.5146591788773346,0.3404255319148936,0.09715600284154967,0.11731843575418995,0.7262569832402235,0.1564245810055866,0.45251396648044695,0.45251396648044695,nan,nan,0.2237827604020808,0.6765435881129087,0.2076923076923077,0.6785714285714286,0.17857142857142858,0.2903630322040161,-0.08603127829927736,1.7522274017529755,20,20,41.69193434715271
1341,,0.1927699152460094,0.012851327683067293,0.0007347395643591881,1.0,1.0,1.0,1.0,1.0,0.25925925925925924,0.7111111111111111,0.02962962962962963,0.48550921061231445,0.023333333333333334,0.023333333333333334,1.5333333333333334,0.9986099021674658,0.035008840211380066,25.0,-0.026670361925482052,0.25,0.013094044384332454,0.14814814814814814,0.43703703703703706,0.4148148148148148,0.23703703703703705,0.23703703703703705,nan,nan,0.06184069530426756,0.3312758203526467,0.05084745762711865,0.8392857142857143,0.0,0.2134110233386916,0.17840218312731154,1.969049437899008,20,20,3.890338182449341
1342,,0.17864413332765472,0.00406009393926488,0.0604772133131822,0.95,0.95,0.95,0.9581749049429658,0.975609756097561,0.08108108108108109,0.7374517374517374,0.18146718146718147,0.4879315931607297,0.1693181818181818,0.1693181818181818,3.8636363636363638,0.891469903842314,0.3500090049346989,19.148936170212767,-0.18592071147453998,0.19148936170212766,0.032845184984945965,0.11583011583011583,0.7142857142857143,0.16988416988416988,0.5945945945945946,0.5945945945945946,nan,nan,0.06944253189334,0.27682060291730576,0.12972972972972974,0.8636363636363636,0.13636363636363635,0.30376789445979846,-0.04624111047490041,1.9176665329293312,20,20,19.757554531097412
1343,,0.1802387899094099,0.007209551596376396,0.08009297847747802,0.95,0.95,0.95,0.9632352941176471,1.0,0.39849624060150374,0.48120300751879697,0.12030075187969924,0.49125307250674816,0.014,0.014,0.48,0.8970756448297814,0.3083785258869927,50.0,-0.006453128362276188,0.5,0.008994310299960184,0.15037593984962405,0.3007518796992481,0.5488721804511278,0.19548872180451127,0.19548872180451127,nan,nan,0.09592692003083954,0.6773722820807896,0.225,0.3698630136986301,0.0684931506849315,0.24489064992914283,-0.06348787595784988,1.772413674314628,20,20,7.775049924850464
1344,,0.1762078220351235,0.007341992584796813,-0.0005043145269155502,1.0,1.0,1.0,1.0,1.0,0.03365384615384615,0.8894230769230769,0.07692307692307693,0.5163139643516691,0.07916666666666666,0.07916666666666666,6.583333333333333,0.9821267268214197,0.09362658819624356,18.75,-0.07337580014922476,0.1875,0.06483805087469058,0.14423076923076922,0.27403846153846156,0.5817307692307693,0.30288461538461536,0.30288461538461536,nan,nan,0.06816393895881524,0.15999589828701608,0.017543859649122806,0.9173553719008265,0.06611570247933884,0.21210011837353956,0.118473530177296,2.0126918303981576,20,20,8.400757312774658
1345,,0.18071069220791336,0.006950411238765899,-0.024127060174942018,1.0,1.0,1.0,1.0,1.0,0.01485148514851485,0.8960396039603961,0.0891089108910891,0.5119218329529338,0.08653846153846154,0.08653846153846154,5.538461538461538,0.9907980554519316,0.057437016511831473,22.22222222222222,-0.0795364481777953,0.2222222222222222,0.03892016336635967,0.12376237623762376,0.4801980198019802,0.39603960396039606,0.44554455445544555,0.44554455445544555,nan,nan,0.034925970712748854,0.1171241217355754,0.061855670103092786,0.975,0.0,0.21310464053248201,0.15566762402065054,2.00038887726609,20,20,8.418185472488403
1346,,0.1756476783108744,0.007318653262953101,-0.03605259712785482,1.0,1.0,1.0,1.0,1.0,0.009900990099009901,0.9405940594059405,0.04950495049504951,0.506056507009392,0.052083333333333336,0.052083333333333336,7.083333333333333,0.973503757922923,0.0864677104081632,0.0,-0.09551389942788122,0.0,0.0,0.18316831683168316,0.43564356435643564,0.3811881188118812,0.4207920792079208,0.4207920792079208,nan,nan,0.04120626455800344,0.1881246267509012,0.03409090909090909,1.0,0.0,0.2202011708101029,0.1337334604019397,2.2799558385936045,20,20,7.241058111190796
1347,,0.18023016321052596,0.00500639342251461,0.08904596902430058,0.9,0.9,0.9,0.9752475247524752,0.96,0.205,0.67,0.125,0.5319304802563339,0.21388888888888888,0.21388888888888888,2.7777777777777777,0.7960857599659549,0.5168852018829173,16.0,-0.09881949351204909,0.16,0.018167495351808317,0.145,0.57,0.285,0.425,0.425,nan,nan,0.12178815078386768,0.44743364632339416,0.08771929824561403,0.6842105263157895,0.08771929824561403,0.49517563975734424,-0.02170956212557308,1.7872495477782362,20,20,9.159032344818115
1348,,0.1771300652717544,0.006326073759705514,0.0030433233827352525,1.0,1.0,1.0,1.0,1.0,0.14507772020725387,0.7875647668393783,0.06735751295336788,0.5323407545199318,0.12678571428571428,0.12678571428571428,4.464285714285714,0.9847986106772406,0.1041690313125819,23.076923076923077,-0.05904919954417986,0.23076923076923078,0.03858201307250029,0.12435233160621761,0.47150259067357514,0.40414507772020725,0.34196891191709844,0.34196891191709844,nan,nan,0.05955697176155212,0.2330250686958996,0.07692307692307693,0.9487179487179487,0.0,0.21268985746396285,0.10852082615138095,2.448728113941492,20,20,8.658051013946533
1349,,0.19306917783772096,0.014851475218286227,-0.015174475312232972,1.0,1.0,1.0,1.0,1.0,0.17037037037037037,0.8,0.02962962962962963,0.5554895064829347,0.038461538461538464,0.038461538461538464,2.769230769230769,0.9963594106759864,0.05276958515258806,50.0,-0.0026660966215626093,0.5,0.015429691724300594,0.17037037037037037,0.28888888888888886,0.5407407407407407,0.2074074074074074,0.2074074074074074,nan,nan,0.0749286734868368,0.3717783385653751,0.05128205128205128,0.8356164383561644,0.0273972602739726,0.22395152627138024,0.17118194111879217,2.296336410076967,20,20,4.2040114402771
1350,,0.17758994766378913,0.006830382602453429,-0.017948311287909746,1.0,1.0,1.0,1.0,1.0,0.12437810945273632,0.8159203980099502,0.05970149253731343,0.5391852442349773,0.10961538461538461,0.10961538461538461,5.730769230769231,0.9918668341019417,0.07218327117860521,25.0,-0.014701523351281914,0.25,0.06286003688516638,0.1890547263681592,0.417910447761194,0.39303482587064675,0.3781094527363184,0.3781094527363184,nan,nan,0.048802660529589,0.2232072174999329,0.03571428571428571,0.8227848101265823,0.02531645569620253,0.21561341538069329,0.14343014420208808,2.4486385518808604,20,20,6.9834959506988525
1351,,0.17746781899852507,0.008066719045387503,-0.012469427660107613,1.0,1.0,1.0,1.0,1.0,0.035175879396984924,0.9396984924623115,0.02512562814070352,0.5375347401174209,0.038636363636363635,0.038636363636363635,8.181818181818182,0.9822464525177945,0.08937638104919021,0.0,-0.1020050983446863,0.0,0.0,0.17587939698492464,0.2864321608040201,0.5376884422110553,0.2914572864321608,0.2914572864321608,nan,nan,0.05441342501410081,0.2187300290108633,0.0,0.9813084112149533,0.0,0.21566080455183498,0.12628442350264477,2.49988121303542,20,20,7.6223156452178955
1352,,0.1840857745876025,0.006574491949557232,-0.00982781071215868,1.0,1.0,1.0,1.0,1.0,0.10837438423645321,0.8472906403940886,0.04433497536945813,0.5418021556026945,0.13214285714285715,0.13214285714285715,5.214285714285714,0.9844314307988989,0.09210047265589394,22.22222222222222,-0.11204024186245477,0.2222222222222222,0.06035172259269435,0.1330049261083744,0.5517241379310345,0.31527093596059114,0.43842364532019706,0.43842364532019706,nan,nan,0.064476636301254,0.2818761125138987,0.05357142857142857,0.984375,0.0,0.2286999698223422,0.13659949716644826,1.8320965977544528,20,20,8.74606966972351
1353,,0.19466068023252214,0.01769642547568383,-0.0031099675223231317,1.0,1.0,1.0,1.0,1.0,0.39097744360902253,0.5714285714285714,0.03759398496240601,0.5461885238367937,0.01818181818181818,0.01818181818181818,1.1818181818181819,0.9990358805338347,0.029403238669197557,40.0,-0.014799936238265527,0.4,0.007774814370651549,0.19548872180451127,0.5864661654135338,0.21804511278195488,0.2932330827067669,0.2932330827067669,nan,nan,0.04879323735384338,0.2621595998138532,0.05128205128205128,0.6896551724137931,0.0,0.21253343642980455,0.183130197760607,2.595067069054434,20,20,3.776062250137329
1354,,0.1797203956918891,0.005285893990937915,-0.010103458538651466,1.0,1.0,1.0,1.0,1.0,0.003816793893129771,0.8854961832061069,0.11068702290076336,0.5294076513071024,0.11470588235294117,0.11470588235294117,6.705882352941177,0.9852519179067568,0.09859102204017026,17.24137931034483,-0.07573828923392138,0.1724137931034483,0.0693149446390802,0.08778625954198473,0.5114503816793893,0.40076335877862596,0.5038167938931297,0.5038167938931297,nan,nan,0.033290626393416727,0.1501610229695573,0.05970149253731343,0.9333333333333333,0.05714285714285714,0.2366657655378143,0.13807474349764404,2.1360213277836975,20,20,13.632248878479004
1355,,0.168103674383934,0.006003702656569071,0.005082333832979203,0.95,0.95,0.95,0.995,1.0,0.12060301507537688,0.8140703517587939,0.06532663316582915,0.551043660045668,0.10535714285714286,0.10535714285714286,4.642857142857143,0.9262126829446464,0.23940350510983133,15.384615384615385,-0.04358490989107138,0.15384615384615385,0.05314220128666343,0.12562814070351758,0.4321608040201005,0.44221105527638194,0.3969849246231156,0.3969849246231156,nan,nan,0.039285826367077295,0.15872964717709745,0.023255813953488372,0.8295454545454546,0.045454545454545456,0.21483814848443278,-0.02456535662539855,2.189245253301206,20,20,7.274879455566406
1356,,0.16381792652838723,0.005460597550946241,0.032401155307888986,0.9,0.9,0.9,0.9899497487437185,1.0,0.24623115577889448,0.6381909547738693,0.11557788944723618,0.5181702935309538,0.205,0.205,3.066666666666667,0.8967054951623455,0.21181131109649093,30.434782608695656,-0.0740394858392026,0.30434782608695654,0.09559308421097103,0.20603015075376885,0.23618090452261306,0.5577889447236181,0.22110552763819097,0.22110552763819097,nan,nan,0.08318163214210303,0.38411685020337444,0.10638297872340426,0.7027027027027027,0.08108108108108109,0.21024644270145024,-0.0015648683950406778,2.272608923219485,20,20,11.027190923690796
1357,,0.16349208666984408,0.004192104786406258,0.03341812416911125,0.9,0.9,0.9,0.9158415841584159,0.9,0.0748663101604278,0.8716577540106952,0.053475935828877004,0.5051678263855417,0.05641025641025641,0.05641025641025641,3.641025641025641,0.7871426348449547,0.31470248264810646,10.0,-0.09801153211517588,0.1,0.03311662816396538,0.13903743315508021,0.22994652406417113,0.6310160427807486,0.2192513368983957,0.2192513368983957,nan,nan,0.08249799021079393,0.2744317399178857,0.023255813953488372,0.8898305084745762,0.0423728813559322,0.22956688940873457,-0.08513559323937188,2.1358218984024155,20,20,10.57392168045044
1358,,0.18985799235270262,0.012657199490180175,-0.030730518326163293,1.0,1.0,1.0,1.0,1.0,0.256198347107438,0.71900826446281,0.024793388429752067,0.5345705192489549,0.02,0.02,0.6666666666666666,0.9988477716337121,0.023550997484143188,33.33333333333333,-0.0234036380112926,0.3333333333333333,0.012655530906129135,0.19834710743801653,0.4793388429752066,0.32231404958677684,0.3305785123966942,0.3305785123966942,nan,nan,0.054288060039035246,0.2597447739343304,0.017241379310344827,0.6923076923076923,0.0,0.1988605387264775,0.1753095412423343,2.296133944007656,20,20,2.966411828994751
1359,,0.1899636374961147,0.014612587499701131,-0.030128512158989908,1.0,1.0,1.0,1.0,1.0,0.23484848484848486,0.7424242424242424,0.022727272727272728,0.5576151867692646,0.011538461538461539,0.011538461538461539,1.4615384615384615,0.9987825795414641,0.026559906455507154,66.66666666666666,0.014888469363158395,0.6666666666666666,0.023288162193484296,0.17424242424242425,0.7121212121212122,0.11363636363636363,0.5227272727272727,0.5227272727272727,nan,nan,0.05561899494818568,0.37961661527053453,0.02127659574468085,0.6,0.0,0.19868853102942696,0.1721286245739198,2.5772404322267137,20,20,3.0021114349365234
1360,,0.1708798133760547,0.004882280382172991,-0.011818755976855755,1.0,1.0,1.0,1.0,1.0,0.08695652173913043,0.8731884057971014,0.03985507246376811,0.5522638405154326,0.09714285714285714,0.09714285714285714,7.142857142857143,0.971121045010528,0.11517844289580562,27.27272727272727,-0.03821861341019372,0.2727272727272727,0.09611285530723573,0.12318840579710146,0.5797101449275363,0.2971014492753623,0.532608695652174,0.532608695652174,nan,nan,0.03373477873295406,0.14953985715698165,0.025,0.9390243902439024,0.012195121951219513,0.23695621554795127,0.12177777265214565,2.591153499596126,20,20,13.831922054290771
1361,,0.18031359735914318,0.0066782813836719695,-0.027550631575286387,1.0,1.0,1.0,1.0,1.0,0.08080808080808081,0.8838383838383839,0.03535353535353535,0.5240310850428176,0.07407407407407407,0.07407407407407407,4.62962962962963,0.9900706116353072,0.0701709691126714,14.285714285714285,-0.15903705114172403,0.14285714285714285,0.05715940989735105,0.13131313131313133,0.5505050505050505,0.3181818181818182,0.51010101010101,0.51010101010101,nan,nan,0.04440450262114887,0.2568508458666295,0.027522935779816515,0.9523809523809523,0.015873015873015872,0.2189479095444605,0.1487769404317891,2.259164938283426,20,20,7.272462844848633
1362,,0.1563530233350683,0.004886031979220884,0.06480306684970856,0.9,0.9,0.9,0.9651741293532339,1.0,0.07575757575757576,0.8939393939393939,0.030303030303030304,0.5441171294699643,0.0515625,0.0515625,4.375,0.804791670071155,0.2929330247969299,33.33333333333333,-0.07365895783185579,0.3333333333333333,0.051174092311867786,0.21212121212121213,0.2474747474747475,0.5404040404040404,0.25252525252525254,0.25252525252525254,nan,nan,0.050429202455403735,0.18234406612295864,0.02040816326530612,0.897196261682243,0.028037383177570093,0.22498073127353563,-0.06795229352339428,2.13343979514518,20,20,8.610566854476929
1363,,0.1831572985476078,0.00796336080641773,0.014518368244171142,1.0,1.0,1.0,1.0,1.0,0.0392156862745098,0.9362745098039216,0.024509803921568627,0.5393962867484452,0.02391304347826087,0.02391304347826087,8.130434782608695,0.9751867782316415,0.11589737757480857,20.0,-0.06672317579481246,0.2,0.005813521537004207,0.14705882352941177,0.3137254901960784,0.5392156862745098,0.3382352941176471,0.3382352941176471,nan,nan,0.04364068586306813,0.14919136609779138,0.0,0.9727272727272728,0.01818181818181818,0.22894769636998483,0.11305031879517626,2.146448097179443,20,20,7.868491888046265
1364,,0.1649382675872256,0.005320589277007277,0.029739386215806008,0.95,0.95,0.95,0.9844559585492227,1.0,0.10416666666666667,0.8697916666666666,0.026041666666666668,0.5144831617828458,0.06129032258064516,0.06129032258064516,4.354838709677419,0.9046399911536184,0.2734080261606977,20.0,-0.061926681124225905,0.2,0.015562220981767544,0.14583333333333334,0.453125,0.4010416666666667,0.4166666666666667,0.4166666666666667,nan,nan,0.056345511105662334,0.239880685931654,0.011494252873563218,0.8961038961038961,0.0,0.22175658640948295,-0.051651439751214744,2.11571205349949,20,20,7.455048322677612
1365,,0.1849806181397892,0.006851134005177378,-0.01146671585738659,1.0,1.0,1.0,1.0,1.0,0.11219512195121951,0.8195121951219512,0.06829268292682927,0.5406910473601547,0.07037037037037037,0.07037037037037037,3.814814814814815,0.9913337248358555,0.06015183773800889,14.285714285714285,-0.09849790107229169,0.14285714285714285,0.016718378334292655,0.12682926829268293,0.24878048780487805,0.624390243902439,0.2048780487804878,0.2048780487804878,nan,nan,0.06446619559287374,0.15480620650713273,0.0784313725490196,0.875,0.015625,0.22245096704797157,0.16229912930996268,2.307925724619553,20,20,7.634374618530273
1366,,0.18216270006180643,0.005520081820054741,0.12004173994064331,0.9,0.9,0.9,0.9296482412060302,1.0,0.058823529411764705,0.8983957219251337,0.0427807486631016,0.5107411153970822,0.03787878787878788,0.03787878787878788,4.2727272727272725,0.591547869698412,0.8311217812652183,37.5,-0.02441053377386897,0.375,0.047732314593492704,0.1497326203208556,0.37433155080213903,0.47593582887700536,0.3689839572192513,0.3689839572192513,nan,nan,0.14812869000436446,0.7827236440300904,0.014285714285714285,0.9213483146067416,0.02247191011235955,0.74856091470956,-0.0825608665556583,2.3894814689498842,20,20,10.015984058380127
1367,,0.19100156921648373,0.01591679743470698,-0.01221310133114457,1.0,1.0,1.0,1.0,1.0,0.16176470588235295,0.8235294117647058,0.014705882352941176,0.5653167679905892,0.004166666666666667,0.004166666666666667,2.4166666666666665,0.9993820799066931,0.018154618512258414,0.0,-0.007480513825450583,0.0,0.0,0.20588235294117646,0.19117647058823528,0.6029411764705882,0.21323529411764705,0.21323529411764705,nan,nan,0.054188192522167763,0.3187673497121817,0.0,0.7439024390243902,0.024390243902439025,0.2004190472376059,0.18226442872534748,2.9306013295918416,20,20,3.3487844467163086
1368,,0.18868551997946392,0.01451427076765107,-0.027815870568156244,1.0,1.0,1.0,1.0,0.0,0.0967741935483871,0.9032258064516129,0.0,0.522927324146104,0.0038461538461538464,0.0038461538461538464,2.6153846153846154,0.9975367579006659,0.03546880495462798,0.0,0.0,0.0,0.0,0.1532258064516129,0.4838709677419355,0.3629032258064516,0.4274193548387097,0.4274193548387097,nan,nan,0.053249932261727834,0.3139234073367313,0.0,0.9333333333333333,0.0,0.2042949705177678,0.1688261655631398,2.134932414274034,20,20,3.1536269187927246
1369,,0.18260339623726501,0.007608474843219376,0.0019502989947795869,1.0,1.0,1.0,1.0,1.0,0.004975124378109453,0.9552238805970149,0.03980099502487562,0.5325412287182796,0.029166666666666667,0.029166666666666667,7.625,0.9875767203491367,0.07301683763606975,12.5,-0.08187307667930428,0.125,0.005228460006414137,0.14427860696517414,0.26865671641791045,0.5870646766169154,0.2835820895522388,0.2835820895522388,nan,nan,0.06361192124153991,0.1464171277997063,0.0,0.9830508474576272,0.01694915254237288,0.2247691039652391,0.15175226632916936,2.9346300100214013,20,20,8.317389011383057
1370,,0.18005209265760663,0.007202083706304266,-0.015717711485922336,1.0,1.0,1.0,1.0,1.0,0.11274509803921569,0.8480392156862745,0.0392156862745098,0.5413013951759785,0.104,0.104,5.36,0.9841892024903389,0.0765407533743836,0.0,-0.1051511354649931,0.0,0.0,0.12745098039215685,0.6274509803921569,0.24509803921568626,0.5686274509803921,0.5686274509803921,nan,nan,0.028340110402268862,0.13047116947325546,0.0,0.9,0.0,0.2219308502905781,0.1453900969161945,2.313313049583784,20,20,8.642061233520508
1371,,0.1823696441524588,0.0038802051947331656,0.06131891533732414,0.9,0.9,0.9,0.976,1.0,0.1686746987951807,0.714859437751004,0.11646586345381527,0.5371086771035211,0.20851063829787234,0.20851063829787234,4.74468085106383,0.887953502306645,0.25946738484462467,20.689655172413794,-0.3722711889251871,0.20689655172413793,0.10545550879041576,0.13654618473895583,0.5020080321285141,0.3614457831325301,0.37751004016064255,0.37751004016064255,nan,nan,0.1476375793694167,0.4438828914597345,0.08,0.8555555555555555,0.05555555555555555,0.26328013854557536,0.0038127537009506746,1.640621938859944,20,20,26.055018424987793
1372,,0.17765284267784937,0.006832801641455745,0.011690830811858177,1.0,1.0,1.0,1.0,1.0,0.08823529411764706,0.8823529411764706,0.029411764705882353,0.5186733647858581,0.08269230769230769,0.08269230769230769,4.846153846153846,0.9879315264654065,0.09104150884862999,16.666666666666664,-0.05203302797834556,0.16666666666666666,0.01847176249067406,0.16176470588235295,0.44607843137254904,0.39215686274509803,0.4166666666666667,0.4166666666666667,nan,nan,0.05293940341339567,0.21975674437684262,0.0,0.95,0.025,0.21508808782736819,0.12404657897873819,2.3981361477857757,20,20,8.47152853012085
1373,,0.19104903218985572,0.01736809383544143,-0.008016632124781608,1.0,1.0,1.0,1.0,0.0,0.1111111111111111,0.8888888888888888,0.0,0.5191695846088061,0.0,0.0,2.727272727272727,0.9984761203273604,0.03433297107395919,0.0,0.0,0.0,0.0,0.21428571428571427,0.19047619047619047,0.5952380952380952,0.1746031746031746,0.1746031746031746,nan,nan,0.053500518642512276,0.28843639927613024,0.0,0.84,0.0,0.21353408363853735,0.17920111256457816,2.723765224580244,20,20,2.6052846908569336
1374,,0.17955432790165063,0.005611072746926582,-0.02466979529708624,1.0,1.0,1.0,1.0,1.0,0.051181102362204724,0.8858267716535433,0.06299212598425197,0.5194616947679606,0.1015625,0.1015625,7.28125,0.9780986577162645,0.09778949708220355,31.25,-0.07171883873028817,0.3125,0.04896057890052972,0.14173228346456693,0.3779527559055118,0.48031496062992124,0.3937007874015748,0.3937007874015748,nan,nan,0.039562176203645216,0.13152624840370267,0.020833333333333332,0.9262295081967213,0.040983606557377046,0.2292765928962173,0.13148709581401374,2.604163423378402,20,20,12.041232824325562
1375,,0.19103971647261558,0.014695362805585813,-0.012306788004934788,1.0,1.0,1.0,1.0,1.0,0.2196969696969697,0.7651515151515151,0.015151515151515152,0.5150317710582525,0.011538461538461539,0.011538461538461539,1.6153846153846154,0.9976561230362233,0.03748298346003859,100.0,0.009328111168777641,1.0,0.009328111168777641,0.19696969696969696,0.6060606060606061,0.19696969696969696,0.44696969696969696,0.44696969696969696,nan,nan,0.05105499872471767,0.28132847211740375,0.0125,0.8076923076923077,0.038461538461538464,0.21631866727012777,0.17883568381008919,2.443616878481878,20,20,3.3937134742736816
1376,,0.18102565160372813,0.005324283870697886,0.012468081247061492,1.0,1.0,1.0,1.0,1.0,0.075,0.85,0.075,0.5021523108411416,0.14411764705882352,0.14411764705882352,7.617647058823529,0.9719420152204328,0.1525431742980901,22.22222222222222,-0.13261758648310332,0.2222222222222222,0.05034712243505406,0.17916666666666667,0.4625,0.35833333333333334,0.45,0.45,nan,nan,0.05738644428440575,0.20176436974332146,0.05405405405405406,0.872093023255814,0.011627906976744186,0.25610840855217665,0.10356523425408654,1.9943846859062289,20,20,11.701746225357056
1377,,0.16752329073321182,0.004085933920322239,0.023290519913037617,0.95,0.95,0.95,0.9790794979079498,1.0,0.05042016806722689,0.8865546218487395,0.06302521008403361,0.5091040471909432,0.10609756097560975,0.10609756097560975,5.7073170731707314,0.9011812649494115,0.28952471654861944,13.333333333333334,-0.11049969755428163,0.13333333333333333,0.06811479913895456,0.18067226890756302,0.5882352941176471,0.23109243697478993,0.5588235294117647,0.5588235294117647,nan,nan,0.05669936103946131,0.21245477348852926,0.04285714285714286,0.9454545454545454,0.01818181818181818,0.24220451594756082,-0.047320200601058654,2.0637358132673063,20,20,13.829702377319336
1378,,0.17595502320540127,0.0070382009282160506,-0.012261311896145344,1.0,1.0,1.0,1.0,1.0,0.03,0.955,0.015,0.5198636095481924,0.036,0.036,6.2,0.9810171469262412,0.08730817177610484,0.0,-0.08748294169095328,0.0,0.0,0.135,0.53,0.335,0.52,0.52,nan,nan,0.04088313239094788,0.21767188154412845,0.0,0.9701492537313433,0.0,0.23149975042522047,0.14419157864911564,2.268765984441258,20,20,7.452223777770996
1379,,0.1715586558887641,0.005045842820257767,-0.018347535841166975,1.0,1.0,1.0,1.0,1.0,0.01556420233463035,0.933852140077821,0.05058365758754864,0.5034477416383144,0.057352941176470586,0.057352941176470586,7.852941176470588,0.9800713503406359,0.09735901055588567,15.384615384615385,-0.11061026903774246,0.15384615384615385,0.06687177999013258,0.13618677042801555,0.2801556420233463,0.5836575875486382,0.2840466926070039,0.2840466926070039,nan,nan,0.05687901915796314,0.1659011474065504,0.027777777777777776,0.9933333333333333,0.006666666666666667,0.23490129205329313,0.13754228149740746,2.817832936136338,20,20,13.100810289382935
1380,,0.18584202396743366,0.008447364725792439,-0.013380874320864678,1.0,1.0,1.0,1.0,1.0,0.1306532663316583,0.8492462311557789,0.020100502512562814,0.49743311445530375,0.07272727272727272,0.07272727272727272,6.2272727272727275,0.9773118232654896,0.097811882685655,0.0,-0.13538996236389575,0.0,0.0,0.135678391959799,0.35678391959798994,0.507537688442211,0.32160804020100503,0.32160804020100503,nan,nan,0.08139163832933331,0.2695916853774225,0.014084507042253521,0.8613861386138614,0.0,0.24652529630823888,0.1487134136225839,2.795204741357605,20,20,6.827061414718628
1381,,0.13050005142281232,0.003625001428411453,0.11561290174722672,0.8,0.8,0.8,0.9257425742574258,1.0,0.2356020942408377,0.7277486910994765,0.03664921465968586,0.5065780567561483,0.08055555555555556,0.08055555555555556,2.6944444444444446,0.6159362460855167,0.2928980878406998,14.285714285714285,-0.08930602930027176,0.14285714285714285,0.023431311770171215,0.12041884816753927,0.24083769633507854,0.6387434554973822,0.18324607329842932,0.18324607329842932,nan,nan,0.08761569619222383,0.2673288270216574,0.0,0.7868852459016393,0.01639344262295082,0.2129543157432604,-0.07994377209743943,2.1100187637959893,20,20,16.910109043121338
1382,,0.2015312083554603,0.015502400642727714,0.01728435792028904,1.0,1.0,1.0,1.0,1.0,0.46923076923076923,0.5153846153846153,0.015384615384615385,0.5022942274880524,0.023076923076923078,0.023076923076923078,1.0769230769230769,0.9850150239670342,0.11686353004982519,50.0,-0.01802041114582514,0.5,0.0006044393144806898,0.16923076923076924,0.2,0.6307692307692307,0.18461538461538463,0.18461538461538463,nan,nan,0.10129547871415251,0.42108425558693013,0.038461538461538464,0.4146341463414634,0.0,0.2665616232520191,0.1496980932021939,2.306652548890044,20,20,4.327402114868164
1383,,0.17907929379806697,0.0077860562520898685,0.008103924244642258,1.0,1.0,1.0,1.0,1.0,0.07352941176470588,0.9068627450980392,0.0196078431372549,0.5244454951258376,0.06086956521739131,0.06086956521739131,6.869565217391305,0.9842312612436643,0.07000595515665436,0.0,-0.09250632059248243,0.0,0.0,0.14215686274509803,0.3627450980392157,0.4950980392156863,0.3382352941176471,0.3382352941176471,nan,nan,0.05385211704544648,0.24938028600074238,0.0,0.9603960396039604,0.0,0.2151255512304165,0.14511959607376212,2.6143945317702326,20,20,7.863678932189941
1384,,0.18345634571299893,0.006794679470851812,-0.006290396768599748,1.0,1.0,1.0,1.0,1.0,0.116751269035533,0.8375634517766497,0.04568527918781726,0.521564274655517,0.15555555555555556,0.15555555555555556,4.37037037037037,0.9883607091527269,0.07067588463376745,33.33333333333333,-0.11553693566853937,0.3333333333333333,0.01952454108697605,0.16243654822335024,0.43147208121827413,0.40609137055837563,0.3553299492385787,0.3553299492385787,nan,nan,0.07382091849492861,0.3550900330963826,0.03529411764705882,0.9375,0.0375,0.22229674115025594,0.1516208565164885,2.6295642989522943,20,20,8.109465837478638
1385,,0.17221440154406373,0.004920411472687535,-0.01238846406340599,1.0,1.0,1.0,1.0,1.0,0.10894941634241245,0.8871595330739299,0.0038910505836575876,0.5108204526058399,0.032857142857142856,0.032857142857142856,7.0285714285714285,0.9663483370625021,0.12573936632728536,0.0,-0.33459966546235226,0.0,0.0,0.14785992217898833,0.48249027237354086,0.36964980544747084,0.5330739299610895,0.5330739299610895,nan,nan,0.03755326685577448,0.13223588636003547,0.0,0.9894736842105263,0.0,0.2535403711363851,0.12780100480909976,2.4572742773114844,20,20,12.063913822174072
1386,,0.18142861022538762,0.005183674577868218,-0.016188408620655535,1.0,1.0,1.0,1.0,1.0,0.04964539007092199,0.8936170212765957,0.05673758865248227,0.5189639130194804,0.09428571428571429,0.09428571428571429,6.942857142857143,0.9852934827886716,0.07470266427026664,18.75,-0.1421834573962204,0.1875,0.024172560436493063,0.13829787234042554,0.1595744680851064,0.7021276595744681,0.17375886524822695,0.17375886524822695,nan,nan,0.05876265249487001,0.20413931869174326,0.0,0.9292929292929293,0.020202020202020204,0.21667515567513174,0.1419724914048651,2.561163892957006,20,20,14.801830291748047
1387,,0.1760489640652681,0.008002225639330368,0.028319554403424263,1.0,1.0,1.0,1.0,1.0,0.09313725490196079,0.8676470588235294,0.0392156862745098,0.5393355974907701,0.0659090909090909,0.0659090909090909,6.045454545454546,0.9931226666649215,0.059919130455582115,0.0,-0.09333824091945551,0.0,0.0,0.22058823529411764,0.18627450980392157,0.5931372549019608,0.20098039215686275,0.20098039215686275,nan,nan,0.053900986896703945,0.15041604556923663,0.0,0.9173553719008265,0.008264462809917356,0.21241180777268148,0.15249267731709937,2.990237489540477,20,20,7.504823207855225
1388,,0.19184771351894683,0.014757516424534371,-0.006678473670035601,1.0,1.0,1.0,1.0,0.0,0.21323529411764705,0.7867647058823529,0.0,0.5295900254008862,0.0038461538461538464,0.0038461538461538464,1.7692307692307692,0.9933500521138179,0.07797644488723132,0.0,0.0,0.0,0.0,0.20588235294117646,0.3088235294117647,0.4852941176470588,0.25,0.25,nan,nan,0.06576752207278744,0.36821204757808684,0.0,0.803030303030303,0.0,0.2566107957275376,0.17863435084030627,2.794129463560262,20,20,3.469510793685913
1389,,0.15150244533244733,0.004887175655885398,0.0701665811240673,0.9,0.9,0.9,0.9408866995073891,1.0,0.14507772020725387,0.8082901554404145,0.046632124352331605,0.5182351435214984,0.09516129032258064,0.09516129032258064,4.451612903225806,0.816726432132434,0.2668023587448042,11.11111111111111,-0.08410075476062708,0.1111111111111111,0.009131379707765785,0.10880829015544041,0.6787564766839378,0.21243523316062177,0.6062176165803109,0.6062176165803109,nan,nan,0.05619983309761432,0.3028827231339088,0.015267175572519083,0.7073170731707317,0.07317073170731707,0.2036017507040552,-0.06320060804074898,2.166657281305731,20,20,10.08609676361084
1390,,0.18869699812320995,0.01715427255665545,-0.008918029256165028,1.0,1.0,1.0,1.0,0.0,0.007575757575757576,0.9924242424242424,0.0,0.4999711209648839,0.0,0.0,3.4545454545454546,0.9988505420770655,0.026724183787459443,0.0,0.0,0.0,0.0,0.1590909090909091,0.4393939393939394,0.4015151515151515,0.4318181818181818,0.4318181818181818,nan,nan,0.04248387014617998,0.2623551697906796,0.0,1.0,0.0,0.19967966450899358,0.17295548072153413,2.4994963357520117,20,20,3.1610865592956543
1391,,0.17743977806467315,0.004928882724018698,-0.03851205911487341,1.0,1.0,1.0,1.0,1.0,0.12177121771217712,0.8228782287822878,0.055350553505535055,0.5286532205138226,0.1,0.1,6.111111111111111,0.9838081698017879,0.0813629437047946,13.333333333333334,-0.12073470087956885,0.13333333333333333,0.08517992256333132,0.1070110701107011,0.33579335793357934,0.5571955719557196,0.3763837638376384,0.3763837638376384,nan,nan,0.04694242241451281,0.1480506100384679,0.01098901098901099,0.8741721854304636,0.026490066225165563,0.22641938284317914,0.14505643913838454,2.7422911863708834,20,20,15.24448847770691
1392,,0.18953206460635866,0.007897169358598277,0.0028719272464513778,1.0,1.0,1.0,1.0,0.0,0.10050251256281408,0.8994974874371859,0.0,0.5101606744538912,0.04791666666666667,0.04791666666666667,6.708333333333333,0.9879264889754821,0.07978710632731253,0.0,0.0,0.0,0.0,0.1708542713567839,0.24623115577889448,0.5829145728643216,0.2562814070351759,0.2562814070351759,nan,nan,0.08037812970098265,0.24681954758358102,0.0,0.896551724137931,0.0,0.23540652417881752,0.155619417851505,2.1935628385904833,20,20,7.660644292831421
1393,,0.1834569221745266,0.0073382768869810645,-0.011464819684624672,1.0,1.0,1.0,1.0,1.0,0.09090909090909091,0.8770053475935828,0.03208556149732621,0.5106946535415482,0.084,0.084,6.12,0.9897926200386957,0.06196868014335222,0.0,-0.15660616423264556,0.0,0.0,0.1711229946524064,0.19786096256684493,0.6310160427807486,0.1657754010695187,0.1657754010695187,nan,nan,0.08795679302713803,0.3078914176929748,0.0,0.923728813559322,0.00847457627118644,0.22083851888479794,0.15886983874144572,3.0350154849071638,20,20,7.759575843811035
1394,,0.19261406151278904,0.014816466270214542,-0.0021763001568615437,1.0,1.0,1.0,1.0,1.0,0.3008130081300813,0.6829268292682927,0.016260162601626018,0.520330686475007,0.03076923076923077,0.03076923076923077,1.2307692307692308,0.9984777706455911,0.02716435998407013,0.0,-0.016132089474382702,0.0,0.0,0.2032520325203252,0.6178861788617886,0.17886178861788618,0.4146341463414634,0.4146341463414634,nan,nan,0.0523218742751876,0.36896494105361965,0.013157894736842105,0.7727272727272727,0.0,0.20523876009298503,0.1780744001089149,2.4929026555375478,20,20,2.5865089893341064
1395,,0.18190462339976032,0.008268391972716378,0.0014610450714826583,1.0,1.0,1.0,1.0,1.0,0.21105527638190955,0.7487437185929648,0.04020100502512563,0.516687156469032,0.11363636363636363,0.11363636363636363,5.545454545454546,0.9924720375754479,0.057814506312021036,0.0,-0.09019003187459881,0.0,0.0,0.15577889447236182,0.33668341708542715,0.507537688442211,0.31155778894472363,0.31155778894472363,nan,nan,0.055919930429171844,0.18892384016008854,0.0,0.693069306930693,0.019801980198019802,0.22039852931744058,0.16258402300541955,2.1665671873656236,20,20,7.613466501235962
1396,,0.1805021192723884,0.006446504259728157,-0.02312116641551256,1.0,1.0,1.0,1.0,1.0,0.18090452261306533,0.7939698492462312,0.02512562814070352,0.527661475507817,0.14285714285714285,0.14285714285714285,4.821428571428571,0.9904623016986475,0.0601488608106481,0.0,-0.13512517626709458,0.0,0.0,0.1507537688442211,0.2663316582914573,0.5829145728643216,0.21608040201005024,0.21608040201005024,nan,nan,0.07514300720067203,0.30267345679714813,0.0,0.8275862068965517,0.008620689655172414,0.20918034491283247,0.14903148410218436,2.4018993482677646,20,20,8.499463319778442
1397,,0.1855635102963538,0.0074225404118541515,-0.01712903901934624,1.0,1.0,1.0,1.0,1.0,0.43478260869565216,0.5271739130434783,0.03804347826086957,0.5053838077681139,0.3,0.3,3.44,0.9917088666494657,0.07923801621944127,14.285714285714285,-0.0628283427012852,0.14285714285714285,0.004801868106339258,0.09782608695652174,0.8206521739130435,0.08152173913043478,0.45652173913043476,0.45652173913043476,nan,nan,0.09888090167393136,0.30269240195963915,0.019867549668874173,0.7333333333333333,0.06666666666666667,0.2125474305060197,0.13330941428657844,1.6393714469032798,20,20,13.055507898330688
1398,,0.1784859135305799,0.008112996069571814,-0.04567797929048538,1.0,1.0,1.0,1.0,1.0,0.057291666666666664,0.9270833333333334,0.015625,0.5186672364022922,0.06363636363636363,0.06363636363636363,5.863636363636363,0.9779584276330645,0.09214244140798086,0.0,-0.09492403268051987,0.0,0.0,0.15625,0.546875,0.296875,0.515625,0.515625,nan,nan,0.04413787529842903,0.21748792507056433,0.0,0.9824561403508771,0.0,0.22155275280803885,0.129410311400058,2.902320168546842,20,20,6.946435213088989
1399,,0.17633329786051385,0.007053331914420554,-0.003431440331041813,1.0,1.0,1.0,1.0,1.0,0.16990291262135923,0.8203883495145631,0.009708737864077669,0.48107704135403034,0.066,0.066,5.52,0.9844988701626646,0.07629782942861482,0.0,-0.13165914896128397,0.0,0.0,0.1407766990291262,0.48058252427184467,0.3786407766990291,0.45145631067961167,0.45145631067961167,nan,nan,0.04599445603496935,0.145842117061641,0.0,0.8333333333333334,0.01282051282051282,0.2169833717235459,0.14068554229493108,2.4688299492956682,20,20,7.559203624725342
1400,,0.18576586170965645,0.005992447151924402,0.0007820493541657924,1.0,1.0,1.0,1.0,1.0,0.30952380952380953,0.6571428571428571,0.03333333333333333,0.5013391793889534,0.17419354838709677,0.17419354838709677,3.225806451612903,0.9899357756179737,0.0667359889985395,57.14285714285714,-0.020535142052201635,0.5714285714285714,0.06178656907696126,0.13333333333333333,0.4,0.4666666666666667,0.2,0.2,nan,nan,0.0767764924771759,0.25502882300196855,0.011904761904761904,0.8979591836734694,0.030612244897959183,0.21840308995681323,0.15166710095827374,1.9898899558438896,20,20,8.136672735214233
1401,,0.1410392079506351,0.00391775577640653,0.04852283373475075,0.8,0.8,0.8,0.8308457711442786,0.9090909090909091,0.815028901734104,0.12138728323699421,0.06358381502890173,0.4996346521230104,0.30833333333333335,0.30833333333333335,0.3611111111111111,0.635032902917808,0.34061393914166227,0.0,-0.4952131970647616,0.0,0.0,0.13872832369942195,0.5028901734104047,0.3583815028901734,0.14450867052023122,0.14450867052023122,nan,nan,0.15308133298181775,0.3987843383961477,0.022988505747126436,0.04838709677419355,0.03225806451612903,0.24016998266197404,-0.10044395647968825,1.5865528441825145,20,20,19.76272940635681
1402,,0.1772949443122118,0.007091797772488472,-0.02289209347218275,1.0,1.0,1.0,1.0,1.0,0.135,0.85,0.015,0.5120583460996786,0.096,0.096,5.28,0.9814319466626049,0.11056552014533792,0.0,-0.11619954988340109,0.0,0.0,0.2,0.375,0.425,0.355,0.355,nan,nan,0.06004827001154709,0.24059859766293978,0.0,0.8941176470588236,0.0,0.21714847392288308,0.10658295377754516,2.295669695690894,20,20,6.838263273239136
1403,,0.18555638916333256,0.0068724588579012055,-0.014437971077859402,1.0,1.0,1.0,1.0,1.0,0.42424242424242425,0.5353535353535354,0.04040404040404041,0.48772186454411387,0.29444444444444445,0.29444444444444445,2.2222222222222223,0.9837217805021754,0.11598489879929813,12.5,-0.08106943544309454,0.125,0.04994096270639525,0.12626262626262627,0.6868686868686869,0.18686868686868688,0.3686868686868687,0.3686868686868687,nan,nan,0.08987376745742096,0.43691066257317684,0.014705882352941176,0.6486486486486487,0.0,0.24509947727857856,0.12911457847928043,1.8698222968277876,20,20,12.724758863449097
1404,,0.180897063905457,0.007537377662727375,-0.0440656129270792,1.0,1.0,1.0,1.0,1.0,0.0975609756097561,0.8585365853658536,0.04390243902439024,0.5034784130157883,0.11666666666666667,0.11666666666666667,6.208333333333333,0.9889886507458332,0.07805393995008053,11.11111111111111,-0.06987088851891565,0.1111111111111111,0.024799658274404168,0.14634146341463414,0.3902439024390244,0.4634146341463415,0.35121951219512193,0.35121951219512193,nan,nan,0.06349081992208733,0.3140172419880506,0.0125,0.9263157894736842,0.010526315789473684,0.2341967573233445,0.15614281737326396,2.5524835956659833,20,20,7.645808219909668
1405,,0.18927452487861554,0.01577287707321796,-0.004962729150429368,1.0,1.0,1.0,1.0,1.0,0.2826086956521739,0.6956521739130435,0.021739130434782608,0.5259330938259761,0.004166666666666667,0.004166666666666667,1.75,0.9987129935415442,0.02774231649153236,0.0,-0.06615230593922396,0.0,0.0,0.2608695652173913,0.3333333333333333,0.4057971014492754,0.2826086956521739,0.2826086956521739,nan,nan,0.039998129122157534,0.2295830744450457,0.0,0.75,0.0,0.204755246447433,0.17701292995590065,2.350530292191734,20,20,2.9994890689849854
1406,,0.18113624442844997,0.007875488888193477,-0.004847825691103935,1.0,1.0,1.0,1.0,1.0,0.19306930693069307,0.7772277227722773,0.0297029702970297,0.49903526873550497,0.1391304347826087,0.1391304347826087,5.608695652173913,0.9905928796951601,0.06652674888030632,0.0,-0.1134757830871892,0.0,0.0,0.15346534653465346,0.4752475247524752,0.3712871287128713,0.36633663366336633,0.36633663366336633,nan,nan,0.06282839833275004,0.20311420273364955,0.0,0.88,0.0,0.22006250270067293,0.1535357538203666,2.3299244317410883,20,20,7.987329483032227
1407,,0.1922886034073356,0.016024050283944633,-0.019480893015861513,1.0,1.0,1.0,1.0,0.0,0.16666666666666666,0.8333333333333334,0.0,0.518895838909278,0.004166666666666667,0.004166666666666667,1.9166666666666667,0.9985876519705228,0.028932572559165037,0.0,0.0,0.0,0.0,0.23015873015873015,0.1349206349206349,0.6349206349206349,0.15873015873015872,0.15873015873015872,nan,nan,0.06163948029968827,0.3547207624201119,0.0,0.85,0.0,0.21055125364465926,0.18161868108549423,2.4376372893043685,20,20,3.090934991836548
1408,,0.1774803876705344,0.005916012922351147,0.026632233895361422,1.0,1.0,1.0,1.0,1.0,0.0946969696969697,0.8674242424242424,0.03787878787878788,0.507476335876078,0.085,0.085,7.833333333333333,0.9758789947578717,0.10135137103456124,10.0,-0.14467049233503232,0.1,0.02750421949113796,0.1553030303030303,0.3484848484848485,0.4962121212121212,0.38257575757575757,0.38257575757575757,nan,nan,0.042698689314814554,0.12550436953745586,0.0,0.9389312977099237,0.007633587786259542,0.23820078183047405,0.1368494107959128,2.5650401520315276,20,20,11.47387146949768
1409,,0.18300405643152698,0.00554557746762203,-0.012993572279810905,1.0,1.0,1.0,1.0,1.0,0.01171875,0.9453125,0.04296875,0.5061842611256218,0.0696969696969697,0.0696969696969697,8.666666666666666,0.9833198284154976,0.08443022628908073,9.090909090909092,-0.11332718206104785,0.09090909090909091,0.17303560961848213,0.125,0.32421875,0.55078125,0.33984375,0.33984375,nan,nan,0.06938232246547393,0.17500006130974982,0.0,0.9929078014184397,0.0070921985815602835,0.2266622403108748,0.14223201402179408,2.4038354772765778,20,20,13.218133211135864
1410,,0.18860960919776762,0.0157174674331473,-0.0155075054615736,1.0,1.0,1.0,1.0,0.0,0.13076923076923078,0.8692307692307693,0.0,0.49487238948931916,0.020833333333333332,0.020833333333333332,1.4166666666666667,0.9989531928207641,0.025028509287525397,0.0,0.0,0.0,0.0,0.18461538461538463,0.3076923076923077,0.5076923076923077,0.2923076923076923,0.2923076923076923,nan,nan,0.04037635768599992,0.19916216295125297,0.0,0.8939393939393939,0.0,0.19679379079540155,0.17176528150787615,2.814132382145002,20,20,2.9210715293884277
1411,,0.17998691407681744,0.008181223367128065,0.014535172283649445,1.0,1.0,1.0,1.0,1.0,0.08205128205128205,0.8923076923076924,0.02564102564102564,0.5004994121459524,0.05454545454545454,0.05454545454545454,6.681818181818182,0.9831888495428623,0.09630789704091083,0.0,-0.07629615192546715,0.0,0.0,0.13846153846153847,0.47692307692307695,0.38461538461538464,0.4717948717948718,0.4717948717948718,nan,nan,0.04432099115422528,0.1854340890369706,0.0,0.96,0.0,0.2223471429060675,0.12603924586515666,2.6685218879208037,20,20,7.123180389404297
1412,,0.18495002983357534,0.0054397067598110395,-0.022764524444937706,1.0,1.0,1.0,1.0,1.0,0.15048543689320387,0.8203883495145631,0.02912621359223301,0.506518499075216,0.10441176470588236,0.10441176470588236,3.088235294117647,0.9862249003382356,0.06506898062347805,0.0,-0.17562004644237642,0.0,0.0,0.12135922330097088,0.587378640776699,0.2912621359223301,0.529126213592233,0.529126213592233,nan,nan,0.034858823769605154,0.17170832677685216,0.008264462809917356,0.9333333333333333,0.0,0.20944268059668902,0.14437369997321098,1.8561004652974173,20,20,8.81276535987854
1413,,0.1469296029110723,0.0029385920582214457,0.06426987002293269,0.8,0.8,0.8,0.9704797047970479,1.0,0.17669172932330826,0.7443609022556391,0.07894736842105263,0.49245200158515945,0.217,0.217,3.42,0.8009882904401752,0.25206015464579906,14.285714285714285,-0.2377714447637266,0.14285714285714285,0.07603534623223956,0.11654135338345864,0.6804511278195489,0.20300751879699247,0.5338345864661654,0.5338345864661654,nan,nan,0.06871179951139388,0.316601785117549,0.03867403314917127,0.9074074074074074,0.037037037037037035,0.2447855171356073,-0.00727463751019175,1.9694181311125272,20,20,13.199696779251099
1414,,0.19096878505764547,0.013640627504117533,0.02261797897517681,1.0,1.0,1.0,1.0,1.0,0.21774193548387097,0.7580645161290323,0.024193548387096774,0.5042883429634717,0.014285714285714285,0.014285714285714285,1.2142857142857142,0.9991683146839183,0.020805748897045118,33.33333333333333,-0.02146593010532162,0.3333333333333333,0.018905467854595043,0.20161290322580644,0.43548387096774194,0.3629032258064516,0.3870967741935484,0.3870967741935484,nan,nan,0.038522825597526296,0.18796647421189008,0.037037037037037035,0.7111111111111111,0.0,0.2029998154230134,0.18219406652596828,2.2505220728944115,20,20,2.707951307296753
1415,,0.19258462584320926,0.019258462584320925,0.039484163746237755,1.0,1.0,1.0,1.0,1.0,0.29850746268656714,0.664179104477612,0.03731343283582089,0.49695688507054003,0.05,0.05,1.3,0.9973154259071767,0.05118732216907268,20.0,-0.018540239882388898,0.2,0.037508552761790076,0.208955223880597,0.41044776119402987,0.3805970149253731,0.23880597014925373,0.23880597014925373,nan,nan,0.04061311264916973,0.17984837600879539,0.03636363636363636,0.7843137254901961,0.0196078431372549,0.22542223880342613,0.17423491663435345,2.4552993939574157,20,20,3.504131317138672
1416,,0.1448462260839936,0.004672458905935278,0.09106199219822883,0.85,0.85,0.85,0.9897435897435898,0.8571428571428571,0.3622448979591837,0.5612244897959183,0.07653061224489796,0.4818799625646563,0.23387096774193547,0.23387096774193547,2.6451612903225805,0.7794847033433903,0.2491729062847134,20.0,-0.09622944735421851,0.2,0.09250880286065942,0.15306122448979592,0.576530612244898,0.27040816326530615,0.336734693877551,0.336734693877551,nan,nan,0.10604701607223421,0.4541087147734576,0.08849557522123894,0.5471698113207547,0.03773584905660377,0.2096172881592157,-0.03955561812549768,2.244488284063225,20,20,13.14702582359314
1417,,0.17323481697608248,0.005774493899202749,0.03516017273068428,0.95,0.95,0.95,0.995,0.9285714285714286,0.14,0.79,0.07,0.5036426910553321,0.13333333333333333,0.13333333333333333,4.433333333333334,0.9175119441347752,0.2579876128972821,14.285714285714285,-0.11715126975973697,0.14285714285714285,0.046005709318757304,0.18,0.585,0.235,0.5,0.5,nan,nan,0.056401717245571865,0.26081201482232663,0.05982905982905983,0.9574468085106383,0.0,0.22686242526348527,-0.031125187633796875,1.927249174304916,20,20,8.54756212234497
1418,,0.10921719899597108,0.003120491399884888,0.08875060714781284,0.65,0.65,0.65,0.7718446601941747,0.8421052631578947,0.6023391812865497,0.27485380116959063,0.12280701754385964,0.5055187859273117,0.21428571428571427,0.21428571428571427,0.6,0.47291909525099474,0.31095407762246113,14.285714285714285,-0.6275344077017928,0.14285714285714285,0.05128057535625582,0.1111111111111111,0.4678362573099415,0.42105263157894735,0.22807017543859648,0.22807017543859648,nan,nan,0.15996390141941064,0.42626578994773767,0.075,0.19444444444444445,0.05555555555555555,0.21909619548059148,-0.09185788214186966,1.6289267382865193,20,20,20.794719219207764
1419,,0.17918744571443423,0.006636572063497564,0.04045310281217098,1.0,1.0,1.0,1.0,1.0,0.13,0.785,0.085,0.5004449769035326,0.11851851851851852,0.11851851851851852,4.37037037037037,0.9798720230912257,0.10042961873778132,52.94117647058824,-0.018530368086866346,0.5294117647058824,0.06662466407936708,0.19,0.31,0.5,0.245,0.245,nan,nan,0.05761899215588152,0.23121533637027353,0.16129032258064516,0.91,0.04,0.21668844665184994,0.11625882791406862,2.577062306436656,20,20,7.295365810394287
1420,,0.17990959569720336,0.006919599834507822,0.0020036462694406508,1.0,1.0,1.0,1.0,1.0,0.028985507246376812,0.8840579710144928,0.08695652173913043,0.5028943266954089,0.06923076923076923,0.06923076923076923,6.076923076923077,0.9848103348306935,0.1025948683468107,44.44444444444444,-0.02410026370308154,0.4444444444444444,0.042359807940543746,0.13526570048309178,0.37681159420289856,0.48792270531400966,0.34299516908212563,0.34299516908212563,nan,nan,0.04088383396390055,0.17449057019241324,0.10256410256410256,0.9504950495049505,0.0297029702970297,0.24046078246760194,0.13786591412079124,2.6764439282301917,20,20,8.336387634277344
1421,,0.16173622371624763,0.003594138304805503,0.04954388191302617,0.9,0.9,0.9,0.9921259842519685,0.9615384615384616,0.17716535433070865,0.7204724409448819,0.10236220472440945,0.4974800424019082,0.15333333333333332,0.15333333333333332,4.066666666666666,0.8430493950528458,0.2805164419681531,34.61538461538461,-0.06177842426406321,0.34615384615384615,0.07536829454008807,0.1377952755905512,0.5118110236220472,0.35039370078740156,0.4330708661417323,0.4330708661417323,nan,nan,0.051601417111630986,0.20290112481886294,0.06923076923076923,0.8426966292134831,0.056179775280898875,0.22295183437041624,-0.05756460759773687,2.2028850810923997,20,20,13.849322319030762
1422,,0.1889074626180194,0.01717340569254722,0.015930717810988426,1.0,1.0,1.0,1.0,1.0,0.3,0.6076923076923076,0.09230769230769231,0.48784135352102154,0.05454545454545454,0.05454545454545454,2.0,0.9991631245990035,0.019720586591735145,50.0,-0.0037654380099577858,0.5,0.018374050132066385,0.17692307692307693,0.5076923076923077,0.3153846153846154,0.33076923076923076,0.33076923076923076,nan,nan,0.037243141508785216,0.18366030542803471,0.13636363636363635,0.7804878048780488,0.04878048780487805,0.1982439652267512,0.17852337863501605,1.8880912671556862,20,20,2.9890944957733154
1423,,0.18290266431676694,0.0073161065726706775,0.032919866219162944,1.0,1.0,1.0,1.0,1.0,0.024509803921568627,0.8872549019607843,0.08823529411764706,0.4811303465059027,0.086,0.086,6.2,0.9853814014602742,0.07339785842291269,16.666666666666664,-0.07159811615747443,0.16666666666666666,0.013178274175995708,0.13725490196078433,0.35294117647058826,0.5098039215686274,0.3431372549019608,0.3431372549019608,nan,nan,0.059721627515371696,0.18840541366833038,0.1111111111111111,0.9326923076923077,0.04807692307692308,0.22475170963518393,0.15135385121227124,2.8123453593089542,20,20,8.799031019210815
1424,,0.14657882566281966,0.005863153026512786,0.14306364953517914,0.85,0.85,0.85,0.9769230769230769,0.8125,0.4732824427480916,0.3969465648854962,0.1297709923664122,0.4808071923553944,0.024,0.024,0.48,0.6977860277601499,0.2840623906495119,29.411764705882355,-0.01161030056362143,0.29411764705882354,0.009303644823041968,0.183206106870229,0.6259541984732825,0.19083969465648856,0.32061068702290074,0.32061068702290074,nan,nan,0.0365707263522012,0.16357847312718254,0.14634146341463414,0.28,0.04,0.2016636612678521,-0.08239872938165976,2.001208817313221,20,20,4.527011871337891
1425,,0.17822436933980743,0.006600902568141016,-0.007235000655055046,1.0,1.0,1.0,1.0,1.0,0.17346938775510204,0.7448979591836735,0.08163265306122448,0.5055288598454488,0.14074074074074075,0.14074074074074075,4.7407407407407405,0.9811192976543068,0.11466306851488414,37.5,-0.04360053037904514,0.375,0.027289532808420613,0.14795918367346939,0.5204081632653061,0.33163265306122447,0.40816326530612246,0.40816326530612246,nan,nan,0.045935870363789245,0.21517193241150018,0.06862745098039216,0.7384615384615385,0.015384615384615385,0.22415242222377343,0.10948935370888929,2.306573573082275,20,20,7.074075937271118
1426,,0.1879174845372255,0.01708340768520232,0.0089643401093781,1.0,1.0,1.0,1.0,1.0,0.22142857142857142,0.6857142857142857,0.09285714285714286,0.4913361191918904,0.05,0.05,0.6363636363636364,0.9996387666727337,0.014045394936045508,38.46153846153847,-0.018260339764431636,0.38461538461538464,0.008192460759951895,0.2,0.4714285714285714,0.32857142857142857,0.35,0.35,nan,nan,0.020637230597137752,0.10569176887124994,0.10606060606060606,0.717391304347826,0.043478260869565216,0.19406029342268652,0.180014898486641,2.82266590665232,20,20,3.1297974586486816
1427,,0.18751442832251253,0.0170467662111375,-0.017113508097827433,1.0,1.0,1.0,1.0,1.0,0.1297709923664122,0.8091603053435115,0.061068702290076333,0.4965739416784014,0.00909090909090909,0.00909090909090909,1.6363636363636365,0.9992353623278508,0.020275019516614395,25.0,-0.020378368780739155,0.25,0.004554091431773462,0.17557251908396945,0.4580152671755725,0.366412213740458,0.45038167938931295,0.45038167938931295,nan,nan,0.019752995025861256,0.11175805615908335,0.03333333333333333,0.8333333333333334,0.041666666666666664,0.19563342707038112,0.17535840755376672,2.810578359139546,20,20,2.7732086181640625
1428,,0.1883574275482105,0.01883574275482105,-0.011056792549788952,1.0,1.0,1.0,1.0,1.0,0.0703125,0.828125,0.1015625,0.47012032389640807,0.02,0.02,2.3,0.99883129776847,0.02556463729212491,53.84615384615385,-0.004676677223744221,0.5384615384615384,0.012209889826341176,0.1953125,0.4921875,0.3125,0.40625,0.40625,nan,nan,0.02431208690720991,0.13252366582281463,0.15873015873015872,0.95,0.025,0.19816111208791481,0.1725964747957899,2.9009771527411177,20,20,2.8051257133483887
1429,,0.15882652359303528,0.003529478302067451,0.03691628997524579,0.9,0.9,0.9,0.9561752988047809,0.9393939393939394,0.06557377049180328,0.7909836065573771,0.14344262295081966,0.5163891048218001,0.17444444444444446,0.17444444444444446,4.666666666666667,0.8275480177940047,0.2996664936643191,31.428571428571427,-0.13270190916669464,0.3142857142857143,0.06973271127500197,0.11475409836065574,0.5368852459016393,0.3483606557377049,0.47540983606557374,0.47540983606557374,nan,nan,0.06180362470506306,0.28821127521302153,0.12213740458015267,0.8941176470588236,0.07058823529411765,0.22749505534984965,-0.07217143831446944,2.1032345592780235,20,20,17.07954692840576
1430,,0.16424896563132113,0.004692827589466318,0.05913989767432213,0.9,0.9,0.9,0.9402985074626866,0.9375,0.3645833333333333,0.5520833333333334,0.08333333333333333,0.5007508515855963,0.17142857142857143,0.17142857142857143,2.057142857142857,0.7106026381681863,0.5601085876677472,25.0,-0.06807736166763251,0.25,0.04647180573605378,0.15104166666666666,0.3020833333333333,0.546875,0.2760416666666667,0.2760416666666667,nan,nan,0.11487188100906759,0.28763238512836187,0.06896551724137931,0.6285714285714286,0.05714285714285714,0.45702879760121695,-0.10307979006653017,2.020265283082517,20,20,13.085764408111572
1431,,0.18260540622712032,0.0040578979161582296,0.127445121606191,0.95,0.95,0.95,0.950381679389313,1.0,0.152,0.736,0.112,0.5114178030598365,0.17888888888888888,0.17888888888888888,3.3555555555555556,0.7111265429759343,0.7006799528639703,21.428571428571427,-0.09052668214106295,0.21428571428571427,0.06423856289594783,0.132,0.632,0.236,0.532,0.532,nan,nan,0.1169047609882914,0.34977558159343136,0.06962025316455696,0.7627118644067796,0.0847457627118644,0.6137784829429258,-0.08690146992104456,2.091053918589496,20,20,17.226592540740967
1432,,0.1834309311812407,0.004265835608866063,-0.02212705947458744,1.0,1.0,1.0,1.0,1.0,0.14859437751004015,0.7068273092369478,0.14457831325301204,0.5238937749696603,0.22906976744186047,0.22906976744186047,3.953488372093023,0.9823232545124905,0.08620075495894033,33.33333333333333,-0.10985500183504346,0.3333333333333333,0.08637987575636565,0.1686746987951807,0.4738955823293173,0.357429718875502,0.39759036144578314,0.39759036144578314,nan,nan,0.0719230898281446,0.3021682323106793,0.1271186440677966,0.8089887640449438,0.07865168539325842,0.22043611111566752,0.1342353561567272,1.9582625569735872,20,20,12.617336750030518
1433,,0.1566028321338577,0.0036419263286943653,0.06668290868401527,0.85,0.85,0.85,0.979757085020243,0.9333333333333333,0.2601626016260163,0.6788617886178862,0.06097560975609756,0.5163087007930085,0.2941860465116279,0.2941860465116279,4.046511627906977,0.8438942213034254,0.29407155444728406,26.666666666666668,-0.13604882569752552,0.26666666666666666,0.05254928042701862,0.16666666666666666,0.34552845528455284,0.4878048780487805,0.2601626016260163,0.2601626016260163,nan,nan,0.12429888001470388,0.43220830659185,0.047058823529411764,0.7916666666666666,0.05,0.23737461895504203,-0.056696935492242015,2.1456534604182487,20,20,17.3970685005188
1434,,0.19011149964034063,0.015842624970028387,-0.00044684410095214845,1.0,1.0,1.0,1.0,1.0,0.36764705882352944,0.5661764705882353,0.0661764705882353,0.5058765233242108,0.025,0.025,1.75,0.9992189447319947,0.02416415975383132,44.44444444444444,-0.003195743506038915,0.4444444444444444,0.007452112089797353,0.16911764705882354,0.5735294117647058,0.25735294117647056,0.39705882352941174,0.39705882352941174,nan,nan,0.04080954594632267,0.24071543909710166,0.0641025641025641,0.6285714285714286,0.11428571428571428,0.2028601835769684,0.17869602382313707,1.985701917122802,20,20,3.347608804702759
1435,,0.17901632560470981,0.006393440200168208,0.011707935482263565,0.95,0.95,0.95,0.9899497487437185,1.0,0.34,0.575,0.085,0.518736429812686,0.28214285714285714,0.28214285714285714,2.357142857142857,0.9638349050912223,0.18332975008665608,23.52941176470588,-0.08730646318263471,0.23529411764705882,0.018615222048596135,0.11,0.685,0.205,0.485,0.485,nan,nan,0.0659632795236879,0.30637682207465833,0.051094890510948905,0.5365853658536586,0.0975609756097561,0.22738319644496235,0.044053446358306256,2.042312085195174,20,20,7.235741376876831
1436,,0.18337181522634344,0.007052762124090132,-0.015847308933734892,1.0,1.0,1.0,1.0,1.0,0.26732673267326734,0.6336633663366337,0.09900990099009901,0.5083770237573705,0.28076923076923077,0.28076923076923077,3.230769230769231,0.9875740736910343,0.08579749659381322,40.0,-0.03136674180377536,0.4,0.08301871410025465,0.1188118811881188,0.6089108910891089,0.2722772277227723,0.44554455445544555,0.44554455445544555,nan,nan,0.046455207287400255,0.21468468003761837,0.08943089430894309,0.8181818181818182,0.03636363636363636,0.21925107081265463,0.1334535742188414,2.2139919390314247,20,20,8.022705793380737
1437,,0.17990306845877546,0.007495961185782311,-0.015013773459941149,1.0,1.0,1.0,1.0,1.0,0.11650485436893204,0.8009708737864077,0.0825242718446602,0.5508458144594139,0.11041666666666666,0.11041666666666666,4.958333333333333,0.9938108978800628,0.04858270173096482,47.05882352941176,-0.021561774547169323,0.47058823529411764,0.04176573342435991,0.16019417475728157,0.12135922330097088,0.7184466019417476,0.11650485436893204,0.11650485436893204,nan,nan,0.06536719007156754,0.19620275888624314,0.08,0.8581081081081081,0.0472972972972973,0.20251955632359775,0.15393685459263293,2.670261425544775,20,20,7.370269536972046
1438,,0.18649589361528504,0.016954172146844096,-0.00766781996935606,1.0,1.0,1.0,1.0,1.0,0.06060606060606061,0.8333333333333334,0.10606060606060606,0.5287105875089765,0.00909090909090909,0.00909090909090909,2.090909090909091,0.9987913317386449,0.023890476978416064,35.714285714285715,-0.00909730932936654,0.35714285714285715,0.020561081082612623,0.18181818181818182,0.12121212121212122,0.696969696969697,0.15151515151515152,0.15151515151515152,nan,nan,0.03774092552358898,0.1746217889777807,0.1875,0.8804347826086957,0.09782608695652174,0.19808643897235514,0.17419596199393908,3.035105260672435,20,20,3.053769111633301
1439,,0.16562328391877307,0.005711147721337002,0.029923627525568007,0.95,0.95,0.95,0.9948979591836735,0.9444444444444444,0.1836734693877551,0.7244897959183674,0.09183673469387756,0.5326097372662405,0.12241379310344827,0.12241379310344827,3.6551724137931036,0.8813539494268567,0.3009360173152015,27.77777777777778,-0.028021385124550886,0.2777777777777778,0.02863990768093838,0.11224489795918367,0.6122448979591837,0.2755102040816326,0.4642857142857143,0.4642857142857143,nan,nan,0.040860573690037795,0.2023206118784428,0.09166666666666666,0.7407407407407407,0.018518518518518517,0.21830069867027077,-0.08263531864493068,2.137585528172726,20,20,8.006331443786621
1440,,0.17713933211463778,0.004320471514991165,-0.0041593185315529505,0.95,0.95,0.95,0.9849624060150376,1.0,0.13257575757575757,0.7840909090909091,0.08333333333333333,0.5286465052367619,0.17317073170731706,0.17317073170731706,5.341463414634147,0.9476527809277953,0.2062026889315816,36.36363636363637,-0.12171424751067957,0.36363636363636365,0.05248506165384057,0.12121212121212122,0.48863636363636365,0.39015151515151514,0.4090909090909091,0.4090909090909091,nan,nan,0.05850122230155819,0.22305366471855437,0.07751937984496124,0.8640776699029126,0.009708737864077669,0.22737468611532874,0.02117199718374714,2.376388069629041,20,20,15.12191128730774
1441,,0.15592198331264512,0.00487256197852016,0.05339497774839401,0.9,0.9,0.9,0.9795918367346939,0.9411764705882353,0.2268041237113402,0.6855670103092784,0.08762886597938144,0.5140789026027506,0.1484375,0.1484375,3.5,0.8141992355061,0.27756897668539826,35.294117647058826,-0.03928882084517082,0.35294117647058826,0.02951994820739302,0.12371134020618557,0.634020618556701,0.2422680412371134,0.5309278350515464,0.5309278350515464,nan,nan,0.04791785908307867,0.24293699435818172,0.06504065040650407,0.6170212765957447,0.0851063829787234,0.2078442334766758,-0.06972474320872243,1.9360496781900467,20,20,11.143094778060913
1442,,0.19115503980512427,0.005792576963791644,0.1406136840581894,0.9,0.9,0.9,0.9635416666666666,1.0,0.13978494623655913,0.7473118279569892,0.11290322580645161,0.5276205934951026,0.12575757575757576,0.12575757575757576,3.0303030303030303,0.8847117810133494,0.4021655386930597,38.095238095238095,-0.03151435466028757,0.38095238095238093,0.05210081543201775,0.16666666666666666,0.4032258064516129,0.43010752688172044,0.2956989247311828,0.2956989247311828,nan,nan,0.16761324345221673,1.5315823042302568,0.12,0.9125,0.0625,0.45848699958666345,0.05632146089360371,1.8852302092041062,20,20,8.582217693328857
1443,,0.17588792506391962,0.005862930835463988,-0.008480354957282544,1.0,1.0,1.0,1.0,1.0,0.21568627450980393,0.7107843137254902,0.07352941176470588,0.5213022970692449,0.155,0.155,4.133333333333334,0.9921150657554174,0.062371516679034816,26.666666666666668,-0.035257870724710455,0.26666666666666666,0.08768002649159873,0.13725490196078433,0.4068627450980392,0.45588235294117646,0.37254901960784315,0.37254901960784315,nan,nan,0.047362597400817004,0.18594767195197576,0.07228915662650602,0.7526881720430108,0.043010752688172046,0.20237299424352198,0.14000147756448716,2.1228204210500077,20,20,7.629595518112183
1444,,0.1917020877980563,0.017427462527096028,-0.029434890672564506,1.0,1.0,1.0,1.0,1.0,0.20610687022900764,0.7404580152671756,0.05343511450381679,0.5420718302415811,0.02727272727272727,0.02727272727272727,2.5454545454545454,0.9988278366922216,0.02302579578897407,57.14285714285714,0.0006625541139774988,0.5714285714285714,0.008020637883821114,0.16793893129770993,0.4961832061068702,0.33587786259541985,0.35877862595419846,0.35877862595419846,nan,nan,0.04743383219322709,0.2848114709837617,0.09230769230769231,0.7954545454545454,0.022727272727272728,0.20249704205124386,0.1794712462622698,2.325510615957808,20,20,3.095458984375
1445,,0.16956959209813324,0.0062803552628938235,0.050081583112478255,0.95,0.95,0.95,0.9949748743718593,1.0,0.085,0.84,0.075,0.5329836940832643,0.08888888888888889,0.08888888888888889,5.333333333333333,0.8891363281181692,0.3026601072773055,46.666666666666664,-0.0031836082448973013,0.4666666666666667,0.08359907296344149,0.18,0.15,0.67,0.185,0.185,nan,nan,0.06832944589438832,0.2022741035436579,0.06666666666666667,0.8955223880597015,0.06716417910447761,0.22714855206409384,-0.07551155521321165,2.5543066449105654,20,20,7.636292934417725
1446,,0.1808462866976881,0.007233851467907524,0.0023342307657003404,1.0,1.0,1.0,1.0,1.0,0.18592964824120603,0.7487437185929648,0.06532663316582915,0.5190083402786404,0.174,0.174,4.4,0.9915154779843472,0.07157473161520556,23.076923076923077,-0.025232766928987738,0.23076923076923078,0.14383710526186563,0.16080402010050251,0.41708542713567837,0.4221105527638191,0.34673366834170855,0.34673366834170855,nan,nan,0.0570093676666381,0.25616911409119186,0.10843373493975904,0.8809523809523809,0.023809523809523808,0.2220579861874048,0.15048325457219924,2.557022692993404,20,20,7.541825294494629
1447,,0.1654076839913006,0.005907417285403593,0.042099031433463094,0.95,0.95,0.95,0.9948453608247423,0.9375,0.2153846153846154,0.6974358974358974,0.08717948717948718,0.5243093672457949,0.16964285714285715,0.16964285714285715,3.4285714285714284,0.8930451192584019,0.2912964895940248,29.411764705882355,-0.06227503523503291,0.29411764705882354,0.02356073809024198,0.1282051282051282,0.41025641025641024,0.46153846153846156,0.3384615384615385,0.3384615384615385,nan,nan,0.052471361338175405,0.21215562952482334,0.0875,0.7444444444444445,0.03333333333333333,0.21554122859344968,-0.07575526100057514,2.4540692457158744,20,20,6.811786890029907
1448,,0.17992401757459822,0.007496834065608259,0.0773620493710041,1.0,1.0,1.0,1.0,1.0,0.7028985507246377,0.16666666666666666,0.13043478260869565,0.4983109444898825,0.03125,0.03125,0.4583333333333333,0.9858789720192728,0.08671859054709997,22.22222222222222,-0.00994862201996357,0.2222222222222222,0.016922607204925104,0.1956521739130435,0.14492753623188406,0.6594202898550725,0.2246376811594203,0.2246376811594203,nan,nan,0.03137240810138598,0.07531345065813534,0.2,0.12087912087912088,0.0989010989010989,0.2040575533105511,0.11733896276345111,1.7942695940513609,20,20,6.4477009773254395
1449,,0.19103752000405444,0.013645537143146745,-0.008066357392817736,1.0,1.0,1.0,1.0,1.0,0.3153846153846154,0.5846153846153846,0.1,0.5238238897024919,0.05714285714285714,0.05714285714285714,0.5714285714285714,0.9988003093391286,0.023724551042221043,38.46153846153847,-0.007413086709057174,0.38461538461538464,0.022331541852414392,0.18461538461538463,0.38461538461538464,0.4307692307692308,0.23076923076923078,0.23076923076923078,nan,nan,0.04137511994076907,0.14792783261266806,0.18,0.6785714285714286,0.05357142857142857,0.20556159824786305,0.181837047205642,2.4763134971798393,20,20,2.8243203163146973
1450,,0.15235029557151128,0.004616675623379129,0.07627776339650154,0.9,0.9,0.9,0.9900497512437811,0.9473684210526315,0.37,0.535,0.095,0.5142523983059536,0.21666666666666667,0.21666666666666667,2.9696969696969697,0.8529187901288228,0.25867472607943764,10.526315789473683,-0.05468900023496465,0.10526315789473684,0.036840019511162295,0.15,0.37,0.48,0.155,0.155,nan,nan,0.09368992506798626,0.2755212923392034,0.08108108108108109,0.6979166666666666,0.052083333333333336,0.2100242514018273,-0.04865047467761035,1.7802520945348705,20,20,10.383305072784424
1451,,0.1813631661985659,0.005850424716082771,-0.014528423734009265,1.0,1.0,1.0,1.0,1.0,0.5714285714285714,0.31527093596059114,0.11330049261083744,0.5243312813747194,0.3161290322580645,0.3161290322580645,0.7741935483870968,0.9914668390202334,0.07107127598683755,21.73913043478261,-0.05416196742017753,0.21739130434782608,0.06872673309941275,0.09852216748768473,0.8029556650246306,0.09852216748768473,0.33497536945812806,0.33497536945812806,nan,nan,0.06779671210558084,0.22110396782824773,0.09202453987730061,0.5,0.1,0.21554201855840216,0.14447074257156461,1.7258151923261598,20,20,13.363277673721313
1452,,0.1857652098687818,0.008443873175853718,-0.0066714145243167875,1.0,1.0,1.0,1.0,1.0,0.23076923076923078,0.6871794871794872,0.08205128205128205,0.53569062299529,0.17045454545454544,0.17045454545454544,5.2272727272727275,0.9957056569962028,0.038535804135481744,25.0,-0.06846226599368554,0.25,0.0189224650873302,0.14871794871794872,0.3128205128205128,0.5384615384615384,0.24615384615384617,0.24615384615384617,nan,nan,0.08153194894452893,0.237336028402289,0.09836065573770492,0.7714285714285715,0.02857142857142857,0.20535297856918383,0.1668171744337021,2.844352883388119,20,20,7.029820442199707
1453,,0.1704954856757027,0.006314647617618618,0.05153130292892456,0.95,0.95,0.95,0.9946808510638298,0.9285714285714286,0.18947368421052632,0.7263157894736842,0.08421052631578947,0.49671757460520083,0.19444444444444445,0.19444444444444445,4.296296296296297,0.91198265919395,0.2623430626071913,18.75,-0.05182712350221555,0.1875,0.046183154387496504,0.1631578947368421,0.5631578947368421,0.2736842105263158,0.4052631578947368,0.4052631578947368,nan,nan,0.07480890303611896,0.2996328578484601,0.08411214953271028,0.8269230769230769,0.019230769230769232,0.2263427548947537,-0.03600030771243763,1.9893491731567263,20,20,7.321279764175415
1454,,0.18923353818208993,0.0070086495622996275,0.15341810882091522,0.95,0.95,0.95,0.9578947368421052,1.0,0.07608695652173914,0.8260869565217391,0.09782608695652174,0.5303007080387842,0.09074074074074075,0.09074074074074075,4.407407407407407,0.6360489421191886,0.834663604777121,22.22222222222222,-0.042953981964962,0.2222222222222222,0.069269908862052,0.14673913043478262,0.5652173913043478,0.28804347826086957,0.46195652173913043,0.46195652173913043,nan,nan,0.17055133498523184,0.2758812579524354,0.09615384615384616,0.9811320754716981,0.0,0.7633772225973376,-0.07128638217978334,2.4148954759994763,20,20,9.027724504470825
1455,,0.1919266603680668,0.017447878215278798,0.010879890806972981,1.0,1.0,1.0,1.0,1.0,0.23846153846153847,0.7153846153846154,0.046153846153846156,0.5210641412784092,0.01818181818181818,0.01818181818181818,2.0,0.9992942722151471,0.02041610272282854,33.33333333333333,-0.0031845204855767335,0.3333333333333333,0.028129684318651375,0.23846153846153847,0.16153846153846155,0.6,0.13846153846153847,0.13846153846153847,nan,nan,0.055678945739868736,0.31211576887603976,0.0,0.7692307692307693,0.0641025641025641,0.20132522492187438,0.18090912219904584,2.7237501690074546,20,20,2.7023067474365234
1456,,0.17474542034177357,0.0069898168136709425,0.03290608935058117,1.0,1.0,1.0,1.0,1.0,0.09326424870466321,0.8238341968911918,0.08290155440414508,0.5066664279997348,0.116,0.116,5.6,0.9799609034531414,0.09781494212749345,62.5,0.0024192114356924093,0.625,0.04335043195049649,0.11398963730569948,0.5284974093264249,0.35751295336787564,0.43005181347150256,0.43005181347150256,nan,nan,0.06272318787356201,0.2969192995619047,0.10784313725490197,0.9130434782608695,0.043478260869565216,0.23801288701149287,0.14019794488399942,1.9448772766006923,20,20,8.008325099945068
1457,,0.18137465934527947,0.007557277472719978,-0.05196388252079487,1.0,1.0,1.0,1.0,1.0,0.125,0.7864583333333334,0.08854166666666667,0.5334562710636116,0.11666666666666667,0.11666666666666667,4.666666666666667,0.9934732186955276,0.056596602115167094,47.05882352941176,-0.029341612162143905,0.47058823529411764,0.04278508023434586,0.19791666666666666,0.18229166666666666,0.6197916666666666,0.171875,0.171875,nan,nan,0.06553578287583424,0.2316179109251792,0.14285714285714285,0.8235294117647058,0.058823529411764705,0.21420268266954207,0.15760608055437497,2.7359495231619304,20,20,7.076875448226929
1458,,0.18261744513288222,0.004454084027631274,-0.027251638968785605,1.0,1.0,1.0,1.0,1.0,0.1386861313868613,0.7773722627737226,0.08394160583941605,0.5155725322240714,0.17804878048780487,0.17804878048780487,4.682926829268292,0.9850713884531153,0.10113544979597619,26.08695652173913,-0.05469702101762092,0.2608695652173913,0.10908390762269593,0.09854014598540146,0.6824817518248175,0.21897810218978103,0.5802919708029197,0.5802919708029197,nan,nan,0.04702503687016837,0.24741511875054836,0.06417112299465241,0.8666666666666667,0.03333333333333333,0.23060617295022023,0.12947072315424404,2.051883015554194,20,20,14.682764768600464
1459,,0.1635836377980724,0.00408959094495181,0.01585281329850356,0.95,0.95,0.95,0.9959183673469387,1.0,0.13709677419354838,0.7701612903225806,0.09274193548387097,0.5305783887275902,0.1825,0.1825,4.625,0.9000052291682384,0.2646364493217493,21.73913043478261,-0.11135768827362223,0.21739130434782608,0.08314270068742755,0.125,0.6935483870967742,0.1814516129032258,0.5443548387096774,0.5443548387096774,nan,nan,0.05514096820826886,0.3039559694605213,0.06395348837209303,0.9111111111111111,0.022222222222222223,0.21115095353246338,-0.053485495789285895,2.041498916591118,20,20,13.159385204315186
1460,,0.17895006652208098,0.008134093932821863,-0.030200316570699215,1.0,1.0,1.0,1.0,1.0,0.12315270935960591,0.7783251231527094,0.09852216748768473,0.5408828250449997,0.09090909090909091,0.09090909090909091,5.7272727272727275,0.9921659103502227,0.06410953447968515,30.0,-0.0415383035878548,0.3,0.01706166132499366,0.15763546798029557,0.4088669950738916,0.43349753694581283,0.3694581280788177,0.3694581280788177,nan,nan,0.028454294058377443,0.12286548208277791,0.13253012048192772,0.7954545454545454,0.022727272727272728,0.21119285051096595,0.1470833160312808,2.8556249777602405,20,20,7.377653360366821
1461,,0.16937584466233271,0.005132601353404022,0.03954374305903911,0.9,0.9,0.9,0.9949494949494949,1.0,0.5606060606060606,0.30808080808080807,0.13131313131313133,0.5102092250391389,0.353030303030303,0.353030303030303,1.1818181818181819,0.8831891375256039,0.24626496632336317,23.076923076923077,-0.049899593275005844,0.23076923076923078,0.037003730328774874,0.10101010101010101,0.8232323232323232,0.07575757575757576,0.2878787878787879,0.2878787878787879,nan,nan,0.12089026956276983,0.4318468135799232,0.10429447852760736,0.2,0.06666666666666667,0.22390941827312594,-0.022355548050237234,1.478787120605112,20,20,15.990198850631714
1462,,0.1825998562465756,0.005890317943437922,-0.013656838610768319,0.95,0.95,0.95,0.9800995024875622,1.0,0.4623115577889447,0.41708542713567837,0.12060301507537688,0.5091593563167994,0.40161290322580645,0.40161290322580645,1.2258064516129032,0.9745710992257928,0.14842430940157902,12.5,-0.17140121364561567,0.125,0.0992816612859529,0.11055276381909548,0.7989949748743719,0.09045226130653267,0.3869346733668342,0.3869346733668342,nan,nan,0.11477127969196102,0.4407423921024242,0.06918238993710692,0.2777777777777778,0.1111111111111111,0.24015511611996704,0.09173080671838803,1.7191384248207116,20,20,14.133956670761108
1463,,0.17761972016450395,0.005224109416603057,-0.013928650133311748,1.0,1.0,1.0,1.0,1.0,0.07984790874524715,0.8098859315589354,0.11026615969581749,0.5258876509512501,0.17058823529411765,0.17058823529411765,6.382352941176471,0.978298450387584,0.10075960870349615,41.37931034482759,-0.042484050803085954,0.41379310344827586,0.04539486653434682,0.1520912547528517,0.34600760456273766,0.5019011406844106,0.311787072243346,0.311787072243346,nan,nan,0.05833866591196417,0.22354873047910467,0.13186813186813187,0.8484848484848485,0.05303030303030303,0.22330232577349102,0.12254271706999487,2.4198438485328797,20,20,12.938654661178589
1464,,0.18518148250956784,0.007715895104565326,-0.004719403572380543,1.0,1.0,1.0,1.0,1.0,0.20689655172413793,0.7142857142857143,0.07881773399014778,0.5500008711149955,0.20416666666666666,0.20416666666666666,4.666666666666667,0.9881880755873144,0.08530714709852608,31.25,-0.03551498495207613,0.3125,0.03132563276069204,0.13793103448275862,0.2660098522167488,0.5960591133004927,0.21182266009852216,0.21182266009852216,nan,nan,0.08026880079296182,0.21755103487637642,0.09259259259259259,0.8677685950413223,0.06611570247933884,0.2195512800097426,0.13424413291121653,2.9129884103594073,20,20,7.12807822227478
1465,,0.16557146400067208,0.005341014967763616,0.014546309970319271,0.95,0.95,0.95,0.9947089947089947,0.9375,0.20634920634920634,0.708994708994709,0.08465608465608465,0.5411336617812859,0.13709677419354838,0.13709677419354838,3.6129032258064515,0.882074331876306,0.32339744152850936,37.5,-0.015410074950259386,0.375,0.09231203083317231,0.15873015873015872,0.48677248677248675,0.3544973544973545,0.3915343915343915,0.3915343915343915,nan,nan,0.06302969187983498,0.25052278528172806,0.09782608695652174,0.8507462686567164,0.04477611940298507,0.25028934980667455,-0.0731080917218348,2.0421288811089506,20,20,7.327962398529053
1466,,0.19065653419563744,0.014665887245818264,0.00605571148917079,1.0,1.0,1.0,1.0,1.0,0.3358208955223881,0.5970149253731343,0.06716417910447761,0.5161256690177162,0.026923076923076925,0.026923076923076925,0.8461538461538461,0.9990783359151147,0.024871118019023225,22.22222222222222,-0.00313521296392803,0.2222222222222222,0.0273877228821504,0.19402985074626866,0.6194029850746269,0.1865671641791045,0.373134328358209,0.373134328358209,nan,nan,0.04637021073605845,0.2673541845155488,0.10843373493975904,0.8,0.0,0.20786411298006197,0.18299299496103874,2.309029281172511,20,20,3.4787051677703857
1467,,0.16413523925272697,0.004827507036844911,0.0704523742198944,0.9,0.9,0.9,0.8975609756097561,1.0,0.18716577540106952,0.7272727272727273,0.0855614973262032,0.5243571636787452,0.10441176470588236,0.10441176470588236,2.3823529411764706,0.7814245166293117,0.35895027356531467,25.0,-0.4305589474741378,0.25,0.060351504167343105,0.18181818181818182,0.5240641711229946,0.29411764705882354,0.4117647058823529,0.4117647058823529,nan,nan,0.09085123604939506,0.3139921298901112,0.061224489795918366,0.7454545454545455,0.05454545454545454,0.2782380576808656,-0.08071221588444905,2.205427551149521,20,20,8.741688966751099
1468,,0.17644536333839256,0.006301620119228306,-0.011157843749970198,1.0,1.0,1.0,1.0,1.0,0.22009569377990432,0.7081339712918661,0.07177033492822966,0.5184137131586405,0.17142857142857143,0.17142857142857143,4.571428571428571,0.9919358739418499,0.060792879797722243,33.33333333333333,-0.014741169056227703,0.3333333333333333,0.09408456636553217,0.10526315789473684,0.3923444976076555,0.5023923444976076,0.27751196172248804,0.27751196172248804,nan,nan,0.07064817253795916,0.27632426487804446,0.10975609756097561,0.7619047619047619,0.009523809523809525,0.21636584711765153,0.15557296731992928,2.350179361155045,20,20,9.054538011550903
1469,,0.18966321890948487,0.018966321890948486,-0.0009673526510596275,1.0,1.0,1.0,1.0,1.0,0.25547445255474455,0.6788321167883211,0.06569343065693431,0.5505285683553666,0.025,0.025,1.3,0.9992885169894041,0.01884716006616527,66.66666666666666,0.006896263999336744,0.6666666666666666,0.014319663181648082,0.11678832116788321,0.5547445255474452,0.3284671532846715,0.3357664233576642,0.3357664233576642,nan,nan,0.03520548513080371,0.1992015777833345,0.11842105263157894,0.7777777777777778,0.0,0.19885666361155863,0.18000950354539336,2.2238231716861265,20,20,3.0697031021118164
1470,,0.17860156369702146,0.006378627274893624,0.017471769452095033,0.95,0.95,0.95,0.9948186528497409,1.0,0.28350515463917525,0.634020618556701,0.08247422680412371,0.5174684429316715,0.2642857142857143,0.2642857142857143,3.7142857142857144,0.931681338308397,0.24593112230488012,25.0,-0.05851606412146345,0.25,0.05665404288228451,0.13917525773195877,0.4329896907216495,0.42783505154639173,0.2422680412371134,0.2422680412371134,nan,nan,0.11215265362013194,0.3765685052877779,0.09523809523809523,0.8554216867469879,0.07228915662650602,0.22333293780401453,-0.02259818450086558,1.8900036799485302,20,20,8.692522764205933
1471,,0.19059459241035892,0.01732678112821445,0.00648145992308855,1.0,1.0,1.0,1.0,1.0,0.45652173913043476,0.4782608695652174,0.06521739130434782,0.5091644042256204,0.022727272727272728,0.022727272727272728,1.3636363636363635,0.9990857855779796,0.027633966253632486,33.33333333333333,-0.009286591508243729,0.3333333333333333,0.004529215066404919,0.17391304347826086,0.5,0.32608695652173914,0.2318840579710145,0.2318840579710145,nan,nan,0.03145065535268921,0.15756370737175615,0.07246376811594203,0.5333333333333333,0.044444444444444446,0.20038617316463342,0.17275220691100093,2.7730694179299844,20,20,3.2888028621673584
1472,,0.1917242502597242,0.015977020854977018,-0.017977947369217873,1.0,1.0,1.0,1.0,1.0,0.36153846153846153,0.5692307692307692,0.06923076923076923,0.5202892752039285,0.075,0.075,1.1666666666666667,0.9984702517405711,0.024550326949598328,44.44444444444444,-0.011163144798173793,0.4444444444444444,0.014815161325435795,0.17692307692307693,0.5846153846153846,0.23846153846153847,0.3076923076923077,0.3076923076923077,nan,nan,0.048587048112021074,0.2257408114333614,0.10526315789473684,0.7096774193548387,0.0,0.20301267893136843,0.1784623519817701,2.2079691674474624,20,20,2.8185293674468994
1473,,0.1631962434640888,0.0037090055332747456,0.022605363776286445,0.95,0.95,0.95,1.0,1.0,0.24714828897338403,0.6577946768060836,0.09505703422053231,0.5346196496232137,0.23636363636363636,0.23636363636363636,3.4318181818181817,0.911950343043618,0.24949672807088474,28.000000000000004,-0.11922508777422852,0.28,0.013987301990109146,0.13307984790874525,0.4524714828897338,0.4144486692015209,0.2813688212927757,0.2813688212927757,nan,nan,0.07807729863075133,0.2736890071704475,0.08403361344537816,0.8165137614678899,0.03669724770642202,0.21470775716629548,-0.03478897090458928,2.4818608190218576,20,20,13.26408076286316
1474,,0.14959692342663639,0.0032521070310138345,0.049888179451227185,0.85,0.85,0.85,0.9841269841269841,0.9523809523809523,0.17131474103585656,0.7370517928286853,0.09163346613545817,0.535330238925393,0.21956521739130436,0.21956521739130436,3.9130434782608696,0.8085279284096669,0.2758807962886165,39.130434782608695,-0.04905191294381132,0.391304347826087,0.04835062054357931,0.11553784860557768,0.7091633466135459,0.1752988047808765,0.5856573705179283,0.5856573705179283,nan,nan,0.05730107282541488,0.3050738798322756,0.03932584269662921,0.8409090909090909,0.09090909090909091,0.22539552752303899,-0.05048526876557752,2.136383516993104,20,20,15.333814859390259
1475,,0.17739480539206684,0.006822877130464109,0.0005002893507480621,1.0,1.0,1.0,1.0,1.0,0.024271844660194174,0.8932038834951457,0.0825242718446602,0.5283547486796474,0.05576923076923077,0.05576923076923077,7.0,0.986883839520713,0.0845462488231214,35.294117647058826,-0.027384542054328193,0.35294117647058826,0.05476445831716344,0.14563106796116504,0.4563106796116505,0.39805825242718446,0.3932038834951456,0.3932038834951456,nan,nan,0.05222101508105975,0.18934619253187593,0.1276595744680851,0.975609756097561,0.012195121951219513,0.23309374844774883,0.14854749962462743,2.290320808751335,20,20,8.979783296585083
1476,,0.1888170877299086,0.017165189793628053,0.005321041494607925,1.0,1.0,1.0,1.0,1.0,0.5441176470588235,0.3602941176470588,0.09558823529411764,0.4967786985809322,0.06818181818181818,0.06818181818181818,0.9090909090909091,0.9992222548288081,0.01697855226715192,38.46153846153847,-0.002130806887920711,0.38461538461538464,0.017534505274038985,0.19117647058823528,0.15441176470588236,0.6544117647058824,0.25735294117647056,0.25735294117647056,nan,nan,0.03468998655748766,0.1539149712675133,0.14285714285714285,0.3146067415730337,0.11235955056179775,0.19682691675892347,0.17984836449177155,2.165605040486571,20,20,3.6955368518829346
1477,,0.1911769279957481,0.013655494856839149,-0.021466858498752118,1.0,1.0,1.0,1.0,1.0,0.13533834586466165,0.8045112781954887,0.06015037593984962,0.5171240201918408,0.014285714285714285,0.014285714285714285,1.0,0.9965312493504024,0.056633310209136145,25.0,-0.005294209283511348,0.25,0.019140886692563332,0.18796992481203006,0.40601503759398494,0.40601503759398494,0.3233082706766917,0.3233082706766917,nan,nan,0.05289212104047514,0.20611389711922457,0.09259259259259259,0.8148148148148148,0.037037037037037035,0.23600840900868866,0.17937509879955252,2.2727832034941726,20,20,3.1453022956848145
1478,,0.18779263848592503,0.01564938654049375,-0.02780082859098911,1.0,1.0,1.0,1.0,1.0,0.11290322580645161,0.8306451612903226,0.056451612903225805,0.5010942312947009,0.041666666666666664,0.041666666666666664,1.8333333333333333,0.9991920316848316,0.02134789539131743,57.14285714285714,-0.004176922606316421,0.5714285714285714,0.027499014761090103,0.1693548387096774,0.3548387096774194,0.47580645161290325,0.28225806451612906,0.28225806451612906,nan,nan,0.043204869585121056,0.21097025482834472,0.11363636363636363,0.864406779661017,0.03389830508474576,0.19711990893934841,0.175772013548031,2.76835459686476,20,20,2.963123083114624
1479,,0.1883400599122426,0.015695004992686883,-0.02216443307697773,1.0,1.0,1.0,1.0,1.0,0.07692307692307693,0.8461538461538461,0.07692307692307693,0.5072591532732379,0.008333333333333333,0.008333333333333333,2.0,0.9989983863929837,0.023505602554705407,40.0,0.002880157097887453,0.4,0.026536490333382224,0.15384615384615385,0.4307692307692308,0.4153846153846154,0.36923076923076925,0.36923076923076925,nan,nan,0.033009442235552446,0.19388033351387224,0.125,0.8703703703703703,0.05555555555555555,0.19833865056428363,0.17483304800957822,2.4647703108905534,20,20,3.057835578918457
1480,,0.1822382198895154,0.006749563699611682,-0.02049276726320386,1.0,1.0,1.0,1.0,1.0,0.40298507462686567,0.4975124378109453,0.09950248756218906,0.5131906079165034,0.21851851851851853,0.21851851851851853,2.925925925925926,0.9933144100163963,0.06109950748844459,40.0,-0.027646872113719002,0.4,0.04752639667930711,0.1691542288557214,0.29850746268656714,0.5323383084577115,0.22885572139303484,0.22885572139303484,nan,nan,0.09005990329407969,0.29312711758131216,0.11666666666666667,0.5887850467289719,0.07476635514018691,0.20751351827967796,0.14641401079123337,1.9958940184102376,20,20,7.147542715072632
1481,,0.1676262093571176,0.005780214115762676,0.02935622725635767,0.95,0.95,0.95,0.9948717948717949,0.9473684210526315,0.2222222222222222,0.6666666666666666,0.1111111111111111,0.5022844133228224,0.1810344827586207,0.1810344827586207,3.7241379310344827,0.8981971218104463,0.27568445500163274,22.727272727272727,-0.03415396928372251,0.22727272727272727,0.14906405447609059,0.14646464646464646,0.5606060606060606,0.29292929292929293,0.35858585858585856,0.35858585858585856,nan,nan,0.060850681167789154,0.2388687986226279,0.11711711711711711,0.9137931034482759,0.017241379310344827,0.21742172123713696,-0.058262733764495776,2.0601575920811426,20,20,7.997077703475952
1482,,0.1766166158597962,0.005887220528659874,0.0018180985003709792,1.0,1.0,1.0,1.0,1.0,0.28125,0.625,0.09375,0.5150513328879606,0.205,0.205,2.7,0.9881027424915209,0.08970694942587973,22.22222222222222,-0.062349980930673135,0.2222222222222222,0.06261978730354684,0.13020833333333334,0.6510416666666666,0.21875,0.5052083333333334,0.5052083333333334,nan,nan,0.0642930470218231,0.3091817182416092,0.08,0.5714285714285714,0.07142857142857142,0.2382180862477163,0.14851113682183656,2.2030491447638427,20,20,9.428202152252197
1483,,0.15778107618277123,0.0038483189312871033,0.04363514507810275,0.9,0.9,0.9,0.9885057471264368,0.9583333333333334,0.23076923076923078,0.676923076923077,0.09230769230769231,0.5262600298999331,0.2280487804878049,0.2280487804878049,3.951219512195122,0.8239372704566995,0.301780663690289,20.833333333333336,-0.07686771077393158,0.20833333333333334,0.09579874031127884,0.1423076923076923,0.5115384615384615,0.34615384615384615,0.3576923076923077,0.3576923076923077,nan,nan,0.06378303166585537,0.2754410180595548,0.06015037593984962,0.7777777777777778,0.044444444444444446,0.22032403677660506,-0.08145662691368392,2.056630890991724,20,20,14.81100845336914
1484,,0.17838559581894356,0.0066068739192201315,-0.016475593112409113,1.0,1.0,1.0,1.0,1.0,0.09644670050761421,0.8121827411167513,0.09137055837563451,0.5307364610817146,0.08333333333333333,0.08333333333333333,5.296296296296297,0.9819409113924735,0.09020208328348062,38.88888888888889,-0.050984244785065344,0.3888888888888889,0.04828547657983244,0.18781725888324874,0.19796954314720813,0.6142131979695431,0.18274111675126903,0.18274111675126903,nan,nan,0.07514071535989268,0.21034401469337977,0.10256410256410256,0.8842975206611571,0.05785123966942149,0.2283350114560531,0.13813292817257247,2.4341865750707874,20,20,7.936827898025513
1485,,0.1805846690776157,0.006019488969253857,-0.011580060794949531,1.0,1.0,1.0,1.0,1.0,0.12935323383084577,0.7860696517412935,0.0845771144278607,0.5377246020291931,0.12333333333333334,0.12333333333333334,4.7,0.9876570578122786,0.08215760283798557,23.52941176470588,-0.06904904953753915,0.23529411764705882,0.05967489926043828,0.1691542288557214,0.4129353233830846,0.417910447761194,0.34328358208955223,0.34328358208955223,nan,nan,0.06055446539603821,0.2111147567985503,0.060240963855421686,0.8928571428571429,0.023809523809523808,0.23289435527801655,0.15073675244003099,2.4950733606919617,20,20,7.609758615493774
1486,,0.1804297354594355,0.006682582794793907,-0.017313200514763594,1.0,1.0,1.0,1.0,1.0,0.40669856459330145,0.5119617224880383,0.08133971291866028,0.5159151245546699,0.2814814814814815,0.2814814814814815,2.4444444444444446,0.9861825582618315,0.0921780131631135,17.647058823529413,-0.06072039771698208,0.17647058823529413,0.13729489899405956,0.1722488038277512,0.3157894736842105,0.5119617224880383,0.2535885167464115,0.2535885167464115,nan,nan,0.0875512625703848,0.31791311016120133,0.09090909090909091,0.6448598130841121,0.04672897196261682,0.2199088224398943,0.1277308092767808,2.0318743161081594,20,20,13.216864109039307
1487,,0.18257742981320924,0.0055326493882790675,-0.020014352258294822,1.0,1.0,1.0,1.0,1.0,0.0996309963099631,0.8339483394833949,0.06642066420664207,0.534307068810008,0.18484848484848485,0.18484848484848485,6.848484848484849,0.9868753299048262,0.08177979103097391,44.44444444444444,-0.08254142967528538,0.4444444444444444,0.06502049190886135,0.11808118081180811,0.2767527675276753,0.6051660516605166,0.23616236162361623,0.23616236162361623,nan,nan,0.06534083752017077,0.24391888999255773,0.06666666666666667,0.9329268292682927,0.018292682926829267,0.22929262101361414,0.14751282998264023,2.6605997523000995,20,20,15.222928047180176
1488,,0.19158772685469372,0.019158772685469373,0.014590169861912727,1.0,1.0,1.0,1.0,1.0,0.31343283582089554,0.6044776119402985,0.08208955223880597,0.5251128283003346,0.035,0.035,2.2,0.9988955798371248,0.0215390626345677,54.54545454545454,-0.007705996901189962,0.5454545454545454,0.011725516115667042,0.208955223880597,0.40298507462686567,0.3880597014925373,0.26865671641791045,0.26865671641791045,nan,nan,0.044536037520244445,0.19056275141762294,0.14814814814814814,0.6923076923076923,0.019230769230769232,0.20347722254135167,0.18193815990678397,2.438268136225504,20,20,2.7337257862091064
1489,,0.16322611092560466,0.0051008159664251455,0.030234911292791367,0.9,0.9,0.9,0.9797979797979798,0.9166666666666666,0.1116751269035533,0.8223350253807107,0.06598984771573604,0.5152366408994566,0.15625,0.15625,4.34375,0.9103062726656296,0.21467696506729828,15.384615384615385,-0.16132131404440442,0.15384615384615385,0.04367962345655903,0.16751269035532995,0.3096446700507614,0.5228426395939086,0.23857868020304568,0.23857868020304568,nan,nan,0.08798384202351961,0.39915438067498965,0.09836065573770492,0.883495145631068,0.009708737864077669,0.22060340096004766,0.005926435892749382,2.5183051043676707,20,20,7.70168924331665
1490,,0.17677075009279525,0.006095543106648112,-0.02958973925560713,1.0,1.0,1.0,1.0,1.0,0.02512562814070352,0.9296482412060302,0.04522613065326633,0.5340273494218026,0.039655172413793106,0.039655172413793106,7.206896551724138,0.9781400578702796,0.1117528127315296,22.22222222222222,-0.03530290324761544,0.2222222222222222,0.017862381166345826,0.1658291457286432,0.35175879396984927,0.4824120603015075,0.3316582914572864,0.3316582914572864,nan,nan,0.06339148943332679,0.1906425743567113,0.04285714285714286,0.9791666666666666,0.010416666666666666,0.23794776859086902,0.12619495585933943,3.2635037875291832,20,20,10.282177925109863
1491,,0.17894897720107933,0.005422696278820586,-0.013699877355247737,1.0,1.0,1.0,1.0,1.0,0.11923076923076924,0.8384615384615385,0.04230769230769231,0.5400094107643588,0.15757575757575756,0.15757575757575756,6.96969696969697,0.9839300183785525,0.0708472716444477,18.181818181818183,-0.08307619743555711,0.18181818181818182,0.08308119290640183,0.11153846153846154,0.5576923076923077,0.33076923076923076,0.5192307692307693,0.5192307692307693,nan,nan,0.03129507222202899,0.13667944882147587,0.006896551724137931,0.9302325581395349,0.011627906976744186,0.22265935724610647,0.15181208560165876,2.6793686694194956,20,20,11.924642562866211
1492,,0.16895955551258654,0.004446304092436488,0.007755128107964993,0.95,0.95,0.95,0.9655172413793104,1.0,0.15354330708661418,0.7992125984251969,0.047244094488188976,0.5150118641118178,0.13421052631578947,0.13421052631578947,5.605263157894737,0.8819436838742044,0.3111214668896042,41.66666666666667,-0.03802691673704795,0.4166666666666667,0.054492105594605225,0.2125984251968504,0.17716535433070865,0.610236220472441,0.14960629921259844,0.14960629921259844,nan,nan,0.09484376528664205,0.26309998102277554,0.08888888888888889,0.832258064516129,0.01935483870967742,0.22932736726216146,-0.0817940996274427,2.6008205421929462,20,20,14.753582000732422
1493,,0.1785085556214556,0.007761241548758939,-0.014991849660873413,1.0,1.0,1.0,1.0,1.0,0.12376237623762376,0.7871287128712872,0.0891089108910891,0.5363862054174483,0.12608695652173912,0.12608695652173912,5.130434782608695,0.983589130542383,0.10777336692994184,38.88888888888889,-0.023043578779455856,0.3888888888888889,0.10056198317020393,0.15346534653465346,0.3316831683168317,0.5148514851485149,0.297029702970297,0.297029702970297,nan,nan,0.04757130927617972,0.15222054098078364,0.08955223880597014,0.8461538461538461,0.04807692307692308,0.227331508409391,0.11955814147944917,2.8601776832198236,20,20,7.057337284088135
1494,,0.17651988603350988,0.004011815591670679,-0.010449217011531195,1.0,1.0,1.0,1.0,1.0,0.06513409961685823,0.8505747126436781,0.0842911877394636,0.5258567106961644,0.12386363636363637,0.12386363636363637,5.159090909090909,0.9789075574303443,0.11382459378112192,18.181818181818183,-0.06377669721812032,0.18181818181818182,0.10883177654273046,0.11494252873563218,0.3563218390804598,0.5287356321839081,0.3103448275862069,0.3103448275862069,nan,nan,0.08643989771654752,0.24098491192773328,0.06451612903225806,0.9347826086956522,0.043478260869565216,0.22383802004128506,0.11001342626016314,2.61627053565453,20,20,14.873915910720825
1495,,0.1916593966245684,0.0040778595026503914,0.008173765117923419,0.95,0.95,0.95,1.0,1.0,0.34686346863468637,0.5092250922509225,0.14391143911439114,0.5288456959439383,0.3659574468085106,0.3659574468085106,3.127659574468085,0.9587593647615962,0.1912043513987716,17.94871794871795,-0.2014100371440195,0.1794871794871795,0.0666456016144836,0.08856088560885608,0.6863468634686347,0.22509225092250923,0.33210332103321033,0.33210332103321033,nan,nan,0.13108448253798888,0.43421920758722343,0.10752688172043011,0.8688524590163934,0.06557377049180328,0.2515467473152788,0.060342395916507224,1.6420307863764814,20,20,24.47530746459961
1496,,0.18487113247668657,0.005602155529596563,-0.010003074072301388,1.0,1.0,1.0,1.0,1.0,0.15503875968992248,0.7635658914728682,0.08139534883720931,0.5319733104248757,0.20757575757575758,0.20757575757575758,5.818181818181818,0.9881959140811437,0.07767033085938568,9.523809523809524,-0.11310828156035546,0.09523809523809523,0.18253791637939293,0.12403100775193798,0.4108527131782946,0.46511627906976744,0.313953488372093,0.313953488372093,nan,nan,0.07526123249926867,0.23518326716821736,0.03773584905660377,0.9083333333333333,0.041666666666666664,0.22532450202272422,0.14765417116333854,2.656326062351374,20,20,12.911809921264648
1497,,0.1879954706206817,0.014461190047744746,-0.007617203984409571,1.0,1.0,1.0,1.0,1.0,0.045112781954887216,0.8947368421052632,0.06015037593984962,0.5271453144637724,0.011538461538461539,0.011538461538461539,1.7692307692307692,0.9986141359696077,0.03357488300279618,12.5,-0.006245054685447995,0.125,0.01517213418705966,0.19548872180451127,0.3157894736842105,0.48872180451127817,0.2857142857142857,0.2857142857142857,nan,nan,0.041883541653484,0.20377990477471944,0.09523809523809523,0.9076923076923077,0.06153846153846154,0.2132965445934476,0.17972166159065142,3.2260842092520083,20,20,3.613800525665283
1498,,0.1767491096664525,0.007069964386658099,0.012243798188865184,1.0,1.0,1.0,1.0,1.0,0.09803921568627451,0.8186274509803921,0.08333333333333333,0.5179726453218609,0.122,0.122,5.36,0.9897800003605102,0.07790866231812721,23.52941176470588,-0.06922412867258212,0.23529411764705882,0.05084918367339172,0.18137254901960784,0.35784313725490197,0.46078431372549017,0.30392156862745096,0.30392156862745096,nan,nan,0.06215518145113584,0.2917575373079639,0.1232876712328767,0.851063829787234,0.0425531914893617,0.21551212743141462,0.13760346511328742,2.62000953823273,20,20,7.830023527145386
1499,,0.1822388549395014,0.0052068244268428975,0.00295625738799572,1.0,1.0,1.0,1.0,1.0,0.18085106382978725,0.7588652482269503,0.06028368794326241,0.5344233092981657,0.17142857142857143,0.17142857142857143,5.0285714285714285,0.9804855290746378,0.10193208963466405,11.76470588235294,-0.11730578406286502,0.11764705882352941,0.02914026940243418,0.1347517730496454,0.4858156028368794,0.37943262411347517,0.4326241134751773,0.4326241134751773,nan,nan,0.04293323053307092,0.16492864924313677,0.029197080291970802,0.9065420560747663,0.018691588785046728,0.22123871048731278,0.11930662085264873,2.330834507891602,20,20,13.222257137298584
1500,,0.18971613530992912,0.015809677942494094,-0.012957945466041565,1.0,1.0,1.0,1.0,1.0,0.3712121212121212,0.5757575757575758,0.05303030303030303,0.5299521704274714,0.0125,0.0125,1.0833333333333333,0.9986096108222343,0.027880692228200527,57.14285714285714,0.0049573826091472584,0.5714285714285714,0.017822004879666543,0.14393939393939395,0.6287878787878788,0.22727272727272727,0.3787878787878788,0.3787878787878788,nan,nan,0.042483775788070596,0.21101321685260832,0.060240963855421686,0.5,0.06666666666666667,0.20294364384388602,0.1750629516156855,2.2606190720049653,20,20,2.8599343299865723
