[Launcher] root=/root/vecOffloadingSim
[Launcher] run_dir=/root/vecOffloadingSim/runs/run_1000ep_A_lrcritic_5e4_20260321
[Launcher] config_snapshot=/root/vecOffloadingSim/runs/run_1000ep_A_20260320/logs/config_snapshot.json
[Launcher] LR_ACTOR=2e-4
[Launcher] LR_CRITIC=5e-4
[Launcher] DEVICE_NAME=cuda
[Launcher] started_at=2026-03-21 00:18:20 CST

[ConfigSnapshot] load=True path=/root/vecOffloadingSim/runs/run_1000ep_A_20260320/logs/config_snapshot.json
[ConfigEffective] USE_SIMPLIFIED_CRITIC=False COMMWAIT_DIRECT_TO_CRITIC=True USE_LOGIT_BIAS=True USE_FIXED_POWER=False CTDE_GLOBAL_DIM=30 GLOBAL_STATE_SOURCE=env_single_source
[ScaleCheck] UNIFIED cap: step<=~0.000 ep<=~0.0 term=10.0 ep/term=0.00 (Td_min=0.40s, DT=0.10s, i_cap=3, e_cap=1.5)
[ConfigDump] saved: /root/vecOffloadingSim/runs/run_1000ep_A_lrcritic_5e4_20260321/config_dump.json
[ConfigSnapshot] saved: /root/vecOffloadingSim/runs/run_1000ep_A_lrcritic_5e4_20260321/logs/config_snapshot.json
[RunMeta] saved: /root/vecOffloadingSim/runs/run_1000ep_A_lrcritic_5e4_20260321/run_meta.json

======================================================================================================================
[Train] MAPPO VEC training started
======================================================================================================================
[Run] id=run_1000ep_A_lrcritic_5e4_20260321 seed=42 device=cuda reward=UNIFIED candidate=ALL (all_feasible=True)
[Train] episodes=1000 steps/ep=300 eval_interval=1 save_interval=100 baseline_eval=off
[Scenario] vehicles=20 rsu=2 map=1000.0m lanes=2 v2v_range=200.0m rsu_range=300.0m
[Physics] BW_V2I=10.00MHz BW_V2V=20.00MHz RB=10 Ptx=[0.0200,0.1995]W (13.0,23.0 dBm) DT=0.100s
[ScaleCheck] UNIFIED nominal: E_loc=9J E_tx=0.00750952J r_time=-0 r_energy=-0 r_interf=-0 (B_RB=2e+06Hz, SNR=20dB, dt=0.1, Td=10, rho=0.7)
[Compute] f_local=[1.00,1.80]GHz f_rsu=6.00GHz
[PPO] lr=2.00e-04 gamma=0.995 gae=0.950 clip=0.250 ent=0.020 batch=256 epochs=5 d_model=128 layers=2
[Logging] step_metrics=off step_logs=off tb_obs=on
[Paths] run=/root/vecOffloadingSim/runs/run_1000ep_A_lrcritic_5e4_20260321
[Paths] logs=/root/vecOffloadingSim/runs/run_1000ep_A_lrcritic_5e4_20260321/logs  models=/root/vecOffloadingSim/runs/run_1000ep_A_lrcritic_5e4_20260321/models  plots=/root/vecOffloadingSim/runs/run_1000ep_A_lrcritic_5e4_20260321/plots
======================================================================================================================


    Ep    Wall    R/step     T_SR     V_SR     S_SR            L/R/V   Lat(s)       En     Miss      Ill      Ent       KL     Clip
--------------------------------------------------------------------------------------------------------------------------------
     1    21.1s   -0.0007     5.0%     5.0%    51.5%      28%/49%/23%    1.520    0.342    95.0%     0.0%   2.1537   0.0026     6.3%
  [MA20] reward=-0.0007 task_sr=5.0% miss=95.0% time_limit=0.0% v2v=22.8%
  [RWRD] r_prog=0.0251 r_term=-0.0320 r_illegal=0.0000
  [PPO ] p_loss=-0.0045 v_loss=20.3631 entropy=2.1537 grad=113.2736 active=100.0%
  [SIM ] avg_power(a)=0.4921 rsu_q=0.857 tx=98 no_tx=38 deadlock=0 svc=0.000GHz idle=0.0%
  → Best model saved: sr=0.050 miss=0.950 tl=0.000 cft=1.520 illegal=0.000
     2     7.9s    0.0031    45.0%    45.0%    74.1%      31%/34%/35%    0.833    0.314    55.0%     0.0%   2.0580   0.0164     5.9%
     3    15.1s    0.0020    30.0%    30.0%    75.5%      28%/37%/35%    2.877    0.275    70.0%     0.0%   1.8256   0.0043     7.1%
     4    20.0s    0.0006    10.0%    10.0%    59.9%      29%/34%/38%    2.091    0.400    90.0%     0.0%   1.9869   0.0118     8.2%
     5    15.1s    0.0028    30.0%    30.0%    72.3%      22%/38%/40%    1.745    0.315    70.0%     0.0%   2.1730   0.0122     6.4%
     6     5.1s    0.0032    60.0%    60.0%    80.9%      20%/28%/52%    0.788    0.299    40.0%     0.0%   2.1877   0.0121     7.0%
     7     3.9s    0.0070    90.0%    90.0%    96.9%      12%/39%/48%    0.826    0.153    10.0%     0.0%   2.1360   0.0167     9.5%
     8     9.6s    0.0036    55.0%    55.0%    80.6%      17%/43%/40%    1.759    0.255    40.0%     0.0%   1.8927   0.0158    16.1%
     9     7.5s    0.0049    80.0%    80.0%    96.2%      14%/53%/33%    1.853    0.174    20.0%     0.0%   1.7567   0.0092     9.3%
    10     7.5s    0.0057    75.0%    75.0%    90.7%      13%/67%/20%    1.739    0.087    25.0%     0.0%   1.5895   0.0100     8.2%
  [MA20] reward=0.0032 task_sr=48.0% miss=51.5% time_limit=0.0% v2v=36.3%
  [RWRD] r_prog=0.0283 r_term=0.0283 r_illegal=0.0000
  [PPO ] p_loss=-0.0079 v_loss=0.4879 entropy=1.5895 grad=4.8910 active=100.0%
  [SIM ] avg_power(a)=0.5002 rsu_q=3.769 tx=156 no_tx=25 deadlock=0 svc=0.000GHz idle=0.0%
  → Best model saved: sr=0.480 miss=0.515 tl=0.000 cft=1.603 illegal=0.000
    11    13.0s    0.0049    80.0%    80.0%    94.6%      13%/67%/20%    2.315    0.127    20.0%     0.0%   1.4925 6.53e-05     4.8%
    12    18.1s    0.0040    70.0%    70.0%    87.6%      12%/73%/15%    2.399    0.177    30.0%     0.0%   1.6061   0.0054     5.5%
    13    10.5s    0.0045    70.0%    70.0%    86.5%      11%/75%/15%    1.680    0.066    30.0%     0.0%   1.4293   0.0063     7.9%
    14     4.1s    0.0078    90.0%    90.0%    92.2%      10%/77%/13%    0.725    0.046    10.0%     0.0%   1.4513   0.0083     7.1%
    15    13.6s    0.0056    95.0%    95.0%    96.1%       9%/76%/15%    2.195    0.091     5.0%     0.0%   1.4809   0.0053    10.0%
    16     3.8s    0.0070    95.0%    95.0%    96.2%       8%/73%/19%    0.721    0.035     5.0%     0.0%   1.6425   0.0038     7.7%
    17     9.9s    0.0054    85.0%    85.0%    88.7%      13%/70%/17%    1.596    0.096    15.0%     0.0%   1.7265   0.0120     7.5%
    18    24.8s    0.0037    50.0%    50.0%    79.2%      15%/66%/19%    2.500    0.217    50.0%     0.0%   1.6569   0.0130     7.0%
    19     8.2s    0.0057    90.0%    90.0%    93.7%      11%/69%/21%    1.723    0.069    10.0%     0.0%   1.5890   0.0114     5.5%
    20    18.8s    0.0033    60.0%    60.0%    83.8%      12%/70%/18%    2.519    0.174    40.0%     0.0%   1.5710   0.0032     6.2%
  [MA20] reward=0.0042 task_sr=63.2% miss=36.5% time_limit=0.0% v2v=26.7%
  [RWRD] r_prog=0.0232 r_term=0.0095 r_illegal=0.0000
  [PPO ] p_loss=-0.0034 v_loss=0.3735 entropy=1.5710 grad=3.2551 active=100.0%
  [SIM ] avg_power(a)=0.5172 rsu_q=4.806 tx=212 no_tx=30 deadlock=0 svc=0.000GHz idle=0.0%

    Ep    Wall    R/step     T_SR     V_SR     S_SR            L/R/V   Lat(s)       En     Miss      Ill      Ent       KL     Clip
--------------------------------------------------------------------------------------------------------------------------------
    21     3.7s    0.0084    95.0%    95.0%    97.0%      10%/72%/19%    0.774    0.050     5.0%     0.0%   1.4901   0.0104     6.1%
    22    14.3s    0.0048    60.0%    60.0%    80.7%       9%/76%/16%    1.644    0.198    40.0%     0.0%   1.4299   0.0218    14.9%
    23     8.5s    0.0070    95.0%    95.0%    95.9%       4%/80%/16%    1.570    0.075     5.0%     0.0%   1.3065   0.0071     6.6%
    24     3.0s    0.0172   100.0%   100.0%   100.0%       4%/83%/13%    0.799    0.073     0.0%     0.0%   1.1068   0.0101     6.1%
    25     3.3s    0.0099    95.0%    95.0%    97.7%       6%/83%/11%    0.830    0.076     5.0%     0.0%   1.3373   0.0046     7.3%
    26    20.0s    0.0020    35.0%    35.0%    63.4%       2%/88%/10%    1.766    0.158    65.0%     0.0%   1.4260   0.0023     8.0%
    27     6.7s    0.0075    95.0%    95.0%    96.8%        3%/90%/7%    1.597    0.079     5.0%     0.0%   1.1597   0.0114     7.6%
    28    13.3s    0.0038    60.0%    60.0%    76.5%        2%/93%/5%    1.533    0.108    40.0%     0.0%   1.3119   0.0057     8.0%
    29    34.1s    0.0017    40.0%    40.0%    60.9%        1%/91%/8%    2.718    0.220    60.0%     0.0%   1.1829   0.0035     7.6%
    30     4.1s    0.0073    95.0%    95.0%    96.2%       4%/84%/12%    0.800    0.036     5.0%     0.0%   1.4527   0.0020     7.9%
  [MA20] reward=0.0061 task_sr=77.8% miss=22.2% time_limit=0.0% v2v=14.4%
  [RWRD] r_prog=0.0114 r_term=0.0615 r_illegal=0.0000
  [PPO ] p_loss=0.0178 v_loss=0.1692 entropy=1.4527 grad=3.2924 active=100.0%
  [SIM ] avg_power(a)=0.5076 rsu_q=0.875 tx=125 no_tx=5 deadlock=0 svc=0.000GHz idle=0.0%
    31     4.4s    0.0063    85.0%    85.0%    92.0%        4%/90%/6%    0.786    0.036    15.0%     0.0%   1.4417   0.0122     6.2%
    32     9.1s    0.0056    80.0%    80.0%    88.9%       2%/88%/10%    1.645    0.091    20.0%     0.0%   1.1648   0.0067     9.3%
    33     9.8s    0.0018    40.0%    40.0%    67.2%        2%/93%/5%    0.848    0.116    60.0%     0.0%   1.5838   0.0112     9.9%
    34    10.7s    0.0066    85.0%    85.0%    88.7%        4%/95%/1%    1.707    0.106    15.0%     0.0%   1.2614   0.0175     9.4%
    35    21.1s    0.0011    25.0%    25.0%    53.8%        4%/92%/4%    1.776    0.239    75.0%     0.0%   1.3634   0.0191     8.2%
    36    28.7s    0.0044    55.0%    55.0%    73.4%        4%/89%/7%    2.509    0.150    45.0%     0.0%   1.4752   0.0142    10.3%
    37     2.8s    0.0157   100.0%   100.0%   100.0%        4%/88%/8%    0.732    0.067     0.0%     0.0%   1.2806   0.0127     6.1%
    38     7.3s    0.0088   100.0%   100.0%   100.0%        3%/92%/5%    1.555    0.061     0.0%     0.0%   1.4211   0.0010     7.0%
    39     7.1s    0.0104   100.0%   100.0%   100.0%        3%/89%/8%    1.541    0.074     0.0%     0.0%   1.3001   0.0080     6.9%
    40     7.3s    0.0080    95.0%    95.0%    98.5%       4%/86%/10%    1.607    0.069     5.0%     0.0%   1.3573   0.0082     7.0%
  [MA20] reward=0.0069 task_sr=76.7% miss=23.2% time_limit=0.0% v2v=9.0%
  [RWRD] r_prog=0.0277 r_term=0.0520 r_illegal=0.0000
  [PPO ] p_loss=-0.0015 v_loss=0.1779 entropy=1.3573 grad=3.7857 active=100.0%
  [SIM ] avg_power(a)=0.5099 rsu_q=6.333 tx=194 no_tx=8 deadlock=0 svc=0.000GHz idle=0.0%
  → Best model saved: sr=0.700 miss=0.299 tl=0.000 cft=1.578 illegal=0.000

    Ep    Wall    R/step     T_SR     V_SR     S_SR            L/R/V   Lat(s)       En     Miss      Ill      Ent       KL     Clip
--------------------------------------------------------------------------------------------------------------------------------
    41     9.3s    0.0070    85.0%    85.0%    91.9%        2%/92%/6%    1.647    0.117    15.0%     0.0%   1.3636   0.0126     5.9%
    42     6.9s    0.0112   100.0%   100.0%   100.0%        2%/92%/6%    1.466    0.067     0.0%     0.0%   1.1919   0.0162     6.5%
    43     3.0s    0.0145   100.0%   100.0%   100.0%        3%/91%/6%    0.761    0.078     0.0%     0.0%   1.2288   0.0118     6.8%
    44    15.0s    0.0040    60.0%    60.0%    74.6%        4%/88%/8%    1.753    0.134    40.0%     0.0%   1.4799   0.0152    13.0%
    45     4.3s    0.0080    90.0%    90.0%    94.0%        6%/92%/2%    0.905    0.080    10.0%     0.0%   1.4355   0.0139     9.5%
    46    19.3s    0.0016    35.0%    35.0%    56.6%        5%/91%/4%    1.753    0.217    65.0%     0.0%   1.4977   0.0232    13.1%
    47     9.0s    0.0076    85.0%    85.0%    92.7%       5%/83%/11%    1.524    0.084    15.0%     0.0%   1.4694   0.0190    11.6%
    48     7.6s    0.0078    95.0%    95.0%    96.5%       9%/82%/10%    1.714    0.096     5.0%     0.0%   1.3536   0.0068    11.3%
    49     4.5s    0.0066    85.0%    85.0%    90.3%       5%/82%/13%    0.792    0.061    15.0%     0.0%   1.6183   0.0078    14.5%
    50     4.5s    0.0080    90.0%    90.0%    92.3%       13%/79%/8%    0.817    0.047    10.0%     0.0%   1.6597   0.0122    13.7%
  [MA20] reward=0.0072 task_sr=79.5% miss=20.5% time_limit=0.0% v2v=6.9%
  [RWRD] r_prog=0.0189 r_term=0.0610 r_illegal=0.0000
  [PPO ] p_loss=0.0038 v_loss=0.2286 entropy=1.6597 grad=1.8819 active=100.0%
  [SIM ] avg_power(a)=0.5192 rsu_q=0.955 tx=110 no_tx=16 deadlock=0 svc=0.000GHz idle=0.0%
  → Best model saved: sr=0.725 miss=0.274 tl=0.000 cft=1.525 illegal=0.000
    51    36.1s    0.0009    20.0%    20.0%    46.4%       7%/84%/10%    2.344    0.263    80.0%     0.0%   1.6077   0.0183    15.0%
    52    10.9s    0.0060    80.0%    80.0%    90.2%      14%/74%/12%    1.633    0.098    20.0%     0.0%   1.7253   0.0203    14.4%
    53     9.4s    0.0050    75.0%    75.0%    89.5%      15%/65%/20%    1.654    0.154    25.0%     0.0%   1.9554   0.0086    14.6%
    54     3.4s    0.0076    90.0%    90.0%    96.3%      19%/65%/16%    0.731    0.036    10.0%     0.0%   1.7975   0.0112    17.6%
    55     2.7s    0.0188   100.0%   100.0%   100.0%      14%/70%/16%    0.715    0.072     0.0%     0.0%   1.6168   0.0285    14.9%
    56    13.1s    0.0056    95.0%    95.0%   100.0%      12%/77%/12%    2.470    0.086     5.0%     0.0%   1.7947   0.0463    18.4%
    57    11.4s    0.0043    45.0%    45.0%    79.4%      12%/51%/37%    1.830    0.274    55.0%     0.0%   2.1053   0.0249    24.4%
    58     9.9s    0.0037    30.0%    30.0%    63.8%      13%/34%/53%    1.827    0.439    70.0%     0.0%   2.1174   0.0157    26.8%
    59     9.0s    0.0054    80.0%    80.0%    94.1%      11%/52%/37%    1.968    0.119    20.0%     0.0%   1.8623   0.0204    22.3%
    60     8.6s    0.0060    80.0%    80.0%    92.6%      12%/54%/34%    1.829    0.155    20.0%     0.0%   2.0057   0.0282    22.1%
  [MA20] reward=0.0070 task_sr=76.0% miss=24.0% time_limit=0.0% v2v=16.0%
  [RWRD] r_prog=0.0313 r_term=0.0286 r_illegal=0.0000
  [PPO ] p_loss=0.0127 v_loss=0.3353 entropy=2.0057 grad=1.6275 active=100.0%
  [SIM ] avg_power(a)=0.4967 rsu_q=2.172 tx=168 no_tx=25 deadlock=0 svc=0.000GHz idle=0.0%

    Ep    Wall    R/step     T_SR     V_SR     S_SR            L/R/V   Lat(s)       En     Miss      Ill      Ent       KL     Clip
--------------------------------------------------------------------------------------------------------------------------------
    61     8.1s    0.0045    60.0%    60.0%    81.8%      14%/50%/36%    1.611    0.212    40.0%     0.0%   1.9854   0.0204    23.3%
    62     7.0s    0.0072    85.0%    85.0%    95.5%      18%/53%/29%    1.686    0.171    15.0%     0.0%   1.8002   0.0137    19.8%
    63     3.8s    0.0079    85.0%    85.0%    96.0%      14%/60%/25%    0.734    0.054    15.0%     0.0%   1.8416   0.0312    15.8%
    64     4.4s    0.0066    90.0%    90.0%    94.0%       9%/72%/19%    0.808    0.033    10.0%     0.0%   1.8885   0.0283    15.2%
    65     2.7s    0.0205   100.0%   100.0%   100.0%      12%/73%/15%    0.720    0.057     0.0%     0.0%   1.5009   0.0214    12.0%
    66     5.4s    0.0061    80.0%    80.0%    83.6%        9%/81%/9%    0.767    0.046    20.0%     0.0%   1.8303   0.0153    12.7%
    67     3.8s    0.0071    85.0%    85.0%    93.8%       9%/81%/10%    0.747    0.047    15.0%     0.0%   1.7787   0.0123    13.5%
    68     7.2s    0.0067    90.0%    90.0%    95.9%       9%/80%/11%    1.531    0.127    10.0%     0.0%   1.7902   0.0172    12.2%
    69     2.5s    0.0187   100.0%   100.0%   100.0%       8%/80%/13%    0.754    0.064     0.0%     0.0%   1.2699   0.0233    12.0%
    70     9.3s    0.0062    85.0%    85.0%    91.2%        5%/88%/8%    1.597    0.081    15.0%     0.0%   1.5276   0.0034     8.9%
  [MA20] reward=0.0077 task_sr=77.8% miss=22.2% time_limit=0.0% v2v=21.1%
  [RWRD] r_prog=0.0257 r_term=0.0361 r_illegal=0.0000
  [PPO ] p_loss=-0.0034 v_loss=0.2978 entropy=1.5276 grad=2.0076 active=100.0%
  [SIM ] avg_power(a)=0.4955 rsu_q=5.036 tx=188 no_tx=9 deadlock=0 svc=0.000GHz idle=0.0%
  → Best model saved: sr=0.783 miss=0.217 tl=0.000 cft=1.396 illegal=0.000
    71     6.9s    0.0096   100.0%   100.0%   100.0%        5%/91%/4%    1.563    0.085     0.0%     0.0%   1.4055   0.0117     9.5%
    72    15.8s    0.0049    85.0%    85.0%    90.9%        5%/91%/4%    2.531    0.122    15.0%     0.0%   1.2610   0.0130     9.1%
    73     3.7s    0.0092    95.0%    95.0%    97.8%        3%/94%/3%    0.780    0.047     5.0%     0.0%   1.5747   0.0044     4.8%
    74     2.7s    0.0207   100.0%   100.0%   100.0%        6%/88%/5%    0.718    0.050     0.0%     0.0%   1.0991   0.0185     7.1%
    75    14.5s    0.0036    60.0%    60.0%    74.2%        6%/92%/2%    1.862    0.172    40.0%     0.0%   1.5000   0.0020    10.1%
    76     8.6s    0.0060    80.0%    80.0%    89.5%        5%/92%/3%    1.643    0.095    20.0%     0.0%   1.3877  -0.0005     9.1%
    77    12.4s    0.0063    95.0%    95.0%    98.5%        3%/96%/1%    2.441    0.080     5.0%     0.0%   1.2175  -0.0037     8.7%
    78    12.5s    0.0074   100.0%   100.0%   100.0%        3%/95%/2%    2.349    0.094     0.0%     0.0%   1.2360   0.0075     6.9%
    79     9.7s    0.0059    80.0%    80.0%    87.9%        2%/96%/2%    1.677    0.086    20.0%     0.0%   1.4922   0.0091     9.5%
    80     2.5s    0.0158   100.0%   100.0%   100.0%        1%/98%/1%    0.725    0.078     0.0%     0.0%   1.1852   0.0063     4.7%
  [MA20] reward=0.0090 task_sr=87.8% miss=12.3% time_limit=0.0% v2v=10.1%
  [RWRD] r_prog=0.0215 r_term=0.1362 r_illegal=0.0000
  [PPO ] p_loss=0.0019 v_loss=0.0505 entropy=1.1852 grad=2.2515 active=100.0%
  [SIM ] avg_power(a)=0.5003 rsu_q=2.000 tx=123 no_tx=1 deadlock=0 svc=0.000GHz idle=0.0%
  → Best model saved: sr=0.808 miss=0.192 tl=0.000 cft=1.442 illegal=0.000

    Ep    Wall    R/step     T_SR     V_SR     S_SR            L/R/V   Lat(s)       En     Miss      Ill      Ent       KL     Clip
--------------------------------------------------------------------------------------------------------------------------------
    81     3.6s    0.0078    85.0%    85.0%    92.5%        2%/97%/2%    0.720    0.040    15.0%     0.0%   1.6963   0.0176    11.5%
    82     9.6s    0.0055    80.0%    80.0%    86.2%        1%/98%/1%    1.793    0.125    20.0%     0.0%   1.3196   0.0206    10.2%
    83     5.4s    0.0046    70.0%    70.0%    85.7%        4%/94%/2%    0.795    0.055    30.0%     0.0%   1.7247   0.0139     9.7%
    84     8.2s    0.0068    90.0%    90.0%    94.8%        3%/96%/1%    1.579    0.094    10.0%     0.0%   1.3712   0.0128     6.4%
    85     3.9s    0.0077    95.0%    95.0%    97.0%        1%/97%/2%    0.897    0.064     5.0%     0.0%   1.5921   0.0186     6.4%
    86    11.1s    0.0074    75.0%    75.0%    90.3%        5%/94%/2%    1.660    0.091    25.0%     0.0%   1.5387   0.0191    12.1%
    87    13.3s    0.0057    90.0%    90.0%    93.5%        3%/96%/1%    2.307    0.089    10.0%     0.0%   1.3405   0.0081     8.2%
    88     8.2s    0.0068    95.0%    95.0%    95.5%        2%/96%/2%    1.629    0.082     5.0%     0.0%   1.3973   0.0268     9.5%
    89     3.9s    0.0077    95.0%    95.0%    96.3%        2%/95%/3%    0.848    0.043     5.0%     0.0%   1.5813   0.0051     6.1%
    90     6.8s    0.0102   100.0%   100.0%   100.0%        3%/96%/1%    1.512    0.063     0.0%     0.0%   1.3664   0.0094     6.6%
  [MA20] reward=0.0080 task_sr=88.5% miss=11.5% time_limit=0.0% v2v=2.1%
  [RWRD] r_prog=0.0290 r_term=0.0733 r_illegal=0.0000
  [PPO ] p_loss=0.0168 v_loss=0.1063 entropy=1.3664 grad=4.0697 active=100.0%
  [SIM ] avg_power(a)=0.4671 rsu_q=12.421 tx=189 no_tx=5 deadlock=0 svc=0.000GHz idle=0.0%
    91     7.9s    0.0076    95.0%    95.0%    96.8%        3%/94%/3%    1.628    0.062     5.0%     0.0%   1.6400   0.0229     9.3%
    92     7.9s    0.0064    85.0%    85.0%    93.5%        5%/92%/3%    1.730    0.090    15.0%     0.0%   1.4716   0.0142     8.2%
    93    17.3s    0.0052    85.0%    85.0%    88.1%        4%/94%/2%    2.376    0.108    15.0%     0.0%   1.5879   0.0268    12.7%
    94     8.3s    0.0087   100.0%   100.0%   100.0%        5%/87%/8%    1.776    0.109     0.0%     0.0%   1.6237   0.0149     7.4%
    95     4.4s    0.0065    85.0%    85.0%    88.1%        5%/90%/6%    0.805    0.049    15.0%     0.0%   1.6721   0.0096     8.1%
    96    19.7s    0.0055    70.0%    70.0%    91.0%        4%/90%/7%    2.421    0.115    30.0%     0.0%   1.7468   0.0125    11.0%
    97     7.5s    0.0101   100.0%   100.0%   100.0%        7%/86%/8%    1.504    0.065     0.0%     0.0%   1.4837   0.0152    10.5%
    98    22.1s    0.0013    15.0%    15.0%    47.0%        5%/92%/3%    1.868    0.259    85.0%     0.0%   2.4966   0.0266    17.1%
    99    11.1s    0.0041    65.0%    65.0%    78.8%        2%/93%/5%    1.531    0.092    35.0%     0.0%   1.6247   0.0066    12.7%
   100    15.4s    0.0053    85.0%    85.0%    91.7%        6%/88%/6%    2.392    0.074    15.0%     0.0%   1.7044   0.0022    10.7%
  [MA20] reward=0.0065 task_sr=83.0% miss=17.0% time_limit=0.0% v2v=3.4%
  [RWRD] r_prog=0.0263 r_term=0.0269 r_illegal=0.0000
  [PPO ] p_loss=-0.0080 v_loss=0.2366 entropy=1.7044 grad=1.9975 active=100.0%
  [SIM ] avg_power(a)=0.4443 rsu_q=10.600 tx=224 no_tx=14 deadlock=0 svc=0.000GHz idle=0.0%
  [Checkpoint] saved: ep0100.pth

    Ep    Wall    R/step     T_SR     V_SR     S_SR            L/R/V   Lat(s)       En     Miss      Ill      Ent       KL     Clip
--------------------------------------------------------------------------------------------------------------------------------
   101    22.7s    0.0036    70.0%    70.0%    79.2%        4%/89%/7%    2.275    0.112    30.0%     0.0%   1.8732   0.0161     9.8%
   102     9.5s    0.0061    80.0%    80.0%    86.9%        3%/89%/8%    1.546    0.073    20.0%     0.0%   1.7547   0.0260    11.1%
   103     2.8s    0.0189   100.0%   100.0%   100.0%        5%/85%/9%    0.670    0.046     0.0%     0.0%   1.4347   0.0017     9.5%
   104     9.7s    0.0055    75.0%    75.0%    86.3%        4%/90%/6%    1.432    0.058    25.0%     0.0%   1.6547   0.0157    12.3%
   105    11.4s    0.0068    70.0%    70.0%    88.0%       6%/85%/10%    1.586    0.055    30.0%     0.0%   1.7686   0.0015    13.6%
   106     7.3s    0.0074    95.0%    95.0%    97.4%       5%/83%/12%    1.474    0.072     5.0%     0.0%   1.7328   0.0182    12.2%
   107     9.9s    0.0079    85.0%    85.0%    88.2%       4%/84%/12%    1.678    0.082    15.0%     0.0%   1.4387   0.0317    15.5%
   108    13.5s    0.0062    95.0%    95.0%    95.5%        2%/94%/4%    2.167    0.062     5.0%     0.0%   1.5859   0.0190    10.9%
   109    13.5s    0.0072    90.0%    90.0%    98.1%        2%/89%/9%    2.391    0.073    10.0%     0.0%   1.5303   0.0114    11.9%
   110     7.9s    0.0076    95.0%    95.0%    96.6%       0%/90%/10%    1.641    0.077     5.0%     0.0%   1.4914   0.0153     8.5%
  [MA20] reward=0.0069 task_sr=82.0% miss=18.0% time_limit=0.0% v2v=6.9%
  [RWRD] r_prog=0.0246 r_term=0.0514 r_illegal=0.0000
  [PPO ] p_loss=0.0344 v_loss=0.2798 entropy=1.4914 grad=5.2686 active=100.0%
  [SIM ] avg_power(a)=0.4227 rsu_q=7.792 tx=202 no_tx=0 deadlock=0 svc=0.000GHz idle=0.0%
  → Best model saved: sr=0.854 miss=0.146 tl=0.000 cft=1.518 illegal=0.000
   111    38.6s    0.0005    20.0%    20.0%    48.9%       4%/83%/13%    2.462    0.200    80.0%     0.0%   2.3501   0.0221    15.4%
   112     4.3s    0.0084    85.0%    85.0%    93.6%       2%/87%/11%    0.750    0.038    15.0%     0.0%   1.8052   0.0162    10.3%
   113     8.5s    0.0061    85.0%    85.0%    94.6%       3%/82%/15%    1.581    0.067    15.0%     0.0%   1.6980   0.0165     9.8%
   114    27.6s    0.0018    20.0%    20.0%    52.5%       3%/87%/10%    2.169    0.148    80.0%     0.0%   2.4754   0.0147    16.8%
   115     9.7s    0.0056    85.0%    85.0%    91.3%        2%/91%/8%    1.589    0.077    15.0%     0.0%   1.6588   0.0126    10.4%
   116     6.4s    0.0096   100.0%   100.0%   100.0%        2%/92%/7%    1.464    0.058     0.0%     0.0%   1.5178   0.0102     6.5%
   117     4.3s    0.0065    90.0%    90.0%    92.3%        2%/90%/8%    0.773    0.034    10.0%     0.0%   1.6781   0.0061     8.6%
   118    10.7s    0.0068    80.0%    80.0%    82.7%        1%/93%/6%    1.735    0.099    20.0%     0.0%   1.4955   0.0300     9.8%
   119    12.6s    0.0053    90.0%    90.0%    93.5%        2%/93%/5%    2.320    0.094    10.0%     0.0%   1.4773   0.0168    11.0%
   120    26.0s    0.0021    45.0%    45.0%    64.4%        1%/98%/1%    2.135    0.144    55.0%     0.0%   1.9749   0.0134    10.8%
  [MA20] reward=0.0065 task_sr=77.8% miss=22.2% time_limit=0.0% v2v=8.4%
  [RWRD] r_prog=0.0200 r_term=0.0015 r_illegal=0.0000
  [PPO ] p_loss=0.0215 v_loss=0.7522 entropy=1.9749 grad=6.8889 active=100.0%
  [SIM ] avg_power(a)=0.4631 rsu_q=3.921 tx=191 no_tx=2 deadlock=0 svc=0.000GHz idle=0.0%

    Ep    Wall    R/step     T_SR     V_SR     S_SR            L/R/V   Lat(s)       En     Miss      Ill      Ent       KL     Clip
--------------------------------------------------------------------------------------------------------------------------------
   121     9.3s    0.0094   100.0%   100.0%   100.0%        1%/96%/3%    1.679    0.072     0.0%     0.0%   1.5650   0.0135     7.7%
   122     7.9s    0.0073    95.0%    95.0%    94.4%        2%/98%/1%    1.483    0.065     5.0%     0.0%   1.5177   0.0212     7.1%
   123     7.7s    0.0090   100.0%   100.0%   100.0%        0%/98%/2%    1.719    0.075     0.0%     0.0%   1.4484   0.0142     7.7%
   124    14.0s    0.0056    95.0%    95.0%    96.0%        1%/98%/1%    2.193    0.060     5.0%     0.0%   1.5618  -0.0016     9.3%
   125     6.6s    0.0116   100.0%   100.0%   100.0%        1%/97%/3%    1.418    0.057     0.0%     0.0%   1.3048   0.0154     6.0%
   126    19.6s    0.0039    75.0%    75.0%    81.8%        1%/96%/3%    2.483    0.110    25.0%     0.0%   1.5241   0.0095     9.3%
   127     6.8s    0.0111   100.0%   100.0%   100.0%        1%/96%/2%    1.526    0.067     0.0%     0.0%   1.2830   0.0071     7.3%
   128    10.1s    0.0054    80.0%    80.0%    89.3%        1%/96%/4%    1.571    0.073    20.0%     0.0%   1.6140   0.0078    10.6%
   129     4.5s    0.0060    80.0%    80.0%    90.2%        0%/93%/7%    0.803    0.054    20.0%     0.0%   1.4520   0.0094    10.0%
   130    22.2s    0.0014    25.0%    25.0%    46.9%        0%/97%/3%    1.835    0.180    75.0%     0.0%   2.3852   0.0144    14.2%
  [MA20] reward=0.0062 task_sr=77.5% miss=22.5% time_limit=0.0% v2v=5.5%
  [RWRD] r_prog=0.0306 r_term=-0.0163 r_illegal=0.0000
  [PPO ] p_loss=0.0120 v_loss=1.6928 entropy=2.3852 grad=8.6433 active=100.0%
  [SIM ] avg_power(a)=0.4529 rsu_q=2.143 tx=122 no_tx=0 deadlock=0 svc=0.000GHz idle=0.0%
   131     5.3s    0.0064    85.0%    85.0%    87.5%        0%/98%/2%    0.826    0.041    15.0%     0.0%   1.6067   0.0026    10.5%
   132     4.3s    0.0069    85.0%    85.0%    90.2%        1%/95%/4%    0.702    0.026    15.0%     0.0%   1.6869   0.0204     9.8%
   133     8.4s    0.0073    85.0%    85.0%    89.7%        0%/96%/4%    1.413    0.057    15.0%     0.0%   1.4989   0.0153     7.7%
   134    11.5s    0.0076   100.0%   100.0%   100.0%        0%/94%/6%    2.260    0.084     0.0%     0.0%   1.4145   0.0090     8.6%
   135     7.6s    0.0084   100.0%   100.0%   100.0%        0%/96%/4%    1.826    0.116     0.0%     0.0%   1.4033   0.0051     8.0%
   136    15.4s    0.0017    45.0%    45.0%    71.4%        4%/87%/9%    1.637    0.104    55.0%     0.0%   2.0203   0.0196    12.1%
   137     7.4s    0.0091    95.0%    95.0%    99.0%       1%/88%/11%    1.538    0.065     5.0%     0.0%   1.6848   0.0111     8.8%
   138    19.2s    0.0050    75.0%    75.0%    84.3%       1%/84%/15%    2.498    0.123    25.0%     0.0%   1.6645   0.0195    13.4%
   139     7.7s    0.0087    95.0%    95.0%    97.5%        1%/90%/9%    1.540    0.055     5.0%     0.0%   1.5621   0.0148     8.8%
   140     6.7s    0.0071    95.0%    95.0%    98.4%       3%/85%/12%    1.584    0.091     5.0%     0.0%   1.5090   0.0077    10.0%
  [MA20] reward=0.0069 task_sr=85.5% miss=14.5% time_limit=0.0% v2v=5.2%
  [RWRD] r_prog=0.0211 r_term=0.0499 r_illegal=0.0000
  [PPO ] p_loss=-0.0045 v_loss=0.2760 entropy=1.5090 grad=4.0530 active=100.0%
  [SIM ] avg_power(a)=0.4356 rsu_q=6.840 tx=183 no_tx=5 deadlock=0 svc=0.000GHz idle=0.0%

    Ep    Wall    R/step     T_SR     V_SR     S_SR            L/R/V   Lat(s)       En     Miss      Ill      Ent       KL     Clip
--------------------------------------------------------------------------------------------------------------------------------
   141    13.1s    0.0051    90.0%    90.0%    94.9%       1%/85%/14%    2.382    0.107    10.0%     0.0%   1.5902   0.0213    15.2%
   142    44.7s    0.0036    20.0%    20.0%    47.4%       2%/84%/13%    2.699    0.199    80.0%     0.0%   2.5614   0.0176    16.9%
   143     3.8s    0.0072    90.0%    90.0%    94.5%        5%/86%/9%    0.775    0.036    10.0%     0.0%   1.7365   0.0185     9.6%
   144     8.5s    0.0060    55.0%    55.0%    75.0%        0%/92%/8%    0.923    0.103    45.0%     0.0%   2.0787   0.0038    14.5%
   145     7.4s    0.0103   100.0%   100.0%   100.0%        0%/97%/3%    1.547    0.063     0.0%     0.0%   1.5032   0.0099     6.3%
   146     7.8s    0.0080    95.0%    95.0%    99.5%        1%/95%/4%    1.662    0.062     5.0%     0.0%   1.4886   0.0205     8.8%
   147     6.9s    0.0115   100.0%   100.0%   100.0%        1%/94%/5%    1.480    0.057     0.0%     0.0%   1.3893   0.0009     7.8%
   148     8.1s    0.0063    85.0%    85.0%    93.2%        1%/91%/8%    1.568    0.070    15.0%     0.0%   1.5957   0.0049    12.8%
   149     7.8s    0.0073    95.0%    95.0%    95.1%       1%/87%/12%    1.433    0.058     5.0%     0.0%   1.6453   0.0120    12.7%
   150     7.0s    0.0068    95.0%    95.0%    98.0%        3%/88%/9%    1.512    0.059     5.0%     0.0%   1.5225   0.0096    11.8%
  [MA20] reward=0.0070 task_sr=84.2% miss=15.8% time_limit=0.0% v2v=8.1%
  [RWRD] r_prog=0.0223 r_term=0.0457 r_illegal=0.0000
  [PPO ] p_loss=-0.0049 v_loss=0.1193 entropy=1.5225 grad=1.0588 active=100.0%
  [SIM ] avg_power(a)=0.4258 rsu_q=6.393 tx=189 no_tx=6 deadlock=0 svc=0.000GHz idle=0.0%
   151    15.6s    0.0060    70.0%    70.0%    79.0%        2%/91%/7%    1.642    0.090    30.0%     0.0%   1.7592   0.0234    13.6%
   152     7.2s    0.0083    95.0%    95.0%    98.5%        1%/95%/4%    1.519    0.045     5.0%     0.0%   1.4853   0.0114    11.4%
   153    12.6s    0.0083   100.0%   100.0%   100.0%        0%/96%/4%    2.258    0.073     0.0%     0.0%   1.3635   0.0067    10.7%
   154    15.7s    0.0043    80.0%    80.0%    87.6%        0%/95%/5%    2.240    0.077    20.0%     0.0%   1.5310   0.0219    12.9%
   155     9.7s    0.0062    85.0%    85.0%    90.2%        2%/95%/4%    1.572    0.079    15.0%     0.0%   1.6544   0.0261    15.5%
   156    11.3s    0.0083   100.0%   100.0%   100.0%        2%/93%/5%    2.104    0.080     0.0%     0.0%   1.4248   0.0096    12.4%
   157     9.8s    0.0061    75.0%    75.0%    85.8%        1%/92%/7%    1.405    0.056    25.0%     0.0%   1.6191   0.0280    16.0%
   158     9.1s    0.0068    85.0%    85.0%    90.4%        2%/90%/9%    1.451    0.072    15.0%     0.0%   1.6407   0.0190    11.1%
   159     9.7s    0.0068   100.0%   100.0%   100.0%        2%/95%/4%    2.256    0.092     0.0%     0.0%   1.1785   0.0100    10.8%
   160     3.0s    0.0171   100.0%   100.0%   100.0%        0%/95%/5%    0.741    0.051     0.0%     0.0%   1.2528  -0.0048     8.5%
  [MA20] reward=0.0075 task_sr=85.8% miss=14.3% time_limit=0.0% v2v=7.0%
  [RWRD] r_prog=0.0226 r_term=0.1482 r_illegal=0.0000
  [PPO ] p_loss=-0.0028 v_loss=0.0242 entropy=1.2528 grad=3.1548 active=100.0%
  [SIM ] avg_power(a)=0.4690 rsu_q=3.364 tx=131 no_tx=0 deadlock=0 svc=0.000GHz idle=0.0%

    Ep    Wall    R/step     T_SR     V_SR     S_SR            L/R/V   Lat(s)       En     Miss      Ill      Ent       KL     Clip
--------------------------------------------------------------------------------------------------------------------------------
   161     3.7s    0.0070    90.0%    90.0%    96.1%        1%/96%/3%    0.752    0.022    10.0%     0.0%   1.5752   0.0056    10.9%
   162    18.9s    0.0044    80.0%    80.0%    81.9%        0%/98%/1%    2.446    0.110    20.0%     0.0%   1.5091   0.0072     9.8%
   163    13.3s    0.0065    95.0%    95.0%    99.6%        0%/98%/2%    2.305    0.062     5.0%     0.0%   1.4183   0.0179     8.8%
   164    14.3s    0.0053    80.0%    80.0%    96.1%        0%/98%/1%    2.486    0.093    20.0%     0.0%   1.4577   0.0056     9.7%
   165     6.2s    0.0102   100.0%   100.0%   100.0%        1%/94%/5%    1.450    0.086     0.0%     0.0%   1.3066   0.0049     7.6%
   166    11.2s    0.0054    80.0%    80.0%    84.5%        2%/98%/1%    1.568    0.075    20.0%     0.0%   1.6876   0.0086     9.1%
   167     3.0s    0.0186   100.0%   100.0%   100.0%        0%/99%/1%    0.787    0.057     0.0%     0.0%   1.0274   0.0052     4.8%
   168    16.2s    0.0057    85.0%    85.0%    93.2%        1%/97%/2%    2.515    0.100    15.0%     0.0%   1.5666   0.0175    11.1%
   169     3.9s    0.0070    90.0%    90.0%    94.8%        1%/96%/3%    0.733    0.030    10.0%     0.0%   1.5838   0.0048     5.8%
   170     7.6s    0.0101   100.0%   100.0%   100.0%        2%/96%/2%    1.610    0.067     0.0%     0.0%   1.3893   0.0135     5.8%
  [MA20] reward=0.0079 task_sr=89.5% miss=10.5% time_limit=0.0% v2v=3.7%
  [RWRD] r_prog=0.0357 r_term=0.0651 r_illegal=0.0000
  [PPO ] p_loss=0.0416 v_loss=0.0883 entropy=1.3893 grad=6.5651 active=100.0%
  [SIM ] avg_power(a)=0.4518 rsu_q=11.286 tx=199 no_tx=4 deadlock=0 svc=0.000GHz idle=0.0%
  → Best model saved: sr=0.865 miss=0.135 tl=0.000 cft=1.647 illegal=0.000
   171     8.3s    0.0028    50.0%    50.0%    75.8%        0%/96%/4%    1.014    0.093    50.0%     0.0%   2.0493   0.0040    11.2%
   172     3.5s    0.0080    95.0%    95.0%    97.7%        2%/96%/2%    0.708    0.021     5.0%     0.0%   1.6804   0.0131     5.8%
   173     6.0s    0.0045    65.0%    65.0%    85.2%        1%/98%/1%    1.004    0.112    35.0%     0.0%   1.8481   0.0282     9.1%
   174     4.8s    0.0057    75.0%    75.0%    87.3%        0%/98%/2%    0.821    0.069    25.0%     0.0%   1.6210   0.0113     8.7%
   175    13.0s   -0.0006    20.0%    20.0%    54.3%        1%/98%/1%    1.044    0.096    80.0%     0.0%   2.1954   0.0081     9.4%
   176     6.4s    0.0041    65.0%    65.0%    80.7%        0%/97%/3%    0.815    0.049    35.0%     0.0%   1.7759   0.0087     7.3%
   177     6.8s    0.0069    95.0%    95.0%    99.5%        1%/95%/5%    1.587    0.063     5.0%     0.0%   1.4387   0.0099     8.0%
   178     5.7s    0.0076    85.0%    85.0%    88.7%        0%/95%/5%    0.818    0.044    15.0%     0.0%   1.6993   0.0058     6.1%
   179     9.9s    0.0067    85.0%    85.0%    90.6%        0%/97%/3%    1.660    0.064    15.0%     0.0%   1.5271   0.0038    10.6%
   180     8.2s    0.0094   100.0%   100.0%   100.0%        1%/98%/1%    1.615    0.052     0.0%     0.0%   1.5423   0.0037     5.6%
  [MA20] reward=0.0068 task_sr=81.8% miss=18.2% time_limit=0.0% v2v=2.3%
  [RWRD] r_prog=0.0352 r_term=0.0589 r_illegal=0.0000
  [PPO ] p_loss=-0.0220 v_loss=0.1315 entropy=1.5423 grad=5.8452 active=100.0%
  [SIM ] avg_power(a)=0.4608 rsu_q=10.652 tx=205 no_tx=2 deadlock=0 svc=0.000GHz idle=0.0%

    Ep    Wall    R/step     T_SR     V_SR     S_SR            L/R/V   Lat(s)       En     Miss      Ill      Ent       KL     Clip
--------------------------------------------------------------------------------------------------------------------------------
   181    22.1s    0.0016    30.0%    30.0%    52.3%        3%/96%/1%    1.849    0.193    70.0%     0.0%   2.2902   0.0083    10.8%
   182    34.5s    0.0022    35.0%    35.0%    52.5%        0%/98%/2%    2.701    0.246    65.0%     0.0%   2.2473   0.0230    14.5%
   183     7.7s    0.0076    95.0%    95.0%    97.6%        2%/97%/1%    1.515    0.044     5.0%     0.0%   1.5176   0.0045     6.4%
   184     8.6s    0.0067    80.0%    80.0%    91.4%        0%/98%/2%    1.679    0.105    20.0%     0.0%   1.5423   0.0135     8.0%
   185    17.4s    0.0042    70.0%    70.0%    80.7%       0%/100%/0%    2.434    0.127    30.0%     0.0%   1.6210   0.0310    16.7%
   186     7.3s    0.0067    80.0%    80.0%    86.7%        1%/98%/2%    0.854    0.049    20.0%     0.0%   1.9860   0.0083     6.2%
   187    10.1s    0.0062    85.0%    85.0%    90.5%        2%/97%/2%    1.726    0.100    15.0%     0.0%   1.6126   0.0122     8.4%
   188     3.7s    0.0080    95.0%    95.0%    97.8%       0%/100%/0%    0.782    0.026     5.0%     0.0%   1.6658   0.0147     7.6%
   189     7.4s    0.0115   100.0%   100.0%   100.0%       0%/100%/0%    1.491    0.066     0.0%     0.0%   1.2947   0.0100     5.5%
   190     7.9s    0.0068    90.0%    90.0%    92.4%        0%/98%/2%    1.437    0.053    10.0%     0.0%   1.5419   0.0115     6.6%
  [MA20] reward=0.0058 task_sr=74.8% miss=25.2% time_limit=0.0% v2v=1.8%
  [RWRD] r_prog=0.0232 r_term=0.0452 r_illegal=0.0000
  [PPO ] p_loss=-0.0025 v_loss=0.1546 entropy=1.5419 grad=2.0484 active=100.0%
  [SIM ] avg_power(a)=0.4726 rsu_q=7.308 tx=186 no_tx=0 deadlock=0 svc=0.000GHz idle=0.0%
   191    16.3s    0.0072    65.0%    65.0%    83.3%        1%/97%/2%    1.555    0.085    35.0%     0.0%   1.7411   0.0080    10.4%
   192     4.0s    0.0063    80.0%    80.0%    88.3%        0%/99%/1%    0.700    0.039    20.0%     0.0%   1.5672   0.0055     8.6%
   193     3.7s    0.0089    90.0%    90.0%    94.5%        1%/98%/1%    0.802    0.045    10.0%     0.0%   1.4171   0.0111     7.5%
   194    14.4s    0.0056    90.0%    90.0%    93.0%        1%/98%/1%    2.202    0.080    10.0%     0.0%   1.4387   0.0137     9.6%
   195     4.1s    0.0066    85.0%    85.0%    93.1%        2%/95%/3%    0.761    0.041    15.0%     0.0%   1.6229   0.0015    10.5%
   196    16.5s    0.0044    80.0%    80.0%    86.5%        1%/99%/0%    2.321    0.096    20.0%     0.0%   1.5219   0.0012    11.1%
   197     4.0s    0.0074    90.0%    90.0%    93.2%        0%/98%/2%    0.766    0.038    10.0%     0.0%   1.5924   0.0175     9.9%
   198     9.8s    0.0059    80.0%    80.0%    86.8%        1%/99%/1%    1.685    0.084    20.0%     0.0%   1.4118   0.0035     8.6%
   199    11.9s    0.0050    75.0%    75.0%    82.2%        1%/98%/2%    1.618    0.076    25.0%     0.0%   1.6485   0.0165    11.1%
   200     6.3s    0.0107   100.0%   100.0%   100.0%        1%/95%/5%    1.532    0.067     0.0%     0.0%   1.4061   0.0152     9.5%
  [MA20] reward=0.0065 task_sr=79.8% miss=20.3% time_limit=0.0% v2v=1.4%
  [RWRD] r_prog=0.0352 r_term=0.0719 r_illegal=0.0000
  [PPO ] p_loss=0.0120 v_loss=0.2400 entropy=1.4061 grad=6.6551 active=100.0%
  [SIM ] avg_power(a)=0.4583 rsu_q=12.632 tx=184 no_tx=1 deadlock=0 svc=0.000GHz idle=0.0%
  [Checkpoint] saved: ep0200.pth

    Ep    Wall    R/step     T_SR     V_SR     S_SR            L/R/V   Lat(s)       En     Miss      Ill      Ent       KL     Clip
--------------------------------------------------------------------------------------------------------------------------------
   201     6.9s    0.0072    90.0%    90.0%    97.4%        1%/94%/5%    1.421    0.051    10.0%     0.0%   1.4695   0.0111     9.0%
   202     4.0s    0.0071    85.0%    85.0%    90.8%        0%/96%/4%    0.750    0.029    15.0%     0.0%   1.7087   0.0110     8.4%
   203     8.7s    0.0084    90.0%    90.0%    92.5%        0%/97%/3%    1.525    0.051    10.0%     0.0%   1.4609   0.0068     6.4%
   204    13.7s    0.0057    90.0%    90.0%    98.6%        1%/94%/5%    2.558    0.105    10.0%     0.0%   1.4043   0.0100     7.1%
   205    17.4s    0.0017    40.0%    40.0%    71.1%        2%/91%/7%    1.612    0.090    60.0%     0.0%   2.1897   0.0119    10.2%
   206     8.3s    0.0061    85.0%    85.0%    95.2%        1%/97%/2%    1.530    0.038    15.0%     0.0%   1.5406   0.0071     8.9%
   207     8.3s    0.0083   100.0%   100.0%   100.0%        1%/97%/2%    1.677    0.073     0.0%     0.0%   1.5359   0.0046     4.7%
   208     8.2s    0.0107   100.0%   100.0%   100.0%        1%/98%/1%    1.571    0.051     0.0%     0.0%   1.4194   0.0080     6.0%
   209     3.7s    0.0082    95.0%    95.0%    95.9%        1%/98%/1%    0.847    0.059     5.0%     0.0%   1.5290   0.0124     6.3%
   210     8.9s    0.0061    85.0%    85.0%    95.1%        1%/96%/3%    1.793    0.100    15.0%     0.0%   1.4260   0.0092     5.8%
  [MA20] reward=0.0069 task_sr=84.8% miss=15.2% time_limit=0.0% v2v=2.5%
  [RWRD] r_prog=0.0274 r_term=0.0336 r_illegal=0.0000
  [PPO ] p_loss=0.0089 v_loss=0.2403 entropy=1.4260 grad=3.1640 active=100.0%
  [SIM ] avg_power(a)=0.4625 rsu_q=6.857 tx=199 no_tx=2 deadlock=0 svc=0.000GHz idle=0.0%
   211     3.3s    0.0083    95.0%    95.0%    99.2%        0%/98%/2%    0.715    0.025     5.0%     0.0%   1.6716   0.0179     5.5%
   212    19.9s    0.0033    45.0%    45.0%    65.7%        1%/98%/1%    1.936    0.185    55.0%     0.0%   2.2988   0.0120    10.4%
   213     9.1s    0.0060    80.0%    80.0%    90.2%        1%/99%/1%    1.568    0.081    20.0%     0.0%   1.5952   0.0142     5.2%
   214     9.4s    0.0060    85.0%    85.0%    89.2%        2%/98%/1%    1.643    0.074    15.0%     0.0%   1.4677   0.0069     6.6%
   215     5.8s    0.0065    80.0%    80.0%    89.4%        1%/95%/4%    0.999    0.067    20.0%     0.0%   1.9158   0.0121     7.1%
   216    12.7s    0.0065    95.0%    95.0%    99.6%        1%/97%/3%    2.256    0.056     5.0%     0.0%   1.5050   0.0054     6.6%
   217     5.9s    0.0063    75.0%    75.0%    84.4%        1%/94%/5%    0.797    0.050    25.0%     0.0%   1.9328   0.0094     7.7%
   218     8.5s    0.0055    80.0%    80.0%    91.8%        1%/98%/1%    1.556    0.068    20.0%     0.0%   1.6009  -0.0007     6.4%
   219     3.7s    0.0077    95.0%    95.0%    98.4%        0%/99%/1%    0.870    0.053     5.0%     0.0%   1.5748   0.0110     3.2%
   220    31.5s    0.0013    35.0%    35.0%    64.0%        0%/94%/6%    2.587    0.145    65.0%     0.0%   2.0250   0.0078     7.4%
  [MA20] reward=0.0063 task_sr=81.2% miss=18.8% time_limit=0.0% v2v=2.8%
  [RWRD] r_prog=0.0191 r_term=-0.0058 r_illegal=0.0000
  [PPO ] p_loss=0.0068 v_loss=0.7920 entropy=2.0250 grad=7.1149 active=100.0%
  [SIM ] avg_power(a)=0.4778 rsu_q=4.525 tx=198 no_tx=1 deadlock=0 svc=0.000GHz idle=0.0%

    Ep    Wall    R/step     T_SR     V_SR     S_SR            L/R/V   Lat(s)       En     Miss      Ill      Ent       KL     Clip
--------------------------------------------------------------------------------------------------------------------------------
   221     8.0s    0.0101   100.0%   100.0%   100.0%        0%/98%/2%    1.604    0.079     0.0%     0.0%   1.3574   0.0092     4.4%
   222     7.7s    0.0113   100.0%   100.0%   100.0%        0%/98%/1%    1.593    0.058     0.0%     0.0%   1.3018   0.0087     2.7%
   223     9.0s    0.0074    90.0%    90.0%    96.1%       0%/100%/0%    1.811    0.078    10.0%     0.0%   1.4325   0.0055     5.0%
   224     7.0s    0.0103   100.0%   100.0%   100.0%        0%/99%/1%    1.494    0.056     0.0%     0.0%   1.3853  -0.0037     5.0%
   225     3.7s    0.0082    90.0%    90.0%    96.3%        0%/98%/2%    0.812    0.045    10.0%     0.0%   1.4549   0.0120     4.2%
   226     2.8s    0.0171   100.0%   100.0%   100.0%        1%/98%/1%    0.773    0.067     0.0%     0.0%   1.0564   0.0054     3.0%
   227     4.3s    0.0055    75.0%    75.0%    90.8%        1%/98%/2%    0.783    0.035    25.0%     0.0%   1.6571  -0.0010     6.5%
   228     7.4s    0.0070    90.0%    90.0%    93.8%        0%/99%/1%    1.528    0.073    10.0%     0.0%   1.2913   0.0120     7.7%
   229    17.5s    0.0028    45.0%    45.0%    66.7%        1%/98%/1%    1.669    0.155    55.0%     0.0%   2.1333   0.0238    13.5%
   230     9.9s    0.0059    80.0%    80.0%    86.2%        1%/98%/1%    1.546    0.080    20.0%     0.0%   1.5497   0.0053     8.8%
  [MA20] reward=0.0071 task_sr=81.8% miss=18.3% time_limit=0.0% v2v=1.8%
  [RWRD] r_prog=0.0238 r_term=0.0349 r_illegal=0.0000
  [PPO ] p_loss=0.0063 v_loss=0.2691 entropy=1.5497 grad=0.9627 active=100.0%
  [SIM ] avg_power(a)=0.4474 rsu_q=5.154 tx=177 no_tx=1 deadlock=0 svc=0.000GHz idle=0.0%
   231     5.5s    0.0056    80.0%    80.0%    88.0%        0%/97%/3%    0.815    0.028    20.0%     0.0%   1.7372   0.0180     7.3%
   232     3.9s    0.0077    90.0%    90.0%    95.2%        1%/99%/0%    0.838    0.054    10.0%     0.0%   1.5870   0.0135     6.4%
   233     9.0s    0.0073    85.0%    85.0%    91.6%        0%/98%/2%    1.504    0.067    15.0%     0.0%   1.4624  -0.0006     6.2%
   234    19.5s    0.0015    30.0%    30.0%    61.1%        1%/99%/0%    1.864    0.158    70.0%     0.0%   2.3065   0.0108    12.5%
   235    15.1s    0.0070   100.0%   100.0%   100.0%        0%/99%/0%    2.579    0.048     0.0%     0.0%   1.5655   0.0120     6.7%
   236     7.9s    0.0072    90.0%    90.0%    91.9%        0%/99%/1%    1.651    0.068    10.0%     0.0%   1.2478   0.0116     7.0%
   237     5.4s    0.0059    80.0%    80.0%    89.1%        0%/99%/1%    0.847    0.053    20.0%     0.0%   1.6694   0.0138     9.1%
   238    15.1s    0.0042    55.0%    55.0%    81.3%       0%/100%/0%    1.828    0.145    45.0%     0.0%   2.0053   0.0150     8.9%
   239     2.9s    0.0158   100.0%   100.0%   100.0%       0%/100%/0%    0.813    0.056     0.0%     0.0%   1.0852   0.0069     4.7%
   240     9.8s    0.0057    85.0%    85.0%    91.8%       0%/100%/0%    1.807    0.059    15.0%     0.0%   1.3899   0.0010     7.2%
  [MA20] reward=0.0077 task_sr=83.3% miss=16.8% time_limit=0.0% v2v=0.9%
  [RWRD] r_prog=0.0221 r_term=0.0350 r_illegal=0.0000
  [PPO ] p_loss=-0.0086 v_loss=0.2089 entropy=1.3899 grad=1.7133 active=100.0%
  [SIM ] avg_power(a)=0.4038 rsu_q=6.630 tx=195 no_tx=0 deadlock=0 svc=0.000GHz idle=0.0%

    Ep    Wall    R/step     T_SR     V_SR     S_SR            L/R/V   Lat(s)       En     Miss      Ill      Ent       KL     Clip
--------------------------------------------------------------------------------------------------------------------------------
   241     7.5s    0.0077    95.0%    95.0%    97.5%       0%/100%/0%    1.528    0.057     5.0%     0.0%   1.4330   0.0121     5.4%
   242     7.5s    0.0064    90.0%    90.0%    93.9%        0%/99%/1%    1.582    0.054    10.0%     0.0%   1.4431   0.0052     7.3%
   243    11.8s    0.0056    90.0%    90.0%    98.0%        0%/98%/2%    2.292    0.067    10.0%     0.0%   1.4002   0.0098     6.8%
   244     8.5s    0.0068    85.0%    85.0%    93.3%        0%/99%/1%    1.680    0.071    15.0%     0.0%   1.3839   0.0119     6.6%
   245     4.2s    0.0071    90.0%    90.0%    91.7%        0%/98%/2%    0.768    0.032    10.0%     0.0%   1.5523   0.0160     4.8%
   246    11.1s    0.0016    35.0%    35.0%    67.9%        2%/97%/2%    1.020    0.098    65.0%     0.0%   2.3533   0.0107    11.6%
   247     7.6s    0.0101   100.0%   100.0%   100.0%        0%/99%/1%    1.605    0.052     0.0%     0.0%   1.3925  -0.0003     5.1%
   248     6.8s    0.0103   100.0%   100.0%   100.0%        1%/98%/1%    1.588    0.044     0.0%     0.0%   1.3356   0.0069     4.2%
   249     8.0s    0.0078    95.0%    95.0%    96.6%       0%/100%/0%    1.697    0.081     5.0%     0.0%   1.2979   0.0034     3.9%
   250     3.1s    0.0147   100.0%   100.0%   100.0%        2%/98%/0%    0.816    0.068     0.0%     0.0%   1.3111   0.0009     4.0%
  [MA20] reward=0.0073 task_sr=83.8% miss=16.2% time_limit=0.0% v2v=0.8%
  [RWRD] r_prog=0.0242 r_term=0.1226 r_illegal=0.0000
  [PPO ] p_loss=-0.0014 v_loss=0.0144 entropy=1.3111 grad=1.5819 active=100.0%
  [SIM ] avg_power(a)=0.4466 rsu_q=3.231 tx=124 no_tx=2 deadlock=0 svc=0.000GHz idle=0.0%
   251     9.0s    0.0060    85.0%    85.0%    89.5%        0%/99%/1%    1.621    0.063    15.0%     0.0%   1.5392   0.0167     6.8%
   252    17.8s    0.0043    80.0%    80.0%    88.4%       0%/100%/0%    2.412    0.078    20.0%     0.0%   1.6427   0.0066     5.9%
   253     6.5s    0.0106   100.0%   100.0%   100.0%        0%/99%/1%    1.603    0.058     0.0%     0.0%   1.2051   0.0021     3.4%
   254     9.2s    0.0078    90.0%    90.0%    93.0%        0%/99%/1%    1.717    0.056    10.0%     0.0%   1.4668   0.0070     4.9%
   255     8.4s    0.0067    80.0%    80.0%    95.1%        1%/99%/0%    1.654    0.077    20.0%     0.0%   1.4398   0.0120     5.3%
   256    15.5s    0.0053    90.0%    90.0%    93.5%       0%/100%/0%    2.475    0.085    10.0%     0.0%   1.4349   0.0117     5.6%
   257    13.6s    0.0043    65.0%    65.0%    77.8%        0%/98%/2%    1.798    0.112    35.0%     0.0%   1.8777   0.0135    11.3%
   258     7.8s    0.0074    95.0%    95.0%    95.9%       0%/100%/0%    1.629    0.048     5.0%     0.0%   1.4700   0.0234     8.8%
   259     8.4s    0.0061    85.0%    85.0%    89.7%        0%/99%/1%    1.551    0.063    15.0%     0.0%   1.4504   0.0147     6.5%
   260     9.5s    0.0065    85.0%    85.0%    92.5%        1%/99%/0%    1.644    0.079    15.0%     0.0%   1.5614   0.0062     4.8%
  [MA20] reward=0.0072 task_sr=86.8% miss=13.2% time_limit=0.0% v2v=0.7%
  [RWRD] r_prog=0.0286 r_term=0.0363 r_illegal=0.0000
  [PPO ] p_loss=0.0024 v_loss=0.2337 entropy=1.5614 grad=1.2643 active=100.0%
  [SIM ] avg_power(a)=0.4480 rsu_q=7.148 tx=191 no_tx=1 deadlock=0 svc=0.000GHz idle=0.0%

    Ep    Wall    R/step     T_SR     V_SR     S_SR            L/R/V   Lat(s)       En     Miss      Ill      Ent       KL     Clip
--------------------------------------------------------------------------------------------------------------------------------
   261    12.2s    0.0044    70.0%    70.0%    81.2%        1%/96%/3%    1.608    0.093    30.0%     0.0%   1.7407   0.0177     5.6%
   262     7.8s    0.0067    90.0%    90.0%    93.9%        1%/97%/3%    1.537    0.066    10.0%     0.0%   1.4916   0.0051     5.9%
   263     7.8s    0.0085    95.0%    95.0%    98.4%        1%/96%/3%    1.641    0.052     5.0%     0.0%   1.5570   0.0015     5.4%
   264     3.7s    0.0073    95.0%    95.0%    95.3%        1%/95%/4%    0.745    0.027     5.0%     0.0%   1.6782   0.0061     7.2%
   265     7.6s    0.0097   100.0%   100.0%   100.0%        1%/98%/1%    1.556    0.065     0.0%     0.0%   1.3882   0.0127     4.6%
   266     7.9s    0.0072    90.0%    90.0%    94.5%        1%/95%/5%    1.487    0.054    10.0%     0.0%   1.4681   0.0064     8.6%
   267    22.9s    0.0009    25.0%    25.0%    53.0%        1%/97%/1%    1.787    0.155    75.0%     0.0%   2.3595   0.0086    12.1%
   268    21.5s    0.0031    35.0%    35.0%    62.9%        0%/97%/3%    2.180    0.231    65.0%     0.0%   2.1170   0.0061     8.5%
   269    14.7s    0.0061    95.0%    95.0%    99.6%        0%/98%/1%    2.426    0.079     5.0%     0.0%   1.5446   0.0019     6.1%
   270    11.4s    0.0054    70.0%    70.0%    89.4%        1%/98%/1%    1.683    0.101    30.0%     0.0%   1.7389   0.0187     8.4%
  [MA20] reward=0.0062 task_sr=81.0% miss=19.0% time_limit=0.0% v2v=1.5%
  [RWRD] r_prog=0.0308 r_term=0.0233 r_illegal=0.0000
  [PPO ] p_loss=-0.0007 v_loss=0.4417 entropy=1.7389 grad=3.8914 active=100.0%
  [SIM ] avg_power(a)=0.4770 rsu_q=6.111 tx=181 no_tx=2 deadlock=0 svc=0.000GHz idle=0.0%
   271     3.5s    0.0088    95.0%    95.0%    97.7%        1%/98%/1%    0.722    0.032     5.0%     0.0%   1.5490   0.0203     5.9%
   272     2.6s    0.0158   100.0%   100.0%   100.0%        0%/99%/1%    0.754    0.055     0.0%     0.0%   1.1675   0.0064     4.0%
   273    11.4s    0.0068   100.0%   100.0%   100.0%        0%/99%/0%    2.404    0.074     0.0%     0.0%   1.4208   0.0145     6.9%
   274     9.3s    0.0091    95.0%    95.0%    94.5%       1%/86%/13%    1.477    0.071     5.0%     0.0%   1.3678   0.0150     6.3%
   275    26.8s    0.0016    45.0%    45.0%    75.2%       4%/83%/13%    2.574    0.109    55.0%     0.0%   2.0489   0.0123    10.4%
   276    20.8s    0.0012    20.0%    20.0%    54.5%        4%/90%/6%    2.092    0.242    80.0%     0.0%   2.3982   0.0095    10.2%
   277     8.3s    0.0070    90.0%    90.0%    93.7%        2%/93%/6%    1.492    0.074    10.0%     0.0%   1.4419   0.0086     7.1%
   278    21.3s    0.0033    70.0%    70.0%    79.7%        2%/93%/5%    2.080    0.073    30.0%     0.0%   1.8939   0.0086     5.6%
   279     8.3s    0.0086   100.0%   100.0%   100.0%        1%/97%/1%    1.787    0.073     0.0%     0.0%   1.4377   0.0107     3.8%
   280    11.2s    0.0077   100.0%   100.0%   100.0%        1%/98%/1%    2.166    0.075     0.0%     0.0%   1.4000   0.0070     3.8%
  [MA20] reward=0.0065 task_sr=79.0% miss=21.0% time_limit=0.0% v2v=3.6%
  [RWRD] r_prog=0.0306 r_term=0.0460 r_illegal=0.0000
  [PPO ] p_loss=0.0078 v_loss=0.1328 entropy=1.4000 grad=4.8872 active=100.0%
  [SIM ] avg_power(a)=0.5064 rsu_q=13.966 tx=253 no_tx=3 deadlock=0 svc=0.000GHz idle=0.0%

    Ep    Wall    R/step     T_SR     V_SR     S_SR            L/R/V   Lat(s)       En     Miss      Ill      Ent       KL     Clip
--------------------------------------------------------------------------------------------------------------------------------
   281     9.8s    0.0067    85.0%    85.0%    93.3%        1%/96%/4%    1.773    0.071    15.0%     0.0%   1.5476   0.0069     6.4%
   282    21.6s    0.0034    65.0%    65.0%    80.1%        1%/95%/4%    2.400    0.114    35.0%     0.0%   1.7976   0.0169     7.1%
   283     3.1s    0.0146   100.0%   100.0%   100.0%        2%/96%/2%    0.829    0.065     0.0%     0.0%   1.3123  -0.0110     6.6%
   284    16.1s    0.0055    95.0%    95.0%    95.9%        0%/99%/1%    2.434    0.043     5.0%     0.0%   1.6052   0.0117     6.8%
   285     7.6s    0.0103   100.0%   100.0%   100.0%        0%/99%/0%    1.607    0.069     0.0%     0.0%   1.3178   0.0010     5.9%
   286     7.4s    0.0104   100.0%   100.0%   100.0%        0%/99%/0%    1.550    0.059     0.0%     0.0%   1.3440   0.0033     5.9%
   287     3.8s    0.0088    95.0%    95.0%    94.9%        1%/97%/2%    0.816    0.041     5.0%     0.0%   1.4858   0.0194     6.9%
   288     8.1s    0.0077    95.0%    95.0%    97.1%        1%/94%/4%    1.627    0.078     5.0%     0.0%   1.4177   0.0207     7.9%
   289     8.1s    0.0076    90.0%    90.0%    95.4%        0%/92%/8%    1.753    0.118    10.0%     0.0%   1.3856   0.0138     7.5%
   290    16.1s    0.0047    85.0%    85.0%    90.0%        0%/98%/2%    2.482    0.136    15.0%     0.0%   1.4128   0.0157     9.3%
  [MA20] reward=0.0075 task_sr=86.2% miss=13.8% time_limit=0.0% v2v=3.8%
  [RWRD] r_prog=0.0226 r_term=0.0244 r_illegal=0.0000
  [PPO ] p_loss=-0.0166 v_loss=0.1681 entropy=1.4128 grad=1.6052 active=100.0%
  [SIM ] avg_power(a)=0.4972 rsu_q=8.108 tx=240 no_tx=1 deadlock=0 svc=0.000GHz idle=0.0%
   291    37.4s    0.0005     5.0%     5.0%    41.4%       1%/85%/15%    2.963    0.257    95.0%     0.0%   2.6235   0.0052    15.3%
   292     8.0s    0.0062    80.0%    80.0%    93.1%        0%/99%/1%    1.430    0.064    20.0%     0.0%   1.4814   0.0153     9.3%
   293     3.7s    0.0075    90.0%    90.0%    98.4%       2%/72%/25%    0.936    0.105    10.0%     0.0%   1.5364   0.0056     9.7%
   294     9.1s    0.0060    85.0%    85.0%    93.1%       1%/90%/10%    1.711    0.073    15.0%     0.0%   1.4747   0.0216     8.4%
   295     6.4s    0.0128   100.0%   100.0%   100.0%        0%/98%/2%    1.362    0.056     0.0%     0.0%   1.1604   0.0076     5.9%
   296     6.6s    0.0100   100.0%   100.0%   100.0%        0%/95%/5%    1.632    0.098     0.0%     0.0%   1.2156   0.0068     6.6%
   297     4.3s    0.0068    90.0%    90.0%    94.1%       0%/86%/14%    0.808    0.040    10.0%     0.0%   1.6742   0.0106     7.7%
   298     9.3s    0.0055    65.0%    65.0%    93.5%       3%/76%/22%    1.779    0.100    35.0%     0.0%   1.6581   0.0211    10.4%
   299    14.0s    0.0076    90.0%    90.0%    94.8%       0%/89%/11%    1.979    0.127    10.0%     0.0%   1.7532   0.0091    10.0%
   300     6.8s    0.0112   100.0%   100.0%   100.0%        0%/98%/2%    1.526    0.052     0.0%     0.0%   1.3544   0.0159     3.4%
  [MA20] reward=0.0077 task_sr=85.8% miss=14.3% time_limit=0.0% v2v=6.6%
  [RWRD] r_prog=0.0395 r_term=0.0729 r_illegal=0.0000
  [PPO ] p_loss=-0.0056 v_loss=0.0850 entropy=1.3544 grad=6.9327 active=100.0%
  [SIM ] avg_power(a)=0.4556 rsu_q=13.105 tx=192 no_tx=0 deadlock=0 svc=0.000GHz idle=0.0%
  [Checkpoint] saved: ep0300.pth

    Ep    Wall    R/step     T_SR     V_SR     S_SR            L/R/V   Lat(s)       En     Miss      Ill      Ent       KL     Clip
--------------------------------------------------------------------------------------------------------------------------------
   301     3.6s    0.0088    95.0%    95.0%    99.2%       1%/82%/18%    0.790    0.040     5.0%     0.0%   1.7153   0.0091     7.7%
   302     5.6s    0.0089    95.0%    95.0%    98.6%       1%/58%/42%    0.939    0.092     5.0%     0.0%   2.0633   0.0013    10.9%
   303    24.4s    0.0062    20.0%    20.0%    55.6%       0%/52%/48%    1.778    0.293    80.0%     0.0%   2.5202   0.0276    15.2%
   304    13.7s    0.0059    35.0%    35.0%    74.3%       2%/39%/59%    1.866    0.123    65.0%     0.0%   1.9188   0.0215    13.9%
   305     9.8s    0.0050    65.0%    65.0%    88.8%       2%/54%/44%    2.092    0.097    35.0%     0.0%   1.5358   0.0157    13.9%
   306     7.0s    0.0067    85.0%    85.0%    99.0%       2%/71%/26%    1.622    0.080    10.0%     0.0%   1.5054   0.0251    12.8%
   307    10.4s    0.0052    60.0%    60.0%    84.7%       1%/78%/21%    1.599    0.129    40.0%     0.0%   1.8314   0.0230    10.3%
   308     3.4s    0.0172   100.0%   100.0%   100.0%        1%/97%/2%    0.798    0.078     0.0%     0.0%   1.1494   0.0105     3.4%
   309     8.4s    0.0063    85.0%    85.0%    94.7%        0%/93%/6%    1.558    0.062    15.0%     0.0%   1.4347   0.0161     5.5%
   310     2.6s    0.0170   100.0%   100.0%   100.0%       1%/74%/25%    0.805    0.113     0.0%     0.0%   1.3251   0.0183    10.2%
  [MA20] reward=0.0081 task_sr=77.2% miss=22.5% time_limit=0.0% v2v=19.8%
  [RWRD] r_prog=0.0235 r_term=0.1463 r_illegal=0.0000
  [PPO ] p_loss=0.0097 v_loss=0.1476 entropy=1.3251 grad=5.9745 active=100.0%
  [SIM ] avg_power(a)=0.4638 rsu_q=1.909 tx=129 no_tx=1 deadlock=0 svc=0.000GHz idle=0.0%
   311    12.8s    0.0048    80.0%    80.0%    93.4%       1%/84%/15%    2.284    0.079    20.0%     0.0%   1.5689   0.0173     9.4%
   312     9.8s    0.0060    80.0%    80.0%    93.7%       2%/84%/14%    1.760    0.088    20.0%     0.0%   1.5865   0.0193     8.8%
   313     6.7s    0.0096   100.0%   100.0%   100.0%        0%/98%/2%    1.603    0.059     0.0%     0.0%   1.2607   0.0080     4.2%
   314     3.6s    0.0088    95.0%    95.0%    98.5%        0%/98%/2%    0.862    0.048     5.0%     0.0%   1.5457   0.0047     6.4%
   315     7.3s    0.0087    95.0%    95.0%    98.5%        0%/99%/1%    1.551    0.062     5.0%     0.0%   1.3965   0.0008     4.4%
   316     8.8s    0.0067    85.0%    85.0%    95.1%        0%/96%/4%    1.746    0.086    15.0%     0.0%   1.4418   0.0169     5.9%
   317     8.4s    0.0077    95.0%    95.0%    95.7%        0%/96%/4%    1.752    0.092     5.0%     0.0%   1.4022   0.0104     5.3%
   318    16.5s    0.0038    65.0%    65.0%    84.7%        0%/97%/3%    2.347    0.087    35.0%     0.0%   1.7086   0.0058     6.6%
   319     7.6s    0.0098   100.0%   100.0%   100.0%       0%/100%/0%    1.611    0.063     0.0%     0.0%   1.2764   0.0054     4.0%
   320     3.5s    0.0126   100.0%   100.0%   100.0%        0%/98%/2%    0.888    0.075     0.0%     0.0%   1.3751   0.0092     4.6%
  [MA20] reward=0.0083 task_sr=81.8% miss=18.0% time_limit=0.0% v2v=17.0%
  [RWRD] r_prog=0.0222 r_term=0.1038 r_illegal=0.0000
  [PPO ] p_loss=0.0338 v_loss=0.0152 entropy=1.3751 grad=1.4792 active=100.0%
  [SIM ] avg_power(a)=0.4368 rsu_q=2.667 tx=132 no_tx=0 deadlock=0 svc=0.000GHz idle=0.0%

    Ep    Wall    R/step     T_SR     V_SR     S_SR            L/R/V   Lat(s)       En     Miss      Ill      Ent       KL     Clip
--------------------------------------------------------------------------------------------------------------------------------
   321     7.0s    0.0053    80.0%    80.0%    91.0%        0%/94%/6%    1.133    0.077    20.0%     0.0%   2.0380   0.0129     8.2%
   322     3.9s    0.0090    95.0%    95.0%    98.5%        1%/99%/0%    0.837    0.039     5.0%     0.0%   1.5849   0.0186     5.5%
   323     9.3s    0.0080    95.0%    95.0%    97.1%        0%/98%/2%    1.727    0.072     5.0%     0.0%   1.5518   0.0081     5.4%
   324    12.8s    0.0066   100.0%   100.0%   100.0%       0%/100%/0%    2.422    0.071     0.0%     0.0%   1.4183   0.0060     4.3%
   325     3.6s    0.0136   100.0%   100.0%   100.0%        1%/97%/1%    0.868    0.046     0.0%     0.0%   1.2789   0.0119     4.1%
   326     3.9s    0.0080    90.0%    90.0%    96.1%        0%/98%/2%    0.818    0.042    10.0%     0.0%   1.5899   0.0159     7.4%
   327     8.8s    0.0062    90.0%    90.0%    95.4%        0%/97%/3%    1.734    0.098    10.0%     0.0%   1.5019   0.0081     7.0%
   328     7.1s    0.0104   100.0%   100.0%   100.0%        0%/99%/1%    1.600    0.071     0.0%     0.0%   1.2772   0.0099     4.3%
   329     6.6s    0.0097   100.0%   100.0%   100.0%        0%/98%/2%    1.638    0.064     0.0%     0.0%   1.1518   0.0075     4.1%
   330     7.9s    0.0071    90.0%    90.0%    97.9%       0%/100%/0%    1.585    0.055    10.0%     0.0%   1.4388   0.0051     5.3%
  [MA20] reward=0.0081 task_sr=91.8% miss=8.3% time_limit=0.0% v2v=3.2%
  [RWRD] r_prog=0.0281 r_term=0.0433 r_illegal=0.0000
  [PPO ] p_loss=-0.0091 v_loss=0.1749 entropy=1.4388 grad=2.4703 active=100.0%
  [SIM ] avg_power(a)=0.4548 rsu_q=7.269 tx=192 no_tx=0 deadlock=0 svc=0.000GHz idle=0.0%
   331     3.5s    0.0091    95.0%    95.0%    99.2%        2%/92%/6%    0.862    0.065     5.0%     0.0%   1.4588   0.0095     8.4%
   332     7.9s    0.0078    95.0%    95.0%    99.0%        0%/95%/4%    1.703    0.069     5.0%     0.0%   1.4134   0.0052     6.0%
   333     2.8s    0.0173   100.0%   100.0%   100.0%        0%/98%/2%    0.764    0.056     0.0%     0.0%   1.1787   0.0053     4.3%
   334     4.3s    0.0080    90.0%    90.0%    91.8%        0%/93%/7%    0.832    0.056    10.0%     0.0%   1.5818   0.0194     6.5%
   335     7.8s    0.0076    90.0%    90.0%    99.0%        1%/96%/3%    1.660    0.048    10.0%     0.0%   1.4398   0.0010     4.8%
   336     8.8s    0.0067    85.0%    85.0%    89.4%       0%/80%/20%    1.145    0.057    15.0%     0.0%   2.1026   0.0179     9.1%
   337     7.7s    0.0082   100.0%   100.0%   100.0%        0%/99%/1%    1.803    0.104     0.0%     0.0%   1.3564   0.0058     5.4%
   338    12.8s    0.0064    95.0%    95.0%    96.2%        0%/98%/2%    2.434    0.098     5.0%     0.0%   1.2879   0.0065     6.0%
   339     2.9s    0.0158   100.0%   100.0%   100.0%        0%/99%/1%    0.751    0.042     0.0%     0.0%   1.2081  -0.0143     4.3%
   340    10.5s    0.0061    80.0%    80.0%    94.5%        0%/98%/2%    1.855    0.101    20.0%     0.0%   1.5047   0.0132     5.7%
  [MA20] reward=0.0088 task_sr=93.5% miss=6.5% time_limit=0.0% v2v=3.2%
  [RWRD] r_prog=0.0324 r_term=0.0290 r_illegal=0.0000
  [PPO ] p_loss=0.0209 v_loss=0.3299 entropy=1.5047 grad=3.9898 active=100.0%
  [SIM ] avg_power(a)=0.4771 rsu_q=10.643 tx=194 no_tx=0 deadlock=0 svc=0.000GHz idle=0.0%

    Ep    Wall    R/step     T_SR     V_SR     S_SR            L/R/V   Lat(s)       En     Miss      Ill      Ent       KL     Clip
--------------------------------------------------------------------------------------------------------------------------------
   341     7.7s    0.0067    95.0%    95.0%    98.5%        0%/97%/3%    1.639    0.076     5.0%     0.0%   1.4485   0.0114     4.8%
   342     7.2s    0.0108   100.0%   100.0%   100.0%        0%/98%/2%    1.567    0.064     0.0%     0.0%   1.1435 -3.67e-05     4.4%
   343     8.9s    0.0079    95.0%    95.0%    99.0%       0%/89%/11%    1.825    0.099     5.0%     0.0%   1.4951   0.0123     7.0%
   344     3.6s    0.0095   100.0%   100.0%   100.0%       0%/85%/15%    0.903    0.055     0.0%     0.0%   1.5585   0.0126     8.7%
   345     8.0s    0.0077    90.0%    90.0%    96.3%        0%/95%/5%    1.624    0.055    10.0%     0.0%   1.5631   0.0104     8.1%
   346     8.7s    0.0062    85.0%    85.0%    95.9%        2%/97%/2%    1.752    0.061    15.0%     0.0%   1.5577   0.0103     5.5%
   347     8.5s    0.0085   100.0%   100.0%   100.0%       0%/100%/0%    1.676    0.078     0.0%     0.0%   1.4464   0.0023     4.1%
   348     8.6s    0.0073    90.0%    90.0%    98.9%        0%/99%/1%    1.718    0.109    10.0%     0.0%   1.5345   0.0039     4.5%
   349    14.7s    0.0062    95.0%    95.0%    98.4%        0%/99%/1%    2.576    0.094     5.0%     0.0%   1.4854   0.0053     4.8%
   350     3.1s    0.0118   100.0%   100.0%   100.0%        0%/93%/7%    0.867    0.051     0.0%     0.0%   1.3087   0.0129     7.4%
  [MA20] reward=0.0088 task_sr=94.0% miss=6.0% time_limit=0.0% v2v=4.7%
  [RWRD] r_prog=0.0192 r_term=0.0990 r_illegal=0.0000
  [PPO ] p_loss=-0.0053 v_loss=0.0788 entropy=1.3087 grad=1.3133 active=100.0%
  [SIM ] avg_power(a)=0.4644 rsu_q=2.000 tx=132 no_tx=0 deadlock=0 svc=0.000GHz idle=0.0%
  → Best model saved: sr=0.891 miss=0.108 tl=0.000 cft=1.491 illegal=0.000
   351     8.6s    0.0077    95.0%    95.0%    98.5%       0%/100%/0%    1.699    0.065     5.0%     0.0%   1.4406   0.0118     4.0%
   352     2.7s    0.0146   100.0%   100.0%   100.0%        0%/94%/6%    0.830    0.075     0.0%     0.0%   1.2351   0.0035     4.7%
   353     7.9s    0.0087   100.0%   100.0%   100.0%        0%/99%/1%    1.663    0.076     0.0%     0.0%   1.3273   0.0061     4.2%
   354     8.8s    0.0073    95.0%    95.0%    99.0%        0%/99%/1%    1.814    0.073     5.0%     0.0%   1.5192   0.0112     4.6%
   355    17.5s    0.0024    40.0%    40.0%    84.8%        0%/93%/7%    2.062    0.132    60.0%     0.0%   1.9213   0.0108     7.6%
   356     3.2s    0.0117   100.0%   100.0%   100.0%        0%/98%/2%    0.844    0.060     0.0%     0.0%   1.3323   0.0013     4.2%
   357     8.1s    0.0067    90.0%    90.0%    94.3%       0%/100%/0%    1.641    0.103    10.0%     0.0%   1.3979   0.0132     3.0%
   358    22.1s    0.0020    20.0%    20.0%    50.7%        0%/98%/2%    2.116    0.190    80.0%     0.0%   2.1800   0.0077     7.0%
   359     6.4s    0.0104   100.0%   100.0%   100.0%        0%/99%/1%    1.517    0.082     0.0%     0.0%   1.2576   0.0057     3.0%
   360     7.5s    0.0091   100.0%   100.0%   100.0%       0%/100%/0%    1.633    0.044     0.0%     0.0%   1.4065  -0.0022     3.7%
  [MA20] reward=0.0082 task_sr=89.5% miss=10.5% time_limit=0.0% v2v=3.2%
  [RWRD] r_prog=0.0352 r_term=0.0563 r_illegal=0.0000
  [PPO ] p_loss=0.0124 v_loss=0.1107 entropy=1.4065 grad=6.6284 active=100.0%
  [SIM ] avg_power(a)=0.4521 rsu_q=10.542 tx=199 no_tx=0 deadlock=0 svc=0.000GHz idle=0.0%

    Ep    Wall    R/step     T_SR     V_SR     S_SR            L/R/V   Lat(s)       En     Miss      Ill      Ent       KL     Clip
--------------------------------------------------------------------------------------------------------------------------------
   361     4.1s    0.0081    95.0%    95.0%    97.8%        0%/98%/2%    0.844    0.037     5.0%     0.0%   1.5831   0.0091     5.3%
   362     4.3s    0.0075    90.0%    90.0%    95.3%        0%/98%/2%    0.887    0.047    10.0%     0.0%   1.5656   0.0089     4.8%
   363    13.4s    0.0037    60.0%    60.0%    86.1%        0%/97%/3%    1.724    0.113    40.0%     0.0%   1.6432   0.0068     5.0%
   364     7.6s    0.0082    95.0%    95.0%    98.0%        0%/99%/1%    1.792    0.100     5.0%     0.0%   1.2442   0.0035     4.3%
   365    23.3s    0.0035    60.0%    60.0%    81.2%        0%/98%/2%    2.448    0.132    40.0%     0.0%   1.9501   0.0017     4.8%
   366    14.6s    0.0057    90.0%    90.0%    98.1%       0%/100%/0%    2.379    0.062    10.0%     0.0%   1.5224   0.0086     3.8%
   367     8.5s    0.0071    90.0%    90.0%    97.4%        0%/99%/1%    1.696    0.055    10.0%     0.0%   1.5019   0.0090     5.0%
   368     8.9s    0.0080    90.0%    90.0%    97.0%        0%/99%/1%    1.331    0.130    10.0%     0.0%   2.0815  -0.0017     6.6%
   369    12.6s    0.0076   100.0%   100.0%   100.0%       0%/100%/0%    2.271    0.063     0.0%     0.0%   1.3456   0.0084     2.9%
   370    12.3s    0.0051    90.0%    90.0%    97.6%       0%/100%/0%    2.356    0.064    10.0%     0.0%   1.4628   0.0113     5.0%
  [MA20] reward=0.0073 task_sr=85.0% miss=15.0% time_limit=0.0% v2v=1.5%
  [RWRD] r_prog=0.0208 r_term=0.0299 r_illegal=0.0000
  [PPO ] p_loss=-0.0067 v_loss=0.1640 entropy=1.4628 grad=2.1908 active=100.0%
  [SIM ] avg_power(a)=0.4513 rsu_q=8.944 tx=249 no_tx=0 deadlock=0 svc=0.000GHz idle=0.0%
   371    31.7s    0.0011    30.0%    30.0%    48.3%        0%/97%/3%    2.410    0.197    70.0%     0.0%   2.1867   0.0035     7.5%
   372     9.2s    0.0075    95.0%    95.0%    97.1%       0%/100%/0%    1.811    0.096     5.0%     0.0%   1.4089   0.0140     4.3%
   373     2.9s    0.0170   100.0%   100.0%   100.0%        0%/99%/1%    0.804    0.058     0.0%     0.0%   1.0697 -1.66e-05     4.7%
   374     6.3s    0.0059    80.0%    80.0%    89.5%       0%/100%/0%    1.059    0.071    20.0%     0.0%   1.8497   0.0103     6.0%
   375     7.9s    0.0068    90.0%    90.0%    94.9%        0%/99%/1%    1.676    0.067    10.0%     0.0%   1.3839   0.0072     5.9%
   376     9.5s    0.0048    65.0%    65.0%    78.0%        0%/99%/1%    1.205    0.108    35.0%     0.0%   2.3164   0.0105     8.2%
   377     8.0s    0.0066    95.0%    95.0%    95.4%       0%/100%/0%    1.662    0.072     5.0%     0.0%   1.3916   0.0103     6.4%
   378    10.5s    0.0072    90.0%    90.0%    94.1%        0%/99%/1%    1.700    0.092    10.0%     0.0%   1.5888   0.0072     6.2%
   379     8.7s    0.0074    95.0%    95.0%    99.0%       0%/100%/0%    1.633    0.041     5.0%     0.0%   1.4983   0.0067     5.4%
   380    18.9s    0.0012    20.0%    20.0%    55.8%        0%/96%/4%    1.420    0.187    80.0%     0.0%   2.2289   0.0084     9.0%
  [MA20] reward=0.0065 task_sr=81.0% miss=19.0% time_limit=0.0% v2v=1.1%
  [RWRD] r_prog=0.0301 r_term=-0.0182 r_illegal=0.0000
  [PPO ] p_loss=0.0034 v_loss=1.2912 entropy=2.2289 grad=6.6637 active=100.0%
  [SIM ] avg_power(a)=0.4267 rsu_q=2.586 tx=130 no_tx=0 deadlock=0 svc=0.000GHz idle=0.0%

    Ep    Wall    R/step     T_SR     V_SR     S_SR            L/R/V   Lat(s)       En     Miss      Ill      Ent       KL     Clip
--------------------------------------------------------------------------------------------------------------------------------
   381     3.8s    0.0077    95.0%    95.0%    95.3%        0%/99%/1%    0.787    0.029     5.0%     0.0%   1.5511   0.0125     3.7%
   382     6.6s    0.0116   100.0%   100.0%   100.0%        0%/99%/1%    1.489    0.053     0.0%     0.0%   1.1850   0.0106     4.8%
   383    13.0s    0.0060    95.0%    95.0%    94.6%       0%/100%/0%    2.353    0.067     5.0%     0.0%   1.3892   0.0019     4.8%
   384     7.3s    0.0083    95.0%    95.0%    95.5%       0%/100%/0%    1.601    0.055     5.0%     0.0%   1.2539   0.0034     4.0%
   385    12.7s    0.0068    90.0%    90.0%    95.6%       0%/100%/0%    2.297    0.063    10.0%     0.0%   1.3987   0.0126     4.9%
   386    12.6s    0.0067    95.0%    95.0%    99.6%       0%/100%/0%    2.319    0.051     5.0%     0.0%   1.4268   0.0120    10.0%
   387    31.7s    0.0020    15.0%    15.0%    61.0%        0%/98%/2%    1.943    0.157    85.0%     0.0%   1.9962   0.0066     7.3%
   388    11.3s    0.0060    80.0%    80.0%    97.9%       0%/100%/0%    1.839    0.140    20.0%     0.0%   1.5404   0.0056     5.4%
   389     9.5s    0.0064    80.0%    80.0%    85.9%        0%/99%/1%    1.156    0.107    20.0%     0.0%   2.0812   0.0136     5.6%
   390    22.0s    0.0036    65.0%    65.0%    81.3%        0%/99%/1%    2.418    0.122    35.0%     0.0%   1.8148   0.0139     7.5%
  [MA20] reward=0.0065 task_sr=78.5% miss=21.5% time_limit=0.0% v2v=0.7%
  [RWRD] r_prog=0.0236 r_term=0.0125 r_illegal=0.0000
  [PPO ] p_loss=0.0128 v_loss=0.4120 entropy=1.8148 grad=2.8826 active=100.0%
  [SIM ] avg_power(a)=0.4344 rsu_q=6.027 tx=220 no_tx=0 deadlock=0 svc=0.000GHz idle=0.0%
   391    12.8s    0.0075   100.0%   100.0%   100.0%       0%/100%/0%    2.329    0.062     0.0%     0.0%   1.4171   0.0096     5.2%
   392     7.3s    0.0101   100.0%   100.0%   100.0%       0%/100%/0%    1.684    0.086     0.0%     0.0%   1.1900   0.0114     3.4%
   393     6.6s    0.0105   100.0%   100.0%   100.0%        0%/99%/1%    1.588    0.073     0.0%     0.0%   1.1559   0.0009     4.1%
   394    16.3s    0.0068    95.0%    95.0%    99.2%       0%/100%/0%    2.603    0.062     5.0%     0.0%   1.5480   0.0051     4.9%
   395     3.8s    0.0146   100.0%   100.0%   100.0%       0%/100%/0%    0.907    0.063     0.0%     0.0%   1.1293   0.0046     3.6%
   396    11.7s    0.0071    90.0%    90.0%    96.9%        0%/99%/1%    1.878    0.171    10.0%     0.0%   1.6449   0.0036     5.4%
   397     3.1s    0.0160   100.0%   100.0%   100.0%        0%/99%/1%    0.782    0.051     0.0%     0.0%   1.1438   0.0101     4.1%
   398     7.0s    0.0092   100.0%   100.0%   100.0%       0%/100%/0%    1.559    0.061     0.0%     0.0%   1.3245   0.0043     3.7%
   399     3.6s    0.0137   100.0%   100.0%   100.0%       0%/100%/0%    0.845    0.076     0.0%     0.0%   1.2699   0.0062     4.3%
   400    11.1s    0.0078   100.0%   100.0%   100.0%       0%/100%/0%    2.266    0.062     0.0%     0.0%   1.2490   0.0031     3.8%
  [MA20] reward=0.0084 task_sr=89.8% miss=10.2% time_limit=0.0% v2v=0.3%
  [RWRD] r_prog=0.0314 r_term=0.0468 r_illegal=0.0000
  [PPO ] p_loss=0.0005 v_loss=0.0535 entropy=1.2490 grad=3.1296 active=100.0%
  [SIM ] avg_power(a)=0.4331 rsu_q=14.464 tx=253 no_tx=0 deadlock=0 svc=0.000GHz idle=0.0%
  [Checkpoint] saved: ep0400.pth

    Ep    Wall    R/step     T_SR     V_SR     S_SR            L/R/V   Lat(s)       En     Miss      Ill      Ent       KL     Clip
--------------------------------------------------------------------------------------------------------------------------------
   401     6.5s    0.0091   100.0%   100.0%   100.0%        0%/99%/1%    1.610    0.065     0.0%     0.0%   1.1986   0.0068     4.5%
   402     8.1s    0.0082    90.0%    90.0%    99.0%       0%/100%/0%    1.704    0.060    10.0%     0.0%   1.4026   0.0044     4.0%
   403    29.0s    0.0014    35.0%    35.0%    45.2%        2%/97%/2%    2.548    0.164    65.0%     0.0%   2.3460   0.0132     7.5%
   404     7.9s    0.0076    95.0%    95.0%    97.5%        0%/99%/1%    1.670    0.065     5.0%     0.0%   1.3771   0.0010     4.1%
   405     7.4s    0.0081    95.0%    95.0%   100.0%       0%/100%/0%    1.611    0.068     5.0%     0.0%   1.2543   0.0073     4.0%
   406     8.0s    0.0110   100.0%   100.0%   100.0%       0%/100%/0%    1.552    0.063     0.0%     0.0%   1.2775   0.0029     3.7%
   407    19.2s    0.0022    30.0%    30.0%    53.2%       0%/100%/0%    1.946    0.217    70.0%     0.0%   2.1957   0.0120     6.0%
   408     6.9s    0.0092   100.0%   100.0%   100.0%       0%/100%/0%    1.526    0.040     0.0%     0.0%   1.2728   0.0031     3.6%
   409     8.4s    0.0069    90.0%    90.0%    97.5%       0%/100%/0%    1.550    0.068    10.0%     0.0%   1.4462   0.0115     3.8%
   410    10.8s    0.0067    90.0%    90.0%    92.4%        0%/98%/2%    1.755    0.079    10.0%     0.0%   1.5347   0.0061     5.8%
  [MA20] reward=0.0087 task_sr=90.5% miss=9.5% time_limit=0.0% v2v=0.4%
  [RWRD] r_prog=0.0290 r_term=0.0380 r_illegal=0.0000
  [PPO ] p_loss=-0.0084 v_loss=0.1888 entropy=1.5347 grad=1.5041 active=100.0%
  [SIM ] avg_power(a)=0.4491 rsu_q=7.464 tx=188 no_tx=0 deadlock=0 svc=0.000GHz idle=0.0%
   411    21.3s    0.0034    55.0%    55.0%    80.9%        0%/99%/1%    2.676    0.133    45.0%     0.0%   1.6057   0.0071     5.1%
   412    14.0s    0.0076   100.0%   100.0%   100.0%       0%/100%/0%    2.451    0.079     0.0%     0.0%   1.4425   0.0004     2.9%
   413     8.3s    0.0098   100.0%   100.0%   100.0%       0%/100%/0%    1.675    0.051     0.0%     0.0%   1.3648  -0.0012     2.5%
   414     7.6s    0.0093   100.0%   100.0%   100.0%       0%/100%/0%    1.617    0.059     0.0%     0.0%   1.2935   0.0043     2.7%
   415     3.9s    0.0076    95.0%    95.0%    96.9%       0%/100%/0%    0.790    0.030     5.0%     0.0%   1.5826   0.0006     4.8%
   416     3.5s    0.0088    95.0%    95.0%    97.7%       0%/100%/0%    0.798    0.038     5.0%     0.0%   1.4202   0.0055     3.8%
   417    12.5s    0.0077   100.0%   100.0%   100.0%       0%/100%/0%    2.306    0.057     0.0%     0.0%   1.4396   0.0066     3.7%
   418    14.4s    0.0051    70.0%    70.0%    88.0%        0%/99%/1%    1.948    0.152    30.0%     0.0%   1.8203   0.0066     6.1%
   419    31.7s    0.0011    30.0%    30.0%    49.8%        0%/99%/1%    2.733    0.258    70.0%     0.0%   2.3468   0.0087     5.7%
   420    14.2s    0.0055    80.0%    80.0%    87.1%        0%/98%/2%    1.854    0.131    20.0%     0.0%   1.8377   0.0084     5.6%
  [MA20] reward=0.0068 task_sr=82.5% miss=17.5% time_limit=0.0% v2v=0.5%
  [RWRD] r_prog=0.0266 r_term=0.0281 r_illegal=0.0000
  [PPO ] p_loss=0.0063 v_loss=0.3082 entropy=1.8377 grad=1.4997 active=100.0%
  [SIM ] avg_power(a)=0.4756 rsu_q=5.483 tx=186 no_tx=0 deadlock=0 svc=0.000GHz idle=0.0%

    Ep    Wall    R/step     T_SR     V_SR     S_SR            L/R/V   Lat(s)       En     Miss      Ill      Ent       KL     Clip
--------------------------------------------------------------------------------------------------------------------------------
   421    18.6s    0.0027    40.0%    40.0%    76.1%       0%/100%/0%    1.899    0.145    60.0%     0.0%   2.0528   0.0054     6.6%
   422    15.7s    0.0059    85.0%    85.0%    99.2%       0%/100%/0%    2.533    0.093    15.0%     0.0%   1.4575   0.0097     5.9%
   423    12.1s    0.0067    80.0%    80.0%    95.7%       0%/100%/0%    1.866    0.109    20.0%     0.0%   1.6173   0.0045     4.8%
   424    30.5s    0.0022    30.0%    30.0%    67.0%       0%/100%/0%    2.401    0.227    70.0%     0.0%   2.0803   0.0112     7.4%
   425    10.0s    0.0088   100.0%   100.0%   100.0%       0%/100%/0%    1.783    0.083     0.0%     0.0%   1.3634   0.0112     3.9%
   426     9.3s    0.0077    95.0%    95.0%    99.5%       0%/100%/0%    1.677    0.094     5.0%     0.0%   1.5393   0.0095     5.4%
   427     4.9s    0.0102   100.0%   100.0%   100.0%       0%/100%/0%    0.994    0.108     0.0%     0.0%   1.8354   0.0011     5.9%
   428     8.9s    0.0072    90.0%    90.0%    98.5%       0%/100%/0%    1.914    0.103    10.0%     0.0%   1.3244   0.0086     5.5%
   429     3.0s    0.0171   100.0%   100.0%   100.0%       0%/100%/0%    0.781    0.074     0.0%     0.0%   1.0112   0.0095     3.4%
   430     7.7s    0.0098   100.0%   100.0%   100.0%       0%/100%/0%    1.701    0.077     0.0%     0.0%   1.2464   0.0128     5.4%
  [MA20] reward=0.0072 task_sr=82.3% miss=17.8% time_limit=0.0% v2v=0.2%
  [RWRD] r_prog=0.0381 r_term=0.0599 r_illegal=0.0000
  [PPO ] p_loss=0.0036 v_loss=0.0440 entropy=1.2464 grad=3.0081 active=100.0%
  [SIM ] avg_power(a)=0.4946 rsu_q=11.227 tx=206 no_tx=0 deadlock=0 svc=0.000GHz idle=0.0%
   431    17.8s    0.0048    65.0%    65.0%    84.4%       0%/100%/0%    2.124    0.157    35.0%     0.0%   2.0770   0.0162     6.9%
   432     4.3s    0.0080    95.0%    95.0%    97.7%       0%/100%/0%    0.858    0.042     5.0%     0.0%   1.5191   0.0142     5.9%
   433     6.7s    0.0083    95.0%    95.0%    96.2%       0%/100%/0%    1.408    0.054     5.0%     0.0%   1.4891   0.0062     3.7%
   434     4.7s    0.0083    95.0%    95.0%    97.0%       0%/100%/0%    0.971    0.094     5.0%     0.0%   1.5365   0.0051     4.1%
   435    12.5s    0.0059    75.0%    75.0%    94.1%        0%/99%/1%    1.944    0.127    25.0%     0.0%   1.5598   0.0176     6.6%
   436     3.4s    0.0145   100.0%   100.0%   100.0%       0%/100%/0%    0.804    0.084     0.0%     0.0%   1.2681   0.0094     3.6%
   437    33.1s    0.0017    20.0%    20.0%    48.1%       0%/100%/0%    1.917    0.210    80.0%     0.0%   2.3696   0.0093     8.7%
   438     8.4s    0.0075    90.0%    90.0%    91.7%        0%/98%/2%    1.312    0.135    10.0%     0.0%   1.9598   0.0173     5.6%
   439    11.3s    0.0066   100.0%   100.0%   100.0%       0%/100%/0%    2.475    0.084     0.0%     0.0%   1.2475   0.0072     5.8%
   440     4.4s    0.0074    95.0%    95.0%    96.9%       0%/100%/0%    0.845    0.045     5.0%     0.0%   1.6662   0.0143     6.6%
  [MA20] reward=0.0076 task_sr=82.5% miss=17.5% time_limit=0.0% v2v=0.2%
  [RWRD] r_prog=0.0135 r_term=0.0603 r_illegal=0.0000
  [PPO ] p_loss=0.0335 v_loss=0.1139 entropy=1.6662 grad=1.7750 active=100.0%
  [SIM ] avg_power(a)=0.5372 rsu_q=1.083 tx=128 no_tx=0 deadlock=0 svc=0.000GHz idle=0.0%

    Ep    Wall    R/step     T_SR     V_SR     S_SR            L/R/V   Lat(s)       En     Miss      Ill      Ent       KL     Clip
--------------------------------------------------------------------------------------------------------------------------------
   441    11.6s    0.0080   100.0%   100.0%   100.0%       0%/100%/0%    2.150    0.057     0.0%     0.0%   1.3735   0.0132     4.8%
   442    19.1s    0.0028    35.0%    35.0%    62.5%       0%/100%/0%    1.919    0.224    65.0%     0.0%   2.2887   0.0163     7.9%
   443     7.2s    0.0100   100.0%   100.0%   100.0%       0%/100%/0%    1.570    0.053     0.0%     0.0%   1.2415   0.0097     5.0%
   444    15.3s    0.0039    65.0%    65.0%    89.9%       0%/100%/0%    2.188    0.091    35.0%     0.0%   1.5017   0.0067     5.9%
   445     8.5s    0.0074    95.0%    95.0%    99.0%       0%/100%/0%    1.752    0.099     5.0%     0.0%   1.3963   0.0127     4.4%
   446     6.6s    0.0092   100.0%   100.0%   100.0%       0%/100%/0%    1.621    0.090     0.0%     0.0%   1.3044   0.0092     4.3%
   447     8.6s    0.0091   100.0%   100.0%   100.0%       0%/100%/0%    1.721    0.125     0.0%     0.0%   1.3726   0.0195     5.2%
   448    12.5s    0.0076    95.0%    95.0%    95.7%       0%/100%/0%    2.090    0.082     5.0%     0.0%   1.3236   0.0042     6.4%
   449     7.3s    0.0087   100.0%   100.0%   100.0%        0%/99%/1%    1.600    0.052     0.0%     0.0%   1.3472   0.0132     5.0%
   450    10.0s    0.0074    95.0%    95.0%    95.9%       0%/100%/0%    1.786    0.076     5.0%     0.0%   1.5644   0.0131     6.7%
  [MA20] reward=0.0074 task_sr=85.8% miss=14.2% time_limit=0.0% v2v=0.2%
  [RWRD] r_prog=0.0291 r_term=0.0449 r_illegal=0.0000
  [PPO ] p_loss=-0.0032 v_loss=0.1677 entropy=1.5644 grad=2.7509 active=100.0%
  [SIM ] avg_power(a)=0.5349 rsu_q=8.615 tx=192 no_tx=0 deadlock=0 svc=0.000GHz idle=0.0%
   451     8.4s    0.0093   100.0%   100.0%   100.0%        0%/99%/1%    1.674    0.064     0.0%     0.0%   1.2981   0.0163     5.6%
   452    12.1s    0.0077   100.0%   100.0%   100.0%       0%/100%/0%    2.172    0.054     0.0%     0.0%   1.3621   0.0014     6.2%
   453     3.5s    0.0137   100.0%   100.0%   100.0%       0%/100%/0%    0.883    0.081     0.0%     0.0%   1.1344   0.0066     3.2%
   454     8.1s    0.0076    95.0%    95.0%    98.9%       0%/100%/0%    1.613    0.071     5.0%     0.0%   1.4386   0.0156     4.8%
   455     2.8s    0.0189   100.0%   100.0%   100.0%        0%/99%/1%    0.736    0.070     0.0%     0.0%   0.9848   0.0011     4.7%
   456    13.2s    0.0078   100.0%   100.0%   100.0%       0%/100%/0%    2.323    0.053     0.0%     0.0%   1.3631   0.0025     4.1%
   457     2.9s    0.0137   100.0%   100.0%   100.0%        0%/99%/1%    0.788    0.049     0.0%     0.0%   1.0945   0.0035     4.5%
   458    17.3s    0.0061    95.0%    95.0%    95.4%       0%/100%/0%    2.624    0.096     5.0%     0.0%   1.4862   0.0100     5.1%
   459     7.5s    0.0077    95.0%    95.0%    96.4%       0%/100%/0%    1.645    0.079     5.0%     0.0%   1.3836   0.0051     4.5%
   460     4.1s    0.0080    95.0%    95.0%    95.8%       0%/100%/0%    0.854    0.039     5.0%     0.0%   1.3945   0.0078     3.0%
  [MA20] reward=0.0087 task_sr=93.2% miss=6.8% time_limit=0.0% v2v=0.2%
  [RWRD] r_prog=0.0134 r_term=0.0666 r_illegal=0.0000
  [PPO ] p_loss=-0.0133 v_loss=0.1019 entropy=1.3945 grad=1.6241 active=100.0%
  [SIM ] avg_power(a)=0.5242 rsu_q=0.545 tx=140 no_tx=0 deadlock=0 svc=0.000GHz idle=0.0%

    Ep    Wall    R/step     T_SR     V_SR     S_SR            L/R/V   Lat(s)       En     Miss      Ill      Ent       KL     Clip
--------------------------------------------------------------------------------------------------------------------------------
   461     5.0s    0.0083    95.0%    95.0%    99.2%       0%/100%/0%    0.977    0.101     5.0%     0.0%   1.7641   0.0142     5.2%
   462     2.5s    0.0211   100.0%   100.0%   100.0%       0%/100%/0%    0.753    0.070     0.0%     0.0%   0.8326   0.0102     2.6%
   463    13.6s    0.0062    95.0%    95.0%    96.4%       0%/100%/0%    2.341    0.090     5.0%     0.0%   1.4157   0.0130     4.9%
   464    11.9s    0.0051    80.0%    80.0%    97.2%       0%/100%/0%    2.140    0.112    20.0%     0.0%   1.2810   0.0034     5.6%
   465    14.0s    0.0058    95.0%    95.0%    94.9%       0%/100%/0%    2.450    0.108     5.0%     0.0%   1.3262   0.0082     3.1%
   466     3.1s    0.0123   100.0%   100.0%   100.0%       0%/100%/0%    0.800    0.075     0.0%     0.0%   1.2953   0.0053     2.7%
   467    19.1s    0.0025    40.0%    40.0%    63.1%       0%/100%/0%    1.766    0.196    60.0%     0.0%   2.1268  -0.0040     6.3%
   468     7.2s    0.0101   100.0%   100.0%   100.0%       0%/100%/0%    1.604    0.080     0.0%     0.0%   1.1286   0.0089     3.4%
   469     8.4s    0.0066    95.0%    95.0%    95.0%       0%/100%/0%    1.658    0.069     5.0%     0.0%   1.4345   0.0116     3.1%
   470     7.8s    0.0086    95.0%    95.0%    98.5%       0%/100%/0%    1.663    0.097     5.0%     0.0%   1.3391   0.0142     3.1%
  [MA20] reward=0.0094 task_sr=93.8% miss=6.2% time_limit=0.0% v2v=0.1%
  [RWRD] r_prog=0.0334 r_term=0.0530 r_illegal=0.0000
  [PPO ] p_loss=-0.0183 v_loss=0.1314 entropy=1.3391 grad=3.2517 active=100.0%
  [SIM ] avg_power(a)=0.5431 rsu_q=10.087 tx=193 no_tx=0 deadlock=0 svc=0.000GHz idle=0.0%
   471     4.0s    0.0085    95.0%    95.0%    95.4%       0%/100%/0%    0.802    0.053     5.0%     0.0%   1.5050   0.0040     4.8%
   472     3.3s    0.0149   100.0%   100.0%   100.0%       0%/100%/0%    0.836    0.098     0.0%     0.0%   1.1620  -0.0016     4.0%
   473    18.6s    0.0038    50.0%    50.0%    75.2%       0%/100%/0%    1.908    0.200    50.0%     0.0%   1.9072   0.0168    12.1%
   474     8.0s    0.0095   100.0%   100.0%   100.0%       0%/100%/0%    1.684    0.099     0.0%     0.0%   1.2649   0.0021     3.1%
   475    12.8s    0.0082   100.0%   100.0%   100.0%       0%/100%/0%    2.271    0.077     0.0%     0.0%   1.3968   0.0105     3.5%
   476     7.3s    0.0102   100.0%   100.0%   100.0%       0%/100%/0%    1.714    0.132     0.0%     0.0%   1.1073   0.0138     2.7%
   477     3.0s    0.0135   100.0%   100.0%   100.0%       0%/100%/0%    0.815    0.074     0.0%     0.0%   1.0379   0.0003     3.0%
   478     7.3s    0.0106   100.0%   100.0%   100.0%       0%/100%/0%    1.590    0.070     0.0%     0.0%   1.2229   0.0037     2.6%
   479     8.0s    0.0081   100.0%   100.0%   100.0%       0%/100%/0%    1.806    0.116     0.0%     0.0%   1.3005   0.0025     4.1%
   480     7.4s    0.0108   100.0%   100.0%   100.0%       0%/100%/0%    1.681    0.112     0.0%     0.0%   1.1677   0.0159     5.0%
  [MA20] reward=0.0092 task_sr=92.0% miss=8.0% time_limit=0.0% v2v=0.0%
  [RWRD] r_prog=0.0387 r_term=0.0692 r_illegal=0.0000
  [PPO ] p_loss=-0.0110 v_loss=0.0763 entropy=1.1677 grad=1.1310 active=100.0%
  [SIM ] avg_power(a)=0.5845 rsu_q=11.632 tx=199 no_tx=0 deadlock=0 svc=0.000GHz idle=0.0%

    Ep    Wall    R/step     T_SR     V_SR     S_SR            L/R/V   Lat(s)       En     Miss      Ill      Ent       KL     Clip
--------------------------------------------------------------------------------------------------------------------------------
   481    11.5s    0.0069    90.0%    90.0%    96.2%       0%/100%/0%    1.782    0.134    10.0%     0.0%   1.6184   0.0118     7.0%
   482     4.5s    0.0076    90.0%    90.0%    95.6%       0%/100%/0%    0.945    0.086    10.0%     0.0%   1.4609   0.0068     5.8%
   483     9.1s    0.0080    95.0%    95.0%    99.5%       0%/100%/0%    1.813    0.099     5.0%     0.0%   1.3724   0.0019     4.7%
   484     6.8s    0.0083   100.0%   100.0%   100.0%       0%/100%/0%    1.555    0.081     0.0%     0.0%   1.3554   0.0070     5.5%
   485     5.3s    0.0086    95.0%    95.0%    95.7%       0%/100%/0%    1.022    0.095     5.0%     0.0%   1.4597   0.0163     4.6%
   486    12.1s    0.0074   100.0%   100.0%   100.0%       0%/100%/0%    2.414    0.108     0.0%     0.0%   1.1923   0.0021     4.6%
   487     6.9s    0.0104   100.0%   100.0%   100.0%       0%/100%/0%    1.632    0.096     0.0%     0.0%   1.2001   0.0062     3.8%
   488     3.7s    0.0137   100.0%   100.0%   100.0%       0%/100%/0%    0.857    0.075     0.0%     0.0%   1.2067   0.0012     4.3%
   489    14.2s    0.0063    90.0%    90.0%    96.1%       0%/100%/0%    2.278    0.104    10.0%     0.0%   1.5090   0.0036     6.6%
   490     7.0s    0.0107   100.0%   100.0%   100.0%       0%/100%/0%    1.635    0.069     0.0%     0.0%   1.1195   0.0032     3.4%
  [MA20] reward=0.0093 task_sr=95.2% miss=4.8% time_limit=0.0% v2v=0.0%
  [RWRD] r_prog=0.0398 r_term=0.0674 r_illegal=0.0000
  [PPO ] p_loss=0.0099 v_loss=0.0608 entropy=1.1195 grad=3.4385 active=100.0%
  [SIM ] avg_power(a)=0.5375 rsu_q=12.300 tx=200 no_tx=0 deadlock=0 svc=0.000GHz idle=0.0%
   491     9.4s    0.0066    90.0%    90.0%    98.0%       0%/100%/0%    1.659    0.073    10.0%     0.0%   1.5310   0.0092     5.9%
   492    12.7s    0.0070   100.0%   100.0%   100.0%       0%/100%/0%    2.380    0.104     0.0%     0.0%   1.3384   0.0171     5.5%
   493     2.9s    0.0157   100.0%   100.0%   100.0%       0%/100%/0%    0.820    0.069     0.0%     0.0%   0.9906   0.0044     4.0%
   494    10.8s    0.0070    90.0%    90.0%    96.5%       0%/100%/0%    1.900    0.096    10.0%     0.0%   1.5439   0.0090     7.5%
   495     2.7s    0.0172   100.0%   100.0%   100.0%       0%/100%/0%    0.741    0.062     0.0%     0.0%   1.0720  -0.0015     4.6%
   496    15.0s    0.0034    45.0%    45.0%    70.2%       0%/100%/0%    1.728    0.173    55.0%     0.0%   1.8130   0.0145     9.1%
   497     7.1s    0.0104   100.0%   100.0%   100.0%       0%/100%/0%    1.579    0.049     0.0%     0.0%   1.3127   0.0012     6.7%
   498     8.2s    0.0086    95.0%    95.0%    97.7%       0%/100%/0%    1.425    0.160     5.0%     0.0%   2.0152   0.0101    11.0%
   499     7.9s    0.0082   100.0%   100.0%   100.0%       0%/100%/0%    1.714    0.077     0.0%     0.0%   1.2470   0.0124     5.9%
   500     9.1s    0.0093   100.0%   100.0%   100.0%       0%/100%/0%    1.767    0.078     0.0%     0.0%   1.3593   0.0163     5.6%
  [MA20] reward=0.0091 task_sr=94.0% miss=6.0% time_limit=0.0% v2v=0.0%
  [RWRD] r_prog=0.0393 r_term=0.0540 r_illegal=0.0000
  [PPO ] p_loss=0.0279 v_loss=0.0403 entropy=1.3593 grad=1.6289 active=100.0%
  [SIM ] avg_power(a)=0.5072 rsu_q=11.708 tx=207 no_tx=0 deadlock=0 svc=0.000GHz idle=0.0%
  [Checkpoint] saved: ep0500.pth

    Ep    Wall    R/step     T_SR     V_SR     S_SR            L/R/V   Lat(s)       En     Miss      Ill      Ent       KL     Clip
--------------------------------------------------------------------------------------------------------------------------------
   501     3.0s    0.0188   100.0%   100.0%   100.0%       0%/100%/0%    0.770    0.071     0.0%     0.0%   0.9307   0.0130     4.3%
   502    13.5s    0.0071   100.0%   100.0%   100.0%       0%/100%/0%    2.467    0.092     0.0%     0.0%   1.1531   0.0105     5.0%
   503     8.2s    0.0074    90.0%    90.0%    93.8%       0%/100%/0%    1.564    0.083    10.0%     0.0%   1.3683   0.0060     4.5%
   504     4.3s    0.0084    95.0%    95.0%    97.9%       0%/100%/0%    0.884    0.051     5.0%     0.0%   1.5591   0.0173     4.1%
   505     4.6s    0.0075    95.0%    95.0%    95.5%       0%/100%/0%    0.850    0.033     5.0%     0.0%   1.6060   0.0071     3.4%
   506    12.5s    0.0061    90.0%    90.0%    96.4%       0%/100%/0%    2.419    0.086    10.0%     0.0%   1.3978   0.0100     6.4%
   507     7.3s    0.0091   100.0%   100.0%   100.0%       0%/100%/0%    1.727    0.072     0.0%     0.0%   1.1721   0.0043     4.3%
   508     3.1s    0.0126   100.0%   100.0%   100.0%       0%/100%/0%    0.872    0.076     0.0%     0.0%   1.2263   0.0155     3.8%
   509     7.7s    0.0081   100.0%   100.0%   100.0%       0%/100%/0%    1.570    0.060     0.0%     0.0%   1.3413   0.0026     4.8%
   510     7.8s    0.0092   100.0%   100.0%   100.0%       0%/100%/0%    1.651    0.077     0.0%     0.0%   1.1862   0.0088     3.4%
  [MA20] reward=0.0094 task_sr=94.5% miss=5.5% time_limit=0.0% v2v=0.0%
  [RWRD] r_prog=0.0329 r_term=0.0586 r_illegal=0.0000
  [PPO ] p_loss=-0.0105 v_loss=0.0176 entropy=1.1862 grad=0.5611 active=100.0%
  [SIM ] avg_power(a)=0.4891 rsu_q=8.826 tx=204 no_tx=0 deadlock=0 svc=0.000GHz idle=0.0%
   511     5.0s    0.0125   100.0%   100.0%   100.0%        1%/99%/1%    1.072    0.090     0.0%     0.0%   1.4049   0.0067     5.9%
   512    13.8s    0.0060    95.0%    95.0%   100.0%        0%/99%/1%    2.580    0.071     5.0%     0.0%   1.3012   0.0093     3.4%
   513     9.9s    0.0058    85.0%    85.0%    88.2%       0%/100%/0%    1.674    0.084    15.0%     0.0%   1.4715   0.0051     5.1%
   514     7.9s    0.0073    95.0%    95.0%    98.5%        0%/98%/2%    1.690    0.084     5.0%     0.0%   1.3576   0.0197     5.5%
   515    13.8s    0.0069    95.0%    95.0%    97.6%        0%/93%/6%    2.497    0.119     5.0%     0.0%   1.2560   0.0278     6.7%
   516    11.2s    0.0080   100.0%   100.0%   100.0%        0%/98%/2%    2.110    0.068     0.0%     0.0%   1.4237   0.0008     5.5%
   517     2.8s    0.0169   100.0%   100.0%   100.0%        0%/98%/2%    0.784    0.044     0.0%     0.0%   1.1154   0.0232     4.5%
   518     8.2s    0.0065    90.0%    90.0%    94.5%       0%/90%/10%    1.712    0.088    10.0%     0.0%   1.3699   0.0255     8.7%
   519    14.6s    0.0045    75.0%    75.0%    90.5%        0%/96%/3%    2.221    0.083    25.0%     0.0%   1.3673   0.0219     7.2%
   520    16.3s    0.0050    75.0%    75.0%    92.4%       0%/100%/0%    2.374    0.107    25.0%     0.0%   1.3923   0.0098     4.5%
  [MA20] reward=0.0087 task_sr=94.0% miss=6.0% time_limit=0.0% v2v=1.4%
  [RWRD] r_prog=0.0287 r_term=0.0214 r_illegal=0.0000
  [PPO ] p_loss=-0.0070 v_loss=0.2831 entropy=1.3923 grad=3.3820 active=100.0%
  [SIM ] avg_power(a)=0.5125 rsu_q=10.529 tx=236 no_tx=0 deadlock=0 svc=0.000GHz idle=0.0%

    Ep    Wall    R/step     T_SR     V_SR     S_SR            L/R/V   Lat(s)       En     Miss      Ill      Ent       KL     Clip
--------------------------------------------------------------------------------------------------------------------------------
   521     7.9s    0.0098    95.0%    95.0%    99.2%       0%/100%/0%    1.229    0.109     5.0%     0.0%   2.0505   0.0132     4.0%
   522    13.4s    0.0060    95.0%    95.0%    97.7%        0%/97%/3%    2.488    0.076     5.0%     0.0%   1.3393   0.0036     4.4%
   523    17.3s    0.0045    50.0%    50.0%    79.7%        0%/98%/2%    1.922    0.162    50.0%     0.0%   1.9588   0.0009     5.8%
   524     9.4s    0.0067    90.0%    90.0%    92.3%       0%/100%/0%    1.591    0.067    10.0%     0.0%   1.4033   0.0048     4.1%
   525     7.5s    0.0097   100.0%   100.0%   100.0%       0%/100%/0%    1.645    0.093     0.0%     0.0%   1.1765  -0.0011     3.3%
   526     7.1s    0.0101   100.0%   100.0%   100.0%       0%/100%/0%    1.549    0.056     0.0%     0.0%   1.2832  -0.0021     2.0%
   527     6.9s    0.0110   100.0%   100.0%   100.0%       0%/100%/0%    1.442    0.047     0.0%     0.0%   1.2772  -0.0009     2.7%
   528    12.5s    0.0061   100.0%   100.0%   100.0%       0%/100%/0%    2.390    0.072     0.0%     0.0%   1.3077   0.0093     3.8%
   529     7.0s    0.0099   100.0%   100.0%   100.0%       0%/100%/0%    1.560    0.057     0.0%     0.0%   1.2570   0.0070     3.3%
   530     3.4s    0.0131   100.0%   100.0%   100.0%        0%/99%/1%    0.852    0.067     0.0%     0.0%   1.2650   0.0129     3.9%
  [MA20] reward=0.0083 task_sr=92.0% miss=8.0% time_limit=0.0% v2v=1.7%
  [RWRD] r_prog=0.0259 r_term=0.1054 r_illegal=0.0000
  [PPO ] p_loss=0.0027 v_loss=0.0152 entropy=1.2650 grad=0.7930 active=100.0%
  [SIM ] avg_power(a)=0.5000 rsu_q=3.400 tx=124 no_tx=0 deadlock=0 svc=0.000GHz idle=0.0%
   531     7.3s    0.0091   100.0%   100.0%   100.0%       0%/100%/0%    1.509    0.064     0.0%     0.0%   1.3455   0.0105     4.4%
   532     7.0s    0.0115   100.0%   100.0%   100.0%       0%/100%/0%    1.425    0.060     0.0%     0.0%   1.2133   0.0019     3.4%
   533     8.5s    0.0087    95.0%    95.0%    97.0%       0%/100%/0%    1.595    0.088     5.0%     0.0%   1.3143   0.0106     5.9%
   534     7.1s    0.0082   100.0%   100.0%   100.0%       0%/100%/0%    1.667    0.055     0.0%     0.0%   1.3152   0.0121     3.7%
   535    18.1s    0.0042    50.0%    50.0%    88.2%       0%/100%/0%    2.010    0.166    50.0%     0.0%   1.9758   0.0128     6.7%
   536     9.8s    0.0078    95.0%    95.0%    94.8%       0%/100%/0%    1.685    0.093     5.0%     0.0%   1.5197   0.0056     3.8%
   537    12.3s    0.0065   100.0%   100.0%   100.0%       0%/100%/0%    2.482    0.084     0.0%     0.0%   1.2412   0.0138     3.9%
   538    10.5s    0.0072    90.0%    90.0%    93.1%        0%/99%/1%    1.743    0.096    10.0%     0.0%   1.4685   0.0059     5.2%
   539     7.6s    0.0092   100.0%   100.0%   100.0%       0%/100%/0%    1.648    0.066     0.0%     0.0%   1.2659  -0.0009     4.3%
   540     7.6s    0.0097   100.0%   100.0%   100.0%       0%/100%/0%    1.262    0.127     0.0%     0.0%   2.0633   0.0112     5.5%
  [MA20] reward=0.0084 task_sr=93.0% miss=7.0% time_limit=0.0% v2v=0.3%
  [RWRD] r_prog=0.0264 r_term=0.0702 r_illegal=0.0000
  [PPO ] p_loss=0.0123 v_loss=0.0459 entropy=2.0633 grad=5.2571 active=100.0%
  [SIM ] avg_power(a)=0.5202 rsu_q=1.750 tx=142 no_tx=0 deadlock=0 svc=0.000GHz idle=0.0%

    Ep    Wall    R/step     T_SR     V_SR     S_SR            L/R/V   Lat(s)       En     Miss      Ill      Ent       KL     Clip
--------------------------------------------------------------------------------------------------------------------------------
   541    15.5s    0.0046    60.0%    60.0%    94.6%       0%/100%/0%    2.381    0.111    40.0%     0.0%   1.3310   0.0091     4.5%
   542     3.0s    0.0150   100.0%   100.0%   100.0%       0%/100%/0%    0.794    0.071     0.0%     0.0%   1.1764   0.0116     3.0%
   543     7.6s    0.0085   100.0%   100.0%   100.0%       0%/100%/0%    1.671    0.066     0.0%     0.0%   1.3902   0.0056     3.9%
   544     7.7s    0.0086   100.0%   100.0%   100.0%       0%/100%/0%    1.727    0.070     0.0%     0.0%   1.3935   0.0116     3.8%
   545     9.5s    0.0083    90.0%    90.0%    96.3%        1%/95%/5%    1.384    0.125    10.0%     0.0%   2.1126  -0.0007     7.2%
   546     8.2s    0.0107   100.0%   100.0%   100.0%       0%/100%/0%    1.623    0.074     0.0%     0.0%   1.2721   0.0058     5.6%
   547     3.3s    0.0160   100.0%   100.0%   100.0%       0%/100%/0%    0.906    0.126     0.0%     0.0%   1.0350   0.0111     5.5%
   548     3.8s    0.0088    95.0%    95.0%    96.9%        0%/99%/1%    0.868    0.060     5.0%     0.0%   1.3900   0.0100     7.1%
   549    12.6s    0.0059    95.0%    95.0%    94.4%       0%/100%/0%    2.425    0.111     5.0%     0.0%   1.3057   0.0112     5.7%
   550     7.5s    0.0070    95.0%    95.0%    98.5%       0%/100%/0%    1.663    0.074     5.0%     0.0%   1.2600   0.0072     3.2%
  [MA20] reward=0.0088 task_sr=93.2% miss=6.8% time_limit=0.0% v2v=0.3%
  [RWRD] r_prog=0.0246 r_term=0.0451 r_illegal=0.0000
  [PPO ] p_loss=-0.0034 v_loss=0.1125 entropy=1.2600 grad=1.1955 active=100.0%
  [SIM ] avg_power(a)=0.5248 rsu_q=7.778 tx=197 no_tx=0 deadlock=0 svc=0.000GHz idle=0.0%
   551     4.6s    0.0083    90.0%    90.0%    91.4%       0%/100%/0%    0.949    0.067    10.0%     0.0%   1.3549   0.0147     4.8%
   552     9.2s    0.0080    90.0%    90.0%    95.4%       0%/100%/0%    1.406    0.161    10.0%     0.0%   2.0169   0.0085     4.5%
   553     4.1s    0.0080    95.0%    95.0%    96.9%        0%/99%/1%    0.861    0.046     5.0%     0.0%   1.6658   0.0113     5.4%
   554     7.9s    0.0100   100.0%   100.0%   100.0%       0%/100%/0%    1.668    0.067     0.0%     0.0%   1.1854   0.0026     4.0%
   555     7.8s    0.0071    85.0%    85.0%    92.9%       0%/100%/0%    1.172    0.157    15.0%     0.0%   2.1124   0.0136     7.4%
   556    12.4s    0.0077    90.0%    90.0%    95.2%       0%/100%/0%    1.901    0.114    10.0%     0.0%   1.5124   0.0101     6.4%
   557     7.4s    0.0099   100.0%   100.0%   100.0%       0%/100%/0%    1.623    0.051     0.0%     0.0%   1.3046   0.0180     3.2%
   558     7.2s    0.0096   100.0%   100.0%   100.0%       0%/100%/0%    1.577    0.048     0.0%     0.0%   1.2523   0.0038     3.6%
   559     3.5s    0.0162   100.0%   100.0%   100.0%       0%/100%/0%    0.854    0.080     0.0%     0.0%   1.1427   0.0099     4.5%
   560     9.2s    0.0067    85.0%    85.0%    96.5%       0%/100%/0%    1.393    0.127    15.0%     0.0%   2.0743   0.0105     8.4%
  [MA20] reward=0.0093 task_sr=93.5% miss=6.5% time_limit=0.0% v2v=0.3%
  [RWRD] r_prog=0.0265 r_term=0.0408 r_illegal=0.0000
  [PPO ] p_loss=0.0254 v_loss=0.5345 entropy=2.0743 grad=9.3340 active=100.0%
  [SIM ] avg_power(a)=0.5250 rsu_q=2.167 tx=141 no_tx=0 deadlock=0 svc=0.000GHz idle=0.0%

    Ep    Wall    R/step     T_SR     V_SR     S_SR            L/R/V   Lat(s)       En     Miss      Ill      Ent       KL     Clip
--------------------------------------------------------------------------------------------------------------------------------
   561     8.4s    0.0088   100.0%   100.0%   100.0%       0%/100%/0%    1.740    0.088     0.0%     0.0%   1.2909   0.0051     5.9%
   562     3.2s    0.0158   100.0%   100.0%   100.0%       0%/100%/0%    0.819    0.080     0.0%     0.0%   0.9971  -0.0024     4.8%
   563     7.3s    0.0070    95.0%    95.0%    99.5%       0%/100%/0%    1.706    0.083     5.0%     0.0%   1.2975   0.0091     7.1%
   564     8.2s    0.0078   100.0%   100.0%   100.0%       0%/100%/0%    1.728    0.060     0.0%     0.0%   1.3333   0.0129     5.0%
   565     3.3s    0.0157   100.0%   100.0%   100.0%       0%/100%/0%    0.804    0.069     0.0%     0.0%   1.2098   0.0070     5.5%
   566    13.8s    0.0054    90.0%    90.0%   100.0%       0%/100%/0%    2.530    0.075    10.0%     0.0%   1.4065   0.0095     8.6%
   567     7.1s    0.0095   100.0%   100.0%   100.0%       0%/100%/0%    1.762    0.072     0.0%     0.0%   1.0583   0.0039     5.9%
   568     6.8s    0.0089   100.0%   100.0%   100.0%       0%/100%/0%    1.655    0.086     0.0%     0.0%   1.2738   0.0036     6.9%
   569     8.2s    0.0080    95.0%    95.0%    95.2%       0%/100%/0%    1.679    0.076     5.0%     0.0%   1.3780   0.0256     7.3%
   570     6.6s    0.0095   100.0%   100.0%   100.0%       0%/100%/0%    1.532    0.066     0.0%     0.0%   1.2690   0.0077     5.1%
  [MA20] reward=0.0094 task_sr=95.7% miss=4.2% time_limit=0.0% v2v=0.0%
  [RWRD] r_prog=0.0287 r_term=0.0660 r_illegal=0.0000
  [PPO ] p_loss=-0.0112 v_loss=0.0310 entropy=1.2690 grad=2.7815 active=100.0%
  [SIM ] avg_power(a)=0.5268 rsu_q=7.571 tx=196 no_tx=0 deadlock=0 svc=0.000GHz idle=0.0%
   571     2.9s    0.0157   100.0%   100.0%   100.0%       0%/100%/0%    0.759    0.058     0.0%     0.0%   1.1684   0.0175     7.0%
   572     8.2s    0.0088    95.0%    95.0%    97.4%       0%/100%/0%    1.662    0.086     5.0%     0.0%   1.3392   0.0007     6.6%
   573    12.0s    0.0061    95.0%    95.0%    99.6%       0%/100%/0%    2.345    0.068     5.0%     0.0%   1.2973   0.0085     6.3%
   574    11.8s    0.0068   100.0%   100.0%   100.0%       0%/100%/0%    2.432    0.089     0.0%     0.0%   1.2478   0.0077     5.9%
   575     8.0s    0.0087   100.0%   100.0%   100.0%       0%/100%/0%    1.707    0.065     0.0%     0.0%   1.4347   0.0086     5.5%
   576     7.3s    0.0086   100.0%   100.0%   100.0%       0%/100%/0%    1.729    0.077     0.0%     0.0%   1.3612   0.0107     4.8%
   577     3.1s    0.0156   100.0%   100.0%   100.0%       0%/100%/0%    0.870    0.081     0.0%     0.0%   1.0778   0.0023     3.3%
   578     2.8s    0.0172   100.0%   100.0%   100.0%       0%/100%/0%    0.760    0.064     0.0%     0.0%   1.0613   0.0003     2.2%
   579    12.2s    0.0078   100.0%   100.0%   100.0%       0%/100%/0%    2.283    0.062     0.0%     0.0%   1.4571   0.0100     2.9%
   580     7.9s    0.0088    95.0%    95.0%   100.0%       0%/100%/0%    1.697    0.071     5.0%     0.0%   1.2906   0.0064     3.8%
  [MA20] reward=0.0100 task_sr=98.2% miss=1.8% time_limit=0.0% v2v=0.0%
  [RWRD] r_prog=0.0365 r_term=0.0515 r_illegal=0.0000
  [PPO ] p_loss=-0.0118 v_loss=0.1345 entropy=1.2906 grad=1.6719 active=100.0%
  [SIM ] avg_power(a)=0.5306 rsu_q=9.750 tx=209 no_tx=0 deadlock=0 svc=0.000GHz idle=0.0%

    Ep    Wall    R/step     T_SR     V_SR     S_SR            L/R/V   Lat(s)       En     Miss      Ill      Ent       KL     Clip
--------------------------------------------------------------------------------------------------------------------------------
   581    10.2s    0.0069    90.0%    90.0%    95.6%       0%/100%/0%    1.788    0.084    10.0%     0.0%   1.4404   0.0136     3.2%
   582     7.5s    0.0108   100.0%   100.0%   100.0%       0%/100%/0%    1.448    0.055     0.0%     0.0%   1.2700   0.0033     2.0%
   583     4.7s    0.0145   100.0%   100.0%   100.0%       0%/100%/0%    0.961    0.135     0.0%     0.0%   1.4138 9.84e-05     3.7%
   584    10.0s    0.0068    90.0%    90.0%    91.3%       0%/100%/0%    1.617    0.093    10.0%     0.0%   1.6748   0.0110     4.1%
   585     3.5s    0.0128   100.0%   100.0%   100.0%       0%/100%/0%    0.853    0.071     0.0%     0.0%   1.3709   0.0021     5.2%
   586     2.5s    0.0190   100.0%   100.0%   100.0%       0%/100%/0%    0.715    0.053     0.0%     0.0%   1.0724   0.0065     3.5%
   587     3.9s    0.0083    95.0%    95.0%    95.5%       0%/100%/0%    0.910    0.063     5.0%     0.0%   1.4629   0.0052     3.5%
   588    16.6s    0.0054    85.0%    85.0%    96.5%       0%/100%/0%    2.423    0.123    15.0%     0.0%   1.5010   0.0130     4.0%
   589     3.0s    0.0146   100.0%   100.0%   100.0%       0%/100%/0%    0.803    0.056     0.0%     0.0%   1.2302   0.0078     3.2%
   590     7.4s    0.0100   100.0%   100.0%   100.0%       0%/100%/0%    1.617    0.073     0.0%     0.0%   1.3229   0.0047     2.7%
  [MA20] reward=0.0107 task_sr=97.3% miss=2.7% time_limit=0.0% v2v=0.0%
  [RWRD] r_prog=0.0390 r_term=0.0615 r_illegal=0.0000
  [PPO ] p_loss=0.0404 v_loss=0.0347 entropy=1.3229 grad=2.5573 active=100.0%
  [SIM ] avg_power(a)=0.5429 rsu_q=10.591 tx=202 no_tx=0 deadlock=0 svc=0.000GHz idle=0.0%
   591    25.2s    0.0030    55.0%    55.0%    81.2%       0%/100%/0%    2.664    0.167    45.0%     0.0%   1.9153   0.0126     4.3%
   592     2.9s    0.0175   100.0%   100.0%   100.0%       0%/100%/0%    0.790    0.079     0.0%     0.0%   0.9994   0.0138     2.7%
   593    13.7s    0.0069    95.0%    95.0%    94.0%       0%/100%/0%    2.352    0.099     0.0%     0.0%   1.4222   0.0059     2.5%
   594    16.3s    0.0058    95.0%    95.0%    98.9%       0%/100%/0%    2.476    0.071     5.0%     0.0%   1.5129   0.0162     3.4%
   595     8.2s    0.0071    95.0%    95.0%    98.5%       0%/100%/0%    1.667    0.088     5.0%     0.0%   1.4000   0.0071     3.4%
   596     8.8s    0.0079    95.0%    95.0%    99.5%       0%/100%/0%    1.773    0.083     5.0%     0.0%   1.4092   0.0052     2.3%
   597     7.0s    0.0106   100.0%   100.0%   100.0%       0%/100%/0%    1.539    0.068     0.0%     0.0%   1.2527   0.0128     2.9%
   598     7.7s    0.0069    95.0%    95.0%    96.6%       0%/100%/0%    1.645    0.072     5.0%     0.0%   1.4085   0.0038     2.6%
   599     7.2s    0.0092   100.0%   100.0%   100.0%       0%/100%/0%    1.780    0.086     0.0%     0.0%   1.1858   0.0059     3.4%
   600     3.0s    0.0173   100.0%   100.0%   100.0%       0%/100%/0%    0.779    0.058     0.0%     0.0%   1.0134   0.0055     2.7%
  [MA20] reward=0.0101 task_sr=94.5% miss=5.3% time_limit=0.0% v2v=0.0%
  [RWRD] r_prog=0.0255 r_term=0.1475 r_illegal=0.0000
  [PPO ] p_loss=-0.0114 v_loss=0.0087 entropy=1.0134 grad=0.9858 active=100.0%
  [SIM ] avg_power(a)=0.5016 rsu_q=2.818 tx=138 no_tx=0 deadlock=0 svc=0.000GHz idle=0.0%
  [Checkpoint] saved: ep0600.pth

    Ep    Wall    R/step     T_SR     V_SR     S_SR            L/R/V   Lat(s)       En     Miss      Ill      Ent       KL     Clip
--------------------------------------------------------------------------------------------------------------------------------
   601     9.3s    0.0078    95.0%    95.0%    97.1%       0%/100%/0%    1.735    0.070     5.0%     0.0%   1.4608   0.0107     4.7%
   602     8.2s    0.0078    95.0%    95.0%    99.0%       0%/100%/0%    1.661    0.068     5.0%     0.0%   1.3902   0.0112     5.5%
   603     8.4s    0.0072    90.0%    90.0%    97.0%        1%/99%/0%    1.720    0.083    10.0%     0.0%   1.4515   0.0200     6.4%
   604    14.1s    0.0066    95.0%    95.0%    97.7%       0%/100%/0%    2.552    0.075     5.0%     0.0%   1.4525   0.0037     4.6%
   605    15.1s    0.0051    90.0%    90.0%    92.7%       0%/100%/0%    2.258    0.087    10.0%     0.0%   1.4774   0.0109     5.6%
   606     6.8s    0.0095   100.0%   100.0%   100.0%       0%/100%/0%    1.522    0.064     0.0%     0.0%   1.2893   0.0104     5.6%
   607     6.7s    0.0084   100.0%   100.0%   100.0%        1%/99%/0%    1.584    0.049     0.0%     0.0%   1.3397   0.0021     4.8%
   608     7.2s    0.0107   100.0%   100.0%   100.0%        0%/98%/2%    1.216    0.111     0.0%     0.0%   1.9900   0.0096     7.0%
   609    13.0s    0.0058    95.0%    95.0%    94.7%        0%/99%/1%    2.268    0.061     5.0%     0.0%   1.4908   0.0004     6.6%
   610     7.3s    0.0106   100.0%   100.0%   100.0%        0%/99%/1%    1.562    0.051     0.0%     0.0%   1.3158   0.0126     5.0%
  [MA20] reward=0.0086 task_sr=94.5% miss=5.3% time_limit=0.0% v2v=0.2%
  [RWRD] r_prog=0.0406 r_term=0.0655 r_illegal=0.0000
  [PPO ] p_loss=0.0198 v_loss=0.0612 entropy=1.3158 grad=2.8718 active=100.0%
  [SIM ] avg_power(a)=0.4474 rsu_q=13.429 tx=196 no_tx=0 deadlock=0 svc=0.000GHz idle=0.0%
  → Best model saved: sr=0.963 miss=0.036 tl=0.000 cft=1.618 illegal=0.000
   611    13.2s    0.0047    70.0%    70.0%    91.2%        1%/99%/0%    1.760    0.082    30.0%     0.0%   1.9310  -0.0021     7.8%
   612     7.4s    0.0109   100.0%   100.0%   100.0%       0%/100%/0%    1.542    0.044     0.0%     0.0%   1.2512   0.0058     5.9%
   613     7.4s    0.0091   100.0%   100.0%   100.0%       0%/100%/0%    1.620    0.052     0.0%     0.0%   1.2974   0.0094     3.9%
   614     7.1s    0.0072    90.0%    90.0%    94.0%        0%/99%/1%    1.010    0.071    10.0%     0.0%   2.0225   0.0177     6.6%
   615     6.4s    0.0094   100.0%   100.0%   100.0%        0%/98%/2%    1.584    0.070     0.0%     0.0%   1.2514   0.0082     5.0%
   616    16.3s    0.0046    60.0%    60.0%    77.6%       0%/100%/0%    1.880    0.149    40.0%     0.0%   2.0245   0.0077     4.8%
   617    18.4s    0.0063    65.0%    65.0%    92.6%       0%/100%/0%    2.224    0.114    35.0%     0.0%   2.0204   0.0123     4.7%
   618     7.9s    0.0080    95.0%    95.0%    96.4%        1%/98%/1%    1.586    0.079     5.0%     0.0%   1.2847   0.0107     5.5%
   619     7.4s    0.0097   100.0%   100.0%   100.0%        0%/99%/0%    1.645    0.057     0.0%     0.0%   1.2933  -0.0027     5.7%
   620     7.3s    0.0103   100.0%   100.0%   100.0%       0%/100%/0%    1.607    0.059     0.0%     0.0%   1.3140   0.0020     3.2%
  [MA20] reward=0.0080 task_sr=92.0% miss=8.0% time_limit=0.0% v2v=0.4%
  [RWRD] r_prog=0.0388 r_term=0.0647 r_illegal=0.0000
  [PPO ] p_loss=-0.0194 v_loss=0.0566 entropy=1.3140 grad=2.0232 active=100.0%
  [SIM ] avg_power(a)=0.4743 rsu_q=12.238 tx=198 no_tx=0 deadlock=0 svc=0.000GHz idle=0.0%

    Ep    Wall    R/step     T_SR     V_SR     S_SR            L/R/V   Lat(s)       En     Miss      Ill      Ent       KL     Clip
--------------------------------------------------------------------------------------------------------------------------------
   621     2.8s    0.0162   100.0%   100.0%   100.0%       0%/100%/0%    0.798    0.084     0.0%     0.0%   1.0005   0.0011     4.0%
   622     8.0s    0.0080    95.0%    95.0%    96.5%       0%/100%/0%    1.660    0.084     5.0%     0.0%   1.2835   0.0151     4.0%
   623     8.0s    0.0063    90.0%    90.0%    90.3%       0%/100%/0%    1.640    0.062    10.0%     0.0%   1.4299   0.0141     3.3%
   624    12.6s    0.0056    80.0%    80.0%    93.4%       0%/100%/0%    1.983    0.128    20.0%     0.0%   1.7756   0.0045     5.5%
   625     7.4s    0.0121   100.0%   100.0%   100.0%       0%/100%/0%    1.519    0.039     0.0%     0.0%   1.1231   0.0029     3.8%
   626     7.9s    0.0082   100.0%   100.0%   100.0%       0%/100%/0%    1.760    0.085     0.0%     0.0%   1.2436   0.0119     2.9%
   627     7.3s    0.0100   100.0%   100.0%   100.0%       0%/100%/0%    1.569    0.067     0.0%     0.0%   1.1986   0.0039     4.4%
   628    17.4s    0.0031    45.0%    45.0%    71.1%       0%/100%/0%    1.613    0.186    55.0%     0.0%   2.0157   0.0139     6.7%
   629     2.9s    0.0137   100.0%   100.0%   100.0%        0%/99%/1%    0.790    0.059     0.0%     0.0%   1.1059   0.0018     3.8%
   630     8.3s    0.0087    95.0%    95.0%    99.5%       0%/100%/0%    1.671    0.065     5.0%     0.0%   1.3889   0.0090     3.6%
  [MA20] reward=0.0086 task_sr=89.2% miss=10.8% time_limit=0.0% v2v=0.2%
  [RWRD] r_prog=0.0365 r_term=0.0505 r_illegal=0.0000
  [PPO ] p_loss=-0.0309 v_loss=0.1448 entropy=1.3889 grad=5.2170 active=100.0%
  [SIM ] avg_power(a)=0.5047 rsu_q=10.375 tx=205 no_tx=0 deadlock=0 svc=0.000GHz idle=0.0%
   631    30.1s    0.0014    35.0%    35.0%    40.4%        0%/99%/1%    2.453    0.197    65.0%     0.0%   2.3341   0.0139     5.5%
   632     3.5s    0.0134   100.0%   100.0%   100.0%       0%/100%/0%    0.918    0.088     0.0%     0.0%   1.2970   0.0069     3.2%
   633    10.6s    0.0064    85.0%    85.0%    93.2%       0%/100%/0%    1.704    0.079    15.0%     0.0%   1.4282   0.0050     3.8%
   634    16.1s    0.0038    40.0%    40.0%    76.8%        1%/99%/0%    1.685    0.151    60.0%     0.0%   1.8599   0.0142     6.3%
   635    21.1s    0.0047    75.0%    75.0%    87.9%       0%/100%/0%    2.670    0.152    25.0%     0.0%   1.6586   0.0109     6.2%
   636     6.9s    0.0099   100.0%   100.0%   100.0%       0%/100%/0%    1.658    0.083     0.0%     0.0%   1.0956   0.0040     3.8%
   637    11.6s    0.0076    90.0%    90.0%    95.1%       0%/100%/0%    1.741    0.107    10.0%     0.0%   1.6823   0.0125     6.1%
   638    15.6s    0.0051    85.0%    85.0%    98.4%        1%/99%/0%    2.655    0.113    15.0%     0.0%   1.4204   0.0073     6.9%
   639     8.0s    0.0077    90.0%    90.0%    93.0%       0%/100%/0%    1.588    0.071    10.0%     0.0%   1.3942   0.0137     5.8%
   640     3.7s    0.0136   100.0%   100.0%   100.0%       0%/100%/0%    0.853    0.064     0.0%     0.0%   1.3255   0.0002     4.1%
  [MA20] reward=0.0083 task_sr=85.2% miss=14.8% time_limit=0.0% v2v=0.1%
  [RWRD] r_prog=0.0236 r_term=0.1125 r_illegal=0.0000
  [PPO ] p_loss=-0.0046 v_loss=0.0265 entropy=1.3255 grad=1.9221 active=100.0%
  [SIM ] avg_power(a)=0.4981 rsu_q=2.500 tx=134 no_tx=0 deadlock=0 svc=0.000GHz idle=0.0%

    Ep    Wall    R/step     T_SR     V_SR     S_SR            L/R/V   Lat(s)       En     Miss      Ill      Ent       KL     Clip
--------------------------------------------------------------------------------------------------------------------------------
   641     8.3s    0.0092   100.0%   100.0%   100.0%       0%/100%/0%    1.701    0.076     0.0%     0.0%   1.3243   0.0066     4.1%
   642     2.6s    0.0171   100.0%   100.0%   100.0%        1%/99%/0%    0.778    0.054     0.0%     0.0%   1.0685   0.0088     4.7%
   643     6.8s    0.0099   100.0%   100.0%   100.0%       0%/100%/0%    1.571    0.063     0.0%     0.0%   1.2429   0.0144     3.7%
   644    10.1s    0.0097   100.0%   100.0%   100.0%       0%/100%/0%    1.777    0.050     0.0%     0.0%   1.5619   0.0095     4.8%
   645     7.4s    0.0080    95.0%    95.0%    99.5%        1%/99%/0%    1.737    0.089     5.0%     0.0%   1.2427   0.0036     3.8%
   646     2.8s    0.0160   100.0%   100.0%   100.0%       0%/100%/0%    0.817    0.067     0.0%     0.0%   1.0250   0.0147     4.5%
   647     6.9s    0.0087   100.0%   100.0%   100.0%        0%/99%/1%    1.601    0.057     0.0%     0.0%   1.3740   0.0148     4.2%
   648     7.2s    0.0104   100.0%   100.0%   100.0%       0%/100%/0%    1.525    0.041     0.0%     0.0%   1.2180   0.0043     3.0%
   649    16.3s    0.0045    60.0%    60.0%    80.9%        0%/99%/1%    1.780    0.170    40.0%     0.0%   1.9307   0.0077     5.6%
   650     7.3s    0.0080    90.0%    90.0%    94.6%        1%/99%/0%    1.110    0.092    10.0%     0.0%   2.0615   0.0055     6.8%
  [MA20] reward=0.0087 task_sr=87.2% miss=12.8% time_limit=0.0% v2v=0.1%
  [RWRD] r_prog=0.0222 r_term=0.0578 r_illegal=0.0000
  [PPO ] p_loss=0.0171 v_loss=0.1791 entropy=2.0615 grad=3.2734 active=100.0%
  [SIM ] avg_power(a)=0.5188 rsu_q=1.952 tx=125 no_tx=1 deadlock=0 svc=0.000GHz idle=0.0%
   651     3.1s    0.0157   100.0%   100.0%   100.0%       0%/100%/0%    0.791    0.055     0.0%     0.0%   1.1694  -0.0003     4.3%
   652    27.0s    0.0040    70.0%    70.0%    75.7%       0%/100%/0%    2.737    0.134    30.0%     0.0%   1.8762   0.0147     4.4%
   653    12.5s    0.0055    90.0%    90.0%    99.2%       0%/100%/0%    2.324    0.037    10.0%     0.0%   1.4673  -0.0007     4.2%
   654     9.6s    0.0083   100.0%   100.0%   100.0%       0%/100%/0%    1.750    0.053     0.0%     0.0%   1.5596  -0.0019     4.1%
   655     8.7s    0.0084   100.0%   100.0%   100.0%       0%/100%/0%    1.747    0.061     0.0%     0.0%   1.4066   0.0022     4.1%
   656     4.3s    0.0120   100.0%   100.0%   100.0%       0%/100%/0%    0.966    0.076     0.0%     0.0%   1.2976   0.0091     5.2%
   657     3.0s    0.0175   100.0%   100.0%   100.0%       0%/100%/0%    0.826    0.110     0.0%     0.0%   0.9334   0.0090     3.6%
   658     3.2s    0.0160   100.0%   100.0%   100.0%       0%/100%/0%    0.804    0.060     0.0%     0.0%   1.2262   0.0108     3.6%
   659     6.2s    0.0082    90.0%    90.0%    92.5%       0%/100%/0%    1.093    0.074    10.0%     0.0%   1.7498   0.0109     3.9%
   660     3.9s    0.0127   100.0%   100.0%   100.0%       0%/100%/0%    0.909    0.072     0.0%     0.0%   1.3911   0.0051     4.4%
  [MA20] reward=0.0105 task_sr=94.8% miss=5.3% time_limit=0.0% v2v=0.1%
  [RWRD] r_prog=0.0239 r_term=0.1034 r_illegal=0.0000
  [PPO ] p_loss=0.0099 v_loss=0.0125 entropy=1.3911 grad=1.0801 active=100.0%
  [SIM ] avg_power(a)=0.4657 rsu_q=1.867 tx=131 no_tx=0 deadlock=0 svc=0.000GHz idle=0.0%

    Ep    Wall    R/step     T_SR     V_SR     S_SR            L/R/V   Lat(s)       En     Miss      Ill      Ent       KL     Clip
--------------------------------------------------------------------------------------------------------------------------------
   661     3.2s    0.0136   100.0%   100.0%   100.0%       0%/100%/0%    0.835    0.055     0.0%     0.0%   1.0770  -0.0017     3.6%
   662    14.1s    0.0051    80.0%    80.0%    92.0%       0%/100%/0%    2.457    0.072    20.0%     0.0%   1.2984   0.0033     4.6%
   663    15.7s    0.0043    55.0%    55.0%    65.3%       0%/100%/0%    1.818    0.161    45.0%     0.0%   1.8916   0.0068     7.2%
   664    15.3s    0.0043    60.0%    60.0%    80.5%       0%/100%/0%    1.869    0.138    40.0%     0.0%   1.7926   0.0153     5.0%
   665    12.2s    0.0073    95.0%    95.0%    98.0%       0%/100%/0%    1.945    0.089     5.0%     0.0%   1.6255   0.0201     5.2%
   666     2.8s    0.0148   100.0%   100.0%   100.0%       0%/100%/0%    0.766    0.067     0.0%     0.0%   1.1876   0.0065     5.2%
   667    10.5s    0.0077    90.0%    90.0%    92.1%       0%/100%/0%    1.462    0.108    10.0%     0.0%   2.0676   0.0052     7.4%
   668     9.2s    0.0068    90.0%    90.0%    97.9%       0%/100%/0%    1.736    0.095    10.0%     0.0%   1.4876   0.0119     5.7%
   669    30.3s    0.0016    25.0%    25.0%    58.6%        1%/99%/0%    2.155    0.195    75.0%     0.0%   2.1939   0.0196     8.1%
   670    11.3s    0.0076    95.0%    95.0%    99.0%       0%/100%/0%    2.031    0.114     5.0%     0.0%   1.3491   0.0092     4.4%
  [MA20] reward=0.0091 task_sr=87.0% miss=13.0% time_limit=0.0% v2v=0.0%
  [RWRD] r_prog=0.0340 r_term=0.0418 r_illegal=0.0000
  [PPO ] p_loss=0.0005 v_loss=0.5135 entropy=1.3491 grad=24.8244 active=100.0%
  [SIM ] avg_power(a)=0.4643 rsu_q=9.500 tx=205 no_tx=0 deadlock=0 svc=0.000GHz idle=0.0%
   671     6.5s    0.0102   100.0%   100.0%   100.0%       0%/100%/0%    1.548    0.058     0.0%     0.0%   1.2619  -0.0031     4.0%
   672    12.2s    0.0079   100.0%   100.0%   100.0%       0%/100%/0%    2.196    0.065     0.0%     0.0%   1.4485   0.0032     3.9%
   673    10.0s    0.0067    85.0%    85.0%    95.9%        1%/99%/0%    1.685    0.081    15.0%     0.0%   1.4542   0.0083     5.7%
   674     7.3s    0.0102   100.0%   100.0%   100.0%       0%/100%/0%    1.621    0.087     0.0%     0.0%   1.2487   0.0015     3.6%
   675     7.2s    0.0100   100.0%   100.0%   100.0%       0%/100%/0%    1.734    0.091     0.0%     0.0%   1.1119   0.0103     3.1%
   676     6.9s    0.0115   100.0%   100.0%   100.0%       0%/100%/0%    1.522    0.047     0.0%     0.0%   1.2108   0.0038     3.5%
   677     3.0s    0.0170   100.0%   100.0%   100.0%       0%/100%/0%    0.774    0.073     0.0%     0.0%   1.0648   0.0072     4.2%
   678     8.1s    0.0069    95.0%    95.0%    95.0%       0%/100%/0%    1.701    0.070     5.0%     0.0%   1.3052   0.0078     4.1%
   679     9.1s    0.0065    85.0%    85.0%    86.0%       0%/100%/0%    1.541    0.066    15.0%     0.0%   1.4499   0.0088     3.9%
   680     4.8s    0.0069    85.0%    85.0%    90.7%       0%/100%/0%    0.883    0.063    15.0%     0.0%   1.6850   0.0078     3.9%
  [MA20] reward=0.0083 task_sr=87.0% miss=13.0% time_limit=0.0% v2v=0.0%
  [RWRD] r_prog=0.0206 r_term=0.0488 r_illegal=0.0000
  [PPO ] p_loss=0.0373 v_loss=0.3031 entropy=1.6850 grad=3.6865 active=100.0%
  [SIM ] avg_power(a)=0.4762 rsu_q=1.708 tx=113 no_tx=0 deadlock=0 svc=0.000GHz idle=0.0%

    Ep    Wall    R/step     T_SR     V_SR     S_SR            L/R/V   Lat(s)       En     Miss      Ill      Ent       KL     Clip
--------------------------------------------------------------------------------------------------------------------------------
   681     3.1s    0.0137   100.0%   100.0%   100.0%       0%/100%/0%    0.788    0.045     0.0%     0.0%   1.2444   0.0131     5.8%
   682     4.1s    0.0150   100.0%   100.0%   100.0%       0%/100%/0%    0.904    0.074     0.0%     0.0%   1.2596   0.0047     3.9%
   683    35.0s    0.0008    20.0%    20.0%    37.8%       0%/100%/0%    2.197    0.260    80.0%     0.0%   2.5062   0.0154     5.8%
   684    18.1s    0.0025    30.0%    30.0%    60.3%       0%/100%/0%    1.764    0.162    70.0%     0.0%   2.2205   0.0093     5.5%
   685     8.6s    0.0078    90.0%    90.0%    96.4%       0%/100%/0%    1.747    0.073    10.0%     0.0%   1.3758   0.0086     2.9%
   686     3.2s    0.0129   100.0%   100.0%   100.0%       0%/100%/0%    0.844    0.058     0.0%     0.0%   1.1857   0.0086     3.4%
   687     4.2s    0.0073    90.0%    90.0%    91.5%       0%/100%/0%    0.770    0.030    10.0%     0.0%   1.6633   0.0030     5.2%
   688     2.9s    0.0170   100.0%   100.0%   100.0%       0%/100%/0%    0.776    0.054     0.0%     0.0%   1.0370  -0.0107     4.8%
   689     9.0s    0.0083    95.0%    95.0%    95.1%       0%/100%/0%    1.759    0.064     5.0%     0.0%   1.2115   0.0123     3.9%
   690    19.1s    0.0027    35.0%    35.0%    65.9%       0%/100%/0%    1.892    0.187    65.0%     0.0%   1.9623   0.0085     7.5%
  [MA20] reward=0.0091 task_sr=85.5% miss=14.5% time_limit=0.0% v2v=0.0%
  [RWRD] r_prog=0.0349 r_term=-0.0075 r_illegal=0.0000
  [PPO ] p_loss=-0.0058 v_loss=0.7769 entropy=1.9623 grad=29.2808 active=100.0%
  [SIM ] avg_power(a)=0.4854 rsu_q=3.793 tx=149 no_tx=0 deadlock=0 svc=0.000GHz idle=0.0%
   691    13.3s    0.0071   100.0%   100.0%   100.0%       0%/100%/0%    2.493    0.068     0.0%     0.0%   1.2870   0.0070     5.0%
   692    12.5s    0.0064    95.0%    95.0%    97.1%       0%/100%/0%    2.347    0.093     5.0%     0.0%   1.3212   0.0070     5.8%
   693     6.4s    0.0097   100.0%   100.0%   100.0%       0%/100%/0%    1.569    0.067     0.0%     0.0%   1.1409   0.0057     4.3%
   694     9.6s    0.0073    90.0%    90.0%    93.9%       0%/100%/0%    1.631    0.081    10.0%     0.0%   1.6117   0.0064     5.4%
   695     9.4s    0.0077   100.0%   100.0%   100.0%       0%/100%/0%    1.771    0.070     0.0%     0.0%   1.3684   0.0052     4.8%
   696     6.9s    0.0096   100.0%   100.0%   100.0%        0%/99%/1%    1.596    0.076     0.0%     0.0%   1.2298   0.0098     4.8%
   697     7.5s    0.0090   100.0%   100.0%   100.0%       0%/100%/0%    1.666    0.067     0.0%     0.0%   1.3148   0.0053     5.1%
   698    11.6s    0.0067   100.0%   100.0%   100.0%       0%/100%/0%    2.431    0.095     0.0%     0.0%   1.2325   0.0051     6.8%
   699     7.8s    0.0071    95.0%    95.0%    99.5%       0%/100%/0%    1.610    0.078     5.0%     0.0%   1.3631   0.0089     6.7%
   700    13.4s    0.0046    55.0%    55.0%    79.7%        0%/99%/1%    1.587    0.132    45.0%     0.0%   1.7503   0.0098     8.4%
  [MA20] reward=0.0082 task_sr=84.7% miss=15.2% time_limit=0.0% v2v=0.1%
  [RWRD] r_prog=0.0350 r_term=0.0110 r_illegal=0.0000
  [PPO ] p_loss=0.0033 v_loss=0.7039 entropy=1.7503 grad=10.8067 active=100.0%
  [SIM ] avg_power(a)=0.5257 rsu_q=5.308 tx=167 no_tx=0 deadlock=0 svc=0.000GHz idle=0.0%
  [Checkpoint] saved: ep0700.pth

    Ep    Wall    R/step     T_SR     V_SR     S_SR            L/R/V   Lat(s)       En     Miss      Ill      Ent       KL     Clip
--------------------------------------------------------------------------------------------------------------------------------
   701     2.8s    0.0147   100.0%   100.0%   100.0%       0%/100%/0%    0.754    0.072     0.0%     0.0%   1.0340   0.0020     5.9%
   702    31.1s    0.0019    15.0%    15.0%    56.2%       0%/100%/0%    2.194    0.296    85.0%     0.0%   2.1719   0.0217    10.8%
   703     7.8s    0.0082   100.0%   100.0%   100.0%       0%/100%/0%    1.672    0.092     0.0%     0.0%   1.2699   0.0082     5.1%
   704    12.4s    0.0072   100.0%   100.0%   100.0%       0%/100%/0%    2.387    0.113     0.0%     0.0%   1.2094   0.0091     5.0%
   705    12.5s    0.0065   100.0%   100.0%   100.0%       0%/100%/0%    2.316    0.054     0.0%     0.0%   1.4401   0.0084     6.0%
   706     9.7s    0.0081    85.0%    85.0%    94.8%       0%/100%/0%    1.859    0.099    15.0%     0.0%   1.5151   0.0080     4.9%
   707    24.1s    0.0046    80.0%    80.0%    89.5%       0%/100%/0%    2.785    0.156    20.0%     0.0%   1.8343   0.0076     8.0%
   708     7.9s    0.0087   100.0%   100.0%   100.0%       0%/100%/0%    1.679    0.082     0.0%     0.0%   1.3601   0.0092     4.4%
   709    16.4s    0.0050    75.0%    75.0%    90.9%       0%/100%/0%    2.473    0.113    25.0%     0.0%   1.5047   0.0099     6.6%
   710     8.0s    0.0080    95.0%    95.0%    98.0%       0%/100%/0%    1.737    0.070     5.0%     0.0%   1.3458   0.0122     5.7%
  [MA20] reward=0.0074 task_sr=89.2% miss=10.7% time_limit=0.0% v2v=0.1%
  [RWRD] r_prog=0.0327 r_term=0.0473 r_illegal=0.0000
  [PPO ] p_loss=0.0381 v_loss=0.1394 entropy=1.3458 grad=3.1309 active=100.0%
  [SIM ] avg_power(a)=0.5275 rsu_q=9.200 tx=200 no_tx=0 deadlock=0 svc=0.000GHz idle=0.0%
   711     4.6s    0.0137   100.0%   100.0%   100.0%       0%/100%/0%    0.953    0.128     0.0%     0.0%   1.3752   0.0097     5.5%
   712     8.5s    0.0079    95.0%    95.0%    96.0%       0%/100%/0%    1.594    0.087     5.0%     0.0%   1.3032   0.0068     5.2%
   713     7.7s    0.0106   100.0%   100.0%   100.0%       0%/100%/0%    1.525    0.050     0.0%     0.0%   1.3087   0.0080     3.2%
   714    21.2s    0.0039    65.0%    65.0%    77.3%       0%/100%/0%    2.362    0.155    35.0%     0.0%   1.7759   0.0078     7.0%
   715    12.7s    0.0070    95.0%    95.0%    99.6%       0%/100%/0%    2.328    0.091     5.0%     0.0%   1.2983   0.0045     4.6%
   716    29.9s    0.0010    15.0%    15.0%    56.4%        0%/99%/1%    2.139    0.209    85.0%     0.0%   2.0344   0.0061     7.9%
   717    11.8s    0.0069    90.0%    90.0%    91.8%       0%/100%/0%    1.735    0.100    10.0%     0.0%   1.8068   0.0099     5.3%
   718     7.5s    0.0102   100.0%   100.0%   100.0%       0%/100%/0%    1.512    0.066     0.0%     0.0%   1.3719   0.0043     3.9%
   719     2.9s    0.0160   100.0%   100.0%   100.0%       0%/100%/0%    0.785    0.070     0.0%     0.0%   1.0533  -0.0019     3.3%
   720    12.3s    0.0064    90.0%    90.0%    96.1%       0%/100%/0%    1.950    0.146    10.0%     0.0%   1.5545   0.0081     6.9%
  [MA20] reward=0.0078 task_sr=85.0% miss=15.0% time_limit=0.0% v2v=0.0%
  [RWRD] r_prog=0.0283 r_term=0.0356 r_illegal=0.0000
  [PPO ] p_loss=0.0201 v_loss=0.4117 entropy=1.5545 grad=16.8890 active=100.0%
  [SIM ] avg_power(a)=0.5400 rsu_q=7.071 tx=196 no_tx=0 deadlock=0 svc=0.000GHz idle=0.0%

    Ep    Wall    R/step     T_SR     V_SR     S_SR            L/R/V   Lat(s)       En     Miss      Ill      Ent       KL     Clip
--------------------------------------------------------------------------------------------------------------------------------
   721     9.7s    0.0059    85.0%    85.0%    94.4%       0%/100%/0%    1.635    0.088    15.0%     0.0%   1.4345   0.0126     4.0%
   722     2.7s    0.0135   100.0%   100.0%   100.0%       0%/100%/0%    0.789    0.063     0.0%     0.0%   1.1401   0.0192     4.3%
   723     6.7s    0.0091   100.0%   100.0%   100.0%       0%/100%/0%    1.608    0.075     0.0%     0.0%   1.2143   0.0085     4.5%
   724    11.8s    0.0070    90.0%    90.0%    96.5%       0%/100%/0%    1.783    0.139    10.0%     0.0%   1.6381   0.0030     4.8%
   725    11.9s    0.0058    75.0%    75.0%    94.8%       0%/100%/0%    2.002    0.134    25.0%     0.0%   1.3857   0.0068     5.2%
   726     3.7s    0.0115   100.0%   100.0%   100.0%       0%/100%/0%    0.859    0.094     0.0%     0.0%   1.4435   0.0220     3.9%
   727    18.8s    0.0034    30.0%    30.0%    73.3%       0%/100%/0%    1.797    0.257    70.0%     0.0%   2.2007   0.0078     7.8%
   728     8.9s    0.0089    95.0%    95.0%    95.0%       0%/100%/0%    1.275    0.153     5.0%     0.0%   1.9872   0.0039     6.2%
   729     8.1s    0.0068    90.0%    90.0%    96.5%       0%/100%/0%    1.690    0.090    10.0%     0.0%   1.2684   0.0053     4.5%
   730     7.4s    0.0087    95.0%    95.0%    99.0%       0%/100%/0%    1.571    0.089     5.0%     0.0%   1.2392   0.0130     5.5%
  [MA20] reward=0.0082 task_sr=85.5% miss=14.5% time_limit=0.0% v2v=0.0%
  [RWRD] r_prog=0.0329 r_term=0.0540 r_illegal=0.0000
  [PPO ] p_loss=-0.0121 v_loss=0.2052 entropy=1.2392 grad=20.9415 active=100.0%
  [SIM ] avg_power(a)=0.5496 rsu_q=7.957 tx=191 no_tx=0 deadlock=0 svc=0.000GHz idle=0.0%
   731    13.2s    0.0063    90.0%    90.0%    93.4%       0%/100%/0%    1.894    0.124    10.0%     0.0%   1.7618   0.0066     6.4%
   732    13.4s    0.0054    90.0%    90.0%    93.1%       0%/100%/0%    2.225    0.071    10.0%     0.0%   1.3785   0.0024     4.0%
   733    15.1s    0.0045    80.0%    80.0%    97.7%       0%/100%/0%    2.359    0.085    20.0%     0.0%   1.3912   0.0135     5.8%
   734     8.9s    0.0069    90.0%    90.0%    92.7%       0%/100%/0%    1.795    0.113    10.0%     0.0%   1.3418   0.0119     3.8%
   735     6.9s    0.0087    95.0%    95.0%   100.0%       0%/100%/0%    1.754    0.114     5.0%     0.0%   1.1919   0.0173     4.1%
   736     3.0s    0.0160   100.0%   100.0%   100.0%       0%/100%/0%    0.798    0.079     0.0%     0.0%   1.0397  -0.0021     4.4%
   737    13.1s    0.0071   100.0%   100.0%   100.0%       0%/100%/0%    2.423    0.084     0.0%     0.0%   1.2829   0.0072     3.9%
   738     2.9s    0.0169   100.0%   100.0%   100.0%       0%/100%/0%    0.822    0.089     0.0%     0.0%   1.0407   0.0027     2.5%
   739     7.0s    0.0113   100.0%   100.0%   100.0%       0%/100%/0%    1.439    0.057     0.0%     0.0%   1.2332   0.0032     3.0%
   740     8.9s    0.0081    90.0%    90.0%    98.5%       0%/100%/0%    1.692    0.098    10.0%     0.0%   1.3680   0.0104     4.5%
  [MA20] reward=0.0086 task_sr=89.8% miss=10.2% time_limit=0.0% v2v=0.0%
  [RWRD] r_prog=0.0352 r_term=0.0455 r_illegal=0.0000
  [PPO ] p_loss=-0.0365 v_loss=0.1738 entropy=1.3680 grad=7.1564 active=100.0%
  [SIM ] avg_power(a)=0.5134 rsu_q=8.917 tx=196 no_tx=0 deadlock=0 svc=0.000GHz idle=0.0%

    Ep    Wall    R/step     T_SR     V_SR     S_SR            L/R/V   Lat(s)       En     Miss      Ill      Ent       KL     Clip
--------------------------------------------------------------------------------------------------------------------------------
   741    16.7s    0.0049    90.0%    90.0%    89.0%       0%/100%/0%    2.421    0.089    10.0%     0.0%   1.4132   0.0137     4.4%
   742     6.8s    0.0094   100.0%   100.0%   100.0%        1%/99%/0%    1.629    0.085     0.0%     0.0%   1.2085   0.0125     3.5%
   743     7.7s    0.0098   100.0%   100.0%   100.0%       0%/100%/0%    1.530    0.084     0.0%     0.0%   1.3047   0.0124     5.6%
   744     3.8s    0.0113   100.0%   100.0%   100.0%       0%/100%/0%    0.887    0.077     0.0%     0.0%   1.4456   0.0050     4.8%
   745     7.3s    0.0093   100.0%   100.0%   100.0%       0%/100%/0%    1.566    0.073     0.0%     0.0%   1.2620   0.0084     3.9%
   746     6.9s    0.0101   100.0%   100.0%   100.0%       0%/100%/0%    1.544    0.059     0.0%     0.0%   1.3577   0.0075     2.7%
   747     7.1s    0.0096    95.0%    95.0%    97.6%       0%/100%/0%    1.158    0.142     5.0%     0.0%   2.0363   0.0067     5.7%
   748    10.0s    0.0061    75.0%    75.0%    95.0%       0%/100%/0%    1.765    0.098    25.0%     0.0%   1.4435   0.0092     5.1%
   749    20.5s    0.0034    30.0%    30.0%    66.2%        0%/99%/1%    1.685    0.190    70.0%     0.0%   2.2163   0.0043     5.7%
   750    10.7s    0.0066    80.0%    80.0%    89.5%       0%/100%/0%    1.745    0.100    20.0%     0.0%   1.4380   0.0038     3.8%
  [MA20] reward=0.0086 task_sr=90.3% miss=9.8% time_limit=0.0% v2v=0.0%
  [RWRD] r_prog=0.0332 r_term=0.0325 r_illegal=0.0000
  [PPO ] p_loss=0.0003 v_loss=0.3100 entropy=1.4380 grad=8.4239 active=100.0%
  [SIM ] avg_power(a)=0.5096 rsu_q=7.192 tx=196 no_tx=0 deadlock=0 svc=0.000GHz idle=0.0%
   751    11.9s    0.0064   100.0%   100.0%   100.0%       0%/100%/0%    2.343    0.092     0.0%     0.0%   1.3332   0.0022     4.9%
   752     9.2s    0.0070    95.0%    95.0%    99.5%       0%/100%/0%    1.823    0.102     5.0%     0.0%   1.3870   0.0186     5.5%
   753    14.3s    0.0074   100.0%   100.0%   100.0%       0%/100%/0%    2.446    0.064     0.0%     0.0%   1.5907   0.0133     3.2%
   754    12.1s    0.0076   100.0%   100.0%   100.0%       0%/100%/0%    2.347    0.084     0.0%     0.0%   1.2386   0.0137     4.4%
   755     8.0s    0.0082    95.0%    95.0%    99.5%       0%/100%/0%    1.735    0.067     5.0%     0.0%   1.2803   0.0180     4.2%
   756     7.3s    0.0090   100.0%   100.0%   100.0%       0%/100%/0%    1.688    0.076     0.0%     0.0%   1.1335   0.0102     4.5%
   757    10.8s    0.0077    95.0%    95.0%    96.5%       0%/100%/0%    1.825    0.126     5.0%     0.0%   1.4345   0.0060     6.0%
   758    14.3s    0.0058   100.0%   100.0%   100.0%       0%/100%/0%    2.603    0.069     0.0%     0.0%   1.3295   0.0117     6.1%
   759     4.3s    0.0128   100.0%   100.0%   100.0%       0%/100%/0%    0.883    0.102     0.0%     0.0%   1.3432   0.0158     4.6%
   760     7.2s    0.0097   100.0%   100.0%   100.0%       0%/100%/0%    1.615    0.073     0.0%     0.0%   1.0934   0.0142     5.0%
  [MA20] reward=0.0081 task_sr=92.8% miss=7.2% time_limit=0.0% v2v=0.0%
  [RWRD] r_prog=0.0327 r_term=0.0646 r_illegal=0.0000
  [PPO ] p_loss=-0.0026 v_loss=0.0377 entropy=1.0934 grad=1.9590 active=100.0%
  [SIM ] avg_power(a)=0.4993 rsu_q=11.000 tx=205 no_tx=0 deadlock=0 svc=0.000GHz idle=0.0%

    Ep    Wall    R/step     T_SR     V_SR     S_SR            L/R/V   Lat(s)       En     Miss      Ill      Ent       KL     Clip
--------------------------------------------------------------------------------------------------------------------------------
   761     9.4s    0.0066    90.0%    90.0%    93.8%        1%/99%/0%    1.811    0.103    10.0%     0.0%   1.3750   0.0153     4.7%
   762     3.2s    0.0145   100.0%   100.0%   100.0%       0%/100%/0%    0.835    0.091     0.0%     0.0%   1.1436  -0.0047     4.8%
   763     3.0s    0.0158   100.0%   100.0%   100.0%       0%/100%/0%    0.829    0.059     0.0%     0.0%   1.0201   0.0090     3.9%
   764     2.9s    0.0173   100.0%   100.0%   100.0%       0%/100%/0%    0.856    0.119     0.0%     0.0%   0.9243   0.0045     2.6%
   765     3.0s    0.0157   100.0%   100.0%   100.0%       0%/100%/0%    0.784    0.051     0.0%     0.0%   1.1333   0.0180     4.5%
   766    16.0s    0.0049    90.0%    90.0%    91.6%        0%/99%/0%    2.478    0.089    10.0%     0.0%   1.5339   0.0103     7.6%
   767    14.0s    0.0046    85.0%    85.0%    93.7%       0%/100%/0%    2.443    0.070    15.0%     0.0%   1.2234   0.0837     9.2%
   768     2.8s    0.0194   100.0%   100.0%   100.0%       0%/100%/0%    0.711    0.054     0.0%     0.0%   0.9948   0.0835     9.5%
   769     4.9s    0.0099    95.0%    95.0%    96.9%       0%/100%/0%    1.055    0.098     5.0%     0.0%   1.4045   0.1316    13.7%
   770    12.0s    0.0072    85.0%    85.0%    97.6%       0%/100%/0%    1.984    0.100    15.0%     0.0%   1.1938   0.1177    15.2%
  [MA20] reward=0.0099 task_sr=96.5% miss=3.5% time_limit=0.0% v2v=0.0%
  [RWRD] r_prog=0.0379 r_term=0.0341 r_illegal=0.0000
  [PPO ] p_loss=0.0491 v_loss=0.3936 entropy=1.1938 grad=13.2568 active=100.0%
  [SIM ] avg_power(a)=0.5067 rsu_q=9.346 tx=209 no_tx=0 deadlock=0 svc=0.000GHz idle=0.0%
   771     8.1s    0.0094   100.0%   100.0%   100.0%       0%/100%/0%    1.770    0.092     0.0%     0.0%   1.1565   0.0805    13.3%
   772    14.5s    0.0062    95.0%    95.0%    99.6%       0%/100%/0%    2.342    0.081     5.0%     0.0%   1.2495   0.1560    16.0%
   773     3.2s    0.0156   100.0%   100.0%   100.0%       0%/100%/0%    0.824    0.062     0.0%     0.0%   1.0121   0.1514    10.0%
   774    12.4s    0.0054    90.0%    90.0%    91.3%       0%/100%/0%    2.287    0.085     5.0%     0.0%   1.2588   0.0920    10.5%
   775     7.7s    0.0093    95.0%    95.0%    96.0%       0%/100%/0%    1.670    0.073     5.0%     0.0%   1.1712   0.0626     7.8%
   776     8.1s    0.0093   100.0%   100.0%   100.0%       0%/100%/0%    1.713    0.091     0.0%     0.0%   1.1701   0.0168     5.9%
   777    12.7s    0.0092   100.0%   100.0%   100.0%       0%/100%/0%    2.140    0.048     0.0%     0.0%   1.2972   0.0119     4.9%
   778     2.6s    0.0215   100.0%   100.0%   100.0%       0%/100%/0%    0.722    0.064     0.0%     0.0%   0.8069   0.0147     3.3%
   779     3.2s    0.0137   100.0%   100.0%   100.0%       0%/100%/0%    0.871    0.064     0.0%     0.0%   1.1956   0.0240     4.8%
   780    15.8s    0.0065    85.0%    85.0%    88.9%        1%/99%/0%    1.928    0.150    15.0%     0.0%   1.9592   0.0111     7.5%
  [MA20] reward=0.0111 task_sr=95.5% miss=4.2% time_limit=0.0% v2v=0.0%
  [RWRD] r_prog=0.0331 r_term=0.0323 r_illegal=0.0000
  [PPO ] p_loss=-0.0028 v_loss=0.2770 entropy=1.9592 grad=7.4685 active=100.0%
  [SIM ] avg_power(a)=0.5184 rsu_q=4.536 tx=188 no_tx=1 deadlock=0 svc=0.000GHz idle=0.0%

    Ep    Wall    R/step     T_SR     V_SR     S_SR            L/R/V   Lat(s)       En     Miss      Ill      Ent       KL     Clip
--------------------------------------------------------------------------------------------------------------------------------
   781     3.6s    0.0112   100.0%   100.0%   100.0%       0%/100%/0%    0.962    0.092     0.0%     0.0%   1.1924   0.0036     5.2%
   782     4.6s    0.0083    95.0%    95.0%    98.4%       0%/100%/0%    0.941    0.052     5.0%     0.0%   1.5130   0.0145     4.1%
   783     6.7s    0.0098   100.0%   100.0%   100.0%       0%/100%/0%    1.632    0.056     0.0%     0.0%   1.1179   0.0019     4.4%
   784    11.6s    0.0055    80.0%    80.0%    95.6%       0%/100%/0%    1.811    0.114    20.0%     0.0%   1.5026   0.0114     6.8%
   785    13.0s    0.0059    95.0%    95.0%   100.0%       0%/100%/0%    2.426    0.077     5.0%     0.0%   1.3272   0.0068     4.6%
   786     6.2s    0.0096   100.0%   100.0%   100.0%       0%/100%/0%    1.616    0.058     0.0%     0.0%   1.0680   0.0075     4.9%
   787     7.9s    0.0091   100.0%   100.0%   100.0%       0%/100%/0%    1.734    0.079     0.0%     0.0%   1.1657   0.0079     4.1%
   788     2.8s    0.0172   100.0%   100.0%   100.0%       0%/100%/0%    0.777    0.068     0.0%     0.0%   1.0084  -0.0073     5.7%
   789     7.3s    0.0096   100.0%   100.0%   100.0%       0%/100%/0%    1.581    0.046     0.0%     0.0%   1.3698   0.0030     4.5%
   790    15.8s    0.0062    95.0%    95.0%    96.6%       0%/100%/0%    2.460    0.087     5.0%     0.0%   1.5227   0.0109     5.8%
  [MA20] reward=0.0099 task_sr=96.5% miss=3.3% time_limit=0.0% v2v=0.0%
  [RWRD] r_prog=0.0286 r_term=0.0330 r_illegal=0.0000
  [PPO ] p_loss=-0.0075 v_loss=0.1268 entropy=1.5227 grad=1.6010 active=100.0%
  [SIM ] avg_power(a)=0.5021 rsu_q=10.314 tx=256 no_tx=0 deadlock=0 svc=0.000GHz idle=0.0%
   791    14.8s    0.0064    95.0%    95.0%    96.3%       0%/100%/0%    2.391    0.073     5.0%     0.0%   1.3942   0.0128     4.0%
   792    29.9s    0.0012    25.0%    25.0%    44.6%       0%/100%/0%    2.049    0.195    75.0%     0.0%   2.3085   0.0147     7.0%
   793     9.4s    0.0067    85.0%    85.0%    95.8%        0%/99%/1%    1.700    0.101    15.0%     0.0%   1.5260   0.0095     4.0%
   794     2.7s    0.0174   100.0%   100.0%   100.0%       0%/100%/0%    0.807    0.077     0.0%     0.0%   0.9124   0.0069     3.9%
   795    14.8s    0.0057    90.0%    90.0%    96.4%       0%/100%/0%    2.519    0.089    10.0%     0.0%   1.4624   0.0112     4.1%
   796    14.7s    0.0062    95.0%    95.0%    96.6%       0%/100%/0%    2.408    0.094     5.0%     0.0%   1.4201   0.0069     4.9%
   797     6.9s    0.0088   100.0%   100.0%   100.0%        0%/99%/1%    1.558    0.056     0.0%     0.0%   1.4054   0.0051     4.6%
   798    17.2s    0.0039    50.0%    50.0%    79.7%        1%/99%/0%    1.947    0.181    50.0%     0.0%   2.0495   0.0144     6.1%
   799     7.4s    0.0087   100.0%   100.0%   100.0%       0%/100%/0%    1.717    0.058     0.0%     0.0%   1.2284   0.0060     3.8%
   800     7.7s    0.0104   100.0%   100.0%   100.0%       0%/100%/0%    1.676    0.070     0.0%     0.0%   1.3093  -0.0002     5.9%
  [MA20] reward=0.0084 task_sr=90.3% miss=9.8% time_limit=0.0% v2v=0.1%
  [RWRD] r_prog=0.0438 r_term=0.0601 r_illegal=0.0000
  [PPO ] p_loss=-0.0092 v_loss=0.0647 entropy=1.3093 grad=6.0305 active=100.0%
  [SIM ] avg_power(a)=0.4811 rsu_q=11.727 tx=203 no_tx=0 deadlock=0 svc=0.000GHz idle=0.0%
  [Checkpoint] saved: ep0800.pth

    Ep    Wall    R/step     T_SR     V_SR     S_SR            L/R/V   Lat(s)       En     Miss      Ill      Ent       KL     Clip
--------------------------------------------------------------------------------------------------------------------------------
   801     7.9s    0.0083    95.0%    95.0%    95.8%       0%/100%/0%    1.595    0.078     5.0%     0.0%   1.3688   0.0091     5.4%
   802     8.0s    0.0092   100.0%   100.0%   100.0%       0%/100%/0%    1.713    0.074     0.0%     0.0%   1.2366   0.0133     4.4%
   803     7.0s    0.0106   100.0%   100.0%   100.0%       0%/100%/0%    1.470    0.043     0.0%     0.0%   1.3281   0.0001     4.6%
   804     3.3s    0.0156   100.0%   100.0%   100.0%        1%/99%/0%    0.841    0.064     0.0%     0.0%   1.0486   0.0108     3.8%
   805     3.2s    0.0134   100.0%   100.0%   100.0%       0%/100%/0%    0.850    0.064     0.0%     0.0%   1.2376   0.0022     3.8%
   806    14.3s    0.0063   100.0%   100.0%   100.0%       0%/100%/0%    2.606    0.076     0.0%     0.0%   1.4402   0.0091     5.5%
   807     8.8s    0.0055    75.0%    75.0%    89.3%       0%/100%/0%    1.681    0.078    25.0%     0.0%   1.5500   0.0112     5.4%
   808    26.8s    0.0035    65.0%    65.0%    70.3%       0%/100%/0%    2.648    0.135    35.0%     0.0%   1.9192   0.0077     6.6%
   809    13.9s    0.0066   100.0%   100.0%   100.0%       0%/100%/0%    2.616    0.086     0.0%     0.0%   1.3771   0.0067     4.6%
   810     7.3s    0.0099   100.0%   100.0%   100.0%       0%/100%/0%    1.591    0.080     0.0%     0.0%   1.3162   0.0086     3.9%
  [MA20] reward=0.0082 task_sr=88.8% miss=11.2% time_limit=0.0% v2v=0.1%
  [RWRD] r_prog=0.0334 r_term=0.0653 r_illegal=0.0000
  [PPO ] p_loss=-0.0086 v_loss=0.0459 entropy=1.3162 grad=3.9831 active=100.0%
  [SIM ] avg_power(a)=0.4783 rsu_q=10.619 tx=202 no_tx=0 deadlock=0 svc=0.000GHz idle=0.0%
   811     3.3s    0.0170   100.0%   100.0%   100.0%       0%/100%/0%    0.787    0.043     0.0%     0.0%   1.0672   0.0082     4.1%
   812     8.6s    0.0071    90.0%    90.0%    99.0%       0%/100%/0%    1.750    0.082    10.0%     0.0%   1.4664   0.0055     4.8%
   813     8.7s    0.0070    95.0%    95.0%    94.9%       0%/100%/0%    1.609    0.075     5.0%     0.0%   1.4562   0.0068     5.6%
   814     4.3s    0.0094    95.0%    95.0%    95.8%       0%/100%/0%    0.871    0.063     5.0%     0.0%   1.7065   0.0146     5.1%
   815     7.4s    0.0103   100.0%   100.0%   100.0%       0%/100%/0%    1.576    0.053     0.0%     0.0%   1.3236   0.0192     6.2%
   816     3.2s    0.0135   100.0%   100.0%   100.0%       0%/100%/0%    0.830    0.073     0.0%     0.0%   1.2289   0.0085     4.0%
   817    10.4s    0.0068    85.0%    85.0%    98.0%       0%/100%/0%    1.786    0.117    15.0%     0.0%   1.4456   0.0073     6.3%
   818     4.5s    0.0072    90.0%    90.0%    97.1%        1%/99%/0%    0.822    0.040    10.0%     0.0%   1.5342  -0.0002     6.3%
   819     7.9s    0.0082    95.0%    95.0%    99.0%       0%/100%/0%    1.668    0.069     5.0%     0.0%   1.4824   0.0140     4.8%
   820    16.7s    0.0060    70.0%    70.0%    87.9%       0%/100%/0%    2.026    0.184    30.0%     0.0%   1.8405   0.0186     4.1%
  [MA20] reward=0.0091 task_sr=92.7% miss=7.3% time_limit=0.0% v2v=0.0%
  [RWRD] r_prog=0.0403 r_term=0.0197 r_illegal=0.0000
  [PPO ] p_loss=-0.0037 v_loss=0.4547 entropy=1.8405 grad=8.2387 active=100.0%
  [SIM ] avg_power(a)=0.4869 rsu_q=7.185 tx=189 no_tx=0 deadlock=0 svc=0.000GHz idle=0.0%

    Ep    Wall    R/step     T_SR     V_SR     S_SR            L/R/V   Lat(s)       En     Miss      Ill      Ent       KL     Clip
--------------------------------------------------------------------------------------------------------------------------------
   821    15.7s    0.0046    65.0%    65.0%    96.9%       0%/100%/0%    2.391    0.088    35.0%     0.0%   1.4816   0.0100     5.9%
   822     8.4s    0.0067    95.0%    95.0%    94.3%       0%/100%/0%    1.656    0.090     5.0%     0.0%   1.4889   0.0111     8.4%
   823    16.8s    0.0031    40.0%    40.0%    71.6%       0%/100%/0%    1.778    0.134    60.0%     0.0%   2.0684   0.0028     6.8%
   824     3.3s    0.0150   100.0%   100.0%   100.0%       0%/100%/0%    0.834    0.065     0.0%     0.0%   1.1143   0.0017     4.8%
   825     7.5s    0.0074    95.0%    95.0%    97.9%       0%/100%/0%    1.588    0.060     5.0%     0.0%   1.4601   0.0002     3.9%
   826     2.5s    0.0193   100.0%   100.0%   100.0%       0%/100%/0%    0.743    0.064     0.0%     0.0%   0.9484   0.0177     3.7%
   827     2.9s    0.0157   100.0%   100.0%   100.0%       0%/100%/0%    0.817    0.055     0.0%     0.0%   1.0670   0.0017     5.2%
   828     5.2s    0.0080    90.0%    90.0%    96.1%        0%/99%/1%    0.947    0.057    10.0%     0.0%   1.8661   0.0064     4.5%
   829    11.3s    0.0067    90.0%    90.0%    93.6%        0%/99%/1%    1.784    0.120    10.0%     0.0%   1.6126   0.0048     5.6%
   830     9.9s    0.0072    90.0%    90.0%    97.5%        1%/99%/1%    1.956    0.115    10.0%     0.0%   1.3900   0.0121     4.1%
  [MA20] reward=0.0093 task_sr=89.2% miss=10.8% time_limit=0.0% v2v=0.1%
  [RWRD] r_prog=0.0332 r_term=0.0385 r_illegal=0.0000
  [PPO ] p_loss=-0.0007 v_loss=0.2400 entropy=1.3900 grad=10.2599 active=100.0%
  [SIM ] avg_power(a)=0.4349 rsu_q=8.154 tx=197 no_tx=1 deadlock=0 svc=0.000GHz idle=0.0%
   831     7.8s    0.0081    95.0%    95.0%    98.6%       0%/100%/0%    1.595    0.083     5.0%     0.0%   1.2585   0.0068     3.0%
   832    16.1s    0.0053    70.0%    70.0%    84.4%        1%/97%/2%    2.016    0.117    30.0%     0.0%   1.9094   0.0187     4.6%
   833    14.0s    0.0055    90.0%    90.0%    95.8%       0%/100%/0%    2.369    0.088    10.0%     0.0%   1.3651   0.0084     3.9%
   834     8.0s    0.0071    95.0%    95.0%    96.5%        0%/99%/1%    1.676    0.074     5.0%     0.0%   1.2106   0.0098     2.7%
   835     7.8s    0.0085    95.0%    95.0%    99.5%        1%/98%/1%    1.839    0.127     5.0%     0.0%   1.1828  -0.0015     4.1%
   836     7.8s    0.0082    95.0%    95.0%    99.2%       0%/100%/0%    1.248    0.119     5.0%     0.0%   2.0858   0.0071     5.3%
   837     4.8s    0.0080    95.0%    95.0%    94.9%       0%/100%/0%    0.903    0.051     5.0%     0.0%   1.5217   0.0143     4.0%
   838     6.9s    0.0107   100.0%   100.0%   100.0%       0%/100%/0%    1.547    0.043     0.0%     0.0%   1.3499   0.0057     2.3%
   839     7.1s    0.0111   100.0%   100.0%   100.0%        2%/98%/0%    1.235    0.216     0.0%     0.0%   1.9056   0.0136     5.2%
   840    10.2s    0.0052    75.0%    75.0%    89.7%       0%/100%/0%    1.599    0.089    25.0%     0.0%   1.5153   0.0114     5.3%
  [MA20] reward=0.0086 task_sr=88.8% miss=11.2% time_limit=0.0% v2v=0.3%
  [RWRD] r_prog=0.0257 r_term=0.0262 r_illegal=0.0000
  [PPO ] p_loss=0.0118 v_loss=0.4061 entropy=1.5153 grad=14.6977 active=100.0%
  [SIM ] avg_power(a)=0.4205 rsu_q=5.621 tx=181 no_tx=0 deadlock=0 svc=0.000GHz idle=0.0%

    Ep    Wall    R/step     T_SR     V_SR     S_SR            L/R/V   Lat(s)       En     Miss      Ill      Ent       KL     Clip
--------------------------------------------------------------------------------------------------------------------------------
   841     9.9s    0.0070    90.0%    90.0%    93.0%        1%/99%/0%    1.719    0.100    10.0%     0.0%   1.4963   0.0150     4.2%
   842     2.8s    0.0180   100.0%   100.0%   100.0%        2%/98%/0%    0.817    0.085     0.0%     0.0%   1.0168   0.0117     4.1%
   843    10.0s    0.0072    95.0%    95.0%    95.1%        1%/99%/0%    1.661    0.060     5.0%     0.0%   1.5942   0.0222     9.2%
   844     6.7s    0.0120   100.0%   100.0%   100.0%        0%/99%/1%    1.106    0.084     0.0%     0.0%   1.8610   0.0072     4.5%
   845     2.7s    0.0190   100.0%   100.0%   100.0%       0%/100%/0%    0.746    0.061     0.0%     0.0%   1.0736   0.0076     3.5%
   846     2.8s    0.0135   100.0%   100.0%   100.0%        7%/93%/1%    0.811    0.061     0.0%     0.0%   1.1930   0.0206     7.3%
   847    20.3s    0.0046    65.0%    65.0%    78.5%        1%/94%/5%    2.275    0.064    35.0%     0.0%   1.5949   0.0159     5.9%
   848    20.4s    0.0015    20.0%    20.0%    60.6%        1%/96%/3%    1.748    0.207    80.0%     0.0%   2.3378   0.0065     6.6%
   849    11.9s    0.0050    65.0%    65.0%    87.7%        5%/89%/6%    1.786    0.128    35.0%     0.0%   1.7607   0.0315     9.0%
   850     7.4s    0.0091   100.0%   100.0%   100.0%       0%/100%/0%    1.567    0.058     0.0%     0.0%   1.3071   0.0107     3.4%
  [MA20] reward=0.0087 task_sr=87.2% miss=12.8% time_limit=0.0% v2v=1.0%
  [RWRD] r_prog=0.0307 r_term=0.0603 r_illegal=0.0000
  [PPO ] p_loss=0.0269 v_loss=0.2022 entropy=1.3071 grad=21.8059 active=100.0%
  [SIM ] avg_power(a)=0.4321 rsu_q=10.348 tx=207 no_tx=0 deadlock=0 svc=0.000GHz idle=0.0%
   851    17.7s    0.0048    55.0%    55.0%    95.2%       0%/100%/0%    2.619    0.078    45.0%     0.0%   1.7109   0.0106     4.2%
   852    28.3s    0.0023    35.0%    35.0%    71.0%        4%/94%/2%    2.187    0.192    65.0%     0.0%   2.2758   0.0104     6.7%
   853    35.4s    0.0018    15.0%    15.0%    62.4%        6%/92%/2%    2.475    0.243    85.0%     0.0%   2.1408   0.0214     6.2%
   854     8.7s    0.0076    95.0%    95.0%    98.6%        0%/99%/0%    1.648    0.058     5.0%     0.0%   1.4698   0.0086     4.6%
   855     7.6s    0.0095   100.0%   100.0%   100.0%        1%/99%/0%    1.578    0.055     0.0%     0.0%   1.3041   0.0186     3.5%
   856     3.1s    0.0160   100.0%   100.0%   100.0%       0%/100%/0%    0.742    0.056     0.0%     0.0%   1.2182   0.0188     3.8%
   857     9.4s    0.0075   100.0%   100.0%   100.0%        1%/99%/0%    1.773    0.061     0.0%     0.0%   1.4369   0.0150     4.3%
   858    11.9s    0.0079    95.0%    95.0%    97.1%        4%/94%/2%    1.791    0.082     5.0%     0.0%   1.6248   0.0177     4.9%
   859     9.9s    0.0070    75.0%    75.0%    92.7%        7%/93%/1%    1.827    0.106    25.0%     0.0%   1.3892  -0.0009     6.7%
   860     7.1s    0.0079    95.0%    95.0%    99.5%        2%/98%/0%    1.588    0.069     5.0%     0.0%   1.2793   0.0137     3.2%
  [MA20] reward=0.0085 task_sr=80.0% miss=20.0% time_limit=0.0% v2v=1.1%
  [RWRD] r_prog=0.0274 r_term=0.0519 r_illegal=0.0000
  [PPO ] p_loss=-0.0434 v_loss=0.1154 entropy=1.2793 grad=5.5487 active=100.0%
  [SIM ] avg_power(a)=0.4142 rsu_q=6.625 tx=191 no_tx=4 deadlock=0 svc=0.000GHz idle=0.0%

    Ep    Wall    R/step     T_SR     V_SR     S_SR            L/R/V   Lat(s)       En     Miss      Ill      Ent       KL     Clip
--------------------------------------------------------------------------------------------------------------------------------
   861     2.8s    0.0146   100.0%   100.0%   100.0%        6%/94%/0%    0.793    0.093     0.0%     0.0%   1.1109   0.0168     6.7%
   862     7.1s    0.0092   100.0%   100.0%   100.0%        3%/97%/0%    1.589    0.043     0.0%     0.0%   1.3050   0.0102     4.1%
   863     3.5s    0.0147   100.0%   100.0%   100.0%        3%/95%/2%    0.911    0.091     0.0%     0.0%   1.3083   0.0126     7.3%
   864     3.2s    0.0137   100.0%   100.0%   100.0%        0%/98%/2%    0.842    0.078     0.0%     0.0%   1.2536   0.0030     3.7%
   865     8.2s    0.0102   100.0%   100.0%   100.0%       0%/100%/0%    1.590    0.046     0.0%     0.0%   1.3935   0.0059     4.7%
   866     3.5s    0.0120   100.0%   100.0%   100.0%        6%/94%/0%    0.890    0.063     0.0%     0.0%   1.2435   0.0055     6.1%
   867    18.6s    0.0008    20.0%    20.0%    51.5%       19%/78%/3%    1.611    0.242    80.0%     0.0%   2.3141   0.0055    10.9%
   868     8.1s    0.0059    90.0%    90.0%    98.6%       13%/87%/0%    1.683    0.041    10.0%     0.0%   1.3997   0.0185     6.1%
   869     3.7s    0.0151   100.0%   100.0%   100.0%        3%/96%/1%    0.861    0.053     0.0%     0.0%   1.1072   0.0233     5.4%
   870     3.2s    0.0121   100.0%   100.0%   100.0%        2%/98%/1%    0.810    0.052     0.0%     0.0%   1.2805   0.0334     6.9%
  [MA20] reward=0.0090 task_sr=83.8% miss=16.2% time_limit=0.0% v2v=0.8%
  [RWRD] r_prog=0.0210 r_term=0.1001 r_illegal=0.0000
  [PPO ] p_loss=0.0129 v_loss=0.0127 entropy=1.2805 grad=2.4957 active=100.0%
  [SIM ] avg_power(a)=0.4366 rsu_q=1.500 tx=128 no_tx=2 deadlock=0 svc=0.000GHz idle=0.0%
   871     8.8s    0.0073    90.0%    90.0%    97.0%        4%/95%/2%    1.627    0.083    10.0%     0.0%   1.5220   0.0017     7.9%
   872    34.2s    0.0019    30.0%    30.0%    66.5%       24%/73%/3%    2.861    0.188    70.0%     0.0%   2.3164   0.0228    13.2%
   873     6.8s    0.0095   100.0%   100.0%   100.0%       10%/90%/0%    1.450    0.059     0.0%     0.0%   1.3858   0.0163     9.0%
   874    15.3s    0.0054    95.0%    95.0%    99.6%       11%/88%/2%    2.371    0.063     5.0%     0.0%   1.5143   0.0071     8.8%
   875     7.7s    0.0100   100.0%   100.0%   100.0%       0%/100%/0%    1.578    0.061     0.0%     0.0%   1.3789   0.0039     5.5%
   876     2.8s    0.0189   100.0%   100.0%   100.0%        6%/94%/0%    0.778    0.073     0.0%     0.0%   0.9534   0.0248     9.3%
   877     7.3s    0.0083    95.0%    95.0%    99.5%        4%/96%/0%    1.488    0.026     5.0%     0.0%   1.4529   0.0061     4.9%
   878     7.8s    0.0068    95.0%    95.0%    97.0%        4%/96%/0%    1.596    0.069     5.0%     0.0%   1.2510   0.0127     5.3%
   879     7.2s    0.0116   100.0%   100.0%   100.0%       0%/100%/0%    1.569    0.049     0.0%     0.0%   1.2072   0.0089     4.5%
   880    15.6s    0.0031    50.0%    50.0%    91.1%        0%/99%/0%    2.039    0.116    50.0%     0.0%   1.3833   0.0083     6.2%
  [MA20] reward=0.0096 task_sr=88.2% miss=11.8% time_limit=0.0% v2v=0.7%
  [RWRD] r_prog=0.0262 r_term=0.0045 r_illegal=0.0000
  [PPO ] p_loss=0.0205 v_loss=0.4953 entropy=1.3833 grad=37.9434 active=100.0%
  [SIM ] avg_power(a)=0.4606 rsu_q=9.368 tx=238 no_tx=1 deadlock=0 svc=0.000GHz idle=0.0%

    Ep    Wall    R/step     T_SR     V_SR     S_SR            L/R/V   Lat(s)       En     Miss      Ill      Ent       KL     Clip
--------------------------------------------------------------------------------------------------------------------------------
   881     8.4s    0.0061    85.0%    85.0%    93.1%        5%/94%/1%    1.674    0.071    15.0%     0.0%   1.2622   0.0143     6.4%
   882     7.7s    0.0083   100.0%   100.0%   100.0%       0%/100%/0%    1.653    0.051     0.0%     0.0%   1.3284   0.0109     4.5%
   883    12.5s    0.0044    60.0%    60.0%    86.7%        2%/98%/0%    1.751    0.108    40.0%     0.0%   1.6207   0.0112     7.5%
   884     8.6s    0.0071    95.0%    95.0%    96.2%       0%/100%/0%    1.649    0.064     5.0%     0.0%   1.3855   0.0117     6.5%
   885    10.7s    0.0075    90.0%    90.0%    96.1%        1%/99%/0%    1.818    0.080    10.0%     0.0%   1.4739   0.0152     7.7%
   886     7.2s    0.0096   100.0%   100.0%   100.0%        2%/98%/0%    1.642    0.083     0.0%     0.0%   1.1787   0.0072     7.0%
   887     7.2s    0.0104   100.0%   100.0%   100.0%       0%/100%/0%    1.480    0.047     0.0%     0.0%   1.2475   0.0064     6.2%
   888     6.6s    0.0091   100.0%   100.0%   100.0%        1%/99%/0%    1.640    0.094     0.0%     0.0%   1.0931   0.0118     4.7%
   889     8.9s    0.0080    90.0%    90.0%    94.4%        1%/99%/1%    1.679    0.088    10.0%     0.0%   1.3972   0.0074     6.2%
   890    11.3s    0.0076   100.0%   100.0%   100.0%       0%/100%/0%    2.187    0.069     0.0%     0.0%   1.3132   0.0039     5.7%
  [MA20] reward=0.0080 task_sr=88.8% miss=11.2% time_limit=0.0% v2v=0.4%
  [RWRD] r_prog=0.0304 r_term=0.0456 r_illegal=0.0000
  [PPO ] p_loss=-0.0034 v_loss=0.0704 entropy=1.3132 grad=7.8624 active=100.0%
  [SIM ] avg_power(a)=0.4444 rsu_q=12.655 tx=246 no_tx=1 deadlock=0 svc=0.000GHz idle=0.0%
   891    10.3s    0.0061    80.0%    80.0%    93.1%        1%/99%/0%    1.912    0.086    20.0%     0.0%   1.5141   0.0119     6.1%
   892    21.0s    0.0036    60.0%    60.0%    80.9%        0%/99%/0%    2.614    0.146    40.0%     0.0%   1.5650   0.0149     8.2%
   893     3.0s    0.0170   100.0%   100.0%   100.0%       0%/100%/0%    0.748    0.047     0.0%     0.0%   1.0446   0.0020     5.9%
   894     7.8s    0.0095   100.0%   100.0%   100.0%       0%/100%/0%    1.533    0.039     0.0%     0.0%   1.3330  -0.0029     5.3%
   895     7.7s    0.0081    95.0%    95.0%    97.0%        2%/98%/0%    1.570    0.055     5.0%     0.0%   1.3484   0.0150     5.5%
   896     8.2s    0.0087   100.0%   100.0%   100.0%        2%/98%/0%    1.818    0.095     0.0%     0.0%   1.2573   0.0133     7.7%
   897     7.3s    0.0089   100.0%   100.0%   100.0%       0%/100%/0%    1.656    0.076     0.0%     0.0%   1.2180  -0.0011     5.7%
   898    12.0s    0.0066    95.0%    95.0%    99.2%        2%/98%/0%    2.265    0.076     5.0%     0.0%   1.3396   0.0104     7.3%
   899     6.9s    0.0103   100.0%   100.0%   100.0%        8%/91%/1%    1.568    0.049     0.0%     0.0%   1.1911   0.0156    11.6%
   900    14.6s    0.0055    85.0%    85.0%    98.4%        5%/95%/0%    2.581    0.106    15.0%     0.0%   1.3052   0.0141     7.7%
  [MA20] reward=0.0081 task_sr=91.8% miss=8.2% time_limit=0.0% v2v=0.2%
  [RWRD] r_prog=0.0294 r_term=0.0252 r_illegal=0.0000
  [PPO ] p_loss=-0.0027 v_loss=0.1820 entropy=1.3052 grad=8.5896 active=100.0%
  [SIM ] avg_power(a)=0.4594 rsu_q=9.750 tx=240 no_tx=13 deadlock=0 svc=0.000GHz idle=0.0%
  [Checkpoint] saved: ep0900.pth

    Ep    Wall    R/step     T_SR     V_SR     S_SR            L/R/V   Lat(s)       En     Miss      Ill      Ent       KL     Clip
--------------------------------------------------------------------------------------------------------------------------------
   901    31.2s    0.0025    40.0%    40.0%    81.2%        6%/93%/1%    2.797    0.179    60.0%     0.0%   2.0774   0.0324    10.8%
   902     8.5s    0.0078    95.0%    95.0%    97.6%       0%/100%/0%    1.689    0.064     5.0%     0.0%   1.3621   0.0097     6.3%
   903    29.7s    0.0018    25.0%    25.0%    57.5%        4%/95%/1%    2.464    0.199    75.0%     0.0%   2.1616   0.0271    10.0%
   904     7.7s    0.0086   100.0%   100.0%   100.0%        4%/95%/0%    1.657    0.075     0.0%     0.0%   1.3922   0.0086     7.7%
   905    13.8s    0.0052    85.0%    85.0%    92.3%        4%/95%/1%    2.353    0.092    15.0%     0.0%   1.3346   0.0101     8.0%
   906    11.7s    0.0071   100.0%   100.0%   100.0%        2%/97%/0%    2.277    0.101     0.0%     0.0%   1.2296   0.0093     5.0%
   907     8.0s    0.0081    95.0%    95.0%    94.4%        4%/96%/0%    1.584    0.069     5.0%     0.0%   1.3333   0.0121     5.5%
   908     3.1s    0.0160   100.0%   100.0%   100.0%        2%/98%/0%    0.830    0.075     0.0%     0.0%   1.1507   0.0188     6.7%
   909    14.0s    0.0054    90.0%    90.0%    98.4%        1%/99%/0%    2.448    0.099    10.0%     0.0%   1.3791   0.0108     5.5%
   910     8.2s    0.0071    90.0%    90.0%    97.0%       10%/90%/1%    1.759    0.085    10.0%     0.0%   1.2702   0.0127     7.9%
  [MA20] reward=0.0077 task_sr=86.8% miss=13.2% time_limit=0.0% v2v=0.3%
  [RWRD] r_prog=0.0299 r_term=0.0415 r_illegal=0.0000
  [PPO ] p_loss=0.0044 v_loss=0.2383 entropy=1.2702 grad=11.0954 active=100.0%
  [SIM ] avg_power(a)=0.4778 rsu_q=7.846 tx=180 no_tx=19 deadlock=0 svc=0.000GHz idle=0.0%
   911     7.2s    0.0091   100.0%   100.0%   100.0%        1%/98%/1%    1.580    0.040     0.0%     0.0%   1.3883   0.0117     5.1%
   912    14.2s    0.0063    95.0%    95.0%    99.2%        5%/95%/0%    2.355    0.075     5.0%     0.0%   1.4470   0.0439     9.3%
   913     5.5s    0.0078    95.0%    95.0%    96.9%       15%/85%/0%    0.868    0.053     5.0%     0.0%   2.1062   0.0098     7.3%
   914     7.1s    0.0104   100.0%   100.0%   100.0%        1%/99%/0%    1.470    0.051     0.0%     0.0%   1.3615   0.0058     4.7%
   915     7.6s    0.0115   100.0%   100.0%   100.0%        2%/98%/0%    1.226    0.119     0.0%     0.0%   1.9823   0.0173     5.9%
   916    13.5s    0.0056    95.0%    95.0%    97.3%        3%/97%/0%    2.266    0.060     5.0%     0.0%   1.4720   0.0086     5.1%
   917     2.6s    0.0171   100.0%   100.0%   100.0%        9%/90%/2%    0.772    0.047     0.0%     0.0%   1.0972   0.0201     9.0%
   918     8.1s    0.0079    95.0%    95.0%    99.5%        9%/90%/1%    1.611    0.053     5.0%     0.0%   1.3901   0.0332     6.2%
   919    13.6s    0.0051    90.0%    90.0%    98.5%       14%/86%/0%    2.241    0.063    10.0%     0.0%   1.5896   0.0130     8.4%
   920     8.5s    0.0066    90.0%    90.0%    97.6%        5%/92%/2%    1.696    0.132    10.0%     0.0%   1.3935   0.0198     6.9%
  [MA20] reward=0.0079 task_sr=89.0% miss=11.0% time_limit=0.0% v2v=0.5%
  [RWRD] r_prog=0.0275 r_term=0.0390 r_illegal=0.0000
  [PPO ] p_loss=0.0035 v_loss=0.2173 entropy=1.3935 grad=4.6721 active=100.0%
  [SIM ] avg_power(a)=0.4464 rsu_q=7.571 tx=191 no_tx=11 deadlock=0 svc=0.000GHz idle=0.0%

    Ep    Wall    R/step     T_SR     V_SR     S_SR            L/R/V   Lat(s)       En     Miss      Ill      Ent       KL     Clip
--------------------------------------------------------------------------------------------------------------------------------
   921     7.1s    0.0088   100.0%   100.0%   100.0%        7%/92%/1%    1.650    0.048     0.0%     0.0%   1.3907   0.0261     7.3%
   922     3.2s    0.0147   100.0%   100.0%   100.0%        2%/95%/3%    0.856    0.062     0.0%     0.0%   1.1134   0.0478     8.0%
   923     7.3s    0.0079    90.0%    90.0%    98.0%       10%/89%/0%    1.641    0.064    10.0%     0.0%   1.2739   0.0096     7.2%
   924    12.0s    0.0066    85.0%    85.0%    95.6%        2%/98%/0%    1.851    0.084    15.0%     0.0%   1.6915   0.0082     6.0%
   925     2.7s    0.0189   100.0%   100.0%   100.0%       0%/100%/0%    0.742    0.048     0.0%     0.0%   1.0381   0.0277     3.3%
   926     3.2s    0.0160   100.0%   100.0%   100.0%        2%/98%/0%    0.784    0.067     0.0%     0.0%   1.1182   0.0272     8.7%
   927     3.0s    0.0174   100.0%   100.0%   100.0%        4%/96%/0%    0.772    0.073     0.0%     0.0%   1.0378   0.0247     7.1%
   928     9.8s    0.0080    95.0%    95.0%    99.5%       13%/87%/0%    1.810    0.080     5.0%     0.0%   1.5309   0.0229    11.6%
   929    14.1s    0.0055    90.0%    90.0%    96.6%        9%/91%/0%    2.361    0.062    10.0%     0.0%   1.3942   0.0325     7.3%
   930    19.4s    0.0041    45.0%    45.0%    84.5%       12%/88%/1%    2.169    0.145    55.0%     0.0%   2.0067   0.0165     7.2%
  [MA20] reward=0.0098 task_sr=93.2% miss=6.8% time_limit=0.0% v2v=0.5%
  [RWRD] r_prog=0.0425 r_term=-0.0010 r_illegal=0.0000
  [PPO ] p_loss=0.0015 v_loss=0.7335 entropy=2.0067 grad=17.6936 active=100.0%
  [SIM ] avg_power(a)=0.4426 rsu_q=7.690 tx=164 no_tx=22 deadlock=0 svc=0.000GHz idle=0.0%
   931    18.9s    0.0045    75.0%    75.0%    84.5%        2%/98%/0%    2.223    0.077    25.0%     0.0%   1.6479   0.0927    10.2%
   932    12.1s    0.0075   100.0%   100.0%   100.0%       0%/100%/0%    2.449    0.061     0.0%     0.0%   1.2661   0.0478     5.9%
   933     8.5s    0.0066    90.0%    90.0%    93.4%        6%/94%/0%    1.625    0.080    10.0%     0.0%   1.6219   0.0212     7.1%
   934     9.5s    0.0083    95.0%    95.0%    96.3%        4%/96%/0%    1.896    0.094     5.0%     0.0%   1.4797   0.0280     8.7%
   935    13.7s    0.0053    90.0%    90.0%    94.7%        1%/98%/0%    2.358    0.079    10.0%     0.0%   1.5182   0.0780     6.6%
   936     2.8s    0.0175   100.0%   100.0%   100.0%       0%/100%/0%    0.759    0.086     0.0%     0.0%   1.1163   0.0083     5.9%
   937    20.1s    0.0024    30.0%    30.0%    57.3%        5%/95%/1%    1.973    0.209    70.0%     0.0%   2.2211   0.0502     8.3%
   938     7.6s    0.0087   100.0%   100.0%   100.0%       0%/100%/0%    1.571    0.053     0.0%     0.0%   1.3531   0.0117     5.6%
   939     7.8s    0.0089   100.0%   100.0%   100.0%        4%/96%/0%    1.781    0.087     0.0%     0.0%   1.2754   0.0167     8.1%
   940    13.1s    0.0046    65.0%    65.0%    83.7%        1%/99%/0%    1.853    0.137    35.0%     0.0%   1.7008   0.0415     8.6%
  [MA20] reward=0.0091 task_sr=87.5% miss=12.5% time_limit=0.0% v2v=0.3%
  [RWRD] r_prog=0.0303 r_term=0.0161 r_illegal=0.0000
  [PPO ] p_loss=0.0009 v_loss=0.4631 entropy=1.7008 grad=23.7173 active=100.0%
  [SIM ] avg_power(a)=0.4177 rsu_q=4.966 tx=173 no_tx=2 deadlock=0 svc=0.000GHz idle=0.0%

    Ep    Wall    R/step     T_SR     V_SR     S_SR            L/R/V   Lat(s)       En     Miss      Ill      Ent       KL     Clip
--------------------------------------------------------------------------------------------------------------------------------
   941     2.7s    0.0210   100.0%   100.0%   100.0%        0%/99%/1%    0.705    0.038     0.0%     0.0%   0.8521   0.0577     4.6%
   942     3.5s    0.0135   100.0%   100.0%   100.0%       0%/100%/0%    0.902    0.059     0.0%     0.0%   1.2591   0.0101     4.6%
   943     2.9s    0.0172   100.0%   100.0%   100.0%       0%/100%/0%    0.812    0.066     0.0%     0.0%   0.9993   0.0058     6.5%
   944     6.1s    0.0111   100.0%   100.0%   100.0%        1%/99%/0%    1.504    0.061     0.0%     0.0%   1.2032   0.0138     5.3%
   945     8.8s    0.0076    95.0%    95.0%    99.5%       0%/100%/0%    1.748    0.064     5.0%     0.0%   1.3934   0.0263     6.6%
   946     7.3s    0.0108   100.0%   100.0%   100.0%       0%/100%/0%    1.521    0.036     0.0%     0.0%   1.3705   0.0111     6.6%
   947     8.5s    0.0066    90.0%    90.0%    92.1%        2%/98%/0%    1.549    0.074    10.0%     0.0%   1.5238   0.0263     6.6%
   948    18.7s    0.0023    20.0%    20.0%    64.6%        2%/98%/0%    1.902    0.197    80.0%     0.0%   1.9250   0.0185     7.0%
   949    12.1s    0.0071   100.0%   100.0%   100.0%        2%/98%/0%    2.340    0.091     0.0%     0.0%   1.2233   0.0093     7.3%
   950     3.3s    0.0112   100.0%   100.0%   100.0%        1%/99%/0%    0.880    0.046     0.0%     0.0%   1.3864   0.0212     5.3%
  [MA20] reward=0.0091 task_sr=87.5% miss=12.5% time_limit=0.0% v2v=0.1%
  [RWRD] r_prog=0.0186 r_term=0.0931 r_illegal=0.0000
  [PPO ] p_loss=-0.0062 v_loss=0.0552 entropy=1.3864 grad=28.2730 active=100.0%
  [SIM ] avg_power(a)=0.4244 rsu_q=1.941 tx=127 no_tx=1 deadlock=0 svc=0.000GHz idle=0.0%
   951     3.3s    0.0157   100.0%   100.0%   100.0%       0%/100%/0%    0.802    0.042     0.0%     0.0%   1.2902   0.0042     6.8%
   952     3.9s    0.0086    95.0%    95.0%    98.6%        4%/96%/0%    0.923    0.054     5.0%     0.0%   1.3895   0.0127     7.1%
   953     7.5s    0.0103   100.0%   100.0%   100.0%       0%/100%/0%    1.569    0.053     0.0%     0.0%   1.4002   0.0020     4.9%
   954    17.2s    0.0039    50.0%    50.0%    64.7%        4%/96%/0%    1.686    0.156    50.0%     0.0%   2.0690   0.0121     7.0%
   955     2.6s    0.0192   100.0%   100.0%   100.0%       0%/100%/0%    0.776    0.065     0.0%     0.0%   0.9965  -0.0035     6.7%
   956     9.1s    0.0068    90.0%    90.0%    98.6%       0%/100%/0%    1.530    0.057    10.0%     0.0%   1.4464   0.0097     4.3%
   957    12.4s    0.0073   100.0%   100.0%   100.0%       0%/100%/0%    2.413    0.062     0.0%     0.0%   1.3713   0.0216     5.3%
   958    18.8s    0.0039    70.0%    70.0%    88.6%        2%/98%/0%    2.702    0.127    30.0%     0.0%   1.4956   0.0343     7.1%
   959     7.0s    0.0081   100.0%   100.0%   100.0%        0%/99%/1%    1.586    0.066     0.0%     0.0%   1.3363   0.0078     6.7%
   960     8.2s    0.0068    95.0%    95.0%    96.6%       0%/100%/0%    1.565    0.050     5.0%     0.0%   1.4945   0.0066     5.7%
  [MA20] reward=0.0100 task_sr=90.3% miss=9.8% time_limit=0.0% v2v=0.1%
  [RWRD] r_prog=0.0223 r_term=0.0452 r_illegal=0.0000
  [PPO ] p_loss=-0.0039 v_loss=0.1068 entropy=1.4945 grad=3.4426 active=100.0%
  [SIM ] avg_power(a)=0.4392 rsu_q=6.214 tx=201 no_tx=0 deadlock=0 svc=0.000GHz idle=0.0%

    Ep    Wall    R/step     T_SR     V_SR     S_SR            L/R/V   Lat(s)       En     Miss      Ill      Ent       KL     Clip
--------------------------------------------------------------------------------------------------------------------------------
   961     5.4s    0.0089    95.0%    95.0%    97.7%        1%/99%/0%    0.950    0.075     5.0%     0.0%   1.8483   0.0468     7.1%
   962     6.6s    0.0103   100.0%   100.0%   100.0%        1%/99%/0%    1.471    0.049     0.0%     0.0%   1.2432   0.0348     9.0%
   963     3.4s    0.0125   100.0%   100.0%   100.0%       0%/100%/0%    0.851    0.058     0.0%     0.0%   1.2941   0.0536     8.3%
   964     8.7s    0.0071    95.0%    95.0%    94.9%        3%/97%/0%    1.668    0.094     5.0%     0.0%   1.3672   0.0240     9.3%
   965     6.8s    0.0099   100.0%   100.0%   100.0%        1%/99%/0%    1.599    0.067     0.0%     0.0%   1.2324   0.0824     8.2%
   966    10.0s    0.0072    90.0%    90.0%    93.8%        2%/98%/0%    1.657    0.089    10.0%     0.0%   1.5408   0.0450     8.6%
   967    10.0s    0.0069    90.0%    90.0%    94.5%        3%/97%/0%    1.753    0.073    10.0%     0.0%   1.6124   0.0104     5.6%
   968     9.1s    0.0067    90.0%    90.0%    97.1%        1%/99%/0%    1.667    0.078    10.0%     0.0%   1.4222   0.0131     7.1%
   969     7.8s    0.0090   100.0%   100.0%   100.0%       0%/100%/0%    1.762    0.090     0.0%     0.0%   1.3080   0.0068     4.7%
   970     6.9s    0.0092   100.0%   100.0%   100.0%       0%/100%/0%    1.558    0.068     0.0%     0.0%   1.3069   0.0150     4.6%
  [MA20] reward=0.0089 task_sr=93.0% miss=7.0% time_limit=0.0% v2v=0.0%
  [RWRD] r_prog=0.0294 r_term=0.0628 r_illegal=0.0000
  [PPO ] p_loss=-0.0061 v_loss=0.0438 entropy=1.3069 grad=2.1520 active=100.0%
  [SIM ] avg_power(a)=0.4444 rsu_q=8.909 tx=193 no_tx=0 deadlock=0 svc=0.000GHz idle=0.0%
   971     8.1s    0.0065    85.0%    85.0%    87.5%        1%/98%/1%    1.129    0.090    15.0%     0.0%   2.1635   0.0148     7.1%
   972     7.2s    0.0078    95.0%    95.0%    94.5%       0%/100%/0%    1.526    0.055     5.0%     0.0%   1.3340   0.0089     4.4%
   973     2.9s    0.0172   100.0%   100.0%   100.0%       0%/100%/0%    0.781    0.057     0.0%     0.0%   1.0929   0.0189     6.3%
   974     6.4s    0.0081   100.0%   100.0%   100.0%        0%/99%/1%    1.531    0.049     0.0%     0.0%   1.3368   0.0240     5.1%
   975    11.2s    0.0085   100.0%   100.0%   100.0%       0%/100%/0%    2.076    0.047     0.0%     0.0%   1.3195   0.0085     6.0%
   976     3.1s    0.0171   100.0%   100.0%   100.0%       0%/100%/0%    0.795    0.043     0.0%     0.0%   1.0878   0.0025     7.8%
   977     6.4s    0.0085    95.0%    95.0%    99.2%        2%/98%/0%    1.062    0.113     5.0%     0.0%   1.9254  -0.0033     5.9%
   978     7.2s    0.0084   100.0%   100.0%   100.0%       0%/100%/0%    1.722    0.054     0.0%     0.0%   1.2670   0.0154     6.6%
   979     8.6s    0.0087   100.0%   100.0%   100.0%       0%/100%/0%    1.879    0.076     0.0%     0.0%   1.2886   0.0176     5.5%
   980     7.1s    0.0113   100.0%   100.0%   100.0%       0%/100%/0%    1.516    0.064     0.0%     0.0%   1.2124   0.0266     9.3%
  [MA20] reward=0.0095 task_sr=96.7% miss=3.3% time_limit=0.0% v2v=0.1%
  [RWRD] r_prog=0.0393 r_term=0.0734 r_illegal=0.0000
  [PPO ] p_loss=0.0216 v_loss=0.0343 entropy=1.2124 grad=3.6886 active=100.0%
  [SIM ] avg_power(a)=0.4374 rsu_q=11.789 tx=208 no_tx=1 deadlock=0 svc=0.000GHz idle=0.0%

    Ep    Wall    R/step     T_SR     V_SR     S_SR            L/R/V   Lat(s)       En     Miss      Ill      Ent       KL     Clip
--------------------------------------------------------------------------------------------------------------------------------
   981     7.0s    0.0102   100.0%   100.0%   100.0%       0%/100%/0%    1.260    0.139     0.0%     0.0%   1.7917   0.0262     7.0%
   982    20.4s    0.0039    75.0%    75.0%    83.4%       0%/100%/0%    2.561    0.100    25.0%     0.0%   1.5997   0.1011    16.4%
   983     9.8s    0.0065    90.0%    90.0%    95.3%       0%/100%/0%    1.736    0.055    10.0%     0.0%   1.4444   0.0019     5.7%
   984    10.3s    0.0061    80.0%    80.0%    88.8%       0%/100%/0%    1.796    0.108    20.0%     0.0%   1.6695   0.0161     6.2%
   985     8.7s    0.0078    95.0%    95.0%    98.4%       0%/100%/0%    1.573    0.070     5.0%     0.0%   1.5958   0.0096     5.6%
   986     2.8s    0.0169   100.0%   100.0%   100.0%       0%/100%/0%    0.814    0.084     0.0%     0.0%   0.9829   0.0104     4.8%
   987     7.8s    0.0076   100.0%   100.0%   100.0%       0%/100%/0%    1.780    0.067     0.0%     0.0%   1.3369   0.0065     7.1%
   988     4.3s    0.0125   100.0%   100.0%   100.0%       0%/100%/0%    0.904    0.073     0.0%     0.0%   1.4443   0.0215     7.3%
   989     7.0s    0.0097   100.0%   100.0%   100.0%       0%/100%/0%    1.628    0.071     0.0%     0.0%   1.2809   0.0091     7.2%
   990     3.2s    0.0133   100.0%   100.0%   100.0%       0%/100%/0%    0.866    0.087     0.0%     0.0%   1.1473   0.0059     6.7%
  [MA20] reward=0.0098 task_sr=95.7% miss=4.2% time_limit=0.0% v2v=0.1%
  [RWRD] r_prog=0.0203 r_term=0.1126 r_illegal=0.0000
  [PPO ] p_loss=0.0223 v_loss=0.0074 entropy=1.1473 grad=1.0723 active=100.0%
  [SIM ] avg_power(a)=0.4396 rsu_q=1.500 tx=136 no_tx=0 deadlock=0 svc=0.000GHz idle=0.0%
   991     6.5s    0.0103   100.0%   100.0%   100.0%       0%/100%/0%    1.537    0.060     0.0%     0.0%   1.2207   0.0148     4.4%
   992    12.0s    0.0062    80.0%    80.0%    85.0%        1%/99%/0%    1.696    0.072    20.0%     0.0%   1.5345   0.0099     6.1%
   993    16.4s    0.0056    90.0%    90.0%   100.0%       0%/100%/0%    2.607    0.107    10.0%     0.0%   1.2669   0.0088     6.2%
   994     7.4s    0.0087    95.0%    95.0%    95.6%       0%/100%/0%    1.130    0.076     5.0%     0.0%   1.8928   0.0265     9.0%
   995     6.7s    0.0097   100.0%   100.0%   100.0%       0%/100%/0%    1.550    0.075     0.0%     0.0%   1.3139   0.0153     7.1%
   996     7.1s    0.0103   100.0%   100.0%   100.0%       0%/100%/0%    1.576    0.035     0.0%     0.0%   1.3887   0.0163     8.1%
   997    13.4s    0.0063    95.0%    95.0%   100.0%       0%/100%/0%    2.535    0.053     5.0%     0.0%   1.3729   0.0265     7.3%
   998    15.2s    0.0052    65.0%    65.0%    75.3%        1%/99%/0%    1.926    0.120    35.0%     0.0%   1.9854   0.0169     7.7%
   999    13.8s    0.0063    95.0%    95.0%    99.2%       0%/100%/0%    2.356    0.081     5.0%     0.0%   1.4707   0.0193     7.5%
  1000     2.9s    0.0187   100.0%   100.0%   100.0%       0%/100%/0%    0.786    0.052     0.0%     0.0%   0.9168   0.0002     5.9%
  [MA20] reward=0.0091 task_sr=93.0% miss=7.0% time_limit=0.0% v2v=0.0%
  [RWRD] r_prog=0.0262 r_term=0.1610 r_illegal=0.0000
  [PPO ] p_loss=0.0093 v_loss=0.0186 entropy=0.9168 grad=4.2782 active=100.0%
  [SIM ] avg_power(a)=0.4057 rsu_q=2.300 tx=136 no_tx=0 deadlock=0 svc=0.000GHz idle=0.0%
  [Checkpoint] saved: ep1000.pth

[Train] completed: episodes=1000 best_reward=0.2472 best_success_rate(50ep)=0.9630
[Train] key outputs: /root/vecOffloadingSim/runs/run_1000ep_A_lrcritic_5e4_20260321/logs/metrics.csv, /root/vecOffloadingSim/runs/run_1000ep_A_lrcritic_5e4_20260321/logs/training_stats.csv, /root/vecOffloadingSim/runs/run_1000ep_A_lrcritic_5e4_20260321/models/best_model.pth, /root/vecOffloadingSim/runs/run_1000ep_A_lrcritic_5e4_20260321/models/last_model.pth

[Auto Plot] Generating training plots...
[DataRecorder] Training stats plots saved to: /root/vecOffloadingSim/runs/run_1000ep_A_lrcritic_5e4_20260321/plots
[Auto Plot] plot_results.py ...
[Auto Plot] ✓ Saved: fig_latency_with_baselines.png | ✓ Saved: fig_summary_dashboard.png | ✓ All plots saved to: /root/vecOffloadingSim/runs/run_1000ep_A_lrcritic_5e4_20260321/plots
[Auto Plot] plot_results.py done in 15.2s
[Auto Plot] generate_all_plots.py ...
[Auto Plot] ⚠ No baseline data found, skipping baseline comparison plot | ✓ All plots saved to: /root/vecOffloadingSim/runs/run_1000ep_A_lrcritic_5e4_20260321/plots |   Total plots: 8
[Auto Plot] generate_all_plots.py done in 6.9s
[DataRecorder] All plots generated in: /root/vecOffloadingSim/runs/run_1000ep_A_lrcritic_5e4_20260321/plots
[Auto Plot] jobs: ok=4 skipped=1 failed=0
[Auto Plot] generated figures: 35
[Auto Plot] sample: bias_annealing.png, cpu_efficiency.png, episode_duration.png, fig_constraint_health.png, fig_convergence_analysis.png, fig_convergence_baseline.png, fig_convergence_recheck.png, fig_decision_distribution.png
[Auto Plot] manifest: /root/vecOffloadingSim/runs/run_1000ep_A_lrcritic_5e4_20260321/plots/plot_manifest.json
[Postprocess] loaded env_reward.jsonl: /root/vecOffloadingSim/runs/run_1000ep_A_lrcritic_5e4_20260321/logs/env_reward.jsonl
✓ Wrote: /root/vecOffloadingSim/runs/run_1000ep_A_lrcritic_5e4_20260321/metrics/train_metrics_full.csv (rows=1000 cols=298)

[Launcher] finished_at=2026-03-21 03:10:40 CST
[Launcher] success
