episode,policy,total_reward,avg_step_reward,loss,veh_success_rate,vehicle_success_rate,task_success_rate,subtask_success_rate,v2v_subtask_success_rate,decision_frac_local,decision_frac_rsu,decision_frac_v2v,avg_power,avg_queue_len,avg_veh_queue,avg_rsu_queue,ma_fairness,ma_reward_gap,ma_collaboration,v2v_gain_mean,v2v_gain_pos_rate,v2v_gain_pos_mean,max_agent_reward,min_agent_reward,avg_assigned_cpu_ghz,episode_vehicle_count,episode_task_count,duration
1,,-25.79633120771153,-0.26056900209809625,0.6044681519269943,0.14,0.14,0.14,0.8244147157190636,0.9729064039408867,0.3763336566440349,0.22987390882638215,0.3937924345295829,0.49937856287272137,1.1135353535353536,1.1135353535353536,5.4646464646464645,0.3370679108344878,161.00938296053283,85.96059113300493,0.39213956063016825,0.8596059113300493,0.4743353389244111,50.47886522389064,-110.5305177366422,6.143556813680317,50,50,26.545572996139526
2,,-28.42131256322104,-0.30892731046979394,0.2313193678855896,0.02,0.02,0.02,0.7948936170212766,0.9398907103825137,0.4199004975124378,0.21592039800995025,0.3641791044776119,0.5006987151274781,1.1963043478260869,1.1963043478260869,5.076086956521739,0.6494440054610718,124.01899996733772,84.97267759562843,0.44115089177631556,0.8497267759562842,0.5381877220283334,51.03873838240433,-72.98026158493339,6.262494310373096,50,50,24.760340929031372
3,,-42.47910299871691,-0.3861736636246992,0.5784367322921753,0.04,0.04,0.04,0.7825020441537204,0.9539641943734015,0.4139626352015733,0.2015732546705998,0.38446411012782694,0.49502840952575206,1.0765454545454545,1.0765454545454545,4.245454545454545,0.6272520354186543,145.84672973538306,87.7237851662404,0.40391590474967953,0.8772378516624041,0.47661365362162844,49.9289587591649,-95.91777097621818,6.2177236534968365,50,50,30.25888705253601
4,,-31.83698596603101,-0.3152176828319902,0.49104055762290955,0.12,0.12,0.12,0.8345802161263508,0.9482758620689655,0.38978240302743616,0.2261116367076632,0.3841059602649007,0.49667986907129463,1.058019801980198,1.058019801980198,5.574257425742574,0.4543739374545988,128.84440755402287,85.4679802955665,0.4039003756267209,0.854679802955665,0.49257672889492804,49.43172770673961,-79.41267984728326,6.232164193436979,50,50,27.218083381652832
5,,-22.203543846153604,-0.22203543846153603,0.5090744197368622,0.12,0.12,0.12,0.8164251207729468,0.9436325678496869,0.359375,0.20036764705882354,0.44025735294117646,0.5013286634548567,1.172,1.172,5.12,0.3344959188465519,133.73537115861535,85.80375782881002,0.4049901654200489,0.8580375782881002,0.4917408396264265,50.87688216774035,-82.858488990875,5.824113664925724,50,50,27.995047569274902
6,,-53.221581747781194,-0.4751926941766178,0.8579294085502625,0.06,0.06,0.06,0.7919407894736842,0.9398148148148148,0.3849129593810445,0.19729206963249515,0.41779497098646035,0.5050421822092696,1.0458928571428572,1.0458928571428572,3.7857142857142856,0.6770353805227715,166.5632710608025,83.33333333333334,0.4167137042481039,0.8333333333333334,0.5212764955503146,51.1579864216399,-115.40528463916259,5.973049803959949,50,50,30.2369544506073
7,,-5.024723109456435,-0.052891822204804574,0.5354373268783092,0.36,0.36,0.36,0.8723051409618574,0.9620535714285714,0.3626373626373626,0.2271062271062271,0.41025641025641024,0.49616468949356163,1.024842105263158,1.024842105263158,6.042105263157895,0.014873894772168238,127.8054204380953,81.47321428571429,0.3212358911431291,0.8147321428571429,0.412856958511046,51.693885987073514,-76.11153445102178,6.67572547593997,50,50,24.962323904037476
8,,-47.99292711795083,-0.44853202913972734,0.6907977759838104,0.02,0.02,0.02,0.7497872340425532,0.9354066985645934,0.3657505285412262,0.19238900634249473,0.4418604651162791,0.5013005599460921,1.0671028037383177,1.0671028037383177,3.121495327102804,0.7977348170361522,142.21478230496243,86.60287081339713,0.4411778964510293,0.8660287081339713,0.5277166009145148,45.59182077850821,-96.62296152645422,5.993100441846683,50,50,29.18536353111267
9,,-31.14989466458746,-0.3146454006523986,0.517431785662969,0.1,0.1,0.1,0.84,0.9452332657200812,0.32949087415946204,0.19692603266090297,0.473583093179635,0.5049303596389639,1.0543434343434344,1.0543434343434344,4.090909090909091,0.45794835169596393,131.87359853636778,84.58417849898579,0.34629160621217303,0.845841784989858,0.42939251496291425,53.15392416354704,-78.71967437282073,6.085192390877187,50,50,25.913482427597046
10,,-18.677717601177683,-0.21224679092247367,0.7111355066299438,0.1,0.1,0.1,0.8296795952782462,0.96875,0.3173537871524449,0.19175455417066156,0.49089165867689355,0.49887022812300447,1.1952272727272728,1.1952272727272728,4.045454545454546,0.3016186950782952,118.1890859680116,86.9140625,0.3988440470321497,0.869140625,0.4760439992430028,51.454737155401006,-66.73434881261059,6.27526382950258,50,50,24.4179847240448
11,,-25.422469451242495,-0.26760494159202625,0.8492794036865234,0.04,0.04,0.04,0.8283828382838284,0.9401869158878504,0.3180970149253731,0.1828358208955224,0.49906716417910446,0.5036915169402368,1.2021052631578948,1.2021052631578948,3.905263157894737,0.5502495640903131,108.42692798311441,82.80373831775701,0.3296514252636082,0.8280373831775701,0.423344692280491,50.724503686194836,-57.702424296919574,6.094219764201232,50,50,25.582221746444702
12,,-24.880392293743473,-0.23923454128599492,0.4985012610753377,0.24,0.24,0.24,0.8983193277310925,0.9542857142857143,0.3237150586113616,0.20288548241659152,0.4733994589720469,0.5029710098711523,0.9690384615384615,0.9690384615384615,4.875,0.22525109152173028,158.7511921956077,84.0,0.3438473419182407,0.84,0.4266913507007435,52.95939851383996,-105.79179368176774,6.501280840463366,50,50,26.878870725631714
13,,-38.997912441847866,-0.37140868992236065,0.43550732731819153,0.14,0.14,0.14,0.8478073946689596,0.9480249480249481,0.3566634707574305,0.18216682646212848,0.46116970278044106,0.5049183755747619,1.0224761904761905,1.0224761904761905,3.6285714285714286,0.4650439786750709,182.76680184937118,84.82328482328482,0.3512678245076987,0.8482328482328483,0.4377488640486775,49.61894626468582,-133.14785558468537,6.186711139521375,50,50,27.005907773971558
14,,-4.496488078919797,-0.048874870423041276,0.48845499753952026,0.34,0.34,0.34,0.8887029288702929,0.9574898785425101,0.3565610859728507,0.19638009049773755,0.4470588235294118,0.5032565133113657,1.0458695652173913,1.0458695652173913,5.5,0.01233672697826229,137.68144276713036,83.80566801619433,0.33387474941659234,0.8380566801619433,0.417263867687738,51.29982446525254,-86.38161830187781,6.693952550167892,50,50,23.503636121749878
15,,-24.09640652185411,-0.2484165620809702,0.1653374582529068,0.1,0.1,0.1,0.8256198347107438,0.9556025369978859,0.3520456707897241,0.19790675547098002,0.45004757373929594,0.4956838200621537,1.1738144329896907,1.1738144329896907,4.762886597938144,0.34361833982522344,194.9232682292997,84.98942917547568,0.41275079396863174,0.8498942917547568,0.5061562336519161,49.61703398818632,-145.30623424111337,5.872225338665229,50,50,25.590975522994995
16,,-41.91948153476023,-0.38458239940147,0.5159573018550873,0.12,0.12,0.12,0.8561702127659574,0.9526627218934911,0.3132075471698113,0.20849056603773586,0.47830188679245284,0.5047601405884046,0.9831192660550458,0.9831192660550458,3.7247706422018347,0.526234452617192,152.04555331687504,89.15187376725838,0.4080820033715408,0.8915187376725838,0.4714194938291532,50.17411648571793,-101.87143683115711,5.856738846719532,50,50,28.76199436187744
17,,-34.96889321640673,-0.3362393578500647,0.4027950188943318,0.1,0.1,0.1,0.7934156378600823,0.9508928571428571,0.3624878522837707,0.2021379980563654,0.43537414965986393,0.49907636340371725,1.101923076923077,1.101923076923077,4.0576923076923075,0.509319601475167,135.8427653031976,81.91964285714286,0.37006814309323627,0.8191964285714286,0.4754348783818528,49.38489796889544,-86.45786733430216,5.516462330060961,50,50,27.98845410346985
18,,-34.51151951679526,-0.3383482305568163,0.463529109954834,0.08,0.08,0.08,0.8119227539882452,0.9486081370449678,0.3533980582524272,0.19320388349514564,0.4533980582524272,0.4972501818694439,1.1168627450980393,1.1168627450980393,4.049019607843137,0.5282286911718028,139.10960281785276,84.36830835117773,0.38815174834645644,0.8436830835117773,0.47954839626836276,49.73214416061016,-89.37745865724261,6.024784708796156,50,50,26.71280837059021
19,,-26.769484021488868,-0.284781744909456,0.39054086431860924,0.08,0.08,0.08,0.7956081081081081,0.9196428571428571,0.3359683794466403,0.22134387351778656,0.4426877470355731,0.4972318750519821,1.1253191489361702,1.1253191489361702,5.6063829787234045,0.45166244748590506,134.6849368473296,83.92857142857143,0.3817420575166702,0.8392857142857143,0.4803708743329982,51.34246777681993,-83.34246907050965,5.835730364368719,50,50,25.44237518310547
20,,-19.27097117033335,-0.19866980587972527,0.3613188995255364,0.2,0.2,0.2,0.8494176372712147,0.9558541266794626,0.33209302325581397,0.18325581395348836,0.4846511627906977,0.4986841331386324,1.0783505154639175,1.0783505154639175,3.8350515463917527,0.20951401395046584,144.79608589576674,84.64491362763916,0.39668542929830863,0.8464491362763915,0.48953470607142074,52.41444735867819,-92.38163853708853,6.45301658151447,50,50,24.9728946685791
21,,-36.77179354584587,-0.34047956986894323,0.37901855792318073,0.1,0.1,0.1,0.8403565640194489,0.9554140127388535,0.3593033913840513,0.20898258478460127,0.4317140238313474,0.5053789384141824,1.0227777777777778,1.0227777777777778,4.916666666666667,0.4972011739533096,152.58367904886495,87.04883227176221,0.35776044426317805,0.8704883227176221,0.43667822214074864,50.349896577948755,-102.2337824709162,6.145078080618715,50,50,29.110289096832275
22,,-27.12274905694996,-0.2825286360098954,0.17455844581127167,0.06,0.06,0.06,0.7875,0.9445843828715366,0.3968253968253968,0.20932539682539683,0.39384920634920634,0.5047981470117034,1.1914583333333333,1.1914583333333333,4.28125,0.5473591172021824,126.3246610172953,81.36020151133502,0.42079296634859487,0.8136020151133502,0.542759948716604,44.36057615051568,-81.96408486677961,5.6958089793753315,50,50,25.425880908966064
23,,-15.321120581122553,-0.17023467312358392,0.22795921564102173,0.12,0.12,0.12,0.834592779177162,0.9428571428571428,0.3565965583173996,0.2084130019120459,0.4349904397705545,0.5018748177025053,1.1784444444444444,1.1784444444444444,5.544444444444444,0.20599973397099275,146.13442834065506,84.61538461538461,0.3696812092972377,0.8461538461538461,0.4580374797543344,52.02168506635172,-94.11274327430334,6.126843817469764,50,50,24.437666654586792
24,,-23.413849601156876,-0.24389426667871747,0.26460045874118804,0.14,0.14,0.14,0.7995008319467554,0.9403973509933775,0.3824390243902439,0.17560975609756097,0.4419512195121951,0.49800588802376294,1.2483333333333333,1.2483333333333333,3.3229166666666665,0.2998622996904628,168.372967582449,83.44370860927152,0.38979396620102597,0.8344370860927153,0.4887297960651231,51.84497397241937,-116.52799361002965,5.969968238543428,50,50,25.042124032974243
25,,-26.027938491196924,-0.273978299907336,0.22537100439270338,0.14,0.14,0.14,0.8188775510204082,0.960880195599022,0.4152046783625731,0.1861598440545809,0.398635477582846,0.5016489190764137,1.1265263157894736,1.1265263157894736,3.8421052631578947,0.3594602758057383,144.65410879158293,82.88508557457213,0.3527847093443941,0.8288508557457213,0.4456692631368886,52.414356457277066,-92.23975233430585,6.1529983635242225,50,50,25.1718966960907
26,,-29.364300465479534,-0.2907356481730647,0.552534818649292,0.1,0.1,0.1,0.8229942100909843,0.9478672985781991,0.41064638783269963,0.188212927756654,0.4011406844106464,0.5001453638945402,1.1704950495049504,1.1704950495049504,3.900990099009901,0.41818057032588635,153.0510341670937,82.70142180094787,0.35285754156987753,0.8270142180094787,0.4545671813738366,50.39129095958858,-102.6597432075051,6.15066361502224,50,50,26.47865390777588
27,,-21.004466859103292,-0.2079650184069633,0.25860609114170074,0.22,0.22,0.22,0.8420621931260229,0.9606481481481481,0.387037037037037,0.21296296296296297,0.4,0.4959146288620068,1.1223762376237625,1.1223762376237625,4.485148514851486,0.19890722805349473,154.56987262969193,80.55555555555556,0.3573297676366045,0.8055555555555556,0.47040857979915757,50.123363533086874,-104.44650909660506,6.1984353910788315,50,50,27.082666873931885
28,,-8.787224072106074,-0.09153358408443828,0.32163816690444946,0.28,0.28,0.28,0.8576131687242798,0.9540229885057471,0.38644688644688646,0.21520146520146521,0.3983516483516483,0.5021601641327531,1.1516666666666666,1.1516666666666666,5.208333333333333,0.04876795317903482,126.34855125988368,85.0574712643678,0.3623359479674116,0.8505747126436781,0.44357040213577625,51.51547980609885,-74.83307145378483,6.464598001487894,50,50,24.811596393585205
29,,-15.498284302080418,-0.17031081650637822,0.23342029750347137,0.18,0.18,0.18,0.8375,0.9503239740820735,0.3745283018867924,0.18867924528301888,0.4367924528301887,0.4949503204228029,1.212967032967033,1.212967032967033,4.417582417582418,0.18370275893347304,115.0438622318401,82.72138228941685,0.3878189039659967,0.8272138228941684,0.4924891379955735,51.260072118134545,-63.78379011370555,6.4024950913166,50,50,25.341573238372803
30,,-28.583384537239077,-0.26466096793739885,0.2230841964483261,0.18,0.18,0.18,0.8470209339774557,0.9588100686498856,0.386219401631913,0.21758839528558477,0.39619220308250225,0.4960574945096461,1.0316666666666667,1.0316666666666667,5.75,0.3456405568987976,138.6519371450725,84.89702517162472,0.39624358699301243,0.8489702517162472,0.48358925684347515,53.10775661407361,-85.5441805309989,6.485737985145966,50,50,28.082056999206543
31,,-45.344803240151315,-0.4085117409022641,0.16391779482364655,0.12,0.12,0.12,0.8047138047138047,0.965034965034965,0.37364798426745327,0.20452310717797442,0.4218289085545723,0.49524096108058485,1.0048648648648648,1.0048648648648648,4.117117117117117,0.557799745662943,157.7628558861718,86.01398601398601,0.4264740408185672,0.8601398601398601,0.5162246005458712,48.929105104563504,-108.83375078160827,6.037081371293319,50,50,29.27147912979126
32,,-13.865377309348737,-0.1612253175505667,0.12274854630231857,0.1,0.1,0.1,0.8780082987551867,0.9645669291338582,0.34445446348061315,0.19747520288548243,0.4580703336339044,0.4972416132398296,1.2213953488372093,1.2213953488372093,5.604651162790698,0.2199614915422721,118.56508027924265,79.92125984251969,0.3278240869858305,0.7992125984251969,0.43343236417347736,50.750155780458925,-67.81492449878372,6.3060302339337575,50,50,23.151089906692505
33,,-13.681361781467125,-0.1487104541463818,0.4612768888473511,0.2,0.2,0.2,0.8516666666666667,0.9766454352441614,0.33457943925233646,0.2252336448598131,0.44018691588785047,0.4936170213835557,1.1134782608695653,1.1134782608695653,6.260869565217392,0.1296345246662217,137.3671406474863,82.37791932059449,0.38243657873807807,0.8237791932059448,0.48525127574110744,52.56312912693593,-84.80401152055039,6.408680312885888,50,50,24.351540565490723
34,,-33.19000351547867,-0.33867350525998646,0.21648329898016527,0.08,0.08,0.08,0.7975103734439835,0.9568527918781726,0.3937924345295829,0.22405431619786614,0.3821532492725509,0.49672553924625096,1.1802040816326531,1.1802040816326531,5.571428571428571,0.5114283097266294,139.5555710910589,82.48730964467005,0.40172908651633565,0.8248730964467005,0.5131233566306337,48.91103937502285,-90.64453171603606,6.057850545619099,50,50,26.1197669506073
35,,-39.07012414335613,-0.35844150590234986,0.2943404257297516,0.16,0.16,0.16,0.8075970272502064,0.9643652561247216,0.3528846153846154,0.2153846153846154,0.43173076923076925,0.4964482547727268,1.033394495412844,1.033394495412844,4.981651376146789,0.42433174436540705,171.48197327646255,82.85077951002228,0.3984920307385128,0.8285077951002228,0.5035767292766178,49.98531219964214,-121.4966610768204,6.27286775054767,50,50,28.362488508224487
36,,-33.864538187142145,-0.33864538187142146,0.1737267474333445,0.06,0.06,0.06,0.835696413678065,0.9733924611973392,0.35660377358490564,0.2179245283018868,0.42547169811320756,0.49772522044703366,1.0996,1.0996,5.28,0.5667854994986408,141.6767441597952,82.48337028824834,0.3371857584343656,0.8248337028824834,0.4338078710368068,49.10312920713778,-92.57361495265742,5.8378934738408805,50,50,25.5794677734375
37,,-36.15670565439711,-0.34434957766092483,0.1456373861680428,0.1,0.1,0.1,0.8296296296296296,0.9449152542372882,0.3691588785046729,0.1897196261682243,0.4411214953271028,0.49639236312270874,1.1001904761904762,1.1001904761904762,4.266666666666667,0.5345092539123806,134.63858156594375,82.20338983050848,0.3501528849488003,0.8220338983050848,0.4630187531077225,51.46720513251334,-83.17137643343042,6.101891661800542,50,50,27.508333206176758
38,,-24.223595057097544,-0.2632999462727994,0.2248207545490004,0.1,0.1,0.1,0.7826810990840966,0.9572446555819477,0.3898305084745763,0.19042871385842472,0.419740777666999,0.4918680313701296,1.213695652173913,1.213695652173913,4.4021739130434785,0.4026551974345092,127.67672639671235,83.3729216152019,0.37951067359209256,0.833729216152019,0.47686376410116393,52.40896119907557,-75.26776519763679,5.850639678409466,50,50,24.273497104644775
39,,-22.688376489197488,-0.22688376489197487,0.246039147178332,0.16,0.16,0.16,0.8116776315789473,0.9427917620137299,0.3862332695984704,0.1959847036328872,0.41778202676864246,0.4918722270710394,1.1774,1.1774,4.1,0.2892420787864675,131.4180135771482,82.6086956521739,0.418225248020551,0.8260869565217391,0.5328575919886603,51.38885425547454,-80.02915932167365,6.267889527954699,50,50,26.07541799545288
40,,-22.57522619621673,-0.2327342906826467,0.18162881629541516,0.16,0.16,0.16,0.8547297297297297,0.9680170575692963,0.36045411542100286,0.195837275307474,0.44370860927152317,0.4973142198951358,1.1065979381443298,1.1065979381443298,4.845360824742268,0.29864726131727753,127.01986385897783,82.72921108742004,0.33066177339596414,0.8272921108742004,0.41899321080783797,51.76376704828023,-75.2560968106976,6.419914799887655,50,50,25.45338773727417
41,,-13.717813640319088,-0.14910667000346836,0.23484909534454346,0.18,0.18,0.18,0.8529657477025898,0.9561752988047809,0.36152416356877326,0.17193308550185873,0.46654275092936803,0.4953533753722339,1.166304347826087,1.166304347826087,4.217391304347826,0.16857791761672128,107.8496691879707,85.85657370517929,0.3857801203252614,0.8585657370517928,0.4634495107211837,51.547499966264205,-56.30216922170651,6.280635386486147,50,50,25.3457453250885
42,,-21.48098863314621,-0.23097837239942162,0.1686111600138247,0.08,0.08,0.08,0.8290668868703551,0.9666666666666667,0.39528301886792455,0.180188679245283,0.42452830188679247,0.4930547200471804,1.18752688172043,1.18752688172043,3.774193548387097,0.3777174885665537,119.07560597698712,84.0,0.3594779217423912,0.84,0.44866250150352793,49.52767869531971,-69.54792728166741,6.3837517134557515,50,50,24.17702317237854
43,,-23.536982304715423,-0.25039342877356835,0.220045804977417,0.08,0.08,0.08,0.7872696817420436,0.9572446555819477,0.3756243756243756,0.2037962037962038,0.4205794205794206,0.4980732474402782,1.284255319148936,1.284255319148936,4.074468085106383,0.4533553586662624,130.14177622717662,84.08551068883611,0.43145609708912963,0.8408551068883611,0.5385027138497797,49.160169438148344,-80.98160678902828,5.467843809457484,50,50,25.011974334716797
44,,-31.346843348046306,-0.32316333348501347,0.2617040015757084,0.04,0.04,0.04,0.7493816982687551,0.9355608591885441,0.3916581892166836,0.18209562563580875,0.4262461851475076,0.4982190318563089,1.263298969072165,1.263298969072165,3.422680412371134,0.6188995072596748,133.13186839937578,84.7255369928401,0.43531327244070883,0.847255369928401,0.5361967378196869,46.62963591531115,-86.50223248406463,5.274750041849704,50,50,26.057393074035645
45,,-8.798302113890033,-0.09668463861417619,0.3059444725513458,0.26,0.26,0.26,0.8955349620893007,0.9777327935222672,0.35063752276867033,0.1994535519125683,0.44990892531876137,0.4956719261587976,1.0538461538461539,1.0538461538461539,5.054945054945055,0.0520550405713345,127.39223207267057,83.80566801619433,0.31679935494960326,0.8380566801619433,0.4009121064739261,51.63856644399515,-75.7536656286754,6.443489579073992,50,50,23.383894205093384
46,,-33.7108964009616,-0.33049898432315294,0.18235136568546295,0.08,0.08,0.08,0.8120860927152318,0.9511201629327902,0.32855778414517667,0.20248328557784145,0.4689589302769819,0.49707172628437335,1.1627450980392158,1.1627450980392158,3.9705882352941178,0.5580612216843749,142.42315423131475,86.76171079429736,0.4198743754857907,0.8676171079429735,0.5027562988940198,50.757607960261154,-91.66554627105359,6.041527040907661,50,50,27.36134099960327
47,,-36.57189625072031,-0.3516528485646183,0.009540911763906479,0.08,0.08,0.08,0.7978723404255319,0.9139072847682119,0.3923809523809524,0.1761904761904762,0.43142857142857144,0.4896046473350949,1.1096153846153847,1.1096153846153847,3.451923076923077,0.5419891447212896,168.11418785550418,83.44370860927152,0.4204559559148611,0.8344370860927153,0.5288773161065109,48.23991681388811,-119.87427104161608,5.864514953743737,50,50,27.326655864715576
48,,-16.38637115346323,-0.17069136618190864,0.326386421918869,0.16,0.16,0.16,0.8474855729596042,0.9489559164733179,0.3935483870967742,0.20921658986175115,0.3972350230414747,0.4998766663251445,1.2370833333333333,1.2370833333333333,4.447916666666667,0.20770315472745307,111.76615267059185,83.29466357308584,0.4124467526046826,0.8329466357308585,0.5238991333394184,50.66113969870777,-61.10501297188407,6.130514927824206,50,50,25.28072237968445
49,,-21.388551923320307,-0.21604597902343745,0.09603109769523144,0.14,0.14,0.14,0.854080791426216,0.9605263157894737,0.3305785123966942,0.18089990817263543,0.4885215794306703,0.4948616036998503,1.1567676767676767,1.1567676767676767,3.909090909090909,0.29020178356739434,123.7446931269275,86.2781954887218,0.35397916897718423,0.8627819548872181,0.42558776775728774,51.59008171958379,-72.15461140734371,5.873055518612066,50,50,26.426731824874878
50,,-11.972819618872233,-0.13605476839627537,0.23458878695964813,0.2,0.2,0.2,0.847771236333053,0.9496981891348089,0.3173258003766478,0.21468926553672316,0.467984934086629,0.4929099599667825,1.1663636363636363,1.1663636363636363,6.2272727272727275,0.12150623676223408,115.9305708021648,83.5010060362173,0.3546028093129297,0.8350100603621731,0.4457862761284021,50.60820665012802,-65.32236415203678,5.949121506726467,50,50,23.048580646514893
51,,-39.25993581709947,-0.38490133154019085,0.09977178353195389,0.0,0.0,0.0,0.7389491242702252,0.9104166666666667,0.3364485981308411,0.16510903426791276,0.4984423676012461,0.4960782756782411,1.2325490196078432,1.2325490196078432,3.392156862745098,0.7376558866863057,92.26452155253305,83.95833333333333,0.4268486220225281,0.8395833333333333,0.5336142023470436,-6.040555669339602,-98.30507722187265,5.404579354116835,50,50,26.688717126846313
52,,-11.970000948431075,-0.12734043562160718,0.28456689715385436,0.22,0.22,0.22,0.8676470588235294,0.9528301886792453,0.3000898472596586,0.22371967654986524,0.47619047619047616,0.4936119353783099,1.118936170212766,1.118936170212766,6.382978723404255,0.11329551681621046,118.76141328342169,84.15094339622642,0.36786472669988945,0.8415094339622642,0.4607656844279963,48.94374388822754,-69.81766939519414,6.210606649834516,50,50,24.847917079925537
53,,-18.94087840372743,-0.20587911308399381,0.2748183310031891,0.1,0.1,0.1,0.8296296296296296,0.9523809523809523,0.2664783427495292,0.2193973634651601,0.5141242937853108,0.4900933452843405,1.192608695652174,1.192608695652174,6.0,0.3451071635214489,124.76913358923198,84.43223443223444,0.372844819337585,0.8443223443223443,0.4632635338548119,49.91849537613469,-74.8506382130973,5.813196248345486,50,50,24.888259172439575
54,,-9.162229005454389,-0.10779092947593398,0.32460296154022217,0.18,0.18,0.18,0.8763759525825572,0.9568480300187617,0.27726432532347506,0.2301293900184843,0.4926062846580407,0.4941415337679141,1.1545882352941177,1.1545882352941177,6.470588235294118,0.08626132193864469,106.61005272118842,82.92682926829268,0.3806693116121821,0.8292682926829268,0.47933471673692,48.427403797078995,-58.18264892410942,6.581435442809685,50,50,21.924153089523315
55,,-19.763480233475175,-0.19003346378341515,0.26782531042893726,0.24,0.24,0.24,0.8947368421052632,0.9754253308128544,0.3129432624113475,0.21808510638297873,0.46897163120567376,0.4925041891153579,1.0151923076923077,1.0151923076923077,5.519230769230769,0.18204143254393448,132.54295021494488,82.98676748582231,0.321160797289862,0.8298676748582231,0.4115726701675258,52.85847803059738,-79.68447218434751,6.249320189239734,50,50,26.577945947647095
56,,-18.238364219702074,-0.20042158483189093,0.2435341626405716,0.16,0.16,0.16,0.8513169073916738,0.9520426287744227,0.2728989612842304,0.1954674220963173,0.5316336166194523,0.4981805306903322,1.154065934065934,1.154065934065934,4.329670329670329,0.23445218025039252,138.063090905681,84.36944937833037,0.380792304712346,0.8436944937833037,0.46985443387661624,49.154539700066856,-88.90855120561416,6.1957577346283506,50,50,23.571471691131592
57,,-22.60408768284413,-0.22604087682844132,0.24650190770626068,0.12,0.12,0.12,0.8506972928630024,0.9486725663716814,0.2897623400365631,0.19378427787934185,0.5164533820840951,0.4979844934304245,1.15,1.15,4.53,0.3462495045980317,129.71336459023206,83.53982300884955,0.389050119045919,0.8353982300884956,0.48875171981953847,50.232894489099564,-79.48047010113251,6.178066932908058,50,50,26.346513748168945
58,,-28.658875800855146,-0.2837512455530212,0.22952666878700256,0.08,0.08,0.08,0.8641975308641975,0.9626998223801065,0.28284671532846717,0.20346715328467152,0.5136861313868614,0.4923059316320658,1.0970297029702971,1.0970297029702971,4.297029702970297,0.4330525723256561,170.6495916416061,82.59325044404974,0.36069071373569606,0.8259325044404974,0.46133794325194794,47.729036916266296,-122.92055472533981,6.45441935314484,50,50,26.555545330047607
59,,-16.723653912106023,-0.18790622373152835,0.18271279335021973,0.14,0.14,0.14,0.8521008403361344,0.9529837251356239,0.2719626168224299,0.21121495327102804,0.516822429906542,0.48943917149489513,1.1568539325842697,1.1568539325842697,5.269662921348314,0.2402224584428898,122.96532096039309,85.71428571428571,0.3455558880860002,0.8571428571428571,0.42540180897802093,51.34306147641445,-71.62225948397864,6.320147746581079,50,50,23.135504245758057
60,,0.18189453216074158,0.001998841012755402,0.4619647264480591,0.34,0.34,0.34,0.9006462035541195,0.976271186440678,0.2719374456993918,0.2154648132059079,0.5125977410947002,0.4878138414863497,1.1145054945054944,1.1145054945054944,6.351648351648351,2.318540357183604e-05,139.58479561913123,81.86440677966101,0.3051836603132118,0.8186440677966101,0.39182257398039055,50.78467657478696,-88.80011904434429,6.594006762996771,50,50,24.952177047729492
61,,-37.70667324901324,-0.34913586341678926,0.3120810594409704,0.08,0.08,0.08,0.833195706028076,0.9411764705882353,0.27861163227016883,0.21106941838649157,0.5103189493433395,0.4918153392514904,1.0542592592592592,1.0542592592592592,4.342592592592593,0.5580725909055694,162.52610838032413,82.90441176470588,0.38919893889763013,0.8290441176470589,0.49053540671836926,50.21565815315637,-112.31045022716776,6.312355057922789,50,50,27.82346749305725
62,,0.8270615746185616,0.009616995053704204,0.41289022564888,0.36,0.36,0.36,0.8878737541528239,0.9829059829059829,0.25888787602552416,0.20783956244302643,0.5332725615314494,0.49012276385553444,1.1113953488372093,1.1113953488372093,5.1976744186046515,0.0005205713041698546,117.61354470936321,84.27350427350427,0.31914018886796497,0.8427350427350427,0.39696482254202947,49.40994201906901,-68.2036026902942,6.403289817749227,50,50,22.77416491508484
63,,-13.989178768680151,-0.15205629096391468,0.2045392796397209,0.16,0.16,0.16,0.8520032706459526,0.9492119089316988,0.26138433515482695,0.2185792349726776,0.5200364298724954,0.49038751207838727,1.1682608695652175,1.1682608695652175,5.434782608695652,0.17187208951484992,110.66444259779067,85.98949211908932,0.3901175407304843,0.8598949211908932,0.4721408467657035,49.55693035604524,-61.107512241745425,6.04836658087579,50,50,25.48889923095703
64,,-35.00056491658245,-0.3571486215977801,0.2245109412553055,0.04,0.04,0.04,0.773067331670823,0.9282786885245902,0.3033033033033033,0.2082082082082082,0.48848848848848847,0.48481982506863885,1.1873469387755102,1.1873469387755102,4.23469387755102,0.6402982848159775,132.55141714541008,87.09016393442623,0.4195652677061528,0.8709016393442623,0.5015228437699925,45.97335193219553,-86.57806521321456,5.797266900880997,50,50,26.150757789611816
65,,-16.8427661834576,-0.1811050127253505,0.2847829759120941,0.18,0.18,0.18,0.8475147430497051,0.951171875,0.29339622641509433,0.22358490566037736,0.4830188679245283,0.49059179379574713,1.1094623655913978,1.1094623655913978,5.505376344086022,0.21474832256053852,105.11981607026775,86.1328125,0.372902413306139,0.861328125,0.4525340688849308,49.153381146483234,-55.96643492378452,6.496371378291594,50,50,23.852922916412354
66,,-21.883846020495515,-0.22795672938016162,0.1477356432005763,0.12,0.12,0.12,0.8144758735440932,0.952286282306163,0.29582929194956353,0.2162948593598448,0.48787584869059164,0.48974189196725393,1.141875,1.141875,5.166666666666667,0.3290563894428312,114.94963033398459,86.87872763419483,0.38114216728812794,0.8687872763419483,0.4561002358630189,50.64240936240455,-64.30722097158004,5.854521408482215,50,50,25.42602276802063
67,,-15.273809767093379,-0.16784406337465252,0.28714236120382947,0.14,0.14,0.14,0.872564935064935,0.957169459962756,0.2878787878787879,0.23351158645276293,0.4786096256684492,0.4938264153530862,1.1096703296703296,1.1096703296703296,6.956043956043956,0.2040712662434868,127.61312839057567,83.61266294227188,0.3477172073438942,0.8361266294227188,0.43830243677678066,51.190660872442315,-76.42246751813336,6.315599524219392,50,50,24.62227487564087
68,,-20.67847611288918,-0.20273015796950175,0.2380362724264463,0.26,0.26,0.26,0.8973063973063973,0.9658444022770398,0.30371713508612874,0.2184950135992747,0.47778785131459656,0.4961184798699676,0.9868627450980392,0.9868627450980392,5.019607843137255,0.1728375368156214,145.30247642971545,84.81973434535104,0.35584431573876285,0.8481973434535104,0.43823412356455493,50.729612907914884,-94.57286352180057,6.270519012964106,50,50,25.01429843902588
69,,-33.96142250112784,-0.3203907783125268,0.113730039447546,0.12,0.12,0.12,0.8040816326530612,0.9520958083832335,0.29174664107485604,0.22744721689059502,0.48080614203454897,0.4956376040057402,1.0454716981132075,1.0454716981132075,5.122641509433962,0.4564952416975141,152.21124306247313,82.63473053892216,0.41717415620328197,0.8263473053892215,0.5268581144050106,50.47927863537957,-101.73196442709356,5.988299520384774,50,50,28.02886390686035
70,,-23.820007506147277,-0.25340433517177957,0.17682805544851968,0.14,0.14,0.14,0.8522920203735145,0.9554263565891473,0.282319391634981,0.22718631178707224,0.49049429657794674,0.4972639130802944,1.0438297872340425,1.0438297872340425,5.595744680851064,0.32791261411648154,126.6522455942273,82.75193798449612,0.3531843981307197,0.8275193798449613,0.4508676804351824,51.989072221709165,-74.66317337251813,6.322852254833374,50,50,24.10669732093811
71,,-29.085658642575567,-0.3061648278165849,0.2447761595249176,0.08,0.08,0.08,0.8087386644682605,0.9498956158663883,0.28475551294343243,0.25599232981783315,0.4592521572387344,0.49377647728580787,1.096421052631579,1.096421052631579,6.894736842105263,0.5062534755525339,130.7957124758401,85.17745302713988,0.41236618384810203,0.8517745302713987,0.5059967237945212,52.3163219714979,-78.4793905043422,6.086354713492368,50,50,24.8837411403656
72,,-20.224474793376622,-0.21288920835133288,0.27011207304894924,0.14,0.14,0.14,0.8897370653095844,0.967680608365019,0.2783882783882784,0.23992673992673993,0.4816849816849817,0.496770537287585,1.0669473684210526,1.0669473684210526,6.810526315789474,0.2888485874259475,130.7033907676722,83.65019011406845,0.34721637490475415,0.8365019011406845,0.4380333249087593,49.77235902133371,-80.9310317463385,5.862048347202594,50,50,25.075781106948853
73,,-25.55668155463606,-0.2690177005751164,0.25285860896110535,0.1,0.1,0.1,0.8276740237691002,0.9428044280442804,0.2495164410058027,0.2263056092843327,0.5241779497098646,0.4908432355074114,1.100421052631579,1.100421052631579,5.842105263157895,0.38374198586652913,132.24959387198192,85.60885608856088,0.36352260883132476,0.8560885608856088,0.4436170550734616,47.38758590730649,-84.86200796467541,6.089094534411775,50,50,24.523839473724365
74,,-23.464684471895897,-0.2523084351816763,0.218954748660326,0.06,0.06,0.06,0.8631756756756757,0.9519230769230769,0.24344569288389514,0.2696629213483146,0.4868913857677903,0.486051636236189,1.0535483870967741,1.0535483870967741,8.53763440860215,0.487101054748159,125.60817369651133,82.6923076923077,0.3568643520317228,0.8269230769230769,0.45240393178481986,51.72934071851733,-73.878832977994,6.285725047510785,50,50,24.725287675857544
75,,-18.705543723495172,-0.19484941378640805,0.15869295100371042,0.14,0.14,0.14,0.8522167487684729,0.9644194756554307,0.283471837488458,0.2234533702677747,0.4930747922437673,0.49062609404713536,1.130625,1.130625,5.53125,0.23604357742165788,140.9031759421802,84.45692883895131,0.35364789147948883,0.8445692883895131,0.43991336000024334,48.03029706515524,-92.87287887702496,6.1107150876308705,50,50,25.316474199295044
76,,-24.04792680176107,-0.2702014247388884,0.21996915092070898,0.1,0.1,0.1,0.7701543739279588,0.9330543933054394,0.2523364485981308,0.2512980269989616,0.4963655244029076,0.49109980322922886,1.1640449438202247,1.1640449438202247,5.707865168539326,0.4041700759509379,124.7142423330985,84.72803347280335,0.41501356956341157,0.8472803347280334,0.5085310690712986,46.2863197138271,-78.4279226192714,5.783575661673205,50,50,23.689143180847168
77,,-13.703232797683198,-0.13982890609880813,0.20924092829227448,0.24,0.24,0.24,0.8923582580115037,0.952054794520548,0.23897707231040563,0.24603174603174602,0.5149911816578483,0.4869411734339534,1.010204081632653,1.010204081632653,7.551020408163265,0.10285510323375721,149.91863650102874,83.21917808219177,0.3427987201507826,0.8321917808219178,0.43097127640169963,51.057979321209984,-98.86065717981877,6.211763452393586,50,50,25.115809440612793
78,,-1.981459766960227,-0.02201621963289141,0.32536667585372925,0.34,0.34,0.34,0.9099326599326599,0.98014440433213,0.26420198376916143,0.23624887285843102,0.4995491433724076,0.4906908655165591,1.032,1.032,6.966666666666667,0.002676342621193747,130.59079126931215,85.37906137184116,0.3414551077556807,0.8537906137184116,0.4195994649525175,49.95708330396806,-80.63370796534407,7.022804177851854,50,50,23.101511478424072
79,,-10.403443589600176,-0.10508528878384016,0.31114031970500944,0.32,0.32,0.32,0.9193682460515378,0.9753694581280788,0.22787028921998248,0.23838737949167396,0.5337423312883436,0.4943687864332789,0.9793939393939394,0.9793939393939394,6.929292929292929,0.0619823830392265,119.74318607151875,86.5353037766831,0.3125492045188357,0.8653530377668309,0.37635476638656934,49.747879096233284,-69.99530697528547,6.532721778207181,50,50,25.757864952087402
80,,-6.223313843721148,-0.07153234303127756,0.2796605924765269,0.26,0.26,0.26,0.8918918918918919,0.9622302158273381,0.2509191176470588,0.23805147058823528,0.5110294117647058,0.48675859834056817,1.071264367816092,1.071264367816092,6.689655172413793,0.03066999428404217,112.14088675305042,82.01438848920863,0.30816953099625366,0.8201438848920863,0.39944738462917245,51.77433023536483,-60.366556517685595,6.574705176690203,50,50,22.59772276878357
81,,-21.74381335916493,-0.2313171633953716,0.2475888580083847,0.1,0.1,0.1,0.837951301427372,0.9501845018450185,0.2684310018903592,0.21928166351606806,0.5122873345935728,0.49234750934876503,1.1119148936170213,1.1119148936170213,5.468085106382978,0.3475952762512108,115.29287746025983,86.16236162361623,0.379406979039037,0.8616236162361623,0.46041697972029844,47.28260175922548,-68.01027570103435,6.578185721890221,50,50,24.800076007843018
82,,-26.627359350434375,-0.27736832656702476,0.19466493427753448,0.1,0.1,0.1,0.8597662771285476,0.9417808219178082,0.22304147465437787,0.23870967741935484,0.5382488479262673,0.48554047409512957,1.0629166666666667,1.0629166666666667,6.21875,0.4203746762399489,147.77036920408378,88.01369863013699,0.3763223276028966,0.8801369863013698,0.44287616294913473,47.65391916136585,-100.11645004271793,5.88796800838591,50,50,25.80498194694519
83,,-18.553388867942747,-0.195298830188871,0.2500784695148468,0.16,0.16,0.16,0.867109634551495,0.963963963963964,0.2584167424931756,0.23657870791628755,0.5050045495905369,0.4950654246990422,1.1168421052631579,1.1168421052631579,6.105263157894737,0.23309041047332996,131.20207356608884,84.86486486486487,0.370199967112887,0.8486486486486486,0.4521719762324437,49.241379050665564,-81.96069451542327,6.376502833927946,50,50,25.42621159553528
84,,-23.789885222254018,-0.25041984444477916,0.12569689944696924,0.12,0.12,0.12,0.8690476190476191,0.9594843462246777,0.26232558139534884,0.23255813953488372,0.5051162790697674,0.4875424011434968,1.072,1.072,5.71578947368421,0.37331355889625367,125.64023915240237,83.60957642725599,0.34638824617959174,0.8360957642725598,0.4341326737570751,51.44913296567745,-74.19110618672492,6.160130870916052,50,50,25.544572591781616
85,,-20.591682520166493,-0.21906045234219673,0.1232393947429955,0.14,0.14,0.14,0.8458989229494615,0.954954954954955,0.24768089053803338,0.23747680890538034,0.5148423005565863,0.48448737467086794,1.0648936170212766,1.0648936170212766,6.297872340425532,0.29953274797108426,126.85157421079214,83.96396396396396,0.34412474181447356,0.8396396396396396,0.429696429011889,48.15712780831411,-78.69444640247802,6.358560967325111,50,50,25.246053457260132
86,,-23.930403464077052,-0.23233401421434033,0.33856937289237976,0.22,0.22,0.22,0.8824979457682827,0.9653284671532847,0.261455525606469,0.24618149146451032,0.49236298292902064,0.48545441240849857,0.9359223300970874,0.9359223300970874,6.844660194174757,0.23742106508572372,136.6367353756974,83.3941605839416,0.3304657912274456,0.833941605839416,0.4204784243529685,51.22176837586292,-85.4149669998345,6.6577785931142515,50,50,25.833762168884277
87,,-17.58785203816717,-0.19327309932051837,0.11349663138389587,0.14,0.14,0.14,0.8254755996691481,0.952561669829222,0.2776717557251908,0.21946564885496184,0.5028625954198473,0.4848852577782492,1.1239560439560439,1.1239560439560439,6.010989010989011,0.2328993796325674,116.73375651072585,84.25047438330171,0.3779433057716399,0.8425047438330171,0.46876738341048607,50.43095752548538,-66.30279898524047,6.532783428929889,50,50,24.96305561065674
88,,-11.35292413010296,-0.1320107456988716,0.2130253128707409,0.2,0.2,0.2,0.872681281618887,0.9712092130518234,0.2404115996258185,0.2722170252572498,0.48737137511693174,0.4889056622272704,1.0165116279069768,1.0165116279069768,10.174418604651162,0.11431458981608998,119.09864871918728,81.19001919385796,0.2970037807378528,0.8119001919385797,0.3910474986747128,50.19634232545808,-68.9023063937292,6.742572303123889,50,50,22.771873712539673
89,,-21.621393726313475,-0.22062646659503546,0.23378628194332124,0.16,0.16,0.16,0.8567818028643639,0.937381404174573,0.27102803738317754,0.23644859813084113,0.49252336448598133,0.4915261758944704,1.0640816326530613,1.0640816326530613,6.173469387755102,0.2705137962662558,126.71065776759666,81.40417457305503,0.3650626578721945,0.8140417457305503,0.47350343727831123,51.623448248040674,-75.08720951955598,6.249042037365382,50,50,25.3095486164093
90,,-22.100566315800698,-0.22323804359394644,0.2818843126296997,0.22,0.22,0.22,0.8666666666666667,0.9605026929982047,0.24011039558417663,0.24747010119595217,0.5124195032198712,0.48251652980486703,0.8898989898989899,0.8898989898989899,8.06060606060606,0.2549216941541518,131.61632522944672,79.35368043087972,0.3041550972316723,0.7935368043087971,0.40859787688383503,53.20849428882781,-78.40783094061891,6.654199681329262,50,50,25.266586780548096
91,,-9.58637783479132,-0.10534481137133318,0.3106726258993149,0.18,0.18,0.18,0.8782467532467533,0.963531669865643,0.2807486631016043,0.2549019607843137,0.464349376114082,0.48381491319266157,1.0907692307692307,1.0907692307692307,8.461538461538462,0.07747411514263876,125.48136501206864,80.80614203454894,0.3310547185092925,0.8080614203454894,0.43601221824733033,53.357476047635366,-72.12388896443328,6.941487847966145,50,50,24.207963943481445
92,,-5.909997475043491,-0.06566663861159434,0.34236712257067364,0.28,0.28,0.28,0.8943488943488943,0.9634782608695652,0.2764084507042254,0.21742957746478872,0.5061619718309859,0.49016132856315625,1.0397777777777777,1.0397777777777777,7.1,0.02705166174939639,110.6654413232383,80.0,0.30065032964472765,0.8,0.4159216644001188,53.50194914142744,-57.16349218181086,6.936818607305719,50,50,23.44322681427002
93,,-1.5631132580626117,-0.017762650659802405,0.3825741410255432,0.36,0.36,0.36,0.8986486486486487,0.9649122807017544,0.27702089009990916,0.25703905540417804,0.4659400544959128,0.4782200321338182,1.0172727272727273,1.0172727272727273,9.170454545454545,0.0019282752902440106,104.01935501107873,81.0916179337232,0.3070037022533083,0.8109161793372319,0.40947222274308503,50.001223604470674,-54.018131406608056,6.774353504084111,50,50,22.949612140655518
94,,-33.723051938917024,-0.3211719232277812,0.3442854881286621,0.18,0.18,0.18,0.856532877882152,0.9514563106796117,0.2656546489563567,0.24573055028462998,0.48861480075901326,0.48876581640470596,0.9601904761904761,0.9601904761904761,6.076190476190476,0.37279164076747967,161.22589719461124,82.52427184466019,0.3583585576237236,0.8252427184466019,0.46156192872352725,49.86493505517144,-111.36096213943979,6.089638443711492,50,50,26.90959668159485
95,,3.456475303632419,0.03798324509486175,0.2956055321476676,0.38,0.38,0.38,0.914004914004914,0.9731182795698925,0.2758920800696258,0.23846823324630112,0.4856396866840731,0.48056728811921795,1.003956043956044,1.003956043956044,8.351648351648352,0.010029743971779817,112.33774760034925,83.87096774193549,0.2821436630748719,0.8387096774193549,0.357294442288035,52.63974892188456,-59.697998678464685,6.728634071113958,50,50,23.115617275238037
96,,-19.73216696216732,-0.21448007567573174,0.19046771402160326,0.16,0.16,0.16,0.8538011695906432,0.949685534591195,0.3131407269338304,0.2423112767940354,0.4445479962721342,0.4763758621625501,1.13,1.13,6.0978260869565215,0.2604182888689264,126.5328606604926,83.85744234800838,0.3563659976744736,0.8385744234800838,0.4587118118199077,48.77041413858315,-77.76244652190945,5.9738522519039785,50,50,24.09104824066162
97,,-47.55764834772946,-0.41354476824112574,0.2523523928054298,0.12,0.12,0.12,0.801779935275081,0.9426229508196722,0.32221163012392756,0.21258341277407056,0.4652049571020019,0.4805181576245586,0.9789565217391304,0.9789565217391304,4.556521739130435,0.5844663443435935,178.91646020335287,81.9672131147541,0.3900465624378369,0.819672131147541,0.5099975914073493,49.041764120007954,-129.87469608334493,5.978971762819254,50,50,29.972938776016235
98,,-16.745654555414596,-0.19029152903880223,0.1267172435431608,0.08,0.08,0.08,0.8513957307060755,0.9536290322580645,0.3278236914600551,0.21671258034894397,0.4554637281910009,0.4813752434164582,1.1770454545454545,1.1770454545454545,7.181818181818182,0.34551064299073664,100.31591410454934,81.65322580645162,0.36678727846535203,0.8165322580645161,0.4799273983693,50.2359718852384,-50.07994221931094,6.367653710644084,50,50,23.26120400428772
99,,-31.087338881514228,-0.3047778321717081,0.18530851850907007,0.12,0.12,0.12,0.814662273476112,0.9518828451882845,0.3393708293612965,0.2049571020019066,0.45567206863679693,0.480811625535819,1.0584313725490195,1.0584313725490195,5.1568627450980395,0.4470138316290404,136.85784757612817,84.72803347280335,0.38471462739995155,0.8472803347280334,0.47560930140690144,48.4853545449778,-88.37249303115036,5.966018994909479,50,50,27.056112051010132
100,,-22.658689563192123,-0.23851252171781182,0.4140683114528656,0.06,0.06,0.06,0.7972085385878489,0.946058091286307,0.31752178121974833,0.2158760890609874,0.4666021297192643,0.48133243445238394,1.2214736842105263,1.2214736842105263,5.042105263157895,0.5179688468492033,106.03276634797098,85.47717842323651,0.4458284708992539,0.8547717842323651,0.5505787722570482,49.03571053717812,-56.99705581079285,5.960867816485394,50,50,25.99621891975403
101,,-18.302697196712398,-0.1989423608338304,0.20096579492092131,0.12,0.12,0.12,0.8341708542713567,0.9426386233269598,0.311787072243346,0.19106463878326996,0.49714828897338403,0.4814706272613156,1.1610869565217392,1.1610869565217392,5.434782608695652,0.2936741757687614,124.18462373139151,82.40917782026769,0.37320830303008884,0.8240917782026769,0.4812056135319301,49.387453075540776,-74.79717065585073,6.405026937093712,50,50,24.08562445640564
102,,-16.57705604050886,-0.1763516600054134,0.063874252140522,0.18,0.18,0.18,0.842687074829932,0.9476861167002012,0.31861804222648754,0.20441458733205375,0.47696737044145876,0.47635343638890265,1.1393617021276596,1.1393617021276596,4.925531914893617,0.20264076939907927,117.88131978635329,80.88531187122736,0.3846170386881786,0.8088531187122736,0.5082463723103613,49.6060743757387,-68.27524541061459,6.132375420913807,50,50,24.363590240478516
103,,-25.219477006504317,-0.25734160210718693,0.16210248818000159,0.14,0.14,0.14,0.8582151793160967,0.9365942028985508,0.2838709677419355,0.2073732718894009,0.5087557603686635,0.48015029356339756,1.0781632653061224,1.0781632653061224,5.785714285714286,0.3649708925118425,134.64335222122972,82.06521739130434,0.3258675803743428,0.8206521739130435,0.43579602731729605,48.856111518140466,-85.78724070308925,6.4716558469304655,50,50,25.072460651397705
104,,-19.20157697631034,-0.20212186290852988,0.1516815759241581,0.12,0.12,0.12,0.8658333333333333,0.9495495495495495,0.29541284403669726,0.19541284403669726,0.5091743119266054,0.4666670241394803,1.0953684210526315,1.0953684210526315,5.178947368421053,0.3039432918317672,122.1727686667465,81.98198198198197,0.30020676387724476,0.8198198198198198,0.39150914844994156,49.93791846719887,-72.23485019954764,6.459018758188691,50,50,24.817100286483765
105,,-35.909606301776385,-0.3486369543861785,0.08482430626948674,0.1,0.1,0.1,0.7834710743801653,0.9389763779527559,0.310107948969578,0.19136408243375858,0.4985279685966634,0.4751988582203201,1.1198058252427185,1.1198058252427185,3.9805825242718447,0.4890224026633038,159.74266537736057,80.70866141732283,0.3894144463215457,0.8070866141732284,0.5229255225211457,52.60929103418593,-107.13337434317464,6.083912805875563,50,50,27.344757080078125
106,,-21.109588803568315,-0.21989155003716995,0.0835528711322695,0.12,0.12,0.12,0.832639467110741,0.9357142857142857,0.27992459943449577,0.19227144203581528,0.527803958529689,0.4698379058379214,1.1670833333333333,1.1670833333333333,4.25,0.3413699061698555,121.89105451415895,83.39285714285715,0.3707560345330187,0.8339285714285715,0.4675835556385576,51.0809488337255,-70.81010568043345,6.0835279251471315,50,50,25.35864281654358
107,,-23.344511195522873,-0.25938345772803195,0.2955414652824402,0.06,0.06,0.06,0.7738193869096934,0.9388560157790927,0.2964824120603015,0.19396984924623115,0.5095477386934674,0.4701196747531907,1.2326666666666666,1.2326666666666666,4.288888888888889,0.5044860787576151,116.7021952624817,80.4733727810651,0.35691923251207625,0.8047337278106509,0.472165002409143,53.162996070761785,-63.539199191719916,5.841210628652981,50,50,24.777607440948486
108,,-34.24885419719321,-0.34594802219387083,0.27471697330474854,0.06,0.06,0.06,0.8359832635983263,0.946551724137931,0.2589792060491493,0.19281663516068054,0.5482041587901701,0.46837049266361075,1.087070707070707,1.087070707070707,5.212121212121212,0.6074042922693453,142.1093844621547,82.58620689655173,0.3564199059242563,0.8258620689655173,0.45620123103100235,48.38370540925004,-93.72567905290468,6.187857604480369,50,50,26.485795259475708
109,,-31.41975059118055,-0.3110866395166391,0.1901556048542261,0.1,0.1,0.1,0.7840531561461794,0.9443298969072165,0.3100697906281156,0.20638085742771686,0.4835493519441675,0.47118061692029756,1.1047524752475248,1.1047524752475248,4.594059405940594,0.473833883952644,135.83074043456472,80.0,0.3328235175084195,0.8,0.45110499692814954,48.39989012439594,-87.43085031016878,5.9529322950682255,50,50,26.730098247528076
110,,-31.020478449149373,-0.31653549437907524,0.07088398312528928,0.06,0.06,0.06,0.8076602830974188,0.92894280762565,0.2616279069767442,0.17926356589147288,0.5591085271317829,0.47109567880972614,1.1173469387755102,1.1173469387755102,4.316326530612245,0.5242798653835291,165.69694625758407,83.88214904679376,0.39726996116471963,0.8388214904679376,0.5004027216079474,48.89535302345772,-116.80159323412636,5.842147659050176,50,50,26.160573720932007
111,,-22.35846608278278,-0.2329006883623206,0.008341808803379536,0.1,0.1,0.1,0.8159408381265407,0.9403254972875226,0.2723809523809524,0.20095238095238097,0.5266666666666666,0.45784505108507195,1.1514583333333333,1.1514583333333333,5.5,0.4133775934345411,118.26159014719505,81.19349005424955,0.3409346503727285,0.8119349005424955,0.4559404015521141,48.53384247637753,-69.72774767081752,6.237391916380007,50,50,25.33763337135315
112,,-27.861855728169843,-0.2731554483153906,0.16350034375985464,0.1,0.1,0.1,0.8276999175597691,0.9403973509933775,0.24342105263157895,0.18890977443609022,0.5676691729323309,0.4624405932649696,1.116078431372549,1.116078431372549,4.686274509803922,0.44465074442218916,147.20341379416084,80.13245033112582,0.329398738565161,0.8013245033112583,0.4437800714968349,48.24403836524196,-98.95937542891889,6.057964059861113,50,50,27.14916443824768
113,,-25.556469954613696,-0.27480075220014727,0.12416178314015269,0.02,0.02,0.02,0.8006644518272426,0.9234972677595629,0.2763285024154589,0.1932367149758454,0.5304347826086957,0.45614287284408167,1.2236559139784946,1.2236559139784946,5.086021505376344,0.6083914112578396,118.19320858624681,83.24225865209472,0.3779559005600645,0.8324225865209471,0.4826931394512402,46.64962866553184,-71.54357992071496,5.700502541950529,50,50,25.954521656036377
114,,-32.22984251398409,-0.3288759440202458,-0.062126037975152336,0.02,0.02,0.02,0.7675185490519374,0.9323583180987203,0.26226226226226224,0.19019019019019018,0.5475475475475475,0.4629566366487772,1.186530612244898,1.186530612244898,4.346938775510204,0.7093757892538259,121.68587673691678,81.90127970749543,0.38229705192924207,0.8190127970749543,0.49762178536783763,48.09139188429011,-73.59448485262666,5.898829033133245,50,50,26.046602487564087
115,,-28.422155070272023,-0.3056145706480863,0.13744832947850227,0.0,0.0,0.0,0.7886382623224728,0.9330855018587361,0.2689243027888446,0.1952191235059761,0.5358565737051793,0.45970994484801125,1.1832258064516128,1.1832258064516128,4.752688172043011,0.6913821862142496,90.36012684883912,81.97026022304833,0.3649204245659599,0.8197026022304833,0.474648625657452,20.01749547109188,-70.34263137774724,5.924726464821831,50,50,24.579480409622192
116,,-45.13218249281343,-0.4178905786371614,0.13595806527882814,0.08,0.08,0.08,0.8050847457627118,0.929368029739777,0.24530168150346193,0.22255192878338279,0.5321463897131553,0.4665984254561718,1.0066666666666666,1.0066666666666666,4.861111111111111,0.5923807662304521,160.46152071210463,84.01486988847584,0.3839204668836794,0.8401486988847584,0.48549546570785557,47.43657260992627,-113.02494810217837,5.893488167197637,50,50,27.752359867095947
117,,-33.675507114062945,-0.34015663751578734,0.12909610010683537,0.02,0.02,0.02,0.742998352553542,0.9166666666666666,0.24667349027635618,0.2128966223132037,0.5404298874104401,0.4588340126568301,1.1137373737373737,1.1137373737373737,5.353535353535354,0.7461379573552205,121.01536186304693,80.11363636363636,0.3734040111171424,0.8011363636363636,0.5024608647689615,44.97411842431777,-76.04124343872917,5.6185907325297615,50,50,27.067423105239868
118,,-23.41923373900502,-0.25181971762370986,0.16799595952033997,0.06,0.06,0.06,0.8423686405337781,0.9284552845528455,0.22752808988764045,0.19662921348314608,0.5758426966292135,0.45827503431147787,1.1918279569892474,1.1918279569892474,5.075268817204301,0.48295897334535876,121.56848739429596,75.9349593495935,0.3259730589370852,0.759349593495935,0.47133588341816823,54.21045035457125,-67.3580370397247,6.367870059392627,50,50,24.084005117416382
119,,-23.19146351265744,-0.23664758686385143,0.18296816432848573,0.16,0.16,0.16,0.8502092050209205,0.9618573797678275,0.20973782771535582,0.22565543071161048,0.5646067415730337,0.4481898457670052,1.0683673469387756,1.0683673469387756,5.571428571428571,0.30042257223243257,128.38745849398194,80.76285240464345,0.3468207623907479,0.8076285240464345,0.461325274216307,49.3265620653949,-79.06089642858703,6.0818670425785015,50,50,25.33728551864624
120,,-30.254231623411812,-0.3118992950867197,0.07377609796822071,0.06,0.06,0.06,0.8009868421052632,0.9341637010676157,0.23455598455598456,0.22297297297297297,0.5424710424710425,0.4447658047474052,1.0719587628865979,1.0719587628865979,6.195876288659794,0.5916500055811441,125.45446098519633,80.42704626334519,0.3578108662977486,0.8042704626334519,0.47729400109050507,49.610397278350455,-75.84406370684587,5.980258977866087,50,50,26.336795806884766
121,,-22.94719140610952,-0.23903324381364086,0.11512882113456727,0.14,0.14,0.14,0.8687290969899666,0.9528158295281582,0.1968721251149954,0.19871205151793928,0.6044158233670653,0.44595642123478074,1.0833333333333333,1.0833333333333333,4.583333333333333,0.31020417222660635,140.19450857980286,79.60426179604262,0.34947353987435403,0.7960426179604262,0.47260740596769996,52.3514099793159,-87.84309860048694,6.283340065200159,50,50,25.714980840682983
122,,-17.125009057198735,-0.17297988946665388,0.107278011739254,0.16,0.16,0.16,0.866938775510204,0.9487577639751553,0.20667870036101083,0.21209386281588447,0.5812274368231047,0.4455533864667564,1.0636363636363637,1.0636363636363637,6.161616161616162,0.2295222743466987,121.97841597868275,78.41614906832298,0.3255068565369155,0.7841614906832298,0.4494523379621725,51.84586857053215,-70.1325474081506,6.364858597858443,50,50,26.12237858772278
123,,-21.010572004157666,-0.22116391583323858,0.28465673327445984,0.12,0.12,0.12,0.8478618421052632,0.9494097807757167,0.2578268876611418,0.19613259668508287,0.5460405156537753,0.4476964722289459,1.156,1.156,5.663157894736842,0.2981061230440488,124.76815222974257,77.74030354131534,0.3198413637325431,0.7774030354131535,0.44823573956554474,49.893930449687076,-74.87422178005549,6.327098367429129,50,50,25.02270817756653
124,,-25.648850320214045,-0.28498722578015606,0.11369025837630034,0.06,0.06,0.06,0.8206008583690987,0.9391891891891891,0.24730127576054955,0.1717369970559372,0.5809617271835132,0.4389101452730958,1.1977777777777778,1.1977777777777778,4.5777777777777775,0.489751378321593,148.83626546620445,82.77027027027027,0.3564767783133564,0.8277027027027027,0.4563043193042696,49.35029028471633,-99.48597518148813,6.033111369286126,50,50,24.216766834259033
125,,-17.35371279595453,-0.18862731299950575,0.17891499772667885,0.14,0.14,0.14,0.8430566967953985,0.9441860465116279,0.2037037037037037,0.19907407407407407,0.5972222222222222,0.4449345645799147,1.1180434782608695,1.1180434782608695,5.423913043478261,0.20657733689464328,146.46016515078674,82.01550387596899,0.321208428725578,0.8201550387596899,0.4141518630904335,51.94719492808502,-94.51297022270172,6.280856113309772,50,50,24.26492142677307
126,,-15.81409491962473,-0.1682350523364333,0.16549497718612352,0.16,0.16,0.16,0.8598673300165838,0.936923076923077,0.20491803278688525,0.20309653916211293,0.5919854280510018,0.43999916141216167,1.1342553191489362,1.1342553191489362,4.797872340425532,0.19702993124468315,131.32011709453087,79.84615384615384,0.32491519416859177,0.7984615384615384,0.4362835136322796,51.48852047441727,-79.83159662011359,5.989722016613252,50,50,25.149364709854126
127,,-22.572228760166333,-0.2351273829183993,0.1701344425479571,0.1,0.1,0.1,0.8388704318936877,0.9316666666666666,0.23055295220243674,0.20712277413308341,0.5623242736644799,0.4419341896614302,1.1502083333333333,1.1502083333333333,5.90625,0.4309547289479833,109.12048243852283,81.0,0.3517314847248259,0.81,0.4637389055610539,46.70857039704633,-62.41191204147649,5.787926990209498,50,50,25.676474809646606
128,,-9.048815255327687,-0.10645665006267867,0.2938025891780853,0.18,0.18,0.18,0.8661087866108786,0.9375975039001561,0.21376146788990827,0.1981651376146789,0.5880733944954128,0.4454049956275643,1.2225882352941178,1.2225882352941178,6.188235294117647,0.09965222338107382,95.71211379340727,77.84711388455538,0.28529870362154885,0.7784711388455539,0.397832262319383,49.90930040021418,-45.802813393193084,6.283875228290868,50,50,22.52088737487793
129,,-15.0381446882156,-0.17088800782063182,0.10485707223415375,0.12,0.12,0.12,0.8739495798319328,0.9483568075117371,0.2153987167736022,0.19890009165902842,0.5857011915673694,0.4385167338812343,1.1827272727272726,1.1827272727272726,6.465909090909091,0.2364925221087548,112.91241790600805,79.02973395931141,0.313209355118062,0.7902973395931142,0.4327270991471133,50.6273790642348,-62.28503884177324,6.485216577302613,50,50,22.63379979133606
130,,-25.178192073404013,-0.26785310716387245,0.0017911107279360294,0.02,0.02,0.02,0.8098360655737705,0.9252032520325203,0.21570482497634816,0.20245979186376536,0.5818353831598865,0.4330631551819239,1.194468085106383,1.194468085106383,5.26595744680851,0.6258047361309782,112.85319829898211,80.16260162601625,0.34646615991041957,0.8016260162601626,0.4651892320128173,48.96009904022908,-63.89309925875302,5.726613205677629,50,50,24.87521457672119
131,,-24.32283166870328,-0.26437860509460087,0.09347012033686042,0.08,0.08,0.08,0.8089225589225589,0.9555555555555556,0.24433497536945814,0.22364532019704433,0.5320197044334976,0.43004764572527443,1.1078260869565217,1.1078260869565217,6.891304347826087,0.47515960336908913,121.87970091198432,83.33333333333334,0.4105369132651946,0.8333333333333334,0.5171900909477316,45.714173077726464,-76.16552783425786,5.77607949544637,50,50,24.74553656578064
132,,-14.363079588683759,-0.15958977320759732,0.21739268438382583,0.16,0.16,0.16,0.8176614881439084,0.9307282415630551,0.2573044297832234,0.21206409048067862,0.530631479736098,0.4371128205175822,1.21,1.21,6.0,0.17436802813106997,127.01262305607538,77.44227353463587,0.3477081129880565,0.7744227353463587,0.49869118659973016,52.26417403938004,-74.74844901669535,6.300679344941991,50,50,24.021812438964844
133,,-10.804201886473855,-0.11254376965076933,0.1969657043615977,0.2,0.2,0.2,0.8796223446105429,0.9572901325478645,0.20479862896315337,0.2133676092544987,0.5818337617823479,0.4361243112688074,1.1325,1.1325,5.854166666666667,0.09701043576079624,121.59843346719006,79.97054491899853,0.30364828066949284,0.7997054491899853,0.41066154581234215,52.932324633328605,-68.66610883386146,6.600583332095016,50,50,25.705058336257935
134,,-24.712995593536053,-0.26861951732104405,0.3367660641670227,0.0,0.0,0.0,0.8069139966273187,0.9364485981308411,0.26719056974459726,0.20726915520628683,0.5255402750491159,0.43313224522886623,1.183695652173913,1.183695652173913,4.9021739130434785,0.7308879606223195,64.64294979902662,82.2429906542056,0.3706793003399498,0.822429906542056,0.48365897858562773,3.7021481556374707,-60.94080164338916,6.189672013075045,50,50,24.870465993881226
135,,-28.5746400177325,-0.2976525001847135,0.11855446423093478,0.12,0.12,0.12,0.7865072587532024,0.9347826086956522,0.2415902140672783,0.24260958205912334,0.5158002038735984,0.43408687084353004,1.070625,1.070625,6.239583333333333,0.42862923077147197,135.7640867805028,81.62055335968378,0.35041296778637965,0.8162055335968379,0.46093894465916757,46.07994664444645,-89.68414013605636,5.814322961744737,50,50,24.606944799423218
136,,-18.557633730144413,-0.21330613482924612,0.31250350177288055,0.14,0.14,0.14,0.8129251700680272,0.9276672694394213,0.23448275862068965,0.2206896551724138,0.5448275862068965,0.4395869314490721,1.1570114942528735,1.1570114942528735,6.344827586206897,0.271939481507678,117.56035404927346,80.28933092224231,0.3147364701131376,0.8028933092224232,0.42846335533325436,46.733551215552055,-70.8268028337214,5.849351687484367,50,50,22.779883861541748
137,,-23.58619073257408,-0.24067541563851103,0.2106168419122696,0.14,0.14,0.14,0.8614754098360655,0.9616026711185309,0.22656960873521384,0.2283894449499545,0.5450409463148317,0.43316030312144216,1.086938775510204,1.086938775510204,6.030612244897959,0.3198311492013882,138.20713658331297,86.47746243739566,0.3752500294514301,0.8647746243739566,0.4551156553728405,52.60281401001507,-85.6043225732979,6.0868994430479155,50,50,26.323193073272705
138,,-26.876983361409785,-0.28592535490861476,0.05771609488874674,0.06,0.06,0.06,0.8145973154362416,0.9397163120567376,0.21996124031007752,0.23352713178294573,0.5465116279069767,0.44023647416378076,1.1136170212765957,1.1136170212765957,5.4361702127659575,0.5580758446592518,129.83600716652393,81.20567375886525,0.364991043400157,0.8120567375886525,0.48259599635254063,47.491950959482025,-82.3440562070419,6.055070033839073,50,50,24.327361345291138
139,,-15.604330101143674,-0.1696122837080834,0.07399220578372478,0.24,0.24,0.24,0.842820730671198,0.9504424778761061,0.2262357414448669,0.23669201520912547,0.5370722433460076,0.4337173914883043,1.0645652173913043,1.0645652173913043,6.619565217391305,0.1562879137961279,117.83509941854012,83.89380530973452,0.31533285130373434,0.8389380530973451,0.40213227917676514,48.67325998063505,-69.16183943790507,6.323584112127969,50,50,23.67886972427368
140,,-17.187250433837953,-0.18480914444987045,0.33426281809806824,0.12,0.12,0.12,0.8334707337180544,0.9509632224168126,0.20825515947467166,0.25609756097560976,0.5356472795497186,0.4346431628132229,1.1638709677419354,1.1638709677419354,7.268817204301075,0.30448583664312917,109.18658882171184,85.28896672504378,0.3880498495965943,0.8528896672504378,0.47509280050510305,44.522501476071646,-64.6640873456402,6.018895210667271,50,50,25.743835926055908
141,,-23.8611396415964,-0.24855353793329582,0.1918952316045761,0.12,0.12,0.12,0.837344398340249,0.9532062391681109,0.22306238185255198,0.23156899810964082,0.5453686200378072,0.4334914036697592,1.101875,1.101875,6.041666666666667,0.3397107043376343,132.47504579650573,84.05545927209705,0.3712020559569349,0.8405545927209706,0.4625693402359843,50.41844295914115,-82.05660283736458,6.048100601678395,50,50,25.654354572296143
142,,-16.27267755557553,-0.17687692995190793,0.16511109247803687,0.14,0.14,0.14,0.847682119205298,0.9462875197472354,0.18308550185873607,0.22862453531598512,0.5882899628252788,0.44239191402483774,1.087608695652174,1.087608695652174,6.630434782608695,0.2073041790446421,130.9763006605199,79.93680884676145,0.3531998901336443,0.7993680884676145,0.4696953385197709,49.476908505521536,-81.49939215499838,6.147127897326117,50,50,24.299654960632324
143,,-23.448997705452207,-0.26054441894946895,0.18338868021965027,0.04,0.04,0.04,0.7915282392026578,0.9367311072056239,0.20374015748031496,0.23622047244094488,0.5600393700787402,0.42736110735283644,1.2313333333333334,1.2313333333333334,5.4,0.5307524033785023,122.29288555665482,84.18277680140598,0.37988891297327876,0.8418277680140598,0.4826029340463032,48.24398606707065,-74.04889948958417,5.570387680906421,50,50,24.689335107803345
144,,-16.89278180984873,-0.19196342965737195,0.14043324626982212,0.14,0.14,0.14,0.8562975486052409,0.9495798319327731,0.19154929577464788,0.24976525821596243,0.5586854460093896,0.4329484934864343,1.1156818181818182,1.1156818181818182,7.375,0.23432144388850343,155.10104409609033,80.50420168067227,0.3482864551010812,0.8050420168067227,0.4595062504077727,49.512835797628554,-105.5882082984618,6.4645490437945226,50,50,23.13592553138733
145,,-18.87818281172434,-0.1946204413579829,0.10920502468943596,0.22,0.22,0.22,0.8925895087427144,0.9572649572649573,0.15652951699463327,0.21556350626118068,0.627906976744186,0.4273590578210838,1.0082474226804123,1.0082474226804123,6.072164948453608,0.1852870758690452,126.8993959017272,83.1908831908832,0.3026075901155368,0.8319088319088319,0.38254966974261084,52.9616612840304,-73.9377346176968,6.31966808004164,50,50,25.612903833389282
146,,-13.516190842309166,-0.14691511785118658,0.1772484853863716,0.22,0.22,0.22,0.8854700854700854,0.9584664536741214,0.16961789375582478,0.24697110904007455,0.5834109972041006,0.43731676688668336,1.0617391304347825,1.0617391304347825,7.391304347826087,0.11762242353551701,130.79111620321322,83.86581469648561,0.3458735302470982,0.8386581469648562,0.43457564452957986,52.01121911109952,-78.77989709211369,6.558402146674648,50,50,24.972821474075317
147,,-6.440046373058584,-0.06924781046299552,0.17166933976113796,0.3,0.3,0.3,0.8837592745259687,0.958904109589041,0.17207207207207206,0.23603603603603604,0.5918918918918918,0.4367621656380073,1.053978494623656,1.053978494623656,7.763440860215054,0.03008048843132523,111.88454329417317,80.2130898021309,0.3122188768285845,0.802130898021309,0.41728078790577877,50.85508524548584,-61.02945804868734,6.587131359466594,50,50,23.776712894439697
148,,-17.605068351696012,-0.18531650896522117,0.12029608748853207,0.24,0.24,0.24,0.8839360807401178,0.9567901234567902,0.16970802919708028,0.23905109489051096,0.5912408759124088,0.4470383420021665,1.0298947368421052,1.0298947368421052,7.473684210526316,0.17074396262110925,121.921680812538,85.3395061728395,0.336283885604936,0.8533950617283951,0.414299941260946,48.82989987334524,-73.09178093919276,6.114591205687687,50,50,24.450533866882324
149,,-0.46578974380927163,-0.005479879338932608,0.334991991519928,0.3,0.3,0.3,0.9312080536912751,0.9642857142857143,0.14472537053182213,0.24498692240627726,0.6102877070619006,0.4480405651643763,1.1374117647058823,1.1374117647058823,7.870588235294117,0.00020589326076144934,104.17813239246982,81.85714285714286,0.2919422689913694,0.8185714285714286,0.3889068458396039,50.264348100209425,-53.913784292260395,6.871622532705705,50,50,22.13482093811035
150,,-5.87834900674937,-0.06459724183241065,0.20604400262236594,0.26,0.26,0.26,0.8855721393034826,0.9629080118694362,0.16756756756756758,0.22522522522522523,0.6072072072072072,0.4456315786684454,1.0903296703296703,1.0903296703296703,5.769230769230769,0.026655845093841113,121.8407357393829,81.60237388724035,0.2807465417396608,0.8160237388724035,0.3690028047052038,49.23621372444087,-72.60452201494202,6.499189024280566,50,50,23.32519245147705
151,,0.5212529076898869,0.006061080321975429,0.32353742718696593,0.32,0.32,0.32,0.9099249374478732,0.9685714285714285,0.1307829181494662,0.24644128113879005,0.6227758007117438,0.46041971324628955,1.0176744186046511,1.0176744186046511,8.883720930232558,0.0002690926652752346,100.63810919275966,81.14285714285714,0.2675865565149163,0.8114285714285714,0.3562374428661981,50.60969358638876,-50.0284156063709,6.858431869987748,50,50,22.267955780029297
152,,2.540303911249501,0.029538417572668615,0.39751337468624115,0.34,0.34,0.34,0.9236514522821577,0.9689189189189189,0.11965065502183406,0.23406113537117904,0.6462882096069869,0.4645898318448819,1.1151162790697675,1.1151162790697675,7.569767441860465,0.006040219242211323,96.48435066798802,81.89189189189189,0.2728315221692054,0.8189189189189189,0.3525930059865028,50.13422909648051,-46.35012157150752,6.431124463958433,50,50,23.650280714035034
153,,-11.86127882769472,-0.12892694377929043,0.1679207779467106,0.2,0.2,0.2,0.8940783986655546,0.9552023121387283,0.13656783468104222,0.2416891284815813,0.6217430368373764,0.4671218357635308,1.1267391304347827,1.1267391304347827,7.934782608695652,0.11677525493055349,112.88042026492312,84.10404624277457,0.3700662991620481,0.8410404624277457,0.4638465744174835,52.65328499598192,-60.2271352689412,6.592379470653404,50,50,24.32597589492798
154,,-6.589324222921945,-0.0757393588841603,0.16090226024389268,0.22,0.22,0.22,0.9104477611940298,0.9674681753889675,0.112,0.25955555555555554,0.6284444444444445,0.4693094247866465,1.0859770114942529,1.0859770114942529,8.505747126436782,0.044221136107439246,112.14833358670725,85.57284299858557,0.3022494331002482,0.8557284299858557,0.3723986416104627,51.41581272631056,-60.73252086039669,6.284763226026774,50,50,23.090155839920044
155,,-6.548375915706159,-0.07703971665536657,0.19459950551390648,0.26,0.26,0.26,0.8765638031693077,0.9455040871934605,0.11839708561020036,0.21311475409836064,0.668488160291439,0.46679376902217595,1.0898823529411765,1.0898823529411765,5.823529411764706,0.035995825890002935,104.93704343447922,84.0599455040872,0.2726066504879749,0.840599455040872,0.3719387563781757,51.67411257633738,-53.26293085814185,6.389366872753706,50,50,23.072425842285156
156,,-19.799908839805195,-0.2199989871089466,0.038660671561956406,0.08,0.08,0.08,0.8547579298831386,0.9427312775330396,0.10841121495327102,0.25514018691588786,0.6364485981308411,0.4704862633072771,1.0846666666666667,1.0846666666666667,7.911111111111111,0.3712327134432058,120.70044811221963,82.37885462555066,0.3360952296643424,0.8237885462555066,0.4506147875106732,48.5858411265075,-72.11460698571213,6.193527271858709,50,50,24.77737545967102
157,,-7.55390751139314,-0.08122481195046387,0.15347490121017804,0.28,0.28,0.28,0.892886345053148,0.9632248939179632,0.12400354295837024,0.24977856510186006,0.6262178919397697,0.47143947695852606,1.0589247311827956,1.0589247311827956,6.78494623655914,0.03616106918334959,132.8659815757618,82.88543140028288,0.32408572879358494,0.8288543140028288,0.4163380540978053,51.6249218098023,-81.24105976595948,6.102629302059429,50,50,24.187533378601074
158,,-16.095225968792654,-0.17122580817864524,0.1617736630141735,0.14,0.14,0.14,0.8763396537510305,0.9554054054054054,0.1127141568981064,0.2200180342651037,0.6672678088367899,0.4596940755651412,1.1197872340425532,1.1197872340425532,5.4361702127659575,0.21566055550866636,138.63179745744594,84.5945945945946,0.3008152309973438,0.845945945945946,0.38073682604214626,51.1003521091065,-87.53144534833945,6.075273772707005,50,50,24.999161958694458
159,,-18.737943359529975,-0.20367329738619538,0.24976196885108948,0.18,0.18,0.18,0.8653026427962489,0.9440654843110505,0.10318949343339587,0.20919324577861162,0.6876172607879925,0.46066695351882475,1.0980434782608695,1.0980434782608695,4.695652173913044,0.2167348793685549,121.63864490765596,82.26466575716235,0.3042462719732872,0.8226466575716235,0.39508930445230195,49.86856756865856,-71.7700773389974,6.245757287869235,50,50,23.959050178527832
160,,-22.44286831774026,-0.24394422084500283,0.03422585502266884,0.1,0.1,0.1,0.829002514668902,0.9488372093023256,0.14340712223291627,0.2358036573628489,0.6207892204042348,0.45342254731459947,1.1123913043478262,1.1123913043478262,5.967391304347826,0.37501399376805333,141.5465866058105,81.70542635658916,0.3392731137602748,0.8170542635658915,0.438378298460337,51.11154069845867,-90.4350459073518,6.0984105672092985,50,50,24.56239652633667
161,,-9.339997883102946,-0.1004300847645478,0.2402019500732422,0.24,0.24,0.24,0.8827527612574342,0.9475138121546961,0.11948529411764706,0.21507352941176472,0.6654411764705882,0.4600945228433377,1.0823655913978494,1.0823655913978494,5.774193548387097,0.06664328817612412,111.19531235040023,85.35911602209944,0.32578115095106297,0.8535911602209945,0.3985383477454899,49.548743173596705,-61.64656917680352,6.395986939128896,50,50,23.816027402877808
162,,-17.884664352593667,-0.2032348221885644,0.054783825762569904,0.04,0.04,0.04,0.8172043010752689,0.9401197604790419,0.13014354066985645,0.23062200956937798,0.6392344497607656,0.4508707330469042,1.226590909090909,1.226590909090909,5.954545454545454,0.501084354972896,98.25769068081118,85.02994011976048,0.3522817934818732,0.8502994011976048,0.434443706075054,47.66338241370488,-50.59430826710629,5.7520009564935135,50,50,24.119459629058838
163,,-14.120120903659805,-0.15865304386134613,0.07648105546832085,0.22,0.22,0.22,0.8450946643717728,0.9447761194029851,0.12244897959183673,0.22643343051506318,0.6511175898931001,0.4500811158599897,1.1017977528089888,1.1017977528089888,5.370786516853933,0.13311487534845845,154.13170142420182,84.77611940298507,0.33254764123030844,0.8477611940298507,0.4136877896062458,54.315355792210475,-99.81634563199135,6.203705149215434,50,50,23.241455078125
164,,-38.58423630175291,-0.37460423593934866,0.15716569079086185,0.1,0.1,0.1,0.8087855297157622,0.9374021909233177,0.13013013013013014,0.23023023023023023,0.6396396396396397,0.4522741192692294,0.9836893203883496,0.9836893203883496,5.456310679611651,0.5156352659490167,186.00979171632883,84.50704225352112,0.3534782043775149,0.8450704225352113,0.4377913455262455,49.93843988454367,-136.07135183178517,6.131941578741878,50,50,27.049787759780884
165,,-6.878369298629433,-0.0747648836807547,0.3147988021373749,0.24,0.24,0.24,0.9079804560260586,0.965287049399199,0.10165073848827107,0.2476107732406603,0.6507384882710686,0.44508693670661637,1.075217391304348,1.075217391304348,6.815217391304348,0.04019362336410228,121.34186945043601,81.70894526034714,0.3130412595922103,0.8170894526034713,0.4070517170114,50.53985522947053,-70.80201422096548,6.632530752024184,50,50,24.141927242279053
166,,2.5873552505327515,0.02907140730935676,0.2389880120754242,0.36,0.36,0.36,0.9079804560260586,0.9670050761421319,0.0876736111111111,0.2282986111111111,0.6840277777777778,0.44429588149050564,1.1098876404494382,1.1098876404494382,6.741573033707865,0.005362140242420385,120.2659861902633,84.8984771573604,0.30295742195302455,0.8489847715736041,0.3752848719564944,49.80630462252955,-70.45968156773375,6.649092223413093,50,50,23.868365049362183
167,,-19.35029722901783,-0.20806771213997666,0.08676258474588394,0.12,0.12,0.12,0.8729235880398671,0.9501347708894878,0.10655737704918032,0.21766848816029144,0.6757741347905283,0.4444900513638402,1.0926881720430108,1.0926881720430108,5.666666666666667,0.3049341753315593,115.1773085118882,83.15363881401618,0.3225760680065062,0.8315363881401617,0.41193740474533425,49.80988972760292,-65.36741878428528,6.330965103702761,50,50,24.408966541290283
168,,-6.767920038154267,-0.07779218434660076,0.20818480849266052,0.24,0.24,0.24,0.9050470487596236,0.9679572763684913,0.07909090909090909,0.24,0.6809090909090909,0.4444110808090639,1.0572413793103448,1.0572413793103448,7.126436781609195,0.04395821114344511,102.98632786891048,85.04672897196261,0.31136174647159465,0.8504672897196262,0.38880374634850545,50.5411820344636,-52.44514583444688,6.399766198782382,50,50,22.57580280303955
169,,-0.9265163238609733,-0.0101814980644063,0.28366920351982117,0.36,0.36,0.36,0.9376538146021329,0.9809402795425667,0.09230769230769231,0.23504273504273504,0.6726495726495727,0.447502468141131,1.023956043956044,1.023956043956044,6.835164835164835,0.000552176379406829,129.88395862339732,84.24396442185514,0.3004063037294496,0.8424396442185514,0.3761328722007118,51.22694604264639,-78.65701258075093,6.6768824864791005,50,50,23.207592487335205
170,,-0.17253354332889148,-0.0020298063921046056,0.24577844142913818,0.34,0.34,0.34,0.9150707743547044,0.9650537634408602,0.08222811671087533,0.259946949602122,0.6578249336870027,0.44818803986194816,1.0044705882352942,1.0044705882352942,8.223529411764705,2.2428150004377727e-05,129.14894101196515,82.93010752688173,0.263448527829269,0.8293010752688172,0.33865673106153626,52.3320958034058,-76.81684520855936,6.687880176766747,50,50,22.231384992599487
171,,-25.7976464860515,-0.26324129067399493,0.09009242430329323,0.14,0.14,0.14,0.849789029535865,0.9448373408769448,0.09519321394910461,0.23845428840716307,0.6663524976437323,0.446373905709574,1.0555102040816327,1.0555102040816327,6.326530612244898,0.3526319484978837,133.36408312572837,83.5926449787836,0.3152904238698335,0.8359264497878359,0.4135656673168021,48.95957903984074,-84.40450408588764,6.227370047301071,50,50,26.03615379333496
172,,-14.409992865612171,-0.1583515699517821,0.2875512093305588,0.18,0.18,0.18,0.8887959866220736,0.9590488771466315,0.08628519527702089,0.22615803814713897,0.6875567665758402,0.4472182126327899,1.0545054945054946,1.0545054945054946,5.637362637362638,0.1668488557383446,123.27967048183307,84.4121532364597,0.2836335088904776,0.8441215323645971,0.36041445560730745,51.08524233617584,-72.19442814565723,6.016409135472297,50,50,24.227991342544556
173,,-4.008926915684838,-0.043106741028869223,0.25430384278297424,0.36,0.36,0.36,0.9308600337268128,0.9698952879581152,0.06854130052724078,0.2601054481546573,0.671353251318102,0.4446574308696173,0.9729032258064516,0.9729032258064516,8.32258064516129,0.009546421175858086,123.44811706030265,83.37696335078533,0.2821542218139172,0.8337696335078534,0.3592571700037458,50.83303801890737,-72.61507904139529,6.463955567197465,50,50,23.812358379364014
174,,-13.215946375198182,-0.15018120880907027,0.19313561916351318,0.2,0.2,0.2,0.8664353859496965,0.9425625920471281,0.10295519542421354,0.24976167778836988,0.6472831267874166,0.4439905918822941,1.07,1.07,6.875,0.13841790975525345,115.18366030403016,84.83063328424153,0.34252011919498315,0.8483063328424153,0.4255785276046272,49.64978339890629,-65.53387690512386,6.310535922817361,50,50,22.995723247528076
175,,0.0077282951099638675,8.58699456662652e-05,0.15852838195860386,0.3,0.3,0.3,0.8990066225165563,0.9604743083003953,0.0898576512455516,0.23487544483985764,0.6752669039145908,0.4473888561229687,1.0831111111111111,1.0831111111111111,7.611111111111111,5.4343930111708264e-08,114.98873436255158,85.11198945981555,0.29929492222861054,0.8511198945981555,0.38668868869818207,48.6252107198663,-66.36352364268528,6.272483450055849,50,50,24.200665950775146
176,,-15.045543950793931,-0.15672441615410346,0.11724079260602593,0.22,0.22,0.22,0.8787128712871287,0.9634146341463414,0.09747292418772563,0.2364620938628159,0.6660649819494585,0.45391658672883445,1.045625,1.045625,6.34375,0.15155788665242645,122.6969989869383,82.79132791327913,0.3322887236236062,0.8279132791327913,0.42465368253920077,46.97814325903107,-75.71885572790723,6.05204867347879,50,50,25.25946569442749
177,,-17.288433212683344,-0.18589713131917573,0.00306504312902689,0.24,0.24,0.24,0.8669491525423729,0.9437412095639943,0.09243697478991597,0.24369747899159663,0.6638655462184874,0.4528894610430605,1.044516129032258,1.044516129032258,5.924731182795699,0.1720251601065882,119.037337648825,83.68495077355837,0.32200227447909435,0.8368495077355836,0.4033811089133647,49.26190171214761,-69.7754359366774,6.1950120639046515,50,50,24.699671268463135
178,,-18.334075303741823,-0.19928342721458503,0.11779267340898514,0.14,0.14,0.14,0.8941273779983457,0.9463806970509383,0.07869142351900972,0.26171529619805484,0.6595932802829354,0.4496867626677672,1.0658695652173913,1.0658695652173913,7.456521739130435,0.2738034189607885,122.27456569675408,86.32707774798928,0.3213478162658142,0.8632707774798928,0.38940551939508844,49.90918216365003,-72.36538353310405,6.162128133295243,50,50,24.22619128227234
179,,-3.852680710518591,-0.04328854730919765,0.15869338810443878,0.32,0.32,0.32,0.916030534351145,0.9625668449197861,0.07347670250896057,0.25627240143369173,0.6702508960573477,0.4496137409853576,0.9732584269662922,0.9732584269662922,7.831460674157303,0.009896079555521749,130.594853858014,85.02673796791443,0.30336892939110544,0.8502673796791443,0.37521627070216906,52.95363567962495,-77.64121817838907,6.464279474350652,50,50,23.544665336608887
180,,-7.771481278728684,-0.09036606138056609,0.0752590075135231,0.24,0.24,0.24,0.8936708860759494,0.9597780859916782,0.0686184812442818,0.2717291857273559,0.6596523330283623,0.4453956167674136,1.0455813953488373,1.0455813953488373,8.627906976744185,0.05372620924154743,99.1759718937668,85.43689320388349,0.29860554043172105,0.8543689320388349,0.37094090323456624,47.939948158844516,-51.236023734922284,6.150715693366531,50,50,22.84383797645569
181,,-18.41869140028763,-0.1959435255349748,0.12358363270759583,0.18,0.18,0.18,0.870042194092827,0.9565846599131693,0.0845724907063197,0.2732342007434944,0.6421933085501859,0.4542221891775014,1.0178723404255319,1.0178723404255319,7.925531914893617,0.24361284865935956,114.87190684415938,80.75253256150506,0.3116954778192878,0.8075253256150506,0.41647531462003035,47.06896695935794,-67.80293988480145,6.428260775690485,50,50,24.739696502685547
182,,-12.306800514676178,-0.13985000584859295,0.019785234704613686,0.18,0.18,0.18,0.8603678929765887,0.9583931133428981,0.07914338919925512,0.2718808193668529,0.648975791433892,0.4478756896444512,1.0497727272727273,1.0497727272727273,8.136363636363637,0.13193694195545674,109.01074761349359,82.63988522238164,0.3246575890694919,0.8263988522238164,0.4151408837815648,50.33451005118053,-58.67623756231306,6.09600223088035,50,50,23.13395380973816
183,,-3.9054156102921334,-0.0433935067810237,0.18004842326045037,0.32,0.32,0.32,0.9228855721393034,0.9752281616688396,0.07242582897033159,0.2582897033158813,0.6692844677137871,0.4447168045163982,0.9995555555555555,0.9995555555555555,8.155555555555555,0.010372833946956983,123.50932960001876,81.7470664928292,0.2726196991346095,0.817470664928292,0.3525609081079816,51.26894511582652,-72.24038448419225,6.514449310048573,50,50,23.615033626556396
184,,-19.998881666505106,-0.2020089057222738,0.15273370753441537,0.18,0.18,0.18,0.8765432098765432,0.9494535519125683,0.0757439134355275,0.26420198376916143,0.6600541027953111,0.4439989086042506,0.9797979797979798,0.9797979797979798,6.636363636363637,0.2397046539266276,140.2363994809386,81.9672131147541,0.29494206924564226,0.819672131147541,0.3840296548119392,50.130377946344666,-90.10602153459392,6.199787410812524,50,50,25.481218576431274
185,,-8.273791059188381,-0.08993251151291719,0.1387249082326889,0.26,0.26,0.26,0.9154811715481171,0.9613848202396804,0.06826241134751773,0.26595744680851063,0.6657801418439716,0.43378512619683296,1.0104347826086957,1.0104347826086957,7.836956521739131,0.05055981380883274,120.62948351355601,84.95339547270306,0.29196114238264465,0.8495339547270306,0.36235801838866183,50.102836272578344,-70.52664724097767,6.319298655259011,50,50,23.60341215133667
186,,-15.114055235052941,-0.1625167229575585,0.09557762742042542,0.24,0.24,0.24,0.8457047539616347,0.9410150891632373,0.0765639589169001,0.24276377217553688,0.680672268907563,0.4313064802177119,1.084731182795699,1.084731182795699,6.505376344086022,0.13213221901931543,139.55134337575663,82.85322359396433,0.3399136973323993,0.8285322359396433,0.4313872265382782,49.95851871667139,-89.59282465908522,6.0094887120865685,50,50,24.301355838775635
187,,-9.525553614925647,-0.10353862624919181,0.24948527216911315,0.24,0.24,0.24,0.9040867389491243,0.9580514208389715,0.0854853072128228,0.25645592163846836,0.6580587711487088,0.4309195289690473,1.049782608695652,1.049782608695652,6.793478260869565,0.06631074195100087,134.44231829922296,82.94993234100136,0.3181063193603283,0.8294993234100135,0.4058505409305123,49.88264840690583,-84.55966989231713,6.119598606458229,50,50,23.879464149475098
188,,-4.267906820329534,-0.04849894114010834,0.14332281053066254,0.3,0.3,0.3,0.913549459684123,0.9652509652509652,0.06073943661971831,0.25528169014084506,0.6839788732394366,0.43530912832714175,1.0172727272727273,1.0172727272727273,8.636363636363637,0.014094776719269739,108.95363677053457,82.23938223938224,0.2781950381470866,0.8223938223938224,0.3605883058598035,50.70650313322086,-58.24713363731371,6.772111601225818,50,50,23.155030965805054
189,,-11.97885602525545,-0.12349336108510772,0.09547674873222907,0.3,0.3,0.3,0.8994229183841714,0.9629156010230179,0.07009760425909495,0.2360248447204969,0.6938775510204082,0.43465917350159067,1.016701030927835,1.016701030927835,6.711340206185567,0.07846324463405792,142.42808492681246,86.18925831202046,0.32319091946429845,0.8618925831202046,0.39381298790646235,49.73257235483102,-92.69551257198144,6.6734679097414125,50,50,25.957377672195435
190,,3.722381520182237,0.0443140657164552,0.27824310461680096,0.38,0.38,0.38,0.9087837837837838,0.9614873837981408,0.06115107913669065,0.26169064748201437,0.677158273381295,0.43151803839134073,1.073095238095238,1.073095238095238,8.428571428571429,0.011301747802810999,111.27572844302414,86.32138114209828,0.3141868553023605,0.8632138114209827,0.378122676335267,51.73208880316181,-59.54363963986233,6.7729194891219295,50,50,21.93382430076599
191,,-6.1238880178646475,-0.06804320019849608,0.17418947987831557,0.3,0.3,0.3,0.9184514003294892,0.966078697421981,0.07497820401046207,0.28247602441150826,0.6425457715780296,0.4332042734038809,0.9988888888888889,0.9988888888888889,9.555555555555555,0.029620962189796398,100.04964204246039,82.90366350067842,0.2850884131864913,0.8290366350067843,0.3661761587247113,49.6532506854702,-50.3963913569902,6.2913722626724216,50,50,23.276493310928345
192,,2.02652675514667,0.02384149123701965,0.1227465271949768,0.34,0.34,0.34,0.9163179916317992,0.9681122448979592,0.07466666666666667,0.22844444444444445,0.6968888888888889,0.4361204368238721,1.088,1.088,8.011764705882353,0.0036560951469086374,99.74741898924877,84.18367346938776,0.29011228812760487,0.8418367346938775,0.3614076790440874,49.79132612975108,-49.956092859497694,6.52808311434479,50,50,23.110645294189453
193,,-8.07256010416804,-0.09173363754736409,0.05172725270191828,0.18,0.18,0.18,0.9011627906976745,0.9573091849935317,0.0812720848056537,0.23586572438162545,0.6828621908127208,0.4372518994864235,1.16,1.16,7.340909090909091,0.06827947395660747,107.05692363230187,84.47606727037517,0.32034719619808194,0.8447606727037517,0.4004848184210615,50.290621126819474,-56.76630250548241,6.462150648441348,50,50,23.774089574813843
194,,-7.89529482134559,-0.08489564324027515,0.21509166061878204,0.26,0.26,0.26,0.9028239202657807,0.9665775401069518,0.0580875781948168,0.2734584450402145,0.6684539767649688,0.4352602921036743,1.0391397849462365,1.0391397849462365,7.419354838709677,0.04652007519509065,114.80798397545985,84.49197860962568,0.34155150955411717,0.8449197860962567,0.4317104439566963,52.13021142139914,-62.6777725540607,6.397539671500264,50,50,24.48996925354004
195,,-11.70579821351479,-0.13454940475304356,0.1228869433204333,0.18,0.18,0.18,0.8585526315789473,0.9494163424124513,0.07431192660550459,0.21834862385321102,0.7073394495412844,0.4433527739566012,1.1439080459770115,1.1439080459770115,6.080459770114943,0.127435185769786,112.92939646854879,86.51102464332037,0.3420263587381034,0.8651102464332037,0.4116838784956138,51.83366998058702,-61.09572648796177,6.12116545638253,50,50,24.923992156982422
196,,-9.349636469817751,-0.10746708585997415,0.12943612621165812,0.2,0.2,0.2,0.9238493723849373,0.9655172413793104,0.0553116769095698,0.28270412642669007,0.6619841966637401,0.4502207116876868,1.012183908045977,1.012183908045977,10.367816091954023,0.0868076408505215,102.96657984489418,83.0238726790451,0.30200422797538234,0.830238726790451,0.38049704318856337,51.004212181048764,-51.96236766384542,6.802417737447933,50,50,22.305091857910156
197,,-18.071716709779153,-0.18630635783277477,0.1797519028186798,0.26,0.26,0.26,0.9007506255212677,0.9578392621870883,0.06887298747763863,0.2522361359570662,0.6788908765652951,0.46086171420051036,0.9511340206185567,0.9511340206185567,7.474226804123711,0.13787129271041174,154.24282790206075,82.87220026350461,0.27880152274722536,0.8287220026350461,0.3561552149731306,53.28890272208261,-100.95392517997816,6.1554226264402185,50,50,25.723854541778564
198,,-16.065458748511382,-0.18051077245518407,0.1544551894068718,0.08,0.08,0.08,0.8384424192212097,0.9319727891156463,0.06803355079217148,0.24697110904007455,0.684995340167754,0.45627779027700865,1.175056179775281,1.175056179775281,7.191011235955056,0.34689496530004277,101.94066214071609,85.71428571428571,0.3391946244974762,0.8571428571428571,0.4206879242993853,50.75626016774154,-51.184401972974555,5.884578615279141,50,50,23.858977794647217
199,,-11.601986976553992,-0.13335617214429876,0.06329880282282829,0.22,0.22,0.22,0.871244635193133,0.9605633802816902,0.08633776091081594,0.24003795066413663,0.6736242884250474,0.45405356495667937,1.0728735632183908,1.0728735632183908,7.160919540229885,0.10412086147455926,122.87399417184648,83.09859154929578,0.31339286925219995,0.8309859154929577,0.4033416544262179,49.9114937772035,-72.96250039464297,6.172167557953369,50,50,22.42843508720398
200,,-17.15940017080148,-0.19280224911012897,0.12102542445063591,0.08,0.08,0.08,0.8439542483660131,0.9390728476821192,0.07359705611775529,0.23183072677092917,0.6945722171113156,0.45599227009859106,1.1782022471910112,1.1782022471910112,6.573033707865169,0.32211882190719265,122.97602556568552,81.98675496688742,0.3261333715095968,0.8198675496688742,0.4203837246956694,49.19743021581348,-73.77859534987203,5.964829755373394,50,50,24.239737510681152
201,,-17.561672882601616,-0.1868263072617193,0.10200148075819016,0.16,0.16,0.16,0.8798999165971643,0.9492656875834445,0.06993642143505904,0.24977293369663942,0.6802906448683016,0.4618818874300477,1.0957446808510638,1.0957446808510638,6.914893617021277,0.2249375200607643,130.90222100755173,82.77703604806409,0.3236525979029242,0.8277703604806409,0.4171812925529925,50.83820736378909,-80.06401364376265,6.205640555591701,50,50,24.663219690322876
202,,-31.44499604602666,-0.324175216969347,0.02988285819689433,0.0,0.0,0.0,0.8261603375527427,0.9252199413489736,0.07950191570881227,0.2672413793103448,0.6532567049808429,0.45455679356783013,1.0439175257731959,1.0439175257731959,7.391752577319588,0.696571576887627,107.11350475676721,83.43108504398828,0.35493822317388546,0.8343108504398827,0.45090704147054717,20.435884457154685,-86.67762029961253,6.1350451293453165,50,50,26.621506452560425
203,,-16.073484846297585,-0.1826532368897453,0.17703287241359553,0.1,0.1,0.1,0.8742762613730356,0.9444444444444444,0.08393501805054152,0.25,0.6660649819494585,0.45286854429159906,1.0879545454545454,1.0879545454545454,7.659090909090909,0.30910589931084265,102.93701879581565,83.73983739837398,0.3177211977026544,0.8373983739837398,0.40054064898341285,47.94288068842798,-54.99413810738767,6.227281224511878,50,50,23.86525249481201
204,,-6.7738334162326685,-0.0769753797299167,0.15737618505954742,0.18,0.18,0.18,0.9104234527687296,0.97,0.08782608695652173,0.2165217391304348,0.6956521739130435,0.4623024396341167,1.1152272727272727,1.1152272727272727,6.409090909090909,0.05262167487639094,108.49181753451413,84.375,0.3100446925904817,0.84375,0.3878805518195496,50.762388603198005,-57.72942893131612,6.729054483409972,50,50,23.440046072006226
205,,-21.56443982502781,-0.2318756970433098,0.18373186886310577,0.08,0.08,0.08,0.8802345058626466,0.9539748953974896,0.08925318761384335,0.25774134790528236,0.6530054644808743,0.45898803321171494,1.0612903225806452,1.0612903225806452,7.376344086021505,0.37801811161752413,149.19769846331855,80.8926080892608,0.2997952666226353,0.8089260808926081,0.3961642036483853,49.05146794429318,-100.14623051902537,6.017757671130785,50,50,24.310367107391357
206,,-12.86391512428671,-0.14293239026985233,0.07034007483161986,0.16,0.16,0.16,0.8627946127946128,0.9497206703910615,0.06523765144454799,0.2674743709226468,0.6672879776328052,0.4582846686721055,1.0846666666666667,1.0846666666666667,7.6,0.16546950631097024,108.06427575269711,85.05586592178771,0.32667146148584186,0.8505586592178771,0.40910573763503705,52.039989386498256,-56.02428636619886,6.232446163252311,50,50,23.270740747451782
207,,-18.578609729521503,-0.2087484239272079,0.021809767931699753,0.1,0.1,0.1,0.8782535684298909,0.9539473684210527,0.07522935779816514,0.22752293577981653,0.6972477064220184,0.4702319460814254,1.084494382022472,1.084494382022472,6.46067415730337,0.3420220784651352,113.1605342739924,83.8157894736842,0.30843806441747684,0.8381578947368421,0.3902867433422285,49.30436090821928,-63.85617336577312,6.196393025823815,50,50,24.452757120132446
208,,-28.12414057532143,-0.29604358500338346,0.20079402128855386,0.06,0.06,0.06,0.816006600660066,0.9397058823529412,0.09282296650717703,0.25645933014354066,0.6507177033492823,0.4634964989992349,1.0667368421052632,1.0667368421052632,6.568421052631579,0.5340994245492938,112.58059475699848,81.47058823529412,0.34858235401335974,0.8147058823529412,0.45528940203391255,47.21585494142721,-65.36473981557127,5.669730765520293,50,50,25.277482271194458
209,,-6.209270558866011,-0.06899189509851124,0.20914209634065628,0.28,0.28,0.28,0.8966386554621849,0.966711051930759,0.07768744354110207,0.24390243902439024,0.6784101174345076,0.4701650927271694,0.9893333333333333,0.9893333333333333,7.366666666666666,0.029374535888218034,117.89694648899604,79.89347536617842,0.2914352855507628,0.7989347536617842,0.39026970206035777,50.09121794295148,-67.80572854604456,6.176363613607191,50,50,23.65921139717102
210,,-26.392697925350188,-0.2749239367223978,0.056820277124643326,0.08,0.08,0.08,0.8452579034941764,0.9475862068965517,0.0863849765258216,0.23286384976525823,0.6807511737089202,0.4731979058639263,1.0770833333333334,1.0770833333333334,6.28125,0.5026656519761629,123.0118488682186,85.10344827586206,0.3418090993435915,0.8510344827586207,0.4225436045131119,48.87803140670355,-74.13381746151505,6.108042338005909,50,50,25.693989038467407
211,,-5.565329934079723,-0.0687077769639472,0.3197249968846639,0.2,0.2,0.2,0.8619499568593615,0.951935914552737,0.06507177033492823,0.21818181818181817,0.7167464114832536,0.46855641021795663,1.1807407407407406,1.1807407407407406,6.345679012345679,0.044069747393489976,83.95018145996713,81.97596795727637,0.31480033556795833,0.8197596795727636,0.40868110561279336,47.70391172844775,-36.24626973151938,6.2621127102122305,50,50,21.86171245574951
212,,-16.461210210667378,-0.18920931276629172,0.16106136391560236,0.12,0.12,0.12,0.8440366972477065,0.9385847797062751,0.0675422138836773,0.2298311444652908,0.702626641651032,0.4699297235000493,1.137471264367816,1.137471264367816,6.2988505747126435,0.2759987488944469,111.6285551643314,83.44459279038719,0.32108337013457305,0.8344459279038718,0.4119273884646742,48.665633576492326,-62.96292158783907,6.191242451573217,50,50,23.71079993247986
213,,-10.294280149388172,-0.11438089054875747,0.23833389580249786,0.18,0.18,0.18,0.9032786885245901,0.9688279301745636,0.061511423550087874,0.23374340949033393,0.7047451669595782,0.4731496929606009,1.1348888888888888,1.1348888888888888,7.055555555555555,0.11096131390303206,105.44071185194517,81.29675810473816,0.2986028894911693,0.8129675810473815,0.3941635313438368,50.3102527820031,-55.13045906994208,5.894425789082169,50,50,24.494622230529785
214,,-11.959659565655484,-0.13906580890297074,0.2395593118853867,0.12,0.12,0.12,0.8777038269550749,0.953714981729598,0.04900181488203267,0.20598911070780399,0.7450090744101633,0.4720882116395677,1.1544186046511629,1.1544186046511629,5.255813953488372,0.18695719441907374,117.89402228701422,81.85140073081608,0.2660981156352126,0.8185140073081608,0.35018302267417606,50.72615913007423,-67.16786315693999,6.252771071517043,50,50,23.438931465148926
215,,-10.274425565252692,-0.11290577544233728,0.17154014557600022,0.24,0.24,0.24,0.8628127696289906,0.9410958904109589,0.07238095238095238,0.23238095238095238,0.6952380952380952,0.4636590900600652,1.1178021978021977,1.1178021978021977,6.450549450549451,0.08130551936355247,121.33535543295667,83.42465753424658,0.34527655312450195,0.8342465753424657,0.4392662914919945,50.09306146239729,-71.24229397055939,6.146312917429705,50,50,23.396268844604492
216,,-14.146906776180957,-0.1521172771632361,0.03293425962328911,0.18,0.18,0.18,0.8766339869281046,0.9547738693467337,0.06160714285714286,0.22767857142857142,0.7107142857142857,0.46200340518547645,1.0503225806451613,1.0503225806451613,6.387096774193548,0.16017994682433073,134.30627444280628,80.77889447236181,0.30503980172182843,0.8077889447236181,0.40419897406636607,51.6144416763466,-82.69183276645967,6.403292075700971,50,50,24.24100613594055
217,,-17.470857440106496,-0.1941206382234055,0.09427366236394102,0.1,0.1,0.1,0.8638956805215974,0.9485488126649076,0.07271095152603231,0.24685816876122083,0.6804308797127468,0.4717892308855533,1.096,1.096,7.322222222222222,0.3089346341526567,110.86195594780229,85.4881266490765,0.3399904064882504,0.8548812664907651,0.4188377447404607,51.448266705601085,-59.4136892422012,6.403558159840527,50,50,24.055667400360107
218,,-16.000368168558403,-0.1797794176242517,0.27175965905189514,0.2,0.2,0.2,0.8542713567839196,0.9444444444444444,0.06535947712418301,0.2119514472455649,0.7226890756302521,0.4646767457265909,1.0880898876404494,1.0880898876404494,5.629213483146067,0.17015145682503366,131.67479472367245,84.49612403100775,0.32382209897978204,0.8449612403100775,0.40188985727339865,50.014424302649104,-81.66037042102336,6.21226199688011,50,50,24.281661987304688
219,,-7.539551881331393,-0.08471406608237521,0.1374634855559894,0.24,0.24,0.24,0.8821576763485477,0.9426020408163265,0.06529516994633273,0.2334525939177102,0.7012522361359571,0.46560773231748365,1.1130337078651686,1.1130337078651686,6.921348314606742,0.04595385837693906,110.11863585869679,82.14285714285714,0.29485780566380193,0.8214285714285714,0.3826644173482281,51.38548261402903,-58.73315324466776,6.049551860095342,50,50,23.98508048057556
220,,-19.538378908880862,-0.21237368379218327,0.10626857355237007,0.1,0.1,0.1,0.8737458193979933,0.9456662354463131,0.06776556776556776,0.22435897435897437,0.7078754578754579,0.4584471671204285,1.1132608695652173,1.1132608695652173,5.760869565217392,0.31525377556936945,144.93648647258652,84.34670116429496,0.2969305341646564,0.8434670116429496,0.3830956037589561,50.742181859758034,-94.19430461282849,5.914014787404438,50,50,24.319820642471313
221,,-14.536245990286773,-0.16518461352598604,0.11108863539993763,0.06,0.06,0.06,0.8627450980392157,0.9525032092426188,0.062162162162162166,0.23603603603603604,0.7018018018018019,0.4615851746806187,1.1968181818181818,1.1968181818181818,6.625,0.3264628384157067,99.22852788842945,86.00770218228499,0.3190392826131497,0.8600770218228498,0.39014395905396965,47.42031088767948,-51.80821700074997,5.70875803960681,50,50,24.0745210647583
222,,-19.615752901144898,-0.21321470544722715,0.0999143198132515,0.1,0.1,0.1,0.8556105610561056,0.941025641025641,0.044036697247706424,0.24036697247706423,0.7155963302752294,0.4630207973626017,1.0734782608695652,1.0734782608695652,5.782608695652174,0.337245417274028,128.9974552727038,85.12820512820512,0.32064880712636046,0.8512820512820513,0.39459619936991747,49.625298255006015,-79.37215701769777,5.8171383025628165,50,50,24.421902418136597
223,,-11.110133467662715,-0.1262515166779854,0.1542547419667244,0.2,0.2,0.2,0.886437908496732,0.9547619047619048,0.03723404255319149,0.21808510638297873,0.7446808510638298,0.4664940927709474,1.1372727272727272,1.1372727272727272,5.806818181818182,0.10655256796765807,116.00489054981922,82.38095238095238,0.27718535645862485,0.8238095238095238,0.3576678281384353,51.263620324341275,-64.74127022547795,6.133105965863069,50,50,24.024146556854248
224,,-20.087808680806432,-0.20924800709173366,0.19579243659973145,0.2,0.2,0.2,0.8862679022746419,0.9468354430379747,0.04640582347588717,0.23475887170154686,0.718835304822566,0.456091094364286,1.0264583333333333,1.0264583333333333,6.052083333333333,0.22072295377441056,123.68803486854691,83.92405063291139,0.29768318683716977,0.839240506329114,0.3787188886842584,51.22140846467494,-72.46662640387197,6.070310376123378,50,50,25.04118537902832
225,,-11.207796836655515,-0.12051394448016682,0.1047266460955143,0.2,0.2,0.2,0.88759367194005,0.9642857142857143,0.04710144927536232,0.2427536231884058,0.7101449275362319,0.46316129290458735,1.0812903225806452,1.0812903225806452,6.698924731182796,0.11204268648107314,111.91490779256279,82.78061224489795,0.3251019577228537,0.8278061224489796,0.41839702717209665,50.960307593973496,-60.95460019858928,6.103887318127027,50,50,24.209088563919067
226,,-15.243085542320603,-0.17321688116273412,0.1728135645389557,0.12,0.12,0.12,0.8664987405541562,0.9490445859872612,0.04066543438077634,0.23382624768946395,0.7255083179297597,0.46311926047444685,1.1661363636363635,1.1661363636363635,6.193181818181818,0.26575897000105647,95.63519509447758,85.85987261146497,0.3146011031340739,0.8585987261146497,0.38617999320650487,47.28747955300075,-48.34771554147684,6.128146104510526,50,50,23.570815324783325
227,,-24.114994682649897,-0.24607137431275405,0.20529323567946753,0.14,0.14,0.14,0.8685524126455907,0.9503184713375796,0.027447392497712716,0.25434583714547115,0.7182067703568161,0.4646437656738331,1.0210204081632652,1.0210204081632652,6.877551020408164,0.3382667881934755,142.7754650581014,82.4203821656051,0.3128140168311966,0.824203821656051,0.4074704777269265,49.799676682883316,-92.97578837521807,5.983062560363441,50,50,25.698705911636353
228,,-15.666551176503202,-0.1702885997446,-0.025994235649704933,0.18,0.18,0.18,0.8920068027210885,0.9595959595959596,0.03403863845446182,0.23735050597976082,0.7286108555657773,0.4709461618156638,1.0456521739130435,1.0456521739130435,6.336956521739131,0.1780295767278721,135.071237112012,84.72222222222221,0.3085165369635576,0.8472222222222222,0.3799911418483908,49.9635392010745,-85.1076979109375,6.300225869133548,50,50,23.4299054145813
229,,-11.828263006960446,-0.1299809121644005,0.10135934253533681,0.22,0.22,0.22,0.9063291139240506,0.9650872817955112,0.03429602888086643,0.24187725631768953,0.723826714801444,0.4658890742270255,1.0112087912087913,1.0112087912087913,7.021978021978022,0.09489601390363336,125.76129848643627,82.54364089775561,0.29492253498845616,0.8254364089775561,0.38157533674150435,49.361244743940986,-76.40005374249529,6.663231922322882,50,50,23.398319005966187
230,,-5.280065953486954,-0.060000749471442655,0.07824640744365752,0.24,0.24,0.24,0.8853658536585366,0.9487179487179487,0.04052863436123348,0.23788546255506607,0.7215859030837004,0.4697643274493219,1.1104545454545454,1.1104545454545454,7.625,0.024549432939102365,112.14282571917893,82.90598290598291,0.28219805520468266,0.8290598290598291,0.35965850249955783,51.21478700298349,-60.92803871619544,6.423477110589731,50,50,23.626522064208984
231,,-29.00795658082799,-0.3021662143836249,0.11408157553523779,0.08,0.08,0.08,0.855583543240974,0.9437751004016064,0.04299065420560748,0.2588785046728972,0.6981308411214954,0.4638134085729447,0.9904166666666666,0.9904166666666666,7.09375,0.4834395170231027,126.10897868443942,82.99866131191432,0.3552605338402096,0.8299866131191432,0.4518362089618239,44.97898981575027,-81.12998886868915,6.140660148433569,50,50,25.067795991897583
232,,-6.06827937342613,-0.06895772015256967,0.15821890532970428,0.28,0.28,0.28,0.893476465730801,0.9620915032679739,0.03942652329749104,0.27508960573476704,0.6854838709677419,0.4511002881230723,1.0493181818181818,1.0493181818181818,8.511363636363637,0.03022817101524686,112.11464615028231,84.05228758169935,0.2920931470786255,0.8405228758169935,0.366701100209344,49.168202760177465,-62.94644339010485,6.029927282308406,50,50,23.80262851715088
233,,-14.123792120813611,-0.14266456687690518,0.16026368886232376,0.28,0.28,0.28,0.8805601317957167,0.9711055276381909,0.03800904977375565,0.2416289592760181,0.7203619909502262,0.4528189644562739,1.002020202020202,1.002020202020202,6.111111111111111,0.0956839750392389,172.43018391550115,85.30150753768844,0.3083873030008833,0.8530150753768844,0.38228864095694304,51.68289703763169,-120.74728687786946,6.656523697715106,50,50,25.674134731292725
234,,-31.295372883802788,-0.3226327101422968,0.12925354298204184,0.1,0.1,0.1,0.8781942078364565,0.9474412171507607,0.046296296296296294,0.28425925925925927,0.6694444444444444,0.4524266577232629,0.9311340206185567,0.9311340206185567,7.855670103092783,0.49879901254696396,121.75989816791648,86.44536652835409,0.320439361157602,0.8644536652835408,0.38937861440275906,51.001098698236824,-70.75879946967964,6.134314400970927,50,50,25.605849266052246
235,,-9.949983770220692,-0.10934048099143617,0.02765792856613795,0.24,0.24,0.24,0.875605815831987,0.9539918809201624,0.042515500442869794,0.3029229406554473,0.6545615589016829,0.4537493289482094,1.0575824175824176,1.0575824175824176,9.10989010989011,0.07626585080464522,120.38913538927929,84.03247631935047,0.3076404519521744,0.8403247631935047,0.39184505430592564,49.21357029556354,-71.17556509371575,6.389085821854767,50,50,24.321215391159058
236,,-18.199293429644012,-0.18957597322545847,0.02025051973760128,0.16,0.16,0.16,0.8513289036544851,0.952317880794702,0.04668534080298786,0.24836601307189543,0.7049486461251168,0.4485106131993719,1.0577083333333333,1.0577083333333333,6.291666666666667,0.2452504886322733,123.72081718270772,86.49006622516556,0.3346749107310494,0.8649006622516556,0.40618082452877924,50.71182736245288,-73.00898982025484,6.118287973208509,50,50,25.387551069259644
237,,-11.875556185117569,-0.13343321556311874,0.18018969893455505,0.18,0.18,0.18,0.8809523809523809,0.957004160887656,0.04582210242587601,0.3063791554357592,0.6477987421383647,0.44982965747470016,1.0280898876404494,1.0280898876404494,9.797752808988765,0.1453641550707995,111.65604919693054,86.9625520110957,0.34792036387012026,0.869625520110957,0.4156239832380919,49.68399071587211,-61.972058481058426,6.111221946005761,50,50,24.19195246696472
238,,-7.6788942138182215,-0.08826315188296806,0.14607207787533602,0.24,0.24,0.24,0.8817021276595745,0.9616438356164384,0.04668534080298786,0.27170868347338933,0.6816059757236228,0.45178188549301146,1.0289655172413794,1.0289655172413794,7.551724137931035,0.05249444454398437,108.22531550599943,85.47945205479452,0.29715728167279665,0.8547945205479452,0.36300155207660073,50.74183500334351,-57.48348050265592,6.4447370560883845,50,50,22.95439386367798
239,,13.700127638377099,0.1650617787756277,0.2719234526157379,0.52,0.52,0.52,0.9476351351351351,0.9723684210526315,0.0462882096069869,0.28995633187772923,0.6637554585152838,0.44876329409536425,0.9346987951807229,0.9346987951807229,10.771084337349398,0.1423998376407504,104.08064444418484,84.21052631578947,0.262512971609121,0.8421052631578947,0.328666997042223,51.023518348721055,-53.057126095463786,6.915087455247502,50,50,20.768969297409058
240,,-15.009967701186493,-0.16677741890207215,0.10413971131380934,0.2,0.2,0.2,0.8893581081081081,0.9602649006622517,0.04032997250229148,0.2676443629697525,0.692025664527956,0.449789769069421,1.049111111111111,1.049111111111111,8.466666666666667,0.16119915879666966,117.31450272732883,85.56291390728477,0.33370697519951925,0.8556291390728477,0.4076172551018312,48.01988874896118,-69.29461397836765,6.098605309697474,50,50,23.368642807006836
241,,-8.805852509811722,-0.09894216303159238,0.08481694012880325,0.3,0.3,0.3,0.8961702127659574,0.9515235457063712,0.0484903934126258,0.2909423604757548,0.6605672461116194,0.46449481454688346,0.9678651685393258,0.9678651685393258,10.775280898876405,0.05164387566436458,107.98335041708933,84.07202216066482,0.2932434696175941,0.8407202216066482,0.36840823431734826,50.26011459628082,-57.72323582080851,6.611878295836396,50,50,22.90678310394287
242,,-9.303366868832807,-0.10572007805491826,0.20204552670475096,0.26,0.26,0.26,0.8874788494077834,0.9553956834532374,0.04884792626728111,0.3105990783410138,0.6405529953917051,0.4614344563185428,0.9225,0.9225,10.897727272727273,0.06842366410936049,106.0581342245419,84.02877697841727,0.3084093421402674,0.8402877697841726,0.388503624403222,48.5944498415771,-57.46368438296479,6.496622489378784,50,50,22.49428391456604
243,,-8.729371049838386,-0.09488446793302593,0.12092787027359009,0.26,0.26,0.26,0.8851791530944625,0.9529569892473119,0.048672566371681415,0.2929203539823009,0.6584070796460177,0.4688992402956153,1.0291304347826087,1.0291304347826087,9.043478260869565,0.0517497759870188,128.666115991387,85.48387096774194,0.3199651788891053,0.8548387096774194,0.39296475268418246,50.46700518892644,-78.19911080246055,6.062943720015908,50,50,24.909567832946777
244,,-18.80731969602013,-0.20007786910659714,0.12059636201177325,0.16,0.16,0.16,0.8751054852320675,0.94579945799458,0.038781163434903045,0.27977839335180055,0.6814404432132964,0.47175042787626226,1.0306382978723405,1.0306382978723405,7.851063829787234,0.22996555493812929,126.00189039309376,84.95934959349594,0.3287587220935888,0.8495934959349594,0.40765272797545804,50.05697348757677,-75.94491690551699,6.657247951786359,50,50,24.523613691329956
245,,4.206157121981037,0.04779724002251178,0.11937721073627472,0.4,0.4,0.4,0.9331662489557226,0.9720670391061452,0.048034934497816595,0.3266375545851528,0.6253275109170305,0.47001680118243466,0.9340909090909091,0.9340909090909091,12.522727272727273,0.01250953441924795,116.72379515356522,85.05586592178771,0.29826169578330025,0.8505586592178771,0.368508850991316,49.99253891971957,-66.73125623384566,7.292179147305439,50,50,22.66304612159729
246,,-17.504077199606638,-0.18621358722985784,0.07327624764293432,0.18,0.18,0.18,0.8720066061106524,0.9504814305364512,0.050816696914700546,0.2894736842105263,0.6597096188747731,0.4752493829324475,1.034255319148936,1.034255319148936,9.042553191489361,0.21019270483461544,140.68692590535244,84.59422283356258,0.3011258227217583,0.8459422283356258,0.3736420723032213,51.331428329524584,-89.35549757582784,6.1016259661504195,50,50,24.54838800430298
247,,-11.125460311657719,-0.12092891643106216,0.09554965794086456,0.22,0.22,0.22,0.8522821576763485,0.9469026548672567,0.06412639405204461,0.30576208178438663,0.6301115241635687,0.4704846204307092,1.0006521739130434,1.0006521739130434,9.304347826086957,0.10129211560044776,104.95653236556106,86.57817109144543,0.3216061534400178,0.8657817109144543,0.42294443973278883,49.51488441193905,-55.441647953622,6.421170494825788,50,50,24.412691116333008
248,,-4.23654684831128,-0.04760164998102561,0.23848707415163517,0.26,0.26,0.26,0.9181818181818182,0.9651006711409396,0.05410122164048865,0.29581151832460734,0.650087260034904,0.4752032211872362,0.946067415730337,0.946067415730337,10.280898876404494,0.016676510370918163,107.3923792724432,84.29530201342283,0.28389491951790896,0.8429530201342282,0.35980601732660755,48.787781768241075,-58.60459750420212,6.543466937014862,50,50,23.083734273910522
249,,-10.307386398487816,-0.10736860831758142,0.2663973520199458,0.3,0.3,0.3,0.9034090909090909,0.9651324965132496,0.06800348735832606,0.30688753269398433,0.6251089799476897,0.46323121733027317,0.9129166666666667,0.9129166666666667,10.010416666666666,0.061272519110854545,128.76933302525865,85.21617852161785,0.32642324814058266,0.8521617852161785,0.4009006870668738,48.48926563630768,-80.28006738895097,6.643592584841084,50,50,25.103641033172607
250,,-11.315599001140766,-0.11315599001140766,-0.16715802252292633,0.36,0.36,0.36,0.9432098765432099,0.9718498659517426,0.042625745950554135,0.3213981244671782,0.6359761295822677,0.46821758690932763,0.7684,0.7684,11.21,0.05941411879288903,131.21571579871937,85.656836461126,0.26102134045500525,0.8565683646112601,0.32807961075741354,51.35023974029896,-79.86547605842041,6.6676582496995245,50,50,25.050190448760986
251,,16.454414938674667,0.2006635968131057,0.28175386289755505,0.56,0.56,0.56,0.9686468646864687,0.9846153846153847,0.03949579831932773,0.3050420168067227,0.6554621848739496,0.4678688375135137,0.9131707317073171,0.9131707317073171,13.146341463414634,0.20946906098420695,90.58696410757088,83.97435897435898,0.25778332127670095,0.8397435897435898,0.32257336445304907,52.59367622003819,-37.99328788753268,7.34212486126123,50,50,20.93854260444641
252,,-2.465978062759165,-0.026804109377817013,0.26326229237020016,0.36,0.36,0.36,0.9247675401521556,0.9708994708994709,0.03829029385574354,0.28851291184327693,0.6731967943009796,0.4623127507358668,0.9143478260869565,0.9143478260869565,9.543478260869565,0.004121604658685751,119.3147601862386,83.994708994709,0.28576289652738646,0.83994708994709,0.3582991437773641,50.02151368198062,-69.29324650425798,6.561677878531716,50,50,23.71100950241089
253,,-16.032212219100767,-0.17238937870000826,0.20974154770374298,0.18,0.18,0.18,0.8791946308724832,0.9460227272727273,0.03832116788321168,0.3193430656934307,0.6423357664233577,0.4506960397964263,0.9473118279569892,0.9473118279569892,10.935483870967742,0.18035884873713914,122.85900680626739,85.08522727272727,0.32745428473857335,0.8508522727272727,0.4012798614072632,46.908224246559115,-75.95078255970827,6.360452903657291,50,50,24.195034980773926
254,,-7.922711198731229,-0.08519044299711,0.08784732036292553,0.28,0.28,0.28,0.8874388254486134,0.9595141700404858,0.04428697962798937,0.2993799822852081,0.6563330380868024,0.4573522908574437,0.986021505376344,0.986021505376344,9.473118279569892,0.04416586876052545,132.57399005047483,86.23481781376519,0.3135124443014601,0.8623481781376519,0.3770667584644826,52.29542258695015,-80.27856746352467,6.225291122868871,50,50,24.789753437042236
255,,-12.405713352624673,-0.13339476723252336,0.2151722895602385,0.24,0.24,0.24,0.902418682235196,0.9626666666666667,0.04118173679498657,0.2873769024171889,0.6714413607878246,0.45724350465436575,0.9948387096774194,0.9948387096774194,8.634408602150538,0.10123734185421336,126.54914173174942,86.4,0.33021543962859257,0.864,0.3972555871795006,47.967522441294186,-78.58161929045524,6.744464546249424,50,50,24.581013202667236
256,,-8.231389712218895,-0.09571383386301041,0.08447785675525665,0.24,0.24,0.24,0.867003367003367,0.9482758620689655,0.051305970149253734,0.2994402985074627,0.6492537313432836,0.45469471271837475,1.0493023255813954,1.0493023255813954,9.872093023255815,0.06045538116691066,110.28630076191132,84.19540229885058,0.3326991444091358,0.8419540229885057,0.4174805059452199,48.16129564320204,-62.12500511870928,6.659381261675069,50,50,22.61546492576599
257,,-8.639760076337463,-0.10046232646904027,0.08700793236494064,0.2,0.2,0.2,0.8984179850124896,0.9528301886792453,0.043710972346119537,0.2943800178412132,0.6619090098126673,0.45455117402381673,1.0611627906976744,1.0611627906976744,10.569767441860465,0.07919191887204918,113.83686253591105,85.44474393530997,0.2847421737086055,0.8544474393530997,0.40873971550298865,48.44955637846231,-65.38730615744873,6.396018343505845,50,50,22.66043782234192
258,,-10.039105066026648,-0.11031983589040273,0.12910671532154083,0.26,0.26,0.26,0.9208510638297872,0.9680555555555556,0.06205035971223022,0.2904676258992806,0.6474820143884892,0.45600000282892816,0.9232967032967033,0.9232967032967033,9.186813186813186,0.06670800924611445,117.40166920829614,85.0,0.2920928153153699,0.85,0.3602215792036866,48.354753390345465,-69.04691581795068,6.330585610117683,50,50,23.073512077331543
259,,-5.515344135705044,-0.06267436517846642,0.09556222520768642,0.3,0.3,0.3,0.9026473099914603,0.9657064471879286,0.048401826484018265,0.28584474885844746,0.6657534246575343,0.4518734956809997,0.9518181818181818,0.9518181818181818,10.056818181818182,0.023734195254174917,112.06779274016408,84.49931412894375,0.30696623011346436,0.8449931412894376,0.38260501035227695,47.0434690843029,-65.02432365586118,6.837682435502878,50,50,22.86189579963684
260,,0.895573159370807,0.010921623894765939,0.1506831794977188,0.36,0.36,0.36,0.8863636363636364,0.9674681753889675,0.05622119815668203,0.2921658986175115,0.6516129032258065,0.4447707430710562,1.0690243902439025,1.0690243902439025,11.5,0.0006820346501354688,109.88033610631555,85.00707213578501,0.323075617515567,0.8500707213578501,0.39904136765157455,50.460349197127954,-59.41998690918761,6.5883773194235165,50,50,21.69885563850403
261,,-12.644117741151097,-0.1404901971239011,0.030459033325314522,0.24,0.24,0.24,0.8958677685950414,0.9585006693440429,0.051555555555555556,0.28444444444444444,0.664,0.44918608674986493,0.9746666666666667,0.9746666666666667,9.533333333333333,0.09933283981541141,142.4435116460304,85.40829986613119,0.32432034388142583,0.8540829986613119,0.39848143942997494,51.71215399764267,-90.73135764838774,6.556719922850769,50,50,24.768935918807983
262,,-5.219438085795792,-0.06140515395053873,0.17709259688854218,0.22,0.22,0.22,0.9006677796327212,0.9581646423751687,0.05530776092774309,0.2836752899197145,0.6610169491525424,0.44704434372139545,1.0785882352941176,1.0785882352941176,10.223529411764705,0.030216110889710674,112.91602732619498,86.63967611336032,0.3202996286413237,0.8663967611336032,0.38322694694277715,50.98011310711054,-61.93591421908444,6.360719612740288,50,50,22.326767444610596
263,,-12.815110867583526,-0.1408253941492695,0.2577912360429764,0.26,0.26,0.26,0.8805346700083542,0.9534555712270804,0.050274223034734916,0.3016453382084095,0.6480804387568556,0.45206095003466645,0.9773626373626374,0.9773626373626374,9.945054945054945,0.10554816550067403,157.40622238589333,84.6262341325811,0.31968165933820264,0.846262341325811,0.3953546800537492,47.05594872950604,-110.35027365638729,6.2249916413793684,50,50,23.90801763534546
264,,-4.3263286475822005,-0.04754207305035385,0.3925166726112366,0.32,0.32,0.32,0.9014900662251656,0.9658344283837057,0.04634581105169341,0.27540106951871657,0.67825311942959,0.44831610646508224,0.9481318681318681,0.9481318681318681,7.989010989010989,0.013009260585883689,117.23408709541103,85.54533508541394,0.2861399844135602,0.8554533508541393,0.34952262235750736,48.15755898218485,-69.07652811322617,6.366075550730441,50,50,23.294925451278687
265,,-1.9228131278989786,-0.023448940584133885,0.22209284827113152,0.3,0.3,0.3,0.9239222316145393,0.9656992084432717,0.046181172291296625,0.28063943161634103,0.6731793960923623,0.44905845444933395,1.0,1.0,10.353658536585366,0.003598291262301457,96.51980206725668,86.6754617414248,0.2866689570600727,0.866754617414248,0.3451700741415977,49.8241076391872,-46.69569442806947,6.839572695169782,50,50,21.299567937850952
266,,3.510032857887665,0.040814335556833316,0.23249264508485795,0.4,0.4,0.4,0.9380753138075314,0.971736204576043,0.043478260869565216,0.31043478260869567,0.6460869565217391,0.4456274866999322,0.9172093023255814,0.9172093023255814,13.081395348837209,0.009393707146295779,108.5720805153561,85.06056527590849,0.27423736455421444,0.8506056527590848,0.34723447353500236,50.308906856822325,-58.26317365853379,6.60075995429773,50,50,22.363322973251343
267,,-7.721246190921728,-0.0877414339877469,0.1720384955406189,0.24,0.24,0.24,0.9060118543607113,0.9625520110957004,0.054249547920433995,0.2938517179023508,0.6518987341772152,0.4480779645585095,1.0461363636363636,1.0461363636363636,9.784090909090908,0.04911635419118941,115.8385438134981,85.15950069348128,0.3297721320534459,0.8515950069348127,0.407185103598848,49.92410231079876,-65.91444150269935,6.40696394573343,50,50,22.576216220855713
268,,0.17772188417767454,0.0020195668656553924,0.3383106589317322,0.36,0.36,0.36,0.9351305812973884,0.9691011235955056,0.07092819614711034,0.30560420315236425,0.6234676007005254,0.4543526735349918,0.8959090909090909,0.8959090909090909,12.965909090909092,2.6603173120423547e-05,103.97710032411479,84.26966292134831,0.27106748948446613,0.8426966292134831,0.3441286178159534,51.69864690276815,-52.27845342134664,7.464295015590347,50,50,22.183677196502686
269,,3.42113850101025,0.038439758438317415,0.14543963689357042,0.44,0.44,0.44,0.9387755102040817,0.9783783783783784,0.05460750853242321,0.31399317406143346,0.6313993174061433,0.45073130172326786,0.8431460674157303,0.8431460674157303,14.741573033707866,0.008270143090328934,110.22504499633689,81.48648648648648,0.26123727530335317,0.8148648648648649,0.34727408253219255,51.13662510235592,-59.08841989398097,7.305975026945561,50,50,23.36872100830078
270,,-6.50517387505033,-0.0765314573535333,0.07969093482409205,0.28,0.28,0.28,0.8935622317596567,0.9650145772594753,0.04735376044568245,0.31569173630454966,0.6369545032497679,0.4548248909119078,0.9847058823529412,0.9847058823529412,11.08235294117647,0.03521112481918648,113.45495593319923,85.71428571428571,0.3116987419152935,0.8571428571428571,0.38055305131190925,50.20633225979769,-63.24862367340154,6.438330292272987,50,50,22.281530618667603
271,,-6.938022810207543,-0.07708914233563936,0.11004810482263565,0.32,0.32,0.32,0.9033898305084745,0.967741935483871,0.04094631483166515,0.2820746132848044,0.6769790718835305,0.4502140188004511,0.9671111111111111,0.9671111111111111,9.2,0.03130620895088999,117.52811729097387,84.94623655913979,0.3060099204724268,0.8494623655913979,0.3814147565857861,53.178698402490085,-64.34941888848378,6.5917752665943,50,50,22.729434490203857
272,,15.056671107689821,0.17109853531465705,0.24343828111886978,0.54,0.54,0.54,0.9561332250203087,0.9816176470588235,0.04013377926421405,0.27759197324414714,0.6822742474916388,0.4515511638378005,0.9729545454545454,0.9729545454545454,10.034090909090908,0.14523556200454568,115.00446434822318,82.47549019607843,0.2424678329135823,0.8247549019607843,0.313086647261782,52.52526896386236,-62.47919538436082,7.079748442428318,50,50,22.611706495285034
273,,-17.317854095298806,-0.1862134848956861,0.19106715669234595,0.18,0.18,0.18,0.8880837359098228,0.9517426273458445,0.03836094158674804,0.3112467306015693,0.6503923278116827,0.46117145484260796,0.9855913978494624,0.9855913978494624,10.333333333333334,0.19791748854314126,139.12751381463426,84.98659517426273,0.3337939615821917,0.8498659517426274,0.41165307521855143,49.64123256860643,-89.48628124602781,6.489463401402467,50,50,25.15366220474243
274,,-11.122627133990816,-0.12222667180209688,0.1035188474226743,0.2,0.2,0.2,0.8918918918918919,0.9559748427672956,0.031914893617021274,0.2632978723404255,0.7047872340425532,0.45644701153423717,1.023956043956044,1.023956043956044,8.0,0.10354956315551801,115.5842931750384,83.64779874213836,0.30213788944334474,0.8364779874213837,0.38207717535261226,51.93621411530632,-63.648079059732076,6.314203651356744,50,50,23.56792378425598
275,,-8.03102577571264,-0.08729375843165914,0.13219648599624634,0.26,0.26,0.26,0.8778501628664495,0.9553001277139208,0.033807829181494664,0.2695729537366548,0.6966192170818505,0.46074320184309847,1.0756521739130436,1.0756521739130436,8.380434782608695,0.04945129386158455,114.07877101724911,86.07918263090677,0.3050062953768034,0.8607918263090677,0.3705657863708232,49.09037128127068,-64.98839973597843,6.109054371345739,50,50,24.868088245391846
276,,-7.248449514321265,-0.07965329136616774,0.12524495739489794,0.32,0.32,0.32,0.9184692179700499,0.9666238767650834,0.03155127081507449,0.2857142857142857,0.6827344434706398,0.4591034634314109,0.9903296703296703,0.9903296703296703,10.659340659340659,0.03546619009600758,112.75295146441458,84.7240051347882,0.29457263029856734,0.8472400513478819,0.3658268621810902,49.983710017013635,-62.769241447400944,6.93435565045046,50,50,23.4335994720459
277,,-12.275727140972165,-0.13489810045024359,0.09425326436758041,0.3,0.3,0.3,0.902946273830156,0.9556451612903226,0.03432282003710575,0.2755102040816326,0.6901669758812616,0.4629657815986282,0.9560439560439561,0.9560439560439561,8.285714285714286,0.08472504570319384,119.67668976035483,83.33333333333334,0.3006549003997481,0.8333333333333334,0.38155685948525914,48.050934168246606,-71.62575559210823,6.656910694892627,50,50,22.572781085968018
278,,-11.9860834089722,-0.13620549328377501,0.14541915990412235,0.2,0.2,0.2,0.8903061224489796,0.9586776859504132,0.036044362292051754,0.2929759704251386,0.6709796672828097,0.46239929285334336,1.0270454545454546,1.0270454545454546,8.909090909090908,0.11994579603953825,124.67492887710159,86.08815426997245,0.30670003964293335,0.8608815426997245,0.39733824208241547,45.45981426564269,-79.2151146114589,6.075695365162506,50,50,23.16844630241394
279,,-8.376636378983969,-0.09740274859283685,0.14407359063625336,0.24,0.24,0.24,0.8882252559726962,0.9577080491132333,0.029684601113172542,0.29035250463821893,0.6799628942486086,0.46232927639600496,1.0565116279069768,1.0565116279069768,8.906976744186046,0.06136824375880527,116.28259339596866,84.31105047748977,0.309508549834827,0.8431105047748977,0.38574449145850687,47.30909073196598,-68.97350266400268,6.072070668159041,50,50,22.476744890213013
280,,1.7702436865880418,0.019669374295422686,0.22608230635523796,0.38,0.38,0.38,0.93239901071723,0.9638403990024937,0.03264604810996564,0.27835051546391754,0.6890034364261168,0.4664229477988556,0.9928888888888889,0.9928888888888889,9.21111111111111,0.002447362458500365,112.47256303906914,83.0423940149626,0.27809328459303306,0.830423940149626,0.35355988960412466,51.13653600413036,-61.33602703493879,6.741675890499017,50,50,23.041371822357178
281,,-14.5842848417848,-0.16026686639323956,0.16333705186843872,0.18,0.18,0.18,0.8883374689826302,0.9542395693135935,0.03770197486535009,0.29533213644524237,0.6669658886894075,0.4589201121901643,1.028131868131868,1.028131868131868,9.615384615384615,0.18556914588002946,105.41699345483178,85.59892328398385,0.32414134884477497,0.8559892328398385,0.3977402288372975,47.128017822940656,-58.28897563189113,6.515544510878291,50,50,23.96225142478943
282,,-2.1673908668253916,-0.024352706368824625,0.15034208167344332,0.34,0.34,0.34,0.9289940828402367,0.968503937007874,0.03197158081705151,0.2912966252220249,0.6767317939609236,0.46619603646228486,0.983370786516854,0.983370786516854,10.224719101123595,0.003250779541471459,161.50650370004962,85.03937007874016,0.29375360316910387,0.8503937007874016,0.40210692951790655,50.37920076020738,-111.12730293984222,6.486768403749846,50,50,23.321386098861694
283,,1.7589630539331482,0.020453058766664513,0.079766184091568,0.38,0.38,0.38,0.9131534569983136,0.9655172413793104,0.04032258064516129,0.25806451612903225,0.7016129032258065,0.4630495167754287,1.0325581395348837,1.0325581395348837,8.790697674418604,0.00224071859760232,110.40696728187609,85.18518518518519,0.28130674287796903,0.8518518518518519,0.35402889459475045,53.81669670898862,-56.59027057288746,6.768436716340253,50,50,22.407394886016846
284,,5.360497034486016,0.061614908442368006,0.054031647741794586,0.44,0.44,0.44,0.9225,0.9756410256410256,0.04148278905560459,0.27007943512797883,0.6884377758164166,0.46857230013172174,0.9868965517241379,0.9868965517241379,9.080459770114942,0.01919491687856951,107.16463059666285,84.35897435897436,0.2757063304607074,0.8435897435897436,0.3445744720836815,50.284336614907225,-56.88029398175563,6.69630147624652,50,50,22.196240425109863
285,,-2.308209315924863,-0.025934936133987223,0.13615459157153964,0.32,0.32,0.32,0.9177740863787376,0.9634300126103404,0.028070175438596492,0.27631578947368424,0.6956140350877194,0.46912357529499726,0.9898876404494382,0.9898876404494382,9.865168539325843,0.004489113659554678,114.7245103017276,85.75031525851198,0.2814646708953035,0.8575031525851198,0.3616677839306988,52.386135149487515,-62.33837515224008,6.039084611887695,50,50,23.1644287109375
286,,-0.9195299906703047,-0.010449204439435282,0.07678309269249439,0.34,0.34,0.34,0.9092382495948136,0.9651307596513076,0.039792387543252594,0.2655709342560554,0.6946366782006921,0.46768009367621166,1.0786363636363636,1.0786363636363636,8.545454545454545,0.00065141938830335,114.58955437715737,84.93150684931507,0.2870206174343515,0.8493150684931506,0.35462337719660614,50.508169664757986,-64.08138471239938,6.820639762321775,50,50,23.612756967544556
287,,-18.897401148973763,-0.20319786181692218,0.1447252854704857,0.16,0.16,0.16,0.8596059113300493,0.9448275862068966,0.04740200546946217,0.2917046490428441,0.6608933454876937,0.4706689567540482,1.06,1.06,8.010752688172044,0.25044509251153046,113.95213282020788,85.93103448275862,0.3338611311940354,0.8593103448275862,0.4111069479550426,48.18958552547861,-65.76254729472927,6.368131189417796,50,50,24.458955764770508
288,,2.7062247881651293,0.032605117929700354,0.17995611329873404,0.36,0.36,0.36,0.9288107202680067,0.9662337662337662,0.03415061295971979,0.29159369527145357,0.6742556917688266,0.4698966789292733,1.0113253012048193,1.0113253012048193,10.987951807228916,0.007044577886683335,102.70160820038657,83.76623376623377,0.2852937625179468,0.8376623376623377,0.3571886596248512,47.9891274751553,-54.71248072523127,6.928364379107449,50,50,21.48624086380005
289,,-11.330709708263871,-0.11330709708263871,0.19220691919326782,0.38,0.38,0.38,0.9559800664451827,0.9719029374201787,0.0432937181663837,0.2920203735144312,0.6646859083191851,0.4682938927753363,0.8262,0.8262,9.66,0.05493776069502226,147.75960316669352,85.31289910600255,0.2709212243666833,0.8531289910600255,0.3315332997172496,51.26571783657419,-96.49388533011934,7.132120439360802,50,50,25.061147689819336
290,,-9.760139528420975,-0.10494773686474167,0.17622240912169218,0.32,0.32,0.32,0.9057547956630525,0.9597122302158273,0.03395889186773905,0.3449508489722967,0.6210902591599643,0.4753560317591113,0.8806451612903226,0.8806451612903226,12.935483870967742,0.053341506206940816,150.90667150504927,86.33093525179856,0.2968501226055177,0.8633093525179856,0.359665327089825,48.355749288337606,-102.55092221671167,6.356386475854545,50,50,24.59214997291565
291,,-16.205600843053897,-0.18006223158948775,-0.06036143625775973,0.2,0.2,0.2,0.885,0.9437869822485208,0.039603960396039604,0.35193519351935193,0.6084608460846085,0.47713545789197087,0.932,0.932,14.88888888888889,0.18747218887260145,123.04322671612485,85.20710059171599,0.29286182916303827,0.8520710059171598,0.38305520418977035,51.05262525700468,-71.99060145912017,6.620380505534445,50,50,24.054328441619873
292,,2.1554381522847637,0.0250632343288926,0.27579135696093243,0.36,0.36,0.36,0.9204639602319801,0.9614325068870524,0.044386422976501305,0.3237597911227154,0.6318537859007833,0.47215153387617753,1.0506976744186047,1.0506976744186047,11.755813953488373,0.004297883384451539,98.7205866349408,84.57300275482093,0.30708703462665626,0.8457300275482094,0.38285096140412334,51.490117631208236,-47.230469003732566,6.390531877543335,50,50,22.537264823913574
293,,-1.187403379328883,-0.01364831470492969,0.09989722321430843,0.38,0.38,0.38,0.9271966527196652,0.9662162162162162,0.03690685413005272,0.31282952548330406,0.6502636203866432,0.46922455088117687,0.960919540229885,0.960919540229885,11.862068965517242,0.0009711499006685627,106.2119196663096,86.48648648648648,0.27306240043397045,0.8648648648648649,0.34847591937586175,50.132623251345244,-56.07929641496436,6.813709523834594,50,50,22.33750581741333
294,,0.03863645727630738,0.00047117630824765095,0.0732526034116745,0.32,0.32,0.32,0.9131175468483816,0.9686162624821684,0.04454545454545455,0.3181818181818182,0.6372727272727273,0.4686498779660409,0.9775609756097561,0.9775609756097561,14.0,1.4477836461491023e-06,105.03488944395755,85.87731811697576,0.29398978695530614,0.8587731811697575,0.35755081622632834,51.07924327057667,-53.955646173380885,6.723912598047633,50,50,21.40091037750244
295,,-16.235181874222498,-0.18241777386766853,0.1806842007674277,0.14,0.14,0.14,0.8527196652719665,0.9416909620991254,0.03910614525139665,0.3221601489757914,0.638733705772812,0.4717487899111741,1.0285393258426967,1.0285393258426967,12.393258426966293,0.2622894870604329,107.89943877264403,83.6734693877551,0.3228664623954811,0.8367346938775511,0.4062215498223728,49.71677659112377,-58.18266218152026,5.955568321678212,50,50,23.536742210388184
296,,-16.290582419247702,-0.17516755289513658,0.32680845260620117,0.18,0.18,0.18,0.9,0.9653679653679653,0.03985507246376811,0.33242753623188404,0.6277173913043478,0.47522791269185244,0.8466666666666667,0.8466666666666667,14.698924731182796,0.18575027382444442,142.9223259093618,85.42568542568543,0.3134166893133863,0.8542568542568543,0.38394294906258364,49.68385942159608,-93.2384664877657,6.919090336219485,50,50,23.978780031204224
297,,-10.993883273973728,-0.1208119041096014,0.23561450093984604,0.26,0.26,0.26,0.9022369511184756,0.9631728045325779,0.046181172291296625,0.3268206039076377,0.6269982238010657,0.47056009677289934,0.9206593406593406,0.9206593406593406,11.362637362637363,0.07779472137860792,128.20532991270125,82.57790368271955,0.27356581419357634,0.8257790368271954,0.359688805852866,48.49688971654298,-79.70844019615825,6.523151049148994,50,50,23.75325846672058
298,,-4.402877404457672,-0.05003269777792809,0.17048379173502326,0.32,0.32,0.32,0.9294117647058824,0.9657534246575342,0.04477611940298507,0.31431079894644426,0.6409130816505707,0.4612745082800658,0.9115909090909091,0.9115909090909091,11.772727272727273,0.014998178647413023,127.26050505731627,86.57534246575342,0.29080919041286457,0.8657534246575342,0.35253244336137646,50.155273988167394,-77.10523106914887,6.77502990361082,50,50,22.97543168067932
299,,-4.0301165593210095,-0.04528220853169674,0.27411919832229614,0.3,0.3,0.3,0.9047619047619048,0.9719887955182073,0.043795620437956206,0.30474452554744524,0.6514598540145985,0.4619535330471614,0.9310112359550562,0.9310112359550562,9.370786516853933,0.012788204652413235,113.24753303780241,85.29411764705883,0.3085666108224882,0.8529411764705882,0.3804000317788254,49.36851295301259,-63.87902008478983,6.552993587612603,50,50,22.809744119644165
300,,-4.631715752085704,-0.054490773553949455,0.18382582999765873,0.24,0.24,0.24,0.8904448105436573,0.9569313593539704,0.03825622775800712,0.30071174377224197,0.6610320284697508,0.47727381665686913,1.0501176470588236,1.0501176470588236,10.058823529411764,0.02148721457532612,104.56596070199593,84.38761776581427,0.3016508124526509,0.8438761776581427,0.37984710308184433,50.8706915613441,-53.69526914065183,6.583853535413421,50,50,22.76322650909424
301,,-6.284004371059529,-0.07222993529953482,0.15959717705845833,0.3,0.3,0.3,0.8968723584108199,0.9573590096286108,0.03176043557168784,0.308529945553539,0.6597096188747731,0.4788191818891243,0.987816091954023,0.987816091954023,11.160919540229886,0.02955390518024393,105.9194042773575,84.86932599724896,0.30005253121692127,0.8486932599724897,0.3684526727123031,49.255185859548206,-56.664218417809295,6.749114501834464,50,50,23.030691146850586
302,,-13.050314748495973,-0.14663274998310083,0.13414016366004944,0.18,0.18,0.18,0.877164056059357,0.9566929133858267,0.02629193109700816,0.2828649138712602,0.6908431550317317,0.48251969242682996,1.0148314606741573,1.0148314606741573,8.415730337078651,0.16165105661404458,102.49719246597076,88.18897637795276,0.31193896715093206,0.8818897637795275,0.38147732580862725,49.04458539265566,-53.45260707331509,6.772550689562664,50,50,24.439245462417603
303,,-4.7342855105913095,-0.05636054179275368,0.2129702220360438,0.24,0.24,0.24,0.9186241610738255,0.9636608344549125,0.032830523513753325,0.30789707187222715,0.6592724046140195,0.48224404766146717,1.0011904761904762,1.0011904761904762,11.095238095238095,0.021017338004018137,109.22585594333776,85.59892328398385,0.30684688436519575,0.8559892328398385,0.3740686466459876,48.80190566161049,-60.42395028172727,6.755201661639865,50,50,22.219708919525146
304,,-8.437667814910526,-0.09480525634730928,0.1940377155939738,0.22,0.22,0.22,0.9081803005008348,0.9601542416452442,0.03914590747330961,0.26868327402135234,0.6921708185053381,0.4785144825835367,1.0193258426966292,1.0193258426966292,8.258426966292134,0.06155210492462294,112.2626871648354,86.11825192802056,0.28817151469844726,0.8611825192802056,0.34725962147504036,49.20437197551371,-63.058315189321696,6.457149056259956,50,50,24.51700496673584
305,,-7.432321300451923,-0.08258134778279914,0.09252359842260678,0.2,0.2,0.2,0.8933764135702746,0.9560155239327296,0.03051438535309503,0.2955536181342633,0.6739319965126417,0.4817588456467622,1.0313333333333334,1.0313333333333334,9.311111111111112,0.05256140150939764,108.88429512916551,86.67529107373868,0.3272170893409236,0.8667529107373868,0.39629693542355265,48.47998277224808,-60.40431235691742,5.936508921817016,50,50,24.84758734703064
306,,-10.207710918170621,-0.12298446889362194,0.1833966225385666,0.2,0.2,0.2,0.8952380952380953,0.9584450402144772,0.032679738562091505,0.2707749766573296,0.6965452847805789,0.48211393927874785,1.0433734939759036,1.0433734939759036,9.08433734939759,0.0975909559416051,107.92429438468486,86.72922252010724,0.2949287486439158,0.8672922252010724,0.35389320455404977,48.32778846487045,-59.5965059198144,6.441172455059758,50,50,21.567421913146973
307,,-2.4827987076282643,-0.027896614692452408,0.20664290711283684,0.32,0.32,0.32,0.9246064623032312,0.964095744680851,0.03388357949609035,0.31277150304083406,0.6533449174630755,0.4853953225063055,0.989438202247191,0.989438202247191,11.786516853932584,0.005417497114434474,107.36110960974285,85.1063829787234,0.28717215488079245,0.851063829787234,0.37090993304418196,47.67740125767325,-59.6837083520696,6.805778400274062,50,50,23.70009684562683
308,,-9.047850028230622,-0.10166123627225418,0.07783340755850077,0.22,0.22,0.22,0.8999158957106812,0.9507323568575233,0.026102610261026102,0.29792979297929795,0.675967596759676,0.4816649035996433,1.009438202247191,1.009438202247191,10.910112359550562,0.06450546477496193,109.18339008336585,85.61917443408788,0.3028129922306514,0.8561917443408789,0.37206511211639454,48.152328183238865,-61.031061900126986,6.30681334393929,50,50,23.17150592803955
309,,-15.942947583700462,-0.17329290851848328,0.011089239890376726,0.22,0.22,0.22,0.862876254180602,0.9453333333333334,0.02960222016651249,0.2765957446808511,0.6938020351526365,0.48252988933919644,1.0326086956521738,1.0326086956521738,8.076086956521738,0.16439353771947418,129.66680125302508,85.46666666666667,0.31185208502983375,0.8546666666666667,0.38431222531868847,50.10286771277872,-79.56393354024635,6.101027293729666,50,50,24.887204885482788
310,,-8.265160655304536,-0.09500184661269581,0.14452768117189407,0.24,0.24,0.24,0.8922305764411027,0.9612403100775194,0.028003613369467027,0.2728093947606143,0.6991869918699187,0.48295879806284847,1.0250574712643679,1.0250574712643679,8.804597701149426,0.06377787567824972,114.57900149172295,86.30490956072352,0.30889512953523446,0.8630490956072352,0.37145699215442457,52.06927860722203,-62.509722884500924,6.341006906261094,50,50,22.6771502494812
311,,-10.433581963381426,-0.1213207205044352,0.1768583357334137,0.18,0.18,0.18,0.8999172870140613,0.9609164420485176,0.03194321206743567,0.30967169476486245,0.6583850931677019,0.4804297608651524,1.056046511627907,1.056046511627907,10.616279069767442,0.11386692659667998,106.19191106622671,86.79245283018868,0.2973799421569698,0.8679245283018868,0.38969705995499415,48.49957269391677,-57.69233837230993,6.017340740580222,50,50,22.984885454177856
312,,-12.934352146873586,-0.13907905534272674,0.17094333469867706,0.28,0.28,0.28,0.888135593220339,0.9608636977058029,0.03130755064456722,0.2863720073664825,0.6823204419889503,0.4778213155626129,0.9212903225806451,0.9212903225806451,9.623655913978494,0.08855540526109376,131.1702107994758,85.5600539811066,0.3006541172396518,0.8556005398110661,0.36668061105254435,50.59404215934031,-80.57616864013548,6.324410070476264,50,50,24.017154932022095
313,,-10.376938359401807,-0.11791975408411144,0.16343466117978095,0.2,0.2,0.2,0.8779461279461279,0.953168044077135,0.03693444136657433,0.29270544783010155,0.6703601108033241,0.4834616401943442,1.0331818181818182,1.0331818181818182,9.545454545454545,0.10177503363611129,111.98561354671767,86.91460055096418,0.3111075280963521,0.8691460055096418,0.37232558004011124,48.334385806266816,-63.65122774045086,5.943540146486731,50,50,22.81639862060547
314,,-8.25700256374518,-0.08601044337234563,0.23649626970291138,0.3,0.3,0.3,0.9095477386934674,0.9598494353826851,0.030357142857142857,0.2580357142857143,0.7116071428571429,0.48471364951488793,0.9945833333333334,0.9945833333333334,8.197916666666666,0.04138499928693643,126.90154101840771,86.70012547051444,0.3107697817690533,0.8670012547051443,0.37123470269471653,49.85106785289831,-77.0504731655094,6.33152314498789,50,50,24.84463119506836
315,,-3.3874592130324737,-0.03893631279347671,0.15702293813228607,0.28,0.28,0.28,0.8939519469759735,0.96125,0.019748653500897665,0.2621184919210054,0.718132854578097,0.48256179322108583,1.0731034482758621,1.0731034482758621,8.436781609195402,0.009590350700192379,111.58797226982324,84.625,0.29769232466046625,0.84625,0.3665170547532154,50.866790903249274,-60.72118136657396,6.087235602739028,50,50,23.607203722000122
316,,-17.1984160424595,-0.18103595834167893,0.21099473784367243,0.24,0.24,0.24,0.8977853492333902,0.9504685408299867,0.021897810218978103,0.2965328467153285,0.6815693430656934,0.48556457131704023,0.9018947368421053,0.9018947368421053,9.08421052631579,0.168710590787464,131.56428244972864,85.40829986613119,0.2860576995421342,0.8540829986613119,0.34874240205383294,47.16450248200636,-84.39977996772227,6.443074043056826,50,50,24.00309944152832
317,,-7.541592260560409,-0.08473699169169,0.038208164274692535,0.28,0.28,0.28,0.8859283930058285,0.948339483394834,0.017985611510791366,0.25089928057553956,0.7311151079136691,0.47788626765152126,1.0408988764044944,1.0408988764044944,7.393258426966292,0.04171887707807932,133.78863719630834,86.96186961869618,0.33161951921491223,0.8696186961869619,0.3944761811625703,51.30272583617328,-82.48591136013508,6.3309811270384815,50,50,23.700827598571777
318,,-23.879308892422237,-0.2540352009832153,0.006317108869552612,0.1,0.1,0.1,0.8616033755274262,0.9404600811907984,0.028999064546304958,0.27970065481758655,0.6913002806361085,0.487591483373829,1.0627659574468085,1.0627659574468085,7.287234042553192,0.37892889371036587,128.511141186092,86.468200270636,0.3289139762797226,0.86468200270636,0.3943942875656801,48.99839968026791,-79.5127415058241,5.617949871058112,50,50,25.452746391296387
319,,-14.28894149070588,-0.16054990438995373,0.24890068173408508,0.12,0.12,0.12,0.8717105263157895,0.9398692810457516,0.024302430243024302,0.2871287128712871,0.6885688568856886,0.4833077474731659,1.122247191011236,1.122247191011236,8.955056179775282,0.22674846791608883,110.80264676595199,85.49019607843137,0.3165022852241354,0.8549019607843137,0.3845691296977733,47.72522807573891,-63.07741869021308,5.685640061946462,50,50,24.46397614479065
320,,-11.93644329182427,-0.12974394882417686,0.1461968868970871,0.28,0.28,0.28,0.8827470686767169,0.9568733153638814,0.02474793767186068,0.29514207149404215,0.6801099908340972,0.4841619854372845,0.9804347826086957,0.9804347826086957,8.706521739130435,0.08825720742555106,120.0204447291978,87.1967654986523,0.3329580184833451,0.871967654986523,0.396147153868679,50.17462755569098,-69.84581717350683,6.260614124149415,50,50,24.45731019973755
321,,-17.11883055460667,-0.17832115161048614,0.15311082899570466,0.24,0.24,0.24,0.9064807219031994,0.9680851063829787,0.02460456942003515,0.3145869947275923,0.6608084358523726,0.48574205377900703,0.9408333333333333,0.9408333333333333,10.166666666666666,0.1674686796539727,127.79335366236617,86.17021276595744,0.33198131207493575,0.8617021276595744,0.39838428844702983,49.97540800331965,-77.81794565904653,6.359245062753261,50,50,25.485679626464844
322,,-17.96306957010194,-0.1890849428431783,0.03274063766002655,0.18,0.18,0.18,0.8701406120760959,0.9434954007884363,0.03351449275362319,0.27717391304347827,0.6893115942028986,0.47861716735098314,1.0501052631578947,1.0501052631578947,7.621052631578947,0.20022528320686644,140.67037720874458,86.46517739816032,0.3375501984840532,0.8646517739816032,0.407390109580004,51.80597029262799,-88.8644069161166,6.662133085563532,50,50,24.777377128601074
323,,-1.363160448621156,-0.015490459643422227,0.12490907683968544,0.36,0.36,0.36,0.8899917287014061,0.9565772669220945,0.018850987432675045,0.27827648114901254,0.7028725314183124,0.48080170862191485,1.045909090909091,1.045909090909091,9.352272727272727,0.001362485600946265,110.24572352575643,85.82375478927203,0.316947699271379,0.8582375478927203,0.38585087756550224,48.9282538142427,-61.31746971151374,6.458290277033629,50,50,23.349103689193726
324,,-17.48350966814802,-0.18599478370370234,0.19916591048240662,0.16,0.16,0.16,0.905505341002465,0.9505208333333334,0.024475524475524476,0.3041958041958042,0.6713286713286714,0.47772274003775317,0.9808510638297873,0.9808510638297873,10.191489361702128,0.21805691920410974,122.52782526310544,86.58854166666666,0.2979141732521506,0.8658854166666666,0.36616857927006286,47.515133515268005,-75.01269174783744,5.989203068240121,50,50,26.017147541046143
325,,-0.9299760575123182,-0.010449169185531664,0.2060026004910469,0.28,0.28,0.28,0.9090909090909091,0.9504232164449818,0.02056555269922879,0.2707797772065124,0.7086546700942588,0.478065879774395,1.1121348314606743,1.1121348314606743,8.752808988764045,0.0008664502677609775,103.1722354721125,85.85247883917775,0.30342550754642805,0.8585247883917775,0.36909356623625217,50.818889631115496,-52.35334584099701,6.1795199616448295,50,50,24.13554358482361
326,,-19.903098861530577,-0.21633803110359323,0.176659494638443,0.1,0.1,0.1,0.8591666666666666,0.9427430093209055,0.0221606648199446,0.28439519852262235,0.6934441366574331,0.4813046304218512,1.0393478260869564,1.0393478260869564,9.33695652173913,0.3588095292401091,125.13927381734881,87.48335552596538,0.3171598277601455,0.8748335552596538,0.37329221291361436,51.44079465096593,-73.69847916638288,6.2661523270475845,50,50,24.55521583557129
327,,-14.105880462783412,-0.15006255811471716,0.1684698678436689,0.22,0.22,0.22,0.9066666666666666,0.9644218551461246,0.020517395182872437,0.2774308652988403,0.7020517395182873,0.47449868069624807,0.943404255319149,0.943404255319149,7.904255319148936,0.1460757576457855,123.151352836793,83.2274459974587,0.2830850088199749,0.832274459974587,0.3558528642902588,49.05961522150312,-74.09173761528987,6.476298610995942,50,50,24.275416135787964
328,,-6.387840151647716,-0.07177348484997434,0.13403355154921026,0.22,0.22,0.22,0.9166666666666666,0.9592105263157895,0.02292768959435626,0.30687830687830686,0.6701940035273368,0.47150890940182916,0.996629213483146,0.996629213483146,10.730337078651685,0.04089605075811762,97.09703793893459,86.8421052631579,0.32948714958105924,0.868421052631579,0.39228038597739806,48.84661150299512,-48.25042643593948,6.277855821191325,50,50,23.504098176956177
329,,-11.739039513215271,-0.1349314886576468,0.16392026841640472,0.2,0.2,0.2,0.8644501278772379,0.9410222804718218,0.017873941674506115,0.264346190028222,0.7177798682972719,0.46537209160344933,1.0816091954022988,1.0816091954022988,7.103448275862069,0.11302823343772926,114.84941962895071,85.19003931847968,0.32080749368307493,0.8519003931847968,0.3899594797561146,51.12418527560689,-63.72523435334382,5.960252396311047,50,50,22.93857455253601
330,,-24.732154951875234,-0.2688277712160351,0.08236190304160118,0.08,0.08,0.08,0.8428571428571429,0.9381720430107527,0.02085308056872038,0.2739336492890995,0.70521327014218,0.4648024276677904,1.0428260869565218,1.0428260869565218,7.663043478260869,0.4804423638886164,120.29343824470197,86.96236559139786,0.3236929554588849,0.8696236559139785,0.385790206502,49.6504032217328,-70.64303502296917,6.100897556788246,50,50,24.41386365890503
331,,-7.344204754520916,-0.07730741846864123,0.12424261495471,0.3,0.3,0.3,0.9043336058871627,0.9602484472049689,0.022747156605424323,0.27296587926509186,0.7042869641294838,0.46561401253419094,0.9886315789473684,0.9886315789473684,8.052631578947368,0.03441993817281906,128.69898783532653,84.34782608695653,0.3140756081380392,0.8434782608695652,0.3879793276909106,50.305431007447964,-78.39355682787857,6.608348285384019,50,50,24.372069835662842
332,,-4.023736032611705,-0.04733807097190241,0.03859076462686062,0.22,0.22,0.22,0.897708674304419,0.9569074778200254,0.027264731750219876,0.27880386983289357,0.6939313984168866,0.4626350714154541,1.1338823529411766,1.1338823529411766,9.117647058823529,0.0201339610805305,101.14204927196624,89.10012674271229,0.33854005860887193,0.8910012674271229,0.38904328447258524,47.77968009847601,-53.36236917349023,6.132667016738966,50,50,22.63794732093811
333,,-11.759395717927564,-0.1336294967946314,0.09817555919289589,0.2,0.2,0.2,0.8832913518052057,0.9500640204865557,0.0273972602739726,0.2593607305936073,0.7132420091324201,0.4685192884330172,1.0675,1.0675,7.806818181818182,0.11544939610436324,104.2470007445886,86.55569782330346,0.3107262370202065,0.8655569782330346,0.3771237589162847,52.29055686180386,-51.956443882784754,6.110001164601181,50,50,23.306444883346558
334,,-13.92041226223268,-0.1450042943982571,0.12899933010339737,0.26,0.26,0.26,0.9031993437243643,0.9516728624535316,0.01572052401746725,0.2794759825327511,0.7048034934497817,0.46260081914709494,0.9810416666666667,0.9810416666666667,9.354166666666666,0.12084629001558163,127.9506355761066,88.72366790582404,0.3140782785633822,0.8872366790582404,0.36415685704139217,48.92495610976635,-79.02567946634025,6.606812312732192,50,50,25.728083848953247
335,,0.6128349380545194,0.007295654024458564,-0.04905391484498978,0.32,0.32,0.32,0.9030612244897959,0.9564660691421255,0.022665457842248413,0.2692656391659112,0.7080689029918404,0.4586903642191707,1.0504761904761906,1.0504761904761906,8.773809523809524,0.0003454799072763692,99.51982546601681,85.53137003841229,0.3151020708374104,0.8553137003841229,0.3836797981614744,49.241245048316266,-50.27858041770054,6.673905324889511,50,50,22.452035903930664
336,,-15.702175116801087,-0.17067581648696833,0.14960008393973112,0.14,0.14,0.14,0.8980263157894737,0.952258064516129,0.02464788732394366,0.29313380281690143,0.6822183098591549,0.4546464305236662,1.0232608695652174,1.0232608695652174,9.434782608695652,0.258916398101667,105.08510739356143,86.83870967741936,0.3242517192704618,0.8683870967741936,0.3861038419011446,44.36776557723876,-60.71734181632268,5.948826307027625,50,50,25.0149142742157
337,,-17.410936374337002,-0.19345484860374446,0.19438330782577395,0.22,0.22,0.22,0.8860103626943006,0.954177897574124,0.016869728209934397,0.28772258669165884,0.6954076850984068,0.4562382326162317,0.9777777777777777,0.9777777777777777,9.38888888888889,0.18660411625977072,135.62163253076122,87.33153638814017,0.32279521248854653,0.8733153638814016,0.3829944466645595,50.07658058656171,-85.5450519441995,6.235824391150753,50,50,23.871301651000977
338,,-12.586496132494872,-0.1398499570277208,-0.07935921102762222,0.26,0.26,0.26,0.8875638841567292,0.9592875318066157,0.02504638218923933,0.24582560296846012,0.7291280148423006,0.46266275508857024,1.0266666666666666,1.0266666666666666,6.944444444444445,0.0984105492861874,112.96829327856206,87.1501272264631,0.32076772575260015,0.871501272264631,0.38203239376656956,48.08376987727884,-64.88452340128322,6.518413998477245,50,50,23.722399711608887
339,,-19.410248909751704,-0.2109809664103446,0.11694526672363281,0.12,0.12,0.12,0.8320802005012531,0.9410222804718218,0.021032504780114723,0.24952198852772467,0.7294455066921606,0.46072390163160415,1.087391304347826,1.087391304347826,6.978260869565218,0.33588871900784983,113.81572302645047,90.03931847968545,0.34479223293319344,0.9003931847968545,0.3963949573758805,47.60930005336709,-66.20642297308338,5.426126361184295,50,50,25.6415593624115
340,,-7.9685175759072715,-0.09055133608985536,0.10908902436494827,0.28,0.28,0.28,0.9048027444253859,0.9534005037783375,0.020054694621695533,0.2561531449407475,0.723792160437557,0.45734867542394736,1.0188636363636363,1.0188636363636363,7.3522727272727275,0.047450957697296126,110.67300049480644,87.6574307304786,0.2840819522014426,0.8765743073047859,0.34081584196222947,50.320728663562505,-60.35227183124394,6.298069707559988,50,50,23.323307514190674
341,,-11.730089641870709,-0.13639639118454314,0.11625101736613683,0.16,0.16,0.16,0.8703703703703703,0.9557867360208062,0.022325581395348838,0.26232558139534884,0.7153488372093023,0.4538036727195681,1.1211627906976744,1.1211627906976744,7.3604651162790695,0.13906669431750882,108.12207767684887,87.64629388816645,0.3198977290876486,0.8764629388816645,0.3799118282489903,50.37303802636094,-57.74903965048794,5.9145110132317855,50,50,23.4007728099823
342,,-15.602923264316843,-0.17531374454288587,0.08893933519721031,0.14,0.14,0.14,0.8379746835443038,0.9447368421052632,0.02583732057416268,0.24688995215311005,0.7272727272727273,0.45614656937861253,1.1132584269662922,1.1132584269662922,6.449438202247191,0.23893773392467663,101.98651185221306,87.5,0.3616744081832538,0.875,0.4272850789877898,46.90893147652976,-55.0775803756833,6.0423963810081815,50,50,24.1961190700531
343,,6.237164806248076,0.07169154949710432,0.17992588579654695,0.44,0.44,0.44,0.9304059652029826,0.97,0.026064291920069503,0.2788879235447437,0.6950477845351868,0.4438655140867521,0.9717241379310345,0.9717241379310345,10.25287356321839,0.027397124769406846,112.09662158489337,87.75,0.2921447700479019,0.8775,0.3443011593795423,50.3707755627766,-61.72584602211678,6.7999151556848005,50,50,23.492077589035034
344,,-28.24181554922557,-0.2911527376208822,0.21326831728219986,0.12,0.12,0.12,0.8514090520922288,0.9344919786096256,0.02857142857142857,0.259047619047619,0.7123809523809523,0.4466694460709858,0.9791752577319588,0.9791752577319588,6.804123711340206,0.44056012978490156,132.82096452962023,86.22994652406418,0.3468438967067493,0.8622994652406417,0.429041427710657,50.07859617164809,-82.74236835797214,5.712532247981777,50,50,25.379038095474243
345,,-11.546003494617931,-0.13120458516611286,0.2185882826646169,0.18,0.18,0.18,0.8505367464905037,0.9608865710560626,0.0195712954333644,0.2656104380242311,0.7148182665424044,0.44238385366402905,1.0384090909090908,1.0384090909090908,7.409090909090909,0.11062220756385553,121.41150592442014,86.04954367666232,0.2994461486741397,0.8604954367666232,0.3637311834669827,53.123872251026015,-68.28763367339413,6.22051640875007,50,50,23.708154439926147
346,,-15.405311327290985,-0.15560920532617156,0.059235937893390656,0.26,0.26,0.26,0.8851791530944625,0.9675405742821473,0.02930728241563055,0.25932504440497334,0.7113676731793961,0.44620231758878387,1.0096969696969698,1.0096969696969698,7.101010101010101,0.1296653839830133,144.48106125476386,86.51685393258427,0.3229798845325646,0.8651685393258427,0.38578348362010434,50.27033862090979,-94.21072263385408,6.089620427011925,50,50,26.09798526763916
347,,0.9703700181421577,0.011153678369450089,0.21376456469297409,0.38,0.38,0.38,0.9175777964676198,0.9670050761421319,0.029411764705882353,0.26827094474153296,0.7023172905525846,0.44299925329943785,0.9822988505747127,0.9822988505747127,8.67816091954023,0.0006796934744004182,113.91001957687286,88.3248730964467,0.28756206077416785,0.883248730964467,0.3460433977545096,52.63389925325864,-61.27612032361422,6.672193995168875,50,50,23.198283433914185
348,,-0.8553694685272811,-0.009297494223122621,0.1549820676445961,0.36,0.36,0.36,0.9233305853256389,0.9670468948035488,0.025173611111111112,0.2899305555555556,0.6848958333333334,0.45235907329267916,0.9921739130434782,0.9921739130434782,9.0,0.0005177049628078943,116.60791669728383,84.91761723700887,0.3026420548329269,0.8491761723700887,0.3720387742145675,49.30159209040553,-67.30632460687829,6.485433360360816,50,50,24.25658679008484
349,,1.3944318538923814,0.01660037921300454,0.26174203554789227,0.34,0.34,0.34,0.9149659863945578,0.9651612903225807,0.02164111812443643,0.2795311091073039,0.6988277727682597,0.45384255378501537,1.0897619047619047,1.0897619047619047,9.416666666666666,0.0017058074430255023,118.89557247394393,85.03225806451613,0.3016955757108591,0.8503225806451613,0.3697260901898872,51.534702728800674,-67.36086974514325,6.27726961198144,50,50,22.469669818878174
350,,7.380634136606643,0.08786469210246003,0.25396692752838135,0.38,0.38,0.38,0.9258037922506183,0.9755784061696658,0.03048780487804878,0.29181184668989546,0.6777003484320557,0.4559631161436084,1.020952380952381,1.020952380952381,9.964285714285714,0.05086520106973053,97.26101985232859,86.88946015424165,0.29305199333910553,0.8688946015424165,0.3503372743175531,50.573095786445464,-46.68792406588313,6.6818120133187495,50,50,22.195894718170166
351,,-3.36855938014104,-0.0362210686036671,-0.07278182357549667,0.38,0.38,0.38,0.9389632107023411,0.9717948717948718,0.024390243902439025,0.2961672473867596,0.6794425087108014,0.45627583005540673,0.8316129032258065,0.8316129032258065,9.763440860215054,0.006626892761895,129.58439681493329,82.3076923076923,0.2509222321754987,0.823076923076923,0.3273884698030843,49.21154271002084,-80.37285410491245,7.183894853590954,50,50,23.02472686767578
352,,-2.684912324453014,-0.027397064535234838,0.3190536618232727,0.42,0.42,0.42,0.9243986254295533,0.9721115537848606,0.027198549410698096,0.2901178603807797,0.6826835902085222,0.4560095364474026,0.8789795918367347,0.8789795918367347,8.16326530612245,0.004117554743973091,122.68744346602983,84.9933598937583,0.313797801703833,0.849933598937583,0.3863344742787306,50.58896910289812,-72.09847436313171,6.432625990120661,50,50,24.70369243621826
353,,-23.526485742873128,-0.24254109013271266,0.09287454693445138,0.16,0.16,0.16,0.8591549295774648,0.953103448275862,0.03136531365313653,0.29981549815498154,0.6688191881918819,0.45675174503832017,1.036701030927835,1.036701030927835,7.989690721649485,0.3172203108637505,126.62468167604706,84.13793103448276,0.31024714354389815,0.8413793103448276,0.3910448895629361,50.379861164843355,-76.24482051120371,6.232786234910656,50,50,26.168396949768066
354,,-9.93273701136898,-0.11549694199266256,0.1397098869085312,0.24,0.24,0.24,0.9102455546147333,0.9640387275242047,0.0315031503150315,0.3177317731773177,0.6507650765076508,0.4498093854001355,0.9823255813953489,0.9823255813953489,12.790697674418604,0.07961551971859762,136.5935787604875,85.47717842323651,0.30275658764519287,0.8547717842323651,0.3736483859295228,48.60697694641412,-87.98660181407338,6.599478202462491,50,50,22.780268907546997
355,,0.14353509442809917,0.0017087511241440378,0.16702712806207792,0.36,0.36,0.36,0.926112510495382,0.9650067294751009,0.032541776605101144,0.31398416886543534,0.6534740545294635,0.45095318532704065,1.0076190476190476,1.0076190476190476,12.333333333333334,1.6719062283904817e-05,119.06558493665068,86.13728129205921,0.2941873333669557,0.8613728129205922,0.3555214193856643,49.536832923821464,-69.52875201282922,6.749494823759625,50,50,21.662770748138428
356,,-5.352333298174387,-0.0557534718559832,0.13431369117461145,0.36,0.36,0.36,0.932300163132137,0.9753886010362695,0.029888983774551667,0.3108454312553373,0.659265584970111,0.4547614363657097,0.8602083333333334,0.8602083333333334,11.270833333333334,0.017020425298684926,120.49938355067736,85.49222797927462,0.2981127737690255,0.8549222797927462,0.36399214156596366,50.80193598355122,-69.69744756712615,6.991927259839327,50,50,25.230713605880737
357,,-7.658292881601457,-0.08904991722792392,0.16396729382021086,0.24,0.24,0.24,0.8969594594594594,0.9613259668508287,0.04632152588555858,0.296094459582198,0.6575840145322435,0.44665218104755905,0.9837209302325581,0.9837209302325581,10.267441860465116,0.050501400554075294,100.82556034603056,84.11602209944752,0.31050035107463864,0.8411602209944752,0.3848032602833196,48.458920454731725,-52.36663989129883,6.886290953746198,50,50,22.931375980377197
358,,9.625373944997833,0.11063648212641188,0.14036857686005533,0.48,0.48,0.48,0.9424342105263158,0.9847522236340533,0.03427592116538132,0.2913453299057412,0.6743787489288775,0.4571870397703037,0.9222988505747126,0.9222988505747126,11.333333333333334,0.06667825650002905,108.55744907344945,85.5146124523507,0.268707410801726,0.855146124523507,0.32908928062794957,50.02017087938047,-58.53727819406897,7.422573566975493,50,50,22.868176460266113
359,,-0.661028752019963,-0.0074272893485389105,0.27018436789512634,0.34,0.34,0.34,0.9386401326699834,0.9731457800511509,0.032843560933448576,0.2912705272255834,0.675885911840968,0.46666496145497127,0.9391011235955056,0.9391011235955056,9.539325842696629,0.00033575426948770137,124.19891474917925,84.52685421994885,0.2961262277155434,0.8452685421994884,0.36324854451923494,50.28698111604341,-73.91193363313585,7.183216208573694,50,50,22.99558424949646
360,,-8.35685603401455,-0.09183358279136868,0.0868336409330368,0.28,0.28,0.28,0.900497512437811,0.9555837563451777,0.04875886524822695,0.2526595744680851,0.6985815602836879,0.4679224344656117,1.0602197802197801,1.0602197802197801,7.604395604395604,0.04719360471747053,141.07690111733905,86.29441624365482,0.31556233272906353,0.8629441624365483,0.3813487416041256,52.64420310472318,-88.43269801261587,6.402296870273114,50,50,24.31716799736023
361,,-5.225013943698174,-0.05805571048553527,0.1632393103092909,0.26,0.26,0.26,0.915,0.966931216931217,0.035523978685612786,0.29307282415630553,0.6714031971580817,0.4715109717914214,1.0144444444444445,1.0144444444444445,9.088888888888889,0.02441251626167568,101.40458328894215,83.994708994709,0.3262235715359918,0.83994708994709,0.40532336889009163,49.70464674274845,-51.699936546193705,6.297596403563422,50,50,23.7768714427948
362,,-3.6947735783007,-0.042468661819548274,0.12424550577998161,0.32,0.32,0.32,0.9234006734006734,0.9711779448621554,0.04092526690391459,0.2491103202846975,0.7099644128113879,0.4704973295180598,1.074022988505747,1.074022988505747,7.597701149425287,0.010660596766414742,108.38429739794825,84.83709273182957,0.30542184141351186,0.8483709273182958,0.3760326760277269,49.37543660907272,-59.00886078887553,6.694532753953542,50,50,23.23151135444641
363,,-3.8496641556692692,-0.044249013283554815,0.17436075707276663,0.26,0.26,0.26,0.8858102434928632,0.9565826330532213,0.03296703296703297,0.3131868131868132,0.6538461538461539,0.4711044313759682,1.0698850574712644,1.0698850574712644,10.701149425287356,0.015872147981898142,101.61643639114286,86.1344537815126,0.3378728440186373,0.8613445378151261,0.4145696592410953,48.84514049457216,-52.77129589657069,6.0483190296224745,50,50,22.79601740837097
364,,-14.50209027386129,-0.17472397920314808,0.1368664287030697,0.14,0.14,0.14,0.8781725888324873,0.9510869565217391,0.0221606648199446,0.2982456140350877,0.6795937211449676,0.47151894529956023,1.0773493975903614,1.0773493975903614,9.879518072289157,0.2134435720472684,119.21341244902322,84.64673913043478,0.2561760720849676,0.8464673913043478,0.3601083023664023,51.74889010835952,-67.4645223406637,6.235555385641308,50,50,22.325136184692383
365,,13.127179570304754,0.1544374067094677,0.2713940441608429,0.54,0.54,0.54,0.961441743503772,0.9808917197452229,0.019759450171821305,0.30584192439862545,0.6743986254295533,0.4831138884372571,0.8905882352941177,0.8905882352941177,12.435294117647059,0.12441115401667233,100.26027308251413,84.5859872611465,0.24526420105967658,0.845859872611465,0.3102529468415503,48.322174170054076,-51.938098912460056,6.8765579601608975,50,50,21.744651079177856
366,,-8.234783871822486,-0.08668193549286828,0.18626711517572403,0.34,0.34,0.34,0.9032520325203252,0.9649122807017544,0.037521815008726006,0.3158813263525305,0.6465968586387435,0.4719548420776662,0.9498947368421052,0.9498947368421052,10.842105263157896,0.038436277618205825,130.79030272114488,84.61538461538461,0.3116604762537665,0.8461538461538461,0.3949053444880508,49.72112135094922,-81.06918137019565,7.017783714145638,50,50,25.175286054611206
367,,-1.4826752662851683,-0.017042244440059407,0.17368843427134883,0.32,0.32,0.32,0.9249793899422918,0.9733502538071066,0.02610966057441253,0.28807658833768496,0.6858137510879025,0.4674881856763286,0.9825287356321839,0.9825287356321839,9.402298850574713,0.001857468208140745,108.11235434820995,85.27918781725889,0.27125100924249046,0.8527918781725888,0.3355072482373731,49.56481681706448,-58.54753753114547,6.6113516724850365,50,50,22.8848397731781
368,,-27.141850268846333,-0.2827276069671493,0.033421038649976254,0.06,0.06,0.06,0.8391551584077985,0.9375,0.024770642201834864,0.3,0.6752293577981652,0.46516148547215075,1.0775,1.0775,8.21875,0.5615787856141935,121.68183233079517,84.64673913043478,0.3472306594418445,0.8464673913043478,0.4318588413691034,45.55019754340117,-76.131634787394,5.9733962563417595,50,50,25.88655710220337
369,,1.8690224539414402,0.021483016711970577,0.15495072305202484,0.4,0.4,0.4,0.9196581196581196,0.9689608636977058,0.0351985559566787,0.296028880866426,0.6687725631768953,0.47011489227467657,0.9749425287356321,0.9749425287356321,10.551724137931034,0.0026746427138697047,103.64071234293559,86.77462887989203,0.32511614898398095,0.8677462887989204,0.39000572645571097,50.08911358641497,-53.551598756520626,6.717015835582112,50,50,22.336719036102295
370,,2.398098757974283,0.027564353539934288,0.18869435787200928,0.42,0.42,0.42,0.907190635451505,0.9795918367346939,0.027777777777777776,0.31362007168458783,0.6586021505376344,0.4702415771087118,0.9570114942528736,0.9570114942528736,10.632183908045977,0.004218799231155003,107.02118856342479,85.98639455782313,0.2898990346931406,0.8598639455782313,0.3550088405462771,51.699076746186314,-55.32211181723847,6.822222182732019,50,50,22.931291103363037
371,,-2.821229212849351,-0.030013076732439904,0.07606325050195058,0.38,0.38,0.38,0.9312602291325696,0.9768041237113402,0.027420736932305057,0.30762639245929735,0.6649528706083976,0.46628648784328647,0.9023404255319148,0.9023404255319148,8.946808510638299,0.00469035169030554,167.14015133003522,86.46907216494846,0.3069014703958528,0.8646907216494846,0.36618371973210617,49.37989339594006,-117.76025793409516,6.8112125127122045,50,50,24.946484327316284
372,,-2.7049518523548337,-0.03073808923130493,0.1431599142961204,0.36,0.36,0.36,0.9230769230769231,0.9682119205298013,0.028293545534924844,0.3041556145004421,0.667550839964633,0.4634975410940718,0.9611363636363637,0.9611363636363637,11.943181818181818,0.005154052461522415,127.0827172407117,87.28476821192052,0.301576337655718,0.8728476821192053,0.3594384880072758,47.90043901744192,-79.18227822326978,6.3717799940196915,50,50,23.198992490768433
373,,6.848296121371172,0.08152733477822824,-0.012037507258355618,0.46,0.46,0.46,0.9273504273504274,0.9715762273901809,0.016201620162016202,0.2871287128712871,0.6966696669666966,0.46011947273071635,0.9778571428571429,0.9778571428571429,9.94047619047619,0.03217747286028661,102.13082644830212,87.59689922480621,0.30680061484967797,0.875968992248062,0.3601918231951041,52.117881286975035,-50.012945161327075,6.6490655710076325,50,50,21.580684900283813
374,,-12.398135873855727,-0.1333132889661906,0.0131079430381457,0.28,0.28,0.28,0.9012345679012346,0.9581081081081081,0.02555066079295154,0.3224669603524229,0.6519823788546255,0.46516931111323495,0.9711827956989247,0.9711827956989247,10.096774193548388,0.0857605247580529,148.16885203090942,85.94594594594595,0.2933115074690438,0.8594594594594595,0.3681061506638158,51.35317161571435,-96.81568041519508,5.8040974653604955,50,50,25.085059642791748
375,,-13.962114801003356,-0.14696962948424586,0.09257507572571437,0.24,0.24,0.24,0.8763222131814483,0.9518072289156626,0.027678571428571427,0.3053571428571429,0.6669642857142857,0.4563805979454498,0.9818947368421053,0.9818947368421053,9.757894736842106,0.12425517767504972,134.85928079495653,83.66800535475234,0.30014174512065156,0.8366800535475234,0.38043292069327506,51.36984957445465,-83.4894312205019,6.250107255614179,50,50,26.324315071105957
376,,-2.3994007721322244,-0.02790000897828168,0.16949866712093353,0.26,0.26,0.26,0.9283930058284763,0.9626865671641791,0.0278503046127067,0.2724107919930374,0.6997389033942559,0.4604165061372657,1.0120930232558139,1.0120930232558139,9.232558139534884,0.005658722598057778,105.64412929201987,85.57213930348259,0.2541356909662452,0.8557213930348259,0.35058218813858233,50.20946813015942,-55.43466116186045,6.607089804129551,50,50,22.96300482749939
377,,-7.84694507701976,-0.08437575351634151,0.19969914853572845,0.3,0.3,0.3,0.9019933554817275,0.9635220125786164,0.029464285714285714,0.26071428571428573,0.7098214285714286,0.4596231015807178,0.9643010752688173,0.9643010752688173,7.978494623655914,0.04340022819166381,108.59772471128552,85.40880503144655,0.2922782578520089,0.8540880503144654,0.3564586949161575,47.688487971162296,-60.90923674012323,6.41057111084355,50,50,24.024378299713135
378,,-18.85497355525106,-0.2049453647309898,0.08287748694419861,0.1,0.1,0.1,0.8535773710482529,0.9356110381077529,0.019390581717451522,0.27793167128347185,0.7026777469990766,0.45612148532775515,1.067391304347826,1.067391304347826,7.956521739130435,0.3254871734858829,110.37715001293563,83.96846254927726,0.33916596467133175,0.8396846254927727,0.4270871690978343,47.62502268522216,-62.75212732771347,6.472700923923264,50,50,24.289772987365723
379,,-14.804824928100834,-0.15262706111444158,0.04658752679824829,0.22,0.22,0.22,0.8970345963756178,0.9515923566878981,0.022988505747126436,0.28293545534924847,0.6940760389036251,0.46168634958877275,1.0296907216494846,1.0296907216494846,8.24742268041237,0.14465058068120124,122.90533279949231,86.7515923566879,0.33429534214887496,0.867515923566879,0.40415927053950856,49.507656725918864,-73.39767607357345,6.000269971486743,50,50,25.2825767993927
380,,16.242367272051553,0.19108667378884178,0.29938303530216215,0.54,0.54,0.54,0.9543568464730291,0.983502538071066,0.023096663815226688,0.3028229255774166,0.6740804106073567,0.45542739856769054,0.964,0.964,11.4,0.19947534872276299,95.76706307085126,86.29441624365482,0.27975715320232614,0.8629441624365483,0.33693681866545266,49.621086492713076,-46.14597657813819,6.707825918376719,50,50,22.352757453918457
381,,-2.1508912549554395,-0.026886140686942995,0.12936147302389145,0.24,0.24,0.24,0.8978040540540541,0.9534591194968554,0.028933092224231464,0.2522603978300181,0.7188065099457505,0.4605358078808058,1.121,1.121,8.975,0.005424000626014863,93.03892202078306,85.78616352201259,0.29159119903070685,0.8578616352201258,0.3808548703171506,50.03162069810851,-43.00730132267455,6.604593489867492,50,50,21.66534686088562
382,,-17.407168746683336,-0.1934129860742593,0.19777173548936844,0.16,0.16,0.16,0.8746846089150546,0.9549668874172186,0.024907749077490774,0.2785977859778598,0.6964944649446494,0.4518807287230674,1.0455555555555556,1.0455555555555556,8.61111111111111,0.24234710191695585,119.44386308833344,84.10596026490066,0.30269872718979013,0.8410596026490066,0.37586540289440007,48.74143914584859,-70.70242394248486,5.951448671579535,50,50,23.64617681503296
383,,-6.640837626750377,-0.07633146697414227,0.1644921898841858,0.26,0.26,0.26,0.9111870196413322,0.9648682559598495,0.024500907441016333,0.25226860254083483,0.7232304900181489,0.4528735896656504,1.0450574712643679,1.0450574712643679,7.402298850574713,0.03592665397596815,107.65859288146903,83.5633626097867,0.2926129803331949,0.835633626097867,0.3664790659318019,48.64833408235415,-59.01025879911489,6.4051669868418815,50,50,22.767675399780273
384,,-22.138293129649817,-0.24063362097445454,0.18209229673569402,0.12,0.12,0.12,0.8687973086627419,0.9458388375165125,0.027649769585253458,0.2746543778801843,0.6976958525345622,0.4583434891902194,1.047608695652174,1.047608695652174,7.576086956521739,0.36111292610462636,114.14455046800877,87.18626155878468,0.34544297433536664,0.8718626155878467,0.41068120884474435,50.732339696443944,-63.41221077156483,6.810768872077975,50,50,24.475307941436768
385,,-11.490881681094606,-0.1276764631232734,0.008097413927316666,0.22,0.22,0.22,0.884009942004971,0.9541284403669725,0.019784172661870502,0.29406474820143885,0.6861510791366906,0.45045685714793704,1.0104444444444445,1.0104444444444445,9.644444444444444,0.1013424316581679,129.67720754179194,90.17038007863695,0.32936809566498654,0.9017038007863696,0.37431769270754417,49.82444548169104,-79.8527620601009,6.554687803880161,50,50,24.26344609260559
386,,-5.734636222772998,-0.06371818025303332,0.4649339020252228,0.24,0.24,0.24,0.921760391198044,0.9603841536614646,0.023156089193825044,0.2624356775300172,0.7144082332761578,0.4524318977548844,1.020888888888889,1.020888888888889,7.544444444444444,0.03146826696710597,108.71786435033883,82.35294117647058,0.29077375386504994,0.8235294117647058,0.37324908421716285,50.21223599376415,-58.50562835657468,7.016709160460874,50,50,23.805211544036865
387,,-21.94318537706752,-0.22857484767778666,0.04170178323984146,0.14,0.14,0.14,0.8671152228763667,0.9556451612903226,0.024208566108007448,0.28305400372439476,0.6927374301675978,0.45549268913072105,1.0608333333333333,1.0608333333333333,7.21875,0.29598176593611386,132.98928907954365,87.90322580645162,0.3750475836763217,0.8790322580645161,0.44209013973488437,49.041220637989234,-83.94806844155441,6.128918712044709,50,50,26.71640110015869
388,,-6.716265509813689,-0.07719845413578953,0.3050871789455414,0.26,0.26,0.26,0.8901734104046243,0.9642365887207703,0.030575539568345324,0.31564748201438847,0.6537769784172662,0.4558031084470922,0.9597701149425287,0.9597701149425287,11.850574712643677,0.04033818714233517,102.09803424919123,85.00687757909216,0.2857585967773023,0.8500687757909215,0.35312733175392874,50.81335739060174,-51.28467685858949,6.768160664250168,50,50,24.052704572677612
389,,-3.003315991847825,-0.03412859081645256,0.18863393863042197,0.3,0.3,0.3,0.9070723684210527,0.9606099110546379,0.02633889376646181,0.28270412642669007,0.6909569798068481,0.45665631303828297,1.050909090909091,1.050909090909091,9.215909090909092,0.00798678937824205,117.3141846639535,83.35451080050827,0.295013156463701,0.8335451080050826,0.3690408999724822,51.60209825993688,-65.71208640401662,6.643390487077048,50,50,23.665960788726807
390,,-14.473757603170966,-0.16262648992326928,-0.05179348820820451,0.18,0.18,0.18,0.847571189279732,0.945280437756498,0.02547169811320755,0.2849056603773585,0.689622641509434,0.4583781022895546,1.0561797752808988,1.0561797752808988,8.595505617977528,0.16919084093701003,109.95054661769656,86.04651162790698,0.32737064229503154,0.8604651162790697,0.3979862333117628,49.44888468899487,-60.50166192870169,6.018995830456955,50,50,23.693598747253418
391,,-23.089247184808443,-0.25654719094231604,0.1037241246861716,0.04,0.04,0.04,0.8430379746835444,0.9393939393939394,0.025592417061611375,0.25497630331753557,0.7194312796208531,0.458304636153496,1.1253333333333333,1.1253333333333333,6.622222222222222,0.5858122477817892,105.62137367536872,86.42951251646905,0.33087278799266145,0.8642951251646904,0.3989432542851559,49.79367880709991,-55.82769486826881,5.531691737991352,50,50,24.574766635894775
392,,-13.597719274234514,-0.1478012964590708,0.1170286238193512,0.14,0.14,0.14,0.8679092382495948,0.9470284237726099,0.020572450805008944,0.28711985688729874,0.6923076923076923,0.4585364536115515,1.097608695652174,1.097608695652174,8.728260869565217,0.20060144099395824,108.37467652941103,87.59689922480621,0.35556121682730824,0.875968992248062,0.4199843497277799,50.330957611378395,-58.04371891803263,6.092348913353193,50,50,26.610146522521973
393,,-14.712476311293115,-0.15167501351848572,0.060126893222332,0.2,0.2,0.2,0.8843314191960624,0.9555273189326556,0.02146690518783542,0.2745974955277281,0.7039355992844365,0.46711560461794976,0.9820618556701031,0.9820618556701031,7.443298969072165,0.1516648175936305,129.2271997137087,87.16645489199492,0.3408720933029984,0.8716645489199492,0.40578702608512973,47.765170448911796,-81.46202926479691,6.6627905483229215,50,50,25.80783176422119
394,,-0.5332744129542731,-0.006059936510844013,0.10129101574420929,0.3,0.3,0.3,0.9234449760765551,0.9714285714285714,0.023529411764705882,0.27058823529411763,0.7058823529411765,0.46949812139828945,1.0856818181818182,1.0856818181818182,9.227272727272727,0.00024691870515803477,132.05567074033522,83.69047619047619,0.2327402865626737,0.8369047619047619,0.36668392682987694,52.37206133598056,-79.68360940435466,6.821700105947383,50,50,23.928672075271606
395,,-20.929757904591444,-0.22505116026442412,0.21401403471827507,0.14,0.14,0.14,0.8656093489148581,0.9484126984126984,0.014787430683918669,0.28650646950092423,0.6987060998151571,0.46221833119829814,1.0382795698924732,1.0382795698924732,8.46236559139785,0.3061758092145333,125.303001179203,85.31746031746032,0.3248655845071897,0.8531746031746031,0.3994160702632532,47.52098479866065,-77.78201638054234,6.315643026086216,50,50,25.522339582443237
396,,-9.185840838391906,-0.09984609606947724,0.12358098477125168,0.32,0.32,0.32,0.9079601990049752,0.9531645569620253,0.01757469244288225,0.28822495606326887,0.6942003514938488,0.460450397588002,0.9443478260869566,0.9443478260869566,9.076086956521738,0.04888340438881259,114.95998948507787,84.68354430379746,0.28368090220672715,0.8468354430379746,0.34915902580171865,49.69117462168241,-65.26881486339546,6.199288611427578,50,50,24.121016263961792
397,,-7.73245301576156,-0.08887877029610988,0.10507635958492756,0.26,0.26,0.26,0.8971807628524047,0.9579617834394905,0.02230151650312221,0.2774308652988403,0.7002676181980375,0.4667268659682923,1.0680459770114943,1.0680459770114943,8.402298850574713,0.04580013972843905,128.03949769990686,85.09554140127389,0.31806908155226077,0.8509554140127389,0.38818045954735836,50.577693193196524,-77.46180450671034,6.618067396231498,50,50,23.755258798599243
398,,-6.26217867476856,-0.07116112130418818,0.15686789900064468,0.28,0.28,0.28,0.9074550128534704,0.9597402597402598,0.024680073126142597,0.27148080438756855,0.7038391224862889,0.4621072696513412,1.0527272727272727,1.0527272727272727,7.9772727272727275,0.029150404290420085,106.98049920043383,85.84415584415585,0.3166197588430786,0.8584415584415584,0.38643190125918375,48.79210607682314,-58.188393123610695,6.363644363365171,50,50,23.36333703994751
399,,-16.443176511068422,-0.18685427853486844,-0.0563892126083374,0.08,0.08,0.08,0.8483333333333334,0.9454061251664447,0.0300187617260788,0.2654784240150094,0.7045028142589118,0.4666259625186318,1.144090909090909,1.144090909090909,7.454545454545454,0.3238635907037252,97.9857446233874,88.94806924101198,0.363444182091003,0.8894806924101198,0.4260592987119002,48.71315976479627,-49.27258485859113,6.29585944997743,50,50,23.996946811676025
400,,-11.371355241213282,-0.12776803641812676,0.15226058413585028,0.26,0.26,0.26,0.8960270498732037,0.9529569892473119,0.03357531760435572,0.2912885662431942,0.6751361161524501,0.462976165501495,0.9743820224719101,0.9743820224719101,9.224719101123595,0.08398994591745047,136.37024209168368,84.13978494623656,0.3008078449148852,0.8413978494623656,0.37380365061969517,49.44420324797707,-86.9260388437066,6.842272949486678,50,50,23.65238380432129
401,,-16.134582698084163,-0.17537589889221916,0.16021618247032166,0.2,0.2,0.2,0.8682432432432432,0.9506493506493506,0.014953271028037384,0.26542056074766357,0.719626168224299,0.4615352406223183,0.9984782608695653,0.9984782608695653,7.717391304347826,0.18852695632076014,114.2985654726603,87.01298701298701,0.32738221876427115,0.8701298701298701,0.3902562834245394,48.05813567878506,-66.24042979387525,6.3471904466905125,50,50,24.64839196205139
402,,-13.801636580145958,-0.15335151755717732,0.1735989898443222,0.16,0.16,0.16,0.88107202680067,0.949238578680203,0.029117379435850774,0.2538671519563239,0.7170154686078253,0.4667884674243784,1.0982222222222222,1.0982222222222222,6.833333333333333,0.1852590814898188,108.56608766685002,84.51776649746193,0.31227929572835106,0.8451776649746193,0.3874163961829262,47.520620831489126,-61.045466835360905,6.222886598889242,50,50,23.569291353225708
403,,-13.26503415410805,-0.14738926837897834,0.12953915409743785,0.18,0.18,0.18,0.8782104391052196,0.9470517448856799,0.026220614828209764,0.2224231464737794,0.7513562386980108,0.4653214319239681,1.1084444444444443,1.1084444444444443,5.611111111111111,0.14312894975101081,113.06455604187784,86.28158844765343,0.3257164867326728,0.8628158844765343,0.38980581958653365,51.90485879876483,-61.15969724311301,6.40848642916517,50,50,24.071476221084595
404,,0.35298298626507063,0.0038367715898377243,0.1075406752393714,0.4,0.4,0.4,0.9359933499584372,0.9696969696969697,0.023356401384083045,0.2629757785467128,0.7136678200692042,0.46483529871562496,0.9519565217391305,0.9519565217391305,8.76086956521739,7.68417214989159e-05,109.97506652026608,86.06060606060606,0.29372259086755725,0.8606060606060606,0.35590945171770677,52.39156483998614,-57.583501680279944,7.142063307567251,50,50,23.98346996307373
405,,-14.340467283786461,-0.15587464438898327,0.017349061369895936,0.2,0.2,0.2,0.8845188284518829,0.9548387096774194,0.025431425976385105,0.2706630336058129,0.703905540417802,0.46782034790729243,1.0658695652173913,1.0658695652173913,7.695652173913044,0.14357128403588906,133.82157856895262,84.0,0.3172118226815866,0.84,0.40382386903284506,48.88728538047127,-84.93429318848135,5.765660008274927,50,50,24.432618379592896
406,,-20.955747362392337,-0.2074826471523994,0.17076364066451788,0.26,0.26,0.26,0.8955223880597015,0.9579617834394905,0.04025044722719141,0.25760286225402507,0.7021466905187835,0.465881013578348,0.9413861386138613,0.9413861386138613,6.534653465346534,0.17972235045168714,180.90131166729734,84.3312101910828,0.3244905360237124,0.8433121019108281,0.40069561483921484,51.473024406618514,-129.42828726067881,6.710977164045612,50,50,26.07482099533081
407,,-23.046803722582297,-0.24007087211023226,0.12423572689294815,0.12,0.12,0.12,0.8477905073649754,0.9433962264150944,0.028518859245630176,0.2888684452621895,0.6826126954921803,0.4622930135588588,1.0672916666666667,1.0672916666666667,8.229166666666666,0.32566882405868536,132.4243692322236,88.0053908355795,0.3707198871789466,0.8800539083557951,0.4348078881422154,49.72294794847139,-82.7014212837522,6.290881450123899,50,50,26.39888310432434
408,,-12.242344364405078,-0.14071660188971355,0.14516960084438324,0.2,0.2,0.2,0.8712624584717608,0.9383033419023136,0.025454545454545455,0.2672727272727273,0.7072727272727273,0.4606929239637122,1.0749425287356322,1.0749425287356322,8.275862068965518,0.1286528042989959,110.59590945934696,82.90488431876607,0.3035731292525477,0.8290488431876607,0.39060545613101083,50.902145934422336,-59.69376352492461,6.065971920878422,50,50,23.44399380683899
409,,-3.2784981853046418,-0.03602745258576529,0.11522961780428886,0.3,0.3,0.3,0.903739061256961,0.9584859584859585,0.02468085106382979,0.2782978723404255,0.6970212765957446,0.46340782226595495,1.0096703296703298,1.0096703296703298,9.351648351648352,0.008857792137113834,111.52737838789318,86.44688644688645,0.31453667378295236,0.8644688644688645,0.380916973519241,50.93280061824325,-60.59457776964993,5.990125292971404,50,50,24.6940655708313
410,,-9.371424925605464,-0.10771752788052256,0.09133237600326538,0.18,0.18,0.18,0.8698175787728026,0.9594240837696335,0.019301470588235295,0.27849264705882354,0.7022058823529411,0.46620869474159016,1.1082758620689654,1.1082758620689654,8.28735632183908,0.097396238157386,107.07694402773345,87.04188481675392,0.3225380268905381,0.8704188481675392,0.3820497349117893,49.53295413426144,-57.543989893472016,6.049150310519915,50,50,23.73850131034851
411,,-3.9716368454384634,-0.04565099822343061,0.10484181577339768,0.3,0.3,0.3,0.9178541492036881,0.9671717171717171,0.021333333333333333,0.27466666666666667,0.704,0.46840786051486843,0.9570114942528736,0.9570114942528736,9.183908045977011,0.012211365531530675,113.60601283966429,84.59595959595958,0.29460443038715756,0.8459595959595959,0.3659610616991871,51.358074006241424,-62.24793883342287,6.331825287612391,50,50,22.938803672790527
412,,-3.9225883276603257,-0.04508722215701524,0.13118604570627213,0.28,0.28,0.28,0.906744379683597,0.9698492462311558,0.026785714285714284,0.2625,0.7107142857142857,0.465315827362978,1.008735632183908,1.008735632183908,8.32183908045977,0.013234450562539852,105.48118036816246,84.92462311557789,0.2968837376417873,0.8492462311557789,0.36978115619019825,49.97988314345292,-55.50129722470954,6.439990186176921,50,50,23.53929305076599
413,,-5.058451805046716,-0.056205020056074625,0.1527005210518837,0.32,0.32,0.32,0.9110738255033557,0.9642401021711366,0.03038427167113494,0.26988382484361034,0.6997319034852547,0.4658690277726079,1.055111111111111,1.055111111111111,8.011111111111111,0.01823770426136732,118.4539404845678,85.9514687100894,0.3070126976190006,0.859514687100894,0.37466825851698216,51.05993387119849,-67.3940066133693,6.357184319472891,50,50,23.953145027160645
414,,-10.549517043216024,-0.11988087549109118,0.03270057216286659,0.22,0.22,0.22,0.896845694799659,0.9620915032679739,0.027649769585253458,0.2672811059907834,0.7050691244239631,0.4674259068061788,1.0479545454545454,1.0479545454545454,8.011363636363637,0.08665736927999612,120.04316114586678,85.88235294117646,0.32586351202424124,0.8588235294117647,0.3955780570590143,49.29884677638527,-70.7443143694815,6.124468642616809,50,50,23.18775510787964
415,,-13.723392742781941,-0.15594764480434023,-0.04237889125943184,0.18,0.18,0.18,0.8426778242677824,0.937244201909959,0.03497164461247637,0.2722117202268431,0.6928166351606805,0.47074874942227984,1.1186363636363637,1.1186363636363637,7.784090909090909,0.1649170284350151,114.00928649492138,84.72032742155525,0.3420511217805034,0.8472032742155525,0.42215230611294735,49.58689565365921,-64.42239084126217,5.882449848491127,50,50,23.67447519302368
416,,-16.63336482246962,-0.18079744372249587,0.14261062691609064,0.16,0.16,0.16,0.8938640132669984,0.9464508094645081,0.019538188277087035,0.2673179396092362,0.7131438721136767,0.46944680324340565,1.055,1.055,7.880434782608695,0.21708837351173738,115.36636185800646,85.18057285180572,0.3194884350491147,0.8518057285180572,0.3903984920625551,49.99387136156576,-65.37249049644069,5.863017963678827,50,50,24.98028802871704
417,,-3.6949691280995336,-0.04247090951838545,0.3624775807062785,0.22,0.22,0.22,0.9045267489711935,0.9581749049429658,0.02290748898678414,0.28193832599118945,0.6951541850220264,0.47318578956798574,1.1041379310344828,1.1041379310344828,8.74712643678161,0.0165235192969421,92.53906016216777,87.07224334600761,0.32257654433277333,0.870722433460076,0.3892109539821272,46.765947386089934,-45.773112776077845,6.275320308525149,50,50,23.488983869552612
418,,-17.54321985530869,-0.19492466505898542,0.09485513344407082,0.18,0.18,0.18,0.8687552921253175,0.9410977242302544,0.03438661710037175,0.27137546468401486,0.6942379182156134,0.46367753270801365,1.0222222222222221,1.0222222222222221,7.388888888888889,0.2031865326095706,123.09753455741819,87.68406961178046,0.33122648892375406,0.8768406961178046,0.39037341908007356,50.779566419553426,-72.31796813786477,5.821551763591252,50,50,23.671354293823242
419,,-7.887093960222088,-0.0830220416865483,0.18685638904571533,0.3,0.3,0.3,0.9184692179700499,0.9611528822055138,0.029850746268656716,0.26953467954345917,0.7006145741878841,0.47442380084381686,0.9774736842105263,0.9774736842105263,8.326315789473684,0.038713417485927125,122.65505997612752,86.96741854636592,0.3160663979408615,0.8696741854636592,0.37642652169685625,50.80830001643863,-71.8467599596889,6.711331787419042,50,50,24.927582263946533
420,,4.465199159008359,0.053797580229016366,0.12176778167486191,0.32,0.32,0.32,0.9472382522671063,0.9727722772277227,0.02893617021276596,0.2834042553191489,0.6876595744680851,0.47143258348679595,1.0681927710843373,1.0681927710843373,10.421686746987952,0.017389383005906894,123.9344076497481,84.52970297029702,0.2883300683973486,0.8452970297029703,0.3577151627237443,51.41543905873895,-72.51896859100916,6.396525400565483,50,50,21.742505311965942
421,,-12.010066676272615,-0.1364780304121888,0.11327286344021559,0.24,0.24,0.24,0.8898377455166524,0.9571619812583668,0.018518518518518517,0.2898148148148148,0.6916666666666667,0.4702223561734321,1.0036363636363637,1.0036363636363637,9.25,0.10098151466808682,122.48219886937173,88.48728246318608,0.35309380236773963,0.8848728246318608,0.41200144291492297,51.41200474713681,-71.07019412223491,6.194841853558722,50,50,23.394965171813965
422,,-12.402316341642681,-0.13055069833308086,0.189431294798851,0.22,0.22,0.22,0.8963265306122449,0.9629156010230179,0.027312775330396475,0.28370044052863436,0.6889867841409691,0.4757391377973713,0.9928421052631579,0.9928421052631579,8.610526315789473,0.11249495607816172,117.92847743666094,85.80562659846548,0.31512650373274576,0.8580562659846548,0.3825314680371431,52.3426569586391,-65.58582047802184,5.961736093079144,50,50,25.19036340713501
423,,-12.733949777467458,-0.13993351403810395,0.02362799271941185,0.2,0.2,0.2,0.8671679197994987,0.9502688172043011,0.01662049861495845,0.296398891966759,0.6869806094182825,0.48155016954435587,1.054945054945055,1.054945054945055,9.043956043956044,0.13768016022009993,108.73530807981689,85.48387096774194,0.3354950431637336,0.8548387096774194,0.40985520492127064,49.55443106467479,-59.180877015142094,6.050093047600146,50,50,24.209147691726685
424,,-10.57690196658518,-0.11496632572375196,0.2413749247789383,0.28,0.28,0.28,0.8824517212426533,0.9525691699604744,0.026532479414455627,0.2790484903934126,0.6944190301921317,0.48114811555279985,0.9706521739130435,0.9706521739130435,7.5978260869565215,0.06650538301418757,148.16399495506784,86.03425559947298,0.3248355596774999,0.8603425559947299,0.39731366160863196,50.136668101525416,-98.02732685354242,6.663786173004898,50,50,24.414520978927612
425,,5.190650224445582,0.06035639795866956,0.17363238458832106,0.42,0.42,0.42,0.9168724279835391,0.9692118226600985,0.022747156605424323,0.2668416447944007,0.710411198600175,0.4761330289034671,1.041860465116279,1.041860465116279,8.348837209302326,0.019123603755258005,139.1631462110629,82.51231527093597,0.27412432860101194,0.8251231527093597,0.35404157426736127,49.50037904354758,-89.66276716751533,6.419327186276094,50,50,22.170198917388916
426,,-8.419553419877607,-0.09355059355419564,0.11981160007417202,0.26,0.26,0.26,0.8810105949470253,0.9633375474083439,0.022321428571428572,0.2714285714285714,0.70625,0.47648507654584116,1.0117777777777779,1.0117777777777779,8.933333333333334,0.051187096181245416,142.70735006068838,85.08217446270544,0.2966457659353958,0.8508217446270544,0.3678388432466939,50.31875177265184,-92.38859828803656,6.2141942033222515,50,50,24.18776273727417
427,,-15.718319293027825,-0.17464799214475363,0.13148457556962967,0.18,0.18,0.18,0.886986301369863,0.9475753604193972,0.03339517625231911,0.2588126159554731,0.7077922077922078,0.4811903816027981,1.0735555555555556,1.0735555555555556,7.333333333333333,0.18059389001451884,146.45351810170268,85.4521625163827,0.3378523143601595,0.854521625163827,0.4111199520126266,49.23517385463775,-97.21834424706495,6.113725933930957,50,50,23.531466484069824
428,,-11.326942786686484,-0.12726902007512902,0.16011597216129303,0.2,0.2,0.2,0.8909991742361685,0.9484924623115578,0.028444444444444446,0.264,0.7075555555555556,0.4802751602763519,1.08,1.08,8.280898876404494,0.10581850721848111,111.97984199129715,84.67336683417085,0.29824808348920223,0.8467336683417085,0.3678669012716862,51.161814852751846,-60.81802713854531,6.138707947006191,50,50,23.874624729156494
429,,-2.57992566579792,-0.03035206665644612,0.22033032278219858,0.28,0.28,0.28,0.9199332777314428,0.9628205128205128,0.033362598770851626,0.28182616330114135,0.684811237928007,0.48614685417898,1.0268235294117647,1.0268235294117647,9.176470588235293,0.006140654491295197,129.9844431730642,86.28205128205128,0.29439226951112824,0.8628205128205129,0.35509485758737575,50.88098011953885,-79.10346305352535,6.6695445351966764,50,50,23.163517713546753
430,,-20.396351046417177,-0.21698245794060828,0.1747177354991436,0.14,0.14,0.14,0.8767576509511993,0.9429312581063554,0.026149684400360685,0.27862939585211904,0.6952209197475203,0.48213735442360905,1.04,1.04,8.457446808510639,0.28284276789126106,149.01810282257952,85.34370946822308,0.33732959963197506,0.8534370946822308,0.41489357097661245,46.9374513221546,-102.0806515004249,6.3324555099472954,50,50,25.008426666259766
431,,-17.487857469086165,-0.20334717987309495,0.14675915924211344,0.1,0.1,0.1,0.8449873631002527,0.925,0.023496240601503758,0.299812030075188,0.6766917293233082,0.4846041297122056,1.083953488372093,1.083953488372093,8.94186046511628,0.33522142770342905,111.2652641071966,87.22222222222223,0.33047560157075634,0.8722222222222222,0.4107937298694866,49.41841060370363,-61.84685350349298,6.246716259676785,50,50,23.650553703308105
432,,5.067418443732818,0.0569372858846384,0.18713867105543613,0.46,0.46,0.46,0.9272882805816938,0.96684350132626,0.026102610261026102,0.2952295229522952,0.6786678667866787,0.47918548253375326,0.9732584269662922,0.9732584269662922,9.438202247191011,0.017090180106038577,111.94214948390588,85.54376657824933,0.31082356637733183,0.8554376657824934,0.37830577116071684,50.68124826748146,-61.26090121642442,6.647474732197877,50,50,23.363389492034912
433,,-15.561371375386805,-0.1691453410368131,0.10215750616043806,0.22,0.22,0.22,0.8739279588336192,0.946164199192463,0.03189493433395872,0.27110694183864914,0.6969981238273921,0.4857247453773111,1.0121739130434784,1.0121739130434784,7.315217391304348,0.16021911868907698,118.39285878668133,85.86810228802153,0.3055561789263554,0.8586810228802153,0.3721515080439753,50.17316779027211,-68.21969099640921,6.200464807131378,50,50,23.7147433757782
434,,-0.22680528932075028,-0.0026682975214205916,0.299363374710083,0.3,0.3,0.3,0.9269102990033222,0.9601494396014943,0.022589052997393572,0.2797567332754127,0.6976542137271937,0.4825424585091498,1.0983529411764705,1.0983529411764705,9.105882352941176,5.0588737346077523e-05,89.37183192320555,86.05230386052304,0.29680672593741675,0.8605230386052304,0.3582407090513215,50.47265262951362,-38.89917929369192,6.393364583626425,50,50,22.734044075012207
435,,-3.1237001333005674,-0.03395326231848443,0.19522681832313538,0.28,0.28,0.28,0.932,0.9705521472392638,0.02179379715004191,0.2950544844928751,0.683151718357083,0.4797737133607228,0.975,0.975,9.902173913043478,0.009950532347964456,98.38095931599669,85.76687116564418,0.3125257420138076,0.8576687116564418,0.37941805167730974,48.966754403902,-49.41420491209469,6.322695331318467,50,50,25.14249062538147
436,,-6.628959924921764,-0.07127913897765338,0.24817049503326416,0.36,0.36,0.36,0.8866995073891626,0.9635678391959799,0.022381378692927483,0.26499552372426144,0.7126230975828111,0.4855686498237073,0.9916129032258064,0.9916129032258064,7.537634408602151,0.022347699814352952,154.57839981658438,87.56281407035176,0.3239649403209443,0.8756281407035176,0.38288402042986974,51.90866563208178,-102.6697341845026,6.264800620643699,50,50,25.234304666519165
437,,-11.141097004562198,-0.12660337505184316,0.11109129339456558,0.22,0.22,0.22,0.8922558922558923,0.9525032092426188,0.028054298642533938,0.2669683257918552,0.7049773755656109,0.4858658197698903,1.0431818181818182,1.0431818181818182,7.340909090909091,0.1067469421085557,122.9876709608595,85.2374839537869,0.323709631513046,0.8523748395378691,0.40501295704566015,50.29917899173794,-72.68849196912156,6.701140997434189,50,50,23.45424771308899
438,,-4.664756772537597,-0.051830630805973305,0.13223834615200758,0.34,0.34,0.34,0.8916876574307305,0.9537648612945839,0.019945602901178604,0.2937443336355394,0.6863100634632819,0.48956881170243854,0.9748888888888889,0.9748888888888889,9.8,0.015219549823174885,115.65128295226341,85.99735799207397,0.31168341551222695,0.8599735799207398,0.3791820964726786,48.58335659983471,-67.06792635242871,6.253726410277552,50,50,24.63529372215271
439,,-1.9103220704496042,-0.02122580078277338,0.1651346484820048,0.34,0.34,0.34,0.9233305853256389,0.9647798742138365,0.029539530842745437,0.2797567332754127,0.6907037358818419,0.47777628369991565,0.998,0.998,9.177777777777777,0.0029237465003582696,110.61209039258733,86.0377358490566,0.2696256250534428,0.8603773584905661,0.3270267839871254,47.992368810564955,-62.619721582022386,6.460015245983629,50,50,23.167158842086792
440,,-13.875907955402857,-0.14454070786877976,0.14383143186569214,0.26,0.26,0.26,0.9151414309484193,0.9662921348314607,0.026455026455026454,0.2671957671957672,0.7063492063492064,0.4849664548386257,0.9566666666666667,0.9566666666666667,7.885416666666667,0.11777365590231847,119.21077076192614,86.26716604244695,0.3065503354028338,0.8626716604244694,0.37028859493307975,50.68066232388664,-68.5301084380395,6.553240046863221,50,50,24.84205412864685
441,,-13.968172888947281,-0.16055371136721014,0.16887157538440078,0.14,0.14,0.14,0.8920922570016474,0.9443037974683545,0.026525198938992044,0.2749778956675508,0.6984969053934571,0.4831131311476327,1.102528735632184,1.102528735632184,8.264367816091953,0.1965569072649336,123.3208134898637,86.58227848101265,0.3135129035030223,0.8658227848101265,0.37849330586151064,51.47814981930211,-71.84266367056159,6.600333140154814,50,50,23.012160301208496
442,,-1.5182114227924717,-0.018073945509434187,0.12289690009007852,0.3,0.3,0.3,0.8842553191489362,0.9543010752688172,0.03425925925925926,0.27685185185185185,0.6888888888888889,0.47728106919121704,1.0445238095238096,1.0445238095238096,8.238095238095237,0.002178232885771498,109.60502397493215,85.88709677419355,0.3176143605962617,0.8588709677419355,0.39137928074995676,53.22209677546074,-56.38292719947141,6.519321263283844,50,50,22.66103768348694
443,,-1.082874370139465,-0.012167127754376011,0.1304685501381755,0.36,0.36,0.36,0.9177852348993288,0.9724409448818898,0.023172905525846704,0.2976827094474153,0.679144385026738,0.47436768530721496,0.9602247191011236,0.9602247191011236,9.617977528089888,0.0007610114378372602,128.22971446782736,89.23884514435696,0.30079694857456535,0.8923884514435696,0.3509132070878826,50.97847169365858,-77.2512427741688,6.87057637850919,50,50,23.40560293197632
444,,4.140271776630206,0.04870907972506124,0.2112700305879116,0.4,0.4,0.4,0.9176470588235294,0.9684343434343434,0.016057091882247992,0.2774308652988403,0.7065120428189117,0.4790077805387623,0.9792941176470589,0.9792941176470589,9.75294117647059,0.013717508755321564,112.47030163075634,85.60606060606061,0.28495459994137595,0.8560606060606061,0.3474641291376043,49.52056571882515,-62.94973591193119,6.6329468521780965,50,50,22.233503818511963
445,,-6.233620554109642,-0.0636083730011188,0.09758772235363722,0.32,0.32,0.32,0.9413680781758957,0.9776674937965261,0.01775147928994083,0.30092983939137785,0.6813186813186813,0.4782816305231987,0.913469387755102,0.913469387755102,9.744897959183673,0.022386863351752363,128.67100839844716,86.22828784119106,0.32551955066883387,0.8622828784119106,0.39185563859847616,49.819786505228876,-78.8512218932183,6.9965507138467276,50,50,24.969234943389893
446,,-11.340225204905673,-0.12326331744462689,0.3037194460630417,0.3,0.3,0.3,0.8977176669484361,0.9549795361527967,0.019963702359346643,0.31488203266787657,0.6651542649727767,0.4780799180457784,0.8897826086956522,0.8897826086956522,12.08695652173913,0.0779010322135806,125.55053966273763,86.9031377899045,0.3052110341974004,0.869031377899045,0.3644956838060132,49.60850350474747,-75.94203615799016,6.751863950150709,50,50,23.994903802871704
447,,-3.3905522271230835,-0.04185866947065535,0.03327308036386967,0.26,0.26,0.26,0.8913043478260869,0.9622132253711201,0.015482695810564663,0.30965391621129323,0.674863387978142,0.4816770869821747,1.0064197530864198,1.0064197530864198,12.530864197530864,0.013278476543708768,91.06600650643398,87.98920377867746,0.30449655125136155,0.8798920377867746,0.36240795864536574,52.62545505494365,-38.44055145149033,7.1136750519287695,50,50,22.10474991798401
448,,-9.18988113841592,-0.10325709144287551,0.16809198260307312,0.2,0.2,0.2,0.8888888888888888,0.9596231493943472,0.018800358102059087,0.3160250671441361,0.6651745747538048,0.47877798020431583,1.0280898876404494,1.0280898876404494,9.47191011235955,0.08051274949324683,105.54275282981567,85.59892328398385,0.26621210481913976,0.8559892328398385,0.38630164428696273,47.39512676291578,-58.147626066899896,6.233906808067811,50,50,24.280670404434204
449,,-7.890176984820876,-0.08865367398675142,-0.012696539983153343,0.3,0.3,0.3,0.9122807017543859,0.9505851755526658,0.013215859030837005,0.3092511013215859,0.677533039647577,0.4786950032244531,0.9489887640449438,0.9489887640449438,9.752808988764045,0.043318023892784205,135.55448012350595,86.34590377113133,0.2761577856648995,0.8634590377113134,0.33365196768478883,48.552317716441536,-87.00216240706442,6.541272111402421,50,50,23.104711294174194
450,,-7.009786894465017,-0.08150914993563974,0.23750215768814087,0.22,0.22,0.22,0.9001663893510815,0.9623149394347241,0.017025089605734768,0.3172043010752688,0.6657706093189965,0.4768171290989402,1.006046511627907,1.006046511627907,11.534883720930232,0.051168632037459444,95.69230614730907,85.86810228802153,0.29266011077774123,0.8586810228802153,0.35842431915898587,49.006294615383226,-46.68601153192584,6.654658899937264,50,50,23.4529070854187
451,,-13.603890837501517,-0.15458966860797177,0.11642115749418736,0.14,0.14,0.14,0.8547990155865464,0.9399198931909212,0.01736745886654479,0.2979890310786106,0.6846435100548446,0.47711548299909656,1.145909090909091,1.145909090909091,7.9772727272727275,0.2081953219479359,105.87093839127729,86.2483311081442,0.33350810597275027,0.8624833110814419,0.4056632679403872,48.44422091363997,-57.426717477637325,5.958079263108511,50,50,23.922219276428223
452,,-6.20009172695729,-0.07045558780633285,0.12990082427859306,0.26,0.26,0.26,0.9130794701986755,0.9548387096774194,0.021034180543382998,0.2997370727432077,0.6792287467134093,0.4764355080209101,1.0286363636363636,1.0286363636363636,9.340909090909092,0.02998083721068646,109.55209833431627,86.96774193548387,0.3124110628582613,0.8696774193548387,0.3723204439833188,51.14160362826764,-58.410494706048624,6.121442563129553,50,50,22.96503210067749
453,,6.262112503789017,0.07544713859986767,0.06892722100019455,0.42,0.42,0.42,0.9352159468438538,0.9695817490494296,0.012121212121212121,0.3047619047619048,0.6831168831168831,0.4776304519526571,0.9959036144578314,0.9959036144578314,11.409638554216867,0.0327594193711665,91.55531107970825,85.55133079847909,0.2964423482333121,0.8555133079847909,0.3617079353268612,49.9735989777787,-41.58171210192955,6.409167078998267,50,50,21.920525550842285
454,,-11.196118138908533,-0.12038836708503799,0.02057982049882412,0.26,0.26,0.26,0.8923728813559322,0.9568627450980393,0.0192131747483989,0.2808783165599268,0.6999085086916743,0.477990407420808,0.9787096774193549,0.9787096774193549,8.064516129032258,0.09176292349297487,115.36743085083789,87.97385620915033,0.33938509068068784,0.8797385620915033,0.3961151464416447,48.619387526629424,-66.74804332420847,5.903825633273252,50,50,24.78741216659546
455,,-0.6321097418839824,-0.0071830652486816185,0.08255217224359512,0.32,0.32,0.32,0.9295774647887324,0.9692101740294511,0.020833333333333332,0.3307291666666667,0.6484375,0.481493402145041,1.0040909090909091,1.0040909090909091,12.056818181818182,0.00034929567922443923,102.1770827248961,86.88085676037484,0.31651124570751776,0.8688085676037484,0.3762919884610989,49.01447406051158,-53.162608664384514,6.225785676991751,50,50,23.323500633239746
456,,-9.072226744063077,-0.10549100865189624,0.2038041204214096,0.24,0.24,0.24,0.8842195540308748,0.9512855209742895,0.018656716417910446,0.29197761194029853,0.6893656716417911,0.47867445183679636,1.0290697674418605,1.0290697674418605,8.976744186046512,0.06922957359635866,112.75497710108708,88.36265223274695,0.33510414023781065,0.8836265223274695,0.39011854439763594,48.62557787014293,-64.12939923094414,5.814856405410966,50,50,22.454320669174194
457,,-12.784212020021034,-0.13895882630457645,0.25249776244163513,0.16,0.16,0.16,0.8836276083467095,0.9464751958224543,0.02175805047867711,0.31157528285465624,0.6666666666666666,0.4790808212521243,1.0823913043478262,1.0823913043478262,10.01086956521739,0.17209979395239502,107.84961518262534,88.77284595300262,0.3333794909479822,0.8877284595300261,0.385710719753159,48.22817556645738,-59.621439616167955,6.219133884827617,50,50,25.175552129745483
458,,-7.209336856020625,-0.08100378489910814,0.03291010484099388,0.28,0.28,0.28,0.9030910609857978,0.9592356687898089,0.013404825737265416,0.28507596067917784,0.7015192135835567,0.4785575545657677,0.9964044943820225,0.9964044943820225,9.314606741573034,0.04358479140195618,102.19932166711642,87.26114649681529,0.3184839735633975,0.8726114649681529,0.37517228009766,49.71076147309185,-52.48856019402457,6.2474345900304025,50,50,23.228493452072144
459,,-8.908620414809846,-0.10358860947453309,0.14064001943916082,0.24,0.24,0.24,0.9091680814940577,0.9562419562419563,0.018034265103697024,0.2813345356176736,0.7006311992786294,0.4773957556291202,1.0227906976744185,1.0227906976744185,9.848837209302326,0.06540272179268344,126.54792879967835,87.9021879021879,0.31046985862719834,0.879021879021879,0.3641752747174194,49.233329275354414,-77.31459952432394,6.4236689980218715,50,50,22.126407861709595
460,,-7.223978311233362,-0.07685083309822725,0.07653570920228958,0.38,0.38,0.38,0.9220890410958904,0.9631979695431472,0.017148014440433214,0.27166064981949456,0.7111913357400722,0.4791124574332795,0.8308510638297872,0.8308510638297872,9.425531914893616,0.026562803943320456,145.50332631796476,87.18274111675127,0.27990157576903146,0.8718274111675127,0.33214406064393764,49.32242656978147,-96.18089974818328,6.887547750177465,50,50,24.213401317596436
461,,0.5476772402920884,0.006368340003396377,0.061786556616425514,0.38,0.38,0.38,0.8982630272952854,0.9596977329974811,0.008920606601248885,0.28278322925958965,0.7082961641391614,0.4804316209501392,1.0432558139534884,1.0432558139534884,9.94186046511628,0.00021733363714043584,106.3032429301243,87.6574307304786,0.29769941690795687,0.8765743073047859,0.35167725724966525,49.27263186062184,-57.03061106950246,6.227874736094975,50,50,22.808678150177002
462,,-2.725794921678025,-0.03169528978695378,0.2370283305644989,0.36,0.36,0.36,0.9027538726333907,0.9580602883355177,0.013786764705882353,0.2849264705882353,0.7012867647058824,0.48225668232996277,0.986046511627907,0.986046511627907,9.267441860465116,0.005312297576102089,110.404466484447,85.71428571428571,0.2954456413401102,0.8571428571428571,0.35989683795076394,52.14925022527268,-58.25521625917431,6.458225556759652,50,50,21.650843620300293
463,,-4.683269050411578,-0.053830678740362965,0.038419656455516815,0.32,0.32,0.32,0.9037162162162162,0.9674054758800521,0.019021739130434784,0.286231884057971,0.6947463768115942,0.479978484525827,0.9682758620689655,0.9682758620689655,9.149425287356323,0.015338440080795086,126.28916819820219,84.8761408083442,0.28238356158069944,0.848761408083442,0.35044827346378393,49.9232895046817,-76.3658786935205,6.76202190480594,50,50,22.54607582092285
464,,-16.63349673894124,-0.18278567844990373,0.09636282408609986,0.14,0.14,0.14,0.8884263114071607,0.9446640316205533,0.01615798922800718,0.30251346499102333,0.6813285457809695,0.4776896528528164,0.9386813186813187,0.9386813186813187,10.428571428571429,0.247322318153975,114.89163677835043,86.42951251646905,0.29089041709672303,0.8642951251646904,0.35805992597184966,48.74796740651908,-66.14366937183135,6.1658592134984875,50,50,24.171684741973877
465,,-10.201750934758907,-0.11210715312921876,0.0026176178362220526,0.24,0.24,0.24,0.9080459770114943,0.9667093469910372,0.015803336259877086,0.29850746268656714,0.6856892010535558,0.4782182390140472,0.9874725274725275,0.9874725274725275,9.593406593406593,0.07945404366018842,110.91323398352404,88.348271446863,0.346095234681297,0.8834827144686299,0.40296830425902436,51.076380875415495,-59.83685310810855,7.068031778501099,50,50,24.30317974090576
466,,-5.369157808258109,-0.05836041095932727,0.1414010226726532,0.34,0.34,0.34,0.9172240802675585,0.9673366834170855,0.01682905225863596,0.27812223206377323,0.7050487156775908,0.4815074727467626,0.9308695652173913,0.9308695652173913,8.902173913043478,0.01944200058592351,126.9039424112513,87.8140703517588,0.28818972817188454,0.878140703517588,0.34032227837669343,52.02086893443753,-74.88307347681376,6.699127374060005,50,50,23.904381275177002
467,,3.898804121879323,0.046973543637100275,0.2843228876590729,0.36,0.36,0.36,0.9437340153452686,0.970550576184379,0.014096916299559472,0.29779735682819386,0.6881057268722467,0.4762213708201132,0.9951807228915662,0.9951807228915662,10.518072289156626,0.014759453908321311,99.85913617012008,86.17157490396927,0.2814600467370147,0.8617157490396927,0.34089551851598165,47.77041500295212,-52.088721167167954,6.417258279570062,50,50,21.792176723480225
468,,-19.40024170303335,-0.20208585107326404,0.0704062221921049,0.2,0.2,0.2,0.8768472906403941,0.9606815203145478,0.015356820234869015,0.2953929539295393,0.6892502258355917,0.47783590176336777,0.9697916666666667,0.9697916666666667,9.239583333333334,0.2114682053463765,150.51720747447166,88.33551769331585,0.3391424068326969,0.8833551769331586,0.400870632955821,48.08897004216047,-102.4282374323112,6.352315269668793,50,50,25.945801734924316
469,,1.3121184228585374,0.014742903627624015,0.20426443219184875,0.38,0.38,0.38,0.9328914664457332,0.9744897959183674,0.015570934256055362,0.3062283737024221,0.6782006920415224,0.4821912994627119,0.9510112359550562,0.9510112359550562,10.415730337078651,0.0012509751064072945,112.51734672929493,85.58673469387756,0.2749760545217734,0.8558673469387755,0.3354873114701243,51.5782921879354,-60.939054541359525,6.800704348490925,50,50,23.011693954467773
470,,-21.597343228004473,-0.24266677784274687,0.06566859515649932,0.1,0.1,0.1,0.8300929839391378,0.9256661991584852,0.0125,0.3019230769230769,0.6855769230769231,0.4818509706489616,1.0835955056179776,1.0835955056179776,8.853932584269662,0.4140471628072663,110.50804231035721,86.95652173913044,0.36553239383013963,0.8695652173913043,0.43494402003657084,47.63528830521838,-62.87275400513884,5.8724175799044325,50,50,24.581400156021118
471,,4.154090845115955,0.04945346244185661,0.14890996677180132,0.38,0.38,0.38,0.9220452640402347,0.9590163934426229,0.026455026455026454,0.328042328042328,0.6455026455026455,0.47829685289146645,0.9923809523809524,0.9923809523809524,12.642857142857142,0.015956027089100523,98.5407841872374,86.33879781420765,0.31274018836071277,0.8633879781420765,0.40688973899615544,50.18753995495521,-48.353244232282194,6.265440711001728,50,50,22.66378664970398
472,,-3.6726430947258066,-0.04173458062188417,0.24505145847797394,0.32,0.32,0.32,0.9214226633581473,0.9613899613899614,0.017406440382941687,0.3063533507397737,0.6762402088772846,0.4804437941636636,1.0325,1.0325,10.454545454545455,0.010304431985686128,110.84470719228338,86.87258687258688,0.2889467559548543,0.8687258687258688,0.3470863657437331,51.39678599536455,-59.44792119691883,6.465461004047454,50,50,23.271496772766113
473,,-0.14220779075937418,-0.0018468544254464179,0.276298888027668,0.32,0.32,0.32,0.9088564058469476,0.964625850340136,0.017447199265381085,0.3076216712580349,0.6749311294765841,0.4834454612900781,1.0244155844155844,1.0244155844155844,12.896103896103897,2.048228848122248e-05,100.06070269731546,87.61904761904762,0.2951751744811426,0.8761904761904762,0.3478648492526326,48.930540329987984,-51.13016236732747,6.421601821324285,50,50,21.20342445373535
474,,-9.545367813585887,-0.10605964237317653,0.12550609037280083,0.22,0.22,0.22,0.9013968775677896,0.9548306148055207,0.018485915492957746,0.27992957746478875,0.7015845070422535,0.4812546213493786,1.0137777777777779,1.0137777777777779,9.722222222222221,0.07911944720340482,130.5623287843872,88.33124215809285,0.29156903972139303,0.8833124215809285,0.36533837318149076,50.33532718333754,-80.22700160104968,6.210615870005569,50,50,23.60732388496399
475,,-5.57136302812997,-0.06259958458573,0.23966188728809357,0.28,0.28,0.28,0.90089358245329,0.9550706033376123,0.016493055555555556,0.3072916666666667,0.6762152777777778,0.48541355594181657,1.0035955056179775,1.0035955056179775,10.382022471910112,0.0251084429171013,123.80260407643635,87.29139922978177,0.3197117929946127,0.8729139922978177,0.38081520091744797,48.83005928276019,-74.97254479367616,7.097836235348953,50,50,24.026840686798096
476,,-13.1460980352448,-0.1355267838685031,0.3159409761428833,0.24,0.24,0.24,0.875,0.9543010752688172,0.012444444444444444,0.32622222222222225,0.6613333333333333,0.4824146517047409,0.9356701030927835,0.9356701030927835,10.876288659793815,0.11262755722192092,134.13547788772973,85.61827956989248,0.3128472043328307,0.8561827956989247,0.3891306740437652,50.364137860317754,-83.77134002741198,6.289013987253577,50,50,26.261123418807983
477,,-15.019000055549506,-0.163250000603799,0.15149110928177834,0.26,0.26,0.26,0.8823529411764706,0.9464285714285714,0.0160075329566855,0.2984934086629002,0.6854990583804144,0.4893784475694006,0.9184782608695652,0.9184782608695652,9.065217391304348,0.13336195615635477,123.80919689930491,86.53846153846155,0.30636088950942786,0.8653846153846154,0.3693648606887699,47.62728989961683,-76.18190699968808,6.572177564819727,50,50,23.784897804260254
478,,-1.9978872393917455,-0.02103039199359732,0.016780320554971695,0.4,0.4,0.4,0.9205020920502092,0.9683944374209861,0.01592920353982301,0.28407079646017697,0.7,0.47629706609636346,0.9128421052631579,0.9128421052631579,9.4,0.0023768457677787306,128.64439569041207,87.61061946902655,0.3121293031325567,0.8761061946902655,0.3700328177330001,54.35367468412652,-74.29072100628554,6.715489138234049,50,50,25.21491575241089
479,,-7.657657289377755,-0.08701883283383813,0.11467855423688889,0.28,0.28,0.28,0.924061433447099,0.9584954604409858,0.007142857142857143,0.3044642857142857,0.6883928571428571,0.4790447937505616,0.9597727272727272,0.9597727272727272,9.784090909090908,0.042884535403962296,120.9205282301051,87.28923476005188,0.31044964527545577,0.8728923476005188,0.3717029709826982,48.48078541747539,-72.43974281262972,7.008209368771345,50,50,22.378551959991455
480,,-12.774378345643356,-0.1373589069424017,0.25369224697351456,0.2,0.2,0.2,0.8851791530944625,0.9543726235741445,0.023008849557522124,0.27876106194690264,0.6982300884955752,0.48232621160250716,1.0182795698924731,1.0182795698924731,8.408602150537634,0.12764467664782125,118.76820805981745,88.46641318124207,0.3283130977460325,0.8846641318124208,0.3813132268512336,50.06873647768673,-68.69947158213073,6.228900952051832,50,50,25.037562131881714
481,,-2.448043810830723,-0.028138434607249692,0.2528380751609802,0.3,0.3,0.3,0.9142381348875936,0.959349593495935,0.011494252873563218,0.3359858532272325,0.6525198938992043,0.4862270323145899,0.9864367816091955,0.9864367816091955,13.195402298850574,0.005042554891172098,109.36194440326835,88.48238482384824,0.31108921314027754,0.8848238482384824,0.36413388182452977,48.51004625366048,-60.85189814960788,6.243138016149913,50,50,23.11827850341797
482,,-17.6074699165215,-0.1873135097502287,0.17034180033951998,0.18,0.18,0.18,0.9019279128248114,0.9583333333333334,0.012589928057553957,0.3183453237410072,0.6690647482014388,0.4849103806827693,0.9134042553191489,0.9134042553191489,11.351063829787234,0.2226411252905658,117.68323589301991,86.55913978494624,0.3061018877683777,0.8655913978494624,0.36773788108842803,49.79403607096859,-67.88919982205132,6.352211840142807,50,50,24.940195322036743
483,,-4.536678496262101,-0.050973915688338214,0.2520289719104767,0.3,0.3,0.3,0.9053833605220228,0.9616858237547893,0.011353711790393014,0.30480349344978164,0.6838427947598253,0.4822325416126948,0.9476404494382022,0.9476404494382022,10.775280898876405,0.016058789798085286,118.24163251748553,86.33461047254151,0.2990327147191778,0.8633461047254151,0.36014046618767925,47.64011219653162,-70.60152032095391,6.795134557156898,50,50,23.410576105117798
484,,-2.4517514514900283,-0.028844134723412098,0.1267320029437542,0.3,0.3,0.3,0.910964550700742,0.9575596816976127,0.01576182136602452,0.3239929947460595,0.660245183887916,0.4829175848089542,0.9727058823529412,0.9727058823529412,12.75294117647059,0.005606635232940831,110.93089439613922,85.80901856763926,0.2987425502274714,0.8580901856763926,0.36787827822086855,48.50313230453215,-62.427762091607065,6.4702930918516985,50,50,22.799358129501343
485,,-7.334920189108053,-0.08430942746101211,0.01857224851846695,0.26,0.26,0.26,0.9039735099337748,0.9628205128205128,0.014184397163120567,0.29432624113475175,0.6914893617021277,0.4804684714783497,0.9852873563218391,0.9852873563218391,9.793103448275861,0.04643652971593799,100.5664522600132,87.82051282051282,0.3013146551062719,0.8782051282051282,0.3550482055007288,47.931900086893705,-52.634552173119495,6.85970174081066,50,50,23.341315984725952
486,,-14.719851368743651,-0.1731747219852194,0.16989804338663816,0.14,0.14,0.14,0.85785536159601,0.9365303244005642,0.01937269372693727,0.32656826568265684,0.6540590405904059,0.47996875623479374,1.1009411764705883,1.1009411764705883,10.952941176470588,0.241379237064498,104.59833383155717,87.87023977433005,0.36750982911737,0.8787023977433004,0.4302443221528345,50.020557174835204,-54.57777665672196,6.097695160603568,50,50,22.764842748641968
487,,5.719372963232071,0.06728674074390671,0.1171689408365637,0.48,0.48,0.48,0.9276910435497124,0.9737206085753803,0.012100259291270527,0.3630077787381158,0.6248919619706137,0.4808378437817754,0.8821176470588236,0.8821176470588236,16.094117647058823,0.02268410683233481,105.42004731998632,85.33886583679114,0.25134523667148334,0.8533886583679114,0.3222681315962475,50.8598083969155,-54.56023892307083,6.615284274244023,50,50,22.497185945510864
488,,-5.518387394346167,-0.05998247167767573,-0.1521817445755005,0.34,0.34,0.34,0.9244186046511628,0.9659239842726082,0.013077593722755012,0.3217088055797733,0.6652136006974717,0.47536187088845866,0.8873913043478261,0.8873913043478261,12.326086956521738,0.021059297392945212,124.26177046199298,84.92791612057667,0.2928165131555276,0.8492791612057667,0.35855388314084247,49.312949723306346,-74.94882073868663,6.396056064746086,50,50,23.50356125831604
489,,-4.524732537062101,-0.05027480596735667,0.23650004155933857,0.32,0.32,0.32,0.8975409836065574,0.9556786703601108,0.02026431718061674,0.3436123348017621,0.6361233480176212,0.48116124542678396,0.9682222222222222,0.9682222222222222,12.466666666666667,0.016660986895327974,115.79371934855286,86.28808864265928,0.3281342995323248,0.8628808864265928,0.393980548478476,47.738648365908674,-68.05507098264418,6.587102481649026,50,50,24.26582932472229
490,,3.8373151273257684,0.04410707042903182,0.09654764831066132,0.48,0.48,0.48,0.9273034657650042,0.9688385269121813,0.012422360248447204,0.3611357586512866,0.6264418811002662,0.4862399862508621,0.8514942528735632,0.8514942528735632,15.333333333333334,0.00995749809111423,120.73915952876261,87.53541076487252,0.2981139623970219,0.8753541076487252,0.350668272819791,46.756087381270476,-73.98307214749214,6.573217213536782,50,50,23.33027672767639
491,,-4.5431952713026105,-0.04992522276156715,0.11824296868871897,0.38,0.38,0.38,0.9294605809128631,0.9679218967921897,0.01652173913043478,0.36,0.6234782608695653,0.4752260236924381,0.8391208791208791,0.8391208791208791,14.428571428571429,0.013102939085200221,119.81970488734032,85.77405857740585,0.284819187305638,0.8577405857740585,0.3453656163703684,50.16045495337032,-69.65924993397,7.258149005543417,50,50,23.768879413604736
492,,9.714804962185362,0.11847323124616295,0.17477479577064514,0.52,0.52,0.52,0.9488870568837593,0.9771505376344086,0.0068143100511073255,0.3594548551959114,0.6337308347529813,0.4792299779813464,0.805609756097561,0.805609756097561,18.5609756097561,0.06427285266667346,126.09031032340036,86.02150537634408,0.23299650927108245,0.8602150537634409,0.28939944833582765,51.38898303761675,-74.7013272857836,7.261397190745237,50,50,21.644405364990234
493,,0.8377670501520176,0.009741477327349042,0.08163577659676473,0.4,0.4,0.4,0.928511354079058,0.9692737430167597,0.014146772767462422,0.35278514588859416,0.6330680813439434,0.4808916299089486,0.8697674418604651,0.8697674418604651,16.96511627906977,0.0005276559363522219,108.86719581639048,85.75418994413407,0.32993410667514794,0.8575418994413407,0.39992734611232694,49.91334804240408,-58.9538477739864,6.834000976780321,50,50,22.522141218185425
494,,4.311815984899975,0.05013739517325552,-0.049689460545778275,0.44,0.44,0.44,0.9494702526487367,0.9772079772079773,0.015993265993265993,0.3930976430976431,0.5909090909090909,0.47792403460436955,0.7934883720930233,0.7934883720930233,22.325581395348838,0.016545179051390843,103.36468131541561,87.46438746438746,0.2701788149384677,0.8746438746438746,0.3201520646574525,49.27599920061682,-54.088682114798786,7.195702461007885,50,50,23.353126764297485
495,,2.319856193358621,0.025492925201743087,0.18868214512864748,0.44,0.44,0.44,0.9188284518828452,0.9715832205683356,0.016873889875666074,0.3268206039076377,0.6563055062166963,0.4780109110038093,0.9140659340659341,0.9140659340659341,12.340659340659341,0.003713653011737473,108.56357584114276,87.68606224627875,0.30590390700553216,0.8768606224627875,0.3653688515535901,52.25585277022012,-56.30772307092264,6.829499774416983,50,50,23.415513038635254
496,,-8.416081778108728,-0.09786141602452009,0.16724459175020456,0.26,0.26,0.26,0.9037974683544304,0.9509116409537167,0.014388489208633094,0.3444244604316547,0.6411870503597122,0.4834326998406458,0.9062790697674419,0.9062790697674419,13.546511627906977,0.060227094050257474,102.11030486274964,88.49929873772791,0.2861255657079264,0.884992987377279,0.35729179236307035,47.66345543797979,-54.44684942476985,6.668007915664577,50,50,22.94810461997986
497,,-14.79809067877405,-0.1644232297641561,0.1345083173364401,0.18,0.18,0.18,0.8896156991005724,0.9449929478138223,0.02026431718061674,0.35506607929515416,0.6246696035242291,0.4762865039748657,0.9486666666666667,0.9486666666666667,14.555555555555555,0.20162689380201002,118.62983890624832,87.72919605077574,0.3258406584907994,0.8772919605077574,0.3831219043391389,49.283220296501774,-69.34661860974654,6.657494700429747,50,50,24.674254417419434
498,,-3.5377290858242207,-0.0416203421861673,0.143698321422562,0.32,0.32,0.32,0.9128559102674719,0.9607843137254902,0.02110091743119266,0.3706422018348624,0.6082568807339449,0.4850306122175911,0.9110588235294118,0.9110588235294118,17.24705882352941,0.011942747956083126,99.56187319187137,88.5369532428356,0.31347707026631355,0.8853695324283559,0.3697916485047247,47.08880774839544,-52.47306544347593,6.294655608941262,50,50,22.232897758483887
499,,-1.2569801512820904,-0.01337212926895841,0.24025302504499754,0.42,0.42,0.42,0.9135802469135802,0.9637096774193549,0.013973799126637555,0.33624454148471616,0.6497816593886463,0.4714107046954017,0.9080851063829787,0.9080851063829787,11.819148936170214,0.001022297325710627,117.88327276755146,84.13978494623656,0.32174301270788364,0.8413978494623656,0.40183990864988456,49.61462574843725,-68.26864701911421,6.598739486963739,50,50,24.1025333404541
500,,1.6493399226572034,0.017927607854969604,0.18052389534811178,0.4,0.4,0.4,0.954248366013072,0.9734177215189873,0.019230769230769232,0.3202341137123746,0.6605351170568562,0.4698273307093136,0.8834782608695653,0.8834782608695653,11.543478260869565,0.0019809673907231,115.93602181952718,88.35443037974684,0.3001746399375714,0.8835443037974684,0.3489390286881714,49.92556162749945,-66.01046019202774,7.315300829613129,50,50,24.17911696434021
501,,-1.5645741667506725,-0.017779251894894006,0.16819530725479126,0.3,0.3,0.3,0.9091646390916464,0.9620253164556962,0.018197573656845753,0.2972270363951473,0.6845753899480069,0.47845890505091204,1.011590909090909,1.011590909090909,9.965909090909092,0.0021598118279620637,102.91550060212313,87.34177215189874,0.3158422232733273,0.8734177215189873,0.3732123752718999,50.40325486971207,-52.51224573241105,6.3884914967837805,50,50,23.919318199157715
502,,0.34676173363276286,0.0038529081514751427,0.15997356548905373,0.38,0.38,0.38,0.9225061830173125,0.9655172413793104,0.0199479618386817,0.30095403295750217,0.6790980052038161,0.46731856100302605,0.9615555555555556,0.9615555555555556,9.722222222222221,8.308720422937984e-05,116.21449271076693,86.84546615581098,0.3118123771481224,0.8684546615581098,0.37281044258370716,49.567788410977926,-66.64670429978901,6.5556311626125465,50,50,24.3388671875
503,,-8.929578641290835,-0.09706063740533516,0.10781403467990458,0.26,0.26,0.26,0.9059117402164862,0.9546061415220294,0.019451812555260833,0.3183023872679045,0.6622458001768347,0.4683432975411162,1.0134782608695652,1.0134782608695652,10.48913043478261,0.05963740396075764,114.01410232001756,87.85046728971963,0.3105426323775616,0.8785046728971962,0.36477750844898144,49.391743538126875,-64.62235878189068,6.407915140045174,50,50,24.559277057647705
504,,-6.235484202813663,-0.07006162025633329,0.04134015669114888,0.3,0.3,0.3,0.8687290969899666,0.951948051948052,0.016589861751152075,0.27373271889400924,0.7096774193548387,0.4668262454080448,1.0217977528089888,1.0217977528089888,7.932584269662922,0.028726719068111136,112.75045557767808,85.71428571428571,0.30360566705892417,0.8571428571428571,0.37267508253470283,51.022727739395506,-61.727727838282576,6.532920700160377,50,50,23.324862003326416
505,,-6.4446529514530475,-0.07160725501614497,0.11772647220641375,0.32,0.32,0.32,0.922165820642978,0.9575033200531209,0.015985790408525755,0.31527531083481347,0.6687388987566607,0.4698984772094991,0.9346666666666666,0.9346666666666666,11.422222222222222,0.030054746069767223,104.26681540342756,86.98539176626826,0.28898250631362565,0.8698539176626826,0.35320673176680556,48.106691568949856,-56.16012383447771,6.324418211251581,50,50,23.473256587982178
506,,-10.946326933153616,-0.12299243745116423,0.16548553854227066,0.2,0.2,0.2,0.8798977853492334,0.948051948051948,0.016713091922005572,0.2683379758588672,0.7149489322191273,0.4610564105819618,1.0687640449438203,1.0687640449438203,7.595505617977528,0.09393126393837707,116.15469906302461,86.88311688311688,0.33393812364312825,0.8688311688311688,0.39805812392997186,48.90509346069605,-67.24960560232856,6.094739167437395,50,50,23.95294451713562
507,,-8.145884684902002,-0.09583393746943532,0.11241877917200327,0.26,0.26,0.26,0.9110922946655376,0.9611041405269761,0.01521933751119069,0.2712623097582811,0.7135183527305282,0.4602459753022036,1.028470588235294,1.028470588235294,8.658823529411764,0.05123058763777268,117.41807886583273,85.94730238393977,0.29422668343632435,0.8594730238393977,0.35409174544838534,50.55378189656227,-66.86429696927046,6.422769940697989,50,50,22.727598667144775
508,,-13.161319104377071,-0.14956044436792126,-0.10228092223405838,0.2,0.2,0.2,0.8720538720538721,0.9531459170013387,0.01845018450184502,0.2924354243542435,0.6891143911439115,0.4590628961599644,0.9647727272727272,0.9647727272727272,9.295454545454545,0.13718207868853127,150.10194416328096,88.88888888888889,0.3037703385842294,0.8888888888888888,0.3759227981184912,49.7520897740371,-100.34985438924386,6.39893396908092,50,50,23.745149612426758
509,,-18.849013635787248,-0.20267756597620698,0.036845121532678604,0.16,0.16,0.16,0.8766778523489933,0.9494163424124513,0.014558689717925387,0.28389444949954507,0.7015468607825296,0.45857784720988926,1.0356989247311827,1.0356989247311827,8.129032258064516,0.24188176907274037,139.22897007196437,84.43579766536965,0.32555631740504853,0.8443579766536965,0.4024248629018543,47.817600356994085,-91.41136971497029,6.429115205336212,50,50,24.43501925468445
510,,-26.299952217298852,-0.27395783559686304,0.10611342421422403,0.06,0.06,0.06,0.8445171849427169,0.9391534391534392,0.012867647058823529,0.2922794117647059,0.6948529411764706,0.4539598795847269,1.0477083333333332,1.0477083333333332,7.666666666666667,0.5163088833780006,124.71219786639334,85.05291005291006,0.3267833104057923,0.8505291005291006,0.40376559570542536,49.210372317430554,-75.50182554896278,5.615506944306101,50,50,26.2908935546875
511,,4.818989029381373,0.05806010878772739,0.1358246635645628,0.34,0.34,0.34,0.9364161849710982,0.9653465346534653,0.018025751072961373,0.28841201716738196,0.6935622317596567,0.4606524138134085,1.0113253012048193,1.0113253012048193,10.686746987951807,0.02182610346202037,92.94836043324467,86.01485148514851,0.27209288547864535,0.8601485148514851,0.3281329347538783,48.6359837548523,-44.312376678392376,6.9259237915940215,50,50,21.93950319290161
512,,0.061654421034076534,0.000692746303753669,0.01157908933237195,0.4,0.4,0.4,0.9388609715242882,0.9651741293532339,0.019097222222222224,0.2829861111111111,0.6979166666666666,0.45441062128888127,0.9350561797752809,0.9350561797752809,8.269662921348315,2.313259059858471e-06,126.00735600615488,86.81592039800995,0.25536731473243385,0.8681592039800995,0.3154606540082401,48.99711886432925,-77.01023714182563,6.660542696197183,50,50,22.54870080947876
513,,-3.053423590577629,-0.03469799534747306,0.2197200208902359,0.28,0.28,0.28,0.9157119476268413,0.9656862745098039,0.013900955690703735,0.27715030408340574,0.7089487402258905,0.45074243496225047,1.0552272727272727,1.0552272727272727,9.238636363636363,0.008414582997050297,99.75188831921736,85.66176470588235,0.28856022892808614,0.8566176470588235,0.3499753567475116,52.01036162866142,-47.741526690555936,6.536174002453972,50,50,24.275846004486084
514,,-3.5392624007427744,-0.04068117702003189,0.26706744730472565,0.34,0.34,0.34,0.8890714872637634,0.9655172413793104,0.011669658886894075,0.28545780969479356,0.7028725314183124,0.4463771625212394,1.0250574712643679,1.0250574712643679,10.459770114942529,0.008754155077321944,123.81315494731766,88.63346104725414,0.33069745868612893,0.8863346104725415,0.3848262854820987,51.19434972936528,-72.61880521795239,6.4200668121016005,50,50,23.603609323501587
515,,-18.69954866837654,-0.2054895458063356,0.08366024121642113,0.14,0.14,0.14,0.8759367194004996,0.9521276595744681,0.011882998171846435,0.3007312614259598,0.6873857404021938,0.4537082233565225,1.0393406593406593,1.0393406593406593,10.252747252747254,0.26760498260917515,128.1129677788634,85.23936170212765,0.3203998568253051,0.8523936170212766,0.39122467268385713,46.283356128126215,-81.82961165073719,6.1807907381864355,50,50,24.27397894859314
516,,-2.7152475838811605,-0.032324375998585245,0.05901236552745104,0.28,0.28,0.28,0.8992443324937027,0.9566326530612245,0.013501350135013501,0.2808280828082808,0.7056705670567057,0.44723509304319686,1.1047619047619048,1.1047619047619048,9.595238095238095,0.007458234034306479,97.3390134119642,86.98979591836735,0.31432994246322,0.8698979591836735,0.37397467098117615,49.16255552796819,-48.17645788399602,6.235214789731372,50,50,22.034271955490112
517,,-8.727008365777424,-0.09696675961974915,0.06837096065282822,0.22,0.22,0.22,0.8940285954583683,0.9493506493506494,0.014453477868112014,0.2899728997289973,0.6955736224028907,0.44910130269101095,1.0791111111111111,1.0791111111111111,9.2,0.06993586669747452,107.43948912531843,87.27272727272727,0.3126841426212396,0.8727272727272727,0.3758635650663123,50.546325051538346,-56.89316407378008,5.895921851085982,50,50,23.700500011444092
518,,-4.297240284993039,-0.04774711427770044,0.21093100806077322,0.28,0.28,0.28,0.8951342281879194,0.9547803617571059,0.017148014440433214,0.2842960288808664,0.6985559566787004,0.44852553658508176,0.9855555555555555,0.9855555555555555,10.133333333333333,0.016412586098357704,108.08965397238401,86.56330749354005,0.3241120867734134,0.8656330749354005,0.39044476146144,46.90845952203263,-61.181194450351384,6.495181067850767,50,50,23.74344515800476
519,,-13.866145059147367,-0.15406827843497076,0.11987647786736488,0.22,0.22,0.22,0.9081125827814569,0.9570164348925411,0.02640845070422535,0.2772887323943662,0.6963028169014085,0.43941619073351224,0.9935555555555555,0.9935555555555555,8.811111111111112,0.13257398062699463,110.60713496451154,85.71428571428571,0.26851040879175536,0.8571428571428571,0.3714610148484764,51.328757005867615,-59.27837795864394,6.592897718618793,50,50,24.08950114250183
520,,-0.9570858210315475,-0.011815874333722809,0.09045133739709854,0.3,0.3,0.3,0.9090150250417363,0.9693877551020408,0.01694915254237288,0.2836752899197145,0.6993755575379126,0.4481146347115138,1.0469135802469136,1.0469135802469136,10.382716049382717,0.0008192807427270071,100.17674851613812,87.62755102040816,0.2839264831885549,0.8762755102040817,0.33684687749154657,51.03654857030439,-49.14019994583373,6.311778703806019,50,50,21.93822145462036
521,,-7.593294485369666,-0.08436993872632961,0.23738166689872742,0.28,0.28,0.28,0.902317880794702,0.9578231292517007,0.020390070921985817,0.3280141843971631,0.651595744680851,0.44644523600468206,0.9502222222222222,0.9502222222222222,10.988888888888889,0.04501245334909388,131.30405736296666,88.57142857142857,0.3108383848617208,0.8857142857142857,0.3680848675571861,50.19835806555143,-81.10569929741524,6.335315571876194,50,50,24.690061569213867
522,,-10.50639841001759,-0.11545492758261089,0.18718552142381667,0.24,0.24,0.24,0.8914529914529915,0.9529860228716646,0.015639374425023,0.26034958601655933,0.7240110395584176,0.4451909420858547,0.9593406593406594,0.9593406593406594,7.527472527472527,0.09047384700818961,100.384095132454,87.03939008894537,0.2951075895862679,0.8703939008894537,0.3579751181902788,49.45484819037006,-50.929246942083935,6.414148417964353,50,50,24.072659492492676
523,,-4.738559545367708,-0.05384726756099668,0.1714683473110199,0.3,0.3,0.3,0.9144518272425249,0.9571788413098237,0.012302284710017574,0.28998242530755713,0.6977152899824253,0.44496590421958404,0.9613636363636363,0.9613636363636363,10.079545454545455,0.017524881079930166,112.92807424947762,87.27959697732997,0.2966882592830604,0.8727959697732998,0.35326575674420363,49.49973933305111,-63.42833491642651,6.358927650509877,50,50,23.058865785598755
524,,-7.304267796931033,-0.08395710111414979,0.12893645465373993,0.3,0.3,0.3,0.8853288364249579,0.9465541490857946,0.011019283746556474,0.33608815426997246,0.6528925619834711,0.44252199620051286,0.9954022988505747,0.9954022988505747,11.459770114942529,0.04120067131529933,103.88810843167411,87.9043600562588,0.34875625637018565,0.8790436005625879,0.40595830237244596,48.60291501220291,-55.2851934194712,6.177811285217914,50,50,23.038076877593994
525,,-11.04303839704993,-0.13467119996402355,0.1818210482597351,0.12,0.12,0.12,0.8572664359861591,0.9518248175182482,0.02032913843175218,0.3165537270087125,0.6631171345595354,0.4392579558216285,1.0146341463414634,1.0146341463414634,11.853658536585366,0.15363110407375624,102.32850775015808,87.73722627737226,0.3276832559629275,0.8773722627737226,0.3874922074788484,45.36319667393385,-56.965311076224225,6.400223932163938,50,50,22.05569100379944
526,,1.9857237368878817,0.023089810894045135,0.32012924551963806,0.44,0.44,0.44,0.9333333333333333,0.9735799207397622,0.015165031222123104,0.3095450490633363,0.6752899197145406,0.43767276787645115,0.8644186046511628,0.8644186046511628,12.406976744186046,0.0024837342687121103,114.485121721387,87.45046235138706,0.277782264068972,0.8745046235138706,0.3291558735751405,50.190564849354885,-64.29455687203212,6.810046070192847,50,50,22.5406551361084
527,,-21.147753444256065,-0.2249761004708092,0.09833517763763666,0.14,0.14,0.14,0.8660049627791563,0.9421813403416557,0.01276207839562443,0.2935278030993619,0.6937101185050136,0.4427220830264838,0.9946808510638298,0.9946808510638298,8.904255319148936,0.3023104125141404,131.98357337133723,86.72798948751642,0.3211659064767058,0.8672798948751642,0.3916456715425351,48.70280184738879,-83.28077152394843,5.967865154402526,50,50,24.676465034484863
528,,-2.14016178942611,-0.024046761678945053,0.2131500244140625,0.36,0.36,0.36,0.9156928213689483,0.9619422572178478,0.013250883392226149,0.3136042402826855,0.6731448763250883,0.4425963820027596,0.9404494382022472,0.9404494382022472,10.303370786516854,0.003129372646876469,131.19545938797785,87.53280839895014,0.30604197586126425,0.8753280839895013,0.35924468784136054,52.140876882548284,-79.05458250542955,6.664677841661419,50,50,23.59288477897644
529,,-8.863253256199407,-0.10071878700226598,0.05453487392514944,0.24,0.24,0.24,0.9059117402164862,0.9555555555555556,0.01152482269503546,0.3102836879432624,0.6781914893617021,0.4451379428208086,0.9820454545454546,0.9820454545454546,11.011363636363637,0.06190864694897589,113.04441441502246,87.7124183006536,0.31179212373010623,0.8771241830065359,0.3678024110684655,51.32194025165444,-61.72247416336801,6.8339681950176585,50,50,23.120901107788086
530,,-22.539308562819347,-0.2372558796086247,0.09245689958333969,0.16,0.16,0.16,0.8886097152428811,0.9578947368421052,0.005449591280653951,0.3042688465031789,0.6902815622161671,0.44433258932201486,0.9256842105263158,0.9256842105263158,9.852631578947369,0.3041245253501695,139.85174409662466,85.65789473684211,0.3028192109115188,0.8565789473684211,0.3691526074245871,48.12279939663706,-91.72894469998758,6.227172112302883,50,50,24.612972497940063
531,,1.4397956926661557,0.015821930688639074,0.17026873039347784,0.42,0.42,0.42,0.9336691855583543,0.9763157894736842,0.023767605633802816,0.30721830985915494,0.6690140845070423,0.446596083422652,0.9083516483516484,0.9083516483516484,10.472527472527473,0.0012907688819802714,118.67478742676586,86.8421052631579,0.28867947241310804,0.868421052631579,0.3474627123090002,50.03787162629759,-68.63691580046827,7.151340822396782,50,50,23.010939121246338
532,,2.8879047356940557,0.03397534983169477,0.12767718359827995,0.44,0.44,0.44,0.9202037351443124,0.9622395833333334,0.017040358744394617,0.29417040358744395,0.6887892376681615,0.4339898676182527,0.9767058823529412,0.9767058823529412,10.588235294117647,0.005240808806202799,151.76420765132448,85.80729166666666,0.2932219057192171,0.8580729166666666,0.35540910452208785,51.54656918973345,-100.21763846159104,6.573545881033145,50,50,22.44294548034668
533,,-4.406483417828342,-0.047381542127186475,0.13204075396060944,0.34,0.34,0.34,0.9441707717569786,0.9723618090452262,0.014480408858603067,0.3074957410562181,0.6780238500851788,0.4419347145193086,0.8729032258064516,0.8729032258064516,9.763440860215054,0.01260256319580076,128.94185933254013,87.31155778894473,0.2692742267523786,0.8731155778894473,0.31981428576607585,50.93596365660204,-78.00589567593809,6.472091558643134,50,50,24.573512077331543
534,,-13.187795853844326,-0.15158386038901525,-0.008563278708606958,0.16,0.16,0.16,0.8691275167785235,0.9489932885906041,0.019337016574585635,0.2946593001841621,0.6860036832412523,0.4383119854089087,1.0491954022988506,1.0491954022988506,9.03448275862069,0.17037505741875256,109.39774581144624,87.78523489932886,0.33030435437558037,0.8778523489932886,0.3868593222999499,49.51193322867604,-59.8858125827702,6.289677934300035,50,50,23.551154136657715
535,,-18.261754268056368,-0.20751993486427692,-0.060850825160741806,0.1,0.1,0.1,0.8395989974937343,0.9370816599732262,0.016933207902163686,0.28033866415804326,0.702728127939793,0.44290276153843894,1.146590909090909,1.146590909090909,7.8977272727272725,0.33914316824260743,120.65290706817638,86.88085676037484,0.3589441462668233,0.8688085676037484,0.4291813907744617,48.569834281631316,-72.08307278654506,6.0088632432513585,50,50,24.01134967803955
536,,1.2886158433843933,0.014643361856640833,0.2970893383026123,0.36,0.36,0.36,0.9124087591240876,0.9680306905370843,0.015544041450777202,0.30915371329879104,0.6753022452504318,0.44535579491478117,0.9797727272727272,0.9797727272727272,10.25,0.00131485494623493,100.3681853144867,86.31713554987212,0.30998714086598733,0.8631713554987213,0.3775805739731554,50.12144040602346,-50.246744908463235,6.169358397956723,50,50,23.845670223236084
537,,-9.28925541406473,-0.10097016754418185,0.1597136992495507,0.26,0.26,0.26,0.8933002481389578,0.951948051948052,0.010704727921498661,0.3024085637823372,0.6868867082961642,0.44139686553149343,0.9223913043478261,0.9223913043478261,10.445652173913043,0.06680302028434949,119.33421604908916,88.05194805194805,0.31757587454305763,0.8805194805194805,0.37030820144241605,50.41627792208229,-68.91793812700688,6.420643031108018,50,50,24.05964708328247
538,,0.976369615861955,0.010729336438043462,0.1648323256522417,0.38,0.38,0.38,0.9086499595796281,0.9649122807017544,0.012953367875647668,0.2979274611398964,0.689119170984456,0.44025746875585847,1.0259340659340659,1.0259340659340659,9.978021978021978,0.0006680970561000652,115.84939819364666,86.8421052631579,0.32496394295531655,0.868421052631579,0.3893746889123297,51.68158308873549,-64.16781510491117,6.271419674029518,50,50,24.74077081680298
539,,-5.91683087681068,-0.06800955030816874,0.02895990014076233,0.26,0.26,0.26,0.9202037351443124,0.9596977329974811,0.019642857142857142,0.2714285714285714,0.7089285714285715,0.439917832024358,0.9606896551724138,0.9606896551724138,10.218390804597702,0.02951950061985693,119.05947871339569,88.16120906801007,0.32612964214005713,0.8816120906801007,0.37756255499231517,51.56518269600946,-67.49429601738623,6.761027743071191,50,50,22.746262311935425
540,,-13.269421706667208,-0.13967812322807588,0.12564994841814042,0.24,0.24,0.24,0.9002452984464432,0.9503267973856209,0.014873140857392825,0.31583552055993,0.6692913385826772,0.4349427791947107,0.9551578947368421,0.9551578947368421,10.6,0.11185276604148917,147.6129353827307,87.84313725490196,0.33356840679288224,0.8784313725490196,0.4114087457843829,49.09579629991085,-98.51713908281985,6.510260284058449,50,50,25.226128578186035
541,,-17.990703852734946,-0.20443981650835166,0.007798577658832073,0.16,0.16,0.16,0.8910472972972973,0.9386666666666666,0.02072072072072072,0.3036036036036036,0.6756756756756757,0.42881238474886313,0.98,0.98,10.886363636363637,0.23422035246865167,122.41905552764104,85.6,0.306029779922212,0.856,0.37299788991870114,48.861380330105604,-73.55767519753543,6.318139819465775,50,50,23.197696208953857
542,,-11.011639460511404,-0.12100702703858686,0.25463995337486267,0.2,0.2,0.2,0.8807565789473685,0.9546061415220294,0.011690647482014389,0.3147482014388489,0.6735611510791367,0.43564300759311686,1.0107692307692309,1.0107692307692309,10.362637362637363,0.12262677293220926,105.31429188171182,88.38451268357811,0.33260419334361835,0.8838451268357811,0.38839449628545175,50.228395425447545,-55.08589645626427,6.243417993581025,50,50,24.8836407661438
543,,-16.129352375339337,-0.17158885505680146,0.09034054353833199,0.14,0.14,0.14,0.8545751633986928,0.9498607242339833,0.025570776255707764,0.3187214611872146,0.6557077625570776,0.4326794787841735,0.975531914893617,0.975531914893617,9.329787234042554,0.20060856441393743,118.88356664981418,86.2116991643454,0.31060212711179785,0.862116991643454,0.3820097378035964,49.632060745875904,-69.25150590393828,6.051282461542331,50,50,25.945019721984863
544,,1.7723409591462642,0.021880752582052646,0.16609478493531546,0.38,0.38,0.38,0.9146238377007607,0.9619921363040629,0.023255813953488372,0.29427549194991054,0.682468694096601,0.4318855400891676,1.0701234567901234,1.0701234567901234,10.839506172839506,0.0025636618626319143,105.02876637386413,86.23853211009175,0.31339009331132295,0.8623853211009175,0.3789397744067126,48.31454389701891,-56.714222476845215,6.095093078287518,50,50,21.289459943771362
545,,-1.614825292773207,-0.018561210261761,0.10169252629081409,0.3,0.3,0.3,0.9040322580645161,0.9666238767650834,0.020761245674740483,0.305363321799308,0.6738754325259516,0.43003177721213937,1.069425287356322,1.069425287356322,10.60919540229885,0.0024300140708685023,97.16522235415403,88.18998716302953,0.3143794812167454,0.8818998716302953,0.3758160350979084,51.798604844916184,-45.36661750923784,7.01868316618106,50,50,23.58970355987549
546,,-8.544483463698954,-0.10052333486704652,0.10556704302628835,0.26,0.26,0.26,0.9067226890756303,0.958005249343832,0.013452914798206279,0.3031390134529148,0.683408071748879,0.43371757771370606,0.9498823529411765,0.9498823529411765,10.176470588235293,0.058215952092220885,128.9610747781783,85.56430446194226,0.2913606086949027,0.8556430446194225,0.3539737000155381,49.787581761807154,-79.17349301637114,5.990260208880369,50,50,22.89174222946167
547,,-14.435676448313563,-0.1552223274012211,0.13570613414049149,0.26,0.26,0.26,0.8861180382377389,0.9569074778200254,0.020739404869251576,0.2678088367899008,0.7114517583408476,0.4282646763016925,0.9978494623655914,0.9978494623655914,7.903225806451613,0.10948223834223039,151.05010876673165,86.94550063371355,0.31359986644157706,0.8694550063371356,0.3746318418679465,53.14015096692701,-97.90995779980464,6.145654329028908,50,50,24.937876224517822
548,,-5.091447836855409,-0.05852238892937251,0.2517983950674534,0.26,0.26,0.26,0.924433249370277,0.9668367346938775,0.013192612137203167,0.297273526824978,0.6895338610378188,0.42114996004183297,1.0064367816091955,1.0064367816091955,9.919540229885058,0.02268154871114056,108.67760387643816,85.33163265306123,0.30236206832563406,0.8533163265306123,0.36598566687995804,50.4625403294729,-58.21506354696526,6.378065736561493,50,50,22.5810546875
549,,-2.184380897759534,-0.026004534497137306,-0.0011555422097444534,0.3,0.3,0.3,0.8891645988420182,0.9569190600522193,0.022461814914645103,0.2893081761006289,0.688230008984726,0.42876249809195066,1.071904761904762,1.071904761904762,9.130952380952381,0.004318154491518282,99.85672430562904,87.46736292428199,0.3187577992740978,0.8746736292428199,0.38121617224214227,50.01292508096355,-49.843799224665496,6.449861032222623,50,50,22.964800357818604
550,,9.825032998354894,0.11837389154644451,0.16062727570533752,0.46,0.46,0.46,0.9448559670781893,0.97125,0.019591141396933562,0.2989778534923339,0.6814310051107325,0.4294821821391044,0.9906024096385542,0.9906024096385542,11.481927710843374,0.08076759628799593,97.04256738087747,86.375,0.2864510396985244,0.86375,0.34768869800551716,50.17763576270217,-46.86493161817531,6.995123738731319,50,50,21.361422300338745
551,,-1.8312944506071678,-0.021544640595378445,0.15756254084408283,0.34,0.34,0.34,0.9087102177554439,0.9610738255033557,0.02142857142857143,0.31339285714285714,0.6651785714285714,0.42066570920486224,0.9672941176470589,0.9672941176470589,11.964705882352941,0.002774560080194512,104.60460472607676,89.12751677852349,0.34462461722231225,0.8912751677852349,0.39998897788436144,49.23198889880879,-55.37261582726797,6.931945792145102,50,50,23.276843786239624
552,,3.6045500730713957,0.04005055636745995,-0.046605393290519714,0.42,0.42,0.42,0.9313482216708023,0.9698492462311558,0.017271157167530225,0.29533678756476683,0.687392055267703,0.4221097101683004,0.9426666666666667,0.9426666666666667,10.066666666666666,0.009435101635459284,109.43121707838313,87.8140703517588,0.3034841766722028,0.878140703517588,0.3588629530288117,50.981314211662266,-58.449902866720855,6.574674194112528,50,50,23.393195390701294
553,,-13.160217561703238,-0.1495479268375368,0.17275284603238106,0.24,0.24,0.24,0.9087809036658141,0.9505851755526658,0.019855595667870037,0.286101083032491,0.694043321299639,0.4214696949579626,0.9818181818181818,0.9818181818181818,9.454545454545455,0.11748172170459427,116.60863770538423,86.21586475942783,0.28951093792596777,0.8621586475942783,0.35213178550215235,51.34970333531325,-65.25893437007097,6.2738783234039515,50,50,22.445664882659912
554,,-10.922675208548423,-0.12002939789613652,0.10369596319893996,0.26,0.26,0.26,0.8684429641965029,0.9577080491132333,0.020239190432382703,0.30542778288868444,0.6743330266789328,0.4286606493391414,0.9703296703296703,0.9703296703296703,9.615384615384615,0.07896541632527561,132.40789207704174,88.13096862210095,0.34394158787351586,0.8813096862210096,0.4043506369949496,51.21858964051768,-81.18930243652406,6.551725379189741,50,50,24.579970121383667
555,,-6.661561563519462,-0.07837131251199367,0.047016729393766984,0.26,0.26,0.26,0.8743676222596964,0.9632248939179632,0.01858736059479554,0.3243494423791822,0.6570631970260223,0.4240928944134537,0.9741176470588235,0.9741176470588235,11.258823529411766,0.037868379802178866,117.11655377207946,89.10891089108911,0.30426678764999276,0.8910891089108911,0.3534651098334543,51.22554874386542,-65.89100502821404,6.26071774137981,50,50,23.249736070632935
556,,-0.19517540536861483,-0.002243395464007067,0.19504088163375854,0.36,0.36,0.36,0.9120331950207469,0.9658792650918635,0.01235657546337158,0.31509267431597526,0.6725507502206531,0.42917141979474616,0.8931034482758621,0.8931034482758621,11.885057471264368,2.9960699728964367e-05,133.92857078339782,85.56430446194226,0.2692883637360698,0.8556430446194225,0.3261210944763341,49.90796202514703,-84.02060875825079,7.19870259557069,50,50,22.71462321281433
557,,-6.320200651211935,-0.07264598449668891,0.04723641276359558,0.22,0.22,0.22,0.9011437908496732,0.9634941329856584,0.021071115013169446,0.305531167690957,0.6733977172958736,0.4292639338016515,1.058390804597701,1.058390804597701,10.551724137931034,0.0422550080331061,95.51644449670763,87.61408083441981,0.3081800603271977,0.8761408083441982,0.3631002238441314,49.69378931326768,-45.82265518343995,6.066741062175604,50,50,23.567961931228638
558,,-0.36428010320011217,-0.00409303486741699,0.13609240651130677,0.34,0.34,0.34,0.9211175020542317,0.9707446808510638,0.015665796344647518,0.329852045256745,0.6544821583986075,0.43164957552415767,0.9595505617977528,0.9595505617977528,11.606741573033707,0.00010320656464889859,105.26731181819653,87.2340425531915,0.3013626773982253,0.8723404255319149,0.3563504520810293,49.77953205920198,-55.487779758994556,6.633940205536884,50,50,23.378154277801514
559,,-8.24221505460673,-0.09260915791692954,0.19599813967943192,0.2,0.2,0.2,0.8737785016286646,0.9501312335958005,0.019695613249776187,0.2981199641897941,0.6821844225604298,0.42121510450785793,1.0889887640449438,1.0889887640449438,9.651685393258427,0.06633405252316402,113.45817884210993,87.66404199475065,0.3382784502220818,0.8766404199475065,0.3978366281724365,51.330786059237255,-62.12739278287268,6.2382195505501175,50,50,24.93497085571289
560,,-15.242360341058811,-0.16567782979411752,0.15092971548438072,0.22,0.22,0.22,0.8770627062706271,0.9432918395573997,0.018034265103697024,0.33002705139765554,0.6519386834986475,0.41343724781057656,1.0434782608695652,1.0434782608695652,10.08695652173913,0.1484091507287817,127.67649934774764,87.69017980636238,0.33406450990698494,0.8769017980636238,0.3939862415587783,49.63366894917554,-78.0428303985721,5.747288461951889,50,50,24.518709182739258
561,,-15.894229592680666,-0.16556489159042362,0.07248806394636631,0.24,0.24,0.24,0.8915254237288136,0.9434482758620689,0.016423357664233577,0.3220802919708029,0.6614963503649635,0.4131421569233498,0.894375,0.894375,10.239583333333334,0.15582813332936835,117.05391595101774,85.6551724137931,0.31195158924437705,0.856551724137931,0.3817795849464676,51.69693137124395,-65.3569845797738,6.3603275815909175,50,50,24.72721838951111
562,,-12.717674033370791,-0.13823558731924773,0.06571948927428041,0.28,0.28,0.28,0.8942547876769359,0.9551820728291317,0.01618705035971223,0.34172661870503596,0.6420863309352518,0.40965062193116986,0.8545652173913043,0.8545652173913043,12.173913043478262,0.09035957754705196,137.12110417846844,86.69467787114846,0.2893299939073954,0.8669467787114846,0.3495581019491861,51.248855413084996,-85.87224876538346,6.5911920708770335,50,50,24.246838331222534
563,,2.4813649482605893,0.028197328957506696,0.1360895587131381,0.38,0.38,0.38,0.9184692179700499,0.9671484888304862,0.019400352733686066,0.30952380952380953,0.6710758377425045,0.4010913738289806,0.8736363636363637,0.8736363636363637,11.102272727272727,0.004336319160837429,112.34710595930902,85.9395532194481,0.27316014914126646,0.859395532194481,0.33024071095868857,52.37409990485027,-59.97300605445875,6.961900874805324,50,50,23.253053903579712
564,,-4.59989846621378,-0.05287239616337678,0.2129418198019266,0.28,0.28,0.28,0.9009235936188077,0.9676511954992968,0.020833333333333332,0.3351449275362319,0.6440217391304348,0.40172328661448836,0.9257471264367816,0.9257471264367816,12.229885057471265,0.019167650097370145,109.10224325615383,88.0450070323488,0.3084144996948,0.8804500703234881,0.3630804739367054,51.088608564201586,-58.013634691952234,6.266380030465578,50,50,23.435091972351074
565,,-2.2899363695379327,-0.02602200419929469,0.15659768879413605,0.36,0.36,0.36,0.9184188393608074,0.968,0.020462633451957295,0.3122775800711744,0.6672597864768683,0.40639646842557176,0.8745454545454545,0.8745454545454545,10.818181818181818,0.0034611263863411714,130.97437616681754,84.93333333333334,0.26695485976008465,0.8493333333333334,0.32718690397038713,52.18371297169669,-78.79066319512086,6.840797271765775,50,50,23.906063556671143
566,,6.000135816175864,0.07058983313148075,0.07322064942369859,0.44,0.44,0.44,0.923469387755102,0.9667590027700831,0.021524663677130046,0.3309417040358744,0.6475336322869956,0.39944940576302435,0.976,0.976,11.447058823529412,0.027532608797690133,109.93948872310031,86.70360110803324,0.3243438928996034,0.8670360110803325,0.3891818883296855,48.64474407393107,-61.294744649169246,6.561412856856735,50,50,22.323699474334717
567,,-5.8772902124878925,-0.06834058386613828,0.10738040283322334,0.3,0.3,0.3,0.9072512647554806,0.9559834938101788,0.01611459265890779,0.333034914950761,0.6508504923903312,0.40492210720752386,0.9262790697674419,0.9262790697674419,12.581395348837209,0.026813749682170398,130.57013712806116,86.51994497936725,0.29107337844389736,0.8651994497936726,0.3486077055542028,50.487900667486926,-80.08223646057422,6.435539749218284,50,50,22.976789712905884
568,,-15.829003854616763,-0.17394509730348093,0.12004404328763485,0.22,0.22,0.22,0.8794449262792715,0.9487179487179487,0.01606805293005671,0.32041587901701324,0.6635160680529301,0.3969888020640208,0.8852747252747253,0.8852747252747253,10.032967032967033,0.17133573187044762,126.97557379905024,85.04273504273505,0.2870687209292958,0.8504273504273504,0.36621090652524346,49.36366193432959,-77.61191186472064,6.457800459790044,50,50,23.299193143844604
569,,-21.02906315300938,-0.23365625725565975,0.0910732460518678,0.08,0.08,0.08,0.8875739644970414,0.9536516853932584,0.015610651974288337,0.3305785123966942,0.6538108356290174,0.4020983555281871,0.9471111111111111,0.9471111111111111,9.977777777777778,0.4528029428569534,111.09674387910718,88.20224719101124,0.3381613170085594,0.8820224719101124,0.3959155176287348,49.92484572096431,-61.17189815814286,6.049137882374786,50,50,24.02833318710327
570,,1.6642259919886273,0.01828819771416074,0.23948171734809875,0.4,0.4,0.4,0.9215844785772029,0.9737876802096985,0.022336769759450172,0.32216494845360827,0.6554982817869416,0.3889124181799483,0.8887912087912088,0.8887912087912088,12.703296703296703,0.0019628317392343777,116.3003128200251,86.63171690694627,0.2916890438221948,0.8663171690694627,0.3489481571676744,52.4032242972209,-63.8970885228042,6.791292990887175,50,50,24.131101369857788
571,,-14.764937595546707,-0.1570738042079437,0.0367678627371788,0.24,0.24,0.24,0.8974576271186441,0.9611650485436893,0.023787740164684355,0.31655992680695333,0.6596523330283623,0.38470500867781626,0.9117021276595745,0.9117021276595745,11.553191489361701,0.13727387790879203,144.06704979248366,86.40776699029125,0.3209322822067758,0.8640776699029126,0.38519265407832254,49.459963329805134,-94.60708646267851,6.70223044864399,50,50,24.923712253570557
572,,4.591716367189417,0.05277834904815421,0.16268869737784067,0.38,0.38,0.38,0.9396479463537301,0.967479674796748,0.017406440382941687,0.34029590948651,0.6422976501305483,0.3823489291858545,0.9018390804597701,0.9018390804597701,13.494252873563218,0.01664094476867005,116.5487360372477,87.53387533875339,0.3075220238532259,0.8753387533875339,0.36304947432074064,51.225741331279906,-65.3229947059678,6.9965236527323516,50,50,22.771705389022827
573,,3.80657100980497,0.04375368976787322,0.14497965201735497,0.38,0.38,0.38,0.9359400998336106,0.9748344370860927,0.021795989537925022,0.3199651264167393,0.6582388840453357,0.3779434045978913,0.9222988505747126,0.9222988505747126,12.977011494252874,0.011593472535531535,98.19567116885136,89.40397350993378,0.2987937039885034,0.8940397350993378,0.3442056442620864,49.67316227285393,-48.52250889599743,7.080255479202316,50,50,22.92313551902771
574,,5.117494918506786,0.05950575486635798,0.20022748410701752,0.46,0.46,0.46,0.9298986486486487,0.9720372836218375,0.023936170212765957,0.3102836879432624,0.6657801418439716,0.38056787407975967,0.9413953488372093,0.9413953488372093,11.593023255813954,0.01724343241038545,131.68588586025604,87.88282290279628,0.31055914709439714,0.8788282290279628,0.3642988878345181,49.792452755057845,-81.89343310519818,6.6257439771730064,50,50,22.814244270324707
575,,5.449621472855804,0.06645879844946102,0.26091504842042923,0.42,0.42,0.42,0.938671209540034,0.9762532981530343,0.019469026548672566,0.30973451327433627,0.6707964601769911,0.376170269988446,0.9695121951219512,0.9695121951219512,11.524390243902438,0.023411525447226036,104.62017651980246,86.93931398416886,0.2908214745036299,0.8693931398416886,0.3479182373117902,51.03688549225498,-53.583291027547475,6.776318176475806,50,50,21.52804207801819
576,,-7.342209216808839,-0.0806836177671301,0.3187345266342163,0.3,0.3,0.3,0.8727735368956743,0.9475177304964539,0.027102803738317756,0.31401869158878504,0.6588785046728972,0.3819159376659113,1.0004395604395604,1.0004395604395604,9.373626373626374,0.03681654110939431,124.28530404773076,88.08510638297872,0.356049590179134,0.8808510638297873,0.41729746414197394,52.62772793995649,-71.65757610777428,6.251277574163246,50,50,24.109140872955322
577,,3.8614499691419,0.045969642489784523,0.10755989328026772,0.4,0.4,0.4,0.9422110552763819,0.9745989304812834,0.03228621291448516,0.3150087260034904,0.6527050610820244,0.38212055773204373,0.9585714285714285,0.9585714285714285,11.273809523809524,0.011846751254195508,104.89378071945728,85.6951871657754,0.29302891398275926,0.856951871657754,0.3574723927089819,49.86065419606251,-55.03312652339476,6.977735442983607,50,50,21.832340955734253
578,,-9.75391286273999,-0.11211394095103436,0.13221374029914537,0.26,0.26,0.26,0.9055973266499582,0.9565217391304348,0.023131672597864767,0.3220640569395018,0.6548042704626335,0.3781260705893945,0.9572413793103448,0.9572413793103448,13.068965517241379,0.07176443857349932,114.61541393902054,86.00543478260869,0.2917758447444691,0.8600543478260869,0.3525183063506622,49.17253472190764,-65.4428792171129,6.556490945492208,50,50,23.113007068634033
579,,0.7358004724267818,0.008085719477217382,-0.07687679678201675,0.46,0.46,0.46,0.9415692821368948,0.9813829787234043,0.011284722222222222,0.3359375,0.6527777777777778,0.3771669108320314,0.8485714285714285,0.8485714285714285,14.428571428571429,0.00033262672002441984,116.74652834030505,85.63829787234043,0.2851313940862335,0.8563829787234043,0.3478169682674141,51.0336600416079,-65.71286829869715,6.799295733636241,50,50,23.17693018913269
580,,-6.071715708715911,-0.06899676941722627,0.16392871225252748,0.22,0.22,0.22,0.9239669421487603,0.9610552763819096,0.013876843018213356,0.29575021682567215,0.6903729401561145,0.37010614322231217,1.0322727272727272,1.0322727272727272,9.5,0.03634529362838252,101.2325179274194,87.8140703517588,0.30633876142863187,0.878140703517588,0.360401067217831,49.10584495641434,-52.126672971005064,6.612806831606002,50,50,23.263760805130005
581,,-2.0902258046511193,-0.023224731162790214,0.23507340252399445,0.32,0.32,0.32,0.9323432343234324,0.9609882964889467,0.014642549526270457,0.32299741602067183,0.6623600344530577,0.35934314366644765,0.8353333333333334,0.8353333333333334,11.9,0.003508613667136427,120.82004728726702,82.83485045513655,0.27503662424238123,0.8283485045513654,0.34793602799761525,49.6105617584782,-71.20948552878882,6.676122889204962,50,50,23.24888563156128
582,,3.073320178030783,0.03573628113989282,0.062251484021544456,0.42,0.42,0.42,0.9093931837073982,0.9567039106145251,0.021220159151193633,0.34571175950486294,0.6330680813439434,0.3542883340468519,0.8662790697674418,0.8662790697674418,15.523255813953488,0.007877524907977256,109.22210221389649,87.98882681564247,0.30164417358548057,0.8798882681564246,0.35798561223914455,49.69092652461798,-59.53117568927851,6.810277547216251,50,50,23.347787141799927
583,,-16.061943545610394,-0.17846603939567104,0.3005385100841522,0.2,0.2,0.2,0.8748964374482188,0.9331476323119777,0.023444544634806132,0.3291253381424707,0.6474301172227231,0.36246452623859254,0.9802222222222222,0.9802222222222222,12.055555555555555,0.1770133328342717,117.73774457848565,88.3008356545961,0.3680344090216619,0.883008356545961,0.4277259539143119,48.5151673658378,-69.22257721264785,6.254217781311073,50,50,23.665108919143677
584,,-8.582879024918016,-0.09753271619225018,0.12215877572695415,0.24,0.24,0.24,0.898360655737705,0.9648648648648649,0.01856763925729443,0.3271441202475685,0.654288240495137,0.3591028366864868,0.9861363636363636,0.9861363636363636,12.25,0.06576901733782052,116.19721088511506,87.43243243243242,0.32727163421370015,0.8743243243243243,0.387455225917596,47.71072442871454,-68.48648645640051,6.801315885922813,50,50,24.010002374649048
585,,-7.49395173416186,-0.07888370246486169,0.046897564083337784,0.42,0.42,0.42,0.9219143576826196,0.9706275033377837,0.01601423487544484,0.31761565836298933,0.6663701067615658,0.3532400105126006,0.7856842105263158,0.7856842105263158,11.08421052631579,0.026000412980755765,131.52119965072933,88.38451268357811,0.30748966257897953,0.8838451268357811,0.3587779498660037,49.59078626680339,-81.93041338392594,7.257404454351774,50,50,24.433624982833862
586,,-14.414477320333477,-0.14560078101346946,0.1406996278092265,0.38,0.38,0.38,0.9046413502109705,0.9644381223328592,0.014466546112115732,0.3499095840867993,0.635623869801085,0.3485685897103718,0.7458585858585859,0.7458585858585859,12.202020202020202,0.07829319242831978,145.83093711969542,83.64153627311522,0.28327425851049104,0.8364153627311522,0.3557340929573509,49.92481651969379,-95.90612060000161,6.758475487806192,50,50,25.321491479873657
587,,6.563934615432548,0.0772227601815594,0.12141036242246628,0.46,0.46,0.46,0.9393162393162393,0.9727148703956344,0.01601423487544484,0.3318505338078292,0.652135231316726,0.34670256511631475,0.8717647058823529,0.8717647058823529,12.211764705882352,0.033296867668348856,98.78605018655105,84.72032742155525,0.2867498112091041,0.8472032742155525,0.35201940792975245,51.0896721579428,-47.69637802860826,6.8845996902642135,50,50,21.320447206497192
588,,2.62445361291902,0.030166133481827815,0.14375720421473184,0.42,0.42,0.42,0.94,0.9735376044568245,0.022452504317789293,0.35751295336787564,0.6200345423143351,0.3377743113674518,0.8701149425287357,0.8701149425287357,14.873563218390805,0.00522329782802606,106.04274410291154,88.57938718662952,0.305860464720173,0.8857938718662952,0.35843084728594776,48.97130583561595,-57.07143826729559,7.055871037672564,50,50,23.07948899269104
589,,-7.623109239435401,-0.08565291280264495,0.23344016820192337,0.3,0.3,0.3,0.8898305084745762,0.9541029207232267,0.015610651974288337,0.3241505968778696,0.660238751147842,0.33215123219555504,0.9269662921348315,0.9269662921348315,10.797752808988765,0.03918586255932479,159.53710380241452,86.92628650904032,0.3131475756917339,0.8692628650904033,0.3720533237339604,47.244124886648315,-112.2929789157662,6.747077049989115,50,50,23.04385495185852
590,,3.28230529423678,0.03729892379814523,0.2214733362197876,0.4,0.4,0.4,0.9261410788381743,0.96569250317662,0.015693112467306015,0.2981691368788143,0.6861377506538797,0.32794200049075617,0.9877272727272727,0.9877272727272727,9.647727272727273,0.007921982481317138,115.32154932085234,85.00635324015248,0.3041535195951465,0.8500635324015248,0.37310205169921373,51.33824273532089,-63.98330658553145,6.467690452889396,50,50,23.116610050201416
591,,-20.177447191640766,-0.2241938576848974,0.07596566594604935,0.14,0.14,0.14,0.8138163437236732,0.9288888888888889,0.0224609375,0.318359375,0.6591796875,0.3350129466633726,1.019111111111111,1.019111111111111,9.633333333333333,0.28704767598042547,121.06213719723385,87.55555555555556,0.3738576454506124,0.8755555555555555,0.44412258549758443,50.7383650964104,-70.32377210082345,5.723475829087711,50,50,25.32784867286682
592,,-11.840464521413159,-0.12731682281089418,0.19077740609645844,0.24,0.24,0.24,0.90625,0.9574468085106383,0.020702070207020702,0.34473447344734476,0.6345634563456346,0.3324603807201399,0.9103225806451613,0.9103225806451613,12.290322580645162,0.10832308457427849,118.09066358175181,87.94326241134752,0.35284982168007867,0.8794326241134752,0.41676678175083876,46.24382245196962,-71.84684112978219,6.530884137320963,50,50,24.31403875350952
593,,-5.27118469031598,-0.060588329773746896,0.2640591710805893,0.32,0.32,0.32,0.8872427983539095,0.9572763684913218,0.023255813953488372,0.3067978533094812,0.6699463327370304,0.3344188352415322,1.032183908045977,1.032183908045977,9.74712643678161,0.019876532238131708,137.794215195211,87.04939919893191,0.3387356756582347,0.8704939919893191,0.402837579858512,51.03222625375879,-86.76198894145222,6.354033474949885,50,50,23.394750118255615
594,,-2.3297127599468936,-0.02677830758559648,0.15168333612382412,0.3,0.3,0.3,0.9102880658436214,0.9518987341772152,0.014808362369337979,0.2970383275261324,0.6881533101045296,0.3290474613927219,1.0363218390804598,1.0363218390804598,9.781609195402298,0.004887849508327656,99.71531197867975,84.30379746835443,0.29857452479741176,0.8430379746835444,0.3714625810775779,50.816100280529966,-48.89921169814979,6.282458637570183,50,50,23.142507791519165
595,,-5.185834442086693,-0.06482293052608366,0.2335585832595825,0.18,0.18,0.18,0.9031986531986532,0.9629139072847682,0.016172506738544475,0.3054806828391734,0.6783468104222821,0.33054174333145786,1.04275,1.04275,11.475,0.04251556362303792,93.00288676584907,87.41721854304636,0.31265163114165695,0.8741721854304636,0.37012576370325373,47.9972848083145,-45.00560195753457,7.062211383934881,50,50,21.59930109977722
596,,-4.247749676108726,-0.04882470892078995,0.07574219405651092,0.28,0.28,0.28,0.9019118869492935,0.9650259067357513,0.03294746215494212,0.27960819234194123,0.6874443455031166,0.3272116221568611,1.0294252873563219,1.0294252873563219,9.03448275862069,0.01533192023972803,107.98738681640134,85.10362694300518,0.3030220141195353,0.8510362694300518,0.37019452192657737,51.49135031499297,-56.49603650140836,6.40493873625956,50,50,23.515531063079834
597,,-3.184030424485956,-0.037023609587046,0.14573134978612265,0.3,0.3,0.3,0.898981324278438,0.9586666666666667,0.01555352241537054,0.2982616651418115,0.6861848124428179,0.328859394534361,0.9655813953488372,0.9655813953488372,10.732558139534884,0.008416043526029827,116.5290575415305,85.73333333333333,0.2912697514796884,0.8573333333333333,0.3553668568740522,49.08915238296472,-67.43990515856578,6.553659127631935,50,50,23.18905782699585
598,,5.207800176467162,0.0627445804393634,0.24765443801879883,0.42,0.42,0.42,0.9498299319727891,0.9704697986577181,0.02366345311130587,0.32340052585451357,0.6529360210341806,0.3208180727748532,0.9021686746987951,0.9021686746987951,13.674698795180722,0.022066155792470222,107.94026588363411,86.84563758389262,0.2632491497677946,0.8684563758389262,0.3129361407171003,51.10647270229063,-56.83379318134349,7.488238632704273,50,50,21.58183526992798
599,,-11.209115779438248,-0.12737631567543464,0.06653095298679546,0.22,0.22,0.22,0.8886075949367088,0.9542395693135935,0.026484018264840183,0.29497716894977166,0.6785388127853881,0.32694572932569743,1.0170454545454546,1.0170454545454546,9.125,0.10487005826930325,114.09894993508414,85.73351278600269,0.30529756433559296,0.857335127860027,0.3682517191155077,50.571172600191915,-63.527777334892214,6.442459938149179,50,50,23.28851318359375
600,,-9.551889318797947,-0.11237516845644643,0.17652691300544474,0.22,0.22,0.22,0.8917089678510999,0.9578059071729957,0.020128087831655993,0.32936870997255263,0.6505032021957914,0.3241012184242581,0.9583529411764706,0.9583529411764706,11.670588235294117,0.0905096783986536,100.03935328380481,89.73277074542897,0.3122960992375707,0.8973277074542897,0.3576921466169852,51.49544829643842,-48.5439049873664,6.509209739946961,50,50,22.74137544631958
601,,-5.693568255938474,-0.06698315595221734,0.09307837998494506,0.24,0.24,0.24,0.8888888888888888,0.9485570890840652,0.0176522506619594,0.27890556045895853,0.703442188879082,0.32527001264587607,1.0814117647058823,1.0814117647058823,9.68235294117647,0.03084154473604983,100.85470240236083,84.8180677540778,0.29444949262050696,0.848180677540778,0.36275453942244634,49.7766980169569,-51.07800438540392,6.095416198730751,50,50,22.860716342926025
602,,2.5930669813080938,0.02946667024213743,0.11201347783207893,0.38,0.38,0.38,0.9151565074135091,0.9672774869109948,0.026246719160104987,0.30533683289588803,0.668416447944007,0.30948785878100105,0.9731818181818181,0.9731818181818181,10.147727272727273,0.005627409174091937,102.00271640244864,87.04188481675392,0.3045938635419687,0.8704188481675392,0.3616250568283757,48.838966840930986,-53.16374956151766,6.601242330502628,50,50,23.550264358520508
603,,-6.7969344755100956,-0.07007148943824841,0.12845118266219893,0.34,0.34,0.34,0.9202302631578947,0.9606099110546379,0.01647875108412836,0.30095403295750217,0.6825672159583694,0.3117642309384741,0.8797938144329897,0.8797938144329897,9.824742268041238,0.026889093673438936,133.7420793042731,88.9453621346887,0.31711371305300157,0.8894536213468869,0.3778665719424822,49.87161907368029,-83.87046023059278,6.353222128044225,50,50,25.291837692260742
604,,-2.0189124844943134,-0.023205890626371416,0.16575629264116287,0.32,0.32,0.32,0.9069192751235585,0.9596774193548387,0.01763668430335097,0.3262786596119929,0.656084656084656,0.30713893419956245,1.0016091954022988,1.0016091954022988,11.96551724137931,0.0035262994275061187,105.63819321755528,88.30645161290323,0.3440212941460322,0.8830645161290323,0.4010829768442707,50.17797029466711,-55.460222922888164,6.651048879111192,50,50,23.48767590522766
605,,-9.742670036349871,-0.11071215950397581,0.14725327817723155,0.22,0.22,0.22,0.891846921797005,0.9593175853018373,0.023318385650224215,0.2932735426008969,0.683408071748879,0.30204232600743786,1.033409090909091,1.033409090909091,9.352272727272727,0.08576307832053366,108.13947234381965,88.05774278215223,0.3378444437555696,0.8805774278215223,0.3951931826943594,49.09369456236208,-59.045777781457566,6.50056356809999,50,50,24.483314037322998
606,,-13.288581118454944,-0.14930990020735893,0.1436501918360591,0.18,0.18,0.18,0.8833474218089603,0.9546061415220294,0.02304147465437788,0.28663594470046083,0.6903225806451613,0.3043533514665598,1.0278651685393259,1.0278651685393259,9.247191011235955,0.15012291942481626,114.51032102462773,86.38184245660881,0.31544340706163176,0.8638184245660881,0.3778849924653754,50.29732833728014,-64.21299268734758,6.184773984930748,50,50,23.209235429763794
607,,-18.05802237597014,-0.19417228361258215,0.13704060390591621,0.16,0.16,0.16,0.8366666666666667,0.937244201909959,0.013282732447817837,0.29127134724857684,0.6954459203036053,0.3044213754561685,1.007741935483871,1.007741935483871,7.935483870967742,0.22679291742792926,147.48815532069239,86.08458390177354,0.3262450873748564,0.8608458390177354,0.394809024116393,50.1314292768339,-97.3567260438585,5.737321635601203,50,50,24.729111671447754
608,,-5.130353410488066,-0.05700392678320074,-0.05440523847937584,0.32,0.32,0.32,0.8919597989949749,0.9655172413793104,0.015440508628519528,0.2997275204359673,0.6848319709355132,0.30776850947637935,0.9517777777777777,0.9517777777777777,9.033333333333333,0.0186192587177576,118.33028828871238,87.13527851458885,0.32643637500311024,0.8713527851458885,0.3874487441063235,49.091181930412965,-69.23910635829942,6.902593979463563,50,50,24.068876266479492
609,,-8.298663292076924,-0.09879361061996338,0.22014286617437998,0.24,0.24,0.24,0.8644781144781145,0.9546703296703297,0.019681349578256794,0.2980318650421743,0.6822867853795689,0.3078175361886055,1.0235714285714286,1.0235714285714286,10.297619047619047,0.06126854442638712,122.78559286726416,87.91208791208791,0.33074638116230803,0.8791208791208791,0.38762662967395967,50.41200004619306,-72.3735928210711,6.628413994997527,50,50,22.802835941314697
610,,-9.43024499027111,-0.10362906582715505,0.27176743745803833,0.28,0.28,0.28,0.9094719195305951,0.9657894736842105,0.03222918531781558,0.2873769024171889,0.6803939122649956,0.30971699459910657,0.9692307692307692,0.9692307692307692,8.956043956043956,0.054676915522808255,140.48700273271683,86.05263157894737,0.3004473168213912,0.8605263157894737,0.364107091909817,51.98818376818066,-88.49881896453617,6.925869962491374,50,50,24.77758264541626
611,,-20.65982037704025,-0.2129878389385593,0.19507665559649467,0.2,0.2,0.2,0.8539232053422371,0.95,0.018691588785046728,0.2523364485981308,0.7289719626168224,0.3081795685105122,0.9591752577319588,0.9591752577319588,6.711340206185567,0.22489551738806493,136.9102830101669,86.02564102564104,0.31152877667855744,0.8602564102564103,0.3778522107598152,50.409544911346956,-86.50073809881994,6.4981670797482565,50,50,26.227904319763184
612,,-0.7579758314212761,-0.008329404740893144,0.15227617820103964,0.36,0.36,0.36,0.9315525876460768,0.9735799207397622,0.02789886660854403,0.3121185701830863,0.6599825632083697,0.3025725329899713,0.9984615384615385,0.9984615384615385,9.868131868131869,0.00040694318072036505,123.47062901395462,87.97886393659181,0.33547044874478144,0.8797886393659181,0.392949604303001,49.9963668883336,-73.47426212562102,6.533497204219382,50,50,23.385162115097046
613,,-5.838140533444144,-0.06634250606186527,0.14952544122934341,0.28,0.28,0.28,0.9195305951383068,0.9711664482306684,0.021314387211367674,0.30106571936056836,0.677619893428064,0.3016556910812307,0.9225,0.9225,9.625,0.02604527076163019,118.20731306499277,86.89384010484928,0.29945324294135667,0.8689384010484927,0.35641703141636166,49.58891429566134,-68.61839876933144,6.378419467624102,50,50,23.364649295806885
614,,-16.7117603142975,-0.18777258780109551,0.12540886774659157,0.18,0.18,0.18,0.8594009983361065,0.9470198675496688,0.022201665124884366,0.2793709528214616,0.6984273820536541,0.29669881308545965,1.0285393258426967,1.0285393258426967,8.460674157303371,0.20380161212545328,115.77265048968107,87.28476821192052,0.3196851133918643,0.8728476821192053,0.3780381573033306,50.85690910212073,-64.91574138756035,5.644030791476646,50,50,23.7322518825531
615,,-22.09541345044822,-0.24016753750487196,-0.09691156446933746,0.12,0.12,0.12,0.8450586264656617,0.9420689655172414,0.02544769085768143,0.29123468426013194,0.6833176248821866,0.28992437661505394,1.0167391304347826,1.0167391304347826,8.717391304347826,0.3655457321520098,127.86491271493273,87.44827586206897,0.329776033813245,0.8744827586206897,0.3909387390670021,50.89122321593042,-76.9736894990023,6.387670442128208,50,50,24.719812631607056
616,,-1.1609899690317116,-0.013821309155139424,0.05809310389061769,0.28,0.28,0.28,0.9060181368507831,0.9581218274111675,0.01929824561403509,0.2894736842105263,0.6912280701754386,0.2848523172332733,1.0447619047619048,1.0447619047619048,10.571428571428571,0.0013724511218304069,103.5879308826429,85.40609137055839,0.288939549167854,0.8540609137055838,0.3508920462261406,49.36044676695486,-54.22748411568804,6.549228460402266,50,50,22.69734239578247
617,,-16.015756177158977,-0.17408430627346713,0.047029917050773896,0.18,0.18,0.18,0.8784346378018318,0.9560439560439561,0.03923357664233577,0.2965328467153285,0.6642335766423357,0.28192896500861264,1.0045652173913044,1.0045652173913044,8.532608695652174,0.19239945291222232,121.21766911071445,85.57692307692307,0.3310784040367501,0.8557692307692307,0.40528483844416424,48.67445530805384,-72.54321380266062,6.021638633216151,50,50,24.588045597076416
618,,-26.991842079524908,-0.2672459611834149,0.18775099019209543,0.18,0.18,0.18,0.898972602739726,0.9592391304347826,0.017447199265381085,0.30670339761248855,0.6758494031221304,0.2839762452327229,0.8554455445544554,0.8554455445544554,9.01980198019802,0.32430688819055875,139.8396852411915,87.09239130434783,0.31502690358989677,0.8709239130434783,0.3759439684842719,45.84225620192828,-93.99742903926321,6.213003191503687,50,50,26.45274257659912
619,,-6.083727477939439,-0.0668541481092246,0.11889328807592392,0.3,0.3,0.3,0.865546218487395,0.954177897574124,0.0196078431372549,0.2875816993464052,0.6928104575163399,0.28164081519426004,1.0338461538461539,1.0338461538461539,8.351648351648352,0.02696016480973675,113.69553037814435,85.57951482479784,0.3440240160427068,0.8557951482479784,0.4196452381313349,49.26792553840723,-64.42760483973713,5.951405950743687,50,50,24.575162887573242
620,,-4.13873225718817,-0.0470310483771383,0.17754681780934334,0.28,0.28,0.28,0.9063545150501672,0.9634464751958225,0.01966041108132261,0.2957998212689902,0.6845397676496873,0.28654324969778827,0.9727272727272728,0.9727272727272728,9.852272727272727,0.016324940434363666,111.38391045138727,86.81462140992167,0.2871569177760678,0.8681462140992167,0.3418305180789141,52.144577685340664,-59.2393327660466,6.912931508018737,50,50,24.075765371322632
621,,-11.843894153863578,-0.12873797993329977,0.13224390149116516,0.28,0.28,0.28,0.9004255319148936,0.9642857142857143,0.017479300827966882,0.2612695492180313,0.7212511499540019,0.2849826256013298,0.9760869565217392,0.9760869565217392,7.706521739130435,0.07806758154836871,128.49836017931716,86.60714285714286,0.3108015570381084,0.8660714285714286,0.3717659761109908,52.01140759973926,-76.48695257957789,6.5865235919771346,50,50,23.475319623947144
622,,-14.752704497276468,-0.1586312311535104,0.09221862683383127,0.2,0.2,0.2,0.8998344370860927,0.9538258575197889,0.021314387211367674,0.30550621669627,0.6731793960923623,0.2847643536590594,0.9894623655913979,0.9894623655913979,10.666666666666666,0.15643435109881262,128.70838563604934,85.75197889182058,0.04656299287129435,0.8575197889182058,0.39208983902779404,47.848332125919285,-80.86005351013004,5.9329245410947244,50,50,25.334128856658936
623,,-9.710911322268553,-0.11291757351475061,0.16995517164468765,0.18,0.18,0.18,0.8861386138613861,0.9490196078431372,0.0160857908847185,0.3002680965147453,0.6836461126005362,0.2990582730627394,1.0565116279069768,1.0565116279069768,10.813953488372093,0.10747054864159994,117.49362902146403,90.19607843137256,0.34129988186787025,0.9019607843137255,0.38876091977684185,46.761281923286276,-70.73234709817775,5.927431944852789,50,50,24.015881299972534
624,,-3.04053517543978,-0.03535506017953232,0.14488077660401663,0.3,0.3,0.3,0.8684654300168634,0.9458762886597938,0.013927576601671309,0.265552460538533,0.7205199628597957,0.2980190074462904,1.1548837209302325,1.1548837209302325,8.220930232558139,0.007637614820802414,118.12917819952723,86.72680412371135,0.33262790665632486,0.8672680412371134,0.39894063804488,51.46029256280865,-66.66888563671858,6.153054051801948,50,50,22.595645904541016
625,,-3.8156542665213715,-0.04542445555382585,0.1698728452126185,0.24,0.24,0.24,0.9053941908713693,0.9618421052631579,0.014209591474245116,0.3108348134991119,0.6749555950266429,0.2909050717616351,1.0052380952380953,1.0052380952380953,11.297619047619047,0.015644183649175192,92.12659110881094,85.78947368421052,0.3084809834937941,0.8578947368421053,0.37849798725070366,50.29579033185718,-41.83080077695377,6.360626217817822,50,50,21.929187536239624
626,,-2.6521737217218018,-0.030484755422089675,0.152613609097898,0.3,0.3,0.3,0.912396694214876,0.9625935162094763,0.02019315188762072,0.27568042142230026,0.704126426690079,0.282211395460298,1.0726436781609194,1.0726436781609194,9.045977011494253,0.005474726570619176,130.52346236099075,86.28428927680798,0.3000243887031034,0.8628428927680798,0.3696368162393181,52.08302959734083,-78.44043276364992,6.252910178772915,50,50,22.963751316070557
627,,-13.739911788243301,-0.14934686726351415,-0.11181407049298286,0.24,0.24,0.24,0.869602032176122,0.9442970822281167,0.01303538175046555,0.2849162011173184,0.702048417132216,0.27327810163200333,1.007391304347826,1.007391304347826,8.282608695652174,0.1252782720408528,127.61253019113875,87.26790450928382,0.3407624151186364,0.8726790450928382,0.40349585127780524,50.0114041282312,-77.60112606290754,6.381971796276223,50,50,23.854066848754883
628,,2.869753225318757,0.0354290521644291,0.11597525245613521,0.36,0.36,0.36,0.9159663865546218,0.9666666666666667,0.016042780748663103,0.2620320855614973,0.7219251336898396,0.27087087963238493,1.0553086419753086,1.0553086419753086,8.765432098765432,0.0067020490846457,104.90965356581543,85.18518518518519,0.27440747855581393,0.8518518518518519,0.3361582361914386,51.61814186382476,-53.29151170199068,6.596947389992941,50,50,21.675686836242676
629,,-13.623211699807728,-0.14807838804138834,0.08530844002962112,0.18,0.18,0.18,0.9131161236424394,0.9626769626769627,0.023070097604259095,0.28748890860692106,0.6894409937888198,0.2767359229961458,0.9543478260869566,0.9543478260869566,9.467391304347826,0.14709560001832409,118.88146737322414,86.87258687258688,0.2938392310479191,0.8687258687258688,0.351072083600158,52.70441896104819,-66.17704841217595,6.293569592447326,50,50,24.21697497367859
630,,-2.9715384035850163,-0.03127935161668438,0.13559250119659635,0.34,0.34,0.34,0.9120521172638436,0.9651307596513076,0.023417172593235037,0.28013876843018215,0.6964440589765828,0.2716117861560304,0.9913684210526316,0.9913684210526316,8.08421052631579,0.00548194250993492,136.18616287339697,85.80323785803238,0.21582897463813047,0.8580323785803238,0.3527922151445051,50.430486620624116,-85.75567625277286,6.422874433374101,50,50,25.178937911987305
631,,-4.034260156672949,-0.046370806398539646,0.16758004312093058,0.28,0.28,0.28,0.9007506255212677,0.9657444005270093,0.019730941704035873,0.29955156950672646,0.6807174887892377,0.2637335089366514,1.0705747126436782,1.0705747126436782,9.67816091954023,0.013709656971070565,117.28045222813266,88.66930171277997,0.33090200565841216,0.8866930171277997,0.38253273139576244,50.4634574280408,-66.81699480009186,6.2100536613583435,50,50,23.406354427337646
632,,-10.830643155856036,-0.1216926197287195,0.153729316778481,0.2,0.2,0.2,0.8901734104046243,0.9515072083879423,0.02404274265360641,0.2965271593944791,0.6794300979519146,0.2567890982043843,1.0507865168539325,1.0507865168539325,9.98876404494382,0.10655497970543899,113.04671910405762,85.71428571428571,0.3475901074068449,0.8571428571428571,0.4213355519855522,50.8519250596422,-62.19479404441542,6.02309325194347,50,50,23.785948991775513
633,,-17.885985466833485,-0.19027644113652645,0.024757022658983868,0.16,0.16,0.16,0.8835845896147404,0.9411764705882353,0.028054298642533938,0.27963800904977376,0.6923076923076923,0.2528631742531681,1.0004255319148936,1.0004255319148936,7.361702127659575,0.23525962638109416,129.01911967784272,87.97385620915033,0.3481738005292305,0.8797385620915033,0.40666515710143114,50.60442798532511,-78.41469169251762,6.1013173668299725,50,50,24.683157920837402
634,,-1.5107268841253634,-0.017167350955970037,0.08959687873721123,0.3,0.3,0.3,0.9083536090835361,0.9631043256997456,0.02515177797051171,0.29314830875975717,0.6816999132697311,0.2582237971045569,1.0138636363636364,1.0138636363636364,10.352272727272727,0.0020761755863006725,127.46080553394947,87.91348600508906,0.3022803701155487,0.8791348600508906,0.3567294864809433,52.40091006330553,-75.05989547064394,6.439503481793178,50,50,23.465356588363647
635,,-13.187131897189369,-0.15157622870332607,0.15905314683914185,0.2,0.2,0.2,0.8743718592964824,0.9531914893617022,0.02310536044362292,0.32532347504621073,0.6515711645101664,0.2608814157107671,0.9328735632183908,0.9328735632183908,11.10344827586207,0.14658358463889926,119.49501413763582,87.09219858156028,0.32483000662885264,0.8709219858156029,0.38770555663827505,45.951254660338385,-73.54375947729744,6.546033311958835,50,50,24.058907747268677
636,,6.28406556479035,0.07223063867575115,0.2729041576385498,0.42,0.42,0.42,0.9364161849710982,0.969735182849937,0.019793459552495698,0.2977624784853701,0.6824440619621343,0.2576938964154882,0.9379310344827586,0.9379310344827586,10.908045977011493,0.030612708664502955,99.28376801099361,88.39848675914249,0.3064864474404259,0.8839848675914249,0.35708068210190924,50.075237672796064,-49.208530338197555,6.712224551564565,50,50,22.451070547103882
637,,-1.3056219913407707,-0.015181651062101986,0.10651642705003421,0.32,0.32,0.32,0.8934221482098251,0.964332892998679,0.025225225225225224,0.2927927927927928,0.681981981981982,0.2596967424453117,1.017906976744186,1.017906976744186,10.151162790697674,0.0014690752264278088,104.91832551493209,88.50726552179657,0.33168716360491246,0.8850726552179656,0.38635002695104603,49.3533156975771,-55.565009817354984,6.370278269598775,50,50,23.535766124725342
638,,1.9118898511516436,0.021243220568351595,0.08092110510915518,0.36,0.36,0.36,0.9126984126984127,0.9621409921671018,0.028764805414551606,0.32318104906937395,0.6480541455160744,0.2498235471813568,1.0017777777777779,1.0017777777777779,11.177777777777777,0.0030259252854226435,109.13846976666889,86.94516971279373,0.30779808758241634,0.8694516971279374,0.3667109419529729,52.17653554157517,-56.961934225093714,6.360948658150622,50,50,23.872163772583008
639,,-7.759291807173493,-0.08434012833884232,0.05356433242559433,0.28,0.28,0.28,0.906301824212272,0.9569752281616688,0.02564102564102564,0.29619805481874445,0.6781609195402298,0.24536520362599454,0.9402173913043478,0.9402173913043478,9.782608695652174,0.04525212549065173,124.15544097116464,86.70143415906128,0.29709708006863517,0.8670143415906127,0.3595345879678711,50.749436356570584,-73.40600461459405,6.630858142753506,50,50,24.69581413269043
640,,-10.711050055773486,-0.11901166728637207,0.19203430600464344,0.26,0.26,0.26,0.864910790144435,0.9469914040114613,0.0226628895184136,0.3182247403210576,0.6591123701605288,0.24959200471902862,1.0,1.0,10.277777777777779,0.08701924701323416,105.54569287929928,87.82234957020057,0.3415639151317877,0.8782234957020058,0.4064375597691828,49.59627758107246,-55.949415298226825,6.092194667820129,50,50,23.622097492218018
641,,-15.993945664593731,-0.17384723548471448,0.19268937408924103,0.12,0.12,0.12,0.8736492103075644,0.9559228650137741,0.03021978021978022,0.30494505494505497,0.6648351648351648,0.24902206470598923,1.0317391304347827,1.0317391304347827,9.021739130434783,0.25427095162935576,112.58370341704375,87.74104683195593,0.3432762608654542,0.8774104683195593,0.4068671730537359,49.62428082791501,-62.959422589128735,5.981279170178881,50,50,24.672444581985474
642,,-9.288116777357612,-0.10206721733360012,0.13380521815270185,0.22,0.22,0.22,0.9123669123669124,0.9587096774193549,0.014731369150779897,0.31369150779896016,0.67157712305026,0.2487717965772154,0.9395604395604396,0.9395604395604396,11.725274725274724,0.0739116373149357,118.29597349499107,86.83870967741936,0.28737511518071013,0.8683870967741936,0.3434866331025117,50.22927507011188,-68.06669842487919,6.628311202548617,50,50,23.83590579032898
643,,-1.6558695284763307,-0.01860527560085765,0.054578376933932304,0.32,0.32,0.32,0.9291666666666667,0.967948717948718,0.025261324041811847,0.2952961672473868,0.6794425087108014,0.24846034488732616,0.9712359550561798,0.9712359550561798,9.0,0.002050059478965013,107.3585151685617,87.3076923076923,0.30624019510460365,0.8730769230769231,0.36389604587216506,51.97913327696749,-55.37938189159421,6.798500715644232,50,50,23.052338123321533
644,,-12.372556741115934,-0.13901749147321274,0.18722771108150482,0.16,0.16,0.16,0.8638655462184874,0.9446693657219973,0.0195712954333644,0.2898415657036347,0.6905871388630009,0.24450481578384609,1.0146067415730338,1.0146067415730338,8.764044943820224,0.1393631874514562,124.48452982159694,87.17948717948718,0.3275617161201832,0.8717948717948718,0.3912384017256015,49.28177740524122,-75.20275241635571,6.423720218018775,50,50,23.856287956237793
645,,-8.701339570726407,-0.09776786034524053,0.1750717634956042,0.22,0.22,0.22,0.882890365448505,0.9534883720930233,0.013611615245009074,0.32304900181488205,0.6633393829401089,0.2432153126508883,1.0096629213483146,1.0096629213483146,11.640449438202246,0.06446681252825014,121.52929831734507,88.23529411764706,0.35577582231368116,0.8823529411764706,0.4150856757834406,46.854725659702936,-74.67457265764213,6.355199550226801,50,50,24.416625499725342
646,,-4.415765208483355,-0.05017915009640177,-0.00011521857231855392,0.34,0.34,0.34,0.8908780903665814,0.9658605974395448,0.024231127679403542,0.320596458527493,0.6551724137931034,0.2354665425731169,0.9561363636363637,0.9561363636363637,10.261363636363637,0.013642193024164351,112.51006450968168,86.62873399715505,0.3276944412841749,0.8662873399715505,0.3920628219959705,48.83408214877076,-63.67598236091092,6.985104555055071,50,50,23.478777408599854
647,,-3.1851612482094573,-0.03578832863156694,0.210088849067688,0.3,0.3,0.3,0.9126530612244897,0.9559585492227979,0.01645021645021645,0.3151515151515151,0.6683982683982684,0.2481299838350352,0.9226966292134832,0.9226966292134832,12.292134831460674,0.008225346256199086,128.86319982629345,88.3419689119171,0.29667221585243664,0.883419689119171,0.3458087047203538,50.20978274730456,-78.65341707898891,6.356376233492674,50,50,23.717565774917603
648,,-0.19395933592679376,-0.00217931838119993,0.16093702241778374,0.44,0.44,0.44,0.9225589225589226,0.9668874172185431,0.024800708591674048,0.30646589902568644,0.6687333923826395,0.23480386918853308,0.903370786516854,0.903370786516854,9.865168539325843,2.1543213986781145e-05,132.28079464604104,88.21192052980132,0.30002315715649613,0.8821192052980132,0.35555325815448263,50.99565529588322,-81.28513935015783,6.33919973274664,50,50,23.4009428024292
649,,11.320152372306268,0.13476371871793175,-0.004630738403648138,0.52,0.52,0.52,0.9467554076539102,0.9749670619235836,0.019793459552495698,0.3270223752151463,0.653184165232358,0.23357969713604168,0.9330952380952381,0.9330952380952381,13.845238095238095,0.08477604880278722,109.68093540791367,87.74703557312253,0.29288889468609597,0.8774703557312253,0.34842535288898485,48.693127534530035,-60.98780787338362,6.787941388945834,50,50,22.078049421310425
650,,0.243292800801116,0.0027032533422346222,-0.06023097038269043,0.4,0.4,0.4,0.9223706176961602,0.9589603283173734,0.016666666666666666,0.34210526315789475,0.6412280701754386,0.23342331185076748,0.8215555555555556,0.8215555555555556,13.622222222222222,4.1383638944215916e-05,110.92889396852144,85.22571819425444,0.29991650647758017,0.8522571819425444,0.3674001122908427,49.507921249867195,-61.42097271865425,6.89233265897176,50,50,23.821041345596313
651,,-15.012056668649866,-0.15970273051755177,0.23596064746379852,0.18,0.18,0.18,0.8922949461474731,0.9487179487179487,0.024128686327077747,0.3136729222520107,0.6621983914209115,0.23198745772394644,0.9608510638297872,0.9608510638297872,9.595744680851064,0.17067306815860817,129.09303850222585,88.52901484480432,0.3513630244698757,0.8852901484480432,0.4084205979701896,49.763853827657655,-79.32918467456818,6.611900115566205,50,50,24.871650218963623
652,,-18.139988932167718,-0.2015554325796413,0.15971430639425913,0.14,0.14,0.14,0.8673986486486487,0.9574468085106383,0.028142589118198873,0.31050656660412757,0.6613508442776735,0.23458983536042474,0.9735555555555555,0.9735555555555555,9.688888888888888,0.29541584471752996,118.4483759697533,87.65957446808511,0.3271826595490345,0.8765957446808511,0.3897504309432994,50.57761390457699,-67.87076206517631,6.014449989600096,50,50,23.901704788208008
653,,-1.1093583356907537,-0.012606344723758565,0.12593431025743484,0.28,0.28,0.28,0.9054276315789473,0.9540816326530612,0.021015761821366025,0.29246935201401053,0.6865148861646234,0.22951404291299035,1.0468181818181819,1.0468181818181819,9.863636363636363,0.0011609262277770867,96.27690361101551,86.73469387755102,0.3122509830355197,0.8673469387755102,0.37625173423342245,52.9085064961952,-43.368397114820304,6.261323224378978,50,50,23.281959533691406
654,,-23.059428849969,-0.2329235237370606,-0.024232130497694016,0.18,0.18,0.18,0.902317880794702,0.9598445595854922,0.019572953736654804,0.29359430604982206,0.6868327402135231,0.22652061181081853,0.8937373737373737,0.8937373737373737,8.535353535353535,0.27613459030766996,137.40808799178467,86.6580310880829,0.31872147337785905,0.866580310880829,0.38447152561484205,48.48950488289084,-88.91858310889381,6.419293019464471,50,50,26.43965196609497
655,,-8.510403735347081,-0.09562251388030428,0.06036923304200172,0.22,0.22,0.22,0.9020242914979757,0.9603825136612022,0.018245004344048653,0.34578627280625546,0.635968722849696,0.22244881540028055,0.9737078651685394,0.9737078651685394,13.303370786516854,0.06115296555917098,128.30868916157152,86.33879781420765,0.3168077096152664,0.8633879781420765,0.3822326916301947,51.612901706350684,-76.69578745522084,6.519644317836472,50,50,24.15777349472046
656,,-2.840897937346372,-0.034227685992124966,0.17381611838936806,0.26,0.26,0.26,0.902418682235196,0.9642857142857143,0.02244165170556553,0.3240574506283663,0.6535008976660682,0.21526530207037653,0.9995180722891567,0.9995180722891567,10.650602409638553,0.008473923162014873,101.11051339774625,88.04945054945054,0.3131379458706422,0.8804945054945055,0.37293711358485526,51.42238107971753,-49.68813231802872,6.566335871745288,50,50,22.57155680656433
657,,-7.26989188410651,-0.08077657649007233,0.329056978225708,0.22,0.22,0.22,0.8878887070376432,0.9534005037783375,0.01771479185119575,0.27900797165633306,0.7032772364924712,0.2082727159162993,0.9975555555555555,0.9975555555555555,10.544444444444444,0.05269213741814773,110.67907509352997,86.14609571788414,0.2941390544505535,0.8614609571788413,0.35517645584856644,52.59834928736219,-58.08072580616779,6.338207865898562,50,50,24.33676314353943
658,,-6.714724797483951,-0.07298613910308642,0.17322007566690445,0.32,0.32,0.32,0.8975650713685979,0.9607329842931938,0.017210144927536232,0.2907608695652174,0.6920289855072463,0.21028359406271352,0.9334782608695652,0.9334782608695652,10.641304347826088,0.029507494968335587,115.96276137034982,87.95811518324608,0.3053747716420117,0.8795811518324608,0.36037596772046154,49.39622549360777,-66.56653587674205,6.44625235726239,50,50,24.284560441970825
659,,-9.95738428482437,-0.11188072230139741,0.21526886522769928,0.18,0.18,0.18,0.8638613861386139,0.9406332453825857,0.022789425706472195,0.2862351868732908,0.690975387420237,0.20737234514431302,1.0797752808988763,1.0797752808988763,8.584269662921349,0.10464461068986794,107.08602658820841,86.2796833773087,0.31066733250798195,0.862796833773087,0.37171160665491154,52.562895831589685,-54.52313075661873,5.862840075391954,50,50,23.67955446243286
660,,-10.614742513773098,-0.1220085346410701,0.21861352771520615,0.2,0.2,0.2,0.909688013136289,0.9632446134347274,0.011353711790393014,0.2995633187772926,0.6890829694323144,0.20527632726912037,0.9464367816091954,0.9464367816091954,10.839080459770114,0.08238493709443362,130.04285207182065,87.70595690747783,0.28489738601663794,0.8770595690747782,0.33734129350987774,50.77331240579562,-79.26953966602503,6.64971344522279,50,50,23.479206085205078
661,,-15.622393794695641,-0.1716746570845675,0.254248283803463,0.18,0.18,0.18,0.8683774834437086,0.9458388375165125,0.02009132420091324,0.28858447488584477,0.691324200913242,0.20124684678500962,1.0248351648351648,1.0248351648351648,9.31868131868132,0.17679649773291145,116.97024069942655,86.9220607661823,0.3291776514138153,0.869220607661823,0.39339588301628176,49.720466179861106,-67.24977451956545,6.696143306125021,50,50,24.16581892967224
662,,-18.295586282999615,-0.192585118768417,0.21992813795804977,0.2,0.2,0.2,0.8790931989924433,0.9549295774647887,0.02022058823529412,0.3272058823529412,0.6525735294117647,0.20603885074589082,0.9345263157894736,0.9345263157894736,10.115789473684211,0.21444721357403357,129.8760377389413,88.87323943661973,0.3705430583153146,0.8887323943661972,0.4281839920918079,49.797215006571975,-80.07882273236935,6.408308952984093,50,50,25.296866416931152
663,,-18.975411936882427,-0.20852101029541129,0.20285449852235615,0.14,0.14,0.14,0.8679727427597955,0.9494219653179191,0.011246485473289597,0.3402061855670103,0.6485473289597001,0.19888900453535566,0.945054945054945,0.945054945054945,11.395604395604396,0.29406178454428983,115.17859555799834,86.41618497109826,0.337434670843282,0.8641618497109826,0.4041621816115813,44.63786645562434,-70.540729102374,6.17903934029832,50,50,25.143555164337158
664,,-8.31899473989282,-0.09453403113514569,0.12119276821613312,0.24,0.24,0.24,0.9077429983525536,0.9556135770234987,0.014938488576449912,0.31195079086115995,0.6731107205623902,0.1994711321447779,0.9620454545454545,0.9620454545454545,10.977272727272727,0.060654338144857586,110.27909128250838,87.0757180156658,0.29109902585487013,0.8707571801566579,0.3455859473406797,50.91122686055745,-59.36786442195092,6.3443896161102025,50,50,23.77589178085327
665,,-19.045844637919178,-0.20479402836472235,-0.044252743323644005,0.14,0.14,0.14,0.8218724109362054,0.9338959212376934,0.019175455417066157,0.29913710450623204,0.6816874400767018,0.20024574746363372,1.0176344086021505,1.0176344086021505,9.129032258064516,0.2770035125375802,113.72801078113613,88.88888888888889,0.3676659833182486,0.8888888888888888,0.4280403377542438,49.357607731402,-64.37040304973414,6.2608401107878535,50,50,25.915963888168335
666,,-7.861807112835449,-0.09141636177715638,-0.053897205740213394,0.2,0.2,0.2,0.8906379453189727,0.9577278731836195,0.01615798922800718,0.30430879712746856,0.6795332136445242,0.19614626810161076,1.0206976744186047,1.0206976744186047,10.05813953488372,0.056373601373588975,138.22316805347143,89.69616908850726,0.3359680186103056,0.8969616908850726,0.39349445887194545,49.06075031687925,-89.16241773659218,6.526053898446204,50,50,23.530352115631104
667,,-20.56376423146802,-0.21876344927093638,0.13352329209446906,0.16,0.16,0.16,0.8605610561056105,0.9398907103825137,0.021004566210045664,0.3105022831050228,0.6684931506849315,0.1967574063004925,0.9538297872340425,0.9538297872340425,10.063829787234043,0.2724665082358044,141.33414153179802,87.70491803278688,0.35069362717215774,0.8770491803278688,0.41292436494003876,47.75380706871811,-93.58033446307992,5.668647405658176,50,50,24.94908046722412
668,,-10.299749708087928,-0.11572752480997672,0.2820545732975006,0.24,0.24,0.24,0.9063291139240506,0.9617486338797814,0.020664869721473494,0.3216531895777179,0.6576819407008087,0.19549812598132693,0.9516853932584269,0.9516853932584269,11.842696629213483,0.09072766850111623,106.8822882406987,84.8360655737705,0.3140361739980269,0.8483606557377049,0.39176829300652977,46.99941513295193,-59.882873107746775,6.414744710602666,50,50,24.067668676376343
669,,-11.764498093086214,-0.1307166454787357,0.21435489505529404,0.22,0.22,0.22,0.862098138747885,0.9498607242339833,0.02537593984962406,0.299812030075188,0.674812030075188,0.20131971899942921,1.0502222222222222,1.0502222222222222,9.222222222222221,0.11099883087633639,112.89482797863045,86.76880222841226,0.33304381498604785,0.8676880222841226,0.39805897570691795,49.304928139152466,-63.58989983947799,5.9020137571640605,50,50,23.728286743164062
670,,-6.148616451109402,-0.06683278751205872,0.1201041169803251,0.32,0.32,0.32,0.9055973266499582,0.9687906371911573,0.020554066130473638,0.29222520107238603,0.6872207327971404,0.20052674778156948,0.9580434782608696,0.9580434782608696,9.0,0.021434268639107874,152.84804633325479,86.73602080624188,0.30496450205473163,0.8673602080624188,0.36216593788173346,50.64542396961975,-102.20262236363503,6.114318154345661,50,50,24.5906503200531
671,,-8.276624628430744,-0.09853124557655647,0.13720991648733616,0.22,0.22,0.22,0.882303132938188,0.9501347708894878,0.012903225806451613,0.3032258064516129,0.6838709677419355,0.20590527268150166,1.0226190476190475,1.0226190476190475,11.654761904761905,0.0659620599471126,101.70285357583805,86.79245283018868,0.30438244727795655,0.8679245283018868,0.36554472180090486,49.08891358439219,-52.61393999144586,6.220736370954898,50,50,22.724154472351074
672,,-15.572155326269908,-0.1749680373738192,0.09270859509706497,0.16,0.16,0.16,0.8728033472803347,0.9498018494055482,0.02578268876611418,0.27716390423572745,0.6970534069981584,0.19511254658053648,1.0307865168539325,1.0307865168539325,7.404494382022472,0.2084050282502255,113.1183039818876,85.7331571994716,0.3184663307347243,0.857331571994716,0.39097484694875917,48.62068033700113,-64.49762364488647,6.45228630975394,50,50,23.519400119781494
673,,-15.65246485972805,-0.16304650895550052,0.23830179870128632,0.18,0.18,0.18,0.8701406120760959,0.941970310391363,0.018148820326678767,0.30943738656987296,0.6724137931034483,0.1957343679277892,0.9789583333333334,0.9789583333333334,9.34375,0.18339809728710113,119.80528504533308,87.98920377867746,0.35430142265314163,0.8798920377867746,0.4148803058526806,48.34286405467972,-71.46242099065336,6.594438353695051,50,50,26.65423274040222
674,,-1.6211963884653855,-0.01801329320517095,0.1920319516211748,0.34,0.34,0.34,0.9336691855583543,0.9595448798988622,0.016550522648083623,0.29442508710801396,0.6890243902439024,0.19354058302219104,0.9004444444444445,0.9004444444444445,10.244444444444444,0.002040214188613196,109.88640790532712,87.48419721871049,0.29039535946968953,0.8748419721871049,0.34162624354455967,52.84185422754515,-57.04455367778197,6.361911197406555,50,50,23.25173568725586
675,,3.9572344095106597,0.04548545298288115,0.18790192902088165,0.44,0.44,0.44,0.9332763045337895,0.9667519181585678,0.012522361359570662,0.2880143112701252,0.6994633273703041,0.18827423745793226,0.9103448275862069,0.9103448275862069,9.74712643678161,0.01009307078015023,111.35665030726517,85.80562659846548,0.25343179298674995,0.8580562659846548,0.3107163431083088,51.94103765441815,-59.41561265284702,6.877822718468809,50,50,22.311389446258545
676,,-23.284055187395417,-0.245095317762057,0.23487387038767338,0.12,0.12,0.12,0.8635607321131448,0.9376657824933687,0.01652892561983471,0.2910927456382002,0.6923783287419651,0.19029231364737423,0.9658947368421053,0.9658947368421053,8.410526315789474,0.3615399536138272,118.74573606211439,87.26790450928382,0.3174941011951182,0.8726790450928382,0.3772616164343505,50.64039922608596,-68.10533683602843,6.072278964490431,50,50,25.539687871932983
677,,-36.079945165837174,-0.3502907297654095,0.05105152726173401,0.12,0.12,0.12,0.8577405857740585,0.9373297002724795,0.018604651162790697,0.2986046511627907,0.6827906976744186,0.18173248460145747,0.8854368932038835,0.8854368932038835,7.184466019417476,0.4572414175146067,157.05666600068997,87.05722070844686,0.34295706538516785,0.8705722070844687,0.4099562526365434,50.02962745894318,-107.0270385417468,6.570801725776449,50,50,26.563565254211426
678,,-1.209167936371585,-0.014060092283390524,0.14323950248459974,0.34,0.34,0.34,0.9052808046940486,0.9656538969616909,0.0170863309352518,0.302158273381295,0.6807553956834532,0.1807840558992926,1.0027906976744185,1.0027906976744185,10.767441860465116,0.001116577655186168,102.1101223591858,89.16776750330251,0.32250019985005424,0.8916776750330251,0.3711551312500363,50.97847698282264,-51.13164537636315,6.516824604576203,50,50,22.64143395423889
679,,-13.125612875129177,-0.14915469176283155,0.15544883906841278,0.22,0.22,0.22,0.8949181739879414,0.9601593625498008,0.018535681186283594,0.283595922150139,0.6978683966635774,0.1781941688138481,1.0070454545454546,1.0070454545454546,8.488636363636363,0.12139388997591101,126.32444009592172,86.32138114209828,0.3142559916946807,0.8632138114209827,0.37769310350305496,52.28793896453052,-74.0365011313912,6.289392262037071,50,50,23.571313858032227
680,,-5.109289558500903,-0.05941034370349887,0.1479814611375332,0.28,0.28,0.28,0.9072512647554806,0.9558080808080808,0.02242152466367713,0.2672645739910314,0.7103139013452915,0.17698216248689616,0.9930232558139535,0.9930232558139535,8.627906976744185,0.02368047096197615,97.04926318444272,85.73232323232324,0.2730978507814913,0.8573232323232324,0.3494598273394034,49.634526500614456,-47.41473668382827,6.727202696808592,50,50,22.892103910446167
681,,-6.292224430655684,-0.07069915090624364,0.06911006569862366,0.24,0.24,0.24,0.8738664468260511,0.9506008010680908,0.026196928635953028,0.2971996386630533,0.6766034327009937,0.17354302150769593,1.0382022471910113,1.0382022471910113,10.07865168539326,0.03918000284320456,110.68244161299765,86.11481975967958,0.2690984140646136,0.8611481975967957,0.37611338841209074,51.040576405661525,-59.641865207336124,6.015379864033484,50,50,24.20279836654663
682,,-4.17533719321688,-0.04744701355928272,0.3299425542354584,0.3,0.3,0.3,0.8761583824768323,0.9502688172043011,0.023062730627306273,0.29059040590405905,0.6863468634686347,0.17999150238715547,1.0420454545454545,1.0420454545454545,9.215909090909092,0.01420329079698281,110.04527052006932,87.09677419354838,0.32705832845237803,0.8709677419354839,0.38949412438178543,48.745350915371205,-61.29991960469811,6.200679175123089,50,50,23.056697130203247
683,,-3.501552982609014,-0.039790374802375156,0.12812933946649233,0.38,0.38,0.38,0.8935456831517183,0.966804979253112,0.012785388127853882,0.3269406392694064,0.6602739726027397,0.17489327898657145,0.8661363636363636,0.8661363636363636,12.215909090909092,0.007459722977387158,134.70447929004706,86.30705394190872,0.24366905391605817,0.8630705394190872,0.32714836003242576,49.785373705282616,-84.91910558476445,6.764915416550723,50,50,23.817728519439697
684,,-4.566105751365337,-0.05073450834850375,0.21963810424009958,0.3,0.3,0.3,0.8816762530813476,0.9569313593539704,0.015232974910394265,0.31899641577060933,0.6657706093189965,0.17673889339968527,0.9964444444444445,0.9964444444444445,10.822222222222223,0.01734808924884677,108.24139255267329,87.48317631224765,0.34084229630812285,0.8748317631224765,0.4035876404402998,50.9065870106682,-57.33480554200509,6.448558336629978,50,50,24.17448854446411
685,,-2.142327493809103,-0.024910784811733755,0.11961083114147186,0.34,0.34,0.34,0.9165964616680707,0.9623430962343096,0.012455516014234875,0.349644128113879,0.6379003558718861,0.172027291157818,0.9218604651162791,0.9218604651162791,13.895348837209303,0.0036118985844407567,121.47118309295925,85.49511854951184,0.30526239611372324,0.8549511854951185,0.3742453329727481,49.43111567798178,-72.04006741497747,6.576390057222573,50,50,22.732950448989868
686,,-10.300891501225404,-0.11076227420672478,0.03571057692170143,0.24,0.24,0.24,0.9046454767726161,0.9595092024539877,0.010462074978204011,0.27898866608544026,0.7105492589363557,0.1670682966481822,0.986021505376344,0.986021505376344,8.881720430107526,0.0776729171876917,123.10590136963411,84.5398773006135,0.3100870539570289,0.845398773006135,0.38289825710065384,50.26611998311412,-72.83978138651999,6.698398656697873,50,50,24.579923629760742
687,,-8.518398439921572,-0.09259128739045187,0.09126299992203712,0.3,0.3,0.3,0.8989229494614748,0.9537869062901155,0.009769094138543518,0.2984014209591474,0.6918294849023091,0.1655506908732826,0.9804347826086957,0.9804347826086957,9.608695652173912,0.04361188700270855,132.93751633323723,89.08857509627728,0.3482536910524573,0.8908857509627728,0.40570468865346926,50.63212204372843,-82.30539428950881,6.534629206144611,50,50,24.700172901153564
688,,-2.5798362643851513,-0.029316321186194903,0.17084118723869324,0.32,0.32,0.32,0.9112769485903814,0.9571984435797666,0.014925373134328358,0.30816505706760317,0.6769095697980685,0.16236467367464766,1.0272727272727273,1.0272727272727273,10.897727272727273,0.00524753740357338,98.21836341591576,85.73281452658884,0.3152703899062048,0.8573281452658884,0.3845287429866178,48.89214149105792,-49.32622192485784,6.272312885433645,50,50,23.31289839744568
689,,-9.42920281039135,-0.1136048531372452,0.2290049996227026,0.12,0.12,0.12,0.8864592094196804,0.9503355704697987,0.016423357664233577,0.30383211678832117,0.6797445255474452,0.15926456273572326,1.0279518072289158,1.0279518072289158,9.891566265060241,0.12137323026976188,101.83593815263589,85.1006711409396,0.2953580189720167,0.851006711409396,0.36414866569557963,51.282335994492875,-50.553602158143015,6.681835428000742,50,50,22.26864242553711
690,,-17.81240429706936,-0.19153122900074582,0.031549631928404175,0.12,0.12,0.12,0.8551554828150573,0.9312762973352033,0.014585232452142206,0.33546034639927075,0.649954421148587,0.16032521334284622,1.0141935483870967,1.0141935483870967,11.21505376344086,0.27798082707069166,141.6491617375151,85.55399719495091,0.36022494864472027,0.8555399719495091,0.43686925750784583,48.859772507885154,-92.78938922962993,6.348933668655121,50,50,25.471641063690186
691,,-4.881212177153881,-0.05484508064217843,0.20585447549819946,0.32,0.32,0.32,0.8952221290863369,0.9685792349726776,0.012750455373406194,0.3205828779599271,0.6666666666666666,0.15666687300828844,0.9408988764044944,0.9408988764044944,10.438202247191011,0.01783859907779844,114.31393691310404,87.8415300546448,0.3321548763097687,0.8784153005464481,0.39010628926381974,50.46198601714624,-63.8519508959578,6.3060814059622885,50,50,24.315362453460693
692,,-0.15750274813049242,-0.0018750327158391954,0.13069503009319305,0.34,0.34,0.34,0.8986099754701553,0.9603174603174603,0.013192612137203167,0.32189973614775724,0.6649076517150396,0.16272248748196425,0.9785714285714285,0.9785714285714285,12.464285714285714,2.066196973341814e-05,112.33387673487155,85.84656084656085,0.3129489352779769,0.8584656084656085,0.37953209822991046,51.21725373678502,-61.11662299808653,6.3327568648747254,50,50,22.35879945755005
693,,5.732906324991004,0.06514666278398867,0.13979057470957437,0.48,0.48,0.48,0.92616899097621,0.9717948717948718,0.022433132010353754,0.30457290767903367,0.6729939603106126,0.15859268620657943,0.884090909090909,0.884090909090909,11.545454545454545,0.020782782897046412,106.66347051736724,87.43589743589743,0.2811801062741266,0.8743589743589744,0.3325314194934465,52.91758375559691,-53.745886761770336,6.702688119411447,50,50,22.90891194343567
694,,-11.280371269163801,-0.12000394967195534,0.15995023399591446,0.28,0.28,0.28,0.9017632241813602,0.9639519359145527,0.011722272317403066,0.3128944995491434,0.6753832281334535,0.15668306978685034,0.8204255319148936,0.8204255319148936,10.297872340425531,0.07990308325129251,123.25769161609249,86.91588785046729,0.2988398301029206,0.8691588785046729,0.3535574922003237,49.0505633089485,-74.20712830714399,6.768797072027526,50,50,24.277110815048218
695,,-15.460422337422541,-0.17770600387842,0.12082136142998934,0.18,0.18,0.18,0.8514431239388794,0.9404432132963989,0.016129032258064516,0.29886148007590135,0.6850094876660342,0.16272028206378686,0.9335632183908046,0.9335632183908046,9.735632183908047,0.19349355738920349,122.27119296509643,88.64265927977839,0.31477169935484,0.8864265927977839,0.3668166206562607,49.647538304448034,-72.6236546606484,6.6178199160180435,50,50,23.025917291641235
696,,-3.4614717863143385,-0.036056997774107695,0.07691480219364166,0.38,0.38,0.38,0.9201680672268907,0.9675,0.010676156583629894,0.2775800711743772,0.7117437722419929,0.16288500271827616,0.8922916666666667,0.8922916666666667,8.447916666666666,0.00679053708360678,135.72704387115775,87.0,0.3016176678616955,0.87,0.3582418051862837,51.64805715985358,-84.07898671130417,6.339140362917123,50,50,24.353612422943115
697,,8.177431088915972,0.09852326613151774,0.11225610133260489,0.4,0.4,0.4,0.9271685761047463,0.9747155499367889,0.014667817083692839,0.3028472821397757,0.6824849007765315,0.17111424025833583,0.9978313253012048,0.9978313253012048,11.457831325301205,0.05619606768573371,96.29990438130875,88.62199747155499,0.29375802277976737,0.8862199747155499,0.3440331109329171,50.9950174726424,-45.30488690866635,6.7837375037417935,50,50,22.543148279190063
698,,-14.326469321101554,-0.16280078773979037,-0.02111978642642498,0.16,0.16,0.16,0.8766778523489933,0.9464524765729585,0.012797074954296161,0.30438756855575866,0.6828153564899452,0.16318633633288052,0.9790909090909091,0.9790909090909091,10.227272727272727,0.1927729917427575,103.58639197237885,88.08567603748327,0.35436464598379475,0.8808567603748326,0.4128635861912491,47.171340613762865,-56.41505135861598,6.673593299946962,50,50,23.93798542022705
699,,-10.198753855696898,-0.11331948728552109,0.1488528810441494,0.26,0.26,0.26,0.8866328257191202,0.9550858652575958,0.01098901098901099,0.2957875457875458,0.6932234432234432,0.1638820728263559,1.0173333333333334,1.0173333333333334,8.833333333333334,0.07453602887360285,117.80871593234542,85.99735799207397,0.318790150509035,0.8599735799207398,0.3835344867147585,50.91265272721861,-66.89606320512682,6.759368039600752,50,50,23.786147832870483
700,,-13.323646784092807,-0.1432650191837936,0.029372604563832283,0.24,0.24,0.24,0.8975,0.9533333333333334,0.020462633451957295,0.3122775800711744,0.6672597864768683,0.1657470091131069,1.007956989247312,1.007956989247312,9.516129032258064,0.10788659517627609,153.17724134899458,87.33333333333333,0.3362653635412659,0.8733333333333333,0.3975779947601556,50.59969878743407,-102.5775425615605,6.3746927607600385,50,50,24.766301155090332
701,,-7.823978682525411,-0.08597778772005946,0.10583629831671715,0.22,0.22,0.22,0.9094650205761317,0.9648173207036536,0.016710642040457344,0.3333333333333333,0.6499560246262093,0.16246460446228841,0.967032967032967,0.967032967032967,11.54945054945055,0.05604187714620941,121.65519507343474,85.38565629228687,0.31362710938857086,0.8538565629228687,0.3847995837729668,51.11252214579875,-70.54267292763599,6.210556806286357,50,50,23.7076575756073
702,,-4.634777194840508,-0.05149752438711675,0.04422397414843241,0.36,0.36,0.36,0.9148753224419605,0.9573590096286108,0.012738853503184714,0.3257506824385805,0.6615104640582348,0.16068664390434748,0.7966666666666666,0.7966666666666666,11.911111111111111,0.012952841540775358,118.01326063343237,85.00687757909216,0.27757229879120743,0.8500687757909215,0.3419806550037134,53.60422906908395,-64.40903156434841,6.838248262458146,50,50,22.696224451065063
703,,-7.0209375004677925,-0.08163880814497433,0.17553428063790003,0.24,0.24,0.24,0.8875838926174496,0.9427792915531336,0.0189873417721519,0.31735985533453887,0.6636528028933092,0.1621746545748059,0.9832558139534884,0.9832558139534884,12.476744186046512,0.04751820348041062,104.42791213962363,86.78474114441417,0.31217763704094054,0.8678474114441417,0.37761450463903257,48.94680376380519,-55.48110837581843,6.681326933898608,50,50,23.65400981903076
704,,-14.753299527364378,-0.17154999450423694,0.12709028832614422,0.1,0.1,0.1,0.869885433715221,0.9485791610284168,0.008984725965858042,0.3270440251572327,0.6639712488769093,0.16415049967435216,1.0086046511627906,1.0086046511627906,12.174418604651162,0.2612587690081166,112.44743560475868,86.60351826792963,0.31354220219287937,0.8660351826792964,0.3758825353636965,45.98847939967697,-66.4589562050817,5.739619662537839,50,50,23.666717767715454
705,,-0.07942313353689356,-0.0009569052233360671,0.10901791229844093,0.36,0.36,0.36,0.9120135363790186,0.9621848739495799,0.018901890189018902,0.3384338433843384,0.6426642664266426,0.1614770533821559,0.9342168674698795,0.9342168674698795,12.939759036144578,4.879457826234655e-06,108.14863421232015,87.25490196078431,0.286298230980816,0.8725490196078431,0.34112751377066136,51.52939736717206,-56.61923684514809,6.686650150417659,50,50,22.40688943862915
706,,-11.509481311130326,-0.1307895603537537,0.025767143815755844,0.18,0.18,0.18,0.8614357262103506,0.9454787234042553,0.012025901942645698,0.2923219241443108,0.6956521739130435,0.16514212671988224,1.1143181818181818,1.1143181818181818,8.568181818181818,0.1355781851431738,106.88974164732701,86.17021276595744,0.3399599505202611,0.8617021276595744,0.41069405774967926,51.21930075444039,-55.67044089288662,6.025478874681361,50,50,23.724335193634033
707,,-0.0011275088504077296,-1.342272440961583e-05,0.13046634693940481,0.32,0.32,0.32,0.923785594639866,0.970310391363023,0.015971606033717833,0.32653061224489793,0.6574977817213842,0.16476222650804456,1.02,1.02,11.761904761904763,1.2487958324436842e-09,95.79720065163332,87.04453441295547,0.31718146516421475,0.8704453441295547,0.3775555103683521,46.89184054686738,-48.90536010476594,6.793914859973615,50,50,21.92254638671875
708,,-2.54052731262695,-0.028545250703673596,0.0903878528624773,0.34,0.34,0.34,0.914572864321608,0.9593709043250328,0.015097690941385435,0.30728241563055064,0.677619893428064,0.16851688541077586,0.9276404494382022,0.9276404494382022,10.224719101123595,0.004681092202428362,112.47322851446899,88.46657929226737,0.2922051525451637,0.8846657929226737,0.35113725740625673,53.03521878629864,-59.43800972817035,6.567464913525293,50,50,23.520223379135132
709,,11.051899429551424,0.13157023130418363,0.16469262167811394,0.5,0.5,0.5,0.9441201000834029,0.978343949044586,0.010407632263660017,0.30875975715524717,0.6808326105810928,0.17164268382861533,0.9711904761904762,0.9711904761904762,11.702380952380953,0.08188655137327455,108.7189588331923,88.6624203821656,0.30008906952700937,0.8866242038216561,0.34852646600944936,51.35502701963301,-57.36393181355929,6.930996825404481,50,50,22.029659271240234
710,,-15.640088937277916,-0.17000096670954257,0.11218256875872612,0.2,0.2,0.2,0.8535773710482529,0.9411764705882353,0.01585820895522388,0.3180970149253731,0.6660447761194029,0.17273217431890336,0.9834782608695652,0.9834782608695652,9.956521739130435,0.17377361152912454,119.1570576852859,86.69467787114846,0.359438728337774,0.8669467787114846,0.42940642192260536,50.05649552052121,-69.1005621647647,5.765240065998144,50,50,24.73778009414673
711,,-10.775495286606628,-0.11841203611655635,0.12678059024943245,0.18,0.18,0.18,0.9017341040462428,0.9561855670103093,0.00354295837023915,0.3091231178033658,0.687333923826395,0.17609797576964312,0.9589010989010989,0.9589010989010989,9.692307692307692,0.10868782269162659,110.26379330263242,85.30927835051546,0.29391484672629686,0.8530927835051546,0.3594671571111495,47.02189820143191,-63.241895101200505,6.149729992317392,50,50,23.849393606185913
712,,-5.995744362930427,-0.06517113437967856,0.25207242369651794,0.3,0.3,0.3,0.9050324675324676,0.9646341463414634,0.004347826086956522,0.2826086956521739,0.7130434782608696,0.1813710396190863,0.9606521739130435,0.9606521739130435,9.304347826086957,0.026551983655048194,124.04759738241016,87.1951219512195,0.3041235233994713,0.8719512195121951,0.36066061453806236,50.39673152923757,-73.65086585317259,6.673893474828865,50,50,24.398571014404297
713,,-3.7634579966330524,-0.04325813789233394,0.09058248003323872,0.28,0.28,0.28,0.8964955175224124,0.9700520833333334,0.012345679012345678,0.31040564373897706,0.6772486772486772,0.18415024372776628,1.0142528735632184,1.0142528735632184,10.344827586206897,0.012075351588359042,121.58497480682182,88.54166666666666,0.33679840764445923,0.8854166666666666,0.39203797632976195,51.9589629411235,-69.62601186569832,6.121875569539957,50,50,24.052863597869873
714,,-12.25325795066339,-0.13614731056292656,0.1441615124543508,0.2,0.2,0.2,0.8853135313531353,0.9494310998735778,0.011607142857142858,0.28214285714285714,0.70625,0.18521634420616384,1.0677777777777777,1.0677777777777777,8.233333333333333,0.11842623037257408,147.6579079659305,86.5992414664981,0.3176544947116912,0.865992414664981,0.38370633328448517,50.60768859158447,-97.05021937434601,5.689590426362876,50,50,24.265366077423096
715,,-3.944642282257723,-0.04382935869175248,0.050861820578575134,0.26,0.26,0.26,0.9023596419853539,0.9540507859733979,0.005212858384013901,0.27628149435273675,0.7185056472632494,0.1861826118120403,1.0286666666666666,1.0286666666666666,9.3,0.013985942657855273,137.492218168261,87.06166868198308,0.32040492418592226,0.8706166868198307,0.3900410349361996,49.766169767481415,-87.72604840077958,6.3316738645816315,50,50,24.25669288635254
716,,-8.257880124210244,-0.09491816234724418,-0.188242569565773,0.2,0.2,0.2,0.8907849829351536,0.9568062827225131,0.014842300556586271,0.2764378478664193,0.7087198515769945,0.18619758300917777,1.026896551724138,1.026896551724138,9.022988505747126,0.07261632353956551,94.94023012891071,87.17277486910994,0.3204476789706764,0.8717277486910995,0.3790799840136723,47.90583415472812,-47.034395974182594,6.559316285673969,50,50,24.099740505218506
717,,-16.935149541021904,-0.17280764837777451,0.10961329191923141,0.12,0.12,0.12,0.8813694267515924,0.9496932515337423,0.013805004314063849,0.2830025884383089,0.7031924072476272,0.1846979278022226,1.096530612244898,1.096530612244898,8.285714285714286,0.27181740023739265,130.16316304879223,88.22085889570552,0.3469641536526702,0.8822085889570552,0.419876041602105,48.892753125286724,-81.2704099235055,6.3827666395117095,50,50,27.42317771911621
718,,-0.5471693052383108,-0.006437285943980127,0.1277187466621399,0.26,0.26,0.26,0.885,0.951530612244898,0.009033423667570008,0.2827461607949413,0.7082204155374887,0.18724465281528468,1.131764705882353,1.131764705882353,9.047058823529412,0.00035774294760956366,94.0453352218094,86.60714285714286,0.3379807795306607,0.8660714285714286,0.4101200533938035,50.43347725960561,-43.611857962203786,5.975173541155703,50,50,23.202746868133545
719,,-4.8902332251060905,-0.05202375771389458,0.2569435238838196,0.32,0.32,0.32,0.8951678951678952,0.951715374841169,0.0079155672823219,0.29991204925241866,0.6921723834652594,0.1912695520155451,0.961063829787234,0.961063829787234,10.180851063829786,0.0162664475499221,123.1906901758077,87.54764930114358,0.31531191927376884,0.8754764930114358,0.37149260585518823,52.2335599633634,-70.9571302124443,6.1272632794743025,50,50,25.43927526473999
720,,-10.134173137432828,-0.10781035252588116,0.18218648433685303,0.32,0.32,0.32,0.8967254408060453,0.963151207115629,0.01177536231884058,0.2753623188405797,0.7128623188405797,0.18815907869355641,0.9453191489361702,0.9453191489361702,8.202127659574469,0.054922158714292735,124.64971966304181,85.7687420584498,0.2905997344491801,0.8576874205844981,0.35412098796187774,51.288325634050196,-73.36139402899161,6.963277340827542,50,50,24.17185950279236
721,,-5.823311210822671,-0.06543046304295136,0.10377580672502518,0.26,0.26,0.26,0.8945216680294358,0.9560155239327296,0.01147396293027361,0.3062665489849956,0.6822594880847308,0.19193578683856133,0.9480898876404494,0.9480898876404494,11.146067415730338,0.027687349035729208,102.69470595819345,87.83958602846054,0.31800823483343216,0.8783958602846055,0.3732183519669468,47.98613637805738,-54.70856958013607,6.438360514028558,50,50,24.345762729644775
722,,-19.983645970910928,-0.2081629788636555,0.11329357977956533,0.2,0.2,0.2,0.8841927303465765,0.939106901217862,0.006404391582799634,0.3174748398902104,0.67612076852699,0.19079297959127112,0.915,0.915,10.145833333333334,0.2241994997710986,126.24281054227927,89.03924221921515,0.330856711334058,0.8903924221921515,0.3824250123433713,50.271546202526004,-75.97126433975326,6.5577237137329405,50,50,25.305968046188354
723,,-0.9510613384275837,-0.01080751520940436,0.05283296909183264,0.36,0.36,0.36,0.9038772213247173,0.9644268774703557,0.013020833333333334,0.328125,0.6588541666666666,0.1892911799733677,0.951590909090909,0.951590909090909,11.522727272727273,0.0006340846994679952,126.52615732487389,86.03425559947298,0.3040485310680969,0.8603425559947299,0.37223172483134226,50.88454248961604,-75.64161483525785,6.465055599188022,50,50,24.450963973999023
724,,3.820550978038482,0.04548274973855336,0.09320049942471087,0.36,0.36,0.36,0.9417637271214643,0.9758883248730964,0.009523809523809525,0.30822510822510824,0.6822510822510822,0.18598217235461476,0.9669047619047619,0.9669047619047619,11.821428571428571,0.012635637232186707,114.30255141286713,86.5482233502538,0.2905723885333251,0.8654822335025381,0.3488878993291045,49.598902799608126,-64.703648613259,6.236853991435695,50,50,22.74713683128357
725,,-5.481388141049874,-0.060235034517031584,0.17158804647624493,0.26,0.26,0.26,0.9095394736842105,0.9647979139504563,0.012302284710017574,0.31370826010544817,0.6739894551845342,0.18256868467902,1.0072527472527473,1.0072527472527473,10.395604395604396,0.02497656360269615,121.48254171570471,86.17992177314211,0.31366155530436085,0.8617992177314211,0.380590988582788,48.903328801649046,-72.57921291405566,6.077590721350054,50,50,24.36411714553833
726,,-7.385608838535324,-0.07774325093195078,0.011628065258264542,0.36,0.36,0.36,0.922165820642978,0.9610215053763441,0.007136485280999108,0.32917038358608386,0.6636931311329171,0.18114317494485754,0.8602105263157894,0.8602105263157894,10.957894736842105,0.02827890365351315,145.34840384193083,86.02150537634408,0.2908387610822599,0.8602150537634409,0.35076336987364326,53.92836542703729,-91.42003841489354,6.569983097409445,50,50,24.723831176757812
727,,-6.567033016207144,-0.07138079365442548,0.2315714992582798,0.32,0.32,0.32,0.9205807002561913,0.9659239842726082,0.014388489208633094,0.2994604316546763,0.6861510791366906,0.1814287181180312,0.9160869565217391,0.9160869565217391,9.33695652173913,0.028994073119949386,118.32839385244814,85.3211009174312,0.28876991568792965,0.8532110091743119,0.35397126335008067,49.452091301220776,-68.87630255122737,6.78488736256738,50,50,23.951268434524536
728,,-10.934807568739844,-0.1256874433188488,0.2384156994521618,0.16,0.16,0.16,0.8635990139687757,0.9477911646586346,0.009115770282588878,0.3099361896080219,0.6809480401093893,0.18024879522479123,1.0885057471264368,1.0885057471264368,10.206896551724139,0.13234319866953476,102.84419464161738,88.08567603748327,0.3561857543320379,0.8808567603748326,0.41411234503334243,50.130217690114364,-52.71397695150301,5.719823177037353,50,50,23.994958877563477
729,,-19.727225464503686,-0.19926490368185543,0.04152708748976389,0.18,0.18,0.18,0.8865131578947368,0.9553349875930521,0.009821428571428571,0.27053571428571427,0.7196428571428571,0.18369361069475565,0.9616161616161616,0.9616161616161616,8.434343434343434,0.2287212872457873,139.37685988907685,86.35235732009926,0.30677841663243627,0.8635235732009926,0.3809797935633322,50.39542192901247,-88.98143796006437,6.2847029314747465,50,50,25.38250160217285
730,,-1.8283855525409818,-0.021260297122569556,0.14158886352864405,0.28,0.28,0.28,0.9105351170568562,0.9612903225806452,0.0071301247771836,0.30213903743315507,0.6907308377896613,0.182681614664523,1.0274418604651163,1.0274418604651163,11.081395348837209,0.003163857971642671,108.69412220206625,86.83870967741936,0.31883685302877357,0.8683870967741936,0.38221239642551713,52.96878773932079,-55.725334462745465,6.570561170050298,50,50,23.127573013305664
731,,-0.7159348867137154,-0.00862572152667127,0.16972516477108002,0.34,0.34,0.34,0.9319148936170213,0.9697802197802198,0.01157613535173642,0.340160284951024,0.6482635796972396,0.1841134850142828,0.9474698795180723,0.9474698795180723,12.72289156626506,0.00041374605974139157,117.63245115027432,88.32417582417582,0.289119153465591,0.8832417582417582,0.33480278893355037,49.451539072128625,-68.1809120781457,6.580917388711674,50,50,22.646199464797974
732,,-3.2943832712776953,-0.03701554237390669,0.07594717666506767,0.32,0.32,0.32,0.9097682119205298,0.9573643410852714,0.013157894736842105,0.3078947368421053,0.6789473684210526,0.1820876754737597,0.9516853932584269,0.9516853932584269,11.359550561797754,0.007987391009330958,131.9733616525028,87.98449612403101,0.3033958113973792,0.8798449612403101,0.3567077756191832,51.71215046442781,-80.261211188075,6.77032842376455,50,50,23.738775491714478
733,,-6.4975339277851125,-0.06839509397668539,0.12004545778036117,0.36,0.36,0.36,0.9217970049916805,0.9621689785624212,0.008756567425569177,0.2968476357267951,0.6943957968476357,0.18287126422447372,0.9446315789473684,0.9446315789473684,8.505263157894737,0.022922377067288516,141.60655144313847,88.27238335435057,0.3301628491592955,0.8827238335435057,0.3849201892733766,51.53697801277294,-90.06957343036552,6.551293054429285,50,50,24.863976001739502
734,,-12.072809585590864,-0.13564954590551534,0.20264876186847686,0.2,0.2,0.2,0.8778688524590164,0.9562913907284768,0.0044964028776978415,0.31654676258992803,0.6789568345323741,0.18528094535163445,1.036629213483146,1.036629213483146,9.573033707865168,0.1177832771336271,134.50391028383626,89.00662251655629,0.3459419168650873,0.8900662251655629,0.4000450500184489,50.2008677588368,-84.30304252499947,5.7797805664938915,50,50,24.54821467399597
735,,-4.276033213982311,-0.04972131644165478,0.1803713453312715,0.26,0.26,0.26,0.9,0.9577656675749319,0.009927797833935019,0.3276173285198556,0.6624548736462094,0.1862897598666669,0.9213953488372093,0.9213953488372093,13.19767441860465,0.01669895096403207,109.97137442181568,84.60490463215258,0.26902027919036525,0.8460490463215259,0.3316201311575357,48.29735126774982,-61.67402315406587,6.837863342145082,50,50,22.940036296844482
736,,-28.346495175612993,-0.2983841597432947,0.043221083283424375,0.12,0.12,0.12,0.8595890410958904,0.9469026548672567,0.013257575757575758,0.3446969696969697,0.6420454545454546,0.18410764958796197,0.9267368421052632,0.9267368421052632,10.326315789473684,0.4584115101551637,127.59162721456192,89.97050147492625,0.3670707226298164,0.8997050147492626,0.4175952883744277,48.96566988136597,-78.62595733319596,6.658380975941403,50,50,25.91090750694275
737,,2.4690742795215015,0.02838016413243105,0.10708257555961609,0.34,0.34,0.34,0.9243902439024391,0.9747003994673769,0.010300429184549357,0.34506437768240344,0.6446351931330472,0.18138596887060646,0.9519540229885057,0.9519540229885057,13.701149425287356,0.005643066665865121,97.73150094581777,86.95073235685751,0.29764448314899555,0.8695073235685752,0.35708795489094586,49.52289583695641,-48.208605108861356,6.8962240499325285,50,50,22.963459730148315
738,,-10.924848482315106,-0.12005328002544073,0.13189597427845,0.24,0.24,0.24,0.9147485080988917,0.9560439560439561,0.009025270758122744,0.33393501805054154,0.6570397111913358,0.18457073074372443,0.932967032967033,0.932967032967033,11.45054945054945,0.07927230557683429,146.1306668641979,84.34065934065934,0.29438446000784696,0.8434065934065934,0.3645622262990449,48.0728479322002,-98.05781893199772,6.52599086346486,50,50,23.646958112716675
739,,-6.820027070717504,-0.07333362441631724,0.2584022283554077,0.32,0.32,0.32,0.9177852348993288,0.9644322845417237,0.010610079575596816,0.34305923961096374,0.6463306808134395,0.1814296054358341,0.8959139784946236,0.8959139784946236,11.763440860215054,0.03072991450600677,117.17186712690759,87.27770177838578,0.3346784376111397,0.8727770177838577,0.3950657100686182,49.899283228783844,-67.27258389812374,6.7734560763276965,50,50,23.965522289276123
740,,2.2018134957671807,0.02473947748053012,0.19550979137420654,0.36,0.36,0.36,0.9217462932454695,0.9711664482306684,0.008703220191470844,0.32724107919930373,0.6640557006092254,0.18006765924944815,0.9310112359550562,0.9310112359550562,13.359550561797754,0.0040815534487794285,110.5762202152226,85.84534731323721,0.27856896359907163,0.8584534731323722,0.337900120682041,49.102030229542905,-61.4741899856797,6.988097189149637,50,50,23.67599391937256
741,,-1.7583054153301858,-0.01975624062168748,0.15206997469067574,0.32,0.32,0.32,0.9161184210526315,0.9561855670103093,0.011304347826086957,0.3139130434782609,0.6747826086956522,0.1840070610474357,0.9510112359550562,0.9510112359550562,11.134831460674157,0.002561520193732804,114.14131355623223,86.85567010309279,0.29335168440021336,0.8685567010309279,0.3554016211373345,49.98968169617071,-64.15163186006153,6.807160051505685,50,50,23.254966259002686
742,,-8.780415708809542,-0.10209785707918072,0.20245575532317162,0.22,0.22,0.22,0.9110556940980881,0.9584450402144772,0.01584507042253521,0.3274647887323944,0.6566901408450704,0.18286925354959113,0.9483720930232559,0.9483720930232559,11.325581395348838,0.07042008313391752,116.24089156985161,86.8632707774799,0.2906880780699048,0.868632707774799,0.3463712633828232,51.81063548207778,-64.43025608777384,6.960188504356455,50,50,22.96315312385559
743,,19.58819604285978,0.23600236196216604,0.14782572388648987,0.62,0.62,0.62,0.9563786008230453,0.9828220858895705,0.007633587786259542,0.3011026293469042,0.6912637828668363,0.18504658148039296,0.9346987951807229,0.9346987951807229,10.987951807228916,0.23959933652686752,123.54063766292653,87.11656441717791,0.2526377236542622,0.8711656441717791,0.2997444626190183,51.57800368936992,-71.9626339735566,7.246912858095316,50,50,21.61737608909607
744,,-3.243199512983618,-0.036440443966108065,0.2568749785423279,0.32,0.32,0.32,0.909468438538206,0.9577836411609498,0.005291005291005291,0.3262786596119929,0.6684303350970018,0.18799746694747985,0.9191011235955057,0.9191011235955057,11.258426966292134,0.008584179232211065,107.89748499317963,87.0712401055409,0.276711717101682,0.8707124010554089,0.3621052756395173,51.21528051691861,-56.68220447626103,6.830329526661313,50,50,23.403023958206177
745,,-8.532379038420173,-0.08981451619389655,0.1151670826599002,0.34,0.34,0.34,0.877104377104377,0.953551912568306,0.014787430683918669,0.30868761552680224,0.6765249537892791,0.18751948729320123,0.9402105263157895,0.9402105263157895,9.08421052631579,0.042289144583498355,132.78585747670883,90.1639344262295,0.3281782301453746,0.9016393442622951,0.3727686250065421,52.187507984475836,-80.59834949223298,6.435551768989347,50,50,25.16779923439026
746,,6.993092768965226,0.07770103076628028,0.24189691245555878,0.46,0.46,0.46,0.9497528830313015,0.9733656174334141,0.011016949152542373,0.2889830508474576,0.7,0.1902369230316512,0.8988888888888888,0.8988888888888888,9.988888888888889,0.03368185231264328,132.0103137017666,85.83535108958837,0.26857481167147423,0.8583535108958837,0.32603496456023345,50.53405817275413,-81.47625552901246,6.944171686487923,50,50,22.93316888809204
747,,-10.472828499973094,-0.1150860274722318,0.126765830299029,0.28,0.28,0.28,0.8977853492333902,0.9506008010680908,0.01,0.3090909090909091,0.6809090909090909,0.19040225753990145,0.9982417582417582,0.9982417582417582,9.791208791208792,0.0766601778158233,111.71578244689454,87.31642189586115,0.3181639401369925,0.8731642189586115,0.3796304231952612,50.125728149111,-61.59005429778354,6.150078844385139,50,50,23.693715572357178
748,,-15.543501830581944,-0.1653564024529994,0.0983530287630856,0.2,0.2,0.2,0.8768595041322315,0.9448275862068966,0.009033423667570008,0.33604336043360433,0.6549232158988256,0.18686567576427787,0.9378723404255319,0.9378723404255319,11.936170212765957,0.17198172477548998,122.23362182638678,87.72413793103449,0.32246900283537056,0.8772413793103448,0.3816823909001018,49.35622288935394,-72.87739893703284,6.167450568020565,50,50,25.514099836349487
749,,-16.94597753773234,-0.18621953338167407,0.14615581650286913,0.12,0.12,0.12,0.8668885191347754,0.9405405405405406,0.010968921389396709,0.3126142595978062,0.676416819012797,0.18604835952762316,1.0092307692307692,1.0092307692307692,8.934065934065934,0.2699701817030471,107.17488169692581,85.27027027027026,0.3264618623744441,0.8527027027027027,0.4004394344910616,49.61185359946951,-57.563028097456304,6.564172242898761,50,50,24.244357347488403
750,,1.0785387886744267,0.01254114870551659,0.1570528270676732,0.32,0.32,0.32,0.9334995843724023,0.9778933680104032,0.017406440382941687,0.3133159268929504,0.6692776327241079,0.19157583958637187,0.9662790697674418,0.9662790697674418,11.895348837209303,0.0011634133825164637,105.95993453971707,87.1261378413524,0.30901563085133765,0.871261378413524,0.3656747338746508,50.56283071929393,-55.39710382042313,7.062227919967573,50,50,23.26093554496765
751,,1.6100105077134628,0.01750011421427677,0.07025172980502248,0.44,0.44,0.44,0.9406276505513147,0.9720744680851063,0.009674582233948988,0.3289357959542656,0.6613896218117854,0.187576441842863,0.8880434782608696,0.8880434782608696,11.391304347826088,0.0015559047466230924,124.91416579503472,86.56914893617021,0.29895844245903563,0.8656914893617021,0.3592719252153493,49.51184335211637,-75.40232244291835,6.5011745495193844,50,50,22.70231556892395
752,,0.24935294541929498,0.0029335640637564117,0.24230142044169561,0.36,0.36,0.36,0.9224283305227656,0.9647218453188603,0.007992895204262877,0.33747779751332146,0.6545293072824157,0.19304961016835123,0.9310588235294117,0.9310588235294117,13.070588235294117,4.6942389047677136e-05,113.24180908294359,87.38127544097694,0.29350995567669663,0.8738127544097694,0.34856353388129235,49.78378535301243,-63.458023729931156,6.697001332053261,50,50,22.122196674346924
753,,-2.9797292771864012,-0.03274427777127913,0.10724693001247942,0.38,0.38,0.38,0.9139784946236559,0.9679144385026738,0.014096916299559472,0.32687224669603526,0.6590308370044052,0.20022054331565065,0.8461538461538461,0.8461538461538461,12.043956043956044,0.005314527559713902,120.86577351745511,86.22994652406418,0.29786122659466896,0.8622994652406417,0.35866272045165715,50.5984050240322,-70.26736849342291,6.682593026180462,50,50,23.970405101776123
754,,-5.409075391889562,-0.0601008376876618,0.14044337595502535,0.3,0.3,0.3,0.8690969345484673,0.9615912208504801,0.014732965009208104,0.3139963167587477,0.6712707182320442,0.19867410171571342,0.9682222222222222,0.9682222222222222,10.588888888888889,0.02262897790745228,111.79049889377364,88.34019204389575,0.3230970052993228,0.8834019204389575,0.3761589463608498,51.58520529291239,-60.20529360086125,6.596325714899152,50,50,23.79632306098938
755,,9.839497487240255,0.12147527762025007,0.21514209572757995,0.46,0.46,0.46,0.9485861182519281,0.976775956284153,0.0062056737588652485,0.3448581560283688,0.648936170212766,0.19887663427669464,0.871358024691358,0.871358024691358,14.567901234567902,0.08483673267256311,96.7957120082489,86.6120218579235,0.2831454626993077,0.8661202185792349,0.33777211151426223,49.50281794332357,-47.29289406492533,6.639903419309467,50,50,20.566347122192383
756,,-9.644233596491809,-0.0994250886236269,0.15723455511033535,0.32,0.32,0.32,0.9118616144975288,0.9680998613037448,0.014951627088830254,0.35092348284960423,0.6341248900615655,0.19285912406490846,0.8094845360824743,0.8094845360824743,13.123711340206185,0.05855162254453166,120.94565796668229,86.68515950069347,0.265816705562451,0.8668515950069348,0.3394508627501119,50.40291621115127,-70.54274175553101,6.981131679860622,50,50,24.9828622341156
757,,9.39535153172068,0.11184942299667476,0.2385463366905848,0.5,0.5,0.5,0.9410299003322259,0.9669749009247027,0.017226528854435832,0.330749354005168,0.6520241171403962,0.19681310446066033,0.8652380952380953,0.8652380952380953,12.761904761904763,0.06360867095833307,117.43716972634546,87.71466314398944,0.2598617964208227,0.8771466314398944,0.308860173771357,48.38142495778631,-69.05574476855915,6.5342094955638865,50,50,22.09487795829773
758,,-2.3245584290303443,-0.0273477462238864,0.23836731910705566,0.26,0.26,0.26,0.9054726368159204,0.9604221635883905,0.004432624113475178,0.32358156028368795,0.6719858156028369,0.19399358706759084,0.9632941176470589,0.9632941176470589,12.8,0.005975336653408046,93.54865819413527,87.73087071240106,0.30725879395840855,0.8773087071240105,0.3614515525165011,49.29057056923356,-44.25808762490172,6.376267175222206,50,50,22.934969663619995
759,,-3.141818727761946,-0.03490909697513273,0.12637646661864388,0.32,0.32,0.32,0.9204639602319801,0.9588859416445623,0.0078397212543554,0.3353658536585366,0.6567944250871081,0.1993631282017547,0.9062222222222223,0.9062222222222223,12.433333333333334,0.007831298532765004,112.33605271560765,87.0026525198939,0.29332412001027797,0.870026525198939,0.3487860267013546,49.75220831939187,-62.58384439621579,6.902187746322743,50,50,23.598694324493408
760,,1.2708752229277316,0.014607761183077375,0.05533285811543465,0.34,0.34,0.34,0.9176470588235294,0.9598393574297188,0.011514614703277236,0.32683790965456155,0.6616474756421612,0.1963250371289303,0.9542528735632184,0.9542528735632184,12.379310344827585,0.0014321899060056827,103.12050430714743,85.14056224899599,0.30520051789566804,0.8514056224899599,0.37153790567553574,47.64511664500425,-55.47538766214318,6.229779747207497,50,50,22.914089918136597
761,,-7.327581769180412,-0.0823323794289934,0.10820879060775042,0.24,0.24,0.24,0.9286898839137645,0.9696569920844327,0.023478260869565216,0.3173913043478261,0.6591304347826087,0.19565465141209418,0.9561797752808989,0.9561797752808989,11.0561797752809,0.04705882468165065,110.02022622950705,89.18205804749341,0.297282557576867,0.8918205804749341,0.34185253552503325,51.005211794985875,-59.01501443452116,6.65448571174091,50,50,23.76712417602539
762,,2.0633719683307676,0.02267441723440404,0.16914825630374253,0.4,0.4,0.4,0.9474123539232053,0.9776315789473684,0.010344827586206896,0.33448275862068966,0.6551724137931034,0.19033973238304427,0.8246153846153846,0.8246153846153846,12.0,0.002932098251049989,107.27519853079313,86.05263157894737,0.2807525293218916,0.8605263157894737,0.34052793911016177,49.95096546488289,-57.32423306591024,7.4391183733603565,50,50,23.232439517974854
763,,-20.998643683219086,-0.19998708269732463,0.2628016918897629,0.24,0.24,0.24,0.9125102207686018,0.9542566709021602,0.010380622837370242,0.3088235294117647,0.6807958477508651,0.19093028280882296,0.8735238095238095,0.8735238095238095,9.028571428571428,0.19948873433817452,133.45615431822822,88.18297331639135,0.3333947304021414,0.8818297331639136,0.3912934763250787,48.546752515630956,-84.90940180259726,6.390605459953816,50,50,27.300217390060425
764,,-20.146998830150324,-0.21898911771902527,0.13580792024731636,0.1,0.1,0.1,0.8672712283594394,0.9368421052631579,0.005434782608695652,0.3061594202898551,0.6884057971014492,0.1943909874853568,1.0180434782608696,1.0180434782608696,10.032608695652174,0.37660747230191016,114.12013617853768,87.23684210526315,0.3277197221060359,0.8723684210526316,0.3906371752735205,47.059966193773164,-67.06016998476451,5.916101513803584,50,50,25.421298265457153
765,,2.3133464937042096,0.026590189582807008,0.13310976698994637,0.36,0.36,0.36,0.9271089271089271,0.9655172413793104,0.007758620689655172,0.31724137931034485,0.675,0.18971013415523874,0.9806896551724138,0.9806896551724138,11.137931034482758,0.004351459923337767,125.56186428474192,86.46232439335888,0.3059972783153376,0.8646232439335888,0.3666576375159197,52.48862744865632,-73.0732368360856,6.850002641871912,50,50,23.14488172531128
766,,-12.430907902987402,-0.13511856416290655,-0.1309511512517929,0.18,0.18,0.18,0.8883374689826302,0.9563543003851092,0.007162041181736795,0.2954341987466428,0.6974037600716204,0.19336974241756885,0.9806521739130435,0.9806521739130435,8.597826086956522,0.12564383403863183,114.41009483992939,86.64955070603338,0.3086769781546406,0.8664955070603337,0.3703236120207934,51.84553064672424,-62.56456419320514,5.921643577719435,50,50,24.615051984786987
767,,-16.430033173224587,-0.1888509560140757,0.16214190423488617,0.14,0.14,0.14,0.8754237288135593,0.9601648351648352,0.0130475302889096,0.3084808946877912,0.6784715750232991,0.19100871023185914,1.015632183908046,1.015632183908046,9.71264367816092,0.23722838020361656,113.66911345391229,87.91208791208791,0.333656166379772,0.8791208791208791,0.3949536188545107,49.52952040910037,-64.13959304481192,6.767689205201157,50,50,23.63735842704773
768,,-7.459127595166985,-0.08673404180426726,0.11777337764700253,0.24,0.24,0.24,0.8709408825978351,0.9553805774278216,0.012879484820607176,0.2861085556577737,0.7010119595216191,0.19209360703971534,1.0706976744186048,1.0706976744186048,8.63953488372093,0.050192549465918786,112.44952132738311,85.95800524934383,0.30581789289177885,0.8595800524934383,0.36771291182873145,51.480781687803706,-60.968739639579404,6.218408174076511,50,50,23.361603021621704
769,,1.1671423369483207,0.013113958842115962,0.08920774261156718,0.4,0.4,0.4,0.9223856209150327,0.9743918053777209,0.009515570934256055,0.314878892733564,0.6756055363321799,0.20067243177061142,0.9128089887640449,0.9128089887640449,10.808988764044944,0.0008439934474946391,130.50281800888501,86.04353393085788,0.28207020030858354,0.8604353393085787,0.3410609598482921,50.29453009499028,-80.20828791389475,6.896368352453519,50,50,23.29278326034546
770,,-8.065780454407282,-0.09062674667873351,0.05656773069252571,0.22,0.22,0.22,0.9035656401944895,0.959079283887468,0.011284722222222222,0.3098958333333333,0.6788194444444444,0.2119878800753769,0.990561797752809,0.990561797752809,12.067415730337078,0.05916999481218007,111.1632730191056,84.65473145780051,0.30759533558352564,0.8465473145780051,0.3807158292000816,48.85098692786924,-62.31228609123636,6.567544606315236,50,50,23.816858768463135
771,,6.930549361478356,0.08250654001759947,0.23500807769596577,0.42,0.42,0.42,0.9422259983007647,0.9767441860465116,0.013250883392226149,0.3030035335689046,0.6837455830388692,0.21236518792836814,0.9404761904761905,0.9404761904761905,10.547619047619047,0.04015616065860758,102.52586190745325,86.17571059431525,0.2991487019458455,0.8617571059431525,0.3606279344286473,51.88689988222185,-50.63896202523139,6.989646851676831,50,50,21.035319566726685
772,,-2.907552165841038,-0.03195112270154987,0.08079070464840957,0.34,0.34,0.34,0.903010033444816,0.964095744680851,0.0153015301530153,0.30783078307830786,0.6768676867686768,0.21438810533702574,0.9123076923076923,0.9123076923076923,9.626373626373626,0.0060543211258037456,110.91024458765591,84.57446808510637,0.30543871380285337,0.8457446808510638,0.37819126868838615,52.09369319865972,-58.81655138899619,6.759188785451372,50,50,23.59838342666626
773,,-5.7997771416273105,-0.06743926908868966,0.10113369787318839,0.24,0.24,0.24,0.8861180382377389,0.9426336375488917,0.008984725965858042,0.3018867924528302,0.6891284815813118,0.21532845985476026,1.0255813953488373,1.0255813953488373,10.290697674418604,0.0323844360155315,109.22225629571889,87.48370273794002,0.31633660626170657,0.8748370273794003,0.3749663916486286,51.363729337722795,-57.85852695799609,6.567801383583478,50,50,23.05107808113098
774,,-3.428259607443933,-0.036470846887701414,0.11827421635389328,0.4,0.4,0.4,0.9133663366336634,0.9667519181585678,0.006145741878841089,0.30728709394205445,0.6865671641791045,0.20302208319124165,0.8936170212765957,0.8936170212765957,9.76595744680851,0.0062248160735518,121.92427707213469,87.85166240409207,0.33418421472905785,0.8785166240409207,0.39041891877876506,51.227959964880135,-70.69631710725454,6.470638388177376,50,50,24.383907318115234
775,,-15.287256524901046,-0.16616583179240269,0.2723734676837921,0.22,0.22,0.22,0.8740861088545898,0.9453551912568307,0.01693404634581105,0.3306595365418895,0.6524064171122995,0.20662072638393905,1.0069565217391305,1.0069565217391305,10.543478260869565,0.14140364814328593,139.36388134602643,88.11475409836066,0.34787441431024396,0.8811475409836066,0.4076664863470569,49.32864603776069,-90.03523530826574,6.684302893422677,50,50,25.007306814193726
776,,-7.460868261064908,-0.08289853623405453,-0.04865635931491852,0.26,0.26,0.26,0.9024390243902439,0.9543624161073826,0.010425716768027803,0.3423110338835795,0.6472632493483927,0.2045654462017798,0.9411111111111111,0.9411111111111111,13.155555555555555,0.04740843733860171,112.7755910176812,88.85906040268456,0.31371278917843193,0.8885906040268456,0.3671544233988126,52.126382960154565,-60.64920805752663,6.439720806428021,50,50,24.89097023010254
777,,2.1937659314052302,0.026430914836207593,0.1380207066734632,0.38,0.38,0.38,0.9220338983050848,0.9675324675324676,0.011659192825112108,0.29775784753363227,0.6905829596412556,0.20367373191458835,0.9918072289156626,0.9918072289156626,10.180722891566266,0.0036401717043134107,115.47070255527179,85.19480519480518,0.27249447905782725,0.8519480519480519,0.3415832792327935,51.970063080920525,-63.50063947435126,6.514861679240231,50,50,21.87298560142517
778,,-0.07197836064910557,-0.0008179359164671087,0.09957506880164146,0.34,0.34,0.34,0.9279128248113998,0.9656084656084656,0.011433597185576077,0.32365875109938436,0.6649076517150396,0.20811076694551295,0.9279545454545455,0.9279545454545455,12.261363636363637,4.445638779130297e-06,100.94353641887176,86.64021164021165,0.3103607127690894,0.8664021164021164,0.3686830837255087,50.05470129425207,-50.888835124619696,6.789344081145636,50,50,22.64703369140625
779,,-13.770645326610392,-0.15132577281989443,0.12871537597051688,0.24,0.24,0.24,0.9074074074074074,0.9598893499308437,0.010752688172043012,0.34139784946236557,0.6478494623655914,0.20778848444828046,0.9228571428571428,0.9228571428571428,12.846153846153847,0.12746861430874887,119.08601345045393,88.24343015214384,0.30657152541925903,0.8824343015214384,0.35980251687227566,47.04412792275495,-72.04188552769898,6.276068489866783,50,50,24.28843116760254
780,,-0.9142543432264384,-0.010389253900300436,0.1823635809123516,0.3,0.3,0.3,0.9125506072874494,0.9694555112881806,0.011216566005176877,0.33908541846419327,0.6496980155306299,0.21045418507244076,0.9888636363636364,0.9888636363636364,12.568181818181818,0.0007824891436834698,115.16185089248852,87.38379814077025,0.3210652111093844,0.8738379814077025,0.379345136105442,49.62611131307047,-65.53573957941805,6.641119678308837,50,50,23.439575910568237
781,,-3.3083985258398783,-0.037173017144268294,0.0879082488162177,0.3,0.3,0.3,0.9061461794019934,0.9562334217506632,0.006211180124223602,0.32475598935226263,0.6690328305235137,0.20975975836874405,0.9458426966292135,0.9458426966292135,12.438202247191011,0.009386746386259581,103.81061230428136,89.65517241379311,0.3126772062200843,0.896551724137931,0.3587199201084606,48.80026486158229,-55.01034744269907,6.449076867887295,50,50,24.326266527175903
782,,-16.3580429228505,-0.1797587134379176,0.06285640279847113,0.18,0.18,0.18,0.8422818791946308,0.9418439716312057,0.007619047619047619,0.32095238095238093,0.6714285714285714,0.20720239667226062,0.9731868131868132,0.9731868131868132,9.54945054945055,0.18945584747809455,119.78762594660793,89.21985815602837,0.3674866309728483,0.8921985815602836,0.42431834967419446,49.60916841382586,-70.17845753278208,6.1577198130110675,50,50,24.680830001831055
783,,0.1541378728621419,0.0017318862119341785,0.0726894970672826,0.34,0.34,0.34,0.9362054681027341,0.9695493300852619,0.008635578583765112,0.2823834196891192,0.7089810017271158,0.21007340364225843,1.0485393258426967,1.0485393258426967,9.898876404494382,1.778989413064721e-05,114.09527543245477,86.72350791717417,0.3029018270200444,0.8672350791717418,0.36156721641713424,53.131237971883195,-60.964037460571575,6.013965801199619,50,50,23.217692852020264
784,,0.19895548208228653,0.0023685176438367444,0.13073616701045207,0.3,0.3,0.3,0.9113597246127366,0.9620915032679739,0.007326007326007326,0.29212454212454214,0.7005494505494505,0.21416692915016114,1.0321428571428573,1.0321428571428573,9.785714285714286,3.889557118797133e-05,100.25050047195872,88.23529411764706,0.32547387603178246,0.8823529411764706,0.37997432089474076,50.97776865122986,-49.27273182072886,6.547813189087743,50,50,22.10201406478882
785,,-6.209840232879045,-0.06749826340085918,0.1619906321167946,0.26,0.26,0.26,0.8992628992628993,0.9618805590851334,0.007929515418502203,0.2986784140969163,0.6933920704845815,0.21244058761133244,1.0632608695652175,1.0632608695652175,8.673913043478262,0.031864082952565646,111.26381703987428,86.53113087674714,0.3263103613730742,0.8653113087674714,0.39254634955010437,51.5908359625068,-59.67298107736748,6.252092855140513,50,50,24.706730365753174
786,,-20.019420873547496,-0.20638578220152057,0.0531935952603817,0.22,0.22,0.22,0.8694187026116259,0.9534555712270804,0.002803738317757009,0.33457943925233646,0.6626168224299065,0.2062950280499586,0.9098969072164949,0.9098969072164949,10.072164948453608,0.20382445219798717,177.85109583778987,87.87023977433005,0.3548872025100124,0.8787023977433004,0.42316147912674074,48.234599811866445,-129.61649602592342,6.800949743780984,50,50,25.264169454574585
787,,-16.33960385241446,-0.17760438970015716,0.25896260887384415,0.14,0.14,0.14,0.8594142259414226,0.9563492063492064,0.014097744360902255,0.27537593984962405,0.7105263157894737,0.21196532282710193,0.9926086956521739,0.9926086956521739,8.054347826086957,0.22943907671056857,115.03556755296822,86.90476190476191,0.34680032632704755,0.8690476190476191,0.4123499495027628,47.9682812391721,-67.06728631379612,6.036145584836352,50,50,24.582951068878174
788,,-4.4907662918519655,-0.05221821269595309,0.057111420668661594,0.3,0.3,0.3,0.8946474086661003,0.9582210242587601,0.008256880733944955,0.3110091743119266,0.6807339449541284,0.2059191383991247,1.0446511627906976,1.0446511627906976,10.034883720930232,0.015088334132692699,106.18770622184883,88.67924528301887,0.32817795715771286,0.8867924528301887,0.3824386554463046,48.853528567680215,-57.33417765416862,6.042479006133824,50,50,22.433672428131104
789,,-5.582608701405091,-0.06416791610810449,0.08903037756681442,0.26,0.26,0.26,0.9130434782608695,0.964769647696477,0.01177536231884058,0.3197463768115942,0.6684782608695652,0.20946248720696092,1.0089655172413794,1.0089655172413794,10.632183908045977,0.02956209134722766,101.82113730652722,87.53387533875339,0.3059837915028192,0.8753387533875339,0.36151495509827597,50.1600641272007,-51.66107317932653,6.176358706102529,50,50,22.855128049850464
790,,-11.788799920169994,-0.1355034473582758,0.1962904433409373,0.16,0.16,0.16,0.9205807002561913,0.9606598984771574,0.0062724014336917565,0.28763440860215056,0.7060931899641577,0.20882348082518076,0.9760919540229885,0.9760919540229885,9.655172413793103,0.14728405257077898,98.47969129843048,86.29441624365482,0.28302176519779243,0.8629441624365483,0.35490711993947216,49.300419914128106,-49.17927138430237,6.753384134277699,50,50,22.440437078475952
791,,-2.8269486432454185,-0.03072770264397194,0.09685120568610728,0.36,0.36,0.36,0.9089417555373257,0.9698162729658792,0.008771929824561403,0.32280701754385965,0.6684210526315789,0.21040861393230442,0.921304347826087,0.921304347826087,11.152173913043478,0.005563605362705631,113.76980840788437,85.8267716535433,0.2682389912797979,0.8582677165354331,0.3692508541292816,48.84441780236046,-64.92539060552392,6.43004478882636,50,50,24.674079179763794
792,,-5.164899927559748,-0.05614021660391031,0.11225684111316998,0.28,0.28,0.28,0.9133333333333333,0.9603825136612022,0.00975177304964539,0.34131205673758863,0.648936170212766,0.21606288055341794,0.945,0.945,13.097826086956522,0.023989224945124663,105.14992003944602,86.47540983606558,0.3221183082699585,0.8647540983606558,0.39116401807769785,51.01589956600595,-54.13402047344006,6.788220134072842,50,50,23.35968279838562
793,,6.196585037617659,0.0755681102148495,0.12138110026717186,0.4,0.4,0.4,0.9332234130255564,0.9744279946164199,0.0103359173126615,0.3496985357450474,0.6399655469422911,0.21948584073821,0.9253658536585366,0.9253658536585366,14.317073170731707,0.03332804386315105,114.81156041543431,88.15612382234185,0.29117151198415303,0.8815612382234186,0.3406363156416111,50.30850748611161,-64.5030529293227,6.819650625539645,50,50,22.413052320480347
794,,-3.4264022787385766,-0.03849890200829861,0.1494585151473681,0.3,0.3,0.3,0.9358552631578947,0.9657360406091371,0.00596252129471891,0.3228279386712095,0.6712095400340715,0.21817551105483105,0.9247191011235955,0.9247191011235955,13.112359550561798,0.00974202039806437,112.34931726725148,87.81725888324873,0.2638228599326228,0.8781725888324873,0.32887152742931225,50.145487689300296,-62.20382957795119,6.966177775414774,50,50,23.478961944580078
795,,-2.138922356610765,-0.02487119019314843,0.18419077380427293,0.34,0.34,0.34,0.8978040540540541,0.9644886363636364,0.01090909090909091,0.3490909090909091,0.64,0.21365946524529136,0.9448837209302325,0.9448837209302325,12.569767441860465,0.003522487141865873,117.77531519869976,88.63636363636364,0.31625986077006923,0.8863636363636364,0.3667681187727409,50.18778620203054,-67.58752899666922,6.292730175603243,50,50,22.800851106643677
796,,5.533897851796159,0.06288520286131999,0.1185503825545311,0.46,0.46,0.46,0.9336065573770492,0.9762219286657859,0.005998286203941731,0.3453299057412168,0.6486718080548415,0.2170449029644293,0.8613636363636363,0.8613636363636363,14.295454545454545,0.021622803245175792,100.83924491959236,87.97886393659181,0.2765150512998386,0.8797886393659181,0.32483492135332814,50.49979105121369,-50.33945386837867,7.276539088190662,50,50,23.238903045654297
797,,-2.8807870141855267,-0.033891611931594436,0.10044935904443264,0.36,0.36,0.36,0.9306846999154691,0.9669064748201439,0.008857395925597875,0.3755535872453499,0.6155890168290522,0.2181436341816614,0.8635294117647059,0.8635294117647059,14.988235294117647,0.005506795381338107,118.51402277524505,88.48920863309353,0.2951216927635481,0.8848920863309353,0.34425061121064265,50.06820626820267,-68.44581650704238,6.901939395663173,50,50,22.054672479629517
798,,1.530799751861728,0.018668289656850343,0.30307096242904663,0.34,0.34,0.34,0.9395973154362416,0.9722589167767504,0.008726003490401396,0.3307155322862129,0.6605584642233857,0.22576006970564955,0.8834146341463415,0.8834146341463415,13.182926829268293,0.00215128316635093,100.00435037608362,87.45046235138706,0.2609663787372928,0.8745046235138706,0.3075064677119276,50.84832649312013,-49.15602388296349,6.863550683042074,50,50,21.78998351097107
799,,-16.920159346554975,-0.1819371972747847,0.0533171467250213,0.18,0.18,0.18,0.8945182724252492,0.9601100412654745,0.008960573476702509,0.3396057347670251,0.6514336917562724,0.22638489545467536,0.9389247311827957,0.9389247311827957,11.849462365591398,0.1970661672355649,140.80658846266613,87.75790921595599,0.33833255293164494,0.8775790921595599,0.3974227869342837,50.270001868071645,-90.53658659459448,6.37674562544451,50,50,25.09387183189392
800,,0.5802161122050987,0.006376001233023063,0.1162240244448185,0.4,0.4,0.4,0.9383730484798686,0.9722589167767504,0.015371477369769428,0.3381725021349274,0.6464560204953032,0.23332816301699136,0.9527472527472527,0.9527472527472527,12.263736263736265,0.00024042548945972538,104.24875700875148,87.71466314398944,0.30974065351819047,0.8771466314398944,0.36748102644542335,51.535691923428644,-52.71306508532284,6.494166819425356,50,50,24.117234230041504
801,,5.9403901789852815,0.07333815035784298,0.1902579532729255,0.4,0.4,0.4,0.9449013157894737,0.9675236806495264,0.005942275042444821,0.366723259762309,0.6273344651952462,0.22784599391933794,0.8750617283950617,0.8750617283950617,17.91358024691358,0.03258815294247435,88.63752277406978,87.1447902571042,0.25087891274254814,0.871447902571042,0.3348506480856005,48.60844520689872,-40.02907756717106,7.6505990841348686,50,50,21.70273447036743
802,,5.0091885222695165,0.05893162967375902,0.10146764813301463,0.44,0.44,0.44,0.9357262103505843,0.9657444005270093,0.010443864229765013,0.3289817232375979,0.660574412532637,0.22164743755578564,0.8929411764705882,0.8929411764705882,13.341176470588236,0.018163003006359403,109.80561105453613,84.45322793148881,0.2572781307425914,0.8445322793148881,0.34734416980066324,53.00811143753354,-56.797499617002586,7.171204609869104,50,50,22.362583875656128
803,,-3.8201450441594615,-0.0434107391381757,0.1261329447850585,0.36,0.36,0.36,0.9217687074829932,0.969187675070028,0.01520572450805009,0.34615384615384615,0.6386404293381037,0.23095560422562067,0.8456818181818182,0.8456818181818182,13.5,0.00959870002772961,130.33649990456672,87.25490196078431,0.28658362346082256,0.8725490196078431,0.3405079386264973,50.9502033023758,-79.38629660219092,7.20527356486932,50,50,22.69557809829712
804,,5.959196841418024,0.06771814592520481,0.14736016218860945,0.44,0.44,0.44,0.9629317607413648,0.9735799207397622,0.006855184233076264,0.3444730077120823,0.6486718080548415,0.22851535903707454,0.9006818181818181,0.9006818181818181,14.363636363636363,0.024634934285540262,144.09743220437622,86.9220607661823,0.2997759974747767,0.869220607661823,0.3575684549819532,51.859222036781034,-92.23821016759518,7.1404750243931705,50,50,22.90593647956848
805,,-3.1756794903273766,-0.038727798662528984,0.0057011939740429325,0.26,0.26,0.26,0.8992443324937027,0.9635854341736695,0.008166969147005444,0.34392014519056263,0.647912885662432,0.23351461931024592,0.8819512195121951,0.8819512195121951,14.902439024390244,0.009925369881245498,104.33319237179597,88.37535014005601,0.3075114634741308,0.8837535014005602,0.35781519254383265,50.40768380490692,-53.925508566889064,7.141068909241868,50,50,21.623457193374634
806,,-3.2005183623961675,-0.03596088047636143,0.10976323423286279,0.32,0.32,0.32,0.9223057644110275,0.9702300405953992,0.007957559681697613,0.33863837312113176,0.6534040671971706,0.22539850715825105,0.887191011235955,0.887191011235955,13.865168539325843,0.008217836655416153,117.84950464501705,86.33288227334236,0.302671271740553,0.8633288227334236,0.3620419719004705,51.180973988581904,-66.66853065643515,6.633732433597424,50,50,23.619099617004395
807,,-10.863093887948065,-0.12070104319942294,0.08064844161272049,0.26,0.26,0.26,0.8976311336717429,0.9567099567099567,0.0027272727272727275,0.36727272727272725,0.63,0.22722851546571393,0.7724444444444445,0.7724444444444445,16.7,0.08844913833238444,120.94487878808101,87.15728715728716,0.28786954161837974,0.8715728715728716,0.3454530147932394,53.36147440690824,-67.58340438117277,6.714030934434474,50,50,23.660706996917725
808,,5.78471572914581,0.06220124439941731,0.1864197812974453,0.48,0.48,0.48,0.9457236842105263,0.9736147757255936,0.011092150170648464,0.34215017064846415,0.6467576791808873,0.2289852175668432,0.8202150537634408,0.8202150537634408,13.698924731182796,0.022587590021396552,105.25292418693871,88.65435356200527,0.28924093141764184,0.8865435356200527,0.3340197101997103,51.457104897762484,-53.79581928917623,6.956051705963804,50,50,24.646290063858032
809,,-4.243269232943817,-0.05051510991599782,0.12083000466227531,0.28,0.28,0.28,0.9296610169491526,0.9711538461538461,0.006227758007117438,0.34608540925266906,0.6476868327402135,0.22236338992940416,0.9119047619047619,0.9119047619047619,12.476190476190476,0.016701941669198254,108.20555541165015,85.3021978021978,0.294248042080544,0.853021978021978,0.36495706596816596,49.5872680509804,-58.61828736066976,6.882668314696538,50,50,21.6277596950531
810,,-0.9062738634936658,-0.010416940959697307,0.027976916792492073,0.36,0.36,0.36,0.9075425790754258,0.9634641407307172,0.004329004329004329,0.35584415584415585,0.6398268398268399,0.2213054202020974,0.9285057471264367,0.9285057471264367,15.25287356321839,0.0006609744420533142,106.07562252807769,88.22733423545331,0.303534861999497,0.8822733423545331,0.35287225866919525,49.239069756384716,-56.83655277169297,6.954631358747713,50,50,23.60003423690796
811,,-6.943559038014348,-0.07630284657158624,0.13045428693294525,0.32,0.32,0.32,0.9443478260869566,0.9688385269121813,0.005366726296958855,0.3631484794275492,0.631484794275492,0.21929279081133154,0.8336263736263736,0.8336263736263736,14.901098901098901,0.0332158749265283,117.60937383621288,87.25212464589235,0.2930967946149637,0.8725212464589235,0.3487745349468776,48.748557969893405,-68.86081586631947,6.833872339887798,50,50,22.53945255279541
812,,6.516982144738179,0.0724109127193131,0.4091445505619049,0.56,0.56,0.56,0.9401853411962932,0.9820936639118457,0.00617828773168579,0.353045013239188,0.6407766990291263,0.2185021357560375,0.7502222222222222,0.7502222222222222,14.28888888888889,0.022248643077164853,116.86526654929673,85.26170798898072,0.22810145014270425,0.8526170798898072,0.30322259273358454,52.40806797521008,-64.45719857408665,6.9573207090847475,50,50,23.060839891433716
813,,-4.7050575173310945,-0.050592016315388115,0.10943224327638745,0.4,0.4,0.4,0.9297800338409475,0.9592944369063772,0.00353045013239188,0.34598411297440423,0.6504854368932039,0.2108110090126365,0.7681720430107527,0.7681720430107527,14.086021505376344,0.01181910407317505,124.67166718394283,88.7381275440977,0.2754650239818018,0.8873812754409769,0.32370180527275655,51.230516806553254,-73.44115037738958,7.4187618822795915,50,50,24.420679330825806
814,,-11.318728519036235,-0.12438163207732125,0.0581204928457737,0.24,0.24,0.24,0.8930390492359932,0.9553695955369595,0.008249312557286892,0.33455545371219064,0.6571952337305225,0.21000377081828717,0.936923076923077,0.936923076923077,11.76923076923077,0.09276174037626617,120.02080422511655,85.77405857740585,0.3136359939925567,0.8577405857740585,0.38196196640802116,49.319425706930275,-70.70137851818627,6.559099627635216,50,50,23.760518074035645
815,,4.978643046662875,0.05722578214555029,0.1204012180013316,0.44,0.44,0.44,0.9454545454545454,0.9658344283837057,0.005115089514066497,0.34612105711849955,0.6487638533674339,0.21138943634262086,0.8303448275862069,0.8303448275862069,14.597701149425287,0.016558964823972656,106.33068938942927,88.96189224704337,0.27147189287210505,0.8896189224704336,0.3151084253857672,50.211271704218476,-56.1194176852108,7.31849092693613,50,50,22.95320987701416
816,,-18.459905049915402,-0.1963819686161213,0.04847081452608108,0.22,0.22,0.22,0.8827004219409282,0.953232462173315,0.008272058823529412,0.3235294117647059,0.6681985294117647,0.20399333428186744,0.9553191489361702,0.9553191489361702,9.659574468085106,0.18201158969124448,159.21758531835212,87.62035763411279,0.35195877918517215,0.8762035763411279,0.41528239404732326,51.683853008244114,-107.533732310108,5.717345065519758,50,50,25.213979959487915
817,,-7.310356427249386,-0.07860598308870308,0.11943647135049104,0.32,0.32,0.32,0.8904564315352697,0.9570469798657718,0.006294964028776978,0.3237410071942446,0.6699640287769785,0.20392539255248424,0.8920430107526882,0.8920430107526882,10.35483870967742,0.03391979799466142,122.58018488772986,84.83221476510067,0.3031797149507771,0.8483221476510067,0.3718635095017214,50.10713766897403,-72.47304721875582,5.917102595530093,50,50,24.046392917633057
818,,-3.5889930859837107,-0.04173247774399664,0.09035376459360123,0.28,0.28,0.28,0.8918692372170998,0.9568151147098516,0.00909090909090909,0.31727272727272726,0.6736363636363636,0.20105050612178338,0.9797674418604652,0.9797674418604652,10.825581395348838,0.01222597715430784,105.91217188808488,86.63967611336032,0.2885803687133272,0.8663967611336032,0.3599915778638664,50.279627701746705,-55.63254418633819,6.037875993236842,50,50,23.68636465072632
819,,-4.358430079981664,-0.050096897471053614,0.0788855419714788,0.32,0.32,0.32,0.9076406381192276,0.9603174603174603,0.007162041181736795,0.3160250671441361,0.6768128916741272,0.20010897880063275,0.9411494252873563,0.9411494252873563,10.149425287356323,0.013318736645587477,113.73892831418115,85.84656084656085,0.2883255267998496,0.8584656084656085,0.3494843204450855,50.8810821655076,-62.857846148673545,6.2605576731388535,50,50,22.66652202606201
820,,-2.0917858483673677,-0.02377029373144736,0.1875287912786007,0.38,0.38,0.38,0.9148580968280468,0.9624664879356568,0.003552397868561279,0.3339253996447602,0.6625222024866785,0.19772134937160196,0.8827272727272727,0.8827272727272727,13.090909090909092,0.0029497280118267466,113.07874146506484,87.39946380697052,0.303380037789938,0.8739946380697051,0.35987475131586816,49.229706305742745,-63.84903515932209,6.557828787282914,50,50,23.375398635864258
821,,0.20342052015602607,0.002285623821977821,0.16427592420950532,0.38,0.38,0.38,0.9196062346185397,0.9614890885750963,0.012987012987012988,0.31255411255411253,0.6744588744588744,0.19874339901002824,0.9788764044943821,0.9788764044943821,11.02247191011236,2.6959179602296055e-05,129.02831241950975,87.54813863928112,0.32471398829415804,0.8754813863928113,0.3819555245980513,50.88616032674989,-78.14215209275986,6.355606054288948,50,50,23.470275402069092
822,,7.051698353838068,0.08496022113057913,0.1419321471825242,0.46,0.46,0.46,0.9339542760372566,0.9686648501362398,0.01060070671378092,0.3409893992932862,0.6484098939929329,0.19629193199974226,0.9313253012048193,0.9313253012048193,13.710843373493976,0.03716077413069465,113.58189731949811,85.83106267029973,0.298799493666045,0.8583106267029973,0.35959088301908515,48.34514363815346,-65.23675368134465,6.78286871232682,50,50,21.92344355583191
823,,0.42656945397565693,0.004792915213209629,0.11809209797583106,0.4,0.4,0.4,0.9199332777314428,0.9674681753889675,0.00529567519858782,0.3706972639011474,0.6240070609002648,0.19844388735261348,0.7280898876404495,0.7280898876404495,18.96629213483146,0.00012919853361249804,116.64536431448136,85.00707213578501,0.2633882995632832,0.8500707213578501,0.3206172722345049,53.86543434266757,-62.77992997181378,7.632230912804957,50,50,22.59464454650879
824,,3.9209197889139307,0.04667761653468965,0.11749955791641366,0.46,0.46,0.46,0.9172870140612076,0.9688826025459689,0.004409171075837742,0.37213403880070545,0.6234567901234568,0.19325459451306545,0.8216666666666667,0.8216666666666667,19.0,0.01102288403760669,105.6600625409617,87.27015558698727,0.2977081976565858,0.8727015558698727,0.3521072048367861,49.50598846307602,-56.15407407788568,6.8969530942512804,50,50,22.491305112838745
825,,-4.056825342850901,-0.04663017635460806,0.10972958263009787,0.34,0.34,0.34,0.8918692372170998,0.9623188405797102,0.016304347826086956,0.358695652173913,0.625,0.1977061259070615,0.8850574712643678,0.8850574712643678,14.126436781609195,0.011176511209308765,113.23323575772801,86.08695652173914,0.30873634377594933,0.8608695652173913,0.37895772011075657,51.485418953714074,-61.74781680401393,6.951770733304304,50,50,23.446563243865967
826,,0.05738332250638259,0.0006237317663737238,0.17546602338552475,0.36,0.36,0.36,0.9382303839732888,0.9713168187744459,0.009556907037358819,0.32406602953953084,0.6663770634231103,0.19813703644683497,0.8647826086956522,0.8647826086956522,12.315217391304348,2.462991985305554e-06,106.4772964083156,88.52672750977835,0.28330487542074656,0.8852672750977836,0.32818811008526894,50.838201086808915,-55.63909532150669,6.525993280188667,50,50,24.230114698410034
827,,-5.921725673559302,-0.07402157091949127,0.01888933094839255,0.3,0.3,0.3,0.8808114961961115,0.9666666666666667,0.0110803324099723,0.37950138504155123,0.6094182825484764,0.19514080115202342,0.8125,0.8125,21.1375,0.029007110456245024,112.83535466575975,86.96969696969697,0.2854427061318842,0.8696969696969697,0.338529039237506,50.82880099183288,-62.00655367392687,7.521020884198828,50,50,21.839524745941162
828,,7.1997641066859,0.08275590927225172,0.06329230921199688,0.48,0.48,0.48,0.9302325581395349,0.976158940397351,0.004370629370629371,0.3356643356643357,0.659965034965035,0.19496335590543426,0.8767816091954023,0.8767816091954023,13.229885057471265,0.03379519078446316,112.73074779406417,86.49006622516556,0.29489370799564635,0.8649006622516556,0.35366635545855535,52.84853017378808,-59.8822176202761,6.273653913887582,50,50,22.441550254821777
829,,-5.288741914906242,-0.060790136952945314,0.31058037281036377,0.28,0.28,0.28,0.8834710743801653,0.9553956834532374,0.013537906137184115,0.3592057761732852,0.6272563176895307,0.1907284106006953,0.9165517241379311,0.9165517241379311,14.505747126436782,0.02381914972373375,108.14423439869243,89.20863309352518,0.32607943799688255,0.8920863309352518,0.3812439386530152,48.94880711904361,-59.195427279648825,7.0585213814682986,50,50,24.119760990142822
830,,-1.105307635900842,-0.01241918692023418,0.01114282322426637,0.34,0.34,0.34,0.9337152209492635,0.972,0.010291595197255575,0.346483704974271,0.6432246998284734,0.1896437230837452,0.878876404494382,0.878876404494382,14.898876404494382,0.0009387076450017584,115.36573947948304,89.46666666666667,0.12287495968635642,0.8946666666666667,0.3481644944321242,51.10956301137361,-64.25617646810943,7.125299549192846,50,50,23.629047393798828
831,,-4.576794413803891,-0.05514210137113122,0.12758473757033548,0.3,0.3,0.3,0.8867286559594252,0.9564564564564565,0.007366482504604052,0.37937384898710863,0.6132596685082873,0.18368066759227952,0.8689156626506024,0.8689156626506024,16.180722891566266,0.018404108735220213,102.40918890120474,87.83783783783784,0.29902857166215036,0.8783783783783784,0.3540689485067324,48.75350216090736,-53.65568674029738,6.705206152238874,50,50,22.240241289138794
832,,-2.993874757005014,-0.035641366154821594,0.1307211359962821,0.28,0.28,0.28,0.910234899328859,0.9611260053619303,0.014298480786416443,0.3190348525469169,0.6666666666666666,0.185019235941882,0.9426190476190476,0.9426190476190476,11.595238095238095,0.00785699354968343,105.48236353087489,89.41018766756032,0.29548016158170076,0.8941018766756033,0.3392358971008034,50.558812923956594,-54.923550606918305,6.419533847470112,50,50,22.669466733932495
833,,-9.278386044107979,-0.10196028619898878,0.06989876221632585,0.26,0.26,0.26,0.9057676685621446,0.9568151147098516,0.009532062391681109,0.3483535528596187,0.6421143847487002,0.19546404625427466,0.9173626373626373,0.9173626373626373,12.967032967032967,0.0646529830146283,121.82233745676257,88.12415654520917,0.2922171370432935,0.8812415654520918,0.34756636669775054,49.49574349955769,-72.32659395720488,6.965689929222927,50,50,25.99246382713318
834,,0.9328029693169397,0.011238589991770359,0.19103899598121643,0.34,0.34,0.34,0.9185558354324097,0.9699863574351978,0.007978723404255319,0.3421985815602837,0.649822695035461,0.18969408335164892,0.9255421686746987,0.9255421686746987,14.313253012048193,0.0008197981652995686,104.97139746091919,87.44884038199181,0.30777773892039256,0.8744884038199181,0.36687939845484274,49.58518790725539,-55.386209553663804,6.952691041712011,50,50,22.24748396873474
835,,-2.205323526230425,-0.02534854627851063,0.16193376075137744,0.32,0.32,0.32,0.9338912133891213,0.9661246612466124,0.005244755244755245,0.34965034965034963,0.6451048951048951,0.1951690971400407,0.886896551724138,0.886896551724138,14.057471264367816,0.00392200122455219,107.97471010203492,86.72086720867209,0.2845859644671187,0.8672086720867209,0.34068633330096304,49.049619421315946,-58.92509068071898,6.638945961055284,50,50,22.620813608169556
836,,1.5852203619964338,0.018432794906935276,0.1098945312615898,0.34,0.34,0.34,0.9172185430463576,0.9672774869109948,0.01146384479717813,0.3148148148148148,0.673721340388007,0.20093834365060184,0.9213953488372093,0.9213953488372093,11.825581395348838,0.0020857994078280614,96.93777942825906,86.51832460732984,0.29640998684584186,0.8651832460732984,0.35311789594990617,49.780558696082146,-47.15722073217692,7.170605076582673,50,50,23.278982877731323
837,,-5.259740136618306,-0.059769774279753475,0.12519748943547407,0.28,0.28,0.28,0.9312344656172328,0.9641943734015346,0.012953367875647668,0.31174438687392053,0.6753022452504318,0.20828874959684981,0.8745454545454545,0.8745454545454545,11.75,0.024469292315165262,118.2944112836377,86.06138107416879,0.2748054885643609,0.860613810741688,0.33235595962614173,47.88713378355229,-70.40727750008541,6.742744698039704,50,50,22.818561792373657
838,,-8.86067777959156,-0.10548425928085191,0.13222345816237585,0.24,0.24,0.24,0.9046413502109705,0.9577656675749319,0.008992805755395683,0.33093525179856115,0.6600719424460432,0.19879172091971192,0.9292857142857143,0.9292857142857143,11.595238095238095,0.06649798023198232,107.76435242321475,87.05722070844686,0.30555909850900626,0.8705722070844687,0.36237204442129417,51.26865908927033,-56.49569333394441,7.091645625087393,50,50,22.266387462615967
839,,5.679006498505637,0.06842176504223658,0.13496317714452744,0.38,0.38,0.38,0.9486754966887417,0.9766839378238342,0.007685738684884714,0.3330486763450043,0.659265584970111,0.1992319916566407,0.9568674698795181,0.9568674698795181,13.626506024096386,0.02978047144538769,102.87648886086704,86.78756476683938,0.29134301403107016,0.8678756476683938,0.346393321886886,50.047519166775466,-52.828969694091576,6.666724969021035,50,50,22.354520082473755
840,,-0.9503929074110615,-0.010799919402398427,0.17211749255657197,0.34,0.34,0.34,0.9120331950207469,0.9710526315789474,0.0070859167404783,0.31975199291408324,0.6731620903454384,0.2076264964380698,0.9579545454545455,0.9579545454545455,11.215909090909092,0.0007320068318428612,103.36702264145448,88.02631578947368,0.2842865730617274,0.8802631578947369,0.3344655205430099,51.814500859954165,-51.55252178150032,6.163646134504838,50,50,23.1538724899292
841,,-1.9753603363796541,-0.021471308004126676,0.1308711264282465,0.34,0.34,0.34,0.9278008298755187,0.9727979274611399,0.007846556233653008,0.3190932868352223,0.6730601569311246,0.2079580658613209,0.9154347826086957,0.9154347826086957,10.923913043478262,0.003020548761338109,110.69221063412473,84.4559585492228,0.2852245485726745,0.844559585492228,0.3538016469527928,49.65150837745031,-61.040702256674415,6.167908681753616,50,50,23.532537937164307
842,,-15.967770304786779,-0.17169645489018043,0.10762689950374457,0.18,0.18,0.18,0.8681592039800995,0.9509283819628647,0.006422018348623854,0.3018348623853211,0.691743119266055,0.21564613197370613,1.006236559139785,1.006236559139785,8.279569892473118,0.17691605610367936,129.31495220481048,86.87002652519894,0.3698165897021094,0.8687002652519894,0.44133431729675465,52.27085918023857,-77.04409302457192,6.580220909059999,50,50,24.512882709503174
843,,-9.437829383496426,-0.10724806117609575,0.3064047694206238,0.24,0.24,0.24,0.8956594323873122,0.9544846050870147,0.008976660682226212,0.32046678635547576,0.670556552962298,0.21977964830399152,0.9397727272727273,0.9397727272727273,11.034090909090908,0.07539752244478497,106.44637309552773,88.08567603748327,0.3071880059409124,0.8808567603748326,0.38267925248968593,48.61134947252023,-57.8350236230075,7.148172807512423,50,50,24.087385177612305
844,,-11.998015925160777,-0.1363410900586452,0.10051317792385817,0.16,0.16,0.16,0.8842975206611571,0.9518229166666666,0.005390835579514825,0.3045822102425876,0.6900269541778976,0.21996864442305278,1.0372727272727273,1.0372727272727273,10.738636363636363,0.1388804777042347,119.4367128931126,86.97916666666666,0.3060168981048822,0.8697916666666666,0.3771473882444008,50.504973643804114,-68.93173924930848,6.622332470291247,50,50,24.020108699798584
845,,-0.8769408734973554,-0.010196986901132039,0.07103394923938645,0.34,0.34,0.34,0.9232053422370617,0.9706275033377837,0.009700176366843033,0.3298059964726631,0.6604938271604939,0.21339579682065368,0.9234883720930233,0.9234883720930233,12.255813953488373,0.0005868422739555759,106.12800355601885,87.04939919893191,0.2855059443196591,0.8704939919893191,0.34332291363077205,51.214112056490244,-54.9138914995286,6.548073080477118,50,50,23.085988998413086
846,,-7.245620743496158,-0.08625738980352568,0.13418721567307199,0.22,0.22,0.22,0.8721422523285352,0.9430555555555555,0.007428040854224698,0.32404828226555243,0.6685236768802229,0.2076554383210697,0.9680952380952381,0.9680952380952381,13.05952380952381,0.05209853203719222,104.50050061668823,90.0,0.3315765154250311,0.9,0.37855209245954896,48.88123479470895,-55.619265821979276,6.407915839014548,50,50,23.219074964523315
847,,-5.4550752254255634,-0.05803271516410174,0.2945892810821533,0.36,0.36,0.36,0.9274744027303754,0.9676113360323887,0.013452914798206279,0.3219730941704036,0.6645739910313901,0.20248216303989233,0.8697872340425532,0.8697872340425532,10.585106382978724,0.017923743467547024,138.8758928641067,86.23481781376519,0.3145397828236238,0.8623481781376519,0.3913583239771993,52.06811749704181,-86.80777536706489,7.04392491649741,50,50,23.76802396774292
848,,2.549242717953099,0.028968667249467037,0.1416680896654725,0.4,0.4,0.4,0.9282735613010842,0.9694656488549618,0.006151142355008787,0.3031634446397188,0.6906854130052724,0.20571650310884335,0.9877272727272727,0.9877272727272727,9.738636363636363,0.004635452511997519,105.0726293415178,89.44020356234097,0.30286490071986655,0.8944020356234097,0.3626018297584561,51.76172015594436,-53.31090918557344,6.809538389639,50,50,23.603749990463257
849,,-5.157169023158598,-0.05545343035654407,0.1668275992075602,0.3,0.3,0.3,0.9106417546709992,0.96,0.012110726643598616,0.31747404844290655,0.6704152249134948,0.19656027651765423,0.9191397849462366,0.9191397849462366,12.451612903225806,0.02002061337053386,116.44744966316472,86.3225806451613,0.31161918735581545,0.863225806451613,0.37592094630726436,50.71110549695318,-65.73634416621154,6.756252258179169,50,50,25.175294399261475
850,,-2.698654823393703,-0.029655547509820912,0.27422884851694107,0.34,0.34,0.34,0.9142394822006472,0.9689119170984456,0.0068906115417743325,0.3281653746770026,0.664944013781223,0.19469589283661073,0.9362637362637363,0.9362637362637363,10.945054945054945,0.00512897346719678,117.08678840283959,86.13989637305698,0.20632632494310327,0.8613989637305699,0.38297168745618315,48.887114875582085,-68.1996735272575,6.8813419199566175,50,50,23.703097105026245
851,,0.4963248165582208,0.0056400547336161455,0.02230599895119667,0.36,0.36,0.36,0.9152119700748129,0.9600550964187328,0.012345679012345678,0.3474426807760141,0.6402116402116402,0.19475755000200273,0.9297727272727273,0.9297727272727273,13.965909090909092,0.00020243275034978917,104.93077718039459,89.25619834710744,0.3157837776829964,0.8925619834710744,0.36284071627541453,50.19674379876959,-54.734033381625,6.420995778881129,50,50,23.986397981643677
852,,-2.386513056196672,-0.027431184553984737,0.08815821446478367,0.34,0.34,0.34,0.9012448132780083,0.9678770949720671,0.011638316920322292,0.34735899731423453,0.6410026857654432,0.19104355118504054,0.9374712643678161,0.9374712643678161,12.310344827586206,0.004279711514321352,111.5254035509526,88.40782122905027,0.3056440441319916,0.8840782122905028,0.3559936661386471,49.591668627305594,-61.933734923647016,6.295954834554418,50,50,23.6339910030365
853,,-7.345333904477353,-0.08346970345996992,0.062455360777676105,0.28,0.28,0.28,0.9000832639467111,0.959349593495935,0.017025089605734768,0.3216845878136201,0.6612903225806451,0.18915771346924637,0.9588636363636364,0.9588636363636364,11.954545454545455,0.039089363639861305,108.74220497480167,85.23035230352303,0.30751313757089876,0.8523035230352304,0.3746319749693489,51.342122755523846,-57.40008221927783,7.111874821731508,50,50,23.697744846343994
854,,0.019662222505369076,0.00023407407744486996,0.154186169966124,0.34,0.34,0.34,0.9065343258891646,0.9646892655367232,0.007978723404255319,0.36436170212765956,0.6276595744680851,0.18748511393928943,0.9473809523809524,0.9473809523809524,15.488095238095237,3.769971124483641e-07,113.88184969102909,86.4406779661017,0.311603073769624,0.864406779661017,0.375477611100404,48.93836712539628,-64.9434825656328,6.599909660296245,50,50,22.791184186935425
855,,0.5826203834198467,0.006332830254563551,0.07123689353466034,0.42,0.42,0.42,0.9337694194603434,0.9835164835164835,0.009458297506448839,0.3645743766122098,0.6259673258813414,0.18696491813582605,0.7780434782608696,0.7780434782608696,17.467391304347824,0.00020903483245408207,138.48112995489709,88.04945054945054,0.27972580344306747,0.8804945054945055,0.3298257584784246,51.10035188287542,-87.38077807202166,6.944662386589804,50,50,24.04726004600525
856,,0.6713128792685737,0.007066451360721829,0.12273701652884483,0.44,0.44,0.44,0.9174836601307189,0.9690026954177897,0.012152777777777778,0.34375,0.6440972222222222,0.18608411975034458,0.8357894736842105,0.8357894736842105,13.6,0.0002736213064208753,121.37610289901879,86.52291105121293,0.3080214935689169,0.8652291105121294,0.3701189290637365,50.88096241179299,-70.4951404872258,6.778432629949297,50,50,25.01343607902527
857,,3.2440803447859103,0.03686454937256716,-0.009877627715468407,0.42,0.42,0.42,0.9302325581395349,0.9695767195767195,0.011284722222222222,0.3324652777777778,0.65625,0.18426449926240987,0.9302272727272727,0.9302272727272727,12.681818181818182,0.007174559193059063,112.02144583351694,88.4920634920635,0.3061211704522387,0.8849206349206349,0.3571017502104207,49.803710306886714,-62.21773552663023,6.427434838329459,50,50,23.350666761398315
858,,-10.605299601108317,-0.11654175385833315,0.3470326364040375,0.22,0.22,0.22,0.8841761827079935,0.952638700947226,0.013309671694764862,0.33096716947648624,0.6557231588287489,0.17930327994960352,0.9560439560439561,0.9560439560439561,10.901098901098901,0.08619284038889105,148.634813337666,88.63328822733423,0.32923367637490913,0.8863328822733424,0.3816717168969684,49.33217636177474,-99.30263697589126,6.241420842334478,50,50,24.85394263267517
859,,3.8385433245059657,0.046247509933806816,0.24560104310512543,0.42,0.42,0.42,0.9230769230769231,0.9781420765027322,0.01504424778761062,0.33716814159292036,0.647787610619469,0.1841083019521755,0.9310843373493976,0.9310843373493976,13.650602409638553,0.011583543622787452,105.03185989454758,87.70491803278688,0.2799804737083839,0.8770491803278688,0.32996455248094686,49.091782298382014,-55.940077596165565,6.540270447239356,50,50,21.814021825790405
860,,2.02526598272785,0.02301438616736193,0.20244036987423897,0.36,0.36,0.36,0.93255620316403,0.9745989304812834,0.007846556233653008,0.3400174367916303,0.6521360069747166,0.17968186837951924,0.9159090909090909,0.9159090909090909,12.931818181818182,0.003675084214453057,96.74731153023288,88.23529411764706,0.3001476828503924,0.8823529411764706,0.35029695542510153,49.49351196457843,-47.25379956565445,6.999694198974435,50,50,22.464956045150757
861,,-1.6566562879908973,-0.018205014153746122,0.030808627605438232,0.36,0.36,0.36,0.9331131296449215,0.9710743801652892,0.009515570934256055,0.3624567474048443,0.6280276816608996,0.18548892483862942,0.8685714285714285,0.8685714285714285,16.153846153846153,0.001942944266732202,124.95766752390057,86.91460055096418,0.30595981727823085,0.8691460055096418,0.3662703547559417,51.35392710681935,-73.60374041708121,7.344714320375212,50,50,23.768080949783325
862,,-1.563266262793164,-0.019064222716989803,0.15579058229923248,0.34,0.34,0.34,0.9107901444350043,0.9623188405797102,0.010889292196007259,0.3629764065335753,0.6261343012704175,0.18572237903386749,0.8209756097560975,0.8209756097560975,16.524390243902438,0.0021508974420848996,106.56304113994611,86.52173913043478,0.2861001811492546,0.8652173913043478,0.34393485682684627,52.812701180706455,-53.750339959239646,7.180310233702982,50,50,21.493207931518555
863,,-4.482827200443864,-0.04768965106855174,0.09570513575454243,0.42,0.42,0.42,0.9091673675357443,0.9601139601139601,0.007162041181736795,0.36436884512085943,0.6284691136974038,0.18244437236213226,0.7757446808510639,0.7757446808510639,13.914893617021276,0.010654999790148546,152.72712153515982,86.75213675213675,0.2864809140076068,0.8675213675213675,0.34752554379598305,47.71531897586027,-105.01180255929954,6.487745100046444,50,50,23.71720600128174
864,,2.1936908469321836,0.025508033103862602,0.15865234471857548,0.38,0.38,0.38,0.9076797385620915,0.9672364672364673,0.00960698689956332,0.377292576419214,0.6131004366812227,0.1800708498612407,0.8483720930232558,0.8483720930232558,20.72093023255814,0.004015770248347189,119.10122429447817,89.17378917378917,0.3148831222999127,0.8917378917378918,0.37790241536452523,50.52747761641187,-68.5737466780663,7.313868979463958,50,50,23.74767231941223
865,,-12.782468623435049,-0.15038198380511822,0.17425468564033508,0.24,0.24,0.24,0.8991525423728813,0.9561933534743202,0.008152173913043478,0.39221014492753625,0.5996376811594203,0.18262233572506162,0.7505882352941177,0.7505882352941177,26.55294117647059,0.12380127448718595,116.70152182654414,85.64954682779457,0.27404607157019306,0.8564954682779456,0.33399464455540123,49.29607655281008,-67.40544527373406,6.72895566573883,50,50,22.964910984039307
866,,0.7514522879485035,0.008349469866094483,0.20512869954109192,0.42,0.42,0.42,0.9524207011686143,0.9768707482993197,0.006024096385542169,0.3614457831325301,0.6325301204819277,0.18231438354369311,0.7708888888888888,0.7708888888888888,16.5,0.00038080548902235046,117.0750945724247,83.94557823129252,0.2624071047256587,0.8394557823129252,0.32451709782713384,52.08080340461822,-64.99429116780648,7.348856886299146,50,50,22.86608910560608
867,,-0.5777514434638087,-0.006718040040276845,0.09388392969655494,0.44,0.44,0.44,0.9255774165953806,0.976083707025411,0.006334841628959276,0.38823529411764707,0.6054298642533936,0.18476295909701188,0.751860465116279,0.751860465116279,19.023255813953487,0.00022156828652961118,114.96672601004266,86.24813153961136,0.2629986713041809,0.8624813153961136,0.3195465373483035,50.04977714502222,-64.91694886502044,6.900325217414725,50,50,21.89965033531189
868,,-3.4541289300399307,-0.03837921033377701,0.1059263398249944,0.32,0.32,0.32,0.9117161716171617,0.9550408719346049,0.011393514460999123,0.3453111305872042,0.6432953549517967,0.18458687774883745,0.9304444444444444,0.9304444444444444,13.511111111111111,0.008959266126386142,120.11152792657052,87.32970027247956,0.31954680542747854,0.8732970027247956,0.38090831715396767,50.265501741108515,-69.84602618546201,6.7572419331974825,50,50,23.9542293548584
869,,-4.606935624000565,-0.05176332161798387,0.13642956813176474,0.38,0.38,0.38,0.9002535925612849,0.9558404558404558,0.004516711833785004,0.36133694670280037,0.6341463414634146,0.18846187803982492,0.8334831460674157,0.8334831460674157,14.764044943820224,0.013030223932936368,124.79809219827362,88.31908831908832,0.2798026188371534,0.8831908831908832,0.3270826434414085,51.81950994170366,-72.97858225656996,6.858697750285262,50,50,23.950547456741333
870,,5.181553111697172,0.06025061757787409,0.11571848123437828,0.4,0.4,0.4,0.9356677524429967,0.9726205997392438,0.011884550084889643,0.3370118845500849,0.6511035653650254,0.18572387504372337,0.9488372093023256,0.9488372093023256,14.627906976744185,0.023462211195435928,103.27290740094958,88.26597131681876,0.30118866213592277,0.8826597131681877,0.3518722517123226,52.53269551586038,-50.74021188508919,6.828349964669631,50,50,22.842345714569092
871,,7.115988407737364,0.07734770008410177,0.015692634508013725,0.52,0.52,0.52,0.946058091286307,0.9775725593667546,0.011187607573149742,0.33648881239242684,0.6523235800344234,0.19648274914406616,0.8293478260869566,0.8293478260869566,12.684782608695652,0.027507325534794447,140.55914295808788,86.01583113456465,0.2820340813558568,0.8601583113456465,0.343064884492126,52.05504130283282,-88.50410165525504,6.858795087674243,50,50,23.054795742034912
872,,-6.912605903596655,-0.07766972925389501,0.09588683359324932,0.28,0.28,0.28,0.8961253091508656,0.9562913907284768,0.011535048802129548,0.318544809228039,0.6699201419698314,0.19025237265283804,0.9732584269662922,0.9732584269662922,11.786516853932584,0.03540804050853183,118.80606383376931,89.5364238410596,0.33724084199470417,0.895364238410596,0.38635278030429704,49.78220978542835,-69.02385404834097,6.9215804536874845,50,50,24.060311317443848
873,,-13.025162583619167,-0.14801321117749053,0.008383919795354208,0.16,0.16,0.16,0.8674399337199669,0.9495225102319236,0.012832263978001834,0.3153070577451879,0.6718606782768103,0.19473442347606304,1.0263636363636364,1.0263636363636364,10.329545454545455,0.1615910207183754,113.74042363807045,87.17598908594816,0.34114028862190526,0.8717598908594816,0.40382889906185626,45.95119887488251,-67.78922476318795,5.900870965517523,50,50,24.25926160812378
874,,12.296663663228815,0.1397348143548729,0.1445189993828535,0.58,0.58,0.58,0.959493670886076,0.9800531914893617,0.00779896013864818,0.34055459272097055,0.6516464471403813,0.19140652350989099,0.8343181818181818,0.8343181818181818,12.704545454545455,0.09059274710027715,113.7738156630205,89.22872340425532,0.2846883956471752,0.8922872340425532,0.32652209147626793,48.95176752426218,-64.82204813875832,7.14345362010931,50,50,22.48900532722473
875,,-8.016218069148014,-0.08906908965720016,0.205057293176651,0.28,0.28,0.28,0.896234309623431,0.9602194787379973,0.009945750452079566,0.3309222423146474,0.659132007233273,0.19387003261587557,0.8846666666666667,0.8846666666666667,10.688888888888888,0.04838189776738099,111.7952662494549,84.49931412894375,0.2799665983820058,0.8449931412894376,0.3485048011300702,50.283327753072356,-61.51193849638254,6.4393301074718945,50,50,24.2409086227417
876,,2.1809645181372104,0.02423293909041345,0.1409887418150902,0.4,0.4,0.4,0.9195020746887966,0.9704749679075738,0.014925373134328358,0.30114135206321335,0.6839332748024582,0.19652009363771525,0.9493333333333334,0.9493333333333334,9.655555555555555,0.0034895662055779327,117.67140403682535,87.03465982028241,0.30911764330943664,0.8703465982028241,0.3669212159963471,50.936900614700846,-66.7345034221245,6.611668271552545,50,50,23.288172245025635
877,,-3.1011010403474177,-0.0313242529328022,0.11224490404129028,0.46,0.46,0.46,0.9372909698996655,0.9763157894736842,0.0069868995633187774,0.3292576419213974,0.6637554585152838,0.19549969931341632,0.7436363636363637,0.7436363636363637,11.535353535353535,0.004690621132882934,127.8297052188255,86.31578947368422,0.2880618369209765,0.8631578947368421,0.3461184114603641,48.25873115430748,-79.57097406451801,7.4784029154197835,50,50,24.89314603805542
878,,-7.021684207387942,-0.07314254382695773,0.21180269122123718,0.34,0.34,0.34,0.9289256198347108,0.9611528822055138,0.007785467128027681,0.30190311418685123,0.6903114186851211,0.2018607899594872,0.9204166666666667,0.9204166666666667,9.979166666666666,0.02766428143357377,125.91699046477648,87.34335839598998,0.30654250246411435,0.8734335839598998,0.36465361030751586,48.944154265079206,-76.97283619969727,6.061956330483326,50,50,24.730440378189087
879,,-7.380084643439525,-0.08482855911999454,0.021153807640075684,0.22,0.22,0.22,0.8895397489539749,0.9628099173553719,0.018198362147406732,0.32120109190172885,0.6606005459508644,0.20264031480719724,0.9963218390804598,0.9963218390804598,10.724137931034482,0.05005337950350318,113.79856773184636,86.77685950413223,0.31616704012677743,0.8677685950413223,0.3793398604894643,50.79489256944442,-63.00367516240195,5.808485711930072,50,50,24.12921452522278
880,,3.055215391237837,0.03511741829009008,0.08680056780576706,0.34,0.34,0.34,0.9325751421608448,0.9712140175219024,0.004244482173174873,0.3174872665534805,0.6782682512733447,0.20223055091705616,0.9494252873563218,0.9494252873563218,11.149425287356323,0.008607631912528215,109.94959340073363,86.85857321652065,0.2922519446574084,0.8685857321652065,0.3563899629718519,48.90747525140401,-61.042118149329625,6.567652446091054,50,50,23.196414709091187
881,,-4.197421203789362,-0.0441833810925196,0.07537206262350082,0.38,0.38,0.38,0.9383223684210527,0.9701298701298702,0.010273972602739725,0.3304794520547945,0.6592465753424658,0.2057499910437404,0.8957894736842106,0.8957894736842106,11.16842105263158,0.0100241079690208,127.3393136948301,86.1038961038961,0.3086615467673783,0.861038961038961,0.373023677031222,51.05387402497038,-76.28543966985971,6.825153064634099,50,50,24.51548933982849
882,,-4.937324894095803,-0.054859165489953364,0.017737410419310134,0.34,0.34,0.34,0.9124690338563171,0.9586028460543338,0.011403508771929825,0.3105263157894737,0.6780701754385965,0.20472984324349738,0.8926666666666667,0.8926666666666667,10.722222222222221,0.015889995604413246,114.32152629784095,83.57050452781371,0.28643803306266913,0.8357050452781372,0.36265784166275655,51.19568520431015,-63.125841093530795,7.024966587868055,50,50,23.535926818847656
883,,-2.2770633915617298,-0.025584981927659886,-0.0174996517598629,0.38,0.38,0.38,0.907190635451505,0.9555256064690026,0.008912655971479501,0.32976827094474154,0.661319073083779,0.21150397360450002,0.9438202247191011,0.9438202247191011,11.629213483146067,0.003299419097525473,122.83861615133898,89.08355795148249,0.3200259844108739,0.8908355795148248,0.37052894067227493,49.194866610707734,-73.64374954063125,5.792316588216638,50,50,23.46455407142639
884,,-11.92529716722235,-0.1282290017980898,0.07533980906009674,0.24,0.24,0.24,0.8868243243243243,0.9434954007884363,0.010027347310847767,0.29626253418413856,0.6937101185050136,0.21872710808513715,0.995268817204301,0.995268817204301,8.849462365591398,0.10086241716579467,125.75990710506086,90.80157687253615,0.3374974755089086,0.9080157687253614,0.3821824980686091,47.8313172509484,-77.92858985411246,6.545297619329467,50,50,24.156241416931152
885,,-9.729327526231057,-0.10691568710144018,0.14930621311068534,0.2,0.2,0.2,0.8948675496688742,0.9488188976377953,0.016,0.30666666666666664,0.6773333333333333,0.21770905814745084,1.0246153846153847,1.0246153846153847,10.56043956043956,0.09218477027126559,115.16521399261883,85.43307086614173,0.32077451871119766,0.8543307086614174,0.39058380292959305,49.31594453948527,-65.84926945313356,6.040336629952782,50,50,24.732447624206543
886,,-12.929411253674555,-0.1452742837491523,0.2005172401666641,0.14,0.14,0.14,0.850328947368421,0.9428191489361702,0.014719411223551058,0.2934682612695492,0.6918123275068997,0.21945915124671117,1.1047191011235955,1.1047191011235955,10.146067415730338,0.16607280570282604,122.40192975011176,85.1063829787234,0.34167128773554195,0.851063829787234,0.42154812407554,51.8822147774692,-70.51971497264256,6.381637777646886,50,50,24.537218809127808
887,,-2.0281734763319093,-0.02278846602620123,0.12408736472328503,0.34,0.34,0.34,0.9407345575959933,0.9726918075422627,0.011226252158894647,0.32469775474956825,0.6640759930915371,0.22315752080745022,0.9525842696629213,0.9525842696629213,11.134831460674157,0.0029663095612168597,110.9684736720798,86.34590377113133,0.293561935298499,0.8634590377113134,0.35351566522441863,50.19173236821207,-60.776741303867716,6.333161477743074,50,50,23.610890865325928
888,,-8.999178552962785,-0.0947281952943451,0.0776752345263958,0.3,0.3,0.3,0.9075144508670521,0.9625,0.008795074758135445,0.287598944591029,0.7036059806508356,0.2262817950213671,0.9755789473684211,0.9755789473684211,8.642105263157895,0.04572648388477193,148.07747671205675,87.625,0.3090723114711247,0.87625,0.36723129716888825,52.73903329340327,-95.3384434186535,6.247293721662104,50,50,24.21859574317932
889,,-7.228995296540469,-0.07943950875319196,0.06483591268105167,0.26,0.26,0.26,0.8974569319114027,0.9586983729662077,0.014096916299559472,0.28193832599118945,0.7039647577092512,0.2253130818097558,0.9914285714285714,0.9914285714285714,9.571428571428571,0.0423195786998607,120.65038439403146,85.98247809762202,0.28204513412511806,0.8598247809762203,0.3418761175212003,48.365617452137286,-72.28476694189418,6.5008259860021,50,50,24.981061458587646
890,,-2.8817422877360093,-0.03312347457167827,0.03167576575651765,0.32,0.32,0.32,0.9111870196413322,0.9682959048877147,0.007279344858962694,0.3039126478616925,0.6888080072793449,0.22520590136791308,0.9577011494252874,0.9577011494252874,10.298850574712644,0.006716912400521543,110.46302599447245,86.65785997357992,0.2949896809959054,0.8665785997357992,0.35847041647346695,49.15321292007653,-61.30981307439591,6.106145444619379,50,50,22.696261882781982
891,,-7.778236439774657,-0.09044460976482159,0.259931355714798,0.2,0.2,0.2,0.8842364532019704,0.9502688172043011,0.011586452762923352,0.3253119429590018,0.6631016042780749,0.22180339427945084,0.997906976744186,0.997906976744186,11.988372093023257,0.06046174487343183,114.34571872782026,88.97849462365592,0.3165635924592742,0.8897849462365591,0.36786129749029944,49.396948514214216,-64.94877021360604,6.852489466836557,50,50,23.308631896972656
892,,-4.264977891236956,-0.04585997732512856,0.18456858303397894,0.38,0.38,0.38,0.8996627318718381,0.9502762430939227,0.014466546112115732,0.3309222423146474,0.6546112115732369,0.22546341051270258,0.9374193548387096,0.9374193548387096,10.838709677419354,0.010558983204240027,132.6994307387443,84.25414364640883,0.3268850745465404,0.8425414364640884,0.4066875406173032,50.76530503813116,-81.93412570061312,6.631670612343331,50,50,24.321034908294678
893,,-8.228798987796928,-0.09042636250326294,0.18244300223886967,0.24,0.24,0.24,0.9033306255077173,0.9566265060240964,0.004329004329004329,0.27705627705627706,0.7186147186147186,0.22814273457665568,1.0125274725274724,1.0125274725274724,9.307692307692308,0.0539677442641568,121.03900837675005,86.14457831325302,0.3085588333710799,0.8614457831325302,0.37188956346629404,50.76631198639303,-70.27269639035703,6.858350629629665,50,50,24.5440890789032
894,,-11.042102191745258,-0.12269002435272508,0.14965030550956726,0.22,0.22,0.22,0.8776019983347211,0.9533333333333334,0.01282051282051282,0.30036630036630035,0.6868131868131868,0.23281700539868486,1.0462222222222222,1.0462222222222222,8.555555555555555,0.09685398941665614,133.31138691824333,86.0,0.34502897029078994,0.86,0.41763561180042,51.85263354846538,-81.45875336977797,5.68672824183944,50,50,24.246235609054565
895,,-10.162246952742025,-0.11418255003080928,0.07074518554977008,0.2,0.2,0.2,0.8697788697788698,0.9521963824289406,0.008159564823209429,0.2901178603807797,0.7017225747960109,0.23506424095001216,1.1175280898876405,1.1175280898876405,8.47191011235955,0.0989756611039344,102.12790829622594,86.17571059431525,0.3211708738127143,0.8617571059431525,0.38880045575097527,48.365491727219,-53.762416569006945,6.163992379031074,50,50,24.489230155944824
896,,-8.147491829805432,-0.09585284505653449,0.055611688643693924,0.2,0.2,0.2,0.87893864013267,0.951885565669701,0.012681159420289856,0.2907608695652174,0.6965579710144928,0.23134556018053007,1.100470588235294,1.100470588235294,8.458823529411765,0.069394987003088,100.74540638526648,86.86605981794538,0.3300143220586806,0.8686605981794538,0.3948576662788306,50.63376264093202,-50.111643744334465,6.375883813466595,50,50,22.856662273406982
897,,-7.4119561834428005,-0.08519489866026207,-0.06112881377339363,0.2,0.2,0.2,0.8882402001668057,0.957124842370744,0.009972801450589302,0.27107887579329104,0.7189483227561196,0.234667956090088,1.058390804597701,1.058390804597701,7.839080459770115,0.04988231588753557,114.38238812310374,88.27238335435057,0.30680890371924663,0.8827238335435057,0.3589623701280512,50.00588395478786,-64.37650416831588,6.0520145318741205,50,50,23.334885120391846
898,,-9.970949660903274,-0.10721451248283091,0.10394937454839237,0.26,0.26,0.26,0.911643270024773,0.9613992762364294,0.007887817703768623,0.26555652936021035,0.726555652936021,0.23184033070713148,0.930752688172043,0.930752688172043,7.580645161290323,0.06601576487859324,123.8039396062481,86.97225572979494,0.30106939227943513,0.8697225572979493,0.3605935346062962,52.13333801900791,-71.67060158724018,6.431533358351955,50,50,23.90558171272278
899,,-12.971536366035412,-0.1409949605003849,0.1471795029938221,0.16,0.16,0.16,0.8894557823129252,0.951417004048583,0.013786764705882353,0.30514705882352944,0.6810661764705882,0.2299340231433788,1.001304347826087,1.001304347826087,9.58695652173913,0.15461240706467289,113.58699842184967,88.25910931174089,0.3325247372478284,0.8825910931174089,0.40317182159187065,50.55217923422484,-63.03481918762484,5.865433022961984,50,50,24.467907905578613
900,,-11.052372602539494,-0.12559514321067608,0.12187240592070989,0.2,0.2,0.2,0.8752066115702479,0.9466840052015605,0.00993676603432701,0.2953929539295393,0.6946702800361337,0.23277255686781825,1.041590909090909,1.041590909090909,9.602272727272727,0.10133777811388453,115.56031554610972,87.90637191157347,0.3129994793013476,0.8790637191157347,0.36528597951283653,47.70773674182246,-67.85257880428726,6.144937647492589,50,50,24.52480983734131
901,,-4.980727723006931,-0.0565991786705333,0.1031769656886657,0.3,0.3,0.3,0.8859721082854799,0.9606099110546379,0.00804289544235925,0.28865058087578194,0.7033065236818588,0.23607929281756282,1.0147727272727274,1.0147727272727274,8.556818181818182,0.01795944553784746,129.01657843550169,86.14993646759848,0.3114415553446692,0.8614993646759848,0.3732378625113069,54.33829560115574,-74.67828283434595,6.025013765327517,50,50,23.740217924118042
902,,-15.320443110196093,-0.17022714566884548,0.12184194549918174,0.14,0.14,0.14,0.8588039867109635,0.9434954007884363,0.006445672191528545,0.292817679558011,0.7007366482504604,0.2296828348295789,1.013111111111111,1.013111111111111,8.222222222222221,0.1979153985265921,121.6738262712701,86.59658344283837,0.3217220489587338,0.8659658344283837,0.3926936001524126,47.38739717145336,-74.28642909981674,5.779890797937436,50,50,24.03085708618164
903,,-19.144194760966773,-0.20366164639326353,0.006925336085259914,0.14,0.14,0.14,0.8492257538712307,0.9359477124183007,0.014611872146118721,0.2867579908675799,0.6986301369863014,0.23101699065989878,1.1004255319148937,1.1004255319148937,8.670212765957446,0.27845091487223955,125.67199855941016,87.58169934640523,0.370323346809216,0.8758169934640523,0.4355961857706983,49.46179260517522,-76.21020595423494,6.539730986834796,50,50,25.821768760681152
904,,-20.58230329735313,-0.21218869378714567,0.06273125037550926,0.2,0.2,0.2,0.9065656565656566,0.9620733249051833,0.008064516129032258,0.2831541218637993,0.7087813620071685,0.23548603328094894,0.9096907216494845,0.9096907216494845,8.195876288659793,0.23776015297163738,129.94903887308607,85.33501896333755,0.2880478911761191,0.8533501896333755,0.35163339638501845,52.60431180573539,-77.34472706735069,6.577671345402347,50,50,24.928228616714478
905,,-15.358292466671973,-0.16166623649128392,0.05397648519525925,0.2,0.2,0.2,0.858085808580858,0.94750656167979,0.011992619926199263,0.28505535055350556,0.7029520295202952,0.22651087276175874,1.0109473684210526,1.0109473684210526,8.452631578947368,0.17283113616863188,135.0504750053259,87.53280839895014,0.3666155440693912,0.8753280839895013,0.4325606857354917,49.08719540764905,-85.96327959767684,6.441433788025718,50,50,25.438932418823242
906,,-21.768848043057005,-0.21553314894115846,0.14897245541214943,0.16,0.16,0.16,0.8678485092667204,0.9465838509316771,0.01415929203539823,0.2734513274336283,0.7123893805309734,0.21762072244948952,1.0093069306930693,1.0093069306930693,7.643564356435643,0.263045925947578,172.75879503353778,87.70186335403727,0.34830778454225286,0.8770186335403727,0.4109005939458476,49.15995194090873,-123.59884309262905,5.96187612004611,50,50,27.816395044326782
907,,-14.087306200079883,-0.15312289347912916,0.1292365876558636,0.14,0.14,0.14,0.8810105949470253,0.961916461916462,0.006238859180035651,0.26827094474153296,0.7254901960784313,0.21850497361248372,1.0693478260869564,1.0693478260869564,7.163043478260869,0.16664533768490916,108.4631122438293,86.24078624078624,0.31952426425019864,0.8624078624078624,0.38512472063043124,52.29977016476475,-56.16334207906455,5.83464913396796,50,50,25.28572726249695
908,,-7.582364941501456,-0.08424849935001617,0.19586674869060516,0.2,0.2,0.2,0.8912685337726524,0.9539800995024875,0.005342831700801425,0.27871772039180764,0.715939447907391,0.2165697941497783,1.058888888888889,1.058888888888889,8.777777777777779,0.05988074820644081,118.53241218607582,86.69154228855722,0.3441278699113879,0.8669154228855721,0.40791970632525437,50.52211402374348,-68.01029816233235,5.914765170843577,50,50,24.651400089263916
909,,-1.0238822422263385,-0.011635025479844756,0.16798706352710724,0.3,0.3,0.3,0.9071487263763353,0.9619771863117871,0.010535557506584723,0.2967515364354697,0.6927129060579456,0.21299370760955338,1.0197727272727273,1.0197727272727273,9.522727272727273,0.000854503552542755,118.08867181884709,87.83269961977186,0.31567412822430635,0.8783269961977186,0.3726580542014097,51.39340163279559,-66.6952701860515,6.483128147029222,50,50,24.7903151512146
910,,-4.4833140161273715,-0.049814600179193015,0.10997424158267677,0.3,0.3,0.3,0.8981406628940987,0.9578163771712159,0.011304347826086957,0.28782608695652173,0.7008695652173913,0.21328207447095257,0.99,0.99,10.244444444444444,0.015889874508503057,110.15088150367829,88.46153846153845,0.2838622604495001,0.8846153846153846,0.34361463850270085,49.50777360216243,-60.64310790151586,6.691499614209391,50,50,24.831596612930298
911,,-1.547883168693426,-0.018427180579683643,0.14420819406708082,0.32,0.32,0.32,0.8976311336717429,0.963302752293578,0.00916590284142988,0.2914757103574702,0.6993583868011,0.21335152772729218,0.9971428571428571,0.9971428571428571,9.238095238095237,0.0018711443104565955,110.53271222834547,87.1559633027523,0.29669149829636976,0.8715596330275229,0.3514972070032795,51.71598370049176,-58.81672852785372,6.790147999540555,50,50,22.25586462020874
912,,-1.0588958821815389,-0.011897706541365604,0.19283047318458557,0.34,0.34,0.34,0.9295190713101161,0.9662243667068757,0.009540329575021683,0.27146574154379877,0.7189939288811795,0.20082663502852208,0.9889887640449438,0.9889887640449438,9.134831460674157,0.0007658899124309645,114.17327191039112,88.7816646562123,0.2947808782600583,0.887816646562123,0.3418581338634931,53.562521856977426,-60.6107500534137,6.82028374994105,50,50,23.542811393737793
913,,5.256847147760359,0.06333550780434168,0.25160035490989685,0.44,0.44,0.44,0.902376910016978,0.9745308310991957,0.009140767824497258,0.30895795246800734,0.6819012797074955,0.19938109058972325,0.9330120481927711,0.9330120481927711,11.44578313253012,0.02113984436390893,98.1506475727442,84.85254691689008,0.2584772630299537,0.8485254691689008,0.3173457887129163,48.73055578498665,-49.420091787757556,6.93799322573405,50,50,21.394875288009644
914,,-13.81150293085096,-0.1469308822430953,0.15183240473270415,0.24,0.24,0.24,0.8934010152284264,0.9513715710723192,0.006346328195829556,0.2665457842248413,0.7271078875793291,0.19819753191289877,0.9682978723404255,0.9682978723404255,7.968085106382978,0.1278068409164903,120.70483658583494,87.03241895261846,0.30632897232281336,0.8703241895261845,0.3633957933418804,51.14482347977433,-69.56001310606061,6.765186573709724,50,50,24.714539051055908
915,,-2.869373060344458,-0.03153157209169734,0.11327069252729416,0.34,0.34,0.34,0.9153526970954357,0.9654731457800512,0.004389815627743635,0.3090430201931519,0.6865671641791045,0.19571175559399237,0.9635164835164836,0.9635164835164836,10.472527472527473,0.0059592128944592725,103.39723223819198,88.1074168797954,0.322497605091485,0.881074168797954,0.3761310219486718,48.21507999805058,-55.18215224014139,6.600382584129374,50,50,24.372753143310547
916,,-2.8989851704308514,-0.032943013300350585,0.2532871663570404,0.32,0.32,0.32,0.8872427983539095,0.9599465954606141,0.00990990990990991,0.3153153153153153,0.6747747747747748,0.19785360843409763,0.9170454545454545,0.9170454545454545,11.545454545454545,0.006750092100560796,102.90872168474334,86.91588785046729,0.3235896298430229,0.8691588785046729,0.38487437874904024,52.1594430086565,-50.749278676086846,6.2981784296991865,50,50,23.719918966293335
917,,-12.236805080879575,-0.13447038550417115,0.1847170740365982,0.2,0.2,0.2,0.8977741137675186,0.9532710280373832,0.008865248226950355,0.3271276595744681,0.6640070921985816,0.19071115927189936,0.9545054945054945,0.9545054945054945,12.164835164835164,0.12460430188953744,115.13914106517164,88.65153538050734,0.26161253219724995,0.8865153538050734,0.37247096808229657,49.81834776791274,-65.3207932972589,6.233199812360868,50,50,25.183255434036255
918,,-14.023332692200919,-0.15242752926305347,0.0918850016896613,0.2,0.2,0.2,0.8769483182936834,0.9533954727030626,0.008992805755395683,0.31564748201438847,0.6753597122302158,0.19078982664390107,0.9836956521739131,0.9836956521739131,9.945652173913043,0.1606685292539694,107.29094633292937,87.35019973368841,0.33593842114274886,0.8735019973368842,0.4002327203830805,50.20346338378194,-57.08748294914742,5.872716761366401,50,50,24.48953914642334
919,,5.145153428643109,0.05716837142936788,0.13767021677146354,0.44,0.44,0.44,0.9420880913539967,0.97442143727162,0.005942275042444821,0.29711375212224106,0.6969439728353141,0.1960533208068745,0.9151111111111111,0.9151111111111111,10.677777777777777,0.017186035545464093,127.29517052389502,86.96711327649209,0.28205810894779015,0.8696711327649208,0.3356225025259398,49.76671810722443,-77.52845241667059,6.584642428630007,50,50,23.44797921180725
920,,9.548334099309605,0.10975096665873109,0.0760168805718422,0.5,0.5,0.5,0.9522613065326633,0.9695121951219512,0.00859106529209622,0.2869415807560137,0.7044673539518901,0.19999543654910373,0.9418390804597702,0.9418390804597702,9.770114942528735,0.061148715367739796,101.94984376919248,86.34146341463415,0.2914737412052836,0.8634146341463415,0.3508072915179081,52.413651429510665,-49.53619233968181,7.170934532044771,50,50,22.43838405609131
921,,-1.2688674901016372,-0.015105565358352824,0.08193628862500191,0.3,0.3,0.3,0.9044056525353283,0.9623655913978495,0.007123775601068566,0.3303650934995548,0.6625111308993766,0.20109030214195886,1.0173809523809523,1.0173809523809523,12.214285714285714,0.0014734998134605657,104.27929710077073,87.76881720430107,0.3277698452671043,0.8776881720430108,0.38503843218684497,48.78237892271136,-55.496918178059374,6.603396180991282,50,50,22.03772783279419
922,,-4.841916297513625,-0.05043662809910026,0.055912572890520096,0.42,0.42,0.42,0.9118869492934331,0.9678714859437751,0.010638297872340425,0.3271276595744681,0.6622340425531915,0.2018427927107886,0.83125,0.83125,10.645833333333334,0.01052565392146613,141.03979221338034,86.34538152610442,0.3139426229682519,0.8634538152610441,0.3798156485715051,50.187264243881316,-90.85252796949904,6.584493638105462,50,50,24.415638208389282
923,,5.523764875462331,0.06349155029267047,0.148797906935215,0.44,0.44,0.44,0.9341666666666667,0.9740932642487047,0.009581881533101045,0.31794425087108014,0.6724738675958188,0.20360862108018388,0.9266666666666666,0.9266666666666666,11.344827586206897,0.020121448689043524,115.12292624468975,86.78756476683938,0.29310474644152196,0.8678756476683938,0.34945776040358606,52.01137744531489,-63.11154879937485,6.389720926189474,50,50,23.03550696372986
924,,-4.498543832833507,-0.05355409324801794,0.10755733773112297,0.3,0.3,0.3,0.9106529209621993,0.9621109607577808,0.012750455373406194,0.31420765027322406,0.6730418943533698,0.20423642514541435,0.9523809523809523,0.9523809523809523,12.583333333333334,0.015901676178909883,122.19526682074651,86.19756427604871,0.28918517795826904,0.8619756427604871,0.3484166290256496,50.84114873393334,-71.35411808681317,6.990490518833899,50,50,22.402171850204468
925,,-12.764774253562571,-0.14027224454464363,0.18095917999744415,0.3,0.3,0.3,0.8801341156747695,0.9453781512605042,0.006392694063926941,0.3415525114155251,0.6520547945205479,0.20419011283907362,0.8705494505494505,0.8705494505494505,12.307692307692308,0.08778583623576264,141.61922235470496,86.97478991596638,0.31917484129572726,0.8697478991596639,0.38964126957535594,51.45583101897337,-90.16339133573159,6.3326141320307725,50,50,23.774940013885498
926,,-4.973192013790126,-0.05782781411383868,0.08969262029443469,0.32,0.32,0.32,0.8899917287014061,0.9619047619047619,0.005385996409335727,0.3348294434470377,0.6597845601436265,0.20750999080867227,0.9179069767441861,0.9179069767441861,13.453488372093023,0.018468753601105024,106.32797880586864,88.16326530612245,0.3124044598732419,0.8816326530612245,0.3650107627563386,50.604244661307085,-55.72373414456155,6.651803362882768,50,50,23.232236862182617
927,,0.4385568112446667,0.005099497805170544,0.20891119539737701,0.4,0.4,0.4,0.911690496215307,0.9611111111111111,0.008912655971479501,0.3493761140819964,0.6417112299465241,0.20762371476527797,0.8748837209302326,0.8748837209302326,14.686046511627907,0.00014116998586175136,111.95209006098517,88.33333333333333,0.3030137443026895,0.8833333333333333,0.35236649075687665,48.02781809929669,-63.92427196168849,6.407255819447427,50,50,23.33180546760559
928,,-19.465915771864598,-0.21391116232818239,0.0899592861533165,0.12,0.12,0.12,0.8763759525825572,0.9462517680339463,0.004642525533890436,0.33890436397400187,0.6564531104921077,0.2075393965490518,0.9465934065934066,0.9465934065934066,10.901098901098901,0.3253419172022174,116.4779279954438,87.97736916548797,0.3419814549713907,0.8797736916548797,0.3994928118700213,48.09624260690555,-68.38168538853826,6.371531620723693,50,50,24.879146099090576
929,,-3.1987474907657263,-0.03808032727102055,0.08756395149976015,0.22,0.22,0.22,0.904485049833887,0.9561643835616438,0.008865248226950355,0.34397163120567376,0.6471631205673759,0.21347588530212241,0.9942857142857143,0.9942857142857143,13.25,0.012713465728081203,89.68771422176943,85.06849315068493,0.2921946497934,0.8506849315068493,0.3617607062412371,47.20586989722046,-42.48184432454897,6.498491674618676,50,50,22.549944400787354
930,,-7.423132974613418,-0.08247925527348242,0.08625658194068819,0.28,0.28,0.28,0.9167360532889259,0.9678321678321679,0.007964601769911504,0.35929203539823007,0.6327433628318584,0.21174374843363572,0.8506666666666667,0.8506666666666667,14.833333333333334,0.039878086356050856,119.90283289894458,87.97202797202797,0.3069498696170342,0.8797202797202798,0.3621494124170212,49.96929099142518,-69.9335419075194,6.36506443437824,50,50,23.826374292373657
931,,7.251300641094203,0.08530941930699062,0.09945767372846603,0.5,0.5,0.5,0.9388275276125744,0.9737206085753803,0.016814159292035398,0.3433628318584071,0.6398230088495576,0.21854245853948112,0.8663529411764705,0.8663529411764705,13.352941176470589,0.03574207724167473,106.28966704884594,87.13692946058092,0.27717492777928,0.8713692946058091,0.3293066424133148,51.73481383458677,-54.554853214259175,6.804782565108903,50,50,22.004600048065186
932,,-7.338561588910661,-0.08533211149896118,0.13436088835199675,0.28,0.28,0.28,0.9006677796327212,0.9583892617449664,0.003590664272890485,0.3276481149012567,0.6687612208258528,0.2185494052758669,0.9465116279069767,0.9465116279069767,11.779069767441861,0.04022603632358996,145.0330036034312,87.6510067114094,0.29834683785343247,0.876510067114094,0.3601160445835455,50.61272316209727,-94.42028044133393,6.2555975905700265,50,50,22.632760524749756
933,,-14.592775584993277,-0.1536081640525608,0.1400266041358312,0.26,0.26,0.26,0.9190992493744787,0.9583892617449664,0.007908611599297012,0.3374340949033392,0.6546572934973638,0.23265771714544328,0.856,0.856,12.43157894736842,0.12926471629026764,122.09191236963446,87.11409395973155,0.2993794467304531,0.8711409395973154,0.3562297745820907,47.75622441478711,-74.33568795484734,6.583876289648147,50,50,24.276726245880127
934,,-4.331831277436015,-0.04922535542540926,0.22936988373597464,0.34,0.34,0.34,0.9338487972508591,0.9682758620689655,0.009883198562443846,0.3387241689128482,0.651392632524708,0.22632841763497957,0.8536363636363636,0.8536363636363636,12.215909090909092,0.01209517171514847,117.53176920258394,87.0344827586207,0.3123006502002423,0.8703448275862069,0.3698431601516368,54.230239714354354,-63.30152948822958,6.846556183511962,50,50,22.73302960395813
935,,6.316283133331912,0.07430921333331661,0.18306991457939148,0.44,0.44,0.44,0.9398814563928873,0.9727891156462585,0.007042253521126761,0.3459507042253521,0.6470070422535211,0.22372962041945013,0.8776470588235294,0.8776470588235294,13.152941176470588,0.03163786797645228,98.26085180530646,86.12244897959184,0.27761383998930733,0.8612244897959184,0.33563853385467757,51.40826232320595,-46.8525894821005,6.621752209532612,50,50,22.088512182235718
936,,-0.06891759824218026,-0.0007831545254793211,0.14858733490109444,0.34,0.34,0.34,0.9387096774193548,0.9707750952986023,0.013411567476948869,0.3269069572506287,0.6596814752724225,0.2311762052418511,0.9227272727272727,0.9227272727272727,13.022727272727273,4.02873592337437e-06,109.55005911016768,88.81829733163914,0.28250998298100893,0.8881829733163914,0.33850146907063006,50.5329478135671,-59.01711129660058,6.931911350664566,50,50,24.802517890930176
937,,-0.529171918655828,-0.006013317257452591,0.13349387127285203,0.36,0.36,0.36,0.923265306122449,0.9654255319148937,0.00944206008583691,0.34506437768240344,0.6454935622317597,0.2375194474045636,0.9022727272727272,0.9022727272727272,13.079545454545455,0.00022139214002826353,120.05979309597814,88.9627659574468,0.29657235772680046,0.8896276595744681,0.3526872019760067,49.98490066007822,-70.07489243589991,6.276535108866868,50,50,24.818660974502563
938,,-5.5578303769961215,-0.06315716337495593,0.18339542672038078,0.32,0.32,0.32,0.9031171019376579,0.9636608344549125,0.00990990990990991,0.3207207207207207,0.6693693693693694,0.2274552460503407,0.918409090909091,0.918409090909091,12.045454545454545,0.022718408628530026,116.19605688306348,87.61776581426649,0.3099861614362389,0.8761776581426649,0.36681150999605816,49.819271090491874,-66.37678579257161,7.352761582048929,50,50,23.042863845825195
939,,-8.99507829458589,-0.10582445052453987,0.1544732446782291,0.18,0.18,0.18,0.8822553897180763,0.9439124487004104,0.009918845807033363,0.3309287646528404,0.6591523895401262,0.24655668759280097,1.0661176470588236,1.0661176470588236,11.188235294117646,0.09815428169825058,93.17280389703436,88.23529411764706,0.31355352916759466,0.8823529411764706,0.36609132218670487,48.669460948855736,-44.50334294817863,6.564853625317216,50,50,22.91621422767639
940,,-7.498424769075218,-0.08926696153660973,0.1690768115222454,0.24,0.24,0.24,0.8928571428571429,0.9588652482269504,0.009157509157509158,0.34523809523809523,0.6456043956043956,0.24842801226360367,0.9592857142857143,0.9592857142857143,12.630952380952381,0.05104362928035839,101.63544057899009,87.09219858156028,0.32561429122210916,0.8709219858156029,0.3877438034608008,48.72821663743278,-52.90722394155731,6.944337818858004,50,50,23.043967485427856
941,,-12.370541437626779,-0.13899484761378403,0.09872284382581711,0.22,0.22,0.22,0.8818635607321131,0.9508196721311475,0.009066183136899365,0.3272892112420671,0.6636446056210336,0.24846615735699049,0.9743820224719101,0.9743820224719101,10.98876404494382,0.12599343801346805,108.00307234342966,87.97814207650273,0.3451235275128545,0.8797814207650273,0.4060185436351208,47.40195114791323,-60.601121195516434,6.352331493875567,50,50,23.631445169448853
942,,-11.133620246381629,-0.12370689162646253,0.14353982359170914,0.22,0.22,0.22,0.89,0.9594972067039106,0.01084010840108401,0.34236675700090335,0.6467931345980127,0.2557636017342298,0.9333333333333333,0.9333333333333333,11.966666666666667,0.10118483191977641,112.35025685882042,88.8268156424581,0.35765729248723876,0.888268156424581,0.4188049971575956,48.16758977196573,-64.18266708685469,6.307324355802369,50,50,23.824132680892944
943,,-21.548920692906957,-0.22446792388444747,0.0038362741470336914,0.22,0.22,0.22,0.873942470389171,0.9516129032258065,0.01486988847583643,0.3513011152416357,0.6338289962825279,0.25467263628483733,0.86375,0.86375,11.291666666666666,0.2347045002855158,136.22019342262644,86.95014662756599,0.3350332930920414,0.8695014662756598,0.3971227373058451,49.30733989496588,-86.91285352766054,6.3684820291673185,50,50,24.607860326766968
944,,5.4565944829175095,0.06419522921079424,0.16394969046115876,0.42,0.42,0.42,0.9298393913778529,0.9622395833333334,0.0088261253309797,0.31332744924977934,0.677846425419241,0.25537318315536384,0.9178823529411765,0.9178823529411765,13.011764705882353,0.023053772562055954,96.76900987870837,86.06770833333334,0.29249718577690215,0.8606770833333334,0.35518640017440245,49.87280956851509,-46.896200310193294,6.757909292359776,50,50,21.77122688293457
945,,-3.3028184867883685,-0.03840486612544614,0.17176884412765503,0.34,0.34,0.34,0.927791771620487,0.9620418848167539,0.00877963125548727,0.32045654082528535,0.6707638279192274,0.27333670620077566,0.9102325581395349,0.9102325581395349,11.930232558139535,0.00799590905038845,109.54710958839352,87.43455497382199,0.28952350883511635,0.8743455497382199,0.3496021326600323,50.67207482882968,-58.875034759563846,7.0456200675349265,50,50,22.440855026245117
946,,-7.637988362374062,-0.08302161263450068,0.10361123612771432,0.28,0.28,0.28,0.9059967585089141,0.9600515463917526,0.012953367875647668,0.3169257340241796,0.6701208981001727,0.2708994673240649,0.9995652173913043,0.9995652173913043,10.01086956521739,0.036586102169219877,137.91849179919353,88.91752577319588,0.30346884616919906,0.8891752577319587,0.35189866418930466,50.66435406871819,-87.25413773047535,5.882123989443185,50,50,25.42014479637146
947,,15.506400091462892,0.19143703816620855,0.09491360932588577,0.52,0.52,0.52,0.9491525423728814,0.9758389261744966,0.010507880910683012,0.3371278458844133,0.6523642732049036,0.2699324945016422,0.8562962962962963,0.8562962962962963,14.617283950617283,0.1897364718929034,97.35953584909943,89.93288590604027,0.28232191628168907,0.8993288590604027,0.3214234618688952,50.312074836874295,-47.047461012225135,7.3394465068160955,50,50,20.761338472366333
948,,-15.154176245579619,-0.1546344514855063,0.1439944109879434,0.26,0.26,0.26,0.8783333333333333,0.956338028169014,0.01004566210045662,0.3415525114155251,0.6484018264840182,0.27221267638512564,0.8728571428571429,0.8728571428571429,11.173469387755102,0.13584918340365307,123.23936008843398,84.50704225352112,0.2987154840964862,0.8450704225352113,0.36667309047287727,47.96924502916044,-75.27011505927354,6.189160169151389,50,50,25.32722806930542
949,,-1.3848220300475258,-0.016888073537164948,0.037032850086688995,0.3,0.3,0.3,0.9171597633136095,0.9602194787379973,0.01159678858162355,0.33809099018733274,0.6503122212310437,0.2650583340977453,0.9136585365853659,0.9136585365853659,13.24390243902439,0.0017554979321153887,92.56223850234457,87.10562414266117,0.30043341605514856,0.8710562414266118,0.3554983646206589,47.89183162392826,-44.6704068784163,6.2135601852128355,50,50,21.38893985748291
950,,-3.5827894141430106,-0.039808771268255674,0.19292431883513927,0.38,0.38,0.38,0.9325,0.9686221009549796,0.016536118363794605,0.34551784160139254,0.6379460400348129,0.27281260709237054,0.8704444444444445,0.8704444444444445,12.277777777777779,0.008186451648497923,129.47972264280827,87.8581173260573,0.28845931740361713,0.878581173260573,0.34236035174920654,49.04912124785372,-80.43060139495455,7.213879667864443,50,50,23.950654983520508
951,,9.819771986818365,0.12274714983522957,0.11891059670597315,0.46,0.46,0.46,0.9432203389830508,0.9752066115702479,0.009691629955947136,0.35066079295154184,0.639647577092511,0.27267802955713705,0.88925,0.88925,15.1625,0.08056171308089331,105.82860250440109,86.36363636363636,0.29549769407616644,0.8636363636363636,0.3655629021246767,51.17189065328049,-54.65671185112059,7.058446891828862,50,50,21.080870628356934
952,,-4.854065775723621,-0.058482720189441215,0.12411386333405972,0.3,0.3,0.3,0.9009393680614859,0.9582132564841499,0.008241758241758242,0.35622710622710624,0.6355311355311355,0.29446551224829054,0.9843373493975903,0.9843373493975903,12.710843373493976,0.020046781474755894,109.75780471610139,87.7521613832853,0.33813231730724547,0.877521613832853,0.397457733526797,49.37669819430718,-60.381106521794216,6.056838758641107,50,50,22.021217823028564
953,,-1.7380087861143938,-0.01975009984220902,0.1354949192609638,0.34,0.34,0.34,0.9136104319478403,0.959349593495935,0.011255411255411256,0.3497835497835498,0.638961038961039,0.31447427061417493,0.9488636363636364,0.9488636363636364,13.465909090909092,0.0026307174880612727,95.92318299417016,86.99186991869918,0.3203964638837629,0.8699186991869918,0.3806171512380647,48.40178248008196,-47.52140051408819,6.470059761111149,50,50,22.806768655776978
954,,-3.4123219837171237,-0.03922209176686349,0.025922286013762157,0.3,0.3,0.3,0.9217318900915903,0.964625850340136,0.008771929824561403,0.34649122807017546,0.6447368421052632,0.32383335309117267,0.9181609195402299,0.9181609195402299,13.850574712643677,0.010047869672296678,118.12803756386839,88.9795918367347,0.3069986626303097,0.889795918367347,0.35792814677591117,49.95611218752672,-68.17192537634166,6.8748465747299194,50,50,23.35600256919861
955,,-22.78507829251427,-0.25038547574191505,0.05160265718586743,0.14,0.14,0.14,0.8687127024722933,0.9459459459459459,0.014044943820224719,0.3970037453183521,0.5889513108614233,0.3280718014088899,0.8287912087912088,0.8287912087912088,16.439560439560438,0.340001061859472,127.25849539623714,86.16852146263912,0.3148629611408764,0.8616852146263911,0.38036624439733163,45.84035610831221,-81.41813928792493,6.439733732886967,50,50,24.307647705078125
956,,-8.533509235996805,-0.09808631305743454,0.17632238566875458,0.2,0.2,0.2,0.8943894389438944,0.952112676056338,0.013345195729537367,0.35498220640569395,0.6316725978647687,0.3244622841548581,0.9691954022988506,0.9691954022988506,13.64367816091954,0.07482293501011066,118.80857228892677,86.90140845070422,0.30732640393752575,0.8690140845070422,0.3707267877423426,44.815799101479605,-73.99277318744716,6.440011299010054,50,50,23.759026050567627
957,,-11.049596105600788,-0.12010430549566074,0.15081038822730383,0.2,0.2,0.2,0.8970588235294118,0.9571984435797666,0.007901668129938543,0.315188762071993,0.6769095697980685,0.3313413254259111,0.9795652173913043,0.9795652173913043,10.347826086956522,0.09983140175762184,128.7232259821709,88.58625162127107,0.3316137010705993,0.8858625162127107,0.386181769632079,52.60051395323529,-76.12271202893562,6.808124242260681,50,50,24.36745047569275
958,,1.4267062063635252,0.015852291181816948,0.06421438697725534,0.38,0.38,0.38,0.9345484672742337,0.9724517906336089,0.013043478260869565,0.3556521739130435,0.6313043478260869,0.334576868409991,0.8888888888888888,0.8888888888888888,15.28888888888889,0.0014192149851183563,107.75125408362153,87.32782369146005,0.31659463526749354,0.8732782369146006,0.3753909670533888,48.39780681051175,-59.35344727310978,6.780524713403906,50,50,23.11268138885498
959,,-16.891761170893098,-0.17969958692439467,0.11635433929041028,0.24,0.24,0.24,0.9063545150501672,0.9643874643874644,0.0071301247771836,0.3672014260249554,0.6256684491978609,0.3355875931243769,0.8074468085106383,0.8074468085106383,15.180851063829786,0.14274085554319935,142.06562009633288,88.46153846153845,0.32189919603537615,0.8846153846153846,0.37375136227324,49.19359874921196,-92.87202134712092,6.827533998098614,50,50,24.005401372909546
960,,4.081420464855185,0.049173740540423914,0.12909508993228277,0.4,0.4,0.4,0.9179357021996616,0.9661266568483063,0.012522361359570662,0.38014311270125223,0.6073345259391771,0.32005123755357756,0.8503614457831326,0.8503614457831326,19.253012048192772,0.015153217650976226,91.97645677431854,85.41973490427098,0.29300443062993475,0.8541973490427098,0.36043864504817735,51.019185368350676,-40.957271405967866,7.249869096058676,50,50,21.98759961128235
961,,6.544156109908026,0.08079205073960526,0.12597020963827768,0.46,0.46,0.46,0.9198635976129582,0.9647390691114246,0.009927797833935019,0.35018050541516244,0.6398916967509025,0.31675392852725326,0.8809876543209877,0.8809876543209877,15.753086419753087,0.03587602755166649,102.55343007092405,86.03667136812412,0.27974811201117056,0.8603667136812412,0.33625648085590665,47.81180162764325,-54.7416284432808,6.613697899926688,50,50,21.112164974212646
962,,-11.893059237344186,-0.1265219067802573,0.11137628555297852,0.28,0.28,0.28,0.9,0.9637155297532656,0.011555555555555555,0.376,0.6124444444444445,0.3240585561647319,0.8846808510638298,0.8846808510638298,15.212765957446809,0.09305676750239054,128.2944966245709,86.79245283018868,0.3514237137633312,0.8679245283018868,0.41850281751893204,48.33621915954104,-79.95827746502987,6.525146900711289,50,50,24.810550212860107
963,,-9.533200196839223,-0.11349047853380027,0.17876268923282623,0.28,0.28,0.28,0.8942953020134228,0.9622356495468278,0.019021739130434784,0.3813405797101449,0.5996376811594203,0.32347860999875205,0.8680952380952381,0.8680952380952381,17.202380952380953,0.06930249163867623,115.90777199423529,87.31117824773413,0.28465586929037656,0.8731117824773413,0.3375431479642249,50.553594586662115,-65.35417740757318,6.790365268656803,50,50,21.935831785202026
964,,-8.819271875584304,-0.10375613971275652,0.19426248595118523,0.28,0.28,0.28,0.8940677966101694,0.9614791987673343,0.006416131989000917,0.3987167736021998,0.5948670944087993,0.3241504120817408,0.7296470588235294,0.7296470588235294,23.623529411764707,0.05913604933513365,111.47887235476588,87.36517719568567,0.27054840810773056,0.8736517719568567,0.3204930177162623,49.399726729375516,-62.079145625390375,7.420022389835064,50,50,22.314452171325684
965,,-8.80430948527428,-0.09892482567723909,0.13420403252045313,0.3,0.3,0.3,0.9027205276174773,0.9722650231124808,0.011504424778761062,0.41415929203539825,0.5743362831858407,0.32449236850989355,0.7242696629213483,0.7242696629213483,21.820224719101123,0.055284352144446276,112.61634797794189,87.51926040061633,0.2717293619574529,0.8751926040061633,0.32050645764767605,51.34281296042643,-61.27353501751546,6.7190145184482875,50,50,23.785505056381226
966,,-21.593438894352666,-0.22034121320768027,0.08244992606341839,0.2,0.2,0.2,0.8742762613730356,0.9516129032258065,0.011818181818181818,0.36818181818181817,0.62,0.32213266319033396,0.8528571428571429,0.8528571428571429,13.0,0.24464873356266317,135.83959376028028,86.95014662756599,0.3325149993430132,0.8695014662756598,0.39469747956393486,49.02359877700086,-86.81599498327941,6.580256215842964,50,50,26.652474641799927
967,,-13.015271243378146,-0.14147033960193636,0.09940600405181092,0.26,0.26,0.26,0.8882497945768283,0.9552669552669553,0.0142602495543672,0.3680926916221034,0.6176470588235294,0.32370807377412425,0.8610869565217392,0.8610869565217392,14.467391304347826,0.1105599089516066,128.34073138167503,88.45598845598846,0.32354853090543256,0.8845598845598845,0.3761136116979171,51.18742014954093,-77.15331123213409,6.934422348581779,50,50,24.616235733032227
968,,-4.99126990906622,-0.058720822459602584,0.11873587220907211,0.28,0.28,0.28,0.9036437246963562,0.9631147540983607,0.014782608695652174,0.348695652173913,0.6365217391304347,0.3276341774229385,0.8821176470588236,0.8821176470588236,15.811764705882354,0.02428846402192059,99.03644169708667,86.47540983606558,0.2865349448345227,0.8647540983606558,0.352023466196115,49.65897277265208,-49.3774689244346,6.630588533022772,50,50,23.852253437042236
969,,6.478248341752152,0.07997837458953273,0.24069735407829285,0.38,0.38,0.38,0.9197684036393714,0.9672578444747613,0.01845342706502636,0.3374340949033392,0.6441124780316344,0.3273679925118757,0.9735802469135802,0.9735802469135802,14.160493827160494,0.040493225891138435,95.47313235962247,87.03956343792633,0.2882921220211893,0.8703956343792633,0.3424672571433794,51.40769862746838,-44.0654337321541,6.907773459579656,50,50,21.725404739379883
970,,-8.404692190593668,-0.0944347437145356,0.1929664984345436,0.3,0.3,0.3,0.9141414141414141,0.9642346208869814,0.009838998211091235,0.36493738819320215,0.6252236135957067,0.32586105391411946,0.8480898876404495,0.8480898876404495,15.662921348314606,0.055063092669600244,111.00235682126961,87.55364806866953,0.28687228282227206,0.8755364806866953,0.3368438072813943,48.66751752027157,-62.33483930099805,6.411482074007131,50,50,23.551817655563354
971,,3.879933080694522,0.047316257081640514,0.11694628248612086,0.44,0.44,0.44,0.927860696517413,0.9670781893004116,0.010425716768027803,0.35621198957428324,0.6333622936576889,0.32913010092332207,0.858780487804878,0.858780487804878,16.75609756097561,0.01089672433790969,142.65195906610796,87.51714677640604,0.2681346335876297,0.8751714677640604,0.3189120523231097,51.938724803062584,-90.7132342630454,6.618157490683209,50,50,22.76644206047058
972,,2.9821537486611605,0.033135041651790674,0.023339280858635902,0.44,0.44,0.44,0.9335016835016835,0.975609756097561,0.01147396293027361,0.33715798764342453,0.6513680494263019,0.3356936368008998,0.8913333333333333,0.8913333333333333,12.644444444444444,0.005819912546154574,105.43803407076835,87.39837398373984,0.2789556145103227,0.8739837398373984,0.36277064243491935,49.555861904698034,-55.88217216607032,6.608531806866755,50,50,23.06033706665039
973,,-7.739869818993054,-0.0899984862673611,0.05132807232439518,0.26,0.26,0.26,0.9135180520570949,0.9547325102880658,0.009760425909494233,0.3433895297249335,0.6468500443655724,0.3286873062226182,0.9195348837209303,0.9195348837209303,13.627906976744185,0.05216787728189465,113.14336755494963,89.30041152263375,0.3269076967771871,0.8930041152263375,0.3766813572245892,49.509075913597215,-63.63429164135241,6.779361612262666,50,50,22.56276535987854
974,,1.6344507097942567,0.019457746545169723,0.12895633094012737,0.42,0.42,0.42,0.9217970049916805,0.9656121045392022,0.014951627088830254,0.34564643799472294,0.6394019349164468,0.3372071063359839,0.8626190476190476,0.8626190476190476,13.464285714285714,0.0017909382754882643,113.91792607896373,85.28198074277854,0.28364219721195744,0.8528198074277854,0.34452850005911784,50.58926348372111,-63.32866259524262,7.009075275940118,50,50,22.007262468338013
975,,0.2642089287071333,0.0030368842380130265,0.10651852523109742,0.44,0.44,0.44,0.9424703891708968,0.9713114754098361,0.012280701754385965,0.3456140350877193,0.6421052631578947,0.3363858468859087,0.8577011494252873,0.8577011494252873,13.402298850574713,4.237656795390716e-05,116.50526148132201,87.43169398907104,0.3019748040938336,0.8743169398907104,0.3566203092025037,50.53830550491462,-65.96695597640739,6.908746848742128,50,50,22.17065143585205
976,,2.861215890660151,0.0325138169393199,0.30396251007914543,0.38,0.38,0.38,0.9420529801324503,0.9769647696476965,0.01293103448275862,0.35086206896551725,0.6362068965517241,0.3507682866483223,0.9252272727272727,0.9252272727272727,13.863636363636363,0.006930456281983723,111.76956873239126,86.72086720867209,0.31886294544576366,0.8672086720867209,0.3837698511458039,49.32611306965107,-62.4434556627402,6.692408877827092,50,50,22.72391104698181
977,,1.1495176330912447,0.013212846357370628,0.13817448914051056,0.4,0.4,0.4,0.9195020746887966,0.9665775401069518,0.012269938650306749,0.33216476774758985,0.6555652936021035,0.33915058457552877,0.9416091954022988,0.9416091954022988,11.908045977011493,0.0009603016700590752,105.78609477881035,85.42780748663101,0.31463636986115123,0.8542780748663101,0.38371056929959935,51.381291965537606,-54.404802813272745,6.916012565883476,50,50,23.079824686050415
978,,-0.7072656998537332,-0.008224019765741084,0.1533502610400319,0.4,0.4,0.4,0.93681550126369,0.9749652294853964,0.014047410008779631,0.3546971027216857,0.6312554872695347,0.346093699605215,0.837906976744186,0.837906976744186,14.790697674418604,0.0003148674791391784,121.93182696382513,87.76077885952712,0.2893120657926407,0.8776077885952712,0.33981227793286384,50.07465467202931,-71.85717229179582,6.192334360050906,50,50,22.524564504623413
979,,-1.9089104811608366,-0.021941499783457892,0.1474825358018279,0.34,0.34,0.34,0.8922949461474731,0.9653259361997226,0.008115419296663661,0.3417493237150586,0.6501352569882777,0.32668630894573253,0.9868965517241379,0.9868965517241379,12.632183908045977,0.002874572874587916,103.33062125966131,88.3495145631068,0.35830361609683603,0.883495145631068,0.4167436602287346,51.078097029943365,-52.25252422971795,6.033154868659878,50,50,23.620430946350098
980,,3.1811158315017884,0.03832669676508179,0.05350976064801216,0.38,0.38,0.38,0.9416666666666667,0.9676985195154778,0.010353753235547885,0.3485763589301122,0.6410698878343399,0.3254653395503389,0.8939759036144578,0.8939759036144578,13.903614457831326,0.0098355447259305,95.05488436051567,87.21399730820995,0.29678894026103897,0.8721399730820996,0.35303664674011015,50.38733269621034,-44.66755166430533,6.5364623415068275,50,50,22.034322261810303
981,,-4.4430565772838975,-0.05353080213595057,0.12164723573045598,0.28,0.28,0.28,0.9255583126550868,0.9707927677329624,0.008710801393728223,0.36498257839721254,0.6263066202090593,0.318473002944683,0.88,0.88,15.91566265060241,0.016403986015802736,121.94585590427386,88.5952712100139,0.285736203192306,0.885952712100139,0.33416085513459304,50.93855592705482,-71.00729997721903,6.769623683032109,50,50,21.958807468414307
982,,-8.42261284599153,-0.09463609939316325,0.14374128058552743,0.3,0.3,0.3,0.9013742926434923,0.9641791044776119,0.007846556233653008,0.4080209241499564,0.5841325196163906,0.31068308889463,0.6903370786516854,0.6903370786516854,26.40449438202247,0.05354515113803529,118.78149554935312,86.11940298507463,0.2781496599264495,0.8611940298507462,0.33366192058250377,50.039959370528464,-68.74153617882466,7.296767534950687,50,50,23.89470887184143
983,,11.748518914122737,0.1350404472887671,0.1635313592851162,0.54,0.54,0.54,0.9413223140495868,0.9791955617198336,0.007751937984496124,0.37123169681309215,0.6210163652024118,0.2991052336639045,0.8121839080459771,0.8121839080459771,18.942528735632184,0.09965293021865769,102.45606633196127,86.68515950069347,0.27539792429065296,0.8668515950069348,0.33228249602413673,52.0196166418758,-50.436449690085475,6.87195744740625,50,50,22.346983194351196
984,,-1.8843718893791672,-0.022432998683085324,0.13195160077884793,0.38,0.38,0.38,0.9080459770114943,0.9720998531571219,0.007029876977152899,0.3945518453427065,0.5984182776801406,0.298865147401569,0.7269047619047619,0.7269047619047619,24.202380952380953,0.002529743473656197,129.85426099098748,86.49045521292217,0.2626588718826794,0.8649045521292217,0.3205389225879729,48.733152856561276,-81.12110813442622,7.322599779369836,50,50,22.453075408935547
985,,-0.16683006513981757,-0.0019860722040454474,0.10109125021845103,0.34,0.34,0.34,0.9159519725557461,0.9612068965517241,0.01090909090909091,0.3563636363636364,0.6327272727272727,0.31796787441968694,0.9111904761904762,0.9111904761904762,14.0,2.712432989182289e-05,100.87711508555337,87.35632183908046,0.3193199358879988,0.8735632183908046,0.3749304787767203,48.313639366678885,-52.563475718874486,6.480882594557952,50,50,22.618494749069214
986,,-9.078850809565099,-0.09762205171575375,0.03212512657046318,0.34,0.34,0.34,0.9321192052980133,0.9731258840169731,0.014795474325500435,0.3698868581375109,0.6153176675369887,0.3189483114292217,0.7051612903225807,0.7051612903225807,19.64516129032258,0.04874296285274233,123.20466722768727,87.6944837340877,0.2490013718081933,0.8769448373408769,0.2950925865689665,51.77760215483386,-71.42706507285341,7.178882664451864,50,50,24.76718544960022
987,,-4.043235762872532,-0.044431162229368486,-0.022656261920928955,0.42,0.42,0.42,0.922165820642978,0.9696092619392185,0.01068566340160285,0.37399821905609976,0.6153161175422974,0.31429217075863164,0.7369230769230769,0.7369230769230769,21.263736263736263,0.009409264613506422,128.69158298349907,85.23878437047757,0.28780765454482116,0.8523878437047757,0.3553153765759816,48.9502605550678,-79.74132242843126,7.02551320350838,50,50,22.942877769470215
988,,-3.7192060405474034,-0.04375536518291063,0.02914684941060841,0.3,0.3,0.3,0.9078726968174204,0.958273381294964,0.01159678858162355,0.3684210526315789,0.6199821587867975,0.31833006982777184,0.8804705882352941,0.8804705882352941,15.764705882352942,0.012130815417181865,114.41595309768778,87.76978417266187,0.2886988953361894,0.8776978417266187,0.33872403815746444,48.73197064241694,-65.68398245527084,6.770713391062401,50,50,22.506298780441284
989,,-5.027280456199178,-0.056486297260664925,0.2753562927246094,0.36,0.36,0.36,0.9308333333333333,0.9671428571428572,0.007867132867132868,0.38024475524475526,0.6118881118881119,0.31841620470115944,0.7961797752808989,0.7961797752808989,16.471910112359552,0.01734571364756153,142.0670771935681,85.71428571428571,0.2858781390696199,0.8571428571428571,0.348631447888525,47.595002639736975,-94.47207455383113,6.964809137295163,50,50,22.737590074539185
990,,2.2163555948410787,0.024626173276011985,0.05736611783504486,0.44,0.44,0.44,0.9405940594059405,0.9732016925246827,0.010256410256410256,0.3837606837606838,0.6059829059829059,0.32002517396217445,0.732,0.732,18.733333333333334,0.0033249501206431675,121.75079667168107,87.58815232722144,0.2632882743088571,0.8758815232722144,0.31094802032551894,49.27349927970394,-72.47729739197713,7.268476532786726,50,50,23.481638193130493
991,,-7.3092707739762615,-0.08401460659742829,0.027310872683301568,0.3,0.3,0.3,0.9050420168067227,0.9586305278174037,0.008968609865470852,0.36233183856502243,0.6286995515695067,0.3300531207756427,0.8206896551724138,0.8206896551724138,15.0,0.038365389848846694,127.01213000919932,86.87589158345222,0.2846883339750156,0.8687589158345221,0.3402288880642599,48.90482406568988,-78.10730594350945,6.705447901351771,50,50,22.723806381225586
992,,-13.12437055662336,-0.14914057450708362,0.2679969221353531,0.24,0.24,0.24,0.8860445912469034,0.9533834586466166,0.008976660682226212,0.3940754039497307,0.5969479353680431,0.3309572761870566,0.821590909090909,0.821590909090909,21.227272727272727,0.13066583259753634,121.09642337899652,85.71428571428571,0.2957770331755288,0.8571428571428571,0.35894817885865654,48.03672933556589,-73.05969404343062,6.290667460482541,50,50,24.011432886123657
993,,-4.647308395660525,-0.05221694826584859,0.09044161991914734,0.34,0.34,0.34,0.9342762063227953,0.9666221628838452,0.008688097306689836,0.34057341442224154,0.6507384882710686,0.33735188380446224,0.8892134831460674,0.8892134831460674,13.92134831460674,0.015388449701798828,114.35093891727925,86.91588785046729,0.30461650129590057,0.8691588785046729,0.3795545524075466,52.330194658227214,-62.02074425905203,6.625333170432885,50,50,22.622466325759888
994,,-1.9866887057602451,-0.022835502365060288,0.11250942132689735,0.34,0.34,0.34,0.9323432343234324,0.9757343550446999,0.014705882352941176,0.3079584775086505,0.6773356401384083,0.3385608291687262,0.9075862068965517,0.9075862068965517,12.068965517241379,0.0032797559139311015,112.40068829226828,86.97318007662835,0.2820895370800506,0.8697318007662835,0.3358902252653523,51.67632059324441,-60.72436769902387,6.647696423986277,50,50,22.771809101104736
995,,-11.886824480924156,-0.12512446822025428,0.12510877413054308,0.3,0.3,0.3,0.916030534351145,0.9602194787379973,0.015274034141958671,0.3297394429469901,0.6549865229110512,0.3379991362392412,0.8602105263157894,0.8602105263157894,10.947368421052632,0.08038531443703238,150.44856252181344,86.14540466392319,0.30090609425613984,0.8614540466392319,0.3626489670424066,49.759727454865086,-100.68883506694836,6.555636346558471,50,50,23.96205997467041
996,,1.819027062045426,0.02115147746564449,0.09460430006895747,0.42,0.42,0.42,0.934468085106383,0.9715025906735751,0.007123775601068566,0.3054318788958148,0.6874443455031166,0.33202561721089296,0.9497674418604651,0.9497674418604651,10.476744186046512,0.0021447032255104245,122.07515912013139,85.23316062176166,0.2828664280867155,0.8523316062176166,0.3467680249614209,52.195526697031355,-69.87963242310003,6.673131503251416,50,50,21.529938459396362
997,,-15.24040849917939,-0.15711761339360195,0.10948180663399398,0.26,0.26,0.26,0.9184514003294892,0.9601100412654745,0.01216333622936577,0.35621198957428324,0.631624674196351,0.3292273718457352,0.8371134020618557,0.8371134020618557,13.185567010309278,0.13720287216839122,125.89105584841292,88.44566712517194,0.32174025443647025,0.8844566712517193,0.3760736126060513,49.076809430272135,-76.81424641814078,6.870945265667043,50,50,25.64163303375244
998,,6.731867619746728,0.07161561297602902,0.06605718610808253,0.46,0.46,0.46,0.9403706688154714,0.9809402795425667,0.007575757575757576,0.32996632996632996,0.6624579124579124,0.3431468368335033,0.8623404255319149,0.8623404255319149,12.98936170212766,0.030009513583567952,114.1861984183615,87.03939008894537,0.3079675710660362,0.8703939008894537,0.36600757859558547,51.462439598433896,-62.723758819927596,7.1603920840933375,50,50,24.376216650009155
999,,0.2737088615649905,0.003182661180988262,0.13447713409550488,0.44,0.44,0.44,0.9198988195615514,0.9634502923976608,0.009795191451469279,0.3811219946571683,0.6090828138913624,0.34566560720801515,0.7862790697674419,0.7862790697674419,18.848837209302324,4.6853530651439674e-05,123.31221272013269,88.74269005847954,0.2929298302124724,0.8874269005847953,0.3395464803338694,51.923302323137236,-71.38891039699546,6.830503544499039,50,50,23.026184558868408
1000,,4.6808843583114115,0.05380326848633806,0.26125550270080566,0.42,0.42,0.42,0.9226973684210527,0.9700427960057061,0.015611448395490026,0.3764093668690373,0.6079791847354726,0.36837306078009563,0.8586206896551725,0.8586206896551725,16.551724137931036,0.018278494778234868,100.38738949427861,88.01711840228246,0.3117730410028202,0.8801711840228246,0.3701398788737637,47.00045624936791,-53.38693324491071,6.85530064313191,50,50,23.310224056243896
