[ConfigDump] saved: /root/vecOffloadingSim/runs/formal_rerun_n20_all_seed42_latest/config_dump.json
[ConfigSnapshot] saved: /root/vecOffloadingSim/runs/formal_rerun_n20_all_seed42_latest/logs/config_snapshot.json
[RunMeta] saved: /root/vecOffloadingSim/runs/formal_rerun_n20_all_seed42_latest/run_meta.json

======================================================================================================================
[Train] MAPPO VEC training started
======================================================================================================================
[Run] id=formal_rerun_n20_all_seed42_latest seed=42 device=cuda reward=UNIFIED candidate=ALL (all_feasible=True)
[Train] episodes=1000 steps/ep=200 eval_interval=1 save_interval=100 baseline_eval=off
[Scenario] vehicles=20 rsu=3 map=1000.0m lanes=2 v2v_range=300.0m rsu_range=300.0m
[Physics] BW_V2I=20.00MHz BW_V2V=10.00MHz RB=2 Ptx=[0.0200,0.1995]W (13.0,23.0 dBm) DT=0.100s
[ScaleCheck] UNIFIED nominal: E_loc=9J E_tx=0.00300381J r_time=-0.002 r_energy=-1.41691e-06 r_interf=-0.5 r_risk=-0.0821584 (B_RB=5e+06Hz, SNR=20dB, dt=0.1, Td=10, rho=0.7)
[Compute] f_local=[2.00,8.00]GHz f_rsu=12.00GHz
[PPO] lr=3.00e-04 gamma=0.990 gae=0.950 clip=0.250 ent=0.001 batch=256 epochs=5 d_model=128 layers=2
[Logging] step_metrics=off step_logs=off tb_obs=on
[Paths] run=/root/vecOffloadingSim/runs/formal_rerun_n20_all_seed42_latest
[Paths] logs=/root/vecOffloadingSim/runs/formal_rerun_n20_all_seed42_latest/logs  models=/root/vecOffloadingSim/runs/formal_rerun_n20_all_seed42_latest/models  plots=/root/vecOffloadingSim/runs/formal_rerun_n20_all_seed42_latest/plots
======================================================================================================================


    Ep    Wall    R/step     T_SR     V_SR     S_SR            L/R/V   Lat(s)       En     Miss      Ill      Ent       KL     Clip
--------------------------------------------------------------------------------------------------------------------------------
     1    30.6s   -8.1677     0.0%     0.0%     8.7%      10%/14%/76%    0.000    0.036   100.0%     0.0%   2.3424   0.0472     0.0%
  [MA20] reward=-8.1677 task_sr=0.0% miss=100.0% time_limit=100.0% v2v=76.1%
  [PPO ] p_loss=0.1275 v_loss=1.9362 entropy=2.3424 grad=2.7198 active=1.8%
  [SIM ] avg_power(a)=0.4924 rsu_q=0.045 tx=58 no_tx=7 deadlock=0 svc=4.124GHz idle=0.0%
     2    30.5s   -7.5522     0.0%     0.0%     7.9%      11%/12%/78%    0.000    0.022   100.0%     0.0%   2.4580   0.0444     0.0%
     3    29.3s   -9.6404     0.0%     0.0%    12.6%      16%/12%/71%    0.000    0.043   100.0%     0.0%   2.2094   0.0572     0.0%
     4    30.4s   -3.5017     0.0%     0.0%    11.4%      10%/18%/72%    0.000    0.045   100.0%     0.0%   2.3338   0.0340     0.0%
     5    29.6s   -4.6109     0.0%     0.0%    16.4%      11%/16%/72%    0.000    0.047   100.0%     0.0%   2.4142  -0.0140    11.8%
     6    29.6s   -7.3823     0.0%     0.0%    11.2%      23%/15%/62%    0.000    0.038   100.0%     0.0%   2.6552   0.0983     0.0%
     7    29.7s  -10.5992     0.0%     0.0%    15.3%      26%/20%/54%    0.000    0.049   100.0%     0.0%   2.5456   0.0549     0.0%
     8    30.2s   -7.6556     0.0%     0.0%    15.7%      15%/15%/69%    0.000    0.042   100.0%     0.0%   2.4971   0.0214    19.2%
     9    29.0s   -7.6391     0.0%     0.0%    17.6%      22%/22%/57%    0.000    0.059   100.0%     0.0%   2.2117   0.0298    30.0%
    10    26.8s   -7.0711     5.0%     5.0%    21.4%      23%/24%/53%    7.500    0.077    95.0%     0.0%   2.1763  -0.0245    10.3%
  [MA20] reward=-7.3820 task_sr=0.5% miss=99.5% time_limit=100.0% v2v=66.4%
  [PPO ] p_loss=0.0475 v_loss=1.4931 entropy=2.1763 grad=1.7603 active=3.3%
  [SIM ] avg_power(a)=0.4953 rsu_q=0.240 tx=82 no_tx=30 deadlock=0 svc=8.975GHz idle=0.0%
  → Best model saved: Success Rate = 0.005 (50-ep avg)
    11    28.1s   -5.8935     0.0%     0.0%    20.0%      17%/21%/62%    0.000    0.050   100.0%     0.0%   2.2468  -0.0039    12.6%
    12    30.0s  -10.1961     0.0%     0.0%    18.9%      19%/21%/60%    0.000    0.071   100.0%     0.0%   2.4669   0.0027     7.2%
    13    27.7s   -6.9589     0.0%     0.0%    25.2%      20%/26%/54%    0.000    0.075   100.0%     0.0%   2.2424   0.0369    11.1%
    14    29.2s   -6.9033     0.0%     0.0%    27.5%      22%/24%/54%    0.000    0.120   100.0%     0.0%   2.1578  -0.0078     7.9%
    15    31.3s  -12.1131     0.0%     0.0%    18.2%      14%/29%/56%    0.000    0.073   100.0%     0.0%   2.4378  -0.0035    12.2%
    16    28.2s   -4.3373     0.0%     0.0%    27.0%      14%/30%/56%    0.000    0.068   100.0%     0.0%   2.3678   0.0220    10.7%
    17    28.5s   -8.2127    15.0%    15.0%    29.7%      21%/36%/43%    9.033    0.075    85.0%     0.0%   2.1284   0.0042     5.6%
    18    27.3s   -8.1327     0.0%     0.0%    28.3%      18%/39%/43%    0.000    0.081   100.0%     0.0%   2.0709  -0.0053    17.1%
    19    29.3s   -7.1632     0.0%     0.0%    24.6%      13%/35%/52%    0.000    0.066   100.0%     0.0%   2.3821   0.1217     0.0%
    20    30.2s   -8.7792     0.0%     0.0%    17.2%       8%/38%/54%    0.000    0.048   100.0%     0.0%   2.3485   0.1016    11.1%
  [MA20] reward=-7.6255 task_sr=1.0% miss=99.0% time_limit=100.0% v2v=59.9%
  [PPO ] p_loss=0.1753 v_loss=2.0241 entropy=2.3485 grad=1.4630 active=3.6%
  [SIM ] avg_power(a)=0.5062 rsu_q=0.475 tx=100 no_tx=11 deadlock=0 svc=7.581GHz idle=0.0%

    Ep    Wall    R/step     T_SR     V_SR     S_SR            L/R/V   Lat(s)       En     Miss      Ill      Ent       KL     Clip
--------------------------------------------------------------------------------------------------------------------------------
    21    29.4s   -5.2243     0.0%     0.0%    21.9%      17%/31%/52%    0.000    0.072   100.0%     0.0%   2.1171   0.0089    19.3%
    22    28.9s  -10.7493     5.0%     5.0%    29.7%      18%/40%/42%    8.800    0.106    95.0%     0.0%   1.9687   0.0297    20.6%
    23    26.3s   -8.3006     0.0%     0.0%    46.9%      17%/41%/43%    0.000    0.132   100.0%     0.0%   2.1572   0.0036    12.1%
    24    26.6s   -4.2987     5.0%     5.0%    35.6%      16%/39%/45%    7.600    0.124    95.0%     0.0%   2.0734   0.0108    10.7%
    25    27.5s   -6.4351     5.0%     5.0%    30.3%      19%/39%/42%    9.000    0.073    95.0%     0.0%   2.1695   0.0302    10.9%
    26    30.1s   -8.2174     0.0%     0.0%    13.6%      19%/25%/55%    0.000    0.043   100.0%     0.0%   2.3772   0.0317    33.3%
    27    29.5s   -8.4193    10.0%    10.0%    27.1%      19%/37%/44%    5.450    0.078    90.0%     0.0%   2.1299   0.0326     4.5%
    28    27.3s   -6.0037     0.0%     0.0%    32.1%      25%/31%/44%    0.000    0.109   100.0%     0.0%   2.0860   0.0337     0.0%
    29    29.2s   -9.4967     0.0%     0.0%    23.4%      19%/28%/53%    0.000    0.050   100.0%     0.0%   2.2966   0.0367     0.0%
    30    27.8s   -6.3406     0.0%     0.0%    32.9%      18%/36%/46%    0.000    0.075   100.0%     0.0%   2.2121   0.0448     0.0%
  [MA20] reward=-7.6088 task_sr=2.0% miss=98.0% time_limit=100.0% v2v=50.0%
  [PPO ] p_loss=-0.0483 v_loss=2.0580 entropy=2.2121 grad=1.3226 active=5.5%
  [SIM ] avg_power(a)=0.4874 rsu_q=0.650 tx=141 no_tx=40 deadlock=0 svc=14.296GHz idle=0.0%
    31    27.4s   -3.3729     0.0%     0.0%    36.9%      19%/37%/44%    0.000    0.104   100.0%     0.0%   2.1718   0.0384    12.5%
    32    28.4s   -6.2836     0.0%     0.0%    34.9%      18%/38%/45%    0.000    0.080   100.0%     0.0%   2.2156   0.0354    10.0%
    33    28.3s   -8.2610     0.0%     0.0%    28.1%      17%/32%/51%    0.000    0.072   100.0%     0.0%   2.3264   0.0686    12.5%
    34    25.7s   -5.7396     5.0%     5.0%    41.1%      21%/40%/39%    8.800    0.100    95.0%     0.0%   1.9970   0.0467     0.0%
    35    28.5s   -8.1031     0.0%     0.0%    19.3%      19%/36%/45%    0.000    0.049   100.0%     0.0%   2.1507   0.0394     0.0%
    36    26.3s   -4.7921     5.0%     5.0%    47.6%      22%/42%/36%    7.700    0.088    95.0%     0.0%   1.9230   0.0569    15.8%
    37    26.6s  -11.8676     0.0%     0.0%    37.1%      31%/35%/35%    0.000    0.092   100.0%     0.0%   1.9118   0.0177    12.2%
    38    29.9s   -5.2101     0.0%     0.0%    23.2%      17%/39%/44%    0.000    0.052   100.0%     0.0%   2.2190   0.0246     0.0%
    39    27.9s   -6.0484     5.0%     5.0%    36.4%      23%/37%/41%   10.700    0.113    95.0%     0.0%   2.0480   0.0373     0.0%
    40    27.0s   -6.3780     0.0%     0.0%    42.7%      26%/38%/36%    0.000    0.117   100.0%     0.0%   1.9996   0.0106     7.9%
  [MA20] reward=-6.9771 task_sr=2.0% miss=98.0% time_limit=100.0% v2v=44.0%
  [PPO ] p_loss=-0.0441 v_loss=1.5101 entropy=1.9996 grad=1.7326 active=6.1%
  [SIM ] avg_power(a)=0.4864 rsu_q=0.775 tx=148 no_tx=63 deadlock=0 svc=17.791GHz idle=0.0%

    Ep    Wall    R/step     T_SR     V_SR     S_SR            L/R/V   Lat(s)       En     Miss      Ill      Ent       KL     Clip
--------------------------------------------------------------------------------------------------------------------------------
    41    29.2s   -9.2997     0.0%     0.0%    43.6%      23%/37%/41%    0.000    0.105   100.0%     0.0%   2.2834   0.0407    14.3%
    42    27.3s   -6.9234     5.0%     5.0%    41.2%      25%/44%/31%    9.000    0.128    95.0%     0.0%   1.8504   0.0287    13.6%
    43    27.2s   -7.1777    10.0%    10.0%    43.8%      27%/43%/31%    9.500    0.117    90.0%     0.0%   1.9473  -0.0118     9.3%
    44    23.7s   -0.9900    15.0%    15.0%    64.6%      32%/38%/30%    6.400    0.176    85.0%     0.0%   1.8075   0.0383     0.0%
    45    26.1s   -4.8514     5.0%     5.0%    44.0%      24%/47%/29%   10.300    0.079    95.0%     0.0%   1.9275   0.0258    11.3%
    46    26.5s   -4.4512    10.0%    10.0%    47.2%      22%/47%/31%    4.850    0.096    90.0%     0.0%   1.9959   0.0286    10.8%
    47    28.0s   -9.0657     0.0%     0.0%    28.4%      21%/43%/37%    0.000    0.057   100.0%     0.0%   1.9456   0.0711    16.7%
    48    24.4s   -4.6282    15.0%    15.0%    57.8%      27%/45%/29%    7.500    0.132    85.0%     0.0%   1.8688   0.0366    21.1%
    49    26.5s   -3.5740     0.0%     0.0%    45.7%      25%/42%/33%    0.000    0.150   100.0%     0.0%   1.8791   0.0478     5.9%
    50    25.7s   -3.9948     5.0%     5.0%    52.8%      22%/43%/35%    8.100    0.098    95.0%     0.0%   1.8872   0.0204    12.5%
  [MA20] reward=-6.0506 task_sr=4.0% miss=96.0% time_limit=100.0% v2v=36.9%
  [PPO ] p_loss=-0.2714 v_loss=1.0692 entropy=1.8872 grad=1.3790 active=7.0%
  [SIM ] avg_power(a)=0.4826 rsu_q=0.915 tx=195 no_tx=62 deadlock=0 svc=21.147GHz idle=0.0%
  → Best model saved: Success Rate = 0.025 (50-ep avg)
    51    22.2s   -3.5213    20.0%    20.0%    72.1%      27%/46%/27%    9.100    0.164    80.0%     0.0%   1.7196   0.0267    20.0%
    52    22.1s   -2.3010    25.0%    25.0%    61.1%      26%/47%/26%    6.180    0.156    75.0%     0.0%   1.6758   0.0700     5.0%
    53    24.6s   -2.7332    10.0%    10.0%    48.7%      27%/42%/31%    6.450    0.122    90.0%     0.0%   1.7972  -0.0049    12.4%
    54    26.7s   -4.5713     5.0%     5.0%    46.3%      24%/44%/32%    7.300    0.097    95.0%     0.0%   2.0506   0.0011    10.7%
    55    25.6s   -5.9415    20.0%    20.0%    46.6%      23%/50%/27%    8.125    0.094    80.0%     0.0%   1.8772   0.0261     6.2%
    56    28.2s  -12.6302     5.0%     5.0%    31.3%      22%/45%/33%    6.400    0.089    95.0%     0.0%   1.7719   0.0811    12.5%
    57    27.3s   -8.0999     5.0%     5.0%    30.8%      27%/42%/31%    6.000    0.066    95.0%     0.0%   1.7734   0.0163    14.2%
    58    27.0s   -4.6891    15.0%    15.0%    52.1%      21%/49%/31%    9.233    0.125    85.0%     0.0%   1.9695   0.0650    11.8%
    59    22.8s   -0.5207    30.0%    30.0%    75.5%      26%/50%/24%    9.233    0.201    70.0%     0.0%   1.7950   0.0314     8.0%
    60    24.9s   -2.3194    15.0%    15.0%    56.0%      23%/51%/26%    9.433    0.078    85.0%     0.0%   1.7336   0.0393    22.2%
  [MA20] reward=-5.1142 task_sr=10.8% miss=89.2% time_limit=100.0% v2v=30.7%
  [PPO ] p_loss=0.3213 v_loss=0.9971 entropy=1.7336 grad=1.8473 active=7.3%
  [SIM ] avg_power(a)=0.4759 rsu_q=1.410 tx=182 no_tx=66 deadlock=0 svc=23.685GHz idle=0.0%
  → Best model saved: Success Rate = 0.054 (50-ep avg)

    Ep    Wall    R/step     T_SR     V_SR     S_SR            L/R/V   Lat(s)       En     Miss      Ill      Ent       KL     Clip
--------------------------------------------------------------------------------------------------------------------------------
    61    24.1s   -4.3517    25.0%    25.0%    54.8%      21%/52%/27%    6.880    0.118    75.0%     0.0%   1.7541   0.0358     0.0%
    62    21.4s   -1.4075    35.0%    35.0%    80.9%      20%/56%/24%    7.586    0.168    65.0%     0.0%   1.7078   0.0016    13.6%
    63    22.9s   -4.3590    25.0%    25.0%    70.6%      18%/55%/27%    7.040    0.162    75.0%     0.0%   1.7090   0.0236    12.5%
    64    24.8s   -5.7702    25.0%    25.0%    47.3%      23%/54%/23%    8.920    0.076    75.0%     0.0%   1.6783  -0.0170    16.7%
    65    24.9s   -3.0917    15.0%    15.0%    64.6%      20%/55%/25%    8.767    0.114    85.0%     0.0%   1.7786   0.0081    15.0%
    66    22.0s   -3.4019    35.0%    35.0%    78.7%      22%/59%/19%    8.900    0.220    65.0%     0.0%   1.7109  -0.0061    13.2%
    67    25.5s   -2.9915    20.0%    20.0%    54.3%      19%/52%/30%    8.050    0.093    80.0%     0.0%   1.8911   0.0234    17.2%
    68    26.7s   -6.7985     0.0%     0.0%    50.1%      12%/56%/32%    0.000    0.076   100.0%     0.0%   1.8635   0.0203    11.8%
    69    17.1s   -0.7932    40.0%    40.0%    84.7%      19%/58%/23%    7.937    0.219    60.0%     0.0%   1.5928   0.0377    16.3%
    70    23.9s   -3.7342    30.0%    30.0%    62.4%      19%/55%/27%    6.933    0.109    70.0%     0.0%   1.7530   0.0208     7.0%
  [MA20] reward=-4.2014 task_sr=20.0% miss=80.0% time_limit=95.0% v2v=27.3%
  [PPO ] p_loss=-0.0674 v_loss=1.3852 entropy=1.7530 grad=4.7895 active=8.8%
  [SIM ] avg_power(a)=0.4504 rsu_q=2.165 tx=216 no_tx=66 deadlock=0 svc=25.346GHz idle=0.0%
  → Best model saved: Success Rate = 0.101 (50-ep avg)
    71    23.8s   -2.0917    20.0%    20.0%    63.9%      17%/57%/26%    6.750    0.115    80.0%     0.0%   1.7160   0.0040    11.6%
    72    23.6s   -1.4944    35.0%    35.0%    70.4%      18%/59%/23%    9.057    0.132    65.0%     0.0%   1.6633   0.0534    10.7%
    73    25.7s   -3.0334    15.0%    15.0%    59.7%      19%/52%/29%    6.567    0.132    85.0%     0.0%   1.7801   0.0636    29.4%
    74    22.0s   -2.8646    30.0%    30.0%    81.4%      16%/59%/25%    6.617    0.162    70.0%     0.0%   1.6935   0.0264     9.3%
    75    23.6s   -1.5973    20.0%    20.0%    66.2%      13%/63%/24%    7.200    0.107    80.0%     0.0%   1.6240   0.0278    13.6%
    76    26.7s   -6.7479     5.0%     5.0%    51.8%      15%/54%/30%    7.000    0.123    95.0%     0.0%   1.8380  -0.0074    14.2%
    77    24.9s   -2.6755    15.0%    15.0%    55.7%      14%/55%/31%    9.100    0.133    85.0%     0.0%   1.8194   0.0412     4.8%
    78    28.0s   -4.0050     5.0%     5.0%    34.6%      19%/47%/33%    9.200    0.042    95.0%     0.0%   1.9679  -0.0168    12.1%
    79    26.0s   -4.6007     5.0%     5.0%    40.1%      18%/54%/28%    9.100    0.061    95.0%     0.0%   1.8320  -0.0015    15.6%
    80    26.0s   -4.1707    10.0%    10.0%    50.4%      14%/52%/34%    9.650    0.098    90.0%     0.0%   1.8118   0.0162     0.0%
  [MA20] reward=-3.4990 task_sr=20.5% miss=79.5% time_limit=95.0% v2v=27.0%
  [PPO ] p_loss=-0.1949 v_loss=0.9915 entropy=1.8118 grad=1.2945 active=7.1%
  [SIM ] avg_power(a)=0.4416 rsu_q=1.280 tx=199 no_tx=40 deadlock=0 svc=22.027GHz idle=0.0%
  → Best model saved: Success Rate = 0.128 (50-ep avg)

    Ep    Wall    R/step     T_SR     V_SR     S_SR            L/R/V   Lat(s)       En     Miss      Ill      Ent       KL     Clip
--------------------------------------------------------------------------------------------------------------------------------
    81    22.9s   -1.7024    25.0%    25.0%    61.9%      14%/58%/28%    6.400    0.134    75.0%     0.0%   1.7940   0.0127     6.3%
    82    27.3s   -9.1057     5.0%     5.0%    41.2%      12%/54%/34%    9.500    0.082    95.0%     0.0%   1.9938  -0.0135     9.2%
    83    25.1s   -4.8224    20.0%    20.0%    57.4%      13%/55%/32%    9.075    0.109    80.0%     0.0%   1.7649   0.0976    10.5%
    84    25.5s   -3.9679    10.0%    10.0%    54.6%      13%/54%/32%    7.650    0.101    90.0%     0.0%   1.9071   0.0313    15.5%
    85    27.4s   -6.7111     0.0%     0.0%    40.7%      10%/52%/38%    0.000    0.082   100.0%     0.0%   1.8536   0.1204    26.7%
    86    27.1s   -2.9175     5.0%     5.0%    56.3%      11%/55%/34%    5.200    0.136    95.0%     0.0%   2.0588  -0.0091    13.7%
    87    29.4s   -7.1945     5.0%     5.0%    39.5%      16%/53%/31%    6.900    0.089    95.0%     0.0%   2.2155   0.0965    27.3%
    88    24.4s   -1.6551    15.0%    15.0%    66.0%      15%/51%/34%   10.300    0.131    85.0%     0.0%   1.9446   0.0444     7.7%
    89    24.9s   -3.2994    25.0%    25.0%    56.8%      11%/54%/35%    6.940    0.098    75.0%     0.0%   1.9456   0.0064     8.9%
    90    26.2s   -6.2183     5.0%     5.0%    56.6%      13%/53%/34%    5.800    0.095    95.0%     0.0%   1.9165   0.0328     0.0%
  [MA20] reward=-4.0438 task_sr=13.7% miss=86.2% time_limit=100.0% v2v=30.8%
  [PPO ] p_loss=-0.0542 v_loss=1.1747 entropy=1.9165 grad=2.2659 active=7.8%
  [SIM ] avg_power(a)=0.4440 rsu_q=1.700 tx=225 no_tx=41 deadlock=0 svc=23.613GHz idle=0.0%
  → Best model saved: Success Rate = 0.148 (50-ep avg)
    91    26.9s   -5.5917     5.0%     5.0%    42.8%      12%/54%/34%    7.700    0.072    95.0%     0.0%   1.9376   0.0207     0.0%
    92    23.8s   -3.6146    25.0%    25.0%    53.0%      14%/57%/29%    7.080    0.089    75.0%     0.0%   1.8160   0.0136     0.0%
    93    25.2s   -3.2689    10.0%    10.0%    59.3%      11%/58%/31%   12.200    0.103    90.0%     0.0%   1.7838   0.0256     8.7%
    94    25.3s   -4.2749     5.0%     5.0%    51.0%       9%/57%/34%    7.500    0.091    95.0%     0.0%   1.8867   0.0177     4.8%
    95    28.7s   -7.2126     0.0%     0.0%    31.2%      11%/49%/40%    0.000    0.074   100.0%     0.0%   2.1075   0.0674    10.0%
    96    23.5s   -2.0274    30.0%    30.0%    63.2%      14%/52%/34%    7.433    0.164    70.0%     0.0%   1.8861   0.0408     7.7%
    97    27.1s   -3.4384     0.0%     0.0%    45.2%      12%/51%/37%    0.000    0.097   100.0%     0.0%   1.9818   0.0179     0.0%
    98    25.5s   -1.8317    10.0%    10.0%    58.4%      13%/57%/31%   11.400    0.118    90.0%     0.0%   2.0408  -0.0057    14.9%
    99    23.9s   -3.4992     0.0%     0.0%    66.4%      11%/54%/35%    0.000    0.138   100.0%     0.0%   1.8821   0.0011     9.1%
   100    27.1s   -5.5897     5.0%     5.0%    40.2%      15%/45%/40%    3.700    0.072    95.0%     0.0%   1.9994   0.0458     7.1%
  [MA20] reward=-4.3972 task_sr=10.2% miss=89.8% time_limit=100.0% v2v=33.9%
  [PPO ] p_loss=-0.2742 v_loss=1.0173 entropy=1.9994 grad=2.8032 active=5.6%
  [SIM ] avg_power(a)=0.4595 rsu_q=0.880 tx=163 no_tx=34 deadlock=0 svc=17.791GHz idle=0.0%

    Ep    Wall    R/step     T_SR     V_SR     S_SR            L/R/V   Lat(s)       En     Miss      Ill      Ent       KL     Clip
--------------------------------------------------------------------------------------------------------------------------------
   101    24.9s   -4.3365    10.0%    10.0%    57.3%      11%/57%/32%    9.600    0.091    90.0%     0.0%   1.8383   0.1090    20.0%
   102    26.2s   -3.2117     0.0%     0.0%    49.1%      14%/53%/34%    0.000    0.160   100.0%     0.0%   1.8892   0.0038     8.9%
   103    27.5s   -1.0864     0.0%     0.0%    43.0%      14%/52%/34%    0.000    0.075   100.0%     0.0%   2.0914   0.0354    30.8%
   104    25.9s   -4.7398    15.0%    15.0%    51.5%      17%/51%/33%    8.567    0.094    85.0%     0.0%   1.8549   0.0811    21.1%
   105    23.5s   -0.7632    25.0%    25.0%    68.0%       9%/60%/30%    8.860    0.075    75.0%     0.0%   1.8190   0.0227     3.8%
   106    27.3s   -7.1007    10.0%    10.0%    38.6%      12%/59%/29%    5.800    0.064    90.0%     0.0%   1.8884   0.0112    16.8%
   107    26.0s   -4.0080     0.0%     0.0%    41.6%      15%/52%/33%    0.000    0.078   100.0%     0.0%   1.8214  -0.0147    12.6%
   108    25.8s   -1.7641     0.0%     0.0%    48.4%      14%/51%/35%    0.000    0.120   100.0%     0.0%   1.8338   0.0978    27.8%
   109    24.8s   -1.5224    25.0%    25.0%    58.2%      17%/54%/29%    8.380    0.111    75.0%     0.0%   1.8074   0.0050    11.9%
   110    27.6s   -8.2190    10.0%    10.0%    40.3%      11%/52%/37%    5.450    0.117    90.0%     0.0%   1.9412  -0.0108    10.3%
  [MA20] reward=-3.8550 task_sr=9.2% miss=90.8% time_limit=100.0% v2v=33.6%
  [PPO ] p_loss=-0.0403 v_loss=1.1238 entropy=1.9412 grad=1.8045 active=6.2%
  [SIM ] avg_power(a)=0.4688 rsu_q=1.440 tx=174 no_tx=27 deadlock=0 svc=18.317GHz idle=0.0%
   111    22.1s   -4.1584    25.0%    25.0%    69.0%      16%/61%/23%    7.220    0.140    75.0%     0.0%   1.6889  -0.0034    13.3%
   112    22.3s   -3.0266    30.0%    30.0%    69.6%      13%/62%/25%    7.350    0.129    70.0%     0.0%   1.5972   0.1065    18.2%
   113    25.9s   -6.0194     5.0%     5.0%    48.3%      16%/58%/26%    5.300    0.057    95.0%     0.0%   1.8815   0.0359    11.1%
   114    24.6s   -2.0516    20.0%    20.0%    56.4%      12%/59%/29%    7.475    0.098    80.0%     0.0%   1.7336   0.0519     5.3%
   115    26.4s   -8.7272    20.0%    20.0%    58.1%      13%/58%/29%    7.075    0.116    80.0%     0.0%   2.0074   0.0865     4.3%
   116    24.3s   -4.0409    25.0%    25.0%    62.0%      11%/61%/28%    7.900    0.075    75.0%     0.0%   1.7254   0.0115    15.5%
   117    16.7s   -0.6147    55.0%    55.0%    89.4%      11%/62%/27%    8.018    0.256    45.0%     0.0%   1.7949   0.0443     2.6%
   118    22.9s   -1.3374    35.0%    35.0%    73.0%       9%/62%/29%    6.700    0.119    65.0%     0.0%   1.7545   0.0089    17.8%
   119    19.5s   -0.6325    35.0%    35.0%    67.2%      15%/57%/28%    6.971    0.155    65.0%     0.0%   1.6253   0.0447     0.0%
   120    21.2s   -0.8240    50.0%    50.0%    81.3%       9%/65%/26%    7.730    0.160    50.0%     0.0%   1.7107   0.0132    15.4%
  [MA20] reward=-3.4092 task_sr=19.8% miss=80.2% time_limit=90.0% v2v=29.7%
  [PPO ] p_loss=-0.1720 v_loss=7.6727 entropy=1.7107 grad=17.3537 active=10.4%
  [SIM ] avg_power(a)=0.4775 rsu_q=2.745 tx=307 no_tx=37 deadlock=0 svc=35.032GHz idle=0.0%

    Ep    Wall    R/step     T_SR     V_SR     S_SR            L/R/V   Lat(s)       En     Miss      Ill      Ent       KL     Clip
--------------------------------------------------------------------------------------------------------------------------------
   121    27.9s   -7.5449     5.0%     5.0%    47.1%      10%/55%/34%    9.200    0.090    95.0%     0.0%   1.9893   0.0533    13.0%
   122    24.3s   -1.4596    20.0%    20.0%    69.7%      10%/61%/29%    7.800    0.108    80.0%     0.0%   1.7751   0.0200     8.8%
   123    18.1s   -0.2519    75.0%    75.0%    94.1%      12%/65%/23%    8.127    0.155    25.0%     0.0%   1.5364   0.0321    12.6%
   124    21.2s   -1.3449    40.0%    40.0%    78.4%       9%/60%/31%    7.600    0.132    60.0%     0.0%   1.5941   0.0111    10.7%
   125    22.2s   -1.1325    30.0%    30.0%    74.2%      14%/62%/24%    6.650    0.164    70.0%     0.0%   1.6799   0.0196    14.9%
   126    22.7s   -0.5155    35.0%    35.0%    73.1%      12%/64%/24%    7.557    0.111    65.0%     0.0%   1.7002   0.0138    11.5%
   127    19.6s   -0.2803    55.0%    55.0%    80.4%      11%/67%/23%    6.118    0.117    45.0%     0.0%   1.6070   0.0082    12.9%
   128    25.5s   -4.9262    20.0%    20.0%    65.8%      15%/58%/27%    5.775    0.150    80.0%     0.0%   1.8504   0.0180    10.2%
   129    21.8s   -0.7802    45.0%    45.0%    77.0%      10%/65%/26%    7.222    0.151    55.0%     0.0%   1.7365   0.0243    13.3%
   130    23.2s   -4.2688    35.0%    35.0%    67.0%       9%/60%/30%    7.114    0.128    65.0%     0.0%   1.8485   0.0238    13.6%
  [MA20] reward=-2.6969 task_sr=33.0% miss=67.0% time_limit=90.0% v2v=27.0%
  [PPO ] p_loss=-0.1523 v_loss=1.2164 entropy=1.8485 grad=0.9831 active=8.7%
  [SIM ] avg_power(a)=0.4891 rsu_q=2.120 tx=256 no_tx=33 deadlock=0 svc=27.125GHz idle=0.0%
  → Best model saved: Success Rate = 0.192 (50-ep avg)
   131    25.0s   -7.6858    15.0%    15.0%    56.8%      13%/61%/26%    6.833    0.111    85.0%     0.0%   1.6899   0.0655     0.0%
   132    25.7s   -6.4538    15.0%    15.0%    56.5%      12%/57%/31%    7.133    0.080    85.0%     0.0%   1.8628   0.0517     4.8%
   133    24.5s   -3.3300    20.0%    20.0%    67.4%      10%/64%/26%    6.300    0.123    80.0%     0.0%   1.8011   0.0373    18.2%
   134    24.7s   -4.5671    20.0%    20.0%    62.7%       9%/64%/27%    4.950    0.063    80.0%     0.0%   1.8191   0.0734    15.8%
   135    25.5s   -7.9418    25.0%    25.0%    54.8%      10%/60%/30%    7.540    0.092    75.0%     0.0%   1.7141  -0.0042    16.4%
   136    21.5s   -2.0283    45.0%    45.0%    82.5%      11%/64%/25%    7.489    0.118    55.0%     0.0%   1.6604   0.0246    19.4%
   137    20.4s   -0.1377    55.0%    55.0%    82.7%      11%/62%/27%    8.464    0.117    45.0%     0.0%   1.6203  -0.0117    11.7%
   138    27.4s   -1.8325    15.0%    15.0%    54.7%       8%/56%/36%    9.533    0.121    85.0%     0.0%   1.8401   0.0450    22.2%
   139    23.8s   -1.7350    20.0%    20.0%    69.3%       6%/64%/30%    7.350    0.130    80.0%     0.0%   1.7969  -0.0054     7.4%
   140    25.8s   -3.8462    20.0%    20.0%    62.4%       8%/61%/30%    8.825    0.117    80.0%     0.0%   1.8923   0.0029    11.4%
  [MA20] reward=-3.1032 task_sr=30.5% miss=69.5% time_limit=100.0% v2v=28.0%
  [PPO ] p_loss=0.1099 v_loss=1.3009 entropy=1.8923 grad=1.8193 active=9.8%
  [SIM ] avg_power(a)=0.4779 rsu_q=2.385 tx=252 no_tx=33 deadlock=0 svc=25.568GHz idle=0.0%
  → Best model saved: Success Rate = 0.219 (50-ep avg)

    Ep    Wall    R/step     T_SR     V_SR     S_SR            L/R/V   Lat(s)       En     Miss      Ill      Ent       KL     Clip
--------------------------------------------------------------------------------------------------------------------------------
   141    16.3s   -1.1472    40.0%    40.0%    87.5%      10%/64%/27%    9.162    0.201    60.0%     0.0%   1.6417   0.0192    15.0%
   142    12.7s   -0.4378    95.0%    95.0%    99.8%      10%/61%/30%    8.447    0.281     5.0%     0.0%   1.6054   0.0290    15.8%
   143    24.3s   -0.4891    20.0%    20.0%    67.2%       8%/64%/28%    7.125    0.063    80.0%     0.0%   1.8193   0.0410    12.5%
   144    21.5s   -1.3025    45.0%    45.0%    70.0%       9%/63%/28%    6.767    0.115    55.0%     0.0%   1.7423   0.0877    25.0%
   145    24.2s   -2.9734    15.0%    15.0%    56.9%      12%/60%/28%    8.967    0.120    85.0%     0.0%   1.6628   0.0017    11.0%
   146    21.9s   -0.6773    35.0%    35.0%    72.0%      11%/60%/29%    8.686    0.111    65.0%     0.0%   1.7494   0.0843    10.0%
   147    24.7s   -3.6515    20.0%    20.0%    60.3%      10%/59%/30%    6.725    0.126    80.0%     0.0%   1.8202   0.0554     4.8%
   148    23.5s   -1.9595    15.0%    15.0%    67.1%       9%/64%/27%    9.667    0.112    85.0%     0.0%   1.6760   0.0253     6.1%
   149    21.7s   -1.3142    40.0%    40.0%    73.3%      11%/61%/28%    7.737    0.125    60.0%     0.0%   1.6306   0.0351    19.2%
   150    28.4s   -5.0853     5.0%     5.0%    40.3%       8%/60%/32%   11.100    0.080    95.0%     0.0%   1.9529   0.0253    25.0%
  [MA20] reward=-2.9298 task_sr=29.0% miss=71.0% time_limit=90.0% v2v=28.8%
  [PPO ] p_loss=0.2210 v_loss=1.1904 entropy=1.9529 grad=2.2786 active=7.4%
  [SIM ] avg_power(a)=0.4675 rsu_q=1.950 tx=168 no_tx=25 deadlock=0 svc=17.360GHz idle=0.0%
   151    24.7s   -3.9674    20.0%    20.0%    63.9%       8%/59%/33%    7.425    0.103    80.0%     0.0%   1.8474   0.0557     0.0%
   152    13.2s   -0.3904    75.0%    75.0%    94.8%       7%/68%/25%    8.333    0.237    25.0%     0.0%   1.6155   0.0213    10.7%
   153    24.6s   -2.5857    20.0%    20.0%    74.0%       8%/61%/30%    9.075    0.133    80.0%     0.0%   1.8178  -0.0034    22.8%
   154    18.7s   -1.2453    60.0%    60.0%    87.7%       8%/67%/25%    5.767    0.130    40.0%     0.0%   1.6291  -0.0006    16.5%
   155    25.1s   -3.8562    10.0%    10.0%    56.6%      10%/60%/30%    4.250    0.110    90.0%     0.0%   1.6385   0.0398    16.0%
   156    19.4s   -1.1134    60.0%    60.0%    87.9%      10%/67%/24%    6.775    0.130    40.0%     0.0%   1.6516   0.0113    18.8%
   157    20.8s   -0.6202    45.0%    45.0%    85.8%       8%/68%/24%    7.820    0.173    55.0%     0.0%   1.6066   0.0036    14.5%
   158    24.3s   -1.6027    30.0%    30.0%    63.1%       9%/64%/27%    7.317    0.070    70.0%     0.0%   1.6005   0.0629     4.5%
   159    19.5s   -1.7036    60.0%    60.0%    92.5%      10%/67%/23%    6.846    0.153    40.0%     0.0%   1.5716   0.0240    14.6%
   160    21.2s   -3.4103    40.0%    40.0%    82.3%       8%/69%/23%    8.775    0.094    60.0%     0.0%   1.5254   0.0493    12.1%
  [MA20] reward=-1.9766 task_sr=37.5% miss=62.5% time_limit=85.0% v2v=27.7%
  [PPO ] p_loss=-0.0196 v_loss=0.9237 entropy=1.5254 grad=0.8287 active=12.2%
  [SIM ] avg_power(a)=0.4676 rsu_q=3.765 tx=309 no_tx=38 deadlock=0 svc=33.537GHz idle=0.0%
  → Best model saved: Success Rate = 0.332 (50-ep avg)

    Ep    Wall    R/step     T_SR     V_SR     S_SR            L/R/V   Lat(s)       En     Miss      Ill      Ent       KL     Clip
--------------------------------------------------------------------------------------------------------------------------------
   161    13.7s   -0.2024    95.0%    95.0%    99.5%       8%/71%/21%    8.805    0.262     5.0%     0.0%   1.5647   0.0297    12.8%
   162    23.5s   -2.3803    35.0%    35.0%    71.6%       9%/65%/26%    6.514    0.103    65.0%     0.0%   1.6595   0.0479     4.3%
   163    21.0s   -0.4071    45.0%    45.0%    88.0%       7%/72%/21%    8.044    0.161    55.0%     0.0%   1.6051   0.0230     8.1%
   164    24.9s   -1.5595    10.0%    10.0%    64.7%       7%/67%/26%    6.800    0.090    90.0%     0.0%   1.5483   0.0298     8.3%
   165    18.6s   -0.1632    75.0%    75.0%    91.6%       6%/74%/20%    6.247    0.082    25.0%     0.0%   1.5607   0.0519    14.8%
   166    16.7s   -0.7044    50.0%    50.0%    77.5%       8%/67%/25%    7.720    0.173    50.0%     0.0%   1.5949   0.0501     7.3%
   167    21.5s   -0.4986    50.0%    50.0%    85.2%       6%/65%/29%    6.800    0.122    50.0%     0.0%   1.6458   0.0081    10.6%
   168    21.0s   -1.7496    45.0%    45.0%    81.6%       8%/69%/23%    8.333    0.089    55.0%     0.0%   1.4286   0.0141    15.8%
   169    21.1s   -0.3538    50.0%    50.0%    78.3%       6%/70%/25%    6.570    0.109    50.0%     0.0%   1.5299   0.0067    16.3%
   170    22.4s   -0.5464    40.0%    40.0%    72.8%       5%/69%/26%    7.062    0.106    60.0%     0.0%   1.5259   0.0138    18.0%
  [MA20] reward=-1.4530 task_sr=45.8% miss=54.2% time_limit=85.0% v2v=25.3%
  [PPO ] p_loss=-0.0700 v_loss=1.2821 entropy=1.5259 grad=6.0423 active=10.4%
  [SIM ] avg_power(a)=0.4721 rsu_q=3.845 tx=294 no_tx=21 deadlock=0 svc=31.536GHz idle=0.0%
   171    20.3s   -0.2013    70.0%    70.0%    83.3%       7%/69%/24%    6.443    0.122    30.0%     0.0%   1.4817   0.0206    26.9%
   172    16.5s   -0.4682    65.0%    65.0%    85.2%       6%/72%/23%    7.992    0.163    35.0%     0.0%   1.4856   0.0221    19.0%
   173    14.5s   -0.1855    75.0%    75.0%    95.8%       5%/74%/20%    8.753    0.194    25.0%     0.0%   1.4152   0.0298     9.6%
   174    10.6s   -0.2684    90.0%    90.0%    98.8%       5%/76%/18%    6.911    0.230    10.0%     0.0%   1.4191   0.0209    17.7%
   175    15.7s   -0.0880    80.0%    80.0%    92.4%       6%/73%/21%    7.050    0.105    20.0%     0.0%   1.4508   0.0246     7.5%
   176    21.4s   -0.7907    50.0%    50.0%    76.6%       7%/70%/24%    6.330    0.091    50.0%     0.0%   1.4941   0.0079    14.9%
   177     9.3s   -0.0969   100.0%   100.0%   100.0%       5%/76%/19%    6.595    0.189     0.0%     0.0%   1.3838   0.0071    12.2%
   178    19.4s   -0.8028    60.0%    60.0%    89.0%       9%/68%/23%    6.554    0.097    40.0%     0.0%   1.4498   0.0206    12.9%
   179    22.0s   -1.4537    40.0%    40.0%    79.0%       4%/70%/26%    6.737    0.098    60.0%     0.0%   1.6237   0.0157    23.5%
   180    11.4s   -0.3200   100.0%   100.0%   100.0%       7%/69%/25%    7.850    0.248     0.0%     0.0%   1.5343   0.0207    11.4%
  [MA20] reward=-0.6620 task_sr=61.3% miss=38.8% time_limit=60.0% v2v=23.2%
  [PPO ] p_loss=0.0640 v_loss=1.2206 entropy=1.5343 grad=6.4644 active=24.2%
  [SIM ] avg_power(a)=0.4918 rsu_q=8.748 tx=381 no_tx=35 deadlock=0 svc=80.836GHz idle=2.8%
  → Best model saved: Success Rate = 0.445 (50-ep avg)

    Ep    Wall    R/step     T_SR     V_SR     S_SR            L/R/V   Lat(s)       En     Miss      Ill      Ent       KL     Clip
--------------------------------------------------------------------------------------------------------------------------------
   181    19.7s   -0.2964    60.0%    60.0%    88.0%       4%/71%/25%    8.617    0.123    40.0%     0.0%   1.4825  -0.0119    13.8%
   182    22.9s   -0.5167    40.0%    40.0%    76.4%       6%/70%/24%    8.612    0.077    60.0%     0.0%   1.5655   0.0376    12.9%
   183    25.1s   -3.6599    30.0%    30.0%    60.9%       4%/68%/28%    7.933    0.088    70.0%     0.0%   1.7206  -0.0054     9.8%
   184    21.7s   -0.9113    50.0%    50.0%    80.5%       6%/71%/23%    7.120    0.099    50.0%     0.0%   1.6765   0.0155    11.8%
   185    21.4s   -2.9968    25.0%    25.0%    69.0%       6%/70%/24%    8.520    0.107    75.0%     0.0%   1.6785   0.0326     5.1%
   186    23.5s   -0.6509    35.0%    35.0%    81.5%       7%/69%/24%    8.329    0.132    65.0%     0.0%   1.5995   0.0229     9.4%
   187    20.8s   -2.2223    55.0%    55.0%    85.1%       7%/67%/26%    6.791    0.167    45.0%     0.0%   1.5603   0.0452    19.4%
   188    19.4s   -0.6069    70.0%    70.0%    88.1%       9%/68%/23%    8.343    0.133    30.0%     0.0%   1.5094  -0.0049     8.7%
   189    22.7s   -1.3045    30.0%    30.0%    71.7%       7%/70%/22%    6.917    0.095    70.0%     0.0%   1.6006  -0.0056    11.4%
   190    20.4s   -0.7275    60.0%    60.0%    66.1%       8%/69%/23%    5.817    0.083    40.0%     0.0%   1.5234   0.0309    16.7%
  [MA20] reward=-0.9284 task_sr=59.2% miss=40.8% time_limit=65.0% v2v=23.2%
  [PPO ] p_loss=0.0932 v_loss=1.2706 entropy=1.5234 grad=2.4700 active=8.2%
  [SIM ] avg_power(a)=0.4930 rsu_q=2.775 tx=261 no_tx=26 deadlock=0 svc=28.229GHz idle=0.0%
  → Best model saved: Success Rate = 0.486 (50-ep avg)
   191    19.1s   -0.8743    65.0%    65.0%    93.9%       7%/73%/20%    6.085    0.108    35.0%     0.0%   1.6009   0.0205     9.3%
   192    23.1s   -1.0911    30.0%    30.0%    77.5%       9%/66%/25%    7.183    0.134    70.0%     0.0%   1.5525   0.0057    18.8%
   193    20.3s   -3.9451    35.0%    35.0%    87.5%      11%/70%/19%    5.771    0.127    65.0%     0.0%   1.4550   0.0566    12.0%
   194    23.6s   -3.6884    30.0%    30.0%    60.4%       6%/71%/22%    7.400    0.068    70.0%     0.0%   1.4548   0.0506    10.7%
   195    18.9s   -0.2093    75.0%    75.0%    84.3%      11%/69%/20%    7.280    0.082    25.0%     0.0%   1.4943   0.0425    14.3%
   196    18.9s   -0.2095    70.0%    70.0%    89.3%       8%/70%/22%    7.257    0.117    30.0%     0.0%   1.3753   0.0263     9.6%
   197    13.7s   -0.2165    95.0%    95.0%    98.9%       8%/72%/20%    7.647    0.216     5.0%     0.0%   1.4709   0.0189     8.0%
   198    11.7s   -0.2149    90.0%    90.0%    98.6%       8%/73%/19%    7.411    0.206    10.0%     0.0%   1.4094   0.0208    10.7%
   199    18.3s   -1.5084    75.0%    75.0%    89.5%       8%/76%/17%    6.947    0.102    25.0%     0.0%   1.3623   0.0154     4.2%
   200    11.8s   -0.3277   100.0%   100.0%   100.0%       7%/75%/18%    8.020    0.298     0.0%     0.0%   1.4226   0.0190    12.6%
  [MA20] reward=-1.3089 task_sr=56.0% miss=44.0% time_limit=80.0% v2v=22.3%
  [PPO ] p_loss=0.0080 v_loss=2.9900 entropy=1.4226 grad=18.6094 active=25.5%
  [SIM ] avg_power(a)=0.4819 rsu_q=10.947 tx=383 no_tx=41 deadlock=0 svc=78.593GHz idle=1.8%
  → Best model saved: Success Rate = 0.553 (50-ep avg)

    Ep    Wall    R/step     T_SR     V_SR     S_SR            L/R/V   Lat(s)       En     Miss      Ill      Ent       KL     Clip
--------------------------------------------------------------------------------------------------------------------------------
   201    23.6s   -1.5765    30.0%    30.0%    66.6%       7%/66%/27%    6.467    0.082    70.0%     0.0%   1.5964   0.0273    13.8%
   202    25.4s   -1.0850    15.0%    15.0%    68.8%       7%/73%/21%    7.133    0.129    85.0%     0.0%   1.6280   0.0667     9.7%
   203    19.4s   -0.1586    70.0%    70.0%    91.0%       6%/72%/21%    8.236    0.153    30.0%     0.0%   1.4011   0.0242     5.3%
   204    24.0s   -2.2548    45.0%    45.0%    82.8%       6%/72%/22%    8.422    0.184    55.0%     0.0%   1.6919   0.0226     9.5%
   205    23.0s   -1.7850    35.0%    35.0%    69.1%       8%/70%/22%    8.614    0.106    65.0%     0.0%   1.4248   0.0454     8.3%
   206    24.9s   -0.5227    30.0%    30.0%    56.4%       8%/71%/22%    5.983    0.085    70.0%     0.0%   1.4913   0.0182     4.3%
   207    20.3s   -0.6466    60.0%    60.0%    85.7%       8%/69%/23%    6.792    0.123    40.0%     0.0%   1.5137   0.0384     3.1%
   208    20.5s   -0.6836    55.0%    55.0%    85.6%       8%/69%/23%    7.500    0.155    45.0%     0.0%   1.4393  -0.0029     8.0%
   209    11.3s   -0.2051   100.0%   100.0%   100.0%       6%/75%/18%    7.190    0.217     0.0%     0.0%   1.4733   0.0084    12.7%
   210    18.2s   -0.1080    80.0%    80.0%    97.4%       8%/74%/18%    7.365    0.097    20.0%     0.0%   1.2914   0.0786     6.7%
  [MA20] reward=-1.0656 task_sr=59.2% miss=40.8% time_limit=75.0% v2v=20.9%
  [PPO ] p_loss=-0.0659 v_loss=4.0341 entropy=1.2914 grad=28.8191 active=11.8%
  [SIM ] avg_power(a)=0.4807 rsu_q=6.935 tx=375 no_tx=38 deadlock=0 svc=41.250GHz idle=0.0%
  → Best model saved: Success Rate = 0.573 (50-ep avg)
   211     9.9s   -0.1726   100.0%   100.0%   100.0%       7%/78%/15%    6.995    0.228     0.0%     0.0%   1.3284   0.0256    13.6%
   212    10.1s   -0.1551   100.0%   100.0%   100.0%       7%/76%/17%    6.625    0.228     0.0%     0.0%   1.3010   0.0138    13.0%
   213    20.8s   -0.2876    70.0%    70.0%    86.4%       7%/78%/15%    8.357    0.100    30.0%     0.0%   1.2484   0.0861    18.9%
   214    17.2s   -0.0696    90.0%    90.0%    98.8%       9%/77%/14%    6.850    0.113    10.0%     0.0%   1.2265   0.0116    11.8%
   215    19.3s   -0.1075    60.0%    60.0%    94.7%       8%/79%/13%    8.100    0.126    40.0%     0.0%   1.1554   0.0065    14.0%
   216    10.3s   -0.0786   100.0%   100.0%   100.0%       7%/82%/11%    7.085    0.160     0.0%     0.0%   1.2094  -0.0013    13.7%
   217    10.1s   -0.1320   100.0%   100.0%   100.0%       8%/81%/11%    7.680    0.173     0.0%     0.0%   1.0883   0.0108    13.5%
   218    10.8s   -0.1061   100.0%   100.0%   100.0%       5%/85%/10%    7.565    0.142     0.0%     0.0%   1.0671   0.0144    15.2%
   219     9.4s   -0.0964   100.0%   100.0%   100.0%       5%/84%/11%    6.560    0.173     0.0%     0.0%   1.0952   0.0236    15.3%
   220    13.0s   -0.1362    95.0%    95.0%    99.0%       6%/81%/13%    8.826    0.150     5.0%     0.0%   1.1719  -0.0053    17.4%
  [MA20] reward=-0.5184 task_sr=71.8% miss=28.2% time_limit=55.0% v2v=17.3%
  [PPO ] p_loss=-0.0296 v_loss=0.6021 entropy=1.1719 grad=3.9699 active=22.9%
  [SIM ] avg_power(a)=0.4870 rsu_q=15.750 tx=381 no_tx=32 deadlock=0 svc=72.086GHz idle=1.7%
  → Best model saved: Success Rate = 0.657 (50-ep avg)

    Ep    Wall    R/step     T_SR     V_SR     S_SR            L/R/V   Lat(s)       En     Miss      Ill      Ent       KL     Clip
--------------------------------------------------------------------------------------------------------------------------------
   221    13.7s   -0.1156    80.0%    80.0%    98.0%       6%/81%/13%    8.756    0.132    20.0%     0.0%   0.9937   0.0232    12.5%
   222    16.5s   -0.0742    80.0%    80.0%    97.6%        5%/85%/9%    8.112    0.099    20.0%     0.0%   0.9738   0.0408    11.0%
   223     9.8s   -0.0576   100.0%   100.0%   100.0%        4%/87%/9%    6.975    0.134     0.0%     0.0%   1.0121   0.0056    13.0%
   224    10.9s   -0.0524   100.0%   100.0%   100.0%       3%/86%/11%    7.295    0.102     0.0%     0.0%   1.1081   0.0321    24.1%
   225    13.3s   -0.0780    80.0%    80.0%    97.6%        5%/87%/8%    7.850    0.111    20.0%     0.0%   0.9569   0.0232    18.3%
   226    11.9s   -0.0642   100.0%   100.0%   100.0%        6%/88%/6%    8.560    0.086     0.0%     0.0%   0.8775   0.0307    17.1%
   227    13.9s   -0.0685    75.0%    75.0%    95.4%        3%/91%/6%    9.213    0.080    25.0%     0.0%   0.9204  -0.0031    16.1%
   228     9.6s   -0.0308   100.0%   100.0%   100.0%        2%/92%/7%    7.155    0.077     0.0%     0.0%   0.8409   0.0295    20.6%
   229    12.4s   -0.0299    90.0%    90.0%    99.3%        2%/91%/6%    8.658    0.065    10.0%     0.0%   0.9066   0.0350    22.4%
   230     9.4s   -0.0695    95.0%    95.0%    98.8%        4%/88%/7%    6.900    0.116     5.0%     0.0%   0.7577   0.0212    15.9%
  [MA20] reward=-0.0991 task_sr=90.8% miss=9.3% time_limit=15.0% v2v=10.6%
  [PPO ] p_loss=-0.0604 v_loss=0.7545 entropy=0.7577 grad=1.9409 active=27.1%
  [SIM ] avg_power(a)=0.4934 rsu_q=18.769 tx=390 no_tx=22 deadlock=0 svc=90.009GHz idle=2.2%
   231    11.6s   -0.0395   100.0%   100.0%   100.0%        3%/90%/7%    8.250    0.081     0.0%     0.0%   0.8163   0.0014    14.1%
   232    13.6s   -0.0488    85.0%    85.0%    97.1%        3%/92%/6%    9.417    0.052    15.0%     0.0%   0.7385   0.0153    20.4%
   233    13.1s   -0.0448    85.0%    85.0%    97.1%        3%/91%/6%    8.559    0.068    15.0%     0.0%   0.9287   0.0416    18.0%
   234    10.3s   -0.0324   100.0%   100.0%   100.0%        2%/92%/7%    7.440    0.069     0.0%     0.0%   0.7668   0.0467    16.0%
   235     9.3s   -0.0355    95.0%    95.0%    99.8%        3%/90%/7%    6.611    0.090     5.0%     0.0%   0.7904   0.0234    11.3%
   236    11.7s   -0.0424    90.0%    90.0%    99.0%        3%/91%/7%    8.606    0.072    10.0%     0.0%   0.8538   0.0229    20.0%
   237    12.9s   -0.0443    85.0%    85.0%    98.6%        3%/91%/6%    8.288    0.062    15.0%     0.0%   0.8059   0.0121    15.8%
   238    11.9s   -0.0540    95.0%    95.0%   100.0%        2%/90%/7%    8.145    0.096     5.0%     0.0%   0.8616   0.0276    23.5%
   239     9.8s   -0.0237   100.0%   100.0%   100.0%        2%/93%/5%    7.215    0.073     0.0%     0.0%   0.8490   0.0324    11.7%
   240    11.3s   -0.0408   100.0%   100.0%   100.0%        2%/91%/6%    8.045    0.080     0.0%     0.0%   0.8668   0.0109    17.1%
  [MA20] reward=-0.0524 task_sr=91.8% miss=8.2% time_limit=0.0% v2v=7.3%
  [PPO ] p_loss=0.1010 v_loss=0.7985 entropy=0.8668 grad=2.3813 active=24.0%
  [SIM ] avg_power(a)=0.4953 rsu_q=23.898 tx=417 no_tx=11 deadlock=0 svc=85.750GHz idle=3.1%
  → Best model saved: Success Rate = 0.787 (50-ep avg)

    Ep    Wall    R/step     T_SR     V_SR     S_SR            L/R/V   Lat(s)       En     Miss      Ill      Ent       KL     Clip
--------------------------------------------------------------------------------------------------------------------------------
   241    10.6s   -0.0944   100.0%   100.0%   100.0%        3%/90%/8%    7.815    0.134     0.0%     0.0%   0.7039   0.0638    22.8%
   242    10.4s   -0.0573    95.0%    95.0%    99.5%        2%/92%/6%    7.874    0.096     5.0%     0.0%   0.8183   0.0385    20.0%
   243     9.8s   -0.0253    95.0%    95.0%    99.3%        3%/91%/6%    7.142    0.075     5.0%     0.0%   0.7359   0.0205    21.1%
   244    10.3s   -0.0799   100.0%   100.0%   100.0%        3%/90%/6%    7.645    0.127     0.0%     0.0%   0.7831   0.0698    17.9%
   245    13.8s   -0.0840    75.0%    75.0%    95.0%        2%/92%/6%    8.925    0.076    25.0%     0.0%   0.6416   0.0447    14.5%
   246    15.3s   -0.0679    50.0%    50.0%    93.6%        1%/94%/5%   10.636    0.062    50.0%     0.0%   0.7474   0.0281    20.0%
   247    10.8s   -0.0179   100.0%   100.0%   100.0%        1%/95%/4%    8.055    0.040     0.0%     0.0%   0.7184   0.0350    25.0%
   248    11.8s   -0.0717    95.0%    95.0%    99.8%        2%/93%/5%    8.542    0.092     5.0%     0.0%   0.6833   0.0132    16.1%
   249    14.6s   -0.0156    95.0%    95.0%    99.3%        2%/95%/4%    8.884    0.020     5.0%     0.0%   0.7480   0.0515    23.9%
   250    12.6s   -0.0440    95.0%    95.0%    99.3%        1%/93%/6%    8.784    0.072     5.0%     0.0%   0.7528   0.0523    20.4%
  [MA20] reward=-0.0482 task_sr=91.7% miss=8.2% time_limit=0.0% v2v=5.9%
  [PPO ] p_loss=-0.1906 v_loss=0.7055 entropy=0.7528 grad=0.8786 active=22.2%
  [SIM ] avg_power(a)=0.5051 rsu_q=23.848 tx=409 no_tx=5 deadlock=0 svc=81.129GHz idle=1.9%
   251    14.1s   -0.0543    80.0%    80.0%    97.3%        1%/93%/6%    9.918    0.068    20.0%     0.0%   0.7720   0.0097    20.0%
   252     8.6s    0.0030   100.0%   100.0%   100.0%        1%/96%/3%    6.240    0.047     0.0%     0.0%   0.6411   0.0167    15.9%
   253    15.1s   -0.0438    55.0%    55.0%    93.2%        1%/94%/5%    9.045    0.040    45.0%     0.0%   0.7110   0.0451    23.9%
   254    11.0s   -0.0411    95.0%    95.0%    99.8%        1%/95%/3%    8.426    0.055     5.0%     0.0%   0.6717   0.0356    15.9%
   255    14.8s   -0.0486    55.0%    55.0%    91.7%        1%/94%/4%   10.182    0.043    45.0%     0.0%   0.6888  -0.0234    19.1%
   256    11.4s   -0.0400    95.0%    95.0%    99.8%        1%/94%/5%    7.816    0.062     5.0%     0.0%   0.5702   0.0141    18.5%
   257    10.3s   -0.0202   100.0%   100.0%   100.0%        1%/93%/6%    7.235    0.060     0.0%     0.0%   0.6285   0.0224    16.3%
   258     9.9s   -0.0186   100.0%   100.0%   100.0%        1%/94%/5%    7.515    0.047     0.0%     0.0%   0.7090   0.0543    17.3%
   259    11.8s   -0.0411    90.0%    90.0%    98.8%        2%/93%/5%    8.500    0.060    10.0%     0.0%   0.6301   0.0235    21.2%
   260    10.8s   -0.0306   100.0%   100.0%   100.0%        1%/95%/3%    7.650    0.042     0.0%     0.0%   0.5100   0.0236    11.7%
  [MA20] reward=-0.0447 task_sr=88.5% miss=11.5% time_limit=0.0% v2v=5.0%
  [PPO ] p_loss=0.0068 v_loss=0.7341 entropy=0.5100 grad=2.8906 active=25.3%
  [SIM ] avg_power(a)=0.5057 rsu_q=19.355 tx=414 no_tx=7 deadlock=0 svc=78.342GHz idle=6.4%
  → Best model saved: Success Rate = 0.904 (50-ep avg)

    Ep    Wall    R/step     T_SR     V_SR     S_SR            L/R/V   Lat(s)       En     Miss      Ill      Ent       KL     Clip
--------------------------------------------------------------------------------------------------------------------------------
   261    12.5s   -0.0226    90.0%    90.0%    97.7%        1%/96%/4%    8.739    0.037    10.0%     0.0%   0.6598   0.0207    15.8%
   262    10.4s   -0.0094    95.0%    95.0%    99.0%        1%/96%/3%    7.974    0.026     5.0%     0.0%   0.6596   0.0476    21.1%
   263    10.8s   -0.0236    95.0%    95.0%    99.5%        1%/96%/3%    7.884    0.044     5.0%     0.0%   0.5181   0.0064    19.0%
   264    11.2s   -0.0123    95.0%    95.0%    99.1%        1%/97%/1%    7.968    0.027     5.0%     0.0%   0.5263   0.0193    19.9%
   265    10.2s   -0.0101   100.0%   100.0%   100.0%        1%/97%/2%    7.615    0.037     0.0%     0.0%   0.5160   0.0087    16.1%
   266    10.3s   -0.0039   100.0%   100.0%   100.0%        1%/97%/1%    7.700    0.023     0.0%     0.0%   0.5156   0.0102    22.4%
   267    11.2s   -0.0196    90.0%    90.0%    99.0%        0%/97%/3%    7.633    0.038    10.0%     0.0%   0.4955   0.0202    16.1%
   268    10.4s   -0.0104   100.0%   100.0%   100.0%        0%/98%/2%    7.375    0.034     0.0%     0.0%   0.5311   0.0099    20.7%
   269    14.9s   -0.0509    60.0%    60.0%    93.1%        0%/97%/2%    9.908    0.026    40.0%     0.0%   0.4933   0.0638    16.7%
   270    10.7s   -0.0139    95.0%    95.0%    99.8%        1%/97%/2%    7.884    0.025     5.0%     0.0%   0.5082   0.0279    13.0%
  [MA20] reward=-0.0256 task_sr=89.5% miss=10.5% time_limit=0.0% v2v=3.4%
  [PPO ] p_loss=0.1529 v_loss=0.6614 entropy=0.5082 grad=2.7799 active=24.4%
  [SIM ] avg_power(a)=0.5036 rsu_q=23.029 tx=417 no_tx=4 deadlock=0 svc=83.547GHz idle=4.9%
   271    12.4s   -0.0255    85.0%    85.0%    97.9%        0%/98%/2%    9.235    0.014    15.0%     0.0%   0.5407   0.0151    18.4%
   272    11.6s   -0.0267    90.0%    90.0%    99.3%        1%/96%/4%    8.284    0.051    10.0%     0.0%   0.5641   0.0284    13.3%
   273    12.5s   -0.0257    75.0%    75.0%    95.8%        0%/96%/3%    8.653    0.026    25.0%     0.0%   0.5498   0.0068    22.4%
   274     8.9s    0.0003   100.0%   100.0%   100.0%        0%/97%/3%    6.905    0.034     0.0%     0.0%   0.5076   0.0346    24.2%
   275    15.9s   -0.0718    25.0%    25.0%    83.3%        1%/96%/3%   10.340    0.023    75.0%     0.0%   0.4788   0.0604    16.9%
   276    10.0s    0.0080   100.0%   100.0%   100.0%        0%/99%/1%    7.375    0.013     0.0%     0.0%   0.4376   0.0332    18.3%
   277    10.2s   -0.0023    90.0%    90.0%    97.9%        1%/98%/2%    7.056    0.022    10.0%     0.0%   0.5045   0.0073    18.1%
   278     9.1s    0.0028   100.0%   100.0%   100.0%        0%/96%/4%    6.995    0.034     0.0%     0.0%   0.4666   0.0235    21.2%
   279    14.1s   -0.0168    75.0%    75.0%    98.4%        0%/96%/4%    9.312    0.024    25.0%     0.0%   0.5851   0.0809    25.0%
   280    10.8s   -0.0125   100.0%   100.0%   100.0%        0%/97%/2%    7.840    0.029     0.0%     0.0%   0.5926   0.0054    32.1%
  [MA20] reward=-0.0173 task_sr=88.0% miss=12.0% time_limit=0.0% v2v=2.5%
  [PPO ] p_loss=-0.0189 v_loss=0.5922 entropy=0.5926 grad=2.0091 active=23.9%
  [SIM ] avg_power(a)=0.5010 rsu_q=21.943 tx=428 no_tx=2 deadlock=0 svc=85.343GHz idle=3.8%

    Ep    Wall    R/step     T_SR     V_SR     S_SR            L/R/V   Lat(s)       En     Miss      Ill      Ent       KL     Clip
--------------------------------------------------------------------------------------------------------------------------------
   281    12.8s   -0.0285    95.0%    95.0%    99.5%        1%/95%/4%    8.963    0.040     5.0%     0.0%   0.6070   0.0025    20.7%
   282    11.9s   -0.0275    90.0%    90.0%    99.0%        1%/96%/3%    8.578    0.041    10.0%     0.0%   0.6209   0.0252    27.1%
   283    13.1s   -0.0429    65.0%    65.0%    96.4%        1%/96%/3%    9.438    0.038    35.0%     0.0%   0.6290   0.0208    17.4%
   284    14.7s   -0.0488    60.0%    60.0%    88.1%        1%/96%/3%    9.375    0.036    40.0%     0.0%   0.5872   0.0362    21.5%
   285    11.3s   -0.0191    95.0%    95.0%    99.3%        1%/96%/3%    8.184    0.031     5.0%     0.0%   0.6317   0.0089    25.3%
   286     9.8s   -0.0068    95.0%    95.0%   100.0%        1%/95%/3%    7.110    0.041     5.0%     0.0%   0.5972   0.0138    22.5%
   287    10.6s   -0.0192   100.0%   100.0%   100.0%        0%/98%/2%    7.995    0.025     0.0%     0.0%   0.4727   0.0262    16.2%
   288    11.5s    0.0001    95.0%    95.0%    99.5%        1%/97%/2%    7.747    0.016     5.0%     0.0%   0.4681   0.0210    17.6%
   289    13.9s   -0.0382    85.0%    85.0%    97.4%        0%/95%/4%    9.278    0.050    15.0%     0.0%   0.6253   0.0451    24.6%
   290    13.9s   -0.0528    75.0%    75.0%    96.7%        0%/96%/4%   10.360    0.032    25.0%     0.0%   0.5369   0.0373    15.4%
  [MA20] reward=-0.0227 task_sr=84.7% miss=15.2% time_limit=0.0% v2v=3.0%
  [PPO ] p_loss=-0.0150 v_loss=1.0524 entropy=0.5369 grad=1.2681 active=25.9%
  [SIM ] avg_power(a)=0.4935 rsu_q=26.975 tx=417 no_tx=0 deadlock=0 svc=71.476GHz idle=1.7%
   291    10.8s   -0.0213    90.0%    90.0%    99.2%        1%/96%/3%    7.906    0.033    10.0%     0.0%   0.5808   0.0267    28.3%
   292    10.9s   -0.0305   100.0%   100.0%   100.0%        1%/97%/3%    7.670    0.040     0.0%     0.0%   0.5069   0.0340    21.0%
   293    17.7s   -0.0619    30.0%    30.0%    84.0%        1%/97%/2%   12.017    0.021    70.0%     0.0%   0.5453   0.0511    22.9%
   294     9.0s   -0.0098   100.0%   100.0%   100.0%        1%/97%/2%    6.985    0.043     0.0%     0.0%   0.5007   0.0128    19.0%
   295    11.4s   -0.0465    80.0%    80.0%    98.3%        0%/96%/3%    7.869    0.037    20.0%     0.0%   0.4907   0.0173    24.6%
   296     8.4s    0.0123   100.0%   100.0%   100.0%        0%/96%/4%    6.485    0.034     0.0%     0.0%   0.5230   0.0258    25.8%
   297    15.8s   -0.0286    65.0%    65.0%    92.5%        0%/97%/3%    9.646    0.015    35.0%     0.0%   0.4775   0.0611    17.9%
   298    12.8s   -0.0236    80.0%    80.0%    98.1%        1%/97%/2%    8.806    0.025    20.0%     0.0%   0.5885  -0.0010    23.9%
   299    10.9s   -0.0142    90.0%    90.0%    98.6%        1%/97%/2%    8.337    0.030    10.0%     0.0%   0.4776   0.0381    20.0%
   300    10.7s   -0.0163    90.0%    90.0%    99.5%        1%/98%/2%    7.750    0.024    10.0%     0.0%   0.5061   0.0504    14.8%
  [MA20] reward=-0.0262 task_sr=84.0% miss=16.0% time_limit=0.0% v2v=2.8%
  [PPO ] p_loss=0.0496 v_loss=0.6466 entropy=0.5061 grad=1.3085 active=26.2%
  [SIM ] avg_power(a)=0.4827 rsu_q=21.210 tx=414 no_tx=3 deadlock=0 svc=81.368GHz idle=2.9%

    Ep    Wall    R/step     T_SR     V_SR     S_SR            L/R/V   Lat(s)       En     Miss      Ill      Ent       KL     Clip
--------------------------------------------------------------------------------------------------------------------------------
   301     8.1s    0.0151   100.0%   100.0%   100.0%        1%/97%/2%    6.340    0.030     0.0%     0.0%   0.3760   0.0059    16.1%
   302    13.3s   -0.0312    65.0%    65.0%    92.3%        0%/98%/1%    9.121    0.009    35.0%     0.0%   0.4049   0.0521    21.7%
   303    13.7s   -0.0187    75.0%    75.0%    95.3%        0%/98%/2%    9.293    0.006    25.0%     0.0%   0.5299   0.0186    24.9%
   304    13.0s   -0.0337    65.0%    65.0%    93.5%        0%/99%/1%    8.592    0.015    35.0%     0.0%   0.4939   0.0052    21.5%
   305     8.5s    0.0153   100.0%   100.0%   100.0%        0%/98%/1%    6.775    0.012     0.0%     0.0%   0.3910   0.0351    19.1%
   306    14.8s   -0.0390    75.0%    75.0%    93.3%        0%/99%/1%    9.780    0.018    25.0%     0.0%   0.4633   0.0241    24.1%
   307    14.0s   -0.0358    75.0%    75.0%    96.3%        0%/98%/1%    9.506    0.018    25.0%     0.0%   0.4439   0.0218    11.1%
   308    10.7s   -0.0051   100.0%   100.0%   100.0%        0%/99%/1%    7.920    0.016     0.0%     0.0%   0.4686   0.0328    18.6%
   309    14.6s   -0.0374    60.0%    60.0%    92.9%        0%/98%/2%   10.042    0.016    40.0%     0.0%   0.4924   0.0393    15.9%
   310     8.6s    0.0111   100.0%   100.0%   100.0%        1%/98%/1%    6.855    0.024     0.0%     0.0%   0.4707  -0.0001    19.2%
  [MA20] reward=-0.0200 task_sr=82.0% miss=18.0% time_limit=0.0% v2v=2.0%
  [PPO ] p_loss=-0.0577 v_loss=0.8070 entropy=0.4707 grad=3.9551 active=28.5%
  [SIM ] avg_power(a)=0.4806 rsu_q=25.385 tx=409 no_tx=4 deadlock=0 svc=106.036GHz idle=1.3%
   311    12.0s   -0.0256    85.0%    85.0%    97.6%        0%/99%/1%    8.429    0.021    15.0%     0.0%   0.4695   0.0345    28.8%
   312    12.8s   -0.0077    85.0%    85.0%    96.0%        0%/99%/1%    8.511    0.006    15.0%     0.0%   0.4824   0.0254    22.8%
   313    14.0s   -0.0440    60.0%    60.0%    94.3%        1%/97%/3%   10.325    0.030    40.0%     0.0%   0.5058   0.0285    28.3%
   314     9.3s    0.0016    95.0%    95.0%    99.8%        0%/98%/2%    7.037    0.017     5.0%     0.0%   0.4046   0.0399    16.9%
   315    10.1s   -0.0033    95.0%    95.0%   100.0%        0%/98%/1%    7.665    0.017     5.0%     0.0%   0.3857   0.0283    18.5%
   316    14.1s   -0.0486    35.0%    35.0%    88.4%        0%/98%/2%    9.612    0.022    65.0%     0.0%   0.4616   0.0481    25.4%
   317    12.7s   -0.0344    85.0%    85.0%    97.0%        0%/99%/1%    8.518    0.016    15.0%     0.0%   0.4742   0.0418    31.9%
   318     8.3s    0.0121   100.0%   100.0%   100.0%        0%/97%/3%    6.605    0.028     0.0%     0.0%   0.3179   0.0290    16.9%
   319    16.3s   -0.0441    30.0%    30.0%    86.1%        1%/98%/2%    9.286    0.026    70.0%     0.0%   0.5045   0.0306    26.4%
   320    13.8s   -0.0242    60.0%    60.0%    96.9%        0%/99%/1%    9.346    0.012    40.0%     0.0%   0.5467   0.0246    19.0%
  [MA20] reward=-0.0189 task_sr=77.2% miss=22.7% time_limit=0.0% v2v=1.5%
  [PPO ] p_loss=0.2664 v_loss=0.8440 entropy=0.5467 grad=1.4848 active=23.5%
  [SIM ] avg_power(a)=0.4764 rsu_q=21.824 tx=412 no_tx=1 deadlock=0 svc=66.259GHz idle=2.4%

    Ep    Wall    R/step     T_SR     V_SR     S_SR            L/R/V   Lat(s)       En     Miss      Ill      Ent       KL     Clip
--------------------------------------------------------------------------------------------------------------------------------
   321    11.6s   -0.0087   100.0%   100.0%   100.0%        0%/99%/1%    8.350    0.013     0.0%     0.0%   0.5172   0.0827    21.1%
   322    15.8s   -0.0507    35.0%    35.0%    78.6%        0%/98%/2%    9.171    0.016    65.0%     0.0%   0.4438   0.0391    25.0%
   323    11.8s   -0.0141    90.0%    90.0%    99.5%        0%/99%/1%    8.583    0.009    10.0%     0.0%   0.5045   0.0333    21.6%
   324    10.2s   -0.0137    95.0%    95.0%   100.0%        0%/98%/2%    7.755    0.029     5.0%     0.0%   0.3857   0.0524    24.7%
   325    13.3s   -0.0126    70.0%    70.0%    93.3%        0%/99%/1%    8.964    0.007    30.0%     0.0%   0.4764   0.0127    25.0%
   326    11.8s   -0.0176    95.0%    95.0%    99.8%        0%/99%/1%    8.553    0.007     5.0%     0.0%   0.3472   0.0253    15.1%
   327    10.6s    0.0087   100.0%   100.0%   100.0%        0%/99%/1%    7.395    0.015     0.0%     0.0%   0.4872   0.0631    38.3%
   328    15.9s   -0.0257    50.0%    50.0%    86.0%        0%/99%/1%    8.150    0.003    50.0%     0.0%   0.3190   0.0890    22.2%
   329    14.0s   -0.0359    65.0%    65.0%    94.3%        0%/99%/1%    9.900    0.006    35.0%     0.0%   0.4260   0.0173    27.9%
   330     9.5s    0.0137   100.0%   100.0%   100.0%        0%/99%/1%    6.920    0.010     0.0%     0.0%   0.4101   0.0172    25.8%
  [MA20] reward=-0.0187 task_sr=76.5% miss=23.5% time_limit=0.0% v2v=1.4%
  [PPO ] p_loss=0.0773 v_loss=1.0340 entropy=0.4101 grad=8.2991 active=25.7%
  [SIM ] avg_power(a)=0.4726 rsu_q=23.132 tx=420 no_tx=1 deadlock=0 svc=92.411GHz idle=3.3%
   331    12.5s   -0.0149    85.0%    85.0%    98.6%        0%/98%/2%    8.065    0.020    15.0%     0.0%   0.4280   0.0252    22.3%
   332    12.3s   -0.0167    80.0%    80.0%    94.6%        0%/99%/1%    8.706    0.004    20.0%     0.0%   0.4492   0.0532    25.8%
   333    11.5s   -0.0031    95.0%    95.0%    99.5%        0%/99%/0%    8.821    0.014     5.0%     0.0%   0.4104   0.0520    21.5%
   334    10.7s    0.0057   100.0%   100.0%   100.0%        0%/99%/1%    7.825    0.010     0.0%     0.0%   0.3632   0.0489    20.3%
   335    11.5s   -0.0053    95.0%    95.0%    99.8%        0%/99%/0%    8.621    0.006     5.0%     0.0%   0.4475   0.0557    36.8%
   336    13.1s   -0.0286    70.0%    70.0%    95.9%        0%/98%/1%    8.780    0.016    30.0%     0.0%   0.4664   0.0537    26.2%
   337    10.9s   -0.0058    95.0%    95.0%    99.8%        0%/99%/1%    8.121    0.010     5.0%     0.0%   0.4185   0.0268    23.0%
   338    12.9s   -0.0205    75.0%    75.0%    98.6%        0%/98%/1%    8.994    0.016    25.0%     0.0%   0.5065   0.0534    27.2%
   339     8.4s    0.0265   100.0%   100.0%   100.0%        0%/99%/1%    6.620    0.005     0.0%     0.0%   0.3102   0.0370    19.1%
   340    12.1s   -0.0023   100.0%   100.0%   100.0%        0%/99%/1%    8.910    0.008     0.0%     0.0%   0.4587   0.0221    29.8%
  [MA20] reward=-0.0111 task_sr=84.7% miss=15.2% time_limit=0.0% v2v=1.0%
  [PPO ] p_loss=-0.0423 v_loss=0.4244 entropy=0.4587 grad=2.4860 active=22.7%
  [SIM ] avg_power(a)=0.4745 rsu_q=24.690 tx=426 no_tx=1 deadlock=0 svc=81.085GHz idle=3.5%

    Ep    Wall    R/step     T_SR     V_SR     S_SR            L/R/V   Lat(s)       En     Miss      Ill      Ent       KL     Clip
--------------------------------------------------------------------------------------------------------------------------------
   341    12.1s   -0.0191    85.0%    85.0%    98.6%        0%/99%/1%    9.065    0.008    15.0%     0.0%   0.4792   0.0389    20.5%
   342    10.9s    0.0036    95.0%    95.0%    99.8%        0%/99%/1%    7.495    0.012     5.0%     0.0%   0.4315   0.0237    29.8%
   343    11.5s   -0.0010   100.0%   100.0%   100.0%        0%/99%/1%    8.270    0.010     0.0%     0.0%   0.4357   0.0356    19.6%
   344    10.8s    0.0098    95.0%    95.0%    99.8%        0%/99%/1%    7.879    0.008     5.0%     0.0%   0.4223   0.0035    18.5%
   345     8.7s    0.0209   100.0%   100.0%   100.0%       0%/100%/0%    6.865    0.007     0.0%     0.0%   0.3563   0.0163    21.2%
   346    12.6s   -0.0021    90.0%    90.0%    99.8%        0%/99%/1%    8.842    0.004    10.0%     0.0%   0.4360   0.0233    20.8%
   347    10.0s    0.0143   100.0%   100.0%   100.0%       0%/100%/0%    7.345 2.16e-06     0.0%     0.0%   0.3329   0.0429    21.5%
   348    15.5s   -0.0267    55.0%    55.0%    94.3%        0%/99%/1%    9.367    0.015    45.0%     0.0%   0.3988   0.0314    25.1%
   349    13.0s   -0.0199    95.0%    95.0%    99.5%        0%/99%/1%    9.826    0.011     5.0%     0.0%   0.4104   0.0358    42.1%
   350    12.5s   -0.0181    90.0%    90.0%    98.8%        0%/98%/1%    8.161    0.017    10.0%     0.0%   0.3977   0.0326    32.0%
  [MA20] reward=-0.0052 task_sr=90.0% miss=10.0% time_limit=0.0% v2v=0.9%
  [PPO ] p_loss=0.1039 v_loss=1.0493 entropy=0.3977 grad=2.9224 active=23.3%
  [SIM ] avg_power(a)=0.4647 rsu_q=19.357 tx=426 no_tx=2 deadlock=0 svc=67.609GHz idle=3.2%
   351    10.6s    0.0028   100.0%   100.0%   100.0%        0%/98%/2%    7.565    0.017     0.0%     0.0%   0.4003  -0.0007    24.2%
   352    13.1s   -0.0380    75.0%    75.0%    94.3%        0%/99%/1%    9.827    0.009    25.0%     0.0%   0.3451   0.0142    24.3%
   353    15.3s   -0.0317    60.0%    60.0%    89.1%        0%/98%/2%    8.117    0.013    40.0%     0.0%   0.3681   0.0431    33.3%
   354     9.3s    0.0203   100.0%   100.0%   100.0%        0%/99%/1%    6.735    0.010     0.0%     0.0%   0.3998   0.0288    24.7%
   355    11.5s   -0.0091    85.0%    85.0%    98.8%        0%/99%/1%    8.500    0.008    15.0%     0.0%   0.4065   0.0414    23.6%
   356     8.6s    0.0185   100.0%   100.0%   100.0%        0%/99%/1%    6.770    0.013     0.0%     0.0%   0.3640   0.0347    26.7%
   357    10.3s    0.0074   100.0%   100.0%   100.0%        0%/99%/1%    7.480    0.012     0.0%     0.0%   0.3233   0.0330    17.2%
   358    11.6s   -0.0062    90.0%    90.0%    98.6%        0%/99%/1%    8.306    0.004    10.0%     0.0%   0.3739   0.0046    22.3%
   359    12.5s   -0.0025    85.0%    85.0%    98.3%        0%/99%/1%    8.888    0.002    15.0%     0.0%   0.4098   0.0233    23.0%
   360    11.3s   -0.0003    95.0%    95.0%    99.8%        0%/99%/1%    8.400    0.008     5.0%     0.0%   0.3872   0.0073    21.1%
  [MA20] reward=-0.0038 task_sr=89.8% miss=10.2% time_limit=0.0% v2v=0.9%
  [PPO ] p_loss=-0.0019 v_loss=0.7645 entropy=0.3872 grad=4.4273 active=22.9%
  [SIM ] avg_power(a)=0.4623 rsu_q=21.916 tx=411 no_tx=0 deadlock=0 svc=79.447GHz idle=2.8%

    Ep    Wall    R/step     T_SR     V_SR     S_SR            L/R/V   Lat(s)       En     Miss      Ill      Ent       KL     Clip
--------------------------------------------------------------------------------------------------------------------------------
   361    10.7s   -0.0240    95.0%    95.0%    99.5%        0%/99%/1%    8.279    0.020     5.0%     0.0%   0.3224   0.0325    23.4%
   362     8.7s    0.0212   100.0%   100.0%   100.0%        0%/99%/1%    6.760    0.009     0.0%     0.0%   0.3545   0.0320    22.4%
   363     9.7s    0.0008   100.0%   100.0%   100.0%        0%/99%/1%    7.355    0.005     0.0%     0.0%   0.2636   0.0120    14.9%
   364    12.0s   -0.0105   100.0%   100.0%   100.0%        0%/99%/1%    8.215    0.005     0.0%     0.0%   0.3361   0.0119    22.5%
   365    14.0s   -0.0259    80.0%    80.0%    94.4%        0%/99%/1%    9.944    0.006    20.0%     0.0%   0.4585   0.0481    24.2%
   366    15.5s   -0.0336    50.0%    50.0%    88.7%        0%/99%/1%    9.570    0.005    50.0%     0.0%   0.3729   0.0518    16.7%
   367    13.4s   -0.0223    80.0%    80.0%    94.3%        0%/98%/2%    8.356    0.010    20.0%     0.0%   0.4233   0.0252    21.5%
   368    13.4s   -0.0360    80.0%    80.0%    98.2%        0%/98%/2%    9.269    0.019    20.0%     0.0%   0.4822   0.0289    22.2%
   369    13.3s   -0.0408    65.0%    65.0%    90.7%        0%/99%/1%    9.415    0.014    35.0%     0.0%   0.4072   0.0380    16.7%
   370    11.0s    0.0050    95.0%    95.0%    99.8%        0%/99%/1%    8.105    0.006     5.0%     0.0%   0.4438   0.0566    19.0%
  [MA20] reward=-0.0102 task_sr=86.8% miss=13.2% time_limit=0.0% v2v=1.0%
  [PPO ] p_loss=0.1277 v_loss=0.8844 entropy=0.4438 grad=12.1570 active=23.2%
  [SIM ] avg_power(a)=0.4646 rsu_q=25.683 tx=415 no_tx=0 deadlock=0 svc=82.373GHz idle=2.0%
   371    11.8s   -0.0398    75.0%    75.0%    98.5%        0%/99%/1%    8.800    0.018    25.0%     0.0%   0.4214   0.0269    23.3%
   372    10.4s   -0.0102    95.0%    95.0%    98.5%        0%/99%/1%    7.953    0.011     5.0%     0.0%   0.3629   0.0259    16.0%
   373    12.4s   -0.0105    95.0%    95.0%    99.8%        0%/99%/1%    8.858    0.014     5.0%     0.0%   0.3966   0.0568    23.6%
   374     9.6s    0.0174    95.0%    95.0%    99.5%       0%/100%/0%    7.047 3.46e-06     5.0%     0.0%   0.3765   0.0157    15.0%
   375    12.3s   -0.0281    85.0%    85.0%    96.8%        0%/99%/1%    9.106    0.016    15.0%     0.0%   0.4228   0.0228    17.8%
   376    10.4s   -0.0070    95.0%    95.0%    99.8%        0%/99%/1%    7.805    0.007     5.0%     0.0%   0.3404   0.0538    19.7%
   377     9.9s   -0.0067   100.0%   100.0%   100.0%        0%/99%/1%    7.485    0.014     0.0%     0.0%   0.3133   0.0800    14.7%
   378    10.8s    0.0039   100.0%   100.0%   100.0%        0%/99%/1%    8.095    0.014     0.0%     0.0%   0.4667   0.0207    23.9%
   379     9.6s    0.0093   100.0%   100.0%   100.0%        0%/99%/0%    6.895    0.011     0.0%     0.0%   0.3435   0.0121    22.3%
   380    10.3s    0.0009    90.0%    90.0%    99.3%        0%/99%/1%    7.439    0.007    10.0%     0.0%   0.3328   0.0093    14.8%
  [MA20] reward=-0.0119 task_sr=88.8% miss=11.2% time_limit=0.0% v2v=0.9%
  [PPO ] p_loss=-0.1049 v_loss=0.8024 entropy=0.3328 grad=1.7517 active=24.8%
  [SIM ] avg_power(a)=0.4642 rsu_q=22.573 tx=407 no_tx=0 deadlock=0 svc=83.065GHz idle=1.9%

    Ep    Wall    R/step     T_SR     V_SR     S_SR            L/R/V   Lat(s)       En     Miss      Ill      Ent       KL     Clip
--------------------------------------------------------------------------------------------------------------------------------
   381    14.5s   -0.0286    70.0%    70.0%    93.3%        0%/99%/1%    9.557    0.012    30.0%     0.0%   0.4707   0.0417    17.5%
   382    14.0s   -0.0423    50.0%    50.0%    90.4%        0%/99%/1%    9.964    0.007    50.0%     0.0%   0.3701   0.0151    21.4%
   383    15.9s   -0.0559    30.0%    30.0%    73.7%        0%/97%/3%   10.614    0.029    70.0%     0.0%   0.4544   0.0152    25.1%
   384    10.1s    0.0011    95.0%    95.0%    99.8%        0%/98%/2%    7.474    0.012     5.0%     0.0%   0.4377   0.0408    26.6%
   385    14.7s   -0.0353    65.0%    65.0%    94.5%        0%/99%/1%    9.186    0.013    35.0%     0.0%   0.4617   0.0145    24.2%
   386    11.9s   -0.0283    75.0%    75.0%    96.2%        0%/98%/1%    7.827    0.016    25.0%     0.0%   0.4973   0.0455    25.0%
   387    11.7s   -0.0016   100.0%   100.0%   100.0%        0%/99%/1%    8.805    0.006     0.0%     0.0%   0.3865   0.0426    18.3%
   388    12.9s   -0.0167    80.0%    80.0%    98.6%        0%/99%/1%    8.656    0.007    20.0%     0.0%   0.4104   0.0180    22.2%
   389    10.9s   -0.0063   100.0%   100.0%   100.0%        0%/99%/1%    8.350    0.013     0.0%     0.0%   0.4325   0.0151    17.9%
   390    12.0s   -0.0172    90.0%    90.0%    98.8%        0%/98%/1%    8.617    0.013    10.0%     0.0%   0.4153   0.0506    17.2%
  [MA20] reward=-0.0151 task_sr=84.2% miss=15.8% time_limit=0.0% v2v=1.0%
  [PPO ] p_loss=0.1225 v_loss=0.7817 entropy=0.4153 grad=1.8335 active=23.7%
  [SIM ] avg_power(a)=0.4725 rsu_q=21.542 tx=409 no_tx=2 deadlock=0 svc=72.620GHz idle=2.5%
   391    12.3s   -0.0381    80.0%    80.0%    92.7%        0%/98%/2%    8.050    0.032    20.0%     0.0%   0.3462   0.0818    28.3%
   392    11.1s    0.0058   100.0%   100.0%   100.0%        0%/99%/1%    7.865    0.004     0.0%     0.0%   0.4515   0.0267    24.4%
   393    12.7s   -0.0298    65.0%    65.0%    95.2%        0%/99%/1%    9.307    0.011    35.0%     0.0%   0.4521   0.0017    23.7%
   394    17.6s   -0.0403    35.0%    35.0%    78.7%        0%/99%/1%   10.386    0.006    65.0%     0.0%   0.4583   0.0204    26.8%
   395    11.6s    0.0026    90.0%    90.0%    97.8%       0%/100%/0%    8.700    0.004    10.0%     0.0%   0.4178   0.0386    28.9%
   396    11.3s   -0.0100    95.0%    95.0%    99.8%        0%/99%/1%    8.689    0.007     5.0%     0.0%   0.4078   0.0020    22.2%
   397    12.1s   -0.0202    75.0%    75.0%    93.6%        0%/99%/1%    8.420    0.005    25.0%     0.0%   0.3722   0.0268    22.7%
   398    10.5s    0.0057    90.0%    90.0%    98.1%       0%/100%/0%    7.300    0.001    10.0%     0.0%   0.3217   0.0446    20.4%
   399    11.2s    0.0079    95.0%    95.0%   100.0%       0%/100%/0%    8.060    0.001     5.0%     0.0%   0.3359   0.0280    22.4%
   400    10.7s    0.0007    95.0%    95.0%   100.0%        0%/99%/0%    8.100    0.007     5.0%     0.0%   0.3722   0.0511    20.6%
  [MA20] reward=-0.0173 task_sr=78.7% miss=21.2% time_limit=0.0% v2v=1.0%
  [PPO ] p_loss=-0.1396 v_loss=0.7911 entropy=0.3722 grad=3.6997 active=25.2%
  [SIM ] avg_power(a)=0.4837 rsu_q=23.768 tx=421 no_tx=1 deadlock=0 svc=86.585GHz idle=2.0%

    Ep    Wall    R/step     T_SR     V_SR     S_SR            L/R/V   Lat(s)       En     Miss      Ill      Ent       KL     Clip
--------------------------------------------------------------------------------------------------------------------------------
   401    13.5s   -0.0158    90.0%    90.0%    98.4%        0%/99%/1%    9.772    0.003    10.0%     0.0%   0.3787   0.0614    21.0%
   402    10.7s   -0.0077   100.0%   100.0%   100.0%        0%/99%/1%    8.105    0.018     0.0%     0.0%   0.3409   0.0572    17.5%
   403    10.8s    0.0037    95.0%    95.0%   100.0%       0%/100%/0%    8.120 1.96e-04     5.0%     0.0%   0.4969   0.0253    22.5%
   404    10.6s    0.0004   100.0%   100.0%   100.0%        0%/99%/1%    8.075    0.010     0.0%     0.0%   0.2640   0.0250    21.2%
   405    13.1s   -0.0285    45.0%    45.0%    88.2%       0%/100%/0%    9.211    0.003    55.0%     0.0%   0.4271   0.0211    27.7%
   406    10.9s   -0.0216    75.0%    75.0%    97.6%        0%/99%/1%    7.993    0.012    25.0%     0.0%   0.3935   0.0199    30.2%
   407     9.8s    0.0071   100.0%   100.0%   100.0%        0%/99%/1%    7.655    0.008     0.0%     0.0%   0.3889   0.0683    33.9%
   408    13.2s   -0.0028    75.0%    75.0%    98.8%        0%/99%/1%    9.181    0.006    25.0%     0.0%   0.4482   0.0098    28.5%
   409    11.2s    0.0002    95.0%    95.0%    99.0%        0%/99%/1%    8.384    0.005     5.0%     0.0%   0.4407   0.0206    30.1%
   410    10.5s   -0.0045    95.0%    95.0%    99.3%        0%/99%/1%    7.789    0.008     5.0%     0.0%   0.3771   0.0272    26.8%
  [MA20] reward=-0.0093 task_sr=84.5% miss=15.5% time_limit=0.0% v2v=0.7%
  [PPO ] p_loss=-0.0079 v_loss=0.5223 entropy=0.3771 grad=0.6657 active=25.8%
  [SIM ] avg_power(a)=0.4741 rsu_q=19.262 tx=422 no_tx=0 deadlock=0 svc=79.443GHz idle=0.9%
   411    13.4s   -0.0238    85.0%    85.0%    98.3%        0%/99%/1%    9.433    0.013    15.0%     0.0%   0.4853   0.0325    27.9%
   412    10.9s   -0.0015    85.0%    85.0%    97.3%       0%/100%/0%    8.133    0.004    15.0%     0.0%   0.3184   0.0247    27.7%
   413    12.2s   -0.0297    70.0%    70.0%    97.8%       0%/100%/0%    9.133    0.004    30.0%     0.0%   0.4881   0.0304    28.1%
   414    10.9s   -0.0092    95.0%    95.0%    98.8%        0%/99%/1%    8.253    0.013     5.0%     0.0%   0.4057   0.0803    18.2%
   415    13.1s   -0.0263    80.0%    80.0%    96.5%        0%/99%/1%    9.462    0.004    20.0%     0.0%   0.3877   0.0466    13.1%
   416    13.1s   -0.0190    75.0%    75.0%    95.4%        0%/99%/1%    8.753    0.006    25.0%     0.0%   0.3867   0.0405    24.4%
   417    13.0s   -0.0183    80.0%    80.0%    97.1%        0%/99%/1%    9.171    0.010    20.0%     0.0%   0.5170  -0.0024    22.4%
   418    11.9s   -0.0121    95.0%    95.0%    99.0%        0%/99%/1%    8.632    0.011     5.0%     0.0%   0.4335   0.0365    17.2%
   419    10.0s    0.0094   100.0%   100.0%   100.0%        0%/99%/1%    7.415    0.003     0.0%     0.0%   0.4230   0.0374    28.8%
   420    11.6s   -0.0038    95.0%    95.0%    99.8%        0%/99%/1%    8.126    0.004     5.0%     0.0%   0.4205   0.0149    25.6%
  [MA20] reward=-0.0102 task_sr=86.5% miss=13.5% time_limit=0.0% v2v=0.7%
  [PPO ] p_loss=0.0444 v_loss=0.3742 entropy=0.4205 grad=1.2944 active=22.3%
  [SIM ] avg_power(a)=0.4670 rsu_q=19.754 tx=418 no_tx=0 deadlock=0 svc=72.595GHz idle=3.4%

    Ep    Wall    R/step     T_SR     V_SR     S_SR            L/R/V   Lat(s)       En     Miss      Ill      Ent       KL     Clip
--------------------------------------------------------------------------------------------------------------------------------
   421    12.5s   -0.0160    85.0%    85.0%    96.9%        0%/99%/1%    9.053    0.009    15.0%     0.0%   0.3616   0.0325    14.5%
   422    11.0s   -0.0107    95.0%    95.0%    98.8%        0%/98%/1%    8.495    0.017     5.0%     0.0%   0.3979  -0.0024    23.7%
   423    12.9s   -0.0238    60.0%    60.0%    90.1%        0%/99%/1%    8.283    0.006    40.0%     0.0%   0.3641   0.0202    26.8%
   424    10.7s   -0.0050   100.0%   100.0%   100.0%        0%/99%/1%    8.235    0.011     0.0%     0.0%   0.4277   0.0467    19.4%
   425    12.2s   -0.0231    85.0%    85.0%    99.3%       0%/100%/0%    8.841 4.20e-04    15.0%     0.0%   0.4142   0.0225    21.6%
   426    11.5s   -0.0239    90.0%    90.0%    97.8%        0%/99%/1%    8.400    0.002    10.0%     0.0%   0.4054   0.0976    28.3%
   427     9.6s    0.0093   100.0%   100.0%   100.0%       0%/100%/0%    7.155    0.009     0.0%     0.0%   0.3464   0.0255    17.4%
   428    13.8s   -0.0438    45.0%    45.0%    87.6%       0%/100%/0%    9.022 4.69e-04    55.0%     0.0%   0.2900   0.0282    16.2%
   429    10.0s    0.0100   100.0%   100.0%   100.0%        0%/99%/1%    7.385    0.006     0.0%     0.0%   0.3472   0.0433    17.6%
   430    12.1s   -0.0062    75.0%    75.0%    94.8%       0%/100%/0%    7.953    0.005    25.0%     0.0%   0.3723   0.0137    21.8%
  [MA20] reward=-0.0134 task_sr=84.7% miss=15.2% time_limit=0.0% v2v=0.7%
  [PPO ] p_loss=-0.0289 v_loss=0.7666 entropy=0.3723 grad=4.5805 active=21.9%
  [SIM ] avg_power(a)=0.4819 rsu_q=22.673 tx=390 no_tx=0 deadlock=0 svc=71.041GHz idle=0.9%
   431    10.2s    0.0143    95.0%    95.0%    98.8%       0%/100%/0%    7.232    0.001     5.0%     0.0%   0.4061   0.0409    21.5%
   432    10.5s    0.0079   100.0%   100.0%   100.0%       0%/100%/0%    7.895    0.001     0.0%     0.0%   0.4561   0.0402    28.6%
   433    10.4s   -0.0040   100.0%   100.0%   100.0%        0%/99%/0%    7.800    0.004     0.0%     0.0%   0.4179   0.0279    25.7%
   434    12.9s   -0.0063    90.0%    90.0%    97.4%        0%/99%/1%    9.383    0.005    10.0%     0.0%   0.4207   0.0736    34.5%
   435    11.5s   -0.0102    85.0%    85.0%    98.1%        0%/99%/1%    8.406    0.013    15.0%     0.0%   0.4420   0.0481    25.6%
   436    12.1s   -0.0259    95.0%    95.0%    98.5%        0%/99%/1%    9.063    0.009     5.0%     0.0%   0.3735   0.0152    22.2%
   437    13.1s   -0.0125    90.0%    90.0%    97.1%        0%/99%/1%    8.928    0.007    10.0%     0.0%   0.3593   0.0358    23.6%
   438    10.4s   -0.0074   100.0%   100.0%   100.0%        0%/99%/1%    7.900    0.005     0.0%     0.0%   0.2904   0.0302    16.7%
   439    11.0s   -0.0065    90.0%    90.0%    99.8%       0%/100%/0%    8.263    0.003    10.0%     0.0%   0.3872  -0.0056    19.8%
   440    12.0s   -0.0198    90.0%    90.0%    96.6%       0%/100%/0%    8.239    0.003    10.0%     0.0%   0.2986   0.0302    19.3%
  [MA20] reward=-0.0102 task_sr=88.5% miss=11.5% time_limit=0.0% v2v=0.6%
  [PPO ] p_loss=0.1123 v_loss=0.6857 entropy=0.2986 grad=3.0724 active=23.6%
  [SIM ] avg_power(a)=0.4701 rsu_q=20.421 tx=401 no_tx=0 deadlock=0 svc=71.015GHz idle=7.4%

    Ep    Wall    R/step     T_SR     V_SR     S_SR            L/R/V   Lat(s)       En     Miss      Ill      Ent       KL     Clip
--------------------------------------------------------------------------------------------------------------------------------
   441    12.6s    0.0024    85.0%    85.0%    96.9%        0%/99%/1%    8.741    0.004    15.0%     0.0%   0.3867   0.0386    20.8%
   442    11.8s   -0.0241    80.0%    80.0%    96.6%       0%/100%/0%    9.112    0.002    20.0%     0.0%   0.4114   0.0127    22.7%
   443    10.6s   -0.0035    90.0%    90.0%    98.8%        0%/99%/0%    7.961    0.005    10.0%     0.0%   0.4436   0.0089    23.3%
   444    13.0s   -0.0100    75.0%    75.0%    98.0%       0%/100%/0%    9.118    0.006    25.0%     0.0%   0.4756   0.0592    19.6%
   445     8.8s    0.0202   100.0%   100.0%   100.0%       0%/100%/0%    7.015    0.002     0.0%     0.0%   0.3388   0.0112    16.9%
   446    11.2s   -0.0143   100.0%   100.0%   100.0%        0%/99%/1%    8.640    0.005     0.0%     0.0%   0.3373   0.0089    21.8%
   447    10.7s   -0.0006   100.0%   100.0%   100.0%       0%/100%/0%    8.275    0.001     0.0%     0.0%   0.5068   0.0065    29.7%
   448    10.2s    0.0028    95.0%    95.0%    99.5%        0%/99%/1%    7.484    0.005     5.0%     0.0%   0.2409   0.0681    19.0%
   449    13.1s   -0.0326    85.0%    85.0%    96.0%        0%/99%/1%    9.982    0.017    15.0%     0.0%   0.3830   0.0495    20.9%
   450    13.4s   -0.0266    70.0%    70.0%    91.8%       0%/100%/0%    9.040    0.002    30.0%     0.0%   0.3668   0.0171    23.8%
  [MA20] reward=-0.0078 task_sr=90.8% miss=9.2% time_limit=0.0% v2v=0.5%
  [PPO ] p_loss=-0.1010 v_loss=1.1524 entropy=0.3668 grad=2.8023 active=24.4%
  [SIM ] avg_power(a)=0.4607 rsu_q=20.231 tx=384 no_tx=0 deadlock=0 svc=63.814GHz idle=3.8%
   451    11.3s   -0.0012    95.0%    95.0%    99.5%        0%/99%/1%    8.042    0.011     5.0%     0.0%   0.3564   0.0617    19.6%
   452    14.2s   -0.0196    70.0%    70.0%    93.4%        0%/99%/1%    9.793    0.006    30.0%     0.0%   0.4177   0.0295    19.0%
   453    13.1s    0.0033    95.0%    95.0%    99.5%        0%/99%/0%    8.842    0.002     5.0%     0.0%   0.3501   0.0216    20.4%
   454    13.2s   -0.0280    70.0%    70.0%    94.6%       0%/100%/0%    8.950    0.005    30.0%     0.0%   0.3715  -0.0063    25.6%
   455    12.3s   -0.0214    80.0%    80.0%    98.6%       0%/100%/0%    9.537    0.003    20.0%     0.0%   0.4169   0.0225    23.3%
   456    12.9s   -0.0003    80.0%    80.0%    98.8%        0%/99%/1%    9.118    0.002    20.0%     0.0%   0.4129   0.0103    28.7%
   457    11.1s    0.0032    90.0%    90.0%    99.3%       0%/100%/0%    8.328    0.002    10.0%     0.0%   0.3800   0.0213    22.8%
   458    10.3s   -0.0005    95.0%    95.0%    99.5%       0%/100%/0%    7.926    0.003     5.0%     0.0%   0.3712   0.0525    19.4%
   459    11.8s   -0.0044    95.0%    95.0%    99.0%        0%/99%/1%    8.737    0.008     5.0%     0.0%   0.4012   0.0668    33.8%
   460    11.1s   -0.0133   100.0%   100.0%   100.0%        0%/99%/1%    8.275    0.015     0.0%     0.0%   0.3819   0.0175    23.2%
  [MA20] reward=-0.0084 task_sr=87.5% miss=12.5% time_limit=0.0% v2v=0.6%
  [PPO ] p_loss=-0.0184 v_loss=0.4713 entropy=0.3819 grad=1.4386 active=27.3%
  [SIM ] avg_power(a)=0.4636 rsu_q=24.058 tx=430 no_tx=0 deadlock=0 svc=87.698GHz idle=1.9%

    Ep    Wall    R/step     T_SR     V_SR     S_SR            L/R/V   Lat(s)       En     Miss      Ill      Ent       KL     Clip
--------------------------------------------------------------------------------------------------------------------------------
   461    10.4s    0.0026    95.0%    95.0%    99.8%        0%/99%/1%    7.684    0.005     5.0%     0.0%   0.3903   0.0158    26.3%
   462    12.7s   -0.0112    75.0%    75.0%    96.7%       0%/100%/0%    9.020    0.005    25.0%     0.0%   0.4615   0.0740    25.0%
   463    11.5s   -0.0117    95.0%    95.0%    99.8%        0%/99%/1%    8.153    0.014     5.0%     0.0%   0.3580   0.0075    19.3%
   464    17.4s   -0.0534    20.0%    20.0%    77.1%        0%/99%/1%   10.200    0.011    80.0%     0.0%   0.3689   0.0589    21.1%
   465    11.3s    0.0144   100.0%   100.0%   100.0%       0%/100%/0%    8.360 9.78e-04     0.0%     0.0%   0.3957   0.0355    22.4%
   466    11.6s   -0.0103    85.0%    85.0%    98.4%        0%/99%/1%    8.400    0.003    15.0%     0.0%   0.2858   0.0209    14.2%
   467    12.1s   -0.0033    80.0%    80.0%    98.1%        0%/99%/1%    8.719    0.004    20.0%     0.0%   0.3425   0.0246    26.5%
   468    12.5s   -0.0290    95.0%    95.0%    99.8%        0%/99%/1%    9.326    0.003     5.0%     0.0%   0.2564   0.0053    18.2%
   469    11.6s   -0.0040    95.0%    95.0%    99.3%        0%/99%/0%    8.611    0.004     5.0%     0.0%   0.4286   0.0411    23.9%
   470    11.8s   -0.0129    85.0%    85.0%    98.3%       0%/100%/0%    8.624 2.47e-04    15.0%     0.0%   0.3577   0.0175    21.4%
  [MA20] reward=-0.0101 task_sr=84.7% miss=15.2% time_limit=0.0% v2v=0.6%
  [PPO ] p_loss=-0.0006 v_loss=0.6114 entropy=0.3577 grad=1.1988 active=27.0%
  [SIM ] avg_power(a)=0.4509 rsu_q=23.896 tx=406 no_tx=0 deadlock=0 svc=76.358GHz idle=1.9%
   471    12.4s   -0.0101    90.0%    90.0%    98.6%        0%/99%/1%    8.900    0.003    10.0%     0.0%   0.2744   0.0449    21.1%
   472    12.2s   -0.0070    80.0%    80.0%    94.3%       0%/100%/0%    8.600 2.86e-04    20.0%     0.0%   0.3837   0.0991    25.5%
   473    11.1s    0.0026   100.0%   100.0%   100.0%       0%/100%/0%    8.225    0.004     0.0%     0.0%   0.4034   0.0213    21.1%
   474    13.6s   -0.0173    80.0%    80.0%    97.5%       0%/100%/0%    9.459    0.001    20.0%     0.0%   0.4780   0.0619    26.7%
   475    12.1s   -0.0154    90.0%    90.0%    99.0%       0%/100%/0%    8.389    0.003    10.0%     0.0%   0.3626   0.0486    20.3%
   476    10.5s   -0.0042    95.0%    95.0%    99.5%       0%/100%/0%    7.984    0.005     5.0%     0.0%   0.3580   0.0057    32.4%
   477    10.4s   -0.0107    90.0%    90.0%    99.8%       0%/100%/0%    7.858 3.52e-06    10.0%     0.0%   0.3035   0.0313    21.5%
   478    11.7s    0.0029    95.0%    95.0%    99.3%       0%/100%/0%    8.332 7.56e-04     5.0%     0.0%   0.3445   0.0163    26.7%
   479    12.4s   -0.0338    60.0%    60.0%    91.3%        0%/99%/1%    8.833    0.008    40.0%     0.0%   0.3292   0.0437    24.6%
   480    10.5s   -0.0039    95.0%    95.0%    98.2%        1%/99%/0%    7.400    0.002     5.0%     0.0%   0.2885   0.0407    25.8%
  [MA20] reward=-0.0108 task_sr=85.0% miss=15.0% time_limit=0.0% v2v=0.4%
  [PPO ] p_loss=-0.1171 v_loss=0.5534 entropy=0.2885 grad=1.1826 active=23.8%
  [SIM ] avg_power(a)=0.4501 rsu_q=18.278 tx=382 no_tx=3 deadlock=0 svc=73.437GHz idle=5.6%

    Ep    Wall    R/step     T_SR     V_SR     S_SR            L/R/V   Lat(s)       En     Miss      Ill      Ent       KL     Clip
--------------------------------------------------------------------------------------------------------------------------------
   481    14.3s   -0.0188    90.0%    90.0%    96.3%       0%/100%/0%    9.333    0.002    10.0%     0.0%   0.3227   0.0163    11.2%
   482     9.4s    0.0144   100.0%   100.0%   100.0%       0%/100%/0%    7.380 3.83e-04     0.0%     0.0%   0.3646   0.0382    30.0%
   483    14.3s   -0.0280    40.0%    40.0%    77.7%       0%/100%/0%    7.075 3.62e-04    60.0%     0.0%   0.3448   0.0290    23.8%
   484     9.9s    0.0062   100.0%   100.0%   100.0%        0%/99%/1%    7.130    0.007     0.0%     0.0%   0.2899   0.0525    16.4%
   485    11.2s    0.0034    95.0%    95.0%    99.8%       0%/100%/0%    7.621    0.002     5.0%     0.0%   0.3484   0.0355    25.0%
   486    15.3s   -0.0262    70.0%    70.0%    91.5%       0%/100%/0%    8.707 5.69e-04    30.0%     0.0%   0.3490   0.0102    27.9%
   487     9.2s    0.0190   100.0%   100.0%   100.0%       0%/100%/0%    6.940    0.002     0.0%     0.0%   0.3080   0.0207    21.4%
   488    16.4s   -0.0274    45.0%    45.0%    88.5%       0%/100%/0%    9.844    0.002    55.0%     0.0%   0.4186   0.0475    29.1%
   489    11.3s    0.0029   100.0%   100.0%   100.0%        0%/99%/1%    8.465    0.004     0.0%     0.0%   0.3354   0.0497    27.1%
   490    10.3s    0.0015    95.0%    95.0%   100.0%       0%/100%/0%    7.955 3.33e-06     5.0%     0.0%   0.4263   0.0430    26.1%
  [MA20] reward=-0.0075 task_sr=85.5% miss=14.5% time_limit=0.0% v2v=0.3%
  [PPO ] p_loss=0.1120 v_loss=0.3979 entropy=0.4263 grad=1.8626 active=27.1%
  [SIM ] avg_power(a)=0.4502 rsu_q=23.102 tx=417 no_tx=0 deadlock=0 svc=86.309GHz idle=1.0%
   491     9.6s    0.0123    95.0%    95.0%    98.6%       0%/100%/0%    7.411    0.003     5.0%     0.0%   0.3874   0.0405    31.6%
   492    10.8s    0.0060    90.0%    90.0%    99.3%        0%/99%/1%    8.011    0.005    10.0%     0.0%   0.2789   0.0424    14.0%
   493     9.0s    0.0193   100.0%   100.0%   100.0%       0%/100%/0%    7.100 4.51e-04     0.0%     0.0%   0.3480   0.0101    23.1%
   494    12.3s   -0.0025    75.0%    75.0%    98.5%       0%/100%/0%    8.656 2.39e-06    25.0%     0.0%   0.4284   0.0167    26.1%
   495    16.2s   -0.0574    25.0%    25.0%    75.7%       0%/100%/0%    8.960    0.002    75.0%     0.0%   0.3181   0.0302    18.8%
   496    13.8s   -0.0074    70.0%    70.0%    95.3%       0%/100%/0%    9.336    0.002    30.0%     0.0%   0.4019   0.0279    16.7%
   497    11.1s    0.0149    95.0%    95.0%    99.5%       0%/100%/0%    7.411 7.37e-04     5.0%     0.0%   0.4162   0.0428    22.0%
   498    11.0s    0.0081   100.0%   100.0%   100.0%       0%/100%/0%    7.850    0.006     0.0%     0.0%   0.3618   0.0343    22.8%
   499     9.6s    0.0269   100.0%   100.0%   100.0%       0%/100%/0%    6.985 1.84e-06     0.0%     0.0%   0.3712   0.0350    20.5%
   500     9.2s    0.0196   100.0%   100.0%   100.0%       0%/100%/0%    6.905    0.005     0.0%     0.0%   0.2952   0.0331    13.3%
  [MA20] reward=-0.0007 task_sr=84.2% miss=15.8% time_limit=0.0% v2v=0.3%
  [PPO ] p_loss=-0.0834 v_loss=0.5486 entropy=0.2952 grad=1.0751 active=27.1%
  [SIM ] avg_power(a)=0.4542 rsu_q=23.200 tx=430 no_tx=0 deadlock=0 svc=101.520GHz idle=5.6%

    Ep    Wall    R/step     T_SR     V_SR     S_SR            L/R/V   Lat(s)       En     Miss      Ill      Ent       KL     Clip
--------------------------------------------------------------------------------------------------------------------------------
   501    12.2s   -0.0109    80.0%    80.0%    97.8%       0%/100%/0%    8.587 3.87e-04    20.0%     0.0%   0.3099   0.0572    34.6%
   502    12.0s   -0.0115    95.0%    95.0%    98.6%       0%/100%/0%    8.663    0.005     5.0%     0.0%   0.3615   0.0216    23.5%
   503    14.1s   -0.0149    85.0%    85.0%    99.3%       0%/100%/0%    9.922    0.003    15.0%     0.0%   0.4633   0.0321    31.0%
   504    11.6s    0.0070   100.0%   100.0%   100.0%       0%/100%/0%    8.500 3.38e-06     0.0%     0.0%   0.3171   0.0479    10.5%
   505    12.2s   -0.0098    65.0%    65.0%    96.4%       0%/100%/0%    8.915 2.71e-04    35.0%     0.0%   0.3285   0.0461    20.5%
   506    13.2s   -0.0276    80.0%    80.0%    97.0%       0%/100%/0%    9.682    0.003    20.0%     0.0%   0.3536   0.0415    22.5%
   507    14.8s   -0.0365    50.0%    50.0%    85.2%       0%/100%/0%    9.460 4.02e-04    50.0%     0.0%   0.3618   0.0442    22.2%
   508     9.7s    0.0132   100.0%   100.0%   100.0%       0%/100%/0%    7.715 8.78e-04     0.0%     0.0%   0.2757   0.0244    23.6%
   509    13.4s   -0.0191    65.0%    65.0%    92.2%       0%/100%/0%    9.308 2.15e-04    35.0%     0.0%   0.3309   0.0279    28.0%
   510    13.4s   -0.0263    60.0%    60.0%    96.2%       0%/100%/0%    8.267    0.002    40.0%     0.0%   0.3525   0.0099    26.9%
  [MA20] reward=-0.0048 task_sr=81.5% miss=18.5% time_limit=0.0% v2v=0.2%
  [PPO ] p_loss=-0.0470 v_loss=1.3602 entropy=0.3525 grad=3.9047 active=25.0%
  [SIM ] avg_power(a)=0.4352 rsu_q=19.933 tx=417 no_tx=0 deadlock=0 svc=68.297GHz idle=6.0%
   511    12.3s   -0.0047    80.0%    80.0%    96.9%       0%/100%/0%    8.481    0.002    20.0%     0.0%   0.4276   0.0225    25.5%
   512    12.1s   -0.0142    95.0%    95.0%   100.0%       0%/100%/0%    9.420    0.004     5.0%     0.0%   0.2576   0.0448    29.5%
   513    10.9s   -0.0079   100.0%   100.0%   100.0%        0%/99%/1%    7.950    0.009     0.0%     0.0%   0.3429   0.0223    15.9%
   514    10.3s    0.0097   100.0%   100.0%   100.0%       0%/100%/0%    7.730 3.82e-04     0.0%     0.0%   0.3697   0.0750    30.5%
   515    10.5s    0.0049   100.0%   100.0%   100.0%       0%/100%/0%    7.535    0.001     0.0%     0.0%   0.3250   0.0512    20.9%
   516    11.3s   -0.0046    95.0%    95.0%    99.8%       0%/100%/0%    8.321    0.004     5.0%     0.0%   0.2682   0.0397    18.6%
   517    10.7s   -0.0034    95.0%    95.0%    99.8%        0%/99%/1%    7.984    0.007     5.0%     0.0%   0.3281   0.0313    19.6%
   518    10.5s    0.0041   100.0%   100.0%   100.0%       0%/100%/0%    7.830    0.005     0.0%     0.0%   0.3385   0.0483    20.3%
   519    11.5s    0.0040   100.0%   100.0%   100.0%        0%/99%/1%    8.095    0.007     0.0%     0.0%   0.3518   0.0320    25.0%
   520    13.2s   -0.0163    90.0%    90.0%    99.3%        0%/99%/1%    9.411    0.006    10.0%     0.0%   0.3460   0.0421    18.8%
  [MA20] reward=-0.0082 task_sr=86.8% miss=13.2% time_limit=0.0% v2v=0.3%
  [PPO ] p_loss=-0.1138 v_loss=0.4880 entropy=0.3460 grad=0.9420 active=22.3%
  [SIM ] avg_power(a)=0.4285 rsu_q=20.891 tx=420 no_tx=0 deadlock=0 svc=71.637GHz idle=4.7%

    Ep    Wall    R/step     T_SR     V_SR     S_SR            L/R/V   Lat(s)       En     Miss      Ill      Ent       KL     Clip
--------------------------------------------------------------------------------------------------------------------------------
   521     9.2s    0.0192   100.0%   100.0%   100.0%        0%/99%/1%    6.985    0.004     0.0%     0.0%   0.2848   0.0068    23.6%
   522    13.7s   -0.0256    65.0%    65.0%    91.5%       0%/100%/0%    9.338    0.004    35.0%     0.0%   0.3911   0.0238    20.6%
   523    11.0s   -0.0022    95.0%    95.0%    99.5%       0%/100%/0%    7.626    0.002     5.0%     0.0%   0.2818   0.0360    17.7%
   524    12.0s   -0.0105    70.0%    70.0%    95.7%        0%/99%/1%    7.700    0.007    30.0%     0.0%   0.2241   0.0337    14.5%
   525    11.1s    0.0069   100.0%   100.0%   100.0%        0%/99%/1%    8.345 9.43e-04     0.0%     0.0%   0.3492   0.0279    25.0%
   526     8.9s    0.0093   100.0%   100.0%   100.0%        0%/99%/1%    7.045    0.009     0.0%     0.0%   0.3376   0.0216    22.5%
   527    12.2s   -0.0142    75.0%    75.0%    97.6%       0%/100%/0%    8.669 3.30e-04    25.0%     0.0%   0.4062   0.0391    25.0%
   528    11.1s    0.0072   100.0%   100.0%   100.0%       0%/100%/0%    8.255 2.30e-06     0.0%     0.0%   0.3161   0.0269    17.7%
   529    11.2s   -0.0076    95.0%    95.0%    99.5%        0%/99%/1%    8.184    0.011     5.0%     0.0%   0.3627   0.0158    22.4%
   530    13.1s   -0.0321    75.0%    75.0%    96.6%        0%/99%/1%    9.444    0.009    25.0%     0.0%   0.2706   0.0473    14.7%
  [MA20] reward=-0.0039 task_sr=91.5% miss=8.5% time_limit=0.0% v2v=0.4%
  [PPO ] p_loss=-0.0160 v_loss=1.0380 entropy=0.2706 grad=2.3093 active=26.1%
  [SIM ] avg_power(a)=0.4282 rsu_q=24.198 tx=401 no_tx=0 deadlock=0 svc=68.850GHz idle=0.9%
   531    13.0s   -0.0252    65.0%    65.0%    95.7%        0%/99%/1%    9.069    0.006    35.0%     0.0%   0.3933   0.0537    18.8%
   532    10.0s   -0.0065   100.0%   100.0%   100.0%       0%/100%/0%    7.890    0.002     0.0%     0.0%   0.3085   0.0106    22.6%
   533    13.3s   -0.0272    70.0%    70.0%    91.9%        0%/99%/1%    8.157    0.007    30.0%     0.0%   0.2241   0.0359    18.2%
   534    11.7s   -0.0188    75.0%    75.0%    97.8%        0%/99%/1%    8.680    0.007    25.0%     0.0%   0.3757   0.0547    30.0%
   535    10.8s    0.0027   100.0%   100.0%   100.0%       0%/100%/0%    7.910    0.004     0.0%     0.0%   0.3707   0.0001    26.1%
   536    11.5s   -0.0020    90.0%    90.0%    98.1%       0%/100%/0%    8.444 2.31e-06    10.0%     0.0%   0.3650   0.0497    28.1%
   537    11.4s   -0.0013    95.0%    95.0%    99.8%       0%/100%/0%    8.647    0.003     5.0%     0.0%   0.4303   0.0317    21.0%
   538    13.8s   -0.0125    70.0%    70.0%    95.3%        0%/99%/1%    9.243    0.003    30.0%     0.0%   0.3982   0.0297    15.4%
   539    13.5s   -0.0364    65.0%    65.0%    91.7%        0%/99%/0%    9.462    0.003    35.0%     0.0%   0.3224   0.0263    22.4%
   540    11.4s   -0.0058    95.0%    95.0%    99.1%        0%/99%/1%    8.800    0.007     5.0%     0.0%   0.4632   0.0804    35.4%
  [MA20] reward=-0.0091 task_sr=85.0% miss=15.0% time_limit=0.0% v2v=0.5%
  [PPO ] p_loss=-0.2001 v_loss=0.4360 entropy=0.4632 grad=3.0649 active=23.9%
  [SIM ] avg_power(a)=0.4182 rsu_q=26.571 tx=421 no_tx=0 deadlock=0 svc=82.042GHz idle=2.9%

    Ep    Wall    R/step     T_SR     V_SR     S_SR            L/R/V   Lat(s)       En     Miss      Ill      Ent       KL     Clip
--------------------------------------------------------------------------------------------------------------------------------
   541    13.2s   -0.0375    60.0%    60.0%    92.0%       0%/100%/0%    9.375    0.003    40.0%     0.0%   0.3769   0.0582    27.4%
   542    15.6s   -0.0229    70.0%    70.0%    93.5%       0%/100%/0%    9.493    0.005    30.0%     0.0%   0.3971   0.0374    17.0%
   543    14.8s   -0.0109    40.0%    40.0%    90.7%       0%/100%/0%    9.175    0.002    60.0%     0.0%   0.3147   0.0422    14.7%
   544    11.6s   -0.0022    80.0%    80.0%    94.8%        0%/99%/1%    8.237    0.004    20.0%     0.0%   0.2927   0.0234    18.8%
   545     9.5s    0.0077    95.0%    95.0%    99.5%        0%/99%/1%    7.142    0.003     5.0%     0.0%   0.3116   0.0217    22.2%
   546    11.0s    0.0009   100.0%   100.0%   100.0%       0%/100%/0%    8.080 2.62e-06     0.0%     0.0%   0.3443   0.0832    25.4%
   547    10.0s    0.0108   100.0%   100.0%   100.0%       0%/100%/0%    7.655    0.004     0.0%     0.0%   0.4150   0.0414    20.3%
   548    10.1s    0.0067    95.0%    95.0%   100.0%        0%/99%/1%    7.460    0.004     5.0%     0.0%   0.3641   0.0196    20.1%
   549    11.1s    0.0096    95.0%    95.0%    99.8%       0%/100%/0%    8.100 2.29e-06     5.0%     0.0%   0.3063   0.0156    20.5%
   550    13.9s   -0.0294    65.0%    65.0%    96.5%       0%/100%/0%    9.246    0.004    35.0%     0.0%   0.3035   0.0487    18.7%
  [MA20] reward=-0.0100 task_sr=81.2% miss=18.7% time_limit=0.0% v2v=0.4%
  [PPO ] p_loss=0.0223 v_loss=2.0137 entropy=0.3035 grad=6.5941 active=24.4%
  [SIM ] avg_power(a)=0.4183 rsu_q=22.287 tx=412 no_tx=0 deadlock=0 svc=63.957GHz idle=2.2%
   551    13.4s   -0.0258    70.0%    70.0%    93.6%       0%/100%/0%    9.067    0.001    30.0%     0.0%   0.2669   0.0547    13.0%
   552    11.7s    0.0075    85.0%    85.0%    99.3%       0%/100%/0%    8.256    0.002    15.0%     0.0%   0.4946   0.0237    28.9%
   553     8.4s    0.0273   100.0%   100.0%   100.0%       0%/100%/0%    6.720 2.99e-06     0.0%     0.0%   0.2799   0.0002    19.1%
   554    12.1s   -0.0108    90.0%    90.0%    99.1%       0%/100%/0%    8.389    0.002    10.0%     0.0%   0.3041   0.0530    18.6%
   555     9.3s    0.0131   100.0%   100.0%   100.0%       0%/100%/0%    7.015    0.007     0.0%     0.0%   0.3510   0.0788    20.6%
   556    12.6s   -0.0078   100.0%   100.0%   100.0%       0%/100%/0%    8.800    0.002     0.0%     0.0%   0.3307   0.0102    19.3%
   557    12.0s   -0.0031   100.0%   100.0%   100.0%        0%/99%/1%    8.370    0.005     0.0%     0.0%   0.4093   0.0282    21.7%
   558    12.2s   -0.0202    75.0%    75.0%    91.8%       0%/100%/0%    7.267 2.31e-04    25.0%     0.0%   0.2583   0.0254     5.1%
   559    14.2s   -0.0137    60.0%    60.0%    94.0%       0%/100%/0%    9.992    0.002    40.0%     0.0%   0.3822   0.0181    22.9%
   560    10.9s   -0.0090   100.0%   100.0%   100.0%       0%/100%/0%    8.865    0.003     0.0%     0.0%   0.3409   0.0125    22.0%
  [MA20] reward=-0.0055 task_sr=84.0% miss=16.0% time_limit=0.0% v2v=0.3%
  [PPO ] p_loss=0.1661 v_loss=0.7121 entropy=0.3409 grad=1.7326 active=26.6%
  [SIM ] avg_power(a)=0.4387 rsu_q=24.267 tx=422 no_tx=0 deadlock=0 svc=83.517GHz idle=1.0%

    Ep    Wall    R/step     T_SR     V_SR     S_SR            L/R/V   Lat(s)       En     Miss      Ill      Ent       KL     Clip
--------------------------------------------------------------------------------------------------------------------------------
   561    10.6s   -0.0041    90.0%    90.0%    98.8%       0%/100%/0%    7.761    0.007    10.0%     0.0%   0.3690   0.0154    27.6%
   562    11.1s   -0.0114    90.0%    90.0%    98.3%        0%/99%/1%    8.367    0.013    10.0%     0.0%   0.2114   0.0207    13.7%
   563    12.1s   -0.0024    80.0%    80.0%    97.1%       0%/100%/0%    8.737 2.19e-04    20.0%     0.0%   0.3956   0.0227    23.3%
   564    10.8s    0.0070    95.0%    95.0%    99.5%       0%/100%/0%    7.753    0.007     5.0%     0.0%   0.2607   0.0359    11.9%
   565     9.6s    0.0134   100.0%   100.0%   100.0%       0%/100%/0%    7.125    0.004     0.0%     0.0%   0.3381   0.0213    15.7%
   566    11.2s   -0.0014   100.0%   100.0%   100.0%       0%/100%/0%    8.125    0.001     0.0%     0.0%   0.2411   0.0205     7.5%
   567    11.9s   -0.0011    80.0%    80.0%    97.0%       0%/100%/0%    8.319    0.003    20.0%     0.0%   0.2164   0.0158    18.0%
   568     9.7s    0.0132   100.0%   100.0%   100.0%       0%/100%/0%    7.535    0.004     0.0%     0.0%   0.3077   0.0121    27.2%
   569     9.5s    0.0134   100.0%   100.0%   100.0%       0%/100%/0%    7.535 2.93e-06     0.0%     0.0%   0.2720   0.0107    20.1%
   570    11.7s   -0.0110    75.0%    75.0%    97.6%       0%/100%/0%    8.094    0.002    25.0%     0.0%   0.3562   0.0009    20.7%
  [MA20] reward=-0.0013 task_sr=89.5% miss=10.5% time_limit=0.0% v2v=0.3%
  [PPO ] p_loss=0.0758 v_loss=0.8894 entropy=0.3562 grad=1.9331 active=25.9%
  [SIM ] avg_power(a)=0.4218 rsu_q=20.614 tx=418 no_tx=1 deadlock=0 svc=73.806GHz idle=1.8%
   571    10.4s    0.0009   100.0%   100.0%   100.0%       0%/100%/0%    7.860    0.005     0.0%     0.0%   0.3563  -0.0018    18.7%
   572    14.0s   -0.0338    45.0%    45.0%    85.9%       0%/100%/0%    7.744    0.003    55.0%     0.0%   0.2496   0.0354    16.1%
   573    12.7s   -0.0273    65.0%    65.0%    90.4%       0%/100%/0%    7.454    0.006    35.0%     0.0%   0.3065   0.0333    14.0%
   574    11.8s   -0.0013    90.0%    90.0%    99.1%        0%/99%/1%    8.450    0.006    10.0%     0.0%   0.4389   0.0303    35.0%
   575    12.7s   -0.0191    60.0%    60.0%    93.5%       0%/100%/0%    8.615    0.003    40.0%     0.0%   0.2962   0.0422    20.6%
   576    11.9s    0.0000    85.0%    85.0%    98.9%        0%/99%/1%    8.476    0.003    15.0%     0.0%   0.3674   0.0040    21.2%
   577     9.2s    0.0210   100.0%   100.0%   100.0%       0%/100%/0%    7.150    0.007     0.0%     0.0%   0.3779   0.0369    18.7%
   578    14.2s   -0.0435    35.0%    35.0%    90.4%       0%/100%/0%   10.486    0.004    65.0%     0.0%   0.2539   0.0429    12.7%
   579    15.7s   -0.0268    45.0%    45.0%    88.2%        0%/99%/1%   11.078    0.005    55.0%     0.0%   0.3962   0.0108    20.9%
   580    12.7s   -0.0120    60.0%    60.0%    96.5%       0%/100%/0%    8.733    0.003    40.0%     0.0%   0.3633   0.0199    22.2%
  [MA20] reward=-0.0063 task_sr=79.8% miss=20.3% time_limit=0.0% v2v=0.3%
  [PPO ] p_loss=0.1138 v_loss=1.1971 entropy=0.3633 grad=1.7799 active=23.6%
  [SIM ] avg_power(a)=0.4182 rsu_q=25.983 tx=422 no_tx=0 deadlock=0 svc=73.457GHz idle=1.7%

    Ep    Wall    R/step     T_SR     V_SR     S_SR            L/R/V   Lat(s)       En     Miss      Ill      Ent       KL     Clip
--------------------------------------------------------------------------------------------------------------------------------
   581    11.4s   -0.0107    85.0%    85.0%    98.8%       0%/100%/0%    7.865    0.002    15.0%     0.0%   0.3477   0.0401    22.2%
   582    10.4s   -0.0012    90.0%    90.0%    99.5%       0%/100%/0%    8.072    0.006    10.0%     0.0%   0.2652   0.0552    12.5%
   583    11.9s   -0.0087    95.0%    95.0%   100.0%       0%/100%/0%    8.875 3.01e-06     5.0%     0.0%   0.4315   0.0265    22.6%
   584    10.1s    0.0045    95.0%    95.0%    99.5%        0%/99%/1%    7.411    0.008     5.0%     0.0%   0.3594   0.0605    23.1%
   585    13.2s   -0.0182    75.0%    75.0%    93.4%       0%/100%/0%    8.533    0.003    25.0%     0.0%   0.3026   0.0232    22.1%
   586    11.1s    0.0040    85.0%    85.0%    98.8%       0%/100%/0%    8.100    0.002    15.0%     0.0%   0.4158   0.0360    15.4%
   587    11.0s    0.0046   100.0%   100.0%   100.0%        0%/99%/1%    7.805    0.006     0.0%     0.0%   0.3535   0.0575    16.4%
   588    13.4s   -0.0189    75.0%    75.0%    95.8%       0%/100%/0%    9.593    0.003    25.0%     0.0%   0.3104   0.0386    13.3%
   589    12.3s   -0.0061    90.0%    90.0%    99.3%        0%/99%/1%    8.178    0.009    10.0%     0.0%   0.3445   0.0272    30.2%
   590    15.4s   -0.0295    55.0%    55.0%    93.7%       0%/100%/0%   10.038    0.005    45.0%     0.0%   0.2470   0.0360     9.0%
  [MA20] reward=-0.0111 task_sr=76.5% miss=23.5% time_limit=0.0% v2v=0.4%
  [PPO ] p_loss=-0.1713 v_loss=1.4852 entropy=0.2470 grad=6.2307 active=22.2%
  [SIM ] avg_power(a)=0.3847 rsu_q=20.986 tx=391 no_tx=1 deadlock=0 svc=58.226GHz idle=4.9%
   591    13.7s   -0.0023    95.0%    95.0%    99.1%        0%/99%/1%    9.495    0.007     5.0%     0.0%   0.3167   0.0230    12.7%
   592    13.4s   -0.0272    80.0%    80.0%    97.6%       0%/100%/0%    9.512    0.003    20.0%     0.0%   0.2633   0.0209    15.1%
   593    11.8s    0.0045   100.0%   100.0%   100.0%        0%/99%/1%    8.480    0.006     0.0%     0.0%   0.2785   0.0289    22.6%
   594    14.2s   -0.0191    70.0%    70.0%    96.9%       0%/100%/0%    9.957    0.005    30.0%     0.0%   0.4394   0.0408    27.0%
   595    12.2s   -0.0035    90.0%    90.0%    99.3%        0%/99%/0%    8.983    0.002    10.0%     0.0%   0.2652   0.0107    17.9%
   596    11.0s   -0.0019    90.0%    90.0%    98.3%       0%/100%/0%    8.056    0.004    10.0%     0.0%   0.3669   0.0786    22.6%
   597     9.2s    0.0154   100.0%   100.0%   100.0%       0%/100%/0%    7.035    0.007     0.0%     0.0%   0.2581   0.0034    18.1%
   598     9.9s    0.0129   100.0%   100.0%   100.0%        0%/99%/1%    7.710    0.006     0.0%     0.0%   0.3722   0.0212    23.6%
   599    11.1s    0.0005    95.0%    95.0%    98.1%        0%/99%/1%    8.568    0.005     5.0%     0.0%   0.3147   0.0331    19.5%
   600    13.4s   -0.0331    60.0%    60.0%    90.4%        0%/99%/1%    9.150    0.003    40.0%     0.0%   0.3291   0.0083    21.3%
  [MA20] reward=-0.0067 task_sr=86.2% miss=13.7% time_limit=0.0% v2v=0.5%
  [PPO ] p_loss=0.0335 v_loss=2.0400 entropy=0.3291 grad=4.8694 active=26.3%
  [SIM ] avg_power(a)=0.3858 rsu_q=22.943 tx=379 no_tx=1 deadlock=0 svc=64.428GHz idle=2.4%

    Ep    Wall    R/step     T_SR     V_SR     S_SR            L/R/V   Lat(s)       En     Miss      Ill      Ent       KL     Clip
--------------------------------------------------------------------------------------------------------------------------------
   601    11.5s   -0.0096    95.0%    95.0%    99.8%       0%/100%/0%    8.368    0.005     5.0%     0.0%   0.3828   0.0604    32.6%
   602    12.0s    0.0073    95.0%    95.0%    99.8%       0%/100%/0%    8.411 8.48e-04     5.0%     0.0%   0.3751   0.0321    23.4%
   603    11.0s   -0.0076   100.0%   100.0%   100.0%        0%/99%/1%    8.345    0.005     0.0%     0.0%   0.2357   0.0137    15.6%
   604    14.9s   -0.0288    45.0%    45.0%    89.9%        0%/99%/1%    8.789    0.010    55.0%     0.0%   0.3524   0.0463    20.0%
   605    10.8s    0.0035   100.0%   100.0%   100.0%       0%/100%/0%    8.150 7.92e-04     0.0%     0.0%   0.2964   0.0143    17.4%
   606    11.2s   -0.0023    90.0%    90.0%    98.8%       0%/100%/0%    8.017 4.51e-04    10.0%     0.0%   0.2903   0.0262    17.9%
   607    11.7s   -0.0077    85.0%    85.0%    96.9%       0%/100%/0%    8.765    0.002    15.0%     0.0%   0.3525   0.0183    21.2%
   608    11.3s   -0.0109    85.0%    85.0%    97.8%        0%/99%/1%    8.271    0.004    15.0%     0.0%   0.3538   0.0119    18.7%
   609    11.7s    0.0040    95.0%    95.0%    99.3%       0%/100%/0%    8.832 8.04e-04     5.0%     0.0%   0.4240   0.0410    11.1%
   610     9.6s   -0.0024   100.0%   100.0%   100.0%       0%/100%/0%    7.455    0.006     0.0%     0.0%   0.2141   0.0039    12.4%
  [MA20] reward=-0.0054 task_sr=88.5% miss=11.5% time_limit=0.0% v2v=0.4%
  [PPO ] p_loss=-0.0107 v_loss=0.6318 entropy=0.2141 grad=0.9520 active=27.1%
  [SIM ] avg_power(a)=0.4263 rsu_q=21.753 tx=410 no_tx=0 deadlock=0 svc=86.417GHz idle=3.1%
   611    10.0s   -0.0032   100.0%   100.0%   100.0%        0%/99%/0%    7.645    0.002     0.0%     0.0%   0.2782   0.0366    20.6%
   612    11.1s   -0.0010    90.0%    90.0%    98.4%       0%/100%/0%    8.111    0.003    10.0%     0.0%   0.3927   0.0179    20.3%
   613    11.0s    0.0083    90.0%    90.0%    99.0%       0%/100%/0%    7.467    0.006    10.0%     0.0%   0.2516   0.0426    13.0%
   614    12.3s   -0.0113    85.0%    85.0%    97.9%        0%/99%/1%    8.865    0.007    15.0%     0.0%   0.3663   0.0057    18.4%
   615    12.2s   -0.0041    85.0%    85.0%    98.4%       0%/100%/0%    8.528    0.001    15.0%     0.0%   0.4432   0.0611    25.4%
   616     9.6s    0.0093   100.0%   100.0%   100.0%       0%/100%/0%    7.575 2.63e-06     0.0%     0.0%   0.3278   0.0509    14.1%
   617    12.2s   -0.0099    80.0%    80.0%    97.6%       0%/100%/0%    9.000    0.005    20.0%     0.0%   0.3865   0.0245    20.9%
   618    11.8s   -0.0175    95.0%    95.0%    99.3%        0%/99%/1%    8.758    0.010     5.0%     0.0%   0.3527   0.0078    19.9%
   619    13.0s   -0.0093    80.0%    80.0%    98.3%        0%/99%/1%    9.535    0.004    20.0%     0.0%   0.3881   0.0364    17.1%
   620    10.5s    0.0089    95.0%    95.0%    99.5%        0%/99%/0%    7.426    0.003     5.0%     0.0%   0.4090   0.0562    17.4%
  [MA20] reward=-0.0042 task_sr=89.5% miss=10.5% time_limit=0.0% v2v=0.4%
  [PPO ] p_loss=-0.0772 v_loss=0.9289 entropy=0.4090 grad=2.8822 active=23.6%
  [SIM ] avg_power(a)=0.4319 rsu_q=20.683 tx=409 no_tx=1 deadlock=0 svc=83.149GHz idle=2.0%

    Ep    Wall    R/step     T_SR     V_SR     S_SR            L/R/V   Lat(s)       En     Miss      Ill      Ent       KL     Clip
--------------------------------------------------------------------------------------------------------------------------------
   621    14.4s   -0.0210    80.0%    80.0%    96.1%        0%/99%/1%    9.956    0.005    20.0%     0.0%   0.4360   0.0513    20.4%
   622    12.9s   -0.0061    80.0%    80.0%    96.3%       0%/100%/0%    8.275    0.002    20.0%     0.0%   0.3709   0.0270    20.7%
   623    10.6s   -0.0002   100.0%   100.0%   100.0%       0%/100%/0%    8.080    0.007     0.0%     0.0%   0.3856   0.0764    20.0%
   624    12.7s    0.0010    95.0%    95.0%    99.8%       0%/100%/0%    8.553 2.52e-06     5.0%     0.0%   0.4150   0.0293    23.0%
   625    13.6s   -0.0347    40.0%    40.0%    93.5%        0%/99%/1%    9.300    0.003    60.0%     0.0%   0.3667   0.0189    19.2%
   626    11.9s   -0.0047    95.0%    95.0%    99.8%        0%/99%/1%    8.832    0.008     5.0%     0.0%   0.4233   0.0185    16.3%
   627    13.4s   -0.0156    60.0%    60.0%    93.3%        0%/99%/1%    9.283    0.004    40.0%     0.0%   0.4090  -0.0022    23.7%
   628    10.8s    0.0093    85.0%    85.0%    97.1%       0%/100%/0%    7.188 2.74e-06    15.0%     0.0%   0.3342   0.0320    16.4%
   629    14.9s   -0.0174    65.0%    65.0%    91.9%        0%/99%/1%    9.869    0.003    35.0%     0.0%   0.2918   0.0012    14.5%
   630    13.6s   -0.0082    90.0%    90.0%    99.1%        0%/99%/1%    9.183    0.003    10.0%     0.0%   0.4518   0.0026    24.2%
  [MA20] reward=-0.0064 task_sr=84.5% miss=15.5% time_limit=0.0% v2v=0.5%
  [PPO ] p_loss=0.1137 v_loss=0.4847 entropy=0.4518 grad=1.1913 active=21.6%
  [SIM ] avg_power(a)=0.4323 rsu_q=21.238 tx=423 no_tx=0 deadlock=0 svc=70.584GHz idle=4.0%
   631     8.9s    0.0165   100.0%   100.0%   100.0%       0%/100%/0%    7.240    0.003     0.0%     0.0%   0.3571   0.0243    27.5%
   632     9.6s    0.0145    95.0%    95.0%    99.5%       0%/100%/0%    7.453    0.001     5.0%     0.0%   0.3945   0.0356    23.9%
   633     9.3s    0.0098   100.0%   100.0%   100.0%        0%/99%/1%    7.000    0.008     0.0%     0.0%   0.3515   0.0225    17.6%
   634    15.3s   -0.0341    55.0%    55.0%    89.7%       0%/100%/0%   10.427    0.003    45.0%     0.0%   0.4704   0.0729    16.1%
   635     9.8s    0.0114   100.0%   100.0%   100.0%       0%/100%/0%    7.625 3.23e-06     0.0%     0.0%   0.3598   0.0474    17.3%
   636    11.7s   -0.0007    90.0%    90.0%    99.3%       0%/100%/0%    8.783 3.18e-06    10.0%     0.0%   0.4253   0.0559    23.9%
   637    12.5s   -0.0108    80.0%    80.0%    99.3%       0%/100%/0%    8.806    0.003    20.0%     0.0%   0.2453   0.0110    12.2%
   638    11.9s   -0.0093    90.0%    90.0%    99.3%       0%/100%/0%    8.663 2.04e-06    10.0%     0.0%   0.3271   0.0142    16.2%
   639    14.3s   -0.0000    95.0%    95.0%    99.1%       0%/100%/0%    9.521    0.002     5.0%     0.0%   0.3412   0.0350     5.2%
   640    13.5s   -0.0122    75.0%    75.0%    95.1%       0%/100%/0%    8.860    0.002    25.0%     0.0%   0.3146   0.0121    15.7%
  [MA20] reward=-0.0056 task_sr=83.5% miss=16.5% time_limit=0.0% v2v=0.3%
  [PPO ] p_loss=-0.0385 v_loss=0.3673 entropy=0.3146 grad=1.3829 active=23.3%
  [SIM ] avg_power(a)=0.4371 rsu_q=20.154 tx=415 no_tx=0 deadlock=0 svc=66.840GHz idle=2.3%

    Ep    Wall    R/step     T_SR     V_SR     S_SR            L/R/V   Lat(s)       En     Miss      Ill      Ent       KL     Clip
--------------------------------------------------------------------------------------------------------------------------------
   641    12.5s   -0.0109    90.0%    90.0%    98.6%       0%/100%/0%    9.133 9.22e-04    10.0%     0.0%   0.3579   0.0112    24.3%
   642    17.6s   -0.0412    20.0%    20.0%    78.6%       0%/100%/0%   11.400    0.005    80.0%     0.0%   0.3981   0.0184    27.3%
   643    12.9s   -0.0255    85.0%    85.0%    98.3%       0%/100%/0%    9.447 3.59e-04    15.0%     0.0%   0.3142   0.0513    16.0%
   644    10.8s    0.0016   100.0%   100.0%   100.0%       0%/100%/0%    8.165 7.10e-04     0.0%     0.0%   0.2987   0.0271    16.0%
   645    10.3s    0.0015   100.0%   100.0%   100.0%        0%/99%/0%    7.740    0.002     0.0%     0.0%   0.4074   0.0055    17.6%
   646    10.9s    0.0017    95.0%    95.0%    99.3%        0%/99%/1%    8.389    0.004     5.0%     0.0%   0.2078   0.0017    12.3%
   647    10.0s    0.0088   100.0%   100.0%   100.0%       0%/100%/0%    7.695    0.007     0.0%     0.0%   0.3079   0.0069    16.2%
   648     9.8s    0.0067    90.0%    90.0%    99.3%       0%/100%/0%    7.661    0.001    10.0%     0.0%   0.3118   0.0308    15.7%
   649    12.9s   -0.0313    85.0%    85.0%    95.7%       0%/100%/0%    9.000    0.004    15.0%     0.0%   0.3317   0.0103    12.2%
   650    11.9s   -0.0031    95.0%    95.0%    99.5%       0%/100%/0%    8.421    0.001     5.0%     0.0%   0.3405 -1.45e-05    20.2%
  [MA20] reward=-0.0053 task_sr=87.0% miss=13.0% time_limit=0.0% v2v=0.2%
  [PPO ] p_loss=-0.0223 v_loss=0.3738 entropy=0.3405 grad=0.8634 active=24.1%
  [SIM ] avg_power(a)=0.4383 rsu_q=22.487 tx=424 no_tx=0 deadlock=0 svc=76.497GHz idle=2.6%
   651    15.4s   -0.0328    30.0%    30.0%    85.0%       0%/100%/0%    9.571 7.58e-04    70.0%     0.0%   0.4145   0.0226    13.2%
   652    10.6s    0.0081    90.0%    90.0%    98.6%       0%/100%/0%    7.833 2.38e-06    10.0%     0.0%   0.4076   0.0463    13.4%
   653    12.0s   -0.0045    90.0%    90.0%    99.5%       0%/100%/0%    8.650 3.90e-04    10.0%     0.0%   0.3171   0.0448    20.0%
   654    11.2s    0.0075   100.0%   100.0%   100.0%       0%/100%/0%    8.430    0.004     0.0%     0.0%   0.4471   0.0822    26.2%
   655    12.7s   -0.0024    95.0%    95.0%    99.5%       0%/100%/0%    8.574 1.99e-06     5.0%     0.0%   0.3619   0.0058    15.2%
   656    13.7s   -0.0430    45.0%    45.0%    90.8%        0%/99%/1%    9.811    0.005    55.0%     0.0%   0.2244   0.0217     9.5%
   657    11.2s   -0.0099    90.0%    90.0%    99.5%       0%/100%/0%    8.261 3.42e-06    10.0%     0.0%   0.2470   0.0052     8.8%
   658    11.2s   -0.0021    95.0%    95.0%    99.5%       0%/100%/0%    8.126    0.008     5.0%     0.0%   0.3669   0.0417    23.1%
   659    12.4s   -0.0101    85.0%    85.0%    98.8%       0%/100%/0%    9.147    0.002    15.0%     0.0%   0.3947   0.0270    18.8%
   660    10.2s    0.0112   100.0%   100.0%   100.0%       0%/100%/0%    7.910    0.003     0.0%     0.0%   0.2366   0.0049     9.2%
  [MA20] reward=-0.0085 task_sr=84.0% miss=16.0% time_limit=0.0% v2v=0.3%
  [PPO ] p_loss=-0.0211 v_loss=0.7959 entropy=0.2366 grad=4.0434 active=23.3%
  [SIM ] avg_power(a)=0.4459 rsu_q=24.212 tx=420 no_tx=0 deadlock=0 svc=92.024GHz idle=4.0%

    Ep    Wall    R/step     T_SR     V_SR     S_SR            L/R/V   Lat(s)       En     Miss      Ill      Ent       KL     Clip
--------------------------------------------------------------------------------------------------------------------------------
   661    12.7s   -0.0025    90.0%    90.0%    98.9%       0%/100%/0%    8.906    0.001    10.0%     0.0%   0.4044   0.0310    16.7%
   662    11.3s   -0.0098    95.0%    95.0%    99.3%       0%/100%/0%    8.779 8.47e-04     5.0%     0.0%   0.3507   0.0077    13.2%
   663    12.0s   -0.0020    95.0%    95.0%    99.8%        0%/99%/0%    8.884    0.003     5.0%     0.0%   0.4012   0.0137    16.7%
   664    16.5s   -0.0277    40.0%    40.0%    83.2%       0%/100%/0%   11.212    0.003    60.0%     0.0%   0.4118   0.0056    13.4%
   665    10.0s    0.0109    95.0%    95.0%    99.5%       0%/100%/0%    7.747    0.002     5.0%     0.0%   0.4271   0.0347    10.8%
   666     9.6s    0.0117    95.0%    95.0%   100.0%       0%/100%/0%    7.310 1.44e-04     5.0%     0.0%   0.4574   0.0150    18.5%
   667    10.2s    0.0107   100.0%   100.0%   100.0%       0%/100%/0%    7.980 3.20e-06     0.0%     0.0%   0.3226  -0.0043    16.9%
   668    13.3s   -0.0273    85.0%    85.0%    96.3%        0%/99%/1%    9.012    0.011    15.0%     0.0%   0.3728   0.0332    18.6%
   669    12.6s   -0.0126    75.0%    75.0%    95.1%       0%/100%/0%    9.431 7.48e-04    25.0%     0.0%   0.3714   0.0433    11.5%
   670    10.7s    0.0054   100.0%   100.0%   100.0%       0%/100%/0%    8.040 6.91e-04     0.0%     0.0%   0.3577   0.0048    14.6%
  [MA20] reward=-0.0061 task_sr=84.5% miss=15.5% time_limit=0.0% v2v=0.2%
  [PPO ] p_loss=0.0591 v_loss=0.5757 entropy=0.3577 grad=1.1575 active=24.1%
  [SIM ] avg_power(a)=0.4649 rsu_q=21.406 tx=423 no_tx=0 deadlock=0 svc=80.857GHz idle=2.8%
   671    14.0s   -0.0192    70.0%    70.0%    96.9%       0%/100%/0%    9.457    0.005    30.0%     0.0%   0.3717   0.0143    15.3%
   672     9.2s    0.0190   100.0%   100.0%   100.0%       0%/100%/0%    6.910    0.008     0.0%     0.0%   0.3190   0.0140    13.7%
   673    11.2s   -0.0069    95.0%    95.0%    99.8%       0%/100%/0%    8.311 5.10e-04     5.0%     0.0%   0.3642   0.0159    12.6%
   674    10.3s   -0.0036   100.0%   100.0%   100.0%       0%/100%/0%    7.820    0.011     0.0%     0.0%   0.3576   0.0260    17.5%
   675     9.7s    0.0110   100.0%   100.0%   100.0%       0%/100%/0%    7.645    0.002     0.0%     0.0%   0.4856   0.0034    12.9%
   676    13.1s   -0.0241    75.0%    75.0%    96.4%        0%/99%/0%    9.173    0.005    25.0%     0.0%   0.3445   0.0274    16.4%
   677    13.8s   -0.0369    65.0%    65.0%    91.3%        0%/99%/1%    9.900    0.008    35.0%     0.0%   0.3516   0.0144     9.3%
   678    12.4s   -0.0201    85.0%    85.0%    98.8%       0%/100%/0%    8.567    0.006    15.0%     0.0%   0.1908  -0.0005    11.9%
   679    10.4s    0.0031   100.0%   100.0%   100.0%        0%/99%/1%    7.565    0.007     0.0%     0.0%   0.3734   0.0379    10.2%
   680    12.5s    0.0035    90.0%    90.0%    99.5%       0%/100%/0%    8.867 2.57e-06    10.0%     0.0%   0.2754   0.0218    13.0%
  [MA20] reward=-0.0059 task_sr=87.5% miss=12.5% time_limit=0.0% v2v=0.3%
  [PPO ] p_loss=-0.0670 v_loss=0.6274 entropy=0.2754 grad=1.6952 active=21.2%
  [SIM ] avg_power(a)=0.4797 rsu_q=23.983 tx=423 no_tx=0 deadlock=0 svc=76.169GHz idle=1.7%

    Ep    Wall    R/step     T_SR     V_SR     S_SR            L/R/V   Lat(s)       En     Miss      Ill      Ent       KL     Clip
--------------------------------------------------------------------------------------------------------------------------------
   681     9.7s    0.0126   100.0%   100.0%   100.0%       0%/100%/0%    7.160    0.002     0.0%     0.0%   0.3492   0.0032    15.0%
   682    12.1s   -0.0234    85.0%    85.0%    97.4%       0%/100%/0%    8.829    0.005    15.0%     0.0%   0.2777   0.0262     9.7%
   683     9.4s    0.0167   100.0%   100.0%   100.0%       0%/100%/0%    7.000    0.001     0.0%     0.0%   0.3493   0.0112    19.8%
   684    14.0s   -0.0446    50.0%    50.0%    89.3%       0%/100%/0%   10.482    0.001    50.0%     0.0%   0.3659   0.0058    18.1%
   685     9.2s    0.0162   100.0%   100.0%   100.0%        0%/99%/1%    7.185    0.007     0.0%     0.0%   0.3717   0.0225    14.7%
   686    14.4s   -0.0205    70.0%    70.0%    93.8%       0%/100%/0%    9.840 4.99e-04    30.0%     0.0%   0.4030   0.0320    11.6%
   687     9.8s    0.0040    95.0%    95.0%    99.8%       0%/100%/0%    7.363    0.004     5.0%     0.0%   0.3078   0.0488    17.5%
   688    11.3s    0.0081   100.0%   100.0%   100.0%        0%/99%/1%    8.090    0.002     0.0%     0.0%   0.3691   0.0278    10.6%
   689    10.5s    0.0127   100.0%   100.0%   100.0%       0%/100%/0%    7.895 8.72e-04     0.0%     0.0%   0.3583   0.0161    18.4%
   690    12.3s   -0.0242    75.0%    75.0%    97.6%        0%/99%/1%    9.325    0.005    25.0%     0.0%   0.2805   0.0294     8.6%
  [MA20] reward=-0.0058 task_sr=87.7% miss=12.2% time_limit=0.0% v2v=0.3%
  [PPO ] p_loss=-0.1536 v_loss=1.0356 entropy=0.2805 grad=2.7796 active=24.9%
  [SIM ] avg_power(a)=0.4838 rsu_q=24.347 tx=413 no_tx=0 deadlock=0 svc=72.249GHz idle=0.8%
   691    10.0s    0.0101    95.0%    95.0%    99.2%       0%/100%/0%    7.400    0.001     5.0%     0.0%   0.3993   0.0234    11.7%
   692    11.9s   -0.0012    95.0%    95.0%    99.5%       0%/100%/0%    8.600 2.25e-04     5.0%     0.0%   0.4320   0.0393    15.1%
   693    10.3s   -0.0021    95.0%    95.0%    99.5%       0%/100%/0%    7.574 3.52e-06     5.0%     0.0%   0.3610   0.0312    12.7%
   694    10.7s   -0.0005    95.0%    95.0%    99.3%       0%/100%/0%    8.226 2.89e-06     5.0%     0.0%   0.4236   0.0349    22.1%
   695    11.4s   -0.0139    95.0%    95.0%    99.5%       0%/100%/0%    8.826 2.32e-06     5.0%     0.0%   0.3762   0.0130    17.4%
   696    12.7s   -0.0067    95.0%    95.0%    98.5%       0%/100%/0%    8.726    0.001     5.0%     0.0%   0.2361   0.0076    10.5%
   697    13.5s   -0.0184    65.0%    65.0%    95.0%        0%/99%/1%    9.771    0.004    35.0%     0.0%   0.3803   0.0086    21.9%
   698    12.0s   -0.0072   100.0%   100.0%   100.0%       0%/100%/0%    8.135 2.53e-06     0.0%     0.0%   0.3497   0.0353    18.1%
   699    11.2s    0.0143   100.0%   100.0%   100.0%       0%/100%/0%    8.315 3.22e-06     0.0%     0.0%   0.4555   0.0181    23.0%
   700    10.6s   -0.0052   100.0%   100.0%   100.0%       0%/100%/0%    8.025    0.009     0.0%     0.0%   0.2631   0.0189    16.8%
  [MA20] reward=-0.0037 task_sr=90.5% miss=9.5% time_limit=0.0% v2v=0.2%
  [PPO ] p_loss=0.0999 v_loss=0.7939 entropy=0.2631 grad=0.7637 active=25.6%
  [SIM ] avg_power(a)=0.4684 rsu_q=24.337 tx=413 no_tx=0 deadlock=0 svc=80.068GHz idle=2.0%

    Ep    Wall    R/step     T_SR     V_SR     S_SR            L/R/V   Lat(s)       En     Miss      Ill      Ent       KL     Clip
--------------------------------------------------------------------------------------------------------------------------------
   701    11.9s   -0.0120    95.0%    95.0%    98.8%       0%/100%/0%    8.279    0.003     5.0%     0.0%   0.3221   0.0345    21.2%
   702    12.2s   -0.0190    85.0%    85.0%    96.0%       0%/100%/0%    8.506 2.38e-06    15.0%     0.0%   0.2837   0.0080    16.3%
   703    11.2s    0.0059   100.0%   100.0%   100.0%       0%/100%/0%    7.920    0.001     0.0%     0.0%   0.3360   0.0081    22.4%
   704    12.6s   -0.0016    90.0%    90.0%    99.5%       0%/100%/0%    8.968 2.42e-06    10.0%     0.0%   0.3240   0.0069    15.8%
   705    12.4s   -0.0083    90.0%    90.0%    97.0%       0%/100%/0%    8.683 2.42e-06    10.0%     0.0%   0.2485   0.0313    17.8%
   706    12.9s   -0.0309    70.0%    70.0%    90.8%       0%/100%/0%    8.779    0.003    30.0%     0.0%   0.3736   0.0430    21.5%
   707    11.6s    0.0006    95.0%    95.0%    98.3%       0%/100%/0%    8.258 2.28e-06     5.0%     0.0%   0.3393   0.0304    19.7%
   708    10.0s    0.0035   100.0%   100.0%   100.0%        0%/99%/1%    7.395    0.004     0.0%     0.0%   0.3883   0.0466    19.1%
   709    15.2s   -0.0407    45.0%    45.0%    83.8%       0%/100%/0%    9.822    0.003    55.0%     0.0%   0.3573   0.0027    20.7%
   710     9.8s    0.0180   100.0%   100.0%   100.0%       0%/100%/0%    7.450 3.18e-04     0.0%     0.0%   0.2970   0.0401    13.5%
  [MA20] reward=-0.0058 task_sr=90.2% miss=9.8% time_limit=0.0% v2v=0.2%
  [PPO ] p_loss=-0.2209 v_loss=1.0076 entropy=0.2970 grad=2.4334 active=22.3%
  [SIM ] avg_power(a)=0.4699 rsu_q=22.656 tx=406 no_tx=0 deadlock=0 svc=86.461GHz idle=1.0%
   711    11.3s    0.0036   100.0%   100.0%   100.0%       0%/100%/0%    8.185    0.007     0.0%     0.0%   0.4388   0.0440    25.9%
   712    10.9s    0.0066    90.0%    90.0%   100.0%        0%/99%/1%    7.380    0.006    10.0%     0.0%   0.2717   0.0614    10.2%
   713    14.8s   -0.0306    70.0%    70.0%    96.2%       0%/100%/0%    9.450 8.79e-04    30.0%     0.0%   0.3477   0.0230    14.9%
   714    17.4s   -0.0334    30.0%    30.0%    79.1%       0%/100%/0%    9.750 4.46e-04    70.0%     0.0%   0.3678   0.0442    26.4%
   715    14.6s   -0.0141    75.0%    75.0%    95.1%       0%/100%/0%    9.160 7.23e-04    25.0%     0.0%   0.3818   0.0373    20.0%
   716    10.8s    0.0013   100.0%   100.0%   100.0%       0%/100%/0%    8.115 2.18e-06     0.0%     0.0%   0.3457   0.0534    23.9%
   717    13.0s   -0.0026    95.0%    95.0%    99.8%       0%/100%/0%    9.389    0.003     5.0%     0.0%   0.3495   0.0345    15.5%
   718    10.6s    0.0022    95.0%    95.0%    99.8%       0%/100%/0%    7.726    0.005     5.0%     0.0%   0.2778   0.0518    14.0%
   719    10.7s    0.0091    95.0%    95.0%    99.8%       0%/100%/0%    7.989    0.001     5.0%     0.0%   0.3822   0.0614    19.7%
   720    13.1s   -0.0209    75.0%    75.0%    94.5%       0%/100%/0%    8.573 2.13e-06    25.0%     0.0%   0.3329   0.0305    12.9%
  [MA20] reward=-0.0082 task_sr=84.7% miss=15.2% time_limit=0.0% v2v=0.2%
  [PPO ] p_loss=0.0152 v_loss=0.6455 entropy=0.3329 grad=2.4304 active=24.0%
  [SIM ] avg_power(a)=0.4759 rsu_q=20.794 tx=410 no_tx=0 deadlock=0 svc=66.345GHz idle=6.1%

    Ep    Wall    R/step     T_SR     V_SR     S_SR            L/R/V   Lat(s)       En     Miss      Ill      Ent       KL     Clip
--------------------------------------------------------------------------------------------------------------------------------
   721    10.4s    0.0027    90.0%    90.0%    99.5%       0%/100%/0%    7.589 2.53e-06    10.0%     0.0%   0.2800   0.0118    23.6%
   722    13.3s   -0.0255    60.0%    60.0%    91.1%       0%/100%/0%    8.831 2.55e-06    40.0%     0.0%   0.3029   0.0170    20.8%
   723    14.6s   -0.0255    40.0%    40.0%    88.0%       0%/100%/0%    9.911 2.79e-06    60.0%     0.0%   0.4140   0.0282    18.0%
   724    12.7s   -0.0097    80.0%    80.0%    98.3%       0%/100%/0%    8.787 7.89e-04    20.0%     0.0%   0.3486   0.0253    16.4%
   725    14.3s   -0.0204    55.0%    55.0%    90.1%       0%/100%/0%   10.258 3.54e-06    45.0%     0.0%   0.4663   0.0145    18.5%
   726     9.5s    0.0104   100.0%   100.0%   100.0%       0%/100%/0%    6.950    0.006     0.0%     0.0%   0.3807   0.0255    18.8%
   727    11.6s    0.0021   100.0%   100.0%   100.0%       0%/100%/0%    8.800 2.10e-06     0.0%     0.0%   0.3434   0.0068    21.2%
   728    11.9s   -0.0029    95.0%    95.0%    99.8%       0%/100%/0%    8.526 2.44e-06     5.0%     0.0%   0.3229   0.0243    21.3%
   729    10.0s    0.0065   100.0%   100.0%   100.0%        0%/99%/1%    7.460    0.004     0.0%     0.0%   0.3721   0.0336    11.7%
   730     9.2s    0.0142   100.0%   100.0%   100.0%        0%/99%/1%    7.015    0.010     0.0%     0.0%   0.2491   0.0113    16.0%
  [MA20] reward=-0.0063 task_sr=82.2% miss=17.8% time_limit=0.0% v2v=0.2%
  [PPO ] p_loss=0.0175 v_loss=0.7589 entropy=0.2491 grad=1.0748 active=26.2%
  [SIM ] avg_power(a)=0.4772 rsu_q=24.640 tx=417 no_tx=0 deadlock=0 svc=96.542GHz idle=2.2%
   731     8.8s    0.0291   100.0%   100.0%   100.0%       0%/100%/0%    6.830 5.28e-04     0.0%     0.0%   0.3740   0.0228    15.4%
   732    10.9s    0.0002    95.0%    95.0%    99.5%       0%/100%/0%    7.832    0.003     5.0%     0.0%   0.3062   0.0033    15.9%
   733    12.5s   -0.0080    90.0%    90.0%    99.3%       0%/100%/0%    9.122    0.002    10.0%     0.0%   0.3495   0.0320    15.3%
   734    11.0s    0.0020   100.0%   100.0%   100.0%        0%/99%/1%    7.985    0.011     0.0%     0.0%   0.3162   0.0328    19.0%
   735    10.6s   -0.0003    95.0%    95.0%    99.8%       0%/100%/0%    7.532    0.004     5.0%     0.0%   0.1594   0.0250    11.1%
   736    15.0s   -0.0161    55.0%    55.0%    92.1%       0%/100%/0%    9.258    0.004    45.0%     0.0%   0.4076   0.0243    17.7%
   737    13.5s   -0.0116    60.0%    60.0%    96.0%       0%/100%/0%    9.421 7.31e-04    40.0%     0.0%   0.4615   0.0783    31.1%
   738    13.6s   -0.0056    80.0%    80.0%    96.1%       0%/100%/0%    9.575    0.002    20.0%     0.0%   0.3675  -0.0061    19.0%
   739    14.0s   -0.0083    75.0%    75.0%    96.1%        0%/99%/1%    9.275    0.004    25.0%     0.0%   0.3507   0.0058    20.8%
   740    10.4s    0.0115    95.0%    95.0%    99.8%       0%/100%/0%    7.800 3.03e-06     5.0%     0.0%   0.4486   0.0560    23.1%
  [MA20] reward=-0.0028 task_sr=83.3% miss=16.8% time_limit=0.0% v2v=0.2%
  [PPO ] p_loss=0.0680 v_loss=0.5526 entropy=0.4486 grad=2.5465 active=26.0%
  [SIM ] avg_power(a)=0.4643 rsu_q=24.739 tx=418 no_tx=0 deadlock=0 svc=89.684GHz idle=2.2%

    Ep    Wall    R/step     T_SR     V_SR     S_SR            L/R/V   Lat(s)       En     Miss      Ill      Ent       KL     Clip
--------------------------------------------------------------------------------------------------------------------------------
   741    12.5s   -0.0193    75.0%    75.0%    96.9%       0%/100%/0%    8.907 8.60e-04    25.0%     0.0%   0.3456   0.0012    17.2%
   742    10.4s    0.0048   100.0%   100.0%   100.0%       0%/100%/0%    7.635    0.004     0.0%     0.0%   0.3049   0.0665    13.2%
   743    14.5s   -0.0175    40.0%    40.0%    83.6%       0%/100%/0%    8.012    0.001    60.0%     0.0%   0.2984   0.0262    14.3%
   744    12.5s   -0.0187    80.0%    80.0%    97.4%       0%/100%/0%    8.825 8.82e-04    20.0%     0.0%   0.3894   0.0374    15.2%
   745     9.5s    0.0144   100.0%   100.0%   100.0%       0%/100%/0%    7.215 2.39e-04     0.0%     0.0%   0.3408   0.0181    20.6%
   746    10.9s   -0.0009    95.0%    95.0%    99.3%       0%/100%/0%    8.363    0.003     5.0%     0.0%   0.3702   0.0547    20.0%
   747    10.4s    0.0147    95.0%    95.0%    99.8%       0%/100%/0%    7.595 1.22e-04     5.0%     0.0%   0.3293   0.0235    18.0%
   748    12.5s   -0.0114    95.0%    95.0%    99.8%       0%/100%/0%    9.647    0.003     5.0%     0.0%   0.2834   0.0456    20.6%
   749    12.1s   -0.0031    95.0%    95.0%    98.6%       0%/100%/0%    8.342    0.003     5.0%     0.0%   0.3117   0.0238    13.3%
   750    10.9s    0.0054   100.0%   100.0%   100.0%       0%/100%/0%    7.620    0.004     0.0%     0.0%   0.4374   0.0133    21.4%
  [MA20] reward=-0.0019 task_sr=86.0% miss=14.0% time_limit=0.0% v2v=0.3%
  [PPO ] p_loss=0.0562 v_loss=0.6119 entropy=0.4374 grad=0.8317 active=24.9%
  [SIM ] avg_power(a)=0.4569 rsu_q=20.911 tx=421 no_tx=0 deadlock=0 svc=85.003GHz idle=2.0%
   751    10.8s    0.0056   100.0%   100.0%   100.0%       0%/100%/0%    8.555 2.05e-06     0.0%     0.0%   0.4260   0.0102    25.9%
   752     8.8s    0.0224   100.0%   100.0%   100.0%       0%/100%/0%    7.015 4.77e-04     0.0%     0.0%   0.3857   0.0184    17.9%
   753     9.8s    0.0104   100.0%   100.0%   100.0%       0%/100%/0%    7.240    0.007     0.0%     0.0%   0.3014   0.0219    13.2%
   754    10.9s    0.0063    85.0%    85.0%    98.4%        0%/99%/1%    7.588    0.004    15.0%     0.0%   0.3762   0.0189    10.5%
   755    10.6s    0.0119   100.0%   100.0%   100.0%       0%/100%/0%    7.765    0.001     0.0%     0.0%   0.2717   0.0070    11.9%
   756     9.7s    0.0098    95.0%    95.0%    99.3%        0%/99%/1%    7.437    0.006     5.0%     0.0%   0.3004   0.0315    15.2%
   757    13.5s   -0.0122    65.0%    65.0%    96.7%       0%/100%/0%    9.687 9.00e-04    35.0%     0.0%   0.3845   0.0177    20.3%
   758    11.1s   -0.0099    95.0%    95.0%    99.8%        0%/99%/0%    8.568    0.010     5.0%     0.0%   0.3500   0.0095    14.8%
   759    14.5s   -0.0405    30.0%    30.0%    79.3%       0%/100%/0%    9.867    0.004    70.0%     0.0%   0.3685   0.0278    18.5%
   760    10.3s    0.0094   100.0%   100.0%   100.0%       0%/100%/0%    7.680    0.003     0.0%     0.0%   0.3605   0.0541    25.4%
  [MA20] reward=-0.0009 task_sr=87.3% miss=12.8% time_limit=0.0% v2v=0.3%
  [PPO ] p_loss=0.0428 v_loss=0.6035 entropy=0.3605 grad=0.6396 active=24.1%
  [SIM ] avg_power(a)=0.4633 rsu_q=23.365 tx=407 no_tx=0 deadlock=0 svc=87.535GHz idle=4.2%

    Ep    Wall    R/step     T_SR     V_SR     S_SR            L/R/V   Lat(s)       En     Miss      Ill      Ent       KL     Clip
--------------------------------------------------------------------------------------------------------------------------------
   761    11.8s   -0.0024    95.0%    95.0%    98.6%       0%/100%/0%    7.711 2.73e-06     5.0%     0.0%   0.3772   0.0501    13.6%
   762    11.3s   -0.0070    95.0%    95.0%    99.3%       0%/100%/0%    8.132    0.002     5.0%     0.0%   0.3519   0.0239    16.4%
   763    11.4s   -0.0141    90.0%    90.0%    99.0%        1%/99%/1%    8.547    0.013    10.0%     0.0%   0.3691   0.0164    18.4%
   764    11.8s   -0.0236    90.0%    90.0%    99.0%        0%/99%/0%    8.989    0.009    10.0%     0.0%   0.3829   0.0537    13.8%
   765    11.3s   -0.0032   100.0%   100.0%   100.0%       0%/100%/0%    8.125 2.81e-06     0.0%     0.0%   0.2886   0.0039    21.8%
   766    13.6s   -0.0072    90.0%    90.0%    98.6%       0%/100%/0%    9.800    0.001    10.0%     0.0%   0.2759   0.0221    19.0%
   767    10.6s    0.0081    90.0%    90.0%    99.3%        0%/99%/1%    7.483    0.002    10.0%     0.0%   0.3616   0.0093    15.4%
   768    10.6s    0.0033    90.0%    90.0%    99.8%       0%/100%/0%    7.711 2.10e-04    10.0%     0.0%   0.3626   0.0479    19.4%
   769    13.1s   -0.0255    65.0%    65.0%    95.3%       0%/100%/0%    9.585 3.14e-06    35.0%     0.0%   0.2719   0.0182    14.0%
   770     9.5s    0.0113   100.0%   100.0%   100.0%       0%/100%/0%    7.170 5.62e-04     0.0%     0.0%   0.3333   0.0800    12.7%
  [MA20] reward=-0.0024 task_sr=88.8% miss=11.2% time_limit=0.0% v2v=0.3%
  [PPO ] p_loss=-0.0477 v_loss=0.7176 entropy=0.3333 grad=1.1735 active=25.6%
  [SIM ] avg_power(a)=0.4437 rsu_q=20.948 tx=415 no_tx=0 deadlock=0 svc=88.701GHz idle=2.1%
   771    13.0s   -0.0114    70.0%    70.0%    95.8%       0%/100%/0%    9.227 2.03e-06    30.0%     0.0%   0.3608   0.0069    16.4%
   772    13.7s   -0.0239    55.0%    55.0%    91.6%       0%/100%/0%    9.555    0.003    45.0%     0.0%   0.3902   0.0233    18.0%
   773    12.3s   -0.0257    85.0%    85.0%    99.5%        0%/99%/0%    9.011    0.006    15.0%     0.0%   0.2905   0.0216    15.7%
   774    13.9s   -0.0328    50.0%    50.0%    90.6%       0%/100%/0%    8.482    0.001    50.0%     0.0%   0.3442   0.0587    21.0%
   775    15.5s   -0.0322    30.0%    30.0%    84.6%       0%/100%/0%    9.762 2.03e-04    70.0%     0.0%   0.3458   0.0295    10.2%
   776    17.8s   -0.0317    35.0%    35.0%    81.8%       0%/100%/0%    8.686    0.004    65.0%     0.0%   0.3020   0.0701    16.3%
   777    12.3s   -0.0140    90.0%    90.0%    99.5%       0%/100%/0%    8.461 2.60e-06    10.0%     0.0%   0.2909   0.0217    12.2%
   778    15.3s   -0.0101    65.0%    65.0%    95.6%       0%/100%/0%   10.623 2.96e-06    35.0%     0.0%   0.3922   0.0539    27.5%
   779    10.0s    0.0058    95.0%    95.0%    99.8%       0%/100%/0%    7.489    0.001     5.0%     0.0%   0.3349   0.0020    16.4%
   780    13.8s   -0.0252    70.0%    70.0%    91.3%       0%/100%/0%    8.279    0.002    30.0%     0.0%   0.2636   0.0181    13.5%
  [MA20] reward=-0.0131 task_sr=77.5% miss=22.5% time_limit=0.0% v2v=0.2%
  [PPO ] p_loss=0.0369 v_loss=0.8121 entropy=0.2636 grad=2.2250 active=22.0%
  [SIM ] avg_power(a)=0.4473 rsu_q=20.286 tx=386 no_tx=0 deadlock=0 svc=60.345GHz idle=5.0%

    Ep    Wall    R/step     T_SR     V_SR     S_SR            L/R/V   Lat(s)       En     Miss      Ill      Ent       KL     Clip
--------------------------------------------------------------------------------------------------------------------------------
   781    11.5s   -0.0016   100.0%   100.0%   100.0%        0%/99%/1%    8.065    0.004     0.0%     0.0%   0.3585   0.0328    16.2%
   782    10.1s    0.0018   100.0%   100.0%   100.0%       0%/100%/0%    7.775 6.67e-04     0.0%     0.0%   0.2057   0.0165    10.8%
   783    10.2s    0.0085   100.0%   100.0%   100.0%       0%/100%/0%    7.705    0.001     0.0%     0.0%   0.3669   0.0307     9.8%
   784    13.2s   -0.0138    80.0%    80.0%    93.7%       0%/100%/0%    9.206    0.001    20.0%     0.0%   0.3299   0.0289    17.6%
   785    12.1s   -0.0025    90.0%    90.0%    97.5%       0%/100%/0%    8.722 2.99e-06    10.0%     0.0%   0.2880  -0.0012    13.6%
   786    10.3s    0.0094   100.0%   100.0%   100.0%       0%/100%/0%    7.620 2.29e-06     0.0%     0.0%   0.3209   0.0277    10.2%
   787    12.6s   -0.0262    70.0%    70.0%    98.5%       0%/100%/0%    9.640 2.98e-06    30.0%     0.0%   0.2430   0.0073    12.4%
   788    14.8s   -0.0237    50.0%    50.0%    89.3%       0%/100%/0%    9.283    0.002    50.0%     0.0%   0.2703   0.0051    10.5%
   789    14.0s   -0.0311    35.0%    35.0%    81.9%       0%/100%/0%    9.157 2.40e-06    65.0%     0.0%   0.4172  -0.0083    15.0%
   790    12.0s   -0.0185    80.0%    80.0%    96.6%       0%/100%/0%    9.000    0.004    20.0%     0.0%   0.3145   0.0265    14.8%
  [MA20] reward=-0.0149 task_sr=72.5% miss=27.5% time_limit=0.0% v2v=0.2%
  [PPO ] p_loss=0.1051 v_loss=0.8288 entropy=0.3145 grad=1.1855 active=25.5%
  [SIM ] avg_power(a)=0.4561 rsu_q=23.009 tx=406 no_tx=0 deadlock=0 svc=74.177GHz idle=0.9%
   791    10.2s    0.0048    95.0%    95.0%    99.8%       0%/100%/0%    7.732 2.90e-06     5.0%     0.0%   0.3273   0.0310    11.9%
   792    10.6s    0.0135    95.0%    95.0%    99.3%       0%/100%/0%    7.789 2.82e-06     5.0%     0.0%   0.2524   0.0027    13.1%
   793     9.4s    0.0148   100.0%   100.0%   100.0%        0%/99%/1%    7.055    0.013     0.0%     0.0%   0.2629   0.0380    20.0%
   794    13.2s   -0.0199    60.0%    60.0%    96.7%       0%/100%/0%    9.015 1.96e-06    40.0%     0.0%   0.4235   0.0179    17.7%
   795    13.8s   -0.0197    80.0%    80.0%    98.4%       0%/100%/0%    9.412    0.001    20.0%     0.0%   0.3015   0.0046    12.9%
   796    10.3s    0.0077   100.0%   100.0%   100.0%       0%/100%/0%    7.975 7.37e-04     0.0%     0.0%   0.2663  -0.0022    14.7%
   797    11.8s    0.0049    90.0%    90.0%    98.5%       0%/100%/0%    8.774 2.28e-06    10.0%     0.0%   0.3969   0.0405    17.5%
   798     9.5s    0.0177   100.0%   100.0%   100.0%       0%/100%/0%    7.355 2.45e-06     0.0%     0.0%   0.4205   0.0642    31.7%
   799    12.9s   -0.0098    80.0%    80.0%    97.7%       0%/100%/0%    8.969    0.004    20.0%     0.0%   0.2342   0.0059    15.9%
   800    10.5s   -0.0066    90.0%    90.0%    98.0%       0%/100%/0%    8.089 2.76e-06    10.0%     0.0%   0.2871   0.0131    13.5%
  [MA20] reward=-0.0045 task_sr=84.7% miss=15.3% time_limit=0.0% v2v=0.2%
  [PPO ] p_loss=0.0441 v_loss=0.4519 entropy=0.2871 grad=1.3687 active=24.8%
  [SIM ] avg_power(a)=0.4353 rsu_q=24.010 tx=393 no_tx=0 deadlock=0 svc=76.360GHz idle=1.0%

    Ep    Wall    R/step     T_SR     V_SR     S_SR            L/R/V   Lat(s)       En     Miss      Ill      Ent       KL     Clip
--------------------------------------------------------------------------------------------------------------------------------
   801    11.4s    0.0060   100.0%   100.0%   100.0%       0%/100%/0%    8.215    0.003     0.0%     0.0%   0.1716   0.0214     8.8%
   802    14.9s   -0.0097    75.0%    75.0%    96.2%       0%/100%/0%    9.333 1.82e-06    25.0%     0.0%   0.3763   0.0696    18.9%
   803     9.0s    0.0237   100.0%   100.0%   100.0%       0%/100%/0%    6.575    0.009     0.0%     0.0%   0.3742   0.0049    13.6%
   804    14.1s   -0.0320    65.0%    65.0%    92.8%       0%/100%/0%   10.077 2.79e-06    35.0%     0.0%   0.2756   0.0185    11.5%
   805    11.8s   -0.0030    95.0%    95.0%    99.1%       0%/100%/0%    8.274 1.88e-06     5.0%     0.0%   0.2935   0.0615    13.8%
   806    13.3s   -0.0233    70.0%    70.0%    95.1%       0%/100%/0%    9.293    0.003    30.0%     0.0%   0.3227   0.0476    13.3%
   807    15.2s   -0.0469    35.0%    35.0%    82.1%       0%/100%/0%    9.671    0.001    65.0%     0.0%   0.3468   0.0258    16.9%
   808    11.4s   -0.0056    85.0%    85.0%    98.5%       0%/100%/0%    8.106    0.006    15.0%     0.0%   0.2165   0.0086    12.5%
   809    10.8s   -0.0011   100.0%   100.0%   100.0%       0%/100%/0%    8.330    0.001     0.0%     0.0%   0.2540   0.0307    23.1%
   810    11.9s   -0.0075    95.0%    95.0%    99.5%       0%/100%/0%    8.595 3.53e-06     5.0%     0.0%   0.3523   0.0476    19.6%
  [MA20] reward=-0.0046 task_sr=85.5% miss=14.5% time_limit=0.0% v2v=0.2%
  [PPO ] p_loss=-0.2291 v_loss=0.4603 entropy=0.3523 grad=0.6600 active=23.7%
  [SIM ] avg_power(a)=0.4442 rsu_q=21.673 tx=420 no_tx=0 deadlock=0 svc=73.628GHz idle=2.7%
   811    13.7s   -0.0125    70.0%    70.0%    96.5%       0%/100%/0%    8.671 1.69e-06    30.0%     0.0%   0.3850   0.0068    14.6%
   812    12.7s   -0.0204    75.0%    75.0%    95.0%       0%/100%/0%    9.200 2.14e-06    25.0%     0.0%   0.3508   0.0436    23.4%
   813     8.9s    0.0065   100.0%   100.0%   100.0%       0%/100%/0%    6.850    0.002     0.0%     0.0%   0.3161   0.0078    17.4%
   814    12.3s   -0.0021   100.0%   100.0%   100.0%       0%/100%/0%    9.000 2.60e-06     0.0%     0.0%   0.4038   0.0438    12.9%
   815    14.8s   -0.0253    65.0%    65.0%    93.8%       0%/100%/0%    9.762    0.002    35.0%     0.0%   0.2707   0.0473    14.8%
   816    16.1s   -0.0356    60.0%    60.0%    86.0%       0%/100%/0%    9.642    0.003    40.0%     0.0%   0.3488   0.0056    15.2%
   817    10.5s    0.0066    90.0%    90.0%    96.4%       0%/100%/0%    7.839 2.24e-06    10.0%     0.0%   0.2039   0.0047    14.5%
   818    12.3s   -0.0063    90.0%    90.0%    98.3%       0%/100%/0%    8.922    0.003    10.0%     0.0%   0.3783   0.0134    16.0%
   819    10.1s    0.0152   100.0%   100.0%   100.0%       0%/100%/0%    7.345    0.003     0.0%     0.0%   0.3058   0.0171    16.7%
   820    13.9s   -0.0191    65.0%    65.0%    89.9%       0%/100%/0%    7.992    0.003    35.0%     0.0%   0.1993   0.0164    14.2%
  [MA20] reward=-0.0096 task_sr=81.7% miss=18.2% time_limit=0.0% v2v=0.1%
  [PPO ] p_loss=-0.0385 v_loss=0.6662 entropy=0.1993 grad=1.7669 active=23.0%
  [SIM ] avg_power(a)=0.4515 rsu_q=20.199 tx=396 no_tx=0 deadlock=0 svc=60.375GHz idle=0.7%

    Ep    Wall    R/step     T_SR     V_SR     S_SR            L/R/V   Lat(s)       En     Miss      Ill      Ent       KL     Clip
--------------------------------------------------------------------------------------------------------------------------------
   821    13.0s   -0.0099    90.0%    90.0%    99.3%       0%/100%/0%    9.132 2.25e-06    10.0%     0.0%   0.3906   0.0391    20.6%
   822    13.2s   -0.0096    85.0%    85.0%    98.3%       0%/100%/0%    8.971    0.001    15.0%     0.0%   0.3002   0.0203    20.4%
   823    13.2s   -0.0114    80.0%    80.0%    97.5%       0%/100%/0%    9.882    0.002    20.0%     0.0%   0.3197  -0.0015    17.1%
   824    12.7s   -0.0030    85.0%    85.0%    98.8%       0%/100%/0%    8.735    0.001    15.0%     0.0%   0.3531   0.0234    20.0%
   825    11.1s    0.0079    95.0%    95.0%    99.0%       0%/100%/0%    8.347 2.25e-06     5.0%     0.0%   0.3498   0.0312    18.3%
   826    11.1s   -0.0075   100.0%   100.0%   100.0%       0%/100%/0%    8.760    0.004     0.0%     0.0%   0.3380   0.0173    10.8%
   827    13.3s   -0.0220    75.0%    75.0%    94.9%       0%/100%/0%    8.913 3.08e-06    25.0%     0.0%   0.2748   0.0207    17.6%
   828    11.4s   -0.0118    90.0%    90.0%    98.3%       0%/100%/0%    7.900 7.65e-04    10.0%     0.0%   0.2852   0.0254    26.0%
   829    10.3s    0.0071    90.0%    90.0%    98.8%       0%/100%/0%    7.517 2.65e-06    10.0%     0.0%   0.2172   0.0180    10.2%
   830    11.9s   -0.0044    90.0%    90.0%    99.0%       0%/100%/0%    8.211 6.74e-04    10.0%     0.0%   0.2971   0.0114    14.5%
  [MA20] reward=-0.0079 task_sr=84.7% miss=15.3% time_limit=0.0% v2v=0.1%
  [PPO ] p_loss=-0.0306 v_loss=0.4976 entropy=0.2971 grad=0.8220 active=23.1%
  [SIM ] avg_power(a)=0.4540 rsu_q=20.165 tx=413 no_tx=0 deadlock=0 svc=72.043GHz idle=5.0%
   831    14.2s   -0.0207    65.0%    65.0%    95.4%       0%/100%/0%    9.200 2.49e-06    35.0%     0.0%   0.2552   0.0291    10.0%
   832     9.6s    0.0183   100.0%   100.0%   100.0%       0%/100%/0%    7.540 2.95e-06     0.0%     0.0%   0.2523   0.0081    15.3%
   833    15.9s   -0.0303    45.0%    45.0%    90.6%       0%/100%/0%   10.856    0.003    55.0%     0.0%   0.4028   0.0006    15.6%
   834    13.6s   -0.0100    75.0%    75.0%    97.0%       0%/100%/0%    9.669    0.001    25.0%     0.0%   0.3525   0.0479    21.7%
   835    12.4s   -0.0203    60.0%    60.0%    93.5%       0%/100%/0%    8.217    0.001    40.0%     0.0%   0.2964   0.0041    13.2%
   836    10.2s    0.0065    95.0%    95.0%    99.8%       0%/100%/0%    7.479    0.002     5.0%     0.0%   0.2978   0.0235    10.8%
   837     9.9s    0.0051    95.0%    95.0%    99.8%       0%/100%/0%    7.011 2.48e-06     5.0%     0.0%   0.2102   0.0188    13.3%
   838    14.7s   -0.0537    30.0%    30.0%    85.4%       0%/100%/0%   10.200    0.005    70.0%     0.0%   0.2395   0.0195     9.4%
   839    10.6s   -0.0008   100.0%   100.0%   100.0%       0%/100%/0%    7.815 2.08e-06     0.0%     0.0%   0.2807   0.0310    14.3%
   840    12.4s   -0.0095    90.0%    90.0%    97.6%       0%/100%/0%    9.500 5.07e-04    10.0%     0.0%   0.3607   0.0241    13.0%
  [MA20] reward=-0.0090 task_sr=81.7% miss=18.2% time_limit=0.0% v2v=0.1%
  [PPO ] p_loss=0.0995 v_loss=0.4804 entropy=0.3607 grad=1.8233 active=23.8%
  [SIM ] avg_power(a)=0.4333 rsu_q=25.583 tx=405 no_tx=0 deadlock=0 svc=74.643GHz idle=1.7%

    Ep    Wall    R/step     T_SR     V_SR     S_SR            L/R/V   Lat(s)       En     Miss      Ill      Ent       KL     Clip
--------------------------------------------------------------------------------------------------------------------------------
   841     9.3s    0.0209   100.0%   100.0%   100.0%       0%/100%/0%    7.365 3.21e-06     0.0%     0.0%   0.2341  -0.0032    15.7%
   842     8.2s    0.0203   100.0%   100.0%   100.0%       0%/100%/0%    6.430 4.00e-06     0.0%     0.0%   0.2514   0.0258    16.4%
   843    13.3s   -0.0324    60.0%    60.0%    93.6%       0%/100%/0%    8.908 9.28e-04    40.0%     0.0%   0.4110   0.0234    15.8%
   844    12.6s   -0.0167    90.0%    90.0%    98.6%       0%/100%/0%    9.400    0.003    10.0%     0.0%   0.2098   0.0186    11.6%
   845    11.9s   -0.0212    75.0%    75.0%    97.1%       0%/100%/0%    8.120    0.004    25.0%     0.0%   0.2461   0.0024    11.5%
   846    11.8s    0.0079   100.0%   100.0%   100.0%       0%/100%/0%    8.330 7.05e-04     0.0%     0.0%   0.3370   0.0390    11.1%
   847    11.3s    0.0016    90.0%    90.0%    98.6%       0%/100%/0%    8.189    0.002    10.0%     0.0%   0.3388   0.0221     7.4%
   848    10.9s   -0.0107   100.0%   100.0%   100.0%       0%/100%/0%    8.070    0.001     0.0%     0.0%   0.2607   0.0281    10.1%
   849    10.7s    0.0029    95.0%    95.0%   100.0%       0%/100%/0%    7.825    0.003     5.0%     0.0%   0.3261   0.0211    11.7%
   850    10.5s    0.0073   100.0%   100.0%   100.0%       0%/100%/0%    7.405    0.002     0.0%     0.0%   0.2482   0.0497    15.1%
  [MA20] reward=-0.0068 task_sr=83.2% miss=16.8% time_limit=0.0% v2v=0.2%
  [PPO ] p_loss=0.2562 v_loss=0.6089 entropy=0.2482 grad=2.2243 active=24.3%
  [SIM ] avg_power(a)=0.4343 rsu_q=20.638 tx=428 no_tx=0 deadlock=0 svc=83.036GHz idle=3.8%
   851    10.8s    0.0029    95.0%    95.0%    99.5%       0%/100%/0%    8.189 2.34e-06     5.0%     0.0%   0.2723   0.0157    13.5%
   852     9.7s    0.0070    95.0%    95.0%    98.8%       0%/100%/0%    7.589 2.92e-06     5.0%     0.0%   0.2522   0.0096    10.6%
   853    13.9s   -0.0368    45.0%    45.0%    81.3%       0%/100%/0%    8.389    0.002    55.0%     0.0%   0.2274   0.0317    12.7%
   854     9.9s    0.0183   100.0%   100.0%   100.0%       0%/100%/0%    7.270 2.40e-06     0.0%     0.0%   0.3180   0.0297     6.7%
   855    13.8s   -0.0215    65.0%    65.0%    94.1%       0%/100%/0%    9.208    0.006    35.0%     0.0%   0.3265   0.0346    13.3%
   856     9.4s    0.0180   100.0%   100.0%   100.0%        0%/99%/0%    7.110    0.005     0.0%     0.0%   0.1715   0.0254     3.3%
   857    11.0s   -0.0013    95.0%    95.0%    99.5%       0%/100%/0%    7.858 4.18e-04     5.0%     0.0%   0.2322   0.0275     9.4%
   858    10.1s    0.0090   100.0%   100.0%   100.0%        0%/99%/1%    7.460    0.003     0.0%     0.0%   0.3320   0.0041    13.1%
   859    12.4s   -0.0033   100.0%   100.0%   100.0%       0%/100%/0%    8.950 2.79e-06     0.0%     0.0%   0.3961   0.0119    13.4%
   860    11.7s    0.0029   100.0%   100.0%   100.0%       0%/100%/0%    8.785 3.30e-04     0.0%     0.0%   0.2442   0.0036    12.3%
  [MA20] reward=-0.0012 task_sr=90.2% miss=9.8% time_limit=0.0% v2v=0.2%
  [PPO ] p_loss=-0.0303 v_loss=0.7625 entropy=0.2442 grad=0.7885 active=24.2%
  [SIM ] avg_power(a)=0.4451 rsu_q=25.762 tx=425 no_tx=1 deadlock=0 svc=84.526GHz idle=1.0%

    Ep    Wall    R/step     T_SR     V_SR     S_SR            L/R/V   Lat(s)       En     Miss      Ill      Ent       KL     Clip
--------------------------------------------------------------------------------------------------------------------------------
   861    11.3s   -0.0031    95.0%    95.0%    99.5%       0%/100%/0%    8.758 2.29e-06     5.0%     0.0%   0.3195   0.0044    18.2%
   862    10.0s    0.0100   100.0%   100.0%   100.0%       0%/100%/0%    7.735 3.02e-06     0.0%     0.0%   0.2543   0.0348    10.3%
   863    10.7s   -0.0149    95.0%    95.0%    98.6%       0%/100%/0%    8.758 3.29e-06     5.0%     0.0%   0.2749   0.0219    13.9%
   864    10.9s    0.0125    95.0%    95.0%    99.8%       0%/100%/0%    7.689 4.74e-04     5.0%     0.0%   0.2929   0.0086    11.8%
   865    13.3s   -0.0207    90.0%    90.0%    98.2%       0%/100%/0%    9.506 2.32e-06    10.0%     0.0%   0.3587   0.0435    14.8%
   866     9.3s    0.0252   100.0%   100.0%   100.0%       0%/100%/0%    7.140 3.44e-06     0.0%     0.0%   0.2476   0.0164    11.0%
   867    12.5s   -0.0024    75.0%    75.0%    93.6%       0%/100%/0%    8.347 2.08e-06    25.0%     0.0%   0.2867   0.0331    12.9%
   868     9.1s    0.0179   100.0%   100.0%   100.0%       0%/100%/0%    7.185 2.90e-06     0.0%     0.0%   0.3349   0.0271    13.0%
   869    15.0s   -0.0124    65.0%    65.0%    93.4%       0%/100%/0%    9.077 2.38e-06    35.0%     0.0%   0.3261  -0.0074    15.7%
   870    11.5s   -0.0075   100.0%   100.0%   100.0%       0%/100%/0%    8.965 3.18e-06     0.0%     0.0%   0.4237   0.0392    18.8%
  [MA20] reward=-0.0000 task_sr=90.5% miss=9.5% time_limit=0.0% v2v=0.1%
  [PPO ] p_loss=-0.0041 v_loss=0.4132 entropy=0.4237 grad=1.4659 active=25.2%
  [SIM ] avg_power(a)=0.4555 rsu_q=24.538 tx=428 no_tx=0 deadlock=0 svc=79.955GHz idle=1.0%
   871    11.1s    0.0021   100.0%   100.0%   100.0%       0%/100%/0%    8.220 2.92e-06     0.0%     0.0%   0.4090   0.0134    13.3%
   872    14.5s   -0.0134    60.0%    60.0%    91.7%       0%/100%/0%    9.700 2.12e-06    40.0%     0.0%   0.3017   0.0314    14.0%
   873     9.9s    0.0165   100.0%   100.0%   100.0%       0%/100%/0%    7.250 4.11e-06     0.0%     0.0%   0.2440   0.0130    12.1%
   874    12.6s   -0.0190    80.0%    80.0%    98.3%       0%/100%/0%    8.687    0.002    20.0%     0.0%   0.3415   0.0392    17.9%
   875     9.8s    0.0095   100.0%   100.0%   100.0%       0%/100%/0%    7.625 3.14e-06     0.0%     0.0%   0.2787   0.0107    15.2%
   876    10.7s   -0.0016   100.0%   100.0%   100.0%       0%/100%/0%    8.000 3.57e-06     0.0%     0.0%   0.3052   0.0213    14.7%
   877    13.4s   -0.0220    60.0%    60.0%    94.1%       0%/100%/0%    9.285 5.66e-04    40.0%     0.0%   0.3704   0.0273    19.3%
   878    11.2s    0.0028    90.0%    90.0%    98.8%       0%/100%/0%    8.422 2.10e-06    10.0%     0.0%   0.4301   0.0360    19.7%
   879     9.7s    0.0094    90.0%    90.0%    99.5%       0%/100%/0%    7.356 2.91e-06    10.0%     0.0%   0.2853   0.0121    12.6%
   880     9.2s    0.0200   100.0%   100.0%   100.0%       0%/100%/0%    7.075 2.87e-06     0.0%     0.0%   0.4182   0.0274    20.3%
  [MA20] reward=0.0004 task_sr=89.8% miss=10.2% time_limit=0.0% v2v=0.0%
  [PPO ] p_loss=0.0044 v_loss=0.5142 entropy=0.4182 grad=1.7336 active=27.2%
  [SIM ] avg_power(a)=0.4423 rsu_q=26.667 tx=414 no_tx=0 deadlock=0 svc=99.350GHz idle=2.4%

    Ep    Wall    R/step     T_SR     V_SR     S_SR            L/R/V   Lat(s)       En     Miss      Ill      Ent       KL     Clip
--------------------------------------------------------------------------------------------------------------------------------
   881    10.8s   -0.0128    95.0%    95.0%    98.6%       0%/100%/0%    8.505 2.84e-06     5.0%     0.0%   0.1993   0.0414    12.9%
   882    13.2s   -0.0250    70.0%    70.0%    91.5%       0%/100%/0%    8.271 3.61e-06    30.0%     0.0%   0.2007   0.0334    12.9%
   883    13.9s   -0.0146    80.0%    80.0%    98.6%       0%/100%/0%    9.212 1.99e-06    20.0%     0.0%   0.3756  -0.0047    14.7%
   884     8.3s    0.0230    95.0%    95.0%    99.8%       0%/100%/0%    6.553 3.10e-06     5.0%     0.0%   0.2577   0.0233     7.9%
   885    11.4s    0.0011    85.0%    85.0%    98.8%       0%/100%/0%    8.361    0.001    15.0%     0.0%   0.3887   0.0149    19.7%
   886    10.8s    0.0179   100.0%   100.0%   100.0%       0%/100%/0%    7.880 3.31e-06     0.0%     0.0%   0.2199   0.0197    11.1%
   887    11.3s    0.0045   100.0%   100.0%   100.0%       0%/100%/0%    8.145 2.36e-06     0.0%     0.0%   0.2563   0.0175    13.0%
   888    11.3s    0.0003    95.0%    95.0%    99.3%       0%/100%/0%    8.363 1.88e-06     5.0%     0.0%   0.3452   0.0525    13.3%
   889     9.5s    0.0056    95.0%    95.0%    99.5%       0%/100%/0%    7.468 2.74e-06     5.0%     0.0%   0.1684   0.0229     3.3%
   890    13.2s   -0.0130    90.0%    90.0%    98.6%       0%/100%/0%    9.289    0.004    10.0%     0.0%   0.2751   0.0235    13.1%
  [MA20] reward=-0.0004 task_sr=89.2% miss=10.8% time_limit=0.0% v2v=0.0%
  [PPO ] p_loss=0.0219 v_loss=0.9327 entropy=0.2751 grad=2.9543 active=23.7%
  [SIM ] avg_power(a)=0.4311 rsu_q=22.341 tx=418 no_tx=1 deadlock=0 svc=70.214GHz idle=3.3%
   891     9.5s    0.0177   100.0%   100.0%   100.0%       0%/100%/0%    7.615 2.80e-06     0.0%     0.0%   0.3819   0.0226    13.1%
   892    17.2s   -0.0369    25.0%    25.0%    77.3%       0%/100%/0%   11.560 2.25e-06    75.0%     0.0%   0.3175   0.0210    19.2%
   893    14.3s   -0.0188    60.0%    60.0%    90.3%       0%/100%/0%    7.883 2.89e-06    40.0%     0.0%   0.2399  -0.0017    11.4%
   894    10.0s    0.0127   100.0%   100.0%   100.0%       0%/100%/0%    7.620    0.006     0.0%     0.0%   0.2686   0.0092    11.4%
   895    11.7s   -0.0104   100.0%   100.0%   100.0%       0%/100%/0%    8.345 2.56e-06     0.0%     0.0%   0.2218   0.0064    11.4%
   896    13.2s   -0.0029    70.0%    70.0%    96.6%       0%/100%/0%    9.114 2.07e-06    30.0%     0.0%   0.4185   0.0509    18.4%
   897    11.2s    0.0064    95.0%    95.0%    99.8%       0%/100%/0%    8.068    0.004     5.0%     0.0%   0.2325   0.0209     8.1%
   898    11.2s   -0.0026    95.0%    95.0%   100.0%       0%/100%/0%    8.060    0.004     5.0%     0.0%   0.2681   0.0225    11.1%
   899    14.9s   -0.0169    60.0%    60.0%    87.9%       0%/100%/0%    8.175 2.21e-06    40.0%     0.0%   0.3065   0.0446    15.4%
   900    11.4s   -0.0098    90.0%    90.0%    99.3%       0%/100%/0%    8.239    0.002    10.0%     0.0%   0.2627   0.0334    15.4%
  [MA20] reward=-0.0037 task_sr=85.0% miss=15.0% time_limit=0.0% v2v=0.0%
  [PPO ] p_loss=-0.0958 v_loss=0.3133 entropy=0.2627 grad=0.6266 active=27.9%
  [SIM ] avg_power(a)=0.4225 rsu_q=23.368 tx=429 no_tx=1 deadlock=0 svc=82.282GHz idle=0.9%

    Ep    Wall    R/step     T_SR     V_SR     S_SR            L/R/V   Lat(s)       En     Miss      Ill      Ent       KL     Clip
--------------------------------------------------------------------------------------------------------------------------------
   901    14.1s   -0.0407    60.0%    60.0%    92.6%       0%/100%/0%    8.817 2.66e-06    40.0%     0.0%   0.2700   0.0069    14.7%
   902    10.2s    0.0162   100.0%   100.0%   100.0%       0%/100%/0%    7.740 2.53e-06     0.0%     0.0%   0.2143   0.0161     8.9%
   903    10.0s    0.0152    95.0%    95.0%    99.0%       0%/100%/0%    7.174 7.64e-04     5.0%     0.0%   0.2390   0.0268     7.5%
   904    15.2s   -0.0294    45.0%    45.0%    90.7%       0%/100%/0%    7.933 1.99e-06    55.0%     0.0%   0.1627   0.0103    10.5%
   905     8.8s    0.0294   100.0%   100.0%   100.0%       0%/100%/0%    6.480 3.09e-06     0.0%     0.0%   0.2644   0.0134    10.2%
   906    12.1s   -0.0202    65.0%    65.0%    94.6%       0%/100%/0%    7.807 6.10e-04    35.0%     0.0%   0.2724  -0.0003    17.0%
   907    11.9s    0.0025    90.0%    90.0%    98.8%       0%/100%/0%    8.672 2.02e-06    10.0%     0.0%   0.3518   0.0158    14.5%
   908    13.5s   -0.0266    45.0%    45.0%    86.0%       0%/100%/0%    7.600 3.18e-04    55.0%     0.0%   0.3056   0.0252    18.8%
   909    10.5s   -0.0143   100.0%   100.0%   100.0%       0%/100%/0%    8.245 2.53e-06     0.0%     0.0%   0.2246   0.0125    13.3%
   910    13.5s   -0.0241    70.0%    70.0%    95.2%       0%/100%/0%    9.500 2.23e-06    30.0%     0.0%   0.2918  -0.0002    14.8%
  [MA20] reward=-0.0077 task_sr=78.2% miss=21.7% time_limit=0.0% v2v=0.0%
  [PPO ] p_loss=-0.0370 v_loss=0.8357 entropy=0.2918 grad=1.9933 active=24.1%
  [SIM ] avg_power(a)=0.4159 rsu_q=22.185 tx=406 no_tx=0 deadlock=0 svc=64.892GHz idle=3.8%
   911     9.2s    0.0174   100.0%   100.0%   100.0%       0%/100%/0%    7.405    0.002     0.0%     0.0%   0.3359   0.0224    14.7%
   912     9.6s    0.0035    90.0%    90.0%    99.1%       0%/100%/0%    7.339 8.37e-04    10.0%     0.0%   0.1817   0.0220    15.0%
   913    14.6s   -0.0354    45.0%    45.0%    86.7%       0%/100%/0%    8.622 2.79e-06    55.0%     0.0%   0.2699   0.0368    13.0%
   914    11.7s   -0.0154    85.0%    85.0%    95.7%       0%/100%/0%    8.753    0.002    15.0%     0.0%   0.3182   0.0072     9.8%
   915    10.4s    0.0063    95.0%    95.0%    98.1%       0%/100%/0%    7.979 2.60e-06     5.0%     0.0%   0.2979   0.0013    13.8%
   916    12.6s   -0.0089    80.0%    80.0%    97.1%       0%/100%/0%    8.869 9.83e-04    20.0%     0.0%   0.3013   0.0221     9.4%
   917    10.3s    0.0163   100.0%   100.0%   100.0%       0%/100%/0%    7.720    0.002     0.0%     0.0%   0.3318   0.0047    14.5%
   918     9.7s    0.0168   100.0%   100.0%   100.0%       0%/100%/0%    7.265 2.82e-06     0.0%     0.0%   0.3375   0.0117    12.6%
   919    12.0s   -0.0204    80.0%    80.0%    97.8%       0%/100%/0%    9.135 2.41e-06    20.0%     0.0%   0.2746   0.0249    14.7%
   920    16.2s   -0.0217    40.0%    40.0%    88.6%       0%/100%/0%    8.578 3.21e-06    60.0%     0.0%   0.3567   0.0382    19.0%
  [MA20] reward=-0.0067 task_sr=79.3% miss=20.8% time_limit=0.0% v2v=0.1%
  [PPO ] p_loss=-0.0315 v_loss=0.7451 entropy=0.3567 grad=0.5948 active=21.4%
  [SIM ] avg_power(a)=0.4240 rsu_q=20.296 tx=383 no_tx=0 deadlock=0 svc=53.680GHz idle=0.7%

    Ep    Wall    R/step     T_SR     V_SR     S_SR            L/R/V   Lat(s)       En     Miss      Ill      Ent       KL     Clip
--------------------------------------------------------------------------------------------------------------------------------
   921    10.1s    0.0192   100.0%   100.0%   100.0%       0%/100%/0%    7.425 2.97e-06     0.0%     0.0%   0.2802   0.0170     9.4%
   922    13.2s   -0.0123    80.0%    80.0%    96.3%       0%/100%/0%    9.912 6.97e-04    20.0%     0.0%   0.3555   0.0166    13.6%
   923     9.5s    0.0093    95.0%    95.0%    99.8%       0%/100%/0%    7.279 3.62e-06     5.0%     0.0%   0.3010   0.0175    12.1%
   924    11.1s    0.0092    95.0%    95.0%    99.0%       0%/100%/0%    8.368 4.35e-06     5.0%     0.0%   0.2574   0.0528    17.2%
   925    10.0s    0.0110    95.0%    95.0%    98.5%       0%/100%/0%    7.916 3.06e-06     5.0%     0.0%   0.3272   0.0239    12.5%
   926    11.2s   -0.0093    80.0%    80.0%    94.2%       0%/100%/0%    8.100 1.32e-04    20.0%     0.0%   0.3623   0.0138    15.7%
   927    10.5s    0.0131   100.0%   100.0%   100.0%       0%/100%/0%    7.660 2.71e-06     0.0%     0.0%   0.2506   0.0318     6.8%
   928    10.3s    0.0175    95.0%    95.0%    98.6%       0%/100%/0%    7.326 2.95e-06     5.0%     0.0%   0.2942   0.0175    12.5%
   929    13.1s   -0.0105    90.0%    90.0%    98.4%       0%/100%/0%    9.061    0.004    10.0%     0.0%   0.3335   0.0289     8.6%
   930    10.2s    0.0171   100.0%   100.0%   100.0%       0%/100%/0%    7.505    0.002     0.0%     0.0%   0.2542   0.0252    13.0%
  [MA20] reward=0.0011 task_sr=87.2% miss=12.8% time_limit=0.0% v2v=0.1%
  [PPO ] p_loss=0.0288 v_loss=0.6612 entropy=0.2542 grad=1.0016 active=25.6%
  [SIM ] avg_power(a)=0.4319 rsu_q=23.842 tx=428 no_tx=1 deadlock=0 svc=92.360GHz idle=1.1%
   931    14.6s   -0.0264    75.0%    75.0%    90.1%       0%/100%/0%    9.220    0.004    25.0%     0.0%   0.2978   0.0081    13.2%
   932    11.4s   -0.0179    90.0%    90.0%    98.6%       0%/100%/0%    8.963 3.99e-04    10.0%     0.0%   0.2422   0.0145     8.8%
   933    17.1s   -0.0156    50.0%    50.0%    86.7%        0%/99%/0%    8.900    0.005    50.0%     0.0%   0.1689   0.0064     6.7%
   934     8.3s    0.0112    95.0%    95.0%   100.0%       0%/100%/0%    6.585    0.010     5.0%     0.0%   0.3550   0.0485     7.4%
   935    10.0s    0.0153    95.0%    95.0%    99.3%       0%/100%/0%    7.268    0.004     5.0%     0.0%   0.2919   0.0246     9.3%
   936    13.4s   -0.0043    75.0%    75.0%    96.3%       0%/100%/0%    9.620    0.002    25.0%     0.0%   0.3832   0.0093    14.5%
   937    14.7s   -0.0234    60.0%    60.0%    92.5%       0%/100%/0%    9.383 4.08e-04    40.0%     0.0%   0.3162   0.0245    15.2%
   938    10.4s    0.0080    95.0%    95.0%    99.8%       0%/100%/0%    7.663 2.32e-06     5.0%     0.0%   0.2899   0.0266    11.1%
   939    11.6s    0.0029    90.0%    90.0%    99.3%       0%/100%/0%    8.072 2.28e-06    10.0%     0.0%   0.3074   0.0132    13.4%
   940    11.7s    0.0009    95.0%    95.0%    99.5%       0%/100%/0%    8.695    0.003     5.0%     0.0%   0.3406   0.0386    11.3%
  [MA20] reward=0.0008 task_sr=87.5% miss=12.5% time_limit=0.0% v2v=0.1%
  [PPO ] p_loss=-0.0220 v_loss=0.4499 entropy=0.3406 grad=1.1201 active=23.4%
  [SIM ] avg_power(a)=0.4285 rsu_q=24.009 tx=429 no_tx=1 deadlock=0 svc=83.065GHz idle=3.7%

    Ep    Wall    R/step     T_SR     V_SR     S_SR            L/R/V   Lat(s)       En     Miss      Ill      Ent       KL     Clip
--------------------------------------------------------------------------------------------------------------------------------
   941    13.6s   -0.0188    85.0%    85.0%    96.1%        0%/99%/1%   10.118    0.007    15.0%     0.0%   0.2723  -0.0021     8.9%
   942    15.0s   -0.0143    75.0%    75.0%    95.8%       0%/100%/0%    9.820 1.65e-06    25.0%     0.0%   0.3265   0.0218     7.1%
   943    11.6s   -0.0142    95.0%    95.0%    99.8%       0%/100%/0%    8.421    0.001     5.0%     0.0%   0.3580   0.0072    12.6%
   944    14.5s   -0.0454    60.0%    60.0%    93.3%       0%/100%/0%   10.450 5.96e-04    40.0%     0.0%   0.2530   0.0065    10.9%
   945     9.3s    0.0225   100.0%   100.0%   100.0%       0%/100%/0%    7.065 2.29e-06     0.0%     0.0%   0.3869   0.0032    18.0%
   946    11.5s   -0.0051   100.0%   100.0%   100.0%       0%/100%/0%    8.330    0.005     0.0%     0.0%   0.2796   0.0168    12.8%
   947    12.9s   -0.0235    80.0%    80.0%    94.6%       0%/100%/0%    9.181    0.004    20.0%     0.0%   0.2586   0.0172    11.9%
   948    11.8s   -0.0014    95.0%    95.0%    99.0%       0%/100%/0%    8.174 8.74e-04     5.0%     0.0%   0.3806   0.0004    14.4%
   949    10.5s    0.0007    90.0%    90.0%    98.8%       0%/100%/0%    8.122 9.94e-05    10.0%     0.0%   0.3136   0.0088     9.8%
   950     9.3s    0.0140   100.0%   100.0%   100.0%       0%/100%/0%    7.200    0.007     0.0%     0.0%   0.3247   0.0593    16.4%
  [MA20] reward=-0.0067 task_sr=85.0% miss=15.0% time_limit=0.0% v2v=0.2%
  [PPO ] p_loss=0.0316 v_loss=0.7090 entropy=0.3247 grad=1.8506 active=25.6%
  [SIM ] avg_power(a)=0.4147 rsu_q=24.895 tx=424 no_tx=0 deadlock=0 svc=99.052GHz idle=1.2%
   951    15.6s   -0.0424    50.0%    50.0%    89.2%       0%/100%/0%   10.800    0.007    50.0%     0.0%   0.2718   0.0234     3.4%
   952    10.0s   -0.0042    95.0%    95.0%    99.8%        0%/99%/0%    7.589    0.008     5.0%     0.0%   0.2835   0.0013    14.5%
   953    13.1s   -0.0159    70.0%    70.0%    94.6%       0%/100%/0%    8.171 2.07e-06    30.0%     0.0%   0.3255   0.0021    10.6%
   954    13.5s   -0.0307    55.0%    55.0%    84.5%       0%/100%/0%    8.627 2.83e-06    45.0%     0.0%   0.2233   0.0290    11.8%
   955    16.2s   -0.0345    50.0%    50.0%    89.3%       0%/100%/0%   10.970    0.001    50.0%     0.0%   0.2994   0.0083    10.2%
   956     9.8s    0.0177   100.0%   100.0%   100.0%       0%/100%/0%    7.405 2.75e-06     0.0%     0.0%   0.3232   0.0124    11.6%
   957    10.5s    0.0120   100.0%   100.0%   100.0%       0%/100%/0%    7.885 3.08e-06     0.0%     0.0%   0.4038   0.0161    15.4%
   958     9.6s    0.0137   100.0%   100.0%   100.0%       0%/100%/0%    7.155 2.24e-06     0.0%     0.0%   0.2195   0.0057     9.7%
   959    11.5s   -0.0165    70.0%    70.0%    93.6%       0%/100%/0%    8.279    0.001    30.0%     0.0%   0.3447   0.0302    16.9%
   960    10.1s    0.0109   100.0%   100.0%   100.0%       0%/100%/0%    7.335 2.20e-06     0.0%     0.0%   0.3194   0.0485    15.4%
  [MA20] reward=-0.0088 task_sr=83.5% miss=16.5% time_limit=0.0% v2v=0.1%
  [PPO ] p_loss=-0.0786 v_loss=0.6417 entropy=0.3194 grad=1.2368 active=24.6%
  [SIM ] avg_power(a)=0.4549 rsu_q=22.212 tx=425 no_tx=0 deadlock=0 svc=87.229GHz idle=2.0%

    Ep    Wall    R/step     T_SR     V_SR     S_SR            L/R/V   Lat(s)       En     Miss      Ill      Ent       KL     Clip
--------------------------------------------------------------------------------------------------------------------------------
   961    10.7s   -0.0006    95.0%    95.0%    99.0%       0%/100%/0%    7.947 3.08e-06     5.0%     0.0%   0.3197   0.0030    13.1%
   962    10.8s   -0.0014    95.0%    95.0%    99.1%       0%/100%/0%    8.221 3.72e-06     5.0%     0.0%   0.4007   0.0280    10.8%
   963     9.7s    0.0231   100.0%   100.0%   100.0%       0%/100%/0%    7.265 3.26e-06     0.0%     0.0%   0.3173   0.0298    10.9%
   964    14.0s   -0.0164    60.0%    60.0%    86.2%        0%/99%/1%    8.250    0.004    40.0%     0.0%   0.1795   0.0364    11.9%
   965    11.2s   -0.0018    90.0%    90.0%    99.1%       0%/100%/0%    8.200 3.17e-06    10.0%     0.0%   0.3419 3.45e-05    12.3%
   966     9.9s    0.0154   100.0%   100.0%   100.0%       0%/100%/0%    7.625 6.72e-04     0.0%     0.0%   0.3845   0.0379    15.3%
   967    14.3s   -0.0480    45.0%    45.0%    81.4%       0%/100%/0%    8.933    0.009    55.0%     0.0%   0.4365   0.0072    13.8%
   968    12.9s   -0.0148    75.0%    75.0%    96.4%       0%/100%/0%    9.027 5.26e-04    25.0%     0.0%   0.2928   0.0389    14.0%
   969    10.1s    0.0114    95.0%    95.0%    99.1%       0%/100%/0%    7.626 2.18e-06     5.0%     0.0%   0.3786   0.0282    15.2%
   970    13.6s   -0.0190    60.0%    60.0%    93.2%       0%/100%/0%    9.292 3.04e-06    40.0%     0.0%   0.3612   0.0243    15.1%
  [MA20] reward=-0.0071 task_sr=80.2% miss=19.7% time_limit=0.0% v2v=0.1%
  [PPO ] p_loss=-0.0576 v_loss=0.8031 entropy=0.3612 grad=1.3406 active=23.3%
  [SIM ] avg_power(a)=0.4436 rsu_q=24.193 tx=392 no_tx=0 deadlock=0 svc=66.385GHz idle=0.8%
   971    15.3s   -0.0230    65.0%    65.0%    93.6%       0%/100%/0%    9.523 1.46e-04    35.0%     0.0%   0.4023   0.0233    18.5%
   972     9.0s    0.0254   100.0%   100.0%   100.0%       0%/100%/0%    6.780    0.004     0.0%     0.0%   0.2499   0.0135    11.9%
   973    12.7s    0.0049    85.0%    85.0%    97.9%       0%/100%/0%    9.118 2.59e-06    15.0%     0.0%   0.3560   0.0019    13.7%
   974    13.7s   -0.0388    50.0%    50.0%    87.0%       0%/100%/0%    9.280 1.83e-06    50.0%     0.0%   0.2109   0.0357     8.8%
   975    10.1s    0.0076    95.0%    95.0%    99.0%       0%/100%/0%    7.568 2.53e-06     5.0%     0.0%   0.3546   0.0167    16.1%
   976    12.3s   -0.0157    80.0%    80.0%    96.8%        0%/99%/1%    7.912    0.007    20.0%     0.0%   0.2537   0.0218    11.0%
   977     9.1s    0.0178   100.0%   100.0%   100.0%       0%/100%/0%    7.040    0.001     0.0%     0.0%   0.2927   0.0008     8.1%
   978    11.1s   -0.0036    85.0%    85.0%    98.6%       0%/100%/0%    7.906 3.16e-06    15.0%     0.0%   0.2976   0.0308    11.5%
   979    11.5s    0.0001    90.0%    90.0%    97.3%       0%/100%/0%    8.700 2.16e-06    10.0%     0.0%   0.2823   0.0394    10.3%
   980    10.3s    0.0182   100.0%   100.0%   100.0%       0%/100%/0%    7.500 3.03e-06     0.0%     0.0%   0.3780   0.0315    15.5%
  [MA20] reward=-0.0030 task_sr=83.2% miss=16.8% time_limit=0.0% v2v=0.1%
  [PPO ] p_loss=-0.2390 v_loss=0.5814 entropy=0.3780 grad=1.9791 active=24.0%
  [SIM ] avg_power(a)=0.4436 rsu_q=23.862 tx=421 no_tx=0 deadlock=0 svc=90.545GHz idle=3.2%

    Ep    Wall    R/step     T_SR     V_SR     S_SR            L/R/V   Lat(s)       En     Miss      Ill      Ent       KL     Clip
--------------------------------------------------------------------------------------------------------------------------------
   981     8.5s    0.0260   100.0%   100.0%   100.0%       0%/100%/0%    6.865    0.003     0.0%     0.0%   0.3461   0.0216    10.8%
   982    13.8s   -0.0211    70.0%    70.0%    92.4%       0%/100%/0%    8.293    0.004    30.0%     0.0%   0.4098   0.0351    14.7%
   983    12.2s   -0.0108    95.0%    95.0%    99.8%       0%/100%/0%    9.342 1.91e-06     5.0%     0.0%   0.3585   0.0233     6.7%
   984    11.7s   -0.0005    95.0%    95.0%    99.8%       0%/100%/0%    8.821    0.002     5.0%     0.0%   0.3000   0.0347     2.7%
   985    10.0s    0.0171    95.0%    95.0%    99.8%       0%/100%/0%    7.221 2.96e-06     5.0%     0.0%   0.2924   0.0309    12.3%
   986    11.0s    0.0014    80.0%    80.0%    98.0%       0%/100%/0%    7.525 3.15e-06    20.0%     0.0%   0.3891   0.0243     4.6%
   987    15.7s   -0.0505    45.0%    45.0%    86.9%       0%/100%/0%    9.844 8.07e-04    55.0%     0.0%   0.2681   0.0203     6.3%
   988    14.0s   -0.0363    45.0%    45.0%    88.5%       0%/100%/0%    9.311 3.65e-06    55.0%     0.0%   0.3631   0.0268    10.2%
   989    12.1s   -0.0152    85.0%    85.0%    98.1%       0%/100%/0%    8.559 3.40e-06    15.0%     0.0%   0.3202   0.0423    11.8%
   990     9.1s    0.0184   100.0%   100.0%   100.0%       0%/100%/0%    7.115 3.29e-06     0.0%     0.0%   0.3560  -0.0066    17.5%
  [MA20] reward=-0.0039 task_sr=83.0% miss=17.0% time_limit=0.0% v2v=0.1%
  [PPO ] p_loss=-0.0255 v_loss=0.3725 entropy=0.3560 grad=1.0158 active=26.1%
  [SIM ] avg_power(a)=0.4565 rsu_q=23.149 tx=415 no_tx=0 deadlock=0 svc=95.057GHz idle=2.3%
   991    10.0s    0.0132   100.0%   100.0%   100.0%       0%/100%/0%    7.720 2.36e-06     0.0%     0.0%   0.2990   0.0072     8.9%
   992    15.9s   -0.0281    35.0%    35.0%    84.4%       0%/100%/0%    8.312    0.004    65.0%     0.0%   0.3705   0.0131    16.2%
   993    15.5s   -0.0226    35.0%    35.0%    87.6%       0%/100%/0%   10.525 2.87e-06    65.0%     0.0%   0.3930   0.0242    18.2%
   994    15.4s   -0.0406    25.0%    25.0%    77.8%       0%/100%/0%    9.740 3.18e-06    75.0%     0.0%   0.3827   0.0292    19.7%
   995    14.4s   -0.0270    70.0%    70.0%    92.2%       0%/100%/0%    9.571 4.43e-04    30.0%     0.0%   0.3460   0.0127    14.9%
   996    10.8s    0.0005    85.0%    85.0%    98.1%       0%/100%/0%    8.100 2.20e-06    15.0%     0.0%   0.4101   0.0442     9.2%
   997    10.6s    0.0046   100.0%   100.0%   100.0%       0%/100%/0%    7.575    0.003     0.0%     0.0%   0.3537   0.0202    10.3%
   998    12.7s   -0.0025    95.0%    95.0%    99.8%       0%/100%/0%    8.511    0.004     5.0%     0.0%   0.3211   0.0068    11.8%
   999    12.6s    0.0038    95.0%    95.0%    99.8%       0%/100%/0%    9.053 2.88e-06     5.0%     0.0%   0.3988   0.0294    27.3%
  1000    14.0s   -0.0095    85.0%    85.0%    97.2%       0%/100%/0%    9.447 2.63e-06    15.0%     0.0%   0.3346   0.0433    20.3%
  [MA20] reward=-0.0090 task_sr=76.7% miss=23.2% time_limit=0.0% v2v=0.1%
  [PPO ] p_loss=0.0454 v_loss=1.0351 entropy=0.3346 grad=1.9001 active=21.5%
  [SIM ] avg_power(a)=0.4617 rsu_q=22.467 tx=424 no_tx=0 deadlock=0 svc=71.359GHz idle=5.2%

[Train] completed: episodes=1000 best_reward=2.5276 best_success_rate(50ep)=0.9150
[Train] key outputs: /root/vecOffloadingSim/runs/formal_rerun_n20_all_seed42_latest/logs/metrics.csv, /root/vecOffloadingSim/runs/formal_rerun_n20_all_seed42_latest/logs/training_stats.csv, /root/vecOffloadingSim/runs/formal_rerun_n20_all_seed42_latest/models/best_model.pth
[Auto Plot] disabled by DISABLE_AUTO_PLOT
