[ConfigEffective] USE_SIMPLIFIED_CRITIC=False COMMWAIT_DIRECT_TO_CRITIC=True USE_LOGIT_BIAS=True USE_FIXED_POWER=False CTDE_GLOBAL_DIM=30 GLOBAL_STATE_SOURCE=train_ctde_override
[ScaleCheck] UNIFIED cap: step<=~0.345 ep<=~69.0 term=24.0 ep/term=2.88 (Td_min=0.40s, DT=0.10s, i_cap=3, e_cap=1.5)
[ConfigDump] saved: /root/vecOffloadingSim/runs/rc1_rsu_f10_1000ep_20260302_225710/config_dump.json
[ConfigSnapshot] saved: /root/vecOffloadingSim/runs/rc1_rsu_f10_1000ep_20260302_225710/logs/config_snapshot.json
[RunMeta] saved: /root/vecOffloadingSim/runs/rc1_rsu_f10_1000ep_20260302_225710/run_meta.json

======================================================================================================================
[Train] MAPPO VEC training started
======================================================================================================================
[Run] id=rc1_rsu_f10_1000ep_20260302_225710 seed=41 device=cuda reward=UNIFIED candidate=ALL (all_feasible=True)
[Train] episodes=1000 steps/ep=200 eval_interval=50 save_interval=50 baseline_eval=off
[Scenario] vehicles=20 rsu=3 map=2000.0m lanes=2 v2v_range=250.0m rsu_range=350.0m
[Physics] BW_V2I=10.00MHz BW_V2V=20.00MHz RB=10 Ptx=[0.0200,0.1995]W (13.0,23.0 dBm) DT=0.100s
[ScaleCheck] UNIFIED nominal: E_loc=9J E_tx=0.00750952J r_time=-0.0035 r_energy=-0.0115039 r_interf=-0.03 r_risk=-0.00164317 (B_RB=2e+06Hz, SNR=20dB, dt=0.1, Td=10, rho=0.7)
[Compute] f_local=[0.50,2.00]GHz f_rsu=10.00GHz
[PPO] lr=2.00e-04 gamma=0.995 gae=0.950 clip=0.250 ent=0.012 batch=256 epochs=5 d_model=128 layers=2
[Logging] step_metrics=off step_logs=off tb_obs=on
[Paths] run=/root/vecOffloadingSim/runs/rc1_rsu_f10_1000ep_20260302_225710
[Paths] logs=/root/vecOffloadingSim/runs/rc1_rsu_f10_1000ep_20260302_225710/logs  models=/root/vecOffloadingSim/runs/rc1_rsu_f10_1000ep_20260302_225710/models  plots=/root/vecOffloadingSim/runs/rc1_rsu_f10_1000ep_20260302_225710/plots
======================================================================================================================


    Ep    Wall    R/step     T_SR     V_SR     S_SR            L/R/V   Lat(s)       En     Miss      Ill      Ent       KL     Clip
--------------------------------------------------------------------------------------------------------------------------------
     1    15.1s    0.0003    10.0%    10.0%    62.0%      37%/30%/33%    2.267    0.002    90.0%     0.0%   1.9821   0.0215     6.7%
  [MA20] reward=0.0003 task_sr=10.0% miss=90.0% time_limit=100.0% v2v=33.0%
  [PPO ] p_loss=-0.0402 v_loss=1.9606 entropy=1.9821 grad=2.8257 active=4.5%
  [SIM ] avg_power(a)=0.5062 rsu_q=0.030 tx=113 no_tx=68 deadlock=0 svc=2.767GHz idle=0.0%
  → Best model saved: Success Rate = 0.100 (50-ep avg)
     2    15.7s    0.0005    15.0%    15.0%    61.8%      34%/37%/30%    2.000    0.003    85.0%     0.0%   2.0303   0.0340     9.5%
  [MA20] reward=0.0004 task_sr=12.5% miss=87.5% time_limit=100.0% v2v=31.2%
  [PPO ] p_loss=-0.1514 v_loss=3.0179 entropy=2.0303 grad=7.8190 active=4.2%
  [SIM ] avg_power(a)=0.5001 rsu_q=0.030 tx=110 no_tx=56 deadlock=0 svc=2.586GHz idle=0.0%
  → Best model saved: Success Rate = 0.125 (50-ep avg)
     3    15.4s   -0.0001     5.0%     5.0%    58.1%      41%/24%/35%    2.000    0.002    95.0%     0.0%   1.6855   0.0955    25.0%
  [MA20] reward=0.0002 task_sr=10.0% miss=90.0% time_limit=100.0% v2v=32.5%
  [PPO ] p_loss=0.3003 v_loss=1.5103 entropy=1.6855 grad=2.3769 active=4.2%
  [SIM ] avg_power(a)=0.4971 rsu_q=0.015 tx=99 no_tx=70 deadlock=0 svc=2.458GHz idle=0.0%
     4    12.5s    0.0007    20.0%    20.0%    64.4%      33%/30%/37%    1.775    0.002    80.0%     0.0%   2.0651   0.0328     7.1%
  [MA20] reward=0.0003 task_sr=12.5% miss=87.5% time_limit=75.0% v2v=33.7%
  [PPO ] p_loss=-0.0598 v_loss=8.6918 entropy=2.0651 grad=6.8012 active=5.9%
  [SIM ] avg_power(a)=0.4951 rsu_q=0.056 tx=126 no_tx=62 deadlock=0 svc=3.694GHz idle=0.6%
     5     5.5s    0.0009    10.0%    10.0%    67.8%      46%/24%/30%    1.850    0.005    90.0%     0.0%   1.8381   0.0209    12.4%
  [MA20] reward=0.0004 task_sr=12.0% miss=88.0% time_limit=60.0% v2v=33.1%
  [PPO ] p_loss=0.0011 v_loss=2.2612 entropy=1.8381 grad=2.0049 active=13.3%
  [SIM ] avg_power(a)=0.4983 rsu_q=0.027 tx=103 no_tx=92 deadlock=0 svc=8.628GHz idle=1.3%
     6     4.2s    0.0001     5.0%     5.0%    59.6%      52%/24%/24%    2.000    0.007    95.0%     0.0%   1.7744   0.0040     9.8%
  [MA20] reward=0.0004 task_sr=10.8% miss=89.2% time_limit=50.0% v2v=31.5%
  [PPO ] p_loss=0.0202 v_loss=1.6581 entropy=1.7744 grad=1.2293 active=13.7%
  [SIM ] avg_power(a)=0.5006 rsu_q=0.000 tx=74 no_tx=81 deadlock=0 svc=8.458GHz idle=1.8%
     7     3.2s    0.0026    20.0%    20.0%    77.8%      55%/23%/22%    2.180    0.005    80.0%     0.0%   1.7475   0.0124     9.9%
  [MA20] reward=0.0007 task_sr=12.1% miss=87.9% time_limit=42.9% v2v=30.1%
  [PPO ] p_loss=-0.0004 v_loss=1.3612 entropy=1.7475 grad=0.9466 active=22.5%
  [SIM ] avg_power(a)=0.4983 rsu_q=0.091 tx=87 no_tx=109 deadlock=0 svc=15.912GHz idle=2.3%
     8     3.1s    0.0054    50.0%    50.0%    89.8%      43%/35%/22%    2.564    0.005    50.0%     0.0%   1.7489   0.0069     6.9%
  [MA20] reward=0.0013 task_sr=16.9% miss=83.1% time_limit=37.5% v2v=29.1%
  [PPO ] p_loss=-0.0162 v_loss=1.9519 entropy=1.7489 grad=1.4431 active=27.2%
  [SIM ] avg_power(a)=0.4906 rsu_q=0.140 tx=131 no_tx=100 deadlock=0 svc=17.896GHz idle=2.3%
  → Best model saved: Success Rate = 0.169 (50-ep avg)
     9    14.9s    0.0008    20.0%    20.0%    69.9%      44%/32%/24%    1.650    0.003    75.0%     0.0%   1.8106   0.0089     6.3%
  [MA20] reward=0.0012 task_sr=17.2% miss=82.2% time_limit=44.4% v2v=28.5%
  [PPO ] p_loss=-0.0006 v_loss=4.5261 entropy=1.8106 grad=2.8974 active=5.0%
  [SIM ] avg_power(a)=0.5000 rsu_q=0.015 tx=104 no_tx=84 deadlock=0 svc=3.256GHz idle=0.0%
  → Best model saved: Success Rate = 0.172 (50-ep avg)
    10     7.1s    0.0002     5.0%     5.0%    71.1%      49%/25%/26%    2.567    0.002    95.0%     0.0%   1.8747   0.0135    10.8%
  [MA20] reward=0.0011 task_sr=16.0% miss=83.5% time_limit=40.0% v2v=28.3%
  [PPO ] p_loss=-0.0261 v_loss=2.7908 entropy=1.8747 grad=1.2970 active=11.0%
  [SIM ] avg_power(a)=0.5028 rsu_q=0.011 tx=103 no_tx=101 deadlock=0 svc=7.121GHz idle=1.1%
    11    13.8s    0.0004    25.0%    25.0%    79.6%      46%/32%/23%    2.240    0.002    75.0%     0.0%   1.7713   0.0209     4.3%
  [MA20] reward=0.0011 task_sr=16.8% miss=82.7% time_limit=45.5% v2v=27.8%
  [PPO ] p_loss=-0.0790 v_loss=2.6326 entropy=1.7713 grad=2.7564 active=4.8%
  [SIM ] avg_power(a)=0.5054 rsu_q=0.025 tx=102 no_tx=87 deadlock=0 svc=3.225GHz idle=0.0%
    12    15.1s    0.0003    15.0%    15.0%    68.0%      48%/24%/28%    2.350    0.001    85.0%     0.0%   1.8674   0.0297     6.5%
  [MA20] reward=0.0010 task_sr=16.7% miss=82.9% time_limit=50.0% v2v=27.8%
  [PPO ] p_loss=0.0400 v_loss=10.0310 entropy=1.8674 grad=5.3084 active=4.5%
  [SIM ] avg_power(a)=0.5039 rsu_q=0.005 tx=93 no_tx=86 deadlock=0 svc=2.717GHz idle=0.0%
    13     9.6s    0.0001     5.0%     5.0%    57.5%      49%/26%/26%    2.000    0.003    95.0%     0.0%   1.8689   0.0169     9.7%
  [MA20] reward=0.0009 task_sr=15.8% miss=83.8% time_limit=46.2% v2v=27.6%
  [PPO ] p_loss=-0.0030 v_loss=3.2916 entropy=1.8689 grad=1.7668 active=7.0%
  [SIM ] avg_power(a)=0.5041 rsu_q=0.016 tx=90 no_tx=86 deadlock=0 svc=4.223GHz idle=0.8%
    14     3.0s    0.0036    20.0%    20.0%    79.2%      36%/34%/31%    1.900    0.007    80.0%     0.0%   1.8420   0.0121     6.1%
  [MA20] reward=0.0011 task_sr=16.1% miss=83.6% time_limit=42.9% v2v=27.8%
  [PPO ] p_loss=0.0031 v_loss=0.9953 entropy=1.8420 grad=1.0234 active=26.7%
  [SIM ] avg_power(a)=0.5029 rsu_q=0.256 tx=129 no_tx=74 deadlock=0 svc=18.053GHz idle=2.6%
    15     4.9s    0.0003     5.0%     5.0%    70.7%      41%/31%/28%    2.550    0.012    95.0%     0.0%   1.9116   0.0199    10.8%
  [MA20] reward=0.0011 task_sr=15.3% miss=84.3% time_limit=40.0% v2v=27.8%
  [PPO ] p_loss=-0.0045 v_loss=3.1751 entropy=1.9116 grad=1.2308 active=15.2%
  [SIM ] avg_power(a)=0.5104 rsu_q=0.045 tx=116 no_tx=82 deadlock=0 svc=9.434GHz idle=1.5%
    16    15.5s    0.0005    10.0%    10.0%    59.7%      37%/33%/30%    1.500    0.004    90.0%     0.0%   2.0505   0.0133     4.5%
  [MA20] reward=0.0010 task_sr=15.0% miss=84.7% time_limit=43.8% v2v=27.9%
  [PPO ] p_loss=0.0283 v_loss=3.4077 entropy=2.0505 grad=1.9899 active=4.9%
  [SIM ] avg_power(a)=0.5047 rsu_q=0.010 tx=122 no_tx=73 deadlock=0 svc=2.954GHz idle=0.0%
    17     3.4s    0.0001     0.0%     0.0%    65.9%      30%/35%/35%    0.000    0.012   100.0%     0.0%   2.0003  -0.0065     5.6%
  [MA20] reward=0.0010 task_sr=14.1% miss=85.6% time_limit=41.2% v2v=28.4%
  [PPO ] p_loss=0.0058 v_loss=1.4108 entropy=2.0003 grad=0.8255 active=19.6%
  [SIM ] avg_power(a)=0.4920 rsu_q=0.089 tx=122 no_tx=52 deadlock=0 svc=13.623GHz idle=2.2%
    18     9.9s    0.0004    15.0%    15.0%    60.3%      30%/32%/39%    2.100    0.005    85.0%     0.0%   1.9787   0.0016     7.4%
  [MA20] reward=0.0009 task_sr=14.2% miss=85.6% time_limit=38.9% v2v=28.9%
  [PPO ] p_loss=-0.0164 v_loss=17.6368 entropy=1.9787 grad=3.9013 active=6.4%
  [SIM ] avg_power(a)=0.5086 rsu_q=0.015 tx=116 no_tx=51 deadlock=0 svc=3.350GHz idle=0.7%
    19     6.0s    0.0000     0.0%     0.0%    63.7%      25%/36%/39%    2.800    0.009   100.0%     0.0%   2.0562   0.0119     9.1%
  [MA20] reward=0.0009 task_sr=13.4% miss=86.3% time_limit=36.8% v2v=29.5%
  [PPO ] p_loss=0.0208 v_loss=7.6408 entropy=2.0562 grad=1.6175 active=12.0%
  [SIM ] avg_power(a)=0.5057 rsu_q=0.054 tx=133 no_tx=44 deadlock=0 svc=7.517GHz idle=1.4%
    20    15.3s    0.0005    15.0%    15.0%    61.8%      29%/37%/34%    1.900    0.004    85.0%     0.0%   2.0265   0.0260     4.5%
  [MA20] reward=0.0009 task_sr=13.5% miss=86.2% time_limit=40.0% v2v=29.7%
  [PPO ] p_loss=0.1844 v_loss=8.1327 entropy=2.0265 grad=7.7374 active=4.6%
  [SIM ] avg_power(a)=0.5055 rsu_q=0.025 tx=130 no_tx=53 deadlock=0 svc=3.006GHz idle=0.0%

    Ep    Wall    R/step     T_SR     V_SR     S_SR            L/R/V   Lat(s)       En     Miss      Ill      Ent       KL     Clip
--------------------------------------------------------------------------------------------------------------------------------
    21     4.5s    0.0015    15.0%    15.0%    73.6%      29%/33%/39%    2.000    0.008    85.0%     0.0%   1.9222   0.0177     8.1%
  [MA20] reward=0.0009 task_sr=13.7% miss=86.0% time_limit=35.0% v2v=30.0%
  [PPO ] p_loss=0.0041 v_loss=1.9524 entropy=1.9222 grad=2.5033 active=16.1%
  [SIM ] avg_power(a)=0.5037 rsu_q=0.033 tx=136 no_tx=56 deadlock=0 svc=10.392GHz idle=1.6%
    22    15.9s   -0.0001     0.0%     0.0%    53.5%      30%/32%/38%    0.000    0.004   100.0%     0.0%   1.7648   0.0898    21.4%
  [MA20] reward=0.0009 task_sr=13.0% miss=86.8% time_limit=35.0% v2v=30.4%
  [PPO ] p_loss=-0.2670 v_loss=2.0235 entropy=1.7648 grad=5.5609 active=4.0%
  [SIM ] avg_power(a)=0.5046 rsu_q=0.045 tx=109 no_tx=48 deadlock=0 svc=2.357GHz idle=0.0%
    23     7.0s    0.0008    10.0%    10.0%    76.0%      24%/46%/30%    1.900    0.005    90.0%     0.0%   1.9676   0.0178     7.2%
  [MA20] reward=0.0010 task_sr=13.2% miss=86.5% time_limit=30.0% v2v=30.2%
  [PPO ] p_loss=0.0047 v_loss=2.0652 entropy=1.9676 grad=2.3488 active=10.4%
  [SIM ] avg_power(a)=0.5021 rsu_q=0.095 tx=150 no_tx=47 deadlock=0 svc=7.010GHz idle=1.1%
    24    12.6s   -0.0001     0.0%     0.0%    67.8%      25%/38%/37%    0.000    0.004   100.0%     0.0%   2.0617   0.0082    15.0%
  [MA20] reward=0.0009 task_sr=12.3% miss=87.5% time_limit=30.0% v2v=30.1%
  [PPO ] p_loss=-0.0278 v_loss=11.8992 entropy=2.0617 grad=8.1695 active=5.7%
  [SIM ] avg_power(a)=0.5027 rsu_q=0.036 tx=138 no_tx=48 deadlock=0 svc=3.203GHz idle=0.6%
    25    16.4s    0.0000     5.0%     5.0%    51.3%      22%/34%/44%    2.600    0.003    95.0%     0.0%   2.2129   0.0032    12.1%
  [MA20] reward=0.0009 task_sr=12.0% miss=87.8% time_limit=35.0% v2v=30.8%
  [PPO ] p_loss=0.0375 v_loss=9.3303 entropy=2.2129 grad=8.8836 active=4.0%
  [SIM ] avg_power(a)=0.5100 rsu_q=0.020 tx=125 no_tx=36 deadlock=0 svc=2.154GHz idle=0.0%
    26    12.2s    0.0006    20.0%    20.0%    68.1%      21%/40%/39%    2.225    0.005    80.0%     0.0%   2.0106   0.0130    16.1%
  [MA20] reward=0.0009 task_sr=12.8% miss=87.0% time_limit=35.0% v2v=31.6%
  [PPO ] p_loss=-0.0296 v_loss=14.0564 entropy=2.0106 grad=4.3319 active=5.6%
  [SIM ] avg_power(a)=0.5077 rsu_q=0.030 tx=145 no_tx=39 deadlock=0 svc=3.560GHz idle=0.6%
    27    14.4s    0.0003    15.0%    15.0%    72.9%      18%/43%/38%    2.167    0.002    85.0%     0.0%   1.9381   0.0115     9.8%
  [MA20] reward=0.0008 task_sr=12.5% miss=87.2% time_limit=35.0% v2v=32.4%
  [PPO ] p_loss=-0.0159 v_loss=7.7163 entropy=1.9381 grad=3.2454 active=5.3%
  [SIM ] avg_power(a)=0.5071 rsu_q=0.077 tx=167 no_tx=38 deadlock=0 svc=3.363GHz idle=0.5%
    28     4.5s    0.0031    40.0%    40.0%    77.8%      15%/54%/31%    2.230    0.014    60.0%     0.0%   1.9496  -0.0049    16.6%
  [MA20] reward=0.0007 task_sr=12.0% miss=87.8% time_limit=35.0% v2v=32.8%
  [PPO ] p_loss=0.0096 v_loss=1.3769 entropy=1.9496 grad=1.0448 active=15.5%
  [SIM ] avg_power(a)=0.5132 rsu_q=0.435 tx=163 no_tx=28 deadlock=0 svc=10.625GHz idle=1.6%
    29     3.0s    0.0015     5.0%     5.0%    75.3%      13%/52%/35%    2.167    0.027    95.0%     0.0%   1.8981   0.0044    11.3%
  [MA20] reward=0.0007 task_sr=11.2% miss=88.8% time_limit=30.0% v2v=33.4%
  [PPO ] p_loss=-0.0104 v_loss=2.1420 entropy=1.8981 grad=1.3443 active=24.5%
  [SIM ] avg_power(a)=0.5166 rsu_q=0.538 tx=164 no_tx=25 deadlock=0 svc=16.489GHz idle=2.6%
    30     7.1s    0.0017    30.0%    30.0%    79.2%      15%/55%/30%    2.086    0.015    70.0%     0.0%   1.9157   0.0130     8.8%
  [MA20] reward=0.0008 task_sr=12.5% miss=87.5% time_limit=30.0% v2v=33.6%
  [PPO ] p_loss=0.0037 v_loss=9.4226 entropy=1.9157 grad=4.3664 active=10.5%
  [SIM ] avg_power(a)=0.5102 rsu_q=0.100 tx=176 no_tx=31 deadlock=0 svc=6.766GHz idle=1.0%
    31    14.7s    0.0003    15.0%    15.0%    69.9%      15%/47%/38%    2.350    0.008    85.0%     0.0%   1.8033   0.0183    11.1%
  [MA20] reward=0.0008 task_sr=12.0% miss=88.0% time_limit=30.0% v2v=34.4%
  [PPO ] p_loss=0.0392 v_loss=1.7371 entropy=1.8033 grad=2.9575 active=4.9%
  [SIM ] avg_power(a)=0.5055 rsu_q=0.100 tx=165 no_tx=30 deadlock=0 svc=3.212GHz idle=0.0%
    32     3.3s    0.0038    30.0%    30.0%    80.5%      16%/57%/27%    2.257    0.015    70.0%     0.0%   1.9171   0.0025     7.5%
  [MA20] reward=0.0010 task_sr=12.8% miss=87.2% time_limit=25.0% v2v=34.3%
  [PPO ] p_loss=-0.0163 v_loss=1.7262 entropy=1.9171 grad=2.0555 active=25.6%
  [SIM ] avg_power(a)=0.5108 rsu_q=0.714 tx=172 no_tx=35 deadlock=0 svc=17.197GHz idle=2.4%
    33    12.5s    0.0004    35.0%    35.0%    73.4%      14%/55%/31%    2.671    0.006    65.0%     0.0%   1.9737   0.0123    11.4%
  [MA20] reward=0.0010 task_sr=14.2% miss=85.8% time_limit=25.0% v2v=34.6%
  [PPO ] p_loss=-0.0017 v_loss=7.9720 entropy=1.9737 grad=4.0715 active=5.8%
  [SIM ] avg_power(a)=0.5009 rsu_q=0.102 tx=169 no_tx=29 deadlock=0 svc=3.766GHz idle=0.6%
    34     8.7s    0.0018    40.0%    40.0%    78.7%      18%/46%/36%    2.163    0.006    60.0%     0.0%   1.9796   0.0059    10.0%
  [MA20] reward=0.0009 task_sr=15.2% miss=84.7% time_limit=25.0% v2v=34.8%
  [PPO ] p_loss=-0.0167 v_loss=2.9881 entropy=1.9796 grad=3.7089 active=8.8%
  [SIM ] avg_power(a)=0.5067 rsu_q=0.071 tx=161 no_tx=36 deadlock=0 svc=5.795GHz idle=0.9%
    35     4.0s    0.0024    35.0%    35.0%    79.7%      18%/49%/33%    2.100    0.029    65.0%     0.0%   1.7677   0.0170     9.6%
  [MA20] reward=0.0010 task_sr=16.8% miss=83.2% time_limit=25.0% v2v=35.1%
  [PPO ] p_loss=0.0139 v_loss=1.4394 entropy=1.7677 grad=1.6389 active=17.9%
  [SIM ] avg_power(a)=0.5065 rsu_q=0.345 tx=162 no_tx=35 deadlock=0 svc=12.001GHz idle=1.8%
    36     4.4s    0.0016    25.0%    25.0%    74.9%      17%/48%/35%    1.920    0.013    75.0%     0.0%   1.8596  -0.0051    10.9%
  [MA20] reward=0.0010 task_sr=17.5% miss=82.5% time_limit=20.0% v2v=35.4%
  [PPO ] p_loss=0.0062 v_loss=1.4716 entropy=1.8596 grad=1.2761 active=17.6%
  [SIM ] avg_power(a)=0.5073 rsu_q=0.293 tx=166 no_tx=35 deadlock=0 svc=11.302GHz idle=1.7%
    37     4.8s    0.0022    25.0%    25.0%    66.7%      16%/49%/35%    2.140    0.012    75.0%     0.0%   1.8591   0.0310    11.2%
  [MA20] reward=0.0011 task_sr=18.8% miss=81.2% time_limit=20.0% v2v=35.4%
  [PPO ] p_loss=0.0065 v_loss=1.3874 entropy=1.8591 grad=0.9563 active=16.0%
  [SIM ] avg_power(a)=0.5048 rsu_q=0.311 tx=160 no_tx=31 deadlock=0 svc=9.998GHz idle=1.6%
    38     3.0s    0.0046    30.0%    30.0%    84.6%      14%/60%/26%    2.338    0.022    70.0%     0.0%   1.6530   0.0039     6.4%
  [MA20] reward=0.0014 task_sr=19.5% miss=80.5% time_limit=20.0% v2v=34.7%
  [PPO ] p_loss=-0.0038 v_loss=1.1997 entropy=1.6530 grad=0.7239 active=29.6%
  [SIM ] avg_power(a)=0.5072 rsu_q=0.846 tx=196 no_tx=33 deadlock=0 svc=20.036GHz idle=2.6%
    39     5.9s    0.0023    30.0%    30.0%    80.9%      14%/57%/29%    2.117    0.013    70.0%     0.0%   1.7865   0.0173     7.5%
  [MA20] reward=0.0015 task_sr=21.0% miss=79.0% time_limit=20.0% v2v=34.2%
  [PPO ] p_loss=-0.0310 v_loss=1.4086 entropy=1.7865 grad=0.9889 active=15.2%
  [SIM ] avg_power(a)=0.5221 rsu_q=0.286 tx=193 no_tx=33 deadlock=0 svc=9.787GHz idle=1.3%
  → Best model saved: Success Rate = 0.173 (50-ep avg)
    40    14.5s    0.0003    15.0%    15.0%    75.4%      17%/52%/31%    2.100    0.006    85.0%     0.0%   1.6971   0.0068    12.7%
  [MA20] reward=0.0015 task_sr=21.0% miss=79.0% time_limit=20.0% v2v=34.1%
  [PPO ] p_loss=-0.0128 v_loss=6.2491 entropy=1.6971 grad=2.1259 active=4.8%
  [SIM ] avg_power(a)=0.5099 rsu_q=0.090 tx=159 no_tx=32 deadlock=0 svc=2.997GHz idle=0.0%

    Ep    Wall    R/step     T_SR     V_SR     S_SR            L/R/V   Lat(s)       En     Miss      Ill      Ent       KL     Clip
--------------------------------------------------------------------------------------------------------------------------------
    41    14.3s    0.0005    15.0%    15.0%    78.5%      25%/53%/21%    1.975    0.004    85.0%     0.0%   1.7342   0.0090     4.1%
  [MA20] reward=0.0014 task_sr=21.0% miss=79.0% time_limit=25.0% v2v=33.2%
  [PPO ] p_loss=-0.0345 v_loss=3.3787 entropy=1.7342 grad=1.9608 active=5.4%
  [SIM ] avg_power(a)=0.5054 rsu_q=0.045 tx=161 no_tx=55 deadlock=0 svc=3.356GHz idle=0.0%
    42     3.2s    0.0046    35.0%    35.0%    78.7%      15%/60%/25%    2.350    0.036    65.0%     0.0%   1.6626   0.0150     6.3%
  [MA20] reward=0.0016 task_sr=22.7% miss=77.2% time_limit=20.0% v2v=32.5%
  [PPO ] p_loss=-0.0086 v_loss=2.1924 entropy=1.6626 grad=0.8413 active=25.8%
  [SIM ] avg_power(a)=0.5120 rsu_q=0.500 tx=169 no_tx=31 deadlock=0 svc=17.116GHz idle=2.5%
  → Best model saved: Success Rate = 0.176 (50-ep avg)
    43     4.2s    0.0036    25.0%    25.0%    78.7%      21%/62%/17%    2.217    0.016    75.0%     0.0%   1.6699   0.0003     4.4%
  [MA20] reward=0.0018 task_sr=23.5% miss=76.5% time_limit=20.0% v2v=31.9%
  [PPO ] p_loss=0.0120 v_loss=1.7641 entropy=1.6699 grad=0.7986 active=21.1%
  [SIM ] avg_power(a)=0.4895 rsu_q=0.627 tx=170 no_tx=45 deadlock=0 svc=13.331GHz idle=2.0%
  → Best model saved: Success Rate = 0.178 (50-ep avg)
    44     3.3s    0.0030    25.0%    25.0%    74.3%      20%/62%/18%    2.000    0.021    75.0%     0.0%   1.6836   0.0142     5.4%
  [MA20] reward=0.0019 task_sr=24.7% miss=75.2% time_limit=20.0% v2v=30.9%
  [PPO ] p_loss=0.0008 v_loss=1.1393 entropy=1.6836 grad=0.6325 active=23.7%
  [SIM ] avg_power(a)=0.4937 rsu_q=0.524 tx=156 no_tx=40 deadlock=0 svc=15.092GHz idle=2.4%
  → Best model saved: Success Rate = 0.180 (50-ep avg)
    45     6.3s    0.0020    35.0%    35.0%    83.8%      14%/58%/28%    2.229    0.004    65.0%     0.0%   1.5969   0.0220    10.4%
  [MA20] reward=0.0020 task_sr=26.2% miss=73.8% time_limit=15.0% v2v=30.1%
  [PPO ] p_loss=-0.0032 v_loss=2.1132 entropy=1.5969 grad=0.9195 active=12.0%
  [SIM ] avg_power(a)=0.5012 rsu_q=0.244 tx=175 no_tx=30 deadlock=0 svc=8.266GHz idle=1.2%
  → Best model saved: Success Rate = 0.183 (50-ep avg)
    46     3.1s    0.0067    40.0%    40.0%    85.8%      23%/63%/14%    2.389    0.024    60.0%     0.0%   1.5912   0.0115     6.1%
  [MA20] reward=0.0023 task_sr=27.2% miss=72.7% time_limit=15.0% v2v=28.9%
  [PPO ] p_loss=0.0156 v_loss=1.4704 entropy=1.5912 grad=0.9003 active=30.5%
  [SIM ] avg_power(a)=0.5142 rsu_q=0.711 tx=177 no_tx=53 deadlock=0 svc=20.945GHz idle=2.6%
  → Best model saved: Success Rate = 0.188 (50-ep avg)
    47     3.4s    0.0047    55.0%    55.0%    83.6%      23%/59%/18%    2.362    0.017    45.0%     0.0%   1.6945   0.0079     8.2%
  [MA20] reward=0.0026 task_sr=29.2% miss=70.7% time_limit=15.0% v2v=27.9%
  [PPO ] p_loss=-0.0020 v_loss=1.5649 entropy=1.6945 grad=0.8371 active=22.5%
  [SIM ] avg_power(a)=0.4927 rsu_q=0.739 tx=159 no_tx=47 deadlock=0 svc=16.293GHz idle=2.2%
  → Best model saved: Success Rate = 0.196 (50-ep avg)
    48     2.9s    0.0066    50.0%    50.0%    78.9%      25%/55%/20%    2.160    0.021    50.0%     0.0%   1.6762   0.0076     9.5%
  [MA20] reward=0.0027 task_sr=29.8% miss=70.2% time_limit=15.0% v2v=27.4%
  [PPO ] p_loss=-0.0156 v_loss=1.1999 entropy=1.6762 grad=0.7370 active=24.4%
  [SIM ] avg_power(a)=0.5114 rsu_q=0.366 tx=149 no_tx=50 deadlock=0 svc=17.065GHz idle=2.4%
  → Best model saved: Success Rate = 0.202 (50-ep avg)
    49     9.2s    0.0009    35.0%    35.0%    78.0%      25%/48%/27%    2.443    0.008    65.0%     0.0%   1.7951   0.0173    11.0%
  [MA20] reward=0.0027 task_sr=31.2% miss=68.8% time_limit=15.0% v2v=26.9%
  [PPO ] p_loss=0.0032 v_loss=2.4006 entropy=1.7951 grad=1.3222 active=7.4%
  [SIM ] avg_power(a)=0.5046 rsu_q=0.060 tx=147 no_tx=49 deadlock=0 svc=4.849GHz idle=0.8%
  → Best model saved: Success Rate = 0.205 (50-ep avg)
    50     2.7s    0.0042    25.0%    25.0%    85.3%      18%/56%/27%    2.244    0.033    75.0%     0.0%   1.8324   0.0045    13.7%
  [MA20] reward=0.0028 task_sr=31.0% miss=69.0% time_limit=15.0% v2v=26.8%
  [PPO ] p_loss=0.0091 v_loss=1.5791 entropy=1.8324 grad=0.5532 active=30.0%
  [SIM ] avg_power(a)=0.4957 rsu_q=0.371 tx=172 no_tx=37 deadlock=0 svc=19.794GHz idle=2.9%
  → Best model saved: Success Rate = 0.206 (50-ep avg)
    51    13.4s    0.0008    35.0%    35.0%    83.3%      17%/54%/29%    2.113    0.003    65.0%     0.0%   1.8425   0.0134     9.5%
  [MA20] reward=0.0029 task_sr=32.0% miss=68.0% time_limit=15.0% v2v=26.3%
  [PPO ] p_loss=0.0037 v_loss=10.0494 entropy=1.8425 grad=2.0933 active=5.2%
  [SIM ] avg_power(a)=0.5010 rsu_q=0.110 tx=166 no_tx=36 deadlock=0 svc=3.132GHz idle=0.0%
  → Best model saved: Success Rate = 0.211 (50-ep avg)
    52     5.0s    0.0013    15.0%    15.0%    81.7%      26%/46%/28%    2.100    0.011    85.0%     0.0%   1.9098   0.0147    15.0%
  [MA20] reward=0.0027 task_sr=31.2% miss=68.8% time_limit=15.0% v2v=26.4%
  [PPO ] p_loss=-0.0018 v_loss=1.9974 entropy=1.9098 grad=0.9650 active=14.9%
  [SIM ] avg_power(a)=0.4972 rsu_q=0.250 tx=148 no_tx=53 deadlock=0 svc=9.685GHz idle=1.5%
  → Best model saved: Success Rate = 0.211 (50-ep avg)
    53    10.3s    0.0002     5.0%     5.0%    66.4%      22%/39%/39%    2.400    0.007    95.0%     0.0%   2.0310   0.0183    13.6%
  [MA20] reward=0.0027 task_sr=29.8% miss=70.2% time_limit=15.0% v2v=26.8%
  [PPO ] p_loss=0.0436 v_loss=1.8197 entropy=2.0310 grad=1.5538 active=7.6%
  [SIM ] avg_power(a)=0.4846 rsu_q=0.158 tx=154 no_tx=44 deadlock=0 svc=4.903GHz idle=0.8%
  → Best model saved: Success Rate = 0.211 (50-ep avg)
    54     7.4s    0.0006    10.0%    10.0%    67.6%      22%/37%/41%    2.000    0.007    90.0%     0.0%   2.0043   0.0220    14.7%
  [MA20] reward=0.0027 task_sr=28.2% miss=71.8% time_limit=15.0% v2v=27.1%
  [PPO ] p_loss=-0.0430 v_loss=1.8250 entropy=2.0043 grad=1.4965 active=9.7%
  [SIM ] avg_power(a)=0.4747 rsu_q=0.051 tx=147 no_tx=42 deadlock=0 svc=6.260GHz idle=1.0%
    55     3.7s    0.0002     5.0%     5.0%    59.8%      24%/33%/43%    2.900    0.016    95.0%     0.0%   2.0586   0.0022    12.2%
  [MA20] reward=0.0025 task_sr=26.7% miss=73.2% time_limit=15.0% v2v=27.6%
  [PPO ] p_loss=-0.0052 v_loss=1.5238 entropy=2.0586 grad=1.1136 active=17.3%
  [SIM ] avg_power(a)=0.4708 rsu_q=0.122 tx=126 no_tx=41 deadlock=0 svc=11.232GHz idle=2.0%
    56    15.6s    0.0002     5.0%     5.0%    62.8%      22%/34%/44%    2.100    0.003    95.0%     0.0%   2.3189   0.0270     7.1%
  [MA20] reward=0.0025 task_sr=25.7% miss=74.2% time_limit=20.0% v2v=28.0%
  [PPO ] p_loss=-0.2585 v_loss=2.0260 entropy=2.3189 grad=2.5573 active=4.8%
  [SIM ] avg_power(a)=0.4880 rsu_q=0.015 tx=144 no_tx=41 deadlock=0 svc=2.785GHz idle=0.0%
    57    16.0s    0.0002     5.0%     5.0%    54.1%      30%/27%/42%    1.500    0.003    95.0%     0.0%   2.0933   0.0160    13.0%
  [MA20] reward=0.0024 task_sr=24.7% miss=75.2% time_limit=25.0% v2v=28.4%
  [PPO ] p_loss=0.0601 v_loss=3.5624 entropy=2.0933 grad=3.9019 active=3.8%
  [SIM ] avg_power(a)=0.4863 rsu_q=0.005 tx=104 no_tx=46 deadlock=0 svc=2.193GHz idle=0.0%
    58    15.7s   -0.0001     0.0%     0.0%    61.6%      32%/35%/34%    0.000    0.005   100.0%     0.0%   1.9801   0.0201    13.9%
  [MA20] reward=0.0021 task_sr=23.2% miss=76.7% time_limit=30.0% v2v=28.8%
  [PPO ] p_loss=-0.0527 v_loss=2.0752 entropy=1.9801 grad=1.7673 active=4.5%
  [SIM ] avg_power(a)=0.4958 rsu_q=0.025 tx=119 no_tx=58 deadlock=0 svc=2.839GHz idle=0.0%
    59     4.4s    0.0004     0.0%     0.0%    61.2%      24%/43%/33%    0.000    0.023   100.0%     0.0%   1.9983   0.0280    18.9%
  [MA20] reward=0.0020 task_sr=21.7% miss=78.2% time_limit=30.0% v2v=29.0%
  [PPO ] p_loss=-0.0214 v_loss=1.3222 entropy=1.9983 grad=0.9267 active=18.0%
  [SIM ] avg_power(a)=0.4760 rsu_q=0.135 tx=140 no_tx=44 deadlock=0 svc=12.135GHz idle=1.9%
    60    15.8s    0.0005    15.0%    15.0%    65.0%      30%/34%/35%    2.100    0.002    85.0%     0.0%   1.7942   0.0259     3.3%
  [MA20] reward=0.0021 task_sr=21.8% miss=78.2% time_limit=30.0% v2v=29.2%
  [PPO ] p_loss=-0.1389 v_loss=3.0882 entropy=1.7942 grad=1.4925 active=5.1%
  [SIM ] avg_power(a)=0.4863 rsu_q=0.025 tx=139 no_tx=62 deadlock=0 svc=2.950GHz idle=0.0%

    Ep    Wall    R/step     T_SR     V_SR     S_SR            L/R/V   Lat(s)       En     Miss      Ill      Ent       KL     Clip
--------------------------------------------------------------------------------------------------------------------------------
    61    16.0s    0.0002    15.0%    15.0%    56.6%      28%/33%/38%    2.233    0.003    85.0%     0.0%   2.0512   0.0053     8.9%
  [MA20] reward=0.0020 task_sr=21.8% miss=78.2% time_limit=30.0% v2v=30.0%
  [PPO ] p_loss=0.0260 v_loss=1.9114 entropy=2.0512 grad=1.7253 active=4.7%
  [SIM ] avg_power(a)=0.4813 rsu_q=0.020 tx=130 no_tx=53 deadlock=0 svc=2.760GHz idle=0.0%
    62    16.2s    0.0002    10.0%    10.0%    64.6%      23%/35%/42%    2.100    0.004    90.0%     0.0%   2.0444  -0.0019    10.1%
  [MA20] reward=0.0018 task_sr=20.5% miss=79.5% time_limit=35.0% v2v=30.9%
  [PPO ] p_loss=0.0006 v_loss=4.9842 entropy=2.0444 grad=1.8293 active=5.0%
  [SIM ] avg_power(a)=0.4907 rsu_q=0.050 tx=148 no_tx=45 deadlock=0 svc=3.059GHz idle=0.0%
    63    14.9s    0.0000     5.0%     5.0%    71.1%      25%/42%/33%    2.900    0.004    95.0%     0.0%   1.9422   0.0132     8.6%
  [MA20] reward=0.0016 task_sr=19.5% miss=80.5% time_limit=40.0% v2v=31.7%
  [PPO ] p_loss=-0.0318 v_loss=2.6586 entropy=1.9422 grad=1.9094 active=5.0%
  [SIM ] avg_power(a)=0.4846 rsu_q=0.055 tx=146 no_tx=49 deadlock=0 svc=3.306GHz idle=0.0%
    64     7.3s    0.0008    10.0%    10.0%    70.9%      23%/40%/36%    2.167    0.007    90.0%     0.0%   1.9302   0.0176    15.5%
  [MA20] reward=0.0015 task_sr=18.7% miss=81.2% time_limit=40.0% v2v=32.6%
  [PPO ] p_loss=-0.0156 v_loss=1.8407 entropy=1.9302 grad=1.0969 active=10.3%
  [SIM ] avg_power(a)=0.4887 rsu_q=0.010 tx=151 no_tx=46 deadlock=0 svc=6.331GHz idle=1.0%
    65     3.6s    0.0018    15.0%    15.0%    75.3%      27%/39%/34%    1.933    0.010    85.0%     0.0%   1.8749   0.0136    12.2%
  [MA20] reward=0.0015 task_sr=17.8% miss=82.2% time_limit=40.0% v2v=33.0%
  [PPO ] p_loss=-0.0248 v_loss=1.8041 entropy=1.8749 grad=1.0784 active=20.5%
  [SIM ] avg_power(a)=0.4845 rsu_q=0.239 tx=137 no_tx=51 deadlock=0 svc=13.588GHz idle=2.2%
    66    14.8s    0.0002    10.0%    10.0%    68.9%      22%/54%/23%    2.400    0.004    90.0%     0.0%   1.8272   0.0046    12.6%
  [MA20] reward=0.0012 task_sr=16.2% miss=83.7% time_limit=45.0% v2v=33.4%
  [PPO ] p_loss=-0.0360 v_loss=3.3619 entropy=1.8272 grad=1.7348 active=4.6%
  [SIM ] avg_power(a)=0.4935 rsu_q=0.065 tx=143 no_tx=41 deadlock=0 svc=3.021GHz idle=0.0%
    67    12.2s    0.0012    35.0%    35.0%    79.4%      15%/51%/35%    2.188    0.004    65.0%     0.0%   1.7566   0.0053    10.1%
  [MA20] reward=0.0010 task_sr=15.2% miss=84.7% time_limit=45.0% v2v=34.2%
  [PPO ] p_loss=-0.0067 v_loss=2.2666 entropy=1.7566 grad=1.4998 active=5.9%
  [SIM ] avg_power(a)=0.4813 rsu_q=0.110 tx=172 no_tx=30 deadlock=0 svc=3.666GHz idle=0.6%
    68    10.7s    0.0014    25.0%    25.0%    77.3%      17%/56%/27%    2.283    0.004    75.0%     0.0%   1.6972   0.0193    13.2%
  [MA20] reward=0.0008 task_sr=14.0% miss=86.0% time_limit=45.0% v2v=34.5%
  [PPO ] p_loss=-0.0076 v_loss=3.2423 entropy=1.6972 grad=1.3335 active=8.2%
  [SIM ] avg_power(a)=0.4875 rsu_q=0.226 tx=182 no_tx=38 deadlock=0 svc=5.437GHz idle=0.7%
    69    12.0s    0.0016    40.0%    40.0%    80.0%      11%/62%/27%    1.989    0.003    60.0%     0.0%   1.6944   0.0307    14.3%
  [MA20] reward=0.0008 task_sr=14.3% miss=85.8% time_limit=45.0% v2v=34.6%
  [PPO ] p_loss=-0.0204 v_loss=3.1432 entropy=1.6944 grad=1.7884 active=6.2%
  [SIM ] avg_power(a)=0.4813 rsu_q=0.214 tx=180 no_tx=23 deadlock=0 svc=4.080GHz idle=0.6%
    70     7.4s    0.0010    20.0%    20.0%    81.3%      12%/62%/26%    2.400    0.012    80.0%     0.0%   1.7878  -0.0043    16.0%
  [MA20] reward=0.0006 task_sr=14.0% miss=86.0% time_limit=45.0% v2v=34.5%
  [PPO ] p_loss=0.0040 v_loss=1.7941 entropy=1.7878 grad=1.0334 active=12.4%
  [SIM ] avg_power(a)=0.4758 rsu_q=0.261 tx=195 no_tx=28 deadlock=0 svc=7.983GHz idle=1.1%
    71     3.7s    0.0027    25.0%    25.0%    74.4%      12%/59%/29%    2.280    0.031    75.0%     0.0%   1.8236   0.0282    13.3%
  [MA20] reward=0.0007 task_sr=13.5% miss=86.5% time_limit=40.0% v2v=34.5%
  [PPO ] p_loss=0.0135 v_loss=1.4951 entropy=1.8236 grad=0.7786 active=23.8%
  [SIM ] avg_power(a)=0.4840 rsu_q=0.711 tx=188 no_tx=26 deadlock=0 svc=16.288GHz idle=2.2%
    72     3.4s    0.0030    20.0%    20.0%    77.0%      13%/52%/34%    2.100    0.016    80.0%     0.0%   1.7378   0.0160    10.5%
  [MA20] reward=0.0008 task_sr=13.8% miss=86.2% time_limit=40.0% v2v=34.8%
  [PPO ] p_loss=-0.0331 v_loss=1.0334 entropy=1.7378 grad=0.7189 active=23.1%
  [SIM ] avg_power(a)=0.4724 rsu_q=0.614 tx=176 no_tx=27 deadlock=0 svc=16.002GHz idle=2.3%
  → Best model saved: Success Rate = 0.214 (50-ep avg)
    73    11.5s    0.0012    25.0%    25.0%    70.9%      18%/52%/30%    2.040    0.005    75.0%     0.0%   1.7442   0.0161    13.1%
  [MA20] reward=0.0009 task_sr=14.8% miss=85.2% time_limit=40.0% v2v=34.4%
  [PPO ] p_loss=0.0265 v_loss=2.0689 entropy=1.7442 grad=1.5707 active=7.2%
  [SIM ] avg_power(a)=0.4821 rsu_q=0.144 tx=172 no_tx=37 deadlock=0 svc=4.793GHz idle=0.7%
  → Best model saved: Success Rate = 0.217 (50-ep avg)
    74     6.1s    0.0019    35.0%    35.0%    78.0%      19%/56%/26%    2.257    0.008    65.0%     0.0%   1.6705  -0.0009    11.0%
  [MA20] reward=0.0009 task_sr=16.0% miss=84.0% time_limit=40.0% v2v=33.6%
  [PPO ] p_loss=0.0284 v_loss=2.0443 entropy=1.6705 grad=0.9921 active=13.5%
  [SIM ] avg_power(a)=0.4831 rsu_q=0.228 tx=171 no_tx=40 deadlock=0 svc=8.866GHz idle=1.3%
  → Best model saved: Success Rate = 0.224 (50-ep avg)
    75     6.2s    0.0011    20.0%    20.0%    80.7%      17%/58%/25%    2.675    0.013    80.0%     0.0%   1.6199   0.0183    10.5%
  [MA20] reward=0.0010 task_sr=16.8% miss=83.2% time_limit=40.0% v2v=32.7%
  [PPO ] p_loss=-0.0424 v_loss=2.0223 entropy=1.6199 grad=1.0093 active=13.2%
  [SIM ] avg_power(a)=0.4840 rsu_q=0.289 tx=180 no_tx=37 deadlock=0 svc=8.910GHz idle=1.2%
  → Best model saved: Success Rate = 0.227 (50-ep avg)
    76     4.1s    0.0024    20.0%    20.0%    76.3%      16%/63%/21%    2.500    0.021    80.0%     0.0%   1.6578   0.0223    12.0%
  [MA20] reward=0.0011 task_sr=17.5% miss=82.5% time_limit=35.0% v2v=31.5%
  [PPO ] p_loss=-0.0008 v_loss=1.2775 entropy=1.6578 grad=0.7686 active=21.8%
  [SIM ] avg_power(a)=0.4692 rsu_q=0.647 tx=187 no_tx=35 deadlock=0 svc=15.198GHz idle=2.0%
    77     6.5s    0.0008    20.0%    20.0%    77.9%      14%/61%/25%    2.760    0.013    80.0%     0.0%   1.7219   0.0160    16.8%
  [MA20] reward=0.0011 task_sr=18.3% miss=81.8% time_limit=30.0% v2v=30.7%
  [PPO ] p_loss=-0.0027 v_loss=1.8433 entropy=1.7219 grad=1.1227 active=13.6%
  [SIM ] avg_power(a)=0.4809 rsu_q=0.190 tx=196 no_tx=31 deadlock=0 svc=8.748GHz idle=1.2%
  → Best model saved: Success Rate = 0.228 (50-ep avg)
    78     5.4s    0.0033    30.0%    30.0%    69.6%      16%/59%/24%    2.286    0.030    70.0%     0.0%   1.7371   0.0051    13.6%
  [MA20] reward=0.0013 task_sr=19.8% miss=80.3% time_limit=25.0% v2v=30.2%
  [PPO ] p_loss=-0.0085 v_loss=3.1828 entropy=1.7371 grad=1.1413 active=13.6%
  [SIM ] avg_power(a)=0.4793 rsu_q=0.246 tx=156 no_tx=31 deadlock=0 svc=8.611GHz idle=1.4%
    79    15.6s    0.0001     5.0%     5.0%    64.0%      19%/44%/37%    2.100    0.008    95.0%     0.0%   1.6907   0.0029     5.0%
  [MA20] reward=0.0013 task_sr=20.0% miss=80.0% time_limit=25.0% v2v=30.4%
  [PPO ] p_loss=-0.1560 v_loss=6.4906 entropy=1.6907 grad=10.5285 active=5.1%
  [SIM ] avg_power(a)=0.4783 rsu_q=0.079 tx=154 no_tx=37 deadlock=0 svc=3.285GHz idle=0.5%
    80     3.5s    0.0004     5.0%     5.0%    66.5%      17%/51%/32%    2.350    0.037    95.0%     0.0%   1.7473  -0.0009     8.9%
  [MA20] reward=0.0013 task_sr=19.5% miss=80.5% time_limit=20.0% v2v=30.2%
  [PPO ] p_loss=-0.0118 v_loss=1.8949 entropy=1.7473 grad=1.1095 active=22.8%
  [SIM ] avg_power(a)=0.4678 rsu_q=0.295 tx=164 no_tx=34 deadlock=0 svc=15.409GHz idle=2.3%

    Ep    Wall    R/step     T_SR     V_SR     S_SR            L/R/V   Lat(s)       En     Miss      Ill      Ent       KL     Clip
--------------------------------------------------------------------------------------------------------------------------------
    81     3.1s    0.0018    20.0%    20.0%    84.9%      18%/53%/29%    2.525    0.025    80.0%     0.0%   1.8998   0.0228     9.6%
  [MA20] reward=0.0014 task_sr=19.7% miss=80.2% time_limit=15.0% v2v=29.8%
  [PPO ] p_loss=-0.0059 v_loss=1.7207 entropy=1.8998 grad=0.7327 active=29.3%
  [SIM ] avg_power(a)=0.4697 rsu_q=1.000 tx=180 no_tx=41 deadlock=0 svc=20.755GHz idle=2.6%
    82     9.0s    0.0003    10.0%    10.0%    68.0%      16%/45%/38%    2.267    0.007    90.0%     0.0%   1.9844   0.0277    18.2%
  [MA20] reward=0.0014 task_sr=19.8% miss=80.2% time_limit=10.0% v2v=29.6%
  [PPO ] p_loss=-0.0056 v_loss=1.8066 entropy=1.9844 grad=1.1789 active=8.7%
  [SIM ] avg_power(a)=0.4754 rsu_q=0.160 tx=168 no_tx=34 deadlock=0 svc=5.716GHz idle=0.8%
    83     4.4s    0.0013    10.0%    10.0%    70.0%      15%/43%/42%    2.050    0.008    90.0%     0.0%   2.0433   0.0247    18.2%
  [MA20] reward=0.0014 task_sr=20.0% miss=80.0% time_limit=5.0% v2v=30.0%
  [PPO ] p_loss=-0.0449 v_loss=1.5771 entropy=2.0433 grad=0.7954 active=18.3%
  [SIM ] avg_power(a)=0.4854 rsu_q=0.140 tx=175 no_tx=32 deadlock=0 svc=12.370GHz idle=1.8%
    84    13.2s    0.0002     5.0%     5.0%    63.6%      10%/43%/47%    1.900    0.006    95.0%     0.0%   2.0333   0.0213    10.7%
  [MA20] reward=0.0014 task_sr=19.8% miss=80.2% time_limit=5.0% v2v=30.6%
  [PPO ] p_loss=0.0351 v_loss=2.4154 entropy=2.0333 grad=2.0338 active=5.9%
  [SIM ] avg_power(a)=0.4759 rsu_q=0.048 tx=173 no_tx=19 deadlock=0 svc=3.831GHz idle=0.6%
    85    15.9s    0.0002    10.0%    10.0%    68.7%      16%/38%/46%    1.600    0.004    90.0%     0.0%   1.9397   0.0040    18.7%
  [MA20] reward=0.0013 task_sr=19.5% miss=80.5% time_limit=10.0% v2v=31.2%
  [PPO ] p_loss=0.0757 v_loss=6.6534 entropy=1.9397 grad=2.8003 active=5.4%
  [SIM ] avg_power(a)=0.4771 rsu_q=0.025 tx=167 no_tx=33 deadlock=0 svc=3.315GHz idle=0.0%
    86    10.6s    0.0002    10.0%    10.0%    69.9%      15%/40%/45%    2.350    0.004    90.0%     0.0%   2.0185   0.0380    17.6%
  [MA20] reward=0.0013 task_sr=19.5% miss=80.5% time_limit=5.0% v2v=32.3%
  [PPO ] p_loss=-0.0038 v_loss=2.5601 entropy=2.0185 grad=1.9245 active=7.1%
  [SIM ] avg_power(a)=0.4879 rsu_q=0.071 tx=169 no_tx=29 deadlock=0 svc=4.689GHz idle=0.7%
    87    15.9s    0.0000     0.0%     0.0%    61.8%      15%/37%/48%    2.100    0.004   100.0%     0.0%   2.2455   0.0344    15.5%
  [MA20] reward=0.0013 task_sr=17.8% miss=82.2% time_limit=10.0% v2v=32.9%
  [PPO ] p_loss=-0.0111 v_loss=2.6504 entropy=2.2455 grad=3.3827 active=4.8%
  [SIM ] avg_power(a)=0.4860 rsu_q=0.015 tx=162 no_tx=29 deadlock=0 svc=2.807GHz idle=0.0%
    88    12.0s    0.0004    10.0%    10.0%    69.6%      14%/39%/47%    1.733    0.006    90.0%     0.0%   2.0996   0.0221    15.7%
  [MA20] reward=0.0012 task_sr=17.0% miss=83.0% time_limit=10.0% v2v=34.0%
  [PPO ] p_loss=-0.0263 v_loss=4.6788 entropy=2.0996 grad=2.6633 active=5.6%
  [SIM ] avg_power(a)=0.4802 rsu_q=0.044 tx=152 no_tx=24 deadlock=0 svc=3.260GHz idle=0.6%
    89     6.9s    0.0002    10.0%    10.0%    66.2%      13%/43%/44%    2.150    0.007    90.0%     0.0%   1.9336   0.0187    18.9%
  [MA20] reward=0.0011 task_sr=15.5% miss=84.5% time_limit=10.0% v2v=34.8%
  [PPO ] p_loss=0.0201 v_loss=2.0633 entropy=1.9336 grad=1.9406 active=10.1%
  [SIM ] avg_power(a)=0.4759 rsu_q=0.098 tx=158 no_tx=24 deadlock=0 svc=6.370GHz idle=1.1%
    90     8.0s    0.0000     5.0%     5.0%    70.2%      12%/42%/46%    2.900    0.005    95.0%     0.0%   1.9771   0.0198    13.8%
  [MA20] reward=0.0011 task_sr=14.8% miss=85.2% time_limit=10.0% v2v=35.8%
  [PPO ] p_loss=0.0009 v_loss=2.0127 entropy=1.9771 grad=1.7513 active=8.6%
  [SIM ] avg_power(a)=0.4879 rsu_q=0.124 tx=159 no_tx=21 deadlock=0 svc=5.309GHz idle=1.0%
    91     5.8s    0.0015    20.0%    20.0%    70.7%      13%/46%/40%    2.150    0.012    80.0%     0.0%   1.8352   0.0055    15.2%
  [MA20] reward=0.0010 task_sr=14.5% miss=85.5% time_limit=10.0% v2v=36.4%
  [PPO ] p_loss=-0.0214 v_loss=2.1386 entropy=1.8352 grad=1.1920 active=11.3%
  [SIM ] avg_power(a)=0.4846 rsu_q=0.203 tx=154 no_tx=24 deadlock=0 svc=7.759GHz idle=1.3%
    92     3.1s    0.0033    30.0%    30.0%    78.8%      17%/40%/42%    2.283    0.021    70.0%     0.0%   1.8776   0.0026    15.1%
  [MA20] reward=0.0010 task_sr=15.0% miss=85.0% time_limit=10.0% v2v=36.8%
  [PPO ] p_loss=0.0067 v_loss=1.2473 entropy=1.8776 grad=0.9213 active=26.2%
  [SIM ] avg_power(a)=0.4735 rsu_q=0.225 tx=169 no_tx=36 deadlock=0 svc=17.670GHz idle=2.5%
    93     7.1s    0.0002     0.0%     0.0%    66.7%      26%/38%/37%    0.000    0.010   100.0%     0.0%   1.9743   0.0001    14.8%
  [MA20] reward=0.0010 task_sr=13.8% miss=86.2% time_limit=10.0% v2v=37.1%
  [PPO ] p_loss=-0.0159 v_loss=1.8608 entropy=1.9743 grad=1.0473 active=11.4%
  [SIM ] avg_power(a)=0.4764 rsu_q=0.100 tx=149 no_tx=53 deadlock=0 svc=7.430GHz idle=1.1%
    94    14.7s    0.0003    20.0%    20.0%    68.2%      19%/42%/39%    2.650    0.005    80.0%     0.0%   1.9492   0.0214     9.8%
  [MA20] reward=0.0009 task_sr=13.0% miss=87.0% time_limit=15.0% v2v=37.8%
  [PPO ] p_loss=-0.0645 v_loss=4.4328 entropy=1.9492 grad=4.4898 active=4.7%
  [SIM ] avg_power(a)=0.4568 rsu_q=0.060 tx=149 no_tx=36 deadlock=0 svc=3.037GHz idle=0.0%
    95    15.5s    0.0004    20.0%    20.0%    67.2%      20%/40%/40%    2.525    0.004    80.0%     0.0%   1.9762   0.0117     9.2%
  [MA20] reward=0.0009 task_sr=13.0% miss=87.0% time_limit=20.0% v2v=38.6%
  [PPO ] p_loss=-0.0462 v_loss=2.4695 entropy=1.9762 grad=2.8769 active=4.7%
  [SIM ] avg_power(a)=0.4557 rsu_q=0.030 tx=150 no_tx=37 deadlock=0 svc=3.037GHz idle=0.0%
    96    15.2s    0.0004    15.0%    15.0%    70.2%      15%/46%/39%    2.167    0.004    85.0%     0.0%   2.0235   0.0077     9.5%
  [MA20] reward=0.0008 task_sr=12.8% miss=87.3% time_limit=25.0% v2v=39.5%
  [PPO ] p_loss=0.0327 v_loss=1.9735 entropy=2.0235 grad=2.5040 active=4.8%
  [SIM ] avg_power(a)=0.4436 rsu_q=0.110 tx=159 no_tx=28 deadlock=0 svc=3.006GHz idle=0.0%
    97    12.8s   -0.0001     0.0%     0.0%    56.4%      15%/35%/50%    0.000    0.003   100.0%     0.0%   1.8754   0.1277    20.0%
  [MA20] reward=0.0007 task_sr=11.8% miss=88.2% time_limit=25.0% v2v=40.7%
  [PPO ] p_loss=0.0874 v_loss=2.1394 entropy=1.8754 grad=3.2536 active=6.1%
  [SIM ] avg_power(a)=0.4305 rsu_q=0.026 tx=159 no_tx=28 deadlock=0 svc=3.319GHz idle=0.7%
    98    15.7s    0.0001     0.0%     0.0%    60.9%      13%/42%/45%    0.000    0.005   100.0%     0.0%   1.9959   0.0262     7.4%
  [MA20] reward=0.0006 task_sr=10.2% miss=89.8% time_limit=30.0% v2v=41.7%
  [PPO ] p_loss=-0.0416 v_loss=4.8472 entropy=1.9959 grad=5.1347 active=4.5%
  [SIM ] avg_power(a)=0.4239 rsu_q=0.030 tx=152 no_tx=23 deadlock=0 svc=2.759GHz idle=0.0%
    99    15.6s    0.0003    10.0%    10.0%    64.4%      12%/39%/49%    2.450    0.004    90.0%     0.0%   1.9970   0.0195    12.4%
  [MA20] reward=0.0006 task_sr=10.5% miss=89.5% time_limit=35.0% v2v=42.3%
  [PPO ] p_loss=0.0933 v_loss=4.7429 entropy=1.9970 grad=4.8536 active=4.5%
  [SIM ] avg_power(a)=0.4267 rsu_q=0.030 tx=154 no_tx=22 deadlock=0 svc=2.728GHz idle=0.0%
   100     5.6s   -0.0001     0.0%     0.0%    71.3%      11%/44%/45%    2.200    0.017   100.0%     0.0%   1.9571   0.0210    11.4%
  [MA20] reward=0.0005 task_sr=10.2% miss=89.8% time_limit=35.0% v2v=43.0%
  [PPO ] p_loss=0.0009 v_loss=2.4875 entropy=1.9571 grad=3.3713 active=14.3%
  [SIM ] avg_power(a)=0.4492 rsu_q=0.197 tx=176 no_tx=22 deadlock=0 svc=8.941GHz idle=1.4%

    Ep    Wall    R/step     T_SR     V_SR     S_SR            L/R/V   Lat(s)       En     Miss      Ill      Ent       KL     Clip
--------------------------------------------------------------------------------------------------------------------------------
   101    13.1s    0.0003    10.0%    10.0%    64.0%      16%/45%/39%    2.367    0.007    90.0%     0.0%   1.8350   0.0181    10.4%
  [MA20] reward=0.0005 task_sr=9.8% miss=90.2% time_limit=35.0% v2v=43.5%
  [PPO ] p_loss=0.1684 v_loss=2.3969 entropy=1.8350 grad=5.9889 active=5.6%
  [SIM ] avg_power(a)=0.4571 rsu_q=0.113 tx=155 no_tx=30 deadlock=0 svc=3.668GHz idle=0.6%
   102     4.6s    0.0005     5.0%     5.0%    61.0%      14%/42%/45%    2.400    0.017    95.0%     0.0%   1.8635   0.0259    12.3%
  [MA20] reward=0.0005 task_sr=9.5% miss=90.5% time_limit=35.0% v2v=43.8%
  [PPO ] p_loss=0.0029 v_loss=1.4779 entropy=1.8635 grad=1.1888 active=15.5%
  [SIM ] avg_power(a)=0.4543 rsu_q=0.169 tx=154 no_tx=25 deadlock=0 svc=10.130GHz idle=1.7%
   103     6.7s    0.0007     5.0%     5.0%    67.8%      13%/41%/46%    1.700    0.012    95.0%     0.0%   1.9322   0.0449    11.7%
  [MA20] reward=0.0004 task_sr=9.2% miss=90.8% time_limit=35.0% v2v=44.0%
  [PPO ] p_loss=0.0393 v_loss=1.8119 entropy=1.9322 grad=1.5250 active=11.0%
  [SIM ] avg_power(a)=0.4425 rsu_q=0.163 tx=160 no_tx=24 deadlock=0 svc=7.010GHz idle=1.2%
   104    14.5s    0.0005    20.0%    20.0%    67.1%      15%/38%/47%    2.217    0.004    80.0%     0.0%   1.8870   0.0037    10.7%
  [MA20] reward=0.0005 task_sr=10.0% miss=90.0% time_limit=40.0% v2v=44.0%
  [PPO ] p_loss=0.0519 v_loss=5.6983 entropy=1.8870 grad=14.9241 active=4.5%
  [SIM ] avg_power(a)=0.4468 rsu_q=0.010 tx=149 no_tx=27 deadlock=0 svc=2.666GHz idle=0.0%
   105     4.7s    0.0006     0.0%     0.0%    59.8%      11%/41%/48%    0.000    0.019   100.0%     0.0%   2.0161   0.0164    20.5%
  [MA20] reward=0.0005 task_sr=9.5% miss=90.5% time_limit=35.0% v2v=44.2%
  [PPO ] p_loss=-0.0222 v_loss=1.7914 entropy=2.0161 grad=1.0186 active=17.9%
  [SIM ] avg_power(a)=0.4506 rsu_q=0.259 tx=168 no_tx=21 deadlock=0 svc=11.648GHz idle=1.9%
   106     6.4s    0.0007     5.0%     5.0%    63.5%       6%/51%/43%    2.600    0.025    95.0%     0.0%   1.7140   0.0148    17.9%
  [MA20] reward=0.0005 task_sr=9.3% miss=90.8% time_limit=35.0% v2v=44.1%
  [PPO ] p_loss=0.0129 v_loss=2.1778 entropy=1.7140 grad=1.2101 active=12.2%
  [SIM ] avg_power(a)=0.4508 rsu_q=0.160 tx=182 no_tx=12 deadlock=0 svc=8.026GHz idle=1.2%
   107     3.1s    0.0017    20.0%    20.0%    77.0%       4%/58%/37%    2.040    0.040    80.0%     0.0%   1.6519   0.0196    10.2%
  [MA20] reward=0.0006 task_sr=10.2% miss=89.8% time_limit=30.0% v2v=43.5%
  [PPO ] p_loss=-0.0366 v_loss=2.6247 entropy=1.6519 grad=1.4614 active=27.2%
  [SIM ] avg_power(a)=0.4501 rsu_q=0.526 tx=197 no_tx=9 deadlock=0 svc=17.440GHz idle=2.6%
   108     3.1s    0.0023    20.0%    20.0%    77.8%       8%/51%/41%    2.400    0.023    80.0%     0.0%   1.7419   0.0170    21.3%
  [MA20] reward=0.0007 task_sr=10.8% miss=89.2% time_limit=30.0% v2v=43.2%
  [PPO ] p_loss=0.0041 v_loss=1.8535 entropy=1.7419 grad=1.0236 active=28.3%
  [SIM ] avg_power(a)=0.4499 rsu_q=0.368 tx=195 no_tx=17 deadlock=0 svc=20.086GHz idle=2.6%
   109     5.1s    0.0003     0.0%     0.0%    67.7%      11%/46%/44%    3.300    0.027   100.0%     0.0%   1.9116   0.0201    16.5%
  [MA20] reward=0.0007 task_sr=10.2% miss=89.8% time_limit=30.0% v2v=43.2%
  [PPO ] p_loss=0.0206 v_loss=1.1815 entropy=1.9116 grad=0.9014 active=15.1%
  [SIM ] avg_power(a)=0.4438 rsu_q=0.254 tx=167 no_tx=20 deadlock=0 svc=9.739GHz idle=1.6%
   110    13.1s    0.0001     5.0%     5.0%    69.2%       9%/42%/50%    3.050    0.008    95.0%     0.0%   1.9466   0.0644    23.5%
  [MA20] reward=0.0007 task_sr=10.2% miss=89.8% time_limit=30.0% v2v=43.4%
  [PPO ] p_loss=0.1260 v_loss=2.4708 entropy=1.9466 grad=3.5379 active=5.9%
  [SIM ] avg_power(a)=0.4355 rsu_q=0.059 tx=180 no_tx=18 deadlock=0 svc=3.998GHz idle=0.6%
   111     3.6s    0.0013    20.0%    20.0%    79.0%      10%/49%/41%    2.160    0.022    80.0%     0.0%   1.7317   0.0118    18.0%
  [MA20] reward=0.0007 task_sr=10.2% miss=89.8% time_limit=30.0% v2v=43.4%
  [PPO ] p_loss=-0.0166 v_loss=1.4532 entropy=1.7317 grad=1.0294 active=21.9%
  [SIM ] avg_power(a)=0.4231 rsu_q=0.277 tx=184 no_tx=21 deadlock=0 svc=14.648GHz idle=2.1%
   112     6.9s    0.0005     5.0%     5.0%    72.5%       9%/50%/41%    2.000    0.017    95.0%     0.0%   1.7415  -0.0033    13.3%
  [MA20] reward=0.0005 task_sr=9.0% miss=91.0% time_limit=30.0% v2v=43.3%
  [PPO ] p_loss=-0.0198 v_loss=1.9407 entropy=1.7415 grad=1.7197 active=10.6%
  [SIM ] avg_power(a)=0.4326 rsu_q=0.207 tx=172 no_tx=18 deadlock=0 svc=6.844GHz idle=1.1%
   113    15.1s    0.0005    20.0%    20.0%    74.0%       9%/54%/37%    2.125    0.006    80.0%     0.0%   1.8528   0.0076    14.4%
  [MA20] reward=0.0006 task_sr=10.0% miss=90.0% time_limit=35.0% v2v=43.4%
  [PPO ] p_loss=0.0451 v_loss=1.9737 entropy=1.8528 grad=1.6620 active=5.2%
  [SIM ] avg_power(a)=0.4655 rsu_q=0.105 tx=188 no_tx=18 deadlock=0 svc=3.349GHz idle=0.0%
   114     2.8s    0.0035    15.0%    15.0%    74.8%       6%/52%/42%    1.433    0.044    85.0%     0.0%   1.9293   0.0281    10.6%
  [MA20] reward=0.0007 task_sr=9.8% miss=90.3% time_limit=30.0% v2v=43.5%
  [PPO ] p_loss=-0.0239 v_loss=1.0453 entropy=1.9293 grad=0.8500 active=25.7%
  [SIM ] avg_power(a)=0.4332 rsu_q=0.286 tx=167 no_tx=10 deadlock=0 svc=16.588GHz idle=2.9%
   115    15.2s    0.0008    20.0%    20.0%    69.1%      10%/42%/47%    1.825    0.004    80.0%     0.0%   1.8820   0.0004    14.2%
  [MA20] reward=0.0007 task_sr=9.8% miss=90.3% time_limit=30.0% v2v=43.9%
  [PPO ] p_loss=-0.0276 v_loss=2.1972 entropy=1.8820 grad=1.9131 active=4.8%
  [SIM ] avg_power(a)=0.4620 rsu_q=0.035 tx=169 no_tx=20 deadlock=0 svc=3.257GHz idle=0.0%
   116     2.8s    0.0002     0.0%     0.0%    76.3%      11%/50%/39%    2.700    0.038   100.0%     0.0%   1.8442   0.0269    10.5%
  [MA20] reward=0.0007 task_sr=9.0% miss=91.0% time_limit=25.0% v2v=43.8%
  [PPO ] p_loss=-0.0236 v_loss=1.1043 entropy=1.8442 grad=0.6334 active=27.0%
  [SIM ] avg_power(a)=0.4731 rsu_q=0.686 tx=166 no_tx=21 deadlock=0 svc=17.810GHz idle=2.9%
   117     5.3s    0.0014    15.0%    15.0%    77.1%      12%/50%/38%    2.475    0.010    85.0%     0.0%   2.0028   0.0096    14.2%
  [MA20] reward=0.0008 task_sr=9.8% miss=90.3% time_limit=25.0% v2v=43.2%
  [PPO ] p_loss=0.0038 v_loss=1.5523 entropy=2.0028 grad=0.9897 active=14.3%
  [SIM ] avg_power(a)=0.4684 rsu_q=0.106 tx=166 no_tx=22 deadlock=0 svc=9.388GHz idle=1.5%
   118     6.5s    0.0003    10.0%    10.0%    59.8%      11%/38%/51%    2.000    0.009    90.0%     0.0%   2.0818   0.0048    13.3%
  [MA20] reward=0.0008 task_sr=10.2% miss=89.8% time_limit=20.0% v2v=43.5%
  [PPO ] p_loss=0.0114 v_loss=1.6790 entropy=2.0818 grad=1.0953 active=10.7%
  [SIM ] avg_power(a)=0.4788 rsu_q=0.086 tx=149 no_tx=19 deadlock=0 svc=6.304GHz idle=1.2%
   119    16.9s   -0.0000     0.0%     0.0%    61.5%      13%/41%/46%    0.000    0.005   100.0%     0.0%   2.3118   0.1133    23.1%
  [MA20] reward=0.0008 task_sr=9.8% miss=90.2% time_limit=20.0% v2v=43.4%
  [PPO ] p_loss=-0.4553 v_loss=3.3321 entropy=2.3118 grad=2.8206 active=4.7%
  [SIM ] avg_power(a)=0.4725 rsu_q=0.055 tx=159 no_tx=24 deadlock=0 svc=2.686GHz idle=0.0%
   120     4.1s    0.0008    10.0%    10.0%    69.5%      10%/42%/48%    2.450    0.019    90.0%     0.0%   1.9582   0.0280    11.8%
  [MA20] reward=0.0008 task_sr=10.2% miss=89.8% time_limit=20.0% v2v=43.5%
  [PPO ] p_loss=-0.0168 v_loss=1.4504 entropy=1.9582 grad=0.7601 active=20.1%
  [SIM ] avg_power(a)=0.4806 rsu_q=0.102 tx=168 no_tx=20 deadlock=0 svc=13.276GHz idle=2.0%

    Ep    Wall    R/step     T_SR     V_SR     S_SR            L/R/V   Lat(s)       En     Miss      Ill      Ent       KL     Clip
--------------------------------------------------------------------------------------------------------------------------------
   121    14.9s    0.0003    10.0%    10.0%    71.9%       7%/41%/52%    2.350    0.004    90.0%     0.0%   1.9545   0.0358     6.2%
  [MA20] reward=0.0008 task_sr=10.2% miss=89.7% time_limit=25.0% v2v=44.2%
  [PPO ] p_loss=0.0202 v_loss=2.3568 entropy=1.9545 grad=1.6648 active=5.0%
  [SIM ] avg_power(a)=0.4989 rsu_q=0.060 tx=183 no_tx=13 deadlock=0 svc=3.083GHz idle=0.0%
   122    16.0s    0.0000     0.0%     0.0%    62.6%      10%/42%/48%    0.000    0.009   100.0%     0.0%   2.2390   0.0196     8.3%
  [MA20] reward=0.0008 task_sr=10.0% miss=90.0% time_limit=30.0% v2v=44.4%
  [PPO ] p_loss=-0.0994 v_loss=4.0590 entropy=2.2390 grad=4.2420 active=4.6%
  [SIM ] avg_power(a)=0.4875 rsu_q=0.040 tx=163 no_tx=18 deadlock=0 svc=2.930GHz idle=0.0%
   123    14.2s    0.0004     5.0%     5.0%    64.6%       8%/48%/44%    1.800    0.009    95.0%     0.0%   2.0180   0.0056    16.4%
  [MA20] reward=0.0008 task_sr=10.0% miss=90.0% time_limit=30.0% v2v=44.2%
  [PPO ] p_loss=-0.0188 v_loss=12.3166 entropy=2.0180 grad=3.6300 active=5.7%
  [SIM ] avg_power(a)=0.4930 rsu_q=0.097 tx=179 no_tx=17 deadlock=0 svc=3.446GHz idle=0.6%
   124    13.3s    0.0003     5.0%     5.0%    66.2%       6%/35%/59%    1.400    0.004    95.0%     0.0%   2.0280   0.0246    14.6%
  [MA20] reward=0.0008 task_sr=9.3% miss=90.8% time_limit=25.0% v2v=44.9%
  [PPO ] p_loss=-0.0166 v_loss=3.8108 entropy=2.0280 grad=2.9037 active=5.2%
  [SIM ] avg_power(a)=0.4723 rsu_q=0.006 tx=170 no_tx=11 deadlock=0 svc=3.126GHz idle=0.6%
   125    14.9s    0.0001    10.0%    10.0%    67.5%       6%/44%/50%    2.167    0.005    90.0%     0.0%   1.8667   0.0085    10.8%
  [MA20] reward=0.0008 task_sr=9.8% miss=90.3% time_limit=30.0% v2v=44.9%
  [PPO ] p_loss=0.0421 v_loss=2.0227 entropy=1.8667 grad=1.7621 active=5.0%
  [SIM ] avg_power(a)=0.4701 rsu_q=0.055 tx=172 no_tx=10 deadlock=0 svc=2.880GHz idle=0.0%
   126    16.5s   -0.0000     5.0%     5.0%    61.8%       5%/48%/47%    2.700    0.008    95.0%     0.0%   2.1100   0.0317     6.3%
  [MA20] reward=0.0007 task_sr=9.8% miss=90.2% time_limit=35.0% v2v=45.1%
  [PPO ] p_loss=0.0742 v_loss=4.5263 entropy=2.1100 grad=3.6491 active=4.7%
  [SIM ] avg_power(a)=0.4549 rsu_q=0.050 tx=175 no_tx=10 deadlock=0 svc=2.923GHz idle=0.0%
   127    15.8s    0.0001     5.0%     5.0%    58.1%      12%/38%/51%    2.200    0.004    95.0%     0.0%   2.1521   0.0025    13.0%
  [MA20] reward=0.0007 task_sr=9.0% miss=91.0% time_limit=40.0% v2v=45.8%
  [PPO ] p_loss=-0.0395 v_loss=2.5088 entropy=2.1521 grad=2.0364 active=4.1%
  [SIM ] avg_power(a)=0.4626 rsu_q=0.025 tx=143 no_tx=19 deadlock=0 svc=2.319GHz idle=0.0%
   128    16.8s    0.0001     0.0%     0.0%    60.5%      10%/44%/46%    3.200    0.007   100.0%     0.0%   2.0695   0.0174     8.8%
  [MA20] reward=0.0005 task_sr=8.0% miss=92.0% time_limit=45.0% v2v=46.0%
  [PPO ] p_loss=-0.0093 v_loss=2.1644 entropy=2.0695 grad=1.7643 active=4.8%
  [SIM ] avg_power(a)=0.4704 rsu_q=0.070 tx=170 no_tx=19 deadlock=0 svc=3.024GHz idle=0.0%
   129     2.7s    0.0031    20.0%    20.0%    84.7%       9%/61%/30%    2.617    0.028    80.0%     0.0%   1.8642   0.0017     4.1%
  [MA20] reward=0.0007 task_sr=9.0% miss=91.0% time_limit=45.0% v2v=45.4%
  [PPO ] p_loss=-0.0184 v_loss=1.1270 entropy=1.8642 grad=0.6553 active=32.6%
  [SIM ] avg_power(a)=0.4513 rsu_q=0.848 tx=192 no_tx=19 deadlock=0 svc=21.963GHz idle=3.0%
   130    15.0s    0.0003    15.0%    15.0%    75.2%      11%/49%/40%    1.667    0.006    85.0%     0.0%   1.9304   0.0027     8.2%
  [MA20] reward=0.0007 task_sr=9.5% miss=90.5% time_limit=50.0% v2v=44.9%
  [PPO ] p_loss=-0.0338 v_loss=2.0997 entropy=1.9304 grad=1.7819 active=5.2%
  [SIM ] avg_power(a)=0.4688 rsu_q=0.110 tx=179 no_tx=23 deadlock=0 svc=3.113GHz idle=0.0%
   131    12.5s    0.0000     0.0%     0.0%    72.7%      12%/48%/40%    2.600    0.006   100.0%     0.0%   1.9976   0.0098     4.3%
  [MA20] reward=0.0006 task_sr=8.5% miss=91.5% time_limit=50.0% v2v=44.9%
  [PPO ] p_loss=0.0335 v_loss=2.1431 entropy=1.9976 grad=1.5511 active=6.0%
  [SIM ] avg_power(a)=0.4774 rsu_q=0.049 tx=166 no_tx=23 deadlock=0 svc=3.716GHz idle=0.6%
   132    15.4s    0.0002    20.0%    20.0%    62.2%      12%/38%/50%    2.400    0.004    80.0%     0.0%   2.1011   0.0457     4.5%
  [MA20] reward=0.0006 task_sr=9.2% miss=90.8% time_limit=55.0% v2v=45.3%
  [PPO ] p_loss=-0.0541 v_loss=2.6332 entropy=2.1011 grad=2.5659 active=4.5%
  [SIM ] avg_power(a)=0.4753 rsu_q=0.045 tx=158 no_tx=21 deadlock=0 svc=2.757GHz idle=0.0%
   133    14.4s    0.0004    15.0%    15.0%    76.4%      13%/44%/43%    2.417    0.004    85.0%     0.0%   2.0127  -0.0024    10.4%
  [MA20] reward=0.0006 task_sr=9.0% miss=91.0% time_limit=55.0% v2v=45.6%
  [PPO ] p_loss=-0.0237 v_loss=2.4141 entropy=2.0127 grad=1.7741 active=5.3%
  [SIM ] avg_power(a)=0.4732 rsu_q=0.035 tx=176 no_tx=27 deadlock=0 svc=3.413GHz idle=0.0%
   134    14.7s    0.0001    15.0%    15.0%    72.7%      14%/43%/43%    2.725    0.005    85.0%     0.0%   2.0092   0.0058     6.7%
  [MA20] reward=0.0004 task_sr=9.0% miss=91.0% time_limit=60.0% v2v=45.7%
  [PPO ] p_loss=0.0213 v_loss=1.6423 entropy=2.0092 grad=1.6458 active=4.9%
  [SIM ] avg_power(a)=0.4995 rsu_q=0.040 tx=166 no_tx=27 deadlock=0 svc=3.217GHz idle=0.0%
   135     6.9s    0.0010    25.0%    25.0%    76.5%      11%/41%/47%    2.243    0.010    75.0%     0.0%   1.9662   0.0130    14.6%
  [MA20] reward=0.0004 task_sr=9.2% miss=90.8% time_limit=55.0% v2v=45.7%
  [PPO ] p_loss=-0.0305 v_loss=1.6672 entropy=1.9662 grad=1.2177 active=10.2%
  [SIM ] avg_power(a)=0.5128 rsu_q=0.052 tx=174 no_tx=22 deadlock=0 svc=5.931GHz idle=1.0%
   136    15.2s    0.0002    10.0%    10.0%    68.9%      12%/34%/54%    2.700    0.003    90.0%     0.0%   2.1181   0.0035     6.7%
  [MA20] reward=0.0004 task_sr=9.8% miss=90.2% time_limit=60.0% v2v=46.5%
  [PPO ] p_loss=-0.0033 v_loss=2.9662 entropy=2.1181 grad=1.8165 active=4.8%
  [SIM ] avg_power(a)=0.5032 rsu_q=0.030 tx=166 no_tx=23 deadlock=0 svc=3.205GHz idle=0.0%
   137    10.6s    0.0001     0.0%     0.0%    65.7%      16%/39%/45%    0.000    0.007   100.0%     0.0%   1.9571   0.0085     5.9%
  [MA20] reward=0.0004 task_sr=9.0% miss=91.0% time_limit=60.0% v2v=46.8%
  [PPO ] p_loss=-0.0274 v_loss=3.0741 entropy=1.9571 grad=2.3521 active=7.3%
  [SIM ] avg_power(a)=0.5080 rsu_q=0.074 tx=165 no_tx=31 deadlock=0 svc=4.623GHz idle=0.7%
   138    11.5s   -0.0002     0.0%     0.0%    60.9%      14%/33%/53%    0.000    0.005   100.0%     0.0%   2.0689   0.0140     7.7%
  [MA20] reward=0.0004 task_sr=8.5% miss=91.5% time_limit=60.0% v2v=46.9%
  [PPO ] p_loss=-0.0372 v_loss=9.6495 entropy=2.0689 grad=5.6499 active=5.8%
  [SIM ] avg_power(a)=0.5037 rsu_q=0.020 tx=143 no_tx=25 deadlock=0 svc=3.574GHz idle=0.7%
   139     5.5s    0.0004     5.0%     5.0%    73.9%      10%/39%/51%    2.650    0.011    95.0%     0.0%   2.0460   0.0041     8.8%
  [MA20] reward=0.0004 task_sr=8.8% miss=91.2% time_limit=55.0% v2v=47.2%
  [PPO ] p_loss=-0.0188 v_loss=2.6477 entropy=2.0460 grad=1.1932 active=13.1%
  [SIM ] avg_power(a)=0.5041 rsu_q=0.111 tx=168 no_tx=19 deadlock=0 svc=8.233GHz idle=1.4%
   140    16.1s    0.0001    10.0%    10.0%    55.7%      12%/39%/49%    2.200    0.004    90.0%     0.0%   2.0971   0.0165     3.1%
  [MA20] reward=0.0003 task_sr=8.8% miss=91.2% time_limit=60.0% v2v=47.2%
  [PPO ] p_loss=-0.3109 v_loss=1.9928 entropy=2.0971 grad=5.9754 active=4.5%
  [SIM ] avg_power(a)=0.5071 rsu_q=0.025 tx=155 no_tx=22 deadlock=0 svc=2.666GHz idle=0.0%

    Ep    Wall    R/step     T_SR     V_SR     S_SR            L/R/V   Lat(s)       En     Miss      Ill      Ent       KL     Clip
--------------------------------------------------------------------------------------------------------------------------------
   141     8.1s    0.0005     5.0%     5.0%    59.8%       7%/37%/56%    2.400    0.008    95.0%     0.0%   2.0892   0.0122     7.3%
  [MA20] reward=0.0004 task_sr=8.5% miss=91.5% time_limit=55.0% v2v=47.4%
  [PPO ] p_loss=-0.0045 v_loss=2.4439 entropy=2.0892 grad=1.3944 active=9.8%
  [SIM ] avg_power(a)=0.5030 rsu_q=0.061 tx=174 no_tx=14 deadlock=0 svc=5.868GHz idle=1.0%
   142     8.2s    0.0004     5.0%     5.0%    64.5%       5%/35%/60%    2.200    0.006    95.0%     0.0%   2.0338  -0.0105     6.4%
  [MA20] reward=0.0004 task_sr=8.8% miss=91.2% time_limit=50.0% v2v=48.0%
  [PPO ] p_loss=0.0057 v_loss=3.5845 entropy=2.0338 grad=10.6034 active=8.9%
  [SIM ] avg_power(a)=0.4933 rsu_q=0.020 tx=171 no_tx=10 deadlock=0 svc=5.748GHz idle=1.0%
   143    15.7s    0.0006    25.0%    25.0%    71.0%      11%/38%/52%    2.300    0.004    75.0%     0.0%   2.0357   0.0046     7.6%
  [MA20] reward=0.0004 task_sr=9.8% miss=90.3% time_limit=55.0% v2v=48.4%
  [PPO ] p_loss=0.0401 v_loss=1.8385 entropy=2.0357 grad=4.1271 active=5.4%
  [SIM ] avg_power(a)=0.4928 rsu_q=0.085 tx=179 no_tx=21 deadlock=0 svc=3.268GHz idle=0.0%
   144     6.0s   -0.0002     0.0%     0.0%    64.5%       9%/31%/60%    0.000    0.011   100.0%     0.0%   2.1177   0.0202     7.9%
  [MA20] reward=0.0004 task_sr=9.5% miss=90.5% time_limit=55.0% v2v=48.4%
  [PPO ] p_loss=-0.0235 v_loss=1.8219 entropy=2.1177 grad=3.7674 active=13.5%
  [SIM ] avg_power(a)=0.4979 rsu_q=0.067 tx=178 no_tx=18 deadlock=0 svc=8.878GHz idle=1.3%
   145    16.7s    0.0004    10.0%    10.0%    52.1%      14%/31%/55%    1.750    0.003    90.0%     0.0%   2.1534  -0.0086     8.3%
  [MA20] reward=0.0004 task_sr=9.5% miss=90.5% time_limit=55.0% v2v=48.6%
  [PPO ] p_loss=-0.0359 v_loss=1.4531 entropy=2.1534 grad=5.6261 active=4.2%
  [SIM ] avg_power(a)=0.4871 rsu_q=0.035 tx=139 no_tx=23 deadlock=0 svc=2.476GHz idle=0.0%
   146    17.0s    0.0000     5.0%     5.0%    53.4%       7%/34%/59%    2.800    0.004    95.0%     0.0%   2.1902   0.0069    11.9%
  [MA20] reward=0.0004 task_sr=9.5% miss=90.5% time_limit=55.0% v2v=49.2%
  [PPO ] p_loss=0.0330 v_loss=1.4993 entropy=2.1902 grad=3.2227 active=4.7%
  [SIM ] avg_power(a)=0.4985 rsu_q=0.020 tx=169 no_tx=13 deadlock=0 svc=2.646GHz idle=0.0%
   147    17.5s    0.0001    10.0%    10.0%    48.6%      11%/25%/64%    2.350    0.003    90.0%     0.0%   2.3379   0.0791    12.5%
  [MA20] reward=0.0004 task_sr=9.8% miss=90.2% time_limit=55.0% v2v=49.9%
  [PPO ] p_loss=0.2040 v_loss=5.6255 entropy=2.3379 grad=26.2795 active=4.1%
  [SIM ] avg_power(a)=0.4857 rsu_q=0.010 tx=147 no_tx=18 deadlock=0 svc=2.435GHz idle=0.0%
   148    15.2s    0.0001    10.0%    10.0%    68.0%       6%/33%/61%    2.300    0.004    80.0%     0.0%   2.3429   0.1357     0.0%
  [MA20] reward=0.0004 task_sr=10.2% miss=89.2% time_limit=55.0% v2v=50.6%
  [PPO ] p_loss=0.2524 v_loss=1.9712 entropy=2.3429 grad=1.9013 active=4.9%
  [SIM ] avg_power(a)=0.4957 rsu_q=0.005 tx=168 no_tx=9 deadlock=0 svc=2.763GHz idle=0.0%
   149    16.9s    0.0000     0.0%     0.0%    49.8%       8%/26%/65%    0.000    0.003   100.0%     0.0%   2.3272   0.0341     8.3%
  [MA20] reward=0.0002 task_sr=9.2% miss=90.2% time_limit=60.0% v2v=52.4%
  [PPO ] p_loss=0.0261 v_loss=1.5625 entropy=2.3272 grad=5.0786 active=4.0%
  [SIM ] avg_power(a)=0.4936 rsu_q=0.020 tx=144 no_tx=13 deadlock=0 svc=2.225GHz idle=0.0%
   150    16.2s   -0.0001     5.0%     5.0%    46.9%      10%/29%/61%    2.600    0.002    90.0%     0.0%   1.8579   0.0412    23.3%
  [MA20] reward=0.0002 task_sr=8.8% miss=90.5% time_limit=60.0% v2v=53.4%
  [PPO ] p_loss=0.2569 v_loss=2.5473 entropy=1.8579 grad=9.1029 active=4.6%
  [SIM ] avg_power(a)=0.4863 rsu_q=0.005 tx=143 no_tx=18 deadlock=0 svc=2.435GHz idle=0.0%
   151    15.7s   -0.0000     5.0%     5.0%    50.9%       9%/32%/58%    2.000    0.003    95.0%     0.0%   2.3363   0.0228     9.4%
  [MA20] reward=0.0002 task_sr=9.0% miss=90.2% time_limit=65.0% v2v=54.3%
  [PPO ] p_loss=0.0509 v_loss=1.7497 entropy=2.3363 grad=3.4641 active=3.8%
  [SIM ] avg_power(a)=0.4787 rsu_q=0.005 tx=134 no_tx=14 deadlock=0 svc=1.896GHz idle=0.0%
   152    15.5s    0.0002    10.0%    10.0%    54.3%       9%/34%/57%    2.300    0.005    90.0%     0.0%   2.0042   0.0571     6.2%
  [MA20] reward=0.0002 task_sr=8.5% miss=90.8% time_limit=65.0% v2v=54.7%
  [PPO ] p_loss=-0.4126 v_loss=2.4228 entropy=2.0042 grad=5.7367 active=4.2%
  [SIM ] avg_power(a)=0.4866 rsu_q=0.015 tx=149 no_tx=15 deadlock=0 svc=2.436GHz idle=0.0%
   153    16.3s   -0.0002     5.0%     5.0%    50.0%       8%/29%/63%    2.000    0.005    95.0%     0.0%   2.1725   0.0179     2.3%
  [MA20] reward=0.0002 task_sr=8.0% miss=91.2% time_limit=65.0% v2v=55.7%
  [PPO ] p_loss=-0.0163 v_loss=3.3437 entropy=2.1725 grad=6.3480 active=4.2%
  [SIM ] avg_power(a)=0.4834 rsu_q=0.000 tx=151 no_tx=13 deadlock=0 svc=2.176GHz idle=0.0%
   154    15.5s   -0.0001     0.0%     0.0%    55.5%      14%/31%/54%    0.000    0.002   100.0%     0.0%   2.0852   0.0154     6.4%
  [MA20] reward=0.0002 task_sr=7.3% miss=92.0% time_limit=60.0% v2v=56.2%
  [PPO ] p_loss=0.0505 v_loss=2.3902 entropy=2.0852 grad=2.5092 active=4.3%
  [SIM ] avg_power(a)=0.4845 rsu_q=0.036 tx=140 no_tx=24 deadlock=0 svc=2.414GHz idle=0.5%
   155    16.6s   -0.0000     5.0%     5.0%    52.2%       8%/34%/58%    2.100    0.003    90.0%     0.0%   2.1848   0.0411     2.6%
  [MA20] reward=0.0001 task_sr=6.3% miss=92.8% time_limit=65.0% v2v=56.8%
  [PPO ] p_loss=-0.0010 v_loss=3.1140 entropy=2.1848 grad=5.6420 active=4.5%
  [SIM ] avg_power(a)=0.4876 rsu_q=0.030 tx=155 no_tx=13 deadlock=0 svc=2.509GHz idle=0.0%
   156     8.3s    0.0004    10.0%    10.0%    60.8%       7%/36%/57%    2.150    0.008    90.0%     0.0%   2.2367   0.0931    14.3%
  [MA20] reward=0.0001 task_sr=6.3% miss=92.7% time_limit=60.0% v2v=56.9%
  [PPO ] p_loss=-0.3247 v_loss=1.6682 entropy=2.2367 grad=1.9601 active=8.5%
  [SIM ] avg_power(a)=0.4861 rsu_q=0.047 tx=162 no_tx=13 deadlock=0 svc=5.485GHz idle=0.9%
   157     6.2s    0.0002     5.0%     5.0%    61.5%       9%/28%/63%    2.600    0.006    95.0%     0.0%   2.1745   0.0014    10.6%
  [MA20] reward=0.0001 task_sr=6.5% miss=92.5% time_limit=60.0% v2v=57.8%
  [PPO ] p_loss=0.0177 v_loss=2.1559 entropy=2.1745 grad=1.6078 active=10.5%
  [SIM ] avg_power(a)=0.4904 rsu_q=0.013 tx=148 no_tx=15 deadlock=0 svc=6.790GHz idle=1.3%
   158    16.5s    0.0000     5.0%     5.0%    46.0%       8%/29%/64%    1.900    0.003    95.0%     0.0%   2.1090   0.0158     8.2%
  [MA20] reward=0.0001 task_sr=6.8% miss=92.2% time_limit=65.0% v2v=58.3%
  [PPO ] p_loss=-0.0731 v_loss=2.2772 entropy=2.1090 grad=2.0602 active=3.9%
  [SIM ] avg_power(a)=0.4694 rsu_q=0.000 tx=142 no_tx=12 deadlock=0 svc=2.036GHz idle=0.0%
   159    10.7s    0.0002    10.0%    10.0%    62.6%       9%/39%/51%    2.050    0.005    90.0%     0.0%   2.0572   0.0165     7.4%
  [MA20] reward=0.0001 task_sr=7.0% miss=92.0% time_limit=65.0% v2v=58.3%
  [PPO ] p_loss=0.0067 v_loss=1.8776 entropy=2.0572 grad=1.8418 active=6.1%
  [SIM ] avg_power(a)=0.4632 rsu_q=0.048 tx=158 no_tx=17 deadlock=0 svc=3.674GHz idle=0.7%
   160     3.8s    0.0015    20.0%    20.0%    67.5%      10%/38%/52%    2.000    0.025    80.0%     0.0%   2.0401   0.0185    11.6%
  [MA20] reward=0.0002 task_sr=7.5% miss=91.5% time_limit=60.0% v2v=58.5%
  [PPO ] p_loss=0.0195 v_loss=1.3157 entropy=2.0401 grad=0.7723 active=19.3%
  [SIM ] avg_power(a)=0.4604 rsu_q=0.064 tx=162 no_tx=19 deadlock=0 svc=12.550GHz idle=2.1%

    Ep    Wall    R/step     T_SR     V_SR     S_SR            L/R/V   Lat(s)       En     Miss      Ill      Ent       KL     Clip
--------------------------------------------------------------------------------------------------------------------------------
   161    14.9s    0.0002     5.0%     5.0%    70.3%      10%/44%/46%    1.700    0.004    95.0%     0.0%   1.9767   0.0152    11.2%
  [MA20] reward=0.0002 task_sr=7.5% miss=91.5% time_limit=65.0% v2v=58.0%
  [PPO ] p_loss=-0.0783 v_loss=2.4977 entropy=1.9767 grad=1.5715 active=4.8%
  [SIM ] avg_power(a)=0.4637 rsu_q=0.050 tx=171 no_tx=19 deadlock=0 svc=3.055GHz idle=0.0%
   162    15.3s   -0.0001     5.0%     5.0%    55.0%      14%/36%/50%    1.700    0.003    95.0%     0.0%   2.0307   0.0209     5.3%
  [MA20] reward=0.0002 task_sr=7.5% miss=91.5% time_limit=70.0% v2v=57.5%
  [PPO ] p_loss=-0.0151 v_loss=1.9966 entropy=2.0307 grad=1.9075 active=3.9%
  [SIM ] avg_power(a)=0.4626 rsu_q=0.015 tx=132 no_tx=22 deadlock=0 svc=2.195GHz idle=0.0%
   163     3.1s    0.0018    20.0%    20.0%    72.3%       9%/45%/45%    2.225    0.018    80.0%     0.0%   1.7884   0.0169     6.5%
  [MA20] reward=0.0002 task_sr=7.2% miss=91.8% time_limit=65.0% v2v=57.2%
  [PPO ] p_loss=-0.0038 v_loss=1.4202 entropy=1.7884 grad=0.7801 active=27.1%
  [SIM ] avg_power(a)=0.4487 rsu_q=0.205 tx=184 no_tx=20 deadlock=0 svc=18.713GHz idle=2.6%
   164     3.6s    0.0013    10.0%    10.0%    78.8%       6%/54%/40%    2.300    0.025    90.0%     0.0%   1.8033   0.0140     4.6%
  [MA20] reward=0.0003 task_sr=7.8% miss=91.2% time_limit=65.0% v2v=56.1%
  [PPO ] p_loss=0.0164 v_loss=1.2525 entropy=1.8033 grad=0.7512 active=22.7%
  [SIM ] avg_power(a)=0.4535 rsu_q=0.533 tx=188 no_tx=13 deadlock=0 svc=14.380GHz idle=2.2%
   165    14.9s    0.0003    15.0%    15.0%    65.6%       9%/48%/44%    2.233    0.004    85.0%     0.0%   1.8016   0.0162     6.4%
  [MA20] reward=0.0003 task_sr=8.0% miss=91.0% time_limit=65.0% v2v=55.6%
  [PPO ] p_loss=0.0869 v_loss=3.4033 entropy=1.8016 grad=6.9171 active=4.6%
  [SIM ] avg_power(a)=0.4551 rsu_q=0.040 tx=165 no_tx=16 deadlock=0 svc=2.966GHz idle=0.0%
   166     9.3s    0.0015    25.0%    25.0%    74.0%      12%/50%/38%    1.820    0.007    75.0%     0.0%   1.8957   0.0092     6.7%
  [MA20] reward=0.0004 task_sr=9.0% miss=90.0% time_limit=60.0% v2v=54.6%
  [PPO ] p_loss=-0.0143 v_loss=2.2349 entropy=1.8957 grad=2.1075 active=8.0%
  [SIM ] avg_power(a)=0.4563 rsu_q=0.122 tx=170 no_tx=23 deadlock=0 svc=4.765GHz idle=0.8%
   167    13.2s    0.0001    10.0%    10.0%    65.9%      12%/46%/43%    2.900    0.005    90.0%     0.0%   1.9136   0.0197     8.5%
  [MA20] reward=0.0004 task_sr=9.0% miss=90.0% time_limit=55.0% v2v=53.5%
  [PPO ] p_loss=0.2261 v_loss=2.2047 entropy=1.9136 grad=2.3315 active=5.5%
  [SIM ] avg_power(a)=0.4458 rsu_q=0.041 tx=166 no_tx=22 deadlock=0 svc=3.752GHz idle=0.6%
   168    15.1s    0.0002    15.0%    15.0%    67.9%      14%/54%/32%    2.100    0.005    85.0%     0.0%   1.8915   0.0066     6.9%
  [MA20] reward=0.0004 task_sr=9.2% miss=90.2% time_limit=55.0% v2v=52.1%
  [PPO ] p_loss=-0.0081 v_loss=3.3013 entropy=1.8915 grad=3.0422 active=4.8%
  [SIM ] avg_power(a)=0.4496 rsu_q=0.085 tx=163 no_tx=27 deadlock=0 svc=3.008GHz idle=0.0%
   169     6.7s    0.0010    15.0%    15.0%    68.1%      11%/43%/45%    2.000    0.008    85.0%     0.0%   1.9575  -0.0040     6.4%
  [MA20] reward=0.0004 task_sr=10.0% miss=89.5% time_limit=50.0% v2v=51.1%
  [PPO ] p_loss=-0.0081 v_loss=2.3879 entropy=1.9575 grad=2.4282 active=10.5%
  [SIM ] avg_power(a)=0.4406 rsu_q=0.114 tx=162 no_tx=21 deadlock=0 svc=7.089GHz idle=1.1%
   170     7.0s   -0.0000     0.0%     0.0%    64.5%       9%/42%/50%    0.000    0.007   100.0%     0.0%   1.9796   0.0020     6.0%
  [MA20] reward=0.0004 task_sr=9.8% miss=90.0% time_limit=45.0% v2v=50.5%
  [PPO ] p_loss=-0.0131 v_loss=3.0792 entropy=1.9796 grad=1.9990 active=11.6%
  [SIM ] avg_power(a)=0.4359 rsu_q=0.081 tx=175 no_tx=18 deadlock=0 svc=7.153GHz idle=1.2%
   171    16.2s    0.0001     5.0%     5.0%    67.8%      11%/47%/43%    2.100    0.004    95.0%     0.0%   1.9722   0.0011     3.4%
  [MA20] reward=0.0004 task_sr=9.8% miss=90.0% time_limit=45.0% v2v=49.7%
  [PPO ] p_loss=0.0074 v_loss=1.8530 entropy=1.9722 grad=2.6234 active=4.9%
  [SIM ] avg_power(a)=0.4522 rsu_q=0.050 tx=173 no_tx=21 deadlock=0 svc=2.900GHz idle=0.0%
   172    15.0s    0.0007    25.0%    25.0%    67.4%       8%/54%/38%    2.017    0.004    75.0%     0.0%   2.0094   0.0221     3.3%
  [MA20] reward=0.0005 task_sr=10.5% miss=89.2% time_limit=45.0% v2v=48.8%
  [PPO ] p_loss=0.0360 v_loss=2.1073 entropy=2.0094 grad=3.9569 active=4.9%
  [SIM ] avg_power(a)=0.4504 rsu_q=0.045 tx=162 no_tx=15 deadlock=0 svc=2.902GHz idle=0.0%
   173    15.4s    0.0002    10.0%    10.0%    68.0%      12%/46%/42%    2.450    0.006    90.0%     0.0%   1.9513   0.0068     8.8%
  [MA20] reward=0.0005 task_sr=10.8% miss=89.0% time_limit=45.0% v2v=47.8%
  [PPO ] p_loss=-0.0102 v_loss=3.4723 entropy=1.9513 grad=12.0539 active=5.0%
  [SIM ] avg_power(a)=0.4606 rsu_q=0.055 tx=172 no_tx=24 deadlock=0 svc=3.049GHz idle=0.0%
   174     3.4s    0.0027    15.0%    15.0%    67.2%       6%/52%/41%    1.867    0.035    85.0%     0.0%   1.9088   0.0165     5.4%
  [MA20] reward=0.0006 task_sr=11.5% miss=88.2% time_limit=45.0% v2v=47.1%
  [PPO ] p_loss=0.0171 v_loss=1.2970 entropy=1.9088 grad=0.7114 active=25.0%
  [SIM ] avg_power(a)=0.4656 rsu_q=0.575 tx=180 no_tx=13 deadlock=0 svc=14.615GHz idle=2.5%
   175    14.2s    0.0004    20.0%    20.0%    80.6%      13%/49%/38%    2.367    0.004    80.0%     0.0%   1.9751   0.0168     8.4%
  [MA20] reward=0.0006 task_sr=12.3% miss=87.8% time_limit=40.0% v2v=46.1%
  [PPO ] p_loss=0.0063 v_loss=1.6493 entropy=1.9751 grad=3.2033 active=5.3%
  [SIM ] avg_power(a)=0.4722 rsu_q=0.126 tx=178 no_tx=27 deadlock=0 svc=3.465GHz idle=0.5%
   176     8.5s    0.0016    35.0%    35.0%    73.2%       7%/53%/40%    2.300    0.007    65.0%     0.0%   1.8715   0.0075     5.9%
  [MA20] reward=0.0007 task_sr=13.5% miss=86.5% time_limit=40.0% v2v=45.2%
  [PPO ] p_loss=8.96e-05 v_loss=2.1501 entropy=1.8715 grad=4.0151 active=8.5%
  [SIM ] avg_power(a)=0.4757 rsu_q=0.115 tx=177 no_tx=13 deadlock=0 svc=5.700GHz idle=0.9%
   177     3.4s    0.0025    25.0%    25.0%    80.1%       9%/50%/41%    2.083    0.023    75.0%     0.0%   1.8498   0.0079     6.3%
  [MA20] reward=0.0008 task_sr=14.5% miss=85.5% time_limit=40.0% v2v=44.1%
  [PPO ] p_loss=-0.0084 v_loss=1.6325 entropy=1.8498 grad=1.5198 active=22.2%
  [SIM ] avg_power(a)=0.4823 rsu_q=0.435 tx=182 no_tx=19 deadlock=0 svc=15.677GHz idle=2.2%
   178    10.4s    0.0010    15.0%    15.0%    55.5%       6%/50%/44%    1.675    0.007    85.0%     0.0%   1.9514   0.0096     6.6%
  [MA20] reward=0.0009 task_sr=15.0% miss=85.0% time_limit=35.0% v2v=43.1%
  [PPO ] p_loss=0.1125 v_loss=7.8875 entropy=1.9514 grad=27.7719 active=5.8%
  [SIM ] avg_power(a)=0.4681 rsu_q=0.037 tx=142 no_tx=10 deadlock=0 svc=3.365GHz idle=0.7%
   179    10.9s    0.0004    20.0%    20.0%    74.2%       9%/46%/45%    2.400    0.005    80.0%     0.0%   1.9675   0.0257     7.1%
  [MA20] reward=0.0009 task_sr=15.5% miss=84.5% time_limit=35.0% v2v=42.8%
  [PPO ] p_loss=-0.0132 v_loss=1.6894 entropy=1.9675 grad=1.8531 active=7.4%
  [SIM ] avg_power(a)=0.4695 rsu_q=0.077 tx=191 no_tx=20 deadlock=0 svc=5.081GHz idle=0.7%
   180    14.6s    0.0009    40.0%    40.0%    80.3%       7%/49%/44%    2.225    0.004    55.0%     0.0%   2.0377   0.0133     5.4%
  [MA20] reward=0.0008 task_sr=16.5% miss=83.3% time_limit=40.0% v2v=42.4%
  [PPO ] p_loss=-0.0093 v_loss=3.5199 entropy=2.0377 grad=2.7856 active=5.8%
  [SIM ] avg_power(a)=0.4741 rsu_q=0.065 tx=204 no_tx=17 deadlock=0 svc=3.668GHz idle=0.0%

    Ep    Wall    R/step     T_SR     V_SR     S_SR            L/R/V   Lat(s)       En     Miss      Ill      Ent       KL     Clip
--------------------------------------------------------------------------------------------------------------------------------
   181    15.4s    0.0002    15.0%    15.0%    68.5%       4%/44%/52%    2.400    0.004    85.0%     0.0%   2.0955   0.0145     4.4%
  [MA20] reward=0.0008 task_sr=17.0% miss=82.8% time_limit=40.0% v2v=42.7%
  [PPO ] p_loss=0.0400 v_loss=5.1024 entropy=2.0955 grad=6.3903 active=5.0%
  [SIM ] avg_power(a)=0.4740 rsu_q=0.040 tx=182 no_tx=8 deadlock=0 svc=3.053GHz idle=0.0%
   182     6.6s    0.0002    10.0%    10.0%    61.9%       7%/31%/62%    2.433    0.008    90.0%     0.0%   2.1261   0.0176     5.1%
  [MA20] reward=0.0008 task_sr=17.2% miss=82.5% time_limit=35.0% v2v=43.3%
  [PPO ] p_loss=-0.0041 v_loss=2.5653 entropy=2.1261 grad=2.2707 active=11.3%
  [SIM ] avg_power(a)=0.4703 rsu_q=0.036 tx=167 no_tx=13 deadlock=0 svc=6.375GHz idle=1.2%
   183    14.0s   -0.0001     5.0%     5.0%    59.7%      12%/31%/57%    2.900    0.002    95.0%     0.0%   2.0769   0.0453     5.0%
  [MA20] reward=0.0008 task_sr=16.5% miss=83.3% time_limit=35.0% v2v=43.9%
  [PPO ] p_loss=0.1591 v_loss=5.9579 entropy=2.0769 grad=53.8389 active=4.8%
  [SIM ] avg_power(a)=0.4797 rsu_q=0.017 tx=149 no_tx=21 deadlock=0 svc=2.596GHz idle=0.6%
   184    16.9s    0.0004     5.0%     5.0%    57.7%       8%/37%/55%    1.700    0.004    95.0%     0.0%   2.2465  -0.0115     9.5%
  [MA20] reward=0.0007 task_sr=16.2% miss=83.5% time_limit=40.0% v2v=44.6%
  [PPO ] p_loss=0.1966 v_loss=1.9179 entropy=2.2465 grad=7.1899 active=4.2%
  [SIM ] avg_power(a)=0.4785 rsu_q=0.010 tx=149 no_tx=14 deadlock=0 svc=2.419GHz idle=0.0%
   185     7.9s   -0.0003     0.0%     0.0%    67.7%       7%/37%/55%    2.200    0.006   100.0%     0.0%   2.0291  -0.0038     9.2%
  [MA20] reward=0.0007 task_sr=15.5% miss=84.2% time_limit=35.0% v2v=45.2%
  [PPO ] p_loss=0.0151 v_loss=1.6982 entropy=2.0291 grad=2.4346 active=9.4%
  [SIM ] avg_power(a)=0.4697 rsu_q=0.050 tx=167 no_tx=14 deadlock=0 svc=5.481GHz idle=1.0%
   186    12.2s    0.0010    20.0%    20.0%    65.3%       9%/46%/45%    1.800    0.004    80.0%     0.0%   1.9780   0.0039    11.6%
  [MA20] reward=0.0007 task_sr=15.2% miss=84.5% time_limit=35.0% v2v=45.6%
  [PPO ] p_loss=0.0208 v_loss=2.6267 entropy=1.9780 grad=6.3356 active=5.7%
  [SIM ] avg_power(a)=0.4799 rsu_q=0.067 tx=169 no_tx=16 deadlock=0 svc=3.585GHz idle=0.6%
   187    16.1s   -0.0000     5.0%     5.0%    61.5%       8%/43%/49%    2.267    0.004    95.0%     0.0%   1.9680   0.0079     4.9%
  [MA20] reward=0.0006 task_sr=15.0% miss=84.7% time_limit=40.0% v2v=45.9%
  [PPO ] p_loss=-0.0171 v_loss=14.0889 entropy=1.9680 grad=18.3111 active=4.9%
  [SIM ] avg_power(a)=0.4816 rsu_q=0.070 tx=175 no_tx=15 deadlock=0 svc=3.014GHz idle=0.0%
   188    14.9s    0.0007    15.0%    15.0%    65.8%       9%/39%/51%    1.533    0.003    85.0%     0.0%   2.0598   0.0226    11.5%
  [MA20] reward=0.0007 task_sr=15.0% miss=84.8% time_limit=40.0% v2v=46.9%
  [PPO ] p_loss=-0.1054 v_loss=2.6854 entropy=2.0598 grad=7.5143 active=4.5%
  [SIM ] avg_power(a)=0.4789 rsu_q=0.030 tx=163 no_tx=17 deadlock=0 svc=2.842GHz idle=0.0%
   189     7.9s    0.0002     0.0%     0.0%    71.8%       9%/43%/48%    0.000    0.008   100.0%     0.0%   1.8877   0.0086    10.7%
  [MA20] reward=0.0006 task_sr=14.3% miss=85.5% time_limit=40.0% v2v=47.0%
  [PPO ] p_loss=-0.0087 v_loss=1.6502 entropy=1.8877 grad=2.2652 active=10.6%
  [SIM ] avg_power(a)=0.4798 rsu_q=0.130 tx=189 no_tx=19 deadlock=0 svc=7.197GHz idle=1.0%
   190     3.0s    0.0015    15.0%    15.0%    77.8%       6%/56%/39%    1.900    0.015    85.0%     0.0%   1.9883   0.0121     5.4%
  [MA20] reward=0.0007 task_sr=15.0% miss=84.8% time_limit=40.0% v2v=46.4%
  [PPO ] p_loss=-0.0218 v_loss=1.0855 entropy=1.9883 grad=1.0187 active=28.7%
  [SIM ] avg_power(a)=0.4842 rsu_q=0.611 tx=193 no_tx=12 deadlock=0 svc=19.002GHz idle=2.8%
   191     4.0s    0.0010    10.0%    10.0%    74.4%       9%/50%/40%    2.550    0.032    90.0%     0.0%   1.9351   0.0037     7.6%
  [MA20] reward=0.0008 task_sr=15.2% miss=84.5% time_limit=35.0% v2v=46.3%
  [PPO ] p_loss=0.0127 v_loss=3.6566 entropy=1.9351 grad=10.0681 active=19.1%
  [SIM ] avg_power(a)=0.4702 rsu_q=0.320 tx=171 no_tx=18 deadlock=0 svc=13.683GHz idle=2.0%
   192    15.5s    0.0001    10.0%    10.0%    62.1%       8%/48%/44%    2.100    0.004    90.0%     0.0%   1.9178   0.0835     9.1%
  [MA20] reward=0.0007 task_sr=14.5% miss=85.2% time_limit=35.0% v2v=46.6%
  [PPO ] p_loss=-0.2081 v_loss=5.4536 entropy=1.9178 grad=26.4417 active=4.4%
  [SIM ] avg_power(a)=0.4773 rsu_q=0.085 tx=156 no_tx=14 deadlock=0 svc=2.614GHz idle=0.0%
   193     3.9s    0.0022    15.0%    15.0%    74.2%       8%/54%/38%    2.450    0.013    85.0%     0.0%   1.8863   0.0119     6.2%
  [MA20] reward=0.0008 task_sr=14.8% miss=85.0% time_limit=30.0% v2v=46.4%
  [PPO ] p_loss=-0.0068 v_loss=1.4782 entropy=1.8863 grad=2.8032 active=18.6%
  [SIM ] avg_power(a)=0.4718 rsu_q=0.151 tx=180 no_tx=15 deadlock=0 svc=12.290GHz idle=1.9%
   194    15.2s    0.0002    15.0%    15.0%    61.9%       5%/41%/54%    2.333    0.003    85.0%     0.0%   2.0437   0.0260     3.1%
  [MA20] reward=0.0007 task_sr=14.8% miss=85.0% time_limit=35.0% v2v=47.0%
  [PPO ] p_loss=0.0007 v_loss=3.0077 entropy=2.0437 grad=12.2428 active=4.6%
  [SIM ] avg_power(a)=0.4663 rsu_q=0.035 tx=170 no_tx=9 deadlock=0 svc=2.522GHz idle=0.0%
  [LateGuard] restore best_model at ep194 (drop=0.487, freeze=False)
   195    14.2s    0.0002    20.0%    20.0%    72.6%      16%/56%/28%    2.350    0.005    80.0%     0.0%   1.6901   0.0056    17.7%
  [MA20] reward=0.0007 task_sr=14.8% miss=85.0% time_limit=40.0% v2v=46.5%
  [PPO ] p_loss=0.0248 v_loss=2.2656 entropy=1.6901 grad=1.9491 active=5.0%
  [SIM ] avg_power(a)=0.4835 rsu_q=0.075 tx=167 no_tx=33 deadlock=0 svc=3.351GHz idle=0.0%
   196     8.1s    0.0011    35.0%    35.0%    83.8%       8%/60%/32%    2.500    0.010    65.0%     0.0%   1.5834   0.0247    14.9%
  [MA20] reward=0.0007 task_sr=14.8% miss=85.0% time_limit=40.0% v2v=46.1%
  [PPO ] p_loss=-0.0185 v_loss=2.3109 entropy=1.5834 grad=1.2845 active=9.1%
  [SIM ] avg_power(a)=0.4803 rsu_q=0.202 tx=198 no_tx=17 deadlock=0 svc=6.218GHz idle=0.8%
   197     5.2s    0.0015    20.0%    20.0%    70.7%      10%/56%/34%    2.260    0.022    80.0%     0.0%   1.5209   0.0082    16.4%
  [MA20] reward=0.0006 task_sr=14.5% miss=85.2% time_limit=40.0% v2v=45.8%
  [PPO ] p_loss=0.0400 v_loss=2.4221 entropy=1.5209 grad=1.0093 active=14.2%
  [SIM ] avg_power(a)=0.4788 rsu_q=0.348 tx=173 no_tx=19 deadlock=0 svc=9.396GHz idle=1.4%
   198     2.8s    0.0023    15.0%    15.0%    71.7%      10%/66%/25%    2.825    0.059    85.0%     0.0%   1.4461   0.0129    15.9%
  [MA20] reward=0.0007 task_sr=14.5% miss=85.2% time_limit=40.0% v2v=44.9%
  [PPO ] p_loss=0.0242 v_loss=2.4117 entropy=1.4461 grad=1.5036 active=26.9%
  [SIM ] avg_power(a)=0.4602 rsu_q=0.500 tx=165 no_tx=18 deadlock=0 svc=18.836GHz idle=2.9%
   199     3.0s    0.0077    50.0%    50.0%    90.9%       8%/69%/23%    2.167    0.024    50.0%     0.0%   1.2693   0.0230    14.8%
  [MA20] reward=0.0010 task_sr=16.0% miss=83.8% time_limit=40.0% v2v=43.8%
  [PPO ] p_loss=0.0111 v_loss=1.2895 entropy=1.2693 grad=1.2860 active=26.0%
  [SIM ] avg_power(a)=0.4618 rsu_q=0.878 tx=192 no_tx=16 deadlock=0 svc=17.643GHz idle=2.4%
   200     2.9s    0.0042    40.0%    40.0%    86.9%       8%/71%/21%    2.580    0.026    60.0%     0.0%   1.2530   0.0265    11.3%
  [MA20] reward=0.0012 task_sr=16.0% miss=84.0% time_limit=35.0% v2v=42.6%
  [PPO ] p_loss=0.0002 v_loss=1.2240 entropy=1.2530 grad=1.0592 active=29.6%
  [SIM ] avg_power(a)=0.4707 rsu_q=1.316 tx=204 no_tx=18 deadlock=0 svc=20.682GHz idle=2.6%

    Ep    Wall    R/step     T_SR     V_SR     S_SR            L/R/V   Lat(s)       En     Miss      Ill      Ent       KL     Clip
--------------------------------------------------------------------------------------------------------------------------------
   201     3.4s    0.0033    25.0%    25.0%    82.6%      11%/75%/14%    2.333    0.059    75.0%     0.0%   1.3311   0.0102    10.7%
  [MA20] reward=0.0014 task_sr=16.5% miss=83.5% time_limit=30.0% v2v=40.7%
  [PPO ] p_loss=-0.0073 v_loss=1.2123 entropy=1.3311 grad=0.7124 active=25.2%
  [SIM ] avg_power(a)=0.4915 rsu_q=1.262 tx=187 no_tx=24 deadlock=0 svc=17.015GHz idle=2.4%
   202     8.7s    0.0012    30.0%    30.0%    82.8%      11%/71%/17%    2.400    0.011    70.0%     0.0%   1.4676  -0.0028    16.4%
  [MA20] reward=0.0014 task_sr=17.5% miss=82.5% time_limit=30.0% v2v=38.5%
  [PPO ] p_loss=-0.0022 v_loss=4.0646 entropy=1.4676 grad=4.3859 active=8.8%
  [SIM ] avg_power(a)=0.4999 rsu_q=0.281 tx=187 no_tx=24 deadlock=0 svc=5.977GHz idle=0.8%
   203     2.7s    0.0074    40.0%    40.0%    81.9%      15%/74%/12%    2.050    0.034    60.0%     0.0%   1.5134   0.0214     7.0%
  [MA20] reward=0.0018 task_sr=19.2% miss=80.7% time_limit=30.0% v2v=36.2%
  [PPO ] p_loss=0.0090 v_loss=1.5434 entropy=1.5134 grad=1.8171 active=28.6%
  [SIM ] avg_power(a)=0.4910 rsu_q=1.571 tx=170 no_tx=30 deadlock=0 svc=21.192GHz idle=2.9%
   204     2.8s    0.0059    45.0%    45.0%    88.1%      16%/66%/18%    2.430    0.045    55.0%     0.0%   1.5150   0.0085     9.0%
  [MA20] reward=0.0021 task_sr=21.2% miss=78.8% time_limit=25.0% v2v=34.4%
  [PPO ] p_loss=0.0221 v_loss=0.9765 entropy=1.5150 grad=0.8273 active=31.4%
  [SIM ] avg_power(a)=0.4887 rsu_q=0.571 tx=182 no_tx=35 deadlock=0 svc=21.052GHz idle=5.7%
   205     3.2s    0.0028    25.0%    25.0%    81.8%      18%/60%/22%    2.060    0.024    75.0%     0.0%   1.6400   0.0069     8.9%
  [MA20] reward=0.0022 task_sr=22.5% miss=77.5% time_limit=25.0% v2v=32.7%
  [PPO ] p_loss=0.0043 v_loss=1.1497 entropy=1.6400 grad=1.2115 active=23.8%
  [SIM ] avg_power(a)=0.5049 rsu_q=0.860 tx=165 no_tx=37 deadlock=0 svc=16.390GHz idle=2.3%
   206     4.7s    0.0021    35.0%    35.0%    85.0%      18%/57%/24%    2.533    0.022    65.0%     0.0%   1.6385   0.0253    13.0%
  [MA20] reward=0.0023 task_sr=23.2% miss=76.8% time_limit=25.0% v2v=31.7%
  [PPO ] p_loss=-0.0269 v_loss=1.6204 entropy=1.6385 grad=1.3375 active=16.0%
  [SIM ] avg_power(a)=0.5053 rsu_q=0.353 tx=177 no_tx=40 deadlock=0 svc=10.925GHz idle=1.5%
   207    10.4s    0.0003    20.0%    20.0%    71.4%      16%/50%/34%    2.650    0.009    80.0%     0.0%   1.8738   0.0170     6.2%
  [MA20] reward=0.0023 task_sr=24.0% miss=76.0% time_limit=20.0% v2v=30.9%
  [PPO ] p_loss=0.0209 v_loss=1.7879 entropy=1.8738 grad=2.4612 active=7.4%
  [SIM ] avg_power(a)=0.5141 rsu_q=0.178 tx=166 no_tx=32 deadlock=0 svc=4.867GHz idle=0.7%
   208     8.7s    0.0004    15.0%    15.0%    72.9%      16%/52%/32%    2.233    0.011    85.0%     0.0%   1.7263   0.0184     8.1%
  [MA20] reward=0.0023 task_sr=24.0% miss=76.0% time_limit=15.0% v2v=29.9%
  [PPO ] p_loss=-0.0448 v_loss=8.8448 entropy=1.7263 grad=51.2397 active=8.5%
  [SIM ] avg_power(a)=0.5353 rsu_q=0.172 tx=162 no_tx=32 deadlock=0 svc=5.267GHz idle=0.9%
   209    11.9s    0.0012    25.0%    25.0%    71.2%      19%/56%/25%    1.917    0.009    75.0%     0.0%   1.7598   0.0127     5.3%
  [MA20] reward=0.0023 task_sr=25.2% miss=74.8% time_limit=15.0% v2v=28.8%
  [PPO ] p_loss=0.0245 v_loss=3.9151 entropy=1.7598 grad=11.5302 active=5.6%
  [SIM ] avg_power(a)=0.5364 rsu_q=0.090 tx=150 no_tx=36 deadlock=0 svc=3.505GHz idle=0.6%
  [LateGuard] restore best_model at ep209 (drop=0.184, freeze=False)
   210     6.5s    0.0020    20.0%    20.0%    64.6%      15%/58%/27%    1.875    0.030    80.0%     0.0%   1.7432   0.0169    15.2%
  [MA20] reward=0.0024 task_sr=25.5% miss=74.5% time_limit=15.0% v2v=28.2%
  [PPO ] p_loss=-0.0010 v_loss=1.6085 entropy=1.7432 grad=1.0226 active=12.3%
  [SIM ] avg_power(a)=0.4871 rsu_q=0.235 tx=168 no_tx=29 deadlock=0 svc=7.778GHz idle=1.2%
   211     3.5s    0.0014    20.0%    20.0%    72.2%      11%/56%/33%    2.500    0.022    80.0%     0.0%   1.6633   0.0069    17.2%
  [MA20] reward=0.0024 task_sr=26.0% miss=74.0% time_limit=15.0% v2v=27.8%
  [PPO ] p_loss=0.0213 v_loss=2.1852 entropy=1.6633 grad=0.8906 active=24.3%
  [SIM ] avg_power(a)=0.4962 rsu_q=0.605 tx=183 no_tx=23 deadlock=0 svc=16.420GHz idle=2.3%
   212    14.0s    0.0007    25.0%    25.0%    81.9%      14%/60%/26%    2.483    0.004    75.0%     0.0%   1.5842   0.0139     8.1%
  [MA20] reward=0.0024 task_sr=26.8% miss=73.3% time_limit=15.0% v2v=26.9%
  [PPO ] p_loss=-0.0433 v_loss=3.0599 entropy=1.5842 grad=2.6397 active=5.7%
  [SIM ] avg_power(a)=0.4988 rsu_q=0.105 tx=196 no_tx=32 deadlock=0 svc=3.830GHz idle=0.0%
   213     3.6s    0.0028    25.0%    25.0%    81.5%      18%/67%/16%    2.486    0.017    75.0%     0.0%   1.5667   0.0123    12.0%
  [MA20] reward=0.0024 task_sr=27.3% miss=72.8% time_limit=15.0% v2v=25.8%
  [PPO ] p_loss=0.0200 v_loss=1.4610 entropy=1.5667 grad=1.6751 active=21.7%
  [SIM ] avg_power(a)=0.4894 rsu_q=0.426 tx=166 no_tx=36 deadlock=0 svc=14.532GHz idle=2.1%
   214     5.8s    0.0016    30.0%    30.0%    82.1%      17%/62%/22%    2.200    0.009    70.0%     0.0%   1.5984  -0.0023    10.7%
  [MA20] reward=0.0025 task_sr=28.0% miss=72.0% time_limit=10.0% v2v=24.2%
  [PPO ] p_loss=0.0042 v_loss=2.5027 entropy=1.5984 grad=2.1142 active=13.3%
  [SIM ] avg_power(a)=0.4980 rsu_q=0.300 tx=177 no_tx=36 deadlock=0 svc=8.683GHz idle=1.3%
   215     3.2s    0.0032    30.0%    30.0%    79.7%      12%/61%/27%    2.283    0.045    70.0%     0.0%   1.4833   0.0160    12.3%
  [MA20] reward=0.0027 task_sr=28.5% miss=71.5% time_limit=5.0% v2v=24.1%
  [PPO ] p_loss=-0.0104 v_loss=1.3646 entropy=1.4833 grad=1.2890 active=27.9%
  [SIM ] avg_power(a)=0.5090 rsu_q=1.000 tx=188 no_tx=26 deadlock=0 svc=19.703GHz idle=2.6%
   216     2.4s    0.0051    35.0%    35.0%    81.8%       7%/77%/16%    2.029    0.088    65.0%     0.0%   1.3264  -0.0069     9.6%
  [MA20] reward=0.0029 task_sr=28.5% miss=71.5% time_limit=5.0% v2v=23.3%
  [PPO ] p_loss=0.0081 v_loss=1.3020 entropy=1.3264 grad=1.6758 active=32.6%
  [SIM ] avg_power(a)=0.5115 rsu_q=1.258 tx=185 no_tx=15 deadlock=0 svc=21.335GHz idle=3.2%
   217     2.9s    0.0059    45.0%    45.0%    85.0%       8%/75%/17%    2.270    0.056    55.0%     0.0%   1.2947   0.0171     8.6%
  [MA20] reward=0.0031 task_sr=29.8% miss=70.2% time_limit=5.0% v2v=22.5%
  [PPO ] p_loss=0.0105 v_loss=1.6134 entropy=1.2947 grad=1.1288 active=27.1%
  [SIM ] avg_power(a)=0.5033 rsu_q=0.846 tx=191 no_tx=17 deadlock=0 svc=19.575GHz idle=2.6%
   218     3.8s    0.0075    45.0%    45.0%    84.2%       8%/76%/15%    1.822    0.033    55.0%     0.0%   1.2733   0.0074    10.3%
  [MA20] reward=0.0033 task_sr=31.2% miss=68.8% time_limit=5.0% v2v=22.0%
  [PPO ] p_loss=-0.0086 v_loss=1.7642 entropy=1.2733 grad=0.9975 active=21.6%
  [SIM ] avg_power(a)=0.5126 rsu_q=1.160 tx=195 no_tx=18 deadlock=0 svc=13.797GHz idle=2.0%
   219     2.5s    0.0071    45.0%    45.0%    88.8%       6%/78%/16%    2.222    0.055    55.0%     0.0%   1.2136   0.0225     8.6%
  [MA20] reward=0.0033 task_sr=31.0% miss=69.0% time_limit=5.0% v2v=21.6%
  [PPO ] p_loss=0.0084 v_loss=2.2160 entropy=1.2136 grad=1.8555 active=35.8%
  [SIM ] avg_power(a)=0.5179 rsu_q=1.968 tx=209 no_tx=13 deadlock=0 svc=24.885GHz idle=3.2%
   220     2.8s    0.0105    60.0%    60.0%    89.7%       6%/81%/13%    1.942    0.053    40.0%     0.0%   1.2723   0.0169     8.9%
  [MA20] reward=0.0036 task_sr=32.0% miss=68.0% time_limit=5.0% v2v=21.2%
  [PPO ] p_loss=-0.0167 v_loss=1.4831 entropy=1.2723 grad=1.6194 active=29.9%
  [SIM ] avg_power(a)=0.5384 rsu_q=1.139 tx=201 no_tx=13 deadlock=0 svc=20.622GHz idle=2.8%
  → Best model saved: Success Rate = 0.234 (50-ep avg)

    Ep    Wall    R/step     T_SR     V_SR     S_SR            L/R/V   Lat(s)       En     Miss      Ill      Ent       KL     Clip
--------------------------------------------------------------------------------------------------------------------------------
   221     2.8s    0.0044    20.0%    20.0%    81.2%       7%/77%/16%    2.050    0.063    80.0%     0.0%   1.3686   0.0159    11.5%
  [MA20] reward=0.0037 task_sr=31.8% miss=68.3% time_limit=5.0% v2v=21.3%
  [PPO ] p_loss=-0.0062 v_loss=1.0589 entropy=1.3686 grad=0.7292 active=35.5%
  [SIM ] avg_power(a)=0.5282 rsu_q=1.333 tx=216 no_tx=16 deadlock=0 svc=23.344GHz idle=3.0%
  → Best model saved: Success Rate = 0.237 (50-ep avg)
   222     4.2s    0.0027    25.0%    25.0%    77.4%       9%/71%/20%    2.283    0.024    75.0%     0.0%   1.3287   0.0087    11.0%
  [MA20] reward=0.0037 task_sr=31.5% miss=68.5% time_limit=5.0% v2v=21.5%
  [PPO ] p_loss=0.0097 v_loss=1.1974 entropy=1.3287 grad=1.0589 active=20.4%
  [SIM ] avg_power(a)=0.5142 rsu_q=0.889 tx=200 no_tx=20 deadlock=0 svc=14.457GHz idle=1.9%
   223     8.7s    0.0020    50.0%    50.0%    87.1%       9%/75%/15%    2.110    0.016    50.0%     0.0%   1.3066   0.0241    13.1%
  [MA20] reward=0.0035 task_sr=32.0% miss=68.0% time_limit=5.0% v2v=21.7%
  [PPO ] p_loss=-0.0090 v_loss=2.1742 entropy=1.3066 grad=3.3842 active=8.5%
  [SIM ] avg_power(a)=0.5353 rsu_q=0.349 tx=198 no_tx=20 deadlock=0 svc=5.982GHz idle=0.8%
  → Best model saved: Success Rate = 0.245 (50-ep avg)
   224     3.8s    0.0025    25.0%    25.0%    79.3%      13%/66%/21%    2.067    0.027    75.0%     0.0%   1.5251   0.0080     9.2%
  [MA20] reward=0.0033 task_sr=31.0% miss=69.0% time_limit=5.0% v2v=21.8%
  [PPO ] p_loss=-0.0302 v_loss=1.6678 entropy=1.5251 grad=2.2990 active=20.4%
  [SIM ] avg_power(a)=0.5128 rsu_q=0.353 tx=180 no_tx=27 deadlock=0 svc=13.711GHz idle=2.0%
  → Best model saved: Success Rate = 0.247 (50-ep avg)
   225     8.7s    0.0010    30.0%    30.0%    88.7%      15%/61%/24%    2.486    0.007    70.0%     0.0%   1.5569   0.0162    12.1%
  [MA20] reward=0.0032 task_sr=31.2% miss=68.8% time_limit=5.0% v2v=21.9%
  [PPO ] p_loss=-0.0025 v_loss=2.5747 entropy=1.5569 grad=1.8478 active=9.2%
  [SIM ] avg_power(a)=0.5217 rsu_q=0.276 tx=197 no_tx=35 deadlock=0 svc=5.806GHz idle=0.8%
  → Best model saved: Success Rate = 0.249 (50-ep avg)
   226     3.2s    0.0027    25.0%    25.0%    81.7%      16%/68%/15%    2.060    0.040    75.0%     0.0%   1.5404   0.0158     8.7%
  [MA20] reward=0.0033 task_sr=30.8% miss=69.2% time_limit=5.0% v2v=21.5%
  [PPO ] p_loss=-0.0136 v_loss=1.4081 entropy=1.5404 grad=0.8690 active=27.1%
  [SIM ] avg_power(a)=0.5098 rsu_q=0.905 tx=191 no_tx=37 deadlock=0 svc=18.521GHz idle=2.4%
   227    14.0s    0.0015    25.0%    25.0%    78.8%      27%/54%/19%    1.871    0.004    65.0%     0.0%   1.5714   0.0206     8.0%
  [MA20] reward=0.0033 task_sr=31.0% miss=68.5% time_limit=10.0% v2v=20.7%
  [PPO ] p_loss=0.0144 v_loss=2.2591 entropy=1.5714 grad=1.6985 active=5.9%
  [SIM ] avg_power(a)=0.5260 rsu_q=0.170 tx=155 no_tx=59 deadlock=0 svc=4.132GHz idle=0.0%
   228    15.2s    0.0010    30.0%    30.0%    85.3%      16%/67%/18%    2.188    0.005    70.0%     0.0%   1.5699   0.0023    11.8%
  [MA20] reward=0.0033 task_sr=31.8% miss=67.8% time_limit=15.0% v2v=20.0%
  [PPO ] p_loss=-0.0217 v_loss=2.4956 entropy=1.5699 grad=1.6849 active=5.2%
  [SIM ] avg_power(a)=0.5257 rsu_q=0.215 tx=175 no_tx=33 deadlock=0 svc=3.526GHz idle=0.0%
  → Best model saved: Success Rate = 0.250 (50-ep avg)
   229     3.0s    0.0035    25.0%    25.0%    79.5%      17%/66%/17%    2.020    0.030    75.0%     0.0%   1.6490   0.0144     8.5%
  [MA20] reward=0.0035 task_sr=31.8% miss=67.8% time_limit=15.0% v2v=19.6%
  [PPO ] p_loss=-0.0009 v_loss=1.2014 entropy=1.6490 grad=0.6153 active=26.0%
  [SIM ] avg_power(a)=0.5307 rsu_q=1.359 tx=167 no_tx=35 deadlock=0 svc=18.282GHz idle=2.6%
  → Best model saved: Success Rate = 0.251 (50-ep avg)
   230     3.0s    0.0076    50.0%    50.0%    90.2%      24%/56%/20%    2.155    0.030    50.0%     0.0%   1.6429   0.0053    12.3%
  [MA20] reward=0.0037 task_sr=33.2% miss=66.2% time_limit=15.0% v2v=19.2%
  [PPO ] p_loss=-0.0145 v_loss=1.5542 entropy=1.6429 grad=0.7209 active=26.8%
  [SIM ] avg_power(a)=0.5198 rsu_q=0.900 tx=158 no_tx=52 deadlock=0 svc=19.149GHz idle=2.5%
  → Best model saved: Success Rate = 0.253 (50-ep avg)
   231     2.6s    0.0077    40.0%    40.0%    88.1%      24%/61%/16%    2.336    0.029    60.0%     0.0%   1.4266   0.0214    13.2%
  [MA20] reward=0.0040 task_sr=34.2% miss=65.2% time_limit=15.0% v2v=18.4%
  [PPO ] p_loss=-0.0202 v_loss=1.4282 entropy=1.4266 grad=0.5259 active=32.7%
  [SIM ] avg_power(a)=0.5174 rsu_q=1.061 tx=164 no_tx=51 deadlock=0 svc=23.273GHz idle=3.0%
  → Best model saved: Success Rate = 0.258 (50-ep avg)
   232     2.8s    0.0104    55.0%    55.0%    88.3%      19%/70%/11%    2.262    0.026    45.0%     0.0%   1.3284  -0.0008     7.3%
  [MA20] reward=0.0045 task_sr=35.8% miss=63.7% time_limit=10.0% v2v=17.6%
  [PPO ] p_loss=-0.0050 v_loss=1.1822 entropy=1.3284 grad=0.7109 active=30.9%
  [SIM ] avg_power(a)=0.5064 rsu_q=1.135 tx=185 no_tx=44 deadlock=0 svc=22.613GHz idle=2.7%
  → Best model saved: Success Rate = 0.267 (50-ep avg)
   233     5.7s    0.0029    45.0%    45.0%    83.2%      21%/65%/14%    2.030    0.010    55.0%     0.0%   1.3581   0.0173    14.2%
  [MA20] reward=0.0045 task_sr=36.8% miss=62.7% time_limit=10.0% v2v=17.5%
  [PPO ] p_loss=-0.0058 v_loss=1.5402 entropy=1.3581 grad=1.0303 active=11.6%
  [SIM ] avg_power(a)=0.5128 rsu_q=0.306 tx=153 no_tx=42 deadlock=0 svc=8.107GHz idle=1.2%
  → Best model saved: Success Rate = 0.275 (50-ep avg)
   234     2.7s    0.0075    55.0%    55.0%    93.1%      18%/70%/12%    2.400    0.028    45.0%     0.0%   1.3247   0.0050     9.8%
  [MA20] reward=0.0048 task_sr=38.0% miss=61.5% time_limit=10.0% v2v=17.0%
  [PPO ] p_loss=0.0100 v_loss=1.2821 entropy=1.3247 grad=0.5776 active=32.2%
  [SIM ] avg_power(a)=0.4856 rsu_q=1.189 tx=193 no_tx=43 deadlock=0 svc=22.832GHz idle=5.4%
  → Best model saved: Success Rate = 0.285 (50-ep avg)
   235     4.7s    0.0040    35.0%    35.0%    84.8%      23%/60%/16%    2.111    0.023    65.0%     0.0%   1.3469   0.0077    25.0%
  [MA20] reward=0.0049 task_sr=38.2% miss=61.3% time_limit=10.0% v2v=16.5%
  [PPO ] p_loss=-0.0079 v_loss=1.4296 entropy=1.3469 grad=0.8555 active=15.6%
  [SIM ] avg_power(a)=0.5028 rsu_q=0.453 tx=153 no_tx=46 deadlock=0 svc=10.987GHz idle=1.6%
  → Best model saved: Success Rate = 0.292 (50-ep avg)
   236     2.9s    0.0063    50.0%    50.0%    86.8%      20%/65%/16%    2.238    0.039    50.0%     0.0%   1.3402  -0.0041    10.4%
  [MA20] reward=0.0049 task_sr=39.0% miss=60.5% time_limit=10.0% v2v=16.5%
  [PPO ] p_loss=-0.0078 v_loss=1.7093 entropy=1.3402 grad=0.9231 active=25.1%
  [SIM ] avg_power(a)=0.4983 rsu_q=0.610 tx=164 no_tx=41 deadlock=0 svc=17.901GHz idle=2.4%
  → Best model saved: Success Rate = 0.298 (50-ep avg)
   237     2.7s    0.0060    40.0%    40.0%    79.1%      23%/62%/15%    2.238    0.035    60.0%     0.0%   1.4132  -0.0060     9.2%
  [MA20] reward=0.0049 task_sr=38.8% miss=60.8% time_limit=10.0% v2v=16.4%
  [PPO ] p_loss=-0.0065 v_loss=1.6959 entropy=1.4132 grad=2.5378 active=31.8%
  [SIM ] avg_power(a)=0.4804 rsu_q=0.824 tx=167 no_tx=49 deadlock=0 svc=22.689GHz idle=2.9%
  → Best model saved: Success Rate = 0.305 (50-ep avg)
   238     3.1s    0.0075    40.0%    40.0%    83.0%       26%/67%/7%    1.888    0.028    60.0%     0.0%   1.3329   0.0070     5.7%
  [MA20] reward=0.0049 task_sr=38.5% miss=61.0% time_limit=10.0% v2v=16.0%
  [PPO ] p_loss=-0.0123 v_loss=1.2619 entropy=1.3329 grad=1.0983 active=25.5%
  [SIM ] avg_power(a)=0.4952 rsu_q=1.119 tx=157 no_tx=55 deadlock=0 svc=16.776GHz idle=2.4%
  → Best model saved: Success Rate = 0.310 (50-ep avg)
   239     3.2s    0.0044    40.0%    40.0%    86.8%      29%/59%/12%    2.425    0.024    60.0%     0.0%   1.4496   0.0017     9.8%
  [MA20] reward=0.0048 task_sr=38.3% miss=61.2% time_limit=10.0% v2v=15.8%
  [PPO ] p_loss=-0.0040 v_loss=1.2296 entropy=1.4496 grad=0.9745 active=26.9%
  [SIM ] avg_power(a)=0.5005 rsu_q=0.628 tx=164 no_tx=67 deadlock=0 svc=18.609GHz idle=2.3%
  → Best model saved: Success Rate = 0.318 (50-ep avg)
   240     2.8s    0.0068    50.0%    50.0%    86.8%      32%/55%/13%    2.060    0.022    50.0%     0.0%   1.6142   0.0265     8.8%
  [MA20] reward=0.0046 task_sr=37.8% miss=61.7% time_limit=10.0% v2v=15.8%
  [PPO ] p_loss=-0.0017 v_loss=1.3777 entropy=1.6142 grad=0.8311 active=26.0%
  [SIM ] avg_power(a)=0.5060 rsu_q=0.462 tx=138 no_tx=65 deadlock=0 svc=17.810GHz idle=2.6%
  → Best model saved: Success Rate = 0.325 (50-ep avg)

    Ep    Wall    R/step     T_SR     V_SR     S_SR            L/R/V   Lat(s)       En     Miss      Ill      Ent       KL     Clip
--------------------------------------------------------------------------------------------------------------------------------
   241     7.3s    0.0017    45.0%    45.0%    85.3%      32%/52%/16%    2.364    0.007    55.0%     0.0%   1.4983   0.0158     7.6%
  [MA20] reward=0.0045 task_sr=39.0% miss=60.5% time_limit=10.0% v2v=15.8%
  [PPO ] p_loss=0.0344 v_loss=2.3782 entropy=1.4983 grad=1.7946 active=9.2%
  [SIM ] avg_power(a)=0.4937 rsu_q=0.083 tx=133 no_tx=64 deadlock=0 svc=6.187GHz idle=0.9%
  → Best model saved: Success Rate = 0.332 (50-ep avg)
   242     3.5s    0.0054    45.0%    45.0%    85.5%      23%/63%/14%    2.310    0.031    55.0%     0.0%   1.3863   0.0112     7.5%
  [MA20] reward=0.0046 task_sr=40.0% miss=59.5% time_limit=10.0% v2v=15.5%
  [PPO ] p_loss=0.0432 v_loss=1.4209 entropy=1.3863 grad=1.5541 active=24.3%
  [SIM ] avg_power(a)=0.4924 rsu_q=0.574 tx=174 no_tx=53 deadlock=0 svc=16.188GHz idle=2.1%
  → Best model saved: Success Rate = 0.339 (50-ep avg)
   243     3.0s    0.0032    25.0%    25.0%    84.0%      23%/66%/11%    2.417    0.029    75.0%     0.0%   1.4286   0.0093     8.5%
  [MA20] reward=0.0047 task_sr=38.8% miss=60.8% time_limit=10.0% v2v=15.3%
  [PPO ] p_loss=-0.0027 v_loss=1.2388 entropy=1.4286 grad=0.9508 active=28.0%
  [SIM ] avg_power(a)=0.5051 rsu_q=0.553 tx=164 no_tx=49 deadlock=0 svc=20.163GHz idle=2.6%
  → Best model saved: Success Rate = 0.341 (50-ep avg)
   244     6.2s    0.0027    40.0%    40.0%    84.4%      19%/68%/13%    2.163    0.019    60.0%     0.0%   1.3703   0.0209    12.2%
  [MA20] reward=0.0047 task_sr=39.5% miss=60.0% time_limit=10.0% v2v=14.9%
  [PPO ] p_loss=0.0068 v_loss=2.0932 entropy=1.3703 grad=2.3078 active=11.5%
  [SIM ] avg_power(a)=0.5021 rsu_q=0.432 tx=164 no_tx=38 deadlock=0 svc=8.177GHz idle=1.1%
  → Best model saved: Success Rate = 0.346 (50-ep avg)
   245     2.9s    0.0083    45.0%    45.0%    91.1%      16%/72%/11%    2.131    0.032    55.0%     0.0%   1.4028   0.0215     9.5%
  [MA20] reward=0.0051 task_sr=40.2% miss=59.2% time_limit=10.0% v2v=14.3%
  [PPO ] p_loss=-0.0146 v_loss=1.4164 entropy=1.4028 grad=2.2458 active=29.6%
  [SIM ] avg_power(a)=0.4777 rsu_q=1.289 tx=186 no_tx=37 deadlock=0 svc=19.996GHz idle=2.6%
  → Best model saved: Success Rate = 0.351 (50-ep avg)
   246     3.8s    0.0043    30.0%    30.0%    79.8%      22%/62%/16%    1.957    0.028    70.0%     0.0%   1.4802   0.0111     7.3%
  [MA20] reward=0.0051 task_sr=40.5% miss=59.0% time_limit=10.0% v2v=14.3%
  [PPO ] p_loss=-0.0033 v_loss=1.4048 entropy=1.4802 grad=1.8030 active=20.7%
  [SIM ] avg_power(a)=0.4835 rsu_q=0.412 tx=160 no_tx=46 deadlock=0 svc=13.886GHz idle=2.0%
   247     2.6s    0.0069    35.0%    35.0%    83.6%      21%/65%/13%    1.871    0.042    65.0%     0.0%   1.4344   0.0263     7.2%
  [MA20] reward=0.0054 task_sr=41.0% miss=59.0% time_limit=5.0% v2v=14.0%
  [PPO ] p_loss=0.0149 v_loss=1.2827 entropy=1.4344 grad=2.0213 active=31.5%
  [SIM ] avg_power(a)=0.4650 rsu_q=1.059 tx=167 no_tx=46 deadlock=0 svc=21.313GHz idle=2.9%
  → Best model saved: Success Rate = 0.353 (50-ep avg)
   248    15.0s    0.0010    25.0%    25.0%    75.6%      18%/69%/13%    2.133    0.008    75.0%     0.0%   1.4517   0.0287    13.5%
  [MA20] reward=0.0054 task_sr=40.8% miss=59.2% time_limit=5.0% v2v=13.8%
  [PPO ] p_loss=-0.0050 v_loss=1.6341 entropy=1.4517 grad=2.3034 active=5.0%
  [SIM ] avg_power(a)=0.4834 rsu_q=0.180 tx=164 no_tx=35 deadlock=0 svc=3.378GHz idle=0.0%
  → Best model saved: Success Rate = 0.355 (50-ep avg)
   249     3.0s    0.0064    45.0%    45.0%    88.0%      18%/67%/15%    2.044    0.025    55.0%     0.0%   1.5493   0.0050    13.7%
  [MA20] reward=0.0056 task_sr=41.8% miss=58.2% time_limit=5.0% v2v=13.7%
  [PPO ] p_loss=0.0178 v_loss=1.5337 entropy=1.5493 grad=3.2958 active=26.2%
  [SIM ] avg_power(a)=0.4779 rsu_q=1.000 tx=174 no_tx=39 deadlock=0 svc=17.729GHz idle=2.4%
   250     3.2s    0.0019    20.0%    20.0%    69.4%      28%/52%/20%    2.475    0.026    80.0%     0.0%   1.6146   0.0093     8.0%
  [MA20] reward=0.0053 task_sr=40.2% miss=59.8% time_limit=5.0% v2v=13.7%
  [PPO ] p_loss=-0.0033 v_loss=1.4290 entropy=1.6146 grad=5.8726 active=21.9%
  [SIM ] avg_power(a)=0.4754 rsu_q=0.333 tx=132 no_tx=52 deadlock=0 svc=15.194GHz idle=2.4%
   251     5.1s    0.0021    30.0%    30.0%    83.6%      25%/58%/18%    2.467    0.014    70.0%     0.0%   1.6007   0.0014    13.5%
  [MA20] reward=0.0050 task_sr=39.8% miss=60.2% time_limit=5.0% v2v=13.8%
  [PPO ] p_loss=0.0003 v_loss=3.1680 entropy=1.6007 grad=12.5878 active=16.8%
  [SIM ] avg_power(a)=0.4659 rsu_q=0.348 tx=175 no_tx=57 deadlock=0 svc=11.605GHz idle=1.4%
   252     4.3s    0.0035    35.0%    35.0%    85.7%      23%/57%/21%    2.300    0.009    65.0%     0.0%   1.4391   0.0079    10.3%
  [MA20] reward=0.0046 task_sr=38.7% miss=61.3% time_limit=5.0% v2v=14.3%
  [PPO ] p_loss=-0.0048 v_loss=1.8768 entropy=1.4391 grad=12.5871 active=19.3%
  [SIM ] avg_power(a)=0.4712 rsu_q=0.414 tx=173 no_tx=51 deadlock=0 svc=12.783GHz idle=1.7%
   253    14.7s    0.0004    25.0%    25.0%    81.1%      20%/64%/16%    2.417    0.010    75.0%     0.0%   1.4165   0.0126    10.1%
  [MA20] reward=0.0045 task_sr=37.7% miss=62.3% time_limit=10.0% v2v=14.4%
  [PPO ] p_loss=0.0841 v_loss=0.9755 entropy=1.4165 grad=5.1060 active=5.9%
  [SIM ] avg_power(a)=0.4868 rsu_q=0.095 tx=180 no_tx=45 deadlock=0 svc=3.829GHz idle=0.0%
   254     3.3s    0.0068    60.0%    60.0%    91.8%      18%/70%/13%    2.400    0.028    40.0%     0.0%   1.3065   0.0045     7.4%
  [MA20] reward=0.0045 task_sr=38.0% miss=62.0% time_limit=10.0% v2v=14.4%
  [PPO ] p_loss=0.0084 v_loss=1.2057 entropy=1.3065 grad=2.4442 active=28.3%
  [SIM ] avg_power(a)=0.4650 rsu_q=0.978 tx=206 no_tx=45 deadlock=0 svc=19.914GHz idle=2.2%
   255     9.2s    0.0018    30.0%    30.0%    88.4%      15%/72%/13%    2.250    0.012    70.0%     0.0%   1.2743   0.0014     9.2%
  [MA20] reward=0.0044 task_sr=37.8% miss=62.2% time_limit=10.0% v2v=14.3%
  [PPO ] p_loss=-0.0139 v_loss=2.0117 entropy=1.2743 grad=5.2960 active=9.8%
  [SIM ] avg_power(a)=0.4660 rsu_q=0.398 tx=202 no_tx=37 deadlock=0 svc=6.590GHz idle=0.8%
   256     3.6s    0.0011    10.0%    10.0%    69.1%      18%/71%/10%    2.350    0.045    90.0%     0.0%   1.2751   0.0322    12.9%
  [MA20] reward=0.0041 task_sr=35.8% miss=64.2% time_limit=10.0% v2v=14.0%
  [PPO ] p_loss=-0.0024 v_loss=2.0583 entropy=1.2751 grad=11.0126 active=20.2%
  [SIM ] avg_power(a)=0.4648 rsu_q=0.756 tx=149 no_tx=33 deadlock=0 svc=13.567GHz idle=2.2%
   257     2.6s    0.0101    60.0%    60.0%    94.1%      14%/74%/12%    2.286    0.030    40.0%     0.0%   1.1247   0.0116     7.3%
  [MA20] reward=0.0043 task_sr=36.7% miss=63.3% time_limit=10.0% v2v=13.9%
  [PPO ] p_loss=0.0255 v_loss=1.0699 entropy=1.1247 grad=3.4152 active=35.3%
  [SIM ] avg_power(a)=0.4685 rsu_q=1.091 tx=197 no_tx=32 deadlock=0 svc=25.167GHz idle=3.0%
  → Best model saved: Success Rate = 0.356 (50-ep avg)
   258     2.5s    0.0104    50.0%    50.0%    80.1%       13%/78%/9%    1.918    0.045    50.0%     0.0%   1.1224   0.0155     6.7%
  [MA20] reward=0.0045 task_sr=37.2% miss=62.8% time_limit=10.0% v2v=14.0%
  [PPO ] p_loss=0.0038 v_loss=1.2089 entropy=1.1224 grad=2.7254 active=28.3%
  [SIM ] avg_power(a)=0.4516 rsu_q=1.061 tx=162 no_tx=24 deadlock=0 svc=19.437GHz idle=3.0%
  → Best model saved: Success Rate = 0.363 (50-ep avg)
   259     2.5s    0.0123    65.0%    65.0%    92.4%       13%/82%/5%    2.093    0.045    35.0%     0.0%   1.0708   0.0077     4.5%
  [MA20] reward=0.0049 task_sr=38.5% miss=61.5% time_limit=10.0% v2v=13.6%
  [PPO ] p_loss=0.0433 v_loss=1.2598 entropy=1.0708 grad=1.6989 active=32.4%
  [SIM ] avg_power(a)=0.4622 rsu_q=1.314 tx=196 no_tx=29 deadlock=0 svc=21.229GHz idle=2.9%
  → Best model saved: Success Rate = 0.371 (50-ep avg)
   260     2.5s    0.0116    60.0%    60.0%    94.2%        8%/85%/7%    2.187    0.064    40.0%     0.0%   1.1306   0.0159     6.4%
  [MA20] reward=0.0051 task_sr=39.0% miss=61.0% time_limit=10.0% v2v=13.3%
  [PPO ] p_loss=-0.0304 v_loss=1.2674 entropy=1.1306 grad=1.9368 active=34.4%
  [SIM ] avg_power(a)=0.4794 rsu_q=2.382 tx=215 no_tx=19 deadlock=0 svc=25.387GHz idle=8.8%
  → Best model saved: Success Rate = 0.379 (50-ep avg)

    Ep    Wall    R/step     T_SR     V_SR     S_SR            L/R/V   Lat(s)       En     Miss      Ill      Ent       KL     Clip
--------------------------------------------------------------------------------------------------------------------------------
   261     2.9s    0.0049    45.0%    45.0%    81.8%       8%/81%/10%    2.100    0.051    55.0%     0.0%   1.1103   0.0152     5.7%
  [MA20] reward=0.0053 task_sr=39.0% miss=61.0% time_limit=10.0% v2v=13.0%
  [PPO ] p_loss=0.0103 v_loss=1.4695 entropy=1.1103 grad=1.2956 active=26.6%
  [SIM ] avg_power(a)=0.4474 rsu_q=1.263 tx=184 no_tx=17 deadlock=0 svc=17.642GHz idle=2.6%
  → Best model saved: Success Rate = 0.384 (50-ep avg)
   262     2.4s    0.0088    50.0%    50.0%    91.8%       16%/76%/8%    2.217    0.056    50.0%     0.0%   1.1825   0.0220    11.8%
  [MA20] reward=0.0054 task_sr=39.2% miss=60.8% time_limit=10.0% v2v=12.7%
  [PPO ] p_loss=-0.0022 v_loss=1.0464 entropy=1.1825 grad=1.2472 active=37.0%
  [SIM ] avg_power(a)=0.4688 rsu_q=2.033 tx=184 no_tx=36 deadlock=0 svc=24.547GHz idle=3.3%
  → Best model saved: Success Rate = 0.389 (50-ep avg)
   263     3.0s    0.0059    35.0%    35.0%    84.6%       13%/79%/8%    2.513    0.062    65.0%     0.0%   1.2348   0.0241     7.6%
  [MA20] reward=0.0056 task_sr=39.8% miss=60.2% time_limit=10.0% v2v=12.6%
  [PPO ] p_loss=-0.0113 v_loss=1.0294 entropy=1.2348 grad=4.3605 active=32.0%
  [SIM ] avg_power(a)=0.4650 rsu_q=1.405 tx=204 no_tx=31 deadlock=0 svc=22.050GHz idle=2.7%
  → Best model saved: Success Rate = 0.391 (50-ep avg)
   264     2.6s    0.0038    30.0%    30.0%    79.6%       16%/75%/9%    2.333    0.061    70.0%     0.0%   1.1893  -0.0013     8.7%
  [MA20] reward=0.0056 task_sr=39.2% miss=60.8% time_limit=10.0% v2v=12.3%
  [PPO ] p_loss=-0.0498 v_loss=1.1494 entropy=1.1893 grad=7.9200 active=27.2%
  [SIM ] avg_power(a)=0.4524 rsu_q=0.706 tx=155 no_tx=30 deadlock=0 svc=18.380GHz idle=2.9%
   265     2.8s    0.0086    45.0%    45.0%    87.7%       13%/80%/7%    2.140    0.039    55.0%     0.0%   1.2273  -0.0106     5.7%
  [MA20] reward=0.0056 task_sr=39.2% miss=60.8% time_limit=10.0% v2v=12.1%
  [PPO ] p_loss=-0.0195 v_loss=1.2138 entropy=1.2273 grad=2.1151 active=29.9%
  [SIM ] avg_power(a)=0.4523 rsu_q=0.886 tx=180 no_tx=28 deadlock=0 svc=21.065GHz idle=2.9%
  → Best model saved: Success Rate = 0.394 (50-ep avg)
   266     2.6s    0.0083    45.0%    45.0%    80.0%       19%/76%/5%    2.144    0.062    55.0%     0.0%   1.1580   0.0029     6.9%
  [MA20] reward=0.0058 task_sr=40.0% miss=60.0% time_limit=10.0% v2v=11.6%
  [PPO ] p_loss=0.0120 v_loss=1.4986 entropy=1.1580 grad=3.4491 active=29.5%
  [SIM ] avg_power(a)=0.4587 rsu_q=1.219 tx=154 no_tx=35 deadlock=0 svc=20.425GHz idle=3.1%
  → Best model saved: Success Rate = 0.396 (50-ep avg)
   267     2.9s    0.0063    30.0%    30.0%    88.6%      11%/78%/11%    2.289    0.041    70.0%     0.0%   1.0598   0.0264     8.2%
  [MA20] reward=0.0058 task_sr=39.8% miss=60.2% time_limit=10.0% v2v=11.5%
  [PPO ] p_loss=0.0107 v_loss=1.1318 entropy=1.0598 grad=1.4596 active=30.4%
  [SIM ] avg_power(a)=0.4598 rsu_q=2.111 tx=194 no_tx=24 deadlock=0 svc=21.422GHz idle=5.6%
   268     2.2s    0.0155    70.0%    70.0%    89.0%        9%/84%/7%    2.079    0.050    30.0%     0.0%   0.9722   0.0131     7.3%
  [MA20] reward=0.0065 task_sr=42.0% miss=58.0% time_limit=5.0% v2v=11.2%
  [PPO ] p_loss=-0.0131 v_loss=5.0526 entropy=0.9722 grad=8.5936 active=33.2%
  [SIM ] avg_power(a)=0.4469 rsu_q=1.600 tx=180 no_tx=18 deadlock=0 svc=23.441GHz idle=3.3%
  → Best model saved: Success Rate = 0.398 (50-ep avg)
   269     2.6s    0.0119    55.0%    55.0%    84.0%        9%/85%/6%    1.945    0.069    45.0%     0.0%   1.0118   0.0114     6.9%
  [MA20] reward=0.0068 task_sr=42.5% miss=57.5% time_limit=5.0% v2v=10.7%
  [PPO ] p_loss=0.0093 v_loss=3.0714 entropy=1.0118 grad=5.5625 active=31.7%
  [SIM ] avg_power(a)=0.4632 rsu_q=1.788 tx=190 no_tx=19 deadlock=0 svc=23.022GHz idle=6.1%
  → Best model saved: Success Rate = 0.400 (50-ep avg)
   270     2.7s    0.0103    60.0%    60.0%    92.6%        8%/84%/8%    1.992    0.057    40.0%     0.0%   0.9960   0.0057     7.0%
  [MA20] reward=0.0072 task_sr=44.5% miss=55.5% time_limit=5.0% v2v=10.1%
  [PPO ] p_loss=0.0433 v_loss=1.3150 entropy=0.9960 grad=0.8589 active=30.7%
  [SIM ] avg_power(a)=0.4790 rsu_q=1.270 tx=209 no_tx=18 deadlock=0 svc=21.210GHz idle=2.7%
  → Best model saved: Success Rate = 0.400 (50-ep avg)
   271     2.4s    0.0199    70.0%    70.0%    91.7%        9%/87%/4%    1.780    0.059    30.0%     0.0%   0.9886   0.0336    11.3%
  [MA20] reward=0.0081 task_sr=46.5% miss=53.5% time_limit=5.0% v2v=9.4%
  [PPO ] p_loss=-0.0095 v_loss=0.8231 entropy=0.9886 grad=1.1414 active=31.7%
  [SIM ] avg_power(a)=0.4627 rsu_q=1.688 tx=184 no_tx=18 deadlock=0 svc=22.992GHz idle=6.2%
  → Best model saved: Success Rate = 0.410 (50-ep avg)
   272     2.4s    0.0120    45.0%    45.0%    86.2%        5%/87%/8%    2.109    0.076    55.0%     0.0%   1.2041   0.0190     7.8%
  [MA20] reward=0.0085 task_sr=47.0% miss=53.0% time_limit=5.0% v2v=8.8%
  [PPO ] p_loss=-0.0052 v_loss=1.0788 entropy=1.2041 grad=1.0606 active=39.7%
  [SIM ] avg_power(a)=0.4643 rsu_q=2.379 tx=218 no_tx=12 deadlock=0 svc=26.202GHz idle=3.4%
  → Best model saved: Success Rate = 0.414 (50-ep avg)
   273     2.8s    0.0064    45.0%    45.0%    88.9%      13%/75%/12%    2.200    0.040    55.0%     0.0%   1.2116   0.0034     3.9%
  [MA20] reward=0.0088 task_sr=48.0% miss=52.0% time_limit=0.0% v2v=8.6%
  [PPO ] p_loss=-0.0039 v_loss=1.2192 entropy=1.2116 grad=4.3840 active=33.7%
  [SIM ] avg_power(a)=0.4399 rsu_q=1.457 tx=202 no_tx=31 deadlock=0 svc=24.157GHz idle=2.9%
   274     2.6s    0.0085    45.0%    45.0%    84.3%        9%/82%/9%    2.210    0.087    55.0%     0.0%   1.2244  -0.0029     8.6%
  [MA20] reward=0.0089 task_sr=47.2% miss=52.8% time_limit=0.0% v2v=8.4%
  [PPO ] p_loss=-0.0275 v_loss=1.0475 entropy=1.2244 grad=7.3347 active=34.7%
  [SIM ] avg_power(a)=0.4544 rsu_q=1.188 tx=202 no_tx=20 deadlock=0 svc=23.155GHz idle=3.1%
  → Best model saved: Success Rate = 0.417 (50-ep avg)
   275     2.6s    0.0090    55.0%    55.0%    82.4%       13%/78%/9%    1.925    0.056    45.0%     0.0%   1.1507   0.0292     7.8%
  [MA20] reward=0.0093 task_sr=48.5% miss=51.5% time_limit=0.0% v2v=8.2%
  [PPO ] p_loss=0.0569 v_loss=1.7814 entropy=1.1507 grad=8.4801 active=26.1%
  [SIM ] avg_power(a)=0.4439 rsu_q=0.889 tx=164 no_tx=24 deadlock=0 svc=17.141GHz idle=2.8%
  → Best model saved: Success Rate = 0.422 (50-ep avg)
   276     2.6s    0.0080    45.0%    45.0%    90.1%      11%/76%/13%    2.386    0.041    55.0%     0.0%   1.1726   0.0098     6.7%
  [MA20] reward=0.0096 task_sr=50.2% miss=49.8% time_limit=0.0% v2v=8.3%
  [PPO ] p_loss=0.0089 v_loss=1.4772 entropy=1.1726 grad=10.5696 active=34.4%
  [SIM ] avg_power(a)=0.4509 rsu_q=0.939 tx=199 no_tx=26 deadlock=0 svc=22.561GHz idle=3.0%
  → Best model saved: Success Rate = 0.426 (50-ep avg)
   277     2.7s    0.0115    50.0%    50.0%    89.3%       15%/77%/8%    2.110    0.043    50.0%     0.0%   1.0606   0.0036     4.6%
  [MA20] reward=0.0097 task_sr=49.7% miss=50.3% time_limit=0.0% v2v=8.1%
  [PPO ] p_loss=0.0431 v_loss=1.1330 entropy=1.0606 grad=5.7192 active=32.1%
  [SIM ] avg_power(a)=0.4582 rsu_q=1.400 tx=191 no_tx=33 deadlock=0 svc=23.773GHz idle=2.9%
  → Best model saved: Success Rate = 0.431 (50-ep avg)
   278     2.3s    0.0176    75.0%    75.0%    95.8%       14%/78%/8%    2.031    0.032    25.0%     0.0%   1.1965  -0.0064     9.1%
  [MA20] reward=0.0101 task_sr=51.0% miss=49.0% time_limit=0.0% v2v=8.0%
  [PPO ] p_loss=0.0104 v_loss=1.3857 entropy=1.1965 grad=33.9237 active=40.0%
  [SIM ] avg_power(a)=0.4586 rsu_q=1.793 tx=199 no_tx=33 deadlock=0 svc=27.912GHz idle=3.4%
  → Best model saved: Success Rate = 0.440 (50-ep avg)
   279     2.6s    0.0078    55.0%    55.0%    84.6%      13%/77%/10%    2.264    0.054    45.0%     0.0%   1.1778   0.0057     9.1%
  [MA20] reward=0.0098 task_sr=50.5% miss=49.5% time_limit=0.0% v2v=8.3%
  [PPO ] p_loss=-0.0130 v_loss=1.1401 entropy=1.1778 grad=23.3497 active=31.2%
  [SIM ] avg_power(a)=0.4482 rsu_q=1.706 tx=183 no_tx=28 deadlock=0 svc=22.419GHz idle=2.9%
  → Best model saved: Success Rate = 0.446 (50-ep avg)
   280     3.0s    0.0095    50.0%    50.0%    89.4%        9%/82%/9%    1.882    0.052    50.0%     0.0%   1.1879   0.0080     5.7%
  [MA20] reward=0.0097 task_sr=50.0% miss=50.0% time_limit=0.0% v2v=8.4%
  [PPO ] p_loss=-0.0023 v_loss=1.4214 entropy=1.1879 grad=7.6904 active=25.6%
  [SIM ] avg_power(a)=0.4441 rsu_q=1.951 tx=189 no_tx=19 deadlock=0 svc=17.240GHz idle=2.4%

    Ep    Wall    R/step     T_SR     V_SR     S_SR            L/R/V   Lat(s)       En     Miss      Ill      Ent       KL     Clip
--------------------------------------------------------------------------------------------------------------------------------
   281     2.7s    0.0098    55.0%    55.0%    88.3%       12%/79%/9%    1.900    0.033    45.0%     0.0%   1.2252   0.0053     7.9%
  [MA20] reward=0.0100 task_sr=50.5% miss=49.5% time_limit=0.0% v2v=8.3%
  [PPO ] p_loss=0.0231 v_loss=0.9752 entropy=1.2252 grad=37.2299 active=30.0%
  [SIM ] avg_power(a)=0.4381 rsu_q=1.595 tx=193 no_tx=26 deadlock=0 svc=20.640GHz idle=2.7%
  → Best model saved: Success Rate = 0.449 (50-ep avg)
   282     3.0s    0.0063    40.0%    40.0%    81.0%       14%/78%/8%    2.088    0.042    60.0%     0.0%   1.1671   0.0152     7.0%
  [MA20] reward=0.0099 task_sr=50.0% miss=50.0% time_limit=0.0% v2v=8.3%
  [PPO ] p_loss=-0.0052 v_loss=2.5738 entropy=1.1671 grad=38.7202 active=27.0%
  [SIM ] avg_power(a)=0.4415 rsu_q=1.100 tx=185 no_tx=30 deadlock=0 svc=17.164GHz idle=2.5%
   283     3.2s    0.0038    25.0%    25.0%    79.4%      16%/73%/11%    2.600    0.049    75.0%     0.0%   1.2806   0.0273    11.0%
  [MA20] reward=0.0097 task_sr=49.5% miss=50.5% time_limit=0.0% v2v=8.5%
  [PPO ] p_loss=0.0125 v_loss=1.5579 entropy=1.2806 grad=22.8969 active=27.1%
  [SIM ] avg_power(a)=0.4250 rsu_q=0.974 tx=178 no_tx=33 deadlock=0 svc=18.273GHz idle=2.6%
   284     3.1s    0.0073    55.0%    55.0%    83.1%      17%/73%/10%    2.183    0.035    45.0%     0.0%   1.0949   0.0121     7.6%
  [MA20] reward=0.0099 task_sr=50.8% miss=49.2% time_limit=0.0% v2v=8.6%
  [PPO ] p_loss=0.0041 v_loss=4.4973 entropy=1.0949 grad=40.4186 active=24.6%
  [SIM ] avg_power(a)=0.4328 rsu_q=0.548 tx=171 no_tx=35 deadlock=0 svc=16.074GHz idle=2.4%
   285     3.0s    0.0088    55.0%    55.0%    89.3%      10%/76%/13%    2.175    0.037    45.0%     0.0%   1.1705   0.0020     9.5%
  [MA20] reward=0.0099 task_sr=51.3% miss=48.7% time_limit=0.0% v2v=8.9%
  [PPO ] p_loss=0.0125 v_loss=1.5221 entropy=1.1705 grad=27.0171 active=28.3%
  [SIM ] avg_power(a)=0.4436 rsu_q=0.947 tx=192 no_tx=22 deadlock=0 svc=21.269GHz idle=7.9%
   286     2.3s    0.0176    70.0%    70.0%    95.1%       12%/82%/6%    2.138    0.044    30.0%     0.0%   1.1503   0.0186     5.9%
  [MA20] reward=0.0104 task_sr=52.5% miss=47.5% time_limit=0.0% v2v=8.9%
  [PPO ] p_loss=-0.0036 v_loss=1.2363 entropy=1.1503 grad=10.7258 active=41.0%
  [SIM ] avg_power(a)=0.4564 rsu_q=2.621 tx=209 no_tx=28 deadlock=0 svc=29.197GHz idle=3.4%
  → Best model saved: Success Rate = 0.450 (50-ep avg)
   287     2.9s    0.0047    30.0%    30.0%    83.3%      14%/73%/13%    2.238    0.048    70.0%     0.0%   1.2374   0.0162     6.8%
  [MA20] reward=0.0103 task_sr=52.5% miss=47.5% time_limit=0.0% v2v=9.0%
  [PPO ] p_loss=0.0349 v_loss=1.7203 entropy=1.2374 grad=9.4622 active=27.2%
  [SIM ] avg_power(a)=0.4483 rsu_q=0.974 tx=177 no_tx=29 deadlock=0 svc=18.689GHz idle=2.6%
   288     2.4s    0.0101    60.0%    60.0%    91.7%       14%/77%/9%    2.208    0.046    40.0%     0.0%   1.1471   0.0085     7.7%
  [MA20] reward=0.0100 task_sr=52.0% miss=48.0% time_limit=0.0% v2v=9.1%
  [PPO ] p_loss=-0.0223 v_loss=1.0169 entropy=1.1471 grad=5.7603 active=34.8%
  [SIM ] avg_power(a)=0.4252 rsu_q=1.129 tx=183 no_tx=31 deadlock=0 svc=25.481GHz idle=6.5%
  → Best model saved: Success Rate = 0.452 (50-ep avg)
   289     2.4s    0.0153    65.0%    65.0%    91.7%      16%/73%/11%    2.200    0.034    35.0%     0.0%   1.2082   0.0182     6.4%
  [MA20] reward=0.0102 task_sr=52.5% miss=47.5% time_limit=0.0% v2v=9.4%
  [PPO ] p_loss=0.0028 v_loss=2.3220 entropy=1.2082 grad=8.3706 active=36.6%
  [SIM ] avg_power(a)=0.4419 rsu_q=1.226 tx=190 no_tx=37 deadlock=0 svc=27.018GHz idle=9.7%
  → Best model saved: Success Rate = 0.457 (50-ep avg)
   290     2.7s    0.0077    40.0%    40.0%    85.9%       16%/75%/9%    2.311    0.035    60.0%     0.0%   1.0991   0.0121     7.2%
  [MA20] reward=0.0101 task_sr=51.5% miss=48.5% time_limit=0.0% v2v=9.4%
  [PPO ] p_loss=0.0060 v_loss=1.3107 entropy=1.0991 grad=3.3278 active=30.6%
  [SIM ] avg_power(a)=0.4591 rsu_q=1.222 tx=184 no_tx=36 deadlock=0 svc=24.214GHz idle=11.1%
   291     3.2s    0.0046    40.0%    40.0%    82.6%       15%/76%/9%    2.380    0.047    60.0%     0.0%   1.1482   0.0074     6.9%
  [MA20] reward=0.0093 task_sr=50.0% miss=50.0% time_limit=0.0% v2v=9.7%
  [PPO ] p_loss=0.0019 v_loss=1.3139 entropy=1.1482 grad=5.0641 active=24.5%
  [SIM ] avg_power(a)=0.4267 rsu_q=0.860 tx=179 no_tx=32 deadlock=0 svc=17.338GHz idle=2.3%
   292     2.4s    0.0116    45.0%    45.0%    85.9%       12%/82%/5%    2.080    0.056    55.0%     0.0%   1.2283   0.0070     6.8%
  [MA20] reward=0.0093 task_sr=50.0% miss=50.0% time_limit=0.0% v2v=9.5%
  [PPO ] p_loss=-0.0023 v_loss=0.8611 entropy=1.2283 grad=1.3291 active=34.7%
  [SIM ] avg_power(a)=0.4370 rsu_q=1.333 tx=182 no_tx=26 deadlock=0 svc=24.552GHz idle=6.7%
   293     3.8s    0.0060    55.0%    55.0%    91.7%       15%/76%/9%    2.269    0.023    45.0%     0.0%   1.2591   0.0257    11.4%
  [MA20] reward=0.0093 task_sr=50.5% miss=49.5% time_limit=0.0% v2v=9.4%
  [PPO ] p_loss=0.0132 v_loss=1.6212 entropy=1.2591 grad=2.0418 active=20.2%
  [SIM ] avg_power(a)=0.4259 rsu_q=0.554 tx=192 no_tx=34 deadlock=0 svc=14.014GHz idle=1.8%
  → Best model saved: Success Rate = 0.460 (50-ep avg)
   294     2.9s    0.0064    40.0%    40.0%    78.7%       22%/69%/9%    1.944    0.038    60.0%     0.0%   1.2929   0.0039     3.9%
  [MA20] reward=0.0092 task_sr=50.3% miss=49.7% time_limit=0.0% v2v=9.4%
  [PPO ] p_loss=0.0005 v_loss=1.7695 entropy=1.2929 grad=3.7264 active=25.5%
  [SIM ] avg_power(a)=0.4388 rsu_q=0.615 tx=155 no_tx=44 deadlock=0 svc=17.437GHz idle=2.6%
   295    13.9s    0.0011    25.0%    25.0%    75.8%      28%/61%/11%    1.840    0.006    75.0%     0.0%   1.2331   0.0062     4.7%
  [MA20] reward=0.0088 task_sr=48.8% miss=51.2% time_limit=5.0% v2v=9.5%
  [PPO ] p_loss=-0.0005 v_loss=1.3183 entropy=1.2331 grad=2.8400 active=4.8%
  [SIM ] avg_power(a)=0.4382 rsu_q=0.140 tx=138 no_tx=54 deadlock=0 svc=3.376GHz idle=0.0%
   296     2.9s    0.0041    30.0%    30.0%    81.6%      24%/66%/10%    2.300    0.028    70.0%     0.0%   1.2883   0.0202     6.6%
  [MA20] reward=0.0086 task_sr=48.0% miss=52.0% time_limit=5.0% v2v=9.4%
  [PPO ] p_loss=-0.0273 v_loss=1.1409 entropy=1.2883 grad=1.5579 active=29.0%
  [SIM ] avg_power(a)=0.4515 rsu_q=0.833 tx=157 no_tx=51 deadlock=0 svc=20.664GHz idle=8.3%
   297     3.2s    0.0045    35.0%    35.0%    84.3%      17%/71%/12%    2.375    0.040    65.0%     0.0%   1.2482   0.0053     4.7%
  [MA20] reward=0.0082 task_sr=47.2% miss=52.8% time_limit=5.0% v2v=9.6%
  [PPO ] p_loss=-0.0007 v_loss=1.2613 entropy=1.2482 grad=2.4623 active=25.7%
  [SIM ] avg_power(a)=0.4478 rsu_q=0.744 tx=184 no_tx=37 deadlock=0 svc=18.415GHz idle=4.7%
   298     3.0s    0.0072    45.0%    45.0%    85.0%      18%/70%/12%    2.170    0.037    55.0%     0.0%   1.2069  -0.0010     2.7%
  [MA20] reward=0.0077 task_sr=45.8% miss=54.2% time_limit=5.0% v2v=9.8%
  [PPO ] p_loss=-0.0236 v_loss=1.2288 entropy=1.2069 grad=1.4694 active=29.7%
  [SIM ] avg_power(a)=0.4536 rsu_q=0.868 tx=185 no_tx=41 deadlock=0 svc=21.680GHz idle=2.6%
  → Best model saved: Success Rate = 0.460 (50-ep avg)
   299     3.3s    0.0054    50.0%    50.0%    75.7%       24%/70%/5%    2.250    0.039    50.0%     0.0%   1.2184   0.0071     4.3%
  [MA20] reward=0.0076 task_sr=45.5% miss=54.5% time_limit=5.0% v2v=9.5%
  [PPO ] p_loss=-0.0035 v_loss=1.7715 entropy=1.2184 grad=2.7282 active=18.7%
  [SIM ] avg_power(a)=0.4375 rsu_q=0.467 tx=127 no_tx=41 deadlock=0 svc=11.885GHz idle=2.2%
  → Best model saved: Success Rate = 0.461 (50-ep avg)
   300     3.4s    0.0062    45.0%    45.0%    80.8%      12%/75%/12%    2.208    0.051    55.0%     0.0%   1.1458  -0.0052     5.4%
  [MA20] reward=0.0074 task_sr=45.2% miss=54.8% time_limit=5.0% v2v=9.7%
  [PPO ] p_loss=0.0209 v_loss=0.9947 entropy=1.1458 grad=1.8603 active=23.5%
  [SIM ] avg_power(a)=0.4371 rsu_q=0.870 tx=189 no_tx=26 deadlock=0 svc=16.076GHz idle=2.2%
  → Best model saved: Success Rate = 0.466 (50-ep avg)

    Ep    Wall    R/step     T_SR     V_SR     S_SR            L/R/V   Lat(s)       En     Miss      Ill      Ent       KL     Clip
--------------------------------------------------------------------------------------------------------------------------------
   301     2.8s    0.0076    45.0%    45.0%    84.7%       15%/77%/9%    2.250    0.048    55.0%     0.0%   1.1345 -1.02e-05     4.7%
  [MA20] reward=0.0073 task_sr=44.7% miss=55.2% time_limit=5.0% v2v=9.7%
  [PPO ] p_loss=0.0247 v_loss=0.9279 entropy=1.1345 grad=1.3783 active=33.3%
  [SIM ] avg_power(a)=0.4383 rsu_q=1.200 tx=199 no_tx=34 deadlock=0 svc=22.420GHz idle=2.9%
  → Best model saved: Success Rate = 0.469 (50-ep avg)
   302     3.0s    0.0080    55.0%    55.0%    87.5%       18%/73%/9%    2.125    0.037    45.0%     0.0%   1.1433   0.0024     5.7%
  [MA20] reward=0.0074 task_sr=45.5% miss=54.5% time_limit=5.0% v2v=9.7%
  [PPO ] p_loss=0.0099 v_loss=1.3514 entropy=1.1433 grad=2.9224 active=29.4%
  [SIM ] avg_power(a)=0.4368 rsu_q=1.000 tx=186 no_tx=41 deadlock=0 svc=19.633GHz idle=2.6%
  → Best model saved: Success Rate = 0.473 (50-ep avg)
   303     2.6s    0.0108    70.0%    70.0%    92.0%       13%/79%/8%    2.253    0.047    30.0%     0.0%   1.0748  -0.0029     3.2%
  [MA20] reward=0.0078 task_sr=47.8% miss=52.3% time_limit=5.0% v2v=9.6%
  [PPO ] p_loss=0.0161 v_loss=1.1174 entropy=1.0748 grad=4.3256 active=32.1%
  [SIM ] avg_power(a)=0.4356 rsu_q=1.314 tx=194 no_tx=30 deadlock=0 svc=23.888GHz idle=8.6%
  → Best model saved: Success Rate = 0.482 (50-ep avg)
   304     2.9s    0.0078    70.0%    70.0%    89.7%      14%/76%/10%    2.140    0.041    30.0%     0.0%   1.1083   0.0052     3.8%
  [MA20] reward=0.0078 task_sr=48.5% miss=51.5% time_limit=5.0% v2v=9.6%
  [PPO ] p_loss=0.0127 v_loss=1.3690 entropy=1.1083 grad=6.1037 active=26.3%
  [SIM ] avg_power(a)=0.4473 rsu_q=1.128 tx=176 no_tx=29 deadlock=0 svc=17.952GHz idle=2.6%
  → Best model saved: Success Rate = 0.484 (50-ep avg)
   305     2.5s    0.0121    55.0%    55.0%    87.1%       12%/81%/6%    2.200    0.056    45.0%     0.0%   1.1028   0.0064     4.4%
  [MA20] reward=0.0079 task_sr=48.5% miss=51.5% time_limit=5.0% v2v=9.2%
  [PPO ] p_loss=0.0213 v_loss=0.9085 entropy=1.1028 grad=4.2240 active=35.5%
  [SIM ] avg_power(a)=0.4623 rsu_q=1.438 tx=199 no_tx=28 deadlock=0 svc=24.881GHz idle=3.1%
  → Best model saved: Success Rate = 0.489 (50-ep avg)
   306     2.9s    0.0057    30.0%    30.0%    77.3%      13%/74%/13%    2.014    0.072    70.0%     0.0%   1.1931   0.0131     4.3%
  [MA20] reward=0.0073 task_sr=46.5% miss=53.5% time_limit=5.0% v2v=9.6%
  [PPO ] p_loss=0.0155 v_loss=0.9737 entropy=1.1931 grad=3.8052 active=26.5%
  [SIM ] avg_power(a)=0.4500 rsu_q=0.833 tx=166 no_tx=25 deadlock=0 svc=17.723GHz idle=2.8%
  → Best model saved: Success Rate = 0.493 (50-ep avg)
   307     4.0s    0.0040    40.0%    40.0%    78.3%      15%/74%/10%    2.288    0.028    60.0%     0.0%   1.2208   0.0087     6.2%
  [MA20] reward=0.0073 task_sr=47.0% miss=53.0% time_limit=5.0% v2v=9.4%
  [PPO ] p_loss=0.0011 v_loss=1.0286 entropy=1.2208 grad=3.3493 active=19.8%
  [SIM ] avg_power(a)=0.4616 rsu_q=0.698 tx=178 no_tx=32 deadlock=0 svc=13.945GHz idle=1.9%
   308     4.0s    0.0025    35.0%    35.0%    76.2%       23%/68%/9%    2.400    0.029    65.0%     0.0%   1.1909   0.0178     5.1%
  [MA20] reward=0.0069 task_sr=45.8% miss=54.2% time_limit=5.0% v2v=9.4%
  [PPO ] p_loss=0.0138 v_loss=1.5509 entropy=1.1909 grad=7.9002 active=18.1%
  [SIM ] avg_power(a)=0.4435 rsu_q=0.446 tx=156 no_tx=47 deadlock=0 svc=12.635GHz idle=1.8%
   309     3.0s    0.0039    25.0%    25.0%    82.7%      18%/71%/11%    2.371    0.034    75.0%     0.0%   1.2678   0.0103     6.9%
  [MA20] reward=0.0064 task_sr=43.7% miss=56.2% time_limit=5.0% v2v=9.4%
  [PPO ] p_loss=0.0156 v_loss=1.1962 entropy=1.2678 grad=27.6160 active=25.9%
  [SIM ] avg_power(a)=0.4470 rsu_q=0.923 tx=166 no_tx=36 deadlock=0 svc=17.768GHz idle=5.1%
   310     3.4s    0.0030    25.0%    25.0%    67.7%       16%/76%/9%    2.340    0.052    75.0%     0.0%   1.2316   0.0197     4.3%
  [MA20] reward=0.0061 task_sr=43.0% miss=57.0% time_limit=5.0% v2v=9.4%
  [PPO ] p_loss=0.0090 v_loss=1.7412 entropy=1.2316 grad=16.6310 active=21.6%
  [SIM ] avg_power(a)=0.4536 rsu_q=0.814 tx=157 no_tx=29 deadlock=0 svc=14.502GHz idle=2.3%
   311     3.3s    0.0033    25.0%    25.0%    79.1%      21%/67%/12%    2.380    0.036    75.0%     0.0%   1.3042   0.0155     7.0%
  [MA20] reward=0.0061 task_sr=42.2% miss=57.8% time_limit=5.0% v2v=9.6%
  [PPO ] p_loss=-0.0042 v_loss=1.8192 entropy=1.3042 grad=9.5977 active=24.3%
  [SIM ] avg_power(a)=0.4580 rsu_q=0.682 tx=168 no_tx=45 deadlock=0 svc=18.019GHz idle=2.3%
   312     4.1s    0.0046    40.0%    40.0%    79.5%      23%/65%/12%    2.213    0.035    60.0%     0.0%   1.4150   0.0078     6.9%
  [MA20] reward=0.0057 task_sr=42.0% miss=58.0% time_limit=5.0% v2v=9.9%
  [PPO ] p_loss=-0.0150 v_loss=1.1883 entropy=1.4150 grad=2.0182 active=18.8%
  [SIM ] avg_power(a)=0.4546 rsu_q=0.491 tx=159 no_tx=48 deadlock=0 svc=12.879GHz idle=1.8%
   313     2.6s    0.0064    30.0%    30.0%    82.1%       21%/70%/9%    2.067    0.040    70.0%     0.0%   1.2114   0.0213    12.4%
  [MA20] reward=0.0057 task_sr=40.8% miss=59.2% time_limit=5.0% v2v=9.9%
  [PPO ] p_loss=0.0057 v_loss=1.1855 entropy=1.2114 grad=0.9250 active=29.9%
  [SIM ] avg_power(a)=0.4398 rsu_q=1.206 tx=160 no_tx=43 deadlock=0 svc=20.173GHz idle=2.9%
   314     2.4s    0.0093    40.0%    40.0%    81.8%       16%/76%/7%    1.938    0.048    60.0%     0.0%   1.0918   0.0122     6.9%
  [MA20] reward=0.0059 task_sr=40.8% miss=59.2% time_limit=5.0% v2v=9.8%
  [PPO ] p_loss=-0.0081 v_loss=1.0609 entropy=1.0918 grad=0.7077 active=32.6%
  [SIM ] avg_power(a)=0.4078 rsu_q=0.806 tx=168 no_tx=33 deadlock=0 svc=21.861GHz idle=3.2%
   315     3.1s    0.0090    55.0%    55.0%    85.0%        9%/83%/8%    2.118    0.046    45.0%     0.0%   1.0824   0.0151     8.8%
  [MA20] reward=0.0063 task_sr=42.3% miss=57.7% time_limit=0.0% v2v=9.6%
  [PPO ] p_loss=0.0048 v_loss=1.4486 entropy=1.0824 grad=1.6117 active=26.7%
  [SIM ] avg_power(a)=0.4100 rsu_q=1.500 tx=201 no_tx=21 deadlock=0 svc=17.980GHz idle=2.4%
   316     2.7s    0.0088    40.0%    40.0%    84.9%       12%/79%/9%    2.130    0.041    60.0%     0.0%   1.1505   0.0073     5.7%
  [MA20] reward=0.0065 task_sr=42.8% miss=57.2% time_limit=0.0% v2v=9.6%
  [PPO ] p_loss=-0.0175 v_loss=1.4589 entropy=1.1505 grad=1.6834 active=30.7%
  [SIM ] avg_power(a)=0.4253 rsu_q=0.794 tx=183 no_tx=25 deadlock=0 svc=21.495GHz idle=5.9%
   317     2.5s    0.0128    75.0%    75.0%    93.4%       11%/81%/8%    2.147    0.040    25.0%     0.0%   1.1219   0.0118     6.3%
  [MA20] reward=0.0069 task_sr=44.7% miss=55.2% time_limit=0.0% v2v=9.4%
  [PPO ] p_loss=0.0108 v_loss=1.2214 entropy=1.1219 grad=1.2888 active=32.4%
  [SIM ] avg_power(a)=0.4171 rsu_q=1.912 tx=196 no_tx=24 deadlock=0 svc=22.897GHz idle=2.9%
   318     2.9s    0.0049    35.0%    35.0%    78.4%       8%/82%/10%    2.311    0.056    65.0%     0.0%   1.1466   0.0127     6.8%
  [MA20] reward=0.0068 task_sr=44.2% miss=55.7% time_limit=0.0% v2v=9.3%
  [PPO ] p_loss=0.0091 v_loss=1.0535 entropy=1.1466 grad=0.6840 active=26.8%
  [SIM ] avg_power(a)=0.4139 rsu_q=1.297 tx=181 no_tx=16 deadlock=0 svc=18.273GHz idle=2.7%
   319     2.5s    0.0117    55.0%    55.0%    87.7%       10%/80%/9%    2.200    0.044    45.0%     0.0%   1.1866   0.0244     5.9%
  [MA20] reward=0.0071 task_sr=44.5% miss=55.5% time_limit=0.0% v2v=9.5%
  [PPO ] p_loss=-0.0338 v_loss=1.1584 entropy=1.1866 grad=2.8960 active=33.6%
  [SIM ] avg_power(a)=0.4313 rsu_q=1.576 tx=199 no_tx=23 deadlock=0 svc=24.217GHz idle=6.1%
   320    13.6s    0.0011    45.0%    45.0%    87.2%      11%/71%/18%    2.318    0.007    55.0%     0.0%   1.2401  -0.0086     7.3%
  [MA20] reward=0.0069 task_sr=44.5% miss=55.5% time_limit=5.0% v2v=9.8%
  [PPO ] p_loss=-0.0295 v_loss=1.8912 entropy=1.2401 grad=3.0771 active=5.0%
  [SIM ] avg_power(a)=0.4392 rsu_q=0.135 tx=178 no_tx=22 deadlock=0 svc=3.383GHz idle=0.0%

    Ep    Wall    R/step     T_SR     V_SR     S_SR            L/R/V   Lat(s)       En     Miss      Ill      Ent       KL     Clip
--------------------------------------------------------------------------------------------------------------------------------
   321     2.7s    0.0056    35.0%    35.0%    78.9%       7%/81%/12%    2.250    0.063    65.0%     0.0%   1.1805   0.0050    15.9%
  [MA20] reward=0.0068 task_sr=44.0% miss=56.0% time_limit=5.0% v2v=9.9%
  [PPO ] p_loss=-0.0124 v_loss=0.9509 entropy=1.1805 grad=0.9034 active=27.9%
  [SIM ] avg_power(a)=0.4587 rsu_q=1.176 tx=176 no_tx=14 deadlock=0 svc=18.434GHz idle=2.9%
   322     2.8s    0.0123    65.0%    65.0%    91.5%        7%/84%/9%    2.043    0.036    35.0%     0.0%   0.8686   0.0164     7.8%
  [MA20] reward=0.0070 task_sr=44.5% miss=55.5% time_limit=5.0% v2v=9.9%
  [PPO ] p_loss=0.0342 v_loss=1.3520 entropy=0.8686 grad=1.5390 active=28.7%
  [SIM ] avg_power(a)=0.4325 rsu_q=1.316 tx=202 no_tx=15 deadlock=0 svc=20.250GHz idle=2.6%
   323     2.3s    0.0191    85.0%    85.0%    97.5%        7%/87%/6%    1.888    0.029    15.0%     0.0%   0.8966   0.0027     5.4%
  [MA20] reward=0.0074 task_sr=45.2% miss=54.8% time_limit=5.0% v2v=9.8%
  [PPO ] p_loss=-0.0129 v_loss=1.0833 entropy=0.8966 grad=2.1121 active=36.9%
  [SIM ] avg_power(a)=0.4168 rsu_q=2.781 tx=220 no_tx=16 deadlock=0 svc=25.488GHz idle=3.1%
   324     2.7s    0.0125    50.0%    50.0%    87.2%        6%/89%/5%    1.855    0.061    50.0%     0.0%   1.0519   0.0108     4.9%
  [MA20] reward=0.0076 task_sr=44.2% miss=55.8% time_limit=5.0% v2v=9.6%
  [PPO ] p_loss=0.0155 v_loss=1.0096 entropy=1.0519 grad=1.4572 active=31.3%
  [SIM ] avg_power(a)=0.4276 rsu_q=2.114 tx=205 no_tx=14 deadlock=0 svc=22.649GHz idle=5.7%
   325     2.5s    0.0107    60.0%    60.0%    90.1%        4%/88%/7%    2.236    0.044    40.0%     0.0%   0.9842   0.0106     3.4%
  [MA20] reward=0.0076 task_sr=44.5% miss=55.5% time_limit=5.0% v2v=9.6%
  [PPO ] p_loss=-0.0020 v_loss=0.9979 entropy=0.9842 grad=4.5386 active=34.8%
  [SIM ] avg_power(a)=0.4353 rsu_q=2.375 tx=213 no_tx=10 deadlock=0 svc=23.367GHz idle=3.1%
   326     3.1s    0.0105    65.0%    65.0%    88.6%        6%/89%/5%    2.238    0.047    35.0%     0.0%   0.9709   0.0009     4.8%
  [MA20] reward=0.0078 task_sr=46.2% miss=53.7% time_limit=5.0% v2v=9.2%
  [PPO ] p_loss=0.0102 v_loss=1.2013 entropy=0.9709 grad=4.4328 active=27.8%
  [SIM ] avg_power(a)=0.4214 rsu_q=1.463 tx=215 no_tx=13 deadlock=0 svc=18.978GHz idle=2.4%
   327     2.5s    0.0135    75.0%    75.0%    93.5%        6%/89%/6%    2.193    0.047    25.0%     0.0%   0.9751   0.0002     5.0%
  [MA20] reward=0.0083 task_sr=48.0% miss=52.0% time_limit=5.0% v2v=9.0%
  [PPO ] p_loss=0.0003 v_loss=1.1886 entropy=0.9751 grad=1.4800 active=34.7%
  [SIM ] avg_power(a)=0.4421 rsu_q=1.706 tx=223 no_tx=13 deadlock=0 svc=23.962GHz idle=2.9%
   328     2.4s    0.0180    70.0%    70.0%    88.3%        9%/83%/8%    1.907    0.043    30.0%     0.0%   0.9008   0.0048     7.4%
  [MA20] reward=0.0091 task_sr=49.7% miss=50.3% time_limit=5.0% v2v=8.9%
  [PPO ] p_loss=-0.0300 v_loss=1.0625 entropy=0.9008 grad=1.1439 active=30.8%
  [SIM ] avg_power(a)=0.4515 rsu_q=1.879 tx=185 no_tx=18 deadlock=0 svc=21.872GHz idle=3.0%
   329     2.1s    0.0211    85.0%    85.0%    98.2%        3%/93%/5%    1.961    0.059    15.0%     0.0%   0.8099   0.0134     2.8%
  [MA20] reward=0.0099 task_sr=52.8% miss=47.2% time_limit=5.0% v2v=8.6%
  [PPO ] p_loss=-0.0169 v_loss=1.1514 entropy=0.8099 grad=1.1695 active=37.8%
  [SIM ] avg_power(a)=0.4369 rsu_q=2.724 tx=212 no_tx=6 deadlock=0 svc=26.759GHz idle=3.4%
   330     2.3s    0.0109    55.0%    55.0%    90.7%       10%/83%/7%    2.018    0.043    45.0%     0.0%   1.0120   0.0133     8.7%
  [MA20] reward=0.0103 task_sr=54.2% miss=45.8% time_limit=5.0% v2v=8.5%
  [PPO ] p_loss=-0.0126 v_loss=1.1150 entropy=1.0120 grad=0.9728 active=35.2%
  [SIM ] avg_power(a)=0.4063 rsu_q=1.867 tx=190 no_tx=21 deadlock=0 svc=25.187GHz idle=6.7%
   331     2.4s    0.0133    70.0%    70.0%    94.9%       10%/84%/6%    2.347    0.041    30.0%     0.0%   1.0525   0.0029     4.2%
  [MA20] reward=0.0108 task_sr=56.5% miss=43.5% time_limit=5.0% v2v=8.2%
  [PPO ] p_loss=-0.0131 v_loss=1.0971 entropy=1.0525 grad=0.5058 active=36.8%
  [SIM ] avg_power(a)=0.4224 rsu_q=1.968 tx=205 no_tx=23 deadlock=0 svc=27.613GHz idle=6.5%
   332     2.6s    0.0116    60.0%    60.0%    93.5%       11%/83%/6%    2.107    0.030    40.0%     0.0%   1.1613   0.0099     7.7%
  [MA20] reward=0.0112 task_sr=57.5% miss=42.5% time_limit=5.0% v2v=8.0%
  [PPO ] p_loss=-0.0101 v_loss=1.2001 entropy=1.1613 grad=0.5623 active=32.8%
  [SIM ] avg_power(a)=0.4028 rsu_q=1.583 tx=209 no_tx=26 deadlock=0 svc=22.217GHz idle=2.8%
  → Best model saved: Success Rate = 0.495 (50-ep avg)
   333     2.8s    0.0065    35.0%    35.0%    75.5%      14%/70%/16%    2.086    0.043    65.0%     0.0%   1.4192   0.0128     8.0%
  [MA20] reward=0.0112 task_sr=57.7% miss=42.3% time_limit=5.0% v2v=8.4%
  [PPO ] p_loss=-0.0077 v_loss=1.2652 entropy=1.4192 grad=1.0983 active=26.9%
  [SIM ] avg_power(a)=0.4249 rsu_q=1.139 tx=165 no_tx=27 deadlock=0 svc=18.930GHz idle=2.8%
  → Best model saved: Success Rate = 0.497 (50-ep avg)
   334     2.7s    0.0102    45.0%    45.0%    85.2%      13%/71%/16%    2.182    0.040    55.0%     0.0%   1.3406   0.0132     5.2%
  [MA20] reward=0.0112 task_sr=58.0% miss=42.0% time_limit=5.0% v2v=8.8%
  [PPO ] p_loss=-0.0091 v_loss=1.0895 entropy=1.3406 grad=0.5457 active=30.6%
  [SIM ] avg_power(a)=0.4125 rsu_q=1.229 tx=186 no_tx=27 deadlock=0 svc=21.605GHz idle=2.9%
   335     3.1s    0.0023    15.0%    15.0%    81.6%      18%/70%/12%    2.500    0.046    85.0%     0.0%   1.3042   0.0138     8.1%
  [MA20] reward=0.0109 task_sr=56.0% miss=44.0% time_limit=5.0% v2v=9.0%
  [PPO ] p_loss=-0.0053 v_loss=1.2407 entropy=1.3042 grad=0.6909 active=29.6%
  [SIM ] avg_power(a)=0.4296 rsu_q=1.175 tx=194 no_tx=43 deadlock=0 svc=20.316GHz idle=2.5%
   336     3.1s    0.0033    25.0%    25.0%    74.3%      16%/72%/12%    2.343    0.050    75.0%     0.0%   1.3852   0.0154     6.4%
  [MA20] reward=0.0106 task_sr=55.2% miss=44.8% time_limit=5.0% v2v=9.1%
  [PPO ] p_loss=-0.0072 v_loss=0.9499 entropy=1.3852 grad=0.8348 active=22.8%
  [SIM ] avg_power(a)=0.4319 rsu_q=0.902 tx=155 no_tx=30 deadlock=0 svc=15.539GHz idle=2.4%
   337     3.2s    0.0036    25.0%    25.0%    77.6%      22%/62%/16%    2.186    0.051    75.0%     0.0%   1.4636   0.0324     9.3%
  [MA20] reward=0.0101 task_sr=52.8% miss=47.2% time_limit=5.0% v2v=9.5%
  [PPO ] p_loss=-0.0042 v_loss=1.0906 entropy=1.4636 grad=0.8446 active=23.3%
  [SIM ] avg_power(a)=0.4381 rsu_q=0.548 tx=152 no_tx=44 deadlock=0 svc=15.998GHz idle=2.4%
   338     2.6s    0.0048    40.0%    40.0%    87.3%      21%/59%/20%    2.522    0.031    60.0%     0.0%   1.6083   0.0258     7.8%
  [MA20] reward=0.0101 task_sr=53.0% miss=47.0% time_limit=5.0% v2v=10.0%
  [PPO ] p_loss=0.0525 v_loss=1.4757 entropy=1.6083 grad=1.4262 active=30.9%
  [SIM ] avg_power(a)=0.4128 rsu_q=0.765 tx=164 no_tx=44 deadlock=0 svc=21.807GHz idle=2.9%
   339     3.2s    0.0021    25.0%    25.0%    82.2%      25%/50%/26%    2.583    0.015    75.0%     0.0%   1.7293   0.0142    17.6%
  [MA20] reward=0.0097 task_sr=51.5% miss=48.5% time_limit=5.0% v2v=10.8%
  [PPO ] p_loss=0.0102 v_loss=1.8557 entropy=1.7293 grad=1.0651 active=27.0%
  [SIM ] avg_power(a)=0.4131 rsu_q=0.326 tx=172 no_tx=57 deadlock=0 svc=18.801GHz idle=2.3%
   340     7.7s    0.0028    45.0%    45.0%    82.5%      16%/64%/20%    1.933    0.005    55.0%     0.0%   1.4583   0.0038    11.5%
  [MA20] reward=0.0097 task_sr=51.5% miss=48.5% time_limit=0.0% v2v=11.0%
  [PPO ] p_loss=-0.0086 v_loss=2.8335 entropy=1.4583 grad=1.9205 active=9.0%
  [SIM ] avg_power(a)=0.4234 rsu_q=0.304 tx=168 no_tx=32 deadlock=0 svc=6.021GHz idle=0.9%

    Ep    Wall    R/step     T_SR     V_SR     S_SR            L/R/V   Lat(s)       En     Miss      Ill      Ent       KL     Clip
--------------------------------------------------------------------------------------------------------------------------------
   341     2.5s    0.0071    40.0%    40.0%    88.0%      12%/77%/11%    2.270    0.037    60.0%     0.0%   1.3112   0.0288     8.8%
  [MA20] reward=0.0098 task_sr=51.7% miss=48.3% time_limit=0.0% v2v=10.9%
  [PPO ] p_loss=-0.0050 v_loss=2.1527 entropy=1.3112 grad=1.4264 active=34.8%
  [SIM ] avg_power(a)=0.4091 rsu_q=1.030 tx=201 no_tx=27 deadlock=0 svc=22.865GHz idle=3.0%
   342     2.6s    0.0111    60.0%    60.0%    92.6%      10%/77%/13%    2.242    0.033    40.0%     0.0%   1.1355   0.0142     9.8%
  [MA20] reward=0.0098 task_sr=51.5% miss=48.5% time_limit=0.0% v2v=11.1%
  [PPO ] p_loss=0.0032 v_loss=1.0998 entropy=1.1355 grad=5.9182 active=33.8%
  [SIM ] avg_power(a)=0.3985 rsu_q=1.471 tx=206 no_tx=24 deadlock=0 svc=23.820GHz idle=5.9%
   343     3.5s    0.0057    45.0%    45.0%    87.5%       8%/78%/14%    2.167    0.033    55.0%     0.0%   1.0245   0.0099     9.7%
  [MA20] reward=0.0091 task_sr=49.5% miss=50.5% time_limit=0.0% v2v=11.5%
  [PPO ] p_loss=-0.0129 v_loss=1.2860 entropy=1.0245 grad=2.0320 active=26.2%
  [SIM ] avg_power(a)=0.3811 rsu_q=1.217 tx=221 no_tx=19 deadlock=0 svc=17.814GHz idle=2.2%
   344     2.8s    0.0111    65.0%    65.0%    95.6%       7%/81%/12%    2.056    0.021    35.0%     0.0%   0.9567   0.0208     9.0%
  [MA20] reward=0.0090 task_sr=50.3% miss=49.8% time_limit=0.0% v2v=11.9%
  [PPO ] p_loss=-0.0022 v_loss=1.0629 entropy=0.9567 grad=3.4828 active=31.3%
  [SIM ] avg_power(a)=0.3805 rsu_q=1.897 tx=227 no_tx=17 deadlock=0 svc=22.211GHz idle=2.6%
   345     2.8s    0.0066    35.0%    35.0%    79.7%        5%/88%/7%    2.325    0.051    65.0%     0.0%   0.9120   0.0078     7.0%
  [MA20] reward=0.0088 task_sr=49.0% miss=51.0% time_limit=0.0% v2v=11.9%
  [PPO ] p_loss=0.0228 v_loss=1.5263 entropy=0.9120 grad=3.0597 active=27.7%
  [SIM ] avg_power(a)=0.3832 rsu_q=1.432 tx=194 no_tx=11 deadlock=0 svc=18.333GHz idle=2.7%
   346     2.2s    0.0191    80.0%    80.0%    97.4%        3%/91%/6%    1.972    0.041    20.0%     0.0%   0.8399   0.0090     5.9%
  [MA20] reward=0.0092 task_sr=49.8% miss=50.3% time_limit=0.0% v2v=11.9%
  [PPO ] p_loss=-0.0017 v_loss=1.0791 entropy=0.8399 grad=1.9206 active=39.5%
  [SIM ] avg_power(a)=0.3891 rsu_q=2.310 tx=221 no_tx=7 deadlock=0 svc=29.506GHz idle=10.3%
   347     2.9s    0.0126    55.0%    55.0%    90.2%        4%/89%/6%    1.962    0.038    45.0%     0.0%   0.9112   0.0139     4.9%
  [MA20] reward=0.0092 task_sr=48.8% miss=51.2% time_limit=0.0% v2v=12.0%
  [PPO ] p_loss=-0.0116 v_loss=1.4442 entropy=0.9112 grad=3.1771 active=28.5%
  [SIM ] avg_power(a)=0.3919 rsu_q=1.775 tx=218 no_tx=10 deadlock=0 svc=20.863GHz idle=7.5%
   348     2.7s    0.0140    70.0%    70.0%    92.4%        6%/87%/8%    2.088    0.058    30.0%     0.0%   0.9257   0.0017     6.0%
  [MA20] reward=0.0090 task_sr=48.8% miss=51.2% time_limit=0.0% v2v=12.0%
  [PPO ] p_loss=0.0342 v_loss=1.6087 entropy=0.9257 grad=3.4769 active=31.1%
  [SIM ] avg_power(a)=0.4039 rsu_q=1.917 tx=210 no_tx=13 deadlock=0 svc=22.321GHz idle=2.8%
   349     3.2s    0.0060    45.0%    45.0%    85.7%        4%/90%/5%    2.222    0.048    55.0%     0.0%   0.8217  -0.0002     6.4%
  [MA20] reward=0.0082 task_sr=46.7% miss=53.2% time_limit=0.0% v2v=12.0%
  [PPO ] p_loss=0.0262 v_loss=1.5592 entropy=0.8217 grad=5.7615 active=23.2%
  [SIM ] avg_power(a)=0.4041 rsu_q=2.000 tx=195 no_tx=9 deadlock=0 svc=16.950GHz idle=2.3%
   350     2.0s    0.0244    90.0%    90.0%    99.6%        2%/94%/4%    1.947    0.054    10.0%     0.0%   0.6851   0.0002     2.0%
  [MA20] reward=0.0089 task_sr=48.5% miss=51.5% time_limit=0.0% v2v=11.8%
  [PPO ] p_loss=-0.0024 v_loss=1.3417 entropy=0.6851 grad=3.0524 active=45.7%
  [SIM ] avg_power(a)=0.4279 rsu_q=3.111 tx=242 no_tx=5 deadlock=0 svc=34.814GHz idle=14.8%
  → Best model saved: Success Rate = 0.501 (50-ep avg)
   351     2.0s    0.0208    80.0%    80.0%    96.5%        3%/93%/4%    1.929    0.066    20.0%     0.0%   0.6957   0.0133     4.8%
  [MA20] reward=0.0093 task_sr=49.0% miss=51.0% time_limit=0.0% v2v=11.8%
  [PPO ] p_loss=0.0151 v_loss=2.1436 entropy=0.6957 grad=9.7133 active=36.7%
  [SIM ] avg_power(a)=0.4052 rsu_q=2.630 tx=191 no_tx=6 deadlock=0 svc=25.789GHz idle=3.7%
  → Best model saved: Success Rate = 0.508 (50-ep avg)
   352     2.1s    0.0196    65.0%    65.0%    95.2%        4%/92%/4%    1.940    0.044    35.0%     0.0%   0.7277   0.0096     4.7%
  [MA20] reward=0.0097 task_sr=49.3% miss=50.7% time_limit=0.0% v2v=11.6%
  [PPO ] p_loss=-0.0061 v_loss=1.0787 entropy=0.7277 grad=5.9838 active=42.9%
  [SIM ] avg_power(a)=0.4005 rsu_q=3.464 tx=230 no_tx=10 deadlock=0 svc=30.903GHz idle=3.6%
  → Best model saved: Success Rate = 0.510 (50-ep avg)
   353     2.4s    0.0204    75.0%    75.0%    95.1%        2%/96%/3%    1.794    0.036    25.0%     0.0%   0.7962   0.0100     2.6%
  [MA20] reward=0.0104 task_sr=51.3% miss=48.7% time_limit=0.0% v2v=10.9%
  [PPO ] p_loss=-0.0088 v_loss=1.2975 entropy=0.7962 grad=5.1784 active=35.6%
  [SIM ] avg_power(a)=0.3998 rsu_q=2.364 tx=231 no_tx=4 deadlock=0 svc=27.917GHz idle=18.2%
  → Best model saved: Success Rate = 0.511 (50-ep avg)
   354     2.5s    0.0242    90.0%    90.0%    97.1%        3%/94%/4%    1.756    0.028    10.0%     0.0%   0.7236   0.0154     2.5%
  [MA20] reward=0.0111 task_sr=53.5% miss=46.5% time_limit=0.0% v2v=10.3%
  [PPO ] p_loss=0.0112 v_loss=1.6412 entropy=0.7236 grad=7.6176 active=34.9%
  [SIM ] avg_power(a)=0.3908 rsu_q=2.882 tx=231 no_tx=6 deadlock=0 svc=24.911GHz idle=5.9%
  → Best model saved: Success Rate = 0.515 (50-ep avg)
   355     2.6s    0.0170    65.0%    65.0%    89.4%        1%/95%/4%    1.992    0.062    35.0%     0.0%   0.7896   0.0055     2.6%
  [MA20] reward=0.0118 task_sr=56.0% miss=44.0% time_limit=0.0% v2v=9.9%
  [PPO ] p_loss=-0.0003 v_loss=1.1653 entropy=0.7896 grad=1.6089 active=34.5%
  [SIM ] avg_power(a)=0.3877 rsu_q=3.469 tx=218 no_tx=3 deadlock=0 svc=26.413GHz idle=6.2%
  → Best model saved: Success Rate = 0.517 (50-ep avg)
   356     2.1s    0.0230    75.0%    75.0%    89.7%        0%/97%/3%    1.788    0.052    25.0%     0.0%   0.6926   0.0042     2.0%
  [MA20] reward=0.0128 task_sr=58.5% miss=41.5% time_limit=0.0% v2v=9.5%
  [PPO ] p_loss=0.0143 v_loss=1.1124 entropy=0.6926 grad=2.1553 active=38.4%
  [SIM ] avg_power(a)=0.4021 rsu_q=3.500 tx=214 no_tx=1 deadlock=0 svc=26.674GHz idle=3.6%
  → Best model saved: Success Rate = 0.526 (50-ep avg)
   357     2.2s    0.0280    85.0%    85.0%    99.1%        2%/95%/2%    1.811    0.047    15.0%     0.0%   0.6486   0.0028     2.0%
  [MA20] reward=0.0140 task_sr=61.5% miss=38.5% time_limit=0.0% v2v=8.8%
  [PPO ] p_loss=-0.0022 v_loss=1.0869 entropy=0.6486 grad=0.6842 active=38.3%
  [SIM ] avg_power(a)=0.4059 rsu_q=3.276 tx=217 no_tx=5 deadlock=0 svc=29.609GHz idle=10.3%
  → Best model saved: Success Rate = 0.535 (50-ep avg)
   358     2.4s    0.0205    90.0%    90.0%    92.7%        2%/96%/2%    2.072    0.058    10.0%     0.0%   0.6162   0.0139     4.4%
  [MA20] reward=0.0148 task_sr=64.0% miss=36.0% time_limit=0.0% v2v=7.9%
  [PPO ] p_loss=-0.0185 v_loss=0.9695 entropy=0.6162 grad=0.6501 active=38.0%
  [SIM ] avg_power(a)=0.3991 rsu_q=3.281 tx=238 no_tx=5 deadlock=0 svc=32.038GHz idle=21.9%
  → Best model saved: Success Rate = 0.546 (50-ep avg)
   359     2.0s    0.0294    85.0%    85.0%    98.6%        2%/96%/2%    1.794    0.050    15.0%     0.0%   0.5756   0.0037     3.9%
  [MA20] reward=0.0162 task_sr=67.0% miss=33.0% time_limit=0.0% v2v=6.7%
  [PPO ] p_loss=0.0026 v_loss=1.0448 entropy=0.5756 grad=2.2226 active=41.3%
  [SIM ] avg_power(a)=0.3738 rsu_q=3.192 tx=210 no_tx=4 deadlock=0 svc=29.141GHz idle=3.8%
  → Best model saved: Success Rate = 0.558 (50-ep avg)
   360     2.3s    0.0167    75.0%    75.0%    95.2%        1%/97%/2%    2.067    0.065    25.0%     0.0%   0.6130   0.0118     2.3%
  [MA20] reward=0.0169 task_sr=68.5% miss=31.5% time_limit=0.0% v2v=5.7%
  [PPO ] p_loss=-2.61e-05 v_loss=1.1439 entropy=0.6130 grad=1.6325 active=41.2%
  [SIM ] avg_power(a)=0.3503 rsu_q=5.138 tx=236 no_tx=3 deadlock=0 svc=28.206GHz idle=3.4%
  → Best model saved: Success Rate = 0.568 (50-ep avg)

    Ep    Wall    R/step     T_SR     V_SR     S_SR            L/R/V   Lat(s)       En     Miss      Ill      Ent       KL     Clip
--------------------------------------------------------------------------------------------------------------------------------
   361     2.4s    0.0118    60.0%    60.0%    87.8%        2%/95%/2%    2.154    0.065    40.0%     0.0%   0.6651   0.0067     3.7%
  [MA20] reward=0.0171 task_sr=69.5% miss=30.5% time_limit=0.0% v2v=5.3%
  [PPO ] p_loss=0.0022 v_loss=1.1495 entropy=0.6651 grad=2.2011 active=35.5%
  [SIM ] avg_power(a)=0.3548 rsu_q=2.667 tx=208 no_tx=5 deadlock=0 svc=25.842GHz idle=3.3%
  → Best model saved: Success Rate = 0.575 (50-ep avg)
   362     2.8s    0.0166    85.0%    85.0%    98.9%        5%/93%/3%    1.956    0.027    15.0%     0.0%   0.6441   0.0070     4.2%
  [MA20] reward=0.0174 task_sr=70.7% miss=29.3% time_limit=0.0% v2v=4.8%
  [PPO ] p_loss=0.0039 v_loss=1.1452 entropy=0.6441 grad=2.6990 active=33.5%
  [SIM ] avg_power(a)=0.3415 rsu_q=2.513 tx=249 no_tx=12 deadlock=0 svc=33.530GHz idle=35.9%
  → Best model saved: Success Rate = 0.584 (50-ep avg)
   363     1.9s    0.0250    85.0%    85.0%    99.5%        4%/92%/4%    1.937    0.046    15.0%     0.0%   0.5639   0.0110     3.6%
  [MA20] reward=0.0184 task_sr=72.7% miss=27.3% time_limit=0.0% v2v=4.3%
  [PPO ] p_loss=-0.0033 v_loss=1.2745 entropy=0.5639 grad=2.0528 active=43.3%
  [SIM ] avg_power(a)=0.3192 rsu_q=3.115 tx=213 no_tx=9 deadlock=0 svc=30.214GHz idle=3.8%
  → Best model saved: Success Rate = 0.595 (50-ep avg)
   364     2.3s    0.0186    70.0%    70.0%    94.5%        4%/91%/5%    1.893    0.051    30.0%     0.0%   0.7657   0.0041     6.0%
  [MA20] reward=0.0187 task_sr=73.0% miss=27.0% time_limit=0.0% v2v=3.9%
  [PPO ] p_loss=0.0151 v_loss=1.1211 entropy=0.7657 grad=1.8515 active=37.7%
  [SIM ] avg_power(a)=0.3373 rsu_q=2.600 tx=215 no_tx=9 deadlock=0 svc=26.601GHz idle=6.7%
  → Best model saved: Success Rate = 0.601 (50-ep avg)
   365     2.3s    0.0225    75.0%    75.0%    95.9%        4%/91%/5%    1.820    0.028    25.0%     0.0%   0.9166   0.0168     5.6%
  [MA20] reward=0.0195 task_sr=75.0% miss=25.0% time_limit=0.0% v2v=3.8%
  [PPO ] p_loss=-0.0072 v_loss=1.1183 entropy=0.9166 grad=0.9180 active=38.7%
  [SIM ] avg_power(a)=0.3439 rsu_q=2.433 tx=222 no_tx=10 deadlock=0 svc=28.411GHz idle=6.7%
  → Best model saved: Success Rate = 0.605 (50-ep avg)
   366     2.1s    0.0189    75.0%    75.0%    94.8%        8%/85%/7%    1.840    0.034    25.0%     0.0%   0.9253   0.0085     6.2%
  [MA20] reward=0.0195 task_sr=74.8% miss=25.2% time_limit=0.0% v2v=3.9%
  [PPO ] p_loss=-0.0091 v_loss=1.3348 entropy=0.9253 grad=1.4613 active=35.3%
  [SIM ] avg_power(a)=0.3607 rsu_q=1.966 tx=185 no_tx=17 deadlock=0 svc=24.492GHz idle=3.4%
  → Best model saved: Success Rate = 0.612 (50-ep avg)
   367     2.8s    0.0107    55.0%    55.0%    72.2%        5%/88%/7%    1.975    0.063    45.0%     0.0%   0.8565   0.0025     5.6%
  [MA20] reward=0.0194 task_sr=74.8% miss=25.2% time_limit=0.0% v2v=3.9%
  [PPO ] p_loss=0.0146 v_loss=1.1090 entropy=0.8565 grad=0.6163 active=24.9%
  [SIM ] avg_power(a)=0.3855 rsu_q=0.676 tx=173 no_tx=10 deadlock=0 svc=16.724GHz idle=2.7%
   368     2.8s    0.0068    30.0%    30.0%    87.7%       10%/82%/9%    2.229    0.030    70.0%     0.0%   1.0576   0.0163     7.2%
  [MA20] reward=0.0191 task_sr=72.8% miss=27.3% time_limit=0.0% v2v=4.0%
  [PPO ] p_loss=-0.0136 v_loss=1.4101 entropy=1.0576 grad=1.0041 active=34.4%
  [SIM ] avg_power(a)=0.3952 rsu_q=1.857 tx=216 no_tx=23 deadlock=0 svc=23.335GHz idle=2.9%
   369     2.6s    0.0107    60.0%    60.0%    87.9%        8%/85%/7%    2.057    0.042    40.0%     0.0%   1.1214   0.0147     6.6%
  [MA20] reward=0.0193 task_sr=73.5% miss=26.5% time_limit=0.0% v2v=4.0%
  [PPO ] p_loss=0.0118 v_loss=1.2732 entropy=1.1214 grad=1.5052 active=30.9%
  [SIM ] avg_power(a)=0.4157 rsu_q=1.514 tx=199 no_tx=17 deadlock=0 svc=21.623GHz idle=2.9%
   370     3.5s    0.0068    45.0%    45.0%    87.3%        8%/83%/9%    2.460    0.034    55.0%     0.0%   1.1985   0.0148     8.2%
  [MA20] reward=0.0184 task_sr=71.3% miss=28.8% time_limit=0.0% v2v=4.3%
  [PPO ] p_loss=0.0116 v_loss=1.0527 entropy=1.1985 grad=0.7636 active=28.9%
  [SIM ] avg_power(a)=0.4108 rsu_q=1.578 tx=239 no_tx=20 deadlock=0 svc=20.340GHz idle=2.2%
   371     2.6s    0.0156    70.0%    70.0%    96.1%      10%/78%/12%    2.073    0.032    30.0%     0.0%   1.0001   0.0213     9.4%
  [MA20] reward=0.0182 task_sr=70.7% miss=29.2% time_limit=0.0% v2v=4.7%
  [PPO ] p_loss=-0.0060 v_loss=1.4915 entropy=1.0001 grad=1.5097 active=34.4%
  [SIM ] avg_power(a)=0.3765 rsu_q=1.424 tx=204 no_tx=23 deadlock=0 svc=23.869GHz idle=3.0%
  → Best model saved: Success Rate = 0.615 (50-ep avg)
   372     2.4s    0.0201    80.0%    80.0%    97.1%       8%/82%/10%    2.006    0.019    20.0%     0.0%   0.9839   0.0179     9.6%
  [MA20] reward=0.0182 task_sr=71.5% miss=28.5% time_limit=0.0% v2v=5.0%
  [PPO ] p_loss=0.0115 v_loss=1.1838 entropy=0.9839 grad=0.6025 active=38.5%
  [SIM ] avg_power(a)=0.3640 rsu_q=2.355 tx=218 no_tx=20 deadlock=0 svc=26.844GHz idle=3.2%
  → Best model saved: Success Rate = 0.618 (50-ep avg)
   373     2.3s    0.0153    65.0%    65.0%    90.0%        9%/86%/5%    1.846    0.050    35.0%     0.0%   0.9169   0.0044     6.7%
  [MA20] reward=0.0179 task_sr=71.0% miss=29.0% time_limit=0.0% v2v=5.1%
  [PPO ] p_loss=-0.0115 v_loss=1.4797 entropy=0.9169 grad=1.2389 active=35.5%
  [SIM ] avg_power(a)=0.3826 rsu_q=2.767 tx=192 no_tx=20 deadlock=0 svc=23.566GHz idle=3.3%
   374     2.2s    0.0187    80.0%    80.0%    93.2%       5%/84%/11%    1.959    0.020    20.0%     0.0%   0.8435   0.0088     7.3%
  [MA20] reward=0.0176 task_sr=70.5% miss=29.5% time_limit=0.0% v2v=5.5%
  [PPO ] p_loss=-0.0004 v_loss=1.2720 entropy=0.8435 grad=0.8367 active=34.3%
  [SIM ] avg_power(a)=0.3929 rsu_q=2.767 tx=196 no_tx=10 deadlock=0 svc=23.407GHz idle=3.3%
  → Best model saved: Success Rate = 0.620 (50-ep avg)
   375     3.8s    0.0088    70.0%    70.0%    92.3%        5%/90%/6%    2.047    0.022    30.0%     0.0%   0.7080   0.0314     8.0%
  [MA20] reward=0.0172 task_sr=70.8% miss=29.2% time_limit=0.0% v2v=5.5%
  [PPO ] p_loss=-0.0181 v_loss=1.4947 entropy=0.7080 grad=0.8006 active=22.1%
  [SIM ] avg_power(a)=0.3957 rsu_q=1.212 tx=219 no_tx=11 deadlock=0 svc=15.016GHz idle=1.9%
  → Best model saved: Success Rate = 0.622 (50-ep avg)
   376     2.5s    0.0117    60.0%    60.0%    87.9%        0%/96%/3%    2.083    0.050    40.0%     0.0%   0.7673   0.0079     4.2%
  [MA20] reward=0.0167 task_sr=70.0% miss=30.0% time_limit=0.0% v2v=5.5%
  [PPO ] p_loss=0.0041 v_loss=1.1401 entropy=0.7673 grad=0.6320 active=33.8%
  [SIM ] avg_power(a)=0.3946 rsu_q=3.242 tx=221 no_tx=1 deadlock=0 svc=24.247GHz idle=3.0%
   377     2.1s    0.0236    75.0%    75.0%    93.3%        1%/96%/3%    1.740    0.045    25.0%     0.0%   0.7099   0.0068     3.2%
  [MA20] reward=0.0165 task_sr=69.5% miss=30.5% time_limit=0.0% v2v=5.6%
  [PPO ] p_loss=0.0069 v_loss=1.2378 entropy=0.7099 grad=1.2427 active=41.5%
  [SIM ] avg_power(a)=0.3905 rsu_q=2.556 tx=222 no_tx=2 deadlock=0 svc=30.612GHz idle=7.4%
   378     2.4s    0.0132    60.0%    60.0%    93.8%        2%/94%/4%    2.179    0.055    40.0%     0.0%   0.6572   0.0090     4.9%
  [MA20] reward=0.0161 task_sr=68.0% miss=32.0% time_limit=0.0% v2v=5.7%
  [PPO ] p_loss=0.0226 v_loss=1.0731 entropy=0.6572 grad=0.5019 active=37.3%
  [SIM ] avg_power(a)=0.4012 rsu_q=2.935 tx=226 no_tx=4 deadlock=0 svc=26.377GHz idle=6.5%
   379     2.2s    0.0231    85.0%    85.0%    98.3%        4%/91%/5%    1.872    0.028    15.0%     0.0%   0.6662   0.0060     2.8%
  [MA20] reward=0.0158 task_sr=68.0% miss=32.0% time_limit=0.0% v2v=5.9%
  [PPO ] p_loss=0.0351 v_loss=1.0175 entropy=0.6662 grad=0.9457 active=36.9%
  [SIM ] avg_power(a)=0.3823 rsu_q=3.156 tx=226 no_tx=10 deadlock=0 svc=27.225GHz idle=6.2%
   380     2.4s    0.0167    90.0%    90.0%    97.8%        4%/92%/4%    2.161    0.035    10.0%     0.0%   0.8935   0.0077     4.6%
  [MA20] reward=0.0158 task_sr=68.7% miss=31.3% time_limit=0.0% v2v=6.0%
  [PPO ] p_loss=0.0005 v_loss=1.1489 entropy=0.8935 grad=0.5810 active=34.2%
  [SIM ] avg_power(a)=0.3830 rsu_q=2.424 tx=216 no_tx=10 deadlock=0 svc=24.785GHz idle=9.1%
  → Best model saved: Success Rate = 0.626 (50-ep avg)

    Ep    Wall    R/step     T_SR     V_SR     S_SR            L/R/V   Lat(s)       En     Miss      Ill      Ent       KL     Clip
--------------------------------------------------------------------------------------------------------------------------------
   381     2.3s    0.0213    75.0%    75.0%    96.8%        7%/86%/7%    1.994    0.023    25.0%     0.0%   0.9599   0.0120     7.6%
  [MA20] reward=0.0162 task_sr=69.5% miss=30.5% time_limit=0.0% v2v=6.2%
  [PPO ] p_loss=-0.0007 v_loss=1.3612 entropy=0.9599 grad=0.9553 active=39.0%
  [SIM ] avg_power(a)=0.3926 rsu_q=1.968 tx=225 no_tx=16 deadlock=0 svc=30.162GHz idle=12.9%
  → Best model saved: Success Rate = 0.627 (50-ep avg)
   382     2.6s    0.0144    70.0%    70.0%    96.5%        6%/86%/8%    2.247    0.027    30.0%     0.0%   0.9492   0.0096     7.4%
  [MA20] reward=0.0161 task_sr=68.8% miss=31.2% time_limit=0.0% v2v=6.5%
  [PPO ] p_loss=-0.0418 v_loss=1.2124 entropy=0.9492 grad=0.4676 active=37.2%
  [SIM ] avg_power(a)=0.4047 rsu_q=2.912 tx=236 no_tx=16 deadlock=0 svc=26.227GHz idle=5.9%
  → Best model saved: Success Rate = 0.629 (50-ep avg)
   383     2.2s    0.0192    75.0%    75.0%    95.3%        5%/89%/6%    1.953    0.049    25.0%     0.0%   0.9486   0.0082     3.9%
  [MA20] reward=0.0158 task_sr=68.2% miss=31.7% time_limit=0.0% v2v=6.6%
  [PPO ] p_loss=0.0202 v_loss=1.2442 entropy=0.9486 grad=1.1854 active=38.2%
  [SIM ] avg_power(a)=0.4447 rsu_q=3.200 tx=218 no_tx=11 deadlock=0 svc=28.253GHz idle=3.3%
  → Best model saved: Success Rate = 0.637 (50-ep avg)
   384     3.2s    0.0065    45.0%    45.0%    85.8%       5%/86%/10%    2.291    0.047    55.0%     0.0%   1.0595   0.0176     7.0%
  [MA20] reward=0.0152 task_sr=67.0% miss=33.0% time_limit=0.0% v2v=6.9%
  [PPO ] p_loss=-0.0046 v_loss=1.2396 entropy=1.0595 grad=0.6506 active=27.0%
  [SIM ] avg_power(a)=0.4163 rsu_q=1.415 tx=209 no_tx=10 deadlock=0 svc=18.881GHz idle=4.9%
   385     2.9s    0.0076    45.0%    45.0%    83.5%        8%/84%/8%    2.160    0.041    55.0%     0.0%   1.1972   0.0256     8.0%
  [MA20] reward=0.0145 task_sr=65.5% miss=34.5% time_limit=0.0% v2v=7.0%
  [PPO ] p_loss=-0.0176 v_loss=0.9610 entropy=1.1972 grad=0.5870 active=27.5%
  [SIM ] avg_power(a)=0.4457 rsu_q=1.526 tx=193 no_tx=16 deadlock=0 svc=19.065GHz idle=2.6%
  → Best model saved: Success Rate = 0.643 (50-ep avg)
   386     3.0s    0.0059    40.0%    40.0%    88.4%      10%/75%/15%    2.100    0.022    60.0%     0.0%   1.3518   0.0147     8.1%
  [MA20] reward=0.0138 task_sr=63.7% miss=36.2% time_limit=0.0% v2v=7.4%
  [PPO ] p_loss=-0.0445 v_loss=1.2772 entropy=1.3518 grad=0.7489 active=31.4%
  [SIM ] avg_power(a)=0.4446 rsu_q=0.895 tx=215 no_tx=24 deadlock=0 svc=21.393GHz idle=5.3%
  → Best model saved: Success Rate = 0.646 (50-ep avg)
   387     2.9s    0.0066    55.0%    55.0%    88.0%       9%/77%/14%    2.273    0.030    45.0%     0.0%   1.3543   0.0277     7.7%
  [MA20] reward=0.0136 task_sr=63.7% miss=36.2% time_limit=0.0% v2v=7.7%
  [PPO ] p_loss=-0.0143 v_loss=1.0944 entropy=1.3543 grad=0.7980 active=28.5%
  [SIM ] avg_power(a)=0.4440 rsu_q=1.385 tx=200 no_tx=20 deadlock=0 svc=18.939GHz idle=2.6%
  → Best model saved: Success Rate = 0.652 (50-ep avg)
   388     2.9s    0.0090    60.0%    60.0%    93.8%       9%/74%/17%    2.293    0.023    40.0%     0.0%   1.4609   0.0175     8.2%
  [MA20] reward=0.0137 task_sr=65.3% miss=34.8% time_limit=0.0% v2v=8.2%
  [PPO ] p_loss=-0.0494 v_loss=1.2457 entropy=1.4609 grad=0.9686 active=33.4%
  [SIM ] avg_power(a)=0.4580 rsu_q=1.289 tx=228 no_tx=22 deadlock=0 svc=23.328GHz idle=2.6%
  → Best model saved: Success Rate = 0.656 (50-ep avg)
   389     3.2s    0.0030    30.0%    30.0%    80.8%      15%/59%/26%    2.500    0.021    70.0%     0.0%   1.5806   0.0159    13.2%
  [MA20] reward=0.0134 task_sr=63.7% miss=36.2% time_limit=0.0% v2v=9.1%
  [PPO ] p_loss=-0.0098 v_loss=1.5144 entropy=1.5806 grad=0.6959 active=27.6%
  [SIM ] avg_power(a)=0.4713 rsu_q=0.821 tx=178 no_tx=33 deadlock=0 svc=20.146GHz idle=12.8%
  → Best model saved: Success Rate = 0.657 (50-ep avg)
   390     2.7s    0.0039    30.0%    30.0%    84.2%      12%/62%/26%    2.378    0.017    70.0%     0.0%   1.5073   0.0115     6.3%
  [MA20] reward=0.0132 task_sr=63.0% miss=37.0% time_limit=0.0% v2v=9.9%
  [PPO ] p_loss=0.0049 v_loss=1.5438 entropy=1.5073 grad=0.7481 active=30.4%
  [SIM ] avg_power(a)=0.4602 rsu_q=0.714 tx=188 no_tx=25 deadlock=0 svc=21.306GHz idle=2.9%
   391     3.9s    0.0033    35.0%    35.0%    84.5%      13%/66%/21%    2.563    0.021    65.0%     0.0%   1.5128   0.0107     9.1%
  [MA20] reward=0.0126 task_sr=61.3% miss=38.8% time_limit=0.0% v2v=10.4%
  [PPO ] p_loss=0.0060 v_loss=1.2661 entropy=1.5128 grad=0.6854 active=22.4%
  [SIM ] avg_power(a)=0.4561 rsu_q=0.588 tx=197 no_tx=29 deadlock=0 svc=15.621GHz idle=2.0%
   392     2.9s    0.0076    35.0%    35.0%    87.6%      13%/73%/13%    2.213    0.040    65.0%     0.0%   1.4615   0.0071     5.5%
  [MA20] reward=0.0120 task_sr=59.0% miss=41.0% time_limit=0.0% v2v=10.6%
  [PPO ] p_loss=-0.0275 v_loss=1.2342 entropy=1.4615 grad=0.5212 active=32.1%
  [SIM ] avg_power(a)=0.4568 rsu_q=1.222 tx=199 no_tx=31 deadlock=0 svc=22.829GHz idle=2.8%
   393     2.9s    0.0031    20.0%    20.0%    80.9%      15%/70%/15%    2.617    0.036    80.0%     0.0%   1.3791   0.0148    10.3%
  [MA20] reward=0.0114 task_sr=56.7% miss=43.2% time_limit=0.0% v2v=11.1%
  [PPO ] p_loss=-0.0216 v_loss=0.9571 entropy=1.3791 grad=0.6855 active=32.6%
  [SIM ] avg_power(a)=0.4314 rsu_q=1.171 tx=190 no_tx=35 deadlock=0 svc=21.266GHz idle=2.9%
   394     2.6s    0.0059    40.0%    40.0%    79.2%       8%/78%/14%    2.263    0.072    60.0%     0.0%   1.2671   0.0012     7.3%
  [MA20] reward=0.0107 task_sr=54.7% miss=45.2% time_limit=0.0% v2v=11.2%
  [PPO ] p_loss=-0.0223 v_loss=1.7870 entropy=1.2671 grad=1.3238 active=30.5%
  [SIM ] avg_power(a)=0.4507 rsu_q=1.419 tx=173 no_tx=16 deadlock=0 svc=20.743GHz idle=3.2%
   395     2.6s    0.0137    65.0%    65.0%    90.6%       9%/82%/10%    2.077    0.037    35.0%     0.0%   1.1609   0.0140     6.7%
  [MA20] reward=0.0110 task_sr=54.5% miss=45.5% time_limit=0.0% v2v=11.4%
  [PPO ] p_loss=0.0110 v_loss=1.1621 entropy=1.1609 grad=0.9131 active=31.1%
  [SIM ] avg_power(a)=0.4610 rsu_q=1.200 tx=199 no_tx=19 deadlock=0 svc=22.203GHz idle=2.9%
   396     2.6s    0.0143    80.0%    80.0%    96.1%        8%/82%/9%    2.106    0.040    20.0%     0.0%   1.0609   0.0073     5.6%
  [MA20] reward=0.0111 task_sr=55.5% miss=44.5% time_limit=0.0% v2v=11.8%
  [PPO ] p_loss=-0.0189 v_loss=1.4329 entropy=1.0609 grad=0.8206 active=31.2%
  [SIM ] avg_power(a)=0.4523 rsu_q=1.639 tx=205 no_tx=19 deadlock=0 svc=22.525GHz idle=2.8%
   397     2.4s    0.0143    70.0%    70.0%    96.2%        5%/87%/8%    2.307    0.035    30.0%     0.0%   1.0257   0.0056     6.6%
  [MA20] reward=0.0106 task_sr=55.2% miss=44.7% time_limit=0.0% v2v=12.0%
  [PPO ] p_loss=0.0181 v_loss=1.1228 entropy=1.0257 grad=0.7279 active=41.5%
  [SIM ] avg_power(a)=0.4435 rsu_q=2.645 tx=243 no_tx=13 deadlock=0 svc=28.483GHz idle=3.2%
   398     2.4s    0.0200    75.0%    75.0%    96.0%        5%/85%/9%    1.813    0.042    25.0%     0.0%   0.9641   0.0066     6.5%
  [MA20] reward=0.0110 task_sr=56.0% miss=44.0% time_limit=0.0% v2v=12.3%
  [PPO ] p_loss=0.0069 v_loss=1.0738 entropy=0.9641 grad=0.4449 active=37.0%
  [SIM ] avg_power(a)=0.4620 rsu_q=3.067 tx=208 no_tx=12 deadlock=0 svc=25.978GHz idle=6.7%
   399     2.8s    0.0143    75.0%    75.0%    97.4%        5%/85%/9%    1.941    0.031    25.0%     0.0%   0.8437   0.0162     8.3%
  [MA20] reward=0.0105 task_sr=55.5% miss=44.5% time_limit=0.0% v2v=12.5%
  [PPO ] p_loss=-0.0071 v_loss=1.3549 entropy=0.8437 grad=0.5105 active=28.6%
  [SIM ] avg_power(a)=0.4451 rsu_q=1.641 tx=211 no_tx=12 deadlock=0 svc=21.575GHz idle=7.7%
   400     2.5s    0.0155    60.0%    60.0%    92.5%        3%/93%/4%    1.992    0.056    40.0%     0.0%   0.7905   0.0007     4.1%
  [MA20] reward=0.0105 task_sr=54.0% miss=46.0% time_limit=0.0% v2v=12.5%
  [PPO ] p_loss=0.0029 v_loss=0.9217 entropy=0.7905 grad=0.4958 active=34.2%
  [SIM ] avg_power(a)=0.4538 rsu_q=2.515 tx=218 no_tx=6 deadlock=0 svc=23.758GHz idle=3.0%

    Ep    Wall    R/step     T_SR     V_SR     S_SR            L/R/V   Lat(s)       En     Miss      Ill      Ent       KL     Clip
--------------------------------------------------------------------------------------------------------------------------------
   401     2.4s    0.0231    85.0%    85.0%    98.5%        3%/93%/4%    2.063    0.059    15.0%     0.0%   0.7056   0.0196     5.0%
  [MA20] reward=0.0106 task_sr=54.5% miss=45.5% time_limit=0.0% v2v=12.3%
  [PPO ] p_loss=0.0053 v_loss=0.9990 entropy=0.7056 grad=0.3523 active=43.0%
  [SIM ] avg_power(a)=0.4970 rsu_q=4.633 tx=250 no_tx=7 deadlock=0 svc=32.836GHz idle=10.0%
   402     2.5s    0.0174    70.0%    70.0%    89.2%        3%/91%/6%    1.964    0.063    30.0%     0.0%   0.7249   0.0145     5.0%
  [MA20] reward=0.0107 task_sr=54.5% miss=45.5% time_limit=0.0% v2v=12.2%
  [PPO ] p_loss=0.0119 v_loss=0.8803 entropy=0.7249 grad=0.5897 active=33.2%
  [SIM ] avg_power(a)=0.5140 rsu_q=1.667 tx=212 no_tx=6 deadlock=0 svc=25.035GHz idle=12.1%
   403     2.0s    0.0275    85.0%    85.0%    98.3%        1%/95%/4%    1.839    0.054    15.0%     0.0%   0.6817   0.0173     5.3%
  [MA20] reward=0.0111 task_sr=55.0% miss=45.0% time_limit=0.0% v2v=12.1%
  [PPO ] p_loss=-0.0138 v_loss=1.4353 entropy=0.6817 grad=1.2379 active=45.4%
  [SIM ] avg_power(a)=0.5481 rsu_q=2.962 tx=233 no_tx=3 deadlock=0 svc=30.463GHz idle=3.8%
   404     2.5s    0.0133    60.0%    60.0%    91.4%        2%/93%/5%    2.075    0.105    40.0%     0.0%   0.6167  -0.0080     4.2%
  [MA20] reward=0.0115 task_sr=55.7% miss=44.3% time_limit=0.0% v2v=11.9%
  [PPO ] p_loss=-0.0156 v_loss=1.0668 entropy=0.6167 grad=1.5307 active=37.7%
  [SIM ] avg_power(a)=0.5863 rsu_q=3.600 tx=221 no_tx=5 deadlock=0 svc=26.768GHz idle=3.3%
   405     1.9s    0.0310    90.0%    90.0%    95.9%        1%/97%/2%    1.706    0.059    10.0%     0.0%   0.5992   0.0052     2.3%
  [MA20] reward=0.0126 task_sr=58.0% miss=42.0% time_limit=0.0% v2v=11.6%
  [PPO ] p_loss=0.0008 v_loss=1.2401 entropy=0.5992 grad=2.7983 active=45.4%
  [SIM ] avg_power(a)=0.6228 rsu_q=3.885 tx=234 no_tx=2 deadlock=0 svc=32.325GHz idle=7.7%
   406     3.1s    0.0111    50.0%    50.0%    90.5%        1%/97%/3%    2.030    0.092    50.0%     0.0%   0.7058  -0.0020     4.1%
  [MA20] reward=0.0129 task_sr=58.5% miss=41.5% time_limit=0.0% v2v=11.0%
  [PPO ] p_loss=-0.0018 v_loss=2.2311 entropy=0.7058 grad=6.3777 active=29.2%
  [SIM ] avg_power(a)=0.6178 rsu_q=2.775 tx=232 no_tx=2 deadlock=0 svc=19.422GHz idle=2.5%
   407     2.2s    0.0176    95.0%    95.0%    95.3%        0%/98%/1%    2.063    0.098     5.0%     0.0%   0.6020  -0.0037     1.9%
  [MA20] reward=0.0134 task_sr=60.5% miss=39.5% time_limit=0.0% v2v=10.3%
  [PPO ] p_loss=0.0021 v_loss=2.9289 entropy=0.6020 grad=9.9163 active=39.0%
  [SIM ] avg_power(a)=0.6520 rsu_q=3.516 tx=241 no_tx=1 deadlock=0 svc=31.889GHz idle=22.6%
   408     2.2s    0.0184    75.0%    75.0%    93.8%        2%/94%/4%    1.950    0.094    25.0%     0.0%   0.5801  -0.0005     3.5%
  [MA20] reward=0.0139 task_sr=61.3% miss=38.8% time_limit=0.0% v2v=9.7%
  [PPO ] p_loss=0.0046 v_loss=0.8823 entropy=0.5801 grad=1.5789 active=37.1%
  [SIM ] avg_power(a)=0.6600 rsu_q=2.207 tx=208 no_tx=4 deadlock=0 svc=26.698GHz idle=10.3%
   409     2.2s    0.0221    80.0%    80.0%    97.5%        1%/96%/3%    1.956    0.092    20.0%     0.0%   0.5299   0.0098     2.3%
  [MA20] reward=0.0149 task_sr=63.7% miss=36.2% time_limit=0.0% v2v=8.6%
  [PPO ] p_loss=0.0106 v_loss=1.2093 entropy=0.5299 grad=1.0497 active=40.9%
  [SIM ] avg_power(a)=0.6560 rsu_q=3.241 tx=233 no_tx=2 deadlock=0 svc=29.774GHz idle=6.9%
   410     2.7s    0.0130    65.0%    65.0%    89.5%        1%/93%/5%    2.215    0.088    35.0%     0.0%   0.6435   0.0164     7.8%
  [MA20] reward=0.0153 task_sr=65.5% miss=34.5% time_limit=0.0% v2v=7.5%
  [PPO ] p_loss=0.0043 v_loss=1.2376 entropy=0.6435 grad=0.8266 active=34.9%
  [SIM ] avg_power(a)=0.6562 rsu_q=2.886 tx=241 no_tx=3 deadlock=0 svc=23.600GHz idle=2.9%
   411     2.7s    0.0160    65.0%    65.0%    88.6%        3%/92%/6%    1.846    0.070    35.0%     0.0%   0.5996  -0.0040     6.5%
  [MA20] reward=0.0160 task_sr=67.0% miss=33.0% time_limit=0.0% v2v=6.7%
  [PPO ] p_loss=0.0220 v_loss=0.9606 entropy=0.5996 grad=2.9546 active=31.8%
  [SIM ] avg_power(a)=0.6970 rsu_q=2.378 tx=229 no_tx=6 deadlock=0 svc=23.417GHz idle=8.1%
   412     2.3s    0.0196    80.0%    80.0%    96.6%        2%/93%/5%    2.088    0.117    20.0%     0.0%   0.5355  -0.0007     3.6%
  [MA20] reward=0.0166 task_sr=69.3% miss=30.8% time_limit=0.0% v2v=6.3%
  [PPO ] p_loss=-0.0036 v_loss=1.3253 entropy=0.5355 grad=4.3847 active=38.0%
  [SIM ] avg_power(a)=0.7241 rsu_q=2.800 tx=223 no_tx=5 deadlock=0 svc=27.067GHz idle=6.7%
   413     2.6s    0.0186    75.0%    75.0%    90.8%        1%/94%/5%    1.973    0.084    25.0%     0.0%   0.4838   0.0202     5.0%
  [MA20] reward=0.0173 task_sr=72.0% miss=28.0% time_limit=0.0% v2v=5.8%
  [PPO ] p_loss=0.0189 v_loss=1.0710 entropy=0.4838 grad=1.7739 active=35.4%
  [SIM ] avg_power(a)=0.7208 rsu_q=1.941 tx=239 no_tx=2 deadlock=0 svc=25.599GHz idle=8.8%
   414     2.5s    0.0161    85.0%    85.0%    94.1%        1%/92%/6%    2.050    0.078    15.0%     0.0%   0.5099   0.0111     4.7%
  [MA20] reward=0.0178 task_sr=74.2% miss=25.7% time_limit=0.0% v2v=5.5%
  [PPO ] p_loss=0.0106 v_loss=1.1209 entropy=0.5099 grad=2.2899 active=33.1%
  [SIM ] avg_power(a)=0.7062 rsu_q=2.206 tx=222 no_tx=3 deadlock=0 svc=22.830GHz idle=2.9%
   415     2.4s    0.0183    80.0%    80.0%    96.4%        2%/93%/5%    1.994    0.073    20.0%     0.0%   0.4375   0.0167     7.2%
  [MA20] reward=0.0181 task_sr=75.0% miss=25.0% time_limit=0.0% v2v=5.2%
  [PPO ] p_loss=-0.0088 v_loss=2.5783 entropy=0.4375 grad=11.4457 active=38.6%
  [SIM ] avg_power(a)=0.6946 rsu_q=2.938 tx=241 no_tx=6 deadlock=0 svc=28.756GHz idle=9.4%
   416     2.2s    0.0240    90.0%    90.0%    95.9%        3%/95%/2%    1.894    0.092    10.0%     0.0%   0.4610   0.0080     3.5%
  [MA20] reward=0.0186 task_sr=75.5% miss=24.5% time_limit=0.0% v2v=4.9%
  [PPO ] p_loss=-0.0092 v_loss=1.2106 entropy=0.4610 grad=1.9243 active=40.5%
  [SIM ] avg_power(a)=0.6963 rsu_q=4.655 tx=228 no_tx=7 deadlock=0 svc=30.527GHz idle=10.3%
   417     2.7s    0.0123    55.0%    55.0%    91.4%        3%/94%/3%    2.138    0.097    45.0%     0.0%   0.5172   0.0064     4.4%
  [MA20] reward=0.0185 task_sr=74.8% miss=25.3% time_limit=0.0% v2v=4.6%
  [PPO ] p_loss=-0.0292 v_loss=0.9274 entropy=0.5172 grad=2.1155 active=35.9%
  [SIM ] avg_power(a)=0.6881 rsu_q=3.636 tx=229 no_tx=8 deadlock=0 svc=28.165GHz idle=18.2%
   418     2.2s    0.0218    85.0%    85.0%    97.7%        2%/94%/4%    1.861    0.088    15.0%     0.0%   0.4598   0.0075     3.7%
  [MA20] reward=0.0185 task_sr=75.2% miss=24.8% time_limit=0.0% v2v=4.3%
  [PPO ] p_loss=-0.0135 v_loss=1.6421 entropy=0.4598 grad=9.6049 active=35.8%
  [SIM ] avg_power(a)=0.7154 rsu_q=3.800 tx=209 no_tx=5 deadlock=0 svc=26.339GHz idle=6.7%
  → Best model saved: Success Rate = 0.658 (50-ep avg)
   419     2.2s    0.0179    80.0%    80.0%    95.2%        3%/92%/5%    1.875    0.124    20.0%     0.0%   0.4931   0.0111     3.4%
  [MA20] reward=0.0187 task_sr=75.5% miss=24.5% time_limit=0.0% v2v=4.1%
  [PPO ] p_loss=-0.0051 v_loss=1.3523 entropy=0.4931 grad=3.0802 active=37.0%
  [SIM ] avg_power(a)=0.7207 rsu_q=2.500 tx=213 no_tx=7 deadlock=0 svc=26.365GHz idle=13.3%
  → Best model saved: Success Rate = 0.662 (50-ep avg)
   420     2.1s    0.0192    60.0%    60.0%    89.6%        3%/93%/4%    1.731    0.119    40.0%     0.0%   0.4376   0.0272     5.1%
  [MA20] reward=0.0189 task_sr=75.5% miss=24.5% time_limit=0.0% v2v=4.1%
  [PPO ] p_loss=0.0139 v_loss=1.0482 entropy=0.4376 grad=2.8504 active=37.3%
  [SIM ] avg_power(a)=0.7100 rsu_q=2.964 tx=203 no_tx=6 deadlock=0 svc=26.820GHz idle=10.7%
  → Best model saved: Success Rate = 0.665 (50-ep avg)

    Ep    Wall    R/step     T_SR     V_SR     S_SR            L/R/V   Lat(s)       En     Miss      Ill      Ent       KL     Clip
--------------------------------------------------------------------------------------------------------------------------------
   421     2.8s    0.0108    55.0%    55.0%    91.1%        2%/94%/4%    2.054    0.088    45.0%     0.0%   0.5273   0.0140     3.6%
  [MA20] reward=0.0183 task_sr=74.0% miss=26.0% time_limit=0.0% v2v=4.1%
  [PPO ] p_loss=-0.0025 v_loss=1.6167 entropy=0.5273 grad=6.8987 active=28.3%
  [SIM ] avg_power(a)=0.7105 rsu_q=2.718 tx=217 no_tx=4 deadlock=0 svc=20.454GHz idle=2.6%
   422     2.5s    0.0140    65.0%    65.0%    92.0%        2%/93%/4%    1.933    0.105    35.0%     0.0%   0.5325   0.0098     3.6%
  [MA20] reward=0.0181 task_sr=73.8% miss=26.2% time_limit=0.0% v2v=4.0%
  [PPO ] p_loss=-0.0021 v_loss=1.3707 entropy=0.5325 grad=6.9293 active=31.7%
  [SIM ] avg_power(a)=0.7204 rsu_q=1.879 tx=204 no_tx=5 deadlock=0 svc=24.061GHz idle=15.2%
   423     2.4s    0.0238    90.0%    90.0%    96.5%        1%/96%/3%    1.783    0.064    10.0%     0.0%   0.4796   0.0028     1.6%
  [MA20] reward=0.0179 task_sr=74.0% miss=26.0% time_limit=0.0% v2v=3.9%
  [PPO ] p_loss=0.0099 v_loss=1.7156 entropy=0.4796 grad=10.4245 active=35.2%
  [SIM ] avg_power(a)=0.6880 rsu_q=2.750 tx=221 no_tx=3 deadlock=0 svc=24.931GHz idle=3.1%
   424     2.2s    0.0242    90.0%    90.0%    98.0%        2%/95%/2%    1.944    0.088    10.0%     0.0%   0.4488   0.0013     2.8%
  [MA20] reward=0.0185 task_sr=75.5% miss=24.5% time_limit=0.0% v2v=3.8%
  [PPO ] p_loss=0.0055 v_loss=1.2320 entropy=0.4488 grad=4.2001 active=42.4%
  [SIM ] avg_power(a)=0.7160 rsu_q=3.552 tx=240 no_tx=6 deadlock=0 svc=32.350GHz idle=10.3%
  → Best model saved: Success Rate = 0.666 (50-ep avg)
   425     2.4s    0.0130    50.0%    50.0%    78.9%        3%/94%/4%    1.992    0.134    50.0%     0.0%   0.5021   0.0114     3.3%
  [MA20] reward=0.0176 task_sr=73.5% miss=26.5% time_limit=0.0% v2v=3.9%
  [PPO ] p_loss=-0.0191 v_loss=1.0082 entropy=0.5021 grad=2.4925 active=31.8%
  [SIM ] avg_power(a)=0.7011 rsu_q=1.484 tx=192 no_tx=5 deadlock=0 svc=23.767GHz idle=12.9%
   426     2.3s    0.0189    65.0%    65.0%    89.3%        1%/97%/2%    1.864    0.136    35.0%     0.0%   0.4209   0.0056     1.2%
  [MA20] reward=0.0180 task_sr=74.2% miss=25.7% time_limit=0.0% v2v=3.9%
  [PPO ] p_loss=-0.0240 v_loss=0.9404 entropy=0.4209 grad=2.0449 active=33.5%
  [SIM ] avg_power(a)=0.7139 rsu_q=1.667 tx=199 no_tx=2 deadlock=0 svc=27.083GHz idle=23.3%
   427     2.3s    0.0168    65.0%    65.0%    94.2%        0%/98%/2%    2.100    0.141    35.0%     0.0%   0.4233   0.0004     2.3%
  [MA20] reward=0.0179 task_sr=72.8% miss=27.2% time_limit=0.0% v2v=3.9%
  [PPO ] p_loss=-0.0121 v_loss=1.4228 entropy=0.4233 grad=5.0882 active=35.5%
  [SIM ] avg_power(a)=0.7099 rsu_q=4.167 tx=212 no_tx=1 deadlock=0 svc=26.785GHz idle=10.0%
   428     2.2s    0.0211    90.0%    90.0%    96.2%        1%/93%/6%    1.961    0.121    10.0%     0.0%   0.5125   0.0159     4.9%
  [MA20] reward=0.0181 task_sr=73.5% miss=26.5% time_limit=0.0% v2v=4.1%
  [PPO ] p_loss=0.0032 v_loss=1.0426 entropy=0.5125 grad=2.1216 active=39.1%
  [SIM ] avg_power(a)=0.7085 rsu_q=2.414 tx=225 no_tx=2 deadlock=0 svc=27.539GHz idle=3.4%
  → Best model saved: Success Rate = 0.667 (50-ep avg)
   429     2.1s    0.0317    90.0%    90.0%   100.0%        2%/96%/2%    1.860    0.079    10.0%     0.0%   0.4052   0.0062     2.9%
  [MA20] reward=0.0185 task_sr=74.0% miss=26.0% time_limit=0.0% v2v=4.0%
  [PPO ] p_loss=0.0109 v_loss=1.2910 entropy=0.4052 grad=10.0386 active=48.1%
  [SIM ] avg_power(a)=0.6898 rsu_q=6.846 tx=244 no_tx=6 deadlock=0 svc=35.376GHz idle=7.7%
  → Best model saved: Success Rate = 0.668 (50-ep avg)
   430     2.4s    0.0211    85.0%    85.0%    97.1%        1%/97%/2%    2.044    0.109    15.0%     0.0%   0.4067   0.0082     2.4%
  [MA20] reward=0.0189 task_sr=75.0% miss=25.0% time_limit=0.0% v2v=3.8%
  [PPO ] p_loss=0.0005 v_loss=2.0447 entropy=0.4067 grad=19.4099 active=40.0%
  [SIM ] avg_power(a)=0.6805 rsu_q=4.967 tx=238 no_tx=2 deadlock=0 svc=33.930GHz idle=16.7%
   431     2.1s    0.0201    75.0%    75.0%    94.6%        1%/97%/2%    2.059    0.139    25.0%     0.0%   0.4095   0.0087     2.3%
  [MA20] reward=0.0192 task_sr=75.5% miss=24.5% time_limit=0.0% v2v=3.7%
  [PPO ] p_loss=-0.0009 v_loss=1.0422 entropy=0.4095 grad=2.2541 active=40.9%
  [SIM ] avg_power(a)=0.6890 rsu_q=3.393 tx=227 no_tx=2 deadlock=0 svc=29.131GHz idle=3.6%
   432     2.6s    0.0169    70.0%    70.0%    88.7%        0%/98%/2%    1.975    0.120    30.0%     0.0%   0.3995  -0.0014     3.9%
  [MA20] reward=0.0190 task_sr=75.0% miss=25.0% time_limit=0.0% v2v=3.5%
  [PPO ] p_loss=-0.0269 v_loss=0.8746 entropy=0.3995 grad=6.6533 active=30.4%
  [SIM ] avg_power(a)=0.6904 rsu_q=2.500 tx=207 no_tx=0 deadlock=0 svc=21.717GHz idle=2.9%
   433     1.9s    0.0373   100.0%   100.0%   100.0%       0%/100%/0%    1.765    0.113     0.0%     0.0%   0.2886   0.0017     0.3%
  [MA20] reward=0.0200 task_sr=76.2% miss=23.8% time_limit=0.0% v2v=3.3%
  [PPO ] p_loss=0.0217 v_loss=1.3299 entropy=0.2886 grad=4.3767 active=45.8%
  [SIM ] avg_power(a)=0.6949 rsu_q=4.440 tx=228 no_tx=1 deadlock=0 svc=36.535GHz idle=16.0%
  → Best model saved: Success Rate = 0.672 (50-ep avg)
   434     1.8s    0.0333    90.0%    90.0%    97.8%        0%/99%/1%    1.767    0.138    10.0%     0.0%   0.3791   0.0017     1.4%
  [MA20] reward=0.0208 task_sr=76.5% miss=23.5% time_limit=0.0% v2v=3.0%
  [PPO ] p_loss=0.0375 v_loss=1.2499 entropy=0.3791 grad=5.5105 active=48.5%
  [SIM ] avg_power(a)=0.6870 rsu_q=3.870 tx=223 no_tx=0 deadlock=0 svc=34.044GHz idle=8.7%
  → Best model saved: Success Rate = 0.681 (50-ep avg)
   435     2.5s    0.0190    75.0%    75.0%    98.0%        2%/97%/1%    1.981    0.096    25.0%     0.0%   0.4029   0.0204     3.3%
  [MA20] reward=0.0209 task_sr=76.2% miss=23.7% time_limit=0.0% v2v=2.8%
  [PPO ] p_loss=-0.0135 v_loss=1.1271 entropy=0.4029 grad=2.0080 active=35.3%
  [SIM ] avg_power(a)=0.6875 rsu_q=2.647 tx=236 no_tx=4 deadlock=0 svc=26.937GHz idle=11.8%
  → Best model saved: Success Rate = 0.687 (50-ep avg)
   436     2.1s    0.0253    85.0%    85.0%    99.5%       0%/100%/0%    1.916    0.125    15.0%     0.0%   0.4082   0.0116     1.6%
  [MA20] reward=0.0209 task_sr=76.0% miss=24.0% time_limit=0.0% v2v=2.7%
  [PPO ] p_loss=0.0210 v_loss=1.1947 entropy=0.4082 grad=1.5517 active=37.6%
  [SIM ] avg_power(a)=0.6824 rsu_q=4.172 tx=217 no_tx=1 deadlock=0 svc=31.180GHz idle=17.2%
  → Best model saved: Success Rate = 0.696 (50-ep avg)
   437     1.7s    0.0362    90.0%    90.0%    96.9%        0%/99%/1%    1.772    0.136    10.0%     0.0%   0.4714   0.0069     1.4%
  [MA20] reward=0.0221 task_sr=77.8% miss=22.2% time_limit=0.0% v2v=2.6%
  [PPO ] p_loss=-0.0162 v_loss=1.2621 entropy=0.4714 grad=1.4876 active=50.0%
  [SIM ] avg_power(a)=0.6308 rsu_q=4.591 tx=219 no_tx=1 deadlock=0 svc=36.568GHz idle=9.1%
  → Best model saved: Success Rate = 0.703 (50-ep avg)
   438     2.2s    0.0257    80.0%    80.0%    94.3%        1%/97%/1%    1.812    0.088    20.0%     0.0%   0.5197   0.0079     1.3%
  [MA20] reward=0.0223 task_sr=77.5% miss=22.5% time_limit=0.0% v2v=2.5%
  [PPO ] p_loss=-0.0176 v_loss=1.0793 entropy=0.5197 grad=0.6315 active=34.7%
  [SIM ] avg_power(a)=0.6385 rsu_q=2.323 tx=212 no_tx=3 deadlock=0 svc=26.527GHz idle=12.9%
  → Best model saved: Success Rate = 0.707 (50-ep avg)
   439     2.0s    0.0350    90.0%    90.0%    97.1%        0%/98%/1%    1.739    0.088    10.0%     0.0%   0.5465   0.0058     0.9%
  [MA20] reward=0.0232 task_sr=78.0% miss=22.0% time_limit=0.0% v2v=2.3%
  [PPO ] p_loss=-0.0129 v_loss=1.3007 entropy=0.5465 grad=2.1468 active=43.9%
  [SIM ] avg_power(a)=0.6423 rsu_q=3.667 tx=236 no_tx=1 deadlock=0 svc=34.360GHz idle=14.8%
  → Best model saved: Success Rate = 0.719 (50-ep avg)
   440     2.4s    0.0160    65.0%    65.0%    83.1%        2%/97%/1%    1.900    0.107    35.0%     0.0%   0.6207   0.0037     2.8%
  [MA20] reward=0.0230 task_sr=78.2% miss=21.7% time_limit=0.0% v2v=2.2%
  [PPO ] p_loss=0.0008 v_loss=1.2054 entropy=0.6207 grad=0.4981 active=32.2%
  [SIM ] avg_power(a)=0.6290 rsu_q=1.562 tx=202 no_tx=4 deadlock=0 svc=26.168GHz idle=18.7%
  → Best model saved: Success Rate = 0.726 (50-ep avg)

    Ep    Wall    R/step     T_SR     V_SR     S_SR            L/R/V   Lat(s)       En     Miss      Ill      Ent       KL     Clip
--------------------------------------------------------------------------------------------------------------------------------
   441     2.3s    0.0165    70.0%    70.0%    88.7%        2%/93%/5%    1.836    0.109    30.0%     0.0%   0.5897   0.0077     3.3%
  [MA20] reward=0.0233 task_sr=79.0% miss=21.0% time_limit=0.0% v2v=2.2%
  [PPO ] p_loss=0.0130 v_loss=1.0130 entropy=0.5897 grad=0.7265 active=34.7%
  [SIM ] avg_power(a)=0.6208 rsu_q=2.400 tx=201 no_tx=5 deadlock=0 svc=28.366GHz idle=16.7%
  → Best model saved: Success Rate = 0.733 (50-ep avg)
   442     2.2s    0.0205    80.0%    80.0%    93.3%        0%/98%/2%    1.906    0.118    20.0%     0.0%   0.5613  -0.0012     2.9%
  [MA20] reward=0.0236 task_sr=79.8% miss=20.2% time_limit=0.0% v2v=2.1%
  [PPO ] p_loss=-0.0045 v_loss=0.9352 entropy=0.5613 grad=0.8031 active=40.0%
  [SIM ] avg_power(a)=0.6559 rsu_q=2.857 tx=223 no_tx=1 deadlock=0 svc=27.807GHz idle=7.1%
  → Best model saved: Success Rate = 0.742 (50-ep avg)
   443     2.4s    0.0200    85.0%    85.0%    98.4%        0%/97%/2%    2.006    0.092    15.0%     0.0%   0.4047 9.09e-05     2.5%
  [MA20] reward=0.0234 task_sr=79.5% miss=20.5% time_limit=0.0% v2v=2.1%
  [PPO ] p_loss=-0.0061 v_loss=1.5365 entropy=0.4047 grad=2.2514 active=37.1%
  [SIM ] avg_power(a)=0.6698 rsu_q=3.818 tx=244 no_tx=1 deadlock=0 svc=25.773GHz idle=3.0%
  → Best model saved: Success Rate = 0.755 (50-ep avg)
   444     2.2s    0.0247    95.0%    95.0%    99.1%        1%/99%/0%    1.911    0.099     5.0%     0.0%   0.3278  -0.0008     1.0%
  [MA20] reward=0.0235 task_sr=79.7% miss=20.2% time_limit=0.0% v2v=2.0%
  [PPO ] p_loss=-0.0114 v_loss=1.1701 entropy=0.3278 grad=1.7340 active=38.5%
  [SIM ] avg_power(a)=0.6862 rsu_q=3.433 tx=229 no_tx=2 deadlock=0 svc=31.552GHz idle=20.0%
  → Best model saved: Success Rate = 0.766 (50-ep avg)
   445     2.1s    0.0293    90.0%    90.0%    98.7%        0%/98%/1%    1.711    0.088    10.0%     0.0%   0.3277   0.0054     0.8%
  [MA20] reward=0.0243 task_sr=81.7% miss=18.2% time_limit=0.0% v2v=1.9%
  [PPO ] p_loss=-0.0112 v_loss=1.3809 entropy=0.3277 grad=1.9937 active=39.0%
  [SIM ] avg_power(a)=0.6712 rsu_q=3.966 tx=225 no_tx=1 deadlock=0 svc=29.073GHz idle=13.8%
  → Best model saved: Success Rate = 0.771 (50-ep avg)
   446     2.4s    0.0214    80.0%    80.0%    95.2%        0%/98%/1%    1.717    0.085    20.0%     0.0%   0.3480  -0.0012     1.2%
  [MA20] reward=0.0244 task_sr=82.5% miss=17.5% time_limit=0.0% v2v=1.8%
  [PPO ] p_loss=0.0073 v_loss=1.4659 entropy=0.3480 grad=2.1044 active=31.0%
  [SIM ] avg_power(a)=0.6876 rsu_q=2.457 tx=216 no_tx=1 deadlock=0 svc=21.474GHz idle=2.9%
   447     2.0s    0.0238    80.0%    80.0%    92.8%        1%/98%/1%    1.981    0.138    20.0%     0.0%   0.3363  -0.0058     2.7%
  [MA20] reward=0.0247 task_sr=83.2% miss=16.8% time_limit=0.0% v2v=1.8%
  [PPO ] p_loss=0.0094 v_loss=1.0044 entropy=0.3363 grad=1.5312 active=42.7%
  [SIM ] avg_power(a)=0.6891 rsu_q=3.192 tx=220 no_tx=2 deadlock=0 svc=32.385GHz idle=11.5%
  → Best model saved: Success Rate = 0.773 (50-ep avg)
   448     2.3s    0.0234    90.0%    90.0%    99.2%        0%/99%/0%    1.884    0.092    10.0%     0.0%   0.3287   0.0017     0.5%
  [MA20] reward=0.0249 task_sr=83.3% miss=16.8% time_limit=0.0% v2v=1.5%
  [PPO ] p_loss=-0.0133 v_loss=1.4097 entropy=0.3287 grad=6.5772 active=37.0%
  [SIM ] avg_power(a)=0.6899 rsu_q=2.531 tx=235 no_tx=1 deadlock=0 svc=32.215GHz idle=28.1%
  → Best model saved: Success Rate = 0.776 (50-ep avg)
   449     2.2s    0.0241    95.0%    95.0%    97.1%        1%/99%/0%    2.005    0.113     5.0%     0.0%   0.3067  -0.0028     0.4%
  [MA20] reward=0.0245 task_sr=83.5% miss=16.5% time_limit=0.0% v2v=1.4%
  [PPO ] p_loss=-0.0134 v_loss=0.9843 entropy=0.3067 grad=3.2407 active=40.7%
  [SIM ] avg_power(a)=0.6933 rsu_q=3.241 tx=234 no_tx=2 deadlock=0 svc=30.447GHz idle=10.3%
  → Best model saved: Success Rate = 0.780 (50-ep avg)
   450     2.3s    0.0260    85.0%    85.0%    93.4%       0%/100%/0%    1.917    0.100    15.0%     0.0%   0.2580   0.0001     0.8%
  [MA20] reward=0.0247 task_sr=83.5% miss=16.5% time_limit=0.0% v2v=1.3%
  [PPO ] p_loss=0.0119 v_loss=1.3857 entropy=0.2580 grad=1.2384 active=38.5%
  [SIM ] avg_power(a)=0.7019 rsu_q=3.226 tx=239 no_tx=0 deadlock=0 svc=31.956GHz idle=19.4%
  → Best model saved: Success Rate = 0.785 (50-ep avg)
   451     2.0s    0.0287    95.0%    95.0%   100.0%        0%/99%/0%    1.885    0.097     5.0%     0.0%   0.1797   0.0035     0.6%
  [MA20] reward=0.0252 task_sr=84.5% miss=15.5% time_limit=0.0% v2v=1.2%
  [PPO ] p_loss=-0.0198 v_loss=1.3794 entropy=0.1797 grad=1.5976 active=44.3%
  [SIM ] avg_power(a)=0.6924 rsu_q=5.074 tx=238 no_tx=1 deadlock=0 svc=32.792GHz idle=11.1%
  → Best model saved: Success Rate = 0.787 (50-ep avg)
   452     2.2s    0.0210    70.0%    70.0%    93.6%       0%/100%/0%    1.964    0.158    30.0%     0.0%   0.2994  -0.0017     2.8%
  [MA20] reward=0.0254 task_sr=84.5% miss=15.5% time_limit=0.0% v2v=1.1%
  [PPO ] p_loss=0.0008 v_loss=1.3119 entropy=0.2994 grad=3.2305 active=38.8%
  [SIM ] avg_power(a)=0.7237 rsu_q=2.759 tx=225 no_tx=0 deadlock=0 svc=29.196GHz idle=10.3%
   453     2.2s    0.0233    90.0%    90.0%    96.1%        0%/98%/1%    1.961    0.105    10.0%     0.0%   0.2733   0.0062     3.5%
  [MA20] reward=0.0247 task_sr=84.0% miss=16.0% time_limit=0.0% v2v=1.2%
  [PPO ] p_loss=0.0020 v_loss=1.0669 entropy=0.2733 grad=2.9559 active=38.8%
  [SIM ] avg_power(a)=0.7057 rsu_q=2.483 tx=224 no_tx=1 deadlock=0 svc=28.837GHz idle=10.3%
  → Best model saved: Success Rate = 0.788 (50-ep avg)
   454     1.8s    0.0331    95.0%    95.0%    99.1%       0%/100%/0%    1.774    0.116     5.0%     0.0%   0.1850   0.0013     0.7%
  [MA20] reward=0.0246 task_sr=84.2% miss=15.8% time_limit=0.0% v2v=1.2%
  [PPO ] p_loss=0.0296 v_loss=1.2443 entropy=0.1850 grad=2.0110 active=44.2%
  [SIM ] avg_power(a)=0.7114 rsu_q=4.560 tx=220 no_tx=1 deadlock=0 svc=32.596GHz idle=12.0%
  → Best model saved: Success Rate = 0.795 (50-ep avg)
   455     2.5s    0.0171    85.0%    85.0%    98.8%        1%/98%/1%    2.028    0.102    15.0%     0.0%   0.2505   0.0120     2.7%
  [MA20] reward=0.0246 task_sr=84.8% miss=15.2% time_limit=0.0% v2v=1.2%
  [PPO ] p_loss=0.0083 v_loss=1.6336 entropy=0.2505 grad=8.5659 active=36.4%
  [SIM ] avg_power(a)=0.7182 rsu_q=3.424 tx=238 no_tx=2 deadlock=0 svc=24.560GHz idle=3.0%
   456     2.6s    0.0161    75.0%    75.0%    98.4%       0%/100%/0%    2.118    0.107    25.0%     0.0%   0.2748   0.0051     2.4%
  [MA20] reward=0.0241 task_sr=84.2% miss=15.8% time_limit=0.0% v2v=1.2%
  [PPO ] p_loss=-0.0009 v_loss=1.6390 entropy=0.2748 grad=6.9867 active=36.2%
  [SIM ] avg_power(a)=0.7245 rsu_q=2.706 tx=246 no_tx=0 deadlock=0 svc=26.566GHz idle=8.8%
  → Best model saved: Success Rate = 0.799 (50-ep avg)
   457     2.2s    0.0221    90.0%    90.0%    98.4%        2%/98%/0%    1.994    0.134    10.0%     0.0%   0.2141   0.0070     1.2%
  [MA20] reward=0.0234 task_sr=84.2% miss=15.8% time_limit=0.0% v2v=1.1%
  [PPO ] p_loss=0.0161 v_loss=1.1235 entropy=0.2141 grad=6.4215 active=41.6%
  [SIM ] avg_power(a)=0.7354 rsu_q=3.586 tx=237 no_tx=4 deadlock=0 svc=30.488GHz idle=10.3%
   458     2.3s    0.0205    75.0%    75.0%    87.2%        0%/99%/1%    1.867    0.163    25.0%     0.0%   0.1933   0.0021     1.3%
  [MA20] reward=0.0231 task_sr=84.0% miss=16.0% time_limit=0.0% v2v=1.1%
  [PPO ] p_loss=-0.0097 v_loss=0.9790 entropy=0.1933 grad=2.1154 active=37.9%
  [SIM ] avg_power(a)=0.7247 rsu_q=3.138 tx=219 no_tx=1 deadlock=0 svc=28.096GHz idle=10.3%
   459     1.9s    0.0270    90.0%    90.0%    97.9%        0%/99%/0%    1.806    0.123    10.0%     0.0%   0.2068  -0.0010     1.5%
  [MA20] reward=0.0227 task_sr=84.0% miss=16.0% time_limit=0.0% v2v=1.1%
  [PPO ] p_loss=0.0112 v_loss=1.4807 entropy=0.2068 grad=5.5482 active=48.3%
  [SIM ] avg_power(a)=0.7401 rsu_q=4.167 tx=231 no_tx=1 deadlock=0 svc=36.892GHz idle=16.7%
  → Best model saved: Success Rate = 0.800 (50-ep avg)
   460     2.2s    0.0246    85.0%    85.0%    95.1%        0%/99%/1%    1.853    0.112    15.0%     0.0%   0.1912   0.0046     4.7%
  [MA20] reward=0.0232 task_sr=85.0% miss=15.0% time_limit=0.0% v2v=1.0%
  [PPO ] p_loss=-0.0112 v_loss=1.4991 entropy=0.1912 grad=2.8385 active=40.5%
  [SIM ] avg_power(a)=0.7549 rsu_q=3.069 tx=235 no_tx=0 deadlock=0 svc=29.278GHz idle=10.3%
  → Best model saved: Success Rate = 0.804 (50-ep avg)

    Ep    Wall    R/step     T_SR     V_SR     S_SR            L/R/V   Lat(s)       En     Miss      Ill      Ent       KL     Clip
--------------------------------------------------------------------------------------------------------------------------------
   461     2.3s    0.0190    60.0%    60.0%    87.6%        0%/99%/0%    1.777    0.128    40.0%     0.0%   0.1649   0.0107     2.9%
  [MA20] reward=0.0233 task_sr=84.5% miss=15.5% time_limit=0.0% v2v=0.8%
  [PPO ] p_loss=0.0052 v_loss=1.4499 entropy=0.1649 grad=4.2677 active=33.5%
  [SIM ] avg_power(a)=0.7633 rsu_q=2.387 tx=207 no_tx=1 deadlock=0 svc=25.928GHz idle=16.1%
   462     2.2s    0.0240    80.0%    80.0%    95.0%        0%/99%/1%    1.865    0.143    20.0%     0.0%   0.1796   0.0092     1.7%
  [MA20] reward=0.0235 task_sr=84.5% miss=15.5% time_limit=0.0% v2v=0.8%
  [PPO ] p_loss=-0.0039 v_loss=1.2332 entropy=0.1796 grad=2.6557 active=39.8%
  [SIM ] avg_power(a)=0.7516 rsu_q=3.310 tx=230 no_tx=1 deadlock=0 svc=30.575GHz idle=17.2%
   463     2.1s    0.0212    65.0%    65.0%    94.8%        0%/99%/1%    1.887    0.144    35.0%     0.0%   0.1309   0.0113     1.0%
  [MA20] reward=0.0235 task_sr=83.5% miss=16.5% time_limit=0.0% v2v=0.7%
  [PPO ] p_loss=0.0041 v_loss=1.2547 entropy=0.1309 grad=2.1551 active=40.4%
  [SIM ] avg_power(a)=0.7460 rsu_q=4.852 tx=218 no_tx=0 deadlock=0 svc=30.255GHz idle=3.7%
   464     2.3s    0.0207    85.0%    85.0%    95.9%        0%/99%/1%    1.982    0.136    15.0%     0.0%   0.2595   0.0034     1.2%
  [MA20] reward=0.0233 task_sr=83.0% miss=17.0% time_limit=0.0% v2v=0.7%
  [PPO ] p_loss=0.0027 v_loss=1.0634 entropy=0.2595 grad=3.6051 active=37.6%
  [SIM ] avg_power(a)=0.7320 rsu_q=3.710 tx=232 no_tx=1 deadlock=0 svc=27.594GHz idle=6.5%
   465     2.0s    0.0278    90.0%    90.0%    99.6%        0%/99%/1%    1.895    0.102    10.0%     0.0%   0.1587   0.0033     0.5%
  [MA20] reward=0.0232 task_sr=83.0% miss=17.0% time_limit=0.0% v2v=0.7%
  [PPO ] p_loss=0.0097 v_loss=0.9272 entropy=0.1587 grad=1.8338 active=42.1%
  [SIM ] avg_power(a)=0.7267 rsu_q=4.393 tx=236 no_tx=0 deadlock=0 svc=33.026GHz idle=10.7%
   466     2.6s    0.0148    60.0%    60.0%    85.7%        0%/99%/1%    1.817    0.140    40.0%     0.0%   0.2159   0.0058     0.9%
  [MA20] reward=0.0229 task_sr=82.0% miss=18.0% time_limit=0.0% v2v=0.7%
  [PPO ] p_loss=0.0065 v_loss=1.0296 entropy=0.2159 grad=7.9830 active=31.8%
  [SIM ] avg_power(a)=0.7265 rsu_q=2.500 tx=216 no_tx=0 deadlock=0 svc=23.698GHz idle=17.6%
   467     2.1s    0.0245    95.0%    95.0%   100.0%        0%/99%/0%    1.855    0.110     5.0%     0.0%   0.1898   0.0077     0.6%
  [MA20] reward=0.0229 task_sr=82.8% miss=17.2% time_limit=0.0% v2v=0.7%
  [PPO ] p_loss=-0.0088 v_loss=1.4397 entropy=0.1898 grad=11.9663 active=36.3%
  [SIM ] avg_power(a)=0.7256 rsu_q=3.000 tx=224 no_tx=1 deadlock=0 svc=33.240GHz idle=32.3%
  → Best model saved: Success Rate = 0.805 (50-ep avg)
   468     2.2s    0.0184    50.0%    50.0%    74.0%       0%/100%/0%    1.610    0.166    50.0%     0.0%   0.3220  -0.0055     2.9%
  [MA20] reward=0.0227 task_sr=80.7% miss=19.2% time_limit=0.0% v2v=0.7%
  [PPO ] p_loss=0.0019 v_loss=1.3194 entropy=0.3220 grad=4.7728 active=31.8%
  [SIM ] avg_power(a)=0.7139 rsu_q=1.786 tx=178 no_tx=0 deadlock=0 svc=21.542GHz idle=3.6%
   469     2.2s    0.0174    80.0%    80.0%    90.6%        0%/99%/1%    1.988    0.137    20.0%     0.0%   0.3270  -0.0044     0.8%
  [MA20] reward=0.0224 task_sr=80.0% miss=20.0% time_limit=0.0% v2v=0.7%
  [PPO ] p_loss=0.0032 v_loss=1.0880 entropy=0.3270 grad=0.5999 active=37.2%
  [SIM ] avg_power(a)=0.6974 rsu_q=2.700 tx=223 no_tx=0 deadlock=0 svc=26.845GHz idle=10.0%
   470     2.0s    0.0330    95.0%    95.0%    99.2%        1%/99%/0%    1.874    0.081     5.0%     0.0%   0.2319  -0.0015     2.0%
  [MA20] reward=0.0227 task_sr=80.5% miss=19.5% time_limit=0.0% v2v=0.7%
  [PPO ] p_loss=-0.0088 v_loss=1.8153 entropy=0.2319 grad=11.4363 active=48.1%
  [SIM ] avg_power(a)=0.7182 rsu_q=5.630 tx=258 no_tx=2 deadlock=0 svc=37.183GHz idle=3.7%
   471     2.7s    0.0164    80.0%    80.0%    98.0%        1%/98%/0%    2.112    0.106    20.0%     0.0%   0.2651   0.0020     2.8%
  [MA20] reward=0.0221 task_sr=79.8% miss=20.2% time_limit=0.0% v2v=0.7%
  [PPO ] p_loss=-0.0366 v_loss=1.3017 entropy=0.2651 grad=4.4287 active=34.6%
  [SIM ] avg_power(a)=0.7051 rsu_q=3.111 tx=246 no_tx=3 deadlock=0 svc=25.438GHz idle=5.6%
  → Best model saved: Success Rate = 0.810 (50-ep avg)
   472     2.0s    0.0178    65.0%    65.0%    95.1%        1%/98%/1%    2.113    0.155    35.0%     0.0%   0.2442   0.0019     2.3%
  [MA20] reward=0.0219 task_sr=79.5% miss=20.5% time_limit=0.0% v2v=0.7%
  [PPO ] p_loss=0.0052 v_loss=1.0094 entropy=0.2442 grad=1.2870 active=45.0%
  [SIM ] avg_power(a)=0.7349 rsu_q=4.538 tx=232 no_tx=2 deadlock=0 svc=30.864GHz idle=3.8%
   473     2.1s    0.0261    95.0%    95.0%    98.7%       0%/100%/0%    1.884    0.120     5.0%     0.0%   0.1803   0.0071     0.9%
  [MA20] reward=0.0221 task_sr=79.8% miss=20.2% time_limit=0.0% v2v=0.7%
  [PPO ] p_loss=0.0031 v_loss=1.2637 entropy=0.1803 grad=6.6888 active=41.1%
  [SIM ] avg_power(a)=0.7229 rsu_q=4.214 tx=230 no_tx=0 deadlock=0 svc=30.818GHz idle=10.7%
  → Best model saved: Success Rate = 0.811 (50-ep avg)
   474     2.1s    0.0243    95.0%    95.0%    99.6%       0%/100%/0%    1.974    0.130     5.0%     0.0%   0.1967   0.0069     1.0%
  [MA20] reward=0.0216 task_sr=79.8% miss=20.3% time_limit=0.0% v2v=0.7%
  [PPO ] p_loss=-0.0026 v_loss=1.1539 entropy=0.1967 grad=8.0886 active=43.4%
  [SIM ] avg_power(a)=0.7321 rsu_q=4.214 tx=243 no_tx=0 deadlock=0 svc=31.516GHz idle=10.7%
  → Best model saved: Success Rate = 0.812 (50-ep avg)
   475     2.2s    0.0199    75.0%    75.0%    91.3%        0%/99%/0%    1.919    0.104    25.0%     0.0%   0.2858  -0.0008     3.1%
  [MA20] reward=0.0218 task_sr=79.2% miss=20.8% time_limit=0.0% v2v=0.6%
  [PPO ] p_loss=0.0180 v_loss=1.0110 entropy=0.2858 grad=6.6234 active=38.3%
  [SIM ] avg_power(a)=0.7215 rsu_q=2.828 tx=221 no_tx=1 deadlock=0 svc=26.504GHz idle=10.3%
  → Best model saved: Success Rate = 0.817 (50-ep avg)
   476     2.3s    0.0213    70.0%    70.0%    95.9%       0%/100%/0%    1.813    0.137    30.0%     0.0%   0.2402   0.0014     1.2%
  [MA20] reward=0.0220 task_sr=79.0% miss=21.0% time_limit=0.0% v2v=0.6%
  [PPO ] p_loss=-0.0161 v_loss=1.2605 entropy=0.2402 grad=1.9337 active=36.7%
  [SIM ] avg_power(a)=0.7227 rsu_q=3.906 tx=235 no_tx=0 deadlock=0 svc=31.924GHz idle=18.7%
  → Best model saved: Success Rate = 0.818 (50-ep avg)
   477     2.2s    0.0222    90.0%    90.0%    95.5%       0%/100%/0%    1.900    0.134    10.0%     0.0%   0.2410   0.0029     1.9%
  [MA20] reward=0.0220 task_sr=79.0% miss=21.0% time_limit=0.0% v2v=0.7%
  [PPO ] p_loss=0.0018 v_loss=0.9428 entropy=0.2410 grad=1.5688 active=39.5%
  [SIM ] avg_power(a)=0.7251 rsu_q=3.567 tx=237 no_tx=0 deadlock=0 svc=32.320GHz idle=20.0%
  → Best model saved: Success Rate = 0.823 (50-ep avg)
   478     2.1s    0.0235    80.0%    80.0%    95.4%        0%/98%/2%    2.012    0.133    20.0%     0.0%   0.2373  -0.0010     2.9%
  [MA20] reward=0.0222 task_sr=79.2% miss=20.8% time_limit=0.0% v2v=0.7%
  [PPO ] p_loss=0.0106 v_loss=1.7478 entropy=0.2373 grad=25.9703 active=44.3%
  [SIM ] avg_power(a)=0.7097 rsu_q=3.393 tx=248 no_tx=0 deadlock=0 svc=31.453GHz idle=7.1%
   479     2.0s    0.0277    85.0%    85.0%    95.9%       0%/100%/0%    1.811    0.111    15.0%     0.0%   0.2850   0.0044     1.8%
  [MA20] reward=0.0222 task_sr=79.0% miss=21.0% time_limit=0.0% v2v=0.7%
  [PPO ] p_loss=0.0055 v_loss=1.2795 entropy=0.2850 grad=7.2209 active=44.1%
  [SIM ] avg_power(a)=0.7086 rsu_q=4.259 tx=238 no_tx=0 deadlock=0 svc=31.690GHz idle=11.1%
   480     2.2s    0.0211    90.0%    90.0%    94.9%       0%/100%/0%    2.022    0.151    10.0%     0.0%   0.2674   0.0006     1.2%
  [MA20] reward=0.0221 task_sr=79.2% miss=20.8% time_limit=0.0% v2v=0.6%
  [PPO ] p_loss=-0.0020 v_loss=1.1600 entropy=0.2674 grad=5.3604 active=42.9%
  [SIM ] avg_power(a)=0.7058 rsu_q=3.071 tx=240 no_tx=0 deadlock=0 svc=29.670GHz idle=3.6%

    Ep    Wall    R/step     T_SR     V_SR     S_SR            L/R/V   Lat(s)       En     Miss      Ill      Ent       KL     Clip
--------------------------------------------------------------------------------------------------------------------------------
   481     2.2s    0.0237    90.0%    90.0%    97.9%       0%/100%/0%    1.956    0.127    10.0%     0.0%   0.2301  -0.0023     0.0%
  [MA20] reward=0.0223 task_sr=80.8% miss=19.3% time_limit=0.0% v2v=0.6%
  [PPO ] p_loss=0.0151 v_loss=1.2094 entropy=0.2301 grad=7.3938 active=39.2%
  [SIM ] avg_power(a)=0.6859 rsu_q=3.767 tx=235 no_tx=0 deadlock=0 svc=31.521GHz idle=16.7%
  → Best model saved: Success Rate = 0.824 (50-ep avg)
   482     2.3s    0.0187    65.0%    65.0%    91.9%       0%/100%/0%    1.800    0.131    35.0%     0.0%   0.2374   0.0058     0.3%
  [MA20] reward=0.0220 task_sr=80.0% miss=20.0% time_limit=0.0% v2v=0.6%
  [PPO ] p_loss=0.0164 v_loss=0.9761 entropy=0.2374 grad=3.1424 active=35.2%
  [SIM ] avg_power(a)=0.6976 rsu_q=3.710 tx=218 no_tx=0 deadlock=0 svc=27.932GHz idle=16.1%
   483     2.0s    0.0275    95.0%    95.0%    99.6%       0%/100%/0%    1.847    0.116     5.0%     0.0%   0.2407   0.0025     0.3%
  [MA20] reward=0.0223 task_sr=81.5% miss=18.5% time_limit=0.0% v2v=0.5%
  [PPO ] p_loss=0.0063 v_loss=1.1697 entropy=0.2407 grad=3.9040 active=45.0%
  [SIM ] avg_power(a)=0.7055 rsu_q=4.519 tx=242 no_tx=1 deadlock=0 svc=34.246GHz idle=18.5%
   484     2.6s    0.0135    65.0%    65.0%    86.5%        1%/99%/1%    2.054    0.148    35.0%     0.0%   0.2521   0.0052     1.0%
  [MA20] reward=0.0220 task_sr=80.5% miss=19.5% time_limit=0.0% v2v=0.5%
  [PPO ] p_loss=-0.0074 v_loss=0.9177 entropy=0.2521 grad=0.9799 active=28.4%
  [SIM ] avg_power(a)=0.6908 rsu_q=3.457 tx=198 no_tx=1 deadlock=0 svc=25.141GHz idle=22.9%
   485     2.5s    0.0118    60.0%    60.0%    85.3%       0%/100%/0%    2.107    0.187    40.0%     0.0%   0.3248   0.0005     3.2%
  [MA20] reward=0.0212 task_sr=79.0% miss=21.0% time_limit=0.0% v2v=0.5%
  [PPO ] p_loss=-0.0204 v_loss=1.1629 entropy=0.3248 grad=1.2648 active=36.1%
  [SIM ] avg_power(a)=0.7133 rsu_q=3.290 tx=223 no_tx=1 deadlock=0 svc=24.565GHz idle=3.2%
   486     2.5s    0.0156    65.0%    65.0%    89.3%        0%/99%/0%    2.100    0.115    35.0%     0.0%   0.3976  -0.0033     4.4%
  [MA20] reward=0.0212 task_sr=79.2% miss=20.7% time_limit=0.0% v2v=0.4%
  [PPO ] p_loss=0.0089 v_loss=1.1537 entropy=0.3976 grad=2.0822 active=36.9%
  [SIM ] avg_power(a)=0.6753 rsu_q=3.312 tx=235 no_tx=1 deadlock=0 svc=30.668GHz idle=21.9%
   487     2.1s    0.0272    90.0%    90.0%    98.7%        1%/98%/0%    1.795    0.103    10.0%     0.0%   0.3373   0.0067     0.9%
  [MA20] reward=0.0214 task_sr=79.0% miss=21.0% time_limit=0.0% v2v=0.4%
  [PPO ] p_loss=0.0286 v_loss=1.3301 entropy=0.3373 grad=3.0491 active=37.0%
  [SIM ] avg_power(a)=0.6621 rsu_q=2.733 tx=219 no_tx=3 deadlock=0 svc=29.808GHz idle=20.0%
   488     2.3s    0.0269    85.0%    85.0%    87.2%       0%/100%/0%    1.659    0.108    15.0%     0.0%   0.3965  -0.0034     1.8%
  [MA20] reward=0.0218 task_sr=80.8% miss=19.2% time_limit=0.0% v2v=0.4%
  [PPO ] p_loss=0.0318 v_loss=1.4575 entropy=0.3965 grad=2.2759 active=32.2%
  [SIM ] avg_power(a)=0.6528 rsu_q=1.938 tx=205 no_tx=1 deadlock=0 svc=25.126GHz idle=21.9%
   489     1.9s    0.0352   100.0%   100.0%   100.0%        0%/98%/2%    1.795    0.066     0.0%     0.0%   0.4052   0.0003     2.4%
  [MA20] reward=0.0227 task_sr=81.8% miss=18.2% time_limit=0.0% v2v=0.5%
  [PPO ] p_loss=-0.0114 v_loss=1.0411 entropy=0.4052 grad=1.9941 active=49.6%
  [SIM ] avg_power(a)=0.6449 rsu_q=4.560 tx=247 no_tx=1 deadlock=0 svc=41.315GHz idle=20.0%
   490     2.3s    0.0248    95.0%    95.0%    99.1%       0%/100%/0%    1.826    0.082     5.0%     0.0%   0.3885   0.0015     1.5%
  [MA20] reward=0.0223 task_sr=81.8% miss=18.2% time_limit=0.0% v2v=0.4%
  [PPO ] p_loss=0.0197 v_loss=1.2065 entropy=0.3885 grad=1.1840 active=33.5%
  [SIM ] avg_power(a)=0.6323 rsu_q=3.091 tx=221 no_tx=0 deadlock=0 svc=33.206GHz idle=33.3%
   491     2.1s    0.0242    95.0%    95.0%    99.6%       0%/100%/0%    1.911    0.087     5.0%     0.0%   0.4405   0.0023     0.3%
  [MA20] reward=0.0227 task_sr=82.5% miss=17.5% time_limit=0.0% v2v=0.4%
  [PPO ] p_loss=-0.0089 v_loss=1.4521 entropy=0.4405 grad=1.9998 active=41.4%
  [SIM ] avg_power(a)=0.6294 rsu_q=5.714 tx=232 no_tx=0 deadlock=0 svc=33.977GHz idle=17.9%
  → Best model saved: Success Rate = 0.824 (50-ep avg)
   492     2.0s    0.0221    85.0%    85.0%    93.5%        0%/99%/1%    1.953    0.124    15.0%     0.0%   0.4244   0.0057     1.0%
  [MA20] reward=0.0229 task_sr=83.5% miss=16.5% time_limit=0.0% v2v=0.4%
  [PPO ] p_loss=0.0115 v_loss=1.2921 entropy=0.4244 grad=1.0608 active=40.6%
  [SIM ] avg_power(a)=0.6199 rsu_q=3.259 tx=218 no_tx=1 deadlock=0 svc=29.592GHz idle=7.4%
  → Best model saved: Success Rate = 0.825 (50-ep avg)
   493     2.0s    0.0263    90.0%    90.0%    98.4%        0%/98%/2%    1.942    0.084    10.0%     0.0%   0.4192  -0.0014     0.8%
  [MA20] reward=0.0229 task_sr=83.2% miss=16.8% time_limit=0.0% v2v=0.5%
  [PPO ] p_loss=-0.0062 v_loss=1.3479 entropy=0.4192 grad=1.9917 active=47.0%
  [SIM ] avg_power(a)=0.6307 rsu_q=4.444 tx=253 no_tx=1 deadlock=0 svc=36.659GHz idle=18.5%
  → Best model saved: Success Rate = 0.826 (50-ep avg)
   494     2.4s    0.0240    90.0%    90.0%    97.7%        0%/99%/1%    1.994    0.088    10.0%     0.0%   0.4476   0.0034     0.6%
  [MA20] reward=0.0229 task_sr=83.0% miss=17.0% time_limit=0.0% v2v=0.6%
  [PPO ] p_loss=0.0122 v_loss=1.5326 entropy=0.4476 grad=12.7795 active=42.7%
  [SIM ] avg_power(a)=0.6184 rsu_q=5.933 tx=255 no_tx=0 deadlock=0 svc=32.343GHz idle=10.0%
   495     2.3s    0.0149    70.0%    70.0%    92.5%        1%/98%/1%    2.171    0.128    30.0%     0.0%   0.5268  -0.0001     2.8%
  [MA20] reward=0.0226 task_sr=82.8% miss=17.2% time_limit=0.0% v2v=0.6%
  [PPO ] p_loss=-0.0099 v_loss=1.1954 entropy=0.5268 grad=3.7555 active=38.4%
  [SIM ] avg_power(a)=0.6208 rsu_q=3.968 tx=236 no_tx=2 deadlock=0 svc=27.314GHz idle=3.2%
   496     2.3s    0.0156    60.0%    60.0%    80.7%        1%/98%/2%    2.007    0.155    40.0%     0.0%   0.5423  -0.0009     2.1%
  [MA20] reward=0.0223 task_sr=82.3% miss=17.8% time_limit=0.0% v2v=0.6%
  [PPO ] p_loss=0.0178 v_loss=1.1827 entropy=0.5423 grad=0.8597 active=30.3%
  [SIM ] avg_power(a)=0.6152 rsu_q=1.323 tx=187 no_tx=1 deadlock=0 svc=22.359GHz idle=16.1%
   497     2.4s    0.0196    75.0%    75.0%    90.2%        1%/97%/2%    2.025    0.108    25.0%     0.0%   0.5351   0.0099     3.6%
  [MA20] reward=0.0222 task_sr=81.5% miss=18.5% time_limit=0.0% v2v=0.7%
  [PPO ] p_loss=0.0247 v_loss=0.8907 entropy=0.5351 grad=1.4871 active=36.1%
  [SIM ] avg_power(a)=0.6101 rsu_q=2.969 tx=229 no_tx=2 deadlock=0 svc=26.448GHz idle=9.4%
   498     2.6s    0.0107    45.0%    45.0%    78.0%        0%/98%/2%    1.933    0.179    55.0%     0.0%   0.6023   0.0107     2.4%
  [MA20] reward=0.0216 task_sr=79.7% miss=20.2% time_limit=0.0% v2v=0.7%
  [PPO ] p_loss=-0.0047 v_loss=1.5414 entropy=0.6023 grad=9.1638 active=32.5%
  [SIM ] avg_power(a)=0.6179 rsu_q=2.094 tx=207 no_tx=1 deadlock=0 svc=21.557GHz idle=3.1%
   499     2.1s    0.0270    95.0%    95.0%    99.6%        0%/99%/1%    1.879    0.090     5.0%     0.0%   0.4548   0.0015     0.7%
  [MA20] reward=0.0215 task_sr=80.2% miss=19.8% time_limit=0.0% v2v=0.8%
  [PPO ] p_loss=-0.0092 v_loss=1.3392 entropy=0.4548 grad=4.0192 active=45.2%
  [SIM ] avg_power(a)=0.5954 rsu_q=4.571 tx=251 no_tx=1 deadlock=0 svc=35.182GHz idle=17.9%
   500     2.3s    0.0172    70.0%    70.0%    92.9%        1%/97%/2%    2.133    0.112    30.0%     0.0%   0.4937   0.0120     3.4%
  [MA20] reward=0.0213 task_sr=79.2% miss=20.7% time_limit=0.0% v2v=0.8%
  [PPO ] p_loss=0.0087 v_loss=0.9326 entropy=0.4937 grad=1.8136 active=37.1%
  [SIM ] avg_power(a)=0.5952 rsu_q=3.774 tx=228 no_tx=2 deadlock=0 svc=27.052GHz idle=6.5%

    Ep    Wall    R/step     T_SR     V_SR     S_SR            L/R/V   Lat(s)       En     Miss      Ill      Ent       KL     Clip
--------------------------------------------------------------------------------------------------------------------------------
   501     2.2s    0.0214    85.0%    85.0%    90.2%        0%/98%/2%    1.947    0.120    15.0%     0.0%   0.4558   0.0067     3.1%
  [MA20] reward=0.0212 task_sr=79.0% miss=21.0% time_limit=0.0% v2v=0.9%
  [PPO ] p_loss=-0.0007 v_loss=1.2983 entropy=0.4558 grad=2.1169 active=36.4%
  [SIM ] avg_power(a)=0.5986 rsu_q=3.143 tx=204 no_tx=0 deadlock=0 svc=27.391GHz idle=10.7%
   502     2.0s    0.0273    80.0%    80.0%    97.5%        0%/99%/1%    1.835    0.092    20.0%     0.0%   0.4004  -0.0014     2.5%
  [MA20] reward=0.0216 task_sr=79.7% miss=20.2% time_limit=0.0% v2v=1.0%
  [PPO ] p_loss=-0.0056 v_loss=1.8231 entropy=0.4004 grad=17.6690 active=44.6%
  [SIM ] avg_power(a)=0.5882 rsu_q=3.423 tx=232 no_tx=0 deadlock=0 svc=30.196GHz idle=7.7%
   503     2.2s    0.0290   100.0%   100.0%   100.0%        1%/99%/0%    1.895    0.056     0.0%     0.0%   0.3700   0.0028     0.6%
  [MA20] reward=0.0217 task_sr=80.0% miss=20.0% time_limit=0.0% v2v=1.0%
  [PPO ] p_loss=0.0182 v_loss=1.0799 entropy=0.3700 grad=5.7208 active=40.3%
  [SIM ] avg_power(a)=0.6020 rsu_q=3.903 tx=248 no_tx=2 deadlock=0 svc=35.043GHz idle=25.8%
   504     2.2s    0.0167    70.0%    70.0%    90.2%       0%/100%/0%    2.093    0.142    30.0%     0.0%   0.4426  -0.0028     0.6%
  [MA20] reward=0.0219 task_sr=80.2% miss=19.7% time_limit=0.0% v2v=1.0%
  [PPO ] p_loss=0.0040 v_loss=1.1360 entropy=0.4426 grad=0.8560 active=39.8%
  [SIM ] avg_power(a)=0.6044 rsu_q=3.750 tx=223 no_tx=0 deadlock=0 svc=29.354GHz idle=14.3%
   505     2.3s    0.0269    95.0%    95.0%    98.8%       0%/100%/0%    1.926    0.084     5.0%     0.0%   0.3652  -0.0022     1.5%
  [MA20] reward=0.0226 task_sr=82.0% miss=18.0% time_limit=0.0% v2v=1.0%
  [PPO ] p_loss=0.0048 v_loss=1.1975 entropy=0.3652 grad=1.7217 active=37.8%
  [SIM ] avg_power(a)=0.6101 rsu_q=3.875 tx=241 no_tx=1 deadlock=0 svc=35.397GHz idle=31.2%
   506     2.4s    0.0223    75.0%    75.0%    92.9%        0%/99%/1%    1.718    0.086    25.0%     0.0%   0.3931   0.0004     0.7%
  [MA20] reward=0.0230 task_sr=82.5% miss=17.5% time_limit=0.0% v2v=1.0%
  [PPO ] p_loss=-0.0140 v_loss=1.1134 entropy=0.3931 grad=2.3397 active=32.6%
  [SIM ] avg_power(a)=0.6314 rsu_q=2.794 tx=222 no_tx=0 deadlock=0 svc=27.706GHz idle=26.5%
   507     2.3s    0.0203    85.0%    85.0%    98.0%        0%/99%/1%    2.039    0.087    15.0%     0.0%   0.4444   0.0083     1.7%
  [MA20] reward=0.0226 task_sr=82.2% miss=17.7% time_limit=0.0% v2v=1.0%
  [PPO ] p_loss=-0.0200 v_loss=1.1064 entropy=0.4444 grad=1.8548 active=40.2%
  [SIM ] avg_power(a)=0.6258 rsu_q=3.065 tx=249 no_tx=0 deadlock=0 svc=30.979GHz idle=12.9%
   508     2.7s    0.0142    65.0%    65.0%    83.9%        0%/99%/1%    2.050    0.108    35.0%     0.0%   0.4391   0.0180     2.8%
  [MA20] reward=0.0220 task_sr=81.2% miss=18.8% time_limit=0.0% v2v=1.1%
  [PPO ] p_loss=-0.0147 v_loss=1.0008 entropy=0.4391 grad=1.8440 active=32.4%
  [SIM ] avg_power(a)=0.6408 rsu_q=2.176 tx=219 no_tx=1 deadlock=0 svc=24.949GHz idle=11.8%
   509     2.0s    0.0277    90.0%    90.0%    95.5%       0%/100%/0%    1.889    0.106    10.0%     0.0%   0.3446   0.0003     1.2%
  [MA20] reward=0.0216 task_sr=80.7% miss=19.2% time_limit=0.0% v2v=1.0%
  [PPO ] p_loss=-0.0091 v_loss=1.1774 entropy=0.3446 grad=1.2496 active=43.3%
  [SIM ] avg_power(a)=0.6567 rsu_q=3.852 tx=234 no_tx=0 deadlock=0 svc=32.504GHz idle=11.1%
   510     2.4s    0.0190    80.0%    80.0%    93.3%       0%/100%/0%    2.000    0.128    20.0%     0.0%   0.3418   0.0061     0.2%
  [MA20] reward=0.0213 task_sr=80.0% miss=20.0% time_limit=0.0% v2v=1.0%
  [PPO ] p_loss=-0.0150 v_loss=1.0434 entropy=0.3418 grad=1.6870 active=38.4%
  [SIM ] avg_power(a)=0.6571 rsu_q=4.258 tx=237 no_tx=1 deadlock=0 svc=30.166GHz idle=16.1%
   511     1.9s    0.0291    90.0%    90.0%    94.9%       0%/100%/0%    1.744    0.090    10.0%     0.0%   0.3406   0.0094     1.1%
  [MA20] reward=0.0216 task_sr=79.8% miss=20.2% time_limit=0.0% v2v=1.0%
  [PPO ] p_loss=0.0060 v_loss=1.0921 entropy=0.3406 grad=2.6595 active=42.7%
  [SIM ] avg_power(a)=0.6681 rsu_q=3.115 tx=222 no_tx=0 deadlock=0 svc=34.174GHz idle=19.2%
   512     2.2s    0.0171    70.0%    70.0%    90.0%        0%/98%/2%    1.957    0.152    30.0%     0.0%   0.3428   0.0061     0.9%
  [MA20] reward=0.0213 task_sr=79.0% miss=21.0% time_limit=0.0% v2v=1.0%
  [PPO ] p_loss=-0.0105 v_loss=1.1196 entropy=0.3428 grad=3.5527 active=39.5%
  [SIM ] avg_power(a)=0.6739 rsu_q=3.897 tx=229 no_tx=0 deadlock=0 svc=28.086GHz idle=6.9%
   513     1.8s    0.0358   100.0%   100.0%   100.0%       0%/100%/0%    1.790    0.109     0.0%     0.0%   0.2598   0.0079     0.3%
  [MA20] reward=0.0218 task_sr=79.5% miss=20.5% time_limit=0.0% v2v=1.0%
  [PPO ] p_loss=-0.0053 v_loss=1.5606 entropy=0.2598 grad=8.1201 active=50.8%
  [SIM ] avg_power(a)=0.6849 rsu_q=5.875 tx=244 no_tx=0 deadlock=0 svc=42.124GHz idle=20.8%
   514     2.1s    0.0232    85.0%    85.0%    96.5%        0%/99%/1%    1.871    0.123    15.0%     0.0%   0.3526  -0.0005     0.9%
  [MA20] reward=0.0218 task_sr=79.2% miss=20.8% time_limit=0.0% v2v=1.0%
  [PPO ] p_loss=0.0073 v_loss=1.1657 entropy=0.3526 grad=2.5435 active=41.3%
  [SIM ] avg_power(a)=0.6916 rsu_q=3.815 tx=223 no_tx=0 deadlock=0 svc=31.333GHz idle=11.1%
   515     2.1s    0.0287    95.0%    95.0%    98.7%       0%/100%/0%    1.689    0.091     5.0%     0.0%   0.2397  -0.0009     0.4%
  [MA20] reward=0.0224 task_sr=80.5% miss=19.5% time_limit=0.0% v2v=0.9%
  [PPO ] p_loss=0.0187 v_loss=1.2515 entropy=0.2397 grad=4.5468 active=37.0%
  [SIM ] avg_power(a)=0.6712 rsu_q=3.267 tx=221 no_tx=1 deadlock=0 svc=32.695GHz idle=30.0%
   516     2.1s    0.0238    75.0%    75.0%    90.0%       0%/100%/0%    1.780    0.154    25.0%     0.0%   0.3155   0.0082     0.2%
  [MA20] reward=0.0229 task_sr=81.2% miss=18.7% time_limit=0.0% v2v=0.9%
  [PPO ] p_loss=-0.0121 v_loss=1.0394 entropy=0.3155 grad=0.6662 active=37.0%
  [SIM ] avg_power(a)=0.6815 rsu_q=2.000 tx=206 no_tx=1 deadlock=0 svc=27.932GHz idle=10.7%
   517     2.3s    0.0198    60.0%    60.0%    86.9%       0%/100%/0%    1.638    0.122    40.0%     0.0%   0.3620   0.0117     2.4%
  [MA20] reward=0.0229 task_sr=80.5% miss=19.5% time_limit=0.0% v2v=0.8%
  [PPO ] p_loss=-0.0099 v_loss=0.8964 entropy=0.3620 grad=1.1388 active=30.8%
  [SIM ] avg_power(a)=0.6634 rsu_q=1.812 tx=197 no_tx=0 deadlock=0 svc=22.159GHz idle=12.5%
   518     2.0s    0.0220    75.0%    75.0%    95.5%        0%/99%/0%    1.971    0.106    25.0%     0.0%   0.2922 5.31e-05     1.5%
  [MA20] reward=0.0234 task_sr=82.0% miss=18.0% time_limit=0.0% v2v=0.7%
  [PPO ] p_loss=-0.0045 v_loss=0.9402 entropy=0.2922 grad=0.7910 active=40.8%
  [SIM ] avg_power(a)=0.6336 rsu_q=4.423 tx=211 no_tx=1 deadlock=0 svc=28.939GHz idle=11.5%
   519     2.0s    0.0229    80.0%    80.0%    93.0%        0%/99%/0%    1.935    0.114    20.0%     0.0%   0.4395   0.0027     3.1%
  [MA20] reward=0.0232 task_sr=81.2% miss=18.8% time_limit=0.0% v2v=0.7%
  [PPO ] p_loss=0.0058 v_loss=1.0871 entropy=0.4395 grad=3.8679 active=43.5%
  [SIM ] avg_power(a)=0.6412 rsu_q=3.731 tx=225 no_tx=1 deadlock=0 svc=31.494GHz idle=11.5%
   520     2.3s    0.0259    95.0%    95.0%    99.6%        0%/99%/1%    1.911    0.075     5.0%     0.0%   0.3821   0.0046     0.4%
  [MA20] reward=0.0237 task_sr=82.5% miss=17.5% time_limit=0.0% v2v=0.6%
  [PPO ] p_loss=0.0004 v_loss=1.1706 entropy=0.3821 grad=5.2919 active=41.1%
  [SIM ] avg_power(a)=0.6460 rsu_q=3.226 tx=255 no_tx=0 deadlock=0 svc=34.637GHz idle=22.6%

    Ep    Wall    R/step     T_SR     V_SR     S_SR            L/R/V   Lat(s)       En     Miss      Ill      Ent       KL     Clip
--------------------------------------------------------------------------------------------------------------------------------
   521     2.4s    0.0256    90.0%    90.0%    97.6%       0%/100%/0%    1.900    0.104    10.0%     0.0%   0.4085   0.0033     1.9%
  [MA20] reward=0.0239 task_sr=82.7% miss=17.2% time_limit=0.0% v2v=0.5%
  [PPO ] p_loss=0.0057 v_loss=1.1880 entropy=0.4085 grad=2.5299 active=38.0%
  [SIM ] avg_power(a)=0.6418 rsu_q=3.375 tx=243 no_tx=0 deadlock=0 svc=33.063GHz idle=18.7%
   522     2.1s    0.0247    80.0%    80.0%    93.1%        0%/99%/0%    1.847    0.081    20.0%     0.0%   0.3357   0.0041     1.7%
  [MA20] reward=0.0237 task_sr=82.8% miss=17.2% time_limit=0.0% v2v=0.5%
  [PPO ] p_loss=0.0089 v_loss=1.1308 entropy=0.3357 grad=1.7337 active=39.3%
  [SIM ] avg_power(a)=0.6367 rsu_q=3.138 tx=227 no_tx=1 deadlock=0 svc=30.650GHz idle=13.8%
   523     1.9s    0.0343    90.0%    90.0%    97.4%       0%/100%/0%    1.733    0.076    10.0%     0.0%   0.4111   0.0053     1.6%
  [MA20] reward=0.0240 task_sr=82.2% miss=17.8% time_limit=0.0% v2v=0.5%
  [PPO ] p_loss=0.0083 v_loss=1.0752 entropy=0.4111 grad=0.7483 active=45.8%
  [SIM ] avg_power(a)=0.6405 rsu_q=4.120 tx=229 no_tx=0 deadlock=0 svc=35.975GHz idle=16.0%
   524     2.4s    0.0218    85.0%    85.0%    98.0%       0%/100%/0%    1.794    0.074    15.0%     0.0%   0.4014   0.0020     0.0%
  [MA20] reward=0.0243 task_sr=83.0% miss=17.0% time_limit=0.0% v2v=0.4%
  [PPO ] p_loss=-0.0254 v_loss=1.1172 entropy=0.4014 grad=1.6111 active=37.8%
  [SIM ] avg_power(a)=0.6276 rsu_q=3.500 tx=242 no_tx=0 deadlock=0 svc=33.432GHz idle=34.4%
   525     1.9s    0.0326    85.0%    85.0%    94.1%       0%/100%/0%    1.561    0.086    15.0%     0.0%   0.3194  -0.0022     0.2%
  [MA20] reward=0.0245 task_sr=82.5% miss=17.5% time_limit=0.0% v2v=0.4%
  [PPO ] p_loss=-0.0061 v_loss=1.2412 entropy=0.3194 grad=3.8327 active=35.6%
  [SIM ] avg_power(a)=0.6268 rsu_q=3.111 tx=192 no_tx=0 deadlock=0 svc=28.837GHz idle=22.2%
   526     2.0s    0.0302    90.0%    90.0%    98.8%       0%/100%/0%    1.922    0.091    10.0%     0.0%   0.3246   0.0023     0.0%
  [MA20] reward=0.0249 task_sr=83.2% miss=16.8% time_limit=0.0% v2v=0.4%
  [PPO ] p_loss=-0.0002 v_loss=1.6088 entropy=0.3246 grad=5.7434 active=48.5%
  [SIM ] avg_power(a)=0.6291 rsu_q=4.346 tx=252 no_tx=0 deadlock=0 svc=36.254GHz idle=11.5%
   527     1.9s    0.0257    70.0%    70.0%    94.8%       0%/100%/0%    1.859    0.112    30.0%     0.0%   0.3772   0.0038     1.1%
  [MA20] reward=0.0252 task_sr=82.5% miss=17.5% time_limit=0.0% v2v=0.3%
  [PPO ] p_loss=0.0009 v_loss=0.9604 entropy=0.3772 grad=3.1066 active=42.1%
  [SIM ] avg_power(a)=0.6184 rsu_q=3.692 tx=219 no_tx=0 deadlock=0 svc=31.415GHz idle=7.7%
   528     2.3s    0.0195    85.0%    85.0%    93.3%       0%/100%/0%    2.088    0.098    15.0%     0.0%   0.4547   0.0142     3.3%
  [MA20] reward=0.0255 task_sr=83.5% miss=16.5% time_limit=0.0% v2v=0.3%
  [PPO ] p_loss=0.0095 v_loss=1.0026 entropy=0.4547 grad=2.6445 active=39.8%
  [SIM ] avg_power(a)=0.6442 rsu_q=4.333 tx=239 no_tx=0 deadlock=0 svc=29.748GHz idle=10.0%
   529     2.4s    0.0181    75.0%    75.0%    96.7%        0%/99%/1%    1.988    0.077    25.0%     0.0%   0.4889   0.0138     4.8%
  [MA20] reward=0.0250 task_sr=82.7% miss=17.2% time_limit=0.0% v2v=0.3%
  [PPO ] p_loss=-0.0039 v_loss=0.8817 entropy=0.4889 grad=2.3651 active=38.2%
  [SIM ] avg_power(a)=0.5960 rsu_q=4.032 tx=237 no_tx=0 deadlock=0 svc=26.104GHz idle=3.2%
   530     2.1s    0.0230    75.0%    75.0%    92.7%       0%/100%/0%    1.944    0.148    25.0%     0.0%   0.5017   0.0049     2.2%
  [MA20] reward=0.0252 task_sr=82.5% miss=17.5% time_limit=0.0% v2v=0.3%
  [PPO ] p_loss=-0.0009 v_loss=1.1311 entropy=0.5017 grad=5.1109 active=40.2%
  [SIM ] avg_power(a)=0.5885 rsu_q=3.185 tx=216 no_tx=1 deadlock=0 svc=28.412GHz idle=7.4%
   531     1.9s    0.0316    95.0%    95.0%    99.6%       0%/100%/0%    1.726    0.107     5.0%     0.0%   0.4257   0.0020     0.0%
  [MA20] reward=0.0253 task_sr=82.8% miss=17.2% time_limit=0.0% v2v=0.3%
  [PPO ] p_loss=0.0044 v_loss=1.2171 entropy=0.4257 grad=3.0953 active=45.2%
  [SIM ] avg_power(a)=0.5685 rsu_q=4.040 tx=226 no_tx=0 deadlock=0 svc=36.017GHz idle=24.0%
   532     2.3s    0.0230    85.0%    85.0%    95.2%       0%/100%/0%    1.906    0.114    15.0%     0.0%   0.4381   0.0036     2.0%
  [MA20] reward=0.0256 task_sr=83.5% miss=16.5% time_limit=0.0% v2v=0.3%
  [PPO ] p_loss=0.0289 v_loss=1.3800 entropy=0.4381 grad=8.0278 active=41.4%
  [SIM ] avg_power(a)=0.5802 rsu_q=2.931 tx=240 no_tx=0 deadlock=0 svc=30.417GHz idle=13.8%
   533     2.4s    0.0251    90.0%    90.0%    99.2%       0%/100%/0%    1.921    0.072    10.0%     0.0%   0.4844   0.0154     4.2%
  [MA20] reward=0.0251 task_sr=83.0% miss=17.0% time_limit=0.0% v2v=0.2%
  [PPO ] p_loss=-0.0044 v_loss=1.0260 entropy=0.4844 grad=4.8741 active=41.8%
  [SIM ] avg_power(a)=0.5892 rsu_q=3.613 tx=258 no_tx=1 deadlock=0 svc=32.077GHz idle=12.9%
   534     2.2s    0.0249    80.0%    80.0%    94.4%        0%/99%/1%    1.819    0.085    20.0%     0.0%   0.4027   0.0068     0.7%
  [MA20] reward=0.0252 task_sr=82.8% miss=17.2% time_limit=0.0% v2v=0.2%
  [PPO ] p_loss=-0.0015 v_loss=0.9274 entropy=0.4027 grad=2.6746 active=38.3%
  [SIM ] avg_power(a)=0.5793 rsu_q=2.966 tx=222 no_tx=0 deadlock=0 svc=32.084GHz idle=27.6%
   535     2.1s    0.0245    75.0%    75.0%    88.7%       0%/100%/0%    1.747    0.098    25.0%     0.0%   0.4204   0.0007     0.5%
  [MA20] reward=0.0250 task_sr=81.8% miss=18.3% time_limit=0.0% v2v=0.2%
  [PPO ] p_loss=-0.0040 v_loss=1.1868 entropy=0.4204 grad=1.0539 active=38.0%
  [SIM ] avg_power(a)=0.5807 rsu_q=3.296 tx=205 no_tx=0 deadlock=0 svc=30.534GHz idle=14.8%
   536     2.0s    0.0235    75.0%    75.0%    95.0%       0%/100%/0%    1.871    0.112    25.0%     0.0%   0.4008   0.0128     1.9%
  [MA20] reward=0.0249 task_sr=81.8% miss=18.3% time_limit=0.0% v2v=0.2%
  [PPO ] p_loss=-0.0217 v_loss=1.2580 entropy=0.4008 grad=0.9242 active=37.5%
  [SIM ] avg_power(a)=0.5703 rsu_q=3.143 tx=210 no_tx=0 deadlock=0 svc=30.658GHz idle=17.9%
   537     2.1s    0.0238    90.0%    90.0%    98.1%       0%/100%/0%    1.944    0.084    10.0%     0.0%   0.4956   0.0139     5.2%
  [MA20] reward=0.0251 task_sr=83.2% miss=16.8% time_limit=0.0% v2v=0.2%
  [PPO ] p_loss=-0.0040 v_loss=0.8633 entropy=0.4956 grad=0.7683 active=45.5%
  [SIM ] avg_power(a)=0.5316 rsu_q=4.036 tx=255 no_tx=0 deadlock=0 svc=32.188GHz idle=3.6%
   538     2.4s    0.0151    65.0%    65.0%    89.0%       0%/100%/0%    2.008    0.116    35.0%     0.0%   0.5197   0.0127     5.4%
  [MA20] reward=0.0248 task_sr=82.8% miss=17.2% time_limit=0.0% v2v=0.2%
  [PPO ] p_loss=-0.0262 v_loss=0.9413 entropy=0.5197 grad=0.3121 active=35.5%
  [SIM ] avg_power(a)=0.5125 rsu_q=3.000 tx=213 no_tx=0 deadlock=0 svc=24.912GHz idle=3.3%
   539     2.8s    0.0087    30.0%    30.0%    58.0%       0%/100%/0%    1.583    0.164    70.0%     0.0%   0.6168  -0.0078     6.7%
  [MA20] reward=0.0241 task_sr=80.2% miss=19.8% time_limit=0.0% v2v=0.2%
  [PPO ] p_loss=0.0332 v_loss=7.8846 entropy=0.6168 grad=17.0674 active=22.5%
  [SIM ] avg_power(a)=0.4863 rsu_q=1.059 tx=153 no_tx=0 deadlock=0 svc=15.412GHz idle=2.9%
   540     1.8s    0.0385    90.0%    90.0%    99.5%        0%/99%/0%    1.626    0.061    10.0%     0.0%   0.4372  -0.0054     3.8%
  [MA20] reward=0.0247 task_sr=80.0% miss=20.0% time_limit=0.0% v2v=0.2%
  [PPO ] p_loss=0.0326 v_loss=1.1042 entropy=0.4372 grad=1.0200 active=45.4%
  [SIM ] avg_power(a)=0.4655 rsu_q=3.917 tx=217 no_tx=1 deadlock=0 svc=35.815GHz idle=20.8%

    Ep    Wall    R/step     T_SR     V_SR     S_SR            L/R/V   Lat(s)       En     Miss      Ill      Ent       KL     Clip
--------------------------------------------------------------------------------------------------------------------------------
   541     2.1s    0.0278   100.0%   100.0%   100.0%        1%/99%/0%    1.955    0.061     0.0%     0.0%   0.4057   0.0047     0.5%
  [MA20] reward=0.0248 task_sr=80.5% miss=19.5% time_limit=0.0% v2v=0.2%
  [PPO ] p_loss=0.0092 v_loss=1.3080 entropy=0.4057 grad=2.9379 active=43.6%
  [SIM ] avg_power(a)=0.4701 rsu_q=5.357 tx=242 no_tx=2 deadlock=0 svc=35.377GHz idle=17.9%
   542     2.7s    0.0142    60.0%    60.0%    84.0%       0%/100%/0%    1.975    0.093    40.0%     0.0%   0.4938   0.0030     1.4%
  [MA20] reward=0.0243 task_sr=79.5% miss=20.5% time_limit=0.0% v2v=0.2%
  [PPO ] p_loss=0.0127 v_loss=1.1582 entropy=0.4938 grad=0.7412 active=31.7%
  [SIM ] avg_power(a)=0.4612 rsu_q=3.606 tx=209 no_tx=0 deadlock=0 svc=23.020GHz idle=9.1%
   543     2.1s    0.0288    95.0%    95.0%    99.2%       0%/100%/0%    1.779    0.045     5.0%     0.0%   0.4527   0.0076     1.9%
  [MA20] reward=0.0240 task_sr=79.8% miss=20.2% time_limit=0.0% v2v=0.2%
  [PPO ] p_loss=-0.0113 v_loss=1.2178 entropy=0.4527 grad=1.1513 active=41.4%
  [SIM ] avg_power(a)=0.4578 rsu_q=4.414 tx=240 no_tx=0 deadlock=0 svc=36.307GHz idle=27.6%
   544     1.9s    0.0348    85.0%    85.0%    98.7%       0%/100%/0%    1.683    0.064    15.0%     0.0%   0.3989  -0.0013     0.5%
  [MA20] reward=0.0247 task_sr=79.8% miss=20.2% time_limit=0.0% v2v=0.2%
  [PPO ] p_loss=0.0618 v_loss=1.1016 entropy=0.3989 grad=1.1313 active=44.4%
  [SIM ] avg_power(a)=0.4639 rsu_q=3.440 tx=222 no_tx=0 deadlock=0 svc=33.176GHz idle=16.0%
   545     2.2s    0.0248    85.0%    85.0%    98.8%       0%/100%/0%    1.983    0.066    15.0%     0.0%   0.4621   0.0051     0.4%
  [MA20] reward=0.0243 task_sr=79.7% miss=20.2% time_limit=0.0% v2v=0.2%
  [PPO ] p_loss=-0.0037 v_loss=0.9894 entropy=0.4621 grad=0.3672 active=45.0%
  [SIM ] avg_power(a)=0.4741 rsu_q=4.679 tx=252 no_tx=0 deadlock=0 svc=37.699GHz idle=25.0%
   546     2.2s    0.0268    90.0%    90.0%    97.8%        1%/99%/0%    1.833    0.054    10.0%     0.0%   0.4703   0.0069     2.4%
  [MA20] reward=0.0241 task_sr=79.7% miss=20.2% time_limit=0.0% v2v=0.2%
  [PPO ] p_loss=-0.0027 v_loss=1.0343 entropy=0.4703 grad=0.5164 active=37.5%
  [SIM ] avg_power(a)=0.4944 rsu_q=3.100 tx=223 no_tx=2 deadlock=0 svc=30.181GHz idle=23.3%
   547     2.2s    0.0214    85.0%    85.0%    98.8%       0%/100%/0%    1.878    0.070    15.0%     0.0%   0.5379   0.0028     1.3%
  [MA20] reward=0.0239 task_sr=80.5% miss=19.5% time_limit=0.0% v2v=0.2%
  [PPO ] p_loss=0.0164 v_loss=0.9233 entropy=0.5379 grad=0.4501 active=41.6%
  [SIM ] avg_power(a)=0.5015 rsu_q=2.724 tx=241 no_tx=0 deadlock=0 svc=29.201GHz idle=17.2%
   548     2.3s    0.0213    90.0%    90.0%    96.6%       0%/100%/0%    1.947    0.075    10.0%     0.0%   0.4703  -0.0033     0.6%
  [MA20] reward=0.0240 task_sr=80.7% miss=19.2% time_limit=0.0% v2v=0.2%
  [PPO ] p_loss=-0.0043 v_loss=1.0494 entropy=0.4703 grad=1.3381 active=37.4%
  [SIM ] avg_power(a)=0.4867 rsu_q=2.871 tx=232 no_tx=0 deadlock=0 svc=31.389GHz idle=29.0%
   549     2.2s    0.0227    85.0%    85.0%    94.0%       0%/100%/0%    1.912    0.090    15.0%     0.0%   0.4914   0.0051     0.0%
  [MA20] reward=0.0242 task_sr=81.2% miss=18.8% time_limit=0.0% v2v=0.2%
  [PPO ] p_loss=-0.0039 v_loss=1.2837 entropy=0.4914 grad=2.0963 active=38.3%
  [SIM ] avg_power(a)=0.4752 rsu_q=4.069 tx=222 no_tx=0 deadlock=0 svc=32.748GHz idle=24.1%
   550     2.1s    0.0225    80.0%    80.0%    96.8%        0%/99%/0%    1.906    0.062    20.0%     0.0%   0.5340   0.0101     1.4%
  [MA20] reward=0.0242 task_sr=81.5% miss=18.5% time_limit=0.0% v2v=0.2%
  [PPO ] p_loss=-0.0034 v_loss=1.0141 entropy=0.5340 grad=1.2312 active=41.2%
  [SIM ] avg_power(a)=0.4716 rsu_q=3.379 tx=238 no_tx=1 deadlock=0 svc=31.705GHz idle=17.2%
   551     2.1s    0.0289    95.0%    95.0%    99.2%       0%/100%/0%    1.800    0.047     5.0%     0.0%   0.4703  -0.0005     0.0%
  [MA20] reward=0.0241 task_sr=81.5% miss=18.5% time_limit=0.0% v2v=0.2%
  [PPO ] p_loss=-0.0056 v_loss=1.0161 entropy=0.4703 grad=1.2156 active=38.1%
  [SIM ] avg_power(a)=0.4461 rsu_q=4.226 tx=236 no_tx=0 deadlock=0 svc=33.486GHz idle=25.8%
   552     2.3s    0.0173    70.0%    70.0%    90.8%       0%/100%/0%    2.013    0.085    30.0%     0.0%   0.5234   0.0058     2.4%
  [MA20] reward=0.0238 task_sr=80.7% miss=19.2% time_limit=0.0% v2v=0.2%
  [PPO ] p_loss=0.0071 v_loss=0.9986 entropy=0.5234 grad=0.4007 active=37.8%
  [SIM ] avg_power(a)=0.4364 rsu_q=5.207 tx=219 no_tx=0 deadlock=0 svc=28.778GHz idle=10.3%
   553     2.2s    0.0194    85.0%    85.0%    90.7%        0%/99%/1%    1.982    0.087    15.0%     0.0%   0.5690   0.0036     0.7%
  [MA20] reward=0.0235 task_sr=80.5% miss=19.5% time_limit=0.0% v2v=0.3%
  [PPO ] p_loss=0.0175 v_loss=1.4464 entropy=0.5690 grad=1.6127 active=34.5%
  [SIM ] avg_power(a)=0.4600 rsu_q=2.667 tx=206 no_tx=1 deadlock=0 svc=28.325GHz idle=20.0%
   554     2.2s    0.0243    95.0%    95.0%    98.7%        1%/97%/2%    1.974    0.076     5.0%     0.0%   0.5737   0.0063     1.9%
  [MA20] reward=0.0235 task_sr=81.2% miss=18.7% time_limit=0.0% v2v=0.3%
  [PPO ] p_loss=0.0079 v_loss=1.3207 entropy=0.5737 grad=0.5827 active=40.2%
  [SIM ] avg_power(a)=0.4510 rsu_q=2.897 tx=231 no_tx=2 deadlock=0 svc=27.327GHz idle=3.4%
   555     2.3s    0.0192    70.0%    70.0%    92.8%        1%/98%/1%    1.893    0.096    30.0%     0.0%   0.6894   0.0062     1.0%
  [MA20] reward=0.0232 task_sr=81.0% miss=19.0% time_limit=0.0% v2v=0.4%
  [PPO ] p_loss=-0.0130 v_loss=1.1180 entropy=0.6894 grad=1.1073 active=37.3%
  [SIM ] avg_power(a)=0.4706 rsu_q=3.200 tx=222 no_tx=2 deadlock=0 svc=28.345GHz idle=16.7%
   556     2.3s    0.0196    70.0%    70.0%    96.1%        0%/96%/3%    1.833    0.084    30.0%     0.0%   0.7121   0.0080     3.0%
  [MA20] reward=0.0230 task_sr=80.7% miss=19.2% time_limit=0.0% v2v=0.5%
  [PPO ] p_loss=-0.0216 v_loss=1.0489 entropy=0.7121 grad=0.6974 active=35.8%
  [SIM ] avg_power(a)=0.4567 rsu_q=2.258 tx=221 no_tx=1 deadlock=0 svc=26.567GHz idle=9.7%
   557     2.3s    0.0153    55.0%    55.0%    81.4%        1%/99%/0%    1.773    0.119    45.0%     0.0%   0.6928  -0.0029     1.6%
  [MA20] reward=0.0226 task_sr=79.0% miss=21.0% time_limit=0.0% v2v=0.5%
  [PPO ] p_loss=0.0101 v_loss=1.1208 entropy=0.6928 grad=0.9995 active=33.3%
  [SIM ] avg_power(a)=0.4786 rsu_q=2.241 tx=191 no_tx=2 deadlock=0 svc=23.536GHz idle=6.9%
   558     2.3s    0.0210    80.0%    80.0%    97.2%        1%/98%/1%    2.088    0.079    20.0%     0.0%   0.6069   0.0036     1.1%
  [MA20] reward=0.0229 task_sr=79.8% miss=20.2% time_limit=0.0% v2v=0.6%
  [PPO ] p_loss=0.0036 v_loss=1.2009 entropy=0.6069 grad=2.3249 active=41.0%
  [SIM ] avg_power(a)=0.4729 rsu_q=4.167 tx=244 no_tx=2 deadlock=0 svc=32.670GHz idle=16.7%
   559     1.9s    0.0306    85.0%    85.0%    94.2%        0%/98%/2%    1.794    0.058    15.0%     0.0%   0.6128   0.0036     1.7%
  [MA20] reward=0.0240 task_sr=82.5% miss=17.5% time_limit=0.0% v2v=0.7%
  [PPO ] p_loss=-0.0340 v_loss=1.1106 entropy=0.6128 grad=0.4505 active=46.0%
  [SIM ] avg_power(a)=0.4726 rsu_q=3.600 tx=229 no_tx=1 deadlock=0 svc=32.540GHz idle=12.0%
   560     1.9s    0.0240    90.0%    90.0%    96.2%        1%/96%/4%    1.828    0.054    10.0%     0.0%   0.5666   0.0028     2.4%
  [MA20] reward=0.0232 task_sr=82.5% miss=17.5% time_limit=0.0% v2v=0.8%
  [PPO ] p_loss=-0.0104 v_loss=1.2130 entropy=0.5666 grad=0.8135 active=43.7%
  [SIM ] avg_power(a)=0.4668 rsu_q=3.115 tx=223 no_tx=2 deadlock=0 svc=31.361GHz idle=15.4%

    Ep    Wall    R/step     T_SR     V_SR     S_SR            L/R/V   Lat(s)       En     Miss      Ill      Ent       KL     Clip
--------------------------------------------------------------------------------------------------------------------------------
   561     2.4s    0.0188    75.0%    75.0%    92.3%        1%/97%/1%    1.880    0.096    25.0%     0.0%   0.6500   0.0028     1.9%
  [MA20] reward=0.0228 task_sr=81.2% miss=18.8% time_limit=0.0% v2v=0.9%
  [PPO ] p_loss=-0.0113 v_loss=1.3284 entropy=0.6500 grad=1.7354 active=34.8%
  [SIM ] avg_power(a)=0.4889 rsu_q=2.758 tx=227 no_tx=3 deadlock=0 svc=23.102GHz idle=6.1%
   562     2.4s    0.0181    75.0%    75.0%    89.8%        1%/97%/2%    1.869    0.069    25.0%     0.0%   0.6513   0.0086     3.9%
  [MA20] reward=0.0230 task_sr=82.0% miss=18.0% time_limit=0.0% v2v=0.9%
  [PPO ] p_loss=0.0246 v_loss=1.0244 entropy=0.6513 grad=0.4268 active=34.7%
  [SIM ] avg_power(a)=0.4616 rsu_q=2.062 tx=220 no_tx=2 deadlock=0 svc=24.786GHz idle=12.5%
   563     2.4s    0.0224    85.0%    85.0%    96.0%        0%/99%/1%    1.724    0.061    15.0%     0.0%   0.6573   0.0052     1.1%
  [MA20] reward=0.0227 task_sr=81.5% miss=18.5% time_limit=0.0% v2v=1.0%
  [PPO ] p_loss=0.0214 v_loss=0.8343 entropy=0.6573 grad=1.0119 active=31.9%
  [SIM ] avg_power(a)=0.4691 rsu_q=1.824 tx=217 no_tx=0 deadlock=0 svc=26.673GHz idle=23.5%
   564     2.1s    0.0249    85.0%    85.0%    93.6%        2%/97%/1%    1.800    0.064    15.0%     0.0%   0.6591   0.0128     1.3%
  [MA20] reward=0.0222 task_sr=81.5% miss=18.5% time_limit=0.0% v2v=1.0%
  [PPO ] p_loss=-0.0115 v_loss=1.1903 entropy=0.6591 grad=2.2517 active=39.1%
  [SIM ] avg_power(a)=0.4767 rsu_q=2.857 tx=215 no_tx=4 deadlock=0 svc=29.274GHz idle=14.3%
   565     2.5s    0.0146    70.0%    70.0%    86.1%        1%/94%/5%    2.043    0.073    30.0%     0.0%   0.7255   0.0072     4.3%
  [MA20] reward=0.0217 task_sr=80.7% miss=19.2% time_limit=0.0% v2v=1.3%
  [PPO ] p_loss=-0.0219 v_loss=0.9477 entropy=0.7255 grad=1.3720 active=34.4%
  [SIM ] avg_power(a)=0.4782 rsu_q=2.806 tx=211 no_tx=2 deadlock=0 svc=24.275GHz idle=6.5%
   566     2.1s    0.0226    80.0%    80.0%    93.5%        0%/96%/3%    1.900    0.075    20.0%     0.0%   0.6576  -0.0083     2.9%
  [MA20] reward=0.0214 task_sr=80.2% miss=19.8% time_limit=0.0% v2v=1.4%
  [PPO ] p_loss=-0.0170 v_loss=0.8668 entropy=0.6576 grad=0.5418 active=37.6%
  [SIM ] avg_power(a)=0.4558 rsu_q=3.655 tx=216 no_tx=1 deadlock=0 svc=29.368GHz idle=13.8%
   567     2.1s    0.0214    80.0%    80.0%    91.6%        1%/97%/2%    1.850    0.063    20.0%     0.0%   0.7273   0.0048     2.2%
  [MA20] reward=0.0214 task_sr=80.0% miss=20.0% time_limit=0.0% v2v=1.5%
  [PPO ] p_loss=0.0115 v_loss=1.0797 entropy=0.7273 grad=1.0634 active=37.9%
  [SIM ] avg_power(a)=0.4625 rsu_q=2.483 tx=218 no_tx=2 deadlock=0 svc=25.646GHz idle=3.4%
   568     2.5s    0.0192    75.0%    75.0%    91.9%        0%/98%/2%    1.853    0.048    25.0%     0.0%   0.7173   0.0093     1.2%
  [MA20] reward=0.0213 task_sr=79.3% miss=20.8% time_limit=0.0% v2v=1.6%
  [PPO ] p_loss=0.0059 v_loss=1.0147 entropy=0.7173 grad=0.7214 active=34.7%
  [SIM ] avg_power(a)=0.4683 rsu_q=2.303 tx=229 no_tx=0 deadlock=0 svc=28.055GHz idle=21.2%
   569     2.4s    0.0180    75.0%    75.0%    93.6%        0%/96%/4%    1.813    0.048    25.0%     0.0%   0.6843   0.0017     3.9%
  [MA20] reward=0.0211 task_sr=78.8% miss=21.2% time_limit=0.0% v2v=1.8%
  [PPO ] p_loss=-0.0339 v_loss=1.6904 entropy=0.6843 grad=1.6008 active=30.7%
  [SIM ] avg_power(a)=0.4713 rsu_q=2.088 tx=208 no_tx=1 deadlock=0 svc=24.606GHz idle=23.5%
   570     2.1s    0.0232    75.0%    75.0%    95.7%        1%/96%/3%    1.933    0.071    25.0%     0.0%   0.7601   0.0054     2.4%
  [MA20] reward=0.0211 task_sr=78.5% miss=21.5% time_limit=0.0% v2v=1.9%
  [PPO ] p_loss=0.0053 v_loss=1.1857 entropy=0.7601 grad=2.9051 active=47.1%
  [SIM ] avg_power(a)=0.4828 rsu_q=3.923 tx=242 no_tx=2 deadlock=0 svc=32.099GHz idle=3.8%
   571     2.2s    0.0227    80.0%    80.0%    96.0%        1%/94%/5%    1.967    0.081    20.0%     0.0%   0.7051   0.0010     3.0%
  [MA20] reward=0.0208 task_sr=77.8% miss=22.2% time_limit=0.0% v2v=2.2%
  [PPO ] p_loss=0.0084 v_loss=0.8883 entropy=0.7051 grad=2.0060 active=37.2%
  [SIM ] avg_power(a)=0.4610 rsu_q=3.138 tx=214 no_tx=2 deadlock=0 svc=27.194GHz idle=6.9%
   572     2.4s    0.0205    85.0%    85.0%    95.3%        1%/96%/3%    1.865    0.061    15.0%     0.0%   0.6255   0.0059     3.7%
  [MA20] reward=0.0210 task_sr=78.5% miss=21.5% time_limit=0.0% v2v=2.3%
  [PPO ] p_loss=0.0231 v_loss=1.0193 entropy=0.6255 grad=0.9489 active=34.1%
  [SIM ] avg_power(a)=0.4805 rsu_q=3.061 tx=223 no_tx=2 deadlock=0 svc=25.366GHz idle=3.0%
   573     2.6s    0.0159    85.0%    85.0%    93.0%        0%/98%/2%    2.100    0.070    15.0%     0.0%   0.5706   0.0130     3.4%
  [MA20] reward=0.0208 task_sr=78.5% miss=21.5% time_limit=0.0% v2v=2.4%
  [PPO ] p_loss=0.0137 v_loss=1.1044 entropy=0.5706 grad=2.0130 active=31.4%
  [SIM ] avg_power(a)=0.4765 rsu_q=3.389 tx=226 no_tx=0 deadlock=0 svc=24.608GHz idle=13.9%
   574     2.7s    0.0187    70.0%    70.0%    88.2%        0%/99%/0%    1.729    0.054    30.0%     0.0%   0.6147   0.0046     1.2%
  [MA20] reward=0.0205 task_sr=77.2% miss=22.8% time_limit=0.0% v2v=2.3%
  [PPO ] p_loss=-0.0281 v_loss=0.7848 entropy=0.6147 grad=2.8294 active=32.2%
  [SIM ] avg_power(a)=0.4558 rsu_q=2.265 tx=218 no_tx=1 deadlock=0 svc=22.114GHz idle=2.9%
   575     1.9s    0.0318    90.0%    90.0%    97.8%        0%/99%/1%    1.672    0.055    10.0%     0.0%   0.5052   0.0044     0.3%
  [MA20] reward=0.0212 task_sr=78.2% miss=21.7% time_limit=0.0% v2v=2.3%
  [PPO ] p_loss=-8.63e-05 v_loss=0.9567 entropy=0.5052 grad=1.8760 active=45.0%
  [SIM ] avg_power(a)=0.4616 rsu_q=3.320 tx=225 no_tx=0 deadlock=0 svc=34.990GHz idle=24.0%
   576     2.1s    0.0234    85.0%    85.0%    99.2%        1%/98%/1%    2.056    0.057    15.0%     0.0%   0.5687  -0.0047     3.1%
  [MA20] reward=0.0214 task_sr=79.0% miss=21.0% time_limit=0.0% v2v=2.2%
  [PPO ] p_loss=0.0126 v_loss=1.1235 entropy=0.5687 grad=0.6881 active=45.4%
  [SIM ] avg_power(a)=0.4744 rsu_q=5.704 tx=241 no_tx=3 deadlock=0 svc=33.602GHz idle=11.1%
   577     2.2s    0.0216    95.0%    95.0%    99.6%       0%/100%/0%    2.047    0.075     5.0%     0.0%   0.6324   0.0037     0.9%
  [MA20] reward=0.0217 task_sr=81.0% miss=19.0% time_limit=0.0% v2v=2.2%
  [PPO ] p_loss=0.0048 v_loss=1.1218 entropy=0.6324 grad=1.5580 active=43.3%
  [SIM ] avg_power(a)=0.4761 rsu_q=4.655 tx=250 no_tx=1 deadlock=0 svc=31.478GHz idle=6.9%
   578     2.1s    0.0257    85.0%    85.0%    96.8%        1%/96%/2%    1.924    0.052    15.0%     0.0%   0.6014   0.0071     3.8%
  [MA20] reward=0.0219 task_sr=81.2% miss=18.7% time_limit=0.0% v2v=2.3%
  [PPO ] p_loss=-0.0094 v_loss=0.6063 entropy=0.6014 grad=0.9330 active=44.8%
  [SIM ] avg_power(a)=0.4649 rsu_q=3.852 tx=239 no_tx=3 deadlock=0 svc=32.436GHz idle=11.1%
   579     2.0s    0.0230    75.0%    75.0%    97.5%        0%/98%/1%    2.076    0.089    25.0%     0.0%   0.5158  -0.0024     1.5%
  [MA20] reward=0.0215 task_sr=80.7% miss=19.2% time_limit=0.0% v2v=2.2%
  [PPO ] p_loss=0.0017 v_loss=0.9432 entropy=0.5158 grad=0.4114 active=44.6%
  [SIM ] avg_power(a)=0.4385 rsu_q=5.577 tx=231 no_tx=1 deadlock=0 svc=33.904GHz idle=7.7%
   580     2.0s    0.0265    80.0%    80.0%    97.2%       0%/100%/0%    1.828    0.067    20.0%     0.0%   0.5675 6.18e-05     0.7%
  [MA20] reward=0.0217 task_sr=80.2% miss=19.7% time_limit=0.0% v2v=2.1%
  [PPO ] p_loss=-0.0018 v_loss=1.1708 entropy=0.5675 grad=1.7650 active=46.5%
  [SIM ] avg_power(a)=0.4657 rsu_q=3.577 tx=242 no_tx=0 deadlock=0 svc=35.524GHz idle=23.1%

    Ep    Wall    R/step     T_SR     V_SR     S_SR            L/R/V   Lat(s)       En     Miss      Ill      Ent       KL     Clip
--------------------------------------------------------------------------------------------------------------------------------
   581     2.2s    0.0187    75.0%    75.0%    90.4%       0%/100%/0%    1.944    0.069    25.0%     0.0%   0.4978   0.0047     0.7%
  [MA20] reward=0.0217 task_sr=80.2% miss=19.8% time_limit=0.0% v2v=2.0%
  [PPO ] p_loss=0.0020 v_loss=1.0654 entropy=0.4978 grad=1.0611 active=38.1%
  [SIM ] avg_power(a)=0.4368 rsu_q=4.379 tx=221 no_tx=0 deadlock=0 svc=30.272GHz idle=17.2%
   582     2.1s    0.0261    85.0%    85.0%    97.8%        1%/99%/0%    1.806    0.048    15.0%     0.0%   0.4927   0.0038     1.2%
  [MA20] reward=0.0221 task_sr=80.8% miss=19.2% time_limit=0.0% v2v=1.9%
  [PPO ] p_loss=-0.0139 v_loss=1.1047 entropy=0.4927 grad=0.7425 active=38.4%
  [SIM ] avg_power(a)=0.4413 rsu_q=2.897 tx=221 no_tx=2 deadlock=0 svc=29.707GHz idle=17.2%
   583     2.4s    0.0192    65.0%    65.0%    88.9%        1%/99%/0%    1.686    0.060    35.0%     0.0%   0.5192   0.0039     1.0%
  [MA20] reward=0.0219 task_sr=79.8% miss=20.2% time_limit=0.0% v2v=1.8%
  [PPO ] p_loss=-0.0027 v_loss=1.0843 entropy=0.5192 grad=0.3628 active=34.2%
  [SIM ] avg_power(a)=0.4297 rsu_q=2.281 tx=217 no_tx=2 deadlock=0 svc=23.787GHz idle=3.1%
   584     2.2s    0.0258    75.0%    75.0%    95.3%        1%/98%/1%    1.856    0.040    25.0%     0.0%   0.5262   0.0110     2.8%
  [MA20] reward=0.0219 task_sr=79.2% miss=20.8% time_limit=0.0% v2v=1.8%
  [PPO ] p_loss=0.0080 v_loss=1.2644 entropy=0.5262 grad=0.8088 active=40.3%
  [SIM ] avg_power(a)=0.4416 rsu_q=2.633 tx=240 no_tx=2 deadlock=0 svc=31.420GHz idle=16.7%
   585     2.4s    0.0147    65.0%    65.0%    92.7%        1%/98%/1%    2.186    0.100    35.0%     0.0%   0.4580   0.0091     2.9%
  [MA20] reward=0.0219 task_sr=79.0% miss=21.0% time_limit=0.0% v2v=1.6%
  [PPO ] p_loss=0.0108 v_loss=1.0413 entropy=0.4580 grad=0.5388 active=40.0%
  [SIM ] avg_power(a)=0.4576 rsu_q=4.862 tx=230 no_tx=2 deadlock=0 svc=28.497GHz idle=3.4%
   586     2.3s    0.0179    80.0%    80.0%    90.5%        1%/98%/1%    2.038    0.043    20.0%     0.0%   0.5627   0.0007     3.1%
  [MA20] reward=0.0217 task_sr=79.0% miss=21.0% time_limit=0.0% v2v=1.5%
  [PPO ] p_loss=0.0255 v_loss=1.1261 entropy=0.5627 grad=0.6017 active=34.8%
  [SIM ] avg_power(a)=0.4639 rsu_q=2.688 tx=221 no_tx=2 deadlock=0 svc=25.226GHz idle=12.5%
   587     2.4s    0.0187    85.0%    85.0%    98.8%        1%/98%/1%    2.094    0.102    15.0%     0.0%   0.5167   0.0013     2.0%
  [MA20] reward=0.0216 task_sr=79.3% miss=20.8% time_limit=0.0% v2v=1.4%
  [PPO ] p_loss=0.0234 v_loss=1.5063 entropy=0.5167 grad=1.2957 active=41.3%
  [SIM ] avg_power(a)=0.4606 rsu_q=4.452 tx=254 no_tx=2 deadlock=0 svc=30.881GHz idle=12.9%
   588     2.0s    0.0240    80.0%    80.0%    94.1%       0%/100%/0%    1.976    0.062    20.0%     0.0%   0.5781   0.0058     0.3%
  [MA20] reward=0.0218 task_sr=79.5% miss=20.5% time_limit=0.0% v2v=1.4%
  [PPO ] p_loss=-0.0004 v_loss=1.2142 entropy=0.5781 grad=0.9398 active=46.3%
  [SIM ] avg_power(a)=0.4749 rsu_q=4.346 tx=240 no_tx=1 deadlock=0 svc=33.742GHz idle=7.7%
   589     2.2s    0.0213    85.0%    85.0%    90.4%        0%/99%/1%    1.812    0.072    15.0%     0.0%   0.5713   0.0080     1.3%
  [MA20] reward=0.0220 task_sr=80.0% miss=20.0% time_limit=0.0% v2v=1.2%
  [PPO ] p_loss=0.0244 v_loss=0.9848 entropy=0.5713 grad=0.4726 active=33.4%
  [SIM ] avg_power(a)=0.4683 rsu_q=2.258 tx=206 no_tx=1 deadlock=0 svc=26.152GHz idle=19.4%
   590     2.6s    0.0152    75.0%    75.0%    95.6%        1%/98%/1%    2.124    0.066    25.0%     0.0%   0.5696   0.0029     1.4%
  [MA20] reward=0.0216 task_sr=80.0% miss=20.0% time_limit=0.0% v2v=1.1%
  [PPO ] p_loss=0.0089 v_loss=1.1480 entropy=0.5696 grad=0.3476 active=37.3%
  [SIM ] avg_power(a)=0.4838 rsu_q=2.829 tx=259 no_tx=2 deadlock=0 svc=26.381GHz idle=5.7%
   591     2.1s    0.0237    75.0%    75.0%    90.3%        0%/98%/1%    1.831    0.063    25.0%     0.0%   0.6064   0.0083     3.3%
  [MA20] reward=0.0216 task_sr=79.8% miss=20.3% time_limit=0.0% v2v=0.9%
  [PPO ] p_loss=0.0059 v_loss=1.2849 entropy=0.6064 grad=1.2831 active=41.2%
  [SIM ] avg_power(a)=0.4700 rsu_q=3.346 tx=213 no_tx=1 deadlock=0 svc=27.138GHz idle=7.7%
   592     2.4s    0.0195    80.0%    80.0%    97.9%       0%/100%/0%    2.024    0.060    20.0%     0.0%   0.5945  -0.0015     2.9%
  [MA20] reward=0.0216 task_sr=79.5% miss=20.5% time_limit=0.0% v2v=0.8%
  [PPO ] p_loss=-0.0260 v_loss=1.4381 entropy=0.5945 grad=0.8226 active=37.4%
  [SIM ] avg_power(a)=0.4651 rsu_q=3.290 tx=231 no_tx=1 deadlock=0 svc=29.065GHz idle=12.9%
   593     2.3s    0.0229    80.0%    80.0%    89.5%       0%/100%/0%    1.931    0.054    20.0%     0.0%   0.5560   0.0007     0.0%
  [MA20] reward=0.0219 task_sr=79.3% miss=20.8% time_limit=0.0% v2v=0.7%
  [PPO ] p_loss=0.0015 v_loss=0.9935 entropy=0.5560 grad=0.3279 active=38.7%
  [SIM ] avg_power(a)=0.4813 rsu_q=3.200 tx=232 no_tx=0 deadlock=0 svc=31.447GHz idle=16.7%
   594     1.7s    0.0435    95.0%    95.0%   100.0%        0%/99%/1%    1.630    0.041     5.0%     0.0%   0.5136   0.0008     0.8%
  [MA20] reward=0.0232 task_sr=80.5% miss=19.5% time_limit=0.0% v2v=0.7%
  [PPO ] p_loss=-0.0701 v_loss=1.5144 entropy=0.5136 grad=1.6392 active=50.7%
  [SIM ] avg_power(a)=0.4737 rsu_q=4.957 tx=232 no_tx=1 deadlock=0 svc=43.871GHz idle=21.7%
   595     2.2s    0.0240    85.0%    85.0%    94.8%        0%/99%/1%    1.835    0.080    15.0%     0.0%   0.5582   0.0038     0.7%
  [MA20] reward=0.0228 task_sr=80.2% miss=19.8% time_limit=0.0% v2v=0.7%
  [PPO ] p_loss=0.0042 v_loss=1.0173 entropy=0.5582 grad=0.3912 active=38.1%
  [SIM ] avg_power(a)=0.4655 rsu_q=3.276 tx=221 no_tx=0 deadlock=0 svc=28.583GHz idle=10.3%
   596     2.2s    0.0202    70.0%    70.0%    96.8%        1%/98%/1%    2.044    0.064    30.0%     0.0%   0.5251   0.0108     2.1%
  [MA20] reward=0.0226 task_sr=79.5% miss=20.5% time_limit=0.0% v2v=0.7%
  [PPO ] p_loss=0.0013 v_loss=1.0826 entropy=0.5251 grad=0.2821 active=42.6%
  [SIM ] avg_power(a)=0.4746 rsu_q=5.276 tx=244 no_tx=2 deadlock=0 svc=29.777GHz idle=3.4%
   597     2.3s    0.0264    90.0%    90.0%    99.2%       0%/100%/0%    1.816    0.049    10.0%     0.0%   0.6558   0.0030     0.7%
  [MA20] reward=0.0229 task_sr=79.2% miss=20.7% time_limit=0.0% v2v=0.7%
  [PPO ] p_loss=-0.0093 v_loss=1.1956 entropy=0.6558 grad=1.6965 active=41.8%
  [SIM ] avg_power(a)=0.4613 rsu_q=4.100 tx=251 no_tx=0 deadlock=0 svc=35.485GHz idle=23.3%
   598     1.8s    0.0337    95.0%    95.0%    99.5%        1%/96%/2%    1.637    0.036     5.0%     0.0%   0.5707   0.0196     4.0%
  [MA20] reward=0.0233 task_sr=79.8% miss=20.2% time_limit=0.0% v2v=0.7%
  [PPO ] p_loss=-0.0056 v_loss=1.2196 entropy=0.5707 grad=0.7137 active=42.4%
  [SIM ] avg_power(a)=0.4643 rsu_q=2.960 tx=209 no_tx=3 deadlock=0 svc=32.150GHz idle=16.0%
   599     2.1s    0.0307    95.0%    95.0%    98.2%        1%/97%/2%    1.853    0.065     5.0%     0.0%   0.6145   0.0043     2.4%
  [MA20] reward=0.0236 task_sr=80.7% miss=19.2% time_limit=0.0% v2v=0.7%
  [PPO ] p_loss=-0.0049 v_loss=1.1778 entropy=0.6145 grad=0.2845 active=39.8%
  [SIM ] avg_power(a)=0.4852 rsu_q=3.750 tx=221 no_tx=2 deadlock=0 svc=29.770GHz idle=10.7%
   600     2.1s    0.0228    80.0%    80.0%    91.9%        0%/97%/3%    1.853    0.076    20.0%     0.0%   0.5967   0.0021     2.1%
  [MA20] reward=0.0235 task_sr=80.7% miss=19.2% time_limit=0.0% v2v=0.9%
  [PPO ] p_loss=0.0021 v_loss=1.2030 entropy=0.5967 grad=1.3625 active=38.3%
  [SIM ] avg_power(a)=0.4687 rsu_q=2.926 tx=206 no_tx=1 deadlock=0 svc=25.979GHz idle=3.7%

    Ep    Wall    R/step     T_SR     V_SR     S_SR            L/R/V   Lat(s)       En     Miss      Ill      Ent       KL     Clip
--------------------------------------------------------------------------------------------------------------------------------
   601     2.2s    0.0222    75.0%    75.0%    89.7%        0%/99%/1%    1.773    0.065    25.0%     0.0%   0.6952   0.0073     0.9%
  [MA20] reward=0.0236 task_sr=80.7% miss=19.2% time_limit=0.0% v2v=0.9%
  [PPO ] p_loss=0.0051 v_loss=0.8758 entropy=0.6952 grad=0.2412 active=35.0%
  [SIM ] avg_power(a)=0.4619 rsu_q=2.724 tx=203 no_tx=0 deadlock=0 svc=25.876GHz idle=13.8%
   602     2.2s    0.0225    85.0%    85.0%    98.6%        1%/93%/6%    1.972    0.050    15.0%     0.0%   0.6485   0.0056     3.4%
  [MA20] reward=0.0234 task_sr=80.8% miss=19.2% time_limit=0.0% v2v=1.2%
  [PPO ] p_loss=0.0047 v_loss=1.1947 entropy=0.6485 grad=0.5847 active=36.7%
  [SIM ] avg_power(a)=0.4742 rsu_q=3.793 tx=210 no_tx=2 deadlock=0 svc=26.767GHz idle=3.4%
   603     2.2s    0.0213    75.0%    75.0%    92.9%        2%/93%/5%    1.950    0.058    25.0%     0.0%   0.7475   0.0016     1.9%
  [MA20] reward=0.0236 task_sr=81.2% miss=18.8% time_limit=0.0% v2v=1.4%
  [PPO ] p_loss=-0.0011 v_loss=1.0825 entropy=0.7475 grad=1.0121 active=41.0%
  [SIM ] avg_power(a)=0.4625 rsu_q=4.000 tx=233 no_tx=5 deadlock=0 svc=30.114GHz idle=10.3%
   604     2.3s    0.0161    65.0%    65.0%    89.2%        0%/96%/4%    1.969    0.082    35.0%     0.0%   0.7986   0.0114     1.9%
  [MA20] reward=0.0231 task_sr=80.7% miss=19.2% time_limit=0.0% v2v=1.6%
  [PPO ] p_loss=0.0045 v_loss=1.1660 entropy=0.7986 grad=0.7640 active=36.2%
  [SIM ] avg_power(a)=0.4715 rsu_q=2.517 tx=209 no_tx=0 deadlock=0 svc=27.635GHz idle=17.2%
   605     2.6s    0.0185    70.0%    70.0%    95.8%        2%/93%/6%    2.040    0.043    30.0%     0.0%   0.8285  -0.0020     4.7%
  [MA20] reward=0.0233 task_sr=81.0% miss=19.0% time_limit=0.0% v2v=1.8%
  [PPO ] p_loss=-0.0229 v_loss=0.9462 entropy=0.8285 grad=0.8830 active=41.0%
  [SIM ] avg_power(a)=0.4626 rsu_q=2.742 tx=249 no_tx=5 deadlock=0 svc=29.636GHz idle=9.7%
   606     2.3s    0.0198    80.0%    80.0%    96.4%        2%/90%/8%    1.994    0.046    20.0%     0.0%   0.8211   0.0056     4.7%
  [MA20] reward=0.0234 task_sr=81.0% miss=19.0% time_limit=0.0% v2v=2.2%
  [PPO ] p_loss=0.0128 v_loss=1.4965 entropy=0.8211 grad=1.2787 active=40.3%
  [SIM ] avg_power(a)=0.4667 rsu_q=2.700 tx=238 no_tx=4 deadlock=0 svc=32.269GHz idle=16.7%
   607     2.3s    0.0163    55.0%    55.0%    88.8%        1%/95%/4%    1.925    0.087    45.0%     0.0%   0.8487   0.0086     3.3%
  [MA20] reward=0.0232 task_sr=79.5% miss=20.5% time_limit=0.0% v2v=2.3%
  [PPO ] p_loss=-0.0012 v_loss=1.1100 entropy=0.8487 grad=0.8568 active=33.8%
  [SIM ] avg_power(a)=0.4618 rsu_q=2.067 tx=200 no_tx=3 deadlock=0 svc=25.025GHz idle=13.3%
   608     2.5s    0.0160    70.0%    70.0%    89.7%        4%/91%/5%    2.093    0.053    30.0%     0.0%   0.7907   0.0047     3.6%
  [MA20] reward=0.0228 task_sr=79.0% miss=21.0% time_limit=0.0% v2v=2.6%
  [PPO ] p_loss=-0.0008 v_loss=6.3460 entropy=0.7907 grad=7.8328 active=33.9%
  [SIM ] avg_power(a)=0.4730 rsu_q=2.303 tx=212 no_tx=9 deadlock=0 svc=25.280GHz idle=12.1%
   609     2.6s    0.0174    65.0%    65.0%    94.1%        2%/94%/3%    2.044    0.055    35.0%     0.0%   0.8494   0.0124     2.5%
  [MA20] reward=0.0226 task_sr=78.0% miss=22.0% time_limit=0.0% v2v=2.7%
  [PPO ] p_loss=-0.0233 v_loss=1.2579 entropy=0.8494 grad=0.3159 active=35.7%
  [SIM ] avg_power(a)=0.4575 rsu_q=3.059 tx=237 no_tx=6 deadlock=0 svc=26.102GHz idle=2.9%
   610     2.3s    0.0253    85.0%    85.0%    98.2%        2%/90%/7%    1.824    0.035    15.0%     0.0%   0.9438   0.0163     5.4%
  [MA20] reward=0.0231 task_sr=78.5% miss=21.5% time_limit=0.0% v2v=3.0%
  [PPO ] p_loss=0.0048 v_loss=1.2039 entropy=0.9438 grad=0.5721 active=36.3%
  [SIM ] avg_power(a)=0.4487 rsu_q=3.033 tx=211 no_tx=5 deadlock=0 svc=31.223GHz idle=20.0%
   611     3.0s    0.0099    60.0%    60.0%    94.6%       5%/85%/10%    2.008    0.033    40.0%     0.0%   0.9755   0.0154     7.5%
  [MA20] reward=0.0225 task_sr=77.8% miss=22.2% time_limit=0.0% v2v=3.4%
  [PPO ] p_loss=0.0046 v_loss=1.5119 entropy=0.9755 grad=1.2499 active=28.2%
  [SIM ] avg_power(a)=0.4570 rsu_q=1.878 tx=220 no_tx=11 deadlock=0 svc=19.025GHz idle=2.4%
   612     2.4s    0.0212    80.0%    80.0%    93.8%        3%/92%/5%    1.944    0.058    20.0%     0.0%   0.9083   0.0084     3.3%
  [MA20] reward=0.0225 task_sr=77.8% miss=22.2% time_limit=0.0% v2v=3.7%
  [PPO ] p_loss=0.0233 v_loss=1.6874 entropy=0.9083 grad=1.8417 active=37.8%
  [SIM ] avg_power(a)=0.4363 rsu_q=3.375 tx=235 no_tx=7 deadlock=0 svc=27.308GHz idle=6.2%
   613     2.7s    0.0107    45.0%    45.0%    92.0%        4%/90%/6%    1.992    0.064    55.0%     0.0%   0.8273   0.0267     6.4%
  [MA20] reward=0.0219 task_sr=76.0% miss=24.0% time_limit=0.0% v2v=4.0%
  [PPO ] p_loss=-0.0216 v_loss=1.1454 entropy=0.8273 grad=0.6678 active=31.1%
  [SIM ] avg_power(a)=0.4423 rsu_q=2.028 tx=214 no_tx=10 deadlock=0 svc=21.646GHz idle=2.8%
   614     2.3s    0.0206    80.0%    80.0%    96.1%        2%/95%/3%    1.825    0.061    20.0%     0.0%   0.6955  -0.0012     4.2%
  [MA20] reward=0.0208 task_sr=75.2% miss=24.7% time_limit=0.0% v2v=4.1%
  [PPO ] p_loss=0.0069 v_loss=1.1367 entropy=0.6955 grad=0.4383 active=35.8%
  [SIM ] avg_power(a)=0.4427 rsu_q=2.226 tx=215 no_tx=5 deadlock=0 svc=27.483GHz idle=16.1%
   615     2.3s    0.0261    90.0%    90.0%    98.8%        1%/96%/3%    1.853    0.044    10.0%     0.0%   0.5786   0.0092     2.5%
  [MA20] reward=0.0209 task_sr=75.5% miss=24.5% time_limit=0.0% v2v=4.2%
  [PPO ] p_loss=0.0344 v_loss=1.0022 entropy=0.5786 grad=0.5813 active=36.7%
  [SIM ] avg_power(a)=0.4431 rsu_q=2.424 tx=240 no_tx=2 deadlock=0 svc=29.871GHz idle=18.2%
   616     2.5s    0.0169    75.0%    75.0%    97.6%        1%/98%/1%    2.088    0.072    25.0%     0.0%   0.5725   0.0035     2.0%
  [MA20] reward=0.0207 task_sr=75.8% miss=24.2% time_limit=0.0% v2v=4.2%
  [PPO ] p_loss=0.0065 v_loss=1.0043 entropy=0.5725 grad=0.5867 active=35.6%
  [SIM ] avg_power(a)=0.4395 rsu_q=3.118 tx=240 no_tx=2 deadlock=0 svc=29.374GHz idle=20.6%
   617     2.4s    0.0140    60.0%    60.0%    80.1%        1%/99%/1%    1.825    0.075    40.0%     0.0%   0.7231   0.0033     2.7%
  [MA20] reward=0.0201 task_sr=74.2% miss=25.8% time_limit=0.0% v2v=4.2%
  [PPO ] p_loss=-0.0161 v_loss=1.0572 entropy=0.7231 grad=0.4864 active=28.9%
  [SIM ] avg_power(a)=0.4194 rsu_q=1.438 tx=184 no_tx=1 deadlock=0 svc=20.879GHz idle=15.6%
   618     2.1s    0.0257    85.0%    85.0%    96.4%        1%/95%/4%    1.824    0.049    15.0%     0.0%   0.5912   0.0005     3.7%
  [MA20] reward=0.0197 task_sr=73.8% miss=26.2% time_limit=0.0% v2v=4.3%
  [PPO ] p_loss=0.0119 v_loss=1.3889 entropy=0.5912 grad=2.6159 active=44.1%
  [SIM ] avg_power(a)=0.4155 rsu_q=3.556 tx=235 no_tx=3 deadlock=0 svc=32.919GHz idle=11.1%
   619     2.3s    0.0188    75.0%    75.0%    91.9%        0%/97%/3%    1.975    0.057    25.0%     0.0%   0.6623   0.0023     1.5%
  [MA20] reward=0.0191 task_sr=72.7% miss=27.3% time_limit=0.0% v2v=4.3%
  [PPO ] p_loss=0.0103 v_loss=1.1552 entropy=0.6623 grad=1.2652 active=38.5%
  [SIM ] avg_power(a)=0.4244 rsu_q=3.355 tx=239 no_tx=0 deadlock=0 svc=28.955GHz idle=12.9%
   620     1.9s    0.0272    90.0%    90.0%    99.1%        0%/94%/5%    1.832    0.071    10.0%     0.0%   0.6407   0.0081     3.0%
  [MA20] reward=0.0193 task_sr=73.2% miss=26.8% time_limit=0.0% v2v=4.5%
  [PPO ] p_loss=-0.0008 v_loss=1.2001 entropy=0.6407 grad=0.9876 active=44.0%
  [SIM ] avg_power(a)=0.4192 rsu_q=4.077 tx=226 no_tx=1 deadlock=0 svc=30.609GHz idle=7.7%

    Ep    Wall    R/step     T_SR     V_SR     S_SR            L/R/V   Lat(s)       En     Miss      Ill      Ent       KL     Clip
--------------------------------------------------------------------------------------------------------------------------------
   621     2.2s    0.0195    70.0%    70.0%    93.7%        0%/97%/2%    1.987    0.088    30.0%     0.0%   0.6529   0.0079     1.2%
  [MA20] reward=0.0192 task_sr=73.0% miss=27.0% time_limit=0.0% v2v=4.5%
  [PPO ] p_loss=0.0058 v_loss=1.1346 entropy=0.6529 grad=0.4551 active=38.8%
  [SIM ] avg_power(a)=0.4446 rsu_q=2.966 tx=224 no_tx=1 deadlock=0 svc=29.700GHz idle=20.7%
   622     2.2s    0.0198    85.0%    85.0%    97.6%        0%/97%/3%    2.200    0.076    15.0%     0.0%   0.6379   0.0069     4.2%
  [MA20] reward=0.0191 task_sr=73.0% miss=27.0% time_limit=0.0% v2v=4.4%
  [PPO ] p_loss=0.0012 v_loss=0.9118 entropy=0.6379 grad=0.7316 active=44.6%
  [SIM ] avg_power(a)=0.4524 rsu_q=4.000 tx=250 no_tx=0 deadlock=0 svc=32.444GHz idle=3.6%
   623     2.4s    0.0149    85.0%    85.0%    97.2%        1%/95%/4%    1.739    0.062    15.0%     0.0%   0.6418   0.0093     2.9%
  [MA20] reward=0.0187 task_sr=73.5% miss=26.5% time_limit=0.0% v2v=4.3%
  [PPO ] p_loss=-0.0069 v_loss=1.2654 entropy=0.6418 grad=1.0122 active=29.2%
  [SIM ] avg_power(a)=0.4547 rsu_q=1.838 tx=211 no_tx=2 deadlock=0 svc=21.284GHz idle=13.5%
   624     2.5s    0.0117    65.0%    65.0%    94.1%        1%/96%/3%    2.308    0.073    35.0%     0.0%   0.7001   0.0168     3.8%
  [MA20] reward=0.0185 task_sr=73.5% miss=26.5% time_limit=0.0% v2v=4.3%
  [PPO ] p_loss=-0.0087 v_loss=1.2057 entropy=0.7001 grad=0.8221 active=37.8%
  [SIM ] avg_power(a)=0.4556 rsu_q=4.000 tx=239 no_tx=2 deadlock=0 svc=28.197GHz idle=9.4%
   625     2.6s    0.0172    70.0%    70.0%    88.5%        1%/92%/7%    1.864    0.055    30.0%     0.0%   0.7984   0.0012     4.1%
  [MA20] reward=0.0185 task_sr=73.5% miss=26.5% time_limit=0.0% v2v=4.3%
  [PPO ] p_loss=0.0099 v_loss=1.4913 entropy=0.7984 grad=5.7617 active=30.1%
  [SIM ] avg_power(a)=0.4672 rsu_q=2.114 tx=207 no_tx=3 deadlock=0 svc=21.238GHz idle=2.9%
   626     2.3s    0.0170    70.0%    70.0%    92.8%        2%/90%/8%    2.000    0.060    30.0%     0.0%   0.8459  -0.0028     5.2%
  [MA20] reward=0.0183 task_sr=73.0% miss=27.0% time_limit=0.0% v2v=4.4%
  [PPO ] p_loss=0.0016 v_loss=1.4512 entropy=0.8459 grad=5.3665 active=39.0%
  [SIM ] avg_power(a)=0.4531 rsu_q=3.233 tx=230 no_tx=4 deadlock=0 svc=27.915GHz idle=3.3%
   627     2.3s    0.0167    65.0%    65.0%    93.6%        1%/93%/6%    2.000    0.051    35.0%     0.0%   0.9208   0.0090     3.5%
  [MA20] reward=0.0183 task_sr=73.5% miss=26.5% time_limit=0.0% v2v=4.5%
  [PPO ] p_loss=0.0265 v_loss=1.2061 entropy=0.9208 grad=1.3325 active=36.1%
  [SIM ] avg_power(a)=0.4509 rsu_q=3.065 tx=219 no_tx=3 deadlock=0 svc=26.281GHz idle=9.7%
   628     2.6s    0.0155    80.0%    80.0%    95.7%        2%/92%/6%    2.112    0.058    20.0%     0.0%   0.9227   0.0067     3.4%
  [MA20] reward=0.0183 task_sr=74.0% miss=26.0% time_limit=0.0% v2v=4.5%
  [PPO ] p_loss=0.0071 v_loss=1.5196 entropy=0.9227 grad=8.8630 active=36.0%
  [SIM ] avg_power(a)=0.4543 rsu_q=2.118 tx=239 no_tx=5 deadlock=0 svc=32.145GHz idle=26.5%
   629     2.6s    0.0132    70.0%    70.0%    89.7%        3%/89%/8%    2.047    0.046    30.0%     0.0%   0.8953   0.0005     6.8%
  [MA20] reward=0.0181 task_sr=74.2% miss=25.7% time_limit=0.0% v2v=4.7%
  [PPO ] p_loss=-0.0100 v_loss=0.9741 entropy=0.8953 grad=4.7675 active=31.1%
  [SIM ] avg_power(a)=0.4457 rsu_q=2.543 tx=210 no_tx=6 deadlock=0 svc=20.528GHz idle=2.9%
   630     2.3s    0.0214    85.0%    85.0%    97.9%        2%/93%/5%    1.988    0.047    15.0%     0.0%   0.8448  -0.0003     2.5%
  [MA20] reward=0.0179 task_sr=74.2% miss=25.8% time_limit=0.0% v2v=4.6%
  [PPO ] p_loss=-0.0324 v_loss=0.9781 entropy=0.8448 grad=5.2262 active=38.5%
  [SIM ] avg_power(a)=0.4517 rsu_q=2.806 tx=235 no_tx=4 deadlock=0 svc=27.549GHz idle=3.2%
   631     2.4s    0.0147    65.0%    65.0%    96.9%        2%/90%/9%    2.147    0.057    35.0%     0.0%   0.7973   0.0066     4.8%
  [MA20] reward=0.0182 task_sr=74.5% miss=25.5% time_limit=0.0% v2v=4.6%
  [PPO ] p_loss=-0.0017 v_loss=1.2210 entropy=0.7973 grad=0.7663 active=41.6%
  [SIM ] avg_power(a)=0.4630 rsu_q=3.065 tx=251 no_tx=4 deadlock=0 svc=31.132GHz idle=12.9%
   632     2.3s    0.0163    65.0%    65.0%    95.9%        0%/94%/5%    2.020    0.069    35.0%     0.0%   0.7708  -0.0063     3.4%
  [MA20] reward=0.0179 task_sr=73.8% miss=26.2% time_limit=0.0% v2v=4.6%
  [PPO ] p_loss=-0.0288 v_loss=0.9466 entropy=0.7708 grad=0.5360 active=38.4%
  [SIM ] avg_power(a)=0.4533 rsu_q=3.129 tx=237 no_tx=1 deadlock=0 svc=26.283GHz idle=3.2%
   633     2.4s    0.0177    60.0%    60.0%    93.1%        1%/92%/7%    2.187    0.054    40.0%     0.0%   0.7724   0.0085     5.6%
  [MA20] reward=0.0183 task_sr=74.5% miss=25.5% time_limit=0.0% v2v=4.6%
  [PPO ] p_loss=0.0117 v_loss=1.0525 entropy=0.7724 grad=0.5354 active=41.0%
  [SIM ] avg_power(a)=0.4599 rsu_q=2.103 tx=235 no_tx=2 deadlock=0 svc=29.433GHz idle=10.3%
   634     2.3s    0.0209    80.0%    80.0%    94.9%        4%/92%/4%    2.000    0.043    20.0%     0.0%   0.7400   0.0093     5.1%
  [MA20] reward=0.0183 task_sr=74.5% miss=25.5% time_limit=0.0% v2v=4.7%
  [PPO ] p_loss=0.0126 v_loss=1.0634 entropy=0.7400 grad=1.8813 active=37.5%
  [SIM ] avg_power(a)=0.4612 rsu_q=2.833 tx=217 no_tx=8 deadlock=0 svc=25.909GHz idle=3.3%
   635     2.3s    0.0146    55.0%    55.0%    90.9%        2%/92%/6%    2.077    0.057    45.0%     0.0%   0.6990   0.0099     5.2%
  [MA20] reward=0.0177 task_sr=72.8% miss=27.3% time_limit=0.0% v2v=4.9%
  [PPO ] p_loss=-0.0046 v_loss=1.0848 entropy=0.6990 grad=1.3373 active=39.0%
  [SIM ] avg_power(a)=0.4517 rsu_q=2.448 tx=220 no_tx=4 deadlock=0 svc=26.122GHz idle=6.9%
   636     1.8s    0.0247    80.0%    80.0%    93.1%        1%/94%/5%    1.763    0.067    20.0%     0.0%   0.6758  -0.0028     2.5%
  [MA20] reward=0.0181 task_sr=73.0% miss=27.0% time_limit=0.0% v2v=5.0%
  [PPO ] p_loss=-0.0042 v_loss=0.9755 entropy=0.6758 grad=0.9102 active=38.0%
  [SIM ] avg_power(a)=0.4592 rsu_q=2.520 tx=188 no_tx=2 deadlock=0 svc=26.877GHz idle=8.0%
   637     2.3s    0.0210    80.0%    80.0%    93.8%        1%/94%/5%    1.900    0.052    20.0%     0.0%   0.7302   0.0087     4.1%
  [MA20] reward=0.0184 task_sr=74.0% miss=26.0% time_limit=0.0% v2v=5.2%
  [PPO ] p_loss=-0.0031 v_loss=0.9366 entropy=0.7302 grad=0.6892 active=35.3%
  [SIM ] avg_power(a)=0.4473 rsu_q=3.200 tx=209 no_tx=2 deadlock=0 svc=27.491GHz idle=16.7%
   638     2.2s    0.0222    70.0%    70.0%    95.2%        0%/91%/9%    1.913    0.042    30.0%     0.0%   0.8268  -0.0054     5.1%
  [MA20] reward=0.0183 task_sr=73.2% miss=26.7% time_limit=0.0% v2v=5.5%
  [PPO ] p_loss=0.0058 v_loss=1.0167 entropy=0.8268 grad=0.4504 active=41.1%
  [SIM ] avg_power(a)=0.4696 rsu_q=2.815 tx=219 no_tx=1 deadlock=0 svc=30.921GHz idle=7.4%
   639     2.5s    0.0121    55.0%    55.0%    87.6%       2%/88%/10%    2.125    0.063    45.0%     0.0%   0.8611   0.0039     5.2%
  [MA20] reward=0.0179 task_sr=72.3% miss=27.8% time_limit=0.0% v2v=5.8%
  [PPO ] p_loss=-0.0083 v_loss=0.9216 entropy=0.8611 grad=0.5854 active=34.5%
  [SIM ] avg_power(a)=0.4474 rsu_q=1.938 tx=215 no_tx=5 deadlock=0 svc=24.010GHz idle=3.1%
   640     2.5s    0.0166    75.0%    75.0%    95.9%       0%/88%/11%    2.100    0.050    25.0%     0.0%   0.9042   0.0043     4.6%
  [MA20] reward=0.0174 task_sr=71.5% miss=28.5% time_limit=0.0% v2v=6.1%
  [PPO ] p_loss=0.0026 v_loss=1.3157 entropy=0.9042 grad=0.5185 active=32.6%
  [SIM ] avg_power(a)=0.4418 rsu_q=2.727 tx=214 no_tx=1 deadlock=0 svc=24.002GHz idle=3.0%

    Ep    Wall    R/step     T_SR     V_SR     S_SR            L/R/V   Lat(s)       En     Miss      Ill      Ent       KL     Clip
--------------------------------------------------------------------------------------------------------------------------------
   641     2.1s    0.0216    75.0%    75.0%    93.3%        2%/94%/4%    1.931    0.071    25.0%     0.0%   0.8376   0.0060     3.6%
  [MA20] reward=0.0175 task_sr=71.8% miss=28.3% time_limit=0.0% v2v=6.2%
  [PPO ] p_loss=0.0032 v_loss=1.1305 entropy=0.8376 grad=0.6160 active=41.9%
  [SIM ] avg_power(a)=0.4605 rsu_q=3.704 tx=220 no_tx=4 deadlock=0 svc=30.138GHz idle=3.7%
   642     3.3s    0.0114    75.0%    75.0%    89.7%       0%/89%/11%    1.773    0.025    25.0%     0.0%   0.7885   0.0118     3.7%
  [MA20] reward=0.0171 task_sr=71.2% miss=28.8% time_limit=0.0% v2v=6.6%
  [PPO ] p_loss=0.0308 v_loss=1.1016 entropy=0.7885 grad=0.5262 active=22.0%
  [SIM ] avg_power(a)=0.4590 rsu_q=1.367 tx=212 no_tx=1 deadlock=0 svc=14.459GHz idle=2.0%
   643     2.2s    0.0223    80.0%    80.0%    98.8%        0%/93%/7%    1.876    0.062    20.0%     0.0%   0.8578   0.0120     3.5%
  [MA20] reward=0.0174 task_sr=71.0% miss=29.0% time_limit=0.0% v2v=6.7%
  [PPO ] p_loss=0.0007 v_loss=0.9989 entropy=0.8578 grad=0.4230 active=42.1%
  [SIM ] avg_power(a)=0.4541 rsu_q=3.345 tx=242 no_tx=1 deadlock=0 svc=29.573GHz idle=6.9%
   644     2.5s    0.0109    70.0%    70.0%    90.1%       2%/87%/11%    2.214    0.053    30.0%     0.0%   1.0311   0.0036     8.4%
  [MA20] reward=0.0174 task_sr=71.2% miss=28.7% time_limit=0.0% v2v=7.2%
  [PPO ] p_loss=0.0141 v_loss=1.1407 entropy=1.0311 grad=0.5408 active=37.0%
  [SIM ] avg_power(a)=0.4651 rsu_q=1.818 tx=238 no_tx=4 deadlock=0 svc=24.148GHz idle=3.0%
   645     2.4s    0.0156    80.0%    80.0%    97.7%       3%/82%/15%    2.081    0.028    20.0%     0.0%   1.1880   0.0086     8.2%
  [MA20] reward=0.0173 task_sr=71.8% miss=28.3% time_limit=0.0% v2v=7.6%
  [PPO ] p_loss=-0.0007 v_loss=0.9276 entropy=1.1880 grad=0.8813 active=42.5%
  [SIM ] avg_power(a)=0.4781 rsu_q=1.600 tx=246 no_tx=8 deadlock=0 svc=28.347GHz idle=6.7%
   646     3.0s    0.0120    65.0%    65.0%    94.9%       4%/78%/17%    2.233    0.028    35.0%     0.0%   1.3384   0.0042     6.0%
  [MA20] reward=0.0171 task_sr=71.5% miss=28.5% time_limit=0.0% v2v=8.0%
  [PPO ] p_loss=-0.0100 v_loss=1.1615 entropy=1.3384 grad=1.1273 active=34.2%
  [SIM ] avg_power(a)=0.4514 rsu_q=1.250 tx=234 no_tx=11 deadlock=0 svc=23.839GHz idle=2.8%
   647     3.5s    0.0080    50.0%    50.0%    88.7%       1%/79%/20%    2.230    0.038    50.0%     0.0%   1.3520   0.0097     4.8%
  [MA20] reward=0.0166 task_sr=70.8% miss=29.2% time_limit=0.0% v2v=8.7%
  [PPO ] p_loss=-0.0087 v_loss=1.5971 entropy=1.3520 grad=1.7117 active=26.9%
  [SIM ] avg_power(a)=0.4764 rsu_q=2.044 tx=234 no_tx=3 deadlock=0 svc=19.303GHz idle=2.2%
   648     2.7s    0.0056    30.0%    30.0%    88.0%       0%/72%/27%    2.214    0.031    70.0%     0.0%   1.4501   0.0118     7.1%
  [MA20] reward=0.0161 task_sr=68.3% miss=31.8% time_limit=0.0% v2v=9.8%
  [PPO ] p_loss=-0.0070 v_loss=0.9352 entropy=1.4501 grad=0.4575 active=35.3%
  [SIM ] avg_power(a)=0.4773 rsu_q=1.455 tx=229 no_tx=1 deadlock=0 svc=23.097GHz idle=3.0%
   649     3.8s    0.0034    35.0%    35.0%    82.9%       3%/66%/32%    2.257    0.021    65.0%     0.0%   1.4647   0.0061     7.0%
  [MA20] reward=0.0156 task_sr=66.5% miss=33.5% time_limit=0.0% v2v=11.0%
  [PPO ] p_loss=-0.0016 v_loss=1.5144 entropy=1.4647 grad=1.6440 active=21.8%
  [SIM ] avg_power(a)=0.4897 rsu_q=0.667 tx=212 no_tx=6 deadlock=0 svc=15.290GHz idle=2.0%
   650     3.8s    0.0044    30.0%    30.0%    83.9%       3%/70%/27%    2.167    0.018    70.0%     0.0%   1.5605   0.0031     8.2%
  [MA20] reward=0.0148 task_sr=63.8% miss=36.2% time_limit=0.0% v2v=12.1%
  [PPO ] p_loss=-0.0241 v_loss=1.2597 entropy=1.5605 grad=0.7559 active=22.2%
  [SIM ] avg_power(a)=0.4637 rsu_q=0.694 tx=210 no_tx=6 deadlock=0 svc=15.536GHz idle=2.0%
   651     2.8s    0.0068    45.0%    45.0%    82.5%       1%/73%/25%    2.256    0.035    55.0%     0.0%   1.4948   0.0088     6.9%
  [MA20] reward=0.0144 task_sr=62.8% miss=37.2% time_limit=0.0% v2v=12.9%
  [PPO ] p_loss=-0.0320 v_loss=1.6283 entropy=1.4948 grad=1.8469 active=31.9%
  [SIM ] avg_power(a)=0.4679 rsu_q=1.412 tx=213 no_tx=3 deadlock=0 svc=22.121GHz idle=2.9%
   652     6.3s    0.0022    20.0%    20.0%    72.4%       3%/64%/33%    2.020    0.021    80.0%     0.0%   1.8542   0.0198    12.5%
  [MA20] reward=0.0137 task_sr=60.5% miss=39.5% time_limit=0.0% v2v=14.3%
  [PPO ] p_loss=0.0090 v_loss=1.7182 entropy=1.8542 grad=1.1422 active=11.6%
  [SIM ] avg_power(a)=0.4705 rsu_q=0.338 tx=177 no_tx=5 deadlock=0 svc=7.546GHz idle=1.3%
   653    15.9s    0.0000     5.0%     5.0%    69.6%       5%/55%/40%    2.400    0.004    90.0%     0.0%   2.0368  -0.0062     2.4%
  [MA20] reward=0.0128 task_sr=57.8% miss=42.0% time_limit=5.0% v2v=16.0%
  [PPO ] p_loss=0.0280 v_loss=2.2298 entropy=2.0368 grad=3.2181 active=5.1%
  [SIM ] avg_power(a)=0.4822 rsu_q=0.070 tx=182 no_tx=9 deadlock=0 svc=3.181GHz idle=0.0%
   654     3.4s    0.0029    25.0%    25.0%    77.3%       4%/55%/41%    2.283    0.030    75.0%     0.0%   1.5641   0.0327    17.7%
  [MA20] reward=0.0119 task_sr=55.0% miss=44.7% time_limit=5.0% v2v=17.8%
  [PPO ] p_loss=-0.0083 v_loss=1.5131 entropy=1.5641 grad=1.0720 active=22.2%
  [SIM ] avg_power(a)=0.4750 rsu_q=0.341 tx=181 no_tx=8 deadlock=0 svc=14.106GHz idle=2.3%
   655    11.8s    0.0006    25.0%    25.0%    77.2%       5%/65%/30%    2.367    0.008    75.0%     0.0%   1.6812   0.0227     8.4%
  [MA20] reward=0.0112 task_sr=53.5% miss=46.2% time_limit=5.0% v2v=19.0%
  [PPO ] p_loss=0.0211 v_loss=1.8021 entropy=1.6812 grad=2.1096 active=6.6%
  [SIM ] avg_power(a)=0.4778 rsu_q=0.144 tx=186 no_tx=11 deadlock=0 svc=4.124GHz idle=0.7%
   656     5.6s    0.0005     5.0%     5.0%    79.7%       3%/56%/41%    2.200    0.021    95.0%     0.0%   1.6560   0.0102     4.1%
  [MA20] reward=0.0100 task_sr=49.8% miss=50.0% time_limit=5.0% v2v=20.8%
  [PPO ] p_loss=0.0124 v_loss=1.9859 entropy=1.6560 grad=1.4373 active=15.5%
  [SIM ] avg_power(a)=0.4839 rsu_q=0.319 tx=214 no_tx=7 deadlock=0 svc=10.594GHz idle=1.4%
   657     3.4s    0.0061    45.0%    45.0%    83.3%       4%/68%/28%    2.380    0.027    55.0%     0.0%   1.5676   0.0093     3.6%
  [MA20] reward=0.0093 task_sr=48.0% miss=51.8% time_limit=5.0% v2v=22.0%
  [PPO ] p_loss=0.0139 v_loss=1.0974 entropy=1.5676 grad=0.6542 active=24.1%
  [SIM ] avg_power(a)=0.4765 rsu_q=0.756 tx=206 no_tx=8 deadlock=0 svc=16.744GHz idle=2.2%
   658     3.3s    0.0007     5.0%     5.0%    75.6%       2%/63%/34%    2.650    0.021    95.0%     0.0%   1.6178   0.0112     7.2%
  [MA20] reward=0.0082 task_sr=44.8% miss=55.0% time_limit=5.0% v2v=23.3%
  [PPO ] p_loss=-0.0007 v_loss=1.6743 entropy=1.6178 grad=1.5264 active=27.2%
  [SIM ] avg_power(a)=0.4798 rsu_q=0.590 tx=203 no_tx=5 deadlock=0 svc=18.063GHz idle=2.6%
   659     3.1s    0.0075    50.0%    50.0%    90.6%       3%/77%/20%    2.091    0.028    50.0%     0.0%   1.3133   0.0057     3.6%
  [MA20] reward=0.0080 task_sr=44.5% miss=55.2% time_limit=5.0% v2v=23.8%
  [PPO ] p_loss=-0.0131 v_loss=1.3240 entropy=1.3133 grad=0.9540 active=25.3%
  [SIM ] avg_power(a)=0.4662 rsu_q=1.581 tx=211 no_tx=7 deadlock=0 svc=18.329GHz idle=7.0%
   660     2.7s    0.0102    55.0%    55.0%    89.1%       1%/75%/24%    2.191    0.042    45.0%     0.0%   1.5047   0.0123     2.9%
  [MA20] reward=0.0076 task_sr=43.5% miss=56.2% time_limit=5.0% v2v=24.4%
  [PPO ] p_loss=0.0072 v_loss=1.6324 entropy=1.5047 grad=3.7747 active=34.8%
  [SIM ] avg_power(a)=0.4651 rsu_q=1.758 tx=225 no_tx=3 deadlock=0 svc=23.836GHz idle=3.0%

    Ep    Wall    R/step     T_SR     V_SR     S_SR            L/R/V   Lat(s)       En     Miss      Ill      Ent       KL     Clip
--------------------------------------------------------------------------------------------------------------------------------
   661     3.8s    0.0057    30.0%    30.0%    77.9%       2%/72%/26%    1.600    0.022    70.0%     0.0%   1.5687   0.0112     3.7%
  [MA20] reward=0.0068 task_sr=41.2% miss=58.5% time_limit=5.0% v2v=25.5%
  [PPO ] p_loss=0.0056 v_loss=1.3055 entropy=1.5687 grad=2.7211 active=18.0%
  [SIM ] avg_power(a)=0.4634 rsu_q=0.660 tx=175 no_tx=4 deadlock=0 svc=12.458GHz idle=2.0%
   662    14.4s    0.0006    15.0%    15.0%    78.4%       3%/68%/29%    2.450    0.004    85.0%     0.0%   1.4453   0.0003     7.8%
  [MA20] reward=0.0063 task_sr=38.2% miss=61.5% time_limit=10.0% v2v=26.4%
  [PPO ] p_loss=-0.0198 v_loss=1.6975 entropy=1.4453 grad=4.0217 active=4.9%
  [SIM ] avg_power(a)=0.4662 rsu_q=0.180 tx=188 no_tx=5 deadlock=0 svc=3.273GHz idle=0.0%
   663     2.5s    0.0079    70.0%    70.0%    92.3%       2%/75%/23%    2.347    0.061    30.0%     0.0%   1.3158   0.0070     5.2%
  [MA20] reward=0.0056 task_sr=37.8% miss=62.0% time_limit=10.0% v2v=27.2%
  [PPO ] p_loss=0.0033 v_loss=1.0740 entropy=1.3158 grad=2.0039 active=35.0%
  [SIM ] avg_power(a)=0.4573 rsu_q=1.344 tx=218 no_tx=4 deadlock=0 svc=24.396GHz idle=3.1%
   664     2.9s    0.0070    40.0%    40.0%    92.6%       1%/78%/21%    2.060    0.036    60.0%     0.0%   1.3178   0.0115     4.5%
  [MA20] reward=0.0054 task_sr=36.2% miss=63.5% time_limit=10.0% v2v=27.7%
  [PPO ] p_loss=0.0132 v_loss=1.6366 entropy=1.3178 grad=2.3308 active=30.4%
  [SIM ] avg_power(a)=0.4499 rsu_q=1.583 tx=216 no_tx=3 deadlock=0 svc=21.222GHz idle=2.8%
  [LateGuard] restore best_model at ep664 (drop=0.291, freeze=False)
   665     2.2s    0.0179    70.0%    70.0%    92.5%        0%/99%/1%    2.057    0.116    30.0%     0.0%   0.4763   0.0034     2.1%
  [MA20] reward=0.0055 task_sr=35.8% miss=64.0% time_limit=10.0% v2v=27.0%
  [PPO ] p_loss=-0.0110 v_loss=0.9550 entropy=0.4763 grad=4.1633 active=38.4%
  [SIM ] avg_power(a)=0.6221 rsu_q=3.643 tx=215 no_tx=0 deadlock=0 svc=27.693GHz idle=3.6%
   666     2.4s    0.0161    65.0%    65.0%    90.6%        1%/97%/2%    2.007    0.119    35.0%     0.0%   0.5547   0.0026     2.2%
  [MA20] reward=0.0057 task_sr=35.8% miss=64.0% time_limit=10.0% v2v=26.2%
  [PPO ] p_loss=0.0078 v_loss=1.2010 entropy=0.5547 grad=0.9197 active=35.0%
  [SIM ] avg_power(a)=0.6213 rsu_q=3.531 tx=221 no_tx=2 deadlock=0 svc=25.055GHz idle=3.1%
   667     2.8s    0.0162    70.0%    70.0%    88.9%        1%/99%/0%    1.860    0.097    30.0%     0.0%   0.5618   0.0078     4.1%
  [MA20] reward=0.0061 task_sr=36.8% miss=63.0% time_limit=10.0% v2v=25.2%
  [PPO ] p_loss=0.0018 v_loss=1.0103 entropy=0.5618 grad=1.4373 active=27.7%
  [SIM ] avg_power(a)=0.6000 rsu_q=1.974 tx=214 no_tx=2 deadlock=0 svc=20.559GHz idle=10.3%
   668     2.1s    0.0274    90.0%    90.0%   100.0%        0%/98%/2%    1.940    0.084    10.0%     0.0%   0.4105   0.0041     2.3%
  [MA20] reward=0.0072 task_sr=39.8% miss=60.0% time_limit=10.0% v2v=23.9%
  [PPO ] p_loss=0.0180 v_loss=1.2055 entropy=0.4105 grad=2.4319 active=44.8%
  [SIM ] avg_power(a)=0.6379 rsu_q=4.214 tx=250 no_tx=1 deadlock=0 svc=36.486GHz idle=17.9%
   669     2.2s    0.0178    65.0%    65.0%    86.5%        3%/95%/2%    2.038    0.126    35.0%     0.0%   0.4463  -0.0018     2.3%
  [MA20] reward=0.0079 task_sr=41.2% miss=58.5% time_limit=10.0% v2v=22.5%
  [PPO ] p_loss=0.0060 v_loss=1.1117 entropy=0.4463 grad=1.2471 active=35.9%
  [SIM ] avg_power(a)=0.6571 rsu_q=1.828 tx=202 no_tx=6 deadlock=0 svc=25.371GHz idle=3.4%
   670     1.9s    0.0329    95.0%    95.0%    99.6%        0%/99%/0%    1.774    0.091     5.0%     0.0%   0.4169  -0.0037     0.9%
  [MA20] reward=0.0093 task_sr=44.5% miss=55.2% time_limit=10.0% v2v=21.1%
  [PPO ] p_loss=0.0094 v_loss=1.0448 entropy=0.4169 grad=3.1960 active=48.4%
  [SIM ] avg_power(a)=0.6688 rsu_q=4.040 tx=241 no_tx=1 deadlock=0 svc=36.546GHz idle=20.0%
   671     2.2s    0.0223    85.0%    85.0%    93.0%        0%/99%/1%    1.718    0.105    15.0%     0.0%   0.3866  -0.0014     2.4%
  [MA20] reward=0.0101 task_sr=46.5% miss=53.2% time_limit=10.0% v2v=19.9%
  [PPO ] p_loss=-0.0032 v_loss=0.8636 entropy=0.3866 grad=2.7850 active=32.4%
  [SIM ] avg_power(a)=0.6814 rsu_q=2.226 tx=200 no_tx=1 deadlock=0 svc=29.487GHz idle=32.3%
   672     2.1s    0.0264    80.0%    80.0%    97.1%        2%/95%/3%    1.926    0.084    20.0%     0.0%   0.3667   0.0028     2.6%
  [MA20] reward=0.0113 task_sr=49.5% miss=50.3% time_limit=10.0% v2v=18.4%
  [PPO ] p_loss=0.0042 v_loss=0.9347 entropy=0.3667 grad=3.1325 active=43.0%
  [SIM ] avg_power(a)=0.6937 rsu_q=3.259 tx=228 no_tx=4 deadlock=0 svc=31.565GHz idle=7.4%
   673     1.8s    0.0302    85.0%    85.0%    99.1%        2%/96%/2%    1.728    0.089    15.0%     0.0%   0.3766   0.0162     2.1%
  [MA20] reward=0.0128 task_sr=53.5% miss=46.5% time_limit=5.0% v2v=16.5%
  [PPO ] p_loss=-0.0015 v_loss=0.9556 entropy=0.3766 grad=3.5839 active=45.4%
  [SIM ] avg_power(a)=0.6840 rsu_q=4.000 tx=221 no_tx=4 deadlock=0 svc=33.793GHz idle=12.0%
   674     2.0s    0.0309    90.0%    90.0%    99.6%        0%/99%/1%    1.811    0.089    10.0%     0.0%   0.3282  -0.0020     1.1%
  [MA20] reward=0.0142 task_sr=56.8% miss=43.2% time_limit=5.0% v2v=14.5%
  [PPO ] p_loss=-0.0055 v_loss=1.1962 entropy=0.3282 grad=1.4728 active=44.4%
  [SIM ] avg_power(a)=0.6913 rsu_q=4.370 tx=239 no_tx=1 deadlock=0 svc=37.248GHz idle=22.2%
   675     2.5s    0.0150    55.0%    55.0%    88.4%       0%/100%/0%    1.842    0.149    45.0%     0.0%   0.3490   0.0070     2.3%
  [MA20] reward=0.0150 task_sr=58.3% miss=41.8% time_limit=5.0% v2v=13.0%
  [PPO ] p_loss=0.0017 v_loss=1.1110 entropy=0.3490 grad=0.8376 active=29.6%
  [SIM ] avg_power(a)=0.6933 rsu_q=2.412 tx=200 no_tx=1 deadlock=0 svc=22.737GHz idle=14.7%
   676     2.0s    0.0276    90.0%    90.0%    99.1%       0%/100%/0%    1.744    0.093    10.0%     0.0%   0.3398   0.0043     0.4%
  [MA20] reward=0.0163 task_sr=62.5% miss=37.5% time_limit=5.0% v2v=11.0%
  [PPO ] p_loss=-0.0125 v_loss=1.0079 entropy=0.3398 grad=2.4366 active=41.1%
  [SIM ] avg_power(a)=0.6919 rsu_q=3.571 tx=229 no_tx=1 deadlock=0 svc=34.046GHz idle=25.0%
   677     2.0s    0.0276    80.0%    80.0%    95.2%       0%/100%/0%    1.871    0.103    20.0%     0.0%   0.4127   0.0069     1.6%
  [MA20] reward=0.0174 task_sr=64.2% miss=35.7% time_limit=5.0% v2v=9.6%
  [PPO ] p_loss=7.57e-05 v_loss=0.8513 entropy=0.4127 grad=0.6992 active=45.6%
  [SIM ] avg_power(a)=0.6830 rsu_q=4.154 tx=236 no_tx=1 deadlock=0 svc=35.035GHz idle=15.4%
   678     2.4s    0.0209    90.0%    90.0%    98.2%        2%/98%/0%    1.800    0.111    10.0%     0.0%   0.3049   0.0052     3.4%
  [MA20] reward=0.0184 task_sr=68.5% miss=31.5% time_limit=5.0% v2v=7.8%
  [PPO ] p_loss=0.0058 v_loss=1.0469 entropy=0.3049 grad=1.2370 active=32.9%
  [SIM ] avg_power(a)=0.6990 rsu_q=3.000 tx=220 no_tx=4 deadlock=0 svc=23.254GHz idle=5.9%
   679     2.3s    0.0146    70.0%    70.0%    93.2%        1%/99%/0%    2.281    0.163    30.0%     0.0%   0.2785   0.0026     0.6%
  [MA20] reward=0.0188 task_sr=69.5% miss=30.5% time_limit=5.0% v2v=6.8%
  [PPO ] p_loss=0.0099 v_loss=1.1356 entropy=0.2785 grad=1.6669 active=39.0%
  [SIM ] avg_power(a)=0.7180 rsu_q=4.500 tx=232 no_tx=2 deadlock=0 svc=28.355GHz idle=6.7%
  [LateGuard] restore best_model at ep679 (drop=0.280, freeze=False)
   680     2.2s    0.0220    90.0%    90.0%    96.5%       0%/100%/0%    1.950    0.075    10.0%     0.0%   0.5054   0.0045     1.1%
  [MA20] reward=0.0193 task_sr=71.2% miss=28.7% time_limit=5.0% v2v=5.7%
  [PPO ] p_loss=0.0078 v_loss=0.9074 entropy=0.5054 grad=3.5546 active=41.5%
  [SIM ] avg_power(a)=0.6219 rsu_q=3.167 tx=249 no_tx=0 deadlock=0 svc=30.916GHz idle=13.3%

    Ep    Wall    R/step     T_SR     V_SR     S_SR            L/R/V   Lat(s)       En     Miss      Ill      Ent       KL     Clip
--------------------------------------------------------------------------------------------------------------------------------
   681     2.3s    0.0237    85.0%    85.0%    90.9%        1%/97%/1%    1.859    0.072    15.0%     0.0%   0.4817   0.0109     1.7%
  [MA20] reward=0.0202 task_sr=74.0% miss=26.0% time_limit=5.0% v2v=4.4%
  [PPO ] p_loss=0.0048 v_loss=1.2609 entropy=0.4817 grad=4.2831 active=34.7%
  [SIM ] avg_power(a)=0.6065 rsu_q=2.219 tx=219 no_tx=3 deadlock=0 svc=30.655GHz idle=25.0%
   682     1.8s    0.0299    95.0%    95.0%   100.0%        0%/99%/1%    1.830    0.121     5.0%     0.0%   0.4314   0.0080     1.6%
  [MA20] reward=0.0217 task_sr=78.0% miss=22.0% time_limit=0.0% v2v=3.0%
  [PPO ] p_loss=0.0271 v_loss=0.9732 entropy=0.4314 grad=1.5708 active=44.4%
  [SIM ] avg_power(a)=0.6211 rsu_q=3.542 tx=212 no_tx=1 deadlock=0 svc=31.431GHz idle=12.5%
   683     2.0s    0.0227    70.0%    70.0%    91.5%        0%/98%/2%    1.867    0.099    30.0%     0.0%   0.5058   0.0097     2.1%
  [MA20] reward=0.0225 task_sr=78.0% miss=22.0% time_limit=0.0% v2v=2.0%
  [PPO ] p_loss=0.0025 v_loss=1.1449 entropy=0.5058 grad=1.5081 active=43.7%
  [SIM ] avg_power(a)=0.6225 rsu_q=4.231 tx=227 no_tx=0 deadlock=0 svc=32.742GHz idle=11.5%
   684     2.6s    0.0142    55.0%    55.0%    69.4%        1%/99%/1%    1.909    0.184    45.0%     0.0%   0.5910   0.0001     3.3%
  [MA20] reward=0.0228 task_sr=78.7% miss=21.2% time_limit=0.0% v2v=1.0%
  [PPO ] p_loss=0.0269 v_loss=0.7726 entropy=0.5910 grad=1.5210 active=26.5%
  [SIM ] avg_power(a)=0.6134 rsu_q=1.182 tx=174 no_tx=1 deadlock=0 svc=19.059GHz idle=9.1%
   685     2.3s    0.0189    80.0%    80.0%    95.0%        2%/95%/3%    1.888    0.102    20.0%     0.0%   0.5787  -0.0031     3.8%
  [MA20] reward=0.0229 task_sr=79.3% miss=20.8% time_limit=0.0% v2v=1.1%
  [PPO ] p_loss=-0.0271 v_loss=1.0780 entropy=0.5787 grad=3.2831 active=35.9%
  [SIM ] avg_power(a)=0.6220 rsu_q=2.094 tx=225 no_tx=5 deadlock=0 svc=24.914GHz idle=3.1%
   686     3.0s    0.0161    75.0%    75.0%    93.1%        1%/97%/2%    1.900    0.061    25.0%     0.0%   0.5676  -0.0021     3.9%
  [MA20] reward=0.0229 task_sr=79.8% miss=20.2% time_limit=0.0% v2v=1.1%
  [PPO ] p_loss=-0.0083 v_loss=1.0747 entropy=0.5676 grad=0.8495 active=31.0%
  [SIM ] avg_power(a)=0.6253 rsu_q=1.900 tx=244 no_tx=2 deadlock=0 svc=24.639GHz idle=20.0%
   687     2.2s    0.0215    80.0%    80.0%    94.7%        0%/99%/1%    1.894    0.104    20.0%     0.0%   0.5202   0.0075     2.5%
  [MA20] reward=0.0231 task_sr=80.2% miss=19.8% time_limit=0.0% v2v=1.2%
  [PPO ] p_loss=0.0273 v_loss=1.4006 entropy=0.5202 grad=12.6021 active=37.6%
  [SIM ] avg_power(a)=0.6309 rsu_q=3.194 tx=232 no_tx=1 deadlock=0 svc=27.297GHz idle=6.5%
   688     2.2s    0.0219    85.0%    85.0%    96.4%        2%/98%/0%    1.888    0.099    15.0%     0.0%   0.5126   0.0012     1.1%
  [MA20] reward=0.0229 task_sr=80.0% miss=20.0% time_limit=0.0% v2v=1.1%
  [PPO ] p_loss=0.0053 v_loss=1.4310 entropy=0.5126 grad=3.5239 active=40.3%
  [SIM ] avg_power(a)=0.6617 rsu_q=3.967 tx=237 no_tx=5 deadlock=0 svc=34.814GHz idle=26.7%
   689     2.3s    0.0226    80.0%    80.0%    95.3%        0%/99%/1%    1.919    0.116    20.0%     0.0%   0.5107   0.0075     2.8%
  [MA20] reward=0.0231 task_sr=80.8% miss=19.3% time_limit=0.0% v2v=1.0%
  [PPO ] p_loss=0.0236 v_loss=1.0958 entropy=0.5107 grad=3.1360 active=40.3%
  [SIM ] avg_power(a)=0.6422 rsu_q=3.400 tx=241 no_tx=1 deadlock=0 svc=30.453GHz idle=10.0%
   690     2.2s    0.0256    80.0%    80.0%    93.8%        1%/97%/1%    1.613    0.084    20.0%     0.0%   0.5192   0.0183     3.2%
  [MA20] reward=0.0227 task_sr=80.0% miss=20.0% time_limit=0.0% v2v=1.1%
  [PPO ] p_loss=0.0133 v_loss=1.1162 entropy=0.5192 grad=2.6287 active=34.4%
  [SIM ] avg_power(a)=0.6508 rsu_q=2.387 tx=210 no_tx=3 deadlock=0 svc=24.159GHz idle=6.5%
   691     2.1s    0.0268    85.0%    85.0%    96.3%        0%/98%/2%    1.817    0.094    15.0%     0.0%   0.4526   0.0023     1.7%
  [MA20] reward=0.0230 task_sr=80.0% miss=20.0% time_limit=0.0% v2v=1.1%
  [PPO ] p_loss=0.0020 v_loss=1.0875 entropy=0.4526 grad=1.6862 active=45.0%
  [SIM ] avg_power(a)=0.6405 rsu_q=5.692 tx=234 no_tx=0 deadlock=0 svc=32.674GHz idle=7.7%
   692     1.9s    0.0268    95.0%    95.0%   100.0%        1%/96%/2%    1.885    0.106     5.0%     0.0%   0.4306   0.0090     1.7%
  [MA20] reward=0.0230 task_sr=80.8% miss=19.2% time_limit=0.0% v2v=1.0%
  [PPO ] p_loss=0.0090 v_loss=1.0691 entropy=0.4306 grad=0.4756 active=43.3%
  [SIM ] avg_power(a)=0.6312 rsu_q=3.615 tx=222 no_tx=3 deadlock=0 svc=33.113GHz idle=11.5%
   693     2.2s    0.0283    90.0%    90.0%    94.4%        1%/97%/1%    1.883    0.088    10.0%     0.0%   0.4425   0.0034     0.9%
  [MA20] reward=0.0229 task_sr=81.0% miss=19.0% time_limit=0.0% v2v=1.0%
  [PPO ] p_loss=0.0118 v_loss=1.1141 entropy=0.4425 grad=0.7884 active=42.0%
  [SIM ] avg_power(a)=0.6356 rsu_q=4.071 tx=232 no_tx=3 deadlock=0 svc=33.394GHz idle=10.7%
   694     2.5s    0.0127    80.0%    80.0%    91.4%        4%/94%/2%    2.350    0.085    20.0%     0.0%   0.4753   0.0181     3.9%
  [MA20] reward=0.0220 task_sr=80.5% miss=19.5% time_limit=0.0% v2v=1.1%
  [PPO ] p_loss=0.0184 v_loss=1.0951 entropy=0.4753 grad=0.4100 active=41.0%
  [SIM ] avg_power(a)=0.6366 rsu_q=3.100 tx=236 no_tx=9 deadlock=0 svc=30.295GHz idle=10.0%
  [LateGuard] restore best_model at ep694 (drop=0.242, freeze=False)
   695     2.5s    0.0163    60.0%    60.0%    95.5%        0%/98%/2%    2.020    0.111    40.0%     0.0%   0.5081   0.0080     2.2%
  [MA20] reward=0.0220 task_sr=80.7% miss=19.2% time_limit=0.0% v2v=1.2%
  [PPO ] p_loss=-0.0067 v_loss=1.0673 entropy=0.5081 grad=5.8557 active=36.1%
  [SIM ] avg_power(a)=0.6171 rsu_q=2.273 tx=238 no_tx=0 deadlock=0 svc=26.078GHz idle=12.1%
   696     2.2s    0.0268    90.0%    90.0%    94.5%        1%/97%/2%    1.872    0.089    10.0%     0.0%   0.4268   0.0016     1.9%
  [MA20] reward=0.0220 task_sr=80.7% miss=19.2% time_limit=0.0% v2v=1.3%
  [PPO ] p_loss=0.0011 v_loss=0.9715 entropy=0.4268 grad=0.6040 active=42.9%
  [SIM ] avg_power(a)=0.6142 rsu_q=3.071 tx=237 no_tx=2 deadlock=0 svc=32.097GHz idle=10.7%
   697     1.9s    0.0272    90.0%    90.0%    97.6%        0%/98%/2%    1.926    0.094    10.0%     0.0%   0.5004   0.0019     2.1%
  [MA20] reward=0.0220 task_sr=81.2% miss=18.8% time_limit=0.0% v2v=1.4%
  [PPO ] p_loss=0.0213 v_loss=1.2991 entropy=0.5004 grad=5.0054 active=48.4%
  [SIM ] avg_power(a)=0.6283 rsu_q=5.000 tx=241 no_tx=0 deadlock=0 svc=35.923GHz idle=8.0%
   698     2.2s    0.0223    85.0%    85.0%    95.4%        0%/97%/2%    1.829    0.077    15.0%     0.0%   0.5203 1.32e-05     4.3%
  [MA20] reward=0.0220 task_sr=81.0% miss=19.0% time_limit=0.0% v2v=1.5%
  [PPO ] p_loss=0.0071 v_loss=1.1804 entropy=0.5203 grad=2.7718 active=38.2%
  [SIM ] avg_power(a)=0.6001 rsu_q=2.467 tx=227 no_tx=1 deadlock=0 svc=29.956GHz idle=13.3%
   699     2.4s    0.0183    70.0%    70.0%    94.3%        0%/99%/1%    1.933    0.087    30.0%     0.0%   0.5281   0.0012     3.4%
  [MA20] reward=0.0222 task_sr=81.0% miss=19.0% time_limit=0.0% v2v=1.5%
  [PPO ] p_loss=-0.0058 v_loss=1.2964 entropy=0.5281 grad=8.5561 active=40.0%
  [SIM ] avg_power(a)=0.6092 rsu_q=3.290 tx=248 no_tx=0 deadlock=0 svc=28.466GHz idle=6.5%
   700     2.0s    0.0259    85.0%    85.0%    94.6%        0%/99%/0%    1.782    0.076    15.0%     0.0%   0.4852   0.0065     1.0%
  [MA20] reward=0.0224 task_sr=80.7% miss=19.2% time_limit=0.0% v2v=1.5%
  [PPO ] p_loss=-0.0036 v_loss=1.0410 entropy=0.4852 grad=5.2265 active=42.2%
  [SIM ] avg_power(a)=0.5922 rsu_q=3.963 tx=226 no_tx=1 deadlock=0 svc=31.719GHz idle=11.1%

    Ep    Wall    R/step     T_SR     V_SR     S_SR            L/R/V   Lat(s)       En     Miss      Ill      Ent       KL     Clip
--------------------------------------------------------------------------------------------------------------------------------
   701     2.1s    0.0198    70.0%    70.0%    89.0%       0%/100%/0%    1.914    0.137    30.0%     0.0%   0.4801   0.0071     0.8%
  [MA20] reward=0.0222 task_sr=80.0% miss=20.0% time_limit=0.0% v2v=1.5%
  [PPO ] p_loss=0.0065 v_loss=0.9187 entropy=0.4801 grad=1.1250 active=39.4%
  [SIM ] avg_power(a)=0.6008 rsu_q=5.222 tx=213 no_tx=0 deadlock=0 svc=28.589GHz idle=7.4%
   702     2.2s    0.0216    80.0%    80.0%    97.3%        0%/99%/1%    2.000    0.094    20.0%     0.0%   0.4294  -0.0006     0.8%
  [MA20] reward=0.0218 task_sr=79.2% miss=20.7% time_limit=0.0% v2v=1.5%
  [PPO ] p_loss=0.0020 v_loss=1.1870 entropy=0.4294 grad=1.1066 active=40.3%
  [SIM ] avg_power(a)=0.5847 rsu_q=3.903 tx=249 no_tx=1 deadlock=0 svc=28.940GHz idle=9.7%
   703     2.2s    0.0253    90.0%    90.0%    97.6%        0%/99%/0%    1.783    0.068    10.0%     0.0%   0.4731  -0.0087     0.7%
  [MA20] reward=0.0219 task_sr=80.2% miss=19.8% time_limit=0.0% v2v=1.4%
  [PPO ] p_loss=-0.0026 v_loss=1.3801 entropy=0.4731 grad=7.2571 active=37.5%
  [SIM ] avg_power(a)=0.5745 rsu_q=3.094 tx=239 no_tx=1 deadlock=0 svc=38.118GHz idle=37.5%
   704     2.1s    0.0302    95.0%    95.0%    99.2%        1%/98%/1%    1.963    0.069     5.0%     0.0%   0.4611   0.0067     1.3%
  [MA20] reward=0.0227 task_sr=82.2% miss=17.8% time_limit=0.0% v2v=1.4%
  [PPO ] p_loss=0.0061 v_loss=1.1265 entropy=0.4611 grad=6.0404 active=48.1%
  [SIM ] avg_power(a)=0.5531 rsu_q=5.259 tx=257 no_tx=3 deadlock=0 svc=37.275GHz idle=11.1%
   705     1.9s    0.0318    90.0%    90.0%    98.8%        0%/99%/0%    1.889    0.081    10.0%     0.0%   0.4698   0.0037     0.2%
  [MA20] reward=0.0234 task_sr=82.8% miss=17.2% time_limit=0.0% v2v=1.3%
  [PPO ] p_loss=0.0077 v_loss=0.9270 entropy=0.4698 grad=1.5511 active=50.4%
  [SIM ] avg_power(a)=0.5599 rsu_q=4.920 tx=251 no_tx=1 deadlock=0 svc=34.624GHz idle=4.0%
   706     1.9s    0.0278    90.0%    90.0%   100.0%       0%/100%/0%    1.915    0.087    10.0%     0.0%   0.4946   0.0067     0.5%
  [MA20] reward=0.0240 task_sr=83.5% miss=16.5% time_limit=0.0% v2v=1.2%
  [PPO ] p_loss=0.0342 v_loss=1.1936 entropy=0.4946 grad=6.5928 active=48.8%
  [SIM ] avg_power(a)=0.5478 rsu_q=5.160 tx=244 no_tx=0 deadlock=0 svc=34.953GHz idle=12.0%
   707     2.3s    0.0244    85.0%    85.0%    96.8%       0%/100%/0%    1.847    0.077    15.0%     0.0%   0.4780   0.0013     0.8%
  [MA20] reward=0.0241 task_sr=83.8% miss=16.2% time_limit=0.0% v2v=1.1%
  [PPO ] p_loss=-0.0020 v_loss=1.0739 entropy=0.4780 grad=1.2370 active=39.4%
  [SIM ] avg_power(a)=0.5387 rsu_q=4.032 tx=243 no_tx=1 deadlock=0 svc=32.367GHz idle=16.1%
   708     2.1s    0.0240    90.0%    90.0%    98.4%        0%/99%/1%    1.939    0.084    10.0%     0.0%   0.5049   0.0013     1.4%
  [MA20] reward=0.0242 task_sr=84.0% miss=16.0% time_limit=0.0% v2v=1.2%
  [PPO ] p_loss=-0.0023 v_loss=0.8734 entropy=0.5049 grad=1.1566 active=43.6%
  [SIM ] avg_power(a)=0.5441 rsu_q=3.714 tx=243 no_tx=1 deadlock=0 svc=33.783GHz idle=21.4%
   709     2.0s    0.0272    85.0%    85.0%    95.7%       0%/100%/0%    1.833    0.100    15.0%     0.0%   0.6029   0.0067     3.2%
  [MA20] reward=0.0244 task_sr=84.2% miss=15.8% time_limit=0.0% v2v=1.1%
  [PPO ] p_loss=0.0090 v_loss=1.3900 entropy=0.6029 grad=6.8572 active=42.0%
  [SIM ] avg_power(a)=0.5348 rsu_q=2.778 tx=227 no_tx=0 deadlock=0 svc=31.472GHz idle=14.8%
   710     2.0s    0.0212    80.0%    80.0%    95.4%        2%/97%/1%    1.900    0.062    20.0%     0.0%   0.5823   0.0094     3.9%
  [MA20] reward=0.0242 task_sr=84.2% miss=15.8% time_limit=0.0% v2v=1.1%
  [PPO ] p_loss=0.0041 v_loss=1.0409 entropy=0.5823 grad=1.8677 active=39.3%
  [SIM ] avg_power(a)=0.5240 rsu_q=4.259 tx=208 no_tx=4 deadlock=0 svc=28.539GHz idle=3.7%
   711     1.8s    0.0318    95.0%    95.0%    97.1%       0%/100%/0%    1.805    0.058     5.0%     0.0%   0.5199   0.0069     1.8%
  [MA20] reward=0.0245 task_sr=84.7% miss=15.2% time_limit=0.0% v2v=1.0%
  [PPO ] p_loss=0.0184 v_loss=1.3015 entropy=0.5199 grad=5.5115 active=47.6%
  [SIM ] avg_power(a)=0.5128 rsu_q=5.040 tx=238 no_tx=0 deadlock=0 svc=34.573GHz idle=8.0%
   712     2.1s    0.0170    65.0%    65.0%    92.4%       0%/100%/0%    2.006    0.107    35.0%     0.0%   0.4545  -0.0020     0.8%
  [MA20] reward=0.0240 task_sr=83.2% miss=16.8% time_limit=0.0% v2v=0.9%
  [PPO ] p_loss=-0.0063 v_loss=0.9482 entropy=0.4545 grad=2.9982 active=40.6%
  [SIM ] avg_power(a)=0.5414 rsu_q=3.778 tx=219 no_tx=0 deadlock=0 svc=26.799GHz idle=3.7%
   713     2.4s    0.0220    90.0%    90.0%    96.8%        0%/99%/0%    1.906    0.084    10.0%     0.0%   0.4618   0.0012     0.7%
  [MA20] reward=0.0237 task_sr=83.2% miss=16.8% time_limit=0.0% v2v=0.9%
  [PPO ] p_loss=0.0054 v_loss=0.9674 entropy=0.4618 grad=4.1328 active=37.1%
  [SIM ] avg_power(a)=0.5227 rsu_q=3.515 tx=244 no_tx=1 deadlock=0 svc=28.163GHz idle=15.2%
   714     2.1s    0.0249    85.0%    85.0%    96.6%       0%/100%/0%    2.033    0.111    15.0%     0.0%   0.3844   0.0053     0.6%
  [MA20] reward=0.0243 task_sr=83.5% miss=16.5% time_limit=0.0% v2v=0.8%
  [PPO ] p_loss=-0.0024 v_loss=1.2203 entropy=0.3844 grad=3.4839 active=41.5%
  [SIM ] avg_power(a)=0.5362 rsu_q=3.963 tx=224 no_tx=0 deadlock=0 svc=31.648GHz idle=11.1%
   715     2.0s    0.0305    85.0%    85.0%    93.2%       0%/100%/0%    1.733    0.068    15.0%     0.0%   0.4505   0.0061     0.6%
  [MA20] reward=0.0250 task_sr=84.8% miss=15.2% time_limit=0.0% v2v=0.7%
  [PPO ] p_loss=-0.0003 v_loss=1.4670 entropy=0.4505 grad=5.7969 active=40.6%
  [SIM ] avg_power(a)=0.5475 rsu_q=3.481 tx=218 no_tx=1 deadlock=0 svc=29.219GHz idle=11.1%
   716     2.2s    0.0233    75.0%    75.0%    92.0%        0%/99%/1%    1.713    0.086    25.0%     0.0%   0.5336   0.0226     6.6%
  [MA20] reward=0.0248 task_sr=84.0% miss=16.0% time_limit=0.0% v2v=0.6%
  [PPO ] p_loss=-0.0174 v_loss=1.0156 entropy=0.5336 grad=2.9363 active=36.5%
  [SIM ] avg_power(a)=0.5166 rsu_q=2.516 tx=225 no_tx=1 deadlock=0 svc=24.551GHz idle=3.2%
   717     2.3s    0.0169    65.0%    65.0%    87.3%        0%/99%/1%    1.885    0.105    35.0%     0.0%   0.4446   0.0004     1.1%
  [MA20] reward=0.0243 task_sr=82.7% miss=17.2% time_limit=0.0% v2v=0.6%
  [PPO ] p_loss=0.0027 v_loss=0.9390 entropy=0.4446 grad=1.9586 active=36.0%
  [SIM ] avg_power(a)=0.5545 rsu_q=3.000 tx=222 no_tx=1 deadlock=0 svc=26.581GHz idle=9.7%
   718     2.5s    0.0203    90.0%    90.0%    90.4%       0%/100%/0%    2.078    0.095    10.0%     0.0%   0.4765  -0.0042     2.2%
  [MA20] reward=0.0242 task_sr=83.0% miss=17.0% time_limit=0.0% v2v=0.5%
  [PPO ] p_loss=-0.0104 v_loss=1.5197 entropy=0.4765 grad=5.3441 active=34.9%
  [SIM ] avg_power(a)=0.5458 rsu_q=2.647 tx=236 no_tx=1 deadlock=0 svc=27.803GHz idle=11.8%
   719     2.3s    0.0187    70.0%    70.0%    92.3%       0%/100%/0%    1.944    0.115    30.0%     0.0%   0.5420   0.0132     3.5%
  [MA20] reward=0.0242 task_sr=83.0% miss=17.0% time_limit=0.0% v2v=0.4%
  [PPO ] p_loss=-0.0102 v_loss=1.0109 entropy=0.5420 grad=0.5565 active=37.9%
  [SIM ] avg_power(a)=0.5697 rsu_q=2.276 tx=219 no_tx=1 deadlock=0 svc=27.125GHz idle=10.3%
   720     1.9s    0.0348   100.0%   100.0%   100.0%        0%/98%/1%    1.770    0.073     0.0%     0.0%   0.4551   0.0116     2.9%
  [MA20] reward=0.0247 task_sr=83.8% miss=16.2% time_limit=0.0% v2v=0.5%
  [PPO ] p_loss=-0.0160 v_loss=0.9599 entropy=0.4551 grad=7.0052 active=50.0%
  [SIM ] avg_power(a)=0.5439 rsu_q=4.875 tx=239 no_tx=1 deadlock=0 svc=37.900GHz idle=12.5%

    Ep    Wall    R/step     T_SR     V_SR     S_SR            L/R/V   Lat(s)       En     Miss      Ill      Ent       KL     Clip
--------------------------------------------------------------------------------------------------------------------------------
   721     2.5s    0.0173    75.0%    75.0%    88.4%       0%/100%/0%    2.033    0.092    25.0%     0.0%   0.4929  -0.0020     3.8%
  [MA20] reward=0.0245 task_sr=84.0% miss=16.0% time_limit=0.0% v2v=0.5%
  [PPO ] p_loss=-0.0089 v_loss=1.0863 entropy=0.4929 grad=4.0861 active=34.8%
  [SIM ] avg_power(a)=0.5353 rsu_q=3.156 tx=223 no_tx=0 deadlock=0 svc=27.461GHz idle=18.7%
   722     2.3s    0.0195    75.0%    75.0%    93.2%        0%/99%/1%    2.124    0.079    25.0%     0.0%   0.4731   0.0054     3.4%
  [MA20] reward=0.0244 task_sr=83.8% miss=16.2% time_limit=0.0% v2v=0.5%
  [PPO ] p_loss=0.0025 v_loss=1.0584 entropy=0.4731 grad=1.3700 active=38.4%
  [SIM ] avg_power(a)=0.5216 rsu_q=4.419 tx=237 no_tx=1 deadlock=0 svc=30.885GHz idle=19.4%
   723     2.3s    0.0217    85.0%    85.0%    99.2%        0%/99%/0%    2.016    0.082    15.0%     0.0%   0.5220  -0.0005     0.8%
  [MA20] reward=0.0243 task_sr=83.5% miss=16.5% time_limit=0.0% v2v=0.5%
  [PPO ] p_loss=0.0072 v_loss=1.1383 entropy=0.5220 grad=0.3130 active=41.5%
  [SIM ] avg_power(a)=0.5325 rsu_q=2.967 tx=248 no_tx=1 deadlock=0 svc=32.791GHz idle=20.0%
   724     2.4s    0.0180    60.0%    60.0%    89.4%        1%/98%/1%    1.893    0.079    40.0%     0.0%   0.5295   0.0047     0.9%
  [MA20] reward=0.0236 task_sr=81.7% miss=18.2% time_limit=0.0% v2v=0.5%
  [PPO ] p_loss=0.0002 v_loss=0.9859 entropy=0.5295 grad=0.9224 active=35.8%
  [SIM ] avg_power(a)=0.5305 rsu_q=2.656 tx=226 no_tx=2 deadlock=0 svc=27.153GHz idle=15.6%
   725     2.3s    0.0232    90.0%    90.0%    95.4%        0%/99%/0%    1.961    0.066    10.0%     0.0%   0.4102   0.0082     0.8%
  [MA20] reward=0.0232 task_sr=81.7% miss=18.2% time_limit=0.0% v2v=0.5%
  [PPO ] p_loss=-0.0068 v_loss=1.1474 entropy=0.4102 grad=0.3702 active=39.1%
  [SIM ] avg_power(a)=0.5221 rsu_q=3.897 tx=226 no_tx=1 deadlock=0 svc=30.923GHz idle=13.8%
   726     2.2s    0.0273    90.0%    90.0%    99.1%       0%/100%/0%    1.583    0.044    10.0%     0.0%   0.4278   0.0029     0.2%
  [MA20] reward=0.0232 task_sr=81.7% miss=18.2% time_limit=0.0% v2v=0.5%
  [PPO ] p_loss=-0.0175 v_loss=0.9273 entropy=0.4278 grad=2.2066 active=35.0%
  [SIM ] avg_power(a)=0.5213 rsu_q=3.303 tx=231 no_tx=0 deadlock=0 svc=34.645GHz idle=39.4%
   727     2.3s    0.0223    75.0%    75.0%    87.2%        0%/98%/1%    1.940    0.090    25.0%     0.0%   0.5508  -0.0005     2.6%
  [MA20] reward=0.0231 task_sr=81.2% miss=18.8% time_limit=0.0% v2v=0.5%
  [PPO ] p_loss=0.0279 v_loss=0.8877 entropy=0.5508 grad=0.5911 active=37.8%
  [SIM ] avg_power(a)=0.5225 rsu_q=3.167 tx=226 no_tx=1 deadlock=0 svc=28.195GHz idle=6.7%
   728     2.0s    0.0317    85.0%    85.0%    97.9%       0%/100%/0%    1.722    0.048    15.0%     0.0%   0.4095   0.0024     0.9%
  [MA20] reward=0.0235 task_sr=81.0% miss=19.0% time_limit=0.0% v2v=0.5%
  [PPO ] p_loss=-0.0075 v_loss=0.9224 entropy=0.4095 grad=1.1287 active=43.9%
  [SIM ] avg_power(a)=0.5207 rsu_q=4.630 tx=237 no_tx=0 deadlock=0 svc=35.761GHz idle=14.8%
   729     2.2s    0.0265    90.0%    90.0%    95.5%       0%/100%/0%    1.961    0.066    10.0%     0.0%   0.4509   0.0051     0.0%
  [MA20] reward=0.0234 task_sr=81.2% miss=18.8% time_limit=0.0% v2v=0.5%
  [PPO ] p_loss=-0.0010 v_loss=1.1856 entropy=0.4509 grad=0.9843 active=43.8%
  [SIM ] avg_power(a)=0.5200 rsu_q=3.759 tx=254 no_tx=0 deadlock=0 svc=31.720GHz idle=6.9%
   730     2.1s    0.0318   100.0%   100.0%   100.0%       0%/100%/0%    1.915    0.058     0.0%     0.0%   0.4497   0.0041     2.2%
  [MA20] reward=0.0240 task_sr=82.2% miss=17.8% time_limit=0.0% v2v=0.5%
  [PPO ] p_loss=-3.69e-05 v_loss=1.2082 entropy=0.4497 grad=1.0522 active=47.8%
  [SIM ] avg_power(a)=0.5081 rsu_q=4.333 tx=258 no_tx=0 deadlock=0 svc=38.046GHz idle=14.8%
   731     2.4s    0.0211    70.0%    70.0%    86.8%        0%/99%/1%    1.820    0.084    30.0%     0.0%   0.4697   0.0120     3.8%
  [MA20] reward=0.0234 task_sr=81.0% miss=19.0% time_limit=0.0% v2v=0.5%
  [PPO ] p_loss=0.0219 v_loss=1.1294 entropy=0.4697 grad=0.4737 active=32.6%
  [SIM ] avg_power(a)=0.4679 rsu_q=2.152 tx=215 no_tx=0 deadlock=0 svc=24.430GHz idle=12.1%
   732     2.0s    0.0279    90.0%    90.0%    97.1%       0%/100%/0%    1.883    0.067    10.0%     0.0%   0.3976   0.0014     1.7%
  [MA20] reward=0.0240 task_sr=82.2% miss=17.8% time_limit=0.0% v2v=0.5%
  [PPO ] p_loss=-0.0071 v_loss=1.0321 entropy=0.3976 grad=0.6975 active=43.0%
  [SIM ] avg_power(a)=0.4565 rsu_q=4.815 tx=232 no_tx=0 deadlock=0 svc=35.296GHz idle=14.8%
   733     2.1s    0.0265    85.0%    85.0%    96.4%        0%/99%/0%    1.759    0.066    15.0%     0.0%   0.4952   0.0050     2.6%
  [MA20] reward=0.0242 task_sr=82.0% miss=18.0% time_limit=0.0% v2v=0.5%
  [PPO ] p_loss=0.0195 v_loss=1.0594 entropy=0.4952 grad=1.4046 active=43.0%
  [SIM ] avg_power(a)=0.4981 rsu_q=4.464 tx=240 no_tx=1 deadlock=0 svc=30.686GHz idle=10.7%
   734     2.2s    0.0315    95.0%    95.0%    99.6%        0%/99%/1%    1.684    0.058     5.0%     0.0%   0.4226   0.0145     4.2%
  [MA20] reward=0.0245 task_sr=82.5% miss=17.5% time_limit=0.0% v2v=0.5%
  [PPO ] p_loss=0.0055 v_loss=0.8282 entropy=0.4226 grad=1.6074 active=41.0%
  [SIM ] avg_power(a)=0.4691 rsu_q=4.759 tx=238 no_tx=0 deadlock=0 svc=42.090GHz idle=34.5%
  → Best model saved: Success Rate = 0.830 (50-ep avg)
   735     2.3s    0.0165    60.0%    60.0%    89.7%        1%/98%/1%    2.023    0.076    40.0%     0.0%   0.4230   0.0029     3.1%
  [MA20] reward=0.0238 task_sr=81.2% miss=18.7% time_limit=0.0% v2v=0.6%
  [PPO ] p_loss=0.0009 v_loss=1.2352 entropy=0.4230 grad=1.3894 active=36.0%
  [SIM ] avg_power(a)=0.4379 rsu_q=3.367 tx=213 no_tx=3 deadlock=0 svc=25.803GHz idle=6.7%
   736     1.9s    0.0333   100.0%   100.0%   100.0%        0%/99%/1%    1.755    0.050     0.0%     0.0%   0.4410   0.0035     1.4%
  [MA20] reward=0.0243 task_sr=82.5% miss=17.5% time_limit=0.0% v2v=0.6%
  [PPO ] p_loss=0.0022 v_loss=1.2153 entropy=0.4410 grad=1.8799 active=46.7%
  [SIM ] avg_power(a)=0.4553 rsu_q=3.885 tx=242 no_tx=1 deadlock=0 svc=36.126GHz idle=19.2%
  → Best model saved: Success Rate = 0.831 (50-ep avg)
   737     2.3s    0.0215    90.0%    90.0%    97.2%       0%/100%/0%    2.172    0.086    10.0%     0.0%   0.4738   0.0074     0.6%
  [MA20] reward=0.0246 task_sr=83.8% miss=16.2% time_limit=0.0% v2v=0.6%
  [PPO ] p_loss=-0.0003 v_loss=1.0547 entropy=0.4738 grad=1.8990 active=41.4%
  [SIM ] avg_power(a)=0.4621 rsu_q=5.931 tx=240 no_tx=0 deadlock=0 svc=32.874GHz idle=17.2%
  → Best model saved: Success Rate = 0.833 (50-ep avg)
   738     2.0s    0.0275   100.0%   100.0%   100.0%        0%/99%/0%    1.945    0.060     0.0%     0.0%   0.4923   0.0039     1.5%
  [MA20] reward=0.0249 task_sr=84.2% miss=15.8% time_limit=0.0% v2v=0.6%
  [PPO ] p_loss=-0.0052 v_loss=1.1941 entropy=0.4923 grad=1.5758 active=44.6%
  [SIM ] avg_power(a)=0.4632 rsu_q=5.148 tx=240 no_tx=1 deadlock=0 svc=32.198GHz idle=7.4%
  → Best model saved: Success Rate = 0.836 (50-ep avg)
   739     1.9s    0.0286    85.0%    85.0%    99.1%        1%/98%/1%    1.784    0.072    15.0%     0.0%   0.4918   0.0039     2.0%
  [MA20] reward=0.0254 task_sr=85.0% miss=15.0% time_limit=0.0% v2v=0.6%
  [PPO ] p_loss=-0.0909 v_loss=1.0839 entropy=0.4918 grad=1.4978 active=43.0%
  [SIM ] avg_power(a)=0.4641 rsu_q=3.560 tx=213 no_tx=2 deadlock=0 svc=32.395GHz idle=12.0%
  → Best model saved: Success Rate = 0.837 (50-ep avg)
   740     2.6s    0.0138    60.0%    60.0%    86.7%        1%/98%/1%    2.086    0.089    40.0%     0.0%   0.5946   0.0056     2.9%
  [MA20] reward=0.0244 task_sr=83.0% miss=17.0% time_limit=0.0% v2v=0.7%
  [PPO ] p_loss=0.0062 v_loss=0.9951 entropy=0.5946 grad=0.6345 active=33.3%
  [SIM ] avg_power(a)=0.4801 rsu_q=2.062 tx=210 no_tx=2 deadlock=0 svc=23.380GHz idle=6.2%

    Ep    Wall    R/step     T_SR     V_SR     S_SR            L/R/V   Lat(s)       En     Miss      Ill      Ent       KL     Clip
--------------------------------------------------------------------------------------------------------------------------------
   741     2.2s    0.0207    90.0%    90.0%    98.8%        0%/98%/1%    2.033    0.065    10.0%     0.0%   0.5029   0.0064     0.7%
  [MA20] reward=0.0245 task_sr=83.8% miss=16.2% time_limit=0.0% v2v=0.7%
  [PPO ] p_loss=0.0019 v_loss=0.9527 entropy=0.5029 grad=0.9044 active=41.3%
  [SIM ] avg_power(a)=0.4770 rsu_q=4.300 tx=247 no_tx=1 deadlock=0 svc=31.875GHz idle=10.0%
   742     2.1s    0.0256    80.0%    80.0%    92.1%        1%/98%/1%    1.919    0.091    20.0%     0.0%   0.5351   0.0020     3.1%
  [MA20] reward=0.0248 task_sr=84.0% miss=16.0% time_limit=0.0% v2v=0.7%
  [PPO ] p_loss=0.0025 v_loss=1.3058 entropy=0.5351 grad=5.5290 active=40.8%
  [SIM ] avg_power(a)=0.4633 rsu_q=3.038 tx=210 no_tx=2 deadlock=0 svc=28.748GHz idle=3.8%
   743     2.6s    0.0135    70.0%    70.0%    97.4%        2%/96%/2%    2.119    0.050    30.0%     0.0%   0.6631   0.0070     2.9%
  [MA20] reward=0.0244 task_sr=83.3% miss=16.8% time_limit=0.0% v2v=0.8%
  [PPO ] p_loss=-0.0037 v_loss=1.0285 entropy=0.6631 grad=0.6552 active=39.7%
  [SIM ] avg_power(a)=0.4599 rsu_q=4.182 tx=258 no_tx=4 deadlock=0 svc=27.650GHz idle=3.0%
   744     2.2s    0.0211    70.0%    70.0%    94.4%        3%/96%/2%    1.960    0.078    30.0%     0.0%   0.7275   0.0065     2.2%
  [MA20] reward=0.0246 task_sr=83.8% miss=16.2% time_limit=0.0% v2v=0.9%
  [PPO ] p_loss=0.0218 v_loss=1.3942 entropy=0.7275 grad=5.6453 active=42.5%
  [SIM ] avg_power(a)=0.4879 rsu_q=3.429 tx=232 no_tx=6 deadlock=0 svc=28.734GHz idle=3.6%
   745     2.8s    0.0137    50.0%    50.0%    91.9%        1%/96%/3%    1.883    0.073    50.0%     0.0%   0.7113   0.0079     4.3%
  [MA20] reward=0.0241 task_sr=81.8% miss=18.2% time_limit=0.0% v2v=1.0%
  [PPO ] p_loss=-0.0195 v_loss=1.2008 entropy=0.7113 grad=1.3391 active=32.2%
  [SIM ] avg_power(a)=0.4723 rsu_q=2.722 tx=229 no_tx=3 deadlock=0 svc=23.366GHz idle=2.8%
   746     2.2s    0.0218    85.0%    85.0%    96.9%        2%/94%/4%    1.918    0.072    15.0%     0.0%   0.7241  -0.0018     4.5%
  [MA20] reward=0.0238 task_sr=81.5% miss=18.5% time_limit=0.0% v2v=1.2%
  [PPO ] p_loss=-0.0009 v_loss=1.2008 entropy=0.7241 grad=0.9487 active=38.4%
  [SIM ] avg_power(a)=0.4617 rsu_q=3.552 tx=218 no_tx=4 deadlock=0 svc=30.480GHz idle=13.8%
   747     2.6s    0.0120    50.0%    50.0%    82.8%        1%/95%/4%    2.064    0.062    50.0%     0.0%   0.8229   0.0138     4.4%
  [MA20] reward=0.0233 task_sr=80.2% miss=19.7% time_limit=0.0% v2v=1.3%
  [PPO ] p_loss=-0.0170 v_loss=0.9777 entropy=0.8229 grad=1.1144 active=33.3%
  [SIM ] avg_power(a)=0.4567 rsu_q=2.152 tx=217 no_tx=3 deadlock=0 svc=22.976GHz idle=6.1%
   748     2.3s    0.0210    75.0%    75.0%    87.5%        3%/93%/4%    1.887    0.077    25.0%     0.0%   0.7735   0.0055     4.4%
  [MA20] reward=0.0228 task_sr=79.8% miss=20.2% time_limit=0.0% v2v=1.5%
  [PPO ] p_loss=-0.0058 v_loss=0.9563 entropy=0.7735 grad=1.0555 active=40.5%
  [SIM ] avg_power(a)=0.4710 rsu_q=3.786 tx=218 no_tx=7 deadlock=0 svc=30.128GHz idle=10.7%
   749     2.2s    0.0160    70.0%    70.0%    90.7%        3%/92%/5%    2.007    0.083    30.0%     0.0%   0.5932   0.0158     7.3%
  [MA20] reward=0.0223 task_sr=78.7% miss=21.2% time_limit=0.0% v2v=1.8%
  [PPO ] p_loss=0.0021 v_loss=1.0568 entropy=0.5932 grad=0.6902 active=36.6%
  [SIM ] avg_power(a)=0.4821 rsu_q=2.679 tx=199 no_tx=6 deadlock=0 svc=25.246GHz idle=7.1%
   750     2.2s    0.0244    75.0%    75.0%    92.4%        1%/96%/2%    1.769    0.055    25.0%     0.0%   0.5151   0.0092     1.9%
  [MA20] reward=0.0219 task_sr=77.5% miss=22.5% time_limit=0.0% v2v=1.8%
  [PPO ] p_loss=-0.0028 v_loss=1.1358 entropy=0.5151 grad=1.5887 active=37.0%
  [SIM ] avg_power(a)=0.5043 rsu_q=3.133 tx=219 no_tx=3 deadlock=0 svc=26.516GHz idle=3.3%
   751     2.4s    0.0153    65.0%    65.0%    87.6%        3%/95%/1%    2.107    0.100    35.0%     0.0%   0.5197   0.0089     3.1%
  [MA20] reward=0.0216 task_sr=77.2% miss=22.7% time_limit=0.0% v2v=1.9%
  [PPO ] p_loss=0.0344 v_loss=1.0684 entropy=0.5197 grad=1.0614 active=30.5%
  [SIM ] avg_power(a)=0.5163 rsu_q=1.606 tx=194 no_tx=7 deadlock=0 svc=21.962GHz idle=6.1%
   752     2.2s    0.0235    75.0%    75.0%    97.0%        1%/99%/0%    1.956    0.079    25.0%     0.0%   0.5749   0.0091     2.1%
  [MA20] reward=0.0214 task_sr=76.5% miss=23.5% time_limit=0.0% v2v=1.9%
  [PPO ] p_loss=-0.0012 v_loss=0.9193 entropy=0.5749 grad=1.1912 active=44.8%
  [SIM ] avg_power(a)=0.5194 rsu_q=3.690 tx=258 no_tx=2 deadlock=0 svc=32.725GHz idle=6.9%
   753     2.2s    0.0330    95.0%    95.0%    98.8%        1%/98%/1%    1.821    0.055     5.0%     0.0%   0.5527   0.0064     0.9%
  [MA20] reward=0.0217 task_sr=77.0% miss=23.0% time_limit=0.0% v2v=1.9%
  [PPO ] p_loss=-0.0018 v_loss=1.0935 entropy=0.5527 grad=1.8811 active=44.6%
  [SIM ] avg_power(a)=0.5035 rsu_q=4.630 tx=239 no_tx=2 deadlock=0 svc=37.143GHz idle=22.2%
   754     2.7s    0.0147    60.0%    60.0%    84.5%        2%/97%/1%    1.867    0.102    40.0%     0.0%   0.5964  -0.0006     3.1%
  [MA20] reward=0.0209 task_sr=75.2% miss=24.8% time_limit=0.0% v2v=1.9%
  [PPO ] p_loss=0.0139 v_loss=1.5008 entropy=0.5964 grad=6.2775 active=31.5%
  [SIM ] avg_power(a)=0.5250 rsu_q=2.000 tx=209 no_tx=5 deadlock=0 svc=21.401GHz idle=2.9%
   755     2.7s    0.0149    70.0%    70.0%    86.0%        0%/97%/3%    2.071    0.109    30.0%     0.0%   0.6061   0.0093     3.9%
  [MA20] reward=0.0208 task_sr=75.8% miss=24.2% time_limit=0.0% v2v=2.0%
  [PPO ] p_loss=-0.0074 v_loss=1.3366 entropy=0.6061 grad=2.1800 active=34.1%
  [SIM ] avg_power(a)=0.5398 rsu_q=2.000 tx=232 no_tx=0 deadlock=0 svc=24.331GHz idle=5.9%
   756     2.3s    0.0202    80.0%    80.0%    94.0%        1%/98%/1%    2.035    0.090    20.0%     0.0%   0.5575   0.0004     1.3%
  [MA20] reward=0.0201 task_sr=74.8% miss=25.2% time_limit=0.0% v2v=2.1%
  [PPO ] p_loss=0.0051 v_loss=0.9264 entropy=0.5575 grad=1.3970 active=38.4%
  [SIM ] avg_power(a)=0.5338 rsu_q=3.194 tx=236 no_tx=2 deadlock=0 svc=30.031GHz idle=12.9%
   757     2.1s    0.0211    70.0%    70.0%    94.1%        1%/96%/4%    1.760    0.075    30.0%     0.0%   0.6451   0.0124     2.0%
  [MA20] reward=0.0201 task_sr=73.8% miss=26.3% time_limit=0.0% v2v=2.2%
  [PPO ] p_loss=0.0031 v_loss=1.1728 entropy=0.6451 grad=1.3848 active=40.4%
  [SIM ] avg_power(a)=0.5675 rsu_q=3.071 tx=223 no_tx=2 deadlock=0 svc=28.455GHz idle=7.1%
   758     2.2s    0.0214    80.0%    80.0%    98.8%        4%/93%/3%    2.022    0.068    20.0%     0.0%   0.6413   0.0006     3.4%
  [MA20] reward=0.0198 task_sr=72.8% miss=27.3% time_limit=0.0% v2v=2.3%
  [PPO ] p_loss=-0.0025 v_loss=1.3412 entropy=0.6413 grad=1.5696 active=44.5%
  [SIM ] avg_power(a)=0.5583 rsu_q=2.750 tx=239 no_tx=10 deadlock=0 svc=32.388GHz idle=14.3%
   759     2.2s    0.0209    70.0%    70.0%    94.5%        6%/92%/2%    1.853    0.063    30.0%     0.0%   0.6786   0.0097     3.2%
  [MA20] reward=0.0194 task_sr=72.0% miss=28.0% time_limit=0.0% v2v=2.4%
  [PPO ] p_loss=-0.0085 v_loss=0.9262 entropy=0.6786 grad=1.1686 active=38.8%
  [SIM ] avg_power(a)=0.5405 rsu_q=2.345 tx=211 no_tx=13 deadlock=0 svc=30.254GHz idle=13.8%
   760     2.5s    0.0194    75.0%    75.0%    87.1%        3%/95%/2%    1.853    0.096    25.0%     0.0%   0.5990   0.0044     4.7%
  [MA20] reward=0.0197 task_sr=72.8% miss=27.3% time_limit=0.0% v2v=2.4%
  [PPO ] p_loss=-0.0119 v_loss=1.1906 entropy=0.5990 grad=0.9632 active=30.1%
  [SIM ] avg_power(a)=0.5722 rsu_q=1.941 tx=199 no_tx=6 deadlock=0 svc=22.847GHz idle=8.8%

    Ep    Wall    R/step     T_SR     V_SR     S_SR            L/R/V   Lat(s)       En     Miss      Ill      Ent       KL     Clip
--------------------------------------------------------------------------------------------------------------------------------
   761     2.0s    0.0238    80.0%    80.0%    94.0%        2%/97%/1%    1.929    0.108    20.0%     0.0%   0.4802  -0.0042     1.2%
  [MA20] reward=0.0199 task_sr=72.2% miss=27.8% time_limit=0.0% v2v=2.4%
  [PPO ] p_loss=0.0060 v_loss=1.3683 entropy=0.4802 grad=1.4043 active=41.1%
  [SIM ] avg_power(a)=0.6023 rsu_q=3.519 tx=218 no_tx=4 deadlock=0 svc=32.212GHz idle=11.1%
   762     2.1s    0.0168    65.0%    65.0%    94.1%        2%/97%/1%    2.043    0.122    35.0%     0.0%   0.5712   0.0060     1.5%
  [MA20] reward=0.0194 task_sr=71.5% miss=28.5% time_limit=0.0% v2v=2.4%
  [PPO ] p_loss=-0.0071 v_loss=1.1260 entropy=0.5712 grad=1.2436 active=45.0%
  [SIM ] avg_power(a)=0.5959 rsu_q=4.407 tx=237 no_tx=5 deadlock=0 svc=32.406GHz idle=7.4%
   763     2.6s    0.0187    70.0%    70.0%    94.6%        0%/98%/2%    1.827    0.072    30.0%     0.0%   0.5628   0.0089     3.2%
  [MA20] reward=0.0197 task_sr=71.5% miss=28.5% time_limit=0.0% v2v=2.4%
  [PPO ] p_loss=0.0331 v_loss=1.3623 entropy=0.5628 grad=1.6800 active=32.6%
  [SIM ] avg_power(a)=0.5839 rsu_q=3.514 tx=227 no_tx=1 deadlock=0 svc=28.476GHz idle=25.7%
   764     2.7s    0.0089    35.0%    35.0%    56.2%        1%/96%/3%    1.900    0.178    65.0%     0.0%   0.6027   0.0017     3.0%
  [MA20] reward=0.0191 task_sr=69.8% miss=30.3% time_limit=0.0% v2v=2.5%
  [PPO ] p_loss=-0.0031 v_loss=0.9692 entropy=0.6027 grad=0.6321 active=23.6%
  [SIM ] avg_power(a)=0.5799 rsu_q=0.969 tx=150 no_tx=1 deadlock=0 svc=16.407GHz idle=12.5%
   765     2.2s    0.0225    80.0%    80.0%    90.5%        1%/96%/3%    2.113    0.079    20.0%     0.0%   0.6277   0.0090     2.8%
  [MA20] reward=0.0195 task_sr=71.2% miss=28.7% time_limit=0.0% v2v=2.5%
  [PPO ] p_loss=0.0063 v_loss=1.1070 entropy=0.6277 grad=0.7102 active=40.0%
  [SIM ] avg_power(a)=0.5724 rsu_q=3.679 tx=221 no_tx=3 deadlock=0 svc=29.254GHz idle=10.7%
   766     2.5s    0.0186    75.0%    75.0%    97.8%        2%/95%/3%    1.961    0.048    25.0%     0.0%   0.6341   0.0074     3.7%
  [MA20] reward=0.0194 task_sr=70.8% miss=29.2% time_limit=0.0% v2v=2.4%
  [PPO ] p_loss=-0.0111 v_loss=1.3048 entropy=0.6341 grad=2.0015 active=32.6%
  [SIM ] avg_power(a)=0.5756 rsu_q=3.257 tx=222 no_tx=5 deadlock=0 svc=22.643GHz idle=2.9%
   767     2.4s    0.0187    75.0%    75.0%    92.3%        6%/92%/2%    1.840    0.062    25.0%     0.0%   0.7376  -0.0045     2.9%
  [MA20] reward=0.0197 task_sr=72.0% miss=28.0% time_limit=0.0% v2v=2.4%
  [PPO ] p_loss=0.0065 v_loss=1.0309 entropy=0.7376 grad=1.3290 active=33.2%
  [SIM ] avg_power(a)=0.5678 rsu_q=2.364 tx=205 no_tx=13 deadlock=0 svc=22.987GHz idle=3.0%
   768     2.7s    0.0176    85.0%    85.0%    98.3%        3%/92%/5%    2.029    0.079    15.0%     0.0%   0.7004   0.0069     3.6%
  [MA20] reward=0.0195 task_sr=72.5% miss=27.5% time_limit=0.0% v2v=2.4%
  [PPO ] p_loss=-0.0241 v_loss=1.1651 entropy=0.7004 grad=1.8731 active=31.4%
  [SIM ] avg_power(a)=0.5838 rsu_q=2.053 tx=230 no_tx=7 deadlock=0 svc=22.258GHz idle=2.6%
   769     2.2s    0.0218    85.0%    85.0%    96.8%        4%/94%/2%    1.865    0.061    15.0%     0.0%   0.6299   0.0015     3.4%
  [MA20] reward=0.0198 task_sr=73.2% miss=26.8% time_limit=0.0% v2v=2.3%
  [PPO ] p_loss=-0.0089 v_loss=1.2165 entropy=0.6299 grad=0.6752 active=35.8%
  [SIM ] avg_power(a)=0.5706 rsu_q=3.467 tx=207 no_tx=8 deadlock=0 svc=26.411GHz idle=3.3%
   770     1.9s    0.0264    95.0%    95.0%    98.4%        4%/92%/3%    1.911    0.038     5.0%     0.0%   0.7334   0.0128     4.1%
  [MA20] reward=0.0199 task_sr=74.2% miss=25.8% time_limit=0.0% v2v=2.3%
  [PPO ] p_loss=0.0165 v_loss=0.9160 entropy=0.7334 grad=2.0760 active=50.4%
  [SIM ] avg_power(a)=0.5814 rsu_q=4.280 tx=241 no_tx=11 deadlock=0 svc=34.791GHz idle=4.0%
   771     1.7s    0.0398    95.0%    95.0%   100.0%        3%/95%/2%    1.740    0.046     5.0%     0.0%   0.5495   0.0153     3.4%
  [MA20] reward=0.0211 task_sr=75.8% miss=24.3% time_limit=0.0% v2v=2.3%
  [PPO ] p_loss=0.0095 v_loss=1.1415 entropy=0.5495 grad=1.0681 active=48.5%
  [SIM ] avg_power(a)=0.5730 rsu_q=3.957 tx=215 no_tx=7 deadlock=0 svc=34.672GHz idle=8.7%
   772     2.3s    0.0186    70.0%    70.0%    91.1%        4%/94%/2%    1.940    0.076    30.0%     0.0%   0.7371 -8.85e-06     3.1%
  [MA20] reward=0.0209 task_sr=75.5% miss=24.5% time_limit=0.0% v2v=2.4%
  [PPO ] p_loss=0.0083 v_loss=1.0662 entropy=0.7371 grad=0.9638 active=36.6%
  [SIM ] avg_power(a)=0.5848 rsu_q=2.484 tx=219 no_tx=8 deadlock=0 svc=29.837GHz idle=19.4%
   773     2.4s    0.0202    80.0%    80.0%    96.3%        4%/93%/3%    1.900    0.076    20.0%     0.0%   0.5935   0.0050     4.2%
  [MA20] reward=0.0202 task_sr=74.8% miss=25.2% time_limit=0.0% v2v=2.5%
  [PPO ] p_loss=0.0342 v_loss=1.4534 entropy=0.5935 grad=2.6486 active=37.3%
  [SIM ] avg_power(a)=0.5714 rsu_q=2.250 tx=230 no_tx=9 deadlock=0 svc=27.626GHz idle=6.2%
   774     2.0s    0.0272    85.0%    85.0%    98.7%        3%/96%/1%    1.800    0.088    15.0%     0.0%   0.5765   0.0121     4.0%
  [MA20] reward=0.0209 task_sr=76.0% miss=24.0% time_limit=0.0% v2v=2.6%
  [PPO ] p_loss=0.0229 v_loss=1.1139 entropy=0.5765 grad=0.9599 active=39.8%
  [SIM ] avg_power(a)=0.5918 rsu_q=3.750 tx=216 no_tx=7 deadlock=0 svc=28.596GHz idle=7.1%
   775     2.5s    0.0241    90.0%    90.0%    99.6%        2%/96%/2%    1.947    0.059    10.0%     0.0%   0.5477   0.0118     2.2%
  [MA20] reward=0.0213 task_sr=77.0% miss=23.0% time_limit=0.0% v2v=2.5%
  [PPO ] p_loss=-0.0062 v_loss=1.6114 entropy=0.5477 grad=3.3556 active=37.2%
  [SIM ] avg_power(a)=0.5580 rsu_q=3.000 tx=248 no_tx=5 deadlock=0 svc=36.933GHz idle=35.3%
   776     2.4s    0.0179    60.0%    60.0%    92.3%        3%/95%/2%    1.685    0.072    40.0%     0.0%   0.5748   0.0003     3.0%
  [MA20] reward=0.0212 task_sr=76.0% miss=24.0% time_limit=0.0% v2v=2.5%
  [PPO ] p_loss=0.0041 v_loss=1.0447 entropy=0.5748 grad=2.1189 active=35.3%
  [SIM ] avg_power(a)=0.5398 rsu_q=2.848 tx=225 no_tx=8 deadlock=0 svc=26.668GHz idle=15.2%
   777     2.5s    0.0167    60.0%    60.0%    88.8%        2%/97%/0%    1.883    0.092    40.0%     0.0%   0.5426   0.0053     2.0%
  [MA20] reward=0.0210 task_sr=75.5% miss=24.5% time_limit=0.0% v2v=2.3%
  [PPO ] p_loss=-0.0026 v_loss=1.0594 entropy=0.5426 grad=1.7505 active=33.8%
  [SIM ] avg_power(a)=0.5506 rsu_q=3.250 tx=211 no_tx=5 deadlock=0 svc=25.436GHz idle=9.4%
   778     2.2s    0.0238    80.0%    80.0%    88.9%        1%/98%/1%    1.906    0.082    20.0%     0.0%   0.5889   0.0005     3.4%
  [MA20] reward=0.0211 task_sr=75.5% miss=24.5% time_limit=0.0% v2v=2.3%
  [PPO ] p_loss=0.0065 v_loss=1.2285 entropy=0.5889 grad=1.9213 active=35.2%
  [SIM ] avg_power(a)=0.5372 rsu_q=2.767 tx=209 no_tx=2 deadlock=0 svc=24.753GHz idle=3.3%
   779     1.9s    0.0280    95.0%    95.0%    99.6%        3%/97%/1%    1.711    0.061     5.0%     0.0%   0.5627  -0.0003     2.0%
  [MA20] reward=0.0215 task_sr=76.8% miss=23.2% time_limit=0.0% v2v=2.2%
  [PPO ] p_loss=0.0090 v_loss=1.2663 entropy=0.5627 grad=2.4931 active=44.2%
  [SIM ] avg_power(a)=0.5286 rsu_q=3.615 tx=224 no_tx=6 deadlock=0 svc=35.555GHz idle=19.2%
   780     2.1s    0.0240    90.0%    90.0%    98.8%        2%/97%/0%    1.989    0.086    10.0%     0.0%   0.5199   0.0020     1.6%
  [MA20] reward=0.0217 task_sr=77.5% miss=22.5% time_limit=0.0% v2v=2.1%
  [PPO ] p_loss=0.0156 v_loss=1.2746 entropy=0.5199 grad=4.5236 active=42.9%
  [SIM ] avg_power(a)=0.5446 rsu_q=3.857 tx=234 no_tx=6 deadlock=0 svc=32.681GHz idle=7.1%

    Ep    Wall    R/step     T_SR     V_SR     S_SR            L/R/V   Lat(s)       En     Miss      Ill      Ent       KL     Clip
--------------------------------------------------------------------------------------------------------------------------------
   781     2.3s    0.0189    85.0%    85.0%    97.3%        1%/97%/2%    1.888    0.065    15.0%     0.0%   0.5049   0.0009     2.0%
  [MA20] reward=0.0215 task_sr=77.8% miss=22.2% time_limit=0.0% v2v=2.1%
  [PPO ] p_loss=-0.0126 v_loss=1.1276 entropy=0.5049 grad=4.4170 active=33.5%
  [SIM ] avg_power(a)=0.5363 rsu_q=2.394 tx=218 no_tx=3 deadlock=0 svc=25.555GHz idle=12.1%
   782     2.3s    0.0230    95.0%    95.0%    99.6%        2%/97%/0%    2.074    0.074     5.0%     0.0%   0.5516   0.0100     3.0%
  [MA20] reward=0.0218 task_sr=79.2% miss=20.7% time_limit=0.0% v2v=2.1%
  [PPO ] p_loss=0.0105 v_loss=1.4942 entropy=0.5516 grad=7.3722 active=43.2%
  [SIM ] avg_power(a)=0.5426 rsu_q=4.100 tx=253 no_tx=6 deadlock=0 svc=34.448GHz idle=16.7%
   783     2.2s    0.0199    65.0%    65.0%    92.5%        2%/97%/0%    1.887    0.095    35.0%     0.0%   0.5146   0.0100     2.3%
  [MA20] reward=0.0218 task_sr=79.0% miss=21.0% time_limit=0.0% v2v=2.0%
  [PPO ] p_loss=0.0034 v_loss=1.1273 entropy=0.5146 grad=1.3515 active=35.7%
  [SIM ] avg_power(a)=0.5394 rsu_q=3.571 tx=195 no_tx=5 deadlock=0 svc=26.018GHz idle=7.1%
   784     2.5s    0.0160    65.0%    65.0%    89.3%        2%/97%/1%    1.931    0.076    35.0%     0.0%   0.5413   0.0070     4.0%
  [MA20] reward=0.0222 task_sr=80.5% miss=19.5% time_limit=0.0% v2v=1.9%
  [PPO ] p_loss=0.0045 v_loss=1.0295 entropy=0.5413 grad=2.8676 active=35.3%
  [SIM ] avg_power(a)=0.5238 rsu_q=2.970 tx=227 no_tx=5 deadlock=0 svc=23.861GHz idle=3.0%
   785     2.2s    0.0184    60.0%    60.0%    86.1%        2%/98%/0%    1.864    0.113    40.0%     0.0%   0.5400   0.0019     1.5%
  [MA20] reward=0.0220 task_sr=79.5% miss=20.5% time_limit=0.0% v2v=1.7%
  [PPO ] p_loss=0.0110 v_loss=1.0470 entropy=0.5400 grad=2.7642 active=35.5%
  [SIM ] avg_power(a)=0.5469 rsu_q=3.517 tx=201 no_tx=5 deadlock=0 svc=25.892GHz idle=13.8%
   786     2.3s    0.0197    70.0%    70.0%    89.5%        1%/99%/0%    1.800    0.094    30.0%     0.0%   0.5339  -0.0042     2.5%
  [MA20] reward=0.0220 task_sr=79.2% miss=20.8% time_limit=0.0% v2v=1.6%
  [PPO ] p_loss=0.0178 v_loss=1.0764 entropy=0.5339 grad=1.5324 active=32.0%
  [SIM ] avg_power(a)=0.5317 rsu_q=1.250 tx=202 no_tx=3 deadlock=0 svc=27.148GHz idle=28.1%
   787     2.1s    0.0212    65.0%    65.0%    91.1%       0%/100%/0%    1.662    0.085    35.0%     0.0%   0.5420   0.0005     0.2%
  [MA20] reward=0.0222 task_sr=78.7% miss=21.2% time_limit=0.0% v2v=1.5%
  [PPO ] p_loss=0.0008 v_loss=0.9924 entropy=0.5420 grad=0.9742 active=37.2%
  [SIM ] avg_power(a)=0.5411 rsu_q=2.276 tx=216 no_tx=0 deadlock=0 svc=29.172GHz idle=20.7%
   788     2.1s    0.0250    85.0%    85.0%    94.8%        2%/98%/0%    1.900    0.078    15.0%     0.0%   0.5275  -0.0004     1.6%
  [MA20] reward=0.0225 task_sr=78.7% miss=21.2% time_limit=0.0% v2v=1.3%
  [PPO ] p_loss=-0.0219 v_loss=1.0876 entropy=0.5275 grad=0.5393 active=42.5%
  [SIM ] avg_power(a)=0.5581 rsu_q=3.500 tx=233 no_tx=5 deadlock=0 svc=35.117GHz idle=21.4%
   789     2.1s    0.0224    80.0%    80.0%    98.7%        3%/97%/0%    1.900    0.091    20.0%     0.0%   0.5396  -0.0012     1.5%
  [MA20] reward=0.0226 task_sr=78.5% miss=21.5% time_limit=0.0% v2v=1.2%
  [PPO ] p_loss=-0.0317 v_loss=1.3061 entropy=0.5396 grad=1.7356 active=39.5%
  [SIM ] avg_power(a)=0.5646 rsu_q=3.069 tx=223 no_tx=6 deadlock=0 svc=28.790GHz idle=10.3%
   790     2.3s    0.0225    80.0%    80.0%    92.4%        5%/95%/0%    1.894    0.086    20.0%     0.0%   0.5747   0.0076     3.2%
  [MA20] reward=0.0224 task_sr=77.8% miss=22.2% time_limit=0.0% v2v=1.0%
  [PPO ] p_loss=0.0013 v_loss=1.1036 entropy=0.5747 grad=0.4850 active=40.0%
  [SIM ] avg_power(a)=0.5526 rsu_q=3.000 tx=221 no_tx=11 deadlock=0 svc=28.916GHz idle=10.3%
   791     2.1s    0.0218    85.0%    85.0%    96.1%        5%/94%/1%    1.967    0.088    15.0%     0.0%   0.6041   0.0067     3.3%
  [MA20] reward=0.0215 task_sr=77.3% miss=22.8% time_limit=0.0% v2v=1.0%
  [PPO ] p_loss=-0.0246 v_loss=1.0813 entropy=0.6041 grad=0.6056 active=38.8%
  [SIM ] avg_power(a)=0.5815 rsu_q=2.862 tx=213 no_tx=12 deadlock=0 svc=28.389GHz idle=10.3%
   792     2.1s    0.0214    85.0%    85.0%    97.1%        4%/94%/2%    2.012    0.073    15.0%     0.0%   0.5939  -0.0013     2.8%
  [MA20] reward=0.0216 task_sr=78.0% miss=22.0% time_limit=0.0% v2v=1.0%
  [PPO ] p_loss=0.0039 v_loss=1.2213 entropy=0.5939 grad=0.6971 active=42.1%
  [SIM ] avg_power(a)=0.5629 rsu_q=2.679 tx=226 no_tx=9 deadlock=0 svc=28.470GHz idle=3.6%
   793     2.2s    0.0221    80.0%    80.0%    96.2%        4%/96%/0%    1.967    0.081    20.0%     0.0%   0.6470   0.0091     2.4%
  [MA20] reward=0.0217 task_sr=78.0% miss=22.0% time_limit=0.0% v2v=0.8%
  [PPO ] p_loss=-0.0171 v_loss=1.1326 entropy=0.6470 grad=0.4290 active=39.0%
  [SIM ] avg_power(a)=0.5732 rsu_q=2.552 tx=218 no_tx=8 deadlock=0 svc=31.057GHz idle=20.7%
   794     2.5s    0.0137    55.0%    55.0%    86.4%        6%/91%/3%    1.854    0.077    45.0%     0.0%   0.6469   0.0113     4.2%
  [MA20] reward=0.0210 task_sr=76.5% miss=23.5% time_limit=0.0% v2v=0.9%
  [PPO ] p_loss=0.0200 v_loss=1.1247 entropy=0.6469 grad=0.6949 active=29.9%
  [SIM ] avg_power(a)=0.5623 rsu_q=2.029 tx=196 no_tx=12 deadlock=0 svc=20.685GHz idle=2.9%
   795     2.2s    0.0253    85.0%    85.0%    96.8%        6%/93%/1%    1.694    0.059    15.0%     0.0%   0.5825   0.0142     3.8%
  [MA20] reward=0.0211 task_sr=76.2% miss=23.8% time_limit=0.0% v2v=0.8%
  [PPO ] p_loss=-0.0102 v_loss=1.0942 entropy=0.5825 grad=1.2437 active=33.8%
  [SIM ] avg_power(a)=0.5783 rsu_q=2.594 tx=203 no_tx=13 deadlock=0 svc=24.101GHz idle=3.1%
   796     2.1s    0.0236    85.0%    85.0%    96.5%        3%/96%/1%    1.844    0.073    15.0%     0.0%   0.5475   0.0097     2.6%
  [MA20] reward=0.0214 task_sr=77.5% miss=22.5% time_limit=0.0% v2v=0.8%
  [PPO ] p_loss=-0.0103 v_loss=0.9707 entropy=0.5475 grad=0.4629 active=38.3%
  [SIM ] avg_power(a)=0.5612 rsu_q=3.069 tx=215 no_tx=7 deadlock=0 svc=30.407GHz idle=17.2%
   797     1.9s    0.0317    90.0%    90.0%    93.8%        2%/98%/0%    1.789    0.074    10.0%     0.0%   0.4909   0.0076     1.4%
  [MA20] reward=0.0221 task_sr=79.0% miss=21.0% time_limit=0.0% v2v=0.7%
  [PPO ] p_loss=-0.0135 v_loss=1.2223 entropy=0.4909 grad=1.1699 active=45.8%
  [SIM ] avg_power(a)=0.5542 rsu_q=4.000 tx=224 no_tx=5 deadlock=0 svc=36.929GHz idle=16.0%
   798     2.3s    0.0177    75.0%    75.0%    94.4%        3%/95%/2%    2.081    0.104    25.0%     0.0%   0.4472   0.0081     3.8%
  [MA20] reward=0.0218 task_sr=78.8% miss=21.2% time_limit=0.0% v2v=0.8%
  [PPO ] p_loss=-0.0233 v_loss=1.1260 entropy=0.4472 grad=0.7344 active=37.0%
  [SIM ] avg_power(a)=0.5772 rsu_q=4.200 tx=216 no_tx=6 deadlock=0 svc=27.425GHz idle=6.7%
   799     2.0s    0.0271    90.0%    90.0%    99.6%        2%/98%/0%    1.947    0.076    10.0%     0.0%   0.4570   0.0060     3.1%
  [MA20] reward=0.0218 task_sr=78.5% miss=21.5% time_limit=0.0% v2v=0.8%
  [PPO ] p_loss=0.0022 v_loss=1.5177 entropy=0.4570 grad=1.6274 active=47.5%
  [SIM ] avg_power(a)=0.5697 rsu_q=4.577 tx=242 no_tx=5 deadlock=0 svc=39.247GHz idle=15.4%
   800     2.3s    0.0271    95.0%    95.0%    99.2%        0%/99%/1%    1.868    0.061     5.0%     0.0%   0.5036   0.0088     1.0%
  [MA20] reward=0.0219 task_sr=78.8% miss=21.2% time_limit=0.0% v2v=0.8%
  [PPO ] p_loss=-0.0244 v_loss=1.1572 entropy=0.5036 grad=0.5673 active=39.1%
  [SIM ] avg_power(a)=0.5919 rsu_q=3.531 tx=249 no_tx=1 deadlock=0 svc=36.225GHz idle=28.1%

    Ep    Wall    R/step     T_SR     V_SR     S_SR            L/R/V   Lat(s)       En     Miss      Ill      Ent       KL     Clip
--------------------------------------------------------------------------------------------------------------------------------
   801     2.1s    0.0265    90.0%    90.0%    97.5%        1%/97%/2%    1.933    0.086    10.0%     0.0%   0.3938   0.0022     3.9%
  [MA20] reward=0.0223 task_sr=79.0% miss=21.0% time_limit=0.0% v2v=0.8%
  [PPO ] p_loss=-0.0104 v_loss=0.9907 entropy=0.3938 grad=0.8745 active=43.3%
  [SIM ] avg_power(a)=0.6091 rsu_q=5.185 tx=232 no_tx=2 deadlock=0 svc=32.095GHz idle=11.1%
   802     2.4s    0.0231    70.0%    70.0%    95.3%        2%/97%/2%    1.825    0.067    30.0%     0.0%   0.4734   0.0063     3.2%
  [MA20] reward=0.0223 task_sr=77.8% miss=22.2% time_limit=0.0% v2v=0.8%
  [PPO ] p_loss=0.0097 v_loss=1.0179 entropy=0.4734 grad=0.6187 active=39.5%
  [SIM ] avg_power(a)=0.6266 rsu_q=3.903 tx=241 no_tx=4 deadlock=0 svc=28.848GHz idle=3.2%
   803     2.3s    0.0188    80.0%    80.0%    95.8%        2%/97%/1%    2.019    0.116    20.0%     0.0%   0.4349   0.0059     1.9%
  [MA20] reward=0.0223 task_sr=78.5% miss=21.5% time_limit=0.0% v2v=0.9%
  [PPO ] p_loss=0.0155 v_loss=1.0247 entropy=0.4349 grad=0.4654 active=44.8%
  [SIM ] avg_power(a)=0.6410 rsu_q=4.179 tx=246 no_tx=5 deadlock=0 svc=32.429GHz idle=14.3%
   804     2.1s    0.0225    85.0%    85.0%    98.2%        1%/98%/1%    1.812    0.099    15.0%     0.0%   0.3885   0.0102     3.2%
  [MA20] reward=0.0226 task_sr=79.5% miss=20.5% time_limit=0.0% v2v=0.9%
  [PPO ] p_loss=-0.0216 v_loss=1.0569 entropy=0.3885 grad=0.5364 active=38.8%
  [SIM ] avg_power(a)=0.6507 rsu_q=3.393 tx=214 no_tx=3 deadlock=0 svc=28.357GHz idle=7.1%
   805     2.2s    0.0242    90.0%    90.0%    96.5%        2%/98%/0%    2.094    0.119    10.0%     0.0%   0.3422   0.0056     0.8%
  [MA20] reward=0.0229 task_sr=81.0% miss=19.0% time_limit=0.0% v2v=0.9%
  [PPO ] p_loss=-0.0037 v_loss=0.9975 entropy=0.3422 grad=0.4767 active=42.9%
  [SIM ] avg_power(a)=0.6555 rsu_q=5.690 tx=245 no_tx=4 deadlock=0 svc=33.655GHz idle=10.3%
   806     1.9s    0.0345   100.0%   100.0%   100.0%       0%/100%/0%    1.780    0.098     0.0%     0.0%   0.3171   0.0003     1.0%
  [MA20] reward=0.0236 task_sr=82.5% miss=17.5% time_limit=0.0% v2v=0.9%
  [PPO ] p_loss=-0.0194 v_loss=0.8964 entropy=0.3171 grad=0.8232 active=48.0%
  [SIM ] avg_power(a)=0.6678 rsu_q=4.200 tx=240 no_tx=0 deadlock=0 svc=34.919GHz idle=12.0%
   807     2.0s    0.0300    85.0%    85.0%    94.5%        1%/99%/0%    1.676    0.100    15.0%     0.0%   0.3520   0.0043     2.0%
  [MA20] reward=0.0241 task_sr=83.5% miss=16.5% time_limit=0.0% v2v=0.9%
  [PPO ] p_loss=0.0029 v_loss=0.9973 entropy=0.3520 grad=0.9912 active=41.1%
  [SIM ] avg_power(a)=0.6846 rsu_q=3.259 tx=220 no_tx=2 deadlock=0 svc=29.788GHz idle=14.8%
   808     2.1s    0.0188    75.0%    75.0%    95.2%        0%/99%/0%    2.000    0.128    25.0%     0.0%   0.3498   0.0018     1.3%
  [MA20] reward=0.0237 task_sr=83.0% miss=17.0% time_limit=0.0% v2v=0.9%
  [PPO ] p_loss=-0.0012 v_loss=1.2697 entropy=0.3498 grad=0.7113 active=39.3%
  [SIM ] avg_power(a)=0.6955 rsu_q=2.250 tx=219 no_tx=1 deadlock=0 svc=27.937GHz idle=10.7%
   809     2.3s    0.0207    85.0%    85.0%    97.0%        0%/98%/2%    1.894    0.096    15.0%     0.0%   0.2739  -0.0057     1.5%
  [MA20] reward=0.0237 task_sr=83.2% miss=16.8% time_limit=0.0% v2v=1.0%
  [PPO ] p_loss=-0.0020 v_loss=1.0118 entropy=0.2739 grad=0.4624 active=35.5%
  [SIM ] avg_power(a)=0.7022 rsu_q=2.281 tx=226 no_tx=1 deadlock=0 svc=29.259GHz idle=25.0%
   810     2.3s    0.0209    85.0%    85.0%    98.1%        2%/97%/1%    1.947    0.079    15.0%     0.0%   0.4145   0.0033     3.8%
  [MA20] reward=0.0236 task_sr=83.5% miss=16.5% time_limit=0.0% v2v=1.0%
  [PPO ] p_loss=-0.0072 v_loss=0.9952 entropy=0.4145 grad=0.5658 active=40.8%
  [SIM ] avg_power(a)=0.7072 rsu_q=3.194 tx=248 no_tx=5 deadlock=0 svc=29.094GHz idle=6.5%
   811     1.9s    0.0360    95.0%    95.0%    99.6%        3%/96%/1%    1.605    0.076     5.0%     0.0%   0.3370  -0.0060     2.4%
  [MA20] reward=0.0243 task_sr=84.0% miss=16.0% time_limit=0.0% v2v=1.0%
  [PPO ] p_loss=0.0058 v_loss=1.1160 entropy=0.3370 grad=0.4668 active=43.8%
  [SIM ] avg_power(a)=0.7230 rsu_q=3.615 tx=222 no_tx=6 deadlock=0 svc=35.412GHz idle=19.2%
   812     2.8s    0.0115    70.0%    70.0%    91.2%        3%/92%/5%    2.260    0.085    30.0%     0.0%   0.4606   0.0054     5.3%
  [MA20] reward=0.0238 task_sr=83.2% miss=16.8% time_limit=0.0% v2v=1.2%
  [PPO ] p_loss=0.0189 v_loss=1.2191 entropy=0.4606 grad=1.0339 active=33.9%
  [SIM ] avg_power(a)=0.7008 rsu_q=2.278 tx=236 no_tx=8 deadlock=0 svc=22.768GHz idle=2.8%
   813     2.3s    0.0252    95.0%    95.0%    97.0%        1%/96%/3%    1.937    0.104     5.0%     0.0%   0.4992   0.0016     1.9%
  [MA20] reward=0.0239 task_sr=84.0% miss=16.0% time_limit=0.0% v2v=1.3%
  [PPO ] p_loss=0.0039 v_loss=1.0855 entropy=0.4992 grad=0.4913 active=36.9%
  [SIM ] avg_power(a)=0.7210 rsu_q=2.387 tx=226 no_tx=3 deadlock=0 svc=31.207GHz idle=19.4%
   814     2.4s    0.0202    70.0%    70.0%    93.0%        2%/95%/4%    2.087    0.132    30.0%     0.0%   0.4677   0.0207     5.3%
  [MA20] reward=0.0243 task_sr=84.7% miss=15.2% time_limit=0.0% v2v=1.4%
  [PPO ] p_loss=0.0219 v_loss=1.0940 entropy=0.4677 grad=0.7713 active=40.3%
  [SIM ] avg_power(a)=0.7147 rsu_q=2.767 tx=238 no_tx=4 deadlock=0 svc=31.550GHz idle=10.0%
   815     2.0s    0.0242    75.0%    75.0%    94.1%        2%/94%/4%    1.833    0.114    25.0%     0.0%   0.4206   0.0034     4.0%
  [MA20] reward=0.0242 task_sr=84.2% miss=15.7% time_limit=0.0% v2v=1.5%
  [PPO ] p_loss=0.0031 v_loss=1.0637 entropy=0.4206 grad=0.4881 active=40.4%
  [SIM ] avg_power(a)=0.6986 rsu_q=2.808 tx=206 no_tx=4 deadlock=0 svc=29.743GHz idle=7.7%
   816     2.2s    0.0222    85.0%    85.0%    95.6%        1%/97%/1%    1.972    0.140    15.0%     0.0%   0.4052   0.0056     3.7%
  [MA20] reward=0.0241 task_sr=84.2% miss=15.7% time_limit=0.0% v2v=1.5%
  [PPO ] p_loss=-0.0044 v_loss=1.1728 entropy=0.4052 grad=0.6816 active=36.3%
  [SIM ] avg_power(a)=0.6698 rsu_q=2.433 tx=215 no_tx=3 deadlock=0 svc=27.846GHz idle=10.0%
   817     1.7s    0.0374    95.0%    95.0%   100.0%        1%/99%/0%    1.625    0.071     5.0%     0.0%   0.2479   0.0109     2.6%
  [MA20] reward=0.0244 task_sr=84.5% miss=15.5% time_limit=0.0% v2v=1.6%
  [PPO ] p_loss=0.0328 v_loss=1.3546 entropy=0.2479 grad=1.4778 active=42.5%
  [SIM ] avg_power(a)=0.6789 rsu_q=3.042 tx=202 no_tx=2 deadlock=0 svc=33.989GHz idle=20.8%
   818     2.1s    0.0230    80.0%    80.0%    97.5%        3%/96%/1%    2.006    0.109    20.0%     0.0%   0.3343   0.0146     3.5%
  [MA20] reward=0.0247 task_sr=84.7% miss=15.2% time_limit=0.0% v2v=1.5%
  [PPO ] p_loss=0.0073 v_loss=1.1781 entropy=0.3343 grad=0.9851 active=43.9%
  [SIM ] avg_power(a)=0.6722 rsu_q=4.370 tx=231 no_tx=6 deadlock=0 svc=32.259GHz idle=3.7%
   819     2.3s    0.0189    70.0%    70.0%    91.4%        0%/99%/1%    1.857    0.121    30.0%     0.0%   0.3773   0.0100     5.6%
  [MA20] reward=0.0243 task_sr=83.7% miss=16.2% time_limit=0.0% v2v=1.6%
  [PPO ] p_loss=-0.0138 v_loss=1.1009 entropy=0.3773 grad=2.7155 active=35.2%
  [SIM ] avg_power(a)=0.6716 rsu_q=2.548 tx=218 no_tx=0 deadlock=0 svc=24.113GHz idle=3.2%
   820     2.2s    0.0212    85.0%    85.0%    92.7%        1%/97%/1%    1.959    0.093    15.0%     0.0%   0.3426   0.0213     8.5%
  [MA20] reward=0.0240 task_sr=83.2% miss=16.8% time_limit=0.0% v2v=1.6%
  [PPO ] p_loss=0.0282 v_loss=1.1444 entropy=0.3426 grad=7.4971 active=38.8%
  [SIM ] avg_power(a)=0.6170 rsu_q=3.633 tx=230 no_tx=3 deadlock=0 svc=28.732GHz idle=10.0%

    Ep    Wall    R/step     T_SR     V_SR     S_SR            L/R/V   Lat(s)       En     Miss      Ill      Ent       KL     Clip
--------------------------------------------------------------------------------------------------------------------------------
   821     2.1s    0.0238    75.0%    75.0%    98.4%       0%/100%/0%    1.974    0.090    25.0%     0.0%   0.4374   0.0110     6.5%
  [MA20] reward=0.0239 task_sr=82.5% miss=17.5% time_limit=0.0% v2v=1.5%
  [PPO ] p_loss=1.13e-05 v_loss=1.1244 entropy=0.4374 grad=0.6958 active=43.8%
  [SIM ] avg_power(a)=0.6155 rsu_q=3.714 tx=244 no_tx=1 deadlock=0 svc=33.203GHz idle=14.3%
   822     2.1s    0.0253    80.0%    80.0%    88.1%        0%/99%/1%    1.825    0.105    20.0%     0.0%   0.4028   0.0185     7.7%
  [MA20] reward=0.0240 task_sr=83.0% miss=17.0% time_limit=0.0% v2v=1.5%
  [PPO ] p_loss=-0.0029 v_loss=1.4294 entropy=0.4028 grad=3.6219 active=39.1%
  [SIM ] avg_power(a)=0.6451 rsu_q=2.852 tx=210 no_tx=1 deadlock=0 svc=28.908GHz idle=11.1%
   823     2.4s    0.0172    80.0%    80.0%    97.9%        2%/95%/3%    2.118    0.112    20.0%     0.0%   0.4349   0.0161    10.1%
  [MA20] reward=0.0239 task_sr=83.0% miss=17.0% time_limit=0.0% v2v=1.5%
  [PPO ] p_loss=0.0305 v_loss=0.8887 entropy=0.4349 grad=2.5387 active=36.4%
  [SIM ] avg_power(a)=0.6368 rsu_q=2.906 tx=228 no_tx=5 deadlock=0 svc=27.626GHz idle=9.4%
   824     2.2s    0.0186    70.0%    70.0%    86.8%        1%/96%/3%    1.843    0.118    30.0%     0.0%   0.4586   0.0148     7.8%
  [MA20] reward=0.0237 task_sr=82.2% miss=17.8% time_limit=0.0% v2v=1.6%
  [PPO ] p_loss=-0.0129 v_loss=0.9865 entropy=0.4586 grad=3.7667 active=34.7%
  [SIM ] avg_power(a)=0.6313 rsu_q=3.100 tx=205 no_tx=3 deadlock=0 svc=25.951GHz idle=10.0%
   825     1.9s    0.0265    85.0%    85.0%    97.9%        0%/97%/2%    1.859    0.081    15.0%     0.0%   0.4279   0.0129     7.2%
  [MA20] reward=0.0238 task_sr=82.0% miss=18.0% time_limit=0.0% v2v=1.8%
  [PPO ] p_loss=0.0361 v_loss=1.0233 entropy=0.4279 grad=2.2083 active=46.4%
  [SIM ] avg_power(a)=0.6174 rsu_q=3.760 tx=231 no_tx=1 deadlock=0 svc=36.573GHz idle=20.0%
   826     2.2s    0.0211    80.0%    80.0%    90.3%        1%/95%/4%    1.894    0.116    20.0%     0.0%   0.4045   0.0131     8.3%
  [MA20] reward=0.0231 task_sr=81.0% miss=19.0% time_limit=0.0% v2v=1.9%
  [PPO ] p_loss=0.0071 v_loss=1.0675 entropy=0.4045 grad=3.1752 active=37.2%
  [SIM ] avg_power(a)=0.6432 rsu_q=2.759 tx=213 no_tx=3 deadlock=0 svc=25.312GHz idle=3.4%
   827     2.3s    0.0220    85.0%    85.0%    99.2%        0%/97%/2%    2.063    0.082    15.0%     0.0%   0.4058   0.0133     7.5%
  [MA20] reward=0.0227 task_sr=81.0% miss=19.0% time_limit=0.0% v2v=2.0%
  [PPO ] p_loss=-0.0176 v_loss=1.1548 entropy=0.4058 grad=2.2519 active=41.0%
  [SIM ] avg_power(a)=0.6690 rsu_q=4.067 tx=245 no_tx=1 deadlock=0 svc=30.353GHz idle=6.7%
   828     2.2s    0.0215    75.0%    75.0%    98.0%        2%/98%/0%    1.965    0.094    25.0%     0.0%   0.4719   0.0199    10.2%
  [MA20] reward=0.0229 task_sr=81.0% miss=19.0% time_limit=0.0% v2v=2.0%
  [PPO ] p_loss=0.0100 v_loss=0.9501 entropy=0.4719 grad=1.5219 active=42.4%
  [SIM ] avg_power(a)=0.6574 rsu_q=5.034 tx=241 no_tx=5 deadlock=0 svc=32.442GHz idle=10.3%
   829     2.0s    0.0304    90.0%    90.0%    99.1%        2%/97%/0%    1.742    0.070    10.0%     0.0%   0.4243  -0.0015     3.4%
  [MA20] reward=0.0233 task_sr=81.2% miss=18.8% time_limit=0.0% v2v=1.9%
  [PPO ] p_loss=-0.0017 v_loss=1.6204 entropy=0.4243 grad=4.4366 active=40.4%
  [SIM ] avg_power(a)=0.6227 rsu_q=2.964 tx=221 no_tx=5 deadlock=0 svc=33.585GHz idle=25.0%
   830     2.1s    0.0244    90.0%    90.0%    98.3%        1%/97%/2%    1.906    0.067    10.0%     0.0%   0.5330   0.0074     5.8%
  [MA20] reward=0.0235 task_sr=81.5% miss=18.5% time_limit=0.0% v2v=2.0%
  [PPO ] p_loss=-0.0126 v_loss=1.2259 entropy=0.5330 grad=0.8577 active=38.2%
  [SIM ] avg_power(a)=0.6177 rsu_q=2.833 tx=227 no_tx=2 deadlock=0 svc=30.021GHz idle=13.3%
   831     2.0s    0.0316    95.0%    95.0%    98.8%        1%/96%/3%    1.826    0.071     5.0%     0.0%   0.4918   0.0105     5.3%
  [MA20] reward=0.0233 task_sr=81.5% miss=18.5% time_limit=0.0% v2v=2.1%
  [PPO ] p_loss=-0.0006 v_loss=1.1720 entropy=0.4918 grad=4.0593 active=46.7%
  [SIM ] avg_power(a)=0.6315 rsu_q=4.962 tx=241 no_tx=2 deadlock=0 svc=35.660GHz idle=11.5%
   832     2.8s    0.0111    65.0%    65.0%    85.0%        2%/91%/7%    1.992    0.062    35.0%     0.0%   0.6093   0.0056     7.0%
  [MA20] reward=0.0233 task_sr=81.2% miss=18.8% time_limit=0.0% v2v=2.2%
  [PPO ] p_loss=-0.0041 v_loss=1.1908 entropy=0.6093 grad=1.3071 active=28.4%
  [SIM ] avg_power(a)=0.6241 rsu_q=2.459 tx=204 no_tx=5 deadlock=0 svc=20.146GHz idle=2.7%
   833     2.6s    0.0163    75.0%    75.0%    95.0%        1%/95%/4%    2.027    0.068    25.0%     0.0%   0.5755   0.0191     4.7%
  [MA20] reward=0.0228 task_sr=80.2% miss=19.8% time_limit=0.0% v2v=2.2%
  [PPO ] p_loss=0.0234 v_loss=1.3100 entropy=0.5755 grad=0.6783 active=36.5%
  [SIM ] avg_power(a)=0.6649 rsu_q=2.853 tx=246 no_tx=2 deadlock=0 svc=25.977GHz idle=2.9%
   834     2.3s    0.0202    75.0%    75.0%    97.8%        2%/93%/5%    1.953    0.103    25.0%     0.0%   0.6253  -0.0003     7.6%
  [MA20] reward=0.0228 task_sr=80.5% miss=19.5% time_limit=0.0% v2v=2.3%
  [PPO ] p_loss=-0.0007 v_loss=1.1619 entropy=0.6253 grad=0.7141 active=36.1%
  [SIM ] avg_power(a)=0.6759 rsu_q=2.129 tx=219 no_tx=5 deadlock=0 svc=24.953GHz idle=3.2%
   835     2.2s    0.0218    80.0%    80.0%    92.3%        2%/95%/3%    1.900    0.111    20.0%     0.0%   0.4635   0.0070     6.0%
  [MA20] reward=0.0227 task_sr=80.7% miss=19.2% time_limit=0.0% v2v=2.2%
  [PPO ] p_loss=-0.0211 v_loss=1.0110 entropy=0.4635 grad=0.8477 active=37.2%
  [SIM ] avg_power(a)=0.6957 rsu_q=2.310 tx=212 no_tx=4 deadlock=0 svc=28.075GHz idle=10.3%
   836     2.5s    0.0149    65.0%    65.0%    90.7%        2%/96%/3%    1.943    0.118    35.0%     0.0%   0.4645   0.0031     4.8%
  [MA20] reward=0.0224 task_sr=79.8% miss=20.2% time_limit=0.0% v2v=2.3%
  [PPO ] p_loss=-0.0111 v_loss=0.9632 entropy=0.4645 grad=0.6702 active=35.5%
  [SIM ] avg_power(a)=0.6744 rsu_q=2.750 tx=223 no_tx=4 deadlock=0 svc=28.853GHz idle=18.7%
   837     2.4s    0.0217    80.0%    80.0%    96.0%        1%/98%/1%    1.876    0.080    20.0%     0.0%   0.4600   0.0078     2.4%
  [MA20] reward=0.0216 task_sr=79.0% miss=21.0% time_limit=0.0% v2v=2.3%
  [PPO ] p_loss=-0.0148 v_loss=1.6117 entropy=0.4600 grad=1.8174 active=35.6%
  [SIM ] avg_power(a)=0.6683 rsu_q=3.647 tx=239 no_tx=3 deadlock=0 svc=29.328GHz idle=17.6%
   838     2.3s    0.0169    65.0%    65.0%    92.0%        2%/95%/3%    2.075    0.101    35.0%     0.0%   0.5687   0.0229     7.7%
  [MA20] reward=0.0213 task_sr=78.3% miss=21.7% time_limit=0.0% v2v=2.4%
  [PPO ] p_loss=0.0197 v_loss=0.8767 entropy=0.5687 grad=0.8141 active=42.6%
  [SIM ] avg_power(a)=0.6757 rsu_q=3.069 tx=242 no_tx=5 deadlock=0 svc=28.345GHz idle=3.4%
   839     2.0s    0.0225    80.0%    80.0%    92.5%        1%/94%/4%    1.900    0.120    20.0%     0.0%   0.5548   0.0022     6.3%
  [MA20] reward=0.0214 task_sr=78.8% miss=21.2% time_limit=0.0% v2v=2.6%
  [PPO ] p_loss=0.0046 v_loss=1.3169 entropy=0.5548 grad=1.3330 active=38.9%
  [SIM ] avg_power(a)=0.6561 rsu_q=2.444 tx=207 no_tx=3 deadlock=0 svc=27.742GHz idle=11.1%
   840     2.3s    0.0158    70.0%    70.0%    93.9%        1%/95%/4%    1.950    0.100    30.0%     0.0%   0.6296   0.0222     7.0%
  [MA20] reward=0.0212 task_sr=78.0% miss=22.0% time_limit=0.0% v2v=2.7%
  [PPO ] p_loss=-0.0278 v_loss=1.1378 entropy=0.6296 grad=1.0594 active=36.7%
  [SIM ] avg_power(a)=0.6510 rsu_q=2.667 tx=218 no_tx=2 deadlock=0 svc=25.220GHz idle=3.3%

    Ep    Wall    R/step     T_SR     V_SR     S_SR            L/R/V   Lat(s)       En     Miss      Ill      Ent       KL     Clip
--------------------------------------------------------------------------------------------------------------------------------
   841     2.5s    0.0200    75.0%    75.0%    96.7%        0%/94%/6%    2.018    0.072    25.0%     0.0%   0.6817  -0.0037     9.0%
  [MA20] reward=0.0210 task_sr=78.0% miss=22.0% time_limit=0.0% v2v=3.0%
  [PPO ] p_loss=-0.0144 v_loss=1.2781 entropy=0.6817 grad=0.9527 active=36.1%
  [SIM ] avg_power(a)=0.6179 rsu_q=2.424 tx=237 no_tx=1 deadlock=0 svc=31.356GHz idle=27.3%
   842     2.6s    0.0135    65.0%    65.0%    91.6%        0%/92%/8%    2.023    0.077    35.0%     0.0%   0.6453   0.0039     8.1%
  [MA20] reward=0.0204 task_sr=77.3% miss=22.7% time_limit=0.0% v2v=3.3%
  [PPO ] p_loss=-0.0115 v_loss=0.9111 entropy=0.6453 grad=0.5984 active=33.6%
  [SIM ] avg_power(a)=0.6055 rsu_q=1.636 tx=221 no_tx=1 deadlock=0 svc=24.160GHz idle=3.0%
   843     2.4s    0.0184    85.0%    85.0%    96.9%        2%/92%/6%    2.171    0.083    15.0%     0.0%   0.5360   0.0150     5.9%
  [MA20] reward=0.0204 task_sr=77.5% miss=22.5% time_limit=0.0% v2v=3.5%
  [PPO ] p_loss=0.0082 v_loss=1.1181 entropy=0.5360 grad=0.9767 active=41.3%
  [SIM ] avg_power(a)=0.6201 rsu_q=4.161 tx=248 no_tx=6 deadlock=0 svc=29.273GHz idle=6.5%
   844     2.6s    0.0145    65.0%    65.0%    87.2%        2%/95%/3%    1.885    0.096    35.0%     0.0%   0.5738  -0.0002     4.0%
  [MA20] reward=0.0202 task_sr=77.3% miss=22.7% time_limit=0.0% v2v=3.5%
  [PPO ] p_loss=-0.0081 v_loss=0.8738 entropy=0.5738 grad=1.3655 active=30.6%
  [SIM ] avg_power(a)=0.6058 rsu_q=2.543 tx=209 no_tx=5 deadlock=0 svc=22.411GHz idle=2.9%
   845     2.4s    0.0159    65.0%    65.0%    92.1%        2%/94%/5%    2.069    0.083    35.0%     0.0%   0.5452   0.0066     5.0%
  [MA20] reward=0.0197 task_sr=76.2% miss=23.7% time_limit=0.0% v2v=3.6%
  [PPO ] p_loss=0.0047 v_loss=1.7782 entropy=0.5452 grad=8.6107 active=36.7%
  [SIM ] avg_power(a)=0.5976 rsu_q=2.219 tx=230 no_tx=4 deadlock=0 svc=27.796GHz idle=15.6%
   846     2.5s    0.0113    55.0%    55.0%    90.7%        1%/94%/5%    2.069    0.109    45.0%     0.0%   0.5288  -0.0053     5.3%
  [MA20] reward=0.0192 task_sr=75.0% miss=25.0% time_limit=0.0% v2v=3.7%
  [PPO ] p_loss=-0.0248 v_loss=0.8723 entropy=0.5288 grad=1.1502 active=31.5%
  [SIM ] avg_power(a)=0.6060 rsu_q=2.909 tx=206 no_tx=2 deadlock=0 svc=24.826GHz idle=15.2%
   847     2.3s    0.0192    60.0%    60.0%    87.7%        2%/97%/1%    1.808    0.089    40.0%     0.0%   0.5513   0.0135     3.0%
  [MA20] reward=0.0191 task_sr=73.8% miss=26.2% time_limit=0.0% v2v=3.6%
  [PPO ] p_loss=-0.0068 v_loss=1.2846 entropy=0.5513 grad=1.7496 active=33.2%
  [SIM ] avg_power(a)=0.5794 rsu_q=2.323 tx=201 no_tx=5 deadlock=0 svc=23.472GHz idle=3.2%
   848     2.0s    0.0298    90.0%    90.0%    96.0%        0%/97%/3%    1.672    0.061    10.0%     0.0%   0.5142  -0.0060     5.5%
  [MA20] reward=0.0195 task_sr=74.5% miss=25.5% time_limit=0.0% v2v=3.7%
  [PPO ] p_loss=0.0090 v_loss=1.3251 entropy=0.5142 grad=15.0056 active=40.4%
  [SIM ] avg_power(a)=0.5776 rsu_q=3.185 tx=216 no_tx=1 deadlock=0 svc=32.120GHz idle=22.2%
   849     2.5s    0.0133    60.0%    60.0%    90.5%        2%/95%/3%    2.117    0.113    40.0%     0.0%   0.4833   0.0152     5.9%
  [MA20] reward=0.0186 task_sr=73.0% miss=27.0% time_limit=0.0% v2v=3.9%
  [PPO ] p_loss=0.0166 v_loss=0.9821 entropy=0.4833 grad=4.2550 active=38.9%
  [SIM ] avg_power(a)=0.5684 rsu_q=3.968 tx=236 no_tx=5 deadlock=0 svc=27.839GHz idle=6.5%
   850     1.7s    0.0393    95.0%    95.0%   100.0%        2%/97%/1%    1.655    0.047     5.0%     0.0%   0.4810   0.0133     4.6%
  [MA20] reward=0.0194 task_sr=73.2% miss=26.8% time_limit=0.0% v2v=3.8%
  [PPO ] p_loss=0.0639 v_loss=1.3309 entropy=0.4810 grad=21.2197 active=50.2%
  [SIM ] avg_power(a)=0.5619 rsu_q=4.435 tx=226 no_tx=5 deadlock=0 svc=37.399GHz idle=13.0%
   851     1.9s    0.0244    95.0%    95.0%    99.6%        1%/97%/2%    1.868    0.063     5.0%     0.0%   0.4829   0.0071     3.8%
  [MA20] reward=0.0190 task_sr=73.2% miss=26.7% time_limit=0.0% v2v=3.8%
  [PPO ] p_loss=0.0078 v_loss=0.9838 entropy=0.4829 grad=21.3582 active=46.4%
  [SIM ] avg_power(a)=0.5638 rsu_q=4.080 tx=229 no_tx=3 deadlock=0 svc=31.552GHz idle=8.0%
   852     1.8s    0.0342    85.0%    85.0%    95.0%        2%/97%/0%    1.647    0.067    15.0%     0.0%   0.5891  -0.0053     1.9%
  [MA20] reward=0.0202 task_sr=74.2% miss=25.8% time_limit=0.0% v2v=3.5%
  [PPO ] p_loss=-0.0286 v_loss=0.9095 entropy=0.5891 grad=6.7644 active=43.8%
  [SIM ] avg_power(a)=0.5511 rsu_q=4.042 tx=205 no_tx=5 deadlock=0 svc=33.991GHz idle=12.5%
   853     2.6s    0.0142    60.0%    60.0%    89.6%        2%/94%/4%    1.885    0.060    40.0%     0.0%   0.6064   0.0067     4.3%
  [MA20] reward=0.0201 task_sr=73.5% miss=26.5% time_limit=0.0% v2v=3.5%
  [PPO ] p_loss=-0.0111 v_loss=0.9182 entropy=0.6064 grad=10.9586 active=31.2%
  [SIM ] avg_power(a)=0.5613 rsu_q=1.853 tx=207 no_tx=4 deadlock=0 svc=25.442GHz idle=23.5%
   854     2.1s    0.0263    90.0%    90.0%    96.2%        1%/97%/2%    1.894    0.075    10.0%     0.0%   0.5072   0.0080     3.3%
  [MA20] reward=0.0204 task_sr=74.2% miss=25.7% time_limit=0.0% v2v=3.3%
  [PPO ] p_loss=0.0102 v_loss=0.9242 entropy=0.5072 grad=3.3312 active=39.8%
  [SIM ] avg_power(a)=0.5557 rsu_q=2.793 tx=228 no_tx=3 deadlock=0 svc=33.528GHz idle=24.1%
   855     1.8s    0.0325    95.0%    95.0%    98.3%        1%/97%/2%    1.853    0.079     5.0%     0.0%   0.4664  -0.0036     3.2%
  [MA20] reward=0.0209 task_sr=75.0% miss=25.0% time_limit=0.0% v2v=3.3%
  [PPO ] p_loss=-0.0092 v_loss=1.0589 entropy=0.4664 grad=20.9190 active=50.0%
  [SIM ] avg_power(a)=0.5754 rsu_q=5.130 tx=227 no_tx=2 deadlock=0 svc=35.805GHz idle=8.7%
   856     2.2s    0.0180    75.0%    75.0%    93.3%        1%/96%/3%    2.006    0.082    25.0%     0.0%   0.4912   0.0186     6.1%
  [MA20] reward=0.0211 task_sr=75.5% miss=24.5% time_limit=0.0% v2v=3.3%
  [PPO ] p_loss=0.0153 v_loss=0.8763 entropy=0.4912 grad=10.8588 active=37.9%
  [SIM ] avg_power(a)=0.5677 rsu_q=3.607 tx=209 no_tx=2 deadlock=0 svc=29.379GHz idle=14.3%
   857     2.2s    0.0217    75.0%    75.0%    91.5%        1%/95%/4%    2.012    0.097    25.0%     0.0%   0.4952   0.0084     2.5%
  [MA20] reward=0.0211 task_sr=75.2% miss=24.8% time_limit=0.0% v2v=3.4%
  [PPO ] p_loss=-0.0010 v_loss=1.0929 entropy=0.4952 grad=15.7151 active=38.6%
  [SIM ] avg_power(a)=0.5753 rsu_q=3.143 tx=214 no_tx=2 deadlock=0 svc=27.780GHz idle=7.1%
   858     2.5s    0.0168    90.0%    90.0%   100.0%        2%/96%/2%    2.090    0.057    10.0%     0.0%   0.4660   0.0027     2.5%
  [MA20] reward=0.0211 task_sr=76.5% miss=23.5% time_limit=0.0% v2v=3.3%
  [PPO ] p_loss=0.0241 v_loss=1.4982 entropy=0.4660 grad=18.3635 active=32.8%
  [SIM ] avg_power(a)=0.5747 rsu_q=3.306 tx=232 no_tx=4 deadlock=0 svc=23.434GHz idle=2.8%
   859     2.1s    0.0213    75.0%    75.0%    96.2%        2%/96%/2%    1.853    0.079    25.0%     0.0%   0.5628   0.0029     3.3%
  [MA20] reward=0.0210 task_sr=76.2% miss=23.8% time_limit=0.0% v2v=3.2%
  [PPO ] p_loss=0.0083 v_loss=1.2272 entropy=0.5628 grad=13.4633 active=40.4%
  [SIM ] avg_power(a)=0.6034 rsu_q=3.500 tx=221 no_tx=5 deadlock=0 svc=29.882GHz idle=14.3%
   860     2.9s    0.0098    55.0%    55.0%    86.1%        1%/98%/1%    2.200    0.082    45.0%     0.0%   0.5497   0.0075     3.0%
  [MA20] reward=0.0207 task_sr=75.5% miss=24.5% time_limit=0.0% v2v=3.1%
  [PPO ] p_loss=-0.0113 v_loss=1.5805 entropy=0.5497 grad=37.1325 active=32.6%
  [SIM ] avg_power(a)=0.5932 rsu_q=2.543 tx=226 no_tx=2 deadlock=0 svc=24.050GHz idle=14.3%

    Ep    Wall    R/step     T_SR     V_SR     S_SR            L/R/V   Lat(s)       En     Miss      Ill      Ent       KL     Clip
--------------------------------------------------------------------------------------------------------------------------------
   861     2.6s    0.0156    65.0%    65.0%    92.0%        3%/95%/2%    1.954    0.078    35.0%     0.0%   0.5096   0.0099     3.0%
  [MA20] reward=0.0205 task_sr=75.0% miss=25.0% time_limit=0.0% v2v=2.9%
  [PPO ] p_loss=0.0137 v_loss=0.8116 entropy=0.5096 grad=31.7043 active=35.4%
  [SIM ] avg_power(a)=0.5842 rsu_q=3.114 tx=240 no_tx=7 deadlock=0 svc=26.209GHz idle=8.6%
   862     2.0s    0.0245    75.0%    75.0%    90.4%        1%/97%/1%    1.687    0.096    25.0%     0.0%   0.5115   0.0129     2.8%
  [MA20] reward=0.0210 task_sr=75.5% miss=24.5% time_limit=0.0% v2v=2.6%
  [PPO ] p_loss=-0.0218 v_loss=1.2979 entropy=0.5115 grad=17.3651 active=36.1%
  [SIM ] avg_power(a)=0.5987 rsu_q=2.500 tx=198 no_tx=3 deadlock=0 svc=26.772GHz idle=10.7%
   863     2.5s    0.0128    60.0%    60.0%    79.3%        0%/98%/2%    2.000    0.116    40.0%     0.0%   0.6517  -0.0047     2.4%
  [MA20] reward=0.0208 task_sr=74.2% miss=25.8% time_limit=0.0% v2v=2.4%
  [PPO ] p_loss=0.0181 v_loss=1.1812 entropy=0.6517 grad=13.5123 active=31.6%
  [SIM ] avg_power(a)=0.5940 rsu_q=1.281 tx=201 no_tx=1 deadlock=0 svc=21.643GHz idle=15.6%
   864     2.3s    0.0208    80.0%    80.0%    97.6%        1%/98%/1%    2.022    0.070    20.0%     0.0%   0.4963   0.0078     2.0%
  [MA20] reward=0.0211 task_sr=75.0% miss=25.0% time_limit=0.0% v2v=2.3%
  [PPO ] p_loss=-0.0126 v_loss=0.9596 entropy=0.4963 grad=22.1343 active=38.6%
  [SIM ] avg_power(a)=0.5862 rsu_q=3.219 tx=244 no_tx=3 deadlock=0 svc=28.760GHz idle=18.7%
   865     2.5s    0.0147    65.0%    65.0%    83.6%        1%/96%/3%    1.871    0.108    35.0%     0.0%   0.5718   0.0049     2.9%
  [MA20] reward=0.0210 task_sr=75.0% miss=25.0% time_limit=0.0% v2v=2.2%
  [PPO ] p_loss=-0.0048 v_loss=0.9879 entropy=0.5718 grad=26.7773 active=31.2%
  [SIM ] avg_power(a)=0.5907 rsu_q=2.152 tx=203 no_tx=3 deadlock=0 svc=20.734GHz idle=3.0%
   866     2.5s    0.0147    55.0%    55.0%    88.2%        2%/96%/3%    1.773    0.093    45.0%     0.0%   0.4784   0.0047     4.1%
  [MA20] reward=0.0212 task_sr=75.0% miss=25.0% time_limit=0.0% v2v=2.1%
  [PPO ] p_loss=-0.0032 v_loss=0.9494 entropy=0.4784 grad=11.0985 active=34.8%
  [SIM ] avg_power(a)=0.5928 rsu_q=2.469 tx=219 no_tx=4 deadlock=0 svc=25.008GHz idle=9.4%
   867     2.2s    0.0240    85.0%    85.0%    97.9%        0%/95%/4%    1.967    0.068    15.0%     0.0%   0.4325   0.0083     3.1%
  [MA20] reward=0.0214 task_sr=76.2% miss=23.8% time_limit=0.0% v2v=2.3%
  [PPO ] p_loss=0.0034 v_loss=1.0248 entropy=0.4325 grad=20.8765 active=41.0%
  [SIM ] avg_power(a)=0.5978 rsu_q=3.690 tx=237 no_tx=1 deadlock=0 svc=29.432GHz idle=3.4%
   868     2.4s    0.0170    80.0%    80.0%    93.9%        0%/97%/3%    2.044    0.097    20.0%     0.0%   0.5160   0.0006     1.8%
  [MA20] reward=0.0208 task_sr=75.8% miss=24.3% time_limit=0.0% v2v=2.3%
  [PPO ] p_loss=-0.0071 v_loss=1.0141 entropy=0.5160 grad=8.6836 active=36.2%
  [SIM ] avg_power(a)=0.5968 rsu_q=2.719 tx=232 no_tx=0 deadlock=0 svc=26.871GHz idle=12.5%
   869     2.7s    0.0199    85.0%    85.0%    95.8%        1%/98%/1%    1.794    0.059    15.0%     0.0%   0.4651   0.0057     1.9%
  [MA20] reward=0.0211 task_sr=77.0% miss=23.0% time_limit=0.0% v2v=2.2%
  [PPO ] p_loss=0.0086 v_loss=1.1913 entropy=0.4651 grad=13.0016 active=30.9%
  [SIM ] avg_power(a)=0.5947 rsu_q=3.081 tx=227 no_tx=2 deadlock=0 svc=26.816GHz idle=21.6%
   870     2.1s    0.0222    80.0%    80.0%    95.9%        1%/97%/1%    1.944    0.101    20.0%     0.0%   0.4826   0.0096     3.7%
  [MA20] reward=0.0203 task_sr=76.2% miss=23.8% time_limit=0.0% v2v=2.2%
  [PPO ] p_loss=-0.0225 v_loss=1.2961 entropy=0.4826 grad=8.6102 active=39.8%
  [SIM ] avg_power(a)=0.5979 rsu_q=3.310 tx=228 no_tx=3 deadlock=0 svc=33.432GHz idle=17.2%
   871     1.9s    0.0342    95.0%    95.0%    97.4%        2%/97%/1%    1.663    0.055     5.0%     0.0%   0.4983   0.0069     5.0%
  [MA20] reward=0.0208 task_sr=76.2% miss=23.8% time_limit=0.0% v2v=2.2%
  [PPO ] p_loss=0.0126 v_loss=1.5180 entropy=0.4983 grad=6.0995 active=43.3%
  [SIM ] avg_power(a)=0.5896 rsu_q=3.692 tx=220 no_tx=4 deadlock=0 svc=34.011GHz idle=15.4%
   872     2.0s    0.0263    85.0%    85.0%    94.7%        0%/97%/3%    1.900    0.095    15.0%     0.0%   0.4441   0.0031     7.0%
  [MA20] reward=0.0204 task_sr=76.2% miss=23.8% time_limit=0.0% v2v=2.3%
  [PPO ] p_loss=0.0008 v_loss=1.0185 entropy=0.4441 grad=7.7330 active=39.8%
  [SIM ] avg_power(a)=0.5898 rsu_q=3.037 tx=215 no_tx=0 deadlock=0 svc=28.322GHz idle=3.7%
   873     2.0s    0.0266    80.0%    80.0%    95.5%        1%/99%/0%    1.800    0.075    20.0%     0.0%   0.4301   0.0101     5.2%
  [MA20] reward=0.0210 task_sr=77.3% miss=22.8% time_limit=0.0% v2v=2.1%
  [PPO ] p_loss=0.0083 v_loss=2.3478 entropy=0.4301 grad=12.8401 active=42.1%
  [SIM ] avg_power(a)=0.6193 rsu_q=4.143 tx=234 no_tx=2 deadlock=0 svc=33.166GHz idle=14.3%
   874     2.5s    0.0181    85.0%    85.0%    97.9%        2%/95%/3%    2.006    0.070    15.0%     0.0%   0.4833  -0.0002    10.2%
  [MA20] reward=0.0206 task_sr=77.0% miss=23.0% time_limit=0.0% v2v=2.2%
  [PPO ] p_loss=-0.0131 v_loss=1.1496 entropy=0.4833 grad=5.2466 active=33.7%
  [SIM ] avg_power(a)=0.6379 rsu_q=2.657 tx=231 no_tx=4 deadlock=0 svc=29.004GHz idle=25.7%
   875     1.9s    0.0294    80.0%    80.0%    94.9%        1%/96%/3%    1.741    0.085    20.0%     0.0%   0.4632   0.0117     6.6%
  [MA20] reward=0.0204 task_sr=76.2% miss=23.8% time_limit=0.0% v2v=2.2%
  [PPO ] p_loss=-0.0092 v_loss=0.9559 entropy=0.4632 grad=16.6307 active=43.8%
  [SIM ] avg_power(a)=0.6243 rsu_q=3.038 tx=224 no_tx=3 deadlock=0 svc=32.947GHz idle=11.5%
   876     2.1s    0.0194    75.0%    75.0%    93.2%        1%/97%/2%    2.019    0.126    25.0%     0.0%   0.4988   0.0142     9.9%
  [MA20] reward=0.0205 task_sr=76.2% miss=23.8% time_limit=0.0% v2v=2.2%
  [PPO ] p_loss=0.0132 v_loss=1.4049 entropy=0.4988 grad=12.2482 active=41.3%
  [SIM ] avg_power(a)=0.6256 rsu_q=4.556 tx=221 no_tx=2 deadlock=0 svc=28.046GHz idle=3.7%
   877     2.3s    0.0189    60.0%    60.0%    84.2%        0%/98%/2%    1.800    0.142    40.0%     0.0%   0.4972   0.0081     3.7%
  [MA20] reward=0.0203 task_sr=75.5% miss=24.5% time_limit=0.0% v2v=2.1%
  [PPO ] p_loss=0.0012 v_loss=4.4593 entropy=0.4972 grad=35.1835 active=33.3%
  [SIM ] avg_power(a)=0.6091 rsu_q=3.000 tx=199 no_tx=1 deadlock=0 svc=24.478GHz idle=10.0%
   878     2.5s    0.0156    70.0%    70.0%   100.0%        1%/98%/2%    2.280    0.082    30.0%     0.0%   0.4830   0.0032     2.5%
  [MA20] reward=0.0203 task_sr=74.5% miss=25.5% time_limit=0.0% v2v=2.0%
  [PPO ] p_loss=-0.0278 v_loss=1.1763 entropy=0.4830 grad=8.8900 active=36.0%
  [SIM ] avg_power(a)=0.5955 rsu_q=3.057 tx=250 no_tx=2 deadlock=0 svc=28.402GHz idle=17.1%
   879     2.5s    0.0131    45.0%    45.0%    82.7%        1%/96%/3%    1.850    0.086    55.0%     0.0%   0.5167   0.0209     5.0%
  [MA20] reward=0.0199 task_sr=73.0% miss=27.0% time_limit=0.0% v2v=2.1%
  [PPO ] p_loss=0.0193 v_loss=1.8828 entropy=0.5167 grad=19.1960 active=29.0%
  [SIM ] avg_power(a)=0.5816 rsu_q=2.794 tx=195 no_tx=2 deadlock=0 svc=20.975GHz idle=8.8%
   880     2.3s    0.0190    75.0%    75.0%    88.3%        1%/97%/2%    1.853    0.095    25.0%     0.0%   0.5127   0.0087     9.1%
  [MA20] reward=0.0203 task_sr=74.0% miss=26.0% time_limit=0.0% v2v=2.1%
  [PPO ] p_loss=0.0040 v_loss=1.2857 entropy=0.5127 grad=11.3937 active=34.7%
  [SIM ] avg_power(a)=0.6000 rsu_q=2.419 tx=212 no_tx=2 deadlock=0 svc=24.311GHz idle=6.5%

    Ep    Wall    R/step     T_SR     V_SR     S_SR            L/R/V   Lat(s)       En     Miss      Ill      Ent       KL     Clip
--------------------------------------------------------------------------------------------------------------------------------
   881     2.4s    0.0198    80.0%    80.0%    96.5%        0%/99%/0%    1.935    0.092    20.0%     0.0%   0.5053   0.0053     7.9%
  [MA20] reward=0.0205 task_sr=74.8% miss=25.2% time_limit=0.0% v2v=2.0%
  [PPO ] p_loss=0.0138 v_loss=1.1588 entropy=0.5053 grad=21.2993 active=34.2%
  [SIM ] avg_power(a)=0.6196 rsu_q=3.000 tx=225 no_tx=1 deadlock=0 svc=26.307GHz idle=15.2%
   882     2.1s    0.0287    85.0%    85.0%    95.3%        1%/96%/2%    1.729    0.060    15.0%     0.0%   0.4769  -0.0016     4.5%
  [MA20] reward=0.0208 task_sr=75.2% miss=24.8% time_limit=0.0% v2v=2.1%
  [PPO ] p_loss=-0.0004 v_loss=1.2204 entropy=0.4769 grad=18.3570 active=39.0%
  [SIM ] avg_power(a)=0.6113 rsu_q=3.172 tx=223 no_tx=3 deadlock=0 svc=32.807GHz idle=20.7%
   883     2.4s    0.0197    70.0%    70.0%    94.9%        2%/97%/1%    1.893    0.097    30.0%     0.0%   0.5595   0.0050     6.2%
  [MA20] reward=0.0211 task_sr=75.8% miss=24.3% time_limit=0.0% v2v=2.0%
  [PPO ] p_loss=0.0078 v_loss=0.9976 entropy=0.5595 grad=12.2853 active=34.4%
  [SIM ] avg_power(a)=0.6424 rsu_q=2.727 tx=223 no_tx=4 deadlock=0 svc=27.713GHz idle=18.2%
   884     2.4s    0.0136    60.0%    60.0%    87.7%        0%/98%/2%    2.123    0.127    40.0%     0.0%   0.5451   0.0140     6.1%
  [MA20] reward=0.0207 task_sr=74.8% miss=25.3% time_limit=0.0% v2v=2.1%
  [PPO ] p_loss=0.0013 v_loss=1.1155 entropy=0.5451 grad=31.5529 active=34.8%
  [SIM ] avg_power(a)=0.6246 rsu_q=3.065 tx=215 no_tx=1 deadlock=0 svc=24.612GHz idle=3.2%
   885     2.5s    0.0174    70.0%    70.0%    90.9%        1%/97%/2%    1.956    0.106    30.0%     0.0%   0.5148   0.0064     4.5%
  [MA20] reward=0.0209 task_sr=75.0% miss=25.0% time_limit=0.0% v2v=2.0%
  [PPO ] p_loss=0.0145 v_loss=0.8839 entropy=0.5148 grad=9.8494 active=33.3%
  [SIM ] avg_power(a)=0.6081 rsu_q=2.091 tx=217 no_tx=3 deadlock=0 svc=23.019GHz idle=6.1%
   886     2.0s    0.0299    90.0%    90.0%    98.0%        0%/98%/1%    1.789    0.060    10.0%     0.0%   0.5223   0.0050     3.2%
  [MA20] reward=0.0216 task_sr=76.7% miss=23.2% time_limit=0.0% v2v=1.9%
  [PPO ] p_loss=-0.0059 v_loss=1.7974 entropy=0.5223 grad=13.0037 active=45.0%
  [SIM ] avg_power(a)=0.6160 rsu_q=4.393 tx=251 no_tx=1 deadlock=0 svc=31.660GHz idle=3.6%
   887     2.2s    0.0184    75.0%    75.0%    95.6%        3%/96%/1%    1.960    0.074    25.0%     0.0%   0.5222   0.0194     4.3%
  [MA20] reward=0.0214 task_sr=76.2% miss=23.8% time_limit=0.0% v2v=1.8%
  [PPO ] p_loss=0.0109 v_loss=1.0096 entropy=0.5222 grad=8.7962 active=40.0%
  [SIM ] avg_power(a)=0.5960 rsu_q=2.567 tx=233 no_tx=7 deadlock=0 svc=27.890GHz idle=6.7%
   888     2.3s    0.0193    75.0%    75.0%    93.5%        1%/94%/4%    1.873    0.075    25.0%     0.0%   0.5361   0.0074     5.0%
  [MA20] reward=0.0215 task_sr=76.0% miss=24.0% time_limit=0.0% v2v=1.9%
  [PPO ] p_loss=0.0147 v_loss=1.1172 entropy=0.5361 grad=11.8521 active=38.1%
  [SIM ] avg_power(a)=0.6188 rsu_q=2.548 tx=232 no_tx=3 deadlock=0 svc=25.978GHz idle=3.2%
   889     2.0s    0.0262    85.0%    85.0%    98.8%        1%/98%/1%    1.906    0.086    15.0%     0.0%   0.4782   0.0050     1.8%
  [MA20] reward=0.0218 task_sr=76.0% miss=24.0% time_limit=0.0% v2v=1.8%
  [PPO ] p_loss=-0.0006 v_loss=1.4027 entropy=0.4782 grad=4.1290 active=45.0%
  [SIM ] avg_power(a)=0.5962 rsu_q=4.111 tx=240 no_tx=3 deadlock=0 svc=33.119GHz idle=7.4%
   890     2.5s    0.0150    45.0%    45.0%    76.2%        2%/95%/3%    1.808    0.143    55.0%     0.0%   0.4446   0.0099     4.0%
  [MA20] reward=0.0214 task_sr=74.2% miss=25.8% time_limit=0.0% v2v=1.9%
  [PPO ] p_loss=-0.0048 v_loss=0.8745 entropy=0.4446 grad=1.8588 active=28.9%
  [SIM ] avg_power(a)=0.6136 rsu_q=1.750 tx=182 no_tx=3 deadlock=0 svc=21.261GHz idle=9.4%
   891     2.2s    0.0241    80.0%    80.0%    93.5%        1%/99%/0%    1.894    0.087    20.0%     0.0%   0.5608   0.0040     2.6%
  [MA20] reward=0.0209 task_sr=73.5% miss=26.5% time_limit=0.0% v2v=1.9%
  [PPO ] p_loss=0.0052 v_loss=1.8828 entropy=0.5608 grad=2.9171 active=40.0%
  [SIM ] avg_power(a)=0.6128 rsu_q=3.483 tx=230 no_tx=2 deadlock=0 svc=30.856GHz idle=13.8%
   892     2.1s    0.0276    90.0%    90.0%    97.5%        1%/97%/2%    1.767    0.086    10.0%     0.0%   0.5387  -0.0006     2.9%
  [MA20] reward=0.0210 task_sr=73.8% miss=26.2% time_limit=0.0% v2v=1.9%
  [PPO ] p_loss=0.0093 v_loss=1.0557 entropy=0.5387 grad=4.9678 active=40.0%
  [SIM ] avg_power(a)=0.6389 rsu_q=3.276 tx=230 no_tx=2 deadlock=0 svc=33.032GHz idle=20.7%
   893     2.4s    0.0163    75.0%    75.0%    94.5%        3%/94%/3%    1.875    0.087    25.0%     0.0%   0.6195   0.0095     7.0%
  [MA20] reward=0.0205 task_sr=73.5% miss=26.5% time_limit=0.0% v2v=2.0%
  [PPO ] p_loss=0.0115 v_loss=3.2642 entropy=0.6195 grad=9.7683 active=30.4%
  [SIM ] avg_power(a)=0.6159 rsu_q=2.029 tx=201 no_tx=6 deadlock=0 svc=28.614GHz idle=35.3%
   894     2.1s    0.0207    95.0%    95.0%    99.6%        3%/92%/5%    2.132    0.074     5.0%     0.0%   0.5793   0.0083     5.1%
  [MA20] reward=0.0206 task_sr=74.0% miss=26.0% time_limit=0.0% v2v=2.1%
  [PPO ] p_loss=0.0049 v_loss=1.2594 entropy=0.5793 grad=5.9745 active=41.4%
  [SIM ] avg_power(a)=0.6162 rsu_q=3.690 tx=232 no_tx=8 deadlock=0 svc=31.694GHz idle=10.3%
   895     1.9s    0.0263    90.0%    90.0%    96.4%        5%/92%/4%    1.858    0.085    10.0%     0.0%   0.6183   0.0231     5.0%
  [MA20] reward=0.0204 task_sr=74.5% miss=25.5% time_limit=0.0% v2v=2.1%
  [PPO ] p_loss=-0.0469 v_loss=1.1551 entropy=0.6183 grad=1.9004 active=42.8%
  [SIM ] avg_power(a)=0.5954 rsu_q=2.760 tx=204 no_tx=10 deadlock=0 svc=31.622GHz idle=16.0%
   896     2.1s    0.0270    90.0%    90.0%    99.2%        2%/95%/4%    1.817    0.055    10.0%     0.0%   0.7574   0.0314     8.5%
  [MA20] reward=0.0208 task_sr=75.2% miss=24.7% time_limit=0.0% v2v=2.2%
  [PPO ] p_loss=0.0059 v_loss=1.4466 entropy=0.7574 grad=1.6291 active=44.1%
  [SIM ] avg_power(a)=0.5938 rsu_q=3.071 tx=243 no_tx=4 deadlock=0 svc=29.112GHz idle=3.6%
   897     2.1s    0.0224    95.0%    95.0%    96.5%        4%/92%/4%    2.037    0.051     5.0%     0.0%   0.7489   0.0084     5.2%
  [MA20] reward=0.0210 task_sr=77.0% miss=23.0% time_limit=0.0% v2v=2.3%
  [PPO ] p_loss=-0.0035 v_loss=1.1150 entropy=0.7489 grad=0.4745 active=42.3%
  [SIM ] avg_power(a)=0.5433 rsu_q=2.731 tx=211 no_tx=9 deadlock=0 svc=31.999GHz idle=11.5%
   898     2.5s    0.0098    55.0%    55.0%    83.1%        4%/88%/9%    2.050    0.069    45.0%     0.0%   1.0435   0.0098     6.9%
  [MA20] reward=0.0207 task_sr=76.2% miss=23.8% time_limit=0.0% v2v=2.6%
  [PPO ] p_loss=-0.0132 v_loss=2.4082 entropy=1.0435 grad=1.1757 active=32.1%
  [SIM ] avg_power(a)=0.5062 rsu_q=1.677 tx=192 no_tx=7 deadlock=0 svc=21.401GHz idle=3.2%
   899     7.0s    0.0049    65.0%    65.0%    91.5%       7%/82%/11%    1.969    0.012    35.0%     0.0%   1.1352   0.0031     6.8%
  [MA20] reward=0.0203 task_sr=77.2% miss=22.7% time_limit=0.0% v2v=3.1%
  [PPO ] p_loss=-0.0057 v_loss=2.0868 entropy=1.1352 grad=2.1441 active=10.7%
  [SIM ] avg_power(a)=0.5194 rsu_q=0.630 tx=215 no_tx=16 deadlock=0 svc=7.219GHz idle=0.9%
   900     2.4s    0.0099    55.0%    55.0%    90.8%       9%/78%/13%    2.275    0.047    45.0%     0.0%   1.0572   0.0224     9.4%
  [MA20] reward=0.0198 task_sr=76.2% miss=23.8% time_limit=0.0% v2v=3.6%
  [PPO ] p_loss=-0.0064 v_loss=0.9399 entropy=1.0572 grad=0.8454 active=36.3%
  [SIM ] avg_power(a)=0.5344 rsu_q=1.903 tx=204 no_tx=20 deadlock=0 svc=25.552GHz idle=3.2%

    Ep    Wall    R/step     T_SR     V_SR     S_SR            L/R/V   Lat(s)       En     Miss      Ill      Ent       KL     Clip
--------------------------------------------------------------------------------------------------------------------------------
   901     3.3s    0.0047    30.0%    30.0%    81.1%        4%/86%/9%    2.125    0.042    70.0%     0.0%   1.0423  -0.0025     5.0%
  [MA20] reward=0.0191 task_sr=73.8% miss=26.2% time_limit=0.0% v2v=4.1%
  [PPO ] p_loss=0.0190 v_loss=0.7315 entropy=1.0423 grad=1.7776 active=23.4%
  [SIM ] avg_power(a)=0.5113 rsu_q=0.860 tx=190 no_tx=9 deadlock=0 svc=15.149GHz idle=14.0%
   902     3.0s    0.0079    55.0%    55.0%    89.3%        7%/86%/7%    2.200    0.058    45.0%     0.0%   0.9911  -0.0002     4.7%
  [MA20] reward=0.0180 task_sr=72.2% miss=27.8% time_limit=0.0% v2v=4.3%
  [PPO ] p_loss=-0.0080 v_loss=1.1238 entropy=0.9911 grad=0.7010 active=29.9%
  [SIM ] avg_power(a)=0.5364 rsu_q=1.447 tx=210 no_tx=17 deadlock=0 svc=21.474GHz idle=2.6%
   903     2.7s    0.0113    60.0%    60.0%    93.8%        5%/89%/6%    2.138    0.060    40.0%     0.0%   0.8895   0.0010     4.3%
  [MA20] reward=0.0176 task_sr=71.8% miss=28.3% time_limit=0.0% v2v=4.5%
  [PPO ] p_loss=-0.0169 v_loss=1.5292 entropy=0.8895 grad=1.7068 active=34.4%
  [SIM ] avg_power(a)=0.5473 rsu_q=1.694 tx=235 no_tx=13 deadlock=0 svc=23.608GHz idle=2.8%
   904     2.2s    0.0197    70.0%    70.0%    86.1%        7%/90%/3%    1.940    0.089    30.0%     0.0%   0.8334   0.0039     6.2%
  [MA20] reward=0.0179 task_sr=72.2% miss=27.7% time_limit=0.0% v2v=4.6%
  [PPO ] p_loss=-0.0185 v_loss=0.8604 entropy=0.8334 grad=1.4992 active=36.7%
  [SIM ] avg_power(a)=0.5564 rsu_q=1.966 tx=199 no_tx=14 deadlock=0 svc=27.027GHz idle=10.3%
   905     2.4s    0.0188    85.0%    85.0%    99.2%        5%/91%/4%    2.061    0.043    15.0%     0.0%   0.7230   0.0070     4.6%
  [MA20] reward=0.0180 task_sr=73.0% miss=27.0% time_limit=0.0% v2v=4.7%
  [PPO ] p_loss=0.0084 v_loss=1.1157 entropy=0.7230 grad=1.5335 active=36.6%
  [SIM ] avg_power(a)=0.5674 rsu_q=2.324 tx=236 no_tx=12 deadlock=0 svc=27.061GHz idle=8.8%
   906     2.4s    0.0246   100.0%   100.0%   100.0%        5%/93%/3%    1.985    0.042     0.0%     0.0%   0.8293   0.0095     2.7%
  [MA20] reward=0.0177 task_sr=73.5% miss=26.5% time_limit=0.0% v2v=4.8%
  [PPO ] p_loss=0.0097 v_loss=1.6728 entropy=0.8293 grad=2.4984 active=39.4%
  [SIM ] avg_power(a)=0.5687 rsu_q=3.636 tx=248 no_tx=12 deadlock=0 svc=31.987GHz idle=18.2%
   907     2.7s    0.0178    65.0%    65.0%    93.0%        4%/90%/6%    1.807    0.060    35.0%     0.0%   0.8981   0.0109     2.6%
  [MA20] reward=0.0177 task_sr=73.0% miss=27.0% time_limit=0.0% v2v=5.0%
  [PPO ] p_loss=0.0114 v_loss=1.1510 entropy=0.8981 grad=6.6723 active=35.6%
  [SIM ] avg_power(a)=0.5757 rsu_q=2.412 tx=232 no_tx=9 deadlock=0 svc=25.112GHz idle=5.9%
   908     2.5s    0.0106    55.0%    55.0%    88.6%        8%/87%/5%    2.085    0.068    45.0%     0.0%   0.8660  -0.0043     3.8%
  [MA20] reward=0.0173 task_sr=72.0% miss=28.0% time_limit=0.0% v2v=5.1%
  [PPO ] p_loss=-0.0009 v_loss=0.8600 entropy=0.8660 grad=3.1559 active=32.4%
  [SIM ] avg_power(a)=0.5705 rsu_q=1.576 tx=197 no_tx=17 deadlock=0 svc=22.986GHz idle=9.1%
   909     2.9s    0.0128    70.0%    70.0%    93.0%        7%/87%/7%    2.013    0.042    30.0%     0.0%   0.7242   0.0178     5.4%
  [MA20] reward=0.0166 task_sr=71.3% miss=28.7% time_limit=0.0% v2v=5.4%
  [PPO ] p_loss=-0.0060 v_loss=1.1007 entropy=0.7242 grad=2.1091 active=28.7%
  [SIM ] avg_power(a)=0.5871 rsu_q=1.700 tx=214 no_tx=15 deadlock=0 svc=19.870GHz idle=2.5%
   910     2.1s    0.0284    90.0%    90.0%    97.9%        2%/92%/6%    1.883    0.044    10.0%     0.0%   0.6684   0.0043     2.9%
  [MA20] reward=0.0173 task_sr=73.5% miss=26.5% time_limit=0.0% v2v=5.5%
  [PPO ] p_loss=0.0076 v_loss=1.2318 entropy=0.6684 grad=0.5219 active=41.4%
  [SIM ] avg_power(a)=0.5619 rsu_q=3.429 tx=225 no_tx=5 deadlock=0 svc=30.871GHz idle=7.1%
   911     2.3s    0.0212    90.0%    90.0%    99.6%        5%/91%/4%    2.084    0.074    10.0%     0.0%   0.7151   0.0138     3.3%
  [MA20] reward=0.0171 task_sr=74.0% miss=26.0% time_limit=0.0% v2v=5.7%
  [PPO ] p_loss=0.0365 v_loss=2.0689 entropy=0.7151 grad=5.2232 active=38.7%
  [SIM ] avg_power(a)=0.5519 rsu_q=3.933 tx=221 no_tx=11 deadlock=0 svc=27.963GHz idle=3.3%
   912     2.6s    0.0114    60.0%    60.0%    90.5%        5%/92%/3%    1.962    0.072    40.0%     0.0%   0.7426   0.0070     3.4%
  [MA20] reward=0.0163 task_sr=72.5% miss=27.5% time_limit=0.0% v2v=5.7%
  [PPO ] p_loss=0.0118 v_loss=1.8352 entropy=0.7426 grad=12.5081 active=29.3%
  [SIM ] avg_power(a)=0.5653 rsu_q=2.200 tx=195 no_tx=10 deadlock=0 svc=20.581GHz idle=2.9%
   913     2.1s    0.0243    85.0%    85.0%    96.3%        6%/91%/3%    1.828    0.053    15.0%     0.0%   0.7634   0.0077     3.0%
  [MA20] reward=0.0167 task_sr=73.0% miss=27.0% time_limit=0.0% v2v=5.7%
  [PPO ] p_loss=-0.0077 v_loss=1.2786 entropy=0.7634 grad=3.0652 active=40.0%
  [SIM ] avg_power(a)=0.5750 rsu_q=2.793 tx=219 no_tx=13 deadlock=0 svc=29.388GHz idle=13.8%
   914     2.4s    0.0130    65.0%    65.0%    93.8%        5%/90%/4%    2.092    0.075    35.0%     0.0%   0.8042   0.0087     3.3%
  [MA20] reward=0.0163 task_sr=71.5% miss=28.5% time_limit=0.0% v2v=5.7%
  [PPO ] p_loss=-0.0022 v_loss=1.4048 entropy=0.8042 grad=4.6069 active=36.1%
  [SIM ] avg_power(a)=0.5875 rsu_q=2.531 tx=219 no_tx=12 deadlock=0 svc=25.659GHz idle=3.1%
   915     2.4s    0.0162    80.0%    80.0%    94.5%        5%/91%/4%    2.044    0.060    20.0%     0.0%   0.8246   0.0018     2.0%
  [MA20] reward=0.0158 task_sr=71.0% miss=29.0% time_limit=0.0% v2v=5.7%
  [PPO ] p_loss=0.0071 v_loss=1.2127 entropy=0.8246 grad=0.6121 active=35.8%
  [SIM ] avg_power(a)=0.5625 rsu_q=2.344 tx=218 no_tx=11 deadlock=0 svc=24.533GHz idle=3.1%
   916     2.2s    0.0187    65.0%    65.0%    95.9%        3%/92%/5%    1.857    0.085    35.0%     0.0%   0.8428   0.0083     2.1%
  [MA20] reward=0.0154 task_sr=69.8% miss=30.2% time_limit=0.0% v2v=5.8%
  [PPO ] p_loss=0.0062 v_loss=1.2641 entropy=0.8428 grad=6.0181 active=38.2%
  [SIM ] avg_power(a)=0.5613 rsu_q=2.357 tx=208 no_tx=6 deadlock=0 svc=27.412GHz idle=7.1%
   917     2.4s    0.0181    80.0%    80.0%    96.5%        4%/88%/8%    2.006    0.052    20.0%     0.0%   0.8736   0.0023     3.6%
  [MA20] reward=0.0152 task_sr=69.0% miss=31.0% time_limit=0.0% v2v=6.0%
  [PPO ] p_loss=-0.0094 v_loss=1.0100 entropy=0.8736 grad=3.1957 active=35.3%
  [SIM ] avg_power(a)=0.5752 rsu_q=2.406 tx=214 no_tx=10 deadlock=0 svc=25.743GHz idle=6.2%
   918     2.9s    0.0105    55.0%    55.0%    91.7%        8%/84%/8%    2.009    0.051    45.0%     0.0%   0.8346  -0.0005     5.1%
  [MA20] reward=0.0152 task_sr=69.0% miss=31.0% time_limit=0.0% v2v=6.0%
  [PPO ] p_loss=-0.0355 v_loss=1.3873 entropy=0.8346 grad=2.4187 active=29.9%
  [SIM ] avg_power(a)=0.5735 rsu_q=1.816 tx=207 no_tx=19 deadlock=0 svc=20.187GHz idle=2.6%
   919     2.5s    0.0166    80.0%    80.0%    96.1%        4%/90%/6%    2.088    0.041    20.0%     0.0%   0.8754   0.0038     2.7%
  [MA20] reward=0.0158 task_sr=69.8% miss=30.2% time_limit=0.0% v2v=5.7%
  [PPO ] p_loss=-0.0145 v_loss=1.0279 entropy=0.8754 grad=0.4597 active=38.9%
  [SIM ] avg_power(a)=0.5585 rsu_q=3.219 tx=236 no_tx=11 deadlock=0 svc=27.023GHz idle=3.1%
   920     2.1s    0.0209    85.0%    85.0%    94.0%        8%/88%/5%    1.918    0.061    15.0%     0.0%   0.8881  -0.0027     3.8%
  [MA20] reward=0.0164 task_sr=71.3% miss=28.8% time_limit=0.0% v2v=5.3%
  [PPO ] p_loss=0.0201 v_loss=1.2211 entropy=0.8881 grad=1.8862 active=39.5%
  [SIM ] avg_power(a)=0.5542 rsu_q=1.821 tx=204 no_tx=17 deadlock=0 svc=29.925GHz idle=14.3%

    Ep    Wall    R/step     T_SR     V_SR     S_SR            L/R/V   Lat(s)       En     Miss      Ill      Ent       KL     Clip
--------------------------------------------------------------------------------------------------------------------------------
   921     2.2s    0.0194    85.0%    85.0%    93.9%        7%/87%/6%    1.918    0.065    15.0%     0.0%   0.8250   0.0069     5.4%
  [MA20] reward=0.0171 task_sr=74.0% miss=26.0% time_limit=0.0% v2v=5.1%
  [PPO ] p_loss=0.0015 v_loss=1.0771 entropy=0.8250 grad=1.4830 active=39.8%
  [SIM ] avg_power(a)=0.5434 rsu_q=3.034 tx=213 no_tx=17 deadlock=0 svc=27.658GHz idle=3.4%
   922     3.2s    0.0070    45.0%    45.0%    77.2%       14%/84%/2%    2.140    0.069    55.0%     0.0%   0.9037   0.0108     4.9%
  [MA20] reward=0.0171 task_sr=73.5% miss=26.5% time_limit=0.0% v2v=4.9%
  [PPO ] p_loss=-0.0075 v_loss=1.0146 entropy=0.9037 grad=1.5272 active=21.0%
  [SIM ] avg_power(a)=0.5640 rsu_q=1.045 tx=159 no_tx=26 deadlock=0 svc=14.404GHz idle=2.3%
   923     2.5s    0.0086    60.0%    60.0%    91.3%        8%/86%/6%    2.346    0.081    40.0%     0.0%   0.8247   0.0108     5.4%
  [MA20] reward=0.0169 task_sr=73.5% miss=26.5% time_limit=0.0% v2v=4.9%
  [PPO ] p_loss=0.0061 v_loss=1.2834 entropy=0.8247 grad=6.3396 active=36.9%
  [SIM ] avg_power(a)=0.5701 rsu_q=1.656 tx=217 no_tx=19 deadlock=0 svc=26.837GHz idle=9.4%
   924     2.2s    0.0207    70.0%    70.0%    95.9%        6%/88%/5%    1.967    0.061    30.0%     0.0%   0.6908   0.0086     4.8%
  [MA20] reward=0.0170 task_sr=73.5% miss=26.5% time_limit=0.0% v2v=5.0%
  [PPO ] p_loss=0.0096 v_loss=1.2771 entropy=0.6908 grad=1.2118 active=40.9%
  [SIM ] avg_power(a)=0.5856 rsu_q=2.552 tx=222 no_tx=15 deadlock=0 svc=30.803GHz idle=10.3%
   925     2.2s    0.0170    85.0%    85.0%    97.4%        4%/93%/3%    2.088    0.102    15.0%     0.0%   0.6911   0.0109     3.8%
  [MA20] reward=0.0169 task_sr=73.5% miss=26.5% time_limit=0.0% v2v=4.9%
  [PPO ] p_loss=0.0231 v_loss=1.6710 entropy=0.6911 grad=9.2879 active=37.1%
  [SIM ] avg_power(a)=0.5927 rsu_q=2.645 tx=220 no_tx=10 deadlock=0 svc=30.478GHz idle=16.1%
   926     2.3s    0.0194    75.0%    75.0%    94.1%        4%/91%/5%    1.976    0.077    25.0%     0.0%   0.6727  -0.0011     4.8%
  [MA20] reward=0.0166 task_sr=72.2% miss=27.8% time_limit=0.0% v2v=5.1%
  [PPO ] p_loss=0.0013 v_loss=1.3980 entropy=0.6727 grad=6.1242 active=36.1%
  [SIM ] avg_power(a)=0.5939 rsu_q=3.065 tx=215 no_tx=9 deadlock=0 svc=26.407GHz idle=3.2%
   927     2.1s    0.0218    60.0%    60.0%    91.2%        2%/95%/3%    1.800    0.081    40.0%     0.0%   0.6859  -0.0028     2.4%
  [MA20] reward=0.0168 task_sr=72.0% miss=28.0% time_limit=0.0% v2v=4.9%
  [PPO ] p_loss=0.0088 v_loss=1.3101 entropy=0.6859 grad=5.7762 active=40.0%
  [SIM ] avg_power(a)=0.5981 rsu_q=2.750 tx=219 no_tx=5 deadlock=0 svc=28.348GHz idle=3.6%
   928     2.1s    0.0196    80.0%    80.0%    90.8%        5%/93%/2%    1.963    0.092    20.0%     0.0%   0.6499   0.0087     1.7%
  [MA20] reward=0.0173 task_sr=73.2% miss=26.8% time_limit=0.0% v2v=4.8%
  [PPO ] p_loss=-0.0122 v_loss=1.1900 entropy=0.6499 grad=1.9994 active=35.7%
  [SIM ] avg_power(a)=0.5885 rsu_q=2.621 tx=197 no_tx=10 deadlock=0 svc=27.143GHz idle=13.8%
   929     2.9s    0.0088    55.0%    55.0%    86.5%        4%/90%/6%    2.385    0.085    45.0%     0.0%   0.7210  -0.0020     2.9%
  [MA20] reward=0.0171 task_sr=72.5% miss=27.5% time_limit=0.0% v2v=4.7%
  [PPO ] p_loss=0.0007 v_loss=0.9996 entropy=0.7210 grad=1.6096 active=29.4%
  [SIM ] avg_power(a)=0.5858 rsu_q=1.923 tx=219 no_tx=10 deadlock=0 svc=22.838GHz idle=12.8%
   930     2.2s    0.0185    70.0%    70.0%    95.5%        5%/92%/3%    1.880    0.080    30.0%     0.0%   0.6727   0.0149     3.4%
  [MA20] reward=0.0166 task_sr=71.5% miss=28.5% time_limit=0.0% v2v=4.6%
  [PPO ] p_loss=-0.0173 v_loss=1.2602 entropy=0.6727 grad=3.4332 active=39.3%
  [SIM ] avg_power(a)=0.5824 rsu_q=3.500 tx=224 no_tx=11 deadlock=0 svc=28.451GHz idle=3.3%
   931     2.4s    0.0214    80.0%    80.0%    97.4%        3%/93%/4%    1.878    0.046    20.0%     0.0%   0.6316  -0.0011     3.2%
  [MA20] reward=0.0166 task_sr=71.0% miss=29.0% time_limit=0.0% v2v=4.6%
  [PPO ] p_loss=0.0328 v_loss=1.3350 entropy=0.6316 grad=1.2934 active=32.7%
  [SIM ] avg_power(a)=0.5913 rsu_q=2.200 tx=223 no_tx=6 deadlock=0 svc=25.057GHz idle=11.4%
   932     2.1s    0.0213    70.0%    70.0%    95.6%        2%/95%/4%    1.856    0.068    30.0%     0.0%   0.5864  -0.0007     4.1%
  [MA20] reward=0.0171 task_sr=71.5% miss=28.5% time_limit=0.0% v2v=4.6%
  [PPO ] p_loss=-0.0164 v_loss=1.2285 entropy=0.5864 grad=2.1118 active=38.1%
  [SIM ] avg_power(a)=0.5623 rsu_q=2.276 tx=216 no_tx=4 deadlock=0 svc=28.582GHz idle=10.3%
   933     1.9s    0.0358    95.0%    95.0%    99.6%        1%/96%/3%    1.747    0.060     5.0%     0.0%   0.5339   0.0008     1.3%
  [MA20] reward=0.0177 task_sr=72.0% miss=28.0% time_limit=0.0% v2v=4.6%
  [PPO ] p_loss=0.0501 v_loss=1.2844 entropy=0.5339 grad=4.6979 active=47.6%
  [SIM ] avg_power(a)=0.5445 rsu_q=4.160 tx=235 no_tx=3 deadlock=0 svc=36.928GHz idle=12.0%
   934     2.2s    0.0231    85.0%    85.0%    94.8%        1%/98%/1%    2.076    0.078    15.0%     0.0%   0.5743   0.0103     1.1%
  [MA20] reward=0.0182 task_sr=73.0% miss=27.0% time_limit=0.0% v2v=4.4%
  [PPO ] p_loss=-0.0038 v_loss=1.1460 entropy=0.5743 grad=0.5012 active=43.0%
  [SIM ] avg_power(a)=0.5555 rsu_q=3.679 tx=238 no_tx=3 deadlock=0 svc=32.408GHz idle=3.6%
   935     2.0s    0.0291    80.0%    80.0%    96.5%        2%/97%/1%    1.706    0.090    20.0%     0.0%   0.5505   0.0062     1.1%
  [MA20] reward=0.0188 task_sr=73.0% miss=27.0% time_limit=0.0% v2v=4.3%
  [PPO ] p_loss=0.0020 v_loss=1.1477 entropy=0.5505 grad=1.3508 active=41.5%
  [SIM ] avg_power(a)=0.5400 rsu_q=2.222 tx=219 no_tx=4 deadlock=0 svc=28.709GHz idle=3.7%
   936     2.8s    0.0145    65.0%    65.0%    89.0%        2%/96%/2%    1.973    0.094    35.0%     0.0%   0.5574  -0.0035     2.7%
  [MA20] reward=0.0186 task_sr=73.0% miss=27.0% time_limit=0.0% v2v=4.2%
  [PPO ] p_loss=0.0129 v_loss=1.3273 entropy=0.5574 grad=3.3909 active=28.6%
  [SIM ] avg_power(a)=0.5492 rsu_q=1.923 tx=218 no_tx=5 deadlock=0 svc=20.385GHz idle=7.7%
   937     2.4s    0.0147    60.0%    60.0%    90.5%        2%/94%/4%    2.114    0.077    40.0%     0.0%   0.4520   0.0081     2.3%
  [MA20] reward=0.0184 task_sr=72.0% miss=28.0% time_limit=0.0% v2v=4.0%
  [PPO ] p_loss=0.0141 v_loss=1.1499 entropy=0.4520 grad=2.5772 active=36.8%
  [SIM ] avg_power(a)=0.5630 rsu_q=5.032 tx=224 no_tx=4 deadlock=0 svc=27.061GHz idle=6.5%
   938     2.4s    0.0191    90.0%    90.0%    95.7%        0%/98%/2%    1.983    0.070    10.0%     0.0%   0.4919   0.0048     2.8%
  [MA20] reward=0.0189 task_sr=73.8% miss=26.3% time_limit=0.0% v2v=3.7%
  [PPO ] p_loss=-0.0021 v_loss=1.0993 entropy=0.4919 grad=0.8014 active=38.4%
  [SIM ] avg_power(a)=0.5880 rsu_q=2.875 tx=246 no_tx=0 deadlock=0 svc=26.683GHz idle=3.1%
   939     2.1s    0.0259    80.0%    80.0%    96.7%        0%/98%/1%    1.735    0.076    20.0%     0.0%   0.4455   0.0055     2.5%
  [MA20] reward=0.0193 task_sr=73.8% miss=26.2% time_limit=0.0% v2v=3.4%
  [PPO ] p_loss=-0.0111 v_loss=1.1245 entropy=0.4455 grad=0.6313 active=42.5%
  [SIM ] avg_power(a)=0.6004 rsu_q=3.321 tx=237 no_tx=1 deadlock=0 svc=33.367GHz idle=21.4%
   940     1.9s    0.0243    75.0%    75.0%    89.9%        0%/99%/0%    1.881    0.103    25.0%     0.0%   0.4092   0.0056     0.4%
  [MA20] reward=0.0195 task_sr=73.2% miss=26.8% time_limit=0.0% v2v=3.2%
  [PPO ] p_loss=0.0527 v_loss=1.0990 entropy=0.4092 grad=0.6682 active=43.0%
  [SIM ] avg_power(a)=0.5993 rsu_q=3.280 tx=214 no_tx=1 deadlock=0 svc=30.485GHz idle=8.0%

    Ep    Wall    R/step     T_SR     V_SR     S_SR            L/R/V   Lat(s)       En     Miss      Ill      Ent       KL     Clip
--------------------------------------------------------------------------------------------------------------------------------
   941     1.9s    0.0315    95.0%    95.0%   100.0%       0%/100%/0%    1.780    0.070     5.0%     0.0%   0.3262   0.0052     0.6%
  [MA20] reward=0.0201 task_sr=73.8% miss=26.2% time_limit=0.0% v2v=2.9%
  [PPO ] p_loss=-0.0015 v_loss=1.1960 entropy=0.3262 grad=2.9972 active=44.3%
  [SIM ] avg_power(a)=0.6120 rsu_q=4.519 tx=239 no_tx=0 deadlock=0 svc=36.887GHz idle=22.2%
   942     1.8s    0.0391    95.0%    95.0%    99.6%        2%/97%/0%    1.568    0.045     5.0%     0.0%   0.3366 -8.83e-05     1.2%
  [MA20] reward=0.0217 task_sr=76.2% miss=23.8% time_limit=0.0% v2v=2.8%
  [PPO ] p_loss=0.0211 v_loss=1.4530 entropy=0.3366 grad=3.5025 active=46.4%
  [SIM ] avg_power(a)=0.6140 rsu_q=4.800 tx=227 no_tx=5 deadlock=0 svc=41.247GHz idle=24.0%
   943     2.1s    0.0283    90.0%    90.0%    98.7%        1%/99%/0%    1.832    0.110    10.0%     0.0%   0.3222   0.0084     1.6%
  [MA20] reward=0.0227 task_sr=77.8% miss=22.2% time_limit=0.0% v2v=2.6%
  [PPO ] p_loss=-0.0177 v_loss=1.1569 entropy=0.3222 grad=1.5427 active=39.5%
  [SIM ] avg_power(a)=0.6352 rsu_q=2.793 tx=227 no_tx=2 deadlock=0 svc=32.003GHz idle=20.7%
   944     1.9s    0.0293    90.0%    90.0%    97.1%        1%/98%/1%    1.822    0.058    10.0%     0.0%   0.3642   0.0043     1.4%
  [MA20] reward=0.0231 task_sr=78.8% miss=21.2% time_limit=0.0% v2v=2.3%
  [PPO ] p_loss=-0.0002 v_loss=1.1889 entropy=0.3642 grad=1.3816 active=43.1%
  [SIM ] avg_power(a)=0.5947 rsu_q=3.519 tx=230 no_tx=3 deadlock=0 svc=33.998GHz idle=14.8%
   945     1.8s    0.0375    95.0%    95.0%    99.2%        1%/99%/0%    1.674    0.068     5.0%     0.0%   0.3210   0.0054     1.4%
  [MA20] reward=0.0242 task_sr=79.2% miss=20.7% time_limit=0.0% v2v=2.2%
  [PPO ] p_loss=0.0511 v_loss=1.5506 entropy=0.3210 grad=2.8067 active=48.2%
  [SIM ] avg_power(a)=0.5842 rsu_q=4.400 tx=238 no_tx=3 deadlock=0 svc=40.871GHz idle=24.0%
   946     2.2s    0.0226    80.0%    80.0%    92.5%        0%/99%/1%    1.847    0.092    20.0%     0.0%   0.3747   0.0026     1.4%
  [MA20] reward=0.0243 task_sr=79.5% miss=20.5% time_limit=0.0% v2v=2.0%
  [PPO ] p_loss=0.0014 v_loss=1.0870 entropy=0.3747 grad=0.5734 active=37.5%
  [SIM ] avg_power(a)=0.5862 rsu_q=3.467 tx=224 no_tx=1 deadlock=0 svc=30.568GHz idle=16.7%
   947     2.1s    0.0282    85.0%    85.0%    96.4%       0%/100%/0%    1.712    0.081    15.0%     0.0%   0.2661   0.0032     0.2%
  [MA20] reward=0.0246 task_sr=80.8% miss=19.2% time_limit=0.0% v2v=1.8%
  [PPO ] p_loss=-0.0015 v_loss=0.9425 entropy=0.2661 grad=0.7028 active=37.4%
  [SIM ] avg_power(a)=0.6007 rsu_q=4.241 tx=217 no_tx=0 deadlock=0 svc=32.257GHz idle=24.1%
   948     2.2s    0.0230    75.0%    75.0%    95.4%       0%/100%/0%    1.918    0.093    25.0%     0.0%   0.3605  -0.0042     1.0%
  [MA20] reward=0.0248 task_sr=80.5% miss=19.5% time_limit=0.0% v2v=1.7%
  [PPO ] p_loss=-0.0016 v_loss=1.1915 entropy=0.3605 grad=1.2185 active=38.7%
  [SIM ] avg_power(a)=0.5924 rsu_q=3.500 tx=231 no_tx=0 deadlock=0 svc=28.497GHz idle=6.7%
   949     2.3s    0.0206    90.0%    90.0%    96.2%        0%/99%/1%    1.944    0.073    10.0%     0.0%   0.2913  -0.0017     0.5%
  [MA20] reward=0.0254 task_sr=82.2% miss=17.8% time_limit=0.0% v2v=1.5%
  [PPO ] p_loss=-0.0036 v_loss=0.9402 entropy=0.2913 grad=1.1337 active=34.8%
  [SIM ] avg_power(a)=0.5929 rsu_q=3.000 tx=230 no_tx=0 deadlock=0 svc=30.340GHz idle=27.3%
   950     2.1s    0.0248    80.0%    80.0%    91.1%        1%/99%/0%    1.675    0.090    20.0%     0.0%   0.3333   0.0004     1.0%
  [MA20] reward=0.0257 task_sr=82.8% miss=17.2% time_limit=0.0% v2v=1.3%
  [PPO ] p_loss=0.0030 v_loss=1.0123 entropy=0.3333 grad=1.8002 active=37.1%
  [SIM ] avg_power(a)=0.5850 rsu_q=2.828 tx=213 no_tx=2 deadlock=0 svc=28.806GHz idle=20.7%
   951     2.2s    0.0208    80.0%    80.0%    90.4%       0%/100%/0%    2.019    0.100    20.0%     0.0%   0.3224   0.0013     0.4%
  [MA20] reward=0.0257 task_sr=82.8% miss=17.2% time_limit=0.0% v2v=1.2%
  [PPO ] p_loss=0.0066 v_loss=1.2284 entropy=0.3224 grad=1.9827 active=38.3%
  [SIM ] avg_power(a)=0.5657 rsu_q=3.733 tx=229 no_tx=0 deadlock=0 svc=29.263GHz idle=10.0%
   952     2.3s    0.0244    85.0%    85.0%    95.2%       0%/100%/0%    1.876    0.092    15.0%     0.0%   0.3656   0.0021     1.0%
  [MA20] reward=0.0258 task_sr=83.5% miss=16.5% time_limit=0.0% v2v=1.0%
  [PPO ] p_loss=-0.0237 v_loss=1.1033 entropy=0.3656 grad=0.8051 active=39.8%
  [SIM ] avg_power(a)=0.5751 rsu_q=3.333 tx=239 no_tx=0 deadlock=0 svc=31.858GHz idle=20.0%
   953     1.7s    0.0315    90.0%    90.0%   100.0%        0%/99%/0%    1.760    0.089    10.0%     0.0%   0.3682   0.0079     1.4%
  [MA20] reward=0.0256 task_sr=83.3% miss=16.8% time_limit=0.0% v2v=0.9%
  [PPO ] p_loss=0.0214 v_loss=0.9491 entropy=0.3682 grad=0.8759 active=50.2%
  [SIM ] avg_power(a)=0.5623 rsu_q=4.364 tx=220 no_tx=1 deadlock=0 svc=35.941GHz idle=13.6%
   954     2.2s    0.0242    70.0%    70.0%    90.2%       0%/100%/0%    1.831    0.079    30.0%     0.0%   0.3921  -0.0051     3.0%
  [MA20] reward=0.0257 task_sr=82.5% miss=17.5% time_limit=0.0% v2v=0.8%
  [PPO ] p_loss=0.0016 v_loss=1.0630 entropy=0.3921 grad=0.7887 active=38.6%
  [SIM ] avg_power(a)=0.5643 rsu_q=2.552 tx=223 no_tx=1 deadlock=0 svc=28.062GHz idle=6.9%
   955     2.4s    0.0157    50.0%    50.0%    82.3%        0%/99%/1%    1.840    0.140    50.0%     0.0%   0.3665  -0.0014     1.7%
  [MA20] reward=0.0250 task_sr=81.0% miss=19.0% time_limit=0.0% v2v=0.8%
  [PPO ] p_loss=-0.0152 v_loss=1.0719 entropy=0.3665 grad=0.5609 active=35.0%
  [SIM ] avg_power(a)=0.5764 rsu_q=4.071 tx=196 no_tx=0 deadlock=0 svc=25.244GHz idle=7.1%
   956     2.1s    0.0270   100.0%   100.0%   100.0%       0%/100%/0%    1.965    0.097     0.0%     0.0%   0.2786  -0.0003     0.5%
  [MA20] reward=0.0256 task_sr=82.8% miss=17.2% time_limit=0.0% v2v=0.7%
  [PPO ] p_loss=-0.0101 v_loss=0.9637 entropy=0.2786 grad=1.1040 active=44.8%
  [SIM ] avg_power(a)=0.5883 rsu_q=4.893 tx=250 no_tx=1 deadlock=0 svc=37.137GHz idle=21.4%
   957     2.5s    0.0152    70.0%    70.0%    95.3%        0%/99%/0%    2.131    0.100    30.0%     0.0%   0.3709   0.0008     1.0%
  [MA20] reward=0.0256 task_sr=83.2% miss=16.8% time_limit=0.0% v2v=0.5%
  [PPO ] p_loss=-0.0048 v_loss=1.0571 entropy=0.3709 grad=0.5153 active=38.3%
  [SIM ] avg_power(a)=0.5772 rsu_q=3.500 tx=243 no_tx=1 deadlock=0 svc=29.371GHz idle=15.6%
   958     2.1s    0.0240    75.0%    75.0%    95.8%       0%/100%/0%    1.965    0.089    25.0%     0.0%   0.4038   0.0074     2.7%
  [MA20] reward=0.0259 task_sr=82.5% miss=17.5% time_limit=0.0% v2v=0.4%
  [PPO ] p_loss=0.0007 v_loss=1.0183 entropy=0.4038 grad=0.8070 active=42.4%
  [SIM ] avg_power(a)=0.5743 rsu_q=4.037 tx=229 no_tx=0 deadlock=0 svc=32.181GHz idle=7.4%
   959     2.0s    0.0208    75.0%    75.0%    94.3%        0%/98%/1%    1.807    0.088    25.0%     0.0%   0.3746   0.0023     5.1%
  [MA20] reward=0.0256 task_sr=82.2% miss=17.8% time_limit=0.0% v2v=0.4%
  [PPO ] p_loss=-0.0041 v_loss=1.1263 entropy=0.3746 grad=0.7861 active=40.4%
  [SIM ] avg_power(a)=0.6067 rsu_q=2.370 tx=217 no_tx=1 deadlock=0 svc=28.790GHz idle=14.8%
   960     2.0s    0.0341    90.0%    90.0%    96.1%       0%/100%/0%    1.644    0.069    10.0%     0.0%   0.3120   0.0189     5.3%
  [MA20] reward=0.0261 task_sr=83.0% miss=17.0% time_limit=0.0% v2v=0.4%
  [PPO ] p_loss=-0.0112 v_loss=0.9006 entropy=0.3120 grad=0.5829 active=43.1%
  [SIM ] avg_power(a)=0.6162 rsu_q=3.615 tx=224 no_tx=0 deadlock=0 svc=33.074GHz idle=15.4%

    Ep    Wall    R/step     T_SR     V_SR     S_SR            L/R/V   Lat(s)       En     Miss      Ill      Ent       KL     Clip
--------------------------------------------------------------------------------------------------------------------------------
   961     2.2s    0.0236    90.0%    90.0%    97.9%        0%/99%/1%    1.917    0.081    10.0%     0.0%   0.2530   0.0069     1.1%
  [MA20] reward=0.0257 task_sr=82.8% miss=17.2% time_limit=0.0% v2v=0.4%
  [PPO ] p_loss=-0.0079 v_loss=0.9695 entropy=0.2530 grad=0.4800 active=39.3%
  [SIM ] avg_power(a)=0.6511 rsu_q=3.400 tx=236 no_tx=0 deadlock=0 svc=31.728GHz idle=20.0%
   962     2.2s    0.0178    65.0%    65.0%    91.6%        0%/99%/0%    2.047    0.160    35.0%     0.0%   0.3011   0.0024     0.9%
  [MA20] reward=0.0247 task_sr=81.2% miss=18.8% time_limit=0.0% v2v=0.4%
  [PPO ] p_loss=0.0214 v_loss=1.0891 entropy=0.3011 grad=1.0444 active=41.2%
  [SIM ] avg_power(a)=0.6707 rsu_q=2.821 tx=230 no_tx=1 deadlock=0 svc=30.424GHz idle=10.7%
   963     2.2s    0.0234    80.0%    80.0%    96.6%       0%/100%/0%    1.776    0.098    20.0%     0.0%   0.3072   0.0065     1.2%
  [MA20] reward=0.0244 task_sr=80.8% miss=19.2% time_limit=0.0% v2v=0.4%
  [PPO ] p_loss=-0.0173 v_loss=1.1142 entropy=0.3072 grad=1.7638 active=36.5%
  [SIM ] avg_power(a)=0.6647 rsu_q=2.968 tx=226 no_tx=0 deadlock=0 svc=27.672GHz idle=9.7%
   964     2.2s    0.0221    80.0%    80.0%    95.9%       0%/100%/0%    1.872    0.085    20.0%     0.0%   0.3441   0.0004     2.2%
  [MA20] reward=0.0241 task_sr=80.2% miss=19.8% time_limit=0.0% v2v=0.4%
  [PPO ] p_loss=0.0057 v_loss=1.1474 entropy=0.3441 grad=0.6246 active=40.0%
  [SIM ] avg_power(a)=0.6632 rsu_q=2.793 tx=232 no_tx=0 deadlock=0 svc=27.529GHz idle=10.3%
   965     1.9s    0.0269    90.0%    90.0%    97.9%        1%/99%/0%    1.832    0.109    10.0%     0.0%   0.2542  -0.0019     1.5%
  [MA20] reward=0.0235 task_sr=80.0% miss=20.0% time_limit=0.0% v2v=0.4%
  [PPO ] p_loss=0.0075 v_loss=1.1884 entropy=0.2542 grad=1.7632 active=44.4%
  [SIM ] avg_power(a)=0.6932 rsu_q=4.615 tx=229 no_tx=2 deadlock=0 svc=33.548GHz idle=15.4%
   966     2.7s    0.0175    65.0%    65.0%    94.0%        0%/98%/2%    1.919    0.105    35.0%     0.0%   0.2268   0.0071     2.4%
  [MA20] reward=0.0233 task_sr=79.3% miss=20.8% time_limit=0.0% v2v=0.4%
  [PPO ] p_loss=-0.0230 v_loss=1.0800 entropy=0.2268 grad=0.6412 active=30.1%
  [SIM ] avg_power(a)=0.6951 rsu_q=1.865 tx=221 no_tx=1 deadlock=0 svc=24.614GHz idle=27.0%
   967     2.0s    0.0323    95.0%    95.0%    98.7%        1%/99%/0%    1.653    0.100     5.0%     0.0%   0.1460  -0.0013     0.8%
  [MA20] reward=0.0235 task_sr=79.8% miss=20.2% time_limit=0.0% v2v=0.4%
  [PPO ] p_loss=-0.0131 v_loss=1.1730 entropy=0.1460 grad=1.7137 active=37.9%
  [SIM ] avg_power(a)=0.7101 rsu_q=2.828 tx=218 no_tx=2 deadlock=0 svc=30.858GHz idle=17.2%
   968     2.5s    0.0159    80.0%    80.0%    96.7%       0%/100%/0%    2.144    0.143    20.0%     0.0%   0.2004   0.0007     3.0%
  [MA20] reward=0.0231 task_sr=80.0% miss=20.0% time_limit=0.0% v2v=0.4%
  [PPO ] p_loss=0.0114 v_loss=1.0497 entropy=0.2004 grad=0.9315 active=35.9%
  [SIM ] avg_power(a)=0.7180 rsu_q=3.818 tx=237 no_tx=0 deadlock=0 svc=27.758GHz idle=15.2%
   969     2.5s    0.0180    80.0%    80.0%    90.6%       0%/100%/0%    2.063    0.189    20.0%     0.0%   0.1197   0.0027     2.0%
  [MA20] reward=0.0230 task_sr=79.5% miss=20.5% time_limit=0.0% v2v=0.4%
  [PPO ] p_loss=-0.0165 v_loss=1.1496 entropy=0.1197 grad=1.8350 active=32.3%
  [SIM ] avg_power(a)=0.7336 rsu_q=2.606 tx=212 no_tx=1 deadlock=0 svc=25.600GHz idle=21.2%
   970     2.4s    0.0191    75.0%    75.0%    87.0%        1%/99%/0%    1.947    0.149    25.0%     0.0%   0.1376   0.0121     2.0%
  [MA20] reward=0.0227 task_sr=79.3% miss=20.8% time_limit=0.0% v2v=0.4%
  [PPO ] p_loss=0.0012 v_loss=1.1802 entropy=0.1376 grad=0.7832 active=35.2%
  [SIM ] avg_power(a)=0.7364 rsu_q=3.161 tx=215 no_tx=3 deadlock=0 svc=26.005GHz idle=12.9%
   971     2.0s    0.0297    80.0%    80.0%    93.3%       0%/100%/0%    1.806    0.179    20.0%     0.0%   0.0922  -0.0036     1.8%
  [MA20] reward=0.0232 task_sr=79.3% miss=20.8% time_limit=0.0% v2v=0.4%
  [PPO ] p_loss=-0.0016 v_loss=1.1732 entropy=0.0922 grad=1.5759 active=42.9%
  [SIM ] avg_power(a)=0.7527 rsu_q=3.692 tx=223 no_tx=0 deadlock=0 svc=32.208GHz idle=7.7%
   972     2.3s    0.0239    90.0%    90.0%    99.6%        0%/99%/0%    1.942    0.129    10.0%     0.0%   0.0156   0.0025     0.7%
  [MA20] reward=0.0231 task_sr=79.5% miss=20.5% time_limit=0.0% v2v=0.4%
  [PPO ] p_loss=0.0031 v_loss=1.1044 entropy=0.0156 grad=0.6454 active=36.4%
  [SIM ] avg_power(a)=0.7548 rsu_q=2.938 tx=232 no_tx=1 deadlock=0 svc=30.546GHz idle=25.0%
   973     2.1s    0.0205    70.0%    70.0%    92.7%       0%/100%/0%    1.907    0.146    30.0%     0.0%   0.0270   0.0039     1.7%
  [MA20] reward=0.0226 task_sr=78.5% miss=21.5% time_limit=0.0% v2v=0.4%
  [PPO ] p_loss=0.0092 v_loss=1.1110 entropy=0.0270 grad=1.4730 active=37.6%
  [SIM ] avg_power(a)=0.7482 rsu_q=4.138 tx=218 no_tx=0 deadlock=0 svc=27.771GHz idle=10.3%
   974     2.1s    0.0222    65.0%    65.0%    96.4%       0%/100%/0%    1.913    0.134    35.0%     0.0%   0.1509   0.0093     2.4%
  [MA20] reward=0.0225 task_sr=78.2% miss=21.7% time_limit=0.0% v2v=0.4%
  [PPO ] p_loss=0.0198 v_loss=1.2119 entropy=0.1509 grad=1.5986 active=43.0%
  [SIM ] avg_power(a)=0.7558 rsu_q=3.179 tx=240 no_tx=1 deadlock=0 svc=30.185GHz idle=10.7%
   975     2.2s    0.0254    80.0%    80.0%    97.1%       0%/100%/0%    1.738    0.113    20.0%     0.0%   0.0832   0.0123     2.7%
  [MA20] reward=0.0230 task_sr=79.8% miss=20.2% time_limit=0.0% v2v=0.3%
  [PPO ] p_loss=-0.0015 v_loss=1.0860 entropy=0.0832 grad=1.3053 active=38.1%
  [SIM ] avg_power(a)=0.7584 rsu_q=3.710 tx=236 no_tx=0 deadlock=0 svc=33.451GHz idle=25.8%
   976     1.9s    0.0299    90.0%    90.0%    97.3%       0%/100%/0%    1.706    0.124    10.0%     0.0%   0.1144   0.0015     2.2%
  [MA20] reward=0.0231 task_sr=79.3% miss=20.7% time_limit=0.0% v2v=0.4%
  [PPO ] p_loss=0.0342 v_loss=1.0653 entropy=0.1144 grad=0.4327 active=44.0%
  [SIM ] avg_power(a)=0.7426 rsu_q=3.840 tx=220 no_tx=0 deadlock=0 svc=32.192GHz idle=20.0%
   977     2.4s    0.0179    75.0%    75.0%    94.0%        0%/99%/1%    1.856    0.114    25.0%     0.0%   0.1770  -0.0002     3.2%
  [MA20] reward=0.0233 task_sr=79.5% miss=20.5% time_limit=0.0% v2v=0.4%
  [PPO ] p_loss=0.0168 v_loss=1.1283 entropy=0.1770 grad=1.0073 active=34.8%
  [SIM ] avg_power(a)=0.7304 rsu_q=2.938 tx=222 no_tx=1 deadlock=0 svc=28.642GHz idle=25.0%
   978     1.9s    0.0304    80.0%    80.0%    94.1%        0%/99%/1%    1.759    0.130    20.0%     0.0%   0.0575  -0.0048     0.8%
  [MA20] reward=0.0236 task_sr=79.8% miss=20.3% time_limit=0.0% v2v=0.4%
  [PPO ] p_loss=0.0206 v_loss=1.3510 entropy=0.0575 grad=1.2543 active=42.2%
  [SIM ] avg_power(a)=0.7353 rsu_q=4.760 tx=211 no_tx=0 deadlock=0 svc=33.074GHz idle=20.0%
   979     2.1s    0.0232    75.0%    75.0%    92.6%       0%/100%/0%    1.853    0.147    25.0%     0.0%   0.1467   0.0043     1.4%
  [MA20] reward=0.0237 task_sr=79.8% miss=20.3% time_limit=0.0% v2v=0.4%
  [PPO ] p_loss=0.0061 v_loss=1.4199 entropy=0.1467 grad=1.8537 active=42.4%
  [SIM ] avg_power(a)=0.7320 rsu_q=3.926 tx=229 no_tx=0 deadlock=0 svc=31.720GHz idle=14.8%
   980     2.6s    0.0178    80.0%    80.0%    97.5%       0%/100%/0%    2.033    0.129    20.0%     0.0%   0.0582   0.0011     2.0%
  [MA20] reward=0.0229 task_sr=79.3% miss=20.8% time_limit=0.0% v2v=0.4%
  [PPO ] p_loss=-0.0008 v_loss=1.0412 entropy=0.0582 grad=0.4783 active=33.1%
  [SIM ] avg_power(a)=0.7368 rsu_q=2.556 tx=238 no_tx=0 deadlock=0 svc=28.999GHz idle=22.2%

    Ep    Wall    R/step     T_SR     V_SR     S_SR            L/R/V   Lat(s)       En     Miss      Ill      Ent       KL     Clip
--------------------------------------------------------------------------------------------------------------------------------
   981     2.1s    0.0264    85.0%    85.0%    96.2%        0%/98%/1%    1.782    0.139    15.0%     0.0%   0.0862   0.0107     1.6%
  [MA20] reward=0.0230 task_sr=79.0% miss=21.0% time_limit=0.0% v2v=0.4%
  [PPO ] p_loss=-0.0136 v_loss=1.3250 entropy=0.0862 grad=2.2859 active=39.3%
  [SIM ] avg_power(a)=0.7326 rsu_q=3.379 tx=227 no_tx=1 deadlock=0 svc=26.757GHz idle=3.4%
   982     2.1s    0.0244    95.0%    95.0%    98.1%       0%/100%/0%    2.005    0.103     5.0%     0.0%   0.1244   0.0005     2.8%
  [MA20] reward=0.0234 task_sr=80.5% miss=19.5% time_limit=0.0% v2v=0.3%
  [PPO ] p_loss=-0.0045 v_loss=1.0941 entropy=0.1244 grad=1.0950 active=42.3%
  [SIM ] avg_power(a)=0.7189 rsu_q=3.567 tx=254 no_tx=0 deadlock=0 svc=32.382GHz idle=13.3%
   983     2.0s    0.0267    85.0%    85.0%    97.5%        1%/99%/0%    1.853    0.122    15.0%     0.0%   0.1215  -0.0004     1.1%
  [MA20] reward=0.0235 task_sr=80.7% miss=19.2% time_limit=0.0% v2v=0.3%
  [PPO ] p_loss=0.0016 v_loss=1.3531 entropy=0.1215 grad=1.8254 active=43.5%
  [SIM ] avg_power(a)=0.7019 rsu_q=3.630 tx=233 no_tx=2 deadlock=0 svc=34.793GHz idle=18.5%
   984     2.2s    0.0276    90.0%    90.0%    98.4%        0%/99%/0%    1.878    0.115    10.0%     0.0%   0.1440   0.0035     2.4%
  [MA20] reward=0.0238 task_sr=81.2% miss=18.7% time_limit=0.0% v2v=0.3%
  [PPO ] p_loss=-0.0120 v_loss=1.2905 entropy=0.1440 grad=1.0829 active=41.7%
  [SIM ] avg_power(a)=0.7149 rsu_q=5.379 tx=241 no_tx=1 deadlock=0 svc=32.488GHz idle=13.8%
   985     2.0s    0.0251    75.0%    75.0%    96.1%        0%/99%/1%    1.817    0.123    25.0%     0.0%   0.1866  -0.0005     3.1%
  [MA20] reward=0.0237 task_sr=80.5% miss=19.5% time_limit=0.0% v2v=0.4%
  [PPO ] p_loss=-0.0089 v_loss=1.0894 entropy=0.1866 grad=0.8959 active=38.1%
  [SIM ] avg_power(a)=0.6976 rsu_q=3.345 tx=220 no_tx=1 deadlock=0 svc=28.365GHz idle=3.4%
   986     2.3s    0.0224    95.0%    95.0%    97.6%        0%/99%/0%    2.079    0.107     5.0%     0.0%   0.1637   0.0002     1.5%
  [MA20] reward=0.0240 task_sr=82.0% miss=18.0% time_limit=0.0% v2v=0.3%
  [PPO ] p_loss=-0.0214 v_loss=1.0573 entropy=0.1637 grad=0.5506 active=41.3%
  [SIM ] avg_power(a)=0.7012 rsu_q=3.933 tx=247 no_tx=1 deadlock=0 svc=31.999GHz idle=13.3%
   987     2.2s    0.0223    70.0%    70.0%    90.2%       0%/100%/0%    1.736    0.114    30.0%     0.0%   0.1816   0.0162     1.9%
  [MA20] reward=0.0234 task_sr=80.7% miss=19.2% time_limit=0.0% v2v=0.3%
  [PPO ] p_loss=0.0028 v_loss=1.1006 entropy=0.1816 grad=0.3731 active=35.8%
  [SIM ] avg_power(a)=0.6946 rsu_q=2.903 tx=222 no_tx=0 deadlock=0 svc=30.630GHz idle=25.8%
   988     1.7s    0.0354    85.0%    85.0%    99.1%        0%/99%/1%    1.668    0.090    15.0%     0.0%   0.1046  -0.0024     1.8%
  [MA20] reward=0.0244 task_sr=81.0% miss=19.0% time_limit=0.0% v2v=0.4%
  [PPO ] p_loss=0.0051 v_loss=1.3807 entropy=0.1046 grad=1.2418 active=43.6%
  [SIM ] avg_power(a)=0.7186 rsu_q=3.880 tx=217 no_tx=1 deadlock=0 svc=35.205GHz idle=16.0%
   989     1.9s    0.0302   100.0%   100.0%   100.0%       0%/100%/0%    1.760    0.100     0.0%     0.0%   0.0788   0.0043     1.6%
  [MA20] reward=0.0250 task_sr=82.0% miss=18.0% time_limit=0.0% v2v=0.4%
  [PPO ] p_loss=-0.0203 v_loss=1.3268 entropy=0.0788 grad=0.9518 active=40.9%
  [SIM ] avg_power(a)=0.7194 rsu_q=4.333 tx=221 no_tx=0 deadlock=0 svc=33.410GHz idle=22.2%
   990     2.0s    0.0304    90.0%    90.0%    98.2%       0%/100%/0%    1.783    0.140    10.0%     0.0%   0.0581   0.0019     1.9%
  [MA20] reward=0.0256 task_sr=82.8% miss=17.2% time_limit=0.0% v2v=0.4%
  [PPO ] p_loss=-0.0004 v_loss=1.1612 entropy=0.0581 grad=1.3510 active=42.7%
  [SIM ] avg_power(a)=0.7350 rsu_q=3.385 tx=221 no_tx=1 deadlock=0 svc=31.833GHz idle=11.5%
   991     2.2s    0.0246    85.0%    85.0%    95.5%       0%/100%/0%    1.794    0.130    15.0%     0.0%   0.0000   0.0087     2.4%
  [MA20] reward=0.0253 task_sr=83.0% miss=17.0% time_limit=0.0% v2v=0.4%
  [PPO ] p_loss=-0.0225 v_loss=1.1763 entropy=0.0000 grad=0.4289 active=37.3%
  [SIM ] avg_power(a)=0.7592 rsu_q=3.194 tx=231 no_tx=0 deadlock=0 svc=34.466GHz idle=35.5%
   992     1.8s    0.0315    90.0%    90.0%    96.7%       0%/100%/0%    1.794    0.153    10.0%     0.0%   0.0000   0.0002     0.0%
  [MA20] reward=0.0257 task_sr=83.0% miss=17.0% time_limit=0.0% v2v=0.4%
  [PPO ] p_loss=-0.0290 v_loss=1.0994 entropy=0.0000 grad=0.2902 active=43.3%
  [SIM ] avg_power(a)=0.7699 rsu_q=3.583 tx=208 no_tx=0 deadlock=0 svc=33.118GHz idle=12.5%
   993     2.6s    0.0178    75.0%    75.0%    91.9%        0%/99%/1%    1.950    0.127    25.0%     0.0%   0.0378   0.0061     0.9%
  [MA20] reward=0.0256 task_sr=83.2% miss=16.8% time_limit=0.0% v2v=0.4%
  [PPO ] p_loss=0.0081 v_loss=1.2419 entropy=0.0378 grad=1.1091 active=31.1%
  [SIM ] avg_power(a)=0.7675 rsu_q=2.541 tx=230 no_tx=0 deadlock=0 svc=22.714GHz idle=5.4%
   994     2.2s    0.0225    90.0%    90.0%    99.6%        0%/99%/1%    2.032    0.147    10.0%     0.0%   0.0000   0.0046     1.1%
  [MA20] reward=0.0256 task_sr=84.5% miss=15.5% time_limit=0.0% v2v=0.5%
  [PPO ] p_loss=0.0026 v_loss=1.0720 entropy=0.0000 grad=0.7070 active=43.3%
  [SIM ] avg_power(a)=0.7602 rsu_q=3.621 tx=250 no_tx=1 deadlock=0 svc=32.880GHz idle=17.2%
   995     2.0s    0.0310   100.0%   100.0%   100.0%       0%/100%/0%    1.685    0.102     0.0%     0.0%   0.0125   0.0039     1.7%
  [MA20] reward=0.0259 task_sr=85.5% miss=14.5% time_limit=0.0% v2v=0.5%
  [PPO ] p_loss=0.0143 v_loss=1.0097 entropy=0.0125 grad=0.5706 active=37.0%
  [SIM ] avg_power(a)=0.7527 rsu_q=2.533 tx=222 no_tx=0 deadlock=0 svc=34.334GHz idle=36.7%
   996     2.4s    0.0153    55.0%    55.0%    72.0%       0%/100%/0%    1.809    0.223    45.0%     0.0%   0.0713  -0.0018     2.0%
  [MA20] reward=0.0251 task_sr=83.8% miss=16.3% time_limit=0.0% v2v=0.4%
  [PPO ] p_loss=0.0073 v_loss=14.2899 entropy=0.0713 grad=33.6506 active=29.5%
  [SIM ] avg_power(a)=0.7536 rsu_q=2.129 tx=183 no_tx=0 deadlock=0 svc=20.437GHz idle=9.7%
   997     2.0s    0.0318    85.0%    85.0%    93.8%       0%/100%/0%    1.818    0.156    15.0%     0.0%   0.0322   0.0021     0.2%
  [MA20] reward=0.0258 task_sr=84.2% miss=15.8% time_limit=0.0% v2v=0.4%
  [PPO ] p_loss=-0.0426 v_loss=1.2533 entropy=0.0322 grad=1.1343 active=45.2%
  [SIM ] avg_power(a)=0.7514 rsu_q=3.760 tx=226 no_tx=0 deadlock=0 svc=35.547GHz idle=20.0%
   998     2.0s    0.0290    90.0%    90.0%    98.8%       0%/100%/0%    1.928    0.123    10.0%     0.0%   0.0372   0.0021     0.4%
  [MA20] reward=0.0258 task_sr=84.7% miss=15.3% time_limit=0.0% v2v=0.3%
  [PPO ] p_loss=-0.0001 v_loss=1.0642 entropy=0.0372 grad=1.3005 active=46.9%
  [SIM ] avg_power(a)=0.7470 rsu_q=6.615 tx=244 no_tx=0 deadlock=0 svc=34.597GHz idle=7.7%
   999     1.9s    0.0244    85.0%    85.0%    97.1%       0%/100%/0%    1.853    0.154    15.0%     0.0%   0.1408   0.0042     0.2%
  [MA20] reward=0.0258 task_sr=85.2% miss=14.8% time_limit=0.0% v2v=0.3%
  [PPO ] p_loss=0.0372 v_loss=1.1475 entropy=0.1408 grad=1.0217 active=46.2%
  [SIM ] avg_power(a)=0.7503 rsu_q=4.720 tx=230 no_tx=1 deadlock=0 svc=32.279GHz idle=12.0%
  1000     2.2s    0.0260    85.0%    85.0%    95.9%       0%/100%/0%    1.706    0.098    15.0%     0.0%   0.0793   0.0041     0.3%
  [MA20] reward=0.0262 task_sr=85.5% miss=14.5% time_limit=0.0% v2v=0.3%
  [PPO ] p_loss=0.0061 v_loss=1.1812 entropy=0.0793 grad=1.4221 active=37.7%
  [SIM ] avg_power(a)=0.7299 rsu_q=2.774 tx=233 no_tx=1 deadlock=0 svc=28.105GHz idle=19.4%

[Train] completed: episodes=1000 best_reward=1.0003 best_success_rate(50ep)=0.8370
[Train] key outputs: /root/vecOffloadingSim/runs/rc1_rsu_f10_1000ep_20260302_225710/logs/metrics.csv, /root/vecOffloadingSim/runs/rc1_rsu_f10_1000ep_20260302_225710/logs/training_stats.csv, /root/vecOffloadingSim/runs/rc1_rsu_f10_1000ep_20260302_225710/models/best_model.pth, /root/vecOffloadingSim/runs/rc1_rsu_f10_1000ep_20260302_225710/models/last_model.pth

[Auto Plot] Generating training plots...
[DataRecorder] Training stats plots saved to: /root/vecOffloadingSim/runs/rc1_rsu_f10_1000ep_20260302_225710/plots
[Auto Plot] plot_results.py ...
[Auto Plot] ✓ Saved: fig_latency_with_baselines.png | ✓ Saved: fig_summary_dashboard.png | ✓ All plots saved to: /root/vecOffloadingSim/runs/rc1_rsu_f10_1000ep_20260302_225710/plots
[Auto Plot] plot_results.py done in 12.1s
[Auto Plot] generate_all_plots.py ...
[Auto Plot] ⚠ No baseline data found, skipping baseline comparison plot | ✓ All plots saved to: /root/vecOffloadingSim/runs/rc1_rsu_f10_1000ep_20260302_225710/plots |   Total plots: 8
[Auto Plot] generate_all_plots.py done in 6.8s
[DataRecorder] All plots generated in: /root/vecOffloadingSim/runs/rc1_rsu_f10_1000ep_20260302_225710/plots
[Auto Plot] jobs: ok=4 skipped=1 failed=0
[Auto Plot] generated figures: 34
[Auto Plot] sample: bias_annealing.png, cpu_efficiency.png, episode_duration.png, fig_constraint_health.png, fig_convergence_analysis.png, fig_convergence_baseline.png, fig_decision_distribution.png, fig_latency_with_baselines.png
[Auto Plot] manifest: /root/vecOffloadingSim/runs/rc1_rsu_f10_1000ep_20260302_225710/plots/plot_manifest.json
