[ConfigEffective] USE_SIMPLIFIED_CRITIC=False COMMWAIT_DIRECT_TO_CRITIC=True USE_LOGIT_BIAS=True USE_FIXED_POWER=False CTDE_GLOBAL_DIM=30 GLOBAL_STATE_SOURCE=train_ctde_override
[ScaleCheck] UNIFIED cap: step<=~0.345 ep<=~69.0 term=24.0 ep/term=2.88 (Td_min=0.40s, DT=0.10s, i_cap=3, e_cap=1.5)
[ConfigDump] saved: /root/vecOffloadingSim/runs/e1_schemeA/config_dump.json
[ConfigSnapshot] saved: /root/vecOffloadingSim/runs/e1_schemeA/logs/config_snapshot.json
[RunMeta] saved: /root/vecOffloadingSim/runs/e1_schemeA/run_meta.json

======================================================================================================================
[Train] MAPPO VEC training started
======================================================================================================================
[Run] id=e1_schemeA seed=42 device=cuda reward=UNIFIED candidate=ALL (all_feasible=True)
[Train] episodes=1000 steps/ep=200 eval_interval=1 save_interval=100 baseline_eval=off
[Scenario] vehicles=20 rsu=3 map=2000.0m lanes=2 v2v_range=250.0m rsu_range=350.0m
[Physics] BW_V2I=10.00MHz BW_V2V=20.00MHz RB=10 Ptx=[0.0200,0.1995]W (13.0,23.0 dBm) DT=0.100s
[ScaleCheck] UNIFIED nominal: E_loc=9J E_tx=0.00750952J r_time=-0.0035 r_energy=-0.0115039 r_interf=-0.03 r_risk=-0.00164317 (B_RB=2e+06Hz, SNR=20dB, dt=0.1, Td=10, rho=0.7)
[Compute] f_local=[0.50,2.00]GHz f_rsu=10.00GHz
[PPO] lr=2.00e-04 gamma=0.995 gae=0.950 clip=0.250 ent=0.012 batch=256 epochs=5 d_model=128 layers=2
[Logging] step_metrics=off step_logs=off tb_obs=on
[Paths] run=/root/vecOffloadingSim/runs/e1_schemeA
[Paths] logs=/root/vecOffloadingSim/runs/e1_schemeA/logs  models=/root/vecOffloadingSim/runs/e1_schemeA/models  plots=/root/vecOffloadingSim/runs/e1_schemeA/plots
======================================================================================================================


    Ep    Wall    R/step     T_SR     V_SR     S_SR            L/R/V   Lat(s)       En     Miss      Ill      Ent       KL     Clip
--------------------------------------------------------------------------------------------------------------------------------
     1    16.7s   -0.0009    15.0%    15.0%    59.2%      36%/38%/26%    1.500    0.002    85.0%     0.0%   1.9734   0.0161    13.3%
  [MA20] reward=-0.0009 task_sr=15.0% miss=85.0% time_limit=100.0% v2v=26.4%
  [PPO ] p_loss=-0.0769 v_loss=1.3045 entropy=1.9734 grad=2.3079 active=4.0%
  [SIM ] avg_power(a)=0.5000 rsu_q=0.015 tx=102 no_tx=57 deadlock=0 svc=2.410GHz idle=0.0%
  → Best model saved: Success Rate = 0.150 (50-ep avg)
     2    15.5s   -0.0013     5.0%     5.0%    75.0%      44%/33%/23%    2.500    0.001    95.0%     0.0%   1.8881   0.0080    10.7%
     3    16.7s   -0.0012     5.0%     5.0%    66.0%      42%/32%/26%    2.200    0.001    95.0%     0.0%   1.9422   0.0944    13.9%
     4     6.5s   -0.0004    15.0%    15.0%    75.6%      38%/39%/23%    2.200    0.005    85.0%     0.0%   1.7293   0.0162    12.0%
     5     3.0s    0.0004    20.0%    20.0%    81.2%      43%/39%/17%    2.180    0.005    80.0%     0.0%   1.6595   0.0081    10.5%
     6    11.0s   -0.0004    25.0%    25.0%    78.2%      45%/39%/16%    2.000    0.003    75.0%     0.0%   1.7112   0.0376     7.9%
     7    14.9s   -0.0006    30.0%    30.0%    73.1%      49%/27%/23%    2.117    0.002    70.0%     0.0%   1.7719   0.0298     9.7%
     8    16.0s   -0.0008    25.0%    25.0%    64.4%      44%/34%/23%    1.780    0.002    70.0%     0.0%   1.7030   0.0249    14.2%
     9    15.5s   -0.0011    15.0%    15.0%    71.9%      57%/24%/18%    2.500    0.002    85.0%     0.0%   1.6144   0.0319     9.5%
    10    15.8s   -0.0011    20.0%    20.0%    60.6%      60%/19%/21%    2.500    0.002    80.0%     0.0%   1.5082   0.0200    15.1%
  [MA20] reward=-0.0007 task_sr=17.5% miss=82.0% time_limit=70.0% v2v=21.7%
  [PPO ] p_loss=0.0539 v_loss=1.6920 entropy=1.5082 grad=2.1452 active=4.0%
  [SIM ] avg_power(a)=0.4960 rsu_q=0.005 tx=64 no_tx=95 deadlock=0 svc=2.545GHz idle=0.0%
    11     3.3s    0.0007    30.0%    30.0%    82.0%      66%/22%/12%    2.314    0.003    70.0%     0.0%   1.5545  -0.0028     9.8%
    12     4.0s    0.0018    45.0%    45.0%    79.4%      60%/26%/14%    2.200    0.007    55.0%     0.0%   1.5801   0.0110     9.7%
    13     5.3s   -0.0004     5.0%     5.0%    72.3%      54%/23%/23%    2.000    0.005    95.0%     0.0%   1.6390   0.0114    14.5%
    14     4.6s    0.0010    20.0%    20.0%    78.2%      60%/21%/19%    2.140    0.004    80.0%     0.0%   1.5014   0.0089    10.6%
    15     3.4s    0.0016    20.0%    20.0%    74.3%      51%/36%/13%    1.925    0.012    80.0%     0.0%   1.5256  -0.0004    10.7%
    16     6.3s   -0.0011     5.0%     5.0%    62.9%      62%/23%/15%    1.700    0.002    95.0%     0.0%   1.5617   0.0234     5.3%
    17     6.2s    0.0013    45.0%    45.0%    82.2%      53%/32%/15%    1.989 7.21e-04    55.0%     0.0%   1.5716   0.0159    15.1%
    18     9.9s    0.0004    40.0%    40.0%    86.1%      46%/36%/18%    2.244    0.002    60.0%     0.0%   1.6628   0.0130     8.4%
    19     3.8s    0.0018    25.0%    25.0%    72.9%      42%/40%/19%    2.180    0.010    75.0%     0.0%   1.6836   0.0136     9.0%
    20     8.1s    0.0000    25.0%    25.0%    77.9%      43%/39%/18%    2.000    0.002    75.0%     0.0%   1.6709   0.0004     7.8%
  [MA20] reward=-0.0000 task_sr=21.7% miss=78.0% time_limit=35.0% v2v=19.1%
  [PPO ] p_loss=-0.0089 v_loss=1.8623 entropy=1.6709 grad=2.1833 active=9.2%
  [SIM ] avg_power(a)=0.4756 rsu_q=0.055 tx=113 no_tx=87 deadlock=0 svc=6.000GHz idle=0.9%
  → Best model saved: Success Rate = 0.217 (50-ep avg)

    Ep    Wall    R/step     T_SR     V_SR     S_SR            L/R/V   Lat(s)       En     Miss      Ill      Ent       KL     Clip
--------------------------------------------------------------------------------------------------------------------------------
    21    16.3s   -0.0011    10.0%    10.0%    72.1%      38%/41%/22%    2.267    0.004    90.0%     0.0%   1.7928   0.0052     7.2%
    22     4.2s    0.0005    30.0%    30.0%    76.4%      44%/31%/25%    2.533    0.004    70.0%     0.0%   1.7759   0.0108    10.9%
    23    16.0s   -0.0015     5.0%     5.0%    62.7%      40%/32%/28%    2.100    0.004    95.0%     0.0%   1.8680   0.0134     3.7%
    24    17.2s   -0.0013     5.0%     5.0%    60.1%      44%/28%/27%    2.000 8.13e-04    95.0%     0.0%   1.8240   0.0454     0.0%
    25     9.3s   -0.0007    15.0%    15.0%    69.8%      45%/27%/27%    2.333    0.002    85.0%     0.0%   1.8682   0.0193     8.2%
    26    14.4s   -0.0014     0.0%     0.0%    62.9%      44%/24%/31%    0.000    0.002   100.0%     0.0%   1.7886   0.0257     2.6%
    27     5.1s    0.0010    30.0%    30.0%    76.0%      51%/31%/18%    1.933    0.008    70.0%     0.0%   1.7805   0.0154     5.2%
    28     4.9s   -0.0009    20.0%    20.0%    58.7%      52%/22%/27%    2.050    0.007    80.0%     0.0%   1.7730   0.0139     6.0%
    29     6.1s    0.0002    20.0%    20.0%    64.2%      60%/20%/19%    1.900    0.004    80.0%     0.0%   1.6337   0.0024     9.5%
    30     3.9s    0.0012    25.0%    25.0%    77.6%      66%/19%/15%    2.267    0.008    75.0%     0.0%   1.5302  -0.0017     3.6%
  [MA20] reward=0.0002 task_sr=21.0% miss=79.0% time_limit=15.0% v2v=20.3%
  [PPO ] p_loss=-0.0103 v_loss=1.3216 entropy=1.5302 grad=1.6061 active=21.6%
  [SIM ] avg_power(a)=0.4839 rsu_q=0.041 tx=73 no_tx=139 deadlock=0 svc=14.442GHz idle=2.0%
    31     3.9s   -0.0006     5.0%     5.0%    63.1%      64%/18%/18%    1.300    0.005    95.0%     0.0%   1.5621   0.0065     6.5%
    32     4.6s   -0.0000    10.0%    10.0%    69.4%      63%/15%/22%    2.100    0.003    90.0%     0.0%   1.6631   0.0123     7.3%
    33    16.7s   -0.0010    15.0%    15.0%    62.6%      62%/18%/21%    2.100    0.003    85.0%     0.0%   1.7822   0.0363     6.5%
    34     3.8s   -0.0012    10.0%    10.0%    63.1%      64%/12%/24%    2.550    0.004    90.0%     0.0%   1.6308   0.0031     4.2%
    35     3.6s   -0.0008    10.0%    10.0%    73.7%      60%/19%/21%    2.500    0.005    90.0%     0.0%   1.6798   0.0060     5.5%
    36    16.1s   -0.0010    10.0%    10.0%    60.2%      61%/17%/22%    1.850 8.14e-04    90.0%     0.0%   1.4882   0.0235     5.5%
    37     4.5s    0.0002    20.0%    20.0%    69.7%      72%/14%/14%    2.440    0.003    80.0%     0.0%   1.3170   0.0019     7.0%
    38    11.9s   -0.0004    30.0%    30.0%    76.3%      67%/19%/15%    2.267    0.001    70.0%     0.0%   1.4046  -0.0083     8.8%
    39    14.5s   -0.0008    25.0%    25.0%    74.6%      75%/16%/10%    2.043    0.001    75.0%     0.0%   1.3573   0.0080     6.7%
    40    15.3s   -0.0013    15.0%    15.0%    71.5%      62%/21%/17%    2.233 6.29e-04    85.0%     0.0%   1.5207   0.0112     9.7%
  [MA20] reward=-0.0005 task_sr=15.5% miss=84.5% time_limit=35.0% v2v=21.2%
  [PPO ] p_loss=0.0240 v_loss=6.7356 entropy=1.5207 grad=8.2925 active=5.1%
  [SIM ] avg_power(a)=0.4915 rsu_q=0.010 tx=76 no_tx=126 deadlock=0 svc=3.110GHz idle=0.0%

    Ep    Wall    R/step     T_SR     V_SR     S_SR            L/R/V   Lat(s)       En     Miss      Ill      Ent       KL     Clip
--------------------------------------------------------------------------------------------------------------------------------
    41     4.2s    0.0015    25.0%    25.0%    69.8%      56%/24%/20%    1.960    0.006    75.0%     0.0%   1.6494   0.0055     7.8%
    42    17.2s   -0.0012    10.0%    10.0%    65.4%      56%/25%/19%    2.300    0.001    90.0%     0.0%   1.5574   0.0315     7.4%
    43     8.4s   -0.0010     5.0%     5.0%    59.1%      58%/20%/22%    1.950    0.002    95.0%     0.0%   1.6979   0.0115    13.0%
    44     5.1s    0.0013    30.0%    30.0%    72.4%      52%/30%/18%    2.067    0.002    70.0%     0.0%   1.7428   0.0059     6.8%
    45    15.5s   -0.0006    30.0%    30.0%    74.8%      50%/36%/14%    2.157    0.002    70.0%     0.0%   1.7481   0.0069     5.7%
    46    16.0s   -0.0013     5.0%     5.0%    67.2%      57%/24%/19%    1.900    0.001    95.0%     0.0%   1.6023   0.0049     3.8%
    47     3.8s   -0.0014     0.0%     0.0%    62.4%      52%/24%/24%    2.000    0.005   100.0%     0.0%   1.7242   0.0057     7.6%
    48    15.6s   -0.0013     5.0%     5.0%    56.8%      45%/26%/28%    1.600    0.002    90.0%     0.0%   1.8687   0.0354    10.9%
    49     4.5s   -0.0002    20.0%    20.0%    73.3%      52%/22%/26%    2.160    0.004    80.0%     0.0%   1.7503   0.0152     5.5%
    50     8.0s   -0.0001    35.0%    35.0%    79.7%      59%/20%/21%    2.114    0.002    65.0%     0.0%   1.6664  -0.0003     8.1%
  [MA20] reward=-0.0006 task_sr=15.8% miss=84.0% time_limit=40.0% v2v=19.8%
  [PPO ] p_loss=-0.0116 v_loss=3.9088 entropy=1.6664 grad=15.4237 active=9.2%
  [SIM ] avg_power(a)=0.4836 rsu_q=0.009 tx=82 no_tx=119 deadlock=0 svc=5.680GHz idle=0.9%
    51     5.1s    0.0001    30.0%    30.0%    77.7%      64%/21%/16%    2.443    0.006    70.0%     0.0%   1.6164   0.0086     7.6%
    52     5.4s   -0.0009     5.0%     5.0%    69.2%      58%/24%/18%    2.500    0.009    95.0%     0.0%   1.7476   0.0047     6.8%
    53     4.9s   -0.0009     5.0%     5.0%    72.5%      50%/26%/24%    2.600    0.004    95.0%     0.0%   1.6221   0.0154     9.2%
    54     4.3s   -0.0005    15.0%    15.0%    70.5%      55%/30%/16%    1.767    0.007    85.0%     0.0%   1.6328   0.0036     7.2%
    55     9.8s   -0.0002    15.0%    15.0%    60.3%      50%/31%/19%    1.767    0.003    85.0%     0.0%   1.5568   0.0708     9.2%
    56     4.9s   -0.0004    15.0%    15.0%    60.0%      51%/28%/21%    2.567    0.005    85.0%     0.0%   1.7175   0.0150     8.9%
    57     4.9s   -0.0010    15.0%    15.0%    69.9%      41%/33%/27%    2.033    0.016    85.0%     0.0%   1.7778   0.0145     6.6%
    58    10.3s   -0.0010     5.0%     5.0%    72.4%      44%/30%/25%    2.100    0.003    95.0%     0.0%   1.7188   0.0082     7.8%
    59    13.8s   -0.0013     0.0%     0.0%    63.4%      50%/26%/23%    0.000    0.002   100.0%     0.0%   1.8226   0.0046     7.1%
    60    16.8s   -0.0013     0.0%     0.0%    64.3%      42%/29%/29%    0.000    0.002   100.0%     0.0%   1.9353  -0.0133     9.6%
  [MA20] reward=-0.0006 task_sr=13.5% miss=86.2% time_limit=25.0% v2v=21.5%
  [PPO ] p_loss=-0.0039 v_loss=1.7767 entropy=1.9353 grad=2.4215 active=4.9%
  [SIM ] avg_power(a)=0.5004 rsu_q=0.005 tx=114 no_tx=82 deadlock=0 svc=2.948GHz idle=0.0%

    Ep    Wall    R/step     T_SR     V_SR     S_SR            L/R/V   Lat(s)       En     Miss      Ill      Ent       KL     Clip
--------------------------------------------------------------------------------------------------------------------------------
    61    14.9s   -0.0010    15.0%    15.0%    70.5%      35%/35%/30%    2.167    0.004    85.0%     0.0%   1.9716   0.0182     3.8%
    62     5.3s   -0.0009     5.0%     5.0%    67.4%      31%/39%/30%    2.400    0.008    95.0%     0.0%   1.9688   0.0030     7.9%
    63    16.8s   -0.0015     0.0%     0.0%    57.9%      40%/27%/34%    0.000    0.003   100.0%     0.0%   1.9164   0.1210    12.5%
    64    16.4s   -0.0014     5.0%     5.0%    63.0%      30%/32%/38%    1.700    0.002    95.0%     0.0%   1.9956   0.0014     3.7%
    65    16.2s   -0.0013    10.0%    10.0%    66.4%      39%/26%/35%    2.050    0.002    90.0%     0.0%   1.9748   0.0238     5.2%
    66    16.3s   -0.0007    20.0%    20.0%    66.1%      37%/29%/34%    1.625    0.002    80.0%     0.0%   1.8612   0.0236     1.9%
    67     8.7s   -0.0003    15.0%    15.0%    60.0%      49%/26%/25%    2.400    0.002    85.0%     0.0%   1.7874   0.0195    14.8%
    68     9.0s   -0.0014     5.0%     5.0%    54.5%      47%/22%/32%    2.400    0.002    95.0%     0.0%   1.7051   0.0141     7.6%
    69    16.9s   -0.0010    10.0%    10.0%    57.8%      54%/27%/19%    1.550    0.002    85.0%     0.0%   1.7365   0.0086     8.4%
    70     3.8s    0.0003    15.0%    15.0%    76.0%      44%/34%/21%    2.320    0.013    85.0%     0.0%   1.7565   0.0143     4.4%
  [MA20] reward=-0.0008 task_sr=10.2% miss=89.5% time_limit=30.0% v2v=25.8%
  [PPO ] p_loss=0.0200 v_loss=1.5304 entropy=1.7565 grad=2.4143 active=24.0%
  [SIM ] avg_power(a)=0.5233 rsu_q=0.217 tx=120 no_tx=98 deadlock=0 svc=16.012GHz idle=2.2%
    71    11.9s   -0.0011    15.0%    15.0%    67.4%      47%/34%/19%    2.425    0.003    85.0%     0.0%   1.6925   0.0035     6.6%
    72    17.3s   -0.0013     5.0%     5.0%    61.2%      46%/34%/21%    2.200    0.002    95.0%     0.0%   1.8323   0.0148     4.5%
    73     9.3s   -0.0007    20.0%    20.0%    78.4%      39%/40%/20%    2.275    0.004    80.0%     0.0%   1.9210   0.0189     8.0%
    74     8.0s   -0.0005    15.0%    15.0%    62.2%      40%/31%/28%    1.900    0.007    85.0%     0.0%   1.9228   0.0175     2.6%
    75     6.1s    0.0000    20.0%    20.0%    68.4%      36%/37%/27%    2.375    0.006    80.0%     0.0%   1.8003  -0.0005     5.2%
    76    16.5s   -0.0012     5.0%     5.0%    73.4%      38%/36%/26%    1.200    0.002    90.0%     0.0%   1.7937   0.0070     5.0%
    77    16.4s   -0.0010    20.0%    20.0%    72.6%      40%/39%/21%    2.100    0.004    80.0%     0.0%   1.7566  -0.0074     5.1%
    78    16.5s   -0.0009    20.0%    20.0%    72.3%      40%/38%/22%    2.650    0.005    80.0%     0.0%   1.6681   0.0243     2.5%
    79     5.6s   -0.0012     5.0%     5.0%    78.5%      31%/50%/19%    2.400    0.016    95.0%     0.0%   1.6901   0.0038     4.1%
    80     8.4s   -0.0002    20.0%    20.0%    68.6%      35%/44%/22%    2.150    0.004    80.0%     0.0%   1.8486   0.0163     5.7%
  [MA20] reward=-0.0009 task_sr=12.3% miss=87.3% time_limit=40.0% v2v=26.2%
  [PPO ] p_loss=-0.0211 v_loss=2.2335 entropy=1.8486 grad=10.1982 active=9.5%
  [SIM ] avg_power(a)=0.5660 rsu_q=0.039 tx=125 no_tx=67 deadlock=0 svc=6.082GHz idle=1.0%

    Ep    Wall    R/step     T_SR     V_SR     S_SR            L/R/V   Lat(s)       En     Miss      Ill      Ent       KL     Clip
--------------------------------------------------------------------------------------------------------------------------------
    81    10.9s   -0.0013    10.0%    10.0%    68.8%      36%/43%/21%    2.450    0.007    90.0%     0.0%   1.6866   0.0110     4.9%
    82     4.1s    0.0018    30.0%    30.0%    86.2%      29%/48%/23%    2.388    0.015    70.0%     0.0%   1.7368  -0.0079     5.9%
    83     4.6s    0.0010    25.0%    25.0%    84.8%      24%/58%/18%    2.300    0.022    75.0%     0.0%   1.6538   0.0119     3.8%
    84    15.3s   -0.0000    30.0%    30.0%    82.1%      31%/50%/19%    1.950    0.003    70.0%     0.0%   1.7878   0.0125     3.2%
    85     3.6s   -0.0002    20.0%    20.0%    76.8%      29%/47%/24%    2.450    0.022    80.0%     0.0%   1.7133   0.0225     5.3%
    86     4.3s   -0.0010    10.0%    10.0%    69.3%      20%/54%/27%    2.400    0.021    90.0%     0.0%   1.7289   0.0088     4.2%
    87     5.0s    0.0007    15.0%    15.0%    68.2%      15%/50%/35%    1.567    0.018    85.0%     0.0%   1.8520   0.0099     5.6%
    88     6.9s    0.0004    35.0%    35.0%    78.2%      26%/49%/25%    2.300    0.015    65.0%     0.0%   1.7983   0.0083     5.7%
    89     7.1s   -0.0008    15.0%    15.0%    63.8%      23%/43%/34%    2.300    0.007    85.0%     0.0%   1.8500   0.0139     3.7%
    90     6.8s    0.0004    25.0%    25.0%    73.5%      29%/46%/25%    2.060    0.008    75.0%     0.0%   1.7613   0.0020    10.1%
  [MA20] reward=-0.0004 task_sr=18.0% miss=81.8% time_limit=20.0% v2v=23.9%
  [PPO ] p_loss=-0.0299 v_loss=2.0912 entropy=1.7613 grad=2.0196 active=9.7%
  [SIM ] avg_power(a)=0.5838 rsu_q=0.118 tx=125 no_tx=52 deadlock=0 svc=6.728GHz idle=1.1%
    91     3.1s    0.0032    35.0%    35.0%    80.9%      31%/41%/28%    2.088    0.012    65.0%     0.0%   1.7541   0.0056     4.1%
    92     4.0s    0.0004    15.0%    15.0%    72.5%      32%/43%/25%    2.333    0.016    85.0%     0.0%   1.8347  -0.0069     4.1%
    93    15.6s   -0.0007    25.0%    25.0%    66.1%      33%/45%/22%    2.180    0.004    75.0%     0.0%   1.7192  -0.0058     7.2%
    94    15.7s   -0.0005    20.0%    20.0%    82.1%      27%/50%/23%    1.980    0.003    80.0%     0.0%   1.6227   0.0014     8.4%
    95     3.5s    0.0036    45.0%    45.0%    82.6%      22%/59%/20%    2.240    0.020    55.0%     0.0%   1.6939   0.0037     7.9%
    96    14.5s   -0.0006    20.0%    20.0%    73.7%      24%/53%/23%    1.975    0.004    80.0%     0.0%   1.7095  -0.0093    10.1%
    97    10.4s   -0.0004    20.0%    20.0%    80.9%      19%/60%/21%    2.271    0.009    80.0%     0.0%   1.7845   0.0369     1.4%
    98     5.5s    0.0019    30.0%    30.0%    80.9%      15%/66%/19%    1.917    0.027    70.0%     0.0%   1.6313  -0.0002     9.0%
    99     4.4s    0.0023    35.0%    35.0%    82.8%      16%/65%/19%    2.238    0.011    65.0%     0.0%   1.5177   0.0140     7.7%
   100     3.2s    0.0023    25.0%    25.0%    84.9%      17%/67%/16%    2.200    0.030    75.0%     0.0%   1.5848   0.0091     6.1%
  [MA20] reward=0.0006 task_sr=24.2% miss=75.8% time_limit=15.0% v2v=23.3%
  [PPO ] p_loss=0.0137 v_loss=1.0466 entropy=1.5848 grad=1.3646 active=28.1%
  [SIM ] avg_power(a)=0.5636 rsu_q=1.256 tx=181 no_tx=38 deadlock=0 svc=20.216GHz idle=2.6%

    Ep    Wall    R/step     T_SR     V_SR     S_SR            L/R/V   Lat(s)       En     Miss      Ill      Ent       KL     Clip
--------------------------------------------------------------------------------------------------------------------------------
   101     4.6s    0.0021    30.0%    30.0%    83.4%      21%/61%/17%    2.100    0.018    70.0%     0.0%   1.4332   0.0059     7.9%
   102     2.8s    0.0040    35.0%    35.0%    91.3%      17%/67%/16%    2.569    0.054    65.0%     0.0%   1.5087   0.0057     8.3%
   103     2.8s    0.0055    45.0%    45.0%    90.1%      18%/64%/18%    2.270    0.045    55.0%     0.0%   1.5195   0.0040     8.6%
   104    16.2s   -0.0005    40.0%    40.0%    85.0%      19%/58%/23%    2.378    0.003    60.0%     0.0%   1.6590   0.0226    11.8%
   105     4.5s    0.0011    25.0%    25.0%    77.6%      20%/61%/19%    2.460    0.026    75.0%     0.0%   1.5507   0.0228     7.9%
   106     3.2s    0.0025    30.0%    30.0%    79.0%      21%/59%/20%    2.200    0.023    70.0%     0.0%   1.6002   0.0141    10.4%
   107     3.7s    0.0027    30.0%    30.0%    84.1%      21%/63%/16%    2.329    0.025    70.0%     0.0%   1.6017   0.0037     5.0%
   108     3.3s    0.0043    40.0%    40.0%    87.1%      17%/65%/19%    2.311    0.042    60.0%     0.0%   1.6273   0.0055     5.3%
   109     5.5s    0.0008    30.0%    30.0%    78.9%      27%/54%/19%    2.400    0.008    70.0%     0.0%   1.6474   0.0058     5.6%
   110     9.5s   -0.0004    35.0%    35.0%    84.1%      21%/60%/19%    2.414    0.013    65.0%     0.0%   1.6722   0.0153    10.8%
  [MA20] reward=0.0017 task_sr=30.5% miss=69.5% time_limit=15.0% v2v=20.0%
  [PPO ] p_loss=-0.0137 v_loss=1.9523 entropy=1.6722 grad=2.0305 active=8.2%
  [SIM ] avg_power(a)=0.5101 rsu_q=0.109 tx=165 no_tx=44 deadlock=0 svc=5.373GHz idle=0.8%
   111     7.2s   -0.0001    20.0%    20.0%    73.4%      29%/49%/21%    1.850    0.007    80.0%     0.0%   1.7280   0.0219     4.3%
   112     3.1s    0.0032    35.0%    35.0%    88.6%      27%/57%/17%    2.211    0.014    65.0%     0.0%   1.7312   0.0294    15.0%
   113    15.7s   -0.0010    30.0%    30.0%    75.7%      40%/40%/20%    1.967    0.005    70.0%     0.0%   1.5837   0.0137     4.7%
   114    12.8s   -0.0004    35.0%    35.0%    73.3%      36%/46%/18%    2.250    0.002    65.0%     0.0%   1.5886   0.0561     3.3%
   115     3.1s    0.0008    25.0%    25.0%    79.8%      36%/50%/14%    2.217    0.048    75.0%     0.0%   1.5544   0.0245    11.7%
   116     3.6s    0.0017    20.0%    20.0%    82.1%       38%/53%/9%    2.320    0.018    80.0%     0.0%   1.5082   0.0237    11.2%
   117     2.8s    0.0037    50.0%    50.0%    94.8%      36%/51%/14%    2.308    0.010    50.0%     0.0%   1.4865   0.0242     7.2%
   118     3.8s    0.0041    45.0%    45.0%    86.1%       45%/46%/9%    1.967    0.008    55.0%     0.0%   1.5067   0.0112     6.0%
   119     3.8s    0.0004    20.0%    20.0%    75.5%       43%/49%/7%    2.200    0.026    80.0%     0.0%   1.4078   0.0030     5.8%
   120     7.2s    0.0013    40.0%    40.0%    83.8%      40%/50%/10%    1.911    0.003    60.0%     0.0%   1.4792   0.0192    18.0%
  [MA20] reward=0.0018 task_sr=33.0% miss=67.0% time_limit=10.0% v2v=16.3%
  [PPO ] p_loss=-0.0249 v_loss=3.1902 entropy=1.4792 grad=2.0618 active=10.4%
  [SIM ] avg_power(a)=0.5025 rsu_q=0.188 tx=125 no_tx=85 deadlock=0 svc=7.001GHz idle=1.0%
  → Best model saved: Success Rate = 0.258 (50-ep avg)

    Ep    Wall    R/step     T_SR     V_SR     S_SR            L/R/V   Lat(s)       En     Miss      Ill      Ent       KL     Clip
--------------------------------------------------------------------------------------------------------------------------------
   121    15.6s   -0.0010    20.0%    20.0%    72.4%      46%/38%/16%    2.125    0.005    80.0%     0.0%   1.6531   0.0436    15.7%
   122     7.4s   -0.0008    10.0%    10.0%    78.0%      54%/32%/14%    2.350    0.003    90.0%     0.0%   1.5231   0.0259    13.1%
   123     3.4s    0.0030    45.0%    45.0%    88.3%      41%/47%/11%    2.133    0.017    55.0%     0.0%   1.5863   0.0191     7.9%
   124     2.9s    0.0046    55.0%    55.0%    90.6%      36%/49%/15%    2.436    0.023    45.0%     0.0%   1.5324   0.0001     6.1%
   125     4.0s    0.0017    20.0%    20.0%    77.9%      39%/43%/17%    1.960    0.012    80.0%     0.0%   1.6269   0.0191    15.1%
   126     2.8s    0.0051    50.0%    50.0%    85.1%      25%/61%/14%    2.109    0.032    50.0%     0.0%   1.4567   0.0025     6.0%
   127     3.9s    0.0018    30.0%    30.0%    79.8%      26%/63%/11%    2.467    0.021    70.0%     0.0%   1.4957   0.0034     9.8%
   128     3.4s    0.0056    40.0%    40.0%    85.2%       18%/75%/8%    2.125    0.037    60.0%     0.0%   1.3620   0.0003     6.0%
   129     3.1s    0.0043    40.0%    40.0%    87.2%       23%/68%/9%    2.188    0.050    60.0%     0.0%   1.3836   0.0159    10.2%
   130     3.0s    0.0039    35.0%    35.0%    82.3%      20%/69%/12%    2.014    0.042    65.0%     0.0%   1.3585   0.0150     7.4%
  [MA20] reward=0.0021 task_sr=33.2% miss=66.8% time_limit=10.0% v2v=13.3%
  [PPO ] p_loss=-0.0337 v_loss=1.2426 entropy=1.3585 grad=1.3161 active=28.3%
  [SIM ] avg_power(a)=0.4354 rsu_q=0.778 tx=160 no_tx=40 deadlock=0 svc=19.788GHz idle=5.6%
  → Best model saved: Success Rate = 0.298 (50-ep avg)
   131     2.5s    0.0117    55.0%    55.0%    95.9%       17%/76%/7%    2.077    0.029    45.0%     0.0%   1.3556  -0.0038     5.3%
   132     3.2s    0.0054    40.0%    40.0%    92.9%      15%/72%/13%    2.120    0.019    60.0%     0.0%   1.2098   0.0142     6.8%
   133     2.6s    0.0109    65.0%    65.0%    95.4%       18%/73%/9%    2.250    0.028    35.0%     0.0%   1.1722   0.0184     6.7%
   134     2.3s    0.0203    90.0%    90.0%    98.7%       15%/79%/7%    1.928    0.027    10.0%     0.0%   1.1212   0.0117     6.9%
   135     2.8s    0.0130    65.0%    65.0%    96.2%       15%/77%/8%    2.123    0.027    35.0%     0.0%   1.0886   0.0095     6.5%
   136     2.5s    0.0079    50.0%    50.0%    92.4%       17%/77%/6%    2.367    0.027    50.0%     0.0%   1.0905   0.0009     7.8%
   137     3.0s    0.0069    45.0%    45.0%    88.8%       17%/79%/4%    2.067    0.025    55.0%     0.0%   1.2254   0.0005     6.2%
   138     2.6s    0.0100    65.0%    65.0%    92.8%       18%/73%/8%    2.273    0.023    35.0%     0.0%   1.1044  -0.0057     7.1%
   139     3.1s    0.0080    50.0%    50.0%    95.3%       20%/74%/6%    2.129    0.019    50.0%     0.0%   1.2679  -0.0012     9.7%
   140     3.7s    0.0041    50.0%    50.0%    89.8%       19%/75%/6%    2.327    0.030    50.0%     0.0%   1.2126  -0.0010     8.3%
  [MA20] reward=0.0063 task_sr=46.0% miss=54.0% time_limit=5.0% v2v=10.0%
  [PPO ] p_loss=0.0003 v_loss=1.4183 entropy=1.2126 grad=5.0343 active=27.0%
  [SIM ] avg_power(a)=0.4485 rsu_q=1.568 tx=192 no_tx=45 deadlock=0 svc=18.887GHz idle=2.3%
  → Best model saved: Success Rate = 0.370 (50-ep avg)

    Ep    Wall    R/step     T_SR     V_SR     S_SR            L/R/V   Lat(s)       En     Miss      Ill      Ent       KL     Clip
--------------------------------------------------------------------------------------------------------------------------------
   141     2.9s    0.0080    60.0%    60.0%    88.5%       24%/71%/6%    2.077    0.032    40.0%     0.0%   1.2073   0.0179     5.7%
   142     3.2s    0.0097    50.0%    50.0%    86.0%       15%/78%/7%    1.964    0.041    50.0%     0.0%   1.2353   0.0111     8.3%
   143     2.7s    0.0081    60.0%    60.0%    95.7%       20%/73%/7%    2.379    0.041    40.0%     0.0%   1.2240   0.0133     8.9%
   144     3.2s    0.0063    45.0%    45.0%    85.7%       15%/77%/9%    2.133    0.026    55.0%     0.0%   1.0142   0.0232    10.5%
   145     3.3s    0.0037    40.0%    40.0%    87.2%       14%/82%/4%    2.556    0.033    60.0%     0.0%   1.0517   0.0050     7.1%
   146     3.2s    0.0043    35.0%    35.0%    88.0%       18%/77%/4%    2.486    0.045    65.0%     0.0%   1.0416   0.0196     7.6%
   147     2.5s    0.0073    45.0%    45.0%    92.1%       14%/79%/7%    2.109    0.048    55.0%     0.0%   1.0383   0.0166     6.6%
   148     3.4s    0.0090    60.0%    60.0%    90.3%       15%/82%/3%    1.975    0.026    40.0%     0.0%   1.0323   0.0193     6.9%
   149     2.8s    0.0115    60.0%    60.0%    91.2%       14%/81%/5%    2.225    0.040    40.0%     0.0%   0.9670   0.0049     6.0%
   150     2.2s    0.0176    65.0%    65.0%    94.0%       11%/83%/7%    1.892    0.049    35.0%     0.0%   1.0349   0.0117     5.4%
  [MA20] reward=0.0092 task_sr=54.8% miss=45.2% time_limit=0.0% v2v=6.6%
  [PPO ] p_loss=-0.0051 v_loss=0.9072 entropy=1.0349 grad=2.0482 active=37.0%
  [SIM ] avg_power(a)=0.3852 rsu_q=1.929 tx=185 no_tx=22 deadlock=0 svc=25.684GHz idle=7.1%
  → Best model saved: Success Rate = 0.420 (50-ep avg)
   151     3.4s    0.0061    50.0%    50.0%    89.7%       15%/79%/6%    2.164    0.036    50.0%     0.0%   1.0036   0.0033     8.8%
   152     2.7s    0.0056    40.0%    40.0%    86.5%       19%/76%/5%    2.200    0.032    60.0%     0.0%   1.0544   0.0097     7.4%
   153     2.2s    0.0252    95.0%    95.0%    99.2%       11%/83%/6%    1.900    0.017     5.0%     0.0%   1.0393   0.0065     9.2%
   154     3.0s    0.0120    75.0%    75.0%    98.0%       11%/84%/6%    2.124    0.019    25.0%     0.0%   0.8998   0.0141     8.5%
   155     2.7s    0.0133    75.0%    75.0%    94.7%        8%/88%/4%    2.187    0.054    25.0%     0.0%   0.7691   0.0155     6.5%
   156     2.1s    0.0222    80.0%    80.0%    97.2%        4%/92%/3%    1.847    0.055    20.0%     0.0%   0.7398   0.0143     5.0%
   157     2.2s    0.0188    80.0%    80.0%    97.2%        8%/89%/3%    2.124    0.051    20.0%     0.0%   0.7319   0.0112     6.6%
   158     2.3s    0.0195    90.0%    90.0%    97.0%        4%/92%/4%    1.922    0.050    10.0%     0.0%   0.6627   0.0067     5.3%
   159     2.1s    0.0204    75.0%    75.0%    95.8%        7%/89%/4%    1.888    0.055    25.0%     0.0%   0.6722   0.0037     5.1%
   160     2.1s    0.0248    85.0%    85.0%    98.3%        4%/94%/3%    1.789    0.033    15.0%     0.0%   0.7720   0.0023     3.6%
  [MA20] reward=0.0127 task_sr=63.3% miss=36.8% time_limit=0.0% v2v=5.1%
  [PPO ] p_loss=0.0129 v_loss=1.1508 entropy=0.7720 grad=1.6921 active=42.1%
  [SIM ] avg_power(a)=0.3214 rsu_q=3.500 tx=226 no_tx=9 deadlock=0 svc=29.456GHz idle=3.6%
  → Best model saved: Success Rate = 0.501 (50-ep avg)

    Ep    Wall    R/step     T_SR     V_SR     S_SR            L/R/V   Lat(s)       En     Miss      Ill      Ent       KL     Clip
--------------------------------------------------------------------------------------------------------------------------------
   161     2.7s    0.0149    80.0%    80.0%    92.8%        5%/92%/3%    2.019    0.050    20.0%     0.0%   0.7617  -0.0055     9.0%
   162     2.3s    0.0173    75.0%    75.0%    97.3%        6%/90%/4%    2.250    0.042    25.0%     0.0%   0.7151   0.0175     6.5%
   163     2.3s    0.0160    75.0%    75.0%    95.3%        2%/95%/4%    1.969    0.049    25.0%     0.0%   0.7353  -0.0019     4.1%
   164     2.2s    0.0162    85.0%    85.0%    98.0%        7%/89%/3%    2.189    0.045    15.0%     0.0%   0.7044   0.0041     5.1%
   165     2.7s    0.0176    85.0%    85.0%    96.5%        3%/95%/3%    1.735    0.043    15.0%     0.0%   0.7359   0.0089     3.2%
   166     2.7s    0.0178    75.0%    75.0%    97.6%        5%/92%/3%    2.065    0.037    25.0%     0.0%   0.7276   0.0092     4.3%
   167     2.4s    0.0180    75.0%    75.0%    92.8%        5%/93%/2%    1.906    0.048    25.0%     0.0%   0.7694   0.0061     4.6%
   168     2.5s    0.0193    80.0%    80.0%    91.4%        3%/94%/3%    1.825    0.064    20.0%     0.0%   0.7063  -0.0026     3.2%
   169     2.6s    0.0201    65.0%    65.0%    89.6%        1%/95%/3%    1.800    0.060    35.0%     0.0%   0.6889   0.0084     4.8%
   170     2.6s    0.0146    80.0%    80.0%    91.3%        2%/95%/3%    2.163    0.061    20.0%     0.0%   0.6953   0.0128     7.1%
  [MA20] reward=0.0170 task_sr=76.0% miss=24.0% time_limit=0.0% v2v=3.7%
  [PPO ] p_loss=0.0243 v_loss=1.0309 entropy=0.6953 grad=0.7424 active=37.3%
  [SIM ] avg_power(a)=0.3678 rsu_q=2.233 tx=218 no_tx=5 deadlock=0 svc=26.694GHz idle=6.7%
  → Best model saved: Success Rate = 0.592 (50-ep avg)
   171     2.5s    0.0196    70.0%    70.0%    87.3%        1%/95%/4%    1.747    0.033    30.0%     0.0%   0.6919   0.0085     3.3%
   172     2.8s    0.0092    45.0%    45.0%    85.8%        2%/94%/4%    2.122    0.050    55.0%     0.0%   0.6925   0.0107     4.5%
   173     2.5s    0.0136    70.0%    70.0%    89.1%        5%/93%/2%    2.021    0.039    30.0%     0.0%   0.6230   0.0115     5.0%
   174     2.1s    0.0252    75.0%    75.0%    89.0%        3%/95%/2%    1.740    0.033    25.0%     0.0%   0.6175   0.0122     4.8%
   175     2.2s    0.0243   100.0%   100.0%   100.0%        2%/95%/2%    2.020    0.039     0.0%     0.0%   0.5441   0.0156     2.9%
   176     2.2s    0.0208    75.0%    75.0%    93.6%        2%/95%/3%    1.875    0.038    25.0%     0.0%   0.5392   0.0093     3.0%
   177     2.6s    0.0139    60.0%    60.0%    89.4%        2%/97%/1%    1.717    0.062    40.0%     0.0%   0.5225   0.0027     2.3%
   178     2.0s    0.0255    80.0%    80.0%    94.8%        1%/98%/1%    1.824    0.046    20.0%     0.0%   0.4991   0.0032     1.4%
   179     2.2s    0.0251    80.0%    80.0%    97.1%        1%/98%/1%    1.806    0.050    20.0%     0.0%   0.4882   0.0009     1.8%
   180     2.1s    0.0247    85.0%    85.0%    99.2%        2%/97%/1%    1.917    0.043    15.0%     0.0%   0.4863  -0.0028     1.3%
  [MA20] reward=0.0187 task_sr=75.8% miss=24.3% time_limit=0.0% v2v=2.7%
  [PPO ] p_loss=-0.0014 v_loss=0.8265 entropy=0.4863 grad=0.6125 active=45.4%
  [SIM ] avg_power(a)=0.2885 rsu_q=5.154 tx=232 no_tx=4 deadlock=0 svc=34.814GHz idle=7.7%
  → Best model saved: Success Rate = 0.671 (50-ep avg)

    Ep    Wall    R/step     T_SR     V_SR     S_SR            L/R/V   Lat(s)       En     Miss      Ill      Ent       KL     Clip
--------------------------------------------------------------------------------------------------------------------------------
   181     2.1s    0.0271    85.0%    85.0%    97.5%        1%/97%/1%    1.812    0.037    15.0%     0.0%   0.5064   0.0113     1.6%
   182     2.1s    0.0252    90.0%    90.0%    97.9%        1%/96%/3%    1.822    0.033    10.0%     0.0%   0.5780   0.0103     2.0%
   183     2.8s    0.0155    70.0%    70.0%    92.1%        3%/93%/3%    1.993    0.039    30.0%     0.0%   0.5169   0.0128     3.4%
   184     2.4s    0.0165    75.0%    75.0%    92.0%        3%/94%/3%    1.940    0.051    25.0%     0.0%   0.5769 -7.55e-06     4.1%
   185     2.3s    0.0248    85.0%    85.0%    95.9%        2%/97%/1%    1.922    0.033    15.0%     0.0%   0.5545   0.0013     3.2%
   186     2.8s    0.0152    65.0%    65.0%    92.3%        2%/95%/4%    2.100    0.042    35.0%     0.0%   0.5780   0.0099     2.9%
   187     2.3s    0.0190    80.0%    80.0%    94.3%        3%/94%/3%    1.835    0.029    20.0%     0.0%   0.6963   0.0070     3.7%
   188     2.5s    0.0185    75.0%    75.0%    97.6%        2%/94%/3%    2.072    0.050    25.0%     0.0%   0.6281   0.0025     2.5%
   189     2.1s    0.0276    90.0%    90.0%    99.6%        2%/97%/1%    1.789    0.033    10.0%     0.0%   0.5649  -0.0031     1.3%
   190     2.5s    0.0134    55.0%    55.0%    95.6%        3%/96%/1%    2.200    0.080    45.0%     0.0%   0.5746   0.0087     2.7%
  [MA20] reward=0.0202 task_sr=75.5% miss=24.5% time_limit=0.0% v2v=2.3%
  [PPO ] p_loss=0.0028 v_loss=1.0323 entropy=0.5746 grad=0.8678 active=35.6%
  [SIM ] avg_power(a)=0.3519 rsu_q=2.968 tx=214 no_tx=7 deadlock=0 svc=26.752GHz idle=3.2%
  → Best model saved: Success Rate = 0.710 (50-ep avg)
   191     2.6s    0.0125    70.0%    70.0%    90.6%        2%/98%/0%    2.086    0.056    30.0%     0.0%   0.6483  -0.0003     3.4%
   192     2.1s    0.0270    95.0%    95.0%    99.6%        4%/95%/2%    1.842    0.046     5.0%     0.0%   0.5642   0.0014     3.2%
   193     2.1s    0.0302    95.0%    95.0%    99.6%        3%/95%/1%    1.758    0.032     5.0%     0.0%   0.5597   0.0138     3.3%
   194     2.2s    0.0235    85.0%    85.0%    99.2%        4%/94%/1%    1.984    0.037    15.0%     0.0%   0.5500   0.0014     4.1%
   195     2.4s    0.0230    85.0%    85.0%    95.0%        4%/95%/1%    1.853    0.035    15.0%     0.0%   0.5546   0.0014     2.9%
   196     2.2s    0.0217    85.0%    85.0%    93.7%        4%/94%/2%    1.982    0.043    15.0%     0.0%   0.5469   0.0138     4.0%
   197     2.5s    0.0160    60.0%    60.0%    83.7%        4%/94%/2%    2.060    0.058    40.0%     0.0%   0.6207   0.0017     4.2%
   198     2.4s    0.0244    80.0%    80.0%    96.3%        6%/92%/2%    1.844    0.034    20.0%     0.0%   0.6683   0.0101     4.7%
   199     2.1s    0.0227    80.0%    80.0%    94.7%        6%/91%/3%    1.965    0.033    20.0%     0.0%   0.7720   0.0110     5.1%
   200     2.4s    0.0155    75.0%    75.0%    94.9%        4%/93%/3%    2.060    0.069    25.0%     0.0%   0.7220   0.0014     6.0%
  [MA20] reward=0.0210 task_sr=79.0% miss=21.0% time_limit=0.0% v2v=2.1%
  [PPO ] p_loss=0.0173 v_loss=0.9150 entropy=0.7220 grad=0.4595 active=37.7%
  [SIM ] avg_power(a)=0.3633 rsu_q=3.367 tx=216 no_tx=9 deadlock=0 svc=28.164GHz idle=10.0%
  → Best model saved: Success Rate = 0.768 (50-ep avg)

    Ep    Wall    R/step     T_SR     V_SR     S_SR            L/R/V   Lat(s)       En     Miss      Ill      Ent       KL     Clip
--------------------------------------------------------------------------------------------------------------------------------
   201     2.1s    0.0218    70.0%    70.0%    92.1%        9%/90%/2%    1.938    0.061    30.0%     0.0%   0.6387   0.0037     4.3%
   202     2.8s    0.0090    40.0%    40.0%    81.9%        4%/92%/4%    1.830    0.055    60.0%     0.0%   0.6738   0.0098     5.6%
   203     2.4s    0.0211    80.0%    80.0%    95.3%        7%/92%/2%    1.894    0.035    20.0%     0.0%   0.6256   0.0067     3.2%
   204     2.3s    0.0203    70.0%    70.0%    93.5%        2%/98%/0%    1.953    0.047    30.0%     0.0%   0.6523  -0.0004     1.3%
   205     2.6s    0.0211    85.0%    85.0%    97.5%        5%/95%/0%    1.872    0.038    15.0%     0.0%   0.6498   0.0006     2.2%
   206     2.6s    0.0156    75.0%    75.0%    92.2%        4%/93%/3%    2.027    0.041    25.0%     0.0%   0.7050   0.0085     3.1%
   207     2.3s    0.0216    75.0%    75.0%    93.2%        8%/89%/3%    1.881    0.050    25.0%     0.0%   0.7220   0.0168     5.9%
   208     2.2s    0.0206    80.0%    80.0%    98.7%        5%/93%/2%    1.939    0.045    20.0%     0.0%   0.6399   0.0046     4.1%
   209     2.6s    0.0149    70.0%    70.0%    82.1%        3%/96%/0%    1.979    0.084    30.0%     0.0%   0.5378   0.0060     1.9%
   210     2.4s    0.0131    70.0%    70.0%    90.7%        3%/96%/1%    2.167    0.062    30.0%     0.0%   0.6232   0.0032     1.7%
  [MA20] reward=0.0198 task_sr=76.2% miss=23.8% time_limit=0.0% v2v=1.7%
  [PPO ] p_loss=0.0035 v_loss=1.4784 entropy=0.6232 grad=1.1567 active=37.8%
  [SIM ] avg_power(a)=0.3539 rsu_q=3.200 tx=221 no_tx=6 deadlock=0 svc=29.282GHz idle=20.0%
   211     2.5s    0.0162    65.0%    65.0%    95.0%        2%/96%/2%    2.000    0.066    35.0%     0.0%   0.6317  -0.0038     3.7%
   212     2.4s    0.0257    85.0%    85.0%    97.8%        4%/94%/2%    1.700    0.040    15.0%     0.0%   0.5998  -0.0014     3.5%
   213     2.0s    0.0236    85.0%    85.0%    98.3%        2%/98%/0%    1.967    0.057    15.0%     0.0%   0.5663   0.0001     1.8%
   214     2.4s    0.0232    80.0%    80.0%    96.0%        2%/98%/1%    1.906    0.057    20.0%     0.0%   0.5375  -0.0037     2.6%
   215     2.3s    0.0162    65.0%    65.0%    93.5%        0%/98%/2%    1.967    0.066    35.0%     0.0%   0.6383   0.0015     2.8%
   216     2.2s    0.0235    70.0%    70.0%    96.2%        2%/98%/0%    1.819    0.057    30.0%     0.0%   0.4858   0.0076     5.1%
   217     1.9s    0.0245    70.0%    70.0%    92.1%        2%/98%/0%    1.856    0.072    30.0%     0.0%   0.4617   0.0049     1.0%
   218     2.3s    0.0180    75.0%    75.0%    92.5%        1%/97%/2%    2.007    0.056    25.0%     0.0%   0.4978   0.0046     1.5%
   219     2.2s    0.0225    85.0%    85.0%    94.0%        2%/98%/0%    1.788    0.061    15.0%     0.0%   0.4698   0.0103     3.3%
   220     2.4s    0.0168    80.0%    80.0%    89.7%        1%/98%/0%    2.000    0.050    20.0%     0.0%   0.5127   0.0029     1.9%
  [MA20] reward=0.0195 task_sr=73.8% miss=26.2% time_limit=0.0% v2v=1.4%
  [PPO ] p_loss=-0.0131 v_loss=1.0709 entropy=0.5127 grad=0.3653 active=42.2%
  [SIM ] avg_power(a)=0.3310 rsu_q=2.931 tx=242 no_tx=3 deadlock=0 svc=28.173GHz idle=3.4%

    Ep    Wall    R/step     T_SR     V_SR     S_SR            L/R/V   Lat(s)       En     Miss      Ill      Ent       KL     Clip
--------------------------------------------------------------------------------------------------------------------------------
   221     2.5s    0.0126    75.0%    75.0%    93.8%        2%/97%/1%    2.187    0.053    25.0%     0.0%   0.3933   0.0001     2.8%
   222     2.4s    0.0235    90.0%    90.0%    94.6%       0%/100%/0%    1.844    0.060    10.0%     0.0%   0.4987  -0.0003     0.5%
   223     2.1s    0.0285    80.0%    80.0%    95.9%       0%/100%/0%    1.700    0.077    20.0%     0.0%   0.5254   0.0016     1.7%
   224     2.4s    0.0201    85.0%    85.0%    96.4%        0%/98%/2%    1.882    0.043    15.0%     0.0%   0.4842   0.0072     2.3%
   225     2.4s    0.0194    85.0%    85.0%    94.3%        1%/98%/1%    2.088    0.062    15.0%     0.0%   0.4983 4.76e-05     2.7%
   226     2.3s    0.0311    90.0%    90.0%    98.8%        1%/99%/0%    1.761    0.043    10.0%     0.0%   0.3963   0.0079     0.8%
   227     2.3s    0.0242    90.0%    90.0%    96.6%       0%/100%/0%    1.900    0.042    10.0%     0.0%   0.4384   0.0031     1.6%
   228     2.5s    0.0186    75.0%    75.0%    95.7%        0%/99%/0%    1.953    0.049    25.0%     0.0%   0.3672   0.0060     1.0%
   229     2.1s    0.0253    80.0%    80.0%    97.8%        1%/98%/1%    1.922    0.057    20.0%     0.0%   0.4459   0.0056     1.5%
   230     2.2s    0.0224    95.0%    95.0%   100.0%        4%/96%/0%    2.020    0.053     5.0%     0.0%   0.3864   0.0145     3.7%
  [MA20] reward=0.0218 task_sr=80.2% miss=19.7% time_limit=0.0% v2v=0.9%
  [PPO ] p_loss=-0.0015 v_loss=1.0755 entropy=0.3864 grad=0.4392 active=43.5%
  [SIM ] avg_power(a)=0.3198 rsu_q=4.370 tx=225 no_tx=10 deadlock=0 svc=32.611GHz idle=11.1%
  → Best model saved: Success Rate = 0.780 (50-ep avg)
   231     2.4s    0.0165    75.0%    75.0%    95.5%        3%/97%/0%    2.050    0.047    25.0%     0.0%   0.3929  -0.0013     1.7%
   232     2.2s    0.0276    90.0%    90.0%    99.6%        0%/99%/0%    1.758    0.041    10.0%     0.0%   0.2178   0.0012     0.8%
   233     2.4s    0.0203    75.0%    75.0%    95.1%        2%/98%/0%    1.927    0.046    25.0%     0.0%   0.2885   0.0110     3.1%
   234     2.3s    0.0262    85.0%    85.0%    95.1%        0%/99%/0%    1.706    0.045    15.0%     0.0%   0.2260  -0.0030     1.2%
   235     2.3s    0.0234    90.0%    90.0%    98.2%       0%/100%/0%    1.821    0.050    10.0%     0.0%   0.2388 8.09e-05     0.9%
   236     2.2s    0.0242    95.0%    95.0%    96.0%       0%/100%/0%    1.932    0.047     5.0%     0.0%   0.2746   0.0083     3.3%
   237     2.5s    0.0208    80.0%    80.0%    97.1%       0%/100%/0%    1.835    0.039    20.0%     0.0%   0.2412   0.0019     1.1%
   238     2.4s    0.0222    85.0%    85.0%    96.4%       0%/100%/0%    1.911    0.046    15.0%     0.0%   0.3383   0.0083     2.6%
   239     2.1s    0.0299    90.0%    90.0%    97.3%       0%/100%/0%    1.667    0.073    10.0%     0.0%   0.3960  -0.0017     2.9%
   240     2.1s    0.0286    95.0%    95.0%    96.3%       0%/100%/0%    1.837    0.045     5.0%     0.0%   0.3402   0.0119     3.2%
  [MA20] reward=0.0233 task_sr=85.2% miss=14.8% time_limit=0.0% v2v=0.4%
  [PPO ] p_loss=0.0032 v_loss=1.1722 entropy=0.3402 grad=0.1939 active=40.6%
  [SIM ] avg_power(a)=0.3335 rsu_q=4.000 tx=210 no_tx=1 deadlock=0 svc=31.402GHz idle=15.4%
  → Best model saved: Success Rate = 0.798 (50-ep avg)

    Ep    Wall    R/step     T_SR     V_SR     S_SR            L/R/V   Lat(s)       En     Miss      Ill      Ent       KL     Clip
--------------------------------------------------------------------------------------------------------------------------------
   241     2.3s    0.0230    80.0%    80.0%    91.6%       0%/100%/0%    1.850    0.054    20.0%     0.0%   0.4154   0.0115     6.7%
   242     2.2s    0.0211    75.0%    75.0%    93.4%        0%/99%/1%    1.853    0.052    25.0%     0.0%   0.4111   0.0092     3.0%
   243     2.2s    0.0239    80.0%    80.0%    91.6%       0%/100%/0%    1.831    0.058    20.0%     0.0%   0.3644   0.0031     6.9%
   244     2.4s    0.0210    75.0%    75.0%    96.2%        2%/98%/0%    1.906    0.050    25.0%     0.0%   0.4866   0.0141    10.6%
   245     2.2s    0.0245   100.0%   100.0%   100.0%       0%/100%/0%    1.950    0.053     0.0%     0.0%   0.3920   0.0023     6.0%
   246     2.3s    0.0194    75.0%    75.0%    98.7%        0%/98%/1%    1.961    0.057    25.0%     0.0%   0.4145   0.0015     5.2%
   247     2.5s    0.0188    80.0%    80.0%    94.5%        0%/99%/0%    1.894    0.040    20.0%     0.0%   0.4418   0.0161     5.1%
   248     2.1s    0.0258    90.0%    90.0%    92.7%       0%/100%/0%    1.817    0.071    10.0%     0.0%   0.4881   0.0058     4.6%
   249     2.3s    0.0169    75.0%    75.0%    96.6%       0%/100%/0%    1.971    0.057    25.0%     0.0%   0.5274   0.0066    10.1%
   250     2.3s    0.0255    95.0%    95.0%   100.0%        0%/99%/0%    1.905    0.039     5.0%     0.0%   0.4798   0.0038     4.6%
  [MA20] reward=0.0230 task_sr=84.2% miss=15.8% time_limit=0.0% v2v=0.2%
  [PPO ] p_loss=-0.0080 v_loss=1.1058 entropy=0.4798 grad=0.6180 active=45.7%
  [SIM ] avg_power(a)=0.3828 rsu_q=4.000 tx=255 no_tx=1 deadlock=0 svc=34.147GHz idle=10.7%
  → Best model saved: Success Rate = 0.801 (50-ep avg)
   251     2.2s    0.0282    95.0%    95.0%   100.0%       0%/100%/0%    1.880    0.045     5.0%     0.0%   0.4053   0.0098    10.2%
   252     2.4s    0.0185    85.0%    85.0%    93.7%       0%/100%/0%    1.994    0.085    15.0%     0.0%   0.5432   0.0056     4.3%
   253     2.2s    0.0308   100.0%   100.0%   100.0%       0%/100%/0%    1.930    0.042     0.0%     0.0%   0.5063   0.0020     1.5%
   254     2.7s    0.0209    95.0%    95.0%    96.9%        0%/99%/1%    2.016    0.038     5.0%     0.0%   0.5115   0.0087     2.1%
   255     2.6s    0.0140    75.0%    75.0%    88.6%        0%/99%/1%    1.980    0.069    25.0%     0.0%   0.5070   0.0053     1.1%
   256     2.1s    0.0293    90.0%    90.0%    94.5%        1%/98%/1%    1.733    0.047    10.0%     0.0%   0.5084  -0.0002     2.7%
   257     2.1s    0.0262    75.0%    75.0%    86.9%       0%/100%/0%    1.527    0.056    25.0%     0.0%   0.6058  -0.0028     2.3%
   258     2.1s    0.0272    90.0%    90.0%    98.7%        1%/99%/0%    1.863    0.047    10.0%     0.0%   0.6105   0.0081     5.9%
   259     2.2s    0.0242    85.0%    85.0%    96.3%       0%/100%/0%    1.817    0.051    15.0%     0.0%   0.5879   0.0137     3.9%
   260     2.2s    0.0186    80.0%    80.0%    92.8%        0%/99%/0%    1.918    0.082    20.0%     0.0%   0.5405  -0.0016     2.9%
  [MA20] reward=0.0229 task_sr=84.8% miss=15.2% time_limit=0.0% v2v=0.4%
  [PPO ] p_loss=0.0244 v_loss=1.4014 entropy=0.5405 grad=1.0910 active=40.6%
  [SIM ] avg_power(a)=0.3651 rsu_q=3.407 tx=218 no_tx=1 deadlock=0 svc=29.710GHz idle=14.8%
  → Best model saved: Success Rate = 0.832 (50-ep avg)

    Ep    Wall    R/step     T_SR     V_SR     S_SR            L/R/V   Lat(s)       En     Miss      Ill      Ent       KL     Clip
--------------------------------------------------------------------------------------------------------------------------------
   261     2.2s    0.0240    80.0%    80.0%    94.8%        0%/99%/1%    1.841    0.055    20.0%     0.0%   0.6092   0.0127     1.5%
   262     2.6s    0.0187    80.0%    80.0%    95.5%        2%/96%/1%    2.171    0.054    20.0%     0.0%   0.7510   0.0168     4.2%
   263     2.2s    0.0173    60.0%    60.0%    86.9%        2%/97%/1%    1.800    0.076    40.0%     0.0%   0.8000   0.0080     2.4%
   264     2.5s    0.0185    80.0%    80.0%    96.5%        5%/93%/1%    1.965    0.059    20.0%     0.0%   0.8292   0.0127     5.7%
   265     2.4s    0.0143    55.0%    55.0%    80.4%        2%/96%/2%    1.827    0.069    45.0%     0.0%   0.7195   0.0039     3.4%
   266     2.4s    0.0184    80.0%    80.0%    97.9%        3%/94%/3%    1.982    0.039    20.0%     0.0%   0.7065   0.0047     4.5%
   267     2.1s    0.0239    85.0%    85.0%    98.2%        2%/95%/3%    1.822    0.041    15.0%     0.0%   0.6760   0.0051     3.8%
   268     2.6s    0.0131    70.0%    70.0%    86.5%        7%/92%/1%    2.047    0.055    30.0%     0.0%   0.8988   0.0124     7.1%
   269     2.7s    0.0119    65.0%    65.0%    90.1%        8%/89%/3%    1.938    0.049    35.0%     0.0%   0.8144   0.0173     6.8%
   270     2.6s    0.0193    70.0%    70.0%    88.9%        5%/94%/2%    1.686    0.051    30.0%     0.0%   0.6466   0.0054     2.7%
  [MA20] reward=0.0209 task_sr=79.8% miss=20.2% time_limit=0.0% v2v=1.2%
  [PPO ] p_loss=-0.0260 v_loss=1.5447 entropy=0.6466 grad=0.4126 active=30.5%
  [SIM ] avg_power(a)=0.3523 rsu_q=1.625 tx=186 no_tx=9 deadlock=0 svc=21.491GHz idle=3.1%
   271     2.6s    0.0144    65.0%    65.0%    93.1%        5%/93%/2%    1.977    0.050    35.0%     0.0%   0.7015   0.0035     4.1%
   272     2.8s    0.0135    75.0%    75.0%    92.9%        6%/92%/3%    2.053    0.029    25.0%     0.0%   0.7831   0.0180     4.5%
   273     2.8s    0.0145    65.0%    65.0%    81.1%        4%/94%/1%    1.862    0.052    35.0%     0.0%   0.9568   0.0166     2.8%
   274     2.5s    0.0109    55.0%    55.0%    90.5%        8%/88%/4%    1.773    0.040    45.0%     0.0%   0.8457   0.0169     6.6%
   275     2.2s    0.0202    90.0%    90.0%    96.3%        8%/90%/2%    2.111    0.051    10.0%     0.0%   0.7972   0.0049     5.4%
   276     2.4s    0.0208    90.0%    90.0%    97.5%        5%/91%/4%    2.084    0.038    10.0%     0.0%   0.7523   0.0107     4.1%
   277     2.1s    0.0272    85.0%    85.0%    96.2%        6%/91%/3%    1.818    0.042    15.0%     0.0%   0.9791   0.0056     5.1%
   278     2.4s    0.0158    70.0%    70.0%    94.2%        8%/88%/4%    2.050    0.045    30.0%     0.0%   0.8720   0.0132     5.3%
   279     2.4s    0.0150    75.0%    75.0%    89.9%        7%/89%/4%    2.006    0.048    25.0%     0.0%   0.8577   0.0049     5.1%
   280     2.2s    0.0197    90.0%    90.0%    97.9%        3%/93%/3%    1.922    0.064    10.0%     0.0%   0.8444   0.0136     5.9%
  [MA20] reward=0.0176 task_sr=74.2% miss=25.7% time_limit=0.0% v2v=2.4%
  [PPO ] p_loss=-0.0254 v_loss=1.0305 entropy=0.8444 grad=0.5460 active=40.9%
  [SIM ] avg_power(a)=0.4030 rsu_q=3.310 tx=228 no_tx=8 deadlock=0 svc=29.773GHz idle=6.9%

    Ep    Wall    R/step     T_SR     V_SR     S_SR            L/R/V   Lat(s)       En     Miss      Ill      Ent       KL     Clip
--------------------------------------------------------------------------------------------------------------------------------
   281     2.5s    0.0181    85.0%    85.0%    90.3%        4%/94%/2%    1.871    0.047    15.0%     0.0%   0.7545   0.0172     4.5%
   282     2.5s    0.0151    60.0%    60.0%    86.2%        5%/93%/2%    2.031    0.072    40.0%     0.0%   0.8449   0.0122     7.1%
   283     2.5s    0.0175    75.0%    75.0%    92.4%        4%/94%/2%    1.920    0.061    25.0%     0.0%   0.9241   0.0110     4.8%
   284     2.3s    0.0205    85.0%    85.0%    95.7%        5%/93%/2%    1.989    0.071    15.0%     0.0%   0.9257  -0.0046     5.8%
   285     2.7s    0.0152    80.0%    80.0%    99.6%        9%/88%/3%    2.068    0.027    20.0%     0.0%   0.8164   0.0111     6.7%
   286     2.6s    0.0124    60.0%    60.0%    94.0%        6%/91%/3%    2.029    0.051    40.0%     0.0%   0.8131  -0.0078     9.9%
   287     2.1s    0.0264    95.0%    95.0%   100.0%        3%/96%/0%    1.870    0.052     5.0%     0.0%   0.7342   0.0017     3.5%
   288     2.2s    0.0303    90.0%    90.0%    98.8%        3%/97%/1%    1.800    0.048    10.0%     0.0%   0.7271   0.0076     7.1%
   289     2.4s    0.0168    85.0%    85.0%    97.6%        4%/94%/2%    2.133    0.060    15.0%     0.0%   0.7468   0.0024     6.1%
   290     2.6s    0.0137    70.0%    70.0%    91.7%        4%/94%/2%    1.986    0.063    30.0%     0.0%   0.8083   0.0175     8.3%
  [MA20] reward=0.0179 task_sr=77.2% miss=22.7% time_limit=0.0% v2v=2.6%
  [PPO ] p_loss=-0.0009 v_loss=1.1905 entropy=0.8083 grad=2.6673 active=33.9%
  [SIM ] avg_power(a)=0.4599 rsu_q=2.424 tx=215 no_tx=9 deadlock=0 svc=24.926GHz idle=6.1%
   291     2.2s    0.0229    70.0%    70.0%    91.9%        5%/94%/1%    1.833    0.081    30.0%     0.0%   0.7358   0.0195     7.0%
   292     2.4s    0.0242    95.0%    95.0%   100.0%        1%/99%/0%    1.970    0.049     5.0%     0.0%   0.6345   0.0018     5.2%
   293     2.5s    0.0161    65.0%    65.0%    90.6%        2%/97%/1%    1.906    0.086    35.0%     0.0%   0.6378   0.0104     4.3%
   294     2.0s    0.0302    90.0%    90.0%    99.1%        0%/99%/0%    1.800    0.052    10.0%     0.0%   0.5987   0.0064     1.5%
   295     2.2s    0.0223    80.0%    80.0%    91.4%        1%/99%/0%    1.769    0.044    20.0%     0.0%   0.7059   0.0090     3.3%
   296     2.4s    0.0177    75.0%    75.0%    97.2%        2%/96%/2%    2.029    0.048    25.0%     0.0%   0.8168   0.0054     5.2%
   297     2.3s    0.0277    85.0%    85.0%    96.5%        4%/95%/1%    1.776    0.046    15.0%     0.0%   0.7257   0.0032     2.2%
   298     2.2s    0.0180    60.0%    60.0%    89.0%        3%/96%/1%    1.869    0.077    40.0%     0.0%   0.7851   0.0076     2.6%
   299     2.6s    0.0137    60.0%    60.0%    88.6%        6%/91%/3%    1.883    0.046    40.0%     0.0%   1.0334   0.0013     4.3%
   300     2.7s    0.0130    70.0%    70.0%    90.5%        6%/90%/4%    2.171    0.058    30.0%     0.0%   0.8621   0.0024     4.4%
  [MA20] reward=0.0196 task_sr=76.7% miss=23.2% time_limit=0.0% v2v=1.7%
  [PPO ] p_loss=0.0145 v_loss=1.2580 entropy=0.8621 grad=0.4265 active=38.0%
  [SIM ] avg_power(a)=0.3924 rsu_q=2.625 tx=229 no_tx=14 deadlock=0 svc=26.191GHz idle=3.1%

    Ep    Wall    R/step     T_SR     V_SR     S_SR            L/R/V   Lat(s)       En     Miss      Ill      Ent       KL     Clip
--------------------------------------------------------------------------------------------------------------------------------
   301     2.7s    0.0149    65.0%    65.0%    91.5%        4%/93%/2%    1.815    0.046    35.0%     0.0%   0.9205   0.0008     3.6%
   302     2.3s    0.0218    80.0%    80.0%    94.5%        2%/96%/2%    1.976    0.067    20.0%     0.0%   0.8297   0.0032     1.7%
   303     2.6s    0.0178    85.0%    85.0%    97.3%        2%/97%/1%    1.800    0.068    15.0%     0.0%   0.8034   0.0070     1.9%
   304     2.5s    0.0194    80.0%    80.0%    90.4%        2%/95%/3%    1.925    0.069    20.0%     0.0%   0.8177   0.0101     2.6%
   305     2.8s    0.0131    80.0%    80.0%    91.0%        2%/93%/5%    2.031    0.052    20.0%     0.0%   0.7657   0.0072     4.5%
   306     2.3s    0.0194    80.0%    80.0%    98.8%        1%/96%/2%    2.050    0.036    20.0%     0.0%   0.7305   0.0069     2.3%
   307     2.3s    0.0212    85.0%    85.0%    95.5%        2%/97%/1%    1.906    0.065    15.0%     0.0%   0.7631   0.0087     1.7%
   308     2.5s    0.0199    80.0%    80.0%    96.1%        2%/94%/4%    1.829    0.049    20.0%     0.0%   0.7928  -0.0009     3.0%
   309     2.5s    0.0180    70.0%    70.0%    85.1%        1%/96%/3%    1.900    0.066    30.0%     0.0%   0.8192   0.0014     3.5%
   310     2.9s    0.0124    75.0%    75.0%    93.4%        3%/94%/3%    2.060    0.046    25.0%     0.0%   0.8670   0.0033     3.0%
  [MA20] reward=0.0192 task_sr=76.5% miss=23.5% time_limit=0.0% v2v=2.0%
  [PPO ] p_loss=-0.0031 v_loss=1.1246 entropy=0.8670 grad=1.2833 active=29.7%
  [SIM ] avg_power(a)=0.3803 rsu_q=1.949 tx=225 no_tx=7 deadlock=0 svc=21.676GHz idle=2.6%
   311     2.4s    0.0171    90.0%    90.0%    99.2%        3%/92%/4%    2.121    0.057    10.0%     0.0%   0.8972  -0.0044     3.0%
   312     2.9s    0.0110    60.0%    60.0%    94.5%        4%/91%/5%    2.057    0.044    40.0%     0.0%   1.0094   0.0088     4.8%
   313     2.9s    0.0114    60.0%    60.0%    90.7%       5%/84%/10%    1.817    0.040    40.0%     0.0%   1.1154   0.0118     4.1%
   314     3.6s    0.0046    35.0%    35.0%    86.2%       9%/76%/14%    2.144    0.042    65.0%     0.0%   1.1492   0.0205     7.9%
   315     3.0s    0.0043    35.0%    35.0%    84.1%       5%/84%/11%    2.300    0.048    65.0%     0.0%   1.0296   0.0148     6.3%
   316     2.2s    0.0195    75.0%    75.0%    98.7%        3%/92%/4%    2.018    0.031    25.0%     0.0%   0.9550   0.0021     2.6%
   317     2.8s    0.0071    40.0%    40.0%    81.4%        2%/90%/8%    2.244    0.078    60.0%     0.0%   0.9542   0.0121     5.9%
   318     2.4s    0.0189    85.0%    85.0%    96.7%        2%/95%/3%    2.059    0.057    15.0%     0.0%   0.7949  -0.0029     3.1%
   319     2.0s    0.0302    85.0%    85.0%    98.2%        3%/95%/2%    1.706    0.047    15.0%     0.0%   0.7600   0.0147     2.1%
   320     2.3s    0.0172    65.0%    65.0%    94.7%        2%/92%/6%    1.879    0.065    35.0%     0.0%   0.9990   0.0079     3.9%
  [MA20] reward=0.0159 task_sr=70.5% miss=29.5% time_limit=0.0% v2v=4.8%
  [PPO ] p_loss=-0.0102 v_loss=0.9166 entropy=0.9990 grad=0.6433 active=39.1%
  [SIM ] avg_power(a)=0.4014 rsu_q=2.679 tx=214 no_tx=5 deadlock=0 svc=25.928GHz idle=3.6%

    Ep    Wall    R/step     T_SR     V_SR     S_SR            L/R/V   Lat(s)       En     Miss      Ill      Ent       KL     Clip
--------------------------------------------------------------------------------------------------------------------------------
   321     2.2s    0.0225    85.0%    85.0%    98.7%        4%/90%/6%    1.972    0.057    15.0%     0.0%   0.9159   0.0143     3.9%
   322     2.3s    0.0250    85.0%    85.0%    96.3%        4%/89%/6%    1.782    0.029    15.0%     0.0%   0.9565   0.0049     4.2%
   323     2.9s    0.0078    55.0%    55.0%    88.5%        7%/86%/7%    2.282    0.052    45.0%     0.0%   0.9904   0.0067     4.6%
   324     2.5s    0.0109    50.0%    50.0%    92.6%        8%/87%/5%    2.050    0.054    50.0%     0.0%   0.9452   0.0121     5.3%
   325     3.0s    0.0102    65.0%    65.0%    92.7%        7%/89%/4%    2.162    0.055    35.0%     0.0%   0.8703   0.0130     4.7%
   326     2.4s    0.0143    70.0%    70.0%    94.0%        6%/92%/2%    2.113    0.053    30.0%     0.0%   0.8437   0.0059     4.3%
   327     2.2s    0.0295    85.0%    85.0%    98.2%        6%/92%/2%    1.744    0.041    15.0%     0.0%   0.7228   0.0041     2.7%
   328     2.6s    0.0154    70.0%    70.0%    93.7%        5%/91%/5%    1.900    0.040    30.0%     0.0%   0.7567   0.0125     4.5%
   329     2.1s    0.0230    75.0%    75.0%    96.0%        1%/97%/1%    1.824    0.073    25.0%     0.0%   0.7915   0.0020     1.0%
   330     2.2s    0.0238    85.0%    85.0%    97.5%        4%/95%/1%    1.972    0.062    15.0%     0.0%   0.8196   0.0075     2.5%
  [MA20] reward=0.0162 task_sr=67.8% miss=32.2% time_limit=0.0% v2v=5.5%
  [PPO ] p_loss=0.0002 v_loss=1.1421 entropy=0.8196 grad=0.9260 active=41.4%
  [SIM ] avg_power(a)=0.4133 rsu_q=3.250 tx=223 no_tx=9 deadlock=0 svc=32.630GHz idle=14.3%
   331     2.3s    0.0206    90.0%    90.0%    97.6%        3%/94%/3%    1.947    0.037    10.0%     0.0%   0.8170  -0.0003     3.2%
   332     2.6s    0.0162    75.0%    75.0%    94.9%        4%/93%/4%    2.047    0.045    25.0%     0.0%   0.8297   0.0002     3.3%
   333     2.2s    0.0242    70.0%    70.0%    95.4%        3%/96%/1%    1.800    0.064    30.0%     0.0%   0.7205  -0.0024     1.8%
   334     2.5s    0.0173    70.0%    70.0%    92.8%        1%/98%/1%    2.044    0.069    30.0%     0.0%   0.7221   0.0091     1.7%
   335     2.7s    0.0143    65.0%    65.0%    80.5%        5%/93%/2%    1.831    0.046    35.0%     0.0%   0.7376   0.0022     3.9%
   336     2.2s    0.0233    75.0%    75.0%    90.1%        3%/95%/2%    1.781    0.055    25.0%     0.0%   0.8266   0.0072     2.7%
   337     2.0s    0.0275    95.0%    95.0%    98.7%        5%/92%/3%    1.947    0.048     5.0%     0.0%   0.7900  -0.0023     3.7%
   338     2.3s    0.0204    80.0%    80.0%    95.4%        3%/94%/3%    2.012    0.037    20.0%     0.0%   0.7741   0.0022     3.1%
   339     2.4s    0.0180    80.0%    80.0%    96.1%        3%/92%/5%    1.953    0.066    20.0%     0.0%   0.8077   0.0033     4.1%
   340     2.3s    0.0138    65.0%    65.0%    94.4%        3%/93%/4%    2.171    0.056    35.0%     0.0%   1.0079   0.0073     2.5%
  [MA20] reward=0.0189 task_sr=74.5% miss=25.5% time_limit=0.0% v2v=3.4%
  [PPO ] p_loss=-0.0074 v_loss=1.1532 entropy=1.0079 grad=1.0727 active=42.9%
  [SIM ] avg_power(a)=0.4214 rsu_q=2.714 tx=233 no_tx=7 deadlock=0 svc=29.405GHz idle=7.1%

    Ep    Wall    R/step     T_SR     V_SR     S_SR            L/R/V   Lat(s)       En     Miss      Ill      Ent       KL     Clip
--------------------------------------------------------------------------------------------------------------------------------
   341     2.3s    0.0163    65.0%    65.0%    97.5%        4%/90%/7%    2.056    0.062    35.0%     0.0%   0.9749   0.0146     4.3%
   342     9.2s    0.0018    40.0%    40.0%    87.1%        3%/90%/8%    2.027    0.012    60.0%     0.0%   1.0745   0.0084     5.4%
   343     2.7s    0.0141    75.0%    75.0%    96.4%        2%/91%/7%    1.913    0.031    25.0%     0.0%   0.9253   0.0065     3.3%
   344     2.6s    0.0139    60.0%    60.0%    85.5%        2%/94%/4%    1.883    0.074    40.0%     0.0%   0.9175  -0.0040     2.8%
   345     2.2s    0.0241    85.0%    85.0%    97.0%        2%/94%/4%    1.706    0.028    15.0%     0.0%   0.8622  -0.0028     3.2%
   346     2.3s    0.0204    75.0%    75.0%    91.9%        2%/94%/3%    1.963    0.065    25.0%     0.0%   0.9108   0.0030     3.7%
   347     2.6s    0.0167    80.0%    80.0%    94.5%        5%/92%/3%    1.969    0.056    20.0%     0.0%   1.0020   0.0007     4.0%
   348     2.5s    0.0073    45.0%    45.0%    85.2%        4%/90%/6%    2.280    0.115    55.0%     0.0%   1.0358   0.0022     4.4%
   349     2.9s    0.0110    65.0%    65.0%    91.1%        5%/88%/7%    2.057    0.036    35.0%     0.0%   0.9768  -0.0023     3.2%
   350     2.0s    0.0208    85.0%    85.0%    99.5%        2%/94%/4%    1.868    0.062    15.0%     0.0%   0.8284  -0.0025     3.4%
  [MA20] reward=0.0171 task_sr=72.0% miss=28.0% time_limit=0.0% v2v=3.9%
  [PPO ] p_loss=-0.0015 v_loss=1.5519 entropy=0.8284 grad=3.3238 active=37.6%
  [SIM ] avg_power(a)=0.4587 rsu_q=3.185 tx=197 no_tx=4 deadlock=0 svc=25.983GHz idle=3.7%
   351     2.6s    0.0148    70.0%    70.0%    92.7%        4%/94%/3%    1.886    0.043    30.0%     0.0%   1.0079  -0.0016     2.5%
   352     2.6s    0.0187    80.0%    80.0%    95.1%        3%/92%/4%    1.841    0.034    20.0%     0.0%   0.9195   0.0139     3.3%
   353     2.2s    0.0280    90.0%    90.0%    97.9%        4%/93%/3%    1.863    0.044    10.0%     0.0%   0.8869   0.0080     3.0%
   354     2.9s    0.0142    75.0%    75.0%    95.1%        3%/93%/5%    2.135    0.040    25.0%     0.0%   1.0288   0.0141     2.8%
   355     2.4s    0.0129    50.0%    50.0%    85.5%        6%/87%/7%    1.810    0.057    50.0%     0.0%   1.0341  -0.0026     4.7%
   356     2.8s    0.0146    80.0%    80.0%    96.4%        6%/87%/6%    2.006    0.049    20.0%     0.0%   1.0138  -0.0057     3.9%
   357     2.7s    0.0109    65.0%    65.0%    93.4%        8%/87%/4%    2.336    0.047    35.0%     0.0%   1.0509   0.0109     4.9%
   358     2.3s    0.0213    75.0%    75.0%    92.6%        6%/89%/5%    1.794    0.044    25.0%     0.0%   1.0359   0.0099     3.9%
   359     2.7s    0.0076    45.0%    45.0%    90.7%        7%/87%/6%    2.255    0.073    55.0%     0.0%   1.1665  -0.0071     5.9%
   360     2.9s    0.0047    40.0%    40.0%    85.7%        9%/83%/8%    2.333    0.057    60.0%     0.0%   1.1301   0.0180     8.0%
  [MA20] reward=0.0147 task_sr=67.2% miss=32.8% time_limit=0.0% v2v=5.1%
  [PPO ] p_loss=0.0437 v_loss=1.6130 entropy=1.1301 grad=2.7869 active=30.6%
  [SIM ] avg_power(a)=0.4071 rsu_q=2.143 tx=194 no_tx=20 deadlock=0 svc=22.286GHz idle=2.9%

    Ep    Wall    R/step     T_SR     V_SR     S_SR            L/R/V   Lat(s)       En     Miss      Ill      Ent       KL     Clip
--------------------------------------------------------------------------------------------------------------------------------
   361     2.7s    0.0149    80.0%    80.0%    97.3%        6%/87%/7%    2.125    0.037    20.0%     0.0%   1.0627   0.0019     4.1%
   362     2.4s    0.0181    90.0%    90.0%   100.0%        5%/85%/9%    2.005    0.026    10.0%     0.0%   1.0040   0.0087     5.9%
   363     2.8s    0.0105    50.0%    50.0%    83.4%       3%/85%/12%    1.964    0.051    50.0%     0.0%   1.2202  -0.0029     5.3%
   364     2.8s    0.0120    70.0%    70.0%    95.0%       3%/80%/17%    2.100    0.023    30.0%     0.0%   1.1632   0.0069     6.5%
   365     2.7s    0.0117    65.0%    65.0%    95.3%       5%/81%/14%    1.873    0.029    35.0%     0.0%   1.2697  -0.0041     6.5%
   366     3.5s    0.0037    30.0%    30.0%    81.7%       8%/75%/17%    2.100    0.024    70.0%     0.0%   1.3594   0.0126     7.6%
   367     3.0s    0.0057    40.0%    40.0%    88.1%       7%/82%/11%    2.370    0.042    60.0%     0.0%   1.1595   0.0134     4.4%
   368     2.8s    0.0064    45.0%    45.0%    90.0%       6%/79%/15%    2.200    0.033    55.0%     0.0%   1.3060   0.0036     5.0%
   369     3.4s    0.0028    25.0%    25.0%    82.7%       9%/71%/20%    2.414    0.026    75.0%     0.0%   1.3609   0.0015     6.3%
   370     2.6s    0.0161    75.0%    75.0%    96.1%       5%/79%/16%    2.007    0.029    25.0%     0.0%   1.3427   0.0035     4.6%
  [MA20] reward=0.0125 task_sr=62.0% miss=38.0% time_limit=0.0% v2v=9.4%
  [PPO ] p_loss=-0.0011 v_loss=1.5988 entropy=1.3427 grad=1.3647 active=36.6%
  [SIM ] avg_power(a)=0.3738 rsu_q=1.355 tx=215 no_tx=11 deadlock=0 svc=26.342GHz idle=6.5%
   371     2.9s    0.0074    45.0%    45.0%    90.9%       8%/79%/14%    2.330    0.025    55.0%     0.0%   1.4141   0.0197     6.0%
  [LateGuard] restore best_model at ep371 (drop=0.194, freeze=False)
   372     2.4s    0.0150    60.0%    60.0%    92.6%        4%/94%/1%    1.843    0.076    40.0%     0.0%   0.6325   0.0035     5.2%
   373     2.2s    0.0264    85.0%    85.0%    95.4%        0%/99%/1%    1.779    0.063    15.0%     0.0%   0.4940   0.0011     4.6%
   374     2.3s    0.0259    95.0%    95.0%    95.5%        1%/99%/0%    1.858    0.062     5.0%     0.0%   0.5317  -0.0039     1.6%
   375     2.5s    0.0148    75.0%    75.0%    95.1%       0%/100%/0%    2.080    0.070    25.0%     0.0%   0.6279  -0.0005     1.9%
   376     2.0s    0.0268    85.0%    85.0%    95.0%       0%/100%/0%    1.735    0.067    15.0%     0.0%   0.5356  -0.0001     1.4%
   377     2.4s    0.0167    70.0%    70.0%    96.7%        0%/99%/1%    1.969    0.073    30.0%     0.0%   0.6262   0.0057     2.6%
   378     2.0s    0.0323   100.0%   100.0%   100.0%        1%/98%/1%    1.740    0.044     0.0%     0.0%   0.5416   0.0110     1.3%
   379     2.3s    0.0235    85.0%    85.0%    95.2%        0%/99%/0%    1.882    0.072    15.0%     0.0%   0.6177   0.0073     1.9%
   380     2.3s    0.0216    85.0%    85.0%    95.6%        1%/98%/1%    1.929    0.059    15.0%     0.0%   0.6426   0.0054     2.9%
  [MA20] reward=0.0156 task_sr=67.8% miss=32.2% time_limit=0.0% v2v=7.9%
  [PPO ] p_loss=-0.0094 v_loss=3.1268 entropy=0.6426 grad=2.8116 active=39.5%
  [SIM ] avg_power(a)=0.3747 rsu_q=2.400 tx=234 no_tx=3 deadlock=0 svc=28.630GHz idle=6.7%

    Ep    Wall    R/step     T_SR     V_SR     S_SR            L/R/V   Lat(s)       En     Miss      Ill      Ent       KL     Clip
--------------------------------------------------------------------------------------------------------------------------------
   381     2.6s    0.0219    90.0%    90.0%    96.9%        1%/98%/1%    2.022    0.047    10.0%     0.0%   0.5583   0.0040     1.7%
   382     1.9s    0.0341    90.0%    90.0%    96.6%       0%/100%/0%    1.728    0.061    10.0%     0.0%   0.5626   0.0040     0.7%
   383     2.6s    0.0191    85.0%    85.0%    95.5%        1%/98%/1%    1.950    0.053    15.0%     0.0%   0.6162   0.0075     0.8%
   384     2.4s    0.0174    70.0%    70.0%    88.9%        1%/99%/0%    1.914    0.069    30.0%     0.0%   0.7130   0.0037     0.9%
   385     2.8s    0.0173    85.0%    85.0%    96.5%        2%/98%/1%    2.024    0.071    15.0%     0.0%   0.7111  -0.0003     2.4%
   386     2.4s    0.0173    80.0%    80.0%    95.9%        1%/97%/2%    1.963    0.060    20.0%     0.0%   0.6935   0.0102     2.2%
  [LateGuard] restore best_model at ep386 (drop=0.157, freeze=False)
   387     2.7s    0.0188    90.0%    90.0%    98.5%        3%/95%/2%    1.983    0.034    10.0%     0.0%   0.6629   0.0161     4.2%
   388     2.4s    0.0186    75.0%    75.0%    91.2%        3%/96%/0%    1.907    0.074    25.0%     0.0%   0.6055   0.0132     3.3%
   389     2.2s    0.0268   100.0%   100.0%   100.0%        2%/97%/0%    1.795    0.044     0.0%     0.0%   0.5836   0.0044     3.5%
   390     2.6s    0.0184    80.0%    80.0%    92.5%        1%/98%/0%    1.906    0.038    20.0%     0.0%   0.6897   0.0095     3.2%
  [MA20] reward=0.0210 task_sr=81.5% miss=18.5% time_limit=0.0% v2v=1.4%
  [PPO ] p_loss=0.0036 v_loss=0.8251 entropy=0.6897 grad=0.6356 active=35.5%
  [SIM ] avg_power(a)=0.3869 rsu_q=2.424 tx=231 no_tx=3 deadlock=0 svc=28.567GHz idle=18.2%
   391     2.5s    0.0176    75.0%    75.0%    93.6%        4%/95%/2%    1.973    0.049    25.0%     0.0%   0.7272   0.0030     4.4%
   392     2.4s    0.0159    75.0%    75.0%    93.9%        3%/95%/2%    2.053    0.060    25.0%     0.0%   0.8368   0.0159     6.4%
   393     2.5s    0.0171    65.0%    65.0%    88.1%        4%/93%/3%    1.821    0.067    35.0%     0.0%   0.7655   0.0113     5.2%
   394     2.2s    0.0264    75.0%    75.0%    89.7%        4%/94%/2%    1.653    0.039    25.0%     0.0%   0.7708   0.0071     6.4%
   395     2.6s    0.0182    95.0%    95.0%    99.6%        2%/95%/3%    2.084    0.052     5.0%     0.0%   0.8054   0.0124     2.9%
   396     3.0s    0.0121    60.0%    60.0%    96.2%        7%/88%/5%    2.153    0.028    40.0%     0.0%   0.8613   0.0064     5.6%
   397     2.5s    0.0149    65.0%    65.0%    92.4%        4%/92%/5%    1.971    0.056    35.0%     0.0%   0.7702   0.0207     6.6%
   398     2.3s    0.0190    85.0%    85.0%    98.2%        6%/92%/2%    1.978    0.035    15.0%     0.0%   0.7783   0.0116     5.7%
   399     2.7s    0.0117    55.0%    55.0%    83.3%        8%/89%/3%    1.882    0.053    45.0%     0.0%   0.7605  -0.0042     6.6%
   400     2.8s    0.0155    65.0%    65.0%    86.2%        6%/92%/2%    1.962    0.054    35.0%     0.0%   0.6981   0.0225     5.5%
  [MA20] reward=0.0189 task_sr=78.0% miss=22.0% time_limit=0.0% v2v=1.8%
  [PPO ] p_loss=-0.0247 v_loss=1.4372 entropy=0.6981 grad=1.2676 active=34.3%
  [SIM ] avg_power(a)=0.4353 rsu_q=2.971 tx=219 no_tx=14 deadlock=0 svc=25.072GHz idle=2.9%

    Ep    Wall    R/step     T_SR     V_SR     S_SR            L/R/V   Lat(s)       En     Miss      Ill      Ent       KL     Clip
--------------------------------------------------------------------------------------------------------------------------------
   401     2.4s    0.0152    80.0%    80.0%    85.5%        6%/94%/0%    2.088    0.060    20.0%     0.0%   0.6686   0.0049     6.9%
   402     2.2s    0.0246    85.0%    85.0%    98.7%        3%/97%/1%    1.811    0.043    15.0%     0.0%   0.6352   0.0012     4.8%
   403     2.3s    0.0168    60.0%    60.0%    91.8%        3%/97%/0%    2.007    0.049    40.0%     0.0%   0.5694   0.0141     2.8%
   404     2.0s    0.0270    90.0%    90.0%    98.4%        2%/97%/1%    1.806    0.040    10.0%     0.0%   0.5714   0.0005     3.0%
   405     2.8s    0.0125    60.0%    60.0%    90.5%        1%/99%/0%    2.254    0.051    40.0%     0.0%   0.5872   0.0031     5.6%
   406     2.4s    0.0231    90.0%    90.0%    97.6%       0%/100%/0%    1.894    0.047    10.0%     0.0%   0.5470   0.0029     3.4%
   407     2.2s    0.0227    85.0%    85.0%    96.4%        2%/98%/0%    1.776    0.052    15.0%     0.0%   0.4973   0.0044     3.8%
   408     2.2s    0.0255    80.0%    80.0%    98.3%        1%/99%/0%    1.794    0.059    20.0%     0.0%   0.4932   0.0096     2.3%
   409     2.9s    0.0159    65.0%    65.0%    83.5%        0%/99%/0%    1.892    0.066    35.0%     0.0%   0.5403   0.0028     2.3%
   410     2.7s    0.0186    80.0%    80.0%    94.1%        2%/98%/0%    1.825    0.044    20.0%     0.0%   0.5619   0.0250     6.2%
  [MA20] reward=0.0185 task_sr=74.5% miss=25.5% time_limit=0.0% v2v=1.6%
  [PPO ] p_loss=-0.0121 v_loss=1.2945 entropy=0.5619 grad=47.5042 active=32.7%
  [SIM ] avg_power(a)=0.4390 rsu_q=2.297 tx=236 no_tx=5 deadlock=0 svc=24.580GHz idle=8.1%
   411     2.5s    0.0191    75.0%    75.0%    94.5%        2%/97%/0%    1.933    0.051    25.0%     0.0%   0.5466  -0.0004     3.0%
   412     2.8s    0.0213    80.0%    80.0%    93.1%        1%/98%/0%    1.825    0.057    20.0%     0.0%   0.6202   0.0104     4.0%
   413     2.4s    0.0203    70.0%    70.0%    96.6%        3%/97%/0%    1.819    0.056    30.0%     0.0%   0.6256   0.0557    12.6%
   414     2.5s    0.0165    85.0%    85.0%    98.8%        2%/97%/0%    2.111    0.046    15.0%     0.0%   0.6237   0.0377    16.0%
   415     2.4s    0.0222    85.0%    85.0%    96.3%        4%/96%/0%    1.841    0.048    15.0%     0.0%   0.6385   0.0335    10.2%
   416     2.9s    0.0106    55.0%    55.0%    84.8%        5%/93%/2%    2.100    0.067    45.0%     0.0%   0.7639   0.0246    17.1%
   417     2.2s    0.0229    90.0%    90.0%    98.2%        4%/95%/0%    1.778    0.040    10.0%     0.0%   0.6377   0.0064     8.2%
   418     2.2s    0.0234    85.0%    85.0%    97.4%        1%/99%/0%    1.828    0.059    15.0%     0.0%   0.5179   0.0089     2.7%
   419     2.3s    0.0192    55.0%    55.0%    86.5%        2%/98%/0%    1.600    0.068    45.0%     0.0%   0.6000   0.0078     3.8%
   420     2.3s    0.0146    75.0%    75.0%    96.6%        1%/98%/1%    2.106    0.082    25.0%     0.0%   0.6002   0.0090     2.1%
  [MA20] reward=0.0196 task_sr=76.5% miss=23.5% time_limit=0.0% v2v=0.5%
  [PPO ] p_loss=-0.0177 v_loss=1.1264 entropy=0.6002 grad=1.4131 active=41.2%
  [SIM ] avg_power(a)=0.3859 rsu_q=5.321 tx=229 no_tx=2 deadlock=0 svc=29.862GHz idle=3.6%

    Ep    Wall    R/step     T_SR     V_SR     S_SR            L/R/V   Lat(s)       En     Miss      Ill      Ent       KL     Clip
--------------------------------------------------------------------------------------------------------------------------------
   421     2.5s    0.0211    90.0%    90.0%    95.6%        2%/97%/1%    1.756    0.053    10.0%     0.0%   0.6918   0.0173     4.9%
   422     2.1s    0.0262    95.0%    95.0%    99.6%        2%/98%/0%    1.868    0.055     5.0%     0.0%   0.7623   0.0089     4.2%
   423     2.5s    0.0189    80.0%    80.0%    95.6%        5%/93%/3%    1.856    0.048    20.0%     0.0%   0.8575   0.0107     4.6%
   424     2.5s    0.0104    50.0%    50.0%    79.3%        7%/91%/2%    2.150    0.083    50.0%     0.0%   0.9587   0.0018    10.3%
   425     2.4s    0.0180    80.0%    80.0%    95.5%        4%/89%/7%    1.959    0.080    20.0%     0.0%   0.9400   0.0167     6.0%
   426     3.2s    0.0068    45.0%    45.0%    87.6%        8%/87%/5%    2.150    0.078    55.0%     0.0%   1.0042   0.0056     4.7%
   427     2.8s    0.0124    80.0%    80.0%    94.9%        8%/88%/4%    2.056    0.059    20.0%     0.0%   0.9850   0.0064     6.0%
   428     2.9s    0.0139    75.0%    75.0%    96.8%        5%/88%/7%    2.147    0.031    25.0%     0.0%   0.9279   0.0097     8.6%
   429     2.6s    0.0135    80.0%    80.0%    93.9%        8%/87%/5%    2.265    0.063    20.0%     0.0%   0.8024   0.0100     5.9%
   430     2.7s    0.0112    70.0%    70.0%    93.8%        8%/89%/3%    2.129    0.057    30.0%     0.0%   0.8165   0.0205     9.0%
  [MA20] reward=0.0171 task_sr=75.0% miss=25.0% time_limit=0.0% v2v=2.2%
  [PPO ] p_loss=0.0039 v_loss=0.7922 entropy=0.8165 grad=0.7150 active=34.0%
  [SIM ] avg_power(a)=0.5709 rsu_q=2.441 tx=213 no_tx=18 deadlock=0 svc=24.141GHz idle=2.9%
   431     2.5s    0.0127    60.0%    60.0%    87.0%        4%/93%/3%    2.100    0.113    40.0%     0.0%   0.8956   0.0190     7.6%
   432     2.9s    0.0136    75.0%    75.0%    96.5%       10%/83%/8%    2.113    0.043    25.0%     0.0%   0.9906   0.0054     9.0%
   433     2.6s    0.0115    65.0%    65.0%    92.1%       12%/82%/6%    2.086    0.058    35.0%     0.0%   0.9749   0.0213     8.5%
   434     2.9s    0.0116    65.0%    65.0%    96.3%        5%/87%/8%    2.171    0.069    35.0%     0.0%   0.8818   0.0026     9.2%
   435     2.3s    0.0202    90.0%    90.0%    98.2%        8%/88%/3%    2.022    0.077    10.0%     0.0%   0.8003   0.0058     4.8%
   436     2.2s    0.0214    80.0%    80.0%    96.0%        5%/91%/4%    2.000    0.092    20.0%     0.0%   0.8347   0.0005     3.4%
   437     2.4s    0.0243    90.0%    90.0%    96.5%        5%/91%/4%    1.911    0.077    10.0%     0.0%   0.7875   0.0180     5.2%
   438     2.6s    0.0226    85.0%    85.0%    98.4%        4%/95%/2%    1.806    0.051    15.0%     0.0%   0.7747   0.0127     2.7%
   439     2.5s    0.0117    60.0%    60.0%    91.4%        5%/94%/1%    2.154    0.118    40.0%     0.0%   0.8622   0.0098     3.6%
   440     2.4s    0.0113    45.0%    45.0%    87.0%        2%/94%/3%    1.810    0.105    55.0%     0.0%   0.8663   0.0072     3.6%
  [MA20] reward=0.0157 task_sr=73.0% miss=27.0% time_limit=0.0% v2v=4.0%
  [PPO ] p_loss=0.0064 v_loss=1.1231 entropy=0.8663 grad=1.1637 active=34.0%
  [SIM ] avg_power(a)=0.5658 rsu_q=2.500 tx=198 no_tx=5 deadlock=0 svc=24.616GHz idle=3.3%

    Ep    Wall    R/step     T_SR     V_SR     S_SR            L/R/V   Lat(s)       En     Miss      Ill      Ent       KL     Clip
--------------------------------------------------------------------------------------------------------------------------------
   441     2.6s    0.0115    60.0%    60.0%    95.0%        9%/85%/7%    1.969    0.054    40.0%     0.0%   1.0462   0.0054     5.3%
   442     2.8s    0.0097    60.0%    60.0%    97.2%        6%/87%/7%    2.253    0.044    40.0%     0.0%   1.0409   0.0173     4.8%
   443     2.6s    0.0144    60.0%    60.0%    93.1%        5%/90%/5%    2.053    0.047    40.0%     0.0%   1.0336   0.0086     2.9%
   444     2.8s    0.0155    80.0%    80.0%    97.4%        4%/88%/8%    1.844    0.032    20.0%     0.0%   1.0743   0.0054     4.4%
   445    14.1s    0.0009    55.0%    55.0%    88.6%      12%/75%/13%    1.842    0.005    45.0%     0.0%   1.0985   0.0073     9.5%
   446     2.8s    0.0090    55.0%    55.0%    87.3%        6%/85%/9%    2.109    0.058    45.0%     0.0%   1.0671  -0.0168     5.3%
   447     2.7s    0.0134    70.0%    70.0%    94.9%        6%/85%/9%    1.914    0.051    30.0%     0.0%   0.9956   0.0040     6.2%
   448     3.2s    0.0102    65.0%    65.0%    92.2%       4%/86%/10%    2.169    0.060    35.0%     0.0%   1.0442   0.0036     8.0%
   449     2.5s    0.0196    85.0%    85.0%    98.0%        2%/90%/8%    2.106    0.043    15.0%     0.0%   0.8818   0.0115     5.1%
   450     2.1s    0.0256    90.0%    90.0%    99.2%        3%/94%/3%    1.921    0.047    10.0%     0.0%   0.7780   0.0082     4.6%
  [MA20] reward=0.0145 task_sr=69.8% miss=30.2% time_limit=5.0% v2v=6.0%
  [PPO ] p_loss=1.48e-05 v_loss=0.9797 entropy=0.7780 grad=0.7280 active=44.1%
  [SIM ] avg_power(a)=0.4931 rsu_q=4.185 tx=231 no_tx=7 deadlock=0 svc=33.382GHz idle=14.8%
   451     2.7s    0.0117    55.0%    55.0%    87.7%        2%/93%/5%    2.033    0.078    45.0%     0.0%   1.0125   0.0121     4.6%
   452     2.5s    0.0162    65.0%    65.0%    89.7%        1%/91%/8%    1.992    0.085    35.0%     0.0%   1.0392   0.0057     4.3%
   453     2.6s    0.0128    80.0%    80.0%    98.2%       1%/87%/12%    2.100    0.041    20.0%     0.0%   0.9931   0.0096     3.5%
   454     2.5s    0.0128    70.0%    70.0%    97.1%       2%/87%/12%    2.119    0.069    30.0%     0.0%   1.0137   0.0056     5.1%
   455     3.0s    0.0085    60.0%    60.0%    91.5%        2%/93%/6%    2.169    0.050    40.0%     0.0%   0.9527  -0.0045     4.7%
   456     2.4s    0.0179    75.0%    75.0%    97.6%        0%/96%/4%    1.994    0.081    25.0%     0.0%   0.7718   0.0130     3.2%
   457     2.7s    0.0148    65.0%    65.0%    88.4%        2%/96%/2%    1.973    0.077    35.0%     0.0%   0.7933   0.0043     2.0%
   458     2.2s    0.0192    80.0%    80.0%    97.0%        1%/95%/4%    1.819    0.076    20.0%     0.0%   0.7624  -0.0005     2.7%
   459     2.5s    0.0190    75.0%    75.0%    94.7%        1%/96%/3%    1.840    0.083    25.0%     0.0%   0.7484   0.0056     4.2%
   460     2.3s    0.0168    65.0%    65.0%    88.5%        0%/97%/3%    1.993    0.107    35.0%     0.0%   0.7010   0.0123     3.1%
  [MA20] reward=0.0140 task_sr=68.5% miss=31.5% time_limit=5.0% v2v=6.9%
  [PPO ] p_loss=-0.0021 v_loss=0.9732 entropy=0.7010 grad=0.7296 active=38.0%
  [SIM ] avg_power(a)=0.5650 rsu_q=2.929 tx=212 no_tx=0 deadlock=0 svc=26.345GHz idle=3.6%

    Ep    Wall    R/step     T_SR     V_SR     S_SR            L/R/V   Lat(s)       En     Miss      Ill      Ent       KL     Clip
--------------------------------------------------------------------------------------------------------------------------------
   461     2.4s    0.0199    80.0%    80.0%    92.6%        0%/96%/4%    1.944    0.100    20.0%     0.0%   0.7847  -0.0001     2.3%
   462     2.7s    0.0132    60.0%    60.0%    93.4%        1%/93%/6%    1.993    0.085    40.0%     0.0%   0.7207   0.0030     3.0%
   463     2.5s    0.0166    75.0%    75.0%    95.1%        0%/97%/3%    2.060    0.078    25.0%     0.0%   0.7938   0.0043     3.7%
   464     2.4s    0.0234   100.0%   100.0%   100.0%        0%/96%/4%    1.980    0.070     0.0%     0.0%   0.5657   0.0051     2.7%
   465     2.8s    0.0146    60.0%    60.0%    87.7%        0%/98%/2%    1.815    0.090    40.0%     0.0%   0.6105   0.0058     1.5%
   466     2.3s    0.0237    85.0%    85.0%    97.3%       0%/100%/0%    1.828    0.067    15.0%     0.0%   0.5203   0.0064     1.6%
   467     2.4s    0.0182    55.0%    55.0%    70.6%        0%/99%/1%    1.673    0.109    45.0%     0.0%   0.6357   0.0080     2.1%
   468     2.2s    0.0187    80.0%    80.0%    92.2%        0%/99%/1%    2.000    0.112    20.0%     0.0%   0.6242  -0.0025     0.5%
   469     2.1s    0.0312   100.0%   100.0%   100.0%        0%/98%/2%    1.965    0.051     0.0%     0.0%   0.5296   0.0040     1.9%
   470     2.9s    0.0172    80.0%    80.0%    95.6%        0%/98%/2%    1.969    0.085    20.0%     0.0%   0.5617   0.0100     4.0%
  [MA20] reward=0.0173 task_sr=73.3% miss=26.8% time_limit=0.0% v2v=4.2%
  [PPO ] p_loss=0.0186 v_loss=1.1092 entropy=0.5617 grad=0.7206 active=35.4%
  [SIM ] avg_power(a)=0.5243 rsu_q=2.647 tx=240 no_tx=1 deadlock=0 svc=27.234GHz idle=11.8%
   471     2.1s    0.0201    75.0%    75.0%    93.4%        0%/99%/1%    2.013    0.095    25.0%     0.0%   0.5696   0.0114     3.4%
   472     2.5s    0.0210    80.0%    80.0%   100.0%        0%/99%/1%    1.975    0.063    20.0%     0.0%   0.5383  -0.0009     2.8%
   473     2.3s    0.0240    80.0%    80.0%    98.8%       0%/100%/0%    1.856    0.074    20.0%     0.0%   0.5513   0.0037     1.8%
   474     2.5s    0.0176    65.0%    65.0%    90.5%        1%/98%/1%    1.786    0.075    35.0%     0.0%   0.6302   0.0106     5.1%
   475     2.3s    0.0207    80.0%    80.0%    95.5%        0%/99%/1%    1.976    0.071    20.0%     0.0%   0.5832   0.0035     1.9%
   476     2.6s    0.0158    75.0%    75.0%    95.1%        0%/99%/0%    1.850    0.060    25.0%     0.0%   0.6178   0.0109     2.6%
   477     2.3s    0.0248    80.0%    80.0%    92.3%       0%/100%/0%    1.906    0.079    20.0%     0.0%   0.5854  -0.0010     2.3%
   478     2.3s    0.0288    90.0%    90.0%    97.6%       0%/100%/0%    1.767    0.057    10.0%     0.0%   0.5648   0.0041     3.5%
   479     2.2s    0.0216    85.0%    85.0%    91.3%        0%/99%/0%    1.924    0.074    15.0%     0.0%   0.5620   0.0128     2.1%
   480     2.6s    0.0199    75.0%    75.0%    93.7%        1%/97%/2%    1.967    0.074    25.0%     0.0%   0.5366   0.0011     1.8%
  [MA20] reward=0.0206 task_sr=78.0% miss=22.0% time_limit=0.0% v2v=1.6%
  [PPO ] p_loss=-0.0245 v_loss=1.1597 entropy=0.5366 grad=0.2995 active=38.2%
  [SIM ] avg_power(a)=0.4823 rsu_q=3.033 tx=227 no_tx=2 deadlock=0 svc=29.248GHz idle=13.3%

    Ep    Wall    R/step     T_SR     V_SR     S_SR            L/R/V   Lat(s)       En     Miss      Ill      Ent       KL     Clip
--------------------------------------------------------------------------------------------------------------------------------
   481     2.4s    0.0188    60.0%    60.0%    92.3%        0%/98%/1%    1.823    0.109    40.0%     0.0%   0.6040   0.0080     1.3%
   482     2.3s    0.0227    90.0%    90.0%    98.8%        0%/99%/1%    1.906    0.059    10.0%     0.0%   0.6689   0.0040     1.2%
   483     2.6s    0.0141    65.0%    65.0%    89.2%        1%/97%/2%    2.007    0.101    35.0%     0.0%   0.7131   0.0073     1.5%
   484     3.0s    0.0075    45.0%    45.0%    84.1%        1%/95%/4%    2.120    0.122    55.0%     0.0%   0.8851   0.0087     4.0%
   485     3.0s    0.0098    65.0%    65.0%    85.1%        1%/94%/5%    2.192    0.087    35.0%     0.0%   0.8803   0.0051     4.0%
   486     2.4s    0.0235    95.0%    95.0%    98.2%        2%/95%/4%    1.821    0.059     5.0%     0.0%   0.8306   0.0067     3.5%
   487     2.8s    0.0170    75.0%    75.0%    89.4%        3%/92%/5%    1.881    0.054    25.0%     0.0%   0.9379   0.0053     4.0%
   488     2.4s    0.0231    80.0%    80.0%    98.0%        1%/94%/5%    1.929    0.043    20.0%     0.0%   0.8991   0.0094     2.7%
   489     3.0s    0.0111    70.0%    70.0%    96.9%        5%/87%/8%    2.063    0.058    30.0%     0.0%   0.8714   0.0111     5.9%
   490     2.8s    0.0122    75.0%    75.0%    95.3%        3%/94%/3%    2.107    0.056    25.0%     0.0%   0.8997  -0.0069     2.3%
  [MA20] reward=0.0187 task_sr=75.2% miss=24.8% time_limit=0.0% v2v=2.2%
  [PPO ] p_loss=0.0033 v_loss=1.8567 entropy=0.8997 grad=1.1099 active=33.2%
  [SIM ] avg_power(a)=0.4972 rsu_q=3.941 tx=220 no_tx=6 deadlock=0 svc=24.290GHz idle=2.9%
   491     2.3s    0.0176    85.0%    85.0%    97.0%        2%/96%/3%    2.100    0.094    15.0%     0.0%   0.8369   0.0105     2.3%
   492     2.2s    0.0232    85.0%    85.0%    97.7%        3%/91%/6%    1.882    0.051    15.0%     0.0%   0.8829  -0.0014     3.5%
   493     3.5s    0.0118    70.0%    70.0%    94.6%        3%/94%/4%    1.986    0.031    30.0%     0.0%   0.8159   0.0075     3.4%
   494     2.7s    0.0112    50.0%    50.0%    88.5%        2%/95%/3%    2.064    0.065    50.0%     0.0%   0.8961   0.0185     4.2%
   495     2.7s    0.0095    45.0%    45.0%    81.1%        1%/94%/5%    2.040    0.102    55.0%     0.0%   0.9432   0.0041     3.5%
   496     2.5s    0.0166    80.0%    80.0%    92.2%        3%/94%/3%    2.163    0.061    20.0%     0.0%   0.9246   0.0074     3.6%
   497     2.9s    0.0112    55.0%    55.0%    69.8%        2%/96%/2%    2.067    0.122    45.0%     0.0%   0.9365   0.0071     2.9%
   498     2.5s    0.0193    90.0%    90.0%    98.0%        1%/95%/4%    2.037    0.047    10.0%     0.0%   0.7885   0.0037     2.4%
   499     2.9s    0.0118    60.0%    60.0%    85.9%        4%/93%/3%    2.069    0.066    40.0%     0.0%   0.8218   0.0080     4.6%
   500     2.6s    0.0160    75.0%    75.0%    95.1%        1%/95%/4%    1.988    0.067    25.0%     0.0%   0.7857   0.0069     3.5%
  [MA20] reward=0.0154 task_sr=70.8% miss=29.3% time_limit=0.0% v2v=3.7%
  [PPO ] p_loss=0.0033 v_loss=1.6263 entropy=0.7857 grad=5.4815 active=34.8%
  [SIM ] avg_power(a)=0.4789 rsu_q=3.161 tx=213 no_tx=2 deadlock=0 svc=28.184GHz idle=19.4%

    Ep    Wall    R/step     T_SR     V_SR     S_SR            L/R/V   Lat(s)       En     Miss      Ill      Ent       KL     Clip
--------------------------------------------------------------------------------------------------------------------------------
   501     2.4s    0.0173    75.0%    75.0%    92.4%        2%/95%/4%    1.973    0.049    25.0%     0.0%   0.7599  -0.0019     3.6%
   502     2.7s    0.0215    80.0%    80.0%    99.2%        1%/94%/5%    2.079    0.040    20.0%     0.0%   0.7325  -0.0042     2.7%
   503     2.5s    0.0144    65.0%    65.0%    87.8%        2%/95%/2%    2.046    0.085    35.0%     0.0%   0.8494   0.0102     2.7%
   504     3.1s    0.0121    70.0%    70.0%    95.1%        2%/93%/5%    2.273    0.039    30.0%     0.0%   0.8814   0.0085     3.2%
   505     2.3s    0.0231    80.0%    80.0%    89.1%        1%/94%/5%    1.756    0.068    20.0%     0.0%   0.8954   0.0022     2.3%
   506     2.9s    0.0090    55.0%    55.0%    90.2%        5%/87%/8%    2.250    0.051    45.0%     0.0%   0.9282   0.0026     5.1%
   507     3.0s    0.0106    55.0%    55.0%    88.5%        1%/94%/5%    2.045    0.090    45.0%     0.0%   0.9105   0.0053     3.6%
   508     2.6s    0.0176    75.0%    75.0%    93.5%        4%/92%/4%    2.047    0.059    25.0%     0.0%   0.8716   0.0115     3.0%
   509     2.8s    0.0116    55.0%    55.0%    89.4%        5%/91%/3%    2.186    0.092    45.0%     0.0%   0.9024   0.0124     2.4%
   510     2.1s    0.0241    85.0%    85.0%    94.4%        2%/95%/3%    1.900    0.073    15.0%     0.0%   0.8569   0.0014     1.2%
  [MA20] reward=0.0155 task_sr=69.5% miss=30.5% time_limit=0.0% v2v=4.0%
  [PPO ] p_loss=0.0339 v_loss=1.0760 entropy=0.8569 grad=5.8107 active=46.5%
  [SIM ] avg_power(a)=0.4724 rsu_q=3.667 tx=218 no_tx=5 deadlock=0 svc=32.825GHz idle=4.2%
   511     2.6s    0.0131    55.0%    55.0%    84.7%        5%/93%/3%    1.992    0.073    45.0%     0.0%   0.9278   0.0080     2.5%
   512     2.6s    0.0216    90.0%    90.0%    99.2%        2%/92%/6%    1.817    0.037    10.0%     0.0%   0.7974   0.0004     2.9%
   513     2.9s    0.0134    70.0%    70.0%    94.4%        2%/92%/6%    1.886    0.057    30.0%     0.0%   0.8341   0.0011     4.4%
   514     2.5s    0.0218    95.0%    95.0%    97.8%        3%/95%/1%    1.789    0.050     5.0%     0.0%   0.7770   0.0091     3.1%
   515     2.9s    0.0165    55.0%    55.0%    82.5%        1%/95%/4%    1.545    0.085    45.0%     0.0%   0.8553   0.0059     2.3%
   516     2.6s    0.0143    60.0%    60.0%    86.0%        4%/93%/3%    1.758    0.071    40.0%     0.0%   0.7693   0.0128     6.1%
   517     2.2s    0.0225    85.0%    85.0%    97.7%        1%/97%/2%    1.894    0.092    15.0%     0.0%   0.5832  -0.0009     1.7%
   518     2.4s    0.0208    75.0%    75.0%    90.1%        1%/97%/2%    1.787    0.065    25.0%     0.0%   0.7380   0.0133     4.3%
   519     2.4s    0.0275    95.0%    95.0%    99.6%        0%/98%/2%    1.911    0.071     5.0%     0.0%   0.6157   0.0007     1.1%
   520     2.6s    0.0217    85.0%    85.0%    97.2%        1%/97%/2%    2.011    0.059    15.0%     0.0%   0.6121   0.0001     2.1%
  [MA20] reward=0.0177 task_sr=73.0% miss=27.0% time_limit=0.0% v2v=3.8%
  [PPO ] p_loss=-0.0057 v_loss=1.1175 entropy=0.6121 grad=4.4120 active=38.9%
  [SIM ] avg_power(a)=0.4773 rsu_q=3.452 tx=239 no_tx=2 deadlock=0 svc=32.483GHz idle=16.1%

    Ep    Wall    R/step     T_SR     V_SR     S_SR            L/R/V   Lat(s)       En     Miss      Ill      Ent       KL     Clip
--------------------------------------------------------------------------------------------------------------------------------
   521     2.1s    0.0245    85.0%    85.0%    93.1%        1%/98%/1%    1.876    0.081    15.0%     0.0%   0.6338   0.0048     2.2%
   522     1.9s    0.0318    95.0%    95.0%    98.3%       0%/100%/0%    1.837    0.068     5.0%     0.0%   0.6190  -0.0014     2.0%
   523     2.4s    0.0218    95.0%    95.0%    98.4%        0%/98%/1%    1.895    0.065     5.0%     0.0%   0.6176   0.0013     1.0%
   524     1.9s    0.0304    90.0%    90.0%    95.1%        1%/97%/2%    1.639    0.082    10.0%     0.0%   0.5442   0.0065     1.2%
   525     2.2s    0.0277    95.0%    95.0%    98.8%        1%/97%/2%    1.942    0.062     5.0%     0.0%   0.5858   0.0009     1.3%
   526     2.2s    0.0195    75.0%    75.0%    91.7%        0%/99%/1%    1.807    0.076    25.0%     0.0%   0.6593   0.0133     1.8%
   527     2.5s    0.0184    70.0%    70.0%    93.7%        0%/99%/1%    2.056    0.076    30.0%     0.0%   0.6543   0.0110     2.4%
   528     2.5s    0.0183    70.0%    70.0%    93.8%        0%/98%/1%    1.847    0.067    30.0%     0.0%   0.6515  -0.0007     4.5%
   529     2.2s    0.0215    70.0%    70.0%    90.5%        0%/99%/1%    1.887    0.094    30.0%     0.0%   0.6649   0.0046     1.5%
   530     2.0s    0.0285    90.0%    90.0%    98.2%        1%/97%/2%    1.744    0.059    10.0%     0.0%   0.5976   0.0005     1.6%
  [MA20] reward=0.0218 task_sr=80.0% miss=20.0% time_limit=0.0% v2v=2.2%
  [PPO ] p_loss=0.0021 v_loss=1.2970 entropy=0.5976 grad=3.1557 active=42.9%
  [SIM ] avg_power(a)=0.4833 rsu_q=2.962 tx=221 no_tx=2 deadlock=0 svc=33.009GHz idle=19.2%
   531     2.4s    0.0204    80.0%    80.0%    92.5%        1%/97%/2%    1.969    0.063    20.0%     0.0%   0.6224   0.0075     3.0%
   532     2.6s    0.0210    85.0%    85.0%    97.3%       0%/100%/0%    1.853    0.047    15.0%     0.0%   0.6622   0.0080     2.2%
   533     2.5s    0.0200    95.0%    95.0%    98.3%        0%/98%/2%    1.879    0.062     5.0%     0.0%   0.5726  -0.0018     1.8%
   534     2.3s    0.0221    75.0%    75.0%    90.5%        0%/98%/1%    1.800    0.095    25.0%     0.0%   0.6306   0.0054     1.7%
   535     2.3s    0.0207    70.0%    70.0%    92.2%        0%/97%/2%    1.753    0.066    30.0%     0.0%   0.5646   0.0143     1.8%
   536     2.5s    0.0219    85.0%    85.0%    97.7%        0%/99%/1%    1.924    0.068    15.0%     0.0%   0.6059   0.0039     3.7%
   537     2.7s    0.0122    45.0%    45.0%    87.8%        0%/99%/1%    1.890    0.082    55.0%     0.0%   0.6204   0.0078     5.1%
   538     2.9s    0.0088    35.0%    35.0%    63.4%        0%/99%/1%    1.714    0.148    65.0%     0.0%   0.7001   0.0208     5.4%
   539     1.9s    0.0367    90.0%    90.0%    98.2%       0%/100%/0%    1.606    0.049    10.0%     0.0%   0.5056   0.0047     1.8%
   540     2.4s    0.0235    90.0%    90.0%   100.0%        0%/99%/1%    1.985    0.051    10.0%     0.0%   0.4957   0.0035     0.7%
  [MA20] reward=0.0225 task_sr=79.2% miss=20.7% time_limit=0.0% v2v=1.2%
  [PPO ] p_loss=-0.0103 v_loss=1.1142 entropy=0.4957 grad=1.0851 active=40.7%
  [SIM ] avg_power(a)=0.4518 rsu_q=5.167 tx=244 no_tx=0 deadlock=0 svc=37.583GHz idle=33.3%

    Ep    Wall    R/step     T_SR     V_SR     S_SR            L/R/V   Lat(s)       En     Miss      Ill      Ent       KL     Clip
--------------------------------------------------------------------------------------------------------------------------------
   541     2.9s    0.0133    55.0%    55.0%    84.0%        0%/99%/0%    1.875    0.094    45.0%     0.0%   0.6373   0.0025     1.2%
   542     2.3s    0.0266    95.0%    95.0%   100.0%       0%/100%/0%    1.865    0.049     5.0%     0.0%   0.5281  -0.0003     1.5%
   543     2.0s    0.0295    70.0%    70.0%    93.8%        0%/99%/1%    1.627    0.066    30.0%     0.0%   0.4890  -0.0031     1.2%
   544     2.4s    0.0208    95.0%    95.0%   100.0%       0%/100%/0%    2.020    0.065     5.0%     0.0%   0.4928   0.0028     1.2%
   545     2.2s    0.0256    95.0%    95.0%    99.1%       0%/100%/0%    1.853    0.056     5.0%     0.0%   0.5187   0.0089     2.4%
   546     2.3s    0.0188    90.0%    90.0%    98.4%       0%/100%/0%    1.932    0.055    10.0%     0.0%   0.5277  -0.0002     5.6%
   547     2.6s    0.0179    80.0%    80.0%    95.0%       0%/100%/0%    1.988    0.062    20.0%     0.0%   0.5000   0.0021     1.8%
   548     2.3s    0.0203    90.0%    90.0%    97.9%        0%/99%/1%    1.889    0.056    10.0%     0.0%   0.4815   0.0049     4.0%
   549     2.0s    0.0237    90.0%    90.0%    94.7%       0%/100%/0%    1.939    0.087    10.0%     0.0%   0.5205   0.0052     2.5%
   550     2.5s    0.0239    90.0%    90.0%    99.6%       0%/100%/0%    1.847    0.039    10.0%     0.0%   0.4811   0.0054     0.9%
  [MA20] reward=0.0214 task_sr=80.0% miss=20.0% time_limit=0.0% v2v=0.8%
  [PPO ] p_loss=-0.0061 v_loss=1.5179 entropy=0.4811 grad=1.8090 active=35.0%
  [SIM ] avg_power(a)=0.4589 rsu_q=3.441 tx=237 no_tx=1 deadlock=0 svc=30.800GHz idle=26.5%
   551     2.5s    0.0154    70.0%    70.0%    84.0%        0%/99%/1%    2.060    0.087    30.0%     0.0%   0.5685   0.0059     2.2%
   552     2.5s    0.0216    80.0%    80.0%    92.5%        0%/99%/1%    1.825    0.082    20.0%     0.0%   0.5413   0.0020     3.8%
   553     2.2s    0.0270    95.0%    95.0%    99.6%       0%/100%/0%    1.926    0.089     5.0%     0.0%   0.4857   0.0029     1.4%
   554     2.4s    0.0189    70.0%    70.0%    90.2%       0%/100%/0%    1.787    0.078    30.0%     0.0%   0.5859   0.0091     1.6%
   555     2.4s    0.0205    75.0%    75.0%    96.5%        0%/99%/0%    1.750    0.101    25.0%     0.0%   0.5517   0.0060     4.9%
   556     2.6s    0.0140    50.0%    50.0%    82.3%        0%/99%/1%    1.825    0.110    50.0%     0.0%   0.5801   0.0144     3.5%
   557     2.4s    0.0208    75.0%    75.0%    95.2%        0%/99%/1%    1.960    0.071    25.0%     0.0%   0.5567  -0.0028     2.3%
   558     2.0s    0.0323    90.0%    90.0%    94.2%        0%/99%/0%    1.733    0.058    10.0%     0.0%   0.4742  -0.0030     1.0%
   559     2.0s    0.0271    95.0%    95.0%    96.2%       0%/100%/0%    1.726    0.049     5.0%     0.0%   0.5283   0.0082     1.2%
   560     2.4s    0.0186    75.0%    75.0%    94.3%       0%/100%/0%    1.900    0.070    25.0%     0.0%   0.5708   0.0003     0.8%
  [MA20] reward=0.0218 task_sr=81.2% miss=18.8% time_limit=0.0% v2v=0.4%
  [PPO ] p_loss=-0.0185 v_loss=1.4453 entropy=0.5708 grad=0.8415 active=37.7%
  [SIM ] avg_power(a)=0.4479 rsu_q=2.871 tx=234 no_tx=0 deadlock=0 svc=29.788GHz idle=22.6%

    Ep    Wall    R/step     T_SR     V_SR     S_SR            L/R/V   Lat(s)       En     Miss      Ill      Ent       KL     Clip
--------------------------------------------------------------------------------------------------------------------------------
   561     2.4s    0.0182    75.0%    75.0%    92.7%       0%/100%/0%    1.753    0.077    25.0%     0.0%   0.5999   0.0063     2.1%
   562     2.5s    0.0227    85.0%    85.0%    93.8%       0%/100%/0%    1.659    0.048    15.0%     0.0%   0.6008   0.0068     1.6%
   563     2.6s    0.0192    85.0%    85.0%    97.4%       0%/100%/0%    1.811    0.068    15.0%     0.0%   0.5166   0.0056     0.9%
   564     2.6s    0.0173    70.0%    70.0%    86.9%       0%/100%/0%    1.933    0.079    30.0%     0.0%   0.6094  -0.0064     3.2%
   565     2.4s    0.0214    75.0%    75.0%    93.9%        0%/99%/1%    1.769    0.079    25.0%     0.0%   0.4854  -0.0011     1.5%
   566     2.2s    0.0191    65.0%    65.0%    93.3%       0%/100%/0%    1.860    0.109    35.0%     0.0%   0.6042   0.0114     2.6%
   567     2.6s    0.0206    75.0%    75.0%    88.7%       0%/100%/0%    1.753    0.095    25.0%     0.0%   0.5421   0.0025     5.4%
   568     2.2s    0.0205    75.0%    75.0%    84.9%        0%/99%/1%    1.813    0.068    25.0%     0.0%   0.5097   0.0077     6.1%
   569     2.2s    0.0215    85.0%    85.0%    97.6%        0%/99%/1%    2.000    0.064    15.0%     0.0%   0.5033   0.0116     3.0%
   570     2.2s    0.0271    85.0%    85.0%    96.9%       0%/100%/0%    1.878    0.081    15.0%     0.0%   0.4793   0.0006     1.5%
  [MA20] reward=0.0212 task_sr=77.5% miss=22.5% time_limit=0.0% v2v=0.4%
  [PPO ] p_loss=-0.0013 v_loss=1.1037 entropy=0.4793 grad=12.6008 active=41.9%
  [SIM ] avg_power(a)=0.4631 rsu_q=4.077 tx=218 no_tx=0 deadlock=0 svc=30.365GHz idle=7.7%
   571     2.2s    0.0271    85.0%    85.0%    97.0%        0%/99%/0%    1.818    0.058    15.0%     0.0%   0.4925   0.0100     6.3%
   572     2.7s    0.0143    70.0%    70.0%    93.4%       0%/100%/0%    2.200    0.067    30.0%     0.0%   0.4822   0.0177    10.5%
   573     2.6s    0.0213    75.0%    75.0%    90.7%       0%/100%/0%    1.825    0.081    25.0%     0.0%   0.5325   0.0118    11.6%
   574     1.9s    0.0285    80.0%    80.0%    97.8%        0%/99%/1%    1.724    0.056    20.0%     0.0%   0.5146   0.0040     9.0%
   575     2.3s    0.0252    95.0%    95.0%   100.0%        0%/99%/1%    1.985    0.048     5.0%     0.0%   0.5089   0.0125    11.9%
   576     2.1s    0.0240    90.0%    90.0%    99.2%       0%/100%/0%    1.983    0.097    10.0%     0.0%   0.5778   0.0212    10.0%
   577     2.4s    0.0244    90.0%    90.0%    97.6%        0%/99%/1%    1.900    0.067    10.0%     0.0%   0.5163   0.0098     9.3%
   578     2.3s    0.0220    75.0%    75.0%    89.8%        0%/99%/1%    1.956    0.078    25.0%     0.0%   0.5124   0.0159     8.8%
   579     2.4s    0.0200    85.0%    85.0%    98.4%       0%/100%/0%    1.900    0.064    15.0%     0.0%   0.5697   0.0076     8.0%
   580     2.3s    0.0182    85.0%    85.0%    96.7%        0%/99%/1%    1.929    0.085    15.0%     0.0%   0.5045   0.0119     6.3%
  [MA20] reward=0.0216 task_sr=80.2% miss=19.7% time_limit=0.0% v2v=0.5%
  [PPO ] p_loss=0.0154 v_loss=2.1286 entropy=0.5045 grad=6.2063 active=40.0%
  [SIM ] avg_power(a)=0.4451 rsu_q=5.103 tx=232 no_tx=0 deadlock=0 svc=34.241GHz idle=24.1%

    Ep    Wall    R/step     T_SR     V_SR     S_SR            L/R/V   Lat(s)       En     Miss      Ill      Ent       KL     Clip
--------------------------------------------------------------------------------------------------------------------------------
   581     2.2s    0.0237    80.0%    80.0%    94.3%        0%/99%/1%    1.839    0.068    20.0%     0.0%   0.4927   0.0288     9.1%
   582     2.4s    0.0200    75.0%    75.0%    88.9%       0%/100%/0%    1.813    0.065    25.0%     0.0%   0.5585   0.0119     3.5%
   583     2.3s    0.0274    85.0%    85.0%    96.8%       0%/100%/0%    1.722    0.049    15.0%     0.0%   0.5430   0.0123     3.8%
   584     2.5s    0.0157    80.0%    80.0%    93.5%       0%/100%/0%    2.106    0.077    20.0%     0.0%   0.4976   0.0134     2.1%
   585     2.1s    0.0209    70.0%    70.0%    89.7%        0%/99%/1%    1.920    0.080    30.0%     0.0%   0.5027  -0.0007     2.5%
   586     2.5s    0.0178    75.0%    75.0%    93.4%       0%/100%/0%    2.078    0.075    25.0%     0.0%   0.5299   0.0097     7.2%
   587     1.9s    0.0259    80.0%    80.0%    93.7%       0%/100%/0%    1.924    0.075    20.0%     0.0%   0.5264   0.0064     1.6%
   588     2.4s    0.0198    65.0%    65.0%    85.2%        1%/99%/0%    1.662    0.075    35.0%     0.0%   0.5956   0.0158     3.4%
   589     2.5s    0.0167    70.0%    70.0%    93.7%       0%/100%/0%    2.007    0.080    30.0%     0.0%   0.5965  -0.0062     4.9%
   590     2.2s    0.0273    75.0%    75.0%    89.9%       0%/100%/0%    1.681    0.085    25.0%     0.0%   0.5111   0.0069     1.1%
  [MA20] reward=0.0220 task_sr=79.2% miss=20.8% time_limit=0.0% v2v=0.4%
  [PPO ] p_loss=-0.0179 v_loss=1.1313 entropy=0.5111 grad=1.5910 active=43.2%
  [SIM ] avg_power(a)=0.4256 rsu_q=3.840 tx=215 no_tx=1 deadlock=0 svc=27.542GHz idle=4.0%
   591     2.5s    0.0200    80.0%    80.0%    96.6%       0%/100%/0%    1.888    0.058    20.0%     0.0%   0.5438   0.0100     4.4%
   592     2.4s    0.0222    70.0%    70.0%    93.4%       0%/100%/0%    1.913    0.077    30.0%     0.0%   0.5357 9.88e-05     1.0%
   593     2.0s    0.0327    90.0%    90.0%    97.4%       0%/100%/0%    1.650    0.045    10.0%     0.0%   0.5146   0.0033     1.8%
   594     2.4s    0.0229    80.0%    80.0%    94.8%       0%/100%/0%    1.833    0.055    20.0%     0.0%   0.4905  -0.0006     0.8%
   595     2.6s    0.0190    75.0%    75.0%    96.8%        0%/99%/1%    2.013    0.071    25.0%     0.0%   0.5189  -0.0008     3.7%
   596     2.2s    0.0309   100.0%   100.0%   100.0%       0%/100%/0%    1.800    0.053     0.0%     0.0%   0.5077  -0.0004     1.2%
   597     1.9s    0.0344   100.0%   100.0%   100.0%       0%/100%/0%    1.625    0.043     0.0%     0.0%   0.4892   0.0071     3.2%
   598     2.2s    0.0291    90.0%    90.0%    99.6%        0%/99%/1%    1.911    0.063    10.0%     0.0%   0.5007   0.0071     3.5%
   599     2.2s    0.0242    80.0%    80.0%    88.8%       0%/100%/0%    1.706    0.056    20.0%     0.0%   0.5013   0.0095     2.2%
   600     2.2s    0.0237    85.0%    85.0%    92.8%       0%/100%/0%    1.833    0.076    15.0%     0.0%   0.4922   0.0048     1.2%
  [MA20] reward=0.0237 task_sr=80.2% miss=19.8% time_limit=0.0% v2v=0.3%
  [PPO ] p_loss=-0.0082 v_loss=0.9831 entropy=0.4922 grad=4.1848 active=37.1%
  [SIM ] avg_power(a)=0.4223 rsu_q=3.643 tx=208 no_tx=0 deadlock=0 svc=29.182GHz idle=17.9%

    Ep    Wall    R/step     T_SR     V_SR     S_SR            L/R/V   Lat(s)       En     Miss      Ill      Ent       KL     Clip
--------------------------------------------------------------------------------------------------------------------------------
   601     2.1s    0.0290   100.0%   100.0%   100.0%       0%/100%/0%    1.860    0.077     0.0%     0.0%   0.4275   0.0076     2.3%
   602     2.4s    0.0220    75.0%    75.0%    95.7%        0%/99%/1%    1.820    0.075    25.0%     0.0%   0.5061   0.0049     1.6%
   603     2.2s    0.0201    75.0%    75.0%    90.9%        0%/99%/1%    1.929    0.088    25.0%     0.0%   0.5450   0.0119     2.8%
   604     2.5s    0.0236    85.0%    85.0%    90.9%       0%/100%/0%    1.800    0.048    15.0%     0.0%   0.5370  -0.0036     2.8%
   605     2.3s    0.0224    85.0%    85.0%    96.8%       0%/100%/0%    1.847    0.057    15.0%     0.0%   0.5685   0.0011     1.9%
   606     2.3s    0.0197    85.0%    85.0%    91.5%       0%/100%/0%    1.912    0.071    15.0%     0.0%   0.5385   0.0026     3.6%
   607     2.2s    0.0235    80.0%    80.0%    90.5%        0%/99%/0%    1.988    0.072    20.0%     0.0%   0.4870   0.0031     7.7%
   608     2.3s    0.0259    75.0%    75.0%    90.9%       0%/100%/0%    1.787    0.073    25.0%     0.0%   0.5080   0.0178     6.2%
   609     2.0s    0.0366   100.0%   100.0%   100.0%       0%/100%/0%    1.735    0.068     0.0%     0.0%   0.4204   0.0077     1.9%
   610     2.3s    0.0204    80.0%    80.0%    99.2%       0%/100%/0%    1.953    0.065    20.0%     0.0%   0.5240   0.0080     3.7%
  [MA20] reward=0.0251 task_sr=84.5% miss=15.5% time_limit=0.0% v2v=0.4%
  [PPO ] p_loss=-0.0089 v_loss=1.1997 entropy=0.5240 grad=4.1870 active=40.9%
  [SIM ] avg_power(a)=0.4662 rsu_q=3.552 tx=237 no_tx=0 deadlock=0 svc=28.675GHz idle=6.9%
   611     2.4s    0.0232    85.0%    85.0%    98.8%        0%/99%/1%    2.006    0.063    15.0%     0.0%   0.4689   0.0054     3.4%
   612     2.4s    0.0158    65.0%    65.0%    95.8%       0%/100%/0%    1.994    0.062    35.0%     0.0%   0.5677   0.0050     5.6%
   613     2.4s    0.0216    85.0%    85.0%    95.6%       0%/100%/0%    1.835    0.063    15.0%     0.0%   0.5060   0.0116     2.5%
   614     2.2s    0.0331    95.0%    95.0%    98.0%       0%/100%/0%    1.774    0.047     5.0%     0.0%   0.5366   0.0016     4.2%
   615     2.6s    0.0172    70.0%    70.0%    95.9%       0%/100%/0%    2.088    0.075    30.0%     0.0%   0.5217   0.0066     2.6%
   616     2.5s    0.0137    55.0%    55.0%    82.7%       0%/100%/0%    1.758    0.083    45.0%     0.0%   0.6259   0.0126     7.9%
   617     2.2s    0.0281    90.0%    90.0%    93.5%       0%/100%/0%    1.789    0.074    10.0%     0.0%   0.4993   0.0014     4.9%
   618     2.3s    0.0204    80.0%    80.0%    93.4%       0%/100%/0%    1.988    0.069    20.0%     0.0%   0.5267   0.0089     5.7%
   619     2.0s    0.0281    85.0%    85.0%    98.2%       0%/100%/0%    1.783    0.087    15.0%     0.0%   0.4561   0.0125     2.8%
   620     2.5s    0.0171    75.0%    75.0%    94.5%        0%/98%/2%    2.027    0.076    25.0%     0.0%   0.4575   0.0063     2.7%
  [MA20] reward=0.0231 task_sr=81.2% miss=18.8% time_limit=0.0% v2v=0.3%
  [PPO ] p_loss=-0.0043 v_loss=1.3437 entropy=0.4575 grad=1.7639 active=37.5%
  [SIM ] avg_power(a)=0.4385 rsu_q=3.067 tx=224 no_tx=1 deadlock=0 svc=28.785GHz idle=20.0%

    Ep    Wall    R/step     T_SR     V_SR     S_SR            L/R/V   Lat(s)       En     Miss      Ill      Ent       KL     Clip
--------------------------------------------------------------------------------------------------------------------------------
   621     2.4s    0.0205    90.0%    90.0%    98.8%       0%/100%/0%    2.100    0.086    10.0%     0.0%   0.4899   0.0079     3.8%
   622     2.3s    0.0192    85.0%    85.0%    95.0%        0%/99%/1%    1.688    0.069    15.0%     0.0%   0.5711  -0.0028     3.5%
   623     2.7s    0.0122    70.0%    70.0%    96.5%       0%/100%/0%    2.325    0.082    30.0%     0.0%   0.5558   0.0072     4.5%
   624     2.1s    0.0283    75.0%    75.0%    94.4%        0%/98%/1%    1.782    0.075    25.0%     0.0%   0.4731   0.0089     3.1%
   625     2.3s    0.0229    90.0%    90.0%    98.4%       0%/100%/0%    2.016    0.056    10.0%     0.0%   0.5085   0.0048     2.1%
   626     2.4s    0.0184    75.0%    75.0%    93.2%        1%/99%/0%    1.947    0.097    25.0%     0.0%   0.4904   0.0098     4.3%
   627     2.7s    0.0179    85.0%    85.0%    97.6%        0%/99%/1%    1.994    0.080    15.0%     0.0%   0.5019   0.0044     4.4%
   628     2.5s    0.0169    65.0%    65.0%    89.7%        0%/99%/1%    1.860    0.070    35.0%     0.0%   0.5314   0.0038     2.4%
   629     2.1s    0.0276    90.0%    90.0%    96.7%        0%/99%/0%    1.900    0.064    10.0%     0.0%   0.4731   0.0031     3.6%
   630     2.3s    0.0236    95.0%    95.0%    98.1%       0%/100%/0%    1.984    0.086     5.0%     0.0%   0.5005   0.0200    11.3%
  [MA20] reward=0.0213 task_sr=80.2% miss=19.7% time_limit=0.0% v2v=0.5%
  [PPO ] p_loss=0.0109 v_loss=2.0880 entropy=0.5005 grad=33.2382 active=45.7%
  [SIM ] avg_power(a)=0.4900 rsu_q=4.929 tx=256 no_tx=0 deadlock=0 svc=33.894GHz idle=10.7%
   631     2.1s    0.0227    80.0%    80.0%    95.9%        0%/99%/0%    1.844    0.076    20.0%     0.0%   0.5474   0.0262    10.7%
   632     2.3s    0.0249    85.0%    85.0%    96.4%       0%/100%/0%    1.939    0.070    15.0%     0.0%   0.5269   0.0079    11.3%
   633     2.1s    0.0272    85.0%    85.0%    98.3%        0%/99%/1%    1.906    0.083    15.0%     0.0%   0.4930  -0.0010     9.4%
   634     2.1s    0.0209    75.0%    75.0%    94.6%       0%/100%/0%    1.953    0.079    25.0%     0.0%   0.4996   0.0061     7.2%
   635     2.1s    0.0231    75.0%    75.0%    93.1%        0%/99%/1%    1.673    0.092    25.0%     0.0%   0.5326   0.0137     9.4%
   636     2.2s    0.0238    85.0%    85.0%    92.4%        0%/99%/0%    1.806    0.081    15.0%     0.0%   0.4895   0.0106     8.1%
   637     2.2s    0.0284    80.0%    80.0%    95.2%        0%/99%/1%    1.644    0.066    20.0%     0.0%   0.5167   0.0145    10.8%
   638     2.4s    0.0211    85.0%    85.0%    93.4%        0%/99%/1%    1.894    0.112    15.0%     0.0%   0.5472   0.0134     6.2%
   639     2.3s    0.0281    90.0%    90.0%    95.0%       0%/100%/0%    1.733    0.071    10.0%     0.0%   0.5276   0.0042     4.4%
   640     2.3s    0.0229    80.0%    80.0%    93.7%       0%/100%/0%    1.841    0.080    20.0%     0.0%   0.6032   0.0076     3.7%
  [MA20] reward=0.0225 task_sr=82.0% miss=18.0% time_limit=0.0% v2v=0.6%
  [PPO ] p_loss=0.0097 v_loss=2.3236 entropy=0.6032 grad=185.1074 active=40.2%
  [SIM ] avg_power(a)=0.4742 rsu_q=3.929 tx=225 no_tx=0 deadlock=0 svc=31.228GHz idle=10.7%

    Ep    Wall    R/step     T_SR     V_SR     S_SR            L/R/V   Lat(s)       En     Miss      Ill      Ent       KL     Clip
--------------------------------------------------------------------------------------------------------------------------------
   641     2.1s    0.0255    85.0%    85.0%    98.3%        0%/98%/2%    1.800    0.082    15.0%     0.0%   0.5137   0.0171     4.0%
   642     2.3s    0.0263    95.0%    95.0%    99.6%       0%/100%/0%    1.774    0.058     5.0%     0.0%   0.5251   0.0046     3.0%
   643     2.7s    0.0150    75.0%    75.0%    94.7%       0%/100%/0%    1.950    0.070    25.0%     0.0%   0.5744   0.0103     3.7%
   644     2.2s    0.0263    90.0%    90.0%    99.6%       0%/100%/0%    1.726    0.050    10.0%     0.0%   0.5465   0.0109     4.6%
   645     2.6s    0.0227    85.0%    85.0%    94.9%        1%/98%/1%    1.894    0.063    15.0%     0.0%   0.5387   0.0042     3.2%
   646     2.6s    0.0213    95.0%    95.0%    98.1%        0%/99%/1%    2.100    0.077     5.0%     0.0%   0.5050   0.0021     2.5%
   647     2.4s    0.0246    80.0%    80.0%    98.4%       0%/100%/0%    1.817    0.062    20.0%     0.0%   0.5169   0.0068     3.5%
   648     2.4s    0.0228    90.0%    90.0%    99.2%       0%/100%/0%    1.916    0.061    10.0%     0.0%   0.5298   0.0166     4.1%
   649     2.3s    0.0256    90.0%    90.0%    98.3%       0%/100%/0%    1.844    0.072    10.0%     0.0%   0.5653   0.0076     4.4%
   650     2.2s    0.0227    85.0%    85.0%    98.0%       0%/100%/0%    1.995    0.095    15.0%     0.0%   0.5359   0.0033     3.2%
  [MA20] reward=0.0238 task_sr=84.5% miss=15.5% time_limit=0.0% v2v=0.6%
  [PPO ] p_loss=-0.0060 v_loss=1.8988 entropy=0.5359 grad=52.7956 active=46.3%
  [SIM ] avg_power(a)=0.4562 rsu_q=5.615 tx=241 no_tx=0 deadlock=0 svc=33.204GHz idle=11.5%
   651     2.7s    0.0140    65.0%    65.0%    91.2%        0%/99%/0%    1.954    0.087    35.0%     0.0%   0.5390   0.0132     5.6%
   652     2.7s    0.0220    85.0%    85.0%    99.2%       0%/100%/0%    1.806    0.047    15.0%     0.0%   0.5760   0.0043     6.5%
   653     2.4s    0.0209    80.0%    80.0%    95.0%       0%/100%/0%    1.788    0.087    20.0%     0.0%   0.5120   0.0019     3.7%
   654     2.0s    0.0254    90.0%    90.0%    96.1%        0%/99%/1%    1.872    0.088    10.0%     0.0%   0.5184   0.0024     4.6%
   655     2.3s    0.0229    90.0%    90.0%    98.4%       0%/100%/0%    1.953    0.065    10.0%     0.0%   0.5497   0.0048     3.1%
   656     2.4s    0.0266    85.0%    85.0%    95.1%       0%/100%/0%    1.882    0.070    15.0%     0.0%   0.5641   0.0057     2.0%
   657     2.6s    0.0182    75.0%    75.0%    94.1%       0%/100%/0%    1.971    0.060    25.0%     0.0%   0.6269   0.0180     4.7%
   658     2.1s    0.0232    80.0%    80.0%    99.6%       0%/100%/0%    1.900    0.064    20.0%     0.0%   0.4727   0.0144     5.0%
   659     2.1s    0.0290    80.0%    80.0%    96.0%       0%/100%/0%    1.750    0.054    20.0%     0.0%   0.5455   0.0009     3.8%
   660     2.1s    0.0230    65.0%    65.0%    84.5%       0%/100%/0%    1.631    0.081    35.0%     0.0%   0.5327   0.0067     1.2%
  [MA20] reward=0.0229 task_sr=83.2% miss=16.8% time_limit=0.0% v2v=0.4%
  [PPO ] p_loss=-0.0120 v_loss=3.6987 entropy=0.5327 grad=18.0167 active=35.2%
  [SIM ] avg_power(a)=0.4674 rsu_q=2.808 tx=183 no_tx=0 deadlock=0 svc=24.117GHz idle=3.8%

    Ep    Wall    R/step     T_SR     V_SR     S_SR            L/R/V   Lat(s)       En     Miss      Ill      Ent       KL     Clip
--------------------------------------------------------------------------------------------------------------------------------
   661     2.1s    0.0299    95.0%    95.0%    99.6%       0%/100%/0%    1.842    0.055     5.0%     0.0%   0.4643   0.0047     7.7%
   662     2.0s    0.0257    85.0%    85.0%    90.6%        0%/99%/1%    1.829    0.100    15.0%     0.0%   0.5156   0.0126     8.1%
   663     2.3s    0.0240    90.0%    90.0%    98.7%       0%/100%/0%    1.816    0.070    10.0%     0.0%   0.5114   0.0049     9.0%
   664     2.5s    0.0165    70.0%    70.0%    90.4%        0%/99%/0%    1.964    0.083    30.0%     0.0%   0.4854   0.0055     7.6%
   665     2.6s    0.0171    75.0%    75.0%    91.8%        1%/98%/1%    2.044    0.087    25.0%     0.0%   0.5023   0.0260     6.5%
   666     2.6s    0.0181    70.0%    70.0%    95.3%       0%/100%/0%    1.844    0.072    30.0%     0.0%   0.5555   0.0170     5.9%
   667     2.3s    0.0285    90.0%    90.0%    99.6%       0%/100%/0%    1.837    0.041    10.0%     0.0%   0.4444   0.0069     5.4%
   668     2.5s    0.0192    70.0%    70.0%    83.5%       0%/100%/0%    1.893    0.085    30.0%     0.0%   0.5231   0.0165     6.3%
   669     2.3s    0.0284    95.0%    95.0%   100.0%       0%/100%/0%    1.790    0.044     5.0%     0.0%   0.5034   0.0008     6.0%
   670     2.1s    0.0270    85.0%    85.0%    93.0%       0%/100%/0%    1.647    0.070    15.0%     0.0%   0.4791   0.0038     8.7%
  [MA20] reward=0.0230 task_sr=81.0% miss=19.0% time_limit=0.0% v2v=0.3%
  [PPO ] p_loss=-0.0088 v_loss=1.1126 entropy=0.4791 grad=31.3539 active=38.7%
  [SIM ] avg_power(a)=0.4625 rsu_q=2.923 tx=201 no_tx=0 deadlock=0 svc=28.731GHz idle=11.5%
   671     1.9s    0.0308    90.0%    90.0%   100.0%       0%/100%/0%    1.885    0.076    10.0%     0.0%   0.5220  -0.0019     6.3%
   672     1.9s    0.0299    95.0%    95.0%    98.2%       0%/100%/0%    1.768    0.074     5.0%     0.0%   0.4552   0.0038     7.0%
   673     2.2s    0.0300    85.0%    85.0%    98.8%       0%/100%/0%    1.756    0.050    15.0%     0.0%   0.4201   0.0147     7.4%
   674     2.7s    0.0150    65.0%    65.0%    88.4%       0%/100%/0%    1.893    0.076    35.0%     0.0%   0.5067  -0.0001     7.4%
   675     2.1s    0.0267    95.0%    95.0%    99.1%        1%/99%/0%    1.768    0.067     5.0%     0.0%   0.4472   0.0067     2.0%
   676     2.2s    0.0282    85.0%    85.0%    97.6%       0%/100%/0%    1.868    0.057    15.0%     0.0%   0.4902   0.0095     3.5%
   677     2.4s    0.0214    80.0%    80.0%    92.5%        1%/99%/0%    1.719    0.075    20.0%     0.0%   0.4898   0.0087     2.4%
   678     2.8s    0.0121    70.0%    70.0%    92.0%        0%/99%/1%    2.300    0.095    30.0%     0.0%   0.4628   0.0117     2.5%
   679     2.0s    0.0270    85.0%    85.0%    98.0%       0%/100%/0%    1.867    0.082    15.0%     0.0%   0.5142   0.0045     4.4%
   680     2.4s    0.0236    85.0%    85.0%    92.2%       0%/100%/0%    1.835    0.061    15.0%     0.0%   0.4741  -0.0017     6.4%
  [MA20] reward=0.0240 task_sr=83.0% miss=17.0% time_limit=0.0% v2v=0.2%
  [PPO ] p_loss=0.0128 v_loss=1.0375 entropy=0.4741 grad=23.2273 active=35.0%
  [SIM ] avg_power(a)=0.4612 rsu_q=2.719 tx=224 no_tx=0 deadlock=0 svc=31.753GHz idle=28.1%

    Ep    Wall    R/step     T_SR     V_SR     S_SR            L/R/V   Lat(s)       En     Miss      Ill      Ent       KL     Clip
--------------------------------------------------------------------------------------------------------------------------------
   681     2.1s    0.0267    90.0%    90.0%    99.1%       0%/100%/0%    1.783    0.076    10.0%     0.0%   0.4610   0.0154     8.0%
   682     2.3s    0.0245    95.0%    95.0%    96.3%       0%/100%/0%    1.837    0.055     5.0%     0.0%   0.5218   0.0046     3.1%
   683     2.6s    0.0136    50.0%    50.0%    72.2%       0%/100%/0%    1.900    0.129    50.0%     0.0%   0.5477   0.0129     4.0%
   684     2.4s    0.0196    75.0%    75.0%    96.2%       0%/100%/0%    1.865    0.079    25.0%     0.0%   0.5617 8.57e-05     2.3%
   685     3.2s    0.0152    80.0%    80.0%    95.4%        0%/99%/1%    2.071    0.043    20.0%     0.0%   0.5587   0.0234     4.2%
   686     2.4s    0.0194    75.0%    75.0%    90.9%       0%/100%/0%    1.925    0.070    25.0%     0.0%   0.5692   0.0115     3.7%
   687     2.5s    0.0200    85.0%    85.0%    97.2%       0%/100%/0%    1.924    0.073    15.0%     0.0%   0.5046   0.0025     2.9%
   688     2.4s    0.0205    80.0%    80.0%    95.3%       0%/100%/0%    1.982    0.067    20.0%     0.0%   0.4890   0.0097     6.7%
   689     2.1s    0.0281    95.0%    95.0%    96.9%       0%/100%/0%    1.742    0.065     5.0%     0.0%   0.4882   0.0079     5.9%
   690     2.1s    0.0235    80.0%    80.0%    95.5%       0%/100%/0%    1.871    0.080    20.0%     0.0%   0.4553  -0.0060     1.5%
  [MA20] reward=0.0228 task_sr=82.0% miss=18.0% time_limit=0.0% v2v=0.2%
  [PPO ] p_loss=-0.0026 v_loss=1.4750 entropy=0.4553 grad=98.3363 active=45.0%
  [SIM ] avg_power(a)=0.4634 rsu_q=7.615 tx=234 no_tx=0 deadlock=0 svc=32.489GHz idle=7.7%
   691     2.3s    0.0275    95.0%    95.0%    97.8%       0%/100%/0%    1.716    0.063     5.0%     0.0%   0.4895   0.0101     1.8%
   692     2.5s    0.0250    95.0%    95.0%    96.8%       0%/100%/0%    1.863    0.060     5.0%     0.0%   0.4474   0.0026     0.6%
   693     2.3s    0.0212    75.0%    75.0%    90.2%        0%/99%/0%    1.953    0.055    25.0%     0.0%   0.5202   0.0094     1.8%
   694     2.5s    0.0189    80.0%    80.0%    95.9%       0%/100%/0%    2.022    0.073    20.0%     0.0%   0.4754   0.0104     2.7%
   695     2.3s    0.0241    90.0%    90.0%    97.2%        0%/99%/1%    1.867    0.062    10.0%     0.0%   0.5091   0.0062     2.0%
   696     2.0s    0.0268    90.0%    90.0%    99.2%       0%/100%/0%    1.916    0.064    10.0%     0.0%   0.5011  -0.0041     2.3%
   697     2.4s    0.0240    95.0%    95.0%    97.9%       0%/100%/0%    1.795    0.055     5.0%     0.0%   0.5278  -0.0022     1.5%
   698     2.6s    0.0139    70.0%    70.0%    92.0%        0%/99%/1%    2.040    0.073    30.0%     0.0%   0.5253   0.0031     4.4%
   699     2.1s    0.0230    70.0%    70.0%    95.8%        0%/99%/1%    1.856    0.069    30.0%     0.0%   0.4848   0.0033     2.2%
   700     2.4s    0.0174    75.0%    75.0%    92.8%       0%/100%/0%    2.013    0.095    25.0%     0.0%   0.4875   0.0008     2.5%
  [MA20] reward=0.0216 task_sr=82.0% miss=18.0% time_limit=0.0% v2v=0.4%
  [PPO ] p_loss=-0.0017 v_loss=1.1339 entropy=0.4875 grad=34.9458 active=41.1%
  [SIM ] avg_power(a)=0.4548 rsu_q=4.556 tx=222 no_tx=0 deadlock=0 svc=29.910GHz idle=7.4%

    Ep    Wall    R/step     T_SR     V_SR     S_SR            L/R/V   Lat(s)       En     Miss      Ill      Ent       KL     Clip
--------------------------------------------------------------------------------------------------------------------------------
   701     2.2s    0.0237    95.0%    95.0%   100.0%       0%/100%/0%    2.030    0.071     5.0%     0.0%   0.4426   0.0015     0.1%
   702     2.6s    0.0221    85.0%    85.0%    98.4%       0%/100%/0%    1.921    0.050    15.0%     0.0%   0.4935   0.0023     1.1%
   703     2.2s    0.0304    95.0%    95.0%   100.0%       0%/100%/0%    1.965    0.060     5.0%     0.0%   0.4711   0.0037     0.6%
   704     2.5s    0.0257    95.0%    95.0%    99.6%       0%/100%/0%    1.795    0.043     5.0%     0.0%   0.4700   0.0019     0.5%
   705     2.2s    0.0280    95.0%    95.0%    98.8%       0%/100%/0%    1.753    0.046     5.0%     0.0%   0.4964   0.0030     1.1%
   706     2.4s    0.0218    80.0%    80.0%    97.2%       0%/100%/0%    1.911    0.059    20.0%     0.0%   0.4425   0.0084     1.1%
   707     2.4s    0.0192    80.0%    80.0%    95.2%       0%/100%/0%    1.941    0.073    20.0%     0.0%   0.5153   0.0052     1.5%
   708     2.2s    0.0272    85.0%    85.0%    97.0%       0%/100%/0%    1.759    0.110    15.0%     0.0%   0.5221   0.0038     3.6%
   709     2.2s    0.0247    90.0%    90.0%    96.8%        0%/99%/1%    1.800    0.066    10.0%     0.0%   0.4890   0.0075     3.5%
   710     2.2s    0.0267    90.0%    90.0%    95.5%        0%/99%/0%    1.811    0.046    10.0%     0.0%   0.4644   0.0041     2.7%
  [MA20] reward=0.0236 task_sr=86.2% miss=13.8% time_limit=0.0% v2v=0.3%
  [PPO ] p_loss=-0.0184 v_loss=1.8449 entropy=0.4644 grad=56.6225 active=41.8%
  [SIM ] avg_power(a)=0.4594 rsu_q=3.464 tx=233 no_tx=1 deadlock=0 svc=31.285GHz idle=10.7%
  → Best model saved: Success Rate = 0.838 (50-ep avg)
   711     2.3s    0.0138    70.0%    70.0%    94.5%       0%/100%/0%    2.100    0.088    30.0%     0.0%   0.4599   0.0111     1.7%
   712     2.5s    0.0211    90.0%    90.0%    97.6%       0%/100%/0%    1.906    0.061    10.0%     0.0%   0.4994   0.0007     1.5%
   713     2.4s    0.0215    90.0%    90.0%    99.1%       0%/100%/0%    2.061    0.089    10.0%     0.0%   0.4190   0.0024     0.4%
   714     2.1s    0.0278    85.0%    85.0%    93.6%       0%/100%/0%    1.761    0.076    15.0%     0.0%   0.4527   0.0071     2.0%
   715     2.4s    0.0235    75.0%    75.0%    93.7%       0%/100%/0%    1.640    0.078    25.0%     0.0%   0.5678   0.0178     9.0%
   716     2.5s    0.0188    65.0%    65.0%    86.1%       0%/100%/0%    1.800    0.075    35.0%     0.0%   0.5103   0.0037     1.3%
   717     2.7s    0.0189    80.0%    80.0%    89.7%        0%/99%/1%    2.013    0.075    20.0%     0.0%   0.5626  -0.0015     3.3%
   718     2.3s    0.0188    70.0%    70.0%    87.6%       0%/100%/0%    1.793    0.064    30.0%     0.0%   0.5689   0.0100     4.2%
   719     2.0s    0.0294    95.0%    95.0%    99.6%       0%/100%/0%    1.800    0.047     5.0%     0.0%   0.4731  -0.0009     1.8%
   720     2.8s    0.0156    60.0%    60.0%    85.9%       0%/100%/0%    1.933    0.074    40.0%     0.0%   0.5273  -0.0027     2.5%
  [MA20] reward=0.0229 task_sr=83.5% miss=16.5% time_limit=0.0% v2v=0.2%
  [PPO ] p_loss=0.0006 v_loss=1.2434 entropy=0.5273 grad=32.4254 active=33.6%
  [SIM ] avg_power(a)=0.3982 rsu_q=2.781 tx=215 no_tx=0 deadlock=0 svc=24.687GHz idle=9.4%

    Ep    Wall    R/step     T_SR     V_SR     S_SR            L/R/V   Lat(s)       En     Miss      Ill      Ent       KL     Clip
--------------------------------------------------------------------------------------------------------------------------------
   721     2.5s    0.0195    75.0%    75.0%    92.8%       0%/100%/0%    2.056    0.079    25.0%     0.0%   0.5322   0.0084     4.3%
   722     2.2s    0.0251    85.0%    85.0%    98.0%       0%/100%/0%    1.939    0.071    15.0%     0.0%   0.5162   0.0041     1.7%
   723     2.3s    0.0193    60.0%    60.0%    88.6%        0%/99%/1%    1.854    0.066    40.0%     0.0%   0.5241   0.0068     1.3%
   724     2.6s    0.0210    85.0%    85.0%    94.5%       0%/100%/0%    1.972    0.059    15.0%     0.0%   0.4719   0.0070     1.1%
   725     2.5s    0.0261    95.0%    95.0%   100.0%       0%/100%/0%    1.700    0.035     5.0%     0.0%   0.4844   0.0017     0.8%
   726     2.6s    0.0204    65.0%    65.0%    84.1%       0%/100%/0%    1.979    0.091    35.0%     0.0%   0.5591   0.0065     2.0%
   727     2.0s    0.0347    90.0%    90.0%    97.1%       0%/100%/0%    1.721    0.036    10.0%     0.0%   0.4234   0.0026     0.3%
   728     2.3s    0.0258    90.0%    90.0%    98.9%       0%/100%/0%    1.944    0.063    10.0%     0.0%   0.4959   0.0021     0.4%
   729     2.3s    0.0310   100.0%   100.0%   100.0%       0%/100%/0%    1.910    0.041     0.0%     0.0%   0.4697   0.0155     4.4%
   730     2.4s    0.0219    80.0%    80.0%    88.5%       0%/100%/0%    1.881    0.054    20.0%     0.0%   0.5088   0.0103     2.4%
  [MA20] reward=0.0227 task_sr=80.2% miss=19.8% time_limit=0.0% v2v=0.2%
  [PPO ] p_loss=0.0055 v_loss=1.2115 entropy=0.5088 grad=275.1790 active=36.2%
  [SIM ] avg_power(a)=0.4336 rsu_q=2.033 tx=217 no_tx=0 deadlock=0 svc=27.996GHz idle=16.7%
   731     2.5s    0.0238    80.0%    80.0%    96.7%       0%/100%/0%    1.824    0.057    20.0%     0.0%   0.4430   0.0042     0.4%
   732     2.3s    0.0236    90.0%    90.0%    96.0%       0%/100%/0%    1.822    0.061    10.0%     0.0%   0.5195   0.0091     3.6%
   733     2.3s    0.0301    95.0%    95.0%    98.3%       0%/100%/0%    1.679    0.053     5.0%     0.0%   0.4844 -8.29e-06     0.3%
   734     2.5s    0.0164    75.0%    75.0%    93.1%       0%/100%/0%    2.081    0.086    25.0%     0.0%   0.4978   0.0152     3.5%
   735     2.1s    0.0337   100.0%   100.0%   100.0%       0%/100%/0%    1.740    0.060     0.0%     0.0%   0.4364  -0.0006     0.5%
   736     2.5s    0.0196    90.0%    90.0%    96.7%       0%/100%/0%    2.150    0.090    10.0%     0.0%   0.4664   0.0034     0.0%
   737     2.2s    0.0279   100.0%   100.0%   100.0%       0%/100%/0%    1.895    0.069     0.0%     0.0%   0.4426   0.0049     1.1%
   738     2.1s    0.0286    90.0%    90.0%    99.1%       0%/100%/0%    1.700    0.069    10.0%     0.0%   0.4703   0.0028     0.6%
   739     2.8s    0.0138    60.0%    60.0%    88.8%       0%/100%/0%    2.050    0.075    40.0%     0.0%   0.5489  -0.0008     2.3%
   740     2.3s    0.0173    85.0%    85.0%    98.4%       0%/100%/0%    2.035    0.062    15.0%     0.0%   0.4901   0.0023     1.1%
  [MA20] reward=0.0240 task_sr=84.5% miss=15.5% time_limit=0.0% v2v=0.2%
  [PPO ] p_loss=0.0255 v_loss=1.1657 entropy=0.4901 grad=128.8165 active=40.0%
  [SIM ] avg_power(a)=0.4367 rsu_q=5.161 tx=248 no_tx=0 deadlock=0 svc=36.397GHz idle=25.8%

    Ep    Wall    R/step     T_SR     V_SR     S_SR            L/R/V   Lat(s)       En     Miss      Ill      Ent       KL     Clip
--------------------------------------------------------------------------------------------------------------------------------
   741     2.1s    0.0261    75.0%    75.0%    96.1%       0%/100%/0%    1.844    0.118    25.0%     0.0%   0.4402   0.0036     1.0%
   742     2.4s    0.0188    90.0%    90.0%    97.8%       0%/100%/0%    2.028    0.060    10.0%     0.0%   0.5023   0.0026     0.5%
   743     2.5s    0.0195    70.0%    70.0%    92.1%        0%/99%/0%    1.953    0.062    30.0%     0.0%   0.4885   0.0021     1.2%
   744     2.7s    0.0164    75.0%    75.0%    87.1%       0%/100%/0%    1.887    0.062    25.0%     0.0%   0.4727 -1.66e-06     3.4%
   745     2.1s    0.0214    75.0%    75.0%    97.8%        0%/99%/1%    1.913    0.077    25.0%     0.0%   0.4681   0.0069     3.6%
   746     2.6s    0.0154    70.0%    70.0%    86.0%       0%/100%/0%    1.957    0.085    30.0%     0.0%   0.5875   0.0095     5.6%
   747     2.4s    0.0200    70.0%    70.0%    88.7%       0%/100%/0%    1.753    0.062    30.0%     0.0%   0.4746  -0.0039     0.4%
   748     2.4s    0.0180    70.0%    70.0%    89.8%       0%/100%/0%    1.807    0.104    30.0%     0.0%   0.5009  -0.0042     1.0%
   749     2.1s    0.0292    80.0%    80.0%    94.5%       0%/100%/0%    1.675    0.057    20.0%     0.0%   0.4893   0.0035     0.5%
   750     2.3s    0.0202    75.0%    75.0%    86.7%        0%/99%/1%    1.933    0.128    25.0%     0.0%   0.4749  -0.0004     1.7%
  [MA20] reward=0.0220 task_sr=80.7% miss=19.2% time_limit=0.0% v2v=0.2%
  [PPO ] p_loss=-0.0003 v_loss=1.4070 entropy=0.4749 grad=150.8358 active=34.1%
  [SIM ] avg_power(a)=0.4426 rsu_q=2.552 tx=198 no_tx=0 deadlock=0 svc=27.223GHz idle=17.2%
   751     2.4s    0.0210    85.0%    85.0%    95.5%       0%/100%/0%    1.982    0.058    15.0%     0.0%   0.5048   0.0106     1.9%
   752     2.0s    0.0329    95.0%    95.0%    99.6%       0%/100%/0%    1.863    0.060     5.0%     0.0%   0.5048   0.0062     2.1%
   753     2.6s    0.0151    50.0%    50.0%    81.6%       0%/100%/0%    1.690    0.088    50.0%     0.0%   0.6517   0.0119     4.6%
   754     2.6s    0.0175    75.0%    75.0%    84.5%       0%/100%/0%    2.044    0.090    25.0%     0.0%   0.5339   0.0038     3.5%
   755     2.5s    0.0203    80.0%    80.0%    92.4%       0%/100%/0%    1.929    0.059    20.0%     0.0%   0.5048   0.0030     0.8%
   756     2.1s    0.0241    85.0%    85.0%    96.2%       0%/100%/0%    1.747    0.060    15.0%     0.0%   0.5219   0.0024     1.9%
   757     2.0s    0.0278    90.0%    90.0%    98.8%       0%/100%/0%    1.858    0.054    10.0%     0.0%   0.4810   0.0032     0.9%
   758     2.3s    0.0250    80.0%    80.0%    94.5%        0%/99%/0%    1.747    0.062    20.0%     0.0%   0.5098   0.0021     1.0%
   759     2.7s    0.0188    80.0%    80.0%    89.7%       0%/100%/0%    1.888    0.058    20.0%     0.0%   0.5250   0.0021     2.4%
   760     2.1s    0.0254    90.0%    90.0%    96.6%       0%/100%/0%    1.867    0.067    10.0%     0.0%   0.4542   0.0080     0.7%
  [MA20] reward=0.0216 task_sr=78.0% miss=22.0% time_limit=0.0% v2v=0.2%
  [PPO ] p_loss=-0.0002 v_loss=1.6802 entropy=0.4542 grad=162.3458 active=42.2%
  [SIM ] avg_power(a)=0.4249 rsu_q=3.815 tx=228 no_tx=0 deadlock=0 svc=33.099GHz idle=11.1%

    Ep    Wall    R/step     T_SR     V_SR     S_SR            L/R/V   Lat(s)       En     Miss      Ill      Ent       KL     Clip
--------------------------------------------------------------------------------------------------------------------------------
   761     2.3s    0.0173    75.0%    75.0%    96.9%        0%/99%/0%    2.039    0.086    25.0%     0.0%   0.5774   0.0126     1.4%
   762     2.8s    0.0192    80.0%    80.0%    95.4%       0%/100%/0%    1.869    0.066    20.0%     0.0%   0.5301   0.0051     4.4%
   763     2.8s    0.0090    30.0%    30.0%    48.6%       0%/100%/0%    1.567    0.146    70.0%     0.0%   0.5869   0.0184     4.9%
   764     2.3s    0.0236    80.0%    80.0%    90.9%       0%/100%/0%    1.925    0.058    20.0%     0.0%   0.4675   0.0048     2.7%
   765     2.1s    0.0264    95.0%    95.0%    98.7%       0%/100%/0%    1.921    0.047     5.0%     0.0%   0.5049   0.0099     2.6%
   766     2.4s    0.0194    65.0%    65.0%    94.0%       0%/100%/0%    1.850    0.080    35.0%     0.0%   0.5048   0.0013     3.9%
   767     2.6s    0.0249    85.0%    85.0%    97.1%        0%/99%/1%    1.841    0.054    15.0%     0.0%   0.4966   0.0021     1.3%
   768     2.2s    0.0201    75.0%    75.0%    97.7%       0%/100%/0%    1.924    0.054    25.0%     0.0%   0.5217   0.0019     2.1%
   769     2.3s    0.0275    95.0%    95.0%    94.9%       0%/100%/0%    1.700    0.042     5.0%     0.0%   0.5533  -0.0022     2.6%
   770     1.7s    0.0421   100.0%   100.0%   100.0%       0%/100%/0%    1.710    0.044     0.0%     0.0%   0.4877   0.0035     1.0%
  [MA20] reward=0.0229 task_sr=79.5% miss=20.5% time_limit=0.0% v2v=0.2%
  [PPO ] p_loss=0.0349 v_loss=2.6844 entropy=0.4877 grad=110.4803 active=50.5%
  [SIM ] avg_power(a)=0.4295 rsu_q=4.455 tx=222 no_tx=0 deadlock=0 svc=36.680GHz idle=13.6%
   771     2.5s    0.0167    70.0%    70.0%    88.3%        0%/99%/0%    1.847    0.059    30.0%     0.0%   0.5814   0.0038     3.1%
   772     2.5s    0.0247    85.0%    85.0%    89.4%       0%/100%/0%    1.741    0.046    15.0%     0.0%   0.4871   0.0016     0.1%
   773     2.2s    0.0270    95.0%    95.0%    98.7%       0%/100%/0%    1.784    0.054     5.0%     0.0%   0.4939   0.0039     2.4%
   774     2.5s    0.0236    95.0%    95.0%    98.8%       0%/100%/0%    1.932    0.044     5.0%     0.0%   0.4719   0.0110     1.2%
   775     2.3s    0.0202    70.0%    70.0%    86.3%       0%/100%/0%    1.750    0.064    30.0%     0.0%   0.5316   0.0078     0.6%
   776     2.7s    0.0175    70.0%    70.0%    89.2%        0%/99%/0%    2.025    0.069    30.0%     0.0%   0.4778   0.0064     1.0%
   777     2.5s    0.0222    85.0%    85.0%    98.3%       0%/100%/0%    1.921    0.055    15.0%     0.0%   0.4766   0.0068     1.9%
   778     2.2s    0.0245    85.0%    85.0%    95.7%       0%/100%/0%    1.635    0.044    15.0%     0.0%   0.5533   0.0038     0.8%
   779     2.3s    0.0291    95.0%    95.0%    98.8%       0%/100%/0%    1.858    0.050     5.0%     0.0%   0.4734   0.0027     1.0%
   780     2.3s    0.0228    90.0%    90.0%    96.5%       0%/100%/0%    1.828    0.069    10.0%     0.0%   0.4530   0.0021     1.8%
  [MA20] reward=0.0229 task_sr=81.0% miss=19.0% time_limit=0.0% v2v=0.2%
  [PPO ] p_loss=-0.0023 v_loss=1.5497 entropy=0.4530 grad=250.7908 active=37.6%
  [SIM ] avg_power(a)=0.4527 rsu_q=3.483 tx=218 no_tx=0 deadlock=0 svc=31.208GHz idle=20.7%

    Ep    Wall    R/step     T_SR     V_SR     S_SR            L/R/V   Lat(s)       En     Miss      Ill      Ent       KL     Clip
--------------------------------------------------------------------------------------------------------------------------------
   781     2.3s    0.0250    85.0%    85.0%    98.5%       0%/100%/0%    2.021    0.063    15.0%     0.0%   0.5262   0.0075     2.4%
   782     2.2s    0.0199    70.0%    70.0%    93.4%       0%/100%/0%    1.860    0.098    30.0%     0.0%   0.4772   0.0082     2.3%
   783     2.2s    0.0209    80.0%    80.0%    96.8%       0%/100%/0%    2.033    0.069    20.0%     0.0%   0.4961   0.0031     2.4%
   784     2.4s    0.0165    60.0%    60.0%    78.5%        0%/98%/2%    1.775    0.083    40.0%     0.0%   0.5136   0.0074     2.1%
   785     2.3s    0.0217    80.0%    80.0%    90.8%       0%/100%/0%    1.794    0.107    20.0%     0.0%   0.5522   0.0096     1.8%
   786     2.2s    0.0253    80.0%    80.0%    94.9%       0%/100%/0%    1.811    0.081    20.0%     0.0%   0.4935   0.0059     0.6%
   787     2.3s    0.0229    90.0%    90.0%    98.8%       0%/100%/0%    1.926    0.046    10.0%     0.0%   0.5102   0.0045     1.5%
   788     2.4s    0.0213    85.0%    85.0%    97.0%       0%/100%/0%    1.835    0.048    15.0%     0.0%   0.4589  -0.0016     1.7%
   789     2.2s    0.0286    80.0%    80.0%    93.6%       0%/100%/0%    1.675    0.048    20.0%     0.0%   0.5439  -0.0015     2.6%
   790     2.2s    0.0250    75.0%    75.0%    95.3%       0%/100%/0%    1.788    0.068    25.0%     0.0%   0.4779  -0.0009     1.6%
  [MA20] reward=0.0228 task_sr=81.2% miss=18.8% time_limit=0.0% v2v=0.2%
  [PPO ] p_loss=-0.0045 v_loss=1.2318 entropy=0.4779 grad=133.7832 active=39.8%
  [SIM ] avg_power(a)=0.4205 rsu_q=3.429 tx=222 no_tx=1 deadlock=0 svc=29.235GHz idle=10.7%
   791     2.2s    0.0249    90.0%    90.0%    98.8%       0%/100%/0%    1.839    0.059    10.0%     0.0%   0.5070   0.0024     2.0%
   792     2.2s    0.0241    90.0%    90.0%    94.5%        0%/99%/0%    1.894    0.066    10.0%     0.0%   0.5501  -0.0022     1.6%
   793     2.5s    0.0170    80.0%    80.0%    91.5%       0%/100%/0%    1.813    0.082    20.0%     0.0%   0.4846   0.0041     1.3%
   794     2.2s    0.0257    95.0%    95.0%    99.1%        0%/99%/1%    1.779    0.040     5.0%     0.0%   0.4638   0.0013     1.5%
   795     2.3s    0.0237    90.0%    90.0%    99.1%       0%/100%/0%    1.761    0.050    10.0%     0.0%   0.4860  -0.0022     0.7%
   796     2.1s    0.0318    90.0%    90.0%    97.1%       0%/100%/0%    1.756    0.059    10.0%     0.0%   0.4978  -0.0042     1.3%
   797     2.5s    0.0200    85.0%    85.0%    95.3%       0%/100%/0%    2.011    0.067    15.0%     0.0%   0.4392  -0.0020     3.3%
   798     2.2s    0.0263    95.0%    95.0%   100.0%       0%/100%/0%    1.910    0.054     5.0%     0.0%   0.4905   0.0035     1.3%
   799     2.3s    0.0275    90.0%    90.0%    98.8%       0%/100%/0%    1.839    0.052    10.0%     0.0%   0.4598   0.0019     1.0%
   800     2.2s    0.0265    85.0%    85.0%    97.1%       0%/100%/0%    1.871    0.048    15.0%     0.0%   0.4178   0.0042     1.0%
  [MA20] reward=0.0237 task_sr=83.8% miss=16.2% time_limit=0.0% v2v=0.3%
  [PPO ] p_loss=-0.0020 v_loss=1.3537 entropy=0.4178 grad=56.2887 active=43.0%
  [SIM ] avg_power(a)=0.4176 rsu_q=6.074 tx=232 no_tx=0 deadlock=0 svc=31.839GHz idle=11.1%

    Ep    Wall    R/step     T_SR     V_SR     S_SR            L/R/V   Lat(s)       En     Miss      Ill      Ent       KL     Clip
--------------------------------------------------------------------------------------------------------------------------------
   801     2.5s    0.0235    85.0%    85.0%    97.2%       0%/100%/0%    1.889    0.044    15.0%     0.0%   0.5265   0.0053     1.9%
   802     2.3s    0.0216    80.0%    80.0%    94.6%       0%/100%/0%    1.869    0.078    20.0%     0.0%   0.5176   0.0068     0.4%
   803     2.2s    0.0229    85.0%    85.0%    99.5%       0%/100%/0%    1.868    0.074    15.0%     0.0%   0.5018  -0.0008     0.4%
   804     2.4s    0.0235    90.0%    90.0%    95.7%       0%/100%/0%    2.067    0.066    10.0%     0.0%   0.4721   0.0028     0.9%
   805     2.1s    0.0310    95.0%    95.0%   100.0%       0%/100%/0%    1.770    0.049     5.0%     0.0%   0.4711 5.79e-05     1.3%
   806     2.2s    0.0277    95.0%    95.0%    99.6%       0%/100%/0%    1.700    0.072     5.0%     0.0%   0.5112   0.0042     2.8%
   807     2.1s    0.0224    80.0%    80.0%    98.7%       0%/100%/0%    1.950    0.085    20.0%     0.0%   0.4945   0.0026     1.8%
   808     2.2s    0.0245    80.0%    80.0%    95.7%       0%/100%/0%    1.788    0.069    20.0%     0.0%   0.5101   0.0014     0.7%
   809     2.1s    0.0273    90.0%    90.0%    99.2%        0%/99%/0%    1.878    0.058    10.0%     0.0%   0.5912   0.0052     2.3%
   810     2.0s    0.0353   100.0%   100.0%   100.0%       0%/100%/0%    1.610    0.043     0.0%     0.0%   0.4386  -0.0038     0.6%
  [MA20] reward=0.0254 task_sr=88.5% miss=11.5% time_limit=0.0% v2v=0.3%
  [PPO ] p_loss=-0.0053 v_loss=1.1850 entropy=0.4386 grad=38.6371 active=42.4%
  [SIM ] avg_power(a)=0.4421 rsu_q=3.815 tx=229 no_tx=0 deadlock=0 svc=40.441GHz idle=33.3%
   811     2.3s    0.0225    95.0%    95.0%   100.0%       0%/100%/0%    2.105    0.083     5.0%     0.0%   0.4616   0.0013     0.2%
   812     2.1s    0.0295    95.0%    95.0%    99.2%        0%/99%/1%    1.916    0.075     5.0%     0.0%   0.5103   0.0072     1.4%
   813     2.4s    0.0200    70.0%    70.0%    90.3%       0%/100%/0%    2.027    0.084    30.0%     0.0%   0.5301   0.0056     1.9%
   814     2.0s    0.0303    80.0%    80.0%    91.9%       0%/100%/0%    1.625    0.074    20.0%     0.0%   0.4793   0.0082     0.6%
   815     2.4s    0.0228    85.0%    85.0%    94.7%       0%/100%/0%    1.800    0.080    15.0%     0.0%   0.4922   0.0045     2.6%
   816     1.7s    0.0384   100.0%   100.0%   100.0%       0%/100%/0%    1.615    0.071     0.0%     0.0%   0.3802   0.0105     0.5%
   817     2.1s    0.0267    90.0%    90.0%    98.8%       0%/100%/0%    1.900    0.083    10.0%     0.0%   0.4719   0.0040     2.1%
   818     2.2s    0.0202    95.0%    95.0%    99.1%       0%/100%/0%    1.995    0.082     5.0%     0.0%   0.4599   0.0056     1.4%
   819     2.1s    0.0244    90.0%    90.0%    96.8%       0%/100%/0%    1.967    0.087    10.0%     0.0%   0.4921  -0.0012     2.6%
   820     2.0s    0.0269    90.0%    90.0%    99.6%       0%/100%/0%    1.905    0.083    10.0%     0.0%   0.5084   0.0073     2.1%
  [MA20] reward=0.0261 task_sr=88.5% miss=11.5% time_limit=0.0% v2v=0.3%
  [PPO ] p_loss=0.0059 v_loss=1.4414 entropy=0.5084 grad=32.6501 active=47.3%
  [SIM ] avg_power(a)=0.4475 rsu_q=4.731 tx=246 no_tx=0 deadlock=0 svc=37.054GHz idle=15.4%

    Ep    Wall    R/step     T_SR     V_SR     S_SR            L/R/V   Lat(s)       En     Miss      Ill      Ent       KL     Clip
--------------------------------------------------------------------------------------------------------------------------------
   821     2.6s    0.0188    70.0%    70.0%    92.4%       0%/100%/0%    1.831    0.075    30.0%     0.0%   0.5473  -0.0030     2.3%
   822     2.5s    0.0185    80.0%    80.0%    97.0%       0%/100%/0%    1.935    0.085    20.0%     0.0%   0.4958   0.0024     2.8%
   823     2.3s    0.0175    65.0%    65.0%    90.2%        0%/99%/0%    1.853    0.093    35.0%     0.0%   0.5097   0.0037     1.6%
   824     2.1s    0.0281    85.0%    85.0%    97.0%       0%/100%/0%    1.724    0.055    15.0%     0.0%   0.5279   0.0005     0.4%
   825     2.2s    0.0213    65.0%    65.0%    91.2%       0%/100%/0%    1.873    0.084    35.0%     0.0%   0.5176  -0.0072     2.5%
   826     2.2s    0.0305    90.0%    90.0%    98.0%       0%/100%/0%    1.811    0.054    10.0%     0.0%   0.4800   0.0052     1.8%
   827     2.2s    0.0240    80.0%    80.0%    97.2%       0%/100%/0%    1.878    0.064    20.0%     0.0%   0.5288   0.0087     1.6%
   828     2.3s    0.0287    95.0%    95.0%    99.6%        0%/99%/1%    1.716    0.038     5.0%     0.0%   0.3647   0.0056     1.0%
   829     2.0s    0.0289    90.0%    90.0%    98.3%        0%/99%/1%    1.832    0.052    10.0%     0.0%   0.5139 6.05e-05     1.4%
   830     1.9s    0.0323    95.0%    95.0%    98.4%       0%/100%/0%    1.795    0.059     5.0%     0.0%   0.4477  -0.0017     0.2%
  [MA20] reward=0.0255 task_sr=85.2% miss=14.8% time_limit=0.0% v2v=0.3%
  [PPO ] p_loss=0.0172 v_loss=1.1491 entropy=0.4477 grad=10.7845 active=48.4%
  [SIM ] avg_power(a)=0.4503 rsu_q=6.160 tx=242 no_tx=0 deadlock=0 svc=36.820GHz idle=12.0%
   831     2.2s    0.0247    85.0%    85.0%    93.8%       0%/100%/0%    1.735    0.074    15.0%     0.0%   0.5048   0.0034     1.4%
   832     2.2s    0.0251    85.0%    85.0%    98.8%       0%/100%/0%    1.889    0.065    15.0%     0.0%   0.4941   0.0026     2.3%
   833     2.3s    0.0215    80.0%    80.0%    92.5%        0%/99%/1%    1.882    0.088    20.0%     0.0%   0.4923   0.0108     1.9%
   834     2.3s    0.0197    70.0%    70.0%    89.3%       0%/100%/0%    1.847    0.066    30.0%     0.0%   0.5505   0.0011     1.8%
   835     2.5s    0.0185    75.0%    75.0%    91.9%       0%/100%/0%    1.747    0.085    25.0%     0.0%   0.5136   0.0053     2.1%
   836     2.0s    0.0288    95.0%    95.0%    98.8%       0%/100%/0%    1.926    0.060     5.0%     0.0%   0.4594   0.0060     2.0%
   837     2.2s    0.0209    70.0%    70.0%    88.6%       0%/100%/0%    1.927    0.103    30.0%     0.0%   0.5662  -0.0019     1.8%
   838     2.2s    0.0240    80.0%    80.0%    93.0%       0%/100%/0%    1.725    0.066    20.0%     0.0%   0.4681  -0.0021     0.4%
   839     2.1s    0.0252    75.0%    75.0%    94.8%       0%/100%/0%    1.787    0.087    25.0%     0.0%   0.5465   0.0025     1.5%
   840     2.5s    0.0210    85.0%    85.0%    96.7%       0%/100%/0%    1.922    0.055    15.0%     0.0%   0.5309 -1.60e-05     2.6%
  [MA20] reward=0.0239 task_sr=80.8% miss=19.2% time_limit=0.0% v2v=0.2%
  [PPO ] p_loss=-0.0345 v_loss=1.3218 entropy=0.5309 grad=6.9515 active=35.0%
  [SIM ] avg_power(a)=0.4667 rsu_q=2.735 tx=238 no_tx=0 deadlock=0 svc=31.335GHz idle=29.4%

    Ep    Wall    R/step     T_SR     V_SR     S_SR            L/R/V   Lat(s)       En     Miss      Ill      Ent       KL     Clip
--------------------------------------------------------------------------------------------------------------------------------
   841     2.4s    0.0216    85.0%    85.0%    97.5%       0%/100%/0%    1.883    0.053    15.0%     0.0%   0.5068  -0.0020     1.0%
   842     2.6s    0.0214    85.0%    85.0%    99.2%       0%/100%/0%    2.126    0.067    15.0%     0.0%   0.5296  -0.0009     0.8%
   843     2.3s    0.0187    70.0%    70.0%    87.6%       0%/100%/0%    1.886    0.096    30.0%     0.0%   0.5613   0.0107     1.5%
   844     2.2s    0.0227    70.0%    70.0%    93.3%       0%/100%/0%    1.887    0.083    30.0%     0.0%   0.5041  -0.0022     1.2%
   845     2.2s    0.0183    80.0%    80.0%    91.2%        0%/99%/1%    1.881    0.100    20.0%     0.0%   0.5232   0.0084     2.6%
   846     2.2s    0.0226    75.0%    75.0%    90.3%       0%/100%/0%    1.806    0.073    25.0%     0.0%   0.5244   0.0120     3.1%
   847     2.1s    0.0286    90.0%    90.0%    98.2%       0%/100%/0%    1.667    0.057    10.0%     0.0%   0.4772   0.0063     1.7%
   848     2.5s    0.0145    70.0%    70.0%    92.7%       0%/100%/0%    2.187    0.078    30.0%     0.0%   0.5260   0.0016     3.0%
   849     1.9s    0.0348    95.0%    95.0%    99.6%       0%/100%/0%    1.611    0.037     5.0%     0.0%   0.4711   0.0049     1.7%
   850     2.0s    0.0253    85.0%    85.0%    95.3%       0%/100%/0%    1.671    0.058    15.0%     0.0%   0.4870  -0.0065     4.1%
  [MA20] reward=0.0229 task_sr=80.2% miss=19.7% time_limit=0.0% v2v=0.2%
  [PPO ] p_loss=0.0017 v_loss=0.8625 entropy=0.4870 grad=4.4292 active=41.5%
  [SIM ] avg_power(a)=0.4555 rsu_q=3.852 tx=224 no_tx=0 deadlock=0 svc=27.294GHz idle=3.7%
   851     1.9s    0.0322    90.0%    90.0%    96.8%       0%/100%/0%    1.711    0.075    10.0%     0.0%   0.4953   0.0093     2.4%
   852     2.5s    0.0187    85.0%    85.0%    97.8%       0%/100%/0%    1.811    0.070    15.0%     0.0%   0.5287   0.0065     3.1%
   853     2.4s    0.0265    85.0%    85.0%    96.7%       0%/100%/0%    1.783    0.082    15.0%     0.0%   0.5014   0.0023     3.2%
   854     1.9s    0.0325    85.0%    85.0%    98.7%       0%/100%/0%    1.783    0.073    15.0%     0.0%   0.4459   0.0042     1.0%
   855     2.2s    0.0226    75.0%    75.0%    90.6%       0%/100%/0%    1.780    0.081    25.0%     0.0%   0.4620   0.0133     3.8%
   856     2.1s    0.0264    90.0%    90.0%    91.5%       0%/100%/0%    1.872    0.095    10.0%     0.0%   0.4934   0.0136     1.4%
   857     2.2s    0.0245    95.0%    95.0%   100.0%        0%/99%/1%    1.950    0.049     5.0%     0.0%   0.4552   0.0004     1.9%
   858     2.2s    0.0233    85.0%    85.0%    92.8%       0%/100%/0%    1.729    0.058    15.0%     0.0%   0.4859   0.0110     1.6%
   859     3.1s    0.0077    45.0%    45.0%    87.3%       0%/100%/0%    2.150    0.113    55.0%     0.0%   0.5396   0.0037     3.3%
   860     2.2s    0.0226    80.0%    80.0%    93.2%       0%/100%/0%    1.850    0.070    20.0%     0.0%   0.5109   0.0040     2.4%
  [MA20] reward=0.0233 task_sr=81.0% miss=19.0% time_limit=0.0% v2v=0.2%
  [PPO ] p_loss=-0.0101 v_loss=1.6081 entropy=0.5109 grad=13.3908 active=42.4%
  [SIM ] avg_power(a)=0.4782 rsu_q=3.862 tx=246 no_tx=0 deadlock=0 svc=33.362GHz idle=13.8%

    Ep    Wall    R/step     T_SR     V_SR     S_SR            L/R/V   Lat(s)       En     Miss      Ill      Ent       KL     Clip
--------------------------------------------------------------------------------------------------------------------------------
   861     2.2s    0.0216    80.0%    80.0%    91.3%       0%/100%/0%    1.735    0.061    20.0%     0.0%   0.5051   0.0004     0.8%
   862     2.6s    0.0147    70.0%    70.0%    81.7%       0%/100%/0%    1.907    0.124    30.0%     0.0%   0.5756   0.0214     3.5%
   863     2.0s    0.0271    90.0%    90.0%    96.8%       0%/100%/0%    1.895    0.058    10.0%     0.0%   0.4808   0.0040     1.5%
   864     2.1s    0.0188    65.0%    65.0%    82.4%       0%/100%/0%    1.754    0.106    35.0%     0.0%   0.5238 -9.12e-05     1.3%
   865     2.5s    0.0157    70.0%    70.0%    92.7%       0%/100%/0%    1.933    0.086    30.0%     0.0%   0.5294   0.0043     2.4%
   866     2.1s    0.0268    90.0%    90.0%    97.5%       0%/100%/0%    1.953    0.059    10.0%     0.0%   0.5296   0.0003     1.9%
   867     2.3s    0.0192    75.0%    75.0%    90.2%       0%/100%/0%    1.975    0.077    25.0%     0.0%   0.4857   0.0035     1.7%
   868     2.5s    0.0227    95.0%    95.0%    97.9%       0%/100%/0%    1.926    0.067     5.0%     0.0%   0.4659   0.0021     0.3%
   869     2.1s    0.0236    80.0%    80.0%    95.0%       0%/100%/0%    1.906    0.091    20.0%     0.0%   0.5240   0.0036     0.5%
   870     2.1s    0.0307    95.0%    95.0%    97.4%       0%/100%/0%    1.611    0.049     5.0%     0.0%   0.5079   0.0005     2.0%
  [MA20] reward=0.0229 task_sr=81.2% miss=18.7% time_limit=0.0% v2v=0.1%
  [PPO ] p_loss=0.0140 v_loss=1.5693 entropy=0.5079 grad=53.0257 active=38.6%
  [SIM ] avg_power(a)=0.4817 rsu_q=3.448 tx=224 no_tx=0 deadlock=0 svc=34.100GHz idle=24.1%
   871     2.0s    0.0291    85.0%    85.0%    93.8%       0%/100%/0%    1.771    0.082    15.0%     0.0%   0.4729   0.0109     3.2%
   872     2.0s    0.0270    85.0%    85.0%    98.4%       0%/100%/0%    1.812    0.069    15.0%     0.0%   0.5344   0.0108     2.7%
   873     2.1s    0.0271    90.0%    90.0%    99.2%       0%/100%/0%    1.879    0.084    10.0%     0.0%   0.4689  -0.0001     3.3%
   874     1.9s    0.0332    90.0%    90.0%    99.6%        1%/99%/0%    1.737    0.049    10.0%     0.0%   0.5054   0.0238     3.2%
   875     2.1s    0.0198    80.0%    80.0%    94.9%       0%/100%/0%    2.050    0.094    20.0%     0.0%   0.4870   0.0128     2.4%
   876     2.4s    0.0191    70.0%    70.0%    84.6%       0%/100%/0%    1.829    0.098    30.0%     0.0%   0.4324   0.0050     1.6%
   877     2.6s    0.0186    85.0%    85.0%    96.0%       0%/100%/0%    1.947    0.055    15.0%     0.0%   0.5223  -0.0047     0.7%
   878     2.1s    0.0187    70.0%    70.0%    88.0%       0%/100%/0%    1.913    0.098    30.0%     0.0%   0.4730   0.0053     3.5%
   879     2.3s    0.0217    75.0%    75.0%    94.2%       0%/100%/0%    1.813    0.071    25.0%     0.0%   0.5390   0.0064     5.3%
   880     2.7s    0.0175    85.0%    85.0%    97.0%       0%/100%/0%    1.888    0.061    15.0%     0.0%   0.5477   0.0069     5.4%
  [MA20] reward=0.0226 task_sr=81.2% miss=18.8% time_limit=0.0% v2v=0.0%
  [PPO ] p_loss=-0.0084 v_loss=2.4581 entropy=0.5477 grad=18.1668 active=31.4%
  [SIM ] avg_power(a)=0.4697 rsu_q=2.833 tx=226 no_tx=0 deadlock=0 svc=26.240GHz idle=22.2%

    Ep    Wall    R/step     T_SR     V_SR     S_SR            L/R/V   Lat(s)       En     Miss      Ill      Ent       KL     Clip
--------------------------------------------------------------------------------------------------------------------------------
   881     2.1s    0.0298    85.0%    85.0%    93.6%       0%/100%/0%    1.641    0.047    15.0%     0.0%   0.5310   0.0046     2.8%
   882     2.5s    0.0216    75.0%    75.0%    94.5%       0%/100%/0%    1.719    0.070    25.0%     0.0%   0.5656   0.0020     3.9%
   883     2.4s    0.0150    60.0%    60.0%    87.2%       0%/100%/0%    1.967    0.093    40.0%     0.0%   0.5263  -0.0070     4.5%
   884     2.5s    0.0183    70.0%    70.0%    86.7%       0%/100%/0%    1.814    0.081    30.0%     0.0%   0.5503   0.0105     4.5%
   885     1.9s    0.0336    95.0%    95.0%    99.2%       0%/100%/0%    1.821    0.063     5.0%     0.0%   0.5236   0.0145     2.1%
   886     2.1s    0.0237    85.0%    85.0%    95.6%        0%/99%/0%    1.867    0.088    15.0%     0.0%   0.5195   0.0114     3.7%
   887     2.3s    0.0215    85.0%    85.0%    96.0%       0%/100%/0%    1.853    0.081    15.0%     0.0%   0.5062   0.0106     9.6%
   888     2.1s    0.0259    90.0%    90.0%    98.4%       0%/100%/0%    1.900    0.086    10.0%     0.0%   0.4450   0.0134     7.7%
   889     2.6s    0.0131    55.0%    55.0%    78.7%        0%/99%/1%    1.875    0.118    45.0%     0.0%   0.5237  -0.0048     4.5%
   890     2.7s    0.0188    85.0%    85.0%    95.1%       0%/100%/0%    1.929    0.066    15.0%     0.0%   0.5236   0.0092     5.1%
  [MA20] reward=0.0227 task_sr=80.0% miss=20.0% time_limit=0.0% v2v=0.2%
  [PPO ] p_loss=-0.0236 v_loss=1.2554 entropy=0.5236 grad=4.2738 active=32.5%
  [SIM ] avg_power(a)=0.5101 rsu_q=2.639 tx=234 no_tx=0 deadlock=0 svc=29.978GHz idle=30.6%
   891     2.3s    0.0252    85.0%    85.0%    96.6%       0%/100%/0%    1.753    0.069    15.0%     0.0%   0.4859   0.0094     3.1%
   892     2.2s    0.0213    90.0%    90.0%    95.0%       0%/100%/0%    1.789    0.097    10.0%     0.0%   0.5153   0.0026     4.9%
   893     2.2s    0.0269    90.0%    90.0%    97.5%       0%/100%/0%    1.850    0.076    10.0%     0.0%   0.4876   0.0058     6.8%
   894     1.9s    0.0282    90.0%    90.0%    98.2%       0%/100%/0%    1.694    0.084    10.0%     0.0%   0.4595   0.0111     5.6%
   895     1.9s    0.0319    90.0%    90.0%    99.2%        0%/99%/1%    1.756    0.062    10.0%     0.0%   0.5430   0.0234     7.9%
   896     2.0s    0.0293    90.0%    90.0%    96.5%       0%/100%/0%    1.853    0.084    10.0%     0.0%   0.4487   0.0029     5.1%
   897     2.2s    0.0203    80.0%    80.0%    91.3%       0%/100%/0%    1.838    0.096    20.0%     0.0%   0.5569   0.0084     5.7%
   898     2.1s    0.0313    95.0%    95.0%   100.0%        0%/99%/1%    1.875    0.053     5.0%     0.0%   0.4449   0.0163     4.4%
   899     2.2s    0.0256    80.0%    80.0%    90.8%       0%/100%/0%    1.725    0.076    20.0%     0.0%   0.4806   0.0108     4.1%
   900     2.4s    0.0146    60.0%    60.0%    83.8%        0%/99%/1%    1.885    0.112    40.0%     0.0%   0.5719   0.0094     6.7%
  [MA20] reward=0.0238 task_sr=81.8% miss=18.3% time_limit=0.0% v2v=0.3%
  [PPO ] p_loss=0.0091 v_loss=1.7243 entropy=0.5719 grad=29.6784 active=33.8%
  [SIM ] avg_power(a)=0.4895 rsu_q=1.759 tx=196 no_tx=0 deadlock=0 svc=22.151GHz idle=6.9%

    Ep    Wall    R/step     T_SR     V_SR     S_SR            L/R/V   Lat(s)       En     Miss      Ill      Ent       KL     Clip
--------------------------------------------------------------------------------------------------------------------------------
   901     2.4s    0.0217   100.0%   100.0%   100.0%       0%/100%/0%    2.005    0.084     0.0%     0.0%   0.4533   0.0037     3.0%
   902     2.3s    0.0219    70.0%    70.0%    93.4%       0%/100%/0%    1.788    0.071    30.0%     0.0%   0.5941  -0.0027     7.0%
   903     2.3s    0.0243    75.0%    75.0%    90.6%       0%/100%/0%    1.794    0.098    25.0%     0.0%   0.4754   0.0092     4.1%
   904     2.4s    0.0278    90.0%    90.0%    97.2%        0%/99%/0%    1.683    0.037    10.0%     0.0%   0.4807   0.0008     3.5%
   905     2.1s    0.0311   100.0%   100.0%   100.0%       0%/100%/0%    1.905    0.049     0.0%     0.0%   0.4820   0.0025     3.2%
   906     2.7s    0.0228    90.0%    90.0%    98.0%       0%/100%/0%    1.817    0.076    10.0%     0.0%   0.5281   0.0077     2.2%
   907     2.3s    0.0198    80.0%    80.0%    91.6%       0%/100%/0%    1.825    0.066    20.0%     0.0%   0.5442   0.0091     3.1%
   908     2.4s    0.0199    85.0%    85.0%    98.3%       0%/100%/0%    1.882    0.078    15.0%     0.0%   0.4898   0.0090     2.6%
   909     2.0s    0.0351    90.0%    90.0%   100.0%        0%/99%/1%    1.790    0.059    10.0%     0.0%   0.4311   0.0030     2.8%
   910     2.4s    0.0224    90.0%    90.0%    99.6%       0%/100%/0%    1.853    0.058    10.0%     0.0%   0.4437   0.0117     2.5%
  [MA20] reward=0.0251 task_sr=86.0% miss=14.0% time_limit=0.0% v2v=0.2%
  [PPO ] p_loss=0.0353 v_loss=3.0068 entropy=0.4437 grad=17.4886 active=34.1%
  [SIM ] avg_power(a)=0.4885 rsu_q=3.500 tx=232 no_tx=0 deadlock=0 svc=30.273GHz idle=26.5%
   911     2.3s    0.0164    75.0%    75.0%    89.5%       0%/100%/0%    1.907    0.093    25.0%     0.0%   0.5323   0.0182     4.8%
   912     2.0s    0.0298    95.0%    95.0%    99.6%        0%/99%/1%    1.721    0.058     5.0%     0.0%   0.4617   0.0061     3.4%
   913     2.1s    0.0259    95.0%    95.0%   100.0%       0%/100%/0%    1.940    0.092     5.0%     0.0%   0.4985   0.0075     3.5%
   914     2.2s    0.0233    80.0%    80.0%    94.5%       0%/100%/0%    1.775    0.068    20.0%     0.0%   0.5555   0.0075     2.6%
   915     2.1s    0.0235    75.0%    75.0%    99.1%       0%/100%/0%    1.872    0.085    25.0%     0.0%   0.4926   0.0062     4.5%
   916     2.0s    0.0307    85.0%    85.0%    95.2%       0%/100%/0%    1.676    0.060    15.0%     0.0%   0.5403   0.0008     2.9%
   917     2.1s    0.0233    80.0%    80.0%    93.4%       0%/100%/0%    1.981    0.076    20.0%     0.0%   0.5011   0.0124     2.6%
   918     2.1s    0.0272    95.0%    95.0%    99.6%       0%/100%/0%    1.863    0.045     5.0%     0.0%   0.5074  -0.0009     4.7%
   919     2.1s    0.0291    90.0%    90.0%    92.7%       0%/100%/0%    1.639    0.069    10.0%     0.0%   0.5028   0.0077     4.4%
   920     2.1s    0.0226    80.0%    80.0%    92.2%       0%/100%/0%    1.800    0.082    20.0%     0.0%   0.4660   0.0112     3.3%
  [MA20] reward=0.0249 task_sr=86.0% miss=14.0% time_limit=0.0% v2v=0.2%
  [PPO ] p_loss=-0.0007 v_loss=3.2199 entropy=0.4660 grad=38.1224 active=40.2%
  [SIM ] avg_power(a)=0.4952 rsu_q=3.821 tx=225 no_tx=0 deadlock=0 svc=31.676GHz idle=17.9%

    Ep    Wall    R/step     T_SR     V_SR     S_SR            L/R/V   Lat(s)       En     Miss      Ill      Ent       KL     Clip
--------------------------------------------------------------------------------------------------------------------------------
   921     2.5s    0.0107    60.0%    60.0%    87.1%       0%/100%/0%    2.138    0.121    40.0%     0.0%   0.5256   0.0045     9.2%
   922     2.3s    0.0184    85.0%    85.0%    99.6%       0%/100%/0%    2.068    0.072    15.0%     0.0%   0.4483   0.0054     3.4%
   923     2.2s    0.0258    90.0%    90.0%   100.0%       0%/100%/0%    1.900    0.076    10.0%     0.0%   0.4644  -0.0113     4.2%
   924     2.2s    0.0216    95.0%    95.0%    98.3%       0%/100%/0%    1.932    0.061     5.0%     0.0%   0.4789  -0.0072     3.7%
   925     2.2s    0.0221    80.0%    80.0%    95.8%       0%/100%/0%    1.883    0.065    20.0%     0.0%   0.5026   0.0081     3.7%
   926     2.0s    0.0256    80.0%    80.0%    95.0%       0%/100%/0%    1.724    0.073    20.0%     0.0%   0.5121  -0.0013     2.5%
   927     2.3s    0.0217    75.0%    75.0%    96.1%       0%/100%/0%    1.894    0.079    25.0%     0.0%   0.5058   0.0016     5.3%
   928     2.6s    0.0160    75.0%    75.0%    88.1%       0%/100%/0%    2.107    0.082    25.0%     0.0%   0.5487   0.0096     2.2%
   929     2.2s    0.0221    80.0%    80.0%    96.7%       0%/100%/0%    1.853    0.049    20.0%     0.0%   0.5133   0.0037     4.4%
   930     2.1s    0.0297    85.0%    85.0%    96.1%       0%/100%/0%    1.744    0.068    15.0%     0.0%   0.4795   0.0043     3.1%
  [MA20] reward=0.0233 task_sr=82.8% miss=17.2% time_limit=0.0% v2v=0.1%
  [PPO ] p_loss=-0.0102 v_loss=1.1533 entropy=0.4795 grad=27.7758 active=41.7%
  [SIM ] avg_power(a)=0.4832 rsu_q=3.593 tx=225 no_tx=0 deadlock=0 svc=31.508GHz idle=11.1%
   931     1.8s    0.0293    85.0%    85.0%    94.3%       0%/100%/0%    1.735    0.076    15.0%     0.0%   0.5047   0.0011     2.1%
   932     2.0s    0.0366    95.0%    95.0%    99.2%       0%/100%/0%    1.695    0.046     5.0%     0.0%   0.4813 -8.77e-05     2.1%
   933     2.4s    0.0204    95.0%    95.0%    99.2%       0%/100%/0%    2.089    0.067     5.0%     0.0%   0.5564   0.0044     2.2%
   934     2.0s    0.0309    85.0%    85.0%    93.1%       0%/100%/0%    1.641    0.086    15.0%     0.0%   0.5335   0.0032     3.6%
   935     2.7s    0.0165    70.0%    70.0%    91.1%       0%/100%/0%    1.900    0.087    30.0%     0.0%   0.5335   0.0162     4.2%
   936     2.4s    0.0170    70.0%    70.0%    89.3%       0%/100%/0%    1.964    0.095    30.0%     0.0%   0.4256   0.0002     0.9%
   937     2.3s    0.0199    85.0%    85.0%    97.6%       0%/100%/0%    1.976    0.080    15.0%     0.0%   0.5857  -0.0038     4.0%
   938     2.3s    0.0251    80.0%    80.0%    93.9%        0%/99%/1%    1.718    0.050    20.0%     0.0%   0.5254   0.0004     1.7%
   939     2.2s    0.0184    65.0%    65.0%    90.8%        0%/99%/0%    1.913    0.098    35.0%     0.0%   0.5484   0.0129     1.8%
   940     2.0s    0.0313    95.0%    95.0%    99.2%       0%/100%/0%    1.737    0.051     5.0%     0.0%   0.4795  -0.0029     1.5%
  [MA20] reward=0.0230 task_sr=81.5% miss=18.5% time_limit=0.0% v2v=0.2%
  [PPO ] p_loss=-0.0024 v_loss=1.2130 entropy=0.4795 grad=11.7296 active=45.6%
  [SIM ] avg_power(a)=0.4710 rsu_q=4.577 tx=237 no_tx=0 deadlock=0 svc=38.412GHz idle=23.1%

    Ep    Wall    R/step     T_SR     V_SR     S_SR            L/R/V   Lat(s)       En     Miss      Ill      Ent       KL     Clip
--------------------------------------------------------------------------------------------------------------------------------
   941     1.9s    0.0360    95.0%    95.0%    99.6%       0%/100%/0%    1.611    0.046     5.0%     0.0%   0.4829   0.0009     1.4%
   942     2.2s    0.0268    90.0%    90.0%    96.1%       0%/100%/0%    1.772    0.070    10.0%     0.0%   0.4866  -0.0028     1.3%
   943     2.1s    0.0312    85.0%    85.0%    97.9%       0%/100%/0%    1.682    0.053    15.0%     0.0%   0.4954   0.0140     1.7%
   944     2.0s    0.0365    90.0%    90.0%    98.8%       0%/100%/0%    1.628    0.058    10.0%     0.0%   0.4607   0.0011     0.6%
   945     2.1s    0.0247    85.0%    85.0%    91.6%        0%/99%/1%    1.833    0.079    15.0%     0.0%   0.5018   0.0056     1.5%
   946     2.1s    0.0290    90.0%    90.0%    96.9%       0%/100%/0%    1.778    0.083    10.0%     0.0%   0.4588   0.0030     0.3%
   947     2.5s    0.0220    75.0%    75.0%    91.7%       0%/100%/0%    1.713    0.080    25.0%     0.0%   0.5592   0.0043     0.6%
   948     2.4s    0.0186    80.0%    80.0%    96.7%        0%/99%/1%    1.950    0.071    20.0%     0.0%   0.4833 2.88e-05     1.0%
   949     2.3s    0.0224    75.0%    75.0%    92.8%       0%/100%/0%    1.725    0.076    25.0%     0.0%   0.4927   0.0018     0.7%
   950     2.5s    0.0165    60.0%    60.0%    94.8%        0%/99%/0%    2.120    0.097    40.0%     0.0%   0.4678   0.0064     1.8%
  [MA20] reward=0.0255 task_sr=82.5% miss=17.5% time_limit=0.0% v2v=0.3%
  [PPO ] p_loss=0.0109 v_loss=1.2303 entropy=0.4678 grad=48.4023 active=40.2%
  [SIM ] avg_power(a)=0.4266 rsu_q=4.100 tx=240 no_tx=1 deadlock=0 svc=29.600GHz idle=6.7%
   951     2.3s    0.0237    85.0%    85.0%    94.0%        0%/99%/0%    1.894    0.071    15.0%     0.0%   0.5513  -0.0003     1.4%
   952     1.8s    0.0325    90.0%    90.0%    99.1%        0%/99%/1%    1.656    0.064    10.0%     0.0%   0.4878   0.0005     2.0%
   953     2.2s    0.0215    70.0%    70.0%    90.6%       0%/100%/0%    1.880    0.075    30.0%     0.0%   0.5972   0.0056     3.4%
   954     2.5s    0.0131    45.0%    45.0%    81.4%        0%/99%/1%    2.045    0.122    55.0%     0.0%   0.5108   0.0097     1.9%
   955     2.2s    0.0268    90.0%    90.0%    99.2%       0%/100%/0%    1.850    0.074    10.0%     0.0%   0.5228   0.0072     0.4%
   956     2.6s    0.0147    70.0%    70.0%    94.5%       0%/100%/0%    2.157    0.088    30.0%     0.0%   0.5428  -0.0029     0.7%
   957     2.1s    0.0253    85.0%    85.0%    94.9%       0%/100%/0%    1.853    0.064    15.0%     0.0%   0.5494   0.0068     4.6%
   958     2.0s    0.0231    75.0%    75.0%    96.1%       0%/100%/0%    1.788    0.105    25.0%     0.0%   0.5004   0.0063     1.7%
   959     2.1s    0.0339    85.0%    85.0%    97.4%        0%/99%/1%    1.571    0.068    15.0%     0.0%   0.5075   0.0023     3.2%
   960     2.3s    0.0255    90.0%    90.0%   100.0%       0%/100%/0%    1.930    0.066    10.0%     0.0%   0.4682   0.0064     0.9%
  [MA20] reward=0.0252 task_sr=80.5% miss=19.5% time_limit=0.0% v2v=0.3%
  [PPO ] p_loss=-0.0061 v_loss=1.2701 entropy=0.4682 grad=5.5597 active=41.6%
  [SIM ] avg_power(a)=0.4292 rsu_q=4.172 tx=241 no_tx=0 deadlock=0 svc=33.969GHz idle=24.1%

    Ep    Wall    R/step     T_SR     V_SR     S_SR            L/R/V   Lat(s)       En     Miss      Ill      Ent       KL     Clip
--------------------------------------------------------------------------------------------------------------------------------
   961     2.3s    0.0167    70.0%    70.0%    94.4%       0%/100%/0%    2.082    0.102    30.0%     0.0%   0.5502   0.0024     2.7%
   962     2.4s    0.0223    85.0%    85.0%    95.3%       0%/100%/0%    1.753    0.060    15.0%     0.0%   0.5061   0.0042     2.5%
   963     2.3s    0.0212    90.0%    90.0%    97.5%       0%/100%/0%    1.889    0.072    10.0%     0.0%   0.5168   0.0048     1.4%
   964     2.0s    0.0275    90.0%    90.0%    97.9%       0%/100%/0%    1.779    0.074    10.0%     0.0%   0.4863   0.0092     1.1%
   965     2.8s    0.0184    85.0%    85.0%    96.2%       0%/100%/0%    1.865    0.072    15.0%     0.0%   0.5125   0.0001     2.3%
   966     2.1s    0.0312    95.0%    95.0%    97.3%       0%/100%/0%    1.637    0.057     5.0%     0.0%   0.4539   0.0047     0.5%
   967     2.6s    0.0151    70.0%    70.0%    94.3%       0%/100%/0%    2.044    0.070    30.0%     0.0%   0.5694   0.0060     1.9%
   968     2.6s    0.0164    75.0%    75.0%    88.8%       0%/100%/0%    2.067    0.100    25.0%     0.0%   0.5684   0.0108     4.1%
   969     2.5s    0.0174    70.0%    70.0%    89.9%       0%/100%/0%    1.893    0.084    30.0%     0.0%   0.5526   0.0020     2.8%
   970     2.1s    0.0259    75.0%    75.0%    89.1%       0%/100%/0%    1.813    0.083    25.0%     0.0%   0.4966  -0.0007     1.9%
  [MA20] reward=0.0226 task_sr=79.5% miss=20.5% time_limit=0.0% v2v=0.2%
  [PPO ] p_loss=0.0136 v_loss=1.2940 entropy=0.4966 grad=11.5264 active=39.6%
  [SIM ] avg_power(a)=0.4678 rsu_q=3.074 tx=214 no_tx=0 deadlock=0 svc=28.692GHz idle=3.7%
   971     2.5s    0.0234   100.0%   100.0%   100.0%       0%/100%/0%    1.960    0.072     0.0%     0.0%   0.4490   0.0058     1.2%
   972     2.2s    0.0194    70.0%    70.0%    92.3%       0%/100%/0%    1.879    0.079    30.0%     0.0%   0.4909   0.0045     2.0%
   973     2.1s    0.0223    70.0%    70.0%    88.8%       0%/100%/0%    1.771    0.096    30.0%     0.0%   0.6209   0.0066     4.0%
   974     2.4s    0.0241    85.0%    85.0%    98.3%       0%/100%/0%    1.818    0.056    15.0%     0.0%   0.5666   0.0075     3.4%
   975     2.1s    0.0242    90.0%    90.0%    97.3%       0%/100%/0%    1.789    0.071    10.0%     0.0%   0.4590   0.0028     0.7%
   976     2.4s    0.0171    85.0%    85.0%    97.9%       0%/100%/0%    1.859    0.081    15.0%     0.0%   0.5500  -0.0026     2.1%
   977     1.9s    0.0317    90.0%    90.0%    94.1%       0%/100%/0%    1.739    0.081    10.0%     0.0%   0.5018   0.0009     0.7%
   978     2.2s    0.0202    75.0%    75.0%    89.8%       0%/100%/0%    1.853    0.080    25.0%     0.0%   0.5957   0.0069     1.5%
   979     2.9s    0.0167    75.0%    75.0%    95.1%        0%/98%/1%    2.065    0.054    25.0%     0.0%   0.4893   0.0026     1.7%
   980     2.3s    0.0250    85.0%    85.0%    97.9%       0%/100%/0%    1.833    0.080    15.0%     0.0%   0.4844   0.0063     1.4%
  [MA20] reward=0.0218 task_sr=81.5% miss=18.5% time_limit=0.0% v2v=0.1%
  [PPO ] p_loss=-0.0120 v_loss=1.6403 entropy=0.4844 grad=18.5797 active=39.5%
  [SIM ] avg_power(a)=0.4902 rsu_q=3.448 tx=229 no_tx=0 deadlock=0 svc=28.557GHz idle=13.8%

    Ep    Wall    R/step     T_SR     V_SR     S_SR            L/R/V   Lat(s)       En     Miss      Ill      Ent       KL     Clip
--------------------------------------------------------------------------------------------------------------------------------
   981     2.4s    0.0213    85.0%    85.0%    98.4%       0%/100%/0%    1.994    0.065    15.0%     0.0%   0.5350   0.0047     5.5%
   982     1.9s    0.0312    90.0%    90.0%    96.7%       0%/100%/0%    1.822    0.088    10.0%     0.0%   0.4903   0.0032     0.3%
   983     2.2s    0.0264    90.0%    90.0%    97.6%        0%/99%/0%    1.883    0.057    10.0%     0.0%   0.5269   0.0110     3.5%
   984     2.2s    0.0295    80.0%    80.0%    95.2%       0%/100%/0%    1.556    0.066    20.0%     0.0%   0.5694   0.0073     1.9%
   985     2.6s    0.0204    90.0%    90.0%    96.5%       0%/100%/0%    2.016    0.065    10.0%     0.0%   0.5280   0.0024     2.6%
   986     2.5s    0.0195    75.0%    75.0%    90.7%       0%/100%/0%    1.807    0.070    25.0%     0.0%   0.5557   0.0010     0.7%
   987     1.7s    0.0392    95.0%    95.0%    99.1%        1%/99%/0%    1.621    0.072     5.0%     0.0%   0.5003   0.0048     1.9%
   988     2.1s    0.0277    95.0%    95.0%    98.6%        0%/99%/0%    1.711    0.061     5.0%     0.0%   0.4696  -0.0058     1.3%
   989     2.1s    0.0257    90.0%    90.0%    99.6%       0%/100%/0%    1.858    0.080    10.0%     0.0%   0.5274   0.0071     2.5%
   990     2.4s    0.0225    80.0%    80.0%    95.9%       0%/100%/0%    1.794    0.084    20.0%     0.0%   0.5076   0.0039     2.5%
  [MA20] reward=0.0244 task_sr=84.7% miss=15.2% time_limit=0.0% v2v=0.2%
  [PPO ] p_loss=0.0044 v_loss=1.3377 entropy=0.5076 grad=33.9124 active=37.6%
  [SIM ] avg_power(a)=0.4916 rsu_q=2.903 tx=233 no_tx=0 deadlock=0 svc=33.025GHz idle=32.3%
   991     2.0s    0.0280    95.0%    95.0%    94.9%       0%/100%/0%    1.800    0.087     5.0%     0.0%   0.4728   0.0062     1.0%
   992     2.4s    0.0209    85.0%    85.0%    91.9%       0%/100%/0%    1.976    0.088    15.0%     0.0%   0.5372   0.0097     1.7%
   993     2.3s    0.0200    80.0%    80.0%    99.2%       0%/100%/0%    2.006    0.083    20.0%     0.0%   0.5072   0.0079     0.6%
   994     2.1s    0.0301    95.0%    95.0%    99.1%       0%/100%/0%    1.716    0.064     5.0%     0.0%   0.5263   0.0040     3.2%
   995     2.6s    0.0143    60.0%    60.0%    73.7%        1%/99%/0%    1.717    0.098    40.0%     0.0%   0.5979   0.0011     5.1%
   996     2.1s    0.0303    85.0%    85.0%    92.1%       0%/100%/0%    1.794    0.082    15.0%     0.0%   0.4801   0.0065     2.1%
   997     2.4s    0.0257    90.0%    90.0%    98.4%       0%/100%/0%    1.947    0.072    10.0%     0.0%   0.5480   0.0062     1.6%
   998     2.0s    0.0238    75.0%    75.0%    94.1%       0%/100%/0%    1.794    0.077    25.0%     0.0%   0.5696   0.0108     0.9%
   999     2.1s    0.0251    95.0%    95.0%   100.0%       0%/100%/0%    1.900    0.073     5.0%     0.0%   0.5153   0.0040     3.0%
  1000     2.2s    0.0209    75.0%    75.0%    87.8%       0%/100%/0%    1.888    0.092    25.0%     0.0%   0.5177   0.0077     1.7%
  [MA20] reward=0.0251 task_sr=85.2% miss=14.8% time_limit=0.0% v2v=0.2%
  [PPO ] p_loss=0.0153 v_loss=1.1603 entropy=0.5177 grad=13.1026 active=36.2%
  [SIM ] avg_power(a)=0.4951 rsu_q=3.207 tx=210 no_tx=0 deadlock=0 svc=26.138GHz idle=6.9%

[Train] completed: episodes=1000 best_reward=0.9525 best_success_rate(50ep)=0.8600
[Train] key outputs: /root/vecOffloadingSim/runs/e1_schemeA/logs/metrics.csv, /root/vecOffloadingSim/runs/e1_schemeA/logs/training_stats.csv, /root/vecOffloadingSim/runs/e1_schemeA/models/best_model.pth, /root/vecOffloadingSim/runs/e1_schemeA/models/last_model.pth

[Auto Plot] Generating training plots...
[DataRecorder] Training stats plots saved to: /root/vecOffloadingSim/runs/e1_schemeA/plots
[Auto Plot] plot_results.py ...
[Auto Plot] ✓ Saved: fig_latency_with_baselines.png | ✓ Saved: fig_summary_dashboard.png | ✓ All plots saved to: /root/vecOffloadingSim/runs/e1_schemeA/plots
[Auto Plot] plot_results.py done in 12.7s
[Auto Plot] generate_all_plots.py ...
[Auto Plot] ⚠ No baseline data found, skipping baseline comparison plot | ✓ All plots saved to: /root/vecOffloadingSim/runs/e1_schemeA/plots |   Total plots: 8
[Auto Plot] generate_all_plots.py done in 6.6s
[DataRecorder] All plots generated in: /root/vecOffloadingSim/runs/e1_schemeA/plots
[Auto Plot] jobs: ok=4 skipped=1 failed=0
[Auto Plot] generated figures: 34
[Auto Plot] sample: bias_annealing.png, cpu_efficiency.png, episode_duration.png, fig_constraint_health.png, fig_convergence_analysis.png, fig_convergence_baseline.png, fig_decision_distribution.png, fig_latency_with_baselines.png
[Auto Plot] manifest: /root/vecOffloadingSim/runs/e1_schemeA/plots/plot_manifest.json
[Postprocess] loaded env_reward.jsonl: /root/vecOffloadingSim/runs/e1_schemeA/logs/env_reward.jsonl
✓ Wrote: /root/vecOffloadingSim/runs/e1_schemeA/metrics/train_metrics_full.csv (rows=1000 cols=325)
✓ Loaded 1000 episodes from runs/e1_schemeA/metrics/train_metrics_full.csv
⚠ No baseline data found
✓ Output directory: runs/e1_schemeA/plots

[Generating Plots]
/root/vecOffloadingSim/scripts/plot_results.py:182: UserWarning: No artists with labels found to put in legend.  Note that artists whose label start with an underscore are ignored when legend() is called with no argument.
  ax.legend(loc='best', framealpha=0.9)
✓ Saved: fig_convergence_baseline.png
✓ Saved: fig_policy_evolution.png
/root/vecOffloadingSim/scripts/plot_results.py:240: UserWarning: No artists with labels found to put in legend.  Note that artists whose label start with an underscore are ignored when legend() is called with no argument.
  ax.legend(loc='best', framealpha=0.9)
/root/vecOffloadingSim/scripts/plot_results.py:255: UserWarning: No artists with labels found to put in legend.  Note that artists whose label start with an underscore are ignored when legend() is called with no argument.
  ax.legend(loc='best', framealpha=0.9)
✓ Saved: fig_training_diagnostics.png
/root/vecOffloadingSim/scripts/plot_results.py:354: UserWarning: No artists with labels found to put in legend.  Note that artists whose label start with an underscore are ignored when legend() is called with no argument.
  ax.legend(loc='best', framealpha=0.9)
/root/vecOffloadingSim/scripts/plot_results.py:365: UserWarning: No artists with labels found to put in legend.  Note that artists whose label start with an underscore are ignored when legend() is called with no argument.
  ax.legend(loc='best', framealpha=0.9)
✓ Saved: fig_physical_metrics.png
✓ Saved: fig_constraint_health.png
✓ Saved: fig_latency_with_baselines.png
/root/vecOffloadingSim/scripts/plot_results.py:434: UserWarning: No artists with labels found to put in legend.  Note that artists whose label start with an underscore are ignored when legend() is called with no argument.
  ax.legend(loc='best', framealpha=0.9)
✓ Saved: fig_summary_dashboard.png

✓ All plots saved to: runs/e1_schemeA/plots
