[STAGE-C] [ConfigDump] saved: /root/vecOffloadingSim/runs/paper_stageC_seed42_20260217_183854/config_dump.json
[STAGE-C] [ConfigSnapshot] saved: /root/vecOffloadingSim/runs/paper_stageC_seed42_20260217_183854/logs/config_snapshot.json
[STAGE-C] [RunMeta] saved: /root/vecOffloadingSim/runs/paper_stageC_seed42_20260217_183854/run_meta.json
[STAGE-C] 
[STAGE-C] ======================================================================================================================
[STAGE-C] [Train] MAPPO VEC training started
[STAGE-C] ======================================================================================================================
[STAGE-C] [Run] id=paper_stageC_seed42_20260217_183854 seed=42 device=cuda reward=UNIFIED candidate=ALL (all_feasible=True)
[STAGE-C] [Train] episodes=600 steps/ep=200 eval_interval=1 save_interval=100 baseline_eval=off
[STAGE-C] [Scenario] vehicles=20 rsu=3 map=1000.0m lanes=2 v2v_range=250.0m rsu_range=350.0m
[STAGE-C] [Physics] BW_V2I=18.00MHz BW_V2V=10.00MHz RB=3 Ptx=[0.0200,0.1995]W (13.0,23.0 dBm) DT=0.100s
[STAGE-C] [ScaleCheck] UNIFIED nominal: E_loc=9J E_tx=0.00450571J r_time=-0.004 r_energy=-2.60303e-06 r_interf=-0.1 r_risk=-0.0575109 (B_RB=3.33333e+06Hz, SNR=20dB, dt=0.1, Td=10, rho=0.7)
[STAGE-C] [Compute] f_local=[2.00,8.00]GHz f_rsu=12.00GHz
[STAGE-C] [PPO] lr=3.00e-04 gamma=0.990 gae=0.950 clip=0.250 ent=0.001 batch=256 epochs=5 d_model=128 layers=2
[STAGE-C] [Logging] step_metrics=off step_logs=off tb_obs=on
[STAGE-C] [Paths] run=/root/vecOffloadingSim/runs/paper_stageC_seed42_20260217_183854
[STAGE-C] [Paths] logs=/root/vecOffloadingSim/runs/paper_stageC_seed42_20260217_183854/logs  models=/root/vecOffloadingSim/runs/paper_stageC_seed42_20260217_183854/models  plots=/root/vecOffloadingSim/runs/paper_stageC_seed42_20260217_183854/plots
[STAGE-C] ======================================================================================================================
[STAGE-C] 
[STAGE-C] 
[STAGE-C]     Ep    Wall    R/step     T_SR     V_SR     S_SR            L/R/V   Lat(s)       En     Miss      Ill      Ent       KL     Clip
[STAGE-C] --------------------------------------------------------------------------------------------------------------------------------
[STAGE-C]      1    24.3s   -0.0603     0.0%     0.0%    12.3%       17%/6%/77%    0.000 6.43e-04   100.0%     0.0%   2.2621  -0.0132     8.3%
[STAGE-C]   [MA20] reward=-0.0603 task_sr=0.0% miss=100.0% time_limit=100.0% v2v=77.3%
[STAGE-C]   [PPO ] p_loss=-0.2864 v_loss=23.7890 entropy=2.2621 grad=45.6963 active=1.7%
[STAGE-C]   [SIM ] avg_power(a)=0.4951 rsu_q=0.000 tx=53 no_tx=11 deadlock=0 svc=0.073GHz idle=0.0%
[STAGE-C]   [CMDP] lambda(E/I/R)=(0.000/0.000/0.000) cost(E/I/R)=(0.000/0.015/0.372)
[STAGE-C]      2    23.4s   -0.0717     0.0%     0.0%    20.9%      24%/12%/64%    0.000    0.001   100.0%     0.0%   2.2848  -0.0109    12.4%
[STAGE-C]      3    21.3s   -0.0613     0.0%     0.0%    27.9%      34%/12%/54%    0.000    0.001   100.0%     0.0%   2.0769   0.0364    11.1%
[STAGE-C]      4    22.6s   -0.1120     0.0%     0.0%    24.2%      29%/11%/60%    0.000    0.001   100.0%     0.0%   2.2332   0.0448    11.1%
[STAGE-C]      5     7.1s   -0.0983     0.0%     0.0%    21.2%      32%/12%/56%    0.000    0.003   100.0%     0.0%   2.0988   0.0224     5.0%
[STAGE-C]      6    23.5s   -0.0386     0.0%     0.0%    25.9%      29%/16%/55%    0.000    0.001   100.0%     0.0%   2.1333   0.0740    28.6%
[STAGE-C]      7    22.9s   -0.0319     0.0%     0.0%    19.2%      32%/12%/56%    0.000    0.002   100.0%     0.0%   2.1328  -0.0030    10.0%
[STAGE-C]      8    21.4s   -0.2537     0.0%     0.0%    30.7%      29%/18%/53%    0.000    0.001   100.0%     0.0%   2.1158  -0.0069     7.1%
[STAGE-C]      9    21.7s   -0.0655     0.0%     0.0%    39.1%      32%/15%/52%    0.000    0.002   100.0%     0.0%   2.0598  -0.0141    10.0%
[STAGE-C]     10    22.1s   -0.1110     0.0%     0.0%    26.5%      39%/15%/46%    0.000    0.001   100.0%     0.0%   2.0977  -0.0138    21.5%
[STAGE-C]   [MA20] reward=-0.0904 task_sr=0.0% miss=100.0% time_limit=90.0% v2v=57.4%
[STAGE-C]   [PPO ] p_loss=0.0788 v_loss=2.4863 entropy=2.0977 grad=31.7802 active=2.7%
[STAGE-C]   [SIM ] avg_power(a)=0.5022 rsu_q=0.000 tx=61 no_tx=43 deadlock=0 svc=0.173GHz idle=0.0%
[STAGE-C]   [CMDP] lambda(E/I/R)=(0.000/0.000/0.000) cost(E/I/R)=(0.000/0.086/0.291)
[STAGE-C]     11    24.0s   -0.0639     5.0%     5.0%    23.6%      30%/18%/53%    1.000    0.001    95.0%     0.0%   2.2942  -0.0164     5.6%
[STAGE-C]     12    21.6s   -0.0337     0.0%     0.0%    36.1%      31%/19%/50%    0.000    0.001   100.0%     0.0%   2.0126   0.1286    14.3%
[STAGE-C]     13    22.6s   -0.0337     0.0%     0.0%    31.5%      29%/18%/52%    0.000    0.002   100.0%     0.0%   2.0153   0.0359    18.5%
[STAGE-C]     14    21.7s   -0.0286     0.0%     0.0%    20.0%      30%/14%/56%    0.000 8.55e-04   100.0%     0.0%   2.1601  -0.0429    26.4%
[STAGE-C]     15    22.2s   -0.0390     0.0%     0.0%    19.4%      28%/16%/56%    0.000    0.002   100.0%     0.0%   1.9817   0.0281    10.0%
[STAGE-C]     16    23.0s   -0.0367     0.0%     0.0%    19.2%      23%/14%/63%    0.000 9.45e-04   100.0%     0.0%   2.3208   0.0497    12.5%
[STAGE-C]     17    23.8s   -0.1189     0.0%     0.0%    21.4%      22%/20%/57%    0.000    0.001   100.0%     0.0%   1.9811   0.0274     0.0%
[STAGE-C]     18    24.6s   -0.0957     0.0%     0.0%    23.0%      20%/25%/55%    0.000 8.22e-04   100.0%     0.0%   2.4037  -0.0106    12.9%
[STAGE-C]     19    19.8s   -0.0327     0.0%     0.0%    44.8%      25%/29%/46%    0.000    0.001   100.0%     0.0%   1.9887   0.0819    11.1%
[STAGE-C]     20    21.0s   -0.1924     5.0%     5.0%    37.9%      22%/33%/45%    0.800    0.001    95.0%     0.0%   2.0661   0.0458    12.5%
[STAGE-C]   [MA20] reward=-0.0790 task_sr=0.5% miss=99.5% time_limit=95.0% v2v=55.4%
[STAGE-C]   [PPO ] p_loss=-0.2281 v_loss=1.2173 entropy=2.0661 grad=1.8593 active=3.5%
[STAGE-C]   [SIM ] avg_power(a)=0.5032 rsu_q=0.000 tx=98 no_tx=31 deadlock=0 svc=0.267GHz idle=0.0%
[STAGE-C]   [CMDP] lambda(E/I/R)=(0.000/0.000/0.000) cost(E/I/R)=(0.000/0.083/0.262)
[STAGE-C]   → Best model saved: Success Rate = 0.005 (50-ep avg)
[STAGE-C] 
[STAGE-C]     Ep    Wall    R/step     T_SR     V_SR     S_SR            L/R/V   Lat(s)       En     Miss      Ill      Ent       KL     Clip
[STAGE-C] --------------------------------------------------------------------------------------------------------------------------------
[STAGE-C]     21    21.2s   -0.5683     0.0%     0.0%    31.5%      28%/19%/53%    1.200    0.002   100.0%     0.0%   2.0160   0.0478    11.1%
[STAGE-C]     22    24.0s   -0.0471     0.0%     0.0%    34.9%      22%/20%/58%    0.000    0.002   100.0%     0.0%   2.2513   0.0648    33.3%
[STAGE-C]     23    20.7s   -0.0360     0.0%     0.0%    36.2%      29%/24%/47%    0.000    0.002   100.0%     0.0%   2.1277   0.0042    16.7%
[STAGE-C]     24    21.7s   -0.0619     0.0%     0.0%    26.8%      19%/18%/64%    0.000    0.001   100.0%     0.0%   2.2809   0.0605    10.0%
[STAGE-C]     25    22.4s   -0.2206     0.0%     0.0%    29.2%      24%/18%/58%    0.000    0.002   100.0%     0.0%   2.2035   0.0410     5.6%
[STAGE-C]     26    22.5s   -0.0459    10.0%    10.0%    35.6%      22%/23%/54%    1.400    0.002    90.0%     0.0%   2.1617  -0.0237    18.6%
[STAGE-C]     27    21.6s   -0.0427     0.0%     0.0%    34.1%      20%/23%/58%    0.000    0.002   100.0%     0.0%   2.2476   0.0095    25.0%
[STAGE-C]     28    23.0s   -0.0377     0.0%     0.0%    29.8%      19%/23%/57%    0.000    0.001   100.0%     0.0%   2.2630   0.0131     9.9%
[STAGE-C]     29    22.2s   -0.0466     0.0%     0.0%    25.3%      26%/20%/53%    1.600    0.001   100.0%     0.0%   2.2034   0.0379    10.0%
[STAGE-C]     30    21.3s   -0.0905     0.0%     0.0%    38.8%      27%/20%/53%    0.000    0.002   100.0%     0.0%   2.1271  -0.0168    19.9%
[STAGE-C]   [MA20] reward=-0.0936 task_sr=1.0% miss=99.0% time_limit=100.0% v2v=54.5%
[STAGE-C]   [PPO ] p_loss=0.1701 v_loss=1.1026 entropy=2.1271 grad=10.3780 active=4.0%
[STAGE-C]   [SIM ] avg_power(a)=0.4980 rsu_q=0.000 tx=104 no_tx=43 deadlock=0 svc=0.239GHz idle=0.0%
[STAGE-C]   [CMDP] lambda(E/I/R)=(0.000/0.000/0.000) cost(E/I/R)=(0.000/0.033/0.265)
[STAGE-C]     31    20.5s   -0.0383     0.0%     0.0%    44.9%      32%/30%/38%    0.000    0.002   100.0%     0.0%   2.0442   0.0257    40.0%
[STAGE-C]     32    19.7s   -0.0397     5.0%     5.0%    47.9%      29%/25%/46%    0.800    0.002    95.0%     0.0%   2.0907   0.0319    14.6%
[STAGE-C]     33    22.8s   -0.0997     0.0%     0.0%    31.8%      21%/28%/51%    0.000 9.43e-04   100.0%     0.0%   2.2896   0.0711    14.3%
[STAGE-C]     34    22.9s   -0.0457     0.0%     0.0%    18.7%      21%/22%/57%    0.000 7.10e-04   100.0%     0.0%   2.0992   0.1001    28.6%
[STAGE-C]     35    22.7s   -0.1383     0.0%     0.0%    37.8%      18%/27%/55%    0.000    0.001   100.0%     0.0%   2.2281  -0.0070    23.1%
[STAGE-C]     36    21.3s   -0.2113     5.0%     5.0%    31.4%      22%/27%/51%    1.200    0.001    95.0%     0.0%   2.2465   0.0259    11.9%
[STAGE-C]     37    21.0s   -0.0481     5.0%     5.0%    36.7%      21%/27%/53%    1.200    0.002    95.0%     0.0%   2.1131   0.0455    45.8%
[STAGE-C]     38    21.3s   -0.1119     0.0%     0.0%    39.5%      20%/36%/44%    0.000    0.002   100.0%     0.0%   2.0634   0.0494    10.0%
[STAGE-C]     39    20.6s   -0.0308    10.0%    10.0%    40.8%      24%/36%/40%    1.350    0.002    90.0%     0.0%   1.8916   0.1066    50.0%
[STAGE-C]     40    20.2s   -0.0416     5.0%     5.0%    46.7%      26%/31%/43%    1.600    0.002    95.0%     0.0%   2.0974   0.0081     6.9%
[STAGE-C]   [MA20] reward=-0.1001 task_sr=2.0% miss=98.0% time_limit=100.0% v2v=51.7%
[STAGE-C]   [PPO ] p_loss=-0.0688 v_loss=1.2178 entropy=2.0974 grad=2.3126 active=3.9%
[STAGE-C]   [SIM ] avg_power(a)=0.4969 rsu_q=0.000 tx=107 no_tx=41 deadlock=0 svc=0.314GHz idle=0.0%
[STAGE-C]   [CMDP] lambda(E/I/R)=(0.000/0.000/0.000) cost(E/I/R)=(0.000/0.008/0.236)
[STAGE-C]   → Best model saved: Success Rate = 0.013 (50-ep avg)
[STAGE-C] 
[STAGE-C]     Ep    Wall    R/step     T_SR     V_SR     S_SR            L/R/V   Lat(s)       En     Miss      Ill      Ent       KL     Clip
[STAGE-C] --------------------------------------------------------------------------------------------------------------------------------
[STAGE-C]     41    20.7s   -0.0626    10.0%    10.0%    41.6%      23%/30%/46%    1.050    0.001    90.0%     0.0%   2.1480   0.0787    25.0%
[STAGE-C]     42    20.6s   -0.0602     0.0%     0.0%    43.5%      27%/33%/40%    1.300    0.002   100.0%     0.0%   2.0865   0.0554    25.0%
[STAGE-C]     43    12.5s   -0.0328     5.0%     5.0%    31.3%      22%/30%/48%    1.300    0.003    95.0%     0.0%   2.2976   0.0476    28.6%
[STAGE-C]     44    22.3s   -0.0362     5.0%     5.0%    45.4%      16%/39%/45%    1.500    0.001    95.0%     0.0%   2.2531  -0.0016    21.8%
[STAGE-C]     45    22.0s   -0.0466     0.0%     0.0%    29.5%      23%/23%/54%    0.000    0.001   100.0%     0.0%   2.1623   0.1625    14.3%
[STAGE-C]     46    20.7s   -0.0431     0.0%     0.0%    44.7%      34%/20%/46%    0.000    0.002   100.0%     0.0%   2.1210   0.0219     8.3%
[STAGE-C]     47    21.6s   -0.0437     0.0%     0.0%    35.4%      26%/27%/47%    0.000    0.002   100.0%     0.0%   2.2110   0.0150    14.8%
[STAGE-C]     48    22.1s   -0.0638     0.0%     0.0%    22.8%      25%/21%/54%    0.000    0.001   100.0%     0.0%   2.4190   0.0210    22.9%
[STAGE-C]     49    23.4s   -0.1676     0.0%     0.0%    18.8%      18%/16%/66%    0.000 8.23e-04   100.0%     0.0%   2.2412  -0.0322    16.7%
[STAGE-C]     50    23.7s   -0.0364     0.0%     0.0%    17.2%      15%/15%/70%    0.000 9.50e-04   100.0%     0.0%   2.2745   0.0546    20.0%
[STAGE-C]   [MA20] reward=-0.0699 task_sr=2.5% miss=97.5% time_limit=95.0% v2v=49.8%
[STAGE-C]   [PPO ] p_loss=0.7833 v_loss=1.9168 entropy=2.2745 grad=4.6783 active=2.2%
[STAGE-C]   [SIM ] avg_power(a)=0.4965 rsu_q=0.000 tx=70 no_tx=13 deadlock=0 svc=0.115GHz idle=0.0%
[STAGE-C]   [CMDP] lambda(E/I/R)=(0.000/0.000/0.000) cost(E/I/R)=(0.000/0.007/0.322)
[STAGE-C]     51    23.3s   -0.0380     0.0%     0.0%    18.9%      14%/20%/67%    0.000 6.17e-04   100.0%     0.0%   2.2514  -0.0053     8.3%
[STAGE-C]     52    20.6s   -0.0401     0.0%     0.0%    42.6%      26%/18%/56%    0.000    0.002   100.0%     0.0%   1.8919   0.0765     0.0%
[STAGE-C]     53    22.5s   -0.0357     0.0%     0.0%    16.8%      28%/14%/59%    0.000 9.61e-04   100.0%     0.0%   2.2225  -0.0270     8.3%
[STAGE-C]     54    18.1s   -0.0290     0.0%     0.0%    20.2%      27%/15%/58%    0.000    0.001   100.0%     0.0%   2.1973  -0.0029    27.2%
[STAGE-C]     55    22.8s   -0.0766     0.0%     0.0%    25.1%      34%/10%/56%    0.000    0.002   100.0%     0.0%   2.0819  -0.0558    15.4%
[STAGE-C]     56    20.9s   -0.0352     0.0%     0.0%    11.8%       21%/7%/72%    0.000    0.001   100.0%     0.0%   2.0321   0.0505    57.1%
[STAGE-C]     57    24.5s   -0.0415     0.0%     0.0%    29.4%      23%/14%/63%    0.000    0.001   100.0%     0.0%   2.4054   0.0676     0.0%
[STAGE-C]     58    21.4s   -0.0395     0.0%     0.0%    39.4%      38%/18%/44%    0.000    0.003   100.0%     0.0%   2.1609   0.1184    16.7%
[STAGE-C]     59    21.8s   -0.0925     0.0%     0.0%    27.8%      34%/12%/53%    0.000    0.002   100.0%     0.0%   2.0598   0.0369    18.5%
[STAGE-C]     60    21.0s   -0.0313     0.0%     0.0%    25.3%      33%/16%/50%    0.000    0.001   100.0%     0.0%   2.2804   0.0206     9.1%
[STAGE-C]   [MA20] reward=-0.0526 task_sr=1.0% miss=99.0% time_limit=80.0% v2v=54.8%
[STAGE-C]   [PPO ] p_loss=-0.0329 v_loss=0.8635 entropy=2.2804 grad=4.3532 active=2.7%
[STAGE-C]   [SIM ] avg_power(a)=0.4937 rsu_q=0.000 tx=66 no_tx=35 deadlock=0 svc=0.180GHz idle=0.5%
[STAGE-C]   [CMDP] lambda(E/I/R)=(0.000/0.000/0.000) cost(E/I/R)=(0.000/0.000/0.277)
[STAGE-C] 
[STAGE-C]     Ep    Wall    R/step     T_SR     V_SR     S_SR            L/R/V   Lat(s)       En     Miss      Ill      Ent       KL     Clip
[STAGE-C] --------------------------------------------------------------------------------------------------------------------------------
[STAGE-C]     61    21.3s   -0.0343     0.0%     0.0%    27.8%      32%/14%/54%    0.000    0.001   100.0%     0.0%   2.1898   0.1248    22.2%
[STAGE-C]     62    21.9s   -0.1959     0.0%     0.0%    29.5%      34%/13%/53%    0.000    0.002   100.0%     0.0%   2.1158   0.0237    20.4%
[STAGE-C]     63    22.1s   -0.0617     0.0%     0.0%    21.7%      32%/13%/55%    0.000    0.001   100.0%     0.0%   1.8480   0.0374    10.0%
[STAGE-C]     64    21.8s   -0.1428     0.0%     0.0%    34.8%      29%/18%/53%    0.000    0.002   100.0%     0.0%   2.1309   0.0362    15.5%
[STAGE-C]     65    21.6s   -0.3746     0.0%     0.0%    33.8%      31%/22%/47%    0.000    0.001   100.0%     0.0%   2.2800   0.0447     0.0%
[STAGE-C]     66    22.1s   -0.1104     0.0%     0.0%    28.1%      29%/19%/52%    0.000    0.001   100.0%     0.0%   2.0610   0.0077    17.8%
[STAGE-C]     67    19.6s   -0.0391     0.0%     0.0%    19.0%      33%/15%/51%    0.000    0.001   100.0%     0.0%   2.1969   0.0950     0.0%
[STAGE-C]     68    22.6s   -0.0731     0.0%     0.0%    35.0%      26%/23%/52%    0.000    0.002   100.0%     0.0%   2.0913  -0.0515    14.3%
[STAGE-C]     69    21.1s   -0.0320     0.0%     0.0%    45.8%      35%/23%/42%    0.000    0.003   100.0%     0.0%   2.0962   0.1886    50.0%
[STAGE-C]     70    20.5s   -0.0830     0.0%     0.0%    38.7%      38%/23%/39%    0.000    0.002   100.0%     0.0%   1.9433   0.0170     8.3%
[STAGE-C]   [MA20] reward=-0.0803 task_sr=0.0% miss=100.0% time_limit=80.0% v2v=53.9%
[STAGE-C]   [PPO ] p_loss=-0.2197 v_loss=1.1713 entropy=1.9433 grad=1.6105 active=3.5%
[STAGE-C]   [SIM ] avg_power(a)=0.5038 rsu_q=0.000 tx=79 no_tx=52 deadlock=0 svc=0.257GHz idle=0.0%
[STAGE-C]   [CMDP] lambda(E/I/R)=(0.000/0.000/0.000) cost(E/I/R)=(0.000/0.024/0.253)
[STAGE-C]     71    22.0s   -0.0535     0.0%     0.0%    29.6%      33%/16%/51%    0.000    0.001   100.0%     0.0%   2.0350   0.0232     6.7%
[STAGE-C]     72    22.2s   -0.0316     0.0%     0.0%    31.5%      35%/20%/45%    0.000    0.002   100.0%     0.0%   2.0116   0.0657     0.0%
[STAGE-C]     73    20.8s   -0.0362     0.0%     0.0%    26.0%      41%/10%/50%    0.000    0.002   100.0%     0.0%   2.0736   0.0235    21.0%
[STAGE-C]     74    23.9s   -0.1703     0.0%     0.0%    38.7%      30%/18%/52%    0.000    0.002   100.0%     0.0%   2.1496   0.1273    16.7%
[STAGE-C]     75    21.6s   -0.0325     5.0%     5.0%    30.6%      37%/18%/45%    0.800    0.002    95.0%     0.0%   2.3399   0.0543    10.0%
[STAGE-C]     76    22.2s   -0.0996     0.0%     0.0%    28.6%      36%/19%/45%    0.000    0.002   100.0%     0.0%   2.0599   0.0067     5.6%
[STAGE-C]     77    23.1s   -0.0540     0.0%     0.0%    26.7%      31%/20%/49%    0.000 7.68e-04   100.0%     0.0%   2.3744   0.1199    25.0%
[STAGE-C]     78    14.6s   -0.0503     5.0%     5.0%    35.7%      46%/12%/41%    0.800    0.003    95.0%     0.0%   1.8653   0.0413    12.2%
[STAGE-C]     79    21.6s   -0.0703     5.0%     5.0%    31.8%      36%/23%/41%    1.300    0.002    95.0%     0.0%   2.1099   0.0412     0.0%
[STAGE-C]     80    21.3s   -0.0753     0.0%     0.0%    36.7%      32%/22%/45%    0.000    0.001   100.0%     0.0%   1.9851   0.0418    28.6%
[STAGE-C]   [MA20] reward=-0.0910 task_sr=0.8% miss=99.2% time_limit=90.0% v2v=48.1%
[STAGE-C]   [PPO ] p_loss=0.1406 v_loss=1.1555 entropy=1.9851 grad=3.1583 active=3.5%
[STAGE-C]   [SIM ] avg_power(a)=0.4958 rsu_q=0.000 tx=88 no_tx=45 deadlock=0 svc=0.234GHz idle=0.0%
[STAGE-C]   [CMDP] lambda(E/I/R)=(0.000/0.000/0.000) cost(E/I/R)=(0.000/0.025/0.231)
[STAGE-C] 
[STAGE-C]     Ep    Wall    R/step     T_SR     V_SR     S_SR            L/R/V   Lat(s)       En     Miss      Ill      Ent       KL     Clip
[STAGE-C] --------------------------------------------------------------------------------------------------------------------------------
[STAGE-C]     81    21.9s   -0.0517     0.0%     0.0%    32.4%      45%/16%/40%    0.000    0.002   100.0%     0.0%   2.1106  -0.0005    17.1%
[STAGE-C]     82    21.0s   -0.2206     0.0%     0.0%    36.7%      33%/20%/47%    0.000    0.002   100.0%     0.0%   2.0515  -0.0555    16.7%
[STAGE-C]     83    19.4s   -0.0271    15.0%    15.0%    41.1%      44%/18%/38%    1.033    0.002    85.0%     0.0%   1.9432   0.0228     0.0%
[STAGE-C]     84    23.0s   -0.0353     5.0%     5.0%    21.9%      28%/16%/55%    0.800    0.001    95.0%     0.0%   2.1493  -0.0140    14.5%
[STAGE-C]     85    24.3s   -0.0523     0.0%     0.0%    22.5%      31%/12%/56%    0.000    0.001   100.0%     0.0%   2.3246  -0.0492    35.7%
[STAGE-C]     86    21.2s   -0.1944     0.0%     0.0%    30.8%      30%/26%/44%    0.000    0.002   100.0%     0.0%   2.0926  -0.0494    13.0%
[STAGE-C]     87    22.3s   -0.0413     0.0%     0.0%    23.6%      27%/14%/59%    0.000    0.001   100.0%     0.0%   2.1244   0.0368    25.0%
[STAGE-C]     88    25.1s   -0.0329     0.0%     0.0%    19.4%      18%/13%/69%    0.000    0.001   100.0%     0.0%   2.5113   0.1279    48.4%
[STAGE-C]     89    23.0s   -0.0799     0.0%     0.0%    29.5%      30%/18%/52%    0.000    0.002   100.0%     0.0%   2.0826   0.0359    37.5%
[STAGE-C]     90    21.9s   -0.0468     0.0%     0.0%    29.7%      29%/24%/47%    0.000 7.24e-04   100.0%     0.0%   2.1471   0.0158     5.6%
[STAGE-C]   [MA20] reward=-0.0728 task_sr=1.7% miss=98.2% time_limit=95.0% v2v=48.5%
[STAGE-C]   [PPO ] p_loss=-0.0175 v_loss=2.1517 entropy=2.1471 grad=20.2174 active=2.8%
[STAGE-C]   [SIM ] avg_power(a)=0.4998 rsu_q=0.000 tx=73 no_tx=32 deadlock=0 svc=0.183GHz idle=0.0%
[STAGE-C]   [CMDP] lambda(E/I/R)=(0.000/0.000/0.000) cost(E/I/R)=(0.000/0.004/0.263)
[STAGE-C]     91    15.2s   -0.0382     5.0%     5.0%    28.0%      23%/26%/50%    0.800    0.001    95.0%     0.0%   2.2615   0.1004    28.6%
[STAGE-C]     92    22.0s   -0.0345     0.0%     0.0%    29.8%      28%/18%/54%    0.000    0.001   100.0%     0.0%   2.1116   0.0236     0.0%
[STAGE-C]     93    21.3s   -0.0319     0.0%     0.0%    37.2%      30%/20%/50%    0.000    0.002   100.0%     0.0%   2.1101   0.1858    42.9%
[STAGE-C]     94    21.9s   -0.0445     0.0%     0.0%    42.3%      23%/32%/46%    0.000    0.003   100.0%     0.0%   2.2555   0.0932     0.0%
[STAGE-C]     95    21.6s   -0.0516     0.0%     0.0%    31.1%      25%/20%/55%    0.000    0.002   100.0%     0.0%   2.2086   0.0439    33.3%
[STAGE-C]     96    22.0s   -0.0469     0.0%     0.0%    30.9%      24%/20%/55%    0.000    0.001   100.0%     0.0%   2.1887   0.0582    30.0%
[STAGE-C]     97    20.0s   -0.0445    10.0%    10.0%    44.9%      30%/26%/44%    0.950    0.003    90.0%     0.0%   2.0536   0.0530    15.4%
[STAGE-C]     98    20.3s   -0.0442     5.0%     5.0%    34.2%      22%/29%/49%    0.800    0.001    95.0%     0.0%   2.0897   0.0092    21.9%
[STAGE-C]     99    22.6s   -0.1409     0.0%     0.0%    33.8%      24%/26%/50%    0.000    0.001   100.0%     0.0%   2.2631   0.0829    37.5%
[STAGE-C]    100    23.0s   -0.0355     0.0%     0.0%    31.5%      22%/25%/53%    0.000    0.002   100.0%     0.0%   1.9958   0.1292    14.3%
[STAGE-C]   [MA20] reward=-0.0647 task_sr=2.0% miss=98.0% time_limit=95.0% v2v=50.7%
[STAGE-C]   [PPO ] p_loss=-0.1100 v_loss=0.6249 entropy=1.9958 grad=4.1169 active=3.6%
[STAGE-C]   [SIM ] avg_power(a)=0.4965 rsu_q=0.000 tx=100 no_tx=32 deadlock=0 svc=0.228GHz idle=0.0%
[STAGE-C]   [CMDP] lambda(E/I/R)=(0.000/0.000/0.000) cost(E/I/R)=(0.000/0.001/0.271)
[STAGE-C] 
[STAGE-C]     Ep    Wall    R/step     T_SR     V_SR     S_SR            L/R/V   Lat(s)       En     Miss      Ill      Ent       KL     Clip
[STAGE-C] --------------------------------------------------------------------------------------------------------------------------------
[STAGE-C]    101    21.8s   -0.5332     0.0%     0.0%    41.2%      27%/23%/50%    1.700    0.003   100.0%     0.0%   2.2859   0.0743    20.0%
[STAGE-C]    102    22.0s   -0.0820     0.0%     0.0%    31.9%      20%/25%/55%    1.300    0.002   100.0%     0.0%   2.1895  -0.0315    18.3%
[STAGE-C]    103    22.9s   -0.0711     0.0%     0.0%    14.2%      25%/17%/58%    0.000 6.50e-04   100.0%     0.0%   2.2737   0.0212     8.3%
[STAGE-C]    104    21.5s   -0.0394     0.0%     0.0%    35.0%      27%/24%/49%    0.000    0.002   100.0%     0.0%   2.1994   0.0410    33.3%
[STAGE-C]    105    22.1s   -0.0415     0.0%     0.0%    31.2%      26%/20%/54%    0.000    0.002   100.0%     0.0%   2.2736   0.0343     0.0%
[STAGE-C]    106    20.5s   -0.1678     0.0%     0.0%    34.2%      31%/22%/46%    0.000    0.002   100.0%     0.0%   2.0266   0.0530    25.0%
[STAGE-C]    107    11.6s   -0.0405     0.0%     0.0%    27.2%      34%/21%/46%    0.000    0.002   100.0%     0.0%   2.0699   0.0499    10.5%
[STAGE-C]    108    21.9s   -0.0343     0.0%     0.0%    45.3%      27%/24%/49%    0.000    0.002   100.0%     0.0%   2.2085   0.0833    30.8%
[STAGE-C]    109    22.8s   -0.1257     0.0%     0.0%    33.8%      27%/20%/53%    0.000    0.002   100.0%     0.0%   2.1233   0.0077    18.1%
[STAGE-C]    110    24.1s   -0.0494     0.0%     0.0%    22.7%      22%/24%/54%    0.000 9.99e-04   100.0%     0.0%   2.1492   0.1640     0.0%
[STAGE-C]   [MA20] reward=-0.0849 task_sr=1.0% miss=99.0% time_limit=90.0% v2v=51.0%
[STAGE-C]   [PPO ] p_loss=0.1268 v_loss=1.5321 entropy=2.1492 grad=4.0475 active=2.3%
[STAGE-C]   [SIM ] avg_power(a)=0.4996 rsu_q=0.000 tx=70 no_tx=20 deadlock=0 svc=0.147GHz idle=0.0%
[STAGE-C]   [CMDP] lambda(E/I/R)=(0.000/0.000/0.000) cost(E/I/R)=(0.000/0.011/0.254)
[STAGE-C]    111    22.4s   -0.0714     0.0%     0.0%    28.6%      24%/21%/55%    0.000    0.002   100.0%     0.0%   2.1844   0.0288    27.3%
[STAGE-C]    112    22.6s   -0.0304     0.0%     0.0%    34.6%      38%/21%/41%    0.000    0.001   100.0%     0.0%   2.0122   0.0245    16.9%
[STAGE-C]    113    23.4s   -0.0580     5.0%     5.0%    49.2%      34%/26%/40%    0.900    0.003    95.0%     0.0%   2.1746  -0.0177    17.8%
[STAGE-C]    114    24.2s   -0.0445     0.0%     0.0%    28.8%      28%/26%/47%    0.000 9.95e-04   100.0%     0.0%   2.1770  -0.0002    12.2%
[STAGE-C]    115    21.0s   -0.0868     5.0%     5.0%    47.1%      32%/27%/41%    1.500    0.002    95.0%     0.0%   1.9967  -0.0011    24.6%
[STAGE-C]    116    23.0s   -0.0489     0.0%     0.0%    29.4%      33%/21%/46%    0.000    0.001   100.0%     0.0%   2.3285   0.1225    20.0%
[STAGE-C]    117    21.8s   -0.0317     0.0%     0.0%    36.2%      31%/22%/47%    0.000    0.002   100.0%     0.0%   1.9086   0.1519    16.7%
[STAGE-C]    118    22.4s   -0.0426     0.0%     0.0%    34.3%      37%/17%/46%    1.750    0.002   100.0%     0.0%   2.0704  -0.0454    31.2%
[STAGE-C]    119    21.3s   -0.0579     5.0%     5.0%    39.4%      34%/19%/47%    1.200    0.002    95.0%     0.0%   2.1242   0.0240     5.0%
[STAGE-C]    120    22.5s   -0.0334     5.0%     5.0%    29.3%      32%/22%/46%    1.500    0.002    95.0%     0.0%   1.9498  -0.0144    23.8%
[STAGE-C]   [MA20] reward=-0.0845 task_sr=1.0% miss=99.0% time_limit=95.0% v2v=48.4%
[STAGE-C]   [PPO ] p_loss=-0.1487 v_loss=1.6382 entropy=1.9498 grad=21.2197 active=3.1%
[STAGE-C]   [SIM ] avg_power(a)=0.5015 rsu_q=0.000 tx=78 no_tx=40 deadlock=0 svc=0.217GHz idle=0.0%
[STAGE-C]   [CMDP] lambda(E/I/R)=(0.000/0.000/0.000) cost(E/I/R)=(0.000/0.003/0.245)
[STAGE-C] 
[STAGE-C]     Ep    Wall    R/step     T_SR     V_SR     S_SR            L/R/V   Lat(s)       En     Miss      Ill      Ent       KL     Clip
[STAGE-C] --------------------------------------------------------------------------------------------------------------------------------
[STAGE-C]    121    22.4s   -0.0856     0.0%     0.0%    23.0%      23%/23%/53%    0.000    0.001   100.0%     0.0%   2.1726  -0.0014    15.8%
[STAGE-C]    122    22.6s   -0.0671     5.0%     5.0%    32.5%      24%/27%/48%    1.200    0.001    95.0%     0.0%   2.1219  -0.0580    31.8%
[STAGE-C]    123    22.8s   -0.3233     0.0%     0.0%    35.7%      28%/25%/47%    0.000    0.002   100.0%     0.0%   2.0921   0.0207    10.0%
[STAGE-C]    124    20.9s   -0.0415     0.0%     0.0%    34.9%      29%/26%/45%    0.000    0.002   100.0%     0.0%   1.7949   0.2064    33.3%
[STAGE-C]    125    21.8s   -0.0549     0.0%     0.0%    26.2%      32%/19%/49%    1.600    0.002   100.0%     0.0%   2.1350  -0.0285    21.8%
[STAGE-C]    126    22.4s   -0.0950     0.0%     0.0%    31.2%      23%/21%/56%    0.000    0.002   100.0%     0.0%   2.1906   0.0134    24.1%
[STAGE-C]    127    22.8s   -0.0806     0.0%     0.0%    32.9%      28%/20%/51%    0.000    0.002   100.0%     0.0%   2.1999   0.0161    10.8%
[STAGE-C]    128    21.2s   -0.0306     0.0%     0.0%    27.6%      23%/22%/55%    0.000    0.001   100.0%     0.0%   2.0342   0.0222    25.0%
[STAGE-C]    129    23.3s   -0.0816     0.0%     0.0%    22.7%      20%/21%/59%    0.000    0.001   100.0%     0.0%   2.2510  -0.0041    31.1%
[STAGE-C]    130    23.4s   -0.0590     5.0%     5.0%    31.1%      25%/23%/52%    1.300    0.002    95.0%     0.0%   2.3338   0.0946     9.1%
[STAGE-C]   [MA20] reward=-0.0712 task_sr=1.5% miss=98.5% time_limit=100.0% v2v=48.6%
[STAGE-C]   [PPO ] p_loss=0.5262 v_loss=1.3159 entropy=2.3338 grad=2.4210 active=3.0%
[STAGE-C]   [SIM ] avg_power(a)=0.4930 rsu_q=0.000 tx=84 no_tx=30 deadlock=0 svc=0.207GHz idle=0.0%
[STAGE-C]   [CMDP] lambda(E/I/R)=(0.000/0.000/0.000) cost(E/I/R)=(0.000/0.008/0.283)
[STAGE-C]    131    21.6s   -0.1461     0.0%     0.0%    33.3%      19%/23%/58%    0.000    0.001   100.0%     0.0%   2.1428   0.0176    13.4%
[STAGE-C]    132    22.5s   -0.1851     0.0%     0.0%    20.8%      22%/14%/64%    0.000    0.002   100.0%     0.0%   2.0506   0.0221    50.0%
[STAGE-C]    133    23.8s   -0.2142     0.0%     0.0%    25.2%      21%/25%/54%    0.000 8.28e-04   100.0%     0.0%   2.3475   0.0211    20.0%
[STAGE-C]    134    21.8s   -0.0449    10.0%    10.0%    31.2%      31%/17%/52%    1.433    0.001    90.0%     0.0%   1.9145   0.1057    62.5%
[STAGE-C]    135    20.8s   -0.0396    10.0%    10.0%    35.0%      21%/30%/49%    0.950    0.001    90.0%     0.0%   2.0238   0.0198    24.1%
[STAGE-C]    136    21.1s   -0.0564     0.0%     0.0%    40.9%      33%/24%/43%    0.000    0.002   100.0%     0.0%   2.1773   0.0504    27.3%
[STAGE-C]    137    14.0s   -0.0337     0.0%     0.0%    31.1%      23%/28%/48%    0.000    0.002   100.0%     0.0%   2.2139  -0.0238    23.5%
[STAGE-C]    138    21.6s   -0.3201     5.0%     5.0%    41.7%      16%/27%/58%    0.800    0.002    95.0%     0.0%   2.2321   0.0793    18.2%
[STAGE-C]    139    22.5s   -0.0547     0.0%     0.0%    27.0%      18%/26%/56%    0.000    0.001   100.0%     0.0%   2.3101   0.0699     0.0%
[STAGE-C]    140    22.4s   -0.0311     5.0%     5.0%    29.3%      18%/23%/58%    1.100    0.001    95.0%     0.0%   2.2924   0.0917    25.0%
[STAGE-C]   [MA20] reward=-0.1023 task_sr=2.0% miss=98.0% time_limit=95.0% v2v=52.8%
[STAGE-C]   [PPO ] p_loss=-0.3005 v_loss=1.7111 entropy=2.2924 grad=9.5295 active=2.9%
[STAGE-C]   [SIM ] avg_power(a)=0.4942 rsu_q=0.000 tx=90 no_tx=21 deadlock=0 svc=0.188GHz idle=0.0%
[STAGE-C]   [CMDP] lambda(E/I/R)=(0.000/0.001/0.000) cost(E/I/R)=(0.000/0.002/0.266)
[STAGE-C] 
[STAGE-C]     Ep    Wall    R/step     T_SR     V_SR     S_SR            L/R/V   Lat(s)       En     Miss      Ill      Ent       KL     Clip
[STAGE-C] --------------------------------------------------------------------------------------------------------------------------------
[STAGE-C]    141    22.6s   -0.0402     5.0%     5.0%    24.2%      18%/21%/61%    1.100    0.002    95.0%     0.0%   2.3777   0.0293    15.5%
[STAGE-C]    142    20.7s   -0.1275     5.0%     5.0%    36.8%      26%/24%/49%    0.900    0.002    95.0%     0.0%   2.1595   0.0604     0.0%
[STAGE-C]    143    18.8s   -0.0349    10.0%    10.0%    32.1%      26%/28%/46%    1.400    0.001    90.0%     0.0%   2.2034   0.0367    11.1%
[STAGE-C]    144    21.4s   -0.0310     5.0%     5.0%    43.5%      15%/37%/48%    1.000    0.001    95.0%     0.0%   2.1990   0.0852    50.0%
[STAGE-C]    145    21.8s   -0.1673     5.0%     5.0%    41.7%      28%/26%/45%    0.900    0.002    95.0%     0.0%   2.1103   0.0103    21.3%
[STAGE-C]    146    22.0s   -0.0957     0.0%     0.0%    34.6%      25%/23%/52%    0.000    0.002   100.0%     0.0%   2.2676   0.0933     8.3%
[STAGE-C]    147    23.3s   -0.1338     0.0%     0.0%    33.3%      21%/20%/59%    0.000    0.002   100.0%     0.0%   2.5191   0.1245    33.3%
[STAGE-C]    148    20.3s   -0.0487     0.0%     0.0%    27.5%      23%/20%/57%    0.000    0.001   100.0%     0.0%   2.1374  -0.0065    15.4%
[STAGE-C]    149    21.8s   -0.0706     0.0%     0.0%    32.2%      27%/20%/53%    1.700    0.001   100.0%     0.0%   2.1536   0.0660    16.7%
[STAGE-C]    150    21.8s   -0.0689     0.0%     0.0%    39.8%      23%/30%/48%    0.000    0.001   100.0%     0.0%   2.1698  -0.0027    24.2%
[STAGE-C]   [MA20] reward=-0.0972 task_sr=3.0% miss=97.0% time_limit=80.0% v2v=52.9%
[STAGE-C]   [PPO ] p_loss=-0.1919 v_loss=1.3630 entropy=2.1698 grad=29.3176 active=3.5%
[STAGE-C]   [SIM ] avg_power(a)=0.5002 rsu_q=0.000 tx=104 no_tx=32 deadlock=0 svc=0.264GHz idle=0.0%
[STAGE-C]   [CMDP] lambda(E/I/R)=(0.000/0.000/0.000) cost(E/I/R)=(0.000/0.032/0.261)
[STAGE-C]    151    23.3s   -0.1001     0.0%     0.0%    15.5%       8%/22%/70%    0.000 8.94e-04   100.0%     0.0%   2.2554   0.0575    66.7%
[STAGE-C]    152    20.3s   -0.0340     5.0%     5.0%    30.4%      20%/29%/52%    1.200    0.001    95.0%     0.0%   2.0714  -0.0089     4.2%
[STAGE-C]    153    22.5s   -0.1994     0.0%     0.0%    32.2%      22%/22%/56%    0.000    0.002   100.0%     0.0%   2.4032   0.0805    10.0%
[STAGE-C]    154    21.3s   -0.1131     0.0%     0.0%    36.3%      21%/23%/57%    0.000    0.002   100.0%     0.0%   2.1883   0.0139    19.8%
[STAGE-C]    155    21.8s   -0.0281     0.0%     0.0%    27.0%      28%/17%/56%    0.000    0.001   100.0%     0.0%   2.1819   0.0802    41.7%
[STAGE-C]    156    22.8s   -0.0672     0.0%     0.0%    28.7%      15%/25%/61%    0.000    0.001   100.0%     0.0%   2.3660   0.0034    19.4%
[STAGE-C]    157    14.2s   -0.0421     0.0%     0.0%    25.5%      26%/16%/58%    0.000    0.002   100.0%     0.0%   2.2146   0.1344    36.4%
[STAGE-C]    158    23.4s   -0.2462     0.0%     0.0%    34.9%      28%/23%/49%    0.000    0.001   100.0%     0.0%   2.2817  -0.0084     6.2%
[STAGE-C]    159    20.9s   -0.0526     0.0%     0.0%    29.9%      20%/21%/59%    0.000    0.002   100.0%     0.0%   2.0256   0.0845    57.1%
[STAGE-C]    160    23.7s   -0.1935     0.0%     0.0%    27.6%      27%/21%/52%    0.000    0.002   100.0%     0.0%   2.2085   0.0297     7.1%
[STAGE-C]   [MA20] reward=-0.0947 task_sr=1.8% miss=98.2% time_limit=80.0% v2v=54.3%
[STAGE-C]   [PPO ] p_loss=-0.2466 v_loss=1.0330 entropy=2.2085 grad=0.9326 active=3.0%
[STAGE-C]   [SIM ] avg_power(a)=0.4919 rsu_q=0.000 tx=83 no_tx=32 deadlock=0 svc=0.209GHz idle=0.0%
[STAGE-C]   [CMDP] lambda(E/I/R)=(0.000/0.001/0.000) cost(E/I/R)=(0.000/0.131/0.286)
[STAGE-C] 
[STAGE-C]     Ep    Wall    R/step     T_SR     V_SR     S_SR            L/R/V   Lat(s)       En     Miss      Ill      Ent       KL     Clip
[STAGE-C] --------------------------------------------------------------------------------------------------------------------------------
[STAGE-C]    161    21.6s   -0.1055     0.0%     0.0%    26.7%      27%/20%/53%    0.000    0.001   100.0%     0.0%   2.2025   0.1288    55.6%
[STAGE-C]    162    11.6s   -0.0641     0.0%     0.0%    37.3%      23%/21%/56%    0.000    0.004   100.0%     0.0%   2.1526   0.0649    11.8%
[STAGE-C]    163    24.6s   -0.1201     0.0%     0.0%    27.0%      18%/18%/63%    0.000    0.002   100.0%     0.0%   2.3961   0.1689     0.0%
[STAGE-C]    164    23.6s   -0.0667     0.0%     0.0%    18.3%      22%/16%/62%    0.000    0.001   100.0%     0.0%   2.1995  -0.0272    27.4%
[STAGE-C]    165    22.0s   -0.0392     0.0%     0.0%    30.5%      19%/26%/55%    0.000    0.001   100.0%     0.0%   2.3643   0.0329     0.0%
[STAGE-C]    166    22.7s   -0.0490     0.0%     0.0%    27.9%      24%/17%/59%    0.000    0.001   100.0%     0.0%   2.1981   0.0297    19.6%
[STAGE-C]    167    21.5s   -0.1026     0.0%     0.0%    34.1%      19%/19%/62%    0.000    0.002   100.0%     0.0%   2.3292   0.0292    12.5%
[STAGE-C]    168     9.4s   -0.0855     5.0%     5.0%    29.5%      16%/30%/54%    1.100    0.003    95.0%     0.0%   2.1522   0.0195    20.6%
[STAGE-C]    169    21.3s   -0.0351     0.0%     0.0%    41.5%      20%/28%/52%    0.000    0.002   100.0%     0.0%   2.2513   0.0152    13.3%
[STAGE-C]    170    18.6s   -0.0384     0.0%     0.0%    25.7%      23%/29%/48%    0.000 9.11e-04   100.0%     0.0%   2.0771   0.0239    25.0%
[STAGE-C]   [MA20] reward=-0.0891 task_sr=0.5% miss=99.5% time_limit=80.0% v2v=56.7%
[STAGE-C]   [PPO ] p_loss=-0.1381 v_loss=2.0188 entropy=2.0771 grad=13.9285 active=2.6%
[STAGE-C]   [SIM ] avg_power(a)=0.4973 rsu_q=0.000 tx=65 no_tx=21 deadlock=0 svc=0.176GHz idle=0.6%
[STAGE-C]   [CMDP] lambda(E/I/R)=(0.000/0.000/0.000) cost(E/I/R)=(0.000/0.007/0.311)
[STAGE-C]    171    22.2s   -0.0432     0.0%     0.0%    20.5%      14%/20%/67%    0.000    0.001   100.0%     0.0%   2.2940   0.0079    30.0%
[STAGE-C]    172    23.9s   -0.1441     0.0%     0.0%    21.9%      23%/17%/60%    0.000    0.001   100.0%     0.0%   2.5013  -0.0122    45.0%
[STAGE-C]    173    22.1s   -0.2387     0.0%     0.0%    27.1%      22%/16%/62%    0.000 1.00e-03   100.0%     0.0%   2.0861   0.1269    40.0%
[STAGE-C]    174    23.2s   -0.0562     0.0%     0.0%    20.0%      17%/14%/69%    0.000 9.91e-04   100.0%     0.0%   2.4485   0.0775    20.0%
[STAGE-C]    175    23.0s   -0.0461     0.0%     0.0%    30.2%      20%/21%/59%    0.000    0.002   100.0%     0.0%   2.3708   0.0246     6.7%
[STAGE-C]    176    22.4s   -0.0337     0.0%     0.0%    20.6%      16%/16%/68%    0.000    0.001   100.0%     0.0%   2.1803   0.0264    16.2%
[STAGE-C]    177    22.9s   -0.0655    10.0%    10.0%    23.2%      19%/17%/64%    1.000    0.001    90.0%     0.0%   2.3661  -0.0523    41.7%
[STAGE-C]    178    15.7s   -0.0869     0.0%     0.0%    19.2%      17%/24%/59%    0.000    0.001   100.0%     0.0%   2.1999   0.0371    20.0%
[STAGE-C]    179    21.6s   -0.1283     0.0%     0.0%    26.3%      21%/15%/65%    0.000    0.001   100.0%     0.0%   2.1775   0.2432    40.0%
[STAGE-C]    180    23.1s   -0.0377     0.0%     0.0%    17.4%      17%/15%/68%    0.000 9.96e-04   100.0%     0.0%   2.3508   0.0747    25.0%
[STAGE-C]   [MA20] reward=-0.0793 task_sr=0.8% miss=99.2% time_limit=80.0% v2v=60.3%
[STAGE-C]   [PPO ] p_loss=-0.3668 v_loss=10.9783 entropy=2.3508 grad=245.8470 active=2.4%
[STAGE-C]   [SIM ] avg_power(a)=0.4908 rsu_q=0.000 tx=71 no_tx=16 deadlock=0 svc=0.118GHz idle=0.0%
[STAGE-C]   [CMDP] lambda(E/I/R)=(0.000/0.000/0.001) cost(E/I/R)=(0.000/0.012/0.352)
[STAGE-C] 
[STAGE-C]     Ep    Wall    R/step     T_SR     V_SR     S_SR            L/R/V   Lat(s)       En     Miss      Ill      Ent       KL     Clip
[STAGE-C] --------------------------------------------------------------------------------------------------------------------------------
[STAGE-C]    181    22.7s   -0.0401     0.0%     0.0%    20.2%      16%/24%/60%    0.000 8.99e-04   100.0%     0.0%   2.3633   0.0064    16.2%
[STAGE-C]    182    22.5s   -0.0417     5.0%     5.0%    23.8%      16%/20%/64%    0.900    0.001    95.0%     0.0%   2.2276   0.0540     0.0%
[STAGE-C]    183    22.7s   -0.1692     0.0%     0.0%    24.8%      18%/18%/64%    0.000    0.001   100.0%     0.0%   2.2685   0.0434    14.3%
[STAGE-C]    184    23.1s   -0.2394     0.0%     0.0%    19.5%      20%/17%/63%    0.000    0.001   100.0%     0.0%   2.0290   0.0431    40.0%
[STAGE-C]    185    24.2s   -0.0371     0.0%     0.0%    20.4%      11%/18%/71%    0.000    0.001   100.0%     0.0%   2.1603   0.0572     0.0%
[STAGE-C]    186    16.0s   -0.1362     0.0%     0.0%    19.6%      19%/10%/71%    0.000    0.002   100.0%     0.0%   2.3818   0.0573     0.0%
[STAGE-C]    187    23.8s   -0.1107     0.0%     0.0%    29.3%      20%/19%/61%    0.000    0.001   100.0%     0.0%   2.4418   0.1696    30.0%
[STAGE-C]    188    22.3s   -0.0402     0.0%     0.0%    27.1%      24%/14%/62%    0.000    0.002   100.0%     0.0%   2.2364   0.1022    22.2%
[STAGE-C]    189    22.4s   -0.0708     0.0%     0.0%    22.7%      22%/13%/65%    0.000    0.001   100.0%     0.0%   2.2765  -0.0088    25.4%
[STAGE-C]    190    14.7s   -0.0491     0.0%     0.0%    14.2%      10%/14%/76%    0.000    0.001   100.0%     0.0%   2.2407   0.1566    40.0%
[STAGE-C]   [MA20] reward=-0.0907 task_sr=0.8% miss=99.2% time_limit=85.0% v2v=64.9%
[STAGE-C]   [PPO ] p_loss=-0.2641 v_loss=16.8341 entropy=2.2407 grad=116.1442 active=2.8%
[STAGE-C]   [SIM ] avg_power(a)=0.4746 rsu_q=0.000 tx=61 no_tx=7 deadlock=0 svc=0.152GHz idle=0.8%
[STAGE-C]   [CMDP] lambda(E/I/R)=(0.000/0.000/0.003) cost(E/I/R)=(0.000/0.016/0.348)
[STAGE-C]    191    21.7s   -0.0333     0.0%     0.0%    27.6%      19%/20%/61%    0.000    0.001   100.0%     0.0%   2.4132   0.1503    66.7%
[STAGE-C]    192    12.5s   -0.0509     0.0%     0.0%    17.9%      20%/13%/67%    0.000    0.001   100.0%     0.0%   2.3201   0.0539    14.2%
[STAGE-C]    193    22.7s   -0.0521     0.0%     0.0%    17.9%      20%/11%/69%    0.000 9.26e-04   100.0%     0.0%   2.2322   0.0634    34.3%
[STAGE-C]    194    22.9s   -0.3805     0.0%     0.0%    17.9%      21%/15%/65%    0.000    0.001   100.0%     0.0%   1.7783   0.0556     0.0%
[STAGE-C]    195    24.5s   -0.0867     0.0%     0.0%    16.2%      15%/22%/63%    0.000    0.001   100.0%     0.0%   2.5752   0.0210    30.8%
[STAGE-C]    196    23.8s   -0.0318     0.0%     0.0%    15.1%      20%/12%/68%    0.000 7.69e-04   100.0%     0.0%   2.3123   0.0649     0.0%
[STAGE-C]    197    23.8s   -0.1200     0.0%     0.0%    11.6%       15%/8%/76%    0.000 8.13e-04   100.0%     0.0%   2.4950   0.0075    10.3%
[STAGE-C]    198    22.8s   -0.0700     0.0%     0.0%    31.1%      20%/18%/62%    0.000    0.002   100.0%     0.0%   2.3548   0.0698     0.0%
[STAGE-C]    199    21.7s   -0.0343     0.0%     0.0%    23.1%      21%/14%/65%    0.000    0.001   100.0%     0.0%   2.1075   0.0365     0.0%
[STAGE-C]    200    23.3s   -0.0353     0.0%     0.0%    13.2%      20%/11%/70%    0.000 7.60e-04   100.0%     0.0%   2.1823  -0.0229    32.9%
[STAGE-C]   [MA20] reward=-0.0915 task_sr=0.2% miss=99.8% time_limit=85.0% v2v=66.1%
[STAGE-C]   [PPO ] p_loss=0.1489 v_loss=1.0548 entropy=2.1823 grad=10.8034 active=2.1%
[STAGE-C]   [SIM ] avg_power(a)=0.4869 rsu_q=0.000 tx=62 no_tx=16 deadlock=0 svc=0.097GHz idle=0.0%
[STAGE-C]   [CMDP] lambda(E/I/R)=(0.000/0.000/0.004) cost(E/I/R)=(0.000/0.006/0.350)
[STAGE-C] 
[STAGE-C]     Ep    Wall    R/step     T_SR     V_SR     S_SR            L/R/V   Lat(s)       En     Miss      Ill      Ent       KL     Clip
[STAGE-C] --------------------------------------------------------------------------------------------------------------------------------
[STAGE-C]    201    24.6s   -0.0648     0.0%     0.0%    14.7%       15%/9%/75%    0.000 8.28e-04   100.0%     0.0%   2.3843   0.0509    12.5%
[STAGE-C]    202    22.7s   -0.0405     0.0%     0.0%    14.3%       20%/6%/74%    0.000 8.73e-04   100.0%     0.0%   2.3408   0.1096     9.1%
[STAGE-C]    203    22.6s   -0.0394     0.0%     0.0%    15.2%      17%/10%/72%    0.000 7.92e-04   100.0%     0.0%   2.1046   0.0643    14.3%
[STAGE-C]    204    22.2s   -0.0759     0.0%     0.0%    21.6%      22%/14%/64%    0.000 9.40e-04   100.0%     0.0%   2.1151   0.0977     0.0%
[STAGE-C]    205    22.0s   -0.0369     0.0%     0.0%    22.4%      23%/16%/61%    0.000    0.001   100.0%     0.0%   2.3015   0.0912    22.2%
[STAGE-C]    206    11.4s   -0.0961     0.0%     0.0%    21.9%      22%/15%/62%    0.000    0.003   100.0%     0.0%   2.1335   0.0290    10.0%
[STAGE-C]    207    13.4s   -0.0430     0.0%     0.0%    14.1%      20%/11%/69%    0.000    0.001   100.0%     0.0%   2.4979  -0.0222    17.6%
[STAGE-C]    208    22.6s   -0.0520     0.0%     0.0%    31.6%      30%/13%/57%    0.000    0.001   100.0%     0.0%   2.3068   0.0285     0.0%
[STAGE-C]    209    21.5s   -0.0343     5.0%     5.0%    22.0%      30%/15%/55%    1.000    0.002    95.0%     0.0%   2.0460   0.0120     6.2%
[STAGE-C]    210    11.9s   -0.0854     0.0%     0.0%    13.7%       29%/8%/62%    0.000    0.002   100.0%     0.0%   2.2973   0.0483    14.8%
[STAGE-C]   [MA20] reward=-0.0732 task_sr=0.2% miss=99.8% time_limit=80.0% v2v=65.9%
[STAGE-C]   [PPO ] p_loss=0.1233 v_loss=0.7810 entropy=2.2973 grad=8.5402 active=3.6%
[STAGE-C]   [SIM ] avg_power(a)=0.4834 rsu_q=0.000 tx=51 no_tx=21 deadlock=0 svc=0.216GHz idle=1.0%
[STAGE-C]   [CMDP] lambda(E/I/R)=(0.000/0.000/0.005) cost(E/I/R)=(0.000/0.059/0.329)
[STAGE-C]    211    22.8s   -0.0359     0.0%     0.0%    19.7%      25%/14%/61%    0.000    0.001   100.0%     0.0%   2.3620   0.0428     0.0%
[STAGE-C]    212    16.3s   -0.0355     0.0%     0.0%    21.0%      27%/12%/61%    0.000    0.002   100.0%     0.0%   2.2325  -0.0179    28.2%
[STAGE-C]    213    16.5s   -0.0553     0.0%     0.0%    16.0%       33%/7%/60%    0.000    0.001   100.0%     0.0%   2.0643  -0.0094     4.8%
[STAGE-C]    214    22.5s   -0.0801     0.0%     0.0%    28.4%      30%/15%/54%    0.000    0.001   100.0%     0.0%   2.0078  -0.0433    17.2%
[STAGE-C]    215    23.1s   -0.3067     0.0%     0.0%    24.4%      32%/12%/56%    0.000    0.002   100.0%     0.0%   2.1373  -0.0244     0.0%
[STAGE-C]    216    21.0s   -0.0411     0.0%     0.0%    20.7%      23%/12%/66%    0.000    0.001   100.0%     0.0%   2.1897   0.1117    25.0%
[STAGE-C]    217    19.9s   -0.0407     0.0%     0.0%    16.7%      25%/10%/65%    0.000    0.001   100.0%     0.0%   2.5989   0.0572     0.0%
[STAGE-C]    218    22.3s   -0.0535     0.0%     0.0%    25.2%      34%/12%/54%    0.000    0.002   100.0%     0.0%   2.2500  -0.0099    28.2%
[STAGE-C]    219    21.5s   -0.0349     0.0%     0.0%    25.8%      33%/13%/53%    0.000    0.002   100.0%     0.0%   1.9507  -0.0281    16.7%
[STAGE-C]    220    23.1s   -0.1267     0.0%     0.0%    17.0%      24%/11%/66%    0.000    0.001   100.0%     0.0%   2.0079  -0.0348     3.3%
[STAGE-C]   [MA20] reward=-0.0689 task_sr=0.2% miss=99.8% time_limit=70.0% v2v=62.5%
[STAGE-C]   [PPO ] p_loss=-0.0620 v_loss=1.3724 entropy=2.0079 grad=2.4465 active=2.3%
[STAGE-C]   [SIM ] avg_power(a)=0.4895 rsu_q=0.000 tx=62 no_tx=22 deadlock=0 svc=0.108GHz idle=0.0%
[STAGE-C]   [CMDP] lambda(E/I/R)=(0.000/0.000/0.006) cost(E/I/R)=(0.000/0.118/0.330)
[STAGE-C] 
[STAGE-C]     Ep    Wall    R/step     T_SR     V_SR     S_SR            L/R/V   Lat(s)       En     Miss      Ill      Ent       KL     Clip
[STAGE-C] --------------------------------------------------------------------------------------------------------------------------------
[STAGE-C]    221    23.0s   -0.3440     0.0%     0.0%    21.6%      37%/10%/53%    0.000    0.002   100.0%     0.0%   2.2738  -0.0064    18.6%
[STAGE-C]    222    24.3s   -0.0368     0.0%     0.0%    29.3%      23%/15%/62%    0.000    0.001   100.0%     0.0%   2.1885  -0.0144    57.5%
[STAGE-C]    223    23.8s   -0.0572     0.0%     0.0%    11.5%       25%/6%/70%    0.000 7.58e-04   100.0%     0.0%   2.5970   0.0378    57.1%
[STAGE-C]    224    22.5s   -0.0917     0.0%     0.0%    19.8%       26%/8%/66%    0.000 8.47e-04   100.0%     0.0%   2.0137   0.0779    22.2%
[STAGE-C]    225    21.5s   -0.1104     0.0%     0.0%    21.4%       39%/7%/55%    0.000    0.001   100.0%     0.0%   1.8913  -0.0004    21.6%
[STAGE-C]    226     8.5s   -0.0537     0.0%     0.0%    25.3%      26%/16%/58%    0.000    0.003   100.0%     0.0%   2.0751   0.0263    31.4%
[STAGE-C]    227    22.9s   -0.1552     0.0%     0.0%    22.6%      31%/12%/57%    0.000    0.002   100.0%     0.0%   2.4493   0.0106    29.2%
[STAGE-C]    228    21.9s   -0.0466     0.0%     0.0%    27.2%      24%/15%/61%    0.000    0.002   100.0%     0.0%   1.9741   0.0478    12.5%
[STAGE-C]    229    21.6s   -0.1137     0.0%     0.0%    29.2%      45%/10%/45%    0.000    0.002   100.0%     0.0%   1.9788   0.0214    21.9%
[STAGE-C]    230    24.8s   -0.1150     0.0%     0.0%    17.6%      27%/13%/60%    0.000    0.001   100.0%     0.0%   2.1181   0.0813     0.0%
[STAGE-C]   [MA20] reward=-0.0967 task_sr=0.0% miss=100.0% time_limit=80.0% v2v=59.1%
[STAGE-C]   [PPO ] p_loss=-0.2281 v_loss=4.9371 entropy=2.1181 grad=54.3865 active=2.1%
[STAGE-C]   [SIM ] avg_power(a)=0.4899 rsu_q=0.000 tx=59 no_tx=23 deadlock=0 svc=0.121GHz idle=0.0%
[STAGE-C]   [CMDP] lambda(E/I/R)=(0.000/0.000/0.005) cost(E/I/R)=(0.000/0.069/0.290)
[STAGE-C]    231    21.3s   -0.0340     0.0%     0.0%    38.6%       44%/9%/47%    0.000    0.002   100.0%     0.0%   2.0589   0.0127    12.5%
[STAGE-C]    232    21.4s   -0.0300     0.0%     0.0%    36.6%      43%/17%/40%    0.000    0.002   100.0%     0.0%   1.8338   0.0919     0.0%
[STAGE-C]    233    22.8s   -0.0385     0.0%     0.0%    16.6%      28%/16%/56%    0.000 8.08e-04   100.0%     0.0%   2.1554   0.3388   100.0%
[STAGE-C]    234    22.3s   -0.0332     0.0%     0.0%    26.7%      48%/12%/40%    1.400    0.002   100.0%     0.0%   2.1093   0.0970    20.0%
[STAGE-C]    235    21.8s   -0.0294     5.0%     5.0%    31.7%      44%/15%/41%    0.800    0.002    95.0%     0.0%   1.9596   0.0722     0.0%
[STAGE-C]    236    24.3s   -0.3605     0.0%     0.0%    16.9%      39%/11%/49%    0.000 7.27e-04   100.0%     0.0%   2.0515  -0.0068    21.4%
[STAGE-C]    237    22.8s   -0.1228     5.0%     5.0%    26.0%      43%/13%/43%    0.900    0.001    95.0%     0.0%   2.0509   0.0404    14.3%
[STAGE-C]    238    22.8s   -0.1630     0.0%     0.0%    20.3%       47%/8%/46%    0.000    0.002   100.0%     0.0%   1.8757   0.0585     9.1%
[STAGE-C]    239    24.0s   -0.2022     0.0%     0.0%    29.1%      42%/12%/47%    0.000    0.001   100.0%     0.0%   1.8619   0.1225    20.0%
[STAGE-C]    240    21.6s   -0.0320    10.0%    10.0%    43.4%      46%/13%/41%    1.300    0.003    90.0%     0.0%   1.7919   0.1470    16.7%
[STAGE-C]   [MA20] reward=-0.1085 task_sr=1.0% miss=99.0% time_limit=95.0% v2v=51.8%
[STAGE-C]   [PPO ] p_loss=-0.2725 v_loss=1.4763 entropy=1.7919 grad=5.4157 active=3.5%
[STAGE-C]   [SIM ] avg_power(a)=0.4866 rsu_q=0.000 tx=68 no_tx=65 deadlock=0 svc=0.293GHz idle=0.0%
[STAGE-C]   [CMDP] lambda(E/I/R)=(0.000/0.001/0.004) cost(E/I/R)=(0.000/0.002/0.244)
[STAGE-C] 
[STAGE-C]     Ep    Wall    R/step     T_SR     V_SR     S_SR            L/R/V   Lat(s)       En     Miss      Ill      Ent       KL     Clip
[STAGE-C] --------------------------------------------------------------------------------------------------------------------------------
[STAGE-C]    241    22.3s   -0.0775     0.0%     0.0%    35.2%      39%/16%/45%    0.000    0.002   100.0%     0.0%   2.0915   0.0354    20.0%
[STAGE-C]    242    22.9s   -0.0352     0.0%     0.0%    31.1%       48%/9%/43%    0.000    0.002   100.0%     0.0%   2.0296   0.0456    25.0%
[STAGE-C]    243    22.7s   -0.2324     0.0%     0.0%    39.0%      38%/10%/52%    0.000    0.003   100.0%     0.0%   2.0104  -0.0350    21.3%
[STAGE-C]    244    23.3s   -0.0498     0.0%     0.0%    22.1%      40%/15%/45%    0.000    0.001   100.0%     0.0%   2.0241   0.0012    16.7%
[STAGE-C]    245    20.2s   -0.0625     0.0%     0.0%    43.2%      53%/13%/35%    0.000    0.002   100.0%     0.0%   1.7673   0.0473     5.9%
[STAGE-C]    246    21.4s   -0.1027     0.0%     0.0%    38.4%      47%/10%/43%    0.000    0.002   100.0%     0.0%   1.7666   0.0376    33.3%
[STAGE-C]    247    23.1s   -0.0735    10.0%    10.0%    32.4%       45%/9%/46%    1.300    0.001    90.0%     0.0%   2.2676   0.0477    40.0%
[STAGE-C]    248    22.6s   -0.1097     0.0%     0.0%    28.9%      53%/11%/37%    0.000    0.002   100.0%     0.0%   1.6093  -0.0178    19.2%
[STAGE-C]    249    22.3s   -0.0386     0.0%     0.0%    40.4%      44%/13%/43%    0.000    0.002   100.0%     0.0%   1.9988   0.0545    11.8%
[STAGE-C]    250    20.7s   -0.0366     5.0%     5.0%    41.8%      48%/13%/39%    1.000    0.002    95.0%     0.0%   1.7727  -0.0159     8.3%
[STAGE-C]   [MA20] reward=-0.0932 task_sr=1.8% miss=98.2% time_limit=100.0% v2v=43.8%
[STAGE-C]   [PPO ] p_loss=-0.1663 v_loss=8.6245 entropy=1.7727 grad=53.5168 active=3.6%
[STAGE-C]   [SIM ] avg_power(a)=0.4882 rsu_q=0.000 tx=71 no_tx=69 deadlock=0 svc=0.279GHz idle=0.0%
[STAGE-C]   [CMDP] lambda(E/I/R)=(0.000/0.000/0.001) cost(E/I/R)=(0.000/0.003/0.211)
[STAGE-C]    251    21.1s   -0.0343     0.0%     0.0%    39.6%      43%/18%/39%    0.000    0.002   100.0%     0.0%   1.9004   0.0222    11.1%
[STAGE-C]    252    21.8s   -0.0816     0.0%     0.0%    28.8%      52%/16%/32%    0.000    0.001   100.0%     0.0%   1.6316   0.0193     8.3%
[STAGE-C]    253    19.7s   -0.0465     5.0%     5.0%    44.6%      48%/16%/36%    0.800    0.002    95.0%     0.0%   1.9106   0.0182    12.5%
[STAGE-C]    254    21.5s   -0.2903     0.0%     0.0%    29.9%      52%/11%/37%    0.000    0.002   100.0%     0.0%   1.8936   0.0264    10.0%
[STAGE-C]    255    22.8s   -0.0771     5.0%     5.0%    26.6%      44%/12%/44%    0.900    0.002    95.0%     0.0%   1.8243   0.0327    17.7%
[STAGE-C]    256    21.9s   -0.0496     0.0%     0.0%    27.9%      41%/12%/47%    0.000    0.002   100.0%     0.0%   1.6929   0.1938    25.0%
[STAGE-C]    257    21.9s   -0.0306     0.0%     0.0%    38.5%      47%/15%/38%    0.000    0.002   100.0%     0.0%   1.7073   0.0787    23.1%
[STAGE-C]    258    21.2s   -0.3010     0.0%     0.0%    46.0%      48%/16%/36%    0.000    0.002   100.0%     0.0%   1.7928   0.1151    18.2%
[STAGE-C]    259    21.6s   -0.0499     0.0%     0.0%    48.0%      46%/23%/31%    0.000    0.002   100.0%     0.0%   1.7422   0.0224     0.0%
[STAGE-C]    260    23.3s   -0.0853     5.0%     5.0%    32.4%      43%/17%/40%    1.300    0.002    95.0%     0.0%   2.0360   0.0469    10.0%
[STAGE-C]   [MA20] reward=-0.0932 task_sr=1.5% miss=98.5% time_limit=100.0% v2v=40.4%
[STAGE-C]   [PPO ] p_loss=-0.0049 v_loss=2.5122 entropy=2.0360 grad=37.0946 active=3.0%
[STAGE-C]   [SIM ] avg_power(a)=0.4880 rsu_q=0.000 tx=66 no_tx=52 deadlock=0 svc=0.227GHz idle=0.0%
[STAGE-C]   [CMDP] lambda(E/I/R)=(0.000/0.000/0.000) cost(E/I/R)=(0.000/0.028/0.219)
[STAGE-C] 
[STAGE-C]     Ep    Wall    R/step     T_SR     V_SR     S_SR            L/R/V   Lat(s)       En     Miss      Ill      Ent       KL     Clip
[STAGE-C] --------------------------------------------------------------------------------------------------------------------------------
[STAGE-C]    261    20.7s   -0.1239     5.0%     5.0%    39.4%      49%/16%/35%    1.000    0.002    95.0%     0.0%   1.8458   0.0183    26.7%
[STAGE-C]    262    22.7s   -0.0347     5.0%     5.0%    28.0%      38%/16%/46%    0.900    0.002    95.0%     0.0%   1.7354   0.0636    39.4%
[STAGE-C]    263    21.3s   -0.1123     0.0%     0.0%    27.9%      48%/15%/37%    0.000    0.001   100.0%     0.0%   1.7549   0.1597    22.2%
[STAGE-C]    264    22.6s   -0.0379     0.0%     0.0%    34.5%      39%/19%/42%    0.000    0.002   100.0%     0.0%   2.0175   0.0290    18.2%
[STAGE-C]    265    22.3s   -0.1290     5.0%     5.0%    28.0%      40%/18%/42%    1.000    0.001    95.0%     0.0%   1.8875   0.1042     0.0%
[STAGE-C]    266    22.3s   -0.0382     0.0%     0.0%    32.9%      40%/18%/41%    0.000    0.002   100.0%     0.0%   1.8774   0.1589    25.0%
[STAGE-C]    267    21.2s   -0.0347     0.0%     0.0%    25.2%      36%/13%/51%    0.000    0.001   100.0%     0.0%   2.2182   0.1661     0.0%
[STAGE-C]    268    23.2s   -0.0503     0.0%     0.0%    32.0%      32%/17%/51%    0.000    0.001   100.0%     0.0%   2.1853   0.0608    43.7%
[STAGE-C]    269    22.4s   -0.4496     0.0%     0.0%    28.8%      35%/21%/43%    0.000    0.001   100.0%     0.0%   1.8623  -0.0081     5.6%
[STAGE-C]    270    20.5s   -0.0414     5.0%     5.0%    43.4%      41%/17%/42%    1.300    0.003    95.0%     0.0%   1.8222   0.0322    22.2%
[STAGE-C]   [MA20] reward=-0.1049 task_sr=1.8% miss=98.2% time_limit=100.0% v2v=40.6%
[STAGE-C]   [PPO ] p_loss=-0.0926 v_loss=0.9445 entropy=1.8222 grad=1.0263 active=3.9%
[STAGE-C]   [SIM ] avg_power(a)=0.4813 rsu_q=0.000 tx=84 no_tx=64 deadlock=0 svc=0.308GHz idle=0.0%
[STAGE-C]   [CMDP] lambda(E/I/R)=(0.000/0.000/0.000) cost(E/I/R)=(0.000/0.011/0.218)
[STAGE-C]    271    22.9s   -0.1174     0.0%     0.0%    32.0%      37%/24%/39%    0.000    0.001   100.0%     0.0%   2.2348   0.0384    16.7%
[STAGE-C]    272    22.3s   -0.0395    10.0%    10.0%    33.0%      40%/20%/40%    0.950    0.002    90.0%     0.0%   1.8623   0.0505    57.1%
[STAGE-C]    273    22.2s   -0.1060     5.0%     5.0%    46.3%      46%/21%/33%    0.900    0.002    95.0%     0.0%   2.1266   0.0137    39.3%
[STAGE-C]    274    19.4s   -0.0704    10.0%    10.0%    52.1%      41%/19%/40%    1.000    0.003    90.0%     0.0%   1.9817  -0.0069    27.8%
[STAGE-C]    275    19.2s   -0.0434     0.0%     0.0%    39.3%      38%/20%/42%    1.300    0.002   100.0%     0.0%   1.8407  -0.0311    34.5%
[STAGE-C]    276    22.4s   -0.0290     0.0%     0.0%    38.7%      47%/19%/34%    0.000    0.002   100.0%     0.0%   1.8711  -0.0025    23.3%
[STAGE-C]    277    21.6s   -0.0331     5.0%     5.0%    47.1%      51%/16%/34%    1.000    0.002    95.0%     0.0%   1.7954  -0.0182    22.9%
[STAGE-C]    278    22.5s   -0.0970     0.0%     0.0%    37.8%      48%/21%/32%    0.000    0.002   100.0%     0.0%   1.8494  -0.0277    28.3%
[STAGE-C]    279    21.9s   -0.0397     0.0%     0.0%    17.0%      35%/10%/55%    0.000    0.001   100.0%     0.0%   1.8714  -0.0025    21.7%
[STAGE-C]    280    22.0s   -0.2070     5.0%     5.0%    44.2%      53%/16%/31%    1.200    0.002    95.0%     0.0%   1.7486   0.0182     5.6%
[STAGE-C]   [MA20] reward=-0.0917 task_sr=2.8% miss=97.2% time_limit=90.0% v2v=40.4%
[STAGE-C]   [PPO ] p_loss=-0.0145 v_loss=174.7137 entropy=1.7486 grad=316.5991 active=3.8%
[STAGE-C]   [SIM ] avg_power(a)=0.4893 rsu_q=0.000 tx=68 no_tx=81 deadlock=0 svc=0.305GHz idle=0.0%
[STAGE-C]   [CMDP] lambda(E/I/R)=(0.000/0.000/0.000) cost(E/I/R)=(0.000/0.025/0.191)
[STAGE-C] 
[STAGE-C]     Ep    Wall    R/step     T_SR     V_SR     S_SR            L/R/V   Lat(s)       En     Miss      Ill      Ent       KL     Clip
[STAGE-C] --------------------------------------------------------------------------------------------------------------------------------
[STAGE-C]    281    18.9s   -0.0939    20.0%    20.0%    58.8%      59%/16%/25%    1.150    0.003    80.0%     0.0%   1.6839   0.0980    23.1%
[STAGE-C]    282    20.0s   -0.0416     5.0%     5.0%    44.5%      53%/14%/33%    0.900    0.003    95.0%     0.0%   1.5296   0.0028     0.0%
[STAGE-C]    283    19.4s   -0.0742    10.0%    10.0%    44.2%      60%/14%/26%    0.933    0.003    90.0%     0.0%   1.3755   0.0137    17.2%
[STAGE-C]    284    19.8s   -0.0324    10.0%    10.0%    46.2%      58%/14%/28%    1.050    0.002    90.0%     0.0%   1.3142   0.0278    15.8%
[STAGE-C]    285    20.2s   -0.0458     0.0%     0.0%    48.1%       66%/6%/28%    1.300    0.003   100.0%     0.0%   1.4082   0.0705    14.3%
[STAGE-C]    286    17.1s   -0.0297    25.0%    25.0%    66.7%      66%/14%/19%    1.120    0.003    75.0%     0.0%   1.2465   0.0150    15.4%
[STAGE-C]    287    23.8s   -0.2024     5.0%     5.0%    33.6%       61%/7%/32%    1.300    0.003    95.0%     0.0%   1.4967   0.0079    25.9%
[STAGE-C]    288    20.1s   -0.1713     5.0%     5.0%    45.2%       69%/6%/26%    1.000    0.003    95.0%     0.0%   1.1814   0.0237     0.0%
[STAGE-C]    289    21.1s   -0.0319    10.0%    10.0%    45.2%      64%/12%/24%    1.100    0.002    90.0%     0.0%   1.2314   0.0909    29.1%
[STAGE-C]    290    18.1s   -0.0276    25.0%    25.0%    68.1%      72%/10%/18%    1.460    0.005    75.0%     0.0%   1.1345   0.0341    14.8%
[STAGE-C]   [MA20] reward=-0.0767 task_sr=7.5% miss=92.5% time_limit=90.0% v2v=31.9%
[STAGE-C]   [PPO ] p_loss=-0.0484 v_loss=1.0891 entropy=1.1345 grad=3.4263 active=5.1%
[STAGE-C]   [SIM ] avg_power(a)=0.4936 rsu_q=0.000 tx=55 no_tx=148 deadlock=0 svc=0.469GHz idle=0.0%
[STAGE-C]   [CMDP] lambda(E/I/R)=(0.000/0.000/0.000) cost(E/I/R)=(0.000/0.000/0.110)
[STAGE-C]   → Best model saved: Success Rate = 0.040 (50-ep avg)
[STAGE-C]    291    17.8s   -0.0328    20.0%    20.0%    70.3%       75%/6%/18%    1.000    0.004    80.0%     0.0%   1.1017   0.0164     6.8%
[STAGE-C]    292    13.9s   -0.2751    15.0%    15.0%    54.9%       74%/7%/18%    0.933    0.004    85.0%     0.0%   0.9612  -0.0287    15.8%
[STAGE-C]    293    19.7s   -0.0275    20.0%    20.0%    53.9%      72%/11%/16%    1.275    0.002    80.0%     0.0%   1.0962  -0.0097     6.1%
[STAGE-C]    294    21.9s   -0.0646    10.0%    10.0%    55.3%       70%/9%/21%    1.333    0.005    90.0%     0.0%   1.3420  -0.0105    11.1%
[STAGE-C]    295    20.9s   -0.0277    10.0%    10.0%    53.9%       70%/5%/25%    1.050    0.003    90.0%     0.0%   1.0493   0.0015     3.8%
[STAGE-C]    296    17.2s   -0.0241    45.0%    45.0%    72.5%       77%/7%/16%    1.022    0.004    55.0%     0.0%   1.0271   0.0255    15.5%
[STAGE-C]    297    16.2s   -0.0242    35.0%    35.0%    84.1%       82%/7%/11%    1.214    0.005    65.0%     0.0%   0.8769   0.0235     4.0%
[STAGE-C]    298    19.1s   -0.0267    15.0%    15.0%    65.8%       81%/4%/15%    1.167    0.003    85.0%     0.0%   0.9322   0.0040     4.9%
[STAGE-C]    299    20.5s   -0.0295     5.0%     5.0%    53.8%       72%/6%/22%    1.000    0.003    95.0%     0.0%   0.8230   0.0047    14.5%
[STAGE-C]    300    15.2s   -0.0219    55.0%    55.0%    85.5%       83%/6%/10%    1.275    0.004    45.0%     0.0%   0.8437   0.0252    12.5%
[STAGE-C]   [MA20] reward=-0.0652 task_sr=17.2% miss=82.8% time_limit=95.0% v2v=21.7%
[STAGE-C]   [PPO ] p_loss=0.5184 v_loss=0.9288 entropy=0.8437 grad=2.0468 active=5.5%
[STAGE-C]   [SIM ] avg_power(a)=0.4874 rsu_q=0.000 tx=36 no_tx=183 deadlock=0 svc=0.572GHz idle=0.0%
[STAGE-C]   [CMDP] lambda(E/I/R)=(0.000/0.000/0.000) cost(E/I/R)=(0.000/0.000/0.069)
[STAGE-C]   → Best model saved: Success Rate = 0.083 (50-ep avg)
[STAGE-C] 
[STAGE-C]     Ep    Wall    R/step     T_SR     V_SR     S_SR            L/R/V   Lat(s)       En     Miss      Ill      Ent       KL     Clip
[STAGE-C] --------------------------------------------------------------------------------------------------------------------------------
[STAGE-C]    301    12.0s   -0.0303    20.0%    20.0%    67.1%       84%/4%/12%    1.275    0.007    80.0%     0.0%   0.6715   0.0162     2.6%
[STAGE-C]    302    14.4s   -0.0200    55.0%    55.0%    84.6%        89%/3%/8%    1.115    0.004    45.0%     0.0%   0.5215   0.0809    16.7%
[STAGE-C]    303    11.7s   -0.0272    50.0%    50.0%    81.0%        85%/7%/8%    1.280    0.009    50.0%     0.0%   0.5224  -0.0157     9.6%
[STAGE-C]    304     9.1s   -0.0189    50.0%    50.0%    87.3%        90%/4%/6%    1.250    0.008    50.0%     0.0%   0.5606   0.0404     4.5%
[STAGE-C]    305    18.9s   -0.0290    30.0%    30.0%    58.6%       86%/1%/13%    1.014    0.004    70.0%     0.0%   0.5077  -0.0172     6.0%
[STAGE-C]    306    17.1s   -0.0305    30.0%    30.0%    77.6%        84%/7%/9%    1.157    0.005    70.0%     0.0%   0.3616   0.0308    13.9%
[STAGE-C]    307     1.3s    0.1174    90.0%    90.0%   100.0%        94%/3%/2%    1.165    0.074    10.0%     0.0%   0.2291   0.0016     3.0%
[STAGE-C]    308     1.4s    0.1136    90.0%    90.0%    98.3%        94%/4%/2%    1.172    0.082    10.0%     0.0%   0.2275  -0.0002     3.2%
[STAGE-C]    309     9.2s   -0.0171    65.0%    65.0%    94.0%        93%/2%/5%    1.238    0.010    35.0%     0.0%   0.2031   0.0203     4.7%
[STAGE-C]    310     1.6s    0.0631    80.0%    80.0%    99.6%        96%/0%/4%    1.284    0.069    20.0%     0.0%   0.1611   0.0053     3.1%
[STAGE-C]   [MA20] reward=-0.0217 task_sr=39.5% miss=60.5% time_limit=60.0% v2v=12.2%
[STAGE-C]   [PPO ] p_loss=0.0223 v_loss=1.1002 entropy=0.1611 grad=1.1208 active=70.0%
[STAGE-C]   [SIM ] avg_power(a)=0.4844 rsu_q=0.000 tx=11 no_tx=241 deadlock=0 svc=3.007GHz idle=77.8%
[STAGE-C]   [CMDP] lambda(E/I/R)=(0.000/0.000/0.000) cost(E/I/R)=(0.000/0.000/0.027)
[STAGE-C]   → Best model saved: Success Rate = 0.192 (50-ep avg)
[STAGE-C]    311     1.7s    0.0915    90.0%    90.0%    97.1%        98%/1%/1%    1.006    0.045    10.0%     0.0%   0.1326  -0.0026     1.2%
[STAGE-C]    312     1.9s    0.0470    80.0%    80.0%    97.5%        97%/0%/3%    1.218    0.048    20.0%     0.0%   0.0707   0.0009     1.6%
[STAGE-C]    313     1.3s    0.1439    85.0%    85.0%    99.5%        98%/2%/0%    1.084    0.070    15.0%     0.0%   0.0231   0.0072     1.1%
[STAGE-C]    314     1.3s    0.0957    90.0%    90.0%   100.0%        97%/1%/2%    1.240    0.100    10.0%     0.0%   0.0000   0.0096     1.9%
[STAGE-C]    315     1.4s    0.0969    85.0%    85.0%    99.6%        97%/1%/2%    1.184    0.090    15.0%     0.0%   0.0000   0.0087     1.5%
[STAGE-C]    316     1.4s    0.1315    95.0%    95.0%   100.0%       100%/0%/0%    1.260    0.080     5.0%     0.0%   0.0000   0.0029     0.9%
[STAGE-C]    317     1.2s    0.1445    95.0%    95.0%    99.6%       100%/0%/0%    1.100    0.063     5.0%     0.0%   0.0000  -0.0023     0.4%
[STAGE-C]    318     1.3s    0.1094    85.0%    85.0%    99.6%       100%/0%/0%    1.216    0.083    15.0%     0.0%   0.0000  -0.0021     0.2%
[STAGE-C]    319     1.3s    0.1076    80.0%    80.0%    99.2%        99%/0%/1%    1.200    0.089    20.0%     0.0%   0.0000   0.0016     0.9%
[STAGE-C]    320     1.4s    0.0971    80.0%    80.0%    99.6%       100%/0%/0%    1.247    0.072    20.0%     0.0%   0.0000   0.0002     0.0%
[STAGE-C]   [MA20] reward=0.0593 task_sr=71.2% miss=28.7% time_limit=15.0% v2v=4.0%
[STAGE-C]   [PPO ] p_loss=0.0087 v_loss=1.0012 entropy=0.0000 grad=0.5267 active=78.1%
[STAGE-C]   [SIM ] avg_power(a)=0.4138 rsu_q=0.000 tx=0 no_tx=250 deadlock=0 svc=0.000GHz idle=100.0%
[STAGE-C]   [CMDP] lambda(E/I/R)=(0.000/0.000/0.000) cost(E/I/R)=(0.000/0.000/0.000)
[STAGE-C]   → Best model saved: Success Rate = 0.361 (50-ep avg)
[STAGE-C] 
[STAGE-C]     Ep    Wall    R/step     T_SR     V_SR     S_SR            L/R/V   Lat(s)       En     Miss      Ill      Ent       KL     Clip
[STAGE-C] --------------------------------------------------------------------------------------------------------------------------------
[STAGE-C]    321     1.2s    0.1296    85.0%    85.0%   100.0%        98%/1%/0%    1.170    0.065    15.0%     0.0%   0.0000  -0.0065     1.4%
[STAGE-C]    322     1.4s    0.0758    85.0%    85.0%    96.7%        99%/0%/1%    1.176    0.074    15.0%     0.0%   0.0000   0.0058     0.5%
[STAGE-C]    323     1.3s    0.1115    80.0%    80.0%    99.6%        98%/1%/1%    1.142    0.075    20.0%     0.0%   0.0000   0.0110     1.6%
[STAGE-C]    324     1.3s    0.1328    85.0%    85.0%   100.0%       100%/0%/0%    1.155    0.075    15.0%     0.0%   0.0000   0.0036     0.4%
[STAGE-C]    325     1.3s    0.0737    80.0%    80.0%   100.0%       100%/0%/0%    1.285    0.070    20.0%     0.0%   0.0000  -0.0001     0.0%
[STAGE-C]    326     1.5s    0.0735    75.0%    75.0%    99.6%        98%/0%/1%    1.321    0.096    25.0%     0.0%   0.0000  -0.0056     0.9%
[STAGE-C]    327     1.3s    0.1160    80.0%    80.0%    98.3%        99%/0%/1%    1.150    0.063    20.0%     0.0%   0.0000   0.0006     0.5%
[STAGE-C]    328     1.2s    0.0984    90.0%    90.0%    99.2%       100%/0%/0%    1.195    0.092    10.0%     0.0%   0.0000  -0.0002     0.0%
[STAGE-C]    329     1.3s    0.1463    90.0%    90.0%    98.8%       100%/0%/0%    1.205    0.069    10.0%     0.0%   0.0000 -7.35e-05     0.0%
[STAGE-C]    330     1.3s    0.1183   100.0%   100.0%   100.0%       100%/0%/0%    1.195    0.098     0.0%     0.0%   0.0000   0.0004     0.0%
[STAGE-C]   [MA20] reward=0.1071 task_sr=85.8% miss=14.3% time_limit=0.0% v2v=0.7%
[STAGE-C]   [PPO ] p_loss=-0.0155 v_loss=0.9355 entropy=0.0000 grad=0.9802 active=79.7%
[STAGE-C]   [SIM ] avg_power(a)=0.4592 rsu_q=0.000 tx=0 no_tx=239 deadlock=0 svc=0.000GHz idle=100.0%
[STAGE-C]   [CMDP] lambda(E/I/R)=(0.000/0.000/0.000) cost(E/I/R)=(0.000/0.000/0.000)
[STAGE-C]   → Best model saved: Success Rate = 0.524 (50-ep avg)
[STAGE-C]    331     1.3s    0.1002    75.0%    75.0%    98.8%       100%/0%/0%    1.237    0.089    25.0%     0.0%   0.0000   0.0009     0.2%
[STAGE-C]    332     1.3s    0.1064    80.0%    80.0%    97.7%       100%/0%/0%    1.265    0.085    20.0%     0.0%   0.0000  -0.0001     0.0%
[STAGE-C]    333     1.3s    0.1273    95.0%    95.0%    99.6%       100%/0%/0%    1.179    0.081     5.0%     0.0%   0.0000 -5.98e-05     0.0%
[STAGE-C]    334     1.4s    0.0931    90.0%    90.0%    99.6%       100%/0%/0%    1.179    0.088    10.0%     0.0%   0.0000  -0.0001     0.0%
[STAGE-C]    335     1.3s    0.1473    90.0%    90.0%   100.0%       100%/0%/0%    1.155    0.070    10.0%     0.0%   0.0000 3.70e-05     0.0%
[STAGE-C]    336     1.1s    0.1461    95.0%    95.0%   100.0%       100%/0%/0%    1.150    0.089     5.0%     0.0%   0.0000 1.59e-05     0.0%
[STAGE-C]    337     1.4s    0.0805    75.0%    75.0%    99.2%       100%/0%/0%    1.267    0.088    25.0%     0.0%   0.0000   0.0050     0.4%
[STAGE-C]    338     1.3s    0.0610    85.0%    85.0%   100.0%       100%/0%/0%    1.270    0.070    15.0%     0.0%   0.0000   0.0039     0.3%
[STAGE-C]    339     1.3s    0.0948    80.0%    80.0%    97.9%        99%/0%/1%    1.172    0.073    20.0%     0.0%   0.0000   0.0053     1.0%
[STAGE-C]    340     1.4s    0.0630    80.0%    80.0%    99.6%       100%/0%/0%    1.295    0.080    20.0%     0.0%   0.0000   0.0006     0.0%
[STAGE-C]   [MA20] reward=0.1048 task_sr=84.7% miss=15.3% time_limit=0.0% v2v=0.3%
[STAGE-C]   [PPO ] p_loss=0.0097 v_loss=0.8400 entropy=0.0000 grad=1.4061 active=80.9%
[STAGE-C]   [SIM ] avg_power(a)=0.4537 rsu_q=0.000 tx=0 no_tx=259 deadlock=0 svc=0.000GHz idle=100.0%
[STAGE-C]   [CMDP] lambda(E/I/R)=(0.000/0.000/0.000) cost(E/I/R)=(0.000/0.000/0.000)
[STAGE-C]   → Best model saved: Success Rate = 0.670 (50-ep avg)
[STAGE-C] 
[STAGE-C]     Ep    Wall    R/step     T_SR     V_SR     S_SR            L/R/V   Lat(s)       En     Miss      Ill      Ent       KL     Clip
[STAGE-C] --------------------------------------------------------------------------------------------------------------------------------
[STAGE-C]    341     1.3s    0.1225    75.0%    75.0%    98.7%       100%/0%/0%    1.139    0.060    25.0%     0.0%   0.0000  -0.0002     0.0%
[STAGE-C]    342     1.2s    0.1300    95.0%    95.0%   100.0%       100%/0%/0%    1.150    0.077     5.0%     0.0%   0.0000   0.0051     0.4%
[STAGE-C]    343     1.3s    0.1184    85.0%    85.0%    98.7%        99%/0%/1%    1.088    0.076    15.0%     0.0%   0.0000   0.0016     0.5%
[STAGE-C]    344     1.3s    0.1386   100.0%   100.0%   100.0%       100%/0%/0%    1.155    0.067     0.0%     0.0%   0.0000   0.0023     0.4%
[STAGE-C]    345     1.3s    0.1213    90.0%    90.0%    99.6%       100%/0%/0%    1.189    0.062    10.0%     0.0%   0.0000   0.0006     0.1%
[STAGE-C]    346     1.3s    0.0975    90.0%    90.0%    99.2%       100%/0%/0%    1.195    0.063    10.0%     0.0%   0.0000   0.0002     0.1%
[STAGE-C]    347     1.3s    0.1382    85.0%    85.0%    99.1%       100%/0%/0%    1.128    0.060    15.0%     0.0%   0.0000  -0.0005     0.0%
[STAGE-C]    348     1.2s    0.1714   100.0%   100.0%   100.0%       100%/0%/0%    1.110    0.074     0.0%     0.0%   0.0000  -0.0004     0.0%
[STAGE-C]    349     1.3s    0.1122    90.0%    90.0%   100.0%       100%/0%/0%    1.195    0.091    10.0%     0.0%   0.0000   0.0002     0.0%
[STAGE-C]    350     1.3s    0.1035    95.0%    95.0%    99.6%       100%/0%/0%    1.237    0.066     5.0%     0.0%   0.0000  -0.0041     0.4%
[STAGE-C]   [MA20] reward=0.1137 task_sr=87.5% miss=12.5% time_limit=0.0% v2v=0.2%
[STAGE-C]   [PPO ] p_loss=0.0020 v_loss=0.5664 entropy=0.0000 grad=0.6721 active=77.8%
[STAGE-C]   [SIM ] avg_power(a)=0.4894 rsu_q=0.000 tx=1 no_tx=248 deadlock=0 svc=0.000GHz idle=100.0%
[STAGE-C]   [CMDP] lambda(E/I/R)=(0.000/0.000/0.000) cost(E/I/R)=(0.000/0.000/0.002)
[STAGE-C]   → Best model saved: Success Rate = 0.805 (50-ep avg)
[STAGE-C]    351     1.3s    0.0967    95.0%    95.0%    98.8%       100%/0%/0%    1.200    0.076     5.0%     0.0%   0.0000 -6.74e-05     0.0%
[STAGE-C]    352     1.3s    0.0943    80.0%    80.0%    99.6%       100%/0%/0%    1.253    0.100    20.0%     0.0%   0.0000 -6.79e-05     0.0%
[STAGE-C]    353     1.2s    0.1645    90.0%    90.0%    99.6%       100%/0%/0%    1.142    0.095    10.0%     0.0%   0.0000   0.0080     0.5%
[STAGE-C]    354     1.3s    0.1284    95.0%    95.0%   100.0%       100%/0%/0%    1.190    0.072     5.0%     0.0%   0.0000   0.0036     0.4%
[STAGE-C]    355     1.4s    0.1021    85.0%    85.0%    99.2%       100%/0%/0%    1.226    0.066    15.0%     0.0%   0.0000  -0.0032     0.3%
[STAGE-C]    356     1.2s    0.1160    80.0%    80.0%    99.2%       100%/0%/0%    1.178    0.081    20.0%     0.0%   0.0000   0.0004     0.0%
[STAGE-C]    357     1.3s    0.1201    95.0%    95.0%    98.8%        99%/0%/0%    1.179    0.091     5.0%     0.0%   0.0000   0.0064     0.7%
[STAGE-C]    358     1.3s    0.0993    95.0%    95.0%    98.8%       100%/0%/0%    1.268    0.072     5.0%     0.0%   0.0000   0.0001     0.0%
[STAGE-C]    359     1.3s    0.1198    85.0%    85.0%    99.2%       100%/0%/0%    1.161    0.069    15.0%     0.0%   0.0000  -0.0008     0.2%
[STAGE-C]    360     1.3s    0.1609    95.0%    95.0%   100.0%       100%/0%/0%    1.155    0.066     5.0%     0.0%   0.0000  -0.0005     0.0%
[STAGE-C]   [MA20] reward=0.1228 task_sr=90.0% miss=10.0% time_limit=0.0% v2v=0.2%
[STAGE-C]   [PPO ] p_loss=0.0013 v_loss=0.8976 entropy=0.0000 grad=1.3507 active=72.2%
[STAGE-C]   [SIM ] avg_power(a)=0.4688 rsu_q=0.000 tx=0 no_tx=231 deadlock=0 svc=0.000GHz idle=100.0%
[STAGE-C]   [CMDP] lambda(E/I/R)=(0.000/0.000/0.000) cost(E/I/R)=(0.000/0.000/0.000)
[STAGE-C]   → Best model saved: Success Rate = 0.872 (50-ep avg)
[STAGE-C] 
[STAGE-C]     Ep    Wall    R/step     T_SR     V_SR     S_SR            L/R/V   Lat(s)       En     Miss      Ill      Ent       KL     Clip
[STAGE-C] --------------------------------------------------------------------------------------------------------------------------------
[STAGE-C]    361     1.3s    0.1158    90.0%    90.0%   100.0%       100%/0%/0%    1.195    0.058    10.0%     0.0%   0.0000 -7.20e-05     0.0%
[STAGE-C]    362     1.3s    0.1113    95.0%    95.0%   100.0%       100%/0%/0%    1.200    0.087     5.0%     0.0%   0.0000   0.0003     0.0%
[STAGE-C]    363     1.3s    0.1359    95.0%    95.0%   100.0%       100%/0%/0%    1.215    0.077     5.0%     0.0%   0.0000   0.0009     0.0%
[STAGE-C]    364     1.4s    0.1001    85.0%    85.0%    98.4%       100%/0%/0%    1.247    0.083    15.0%     0.0%   0.0000 8.98e-05     0.0%
[STAGE-C]    365     1.3s    0.1744    90.0%    90.0%   100.0%       100%/0%/0%    1.195    0.057    10.0%     0.0%   0.0000   0.0004     0.0%
[STAGE-C]    366     1.4s    0.0639    90.0%    90.0%   100.0%       100%/0%/0%    1.340    0.082    10.0%     0.0%   0.0000  -0.0003     0.0%
[STAGE-C]    367     1.3s    0.0633    85.0%    85.0%    98.8%       100%/0%/0%    1.284    0.088    15.0%     0.0%   0.0000   0.0003     0.0%
[STAGE-C]    368     1.4s    0.0422    80.0%    80.0%    99.3%       100%/0%/0%    1.311    0.089    20.0%     0.0%   0.0000  -0.0005     0.1%
[STAGE-C]    369     1.4s    0.0696    90.0%    90.0%   100.0%       100%/0%/0%    1.265    0.081    10.0%     0.0%   0.0000  -0.0004     0.0%
[STAGE-C]    370     1.3s    0.1165    90.0%    90.0%    99.6%       100%/0%/0%    1.226    0.072    10.0%     0.0%   0.0000   0.0004     0.0%
[STAGE-C]   [MA20] reward=0.1097 task_sr=89.2% miss=10.8% time_limit=0.0% v2v=0.1%
[STAGE-C]   [PPO ] p_loss=-0.0032 v_loss=0.5385 entropy=0.0000 grad=0.7693 active=76.9%
[STAGE-C]   [SIM ] avg_power(a)=0.4765 rsu_q=0.000 tx=0 no_tx=246 deadlock=0 svc=0.000GHz idle=100.0%
[STAGE-C]   [CMDP] lambda(E/I/R)=(0.000/0.000/0.000) cost(E/I/R)=(0.000/0.000/0.000)
[STAGE-C]    371     1.4s    0.0907    75.0%    75.0%    99.2%       100%/0%/0%    1.242    0.097    25.0%     0.0%   0.0000   0.0011     0.0%
[STAGE-C]    372     1.3s    0.1390    95.0%    95.0%    99.6%       100%/0%/0%    1.189    0.083     5.0%     0.0%   0.0000   0.0010     0.0%
[STAGE-C]    373     1.2s    0.1525    95.0%    95.0%   100.0%       100%/0%/0%    1.130    0.086     5.0%     0.0%   0.0000  -0.0003     0.0%
[STAGE-C]    374     1.2s    0.1322    95.0%    95.0%    99.5%       100%/0%/0%    1.068    0.063     5.0%     0.0%   0.0000   0.0052     0.5%
[STAGE-C]    375     1.3s    0.1444    90.0%    90.0%   100.0%       100%/0%/0%    1.175    0.050    10.0%     0.0%   0.0000  -0.0019     0.0%
[STAGE-C]    376     1.3s    0.1327    85.0%    85.0%   100.0%       100%/0%/0%    1.195    0.081    15.0%     0.0%   0.0000  -0.0022     0.0%
[STAGE-C]    377     1.3s    0.1058    90.0%    90.0%    99.6%       100%/0%/0%    1.253    0.056    10.0%     0.0%   0.0000  -0.0004     0.0%
[STAGE-C]    378     1.3s    0.0909    80.0%    80.0%    99.1%       100%/0%/0%    1.128    0.069    20.0%     0.0%   0.0000  -0.0005     0.0%
[STAGE-C]    379     1.4s    0.0874    80.0%    80.0%    98.4%       100%/0%/0%    1.206    0.071    20.0%     0.0%   0.0000   0.0033     0.4%
[STAGE-C]    380     1.2s    0.1326    90.0%    90.0%    99.5%       100%/0%/0%    1.095    0.066    10.0%     0.0%   0.0000 5.88e-05     0.0%
[STAGE-C]   [MA20] reward=0.1101 task_sr=88.2% miss=11.8% time_limit=0.0% v2v=0.0%
[STAGE-C]   [PPO ] p_loss=-0.0089 v_loss=0.4555 entropy=0.0000 grad=0.6367 active=73.3%
[STAGE-C]   [SIM ] avg_power(a)=0.4895 rsu_q=0.000 tx=0 no_tx=220 deadlock=0 svc=0.000GHz idle=100.0%
[STAGE-C]   [CMDP] lambda(E/I/R)=(0.000/0.000/0.000) cost(E/I/R)=(0.000/0.000/0.000)
[STAGE-C] 
[STAGE-C]     Ep    Wall    R/step     T_SR     V_SR     S_SR            L/R/V   Lat(s)       En     Miss      Ill      Ent       KL     Clip
[STAGE-C] --------------------------------------------------------------------------------------------------------------------------------
[STAGE-C]    381     1.3s    0.1552    95.0%    95.0%   100.0%       100%/0%/0%    1.110    0.089     5.0%     0.0%   0.0000   0.0025     0.2%
[STAGE-C]    382     1.3s    0.0977    70.0%    70.0%    97.6%       100%/0%/0%    1.188    0.090    30.0%     0.0%   0.0000 2.17e-05     0.0%
[STAGE-C]    383     1.0s    0.1995    95.0%    95.0%    99.5%       100%/0%/0%    1.005    0.088     5.0%     0.0%   0.0000  -0.0008     0.0%
[STAGE-C]    384     1.4s    0.1091    90.0%    90.0%    99.6%       100%/0%/0%    1.232    0.060    10.0%     0.0%   0.0000   0.0018     0.2%
[STAGE-C]    385     1.4s    0.0877    75.0%    75.0%    98.8%       100%/0%/0%    1.233    0.072    25.0%     0.0%   0.0000  -0.0005     0.0%
[STAGE-C]    386     1.4s    0.0757    85.0%    85.0%    98.8%       100%/0%/0%    1.267    0.097    15.0%     0.0%   0.0000   0.0020     0.2%
[STAGE-C]    387     1.2s    0.1439   100.0%   100.0%   100.0%       100%/0%/0%    1.145    0.067     0.0%     0.0%   0.0000   0.0003     0.0%
[STAGE-C]    388     1.3s    0.0834    90.0%    90.0%    99.6%       100%/0%/0%    1.237    0.092    10.0%     0.0%   0.0000  -0.0003     0.0%
[STAGE-C]    389     1.3s    0.1212    85.0%    85.0%    99.2%       100%/0%/0%    1.244    0.067    15.0%     0.0%   0.0000  -0.0008     0.0%
[STAGE-C]    390     1.3s    0.0644    75.0%    75.0%    99.2%       100%/0%/0%    1.242    0.095    25.0%     0.0%   0.0000  -0.0002     0.0%
[STAGE-C]   [MA20] reward=0.1173 task_sr=86.8% miss=13.2% time_limit=0.0% v2v=0.0%
[STAGE-C]   [PPO ] p_loss=0.0307 v_loss=0.7400 entropy=0.0000 grad=1.3212 active=77.8%
[STAGE-C]   [SIM ] avg_power(a)=0.5146 rsu_q=0.000 tx=0 no_tx=249 deadlock=0 svc=0.000GHz idle=100.0%
[STAGE-C]   [CMDP] lambda(E/I/R)=(0.000/0.000/0.000) cost(E/I/R)=(0.000/0.000/0.000)
[STAGE-C]    391     1.3s    0.0642    85.0%    85.0%    98.4%       100%/0%/0%    1.218    0.084    15.0%     0.0%   0.0000  -0.0003     0.0%
[STAGE-C]    392     1.2s    0.1324    90.0%    90.0%    99.6%       100%/0%/0%    1.163    0.074    10.0%     0.0%   0.0000  -0.0011     0.3%
[STAGE-C]    393     1.3s    0.1045    80.0%    80.0%    99.6%       100%/0%/0%    1.184    0.091    20.0%     0.0%   0.0000   0.0036     0.4%
[STAGE-C]    394     1.2s    0.1741    90.0%    90.0%    99.1%       100%/0%/0%    1.121    0.075    10.0%     0.0%   0.0000  -0.0001     0.0%
[STAGE-C]    395     1.3s    0.1377    95.0%    95.0%    99.6%        99%/0%/0%    1.142    0.081     5.0%     0.0%   0.0000  -0.0017     0.5%
[STAGE-C]    396     1.3s    0.1063    80.0%    80.0%    98.8%       100%/0%/0%    1.217    0.082    20.0%     0.0%   0.0000   0.0002     0.0%
[STAGE-C]    397     1.3s    0.1243    95.0%    95.0%    99.6%       100%/0%/0%    1.195    0.085     5.0%     0.0%   0.0000  -0.0003     0.0%
[STAGE-C]    398     1.2s    0.1839    90.0%    90.0%   100.0%       100%/0%/0%    1.125    0.092    10.0%     0.0%   0.0000 -3.12e-05     0.0%
[STAGE-C]    399     1.3s    0.1560    90.0%    90.0%   100.0%       100%/0%/0%    1.160    0.058    10.0%     0.0%   0.0000  -0.0001     0.0%
[STAGE-C]    400     1.2s    0.1329   100.0%   100.0%   100.0%       100%/0%/0%    1.160    0.092     0.0%     0.0%   0.0000  -0.0002     0.0%
[STAGE-C]   [MA20] reward=0.1227 task_sr=87.8% miss=12.3% time_limit=0.0% v2v=0.0%
[STAGE-C]   [PPO ] p_loss=-0.0155 v_loss=0.4444 entropy=0.0000 grad=1.0506 active=72.5%
[STAGE-C]   [SIM ] avg_power(a)=0.5130 rsu_q=0.000 tx=0 no_tx=232 deadlock=0 svc=0.000GHz idle=100.0%
[STAGE-C]   [CMDP] lambda(E/I/R)=(0.000/0.000/0.000) cost(E/I/R)=(0.000/0.000/0.000)
[STAGE-C] 
[STAGE-C]     Ep    Wall    R/step     T_SR     V_SR     S_SR            L/R/V   Lat(s)       En     Miss      Ill      Ent       KL     Clip
[STAGE-C] --------------------------------------------------------------------------------------------------------------------------------
[STAGE-C]    401     1.2s    0.1116    90.0%    90.0%    99.6%       100%/0%/0%    1.174    0.083    10.0%     0.0%   0.0000  -0.0004     0.0%
[STAGE-C]    402     1.2s    0.1072   100.0%   100.0%   100.0%       100%/0%/0%    1.135    0.068     0.0%     0.0%   0.0000   0.0001     0.0%
[STAGE-C]    403     1.3s    0.0942    95.0%    95.0%   100.0%       100%/0%/0%    1.245    0.071     5.0%     0.0%   0.0000 2.06e-05     0.0%
[STAGE-C]    404     1.5s    0.1191    85.0%    85.0%    99.2%       100%/0%/0%    1.268    0.085    15.0%     0.0%   0.0000 -5.92e-05     0.0%
[STAGE-C]    405     1.3s    0.0882    75.0%    75.0%    97.9%       100%/0%/0%    1.163    0.069    25.0%     0.0%   0.0000   0.0020     0.3%
[STAGE-C]    406     1.3s    0.1238    85.0%    85.0%    98.7%       100%/0%/0%    1.150    0.069    15.0%     0.0%   0.0000   0.0104     0.4%
[STAGE-C]    407     1.3s    0.0916    70.0%    70.0%    99.6%       100%/0%/0%    1.242    0.086    30.0%     0.0%   0.0000 4.62e-05     0.0%
[STAGE-C]    408     1.2s    0.1312    95.0%    95.0%   100.0%       100%/0%/0%    1.100    0.067     5.0%     0.0%   0.0000  -0.0003     0.0%
[STAGE-C]    409     1.2s    0.2046    95.0%    95.0%   100.0%       100%/0%/0%    1.025    0.063     5.0%     0.0%   0.0000   0.0005     0.0%
[STAGE-C]    410     1.3s    0.1546   100.0%   100.0%   100.0%       100%/0%/0%    1.220    0.083     0.0%     0.0%   0.0000 -2.86e-05     0.0%
[STAGE-C]   [MA20] reward=0.1271 task_sr=89.2% miss=10.7% time_limit=0.0% v2v=0.0%
[STAGE-C]   [PPO ] p_loss=0.0187 v_loss=1.1108 entropy=0.0000 grad=6.9346 active=76.2%
[STAGE-C]   [SIM ] avg_power(a)=0.5118 rsu_q=0.000 tx=0 no_tx=244 deadlock=0 svc=0.000GHz idle=100.0%
[STAGE-C]   [CMDP] lambda(E/I/R)=(0.000/0.000/0.000) cost(E/I/R)=(0.000/0.000/0.000)
[STAGE-C]    411     1.3s    0.1094    85.0%    85.0%    99.2%       100%/0%/0%    1.168    0.079    15.0%     0.0%   0.0000  -0.0004     0.2%
[STAGE-C]    412     1.2s    0.1173    75.0%    75.0%    98.7%       100%/0%/0%    1.163    0.076    25.0%     0.0%   0.0000   0.0001     0.0%
[STAGE-C]    413     1.3s    0.1417    95.0%    95.0%    99.6%       100%/0%/0%    1.221    0.077     5.0%     0.0%   0.0000  -0.0005     0.0%
[STAGE-C]    414     1.2s    0.1670    95.0%    95.0%   100.0%       100%/0%/0%    1.160    0.059     5.0%     0.0%   0.0000  -0.0001     0.0%
[STAGE-C]    415     1.3s    0.1242    95.0%    95.0%   100.0%       100%/0%/0%    1.240    0.081     5.0%     0.0%   0.0000  -0.0003     0.0%
[STAGE-C]    416     1.3s    0.1237    85.0%    85.0%    98.3%       100%/0%/0%    1.178    0.085    15.0%     0.0%   0.0000  -0.0004     0.0%
[STAGE-C]    417     1.3s    0.1424    90.0%    90.0%   100.0%       100%/0%/0%    1.160    0.076    10.0%     0.0%   0.0000  -0.0007     0.3%
[STAGE-C]    418     1.1s    0.1664    95.0%    95.0%    99.5%       100%/0%/0%    1.058    0.067     5.0%     0.0%   0.0000 -3.32e-05     0.0%
[STAGE-C]    419     1.3s    0.0672    80.0%    80.0%    99.2%       100%/0%/0%    1.239    0.093    20.0%     0.0%   0.0000  -0.0006     0.0%
[STAGE-C]    420     1.3s    0.1012    85.0%    85.0%   100.0%       100%/0%/0%    1.165    0.066    15.0%     0.0%   0.0000   0.0002     0.0%
[STAGE-C]   [MA20] reward=0.1243 task_sr=88.5% miss=11.5% time_limit=0.0% v2v=0.0%
[STAGE-C]   [PPO ] p_loss=0.0011 v_loss=0.6467 entropy=0.0000 grad=1.7930 active=72.8%
[STAGE-C]   [SIM ] avg_power(a)=0.4772 rsu_q=0.000 tx=0 no_tx=233 deadlock=0 svc=0.000GHz idle=100.0%
[STAGE-C]   [CMDP] lambda(E/I/R)=(0.000/0.000/0.000) cost(E/I/R)=(0.000/0.000/0.000)
[STAGE-C] 
[STAGE-C]     Ep    Wall    R/step     T_SR     V_SR     S_SR            L/R/V   Lat(s)       En     Miss      Ill      Ent       KL     Clip
[STAGE-C] --------------------------------------------------------------------------------------------------------------------------------
[STAGE-C]    421     1.2s    0.1097    90.0%    90.0%    99.6%       100%/0%/0%    1.147    0.079    10.0%     0.0%   0.0000   0.0004     0.0%
[STAGE-C]    422     1.4s    0.0520    80.0%    80.0%    98.4%       100%/0%/0%    1.253    0.075    20.0%     0.0%   0.0000   0.0003     0.0%
[STAGE-C]    423     1.3s    0.0970    90.0%    90.0%   100.0%       100%/0%/0%    1.180    0.075    10.0%     0.0%   0.0000   0.0003     0.0%
[STAGE-C]    424     1.3s    0.0893    85.0%    85.0%    99.6%       100%/0%/0%    1.205    0.084    15.0%     0.0%   0.0000 -2.85e-05     0.0%
[STAGE-C]    425     1.3s    0.1200    90.0%    90.0%    99.6%       100%/0%/0%    1.216    0.098    10.0%     0.0%   0.0000   0.0001     0.0%
[STAGE-C]    426     1.3s    0.1200   100.0%   100.0%   100.0%       100%/0%/0%    1.205    0.092     0.0%     0.0%   0.0000  -0.0016     0.3%
[STAGE-C]    427     1.3s    0.1108   100.0%   100.0%   100.0%       100%/0%/0%    1.255    0.084     0.0%     0.0%   0.0000 -1.46e-05     0.0%
[STAGE-C]    428     1.4s    0.1065    80.0%    80.0%    97.9%       100%/0%/0%    1.178    0.062    20.0%     0.0%   0.0000   0.0002     0.0%
[STAGE-C]    429     1.2s    0.1095    85.0%    85.0%    98.8%       100%/0%/0%    1.167    0.089    15.0%     0.0%   0.0000   0.0020     0.2%
[STAGE-C]    430     1.2s    0.1482    90.0%    90.0%    99.6%       100%/0%/0%    1.105    0.076    10.0%     0.0%   0.0000   0.0003     0.0%
[STAGE-C]   [MA20] reward=0.1162 task_sr=88.5% miss=11.5% time_limit=0.0% v2v=0.0%
[STAGE-C]   [PPO ] p_loss=-0.0218 v_loss=0.5053 entropy=0.0000 grad=4.3362 active=75.0%
[STAGE-C]   [SIM ] avg_power(a)=0.4723 rsu_q=0.000 tx=0 no_tx=225 deadlock=0 svc=0.000GHz idle=100.0%
[STAGE-C]   [CMDP] lambda(E/I/R)=(0.000/0.000/0.000) cost(E/I/R)=(0.000/0.000/0.000)
[STAGE-C]    431     1.4s    0.1177    95.0%    95.0%   100.0%       100%/0%/0%    1.170    0.075     5.0%     0.0%   0.0000   0.0058     0.3%
[STAGE-C]    432     1.3s    0.0987    80.0%    80.0%    98.7%       100%/0%/0%    1.150    0.056    20.0%     0.0%   0.0000   0.0001     0.0%
[STAGE-C]    433     1.2s    0.1480    90.0%    90.0%    99.6%       100%/0%/0%    1.089    0.096    10.0%     0.0%   0.0000   0.0003     0.3%
[STAGE-C]    434     1.3s    0.1239    90.0%    90.0%    98.8%       100%/0%/0%    1.184    0.078    10.0%     0.0%   0.0000  -0.0002     0.0%
[STAGE-C]    435     1.3s    0.1319    85.0%    85.0%    99.2%       100%/0%/0%    1.206    0.093    15.0%     0.0%   0.0000  -0.0005     0.0%
[STAGE-C]    436     1.3s    0.1378    95.0%    95.0%   100.0%       100%/0%/0%    1.160    0.064     5.0%     0.0%   0.0000   0.0005     0.0%
[STAGE-C]    437     1.3s    0.1331    90.0%    90.0%    99.6%       100%/0%/0%    1.126    0.087    10.0%     0.0%   0.0000 7.34e-06     0.0%
[STAGE-C]    438     1.3s    0.0935    80.0%    80.0%    99.2%       100%/0%/0%    1.247    0.084    20.0%     0.0%   0.0000  -0.0003     0.0%
[STAGE-C]    439     1.4s    0.0427    80.0%    80.0%    98.8%       100%/0%/0%    1.272    0.095    20.0%     0.0%   0.0000  -0.0009     0.0%
[STAGE-C]    440     1.3s    0.0990    80.0%    80.0%    99.6%       100%/0%/0%    1.221    0.075    20.0%     0.0%   0.0000   0.0051     0.4%
[STAGE-C]   [MA20] reward=0.1095 task_sr=87.8% miss=12.3% time_limit=0.0% v2v=0.1%
[STAGE-C]   [PPO ] p_loss=0.0004 v_loss=0.4724 entropy=0.0000 grad=4.4099 active=76.9%
[STAGE-C]   [SIM ] avg_power(a)=0.5052 rsu_q=0.000 tx=1 no_tx=245 deadlock=0 svc=0.000GHz idle=100.0%
[STAGE-C]   [CMDP] lambda(E/I/R)=(0.000/0.000/0.000) cost(E/I/R)=(0.000/0.000/0.002)
[STAGE-C] 
[STAGE-C]     Ep    Wall    R/step     T_SR     V_SR     S_SR            L/R/V   Lat(s)       En     Miss      Ill      Ent       KL     Clip
[STAGE-C] --------------------------------------------------------------------------------------------------------------------------------
[STAGE-C]    441     1.3s    0.1188    85.0%    85.0%    99.6%       100%/0%/0%    1.184    0.073    15.0%     0.0%   0.0000 4.00e-05     0.0%
[STAGE-C]    442     1.3s    0.1149    85.0%    85.0%    99.2%       100%/0%/0%    1.172    0.072    15.0%     0.0%   0.0000  -0.0002     0.0%
[STAGE-C]    443     1.4s    0.1020    90.0%    90.0%    99.6%       100%/0%/0%    1.205    0.065    10.0%     0.0%   0.0000  -0.0003     0.0%
[STAGE-C]    444     1.3s    0.1145    85.0%    85.0%    98.4%       100%/0%/0%    1.206    0.075    15.0%     0.0%   0.0000   0.0001     0.0%
[STAGE-C]    445     1.2s    0.1502    80.0%    80.0%    98.3%       100%/0%/0%    1.124    0.082    20.0%     0.0%   0.0000   0.0031     0.4%
[STAGE-C]    446     1.4s    0.0815    90.0%    90.0%    99.2%       100%/0%/0%    1.217    0.056    10.0%     0.0%   0.0000   0.0051     0.4%
[STAGE-C]    447     1.3s    0.1139    90.0%    90.0%   100.0%       100%/0%/0%    1.165    0.062    10.0%     0.0%   0.0000   0.0011     0.0%
[STAGE-C]    448     1.3s    0.1104    80.0%    80.0%    99.6%       100%/0%/0%    1.158    0.067    20.0%     0.0%   0.0000   0.0006     0.0%
[STAGE-C]    449     1.3s    0.1500    95.0%    95.0%    99.6%       100%/0%/0%    1.105    0.082     5.0%     0.0%   0.0000   0.0039     0.3%
[STAGE-C]    450     1.4s    0.0605    75.0%    75.0%    98.5%       100%/0%/0%    1.306    0.096    25.0%     0.0%   0.0000   0.0140     0.5%
[STAGE-C]   [MA20] reward=0.1122 task_sr=86.0% miss=14.0% time_limit=0.0% v2v=0.1%
[STAGE-C]   [PPO ] p_loss=0.0009 v_loss=0.5653 entropy=0.0000 grad=1.6478 active=82.8%
[STAGE-C]   [SIM ] avg_power(a)=0.4456 rsu_q=0.000 tx=1 no_tx=264 deadlock=0 svc=0.000GHz idle=100.0%
[STAGE-C]   [CMDP] lambda(E/I/R)=(0.000/0.000/0.000) cost(E/I/R)=(0.000/0.000/0.002)
[STAGE-C]    451     1.3s    0.0760    90.0%    90.0%   100.0%       100%/0%/0%    1.295    0.077    10.0%     0.0%   0.0000   0.0002     0.0%
[STAGE-C]    452     1.3s    0.1170   100.0%   100.0%   100.0%       100%/0%/0%    1.225    0.084     0.0%     0.0%   0.0000   0.0006     0.0%
[STAGE-C]    453     1.4s    0.0675    85.0%    85.0%    99.6%       100%/0%/0%    1.274    0.071    15.0%     0.0%   0.0000  -0.0004     0.0%
[STAGE-C]    454     1.3s    0.1082    90.0%    90.0%    98.8%       100%/0%/0%    1.194    0.079    10.0%     0.0%   0.0000 -5.98e-05     0.0%
[STAGE-C]    455     1.3s    0.1167    85.0%    85.0%    99.2%       100%/0%/0%    1.167    0.094    15.0%     0.0%   0.0000  -0.0003     0.4%
[STAGE-C]    456     1.4s    0.0715    65.0%    65.0%    98.8%       100%/0%/0%    1.278    0.092    35.0%     0.0%   0.0000   0.0005     0.0%
[STAGE-C]    457     1.2s    0.1544    85.0%    85.0%   100.0%       100%/0%/0%    1.110    0.065    15.0%     0.0%   0.0000 -4.16e-05     0.0%
[STAGE-C]    458     1.2s    0.1560    90.0%    90.0%   100.0%       100%/0%/0%    1.125    0.066    10.0%     0.0%   0.0000   0.0002     0.0%
[STAGE-C]    459     1.2s    0.1723    95.0%    95.0%   100.0%       100%/0%/0%    1.130    0.071     5.0%     0.0%   0.0000   0.0009     0.0%
[STAGE-C]    460     1.3s    0.0675    80.0%    80.0%    99.6%       100%/0%/0%    1.174    0.069    20.0%     0.0%   0.0000   0.0005     0.0%
[STAGE-C]   [MA20] reward=0.1112 task_sr=86.0% miss=14.0% time_limit=0.0% v2v=0.0%
[STAGE-C]   [PPO ] p_loss=0.0216 v_loss=0.8460 entropy=0.0000 grad=2.9042 active=73.8%
[STAGE-C]   [SIM ] avg_power(a)=0.4735 rsu_q=0.000 tx=0 no_tx=236 deadlock=0 svc=0.000GHz idle=100.0%
[STAGE-C]   [CMDP] lambda(E/I/R)=(0.000/0.000/0.000) cost(E/I/R)=(0.000/0.000/0.000)
[STAGE-C] 
[STAGE-C]     Ep    Wall    R/step     T_SR     V_SR     S_SR            L/R/V   Lat(s)       En     Miss      Ill      Ent       KL     Clip
[STAGE-C] --------------------------------------------------------------------------------------------------------------------------------
[STAGE-C]    461     1.3s    0.1260    90.0%    90.0%    99.1%       100%/0%/0%    1.117    0.087    10.0%     0.0%   0.0000 1.70e-05     0.0%
[STAGE-C]    462     1.3s    0.1003    80.0%    80.0%   100.0%       100%/0%/0%    1.210    0.078    20.0%     0.0%   0.0000 -5.46e-05     0.0%
[STAGE-C]    463     1.3s    0.1457    95.0%    95.0%   100.0%       100%/0%/0%    1.130    0.078     5.0%     0.0%   0.0000  -0.0006     0.0%
[STAGE-C]    464     1.3s    0.1039    90.0%    90.0%    99.2%       100%/0%/0%    1.247    0.069    10.0%     0.0%   0.0000 -3.68e-05     0.0%
[STAGE-C]    465     1.3s    0.0677    75.0%    75.0%    98.4%       100%/0%/0%    1.206    0.076    25.0%     0.0%   0.0000  -0.0003     0.0%
[STAGE-C]    466     1.3s    0.1390   100.0%   100.0%   100.0%       100%/0%/0%    1.190    0.092     0.0%     0.0%   0.0000   0.0002     0.0%
[STAGE-C]    467     1.2s    0.1563    95.0%    95.0%   100.0%       100%/0%/0%    1.145    0.082     5.0%     0.0%   0.0000  -0.0001     0.0%
[STAGE-C]    468     1.2s    0.1344    95.0%    95.0%    98.6%       100%/0%/0%    1.089    0.076     5.0%     0.0%   0.0000 -8.14e-07     0.0%
[STAGE-C]    469     1.2s    0.1269    85.0%    85.0%    99.6%       100%/0%/0%    1.153    0.101    15.0%     0.0%   0.0000  -0.0004     0.0%
[STAGE-C]    470     1.3s    0.1230    90.0%    90.0%    99.2%       100%/0%/0%    1.167    0.088    10.0%     0.0%   0.0000   0.0006     0.0%
[STAGE-C]   [MA20] reward=0.1165 task_sr=88.0% miss=12.0% time_limit=0.0% v2v=0.0%
[STAGE-C]   [PPO ] p_loss=-0.0081 v_loss=0.6827 entropy=0.0000 grad=2.3723 active=79.7%
[STAGE-C]   [SIM ] avg_power(a)=0.5056 rsu_q=0.000 tx=0 no_tx=239 deadlock=0 svc=0.000GHz idle=100.0%
[STAGE-C]   [CMDP] lambda(E/I/R)=(0.000/0.000/0.000) cost(E/I/R)=(0.000/0.000/0.000)
[STAGE-C]    471     1.3s    0.1035    75.0%    75.0%    99.6%       100%/0%/0%    1.295    0.092    25.0%     0.0%   0.0000  -0.0001     0.0%
[STAGE-C]    472     1.3s    0.1538   100.0%   100.0%   100.0%       100%/0%/0%    1.150    0.081     0.0%     0.0%   0.0000  -0.0007     0.0%
[STAGE-C]    473     1.2s    0.1556    90.0%    90.0%    99.6%       100%/0%/0%    1.095    0.077    10.0%     0.0%   0.0000  -0.0002     0.0%
[STAGE-C]    474     1.3s    0.0864    85.0%    85.0%   100.0%       100%/0%/0%    1.220    0.090    15.0%     0.0%   0.0000   0.0003     0.0%
[STAGE-C]    475     1.2s    0.1138    95.0%    95.0%    99.6%       100%/0%/0%    1.163    0.070     5.0%     0.0%   0.0000   0.0002     0.0%
[STAGE-C]    476     1.3s    0.1305    90.0%    90.0%    99.2%       100%/0%/0%    1.183    0.087    10.0%     0.0%   0.0000   0.0002     0.0%
[STAGE-C]    477     1.3s    0.0965    85.0%    85.0%    99.6%       100%/0%/0%    1.200    0.096    15.0%     0.0%   0.0000   0.0001     0.0%
[STAGE-C]    478     1.3s    0.0902    95.0%    95.0%   100.0%       100%/0%/0%    1.175    0.072     5.0%     0.0%   0.0000   0.0004     0.0%
[STAGE-C]    479     1.3s    0.1185    85.0%    85.0%    98.7%        99%/0%/0%    1.168    0.091    15.0%     0.0%   0.0000   0.0020     0.4%
[STAGE-C]    480     1.2s    0.1335    90.0%    90.0%   100.0%       100%/0%/0%    1.140    0.070    10.0%     0.0%   0.0000 2.50e-05     0.0%
[STAGE-C]   [MA20] reward=0.1203 task_sr=89.2% miss=10.8% time_limit=0.0% v2v=0.0%
[STAGE-C]   [PPO ] p_loss=0.0053 v_loss=0.5666 entropy=0.0000 grad=3.5089 active=71.2%
[STAGE-C]   [SIM ] avg_power(a)=0.4776 rsu_q=0.000 tx=0 no_tx=228 deadlock=0 svc=0.000GHz idle=100.0%
[STAGE-C]   [CMDP] lambda(E/I/R)=(0.000/0.000/0.000) cost(E/I/R)=(0.000/0.000/0.000)
[STAGE-C] 
[STAGE-C]     Ep    Wall    R/step     T_SR     V_SR     S_SR            L/R/V   Lat(s)       En     Miss      Ill      Ent       KL     Clip
[STAGE-C] --------------------------------------------------------------------------------------------------------------------------------
[STAGE-C]    481     1.3s    0.1229    90.0%    90.0%   100.0%       100%/0%/0%    1.170    0.064    10.0%     0.0%   0.0000   0.0002     0.0%
[STAGE-C]    482     1.4s    0.1132    80.0%    80.0%    99.2%        99%/1%/0%    1.200    0.087    20.0%     0.0%   0.0000   0.0043     0.6%
[STAGE-C]    483     1.3s    0.1596    90.0%    90.0%    99.6%       100%/0%/0%    1.147    0.062    10.0%     0.0%   0.0000   0.0006     0.0%
[STAGE-C]    484     1.3s    0.1560    95.0%    95.0%   100.0%       100%/0%/0%    1.165    0.062     5.0%     0.0%   0.0000  -0.0002     0.0%
[STAGE-C]    485     1.3s    0.0704    80.0%    80.0%    99.2%       100%/0%/0%    1.247    0.057    20.0%     0.0%   0.0000   0.0025     0.3%
[STAGE-C]    486     1.2s    0.0960   100.0%   100.0%   100.0%       100%/0%/0%    1.215    0.083     0.0%     0.0%   0.0000 7.57e-05     0.0%
[STAGE-C]    487     1.2s    0.1158    90.0%    90.0%    99.1%       100%/0%/0%    1.089    0.051    10.0%     0.0%   0.0000   0.0025     0.3%
[STAGE-C]    488     1.4s    0.1000    80.0%    80.0%    99.6%       100%/0%/0%    1.216    0.068    20.0%     0.0%   0.0000   0.0002     0.0%
[STAGE-C]    489     1.4s    0.0547    80.0%    80.0%    99.6%       100%/0%/0%    1.284    0.065    20.0%     0.0%   0.0000  -0.0002     0.0%
[STAGE-C]    490     1.3s    0.1142    85.0%    85.0%    99.6%       100%/0%/0%    1.205    0.073    15.0%     0.0%   0.0000  -0.0002     0.0%
[STAGE-C]   [MA20] reward=0.1143 task_sr=88.0% miss=12.0% time_limit=0.0% v2v=0.1%
[STAGE-C]   [PPO ] p_loss=-0.0002 v_loss=0.6104 entropy=0.0000 grad=7.0064 active=76.2%
[STAGE-C]   [SIM ] avg_power(a)=0.4807 rsu_q=0.000 tx=0 no_tx=244 deadlock=0 svc=0.000GHz idle=100.0%
[STAGE-C]   [CMDP] lambda(E/I/R)=(0.000/0.000/0.000) cost(E/I/R)=(0.000/0.000/0.000)
[STAGE-C]    491     1.3s    0.1404    95.0%    95.0%    98.7%       100%/0%/0%    1.126    0.086     5.0%     0.0%   0.0000   0.0002     0.0%
[STAGE-C]    492     1.3s    0.1013    75.0%    75.0%    99.6%       100%/0%/0%    1.189    0.058    25.0%     0.0%   0.0000  -0.0002     0.0%
[STAGE-C]    493     1.4s    0.1040    85.0%    85.0%   100.0%       100%/0%/0%    1.300    0.103    15.0%     0.0%   0.0000 4.18e-05     0.0%
[STAGE-C]    494     1.2s    0.1563    85.0%    85.0%   100.0%       100%/0%/0%    1.095    0.060    15.0%     0.0%   0.0000  -0.0004     0.0%
[STAGE-C]    495     1.3s    0.0750    95.0%    95.0%   100.0%       100%/0%/0%    1.345    0.082     5.0%     0.0%   0.0000   0.0001     0.0%
[STAGE-C]    496     1.3s    0.1564    85.0%    85.0%    98.3%       100%/0%/0%    1.111    0.080    15.0%     0.0%   0.0000   0.0001     0.0%
[STAGE-C]    497     1.2s    0.1504    80.0%    80.0%    98.3%       100%/0%/0%    1.142    0.065    20.0%     0.0%   0.0000 -7.06e-05     0.0%
[STAGE-C]    498     1.2s    0.1495    90.0%    90.0%    99.5%       100%/0%/0%    1.063    0.068    10.0%     0.0%   0.0000  -0.0002     0.0%
[STAGE-C]    499     1.3s    0.0956    90.0%    90.0%   100.0%       100%/0%/0%    1.190    0.069    10.0%     0.0%   0.0000 -5.65e-05     0.0%
[STAGE-C]    500     1.3s    0.0996    95.0%    95.0%    99.6%       100%/0%/0%    1.195    0.090     5.0%     0.0%   0.0000   0.0001     0.0%
[STAGE-C]   [MA20] reward=0.1166 task_sr=87.2% miss=12.8% time_limit=0.0% v2v=0.0%
[STAGE-C]   [PPO ] p_loss=-0.0028 v_loss=0.6714 entropy=0.0000 grad=28.1275 active=74.4%
[STAGE-C]   [SIM ] avg_power(a)=0.4811 rsu_q=0.000 tx=0 no_tx=238 deadlock=0 svc=0.000GHz idle=100.0%
[STAGE-C]   [CMDP] lambda(E/I/R)=(0.000/0.000/0.000) cost(E/I/R)=(0.000/0.000/0.000)
[STAGE-C] 
[STAGE-C]     Ep    Wall    R/step     T_SR     V_SR     S_SR            L/R/V   Lat(s)       En     Miss      Ill      Ent       KL     Clip
[STAGE-C] --------------------------------------------------------------------------------------------------------------------------------
[STAGE-C]    501     1.3s    0.1526    95.0%    95.0%    98.7%       100%/0%/0%    1.095    0.058     5.0%     0.0%   0.0000 -7.67e-05     0.0%
[STAGE-C]    502     1.3s    0.0910    85.0%    85.0%    97.9%       100%/0%/0%    1.183    0.068    15.0%     0.0%   0.0000  -0.0001     0.0%
[STAGE-C]    503     1.3s    0.1173    90.0%    90.0%    99.6%       100%/0%/0%    1.263    0.091    10.0%     0.0%   0.0000   0.0001     0.0%
[STAGE-C]    504     1.4s    0.0536    85.0%    85.0%   100.0%       100%/0%/0%    1.295    0.064    15.0%     0.0%   0.0000  -0.0007     0.0%
[STAGE-C]    505     1.2s    0.1721   100.0%   100.0%   100.0%       100%/0%/0%    1.155    0.073     0.0%     0.0%   0.0000 8.78e-05     0.0%
[STAGE-C]    506     1.4s    0.1367    80.0%    80.0%    99.6%       100%/0%/0%    1.200    0.086    20.0%     0.0%   0.0000   0.0004     0.0%
[STAGE-C]    507     1.3s    0.1302    90.0%    90.0%   100.0%       100%/0%/0%    1.170    0.070    10.0%     0.0%   0.0000 6.80e-05     0.0%
[STAGE-C]    508     1.2s    0.1724    95.0%    95.0%    99.1%       100%/0%/0%    1.111    0.070     5.0%     0.0%   0.0000   0.0001     0.0%
[STAGE-C]    509     1.3s    0.1275    80.0%    80.0%   100.0%       100%/0%/0%    1.255    0.073    20.0%     0.0%   0.0000  -0.0002     0.0%
[STAGE-C]    510     1.3s    0.1234    90.0%    90.0%    99.2%       100%/0%/0%    1.216    0.085    10.0%     0.0%   0.0000   0.0003     0.0%
[STAGE-C]   [MA20] reward=0.1253 task_sr=88.2% miss=11.8% time_limit=0.0% v2v=0.0%
[STAGE-C]   [PPO ] p_loss=-0.0103 v_loss=0.6414 entropy=0.0000 grad=43.4324 active=75.9%
[STAGE-C]   [SIM ] avg_power(a)=0.4884 rsu_q=0.000 tx=0 no_tx=243 deadlock=0 svc=0.000GHz idle=100.0%
[STAGE-C]   [CMDP] lambda(E/I/R)=(0.000/0.000/0.000) cost(E/I/R)=(0.000/0.000/0.000)
[STAGE-C]    511     1.2s    0.1201    85.0%    85.0%    99.1%       100%/0%/0%    1.100    0.086    15.0%     0.0%   0.0000  -0.0001     0.0%
[STAGE-C]    512     1.2s    0.1074    90.0%    90.0%   100.0%       100%/0%/0%    1.160    0.084    10.0%     0.0%   0.0000   0.0003     0.0%
[STAGE-C]    513     1.3s    0.1014    80.0%    80.0%    98.8%       100%/0%/0%    1.159    0.064    20.0%     0.0%   0.0000   0.0003     0.0%
[STAGE-C]    514     1.3s    0.1465    85.0%    85.0%   100.0%       100%/0%/0%    1.160    0.094    15.0%     0.0%   0.0000 -5.28e-05     0.0%
[STAGE-C]    515     1.2s    0.1151    80.0%    80.0%    98.7%       100%/0%/0%    1.100    0.058    20.0%     0.0%   0.0000   0.0001     0.0%
[STAGE-C]    516     1.2s    0.1298    90.0%    90.0%   100.0%       100%/0%/0%    1.115    0.073    10.0%     0.0%   0.0000  -0.0004     0.0%
[STAGE-C]    517     1.2s    0.1132    90.0%    90.0%   100.0%       100%/0%/0%    1.165    0.074    10.0%     0.0%   0.0000 -2.97e-05     0.0%
[STAGE-C]    518     1.3s    0.0988    80.0%    80.0%    98.0%       100%/0%/0%    1.182    0.072    20.0%     0.0%   0.0000  -0.0004     0.0%
[STAGE-C]    519     1.3s    0.0988    95.0%    95.0%    99.6%        99%/0%/0%    1.179    0.084     5.0%     0.0%   0.0000  -0.0088     0.8%
[STAGE-C]    520     1.3s    0.1266    70.0%    70.0%    97.9%       100%/0%/0%    1.138    0.062    30.0%     0.0%   0.0000 1.78e-05     0.0%
[STAGE-C]   [MA20] reward=0.1217 task_sr=86.8% miss=13.2% time_limit=0.0% v2v=0.0%
[STAGE-C]   [PPO ] p_loss=-0.0021 v_loss=0.6470 entropy=0.0000 grad=28.4878 active=72.5%
[STAGE-C]   [SIM ] avg_power(a)=0.4828 rsu_q=0.000 tx=0 no_tx=232 deadlock=0 svc=0.000GHz idle=100.0%
[STAGE-C]   [CMDP] lambda(E/I/R)=(0.000/0.000/0.000) cost(E/I/R)=(0.000/0.000/0.000)
[STAGE-C] 
[STAGE-C]     Ep    Wall    R/step     T_SR     V_SR     S_SR            L/R/V   Lat(s)       En     Miss      Ill      Ent       KL     Clip
[STAGE-C] --------------------------------------------------------------------------------------------------------------------------------
[STAGE-C]    521     1.2s    0.1396    95.0%    95.0%   100.0%       100%/0%/0%    1.150    0.063     5.0%     0.0%   0.0000   0.0001     0.0%
[STAGE-C]    522     1.4s    0.0394    65.0%    65.0%    97.3%       100%/0%/0%    1.236    0.088    35.0%     0.0%   0.0000   0.0003     0.0%
[STAGE-C]    523     1.4s    0.1144    80.0%    80.0%    99.6%       100%/0%/0%    1.211    0.066    20.0%     0.0%   0.0000  -0.0007     0.3%
[STAGE-C]    524     1.3s    0.1253    85.0%    85.0%    98.3%       100%/0%/0%    1.135    0.069    15.0%     0.0%   0.0000   0.0001     0.0%
[STAGE-C]    525     1.2s    0.1338    90.0%    90.0%   100.0%       100%/0%/0%    1.125    0.075    10.0%     0.0%   0.0000   0.0002     0.0%
[STAGE-C]    526     1.4s    0.1312    90.0%    90.0%    99.6%       100%/0%/0%    1.216    0.067    10.0%     0.0%   0.0000   0.0027     0.2%
[STAGE-C]    527     1.3s    0.0943    95.0%    95.0%    98.4%       100%/0%/0%    1.205    0.087     5.0%     0.0%   0.0000 2.44e-05     0.0%
[STAGE-C]    528     1.4s    0.1695   100.0%   100.0%   100.0%       100%/0%/0%    1.215    0.077     0.0%     0.0%   0.0000   0.0002     0.0%
[STAGE-C]    529     1.3s    0.1237    95.0%    95.0%    99.1%       100%/0%/0%    1.158    0.087     5.0%     0.0%   0.0000  -0.0001     0.0%
[STAGE-C]    530     1.3s    0.0983    85.0%    85.0%    99.2%       100%/0%/0%    1.237    0.095    15.0%     0.0%   0.0000 -5.78e-05     0.0%
[STAGE-C]   [MA20] reward=0.1164 task_sr=86.2% miss=13.7% time_limit=0.0% v2v=0.0%
[STAGE-C]   [PPO ] p_loss=0.0062 v_loss=0.5576 entropy=0.0000 grad=17.7797 active=77.8%
[STAGE-C]   [SIM ] avg_power(a)=0.4937 rsu_q=0.000 tx=0 no_tx=249 deadlock=0 svc=0.000GHz idle=100.0%
[STAGE-C]   [CMDP] lambda(E/I/R)=(0.000/0.000/0.000) cost(E/I/R)=(0.000/0.000/0.000)
[STAGE-C]    531     1.4s    0.0771    85.0%    85.0%   100.0%       100%/0%/0%    1.265    0.074    15.0%     0.0%   0.0000  -0.0004     0.0%
[STAGE-C]    532     1.3s    0.1224    80.0%    80.0%    98.3%       100%/0%/0%    1.094    0.080    20.0%     0.0%   0.0000  -0.0004     0.0%
[STAGE-C]    533     1.2s    0.1251    85.0%    85.0%    99.2%       100%/0%/0%    1.178    0.075    15.0%     0.0%   0.0000  -0.0003     0.0%
[STAGE-C]    534     1.4s    0.0778    85.0%    85.0%   100.0%       100%/0%/0%    1.285    0.088    15.0%     0.0%   0.0000   0.0002     0.0%
[STAGE-C]    535     1.3s    0.1249    80.0%    80.0%    98.3%       100%/0%/0%    1.125    0.076    20.0%     0.0%   0.0000   0.0006     0.0%
[STAGE-C]    536     1.3s    0.1041    75.0%    75.0%    98.3%       100%/0%/0%    1.128    0.061    25.0%     0.0%   0.0000   0.0002     0.0%
[STAGE-C]    537     1.1s    0.1669    95.0%    95.0%   100.0%       100%/0%/0%    1.120    0.070     5.0%     0.0%   0.0000  -0.0002     0.0%
[STAGE-C]    538     1.2s    0.1616    85.0%    85.0%    99.1%       100%/0%/0%    1.094    0.074    15.0%     0.0%   0.0000   0.0002     0.0%
[STAGE-C]    539     1.3s    0.1042    95.0%    95.0%    99.6%       100%/0%/0%    1.200    0.093     5.0%     0.0%   0.0000   0.0002     0.0%
[STAGE-C]    540     1.2s    0.0948    90.0%    90.0%    99.6%       100%/0%/0%    1.126    0.066    10.0%     0.0%   0.0000   0.0002     0.0%
[STAGE-C]   [MA20] reward=0.1164 task_sr=86.8% miss=13.2% time_limit=0.0% v2v=0.0%
[STAGE-C]   [PPO ] p_loss=0.0148 v_loss=0.4999 entropy=0.0000 grad=17.4638 active=70.9%
[STAGE-C]   [SIM ] avg_power(a)=0.4869 rsu_q=0.000 tx=0 no_tx=227 deadlock=0 svc=0.000GHz idle=100.0%
[STAGE-C]   [CMDP] lambda(E/I/R)=(0.000/0.000/0.000) cost(E/I/R)=(0.000/0.000/0.000)
[STAGE-C] 
[STAGE-C]     Ep    Wall    R/step     T_SR     V_SR     S_SR            L/R/V   Lat(s)       En     Miss      Ill      Ent       KL     Clip
[STAGE-C] --------------------------------------------------------------------------------------------------------------------------------
[STAGE-C]    541     1.3s    0.1287    90.0%    90.0%   100.0%       100%/0%/0%    1.190    0.080    10.0%     0.0%   0.0000  -0.0003     0.0%
[STAGE-C]    542     1.2s    0.1154    75.0%    75.0%    98.7%       100%/0%/0%    1.065    0.105    25.0%     0.0%   0.0000  -0.0002     0.0%
[STAGE-C]    543     1.3s    0.1121    90.0%    90.0%    99.6%       100%/0%/0%    1.253    0.070    10.0%     0.0%   0.0000  -0.0001     0.0%
[STAGE-C]    544     1.4s    0.1335    90.0%    90.0%   100.0%       100%/0%/0%    1.205    0.069    10.0%     0.0%   0.0000 8.30e-05     0.0%
[STAGE-C]    545     1.3s    0.1138    80.0%    80.0%    98.7%       100%/0%/0%    1.117    0.061    20.0%     0.0%   0.0000   0.0001     0.0%
[STAGE-C]    546     1.2s    0.1352    85.0%    85.0%    99.6%       100%/0%/0%    1.142    0.063    15.0%     0.0%   0.0000   0.0007     0.0%
[STAGE-C]    547     1.3s    0.0869    90.0%    90.0%   100.0%       100%/0%/0%    1.220    0.104    10.0%     0.0%   0.0000 -1.56e-05     0.0%
[STAGE-C]    548     1.3s    0.0837    85.0%    85.0%    98.8%       100%/0%/0%    1.229    0.091    15.0%     0.0%   0.0000 4.93e-05     0.0%
[STAGE-C]    549     1.3s    0.0823   100.0%   100.0%   100.0%       100%/0%/0%    1.260    0.106     0.0%     0.0%   0.0000   0.0001     0.0%
[STAGE-C]    550     1.3s    0.1286   100.0%   100.0%   100.0%       100%/0%/0%    1.180    0.063     0.0%     0.0%   0.0000   0.0006     0.0%
[STAGE-C]   [MA20] reward=0.1139 task_sr=87.0% miss=13.0% time_limit=0.0% v2v=0.0%
[STAGE-C]   [PPO ] p_loss=-0.0099 v_loss=0.4865 entropy=0.0000 grad=15.9567 active=73.8%
[STAGE-C]   [SIM ] avg_power(a)=0.4819 rsu_q=0.000 tx=0 no_tx=236 deadlock=0 svc=0.000GHz idle=100.0%
[STAGE-C]   [CMDP] lambda(E/I/R)=(0.000/0.000/0.000) cost(E/I/R)=(0.000/0.000/0.000)
[STAGE-C]    551     1.4s    0.1184    90.0%    90.0%    99.6%       100%/0%/0%    1.205    0.066    10.0%     0.0%   0.0000  -0.0003     0.0%
[STAGE-C]    552     1.2s    0.1150    85.0%    85.0%   100.0%       100%/0%/0%    1.190    0.083    15.0%     0.0%   0.0000  -0.0001     0.0%
[STAGE-C]    553     1.2s    0.1128   100.0%   100.0%   100.0%       100%/0%/0%    1.125    0.071     0.0%     0.0%   0.0000   0.0124     0.4%
[STAGE-C]    554     1.3s    0.1123    85.0%    85.0%    98.8%       100%/0%/0%    1.159    0.071    15.0%     0.0%   0.0000 5.17e-06     0.0%
[STAGE-C]    555     1.3s    0.1264    90.0%    90.0%   100.0%       100%/0%/0%    1.245    0.082    10.0%     0.0%   0.0000  -0.0002     0.0%
[STAGE-C]    556     1.2s    0.1222   100.0%   100.0%   100.0%       100%/0%/0%    1.090    0.067     0.0%     0.0%   0.0000   0.0002     0.0%
[STAGE-C]    557     1.3s    0.1191    90.0%    90.0%    99.6%       100%/0%/0%    1.174    0.084    10.0%     0.0%   0.0000 -5.21e-05     0.0%
[STAGE-C]    558     1.3s    0.0901    85.0%    85.0%   100.0%       100%/0%/0%    1.195    0.064    15.0%     0.0%   0.0000  -0.0003     0.0%
[STAGE-C]    559     1.3s    0.1151   100.0%   100.0%   100.0%       100%/0%/0%    1.220    0.079     0.0%     0.0%   0.0000  -0.0032     0.3%
[STAGE-C]    560     1.2s    0.1721    95.0%    95.0%   100.0%       100%/0%/0%    1.110    0.069     5.0%     0.0%   0.0000  -0.0005     0.0%
[STAGE-C]   [MA20] reward=0.1162 task_sr=90.3% miss=9.8% time_limit=0.0% v2v=0.0%
[STAGE-C]   [PPO ] p_loss=0.0099 v_loss=0.4761 entropy=0.0000 grad=25.7724 active=74.0%
[STAGE-C]   [SIM ] avg_power(a)=0.4803 rsu_q=0.000 tx=0 no_tx=222 deadlock=0 svc=0.000GHz idle=100.0%
[STAGE-C]   [CMDP] lambda(E/I/R)=(0.000/0.000/0.000) cost(E/I/R)=(0.000/0.000/0.000)
[STAGE-C] 
[STAGE-C]     Ep    Wall    R/step     T_SR     V_SR     S_SR            L/R/V   Lat(s)       En     Miss      Ill      Ent       KL     Clip
[STAGE-C] --------------------------------------------------------------------------------------------------------------------------------
[STAGE-C]    561     1.4s    0.0693    80.0%    80.0%    99.2%       100%/0%/0%    1.272    0.093    20.0%     0.0%   0.0000   0.0003     0.0%
[STAGE-C]    562     1.2s    0.1248    85.0%    85.0%    98.3%       100%/0%/0%    1.112    0.096    15.0%     0.0%   0.0000   0.0002     0.0%
[STAGE-C]    563     1.3s    0.1335    95.0%    95.0%   100.0%       100%/0%/0%    1.230    0.071     5.0%     0.0%   0.0000   0.0001     0.0%
[STAGE-C]    564     1.3s    0.0968    85.0%    85.0%    99.2%       100%/0%/0%    1.232    0.059    15.0%     0.0%   0.0000  -0.0002     0.0%
[STAGE-C]    565     1.3s    0.1281    90.0%    90.0%    98.8%       100%/0%/0%    1.217    0.069    10.0%     0.0%   0.0000 2.36e-05     0.0%
[STAGE-C]    566     1.2s    0.1390    85.0%    85.0%    99.6%       100%/0%/0%    1.137    0.079    15.0%     0.0%   0.0000 -1.91e-05     0.0%
[STAGE-C]    567     1.3s    0.1085    95.0%    95.0%   100.0%       100%/0%/0%    1.225    0.076     5.0%     0.0%   0.0000   0.0005     0.0%
[STAGE-C]    568     1.3s    0.1265    90.0%    90.0%    99.6%       100%/0%/0%    1.184    0.108    10.0%     0.0%   0.0000   0.0005     0.0%
[STAGE-C]    569     1.3s    0.1468    90.0%    90.0%    99.6%       100%/0%/0%    1.095    0.077    10.0%     0.0%   0.0000 -1.55e-05     0.0%
[STAGE-C]    570     1.4s    0.0972    80.0%    80.0%    99.6%       100%/0%/0%    1.263    0.084    20.0%     0.0%   0.0000 -7.78e-05     0.0%
[STAGE-C]   [MA20] reward=0.1187 task_sr=89.7% miss=10.2% time_limit=0.0% v2v=0.0%
[STAGE-C]   [PPO ] p_loss=0.0008 v_loss=0.4341 entropy=0.0000 grad=32.1146 active=79.7%
[STAGE-C]   [SIM ] avg_power(a)=0.4769 rsu_q=0.000 tx=0 no_tx=255 deadlock=0 svc=0.000GHz idle=100.0%
[STAGE-C]   [CMDP] lambda(E/I/R)=(0.000/0.000/0.000) cost(E/I/R)=(0.000/0.000/0.000)
[STAGE-C]    571     1.4s    0.1256    85.0%    85.0%    99.2%       100%/0%/0%    1.242    0.069    15.0%     0.0%   0.0000 9.88e-05     0.0%
[STAGE-C]    572     1.4s    0.0792    95.0%    95.0%   100.0%       100%/0%/0%    1.320    0.103     5.0%     0.0%   0.0000  -0.0002     0.0%
[STAGE-C]    573     1.4s    0.0889   100.0%   100.0%   100.0%       100%/0%/0%    1.240    0.078     0.0%     0.0%   0.0000  -0.0021     0.4%
[STAGE-C]    574     1.3s    0.1587    95.0%    95.0%   100.0%       100%/0%/0%    1.105    0.070     5.0%     0.0%   0.0000 -3.03e-06     0.0%
[STAGE-C]    575     1.3s    0.1074    85.0%    85.0%    99.2%       100%/0%/0%    1.237    0.073    15.0%     0.0%   0.0000 9.46e-05     0.0%
[STAGE-C]    576     1.2s    0.1367    85.0%    85.0%   100.0%       100%/0%/0%    1.140    0.059    15.0%     0.0%   0.0000  -0.0001     0.0%
[STAGE-C]    577     1.3s    0.1088    80.0%    80.0%    98.8%       100%/0%/0%    1.153    0.063    20.0%     0.0%   0.0000 3.39e-06     0.0%
[STAGE-C]    578     1.4s    0.0919    95.0%    95.0%   100.0%       100%/0%/0%    1.220    0.097     5.0%     0.0%   0.0000 5.77e-05     0.0%
[STAGE-C]    579     1.4s    0.1218   100.0%   100.0%   100.0%       100%/0%/0%    1.155    0.064     0.0%     0.0%   0.0000   0.0002     0.0%
[STAGE-C]    580     1.4s    0.1079   100.0%   100.0%   100.0%       100%/0%/0%    1.300    0.070     0.0%     0.0%   0.0000   0.0002     0.0%
[STAGE-C]   [MA20] reward=0.1149 task_sr=89.8% miss=10.2% time_limit=0.0% v2v=0.0%
[STAGE-C]   [PPO ] p_loss=-0.0216 v_loss=0.7077 entropy=0.0000 grad=25.0230 active=81.2%
[STAGE-C]   [SIM ] avg_power(a)=0.5018 rsu_q=0.000 tx=0 no_tx=260 deadlock=0 svc=0.000GHz idle=100.0%
[STAGE-C]   [CMDP] lambda(E/I/R)=(0.000/0.000/0.000) cost(E/I/R)=(0.000/0.000/0.000)
[STAGE-C] 
[STAGE-C]     Ep    Wall    R/step     T_SR     V_SR     S_SR            L/R/V   Lat(s)       En     Miss      Ill      Ent       KL     Clip
[STAGE-C] --------------------------------------------------------------------------------------------------------------------------------
[STAGE-C]    581     1.4s    0.1393    95.0%    95.0%   100.0%       100%/0%/0%    1.205    0.079     5.0%     0.0%   0.0000  -0.0004     0.0%
[STAGE-C]    582     1.3s    0.0688    80.0%    80.0%    99.2%       100%/0%/0%    1.221    0.092    20.0%     0.0%   0.0000 -3.47e-05     0.0%
[STAGE-C]    583     1.2s    0.1564    95.0%    95.0%    99.5%       100%/0%/0%    1.068    0.057     5.0%     0.0%   0.0000   0.0038     0.2%
[STAGE-C]    584     1.3s    0.1243   100.0%   100.0%   100.0%       100%/0%/0%    1.180    0.087     0.0%     0.0%   0.0000 4.42e-05     0.0%
[STAGE-C]    585     1.2s    0.1424    95.0%    95.0%   100.0%       100%/0%/0%    1.080    0.069     5.0%     0.0%   0.0000   0.0003     0.0%
[STAGE-C]    586     1.4s    0.0715    80.0%    80.0%   100.0%       100%/0%/0%    1.235    0.068    20.0%     0.0%   0.0000  -0.0004     0.0%
[STAGE-C]    587     1.4s    0.1162    85.0%    85.0%    99.2%       100%/0%/0%    1.174    0.080    15.0%     0.0%   0.0000   0.0046     0.5%
[STAGE-C]    588     1.4s    0.0934    70.0%    70.0%    99.6%       100%/0%/0%    1.274    0.081    30.0%     0.0%   0.0000   0.0004     0.0%
[STAGE-C]    589     1.3s    0.1522   100.0%   100.0%   100.0%       100%/0%/0%    1.115    0.087     0.0%     0.0%   0.0000   0.0003     0.0%
[STAGE-C]    590     1.4s    0.0766    90.0%    90.0%   100.0%       100%/0%/0%    1.300    0.081    10.0%     0.0%   0.0000   0.0003     0.0%
[STAGE-C]   [MA20] reward=0.1134 task_sr=90.5% miss=9.5% time_limit=0.0% v2v=0.0%
[STAGE-C]   [PPO ] p_loss=-0.0021 v_loss=0.4541 entropy=0.0000 grad=27.2427 active=81.2%
[STAGE-C]   [SIM ] avg_power(a)=0.4719 rsu_q=0.000 tx=0 no_tx=260 deadlock=0 svc=0.000GHz idle=100.0%
[STAGE-C]   [CMDP] lambda(E/I/R)=(0.000/0.000/0.000) cost(E/I/R)=(0.000/0.000/0.000)
[STAGE-C]    591     1.3s    0.1408    90.0%    90.0%   100.0%       100%/0%/0%    1.220    0.088    10.0%     0.0%   0.0000  -0.0003     0.0%
[STAGE-C]    592     1.3s    0.1358    90.0%    90.0%    99.6%       100%/0%/0%    1.211    0.079    10.0%     0.0%   0.0000  -0.0002     0.0%
[STAGE-C]    593     1.3s    0.1286    95.0%    95.0%    99.6%       100%/0%/0%    1.126    0.053     5.0%     0.0%   0.0000   0.0002     0.0%
[STAGE-C]    594     1.3s    0.1495    90.0%    90.0%    99.6%       100%/0%/0%    1.184    0.058    10.0%     0.0%   0.0000  -0.0002     0.0%
[STAGE-C]    595     1.3s    0.1651    90.0%    90.0%   100.0%       100%/0%/0%    1.115    0.080    10.0%     0.0%   0.0000  -0.0004     0.0%
[STAGE-C]    596     1.3s    0.1042    85.0%    85.0%    99.1%       100%/0%/0%    1.137    0.100    15.0%     0.0%   0.0000   0.0004     0.0%
[STAGE-C]    597     1.2s    0.1003    90.0%    90.0%   100.0%       100%/0%/0%    1.140    0.065    10.0%     0.0%   0.0000   0.0001     0.0%
[STAGE-C]    598     1.4s    0.0705    80.0%    80.0%    98.4%       100%/0%/0%    1.218    0.065    20.0%     0.0%   0.0000   0.0008     0.0%
[STAGE-C]    599     1.3s    0.1581    95.0%    95.0%   100.0%       100%/0%/0%    1.190    0.068     5.0%     0.0%   0.0000  -0.0004     0.0%
[STAGE-C]    600     1.2s    0.1659    95.0%    95.0%   100.0%       100%/0%/0%    1.075    0.052     5.0%     0.0%   0.0000   0.0002     0.0%
[STAGE-C]   [MA20] reward=0.1230 task_sr=89.5% miss=10.5% time_limit=0.0% v2v=0.0%
[STAGE-C]   [PPO ] p_loss=0.0020 v_loss=0.5941 entropy=0.0000 grad=20.6158 active=67.2%
[STAGE-C]   [SIM ] avg_power(a)=0.4990 rsu_q=0.000 tx=0 no_tx=215 deadlock=0 svc=0.000GHz idle=100.0%
[STAGE-C]   [CMDP] lambda(E/I/R)=(0.000/0.000/0.000) cost(E/I/R)=(0.000/0.000/0.000)
[STAGE-C] 
[STAGE-C] [Train] completed: episodes=600 best_reward=3.2736 best_success_rate(50ep)=0.9040
[STAGE-C] [Train] key outputs: /root/vecOffloadingSim/runs/paper_stageC_seed42_20260217_183854/logs/metrics.csv, /root/vecOffloadingSim/runs/paper_stageC_seed42_20260217_183854/logs/training_stats.csv, /root/vecOffloadingSim/runs/paper_stageC_seed42_20260217_183854/models/best_model.pth
[STAGE-C] 
[STAGE-C] [Auto Plot] Generating training plots...
[STAGE-C] [DataRecorder] Training stats plots saved to: /root/vecOffloadingSim/runs/paper_stageC_seed42_20260217_183854/plots
[STAGE-C] [Auto Plot] plot_results.py ...
[STAGE-C] [Auto Plot] ✓ Saved: fig_latency_with_baselines.png | ✓ Saved: fig_summary_dashboard.png | ✓ All plots saved to: /root/vecOffloadingSim/runs/paper_stageC_seed42_20260217_183854/plots
[STAGE-C] [Auto Plot] plot_results.py done in 11.0s
[STAGE-C] [Auto Plot] generate_all_plots.py ...
[STAGE-C] [Auto Plot] ⚠ No baseline data found, skipping baseline comparison plot | ✓ All plots saved to: /root/vecOffloadingSim/runs/paper_stageC_seed42_20260217_183854/plots |   Total plots: 8
[STAGE-C] [Auto Plot] generate_all_plots.py done in 6.5s
[STAGE-C] [DataRecorder] All plots generated in: /root/vecOffloadingSim/runs/paper_stageC_seed42_20260217_183854/plots
[STAGE-C] [Auto Plot] jobs: ok=4 skipped=1 failed=0
[STAGE-C] [Auto Plot] generated figures: 34
[STAGE-C] [Auto Plot] sample: bias_annealing.png, cpu_efficiency.png, episode_duration.png, fig_constraint_health.png, fig_convergence_analysis.png, fig_convergence_baseline.png, fig_decision_distribution.png, fig_latency_with_baselines.png
[STAGE-C] [Auto Plot] manifest: /root/vecOffloadingSim/runs/paper_stageC_seed42_20260217_183854/plots/plot_manifest.json
