[STAGE-B] [ConfigDump] saved: /root/vecOffloadingSim/runs/paper_stageB_seed42_20260217_183854/config_dump.json
[STAGE-B] [ConfigSnapshot] saved: /root/vecOffloadingSim/runs/paper_stageB_seed42_20260217_183854/logs/config_snapshot.json
[STAGE-B] [RunMeta] saved: /root/vecOffloadingSim/runs/paper_stageB_seed42_20260217_183854/run_meta.json
[STAGE-B] 
[STAGE-B] ======================================================================================================================
[STAGE-B] [Train] MAPPO VEC training started
[STAGE-B] ======================================================================================================================
[STAGE-B] [Run] id=paper_stageB_seed42_20260217_183854 seed=42 device=cuda reward=UNIFIED candidate=ALL (all_feasible=True)
[STAGE-B] [Train] episodes=600 steps/ep=200 eval_interval=1 save_interval=100 baseline_eval=off
[STAGE-B] [Scenario] vehicles=20 rsu=2 map=1000.0m lanes=2 v2v_range=250.0m rsu_range=350.0m
[STAGE-B] [Physics] BW_V2I=16.00MHz BW_V2V=10.00MHz RB=2 Ptx=[0.0200,0.1995]W (13.0,23.0 dBm) DT=0.100s
[STAGE-B] [ScaleCheck] UNIFIED nominal: E_loc=9J E_tx=0.00300381J r_time=-0.004 r_energy=-1.41691e-06 r_interf=-0.1 r_risk=-0.0460087 (B_RB=5e+06Hz, SNR=20dB, dt=0.1, Td=10, rho=0.7)
[STAGE-B] [Compute] f_local=[2.00,8.00]GHz f_rsu=12.00GHz
[STAGE-B] [PPO] lr=3.00e-04 gamma=0.990 gae=0.950 clip=0.250 ent=0.001 batch=256 epochs=5 d_model=128 layers=2
[STAGE-B] [Logging] step_metrics=off step_logs=off tb_obs=on
[STAGE-B] [Paths] run=/root/vecOffloadingSim/runs/paper_stageB_seed42_20260217_183854
[STAGE-B] [Paths] logs=/root/vecOffloadingSim/runs/paper_stageB_seed42_20260217_183854/logs  models=/root/vecOffloadingSim/runs/paper_stageB_seed42_20260217_183854/models  plots=/root/vecOffloadingSim/runs/paper_stageB_seed42_20260217_183854/plots
[STAGE-B] ======================================================================================================================
[STAGE-B] 
[STAGE-B] 
[STAGE-B]     Ep    Wall    R/step     T_SR     V_SR     S_SR            L/R/V   Lat(s)       En     Miss      Ill      Ent       KL     Clip
[STAGE-B] --------------------------------------------------------------------------------------------------------------------------------
[STAGE-B]      1    13.8s   -0.1956     0.0%     0.0%     7.0%       13%/2%/85%    0.000 6.42e-04   100.0%     0.0%   0.0000   0.0000     0.0%
[STAGE-B]   [MA20] reward=-0.1956 task_sr=0.0% miss=100.0% time_limit=0.0% v2v=84.8%
[STAGE-B]   [PPO ] p_loss=0.0000 v_loss=0.0000 entropy=0.0000 grad=0.0000 active=2.0%
[STAGE-B]   [SIM ] avg_power(a)=0.4944 rsu_q=0.000 tx=38 no_tx=6 deadlock=0 svc=0.072GHz idle=0.9%
[STAGE-B]   [CMDP] lambda(E/I/R)=(0.000/0.000/0.000) cost(E/I/R)=(0.000/0.064/0.394)
[STAGE-B]      2    22.2s   -0.6041     0.0%     0.0%    10.8%       20%/1%/78%    0.000 8.77e-04   100.0%     0.0%   2.1920   0.1570     0.0%
[STAGE-B]      3    23.2s   -0.4963     0.0%     0.0%    11.4%       14%/9%/77%    0.000 6.21e-04   100.0%     0.0%   2.3556  -0.0246    10.0%
[STAGE-B]      4    15.9s   -0.7611     0.0%     0.0%     4.0%       18%/0%/82%    0.000 4.80e-04   100.0%     0.0%   0.0000   0.0000     0.0%
[STAGE-B]      5    22.4s   -0.6399     0.0%     0.0%    14.8%       27%/7%/66%    0.000 9.01e-04   100.0%     0.0%   2.1935   0.0608    25.0%
[STAGE-B]      6    21.1s   -0.4951     0.0%     0.0%     8.2%       23%/2%/75%    0.000 8.18e-04   100.0%     0.0%   0.0000   0.0000     0.0%
[STAGE-B]      7     8.9s   -0.3194     0.0%     0.0%     7.9%       20%/3%/77%    0.000    0.002   100.0%     0.0%   0.0000   0.0000     0.0%
[STAGE-B]      8    15.9s   -0.2491     0.0%     0.0%    13.8%       17%/4%/79%    0.000    0.001   100.0%     0.0%   2.1444   0.0574     0.0%
[STAGE-B]      9    22.4s   -1.1869     0.0%     0.0%     5.4%       26%/9%/65%    0.000 4.10e-04   100.0%     0.0%   0.0000   0.0000     0.0%
[STAGE-B]     10    13.6s   -0.1742     0.0%     0.0%     9.8%       25%/3%/72%    0.000    0.001   100.0%     0.0%   1.9771   0.0987     0.0%
[STAGE-B]   [MA20] reward=-0.5122 task_sr=0.0% miss=100.0% time_limit=50.0% v2v=75.7%
[STAGE-B]   [PPO ] p_loss=-0.0159 v_loss=1.6013 entropy=1.9771 grad=1.1341 active=2.6%
[STAGE-B]   [SIM ] avg_power(a)=0.4932 rsu_q=0.000 tx=46 no_tx=16 deadlock=0 svc=0.137GHz idle=0.8%
[STAGE-B]   [CMDP] lambda(E/I/R)=(0.000/0.045/0.000) cost(E/I/R)=(0.000/0.128/0.368)
[STAGE-B]     11    11.4s   -0.3951     0.0%     0.0%    13.9%       23%/6%/70%    0.000    0.002   100.0%     0.0%   2.0628   0.0724    12.5%
[STAGE-B]     12    21.7s   -0.0955     0.0%     0.0%    19.9%       22%/7%/71%    0.000    0.001   100.0%     0.0%   2.2440   0.0235     0.0%
[STAGE-B]     13    21.8s   -0.3466     0.0%     0.0%    10.8%       20%/6%/74%    0.000 6.00e-04   100.0%     0.0%   2.1689   0.0257     0.0%
[STAGE-B]     14    21.6s   -0.2214     0.0%     0.0%    19.0%       24%/6%/70%    0.000    0.001   100.0%     0.0%   2.3207   0.0278     0.0%
[STAGE-B]     15    21.4s   -0.2890     0.0%     0.0%    17.2%       22%/7%/71%    0.000    0.001   100.0%     0.0%   2.0543   0.0325     0.0%
[STAGE-B]     16    18.7s   -0.4067     0.0%     0.0%    19.4%      21%/12%/67%    0.000    0.002   100.0%     0.0%   1.9865   0.0512     0.0%
[STAGE-B]     17    21.6s   -0.1359     0.0%     0.0%    18.1%      18%/11%/71%    0.000 9.00e-04   100.0%     0.0%   2.2677   0.0754     0.0%
[STAGE-B]     18    22.5s   -0.1966     0.0%     0.0%    18.8%       23%/6%/71%    0.000    0.001   100.0%     0.0%   1.8588   0.0752     0.0%
[STAGE-B]     19    21.6s   -0.4306     0.0%     0.0%    10.1%       23%/9%/68%    0.000    0.001   100.0%     0.0%   2.1452  -0.0024     6.7%
[STAGE-B]     20    21.9s   -0.6363     0.0%     0.0%    17.8%      12%/10%/77%    0.000    0.001   100.0%     0.0%   2.0808   0.0658     0.0%
[STAGE-B]   [MA20] reward=-0.4138 task_sr=0.0% miss=100.0% time_limit=65.0% v2v=73.4%
[STAGE-B]   [PPO ] p_loss=-0.0534 v_loss=1.3620 entropy=2.0808 grad=1.3906 active=2.4%
[STAGE-B]   [SIM ] avg_power(a)=0.4992 rsu_q=0.000 tx=75 no_tx=12 deadlock=0 svc=0.125GHz idle=0.0%
[STAGE-B]   [CMDP] lambda(E/I/R)=(0.000/0.072/0.000) cost(E/I/R)=(0.000/0.470/0.308)
[STAGE-B] 
[STAGE-B]     Ep    Wall    R/step     T_SR     V_SR     S_SR            L/R/V   Lat(s)       En     Miss      Ill      Ent       KL     Clip
[STAGE-B] --------------------------------------------------------------------------------------------------------------------------------
[STAGE-B]     21    12.1s   -0.3581     0.0%     0.0%    20.3%      18%/11%/72%    0.000    0.002   100.0%     0.0%   2.3066   0.0921     0.0%
[STAGE-B]     22    22.3s   -1.0329     0.0%     0.0%     9.4%       18%/6%/76%    0.000 5.26e-04   100.0%     0.0%   2.3311   0.0092    25.0%
[STAGE-B]     23    21.3s   -0.4463     0.0%     0.0%    18.4%       24%/7%/69%    0.000    0.001   100.0%     0.0%   2.3159  -0.0023     8.3%
[STAGE-B]     24    17.7s   -0.3429     0.0%     0.0%     6.3%       12%/6%/82%    0.000 4.42e-04   100.0%     0.0%   0.0000   0.0000     0.0%
[STAGE-B]     25    21.6s   -0.2834     0.0%     0.0%    12.2%      17%/10%/73%    0.000 6.24e-04   100.0%     0.0%   2.1848   0.0853     0.0%
[STAGE-B]     26    22.7s   -0.4210     0.0%     0.0%    11.3%       23%/8%/69%    0.000 9.38e-04   100.0%     0.0%   2.0899   0.1172     0.0%
[STAGE-B]     27    21.6s   -0.3721     0.0%     0.0%    17.6%       20%/9%/71%    0.000    0.001   100.0%     0.0%   2.1933   0.0615     0.0%
[STAGE-B]     28    19.9s   -0.4785     0.0%     0.0%    10.5%       17%/4%/79%    0.000    0.001   100.0%     0.0%   2.3594   0.0062     0.0%
[STAGE-B]     29    22.1s   -0.2987     0.0%     0.0%    17.8%       20%/9%/71%    0.000    0.001   100.0%     0.0%   2.3106   0.0972     0.0%
[STAGE-B]     30    22.3s   -0.5796     0.0%     0.0%     9.1%       16%/5%/79%    0.000 5.73e-04   100.0%     0.0%   0.0000   0.0000     0.0%
[STAGE-B]   [MA20] reward=-0.3884 task_sr=0.0% miss=100.0% time_limit=75.0% v2v=72.5%
[STAGE-B]   [PPO ] p_loss=0.0000 v_loss=0.0000 entropy=0.0000 grad=0.0000 active=1.4%
[STAGE-B]   [SIM ] avg_power(a)=0.5026 rsu_q=0.000 tx=45 no_tx=9 deadlock=0 svc=0.063GHz idle=0.0%
[STAGE-B]   [CMDP] lambda(E/I/R)=(0.000/0.115/0.000) cost(E/I/R)=(0.000/0.371/0.332)
[STAGE-B]     31    22.2s   -0.5905     0.0%     0.0%    13.4%      18%/12%/71%    0.000 9.90e-04   100.0%     0.0%   2.1060  -0.0036    12.4%
[STAGE-B]     32    17.9s   -0.4912     0.0%     0.0%    14.6%       20%/9%/71%    0.000    0.001   100.0%     0.0%   2.2009   0.0117     0.0%
[STAGE-B]     33    24.2s   -1.1685     0.0%     0.0%     6.3%       16%/4%/80%    0.000 6.46e-04   100.0%     0.0%   0.0000   0.0000     0.0%
[STAGE-B]     34    24.1s   -0.6175     0.0%     0.0%     7.1%       17%/4%/79%    0.000 6.90e-04   100.0%     0.0%   0.0000   0.0000     0.0%
[STAGE-B]     35    24.2s   -0.3113     0.0%     0.0%     8.2%       12%/3%/86%    0.000 9.05e-04   100.0%     0.0%   2.2772   0.0797     0.0%
[STAGE-B]     36    22.8s   -0.6606     0.0%     0.0%    12.4%       16%/8%/76%    0.000 6.49e-04   100.0%     0.0%   2.2745   0.0127     5.6%
[STAGE-B]     37    15.8s   -1.1238     0.0%     0.0%     2.5%        3%/3%/94%    0.000 5.30e-04   100.0%     0.0%   0.0000   0.0000     0.0%
[STAGE-B]     38    23.5s   -0.2048     0.0%     0.0%     9.7%       11%/8%/81%    0.000 8.75e-04   100.0%     0.0%   2.3429  -0.0066    10.0%
[STAGE-B]     39    22.2s   -0.9875     0.0%     0.0%    12.7%       23%/4%/73%    0.000 7.90e-04   100.0%     0.0%   2.1840  -0.0364     9.0%
[STAGE-B]     40    21.2s   -0.9092     0.0%     0.0%    15.8%       24%/7%/69%    0.000 7.54e-04   100.0%     0.0%   2.1997   0.1350     0.0%
[STAGE-B]   [MA20] reward=-0.5839 task_sr=0.0% miss=100.0% time_limit=75.0% v2v=75.9%
[STAGE-B]   [PPO ] p_loss=-0.3717 v_loss=1.8355 entropy=2.1997 grad=1.5452 active=1.8%
[STAGE-B]   [SIM ] avg_power(a)=0.5022 rsu_q=0.000 tx=55 no_tx=18 deadlock=0 svc=0.108GHz idle=0.0%
[STAGE-B]   [CMDP] lambda(E/I/R)=(0.000/0.179/0.000) cost(E/I/R)=(0.000/0.362/0.285)
[STAGE-B] 
[STAGE-B]     Ep    Wall    R/step     T_SR     V_SR     S_SR            L/R/V   Lat(s)       En     Miss      Ill      Ent       KL     Clip
[STAGE-B] --------------------------------------------------------------------------------------------------------------------------------
[STAGE-B]     41    22.7s   -0.9415     0.0%     0.0%    20.0%       26%/7%/67%    0.000    0.001   100.0%     0.0%   2.2191   0.0027    14.9%
[STAGE-B]     42    11.6s   -0.3184     0.0%     0.0%    12.1%       25%/6%/69%    0.000    0.001   100.0%     0.0%   2.2339   0.0222     8.3%
[STAGE-B]     43    21.4s   -0.2451     0.0%     0.0%    12.9%       27%/4%/69%    0.000 7.05e-04   100.0%     0.0%   1.8704   0.1311    25.0%
[STAGE-B]     44    23.6s   -0.2329     0.0%     0.0%    13.1%       31%/5%/64%    0.000 8.13e-04   100.0%     0.0%   2.1462   0.1001     0.0%
[STAGE-B]     45    23.4s   -0.2570     0.0%     0.0%    16.7%       28%/7%/65%    0.000 9.31e-04   100.0%     0.0%   2.1666   0.0305     7.1%
[STAGE-B]     46    22.7s   -0.4203     0.0%     0.0%    19.9%       25%/8%/67%    0.000    0.001   100.0%     0.0%   2.1064   0.0129     9.1%
[STAGE-B]     47    22.3s   -0.2299     0.0%     0.0%    20.0%      26%/11%/63%    0.000 8.81e-04   100.0%     0.0%   2.5352   0.0580    20.0%
[STAGE-B]     48     9.3s   -0.8574     0.0%     0.0%    18.3%      29%/13%/58%    0.000    0.003   100.0%     0.0%   1.8974   0.0350     0.0%
[STAGE-B]     49    24.0s   -0.6154     0.0%     0.0%    16.2%       39%/4%/57%    0.000    0.001   100.0%     0.0%   2.2409  -0.0249    35.0%
[STAGE-B]     50    22.0s   -0.6990     0.0%     0.0%    16.5%       24%/8%/68%    0.000    0.001   100.0%     0.0%   2.1203   0.0118    16.7%
[STAGE-B]   [MA20] reward=-0.5941 task_sr=0.0% miss=100.0% time_limit=80.0% v2v=71.3%
[STAGE-B]   [PPO ] p_loss=-0.4351 v_loss=2.9101 entropy=2.1203 grad=10.9340 active=1.9%
[STAGE-B]   [SIM ] avg_power(a)=0.4967 rsu_q=0.000 tx=53 no_tx=19 deadlock=0 svc=0.104GHz idle=0.0%
[STAGE-B]   [CMDP] lambda(E/I/R)=(0.000/0.211/0.000) cost(E/I/R)=(0.000/0.238/0.279)
[STAGE-B]     51    23.6s   -0.8892     0.0%     0.0%     9.7%       27%/0%/73%    0.000 8.66e-04   100.0%     0.0%   2.2308   0.0757    16.7%
[STAGE-B]     52    21.1s   -0.2942     0.0%     0.0%    25.0%       38%/7%/55%    0.000    0.002   100.0%     0.0%   2.0556   0.0856     0.0%
[STAGE-B]     53    21.9s   -0.1637     0.0%     0.0%    20.2%       38%/8%/54%    0.000 9.59e-04   100.0%     0.0%   1.8771  -0.0238    12.7%
[STAGE-B]     54    19.6s   -0.4148     5.0%     5.0%    18.5%       36%/5%/59%    1.100    0.001    95.0%     0.0%   1.9518  -0.0197    11.1%
[STAGE-B]     55    20.8s   -0.2217     0.0%     0.0%    28.6%       44%/7%/50%    0.000    0.003   100.0%     0.0%   1.9327   0.0932     0.0%
[STAGE-B]     56    14.9s   -0.1255     0.0%     0.0%    21.2%       44%/6%/50%    0.000    0.002   100.0%     0.0%   1.8196   0.0125     3.6%
[STAGE-B]     57    19.4s   -0.4241     5.0%     5.0%    30.9%       50%/9%/41%    1.000    0.002    95.0%     0.0%   1.7393  -0.0047    17.8%
[STAGE-B]     58    22.4s   -0.4546     0.0%     0.0%    17.3%       39%/3%/58%    0.000    0.001   100.0%     0.0%   1.8745  -0.0187     0.0%
[STAGE-B]     59    23.4s   -0.8864     0.0%     0.0%    21.8%       48%/3%/50%    0.000 9.09e-04   100.0%     0.0%   1.8745   0.0020     4.3%
[STAGE-B]     60    20.9s   -0.6593     0.0%     0.0%    20.8%       46%/3%/51%    0.000    0.001   100.0%     0.0%   1.8959  -0.0166     9.3%
[STAGE-B]   [MA20] reward=-0.4675 task_sr=0.5% miss=99.5% time_limit=80.0% v2v=59.3%
[STAGE-B]   [PPO ] p_loss=0.0751 v_loss=1.6572 entropy=1.8959 grad=1.6759 active=2.4%
[STAGE-B]   [SIM ] avg_power(a)=0.4983 rsu_q=0.000 tx=48 no_tx=44 deadlock=0 svc=0.127GHz idle=0.0%
[STAGE-B]   [CMDP] lambda(E/I/R)=(0.000/0.237/0.000) cost(E/I/R)=(0.000/0.245/0.273)
[STAGE-B] 
[STAGE-B]     Ep    Wall    R/step     T_SR     V_SR     S_SR            L/R/V   Lat(s)       En     Miss      Ill      Ent       KL     Clip
[STAGE-B] --------------------------------------------------------------------------------------------------------------------------------
[STAGE-B]     61    20.9s   -0.2581     5.0%     5.0%    25.2%       43%/6%/51%    1.100    0.002    95.0%     0.0%   1.8829  -0.0192     9.8%
[STAGE-B]     62    21.6s   -0.3246     0.0%     0.0%    22.5%       46%/4%/49%    0.000 9.63e-04   100.0%     0.0%   1.9244   0.0229    37.8%
[STAGE-B]     63    21.5s   -0.1297     0.0%     0.0%    31.6%       42%/5%/53%    0.000    0.002   100.0%     0.0%   1.9070   0.0130    14.3%
[STAGE-B]     64    21.7s   -0.3805     0.0%     0.0%    34.3%       58%/7%/35%    0.000    0.002   100.0%     0.0%   1.8263   0.0369    12.5%
[STAGE-B]     65    20.9s   -0.6792     0.0%     0.0%    21.7%       39%/9%/52%    0.000    0.001   100.0%     0.0%   1.5380   0.0882    25.0%
[STAGE-B]     66    21.2s   -0.1998     0.0%     0.0%    33.5%       48%/7%/45%    0.000    0.002   100.0%     0.0%   1.7305   0.0997    14.3%
[STAGE-B]     67    20.9s   -0.3294     0.0%     0.0%    36.9%      47%/10%/44%    0.000    0.003   100.0%     0.0%   1.7517   0.0643     0.0%
[STAGE-B]     68    22.7s   -0.5228     0.0%     0.0%    30.6%      53%/10%/37%    0.000    0.002   100.0%     0.0%   1.8847   0.0165     0.0%
[STAGE-B]     69    22.0s   -0.5485     0.0%     0.0%    22.8%       51%/4%/45%    0.000    0.001   100.0%     0.0%   1.5295  -0.0149     6.7%
[STAGE-B]     70    21.3s   -1.2094     0.0%     0.0%    36.4%       59%/5%/35%    0.000    0.002   100.0%     0.0%   1.6766  -0.0091    13.9%
[STAGE-B]   [MA20] reward=-0.4558 task_sr=0.8% miss=99.2% time_limit=90.0% v2v=49.3%
[STAGE-B]   [PPO ] p_loss=0.0135 v_loss=1.8580 entropy=1.6766 grad=1.9078 active=3.2%
[STAGE-B]   [SIM ] avg_power(a)=0.5016 rsu_q=0.000 tx=48 no_tx=77 deadlock=0 svc=0.236GHz idle=0.0%
[STAGE-B]   [CMDP] lambda(E/I/R)=(0.000/0.256/0.000) cost(E/I/R)=(0.000/0.403/0.207)
[STAGE-B]     71    21.9s   -0.5368    15.0%    15.0%    28.9%      50%/11%/39%    1.267    0.001    85.0%     0.0%   1.7546   0.0536    13.6%
[STAGE-B]     72    20.9s   -0.3177     0.0%     0.0%    35.0%      53%/10%/38%    0.000    0.002   100.0%     0.0%   1.7161   0.0627    16.7%
[STAGE-B]     73    22.4s   -0.6454     0.0%     0.0%    13.9%       49%/6%/45%    0.000 9.07e-04   100.0%     0.0%   1.5362   0.0900     0.0%
[STAGE-B]     74    23.6s   -0.6216     0.0%     0.0%    27.1%       50%/8%/42%    0.000    0.002   100.0%     0.0%   2.0979   0.0329     0.0%
[STAGE-B]     75    12.0s   -0.6041     0.0%     0.0%    22.6%       52%/2%/46%    0.000    0.001   100.0%     0.0%   1.6226  -0.0099     5.6%
[STAGE-B]     76    24.7s   -0.3088     0.0%     0.0%    25.0%       50%/6%/44%    0.000    0.001   100.0%     0.0%   2.0479   0.0283    25.0%
[STAGE-B]     77    22.4s   -0.5716     0.0%     0.0%    29.5%      44%/12%/45%    0.000    0.001   100.0%     0.0%   1.7666   0.0322    28.6%
[STAGE-B]     78    20.1s   -0.4685     0.0%     0.0%    20.6%       43%/8%/49%    0.000    0.002   100.0%     0.0%   1.8797   0.0188    12.7%
[STAGE-B]     79    20.5s   -0.2331     5.0%     5.0%    38.0%       53%/6%/41%    1.000    0.002    95.0%     0.0%   1.6109  -0.0092    10.0%
[STAGE-B]     80    20.7s   -0.1785     5.0%     5.0%    39.0%       56%/4%/40%    0.900    0.003    95.0%     0.0%   1.7640   0.0291     0.0%
[STAGE-B]   [MA20] reward=-0.4534 task_sr=1.5% miss=98.5% time_limit=90.0% v2v=43.8%
[STAGE-B]   [PPO ] p_loss=0.0411 v_loss=3.7627 entropy=1.7640 grad=33.9807 active=3.3%
[STAGE-B]   [SIM ] avg_power(a)=0.4947 rsu_q=0.000 tx=54 no_tx=74 deadlock=0 svc=0.251GHz idle=0.0%
[STAGE-B]   [CMDP] lambda(E/I/R)=(0.000/0.279/0.000) cost(E/I/R)=(0.000/0.052/0.195)
[STAGE-B]   → Best model saved: Success Rate = 0.008 (50-ep avg)
[STAGE-B] 
[STAGE-B]     Ep    Wall    R/step     T_SR     V_SR     S_SR            L/R/V   Lat(s)       En     Miss      Ill      Ent       KL     Clip
[STAGE-B] --------------------------------------------------------------------------------------------------------------------------------
[STAGE-B]     81    16.8s   -0.2779     0.0%     0.0%    25.4%      44%/14%/42%    0.000    0.002   100.0%     0.0%   1.8075   0.0763     0.0%
[STAGE-B]     82    21.8s   -0.7192     0.0%     0.0%    19.3%       44%/2%/53%    0.000    0.001   100.0%     0.0%   1.6233   0.1620    25.0%
[STAGE-B]     83    21.0s   -0.2112     0.0%     0.0%    14.3%       48%/2%/49%    0.000    0.001   100.0%     0.0%   1.5723   0.0424    14.3%
[STAGE-B]     84    22.1s   -0.2515     5.0%     5.0%    27.3%       53%/3%/44%    0.800    0.001    95.0%     0.0%   1.7397   0.0503     0.0%
[STAGE-B]     85    21.3s   -0.2164     0.0%     0.0%    28.7%       52%/7%/42%    0.000    0.002   100.0%     0.0%   1.6484   0.0374    20.0%
[STAGE-B]     86    12.1s   -0.4748     5.0%     5.0%    31.4%       57%/4%/38%    0.900    0.003    95.0%     0.0%   1.6329   0.0163     4.9%
[STAGE-B]     87    14.5s   -0.2512     0.0%     0.0%    17.7%       45%/6%/49%    0.000    0.002   100.0%     0.0%   1.9673   0.1757    28.6%
[STAGE-B]     88    21.8s   -0.5088     0.0%     0.0%    39.0%       55%/3%/42%    0.000    0.003   100.0%     0.0%   1.5496   0.0278    11.1%
[STAGE-B]     89    22.8s   -0.6326     0.0%     0.0%    21.5%       54%/6%/40%    0.000    0.001   100.0%     0.0%   1.6841   0.0591     0.0%
[STAGE-B]     90    21.9s   -0.1484     5.0%     5.0%    31.5%       64%/2%/34%    1.300    0.002    95.0%     0.0%   1.7922   0.0414    16.7%
[STAGE-B]   [MA20] reward=-0.4089 task_sr=2.0% miss=98.0% time_limit=65.0% v2v=43.2%
[STAGE-B]   [PPO ] p_loss=-0.4388 v_loss=41.4257 entropy=1.7922 grad=179.4590 active=3.0%
[STAGE-B]   [SIM ] avg_power(a)=0.5001 rsu_q=0.000 tx=40 no_tx=77 deadlock=0 svc=0.201GHz idle=0.0%
[STAGE-B]   [CMDP] lambda(E/I/R)=(0.000/0.290/0.000) cost(E/I/R)=(0.000/0.058/0.225)
[STAGE-B]   → Best model saved: Success Rate = 0.011 (50-ep avg)
[STAGE-B]     91    21.5s   -0.3266     0.0%     0.0%    23.4%       56%/4%/40%    0.000    0.003   100.0%     0.0%   1.3645   0.0931    14.3%
[STAGE-B]     92    21.4s   -0.7147     5.0%     5.0%    33.3%       55%/9%/36%    1.400    0.001    95.0%     0.0%   1.4352  -0.0106     7.9%
[STAGE-B]     93    21.8s   -0.3722     0.0%     0.0%    35.0%       55%/5%/39%    0.000    0.002   100.0%     0.0%   1.8262   0.0283    16.7%
[STAGE-B]     94    20.4s   -0.4615     0.0%     0.0%    49.0%       58%/6%/36%    0.000    0.003   100.0%     0.0%   1.6289   0.0419    12.0%
[STAGE-B]     95    21.5s   -0.1529     0.0%     0.0%    36.1%       54%/5%/41%    0.000    0.003   100.0%     0.0%   1.9555   0.0279     7.1%
[STAGE-B]     96    23.0s   -0.2345     0.0%     0.0%    26.2%       42%/8%/50%    0.000    0.002   100.0%     0.0%   1.8751  -0.0272     5.9%
[STAGE-B]     97    21.1s   -0.2766     5.0%     5.0%    26.4%      43%/12%/45%    0.800    0.001    95.0%     0.0%   2.1105  -0.0187     5.6%
[STAGE-B]     98    13.0s   -0.0891     0.0%     0.0%    20.9%       38%/9%/53%    0.000    0.002   100.0%     0.0%   1.8408   0.0334    19.5%
[STAGE-B]     99    22.4s   -1.7867     0.0%     0.0%    20.3%       32%/9%/59%    0.000 7.23e-04   100.0%     0.0%   2.2927   0.0053    11.4%
[STAGE-B]    100    21.9s   -0.8677     0.0%     0.0%    18.3%      26%/13%/61%    0.000 8.81e-04   100.0%     0.0%   2.0056   0.0221    20.0%
[STAGE-B]   [MA20] reward=-0.4487 task_sr=1.2% miss=98.8% time_limit=70.0% v2v=44.8%
[STAGE-B]   [PPO ] p_loss=-0.1243 v_loss=1.2254 entropy=2.0056 grad=2.2128 active=1.9%
[STAGE-B]   [SIM ] avg_power(a)=0.5092 rsu_q=0.000 tx=54 no_tx=20 deadlock=0 svc=0.114GHz idle=0.0%
[STAGE-B]   [CMDP] lambda(E/I/R)=(0.000/0.309/0.000) cost(E/I/R)=(0.000/0.330/0.262)
[STAGE-B] 
[STAGE-B]     Ep    Wall    R/step     T_SR     V_SR     S_SR            L/R/V   Lat(s)       En     Miss      Ill      Ent       KL     Clip
[STAGE-B] --------------------------------------------------------------------------------------------------------------------------------
[STAGE-B]    101    22.9s   -0.5082     0.0%     0.0%    17.6%      28%/10%/61%    0.000    0.001   100.0%     0.0%   2.0058   0.0443     0.0%
[STAGE-B]    102    22.0s   -0.4953     0.0%     0.0%    31.2%      30%/14%/56%    1.300    0.001   100.0%     0.0%   2.1981   0.0422     7.1%
[STAGE-B]    103    22.9s   -0.2036     0.0%     0.0%    21.7%      32%/11%/57%    0.000    0.001   100.0%     0.0%   2.0306   0.1106     0.0%
[STAGE-B]    104    22.4s   -0.5464     0.0%     0.0%    19.0%      38%/11%/51%    0.000 7.81e-04   100.0%     0.0%   1.8078  -0.0493    12.5%
[STAGE-B]    105    21.2s   -0.6334     0.0%     0.0%    20.3%       34%/6%/59%    0.000    0.001   100.0%     0.0%   1.7860   0.0769     0.0%
[STAGE-B]    106    18.8s   -0.2051     5.0%     5.0%    17.3%      40%/10%/51%    1.600    0.001    95.0%     0.0%   2.0920   0.0072    11.7%
[STAGE-B]    107    20.7s   -0.6221     0.0%     0.0%    26.8%      36%/11%/53%    0.000    0.001   100.0%     0.0%   1.8373   0.0260    32.3%
[STAGE-B]    108    22.6s   -0.4694     0.0%     0.0%    25.2%      38%/11%/51%    0.000    0.001   100.0%     0.0%   2.0904  -0.0033    19.0%
[STAGE-B]    109    20.8s   -0.2844     5.0%     5.0%    33.8%      44%/12%/44%    1.000    0.002    95.0%     0.0%   1.8383  -0.0306     5.0%
[STAGE-B]    110    21.6s   -0.5622     0.0%     0.0%    23.3%       39%/8%/53%    0.000    0.002   100.0%     0.0%   1.7322   0.2012     0.0%
[STAGE-B]   [MA20] reward=-0.4906 task_sr=1.0% miss=99.0% time_limit=90.0% v2v=49.9%
[STAGE-B]   [PPO ] p_loss=-0.2770 v_loss=19.6329 entropy=1.7322 grad=14896186368.0000 active=2.9%
[STAGE-B]   [SIM ] avg_power(a)=0.5004 rsu_q=0.000 tx=61 no_tx=46 deadlock=0 svc=0.160GHz idle=0.0%
[STAGE-B]   [CMDP] lambda(E/I/R)=(0.000/0.338/0.000) cost(E/I/R)=(0.000/0.255/0.256)
[STAGE-B]    111    21.5s   -0.3369     0.0%     0.0%    23.4%      47%/10%/44%    0.000    0.001   100.0%     0.0%   1.8473  -0.0081    15.9%
[STAGE-B]    112    21.2s   -0.2141     0.0%     0.0%    22.2%      32%/10%/58%    0.000    0.001   100.0%     0.0%   2.0204  -0.0001    28.6%
[STAGE-B]    113    18.8s   -0.2033     0.0%     0.0%    38.2%       52%/7%/42%    0.000    0.002   100.0%     0.0%   1.7089   0.0239    12.9%
[STAGE-B]    114    21.8s   -0.6904     0.0%     0.0%    30.6%      36%/14%/50%    0.000    0.002   100.0%     0.0%   1.8141   0.0036     3.6%
[STAGE-B]    115    22.1s   -0.6296     0.0%     0.0%    23.6%       50%/7%/43%    0.000    0.001   100.0%     0.0%   1.8966   0.0307     0.0%
[STAGE-B]    116    21.6s   -0.3194     0.0%     0.0%    28.4%      44%/11%/46%    0.000    0.002   100.0%     0.0%   1.9538   0.0305    10.0%
[STAGE-B]    117    10.1s   -0.2476     0.0%     0.0%    36.4%      51%/10%/39%    0.000    0.005   100.0%     0.0%   1.7620  -0.0040    13.1%
[STAGE-B]    118    23.1s   -0.5146     0.0%     0.0%    13.7%      35%/11%/55%    0.000    0.001   100.0%     0.0%   1.8018   0.0727     0.0%
[STAGE-B]    119    21.8s   -0.2642     0.0%     0.0%    24.4%       48%/9%/44%    0.000    0.001   100.0%     0.0%   1.7992  -0.0082     5.0%
[STAGE-B]    120    21.7s   -0.1832     0.0%     0.0%    24.9%       45%/8%/47%    0.000    0.001   100.0%     0.0%   1.5294   0.1109     0.0%
[STAGE-B]   [MA20] reward=-0.4067 task_sr=0.5% miss=99.5% time_limit=85.0% v2v=50.1%
[STAGE-B]   [PPO ] p_loss=0.4143 v_loss=1.9813 entropy=1.5294 grad=2.2060 active=2.7%
[STAGE-B]   [SIM ] avg_power(a)=0.5166 rsu_q=0.000 tx=54 no_tx=48 deadlock=0 svc=0.143GHz idle=0.0%
[STAGE-B]   [CMDP] lambda(E/I/R)=(0.000/0.352/0.000) cost(E/I/R)=(0.000/0.040/0.227)
[STAGE-B] 
[STAGE-B]     Ep    Wall    R/step     T_SR     V_SR     S_SR            L/R/V   Lat(s)       En     Miss      Ill      Ent       KL     Clip
[STAGE-B] --------------------------------------------------------------------------------------------------------------------------------
[STAGE-B]    121    22.0s   -0.4180     0.0%     0.0%    23.8%      46%/11%/43%    0.000    0.002   100.0%     0.0%   1.6701   0.0280     0.0%
[STAGE-B]    122    20.7s   -0.2302     5.0%     5.0%    31.0%       51%/6%/44%    0.800    0.002    95.0%     0.0%   1.5558   0.0094     5.0%
[STAGE-B]    123    21.8s   -0.9480     0.0%     0.0%    18.6%      35%/12%/54%    0.000    0.001   100.0%     0.0%   1.5294  -0.0122    22.0%
[STAGE-B]    124    20.9s   -0.2287     5.0%     5.0%    28.8%       50%/7%/42%    1.000    0.002    95.0%     0.0%   1.5747   0.0212     0.0%
[STAGE-B]    125    22.9s   -0.7962     0.0%     0.0%    28.1%       55%/4%/41%    0.000    0.001   100.0%     0.0%   1.9160   0.0241    10.0%
[STAGE-B]    126    18.5s   -0.1385     0.0%     0.0%    25.2%      43%/13%/44%    0.000    0.002   100.0%     0.0%   1.7575   0.2135    50.0%
[STAGE-B]    127    20.7s   -0.1291     5.0%     5.0%    32.6%       52%/8%/41%    0.800    0.002    95.0%     0.0%   1.5043   0.0235     0.0%
[STAGE-B]    128    21.2s   -0.4386     5.0%     5.0%    35.0%      43%/13%/44%    1.500    0.002    95.0%     0.0%   1.7820   0.1016    16.7%
[STAGE-B]    129    21.2s   -0.4474     0.0%     0.0%    37.1%       52%/9%/38%    0.000    0.003   100.0%     0.0%   1.5643   0.0745    11.1%
[STAGE-B]    130    20.1s   -0.5296     0.0%     0.0%    42.2%      53%/13%/34%    0.000    0.002   100.0%     0.0%   1.6165   0.0054     4.2%
[STAGE-B]   [MA20] reward=-0.3954 task_sr=1.0% miss=99.0% time_limit=85.0% v2v=44.5%
[STAGE-B]   [PPO ] p_loss=-0.1577 v_loss=1.0839 entropy=1.6165 grad=1.9807 active=3.6%
[STAGE-B]   [SIM ] avg_power(a)=0.5048 rsu_q=0.000 tx=56 no_tx=76 deadlock=0 svc=0.266GHz idle=0.0%
[STAGE-B]   [CMDP] lambda(E/I/R)=(0.000/0.366/0.000) cost(E/I/R)=(0.000/0.205/0.213)
[STAGE-B]    131    23.4s   -0.3584     0.0%     0.0%    24.5%       49%/7%/43%    0.000    0.002   100.0%     0.0%   2.0170   0.0725    33.3%
[STAGE-B]    132    22.0s   -1.1404     5.0%     5.0%    30.4%      50%/10%/41%    1.100    0.002    95.0%     0.0%   1.7675   0.0025    21.0%
[STAGE-B]    133    21.6s   -0.9025     0.0%     0.0%    35.4%       55%/6%/39%    0.000    0.003   100.0%     0.0%   1.6595  -0.0076    13.2%
[STAGE-B]    134    20.8s   -0.2008     0.0%     0.0%    36.1%      50%/11%/39%    0.000    0.002   100.0%     0.0%   1.7125   0.0209    42.9%
[STAGE-B]    135    20.5s   -0.4564     0.0%     0.0%    45.2%       56%/9%/35%    0.000    0.003   100.0%     0.0%   1.6730  -0.0001    12.0%
[STAGE-B]    136    21.1s   -0.6024     0.0%     0.0%    21.2%       55%/3%/42%    0.000    0.001   100.0%     0.0%   1.4334  -0.0180     3.3%
[STAGE-B]    137    18.8s   -0.3971    25.0%    25.0%    52.7%      66%/10%/24%    1.000    0.003    75.0%     0.0%   1.3492   0.0406     7.8%
[STAGE-B]    138    20.1s   -0.7991     0.0%     0.0%    50.6%       63%/9%/28%    1.400    0.003   100.0%     0.0%   1.2859   0.0413    22.2%
[STAGE-B]    139    16.2s   -0.1492     5.0%     5.0%    48.2%       60%/9%/31%    1.300    0.003    95.0%     0.0%   1.2745   0.0078    13.0%
[STAGE-B]    140    23.5s   -0.5429     0.0%     0.0%    31.7%      56%/10%/35%    0.000    0.002   100.0%     0.0%   1.4058  -0.0018    18.1%
[STAGE-B]   [MA20] reward=-0.4927 task_sr=2.8% miss=97.2% time_limit=90.0% v2v=39.0%
[STAGE-B]   [PPO ] p_loss=-0.0978 v_loss=1.1889 entropy=1.4058 grad=1.5010 active=3.1%
[STAGE-B]   [SIM ] avg_power(a)=0.5099 rsu_q=0.000 tx=47 no_tx=69 deadlock=0 svc=0.239GHz idle=0.0%
[STAGE-B]   [CMDP] lambda(E/I/R)=(0.000/0.384/0.000) cost(E/I/R)=(0.000/0.144/0.163)
[STAGE-B] 
[STAGE-B]     Ep    Wall    R/step     T_SR     V_SR     S_SR            L/R/V   Lat(s)       En     Miss      Ill      Ent       KL     Clip
[STAGE-B] --------------------------------------------------------------------------------------------------------------------------------
[STAGE-B]    141    19.1s   -0.2655    10.0%    10.0%    54.7%       70%/5%/24%    1.350    0.004    90.0%     0.0%   1.0488   0.0159    17.0%
[STAGE-B]    142    19.8s   -0.4169    10.0%    10.0%    57.7%       75%/4%/21%    1.533    0.003    90.0%     0.0%   1.0813   0.0580     0.0%
[STAGE-B]    143    16.1s   -0.3375    35.0%    35.0%    73.6%       80%/6%/14%    1.225    0.005    65.0%     0.0%   0.9785   0.0494     5.3%
[STAGE-B]    144    19.8s   -0.4535    10.0%    10.0%    54.4%       69%/8%/23%    0.967    0.004    90.0%     0.0%   1.1265   0.0070    12.9%
[STAGE-B]    145    15.6s   -0.0943    35.0%    35.0%    82.0%       83%/4%/12%    1.200    0.005    65.0%     0.0%   0.8654  -0.0274    10.5%
[STAGE-B]    146    19.0s   -0.5399    20.0%    20.0%    67.2%       80%/4%/16%    1.050    0.004    80.0%     0.0%   0.9309   0.0337    13.3%
[STAGE-B]    147    16.0s   -0.1567    30.0%    30.0%    70.8%       79%/3%/18%    1.150    0.004    70.0%     0.0%   0.7367   0.0211     0.0%
[STAGE-B]    148    20.6s   -0.1053    20.0%    20.0%    58.7%       76%/4%/20%    1.300    0.004    80.0%     0.0%   1.1962  -0.0244    14.6%
[STAGE-B]    149    17.7s   -0.0513    15.0%    15.0%    59.0%       79%/3%/17%    1.050    0.004    85.0%     0.0%   0.8917   0.0277     0.0%
[STAGE-B]    150    21.7s   -0.7970    10.0%    10.0%    34.1%       68%/4%/29%    0.900    0.003    90.0%     0.0%   1.0896  -0.0179    13.9%
[STAGE-B]   [MA20] reward=-0.4383 task_sr=11.5% miss=88.5% time_limit=95.0% v2v=27.5%
[STAGE-B]   [PPO ] p_loss=0.3665 v_loss=1.7041 entropy=1.0896 grad=3.3212 active=2.7%
[STAGE-B]   [SIM ] avg_power(a)=0.5129 rsu_q=0.000 tx=34 no_tx=73 deadlock=0 svc=0.235GHz idle=0.0%
[STAGE-B]   [CMDP] lambda(E/I/R)=(0.000/0.381/0.000) cost(E/I/R)=(0.000/0.132/0.129)
[STAGE-B]   → Best model saved: Success Rate = 0.052 (50-ep avg)
[STAGE-B]    151    17.4s   -0.0907    20.0%    20.0%    75.1%       79%/7%/14%    1.450    0.005    80.0%     0.0%   1.0192   0.0111    11.9%
[STAGE-B]    152    18.5s   -0.1084    25.0%    25.0%    52.9%       77%/5%/18%    0.980    0.003    75.0%     0.0%   0.9741   0.0465    10.0%
[STAGE-B]    153    18.7s   -0.1985    15.0%    15.0%    55.4%       71%/2%/27%    0.900    0.003    85.0%     0.0%   1.1229   0.0058    13.9%
[STAGE-B]    154    18.1s   -0.1247    20.0%    20.0%    71.7%       75%/5%/20%    1.150    0.005    80.0%     0.0%   1.1794   0.0765     9.1%
[STAGE-B]    155    21.7s   -0.2303     0.0%     0.0%    41.6%       68%/6%/26%    0.000    0.003   100.0%     0.0%   1.1636   0.0203     4.5%
[STAGE-B]    156    20.3s   -0.1065    15.0%    15.0%    54.8%       67%/7%/26%    0.867    0.003    85.0%     0.0%   1.2904   0.0222     0.0%
[STAGE-B]    157    16.8s   -0.1148    20.0%    20.0%    71.9%       75%/8%/17%    1.300    0.004    80.0%     0.0%   0.9552   0.0204     0.0%
[STAGE-B]    158    14.0s   -0.2761     5.0%     5.0%    45.0%       74%/6%/20%    0.800    0.003    95.0%     0.0%   1.1084   0.0252     9.4%
[STAGE-B]    159    21.2s   -0.7210    10.0%    10.0%    38.7%       68%/6%/26%    1.050    0.002    90.0%     0.0%   1.0315   0.0398     0.0%
[STAGE-B]    160    18.8s   -0.0348    15.0%    15.0%    55.3%       74%/5%/22%    1.067    0.004    85.0%     0.0%   0.9052   0.0077     1.9%
[STAGE-B]   [MA20] reward=-0.2612 task_sr=17.0% miss=83.0% time_limit=95.0% v2v=20.5%
[STAGE-B]   [PPO ] p_loss=0.0184 v_loss=5.8505 entropy=0.9052 grad=25.4913 active=4.2%
[STAGE-B]   [SIM ] avg_power(a)=0.5152 rsu_q=0.000 tx=39 no_tx=125 deadlock=0 svc=0.379GHz idle=0.0%
[STAGE-B]   [CMDP] lambda(E/I/R)=(0.000/0.374/0.000) cost(E/I/R)=(0.000/0.001/0.092)
[STAGE-B]   → Best model saved: Success Rate = 0.079 (50-ep avg)
[STAGE-B] 
[STAGE-B]     Ep    Wall    R/step     T_SR     V_SR     S_SR            L/R/V   Lat(s)       En     Miss      Ill      Ent       KL     Clip
[STAGE-B] --------------------------------------------------------------------------------------------------------------------------------
[STAGE-B]    161    20.1s   -0.1287     0.0%     0.0%    50.4%       72%/5%/23%    0.000    0.003   100.0%     0.0%   0.9660   0.0240    10.0%
[STAGE-B]    162    15.3s   -0.0323    50.0%    50.0%    72.4%       84%/4%/11%    1.173    0.004    50.0%     0.0%   0.7511   0.0179     3.8%
[STAGE-B]    163    16.8s   -0.0281    35.0%    35.0%    73.3%       79%/5%/16%    0.986    0.004    65.0%     0.0%   0.9632   0.0618    16.7%
[STAGE-B]    164    17.9s   -0.3569    25.0%    25.0%    64.4%       82%/5%/14%    1.033    0.004    75.0%     0.0%   0.9759   0.1011    23.1%
[STAGE-B]    165    17.2s   -0.0848    20.0%    20.0%    74.1%       78%/5%/17%    1.075    0.005    80.0%     0.0%   0.9250  -0.0136    13.2%
[STAGE-B]    166    17.7s   -0.0542    20.0%    20.0%    63.8%       77%/8%/15%    1.325    0.004    80.0%     0.0%   0.7845  -0.0069    10.7%
[STAGE-B]    167    12.3s   -0.2731    15.0%    15.0%    70.3%       81%/7%/12%    1.200    0.004    85.0%     0.0%   0.6988   0.0136     8.2%
[STAGE-B]    168    15.4s   -0.0255    45.0%    45.0%    83.6%        88%/4%/8%    1.144    0.006    55.0%     0.0%   0.6779   0.0376     8.1%
[STAGE-B]    169    17.7s   -0.0338    45.0%    45.0%    75.2%       78%/9%/13%    1.033    0.004    55.0%     0.0%   0.6982   0.0273     7.1%
[STAGE-B]    170     8.4s   -0.0185    55.0%    55.0%    87.8%       82%/9%/10%    1.183    0.007    45.0%     0.0%   0.6140   0.0088    11.4%
[STAGE-B]   [MA20] reward=-0.1521 task_sr=22.7% miss=77.3% time_limit=85.0% v2v=17.6%
[STAGE-B]   [PPO ] p_loss=0.0534 v_loss=18.2774 entropy=0.6140 grad=5.0896 active=9.6%
[STAGE-B]   [SIM ] avg_power(a)=0.5169 rsu_q=0.000 tx=32 no_tx=188 deadlock=0 svc=0.681GHz idle=3.3%
[STAGE-B]   [CMDP] lambda(E/I/R)=(0.000/0.361/0.000) cost(E/I/R)=(0.000/0.000/0.070)
[STAGE-B]   → Best model saved: Success Rate = 0.141 (50-ep avg)
[STAGE-B]    171    16.5s   -0.1496    20.0%    20.0%    70.3%       80%/6%/14%    1.340    0.005    80.0%     0.0%   0.6440   0.0225     3.6%
[STAGE-B]    172    16.6s   -0.1722    25.0%    25.0%    77.8%        84%/8%/8%    1.133    0.004    75.0%     0.0%   0.7573   0.0444     5.0%
[STAGE-B]    173    18.6s   -0.1675    15.0%    15.0%    66.4%       83%/5%/12%    1.350    0.005    85.0%     0.0%   0.8122   0.0253     5.6%
[STAGE-B]    174     9.4s   -0.0690    50.0%    50.0%    88.1%       80%/7%/13%    1.110    0.010    50.0%     0.0%   0.6784   0.0368    11.5%
[STAGE-B]    175    17.6s   -0.0270    25.0%    25.0%    74.6%       80%/6%/14%    1.150    0.004    75.0%     0.0%   0.8396   0.0355     9.1%
[STAGE-B]    176    17.5s   -0.0397    20.0%    20.0%    72.8%       82%/6%/12%    1.180    0.005    80.0%     0.0%   0.7722   0.0138     0.0%
[STAGE-B]    177    13.8s   -0.0661    50.0%    50.0%    88.3%       86%/4%/10%    1.230    0.005    50.0%     0.0%   0.7163   0.0593    10.0%
[STAGE-B]    178    15.8s   -0.0737    35.0%    35.0%    66.4%       82%/5%/13%    1.263    0.005    65.0%     0.0%   0.7299   0.0392     0.0%
[STAGE-B]    179    16.9s   -0.0478    20.0%    20.0%    76.2%       82%/4%/14%    1.120    0.004    80.0%     0.0%   0.6805   0.0319     5.6%
[STAGE-B]    180    14.7s   -0.0288    55.0%    55.0%    84.2%       86%/5%/10%    1.145    0.004    45.0%     0.0%   0.7519   0.0192     0.0%
[STAGE-B]   [MA20] reward=-0.0939 task_sr=31.2% miss=68.8% time_limit=75.0% v2v=12.9%
[STAGE-B]   [PPO ] p_loss=0.1364 v_loss=7.1570 entropy=0.7519 grad=3.4085 active=5.2%
[STAGE-B]   [SIM ] avg_power(a)=0.5485 rsu_q=0.000 tx=21 no_tx=180 deadlock=0 svc=0.483GHz idle=0.5%
[STAGE-B]   [CMDP] lambda(E/I/R)=(0.000/0.347/0.000) cost(E/I/R)=(0.000/0.001/0.084)
[STAGE-B]   → Best model saved: Success Rate = 0.200 (50-ep avg)
[STAGE-B] 
[STAGE-B]     Ep    Wall    R/step     T_SR     V_SR     S_SR            L/R/V   Lat(s)       En     Miss      Ill      Ent       KL     Clip
[STAGE-B] --------------------------------------------------------------------------------------------------------------------------------
[STAGE-B]    181    17.4s   -0.1129    20.0%    20.0%    80.0%       82%/5%/13%    1.250    0.005    80.0%     0.0%   0.8555   0.0740     7.7%
[STAGE-B]    182    16.2s   -0.0973    35.0%    35.0%    80.0%       82%/8%/10%    1.325    0.005    65.0%     0.0%   0.9410   0.0277    28.6%
[STAGE-B]    183    15.7s   -0.0659    25.0%    25.0%    69.6%       85%/4%/12%    1.120    0.003    75.0%     0.0%   0.6820   0.0120     7.0%
[STAGE-B]    184    18.0s   -0.0818    20.0%    20.0%    66.7%       81%/6%/13%    1.200    0.003    80.0%     0.0%   0.9082   0.0218     3.7%
[STAGE-B]    185    13.7s   -0.3438    30.0%    30.0%    61.9%       76%/5%/19%    1.183    0.006    70.0%     0.0%   0.8701   0.0307    10.1%
[STAGE-B]    186    18.7s   -0.3139    10.0%    10.0%    58.3%       77%/5%/18%    1.250    0.004    90.0%     0.0%   0.7954   0.0154    12.3%
[STAGE-B]    187    17.4s   -0.0932    15.0%    15.0%    70.3%       78%/5%/18%    1.033    0.004    85.0%     0.0%   0.8558   0.0123     7.1%
[STAGE-B]    188    18.9s   -0.2528    15.0%    15.0%    41.5%       75%/7%/18%    1.200    0.003    85.0%     0.0%   1.0911   0.0300    13.6%
[STAGE-B]    189    15.6s   -0.1048    25.0%    25.0%    63.4%       80%/6%/14%    1.183    0.005    75.0%     0.0%   0.8551   0.0397     5.6%
[STAGE-B]    190    20.0s   -0.5881    20.0%    20.0%    56.9%       76%/4%/19%    0.950    0.004    80.0%     0.0%   1.0759   0.0117     3.1%
[STAGE-B]   [MA20] reward=-0.1448 task_sr=26.5% miss=73.5% time_limit=65.0% v2v=13.6%
[STAGE-B]   [PPO ] p_loss=0.1046 v_loss=3.6514 entropy=1.0759 grad=14.1106 active=4.0%
[STAGE-B]   [SIM ] avg_power(a)=0.5476 rsu_q=0.000 tx=37 no_tx=123 deadlock=0 svc=0.364GHz idle=0.0%
[STAGE-B]   [CMDP] lambda(E/I/R)=(0.000/0.338/0.000) cost(E/I/R)=(0.000/0.108/0.096)
[STAGE-B]   → Best model saved: Success Rate = 0.236 (50-ep avg)
[STAGE-B]    191    18.8s   -0.4766    10.0%    10.0%    65.5%       77%/5%/18%    1.000    0.005    90.0%     0.0%   0.8693   0.0468     0.0%
[STAGE-B]    192    16.5s   -0.0320    40.0%    40.0%    73.7%       80%/4%/16%    1.112    0.005    60.0%     0.0%   0.8868   0.0219    21.1%
[STAGE-B]    193    20.3s   -0.6792    10.0%    10.0%    60.0%       71%/5%/24%    1.050    0.004    90.0%     0.0%   1.1469   0.0292     0.0%
[STAGE-B]    194    20.0s   -0.3253     5.0%     5.0%    64.8%       79%/5%/16%    1.150    0.004    95.0%     0.0%   0.9086   0.0102     4.9%
[STAGE-B]    195    15.6s   -0.1447    15.0%    15.0%    66.4%       80%/2%/18%    0.800    0.004    85.0%     0.0%   0.8511  -0.0157    16.3%
[STAGE-B]    196    22.3s   -0.4244     5.0%     5.0%    37.3%       71%/4%/25%    1.000    0.001    95.0%     0.0%   1.1489   0.0051    22.5%
[STAGE-B]    197     9.5s   -0.0753    40.0%    40.0%    68.2%       81%/4%/15%    1.200    0.005    60.0%     0.0%   0.8211   0.0315     5.9%
[STAGE-B]    198    19.6s   -0.2403    10.0%    10.0%    56.0%       78%/2%/20%    1.450    0.004    90.0%     0.0%   0.8192   0.0371     6.7%
[STAGE-B]    199    17.4s   -0.0899    20.0%    20.0%    69.4%       82%/3%/15%    1.275    0.003    80.0%     0.0%   0.8436   0.0741    12.5%
[STAGE-B]    200    18.2s   -0.1772    20.0%    20.0%    71.0%       79%/4%/17%    1.275    0.004    80.0%     0.0%   0.9303   0.0218    21.4%
[STAGE-B]   [MA20] reward=-0.2360 task_sr=19.5% miss=80.5% time_limit=70.0% v2v=16.8%
[STAGE-B]   [PPO ] p_loss=-0.2538 v_loss=1.6536 entropy=0.9303 grad=0.8978 active=5.1%
[STAGE-B]   [SIM ] avg_power(a)=0.5651 rsu_q=0.000 tx=35 no_tx=160 deadlock=0 svc=0.482GHz idle=0.0%
[STAGE-B]   [CMDP] lambda(E/I/R)=(0.000/0.332/0.000) cost(E/I/R)=(0.000/0.039/0.078)
[STAGE-B] 
[STAGE-B]     Ep    Wall    R/step     T_SR     V_SR     S_SR            L/R/V   Lat(s)       En     Miss      Ill      Ent       KL     Clip
[STAGE-B] --------------------------------------------------------------------------------------------------------------------------------
[STAGE-B]    201    18.7s   -0.0527    10.0%    10.0%    56.6%       78%/4%/17%    1.333    0.004    90.0%     0.0%   1.0085  -0.0032    11.6%
[STAGE-B]    202    17.7s   -0.2365    25.0%    25.0%    69.5%       74%/9%/17%    1.183    0.004    75.0%     0.0%   1.0213   0.0286     0.0%
[STAGE-B]    203    19.8s   -0.3208    25.0%    25.0%    45.2%       73%/3%/24%    1.160    0.004    75.0%     0.0%   1.0248   0.0272    17.7%
[STAGE-B]    204    20.4s   -0.1920    15.0%    15.0%    47.1%       71%/4%/25%    1.000    0.002    85.0%     0.0%   1.2554  -0.0091     9.1%
[STAGE-B]    205    19.1s   -0.3265    10.0%    10.0%    52.5%       76%/3%/21%    1.400    0.003    90.0%     0.0%   0.9718  -0.0184    10.0%
[STAGE-B]    206    11.6s   -0.0370    15.0%    15.0%    65.2%       82%/2%/16%    1.067    0.006    85.0%     0.0%   0.8437   0.0268     6.2%
[STAGE-B]    207    17.1s   -0.1538    20.0%    20.0%    66.7%       78%/4%/18%    1.220    0.004    80.0%     0.0%   0.9198   0.0185     8.8%
[STAGE-B]    208    19.5s   -0.6653    20.0%    20.0%    58.7%       78%/5%/17%    1.050    0.004    80.0%     0.0%   0.8813  -0.0067    14.6%
[STAGE-B]    209    19.9s   -0.0378    25.0%    25.0%    62.9%       80%/7%/13%    1.180    0.004    75.0%     0.0%   0.9353   0.0197     9.8%
[STAGE-B]    210     2.9s   -0.0173    65.0%    65.0%    91.8%        89%/2%/9%    1.127    0.027    35.0%     0.0%   0.5931   0.0257     7.1%
[STAGE-B]   [MA20] reward=-0.2352 task_sr=20.3% miss=79.8% time_limit=80.0% v2v=18.1%
[STAGE-B]   [PPO ] p_loss=-0.0858 v_loss=10.4329 entropy=0.5931 grad=7.1822 active=27.3%
[STAGE-B]   [SIM ] avg_power(a)=0.5777 rsu_q=0.000 tx=19 no_tx=200 deadlock=0 svc=1.946GHz idle=12.2%
[STAGE-B]   [CMDP] lambda(E/I/R)=(0.000/0.323/0.000) cost(E/I/R)=(0.000/0.003/0.061)
[STAGE-B]   → Best model saved: Success Rate = 0.249 (50-ep avg)
[STAGE-B]    211     6.5s   -0.2423    45.0%    45.0%    86.2%       83%/7%/10%    1.200    0.013    55.0%     0.0%   0.5743   0.0375    12.5%
[STAGE-B]    212    14.6s   -0.0543    50.0%    50.0%    86.9%        89%/3%/8%    1.260    0.006    50.0%     0.0%   0.6274   0.0502     5.6%
[STAGE-B]    213    16.3s   -0.0253    45.0%    45.0%    75.1%       86%/4%/10%    1.256    0.005    55.0%     0.0%   0.6385   0.0061    11.2%
[STAGE-B]    214    16.2s   -0.0461    40.0%    40.0%    80.8%       88%/2%/11%    1.225    0.006    60.0%     0.0%   0.5913   0.0014     4.5%
[STAGE-B]    215    17.6s   -0.0899    25.0%    25.0%    64.8%       82%/4%/15%    1.167    0.005    75.0%     0.0%   0.5099   0.0417     7.7%
[STAGE-B]    216    15.5s   -0.0472    50.0%    50.0%    75.1%       88%/3%/10%    1.240    0.006    50.0%     0.0%   0.5785   0.0148     4.2%
[STAGE-B]    217     3.4s   -0.0941    55.0%    55.0%    89.8%        89%/3%/8%    1.155    0.026    45.0%     0.0%   0.5844   0.0376    11.1%
[STAGE-B]    218    16.2s   -0.1590    30.0%    30.0%    79.7%       86%/2%/12%    1.029    0.003    70.0%     0.0%   0.6452   0.0115     4.5%
[STAGE-B]    219    16.3s   -0.2418    40.0%    40.0%    80.2%       86%/1%/13%    1.225    0.005    60.0%     0.0%   0.5530   0.0087     3.7%
[STAGE-B]    220     3.4s   -0.0388    35.0%    35.0%    85.4%        92%/1%/7%    1.137    0.022    65.0%     0.0%   0.5177   0.0083     3.8%
[STAGE-B]   [MA20] reward=-0.1539 task_sr=32.2% miss=67.8% time_limit=75.0% v2v=14.0%
[STAGE-B]   [PPO ] p_loss=0.0256 v_loss=8.0945 entropy=0.5177 grad=6.4844 active=24.5%
[STAGE-B]   [SIM ] avg_power(a)=0.5615 rsu_q=0.000 tx=14 no_tx=194 deadlock=0 svc=1.553GHz idle=11.6%
[STAGE-B]   [CMDP] lambda(E/I/R)=(0.000/0.310/0.000) cost(E/I/R)=(0.000/0.001/0.053)
[STAGE-B] 
[STAGE-B]     Ep    Wall    R/step     T_SR     V_SR     S_SR            L/R/V   Lat(s)       En     Miss      Ill      Ent       KL     Clip
[STAGE-B] --------------------------------------------------------------------------------------------------------------------------------
[STAGE-B]    221    19.7s   -0.2483    25.0%    25.0%    69.2%       81%/3%/15%    1.360    0.004    75.0%     0.0%   0.6325  -0.0036    15.0%
[STAGE-B]    222    17.0s   -0.0338    40.0%    40.0%    82.9%        89%/3%/8%    1.300    0.006    60.0%     0.0%   0.6800   0.0131     4.3%
[STAGE-B]    223     3.2s   -0.0249    50.0%    50.0%    91.7%        89%/3%/7%    1.210    0.024    50.0%     0.0%   0.4967   0.0354     4.9%
[STAGE-B]    224    18.0s   -0.0996    20.0%    20.0%    65.5%       86%/1%/13%    1.275    0.003    80.0%     0.0%   0.4555   0.0254     4.2%
[STAGE-B]    225    18.7s   -0.1870    15.0%    15.0%    74.6%        89%/3%/8%    1.180    0.003    85.0%     0.0%   0.6127   0.0314     6.7%
[STAGE-B]    226    14.7s   -0.0270    55.0%    55.0%    92.1%        89%/3%/7%    1.373    0.006    45.0%     0.0%   0.4562   0.0036     9.1%
[STAGE-B]    227     2.6s   -0.1231    55.0%    55.0%    94.6%        91%/2%/7%    1.186    0.036    45.0%     0.0%   0.4663   0.0253     3.8%
[STAGE-B]    228    10.6s   -0.0196    70.0%    70.0%    92.0%        90%/4%/6%    1.143    0.008    30.0%     0.0%   0.5277   0.0498     5.6%
[STAGE-B]    229    11.1s   -0.0231    65.0%    65.0%    90.8%        92%/2%/5%    1.285    0.008    35.0%     0.0%   0.5467   0.0266     5.0%
[STAGE-B]    230     6.8s   -0.1979    30.0%    30.0%    73.2%        88%/3%/9%    1.086    0.011    70.0%     0.0%   0.4034  -0.0041    10.4%
[STAGE-B]   [MA20] reward=-0.1012 task_sr=42.0% miss=58.0% time_limit=60.0% v2v=9.5%
[STAGE-B]   [PPO ] p_loss=-0.0681 v_loss=1.2439 entropy=0.4034 grad=2.0444 active=10.7%
[STAGE-B]   [SIM ] avg_power(a)=0.5706 rsu_q=0.000 tx=18 no_tx=165 deadlock=0 svc=1.045GHz idle=1.1%
[STAGE-B]   [CMDP] lambda(E/I/R)=(0.000/0.296/0.000) cost(E/I/R)=(0.000/0.018/0.047)
[STAGE-B]    231     5.9s   -0.0259    60.0%    60.0%    93.5%        93%/2%/5%    1.214    0.017    40.0%     0.0%   0.4218   0.0458     4.0%
[STAGE-B]    232    14.6s   -0.0299    50.0%    50.0%    85.4%        87%/4%/9%    1.191    0.005    50.0%     0.0%   0.4827   0.0191     7.6%
[STAGE-B]    233     3.4s    0.0077    75.0%    75.0%    95.0%        90%/2%/8%    1.087    0.023    25.0%     0.0%   0.5069   0.0247     6.2%
[STAGE-B]    234    14.9s   -0.0207    60.0%    60.0%    88.3%        89%/3%/8%    1.115    0.004    40.0%     0.0%   0.4801   0.0412     4.3%
[STAGE-B]    235     1.4s    0.0632    75.0%    75.0%    99.1%        89%/5%/6%    1.206    0.059    25.0%     0.0%   0.4774   0.0063     6.0%
[STAGE-B]    236     2.0s    0.0343    75.0%    75.0%    95.3%        93%/2%/5%    1.200    0.053    25.0%     0.0%   0.5056  -0.0010     3.6%
[STAGE-B]    237    16.1s   -0.0267    35.0%    35.0%    76.6%       85%/2%/13%    1.038    0.004    65.0%     0.0%   0.4492   0.0244     8.3%
[STAGE-B]    238     7.1s   -0.2016    45.0%    45.0%    86.8%        90%/2%/7%    1.118    0.010    55.0%     0.0%   0.4364   0.0263     3.3%
[STAGE-B]    239    12.3s   -0.0216    65.0%    65.0%    95.7%        91%/3%/6%    1.160    0.005    35.0%     0.0%   0.3793   0.0174     1.5%
[STAGE-B]    240     1.5s    0.0524    80.0%    80.0%    94.5%        91%/4%/5%    1.156    0.066    20.0%     0.0%   0.4165   0.0075     4.7%
[STAGE-B]   [MA20] reward=-0.0577 task_sr=52.2% miss=47.7% time_limit=40.0% v2v=8.0%
[STAGE-B]   [PPO ] p_loss=0.0005 v_loss=18.0416 entropy=0.4165 grad=9.5238 active=66.8%
[STAGE-B]   [SIM ] avg_power(a)=0.5692 rsu_q=0.000 tx=16 no_tx=207 deadlock=0 svc=7.599GHz idle=29.4%
[STAGE-B]   [CMDP] lambda(E/I/R)=(0.000/0.280/0.000) cost(E/I/R)=(0.000/0.000/0.045)
[STAGE-B]   → Best model saved: Success Rate = 0.373 (50-ep avg)
[STAGE-B] 
[STAGE-B]     Ep    Wall    R/step     T_SR     V_SR     S_SR            L/R/V   Lat(s)       En     Miss      Ill      Ent       KL     Clip
[STAGE-B] --------------------------------------------------------------------------------------------------------------------------------
[STAGE-B]    241     1.8s    0.0149    75.0%    75.0%    98.4%        91%/3%/6%    1.289    0.054    25.0%     0.0%   0.4046  -0.0067     4.1%
[STAGE-B]    242    13.7s   -0.0177    75.0%    75.0%    88.1%        93%/2%/5%    1.107    0.006    25.0%     0.0%   0.3506   0.0170     3.0%
[STAGE-B]    243    15.8s   -0.0221    40.0%    40.0%    84.4%        91%/0%/8%    1.122    0.004    60.0%     0.0%   0.3072   0.0119     4.7%
[STAGE-B]    244    14.3s   -0.0216    55.0%    55.0%    86.7%        91%/1%/7%    1.242    0.006    45.0%     0.0%   0.2767   0.0129     5.5%
[STAGE-B]    245    15.3s   -0.0255    60.0%    60.0%    88.6%        96%/1%/4%    1.185    0.004    40.0%     0.0%   0.2986   0.0202     3.6%
[STAGE-B]    246     1.4s    0.0602    95.0%    95.0%   100.0%        94%/2%/4%    1.185    0.092     5.0%     0.0%   0.2866   0.0001     3.2%
[STAGE-B]    247     1.3s    0.0503    80.0%    80.0%    99.6%        96%/1%/3%    1.279    0.086    20.0%     0.0%   0.1931   0.0028     2.6%
[STAGE-B]    248     1.2s    0.0851    80.0%    80.0%    97.8%        95%/3%/1%    1.118    0.077    20.0%     0.0%   0.2212   0.0031     2.3%
[STAGE-B]    249     2.8s    0.0079    80.0%    80.0%    98.3%        94%/2%/4%    1.112    0.031    20.0%     0.0%   0.2096   0.0230     4.3%
[STAGE-B]    250     1.2s    0.1011    85.0%    85.0%    98.3%        97%/0%/2%    1.156    0.094    15.0%     0.0%   0.2291   0.0032     1.8%
[STAGE-B]   [MA20] reward=0.0032 task_sr=67.3% miss=32.8% time_limit=35.0% v2v=5.9%
[STAGE-B]   [PPO ] p_loss=-0.0012 v_loss=3.7798 entropy=0.2291 grad=0.8103 active=83.2%
[STAGE-B]   [SIM ] avg_power(a)=0.5503 rsu_q=0.000 tx=4 no_tx=227 deadlock=0 svc=9.852GHz idle=92.9%
[STAGE-B]   [CMDP] lambda(E/I/R)=(0.000/0.264/0.000) cost(E/I/R)=(0.000/0.000/0.014)
[STAGE-B]   → Best model saved: Success Rate = 0.483 (50-ep avg)
[STAGE-B]    251     1.4s    0.0676    90.0%    90.0%   100.0%        96%/1%/4%    1.260    0.092    10.0%     0.0%   0.1416   0.0065     2.7%
[STAGE-B]    252     1.3s    0.1008    95.0%    95.0%   100.0%        97%/0%/2%    1.135    0.094     5.0%     0.0%   0.1036   0.0138     1.9%
[STAGE-B]    253     1.3s    0.0508    85.0%    85.0%   100.0%        98%/0%/2%    1.290    0.085    15.0%     0.0%   0.0584   0.0010     1.5%
[STAGE-B]    254     1.3s    0.0349    75.0%    75.0%    99.6%        97%/1%/2%    1.237    0.081    25.0%     0.0%   0.0620   0.0029     1.8%
[STAGE-B]    255    13.3s   -0.0219    80.0%    80.0%    96.6%        96%/1%/3%    1.165    0.005    20.0%     0.0%   0.0485  -0.0102     6.6%
[STAGE-B]    256     1.3s    0.0655   100.0%   100.0%   100.0%        97%/0%/2%    1.225    0.089     0.0%     0.0%   0.0101  -0.0031     2.3%
[STAGE-B]    257     1.2s    0.0961    95.0%    95.0%    99.1%        99%/0%/1%    1.126    0.067     5.0%     0.0%   0.0035   0.0017     1.0%
[STAGE-B]    258     1.3s    0.0402    85.0%    85.0%    98.8%        97%/1%/2%    1.228    0.071    15.0%     0.0%   0.0000   0.0124     2.2%
[STAGE-B]    259     1.3s    0.0836    90.0%    90.0%   100.0%        99%/0%/1%    1.205    0.072    10.0%     0.0%   0.0000  -0.0016     0.6%
[STAGE-B]    260     1.2s    0.0920    95.0%    95.0%   100.0%        99%/0%/1%    1.180    0.071     5.0%     0.0%   0.0000   0.0075     1.1%
[STAGE-B]   [MA20] reward=0.0421 task_sr=80.7% miss=19.2% time_limit=25.0% v2v=3.2%
[STAGE-B]   [PPO ] p_loss=-0.0041 v_loss=2.7664 entropy=0.0000 grad=0.2846 active=73.8%
[STAGE-B]   [SIM ] avg_power(a)=0.5381 rsu_q=0.000 tx=3 no_tx=233 deadlock=0 svc=0.000GHz idle=100.0%
[STAGE-B]   [CMDP] lambda(E/I/R)=(0.000/0.248/0.000) cost(E/I/R)=(0.000/0.000/0.005)
[STAGE-B]   → Best model saved: Success Rate = 0.615 (50-ep avg)
[STAGE-B] 
[STAGE-B]     Ep    Wall    R/step     T_SR     V_SR     S_SR            L/R/V   Lat(s)       En     Miss      Ill      Ent       KL     Clip
[STAGE-B] --------------------------------------------------------------------------------------------------------------------------------
[STAGE-B]    261     1.3s    0.0576    90.0%    90.0%    99.6%       100%/0%/0%    1.216    0.085    10.0%     0.0%   0.0000  -0.0004     0.2%
[STAGE-B]    262     1.2s    0.1152    90.0%    90.0%    99.6%       100%/0%/0%    1.168    0.083    10.0%     0.0%   0.0000   0.0011     0.2%
[STAGE-B]    263     1.3s    0.0524    95.0%    95.0%   100.0%       100%/0%/0%    1.280    0.080     5.0%     0.0%   0.0000  -0.0012     0.2%
[STAGE-B]    264     1.2s    0.1114    95.0%    95.0%    99.6%       100%/0%/0%    1.126    0.077     5.0%     0.0%   0.0000  -0.0003     0.0%
[STAGE-B]    265     1.2s    0.0928    90.0%    90.0%   100.0%       100%/0%/0%    1.120    0.069    10.0%     0.0%   0.0000  -0.0008     0.1%
[STAGE-B]    266     1.3s    0.1056    85.0%    85.0%    99.6%       100%/0%/0%    1.089    0.063    15.0%     0.0%   0.0000   0.0043     0.3%
[STAGE-B]    267     1.4s    0.0273    85.0%    85.0%    99.3%       100%/0%/0%    1.339    0.093    15.0%     0.0%   0.0000   0.0036     0.3%
[STAGE-B]    268     1.3s    0.1160    95.0%    95.0%    99.1%       100%/0%/0%    1.137    0.073     5.0%     0.0%   0.0000  -0.0005     0.0%
[STAGE-B]    269     1.3s    0.0998   100.0%   100.0%   100.0%        99%/0%/1%    1.155    0.070     0.0%     0.0%   0.0000   0.0041     0.5%
[STAGE-B]    270     1.3s    0.0468    85.0%    85.0%    98.8%       100%/0%/0%    1.261    0.071    15.0%     0.0%   0.0000   0.0008     0.0%
[STAGE-B]   [MA20] reward=0.0717 task_sr=90.0% miss=10.0% time_limit=5.0% v2v=1.1%
[STAGE-B]   [PPO ] p_loss=-0.0012 v_loss=2.5315 entropy=0.0000 grad=1.4277 active=80.0%
[STAGE-B]   [SIM ] avg_power(a)=0.5519 rsu_q=0.000 tx=0 no_tx=256 deadlock=0 svc=0.000GHz idle=100.0%
[STAGE-B]   [CMDP] lambda(E/I/R)=(0.000/0.232/0.000) cost(E/I/R)=(0.000/0.000/0.000)
[STAGE-B]   → Best model saved: Success Rate = 0.714 (50-ep avg)
[STAGE-B]    271     1.4s    0.0923    85.0%    85.0%    99.2%       100%/0%/0%    1.216    0.080    15.0%     0.0%   0.0000   0.0004     0.1%
[STAGE-B]    272     1.3s    0.0692    80.0%    80.0%    96.7%        99%/0%/1%    1.125    0.062    20.0%     0.0%   0.0000   0.0041     0.7%
[STAGE-B]    273     1.3s    0.1137    95.0%    95.0%   100.0%        99%/0%/0%    1.145    0.058     5.0%     0.0%   0.0000   0.0051     0.7%
[STAGE-B]    274     1.2s    0.0721    80.0%    80.0%    98.8%       100%/0%/0%    1.183    0.062    20.0%     0.0%   0.0000  -0.0004     0.0%
[STAGE-B]    275     1.3s    0.0981    70.0%    70.0%    98.3%        99%/0%/1%    1.124    0.078    30.0%     0.0%   0.0000   0.0014     0.4%
[STAGE-B]    276     1.4s    0.0175    95.0%    95.0%   100.0%       100%/0%/0%    1.340    0.089     5.0%     0.0%   0.0000   0.0006     0.2%
[STAGE-B]    277     1.3s    0.0728    90.0%    90.0%    99.2%       100%/0%/0%    1.206    0.101    10.0%     0.0%   0.0000   0.0045     0.3%
[STAGE-B]    278     1.3s    0.0870    80.0%    80.0%    99.2%       100%/0%/0%    1.184    0.066    20.0%     0.0%   0.0000  -0.0010     0.0%
[STAGE-B]    279     1.2s    0.0991    85.0%    85.0%    99.2%       100%/0%/0%    1.189    0.084    15.0%     0.0%   0.0000   0.0017     0.0%
[STAGE-B]    280     1.3s    0.0508    75.0%    75.0%    98.4%       100%/0%/0%    1.188    0.087    25.0%     0.0%   0.0000   0.0008     0.0%
[STAGE-B]   [MA20] reward=0.0799 task_sr=87.2% miss=12.8% time_limit=0.0% v2v=0.3%
[STAGE-B]   [PPO ] p_loss=-2.24e-05 v_loss=2.7202 entropy=0.0000 grad=0.7148 active=76.9%
[STAGE-B]   [SIM ] avg_power(a)=0.5402 rsu_q=0.000 tx=0 no_tx=246 deadlock=0 svc=0.000GHz idle=100.0%
[STAGE-B]   [CMDP] lambda(E/I/R)=(0.000/0.216/0.000) cost(E/I/R)=(0.000/0.000/0.003)
[STAGE-B]   → Best model saved: Success Rate = 0.796 (50-ep avg)
[STAGE-B] 
[STAGE-B]     Ep    Wall    R/step     T_SR     V_SR     S_SR            L/R/V   Lat(s)       En     Miss      Ill      Ent       KL     Clip
[STAGE-B] --------------------------------------------------------------------------------------------------------------------------------
[STAGE-B]    281     1.2s    0.0842    90.0%    90.0%   100.0%       100%/0%/0%    1.155    0.071    10.0%     0.0%   0.0000  -0.0006     0.0%
[STAGE-B]    282     1.3s    0.0855    85.0%    85.0%    98.8%       100%/0%/0%    1.217    0.073    15.0%     0.0%   0.0000   0.0003     0.1%
[STAGE-B]    283     1.2s    0.1325   100.0%   100.0%   100.0%       100%/0%/0%    1.095    0.062     0.0%     0.0%   0.0000   0.0039     0.3%
[STAGE-B]    284     1.3s    0.0688    80.0%    80.0%    98.4%       100%/0%/0%    1.212    0.100    20.0%     0.0%   0.0000   0.0014     0.0%
[STAGE-B]    285     1.2s    0.0938    90.0%    90.0%   100.0%       100%/0%/0%    1.165    0.062    10.0%     0.0%   0.0000  -0.0006     0.0%
[STAGE-B]    286     1.4s    0.0420    75.0%    75.0%    99.6%        99%/0%/0%    1.295    0.074    25.0%     0.0%   0.0000   0.0015     0.9%
[STAGE-B]    287     1.2s    0.0438    80.0%    80.0%   100.0%        99%/0%/1%    1.240    0.084    20.0%     0.0%   0.0000   0.0049     0.8%
[STAGE-B]    288     1.4s    0.0870    85.0%    85.0%    97.4%       100%/0%/0%    1.124    0.076    15.0%     0.0%   0.0000   0.0016     0.3%
[STAGE-B]    289     1.3s    0.0497    80.0%    80.0%    98.8%       100%/0%/0%    1.206    0.088    20.0%     0.0%   0.0000   0.0046     0.4%
[STAGE-B]    290     1.3s    0.0695    90.0%    90.0%   100.0%       100%/0%/0%    1.305    0.086    10.0%     0.0%   0.0000  -0.0004     0.0%
[STAGE-B]   [MA20] reward=0.0765 task_sr=84.5% miss=15.5% time_limit=0.0% v2v=0.3%
[STAGE-B]   [PPO ] p_loss=-0.0153 v_loss=2.7817 entropy=0.0000 grad=0.3220 active=81.6%
[STAGE-B]   [SIM ] avg_power(a)=0.5139 rsu_q=0.000 tx=0 no_tx=261 deadlock=0 svc=0.000GHz idle=100.0%
[STAGE-B]   [CMDP] lambda(E/I/R)=(0.000/0.200/0.000) cost(E/I/R)=(0.000/0.000/0.000)
[STAGE-B]   → Best model saved: Success Rate = 0.843 (50-ep avg)
[STAGE-B]    291     1.3s    0.1289    90.0%    90.0%   100.0%        99%/0%/1%    1.130    0.060    10.0%     0.0%   0.0000   0.0053     0.9%
[STAGE-B]    292     1.3s    0.0456    85.0%    85.0%    98.8%       100%/0%/0%    1.272    0.091    15.0%     0.0%   0.0000  -0.0005     0.0%
[STAGE-B]    293     1.2s    0.0739    85.0%    85.0%    99.6%       100%/0%/0%    1.168    0.096    15.0%     0.0%   0.0000   0.0017     0.3%
[STAGE-B]    294     1.3s    0.1309    80.0%    80.0%    97.9%       100%/0%/0%    1.129    0.087    20.0%     0.0%   0.0000   0.0008     0.0%
[STAGE-B]    295     1.3s    0.0814    85.0%    85.0%    99.2%       100%/0%/0%    1.211    0.103    15.0%     0.0%   0.0000 4.71e-05     0.0%
[STAGE-B]    296     1.4s    0.1026    90.0%    90.0%    99.6%        99%/0%/1%    1.147    0.082    10.0%     0.0%   0.0000  -0.0002     1.2%
[STAGE-B]    297     1.2s    0.1193    95.0%    95.0%   100.0%       100%/0%/0%    1.110    0.083     5.0%     0.0%   0.0000  -0.0014     0.0%
[STAGE-B]    298     1.3s    0.0805    90.0%    90.0%    99.2%        99%/0%/0%    1.217    0.072    10.0%     0.0%   0.0000 -5.78e-05     0.7%
[STAGE-B]    299     1.5s    0.0443    95.0%    95.0%   100.0%        99%/0%/1%    1.275    0.085     5.0%     0.0%   0.0000   0.0049     0.6%
[STAGE-B]    300     1.2s    0.0726    90.0%    90.0%    99.6%       100%/0%/0%    1.179    0.068    10.0%     0.0%   0.0000  -0.0006     0.0%
[STAGE-B]   [MA20] reward=0.0819 task_sr=87.0% miss=13.0% time_limit=0.0% v2v=0.3%
[STAGE-B]   [PPO ] p_loss=-0.0120 v_loss=3.8556 entropy=0.0000 grad=0.2699 active=74.7%
[STAGE-B]   [SIM ] avg_power(a)=0.4880 rsu_q=0.000 tx=0 no_tx=239 deadlock=0 svc=0.000GHz idle=100.0%
[STAGE-B]   [CMDP] lambda(E/I/R)=(0.000/0.184/0.000) cost(E/I/R)=(0.000/0.000/0.000)
[STAGE-B]   → Best model saved: Success Rate = 0.875 (50-ep avg)
[STAGE-B] 
[STAGE-B]     Ep    Wall    R/step     T_SR     V_SR     S_SR            L/R/V   Lat(s)       En     Miss      Ill      Ent       KL     Clip
[STAGE-B] --------------------------------------------------------------------------------------------------------------------------------
[STAGE-B]    301     1.2s    0.1043    95.0%    95.0%   100.0%       100%/0%/0%    1.150    0.081     5.0%     0.0%   0.0000  -0.0004     0.2%
[STAGE-B]    302     1.3s    0.0662    80.0%    80.0%    99.6%       100%/0%/0%    1.247    0.061    20.0%     0.0%   0.0000   0.0002     0.0%
[STAGE-B]    303     1.1s    0.1130    95.0%    95.0%    99.1%       100%/0%/0%    1.126    0.066     5.0%     0.0%   0.0000   0.0029     0.3%
[STAGE-B]    304     1.3s    0.1030    90.0%    90.0%    99.1%       100%/0%/0%    1.133    0.054    10.0%     0.0%   0.0000 6.05e-05     0.0%
[STAGE-B]    305     1.2s    0.0895    90.0%    90.0%    99.6%       100%/0%/0%    1.126    0.067    10.0%     0.0%   0.0000  -0.0031     0.4%
[STAGE-B]    306     1.2s    0.1118   100.0%   100.0%   100.0%       100%/0%/0%    1.070    0.053     0.0%     0.0%   0.0000 -4.87e-05     0.0%
[STAGE-B]    307     1.2s    0.0853    90.0%    90.0%    99.6%       100%/0%/0%    1.153    0.063    10.0%     0.0%   0.0000   0.0002     0.0%
[STAGE-B]    308     1.2s    0.1213    95.0%    95.0%   100.0%       100%/0%/0%    1.075    0.084     5.0%     0.0%   0.0000  -0.0002     0.0%
[STAGE-B]    309     1.3s    0.0843    90.0%    90.0%    99.6%       100%/0%/0%    1.179    0.074    10.0%     0.0%   0.0000 6.57e-05     0.0%
[STAGE-B]    310     1.2s    0.1218    75.0%    75.0%    99.6%       100%/0%/0%    1.126    0.055    25.0%     0.0%   0.0000   0.0006     0.0%
[STAGE-B]   [MA20] reward=0.0940 task_sr=89.2% miss=10.8% time_limit=0.0% v2v=0.2%
[STAGE-B]   [PPO ] p_loss=0.0120 v_loss=2.9340 entropy=0.0000 grad=0.2219 active=71.6%
[STAGE-B]   [SIM ] avg_power(a)=0.5006 rsu_q=0.000 tx=0 no_tx=229 deadlock=0 svc=0.000GHz idle=100.0%
[STAGE-B]   [CMDP] lambda(E/I/R)=(0.000/0.168/0.000) cost(E/I/R)=(0.000/0.000/0.000)
[STAGE-B]    311     1.2s    0.0917    90.0%    90.0%   100.0%       100%/0%/0%    1.205    0.085    10.0%     0.0%   0.0000  -0.0008     0.0%
[STAGE-B]    312     1.3s    0.0422    90.0%    90.0%    98.8%       100%/0%/0%    1.211    0.071    10.0%     0.0%   0.0000   0.0002     0.0%
[STAGE-B]    313     1.4s    0.0682    75.0%    75.0%    98.8%       100%/0%/0%    1.228    0.078    25.0%     0.0%   0.0000   0.0002     0.0%
[STAGE-B]    314     1.3s    0.0396    65.0%    65.0%    97.6%       100%/0%/0%    1.188    0.099    35.0%     0.0%   0.0000 -8.53e-05     0.3%
[STAGE-B]    315     1.3s    0.0695    80.0%    80.0%    98.8%       100%/0%/0%    1.224    0.073    20.0%     0.0%   0.0000  -0.0004     0.0%
[STAGE-B]    316     1.4s    0.0389    75.0%    75.0%    99.2%       100%/0%/0%    1.256    0.127    25.0%     0.0%   0.0000 -1.53e-05     0.0%
[STAGE-B]    317     1.3s    0.0824    85.0%    85.0%    99.6%       100%/0%/0%    1.200    0.090    15.0%     0.0%   0.0000   0.0004     0.0%
[STAGE-B]    318     1.3s    0.1036    90.0%    90.0%    99.2%       100%/0%/0%    1.150    0.063    10.0%     0.0%   0.0000  -0.0034     0.3%
[STAGE-B]    319     1.3s    0.0829    90.0%    90.0%   100.0%       100%/0%/0%    1.230    0.086    10.0%     0.0%   0.0000  -0.0002     0.0%
[STAGE-B]    320     1.2s    0.1051    90.0%    90.0%    98.7%       100%/0%/0%    1.156    0.081    10.0%     0.0%   0.0000  -0.0009     0.0%
[STAGE-B]   [MA20] reward=0.0862 task_sr=86.5% miss=13.5% time_limit=0.0% v2v=0.1%
[STAGE-B]   [PPO ] p_loss=0.0057 v_loss=2.4019 entropy=0.0000 grad=0.3374 active=72.8%
[STAGE-B]   [SIM ] avg_power(a)=0.5394 rsu_q=0.000 tx=0 no_tx=233 deadlock=0 svc=0.000GHz idle=100.0%
[STAGE-B]   [CMDP] lambda(E/I/R)=(0.000/0.152/0.000) cost(E/I/R)=(0.000/0.000/0.000)
[STAGE-B] 
[STAGE-B]     Ep    Wall    R/step     T_SR     V_SR     S_SR            L/R/V   Lat(s)       En     Miss      Ill      Ent       KL     Clip
[STAGE-B] --------------------------------------------------------------------------------------------------------------------------------
[STAGE-B]    321     1.3s    0.0815    85.0%    85.0%    99.2%       100%/0%/0%    1.195    0.084    15.0%     0.0%   0.0000   0.0002     0.0%
[STAGE-B]    322     1.2s    0.1011    95.0%    95.0%    99.6%       100%/0%/0%    1.132    0.087     5.0%     0.0%   0.0000  -0.0004     0.0%
[STAGE-B]    323     1.3s    0.0682    90.0%    90.0%   100.0%       100%/0%/0%    1.215    0.074    10.0%     0.0%   0.0000  -0.0006     0.5%
[STAGE-B]    324     1.3s    0.1360   100.0%   100.0%   100.0%       100%/0%/0%    1.100    0.052     0.0%     0.0%   0.0000   0.0018     0.0%
[STAGE-B]    325     1.2s    0.1013    95.0%    95.0%   100.0%       100%/0%/0%    1.225    0.079     5.0%     0.0%   0.0000  -0.0010     0.0%
[STAGE-B]    326     1.4s    0.0622    90.0%    90.0%    99.6%       100%/0%/0%    1.226    0.079    10.0%     0.0%   0.0000  -0.0005     0.0%
[STAGE-B]    327     1.3s    0.0766    85.0%    85.0%    99.2%        99%/0%/0%    1.195    0.070    15.0%     0.0%   0.0000   0.0038     0.9%
[STAGE-B]    328     1.4s    0.0628    80.0%    80.0%    98.8%       100%/0%/0%    1.194    0.088    20.0%     0.0%   0.0000 -3.30e-05     0.0%
[STAGE-B]    329     1.3s    0.0952    75.0%    75.0%    99.1%       100%/0%/0%    1.158    0.058    25.0%     0.0%   0.0000  -0.0002     0.0%
[STAGE-B]    330     1.3s    0.0633    75.0%    75.0%    98.8%       100%/0%/0%    1.189    0.070    25.0%     0.0%   0.0000   0.0005     0.0%
[STAGE-B]   [MA20] reward=0.0786 task_sr=85.0% miss=15.0% time_limit=0.0% v2v=0.0%
[STAGE-B]   [PPO ] p_loss=0.0207 v_loss=4.5244 entropy=0.0000 grad=0.7694 active=75.3%
[STAGE-B]   [SIM ] avg_power(a)=0.5855 rsu_q=0.000 tx=0 no_tx=241 deadlock=0 svc=0.000GHz idle=100.0%
[STAGE-B]   [CMDP] lambda(E/I/R)=(0.000/0.136/0.000) cost(E/I/R)=(0.000/0.000/0.000)
[STAGE-B]    331     1.3s    0.0940    85.0%    85.0%    98.4%       100%/0%/0%    1.217    0.072    15.0%     0.0%   0.0000   0.0012     0.0%
[STAGE-B]    332     1.3s    0.0825    85.0%    85.0%    98.8%       100%/0%/0%    1.200    0.049    15.0%     0.0%   0.0000   0.0008     0.0%
[STAGE-B]    333     1.2s    0.1098   100.0%   100.0%   100.0%       100%/0%/0%    1.120    0.106     0.0%     0.0%   0.0000   0.0003     0.0%
[STAGE-B]    334     1.2s    0.1145    85.0%    85.0%    98.2%       100%/0%/0%    1.076    0.060    15.0%     0.0%   0.0000   0.0003     0.0%
[STAGE-B]    335     1.3s    0.0185    85.0%    85.0%    99.6%       100%/0%/0%    1.321    0.102    15.0%     0.0%   0.0000   0.0028     0.0%
[STAGE-B]    336     1.3s    0.0846    95.0%    95.0%    99.6%       100%/0%/0%    1.200    0.077     5.0%     0.0%   0.0000  -0.0003     0.0%
[STAGE-B]    337     1.3s    0.0951    95.0%    95.0%    99.6%       100%/0%/0%    1.168    0.065     5.0%     0.0%   0.0000 2.89e-05     0.0%
[STAGE-B]    338     1.3s    0.0918    85.0%    85.0%    98.8%       100%/0%/0%    1.200    0.084    15.0%     0.0%   0.0000 -7.16e-05     0.1%
[STAGE-B]    339     1.2s    0.0617    90.0%    90.0%    99.6%       100%/0%/0%    1.184    0.061    10.0%     0.0%   0.0000  -0.0003     0.0%
[STAGE-B]    340     1.3s    0.0786    90.0%    90.0%   100.0%       100%/0%/0%    1.260    0.083    10.0%     0.0%   0.0000 -8.86e-05     0.0%
[STAGE-B]   [MA20] reward=0.0840 task_sr=88.2% miss=11.8% time_limit=0.0% v2v=0.0%
[STAGE-B]   [PPO ] p_loss=-0.0073 v_loss=2.9999 entropy=0.0000 grad=0.3390 active=78.8%
[STAGE-B]   [SIM ] avg_power(a)=0.5839 rsu_q=0.000 tx=0 no_tx=252 deadlock=0 svc=0.000GHz idle=100.0%
[STAGE-B]   [CMDP] lambda(E/I/R)=(0.000/0.120/0.000) cost(E/I/R)=(0.000/0.000/0.000)
[STAGE-B] 
[STAGE-B]     Ep    Wall    R/step     T_SR     V_SR     S_SR            L/R/V   Lat(s)       En     Miss      Ill      Ent       KL     Clip
[STAGE-B] --------------------------------------------------------------------------------------------------------------------------------
[STAGE-B]    341     1.2s    0.0958    90.0%    90.0%   100.0%       100%/0%/0%    1.125    0.078    10.0%     0.0%   0.0000   0.0003     0.0%
[STAGE-B]    342     1.2s    0.1218    90.0%    90.0%    99.6%       100%/0%/0%    1.132    0.065    10.0%     0.0%   0.0000   0.0007     0.0%
[STAGE-B]    343     1.2s    0.0745    85.0%    85.0%    99.1%       100%/0%/0%    1.128    0.052    15.0%     0.0%   0.0000   0.0018     0.0%
[STAGE-B]    344     1.4s    0.0779    90.0%    90.0%    99.2%       100%/0%/0%    1.168    0.080    10.0%     0.0%   0.0000   0.0022     0.0%
[STAGE-B]    345     1.3s    0.0996    85.0%    85.0%    99.1%       100%/0%/0%    1.137    0.072    15.0%     0.0%   0.0000   0.0010     0.0%
[STAGE-B]    346     1.4s    0.0718    95.0%    95.0%   100.0%       100%/0%/0%    1.185    0.063     5.0%     0.0%   0.0000   0.0005     0.0%
[STAGE-B]    347     1.3s    0.0423    90.0%    90.0%    99.2%       100%/0%/0%    1.295    0.067    10.0%     0.0%   0.0000  -0.0006     0.0%
[STAGE-B]    348     1.3s    0.0701    90.0%    90.0%    99.6%       100%/0%/0%    1.247    0.105    10.0%     0.0%   0.0000  -0.0005     0.0%
[STAGE-B]    349     1.3s    0.0800    95.0%    95.0%    99.2%       100%/0%/0%    1.205    0.109     5.0%     0.0%   0.0000   0.0006     0.0%
[STAGE-B]    350     1.3s    0.0501    75.0%    75.0%    99.2%       100%/0%/0%    1.278    0.096    25.0%     0.0%   0.0000   0.0005     0.0%
[STAGE-B]   [MA20] reward=0.0807 task_sr=89.0% miss=11.0% time_limit=0.0% v2v=0.0%
[STAGE-B]   [PPO ] p_loss=0.0204 v_loss=1.9911 entropy=0.0000 grad=0.7771 active=86.0%
[STAGE-B]   [SIM ] avg_power(a)=0.6405 rsu_q=0.000 tx=0 no_tx=258 deadlock=0 svc=0.000GHz idle=100.0%
[STAGE-B]   [CMDP] lambda(E/I/R)=(0.000/0.104/0.000) cost(E/I/R)=(0.000/0.000/0.000)
[STAGE-B]    351     1.3s    0.1189    95.0%    95.0%   100.0%       100%/0%/0%    1.160    0.095     5.0%     0.0%   0.0000  -0.0019     0.0%
[STAGE-B]    352     1.2s    0.0608    80.0%    80.0%    98.8%       100%/0%/0%    1.239    0.075    20.0%     0.0%   0.0000   0.0010     0.0%
[STAGE-B]    353     1.3s    0.0625    95.0%    95.0%   100.0%       100%/0%/0%    1.225    0.070     5.0%     0.0%   0.0000   0.0007     0.1%
[STAGE-B]    354     1.3s    0.0964    90.0%    90.0%    99.6%       100%/0%/0%    1.142    0.080    10.0%     0.0%   0.0000   0.0005     0.1%
[STAGE-B]    355     1.3s    0.0665    80.0%    80.0%    99.6%       100%/0%/0%    1.242    0.080    20.0%     0.0%   0.0000 6.91e-05     0.0%
[STAGE-B]    356     1.3s    0.0873    95.0%    95.0%    99.6%       100%/0%/0%    1.184    0.078     5.0%     0.0%   0.0000  -0.0012     0.3%
[STAGE-B]    357     1.2s    0.0991    90.0%    90.0%    99.1%       100%/0%/0%    1.126    0.070    10.0%     0.0%   0.0000   0.0006     0.0%
[STAGE-B]    358     1.3s    0.0780    90.0%    90.0%    98.7%       100%/0%/0%    1.156    0.077    10.0%     0.0%   0.0000  -0.0006     0.0%
[STAGE-B]    359     1.3s    0.0835    85.0%    85.0%    98.8%       100%/0%/0%    1.188    0.074    15.0%     0.0%   0.0000   0.0022     0.0%
[STAGE-B]    360     1.3s    0.0410    80.0%    80.0%    99.2%       100%/0%/0%    1.256    0.083    20.0%     0.0%   0.0000  -0.0009     0.3%
[STAGE-B]   [MA20] reward=0.0789 task_sr=88.2% miss=11.8% time_limit=0.0% v2v=0.0%
[STAGE-B]   [PPO ] p_loss=0.0012 v_loss=1.6114 entropy=0.0000 grad=1.7269 active=79.7%
[STAGE-B]   [SIM ] avg_power(a)=0.6304 rsu_q=0.000 tx=0 no_tx=255 deadlock=0 svc=0.000GHz idle=100.0%
[STAGE-B]   [CMDP] lambda(E/I/R)=(0.000/0.088/0.000) cost(E/I/R)=(0.000/0.000/0.000)
[STAGE-B] 
[STAGE-B]     Ep    Wall    R/step     T_SR     V_SR     S_SR            L/R/V   Lat(s)       En     Miss      Ill      Ent       KL     Clip
[STAGE-B] --------------------------------------------------------------------------------------------------------------------------------
[STAGE-B]    361     1.6s    0.0715    95.0%    95.0%   100.0%       100%/0%/0%    1.285    0.102     5.0%     0.0%   0.0000   0.0011     0.0%
[STAGE-B]    362     1.3s    0.0988    80.0%    80.0%    99.2%       100%/0%/0%    1.195    0.086    20.0%     0.0%   0.0000  -0.0002     0.0%
[STAGE-B]    363     1.2s    0.0995    90.0%    90.0%   100.0%       100%/0%/0%    1.130    0.085    10.0%     0.0%   0.0000   0.0008     0.0%
[STAGE-B]    364     1.3s    0.0944    95.0%    95.0%    99.1%       100%/0%/0%    1.126    0.074     5.0%     0.0%   0.0000 -3.90e-05     0.0%
[STAGE-B]    365     1.3s    0.1060    85.0%    85.0%    99.6%       100%/0%/0%    1.153    0.074    15.0%     0.0%   0.0000   0.0015     0.0%
[STAGE-B]    366     1.2s    0.0746    80.0%    80.0%    98.3%       100%/0%/0%    1.100    0.088    20.0%     0.0%   0.0000   0.0005     0.0%
[STAGE-B]    367     1.2s    0.1147    90.0%    90.0%    99.6%       100%/0%/0%    1.189    0.093    10.0%     0.0%   0.0000  -0.0002     0.0%
[STAGE-B]    368     1.3s    0.1093    90.0%    90.0%   100.0%       100%/0%/0%    1.165    0.069    10.0%     0.0%   0.0000   0.0009     0.0%
[STAGE-B]    369     1.2s    0.1081    85.0%    85.0%    99.6%       100%/0%/0%    1.132    0.080    15.0%     0.0%   0.0000   0.0006     0.0%
[STAGE-B]    370     1.3s    0.0421    85.0%    85.0%   100.0%       100%/0%/0%    1.255    0.090    15.0%     0.0%   0.0000   0.0008     0.0%
[STAGE-B]   [MA20] reward=0.0857 task_sr=87.8% miss=12.3% time_limit=0.0% v2v=0.0%
[STAGE-B]   [PPO ] p_loss=-0.0055 v_loss=1.4222 entropy=0.0000 grad=2.3225 active=78.4%
[STAGE-B]   [SIM ] avg_power(a)=0.6099 rsu_q=0.000 tx=0 no_tx=251 deadlock=0 svc=0.000GHz idle=100.0%
[STAGE-B]   [CMDP] lambda(E/I/R)=(0.000/0.072/0.000) cost(E/I/R)=(0.000/0.000/0.002)
[STAGE-B]    371     1.4s    0.0741    85.0%    85.0%    99.6%       100%/0%/0%    1.179    0.075    15.0%     0.0%   0.0000  -0.0003     0.0%
[STAGE-B]    372     1.3s    0.0385    85.0%    85.0%    99.6%       100%/0%/0%    1.232    0.101    15.0%     0.0%   0.0000   0.0002     0.0%
[STAGE-B]    373     1.4s    0.0614    85.0%    85.0%    98.8%       100%/0%/0%    1.267    0.106    15.0%     0.0%   0.0000  -0.0001     0.0%
[STAGE-B]    374     1.2s    0.0985    90.0%    90.0%   100.0%       100%/0%/0%    1.210    0.086    10.0%     0.0%   0.0000 3.48e-05     0.0%
[STAGE-B]    375     1.3s    0.0912    95.0%    95.0%    99.6%       100%/0%/0%    1.179    0.081     5.0%     0.0%   0.0000   0.0008     0.0%
[STAGE-B]    376     1.3s    0.0852    85.0%    85.0%    98.8%       100%/0%/0%    1.153    0.061    15.0%     0.0%   0.0000  -0.0001     0.0%
[STAGE-B]    377     1.3s    0.0678    75.0%    75.0%    98.8%       100%/0%/0%    1.211    0.070    25.0%     0.0%   0.0000  -0.0004     0.0%
[STAGE-B]    378     1.2s    0.0919    85.0%    85.0%    99.2%       100%/0%/0%    1.183    0.069    15.0%     0.0%   0.0000   0.0003     0.0%
[STAGE-B]    379     1.3s    0.0695    75.0%    75.0%    99.6%       100%/0%/0%    1.216    0.087    25.0%     0.0%   0.0000  -0.0008     0.0%
[STAGE-B]    380     1.2s    0.0812    90.0%    90.0%    99.2%       100%/0%/0%    1.179    0.070    10.0%     0.0%   0.0000   0.0009     0.0%
[STAGE-B]   [MA20] reward=0.0839 task_sr=86.2% miss=13.8% time_limit=0.0% v2v=0.0%
[STAGE-B]   [PPO ] p_loss=-0.0104 v_loss=1.6392 entropy=0.0000 grad=6.6465 active=73.8%
[STAGE-B]   [SIM ] avg_power(a)=0.6730 rsu_q=0.000 tx=0 no_tx=236 deadlock=0 svc=0.000GHz idle=100.0%
[STAGE-B]   [CMDP] lambda(E/I/R)=(0.000/0.056/0.000) cost(E/I/R)=(0.000/0.000/0.000)
[STAGE-B] 
[STAGE-B]     Ep    Wall    R/step     T_SR     V_SR     S_SR            L/R/V   Lat(s)       En     Miss      Ill      Ent       KL     Clip
[STAGE-B] --------------------------------------------------------------------------------------------------------------------------------
[STAGE-B]    381     1.3s    0.0504    85.0%    85.0%    98.8%       100%/0%/0%    1.206    0.070    15.0%     0.0%   0.0000 -2.01e-05     0.0%
[STAGE-B]    382     1.2s    0.0905    95.0%    95.0%   100.0%       100%/0%/0%    1.170    0.071     5.0%     0.0%   0.0000 7.45e-05     0.0%
[STAGE-B]    383     1.2s    0.1142    85.0%    85.0%    98.7%       100%/0%/0%    1.094    0.064    15.0%     0.0%   0.0000  -0.0009     0.0%
[STAGE-B]    384     1.3s    0.0775    85.0%    85.0%    99.2%       100%/0%/0%    1.167    0.080    15.0%     0.0%   0.0000   0.0007     0.0%
[STAGE-B]    385     1.3s    0.0791    90.0%    90.0%    99.6%       100%/0%/0%    1.147    0.085    10.0%     0.0%   0.0000  -0.0008     0.0%
[STAGE-B]    386     1.3s    0.0731    90.0%    90.0%    98.3%       100%/0%/0%    1.156    0.083    10.0%     0.0%   0.0000  -0.0006     0.0%
[STAGE-B]    387     1.2s    0.0764    80.0%    80.0%    98.3%       100%/0%/0%    1.112    0.088    20.0%     0.0%   0.0000   0.0007     0.0%
[STAGE-B]    388     1.1s    0.0858    95.0%    95.0%   100.0%       100%/0%/0%    1.115    0.082     5.0%     0.0%   0.0000   0.0007     0.0%
[STAGE-B]    389     1.3s    0.0784    85.0%    85.0%    99.6%       100%/0%/0%    1.200    0.083    15.0%     0.0%   0.0000   0.0002     0.0%
[STAGE-B]    390     1.3s    0.0524    90.0%    90.0%    99.6%       100%/0%/0%    1.279    0.071    10.0%     0.0%   0.0000  -0.0011     0.0%
[STAGE-B]   [MA20] reward=0.0769 task_sr=86.5% miss=13.5% time_limit=0.0% v2v=0.0%
[STAGE-B]   [PPO ] p_loss=-0.0231 v_loss=0.8692 entropy=0.0000 grad=15.8413 active=80.6%
[STAGE-B]   [SIM ] avg_power(a)=0.6288 rsu_q=0.000 tx=0 no_tx=258 deadlock=0 svc=0.000GHz idle=100.0%
[STAGE-B]   [CMDP] lambda(E/I/R)=(0.000/0.040/0.000) cost(E/I/R)=(0.000/0.000/0.000)
[STAGE-B]    391     1.3s    0.1053    95.0%    95.0%   100.0%       100%/0%/0%    1.200    0.064     5.0%     0.0%   0.0000   0.0010     0.0%
[STAGE-B]    392     1.2s    0.1078    90.0%    90.0%   100.0%       100%/0%/0%    1.155    0.075    10.0%     0.0%   0.0000   0.0004     0.0%
[STAGE-B]    393     1.3s    0.0485    75.0%    75.0%    98.0%       100%/0%/0%    1.206    0.085    25.0%     0.0%   0.0000   0.0007     0.0%
[STAGE-B]    394     1.3s    0.0922    90.0%    90.0%   100.0%       100%/0%/0%    1.210    0.063    10.0%     0.0%   0.0000   0.0006     0.0%
[STAGE-B]    395     1.3s    0.0782    95.0%    95.0%   100.0%       100%/0%/0%    1.240    0.090     5.0%     0.0%   0.0000  -0.0001     0.0%
[STAGE-B]    396     1.2s    0.1505   100.0%   100.0%   100.0%       100%/0%/0%    1.090    0.068     0.0%     0.0%   0.0000   0.0001     0.0%
[STAGE-B]    397     1.3s    0.0999    80.0%    80.0%    99.6%       100%/0%/0%    1.200    0.086    20.0%     0.0%   0.0000   0.0008     0.0%
[STAGE-B]    398     1.3s    0.0881    85.0%    85.0%    99.1%       100%/0%/0%    1.139    0.064    15.0%     0.0%   0.0000  -0.0005     0.0%
[STAGE-B]    399     1.2s    0.0692    90.0%    90.0%    99.2%       100%/0%/0%    1.195    0.092    10.0%     0.0%   0.0000  -0.0005     0.0%
[STAGE-B]    400     1.2s    0.1093    90.0%    90.0%    98.8%       100%/0%/0%    1.205    0.069    10.0%     0.0%   0.0000   0.0008     0.0%
[STAGE-B]   [MA20] reward=0.0863 task_sr=88.5% miss=11.5% time_limit=0.0% v2v=0.0%
[STAGE-B]   [PPO ] p_loss=0.0023 v_loss=1.0298 entropy=0.0000 grad=15.6636 active=80.7%
[STAGE-B]   [SIM ] avg_power(a)=0.6347 rsu_q=0.000 tx=0 no_tx=242 deadlock=0 svc=0.000GHz idle=100.0%
[STAGE-B]   [CMDP] lambda(E/I/R)=(0.000/0.024/0.000) cost(E/I/R)=(0.000/0.000/0.000)
[STAGE-B] 
[STAGE-B]     Ep    Wall    R/step     T_SR     V_SR     S_SR            L/R/V   Lat(s)       En     Miss      Ill      Ent       KL     Clip
[STAGE-B] --------------------------------------------------------------------------------------------------------------------------------
[STAGE-B]    401     1.2s    0.0812   100.0%   100.0%   100.0%       100%/0%/0%    1.200    0.098     0.0%     0.0%   0.0000   0.0015     0.2%
[STAGE-B]    402     1.3s    0.0727    80.0%    80.0%    98.8%       100%/0%/0%    1.232    0.089    20.0%     0.0%   0.0000   0.0011     0.0%
[STAGE-B]    403     1.3s    0.0767    80.0%    80.0%    97.7%       100%/0%/0%    1.265    0.085    20.0%     0.0%   0.0000   0.0006     0.0%
[STAGE-B]    404     1.3s    0.0932    95.0%    95.0%    99.6%       100%/0%/0%    1.179    0.081     5.0%     0.0%   0.0000  -0.0003     0.0%
[STAGE-B]    405     1.3s    0.0651    90.0%    90.0%    99.6%       100%/0%/0%    1.179    0.088    10.0%     0.0%   0.0000  -0.0005     0.0%
[STAGE-B]    406     1.3s    0.1093    90.0%    90.0%   100.0%       100%/0%/0%    1.155    0.070    10.0%     0.0%   0.0000   0.0046     0.5%
[STAGE-B]    407     1.1s    0.1077    95.0%    95.0%   100.0%       100%/0%/0%    1.150    0.089     5.0%     0.0%   0.0000   0.0007     0.0%
[STAGE-B]    408     1.3s    0.0560    75.0%    75.0%    99.2%       100%/0%/0%    1.267    0.087    25.0%     0.0%   0.0000   0.0002     0.0%
[STAGE-B]    409     1.3s    0.0409    85.0%    85.0%   100.0%       100%/0%/0%    1.270    0.070    15.0%     0.0%   0.0000  -0.0002     0.0%
[STAGE-B]    410     1.2s    0.0676    80.0%    80.0%    97.9%       100%/0%/0%    1.172    0.074    20.0%     0.0%   0.0000  -0.0003     0.0%
[STAGE-B]   [MA20] reward=0.0860 task_sr=88.0% miss=12.0% time_limit=0.0% v2v=0.0%
[STAGE-B]   [PPO ] p_loss=0.0175 v_loss=1.2891 entropy=0.0000 grad=9.9554 active=73.4%
[STAGE-B]   [SIM ] avg_power(a)=0.6476 rsu_q=0.000 tx=0 no_tx=235 deadlock=0 svc=0.000GHz idle=100.0%
[STAGE-B]   [CMDP] lambda(E/I/R)=(0.000/0.008/0.000) cost(E/I/R)=(0.000/0.000/0.000)
[STAGE-B]    411     1.4s    0.0419    80.0%    80.0%    99.6%       100%/0%/0%    1.295    0.080    20.0%     0.0%   0.0000   0.0009     0.0%
[STAGE-B]    412     1.2s    0.0900    75.0%    75.0%    98.7%       100%/0%/0%    1.139    0.060    25.0%     0.0%   0.0000   0.0015     0.0%
[STAGE-B]    413     1.2s    0.0957    95.0%    95.0%   100.0%       100%/0%/0%    1.150    0.077     5.0%     0.0%   0.0000   0.0009     0.0%
[STAGE-B]    414     1.3s    0.0864    85.0%    85.0%    98.7%       100%/0%/0%    1.088    0.077    15.0%     0.0%   0.0000  -0.0004     0.0%
[STAGE-B]    415     1.2s    0.1064   100.0%   100.0%   100.0%       100%/0%/0%    1.150    0.067     0.0%     0.0%   0.0000   0.0006     0.0%
[STAGE-B]    416     1.3s    0.0895    90.0%    90.0%    99.6%       100%/0%/0%    1.189    0.062    10.0%     0.0%   0.0000   0.0007     0.0%
[STAGE-B]    417     1.2s    0.0703    90.0%    90.0%    99.2%       100%/0%/0%    1.195    0.064    10.0%     0.0%   0.0000 6.16e-05     0.0%
[STAGE-B]    418     1.2s    0.1027    85.0%    85.0%    99.1%       100%/0%/0%    1.128    0.060    15.0%     0.0%   0.0000   0.0013     0.0%
[STAGE-B]    419     1.2s    0.1286   100.0%   100.0%   100.0%       100%/0%/0%    1.110    0.074     0.0%     0.0%   0.0000   0.0008     0.0%
[STAGE-B]    420     1.2s    0.0806    90.0%    90.0%   100.0%       100%/0%/0%    1.195    0.091    10.0%     0.0%   0.0000   0.0005     0.0%
[STAGE-B]   [MA20] reward=0.0831 task_sr=88.0% miss=12.0% time_limit=0.0% v2v=0.0%
[STAGE-B]   [PPO ] p_loss=0.0123 v_loss=0.8677 entropy=0.0000 grad=36.9221 active=74.7%
[STAGE-B]   [SIM ] avg_power(a)=0.6582 rsu_q=0.000 tx=0 no_tx=239 deadlock=0 svc=0.000GHz idle=100.0%
[STAGE-B]   [CMDP] lambda(E/I/R)=(0.000/0.000/0.000) cost(E/I/R)=(0.000/0.000/0.000)
[STAGE-B] 
[STAGE-B]     Ep    Wall    R/step     T_SR     V_SR     S_SR            L/R/V   Lat(s)       En     Miss      Ill      Ent       KL     Clip
[STAGE-B] --------------------------------------------------------------------------------------------------------------------------------
[STAGE-B]    421     1.3s    0.0752    95.0%    95.0%    99.6%       100%/0%/0%    1.237    0.066     5.0%     0.0%   0.0000   0.0003     0.0%
[STAGE-B]    422     1.3s    0.0687    95.0%    95.0%    98.8%       100%/0%/0%    1.200    0.076     5.0%     0.0%   0.0000   0.0004     0.0%
[STAGE-B]    423     1.3s    0.0658    80.0%    80.0%    99.6%       100%/0%/0%    1.253    0.100    20.0%     0.0%   0.0000  -0.0015     0.3%
[STAGE-B]    424     1.2s    0.1243    90.0%    90.0%    99.6%       100%/0%/0%    1.137    0.095    10.0%     0.0%   0.0000   0.0005     0.4%
[STAGE-B]    425     1.3s    0.0944    95.0%    95.0%   100.0%       100%/0%/0%    1.190    0.073     5.0%     0.0%   0.0000   0.0004     0.0%
[STAGE-B]    426     1.3s    0.0742    85.0%    85.0%    99.2%       100%/0%/0%    1.226    0.066    15.0%     0.0%   0.0000   0.0017     0.0%
[STAGE-B]    427     1.2s    0.0841    80.0%    80.0%    99.2%       100%/0%/0%    1.178    0.081    20.0%     0.0%   0.0000 -9.11e-05     0.0%
[STAGE-B]    428     1.3s    0.0873    95.0%    95.0%    98.8%       100%/0%/0%    1.179    0.092     5.0%     0.0%   0.0000  -0.0010     0.0%
[STAGE-B]    429     1.3s    0.0714    95.0%    95.0%    98.8%       100%/0%/0%    1.268    0.072     5.0%     0.0%   0.0000   0.0009     0.0%
[STAGE-B]    430     1.3s    0.0865    80.0%    80.0%    98.7%       100%/0%/0%    1.147    0.069    20.0%     0.0%   0.0000   0.0045     0.3%
[STAGE-B]   [MA20] reward=0.0862 task_sr=89.0% miss=11.0% time_limit=0.0% v2v=0.0%
[STAGE-B]   [PPO ] p_loss=0.0049 v_loss=0.7003 entropy=0.0000 grad=15.0060 active=73.8%
[STAGE-B]   [SIM ] avg_power(a)=0.6568 rsu_q=0.000 tx=0 no_tx=235 deadlock=0 svc=10.162GHz idle=93.8%
[STAGE-B]   [CMDP] lambda(E/I/R)=(0.000/0.000/0.000) cost(E/I/R)=(0.000/0.000/0.002)
[STAGE-B]    431     1.3s    0.1209    95.0%    95.0%   100.0%       100%/0%/0%    1.155    0.066     5.0%     0.0%   0.0000   0.0003     0.0%
[STAGE-B]    432     1.3s    0.0851    90.0%    90.0%   100.0%       100%/0%/0%    1.195    0.058    10.0%     0.0%   0.0000   0.0012     0.0%
[STAGE-B]    433     1.3s    0.0772    95.0%    95.0%   100.0%       100%/0%/0%    1.205    0.088     5.0%     0.0%   0.0000   0.0060     0.4%
[STAGE-B]    434     1.3s    0.1006    95.0%    95.0%   100.0%       100%/0%/0%    1.215    0.077     5.0%     0.0%   0.0000 -2.16e-05     0.0%
[STAGE-B]    435     1.3s    0.0712    85.0%    85.0%    98.4%       100%/0%/0%    1.247    0.083    15.0%     0.0%   0.0000 -8.59e-05     0.0%
[STAGE-B]    436     1.3s    0.1323    90.0%    90.0%   100.0%       100%/0%/0%    1.195    0.057    10.0%     0.0%   0.0000   0.0003     0.0%
[STAGE-B]    437     1.4s    0.0425    90.0%    90.0%   100.0%       100%/0%/0%    1.340    0.082    10.0%     0.0%   0.0000   0.0007     0.0%
[STAGE-B]    438     1.3s    0.0413    85.0%    85.0%    98.8%       100%/0%/0%    1.284    0.088    15.0%     0.0%   0.0000   0.0006     0.0%
[STAGE-B]    439     1.4s    0.0252    80.0%    80.0%    99.3%       100%/0%/0%    1.311    0.089    20.0%     0.0%   0.0000  -0.0010     0.0%
[STAGE-B]    440     1.4s    0.0406    90.0%    90.0%   100.0%        99%/0%/1%    1.270    0.077    10.0%     0.0%   0.0000   0.0049     0.5%
[STAGE-B]   [MA20] reward=0.0784 task_sr=89.2% miss=10.8% time_limit=0.0% v2v=0.1%
[STAGE-B]   [PPO ] p_loss=0.0185 v_loss=0.8388 entropy=0.0000 grad=12.1288 active=74.7%
[STAGE-B]   [SIM ] avg_power(a)=0.6439 rsu_q=0.000 tx=1 no_tx=252 deadlock=0 svc=0.000GHz idle=100.0%
[STAGE-B]   [CMDP] lambda(E/I/R)=(0.000/0.000/0.000) cost(E/I/R)=(0.000/0.000/0.003)
[STAGE-B] 
[STAGE-B]     Ep    Wall    R/step     T_SR     V_SR     S_SR            L/R/V   Lat(s)       En     Miss      Ill      Ent       KL     Clip
[STAGE-B] --------------------------------------------------------------------------------------------------------------------------------
[STAGE-B]    441     1.2s    0.0780    75.0%    75.0%    99.2%       100%/0%/0%    1.167    0.091    25.0%     0.0%   0.0000  -0.0005     0.0%
[STAGE-B]    442     1.3s    0.0631    75.0%    75.0%    99.2%       100%/0%/0%    1.242    0.097    25.0%     0.0%   0.0000  -0.0003     0.0%
[STAGE-B]    443     1.2s    0.1025    95.0%    95.0%    99.6%       100%/0%/0%    1.189    0.083     5.0%     0.0%   0.0000  -0.0006     0.1%
[STAGE-B]    444     1.2s    0.1130    95.0%    95.0%   100.0%       100%/0%/0%    1.130    0.086     5.0%     0.0%   0.0000 -4.40e-05     0.0%
[STAGE-B]    445     1.1s    0.0978    95.0%    95.0%    99.5%       100%/0%/0%    1.068    0.063     5.0%     0.0%   0.0000   0.0011     0.1%
[STAGE-B]    446     1.2s    0.1084    90.0%    90.0%   100.0%       100%/0%/0%    1.175    0.050    10.0%     0.0%   0.0000  -0.0001     0.0%
[STAGE-B]    447     1.3s    0.0974    85.0%    85.0%   100.0%       100%/0%/0%    1.195    0.081    15.0%     0.0%   0.0000  -0.0001     0.1%
[STAGE-B]    448     1.3s    0.0771    90.0%    90.0%    99.6%       100%/0%/0%    1.253    0.056    10.0%     0.0%   0.0000   0.0036     0.2%
[STAGE-B]    449     1.2s    0.0640    80.0%    80.0%    99.1%       100%/0%/0%    1.128    0.069    20.0%     0.0%   0.0000   0.0008     0.0%
[STAGE-B]    450     1.3s    0.0621    80.0%    80.0%    98.4%       100%/0%/0%    1.206    0.072    20.0%     0.0%   0.0000   0.0009     0.0%
[STAGE-B]   [MA20] reward=0.0800 task_sr=87.8% miss=12.3% time_limit=0.0% v2v=0.1%
[STAGE-B]   [PPO ] p_loss=-0.0234 v_loss=0.8248 entropy=0.0000 grad=13.1119 active=77.5%
[STAGE-B]   [SIM ] avg_power(a)=0.6500 rsu_q=0.000 tx=0 no_tx=248 deadlock=0 svc=0.000GHz idle=100.0%
[STAGE-B]   [CMDP] lambda(E/I/R)=(0.000/0.000/0.000) cost(E/I/R)=(0.000/0.000/0.000)
[STAGE-B]    451     1.2s    0.0976    90.0%    90.0%    99.5%       100%/0%/0%    1.095    0.066    10.0%     0.0%   0.0000   0.0013     0.0%
[STAGE-B]    452     1.2s    0.1154    95.0%    95.0%   100.0%       100%/0%/0%    1.110    0.088     5.0%     0.0%   0.0000   0.0023     0.1%
[STAGE-B]    453     1.3s    0.0691    70.0%    70.0%    97.6%       100%/0%/0%    1.188    0.090    30.0%     0.0%   0.0000  -0.0017     0.0%
[STAGE-B]    454     1.0s    0.1498    95.0%    95.0%    99.5%       100%/0%/0%    1.005    0.087     5.0%     0.0%   0.0000  -0.0029     0.3%
[STAGE-B]    455     1.3s    0.0825    90.0%    90.0%    99.6%       100%/0%/0%    1.226    0.060    10.0%     0.0%   0.0000   0.0031     0.3%
[STAGE-B]    456     1.4s    0.0620    75.0%    75.0%    98.8%       100%/0%/0%    1.233    0.072    25.0%     0.0%   0.0000   0.0018     0.3%
[STAGE-B]    457     1.4s    0.0513    85.0%    85.0%    98.8%       100%/0%/0%    1.267    0.097    15.0%     0.0%   0.0000  -0.0013     0.0%
[STAGE-B]    458     1.2s    0.1071   100.0%   100.0%   100.0%       100%/0%/0%    1.145    0.067     0.0%     0.0%   0.0000 -2.09e-05     0.1%
[STAGE-B]    459     1.3s    0.0575    90.0%    90.0%    99.6%       100%/0%/0%    1.237    0.092    10.0%     0.0%   0.0000  -0.0002     0.0%
[STAGE-B]    460     1.3s    0.0892    85.0%    85.0%    99.2%       100%/0%/0%    1.244    0.067    15.0%     0.0%   0.0000   0.0023     0.0%
[STAGE-B]   [MA20] reward=0.0872 task_sr=86.8% miss=13.2% time_limit=0.0% v2v=0.0%
[STAGE-B]   [PPO ] p_loss=-0.0064 v_loss=0.9446 entropy=0.0000 grad=9.8932 active=78.4%
[STAGE-B]   [SIM ] avg_power(a)=0.6629 rsu_q=0.000 tx=0 no_tx=251 deadlock=0 svc=0.000GHz idle=100.0%
[STAGE-B]   [CMDP] lambda(E/I/R)=(0.000/0.000/0.000) cost(E/I/R)=(0.000/0.000/0.000)
[STAGE-B] 
[STAGE-B]     Ep    Wall    R/step     T_SR     V_SR     S_SR            L/R/V   Lat(s)       En     Miss      Ill      Ent       KL     Clip
[STAGE-B] --------------------------------------------------------------------------------------------------------------------------------
[STAGE-B]    461     1.3s    0.0419    75.0%    75.0%    99.2%       100%/0%/0%    1.242    0.095    25.0%     0.0%   0.0000  -0.0013     0.0%
[STAGE-B]    462     1.3s    0.0425    85.0%    85.0%    98.4%       100%/0%/0%    1.218    0.084    15.0%     0.0%   0.0000   0.0034     0.3%
[STAGE-B]    463     1.2s    0.0976    90.0%    90.0%    99.6%       100%/0%/0%    1.163    0.074    10.0%     0.0%   0.0000   0.0015     0.2%
[STAGE-B]    464     1.3s    0.0743    80.0%    80.0%    99.6%       100%/0%/0%    1.184    0.092    20.0%     0.0%   0.0000  -0.0003     0.0%
[STAGE-B]    465     1.2s    0.1307    90.0%    90.0%    99.1%       100%/0%/0%    1.121    0.075    10.0%     0.0%   0.0000   0.0020     0.5%
[STAGE-B]    466     1.2s    0.1020    95.0%    95.0%    99.6%       100%/0%/0%    1.142    0.081     5.0%     0.0%   0.0000   0.0012     0.1%
[STAGE-B]    467     1.3s    0.0765    80.0%    80.0%    98.8%       100%/0%/0%    1.217    0.082    20.0%     0.0%   0.0000   0.0008     0.3%
[STAGE-B]    468     1.3s    0.0906    95.0%    95.0%    99.6%       100%/0%/0%    1.195    0.085     5.0%     0.0%   0.0000  -0.0008     0.3%
[STAGE-B]    469     1.2s    0.1377    90.0%    90.0%   100.0%       100%/0%/0%    1.125    0.092    10.0%     0.0%   0.0000  -0.0009     0.4%
[STAGE-B]    470     1.2s    0.1173    90.0%    90.0%   100.0%       100%/0%/0%    1.160    0.058    10.0%     0.0%   0.0000   0.0018     0.3%
[STAGE-B]   [MA20] reward=0.0896 task_sr=87.2% miss=12.8% time_limit=0.0% v2v=0.0%
[STAGE-B]   [PPO ] p_loss=0.0065 v_loss=0.8233 entropy=0.0000 grad=38.0891 active=72.5%
[STAGE-B]   [SIM ] avg_power(a)=0.6378 rsu_q=0.000 tx=0 no_tx=232 deadlock=0 svc=0.000GHz idle=100.0%
[STAGE-B]   [CMDP] lambda(E/I/R)=(0.000/0.000/0.000) cost(E/I/R)=(0.000/0.000/0.000)
[STAGE-B]    471     1.2s    0.0969   100.0%   100.0%   100.0%       100%/0%/0%    1.160    0.092     0.0%     0.0%   0.0000   0.0026     0.3%
[STAGE-B]    472     1.2s    0.0802    90.0%    90.0%    99.6%       100%/0%/0%    1.174    0.083    10.0%     0.0%   0.0000  -0.0011     0.2%
[STAGE-B]    473     1.2s    0.0746   100.0%   100.0%   100.0%       100%/0%/0%    1.140    0.069     0.0%     0.0%   0.0000   0.0033     0.7%
[STAGE-B]    474     1.3s    0.0673    95.0%    95.0%   100.0%       100%/0%/0%    1.245    0.071     5.0%     0.0%   0.0000   0.0002     0.2%
[STAGE-B]    475     1.5s    0.0866    85.0%    85.0%    99.2%       100%/0%/0%    1.268    0.085    15.0%     0.0%   0.0000  -0.0004     0.5%
[STAGE-B]    476     1.3s    0.0624    75.0%    75.0%    98.3%       100%/0%/0%    1.171    0.069    25.0%     0.0%   0.0000 8.76e-05     0.5%
[STAGE-B]    477     1.2s    0.0911    85.0%    85.0%    98.7%       100%/0%/0%    1.150    0.069    15.0%     0.0%   0.0000  -0.0016     0.3%
[STAGE-B]    478     1.3s    0.0643    70.0%    70.0%    99.6%       100%/0%/0%    1.242    0.086    30.0%     0.0%   0.0000   0.0016     0.2%
[STAGE-B]    479     1.2s    0.0965    95.0%    95.0%   100.0%       100%/0%/0%    1.100    0.067     5.0%     0.0%   0.0000   0.0034     0.1%
[STAGE-B]    480     1.2s    0.1555    95.0%    95.0%   100.0%       100%/0%/0%    1.025    0.063     5.0%     0.0%   0.0000  -0.0002     0.1%
[STAGE-B]   [MA20] reward=0.0893 task_sr=88.0% miss=12.0% time_limit=0.0% v2v=0.0%
[STAGE-B]   [PPO ] p_loss=-0.0148 v_loss=1.7989 entropy=0.0000 grad=45.5377 active=64.1%
[STAGE-B]   [SIM ] avg_power(a)=0.6355 rsu_q=0.000 tx=0 no_tx=205 deadlock=0 svc=0.000GHz idle=100.0%
[STAGE-B]   [CMDP] lambda(E/I/R)=(0.000/0.000/0.000) cost(E/I/R)=(0.000/0.000/0.000)
[STAGE-B] 
[STAGE-B]     Ep    Wall    R/step     T_SR     V_SR     S_SR            L/R/V   Lat(s)       En     Miss      Ill      Ent       KL     Clip
[STAGE-B] --------------------------------------------------------------------------------------------------------------------------------
[STAGE-B]    481     1.2s    0.1151   100.0%   100.0%   100.0%       100%/0%/0%    1.220    0.083     0.0%     0.0%   0.0000  -0.0007     0.0%
[STAGE-B]    482     1.2s    0.0793    85.0%    85.0%    99.2%       100%/0%/0%    1.168    0.078    15.0%     0.0%   0.0000   0.0004     0.3%
[STAGE-B]    483     1.2s    0.0850    75.0%    75.0%    98.7%       100%/0%/0%    1.163    0.076    25.0%     0.0%   0.0000   0.0043     0.5%
[STAGE-B]    484     1.3s    0.1051    95.0%    95.0%    99.6%       100%/0%/0%    1.221    0.077     5.0%     0.0%   0.0000  -0.0009     0.5%
[STAGE-B]    485     1.2s    0.1260    95.0%    95.0%   100.0%       100%/0%/0%    1.160    0.059     5.0%     0.0%   0.0000  -0.0002     0.1%
[STAGE-B]    486     1.3s    0.0909    95.0%    95.0%   100.0%       100%/0%/0%    1.240    0.081     5.0%     0.0%   0.0000  -0.0015     0.2%
[STAGE-B]    487     1.3s    0.0899    85.0%    85.0%    98.3%       100%/0%/0%    1.178    0.085    15.0%     0.0%   0.0000   0.0020     0.1%
[STAGE-B]    488     1.2s    0.1058    90.0%    90.0%   100.0%       100%/0%/0%    1.160    0.077    10.0%     0.0%   0.0000   0.0023     0.1%
[STAGE-B]    489     1.1s    0.1247    95.0%    95.0%    99.5%       100%/0%/0%    1.058    0.067     5.0%     0.0%   0.0000   0.0004     0.1%
[STAGE-B]    490     1.3s    0.0442    80.0%    80.0%    99.2%       100%/0%/0%    1.239    0.093    20.0%     0.0%   0.0000 2.95e-06     0.0%
[STAGE-B]   [MA20] reward=0.0921 task_sr=89.2% miss=10.8% time_limit=0.0% v2v=0.0%
[STAGE-B]   [PPO ] p_loss=-0.0163 v_loss=0.7756 entropy=0.0000 grad=16.7463 active=78.8%
[STAGE-B]   [SIM ] avg_power(a)=0.6298 rsu_q=0.000 tx=0 no_tx=252 deadlock=0 svc=0.000GHz idle=100.0%
[STAGE-B]   [CMDP] lambda(E/I/R)=(0.000/0.000/0.000) cost(E/I/R)=(0.000/0.000/0.000)
[STAGE-B]    491     1.3s    0.0728    85.0%    85.0%   100.0%       100%/0%/0%    1.165    0.066    15.0%     0.0%   0.0000  -0.0001     0.1%
[STAGE-B]    492     1.2s    0.0789    90.0%    90.0%    99.6%       100%/0%/0%    1.147    0.079    10.0%     0.0%   0.0000  -0.0023     0.2%
[STAGE-B]    493     1.3s    0.0332    80.0%    80.0%    98.4%       100%/0%/0%    1.253    0.075    20.0%     0.0%   0.0000   0.0013     0.0%
[STAGE-B]    494     1.3s    0.0689    90.0%    90.0%   100.0%       100%/0%/0%    1.180    0.075    10.0%     0.0%   0.0000   0.0014     0.3%
[STAGE-B]    495     1.3s    0.0624    85.0%    85.0%    99.6%       100%/0%/0%    1.205    0.084    15.0%     0.0%   0.0000   0.0017     0.0%
[STAGE-B]    496     1.3s    0.0865    90.0%    90.0%    99.6%       100%/0%/0%    1.216    0.098    10.0%     0.0%   0.0000  -0.0006     0.3%
[STAGE-B]    497     1.3s    0.0869   100.0%   100.0%   100.0%       100%/0%/0%    1.205    0.093     0.0%     0.0%   0.0000  -0.0009     0.1%
[STAGE-B]    498     1.3s    0.0800   100.0%   100.0%   100.0%       100%/0%/0%    1.255    0.084     0.0%     0.0%   0.0000   0.0020     0.1%
[STAGE-B]    499     1.4s    0.0770    80.0%    80.0%    97.9%       100%/0%/0%    1.178    0.062    20.0%     0.0%   0.0000   0.0077     0.7%
[STAGE-B]    500     1.1s    0.0786    85.0%    85.0%    98.8%       100%/0%/0%    1.167    0.089    15.0%     0.0%   0.0000  -0.0003     0.1%
[STAGE-B]   [MA20] reward=0.0846 task_sr=89.0% miss=11.0% time_limit=0.0% v2v=0.0%
[STAGE-B]   [PPO ] p_loss=0.0072 v_loss=0.6406 entropy=0.0000 grad=65.7072 active=79.3%
[STAGE-B]   [SIM ] avg_power(a)=0.6535 rsu_q=0.000 tx=0 no_tx=238 deadlock=0 svc=0.000GHz idle=100.0%
[STAGE-B]   [CMDP] lambda(E/I/R)=(0.000/0.000/0.000) cost(E/I/R)=(0.000/0.000/0.000)
[STAGE-B] 
[STAGE-B]     Ep    Wall    R/step     T_SR     V_SR     S_SR            L/R/V   Lat(s)       En     Miss      Ill      Ent       KL     Clip
[STAGE-B] --------------------------------------------------------------------------------------------------------------------------------
[STAGE-B]    501     1.1s    0.1099    90.0%    90.0%    99.6%       100%/0%/0%    1.105    0.076    10.0%     0.0%   0.0000   0.0008     0.3%
[STAGE-B]    502     1.4s    0.0888    95.0%    95.0%   100.0%       100%/0%/0%    1.165    0.075     5.0%     0.0%   0.0000  -0.0009     0.5%
[STAGE-B]    503     1.3s    0.0712    80.0%    80.0%    98.7%       100%/0%/0%    1.150    0.056    20.0%     0.0%   0.0000   0.0068     1.6%
[STAGE-B]    504     1.2s    0.1086    90.0%    90.0%   100.0%       100%/0%/0%    1.115    0.097    10.0%     0.0%   0.0000   0.0028     1.6%
[STAGE-B]    505     1.2s    0.0905    90.0%    90.0%    98.8%       100%/0%/0%    1.184    0.078    10.0%     0.0%   0.0000  -0.0004     1.3%
[STAGE-B]    506     1.3s    0.0964    85.0%    85.0%    99.2%       100%/0%/0%    1.206    0.093    15.0%     0.0%   0.0000   0.0006     0.7%
[STAGE-B]    507     1.3s    0.1025    95.0%    95.0%   100.0%       100%/0%/0%    1.160    0.064     5.0%     0.0%   0.0000   0.0005     1.4%
[STAGE-B]    508     1.2s    0.0971    90.0%    90.0%    99.6%       100%/0%/0%    1.126    0.087    10.0%     0.0%   0.0000   0.0045     1.0%
[STAGE-B]    509     1.3s    0.0660    80.0%    80.0%    99.2%       100%/0%/0%    1.247    0.084    20.0%     0.0%   0.0000   0.0022     0.6%
[STAGE-B]    510     1.4s    0.0245    80.0%    80.0%    98.8%       100%/0%/0%    1.272    0.095    20.0%     0.0%   0.0000   0.0024     1.2%
[STAGE-B]   [MA20] reward=0.0790 task_sr=88.0% miss=12.0% time_limit=0.0% v2v=0.0%
[STAGE-B]   [PPO ] p_loss=0.0026 v_loss=1.0898 entropy=0.0000 grad=54.0393 active=80.3%
[STAGE-B]   [SIM ] avg_power(a)=0.6487 rsu_q=0.000 tx=0 no_tx=257 deadlock=0 svc=0.000GHz idle=100.0%
[STAGE-B]   [CMDP] lambda(E/I/R)=(0.000/0.000/0.000) cost(E/I/R)=(0.000/0.000/0.000)
[STAGE-B]    511     1.3s    0.0710    80.0%    80.0%    99.6%       100%/0%/0%    1.221    0.075    20.0%     0.0%   0.0000   0.0006     0.9%
[STAGE-B]    512     1.3s    0.0865    85.0%    85.0%    99.6%       100%/0%/0%    1.184    0.073    15.0%     0.0%   0.0000  -0.0018     0.5%
[STAGE-B]    513     1.3s    0.0833    85.0%    85.0%    99.2%       100%/0%/0%    1.172    0.072    15.0%     0.0%   0.0000   0.0010     0.2%
[STAGE-B]    514     1.4s    0.0737    90.0%    90.0%    99.6%       100%/0%/0%    1.205    0.065    10.0%     0.0%   0.0000   0.0027     0.6%
[STAGE-B]    515     1.3s    0.0833    85.0%    85.0%    98.4%       100%/0%/0%    1.206    0.075    15.0%     0.0%   0.0000   0.0029     0.6%
[STAGE-B]    516     1.2s    0.1118    80.0%    80.0%    98.3%       100%/0%/0%    1.124    0.082    20.0%     0.0%   0.0000   0.0008     1.0%
[STAGE-B]    517     1.3s    0.0580    90.0%    90.0%    99.2%       100%/0%/0%    1.217    0.056    10.0%     0.0%   0.0000   0.0001     0.3%
[STAGE-B]    518     1.2s    0.0833    90.0%    90.0%   100.0%       100%/0%/0%    1.165    0.062    10.0%     0.0%   0.0000   0.0002     0.4%
[STAGE-B]    519     1.3s    0.0801    80.0%    80.0%    99.6%       100%/0%/0%    1.158    0.067    20.0%     0.0%   0.0000   0.0011     0.5%
[STAGE-B]    520     1.3s    0.1114    95.0%    95.0%    99.6%       100%/0%/0%    1.105    0.082     5.0%     0.0%   0.0000  -0.0005     0.8%
[STAGE-B]   [MA20] reward=0.0849 task_sr=86.8% miss=13.2% time_limit=0.0% v2v=0.0%
[STAGE-B]   [PPO ] p_loss=-0.0195 v_loss=0.8866 entropy=0.0000 grad=57.7863 active=70.0%
[STAGE-B]   [SIM ] avg_power(a)=0.6516 rsu_q=0.000 tx=0 no_tx=224 deadlock=0 svc=0.000GHz idle=100.0%
[STAGE-B]   [CMDP] lambda(E/I/R)=(0.000/0.000/0.000) cost(E/I/R)=(0.000/0.000/0.000)
[STAGE-B] 
[STAGE-B]     Ep    Wall    R/step     T_SR     V_SR     S_SR            L/R/V   Lat(s)       En     Miss      Ill      Ent       KL     Clip
[STAGE-B] --------------------------------------------------------------------------------------------------------------------------------
[STAGE-B]    521     1.3s    0.0393    75.0%    75.0%    98.5%       100%/0%/0%    1.306    0.096    25.0%     0.0%   0.0000  -0.0024     1.3%
[STAGE-B]    522     1.3s    0.0526    90.0%    90.0%   100.0%       100%/0%/0%    1.295    0.077    10.0%     0.0%   0.0000   0.0016     0.6%
[STAGE-B]    523     1.3s    0.0849   100.0%   100.0%   100.0%       100%/0%/0%    1.225    0.084     0.0%     0.0%   0.0000   0.0042     1.7%
[STAGE-B]    524     1.3s    0.0460    85.0%    85.0%    99.6%       100%/0%/0%    1.274    0.071    15.0%     0.0%   0.0000  -0.0053     1.5%
[STAGE-B]    525     1.3s    0.0780    90.0%    90.0%    98.8%       100%/0%/0%    1.194    0.079    10.0%     0.0%   0.0000   0.0071     0.7%
[STAGE-B]    526     1.3s    0.0840    85.0%    85.0%    99.2%       100%/0%/0%    1.167    0.095    15.0%     0.0%   0.0000   0.0045     0.7%
[STAGE-B]    527     1.3s    0.0478    65.0%    65.0%    98.8%       100%/0%/0%    1.278    0.092    35.0%     0.0%   0.0000  -0.0047     2.1%
[STAGE-B]    528     1.2s    0.1152    85.0%    85.0%   100.0%       100%/0%/0%    1.110    0.065    15.0%     0.0%   0.0000   0.0065     0.7%
[STAGE-B]    529     1.2s    0.1167    90.0%    90.0%   100.0%       100%/0%/0%    1.125    0.066    10.0%     0.0%   0.0000   0.0053     0.7%
[STAGE-B]    530     1.1s    0.1295    95.0%    95.0%   100.0%       100%/0%/0%    1.130    0.071     5.0%     0.0%   0.0000  -0.0004     0.7%
[STAGE-B]   [MA20] reward=0.0818 task_sr=86.0% miss=14.0% time_limit=0.0% v2v=0.0%
[STAGE-B]   [PPO ] p_loss=-0.0208 v_loss=0.8802 entropy=0.0000 grad=34.4167 active=75.3%
[STAGE-B]   [SIM ] avg_power(a)=0.6460 rsu_q=0.000 tx=0 no_tx=226 deadlock=0 svc=0.000GHz idle=100.0%
[STAGE-B]   [CMDP] lambda(E/I/R)=(0.000/0.000/0.000) cost(E/I/R)=(0.000/0.000/0.000)
[STAGE-B]    531     1.2s    0.0453    80.0%    80.0%    99.6%       100%/0%/0%    1.174    0.069    20.0%     0.0%   0.0000  -0.0029     0.2%
[STAGE-B]    532     1.2s    0.0914    90.0%    90.0%    99.1%       100%/0%/0%    1.117    0.087    10.0%     0.0%   0.0000   0.0030     0.0%
[STAGE-B]    533     1.2s    0.0713    80.0%    80.0%   100.0%       100%/0%/0%    1.210    0.078    20.0%     0.0%   0.0000  -0.0028     0.5%
[STAGE-B]    534     1.2s    0.1078    95.0%    95.0%   100.0%       100%/0%/0%    1.130    0.078     5.0%     0.0%   0.0000   0.0036     0.2%
[STAGE-B]    535     1.3s    0.0752    90.0%    90.0%    99.2%       100%/0%/0%    1.247    0.069    10.0%     0.0%   0.0000   0.0048     0.6%
[STAGE-B]    536     1.3s    0.0455    75.0%    75.0%    98.4%       100%/0%/0%    1.206    0.076    25.0%     0.0%   0.0000   0.0040     1.0%
[STAGE-B]    537     1.3s    0.1020   100.0%   100.0%   100.0%       100%/0%/0%    1.190    0.092     0.0%     0.0%   0.0000   0.0070     1.3%
[STAGE-B]    538     1.2s    0.1162    95.0%    95.0%   100.0%       100%/0%/0%    1.145    0.082     5.0%     0.0%   0.0000  -0.0019     1.6%
[STAGE-B]    539     1.2s    0.0986    95.0%    95.0%    98.6%       100%/0%/0%    1.089    0.076     5.0%     0.0%   0.0000   0.0002     2.0%
[STAGE-B]    540     1.2s    0.0917    85.0%    85.0%    99.6%       100%/0%/0%    1.153    0.101    15.0%     0.0%   0.0000  -0.0025     1.2%
[STAGE-B]   [MA20] reward=0.0820 task_sr=87.2% miss=12.7% time_limit=0.0% v2v=0.0%
[STAGE-B]   [PPO ] p_loss=0.0081 v_loss=0.6553 entropy=0.0000 grad=58.6107 active=77.7%
[STAGE-B]   [SIM ] avg_power(a)=0.6281 rsu_q=0.000 tx=0 no_tx=233 deadlock=0 svc=0.000GHz idle=100.0%
[STAGE-B]   [CMDP] lambda(E/I/R)=(0.000/0.000/0.000) cost(E/I/R)=(0.000/0.000/0.000)
[STAGE-B] 
[STAGE-B]     Ep    Wall    R/step     T_SR     V_SR     S_SR            L/R/V   Lat(s)       En     Miss      Ill      Ent       KL     Clip
[STAGE-B] --------------------------------------------------------------------------------------------------------------------------------
[STAGE-B]    541     1.2s    0.0888    90.0%    90.0%    99.2%       100%/0%/0%    1.167    0.088    10.0%     0.0%   0.0000  -0.0003     1.5%
[STAGE-B]    542     1.3s    0.0738    75.0%    75.0%    99.6%       100%/0%/0%    1.295    0.092    25.0%     0.0%   0.0000  -0.0033     1.1%
[STAGE-B]    543     1.3s    0.1142   100.0%   100.0%   100.0%       100%/0%/0%    1.150    0.081     0.0%     0.0%   0.0000   0.0013     2.0%
[STAGE-B]    544     1.2s    0.1157    90.0%    90.0%    99.6%       100%/0%/0%    1.095    0.077    10.0%     0.0%   0.0000   0.0055     1.2%
[STAGE-B]    545     1.2s    0.0599    85.0%    85.0%   100.0%       100%/0%/0%    1.220    0.090    15.0%     0.0%   0.0000   0.0014     1.0%
[STAGE-B]    546     1.2s    0.0826    95.0%    95.0%    99.6%       100%/0%/0%    1.163    0.070     5.0%     0.0%   0.0000   0.0019     1.0%
[STAGE-B]    547     1.3s    0.0953    90.0%    90.0%    99.2%       100%/0%/0%    1.183    0.087    10.0%     0.0%   0.0000  -0.0007     1.1%
[STAGE-B]    548     1.3s    0.0633    85.0%    85.0%    99.6%       100%/0%/0%    1.205    0.096    15.0%     0.0%   0.0000   0.0017     1.1%
[STAGE-B]    549     1.2s    0.0635    95.0%    95.0%   100.0%       100%/0%/0%    1.175    0.072     5.0%     0.0%   0.0000   0.0043     1.2%
[STAGE-B]    550     1.2s    0.0899    85.0%    85.0%    98.7%       100%/0%/0%    1.163    0.092    15.0%     0.0%   0.0000   0.0021     0.2%
[STAGE-B]   [MA20] reward=0.0846 task_sr=88.8% miss=11.2% time_limit=0.0% v2v=0.0%
[STAGE-B]   [PPO ] p_loss=-0.0227 v_loss=0.7859 entropy=0.0000 grad=26.4782 active=73.1%
[STAGE-B]   [SIM ] avg_power(a)=0.6388 rsu_q=0.000 tx=0 no_tx=234 deadlock=0 svc=0.000GHz idle=100.0%
[STAGE-B]   [CMDP] lambda(E/I/R)=(0.000/0.000/0.000) cost(E/I/R)=(0.000/0.000/0.000)
[STAGE-B]    551     1.2s    0.0983    90.0%    90.0%   100.0%       100%/0%/0%    1.140    0.070    10.0%     0.0%   0.0000   0.0023     0.6%
[STAGE-B]    552     1.2s    0.0904    90.0%    90.0%   100.0%       100%/0%/0%    1.170    0.064    10.0%     0.0%   0.0000   0.0024     0.5%
[STAGE-B]    553     1.3s    0.0821    80.0%    80.0%    99.2%       100%/0%/0%    1.200    0.087    20.0%     0.0%   0.0000   0.0029     0.0%
[STAGE-B]    554     1.2s    0.1200    90.0%    90.0%    99.6%       100%/0%/0%    1.147    0.062    10.0%     0.0%   0.0000   0.0024     0.8%
[STAGE-B]    555     1.3s    0.1170    95.0%    95.0%   100.0%       100%/0%/0%    1.165    0.062     5.0%     0.0%   0.0000   0.0026     0.8%
[STAGE-B]    556     1.3s    0.0490    80.0%    80.0%    99.2%       100%/0%/0%    1.247    0.057    20.0%     0.0%   0.0000  -0.0027     1.1%
[STAGE-B]    557     1.2s    0.0678   100.0%   100.0%   100.0%       100%/0%/0%    1.215    0.083     0.0%     0.0%   0.0000  -0.0001     0.1%
[STAGE-B]    558     1.2s    0.0851    90.0%    90.0%    99.1%       100%/0%/0%    1.089    0.051    10.0%     0.0%   0.0000  -0.0002     0.9%
[STAGE-B]    559     1.3s    0.0720    80.0%    80.0%    99.6%       100%/0%/0%    1.216    0.068    20.0%     0.0%   0.0000   0.0020     0.1%
[STAGE-B]    560     1.4s    0.0329    80.0%    80.0%    99.6%       100%/0%/0%    1.289    0.065    20.0%     0.0%   0.0000   0.0089     0.6%
[STAGE-B]   [MA20] reward=0.0831 task_sr=88.2% miss=11.8% time_limit=0.0% v2v=0.1%
[STAGE-B]   [PPO ] p_loss=-0.0181 v_loss=0.8827 entropy=0.0000 grad=37.0107 active=81.2%
[STAGE-B]   [SIM ] avg_power(a)=0.6367 rsu_q=0.000 tx=0 no_tx=259 deadlock=0 svc=0.000GHz idle=100.0%
[STAGE-B]   [CMDP] lambda(E/I/R)=(0.000/0.000/0.000) cost(E/I/R)=(0.000/0.000/0.002)
[STAGE-B] 
[STAGE-B]     Ep    Wall    R/step     T_SR     V_SR     S_SR            L/R/V   Lat(s)       En     Miss      Ill      Ent       KL     Clip
[STAGE-B] --------------------------------------------------------------------------------------------------------------------------------
[STAGE-B]    561     1.2s    0.0831    85.0%    85.0%    99.6%       100%/0%/0%    1.205    0.073    15.0%     0.0%   0.0000  -0.0019     0.7%
[STAGE-B]    562     1.2s    0.1032    95.0%    95.0%    98.7%       100%/0%/0%    1.126    0.086     5.0%     0.0%   0.0000   0.0021     0.1%
[STAGE-B]    563     1.3s    0.0733    75.0%    75.0%    99.6%       100%/0%/0%    1.189    0.058    25.0%     0.0%   0.0000  -0.0015     0.2%
[STAGE-B]    564     1.3s    0.0736    85.0%    85.0%   100.0%       100%/0%/0%    1.300    0.103    15.0%     0.0%   0.0000   0.0002     0.1%
[STAGE-B]    565     1.1s    0.1170    85.0%    85.0%   100.0%       100%/0%/0%    1.095    0.060    15.0%     0.0%   0.0000  -0.0018     0.3%
[STAGE-B]    566     1.3s    0.0518    95.0%    95.0%   100.0%       100%/0%/0%    1.345    0.082     5.0%     0.0%   0.0000   0.0028     0.1%
[STAGE-B]    567     1.3s    0.1162    85.0%    85.0%    98.3%       100%/0%/0%    1.111    0.080    15.0%     0.0%   0.0000  -0.0025     0.7%
[STAGE-B]    568     1.1s    0.1122    80.0%    80.0%    98.3%       100%/0%/0%    1.142    0.065    20.0%     0.0%   0.0000   0.0026     0.3%
[STAGE-B]    569     1.3s    0.1015    85.0%    85.0%    99.5%       100%/0%/0%    1.068    0.065    15.0%     0.0%   0.0000   0.0037     1.0%
[STAGE-B]    570     1.3s    0.0879    80.0%    80.0%    98.7%       100%/0%/0%    1.161    0.091    20.0%     0.0%   0.0000   0.0034     0.7%
[STAGE-B]   [MA20] reward=0.0867 task_sr=86.2% miss=13.8% time_limit=0.0% v2v=0.0%
[STAGE-B]   [PPO ] p_loss=-0.0081 v_loss=0.7191 entropy=0.0000 grad=25.0344 active=78.7%
[STAGE-B]   [SIM ] avg_power(a)=0.6441 rsu_q=0.000 tx=0 no_tx=236 deadlock=0 svc=0.000GHz idle=100.0%
[STAGE-B]   [CMDP] lambda(E/I/R)=(0.000/0.000/0.000) cost(E/I/R)=(0.000/0.000/0.000)
[STAGE-B]    571     1.3s    0.0438   100.0%   100.0%   100.0%       100%/0%/0%    1.305    0.080     0.0%     0.0%   0.0000  -0.0019     0.4%
[STAGE-B]    572     1.2s    0.0698    95.0%    95.0%   100.0%       100%/0%/0%    1.205    0.082     5.0%     0.0%   0.0000   0.0003     0.4%
[STAGE-B]    573     1.3s    0.0827    80.0%    80.0%    99.1%       100%/0%/0%    1.139    0.075    20.0%     0.0%   0.0000   0.0037     0.3%
[STAGE-B]    574     1.3s    0.0737    75.0%    75.0%    98.4%       100%/0%/0%    1.224    0.089    25.0%     0.0%   0.0000  -0.0005     0.3%
[STAGE-B]    575     1.3s    0.0349    85.0%    85.0%   100.0%       100%/0%/0%    1.295    0.064    15.0%     0.0%   0.0000   0.0004     0.0%
[STAGE-B]    576     1.2s    0.1294   100.0%   100.0%   100.0%       100%/0%/0%    1.155    0.073     0.0%     0.0%   0.0000   0.0008     0.0%
[STAGE-B]    577     1.4s    0.1005    80.0%    80.0%    99.6%       100%/0%/0%    1.200    0.086    20.0%     0.0%   0.0000  -0.0021     0.0%
[STAGE-B]    578     1.2s    0.0960    90.0%    90.0%   100.0%       100%/0%/0%    1.170    0.070    10.0%     0.0%   0.0000  -0.0030     0.0%
[STAGE-B]    579     1.2s    0.1295    95.0%    95.0%    99.1%       100%/0%/0%    1.111    0.070     5.0%     0.0%   0.0000   0.0005     0.0%
[STAGE-B]    580     1.3s    0.0942    80.0%    80.0%   100.0%       100%/0%/0%    1.255    0.073    20.0%     0.0%   0.0000   0.0014     0.3%
[STAGE-B]   [MA20] reward=0.0887 task_sr=86.5% miss=13.5% time_limit=0.0% v2v=0.0%
[STAGE-B]   [PPO ] p_loss=0.0105 v_loss=0.7640 entropy=0.0000 grad=14.6417 active=78.4%
[STAGE-B]   [SIM ] avg_power(a)=0.6511 rsu_q=0.000 tx=0 no_tx=251 deadlock=0 svc=0.000GHz idle=100.0%
[STAGE-B]   [CMDP] lambda(E/I/R)=(0.000/0.000/0.000) cost(E/I/R)=(0.000/0.000/0.000)
[STAGE-B] 
[STAGE-B]     Ep    Wall    R/step     T_SR     V_SR     S_SR            L/R/V   Lat(s)       En     Miss      Ill      Ent       KL     Clip
[STAGE-B] --------------------------------------------------------------------------------------------------------------------------------
[STAGE-B]    581     1.3s    0.0901    90.0%    90.0%    99.2%       100%/0%/0%    1.216    0.085    10.0%     0.0%   0.0000  -0.0006     0.1%
[STAGE-B]    582     1.2s    0.0868    85.0%    85.0%    99.1%       100%/0%/0%    1.100    0.086    15.0%     0.0%   0.0000   0.0014     0.2%
[STAGE-B]    583     1.2s    0.0769    90.0%    90.0%   100.0%       100%/0%/0%    1.160    0.084    10.0%     0.0%   0.0000   0.0024     0.1%
[STAGE-B]    584     1.3s    0.0731    80.0%    80.0%    98.8%       100%/0%/0%    1.159    0.064    20.0%     0.0%   0.0000  -0.0003     0.1%
[STAGE-B]    585     1.3s    0.1074    85.0%    85.0%   100.0%       100%/0%/0%    1.160    0.094    15.0%     0.0%   0.0000  -0.0011     0.0%
[STAGE-B]    586     1.2s    0.0842    80.0%    80.0%    98.7%       100%/0%/0%    1.100    0.058    20.0%     0.0%   0.0000  -0.0011     0.4%
[STAGE-B]    587     1.1s    0.0951    90.0%    90.0%   100.0%       100%/0%/0%    1.115    0.073    10.0%     0.0%   0.0000   0.0008     0.3%
[STAGE-B]    588     1.2s    0.0819    90.0%    90.0%   100.0%       100%/0%/0%    1.165    0.074    10.0%     0.0%   0.0000   0.0021     0.3%
[STAGE-B]    589     1.3s    0.0706    80.0%    80.0%    98.0%       100%/0%/0%    1.182    0.072    20.0%     0.0%   0.0000  -0.0005     0.1%
[STAGE-B]    590     1.2s    0.0801    95.0%    95.0%    99.6%       100%/0%/0%    1.168    0.089     5.0%     0.0%   0.0000  -0.0011     0.4%
[STAGE-B]   [MA20] reward=0.0850 task_sr=87.2% miss=12.8% time_limit=0.0% v2v=0.0%
[STAGE-B]   [PPO ] p_loss=0.0077 v_loss=0.7265 entropy=0.0000 grad=31.2291 active=74.1%
[STAGE-B]   [SIM ] avg_power(a)=0.6365 rsu_q=0.000 tx=0 no_tx=237 deadlock=0 svc=0.000GHz idle=100.0%
[STAGE-B]   [CMDP] lambda(E/I/R)=(0.000/0.000/0.000) cost(E/I/R)=(0.000/0.000/0.000)
[STAGE-B]    591     1.3s    0.0750    95.0%    95.0%    99.6%       100%/0%/0%    1.205    0.080     5.0%     0.0%   0.0000  -0.0017     0.4%
[STAGE-B]    592     1.2s    0.1109    95.0%    95.0%    99.5%       100%/0%/0%    1.095    0.057     5.0%     0.0%   0.0000  -0.0031     1.1%
[STAGE-B]    593     1.3s    0.0692    90.0%    90.0%    99.2%       100%/0%/0%    1.211    0.056    10.0%     0.0%   0.0000   0.0002     0.0%
[STAGE-B]    594     1.3s    0.0774    80.0%    80.0%    98.8%       100%/0%/0%    1.232    0.070    20.0%     0.0%   0.0000 -5.06e-05     0.0%
[STAGE-B]    595     1.2s    0.1049    85.0%    85.0%    98.7%       100%/0%/0%    1.139    0.062    15.0%     0.0%   0.0000   0.0035     0.1%
[STAGE-B]    596     1.2s    0.1217    95.0%    95.0%    99.6%       100%/0%/0%    1.126    0.068     5.0%     0.0%   0.0000   0.0013     0.1%
[STAGE-B]    597     1.3s    0.0603    95.0%    95.0%   100.0%       100%/0%/0%    1.295    0.080     5.0%     0.0%   0.0000   0.0081     0.6%
[STAGE-B]    598     1.3s    0.0536    90.0%    90.0%    99.2%       100%/0%/0%    1.226    0.068    10.0%     0.0%   0.0000  -0.0005     0.2%
[STAGE-B]    599     1.3s    0.0972    95.0%    95.0%    98.8%       100%/0%/0%    1.189    0.085     5.0%     0.0%   0.0000  -0.0029     0.2%
[STAGE-B]    600     1.3s    0.0836    80.0%    80.0%    98.8%       100%/0%/0%    1.183    0.071    20.0%     0.0%   0.0000   0.0006     0.1%
[STAGE-B]   [MA20] reward=0.0850 task_sr=88.2% miss=11.8% time_limit=0.0% v2v=0.0%
[STAGE-B]   [PPO ] p_loss=0.0069 v_loss=0.7441 entropy=0.0000 grad=20.8221 active=74.4%
[STAGE-B]   [SIM ] avg_power(a)=0.6391 rsu_q=0.000 tx=0 no_tx=238 deadlock=0 svc=0.000GHz idle=100.0%
[STAGE-B]   [CMDP] lambda(E/I/R)=(0.000/0.000/0.000) cost(E/I/R)=(0.000/0.000/0.000)
[STAGE-B] 
[STAGE-B] [Train] completed: episodes=600 best_reward=2.4877 best_success_rate(50ep)=0.8900
[STAGE-B] [Train] key outputs: /root/vecOffloadingSim/runs/paper_stageB_seed42_20260217_183854/logs/metrics.csv, /root/vecOffloadingSim/runs/paper_stageB_seed42_20260217_183854/logs/training_stats.csv, /root/vecOffloadingSim/runs/paper_stageB_seed42_20260217_183854/models/best_model.pth
[STAGE-B] 
[STAGE-B] [Auto Plot] Generating training plots...
[STAGE-B] [DataRecorder] Training stats plots saved to: /root/vecOffloadingSim/runs/paper_stageB_seed42_20260217_183854/plots
[STAGE-B] [Auto Plot] plot_results.py ...
[STAGE-B] [Auto Plot] ✓ Saved: fig_latency_with_baselines.png | ✓ Saved: fig_summary_dashboard.png | ✓ All plots saved to: /root/vecOffloadingSim/runs/paper_stageB_seed42_20260217_183854/plots
[STAGE-B] [Auto Plot] plot_results.py done in 11.1s
[STAGE-B] [Auto Plot] generate_all_plots.py ...
[STAGE-B] [Auto Plot] ⚠ No baseline data found, skipping baseline comparison plot | ✓ All plots saved to: /root/vecOffloadingSim/runs/paper_stageB_seed42_20260217_183854/plots |   Total plots: 8
[STAGE-B] [Auto Plot] generate_all_plots.py done in 6.5s
[STAGE-B] [DataRecorder] All plots generated in: /root/vecOffloadingSim/runs/paper_stageB_seed42_20260217_183854/plots
[STAGE-B] [Auto Plot] jobs: ok=4 skipped=1 failed=0
[STAGE-B] [Auto Plot] generated figures: 34
[STAGE-B] [Auto Plot] sample: bias_annealing.png, cpu_efficiency.png, episode_duration.png, fig_constraint_health.png, fig_convergence_analysis.png, fig_convergence_baseline.png, fig_decision_distribution.png, fig_latency_with_baselines.png
[STAGE-B] [Auto Plot] manifest: /root/vecOffloadingSim/runs/paper_stageB_seed42_20260217_183854/plots/plot_manifest.json
