[ConfigEffective] USE_SIMPLIFIED_CRITIC=False COMMWAIT_DIRECT_TO_CRITIC=True USE_LOGIT_BIAS=True USE_FIXED_POWER=False CTDE_GLOBAL_DIM=30 GLOBAL_STATE_SOURCE=train_ctde_override
[ScaleCheck] UNIFIED cap: step<=~0.335 ep<=~67.0 term=24.0 ep/term=2.79 (Td_min=0.40s, DT=0.10s, i_cap=3, e_cap=1.5)
[ConfigDump] saved: /root/vecOffloadingSim/runs/mainline_train_1000ep_gpu_20260310_184319/config_dump.json
[ConfigSnapshot] saved: /root/vecOffloadingSim/runs/mainline_train_1000ep_gpu_20260310_184319/logs/config_snapshot.json
[RunMeta] saved: /root/vecOffloadingSim/runs/mainline_train_1000ep_gpu_20260310_184319/run_meta.json

======================================================================================================================
[Train] MAPPO VEC training started
======================================================================================================================
[Run] id=mainline_train_1000ep_gpu_20260310_184319 seed=42 device=cuda reward=UNIFIED candidate=ALL (all_feasible=True)
[Train] episodes=1000 steps/ep=200 eval_interval=1 save_interval=100 baseline_eval=off
[Scenario] vehicles=20 rsu=3 map=2000.0m lanes=2 v2v_range=250.0m rsu_range=350.0m
[Physics] BW_V2I=10.00MHz BW_V2V=20.00MHz RB=10 Ptx=[0.0200,0.1995]W (13.0,23.0 dBm) DT=0.100s
[ScaleCheck] UNIFIED nominal: E_loc=9J E_tx=0.00750952J r_time=-0.0035 r_energy=-0.0115039 r_interf=-0.03 (B_RB=2e+06Hz, SNR=20dB, dt=0.1, Td=10, rho=0.7)
[Compute] f_local=[0.50,2.00]GHz f_rsu=8.00GHz
[PPO] lr=2.00e-04 gamma=0.995 gae=0.950 clip=0.250 ent=0.012 batch=256 epochs=5 d_model=128 layers=2
[Logging] step_metrics=off step_logs=off tb_obs=on
[Paths] run=/root/vecOffloadingSim/runs/mainline_train_1000ep_gpu_20260310_184319
[Paths] logs=/root/vecOffloadingSim/runs/mainline_train_1000ep_gpu_20260310_184319/logs  models=/root/vecOffloadingSim/runs/mainline_train_1000ep_gpu_20260310_184319/models  plots=/root/vecOffloadingSim/runs/mainline_train_1000ep_gpu_20260310_184319/plots
======================================================================================================================


    Ep    Wall    R/step     T_SR     V_SR     S_SR            L/R/V   Lat(s)       En     Miss      Ill      Ent       KL     Clip
--------------------------------------------------------------------------------------------------------------------------------
     1    23.2s   -0.0009    15.0%    15.0%    60.5%      31%/37%/33%    1.904    0.005    85.0%     0.0%   1.8889   0.0063     9.0%
  [MA20] reward=-0.0009 task_sr=15.0% miss=85.0% time_limit=100.0% v2v=32.5%
  [PPO ] p_loss=-0.0092 v_loss=6.4038 entropy=1.8889 grad=9.5978 active=100.0%
  [SIM ] avg_power(a)=0.4986 rsu_q=0.155 tx=114 no_tx=52 deadlock=0 svc=2.675GHz idle=0.0%
  → Best model saved: Success Rate = 0.150 (50-ep avg)
     2    18.7s   -0.0006    15.0%    15.0%    67.7%      33%/39%/28%    2.072    0.004    80.0%     0.0%   1.7960   0.0076     4.9%
     3     9.1s   -0.0020    25.0%    25.0%    72.9%      40%/35%/25%    1.935    0.010    70.0%     0.0%   1.7130   0.0149     4.2%
     4    18.1s   -0.0005    30.0%    30.0%    69.8%      39%/40%/22%    1.988    0.003    70.0%     0.0%   1.6652   0.0136     3.4%
     5    17.0s   -0.0012     5.0%     5.0%    61.0%      37%/44%/19%    2.662    0.007    95.0%     0.0%   1.6517   0.0027     6.9%
     6    18.7s   -0.0008    20.0%    20.0%    67.6%      33%/48%/19%    2.313    0.010    80.0%     0.0%   1.6208   0.0072     4.1%
     7    16.0s   -0.0004    30.0%    30.0%    81.6%      33%/52%/15%    2.312    0.005    70.0%     0.0%   1.5900   0.0054     4.7%
     8    17.8s   -0.0011    10.0%    10.0%    71.2%      32%/49%/19%    1.727    0.005    85.0%     0.0%   1.6333   0.0120     3.4%
     9    17.9s   -0.0009    15.0%    15.0%    73.9%      25%/59%/17%    2.111    0.007    85.0%     0.0%   1.6051   0.0050     3.9%
    10    10.5s   -0.0006    35.0%    35.0%    81.9%      31%/59%/10%    2.070    0.019    65.0%     0.0%   1.4779   0.0120     4.7%
  [MA20] reward=-0.0009 task_sr=20.0% miss=78.5% time_limit=80.0% v2v=20.7%
  [PPO ] p_loss=-0.0012 v_loss=7.6099 entropy=1.4779 grad=19.6319 active=100.0%
  [SIM ] avg_power(a)=0.5000 rsu_q=0.740 tx=132 no_tx=60 deadlock=0 svc=6.629GHz idle=1.0%
    11    18.3s   -0.0011    10.0%    10.0%    68.4%      23%/63%/13%    2.081    0.011    90.0%     0.0%   1.4678   0.0037     4.0%
    12     6.5s   -0.0027    30.0%    30.0%    75.0%       32%/59%/9%    2.112    0.064    70.0%     0.0%   1.4896   0.0103     6.4%
    13    14.7s   -0.0000    45.0%    45.0%    86.1%      28%/62%/10%    2.320    0.005    55.0%     0.0%   1.4304  -0.0055     5.5%
    14    15.4s   -0.0001    35.0%    35.0%    70.7%      25%/61%/14%    1.980    0.007    65.0%     0.0%   1.4064   0.0185     6.0%
    15    17.4s   -0.0007    20.0%    20.0%    75.0%      21%/69%/11%    2.175    0.011    80.0%     0.0%   1.3738   0.0117     6.7%
    16    16.1s   -0.0004    25.0%    25.0%    72.5%      25%/64%/10%    1.899    0.008    75.0%     0.0%   1.3484   0.0008     5.9%
    17    15.0s   -0.0005    25.0%    25.0%    73.9%       22%/71%/6%    2.187    0.013    70.0%     0.0%   1.3069   0.0156     6.4%
    18    16.7s   -0.0005    30.0%    30.0%    85.7%      25%/65%/10%    1.925    0.008    70.0%     0.0%   1.3095   0.0131     5.8%
    19    16.9s   -0.0004    30.0%    30.0%    78.5%       25%/68%/7%    2.122    0.006    70.0%     0.0%   1.2023   0.0140    10.7%
    20    14.5s    0.0005    60.0%    60.0%    89.4%       13%/80%/7%    1.954    0.006    40.0%     0.0%   1.0460  -0.0010     7.4%
  [MA20] reward=-0.0008 task_sr=25.5% miss=73.5% time_limit=85.0% v2v=15.3%
  [PPO ] p_loss=-0.0008 v_loss=0.6651 entropy=1.0460 grad=2.8947 active=100.0%
  [SIM ] avg_power(a)=0.5007 rsu_q=0.475 tx=186 no_tx=27 deadlock=0 svc=3.599GHz idle=0.0%
  → Best model saved: Success Rate = 0.255 (50-ep avg)

    Ep    Wall    R/step     T_SR     V_SR     S_SR            L/R/V   Lat(s)       En     Miss      Ill      Ent       KL     Clip
--------------------------------------------------------------------------------------------------------------------------------
    21    16.3s    0.0000    45.0%    45.0%    81.9%       19%/79%/2%    1.883    0.007    55.0%     0.0%   0.9920   0.0160     7.0%
    22    14.7s    0.0003    50.0%    50.0%    89.6%       10%/84%/5%    1.800    0.009    50.0%     0.0%   0.8819   0.0072     7.9%
    23    15.8s    0.0008    65.0%    65.0%    74.2%        6%/93%/1%    1.672    0.017    35.0%     0.0%   0.8878  -0.0068     4.3%
    24    15.4s    0.0014    85.0%    85.0%    97.1%        8%/89%/3%    1.895    0.006    15.0%     0.0%   0.7395   0.0130     5.8%
    25     9.0s    0.0019    65.0%    65.0%    88.5%        4%/94%/2%    1.722    0.044    35.0%     0.0%   0.6757  -0.0023     3.4%
    26    15.0s    0.0012    80.0%    80.0%    92.8%        4%/95%/1%    1.779    0.009    20.0%     0.0%   0.6260   0.0150     3.0%
    27    16.8s   -0.0000    40.0%    40.0%    84.7%        3%/95%/1%    1.703    0.022    60.0%     0.0%   0.6833   0.0123     3.4%
    28    15.4s   -0.0003    35.0%    35.0%    76.2%        3%/95%/2%    1.858    0.024    65.0%     0.0%   0.6525   0.0029     3.4%
    29    15.5s    0.0006    55.0%    55.0%    85.6%        3%/96%/1%    1.724    0.021    40.0%     0.0%   0.7483   0.0136     3.5%
    30     6.2s    0.0033    60.0%    60.0%    87.8%        4%/96%/1%    1.919    0.114    40.0%     0.0%   0.6082   0.0030     2.5%
  [MA20] reward=0.0002 task_sr=44.5% miss=55.0% time_limit=85.0% v2v=5.8%
  [PPO ] p_loss=-0.0005 v_loss=8.3725 entropy=0.6082 grad=38.6447 active=100.0%
  [SIM ] avg_power(a)=0.4743 rsu_q=4.424 tx=215 no_tx=8 deadlock=0 svc=24.777GHz idle=9.1%
  → Best model saved: Success Rate = 0.363 (50-ep avg)
    31    14.7s    0.0013    75.0%    75.0%    88.4%        2%/98%/0%    1.719    0.015    20.0%     0.0%   0.6275   0.0016     1.6%
    32    15.5s    0.0009    70.0%    70.0%    83.1%        2%/98%/0%    1.878    0.022    30.0%     0.0%   0.6349  -0.0002     2.1%
    33    17.1s    0.0009    70.0%    70.0%    89.6%        1%/99%/0%    1.687    0.015    30.0%     0.0%   0.5520   0.0021     0.9%
    34    15.1s    0.0008    65.0%    65.0%    83.3%        2%/98%/0%    1.701    0.015    35.0%     0.0%   0.5742   0.0057     3.5%
    35    14.6s    0.0012    80.0%    80.0%    92.3%        1%/99%/0%    1.806    0.010    20.0%     0.0%   0.5116   0.0068     1.6%
    36    15.3s    0.0012    80.0%    80.0%    94.4%        2%/98%/0%    1.890    0.013    20.0%     0.0%   0.4705   0.0122     2.3%
    37    14.8s    0.0012    80.0%    80.0%    94.9%        0%/99%/0%    1.860    0.014    20.0%     0.0%   0.5363  -0.0005     1.4%
    38    15.7s    0.0015    85.0%    85.0%    90.7%        1%/99%/0%    2.023    0.016    10.0%     0.0%   0.5566   0.0032     1.8%
    39    14.4s    0.0012    80.0%    80.0%    95.2%        1%/98%/0%    1.862    0.016    20.0%     0.0%   0.5422  -0.0032     0.7%
    40    14.8s    0.0002    50.0%    50.0%    85.0%       0%/100%/0%    1.698    0.016    50.0%     0.0%   0.5876   0.0059     0.4%
  [MA20] reward=0.0010 task_sr=65.8% miss=33.5% time_limit=90.0% v2v=1.0%
  [PPO ] p_loss=-0.0007 v_loss=0.9465 entropy=0.5876 grad=6.1332 active=100.0%
  [SIM ] avg_power(a)=0.5053 rsu_q=0.690 tx=214 no_tx=0 deadlock=0 svc=3.355GHz idle=0.0%
  → Best model saved: Success Rate = 0.456 (50-ep avg)

    Ep    Wall    R/step     T_SR     V_SR     S_SR            L/R/V   Lat(s)       En     Miss      Ill      Ent       KL     Clip
--------------------------------------------------------------------------------------------------------------------------------
    41     6.1s    0.0041    60.0%    60.0%    92.3%        0%/99%/0%    1.981    0.114    40.0%     0.0%   0.4604   0.0062     0.7%
    42    17.4s    0.0005    60.0%    60.0%    81.1%       0%/100%/0%    1.889    0.018    40.0%     0.0%   0.4764  -0.0040     0.6%
    43    15.8s    0.0002    50.0%    50.0%    87.3%        0%/99%/0%    1.827    0.019    50.0%     0.0%   0.5685   0.0118     2.2%
    44     4.2s    0.0137    95.0%    95.0%    98.7%        0%/99%/1%    1.720    0.082     5.0%     0.0%   0.4645 9.62e-05     0.6%
    45    17.3s    0.0006    60.0%    60.0%    72.8%       0%/100%/0%    1.671    0.021    40.0%     0.0%   0.5821  -0.0005     2.5%
    46    16.6s    0.0001    45.0%    45.0%    80.3%        1%/97%/2%    1.919    0.026    55.0%     0.0%   0.5301   0.0025     2.3%
    47     4.4s    0.0114    85.0%    85.0%    95.8%        1%/99%/0%    1.799    0.109    15.0%     0.0%   0.4282   0.0057     0.6%
    48    14.2s    0.0016    85.0%    85.0%    94.3%        0%/99%/0%    1.759    0.016    10.0%     0.0%   0.4977   0.0012     0.7%
    49    14.1s    0.0011    70.0%    70.0%    87.6%        0%/99%/0%    1.560    0.012    25.0%     0.0%   0.5311 8.43e-05     0.5%
    50    14.8s    0.0009    70.0%    70.0%    87.2%       0%/100%/0%    1.675    0.011    30.0%     0.0%   0.5077   0.0051     1.5%
  [MA20] reward=0.0022 task_sr=70.7% miss=28.3% time_limit=85.0% v2v=0.4%
  [PPO ] p_loss=-9.62e-06 v_loss=0.7567 entropy=0.5077 grad=6.5790 active=100.0%
  [SIM ] avg_power(a)=0.5085 rsu_q=0.515 tx=207 no_tx=0 deadlock=0 svc=3.268GHz idle=0.0%
  → Best model saved: Success Rate = 0.501 (50-ep avg)
    51     5.0s    0.0041    60.0%    60.0%    89.1%        1%/99%/0%    1.654    0.131    40.0%     0.0%   0.4604   0.0034     0.6%
    52     6.1s    0.0030    55.0%    55.0%    78.8%       0%/100%/0%    1.761    0.171    45.0%     0.0%   0.5113   0.0012     0.4%
    53     4.8s    0.0102    85.0%    85.0%    98.8%       0%/100%/0%    2.044    0.131    15.0%     0.0%   0.4632   0.0036     0.0%
    54    14.3s    0.0007    60.0%    60.0%    89.2%        1%/98%/0%    1.659    0.013    40.0%     0.0%   0.5257   0.0066     1.4%
    55    14.9s    0.0009    70.0%    70.0%    92.1%       0%/100%/0%    1.891    0.014    30.0%     0.0%   0.4961   0.0004     1.7%
    56     4.5s    0.0122    85.0%    85.0%    94.5%        1%/99%/0%    1.604    0.108    15.0%     0.0%   0.4749   0.0054     1.0%
    57    16.2s    0.0002    50.0%    50.0%    82.5%        1%/99%/0%    1.864    0.027    50.0%     0.0%   0.5598   0.0027     2.5%
    58    16.0s    0.0009    65.0%    65.0%    82.9%        0%/99%/1%    1.810    0.018    35.0%     0.0%   0.5084  -0.0007     1.0%
    59     6.1s    0.0014    50.0%    50.0%    91.4%       0%/100%/0%    1.987    0.126    50.0%     0.0%   0.4655  -0.0035     0.4%
    60     5.6s    0.0086    80.0%    80.0%    97.7%        1%/99%/0%    1.891    0.101    20.0%     0.0%   0.4846   0.0003     0.8%
  [MA20] reward=0.0038 task_sr=67.0% miss=32.5% time_limit=55.0% v2v=0.4%
  [PPO ] p_loss=0.0029 v_loss=4.6511 entropy=0.4846 grad=16.5174 active=100.0%
  [SIM ] avg_power(a)=0.5252 rsu_q=6.571 tx=249 no_tx=3 deadlock=0 svc=34.257GHz idle=10.7%
  → Best model saved: Success Rate = 0.593 (50-ep avg)

    Ep    Wall    R/step     T_SR     V_SR     S_SR            L/R/V   Lat(s)       En     Miss      Ill      Ent       KL     Clip
--------------------------------------------------------------------------------------------------------------------------------
    61    15.4s    0.0011    75.0%    75.0%    85.4%        0%/99%/1%    1.751    0.014    25.0%     0.0%   0.4582   0.0045     1.3%
    62    15.8s    0.0006    60.0%    60.0%    81.6%       0%/100%/0%    1.610    0.015    40.0%     0.0%   0.4885  -0.0017     0.8%
    63    15.6s    0.0007    65.0%    65.0%    87.4%        1%/99%/0%    1.800    0.018    35.0%     0.0%   0.5209   0.0036     2.0%
    64    13.5s    0.0012    80.0%    80.0%    98.2%       0%/100%/0%    1.684    0.010    20.0%     0.0%   0.4543   0.0025     0.9%
    65    15.1s    0.0009    70.0%    70.0%    87.7%       0%/100%/0%    1.783    0.015    30.0%     0.0%   0.4674   0.0053     0.7%
    66    14.6s    0.0010    75.0%    75.0%    96.6%       0%/100%/0%    1.728    0.016    25.0%     0.0%   0.3743  -0.0015     0.5%
    67     6.5s    0.0025    55.0%    55.0%    88.1%       0%/100%/0%    1.952    0.114    45.0%     0.0%   0.4093  -0.0007     0.2%
    68     4.8s    0.0113    85.0%    85.0%    93.2%       0%/100%/0%    1.629    0.114    15.0%     0.0%   0.4072   0.0021     0.1%
    69    16.1s    0.0013    80.0%    80.0%    88.0%       0%/100%/0%    1.873    0.015    15.0%     0.0%   0.4873   0.0027     0.6%
    70    13.5s    0.0011    70.0%    70.0%    82.9%       0%/100%/0%    1.779    0.022    30.0%     0.0%   0.4927   0.0025     0.2%
  [MA20] reward=0.0032 task_sr=68.8% miss=31.0% time_limit=55.0% v2v=0.2%
  [PPO ] p_loss=0.0008 v_loss=4.8292 entropy=0.4927 grad=35.0304 active=100.0%
  [SIM ] avg_power(a)=0.5098 rsu_q=0.828 tx=220 no_tx=0 deadlock=0 svc=4.347GHz idle=0.6%
  → Best model saved: Success Rate = 0.674 (50-ep avg)
    71    15.0s    0.0009    70.0%    70.0%    86.2%       0%/100%/0%    1.672    0.020    30.0%     0.0%   0.4390   0.0025     1.1%
    72    16.5s    0.0008    70.0%    70.0%    94.2%       0%/100%/0%    2.063    0.013    30.0%     0.0%   0.4358   0.0046     0.8%
    73    15.7s    0.0011    75.0%    75.0%    92.4%       0%/100%/0%    1.813    0.014    25.0%     0.0%   0.4065   0.0021     0.5%
    74    14.6s    0.0007    65.0%    65.0%    88.8%       0%/100%/0%    1.773    0.016    35.0%     0.0%   0.4401  -0.0009     1.0%
    75    16.2s    0.0007    60.0%    60.0%    80.1%       0%/100%/0%    2.012    0.019    35.0%     0.0%   0.5173  -0.0004     2.5%
    76     5.8s    0.0077    75.0%    75.0%    92.0%       0%/100%/0%    1.961    0.122    25.0%     0.0%   0.4887  -0.0001     0.0%
    77    16.7s    0.0003    50.0%    50.0%    72.2%       0%/100%/0%    1.604    0.024    50.0%     0.0%   0.4391   0.0041     1.3%
    78     7.0s    0.0015    50.0%    50.0%    86.6%       0%/100%/0%    1.886    0.133    50.0%     0.0%   0.4155  -0.0019     0.0%
    79    15.8s    0.0005    60.0%    60.0%    81.3%       0%/100%/0%    1.824    0.022    40.0%     0.0%   0.5057   0.0023     1.8%
    80    15.4s    0.0013    80.0%    80.0%    96.2%       0%/100%/0%    1.859    0.009    20.0%     0.0%   0.4087   0.0042     0.8%
  [MA20] reward=0.0019 task_sr=68.5% miss=31.0% time_limit=75.0% v2v=0.2%
  [PPO ] p_loss=0.0071 v_loss=0.6307 entropy=0.4087 grad=3.7261 active=100.0%
  [SIM ] avg_power(a)=0.5075 rsu_q=1.355 tx=233 no_tx=0 deadlock=0 svc=4.253GHz idle=0.0%
  → Best model saved: Success Rate = 0.689 (50-ep avg)

    Ep    Wall    R/step     T_SR     V_SR     S_SR            L/R/V   Lat(s)       En     Miss      Ill      Ent       KL     Clip
--------------------------------------------------------------------------------------------------------------------------------
    81    16.5s    0.0008    65.0%    65.0%    84.4%       0%/100%/0%    1.807    0.013    35.0%     0.0%   0.4418  -0.0018     0.3%
    82    15.3s    0.0010    75.0%    75.0%    92.9%        1%/99%/0%    1.901    0.014    25.0%     0.0%   0.4945   0.0008     1.8%
    83    15.9s    0.0007    65.0%    65.0%    86.0%       0%/100%/0%    2.115    0.020    35.0%     0.0%   0.4432   0.0051     0.2%
    84    16.3s    0.0012    75.0%    75.0%    82.1%       0%/100%/0%    1.787    0.016    25.0%     0.0%   0.4505  -0.0017     1.1%
    85    15.1s    0.0009    70.0%    70.0%    87.4%       0%/100%/0%    1.843    0.019    30.0%     0.0%   0.4346   0.0026     1.3%
    86    16.1s    0.0008    65.0%    65.0%    84.9%       0%/100%/0%    1.770    0.014    35.0%     0.0%   0.4412  -0.0003     1.8%
    87     4.6s    0.0092    75.0%    75.0%    96.8%       0%/100%/0%    1.688    0.127    25.0%     0.0%   0.4329   0.0053     0.0%
    88    14.3s    0.0010    75.0%    75.0%    87.6%        0%/99%/0%    1.791    0.017    25.0%     0.0%   0.4529   0.0069     0.6%
    89     4.2s    0.0134    90.0%    90.0%    98.2%       0%/100%/0%    1.670    0.087    10.0%     0.0%   0.4161   0.0021     0.3%
    90     4.3s    0.0107    85.0%    85.0%    93.0%        1%/99%/0%    1.812    0.139    15.0%     0.0%   0.4048  -0.0016     0.2%
  [MA20] reward=0.0028 task_sr=69.8% miss=30.0% time_limit=75.0% v2v=0.1%
  [PPO ] p_loss=0.0042 v_loss=6.2162 entropy=0.4048 grad=13.2494 active=100.0%
  [SIM ] avg_power(a)=0.5055 rsu_q=6.000 tx=199 no_tx=2 deadlock=0 svc=30.787GHz idle=8.0%
  → Best model saved: Success Rate = 0.690 (50-ep avg)
    91    13.8s    0.0012    80.0%    80.0%    94.9%        1%/99%/0%    1.769    0.011    20.0%     0.0%   0.4255   0.0014     0.7%
    92    15.5s    0.0009    70.0%    70.0%    90.6%        1%/99%/0%    1.796    0.014    30.0%     0.0%   0.4350   0.0041     1.5%
    93    15.4s    0.0009    70.0%    70.0%    90.1%       0%/100%/0%    1.843    0.016    30.0%     0.0%   0.3998  -0.0025     0.1%
    94    15.9s    0.0012    80.0%    80.0%    93.6%       0%/100%/0%    1.886    0.019    20.0%     0.0%   0.4064   0.0070     1.0%
    95    15.8s    0.0012    80.0%    80.0%    90.2%       0%/100%/0%    1.888    0.013    20.0%     0.0%   0.4156  -0.0029     0.6%
    96     5.0s    0.0136    95.0%    95.0%    98.5%       0%/100%/0%    1.827    0.068     5.0%     0.0%   0.4632   0.0012     0.3%
    97    15.8s    0.0006    60.0%    60.0%    80.9%       0%/100%/0%    1.658    0.020    40.0%     0.0%   0.5052   0.0011     1.7%
    98    17.4s    0.0006    60.0%    60.0%    77.5%       0%/100%/0%    1.788    0.024    40.0%     0.0%   0.4570   0.0019     3.3%
    99    15.4s    0.0010    75.0%    75.0%    88.5%       0%/100%/0%    1.908    0.017    25.0%     0.0%   0.4840   0.0077     0.3%
   100    15.3s    0.0006    55.0%    55.0%    85.9%       0%/100%/0%    1.725    0.015    40.0%     0.0%   0.5034   0.0040     1.4%
  [MA20] reward=0.0031 task_sr=73.2% miss=26.5% time_limit=80.0% v2v=0.1%
  [PPO ] p_loss=-0.0009 v_loss=0.4100 entropy=0.5034 grad=2.1780 active=100.0%
  [SIM ] avg_power(a)=0.5195 rsu_q=0.805 tx=206 no_tx=0 deadlock=0 svc=3.977GHz idle=0.0%

    Ep    Wall    R/step     T_SR     V_SR     S_SR            L/R/V   Lat(s)       En     Miss      Ill      Ent       KL     Clip
--------------------------------------------------------------------------------------------------------------------------------
   101     4.2s    0.0116    85.0%    85.0%    95.4%       0%/100%/0%    1.734    0.124    15.0%     0.0%   0.3978  -0.0006     0.2%
   102    15.5s    0.0013    80.0%    80.0%    89.8%       0%/100%/0%    1.915    0.016    20.0%     0.0%   0.4856  -0.0017     0.9%
   103    14.3s    0.0013    85.0%    85.0%    91.9%       0%/100%/0%    1.783    0.017    15.0%     0.0%   0.4845   0.0035     1.4%
   104     5.9s    0.0076    70.0%    70.0%    87.0%       0%/100%/0%    1.815    0.144    30.0%     0.0%   0.4646  -0.0033     0.2%
   105    14.6s    0.0011    70.0%    70.0%    92.0%       0%/100%/0%    1.969    0.018    25.0%     0.0%   0.4733   0.0035     1.3%
   106    14.6s    0.0009    70.0%    70.0%    90.3%       0%/100%/0%    1.725    0.018    30.0%     0.0%   0.5096   0.0035     1.3%
   107     5.1s    0.0079    80.0%    80.0%    92.5%       0%/100%/0%    1.872    0.114    20.0%     0.0%   0.4742   0.0025     0.2%
   108     5.3s    0.0097    80.0%    80.0%    88.4%        0%/99%/0%    1.778    0.148    20.0%     0.0%   0.4142  -0.0009     1.1%
   109     5.4s    0.0080    75.0%    75.0%    91.9%       0%/100%/0%    1.850    0.136    25.0%     0.0%   0.4340  -0.0019     0.0%
   110    14.3s    0.0009    70.0%    70.0%    87.1%       0%/100%/0%    1.784    0.017    30.0%     0.0%   0.5028  -0.0012     1.7%
  [MA20] reward=0.0036 task_sr=74.5% miss=25.0% time_limit=70.0% v2v=0.1%
  [PPO ] p_loss=-0.0057 v_loss=2.3981 entropy=0.5028 grad=16.0922 active=100.0%
  [SIM ] avg_power(a)=0.5218 rsu_q=0.660 tx=212 no_tx=0 deadlock=0 svc=3.478GHz idle=0.0%
   111    15.0s    0.0010    75.0%    75.0%    85.6%       0%/100%/0%    1.830    0.016    25.0%     0.0%   0.4771   0.0024     1.5%
   112     4.9s    0.0117    85.0%    85.0%    95.5%       0%/100%/0%    1.876    0.123    15.0%     0.0%   0.4677   0.0003     0.3%
   113    15.4s    0.0008    65.0%    65.0%    80.8%       0%/100%/0%    1.476    0.020    35.0%     0.0%   0.4640   0.0014     0.0%
   114     5.3s    0.0086    80.0%    80.0%    94.9%       0%/100%/0%    1.785    0.098    20.0%     0.0%   0.4451   0.0004     0.0%
   115    15.8s    0.0004    55.0%    55.0%    75.9%       0%/100%/0%    1.911    0.020    45.0%     0.0%   0.4536   0.0021     1.8%
   116    17.2s    0.0005    60.0%    60.0%    84.4%        0%/99%/1%    1.868    0.023    40.0%     0.0%   0.4529   0.0049     1.8%
   117    16.1s    0.0010    75.0%    75.0%    88.2%       0%/100%/0%    1.719    0.017    25.0%     0.0%   0.5337  -0.0001     2.8%
   118     6.2s    0.0077    75.0%    75.0%    92.2%       0%/100%/0%    1.789    0.136    25.0%     0.0%   0.4862   0.0002     0.0%
   119    17.3s    0.0008    65.0%    65.0%    83.5%       0%/100%/0%    1.753    0.019    30.0%     0.0%   0.5009   0.0080     2.4%
   120    14.2s    0.0014    85.0%    85.0%    93.2%       0%/100%/0%    1.691    0.014    15.0%     0.0%   0.4321  -0.0030     0.3%
  [MA20] reward=0.0042 task_sr=74.2% miss=25.2% time_limit=60.0% v2v=0.1%
  [PPO ] p_loss=-0.0040 v_loss=0.4849 entropy=0.4321 grad=5.3551 active=100.0%
  [SIM ] avg_power(a)=0.5230 rsu_q=0.825 tx=222 no_tx=0 deadlock=0 svc=3.692GHz idle=0.5%

    Ep    Wall    R/step     T_SR     V_SR     S_SR            L/R/V   Lat(s)       En     Miss      Ill      Ent       KL     Clip
--------------------------------------------------------------------------------------------------------------------------------
   121    16.6s    0.0004    55.0%    55.0%    79.7%       0%/100%/0%    1.933    0.024    45.0%     0.0%   0.5637   0.0019     2.4%
   122    16.2s    0.0001    45.0%    45.0%    88.2%       0%/100%/0%    1.879    0.019    55.0%     0.0%   0.4706   0.0021     0.2%
   123    14.1s    0.0013    80.0%    80.0%    87.2%       0%/100%/0%    1.650    0.018    20.0%     0.0%   0.5115   0.0066     2.8%
   124    15.3s    0.0010    70.0%    70.0%    86.3%       0%/100%/0%    1.695    0.022    30.0%     0.0%   0.4868   0.0019     1.1%
   125     6.3s    0.0071    75.0%    75.0%    81.1%       0%/100%/0%    1.718    0.124    25.0%     0.0%   0.4559   0.0006     0.0%
   126    15.3s    0.0008    65.0%    65.0%    88.3%       0%/100%/0%    1.750    0.021    35.0%     0.0%   0.4606  -0.0014     0.7%
   127    17.5s    0.0003    50.0%    50.0%    84.7%       0%/100%/0%    1.936    0.021    50.0%     0.0%   0.5104   0.0138     1.9%
   128    15.3s    0.0006    60.0%    60.0%    89.4%       0%/100%/0%    1.793    0.018    40.0%     0.0%   0.3446   0.0043     0.6%
   129     5.4s    0.0065    70.0%    70.0%    87.6%       0%/100%/0%    1.885    0.114    30.0%     0.0%   0.4464   0.0019     0.0%
   130    15.8s    0.0006    60.0%    60.0%    81.8%       0%/100%/0%    1.755    0.020    40.0%     0.0%   0.4788   0.0061     0.8%
  [MA20] reward=0.0026 task_sr=67.5% miss=32.3% time_limit=75.0% v2v=0.0%
  [PPO ] p_loss=-0.0043 v_loss=0.5540 entropy=0.4788 grad=6.9841 active=100.0%
  [SIM ] avg_power(a)=0.4987 rsu_q=0.610 tx=196 no_tx=0 deadlock=0 svc=3.310GHz idle=0.0%
   131    15.2s    0.0008    65.0%    65.0%    93.4%       0%/100%/0%    1.805    0.017    35.0%     0.0%   0.4655   0.0015     0.4%
   132     4.5s    0.0125    90.0%    90.0%    96.7%       0%/100%/0%    1.717    0.099    10.0%     0.0%   0.4460   0.0025     0.0%
   133    15.1s    0.0014    85.0%    85.0%    91.2%       0%/100%/0%    1.854    0.016    15.0%     0.0%   0.4500  -0.0056     2.3%
   134    13.7s    0.0015    90.0%    90.0%    96.1%       0%/100%/0%    1.670    0.011    10.0%     0.0%   0.4072   0.0010     0.5%
   135    15.9s    0.0007    65.0%    65.0%    88.7%       0%/100%/0%    1.818    0.021    35.0%     0.0%   0.4345   0.0066     1.1%
   136     4.7s    0.0095    80.0%    80.0%    95.6%       0%/100%/0%    1.889    0.098    20.0%     0.0%   0.4650   0.0045     0.0%
   137    14.3s    0.0010    70.0%    70.0%    88.9%       0%/100%/0%    1.698    0.016    30.0%     0.0%   0.5066   0.0061     2.6%
   138    13.9s    0.0011    75.0%    75.0%    92.8%       0%/100%/0%    1.747    0.014    25.0%     0.0%   0.3991   0.0017     1.3%
   139    14.9s    0.0015    90.0%    90.0%    89.7%       0%/100%/0%    1.823    0.015    10.0%     0.0%   0.4739  -0.0039     0.6%
   140    15.7s    0.0009    70.0%    70.0%    91.0%       0%/100%/0%    1.855    0.015    30.0%     0.0%   0.4761   0.0055     0.4%
  [MA20] reward=0.0025 task_sr=70.5% miss=29.5% time_limit=80.0% v2v=0.0%
  [PPO ] p_loss=-0.0038 v_loss=0.5148 entropy=0.4761 grad=3.0473 active=100.0%
  [SIM ] avg_power(a)=0.5035 rsu_q=0.870 tx=239 no_tx=0 deadlock=0 svc=4.043GHz idle=0.0%

    Ep    Wall    R/step     T_SR     V_SR     S_SR            L/R/V   Lat(s)       En     Miss      Ill      Ent       KL     Clip
--------------------------------------------------------------------------------------------------------------------------------
   141     5.0s    0.0084    75.0%    75.0%    92.3%       0%/100%/0%    1.643    0.137    25.0%     0.0%   0.4934   0.0007     0.3%
   142    16.8s    0.0008    65.0%    65.0%    83.8%       0%/100%/0%    1.739    0.017    35.0%     0.0%   0.4824 4.59e-05     1.1%
   143    15.6s    0.0007    65.0%    65.0%    86.7%       0%/100%/0%    2.017    0.020    35.0%     0.0%   0.4702   0.0050     1.6%
   144     6.8s    0.0020    50.0%    50.0%    81.9%       0%/100%/0%    1.827    0.148    50.0%     0.0%   0.3860  -0.0003     0.0%
   145     6.9s    0.0086    80.0%    80.0%    92.5%       0%/100%/0%    2.129    0.162    20.0%     0.0%   0.4224  -0.0036     0.0%
   146    18.8s    0.0006    60.0%    60.0%    85.9%       0%/100%/0%    1.941    0.020    40.0%     0.0%   0.4881   0.0010     0.4%
   147    14.8s    0.0010    65.0%    65.0%    90.4%       0%/100%/0%    1.740    0.015    25.0%     0.0%   0.4563  -0.0012     0.4%
   148    16.2s    0.0010    75.0%    75.0%    84.4%       0%/100%/0%    1.938    0.021    25.0%     0.0%   0.4374   0.0039     0.4%
   149    15.1s    0.0015    80.0%    80.0%    84.9%       0%/100%/0%    1.749    0.016    20.0%     0.0%   0.4719   0.0068     0.9%
   150     4.4s    0.0110    85.0%    85.0%    94.0%       0%/100%/0%    1.711    0.114    15.0%     0.0%   0.4358  -0.0002     0.0%
  [MA20] reward=0.0033 task_sr=74.0% miss=25.5% time_limit=70.0% v2v=0.0%
  [PPO ] p_loss=0.0016 v_loss=9.7301 entropy=0.4358 grad=32.3663 active=100.0%
  [SIM ] avg_power(a)=0.5014 rsu_q=5.320 tx=205 no_tx=0 deadlock=0 svc=31.881GHz idle=20.0%
   151    14.9s    0.0012    80.0%    80.0%    91.4%       0%/100%/0%    1.768    0.016    20.0%     0.0%   0.4023   0.0032     0.6%
   152    15.2s    0.0009    70.0%    70.0%    86.9%       0%/100%/0%    1.870    0.016    30.0%     0.0%   0.4865   0.0057     1.0%
   153     4.5s    0.0126    90.0%    90.0%    99.6%       0%/100%/0%    1.762    0.085    10.0%     0.0%   0.3915   0.0035     0.0%
   154    15.9s    0.0015    85.0%    85.0%    87.3%       0%/100%/0%    1.661    0.011    15.0%     0.0%   0.4377   0.0019     2.6%
   155     5.2s    0.0082    80.0%    80.0%    92.2%       0%/100%/0%    1.992    0.140    20.0%     0.0%   0.4197  -0.0003     0.0%
   156     4.4s    0.0134    95.0%    95.0%    95.4%       0%/100%/0%    1.698    0.118     5.0%     0.0%   0.4018   0.0030     0.1%
   157     5.3s    0.0082    75.0%    75.0%    94.0%       0%/100%/0%    1.958    0.107    25.0%     0.0%   0.4313   0.0025     0.0%
   158    14.1s    0.0015    85.0%    85.0%    90.9%       0%/100%/0%    1.589    0.014    15.0%     0.0%   0.4251   0.0056     1.1%
   159     4.8s    0.0091    75.0%    75.0%    91.6%       0%/100%/0%    1.752    0.140    25.0%     0.0%   0.4326  -0.0002     0.0%
   160    14.2s    0.0014    85.0%    85.0%    91.6%       0%/100%/0%    1.752    0.013    15.0%     0.0%   0.4443  -0.0037     0.2%
  [MA20] reward=0.0047 task_sr=76.0% miss=23.5% time_limit=55.0% v2v=0.0%
  [PPO ] p_loss=0.0037 v_loss=2.7093 entropy=0.4443 grad=17.7873 active=100.0%
  [SIM ] avg_power(a)=0.5027 rsu_q=0.795 tx=223 no_tx=0 deadlock=0 svc=3.708GHz idle=0.0%
  → Best model saved: Success Rate = 0.730 (50-ep avg)

    Ep    Wall    R/step     T_SR     V_SR     S_SR            L/R/V   Lat(s)       En     Miss      Ill      Ent       KL     Clip
--------------------------------------------------------------------------------------------------------------------------------
   161    14.7s    0.0009    70.0%    70.0%    91.0%       0%/100%/0%    1.864    0.019    30.0%     0.0%   0.4240  -0.0024     0.1%
   162    14.5s    0.0015    85.0%    85.0%    89.6%       0%/100%/0%    1.907    0.012    10.0%     0.0%   0.4133  -0.0025     1.1%
   163    15.1s    0.0005    60.0%    60.0%    87.3%       0%/100%/0%    1.830    0.018    40.0%     0.0%   0.4578   0.0073     1.6%
   164     5.1s    0.0065    70.0%    70.0%    97.6%       0%/100%/0%    1.830    0.104    30.0%     0.0%   0.4311   0.0024     0.0%
   165     5.2s    0.0055    65.0%    65.0%    90.9%       0%/100%/0%    1.635    0.119    35.0%     0.0%   0.4233   0.0031     0.0%
   166    15.4s    0.0011    75.0%    75.0%    87.8%       0%/100%/0%    1.789    0.015    25.0%     0.0%   0.4844  -0.0030     0.5%
   167    14.9s    0.0012    80.0%    80.0%    87.6%       0%/100%/0%    1.861    0.016    20.0%     0.0%   0.4766   0.0013     3.0%
   168     5.4s    0.0056    65.0%    65.0%    85.3%       0%/100%/0%    1.599    0.152    35.0%     0.0%   0.4156   0.0004     0.0%
   169    16.1s    0.0009    70.0%    70.0%    83.4%       0%/100%/0%    1.752    0.017    30.0%     0.0%   0.4404   0.0018     1.1%
   170    16.6s    0.0007    65.0%    65.0%    81.0%       0%/100%/0%    1.959    0.022    35.0%     0.0%   0.4873  -0.0020     1.7%
  [MA20] reward=0.0041 task_sr=76.2% miss=23.5% time_limit=60.0% v2v=0.0%
  [PPO ] p_loss=0.0068 v_loss=0.7777 entropy=0.4873 grad=4.3068 active=100.0%
  [SIM ] avg_power(a)=0.5031 rsu_q=0.560 tx=200 no_tx=0 deadlock=0 svc=3.334GHz idle=0.0%
   171    14.6s    0.0009    65.0%    65.0%    79.4%       0%/100%/0%    1.491    0.021    35.0%     0.0%   0.4908   0.0080     0.9%
   172    15.8s    0.0004    55.0%    55.0%    77.1%       0%/100%/0%    1.854    0.015    45.0%     0.0%   0.4852   0.0072     1.1%
   173    15.5s    0.0007    65.0%    65.0%    80.6%       0%/100%/0%    1.877    0.019    35.0%     0.0%   0.4686   0.0052     0.5%
   174    14.7s    0.0012    80.0%    80.0%    89.5%       0%/100%/0%    1.694    0.015    20.0%     0.0%   0.4772   0.0010     1.5%
   175     5.0s    0.0087    80.0%    80.0%    97.9%       0%/100%/0%    1.869    0.120    20.0%     0.0%   0.4340   0.0035     0.0%
   176    14.2s    0.0009    70.0%    70.0%    87.7%       0%/100%/0%    1.807    0.015    30.0%     0.0%   0.4132  -0.0018     0.8%
   177     6.3s   -0.0007    40.0%    40.0%    81.1%       0%/100%/0%    1.521    0.170    60.0%     0.0%   0.4470   0.0008     0.1%
   178    14.7s    0.0007    65.0%    65.0%    88.9%       0%/100%/0%    1.827    0.013    35.0%     0.0%   0.4477  -0.0014     0.1%
   179    14.6s    0.0013    75.0%    75.0%    87.4%       0%/100%/0%    1.632    0.013    25.0%     0.0%   0.4551   0.0003     0.3%
   180    14.6s    0.0012    80.0%    80.0%    97.5%       0%/100%/0%    1.954    0.016    20.0%     0.0%   0.4230   0.0029     0.8%
  [MA20] reward=0.0020 task_sr=69.0% miss=30.8% time_limit=75.0% v2v=0.0%
  [PPO ] p_loss=7.86e-05 v_loss=0.9274 entropy=0.4230 grad=3.6705 active=100.0%
  [SIM ] avg_power(a)=0.5036 rsu_q=1.100 tx=235 no_tx=0 deadlock=0 svc=4.159GHz idle=0.0%
  → Best model saved: Success Rate = 0.736 (50-ep avg)

    Ep    Wall    R/step     T_SR     V_SR     S_SR            L/R/V   Lat(s)       En     Miss      Ill      Ent       KL     Clip
--------------------------------------------------------------------------------------------------------------------------------
   181     5.0s    0.0113    85.0%    85.0%    97.1%       0%/100%/0%    1.876    0.132    15.0%     0.0%   0.4433   0.0015     0.0%
   182     4.8s    0.0089    80.0%    80.0%    96.1%       0%/100%/0%    1.771    0.094    20.0%     0.0%   0.4866  -0.0031     0.0%
   183     6.1s    0.0053    65.0%    65.0%    88.1%       0%/100%/0%    1.631    0.132    35.0%     0.0%   0.4244  -0.0019     0.0%
   184    14.9s    0.0007    65.0%    65.0%    87.6%       0%/100%/0%    1.811    0.021    35.0%     0.0%   0.5054   0.0065     3.7%
   185    14.4s    0.0013    80.0%    80.0%    90.8%       0%/100%/0%    1.804    0.014    20.0%     0.0%   0.4451   0.0064     1.8%
   186    16.9s    0.0004    55.0%    55.0%    76.9%       0%/100%/0%    1.864    0.021    45.0%     0.0%   0.4853   0.0033     1.9%
   187    13.3s    0.0009    70.0%    70.0%    91.7%       0%/100%/0%    1.689    0.011    30.0%     0.0%   0.5183   0.0049     1.4%
   188     4.8s    0.0100    85.0%    85.0%    97.6%       0%/100%/0%    1.906    0.104    15.0%     0.0%   0.4297  -0.0015     0.0%
   189     4.6s    0.0139    95.0%    95.0%    98.3%       0%/100%/0%    1.721    0.077     5.0%     0.0%   0.4361   0.0025     0.0%
   190    15.2s    0.0007    65.0%    65.0%    88.1%       0%/100%/0%    1.949    0.023    35.0%     0.0%   0.5248   0.0084     3.3%
  [MA20] reward=0.0034 task_sr=71.0% miss=29.0% time_limit=65.0% v2v=0.0%
  [PPO ] p_loss=-0.0005 v_loss=1.3001 entropy=0.5248 grad=13.2416 active=100.0%
  [SIM ] avg_power(a)=0.5049 rsu_q=0.695 tx=209 no_tx=0 deadlock=0 svc=3.737GHz idle=0.0%
   191    16.0s    0.0004    55.0%    55.0%    83.4%       0%/100%/0%    1.728    0.024    45.0%     0.0%   0.5178 5.96e-05     3.8%
   192     3.9s    0.0136    90.0%    90.0%    97.5%       0%/100%/0%    1.773    0.111    10.0%     0.0%   0.4089   0.0036     0.0%
   193     4.3s    0.0115    85.0%    85.0%    97.9%       0%/100%/0%    1.785    0.089    15.0%     0.0%   0.4477   0.0012     0.0%
   194    14.6s    0.0012    80.0%    80.0%    93.1%       0%/100%/0%    2.009    0.015    20.0%     0.0%   0.4791   0.0037     1.9%
   195     4.7s    0.0093    80.0%    80.0%    95.4%       0%/100%/0%    1.888    0.112    20.0%     0.0%   0.3696  -0.0003     0.0%
   196    14.8s    0.0010    75.0%    75.0%    90.8%       0%/100%/0%    1.898    0.020    25.0%     0.0%   0.4129  -0.0005     0.5%
   197    16.7s    0.0004    55.0%    55.0%    80.7%       0%/100%/0%    1.806    0.024    45.0%     0.0%   0.4892  -0.0013     2.4%
   198     4.4s    0.0095    80.0%    80.0%    92.7%       0%/100%/0%    1.637    0.134    20.0%     0.0%   0.3919  -0.0007     0.0%
   199     4.7s    0.0072    70.0%    70.0%    88.6%       0%/100%/0%    1.916    0.129    30.0%     0.0%   0.4555   0.0019     0.0%
   200    16.4s    0.0002    50.0%    50.0%    86.4%       0%/100%/0%    1.874    0.022    50.0%     0.0%   0.4408   0.0006     1.6%
  [MA20] reward=0.0054 task_sr=73.2% miss=26.7% time_limit=50.0% v2v=0.0%
  [PPO ] p_loss=0.0035 v_loss=1.5557 entropy=0.4408 grad=13.2863 active=100.0%
  [SIM ] avg_power(a)=0.4976 rsu_q=0.890 tx=209 no_tx=0 deadlock=0 svc=3.600GHz idle=0.0%

    Ep    Wall    R/step     T_SR     V_SR     S_SR            L/R/V   Lat(s)       En     Miss      Ill      Ent       KL     Clip
--------------------------------------------------------------------------------------------------------------------------------
   201     5.3s    0.0077    75.0%    75.0%    87.4%       0%/100%/0%    1.763    0.144    25.0%     0.0%   0.4629   0.0027     0.0%
   202    16.3s    0.0003    50.0%    50.0%    78.0%       0%/100%/0%    1.756    0.021    50.0%     0.0%   0.5496   0.0145     1.7%
   203    15.7s    0.0014    85.0%    85.0%    94.0%       0%/100%/0%    1.759    0.015    15.0%     0.0%   0.3961   0.0053     1.1%
   204    14.5s    0.0007    60.0%    60.0%    91.0%       0%/100%/0%    1.788    0.018    40.0%     0.0%   0.4769   0.0037     0.3%
   205     4.1s    0.0120    85.0%    85.0%    98.3%       0%/100%/0%    1.849    0.113    15.0%     0.0%   0.4060   0.0031     0.1%
   206    16.0s    0.0010    75.0%    75.0%    88.6%       0%/100%/0%    1.814    0.014    25.0%     0.0%   0.4378   0.0024     1.1%
   207    15.0s    0.0004    55.0%    55.0%    87.3%       0%/100%/0%    1.819    0.019    45.0%     0.0%   0.4727   0.0003     2.9%
   208     4.8s    0.0086    75.0%    75.0%    93.9%       0%/100%/0%    1.664    0.139    25.0%     0.0%   0.4548   0.0018     0.0%
   209    17.3s    0.0004    55.0%    55.0%    73.9%       0%/100%/0%    1.719    0.028    45.0%     0.0%   0.4398   0.0023     0.4%
   210    16.2s    0.0005    60.0%    60.0%    81.5%       0%/100%/0%    2.018    0.022    40.0%     0.0%   0.4867   0.0021     0.4%
  [MA20] reward=0.0044 task_sr=69.8% miss=30.3% time_limit=60.0% v2v=0.0%
  [PPO ] p_loss=-0.0026 v_loss=0.2070 entropy=0.4867 grad=2.1733 active=100.0%
  [SIM ] avg_power(a)=0.4854 rsu_q=0.745 tx=209 no_tx=0 deadlock=0 svc=3.550GHz idle=0.0%
   211    15.9s    0.0007    65.0%    65.0%    89.2%       0%/100%/0%    1.960    0.018    35.0%     0.0%   0.4917   0.0090     1.0%
   212    15.5s    0.0015    85.0%    85.0%    91.8%       0%/100%/0%    1.719    0.011    15.0%     0.0%   0.4543  -0.0067     2.0%
   213    14.6s    0.0010    75.0%    75.0%    94.2%       0%/100%/0%    1.909    0.016    25.0%     0.0%   0.4802   0.0018     0.5%
   214     5.6s    0.0065    70.0%    70.0%    86.9%       0%/100%/0%    1.911    0.115    30.0%     0.0%   0.4047  -0.0003     0.1%
   215    14.5s    0.0004    55.0%    55.0%    87.0%       0%/100%/0%    1.837    0.021    45.0%     0.0%   0.5054   0.0016     0.8%
   216     4.8s    0.0069    70.0%    70.0%    91.9%       0%/100%/0%    1.817    0.119    30.0%     0.0%   0.4198  -0.0027     0.4%
   217    15.2s    0.0008    65.0%    65.0%    86.0%       0%/100%/0%    1.764    0.019    35.0%     0.0%   0.4678  -0.0017     0.4%
   218     5.2s    0.0062    70.0%    70.0%    90.0%       0%/100%/0%    1.834    0.142    30.0%     0.0%   0.4199   0.0026     0.0%
   219    15.9s    0.0009    70.0%    70.0%    87.6%       0%/100%/0%    1.825    0.013    30.0%     0.0%   0.4214   0.0018     0.2%
   220    16.4s    0.0006    60.0%    60.0%    87.1%       0%/100%/0%    1.878    0.014    40.0%     0.0%   0.4770   0.0010     1.8%
  [MA20] reward=0.0029 task_sr=68.0% miss=32.0% time_limit=70.0% v2v=0.0%
  [PPO ] p_loss=0.0056 v_loss=0.2921 entropy=0.4770 grad=2.6604 active=100.0%
  [SIM ] avg_power(a)=0.4650 rsu_q=0.805 tx=242 no_tx=0 deadlock=0 svc=4.092GHz idle=0.0%

    Ep    Wall    R/step     T_SR     V_SR     S_SR            L/R/V   Lat(s)       En     Miss      Ill      Ent       KL     Clip
--------------------------------------------------------------------------------------------------------------------------------
   221    16.7s   -0.0001    40.0%    40.0%    80.2%       0%/100%/0%    1.842    0.014    60.0%     0.0%   0.4434   0.0005     1.4%
   222     5.5s    0.0063    70.0%    70.0%    87.1%       0%/100%/0%    1.706    0.104    30.0%     0.0%   0.4479   0.0015     0.0%
   223    14.6s    0.0012    80.0%    80.0%    92.1%       0%/100%/0%    1.745    0.014    20.0%     0.0%   0.4418  -0.0036     1.2%
   224    14.2s    0.0015    90.0%    90.0%    94.4%       0%/100%/0%    1.854    0.015    10.0%     0.0%   0.4207   0.0023     0.8%
   225    15.1s    0.0009    70.0%    70.0%    87.8%       0%/100%/0%    1.964    0.017    30.0%     0.0%   0.4741  -0.0018     0.3%
   226     5.1s    0.0100    85.0%    85.0%    97.2%       0%/100%/0%    1.877    0.081    15.0%     0.0%   0.4151   0.0007     0.0%
   227    16.7s    0.0007    65.0%    65.0%    88.4%       0%/100%/0%    1.877    0.013    35.0%     0.0%   0.4041   0.0067     1.5%
   228    15.7s    0.0008    70.0%    70.0%    90.6%       0%/100%/0%    1.999    0.014    30.0%     0.0%   0.3741   0.0043     0.6%
   229     5.1s    0.0072    70.0%    70.0%    92.0%       0%/100%/0%    1.765    0.134    30.0%     0.0%   0.3969   0.0019     0.1%
   230     5.7s    0.0052    65.0%    65.0%    94.9%       0%/100%/0%    1.841    0.119    35.0%     0.0%   0.3659  -0.0013     0.1%
  [MA20] reward=0.0030 task_sr=69.5% miss=30.5% time_limit=65.0% v2v=0.0%
  [PPO ] p_loss=-0.0027 v_loss=6.0699 entropy=0.3659 grad=29.3962 active=100.0%
  [SIM ] avg_power(a)=0.4512 rsu_q=8.370 tx=225 no_tx=0 deadlock=0 svc=30.441GHz idle=7.4%
   231     5.3s    0.0044    60.0%    60.0%    89.9%       0%/100%/0%    1.806    0.146    40.0%     0.0%   0.4757   0.0002     0.2%
   232     4.6s    0.0079    75.0%    75.0%    95.1%       0%/100%/0%    1.681    0.114    25.0%     0.0%   0.3927  -0.0014     0.3%
   233    14.4s    0.0010    75.0%    75.0%    89.0%       0%/100%/0%    1.854    0.018    25.0%     0.0%   0.4101   0.0038     0.9%
   234     5.4s    0.0079    75.0%    75.0%    89.7%       0%/100%/0%    1.713    0.121    25.0%     0.0%   0.3763   0.0023     0.0%
   235    14.0s    0.0015    85.0%    85.0%    90.6%       0%/100%/0%    1.760    0.015    15.0%     0.0%   0.4322   0.0020     1.2%
   236    15.0s    0.0010    75.0%    75.0%    93.7%       0%/100%/0%    1.939    0.017    25.0%     0.0%   0.3935   0.0033     0.8%
   237     5.5s    0.0060    70.0%    70.0%    92.5%       0%/100%/0%    1.793    0.112    30.0%     0.0%   0.4003   0.0073     0.1%
   238    15.5s    0.0012    80.0%    80.0%    89.2%       0%/100%/0%    1.964    0.014    20.0%     0.0%   0.4491   0.0019     1.6%
   239    14.3s    0.0009    70.0%    70.0%    90.0%       0%/100%/0%    1.627    0.017    30.0%     0.0%   0.4439   0.0069     1.1%
   240     4.7s    0.0107    85.0%    85.0%    96.8%       0%/100%/0%    1.837    0.130    15.0%     0.0%   0.3605  -0.0013     0.5%
  [MA20] reward=0.0038 task_sr=72.7% miss=27.3% time_limit=55.0% v2v=0.0%
  [PPO ] p_loss=0.0003 v_loss=8.1679 entropy=0.3605 grad=56.5682 active=100.0%
  [SIM ] avg_power(a)=0.4614 rsu_q=8.280 tx=212 no_tx=1 deadlock=0 svc=31.083GHz idle=8.0%

    Ep    Wall    R/step     T_SR     V_SR     S_SR            L/R/V   Lat(s)       En     Miss      Ill      Ent       KL     Clip
--------------------------------------------------------------------------------------------------------------------------------
   241    15.1s    0.0010    75.0%    75.0%    86.7%       0%/100%/0%    1.964    0.016    25.0%     0.0%   0.4434   0.0004     1.4%
   242    14.4s    0.0016    90.0%    90.0%    90.4%       0%/100%/0%    1.826    0.015    10.0%     0.0%   0.4258   0.0051     0.9%
   243    15.0s    0.0008    65.0%    65.0%    84.4%       0%/100%/0%    1.706    0.018    35.0%     0.0%   0.4176   0.0020     0.2%
   244    14.7s    0.0010    75.0%    75.0%    91.1%       0%/100%/0%    1.892    0.015    25.0%     0.0%   0.4609   0.0055     1.1%
   245    14.9s    0.0011    75.0%    75.0%    89.7%       0%/100%/0%    1.809    0.014    25.0%     0.0%   0.4180   0.0013     1.0%
   246     5.5s    0.0062    70.0%    70.0%    88.7%       0%/100%/0%    1.732    0.129    30.0%     0.0%   0.4177   0.0004     0.1%
   247    16.5s    0.0007    65.0%    65.0%    83.2%       0%/100%/0%    1.900    0.012    35.0%     0.0%   0.4624   0.0101     1.4%
   248    14.7s    0.0012    70.0%    70.0%    79.3%       0%/100%/0%    1.650    0.015    20.0%     0.0%   0.4175   0.0098     1.4%
   249    15.3s    0.0004    55.0%    55.0%    77.4%       0%/100%/0%    1.592    0.018    45.0%     0.0%   0.5432   0.0199     4.0%
   250    14.8s    0.0015    90.0%    90.0%    94.9%       0%/100%/0%    1.826    0.012    10.0%     0.0%   0.4856   0.0092     1.1%
  [MA20] reward=0.0029 task_sr=74.0% miss=25.5% time_limit=70.0% v2v=0.0%
  [PPO ] p_loss=-0.0057 v_loss=0.4313 entropy=0.4856 grad=2.5377 active=100.0%
  [SIM ] avg_power(a)=0.4993 rsu_q=0.965 tx=246 no_tx=0 deadlock=0 svc=4.203GHz idle=0.0%
   251     5.5s    0.0118    95.0%    95.0%    99.6%       0%/100%/0%    1.941    0.076     5.0%     0.0%   0.3859   0.0019     0.0%
   252    15.3s    0.0010    70.0%    70.0%    85.4%       0%/100%/0%    1.890    0.019    30.0%     0.0%   0.5292   0.0048     2.1%
   253     4.9s    0.0116    90.0%    90.0%    98.9%       0%/100%/0%    1.979    0.085    10.0%     0.0%   0.4444   0.0060     0.0%
   254     6.4s    0.0047    65.0%    65.0%    94.2%       0%/100%/0%    1.858    0.096    35.0%     0.0%   0.3939   0.0019     0.0%
   255     6.6s    0.0006    45.0%    45.0%    75.8%       0%/100%/0%    1.663    0.154    55.0%     0.0%   0.4650   0.0048     0.2%
   256    13.5s    0.0014    85.0%    85.0%    96.2%       0%/100%/0%    1.766    0.011    15.0%     0.0%   0.4448  -0.0033     1.1%
   257    14.1s    0.0012    75.0%    75.0%    87.2%       0%/100%/0%    1.511    0.018    25.0%     0.0%   0.4338  -0.0021     1.3%
   258    13.9s    0.0017    85.0%    85.0%    90.2%       0%/100%/0%    1.708    0.012    10.0%     0.0%   0.4319   0.0070     0.6%
   259    13.7s    0.0012    80.0%    80.0%    92.2%       0%/100%/0%    1.772    0.013    20.0%     0.0%   0.4189   0.0092     1.2%
   260    15.3s    0.0006    65.0%    65.0%    86.0%       0%/100%/0%    1.890    0.019    35.0%     0.0%   0.4282   0.0012     1.3%
  [MA20] reward=0.0026 task_sr=74.2% miss=25.0% time_limit=75.0% v2v=0.0%
  [PPO ] p_loss=0.0080 v_loss=0.6940 entropy=0.4282 grad=4.0721 active=100.0%
  [SIM ] avg_power(a)=0.4908 rsu_q=0.710 tx=208 no_tx=0 deadlock=0 svc=3.419GHz idle=0.0%

    Ep    Wall    R/step     T_SR     V_SR     S_SR            L/R/V   Lat(s)       En     Miss      Ill      Ent       KL     Clip
--------------------------------------------------------------------------------------------------------------------------------
   261     5.4s    0.0049    65.0%    65.0%    87.9%       0%/100%/0%    1.865    0.128    35.0%     0.0%   0.4073   0.0023     0.1%
   262     6.0s    0.0059    70.0%    70.0%    90.2%       0%/100%/0%    2.067    0.131    30.0%     0.0%   0.4345  -0.0018     0.9%
   263    15.6s    0.0006    60.0%    60.0%    80.8%       0%/100%/0%    1.733    0.027    40.0%     0.0%   0.4826  -0.0005     2.4%
   264    15.3s    0.0009    70.0%    70.0%    90.8%       0%/100%/0%    1.793    0.016    30.0%     0.0%   0.4138  -0.0048     1.2%
   265    16.3s    0.0002    50.0%    50.0%    76.0%       0%/100%/0%    1.748    0.023    50.0%     0.0%   0.4700   0.0039     0.8%
   266    16.5s    0.0003    55.0%    55.0%    86.0%       0%/100%/0%    1.864    0.015    45.0%     0.0%   0.4520   0.0111     2.0%
   267    14.5s    0.0014    80.0%    80.0%    86.5%       0%/100%/0%    1.674    0.013    15.0%     0.0%   0.3835   0.0029     1.5%
   268    16.4s    0.0010    75.0%    75.0%    83.6%       0%/100%/0%    1.830    0.017    25.0%     0.0%   0.4027   0.0017     0.3%
   269    14.8s    0.0004    50.0%    50.0%    87.9%       0%/100%/0%    1.783    0.018    45.0%     0.0%   0.4571   0.0020     0.3%
   270     5.4s    0.0065    70.0%    70.0%    88.9%       0%/100%/0%    1.577    0.137    30.0%     0.0%   0.4119  -0.0006     0.1%
  [MA20] reward=0.0029 task_sr=70.0% miss=29.3% time_limit=65.0% v2v=0.0%
  [PPO ] p_loss=-0.0034 v_loss=6.9581 entropy=0.4119 grad=24.6713 active=100.0%
  [SIM ] avg_power(a)=0.4767 rsu_q=4.036 tx=194 no_tx=0 deadlock=0 svc=26.072GHz idle=10.7%
   271    15.7s    0.0010    75.0%    75.0%    85.4%       0%/100%/0%    1.863    0.017    25.0%     0.0%   0.4690   0.0037     0.7%
   272    15.1s    0.0011    75.0%    75.0%    90.1%       0%/100%/0%    1.835    0.015    25.0%     0.0%   0.4590  -0.0036     0.1%
   273    16.4s    0.0002    50.0%    50.0%    78.3%       0%/100%/0%    1.752    0.021    50.0%     0.0%   0.5200   0.0013     1.3%
   274    15.0s    0.0005    55.0%    55.0%    84.9%       0%/100%/0%    1.653    0.018    45.0%     0.0%   0.5601   0.0009     0.2%
   275    15.2s    0.0012    80.0%    80.0%    93.4%       0%/100%/0%    1.846    0.014    20.0%     0.0%   0.4872  -0.0052     0.7%
   276     4.9s    0.0109    90.0%    90.0%    98.0%       0%/100%/0%    1.943    0.099    10.0%     0.0%   0.4258  -0.0015     0.0%
   277    14.6s    0.0013    80.0%    80.0%    90.7%       0%/100%/0%    1.658    0.013    20.0%     0.0%   0.5022  -0.0024     1.3%
   278     5.2s    0.0067    70.0%    70.0%    89.6%       0%/100%/0%    1.895    0.127    30.0%     0.0%   0.4401   0.0059     0.2%
   279     5.7s    0.0029    55.0%    55.0%    81.9%       0%/100%/0%    1.697    0.142    45.0%     0.0%   0.4406  -0.0019     0.0%
   280     4.7s    0.0102    85.0%    85.0%    98.3%       0%/100%/0%    1.783    0.113    15.0%     0.0%   0.4405   0.0009     0.1%
  [MA20] reward=0.0029 task_sr=68.0% miss=31.5% time_limit=65.0% v2v=0.0%
  [PPO ] p_loss=-0.0008 v_loss=7.5499 entropy=0.4405 grad=25.5545 active=100.0%
  [SIM ] avg_power(a)=0.4856 rsu_q=6.259 tx=235 no_tx=0 deadlock=0 svc=32.514GHz idle=11.1%

    Ep    Wall    R/step     T_SR     V_SR     S_SR            L/R/V   Lat(s)       En     Miss      Ill      Ent       KL     Clip
--------------------------------------------------------------------------------------------------------------------------------
   281    15.6s    0.0012    80.0%    80.0%    89.1%       0%/100%/0%    1.740    0.016    20.0%     0.0%   0.4648  -0.0029     1.0%
   282    17.0s    0.0006    60.0%    60.0%    83.0%       0%/100%/0%    1.890    0.020    40.0%     0.0%   0.4620   0.0005     0.8%
   283     4.9s    0.0091    80.0%    80.0%    93.2%       0%/100%/0%    1.858    0.142    20.0%     0.0%   0.4108  -0.0034     0.5%
   284    15.4s    0.0013    80.0%    80.0%    93.6%       0%/100%/0%    1.553    0.013    20.0%     0.0%   0.4135   0.0043     0.2%
   285     4.5s    0.0120    90.0%    90.0%    99.2%       0%/100%/0%    1.741    0.073    10.0%     0.0%   0.3944  -0.0013     0.0%
   286    15.5s    0.0006    60.0%    60.0%    87.2%       0%/100%/0%    1.729    0.015    40.0%     0.0%   0.4984   0.0059     1.7%
   287     5.1s    0.0094    80.0%    80.0%    97.8%       0%/100%/0%    1.819    0.105    20.0%     0.0%   0.4483  -0.0003     0.0%
   288     4.8s    0.0115    90.0%    90.0%    97.5%       0%/100%/0%    1.812    0.092    10.0%     0.0%   0.4317   0.0030     0.1%
   289    15.1s    0.0008    65.0%    65.0%    86.3%       0%/100%/0%    1.833    0.017    35.0%     0.0%   0.4460  -0.0022     1.8%
   290    15.2s    0.0011    65.0%    65.0%    89.8%       0%/100%/0%    1.881    0.019    30.0%     0.0%   0.4659   0.0024     0.3%
  [MA20] reward=0.0042 task_sr=73.3% miss=26.5% time_limit=60.0% v2v=0.0%
  [PPO ] p_loss=0.0002 v_loss=0.7610 entropy=0.4659 grad=3.0452 active=100.0%
  [SIM ] avg_power(a)=0.4814 rsu_q=0.760 tx=223 no_tx=0 deadlock=0 svc=4.346GHz idle=0.0%
   291    16.0s    0.0005    60.0%    60.0%    83.8%       0%/100%/0%    1.774    0.019    40.0%     0.0%   0.4578   0.0044     2.0%
   292    15.4s    0.0012    75.0%    75.0%    87.4%       0%/100%/0%    1.664    0.017    25.0%     0.0%   0.4564  -0.0047     1.8%
   293    15.2s    0.0009    65.0%    65.0%    79.6%       0%/100%/0%    1.681    0.021    30.0%     0.0%   0.4774  -0.0036     1.5%
   294     4.4s    0.0113    85.0%    85.0%    97.0%       0%/100%/0%    1.712    0.106    15.0%     0.0%   0.3871   0.0033     0.3%
   295    16.2s    0.0009    70.0%    70.0%    89.0%       0%/100%/0%    1.791    0.015    30.0%     0.0%   0.4461   0.0010     3.0%
   296    15.5s    0.0007    65.0%    65.0%    86.7%       0%/100%/0%    1.877    0.014    35.0%     0.0%   0.4491   0.0077     2.5%
   297     4.9s    0.0104    85.0%    85.0%    95.7%       0%/100%/0%    1.813    0.080    15.0%     0.0%   0.3723   0.0022     0.0%
   298    16.0s    0.0004    55.0%    55.0%    78.1%       0%/100%/0%    1.725    0.017    45.0%     0.0%   0.4198   0.0003     1.0%
   299    15.6s    0.0008    65.0%    65.0%    87.6%       0%/100%/0%    1.720    0.017    35.0%     0.0%   0.4342  -0.0004     0.2%
   300    16.0s    0.0006    60.0%    60.0%    85.5%       0%/100%/0%    1.851    0.017    40.0%     0.0%   0.4232  -0.0022     2.0%
  [MA20] reward=0.0038 task_sr=71.8% miss=27.7% time_limit=70.0% v2v=0.0%
  [PPO ] p_loss=0.0038 v_loss=0.2186 entropy=0.4232 grad=2.1712 active=100.0%
  [SIM ] avg_power(a)=0.4333 rsu_q=0.715 tx=229 no_tx=0 deadlock=0 svc=3.762GHz idle=0.0%

    Ep    Wall    R/step     T_SR     V_SR     S_SR            L/R/V   Lat(s)       En     Miss      Ill      Ent       KL     Clip
--------------------------------------------------------------------------------------------------------------------------------
   301    15.3s    0.0009    70.0%    70.0%    87.9%       0%/100%/0%    1.797    0.016    30.0%     0.0%   0.4576  -0.0017     2.0%
   302    14.6s    0.0012    80.0%    80.0%    92.4%       0%/100%/0%    1.838    0.015    20.0%     0.0%   0.4404   0.0016     1.1%
   303     5.3s    0.0040    60.0%    60.0%    92.4%       0%/100%/0%    1.752    0.150    40.0%     0.0%   0.4403   0.0018     0.3%
   304    14.9s    0.0009    70.0%    70.0%    84.7%       0%/100%/0%    1.895    0.018    30.0%     0.0%   0.3828   0.0046     0.7%
   305    16.3s    0.0007    65.0%    65.0%    81.5%       0%/100%/0%    1.735    0.019    35.0%     0.0%   0.4475   0.0048     1.0%
   306    14.7s    0.0012    80.0%    80.0%    92.8%       0%/100%/0%    1.900    0.013    20.0%     0.0%   0.4010   0.0066     1.9%
   307     4.9s    0.0104    85.0%    85.0%    91.8%       0%/100%/0%    1.910    0.117    15.0%     0.0%   0.4578   0.0051     0.0%
   308    15.1s    0.0011    75.0%    75.0%    84.8%       0%/100%/0%    1.629    0.016    25.0%     0.0%   0.4253   0.0004     0.8%
   309    16.0s    0.0009    70.0%    70.0%    79.8%       0%/100%/0%    1.876    0.021    30.0%     0.0%   0.4077   0.0020     2.0%
   310     4.8s    0.0084    75.0%    75.0%    92.6%       0%/100%/0%    1.925    0.120    25.0%     0.0%   0.4123   0.0011     0.4%
  [MA20] reward=0.0029 task_sr=70.7% miss=29.0% time_limit=75.0% v2v=0.0%
  [PPO ] p_loss=0.0006 v_loss=7.3724 entropy=0.4123 grad=34.8328 active=100.0%
  [SIM ] avg_power(a)=0.4678 rsu_q=6.192 tx=228 no_tx=0 deadlock=0 svc=32.658GHz idle=3.8%
   311    15.1s    0.0010    75.0%    75.0%    86.6%       0%/100%/0%    1.840    0.013    25.0%     0.0%   0.4149   0.0050     0.9%
   312    14.3s    0.0009    70.0%    70.0%    91.1%       0%/100%/0%    1.718    0.014    30.0%     0.0%   0.4139   0.0026     0.4%
   313    14.3s    0.0011    70.0%    70.0%    84.3%       0%/100%/0%    1.658    0.015    30.0%     0.0%   0.4942   0.0088     0.1%
   314     5.3s    0.0063    70.0%    70.0%    87.4%       0%/100%/0%    1.876    0.141    30.0%     0.0%   0.4107   0.0053     0.2%
   315    15.7s    0.0011    75.0%    75.0%    84.9%       0%/100%/0%    1.672    0.018    25.0%     0.0%   0.4505   0.0087     2.0%
   316    13.9s    0.0012    80.0%    80.0%    93.4%       0%/100%/0%    1.824    0.015    20.0%     0.0%   0.4166   0.0016     1.1%
   317    16.9s   -0.0001    35.0%    35.0%    78.4%       0%/100%/0%    1.585    0.023    60.0%     0.0%   0.4904   0.0050     0.8%
   318    14.3s    0.0010    75.0%    75.0%    95.5%       0%/100%/0%    1.951    0.013    25.0%     0.0%   0.4504   0.0007     0.8%
   319     4.1s    0.0134    90.0%    90.0%    96.8%       0%/100%/0%    1.669    0.112    10.0%     0.0%   0.4203  -0.0017     0.8%
   320    15.9s    0.0005    60.0%    60.0%    83.3%       0%/100%/0%    1.853    0.020    40.0%     0.0%   0.5017   0.0025     0.4%
  [MA20] reward=0.0028 task_sr=71.5% miss=28.2% time_limit=75.0% v2v=0.0%
  [PPO ] p_loss=-0.0042 v_loss=0.4285 entropy=0.5017 grad=2.5499 active=100.0%
  [SIM ] avg_power(a)=0.4851 rsu_q=0.715 tx=194 no_tx=0 deadlock=0 svc=3.171GHz idle=0.0%

    Ep    Wall    R/step     T_SR     V_SR     S_SR            L/R/V   Lat(s)       En     Miss      Ill      Ent       KL     Clip
--------------------------------------------------------------------------------------------------------------------------------
   321     4.9s    0.0099    80.0%    80.0%    94.9%       0%/100%/0%    1.880    0.122    20.0%     0.0%   0.3816   0.0026     0.1%
   322    14.7s    0.0019    85.0%    85.0%    91.7%        0%/99%/0%    1.619    0.008    15.0%     0.0%   0.4236  -0.0004     0.4%
   323     6.0s    0.0028    55.0%    55.0%    92.2%       0%/100%/0%    1.907    0.130    45.0%     0.0%   0.4538   0.0039     0.0%
   324    15.4s    0.0010    75.0%    75.0%    89.3%       0%/100%/0%    1.946    0.016    25.0%     0.0%   0.4279   0.0045     0.2%
   325    16.8s    0.0007    65.0%    65.0%    82.9%       0%/100%/0%    1.865    0.025    35.0%     0.0%   0.4944  -0.0011     0.5%
   326    13.9s    0.0008    70.0%    70.0%    95.2%       0%/100%/0%    1.942    0.018    30.0%     0.0%   0.5039   0.0010     1.3%
   327     5.2s    0.0084    75.0%    75.0%    90.5%       0%/100%/0%    1.710    0.114    25.0%     0.0%   0.4298  -0.0032     0.2%
   328     4.5s    0.0081    75.0%    75.0%    97.3%       0%/100%/0%    1.848    0.123    25.0%     0.0%   0.4052  -0.0017     0.1%
   329     4.7s    0.0107    85.0%    85.0%    96.5%       0%/100%/0%    1.759    0.129    15.0%     0.0%   0.4695  -0.0002     0.3%
   330    16.9s    0.0013    70.0%    70.0%    88.2%        0%/99%/1%    1.675    0.012    30.0%     0.0%   0.4570   0.0087     1.8%
  [MA20] reward=0.0036 task_sr=71.8% miss=28.0% time_limit=65.0% v2v=0.1%
  [PPO ] p_loss=0.0053 v_loss=1.1127 entropy=0.4570 grad=12.5348 active=100.0%
  [SIM ] avg_power(a)=0.4965 rsu_q=0.730 tx=213 no_tx=1 deadlock=0 svc=3.730GHz idle=0.0%
   331    14.2s    0.0016    90.0%    90.0%    97.1%        1%/99%/0%    1.724    0.011    10.0%     0.0%   0.4202   0.0081     0.7%
   332    15.3s    0.0010    70.0%    70.0%    87.1%        1%/99%/0%    1.711    0.017    30.0%     0.0%   0.5150   0.0070     0.5%
   333    19.5s    0.0016    80.0%    80.0%    82.7%        2%/97%/1%    1.642    0.010    20.0%     0.0%   0.4879   0.0013     2.4%
   334    17.8s    0.0014    70.0%    70.0%    83.8%        1%/98%/1%    1.841    0.013    30.0%     0.0%   0.5414   0.0080     3.9%
   335    17.1s    0.0008    60.0%    60.0%    83.6%        3%/95%/2%    1.734    0.009    40.0%     0.0%   0.5942   0.0106     4.6%
   336    15.5s    0.0014    80.0%    80.0%    90.9%        6%/91%/3%    1.757    0.002    20.0%     0.0%   0.6155   0.0013     1.6%
   337    14.8s    0.0010    75.0%    75.0%    97.8%        5%/91%/4%    1.933    0.002    25.0%     0.0%   0.6067   0.0051     2.3%
   338    16.2s    0.0013    70.0%    70.0%    87.7%        4%/94%/2%    1.838    0.004    25.0%     0.0%   0.6326   0.0132     3.1%
   339     5.1s    0.0123    90.0%    90.0%    98.7%        6%/90%/4%    1.701    0.023    10.0%     0.0%   0.5881  -0.0032     1.8%
   340    14.4s    0.0010    75.0%    75.0%    93.2%        8%/90%/2%    1.907    0.002    25.0%     0.0%   0.6600   0.0011     3.5%
  [MA20] reward=0.0035 task_sr=74.8% miss=25.0% time_limit=70.0% v2v=1.1%
  [PPO ] p_loss=0.0082 v_loss=0.6725 entropy=0.6600 grad=5.3574 active=100.0%
  [SIM ] avg_power(a)=0.4907 rsu_q=0.770 tx=221 no_tx=19 deadlock=0 svc=3.823GHz idle=0.0%

    Ep    Wall    R/step     T_SR     V_SR     S_SR            L/R/V   Lat(s)       En     Miss      Ill      Ent       KL     Clip
--------------------------------------------------------------------------------------------------------------------------------
   341     5.6s    0.0076    75.0%    75.0%    93.8%        6%/92%/3%    1.959    0.014    25.0%     0.0%   0.5792   0.0001     2.0%
   342    16.1s    0.0015    90.0%    90.0%    93.9%        9%/91%/1%    1.890    0.001    10.0%     0.0%   0.4755   0.0062     2.4%
   343    15.0s    0.0017    90.0%    90.0%    91.7%        5%/94%/2%    1.817    0.003     5.0%     0.0%   0.5412   0.0049     1.2%
   344    14.4s    0.0011    70.0%    70.0%    91.0%        8%/92%/0%    1.751 5.91e-04    25.0%     0.0%   0.4864   0.0022     0.9%
   345     4.5s    0.0154   100.0%   100.0%   100.0%        8%/92%/0%    1.737    0.004     0.0%     0.0%   0.4237   0.0003     0.9%
   346    14.6s    0.0010    75.0%    75.0%    95.1%        8%/92%/0%    1.853 5.68e-04    25.0%     0.0%   0.4235  -0.0012     1.0%
   347    15.6s    0.0015    80.0%    80.0%    87.4%        8%/91%/1%    1.786 5.20e-04    15.0%     0.0%   0.4398   0.0046     2.2%
   348    15.2s    0.0010    75.0%    75.0%    95.7%        9%/91%/0%    1.950 5.66e-05    25.0%     0.0%   0.4296  -0.0015     0.5%
   349    13.9s    0.0016    90.0%    90.0%    96.8%        9%/91%/0%    1.841    0.000    10.0%     0.0%   0.4274   0.0095     1.6%
   350    13.2s    0.0012    80.0%    80.0%    98.5%       10%/90%/0%    1.706 1.45e-04    20.0%     0.0%   0.3515   0.0039     0.9%
  [MA20] reward=0.0028 task_sr=79.3% miss=19.8% time_limit=85.0% v2v=1.4%
  [PPO ] p_loss=0.0071 v_loss=0.9644 entropy=0.3515 grad=3.7402 active=100.0%
  [SIM ] avg_power(a)=0.4962 rsu_q=0.920 tx=180 no_tx=20 deadlock=0 svc=3.340GHz idle=0.0%
  → Best model saved: Success Rate = 0.750 (50-ep avg)
   351    14.8s    0.0005    60.0%    60.0%    93.1%       10%/89%/0%    1.992    0.000    40.0%     0.0%   0.4257   0.0077     1.4%
   352    14.8s    0.0015    90.0%    90.0%    95.5%        8%/92%/0%    1.760    0.000    10.0%     0.0%   0.3825   0.0042     0.4%
   353    15.4s    0.0015    90.0%    90.0%    96.7%        8%/92%/0%    1.793    0.000    10.0%     0.0%   0.3722   0.0057     0.2%
   354     6.5s    0.0034    60.0%    60.0%    93.9%        8%/92%/0%    2.057    0.000    40.0%     0.0%   0.4080   0.0019     0.0%
   355    15.1s    0.0012    80.0%    80.0%    96.2%        8%/92%/0%    1.751 9.59e-05    20.0%     0.0%   0.3365 -7.25e-05     1.1%
   356     5.2s    0.0132    95.0%    95.0%    99.6%        9%/91%/0%    1.766    0.000     5.0%     0.0%   0.3294  -0.0003     0.0%
   357     5.7s    0.0096    80.0%    80.0%    96.9%        8%/92%/0%    1.956    0.000    20.0%     0.0%   0.3661   0.0018     0.6%
   358    14.0s    0.0015    90.0%    90.0%    93.5%       10%/90%/0%    1.707    0.000     5.0%     0.0%   0.4104   0.0062     1.0%
   359    15.9s    0.0010    75.0%    75.0%    96.0%        8%/92%/0%    1.922 1.48e-05    25.0%     0.0%   0.4309   0.0186     1.6%
   360    16.1s    0.0008    70.0%    70.0%    93.7%        9%/91%/0%    1.916    0.000    30.0%     0.0%   0.3802  -0.0011     1.0%
  [MA20] reward=0.0034 task_sr=80.8% miss=18.2% time_limit=75.0% v2v=0.4%
  [PPO ] p_loss=-0.0011 v_loss=0.7955 entropy=0.3802 grad=5.4522 active=100.0%
  [SIM ] avg_power(a)=0.4956 rsu_q=1.170 tx=211 no_tx=20 deadlock=0 svc=3.987GHz idle=0.0%

    Ep    Wall    R/step     T_SR     V_SR     S_SR            L/R/V   Lat(s)       En     Miss      Ill      Ent       KL     Clip
--------------------------------------------------------------------------------------------------------------------------------
   361     5.2s    0.0104    85.0%    85.0%    98.9%        8%/92%/0%    1.931    0.000    15.0%     0.0%   0.3607   0.0043     0.3%
   362     4.0s    0.0162   100.0%   100.0%   100.0%        9%/91%/0%    1.697    0.000     0.0%     0.0%   0.3002  -0.0038     0.5%
   363    14.2s    0.0015    90.0%    90.0%    97.0%        8%/92%/0%    1.795 3.44e-05    10.0%     0.0%   0.3325   0.0117     1.9%
   364     4.7s    0.0133    90.0%    90.0%    97.9%        8%/92%/0%    1.796 7.49e-04    10.0%     0.0%   0.3489   0.0015     0.4%
   365    13.9s    0.0017    95.0%    95.0%    97.6%       10%/90%/0%    1.726    0.000     5.0%     0.0%   0.3444   0.0039     0.5%
   366     4.9s    0.0120    95.0%    95.0%    99.6%        9%/91%/0%    1.907    0.000     5.0%     0.0%   0.3554   0.0001     0.6%
   367    14.7s    0.0012    80.0%    80.0%    90.8%        8%/92%/0%    1.837    0.000    20.0%     0.0%   0.3972   0.0020     4.0%
   368    13.8s    0.0010    75.0%    75.0%    96.7%        9%/91%/0%    1.788    0.000    25.0%     0.0%   0.4007   0.0024     0.7%
   369    16.2s    0.0010    75.0%    75.0%    93.3%        7%/93%/0%    2.092    0.000    25.0%     0.0%   0.4104   0.0017     0.7%
   370    15.1s    0.0015    90.0%    90.0%    94.8%        9%/91%/0%    1.751    0.000    10.0%     0.0%   0.4129   0.0015     2.1%
  [MA20] reward=0.0047 task_sr=83.3% miss=16.5% time_limit=65.0% v2v=0.0%
  [PPO ] p_loss=0.0019 v_loss=0.8770 entropy=0.4129 grad=2.4240 active=100.0%
  [SIM ] avg_power(a)=0.4990 rsu_q=0.900 tx=206 no_tx=20 deadlock=0 svc=3.703GHz idle=0.0%
  → Best model saved: Success Rate = 0.797 (50-ep avg)
   371    15.2s    0.0012    80.0%    80.0%    95.1%        9%/91%/0%    1.808    0.000    20.0%     0.0%   0.3563   0.0057     2.0%
   372     4.9s    0.0119    90.0%    90.0%   100.0%        9%/91%/0%    1.801    0.000    10.0%     0.0%   0.3665   0.0046     0.0%
   373     4.6s    0.0109    85.0%    85.0%    99.1%        9%/91%/0%    1.838    0.000    15.0%     0.0%   0.3292   0.0009     0.1%
   374    16.1s    0.0015    90.0%    90.0%    92.3%        9%/91%/0%    1.809    0.000     5.0%     0.0%   0.4140   0.0002     2.6%
   375    14.9s    0.0008    70.0%    70.0%    96.4%        9%/91%/0%    2.127    0.000    30.0%     0.0%   0.4169   0.0027     1.3%
   376    14.3s    0.0012    80.0%    80.0%    94.1%       10%/90%/0%    1.783    0.000    20.0%     0.0%   0.4514   0.0052     2.3%
   377    15.0s    0.0011    80.0%    80.0%    95.4%        9%/91%/0%    2.001    0.000    20.0%     0.0%   0.3763   0.0003     1.2%
   378     4.2s    0.0111    85.0%    85.0%    99.6%        8%/92%/0%    1.900    0.000    15.0%     0.0%   0.3142   0.0011     0.0%
   379    14.2s    0.0012    80.0%    80.0%    97.4%        9%/91%/0%    1.899    0.000    20.0%     0.0%   0.3772   0.0029     0.6%
   380    14.6s    0.0014    85.0%    85.0%    91.1%        8%/92%/0%    1.747 1.29e-04    15.0%     0.0%   0.4412   0.0114     4.6%
  [MA20] reward=0.0051 task_sr=85.0% miss=14.8% time_limit=65.0% v2v=0.0%
  [PPO ] p_loss=-0.0107 v_loss=0.9358 entropy=0.4412 grad=2.9038 active=100.0%
  [SIM ] avg_power(a)=0.4970 rsu_q=0.875 tx=213 no_tx=19 deadlock=0 svc=3.882GHz idle=0.0%
  → Best model saved: Success Rate = 0.815 (50-ep avg)

    Ep    Wall    R/step     T_SR     V_SR     S_SR            L/R/V   Lat(s)       En     Miss      Ill      Ent       KL     Clip
--------------------------------------------------------------------------------------------------------------------------------
   381    14.6s    0.0017    95.0%    95.0%    98.1%        8%/92%/0%    2.017    0.000     5.0%     0.0%   0.3609  -0.0002     1.4%
   382    13.8s    0.0015    90.0%    90.0%    97.0%        9%/91%/0%    1.880    0.000    10.0%     0.0%   0.3613   0.0044     1.7%
   383    16.1s    0.0014    85.0%    85.0%    93.9%        9%/91%/0%    1.780    0.000    15.0%     0.0%   0.3878   0.0057     2.7%
   384    14.4s    0.0012    80.0%    80.0%    98.8%        8%/92%/0%    1.995    0.000    20.0%     0.0%   0.3482  -0.0002     0.0%
   385    15.5s    0.0012    80.0%    80.0%    95.4%        8%/92%/0%    1.805    0.000    20.0%     0.0%   0.3673  -0.0011     2.2%
   386    14.3s    0.0015    90.0%    90.0%    97.1%        8%/92%/0%    1.941    0.000    10.0%     0.0%   0.3901  -0.0010     1.1%
   387    14.8s    0.0015    90.0%    90.0%    97.3%        9%/91%/0%    1.867    0.000    10.0%     0.0%   0.3315   0.0129     1.2%
   388    15.4s    0.0010    75.0%    75.0%    94.6%        9%/91%/0%    1.882    0.000    25.0%     0.0%   0.3486   0.0027     0.6%
   389    14.1s    0.0016    90.0%    90.0%    96.6%        9%/91%/0%    1.727    0.000    10.0%     0.0%   0.3855  -0.0017     0.5%
   390    15.0s    0.0010    75.0%    75.0%    96.0%        8%/92%/0%    1.842 7.67e-05    25.0%     0.0%   0.3717   0.0037     0.7%
  [MA20] reward=0.0028 task_sr=83.8% miss=16.0% time_limit=85.0% v2v=0.0%
  [PPO ] p_loss=0.0038 v_loss=0.6783 entropy=0.3717 grad=3.2646 active=100.0%
  [SIM ] avg_power(a)=0.4923 rsu_q=0.940 tx=225 no_tx=19 deadlock=0 svc=4.198GHz idle=0.0%
   391    14.8s    0.0013    80.0%    80.0%    96.4%        8%/92%/0%    1.803 3.86e-05    20.0%     0.0%   0.3878   0.0084     1.3%
   392    16.0s    0.0010    75.0%    75.0%    90.1%        9%/91%/0%    1.967    0.000    25.0%     0.0%   0.4402   0.0055     3.0%
   393    16.0s    0.0011    80.0%    80.0%    88.9%       10%/90%/0%    1.870    0.000    15.0%     0.0%   0.3697   0.0111     3.0%
   394    14.7s    0.0014    85.0%    85.0%    91.9%        9%/91%/0%    1.814    0.000    15.0%     0.0%   0.4058   0.0093     1.8%
   395    14.5s    0.0014    80.0%    80.0%    96.0%        9%/91%/0%    1.784    0.000    15.0%     0.0%   0.3891  -0.0020     0.9%
   396    13.8s    0.0017    90.0%    90.0%    94.8%        9%/91%/0%    1.901    0.000     5.0%     0.0%   0.4102   0.0017     1.1%
   397     4.6s    0.0143    90.0%    90.0%    99.1%       11%/89%/0%    1.745    0.000    10.0%     0.0%   0.4080   0.0037     0.9%
   398     4.6s    0.0128    95.0%    95.0%    99.6%       10%/90%/0%    1.661    0.000     5.0%     0.0%   0.4091   0.0068     1.3%
   399    14.5s    0.0009    70.0%    70.0%    93.3%       10%/90%/0%    1.756    0.000    30.0%     0.0%   0.3344 -8.96e-05     1.5%
   400     6.0s    0.0060    70.0%    70.0%    93.5%       10%/90%/0%    2.066    0.000    30.0%     0.0%   0.3771   0.0041     1.9%
  [MA20] reward=0.0028 task_sr=83.2% miss=16.0% time_limit=85.0% v2v=0.0%
  [PPO ] p_loss=0.0014 v_loss=4.5329 entropy=0.3771 grad=34.9188 active=100.0%
  [SIM ] avg_power(a)=0.4857 rsu_q=10.034 tx=224 no_tx=25 deadlock=0 svc=33.261GHz idle=10.3%

    Ep    Wall    R/step     T_SR     V_SR     S_SR            L/R/V   Lat(s)       En     Miss      Ill      Ent       KL     Clip
--------------------------------------------------------------------------------------------------------------------------------
   401    14.7s    0.0013    80.0%    80.0%    93.8%        9%/91%/0%    1.855    0.000    15.0%     0.0%   0.4085   0.0063     0.5%
   402    14.2s    0.0014    85.0%    85.0%    97.9%        9%/91%/0%    1.712    0.000    15.0%     0.0%   0.4001 -7.52e-05     0.9%
   403     5.6s    0.0104    85.0%    85.0%    98.8%        8%/92%/0%    1.969    0.000    15.0%     0.0%   0.3383  -0.0020     0.9%
   404     4.6s    0.0138    95.0%    95.0%    99.6%        9%/91%/0%    1.822    0.000     5.0%     0.0%   0.3562  -0.0017     0.7%
   405    17.4s    0.0006    60.0%    60.0%    88.1%        9%/91%/0%    1.981    0.000    40.0%     0.0%   0.4228   0.0004     3.2%
   406    14.1s    0.0016    95.0%    95.0%    95.3%        8%/91%/1%    1.908 2.97e-04     0.0%     0.0%   0.3983   0.0002     1.9%
   407    14.6s    0.0016    90.0%    90.0%    95.1%       10%/90%/0%    1.677    0.000    10.0%     0.0%   0.3839  -0.0001     2.6%
   408     5.0s    0.0097    80.0%    80.0%    97.9%       10%/90%/0%    1.880    0.000    20.0%     0.0%   0.3567   0.0027     0.9%
   409    17.2s    0.0009    70.0%    70.0%    88.4%        9%/91%/0%    1.936    0.000    30.0%     0.0%   0.4699   0.0073     3.4%
   410    15.1s    0.0009    70.0%    70.0%    90.1%       10%/90%/0%    1.957    0.000    25.0%     0.0%   0.4112   0.0099     3.3%
  [MA20] reward=0.0042 task_sr=81.2% miss=17.2% time_limit=70.0% v2v=0.0%
  [PPO ] p_loss=0.0083 v_loss=0.8707 entropy=0.4112 grad=4.6812 active=100.0%
  [SIM ] avg_power(a)=0.4970 rsu_q=1.100 tx=213 no_tx=23 deadlock=0 svc=4.463GHz idle=0.0%
   411    15.2s    0.0013    85.0%    85.0%    97.9%        9%/91%/0%    1.877    0.000    15.0%     0.0%   0.3732   0.0085     1.2%
   412    15.7s    0.0014    85.0%    85.0%    93.8%        8%/92%/0%    1.865    0.000    15.0%     0.0%   0.4144   0.0052     1.9%
   413    14.7s    0.0012    80.0%    80.0%    94.1%        9%/91%/0%    1.830    0.000    20.0%     0.0%   0.3744 -4.17e-05     1.9%
   414    15.1s    0.0013    80.0%    80.0%    92.1%        8%/92%/0%    1.813 1.38e-04    15.0%     0.0%   0.3707   0.0191     1.9%
   415     5.2s    0.0072    75.0%    75.0%    93.0%        9%/91%/0%    2.007    0.000    25.0%     0.0%   0.4217   0.0022     0.4%
   416    17.5s    0.0000    45.0%    45.0%    87.9%        9%/91%/0%    2.138    0.000    55.0%     0.0%   0.3941   0.0244     1.7%
   417     4.9s    0.0087    75.0%    75.0%    92.6%       10%/90%/0%    1.673    0.000    25.0%     0.0%   0.3271   0.0041     0.1%
   418    14.0s    0.0016    90.0%    90.0%    97.8%        9%/91%/0%    1.730    0.000    10.0%     0.0%   0.3389  -0.0014     1.3%
   419    15.0s    0.0004    45.0%    45.0%    85.7%        9%/91%/0%    1.722    0.000    45.0%     0.0%   0.4341   0.0063     2.8%
   420     4.7s    0.0100    80.0%    80.0%    94.5%        9%/91%/0%    1.798    0.000    20.0%     0.0%   0.3342   0.0002     0.0%
  [MA20] reward=0.0038 task_sr=77.5% miss=21.0% time_limit=70.0% v2v=0.1%
  [PPO ] p_loss=-0.0014 v_loss=6.9790 entropy=0.3342 grad=41.6044 active=100.0%
  [SIM ] avg_power(a)=0.4689 rsu_q=10.792 tx=208 no_tx=20 deadlock=0 svc=34.517GHz idle=4.2%

    Ep    Wall    R/step     T_SR     V_SR     S_SR            L/R/V   Lat(s)       En     Miss      Ill      Ent       KL     Clip
--------------------------------------------------------------------------------------------------------------------------------
   421     4.5s    0.0117    85.0%    85.0%    96.4%        9%/91%/0%    1.728    0.000    15.0%     0.0%   0.3515  -0.0025     0.9%
   422    14.3s    0.0016    90.0%    90.0%    97.4%        9%/91%/0%    1.734    0.000    10.0%     0.0%   0.3717  -0.0021     0.4%
   423     5.0s    0.0095    85.0%    85.0%    98.8%        8%/92%/0%    1.910    0.000    15.0%     0.0%   0.3629   0.0014     0.0%
   424    14.1s    0.0007    60.0%    60.0%    89.4%        9%/91%/0%    1.789    0.000    30.0%     0.0%   0.3779 -9.33e-05     1.3%
   425     4.1s    0.0136    90.0%    90.0%    99.6%        9%/91%/0%    1.786    0.000    10.0%     0.0%   0.3325   0.0031     0.0%
   426     4.8s    0.0092    80.0%    80.0%    97.3%        9%/91%/0%    2.018 2.42e-04    20.0%     0.0%   0.3116   0.0091     0.5%
   427    14.3s    0.0016    90.0%    90.0%    96.5%        9%/91%/0%    1.759    0.000    10.0%     0.0%   0.3898   0.0056     1.6%
   428    16.0s    0.0010    75.0%    75.0%    96.4%        8%/92%/0%    2.035 2.24e-05    25.0%     0.0%   0.3274   0.0039     0.8%
   429    16.2s    0.0012    80.0%    80.0%    95.1%        8%/92%/0%    2.025    0.000    20.0%     0.0%   0.3570   0.0018     0.1%
   430    14.5s    0.0012    80.0%    80.0%    96.3%        9%/91%/0%    1.909    0.000    20.0%     0.0%   0.3421   0.0010     0.8%
  [MA20] reward=0.0042 task_sr=77.8% miss=21.0% time_limit=65.0% v2v=0.0%
  [PPO ] p_loss=0.0037 v_loss=0.5498 entropy=0.3421 grad=4.5629 active=100.0%
  [SIM ] avg_power(a)=0.4898 rsu_q=1.075 tx=215 no_tx=20 deadlock=0 svc=4.014GHz idle=0.0%
   431    15.2s    0.0008    70.0%    70.0%    92.6%        9%/91%/0%    1.977    0.000    30.0%     0.0%   0.3496   0.0032     1.1%
   432     4.5s    0.0118    90.0%    90.0%    99.1%        9%/91%/0%    1.810    0.000    10.0%     0.0%   0.3177 4.26e-05     0.0%
   433    14.3s    0.0015    90.0%    90.0%    97.8%        9%/91%/0%    1.784    0.000    10.0%     0.0%   0.3531   0.0010     0.9%
   434    14.7s    0.0012    80.0%    80.0%    95.5%        9%/91%/0%    1.800    0.000    20.0%     0.0%   0.3679   0.0031     1.8%
   435     4.6s    0.0107    85.0%    85.0%    98.2%        9%/91%/0%    1.742 5.68e-05    15.0%     0.0%   0.3379   0.0134     0.5%
   436    13.7s    0.0017    95.0%    95.0%    97.8%        9%/91%/0%    1.747    0.000     5.0%     0.0%   0.3257  -0.0029     0.5%
   437    14.2s    0.0014    85.0%    85.0%    98.2%        9%/91%/0%    1.789    0.000    15.0%     0.0%   0.3414   0.0034     0.8%
   438     4.2s    0.0160   100.0%   100.0%   100.0%        8%/92%/0%    1.870    0.000     0.0%     0.0%   0.3030   0.0003     0.0%
   439    14.2s    0.0012    80.0%    80.0%    95.9%        9%/91%/0%    1.812    0.000    20.0%     0.0%   0.3930   0.0055     1.3%
   440     4.9s    0.0091    80.0%    80.0%    99.6%        9%/91%/0%    1.909    0.000    20.0%     0.0%   0.3210   0.0027     0.1%
  [MA20] reward=0.0053 task_sr=83.5% miss=16.0% time_limit=60.0% v2v=0.0%
  [PPO ] p_loss=5.71e-05 v_loss=8.2769 entropy=0.3210 grad=63.4457 active=100.0%
  [SIM ] avg_power(a)=0.4766 rsu_q=11.560 tx=210 no_tx=20 deadlock=0 svc=36.450GHz idle=16.0%

    Ep    Wall    R/step     T_SR     V_SR     S_SR            L/R/V   Lat(s)       En     Miss      Ill      Ent       KL     Clip
--------------------------------------------------------------------------------------------------------------------------------
   441     4.9s    0.0085    80.0%    80.0%    98.3%        8%/92%/0%    1.842    0.000    20.0%     0.0%   0.3886   0.0030     0.0%
   442    14.7s    0.0014    90.0%    90.0%    95.5%        8%/92%/0%    1.981    0.000    10.0%     0.0%   0.3988 -4.39e-05     1.1%
   443    14.6s    0.0013    80.0%    80.0%    94.5%        9%/91%/0%    1.980    0.000    15.0%     0.0%   0.3311   0.0045     0.8%
   444     4.4s    0.0139    95.0%    95.0%    99.6%        9%/91%/0%    1.803    0.000     5.0%     0.0%   0.3731   0.0019     0.1%
   445     4.1s    0.0135    90.0%    90.0%    98.2%        9%/91%/0%    1.642    0.000    10.0%     0.0%   0.3891   0.0057     0.0%
   446    14.1s    0.0013    85.0%    85.0%    95.8%        9%/91%/0%    1.866    0.000    15.0%     0.0%   0.3884   0.0027     0.5%
   447     4.5s    0.0115    90.0%    90.0%    99.2%        8%/92%/0%    1.827    0.000    10.0%     0.0%   0.3643  -0.0005     0.0%
   448     4.7s    0.0107    85.0%    85.0%    97.9%        8%/92%/0%    1.850    0.000    15.0%     0.0%   0.3571   0.0009     0.0%
   449    15.2s    0.0014    85.0%    85.0%    96.9%        8%/92%/0%    1.987    0.000    15.0%     0.0%   0.3661   0.0008     0.6%
   450     4.6s    0.0131    95.0%    95.0%    99.6%        8%/92%/0%    1.891    0.000     5.0%     0.0%   0.2880   0.0021     0.0%
  [MA20] reward=0.0066 task_sr=86.5% miss=13.2% time_limit=50.0% v2v=0.0%
  [PPO ] p_loss=-0.0008 v_loss=9.7879 entropy=0.2880 grad=71.8605 active=100.0%
  [SIM ] avg_power(a)=0.4745 rsu_q=10.440 tx=218 no_tx=20 deadlock=0 svc=34.568GHz idle=8.0%
   451    14.1s    0.0006    60.0%    60.0%    89.8%        9%/90%/0%    1.878    0.000    40.0%     0.0%   0.4083   0.0032     2.9%
   452    14.5s    0.0014    85.0%    85.0%    92.3%        9%/91%/0%    1.735    0.000    15.0%     0.0%   0.3555   0.0096     2.1%
   453    13.0s    0.0016    90.0%    90.0%    99.6%        9%/91%/0%    1.843    0.000    10.0%     0.0%   0.3172   0.0035     0.6%
   454    15.1s    0.0015    85.0%    85.0%    94.2%        9%/91%/0%    1.813    0.000    10.0%     0.0%   0.3996  -0.0002     0.4%
   455    15.3s    0.0018    95.0%    95.0%    96.8%        8%/92%/0%    1.850    0.000     5.0%     0.0%   0.4041   0.0040     0.5%
   456    14.8s    0.0015    90.0%    90.0%    97.6%        8%/92%/0%    1.860    0.000    10.0%     0.0%   0.3981   0.0029     1.2%
   457     5.9s    0.0065    70.0%    70.0%    96.4%        8%/92%/0%    1.915    0.000    30.0%     0.0%   0.3660  -0.0019     0.0%
   458    15.1s    0.0013    85.0%    85.0%    96.2%        9%/91%/0%    1.790    0.000    15.0%     0.0%   0.3833   0.0057     0.6%
   459    15.5s    0.0011    80.0%    80.0%    89.8%        9%/91%/0%    1.811    0.000    15.0%     0.0%   0.4040   0.0053     2.1%
   460    14.3s    0.0015    90.0%    90.0%    98.7%        9%/91%/0%    1.928    0.000    10.0%     0.0%   0.3210   0.0004     1.5%
  [MA20] reward=0.0048 task_sr=85.2% miss=14.0% time_limit=65.0% v2v=0.0%
  [PPO ] p_loss=0.0040 v_loss=0.7226 entropy=0.3210 grad=2.7722 active=100.0%
  [SIM ] avg_power(a)=0.4970 rsu_q=1.130 tx=213 no_tx=20 deadlock=0 svc=3.860GHz idle=0.0%

    Ep    Wall    R/step     T_SR     V_SR     S_SR            L/R/V   Lat(s)       En     Miss      Ill      Ent       KL     Clip
--------------------------------------------------------------------------------------------------------------------------------
   461     5.1s    0.0094    80.0%    80.0%    97.5%        9%/91%/0%    1.907    0.000    20.0%     0.0%   0.3644   0.0022     0.8%
   462    15.9s    0.0007    65.0%    65.0%    92.1%       10%/90%/0%    1.877    0.000    35.0%     0.0%   0.3444   0.0056     1.8%
   463    15.0s    0.0013    85.0%    85.0%    97.9%        8%/92%/0%    1.993    0.000    15.0%     0.0%   0.3802  -0.0004     0.2%
   464     4.8s    0.0105    85.0%    85.0%    98.7%        9%/91%/0%    1.838    0.000    15.0%     0.0%   0.3294   0.0006     0.0%
   465    16.1s    0.0010    75.0%    75.0%    95.9%        8%/92%/0%    1.913    0.000    25.0%     0.0%   0.3479   0.0050     0.8%
   466     4.1s    0.0128    90.0%    90.0%    99.1%        9%/91%/0%    1.769    0.000    10.0%     0.0%   0.2971  -0.0002     0.2%
   467    15.9s    0.0007    65.0%    65.0%    91.3%       10%/90%/0%    1.745    0.000    35.0%     0.0%   0.3907  -0.0026     2.1%
   468     4.7s    0.0120    90.0%    90.0%    98.8%        8%/92%/0%    1.843    0.000    10.0%     0.0%   0.3735  -0.0028     0.0%
   469    14.7s    0.0016    95.0%    95.0%    98.5%        7%/93%/0%    2.072 1.72e-05     5.0%     0.0%   0.3662   0.0009     0.7%
   470    17.4s    0.0007    65.0%    65.0%    90.5%        9%/91%/0%    2.032    0.000    35.0%     0.0%   0.3830   0.0019     1.4%
  [MA20] reward=0.0035 task_sr=81.2% miss=18.2% time_limit=75.0% v2v=0.0%
  [PPO ] p_loss=-0.0017 v_loss=0.7363 entropy=0.3830 grad=6.6331 active=100.0%
  [SIM ] avg_power(a)=0.4930 rsu_q=0.985 tx=215 no_tx=21 deadlock=0 svc=4.088GHz idle=0.0%
   471    14.9s    0.0008    70.0%    70.0%    94.2%        9%/91%/0%    1.942    0.000    30.0%     0.0%   0.4254   0.0087     1.8%
   472    15.3s    0.0009    70.0%    70.0%    93.1%        9%/91%/0%    1.844    0.000    30.0%     0.0%   0.4015   0.0033     1.7%
   473    15.9s    0.0010    75.0%    75.0%    91.8%        9%/91%/0%    1.839    0.000    25.0%     0.0%   0.4111  -0.0009     1.4%
   474    15.7s    0.0012    85.0%    85.0%    90.9%        9%/91%/0%    1.876    0.000    10.0%     0.0%   0.4108   0.0053     1.1%
   475    15.1s    0.0012    80.0%    80.0%    93.0%        9%/91%/0%    1.845    0.000    20.0%     0.0%   0.4321   0.0082     1.3%
   476    14.9s    0.0012    80.0%    80.0%    96.0%        9%/91%/0%    1.825    0.000    20.0%     0.0%   0.3580   0.0029     0.7%
   477    14.8s    0.0015    90.0%    90.0%    96.2%        8%/92%/0%    1.981    0.000    10.0%     0.0%   0.3433   0.0008     1.1%
   478    15.0s    0.0011    75.0%    75.0%    83.2%        9%/91%/0%    1.833    0.000    10.0%     0.0%   0.3654   0.0025     2.2%
   479    15.8s    0.0017    90.0%    90.0%    97.6%        8%/92%/0%    1.853    0.000    10.0%     0.0%   0.3937   0.0009     1.3%
   480    14.6s    0.0016    90.0%    90.0%    95.8%        9%/91%/0%    1.788    0.000    10.0%     0.0%   0.3315  -0.0066     1.6%
  [MA20] reward=0.0031 task_sr=80.0% miss=19.0% time_limit=80.0% v2v=0.0%
  [PPO ] p_loss=0.0195 v_loss=0.7597 entropy=0.3315 grad=1.8396 active=100.0%
  [SIM ] avg_power(a)=0.4961 rsu_q=0.910 tx=212 no_tx=20 deadlock=0 svc=3.989GHz idle=0.0%

    Ep    Wall    R/step     T_SR     V_SR     S_SR            L/R/V   Lat(s)       En     Miss      Ill      Ent       KL     Clip
--------------------------------------------------------------------------------------------------------------------------------
   481     5.1s    0.0097    80.0%    80.0%    97.4%        9%/91%/0%    1.899    0.000    20.0%     0.0%   0.2946   0.0009     0.5%
   482     4.5s    0.0097    80.0%    80.0%    96.3%        8%/92%/0%    1.905    0.000    20.0%     0.0%   0.3651  -0.0027     0.3%
   483    16.0s    0.0006    65.0%    65.0%    89.2%       10%/90%/0%    1.913    0.000    30.0%     0.0%   0.3550   0.0045     1.3%
   484    18.7s    0.0007    65.0%    65.0%    84.1%        8%/91%/0%    1.951 2.35e-04    35.0%     0.0%   0.4655   0.0111     4.2%
   485    15.8s    0.0010    75.0%    75.0%    92.7%        8%/92%/0%    1.922    0.000    25.0%     0.0%   0.4059  -0.0004     2.4%
   486     4.4s    0.0139    95.0%    95.0%    99.1%        9%/91%/0%    1.810    0.000     5.0%     0.0%   0.3025  -0.0010     0.5%
   487    15.8s    0.0011    75.0%    75.0%    84.7%        9%/91%/0%    1.667 1.39e-04    25.0%     0.0%   0.4402   0.0190     7.5%
   488     5.1s    0.0096    80.0%    80.0%    98.4%        8%/92%/0%    1.904    0.000    20.0%     0.0%   0.3559   0.0068     0.3%
   489     5.0s    0.0114    90.0%    90.0%    99.1%        9%/91%/0%    1.775    0.000    10.0%     0.0%   0.3038   0.0012     0.1%
   490     5.3s    0.0093    80.0%    80.0%    95.7%        8%/92%/0%    1.895 5.65e-04    20.0%     0.0%   0.3741  -0.0016     0.5%
  [MA20] reward=0.0040 task_sr=79.5% miss=19.3% time_limit=70.0% v2v=0.0%
  [PPO ] p_loss=0.0047 v_loss=6.5134 entropy=0.3741 grad=34.4502 active=100.0%
  [SIM ] avg_power(a)=0.4784 rsu_q=10.680 tx=208 no_tx=19 deadlock=0 svc=33.189GHz idle=4.0%
   491    14.1s    0.0013    85.0%    85.0%    97.8%        9%/91%/0%    1.957    0.000    15.0%     0.0%   0.3391   0.0039     0.6%
   492     4.7s    0.0143   100.0%   100.0%   100.0%        8%/92%/0%    1.895    0.000     0.0%     0.0%   0.3550   0.0043     0.0%
   493    17.2s    0.0005    60.0%    60.0%    89.3%        8%/92%/0%    2.112    0.000    35.0%     0.0%   0.3529   0.0022     0.7%
   494    15.2s    0.0010    75.0%    75.0%    92.9%        8%/92%/0%    1.984    0.000    25.0%     0.0%   0.4065   0.0093     2.9%
   495    14.7s    0.0013    85.0%    85.0%    95.2%        9%/91%/0%    1.864    0.000    15.0%     0.0%   0.3634   0.0023     1.3%
   496    16.0s    0.0010    75.0%    75.0%    94.1%        8%/92%/0%    1.943    0.000    25.0%     0.0%   0.3116   0.0054     1.5%
   497    16.6s    0.0011    80.0%    80.0%    97.3%        8%/92%/0%    2.137    0.000    20.0%     0.0%   0.3270   0.0096     1.8%
   498     4.8s    0.0134    95.0%    95.0%   100.0%        8%/92%/0%    1.868    0.000     5.0%     0.0%   0.3515   0.0021     0.2%
   499    14.6s    0.0007    65.0%    65.0%    92.5%        9%/91%/0%    1.965    0.000    35.0%     0.0%   0.3965   0.0070     3.4%
   500    15.9s    0.0010    75.0%    75.0%    96.0%        9%/91%/0%    1.855    0.000    25.0%     0.0%   0.3891   0.0080     3.1%
  [MA20] reward=0.0051 task_sr=79.0% miss=20.5% time_limit=60.0% v2v=0.0%
  [PPO ] p_loss=0.0015 v_loss=0.6221 entropy=0.3891 grad=3.9907 active=100.0%
  [SIM ] avg_power(a)=0.4963 rsu_q=1.210 tx=199 no_tx=20 deadlock=0 svc=3.746GHz idle=0.0%

    Ep    Wall    R/step     T_SR     V_SR     S_SR            L/R/V   Lat(s)       En     Miss      Ill      Ent       KL     Clip
--------------------------------------------------------------------------------------------------------------------------------
   501    14.8s    0.0012    80.0%    80.0%    95.4%        9%/91%/0%    1.726    0.000    20.0%     0.0%   0.3567   0.0092     1.9%
   502     5.1s    0.0109    90.0%    90.0%    98.8%        8%/92%/0%    2.011    0.000    10.0%     0.0%   0.3098   0.0015     0.1%
   503    15.1s    0.0008    70.0%    70.0%    96.3%        8%/92%/0%    1.987    0.000    30.0%     0.0%   0.3568  -0.0017     0.8%
   504    14.6s    0.0017    95.0%    95.0%    97.6%        8%/92%/0%    1.965    0.000     5.0%     0.0%   0.3071   0.0022     0.2%
   505     5.0s    0.0099    85.0%    85.0%    98.7%        8%/92%/0%    1.882    0.000    15.0%     0.0%   0.3111   0.0032     0.1%
   506    14.6s    0.0015    90.0%    90.0%    96.5%        8%/92%/0%    1.840 5.85e-05    10.0%     0.0%   0.3470   0.0083     0.5%
   507    16.6s    0.0007    65.0%    65.0%    92.7%        8%/92%/0%    2.150    0.000    35.0%     0.0%   0.4045   0.0089     1.0%
   508    13.9s    0.0011    75.0%    75.0%    94.3%        9%/91%/0%    1.815    0.000    25.0%     0.0%   0.3352   0.0091     1.1%
   509     5.5s    0.0077    75.0%    75.0%    98.0%        8%/92%/0%    2.056    0.000    25.0%     0.0%   0.3405   0.0018     0.0%
   510    13.8s    0.0016    90.0%    90.0%    97.4%        9%/91%/0%    1.763    0.000    10.0%     0.0%   0.4017   0.0029     0.3%
  [MA20] reward=0.0036 task_sr=80.5% miss=19.2% time_limit=75.0% v2v=0.0%
  [PPO ] p_loss=-0.0066 v_loss=0.8093 entropy=0.4017 grad=3.7438 active=100.0%
  [SIM ] avg_power(a)=0.4954 rsu_q=0.830 tx=210 no_tx=20 deadlock=0 svc=4.043GHz idle=0.0%
   511     5.1s    0.0072    75.0%    75.0%    97.2%        8%/92%/0%    1.930    0.000    25.0%     0.0%   0.3417   0.0032     0.0%
   512    13.9s    0.0018    95.0%    95.0%    96.7%        8%/92%/0%    1.824    0.000     5.0%     0.0%   0.3573  -0.0017     0.3%
   513     4.8s    0.0124    90.0%    90.0%    97.4%        9%/91%/0%    1.797    0.000    10.0%     0.0%   0.3892 -6.23e-05     0.0%
   514     4.1s    0.0135    95.0%    95.0%    99.6%        9%/91%/0%    1.698    0.000     5.0%     0.0%   0.2837   0.0038     0.1%
   515    14.9s    0.0013    80.0%    80.0%    96.1%        9%/91%/0%    1.701    0.000    20.0%     0.0%   0.3797   0.0104     1.9%
   516    14.5s    0.0012    80.0%    80.0%    94.6%        9%/91%/0%    1.769    0.000    20.0%     0.0%   0.3936  -0.0097     4.4%
   517    13.8s    0.0015    90.0%    90.0%    98.2%        9%/91%/0%    1.817 3.87e-05    10.0%     0.0%   0.2890   0.0009     0.9%
   518    15.0s    0.0008    70.0%    70.0%    89.7%        9%/91%/0%    1.821    0.000    25.0%     0.0%   0.4416  -0.0013     2.9%
   519     4.8s    0.0129    95.0%    95.0%   100.0%        8%/92%/0%    1.904    0.000     5.0%     0.0%   0.3887   0.0005     0.1%
   520    16.0s    0.0012    80.0%    80.0%    89.9%        9%/91%/0%    1.953    0.000    20.0%     0.0%   0.3777   0.0104     3.1%
  [MA20] reward=0.0045 task_sr=83.2% miss=16.5% time_limit=65.0% v2v=0.0%
  [PPO ] p_loss=-0.0151 v_loss=0.7764 entropy=0.3777 grad=4.7731 active=100.0%
  [SIM ] avg_power(a)=0.4986 rsu_q=0.890 tx=214 no_tx=20 deadlock=0 svc=4.054GHz idle=0.0%

    Ep    Wall    R/step     T_SR     V_SR     S_SR            L/R/V   Lat(s)       En     Miss      Ill      Ent       KL     Clip
--------------------------------------------------------------------------------------------------------------------------------
   521    13.9s    0.0015    90.0%    90.0%    99.2%        8%/92%/0%    1.940    0.000    10.0%     0.0%   0.3323   0.0024     1.2%
   522    14.3s    0.0012    80.0%    80.0%    96.6%        9%/91%/0%    1.886    0.000    20.0%     0.0%   0.4082   0.0065     1.8%
   523     5.4s    0.0090    80.0%    80.0%    96.4%        8%/92%/0%    1.855    0.000    20.0%     0.0%   0.3852  -0.0006     0.0%
   524     3.9s    0.0131    90.0%    90.0%    98.5%       10%/90%/0%    1.676    0.000    10.0%     0.0%   0.2918  -0.0003     0.0%
   525     4.6s    0.0134    90.0%    90.0%    98.0%        8%/92%/0%    1.852    0.000    10.0%     0.0%   0.3322   0.0004     0.0%
   526    13.6s    0.0016    95.0%    95.0%    98.7%        9%/91%/0%    1.808    0.000     5.0%     0.0%   0.3545 3.11e-05     1.0%
   527    15.6s    0.0010    70.0%    70.0%    95.4%        8%/92%/0%    2.000    0.000    30.0%     0.0%   0.3958   0.0018     1.1%
   528    15.2s    0.0006    60.0%    60.0%    91.7%        9%/91%/0%    1.744    0.000    40.0%     0.0%   0.4052   0.0109     1.9%
   529    14.2s    0.0010    70.0%    70.0%    94.0%        9%/91%/0%    1.903    0.000    25.0%     0.0%   0.4117   0.0029     1.0%
   530     4.5s    0.0154    95.0%    95.0%    97.8%        9%/91%/0%    1.681    0.000     5.0%     0.0%   0.3446   0.0006     0.0%
  [MA20] reward=0.0056 task_sr=83.5% miss=16.0% time_limit=60.0% v2v=0.0%
  [PPO ] p_loss=0.0057 v_loss=13.2249 entropy=0.3446 grad=85.8334 active=100.0%
  [SIM ] avg_power(a)=0.4920 rsu_q=7.500 tx=202 no_tx=20 deadlock=0 svc=35.613GHz idle=9.1%
   531    15.1s    0.0012    80.0%    80.0%    93.9%        8%/92%/0%    1.904    0.000    15.0%     0.0%   0.4078   0.0019     1.3%
   532    15.5s    0.0013    85.0%    85.0%    94.2%        8%/92%/0%    1.941    0.000    15.0%     0.0%   0.3823  -0.0015     1.8%
   533     4.4s    0.0129    90.0%    90.0%    99.6%        9%/91%/0%    1.837    0.000    10.0%     0.0%   0.3343  -0.0049     0.3%
   534    15.5s    0.0008    70.0%    70.0%    94.4%        9%/91%/0%    1.906    0.000    30.0%     0.0%   0.3515   0.0054     1.2%
   535     4.2s    0.0102    80.0%    80.0%    97.3%        9%/91%/0%    1.739    0.000    20.0%     0.0%   0.3061   0.0004     0.0%
   536    14.3s    0.0014    85.0%    85.0%    94.0%        8%/92%/0%    1.819    0.000    15.0%     0.0%   0.4076   0.0004     3.0%
   537    15.0s    0.0008    70.0%    70.0%    93.2%        9%/91%/0%    1.871    0.000    30.0%     0.0%   0.3991  -0.0031     3.0%
   538    18.1s    0.0004    55.0%    55.0%    86.0%        9%/91%/0%    1.845 1.25e-04    45.0%     0.0%   0.3218   0.0092     1.6%
   539    13.2s    0.0015    90.0%    90.0%    97.7%        9%/91%/0%    1.650 3.40e-05    10.0%     0.0%   0.3380   0.0106     1.1%
   540     4.7s    0.0135   100.0%   100.0%   100.0%        9%/91%/0%    1.928    0.000     0.0%     0.0%   0.3177   0.0013     0.2%
  [MA20] reward=0.0051 task_sr=81.2% miss=18.2% time_limit=65.0% v2v=0.0%
  [PPO ] p_loss=-0.0008 v_loss=13.1613 entropy=0.3177 grad=76.2345 active=100.0%
  [SIM ] avg_power(a)=0.4890 rsu_q=8.630 tx=223 no_tx=21 deadlock=0 svc=34.871GHz idle=11.1%

    Ep    Wall    R/step     T_SR     V_SR     S_SR            L/R/V   Lat(s)       En     Miss      Ill      Ent       KL     Clip
--------------------------------------------------------------------------------------------------------------------------------
   541    17.5s    0.0011    75.0%    75.0%    92.2%        9%/91%/0%    1.921    0.000    25.0%     0.0%   0.3492   0.0072     0.3%
   542    13.6s    0.0015    90.0%    90.0%    98.8%        8%/92%/0%    1.817    0.000    10.0%     0.0%   0.3095   0.0021     0.3%
   543    14.0s    0.0014    85.0%    85.0%    93.3%        9%/91%/0%    1.731    0.000    15.0%     0.0%   0.3609   0.0045     1.1%
   544     5.2s    0.0104    85.0%    85.0%    97.3%        8%/92%/0%    1.907    0.000    15.0%     0.0%   0.3477  -0.0006     0.0%
   545    13.8s    0.0016    90.0%    90.0%    96.5%        9%/91%/0%    1.741    0.000    10.0%     0.0%   0.2987   0.0032     0.5%
   546     4.2s    0.0129    90.0%    90.0%   100.0%        8%/92%/0%    1.828    0.000    10.0%     0.0%   0.3327   0.0007     0.1%
   547    13.9s    0.0015    90.0%    90.0%    98.7%        8%/92%/0%    1.929    0.000    10.0%     0.0%   0.3465  -0.0036     1.8%
   548    14.0s    0.0013    85.0%    85.0%    97.9%        9%/91%/0%    1.890    0.000    15.0%     0.0%   0.3145   0.0027     0.6%
   549    14.1s    0.0017    95.0%    95.0%    98.4%        8%/92%/0%    1.867    0.000     5.0%     0.0%   0.3162  -0.0019     0.6%
   550     4.7s    0.0089    80.0%    80.0%    98.7%        8%/92%/0%    1.968    0.000    20.0%     0.0%   0.3040   0.0014     0.2%
  [MA20] reward=0.0043 task_sr=83.5% miss=16.2% time_limit=70.0% v2v=0.0%
  [PPO ] p_loss=-0.0023 v_loss=7.3050 entropy=0.3040 grad=53.5512 active=100.0%
  [SIM ] avg_power(a)=0.4832 rsu_q=10.769 tx=216 no_tx=20 deadlock=0 svc=33.635GHz idle=7.7%
   551    17.3s    0.0000    45.0%    45.0%    88.2%        9%/91%/0%    1.976    0.000    55.0%     0.0%   0.3533   0.0045     1.0%
   552    14.7s    0.0012    80.0%    80.0%    96.9%        9%/91%/0%    1.773    0.000    20.0%     0.0%   0.3723  -0.0030     1.7%
   553    14.6s    0.0014    85.0%    85.0%    97.4%        9%/91%/0%    1.753    0.000    15.0%     0.0%   0.3132   0.0003     1.5%
   554    14.9s    0.0012    80.0%    80.0%    97.9%        9%/91%/0%    1.807    0.000    20.0%     0.0%   0.3487   0.0056     0.2%
   555    14.0s    0.0015    90.0%    90.0%    96.1%        9%/91%/0%    1.792    0.000    10.0%     0.0%   0.3333  -0.0036     1.4%
   556    15.4s    0.0010    75.0%    75.0%    95.1%        9%/91%/0%    1.761    0.000    25.0%     0.0%   0.3736 -1.12e-05     0.2%
   557    14.6s    0.0013    80.0%    80.0%    96.4%        8%/92%/0%    1.942    0.000    20.0%     0.0%   0.3395  -0.0006     0.8%
   558    13.5s    0.0014    90.0%    90.0%    95.1%        9%/91%/0%    1.856    0.000     5.0%     0.0%   0.3440  -0.0006     0.2%
   559     4.1s    0.0109    85.0%    85.0%    98.3%        9%/91%/0%    1.751    0.000    15.0%     0.0%   0.3652   0.0009     0.3%
   560     4.8s    0.0106    90.0%    90.0%    99.2%        8%/92%/0%    1.855    0.000    10.0%     0.0%   0.3665   0.0012     0.3%
  [MA20] reward=0.0037 task_sr=83.3% miss=16.5% time_limit=75.0% v2v=0.0%
  [PPO ] p_loss=0.0028 v_loss=7.9791 entropy=0.3665 grad=34.9537 active=100.0%
  [SIM ] avg_power(a)=0.4773 rsu_q=6.964 tx=225 no_tx=20 deadlock=0 svc=34.624GHz idle=21.4%

    Ep    Wall    R/step     T_SR     V_SR     S_SR            L/R/V   Lat(s)       En     Miss      Ill      Ent       KL     Clip
--------------------------------------------------------------------------------------------------------------------------------
   561    15.9s    0.0012    80.0%    80.0%    90.2%        9%/91%/0%    1.794    0.000    20.0%     0.0%   0.3869  -0.0034     3.5%
   562    13.2s    0.0016    95.0%    95.0%    98.2%        9%/91%/0%    1.826    0.000     5.0%     0.0%   0.3439  -0.0016     0.4%
   563    14.3s    0.0014    90.0%    90.0%    92.3%        9%/91%/0%    1.804    0.000     5.0%     0.0%   0.3449   0.0083     1.1%
   564    17.3s    0.0010    75.0%    75.0%    86.1%        9%/91%/0%    1.826    0.000    25.0%     0.0%   0.4151   0.0069     3.7%
   565    13.9s    0.0015    90.0%    90.0%    98.3%        9%/91%/0%    1.754    0.000    10.0%     0.0%   0.3501  -0.0038     0.8%
   566    13.7s    0.0015    90.0%    90.0%    97.5%        9%/91%/0%    1.741    0.000    10.0%     0.0%   0.3525   0.0003     0.8%
   567    15.5s    0.0012    80.0%    80.0%    90.3%        9%/91%/0%    1.831    0.000    20.0%     0.0%   0.3440   0.0078     0.9%
   568    14.3s    0.0013    80.0%    80.0%    85.2%       10%/90%/0%    1.716    0.000    15.0%     0.0%   0.3522   0.0020     1.0%
   569    14.4s    0.0015    85.0%    85.0%    94.8%        8%/92%/0%    1.798    0.000    10.0%     0.0%   0.3498   0.0013     0.7%
   570     4.5s    0.0120    85.0%    85.0%    99.1%        9%/91%/0%    1.811    0.000    15.0%     0.0%   0.3051   0.0032     0.1%
  [MA20] reward=0.0027 task_sr=82.5% miss=16.5% time_limit=85.0% v2v=0.0%
  [PPO ] p_loss=-0.0026 v_loss=7.7257 entropy=0.3051 grad=42.8646 active=100.0%
  [SIM ] avg_power(a)=0.4914 rsu_q=10.130 tx=201 no_tx=20 deadlock=0 svc=33.754GHz idle=4.3%
   571    15.3s    0.0009    70.0%    70.0%    91.5%        9%/91%/0%    1.788    0.000    30.0%     0.0%   0.3836  -0.0012     1.1%
   572    15.3s    0.0010    75.0%    75.0%    89.3%        9%/91%/0%    1.889    0.000    25.0%     0.0%   0.4150   0.0051     2.0%
   573    17.8s    0.0007    65.0%    65.0%    91.9%        9%/91%/0%    1.863    0.000    35.0%     0.0%   0.3883   0.0002     0.6%
   574     4.0s    0.0159    95.0%    95.0%    99.1%        9%/91%/0%    1.690    0.000     5.0%     0.0%   0.3386   0.0001     0.1%
   575    15.4s    0.0012    80.0%    80.0%    95.1%        8%/92%/0%    1.993    0.000    20.0%     0.0%   0.3583   0.0033     0.6%
   576    14.3s    0.0009    70.0%    70.0%    95.6%        8%/92%/0%    1.892    0.000    30.0%     0.0%   0.3990  -0.0017     0.8%
   577    13.9s    0.0012    80.0%    80.0%    95.6%        8%/92%/0%    1.855    0.000    20.0%     0.0%   0.3886 -4.71e-05     0.6%
   578    14.0s    0.0012    80.0%    80.0%    97.5%        9%/91%/0%    1.911    0.000    20.0%     0.0%   0.3233   0.0066     0.4%
   579     5.0s    0.0090    85.0%    85.0%    98.8%        8%/92%/0%    1.953    0.000    15.0%     0.0%   0.3947   0.0032     0.4%
   580    14.9s    0.0011    80.0%    80.0%    94.2%        9%/91%/0%    1.857    0.000    15.0%     0.0%   0.3497   0.0019     0.7%
  [MA20] reward=0.0029 task_sr=81.5% miss=17.5% time_limit=85.0% v2v=0.0%
  [PPO ] p_loss=0.0030 v_loss=0.8320 entropy=0.3497 grad=6.9248 active=100.0%
  [SIM ] avg_power(a)=0.4986 rsu_q=1.410 tx=210 no_tx=20 deadlock=0 svc=3.873GHz idle=0.0%

    Ep    Wall    R/step     T_SR     V_SR     S_SR            L/R/V   Lat(s)       En     Miss      Ill      Ent       KL     Clip
--------------------------------------------------------------------------------------------------------------------------------
   581    14.8s    0.0012    75.0%    75.0%    91.2%       10%/90%/0%    1.715    0.000    20.0%     0.0%   0.4417   0.0040     1.1%
   582    15.7s    0.0007    65.0%    65.0%    93.4%        9%/91%/0%    1.890    0.000    35.0%     0.0%   0.3446  -0.0005     1.0%
   583    14.4s    0.0013    80.0%    80.0%    90.9%        9%/91%/0%    1.713    0.000    20.0%     0.0%   0.3940   0.0010     1.5%
   584    16.4s    0.0012    80.0%    80.0%    95.9%        9%/91%/0%    2.004    0.000    20.0%     0.0%   0.3615   0.0123     1.9%
   585    13.7s    0.0010    75.0%    75.0%    95.5%        8%/92%/0%    1.851    0.000    25.0%     0.0%   0.3543  -0.0019     0.8%
   586    15.3s    0.0012    80.0%    80.0%    96.1%        8%/92%/0%    1.982    0.000    20.0%     0.0%   0.3412   0.0067     0.7%
   587    13.9s    0.0006    60.0%    60.0%    93.7%        8%/92%/0%    1.844    0.000    40.0%     0.0%   0.3915   0.0028     0.9%
   588    13.8s    0.0010    75.0%    75.0%    94.3%        9%/91%/0%    1.740    0.000    25.0%     0.0%   0.3525   0.0029     0.6%
   589    14.8s    0.0012    80.0%    80.0%    95.6%        8%/92%/0%    1.990    0.000    20.0%     0.0%   0.3581   0.0052     0.6%
   590    17.3s    0.0008    70.0%    70.0%    94.5%        9%/91%/0%    2.008    0.000    30.0%     0.0%   0.3841   0.0031     1.0%
  [MA20] reward=0.0022 task_sr=76.0% miss=23.5% time_limit=90.0% v2v=0.0%
  [PPO ] p_loss=-0.0007 v_loss=0.5278 entropy=0.3841 grad=1.7110 active=100.0%
  [SIM ] avg_power(a)=0.4995 rsu_q=1.280 tx=209 no_tx=20 deadlock=0 svc=3.524GHz idle=0.0%
   591    16.3s    0.0013    80.0%    80.0%    92.0%        9%/91%/0%    1.750    0.000    20.0%     0.0%   0.3887   0.0006     1.3%
   592     5.2s    0.0063    70.0%    70.0%    96.1%        8%/92%/0%    2.041    0.000    30.0%     0.0%   0.3450   0.0021     0.0%
   593     4.3s    0.0148   100.0%   100.0%   100.0%        9%/91%/0%    1.807    0.000     0.0%     0.0%   0.3885   0.0039     0.0%
   594     5.0s    0.0073    75.0%    75.0%    97.8%        9%/91%/0%    1.935    0.000    25.0%     0.0%   0.2949  -0.0033     0.1%
   595    15.6s    0.0012    80.0%    80.0%    91.4%        9%/91%/0%    2.048    0.000    15.0%     0.0%   0.3846   0.0211     1.0%
   596    15.0s    0.0017    95.0%    95.0%    98.8%        8%/92%/0%    1.772    0.000     5.0%     0.0%   0.3518   0.0009     0.5%
   597    13.2s    0.0014    85.0%    85.0%    97.2%       10%/90%/0%    1.654    0.000    15.0%     0.0%   0.3715   0.0010     0.2%
   598     4.7s    0.0135    95.0%    95.0%   100.0%        9%/91%/0%    1.938    0.000     5.0%     0.0%   0.3027   0.0012     0.4%
   599     4.8s    0.0127    90.0%    90.0%    97.3%        9%/91%/0%    1.841    0.000    10.0%     0.0%   0.3487   0.0025     0.0%
   600     4.9s    0.0067    70.0%    70.0%    95.5%        9%/91%/0%    1.779    0.000    30.0%     0.0%   0.3162   0.0025     0.0%
  [MA20] reward=0.0038 task_sr=79.0% miss=20.5% time_limit=70.0% v2v=0.0%
  [PPO ] p_loss=-0.0008 v_loss=5.7699 entropy=0.3162 grad=34.1714 active=100.0%
  [SIM ] avg_power(a)=0.5003 rsu_q=9.154 tx=198 no_tx=20 deadlock=0 svc=29.782GHz idle=3.8%

    Ep    Wall    R/step     T_SR     V_SR     S_SR            L/R/V   Lat(s)       En     Miss      Ill      Ent       KL     Clip
--------------------------------------------------------------------------------------------------------------------------------
   601    14.1s    0.0017    95.0%    95.0%    98.1%        9%/91%/0%    1.732    0.000     5.0%     0.0%   0.2815  -0.0046     0.3%
   602     5.4s    0.0101    85.0%    85.0%    98.0%        8%/92%/0%    1.959 9.95e-05    15.0%     0.0%   0.2933   0.0057     0.6%
   603    15.1s    0.0012    75.0%    75.0%    94.0%        9%/91%/0%    1.769    0.000    20.0%     0.0%   0.3635   0.0034     0.7%
   604    15.3s    0.0010    70.0%    70.0%    92.8%        8%/92%/0%    2.016    0.000    25.0%     0.0%   0.3962  -0.0002     1.1%
   605     4.5s    0.0127    90.0%    90.0%    99.6%        8%/92%/0%    1.850    0.000    10.0%     0.0%   0.3261  -0.0044     0.2%
   606    14.4s    0.0016    90.0%    90.0%    96.0%        9%/91%/0%    1.672    0.000    10.0%     0.0%   0.3236   0.0125     1.7%
   607    14.2s    0.0012    80.0%    80.0%    96.7%        8%/92%/0%    1.926    0.000    20.0%     0.0%   0.3071   0.0028     0.3%
   608    16.0s    0.0013    85.0%    85.0%    93.7%        8%/92%/0%    1.997    0.000    15.0%     0.0%   0.3443   0.0037     0.8%
   609     4.3s    0.0150    95.0%    95.0%    99.1%        9%/91%/0%    1.692    0.000     5.0%     0.0%   0.3205  -0.0016     0.3%
   610    14.4s    0.0017    95.0%    95.0%    96.2%        9%/91%/0%    1.745    0.000     5.0%     0.0%   0.3464   0.0003     1.1%
  [MA20] reward=0.0057 task_sr=85.0% miss=14.2% time_limit=55.0% v2v=0.0%
  [PPO ] p_loss=0.0197 v_loss=0.7256 entropy=0.3464 grad=3.2139 active=100.0%
  [SIM ] avg_power(a)=0.4988 rsu_q=1.085 tx=213 no_tx=20 deadlock=0 svc=3.833GHz idle=0.0%
   611     5.3s    0.0083    80.0%    80.0%    94.9%        8%/92%/0%    2.025    0.000    20.0%     0.0%   0.3276   0.0016     0.4%
   612    14.5s    0.0011    80.0%    80.0%    93.7%        9%/91%/0%    1.878    0.000    20.0%     0.0%   0.3383  -0.0017     1.9%
   613    14.6s    0.0012    70.0%    70.0%    86.4%       10%/90%/0%    1.783    0.000    20.0%     0.0%   0.3678   0.0011     0.9%
   614    13.2s    0.0017    95.0%    95.0%    98.4%        8%/92%/0%    1.809    0.000     5.0%     0.0%   0.3172   0.0015     0.7%
   615     5.2s    0.0101    85.0%    85.0%    98.8%        8%/92%/0%    1.989    0.000    15.0%     0.0%   0.2897  -0.0028     0.1%
   616    14.8s    0.0010    75.0%    75.0%    90.7%        9%/91%/0%    1.647    0.000    25.0%     0.0%   0.4516   0.0103     3.3%
   617    14.8s    0.0017    90.0%    90.0%    95.5%        9%/91%/0%    1.837    0.000     5.0%     0.0%   0.3499   0.0063     0.9%
   618     5.0s    0.0089    80.0%    80.0%    99.6%        8%/92%/0%    2.015    0.000    20.0%     0.0%   0.3121   0.0010     0.0%
   619    13.8s    0.0016    95.0%    95.0%    98.2%        9%/91%/0%    1.738    0.000     5.0%     0.0%   0.3402  -0.0007     0.4%
   620     5.0s    0.0115    90.0%    90.0%    98.7%        9%/91%/0%    1.845    0.000    10.0%     0.0%   0.3156   0.0028     0.0%
  [MA20] reward=0.0047 task_sr=85.0% miss=13.8% time_limit=65.0% v2v=0.0%
  [PPO ] p_loss=-0.0014 v_loss=10.7764 entropy=0.3156 grad=83.2682 active=100.0%
  [SIM ] avg_power(a)=0.4951 rsu_q=8.692 tx=215 no_tx=20 deadlock=0 svc=32.548GHz idle=11.5%

    Ep    Wall    R/step     T_SR     V_SR     S_SR            L/R/V   Lat(s)       En     Miss      Ill      Ent       KL     Clip
--------------------------------------------------------------------------------------------------------------------------------
   621    15.1s    0.0014    85.0%    85.0%    92.9%        8%/92%/0%    1.847    0.000    15.0%     0.0%   0.3713   0.0024     0.7%
   622    13.2s    0.0015    90.0%    90.0%    95.4%       10%/90%/0%    1.629    0.000    10.0%     0.0%   0.3845  -0.0032     0.4%
   623    16.2s    0.0007    65.0%    65.0%    90.2%        8%/92%/0%    2.115    0.000    35.0%     0.0%   0.3593   0.0060     2.8%
   624     4.8s    0.0117    90.0%    90.0%    99.1%        9%/91%/0%    1.790    0.000    10.0%     0.0%   0.3218   0.0031     0.0%
   625    13.9s    0.0014    80.0%    80.0%    96.5%        8%/92%/0%    1.887    0.000    15.0%     0.0%   0.3451   0.0022     0.5%
   626    14.5s    0.0010    75.0%    75.0%    94.0%        9%/91%/0%    2.002    0.000    25.0%     0.0%   0.3533  -0.0010     1.2%
   627     5.4s    0.0088    80.0%    80.0%    98.4%        8%/92%/0%    1.931    0.000    20.0%     0.0%   0.3266   0.0044     0.6%
   628    14.9s    0.0011    80.0%    80.0%    94.9%        9%/91%/0%    1.839    0.000    15.0%     0.0%   0.3650  -0.0012     0.3%
   629     4.5s    0.0147    95.0%    95.0%    99.6%        8%/91%/0%    1.833    0.000     5.0%     0.0%   0.3218   0.0036     0.2%
   630     4.9s    0.0117    90.0%    90.0%    99.6%        8%/92%/0%    2.053    0.000    10.0%     0.0%   0.3506  -0.0002     0.0%
  [MA20] reward=0.0051 task_sr=83.5% miss=15.2% time_limit=60.0% v2v=0.0%
  [PPO ] p_loss=-0.0070 v_loss=8.9847 entropy=0.3506 grad=57.8258 active=100.0%
  [SIM ] avg_power(a)=0.4919 rsu_q=10.040 tx=240 no_tx=20 deadlock=0 svc=37.702GHz idle=8.0%
   631     4.6s    0.0109    90.0%    90.0%    99.6%        8%/92%/0%    1.944    0.000    10.0%     0.0%   0.3573  -0.0005     0.1%
   632    15.0s    0.0014    85.0%    85.0%    96.0%        8%/92%/0%    1.939    0.000    15.0%     0.0%   0.3571   0.0030     1.3%
   633    14.8s    0.0009    65.0%    65.0%    94.3%        9%/91%/0%    1.921    0.000    30.0%     0.0%   0.3781   0.0054     1.0%
   634    14.9s    0.0008    70.0%    70.0%    93.4%        9%/91%/0%    1.916    0.000    30.0%     0.0%   0.3714   0.0049     1.7%
   635    13.1s    0.0012    75.0%    75.0%    95.6%       10%/90%/0%    1.570    0.000    25.0%     0.0%   0.3592   0.0015     0.1%
   636    15.3s    0.0013    85.0%    85.0%    94.6%        9%/91%/0%    1.750    0.000    15.0%     0.0%   0.3531   0.0073     1.2%
   637    15.5s    0.0015    90.0%    90.0%    96.1%        9%/91%/0%    1.838    0.000    10.0%     0.0%   0.3774   0.0048     0.7%
   638    14.4s    0.0015    90.0%    90.0%    94.6%        9%/91%/0%    1.829    0.000    10.0%     0.0%   0.3041   0.0016     0.6%
   639    14.6s    0.0014    85.0%    85.0%    97.7%        9%/91%/0%    1.797    0.000    15.0%     0.0%   0.3840   0.0011     0.9%
   640    14.2s    0.0008    70.0%    70.0%    96.2%        9%/91%/0%    1.917    0.000    30.0%     0.0%   0.3564   0.0055     0.9%
  [MA20] reward=0.0038 task_sr=81.8% miss=17.5% time_limit=75.0% v2v=0.0%
  [PPO ] p_loss=-0.0023 v_loss=0.5279 entropy=0.3564 grad=2.3858 active=100.0%
  [SIM ] avg_power(a)=0.4979 rsu_q=1.265 tx=213 no_tx=20 deadlock=0 svc=4.037GHz idle=0.0%

    Ep    Wall    R/step     T_SR     V_SR     S_SR            L/R/V   Lat(s)       En     Miss      Ill      Ent       KL     Clip
--------------------------------------------------------------------------------------------------------------------------------
   641     4.8s    0.0110    85.0%    85.0%    97.9%        9%/91%/0%    1.657    0.000    15.0%     0.0%   0.2971  -0.0057     0.3%
   642     4.9s    0.0106    85.0%    85.0%    98.4%        9%/91%/0%    2.038    0.000    15.0%     0.0%   0.3527  -0.0006     0.3%
   643     4.8s    0.0097    85.0%    85.0%    97.7%        8%/92%/0%    1.931    0.000    15.0%     0.0%   0.3496   0.0049     0.3%
   644    14.2s    0.0014    80.0%    80.0%    91.6%        9%/91%/0%    1.789    0.000    15.0%     0.0%   0.3718   0.0019     0.3%
   645    16.0s    0.0015    90.0%    90.0%    94.9%        9%/91%/0%    1.906    0.000    10.0%     0.0%   0.3494   0.0018     0.8%
   646     6.1s    0.0060    70.0%    70.0%    95.7%        8%/92%/0%    2.155    0.000    30.0%     0.0%   0.2875  -0.0008     0.0%
   647    14.2s    0.0016    85.0%    85.0%    91.7%        9%/91%/0%    1.860    0.000    10.0%     0.0%   0.3734   0.0094     0.9%
   648    13.6s    0.0013    85.0%    85.0%    95.1%        9%/91%/0%    1.942    0.000    15.0%     0.0%   0.3250   0.0060     1.1%
   649    14.9s    0.0013    75.0%    75.0%    93.8%        9%/91%/0%    1.827    0.000    20.0%     0.0%   0.3863   0.0066     0.8%
   650     5.2s    0.0094    80.0%    80.0%    97.6%        8%/92%/0%    1.948    0.000    20.0%     0.0%   0.3845  -0.0015     0.2%
  [MA20] reward=0.0038 task_sr=81.2% miss=17.8% time_limit=70.0% v2v=0.0%
  [PPO ] p_loss=-0.0009 v_loss=7.8355 entropy=0.3845 grad=60.4318 active=100.0%
  [SIM ] avg_power(a)=0.4871 rsu_q=11.040 tx=220 no_tx=20 deadlock=0 svc=34.218GHz idle=8.0%
   651     5.1s    0.0099    85.0%    85.0%    97.4%        9%/91%/0%    1.879    0.000    15.0%     0.0%   0.3156   0.0045     0.0%
   652    15.7s    0.0015    85.0%    85.0%    89.1%        9%/91%/0%    1.712    0.000    10.0%     0.0%   0.4067   0.0085     0.5%
   653    14.5s    0.0010    75.0%    75.0%    90.9%       10%/90%/0%    1.817    0.000    25.0%     0.0%   0.3274   0.0072     0.7%
   654    15.2s    0.0012    80.0%    80.0%    96.5%        9%/91%/0%    1.860    0.000    20.0%     0.0%   0.3565   0.0017     1.4%
   655     4.6s    0.0131   100.0%   100.0%   100.0%        8%/92%/0%    1.977    0.000     0.0%     0.0%   0.3402   0.0009     0.0%
   656     4.9s    0.0104    90.0%    90.0%    98.4%        8%/92%/0%    2.034    0.000    10.0%     0.0%   0.3559   0.0023     0.0%
   657    15.8s    0.0007    65.0%    65.0%    91.3%        9%/91%/0%    1.872    0.000    35.0%     0.0%   0.4530   0.0041     1.3%
   658     4.7s    0.0101    85.0%    85.0%    97.0%        9%/91%/0%    1.920    0.000    15.0%     0.0%   0.2551   0.0027     0.1%
   659    14.4s    0.0015    90.0%    90.0%    98.8%        8%/92%/0%    1.995    0.000    10.0%     0.0%   0.3183   0.0032     0.0%
   660     5.0s    0.0109    90.0%    90.0%    98.6%       10%/90%/0%    1.785    0.000    10.0%     0.0%   0.3503   0.0041     0.3%
  [MA20] reward=0.0057 task_sr=83.2% miss=15.8% time_limit=50.0% v2v=0.0%
  [PPO ] p_loss=0.0006 v_loss=10.2625 entropy=0.3503 grad=78.9730 active=100.0%
  [SIM ] avg_power(a)=0.4906 rsu_q=8.333 tx=191 no_tx=21 deadlock=0 svc=30.811GHz idle=18.5%

    Ep    Wall    R/step     T_SR     V_SR     S_SR            L/R/V   Lat(s)       En     Miss      Ill      Ent       KL     Clip
--------------------------------------------------------------------------------------------------------------------------------
   661    14.4s    0.0008    70.0%    70.0%    89.0%       10%/90%/0%    1.966    0.000    25.0%     0.0%   0.3912   0.0043     2.1%
   662    14.6s    0.0010    75.0%    75.0%    91.1%        9%/91%/0%    1.813    0.000    25.0%     0.0%   0.3982   0.0065     1.3%
   663    15.0s    0.0013    85.0%    85.0%    92.6%        9%/91%/0%    1.768    0.000    15.0%     0.0%   0.4074   0.0043     1.7%
   664    14.5s    0.0014    90.0%    90.0%    95.2%        9%/91%/0%    1.883    0.000     5.0%     0.0%   0.3219   0.0055     0.5%
   665    15.3s    0.0007    65.0%    65.0%    95.1%        8%/92%/0%    2.019    0.000    35.0%     0.0%   0.4067  -0.0054     0.3%
   666    15.4s    0.0014    85.0%    85.0%    91.9%        9%/91%/0%    1.760    0.000    15.0%     0.0%   0.4124   0.0067     1.9%
   667    14.3s    0.0014    85.0%    85.0%    96.0%        9%/91%/0%    1.900    0.000    15.0%     0.0%   0.3752   0.0083     1.0%
   668    14.2s    0.0014    85.0%    85.0%    95.4%        9%/91%/0%    1.853    0.000    15.0%     0.0%   0.3092   0.0034     0.4%
   669    14.4s    0.0016    90.0%    90.0%    98.8%        8%/91%/0%    1.718    0.000    10.0%     0.0%   0.3393   0.0049     0.6%
   670    13.5s    0.0012    80.0%    80.0%    97.7%        9%/91%/0%    1.607    0.000    20.0%     0.0%   0.4070   0.0015     0.8%
  [MA20] reward=0.0036 task_sr=82.8% miss=16.5% time_limit=75.0% v2v=0.0%
  [PPO ] p_loss=-0.0002 v_loss=0.7044 entropy=0.4070 grad=2.2423 active=100.0%
  [SIM ] avg_power(a)=0.4985 rsu_q=0.900 tx=192 no_tx=20 deadlock=0 svc=3.492GHz idle=0.0%
   671    13.9s    0.0014    85.0%    85.0%    98.3%        9%/91%/0%    1.812    0.000    15.0%     0.0%   0.3531   0.0003     0.4%
   672    13.3s    0.0016    90.0%    90.0%    98.6%        9%/91%/0%    1.736    0.000    10.0%     0.0%   0.3853   0.0017     0.3%
   673     4.5s    0.0114    95.0%    95.0%    98.3%       10%/90%/0%    1.793    0.000     5.0%     0.0%   0.3358   0.0051     0.9%
   674    15.7s    0.0008    70.0%    70.0%    87.9%       11%/89%/0%    1.801    0.000    30.0%     0.0%   0.3679   0.0005     2.6%
   675     4.3s    0.0095    80.0%    80.0%    99.1%        9%/91%/0%    1.853    0.000    20.0%     0.0%   0.3267   0.0027     0.5%
   676    15.0s    0.0015    80.0%    80.0%    96.5%        9%/91%/0%    1.822    0.000    20.0%     0.0%   0.4041   0.0027     0.5%
   677    14.8s    0.0013    85.0%    85.0%    98.2%        9%/91%/0%    1.773    0.000    15.0%     0.0%   0.3434   0.0026     0.7%
   678    15.9s    0.0013    85.0%    85.0%    95.6%        9%/91%/0%    2.024    0.000    15.0%     0.0%   0.3185  -0.0031     0.7%
   679    14.7s    0.0014    80.0%    80.0%    96.0%        8%/92%/0%    1.807    0.000    20.0%     0.0%   0.3908   0.0049     1.3%
   680     4.6s    0.0118    90.0%    90.0%    98.8%        8%/92%/0%    1.896    0.000    10.0%     0.0%   0.2878   0.0013     0.2%
  [MA20] reward=0.0027 task_sr=82.5% miss=17.0% time_limit=85.0% v2v=0.0%
  [PPO ] p_loss=0.0034 v_loss=8.3022 entropy=0.2878 grad=57.3241 active=100.0%
  [SIM ] avg_power(a)=0.4991 rsu_q=9.769 tx=221 no_tx=20 deadlock=0 svc=34.794GHz idle=7.7%

    Ep    Wall    R/step     T_SR     V_SR     S_SR            L/R/V   Lat(s)       En     Miss      Ill      Ent       KL     Clip
--------------------------------------------------------------------------------------------------------------------------------
   681     3.8s    0.0163   100.0%   100.0%   100.0%        9%/91%/0%    1.620    0.000     0.0%     0.0%   0.3221   0.0001     0.1%
   682    14.2s    0.0012    80.0%    80.0%    96.3%        8%/92%/0%    1.757    0.000    20.0%     0.0%   0.3386  -0.0038     1.0%
   683    16.2s    0.0010    75.0%    75.0%    92.7%        9%/91%/0%    2.026    0.000    25.0%     0.0%   0.3935   0.0025     0.9%
   684    14.0s    0.0012    75.0%    75.0%    93.3%        9%/91%/0%    1.840    0.000    20.0%     0.0%   0.3655  -0.0014     0.7%
   685    16.0s    0.0012    80.0%    80.0%    90.7%        8%/92%/0%    1.879    0.000    20.0%     0.0%   0.4021   0.0004     3.8%
   686    14.0s    0.0009    70.0%    70.0%    96.3%        8%/92%/0%    1.947    0.000    30.0%     0.0%   0.3689   0.0057     0.8%
   687     5.0s    0.0100    85.0%    85.0%    99.6%        8%/92%/0%    1.944    0.000    15.0%     0.0%   0.3364  -0.0008     0.1%
   688    15.3s    0.0012    80.0%    80.0%    97.2%        8%/92%/0%    1.999    0.000    20.0%     0.0%   0.3253   0.0052     0.9%
   689    13.4s    0.0011    75.0%    75.0%    89.2%       10%/90%/0%    1.657    0.000    20.0%     0.0%   0.3615   0.0026     0.7%
   690    15.6s    0.0006    60.0%    60.0%    91.8%        9%/91%/0%    1.773    0.000    40.0%     0.0%   0.3278   0.0016     0.8%
  [MA20] reward=0.0038 task_sr=81.0% miss=18.5% time_limit=75.0% v2v=0.0%
  [PPO ] p_loss=-0.0037 v_loss=0.6337 entropy=0.3278 grad=4.8590 active=100.0%
  [SIM ] avg_power(a)=0.4987 rsu_q=1.790 tx=211 no_tx=20 deadlock=0 svc=4.066GHz idle=0.0%
   691     3.9s    0.0137    90.0%    90.0%    99.6%        9%/91%/0%    1.778    0.000    10.0%     0.0%   0.2836   0.0019     0.1%
   692     5.1s    0.0107    85.0%    85.0%    98.4%        8%/92%/0%    1.842    0.000    15.0%     0.0%   0.3042   0.0006     0.1%
   693    15.5s    0.0012    80.0%    80.0%    92.5%        8%/92%/0%    1.951    0.000    20.0%     0.0%   0.3734  -0.0002     1.0%
   694    15.0s    0.0007    65.0%    65.0%    94.3%        8%/91%/0%    2.028    0.000    35.0%     0.0%   0.3716   0.0076     1.7%
   695    13.6s    0.0017    95.0%    95.0%    99.6%        8%/92%/0%    1.902    0.000     5.0%     0.0%   0.3001   0.0029     0.4%
   696    13.9s    0.0015    90.0%    90.0%    95.9%        8%/92%/0%    1.811    0.000    10.0%     0.0%   0.4001  -0.0024     0.4%
   697    14.3s    0.0015    85.0%    85.0%    97.0%        9%/91%/0%    1.721    0.000    15.0%     0.0%   0.3514   0.0012     0.7%
   698    15.3s    0.0010    75.0%    75.0%    93.9%        8%/92%/0%    2.008    0.000    25.0%     0.0%   0.3130   0.0017     0.5%
   699    14.3s    0.0010    70.0%    70.0%    88.0%        9%/91%/0%    1.898    0.000    20.0%     0.0%   0.3573 3.37e-05     1.1%
   700    14.8s    0.0012    80.0%    80.0%    94.9%        9%/91%/0%    1.834    0.000    20.0%     0.0%   0.3272  -0.0018     0.8%
  [MA20] reward=0.0034 task_sr=79.8% miss=19.2% time_limit=80.0% v2v=0.0%
  [PPO ] p_loss=0.0015 v_loss=0.5394 entropy=0.3272 grad=4.2477 active=100.0%
  [SIM ] avg_power(a)=0.5010 rsu_q=1.295 tx=210 no_tx=20 deadlock=0 svc=3.856GHz idle=0.0%

    Ep    Wall    R/step     T_SR     V_SR     S_SR            L/R/V   Lat(s)       En     Miss      Ill      Ent       KL     Clip
--------------------------------------------------------------------------------------------------------------------------------
   701    14.1s    0.0010    75.0%    75.0%    98.0%        8%/92%/0%    1.986    0.000    25.0%     0.0%   0.2766   0.0017     0.4%
   702     4.6s    0.0137   100.0%   100.0%   100.0%        8%/92%/0%    1.844    0.000     0.0%     0.0%   0.2916   0.0018     0.2%
   703     5.6s    0.0136    95.0%    95.0%    98.5%        8%/92%/0%    1.931    0.000     5.0%     0.0%   0.3722   0.0042     0.2%
   704     4.7s    0.0137    95.0%    95.0%    99.6%        8%/92%/0%    1.971    0.000     5.0%     0.0%   0.3329  -0.0005     0.0%
   705     4.5s    0.0106    85.0%    85.0%    98.4%        8%/92%/0%    1.892    0.000    15.0%     0.0%   0.3527   0.0022     0.1%
   706     5.1s    0.0097    85.0%    85.0%    99.2%        8%/92%/0%    2.049    0.000    15.0%     0.0%   0.2954   0.0055     0.1%
   707     4.8s    0.0129    95.0%    95.0%    99.6%        8%/92%/0%    1.861    0.000     5.0%     0.0%   0.3504   0.0039     0.1%
   708    13.8s    0.0015    90.0%    90.0%    96.6%        9%/91%/0%    1.727    0.000    10.0%     0.0%   0.3213   0.0051     0.5%
   709    14.6s    0.0007    65.0%    65.0%    95.0%        9%/91%/0%    1.832    0.000    35.0%     0.0%   0.3389   0.0085     1.5%
   710    14.1s    0.0010    75.0%    75.0%    95.1%        9%/91%/0%    1.811    0.000    25.0%     0.0%   0.3415   0.0031     1.0%
  [MA20] reward=0.0056 task_sr=83.8% miss=15.8% time_limit=60.0% v2v=0.0%
  [PPO ] p_loss=-0.0031 v_loss=1.0943 entropy=0.3415 grad=7.8570 active=100.0%
  [SIM ] avg_power(a)=0.5009 rsu_q=1.030 tx=215 no_tx=20 deadlock=0 svc=3.966GHz idle=0.0%
   711     5.3s    0.0066    70.0%    70.0%    94.5%        9%/91%/0%    1.902    0.000    30.0%     0.0%   0.3300   0.0049     0.0%
   712    14.8s    0.0016    90.0%    90.0%    96.1%        8%/92%/0%    1.813    0.000    10.0%     0.0%   0.3254  -0.0003     0.8%
   713    14.6s    0.0017    95.0%    95.0%    97.4%        9%/91%/0%    1.844    0.000     5.0%     0.0%   0.2798  -0.0024     0.3%
   714    14.0s    0.0013    85.0%    85.0%    97.9%        9%/91%/0%    1.840    0.000    15.0%     0.0%   0.3046  -0.0007     0.1%
   715    14.3s    0.0009    70.0%    70.0%    89.5%        9%/91%/0%    1.759    0.000    30.0%     0.0%   0.3748   0.0042     1.5%
   716    15.4s    0.0008    70.0%    70.0%    94.4%        8%/92%/0%    2.035    0.000    30.0%     0.0%   0.3109   0.0025     0.2%
   717    16.2s    0.0013    85.0%    85.0%    94.6%        8%/92%/0%    2.033    0.000    15.0%     0.0%   0.3718   0.0032     0.7%
   718    15.2s    0.0010    75.0%    75.0%    93.6%        9%/91%/0%    1.782    0.000    25.0%     0.0%   0.3655   0.0078     2.8%
   719    15.2s    0.0013    85.0%    85.0%    96.7%        9%/91%/0%    1.847    0.000    15.0%     0.0%   0.3374   0.0084     0.3%
   720    16.2s    0.0007    65.0%    65.0%    93.2%        8%/92%/0%    1.958    0.000    35.0%     0.0%   0.3296  -0.0008     2.0%
  [MA20] reward=0.0048 task_sr=82.5% miss=17.5% time_limit=65.0% v2v=0.0%
  [PPO ] p_loss=0.0035 v_loss=0.4607 entropy=0.3296 grad=2.4183 active=100.0%
  [SIM ] avg_power(a)=0.5049 rsu_q=1.315 tx=218 no_tx=20 deadlock=0 svc=4.038GHz idle=0.0%

    Ep    Wall    R/step     T_SR     V_SR     S_SR            L/R/V   Lat(s)       En     Miss      Ill      Ent       KL     Clip
--------------------------------------------------------------------------------------------------------------------------------
   721    15.0s    0.0013    85.0%    85.0%    89.2%        9%/91%/0%    1.959    0.000    10.0%     0.0%   0.3308   0.0037     1.2%
   722    15.6s    0.0017    95.0%    95.0%    97.2%        8%/92%/0%    1.901    0.000     5.0%     0.0%   0.3442   0.0012     0.1%
   723     5.4s    0.0070    75.0%    75.0%    96.5%        8%/92%/0%    1.986    0.000    25.0%     0.0%   0.3369   0.0013     0.0%
   724    16.1s    0.0017    90.0%    90.0%    94.2%        9%/91%/0%    1.817    0.000     5.0%     0.0%   0.3259   0.0053     0.2%
   725     4.6s    0.0115    95.0%    95.0%    99.6%        9%/91%/0%    1.766    0.000     5.0%     0.0%   0.3254   0.0067     0.1%
   726    15.8s    0.0007    65.0%    65.0%    93.0%        8%/92%/0%    2.074    0.000    35.0%     0.0%   0.3900   0.0054     0.3%
   727     4.6s    0.0133    95.0%    95.0%   100.0%        8%/92%/0%    1.891    0.000     5.0%     0.0%   0.3039   0.0019     0.0%
   728     5.0s    0.0106    85.0%    85.0%    99.2%        8%/92%/0%    2.006    0.000    15.0%     0.0%   0.3235   0.0041     0.2%
   729    15.1s    0.0015    90.0%    90.0%    95.0%        8%/92%/0%    1.882    0.000    10.0%     0.0%   0.3671  -0.0001     0.7%
   730    15.9s    0.0008    70.0%    70.0%    90.1%        9%/91%/0%    1.971    0.000    30.0%     0.0%   0.3933   0.0077     1.5%
  [MA20] reward=0.0034 task_sr=81.7% miss=17.8% time_limit=75.0% v2v=0.0%
  [PPO ] p_loss=0.0048 v_loss=1.0249 entropy=0.3933 grad=8.7707 active=100.0%
  [SIM ] avg_power(a)=0.5062 rsu_q=0.935 tx=205 no_tx=20 deadlock=0 svc=3.677GHz idle=0.0%
   731     4.7s    0.0107    85.0%    85.0%    99.6%        8%/92%/0%    1.930    0.000    15.0%     0.0%   0.2861   0.0020     0.4%
   732    14.9s    0.0013    85.0%    85.0%    93.1%        8%/92%/0%    1.823    0.000    15.0%     0.0%   0.3511   0.0010     1.2%
   733     5.2s    0.0140    95.0%    95.0%   100.0%        8%/92%/0%    1.856    0.000     5.0%     0.0%   0.3395   0.0025     0.1%
   734    14.8s    0.0013    85.0%    85.0%    94.0%        9%/91%/0%    1.883    0.000    15.0%     0.0%   0.3436   0.0001     2.0%
   735     4.4s    0.0138    95.0%    95.0%    99.6%        8%/92%/0%    1.834    0.000     5.0%     0.0%   0.3008  -0.0009     0.2%
   736     5.7s    0.0120    95.0%    95.0%    99.2%        8%/92%/0%    2.001 2.14e-04     5.0%     0.0%   0.3004   0.0026     0.6%
   737    14.9s    0.0010    75.0%    75.0%    94.6%        9%/91%/0%    1.853    0.000    25.0%     0.0%   0.3533   0.0040     0.4%
   738     3.9s    0.0112    85.0%    85.0%    99.1%        9%/91%/0%    1.699    0.000    15.0%     0.0%   0.3424   0.0034     0.0%
   739    15.8s    0.0013    85.0%    85.0%    96.2%        9%/91%/0%    1.879    0.000    15.0%     0.0%   0.3661   0.0023     1.6%
   740     4.6s    0.0101    85.0%    85.0%    96.8%        8%/92%/0%    1.996    0.000    15.0%     0.0%   0.3400   0.0028     0.1%
  [MA20] reward=0.0063 task_sr=85.8% miss=13.8% time_limit=50.0% v2v=0.0%
  [PPO ] p_loss=0.0032 v_loss=6.6738 entropy=0.3400 grad=53.0259 active=100.0%
  [SIM ] avg_power(a)=0.5118 rsu_q=10.000 tx=222 no_tx=20 deadlock=0 svc=37.691GHz idle=15.4%

    Ep    Wall    R/step     T_SR     V_SR     S_SR            L/R/V   Lat(s)       En     Miss      Ill      Ent       KL     Clip
--------------------------------------------------------------------------------------------------------------------------------
   741    14.5s    0.0015    90.0%    90.0%    97.8%        9%/91%/0%    1.748    0.000    10.0%     0.0%   0.2885   0.0049     0.1%
   742    16.5s    0.0005    60.0%    60.0%    90.3%        8%/92%/0%    2.074    0.000    40.0%     0.0%   0.4012   0.0033     0.5%
   743     5.3s    0.0094    80.0%    80.0%    98.8%        8%/92%/0%    2.004    0.000    20.0%     0.0%   0.3109  -0.0009     0.1%
   744    16.0s    0.0004    55.0%    55.0%    90.3%        9%/91%/0%    1.860    0.000    45.0%     0.0%   0.3447   0.0001     1.1%
   745    15.1s    0.0013    80.0%    80.0%    91.8%        9%/91%/0%    1.917    0.000    15.0%     0.0%   0.3185   0.0056     0.7%
   746    15.0s    0.0007    65.0%    65.0%    93.2%        8%/92%/0%    1.984    0.000    35.0%     0.0%   0.3785   0.0063     1.3%
   747    15.3s    0.0010    75.0%    75.0%    93.0%        8%/92%/0%    1.903    0.000    25.0%     0.0%   0.3915  -0.0026     1.2%
   748    14.3s    0.0010    75.0%    75.0%    94.7%        9%/91%/0%    1.739    0.000    25.0%     0.0%   0.3325   0.0012     1.0%
   749     4.3s    0.0119    90.0%    90.0%    99.2%        9%/91%/0%    1.853    0.000    10.0%     0.0%   0.3206   0.0021     0.2%
   750    14.0s    0.0014    85.0%    85.0%    95.6%        9%/91%/0%    1.737    0.000    15.0%     0.0%   0.2782   0.0068     0.5%
  [MA20] reward=0.0053 task_sr=81.2% miss=18.5% time_limit=60.0% v2v=0.0%
  [PPO ] p_loss=-0.0024 v_loss=0.5844 entropy=0.2782 grad=1.1242 active=100.0%
  [SIM ] avg_power(a)=0.5036 rsu_q=0.810 tx=198 no_tx=20 deadlock=0 svc=3.684GHz idle=0.0%
   751    13.9s    0.0013    85.0%    85.0%    95.5%        8%/92%/0%    1.998    0.000    15.0%     0.0%   0.3021   0.0008     0.4%
   752     5.3s    0.0104    85.0%    85.0%    98.8%        8%/92%/0%    1.972    0.000    15.0%     0.0%   0.3645   0.0005     0.0%
   753    15.2s    0.0012    80.0%    80.0%    95.9%        8%/92%/0%    1.970    0.000    20.0%     0.0%   0.3389   0.0070     0.9%
   754    16.2s    0.0012    80.0%    80.0%    94.0%        8%/92%/0%    1.966    0.000    20.0%     0.0%   0.3359   0.0056     0.9%
   755    13.8s    0.0012    80.0%    80.0%    97.6%        8%/92%/0%    1.927    0.000    20.0%     0.0%   0.3438  -0.0021     0.9%
   756    13.8s    0.0011    80.0%    80.0%    95.0%        9%/91%/0%    1.820    0.000    20.0%     0.0%   0.3746   0.0066     1.0%
   757     4.2s    0.0152    95.0%    95.0%   100.0%        8%/92%/0%    1.792    0.000     5.0%     0.0%   0.3160   0.0020     0.0%
   758    13.9s    0.0017    95.0%    95.0%    97.9%        9%/91%/0%    1.792    0.000     5.0%     0.0%   0.2985   0.0033     0.3%
   759     5.0s    0.0106    85.0%    85.0%    98.3%        9%/91%/0%    1.924    0.000    15.0%     0.0%   0.2339   0.0027     0.2%
   760     4.6s    0.0092    80.0%    80.0%    97.9%        9%/91%/0%    1.981    0.000    20.0%     0.0%   0.2921   0.0015     0.0%
  [MA20] reward=0.0041 task_sr=80.0% miss=19.7% time_limit=70.0% v2v=0.0%
  [PPO ] p_loss=-0.0026 v_loss=7.2052 entropy=0.2921 grad=46.7708 active=100.0%
  [SIM ] avg_power(a)=0.5216 rsu_q=9.080 tx=212 no_tx=20 deadlock=0 svc=35.055GHz idle=8.0%

    Ep    Wall    R/step     T_SR     V_SR     S_SR            L/R/V   Lat(s)       En     Miss      Ill      Ent       KL     Clip
--------------------------------------------------------------------------------------------------------------------------------
   761    14.9s    0.0012    80.0%    80.0%    96.1%        8%/92%/0%    1.859    0.000    20.0%     0.0%   0.3775   0.0039     0.6%
   762     5.7s    0.0064    70.0%    70.0%    93.8%        9%/91%/0%    1.913    0.000    30.0%     0.0%   0.3288  -0.0039     0.8%
   763    16.7s    0.0002    50.0%    50.0%    85.7%        9%/91%/0%    1.859    0.000    50.0%     0.0%   0.3399   0.0007     0.8%
   764     5.4s    0.0111    90.0%    90.0%    97.5%        8%/92%/0%    1.951    0.000    10.0%     0.0%   0.2859   0.0011     0.0%
   765    14.5s    0.0010    70.0%    70.0%    94.3%        9%/91%/0%    1.723    0.000    30.0%     0.0%   0.3758   0.0038     0.5%
   766    14.7s    0.0009    70.0%    70.0%    94.0%        9%/91%/0%    1.776    0.000    30.0%     0.0%   0.3475   0.0037     0.6%
   767    14.3s    0.0017    95.0%    95.0%    98.3%        8%/92%/0%    1.887    0.000     5.0%     0.0%   0.2969  -0.0004     0.8%
   768     4.7s    0.0065    70.0%    70.0%    97.7%        9%/91%/0%    1.956    0.000    30.0%     0.0%   0.3522  -0.0002     0.4%
   769    14.5s    0.0013    85.0%    85.0%    94.9%        8%/92%/0%    1.838    0.000    15.0%     0.0%   0.3811   0.0032     0.5%
   770    13.4s    0.0018    95.0%    95.0%    99.1%        9%/91%/0%    1.727    0.000     5.0%     0.0%   0.3195  -0.0035     0.5%
  [MA20] reward=0.0043 task_sr=81.0% miss=19.0% time_limit=65.0% v2v=0.0%
  [PPO ] p_loss=0.0230 v_loss=1.0843 entropy=0.3195 grad=3.6150 active=100.0%
  [SIM ] avg_power(a)=0.5016 rsu_q=0.860 tx=203 no_tx=20 deadlock=0 svc=3.873GHz idle=0.0%
   771    15.0s    0.0011    75.0%    75.0%    92.7%        9%/91%/0%    1.810    0.000    25.0%     0.0%   0.3571  -0.0015     1.0%
   772    14.6s    0.0014    80.0%    80.0%    92.0%        9%/91%/0%    1.754    0.000    15.0%     0.0%   0.3554   0.0062     0.7%
   773     4.5s    0.0076    75.0%    75.0%    98.2%        9%/91%/0%    1.663    0.000    25.0%     0.0%   0.3640   0.0015     0.1%
   774    14.6s    0.0014    85.0%    85.0%    94.5%        8%/92%/0%    1.943    0.000    15.0%     0.0%   0.3593  -0.0001     0.7%
   775    14.3s    0.0013    85.0%    85.0%    94.0%        8%/92%/0%    1.812    0.000    15.0%     0.0%   0.3224   0.0005     0.3%
   776    16.0s    0.0002    50.0%    50.0%    95.0%        8%/92%/0%    2.088    0.000    50.0%     0.0%   0.3649   0.0009     0.3%
   777    14.9s    0.0012    80.0%    80.0%    90.2%        9%/91%/0%    1.826    0.000    15.0%     0.0%   0.3175   0.0047     2.8%
   778    13.9s    0.0011    80.0%    80.0%    93.5%        9%/91%/0%    1.656 6.71e-05    15.0%     0.0%   0.3321   0.0068     0.8%
   779    14.6s    0.0013    85.0%    85.0%    96.7%        8%/92%/0%    1.920    0.000    15.0%     0.0%   0.3571  -0.0041     0.3%
   780    13.6s    0.0012    80.0%    80.0%    97.8%        9%/91%/0%    1.798    0.000    20.0%     0.0%   0.3263  -0.0010     0.5%
  [MA20] reward=0.0025 task_sr=77.5% miss=21.8% time_limit=80.0% v2v=0.0%
  [PPO ] p_loss=-0.0009 v_loss=0.7991 entropy=0.3263 grad=3.7624 active=100.0%
  [SIM ] avg_power(a)=0.5045 rsu_q=0.930 tx=202 no_tx=20 deadlock=0 svc=3.755GHz idle=0.0%

    Ep    Wall    R/step     T_SR     V_SR     S_SR            L/R/V   Lat(s)       En     Miss      Ill      Ent       KL     Clip
--------------------------------------------------------------------------------------------------------------------------------
   781    16.2s    0.0010    70.0%    70.0%    89.6%        8%/92%/0%    2.139    0.000    25.0%     0.0%   0.3803   0.0064     0.6%
   782    15.1s    0.0007    65.0%    65.0%    95.3%       10%/90%/0%    1.900    0.000    35.0%     0.0%   0.3343  -0.0037     0.7%
   783    14.6s    0.0011    75.0%    75.0%    94.1%        8%/92%/0%    1.915    0.000    25.0%     0.0%   0.3652   0.0081     1.0%
   784     5.7s    0.0026    55.0%    55.0%    91.1%        9%/91%/0%    1.938    0.000    45.0%     0.0%   0.3326   0.0056     0.0%
   785    14.8s    0.0012    80.0%    80.0%    96.1%        9%/91%/0%    1.775    0.000    20.0%     0.0%   0.3406   0.0049     0.6%
   786     4.6s    0.0103    80.0%    80.0%    98.3%        9%/91%/0%    1.759    0.000    20.0%     0.0%   0.3153   0.0015     0.0%
   787    14.0s    0.0014    85.0%    85.0%    96.0%        8%/92%/0%    1.833    0.000    15.0%     0.0%   0.3437   0.0095     1.2%
   788     4.4s    0.0119    90.0%    90.0%    99.6%        9%/91%/0%    1.750    0.000    10.0%     0.0%   0.3388  -0.0012     0.2%
   789    16.4s    0.0013    85.0%    85.0%    95.2%        8%/92%/0%    1.880    0.000    15.0%     0.0%   0.3714   0.0009     1.6%
   790     4.8s    0.0114    90.0%    90.0%    97.8%        9%/91%/0%    1.865    0.000    10.0%     0.0%   0.3193   0.0024     0.1%
  [MA20] reward=0.0030 task_sr=77.5% miss=21.5% time_limit=75.0% v2v=0.0%
  [PPO ] p_loss=0.0047 v_loss=10.1934 entropy=0.3193 grad=77.8385 active=100.0%
  [SIM ] avg_power(a)=0.5095 rsu_q=7.923 tx=209 no_tx=20 deadlock=0 svc=33.969GHz idle=15.4%
   791    14.2s    0.0012    75.0%    75.0%    95.9%        8%/92%/0%    1.971    0.000    20.0%     0.0%   0.3577  -0.0015     0.5%
   792    14.2s    0.0017    95.0%    95.0%    98.3%        9%/91%/0%    1.846    0.000     5.0%     0.0%   0.3490   0.0007     0.4%
   793    14.3s    0.0012    80.0%    80.0%    93.2%        9%/91%/0%    1.751    0.000    20.0%     0.0%   0.3676  -0.0014     0.7%
   794     4.3s    0.0152    95.0%    95.0%    98.2%        9%/91%/0%    1.757    0.000     5.0%     0.0%   0.3162  -0.0005     0.0%
   795     4.0s    0.0144    95.0%    95.0%    99.6%        9%/91%/0%    1.777    0.000     5.0%     0.0%   0.3365   0.0012     0.0%
   796     4.4s    0.0115    85.0%    85.0%    96.3%        8%/92%/0%    1.788    0.000    15.0%     0.0%   0.3631  -0.0008     0.0%
   797    15.4s    0.0011    80.0%    80.0%    97.9%        9%/91%/0%    2.041    0.000    20.0%     0.0%   0.3021  -0.0003     0.9%
   798    14.0s    0.0016    95.0%    95.0%    95.6%        8%/92%/0%    1.932    0.000     0.0%     0.0%   0.3211   0.0047     0.2%
   799    14.4s    0.0015    90.0%    90.0%    98.4%        8%/92%/0%    1.932    0.000    10.0%     0.0%   0.3358  -0.0043     1.1%
   800     5.6s    0.0098    85.0%    85.0%    98.3%        9%/91%/0%    1.953    0.000    15.0%     0.0%   0.3243   0.0011     0.1%
  [MA20] reward=0.0051 task_sr=82.5% miss=16.8% time_limit=60.0% v2v=0.0%
  [PPO ] p_loss=-0.0010 v_loss=8.4897 entropy=0.3243 grad=68.4182 active=100.0%
  [SIM ] avg_power(a)=0.5058 rsu_q=11.519 tx=215 no_tx=20 deadlock=0 svc=31.540GHz idle=7.4%

    Ep    Wall    R/step     T_SR     V_SR     S_SR            L/R/V   Lat(s)       En     Miss      Ill      Ent       KL     Clip
--------------------------------------------------------------------------------------------------------------------------------
   801    15.2s    0.0009    70.0%    70.0%    96.9%        8%/92%/0%    1.894    0.000    30.0%     0.0%   0.3742   0.0008     0.5%
   802     5.4s    0.0108    85.0%    85.0%    98.1%        8%/92%/0%    1.889    0.000    15.0%     0.0%   0.3335   0.0019     0.1%
   803     4.6s    0.0130    95.0%    95.0%    99.1%        9%/91%/0%    1.836    0.000     5.0%     0.0%   0.3014   0.0027     0.0%
   804     5.5s    0.0104    85.0%    85.0%    98.4%        8%/92%/0%    2.123    0.000    15.0%     0.0%   0.2975   0.0027     0.2%
   805    13.9s    0.0017    90.0%    90.0%    95.3%        9%/91%/0%    1.635    0.000    10.0%     0.0%   0.3428  -0.0002     0.6%
   806    13.9s    0.0014    80.0%    80.0%    97.1%        9%/91%/0%    1.749    0.000    15.0%     0.0%   0.3362   0.0032     0.2%
   807    14.2s    0.0013    85.0%    85.0%    97.4%        9%/91%/0%    1.909    0.000    15.0%     0.0%   0.3372   0.0050     0.9%
   808     4.2s    0.0126    90.0%    90.0%    98.3%        9%/91%/0%    1.770    0.000    10.0%     0.0%   0.2980  -0.0002     0.0%
   809    14.4s    0.0012    80.0%    80.0%    97.3%        8%/92%/0%    2.015    0.000    20.0%     0.0%   0.3466   0.0015     0.2%
   810    13.6s    0.0016    95.0%    95.0%    99.1%        9%/91%/0%    1.798    0.000     5.0%     0.0%   0.3383   0.0018     0.3%
  [MA20] reward=0.0057 task_sr=86.5% miss=12.8% time_limit=60.0% v2v=0.0%
  [PPO ] p_loss=0.0008 v_loss=1.0461 entropy=0.3383 grad=7.1603 active=100.0%
  [SIM ] avg_power(a)=0.5003 rsu_q=0.845 tx=208 no_tx=20 deadlock=0 svc=3.867GHz idle=0.0%
   811     5.6s    0.0108    85.0%    85.0%    98.1%        8%/92%/0%    1.904    0.000    15.0%     0.0%   0.3297   0.0008     0.0%
   812    14.1s    0.0016    85.0%    85.0%    96.6%        9%/91%/0%    1.823    0.000    10.0%     0.0%   0.3955 -8.90e-05     0.8%
   813    15.0s    0.0013    85.0%    85.0%    97.3%        8%/92%/0%    2.023    0.000    15.0%     0.0%   0.3304   0.0019     0.6%
   814    15.0s    0.0015    90.0%    90.0%    97.7%        9%/91%/0%    1.710    0.000    10.0%     0.0%   0.3091   0.0014     0.5%
   815    14.6s    0.0012    80.0%    80.0%    96.9%        9%/91%/0%    1.813    0.000    20.0%     0.0%   0.3401  -0.0004     0.9%
   816     3.5s    0.0162    95.0%    95.0%   100.0%       10%/90%/0%    1.636    0.000     5.0%     0.0%   0.2907   0.0024     0.0%
   817     5.2s    0.0078    75.0%    75.0%    98.3%        8%/92%/0%    1.968    0.000    25.0%     0.0%   0.3612   0.0037     0.2%
   818     5.0s    0.0119    90.0%    90.0%    98.3%        9%/91%/0%    1.836    0.000    10.0%     0.0%   0.3061   0.0033     0.5%
   819    14.5s    0.0016    90.0%    90.0%    98.4%        8%/92%/0%    1.846    0.000    10.0%     0.0%   0.3682   0.0023     0.2%
   820    14.1s    0.0013    85.0%    85.0%    97.2%        8%/92%/0%    1.868    0.000    15.0%     0.0%   0.3468  -0.0017     0.5%
  [MA20] reward=0.0055 task_sr=85.8% miss=13.8% time_limit=60.0% v2v=0.0%
  [PPO ] p_loss=0.0116 v_loss=0.5453 entropy=0.3468 grad=3.4489 active=100.0%
  [SIM ] avg_power(a)=0.4996 rsu_q=1.170 tx=224 no_tx=20 deadlock=0 svc=4.103GHz idle=0.0%

    Ep    Wall    R/step     T_SR     V_SR     S_SR            L/R/V   Lat(s)       En     Miss      Ill      Ent       KL     Clip
--------------------------------------------------------------------------------------------------------------------------------
   821    14.2s    0.0013    85.0%    85.0%    98.3%        9%/91%/0%    1.793    0.000    15.0%     0.0%   0.3924   0.0078     1.0%
   822    15.2s    0.0014    85.0%    85.0%    96.2%        9%/91%/0%    1.880    0.000    15.0%     0.0%   0.2985  -0.0057     1.0%
   823    14.4s    0.0012    80.0%    80.0%    94.9%        9%/91%/0%    1.864    0.000    20.0%     0.0%   0.3626   0.0031     0.6%
   824    13.9s    0.0015    90.0%    90.0%    97.5%        9%/91%/0%    1.768    0.000    10.0%     0.0%   0.4240   0.0027     1.0%
   825    14.5s    0.0015    90.0%    90.0%    97.9%        9%/91%/0%    1.779    0.000    10.0%     0.0%   0.3325   0.0035     0.3%
   826    14.3s    0.0013    85.0%    85.0%    97.6%        8%/92%/0%    1.926    0.000    15.0%     0.0%   0.3596   0.0042     1.5%
   827    14.9s    0.0008    70.0%    70.0%    95.2%        8%/92%/0%    1.884    0.000    30.0%     0.0%   0.3904 -1.64e-05     0.2%
   828     4.1s    0.0145   100.0%   100.0%   100.0%        9%/91%/0%    1.666    0.000     0.0%     0.0%   0.3324   0.0020     0.0%
   829     4.1s    0.0154   100.0%   100.0%   100.0%        9%/91%/0%    1.757    0.000     0.0%     0.0%   0.3455   0.0028     0.0%
   830     4.9s    0.0141   100.0%   100.0%   100.0%        8%/92%/0%    1.886    0.000     0.0%     0.0%   0.3639   0.0009     0.0%
  [MA20] reward=0.0054 task_sr=87.2% miss=12.5% time_limit=65.0% v2v=0.0%
  [PPO ] p_loss=-0.0009 v_loss=15.1866 entropy=0.3639 grad=67.0219 active=100.0%
  [SIM ] avg_power(a)=0.5026 rsu_q=8.962 tx=226 no_tx=20 deadlock=0 svc=35.736GHz idle=11.5%
  → Best model saved: Success Rate = 0.850 (50-ep avg)
   831     5.0s    0.0103    80.0%    80.0%    97.9%        9%/91%/0%    1.854    0.000    20.0%     0.0%   0.3453   0.0006     0.3%
   832    15.3s    0.0010    75.0%    75.0%    95.0%        8%/92%/0%    1.992    0.000    25.0%     0.0%   0.3861   0.0064     1.0%
   833     4.3s    0.0104    80.0%    80.0%    97.8%        9%/91%/0%    1.751    0.000    20.0%     0.0%   0.3600   0.0021     0.2%
   834     4.7s    0.0125    90.0%    90.0%    99.1%        9%/91%/0%    1.857    0.000    10.0%     0.0%   0.3184   0.0041     0.1%
   835    15.3s    0.0009    70.0%    70.0%    95.1%        8%/92%/0%    1.852    0.000    30.0%     0.0%   0.3781   0.0062     0.9%
   836    14.4s    0.0015    90.0%    90.0%    98.4%        8%/92%/0%    1.958    0.000    10.0%     0.0%   0.3449   0.0014     0.6%
   837    15.7s    0.0009    70.0%    70.0%    93.2%        8%/92%/0%    1.914    0.000    30.0%     0.0%   0.3475  -0.0011     0.1%
   838     4.4s    0.0120    90.0%    90.0%    99.1%        9%/91%/0%    1.725    0.000    10.0%     0.0%   0.3406   0.0044     0.1%
   839    15.2s    0.0013    85.0%    85.0%    95.2%        9%/91%/0%    1.799    0.000    15.0%     0.0%   0.3670   0.0038     1.2%
   840    14.7s    0.0014    85.0%    85.0%    96.7%        8%/92%/0%    1.873    0.000    15.0%     0.0%   0.3565   0.0075     1.1%
  [MA20] reward=0.0053 task_sr=85.0% miss=15.0% time_limit=65.0% v2v=0.0%
  [PPO ] p_loss=-0.0037 v_loss=0.8607 entropy=0.3565 grad=8.6040 active=100.0%
  [SIM ] avg_power(a)=0.4988 rsu_q=1.030 tx=222 no_tx=20 deadlock=0 svc=4.144GHz idle=0.0%

    Ep    Wall    R/step     T_SR     V_SR     S_SR            L/R/V   Lat(s)       En     Miss      Ill      Ent       KL     Clip
--------------------------------------------------------------------------------------------------------------------------------
   841    15.7s    0.0012    80.0%    80.0%    96.7%        9%/91%/0%    1.906    0.000    20.0%     0.0%   0.3111   0.0031     0.4%
   842     5.5s    0.0098    85.0%    85.0%    99.2%        8%/92%/0%    2.059    0.000    15.0%     0.0%   0.3664   0.0005     0.1%
   843    15.3s    0.0012    80.0%    80.0%    96.7%        8%/92%/0%    1.797    0.000    20.0%     0.0%   0.3673   0.0009     0.6%
   844    14.5s    0.0016    85.0%    85.0%    89.7%        9%/91%/0%    1.831    0.000    10.0%     0.0%   0.3659   0.0050     0.6%
   845     5.0s    0.0062    70.0%    70.0%    96.9%        9%/91%/0%    1.956    0.000    30.0%     0.0%   0.3598 6.89e-05     0.1%
   846    14.7s    0.0015    90.0%    90.0%    97.4%        9%/91%/0%    1.791    0.000    10.0%     0.0%   0.3621  -0.0050     1.0%
   847    14.5s    0.0017    90.0%    90.0%    92.6%        9%/91%/0%    1.669    0.000     5.0%     0.0%   0.3650   0.0045     0.6%
   848     6.7s    0.0003    45.0%    45.0%    92.4%        8%/92%/0%    2.060    0.000    55.0%     0.0%   0.3172   0.0016     0.1%
   849    14.2s    0.0017    90.0%    90.0%    94.3%        9%/91%/0%    1.532    0.000    10.0%     0.0%   0.3907   0.0010     0.5%
   850    14.4s    0.0016    95.0%    95.0%    98.3%        9%/91%/0%    1.747    0.000     5.0%     0.0%   0.3257  -0.0003     0.8%
  [MA20] reward=0.0039 task_sr=81.2% miss=18.2% time_limit=65.0% v2v=0.0%
  [PPO ] p_loss=0.0002 v_loss=0.5232 entropy=0.3257 grad=3.5257 active=100.0%
  [SIM ] avg_power(a)=0.4987 rsu_q=1.035 tx=212 no_tx=20 deadlock=0 svc=3.668GHz idle=0.0%
   851    14.4s    0.0017    95.0%    95.0%    98.6%        9%/91%/0%    1.740    0.000     5.0%     0.0%   0.3804   0.0028     1.3%
   852    15.5s    0.0016    95.0%    95.0%    97.8%        9%/91%/0%    1.787    0.000     5.0%     0.0%   0.3720 -3.13e-05     1.7%
   853    14.0s    0.0015    90.0%    90.0%    96.2%        9%/91%/0%    1.859    0.000    10.0%     0.0%   0.3513   0.0065     1.3%
   854     4.8s    0.0118    95.0%    95.0%    99.6%        9%/91%/0%    1.868    0.000     5.0%     0.0%   0.3296  -0.0024     0.0%
   855    15.7s    0.0010    75.0%    75.0%    91.9%        9%/91%/0%    1.801    0.000    25.0%     0.0%   0.3673   0.0054     1.1%
   856     4.8s    0.0145   100.0%   100.0%   100.0%        9%/91%/0%    1.892    0.000     0.0%     0.0%   0.3247   0.0018     0.0%
   857     4.6s    0.0126    90.0%    90.0%    99.2%        9%/91%/0%    1.835    0.000    10.0%     0.0%   0.3272  -0.0006     0.0%
   858    14.3s    0.0010    75.0%    75.0%    96.2%        9%/91%/0%    1.872    0.000    25.0%     0.0%   0.3814   0.0036     0.3%
   859    17.6s    0.0008    70.0%    70.0%    93.8%        8%/92%/0%    2.128    0.000    30.0%     0.0%   0.3814   0.0004     0.6%
   860    14.6s    0.0006    55.0%    55.0%    91.3%        8%/92%/0%    1.984    0.000    40.0%     0.0%   0.3747   0.0050     0.3%
  [MA20] reward=0.0037 task_sr=82.5% miss=16.8% time_limit=70.0% v2v=0.0%
  [PPO ] p_loss=-0.0027 v_loss=0.6735 entropy=0.3747 grad=2.9222 active=100.0%
  [SIM ] avg_power(a)=0.4938 rsu_q=1.350 tx=224 no_tx=20 deadlock=0 svc=4.377GHz idle=0.0%

    Ep    Wall    R/step     T_SR     V_SR     S_SR            L/R/V   Lat(s)       En     Miss      Ill      Ent       KL     Clip
--------------------------------------------------------------------------------------------------------------------------------
   861    13.2s    0.0015    90.0%    90.0%    98.6%        9%/91%/0%    1.668    0.000    10.0%     0.0%   0.3294   0.0019     0.3%
   862    15.2s    0.0010    75.0%    75.0%    94.3%        9%/91%/0%    1.912    0.000    25.0%     0.0%   0.3458  -0.0025     0.1%
   863    13.8s    0.0013    85.0%    85.0%    96.8%        8%/92%/0%    1.916    0.000    15.0%     0.0%   0.3289   0.0059     0.6%
   864    14.4s    0.0013    85.0%    85.0%    95.0%        9%/91%/0%    1.849    0.000    15.0%     0.0%   0.3764   0.0070     0.8%
   865    14.7s    0.0011    80.0%    80.0%    92.2%        9%/91%/0%    1.921    0.000    15.0%     0.0%   0.3598   0.0095     0.9%
   866    14.1s    0.0015    85.0%    85.0%    91.2%        9%/91%/0%    1.871    0.000    10.0%     0.0%   0.3559  -0.0017     0.8%
   867     4.9s    0.0133    95.0%    95.0%    99.6%        8%/92%/0%    1.856    0.000     5.0%     0.0%   0.3574  -0.0018     0.1%
   868     5.3s    0.0139   100.0%   100.0%   100.0%        8%/92%/0%    1.866    0.000     0.0%     0.0%   0.3164  -0.0009     0.0%
   869     4.4s    0.0105    85.0%    85.0%    97.5%        9%/91%/0%    1.764    0.000    15.0%     0.0%   0.3656  -0.0006     0.0%
   870     4.3s    0.0137    95.0%    95.0%    97.8%        9%/91%/0%    1.677    0.000     5.0%     0.0%   0.3895  -0.0007     0.0%
  [MA20] reward=0.0053 task_sr=85.8% miss=13.5% time_limit=65.0% v2v=0.0%
  [PPO ] p_loss=0.0038 v_loss=11.8383 entropy=0.3895 grad=50.6533 active=100.0%
  [SIM ] avg_power(a)=0.5026 rsu_q=7.240 tx=206 no_tx=20 deadlock=0 svc=34.746GHz idle=12.0%
   871    14.1s    0.0015    90.0%    90.0%    96.0%        9%/91%/0%    1.741    0.000    10.0%     0.0%   0.3228   0.0034     0.7%
   872    14.4s    0.0013    85.0%    85.0%    96.3%        8%/92%/0%    1.846    0.000    15.0%     0.0%   0.3144   0.0026     0.3%
   873    15.2s    0.0015    85.0%    85.0%    93.5%        9%/91%/0%    1.812    0.000    15.0%     0.0%   0.3619   0.0066     1.1%
   874     4.8s    0.0109    85.0%    85.0%    97.0%        9%/91%/0%    1.930    0.000    15.0%     0.0%   0.3687   0.0005     0.3%
   875    15.3s    0.0007    60.0%    60.0%    90.3%        9%/91%/0%    1.998    0.000    35.0%     0.0%   0.3553   0.0037     1.5%
   876    15.6s    0.0014    85.0%    85.0%    97.9%        9%/91%/0%    1.836    0.000    15.0%     0.0%   0.3508  -0.0014     0.4%
   877    14.9s    0.0013    85.0%    85.0%    98.4%        8%/92%/0%    2.008    0.000    15.0%     0.0%   0.3326  -0.0019     1.0%
   878    14.3s    0.0013    85.0%    85.0%    97.8%        9%/91%/0%    1.788    0.000    15.0%     0.0%   0.3559   0.0029     0.4%
   879    14.9s    0.0014    85.0%    85.0%    94.2%        9%/91%/0%    1.782    0.000    15.0%     0.0%   0.4110   0.0046     1.9%
   880    16.2s    0.0010    75.0%    75.0%    91.8%        9%/91%/0%    1.707    0.000    25.0%     0.0%   0.3829  -0.0034     1.6%
  [MA20] reward=0.0041 task_sr=84.7% miss=14.5% time_limit=75.0% v2v=0.0%
  [PPO ] p_loss=0.0026 v_loss=0.5709 entropy=0.3829 grad=2.4325 active=100.0%
  [SIM ] avg_power(a)=0.4971 rsu_q=1.175 tx=199 no_tx=20 deadlock=0 svc=3.656GHz idle=0.0%

    Ep    Wall    R/step     T_SR     V_SR     S_SR            L/R/V   Lat(s)       En     Miss      Ill      Ent       KL     Clip
--------------------------------------------------------------------------------------------------------------------------------
   881    15.0s    0.0011    75.0%    75.0%    97.0%        9%/91%/0%    1.818    0.000    25.0%     0.0%   0.3192  -0.0005     0.3%
   882    14.8s    0.0017    95.0%    95.0%    99.6%        8%/92%/0%    1.893    0.000     5.0%     0.0%   0.3643  -0.0022     0.2%
   883    15.4s    0.0005    55.0%    55.0%    88.0%        9%/91%/0%    1.959    0.000    40.0%     0.0%   0.3766   0.0061     1.7%
   884    15.8s    0.0014    85.0%    85.0%    97.9%        8%/92%/0%    1.821    0.000    15.0%     0.0%   0.3678   0.0076     0.2%
   885     4.7s    0.0125    90.0%    90.0%   100.0%        8%/92%/0%    1.933    0.000    10.0%     0.0%   0.3135   0.0022     0.2%
   886    14.7s    0.0015    90.0%    90.0%    96.0%        8%/92%/0%    1.925    0.000    10.0%     0.0%   0.3687   0.0088     1.3%
   887    14.1s    0.0009    75.0%    75.0%    94.3%        8%/92%/0%    1.971    0.000    20.0%     0.0%   0.3309   0.0057     0.8%
   888     5.0s    0.0111    90.0%    90.0%    99.2%        8%/92%/0%    1.883    0.000    10.0%     0.0%   0.3242   0.0068     0.2%
   889    15.8s    0.0007    65.0%    65.0%    95.3%        9%/91%/0%    1.933    0.000    35.0%     0.0%   0.3054   0.0009     0.3%
   890    14.8s    0.0014    85.0%    85.0%    95.5%        8%/92%/0%    1.890    0.000    15.0%     0.0%   0.3516  -0.0007     0.1%
  [MA20] reward=0.0028 task_sr=81.2% miss=18.0% time_limit=85.0% v2v=0.0%
  [PPO ] p_loss=-0.0094 v_loss=0.5700 entropy=0.3516 grad=4.0963 active=100.0%
  [SIM ] avg_power(a)=0.4977 rsu_q=1.070 tx=218 no_tx=20 deadlock=0 svc=4.078GHz idle=0.0%
   891    14.9s    0.0018    95.0%    95.0%    96.6%        9%/91%/0%    1.794    0.000     5.0%     0.0%   0.3448   0.0028     0.6%
   892     4.1s    0.0130    85.0%    85.0%    98.6%        9%/91%/0%    1.654    0.000    15.0%     0.0%   0.3381   0.0038     0.0%
   893     4.3s    0.0135    95.0%    95.0%    99.6%        8%/92%/0%    1.869    0.000     5.0%     0.0%   0.3225   0.0068     0.1%
   894     3.9s    0.0114    85.0%    85.0%    97.7%        9%/91%/0%    1.696    0.000    15.0%     0.0%   0.3683  -0.0031     0.1%
   895    14.5s    0.0012    80.0%    80.0%    94.0%        8%/92%/0%    1.727    0.000    20.0%     0.0%   0.4277   0.0028     1.6%
   896     4.7s    0.0123    90.0%    90.0%    99.1%        9%/91%/0%    1.854    0.000    10.0%     0.0%   0.3415   0.0004     0.0%
   897     5.4s    0.0100    85.0%    85.0%    97.8%        9%/91%/0%    1.907    0.000    15.0%     0.0%   0.3811   0.0130     0.4%
   898     4.6s    0.0141    95.0%    95.0%    99.6%        8%/92%/0%    1.826    0.000     5.0%     0.0%   0.3314   0.0030     0.2%
   899     4.8s    0.0108    85.0%    85.0%    98.3%        8%/92%/0%    1.891    0.000    15.0%     0.0%   0.3414  -0.0040     0.0%
   900    14.7s    0.0009    70.0%    70.0%    96.1%        9%/91%/0%    1.774    0.000    30.0%     0.0%   0.3680   0.0048     1.0%
  [MA20] reward=0.0061 task_sr=83.5% miss=16.0% time_limit=55.0% v2v=0.0%
  [PPO ] p_loss=-0.0073 v_loss=1.7148 entropy=0.3680 grad=17.5794 active=100.0%
  [SIM ] avg_power(a)=0.4958 rsu_q=1.070 tx=203 no_tx=20 deadlock=0 svc=3.443GHz idle=0.0%

    Ep    Wall    R/step     T_SR     V_SR     S_SR            L/R/V   Lat(s)       En     Miss      Ill      Ent       KL     Clip
--------------------------------------------------------------------------------------------------------------------------------
   901     5.5s    0.0111    85.0%    85.0%    99.2%        8%/92%/0%    2.009    0.000    15.0%     0.0%   0.3138  -0.0020     0.0%
   902     5.2s    0.0089    80.0%    80.0%    97.3%        8%/92%/0%    1.979    0.000    20.0%     0.0%   0.3796  -0.0010     0.1%
   903    15.1s    0.0016    90.0%    90.0%    95.1%        8%/92%/0%    1.754    0.000    10.0%     0.0%   0.3537  -0.0003     0.1%
   904    14.2s    0.0014    85.0%    85.0%    96.4%        8%/92%/0%    1.824    0.000    15.0%     0.0%   0.3832   0.0056     0.6%
   905     5.8s    0.0081    75.0%    75.0%    98.1%        8%/92%/0%    2.074    0.000    25.0%     0.0%   0.3614  -0.0018     0.0%
   906     5.8s    0.0121    95.0%    95.0%    99.6%        8%/92%/0%    1.967    0.000     5.0%     0.0%   0.3482   0.0041     0.1%
   907    14.7s    0.0012    80.0%    80.0%    95.8%        9%/91%/0%    1.880    0.000    20.0%     0.0%   0.3355 9.04e-05     0.4%
   908     4.9s    0.0113    90.0%    90.0%   100.0%        8%/92%/0%    1.965    0.000    10.0%     0.0%   0.3119   0.0045     0.0%
   909     4.8s    0.0146   100.0%   100.0%   100.0%        9%/91%/0%    1.892    0.000     0.0%     0.0%   0.2931  -0.0005     0.1%
   910     4.7s    0.0127    95.0%    95.0%    99.6%        9%/91%/0%    1.924    0.000     5.0%     0.0%   0.3056  -0.0052     0.1%
  [MA20] reward=0.0086 task_sr=87.0% miss=13.0% time_limit=30.0% v2v=0.0%
  [PPO ] p_loss=0.0038 v_loss=8.3796 entropy=0.3056 grad=30.2533 active=100.0%
  [SIM ] avg_power(a)=0.4770 rsu_q=10.192 tx=212 no_tx=20 deadlock=0 svc=35.841GHz idle=15.4%
   911    14.2s    0.0013    85.0%    85.0%    95.5%        9%/91%/0%    1.691    0.000    15.0%     0.0%   0.3742  -0.0009     0.4%
   912     4.3s    0.0142    95.0%    95.0%    99.6%        8%/92%/0%    1.716    0.000     5.0%     0.0%   0.3629  -0.0012     0.3%
   913     4.2s    0.0147   100.0%   100.0%   100.0%        8%/92%/0%    1.806    0.000     0.0%     0.0%   0.3139   0.0012     0.5%
   914    14.2s    0.0012    80.0%    80.0%    95.8%        9%/91%/0%    1.866    0.000    20.0%     0.0%   0.4030   0.0022     0.5%
   915    13.7s    0.0015    90.0%    90.0%    98.2%        9%/91%/0%    1.750    0.000    10.0%     0.0%   0.3422  -0.0001     1.1%
   916    14.1s    0.0010    75.0%    75.0%    97.8%        9%/91%/0%    1.781    0.000    25.0%     0.0%   0.3327   0.0014     0.9%
   917     5.0s    0.0109    85.0%    85.0%    97.5%        8%/92%/0%    1.865    0.000    15.0%     0.0%   0.3458  -0.0010     0.2%
   918     5.4s    0.0101    85.0%    85.0%    98.4%        8%/92%/0%    2.007    0.000    15.0%     0.0%   0.3679  -0.0007     0.2%
   919    14.9s    0.0013    85.0%    85.0%    94.4%        9%/91%/0%    1.795    0.000    15.0%     0.0%   0.3541   0.0058     0.9%
   920     4.7s    0.0069    70.0%    70.0%    98.8%        8%/92%/0%    1.852    0.000    30.0%     0.0%   0.3141   0.0047     0.4%
  [MA20] reward=0.0073 task_sr=86.2% miss=13.7% time_limit=40.0% v2v=0.0%
  [PPO ] p_loss=-0.0028 v_loss=3.0816 entropy=0.3141 grad=23.0320 active=100.0%
  [SIM ] avg_power(a)=0.4784 rsu_q=12.240 tx=222 no_tx=20 deadlock=0 svc=34.990GHz idle=8.0%

    Ep    Wall    R/step     T_SR     V_SR     S_SR            L/R/V   Lat(s)       En     Miss      Ill      Ent       KL     Clip
--------------------------------------------------------------------------------------------------------------------------------
   921    16.3s    0.0008    70.0%    70.0%    91.1%        9%/91%/0%    1.896    0.000    30.0%     0.0%   0.3363   0.0065     2.5%
   922     5.1s    0.0098    85.0%    85.0%    97.6%        9%/91%/0%    1.951    0.000    15.0%     0.0%   0.3674   0.0115     0.8%
   923    13.9s    0.0012    80.0%    80.0%    95.9%        8%/92%/0%    1.959    0.000    20.0%     0.0%   0.3322  -0.0005     0.1%
   924    13.4s    0.0015    90.0%    90.0%    91.9%        9%/91%/0%    1.785    0.000     5.0%     0.0%   0.3681  -0.0012     0.6%
   925     4.6s    0.0101    85.0%    85.0%    99.2%        8%/92%/0%    1.866    0.000    15.0%     0.0%   0.3771   0.0003     0.0%
   926     4.7s    0.0084    75.0%    75.0%    98.3%        8%/92%/0%    1.850    0.000    25.0%     0.0%   0.3326   0.0019     0.4%
   927    13.5s    0.0015    90.0%    90.0%    96.1%        9%/91%/0%    1.789    0.000    10.0%     0.0%   0.3421   0.0096     0.9%
   928     5.3s    0.0072    75.0%    75.0%    97.3%        8%/92%/0%    2.073    0.000    25.0%     0.0%   0.3397   0.0005     0.1%
   929    14.4s    0.0010    75.0%    75.0%    93.0%        9%/91%/0%    1.833    0.000    25.0%     0.0%   0.3591   0.0020     0.9%
   930    14.3s    0.0012    80.0%    80.0%    95.7%        9%/91%/0%    1.870    0.000    20.0%     0.0%   0.3775   0.0033     2.1%
  [MA20] reward=0.0053 task_sr=82.8% miss=17.0% time_limit=55.0% v2v=0.0%
  [PPO ] p_loss=0.0034 v_loss=1.6481 entropy=0.3775 grad=12.5980 active=100.0%
  [SIM ] avg_power(a)=0.4949 rsu_q=0.970 tx=206 no_tx=20 deadlock=0 svc=3.864GHz idle=0.0%
   931    13.7s    0.0010    75.0%    75.0%    95.0%        9%/91%/0%    1.742    0.000    25.0%     0.0%   0.3521  -0.0006     1.3%
   932    13.8s    0.0017    95.0%    95.0%    97.5%        8%/92%/0%    1.748    0.000     5.0%     0.0%   0.3497   0.0021     0.8%
   933    14.9s    0.0012    80.0%    80.0%    94.4%        8%/92%/0%    1.941    0.000    15.0%     0.0%   0.3534   0.0013     0.8%
   934    13.7s    0.0012    75.0%    75.0%    94.9%        9%/91%/0%    1.762    0.000    20.0%     0.0%   0.3921   0.0003     0.5%
   935    14.1s    0.0015    90.0%    90.0%    95.5%        8%/92%/0%    1.886    0.000    10.0%     0.0%   0.3335   0.0084     0.3%
   936     5.7s    0.0039    60.0%    60.0%    93.0%        9%/91%/0%    1.992    0.000    40.0%     0.0%   0.2943  -0.0011     0.4%
   937    14.2s    0.0012    80.0%    80.0%    92.5%        8%/92%/0%    1.734    0.000    15.0%     0.0%   0.4276  -0.0011     1.3%
   938     4.7s    0.0108    85.0%    85.0%    98.0%        8%/92%/0%    1.812    0.000    15.0%     0.0%   0.3783   0.0008     0.1%
   939     4.6s    0.0113    85.0%    85.0%    97.5%        9%/91%/0%    1.781    0.000    15.0%     0.0%   0.3139  -0.0032     0.3%
   940     4.4s    0.0143    95.0%    95.0%   100.0%        8%/92%/0%    1.872    0.000     5.0%     0.0%   0.3279   0.0037     0.1%
  [MA20] reward=0.0045 task_sr=81.2% miss=17.8% time_limit=60.0% v2v=0.0%
  [PPO ] p_loss=-0.0014 v_loss=10.6037 entropy=0.3279 grad=59.7067 active=100.0%
  [SIM ] avg_power(a)=0.4753 rsu_q=9.870 tx=219 no_tx=20 deadlock=0 svc=37.300GHz idle=4.3%

    Ep    Wall    R/step     T_SR     V_SR     S_SR            L/R/V   Lat(s)       En     Miss      Ill      Ent       KL     Clip
--------------------------------------------------------------------------------------------------------------------------------
   941     4.4s    0.0134    95.0%    95.0%    99.6%        9%/91%/0%    1.766    0.000     5.0%     0.0%   0.3792   0.0029     0.1%
   942     4.4s    0.0131    95.0%    95.0%   100.0%        9%/91%/0%    1.806    0.000     5.0%     0.0%   0.3178   0.0012     0.1%
   943    13.8s    0.0016    90.0%    90.0%    91.1%        9%/91%/0%    1.683    0.000     5.0%     0.0%   0.3259   0.0030     0.3%
   944     4.2s    0.0155   100.0%   100.0%   100.0%        8%/92%/0%    1.787    0.000     0.0%     0.0%   0.3485   0.0026     0.4%
   945     4.7s    0.0103    85.0%    85.0%    98.7%        8%/92%/0%    1.810    0.000    15.0%     0.0%   0.3506   0.0039     0.2%
   946     5.0s    0.0115    90.0%    90.0%    98.7%        9%/91%/0%    1.857    0.000    10.0%     0.0%   0.3010   0.0036     0.1%
   947    14.9s    0.0007    65.0%    65.0%    90.5%        9%/91%/0%    1.828    0.000    30.0%     0.0%   0.3739   0.0001     0.4%
   948     4.7s    0.0122    90.0%    90.0%    99.6%        8%/92%/0%    1.847    0.000    10.0%     0.0%   0.3136  -0.0045     0.0%
   949     5.2s    0.0054    65.0%    65.0%    95.7%        9%/91%/0%    1.892    0.000    35.0%     0.0%   0.3184  -0.0039     0.2%
   950     5.2s    0.0089    80.0%    80.0%    95.6%        8%/92%/0%    2.002    0.000    20.0%     0.0%   0.2913   0.0032     0.1%
  [MA20] reward=0.0070 task_sr=83.8% miss=15.0% time_limit=40.0% v2v=0.0%
  [PPO ] p_loss=0.0030 v_loss=3.9900 entropy=0.2913 grad=25.0333 active=100.0%
  [SIM ] avg_power(a)=0.4907 rsu_q=10.148 tx=221 no_tx=20 deadlock=0 svc=34.820GHz idle=11.1%
   951    14.7s    0.0015    90.0%    90.0%    95.2%        8%/92%/0%    1.930    0.000    10.0%     0.0%   0.4003  -0.0014     0.3%
   952    13.1s    0.0017    95.0%    95.0%    99.1%        9%/91%/0%    1.631    0.000     5.0%     0.0%   0.3809   0.0004     0.5%
   953    15.0s    0.0010    75.0%    75.0%    91.4%        9%/91%/0%    1.891    0.000    25.0%     0.0%   0.4438   0.0010     2.0%
   954    17.1s    0.0003    55.0%    55.0%    93.9%        9%/91%/0%    2.061    0.000    45.0%     0.0%   0.3058   0.0026     0.4%
   955     5.0s    0.0110    85.0%    85.0%    99.2%        8%/92%/0%    1.890    0.000    15.0%     0.0%   0.3209  -0.0033     0.1%
   956     5.2s    0.0087    80.0%    80.0%    96.1%        8%/92%/0%    1.984    0.000    20.0%     0.0%   0.3682  -0.0029     0.4%
   957     4.5s    0.0123    90.0%    90.0%    99.2%        8%/92%/0%    1.841    0.000    10.0%     0.0%   0.3782  -0.0034     0.6%
   958    13.4s    0.0013    85.0%    85.0%    97.4%        9%/91%/0%    1.772    0.000    15.0%     0.0%   0.3846   0.0012     0.0%
   959    14.8s    0.0015    85.0%    85.0%    93.9%        9%/91%/0%    1.629    0.000    15.0%     0.0%   0.4098   0.0063     2.0%
   960     4.5s    0.0126    90.0%    90.0%    99.2%        8%/92%/0%    1.753    0.000    10.0%     0.0%   0.3396 -5.01e-05     0.0%
  [MA20] reward=0.0072 task_sr=84.2% miss=15.2% time_limit=40.0% v2v=0.0%
  [PPO ] p_loss=-0.0038 v_loss=7.2395 entropy=0.3396 grad=54.8290 active=100.0%
  [SIM ] avg_power(a)=0.4872 rsu_q=8.760 tx=219 no_tx=20 deadlock=0 svc=37.658GHz idle=16.0%

    Ep    Wall    R/step     T_SR     V_SR     S_SR            L/R/V   Lat(s)       En     Miss      Ill      Ent       KL     Clip
--------------------------------------------------------------------------------------------------------------------------------
   961     4.8s    0.0141    95.0%    95.0%   100.0%        8%/92%/0%    1.916    0.000     5.0%     0.0%   0.3663   0.0016     0.2%
   962     4.3s    0.0128    90.0%    90.0%    98.3%        9%/91%/0%    1.827    0.000    10.0%     0.0%   0.3805  -0.0008     1.0%
   963    14.2s    0.0013    85.0%    85.0%    98.8%        8%/92%/0%    1.735    0.000    15.0%     0.0%   0.3706   0.0030     0.7%
   964     4.4s    0.0106    85.0%    85.0%    99.6%        9%/91%/0%    1.789    0.000    15.0%     0.0%   0.3796   0.0001     0.5%
   965    15.3s    0.0012    75.0%    75.0%    90.9%        9%/91%/0%    1.639    0.000    20.0%     0.0%   0.4135   0.0019     1.5%
   966    14.1s    0.0017    95.0%    95.0%    95.5%        9%/91%/0%    1.713    0.000     5.0%     0.0%   0.3065   0.0053     0.4%
   967    16.2s    0.0008    70.0%    70.0%    89.0%        9%/91%/0%    2.073    0.000    25.0%     0.0%   0.4116  -0.0003     0.9%
   968    16.1s    0.0010    75.0%    75.0%    96.6%        9%/91%/0%    1.891    0.000    25.0%     0.0%   0.3172   0.0066     1.3%
   969    15.6s    0.0012    80.0%    80.0%    94.7%        8%/92%/0%    1.924    0.000    20.0%     0.0%   0.3871   0.0047     1.4%
   970     4.9s    0.0132   100.0%   100.0%   100.0%        8%/92%/0%    1.855    0.000     0.0%     0.0%   0.3170   0.0036     0.1%
  [MA20] reward=0.0055 task_sr=84.0% miss=15.5% time_limit=60.0% v2v=0.0%
  [PPO ] p_loss=-0.0019 v_loss=16.6690 entropy=0.3170 grad=130.8319 active=100.0%
  [SIM ] avg_power(a)=0.4807 rsu_q=7.536 tx=218 no_tx=20 deadlock=0 svc=36.423GHz idle=21.4%
   971     4.5s    0.0136   100.0%   100.0%   100.0%        9%/91%/0%    1.865    0.000     0.0%     0.0%   0.3389   0.0024     0.6%
   972    15.0s    0.0007    65.0%    65.0%    92.7%        9%/91%/0%    1.994    0.000    35.0%     0.0%   0.3578  -0.0022     1.7%
   973    14.1s    0.0012    80.0%    80.0%    96.4%        8%/92%/0%    1.836    0.000    20.0%     0.0%   0.3787   0.0009     0.8%
   974    14.6s    0.0015    85.0%    85.0%    97.1%        8%/92%/0%    1.822    0.000    15.0%     0.0%   0.3595  -0.0050     1.5%
   975    14.5s    0.0010    70.0%    70.0%    94.5%        9%/91%/0%    1.677    0.000    30.0%     0.0%   0.3611   0.0024     0.3%
   976    15.1s    0.0012    80.0%    80.0%    95.3%        9%/91%/0%    1.744    0.000    20.0%     0.0%   0.3647   0.0081     0.6%
   977     4.4s    0.0104    80.0%    80.0%    96.4%        9%/91%/0%    1.800    0.000    20.0%     0.0%   0.2990  -0.0014     0.2%
   978     4.8s    0.0120    90.0%    90.0%    98.0%        9%/91%/0%    1.807    0.000    10.0%     0.0%   0.3422  -0.0004     0.6%
   979    16.1s    0.0016    90.0%    90.0%    93.4%        9%/91%/0%    1.808    0.000    10.0%     0.0%   0.3641  -0.0015     1.8%
   980    14.8s    0.0015    90.0%    90.0%    98.3%        9%/91%/0%    1.871    0.000    10.0%     0.0%   0.3307   0.0038     0.9%
  [MA20] reward=0.0051 task_sr=84.0% miss=15.5% time_limit=65.0% v2v=0.0%
  [PPO ] p_loss=-0.0040 v_loss=1.4425 entropy=0.3307 grad=24.6503 active=100.0%
  [SIM ] avg_power(a)=0.4985 rsu_q=1.060 tx=212 no_tx=20 deadlock=0 svc=3.821GHz idle=0.0%

    Ep    Wall    R/step     T_SR     V_SR     S_SR            L/R/V   Lat(s)       En     Miss      Ill      Ent       KL     Clip
--------------------------------------------------------------------------------------------------------------------------------
   981    13.5s    0.0015    90.0%    90.0%    94.6%        8%/92%/0%    1.903    0.000     5.0%     0.0%   0.3375  -0.0032     0.6%
   982    14.2s    0.0016    95.0%    95.0%    98.8%        8%/92%/0%    1.866    0.000     5.0%     0.0%   0.3436   0.0052     0.5%
   983    14.9s    0.0012    80.0%    80.0%    95.5%        8%/92%/0%    2.024    0.000    20.0%     0.0%   0.3262   0.0025     0.9%
   984    13.2s    0.0014    85.0%    85.0%    97.8%        9%/91%/0%    1.843    0.000    15.0%     0.0%   0.4038   0.0108     1.2%
   985    14.9s    0.0012    80.0%    80.0%    98.0%        8%/92%/0%    1.988    0.000    20.0%     0.0%   0.3229   0.0036     0.6%
   986     4.8s    0.0093    80.0%    80.0%    98.0%        9%/91%/0%    1.965    0.000    20.0%     0.0%   0.3664  -0.0026     0.3%
   987    13.1s    0.0015    85.0%    85.0%    95.4%       10%/90%/0%    1.779    0.000    10.0%     0.0%   0.3548   0.0063     0.9%
   988     4.2s    0.0123    90.0%    90.0%    98.6%        9%/91%/0%    1.679    0.000    10.0%     0.0%   0.3144  -0.0006     0.0%
   989    14.1s    0.0012    80.0%    80.0%    95.6%        9%/91%/0%    1.923    0.000    20.0%     0.0%   0.4031   0.0021     2.1%
   990     4.7s    0.0104    85.0%    85.0%    97.9%        9%/91%/0%    1.886    0.000    15.0%     0.0%   0.3684   0.0067     0.8%
  [MA20] reward=0.0043 task_sr=84.0% miss=15.5% time_limit=70.0% v2v=0.0%
  [PPO ] p_loss=-0.0021 v_loss=9.8390 entropy=0.3684 grad=79.3685 active=100.0%
  [SIM ] avg_power(a)=0.4899 rsu_q=8.000 tx=216 no_tx=22 deadlock=0 svc=33.138GHz idle=7.7%
   991     4.1s    0.0140    95.0%    95.0%    99.5%       10%/90%/0%    1.732    0.000     5.0%     0.0%   0.3402  -0.0040     0.5%
   992    14.2s    0.0015    90.0%    90.0%    97.6%        8%/92%/0%    1.925    0.000    10.0%     0.0%   0.3072  -0.0013     0.7%
   993     5.3s    0.0127    95.0%    95.0%    99.6%        8%/92%/0%    1.888    0.000     5.0%     0.0%   0.3740   0.0071     0.2%
   994     4.2s    0.0139    95.0%    95.0%    99.5%        9%/91%/0%    1.746    0.000     5.0%     0.0%   0.3143   0.0014     0.2%
   995    15.9s    0.0005    60.0%    60.0%    85.2%       10%/90%/0%    1.784    0.000    35.0%     0.0%   0.4312  -0.0046     1.8%
   996    15.3s    0.0017    95.0%    95.0%    98.3%        8%/92%/0%    1.797    0.000     5.0%     0.0%   0.3508   0.0018     0.3%
   997     5.7s    0.0048    65.0%    65.0%    96.3%       10%/90%/0%    2.145    0.000    35.0%     0.0%   0.3513   0.0027     1.3%
   998     4.6s    0.0076    75.0%    75.0%    98.3%        9%/91%/0%    1.869    0.000    25.0%     0.0%   0.4288   0.0026     0.3%
   999    14.2s    0.0014    85.0%    85.0%    95.5%        9%/91%/0%    1.649    0.000    15.0%     0.0%   0.4389   0.0022     2.4%
  1000    14.9s    0.0010    75.0%    75.0%    93.7%        9%/91%/0%    1.919    0.000    25.0%     0.0%   0.4084   0.0024     1.1%
  [MA20] reward=0.0050 task_sr=84.0% miss=15.2% time_limit=60.0% v2v=0.0%
  [PPO ] p_loss=0.0054 v_loss=1.1258 entropy=0.4084 grad=13.0087 active=100.0%
  [SIM ] avg_power(a)=0.4943 rsu_q=0.965 tx=205 no_tx=21 deadlock=0 svc=3.836GHz idle=0.0%

[Train] completed: episodes=1000 best_reward=0.3777 best_success_rate(50ep)=0.8620
[Train] key outputs: /root/vecOffloadingSim/runs/mainline_train_1000ep_gpu_20260310_184319/logs/metrics.csv, /root/vecOffloadingSim/runs/mainline_train_1000ep_gpu_20260310_184319/logs/training_stats.csv, /root/vecOffloadingSim/runs/mainline_train_1000ep_gpu_20260310_184319/models/best_model.pth, /root/vecOffloadingSim/runs/mainline_train_1000ep_gpu_20260310_184319/models/last_model.pth

[Auto Plot] Generating training plots...
[DataRecorder] Training stats plots saved to: /root/vecOffloadingSim/runs/mainline_train_1000ep_gpu_20260310_184319/plots
[Auto Plot] plot_results.py ...
[Auto Plot] ✓ Saved: fig_latency_with_baselines.png | ✓ Saved: fig_summary_dashboard.png | ✓ All plots saved to: /root/vecOffloadingSim/runs/mainline_train_1000ep_gpu_20260310_184319/plots
[Auto Plot] plot_results.py done in 12.4s
[Auto Plot] generate_all_plots.py ...
[Auto Plot] ⚠ No baseline data found, skipping baseline comparison plot | ✓ All plots saved to: /root/vecOffloadingSim/runs/mainline_train_1000ep_gpu_20260310_184319/plots |   Total plots: 8
[Auto Plot] generate_all_plots.py done in 6.9s
[DataRecorder] All plots generated in: /root/vecOffloadingSim/runs/mainline_train_1000ep_gpu_20260310_184319/plots
[Auto Plot] jobs: ok=4 skipped=1 failed=0
[Auto Plot] generated figures: 34
[Auto Plot] sample: bias_annealing.png, cpu_efficiency.png, episode_duration.png, fig_constraint_health.png, fig_convergence_analysis.png, fig_convergence_baseline.png, fig_decision_distribution.png, fig_latency_with_baselines.png
[Auto Plot] manifest: /root/vecOffloadingSim/runs/mainline_train_1000ep_gpu_20260310_184319/plots/plot_manifest.json
