[Launcher] root=/root/vecOffloadingSim
[Launcher] run_dir=/root/vecOffloadingSim/runs/rc1_ablation_1500ep_20260322_180707/wo_dag_resource
[Launcher] config_snapshot=/root/vecOffloadingSim/runs/run_1000ep_A_20260320/logs/config_snapshot.json
[Launcher] ABLATION_MODE=no_dag_resource
[Launcher] EPISODES=1500
[Launcher] DEVICE_NAME=cuda
[Launcher] started_at=2026-03-22 18:07:08 CST

[ConfigSnapshot] load=True path=/root/vecOffloadingSim/runs/run_1000ep_A_20260320/logs/config_snapshot.json
[ConfigEffective] USE_SIMPLIFIED_CRITIC=False COMMWAIT_DIRECT_TO_CRITIC=True USE_LOGIT_BIAS=True USE_FIXED_POWER=False CTDE_GLOBAL_DIM=30 GLOBAL_STATE_SOURCE=env_single_source
[ScaleCheck] UNIFIED cap: step<=~0.000 ep<=~0.0 term=10.0 ep/term=0.00 (Td_min=0.40s, DT=0.10s, i_cap=3, e_cap=1.5)
[ConfigDump] saved: /root/vecOffloadingSim/runs/rc1_ablation_1500ep_20260322_180707/wo_dag_resource/config_dump.json
[ConfigSnapshot] saved: /root/vecOffloadingSim/runs/rc1_ablation_1500ep_20260322_180707/wo_dag_resource/logs/config_snapshot.json
[RunMeta] saved: /root/vecOffloadingSim/runs/rc1_ablation_1500ep_20260322_180707/wo_dag_resource/run_meta.json

======================================================================================================================
[Train] MAPPO VEC training started
======================================================================================================================
[Run] id=wo_dag_resource seed=42 device=cuda reward=UNIFIED candidate=ALL (all_feasible=True)
[Train] episodes=1500 steps/ep=300 eval_interval=1 save_interval=100 baseline_eval=off
[Scenario] vehicles=20 rsu=2 map=1000.0m lanes=2 v2v_range=200.0m rsu_range=300.0m
[Physics] BW_V2I=10.00MHz BW_V2V=20.00MHz RB=10 Ptx=[0.0200,0.1995]W (13.0,23.0 dBm) DT=0.100s
[ScaleCheck] UNIFIED nominal: E_loc=9J E_tx=0.00750952J r_time=-0 r_energy=-0 r_interf=-0 (B_RB=2e+06Hz, SNR=20dB, dt=0.1, Td=10, rho=0.7)
[Compute] f_local=[1.00,1.80]GHz f_rsu=6.00GHz
[PPO] lr=2.00e-04 gamma=0.995 gae=0.950 clip=0.250 ent=0.020 batch=256 epochs=5 d_model=128 layers=2
[Logging] step_metrics=off step_logs=off tb_obs=on
[Paths] run=/root/vecOffloadingSim/runs/rc1_ablation_1500ep_20260322_180707/wo_dag_resource
[Paths] logs=/root/vecOffloadingSim/runs/rc1_ablation_1500ep_20260322_180707/wo_dag_resource/logs  models=/root/vecOffloadingSim/runs/rc1_ablation_1500ep_20260322_180707/wo_dag_resource/models  plots=/root/vecOffloadingSim/runs/rc1_ablation_1500ep_20260322_180707/wo_dag_resource/plots
======================================================================================================================


    Ep    Wall    R/step     T_SR     V_SR     S_SR            L/R/V   Lat(s)       En     Miss      Ill      Ent       KL     Clip
--------------------------------------------------------------------------------------------------------------------------------
     1    21.1s    0.0036     5.0%     5.0%    35.5%      10%/13%/77%    1.181    0.528    95.0%     0.0%   2.9258   0.0012     0.0%
  [MA20] reward=0.0036 task_sr=5.0% miss=95.0% time_limit=0.0% v2v=77.2%
  [RWRD] r_prog=0.0681 r_term=-0.0317 r_illegal=0.0000
  [PPO ] p_loss=0.0096 v_loss=6.1403 entropy=2.9258 grad=29.7173 active=100.0%
  [SIM ] avg_power(a)=0.4990 rsu_q=0.321 tx=111 no_tx=12 deadlock=0 svc=0.000GHz idle=0.0%
  → Best model saved: sr=0.050 miss=0.950 tl=0.000 cft=1.181 illegal=0.000
     2    10.5s    0.0027    10.0%    10.0%    47.4%       5%/14%/80%    0.527    0.485    90.0%     0.0%   2.6365   0.0034     0.1%
     3    18.3s    0.0022     0.0%     0.0%    39.0%      10%/16%/74%    0.000    0.533    95.0%     0.0%   2.1307   0.0022     0.0%
     4    21.3s    0.0013     0.0%     0.0%    35.8%       6%/11%/83%    0.000    0.472    90.0%     0.0%   2.2836  -0.0015     0.1%
     5    15.2s    0.0050    15.0%    15.0%    36.9%      10%/13%/76%    1.398    0.413    85.0%     0.0%   2.4696   0.0026     0.1%
     6     6.5s   -0.0004    10.0%    10.0%    51.1%       5%/10%/85%    0.970    0.399    85.0%     0.0%   2.4073   0.0020     0.0%
     7     6.3s    0.0021    20.0%    20.0%    60.6%        8%/8%/83%    1.509    0.446    80.0%     0.0%   2.3865   0.0043     0.0%
     8    10.7s    0.0044    10.0%    10.0%    56.6%       11%/7%/82%    2.403    0.417    80.0%     0.0%   2.2505   0.0045     0.1%
     9    10.1s    0.0016     5.0%     5.0%    56.0%      10%/13%/77%    2.148    0.418    95.0%     0.0%   2.2367   0.0056     0.0%
    10    10.5s    0.0028    30.0%    30.0%    67.9%       9%/13%/78%    2.184    0.328    55.0%     0.0%   2.1049   0.0049     0.2%
  [MA20] reward=0.0025 task_sr=10.5% miss=85.0% time_limit=0.0% v2v=79.5%
  [RWRD] r_prog=0.0471 r_term=-0.0188 r_illegal=0.0000
  [PPO ] p_loss=0.0024 v_loss=0.9203 entropy=2.1049 grad=15.6297 active=100.0%
  [SIM ] avg_power(a)=0.5046 rsu_q=0.429 tx=134 no_tx=17 deadlock=0 svc=0.000GHz idle=0.0%
  → Best model saved: sr=0.105 miss=0.850 tl=0.000 cft=inf illegal=0.000
    11    14.9s    0.0015     0.0%     0.0%    44.6%      11%/12%/76%    0.000    0.524    80.0%     0.0%   2.1970   0.0013     0.3%
    12    22.5s    0.0042     0.0%     0.0%    36.3%       8%/11%/81%    0.000    0.600   100.0%     0.0%   2.3805   0.0010     0.1%
    13    13.1s    0.0035     0.0%     0.0%    41.9%      12%/12%/76%    0.000    0.550    95.0%     0.0%   2.1821   0.0005     0.0%
    14     6.5s    0.0006    25.0%    25.0%    64.8%      11%/12%/77%    1.168    0.387    70.0%     0.0%   2.3005   0.0053     0.2%
    15    17.8s    0.0033     5.0%     5.0%    42.2%      11%/18%/71%    1.602    0.630    90.0%     0.0%   2.2656   0.0039     0.1%
    16     5.6s    0.0011    25.0%    25.0%    64.1%       9%/15%/76%    1.091    0.415    75.0%     0.0%   2.1705   0.0076     0.0%
    17    13.0s    0.0022    10.0%    10.0%    41.9%      16%/13%/71%    1.981    0.430    90.0%     0.0%   2.2570   0.0030     0.0%
    18    19.6s    0.0014    10.0%    10.0%    36.6%       8%/20%/72%    2.129    0.432    90.0%     0.0%   2.1385   0.0002     0.1%
    19    13.2s    0.0040     0.0%     0.0%    42.9%      11%/13%/76%    0.000    0.536   100.0%     0.0%   2.1177   0.0008     0.1%
    20    22.2s    0.0031    10.0%    10.0%    49.8%      13%/13%/75%    2.825    0.513    80.0%     0.0%   2.3166  -0.0008     0.1%
  [MA20] reward=0.0025 task_sr=9.5% miss=86.0% time_limit=0.0% v2v=77.4%
  [RWRD] r_prog=0.0561 r_term=-0.0248 r_illegal=0.0000
  [PPO ] p_loss=0.0120 v_loss=0.7227 entropy=2.3166 grad=16.7366 active=100.0%
  [SIM ] avg_power(a)=0.5082 rsu_q=0.250 tx=148 no_tx=26 deadlock=0 svc=0.000GHz idle=0.0%

    Ep    Wall    R/step     T_SR     V_SR     S_SR            L/R/V   Lat(s)       En     Miss      Ill      Ent       KL     Clip
--------------------------------------------------------------------------------------------------------------------------------
    21     5.5s   -0.0008    15.0%    15.0%    60.4%      17%/10%/73%    1.019    0.477    70.0%     0.0%   2.2125   0.0036     0.0%
    22    15.1s    0.0026    10.0%    10.0%    41.1%      14%/11%/75%    1.760    0.438    75.0%     0.0%   2.5806   0.0053     0.0%
    23    12.1s    0.0030     0.0%     0.0%    46.9%      13%/14%/73%    0.000    0.522    95.0%     0.0%   2.3062   0.0013     0.2%
    24     6.0s    0.0011    20.0%    20.0%    60.9%       9%/10%/81%    1.146    0.450    75.0%     0.0%   2.2242   0.0079     0.2%
    25     4.6s    0.0047    70.0%    70.0%    87.0%      15%/13%/72%    1.368    0.232    25.0%     0.0%   2.1953   0.0064     0.3%
    26    20.5s    0.0037     5.0%     5.0%    25.7%       13%/9%/77%    1.714    0.583    95.0%     0.0%   2.7480   0.0053     0.3%
    27     9.3s    0.0024    10.0%    10.0%    64.7%      12%/11%/77%    2.162    0.363    85.0%     0.0%   2.0255   0.0016     0.3%
    28    13.1s    0.0038    10.0%    10.0%    55.9%      10%/12%/78%    2.200    0.489    85.0%     0.0%   2.3872   0.0027     0.4%
    29    31.3s    0.0032     5.0%     5.0%    30.6%      14%/11%/75%    1.750    0.514    95.0%     0.0%   2.7008   0.0038     0.6%
    30     5.4s    0.0007    25.0%    25.0%    80.5%      17%/16%/68%    1.078    0.334    75.0%     0.0%   2.2371   0.0015     0.6%
  [MA20] reward=0.0025 task_sr=12.8% miss=82.2% time_limit=0.0% v2v=75.0%
  [RWRD] r_prog=0.0233 r_term=-0.0167 r_illegal=0.0000
  [PPO ] p_loss=0.0152 v_loss=1.0511 entropy=2.2371 grad=35.0843 active=100.0%
  [SIM ] avg_power(a)=0.4954 rsu_q=0.000 tx=100 no_tx=21 deadlock=0 svc=0.000GHz idle=0.0%
    31     6.6s    0.0009    10.0%    10.0%    52.9%      10%/10%/80%    0.975    0.410    90.0%     0.0%   2.2325   0.0057     0.6%
    32    10.9s    0.0038    20.0%    20.0%    56.3%      14%/10%/76%    2.311    0.316    70.0%     0.0%   2.2034   0.0017     0.8%
    33    11.3s    0.0010    10.0%    10.0%    50.8%       7%/13%/79%    1.134    0.532    90.0%     0.0%   2.8488  -0.0003     0.7%
    34    14.6s    0.0037    10.0%    10.0%    44.8%      10%/15%/74%    2.098    0.525    85.0%     0.0%   2.2970   0.0075     0.3%
    35    20.5s    0.0038     5.0%     5.0%    20.3%       10%/7%/82%    1.144    0.554    95.0%     0.0%   2.8940   0.0070     0.7%
    36    30.7s    0.0027     0.0%     0.0%    22.0%        8%/7%/85%    0.000    0.529   100.0%     0.0%   2.7266   0.0044     0.8%
    37     6.1s   -0.0012     0.0%     0.0%    53.6%       13%/6%/80%    0.000    0.596   100.0%     0.0%   2.3442   0.0011     0.6%
    38    11.4s    0.0031     5.0%     5.0%    45.1%       12%/9%/79%    2.002    0.567    95.0%     0.0%   2.3822   0.0022     0.4%
    39    11.8s    0.0027     0.0%     0.0%    40.2%        8%/9%/84%    0.000    0.471   100.0%     0.0%   2.3894   0.0037     0.5%
    40    11.6s    0.0023     0.0%     0.0%    45.1%      12%/10%/79%    0.000    0.455    90.0%     0.0%   2.3220   0.0041     0.4%
  [MA20] reward=0.0024 task_sr=11.5% miss=84.5% time_limit=0.0% v2v=77.4%
  [RWRD] r_prog=0.0619 r_term=-0.0387 r_illegal=0.0000
  [PPO ] p_loss=-0.0047 v_loss=0.9998 entropy=2.3220 grad=41.4551 active=100.0%
  [SIM ] avg_power(a)=0.4683 rsu_q=0.034 tx=112 no_tx=17 deadlock=0 svc=0.000GHz idle=0.0%

    Ep    Wall    R/step     T_SR     V_SR     S_SR            L/R/V   Lat(s)       En     Miss      Ill      Ent       KL     Clip
--------------------------------------------------------------------------------------------------------------------------------
    41    11.5s    0.0018     0.0%     0.0%    37.6%       8%/11%/81%    0.000    0.499    90.0%     0.0%   2.3855   0.0001     0.5%
    42    11.7s    0.0020     0.0%     0.0%    46.2%       9%/10%/81%    0.000    0.498   100.0%     0.0%   2.4067   0.0032     0.9%
    43     6.0s    0.0028    25.0%    25.0%    59.1%        7%/5%/87%    1.415    0.442    70.0%     0.0%   2.2756   0.0073     0.9%
    44    14.9s    0.0012     0.0%     0.0%    37.8%       7%/11%/82%    0.000    0.499   100.0%     0.0%   2.4932   0.0031     0.8%
    45     5.7s    0.0012    25.0%    25.0%    54.1%       17%/6%/77%    0.720    0.298    60.0%     0.0%   2.1313   0.0082     0.4%
    46    17.9s    0.0021    15.0%    15.0%    48.0%      11%/19%/69%    1.586    0.528    85.0%     0.0%   2.6946   0.0057     0.5%
    47     9.1s    0.0026    25.0%    25.0%    73.4%      11%/15%/73%    1.754    0.317    65.0%     0.0%   2.2231   0.0022     0.6%
    48     9.8s    0.0030    20.0%    20.0%    54.7%      12%/11%/77%    2.140    0.395    65.0%     0.0%   2.2041   0.0013     0.4%
    49     5.4s    0.0017    35.0%    35.0%    78.4%       9%/14%/77%    1.298    0.453    65.0%     0.0%   2.1608   0.0014     0.6%
    50     5.5s    0.0031    40.0%    40.0%    67.7%      12%/10%/78%    0.869    0.283    60.0%     0.0%   2.1508   0.0056     1.0%
  [MA20] reward=0.0022 task_sr=12.2% miss=83.8% time_limit=0.0% v2v=79.1%
  [RWRD] r_prog=0.0307 r_term=0.0005 r_illegal=0.0000
  [PPO ] p_loss=-0.0105 v_loss=0.7269 entropy=2.1508 grad=6.8839 active=100.0%
  [SIM ] avg_power(a)=0.4859 rsu_q=0.083 tx=95 no_tx=14 deadlock=0 svc=0.000GHz idle=0.0%
    51    34.5s    0.0012     0.0%     0.0%    22.0%       5%/11%/84%    0.000    0.491    95.0%     0.0%   3.0254   0.0037     1.2%
    52    11.4s    0.0028    10.0%    10.0%    51.5%      10%/15%/75%    2.224    0.417    90.0%     0.0%   2.2693   0.0068     1.1%
    53    12.7s    0.0037     0.0%     0.0%    34.7%       11%/9%/80%    0.000    0.628   100.0%     0.0%   2.4073   0.0009     0.8%
    54     4.6s    0.0010    35.0%    35.0%    70.9%      16%/14%/70%    0.997    0.273    60.0%     0.0%   2.1205   0.0004     0.6%
    55     6.3s    0.0019    10.0%    10.0%    59.0%       10%/8%/81%    0.847    0.503    90.0%     0.0%   2.4224   0.0002     1.0%
    56    19.5s    0.0032     0.0%     0.0%    40.1%       14%/9%/77%    0.000    0.463   100.0%     0.0%   2.3510   0.0054     0.9%
    57    12.7s    0.0021     0.0%     0.0%    31.7%       14%/8%/77%    0.000    0.567   100.0%     0.0%   2.3687  -0.0014     1.2%
    58    11.0s    0.0022     0.0%     0.0%    36.7%      13%/11%/76%    0.000    0.441   100.0%     0.0%   2.2732   0.0014     1.5%
    59    11.1s    0.0011     0.0%     0.0%    61.5%       9%/21%/69%    0.000    0.415   100.0%     0.0%   2.1227   0.0041     1.6%
    60    11.2s    0.0016     0.0%     0.0%    43.3%      11%/12%/77%    0.000    0.525    95.0%     0.0%   2.2474   0.0029     1.8%
  [MA20] reward=0.0021 task_sr=12.0% miss=84.5% time_limit=0.0% v2v=77.4%
  [RWRD] r_prog=0.0529 r_term=-0.0369 r_illegal=0.0000
  [PPO ] p_loss=-0.0030 v_loss=0.8519 entropy=2.2474 grad=39.1136 active=100.0%
  [SIM ] avg_power(a)=0.4674 rsu_q=0.103 tx=123 no_tx=17 deadlock=0 svc=0.000GHz idle=0.0%

    Ep    Wall    R/step     T_SR     V_SR     S_SR            L/R/V   Lat(s)       En     Miss      Ill      Ent       KL     Clip
--------------------------------------------------------------------------------------------------------------------------------
    61    10.1s    0.0022     0.0%     0.0%    45.5%       4%/16%/80%    0.000    0.437    95.0%     0.0%   2.2596   0.0092     2.5%
    62     9.1s    0.0008     0.0%     0.0%    56.0%      13%/16%/72%    0.000    0.445    90.0%     0.0%   2.0901  -0.0004     1.9%
    63     6.2s    0.0040    50.0%    50.0%    74.4%      13%/18%/69%    1.230    0.321    50.0%     0.0%   2.1584   0.0086     2.6%
    64     6.6s    0.0005    20.0%    20.0%    60.4%      10%/12%/78%    1.152    0.358    80.0%     0.0%   2.2830   0.0078     1.9%
    65     6.2s    0.0002    10.0%    10.0%    64.7%       11%/8%/81%    1.022    0.441    90.0%     0.0%   2.4197   0.0074     1.3%
    66     6.1s    0.0010    25.0%    25.0%    60.9%      13%/14%/73%    1.099    0.340    75.0%     0.0%   2.2597   0.0050     1.1%
    67     5.8s   -0.0007    15.0%    15.0%    63.8%      11%/13%/76%    1.151    0.359    75.0%     0.0%   2.1703   0.0099     1.1%
    68    11.1s    0.0025     5.0%     5.0%    48.7%       7%/14%/80%    1.645    0.489    95.0%     0.0%   2.3343   0.0075     1.1%
    69     5.2s    0.0010    30.0%    30.0%    68.5%      10%/10%/80%    0.991    0.351    70.0%     0.0%   2.1708   0.0048     1.5%
    70    11.0s    0.0032     5.0%     5.0%    59.0%      12%/11%/77%    1.573    0.507    90.0%     0.0%   2.1664   0.0018     0.8%
  [MA20] reward=0.0018 task_sr=10.7% miss=87.0% time_limit=0.0% v2v=76.5%
  [RWRD] r_prog=0.0649 r_term=-0.0328 r_illegal=0.0000
  [PPO ] p_loss=0.0144 v_loss=0.9307 entropy=2.1664 grad=15.1916 active=100.0%
  [SIM ] avg_power(a)=0.4672 rsu_q=0.345 tx=135 no_tx=20 deadlock=0 svc=0.000GHz idle=0.0%
    71     9.8s    0.0020     5.0%     5.0%    43.6%       6%/11%/82%    2.057    0.371    80.0%     0.0%   2.3973   0.0062     1.9%
    72    20.2s    0.0019     0.0%     0.0%    53.6%      12%/13%/74%    0.000    0.434    95.0%     0.0%   2.1139   0.0045     1.3%
    73     6.4s    0.0030    35.0%    35.0%    63.4%        3%/9%/88%    1.407    0.369    60.0%     0.0%   2.3769   0.0011     1.8%
    74     5.7s   -0.0001    10.0%    10.0%    58.1%       6%/13%/81%    0.854    0.424    90.0%     0.0%   2.4082   0.0065     1.4%
    75    17.0s    0.0041    10.0%    10.0%    33.0%      10%/10%/81%    1.442    0.518    90.0%     0.0%   2.6675  -0.0018     1.9%
    76     9.6s    0.0025    25.0%    25.0%    69.1%      15%/19%/65%    1.967    0.337    65.0%     0.0%   2.1068   0.0051     0.8%
    77    17.0s    0.0014     5.0%     5.0%    58.8%      10%/16%/74%    2.769    0.299    70.0%     0.0%   2.1808  -0.0015     1.7%
    78    18.7s    0.0024     0.0%     0.0%    36.5%      16%/13%/71%    0.000    0.569    95.0%     0.0%   2.2667   0.0026     1.3%
    79    13.6s    0.0044     5.0%     5.0%    49.7%      14%/12%/75%    1.815    0.558    95.0%     0.0%   2.3181   0.0082     1.1%
    80     5.1s    0.0037    50.0%    50.0%    74.2%       12%/8%/79%    1.206    0.373    50.0%     0.0%   2.1919   0.0066     0.3%
  [MA20] reward=0.0020 task_sr=15.2% miss=80.0% time_limit=0.0% v2v=76.8%
  [RWRD] r_prog=0.0289 r_term=0.0076 r_illegal=0.0000
  [PPO ] p_loss=-0.0216 v_loss=0.9867 entropy=2.1919 grad=17.8624 active=100.0%
  [SIM ] avg_power(a)=0.4780 rsu_q=0.000 tx=94 no_tx=15 deadlock=0 svc=0.000GHz idle=0.0%

    Ep    Wall    R/step     T_SR     V_SR     S_SR            L/R/V   Lat(s)       En     Miss      Ill      Ent       KL     Clip
--------------------------------------------------------------------------------------------------------------------------------
    81     4.9s    0.0045    60.0%    60.0%    76.7%       8%/11%/81%    1.238    0.252    35.0%     0.0%   2.3145   0.0112     1.2%
    82    10.1s    0.0047    20.0%    20.0%    72.8%      15%/14%/71%    2.118    0.281    75.0%     0.0%   2.0563   0.0068     0.8%
    83     5.8s    0.0013    25.0%    25.0%    72.2%      13%/16%/70%    0.975    0.430    70.0%     0.0%   2.2277   0.0067     1.2%
    84    10.5s    0.0024    15.0%    15.0%    60.9%      10%/14%/76%    1.745    0.346    60.0%     0.0%   2.2595   0.0016     1.1%
    85     5.5s    0.0005    35.0%    35.0%    82.0%      11%/12%/77%    1.548    0.335    55.0%     0.0%   2.1987  -0.0003     1.0%
    86    12.4s    0.0021    10.0%    10.0%    48.5%      10%/10%/80%    2.014    0.370    70.0%     0.0%   2.3392   0.0021     1.0%
    87    19.4s    0.0020     5.0%     5.0%    51.0%      11%/15%/74%    2.771    0.333    85.0%     0.0%   2.1521   0.0017     0.9%
    88     9.8s    0.0025    25.0%    25.0%    64.9%       17%/9%/74%    1.917    0.377    60.0%     0.0%   2.0884   0.0017     1.1%
    89     5.3s    0.0025    35.0%    35.0%    67.6%      11%/16%/73%    1.097    0.249    55.0%     0.0%   2.1478   0.0052     1.6%
    90    11.7s    0.0018     0.0%     0.0%    37.1%      10%/10%/79%    0.000    0.554   100.0%     0.0%   2.4167   0.0077     1.3%
  [MA20] reward=0.0025 task_sr=18.8% miss=72.8% time_limit=0.0% v2v=76.3%
  [RWRD] r_prog=0.0536 r_term=-0.0353 r_illegal=0.0000
  [PPO ] p_loss=-0.0093 v_loss=0.6747 entropy=2.4167 grad=13.5606 active=100.0%
  [SIM ] avg_power(a)=0.4987 rsu_q=0.000 tx=108 no_tx=13 deadlock=0 svc=0.000GHz idle=0.0%
    91    11.2s    0.0006     0.0%     0.0%    45.8%      12%/11%/77%    0.000    0.488    95.0%     0.0%   2.3716   0.0057     0.7%
    92    10.5s    0.0031    15.0%    15.0%    65.0%      12%/17%/71%    1.783    0.412    85.0%     0.0%   2.0804   0.0015     0.9%
    93    21.5s    0.0025     0.0%     0.0%    33.5%       13%/9%/77%    0.000    0.629   100.0%     0.0%   2.3076   0.0041     1.5%
    94    11.5s    0.0017     0.0%     0.0%    51.5%      13%/15%/72%    0.000    0.472   100.0%     0.0%   2.2515  -0.0023     1.0%
    95     5.3s   -0.0003    15.0%    15.0%    66.4%      10%/16%/74%    1.055    0.389    80.0%     0.0%   2.0926   0.0037     0.0%
    96    32.1s    0.0007     5.0%     5.0%    24.6%      16%/13%/71%    2.173    0.513    90.0%     0.0%   2.3236   0.0046     0.9%
    97    11.7s    0.0016     0.0%     0.0%    49.1%       9%/12%/79%    0.000    0.426   100.0%     0.0%   2.3718   0.0016     0.7%
    98    23.9s    0.0014     0.0%     0.0%    23.7%       9%/11%/80%    0.000    0.496   100.0%     0.0%   3.0763   0.0020     0.7%
    99    11.3s    0.0046     0.0%     0.0%    65.5%      11%/18%/71%    0.000    0.436    90.0%     0.0%   2.1605   0.0120     0.5%
   100    19.8s    0.0022     5.0%     5.0%    38.9%      10%/14%/76%    2.242    0.393    95.0%     0.0%   2.3081   0.0044     0.6%
  [MA20] reward=0.0021 task_sr=13.5% miss=80.0% time_limit=0.0% v2v=75.2%
  [RWRD] r_prog=0.0447 r_term=-0.0231 r_illegal=0.0000
  [PPO ] p_loss=0.0022 v_loss=0.7798 entropy=2.3081 grad=22.5682 active=100.0%
  [SIM ] avg_power(a)=0.4866 rsu_q=0.103 tx=122 no_tx=17 deadlock=0 svc=0.000GHz idle=0.0%
  [Checkpoint] saved: ep0100.pth

    Ep    Wall    R/step     T_SR     V_SR     S_SR            L/R/V   Lat(s)       En     Miss      Ill      Ent       KL     Clip
--------------------------------------------------------------------------------------------------------------------------------
   101    25.0s    0.0035     5.0%     5.0%    32.7%      12%/13%/75%    2.450    0.603    95.0%     0.0%   2.4165   0.0029     1.0%
   102    11.7s    0.0041    10.0%    10.0%    40.4%       16%/8%/76%    1.496    0.547    80.0%     0.0%   2.2476   0.0038     0.5%
   103     6.3s    0.0037    35.0%    35.0%    69.5%       10%/6%/84%    1.290    0.396    65.0%     0.0%   2.4374   0.0124     1.1%
   104    10.9s    0.0001     0.0%     0.0%    44.1%      15%/12%/73%    0.000    0.379    95.0%     0.0%   2.1328   0.0037     0.7%
   105    12.7s    0.0053    10.0%    10.0%    48.5%      12%/11%/77%    2.103    0.561    80.0%     0.0%   2.3019   0.0026     1.0%
   106    11.4s    0.0023     5.0%     5.0%    54.1%      10%/11%/80%    1.338    0.573    95.0%     0.0%   2.3481   0.0029     1.2%
   107     9.9s    0.0023    25.0%    25.0%    59.8%      15%/11%/74%    1.897    0.279    60.0%     0.0%   2.0854   0.0036     0.8%
   108    19.7s    0.0040     0.0%     0.0%    40.5%       10%/9%/80%    0.000    0.565   100.0%     0.0%   2.3327   0.0050     1.0%
   109    18.1s    0.0023    10.0%    10.0%    36.9%      16%/10%/75%    2.134    0.444    85.0%     0.0%   2.2139   0.0020     1.2%
   110    10.4s    0.0029    10.0%    10.0%    51.9%      16%/16%/68%    1.777    0.433    90.0%     0.0%   2.1366   0.0019     1.0%
  [MA20] reward=0.0024 task_sr=7.5% miss=89.0% time_limit=0.0% v2v=75.5%
  [RWRD] r_prog=0.0562 r_term=-0.0274 r_illegal=0.0000
  [PPO ] p_loss=0.0129 v_loss=0.7772 entropy=2.1366 grad=20.2276 active=100.0%
  [SIM ] avg_power(a)=0.5178 rsu_q=0.379 tx=119 no_tx=24 deadlock=0 svc=0.000GHz idle=0.0%
   111    36.9s    0.0038    10.0%    10.0%    31.7%       8%/17%/75%    2.327    0.593    90.0%     0.0%   2.7776   0.0016     2.1%
   112     5.6s    0.0018    35.0%    35.0%    70.4%      14%/10%/76%    1.059    0.344    45.0%     0.0%   2.3325   0.0015     1.6%
   113    12.0s    0.0019     0.0%     0.0%    38.7%      12%/12%/77%    0.000    0.557    95.0%     0.0%   2.3595   0.0017     1.8%
   114    23.3s    0.0041     0.0%     0.0%    21.1%        7%/7%/87%    0.000    0.576   100.0%     0.0%   3.0644   0.0049     1.6%
   115    12.0s    0.0016     0.0%     0.0%    54.3%      10%/13%/76%    0.000    0.491   100.0%     0.0%   2.2269   0.0054     1.1%
   116    10.9s    0.0025     0.0%     0.0%    31.4%      16%/10%/74%    0.000    0.582    95.0%     0.0%   2.2898   0.0072     1.1%
   117     5.3s    0.0036    60.0%    60.0%    81.5%      15%/12%/72%    1.180    0.236    35.0%     0.0%   2.1541   0.0091     1.2%
   118    11.1s    0.0023    25.0%    25.0%    71.6%      12%/21%/67%    1.972    0.227    75.0%     0.0%   2.0793   0.0049     0.9%
   119    16.1s    0.0029    20.0%    20.0%    65.3%      14%/17%/69%    2.874    0.475    75.0%     0.0%   2.0722   0.0051     1.4%
   120    30.7s    0.0027     5.0%     5.0%    33.3%      17%/10%/73%    3.189    0.655    95.0%     0.0%   2.5057   0.0057     1.2%
  [MA20] reward=0.0029 task_sr=13.2% miss=82.5% time_limit=0.0% v2v=75.4%
  [RWRD] r_prog=0.0505 r_term=-0.0240 r_illegal=0.0000
  [PPO ] p_loss=0.0128 v_loss=0.6336 entropy=2.5057 grad=6.1709 active=100.0%
  [SIM ] avg_power(a)=0.5402 rsu_q=0.368 tx=113 no_tx=26 deadlock=0 svc=0.000GHz idle=0.0%

    Ep    Wall    R/step     T_SR     V_SR     S_SR            L/R/V   Lat(s)       En     Miss      Ill      Ent       KL     Clip
--------------------------------------------------------------------------------------------------------------------------------
   121    14.2s    0.0011     0.0%     0.0%    36.1%      12%/10%/78%    0.000    0.552   100.0%     0.0%   2.5225   0.0048     1.4%
   122    10.1s    0.0013     0.0%     0.0%    49.2%       8%/12%/80%    2.560    0.456    75.0%     0.0%   2.2508  -0.0011     1.4%
   123    10.9s    0.0030     5.0%     5.0%    43.8%      13%/13%/75%    2.175    0.489    85.0%     0.0%   2.2833   0.0030     0.9%
   124    19.0s    0.0027     0.0%     0.0%    33.8%       12%/9%/79%    0.000    0.575    95.0%     0.0%   2.3079  -0.0007     0.7%
   125    11.4s    0.0024     0.0%     0.0%    42.2%      12%/13%/74%    0.000    0.535   100.0%     0.0%   2.3305   0.0075     1.8%
   126    19.3s    0.0019     5.0%     5.0%    43.9%      14%/17%/69%    2.914    0.516    90.0%     0.0%   2.1644   0.0072     1.4%
   127    11.3s    0.0036     0.0%     0.0%    44.1%       15%/9%/75%    0.000    0.540   100.0%     0.0%   2.2955   0.0027     2.0%
   128    12.6s    0.0049    25.0%    25.0%    47.3%      16%/10%/74%    2.002    0.415    75.0%     0.0%   2.2863   0.0033     1.3%
   129     5.0s    0.0033    55.0%    55.0%    82.7%      17%/18%/65%    1.023    0.330    45.0%     0.0%   1.9827   0.0072     1.3%
   130    22.0s    0.0034     0.0%     0.0%    34.3%       5%/14%/81%    0.000    0.557   100.0%     0.0%   3.0411   0.0059     1.9%
  [MA20] reward=0.0027 task_sr=12.3% miss=83.5% time_limit=0.0% v2v=74.8%
  [RWRD] r_prog=0.0705 r_term=-0.0365 r_illegal=0.0000
  [PPO ] p_loss=0.0008 v_loss=0.8181 entropy=3.0411 grad=20.2320 active=100.0%
  [SIM ] avg_power(a)=0.5713 rsu_q=0.321 tx=116 no_tx=6 deadlock=0 svc=0.000GHz idle=0.0%
   131     6.1s    0.0012    20.0%    20.0%    61.8%      12%/17%/70%    0.787    0.376    80.0%     0.0%   2.1883  -0.0069     1.7%
   132     6.5s   -0.0013    15.0%    15.0%    52.3%        8%/8%/85%    1.405    0.462    75.0%     0.0%   2.3398   0.0064     1.3%
   133    10.2s    0.0019    10.0%    10.0%    62.3%      12%/19%/69%    2.230    0.382    90.0%     0.0%   2.2614   0.0062     1.0%
   134    17.2s    0.0001     5.0%     5.0%    35.5%      14%/14%/72%    3.213    0.340    95.0%     0.0%   2.1426   0.0056     1.9%
   135     8.9s    0.0024    30.0%    30.0%    70.9%      14%/22%/65%    2.084    0.329    65.0%     0.0%   2.1239   0.0131     1.0%
   136    15.7s    0.0053    20.0%    20.0%    45.9%      14%/19%/67%    1.516    0.563    80.0%     0.0%   2.5241   0.0039     1.8%
   137    12.3s    0.0039     0.0%     0.0%    37.2%       14%/6%/80%    0.000    0.522   100.0%     0.0%   2.3139   0.0058     2.2%
   138    18.2s    0.0030     0.0%     0.0%    43.3%      17%/10%/74%    0.000    0.586    90.0%     0.0%   2.2349   0.0034     4.4%
   139    11.5s    0.0025     0.0%     0.0%    58.6%      11%/13%/75%    0.000    0.548   100.0%     0.0%   2.2769   0.0021     0.9%
   140     9.5s    0.0021    25.0%    25.0%    67.9%      11%/16%/73%    2.297    0.369    70.0%     0.0%   2.1404   0.0074     0.4%
  [MA20] reward=0.0024 task_sr=10.8% miss=85.5% time_limit=0.0% v2v=74.0%
  [RWRD] r_prog=0.0405 r_term=-0.0192 r_illegal=0.0000
  [PPO ] p_loss=-0.0061 v_loss=0.8872 entropy=2.1404 grad=5.3625 active=100.0%
  [SIM ] avg_power(a)=0.5421 rsu_q=0.500 tx=132 no_tx=19 deadlock=0 svc=0.000GHz idle=0.0%

    Ep    Wall    R/step     T_SR     V_SR     S_SR            L/R/V   Lat(s)       En     Miss      Ill      Ent       KL     Clip
--------------------------------------------------------------------------------------------------------------------------------
   141    15.3s    0.0023     0.0%     0.0%    55.5%      12%/14%/74%    0.000    0.381    80.0%     0.0%   2.2035   0.0054     1.0%
   142    35.9s    0.0024     0.0%     0.0%    14.2%        7%/6%/86%    0.000    0.630   100.0%     0.0%   3.0357   0.0072     0.6%
   143     6.3s    0.0005    15.0%    15.0%    53.1%       5%/11%/84%    0.752    0.367    80.0%     0.0%   2.2543  -0.0012     0.6%
   144     9.1s    0.0018    15.0%    15.0%    54.7%       9%/18%/74%    0.660    0.391    85.0%     0.0%   2.6375  -0.0036     0.9%
   145    12.6s    0.0025     0.0%     0.0%    33.2%       15%/7%/78%    0.000    0.636   100.0%     0.0%   2.4073   0.0046     0.6%
   146    11.9s    0.0040     0.0%     0.0%    51.0%      10%/13%/77%    0.000    0.496   100.0%     0.0%   2.3197   0.0071     0.7%
   147    12.3s    0.0028     0.0%     0.0%    32.7%      11%/10%/79%    0.000    0.674   100.0%     0.0%   2.4134  -0.0021     0.7%
   148    10.3s    0.0020    10.0%    10.0%    58.0%      15%/12%/74%    1.650    0.373    70.0%     0.0%   2.2439   0.0105     0.4%
   149    12.5s    0.0045     0.0%     0.0%    38.9%        5%/7%/87%    0.000    0.618    95.0%     0.0%   2.3557   0.0046     1.0%
   150    10.1s    0.0019    10.0%    10.0%    55.6%      13%/16%/70%    2.275    0.469    85.0%     0.0%   2.2264   0.0101     0.6%
  [MA20] reward=0.0023 task_sr=8.8% miss=87.0% time_limit=0.0% v2v=75.7%
  [RWRD] r_prog=0.0482 r_term=-0.0294 r_illegal=0.0000
  [PPO ] p_loss=-0.0078 v_loss=0.7505 entropy=2.2264 grad=13.4744 active=100.0%
  [SIM ] avg_power(a)=0.5198 rsu_q=0.345 tx=123 no_tx=23 deadlock=0 svc=0.000GHz idle=0.0%
   151    13.9s    0.0050    15.0%    15.0%    50.0%      13%/13%/74%    1.478    0.465    85.0%     0.0%   2.4341   0.0085     0.8%
   152    11.3s    0.0039     5.0%     5.0%    45.7%       14%/9%/76%    2.798    0.530    95.0%     0.0%   2.3035   0.0013     0.9%
   153    19.8s    0.0020     0.0%     0.0%    30.0%      13%/10%/77%    0.000    0.559   100.0%     0.0%   2.3357   0.0002     1.1%
   154    19.0s    0.0026     0.0%     0.0%    47.7%      12%/13%/75%    0.000    0.455    95.0%     0.0%   2.1941   0.0020     0.4%
   155    12.3s    0.0028     0.0%     0.0%    45.9%      11%/13%/76%    0.000    0.441    90.0%     0.0%   2.3852   0.0053     0.4%
   156    17.7s    0.0014     5.0%     5.0%    38.0%       13%/9%/78%    3.000    0.536    95.0%     0.0%   2.3099   0.0064     0.6%
   157    11.7s    0.0034     0.0%     0.0%    49.2%      10%/14%/76%    0.000    0.490    90.0%     0.0%   2.3608   0.0061     0.5%
   158    13.3s    0.0037     5.0%     5.0%    50.3%       11%/8%/82%    2.291    0.494    80.0%     0.0%   2.4290   0.0021     0.4%
   159    13.5s    0.0027     0.0%     0.0%    64.3%      18%/21%/61%    3.193    0.443   100.0%     0.0%   1.9151  -0.0019     0.2%
   160     7.0s   -0.0001    10.0%    10.0%    48.9%       10%/9%/82%    0.876    0.377    90.0%     0.0%   2.4489   0.0016     0.4%
  [MA20] reward=0.0026 task_sr=4.5% miss=90.8% time_limit=0.0% v2v=77.1%
  [RWRD] r_prog=0.0297 r_term=-0.0306 r_illegal=0.0000
  [PPO ] p_loss=0.0038 v_loss=0.9312 entropy=2.4489 grad=19.6357 active=100.0%
  [SIM ] avg_power(a)=0.5129 rsu_q=0.000 tx=89 no_tx=10 deadlock=0 svc=0.000GHz idle=0.0%

    Ep    Wall    R/step     T_SR     V_SR     S_SR            L/R/V   Lat(s)       En     Miss      Ill      Ent       KL     Clip
--------------------------------------------------------------------------------------------------------------------------------
   161     5.2s   -0.0006    20.0%    20.0%    61.2%      12%/16%/73%    0.632    0.339    80.0%     0.0%   2.1544   0.0014     0.2%
   162    23.1s    0.0013    15.0%    15.0%    42.6%      19%/14%/67%    2.462    0.467    80.0%     0.0%   2.2692   0.0003     0.3%
   163    21.1s    0.0006     0.0%     0.0%    32.7%      15%/17%/69%    0.000    0.438   100.0%     0.0%   2.2897   0.0017     0.6%
   164    22.5s    0.0031    10.0%    10.0%    49.2%      13%/13%/73%    2.959    0.492    75.0%     0.0%   2.2973   0.0099     0.2%
   165    11.1s    0.0042     5.0%     5.0%    45.8%      16%/10%/74%    2.139    0.545    95.0%     0.0%   2.1910   0.0061     0.2%
   166    13.3s    0.0034     5.0%     5.0%    35.0%       9%/10%/80%    1.942    0.564    85.0%     0.0%   2.4114   0.0058     0.2%
   167     7.0s   -0.0004     0.0%     0.0%    56.2%        9%/7%/84%    0.000    0.519   100.0%     0.0%   2.3983   0.0024     0.5%
   168    21.2s    0.0027     0.0%     0.0%    45.2%      20%/12%/68%    0.000    0.586    90.0%     0.0%   2.3894   0.0062     0.4%
   169     5.7s    0.0002    30.0%    30.0%    64.2%      18%/13%/69%    0.943    0.316    65.0%     0.0%   2.1701  -0.0020     0.5%
   170    12.0s    0.0022     5.0%     5.0%    49.3%      13%/11%/76%    2.666    0.474    95.0%     0.0%   2.3836   0.0036     0.5%
  [MA20] reward=0.0022 task_sr=6.5% miss=89.2% time_limit=0.0% v2v=74.5%
  [RWRD] r_prog=0.0533 r_term=-0.0316 r_illegal=0.0000
  [PPO ] p_loss=-0.0031 v_loss=0.7360 entropy=2.3836 grad=10.9946 active=100.0%
  [SIM ] avg_power(a)=0.5152 rsu_q=0.034 tx=115 no_tx=18 deadlock=0 svc=0.000GHz idle=0.0%
   171    10.2s    0.0022    20.0%    20.0%    45.3%      11%/13%/76%    0.961    0.458    80.0%     0.0%   2.7277   0.0050     0.3%
   172     6.3s   -0.0004     5.0%     5.0%    59.7%      10%/10%/79%    1.068    0.601    95.0%     0.0%   2.3266   0.0005     0.8%
   173     7.2s    0.0010    20.0%    20.0%    63.3%      14%/12%/74%    1.287    0.423    75.0%     0.0%   2.4914  -0.0018     0.9%
   174     5.5s    0.0016    45.0%    45.0%    79.4%      16%/11%/73%    1.054    0.234    50.0%     0.0%   2.2656   0.0053     0.8%
   175    11.3s    0.0039    15.0%    15.0%    52.2%       7%/16%/77%    0.885    0.507    85.0%     0.0%   2.7493   0.0015     0.5%
   176     6.5s    0.0035    40.0%    40.0%    74.3%      14%/14%/72%    1.126    0.312    50.0%     0.0%   2.3593  -0.0027     0.4%
   177     9.6s    0.0015    10.0%    10.0%    54.6%      11%/16%/73%    2.038    0.451    75.0%     0.0%   2.1003   0.0025     0.5%
   178     5.9s    0.0048    45.0%    45.0%    75.9%      11%/15%/74%    0.939    0.244    50.0%     0.0%   2.2957  -0.0002     0.3%
   179    11.9s    0.0031     5.0%     5.0%    54.5%      15%/15%/70%    2.325    0.384    90.0%     0.0%   2.2625  -0.0023     0.9%
   180    12.6s    0.0006     0.0%     0.0%    31.4%       9%/11%/80%    0.000    0.324   100.0%     0.0%   2.4487   0.0061     0.7%
  [MA20] reward=0.0019 task_sr=14.8% miss=80.7% time_limit=0.0% v2v=74.1%
  [RWRD] r_prog=0.0422 r_term=-0.0364 r_illegal=0.0000
  [PPO ] p_loss=0.0047 v_loss=0.7987 entropy=2.4487 grad=24.4244 active=100.0%
  [SIM ] avg_power(a)=0.5349 rsu_q=0.036 tx=107 no_tx=11 deadlock=0 svc=0.000GHz idle=0.0%

    Ep    Wall    R/step     T_SR     V_SR     S_SR            L/R/V   Lat(s)       En     Miss      Ill      Ent       KL     Clip
--------------------------------------------------------------------------------------------------------------------------------
   181    21.8s    0.0035     0.0%     0.0%    26.9%       5%/10%/85%    0.000    0.608   100.0%     0.0%   3.0438  -0.0013     1.3%
   182    32.4s    0.0022     5.0%     5.0%    21.8%       8%/14%/78%    1.538    0.472    95.0%     0.0%   2.8611   0.0054     1.6%
   183    11.8s    0.0024     0.0%     0.0%    44.8%       14%/9%/77%    0.000    0.534    90.0%     0.0%   2.3299   0.0052     1.2%
   184    11.1s    0.0030    10.0%    10.0%    52.4%       9%/16%/75%    1.594    0.457    85.0%     0.0%   2.2595   0.0028     1.3%
   185    23.5s    0.0016     5.0%     5.0%    39.4%      11%/19%/70%    2.445    0.559    95.0%     0.0%   2.1405   0.0085     0.7%
   186     9.9s    0.0012    15.0%    15.0%    54.1%      12%/11%/77%    1.061    0.431    80.0%     0.0%   2.6404  -0.0028     1.1%
   187    12.2s    0.0026    10.0%    10.0%    58.5%      12%/11%/77%    1.546    0.326    80.0%     0.0%   2.4001   0.0036     0.9%
   188     5.7s    0.0005    15.0%    15.0%    68.6%       6%/10%/84%    1.403    0.435    80.0%     0.0%   2.3557   0.0064     0.5%
   189    12.3s    0.0019     0.0%     0.0%    38.1%      10%/11%/80%    0.000    0.465   100.0%     0.0%   2.4192   0.0025     0.8%
   190    11.9s    0.0030     5.0%     5.0%    41.1%      10%/14%/76%    1.926    0.562    95.0%     0.0%   2.2911 -1.14e-05     0.9%
  [MA20] reward=0.0022 task_sr=13.5% miss=82.5% time_limit=0.0% v2v=76.4%
  [RWRD] r_prog=0.0614 r_term=-0.0313 r_illegal=0.0000
  [PPO ] p_loss=-0.0030 v_loss=0.7131 entropy=2.2911 grad=10.5004 active=100.0%
  [SIM ] avg_power(a)=0.5172 rsu_q=0.034 tx=112 no_tx=14 deadlock=0 svc=0.000GHz idle=0.0%
   191    14.3s    0.0039    10.0%    10.0%    45.8%       11%/9%/79%    1.980    0.462    90.0%     0.0%   2.4191   0.0078     0.8%
   192     4.6s    0.0017    35.0%    35.0%    78.3%      15%/14%/71%    1.037    0.378    60.0%     0.0%   2.1632   0.0139     0.6%
   193     4.8s    0.0042    65.0%    65.0%    83.6%      10%/16%/74%    1.446    0.252    30.0%     0.0%   2.1240   0.0050     0.5%
   194    17.6s    0.0032     5.0%     5.0%    50.7%      15%/14%/70%    2.305    0.491    85.0%     0.0%   2.2494   0.0044     1.0%
  [LateGuard] restore best_model at ep194 (drop=0.323, freeze=False)
   195     5.5s    0.0018    20.0%    20.0%    68.7%      15%/15%/69%    1.162    0.347    75.0%     0.0%   2.1936   0.0025     1.1%
   196    19.1s    0.0014     0.0%     0.0%    49.1%      13%/16%/71%    0.000    0.488   100.0%     0.0%   2.1537   0.0101     0.8%
   197     5.8s   -0.0006    10.0%    10.0%    56.1%      12%/16%/72%    0.728    0.331    90.0%     0.0%   2.2089   0.0020     1.2%
   198    10.8s    0.0014    15.0%    15.0%    58.5%      14%/15%/71%    1.811    0.386    75.0%     0.0%   2.1647   0.0111     1.2%
   199    14.1s    0.0030    10.0%    10.0%    42.8%      12%/13%/75%    2.049    0.451    90.0%     0.0%   2.3472   0.0079     1.3%
   200    10.4s    0.0028    10.0%    10.0%    49.7%      10%/12%/78%    2.226    0.431    90.0%     0.0%   2.3572   0.0031     0.9%
  [MA20] reward=0.0022 task_sr=12.3% miss=84.2% time_limit=0.0% v2v=75.5%
  [RWRD] r_prog=0.0571 r_term=-0.0289 r_illegal=0.0000
  [PPO ] p_loss=-0.0030 v_loss=0.8808 entropy=2.3572 grad=21.6644 active=100.0%
  [SIM ] avg_power(a)=0.5052 rsu_q=0.071 tx=124 no_tx=14 deadlock=0 svc=0.000GHz idle=0.0%
  [Checkpoint] saved: ep0200.pth

    Ep    Wall    R/step     T_SR     V_SR     S_SR            L/R/V   Lat(s)       En     Miss      Ill      Ent       KL     Clip
--------------------------------------------------------------------------------------------------------------------------------
   201    10.3s    0.0023    15.0%    15.0%    60.1%      11%/19%/70%    1.776    0.479    80.0%     0.0%   2.1681   0.0057     0.8%
   202     5.4s   -0.0008    20.0%    20.0%    70.8%        9%/9%/82%    0.996    0.322    75.0%     0.0%   2.2678   0.0048     0.5%
   203    10.8s    0.0046    10.0%    10.0%    58.8%      11%/13%/77%    1.958    0.395    90.0%     0.0%   2.1678   0.0068     0.7%
   204    22.0s    0.0029     0.0%     0.0%    59.1%      13%/13%/74%    0.000    0.446    90.0%     0.0%   2.1168   0.0040     0.7%
   205    18.2s    0.0019     5.0%     5.0%    40.8%       8%/10%/82%    2.503    0.512    90.0%     0.0%   2.8342   0.0068     0.8%
   206    12.6s    0.0021     0.0%     0.0%    48.3%      16%/14%/71%    0.000    0.588   100.0%     0.0%   2.2983   0.0014     0.5%
   207    11.5s    0.0003    10.0%    10.0%    43.2%      17%/11%/73%    1.880    0.334    80.0%     0.0%   2.4050   0.0025     0.9%
   208    13.3s    0.0026     0.0%     0.0%    38.8%        9%/8%/83%    0.000    0.653   100.0%     0.0%   2.5317   0.0041     0.6%
   209     4.0s    0.0041    65.0%    65.0%    87.8%      15%/15%/70%    0.974    0.194    30.0%     0.0%   2.0674   0.0005     0.2%
   210    11.4s    0.0016    10.0%    10.0%    51.0%      13%/15%/72%    2.131    0.426    75.0%     0.0%   2.1829   0.0025     0.5%
  [MA20] reward=0.0022 task_sr=15.8% miss=79.8% time_limit=0.0% v2v=74.2%
  [RWRD] r_prog=0.0469 r_term=-0.0305 r_illegal=0.0000
  [PPO ] p_loss=0.0072 v_loss=0.9060 entropy=2.1829 grad=10.6761 active=100.0%
  [SIM ] avg_power(a)=0.4998 rsu_q=0.226 tx=115 no_tx=21 deadlock=0 svc=0.000GHz idle=0.0%
   211     6.0s   -0.0021    10.0%    10.0%    58.7%        8%/8%/85%    1.783    0.386    85.0%     0.0%   2.3675  -0.0037     1.1%
   212    22.5s    0.0026     0.0%     0.0%    21.2%        2%/6%/93%    0.000    0.581   100.0%     0.0%   3.0040   0.0075     0.7%
   213    11.9s    0.0039     0.0%     0.0%    46.1%      10%/11%/78%    0.000    0.529    95.0%     0.0%   2.2937   0.0042     0.5%
   214    11.4s    0.0030    10.0%    10.0%    54.7%      17%/12%/71%    2.362    0.532    90.0%     0.0%   2.1436   0.0066     0.6%
   215     7.9s    0.0014    15.0%    15.0%    53.7%        8%/9%/83%    0.788    0.491    85.0%     0.0%   2.4839   0.0022     0.9%
   216    20.3s    0.0025     0.0%     0.0%    25.0%      14%/11%/74%    0.000    0.589   100.0%     0.0%   2.3225   0.0066     0.7%
   217     7.3s    0.0012    20.0%    20.0%    57.0%      14%/11%/75%    0.867    0.403    80.0%     0.0%   2.4581   0.0033     1.0%
   218    10.3s    0.0016     5.0%     5.0%    48.7%      13%/13%/74%    1.580    0.400    85.0%     0.0%   2.3802   0.0044     1.1%
   219     5.5s    0.0044    55.0%    55.0%    75.4%       9%/12%/78%    1.315    0.280    45.0%     0.0%   2.1672   0.0099     0.8%
   220    29.2s    0.0024     0.0%     0.0%    43.1%       8%/15%/77%    0.000    0.634   100.0%     0.0%   2.4914   0.0021     1.2%
  [MA20] reward=0.0021 task_sr=12.5% miss=83.8% time_limit=0.0% v2v=77.1%
  [RWRD] r_prog=0.0490 r_term=-0.0254 r_illegal=0.0000
  [PPO ] p_loss=0.0067 v_loss=0.6468 entropy=2.4914 grad=11.0908 active=100.0%
  [SIM ] avg_power(a)=0.5060 rsu_q=0.275 tx=147 no_tx=13 deadlock=0 svc=0.000GHz idle=0.0%

    Ep    Wall    R/step     T_SR     V_SR     S_SR            L/R/V   Lat(s)       En     Miss      Ill      Ent       KL     Clip
--------------------------------------------------------------------------------------------------------------------------------
   221    12.6s    0.0020     0.0%     0.0%    30.7%        7%/6%/87%    0.000    0.450   100.0%     0.0%   2.3813   0.0085     1.2%
   222    12.2s    0.0024     5.0%     5.0%    46.8%      10%/13%/77%    1.252    0.562    95.0%     0.0%   2.4726  -0.0036     1.1%
   223    12.4s    0.0026     5.0%     5.0%    57.3%      11%/11%/78%    1.501    0.384    85.0%     0.0%   2.2908   0.0053     1.0%
   224    11.8s    0.0042     5.0%     5.0%    50.5%       4%/13%/83%    2.142    0.642    95.0%     0.0%   2.4274   0.0110     1.2%
   225     5.8s    0.0026    40.0%    40.0%    72.4%       9%/10%/80%    1.270    0.250    50.0%     0.0%   2.1685   0.0041     1.2%
   226     5.5s    0.0034    35.0%    35.0%    72.2%       9%/13%/77%    1.487    0.395    60.0%     0.0%   2.2241   0.0059     1.1%
   227     5.5s    0.0020    45.0%    45.0%    76.9%      10%/10%/80%    1.361    0.281    45.0%     0.0%   2.2815   0.0104     0.8%
   228    10.0s    0.0030    10.0%    10.0%    49.7%       11%/9%/79%    2.124    0.528    80.0%     0.0%   2.0155   0.0054     1.1%
   229    18.9s    0.0037     5.0%     5.0%    32.8%       2%/13%/86%    2.096    0.427    95.0%     0.0%   2.7558   0.0041     1.2%
   230    12.1s    0.0018     5.0%     5.0%    49.2%      12%/15%/73%    2.117    0.556    85.0%     0.0%   2.3292   0.0035     0.9%
  [MA20] reward=0.0024 task_sr=13.5% miss=82.8% time_limit=0.0% v2v=79.4%
  [RWRD] r_prog=0.0528 r_term=-0.0348 r_illegal=0.0000
  [PPO ] p_loss=0.0022 v_loss=0.7611 entropy=2.3292 grad=10.8568 active=100.0%
  [SIM ] avg_power(a)=0.4925 rsu_q=0.241 tx=110 no_tx=18 deadlock=0 svc=0.000GHz idle=0.0%
   231     7.4s    0.0028    15.0%    15.0%    64.8%       11%/9%/81%    1.101    0.479    85.0%     0.0%   2.3470   0.0083     0.9%
   232     5.7s    0.0007    30.0%    30.0%    64.0%       18%/9%/73%    0.985    0.320    60.0%     0.0%   2.2055   0.0017     1.3%
   233    12.5s    0.0026     5.0%     5.0%    54.5%      11%/15%/74%    2.423    0.518    90.0%     0.0%   2.3193   0.0037     1.1%
   234    20.5s    0.0028     5.0%     5.0%    26.3%       10%/8%/83%    1.949    0.551    95.0%     0.0%   2.8810   0.0111     0.6%
   235    22.2s    0.0028     0.0%     0.0%    33.2%       12%/9%/79%    0.000    0.632   100.0%     0.0%   2.4663   0.0046     1.3%
   236    10.2s    0.0041    10.0%    10.0%    57.1%       9%/12%/79%    2.192    0.480    80.0%     0.0%   2.0667   0.0059     0.6%
   237     7.4s    0.0005    15.0%    15.0%    63.8%      16%/16%/68%    0.975    0.450    75.0%     0.0%   2.2609   0.0029     1.1%
   238    20.1s    0.0033     0.0%     0.0%    30.1%       7%/13%/81%    0.000    0.560   100.0%     0.0%   2.8665   0.0124     1.7%
   239     5.0s    0.0003    30.0%    30.0%    70.5%      13%/12%/75%    0.921    0.295    60.0%     0.0%   2.1805   0.0002     2.1%
   240    10.8s    0.0021     5.0%     5.0%    53.6%      15%/11%/74%    2.199    0.408    80.0%     0.0%   2.2647   0.0063     1.7%
  [MA20] reward=0.0025 task_sr=13.5% miss=80.7% time_limit=0.0% v2v=78.3%
  [RWRD] r_prog=0.0586 r_term=-0.0377 r_illegal=0.0000
  [PPO ] p_loss=-0.0011 v_loss=0.8104 entropy=2.2647 grad=12.2215 active=100.0%
  [SIM ] avg_power(a)=0.4903 rsu_q=0.143 tx=111 no_tx=26 deadlock=0 svc=0.000GHz idle=0.0%

    Ep    Wall    R/step     T_SR     V_SR     S_SR            L/R/V   Lat(s)       En     Miss      Ill      Ent       KL     Clip
--------------------------------------------------------------------------------------------------------------------------------
   241    11.4s    0.0017     0.0%     0.0%    44.7%      12%/13%/74%    0.000    0.473   100.0%     0.0%   2.2766   0.0030     1.8%
   242     9.9s    0.0016     5.0%     5.0%    52.8%      11%/12%/77%    1.992    0.380    90.0%     0.0%   2.2264   0.0083     2.2%
   243    16.7s    0.0026     0.0%     0.0%    52.8%      14%/12%/73%    0.000    0.481    90.0%     0.0%   2.1631   0.0040     1.5%
   244    11.6s    0.0016     5.0%     5.0%    51.3%      15%/16%/69%    1.909    0.542    90.0%     0.0%   2.1537   0.0109     1.0%
   245     5.1s    0.0043    55.0%    55.0%    82.0%      11%/19%/70%    1.502    0.345    45.0%     0.0%   2.1507   0.0103     1.6%
   246    13.0s    0.0016     5.0%     5.0%    39.4%       9%/10%/81%    0.707    0.463    95.0%     0.0%   2.9226   0.0081     0.9%
   247    12.3s    0.0027     0.0%     0.0%    39.9%        9%/9%/82%    0.000    0.581   100.0%     0.0%   2.4160   0.0014     1.5%
   248    10.9s    0.0024     0.0%     0.0%    40.7%       8%/13%/78%    0.000    0.529   100.0%     0.0%   2.3659   0.0077     0.8%
   249    12.2s    0.0023     5.0%     5.0%    48.8%      11%/14%/76%    1.857    0.408    85.0%     0.0%   2.1794   0.0015     0.7%
   250     6.0s    0.0013    25.0%    25.0%    61.9%       6%/19%/75%    1.059    0.514    75.0%     0.0%   2.3400   0.0025     0.9%
  [MA20] reward=0.0022 task_sr=10.8% miss=84.7% time_limit=0.0% v2v=76.0%
  [RWRD] r_prog=0.0306 r_term=-0.0173 r_illegal=0.0000
  [PPO ] p_loss=-0.0181 v_loss=0.7331 entropy=2.3400 grad=7.4975 active=100.0%
  [SIM ] avg_power(a)=0.4886 rsu_q=0.000 tx=97 no_tx=6 deadlock=0 svc=0.000GHz idle=0.0%
   251    11.4s    0.0010     0.0%     0.0%    48.0%       9%/11%/80%    0.000    0.522    95.0%     0.0%   2.2765   0.0052     0.6%
   252    20.0s    0.0043     5.0%     5.0%    43.4%        9%/9%/83%    2.170    0.538    85.0%     0.0%   2.3928  -0.0008     0.6%
   253    10.2s    0.0010     5.0%     5.0%    42.3%      12%/12%/75%    2.475    0.472    90.0%     0.0%   2.1948   0.0081     0.4%
   254    11.6s    0.0031     5.0%     5.0%    50.8%      12%/15%/73%    1.659    0.386    85.0%     0.0%   2.2564   0.0027     0.6%
   255    12.3s    0.0020     0.0%     0.0%    49.0%       11%/8%/81%    0.000    0.509    95.0%     0.0%   2.2290   0.0043     0.3%
   256    17.7s    0.0018     5.0%     5.0%    42.6%      13%/11%/76%    2.691    0.385    85.0%     0.0%   2.2101   0.0045     0.5%
  [LateGuard] restore best_model at ep256 (drop=0.253, freeze=False)
   257    15.3s    0.0034    10.0%    10.0%    30.4%      12%/12%/76%    1.366    0.520    85.0%     0.0%   2.6174   0.0077     1.1%
   258    10.5s    0.0017     0.0%     0.0%    49.7%      12%/14%/74%    0.000    0.422    95.0%     0.0%   2.2571   0.0073     1.2%
   259    10.2s    0.0043    25.0%    25.0%    61.3%      15%/19%/66%    1.941    0.394    75.0%     0.0%   2.1602   0.0026     0.9%
   260    12.2s    0.0034    15.0%    15.0%    54.5%       6%/14%/80%    1.685    0.394    85.0%     0.0%   2.3078   0.0006     0.9%
  [MA20] reward=0.0024 task_sr=8.5% miss=87.2% time_limit=0.0% v2v=75.9%
  [RWRD] r_prog=0.0583 r_term=-0.0240 r_illegal=0.0000
  [PPO ] p_loss=-0.0057 v_loss=0.7688 entropy=2.3078 grad=21.0971 active=100.0%
  [SIM ] avg_power(a)=0.4722 rsu_q=0.214 tx=138 no_tx=10 deadlock=0 svc=0.000GHz idle=0.0%

    Ep    Wall    R/step     T_SR     V_SR     S_SR            L/R/V   Lat(s)       En     Miss      Ill      Ent       KL     Clip
--------------------------------------------------------------------------------------------------------------------------------
   261    13.2s    0.0037     0.0%     0.0%    60.4%        9%/9%/81%    0.000    0.483    90.0%     0.0%   2.3528   0.0022     1.1%
   262    10.8s    0.0017     5.0%     5.0%    49.0%      10%/11%/78%    1.882    0.392    95.0%     0.0%   2.1612   0.0043     1.3%
   263    10.9s    0.0010     5.0%     5.0%    46.9%       9%/14%/77%    1.885    0.430    90.0%     0.0%   2.3969   0.0058     1.1%
   264     5.2s    0.0009    30.0%    30.0%    66.9%      11%/17%/72%    1.059    0.364    65.0%     0.0%   2.2575   0.0054     1.1%
   265    12.7s    0.0009     0.0%     0.0%    32.4%       10%/9%/81%    0.000    0.443   100.0%     0.0%   2.4157   0.0076     0.8%
   266     9.7s    0.0029    25.0%    25.0%    67.5%      16%/14%/70%    1.828    0.405    70.0%     0.0%   2.2311   0.0059     1.2%
   267    20.7s    0.0038     5.0%     5.0%    34.3%       7%/13%/80%    1.231    0.586    95.0%     0.0%   2.8984   0.0046     1.0%
   268    20.8s    0.0044    10.0%    10.0%    30.2%       8%/10%/82%    1.637    0.592    90.0%     0.0%   2.7959  -0.0006     1.2%
   269    24.1s    0.0028     0.0%     0.0%    27.2%       8%/10%/82%    0.000    0.635   100.0%     0.0%   2.3333   0.0047     1.2%
   270    15.9s    0.0031     5.0%     5.0%    39.2%       7%/15%/78%    1.323    0.548    80.0%     0.0%   2.5733   0.0090     0.9%
  [MA20] reward=0.0026 task_sr=7.8% miss=87.5% time_limit=0.0% v2v=77.2%
  [RWRD] r_prog=0.0682 r_term=-0.0374 r_illegal=0.0000
  [PPO ] p_loss=-0.0034 v_loss=0.6655 entropy=2.5733 grad=6.3366 active=100.0%
  [SIM ] avg_power(a)=0.4867 rsu_q=0.500 tx=113 no_tx=10 deadlock=0 svc=0.000GHz idle=0.0%
   271     5.7s   -0.0001    20.0%    20.0%    71.3%      10%/11%/79%    1.140    0.363    75.0%     0.0%   2.2823   0.0029     0.6%
  [LateGuard] restore best_model at ep271 (drop=0.310, freeze=False)
   272     5.4s    0.0018    25.0%    25.0%    65.6%       8%/15%/77%    0.831    0.369    75.0%     0.0%   2.1700   0.0090     1.0%
   273    16.1s    0.0034     0.0%     0.0%    28.9%       13%/6%/82%    0.000    0.504    90.0%     0.0%   2.2326   0.0050     1.0%
   274     8.7s    0.0029    15.0%    15.0%    74.1%      12%/24%/63%    2.010    0.422    80.0%     0.0%   2.0779   0.0041     0.6%
   275    28.4s    0.0040    15.0%    15.0%    39.9%      13%/19%/67%    2.650    0.525    85.0%     0.0%   2.5484   0.0036     0.8%
   276    21.0s    0.0046     5.0%     5.0%    25.5%        7%/7%/86%    1.205    0.638    95.0%     0.0%   2.8992   0.0037     0.6%
   277    11.0s    0.0017     0.0%     0.0%    57.8%      13%/14%/72%    0.000    0.415    90.0%     0.0%   2.2601   0.0072     0.3%
   278    26.1s    0.0024     0.0%     0.0%    26.6%       9%/14%/77%    0.000    0.547    95.0%     0.0%   2.5349   0.0035     0.6%
   279    11.4s    0.0023     5.0%     5.0%    51.7%      15%/17%/68%    1.179    0.411    95.0%     0.0%   2.2503  -0.0043     0.7%
   280    17.1s    0.0025     0.0%     0.0%    39.1%       14%/9%/77%    0.000    0.541    95.0%     0.0%   2.2891   0.0080     0.4%
  [MA20] reward=0.0025 task_sr=8.5% miss=87.5% time_limit=0.0% v2v=76.5%
  [RWRD] r_prog=0.0541 r_term=-0.0288 r_illegal=0.0000
  [PPO ] p_loss=-0.0102 v_loss=0.5750 entropy=2.2891 grad=9.2645 active=100.0%
  [SIM ] avg_power(a)=0.4701 rsu_q=0.135 tx=132 no_tx=23 deadlock=0 svc=0.000GHz idle=0.0%

    Ep    Wall    R/step     T_SR     V_SR     S_SR            L/R/V   Lat(s)       En     Miss      Ill      Ent       KL     Clip
--------------------------------------------------------------------------------------------------------------------------------
   281    12.8s    0.0047    25.0%    25.0%    59.6%      10%/13%/78%    2.256    0.446    75.0%     0.0%   2.2851   0.0010     0.7%
   282    25.0s    0.0025     0.0%     0.0%    28.4%       7%/11%/82%    0.000    0.628    95.0%     0.0%   2.4854   0.0053     0.5%
   283     6.3s    0.0018    25.0%    25.0%    51.1%       10%/6%/84%    1.366    0.484    70.0%     0.0%   2.2701   0.0016     0.4%
   284    23.2s    0.0015     0.0%     0.0%    35.0%       5%/17%/79%    0.000    0.640   100.0%     0.0%   2.3361   0.0049     0.7%
   285    11.9s    0.0016     0.0%     0.0%    43.7%       7%/13%/81%    0.000    0.594    95.0%     0.0%   2.3615   0.0051     0.3%
   286    11.6s    0.0037     0.0%     0.0%    46.0%       9%/13%/77%    0.000    0.530   100.0%     0.0%   2.4266   0.0012     0.4%
  [LateGuard] restore best_model at ep286 (drop=0.443, freeze=False)
   287     6.6s    0.0009    10.0%    10.0%    51.8%       9%/13%/78%    0.675    0.263    80.0%     0.0%   2.2086   0.0087     0.6%
   288    11.0s    0.0009     5.0%     5.0%    46.6%       7%/13%/80%    2.175    0.346    90.0%     0.0%   2.2511   0.0112     0.6%
   289     9.3s    0.0021    30.0%    30.0%    67.0%      11%/16%/73%    2.099    0.373    65.0%     0.0%   2.1264   0.0035     1.2%
   290    22.7s    0.0031     5.0%     5.0%    50.6%      17%/18%/65%    2.143    0.493    85.0%     0.0%   2.1513   0.0001     0.9%
  [MA20] reward=0.0024 task_sr=9.3% miss=86.5% time_limit=0.0% v2v=76.2%
  [RWRD] r_prog=0.0583 r_term=-0.0270 r_illegal=0.0000
  [PPO ] p_loss=0.0269 v_loss=0.8985 entropy=2.1513 grad=21.9100 active=100.0%
  [SIM ] avg_power(a)=0.4807 rsu_q=0.432 tx=134 no_tx=33 deadlock=0 svc=0.000GHz idle=0.0%
   291    37.6s    0.0037     0.0%     0.0%    21.1%        5%/7%/89%    0.000    0.616   100.0%     0.0%   3.0440   0.0021     1.7%
   292    11.8s    0.0020     0.0%     0.0%    40.2%      13%/11%/76%    0.000    0.504   100.0%     0.0%   2.2578   0.0065     0.9%
   293     4.7s    0.0021    55.0%    55.0%    75.0%      14%/13%/73%    1.060    0.170    35.0%     0.0%   2.1022   0.0041     0.9%
   294    10.7s    0.0009    15.0%    15.0%    62.7%      12%/14%/74%    2.060    0.336    65.0%     0.0%   2.2636   0.0059     1.5%
   295    11.8s    0.0027     0.0%     0.0%    42.4%        7%/9%/85%    0.000    0.546   100.0%     0.0%   2.3917   0.0094     1.3%
   296     9.7s    0.0051    10.0%    10.0%    57.9%       9%/10%/80%    2.010    0.454    85.0%     0.0%   2.1609   0.0034     1.4%
   297     6.5s    0.0000     5.0%     5.0%    55.1%       9%/12%/79%    0.931    0.454    85.0%     0.0%   2.3326  -0.0018     1.3%
   298    12.7s    0.0032    20.0%    20.0%    45.8%      11%/15%/74%    1.880    0.363    75.0%     0.0%   2.3524   0.0107     1.2%
   299    16.1s    0.0030     5.0%     5.0%    37.1%      13%/11%/76%    1.630    0.530    90.0%     0.0%   2.6164   0.0064     0.9%
   300    11.9s    0.0036     0.0%     0.0%    38.0%       12%/8%/80%    0.000    0.636   100.0%     0.0%   2.4294   0.0036     1.5%
  [MA20] reward=0.0025 task_sr=10.5% miss=84.5% time_limit=0.0% v2v=78.1%
  [RWRD] r_prog=0.0713 r_term=-0.0352 r_illegal=0.0000
  [PPO ] p_loss=0.0036 v_loss=0.6271 entropy=2.4294 grad=7.9306 active=100.0%
  [SIM ] avg_power(a)=0.5069 rsu_q=0.034 tx=109 no_tx=16 deadlock=0 svc=0.000GHz idle=0.0%
  [Checkpoint] saved: ep0300.pth

    Ep    Wall    R/step     T_SR     V_SR     S_SR            L/R/V   Lat(s)       En     Miss      Ill      Ent       KL     Clip
--------------------------------------------------------------------------------------------------------------------------------
   301     6.3s    0.0008    15.0%    15.0%    58.9%      13%/15%/72%    1.255    0.475    85.0%     0.0%   2.2985   0.0061     1.3%
  [LateGuard] restore best_model at ep301 (drop=0.411, freeze=False)
   302    10.0s    0.0010    10.0%    10.0%    53.6%      11%/17%/72%    1.271    0.507    90.0%     0.0%   2.5865   0.0019     1.0%
   303    21.8s    0.0025     0.0%     0.0%    18.8%        4%/5%/91%    0.000    0.554    95.0%     0.0%   2.9911   0.0085     0.9%
   304    17.0s    0.0049    10.0%    10.0%    34.6%       10%/9%/81%    1.671    0.561    85.0%     0.0%   2.5043   0.0022     1.3%
   305    10.6s    0.0034    20.0%    20.0%    52.4%       17%/9%/74%    2.137    0.375    80.0%     0.0%   2.1494   0.0069     0.9%
   306     9.8s    0.0021     5.0%     5.0%    51.8%      10%/11%/78%    1.687    0.433    85.0%     0.0%   2.1990   0.0064     1.6%
   307    13.9s    0.0023     5.0%     5.0%    46.4%      16%/12%/73%    1.475    0.441    85.0%     0.0%   2.4406   0.0044     1.2%
   308     7.8s   -0.0004     0.0%     0.0%    48.9%        6%/6%/89%    0.000    0.475   100.0%     0.0%   2.4551   0.0063     0.9%
   309    12.3s    0.0011     5.0%     5.0%    53.1%      14%/19%/68%    1.352    0.325    90.0%     0.0%   2.1833   0.0085     0.9%
   310     4.4s    0.0023    45.0%    45.0%    72.3%      12%/17%/71%    0.851    0.319    50.0%     0.0%   2.0610   0.0049     0.5%
  [MA20] reward=0.0023 task_sr=11.2% miss=84.0% time_limit=0.0% v2v=77.7%
  [RWRD] r_prog=0.0186 r_term=0.0046 r_illegal=0.0000
  [PPO ] p_loss=0.0346 v_loss=0.8653 entropy=2.0610 grad=8.1173 active=100.0%
  [SIM ] avg_power(a)=0.4899 rsu_q=0.261 tx=98 no_tx=15 deadlock=0 svc=0.000GHz idle=0.0%
   311    17.2s    0.0031     5.0%     5.0%    45.6%      13%/14%/73%    2.784    0.452    90.0%     0.0%   2.1919   0.0055     0.8%
   312    10.8s    0.0039     5.0%     5.0%    42.9%      18%/13%/69%    1.818    0.474    80.0%     0.0%   2.2757   0.0070     1.4%
   313    11.1s    0.0020     0.0%     0.0%    46.0%      12%/10%/78%    0.000    0.499   100.0%     0.0%   2.2310  -0.0015     1.2%
   314     5.4s    0.0020    35.0%    35.0%    72.5%      11%/18%/71%    1.013    0.428    65.0%     0.0%   2.2176   0.0006     1.1%
   315    10.5s    0.0033    15.0%    15.0%    50.8%      12%/13%/75%    1.590    0.464    80.0%     0.0%   2.2477   0.0019     0.7%
   316    12.9s    0.0034    10.0%    10.0%    55.8%      11%/16%/73%    1.993    0.362    85.0%     0.0%   2.1866   0.0051     0.4%
  [LateGuard] restore best_model at ep316 (drop=0.367, freeze=False)
   317    10.9s    0.0031    15.0%    15.0%    60.4%      13%/16%/71%    1.804    0.407    80.0%     0.0%   2.1164   0.0078     0.7%
   318    18.9s    0.0011     5.0%     5.0%    37.6%      17%/11%/73%    2.234    0.458    85.0%     0.0%   2.3719   0.0012     1.2%
   319    12.4s    0.0024     0.0%     0.0%    45.9%      12%/10%/78%    0.000    0.578    95.0%     0.0%   2.3547  -0.0050     0.9%
   320     6.6s   -0.0005     5.0%     5.0%    59.8%       11%/9%/80%    1.607    0.477    85.0%     0.0%   2.3850   0.0042     0.8%
  [MA20] reward=0.0022 task_sr=10.5% miss=84.5% time_limit=0.0% v2v=75.4%
  [RWRD] r_prog=0.0357 r_term=-0.0407 r_illegal=0.0000
  [PPO ] p_loss=-0.0232 v_loss=1.0284 entropy=2.3850 grad=22.3434 active=100.0%
  [SIM ] avg_power(a)=0.4918 rsu_q=0.120 tx=89 no_tx=14 deadlock=0 svc=0.000GHz idle=0.0%

    Ep    Wall    R/step     T_SR     V_SR     S_SR            L/R/V   Lat(s)       En     Miss      Ill      Ent       KL     Clip
--------------------------------------------------------------------------------------------------------------------------------
   321     9.1s    0.0014    10.0%    10.0%    53.0%      12%/12%/77%    0.888    0.377    85.0%     0.0%   2.6226   0.0076     0.7%
   322     6.7s    0.0027    20.0%    20.0%    57.1%        7%/9%/84%    1.002    0.479    75.0%     0.0%   2.3274   0.0074     0.5%
   323    12.6s    0.0042     0.0%     0.0%    45.6%       8%/10%/82%    0.000    0.570   100.0%     0.0%   2.3899   0.0059     1.5%
   324    17.8s    0.0030     0.0%     0.0%    38.5%      16%/10%/73%    0.000    0.472   100.0%     0.0%   2.1862   0.0087     1.4%
   325     7.0s   -0.0002     5.0%     5.0%    53.6%      15%/10%/76%    2.152    0.416    95.0%     0.0%   2.3274   0.0079     0.9%
   326     5.5s    0.0012    50.0%    50.0%    78.9%      10%/13%/77%    1.072    0.160    30.0%     0.0%   2.2371   0.0063     0.7%
   327    10.8s    0.0037    15.0%    15.0%    55.8%      13%/14%/73%    1.967    0.485    75.0%     0.0%   2.2169   0.0008     1.1%
   328    11.3s    0.0015     0.0%     0.0%    52.8%      11%/11%/78%    0.000    0.543   100.0%     0.0%   2.3435   0.0042     1.2%
   329     9.6s    0.0042    10.0%    10.0%    60.5%      19%/12%/69%    2.425    0.436    90.0%     0.0%   2.1280  -0.0014     0.9%
   330    10.8s    0.0029     0.0%     0.0%    51.8%      11%/17%/73%    0.000    0.567    95.0%     0.0%   2.2259   0.0070     0.9%
  [MA20] reward=0.0024 task_sr=10.2% miss=84.5% time_limit=0.0% v2v=75.0%
  [RWRD] r_prog=0.0661 r_term=-0.0367 r_illegal=0.0000
  [PPO ] p_loss=0.0003 v_loss=0.7220 entropy=2.2259 grad=10.7884 active=100.0%
  [SIM ] avg_power(a)=0.5142 rsu_q=0.276 tx=121 no_tx=16 deadlock=0 svc=0.000GHz idle=0.0%
   331     3.9s    0.0045    75.0%    75.0%    93.1%      11%/20%/69%    1.168    0.223    15.0%     0.0%   2.1145   0.0004     0.5%
  [LateGuard] restore best_model at ep331 (drop=0.266, freeze=False)
   332    10.5s    0.0019    15.0%    15.0%    65.2%       11%/9%/80%    1.792    0.408    80.0%     0.0%   2.2098   0.0031     0.9%
   333     6.2s    0.0009     5.0%     5.0%    56.5%        8%/7%/85%    1.195    0.462    95.0%     0.0%   2.3370   0.0029     1.1%
   334     4.8s    0.0035    45.0%    45.0%    67.2%       13%/9%/78%    1.052    0.306    40.0%     0.0%   2.2345   0.0058     0.5%
   335    11.8s    0.0029     0.0%     0.0%    44.0%      13%/10%/77%    0.000    0.487    95.0%     0.0%   2.3657   0.0043     0.9%
   336     9.7s    0.0009     5.0%     5.0%    39.7%        8%/9%/83%    0.716    0.469    85.0%     0.0%   2.7438   0.0074     1.2%
   337    10.3s    0.0020    10.0%    10.0%    54.0%      13%/11%/76%    1.948    0.415    70.0%     0.0%   2.1816   0.0122     0.7%
   338    17.3s    0.0027     5.0%     5.0%    51.3%      17%/14%/69%    1.956    0.482    90.0%     0.0%   2.1367   0.0030     0.7%
   339     5.8s    0.0033    50.0%    50.0%    67.2%       8%/13%/79%    1.149    0.295    50.0%     0.0%   2.3763   0.0071     0.5%
   340    12.1s    0.0022    15.0%    15.0%    55.2%      10%/16%/74%    2.180    0.340    80.0%     0.0%   2.2914   0.0094     0.5%
  [MA20] reward=0.0025 task_sr=16.8% miss=77.3% time_limit=0.0% v2v=76.5%
  [RWRD] r_prog=0.0479 r_term=-0.0263 r_illegal=0.0000
  [PPO ] p_loss=0.0054 v_loss=0.7957 entropy=2.2914 grad=3.0698 active=100.0%
  [SIM ] avg_power(a)=0.4854 rsu_q=0.393 tx=126 no_tx=16 deadlock=0 svc=0.000GHz idle=0.0%

    Ep    Wall    R/step     T_SR     V_SR     S_SR            L/R/V   Lat(s)       En     Miss      Ill      Ent       KL     Clip
--------------------------------------------------------------------------------------------------------------------------------
   341    10.5s    0.0022    15.0%    15.0%    60.3%      14%/17%/69%    1.881    0.425    85.0%     0.0%   2.1032  -0.0027     0.6%
   342    11.9s    0.0037    10.0%    10.0%    55.2%      11%/14%/75%    1.764    0.229    85.0%     0.0%   2.1423   0.0014     0.7%
   343    11.9s    0.0015     0.0%     0.0%    52.7%      15%/15%/70%    0.000    0.495    95.0%     0.0%   2.1999   0.0043     1.0%
   344     4.6s    0.0052    65.0%    65.0%    87.6%      11%/14%/75%    1.043    0.211    35.0%     0.0%   2.1379   0.0041     0.5%
   345    13.1s    0.0026     5.0%     5.0%    52.4%       8%/13%/78%    2.454    0.466    85.0%     0.0%   2.3341   0.0052     1.1%
   346    10.8s    0.0023     5.0%     5.0%    54.3%      10%/16%/74%    2.131    0.519    95.0%     0.0%   2.2577   0.0049     1.1%
   347    12.3s    0.0026     5.0%     5.0%    43.2%       14%/9%/77%    2.138    0.495    90.0%     0.0%   2.3028   0.0096     1.2%
   348    12.5s    0.0017     5.0%     5.0%    55.7%      12%/12%/76%    2.251    0.390    85.0%     0.0%   2.4147   0.0009     1.6%
   349    19.9s    0.0036     0.0%     0.0%    39.7%      10%/13%/77%    0.000    0.586    95.0%     0.0%   2.3068   0.0072     1.2%
   350     4.5s    0.0035    55.0%    55.0%    82.6%      12%/10%/78%    0.993    0.251    40.0%     0.0%   2.0711  -0.0003     1.7%
  [MA20] reward=0.0027 task_sr=19.5% miss=74.5% time_limit=0.0% v2v=76.0%
  [RWRD] r_prog=0.0214 r_term=0.0135 r_illegal=0.0000
  [PPO ] p_loss=-0.0006 v_loss=0.7520 entropy=2.0711 grad=19.8026 active=100.0%
  [SIM ] avg_power(a)=0.4868 rsu_q=0.083 tx=104 no_tx=17 deadlock=0 svc=0.000GHz idle=0.0%
   351    12.5s    0.0027     0.0%     0.0%    44.1%      13%/14%/73%    0.000    0.516    95.0%     0.0%   2.3167   0.0059     1.4%
   352     5.1s   -0.0002    20.0%    20.0%    66.9%       9%/11%/79%    1.112    0.350    70.0%     0.0%   2.1372   0.0039     0.9%
   353    12.1s    0.0051    10.0%    10.0%    46.2%       9%/10%/81%    2.134    0.443    85.0%     0.0%   2.3146   0.0057     1.2%
   354    12.8s    0.0044    10.0%    10.0%    49.0%       7%/11%/82%    1.706    0.566    90.0%     0.0%   2.3336   0.0063     0.7%
   355    20.9s    0.0012    10.0%    10.0%    37.6%       7%/18%/75%    1.544    0.397    90.0%     0.0%   2.6900   0.0049     0.5%
   356     5.5s    0.0016    35.0%    35.0%    76.4%       9%/17%/74%    1.042    0.330    50.0%     0.0%   2.2413   0.0034     1.4%
   357    11.1s    0.0032     5.0%     5.0%    60.9%      16%/11%/73%    1.450    0.365    90.0%     0.0%   2.1405   0.0044     0.9%
   358    22.7s    0.0033     5.0%     5.0%    27.5%       12%/8%/81%    1.973    0.479    95.0%     0.0%   2.9006   0.0127     0.6%
   359     9.3s    0.0024     5.0%     5.0%    59.4%       16%/8%/76%    2.278    0.491    90.0%     0.0%   2.1643   0.0041     1.2%
   360    11.8s    0.0025     0.0%     0.0%    37.2%       11%/9%/80%    0.000    0.615   100.0%     0.0%   2.3483   0.0048     1.6%
  [MA20] reward=0.0028 task_sr=13.2% miss=82.2% time_limit=0.0% v2v=76.2%
  [RWRD] r_prog=0.0607 r_term=-0.0353 r_illegal=0.0000
  [PPO ] p_loss=0.0062 v_loss=0.6764 entropy=2.3483 grad=19.4233 active=100.0%
  [SIM ] avg_power(a)=0.5087 rsu_q=0.138 tx=113 no_tx=14 deadlock=0 svc=0.000GHz idle=0.0%

    Ep    Wall    R/step     T_SR     V_SR     S_SR            L/R/V   Lat(s)       En     Miss      Ill      Ent       KL     Clip
--------------------------------------------------------------------------------------------------------------------------------
   361     5.4s    0.0063    70.0%    70.0%    85.1%       12%/9%/78%    1.226    0.293    30.0%     0.0%   2.2632   0.0040     2.5%
   362     5.8s    0.0033    40.0%    40.0%    67.4%      15%/15%/70%    0.888    0.342    60.0%     0.0%   2.2214   0.0003     2.3%
   363    15.0s    0.0037    20.0%    20.0%    50.0%      10%/12%/79%    1.738    0.450    75.0%     0.0%   2.4838   0.0105     2.0%
   364     9.9s    0.0025    10.0%    10.0%    57.4%      11%/16%/73%    2.117    0.453    85.0%     0.0%   2.0513   0.0054     2.3%
   365    33.9s    0.0020     0.0%     0.0%    25.8%       5%/12%/83%    0.000    0.586   100.0%     0.0%   2.7625   0.0050     2.1%
   366    19.9s    0.0021     5.0%     5.0%    24.4%       13%/7%/80%    2.473    0.618    85.0%     0.0%   2.3400   0.0040     1.9%
   367    11.5s    0.0043     0.0%     0.0%    54.9%      13%/12%/75%    0.000    0.502    95.0%     0.0%   2.2992   0.0012     1.9%
   368    12.0s    0.0001     0.0%     0.0%    40.3%        2%/8%/90%    0.000    0.547    95.0%     0.0%   2.9779  -0.0015     2.0%
   369    19.8s    0.0041     0.0%     0.0%    34.7%        6%/9%/85%    0.000    0.555   100.0%     0.0%   2.3154   0.0048     1.2%
   370    16.6s    0.0030     5.0%     5.0%    45.0%      13%/12%/75%    3.101    0.455    90.0%     0.0%   2.2307  -0.0013     1.3%
  [MA20] reward=0.0029 task_sr=12.5% miss=83.5% time_limit=0.0% v2v=78.1%
  [RWRD] r_prog=0.0547 r_term=-0.0246 r_illegal=0.0000
  [PPO ] p_loss=0.0035 v_loss=0.7490 entropy=2.2307 grad=9.6051 active=100.0%
  [SIM ] avg_power(a)=0.5205 rsu_q=0.154 tx=128 no_tx=24 deadlock=0 svc=0.000GHz idle=0.0%
   371    36.4s    0.0018    10.0%    10.0%    27.2%       9%/21%/70%    2.415    0.562    90.0%     0.0%   2.7242   0.0022     1.5%
   372    12.3s    0.0020     5.0%     5.0%    46.4%      12%/15%/73%    1.676    0.480    95.0%     0.0%   2.2797   0.0008     1.2%
   373     5.8s   -0.0007    15.0%    15.0%    61.5%       8%/17%/75%    0.803    0.576    85.0%     0.0%   2.3259  -0.0022     1.1%
   374     7.9s    0.0030    30.0%    30.0%    66.1%      12%/17%/71%    0.962    0.403    65.0%     0.0%   2.5289   0.0076     0.6%
   375    11.1s    0.0016     0.0%     0.0%    46.5%       9%/13%/79%    0.000    0.514    90.0%     0.0%   2.2091   0.0057     0.7%
   376    12.2s    0.0011    10.0%    10.0%    43.2%        6%/9%/84%    1.633    0.486    90.0%     0.0%   3.0307   0.0049     1.2%
   377    11.3s    0.0051     0.0%     0.0%    42.6%      11%/11%/77%    0.000    0.579    90.0%     0.0%   2.1584   0.0048     0.4%
   378    14.8s    0.0020     0.0%     0.0%    37.4%        6%/9%/86%    0.000    0.562    90.0%     0.0%   2.5614  -0.0020     0.7%
   379    12.5s    0.0040    10.0%    10.0%    51.2%       8%/12%/80%    1.554    0.537    90.0%     0.0%   2.4022   0.0016     0.8%
   380    21.7s    0.0039     5.0%     5.0%    27.2%       6%/11%/82%    1.150    0.486    95.0%     0.0%   2.9056   0.0051     0.7%
  [MA20] reward=0.0028 task_sr=11.8% miss=84.7% time_limit=0.0% v2v=78.3%
  [RWRD] r_prog=0.0697 r_term=-0.0307 r_illegal=0.0000
  [PPO ] p_loss=-0.0071 v_loss=0.7672 entropy=2.9056 grad=14.4995 active=100.0%
  [SIM ] avg_power(a)=0.5301 rsu_q=0.276 tx=105 no_tx=7 deadlock=0 svc=0.000GHz idle=0.0%

    Ep    Wall    R/step     T_SR     V_SR     S_SR            L/R/V   Lat(s)       En     Miss      Ill      Ent       KL     Clip
--------------------------------------------------------------------------------------------------------------------------------
   381     5.9s   -0.0003    10.0%    10.0%    53.9%       5%/14%/81%    0.959    0.443    85.0%     0.0%   2.2241   0.0035     0.6%
   382    10.8s    0.0029     5.0%     5.0%    46.4%      12%/13%/75%    1.955    0.525    95.0%     0.0%   2.3133   0.0075     0.7%
   383    16.6s    0.0029     0.0%     0.0%    42.1%      14%/15%/72%    0.000    0.567    90.0%     0.0%   2.1864   0.0063     0.4%
   384    10.2s    0.0034     0.0%     0.0%    59.3%      11%/18%/71%    0.000    0.501   100.0%     0.0%   2.1523   0.0029     0.9%
   385    16.8s    0.0023     0.0%     0.0%    38.3%       7%/14%/79%    0.000    0.505    95.0%     0.0%   2.2899   0.0037     0.4%
   386    18.1s    0.0014     5.0%     5.0%    30.2%      10%/13%/76%    3.445    0.454    90.0%     0.0%   2.3560   0.0007     0.5%
   387    31.8s    0.0030     5.0%     5.0%    29.2%      15%/12%/72%    1.783    0.576    95.0%     0.0%   2.7225   0.0009     1.0%
   388    14.8s    0.0033    15.0%    15.0%    38.5%      16%/19%/65%    1.594    0.503    85.0%     0.0%   2.4680   0.0033     0.4%
   389    12.4s    0.0010    10.0%    10.0%    35.6%       8%/11%/81%    1.268    0.549    90.0%     0.0%   2.8377   0.0094     0.2%
   390    26.3s    0.0028     5.0%     5.0%    38.6%      14%/16%/70%    1.951    0.472    95.0%     0.0%   2.5730   0.0008     0.9%
  [MA20] reward=0.0023 task_sr=7.0% miss=90.0% time_limit=0.0% v2v=76.0%
  [RWRD] r_prog=0.0523 r_term=-0.0243 r_illegal=0.0000
  [PPO ] p_loss=-0.0180 v_loss=0.7329 entropy=2.5730 grad=14.6116 active=100.0%
  [SIM ] avg_power(a)=0.5107 rsu_q=0.270 tx=126 no_tx=22 deadlock=0 svc=0.000GHz idle=0.0%
   391    19.5s    0.0028     0.0%     0.0%    27.8%      10%/12%/78%    0.000    0.542   100.0%     0.0%   2.4034   0.0022     0.5%
   392    10.9s    0.0009     5.0%     5.0%    53.8%      15%/12%/73%    1.644    0.453    85.0%     0.0%   2.1938   0.0040     0.4%
   393    11.5s    0.0017     0.0%     0.0%    46.6%      10%/19%/71%    0.000    0.448    95.0%     0.0%   2.1973   0.0027     0.4%
   394    23.1s    0.0015     0.0%     0.0%    32.5%       13%/7%/80%    0.000    0.614   100.0%     0.0%   2.4808   0.0048     0.5%
   395     6.9s    0.0003    20.0%    20.0%    63.0%       10%/9%/81%    1.240    0.386    70.0%     0.0%   2.2597   0.0016     0.3%
  [LateGuard] restore best_model at ep395 (drop=0.405, freeze=False)
   396    16.5s    0.0040    15.0%    15.0%    39.8%      12%/20%/68%    1.695    0.569    85.0%     0.0%   2.5953   0.0109     1.8%
   397     5.8s   -0.0000    20.0%    20.0%    67.2%       9%/10%/80%    1.542    0.447    70.0%     0.0%   2.2836  -0.0013     1.4%
   398    11.1s    0.0020     0.0%     0.0%    40.7%       13%/8%/79%    0.000    0.444   100.0%     0.0%   2.3644   0.0064     1.3%
   399     6.2s    0.0010    25.0%    25.0%    65.9%      15%/14%/71%    1.199    0.416    70.0%     0.0%   2.2494   0.0084     2.0%
   400    17.1s    0.0017     5.0%     5.0%    43.1%      13%/11%/76%    3.230    0.402    95.0%     0.0%   2.2052   0.0101     1.4%
  [MA20] reward=0.0019 task_sr=7.3% miss=89.5% time_limit=0.0% v2v=75.0%
  [RWRD] r_prog=0.0408 r_term=-0.0234 r_illegal=0.0000
  [PPO ] p_loss=0.0012 v_loss=0.6532 entropy=2.2052 grad=10.4093 active=100.0%
  [SIM ] avg_power(a)=0.4934 rsu_q=0.051 tx=133 no_tx=22 deadlock=0 svc=0.000GHz idle=0.0%
  [Checkpoint] saved: ep0400.pth

    Ep    Wall    R/step     T_SR     V_SR     S_SR            L/R/V   Lat(s)       En     Miss      Ill      Ent       KL     Clip
--------------------------------------------------------------------------------------------------------------------------------
   401    10.6s    0.0011     5.0%     5.0%    55.5%       8%/17%/75%    1.918    0.414    90.0%     0.0%   2.1018   0.0056     1.5%
   402    11.6s    0.0008     0.0%     0.0%    41.3%      10%/15%/75%    0.000    0.376    90.0%     0.0%   2.4145   0.0091     1.3%
   403    30.9s    0.0038     5.0%     5.0%    20.2%        9%/9%/81%    1.564    0.563    95.0%     0.0%   2.8478   0.0064     1.6%
   404    10.2s    0.0024    15.0%    15.0%    51.0%       13%/8%/80%    1.935    0.531    70.0%     0.0%   2.2795   0.0096     1.4%
   405    10.3s    0.0049    15.0%    15.0%    58.3%      14%/15%/71%    2.187    0.508    75.0%     0.0%   2.2067   0.0042     1.4%
   406    12.6s    0.0020     0.0%     0.0%    49.7%       9%/15%/76%    0.000    0.497   100.0%     0.0%   2.3465   0.0075     1.8%
   407    24.3s    0.0013     5.0%     5.0%    30.5%       6%/18%/76%    1.198    0.535    95.0%     0.0%   2.8914   0.0043     1.6%
   408    10.8s    0.0030     0.0%     0.0%    49.8%       9%/12%/79%    0.000    0.480    90.0%     0.0%   2.2873   0.0070     1.1%
   409    12.5s    0.0028     0.0%     0.0%    46.2%      14%/12%/74%    0.000    0.527    90.0%     0.0%   2.3141   0.0017     1.3%
   410    13.1s    0.0022    10.0%    10.0%    46.0%       7%/17%/75%    1.683    0.357    75.0%     0.0%   2.4197   0.0044     0.9%
  [MA20] reward=0.0020 task_sr=7.3% miss=87.0% time_limit=0.0% v2v=76.1%
  [RWRD] r_prog=0.0538 r_term=-0.0320 r_illegal=0.0000
  [PPO ] p_loss=-0.0003 v_loss=0.7145 entropy=2.4197 grad=12.8944 active=100.0%
  [SIM ] avg_power(a)=0.4770 rsu_q=0.310 tx=118 no_tx=10 deadlock=0 svc=0.000GHz idle=0.0%
  [LateGuard] restore best_model at ep410 (drop=0.466, freeze=False)
   411    25.3s    0.0014    10.0%    10.0%    45.9%      13%/16%/70%    2.994    0.472    85.0%     0.0%   2.3673   0.0073     1.5%
   412    21.7s    0.0033     0.0%     0.0%    29.7%       16%/7%/77%    0.000    0.623    95.0%     0.0%   2.3748   0.0062     1.5%
   413    12.4s    0.0037     5.0%     5.0%    40.7%      15%/10%/75%    2.267    0.560    95.0%     0.0%   2.3610   0.0052     1.3%
   414    12.1s    0.0026     0.0%     0.0%    36.1%       16%/9%/76%    0.000    0.518   100.0%     0.0%   2.2793   0.0054     1.3%
   415     5.4s    0.0020    35.0%    35.0%    72.1%      12%/19%/69%    0.784    0.320    60.0%     0.0%   2.2392   0.0041     1.6%
   416     6.0s    0.0012    20.0%    20.0%    61.8%      11%/11%/78%    1.087    0.340    70.0%     0.0%   2.1693   0.0010     1.5%
   417    20.4s    0.0036     0.0%     0.0%    27.2%       14%/7%/80%    0.000    0.728   100.0%     0.0%   2.4088  -0.0008     1.6%
   418    22.3s    0.0042     5.0%     5.0%    33.7%       4%/10%/85%    1.882    0.634    90.0%     0.0%   2.7195   0.0044     1.4%
   419    39.2s    0.0040     5.0%     5.0%    18.8%       9%/11%/80%    2.155    0.588    95.0%     0.0%   2.8839   0.0075     1.3%
   420    18.3s    0.0034    10.0%    10.0%    37.6%      12%/14%/74%    1.734    0.489    90.0%     0.0%   2.6778   0.0031     1.5%
  [MA20] reward=0.0027 task_sr=7.3% miss=87.5% time_limit=0.0% v2v=76.4%
  [RWRD] r_prog=0.0607 r_term=-0.0270 r_illegal=0.0000
  [PPO ] p_loss=-0.0103 v_loss=0.5976 entropy=2.6778 grad=13.1486 active=100.0%
  [SIM ] avg_power(a)=0.5214 rsu_q=0.276 tx=110 no_tx=17 deadlock=0 svc=0.000GHz idle=0.0%

    Ep    Wall    R/step     T_SR     V_SR     S_SR            L/R/V   Lat(s)       En     Miss      Ill      Ent       KL     Clip
--------------------------------------------------------------------------------------------------------------------------------
   421    20.6s    0.0046     5.0%     5.0%    31.1%       10%/9%/80%    1.531    0.550    90.0%     0.0%   2.9102   0.0073     1.2%
   422    22.1s    0.0025     0.0%     0.0%    33.5%       7%/10%/82%    0.000    0.553   100.0%     0.0%   2.3669   0.0059     0.8%
   423    16.4s    0.0041    15.0%    15.0%    38.2%       9%/10%/80%    1.388    0.549    80.0%     0.0%   2.6156   0.0020     1.5%
   424    32.5s    0.0024     5.0%     5.0%    23.4%       5%/14%/81%    2.605    0.515    90.0%     0.0%   2.9041   0.0045     1.1%
   425    13.5s    0.0039    20.0%    20.0%    42.8%      20%/15%/65%    1.778    0.457    75.0%     0.0%   2.3144   0.0024     1.5%
  [LateGuard] restore best_model at ep425 (drop=0.558, freeze=False)
   426    13.3s    0.0050     5.0%     5.0%    35.8%      11%/12%/76%    1.336    0.576    85.0%     0.0%   2.5198   0.0073     1.9%
   427     9.5s    0.0010     0.0%     0.0%    43.7%        4%/4%/93%    0.000    0.493   100.0%     0.0%   2.7054   0.0097     2.3%
   428    12.8s    0.0026    15.0%    15.0%    45.9%      12%/14%/74%    1.608    0.439    85.0%     0.0%   2.1944   0.0004     2.0%
   429     5.7s   -0.0000    15.0%    15.0%    58.5%      11%/17%/72%    0.739    0.365    80.0%     0.0%   2.2162  -0.0004     2.0%
   430    11.3s    0.0030    10.0%    10.0%    46.1%      15%/13%/72%    1.972    0.508    85.0%     0.0%   2.2294   0.0069     1.1%
  [MA20] reward=0.0029 task_sr=9.0% miss=87.5% time_limit=0.0% v2v=77.0%
  [RWRD] r_prog=0.0602 r_term=-0.0305 r_illegal=0.0000
  [PPO ] p_loss=-0.0085 v_loss=0.8146 entropy=2.2294 grad=8.3661 active=100.0%
  [SIM ] avg_power(a)=0.5099 rsu_q=0.143 tx=111 no_tx=23 deadlock=0 svc=0.000GHz idle=0.0%
   431    21.5s    0.0024     5.0%     5.0%    25.1%        7%/9%/84%    2.354    0.673    95.0%     0.0%   2.9611   0.0026     2.5%
   432     6.6s    0.0023    30.0%    30.0%    58.6%      13%/20%/66%    0.927    0.317    65.0%     0.0%   2.2391   0.0104     2.0%
   433    10.3s    0.0030     0.0%     0.0%    43.7%       8%/11%/80%    0.000    0.577    95.0%     0.0%   2.3818   0.0078     1.5%
   434     6.7s    0.0009    25.0%    25.0%    58.2%      11%/12%/77%    1.057    0.479    75.0%     0.0%   2.2500   0.0011     0.6%
   435    15.2s    0.0026     0.0%     0.0%    34.2%      18%/10%/72%    0.000    0.553   100.0%     0.0%   2.4611   0.0040     1.4%
   436     7.0s    0.0018    25.0%    25.0%    58.8%       9%/12%/79%    1.464    0.429    75.0%     0.0%   2.3981   0.0006     1.1%
   437    36.6s    0.0040     0.0%     0.0%    22.9%        5%/4%/91%    0.000    0.595   100.0%     0.0%   3.0075   0.0068     1.4%
   438    10.8s    0.0016    15.0%    15.0%    54.1%       5%/16%/79%    0.899    0.449    85.0%     0.0%   2.7738  -0.0013     1.2%
   439    16.7s    0.0036     0.0%     0.0%    38.9%       16%/9%/75%    0.000    0.567    95.0%     0.0%   2.1173   0.0057     1.2%
   440     7.6s    0.0020    40.0%    40.0%    69.5%       9%/13%/78%    1.071    0.309    55.0%     0.0%   2.3987  -0.0008     1.1%
  [MA20] reward=0.0027 task_sr=11.5% miss=85.5% time_limit=0.0% v2v=77.9%
  [RWRD] r_prog=0.0233 r_term=-0.0033 r_illegal=0.0000
  [PPO ] p_loss=0.0157 v_loss=0.9757 entropy=2.3987 grad=26.6114 active=100.0%
  [SIM ] avg_power(a)=0.5312 rsu_q=0.083 tx=98 no_tx=12 deadlock=0 svc=0.000GHz idle=0.0%
  [LateGuard] restore best_model at ep440 (drop=0.429, freeze=False)

    Ep    Wall    R/step     T_SR     V_SR     S_SR            L/R/V   Lat(s)       En     Miss      Ill      Ent       KL     Clip
--------------------------------------------------------------------------------------------------------------------------------
   441    18.6s    0.0035     0.0%     0.0%    36.3%       11%/7%/82%    0.000    0.631   100.0%     0.0%   2.3658  -0.0014     2.0%
   442    21.8s    0.0026     0.0%     0.0%    39.5%       5%/13%/82%    0.000    0.637   100.0%     0.0%   3.0768   0.0058     1.8%
   443    11.0s    0.0017     0.0%     0.0%    48.3%       18%/9%/73%    0.000    0.379    95.0%     0.0%   2.2972   0.0060     2.3%
   444    18.8s    0.0025     0.0%     0.0%    40.9%       9%/13%/78%    0.000    0.372    90.0%     0.0%   2.2340   0.0024     1.7%
   445    12.9s    0.0020     0.0%     0.0%    44.4%      16%/14%/70%    0.000    0.540   100.0%     0.0%   2.2420   0.0026     1.0%
   446    10.0s    0.0044     5.0%     5.0%    53.2%       15%/8%/77%    2.213    0.544    95.0%     0.0%   2.1913   0.0027     1.2%
   447    12.6s    0.0040    15.0%    15.0%    45.0%       9%/11%/80%    1.293    0.406    70.0%     0.0%   2.3547   0.0082     1.3%
   448    18.9s    0.0039     0.0%     0.0%    39.8%       8%/10%/83%    0.000    0.585    90.0%     0.0%   2.2582   0.0100     1.0%
   449    10.9s    0.0022     0.0%     0.0%    57.1%       9%/12%/79%    0.000    0.484   100.0%     0.0%   2.2706   0.0063     1.2%
   450    14.1s    0.0056    10.0%    10.0%    41.1%       9%/12%/79%    1.985    0.558    85.0%     0.0%   2.4934   0.0059     0.7%
  [MA20] reward=0.0028 task_sr=8.5% miss=88.2% time_limit=0.0% v2v=78.3%
  [RWRD] r_prog=0.0851 r_term=-0.0293 r_illegal=0.0000
  [PPO ] p_loss=0.0040 v_loss=0.6173 entropy=2.4934 grad=4.2211 active=100.0%
  [SIM ] avg_power(a)=0.5359 rsu_q=0.207 tx=115 no_tx=12 deadlock=0 svc=0.000GHz idle=0.0%
   451    11.3s    0.0012    10.0%    10.0%    58.9%      13%/11%/76%    2.311    0.349    70.0%     0.0%   2.2876   0.0007     0.8%
   452    20.4s    0.0031     0.0%     0.0%    30.4%        6%/8%/85%    0.000    0.565   100.0%     0.0%   2.3837   0.0042     0.8%
   453     5.8s    0.0015    40.0%    40.0%    75.4%       11%/9%/80%    1.523    0.347    55.0%     0.0%   2.1583   0.0046     0.7%
   454    11.5s    0.0021    10.0%    10.0%    44.7%       16%/8%/76%    1.616    0.505    80.0%     0.0%   2.3648   0.0089     0.9%
   455     6.1s   -0.0001    15.0%    15.0%    63.7%       8%/11%/80%    0.805    0.448    85.0%     0.0%   2.3019   0.0029     1.1%
  [LateGuard] restore best_model at ep455 (drop=0.460, freeze=False)
   456    21.0s    0.0025     0.0%     0.0%    30.0%      11%/11%/79%    0.000    0.731   100.0%     0.0%   2.4060   0.0069     1.6%
   457     4.8s    0.0033    55.0%    55.0%    69.3%      12%/16%/72%    0.866    0.162    35.0%     0.0%   2.0974   0.0066     1.7%
   458    21.9s    0.0014     0.0%     0.0%    38.9%      11%/14%/75%    0.000    0.429    90.0%     0.0%   2.4026   0.0010     1.7%
   459    11.0s    0.0020     5.0%     5.0%    57.3%      14%/11%/75%    2.020    0.373    85.0%     0.0%   2.2859   0.0012     1.4%
   460     6.1s    0.0021    40.0%    40.0%    69.2%       16%/9%/75%    1.255    0.384    55.0%     0.0%   2.1968   0.0077     1.5%
  [MA20] reward=0.0026 task_sr=10.2% miss=84.0% time_limit=0.0% v2v=77.9%
  [RWRD] r_prog=0.0256 r_term=-0.0043 r_illegal=0.0000
  [PPO ] p_loss=0.0145 v_loss=0.8769 entropy=2.1968 grad=4.8690 active=100.0%
  [SIM ] avg_power(a)=0.5268 rsu_q=0.000 tx=97 no_tx=22 deadlock=0 svc=0.000GHz idle=0.0%

    Ep    Wall    R/step     T_SR     V_SR     S_SR            L/R/V   Lat(s)       En     Miss      Ill      Ent       KL     Clip
--------------------------------------------------------------------------------------------------------------------------------
   461     7.1s    0.0044    40.0%    40.0%    73.4%       8%/12%/79%    1.108    0.304    60.0%     0.0%   2.5252   0.0099     0.9%
   462     5.4s    0.0019    25.0%    25.0%    71.4%       8%/10%/83%    1.156    0.372    75.0%     0.0%   2.2436   0.0050     1.7%
   463    19.3s    0.0037     5.0%     5.0%    52.0%      15%/12%/73%    2.748    0.501    85.0%     0.0%   2.2744   0.0011     1.3%
   464    15.2s    0.0021     5.0%     5.0%    40.5%      13%/12%/75%    2.875    0.563    90.0%     0.0%   2.1253   0.0040     1.3%
   465    18.0s    0.0012     0.0%     0.0%    37.5%      14%/11%/75%    0.000    0.515   100.0%     0.0%   2.0895   0.0018     1.4%
   466     5.4s   -0.0004    20.0%    20.0%    62.9%      12%/19%/69%    0.987    0.384    65.0%     0.0%   2.2447   0.0088     1.0%
   467    22.2s    0.0026     5.0%     5.0%    27.1%       8%/13%/79%    1.369    0.597    95.0%     0.0%   2.8911   0.0063     1.2%
   468    11.2s    0.0032    10.0%    10.0%    59.0%      13%/12%/76%    2.196    0.317    85.0%     0.0%   2.2013   0.0034     1.4%
   469    12.1s    0.0020    10.0%    10.0%    53.0%      11%/13%/76%    2.230    0.402    85.0%     0.0%   2.2470   0.0064     1.8%
   470    11.7s    0.0035     5.0%     5.0%    52.8%      12%/14%/74%    2.413    0.459    95.0%     0.0%   2.2619   0.0090     1.2%
  [MA20] reward=0.0022 task_sr=15.0% miss=79.5% time_limit=0.0% v2v=76.6%
  [RWRD] r_prog=0.0681 r_term=-0.0329 r_illegal=0.0000
  [PPO ] p_loss=-0.0061 v_loss=0.6903 entropy=2.2619 grad=11.9527 active=100.0%
  [SIM ] avg_power(a)=0.4917 rsu_q=0.357 tx=123 no_tx=18 deadlock=0 svc=0.000GHz idle=0.0%
  [LateGuard] restore best_model at ep470 (drop=0.313, freeze=False)
   471     5.9s    0.0049    65.0%    65.0%    80.9%       9%/13%/78%    1.290    0.293    35.0%     0.0%   2.3088   0.0023     2.3%
   472     5.8s    0.0020    40.0%    40.0%    71.4%       8%/11%/81%    1.107    0.248    45.0%     0.0%   2.2746   0.0103     2.0%
   473    21.5s    0.0035     5.0%     5.0%    23.8%        6%/8%/86%    0.990    0.481    95.0%     0.0%   2.9496   0.0039     2.0%
   474    12.9s    0.0033     0.0%     0.0%    48.6%       8%/10%/82%    0.000    0.505    90.0%     0.0%   2.3252   0.0081     2.2%
   475    19.6s    0.0035     0.0%     0.0%    37.3%       8%/10%/82%    0.000    0.690    95.0%     0.0%   2.3830   0.0057     1.0%
   476    10.8s    0.0019    15.0%    15.0%    49.0%      15%/15%/70%    2.046    0.359    75.0%     0.0%   2.1306  -0.0010     1.0%
   477     5.2s    0.0010    30.0%    30.0%    77.0%      14%/17%/69%    1.443    0.381    70.0%     0.0%   2.1026  -0.0008     1.2%
   478    12.3s    0.0028     5.0%     5.0%    39.8%      14%/10%/76%    1.775    0.536    95.0%     0.0%   2.3410   0.0080     1.5%
   479    11.5s    0.0025     0.0%     0.0%    51.2%        9%/9%/82%    0.000    0.424    95.0%     0.0%   2.2267   0.0034     0.7%
   480    12.2s    0.0032     0.0%     0.0%    32.2%      14%/12%/74%    0.000    0.544    95.0%     0.0%   2.2934   0.0064     0.6%
  [MA20] reward=0.0026 task_sr=14.2% miss=81.2% time_limit=0.0% v2v=76.9%
  [RWRD] r_prog=0.0721 r_term=-0.0397 r_illegal=0.0000
  [PPO ] p_loss=0.0010 v_loss=0.8284 entropy=2.2934 grad=19.8469 active=100.0%
  [SIM ] avg_power(a)=0.5075 rsu_q=0.111 tx=99 no_tx=18 deadlock=0 svc=0.000GHz idle=0.0%

    Ep    Wall    R/step     T_SR     V_SR     S_SR            L/R/V   Lat(s)       En     Miss      Ill      Ent       KL     Clip
--------------------------------------------------------------------------------------------------------------------------------
   481    15.6s    0.0043     5.0%     5.0%    41.3%       8%/14%/78%    2.210    0.505    95.0%     0.0%   2.6155   0.0013     0.6%
   482     5.9s    0.0039    60.0%    60.0%    84.6%      16%/13%/71%    1.333    0.295    40.0%     0.0%   2.2381   0.0066     0.5%
   483    16.1s    0.0022    10.0%    10.0%    39.9%       14%/8%/77%    2.058    0.374    80.0%     0.0%   2.4218   0.0037     0.5%
   484    10.9s    0.0018     0.0%     0.0%    44.7%      11%/16%/74%    0.000    0.545   100.0%     0.0%   2.2450   0.0077     0.8%
   485     7.8s    0.0011    20.0%    20.0%    53.2%      15%/13%/72%    0.713    0.426    80.0%     0.0%   2.3684   0.0126     0.6%
  [LateGuard] restore best_model at ep485 (drop=0.184, freeze=False)
   486    18.5s    0.0022     5.0%     5.0%    43.9%      12%/12%/75%    2.689    0.440    80.0%     0.0%   2.1359   0.0074     1.8%
   487    10.4s    0.0034    10.0%    10.0%    50.3%      12%/11%/78%    1.672    0.443    85.0%     0.0%   2.2129   0.0047     1.4%
   488     6.9s    0.0028    35.0%    35.0%    65.5%      11%/12%/76%    1.085    0.397    60.0%     0.0%   2.3383   0.0057     1.1%
   489    20.9s    0.0033     0.0%     0.0%    28.2%      10%/10%/80%    0.000    0.648    90.0%     0.0%   2.4471   0.0084     1.1%
   490    10.8s    0.0019     5.0%     5.0%    49.0%       9%/12%/78%    1.004    0.531    95.0%     0.0%   2.2559   0.0023     1.5%
  [MA20] reward=0.0028 task_sr=15.5% miss=79.8% time_limit=0.0% v2v=77.0%
  [RWRD] r_prog=0.0507 r_term=-0.0316 r_illegal=0.0000
  [PPO ] p_loss=-0.0023 v_loss=0.6057 entropy=2.2559 grad=20.8146 active=100.0%
  [SIM ] avg_power(a)=0.5195 rsu_q=0.071 tx=124 no_tx=13 deadlock=0 svc=0.000GHz idle=0.0%
   491    14.4s    0.0019     5.0%     5.0%    42.9%       11%/9%/80%    2.455    0.492    80.0%     0.0%   2.4297   0.0052     1.8%
   492    17.0s    0.0032     5.0%     5.0%    49.0%      16%/15%/69%    1.883    0.469    85.0%     0.0%   2.2902   0.0069     0.9%
   493     5.7s    0.0021    30.0%    30.0%    69.4%      10%/11%/79%    1.593    0.291    65.0%     0.0%   2.1186  -0.0040     1.7%
   494    14.4s    0.0036    15.0%    15.0%    37.4%      11%/10%/79%    1.666    0.451    85.0%     0.0%   2.4223   0.0077     1.3%
   495     5.8s    0.0023    20.0%    20.0%    67.2%      10%/15%/75%    1.443    0.457    80.0%     0.0%   2.3010   0.0056     1.3%
   496    18.7s    0.0040    15.0%    15.0%    42.0%       9%/15%/76%    1.912    0.509    80.0%     0.0%   2.6265   0.0016     1.6%
   497    12.6s    0.0034     0.0%     0.0%    28.1%        2%/6%/92%    0.000    0.611   100.0%     0.0%   2.3943   0.0054     0.9%
   498    10.8s    0.0008     5.0%     5.0%    47.3%       11%/8%/81%    2.170    0.459    95.0%     0.0%   2.8816   0.0073     0.9%
   499    12.2s    0.0013     5.0%     5.0%    40.1%      11%/12%/77%    2.026    0.404    90.0%     0.0%   2.1782   0.0064     0.7%
   500    12.7s    0.0034    20.0%    20.0%    47.8%      11%/11%/78%    1.785    0.376    75.0%     0.0%   2.3821   0.0048     0.9%
  [MA20] reward=0.0026 task_sr=13.5% miss=82.0% time_limit=0.0% v2v=77.3%
  [RWRD] r_prog=0.0548 r_term=-0.0211 r_illegal=0.0000
  [PPO ] p_loss=0.0004 v_loss=0.9646 entropy=2.3821 grad=13.4822 active=100.0%
  [SIM ] avg_power(a)=0.5115 rsu_q=0.276 tx=122 no_tx=17 deadlock=0 svc=0.000GHz idle=0.0%
  [Checkpoint] saved: ep0500.pth

    Ep    Wall    R/step     T_SR     V_SR     S_SR            L/R/V   Lat(s)       En     Miss      Ill      Ent       KL     Clip
--------------------------------------------------------------------------------------------------------------------------------
   501     5.5s    0.0040    55.0%    55.0%    79.4%       10%/8%/82%    1.082    0.296    45.0%     0.0%   2.3580   0.0070     1.2%
   502    18.6s    0.0036     0.0%     0.0%    46.1%      11%/14%/75%    0.000    0.550    95.0%     0.0%   2.0808   0.0043     0.6%
   503    11.3s    0.0014     0.0%     0.0%    50.0%      10%/17%/72%    0.000    0.415    90.0%     0.0%   2.2239   0.0046     0.6%
   504     6.7s    0.0032    25.0%    25.0%    65.7%        9%/9%/82%    0.996    0.343    75.0%     0.0%   2.3915   0.0041     1.2%
   505     6.2s    0.0043    50.0%    50.0%    73.1%       9%/12%/79%    1.353    0.449    45.0%     0.0%   2.3276   0.0078     0.9%
   506    16.9s    0.0029     0.0%     0.0%    31.7%       9%/11%/80%    0.000    0.468    95.0%     0.0%   2.2236   0.0091     0.7%
   507    10.6s    0.0017     5.0%     5.0%    63.2%      14%/16%/70%    1.669    0.473    85.0%     0.0%   2.1564   0.0080     1.4%
   508     5.4s    0.0026    40.0%    40.0%    77.5%       11%/8%/81%    1.411    0.437    60.0%     0.0%   2.1551   0.0072     0.9%
   509    11.1s    0.0012     0.0%     0.0%    58.3%      10%/14%/76%    0.000    0.501    90.0%     0.0%   2.2874   0.0045     1.3%
   510    11.2s    0.0029    20.0%    20.0%    62.7%      10%/18%/72%    1.635    0.408    75.0%     0.0%   2.1341   0.0005     1.3%
  [MA20] reward=0.0027 task_sr=15.8% miss=79.5% time_limit=0.0% v2v=77.8%
  [RWRD] r_prog=0.0509 r_term=-0.0222 r_illegal=0.0000
  [PPO ] p_loss=-0.0036 v_loss=0.7397 entropy=2.1341 grad=8.8851 active=100.0%
  [SIM ] avg_power(a)=0.5148 rsu_q=0.148 tx=142 no_tx=17 deadlock=0 svc=0.000GHz idle=0.0%
   511     8.7s    0.0023    20.0%    20.0%    58.1%      10%/15%/75%    0.839    0.472    75.0%     0.0%   2.4585   0.0053     1.2%
   512    17.6s    0.0025     5.0%     5.0%    37.4%      15%/15%/70%    2.754    0.392    80.0%     0.0%   2.1688   0.0028     1.1%
   513    15.5s    0.0028     0.0%     0.0%    41.2%      11%/11%/78%    0.000    0.565    95.0%     0.0%   2.2374   0.0047     0.8%
   514    11.6s    0.0019     5.0%     5.0%    56.0%      11%/14%/76%    1.251    0.350    95.0%     0.0%   2.1797   0.0081     0.8%
   515    17.2s    0.0029     5.0%     5.0%    47.1%      10%/19%/70%    2.676    0.427    90.0%     0.0%   2.0942   0.0049     0.9%
   516    17.8s    0.0023     0.0%     0.0%    42.1%       9%/14%/77%    0.000    0.498   100.0%     0.0%   2.3620   0.0056     1.0%
   517     5.1s    0.0032    40.0%    40.0%    73.3%       6%/18%/76%    1.148    0.363    55.0%     0.0%   2.2836   0.0035     1.3%
   518     9.6s    0.0023    10.0%    10.0%    65.3%      15%/15%/70%    2.475    0.423    75.0%     0.0%   2.1624   0.0080     0.6%
   519    18.1s    0.0024    10.0%    10.0%    39.2%      18%/14%/68%    2.493    0.484    90.0%     0.0%   2.1231   0.0102     0.8%
   520    19.3s    0.0026     0.0%     0.0%    46.2%      13%/16%/71%    0.000    0.518    95.0%     0.0%   2.2314   0.0038     1.1%
  [MA20] reward=0.0026 task_sr=14.5% miss=80.2% time_limit=0.0% v2v=75.0%
  [RWRD] r_prog=0.0536 r_term=-0.0280 r_illegal=0.0000
  [PPO ] p_loss=-0.0090 v_loss=0.7609 entropy=2.2314 grad=10.7737 active=100.0%
  [SIM ] avg_power(a)=0.5115 rsu_q=0.316 tx=136 no_tx=22 deadlock=0 svc=0.000GHz idle=0.0%

    Ep    Wall    R/step     T_SR     V_SR     S_SR            L/R/V   Lat(s)       En     Miss      Ill      Ent       KL     Clip
--------------------------------------------------------------------------------------------------------------------------------
   521    10.7s    0.0007     5.0%     5.0%    51.6%       8%/11%/80%    0.747    0.489    95.0%     0.0%   2.8847  -0.0009     2.0%
   522    21.7s    0.0037     0.0%     0.0%    37.1%      10%/11%/79%    0.000    0.568    95.0%     0.0%   2.1215   0.0058     1.2%
   523    19.2s    0.0014     5.0%     5.0%    34.5%       7%/14%/80%    1.379    0.444    95.0%     0.0%   2.8646   0.0028     1.0%
   524    11.6s    0.0024     5.0%     5.0%    56.0%      10%/16%/74%    2.094    0.442    95.0%     0.0%   2.2060   0.0038     1.6%
   525    10.4s    0.0033     0.0%     0.0%    44.5%      15%/13%/71%    0.000    0.509    80.0%     0.0%   2.1739   0.0058     1.1%
   526    11.3s    0.0021     5.0%     5.0%    37.8%       7%/12%/81%    1.946    0.492    95.0%     0.0%   2.3343  -0.0056     1.4%
   527    12.1s    0.0021     0.0%     0.0%    34.2%       10%/8%/81%    0.000    0.524   100.0%     0.0%   2.4030   0.0050     1.4%
   528    16.5s    0.0017     0.0%     0.0%    43.9%      15%/16%/69%    0.000    0.490    85.0%     0.0%   2.1399   0.0020     1.2%
   529    11.0s    0.0012     5.0%     5.0%    41.0%      15%/13%/72%    1.176    0.449    95.0%     0.0%   2.2306   0.0032     1.2%
   530     5.9s   -0.0007    10.0%    10.0%    68.5%      16%/12%/71%    1.306    0.425    85.0%     0.0%   2.2063  -0.0007     0.5%
  [MA20] reward=0.0021 task_sr=6.5% miss=88.5% time_limit=0.0% v2v=74.5%
  [RWRD] r_prog=0.0274 r_term=-0.0348 r_illegal=0.0000
  [PPO ] p_loss=-0.0155 v_loss=0.9785 entropy=2.2063 grad=7.9031 active=100.0%
  [SIM ] avg_power(a)=0.5428 rsu_q=0.417 tx=86 no_tx=21 deadlock=0 svc=0.000GHz idle=0.0%
   531    10.2s    0.0026     0.0%     0.0%    51.7%      10%/13%/77%    0.000    0.430    95.0%     0.0%   2.4015  -0.0027     1.2%
   532    11.5s    0.0015     0.0%     0.0%    41.6%      11%/11%/78%    0.000    0.458   100.0%     0.0%   2.4353   0.0034     1.0%
   533    10.9s    0.0009     0.0%     0.0%    52.0%      12%/13%/75%    2.485    0.425    95.0%     0.0%   2.2706   0.0065     1.6%
   534    11.3s    0.0014    10.0%    10.0%    55.0%      14%/11%/76%    1.860    0.336    90.0%     0.0%   2.1895   0.0055     0.7%
   535    22.5s    0.0041     5.0%     5.0%    31.5%       9%/11%/80%    1.660    0.649    95.0%     0.0%   2.9040   0.0066     1.4%
  [LateGuard] restore best_model at ep535 (drop=0.368, freeze=False)
   536    12.6s    0.0031    15.0%    15.0%    60.9%      11%/16%/73%    1.997    0.473    75.0%     0.0%   2.4075   0.0039     2.5%
   537    18.4s    0.0025     5.0%     5.0%    58.4%      16%/15%/68%    3.164    0.553    95.0%     0.0%   2.1110   0.0002     1.2%
   538    13.7s    0.0017     0.0%     0.0%    49.5%      13%/15%/72%    0.000    0.532    95.0%     0.0%   2.3559   0.0029     1.0%
   539    12.0s    0.0005     0.0%     0.0%    43.6%       7%/11%/82%    0.000    0.341   100.0%     0.0%   2.3001   0.0032     1.4%
   540    13.2s    0.0009     0.0%     0.0%    27.5%        4%/4%/92%    0.000    0.558   100.0%     0.0%   3.0123   0.0072     0.9%
  [MA20] reward=0.0019 task_sr=3.5% miss=93.0% time_limit=0.0% v2v=76.6%
  [RWRD] r_prog=0.0521 r_term=-0.0427 r_illegal=0.0000
  [PPO ] p_loss=-0.0297 v_loss=0.8368 entropy=3.0123 grad=13.5645 active=100.0%
  [SIM ] avg_power(a)=0.5008 rsu_q=0.292 tx=88 no_tx=4 deadlock=0 svc=0.000GHz idle=0.0%

    Ep    Wall    R/step     T_SR     V_SR     S_SR            L/R/V   Lat(s)       En     Miss      Ill      Ent       KL     Clip
--------------------------------------------------------------------------------------------------------------------------------
   541    17.7s    0.0030    10.0%    10.0%    49.4%      11%/17%/72%    2.431    0.482    70.0%     0.0%   2.2672   0.0032     1.4%
   542     5.3s    0.0011    30.0%    30.0%    65.6%      15%/11%/75%    1.230    0.380    60.0%     0.0%   2.2090   0.0012     0.7%
   543    10.3s    0.0014     5.0%     5.0%    62.1%      11%/17%/72%    1.677    0.409    90.0%     0.0%   2.2917  -0.0007     1.0%
   544    10.8s    0.0025     0.0%     0.0%    46.4%       6%/13%/81%    0.000    0.476    85.0%     0.0%   2.3580   0.0061     0.4%
   545    11.8s    0.0011     5.0%     5.0%    43.3%       7%/11%/82%    0.728    0.562    95.0%     0.0%   2.8947   0.0044     0.9%
   546    13.4s    0.0032    15.0%    15.0%    51.5%      10%/12%/78%    2.307    0.496    85.0%     0.0%   2.3891   0.0028     0.5%
   547     5.1s    0.0033    45.0%    45.0%    72.7%      17%/15%/68%    0.930    0.216    45.0%     0.0%   2.1723  -0.0011     0.5%
   548     6.4s    0.0010    30.0%    30.0%    64.9%      10%/10%/80%    1.302    0.377    70.0%     0.0%   2.1676   0.0082     0.5%
   549    23.0s    0.0025     5.0%     5.0%    51.6%      14%/18%/68%    2.979    0.534    95.0%     0.0%   2.0909   0.0061     0.3%
   550     9.1s    0.0027     5.0%     5.0%    63.3%      13%/16%/71%    1.816    0.372    90.0%     0.0%   2.1133   0.0034     0.4%
  [MA20] reward=0.0021 task_sr=9.2% miss=86.2% time_limit=0.0% v2v=76.0%
  [RWRD] r_prog=0.0624 r_term=-0.0352 r_illegal=0.0000
  [PPO ] p_loss=-0.0019 v_loss=0.7247 entropy=2.1133 grad=4.6982 active=100.0%
  [SIM ] avg_power(a)=0.5375 rsu_q=0.148 tx=133 no_tx=22 deadlock=0 svc=0.000GHz idle=0.0%
  [LateGuard] restore best_model at ep550 (drop=0.374, freeze=False)
   551     5.8s    0.0030    40.0%    40.0%    75.7%      12%/19%/69%    0.937    0.389    55.0%     0.0%   2.1550   0.0138     1.0%
   552    12.2s    0.0025    15.0%    15.0%    43.5%       5%/13%/82%    1.082    0.442    85.0%     0.0%   2.8853   0.0052     1.9%
   553     6.8s    0.0016    30.0%    30.0%    57.4%      12%/11%/76%    1.060    0.293    70.0%     0.0%   2.3691   0.0064     1.9%
   554    11.3s    0.0026     5.0%     5.0%    57.0%      14%/17%/69%    1.631    0.425    90.0%     0.0%   2.2345   0.0103     1.2%
   555    11.6s    0.0008    10.0%    10.0%    48.0%       7%/12%/81%    0.996    0.441    90.0%     0.0%   2.8847   0.0036     2.0%
   556    15.2s    0.0027    15.0%    15.0%    48.6%      11%/13%/76%    2.078    0.541    80.0%     0.0%   2.4900   0.0081     1.6%
   557    11.3s    0.0035     0.0%     0.0%    46.3%      15%/10%/75%    0.000    0.465   100.0%     0.0%   2.3214   0.0059     1.6%
   558    10.5s    0.0035     5.0%     5.0%    50.8%       9%/17%/74%    2.077    0.446    90.0%     0.0%   2.2257   0.0057     1.6%
   559     6.0s    0.0034    50.0%    50.0%    83.7%      11%/16%/73%    1.294    0.326    45.0%     0.0%   2.3012 6.57e-05     2.0%
   560    12.7s    0.0046     5.0%     5.0%    39.2%       7%/10%/82%    0.707    0.462    95.0%     0.0%   2.9331   0.0019     1.3%
  [MA20] reward=0.0025 task_sr=16.2% miss=79.2% time_limit=0.0% v2v=75.2%
  [RWRD] r_prog=0.0829 r_term=-0.0369 r_illegal=0.0000
  [PPO ] p_loss=-0.0071 v_loss=0.8140 entropy=2.9331 grad=7.1024 active=100.0%
  [SIM ] avg_power(a)=0.4986 rsu_q=0.292 tx=95 no_tx=8 deadlock=0 svc=0.000GHz idle=0.0%

    Ep    Wall    R/step     T_SR     V_SR     S_SR            L/R/V   Lat(s)       En     Miss      Ill      Ent       KL     Clip
--------------------------------------------------------------------------------------------------------------------------------
   561    11.8s    0.0031     0.0%     0.0%    46.5%      10%/12%/78%    0.000    0.415   100.0%     0.0%   2.3093   0.0004     2.3%
   562     4.9s    0.0045    70.0%    70.0%    88.0%      18%/15%/67%    1.187    0.239    25.0%     0.0%   2.1261   0.0082     2.0%
   563    11.1s    0.0027    20.0%    20.0%    68.9%       9%/17%/74%    1.889    0.414    75.0%     0.0%   2.1543   0.0048     1.2%
   564    11.3s    0.0038    10.0%    10.0%    47.0%      13%/12%/75%    1.921    0.406    75.0%     0.0%   2.3421   0.0071     1.6%
   565     7.2s    0.0012    15.0%    15.0%    43.8%       14%/5%/81%    1.173    0.400    85.0%     0.0%   2.4274   0.0090     1.6%
  [LateGuard] restore best_model at ep565 (drop=0.301, freeze=False)
   566    21.2s    0.0047     5.0%     5.0%    50.4%       8%/15%/77%    3.067    0.533    90.0%     0.0%   2.2563   0.0047     1.8%
   567    10.0s    0.0032    10.0%    10.0%    66.5%      13%/14%/74%    2.275    0.333    85.0%     0.0%   2.0616   0.0047     2.0%
   568    10.1s    0.0026     5.0%     5.0%    54.1%      11%/12%/77%    2.874    0.509    85.0%     0.0%   2.2783   0.0074     1.7%
   569    12.4s    0.0028     0.0%     0.0%    37.8%      17%/10%/73%    0.000    0.530   100.0%     0.0%   2.2396   0.0037     1.9%
   570    11.3s    0.0026     5.0%     5.0%    44.9%       9%/13%/78%    1.648    0.404    85.0%     0.0%   2.2618 9.53e-05     1.4%
  [MA20] reward=0.0030 task_sr=15.8% miss=80.2% time_limit=0.0% v2v=75.5%
  [RWRD] r_prog=0.0603 r_term=-0.0345 r_illegal=0.0000
  [PPO ] p_loss=-0.0084 v_loss=0.7822 entropy=2.2618 grad=11.3617 active=100.0%
  [SIM ] avg_power(a)=0.4848 rsu_q=0.241 tx=113 no_tx=13 deadlock=0 svc=0.000GHz idle=0.0%
   571     6.1s   -0.0001    10.0%    10.0%    54.3%        9%/8%/82%    1.002    0.511    90.0%     0.0%   2.3366   0.0018     1.6%
   572    10.9s    0.0031     5.0%     5.0%    63.8%      13%/17%/70%    1.596    0.394    95.0%     0.0%   2.2669   0.0027     1.8%
   573    18.5s    0.0039     0.0%     0.0%    50.6%      11%/13%/76%    0.000    0.559   100.0%     0.0%   2.1367   0.0054     1.0%
   574    16.0s    0.0030    10.0%    10.0%    44.8%      13%/14%/73%    2.625    0.440    85.0%     0.0%   2.1455   0.0088     1.3%
   575    11.0s    0.0028    10.0%    10.0%    51.3%      14%/16%/70%    2.377    0.497    80.0%     0.0%   2.3369   0.0045     2.1%
   576    10.1s    0.0045    20.0%    20.0%    55.5%      18%/14%/68%    2.275    0.425    75.0%     0.0%   2.1817   0.0029     1.2%
   577     5.7s    0.0025    45.0%    45.0%    69.2%      11%/16%/73%    1.032    0.236    50.0%     0.0%   2.1930   0.0055     1.2%
   578     5.7s    0.0037    50.0%    50.0%    63.0%       6%/11%/83%    1.134    0.307    50.0%     0.0%   2.2570   0.0098     1.0%
   579    19.3s    0.0018     0.0%     0.0%    30.4%        9%/9%/81%    0.000    0.446   100.0%     0.0%   2.3991   0.0082     1.4%
   580    11.9s    0.0017     0.0%     0.0%    46.4%      12%/12%/75%    0.000    0.454    95.0%     0.0%   2.2351   0.0046     1.4%
  [MA20] reward=0.0029 task_sr=14.5% miss=81.2% time_limit=0.0% v2v=75.3%
  [RWRD] r_prog=0.0543 r_term=-0.0370 r_illegal=0.0000
  [PPO ] p_loss=0.0050 v_loss=0.7010 entropy=2.2351 grad=5.8846 active=100.0%
  [SIM ] avg_power(a)=0.5014 rsu_q=0.276 tx=118 no_tx=19 deadlock=0 svc=0.000GHz idle=0.0%
  [LateGuard] restore best_model at ep580 (drop=0.202, freeze=False)

    Ep    Wall    R/step     T_SR     V_SR     S_SR            L/R/V   Lat(s)       En     Miss      Ill      Ent       KL     Clip
--------------------------------------------------------------------------------------------------------------------------------
   581    14.5s    0.0034    15.0%    15.0%    51.7%       9%/17%/73%    1.437    0.445    80.0%     0.0%   2.4050   0.0109     1.2%
   582    11.8s    0.0028     5.0%     5.0%    52.7%       9%/15%/75%    2.657    0.463    95.0%     0.0%   2.3756   0.0065     1.5%
   583    10.1s   -0.0012     5.0%     5.0%    44.1%      16%/10%/74%    0.568    0.498    95.0%     0.0%   2.5893   0.0033     2.0%
   584    14.1s    0.0010     0.0%     0.0%    52.8%       7%/12%/81%    0.000    0.403    95.0%     0.0%   2.4933  -0.0027     1.8%
   585     7.4s    0.0032    40.0%    40.0%    65.0%      11%/18%/71%    1.139    0.314    50.0%     0.0%   2.3307   0.0083     1.3%
   586     5.3s    0.0029    40.0%    40.0%    76.7%       9%/11%/81%    1.314    0.326    60.0%     0.0%   2.3119   0.0030     1.2%
   587     5.8s    0.0028    25.0%    25.0%    45.5%        4%/8%/88%    0.912    0.308    60.0%     0.0%   2.1624   0.0095     0.9%
   588    21.8s    0.0029     0.0%     0.0%    37.0%      11%/11%/78%    0.000    0.515   100.0%     0.0%   2.3505   0.0027     1.5%
   589     5.7s    0.0013    25.0%    25.0%    69.1%      10%/11%/78%    1.057    0.388    75.0%     0.0%   2.2532   0.0025     0.7%
   590    11.4s    0.0035    10.0%    10.0%    50.0%       14%/9%/77%    2.377    0.539    90.0%     0.0%   2.2862   0.0047     0.9%
  [MA20] reward=0.0025 task_sr=15.8% miss=81.0% time_limit=0.0% v2v=76.4%
  [RWRD] r_prog=0.0643 r_term=-0.0290 r_illegal=0.0000
  [PPO ] p_loss=-0.0073 v_loss=0.6263 entropy=2.2862 grad=3.9457 active=100.0%
  [SIM ] avg_power(a)=0.5257 rsu_q=0.286 tx=123 no_tx=22 deadlock=0 svc=0.000GHz idle=0.0%
   591    31.6s    0.0033     5.0%     5.0%    18.0%       10%/9%/80%    1.837    0.528    95.0%     0.0%   2.6988   0.0048     1.0%
   592     4.6s    0.0041    60.0%    60.0%    80.5%      11%/15%/75%    1.020    0.212    30.0%     0.0%   2.1652   0.0071     1.5%
   593    22.0s    0.0037     0.0%     0.0%    34.2%       14%/9%/77%    0.000    0.572    85.0%     0.0%   2.3598   0.0001     1.4%
   594    28.0s    0.0031     0.0%     0.0%    29.6%      11%/11%/78%    0.000    0.567   100.0%     0.0%   2.3416   0.0082     1.1%
   595     9.9s    0.0037    20.0%    20.0%    53.5%      18%/16%/66%    2.030    0.399    70.0%     0.0%   2.2089   0.0019     1.7%
   596    13.4s    0.0027     0.0%     0.0%    44.8%      10%/11%/79%    0.000    0.426    80.0%     0.0%   2.4033   0.0006     1.2%
   597    11.1s    0.0036    10.0%    10.0%    55.9%      15%/11%/75%    1.847    0.516    90.0%     0.0%   2.3177   0.0012     0.9%
   598    11.2s    0.0039     0.0%     0.0%    44.1%      13%/10%/77%    0.000    0.484    95.0%     0.0%   2.2357   0.0079     1.5%
   599    11.1s    0.0011     5.0%     5.0%    53.0%      12%/13%/74%    1.944    0.450    95.0%     0.0%   2.0546   0.0063     2.0%
   600     6.1s    0.0039    40.0%    40.0%    72.5%       15%/9%/77%    1.290    0.380    60.0%     0.0%   2.2729   0.0110     2.3%
  [MA20] reward=0.0028 task_sr=15.2% miss=80.0% time_limit=0.0% v2v=76.8%
  [RWRD] r_prog=0.0412 r_term=-0.0023 r_illegal=0.0000
  [PPO ] p_loss=0.0072 v_loss=0.8028 entropy=2.2729 grad=14.8843 active=100.0%
  [SIM ] avg_power(a)=0.5491 rsu_q=0.000 tx=101 no_tx=19 deadlock=0 svc=0.000GHz idle=0.0%
  [Checkpoint] saved: ep0600.pth

    Ep    Wall    R/step     T_SR     V_SR     S_SR            L/R/V   Lat(s)       En     Miss      Ill      Ent       KL     Clip
--------------------------------------------------------------------------------------------------------------------------------
   601    13.3s    0.0006     5.0%     5.0%    47.6%       14%/9%/77%    2.215    0.416    85.0%     0.0%   2.2890   0.0072     1.9%
   602    11.5s    0.0037    15.0%    15.0%    57.8%      15%/10%/75%    2.122    0.395    80.0%     0.0%   2.2052   0.0087     2.6%
   603    11.7s    0.0030    10.0%    10.0%    53.3%      17%/16%/66%    1.772    0.479    75.0%     0.0%   2.2632   0.0033     1.8%
   604    19.8s    0.0020     0.0%     0.0%    36.2%      13%/11%/75%    0.000    0.455    95.0%     0.0%   2.2122   0.0042     2.7%
   605    18.9s    0.0020     0.0%     0.0%    49.0%      10%/17%/73%    0.000    0.495    95.0%     0.0%   2.1863   0.0033     2.8%
   606    10.9s    0.0004    15.0%    15.0%    53.9%      11%/17%/72%    1.487    0.288    75.0%     0.0%   2.1676   0.0062     1.6%
   607    10.1s    0.0050     5.0%     5.0%    60.7%      11%/12%/77%    1.636    0.414    90.0%     0.0%   2.2392   0.0056     1.8%
   608    11.2s    0.0012     5.0%     5.0%    49.2%        8%/9%/83%    1.494    0.520    95.0%     0.0%   2.8693   0.0035     2.6%
   609    16.8s    0.0027     0.0%     0.0%    39.2%       14%/9%/78%    0.000    0.534    85.0%     0.0%   2.1634   0.0049     2.3%
   610    11.1s    0.0015    10.0%    10.0%    52.0%      11%/13%/75%    2.461    0.476    90.0%     0.0%   2.3285   0.0094     2.1%
  [MA20] reward=0.0028 task_sr=10.2% miss=83.2% time_limit=0.0% v2v=75.6%
  [RWRD] r_prog=0.0434 r_term=-0.0279 r_illegal=0.0000
  [PPO ] p_loss=0.0049 v_loss=0.7285 entropy=2.3285 grad=10.2235 active=100.0%
  [SIM ] avg_power(a)=0.5249 rsu_q=0.172 tx=121 no_tx=17 deadlock=0 svc=0.000GHz idle=0.0%
   611    18.8s    0.0030     5.0%     5.0%    31.9%       6%/14%/80%    1.335    0.532    90.0%     0.0%   2.7207   0.0123     1.1%
   612    12.1s    0.0034     0.0%     0.0%    44.9%       10%/8%/82%    0.000    0.590   100.0%     0.0%   2.3900   0.0064     2.1%
   613    12.2s    0.0042     0.0%     0.0%    46.1%       13%/7%/79%    0.000    0.370   100.0%     0.0%   2.2216   0.0057     2.0%
   614    11.1s    0.0017    10.0%    10.0%    42.5%       6%/15%/78%    0.631    0.510    90.0%     0.0%   2.7635  -0.0049     2.0%
   615    11.1s    0.0015    25.0%    25.0%    51.1%      14%/15%/70%    1.965    0.338    70.0%     0.0%   2.0801   0.0047     2.0%
   616    21.4s    0.0018     0.0%     0.0%    29.0%       6%/10%/85%    0.000    0.491   100.0%     0.0%   2.8462   0.0077     1.6%
   617    23.2s    0.0037     0.0%     0.0%    22.7%        6%/6%/88%    0.000    0.642   100.0%     0.0%   3.0204   0.0058     2.3%
   618    10.6s    0.0024    20.0%    20.0%    70.1%      13%/18%/68%    1.718    0.325    65.0%     0.0%   2.1479  -0.0017     2.2%
   619    10.7s    0.0033     0.0%     0.0%    43.0%      11%/11%/78%    0.000    0.541    95.0%     0.0%   2.2686   0.0054     2.2%
   620    11.5s    0.0023     5.0%     5.0%    40.9%       11%/8%/80%    0.929    0.505    95.0%     0.0%   2.3333   0.0031     2.1%
  [MA20] reward=0.0025 task_sr=6.5% miss=88.5% time_limit=0.0% v2v=77.2%
  [RWRD] r_prog=0.0534 r_term=-0.0306 r_illegal=0.0000
  [PPO ] p_loss=0.0032 v_loss=0.7319 entropy=2.3333 grad=8.4132 active=100.0%
  [SIM ] avg_power(a)=0.5244 rsu_q=0.000 tx=114 no_tx=15 deadlock=0 svc=0.000GHz idle=0.0%

    Ep    Wall    R/step     T_SR     V_SR     S_SR            L/R/V   Lat(s)       En     Miss      Ill      Ent       KL     Clip
--------------------------------------------------------------------------------------------------------------------------------
   621     4.3s    0.0041    65.0%    65.0%    84.3%      12%/12%/76%    1.247    0.214    20.0%     0.0%   2.0384   0.0073     0.9%
   622    11.4s    0.0023     5.0%     5.0%    52.0%       5%/15%/80%    1.681    0.392    85.0%     0.0%   2.1934   0.0084     1.3%
   623     9.4s    0.0018     0.0%     0.0%    57.8%      14%/12%/74%    0.000    0.448   100.0%     0.0%   2.1357   0.0038     1.4%
  [LateGuard] restore best_model at ep623 (drop=0.215, freeze=False)
   624    18.4s    0.0037    10.0%    10.0%    38.3%       8%/17%/75%    1.541    0.613    90.0%     0.0%   2.6421   0.0058     1.7%
   625    12.2s    0.0027     0.0%     0.0%    50.0%       6%/12%/83%    0.000    0.523   100.0%     0.0%   2.4249   0.0078     2.1%
   626    11.2s    0.0005     5.0%     5.0%    49.8%      14%/15%/71%    2.171    0.363    90.0%     0.0%   2.1662   0.0028     1.9%
   627    11.8s    0.0039     0.0%     0.0%    41.1%       9%/14%/77%    0.000    0.496   100.0%     0.0%   2.2530   0.0021     1.4%
   628    19.3s    0.0044     5.0%     5.0%    31.8%       7%/14%/79%    1.350    0.603    95.0%     0.0%   2.8154   0.0051     1.4%
   629     4.5s    0.0039    55.0%    55.0%    80.6%       11%/9%/80%    1.111    0.225    30.0%     0.0%   2.1385   0.0010     1.6%
   630    11.8s    0.0013     5.0%     5.0%    39.8%       11%/8%/81%    1.900    0.468    85.0%     0.0%   2.3860   0.0041     2.3%
  [MA20] reward=0.0028 task_sr=10.8% miss=85.0% time_limit=0.0% v2v=78.3%
  [RWRD] r_prog=0.0468 r_term=-0.0343 r_illegal=0.0000
  [PPO ] p_loss=0.0031 v_loss=0.7741 entropy=2.3860 grad=21.2676 active=100.0%
  [SIM ] avg_power(a)=0.5167 rsu_q=0.138 tx=109 no_tx=16 deadlock=0 svc=0.000GHz idle=0.0%
   631    33.6s    0.0045     5.0%     5.0%    25.1%       9%/12%/79%    1.753    0.649    95.0%     0.0%   2.8508   0.0068     1.5%
   632     7.1s    0.0017    20.0%    20.0%    53.3%       10%/8%/82%    1.822    0.536    80.0%     0.0%   2.3677   0.0100     0.8%
   633    12.6s    0.0025     5.0%     5.0%    56.0%      10%/13%/77%    1.244    0.489    95.0%     0.0%   2.2930   0.0031     1.1%
   634    18.4s    0.0044    10.0%    10.0%    35.0%        9%/9%/82%    2.061    0.595    90.0%     0.0%   2.7001   0.0078     1.2%
   635    25.9s    0.0039    10.0%    10.0%    31.7%      13%/15%/72%    1.954    0.614    85.0%     0.0%   2.4771   0.0065     0.7%
   636     9.3s    0.0036    20.0%    20.0%    59.9%      11%/19%/69%    2.075    0.496    75.0%     0.0%   2.0603  -0.0018     0.5%
   637    16.6s    0.0038     5.0%     5.0%    40.9%       12%/7%/80%    2.634    0.549    85.0%     0.0%   2.6785  -0.0007     0.4%
   638    20.0s    0.0013     5.0%     5.0%    34.8%      20%/16%/64%    1.895    0.498    85.0%     0.0%   2.2347   0.0006     0.3%
  [LateGuard] restore best_model at ep638 (drop=0.344, freeze=False)
   639    11.8s    0.0022     0.0%     0.0%    43.2%       7%/12%/81%    0.000    0.456    90.0%     0.0%   2.4097   0.0081     2.2%
   640     6.2s    0.0015    15.0%    15.0%    64.2%      13%/12%/75%    1.253    0.520    70.0%     0.0%   2.4303   0.0043     2.0%
  [MA20] reward=0.0029 task_sr=12.2% miss=82.2% time_limit=0.0% v2v=76.9%
  [RWRD] r_prog=0.0515 r_term=-0.0368 r_illegal=0.0000
  [PPO ] p_loss=0.0025 v_loss=0.9876 entropy=2.4303 grad=18.8209 active=100.0%
  [SIM ] avg_power(a)=0.5154 rsu_q=0.318 tx=93 no_tx=16 deadlock=0 svc=0.000GHz idle=0.0%

    Ep    Wall    R/step     T_SR     V_SR     S_SR            L/R/V   Lat(s)       En     Miss      Ill      Ent       KL     Clip
--------------------------------------------------------------------------------------------------------------------------------
   641    12.4s    0.0036     0.0%     0.0%    43.3%        8%/9%/82%    0.000    0.499    90.0%     0.0%   2.3781   0.0098     2.5%
   642     5.2s    0.0048    55.0%    55.0%    63.2%       10%/9%/80%    1.153    0.299    45.0%     0.0%   2.2370   0.0122     2.0%
   643     9.7s    0.0003     5.0%     5.0%    47.2%      11%/12%/77%    1.534    0.346    90.0%     0.0%   2.2716   0.0087     1.7%
   644    15.0s    0.0053    20.0%    20.0%    40.7%       9%/10%/81%    2.048    0.505    80.0%     0.0%   2.5942   0.0025     2.2%
   645    10.3s    0.0031     5.0%     5.0%    62.4%      11%/14%/76%    2.181    0.417    90.0%     0.0%   2.0963   0.0057     2.3%
   646     4.4s    0.0042    65.0%    65.0%    88.1%      11%/16%/73%    1.094    0.244    25.0%     0.0%   2.0696   0.0107     1.6%
   647     9.5s    0.0018     5.0%     5.0%    56.3%      12%/13%/75%    1.960    0.350    90.0%     0.0%   2.2095   0.0076     2.7%
   648    11.2s    0.0018     5.0%     5.0%    51.7%       6%/15%/79%    2.387    0.446    95.0%     0.0%   2.3179   0.0071     1.7%
   649    19.9s    0.0024     5.0%     5.0%    34.7%       8%/10%/83%    1.763    0.552    95.0%     0.0%   2.8127   0.0082     2.0%
   650    11.2s    0.0037    15.0%    15.0%    50.0%      11%/11%/79%    1.047    0.517    85.0%     0.0%   2.8184   0.0063     2.3%
  [MA20] reward=0.0030 task_sr=13.7% miss=81.8% time_limit=0.0% v2v=77.3%
  [RWRD] r_prog=0.0626 r_term=-0.0261 r_illegal=0.0000
  [PPO ] p_loss=0.0190 v_loss=0.8563 entropy=2.8184 grad=3.8623 active=100.0%
  [SIM ] avg_power(a)=0.5261 rsu_q=0.320 tx=90 no_tx=12 deadlock=0 svc=0.000GHz idle=0.0%
   651     5.4s    0.0003    15.0%    15.0%    57.8%      12%/11%/77%    0.835    0.356    80.0%     0.0%   2.2928   0.0016     2.4%
   652    28.7s    0.0031     5.0%     5.0%    27.1%      15%/10%/75%    2.350    0.556    95.0%     0.0%   2.6337   0.0035     2.1%
   653    17.4s    0.0036     5.0%     5.0%    39.3%      12%/11%/77%    2.151    0.526    90.0%     0.0%   2.2240   0.0077     2.1%
  [LateGuard] restore best_model at ep653 (drop=0.325, freeze=False)
   654    13.9s    0.0025    20.0%    20.0%    47.8%      10%/11%/79%    1.790    0.392    75.0%     0.0%   2.4894  -0.0011     1.9%
   655    12.2s    0.0017     0.0%     0.0%    35.5%       10%/8%/82%    0.000    0.524   100.0%     0.0%   2.3060   0.0060     2.4%
   656     6.4s    0.0001    30.0%    30.0%    63.3%      12%/12%/76%    0.830    0.327    60.0%     0.0%   2.2683   0.0051     1.8%
   657     4.8s    0.0041    45.0%    45.0%    76.2%      15%/11%/74%    1.390    0.300    40.0%     0.0%   2.1752   0.0046     1.8%
   658     6.4s    0.0026    30.0%    30.0%    63.8%        6%/9%/85%    1.139    0.431    70.0%     0.0%   2.4095   0.0073     2.2%
   659     8.7s    0.0001    10.0%    10.0%    55.2%      11%/10%/79%    0.677    0.495    90.0%     0.0%   2.5968   0.0071     1.9%
   660     6.9s    0.0020    35.0%    35.0%    73.3%       8%/12%/79%    1.274    0.295    60.0%     0.0%   2.4275  -0.0018     1.5%
  [MA20] reward=0.0026 task_sr=18.8% miss=77.3% time_limit=0.0% v2v=78.4%
  [RWRD] r_prog=0.0299 r_term=-0.0097 r_illegal=0.0000
  [PPO ] p_loss=0.0141 v_loss=0.9029 entropy=2.4275 grad=8.6669 active=100.0%
  [SIM ] avg_power(a)=0.5047 rsu_q=0.217 tx=101 no_tx=11 deadlock=0 svc=0.000GHz idle=0.0%

    Ep    Wall    R/step     T_SR     V_SR     S_SR            L/R/V   Lat(s)       En     Miss      Ill      Ent       KL     Clip
--------------------------------------------------------------------------------------------------------------------------------
   661     5.6s    0.0016    25.0%    25.0%    62.7%      15%/15%/69%    1.116    0.332    65.0%     0.0%   2.1115   0.0087     1.2%
   662    19.0s    0.0020     0.0%     0.0%    36.6%      11%/13%/76%    0.000    0.514    90.0%     0.0%   2.1566   0.0053     1.1%
   663    18.5s    0.0019    15.0%    15.0%    39.7%      13%/13%/73%    1.233    0.501    85.0%     0.0%   2.6320   0.0028     1.7%
   664    18.1s    0.0046    10.0%    10.0%    46.5%      10%/16%/74%    1.465    0.497    85.0%     0.0%   2.6966   0.0042     1.8%
   665    17.0s    0.0046     5.0%     5.0%    35.1%       9%/14%/77%    1.630    0.519    90.0%     0.0%   2.6280   0.0079     1.6%
   666     4.5s    0.0039    55.0%    55.0%    82.8%       9%/12%/79%    0.882    0.252    40.0%     0.0%   2.2389   0.0143     1.1%
   667    12.8s    0.0016    10.0%    10.0%    50.0%       4%/10%/86%    0.933    0.504    90.0%     0.0%   2.9038   0.0034     1.8%
   668    12.4s    0.0034    20.0%    20.0%    56.7%      16%/19%/65%    1.622    0.390    75.0%     0.0%   2.3786   0.0065     1.1%
   669    45.0s    0.0021     5.0%     5.0%    21.4%       8%/15%/76%    1.932    0.581    95.0%     0.0%   2.8488   0.0015     1.3%
   670    14.1s    0.0055    10.0%    10.0%    52.9%      13%/16%/71%    2.239    0.542    85.0%     0.0%   2.3358   0.0083     1.6%
  [MA20] reward=0.0026 task_sr=17.5% miss=78.0% time_limit=0.0% v2v=76.5%
  [RWRD] r_prog=0.0843 r_term=-0.0295 r_illegal=0.0000
  [PPO ] p_loss=0.0048 v_loss=0.8331 entropy=2.3358 grad=17.8169 active=100.0%
  [SIM ] avg_power(a)=0.5086 rsu_q=0.414 tx=129 no_tx=20 deadlock=0 svc=0.000GHz idle=0.0%
   671    10.9s    0.0005     0.0%     0.0%    35.8%      11%/10%/79%    0.000    0.518    85.0%     0.0%   2.2760   0.0047     1.3%
   672    19.2s    0.0022     0.0%     0.0%    30.0%        9%/8%/83%    0.000    0.593   100.0%     0.0%   2.3969   0.0071     1.1%
   673    13.1s    0.0039    15.0%    15.0%    44.4%      16%/12%/72%    2.050    0.425    80.0%     0.0%   2.4244   0.0081     1.4%
   674    12.3s    0.0018     0.0%     0.0%    54.4%      16%/13%/72%    0.000    0.566    95.0%     0.0%   2.2730   0.0030     1.4%
   675    10.6s    0.0025     5.0%     5.0%    47.4%      14%/17%/69%    1.343    0.521    95.0%     0.0%   2.1230   0.0049     1.2%
   676    11.4s    0.0026     0.0%     0.0%    38.8%       9%/12%/79%    2.292    0.547   100.0%     0.0%   2.3180   0.0017     1.4%
   677     6.4s    0.0011    25.0%    25.0%    65.7%       9%/16%/76%    0.871    0.533    75.0%     0.0%   2.4057   0.0014     1.1%
   678    10.6s    0.0023     5.0%     5.0%    53.7%      14%/11%/75%    1.889    0.407    95.0%     0.0%   2.1188   0.0047     1.6%
   679    11.8s    0.0001     0.0%     0.0%    50.8%      14%/14%/72%    0.000    0.489   100.0%     0.0%   2.2350   0.0058     1.8%
   680     5.9s    0.0016    25.0%    25.0%    64.4%       14%/8%/78%    0.625    0.315    70.0%     0.0%   2.3141  -0.0008     0.9%
  [MA20] reward=0.0025 task_sr=11.5% miss=84.7% time_limit=0.0% v2v=75.0%
  [RWRD] r_prog=0.0320 r_term=-0.0165 r_illegal=0.0000
  [PPO ] p_loss=-0.0070 v_loss=0.8332 entropy=2.3141 grad=9.7227 active=100.0%
  [SIM ] avg_power(a)=0.5036 rsu_q=0.333 tx=82 no_tx=15 deadlock=0 svc=0.000GHz idle=0.0%

    Ep    Wall    R/step     T_SR     V_SR     S_SR            L/R/V   Lat(s)       En     Miss      Ill      Ent       KL     Clip
--------------------------------------------------------------------------------------------------------------------------------
   681     6.4s    0.0014    15.0%    15.0%    55.0%       13%/8%/79%    1.120    0.447    85.0%     0.0%   2.2577  -0.0029     0.9%
   682     8.5s    0.0020    15.0%    15.0%    45.5%      12%/10%/77%    0.740    0.503    85.0%     0.0%   2.4959  -0.0030     1.2%
   683    36.1s    0.0015     0.0%     0.0%    22.6%       4%/10%/86%    0.000    0.625   100.0%     0.0%   3.0293   0.0090     0.9%
   684    21.3s    0.0038     5.0%     5.0%    33.2%       7%/17%/75%    0.979    0.539    95.0%     0.0%   2.9311   0.0056     1.2%
   685    11.5s    0.0008    10.0%    10.0%    50.3%      11%/14%/75%    2.150    0.428    80.0%     0.0%   2.2587   0.0026     1.1%
   686     5.9s    0.0003    20.0%    20.0%    62.4%       8%/10%/82%    0.859    0.337    80.0%     0.0%   2.1356   0.0026     1.0%
   687     6.0s    0.0023    30.0%    30.0%    59.2%      13%/10%/77%    0.899    0.382    65.0%     0.0%   2.3893   0.0003     1.0%
   688     6.3s    0.0007    10.0%    10.0%    60.9%      12%/12%/76%    1.952    0.530    90.0%     0.0%   2.3098   0.0014     1.4%
   689    12.2s    0.0037    10.0%    10.0%    36.4%      10%/15%/76%    1.333    0.391    75.0%     0.0%   2.3342   0.0068     1.0%
   690    21.2s    0.0052     5.0%     5.0%    36.1%      10%/11%/78%    2.572    0.699    90.0%     0.0%   2.8377   0.0028     1.1%
  [MA20] reward=0.0020 task_sr=9.8% miss=87.0% time_limit=0.0% v2v=76.8%
  [RWRD] r_prog=0.0856 r_term=-0.0333 r_illegal=0.0000
  [PPO ] p_loss=-0.0065 v_loss=0.7070 entropy=2.8377 grad=14.6456 active=100.0%
  [SIM ] avg_power(a)=0.5094 rsu_q=0.310 tx=114 no_tx=14 deadlock=0 svc=0.000GHz idle=0.0%
   691    18.4s    0.0021     0.0%     0.0%    35.5%       11%/9%/80%    0.000    0.513    90.0%     0.0%   2.3178   0.0038     1.0%
   692    13.8s    0.0011    10.0%    10.0%    57.3%      12%/20%/67%    3.136    0.376    60.0%     0.0%   2.3120   0.0069     1.3%
   693     9.7s    0.0012    10.0%    10.0%    50.5%       12%/9%/79%    2.061    0.330    85.0%     0.0%   2.1679   0.0089     0.6%
   694    15.6s    0.0009     0.0%     0.0%    32.1%      10%/10%/80%    0.000    0.550   100.0%     0.0%   2.5490   0.0085     1.1%
   695    13.1s    0.0022     0.0%     0.0%    49.3%       6%/15%/79%    0.000    0.517    90.0%     0.0%   2.3615   0.0003     1.3%
   696    10.4s    0.0022     0.0%     0.0%    52.0%      13%/10%/77%    0.000    0.471    95.0%     0.0%   2.2258   0.0076     0.9%
   697    11.9s    0.0040    10.0%    10.0%    44.0%      10%/11%/79%    1.614    0.505    85.0%     0.0%   2.3581   0.0062     0.9%
   698    21.0s    0.0036     0.0%     0.0%    42.2%      10%/11%/79%    0.000    0.502    95.0%     0.0%   2.1142   0.0034     0.8%
   699    11.8s    0.0036     0.0%     0.0%    43.2%       12%/6%/82%    0.000    0.597    85.0%     0.0%   2.3043   0.0045     0.8%
   700    16.5s    0.0029    10.0%    10.0%    33.5%      10%/13%/77%    1.927    0.496    90.0%     0.0%   2.6532   0.0059     0.6%
  [MA20] reward=0.0023 task_sr=8.0% miss=86.0% time_limit=0.0% v2v=78.0%
  [RWRD] r_prog=0.0563 r_term=-0.0275 r_illegal=0.0000
  [PPO ] p_loss=0.0095 v_loss=0.7004 entropy=2.6532 grad=6.2492 active=100.0%
  [SIM ] avg_power(a)=0.5095 rsu_q=0.345 tx=107 no_tx=11 deadlock=0 svc=0.000GHz idle=0.0%
  [Checkpoint] saved: ep0700.pth

    Ep    Wall    R/step     T_SR     V_SR     S_SR            L/R/V   Lat(s)       En     Miss      Ill      Ent       KL     Clip
--------------------------------------------------------------------------------------------------------------------------------
   701     4.2s    0.0050    70.0%    70.0%    90.9%      13%/23%/64%    1.073    0.243    30.0%     0.0%   2.0239   0.0048     0.7%
   702    34.3s    0.0024     5.0%     5.0%    26.9%       8%/16%/76%    1.825    0.577    95.0%     0.0%   2.8951   0.0068     0.4%
   703    11.5s    0.0033    15.0%    15.0%    55.7%      16%/14%/70%    1.996    0.420    85.0%     0.0%   2.2275   0.0074     0.4%
   704    17.7s    0.0037    10.0%    10.0%    48.2%      13%/19%/68%    2.511    0.491    85.0%     0.0%   2.1977   0.0033     0.4%
   705    18.8s    0.0032     0.0%     0.0%    31.1%      11%/11%/79%    0.000    0.508   100.0%     0.0%   2.3250   0.0024     0.5%
   706    13.5s    0.0041     0.0%     0.0%    38.5%        9%/9%/83%    0.000    0.531    95.0%     0.0%   2.4545   0.0102     0.5%
  [LateGuard] restore best_model at ep706 (drop=0.252, freeze=False)
   707    30.0s    0.0033     5.0%     5.0%    25.5%      12%/12%/76%    1.874    0.568    95.0%     0.0%   2.6888   0.0095     2.0%
   708    12.0s    0.0016     0.0%     0.0%    52.2%      13%/14%/72%    0.000    0.439    85.0%     0.0%   2.3414   0.0049     1.6%
   709    20.8s    0.0014     5.0%     5.0%    36.2%      14%/13%/73%    2.821    0.546    85.0%     0.0%   2.4077   0.0059     2.1%
   710    12.3s    0.0020    10.0%    10.0%    44.6%      14%/14%/72%    1.343    0.493    85.0%     0.0%   2.3065   0.0011     1.6%
  [MA20] reward=0.0027 task_sr=8.0% miss=85.8% time_limit=0.0% v2v=75.6%
  [RWRD] r_prog=0.0495 r_term=-0.0293 r_illegal=0.0000
  [PPO ] p_loss=0.0011 v_loss=0.8240 entropy=2.3065 grad=24.2257 active=100.0%
  [SIM ] avg_power(a)=0.4981 rsu_q=0.143 tx=117 no_tx=22 deadlock=0 svc=0.000GHz idle=0.0%
   711     9.6s    0.0033    25.0%    25.0%    52.3%       9%/14%/77%    1.442    0.468    75.0%     0.0%   2.4895   0.0030     1.9%
   712    12.6s    0.0014    15.0%    15.0%    58.3%      12%/13%/75%    2.122    0.367    80.0%     0.0%   2.2157   0.0008     2.2%
   713    12.9s    0.0010     0.0%     0.0%    43.6%       9%/18%/74%    0.000    0.573    95.0%     0.0%   2.3858   0.0049     1.3%
   714    27.3s    0.0019    10.0%    10.0%    36.7%      13%/14%/72%    3.114    0.398    85.0%     0.0%   2.6353   0.0009     2.0%
   715    17.5s    0.0035     5.0%     5.0%    52.2%      13%/15%/72%    3.127    0.499    90.0%     0.0%   2.2817   0.0035     1.2%
   716    35.7s    0.0031    10.0%    10.0%    28.8%       7%/16%/77%    2.389    0.462    90.0%     0.0%   2.7531   0.0046     1.8%
   717    18.3s    0.0022     0.0%     0.0%    27.7%      11%/12%/77%    0.000    0.531    95.0%     0.0%   2.7428   0.0115     1.4%
   718    11.0s    0.0011     0.0%     0.0%    44.1%        7%/6%/86%    0.000    0.422   100.0%     0.0%   2.3731  -0.0002     1.1%
   719     5.3s    0.0022    30.0%    30.0%    77.7%       10%/9%/81%    1.311    0.408    70.0%     0.0%   2.1938   0.0051     1.0%
   720    16.9s    0.0039    10.0%    10.0%    39.7%      10%/14%/75%    1.913    0.492    85.0%     0.0%   2.4672   0.0027     1.0%
  [MA20] reward=0.0027 task_sr=11.2% miss=85.2% time_limit=0.0% v2v=75.0%
  [RWRD] r_prog=0.0690 r_term=-0.0304 r_illegal=0.0000
  [PPO ] p_loss=0.0154 v_loss=0.7976 entropy=2.4672 grad=10.7371 active=100.0%
  [SIM ] avg_power(a)=0.4884 rsu_q=0.429 tx=113 no_tx=15 deadlock=0 svc=0.000GHz idle=0.0%

    Ep    Wall    R/step     T_SR     V_SR     S_SR            L/R/V   Lat(s)       En     Miss      Ill      Ent       KL     Clip
--------------------------------------------------------------------------------------------------------------------------------
   721    13.0s    0.0020     0.0%     0.0%    50.5%      10%/14%/76%    0.000    0.542    85.0%     0.0%   2.3076   0.0056     1.0%
  [LateGuard] restore best_model at ep721 (drop=0.436, freeze=False)
   722     4.7s   -0.0009    20.0%    20.0%    63.0%      17%/10%/72%    0.956    0.207    80.0%     0.0%   2.1071   0.0041     1.4%
   723    11.1s    0.0025     0.0%     0.0%    61.4%       9%/16%/75%    0.000    0.468   100.0%     0.0%   2.2271   0.0050     1.6%
   724    17.4s    0.0060    10.0%    10.0%    37.7%       14%/9%/77%    2.264    0.553    85.0%     0.0%   2.6369   0.0011     2.3%
   725    17.4s    0.0021    15.0%    15.0%    43.1%      10%/20%/71%    2.375    0.497    85.0%     0.0%   2.3589   0.0020     1.7%
   726     6.7s    0.0017    20.0%    20.0%    55.6%       9%/12%/79%    1.060    0.472    70.0%     0.0%   2.3734  -0.0013     2.4%
   727    22.4s    0.0056     0.0%     0.0%    25.1%        3%/7%/90%    0.000    0.626   100.0%     0.0%   3.0883   0.0096     2.5%
   728    12.4s    0.0003     5.0%     5.0%    33.8%       8%/13%/79%    0.613    0.481    95.0%     0.0%   2.8962   0.0112     2.7%
   729    10.7s    0.0018     5.0%     5.0%    60.2%      13%/15%/72%    2.350    0.481    85.0%     0.0%   2.1368  -0.0005     1.6%
   730    10.5s    0.0030     5.0%     5.0%    54.7%      10%/13%/77%    1.250    0.514    85.0%     0.0%   2.2171   0.0064     1.6%
  [MA20] reward=0.0024 task_sr=9.3% miss=86.8% time_limit=0.0% v2v=76.8%
  [RWRD] r_prog=0.0643 r_term=-0.0343 r_illegal=0.0000
  [PPO ] p_loss=-0.0045 v_loss=0.8667 entropy=2.2171 grad=8.3429 active=100.0%
  [SIM ] avg_power(a)=0.5372 rsu_q=0.207 tx=127 no_tx=17 deadlock=0 svc=0.000GHz idle=0.0%
   731    16.2s    0.0020     0.0%     0.0%    39.3%       8%/12%/80%    0.000    0.487    90.0%     0.0%   2.7744   0.0070     2.1%
   732    19.2s    0.0033     0.0%     0.0%    44.1%      12%/10%/78%    0.000    0.627   100.0%     0.0%   2.2347   0.0037     2.2%
   733    19.8s    0.0023     0.0%     0.0%    37.4%       8%/10%/82%    0.000    0.519    85.0%     0.0%   2.2780   0.0009     2.1%
   734    11.5s    0.0008     5.0%     5.0%    52.6%       13%/9%/77%    1.549    0.412    75.0%     0.0%   2.2327   0.0014     1.8%
   735     9.8s    0.0028     0.0%     0.0%    66.8%      15%/12%/73%    0.000    0.468   100.0%     0.0%   2.1650   0.0110     1.4%
   736     5.2s    0.0019    40.0%    40.0%    68.6%      18%/13%/70%    1.250    0.405    50.0%     0.0%   2.1565   0.0005     1.0%
  [LateGuard] restore best_model at ep736 (drop=0.454, freeze=False)
   737    18.6s    0.0023     0.0%     0.0%    36.4%      14%/12%/74%    0.000    0.427    95.0%     0.0%   2.1923   0.0013     1.7%
   738     5.8s   -0.0004    10.0%    10.0%    57.0%       9%/14%/77%    1.073    0.500    90.0%     0.0%   2.2977   0.0008     1.4%
   739    11.9s    0.0019     0.0%     0.0%    37.7%        9%/9%/82%    0.000    0.544   100.0%     0.0%   2.4071   0.0019     2.0%
   740    12.6s    0.0036     5.0%     5.0%    40.7%       9%/14%/77%    2.002    0.619    95.0%     0.0%   2.3060   0.0101     1.3%
  [MA20] reward=0.0022 task_sr=7.0% miss=87.5% time_limit=0.0% v2v=76.9%
  [RWRD] r_prog=0.0678 r_term=-0.0314 r_illegal=0.0000
  [PPO ] p_loss=0.0036 v_loss=0.8602 entropy=2.3060 grad=8.9297 active=100.0%
  [SIM ] avg_power(a)=0.5204 rsu_q=0.207 tx=113 no_tx=12 deadlock=0 svc=0.000GHz idle=0.0%

    Ep    Wall    R/step     T_SR     V_SR     S_SR            L/R/V   Lat(s)       En     Miss      Ill      Ent       KL     Clip
--------------------------------------------------------------------------------------------------------------------------------
   741    20.4s    0.0015     0.0%     0.0%    32.7%      10%/15%/75%    0.000    0.570    90.0%     0.0%   2.3458   0.0033     1.6%
   742    11.0s    0.0015     0.0%     0.0%    45.6%      12%/16%/73%    0.000    0.438   100.0%     0.0%   2.2009   0.0021     1.5%
   743    11.6s    0.0035     5.0%     5.0%    47.2%      11%/12%/77%    2.079    0.509    85.0%     0.0%   2.3934   0.0075     1.1%
   744     6.8s    0.0018    25.0%    25.0%    62.8%       5%/14%/81%    1.018    0.438    65.0%     0.0%   2.3922   0.0023     0.9%
   745    10.9s    0.0020     0.0%     0.0%    56.9%      12%/11%/76%    0.000    0.450   100.0%     0.0%   2.2569   0.0037     0.9%
   746    11.4s    0.0020     0.0%     0.0%    35.5%       10%/9%/80%    0.000    0.583   100.0%     0.0%   2.3749   0.0020     0.9%
   747    11.7s    0.0010     5.0%     5.0%    39.5%        9%/3%/87%    0.507    0.484    95.0%     0.0%   2.9015   0.0051     0.4%
   748    13.3s    0.0026     0.0%     0.0%    38.2%      14%/14%/72%    0.000    0.447    95.0%     0.0%   2.3575   0.0042     0.4%
   749    23.4s    0.0021     0.0%     0.0%    28.3%       7%/15%/78%    0.000    0.586   100.0%     0.0%   3.0766  -0.0012     1.1%
   750    13.9s    0.0034    10.0%    10.0%    63.6%      14%/13%/73%    1.928    0.411    85.0%     0.0%   2.3790   0.0019     0.3%
  [MA20] reward=0.0021 task_sr=5.3% miss=89.8% time_limit=0.0% v2v=77.2%
  [RWRD] r_prog=0.0617 r_term=-0.0279 r_illegal=0.0000
  [PPO ] p_loss=-0.0122 v_loss=0.8939 entropy=2.3790 grad=13.8348 active=100.0%
  [SIM ] avg_power(a)=0.4885 rsu_q=0.300 tx=139 no_tx=25 deadlock=0 svc=0.000GHz idle=0.0%
   751    18.0s    0.0025     0.0%     0.0%    34.9%      10%/11%/79%    0.000    0.494    95.0%     0.0%   2.2398   0.0038     0.7%
  [LateGuard] restore best_model at ep751 (drop=0.583, freeze=False)
   752    11.9s    0.0045    25.0%    25.0%    53.0%      11%/15%/74%    1.908    0.467    65.0%     0.0%   2.3501   0.0070     1.7%
   753    20.7s    0.0013     0.0%     0.0%    36.7%       12%/9%/79%    0.000    0.547   100.0%     0.0%   2.4697  -0.0019     1.6%
   754    18.7s    0.0022     0.0%     0.0%    39.5%       7%/12%/81%    0.000    0.508    95.0%     0.0%   2.2519  -0.0002     1.7%
   755    12.0s    0.0027     0.0%     0.0%    30.0%       14%/7%/80%    0.000    0.530    90.0%     0.0%   2.2980   0.0003     1.8%
   756    10.4s    0.0033    20.0%    20.0%    57.4%      17%/11%/73%    1.952    0.488    80.0%     0.0%   2.1286   0.0004     1.6%
   757    16.4s    0.0035    10.0%    10.0%    42.2%      20%/17%/63%    2.125    0.482    85.0%     0.0%   2.4491   0.0056     1.8%
   758    18.1s    0.0033     0.0%     0.0%    41.9%      14%/10%/77%    0.000    0.510    85.0%     0.0%   2.2589   0.0079     1.8%
   759     7.6s    0.0017    20.0%    20.0%    59.3%      11%/14%/75%    0.839    0.412    75.0%     0.0%   2.4116   0.0048     2.3%
   760    11.4s    0.0016     5.0%     5.0%    62.9%      14%/13%/74%    2.343    0.436    90.0%     0.0%   2.1792   0.0081     1.3%
  [MA20] reward=0.0024 task_sr=6.2% miss=88.8% time_limit=0.0% v2v=76.3%
  [RWRD] r_prog=0.0495 r_term=-0.0332 r_illegal=0.0000
  [PPO ] p_loss=0.0088 v_loss=0.5941 entropy=2.1792 grad=9.8861 active=100.0%
  [SIM ] avg_power(a)=0.4941 rsu_q=0.103 tx=132 no_tx=25 deadlock=0 svc=0.000GHz idle=0.0%

    Ep    Wall    R/step     T_SR     V_SR     S_SR            L/R/V   Lat(s)       En     Miss      Ill      Ent       KL     Clip
--------------------------------------------------------------------------------------------------------------------------------
   761    11.2s    0.0032     5.0%     5.0%    45.4%      14%/14%/73%    1.669    0.661    80.0%     0.0%   2.2274   0.0097     2.0%
   762     6.2s    0.0029    35.0%    35.0%    66.7%        9%/9%/83%    1.205    0.332    55.0%     0.0%   2.3134   0.0085     2.1%
   763     5.5s    0.0009    25.0%    25.0%    74.6%      13%/14%/73%    0.998    0.425    75.0%     0.0%   2.2026   0.0078     1.6%
   764     5.5s    0.0037    65.0%    65.0%    80.3%      14%/14%/72%    1.207    0.248    35.0%     0.0%   2.1446  -0.0033     1.4%
   765     5.8s    0.0007    15.0%    15.0%    61.9%      14%/11%/75%    1.357    0.405    85.0%     0.0%   2.3550   0.0049     2.5%
   766    20.9s    0.0017     5.0%     5.0%    44.1%      13%/15%/73%    2.577    0.496    85.0%     0.0%   2.3220   0.0063     1.3%
  [LateGuard] restore best_model at ep766 (drop=0.442, freeze=False)
   767    17.0s    0.0031     5.0%     5.0%    54.5%      14%/17%/69%    3.617    0.492    85.0%     0.0%   2.2038   0.0022     1.4%
   768     6.2s    0.0033    40.0%    40.0%    69.4%       12%/8%/80%    1.169    0.368    60.0%     0.0%   2.4351   0.0017     1.8%
   769     9.0s   -0.0010    20.0%    20.0%    65.1%      12%/16%/72%    0.774    0.319    75.0%     0.0%   2.4476   0.0005     1.6%
   770    15.4s    0.0037    20.0%    20.0%    50.5%      15%/12%/73%    2.259    0.470    75.0%     0.0%   2.4483   0.0105     1.6%
  [MA20] reward=0.0025 task_sr=15.8% miss=78.5% time_limit=0.0% v2v=74.8%
  [RWRD] r_prog=0.0597 r_term=-0.0223 r_illegal=0.0000
  [PPO ] p_loss=-0.0044 v_loss=0.7786 entropy=2.4483 grad=9.0639 active=100.0%
  [SIM ] avg_power(a)=0.5094 rsu_q=0.310 tx=123 no_tx=23 deadlock=0 svc=0.000GHz idle=0.0%
   771    12.2s    0.0016     5.0%     5.0%    51.8%       8%/13%/79%    1.526    0.454    85.0%     0.0%   2.3497   0.0069     1.5%
   772    23.9s    0.0026     0.0%     0.0%    39.7%       8%/17%/75%    0.000    0.612    90.0%     0.0%   2.3936   0.0060     1.7%
   773     6.3s    0.0010    35.0%    35.0%    64.7%       8%/10%/82%    1.792    0.371    60.0%     0.0%   2.3760   0.0053     1.2%
   774    19.1s    0.0024     0.0%     0.0%    35.1%      11%/10%/79%    0.000    0.623    95.0%     0.0%   2.2246   0.0084     1.3%
   775    10.9s    0.0022     0.0%     0.0%    57.2%       14%/9%/77%    0.000    0.410    90.0%     0.0%   2.1430  -0.0009     1.4%
   776    12.0s    0.0033     5.0%     5.0%    41.3%       10%/9%/81%    1.252    0.532    90.0%     0.0%   2.2146   0.0041     1.4%
   777    21.5s    0.0029     0.0%     0.0%    29.5%        7%/7%/86%    0.000    0.535   100.0%     0.0%   2.3768  -0.0020     1.5%
   778     5.0s    0.0046    50.0%    50.0%    78.9%       9%/14%/77%    1.145    0.384    45.0%     0.0%   2.1925   0.0084     1.5%
   779     5.8s    0.0004    25.0%    25.0%    60.8%      18%/12%/70%    0.744    0.273    65.0%     0.0%   2.2392   0.0044     1.2%
   780    22.6s    0.0037     0.0%     0.0%    23.6%        8%/5%/87%    0.000    0.678   100.0%     0.0%   2.9601   0.0035     1.2%
  [MA20] reward=0.0024 task_sr=17.8% miss=76.5% time_limit=0.0% v2v=76.7%
  [RWRD] r_prog=0.0721 r_term=-0.0352 r_illegal=0.0000
  [PPO ] p_loss=0.0081 v_loss=0.6752 entropy=2.9601 grad=5.1374 active=100.0%
  [SIM ] avg_power(a)=0.4956 rsu_q=0.241 tx=98 no_tx=9 deadlock=0 svc=0.000GHz idle=0.0%

    Ep    Wall    R/step     T_SR     V_SR     S_SR            L/R/V   Lat(s)       En     Miss      Ill      Ent       KL     Clip
--------------------------------------------------------------------------------------------------------------------------------
   781     4.9s    0.0058    80.0%    80.0%    90.1%      19%/13%/68%    1.209    0.208    20.0%     0.0%   2.1383  -0.0004     1.2%
  [LateGuard] restore best_model at ep781 (drop=0.239, freeze=False)
   782     5.5s    0.0029    45.0%    45.0%    81.4%       8%/14%/78%    1.266    0.391    50.0%     0.0%   2.3902   0.0138     1.5%
   783    10.9s    0.0037     5.0%     5.0%    46.7%       12%/8%/80%    2.195    0.458    90.0%     0.0%   2.1939   0.0006     1.9%
   784    14.4s    0.0042    15.0%    15.0%    52.7%      12%/19%/69%    1.636    0.473    80.0%     0.0%   2.4635   0.0038     2.4%
   785    18.4s    0.0025     5.0%     5.0%    40.8%      14%/14%/72%    3.355    0.525    95.0%     0.0%   2.2119   0.0025     2.0%
   786     9.5s    0.0036    15.0%    15.0%    52.0%      11%/16%/73%    1.843    0.433    80.0%     0.0%   2.0778   0.0030     1.7%
   787    11.8s    0.0025     5.0%     5.0%    51.2%      15%/10%/75%    1.923    0.512    90.0%     0.0%   2.2016   0.0032     1.7%
   788     6.0s    0.0000    10.0%    10.0%    57.0%      13%/12%/75%    0.983    0.397    90.0%     0.0%   2.2851   0.0048     2.6%
   789    11.9s    0.0016     0.0%     0.0%    29.9%        8%/8%/84%    0.000    0.490    95.0%     0.0%   2.3803   0.0023     2.6%
   790    22.2s    0.0019     0.0%     0.0%    34.7%       11%/9%/79%    0.000    0.539    85.0%     0.0%   2.3996 1.09e-05     2.3%
  [MA20] reward=0.0027 task_sr=15.0% miss=79.8% time_limit=0.0% v2v=77.2%
  [RWRD] r_prog=0.0498 r_term=-0.0306 r_illegal=0.0000
  [PPO ] p_loss=0.0103 v_loss=0.9537 entropy=2.3996 grad=24.9490 active=100.0%
  [SIM ] avg_power(a)=0.5002 rsu_q=0.184 tx=124 no_tx=18 deadlock=0 svc=0.000GHz idle=0.0%
   791    20.0s    0.0021     5.0%     5.0%    37.5%      11%/13%/76%    2.497    0.497    85.0%     0.0%   2.2546   0.0072     1.6%
   792    39.5s    0.0017     0.0%     0.0%    25.6%       3%/10%/87%    0.000    0.628   100.0%     0.0%   2.8701   0.0043     2.4%
   793    14.4s    0.0026    10.0%    10.0%    50.5%      10%/11%/79%    2.035    0.406    85.0%     0.0%   2.4424   0.0065     2.0%
   794     4.4s    0.0044    60.0%    60.0%    78.8%       9%/13%/77%    1.294    0.215    25.0%     0.0%   2.1935   0.0069     1.8%
   795    19.1s    0.0011     5.0%     5.0%    39.5%      15%/10%/75%    2.710    0.419    80.0%     0.0%   2.2986   0.0102     1.8%
   796    22.0s    0.0032     0.0%     0.0%    46.2%      13%/14%/73%    0.000    0.613    95.0%     0.0%   2.3350  -0.0004     1.5%
   797    10.6s    0.0017     0.0%     0.0%    40.5%       9%/10%/81%    0.000    0.526   100.0%     0.0%   2.2801   0.0036     1.1%
   798    24.7s    0.0022     5.0%     5.0%    27.4%       8%/15%/77%    1.393    0.577    95.0%     0.0%   2.9154   0.0035     2.3%
   799    10.0s    0.0028     5.0%     5.0%    53.8%      11%/17%/72%    1.721    0.304    85.0%     0.0%   2.0926  -0.0011     1.7%
   800    12.7s   -0.0004     0.0%     0.0%    40.4%      13%/10%/77%    0.000    0.413   100.0%     0.0%   2.2956   0.0073     1.0%
  [MA20] reward=0.0025 task_sr=13.5% miss=81.2% time_limit=0.0% v2v=76.3%
  [RWRD] r_prog=0.0341 r_term=-0.0377 r_illegal=0.0000
  [PPO ] p_loss=0.0076 v_loss=0.8553 entropy=2.2956 grad=26.4382 active=100.0%
  [SIM ] avg_power(a)=0.5017 rsu_q=0.148 tx=110 no_tx=17 deadlock=0 svc=0.000GHz idle=0.0%
  [Checkpoint] saved: ep0800.pth

    Ep    Wall    R/step     T_SR     V_SR     S_SR            L/R/V   Lat(s)       En     Miss      Ill      Ent       KL     Clip
--------------------------------------------------------------------------------------------------------------------------------
   801    11.7s    0.0049    10.0%    10.0%    54.2%      14%/17%/70%    1.737    0.581    90.0%     0.0%   2.2087   0.0031     1.0%
   802    11.3s    0.0029    20.0%    20.0%    51.9%      13%/19%/68%    1.640    0.406    75.0%     0.0%   2.2195   0.0028     1.0%
   803    11.5s    0.0020     5.0%     5.0%    49.8%       8%/14%/78%    2.456    0.489    95.0%     0.0%   2.4166   0.0029     1.3%
   804     6.5s   -0.0005    15.0%    15.0%    68.6%       9%/10%/80%    1.396    0.394    80.0%     0.0%   2.2155   0.0097     1.5%
   805     5.4s   -0.0000    20.0%    20.0%    67.6%       7%/11%/81%    1.000    0.364    65.0%     0.0%   2.2506   0.0050     1.3%
   806    22.5s    0.0026    15.0%    15.0%    49.4%      15%/19%/66%    2.778    0.489    80.0%     0.0%   2.3465   0.0032     0.9%
   807    12.9s    0.0019     0.0%     0.0%    34.2%      10%/12%/77%    0.000    0.580    95.0%     0.0%   2.3096   0.0031     1.0%
   808    31.1s    0.0019    10.0%    10.0%    28.9%      11%/17%/72%    1.868    0.493    85.0%     0.0%   2.6631   0.0022     0.7%
   809    17.3s    0.0022     5.0%     5.0%    51.0%      16%/12%/71%    2.980    0.485    90.0%     0.0%   2.1962   0.0030     0.9%
   810    11.3s    0.0029     5.0%     5.0%    55.0%      13%/15%/72%    2.296    0.448    95.0%     0.0%   2.3170   0.0096     1.4%
  [MA20] reward=0.0021 task_sr=9.8% miss=85.0% time_limit=0.0% v2v=75.5%
  [RWRD] r_prog=0.0603 r_term=-0.0315 r_illegal=0.0000
  [PPO ] p_loss=-0.0073 v_loss=0.7758 entropy=2.3170 grad=9.0238 active=100.0%
  [SIM ] avg_power(a)=0.5031 rsu_q=0.414 tx=127 no_tx=21 deadlock=0 svc=0.000GHz idle=0.0%
   811     6.9s    0.0025    20.0%    20.0%    59.2%        7%/9%/84%    1.232    0.562    80.0%     0.0%   2.3949   0.0102     1.0%
   812    11.6s    0.0035    10.0%    10.0%    49.0%      11%/11%/77%    2.434    0.464    85.0%     0.0%   2.2927   0.0061     0.9%
   813    11.3s    0.0018     0.0%     0.0%    50.8%      12%/13%/75%    0.000    0.395    85.0%     0.0%   2.2754   0.0065     0.8%
   814     6.6s    0.0012    25.0%    25.0%    55.8%        8%/8%/84%    1.006    0.351    70.0%     0.0%   2.4750   0.0058     1.3%
   815    12.3s    0.0030     5.0%     5.0%    39.9%       8%/13%/79%    2.440    0.526    95.0%     0.0%   2.3775   0.0064     1.9%
   816     5.3s    0.0027    55.0%    55.0%    81.5%      14%/11%/74%    1.311    0.314    40.0%     0.0%   2.1743   0.0106     2.0%
   817    13.1s    0.0038    25.0%    25.0%    46.9%      13%/12%/75%    1.840    0.388    65.0%     0.0%   2.3513   0.0081     1.1%
   818     6.8s    0.0008    25.0%    25.0%    65.7%       9%/20%/70%    0.804    0.376    75.0%     0.0%   2.2560   0.0019     1.0%
   819    12.1s    0.0019     0.0%     0.0%    32.0%       12%/5%/83%    0.000    0.484   100.0%     0.0%   2.3543   0.0034     1.2%
   820    21.8s    0.0053    10.0%    10.0%    28.2%        8%/8%/84%    1.253    0.580    90.0%     0.0%   2.8280   0.0065     1.1%
  [MA20] reward=0.0024 task_sr=14.0% miss=81.8% time_limit=0.0% v2v=76.2%
  [RWRD] r_prog=0.0805 r_term=-0.0275 r_illegal=0.0000
  [PPO ] p_loss=-0.0018 v_loss=0.7976 entropy=2.8280 grad=13.4068 active=100.0%
  [SIM ] avg_power(a)=0.5226 rsu_q=0.286 tx=109 no_tx=10 deadlock=0 svc=0.000GHz idle=0.0%

    Ep    Wall    R/step     T_SR     V_SR     S_SR            L/R/V   Lat(s)       En     Miss      Ill      Ent       KL     Clip
--------------------------------------------------------------------------------------------------------------------------------
   821    21.0s    0.0014     0.0%     0.0%    38.1%        9%/9%/82%    0.000    0.507    95.0%     0.0%   2.3030   0.0050     1.8%
   822    11.6s    0.0028     0.0%     0.0%    39.2%       11%/8%/81%    0.000    0.524    95.0%     0.0%   2.2658   0.0093     1.5%
   823    20.9s    0.0012     5.0%     5.0%    32.4%        8%/9%/83%    1.527    0.473    95.0%     0.0%   2.8784   0.0073     1.9%
   824     5.4s    0.0024    40.0%    40.0%    75.4%      14%/10%/75%    1.151    0.327    50.0%     0.0%   2.2714   0.0037     1.5%
   825    10.4s    0.0030     0.0%     0.0%    53.9%       7%/14%/79%    0.000    0.398    95.0%     0.0%   2.3497   0.0036     2.0%
   826     4.7s    0.0040    50.0%    50.0%    76.8%       8%/10%/81%    0.986    0.337    45.0%     0.0%   2.2118   0.0030     1.6%
   827     5.1s    0.0003    20.0%    20.0%    62.9%       5%/16%/79%    0.770    0.366    70.0%     0.0%   2.1737   0.0065     1.0%
   828     9.0s   -0.0000    10.0%    10.0%    47.2%        7%/5%/89%    1.258    0.364    90.0%     0.0%   2.7237   0.0122     1.3%
   829    15.6s    0.0049    15.0%    15.0%    36.0%      11%/13%/76%    1.996    0.531    85.0%     0.0%   2.5180  -0.0006     1.3%
   830    12.5s    0.0011    10.0%    10.0%    52.2%      12%/20%/68%    1.654    0.451    85.0%     0.0%   2.3316   0.0048     1.1%
  [MA20] reward=0.0024 task_sr=16.2% miss=79.5% time_limit=0.0% v2v=79.0%
  [RWRD] r_prog=0.0400 r_term=-0.0287 r_illegal=0.0000
  [PPO ] p_loss=-0.0094 v_loss=0.7802 entropy=2.3316 grad=7.1739 active=100.0%
  [SIM ] avg_power(a)=0.4938 rsu_q=0.517 tx=122 no_tx=19 deadlock=0 svc=0.000GHz idle=0.0%
   831    11.0s    0.0010     0.0%     0.0%    42.0%      12%/10%/78%    0.000    0.487    80.0%     0.0%   2.3660   0.0020     1.0%
   832    22.4s    0.0025     5.0%     5.0%    36.1%       7%/21%/72%    1.447    0.495    95.0%     0.0%   2.7760   0.0059     0.8%
   833    21.6s    0.0022     5.0%     5.0%    38.5%      13%/10%/77%    3.031    0.472    95.0%     0.0%   2.2221   0.0052     1.2%
   834    13.7s    0.0040    40.0%    40.0%    61.3%      12%/27%/62%    1.919    0.291    60.0%     0.0%   2.0812   0.0031     1.3%
   835    10.1s    0.0019    20.0%    20.0%    72.6%      13%/17%/71%    1.562    0.301    75.0%     0.0%   2.1414   0.0100     1.1%
   836    12.2s    0.0012     5.0%     5.0%    48.9%       6%/13%/81%    0.811    0.510    95.0%     0.0%   2.9057   0.0052     1.9%
   837     8.4s    0.0036    10.0%    10.0%    46.4%        8%/7%/85%    0.823    0.503    90.0%     0.0%   2.3819   0.0025     1.2%
   838    11.3s    0.0033     0.0%     0.0%    43.0%      10%/12%/78%    0.000    0.624   100.0%     0.0%   2.4465   0.0033     1.6%
   839    12.0s    0.0000    15.0%    15.0%    50.0%       7%/12%/82%    1.286    0.434    85.0%     0.0%   2.8710   0.0049     1.3%
   840    11.8s    0.0028     5.0%     5.0%    55.9%      10%/13%/77%    1.643    0.456    90.0%     0.0%   2.3401   0.0057     1.3%
  [MA20] reward=0.0022 task_sr=12.8% miss=83.5% time_limit=0.0% v2v=77.8%
  [RWRD] r_prog=0.0611 r_term=-0.0329 r_illegal=0.0000
  [PPO ] p_loss=-0.0017 v_loss=0.7500 entropy=2.3401 grad=19.3558 active=100.0%
  [SIM ] avg_power(a)=0.4698 rsu_q=0.103 tx=127 no_tx=16 deadlock=0 svc=0.000GHz idle=0.0%

    Ep    Wall    R/step     T_SR     V_SR     S_SR            L/R/V   Lat(s)       En     Miss      Ill      Ent       KL     Clip
--------------------------------------------------------------------------------------------------------------------------------
   841    11.7s    0.0002     5.0%     5.0%    41.5%       7%/16%/78%    1.927    0.465    70.0%     0.0%   2.4688   0.0025     1.4%
   842     4.9s    0.0025    40.0%    40.0%    80.5%       18%/8%/73%    1.183    0.350    60.0%     0.0%   2.1464   0.0021     0.8%
   843    14.2s    0.0024     5.0%     5.0%    45.4%      10%/17%/74%    1.709    0.493    85.0%     0.0%   2.4626   0.0051     1.6%
   844    11.9s    0.0008     5.0%     5.0%    39.7%       7%/16%/77%    0.806    0.466    95.0%     0.0%   2.8955   0.0092     0.7%
   845     5.6s   -0.0001    15.0%    15.0%    58.9%       9%/10%/81%    0.666    0.478    85.0%     0.0%   2.3898   0.0035     0.6%
  [LateGuard] restore best_model at ep845 (drop=0.245, freeze=False)
   846     5.4s    0.0012    15.0%    15.0%    59.7%      15%/13%/72%    1.050    0.390    75.0%     0.0%   2.1386   0.0056     2.0%
   847    19.7s    0.0019    10.0%    10.0%    35.9%      16%/10%/73%    2.876    0.404    85.0%     0.0%   2.2028   0.0074     1.9%
   848    23.3s    0.0036     0.0%     0.0%    26.3%        2%/8%/90%    0.000    0.455   100.0%     0.0%   3.0728   0.0041     3.2%
   849    15.2s    0.0030     5.0%     5.0%    32.3%      16%/13%/71%    1.192    0.503    95.0%     0.0%   2.5582   0.0057     2.1%
   850    12.6s    0.0026    10.0%    10.0%    37.2%       14%/5%/81%    1.719    0.589    90.0%     0.0%   2.2759   0.0026     2.5%
  [MA20] reward=0.0020 task_sr=10.8% miss=85.2% time_limit=0.0% v2v=76.7%
  [RWRD] r_prog=0.0535 r_term=-0.0270 r_illegal=0.0000
  [PPO ] p_loss=0.0033 v_loss=0.7376 entropy=2.2759 grad=13.4795 active=100.0%
  [SIM ] avg_power(a)=0.5171 rsu_q=0.000 tx=110 no_tx=19 deadlock=0 svc=0.000GHz idle=0.0%
   851    24.0s    0.0044     5.0%     5.0%    38.1%       12%/8%/80%    2.466    0.639    95.0%     0.0%   2.5825   0.0095     1.7%
   852    33.9s    0.0025     0.0%     0.0%    19.0%        5%/8%/87%    0.000    0.701   100.0%     0.0%   2.9546   0.0046     2.1%
   853    36.9s    0.0033     5.0%     5.0%    22.9%       14%/9%/76%    2.315    0.562    95.0%     0.0%   2.8826   0.0014     1.8%
   854    11.8s    0.0022     0.0%     0.0%    47.8%       8%/11%/81%    0.000    0.452    90.0%     0.0%   2.4228   0.0066     1.8%
   855    12.6s    0.0018     0.0%     0.0%    34.6%       12%/8%/80%    0.000    0.530   100.0%     0.0%   2.3226   0.0058     1.1%
   856     7.1s    0.0019    10.0%    10.0%    49.2%       11%/9%/81%    1.320    0.509    90.0%     0.0%   2.4358   0.0081     1.6%
   857    14.0s    0.0034     0.0%     0.0%    40.7%      11%/10%/79%    0.000    0.470    90.0%     0.0%   2.3527   0.0085     1.0%
   858    16.0s    0.0026    10.0%    10.0%    34.6%      11%/15%/73%    1.996    0.551    85.0%     0.0%   2.5478   0.0049     1.7%
   859    12.6s    0.0021     0.0%     0.0%    54.4%      11%/18%/71%    2.337    0.444   100.0%     0.0%   2.2546   0.0053     1.0%
   860    12.1s    0.0031    15.0%    15.0%    69.4%      15%/14%/71%    1.944    0.400    80.0%     0.0%   2.1396  -0.0008     1.0%
  [MA20] reward=0.0023 task_sr=7.8% miss=88.2% time_limit=0.0% v2v=77.5%
  [RWRD] r_prog=0.0561 r_term=-0.0252 r_illegal=0.0000
  [PPO ] p_loss=-0.0027 v_loss=0.7754 entropy=2.1396 grad=8.8821 active=100.0%
  [SIM ] avg_power(a)=0.5142 rsu_q=0.138 tx=136 no_tx=26 deadlock=0 svc=0.000GHz idle=0.0%
  [LateGuard] restore best_model at ep860 (drop=0.282, freeze=False)

    Ep    Wall    R/step     T_SR     V_SR     S_SR            L/R/V   Lat(s)       En     Miss      Ill      Ent       KL     Clip
--------------------------------------------------------------------------------------------------------------------------------
   861     5.0s   -0.0011    20.0%    20.0%    56.3%      13%/17%/71%    1.071    0.372    65.0%     0.0%   2.1112   0.0011     1.5%
   862    11.2s    0.0022     0.0%     0.0%    50.5%       9%/10%/81%    0.000    0.519   100.0%     0.0%   2.3044   0.0044     1.6%
   863     6.3s    0.0006    25.0%    25.0%    65.6%      17%/12%/71%    1.577    0.491    75.0%     0.0%   2.3503   0.0101     1.5%
   864     5.4s    0.0031    55.0%    55.0%    84.6%       11%/9%/81%    1.231    0.284    30.0%     0.0%   2.2793  -0.0029     2.2%
   865    13.0s    0.0029    10.0%    10.0%    47.2%      10%/12%/78%    2.461    0.548    90.0%     0.0%   2.4910   0.0005     2.0%
   866     6.0s   -0.0007    20.0%    20.0%    72.7%      15%/13%/73%    1.266    0.289    75.0%     0.0%   2.1602   0.0075     1.7%
   867    24.4s    0.0032     5.0%     5.0%    31.0%       4%/12%/83%    1.463    0.615    95.0%     0.0%   2.9070   0.0039     1.9%
   868    11.3s    0.0010     5.0%     5.0%    41.7%      16%/12%/72%    2.805    0.497    90.0%     0.0%   2.1679   0.0047     1.6%
   869     4.8s    0.0058    80.0%    80.0%    93.4%      12%/16%/72%    1.283    0.224    10.0%     0.0%   2.2134   0.0080     1.7%
   870     5.4s   -0.0006    30.0%    30.0%    67.7%      11%/11%/77%    1.154    0.320    45.0%     0.0%   2.2119   0.0057     1.9%
  [MA20] reward=0.0022 task_sr=14.8% miss=80.0% time_limit=0.0% v2v=76.9%
  [RWRD] r_prog=0.0174 r_term=-0.0232 r_illegal=0.0000
  [PPO ] p_loss=-0.0141 v_loss=1.1294 entropy=2.2119 grad=20.2159 active=100.0%
  [SIM ] avg_power(a)=0.5065 rsu_q=0.391 tx=92 no_tx=15 deadlock=0 svc=0.000GHz idle=0.0%
   871    12.9s    0.0037     0.0%     0.0%    50.3%       11%/6%/83%    0.000    0.580    95.0%     0.0%   2.4038   0.0050     1.8%
   872    37.4s    0.0018     0.0%     0.0%    11.7%        3%/8%/89%    0.000    0.653   100.0%     0.0%   2.9732   0.0047     1.3%
   873    11.3s    0.0026     0.0%     0.0%    45.8%       12%/8%/81%    0.000    0.594   100.0%     0.0%   2.3270   0.0081     1.4%
   874    23.6s    0.0022     5.0%     5.0%    39.0%      12%/12%/77%    2.941    0.489    95.0%     0.0%   2.3310   0.0048     1.2%
   875    12.2s    0.0028     0.0%     0.0%    35.3%        8%/8%/84%    0.000    0.517   100.0%     0.0%   2.4279   0.0018     1.4%
  [LateGuard] restore best_model at ep875 (drop=0.239, freeze=False)
   876     5.9s    0.0018    35.0%    35.0%    62.3%      12%/11%/77%    1.172    0.279    60.0%     0.0%   2.2396   0.0047     1.6%
   877    11.7s    0.0030     5.0%     5.0%    43.2%       7%/12%/80%    2.271    0.659    95.0%     0.0%   2.3257   0.0095     2.1%
   878    10.4s    0.0005    10.0%    10.0%    60.9%      19%/17%/65%    1.600    0.402    85.0%     0.0%   2.0580   0.0034     2.3%
   879    11.7s    0.0023     0.0%     0.0%    43.8%       9%/11%/80%    0.000    0.590   100.0%     0.0%   2.4009   0.0009     2.6%
   880    21.3s    0.0023     5.0%     5.0%    43.0%      11%/15%/74%    1.859    0.554    85.0%     0.0%   2.2338   0.0087     2.1%
  [MA20] reward=0.0020 task_sr=15.5% miss=79.5% time_limit=0.0% v2v=77.5%
  [RWRD] r_prog=0.0490 r_term=-0.0261 r_illegal=0.0000
  [PPO ] p_loss=-0.0008 v_loss=0.7028 entropy=2.2338 grad=6.1576 active=100.0%
  [SIM ] avg_power(a)=0.5140 rsu_q=0.105 tx=138 no_tx=21 deadlock=0 svc=0.000GHz idle=0.0%

    Ep    Wall    R/step     T_SR     V_SR     S_SR            L/R/V   Lat(s)       En     Miss      Ill      Ent       KL     Clip
--------------------------------------------------------------------------------------------------------------------------------
   881    10.3s    0.0025     0.0%     0.0%    47.5%      11%/13%/76%    0.000    0.447    90.0%     0.0%   2.1395   0.0054     2.4%
   882    12.7s    0.0024     5.0%     5.0%    52.7%      13%/14%/73%    2.435    0.436    95.0%     0.0%   2.2706   0.0032     2.1%
   883    18.3s    0.0024    15.0%    15.0%    36.0%      13%/17%/70%    2.258    0.392    85.0%     0.0%   2.4883   0.0076     2.0%
   884    12.2s    0.0022     0.0%     0.0%    49.5%       8%/11%/81%    0.000    0.423    95.0%     0.0%   2.2436   0.0052     2.0%
   885    13.9s    0.0031    10.0%    10.0%    43.8%      13%/19%/68%    1.424    0.435    75.0%     0.0%   2.4668   0.0096     2.3%
   886    11.3s    0.0022     0.0%     0.0%    46.6%       13%/9%/78%    0.000    0.441    90.0%     0.0%   2.2087   0.0041     2.5%
   887    12.2s    0.0021     0.0%     0.0%    43.7%       9%/12%/79%    0.000    0.528   100.0%     0.0%   2.4063  -0.0011     2.4%
   888     9.6s    0.0032     0.0%     0.0%    52.6%      16%/11%/72%    0.000    0.558    95.0%     0.0%   2.0888   0.0046     1.7%
   889    11.8s    0.0012     5.0%     5.0%    40.8%       7%/14%/79%    1.105    0.415    95.0%     0.0%   2.3004   0.0090     1.8%
   890    15.3s    0.0032    10.0%    10.0%    39.7%      14%/12%/74%    3.011    0.535    75.0%     0.0%   2.2606  -0.0008     2.2%
  [MA20] reward=0.0024 task_sr=5.3% miss=90.5% time_limit=0.0% v2v=77.1%
  [RWRD] r_prog=0.0598 r_term=-0.0273 r_illegal=0.0000
  [PPO ] p_loss=-0.0191 v_loss=0.8127 entropy=2.2606 grad=18.3889 active=100.0%
  [SIM ] avg_power(a)=0.4989 rsu_q=0.143 tx=124 no_tx=22 deadlock=0 svc=0.000GHz idle=0.0%
  [LateGuard] restore best_model at ep890 (drop=0.374, freeze=False)
   891    13.1s    0.0025     5.0%     5.0%    31.9%       16%/6%/79%    2.054    0.467    90.0%     0.0%   2.3636   0.0036     2.2%
   892    27.7s    0.0025    20.0%    20.0%    38.3%      14%/16%/70%    2.430    0.470    80.0%     0.0%   2.3813   0.0036     1.7%
   893     6.6s   -0.0002     0.0%     0.0%    57.7%        8%/5%/87%    0.000    0.580   100.0%     0.0%   2.4058   0.0047     1.5%
   894    12.7s    0.0037     5.0%     5.0%    49.5%       8%/12%/80%    1.961    0.568    95.0%     0.0%   2.3909   0.0034     1.4%
   895    12.2s    0.0044     5.0%     5.0%    50.0%      10%/14%/76%    2.266    0.555    95.0%     0.0%   2.2988   0.0094     1.7%
   896    10.9s    0.0029     5.0%     5.0%    50.8%      11%/14%/75%    1.457    0.391    85.0%     0.0%   2.2785   0.0047     1.2%
   897    12.4s    0.0038    15.0%    15.0%    56.9%      12%/14%/74%    2.145    0.416    85.0%     0.0%   2.1837   0.0086     1.1%
   898    17.6s    0.0021     5.0%     5.0%    33.6%      11%/16%/73%    2.085    0.502    85.0%     0.0%   2.2710   0.0042     1.5%
   899    10.7s    0.0028     5.0%     5.0%    49.0%      15%/12%/73%    1.768    0.458    90.0%     0.0%   2.1842   0.0042     1.5%
   900    19.2s    0.0033    25.0%    25.0%    57.3%      14%/22%/63%    2.762    0.426    75.0%     0.0%   2.1726   0.0067     1.7%
  [MA20] reward=0.0026 task_sr=6.8% miss=88.7% time_limit=0.0% v2v=75.1%
  [RWRD] r_prog=0.0454 r_term=-0.0125 r_illegal=0.0000
  [PPO ] p_loss=0.0100 v_loss=0.8313 entropy=2.1726 grad=21.5191 active=100.0%
  [SIM ] avg_power(a)=0.5079 rsu_q=0.447 tx=154 no_tx=29 deadlock=0 svc=0.000GHz idle=0.0%
  [Checkpoint] saved: ep0900.pth

    Ep    Wall    R/step     T_SR     V_SR     S_SR            L/R/V   Lat(s)       En     Miss      Ill      Ent       KL     Clip
--------------------------------------------------------------------------------------------------------------------------------
   901    38.9s    0.0017     0.0%     0.0%    13.3%        6%/6%/89%    0.000    0.551   100.0%     0.0%   2.9076   0.0073     1.2%
   902    12.4s    0.0019     0.0%     0.0%    40.5%      12%/10%/78%    0.000    0.449    85.0%     0.0%   2.3092   0.0066     0.9%
   903    33.9s    0.0032     0.0%     0.0%    20.1%        8%/9%/83%    0.000    0.613   100.0%     0.0%   2.8542   0.0062     1.4%
   904    12.2s    0.0013     0.0%     0.0%    47.6%      11%/12%/76%    2.794    0.527   100.0%     0.0%   2.3387   0.0063     0.9%
   905    18.0s    0.0020     5.0%     5.0%    49.8%      11%/16%/72%    3.265    0.410    90.0%     0.0%   2.1106   0.0052     0.8%
  [LateGuard] restore best_model at ep905 (drop=0.405, freeze=False)
   906    17.6s    0.0025     0.0%     0.0%    43.3%      16%/11%/73%    0.000    0.548    95.0%     0.0%   2.1047   0.0104     1.7%
   907    10.9s    0.0026     5.0%     5.0%    53.5%      11%/16%/74%    2.069    0.439    95.0%     0.0%   2.2493   0.0035     1.5%
   908     5.8s   -0.0000    30.0%    30.0%    61.4%      12%/10%/79%    0.907    0.278    70.0%     0.0%   2.3241   0.0085     2.0%
   909    18.7s    0.0029     0.0%     0.0%    52.0%      11%/12%/78%    0.000    0.517    90.0%     0.0%   2.2038   0.0060     2.0%
   910    11.1s    0.0028     0.0%     0.0%    45.3%      13%/13%/74%    0.000    0.487    90.0%     0.0%   2.1286   0.0066     1.2%
  [MA20] reward=0.0024 task_sr=6.5% miss=89.7% time_limit=0.0% v2v=76.3%
  [RWRD] r_prog=0.0661 r_term=-0.0385 r_illegal=0.0000
  [PPO ] p_loss=-0.0053 v_loss=0.6294 entropy=2.1286 grad=12.3096 active=100.0%
  [SIM ] avg_power(a)=0.5110 rsu_q=0.379 tx=111 no_tx=19 deadlock=0 svc=0.000GHz idle=0.0%
   911    12.6s    0.0034     0.0%     0.0%    49.0%       9%/10%/81%    0.000    0.554    95.0%     0.0%   2.4058   0.0056     1.6%
   912    20.0s    0.0018     0.0%     0.0%    22.6%       11%/7%/81%    0.000    0.494    85.0%     0.0%   2.3516   0.0091     1.5%
   913     9.9s    0.0017    10.0%    10.0%    40.2%        8%/8%/84%    0.719    0.529    90.0%     0.0%   2.8478   0.0051     1.9%
   914    12.2s    0.0046     0.0%     0.0%    39.2%        6%/6%/88%    0.000    0.691   100.0%     0.0%   2.4246   0.0007     2.0%
   915    12.8s    0.0009     0.0%     0.0%    32.1%       3%/10%/86%    0.000    0.581   100.0%     0.0%   2.9525   0.0106     1.5%
   916    20.2s    0.0019     0.0%     0.0%    36.7%       9%/15%/76%    0.000    0.535    90.0%     0.0%   2.2882   0.0006     1.1%
   917     5.8s    0.0033    45.0%    45.0%    68.3%       13%/9%/78%    1.097    0.287    55.0%     0.0%   2.1881   0.0013     1.2%
   918    11.3s    0.0026    15.0%    15.0%    52.3%      12%/15%/73%    1.929    0.357    70.0%     0.0%   2.3060   0.0056     1.2%
   919    19.5s    0.0023     0.0%     0.0%    38.0%       9%/13%/78%    0.000    0.560   100.0%     0.0%   2.3008   0.0018     1.4%
   920    10.9s    0.0020     5.0%     5.0%    58.5%      11%/12%/76%    2.009    0.467    90.0%     0.0%   2.2056   0.0080     0.9%
  [MA20] reward=0.0023 task_sr=5.8% miss=89.5% time_limit=0.0% v2v=78.9%
  [RWRD] r_prog=0.0540 r_term=-0.0342 r_illegal=0.0000
  [PPO ] p_loss=-0.0035 v_loss=0.7001 entropy=2.2056 grad=3.1587 active=100.0%
  [SIM ] avg_power(a)=0.5133 rsu_q=0.393 tx=135 no_tx=20 deadlock=0 svc=0.000GHz idle=0.0%
  [LateGuard] restore best_model at ep920 (drop=0.620, freeze=False)

    Ep    Wall    R/step     T_SR     V_SR     S_SR            L/R/V   Lat(s)       En     Miss      Ill      Ent       KL     Clip
--------------------------------------------------------------------------------------------------------------------------------
   921    11.2s    0.0015     0.0%     0.0%    41.6%       11%/9%/79%    0.000    0.503    95.0%     0.0%   2.3189   0.0045     1.8%
   922     5.2s    0.0049    60.0%    60.0%    89.9%       23%/9%/68%    1.409    0.340    40.0%     0.0%   2.1659   0.0079     1.6%
   923     9.9s    0.0027    10.0%    10.0%    56.7%      17%/15%/69%    2.387    0.383    80.0%     0.0%   2.0952   0.0091     1.9%
   924    15.2s    0.0030     0.0%     0.0%    47.3%       8%/10%/82%    0.000    0.605    85.0%     0.0%   2.6411   0.0105     2.1%
   925     6.4s    0.0005    10.0%    10.0%    56.2%       13%/8%/79%    1.152    0.510    90.0%     0.0%   2.3879   0.0072     2.5%
   926     5.8s    0.0038    35.0%    35.0%    71.3%      11%/10%/79%    1.324    0.404    65.0%     0.0%   2.2539   0.0035     2.0%
   927     6.0s    0.0012    40.0%    40.0%    79.1%       7%/11%/82%    1.351    0.320    60.0%     0.0%   2.2320   0.0073     3.4%
   928    15.4s    0.0012     5.0%     5.0%    33.0%      10%/16%/74%    1.049    0.497    90.0%     0.0%   2.4954   0.0062     3.0%
   929    19.4s    0.0028     0.0%     0.0%    35.5%      10%/14%/75%    0.000    0.495    95.0%     0.0%   2.1818   0.0069     3.2%
   930    22.3s    0.0042     5.0%     5.0%    30.0%      11%/12%/77%    1.668    0.529    95.0%     0.0%   2.9197   0.0051     3.2%
  [MA20] reward=0.0025 task_sr=12.0% miss=83.5% time_limit=0.0% v2v=78.3%
  [RWRD] r_prog=0.0733 r_term=-0.0310 r_illegal=0.0000
  [PPO ] p_loss=0.0076 v_loss=0.6419 entropy=2.9197 grad=5.6611 active=100.0%
  [SIM ] avg_power(a)=0.5169 rsu_q=0.379 tx=97 no_tx=13 deadlock=0 svc=0.000GHz idle=0.0%
   931    23.8s    0.0026     5.0%     5.0%    33.7%       9%/12%/80%    2.470    0.561    85.0%     0.0%   2.5730   0.0078     2.2%
   932    20.8s    0.0025     5.0%     5.0%    45.6%      12%/13%/75%    3.050    0.368    80.0%     0.0%   2.2363   0.0050     2.1%
   933    11.8s    0.0043    10.0%    10.0%    49.0%      12%/13%/76%    1.810    0.477    90.0%     0.0%   2.4030  -0.0003     2.2%
   934    12.7s    0.0026    20.0%    20.0%    56.3%      13%/12%/75%    1.844    0.402    75.0%     0.0%   2.4227   0.0084     2.0%
   935    20.5s    0.0015     0.0%     0.0%    37.4%       9%/18%/74%    0.000    0.452   100.0%     0.0%   2.2876   0.0054     2.5%
  [LateGuard] restore best_model at ep935 (drop=0.479, freeze=False)
   936     5.7s    0.0004    20.0%    20.0%    72.4%      11%/13%/76%    1.066    0.484    75.0%     0.0%   2.2857   0.0065     1.8%
   937    23.6s    0.0047     0.0%     0.0%    28.2%        5%/5%/90%    0.000    0.522   100.0%     0.0%   3.0663   0.0066     2.2%
   938    11.5s    0.0045    15.0%    15.0%    53.2%      13%/14%/73%    2.041    0.465    85.0%     0.0%   2.3156   0.0018     2.1%
   939    10.5s    0.0033    10.0%    10.0%    62.6%      18%/14%/69%    1.568    0.460    80.0%     0.0%   2.1651   0.0053     1.3%
   940    17.4s    0.0024    10.0%    10.0%    38.4%      15%/10%/75%    2.059    0.535    80.0%     0.0%   2.6314   0.0045     2.2%
  [MA20] reward=0.0027 task_sr=13.0% miss=82.2% time_limit=0.0% v2v=76.3%
  [RWRD] r_prog=0.0548 r_term=-0.0307 r_illegal=0.0000
  [PPO ] p_loss=-0.0089 v_loss=0.9503 entropy=2.6314 grad=27.3434 active=100.0%
  [SIM ] avg_power(a)=0.5160 rsu_q=0.276 tx=102 no_tx=21 deadlock=0 svc=0.000GHz idle=0.0%

    Ep    Wall    R/step     T_SR     V_SR     S_SR            L/R/V   Lat(s)       En     Miss      Ill      Ent       KL     Clip
--------------------------------------------------------------------------------------------------------------------------------
   941     6.3s    0.0001    10.0%    10.0%    48.4%       5%/10%/84%    0.667    0.508    90.0%     0.0%   2.3927   0.0057     1.9%
   942     7.2s   -0.0009     0.0%     0.0%    47.4%       11%/8%/81%    0.000    0.514   100.0%     0.0%   2.3156  -0.0036     2.4%
   943     5.2s    0.0008    25.0%    25.0%    77.5%      11%/12%/77%    0.963    0.300    75.0%     0.0%   2.1879   0.0012     1.5%
   944     9.4s    0.0018     0.0%     0.0%    58.3%      15%/13%/72%    0.000    0.464   100.0%     0.0%   2.1793   0.0119     1.5%
   945    10.9s    0.0026     0.0%     0.0%    59.3%       7%/14%/80%    0.000    0.424    95.0%     0.0%   2.2858   0.0117     1.2%
   946    11.8s    0.0009     5.0%     5.0%    42.4%      11%/13%/76%    2.302    0.508    95.0%     0.0%   2.3907   0.0050     2.0%
   947    11.2s    0.0025    15.0%    15.0%    61.9%       9%/17%/74%    1.979    0.411    80.0%     0.0%   2.3736   0.0038     1.8%
   948    20.5s    0.0044    10.0%    10.0%    34.9%      11%/14%/75%    2.180    0.536    90.0%     0.0%   2.7922   0.0051     1.6%
   949    16.2s    0.0022    15.0%    15.0%    47.4%      14%/14%/72%    2.341    0.496    80.0%     0.0%   2.1748   0.0054     1.4%
   950     5.9s    0.0004    10.0%    10.0%    58.6%      11%/11%/78%    1.007    0.377    85.0%     0.0%   2.1969   0.0002     1.6%
  [MA20] reward=0.0022 task_sr=9.2% miss=87.0% time_limit=0.0% v2v=76.6%
  [RWRD] r_prog=0.0381 r_term=-0.0338 r_illegal=0.0000
  [PPO ] p_loss=-0.0168 v_loss=0.9227 entropy=2.1969 grad=22.9096 active=100.0%
  [SIM ] avg_power(a)=0.5061 rsu_q=0.000 tx=84 no_tx=12 deadlock=0 svc=0.000GHz idle=0.0%
  [LateGuard] restore best_model at ep950 (drop=0.429, freeze=False)
   951     6.8s    0.0034    30.0%    30.0%    51.6%       10%/3%/87%    0.976    0.489    70.0%     0.0%   2.4678   0.0086     1.2%
   952     5.7s    0.0043    45.0%    45.0%    79.7%      14%/11%/75%    1.460    0.359    50.0%     0.0%   2.0851   0.0066     1.6%
   953    12.1s    0.0020    10.0%    10.0%    39.5%      11%/10%/79%    2.053    0.483    90.0%     0.0%   2.4649   0.0007     2.0%
   954    20.7s    0.0038    10.0%    10.0%    35.8%      10%/13%/78%    1.494    0.459    85.0%     0.0%   2.8713   0.0088     2.0%
   955     5.4s    0.0009    20.0%    20.0%    60.8%      11%/11%/78%    0.835    0.378    75.0%     0.0%   2.2329   0.0140     1.2%
   956    13.2s    0.0042     5.0%     5.0%    42.1%      14%/11%/75%    1.815    0.483    90.0%     0.0%   2.2581   0.0056     1.6%
   957    18.9s    0.0018     0.0%     0.0%    35.2%      10%/13%/77%    0.000    0.440   100.0%     0.0%   2.2826   0.0058     1.4%
   958    24.4s    0.0053     0.0%     0.0%    40.2%      13%/13%/75%    0.000    0.563    95.0%     0.0%   2.3383   0.0071     1.6%
   959    10.5s    0.0028    10.0%    10.0%    60.5%      12%/13%/74%    2.599    0.293    70.0%     0.0%   2.1928   0.0071     1.4%
   960    12.8s    0.0014     0.0%     0.0%    37.6%      11%/13%/76%    0.000    0.521   100.0%     0.0%   2.2755   0.0063     1.4%
  [MA20] reward=0.0022 task_sr=11.0% miss=85.8% time_limit=0.0% v2v=77.1%
  [RWRD] r_prog=0.0472 r_term=-0.0328 r_illegal=0.0000
  [PPO ] p_loss=-0.0132 v_loss=0.7848 entropy=2.2755 grad=4.6391 active=100.0%
  [SIM ] avg_power(a)=0.5050 rsu_q=0.323 tx=103 no_tx=14 deadlock=0 svc=0.000GHz idle=0.0%

    Ep    Wall    R/step     T_SR     V_SR     S_SR            L/R/V   Lat(s)       En     Miss      Ill      Ent       KL     Clip
--------------------------------------------------------------------------------------------------------------------------------
   961     9.4s    0.0027    10.0%    10.0%    45.5%      13%/10%/77%    0.780    0.480    90.0%     0.0%   2.7085   0.0089     2.3%
   962    10.9s    0.0028     5.0%     5.0%    49.2%      11%/12%/77%    1.359    0.561    90.0%     0.0%   2.3395   0.0036     1.3%
   963     5.8s    0.0022    45.0%    45.0%    76.7%      10%/13%/78%    1.121    0.269    45.0%     0.0%   2.2702   0.0061     1.9%
   964    10.9s    0.0034    10.0%    10.0%    52.8%      13%/14%/72%    1.651    0.358    80.0%     0.0%   2.2104   0.0074     1.6%
   965    10.3s    0.0012     0.0%     0.0%    44.6%      12%/10%/78%    0.000    0.501    85.0%     0.0%   2.2450   0.0017     1.2%
  [LateGuard] restore best_model at ep965 (drop=0.245, freeze=False)
   966    14.6s    0.0025     0.0%     0.0%    34.6%      10%/11%/79%    0.000    0.516    95.0%     0.0%   2.4575   0.0018     2.0%
   967    15.1s    0.0022     5.0%     5.0%    35.8%      13%/11%/77%    1.526    0.520    85.0%     0.0%   2.4275   0.0048     1.9%
   968    13.2s    0.0032    10.0%    10.0%    34.1%      10%/17%/74%    1.950    0.477    85.0%     0.0%   2.2274   0.0033     1.8%
   969    11.0s    0.0015     5.0%     5.0%    39.6%      13%/12%/75%    2.185    0.508    85.0%     0.0%   2.2119   0.0042     1.8%
   970    10.7s    0.0018     5.0%     5.0%    49.7%       6%/15%/79%    1.954    0.465    90.0%     0.0%   2.2217   0.0016     1.2%
  [MA20] reward=0.0027 task_sr=11.2% miss=82.7% time_limit=0.0% v2v=76.9%
  [RWRD] r_prog=0.0514 r_term=-0.0330 r_illegal=0.0000
  [PPO ] p_loss=0.0198 v_loss=0.6696 entropy=2.2217 grad=14.1897 active=100.0%
  [SIM ] avg_power(a)=0.5106 rsu_q=0.138 tx=123 no_tx=9 deadlock=0 svc=0.000GHz idle=0.0%
   971    10.7s    0.0008     5.0%     5.0%    41.4%        5%/9%/86%    1.119    0.394    95.0%     0.0%   2.7871   0.0064     1.9%
   972    10.0s    0.0034     0.0%     0.0%    46.0%      11%/11%/77%    0.000    0.628    95.0%     0.0%   2.1500   0.0025     1.8%
   973     6.8s   -0.0007     5.0%     5.0%    49.6%       11%/9%/80%    1.618    0.537    95.0%     0.0%   2.4000   0.0056     1.9%
   974     9.7s    0.0018     5.0%     5.0%    59.8%      10%/19%/71%    2.052    0.370    90.0%     0.0%   2.1078   0.0054     1.7%
   975    17.8s    0.0032     0.0%     0.0%    45.6%       9%/10%/82%    0.000    0.540   100.0%     0.0%   2.3906   0.0034     1.8%
   976     6.5s    0.0011    20.0%    20.0%    56.7%       8%/10%/83%    1.018    0.529    80.0%     0.0%   2.4304   0.0045     2.0%
   977    11.6s    0.0018    10.0%    10.0%    51.1%        9%/8%/83%    1.235    0.480    90.0%     0.0%   2.6644   0.0027     1.8%
   978    10.2s    0.0044    35.0%    35.0%    65.3%      10%/20%/71%    1.966    0.205    45.0%     0.0%   2.1474   0.0030     1.3%
   979    10.2s    0.0022    15.0%    15.0%    50.5%       9%/17%/75%    1.883    0.380    60.0%     0.0%   2.2201   0.0042     1.8%
   980    11.7s    0.0028     0.0%     0.0%    53.6%       6%/11%/84%    0.000    0.642   100.0%     0.0%   2.3552   0.0033     2.0%
  [MA20] reward=0.0022 task_sr=9.5% miss=84.0% time_limit=0.0% v2v=77.8%
  [RWRD] r_prog=0.0628 r_term=-0.0351 r_illegal=0.0000
  [PPO ] p_loss=-0.0086 v_loss=0.7945 entropy=2.3552 grad=10.0106 active=100.0%
  [SIM ] avg_power(a)=0.5268 rsu_q=0.069 tx=148 no_tx=9 deadlock=0 svc=0.000GHz idle=0.0%
  [LateGuard] restore best_model at ep980 (drop=0.380, freeze=False)

    Ep    Wall    R/step     T_SR     V_SR     S_SR            L/R/V   Lat(s)       En     Miss      Ill      Ent       KL     Clip
--------------------------------------------------------------------------------------------------------------------------------
   981    10.2s    0.0036    20.0%    20.0%    50.0%       9%/12%/79%    0.972    0.457    80.0%     0.0%   2.6433   0.0048     2.4%
   982    31.7s    0.0024     5.0%     5.0%    31.7%       8%/14%/78%    2.343    0.497    90.0%     0.0%   2.4991   0.0075     1.7%
   983    13.3s    0.0030    10.0%    10.0%    46.7%      12%/15%/73%    2.243    0.492    85.0%     0.0%   2.2365   0.0094     1.6%
   984    15.3s    0.0028     0.0%     0.0%    39.3%       7%/14%/78%    0.000    0.514   100.0%     0.0%   2.4142   0.0051     1.3%
   985    12.8s    0.0039     5.0%     5.0%    48.7%       8%/15%/76%    2.303    0.459    90.0%     0.0%   2.4572   0.0074     0.5%
   986     5.0s    0.0010    35.0%    35.0%    70.5%       8%/20%/72%    0.981    0.333    60.0%     0.0%   2.1806   0.0013     1.2%
   987     9.9s    0.0024    20.0%    20.0%    62.0%      11%/19%/71%    1.516    0.319    65.0%     0.0%   2.1759   0.0049     0.4%
   988     7.6s    0.0027    20.0%    20.0%    60.0%       18%/6%/75%    0.845    0.402    75.0%     0.0%   2.3978   0.0028     1.2%
   989    11.1s    0.0048    15.0%    15.0%    52.0%      11%/12%/77%    1.938    0.593    85.0%     0.0%   2.2763   0.0072     0.5%
   990     5.1s    0.0034    45.0%    45.0%    79.4%      15%/11%/74%    1.295    0.301    45.0%     0.0%   2.1459   0.0005     0.7%
  [MA20] reward=0.0025 task_sr=13.5% miss=81.2% time_limit=0.0% v2v=77.2%
  [RWRD] r_prog=0.0360 r_term=-0.0019 r_illegal=0.0000
  [PPO ] p_loss=-0.0176 v_loss=0.9272 entropy=2.1459 grad=5.9112 active=100.0%
  [SIM ] avg_power(a)=0.5247 rsu_q=0.000 tx=98 no_tx=21 deadlock=0 svc=0.000GHz idle=0.0%
   991     8.9s    0.0020    20.0%    20.0%    69.9%      17%/15%/68%    1.884    0.306    60.0%     0.0%   2.2561   0.0027     0.7%
   992    14.7s    0.0039    20.0%    20.0%    48.6%      12%/14%/74%    1.675    0.385    80.0%     0.0%   2.3655   0.0050     0.7%
   993    25.7s    0.0027     0.0%     0.0%    29.4%      16%/12%/73%    0.000    0.598    90.0%     0.0%   2.3514 1.37e-05     0.6%
   994    10.5s    0.0014    10.0%    10.0%    45.6%      14%/12%/74%    0.614    0.538    90.0%     0.0%   2.6642   0.0049     1.4%
   995     9.7s    0.0009    10.0%    10.0%    53.4%       8%/13%/78%    2.407    0.370    75.0%     0.0%   2.3386  -0.0010     0.8%
  [LateGuard] restore best_model at ep995 (drop=0.252, freeze=False)
   996    11.6s    0.0026     0.0%     0.0%    43.2%       12%/7%/81%    0.000    0.532   100.0%     0.0%   2.4113  -0.0003     1.9%
   997    19.6s    0.0024     0.0%     0.0%    25.1%      11%/10%/79%    0.000    0.601   100.0%     0.0%   2.3309   0.0102     1.2%
   998    17.8s    0.0029    10.0%    10.0%    28.9%      15%/11%/74%    1.569    0.553    90.0%     0.0%   2.7820   0.0072     1.6%
   999    23.4s    0.0030     0.0%     0.0%    19.1%        5%/8%/87%    0.000    0.590    95.0%     0.0%   2.3406   0.0074     1.8%
  1000     6.3s    0.0017    15.0%    15.0%    45.6%       11%/9%/80%    0.765    0.482    80.0%     0.0%   2.2979   0.0057     1.7%
  [MA20] reward=0.0027 task_sr=13.0% miss=81.7% time_limit=0.0% v2v=76.1%
  [RWRD] r_prog=0.0470 r_term=-0.0297 r_illegal=0.0000
  [PPO ] p_loss=-0.0073 v_loss=0.7772 entropy=2.2979 grad=20.8360 active=100.0%
  [SIM ] avg_power(a)=0.5087 rsu_q=0.000 tx=91 no_tx=12 deadlock=0 svc=0.000GHz idle=0.0%
  [Checkpoint] saved: ep1000.pth

    Ep    Wall    R/step     T_SR     V_SR     S_SR            L/R/V   Lat(s)       En     Miss      Ill      Ent       KL     Clip
--------------------------------------------------------------------------------------------------------------------------------
  1001    10.8s    0.0029    15.0%    15.0%    61.9%      12%/13%/75%    1.712    0.528    85.0%     0.0%   2.1672   0.0032     1.9%
  1002    17.7s    0.0021    15.0%    15.0%    34.5%      10%/17%/73%    1.704    0.407    80.0%     0.0%   2.6655   0.0093     1.7%
  1003     7.7s    0.0023    35.0%    35.0%    67.2%      11%/14%/75%    1.002    0.354    65.0%     0.0%   2.4307   0.0079     1.2%
  1004    10.4s    0.0007     5.0%     5.0%    53.2%      10%/13%/77%    1.747    0.471    80.0%     0.0%   2.2971   0.0063     2.3%
  1005     4.4s    0.0046    65.0%    65.0%    81.7%      13%/15%/72%    1.026    0.208    25.0%     0.0%   2.0886  -0.0041     1.6%
  1006    20.1s    0.0024     0.0%     0.0%    31.9%      12%/14%/75%    0.000    0.670   100.0%     0.0%   2.3892   0.0015     1.6%
  1007     8.9s    0.0034    20.0%    20.0%    59.0%       9%/16%/75%    1.741    0.285    70.0%     0.0%   2.1922   0.0018     2.0%
  1008    11.6s    0.0024    10.0%    10.0%    53.7%      14%/16%/70%    1.754    0.490    80.0%     0.0%   2.2707   0.0043     1.3%
  1009    20.4s    0.0030     0.0%     0.0%    30.1%       12%/9%/79%    0.000    0.641    95.0%     0.0%   2.3076   0.0008     1.8%
  1010    11.2s    0.0020     0.0%     0.0%    50.7%       8%/14%/78%    0.000    0.368   100.0%     0.0%   2.2423   0.0002     1.9%
  [MA20] reward=0.0025 task_sr=12.5% miss=82.0% time_limit=0.0% v2v=75.9%
  [RWRD] r_prog=0.0556 r_term=-0.0352 r_illegal=0.0000
  [PPO ] p_loss=-0.0013 v_loss=0.7211 entropy=2.2423 grad=10.5493 active=100.0%
  [SIM ] avg_power(a)=0.5119 rsu_q=0.103 tx=134 no_tx=12 deadlock=0 svc=0.000GHz idle=0.0%
  [LateGuard] restore best_model at ep1010 (drop=0.245, freeze=False)
  1011    10.9s    0.0011     0.0%     0.0%    33.0%       9%/14%/76%    0.000    0.465    85.0%     0.0%   2.3618   0.0106     2.1%
  1012    11.9s    0.0015     5.0%     5.0%    54.7%      14%/12%/74%    2.367    0.441    95.0%     0.0%   2.1984   0.0028     1.5%
  1013    18.7s    0.0046     0.0%     0.0%    41.1%       14%/8%/78%    0.000    0.600    95.0%     0.0%   2.2387   0.0047     1.6%
  1014    11.1s    0.0029    25.0%    25.0%    60.5%      12%/17%/70%    2.151    0.371    70.0%     0.0%   2.2698   0.0067     2.0%
  1015    10.9s    0.0039     5.0%     5.0%    45.0%       8%/11%/82%    1.429    0.455    80.0%     0.0%   2.2803   0.0026     2.1%
  1016    12.3s    0.0043     0.0%     0.0%    34.0%       7%/10%/83%    0.000    0.588   100.0%     0.0%   2.3872   0.0031     1.5%
  1017     5.2s   -0.0017     5.0%     5.0%    62.0%      10%/15%/75%    0.542    0.373    90.0%     0.0%   2.1739  -0.0010     1.2%
  1018    19.5s    0.0036     0.0%     0.0%    33.2%        9%/9%/82%    0.000    0.599    95.0%     0.0%   2.9867   0.0040     2.5%
  1019    13.5s    0.0015     0.0%     0.0%    51.5%      13%/11%/76%    0.000    0.462    95.0%     0.0%   2.2674   0.0099     1.0%
  1020     9.7s    0.0043    30.0%    30.0%    65.5%      16%/17%/67%    1.955    0.389    70.0%     0.0%   2.0638   0.0065     1.2%
  [MA20] reward=0.0026 task_sr=11.7% miss=82.7% time_limit=0.0% v2v=75.7%
  [RWRD] r_prog=0.0548 r_term=-0.0117 r_illegal=0.0000
  [PPO ] p_loss=0.0013 v_loss=1.1476 entropy=2.0638 grad=23.8976 active=100.0%
  [SIM ] avg_power(a)=0.4946 rsu_q=0.103 tx=129 no_tx=26 deadlock=0 svc=0.000GHz idle=0.0%

    Ep    Wall    R/step     T_SR     V_SR     S_SR            L/R/V   Lat(s)       En     Miss      Ill      Ent       KL     Clip
--------------------------------------------------------------------------------------------------------------------------------
  1021    14.4s    0.0018    10.0%    10.0%    42.7%      12%/11%/77%    2.346    0.490    80.0%     0.0%   2.2434   0.0013     0.9%
  1022    11.3s    0.0024    10.0%    10.0%    65.7%      11%/13%/76%    2.593    0.383    90.0%     0.0%   2.1210   0.0044     1.1%
  1023    20.6s    0.0050     5.0%     5.0%    33.5%      10%/14%/76%    1.417    0.615    95.0%     0.0%   2.9162   0.0096     0.9%
  1024     7.2s    0.0040    40.0%    40.0%    75.4%      16%/17%/67%    0.943    0.281    60.0%     0.0%   2.4827  -0.0014     1.8%
  1025    12.5s    0.0031    10.0%    10.0%    45.1%       9%/15%/76%    2.443    0.563    85.0%     0.0%   2.2902   0.0068     1.1%
  [LateGuard] restore best_model at ep1025 (drop=0.202, freeze=False)
  1026     6.9s    0.0007    10.0%    10.0%    55.7%      14%/14%/72%    1.140    0.482    85.0%     0.0%   2.4094   0.0041     1.3%
  1027    18.8s    0.0036     0.0%     0.0%    44.2%       8%/12%/81%    0.000    0.603    95.0%     0.0%   2.3377   0.0004     1.8%
  1028    14.2s    0.0029    10.0%    10.0%    35.1%       13%/9%/78%    1.658    0.444    80.0%     0.0%   2.4036   0.0042     2.1%
  1029     5.0s    0.0023    40.0%    40.0%    80.2%      11%/17%/72%    0.940    0.344    45.0%     0.0%   2.1448   0.0105     1.3%
  1030    12.8s    0.0008     0.0%     0.0%    43.4%      12%/14%/75%    0.000    0.517    90.0%     0.0%   2.2166   0.0075     1.4%
  [MA20] reward=0.0026 task_sr=10.2% miss=84.0% time_limit=0.0% v2v=75.7%
  [RWRD] r_prog=0.0465 r_term=-0.0386 r_illegal=0.0000
  [PPO ] p_loss=0.0025 v_loss=0.9007 entropy=2.2166 grad=16.1649 active=100.0%
  [SIM ] avg_power(a)=0.5156 rsu_q=0.241 tx=106 no_tx=17 deadlock=0 svc=0.000GHz idle=0.0%
  1031    11.7s    0.0036     0.0%     0.0%    52.8%       13%/8%/79%    0.000    0.503   100.0%     0.0%   2.2679   0.0052     1.5%
  1032    10.5s    0.0031     5.0%     5.0%    51.5%      10%/20%/71%    2.046    0.395    80.0%     0.0%   2.1979   0.0007     2.2%
  1033    18.2s    0.0033    10.0%    10.0%    54.9%       7%/13%/80%    1.977    0.403    90.0%     0.0%   2.6047   0.0054     1.1%
  1034    20.4s    0.0031    10.0%    10.0%    33.5%       7%/14%/79%    1.599    0.610    90.0%     0.0%   2.7768   0.0053     1.2%
  1035    37.2s    0.0034     5.0%     5.0%    22.0%       9%/10%/81%    1.841    0.557    95.0%     0.0%   2.8795   0.0021     2.2%
  1036    15.1s    0.0053    15.0%    15.0%    46.1%       8%/13%/79%    1.830    0.459    85.0%     0.0%   2.4489   0.0017     1.9%
  1037    12.6s    0.0029     5.0%     5.0%    38.0%       6%/14%/80%    0.695    0.545    95.0%     0.0%   2.8990   0.0014     1.7%
  1038    12.0s    0.0026    10.0%    10.0%    58.2%      10%/10%/80%    2.196    0.460    80.0%     0.0%   2.3188   0.0040     1.8%
  1039    18.0s    0.0014     0.0%     0.0%    42.9%       7%/12%/81%    2.444    0.416    95.0%     0.0%   2.6074   0.0102     2.0%
  1040    11.2s    0.0018    10.0%    10.0%    46.8%       6%/14%/80%    1.276    0.431    75.0%     0.0%   2.2075   0.0076     2.1%
  [MA20] reward=0.0028 task_sr=10.2% miss=84.5% time_limit=0.0% v2v=77.0%
  [RWRD] r_prog=0.0492 r_term=-0.0315 r_illegal=0.0000
  [PPO ] p_loss=-0.0187 v_loss=0.8301 entropy=2.2075 grad=12.8237 active=100.0%
  [SIM ] avg_power(a)=0.5149 rsu_q=0.103 tx=124 no_tx=10 deadlock=0 svc=0.000GHz idle=0.0%
  [LateGuard] restore best_model at ep1040 (drop=0.356, freeze=False)

    Ep    Wall    R/step     T_SR     V_SR     S_SR            L/R/V   Lat(s)       En     Miss      Ill      Ent       KL     Clip
--------------------------------------------------------------------------------------------------------------------------------
  1041    17.7s    0.0031     0.0%     0.0%    40.1%       7%/10%/83%    0.000    0.481    90.0%     0.0%   2.7132 7.38e-05     2.3%
  1042     4.9s    0.0033    45.0%    45.0%    83.3%      14%/11%/75%    1.224    0.297    55.0%     0.0%   2.2527   0.0035     1.6%
  1043     5.2s    0.0020    35.0%    35.0%    71.2%       7%/17%/76%    0.989    0.331    55.0%     0.0%   2.1941   0.0072     0.9%
  1044    11.3s    0.0040     5.0%     5.0%    55.0%      16%/10%/74%    2.424    0.400    85.0%     0.0%   2.2169   0.0089     1.3%
  1045    11.3s    0.0037     0.0%     0.0%    51.0%       9%/12%/79%    0.000    0.422   100.0%     0.0%   2.3949   0.0034     1.5%
  1046     7.6s    0.0029    30.0%    30.0%    55.5%      14%/14%/72%    1.028    0.448    70.0%     0.0%   2.3190  -0.0002     1.7%
  1047    11.7s    0.0032    15.0%    15.0%    45.9%       9%/10%/81%    2.121    0.453    75.0%     0.0%   2.2938   0.0038     1.5%
  1048    15.1s    0.0022     0.0%     0.0%    33.8%      12%/11%/77%    0.000    0.486   100.0%     0.0%   2.5108   0.0032     1.4%
  1049     5.8s    0.0015    30.0%    30.0%    59.5%      13%/10%/77%    0.974    0.393    60.0%     0.0%   2.2271   0.0022     1.1%
  1050    15.8s    0.0026     0.0%     0.0%    34.2%       5%/13%/83%    0.000    0.589   100.0%     0.0%   2.6166   0.0129     1.1%
  [MA20] reward=0.0029 task_sr=11.5% miss=83.8% time_limit=0.0% v2v=78.3%
  [RWRD] r_prog=0.0627 r_term=-0.0364 r_illegal=0.0000
  [PPO ] p_loss=-0.0042 v_loss=0.6127 entropy=2.6166 grad=11.8624 active=100.0%
  [SIM ] avg_power(a)=0.5184 rsu_q=0.393 tx=110 no_tx=6 deadlock=0 svc=0.000GHz idle=0.0%
  1051     6.4s    0.0001    10.0%    10.0%    57.1%       13%/6%/81%    0.728    0.458    90.0%     0.0%   2.3959   0.0130     1.1%
  1052    19.1s    0.0039    15.0%    15.0%    39.5%       8%/17%/75%    1.460    0.435    85.0%     0.0%   2.6806   0.0051     1.7%
  1053    19.7s    0.0016     0.0%     0.0%    35.0%      10%/12%/78%    0.000    0.554    90.0%     0.0%   2.3579   0.0049     2.0%
  1054    15.6s    0.0030     5.0%     5.0%    54.7%       8%/18%/74%    2.175    0.449    95.0%     0.0%   2.3405   0.0061     1.6%
  1055    14.9s    0.0022    10.0%    10.0%    38.4%      10%/15%/75%    1.645    0.485    90.0%     0.0%   2.5042   0.0058     1.5%
  [LateGuard] restore best_model at ep1055 (drop=0.380, freeze=False)
  1056    18.9s    0.0045     0.0%     0.0%    34.4%        8%/7%/85%    0.000    0.705   100.0%     0.0%   2.3916   0.0089     2.1%
  1057    12.1s    0.0019    20.0%    20.0%    56.8%      16%/15%/69%    1.773    0.366    75.0%     0.0%   2.0932   0.0077     1.2%
  1058    10.0s    0.0023     5.0%     5.0%    56.7%      14%/16%/70%    1.674    0.467    95.0%     0.0%   2.2026   0.0069     1.2%
  1059     8.8s    0.0007    20.0%    20.0%    58.9%      12%/10%/78%    0.914    0.357    80.0%     0.0%   2.6371   0.0048     1.9%
  1060    17.9s    0.0024     0.0%     0.0%    32.0%       12%/9%/80%    0.000    0.462    95.0%     0.0%   2.3771   0.0059     1.3%
  [MA20] reward=0.0026 task_sr=12.3% miss=84.2% time_limit=0.0% v2v=77.0%
  [RWRD] r_prog=0.0528 r_term=-0.0287 r_illegal=0.0000
  [PPO ] p_loss=-0.0040 v_loss=0.6940 entropy=2.3771 grad=13.3270 active=100.0%
  [SIM ] avg_power(a)=0.5059 rsu_q=0.108 tx=113 no_tx=16 deadlock=0 svc=0.000GHz idle=0.0%

    Ep    Wall    R/step     T_SR     V_SR     S_SR            L/R/V   Lat(s)       En     Miss      Ill      Ent       KL     Clip
--------------------------------------------------------------------------------------------------------------------------------
  1061    11.5s    0.0043     0.0%     0.0%    48.5%       10%/9%/81%    2.351    0.521    95.0%     0.0%   2.3731   0.0038     1.5%
  1062     5.0s    0.0017    40.0%    40.0%    77.9%      11%/16%/73%    1.163    0.308    55.0%     0.0%   2.1811   0.0050     1.5%
  1063    10.8s    0.0027     0.0%     0.0%    39.1%        7%/8%/85%    0.000    0.557   100.0%     0.0%   2.2139   0.0028     1.4%
  1064    14.3s    0.0038    15.0%    15.0%    48.3%      10%/15%/74%    1.788    0.466    80.0%     0.0%   2.4680   0.0104     1.0%
  1065    10.4s    0.0012     5.0%     5.0%    55.8%      11%/16%/73%    1.701    0.371    90.0%     0.0%   2.1874   0.0016     0.7%
  1066    12.3s    0.0031     5.0%     5.0%    47.0%      12%/12%/76%    1.720    0.603    95.0%     0.0%   2.4106   0.0091     1.6%
  1067    28.5s    0.0041    10.0%    10.0%    34.7%      15%/15%/70%    2.550    0.469    75.0%     0.0%   2.4242   0.0078     1.2%
  1068    11.9s    0.0026     0.0%     0.0%    40.3%      12%/12%/76%    0.000    0.580   100.0%     0.0%   2.3393   0.0084     0.9%
  1069     5.4s    0.0018    35.0%    35.0%    69.5%      15%/13%/72%    0.790    0.179    65.0%     0.0%   2.2127   0.0047     0.9%
  1070    12.2s    0.0004    10.0%    10.0%    33.6%       10%/9%/81%    0.954    0.447    90.0%     0.0%   2.8790   0.0017     0.9%
  [MA20] reward=0.0024 task_sr=10.2% miss=87.0% time_limit=0.0% v2v=76.3%
  [RWRD] r_prog=0.0343 r_term=-0.0305 r_illegal=0.0000
  [PPO ] p_loss=-0.0256 v_loss=0.9218 entropy=2.8790 grad=20.5155 active=100.0%
  [SIM ] avg_power(a)=0.4935 rsu_q=0.320 tx=78 no_tx=9 deadlock=0 svc=0.000GHz idle=0.0%
  [LateGuard] restore best_model at ep1070 (drop=0.301, freeze=False)
  1071     4.7s    0.0030    55.0%    55.0%    84.8%      15%/15%/70%    1.244    0.276    40.0%     0.0%   2.1175   0.0106     1.7%
  1072    35.4s    0.0024     5.0%     5.0%    26.7%      10%/14%/76%    1.946    0.585    95.0%     0.0%   2.8821   0.0054     2.0%
  1073     5.2s   -0.0001    25.0%    25.0%    67.2%      15%/11%/74%    0.963    0.361    70.0%     0.0%   2.1422   0.0101     1.6%
  1074    11.5s    0.0029     0.0%     0.0%    39.2%      10%/14%/76%    0.000    0.564    90.0%     0.0%   2.2864   0.0054     1.9%
  1075    10.5s   -0.0003     0.0%     0.0%    35.1%       12%/8%/80%    0.000    0.417    90.0%     0.0%   2.1287   0.0039     1.1%
  1076    11.4s   -0.0010     0.0%     0.0%    36.2%        5%/9%/86%    0.000    0.572   100.0%     0.0%   3.0560   0.0076     1.6%
  1077     9.7s    0.0026    25.0%    25.0%    58.5%      14%/16%/70%    2.305    0.313    55.0%     0.0%   2.1674   0.0021     1.5%
  1078     8.0s    0.0037    25.0%    25.0%    59.7%      14%/12%/74%    0.884    0.386    75.0%     0.0%   2.4147   0.0057     0.7%
  1079    11.2s    0.0028     0.0%     0.0%    58.2%      13%/11%/76%    0.000    0.494    95.0%     0.0%   2.1035   0.0092     1.2%
  1080    17.2s    0.0023    10.0%    10.0%    50.0%       9%/17%/74%    1.596    0.439    85.0%     0.0%   2.4903   0.0067     0.7%
  [MA20] reward=0.0022 task_sr=13.2% miss=82.0% time_limit=0.0% v2v=76.0%
  [RWRD] r_prog=0.0517 r_term=-0.0289 r_illegal=0.0000
  [PPO ] p_loss=0.0097 v_loss=0.6377 entropy=2.4903 grad=7.1358 active=100.0%
  [SIM ] avg_power(a)=0.5183 rsu_q=0.517 tx=131 no_tx=15 deadlock=0 svc=0.000GHz idle=0.0%

    Ep    Wall    R/step     T_SR     V_SR     S_SR            L/R/V   Lat(s)       En     Miss      Ill      Ent       KL     Clip
--------------------------------------------------------------------------------------------------------------------------------
  1081    13.3s    0.0013    10.0%    10.0%    55.7%       9%/16%/75%    1.944    0.350    85.0%     0.0%   2.3514   0.0047     1.3%
  1082    14.2s    0.0029    10.0%    10.0%    48.6%       9%/14%/76%    1.753    0.482    90.0%     0.0%   2.4583   0.0028     0.9%
  1083    11.2s    0.0018     0.0%     0.0%    54.6%      11%/16%/74%    0.000    0.537   100.0%     0.0%   2.3422   0.0047     0.9%
  1084    34.0s    0.0025     5.0%     5.0%    28.8%       8%/13%/79%    1.940    0.520    95.0%     0.0%   2.8915   0.0076     1.0%
  1085    30.0s    0.0019     0.0%     0.0%    43.7%       7%/14%/79%    0.000    0.512    85.0%     0.0%   2.3791   0.0035     0.9%
  [LateGuard] restore best_model at ep1085 (drop=0.294, freeze=False)
  1086     7.5s    0.0011    20.0%    20.0%    62.3%      13%/13%/74%    1.061    0.386    75.0%     0.0%   2.4809  -0.0003     1.6%
  1087    24.1s    0.0030     0.0%     0.0%    25.4%        4%/7%/89%    0.000    0.546   100.0%     0.0%   3.0849   0.0073     2.4%
  1088    20.4s    0.0035     0.0%     0.0%    49.2%      12%/11%/77%    0.000    0.548    95.0%     0.0%   2.3170   0.0052     2.2%
  1089    10.3s    0.0027    10.0%    10.0%    52.3%      16%/14%/71%    2.009    0.531    75.0%     0.0%   2.1797   0.0033     2.0%
  1090    10.8s    0.0017     0.0%     0.0%    39.6%        9%/7%/84%    0.000    0.414    95.0%     0.0%   2.2495   0.0078     1.3%
  [MA20] reward=0.0020 task_sr=10.0% miss=84.5% time_limit=0.0% v2v=76.8%
  [RWRD] r_prog=0.0554 r_term=-0.0382 r_illegal=0.0000
  [PPO ] p_loss=0.0103 v_loss=0.7049 entropy=2.2495 grad=16.6361 active=100.0%
  [SIM ] avg_power(a)=0.4997 rsu_q=0.179 tx=110 no_tx=13 deadlock=0 svc=0.000GHz idle=0.0%
  1091    23.3s    0.0029     0.0%     0.0%    40.3%      12%/14%/74%    0.000    0.480    85.0%     0.0%   2.3571   0.0042     1.9%
  1092    10.6s    0.0020     0.0%     0.0%    55.2%      12%/11%/77%    2.397    0.377    90.0%     0.0%   2.2769   0.0005     2.0%
  1093     9.6s    0.0014    10.0%    10.0%    45.3%       13%/8%/79%    0.573    0.403    90.0%     0.0%   2.6735   0.0159     2.2%
  1094     6.2s    0.0029    45.0%    45.0%    68.7%      13%/10%/77%    1.296    0.306    50.0%     0.0%   2.2292   0.0114     1.3%
  1095     6.1s    0.0024    30.0%    30.0%    63.4%      12%/14%/74%    0.948    0.281    65.0%     0.0%   2.3249   0.0025     2.0%
  1096    18.4s    0.0044    10.0%    10.0%    46.4%      14%/15%/71%    2.417    0.590    85.0%     0.0%   2.2723   0.0102     1.8%
  1097     6.3s    0.0000    25.0%    25.0%    65.2%       15%/9%/76%    1.315    0.462    65.0%     0.0%   2.1709   0.0027     2.0%
  1098     7.8s    0.0018    10.0%    10.0%    52.3%       8%/11%/82%    0.754    0.508    90.0%     0.0%   2.4083   0.0064     1.0%
  1099    18.6s    0.0035    10.0%    10.0%    34.0%      20%/12%/67%    1.160    0.521    90.0%     0.0%   2.6412  -0.0014     1.8%
  1100     5.2s    0.0019    25.0%    25.0%    71.2%      15%/12%/73%    1.009    0.396    70.0%     0.0%   2.1374   0.0074     1.6%
  [MA20] reward=0.0023 task_sr=11.0% miss=83.8% time_limit=0.0% v2v=76.4%
  [RWRD] r_prog=0.0367 r_term=-0.0181 r_illegal=0.0000
  [PPO ] p_loss=-0.0103 v_loss=0.9061 entropy=2.1374 grad=7.4425 active=100.0%
  [SIM ] avg_power(a)=0.4931 rsu_q=0.208 tx=94 no_tx=20 deadlock=0 svc=0.000GHz idle=0.0%
  [LateGuard] restore best_model at ep1100 (drop=0.301, freeze=False)
  [Checkpoint] saved: ep1100.pth

    Ep    Wall    R/step     T_SR     V_SR     S_SR            L/R/V   Lat(s)       En     Miss      Ill      Ent       KL     Clip
--------------------------------------------------------------------------------------------------------------------------------
  1101    17.5s    0.0026    15.0%    15.0%    47.5%      16%/11%/74%    3.051    0.399    80.0%     0.0%   2.1864   0.0045     1.6%
  1102     4.8s    0.0020    35.0%    35.0%    74.4%       10%/9%/81%    1.474    0.383    60.0%     0.0%   2.1418  -0.0006     2.0%
  1103    12.3s    0.0022    20.0%    20.0%    55.3%      11%/16%/73%    1.900    0.450    75.0%     0.0%   2.2616   0.0017     1.7%
  1104    17.6s    0.0031     0.0%     0.0%    37.1%       9%/12%/79%    0.000    0.481    75.0%     0.0%   2.4241   0.0053     2.0%
  1105     5.6s    0.0008    25.0%    25.0%    70.1%      10%/14%/77%    0.887    0.302    75.0%     0.0%   2.1879   0.0085     1.8%
  1106    10.9s    0.0014     0.0%     0.0%    54.0%      11%/13%/76%    0.000    0.486   100.0%     0.0%   2.2669   0.0025     1.8%
  1107     8.8s    0.0013    15.0%    15.0%    55.4%       6%/11%/83%    0.955    0.475    85.0%     0.0%   2.6397   0.0078     2.3%
  1108     8.7s    0.0028    25.0%    25.0%    55.0%        8%/8%/85%    1.086    0.334    65.0%     0.0%   2.6460   0.0029     1.7%
  1109    12.3s    0.0043     0.0%     0.0%    41.9%        9%/6%/85%    0.000    0.625   100.0%     0.0%   2.4163   0.0086     1.4%
  1110    13.2s    0.0037     0.0%     0.0%    45.3%       9%/15%/76%    0.000    0.525   100.0%     0.0%   2.2830   0.0127     1.4%
  [MA20] reward=0.0024 task_sr=15.0% miss=79.8% time_limit=0.0% v2v=76.9%
  [RWRD] r_prog=0.0721 r_term=-0.0353 r_illegal=0.0000
  [PPO ] p_loss=-0.0034 v_loss=0.8277 entropy=2.2830 grad=17.0613 active=100.0%
  [SIM ] avg_power(a)=0.4957 rsu_q=0.207 tx=120 no_tx=14 deadlock=0 svc=0.000GHz idle=0.0%
  1111    14.3s    0.0058    15.0%    15.0%    43.0%       6%/12%/82%    2.083    0.521    75.0%     0.0%   2.4051   0.0123     1.3%
  1112    11.9s    0.0022    10.0%    10.0%    43.6%       9%/13%/77%    1.991    0.517    85.0%     0.0%   2.3524   0.0048     1.5%
  1113     6.7s    0.0006    15.0%    15.0%    57.7%      17%/14%/69%    1.099    0.399    75.0%     0.0%   2.3707   0.0019     1.1%
  1114    10.5s    0.0014    10.0%    10.0%    62.0%      11%/19%/70%    1.771    0.371    85.0%     0.0%   2.2045   0.0035     1.2%
  1115    14.0s    0.0047    20.0%    20.0%    50.0%       8%/11%/81%    2.100    0.584    80.0%     0.0%   2.4831   0.0018     1.1%
  [LateGuard] restore best_model at ep1115 (drop=0.227, freeze=False)
  1116     5.1s    0.0029    45.0%    45.0%    80.7%      14%/13%/73%    0.986    0.250    55.0%     0.0%   2.2100   0.0080     1.6%
  1117    14.2s    0.0041     0.0%     0.0%    51.7%       6%/17%/77%    0.000    0.420    95.0%     0.0%   2.4771   0.0065     1.7%
  1118     5.9s    0.0007    25.0%    25.0%    54.9%       9%/15%/76%    1.008    0.309    70.0%     0.0%   2.3442   0.0101     1.3%
  1119     5.3s   -0.0004    10.0%    10.0%    63.9%       10%/9%/81%    0.931    0.395    80.0%     0.0%   2.1018   0.0049     2.0%
  1120    11.1s    0.0013     5.0%     5.0%    59.5%       7%/13%/80%    2.228    0.398    95.0%     0.0%   2.1719   0.0078     2.1%
  [MA20] reward=0.0024 task_sr=14.5% miss=80.5% time_limit=0.0% v2v=77.7%
  [RWRD] r_prog=0.0443 r_term=-0.0315 r_illegal=0.0000
  [PPO ] p_loss=-0.0012 v_loss=0.8534 entropy=2.1719 grad=24.5982 active=100.0%
  [SIM ] avg_power(a)=0.5145 rsu_q=0.414 tx=134 no_tx=12 deadlock=0 svc=0.000GHz idle=0.0%

    Ep    Wall    R/step     T_SR     V_SR     S_SR            L/R/V   Lat(s)       En     Miss      Ill      Ent       KL     Clip
--------------------------------------------------------------------------------------------------------------------------------
  1121    18.7s    0.0020     5.0%     5.0%    32.3%        9%/8%/83%    2.017    0.508    90.0%     0.0%   2.7806   0.0136     1.6%
  1122    11.1s    0.0026     0.0%     0.0%    47.4%      12%/13%/75%    0.000    0.550    95.0%     0.0%   2.2812   0.0049     2.1%
  1123    11.7s    0.0011     5.0%     5.0%    50.8%       9%/11%/81%    0.840    0.574    95.0%     0.0%   2.8930   0.0060     2.8%
  1124    11.2s    0.0020     0.0%     0.0%    56.0%       13%/6%/81%    0.000    0.462    95.0%     0.0%   2.2356   0.0081     1.5%
  1125    12.6s    0.0014     0.0%     0.0%    47.2%      10%/14%/76%    0.000    0.441    85.0%     0.0%   2.4328   0.0003     2.7%
  1126    24.1s    0.0015     0.0%     0.0%    23.2%       1%/11%/88%    0.000    0.525   100.0%     0.0%   3.0495   0.0049     2.2%
  1127    15.6s    0.0026     0.0%     0.0%    37.9%       9%/14%/77%    0.000    0.596   100.0%     0.0%   2.4986   0.0089     1.3%
  1128    10.6s    0.0020    10.0%    10.0%    63.8%      15%/11%/74%    2.179    0.230    80.0%     0.0%   2.1450   0.0104     1.6%
  1129    34.7s    0.0018     5.0%     5.0%    18.8%       6%/14%/81%    1.676    0.608    95.0%     0.0%   2.8765   0.0031     1.4%
  1130    11.9s    0.0024     0.0%     0.0%    46.3%        6%/9%/85%    0.000    0.629   100.0%     0.0%   2.3294   0.0031     2.3%
  [MA20] reward=0.0021 task_sr=9.0% miss=86.5% time_limit=0.0% v2v=78.4%
  [RWRD] r_prog=0.0583 r_term=-0.0339 r_illegal=0.0000
  [PPO ] p_loss=0.0136 v_loss=0.7835 entropy=2.3294 grad=6.1619 active=100.0%
  [SIM ] avg_power(a)=0.5042 rsu_q=0.000 tx=127 no_tx=8 deadlock=0 svc=0.000GHz idle=0.0%
  [LateGuard] restore best_model at ep1130 (drop=0.344, freeze=False)
  1131    18.4s    0.0035     5.0%     5.0%    39.2%       7%/11%/82%    2.766    0.459    95.0%     0.0%   2.3700   0.0069     2.4%
  1132    10.2s    0.0019     5.0%     5.0%    54.0%      14%/11%/75%    1.962    0.416    85.0%     0.0%   2.2483   0.0034     1.5%
  1133    20.4s    0.0048    15.0%    15.0%    46.2%      11%/16%/73%    1.983    0.589    85.0%     0.0%   2.6830   0.0050     1.1%
  1134    11.4s    0.0021    10.0%    10.0%    42.2%       8%/15%/77%    2.245    0.470    85.0%     0.0%   2.1952   0.0004     1.0%
  1135    11.9s    0.0021     0.0%     0.0%    39.2%        9%/9%/83%    0.000    0.375   100.0%     0.0%   2.3424   0.0034     1.4%
  1136    11.6s    0.0026    10.0%    10.0%    52.6%      11%/12%/77%    2.143    0.586    90.0%     0.0%   2.3600   0.0031     1.1%
  1137    20.1s    0.0027     0.0%     0.0%    44.1%       8%/17%/75%    0.000    0.567    95.0%     0.0%   2.3918   0.0093     1.3%
  1138    10.5s    0.0018     0.0%     0.0%    51.5%       8%/11%/81%    0.000    0.412   100.0%     0.0%   2.2383   0.0012     1.1%
  1139    22.6s    0.0032     5.0%     5.0%    26.0%       10%/9%/82%    1.316    0.603    95.0%     0.0%   2.9035   0.0070     1.5%
  1140    10.8s    0.0028    25.0%    25.0%    70.9%      14%/16%/69%    1.996    0.336    70.0%     0.0%   2.1755   0.0069     1.9%
  [MA20] reward=0.0023 task_sr=5.0% miss=91.7% time_limit=0.0% v2v=78.7%
  [RWRD] r_prog=0.0455 r_term=-0.0180 r_illegal=0.0000
  [PPO ] p_loss=-0.0054 v_loss=1.0557 entropy=2.1755 grad=17.4965 active=100.0%
  [SIM ] avg_power(a)=0.5038 rsu_q=0.241 tx=135 no_tx=28 deadlock=0 svc=0.000GHz idle=0.0%

    Ep    Wall    R/step     T_SR     V_SR     S_SR            L/R/V   Lat(s)       En     Miss      Ill      Ent       KL     Clip
--------------------------------------------------------------------------------------------------------------------------------
  1141    11.4s    0.0037    10.0%    10.0%    53.2%      11%/16%/73%    2.031    0.474    90.0%     0.0%   2.2265   0.0023     1.6%
  1142    11.4s    0.0035     5.0%     5.0%    48.6%      10%/11%/78%    2.776    0.517    90.0%     0.0%   2.3029  -0.0009     1.5%
  1143    10.0s    0.0034    20.0%    20.0%    63.4%      13%/12%/74%    1.813    0.399    75.0%     0.0%   2.1637   0.0060     1.9%
  1144     5.7s    0.0010    25.0%    25.0%    71.7%      19%/18%/63%    0.866    0.545    75.0%     0.0%   2.2019   0.0076     1.4%
  1145    11.7s    0.0031     0.0%     0.0%    45.4%      11%/13%/76%    0.000    0.531    85.0%     0.0%   2.2837   0.0057     1.6%
  [LateGuard] restore best_model at ep1145 (drop=0.350, freeze=False)
  1146    16.0s    0.0019     0.0%     0.0%    48.5%      11%/15%/74%    0.000    0.429    65.0%     0.0%   2.2964   0.0056     2.1%
  1147     6.1s    0.0004    10.0%    10.0%    55.7%       11%/5%/84%    0.966    0.470    85.0%     0.0%   2.2344   0.0040     1.6%
  1148    16.8s    0.0033     0.0%     0.0%    44.3%      11%/11%/77%    0.000    0.489    95.0%     0.0%   2.2792   0.0089     1.4%
  1149    12.0s    0.0017     0.0%     0.0%    38.0%       11%/9%/80%    0.000    0.594   100.0%     0.0%   2.4137   0.0050     1.8%
  1150    10.7s    0.0037     0.0%     0.0%    47.0%       7%/10%/82%    0.000    0.489   100.0%     0.0%   2.2732   0.0015     2.0%
  [MA20] reward=0.0027 task_sr=7.3% miss=88.0% time_limit=0.0% v2v=76.8%
  [RWRD] r_prog=0.0734 r_term=-0.0364 r_illegal=0.0000
  [PPO ] p_loss=-0.0129 v_loss=0.6071 entropy=2.2732 grad=4.3244 active=100.0%
  [SIM ] avg_power(a)=0.5214 rsu_q=0.179 tx=125 no_tx=11 deadlock=0 svc=0.000GHz idle=0.0%
  1151    19.2s    0.0035     5.0%     5.0%    40.9%      19%/11%/70%    2.452    0.528    90.0%     0.0%   2.1609   0.0011     2.1%
  1152    18.0s    0.0022     0.0%     0.0%    43.9%      11%/14%/75%    0.000    0.545   100.0%     0.0%   2.2701   0.0050     1.9%
  1153    18.7s    0.0025     5.0%     5.0%    48.6%      11%/16%/73%    2.807    0.541    85.0%     0.0%   2.2357   0.0049     1.9%
  1154    10.4s    0.0030    20.0%    20.0%    48.8%      15%/15%/70%    1.892    0.440    70.0%     0.0%   2.2684   0.0070     1.6%
  1155    10.8s    0.0042    10.0%    10.0%    53.8%       10%/8%/82%    2.040    0.537    80.0%     0.0%   2.2276   0.0084     2.0%
  1156    21.4s    0.0032     5.0%     5.0%    47.3%      12%/14%/74%    2.800    0.477    90.0%     0.0%   2.2269   0.0032     1.5%
  1157    14.0s    0.0047    20.0%    20.0%    47.2%      13%/15%/72%    1.831    0.426    80.0%     0.0%   2.3014  -0.0022     1.4%
  1158    10.6s    0.0028    25.0%    25.0%    72.6%      14%/12%/74%    2.084    0.373    65.0%     0.0%   2.1642   0.0051     1.4%
  1159    20.9s    0.0030     5.0%     5.0%    27.5%       8%/11%/81%    1.808    0.633    95.0%     0.0%   2.9054   0.0017     2.1%
  1160    16.9s    0.0038     5.0%     5.0%    37.5%       16%/9%/74%    1.644    0.476    95.0%     0.0%   2.5673   0.0038     1.5%
  [MA20] reward=0.0029 task_sr=8.5% miss=85.5% time_limit=0.0% v2v=75.5%
  [RWRD] r_prog=0.0695 r_term=-0.0312 r_illegal=0.0000
  [PPO ] p_loss=0.0091 v_loss=0.6626 entropy=2.5673 grad=6.3661 active=100.0%
  [SIM ] avg_power(a)=0.5185 rsu_q=0.310 tx=104 no_tx=22 deadlock=0 svc=0.000GHz idle=0.0%
  [LateGuard] restore best_model at ep1160 (drop=0.479, freeze=False)

    Ep    Wall    R/step     T_SR     V_SR     S_SR            L/R/V   Lat(s)       En     Miss      Ill      Ent       KL     Clip
--------------------------------------------------------------------------------------------------------------------------------
  1161    11.9s    0.0007     0.0%     0.0%    48.5%      12%/16%/72%    0.000    0.426   100.0%     0.0%   2.2723   0.0037     2.4%
  1162    20.7s    0.0050     0.0%     0.0%    28.1%        5%/8%/87%    0.000    0.628   100.0%     0.0%   2.9396   0.0017     2.1%
  1163    21.9s    0.0027     0.0%     0.0%    25.7%        6%/6%/89%    0.000    0.675   100.0%     0.0%   3.0667   0.0036     2.2%
  1164    12.1s    0.0017     0.0%     0.0%    30.6%        7%/8%/85%    0.000    0.646   100.0%     0.0%   2.4083   0.0106     1.1%
  1165    20.3s    0.0015     0.0%     0.0%    27.6%       8%/13%/79%    0.000    0.587    90.0%     0.0%   2.3538   0.0040     1.3%
  1166    22.5s    0.0029     0.0%     0.0%    19.3%        8%/4%/88%    0.000    0.529   100.0%     0.0%   2.9985   0.0054     2.3%
  1167    13.6s   -0.0007     0.0%     0.0%    42.8%        5%/8%/88%    0.000    0.466   100.0%     0.0%   3.0699   0.0007     1.5%
  1168    20.6s    0.0032    10.0%    10.0%    34.2%      10%/10%/79%    1.674    0.566    90.0%     0.0%   2.7926   0.0030     1.6%
  1169    11.6s    0.0037     0.0%     0.0%    35.1%       10%/7%/83%    0.000    0.712   100.0%     0.0%   2.3819   0.0057     1.1%
  1170    18.2s    0.0013     0.0%     0.0%    40.8%      17%/14%/69%    0.000    0.510   100.0%     0.0%   2.2425   0.0007     1.2%
  [MA20] reward=0.0027 task_sr=5.5% miss=91.5% time_limit=0.0% v2v=78.2%
  [RWRD] r_prog=0.0397 r_term=-0.0267 r_illegal=0.0000
  [PPO ] p_loss=-0.0046 v_loss=0.6418 entropy=2.2425 grad=5.5431 active=100.0%
  [SIM ] avg_power(a)=0.4880 rsu_q=0.184 tx=128 no_tx=27 deadlock=0 svc=0.000GHz idle=0.0%
  1171    10.6s   -0.0001     5.0%     5.0%    48.8%       12%/8%/80%    0.719    0.508    95.0%     0.0%   2.8394   0.0011     1.3%
  1172    11.8s    0.0015     5.0%     5.0%    37.9%       7%/12%/80%    1.552    0.436    90.0%     0.0%   2.4000   0.0008     1.8%
  1173     9.1s    0.0021     0.0%     0.0%    56.8%      10%/19%/71%    0.000    0.458    95.0%     0.0%   2.1048   0.0065     1.4%
  1174     9.2s    0.0007     5.0%     5.0%    46.4%      14%/15%/71%    1.351    0.531    80.0%     0.0%   2.1007   0.0060     0.7%
  1175    24.6s    0.0028     5.0%     5.0%    45.0%      14%/15%/71%    1.754    0.617    95.0%     0.0%   2.2710   0.0053     1.0%
  [LateGuard] restore best_model at ep1175 (drop=0.644, freeze=False)
  1176    11.1s    0.0044    30.0%    30.0%    72.4%      15%/13%/73%    2.037    0.327    70.0%     0.0%   2.1766   0.0096     1.2%
  1177    12.6s    0.0022     5.0%     5.0%    48.0%      13%/21%/66%    1.844    0.471    95.0%     0.0%   2.3437   0.0055     2.0%
  1178    11.4s    0.0041     5.0%     5.0%    51.8%      10%/10%/80%    2.058    0.633    95.0%     0.0%   2.4059   0.0054     2.0%
  1179     6.0s    0.0018    10.0%    10.0%    57.9%      18%/12%/70%    0.997    0.460    90.0%     0.0%   2.2746   0.0014     1.1%
  1180    24.3s    0.0042     0.0%     0.0%    29.7%        6%/6%/88%    0.000    0.539   100.0%     0.0%   3.0856   0.0070     2.4%
  [MA20] reward=0.0023 task_sr=4.0% miss=94.2% time_limit=0.0% v2v=78.4%
  [RWRD] r_prog=0.0796 r_term=-0.0380 r_illegal=0.0000
  [PPO ] p_loss=0.0076 v_loss=0.6788 entropy=3.0856 grad=7.2389 active=100.0%
  [SIM ] avg_power(a)=0.5087 rsu_q=0.333 tx=105 no_tx=7 deadlock=0 svc=0.000GHz idle=0.0%

    Ep    Wall    R/step     T_SR     V_SR     S_SR            L/R/V   Lat(s)       En     Miss      Ill      Ent       KL     Clip
--------------------------------------------------------------------------------------------------------------------------------
  1181     5.3s   -0.0001    20.0%    20.0%    71.4%       17%/8%/75%    1.143    0.354    75.0%     0.0%   2.2937   0.0026     1.2%
  1182    10.1s    0.0049    10.0%    10.0%    53.5%      11%/15%/74%    1.882    0.468    85.0%     0.0%   2.2186   0.0032     1.3%
  1183    21.1s    0.0014     5.0%     5.0%    29.0%       8%/10%/82%    1.451    0.419    95.0%     0.0%   2.9010   0.0031     1.4%
  1184    11.9s    0.0033     5.0%     5.0%    36.5%        7%/7%/86%    2.141    0.604    95.0%     0.0%   2.3470   0.0018     1.7%
  1185    12.1s    0.0032     0.0%     0.0%    49.5%      14%/12%/74%    0.000    0.547    95.0%     0.0%   2.2813  -0.0021     1.3%
  1186    11.9s    0.0040     0.0%     0.0%    35.2%        6%/5%/88%    0.000    0.563   100.0%     0.0%   2.4352   0.0056     1.4%
  1187    13.4s    0.0020     5.0%     5.0%    38.6%      14%/10%/77%    1.535    0.488    95.0%     0.0%   2.3208   0.0063     0.7%
  1188    11.2s    0.0019     5.0%     5.0%    47.0%      15%/11%/74%    1.728    0.423    85.0%     0.0%   2.2907   0.0008     1.3%
  1189    10.6s    0.0020     0.0%     0.0%    52.0%       17%/9%/75%    0.000    0.502   100.0%     0.0%   2.2459   0.0028     1.2%
  1190    11.3s    0.0026     0.0%     0.0%    39.1%       5%/11%/84%    0.000    0.540   100.0%     0.0%   2.3680   0.0038     1.6%
  [MA20] reward=0.0024 task_sr=6.0% miss=91.5% time_limit=0.0% v2v=76.9%
  [RWRD] r_prog=0.0608 r_term=-0.0352 r_illegal=0.0000
  [PPO ] p_loss=-0.0138 v_loss=0.6949 entropy=2.3680 grad=22.1322 active=100.0%
  [SIM ] avg_power(a)=0.4864 rsu_q=0.034 tx=117 no_tx=7 deadlock=0 svc=0.000GHz idle=0.0%
  [LateGuard] restore best_model at ep1190 (drop=0.632, freeze=False)
  1191     9.5s    0.0018     0.0%     0.0%    62.8%      13%/13%/74%    0.000    0.447    95.0%     0.0%   2.1613   0.0055     1.2%
  1192    10.6s    0.0040     0.0%     0.0%    47.3%      11%/11%/78%    0.000    0.529    95.0%     0.0%   2.3460   0.0062     2.1%
  1193     5.8s    0.0041    40.0%    40.0%    75.5%      15%/12%/73%    1.238    0.452    60.0%     0.0%   2.2273   0.0092     1.2%
  1194    18.7s    0.0035     0.0%     0.0%    32.7%      12%/11%/77%    0.000    0.558    95.0%     0.0%   2.3578   0.0091     2.0%
  1195    14.5s    0.0035    15.0%    15.0%    44.2%      17%/13%/70%    2.125    0.540    85.0%     0.0%   2.4434   0.0046     1.8%
  1196    23.2s    0.0043     0.0%     0.0%    37.7%       6%/12%/81%    0.000    0.601   100.0%     0.0%   3.0877   0.0010     2.2%
  1197    29.3s    0.0042     0.0%     0.0%    24.4%        6%/6%/88%    0.000    0.546    95.0%     0.0%   2.7598   0.0047     1.9%
  1198    10.8s    0.0009     0.0%     0.0%    50.0%      13%/14%/73%    2.572    0.526    95.0%     0.0%   2.3105   0.0026     1.8%
  1199    10.6s    0.0024     0.0%     0.0%    53.1%      14%/12%/74%    0.000    0.499    95.0%     0.0%   2.2109   0.0041     1.5%
  1200    18.3s    0.0041     0.0%     0.0%    45.1%      13%/14%/73%    0.000    0.539    90.0%     0.0%   2.1278   0.0024     1.2%
  [MA20] reward=0.0029 task_sr=5.3% miss=91.5% time_limit=0.0% v2v=77.4%
  [RWRD] r_prog=0.0692 r_term=-0.0280 r_illegal=0.0000
  [PPO ] p_loss=0.0066 v_loss=0.7980 entropy=2.1278 grad=11.6252 active=100.0%
  [SIM ] avg_power(a)=0.5069 rsu_q=0.289 tx=146 no_tx=26 deadlock=0 svc=0.000GHz idle=0.0%
  [Checkpoint] saved: ep1200.pth

    Ep    Wall    R/step     T_SR     V_SR     S_SR            L/R/V   Lat(s)       En     Miss      Ill      Ent       KL     Clip
--------------------------------------------------------------------------------------------------------------------------------
  1201    22.3s    0.0032     5.0%     5.0%    42.8%      11%/13%/76%    2.855    0.557    95.0%     0.0%   2.2363   0.0052     1.2%
  1202    17.1s    0.0023    10.0%    10.0%    44.9%      10%/16%/74%    2.438    0.439    75.0%     0.0%   2.3040   0.0010     2.1%
  1203    21.6s    0.0033     0.0%     0.0%    17.6%        4%/7%/89%    0.000    0.541   100.0%     0.0%   3.0012   0.0018     2.2%
  1204    10.2s   -0.0002     0.0%     0.0%    48.9%      16%/12%/72%    0.000    0.429   100.0%     0.0%   2.4022   0.0029     2.2%
  1205     6.3s    0.0009    10.0%    10.0%    51.9%       8%/13%/79%    0.856    0.383    85.0%     0.0%   2.3105   0.0082     1.0%
  [LateGuard] restore best_model at ep1205 (drop=0.669, freeze=False)
  1206    11.0s    0.0029     0.0%     0.0%    39.2%       7%/10%/83%    0.000    0.609   100.0%     0.0%   2.4070   0.0044     1.3%
  1207    11.6s    0.0031    15.0%    15.0%    59.6%      12%/13%/75%    2.138    0.455    80.0%     0.0%   2.1419   0.0020     1.4%
  1208    18.1s    0.0016    10.0%    10.0%    48.7%      12%/12%/76%    3.077    0.368    70.0%     0.0%   2.2826   0.0063     1.7%
  1209     5.4s   -0.0014    15.0%    15.0%    62.5%      16%/11%/73%    1.243    0.352    80.0%     0.0%   2.1435  -0.0006     2.0%
  1210     9.5s    0.0018    10.0%    10.0%    49.2%      14%/12%/74%    1.752    0.506    85.0%     0.0%   2.0818  -0.0005     2.0%
  [MA20] reward=0.0025 task_sr=6.5% miss=88.8% time_limit=0.0% v2v=76.6%
  [RWRD] r_prog=0.0467 r_term=-0.0291 r_illegal=0.0000
  [PPO ] p_loss=-0.0115 v_loss=0.7307 entropy=2.0818 grad=4.9895 active=100.0%
  [SIM ] avg_power(a)=0.5061 rsu_q=0.414 tx=114 no_tx=21 deadlock=0 svc=0.000GHz idle=0.0%
  1211    10.9s    0.0024     0.0%     0.0%    57.4%      12%/14%/74%    0.000    0.511    90.0%     0.0%   2.1998   0.0114     1.6%
  1212     7.9s    0.0015    30.0%    30.0%    56.8%       9%/11%/80%    1.763    0.312    65.0%     0.0%   2.3918   0.0043     1.6%
  1213    11.9s    0.0033     5.0%     5.0%    48.8%       8%/13%/79%    1.950    0.450    90.0%     0.0%   2.3012   0.0056     2.5%
  1214     4.1s    0.0030    50.0%    50.0%    80.1%      12%/20%/68%    0.829    0.232    40.0%     0.0%   2.0464   0.0028     1.2%
  1215    23.5s    0.0027     5.0%     5.0%    41.2%      14%/15%/71%    3.047    0.427    95.0%     0.0%   2.1589   0.0050     2.0%
  1216     6.2s   -0.0008     0.0%     0.0%    53.4%       9%/14%/77%    0.000    0.490    80.0%     0.0%   2.3245   0.0058     0.9%
  1217    11.2s    0.0006    10.0%    10.0%    38.4%       9%/10%/81%    1.434    0.510    85.0%     0.0%   2.8360   0.0041     2.3%
  1218    11.4s    0.0036     5.0%     5.0%    49.8%      13%/12%/75%    1.439    0.570    95.0%     0.0%   2.3015   0.0109     1.1%
  1219    13.0s    0.0027     0.0%     0.0%    28.4%        8%/6%/86%    0.000    0.547   100.0%     0.0%   2.3200   0.0084     1.2%
  1220     9.2s    0.0015    10.0%    10.0%    58.9%       4%/14%/82%    0.943    0.432    85.0%     0.0%   2.6127   0.0054     2.0%
  [MA20] reward=0.0019 task_sr=9.5% miss=84.8% time_limit=0.0% v2v=77.2%
  [RWRD] r_prog=0.0495 r_term=-0.0340 r_illegal=0.0000
  [PPO ] p_loss=0.0205 v_loss=0.8403 entropy=2.6127 grad=5.5543 active=100.0%
  [SIM ] avg_power(a)=0.5032 rsu_q=0.292 tx=97 no_tx=5 deadlock=0 svc=0.000GHz idle=0.0%
  [LateGuard] restore best_model at ep1220 (drop=0.552, freeze=False)

    Ep    Wall    R/step     T_SR     V_SR     S_SR            L/R/V   Lat(s)       En     Miss      Ill      Ent       KL     Clip
--------------------------------------------------------------------------------------------------------------------------------
  1221    16.3s    0.0031     5.0%     5.0%    43.4%      12%/11%/76%    2.855    0.451    95.0%     0.0%   2.1852   0.0074     1.4%
  1222     6.1s    0.0016    25.0%    25.0%    59.1%       9%/16%/75%    0.959    0.361    75.0%     0.0%   2.2177   0.0039     2.0%
  1223    11.9s    0.0017     5.0%     5.0%    55.5%      13%/17%/69%    2.006    0.423    85.0%     0.0%   2.3090   0.0063     1.7%
  1224     6.8s    0.0011    30.0%    30.0%    70.9%       8%/12%/80%    1.609    0.362    50.0%     0.0%   2.4572   0.0038     1.8%
  1225    21.1s    0.0021     0.0%     0.0%    36.8%      15%/11%/74%    0.000    0.495    85.0%     0.0%   2.1544   0.0060     1.7%
  1226    11.5s    0.0017     0.0%     0.0%    49.7%      13%/11%/76%    2.384    0.487    95.0%     0.0%   2.2065  -0.0007     1.9%
  1227    26.5s    0.0025     0.0%     0.0%    44.8%      16%/18%/66%    3.378    0.535   100.0%     0.0%   2.2494   0.0070     1.1%
  1228    12.3s    0.0034    15.0%    15.0%    51.2%      17%/13%/71%    2.328    0.445    85.0%     0.0%   2.2030   0.0038     1.4%
  1229    12.7s    0.0030     0.0%     0.0%    36.2%       14%/8%/78%    0.000    0.560   100.0%     0.0%   2.3506   0.0049     1.5%
  1230     9.9s    0.0010    15.0%    15.0%    48.1%      13%/10%/77%    1.897    0.524    85.0%     0.0%   2.5971   0.0025     0.9%
  [MA20] reward=0.0021 task_sr=10.5% miss=84.0% time_limit=0.0% v2v=75.7%
  [RWRD] r_prog=0.0387 r_term=-0.0290 r_illegal=0.0000
  [PPO ] p_loss=-0.0010 v_loss=0.9724 entropy=2.5971 grad=24.6319 active=100.0%
  [SIM ] avg_power(a)=0.5053 rsu_q=0.375 tx=81 no_tx=12 deadlock=0 svc=0.000GHz idle=0.0%
  1231    10.0s    0.0015     0.0%     0.0%    55.6%      13%/12%/76%    0.000    0.422   100.0%     0.0%   2.1266   0.0030     1.1%
  1232     7.1s    0.0025    30.0%    30.0%    66.9%      14%/16%/70%    1.006    0.368    70.0%     0.0%   2.4140   0.0110     1.0%
  1233    12.1s    0.0015     0.0%     0.0%    51.9%      10%/10%/80%    0.000    0.483    90.0%     0.0%   2.2105   0.0100     0.9%
  1234     6.5s    0.0011    15.0%    15.0%    55.4%       9%/15%/76%    0.938    0.483    70.0%     0.0%   2.3257   0.0081     1.2%
  1235    18.8s    0.0043     5.0%     5.0%    32.8%      14%/10%/76%    1.341    0.631    95.0%     0.0%   2.8822   0.0016     0.9%
  [LateGuard] restore best_model at ep1235 (drop=0.509, freeze=False)
  1236     6.9s    0.0039    45.0%    45.0%    74.8%       18%/8%/73%    1.120    0.343    50.0%     0.0%   2.3705   0.0168     1.3%
  1237     5.9s    0.0019    45.0%    45.0%    74.0%        7%/7%/85%    1.438    0.254    45.0%     0.0%   2.3379   0.0053     1.6%
  1238    20.1s    0.0017     0.0%     0.0%    23.0%       12%/5%/83%    0.000    0.678   100.0%     0.0%   2.3911   0.0019     2.3%
  1239    10.9s    0.0016     0.0%     0.0%    38.7%       11%/7%/82%    0.000    0.456    95.0%     0.0%   2.3329  -0.0014     1.8%
  1240    15.2s    0.0021     5.0%     5.0%    30.3%       12%/9%/79%    1.281    0.498    85.0%     0.0%   2.5200   0.0062     1.5%
  [MA20] reward=0.0022 task_sr=12.0% miss=82.7% time_limit=0.0% v2v=76.1%
  [RWRD] r_prog=0.0550 r_term=-0.0344 r_illegal=0.0000
  [PPO ] p_loss=0.0110 v_loss=0.6812 entropy=2.5200 grad=11.5340 active=100.0%
  [SIM ] avg_power(a)=0.5072 rsu_q=0.207 tx=97 no_tx=16 deadlock=0 svc=0.000GHz idle=0.0%

    Ep    Wall    R/step     T_SR     V_SR     S_SR            L/R/V   Lat(s)       En     Miss      Ill      Ent       KL     Clip
--------------------------------------------------------------------------------------------------------------------------------
  1241    17.8s    0.0026     5.0%     5.0%    47.5%      10%/13%/77%    2.555    0.652    95.0%     0.0%   2.1708   0.0063     1.4%
  1242     7.3s    0.0026    20.0%    20.0%    54.5%       9%/16%/75%    0.689    0.356    70.0%     0.0%   2.4475   0.0102     1.5%
  1243    10.5s    0.0015    10.0%    10.0%    36.7%       8%/12%/79%    1.917    0.462    75.0%     0.0%   2.3338   0.0026     1.9%
  1244    11.8s    0.0029     5.0%     5.0%    29.5%       5%/11%/84%    0.707    0.519    95.0%     0.0%   2.8380   0.0057     2.3%
  1245    10.7s    0.0015    10.0%    10.0%    38.6%       7%/11%/82%    0.682    0.509    90.0%     0.0%   2.8703   0.0157     2.0%
  1246     6.3s    0.0002    20.0%    20.0%    60.1%       6%/10%/83%    1.397    0.333    75.0%     0.0%   2.2497   0.0047     2.2%
  1247    13.6s    0.0045     0.0%     0.0%    48.8%      10%/10%/81%    0.000    0.497    90.0%     0.0%   2.4866   0.0075     2.1%
  1248    19.7s    0.0022     0.0%     0.0%    28.1%      12%/10%/78%    0.000    0.495   100.0%     0.0%   2.2875   0.0047     2.3%
  1249    10.5s    0.0024     0.0%     0.0%    49.3%      14%/11%/75%    0.000    0.488   100.0%     0.0%   2.2019   0.0021     1.9%
  1250     5.0s   -0.0015    15.0%    15.0%    62.1%      19%/14%/67%    1.241    0.375    70.0%     0.0%   2.2842   0.0057     2.2%
  [MA20] reward=0.0021 task_sr=11.5% miss=83.0% time_limit=0.0% v2v=78.1%
  [RWRD] r_prog=0.0187 r_term=-0.0336 r_illegal=0.0000
  [PPO ] p_loss=-0.0033 v_loss=1.2611 entropy=2.2842 grad=18.0255 active=100.0%
  [SIM ] avg_power(a)=0.5152 rsu_q=0.042 tx=76 no_tx=20 deadlock=0 svc=0.000GHz idle=0.0%
  [LateGuard] restore best_model at ep1250 (drop=0.368, freeze=False)
  1251    11.7s    0.0013     5.0%     5.0%    53.5%      11%/14%/75%    1.585    0.407    80.0%     0.0%   2.2986   0.0020     1.1%
  1252     6.5s   -0.0011     5.0%     5.0%    50.8%        7%/6%/88%    1.023    0.346    90.0%     0.0%   2.3161   0.0042     2.3%
  1253    31.7s    0.0017     5.0%     5.0%    23.3%       9%/11%/80%    2.624    0.499    95.0%     0.0%   2.8137   0.0079     1.6%
  1254    11.0s    0.0041     5.0%     5.0%    48.6%       9%/11%/81%    1.605    0.442    95.0%     0.0%   2.3305   0.0088     2.3%
  1255    33.2s    0.0024     0.0%     0.0%    25.6%       6%/12%/82%    0.000    0.579    95.0%     0.0%   2.7775   0.0038     1.8%
  1256     7.5s    0.0008    10.0%    10.0%    56.7%       6%/11%/83%    1.148    0.346    90.0%     0.0%   2.3780   0.0041     1.9%
  1257    10.9s    0.0011     0.0%     0.0%    54.1%      18%/11%/71%    0.000    0.544    95.0%     0.0%   2.3024   0.0035     1.6%
  1258    18.2s    0.0026    10.0%    10.0%    38.4%       6%/18%/76%    1.118    0.363    85.0%     0.0%   2.6633   0.0045     1.6%
  1259    12.8s    0.0037    25.0%    25.0%    54.7%      12%/13%/76%    2.127    0.361    70.0%     0.0%   2.3871   0.0014     1.2%
  1260    12.3s    0.0029     0.0%     0.0%    40.6%       12%/8%/79%    0.000    0.523   100.0%     0.0%   2.4240   0.0065     1.4%
  [MA20] reward=0.0019 task_sr=7.5% miss=87.8% time_limit=0.0% v2v=78.6%
  [RWRD] r_prog=0.0644 r_term=-0.0352 r_illegal=0.0000
  [PPO ] p_loss=-0.0063 v_loss=0.6252 entropy=2.4240 grad=5.8408 active=100.0%
  [SIM ] avg_power(a)=0.4984 rsu_q=0.069 tx=114 no_tx=17 deadlock=0 svc=0.000GHz idle=0.0%

    Ep    Wall    R/step     T_SR     V_SR     S_SR            L/R/V   Lat(s)       En     Miss      Ill      Ent       KL     Clip
--------------------------------------------------------------------------------------------------------------------------------
  1261    25.8s    0.0026    10.0%    10.0%    41.8%      11%/19%/70%    2.524    0.434    70.0%     0.0%   2.5181   0.0050     1.3%
  1262    20.4s    0.0042     5.0%     5.0%    50.2%      12%/15%/73%    2.870    0.466    95.0%     0.0%   2.2330   0.0023     0.6%
  1263    16.5s    0.0028     0.0%     0.0%    38.6%      12%/13%/75%    0.000    0.582    90.0%     0.0%   2.2077   0.0055     0.7%
  1264    12.9s    0.0029    15.0%    15.0%    54.5%      14%/13%/72%    1.831    0.438    65.0%     0.0%   2.3205   0.0098     0.7%
  1265    12.1s    0.0027     0.0%     0.0%    46.0%       12%/9%/79%    0.000    0.387   100.0%     0.0%   2.3097   0.0012     1.0%
  [LateGuard] restore best_model at ep1265 (drop=0.454, freeze=False)
  1266    20.2s    0.0031     0.0%     0.0%    42.1%        8%/9%/82%    0.000    0.539    90.0%     0.0%   2.2455   0.0057     1.7%
  1267     5.9s    0.0007    10.0%    10.0%    62.3%       13%/8%/79%    1.229    0.523    90.0%     0.0%   2.3330  -0.0006     2.1%
  1268    12.9s    0.0046     0.0%     0.0%    42.6%      13%/13%/74%    0.000    0.600   100.0%     0.0%   2.4481   0.0036     2.1%
  1269    18.4s    0.0016     5.0%     5.0%    42.0%      19%/14%/67%    2.752    0.434    90.0%     0.0%   2.2122   0.0066     2.2%
  1270     4.4s    0.0064    85.0%    85.0%    95.5%      14%/17%/69%    1.112    0.234    15.0%     0.0%   2.1402   0.0062     2.2%
  [MA20] reward=0.0026 task_sr=9.8% miss=85.0% time_limit=0.0% v2v=76.5%
  [RWRD] r_prog=0.0175 r_term=0.0466 r_illegal=0.0000
  [PPO ] p_loss=-0.0346 v_loss=1.3605 entropy=2.1402 grad=35.2112 active=100.0%
  [SIM ] avg_power(a)=0.5183 rsu_q=0.043 tx=109 no_tx=20 deadlock=0 svc=0.000GHz idle=0.0%
  1271    19.9s    0.0032     5.0%     5.0%    35.0%      11%/10%/80%    1.217    0.560    95.0%     0.0%   2.8678   0.0072     2.0%
  1272    21.2s    0.0027     0.0%     0.0%    52.6%      14%/14%/71%    0.000    0.483    95.0%     0.0%   2.1957   0.0063     1.6%
  1273    13.4s    0.0034     0.0%     0.0%    41.2%        8%/9%/84%    0.000    0.546   100.0%     0.0%   2.5387   0.0110     1.8%
  1274     6.3s   -0.0004     5.0%     5.0%    62.5%      11%/13%/76%    0.540    0.574    95.0%     0.0%   2.4138   0.0058     2.1%
  1275     5.8s   -0.0011     5.0%     5.0%    55.7%       19%/8%/73%    0.554    0.497    95.0%     0.0%   2.1901   0.0077     2.3%
  1276     5.8s    0.0050    55.0%    55.0%    81.2%       9%/21%/70%    0.976    0.290    40.0%     0.0%   2.3232   0.0032     2.5%
  1277     6.6s    0.0007    10.0%    10.0%    58.4%      12%/10%/77%    0.717    0.384    90.0%     0.0%   2.3312   0.0119     2.1%
  1278    10.7s    0.0023     5.0%     5.0%    57.7%      12%/12%/76%    1.936    0.356    90.0%     0.0%   2.1557   0.0073     1.3%
  1279    20.7s    0.0031     0.0%     0.0%    31.9%        6%/6%/89%    0.000    0.669   100.0%     0.0%   2.4364   0.0043     1.4%
  1280     5.4s    0.0021    50.0%    50.0%    81.4%      14%/15%/71%    1.310    0.317    40.0%     0.0%   2.1432  -0.0004     1.6%
  [MA20] reward=0.0026 task_sr=13.2% miss=82.2% time_limit=0.0% v2v=75.4%
  [RWRD] r_prog=0.0184 r_term=0.0030 r_illegal=0.0000
  [PPO ] p_loss=0.0237 v_loss=0.9700 entropy=2.1432 grad=10.5265 active=100.0%
  [SIM ] avg_power(a)=0.5139 rsu_q=0.083 tx=97 no_tx=19 deadlock=0 svc=0.000GHz idle=0.0%
  [LateGuard] restore best_model at ep1280 (drop=0.313, freeze=False)

    Ep    Wall    R/step     T_SR     V_SR     S_SR            L/R/V   Lat(s)       En     Miss      Ill      Ent       KL     Clip
--------------------------------------------------------------------------------------------------------------------------------
  1281    10.7s    0.0025    10.0%    10.0%    42.1%       6%/12%/82%    0.897    0.532    90.0%     0.0%   2.8417   0.0089     2.2%
  1282     4.8s    0.0052    65.0%    65.0%    90.2%      15%/14%/71%    1.479    0.339    35.0%     0.0%   2.1844  -0.0033     2.3%
  1283    21.2s    0.0019     0.0%     0.0%    25.3%        7%/7%/85%    0.000    0.576   100.0%     0.0%   2.3803   0.0101     1.6%
  1284    21.7s    0.0029     0.0%     0.0%    28.6%       19%/7%/74%    3.427    0.451    90.0%     0.0%   2.2630   0.0058     2.1%
  1285    18.5s    0.0013     0.0%     0.0%    38.2%      13%/12%/75%    0.000    0.537    95.0%     0.0%   2.1472   0.0028     2.0%
  1286    19.5s    0.0043     5.0%     5.0%    34.0%       9%/11%/80%    1.267    0.502    95.0%     0.0%   2.6466   0.0075     1.8%
  1287    11.9s    0.0016     0.0%     0.0%    29.3%      16%/11%/73%    0.000    0.561    85.0%     0.0%   2.3602   0.0026     2.2%
  1288    21.2s    0.0026     0.0%     0.0%    31.2%       10%/7%/83%    0.000    0.506    85.0%     0.0%   2.4026   0.0046     1.1%
  1289     5.1s    0.0024    45.0%    45.0%    81.0%      12%/15%/72%    1.299    0.337    55.0%     0.0%   2.1299   0.0004     1.6%
  1290     5.6s    0.0010    25.0%    25.0%    67.7%      11%/10%/79%    1.035    0.357    65.0%     0.0%   2.2552   0.0070     1.5%
  [MA20] reward=0.0023 task_sr=14.3% miss=81.7% time_limit=0.0% v2v=77.1%
  [RWRD] r_prog=0.0311 r_term=-0.0215 r_illegal=0.0000
  [PPO ] p_loss=-0.0364 v_loss=0.8948 entropy=2.2552 grad=10.0171 active=100.0%
  [SIM ] avg_power(a)=0.5021 rsu_q=0.174 tx=90 no_tx=14 deadlock=0 svc=0.000GHz idle=0.0%
  1291    10.2s    0.0011     5.0%     5.0%    50.5%      13%/12%/75%    1.481    0.419    80.0%     0.0%   2.3113   0.0033     1.8%
  1292    15.2s    0.0018     0.0%     0.0%    39.7%       6%/14%/80%    0.000    0.477    90.0%     0.0%   2.4500   0.0013     2.6%
  1293    27.4s    0.0040    10.0%    10.0%    38.7%       9%/13%/78%    2.855    0.510    85.0%     0.0%   2.4157   0.0049     2.5%
  1294     6.5s    0.0022    35.0%    35.0%    73.1%      13%/12%/75%    1.047    0.341    65.0%     0.0%   2.2497   0.0044     2.3%
  1295     9.8s    0.0020    15.0%    15.0%    56.2%      12%/13%/75%    2.030    0.435    75.0%     0.0%   2.2525   0.0136     2.2%
  [LateGuard] restore best_model at ep1295 (drop=0.288, freeze=False)
  1296    12.2s    0.0029     5.0%     5.0%    46.8%      16%/12%/72%    2.124    0.482    95.0%     0.0%   2.1403   0.0016     1.8%
  1297    11.1s    0.0027     5.0%     5.0%    52.0%      13%/13%/74%    2.228    0.355    85.0%     0.0%   2.2399   0.0092     1.7%
  1298     9.6s    0.0011     5.0%     5.0%    65.2%      12%/17%/71%    1.647    0.476    85.0%     0.0%   2.1128   0.0086     1.3%
  1299    32.8s    0.0032     5.0%     5.0%    24.4%      14%/10%/77%    2.174    0.453    95.0%     0.0%   2.8711   0.0032     1.9%
  1300    11.4s    0.0014     0.0%     0.0%    44.8%       9%/13%/78%    0.000    0.642   100.0%     0.0%   2.3339   0.0069     1.9%
  [MA20] reward=0.0024 task_sr=11.7% miss=82.5% time_limit=0.0% v2v=76.4%
  [RWRD] r_prog=0.0471 r_term=-0.0330 r_illegal=0.0000
  [PPO ] p_loss=0.0019 v_loss=0.6608 entropy=2.3339 grad=12.0270 active=100.0%
  [SIM ] avg_power(a)=0.4958 rsu_q=0.161 tx=119 no_tx=13 deadlock=0 svc=0.000GHz idle=0.0%
  [Checkpoint] saved: ep1300.pth

    Ep    Wall    R/step     T_SR     V_SR     S_SR            L/R/V   Lat(s)       En     Miss      Ill      Ent       KL     Clip
--------------------------------------------------------------------------------------------------------------------------------
  1301    11.5s    0.0028     5.0%     5.0%    54.4%      15%/12%/73%    1.953    0.527    80.0%     0.0%   2.1779  -0.0012     1.3%
  1302    11.4s    0.0008     5.0%     5.0%    45.8%       7%/14%/79%    2.187    0.521    95.0%     0.0%   2.3067   0.0028     1.7%
  1303    11.1s    0.0024     5.0%     5.0%    53.7%      10%/11%/79%    1.826    0.467    90.0%     0.0%   2.2363   0.0067     1.6%
  1304     8.0s    0.0001    20.0%    20.0%    55.9%      11%/17%/72%    0.807    0.406    80.0%     0.0%   2.4140   0.0058     2.3%
  1305    22.6s    0.0014     5.0%     5.0%    48.6%      17%/15%/68%    3.476    0.475    95.0%     0.0%   2.2626   0.0062     1.1%
  1306    11.8s    0.0023     0.0%     0.0%    31.5%        7%/8%/86%    0.000    0.505   100.0%     0.0%   2.3977   0.0081     1.8%
  1307     9.5s    0.0031    10.0%    10.0%    46.3%       12%/8%/80%    1.662    0.388    80.0%     0.0%   2.1880   0.0043     1.6%
  1308     5.9s   -0.0016    15.0%    15.0%    62.5%      12%/12%/76%    1.412    0.441    80.0%     0.0%   2.2528   0.0004     1.7%
  1309     4.6s    0.0029    55.0%    55.0%    77.5%       9%/13%/78%    0.930    0.341    35.0%     0.0%   2.2300   0.0079     0.9%
  1310     5.7s    0.0005    20.0%    20.0%    64.2%      14%/11%/75%    1.501    0.414    70.0%     0.0%   2.2129   0.0046     1.5%
  [MA20] reward=0.0019 task_sr=11.2% miss=83.0% time_limit=0.0% v2v=76.0%
  [RWRD] r_prog=0.0324 r_term=-0.0275 r_illegal=0.0000
  [PPO ] p_loss=0.0053 v_loss=0.9632 entropy=2.2129 grad=14.1608 active=100.0%
  [SIM ] avg_power(a)=0.5042 rsu_q=0.417 tx=89 no_tx=18 deadlock=0 svc=0.000GHz idle=0.0%
  [LateGuard] restore best_model at ep1310 (drop=0.215, freeze=False)
  1311     5.4s    0.0009    25.0%    25.0%    64.2%       9%/16%/75%    1.150    0.354    75.0%     0.0%   2.2841   0.0053     1.4%
  1312     6.9s    0.0005    25.0%    25.0%    65.7%      15%/16%/69%    1.128    0.345    55.0%     0.0%   2.3505   0.0114     2.0%
  1313    11.5s    0.0031     0.0%     0.0%    43.1%      10%/12%/79%    0.000    0.548   100.0%     0.0%   2.3343   0.0037     2.2%
  1314     9.1s    0.0027     5.0%     5.0%    60.0%      16%/14%/71%    2.260    0.413    90.0%     0.0%   2.1911   0.0041     1.1%
  1315     4.9s    0.0043    50.0%    50.0%    75.4%      10%/16%/73%    1.009    0.343    50.0%     0.0%   2.2857  -0.0006     1.2%
  1316     5.5s    0.0005    35.0%    35.0%    74.4%      15%/18%/67%    0.818    0.279    60.0%     0.0%   2.2597   0.0038     1.1%
  1317    20.9s    0.0033     0.0%     0.0%    28.4%        9%/7%/84%    0.000    0.726   100.0%     0.0%   2.3710   0.0051     1.7%
  1318    10.5s    0.0021     0.0%     0.0%    36.6%      14%/12%/74%    0.000    0.513    85.0%     0.0%   2.2037   0.0047     1.9%
  1319     8.2s   -0.0003    10.0%    10.0%    50.4%       12%/6%/82%    0.964    0.476    85.0%     0.0%   2.5373   0.0035     1.9%
  1320    18.6s    0.0016     0.0%     0.0%    33.7%        8%/8%/83%    0.000    0.482   100.0%     0.0%   2.2805   0.0056     1.9%
  [MA20] reward=0.0017 task_sr=14.5% miss=80.2% time_limit=0.0% v2v=76.1%
  [RWRD] r_prog=0.0417 r_term=-0.0253 r_illegal=0.0000
  [PPO ] p_loss=0.0016 v_loss=0.6972 entropy=2.2805 grad=12.1422 active=100.0%
  [SIM ] avg_power(a)=0.5190 rsu_q=0.100 tx=127 no_tx=12 deadlock=0 svc=0.000GHz idle=0.0%

    Ep    Wall    R/step     T_SR     V_SR     S_SR            L/R/V   Lat(s)       En     Miss      Ill      Ent       KL     Clip
--------------------------------------------------------------------------------------------------------------------------------
  1321    24.0s    0.0023     0.0%     0.0%    26.3%       5%/12%/82%    0.000    0.442   100.0%     0.0%   3.0188   0.0002     2.4%
  1322    11.7s    0.0027     0.0%     0.0%    45.2%       11%/9%/80%    0.000    0.558   100.0%     0.0%   2.4354   0.0109     1.3%
  1323     6.0s    0.0020    45.0%    45.0%    75.7%      14%/14%/72%    1.094    0.318    55.0%     0.0%   2.0457  -0.0021     0.7%
  1324     7.0s    0.0009     0.0%     0.0%    46.3%        8%/5%/86%    0.000    0.561    95.0%     0.0%   2.3583   0.0052     2.0%
  1325    15.5s    0.0031    10.0%    10.0%    53.7%      17%/14%/68%    3.022    0.369    75.0%     0.0%   2.0933   0.0066     1.2%
  1326    18.7s    0.0021     0.0%     0.0%    43.8%      13%/14%/73%    0.000    0.431    95.0%     0.0%   2.0769   0.0073     0.9%
  1327    10.3s    0.0027     0.0%     0.0%    46.6%      11%/14%/75%    0.000    0.433    90.0%     0.0%   2.1780   0.0090     1.5%
  1328     5.2s    0.0029    60.0%    60.0%    79.4%      21%/11%/68%    1.224    0.206    30.0%     0.0%   2.2045   0.0025     0.7%
  1329    11.1s    0.0019     0.0%     0.0%    39.0%       9%/14%/77%    0.000    0.429   100.0%     0.0%   2.1192  -0.0008     1.1%
  1330     5.3s    0.0005    30.0%    30.0%    68.4%       9%/16%/75%    1.076    0.290    70.0%     0.0%   2.1087   0.0078     0.7%
  [MA20] reward=0.0020 task_sr=14.8% miss=80.5% time_limit=0.0% v2v=75.7%
  [RWRD] r_prog=0.0164 r_term=-0.0110 r_illegal=0.0000
  [PPO ] p_loss=0.0269 v_loss=0.9330 entropy=2.1087 grad=8.5018 active=100.0%
  [SIM ] avg_power(a)=0.5084 rsu_q=0.375 tx=100 no_tx=11 deadlock=0 svc=0.000GHz idle=0.0%
  1331    20.4s    0.0046     0.0%     0.0%    26.5%        5%/7%/89%    0.000    0.573   100.0%     0.0%   3.0407   0.0011     0.9%
  1332     8.8s    0.0016     5.0%     5.0%    42.1%       8%/11%/81%    0.852    0.480    95.0%     0.0%   2.6125   0.0046     1.1%
  1333    21.9s    0.0037     0.0%     0.0%    19.3%        4%/5%/91%    0.000    0.568    95.0%     0.0%   2.9694   0.0076     1.2%
  1334    15.0s    0.0043     5.0%     5.0%    38.5%       12%/9%/79%    2.099    0.539    85.0%     0.0%   2.5164   0.0024     0.9%
  1335    10.7s    0.0016     5.0%     5.0%    41.1%      10%/10%/80%    2.087    0.396    75.0%     0.0%   2.3132   0.0046     0.9%
  1336    19.8s    0.0034     5.0%     5.0%    37.4%      14%/12%/75%    2.519    0.587    90.0%     0.0%   2.2134   0.0060     0.4%
  1337     6.5s    0.0022    35.0%    35.0%    66.4%       9%/14%/76%    0.873    0.361    65.0%     0.0%   2.3940   0.0071     0.4%
  1338    18.3s    0.0044    15.0%    15.0%    39.0%      11%/16%/73%    2.002    0.557    85.0%     0.0%   2.6548   0.0101     0.4%
  1339    11.4s    0.0012     0.0%     0.0%    35.9%       9%/11%/80%    0.000    0.515   100.0%     0.0%   2.3641   0.0009     0.7%
  1340    29.2s    0.0016    15.0%    15.0%    41.1%      13%/17%/70%    2.561    0.442    85.0%     0.0%   2.4716   0.0067     0.5%
  [MA20] reward=0.0025 task_sr=11.5% miss=84.2% time_limit=0.0% v2v=77.5%
  [RWRD] r_prog=0.0334 r_term=-0.0177 r_illegal=0.0000
  [PPO ] p_loss=0.0155 v_loss=0.7853 entropy=2.4716 grad=5.6520 active=100.0%
  [SIM ] avg_power(a)=0.5228 rsu_q=0.316 tx=131 no_tx=21 deadlock=0 svc=0.000GHz idle=0.0%
  [LateGuard] restore best_model at ep1340 (drop=0.258, freeze=False)

    Ep    Wall    R/step     T_SR     V_SR     S_SR            L/R/V   Lat(s)       En     Miss      Ill      Ent       KL     Clip
--------------------------------------------------------------------------------------------------------------------------------
  1341    10.4s    0.0007    10.0%    10.0%    42.2%      11%/10%/78%    1.122    0.465    75.0%     0.0%   2.6514   0.0072     2.0%
  1342    18.2s    0.0018     5.0%     5.0%    48.0%      13%/16%/71%    2.863    0.517    95.0%     0.0%   2.2033   0.0085     1.8%
  1343    12.3s    0.0017    10.0%    10.0%    42.9%       7%/14%/79%    0.689    0.448    90.0%     0.0%   2.8956   0.0030     2.5%
  1344    10.0s    0.0021     5.0%     5.0%    48.2%      14%/13%/72%    2.028    0.498    80.0%     0.0%   2.3547   0.0034     1.2%
  1345    11.4s    0.0020     0.0%     0.0%    41.2%      15%/10%/75%    0.000    0.464   100.0%     0.0%   2.3955   0.0043     1.4%
  1346    12.6s    0.0032     0.0%     0.0%    44.3%       9%/12%/79%    0.000    0.627   100.0%     0.0%   2.4772 -8.56e-05     1.0%
  1347    10.7s    0.0040    30.0%    30.0%    68.0%      10%/20%/70%    1.864    0.317    55.0%     0.0%   2.1321   0.0105     0.5%
  1348    12.3s    0.0007     0.0%     0.0%    34.3%        7%/7%/85%    0.000    0.554    95.0%     0.0%   2.4438   0.0071     0.9%
  1349     7.1s   -0.0009     5.0%     5.0%    57.0%        9%/6%/86%    1.443    0.375    85.0%     0.0%   2.3155   0.0026     1.0%
  1350    10.5s    0.0038     0.0%     0.0%    58.9%      10%/11%/79%    0.000    0.317    90.0%     0.0%   2.1592   0.0009     1.2%
  [MA20] reward=0.0024 task_sr=7.5% miss=87.0% time_limit=0.0% v2v=78.4%
  [RWRD] r_prog=0.0747 r_term=-0.0368 r_illegal=0.0000
  [PPO ] p_loss=0.0076 v_loss=1.0276 entropy=2.1592 grad=8.5793 active=100.0%
  [SIM ] avg_power(a)=0.4921 rsu_q=0.379 tx=130 no_tx=19 deadlock=0 svc=0.000GHz idle=0.0%
  1351    11.8s    0.0029     5.0%     5.0%    38.3%      11%/10%/79%    1.344    0.556    85.0%     0.0%   2.4242  -0.0002     1.1%
  1352    12.6s    0.0022     0.0%     0.0%    39.1%      13%/17%/70%    0.000    0.537   100.0%     0.0%   2.2396   0.0048     1.1%
  1353     7.0s    0.0010    15.0%    15.0%    68.9%      13%/13%/74%    0.721    0.441    70.0%     0.0%   2.3905   0.0004     1.2%
  1354    20.3s    0.0039    15.0%    15.0%    46.5%       8%/17%/76%    2.443    0.606    85.0%     0.0%   2.3973   0.0017     0.7%
  1355    11.0s    0.0024    10.0%    10.0%    52.7%      14%/11%/75%    2.146    0.449    80.0%     0.0%   2.2376   0.0058     0.9%
  [LateGuard] restore best_model at ep1355 (drop=0.276, freeze=False)
  1356    18.1s    0.0032     5.0%     5.0%    35.1%       7%/12%/81%    1.136    0.512    90.0%     0.0%   2.6709  -0.0008     2.4%
  1357    12.3s    0.0018     5.0%     5.0%    46.5%      14%/15%/71%    1.934    0.493    90.0%     0.0%   2.3228   0.0043     1.9%
  1358     5.6s    0.0034    35.0%    35.0%    63.6%      15%/13%/72%    0.792    0.354    60.0%     0.0%   2.2246   0.0187     1.6%
  1359     5.9s    0.0005    30.0%    30.0%    60.9%       7%/11%/82%    0.977    0.302    60.0%     0.0%   2.2488   0.0028     2.2%
  1360    22.8s    0.0015     0.0%     0.0%    38.2%      11%/11%/78%    0.000    0.487   100.0%     0.0%   2.5219   0.0035     2.3%
  [MA20] reward=0.0021 task_sr=9.2% miss=84.2% time_limit=0.0% v2v=76.7%
  [RWRD] r_prog=0.0420 r_term=-0.0266 r_illegal=0.0000
  [PPO ] p_loss=-0.0055 v_loss=0.6616 entropy=2.5219 grad=9.6855 active=100.0%
  [SIM ] avg_power(a)=0.5049 rsu_q=0.053 tx=136 no_tx=17 deadlock=0 svc=0.000GHz idle=0.0%

    Ep    Wall    R/step     T_SR     V_SR     S_SR            L/R/V   Lat(s)       En     Miss      Ill      Ent       KL     Clip
--------------------------------------------------------------------------------------------------------------------------------
  1361    11.8s    0.0011     0.0%     0.0%    38.2%       9%/11%/80%    0.000    0.387   100.0%     0.0%   2.3570   0.0043     2.4%
  1362    12.7s    0.0018     0.0%     0.0%    43.2%       10%/9%/81%    0.000    0.560    95.0%     0.0%   2.4690   0.0001     2.7%
  1363    11.0s    0.0029     5.0%     5.0%    58.0%      11%/13%/76%    2.227    0.521    90.0%     0.0%   2.4400   0.0056     1.7%
  1364    12.4s    0.0051     0.0%     0.0%    48.2%       9%/11%/80%    0.000    0.468    90.0%     0.0%   2.3761   0.0078     1.8%
  1365    12.4s    0.0024    10.0%    10.0%    42.2%      13%/18%/69%    1.842    0.501    75.0%     0.0%   2.2639   0.0094     1.8%
  1366    13.8s    0.0015     0.0%     0.0%    51.5%      13%/12%/74%    0.000    0.423    95.0%     0.0%   2.3625   0.0061     1.9%
  1367     6.0s    0.0032    45.0%    45.0%    69.4%      10%/15%/76%    1.209    0.324    50.0%     0.0%   2.1138   0.0046     1.4%
  1368     5.5s    0.0032    35.0%    35.0%    73.1%      11%/13%/77%    1.215    0.324    55.0%     0.0%   2.1218   0.0113     2.4%
  1369    12.7s    0.0014     0.0%     0.0%    42.9%       9%/13%/78%    0.000    0.533   100.0%     0.0%   2.4931   0.0024     2.0%
  1370    13.9s    0.0048     0.0%     0.0%    50.0%      12%/11%/77%    0.000    0.465    95.0%     0.0%   2.2459   0.0106     1.5%
  [MA20] reward=0.0025 task_sr=10.8% miss=83.2% time_limit=0.0% v2v=76.4%
  [RWRD] r_prog=0.0844 r_term=-0.0368 r_illegal=0.0000
  [PPO ] p_loss=-0.0022 v_loss=0.8874 entropy=2.2459 grad=10.0518 active=100.0%
  [SIM ] avg_power(a)=0.5061 rsu_q=0.241 tx=115 no_tx=18 deadlock=0 svc=0.000GHz idle=0.0%
  [LateGuard] restore best_model at ep1370 (drop=0.374, freeze=False)
  1371    34.6s    0.0032     0.0%     0.0%    20.9%        5%/6%/89%    0.000    0.639   100.0%     0.0%   3.0308   0.0024     2.2%
  1372    11.4s    0.0026    15.0%    15.0%    57.6%      13%/15%/72%    2.010    0.383    75.0%     0.0%   2.2896   0.0058     1.7%
  1373     5.2s    0.0016    25.0%    25.0%    64.4%       8%/15%/76%    0.795    0.288    75.0%     0.0%   2.1828   0.0066     1.6%
  1374    22.6s    0.0018     0.0%     0.0%    31.5%      11%/10%/79%    0.000    0.589    85.0%     0.0%   2.4080   0.0065     1.7%
  1375     7.1s    0.0022    20.0%    20.0%    58.3%       9%/11%/80%    0.868    0.474    80.0%     0.0%   2.3487  -0.0009     3.0%
  1376    18.0s    0.0024     5.0%     5.0%    50.7%      15%/15%/70%    2.951    0.475    80.0%     0.0%   2.2087   0.0063     1.6%
  1377    18.9s    0.0027     0.0%     0.0%    43.0%      13%/15%/73%    0.000    0.634    80.0%     0.0%   2.2554   0.0066     1.3%
  1378    10.9s    0.0054    25.0%    25.0%    52.6%      11%/15%/73%    1.904    0.331    70.0%     0.0%   2.2750   0.0068     0.9%
  1379    17.8s    0.0015     0.0%     0.0%    29.0%      12%/11%/77%    0.000    0.583   100.0%     0.0%   2.2704   0.0083     1.7%
  1380    11.8s    0.0046    15.0%    15.0%    62.9%      12%/16%/72%    2.121    0.460    85.0%     0.0%   2.2802   0.0015     1.2%
  [MA20] reward=0.0028 task_sr=10.0% miss=83.8% time_limit=0.0% v2v=76.5%
  [RWRD] r_prog=0.0699 r_term=-0.0243 r_illegal=0.0000
  [PPO ] p_loss=-0.0057 v_loss=0.7663 entropy=2.2802 grad=6.0248 active=100.0%
  [SIM ] avg_power(a)=0.4933 rsu_q=0.172 tx=135 no_tx=22 deadlock=0 svc=0.000GHz idle=0.0%

    Ep    Wall    R/step     T_SR     V_SR     S_SR            L/R/V   Lat(s)       En     Miss      Ill      Ent       KL     Clip
--------------------------------------------------------------------------------------------------------------------------------
  1381    25.3s    0.0042     0.0%     0.0%    25.5%       5%/10%/85%    0.000    0.606   100.0%     0.0%   3.0433   0.0061     1.4%
  1382     9.4s    0.0010    15.0%    15.0%    41.0%       15%/9%/76%    0.678    0.547    85.0%     0.0%   2.4308   0.0054     1.1%
  1383    10.1s    0.0016    10.0%    10.0%    51.3%       7%/17%/77%    2.337    0.434    80.0%     0.0%   2.1633   0.0015     1.1%
  1384    10.7s    0.0012     0.0%     0.0%    48.4%      10%/11%/78%    0.000    0.457   100.0%     0.0%   2.3089   0.0104     0.9%
  1385    21.5s    0.0027     0.0%     0.0%    29.7%       8%/13%/79%    0.000    0.436   100.0%     0.0%   2.2581   0.0016     1.1%
  [LateGuard] restore best_model at ep1385 (drop=0.411, freeze=False)
  1386    17.2s    0.0037     0.0%     0.0%    37.8%      13%/13%/74%    0.000    0.564    95.0%     0.0%   2.2852   0.0037     1.7%
  1387    10.8s    0.0015     5.0%     5.0%    55.6%      14%/14%/71%    1.879    0.495    90.0%     0.0%   2.1479   0.0081     0.7%
  1388     5.2s    0.0019    35.0%    35.0%    74.0%      10%/13%/77%    0.847    0.387    60.0%     0.0%   2.1860   0.0068     0.7%
  1389    11.5s    0.0029    15.0%    15.0%    41.9%      14%/12%/74%    1.601    0.378    80.0%     0.0%   2.3006   0.0071     1.8%
  1390     4.0s    0.0029    60.0%    60.0%    87.8%       8%/16%/77%    1.136    0.226    20.0%     0.0%   2.2127   0.0044     1.1%
  [MA20] reward=0.0026 task_sr=12.3% miss=82.0% time_limit=0.0% v2v=76.4%
  [RWRD] r_prog=0.0173 r_term=0.0116 r_illegal=0.0000
  [PPO ] p_loss=0.0304 v_loss=1.0774 entropy=2.2127 grad=18.5833 active=100.0%
  [SIM ] avg_power(a)=0.5059 rsu_q=0.524 tx=103 no_tx=10 deadlock=0 svc=0.000GHz idle=0.0%
  1391    21.8s    0.0018     5.0%     5.0%    43.5%      14%/15%/70%    3.084    0.556    85.0%     0.0%   2.3070   0.0088     1.7%
  1392    11.1s    0.0034     0.0%     0.0%    54.2%       7%/15%/78%    0.000    0.538    90.0%     0.0%   2.3181   0.0001     1.6%
  1393    12.0s    0.0040    15.0%    15.0%    56.6%      18%/11%/71%    2.137    0.571    80.0%     0.0%   2.2159   0.0046     1.1%
  1394     4.7s    0.0030    35.0%    35.0%    82.5%      12%/10%/78%    1.264    0.410    60.0%     0.0%   2.1574   0.0092     1.0%
  1395    10.6s    0.0018     5.0%     5.0%    62.4%      13%/17%/71%    1.383    0.465    85.0%     0.0%   2.2230   0.0013     1.8%
  1396    12.6s    0.0029    10.0%    10.0%    48.3%      14%/12%/74%    2.029    0.513    85.0%     0.0%   2.1891   0.0058     1.2%
  1397    17.0s    0.0028    15.0%    15.0%    34.8%      11%/16%/73%    1.550    0.523    85.0%     0.0%   2.6147  -0.0023     2.3%
  1398    10.5s    0.0042     5.0%     5.0%    53.0%       8%/13%/79%    1.537    0.508    90.0%     0.0%   2.2079   0.0036     1.6%
  1399    11.0s    0.0029     0.0%     0.0%    35.9%      11%/12%/77%    0.000    0.643    95.0%     0.0%   2.1526   0.0006     1.1%
  1400    11.9s    0.0020     0.0%     0.0%    55.5%      15%/15%/71%    0.000    0.449    95.0%     0.0%   2.2151   0.0021     1.1%
  [MA20] reward=0.0026 task_sr=11.5% miss=83.0% time_limit=0.0% v2v=75.4%
  [RWRD] r_prog=0.0541 r_term=-0.0345 r_illegal=0.0000
  [PPO ] p_loss=0.0190 v_loss=0.7946 entropy=2.2151 grad=8.0108 active=100.0%
  [SIM ] avg_power(a)=0.5123 rsu_q=0.226 tx=116 no_tx=24 deadlock=0 svc=0.000GHz idle=0.0%
  [LateGuard] restore best_model at ep1400 (drop=0.325, freeze=False)
  [Checkpoint] saved: ep1400.pth

    Ep    Wall    R/step     T_SR     V_SR     S_SR            L/R/V   Lat(s)       En     Miss      Ill      Ent       KL     Clip
--------------------------------------------------------------------------------------------------------------------------------
  1401    22.8s    0.0037     5.0%     5.0%    36.2%       15%/9%/76%    1.023    0.593    95.0%     0.0%   2.8568   0.0054     1.7%
  1402    11.6s    0.0023     0.0%     0.0%    37.2%       12%/9%/78%    0.000    0.624   100.0%     0.0%   2.2181   0.0060     1.9%
  1403    22.4s    0.0060     0.0%     0.0%    26.3%        6%/6%/89%    0.000    0.599   100.0%     0.0%   3.0712   0.0023     2.0%
  1404     9.8s    0.0020     5.0%     5.0%    61.1%       14%/8%/78%    1.813    0.409    85.0%     0.0%   2.2560   0.0072     1.5%
  1405     5.5s    0.0035    50.0%    50.0%    68.8%       9%/17%/74%    1.116    0.234    50.0%     0.0%   2.2159   0.0008     1.9%
  1406    12.9s    0.0018     5.0%     5.0%    52.5%       9%/15%/76%    2.138    0.522    95.0%     0.0%   2.3348   0.0083     1.1%
  1407     4.9s    0.0031    55.0%    55.0%    79.5%       7%/16%/77%    0.978    0.218    40.0%     0.0%   2.2586   0.0006     1.6%
  1408    21.9s    0.0020     5.0%     5.0%    40.8%      18%/14%/68%    3.299    0.456    90.0%     0.0%   2.3967   0.0067     1.4%
  1409    19.0s    0.0033     0.0%     0.0%    32.1%        9%/8%/82%    0.000    0.600   100.0%     0.0%   2.3507   0.0083     1.6%
  1410     6.5s    0.0021    25.0%    25.0%    67.4%      15%/12%/73%    1.236    0.451    75.0%     0.0%   2.3218   0.0009     1.6%
  [MA20] reward=0.0029 task_sr=12.0% miss=84.0% time_limit=0.0% v2v=75.6%
  [RWRD] r_prog=0.0370 r_term=-0.0160 r_illegal=0.0000
  [PPO ] p_loss=0.0029 v_loss=0.8235 entropy=2.3218 grad=19.0965 active=100.0%
  [SIM ] avg_power(a)=0.4983 rsu_q=0.040 tx=95 no_tx=19 deadlock=0 svc=0.000GHz idle=0.0%
  1411    10.7s    0.0033     5.0%     5.0%    63.4%      12%/10%/78%    1.460    0.447    95.0%     0.0%   2.1497   0.0128     1.4%
  1412    11.8s    0.0030    15.0%    15.0%    60.6%       8%/18%/74%    1.906    0.316    80.0%     0.0%   2.2342   0.0110     1.1%
  1413    16.2s    0.0023     0.0%     0.0%    45.6%      11%/11%/78%    0.000    0.397    85.0%     0.0%   2.1833   0.0040     1.5%
  1414     4.9s    0.0031    50.0%    50.0%    78.4%      13%/10%/76%    1.100    0.305    45.0%     0.0%   2.2005   0.0032     1.0%
  1415     6.3s    0.0005    20.0%    20.0%    59.5%       6%/14%/80%    1.101    0.254    65.0%     0.0%   2.3515   0.0015     1.5%
  [LateGuard] restore best_model at ep1415 (drop=0.196, freeze=False)
  1416    16.5s    0.0023    10.0%    10.0%    39.4%      15%/10%/75%    1.198    0.432    90.0%     0.0%   2.5864   0.0022     2.1%
  1417    11.9s    0.0030     0.0%     0.0%    45.0%       9%/14%/77%    0.000    0.477    90.0%     0.0%   2.2906   0.0092     1.9%
  1418    22.4s    0.0041     0.0%     0.0%    23.6%        3%/7%/90%    0.000    0.517   100.0%     0.0%   3.0439   0.0051     2.1%
  1419    11.0s    0.0050    10.0%    10.0%    54.6%       10%/8%/83%    2.218    0.494    85.0%     0.0%   2.2117   0.0063     1.4%
  1420    11.7s    0.0021     5.0%     5.0%    43.4%      10%/12%/78%    1.873    0.459    85.0%     0.0%   2.3737   0.0020     1.2%
  [MA20] reward=0.0029 task_sr=13.2% miss=82.5% time_limit=0.0% v2v=78.0%
  [RWRD] r_prog=0.0559 r_term=-0.0346 r_illegal=0.0000
  [PPO ] p_loss=-0.0011 v_loss=0.7807 entropy=2.3737 grad=13.9211 active=100.0%
  [SIM ] avg_power(a)=0.5216 rsu_q=0.103 tx=119 no_tx=13 deadlock=0 svc=0.000GHz idle=0.0%

    Ep    Wall    R/step     T_SR     V_SR     S_SR            L/R/V   Lat(s)       En     Miss      Ill      Ent       KL     Clip
--------------------------------------------------------------------------------------------------------------------------------
  1421    17.7s    0.0032     0.0%     0.0%    36.6%      10%/12%/78%    0.000    0.587    85.0%     0.0%   2.2361   0.0041     1.2%
  1422     5.2s    0.0015    25.0%    25.0%    76.3%       16%/8%/76%    1.410    0.355    75.0%     0.0%   2.1296   0.0073     0.6%
  1423    11.5s    0.0010     0.0%     0.0%    46.2%       6%/11%/83%    0.000    0.518   100.0%     0.0%   2.3941   0.0037     1.0%
  1424     5.5s    0.0005    15.0%    15.0%    65.2%       10%/9%/81%    1.074    0.383    70.0%     0.0%   2.2247  -0.0012     1.6%
  1425     9.0s    0.0023    10.0%    10.0%    60.6%      13%/10%/78%    2.121    0.453    90.0%     0.0%   2.0298   0.0065     1.1%
  1426     5.7s    0.0005    15.0%    15.0%    69.8%        9%/9%/82%    1.471    0.356    80.0%     0.0%   2.3308   0.0046     0.9%
  1427     6.0s   -0.0007     5.0%     5.0%    65.1%        8%/3%/89%    0.846    0.401    95.0%     0.0%   2.3387  -0.0003     1.1%
  1428     6.8s    0.0019    25.0%    25.0%    60.3%        6%/4%/90%    1.594    0.447    75.0%     0.0%   2.3835   0.0107     0.8%
  1429    16.5s    0.0024     5.0%     5.0%    50.4%      15%/12%/72%    3.477    0.468    85.0%     0.0%   2.1622   0.0028     1.0%
  1430    16.3s    0.0017    15.0%    15.0%    32.7%      16%/11%/74%    1.683    0.352    80.0%     0.0%   2.5359  -0.0006     1.4%
  [MA20] reward=0.0022 task_sr=11.5% miss=82.7% time_limit=0.0% v2v=79.7%
  [RWRD] r_prog=0.0406 r_term=-0.0239 r_illegal=0.0000
  [PPO ] p_loss=-0.0008 v_loss=0.7732 entropy=2.5359 grad=4.8266 active=100.0%
  [SIM ] avg_power(a)=0.4985 rsu_q=0.367 tx=92 no_tx=19 deadlock=0 svc=0.000GHz idle=0.0%
  [LateGuard] restore best_model at ep1430 (drop=0.252, freeze=False)
  1431    16.7s    0.0036     0.0%     0.0%    37.7%      16%/14%/70%    0.000    0.544    80.0%     0.0%   2.1878   0.0026     2.0%
  1432    19.1s    0.0032    10.0%    10.0%    50.7%      14%/12%/74%    3.005    0.441    80.0%     0.0%   2.1852   0.0031     1.3%
  1433    20.3s    0.0026     0.0%     0.0%    32.0%       10%/9%/81%    0.000    0.509    85.0%     0.0%   2.5089   0.0056     2.1%
  1434     5.1s    0.0041    50.0%    50.0%    86.3%       8%/12%/80%    1.274    0.334    50.0%     0.0%   2.1195   0.0053     0.9%
  1435    12.2s    0.0010     0.0%     0.0%    47.0%      16%/11%/73%    0.000    0.447   100.0%     0.0%   2.0953   0.0041     1.4%
  1436    12.9s    0.0011     0.0%     0.0%    51.0%      10%/12%/78%    0.000    0.449   100.0%     0.0%   2.4015   0.0062     1.2%
  1437    11.7s    0.0030     0.0%     0.0%    50.5%       7%/13%/79%    0.000    0.567   100.0%     0.0%   2.2819   0.0068     1.7%
  1438     7.1s    0.0002    15.0%    15.0%    54.6%       11%/7%/82%    1.199    0.492    80.0%     0.0%   2.4937   0.0106     1.0%
  1439    11.6s    0.0038    15.0%    15.0%    58.3%      16%/14%/70%    1.604    0.390    85.0%     0.0%   2.2041   0.0073     1.3%
  1440    21.4s    0.0031     0.0%     0.0%    44.2%      10%/13%/77%    0.000    0.544    85.0%     0.0%   2.2584   0.0059     1.2%
  [MA20] reward=0.0020 task_sr=10.2% miss=84.0% time_limit=0.0% v2v=78.3%
  [RWRD] r_prog=0.0617 r_term=-0.0306 r_illegal=0.0000
  [PPO ] p_loss=-0.0032 v_loss=0.7575 entropy=2.2584 grad=14.1405 active=100.0%
  [SIM ] avg_power(a)=0.5056 rsu_q=0.158 tx=136 no_tx=19 deadlock=0 svc=0.000GHz idle=0.0%

    Ep    Wall    R/step     T_SR     V_SR     S_SR            L/R/V   Lat(s)       En     Miss      Ill      Ent       KL     Clip
--------------------------------------------------------------------------------------------------------------------------------
  1441    13.7s    0.0031    15.0%    15.0%    47.5%      11%/15%/74%    1.827    0.426    80.0%     0.0%   2.4021   0.0077     1.6%
  1442    10.9s    0.0014     0.0%     0.0%    47.2%      15%/10%/75%    0.000    0.511    95.0%     0.0%   2.2656   0.0040     0.9%
  1443    10.4s    0.0022    20.0%    20.0%    62.1%       6%/15%/79%    1.930    0.340    75.0%     0.0%   2.0738   0.0074     1.2%
  1444     6.4s    0.0006    20.0%    20.0%    59.1%      15%/14%/71%    0.839    0.310    80.0%     0.0%   2.2183   0.0093     1.7%
  1445    12.2s    0.0034    10.0%    10.0%    52.4%      12%/15%/72%    2.079    0.494    85.0%     0.0%   2.2592   0.0030     1.6%
  [LateGuard] restore best_model at ep1445 (drop=0.307, freeze=False)
  1446    10.5s    0.0015    10.0%    10.0%    49.0%      11%/14%/75%    1.901    0.438    90.0%     0.0%   2.1531   0.0019     1.9%
  1447    10.6s    0.0028    30.0%    30.0%    64.9%       7%/21%/72%    1.985    0.309    65.0%     0.0%   2.1436   0.0101     2.1%
  1448    11.7s   -0.0000     5.0%     5.0%    41.9%       5%/12%/83%    1.248    0.428    95.0%     0.0%   3.0168   0.0003     2.7%
  1449     5.9s    0.0045    50.0%    50.0%    76.8%      14%/12%/74%    1.338    0.303    50.0%     0.0%   2.2169   0.0056     1.4%
  1450    15.9s    0.0035    15.0%    15.0%    44.8%      11%/11%/78%    1.514    0.459    85.0%     0.0%   2.6264   0.0010     2.1%
  [MA20] reward=0.0024 task_sr=13.2% miss=82.2% time_limit=0.0% v2v=75.8%
  [RWRD] r_prog=0.0582 r_term=-0.0236 r_illegal=0.0000
  [PPO ] p_loss=-0.0014 v_loss=0.6628 entropy=2.6264 grad=10.7000 active=100.0%
  [SIM ] avg_power(a)=0.5085 rsu_q=0.393 tx=120 no_tx=17 deadlock=0 svc=0.000GHz idle=0.0%
  1451    17.7s    0.0037    10.0%    10.0%    41.1%      10%/11%/79%    1.638    0.523    90.0%     0.0%   2.8026   0.0103     1.8%
  1452    10.3s    0.0033    15.0%    15.0%    63.4%      12%/13%/75%    2.018    0.367    70.0%     0.0%   2.2446   0.0043     2.5%
  1453    15.2s    0.0036     5.0%     5.0%    46.9%       9%/12%/79%    2.339    0.462    85.0%     0.0%   2.5030   0.0035     1.5%
  1454    11.2s    0.0038    10.0%    10.0%    51.7%      15%/17%/68%    1.963    0.423    90.0%     0.0%   2.2546   0.0086     2.1%
  1455     4.6s    0.0017    40.0%    40.0%    80.3%      20%/14%/66%    1.010    0.354    60.0%     0.0%   1.9886   0.0012     1.6%
  1456    12.5s    0.0023    10.0%    10.0%    43.1%      13%/13%/74%    2.304    0.460    75.0%     0.0%   2.3810   0.0007     1.3%
  1457    13.8s    0.0021     5.0%     5.0%    47.2%      12%/12%/75%    1.883    0.501    85.0%     0.0%   2.4322   0.0045     1.4%
  1458    20.2s    0.0017    10.0%    10.0%    50.6%       7%/15%/78%    2.720    0.336    85.0%     0.0%   2.2267   0.0039     1.5%
  1459    22.1s    0.0022     0.0%     0.0%    40.4%      11%/15%/75%    0.000    0.452    95.0%     0.0%   2.2709   0.0048     1.1%
  1460    11.8s    0.0049     0.0%     0.0%    42.0%        8%/8%/83%    0.000    0.516    95.0%     0.0%   2.3592   0.0027     1.5%
  [MA20] reward=0.0026 task_sr=14.0% miss=81.5% time_limit=0.0% v2v=75.2%
  [RWRD] r_prog=0.0882 r_term=-0.0396 r_illegal=0.0000
  [PPO ] p_loss=0.0037 v_loss=0.8021 entropy=2.3592 grad=13.9666 active=100.0%
  [SIM ] avg_power(a)=0.5119 rsu_q=0.037 tx=120 no_tx=13 deadlock=0 svc=0.000GHz idle=0.0%
  [LateGuard] restore best_model at ep1460 (drop=0.264, freeze=False)

    Ep    Wall    R/step     T_SR     V_SR     S_SR            L/R/V   Lat(s)       En     Miss      Ill      Ent       KL     Clip
--------------------------------------------------------------------------------------------------------------------------------
  1461    21.7s    0.0038     5.0%     5.0%    33.7%       5%/13%/82%    1.057    0.645    95.0%     0.0%   2.8265   0.0023     1.8%
  1462    18.9s    0.0044    10.0%    10.0%    32.8%      12%/14%/74%    1.174    0.507    90.0%     0.0%   2.7193  -0.0003     2.4%
  1463    21.3s    0.0029     5.0%     5.0%    41.8%       7%/15%/78%    2.579    0.576    95.0%     0.0%   2.3515   0.0057     1.8%
  1464    11.8s    0.0010    15.0%    15.0%    62.8%      10%/15%/75%    2.153    0.399    75.0%     0.0%   2.1677   0.0047     1.5%
  1465    11.6s    0.0036     0.0%     0.0%    36.7%       12%/6%/82%    0.000    0.568    95.0%     0.0%   2.3267   0.0092     1.6%
  1466     7.2s    0.0016    20.0%    20.0%    56.7%      10%/16%/74%    1.153    0.401    75.0%     0.0%   2.4902   0.0105     1.2%
  1467    11.0s    0.0016     5.0%     5.0%    58.0%      12%/10%/78%    2.587    0.414    85.0%     0.0%   2.3394   0.0079     0.8%
  1468    10.4s    0.0040    25.0%    25.0%    59.1%      12%/13%/75%    2.273    0.494    65.0%     0.0%   2.1795   0.0014     0.9%
  1469     6.3s   -0.0009     5.0%     5.0%    54.3%        6%/9%/85%    1.972    0.487    90.0%     0.0%   2.3401 4.04e-05     1.2%
  1470    11.4s    0.0031    15.0%    15.0%    57.5%      18%/18%/64%    1.978    0.344    80.0%     0.0%   2.1373   0.0002     1.1%
  [MA20] reward=0.0027 task_sr=10.5% miss=83.8% time_limit=0.0% v2v=76.0%
  [RWRD] r_prog=0.0566 r_term=-0.0256 r_illegal=0.0000
  [PPO ] p_loss=0.0039 v_loss=0.9266 entropy=2.1373 grad=17.9734 active=100.0%
  [SIM ] avg_power(a)=0.5031 rsu_q=0.448 tx=112 no_tx=27 deadlock=0 svc=0.000GHz idle=0.0%
  1471     6.0s    0.0032    45.0%    45.0%    81.3%      10%/15%/76%    1.383    0.398    50.0%     0.0%   2.3932   0.0007     1.2%
  1472     4.7s    0.0035    45.0%    45.0%    68.3%        8%/8%/84%    1.378    0.272    40.0%     0.0%   2.2366   0.0047     1.2%
  1473    16.0s    0.0016     0.0%     0.0%    49.4%      16%/18%/66%    0.000    0.545    95.0%     0.0%   2.0581   0.0070     0.7%
  1474    21.6s    0.0023     0.0%     0.0%    36.5%       8%/16%/75%    0.000    0.458    90.0%     0.0%   2.4059  -0.0008     1.1%
  1475    11.3s    0.0045     0.0%     0.0%    35.2%      10%/13%/76%    0.000    0.582   100.0%     0.0%   2.3241   0.0065     0.9%
  [LateGuard] restore best_model at ep1475 (drop=0.227, freeze=False)
  1476     6.1s    0.0028    50.0%    50.0%    70.1%      15%/12%/73%    1.466    0.214    45.0%     0.0%   2.2463   0.0047     1.8%
  1477     5.1s    0.0019    40.0%    40.0%    74.6%      12%/17%/71%    1.107    0.367    60.0%     0.0%   2.2058   0.0086     1.8%
  1478     5.5s    0.0024    40.0%    40.0%    78.7%       12%/8%/80%    1.090    0.330    60.0%     0.0%   2.3058   0.0057     1.6%
  1479     5.5s    0.0003    20.0%    20.0%    70.1%       10%/7%/83%    1.171    0.441    70.0%     0.0%   2.4113   0.0002     1.7%
  1480     9.8s    0.0018    15.0%    15.0%    60.1%      15%/16%/69%    2.111    0.330    85.0%     0.0%   2.1979   0.0028     2.0%
  [MA20] reward=0.0025 task_sr=18.0% miss=77.0% time_limit=0.0% v2v=76.0%
  [RWRD] r_prog=0.0419 r_term=-0.0238 r_illegal=0.0000
  [PPO ] p_loss=-0.0069 v_loss=0.8137 entropy=2.1979 grad=9.5094 active=100.0%
  [SIM ] avg_power(a)=0.5038 rsu_q=0.483 tx=118 no_tx=24 deadlock=0 svc=0.000GHz idle=0.0%

    Ep    Wall    R/step     T_SR     V_SR     S_SR            L/R/V   Lat(s)       En     Miss      Ill      Ent       KL     Clip
--------------------------------------------------------------------------------------------------------------------------------
  1481    11.4s    0.0025     0.0%     0.0%    45.3%      11%/12%/77%    0.000    0.422    80.0%     0.0%   2.3303   0.0031     1.8%
  1482    11.8s    0.0025     0.0%     0.0%    49.2%       8%/14%/78%    0.000    0.399    95.0%     0.0%   2.3268   0.0039     2.1%
  1483    20.7s    0.0045     0.0%     0.0%    28.1%      12%/10%/79%    0.000    0.564    95.0%     0.0%   2.3846   0.0025     1.8%
  1484    12.2s    0.0033     5.0%     5.0%    55.6%      16%/16%/68%    1.642    0.498    95.0%     0.0%   2.3706   0.0074     1.6%
  1485    12.2s    0.0018     5.0%     5.0%    41.1%       10%/6%/84%    1.752    0.484    85.0%     0.0%   2.1392   0.0013     1.2%
  1486    19.5s    0.0036     5.0%     5.0%    28.3%        9%/8%/83%    1.859    0.548    95.0%     0.0%   2.8663   0.0069     1.8%
  1487    32.8s    0.0023     0.0%     0.0%    29.0%       6%/12%/82%    0.000    0.534   100.0%     0.0%   2.5169   0.0045     1.5%
  1488     3.3s    0.0083    90.0%    90.0%    97.7%      13%/14%/72%    1.060    0.152     0.0%     0.0%   2.1111   0.0093     1.6%
  1489    11.8s    0.0028    10.0%    10.0%    44.7%      10%/13%/78%    1.828    0.496    70.0%     0.0%   2.2668   0.0060     1.4%
  1490    12.2s    0.0010     0.0%     0.0%    39.6%      11%/12%/77%    0.000    0.489    95.0%     0.0%   2.4065   0.0038     1.1%
  [MA20] reward=0.0028 task_sr=18.5% miss=75.2% time_limit=0.0% v2v=76.5%
  [RWRD] r_prog=0.0465 r_term=-0.0368 r_illegal=0.0000
  [PPO ] p_loss=0.0002 v_loss=0.6051 entropy=2.4065 grad=11.8809 active=100.0%
  [SIM ] avg_power(a)=0.5188 rsu_q=0.034 tx=117 no_tx=16 deadlock=0 svc=0.000GHz idle=0.0%
  1491    15.6s    0.0011     0.0%     0.0%    36.3%      14%/13%/73%    0.000    0.360    90.0%     0.0%   2.1720  -0.0030     2.3%
  1492    14.6s    0.0023     5.0%     5.0%    58.1%      11%/18%/71%    2.684    0.548    80.0%     0.0%   2.1662   0.0066     1.6%
  1493     8.7s    0.0042    30.0%    30.0%    76.9%      19%/14%/68%    1.938    0.328    65.0%     0.0%   2.0385   0.0013     1.4%
  1494    19.1s    0.0028     0.0%     0.0%    31.3%      11%/13%/76%    0.000    0.600   100.0%     0.0%   2.3793   0.0058     1.9%
  1495    30.2s    0.0030    10.0%    10.0%    30.9%      10%/13%/77%    2.838    0.587    90.0%     0.0%   2.7046   0.0111     1.7%
  1496    15.0s    0.0029     0.0%     0.0%    47.1%      12%/12%/76%    0.000    0.518    80.0%     0.0%   2.1727   0.0075     1.4%
  1497     5.5s    0.0004    10.0%    10.0%    75.2%       7%/13%/80%    0.527    0.373    85.0%     0.0%   2.2998   0.0006     1.5%
  1498    11.2s    0.0050    15.0%    15.0%    40.5%      12%/10%/78%    2.121    0.484    85.0%     0.0%   2.2424  -0.0033     1.3%
  1499    23.5s    0.0009     0.0%     0.0%    35.1%      12%/12%/76%    0.000    0.468    95.0%     0.0%   2.2488  -0.0012     1.1%
  1500     5.9s    0.0027    40.0%    40.0%    70.2%       8%/14%/79%    0.989    0.312    60.0%     0.0%   2.1648   0.0025     1.2%
  [MA20] reward=0.0029 task_sr=11.2% miss=82.0% time_limit=0.0% v2v=76.6%
  [RWRD] r_prog=0.0264 r_term=0.0002 r_illegal=0.0000
  [PPO ] p_loss=0.0325 v_loss=0.8575 entropy=2.1648 grad=5.3317 active=100.0%
  [SIM ] avg_power(a)=0.5035 rsu_q=0.000 tx=107 no_tx=10 deadlock=0 svc=0.000GHz idle=0.0%
  [Checkpoint] saved: ep1500.pth

[Train] completed: episodes=1500 best_reward=0.1953 best_success_rate(50ep)=0.1630
[Train] key outputs: /root/vecOffloadingSim/runs/rc1_ablation_1500ep_20260322_180707/wo_dag_resource/logs/metrics.csv, /root/vecOffloadingSim/runs/rc1_ablation_1500ep_20260322_180707/wo_dag_resource/logs/training_stats.csv, /root/vecOffloadingSim/runs/rc1_ablation_1500ep_20260322_180707/wo_dag_resource/models/best_model.pth, /root/vecOffloadingSim/runs/rc1_ablation_1500ep_20260322_180707/wo_dag_resource/models/last_model.pth

[Auto Plot] Generating training plots...
[DataRecorder] Training stats plots saved to: /root/vecOffloadingSim/runs/rc1_ablation_1500ep_20260322_180707/wo_dag_resource/plots
[Auto Plot] plot_results.py ...
[Auto Plot] ✓ Saved: fig_latency_with_baselines.png | ✓ Saved: fig_summary_dashboard.png | ✓ All plots saved to: /root/vecOffloadingSim/runs/rc1_ablation_1500ep_20260322_180707/wo_dag_resource/plots
[Auto Plot] plot_results.py done in 16.8s
[Auto Plot] generate_all_plots.py ...
[Auto Plot] ⚠ No baseline data found, skipping baseline comparison plot | ✓ All plots saved to: /root/vecOffloadingSim/runs/rc1_ablation_1500ep_20260322_180707/wo_dag_resource/plots |   Total plots: 8
[Auto Plot] generate_all_plots.py done in 8.5s
[DataRecorder] All plots generated in: /root/vecOffloadingSim/runs/rc1_ablation_1500ep_20260322_180707/wo_dag_resource/plots
[Auto Plot] jobs: ok=4 skipped=1 failed=0
[Auto Plot] generated figures: 35
[Auto Plot] sample: bias_annealing.png, cpu_efficiency.png, episode_duration.png, fig_constraint_health.png, fig_convergence_analysis.png, fig_convergence_baseline.png, fig_convergence_recheck.png, fig_decision_distribution.png
[Auto Plot] manifest: /root/vecOffloadingSim/runs/rc1_ablation_1500ep_20260322_180707/wo_dag_resource/plots/plot_manifest.json
[Postprocess] loaded env_reward.jsonl: /root/vecOffloadingSim/runs/rc1_ablation_1500ep_20260322_180707/wo_dag_resource/logs/env_reward.jsonl
✓ Wrote: /root/vecOffloadingSim/runs/rc1_ablation_1500ep_20260322_180707/wo_dag_resource/metrics/train_metrics_full.csv (rows=1500 cols=298)

[Launcher] finished_at=2026-03-22 23:53:25 CST
[Launcher] success
