episode,steps,physical_steps,decision_steps,active_decision_ratio,wall_time,sim_time,termination_reason_raw,termination_reason_bucket,reward_mean,reward_total,episode_reward,reward_p95,reward_abs_mean,vehicle_sr,task_sr,subtask_sr,task_duration_mean,task_duration_p95,completed_tasks,mean_cft_completed,episode_time_seconds,mean_r_prog,mean_r_term,mean_cost_power,mean_cost_trust,energy_mean,energy_p95,t_tx_mean,dT_eff_mean,deadline_misses,deadline_miss_rate,ratio_local,ratio_rsu,ratio_v2v,decision_frac_local,decision_frac_rsu,decision_frac_v2v,avg_power,avg_rsu_queue,rsu_queue_p95,power_ratio_mean,power_ratio_p95,I_total_p50,I_total_p95,I_caused_mean,I_caused_p95,tx_created,same_node_no_tx,service_rate_ghz,idle_fraction,time_limit_rate,illegal_action_rate,illegal_action_ratio,no_task_rate,on_task_rate,has_task_available_rate,v2v_link_break_rate,unified_illegal_trigger_rate,hard_trigger_rate,abs_ratio_r_time,abs_ratio_r_energy,abs_ratio_r_interf,abs_ratio_r_term,reward_clip_hit_count,reward_clip_hit_rate,abs_ratio_basis,r_prog_on_task_mean,r_prog_on_task_abs_mean,abs_ratio_on_task_r_prog,abs_ratio_on_task_r_term,actor_loss,critic_loss,critic_loss_raw_mean,normalized_value_loss,entropy,approx_kl,clip_frac,cost_power_value_loss,cost_trust_value_loss,lambda_power,lambda_trust,grad_norm,grad_norm_preclip,grad_norm_postclip,active_ratio,actor_update_active_frac,value_clip_fraction,critic_loss_active,critic_loss_inactive,mode_aux_loss,mode_aux_acc,ppo_epochs_executed,num_minibatches_executed,mb_kl_max,mb_kl_p95,early_stop_epoch_idx,early_stop_batch_idx,skipped_update_count,early_stop,lr,bias_rsu,bias_local
1,15,15,300,20.0,14.7174973487854,1.5,terminated_unknown,terminated,-0.010974901728332043,-0.1646235352320964,-0.1646235352320964,0.0039944865624420185,0.012920236214995384,0.05,0.05,0.52,0.0,0.0,0,0.0,1.5000000000000002,0.0,0.0,0.0,0.0,0.0,0.0,0.0,0.0,0,0.0,0.3333333333333333,0.14,0.5266666666666666,0.3333333333333333,0.14,0.5266666666666666,0.4953376934118569,1.6,5.599999999999998,0.49300654011778533,0.83290376663208,0.0,0.0,0.0,0.0,0,0,0.0,0.0,0.0,0.0,0.0,0.0,0.0,0.0,0.0,0.0,0.0,nan,0.0,nan,0.0,0,0.0,unified_mainline,0.0,0.0,0.0,0.0,0.016586528159677982,1.9106998920440674,1.9106998920440674,1.9107001066207885,2.282023859024048,-0.0013831815682351588,0.078125,0.01587029583752155,0.010780014377087355,0.0,0.0,10.833376792751313,10.833376792751313,10.833376741409301,1.0,1.0,0.83203125,1.9106998920440674,0.0,,,5,5,0.0040513454005122185,0.0037055125460028647,-1,-1,0,False,0.0002,0.0,0.099995
2,5,5,100,20.0,3.0864851474761963,0.5,terminated_unknown,terminated,0.006415653973817825,0.032078269572063944,0.032078269572063944,0.021590707078576084,0.007506050169467926,0.1,0.1,0.5481481481481482,0.0,0.0,0,0.0,0.5,0.0,0.0,0.0,0.0,0.0,0.0,0.0,0.0,0,0.0,0.37,0.11,0.52,0.37,0.11,0.52,0.48196394817903637,1.4,5.599999999999999,0.47137134631593075,0.8431142866611481,0.0,0.0,0.0,0.0,0,0,0.0,0.0,0.0,0.0,0.0,0.0,0.0,0.0,0.0,0.0,0.0,nan,0.0,nan,0.0,0,0.0,unified_mainline,0.0,0.0,0.0,0.0,0.00014100875705480576,3.4654391288757322,3.4654391288757322,3.465440607070923,2.460419273376465,0.003907335270196199,0.06800000071525573,0.005487773194909095,0.00962418019771576,0.0,0.0,43.563204415649736,43.563204415649736,43.56320514678955,1.0,1.0,0.8939999938011169,3.4654389381408692,0.0,,,5,5,0.022615602239966393,0.020661981031298637,-1,-1,0,False,0.0002,0.0,0.09999333333333334
3,28,28,560,20.0,14.348300218582153,2.8000000000000003,terminated_unknown,terminated,-0.01606106199324131,-0.4497097353247553,-0.4497097353247553,-0.0036208569421432944,0.01727874204516411,0.05,0.05,0.587360594795539,0.0,0.0,0,0.0,2.800000000000001,0.0,0.0,0.0,0.0,0.0,0.0,0.0,0.0,0,0.0,0.3517857142857143,0.11964285714285715,0.5285714285714286,0.3517857142857143,0.11964285714285715,0.5285714285714286,0.5067217386194638,0.5357142857142857,2.9499999999999957,0.5103696243165281,0.8603706717491149,0.0,0.0,0.0,0.0,0,0,0.0,0.0,0.0,0.0,0.0,0.0,0.0,0.0,0.0,0.0,0.0,nan,0.0,nan,0.0,0,0.0,unified_mainline,0.0,0.0,0.0,0.0,0.0038608068600296972,1.8267054677009582,1.8267054677009582,1.8267059326171875,1.865562915802002,0.014550174446776509,0.077734375,0.0020719729363918304,0.0025755196111276746,0.0,0.0,7.240014991661694,7.240014991661694,7.240015363693237,1.0,1.0,0.815625,1.8267054677009582,0.0,,,5,10,0.026225849986076355,0.02262731958180665,-1,-1,0,False,0.0002,0.0,0.099984
4,20,20,400,20.0,13.505537748336792,2.0,terminated_unknown,terminated,-0.0193345807492733,-0.3866916126701046,-0.3866916126701046,-0.00759197045117615,0.020704107359051704,0.05,0.05,0.4343065693430657,0.0,0.0,0,0.0,2.0000000000000004,0.0,0.0,0.0,0.0,0.0,0.0,0.0,0.0,0,0.0,0.325,0.1575,0.5175,0.325,0.1575,0.5175,0.5081469437596389,1.0,3.1000000000000014,0.512069546310576,0.85151506960392,0.0,0.0,0.0,0.0,0,0,0.0,0.0,0.0,0.0,0.0,0.0,0.0,0.0,0.0,0.0,0.0,nan,0.0,nan,0.0,0,0.0,unified_mainline,0.0,0.0,0.0,0.0,-0.02059294655919075,0.9313972353935241,0.9313972353935241,0.9313974380493164,1.947616171836853,0.011160930525511504,0.040625,0.0014291047817096114,0.001800874271430075,0.0,0.0,8.41695131295586,8.41695131295586,8.416951131820678,1.0,1.0,0.66953125,0.9313972353935241,0.0,,,5,5,0.026008397340774536,0.023851720802485942,-1,-1,0,False,0.0002,0.0,0.09997733333333333
5,15,15,300,20.0,11.090394496917725,1.5,terminated_unknown,terminated,-0.009488998912274837,-0.1423349715280659,-0.1423349715280659,0.005071076424792399,0.011377120390534401,0.05,0.05,0.5679611650485437,0.0,0.0,0,0.0,1.5000000000000002,0.0,0.0,0.0,0.0,0.0,0.0,0.0,0.0,0,0.0,0.3,0.19666666666666666,0.5033333333333333,0.3,0.19666666666666666,0.5033333333333333,0.5039642649392287,1.6666666666666667,5.499999999999995,0.5056632356274695,0.8749673753976819,0.0,0.0,0.0,0.0,0,0,0.0,0.0,0.0,0.0,0.0,0.0,0.0,0.0,0.0,0.0,0.0,nan,0.0,nan,0.0,0,0.0,unified_mainline,0.0,0.0,0.0,0.0,0.010095106437802315,1.3774839162826538,1.3774839162826538,1.377484107017517,1.942916202545166,0.005996058322489261,0.0375,0.001976033742539585,0.0023631521966308356,0.0,0.0,16.40543440702705,16.40543440702705,16.40543441772461,1.0,1.0,0.79765625,1.3774839162826538,0.0,,,5,5,0.014989884570240974,0.013598778843879698,-1,-1,0,False,0.0002,0.0,0.09997233333333334
6,6,6,120,20.0,2.3887436389923096,0.6000000000000001,terminated_unknown,terminated,0.003913945518434048,0.023483671901969837,0.023483671901969837,0.009179146261885762,0.005696570035070181,0.05,0.05,0.648854961832061,0.0,0.0,0,0.0,0.6,0.0,0.0,0.0,0.0,0.0,0.0,0.0,0.0,0,0.0,0.375,0.08333333333333333,0.5416666666666666,0.375,0.08333333333333333,0.5416666666666666,0.5213802165041367,1.0,4.5,0.5342083464066187,0.8813654899597168,0.0,0.0,0.0,0.0,0,0,0.0,0.0,0.0,0.0,0.0,0.0,0.0,0.0,0.0,0.0,0.0,nan,0.0,nan,0.0,0,0.0,unified_mainline,0.0,0.0,0.0,0.0,0.004563297098502517,10.58340950012207,10.58340950012207,10.583414077758789,2.018582272529602,0.004612135328352451,0.03333333451300859,0.00218855501152575,0.003566757310181856,0.0,0.0,109.934162954573,109.934162954573,109.93416366577148,1.0,1.0,0.8749999880790711,10.583409881591797,0.0,,,5,5,0.01010198425501585,0.009664064273238182,-1,-1,0,False,0.0002,0.0,0.09997033333333334
7,6,6,120,20.0,2.246664524078369,0.6000000000000001,terminated_unknown,terminated,0.009092839434742928,0.05455703643210291,0.05455703643210291,0.03457474149763584,0.009814114309847355,0.25,0.25,0.7480314960629921,0.0,0.0,0,0.0,0.6,0.0,0.0,0.0,0.0,0.0,0.0,0.0,0.0,0,0.0,0.4166666666666667,0.175,0.4083333333333333,0.4166666666666667,0.175,0.4083333333333333,0.48372409275422495,1.0,4.5,0.47209844472152845,0.8316434979438782,0.0,0.0,0.0,0.0,0,0,0.0,0.0,0.0,0.0,0.0,0.0,0.0,0.0,0.0,0.0,0.0,nan,0.0,nan,0.0,0,0.0,unified_mainline,0.0,0.0,0.0,0.0,-0.0027907066978514194,1.9483233451843263,1.9483233451843263,1.9483238220214845,1.9421107769012451,0.005014910007594154,0.04333333447575569,0.001544635626487434,0.003995396662503481,0.0,0.0,21.101438492711345,21.101438492711345,21.101438331604005,1.0,1.0,0.7183333158493042,1.9483234167099,0.0,,,5,5,0.008666371926665306,0.008260223735123872,-1,-1,0,False,0.0002,0.0,0.09996833333333334
8,13,13,260,20.0,6.389583587646484,1.3,terminated_unknown,terminated,-0.011219555512070656,-0.145854236570229,-0.145854236570229,0.006578806298784882,0.014155440963804722,0.05,0.05,0.5306122448979592,0.0,0.0,0,0.0,1.3,0.0,0.0,0.0,0.0,0.0,0.0,0.0,0.0,0,0.0,0.3769230769230769,0.21923076923076923,0.40384615384615385,0.3769230769230769,0.21923076923076923,0.40384615384615385,0.49964754208922385,0.8461538461538461,2.0,0.49943432680986544,0.8366405308246613,0.0,0.0,0.0,0.0,0,0,0.0,0.0,0.0,0.0,0.0,0.0,0.0,0.0,0.0,0.0,0.0,nan,0.0,nan,0.0,0,0.0,unified_mainline,0.0,0.0,0.0,0.0,0.003160800412297249,0.9196154117584229,0.9196154117584229,0.9196155428886413,1.697325086593628,0.0013223337940871716,0.059375,0.0009057206567376852,0.0011878864839673041,0.0,0.0,10.00544883021812,10.00544883021812,10.005448913574218,1.0,1.0,0.675,0.9196154117584229,0.0,,,5,5,0.011836431920528412,0.010822834074497223,-1,-1,0,False,0.0002,0.0,0.09996400000000001
9,9,9,180,20.0,4.747269868850708,0.9,terminated_unknown,terminated,-0.0031981030479073524,-0.028782922980371935,-0.028782922980371935,0.01300029158592224,0.01389711257070303,0.05,0.05,0.510989010989011,0.0,0.0,0,0.0,0.8999999999999999,0.0,0.0,0.0,0.0,0.0,0.0,0.0,0.0,0,0.0,0.4111111111111111,0.17777777777777778,0.4111111111111111,0.4111111111111111,0.17777777777777778,0.4111111111111111,0.49185249894443483,3.6666666666666665,7.799999999999999,0.48616462084904033,0.8014355897903442,0.0,0.0,0.0,0.0,0,0,0.0,0.0,0.0,0.0,0.0,0.0,0.0,0.0,0.0,0.0,0.0,nan,0.0,nan,0.0,0,0.0,unified_mainline,0.0,0.0,0.0,0.0,-0.0065650571923470125,1.1133182764053344,1.1133182764053344,1.1133185148239135,1.7444421768188476,0.017063910514116286,0.0766666691750288,0.001053702156059444,0.0012906508287414908,0.0,0.0,15.717971657453337,15.717971657453337,15.717971801757812,1.0,1.0,0.751111114025116,1.1133182764053344,0.0,,,5,5,0.0209225844591856,0.02079220525920391,-1,-1,0,False,0.0002,0.0,0.09996100000000001
10,12,12,240,20.0,5.441574573516846,1.2000000000000002,terminated_unknown,terminated,-0.00529221398755908,-0.06350658103490832,-0.06350658103490832,0.010250265244394537,0.009996139444410801,0.1,0.1,0.7098445595854922,0.0,0.0,0,0.0,1.2,0.0,0.0,0.0,0.0,0.0,0.0,0.0,0.0,0,0.0,0.3333333333333333,0.25416666666666665,0.4125,0.3333333333333333,0.25416666666666665,0.4125,0.5072415855247527,5.5,9.899999999999999,0.5108623782871291,0.8588538706302639,0.0,0.0,0.0,0.0,0,0,0.0,0.0,0.0,0.0,0.0,0.0,0.0,0.0,0.0,0.0,0.0,nan,0.0,nan,0.0,0,0.0,unified_mainline,0.0,0.0,0.0,0.0,-0.011044135503470897,0.9193002820014954,0.9193002820014954,0.9193004369735718,1.582124662399292,0.010547259915620088,0.07416666746139526,0.0008040320011787116,0.001330291945487261,0.0,0.0,9.132647395883271,9.132647395883271,9.132647228240966,1.0,1.0,0.5633333206176758,0.9193003416061402,0.0,,,5,5,0.01731199026107788,0.016428130492568017,-1,-1,0,False,0.0002,0.0,0.099957
11,19,19,380,20.0,9.44540023803711,1.9000000000000001,terminated_unknown,terminated,-0.014059281907975674,-0.26712632547510673,-0.26712632547510673,0.010131005570292458,0.01682153344154358,0.05,0.05,0.7479338842975206,0.0,0.0,0,0.0,1.9000000000000006,0.0,0.0,0.0,0.0,0.0,0.0,0.0,0.0,0,0.0,0.3815789473684211,0.22894736842105262,0.3894736842105263,0.3815789473684211,0.22894736842105262,0.3894736842105263,0.5060029551386833,6.631578947368421,15.099999999999998,0.5097069061817007,0.86818687915802,0.0,0.0,0.0,0.0,0,0,0.0,0.0,0.0,0.0,0.0,0.0,0.0,0.0,0.0,0.0,0.0,nan,0.0,nan,0.0,0,0.0,unified_mainline,0.0,0.0,0.0,0.0,0.0053617779165506365,0.8725338578224182,0.8725338578224182,0.8725340247154236,1.4159373998641969,0.01465850118547678,0.0703125,0.0007484700996428728,0.0009486529394052923,0.0,0.0,8.681253916098079,8.681253916098079,8.68125376701355,1.0,1.0,0.68828125,0.8725338578224182,0.0,,,5,5,0.025975503027439117,0.024014864861965177,-1,-1,0,False,0.0002,0.0,0.09995066666666667
12,17,17,340,20.0,12.125490665435791,1.7000000000000002,terminated_unknown,terminated,-0.014781280420720577,-0.2512817658198854,-0.2512817658198854,0.0030418538255616865,0.01723657175898552,0.05,0.05,0.6332046332046332,0.0,0.0,0,0.0,1.7000000000000004,0.0,0.0,0.0,0.0,0.0,0.0,0.0,0.0,0,0.0,0.3235294117647059,0.20294117647058824,0.47352941176470587,0.3235294117647059,0.20294117647058824,0.47352941176470587,0.4852269083151923,6.294117647058823,11.0,0.4781615166398494,0.8933122158050537,0.0,0.0,0.0,0.0,0,0,0.0,0.0,0.0,0.0,0.0,0.0,0.0,0.0,0.0,0.0,0.0,nan,0.0,nan,0.0,0,0.0,unified_mainline,0.0,0.0,0.0,0.0,0.00820385031402111,0.724649178981781,0.724649178981781,0.7246493577957154,1.4457314729690551,0.013404697552323342,0.07265625,0.0005450069496873766,0.0008496953523717821,0.0,0.0,5.668420664001852,5.668420664001852,5.668420648574829,1.0,1.0,0.309375,0.724649178981781,0.0,,,5,5,0.017972251400351524,0.017358151637017726,-1,-1,0,False,0.0002,0.0,0.099945
13,15,15,300,20.0,8.411019802093506,1.5,terminated_unknown,terminated,-0.013361820951104164,-0.2004273010864612,-0.2004273010864612,0.009397829184308627,0.017617393285036087,0.05,0.05,0.6976744186046512,0.0,0.0,0,0.0,1.5000000000000002,0.0,0.0,0.0,0.0,0.0,0.0,0.0,0.0,0,0.0,0.27,0.2866666666666667,0.44333333333333336,0.27,0.2866666666666667,0.44333333333333336,0.4944840844503293,5.266666666666667,9.299999999999999,0.492443951301821,0.8253881633281708,0.0,0.0,0.0,0.0,0,0,0.0,0.0,0.0,0.0,0.0,0.0,0.0,0.0,0.0,0.0,0.0,nan,0.0,nan,0.0,0,0.0,unified_mainline,0.0,0.0,0.0,0.0,0.01146869994699955,0.5581680655479431,0.5581680655479431,0.5581681549549102,1.2601571321487426,0.013130662217736244,0.08203125,0.0005828304332681,0.0009099984541535378,0.0,0.0,8.031117989693202,8.031117989693202,8.031117725372315,1.0,1.0,0.59609375,0.5581680655479431,0.0,,,5,5,0.023138463497161865,0.022228678688406944,-1,-1,0,False,0.0002,0.0,0.09994
14,5,5,100,20.0,2.0902440547943115,0.5,terminated_unknown,terminated,0.006377886980772018,0.03188943547063854,0.03188943547063854,0.025181916356086728,0.0104228425770998,0.15,0.15,0.5859375,0.0,0.0,0,0.0,0.5,0.0,0.0,0.0,0.0,0.0,0.0,0.0,0.0,0,0.0,0.31,0.18,0.51,0.31,0.18,0.51,0.5315714161843061,2.0,4.0,0.5457556756294292,0.8815569400787352,0.0,0.0,0.0,0.0,0,0,0.0,0.0,0.0,0.0,0.0,0.0,0.0,0.0,0.0,0.0,0.0,nan,0.0,nan,0.0,0,0.0,unified_mainline,0.0,0.0,0.0,0.0,0.002910389006137848,2.4811753273010253,2.4811753273010253,2.4811757087707518,1.3882084846496583,0.0047387913800776005,0.08199999928474426,0.0008292126352898776,0.001193702023010701,0.0,0.0,31.695212363200085,31.695212363200085,31.695211982727052,1.0,1.0,0.6699999928474426,2.4811753273010253,0.0,,,5,5,0.010462059639394283,0.01027180589735508,-1,-1,0,False,0.0002,0.0,0.09993833333333334
15,17,17,340,20.0,10.016086339950562,1.7000000000000002,terminated_unknown,terminated,-0.009736491367220879,-0.165520349026784,-0.165520349026784,0.008915611635893573,0.013007714413106441,0.1,0.1,0.7403100775193798,0.0,0.0,0,0.0,1.7000000000000004,0.0,0.0,0.0,0.0,0.0,0.0,0.0,0.0,0,0.0,0.36764705882352944,0.26176470588235295,0.37058823529411766,0.36764705882352944,0.26176470588235295,0.37058823529411766,0.511521792811725,7.470588235294118,13.999999999999996,0.518220509562728,0.879770904779434,0.0,0.0,0.0,0.0,0,0,0.0,0.0,0.0,0.0,0.0,0.0,0.0,0.0,0.0,0.0,0.0,nan,0.0,nan,0.0,0,0.0,unified_mainline,0.0,0.0,0.0,0.0,0.0019505036994814872,0.7611517786979676,0.7611517786979676,0.7611518979072571,1.3379189491271972,0.004756974522024393,0.08125,0.0006065267720259726,0.0008624422247521579,0.0,0.0,4.5376727869457945,4.5376727869457945,4.537672758102417,1.0,1.0,0.35703125,0.7611517786979676,0.0,,,5,5,0.013174381107091904,0.01210852600634098,-1,-1,0,False,0.0002,0.0,0.09993266666666667
16,6,6,120,20.0,2.0802206993103027,0.6000000000000001,terminated_unknown,terminated,0.0095678037032485,0.057406820241527164,0.057406820241527164,0.035745397210121155,0.010552838444709778,0.25,0.25,0.8091603053435115,0.0,0.0,0,0.0,0.6,0.0,0.0,0.0,0.0,0.0,0.0,0.0,0.0,0,0.0,0.39166666666666666,0.2916666666666667,0.31666666666666665,0.39166666666666666,0.2916666666666667,0.31666666666666665,0.5052289971460898,1.5,6.25,0.5085956117469971,0.8618480324745176,0.0,0.0,0.0,0.0,0,0,0.0,0.0,0.0,0.0,0.0,0.0,0.0,0.0,0.0,0.0,0.0,nan,0.0,nan,0.0,0,0.0,unified_mainline,0.0,0.0,0.0,0.0,-0.011357467900961638,1.4844484329223633,1.4844484329223633,1.4844486951828002,1.4172593593597411,0.006715431646443904,0.06833333596587181,0.000827546080108732,0.001204279693774879,0.0,0.0,18.9183206476823,18.9183206476823,18.91832027435303,1.0,1.0,0.7033333301544189,1.484448528289795,0.0,,,5,5,0.013812599703669548,0.013146637380123137,-1,-1,0,False,0.0002,0.0,0.09993066666666667
17,11,11,220,20.0,6.317870140075684,1.1,terminated_unknown,terminated,-0.006390183698385954,-0.07029201900442575,-0.07029201900442575,0.0046983647625893354,0.009631921537220478,0.05,0.05,0.6847290640394089,0.0,0.0,0,0.0,1.0999999999999999,0.0,0.0,0.0,0.0,0.0,0.0,0.0,0.0,0,0.0,0.35,0.2590909090909091,0.39090909090909093,0.35,0.2590909090909091,0.39090909090909093,0.49083590112541886,7.909090909090909,13.5,0.48590138634679825,0.8683404922485352,0.0,0.0,0.0,0.0,0,0,0.0,0.0,0.0,0.0,0.0,0.0,0.0,0.0,0.0,0.0,0.0,nan,0.0,nan,0.0,0,0.0,unified_mainline,0.0,0.0,0.0,0.0,-0.012660583015531301,0.9307456016540527,0.9307456016540527,0.9307458639144898,1.4092641353607178,0.014047501236200332,0.08727272599935532,0.0010724521009251476,0.0009763827081769704,0.0,0.0,11.470190542436871,11.470190542436871,11.47019076347351,1.0,1.0,0.6036363542079926,0.9307455778121948,0.0,,,5,5,0.01998968981206417,0.01894870400428772,-1,-1,0,False,0.0002,0.0,0.099927
18,18,18,360,20.0,11.640084266662598,1.8,terminated_unknown,terminated,-0.01619875803589821,-0.29157760555178014,-0.29157760555178014,0.0035853557579684707,0.018614768981933594,0.05,0.05,0.6792452830188679,0.0,0.0,0,0.0,1.8000000000000005,0.0,0.0,0.0,0.0,0.0,0.0,0.0,0.0,0,0.0,0.4361111111111111,0.22777777777777777,0.33611111111111114,0.4361111111111111,0.22777777777777777,0.33611111111111114,0.5073598822449438,5.888888888888889,11.149999999999999,0.5130520079220677,0.8611615538597106,0.0,0.0,0.0,0.0,0,0,0.0,0.0,0.0,0.0,0.0,0.0,0.0,0.0,0.0,0.0,0.0,nan,0.0,nan,0.0,0,0.0,unified_mainline,0.0,0.0,0.0,0.0,0.013605689629912376,0.8335032105445862,0.8335032105445862,0.8335034132003785,1.3324502468109132,0.006008481397293508,0.08828125,0.0006961596198379993,0.0007674852036871016,0.0,0.0,6.821052179237829,6.821052179237829,6.8210519552230835,1.0,1.0,0.31328125,0.8335032105445862,0.0,,,5,5,0.010267999023199081,0.009980336762964725,-1,-1,0,False,0.0002,0.0,0.09992100000000001
19,11,11,220,20.0,5.45136284828186,1.1,terminated_unknown,terminated,-0.005152369849383831,-0.05667606240867069,-0.05667606240867069,0.016287838108837605,0.012253032065927982,0.05,0.05,0.6634146341463415,0.0,0.0,0,0.0,1.0999999999999999,0.0,0.0,0.0,0.0,0.0,0.0,0.0,0.0,0,0.0,0.4818181818181818,0.21363636363636362,0.30454545454545456,0.4818181818181818,0.21363636363636362,0.30454545454545456,0.5096862610768188,3.727272727272727,5.5,0.5186927845342117,0.8818067312240601,0.0,0.0,0.0,0.0,0,0,0.0,0.0,0.0,0.0,0.0,0.0,0.0,0.0,0.0,0.0,0.0,nan,0.0,nan,0.0,0,0.0,unified_mainline,0.0,0.0,0.0,0.0,0.003218626164016314,1.0542843222618103,1.0542843222618103,1.0542845606803894,1.3957765579223633,0.018160604871809483,0.08818181753158569,0.002385163516737521,0.00088694600854069,0.0,0.0,15.386528752755487,15.386528752755487,15.386528301239014,1.0,1.0,0.59454545378685,1.0542842626571656,0.0,,,5,5,0.03430899232625961,0.030952944606542583,-1,-1,0,False,0.0002,0.0,0.09991733333333334
20,17,17,340,20.0,12.203487157821655,1.7000000000000002,terminated_unknown,terminated,-0.006774164270609617,-0.11516079059523011,-0.11516079059523011,0.009068461693823337,0.010041485540568829,0.05,0.05,0.6900369003690037,0.0,0.0,0,0.0,1.7000000000000004,0.0,0.0,0.0,0.0,0.0,0.0,0.0,0.0,0,0.0,0.5529411764705883,0.12352941176470589,0.3235294117647059,0.5529411764705883,0.12352941176470589,0.3235294117647059,0.5069150745430413,3.9411764705882355,8.0,0.5154679298989082,0.8811937868595122,0.0,0.0,0.0,0.0,0,0,0.0,0.0,0.0,0.0,0.0,0.0,0.0,0.0,0.0,0.0,0.0,nan,0.0,nan,0.0,0,0.0,unified_mainline,0.0,0.0,0.0,0.0,-0.007278503850102425,0.6397359728813171,0.6397359728813171,0.6397361040115357,1.3990437746047975,0.020055796205997466,0.071875,0.000686621421482414,0.0007152365404181182,0.0,0.0,3.166821421304924,3.166821421304924,3.1668213844299316,1.0,1.0,0.275,0.6397359728813171,0.0,,,5,5,0.025651773437857628,0.024987877160310746,-1,-1,0,False,0.0002,0.0,0.09991166666666668
21,6,6,120,20.0,2.1502161026000977,0.6000000000000001,terminated_unknown,terminated,0.0049216109327971935,0.029529664611009046,0.029529664611009046,0.016626456985250115,0.006783610675483942,0.1,0.1,0.7611940298507462,0.0,0.0,0,0.0,0.6,0.0,0.0,0.0,0.0,0.0,0.0,0.0,0.0,0,0.0,0.4083333333333333,0.2916666666666667,0.3,0.4083333333333333,0.2916666666666667,0.3,0.5325432329128186,1.8333333333333333,6.5,0.5550026471765948,0.9068164527416229,0.0,0.0,0.0,0.0,0,0,0.0,0.0,0.0,0.0,0.0,0.0,0.0,0.0,0.0,0.0,0.0,nan,0.0,nan,0.0,0,0.0,unified_mainline,0.0,0.0,0.0,0.0,0.005197280668653548,1.845639705657959,1.845639705657959,1.845640778541565,1.4800025701522828,0.008371540578082204,0.0416666679084301,0.0008591202087700367,0.0009386054123751819,0.0,0.0,36.143631378101176,36.143631378101176,36.14363059997559,1.0,1.0,0.7600000023841857,1.8456398010253907,0.0,,,5,5,0.016174281015992165,0.015879280865192413,-1,-1,0,False,0.0002,0.0,0.09990966666666667
22,14,14,280,20.0,8.786330938339233,1.4000000000000001,terminated_unknown,terminated,-0.01281724777072668,-0.1794414786519055,-0.1794414786519055,0.015928928926587094,0.01852845959365368,0.05,0.05,0.6584158415841584,0.0,0.0,0,0.0,1.4000000000000001,0.0,0.0,0.0,0.0,0.0,0.0,0.0,0.0,0,0.0,0.4142857142857143,0.18571428571428572,0.4,0.4142857142857143,0.18571428571428572,0.4,0.5208354344059314,4.357142857142857,10.35,0.5355726928881755,0.9009532481431961,0.0,0.0,0.0,0.0,0,0,0.0,0.0,0.0,0.0,0.0,0.0,0.0,0.0,0.0,0.0,0.0,nan,0.0,nan,0.0,0,0.0,unified_mainline,0.0,0.0,0.0,0.0,0.004921125993132591,0.8015062212944031,0.8015062212944031,0.8015064001083374,1.5210251092910767,0.01262439377605915,0.05234375,0.0013535328558646142,0.0006723469938151539,0.0,0.0,7.774140172482362,7.774140172482362,7.774140167236328,1.0,1.0,0.5828125,0.8015062212944031,0.0,,,5,5,0.021623723208904266,0.01977994330227375,-1,-1,0,False,0.0002,0.0,0.09990500000000001
23,8,8,160,20.0,4.598840951919556,0.8,terminated_unknown,terminated,-0.004368537105619907,-0.03494829636558815,-0.03494829636558815,0.013633347069844601,0.013953165151178837,0.05,0.05,0.44387755102040816,0.0,0.0,0,0.0,0.7999999999999999,0.0,0.0,0.0,0.0,0.0,0.0,0.0,0.0,0,0.0,0.45,0.325,0.225,0.45,0.325,0.225,0.5130553228314966,5.375,11.649999999999999,0.5237369506027211,0.8796681314706802,0.0,0.0,0.0,0.0,0,0,0.0,0.0,0.0,0.0,0.0,0.0,0.0,0.0,0.0,0.0,0.0,nan,0.0,nan,0.0,0,0.0,unified_mainline,0.0,0.0,0.0,0.0,8.443950209766627e-05,1.2967504262924194,1.2967504262924194,1.296750831604004,1.6578264474868774,0.011191007774323225,0.04125000014901161,0.0009507144801318646,0.0006741985213011503,0.0,0.0,26.377024510989422,26.377024510989422,26.377024269104005,1.0,1.0,0.7824999928474426,1.2967504739761353,0.0,,,5,5,0.020404495298862457,0.018845910951495168,-1,-1,0,False,0.0002,0.0,0.09990233333333334
24,6,6,120,20.0,2.3121914863586426,0.6000000000000001,terminated_unknown,terminated,0.004754387773573399,0.028526327895086377,0.028526327895086377,0.017434203764423728,0.007186314091086388,0.1,0.1,0.6956521739130435,0.0,0.0,0,0.0,0.6,0.0,0.0,0.0,0.0,0.0,0.0,0.0,0.0,0,0.0,0.36666666666666664,0.24166666666666667,0.39166666666666666,0.36666666666666664,0.24166666666666667,0.39166666666666666,0.5362333019264043,2.3333333333333335,8.75,0.5572104767259014,0.8486941605806351,0.0,0.0,0.0,0.0,0,0,0.0,0.0,0.0,0.0,0.0,0.0,0.0,0.0,0.0,0.0,0.0,nan,0.0,nan,0.0,0,0.0,unified_mainline,0.0,0.0,0.0,0.0,-0.0036754568573087454,1.5678406238555909,1.5678406238555909,1.5678414821624755,1.5698585271835328,-0.008467194996774197,0.03000000063329935,0.0010294049978256225,0.0008330451091751456,0.0,0.0,14.185324645933672,14.185324645933672,14.185324764251709,1.0,1.0,0.6550000071525574,1.5678406953811646,0.0,,,5,5,0.007086284924298525,0.004458847362548111,-1,-1,0,False,0.0002,0.0,0.09990033333333334
25,5,5,100,20.0,1.8705894947052002,0.5,terminated_unknown,terminated,0.0037771612405776978,0.018885806590303093,0.018885806590303093,0.011295915953814982,0.006331318523734808,0.05,0.05,0.6412213740458015,0.0,0.0,0,0.0,0.5,0.0,0.0,0.0,0.0,0.0,0.0,0.0,0.0,0,0.0,0.48,0.29,0.23,0.48,0.29,0.23,0.5104387534782291,3.4,10.599999999999998,0.5200745259196713,0.8780036360025405,0.0,0.0,0.0,0.0,0,0,0.0,0.0,0.0,0.0,0.0,0.0,0.0,0.0,0.0,0.0,0.0,nan,0.0,nan,0.0,0,0.0,unified_mainline,0.0,0.0,0.0,0.0,0.017889176961034536,1.3699399948120117,1.3699399948120117,1.3699409008026122,1.6266976833343505,0.0034081416553817688,0.03599999994039536,0.001111377647612244,0.0007401081966236234,0.0,0.0,16.747171458275126,16.747171458275126,16.74717140197754,1.0,1.0,0.7200000047683716,1.3699399709701539,0.0,,,5,5,0.012337356805801392,0.011235381942242382,-1,-1,0,False,0.0002,0.0,0.09989866666666668
26,17,17,340,20.0,13.489183902740479,1.7000000000000002,terminated_unknown,terminated,-0.011356290429830551,-0.19305694407857477,-0.19305694407857477,0.01826584413647651,0.016376225277781487,0.15,0.15,0.6782178217821783,0.0,0.0,0,0.0,1.7000000000000004,0.0,0.0,0.0,0.0,0.0,0.0,0.0,0.0,0,0.0,0.39705882352941174,0.2323529411764706,0.37058823529411766,0.39705882352941174,0.2323529411764706,0.37058823529411766,0.5272895617081839,3.4705882352941178,7.0,0.545260736491622,0.8962893724441527,0.0,0.0,0.0,0.0,0,0,0.0,0.0,0.0,0.0,0.0,0.0,0.0,0.0,0.0,0.0,0.0,nan,0.0,nan,0.0,0,0.0,unified_mainline,0.0,0.0,0.0,0.0,-0.008766068331897258,0.8388819456100464,0.8388819456100464,0.8388821005821228,1.5694008111953734,0.008279327861964702,0.04921875,0.001256353419739753,0.0005526079505216331,0.0,0.0,7.562795514129502,7.562795514129502,7.562795543670655,1.0,1.0,0.3921875,0.8388819456100464,0.0,,,5,5,0.01848597079515457,0.016512986086308953,-1,-1,0,False,0.0002,0.0,0.09989300000000001
27,10,10,200,20.0,4.42184853553772,1.0,terminated_unknown,terminated,-0.004242664203047752,-0.04242664679511803,-0.04242664679511803,0.01603943356312811,0.013909541070461273,0.05,0.05,0.6105263157894737,0.0,0.0,0,0.0,0.9999999999999999,0.0,0.0,0.0,0.0,0.0,0.0,0.0,0.0,0,0.0,0.455,0.18,0.365,0.455,0.18,0.365,0.5258035499230027,4.9,7.549999999999999,0.5473459631614729,0.8918815612792969,0.0,0.0,0.0,0.0,0,0,0.0,0.0,0.0,0.0,0.0,0.0,0.0,0.0,0.0,0.0,0.0,nan,0.0,nan,0.0,0,0.0,unified_mainline,0.0,0.0,0.0,0.0,-0.012669888464733959,0.807458758354187,0.807458758354187,0.8074589490890502,1.5187905788421632,0.004664353374391794,0.051999999955296514,0.0012121256091631948,0.0005154775222763419,0.0,0.0,15.128539055094041,15.128539055094041,15.128538894653321,1.0,1.0,0.6129999876022338,0.8074587464332581,0.0,,,5,5,0.008718542754650116,0.00868598110973835,-1,-1,0,False,0.0002,0.0,0.09988966666666667
28,12,12,240,20.0,8.227912425994873,1.2000000000000002,terminated_unknown,terminated,-0.006133678834885359,-0.07360413645003933,-0.07360413645003933,0.010470614209771146,0.010329882614314556,0.05,0.05,0.6470588235294118,0.0,0.0,0,0.0,1.2,0.0,0.0,0.0,0.0,0.0,0.0,0.0,0.0,0,0.0,0.4375,0.22916666666666666,0.3333333333333333,0.4375,0.22916666666666666,0.3333333333333333,0.5249081465105215,3.1666666666666665,7.349999999999998,0.5442811493520383,0.8933271586894989,0.0,0.0,0.0,0.0,0,0,0.0,0.0,0.0,0.0,0.0,0.0,0.0,0.0,0.0,0.0,0.0,nan,0.0,nan,0.0,0,0.0,unified_mainline,0.0,0.0,0.0,0.0,-0.00016253916546702385,0.7931557416915893,0.7931557416915893,0.7931558966636658,1.5803629875183105,0.021188095584511756,0.08583333268761635,0.001418309798464179,0.0005728082614950836,0.0,0.0,17.235721500673396,17.235721500673396,17.23572130203247,1.0,1.0,0.5725000083446503,0.7931558012962341,0.0,,,5,5,0.03283946216106415,0.032166220247745514,-1,-1,0,False,0.0002,0.0,0.09988566666666668
29,18,18,360,20.0,17.935161352157593,1.8,terminated_unknown,terminated,-0.012949303723871708,-0.23308744157711572,-0.23308744157711572,0.006205138890072668,0.01624445803463459,0.05,0.05,0.6395348837209303,0.0,0.0,0,0.0,1.8000000000000005,0.0,0.0,0.0,0.0,0.0,0.0,0.0,0.0,0,0.0,0.49166666666666664,0.18333333333333332,0.325,0.49166666666666664,0.18333333333333332,0.325,0.5263610472074813,4.111111111111111,9.449999999999996,0.5518577977852092,0.8902729451656342,0.0,0.0,0.0,0.0,0,0,0.0,0.0,0.0,0.0,0.0,0.0,0.0,0.0,0.0,0.0,0.0,nan,0.0,nan,0.0,0,0.0,unified_mainline,0.0,0.0,0.0,0.0,0.0006396215409040451,0.8058926224708557,0.8058926224708557,0.8058927655220032,1.4338737726211548,0.013908309116959571,0.0609375,0.0006814496591687202,0.00045368967694230377,0.0,0.0,8.880490002732222,8.880490002732222,8.880489706993103,1.0,1.0,0.15859375,0.8058926224708557,0.0,,,5,5,0.017979463562369347,0.017635245248675345,-1,-1,0,False,0.0002,0.0,0.09987966666666667
30,5,5,100,20.0,2.028198003768921,0.5,terminated_unknown,terminated,0.008492294698953629,0.042461472365591356,0.042461472365591356,0.02522482722997665,0.0091015649959445,0.15,0.15,0.6917293233082706,0.0,0.0,0,0.0,0.5,0.0,0.0,0.0,0.0,0.0,0.0,0.0,0.0,0,0.0,0.65,0.19,0.16,0.65,0.19,0.16,0.5123070691525936,0.2,0.7999999999999998,0.535163054721696,0.8603683412075042,0.0,0.0,0.0,0.0,0,0,0.0,0.0,0.0,0.0,0.0,0.0,0.0,0.0,0.0,0.0,0.0,nan,0.0,nan,0.0,0,0.0,unified_mainline,0.0,0.0,0.0,0.0,0.008865662035532296,2.1905907869338987,2.1905907869338987,2.1905914545059204,1.5587523698806762,0.003709546383470297,0.05999999940395355,0.0027010095771402122,0.0010349940275773406,0.0,0.0,50.14281011123052,50.14281011123052,50.14281005859375,1.0,1.0,0.4120000064373016,2.1905907869338987,0.0,,,5,5,0.0150554608553648,0.01388221476227045,-1,-1,0,False,0.0002,0.0,0.09987800000000001
31,5,5,100,20.0,2.206098794937134,0.5,terminated_unknown,terminated,0.004168652929365635,0.020843263276585124,0.020843263276585124,0.010892226640135049,0.005264365579932928,0.05,0.05,0.6376811594202898,0.0,0.0,0,0.0,0.5,0.0,0.0,0.0,0.0,0.0,0.0,0.0,0.0,0,0.0,0.59,0.18,0.23,0.59,0.18,0.23,0.5160753132030368,2.2,7.599999999999999,0.5392080809830165,0.8624616861343384,0.0,0.0,0.0,0.0,0,0,0.0,0.0,0.0,0.0,0.0,0.0,0.0,0.0,0.0,0.0,0.0,nan,0.0,nan,0.0,0,0.0,unified_mainline,0.0,0.0,0.0,0.0,0.0017869004514068365,3.53143253326416,3.53143253326416,3.531434679031372,1.5556150913238525,0.007547382253687829,0.03799999952316284,0.0011952436878345906,0.0007625918253324926,0.0,0.0,132.22393643753603,132.22393643753603,132.22394027709962,1.0,1.0,0.8820000052452087,3.5314323902130127,0.0,,,5,5,0.015248158015310764,0.014863863028585911,-1,-1,0,False,0.0002,0.0,0.09987633333333334
32,11,11,220,20.0,5.283959150314331,1.1,terminated_unknown,terminated,-0.004931094124913216,-0.05424203674623522,-0.05424203674623522,0.013978367205709219,0.011651438660919666,0.05,0.05,0.6947368421052632,0.0,0.0,0,0.0,1.0999999999999999,0.0,0.0,0.0,0.0,0.0,0.0,0.0,0.0,0,0.0,0.6090909090909091,0.13636363636363635,0.2545454545454545,0.6090909090909091,0.13636363636363635,0.2545454545454545,0.5099710292775522,2.272727272727273,4.5,0.5255072841983895,0.8298043757677078,0.0,0.0,0.0,0.0,0,0,0.0,0.0,0.0,0.0,0.0,0.0,0.0,0.0,0.0,0.0,0.0,nan,0.0,nan,0.0,0,0.0,unified_mainline,0.0,0.0,0.0,0.0,-0.004269369516987353,0.836574113368988,0.836574113368988,0.8365743160247803,1.5364641189575194,-0.0021178400435019284,0.03999999910593033,0.001638445840217173,0.0009933561203069984,0.0,0.0,14.15387019950486,14.15387019950486,14.153870391845704,1.0,1.0,0.5909090876579285,0.8365740895271301,0.0,,,5,5,0.0,-0.0005475212354213001,-1,-1,0,False,0.0002,0.0,0.09987266666666668
33,5,5,100,20.0,3.3386783599853516,0.5,terminated_unknown,terminated,0.0058637456968426704,0.029318728891268075,0.029318728891268075,0.01710917856544256,0.0061602466739714146,0.1,0.1,0.640625,0.0,0.0,0,0.0,0.5,0.0,0.0,0.0,0.0,0.0,0.0,0.0,0.0,0,0.0,0.55,0.23,0.22,0.55,0.23,0.22,0.5317563682049513,1.8,7.199999999999998,0.570569707122114,0.9394610047340392,0.0,0.0,0.0,0.0,0,0,0.0,0.0,0.0,0.0,0.0,0.0,0.0,0.0,0.0,0.0,0.0,nan,0.0,nan,0.0,0,0.0,unified_mainline,0.0,0.0,0.0,0.0,4.885871894657612e-05,0.9900730848312378,0.9900730848312378,0.9900734782218933,1.7297266483306886,0.02831637393683195,0.03599999919533729,0.0007529546041041612,0.000612457760144025,0.0,0.0,21.186257312187923,21.186257312187923,21.186256980895998,1.0,1.0,0.5839999854564667,0.990073049068451,0.0,,,5,5,0.05235178768634796,0.04837692007422447,-1,-1,0,False,0.0002,0.0,0.099871
34,12,12,240,20.0,7.0462353229522705,1.2000000000000002,terminated_unknown,terminated,-0.005899166222661734,-0.07078999690376536,-0.07078999690376536,0.014754028385505071,0.013666216284036636,0.05,0.05,0.6059113300492611,0.0,0.0,0,0.0,1.2,0.0,0.0,0.0,0.0,0.0,0.0,0.0,0.0,0,0.0,0.5416666666666666,0.22083333333333333,0.2375,0.5416666666666666,0.22083333333333333,0.2375,0.5178657134373983,1.6666666666666667,4.0,0.5389797384088689,0.8815399080514907,0.0,0.0,0.0,0.0,0,0,0.0,0.0,0.0,0.0,0.0,0.0,0.0,0.0,0.0,0.0,0.0,nan,0.0,nan,0.0,0,0.0,unified_mainline,0.0,0.0,0.0,0.0,0.0037608437123708427,0.9304232716560363,0.9304232716560363,0.9304234147071838,1.5281579971313477,0.008746501873247325,0.05083333402872085,0.0005395099753513933,0.0004993246810045093,0.0,0.0,8.605128205031098,8.605128205031098,8.605128192901612,1.0,1.0,0.3991666615009308,0.9304233193397522,0.0,,,5,5,0.01893719471991062,0.01721998695284128,-1,-1,0,False,0.0002,0.0,0.09986700000000001
35,12,12,240,20.0,10.919160842895508,1.2000000000000002,terminated_unknown,terminated,-0.006028504576534033,-0.07234205647512168,-0.07234205647512168,0.010862797219306225,0.009797210805118084,0.05,0.05,0.6091370558375635,0.0,0.0,0,0.0,1.2,0.0,0.0,0.0,0.0,0.0,0.0,0.0,0.0,0,0.0,0.48333333333333334,0.20833333333333334,0.30833333333333335,0.48333333333333334,0.20833333333333334,0.30833333333333335,0.5356905139439428,2.3333333333333335,6.449999999999999,0.5690784140850508,0.9099161833524704,0.0,0.0,0.0,0.0,0,0,0.0,0.0,0.0,0.0,0.0,0.0,0.0,0.0,0.0,0.0,0.0,nan,0.0,nan,0.0,0,0.0,unified_mainline,0.0,0.0,0.0,0.0,-0.007081322243902832,0.6334017395973206,0.6334017395973206,0.6334018707275391,1.7257867574691772,0.005482462036889046,0.04583333432674408,0.0004680948331952095,0.00044614295475184915,0.0,0.0,7.890007379830395,7.890007379830395,7.890007400512696,1.0,1.0,0.43166667222976685,0.6334017753601074,0.0,,,5,5,0.008861502632498741,0.00870695784687996,-1,-1,0,False,0.0002,0.0,0.09986300000000001
36,18,18,360,20.0,16.333813428878784,1.8,terminated_unknown,terminated,-0.013065263628959656,-0.23517473817386156,-0.23517473817386156,0.001259092497639338,0.014526007696986198,0.05,0.05,0.6023166023166023,0.0,0.0,0,0.0,1.8000000000000005,0.0,0.0,0.0,0.0,0.0,0.0,0.0,0.0,0,0.0,0.46944444444444444,0.18888888888888888,0.3416666666666667,0.46944444444444444,0.18888888888888888,0.3416666666666667,0.534697109233174,2.9444444444444446,7.0,0.5653976927955113,0.8970016539096832,0.0,0.0,0.0,0.0,0,0,0.0,0.0,0.0,0.0,0.0,0.0,0.0,0.0,0.0,0.0,0.0,nan,0.0,nan,0.0,0,0.0,unified_mainline,0.0,0.0,0.0,0.0,0.0036483675241470335,0.8178549766540527,0.8178549766540527,0.8178551435470581,1.5340381860733032,0.01048784088343382,0.06875,0.00029641943401657043,0.00040887330542318525,0.0,0.0,8.428275427945518,8.428275427945518,8.42827558517456,1.0,1.0,0.22265625,0.8178549766540527,0.0,,,5,5,0.014968347735702991,0.014257153123617172,-1,-1,0,False,0.0002,0.0,0.099857
37,5,5,100,20.0,1.779472827911377,0.5,terminated_unknown,terminated,0.005759528838098049,0.028797643873427252,0.028797643873427252,0.017378621920943256,0.006911280564963818,0.1,0.1,0.688,0.0,0.0,0,0.0,0.5,0.0,0.0,0.0,0.0,0.0,0.0,0.0,0.0,0,0.0,0.68,0.15,0.17,0.68,0.15,0.17,0.5260037974268198,0.0,0.0,0.5812618669588119,0.8600884675979614,0.0,0.0,0.0,0.0,0,0,0.0,0.0,0.0,0.0,0.0,0.0,0.0,0.0,0.0,0.0,0.0,nan,0.0,nan,0.0,0,0.0,unified_mainline,0.0,0.0,0.0,0.0,0.0010902413574513047,1.7125906705856324,1.7125906705856324,1.7125913858413697,1.5241747140884399,0.0035934598243329676,0.0780000001192093,0.0005207721551414579,0.0006323063629679382,0.0,0.0,44.13556962036519,44.13556962036519,44.13557014465332,1.0,1.0,0.6819999992847443,1.7125906467437744,0.0,,,5,5,0.013415400870144367,0.011312475847080347,-1,-1,0,False,0.0002,0.0,0.09985533333333334
38,12,12,240,20.0,5.890153646469116,1.2000000000000002,terminated_unknown,terminated,-0.0033906579483300447,-0.04068789582629801,-0.04068789582629801,0.0072136484785005435,0.007750619202852249,0.05,0.05,0.6358974358974359,0.0,0.0,0,0.0,1.2,0.0,0.0,0.0,0.0,0.0,0.0,0.0,0.0,0,0.0,0.6291666666666667,0.12083333333333333,0.25,0.6291666666666667,0.12083333333333333,0.25,0.529825076740235,1.8333333333333333,5.0,0.5804271732320946,0.9118762016296387,0.0,0.0,0.0,0.0,0,0,0.0,0.0,0.0,0.0,0.0,0.0,0.0,0.0,0.0,0.0,0.0,nan,0.0,nan,0.0,0,0.0,unified_mainline,0.0,0.0,0.0,0.0,-0.005112105375155806,0.950664758682251,0.950664758682251,0.9506651163101196,1.3902443170547485,0.016506158746778965,0.05750000029802323,0.0003670258854981512,0.00043821894214488564,0.0,0.0,10.626294831334791,10.626294831334791,10.626294374465942,1.0,1.0,0.6083333194255829,0.9506647944450378,0.0,,,5,5,0.023473965004086494,0.023161061853170396,-1,-1,0,False,0.0002,0.0,0.09985133333333333
39,13,13,260,20.0,6.319402456283569,1.3,terminated_unknown,terminated,-0.0027159450110048056,-0.03530727929401565,-0.03530727929401565,0.021641177311539632,0.01277434453368187,0.1,0.1,0.6834170854271356,0.0,0.0,0,0.0,1.3,0.0,0.0,0.0,0.0,0.0,0.0,0.0,0.0,0,0.0,0.676923076923077,0.13076923076923078,0.19230769230769232,0.676923076923077,0.13076923076923078,0.19230769230769232,0.5190557790060456,0.6923076923076923,2.0,0.5589821731139507,0.9229926049709319,0.0,0.0,0.0,0.0,0,0,0.0,0.0,0.0,0.0,0.0,0.0,0.0,0.0,0.0,0.0,0.0,nan,0.0,nan,0.0,0,0.0,unified_mainline,0.0,0.0,0.0,0.0,-0.008391551487147809,0.8191261053085327,0.8191261053085327,0.8191262364387513,1.3369163990020752,0.0032259935745969416,0.07109375,0.0002844515547621995,0.0003728542767930776,0.0,0.0,9.758421580472486,9.758421580472486,9.758421897888184,1.0,1.0,0.39375,0.8191261053085327,0.0,,,5,5,0.0054604546166956425,0.005443732999265194,-1,-1,0,False,0.0002,0.0,0.099847
40,10,10,200,20.0,5.028479099273682,1.0,terminated_unknown,terminated,-0.0009562714258208871,-0.009562715993914391,-0.009562715993914391,0.013966797385364767,0.01043672300875187,0.05,0.05,0.5490196078431373,0.0,0.0,0,0.0,0.9999999999999999,0.0,0.0,0.0,0.0,0.0,0.0,0.0,0.0,0,0.0,0.7,0.08,0.22,0.7,0.08,0.22,0.5518674309924245,0.6,1.549999999999999,0.6728914366414149,0.9554328620433806,0.0,0.0,0.0,0.0,0,0,0.0,0.0,0.0,0.0,0.0,0.0,0.0,0.0,0.0,0.0,0.0,nan,0.0,nan,0.0,0,0.0,unified_mainline,0.0,0.0,0.0,0.0,0.007242126204073429,0.7642510294914245,0.7642510294914245,0.7642513632774353,1.3844592094421386,-0.0035501259146258233,0.06200000047683716,0.0002800928574288264,0.0004121574980672449,0.0,0.0,16.414298135405815,16.414298135405815,16.414298248291015,1.0,1.0,0.603000009059906,0.7642510056495666,0.0,,,5,5,0.001448949915356934,0.0008349820040166372,-1,-1,0,False,0.0002,0.0,0.09984366666666668
41,11,11,220,20.0,5.947166204452515,1.1,terminated_unknown,terminated,-0.0010533020831644535,-0.011586322141845367,-0.011586322141845367,0.013396760448813438,0.009402313269674778,0.1,0.1,0.6649746192893401,0.0,0.0,0,0.0,1.0999999999999999,0.0,0.0,0.0,0.0,0.0,0.0,0.0,0.0,0,0.0,0.6954545454545454,0.07727272727272727,0.22727272727272727,0.6954545454545454,0.07727272727272727,0.22727272727272727,0.5315864425491202,0.9090909090909091,2.5,0.6037166770269622,0.9425077438354491,0.0,0.0,0.0,0.0,0,0,0.0,0.0,0.0,0.0,0.0,0.0,0.0,0.0,0.0,0.0,0.0,nan,0.0,nan,0.0,0,0.0,unified_mainline,0.0,0.0,0.0,0.0,-0.0033734750933945177,0.7808804869651794,0.7808804869651794,0.7808806419372558,1.351013445854187,0.0054359109490178525,0.051818182319402696,0.0002654078241903335,0.00042691692360676827,0.0,0.0,10.919674035971026,10.919674035971026,10.919673919677734,1.0,1.0,0.34000000059604646,0.7808804631233215,0.0,,,5,5,0.012592090293765068,0.012190167233347893,-1,-1,0,False,0.0002,0.0,0.09984000000000001
42,13,13,260,20.0,6.232052564620972,1.3,terminated_unknown,terminated,-0.002416152972728014,-0.03140999156299714,-0.03140999156299714,0.014101864397525778,0.010438693687319756,0.05,0.05,0.6984924623115578,0.0,0.0,0,0.0,1.3,0.0,0.0,0.0,0.0,0.0,0.0,0.0,0.0,0,0.0,0.6615384615384615,0.1,0.23846153846153847,0.6615384615384615,0.1,0.23846153846153847,0.5436443891662818,0.6923076923076923,3.0,0.6289493316276507,0.9497684329748154,0.0,0.0,0.0,0.0,0,0,0.0,0.0,0.0,0.0,0.0,0.0,0.0,0.0,0.0,0.0,0.0,nan,0.0,nan,0.0,0,0.0,unified_mainline,0.0,0.0,0.0,0.0,0.0139237642288208,0.9253159165382385,0.9253159165382385,0.925316333770752,1.2655523300170899,0.012958420068025589,0.084375,0.0002584938541986048,0.00034216122585348783,0.0,0.0,13.83328404993981,13.83328404993981,13.833283615112304,1.0,1.0,0.51953125,0.9253159165382385,0.0,,,5,5,0.015612279996275902,0.015581090189516544,-1,-1,0,False,0.0002,0.0,0.09983566666666667
43,5,5,100,20.0,1.8578071594238281,0.5,terminated_unknown,terminated,0.00585912773385644,0.029295639509053326,0.029295639509053326,0.017630546540021892,0.0073572187684476376,0.1,0.1,0.6515151515151515,0.0,0.0,0,0.0,0.5,0.0,0.0,0.0,0.0,0.0,0.0,0.0,0.0,0,0.0,0.74,0.11,0.15,0.74,0.11,0.15,0.527989957779646,0.2,0.7999999999999998,0.6076536837678689,0.9104054272174835,0.0,0.0,0.0,0.0,0,0,0.0,0.0,0.0,0.0,0.0,0.0,0.0,0.0,0.0,0.0,0.0,nan,0.0,nan,0.0,0,0.0,unified_mainline,0.0,0.0,0.0,0.0,0.0065432960167527195,0.966640031337738,0.966640031337738,0.9666405081748962,1.3706127643585204,0.0014730298426002264,0.06400000005960464,0.00033498757402412594,0.0004716398601885885,0.0,0.0,11.169352498011225,11.169352498011225,11.169352865219116,1.0,1.0,0.5680000066757203,0.966640031337738,0.0,,,5,5,0.007200038526207209,0.0068664148449897764,-1,-1,0,False,0.0002,0.0,0.099834
44,11,11,220,20.0,7.393523693084717,1.1,terminated_unknown,terminated,2.625635352160316e-05,0.00028881887576329493,0.00028881887576329493,0.018163098488003016,0.013338885270059109,0.1,0.1,0.6735751295336787,0.0,0.0,0,0.0,1.0999999999999999,0.0,0.0,0.0,0.0,0.0,0.0,0.0,0.0,0,0.0,0.6681818181818182,0.15,0.18181818181818182,0.6681818181818182,0.15,0.18181818181818182,0.5299227404323491,2.4545454545454546,7.0,0.5901781218509151,0.9035269498825073,0.0,0.0,0.0,0.0,0,0,0.0,0.0,0.0,0.0,0.0,0.0,0.0,0.0,0.0,0.0,0.0,nan,0.0,nan,0.0,0,0.0,unified_mainline,0.0,0.0,0.0,0.0,-0.0033442297717556357,0.8794126272201538,0.8794126272201538,0.8794127941131592,1.3138776302337647,0.0004999248863896355,0.08000000044703484,0.0003050842438824475,0.00045745025272481143,0.0,0.0,8.868383971672861,8.868383971672861,8.868383693695069,1.0,1.0,0.3699999928474426,0.8794126033782959,0.0,,,5,5,0.015235794708132744,0.012168262791237791,-1,-1,0,False,0.0002,0.0,0.09983033333333334
45,5,5,100,20.0,2.065446138381958,0.5,terminated_unknown,terminated,0.007406133227050304,0.03703066711465955,0.03703066711465955,0.025370229780673978,0.009152805432677269,0.15,0.15,0.6240601503759399,0.0,0.0,0,0.0,0.5,0.0,0.0,0.0,0.0,0.0,0.0,0.0,0.0,0,0.0,0.65,0.12,0.23,0.65,0.12,0.23,0.5482266718149185,2.4,8.399999999999999,0.6377904908997672,0.9275644361972807,0.0,0.0,0.0,0.0,0,0,0.0,0.0,0.0,0.0,0.0,0.0,0.0,0.0,0.0,0.0,0.0,nan,0.0,nan,0.0,0,0.0,unified_mainline,0.0,0.0,0.0,0.0,0.007063299347646534,0.7694949626922607,0.7694949626922607,0.7694952130317688,1.2115614891052247,0.012177513167262077,0.12000000029802323,0.00036794727202504873,0.00046991579583846035,0.0,0.0,8.266305530367703,8.266305530367703,8.266305351257325,1.0,1.0,0.41800000667572024,0.7694949626922607,0.0,,,5,5,0.04157309979200363,0.03537467010319233,-1,-1,0,False,0.0002,0.0,0.09982866666666668
46,8,8,160,20.0,7.221833229064941,0.8,terminated_unknown,terminated,-0.0008123093284666538,-0.006498474760338473,-0.006498474760338473,0.008567704912275076,0.00891149789094925,0.05,0.05,0.4846938775510204,0.0,0.0,0,0.0,0.7999999999999999,0.0,0.0,0.0,0.0,0.0,0.0,0.0,0.0,0,0.0,0.74375,0.13125,0.125,0.74375,0.13125,0.125,0.5226064753718674,2.125,6.549999999999996,0.5882203916950923,0.9432536363601685,0.0,0.0,0.0,0.0,0,0,0.0,0.0,0.0,0.0,0.0,0.0,0.0,0.0,0.0,0.0,0.0,nan,0.0,nan,0.0,0,0.0,unified_mainline,0.0,0.0,0.0,0.0,0.014780633710324764,0.8272311449050903,0.8272311449050903,0.8272315382957458,1.2428481340408326,0.009854295756667852,0.08499999940395356,0.00030996385612525046,0.00043512129923328757,0.0,0.0,11.643854630364661,11.643854630364661,11.643854713439941,1.0,1.0,0.4574999988079071,0.8272311449050903,0.0,,,5,5,0.021696215495467186,0.02026280555874109,-1,-1,0,False,0.0002,0.0,0.09982600000000001
47,10,10,200,20.0,4.8823463916778564,1.0,terminated_unknown,terminated,-0.0004277890548110008,-0.004277890091744317,-0.004277890091744317,0.017015636526048178,0.01102532260119915,0.05,0.05,0.625,0.0,0.0,0,0.0,0.9999999999999999,0.0,0.0,0.0,0.0,0.0,0.0,0.0,0.0,0,0.0,0.855,0.055,0.09,0.855,0.055,0.09,0.5089409531094133,0.3,1.549999999999999,0.5616617455821613,0.8343186259269713,0.0,0.0,0.0,0.0,0,0,0.0,0.0,0.0,0.0,0.0,0.0,0.0,0.0,0.0,0.0,0.0,nan,0.0,nan,0.0,0,0.0,unified_mainline,0.0,0.0,0.0,0.0,-0.0037808663095347584,0.9366309881210327,0.9366309881210327,0.9366313934326171,1.0205937623977661,0.002613661822397262,0.046000000461935996,0.00029761281330138446,0.0003711205266881734,0.0,0.0,13.086462815456827,13.086462815456827,13.086462783813477,1.0,1.0,0.518999981880188,0.9366309642791748,0.0,,,5,5,0.004707998596131802,0.004350041411817073,-1,-1,0,False,0.0002,0.0,0.09982266666666667
48,9,9,180,20.0,4.7503321170806885,0.9,terminated_unknown,terminated,0.0001588453887961805,0.0014296082693003734,0.0014296082693003734,0.020946961641311643,0.013801027089357376,0.05,0.05,0.48756218905472637,0.0,0.0,0,0.0,0.8999999999999999,0.0,0.0,0.0,0.0,0.0,0.0,0.0,0.0,0,0.0,0.8611111111111112,0.044444444444444446,0.09444444444444444,0.8611111111111112,0.044444444444444446,0.09444444444444444,0.5145679581496451,0.4444444444444444,2.1999999999999993,0.6048892986774445,0.8911264300346374,0.0,0.0,0.0,0.0,0,0,0.0,0.0,0.0,0.0,0.0,0.0,0.0,0.0,0.0,0.0,0.0,nan,0.0,nan,0.0,0,0.0,unified_mainline,0.0,0.0,0.0,0.0,0.0005330305197276175,0.7393569707870483,0.7393569707870483,0.7393573164939881,0.9884549021720886,0.006265793458442204,0.04777777940034866,0.00027735664043575524,0.0003913122869562358,0.0,0.0,18.92148095257645,18.92148095257645,18.921481323242187,1.0,1.0,0.598888885974884,0.7393569707870483,0.0,,,5,5,0.016531748697161674,0.015476355329155922,-1,-1,0,False,0.0002,0.0,0.09981966666666667
49,5,5,100,20.0,1.9474401473999023,0.5,terminated_unknown,terminated,0.008178258314728737,0.04089129175808623,0.04089129175808623,0.025694610923528666,0.008178258314728737,0.15,0.15,0.6940298507462687,0.0,0.0,0,0.0,0.5,0.0,0.0,0.0,0.0,0.0,0.0,0.0,0.0,0,0.0,0.8,0.08,0.12,0.8,0.08,0.12,0.5122746567428113,1.6,6.399999999999999,0.561373283714056,0.8155961364507676,0.0,0.0,0.0,0.0,0,0,0.0,0.0,0.0,0.0,0.0,0.0,0.0,0.0,0.0,0.0,0.0,nan,0.0,nan,0.0,0,0.0,unified_mainline,0.0,0.0,0.0,0.0,-0.004269900009967386,1.1006479740142823,1.1006479740142823,1.1006483078002929,0.99550541639328,0.008904369082301855,0.05199999883770943,0.0003926467383280396,0.00046752908383496106,0.0,0.0,20.225790580036005,20.225790580036005,20.225790214538574,1.0,1.0,0.4539999902248383,1.1006479263305664,0.0,,,5,5,0.014845851808786392,0.013996579311788082,-1,-1,0,False,0.0002,0.0,0.099818
50,5,5,100,20.0,1.8611502647399902,0.5,terminated_unknown,terminated,0.011990340426564217,0.059951704061749336,0.059951704061749336,0.03907776847481727,0.011990340426564217,0.25,0.25,0.7384615384615385,0.0,0.0,0,0.0,0.5,0.0,0.0,0.0,0.0,0.0,0.0,0.0,0.0,0,0.0,0.9,0.04,0.06,0.9,0.04,0.06,0.49812551468610766,0.4,1.5999999999999996,0.48125514686107634,0.6880816042423248,0.0,0.0,0.0,0.0,0,0,0.0,0.0,0.0,0.0,0.0,0.0,0.0,0.0,0.0,0.0,0.0,nan,0.0,nan,0.0,0,0.0,unified_mainline,0.0,0.0,0.0,0.0,0.00602579228579998,0.9443804144859314,0.9443804144859314,0.9443804979324341,0.9972833871841431,-0.001680175308138132,0.03199999965727329,0.0003514677053317428,0.0005759593972470611,0.0,0.0,7.86478995050736,7.86478995050736,7.864789772033691,1.0,1.0,0.40800000429153443,0.9443804025650024,0.0,,,5,5,0.009306391701102257,0.008651789743453264,-1,-1,0,False,0.0002,0.0,0.09981633333333334
51,20,20,400,20.0,21.511287450790405,2.0,terminated_unknown,terminated,-0.006885281298309565,-0.13770560090784123,-0.13770560090784123,0.006762776710093031,0.01098627783358097,0.05,0.05,0.672,0.0,0.0,0,0.0,2.0000000000000004,0.0,0.0,0.0,0.0,0.0,0.0,0.0,0.0,0,0.0,0.8025,0.0575,0.14,0.8025,0.0575,0.14,0.517743619903922,0.65,2.3000000000000043,0.5898411134375802,0.9208050608634949,0.0,0.0,0.0,0.0,0,0,0.0,0.0,0.0,0.0,0.0,0.0,0.0,0.0,0.0,0.0,0.0,nan,0.0,nan,0.0,0,0.0,unified_mainline,0.0,0.0,0.0,0.0,0.014225819893181325,0.9221727728843689,0.9221727728843689,0.9221729874610901,0.9136704444885254,0.016991893481463193,0.06015625,0.00025053975405171515,0.0007454953389242292,0.0,0.0,10.445021535674883,10.445021535674883,10.445021629333496,1.0,1.0,0.3875,0.9221727728843689,0.0,,,5,5,0.022702427580952644,0.02262573391199112,-1,-1,0,False,0.0002,0.0,0.09980966666666667
52,11,11,220,20.0,6.023832082748413,1.1,terminated_unknown,terminated,-0.0021426810417324305,-0.023569488220564032,-0.023569488220564032,0.015026606619358063,0.009837184101343155,0.05,0.05,0.6274509803921569,0.0,0.0,0,0.0,1.0999999999999999,0.0,0.0,0.0,0.0,0.0,0.0,0.0,0.0,0,0.0,0.8545454545454545,0.04090909090909091,0.10454545454545454,0.8545454545454545,0.04090909090909091,0.10454545454545454,0.5102193526415663,0.6363636363636364,3.0,0.5702580494107679,0.9411209732294082,0.0,0.0,0.0,0.0,0,0,0.0,0.0,0.0,0.0,0.0,0.0,0.0,0.0,0.0,0.0,0.0,nan,0.0,nan,0.0,0,0.0,unified_mainline,0.0,0.0,0.0,0.0,0.001231758249923587,0.8182919740676879,0.8182919740676879,0.8182921409606934,0.8093357682228088,0.013663051649928093,0.056363636255264284,0.0002636232093209401,0.0006448230240494012,0.0,0.0,9.51469863941798,9.51469863941798,9.514698553085328,1.0,1.0,0.4218181848526001,0.8182919263839722,0.0,,,5,5,0.020747704431414604,0.01992051750421524,-1,-1,0,False,0.0002,0.0,0.099806
53,12,12,240,20.0,5.8744916915893555,1.2000000000000002,terminated_unknown,terminated,-0.002459940267726779,-0.029519278376258146,-0.029519278376258146,0.024451647512614718,0.015323550440371037,0.05,0.05,0.6473684210526316,0.0,0.0,0,0.0,1.2,0.0,0.0,0.0,0.0,0.0,0.0,0.0,0.0,0,0.0,0.9,0.0375,0.0625,0.9,0.0375,0.0625,0.5057500328558187,0.25,1.3499999999999979,0.5575003285581867,0.8339692443609237,0.0,0.0,0.0,0.0,0,0,0.0,0.0,0.0,0.0,0.0,0.0,0.0,0.0,0.0,0.0,0.0,nan,0.0,nan,0.0,0,0.0,unified_mainline,0.0,0.0,0.0,0.0,0.004787662019953132,0.8453583240509033,0.8453583240509033,0.8453586816787719,0.7983548402786255,0.00300916752894409,0.0358333345502615,0.0002210531383752823,0.0006417270109523088,0.0,0.0,13.998461975758673,13.998461975758673,13.998461627960205,1.0,1.0,0.5050000011920929,0.8453583598136902,0.0,,,5,5,0.006406608037650585,0.0061156216077506535,-1,-1,0,False,0.0002,0.0,0.099802
54,5,5,100,20.0,1.6494781970977783,0.5,terminated_unknown,terminated,0.0066720349714159966,0.03336017577023723,0.03336017577023723,0.01814269199967384,0.0066720349714159966,0.1,0.1,0.7164179104477612,0.0,0.0,0,0.0,0.5,0.0,0.0,0.0,0.0,0.0,0.0,0.0,0.0,0,0.0,0.93,0.06,0.01,0.93,0.06,0.01,0.5076613175868988,1.0,3.999999999999999,0.6094473940985543,0.7565354943275451,0.0,0.0,0.0,0.0,0,0,0.0,0.0,0.0,0.0,0.0,0.0,0.0,0.0,0.0,0.0,0.0,nan,0.0,nan,0.0,0,0.0,unified_mainline,0.0,0.0,0.0,0.0,0.0009117269597481936,1.066726517677307,1.066726517677307,1.066727066040039,0.9287317991256714,0.014051215630024672,0.03399999961256981,0.00031475883442908523,0.0011883533094078302,0.0,0.0,39.88616917006216,39.88616917006216,39.886169052124025,1.0,1.0,0.521999990940094,1.066726517677307,0.0,,,5,5,0.027453357353806496,0.025293118134140966,-1,-1,0,False,0.0002,0.0,0.09980033333333334
55,5,5,100,20.0,1.8067035675048828,0.5,terminated_unknown,terminated,0.008227621205151081,0.04113810473907768,0.04113810473907768,0.02516512833535671,0.008736261166632175,0.15,0.15,0.7213114754098361,0.0,0.0,0,0.0,0.5,0.0,0.0,0.0,0.0,0.0,0.0,0.0,0.0,0,0.0,0.87,0.06,0.07,0.87,0.06,0.07,0.5171550469845534,0.0,0.0,0.6319618998811796,0.9135815024375915,0.0,0.0,0.0,0.0,0,0,0.0,0.0,0.0,0.0,0.0,0.0,0.0,0.0,0.0,0.0,0.0,nan,0.0,nan,0.0,0,0.0,unified_mainline,0.0,0.0,0.0,0.0,0.0030957417679019273,0.9334228277206421,0.9334228277206421,0.9334231495857239,0.8494667887687684,-0.001022979849949479,0.053999999165534975,0.0003108760283794254,0.0006285024282988161,0.0,0.0,13.18647343412648,13.18647343412648,13.18647346496582,1.0,1.0,0.48399998545646666,0.9334228038787842,0.0,,,5,5,0.01155371218919754,0.010690345522016287,-1,-1,0,False,0.0002,0.0,0.09979866666666667
56,16,16,320,20.0,10.293151617050171,1.6,terminated_unknown,terminated,-0.014285598881542683,-0.2285695895032145,-0.2285695895032145,0.018521761521697044,0.022017741575837135,0.05,0.05,0.49063670411985016,0.0,0.0,0,0.0,1.6000000000000003,0.0,0.0,0.0,0.0,0.0,0.0,0.0,0.0,0,0.0,0.84375,0.0625,0.09375,0.84375,0.0625,0.09375,0.5163695178489434,0.1875,1.0,0.6047649142332375,0.9356750458478927,0.0,0.0,0.0,0.0,0,0,0.0,0.0,0.0,0.0,0.0,0.0,0.0,0.0,0.0,0.0,0.0,nan,0.0,nan,0.0,0,0.0,unified_mainline,0.0,0.0,0.0,0.0,0.011650692485272885,1.2240016222000123,1.2240016222000123,1.2240017652511597,0.7164804339408875,0.006102384673431516,0.05390625,0.000252185674617067,0.000907728832680732,0.0,0.0,12.214247366666733,12.214247366666733,12.214247226715088,1.0,1.0,0.5109375,1.2240016222000123,0.0,,,5,5,0.016369689255952835,0.0146762378513813,-1,-1,0,False,0.0002,0.0,0.09979333333333334
57,11,11,220,20.0,6.193408012390137,1.1,terminated_unknown,terminated,-0.0014248591614887118,-0.01567344942540821,-0.01567344942540821,0.01879746839404106,0.012181874364614487,0.1,0.1,0.656084656084656,0.0,0.0,0,0.0,1.0999999999999999,0.0,0.0,0.0,0.0,0.0,0.0,0.0,0.0,0,0.0,0.8545454545454545,0.05,0.09545454545454546,0.8545454545454545,0.05,0.09545454545454546,0.5045057239518924,0.8181818181818182,4.0,0.5309768521692604,0.9124868214130402,0.0,0.0,0.0,0.0,0,0,0.0,0.0,0.0,0.0,0.0,0.0,0.0,0.0,0.0,0.0,0.0,nan,0.0,nan,0.0,0,0.0,unified_mainline,0.0,0.0,0.0,0.0,-0.004551603551954031,1.1792687892913818,1.1792687892913818,1.1792689085006713,0.8887234687805176,0.013319703005254268,0.056363636255264284,0.00033882947755046187,0.001771156716858968,0.0,0.0,19.91939792476183,19.91939792476183,19.91939821243286,1.0,1.0,0.48636363744735717,1.179268741607666,0.0,,,5,5,0.024637509137392044,0.02415403239428997,-1,-1,0,False,0.0002,0.0,0.09978966666666667
58,11,11,220,20.0,5.135120153427124,1.1,terminated_unknown,terminated,-0.0017413594760000706,-0.01915495592394547,-0.01915495592394547,0.020886185579001904,0.012862741947174072,0.05,0.05,0.5408163265306123,0.0,0.0,0,0.0,1.0999999999999999,0.0,0.0,0.0,0.0,0.0,0.0,0.0,0.0,0,0.0,0.8545454545454545,0.04090909090909091,0.10454545454545454,0.8545454545454545,0.04090909090909091,0.10454545454545454,0.5122626030309634,0.09090909090909091,0.5,0.5843053958378732,0.8723183214664458,0.0,0.0,0.0,0.0,0,0,0.0,0.0,0.0,0.0,0.0,0.0,0.0,0.0,0.0,0.0,0.0,nan,0.0,nan,0.0,0,0.0,unified_mainline,0.0,0.0,0.0,0.0,0.0030870919064909684,0.9368497848510742,0.9368497848510742,0.9368501663208008,0.887519896030426,0.012366418819874525,0.05,0.00030080729629844427,0.0017410568310879172,0.0,0.0,16.257107902818195,16.257107902818195,16.25710802078247,1.0,1.0,0.6136363714933395,0.9368497729301453,0.0,,,5,5,0.016833247616887093,0.016419421322643755,-1,-1,0,False,0.0002,0.0,0.099786
59,9,9,180,20.0,5.237126350402832,0.9,terminated_unknown,terminated,-0.001888370607048273,-0.016995333192089422,-0.016995333192089422,0.008212302438914776,0.009158692322671413,0.05,0.05,0.5658536585365853,0.0,0.0,0,0.0,0.8999999999999999,0.0,0.0,0.0,0.0,0.0,0.0,0.0,0.0,0,0.0,0.7833333333333333,0.10555555555555556,0.1111111111111111,0.7833333333333333,0.10555555555555556,0.1111111111111111,0.4974636326647467,2.0,7.1999999999999975,0.4882936892219079,0.8923779129981996,0.0,0.0,0.0,0.0,0,0,0.0,0.0,0.0,0.0,0.0,0.0,0.0,0.0,0.0,0.0,0.0,nan,0.0,nan,0.0,0,0.0,unified_mainline,0.0,0.0,0.0,0.0,0.002669297670945525,0.8409703254699707,0.8409703254699707,0.8409706711769104,1.0456756114959718,0.023666331171989442,0.08666666895151139,0.00026876601623371243,0.0011767601768951862,0.0,0.0,24.290804534789277,24.290804534789277,24.290804433822633,1.0,1.0,0.5011111080646515,0.8409703612327576,0.0,,,5,5,0.034040000289678574,0.03361625447869301,-1,-1,0,False,0.0002,0.0,0.09978300000000001
60,12,12,240,20.0,5.605961799621582,1.2000000000000002,terminated_unknown,terminated,-0.0012546140933409333,-0.015055371340523762,-0.015055371340523762,0.018469652952626342,0.01027140486985445,0.05,0.05,0.7389162561576355,0.0,0.0,0,0.0,1.2,0.0,0.0,0.0,0.0,0.0,0.0,0.0,0.0,0,0.0,0.8833333333333333,0.05,0.06666666666666667,0.8833333333333333,0.05,0.06666666666666667,0.5151748665918906,0.08333333333333333,0.4499999999999993,0.6300702850733485,0.8776707798242569,0.0,0.0,0.0,0.0,0,0,0.0,0.0,0.0,0.0,0.0,0.0,0.0,0.0,0.0,0.0,0.0,nan,0.0,nan,0.0,0,0.0,unified_mainline,0.0,0.0,0.0,0.0,0.006251769087975844,0.773935341835022,0.773935341835022,0.7739356398582459,0.994258987903595,0.01766645722091198,0.03333333395421505,0.0003519625664921477,0.002945770788937807,0.0,0.0,11.901787630663332,11.901787630663332,11.901787376403808,1.0,1.0,0.4616666674613953,0.7739353895187377,0.0,,,5,5,0.02605300210416317,0.025120482966303825,-1,-1,0,False,0.0002,0.0,0.099779
61,12,12,240,20.0,5.202518701553345,1.2000000000000002,terminated_unknown,terminated,-0.004917043726891279,-0.059004524608525795,-0.059004524608525795,0.019467359129339445,0.012994498014450073,0.05,0.05,0.679144385026738,0.0,0.0,0,0.0,1.2,0.0,0.0,0.0,0.0,0.0,0.0,0.0,0.0,0,0.0,0.8041666666666667,0.05,0.14583333333333334,0.8041666666666667,0.05,0.14583333333333334,0.5173289267967145,0.75,3.349999999999998,0.5884881368342866,0.9219266235828398,0.0,0.0,0.0,0.0,0,0,0.0,0.0,0.0,0.0,0.0,0.0,0.0,0.0,0.0,0.0,0.0,nan,0.0,nan,0.0,0,0.0,unified_mainline,0.0,0.0,0.0,0.0,0.0007837007753551007,0.9445473074913024,0.9445473074913024,0.9445474505424499,1.043971300125122,0.016225684992969037,0.0649999998509884,0.00031231294269673526,0.0009318104421254247,0.0,0.0,14.695055016208727,14.695055016208727,14.695054769515991,1.0,1.0,0.5399999976158142,0.9445473551750183,0.0,,,5,5,0.019475502893328667,0.019180451333522797,-1,-1,0,False,0.0002,0.0,0.099775
62,14,14,280,20.0,5.437212944030762,1.4000000000000001,terminated_unknown,terminated,-0.0008680173777975142,-0.012152246062082234,-0.012152246062082234,0.018133345246315002,0.009303993545472622,0.05,0.05,0.84,0.0,0.0,0,0.0,1.4000000000000001,0.0,0.0,0.0,0.0,0.0,0.0,0.0,0.0,0,0.0,0.8142857142857143,0.075,0.11071428571428571,0.8142857142857143,0.075,0.11071428571428571,0.5135970362861242,0.5,2.3499999999999996,0.5732148107714378,0.9410327792167663,0.0,0.0,0.0,0.0,0,0,0.0,0.0,0.0,0.0,0.0,0.0,0.0,0.0,0.0,0.0,0.0,nan,0.0,nan,0.0,0,0.0,unified_mainline,0.0,0.0,0.0,0.0,0.004710595682263374,0.9066039323806763,0.9066039323806763,0.9066043257713318,1.0410658836364746,0.0006495466455817223,0.0546875,0.0003303645557025447,0.001195182278752327,0.0,0.0,12.724509070512331,12.724509070512331,12.724509334564209,1.0,1.0,0.525,0.9066039323806763,0.0,,,5,5,0.005312837660312653,0.00471875132061541,-1,-1,0,False,0.0002,0.0,0.09977033333333334
63,5,5,100,20.0,1.8157711029052734,0.5,terminated_unknown,terminated,0.011855028569698334,0.059275144112586865,0.059275144112586865,0.03852002024650573,0.011855028569698334,0.25,0.25,0.712,0.0,0.0,0,0.0,0.5,0.0,0.0,0.0,0.0,0.0,0.0,0.0,0.0,0,0.0,0.78,0.16,0.06,0.78,0.16,0.06,0.5221835504472255,2.0,7.999999999999998,0.6008343202146617,0.9005803406238556,0.0,0.0,0.0,0.0,0,0,0.0,0.0,0.0,0.0,0.0,0.0,0.0,0.0,0.0,0.0,0.0,nan,0.0,nan,0.0,0,0.0,unified_mainline,0.0,0.0,0.0,0.0,0.00012084010522812605,0.7831074476242066,0.7831074476242066,0.7831076264381409,1.1066906929016114,0.0055459268856793646,0.07799999937415122,0.00029193934169597925,0.0006689274683594704,0.0,0.0,8.845108566250232,8.845108566250232,8.845108222961425,1.0,1.0,0.4280000001192093,0.7831074118614196,0.0,,,5,5,0.015098877251148224,0.014830263331532478,-1,-1,0,False,0.0002,0.0,0.09976866666666667
64,5,5,100,20.0,1.9729981422424316,0.5,terminated_unknown,terminated,0.004457265604287386,0.02228632839789404,0.02228632839789404,0.010056856554001568,0.004609539173543453,0.05,0.05,0.6865671641791045,0.0,0.0,0,0.0,0.5,0.0,0.0,0.0,0.0,0.0,0.0,0.0,0.0,0,0.0,0.8,0.14,0.06,0.8,0.14,0.06,0.5188906356692314,1.6,6.399999999999999,0.5944531783461571,0.9361118018627167,0.0,0.0,0.0,0.0,0,0,0.0,0.0,0.0,0.0,0.0,0.0,0.0,0.0,0.0,0.0,0.0,nan,0.0,nan,0.0,0,0.0,unified_mainline,0.0,0.0,0.0,0.0,0.012089618388563395,1.0116807341575622,1.0116807341575622,1.011681282520294,1.1586597442626954,0.015040650218725204,0.07199999913573266,0.0002717911673244089,0.0005622355383820832,0.0,0.0,31.073689549460074,31.073689549460074,31.073689460754395,1.0,1.0,0.7320000052452087,1.0116807222366333,0.0,,,5,5,0.018895573914051056,0.018523041903972626,-1,-1,0,False,0.0002,0.0,0.09976700000000001
65,5,5,100,20.0,1.8812055587768555,0.5,terminated_unknown,terminated,0.004234847612679005,0.02117423964712094,0.02117423964712094,0.010606296919286249,0.0045026978477835655,0.05,0.05,0.6766917293233082,0.0,0.0,0,0.0,0.5,0.0,0.0,0.0,0.0,0.0,0.0,0.0,0.0,0,0.0,0.85,0.05,0.1,0.85,0.05,0.1,0.5082838998734951,0.0,0.0,0.5552259991566341,0.90260471701622,0.0,0.0,0.0,0.0,0,0,0.0,0.0,0.0,0.0,0.0,0.0,0.0,0.0,0.0,0.0,0.0,nan,0.0,nan,0.0,0,0.0,unified_mainline,0.0,0.0,0.0,0.0,-0.0009668379556387663,1.1178128480911256,1.1178128480911256,1.1178136348724366,1.1464457988739014,0.001452178554609418,0.06999999955296517,0.0002423994999844581,0.0003796366625465453,0.0,0.0,35.41635449072118,35.41635449072118,35.41635608673096,1.0,1.0,0.556000006198883,1.1178128242492675,0.0,,,5,5,0.012277751229703426,0.0113715554587543,-1,-1,0,False,0.0002,0.0,0.09976533333333334
66,5,5,100,20.0,2.060513496398926,0.5,terminated_unknown,terminated,0.006515379995107651,0.03257689876772398,0.03257689876772398,0.01802338510751724,0.0066178590059280396,0.1,0.1,0.6953125,0.0,0.0,0,0.0,0.5,0.0,0.0,0.0,0.0,0.0,0.0,0.0,0.0,0,0.0,0.76,0.09,0.15,0.76,0.09,0.15,0.5182777715474367,0.8,3.1999999999999993,0.5761573814476529,0.8783746480941772,0.0,0.0,0.0,0.0,0,0,0.0,0.0,0.0,0.0,0.0,0.0,0.0,0.0,0.0,0.0,0.0,nan,0.0,nan,0.0,0,0.0,unified_mainline,0.0,0.0,0.0,0.0,0.0003314633388072252,0.8620341897010804,0.8620341897010804,0.8620346069335938,1.1234456300735474,0.010567187052220105,0.0739999994635582,0.000244653903064318,0.00042644288623705506,0.0,0.0,11.078081560232295,11.078081560232295,11.078081417083741,1.0,1.0,0.5300000071525574,0.8620341420173645,0.0,,,5,5,0.018689775839447975,0.01757463738322258,-1,-1,0,False,0.0002,0.0,0.09976366666666667
67,5,5,100,20.0,1.8723950386047363,0.5,terminated_unknown,terminated,0.005059076473116875,0.025295381760291627,0.025295381760291627,0.009502599947154522,0.005059076473116875,0.05,0.05,0.7230769230769231,0.0,0.0,0,0.0,0.5,0.0,0.0,0.0,0.0,0.0,0.0,0.0,0.0,0,0.0,0.83,0.07,0.1,0.83,0.07,0.1,0.5108879913389682,0.0,0.0,0.564047007876284,0.9114260911941529,0.0,0.0,0.0,0.0,0,0,0.0,0.0,0.0,0.0,0.0,0.0,0.0,0.0,0.0,0.0,0.0,nan,0.0,nan,0.0,0,0.0,unified_mainline,0.0,0.0,0.0,0.0,-0.012086717505007982,0.9322672843933105,0.9322672843933105,0.9322679162025451,1.1278146505355835,-0.00370900584384799,0.07400000095367432,0.000262821456999518,0.0003856587456539273,0.0,0.0,35.353428224160254,35.353428224160254,35.35342903137207,1.0,1.0,0.6699999988079071,0.9322672486305237,0.0,,,5,5,0.009067134000360966,0.007816272042691707,-1,-1,0,False,0.0002,0.0,0.099762
68,10,10,200,20.0,4.875172138214111,1.0,terminated_unknown,terminated,-0.0007293153321370482,-0.00729315194125099,-0.00729315194125099,0.018192952126264563,0.012986655347049236,0.1,0.1,0.676923076923077,0.0,0.0,0,0.0,0.9999999999999999,0.0,0.0,0.0,0.0,0.0,0.0,0.0,0.0,0,0.0,0.77,0.13,0.1,0.77,0.13,0.1,0.5187298603355884,1.2,3.0,0.5814341753721237,0.9141046553850174,0.0,0.0,0.0,0.0,0,0,0.0,0.0,0.0,0.0,0.0,0.0,0.0,0.0,0.0,0.0,0.0,nan,0.0,nan,0.0,0,0.0,unified_mainline,0.0,0.0,0.0,0.0,-0.00038833307044114915,0.8933873772621155,0.8933873772621155,0.893387520313263,1.1430142641067504,-0.008792157517746091,0.06399999931454659,0.00024377330555580556,0.00033632085542194544,0.0,0.0,19.37130006356184,19.37130006356184,19.371299934387206,1.0,1.0,0.36600000262260435,0.8933873414993286,0.0,,,5,5,0.0,-0.002593421656638384,-1,-1,0,False,0.0002,0.0,0.09975866666666668
69,5,5,100,20.0,1.6616885662078857,0.5,terminated_unknown,terminated,0.008454243652522564,0.04227122166140481,0.04227122166140481,0.02436377555131912,0.008831906132400036,0.15,0.15,0.7244094488188977,0.0,0.0,0,0.0,0.5,0.0,0.0,0.0,0.0,0.0,0.0,0.0,0.0,0,0.0,0.73,0.16,0.11,0.73,0.16,0.11,0.5260849373787642,0.2,0.7999999999999998,0.596610879180608,0.927104091644287,0.0,0.0,0.0,0.0,0,0,0.0,0.0,0.0,0.0,0.0,0.0,0.0,0.0,0.0,0.0,0.0,nan,0.0,nan,0.0,0,0.0,unified_mainline,0.0,0.0,0.0,0.0,0.008762676871265284,0.7237037539482116,0.7237037539482116,0.7237040281295777,1.1254690647125245,-0.009855792461894452,0.08200000002980232,0.00022341354633681476,0.00035100001259706913,0.0,0.0,6.770299643861506,6.770299643861506,6.770299291610717,1.0,1.0,0.29399999380111697,0.7237037301063538,0.0,,,5,5,0.0,-0.0020680230110883715,-1,-1,0,False,0.0002,0.0,0.09975700000000001
70,12,12,240,20.0,6.187114238739014,1.2000000000000002,terminated_unknown,terminated,-0.0027580710593611,-0.03309685383146201,-0.03309685383146201,0.01076811370439827,0.008618851192295551,0.1,0.1,0.7219512195121951,0.0,0.0,0,0.0,1.2,0.0,0.0,0.0,0.0,0.0,0.0,0.0,0.0,0,0.0,0.6625,0.13333333333333333,0.20416666666666666,0.6625,0.13333333333333333,0.20416666666666666,0.5263326683392128,1.9166666666666667,5.349999999999998,0.5780227210050748,0.8948883414268494,0.0,0.0,0.0,0.0,0,0,0.0,0.0,0.0,0.0,0.0,0.0,0.0,0.0,0.0,0.0,0.0,nan,0.0,nan,0.0,0,0.0,unified_mainline,0.0,0.0,0.0,0.0,0.0023344551038462667,0.8386884570121765,0.8386884570121765,0.8386886358261109,1.1744227409362793,0.016953570768237114,0.09583333283662795,0.00021133599511813372,0.00026897267962340267,0.0,0.0,8.85681358282424,8.85681358282424,8.856813526153564,1.0,1.0,0.3749999970197678,0.8386885166168213,0.0,,,5,5,0.02916667051613331,0.026978011429309844,-1,-1,0,False,0.0002,0.0,0.09975300000000001
71,10,10,200,20.0,4.853126764297485,1.0,terminated_unknown,terminated,-0.0009575067088007927,-0.009575062293144112,-0.009575062293144112,0.013961893413215873,0.012316741980612278,0.05,0.05,0.5948717948717949,0.0,0.0,0,0.0,0.9999999999999999,0.0,0.0,0.0,0.0,0.0,0.0,0.0,0.0,0,0.0,0.72,0.105,0.175,0.72,0.105,0.175,0.5050983295217156,0.4,1.549999999999999,0.518208319720413,0.8997272253036499,0.0,0.0,0.0,0.0,0,0,0.0,0.0,0.0,0.0,0.0,0.0,0.0,0.0,0.0,0.0,0.0,nan,0.0,nan,0.0,0,0.0,unified_mainline,0.0,0.0,0.0,0.0,-0.005027735233306884,0.8667733430862427,0.8667733430862427,0.8667736411094665,1.20953049659729,0.007977578975260257,0.07500000149011612,0.0001725624519167468,0.00023353139986284077,0.0,0.0,13.673256282473002,13.673256282473002,13.673256301879883,1.0,1.0,0.3749999970197678,0.8667733311653137,0.0,,,5,5,0.0169477891176939,0.016114009171724317,-1,-1,0,False,0.0002,0.0,0.09974966666666667
72,16,16,320,20.0,9.533572435379028,1.6,terminated_unknown,terminated,-0.005809359718114138,-0.09294975777426225,-0.09294975777426225,0.009018701035529375,0.00958659965544939,0.1,0.1,0.7007299270072993,0.0,0.0,0,0.0,1.6000000000000003,0.0,0.0,0.0,0.0,0.0,0.0,0.0,0.0,0,0.0,0.5625,0.190625,0.246875,0.5625,0.190625,0.246875,0.5264617418171837,4.3125,8.0,0.5604839812964201,0.8955736607313153,0.0,0.0,0.0,0.0,0,0,0.0,0.0,0.0,0.0,0.0,0.0,0.0,0.0,0.0,0.0,0.0,nan,0.0,nan,0.0,0,0.0,unified_mainline,0.0,0.0,0.0,0.0,0.007719350978732109,0.8361082196235656,0.8361082196235656,0.836108410358429,1.141545057296753,0.008897643769159913,0.13359375,0.00020223592291586102,0.0003077208471950144,0.0,0.0,13.365196977952134,13.365196977952134,13.365196228027344,1.0,1.0,0.40390625,0.8361082196235656,0.0,,,5,5,0.01383315771818161,0.013467244617640971,-1,-1,0,False,0.0002,0.0,0.09974433333333334
73,5,5,100,20.0,2.0302093029022217,0.5,terminated_unknown,terminated,0.0035265155602246523,0.017632578193326084,0.017632578193326084,0.009815077297389507,0.004431969951838255,0.05,0.05,0.6791044776119403,0.0,0.0,0,0.0,0.5,0.0,0.0,0.0,0.0,0.0,0.0,0.0,0.0,0,0.0,0.57,0.19,0.24,0.57,0.19,0.24,0.49896965123713016,2.0,4.0,0.4976038400863492,0.8489085018634795,0.0,0.0,0.0,0.0,0,0,0.0,0.0,0.0,0.0,0.0,0.0,0.0,0.0,0.0,0.0,0.0,nan,0.0,nan,0.0,0,0.0,unified_mainline,0.0,0.0,0.0,0.0,-0.01092536561191082,1.4774572134017945,1.4774572134017945,1.4774582147598267,1.3537390232086182,0.008012423466425389,0.15999999791383743,0.00030106271733529864,0.0002666378801222891,0.0,0.0,34.537527799303376,34.537527799303376,34.537527084350586,1.0,1.0,0.6120000064373017,1.4774572134017945,0.0,,,5,5,0.013639700599014759,0.013509437069296837,-1,-1,0,False,0.0002,0.0,0.09974266666666667
74,5,5,100,20.0,1.9434702396392822,0.5,terminated_unknown,terminated,0.004204966593533754,0.02102483204625059,0.02102483204625059,0.010951338242739438,0.004749584011733532,0.05,0.05,0.689922480620155,0.0,0.0,0,0.0,0.5,0.0,0.0,0.0,0.0,0.0,0.0,0.0,0.0,0,0.0,0.42,0.29,0.29,0.42,0.29,0.29,0.5142253814637661,1.8,4.3999999999999995,0.524526519765114,0.906003549695015,0.0,0.0,0.0,0.0,0,0,0.0,0.0,0.0,0.0,0.0,0.0,0.0,0.0,0.0,0.0,0.0,nan,0.0,nan,0.0,0,0.0,unified_mainline,0.0,0.0,0.0,0.0,-0.002328860283159884,1.1408022880554198,1.1408022880554198,1.1408028841018676,1.3596388816833496,0.00685868770815432,0.07400000020861626,0.0002781592251267284,0.0003173427830915898,0.0,0.0,31.67364189572706,31.67364189572706,31.673642349243163,1.0,1.0,0.685999995470047,1.140802264213562,0.0,,,5,5,0.020354008302092552,0.018004687689244746,-1,-1,0,False,0.0002,0.0,0.09974100000000001
75,13,13,260,20.0,8.847769260406494,1.3,terminated_unknown,terminated,-0.014483330771327019,-0.18828328786398943,-0.18828328786398943,0.018178242817521086,0.020266743376851082,0.15,0.15,0.6443298969072165,0.0,0.0,0,0.0,1.3,0.0,0.0,0.0,0.0,0.0,0.0,0.0,0.0,0,0.0,0.4346153846153846,0.2692307692307692,0.29615384615384616,0.4346153846153846,0.2692307692307692,0.29615384615384616,0.5505287611713776,5.230769230769231,10.0,0.5893705979901918,0.9432237565517425,0.0,0.0,0.0,0.0,0,0,0.0,0.0,0.0,0.0,0.0,0.0,0.0,0.0,0.0,0.0,0.0,nan,0.0,nan,0.0,0,0.0,unified_mainline,0.0,0.0,0.0,0.0,-0.0034798456355929373,0.8460991382598877,0.8460991382598877,0.8460992932319641,1.2603055715560914,0.00899109006859362,0.07578125,0.00018271849548909814,0.00020572178182192146,0.0,0.0,6.170876526959215,6.170876526959215,6.170876598358154,1.0,1.0,0.4453125,0.8460991382598877,0.0,,,5,5,0.02178032323718071,0.02047128304839134,-1,-1,0,False,0.0002,0.0,0.09973666666666667
76,12,12,240,20.0,5.546424627304077,1.2000000000000002,terminated_unknown,terminated,-0.0014539831317961216,-0.01744779810971076,-0.01744779810971076,0.01726549034938216,0.012930856086313725,0.15,0.15,0.8010471204188482,0.0,0.0,0,0.0,1.2,0.0,0.0,0.0,0.0,0.0,0.0,0.0,0.0,0,0.0,0.4708333333333333,0.19583333333333333,0.3333333333333333,0.4708333333333333,0.19583333333333333,0.3333333333333333,0.5598776690972348,7.833333333333333,11.45,0.6131546502624909,0.9162510693073271,0.0,0.0,0.0,0.0,0,0,0.0,0.0,0.0,0.0,0.0,0.0,0.0,0.0,0.0,0.0,0.0,nan,0.0,nan,0.0,0,0.0,unified_mainline,0.0,0.0,0.0,0.0,0.014217595104128122,1.0744715690612794,1.0744715690612794,1.0744717359542846,1.2282499551773072,0.004761263076215982,0.08583333343267441,0.00019218187953811138,0.00026772890414576976,0.0,0.0,18.02373946393546,18.02373946393546,18.023739051818847,1.0,1.0,0.5683333322405815,1.074471616744995,0.0,,,5,5,0.01589951664209366,0.013696790579706429,-1,-1,0,False,0.0002,0.0,0.09973266666666668
77,16,16,320,20.0,9.062414646148682,1.6,terminated_unknown,terminated,-0.012800134718418121,-0.2048021553992626,-0.2048021553992626,0.012255888897925615,0.017446687445044518,0.05,0.05,0.7137404580152672,0.0,0.0,0,0.0,1.6000000000000003,0.0,0.0,0.0,0.0,0.0,0.0,0.0,0.0,0,0.0,0.4625,0.303125,0.234375,0.4625,0.303125,0.234375,0.5362983366008848,6.5625,10.0,0.567531789024902,0.9085042774677277,0.0,0.0,0.0,0.0,0,0,0.0,0.0,0.0,0.0,0.0,0.0,0.0,0.0,0.0,0.0,0.0,nan,0.0,nan,0.0,0,0.0,unified_mainline,0.0,0.0,0.0,0.0,-0.02475525699555874,0.8146002650260925,0.8146002650260925,0.8146003365516663,1.1393226385116577,0.01363315072376281,0.0859375,0.00017945639265235514,0.00029501934768632053,0.0,0.0,8.77629257717822,8.77629257717822,8.77629246711731,1.0,1.0,0.4734375,0.8146002650260925,0.0,,,5,5,0.022379225119948387,0.021492006629705428,-1,-1,0,False,0.0002,0.0,0.09972733333333333
78,16,16,320,20.0,9.574249267578125,1.6,terminated_unknown,terminated,-0.0075597302056849,-0.12095568455120004,-0.12095568455120004,0.010201707482337952,0.01309210155159235,0.05,0.05,0.7631578947368421,0.0,0.0,0,0.0,1.6000000000000003,0.0,0.0,0.0,0.0,0.0,0.0,0.0,0.0,0,0.0,0.43125,0.315625,0.253125,0.43125,0.315625,0.253125,0.5338411282980815,8.6875,16.25,0.5595008849197036,0.9126846760511398,0.0,0.0,0.0,0.0,0,0,0.0,0.0,0.0,0.0,0.0,0.0,0.0,0.0,0.0,0.0,0.0,nan,0.0,nan,0.0,0,0.0,unified_mainline,0.0,0.0,0.0,0.0,0.012568541709333659,0.6383387565612793,0.6383387565612793,0.6383389115333558,1.1403965711593629,0.022178931161761284,0.134375,0.00018106694624293597,0.00025197023351211103,0.0,0.0,7.8325775727382005,7.8325775727382005,7.832577753067016,1.0,1.0,0.26171875,0.6383387565612793,0.0,,,5,5,0.04080434888601303,0.03654981106519699,-1,-1,0,False,0.0002,0.0,0.099722
79,10,10,200,20.0,6.036154747009277,1.0,terminated_unknown,terminated,-0.008196738548576832,-0.08196738700454322,-0.08196738700454322,0.01735718804411589,0.015351737849414349,0.05,0.05,0.5678391959798995,0.0,0.0,0,0.0,0.9999999999999999,0.0,0.0,0.0,0.0,0.0,0.0,0.0,0.0,0,0.0,0.345,0.31,0.345,0.345,0.31,0.345,0.5321269001346082,7.7,12.099999999999998,0.5490487024955849,0.8645212948322296,0.0,0.0,0.0,0.0,0,0,0.0,0.0,0.0,0.0,0.0,0.0,0.0,0.0,0.0,0.0,0.0,nan,0.0,nan,0.0,0,0.0,unified_mainline,0.0,0.0,0.0,0.0,-0.013571878522634506,0.6999475359916687,0.6999475359916687,0.6999477028846741,1.240898609161377,0.012108868546783924,0.1,0.00015264144458342342,0.00021434760128613561,0.0,0.0,9.780479196202295,9.780479196202295,9.780479335784912,1.0,1.0,0.39200000315904615,0.6999475240707398,0.0,,,5,5,0.01981775276362896,0.018634730949997902,-1,-1,0,False,0.0002,0.0,0.09971866666666668
80,5,5,100,20.0,1.7027771472930908,0.5,terminated_unknown,terminated,0.007170302327722311,0.035851510424130095,0.035851510424130095,0.02443001791834831,0.008311541751027107,0.15,0.15,0.7096774193548387,0.0,0.0,0,0.0,0.5,0.0,0.0,0.0,0.0,0.0,0.0,0.0,0.0,0,0.0,0.4,0.34,0.26,0.4,0.34,0.26,0.5227982584387064,2.2,6.599999999999999,0.537997097397844,0.8933690071105956,0.0,0.0,0.0,0.0,0,0,0.0,0.0,0.0,0.0,0.0,0.0,0.0,0.0,0.0,0.0,0.0,nan,0.0,nan,0.0,0,0.0,unified_mainline,0.0,0.0,0.0,0.0,-0.021258548088371753,1.066135573387146,1.066135573387146,1.066135835647583,1.2501268625259399,0.013291379809379578,0.1679999977350235,0.00021138586453162134,0.0003029581712326035,0.0,0.0,12.132716165259186,12.132716165259186,12.132716274261474,1.0,1.0,0.4840000033378601,1.066135573387146,0.0,,,5,5,0.0249465424567461,0.023283931240439412,-1,-1,0,False,0.0002,0.0,0.099717
81,5,5,100,20.0,1.8349778652191162,0.5,terminated_unknown,terminated,0.0031008869409561157,0.015504434472097085,0.015504434472097085,0.01170474775135517,0.006575631909072399,0.05,0.05,0.6416666666666667,0.0,0.0,0,0.0,0.5,0.0,0.0,0.0,0.0,0.0,0.0,0.0,0.0,0,0.0,0.48,0.26,0.26,0.48,0.26,0.26,0.527183807939291,2.6,8.399999999999999,0.5522765537294058,0.8815417021512983,0.0,0.0,0.0,0.0,0,0,0.0,0.0,0.0,0.0,0.0,0.0,0.0,0.0,0.0,0.0,0.0,nan,0.0,nan,0.0,0,0.0,unified_mainline,0.0,0.0,0.0,0.0,-0.011462522589135915,0.8905725836753845,0.8905725836753845,0.8905730962753295,1.2541955947875976,0.015891286730766296,0.15199999809265136,0.00019998043426312507,0.00032698913128115237,0.0,0.0,15.568405162282648,15.568405162282648,15.568404579162598,1.0,1.0,0.5959999978542327,0.8905725479125977,0.0,,,5,5,0.02607838064432144,0.02431354969739914,-1,-1,0,False,0.0002,0.0,0.09971533333333334
82,11,11,220,20.0,5.541052341461182,1.1,terminated_unknown,terminated,-0.004389770794659853,-0.04828747688710389,-0.04828747688710389,0.011884888634085655,0.009904671460390091,0.05,0.05,0.6615384615384615,0.0,0.0,0,0.0,1.0999999999999999,0.0,0.0,0.0,0.0,0.0,0.0,0.0,0.0,0,0.0,0.5318181818181819,0.21818181818181817,0.25,0.5318181818181819,0.21818181818181817,0.25,0.5424585639668459,4.818181818181818,9.0,0.5906881948806417,0.9292044758796691,0.0,0.0,0.0,0.0,0,0,0.0,0.0,0.0,0.0,0.0,0.0,0.0,0.0,0.0,0.0,0.0,nan,0.0,nan,0.0,0,0.0,unified_mainline,0.0,0.0,0.0,0.0,0.0009956095833331346,0.7778263330459595,0.7778263330459595,0.7778264045715332,1.1940935611724854,0.018457153625786305,0.14090908765792848,0.00019079584744758905,0.0002307673799805343,0.0,0.0,9.168863380339861,9.168863380339861,9.16886339187622,1.0,1.0,0.2981818214058876,0.7778262972831727,0.0,,,5,5,0.03081127069890499,0.028664607927203177,-1,-1,0,False,0.0002,0.0,0.09971166666666667
83,5,5,100,20.0,2.206228256225586,0.5,terminated_unknown,terminated,0.00481256190687418,0.024062806950401534,0.024062806950401534,0.009848606027662753,0.00481256190687418,0.05,0.05,0.7218045112781954,0.0,0.0,0,0.0,0.5,0.0,0.0,0.0,0.0,0.0,0.0,0.0,0.0,0,0.0,0.64,0.15,0.21,0.64,0.15,0.21,0.5262490462884307,0.8,3.1999999999999993,0.5729140174678631,0.8829895555973053,0.0,0.0,0.0,0.0,0,0,0.0,0.0,0.0,0.0,0.0,0.0,0.0,0.0,0.0,0.0,0.0,nan,0.0,nan,0.0,0,0.0,unified_mainline,0.0,0.0,0.0,0.0,0.006119201984256506,1.153706669807434,1.153706669807434,1.1537073850631714,1.4086654663085938,0.011398870032280684,0.10800000131130219,0.00022815631818957628,0.00027791939792223277,0.0,0.0,23.898494091241634,23.898494091241634,23.89849395751953,1.0,1.0,0.7219999969005585,1.1537066221237182,0.0,,,5,5,0.01911206543445587,0.017967536859214303,-1,-1,0,False,0.0002,0.0,0.09971000000000001
84,11,11,220,20.0,5.210740089416504,1.1,terminated_unknown,terminated,-0.0065747592598199844,-0.07232234504239286,-0.07232234504239286,0.010972430929541588,0.011333608068525791,0.05,0.05,0.6666666666666666,0.0,0.0,0,0.0,1.0999999999999999,0.0,0.0,0.0,0.0,0.0,0.0,0.0,0.0,0,0.0,0.6363636363636364,0.18181818181818182,0.18181818181818182,0.6363636363636364,0.18181818181818182,0.18181818181818182,0.5317938674241305,3.090909090909091,7.5,0.5874331354163587,0.9256218612194062,0.0,0.0,0.0,0.0,0,0,0.0,0.0,0.0,0.0,0.0,0.0,0.0,0.0,0.0,0.0,0.0,nan,0.0,nan,0.0,0,0.0,unified_mainline,0.0,0.0,0.0,0.0,-0.007770858028379735,0.6684818983078002,0.6684818983078002,0.668481969833374,1.0806861162185668,0.013908666092902422,0.14999999850988388,0.00016750213399063796,0.00022664199641440064,0.0,0.0,7.154060647300031,7.154060647300031,7.15406060218811,1.0,1.0,0.15727272629737854,0.6684818983078002,0.0,,,5,5,0.029321780428290367,0.029083800688385963,-1,-1,0,False,0.0002,0.0,0.09970633333333334
85,5,5,100,20.0,1.8130872249603271,0.5,terminated_unknown,terminated,0.004778042435646057,0.023890210952186887,0.023890210952186887,0.011246052570641039,0.005494361277669668,0.05,0.05,0.6917293233082706,0.0,0.0,0,0.0,0.5,0.0,0.0,0.0,0.0,0.0,0.0,0.0,0.0,0,0.0,0.74,0.14,0.12,0.74,0.14,0.12,0.5206041125953198,0.4,1.5999999999999996,0.5792465869050759,0.8608314394950867,0.0,0.0,0.0,0.0,0,0,0.0,0.0,0.0,0.0,0.0,0.0,0.0,0.0,0.0,0.0,0.0,nan,0.0,nan,0.0,0,0.0,unified_mainline,0.0,0.0,0.0,0.0,0.025082163885235785,1.0126887083053588,1.0126887083053588,1.0126892447471618,1.116114616394043,0.007976540178060532,0.09600000083446503,0.0002166182966902852,0.00027815838402602824,0.0,0.0,29.407401676381163,29.407401676381163,29.407401466369627,1.0,1.0,0.5839999914169312,1.012688660621643,0.0,,,5,5,0.014917097054421902,0.014648161828517914,-1,-1,0,False,0.0002,0.0,0.09970466666666668
86,10,10,200,20.0,5.481516122817993,1.0,terminated_unknown,terminated,-0.0017645685002207756,-0.017645684972750195,-0.017645684972750195,0.016053578956052653,0.011156642809510231,0.05,0.05,0.6377551020408163,0.0,0.0,0,0.0,0.9999999999999999,0.0,0.0,0.0,0.0,0.0,0.0,0.0,0.0,0,0.0,0.67,0.165,0.165,0.67,0.165,0.165,0.5360125667601824,1.8,4.549999999999999,0.6091289901823709,0.9596978276968002,0.0,0.0,0.0,0.0,0,0,0.0,0.0,0.0,0.0,0.0,0.0,0.0,0.0,0.0,0.0,0.0,nan,0.0,nan,0.0,0,0.0,unified_mainline,0.0,0.0,0.0,0.0,0.016918094642460347,0.7981419205665589,0.7981419205665589,0.7981422424316407,1.1135672807693482,0.014939810964278877,0.10699999779462814,0.00016433462442364544,0.00025686229928396643,0.0,0.0,13.816520011893303,13.816520011893303,13.816520500183106,1.0,1.0,0.3920000076293945,0.7981419205665589,0.0,,,5,5,0.023915773257613182,0.023482946678996086,-1,-1,0,False,0.0002,0.0,0.09970133333333334
87,17,17,340,20.0,9.4402494430542,1.7000000000000002,terminated_unknown,terminated,-0.007720977067947388,-0.13125661136405112,-0.13125661136405112,0.016062252968549712,0.015066252090036869,0.05,0.05,0.6996197718631179,0.0,0.0,0,0.0,1.7000000000000004,0.0,0.0,0.0,0.0,0.0,0.0,0.0,0.0,0,0.0,0.6823529411764706,0.14411764705882352,0.17352941176470588,0.6823529411764706,0.14411764705882352,0.17352941176470588,0.5312449494705481,2.235294117647059,4.599999999999998,0.5983637298146883,0.8938230216503142,0.0,0.0,0.0,0.0,0,0,0.0,0.0,0.0,0.0,0.0,0.0,0.0,0.0,0.0,0.0,0.0,nan,0.0,nan,0.0,0,0.0,unified_mainline,0.0,0.0,0.0,0.0,0.01160521525889635,0.9907611966133117,0.9907611966133117,0.9907614588737488,0.9732119798660278,-0.0013026329688727856,0.0859375,0.0001636669971048832,0.0002308462164364755,0.0,0.0,18.46814470174115,18.46814470174115,18.46814513206482,1.0,1.0,0.70859375,0.9907611966133117,0.0,,,5,5,0.006003257818520069,0.005487246438860893,-1,-1,0,False,0.0002,0.0,0.09969566666666667
88,8,8,160,20.0,4.232982158660889,0.8,terminated_unknown,terminated,0.0012112723197788,0.00969018060140446,0.00969018060140446,0.01188457915559411,0.010646640323102474,0.05,0.05,0.5495049504950495,0.0,0.0,0,0.0,0.7999999999999999,0.0,0.0,0.0,0.0,0.0,0.0,0.0,0.0,0,0.0,0.7375,0.15625,0.10625,0.7375,0.15625,0.10625,0.5349824393168092,1.0,3.0,0.6332664354926064,0.881924083828926,0.0,0.0,0.0,0.0,0,0,0.0,0.0,0.0,0.0,0.0,0.0,0.0,0.0,0.0,0.0,0.0,nan,0.0,nan,0.0,0,0.0,unified_mainline,0.0,0.0,0.0,0.0,-0.005413439311087132,2.784732151031494,2.784732151031494,2.784733533859253,1.0862490653991699,0.012826432846486569,0.09249999970197678,0.0002245803567348048,0.00026461915113031866,0.0,0.0,50.45371809605711,50.45371809605711,50.45371856689453,1.0,1.0,0.7225000083446502,2.784732151031494,0.0,,,5,5,0.01817547157406807,0.017780207842588425,-1,-1,0,False,0.0002,0.0,0.099693
89,5,5,100,20.0,1.8668065071105957,0.5,terminated_unknown,terminated,0.004522533155977726,0.022612666886087252,0.022612666886087252,0.010717306938022374,0.004522533155977726,0.05,0.05,0.6764705882352942,0.0,0.0,0,0.0,0.5,0.0,0.0,0.0,0.0,0.0,0.0,0.0,0.0,0,0.0,0.75,0.11,0.14,0.75,0.11,0.14,0.5188326989486813,1.4,5.599999999999999,0.5753307957947255,0.9090969681739807,0.0,0.0,0.0,0.0,0,0,0.0,0.0,0.0,0.0,0.0,0.0,0.0,0.0,0.0,0.0,0.0,nan,0.0,nan,0.0,0,0.0,unified_mainline,0.0,0.0,0.0,0.0,-0.00335885749082081,1.0892606019973754,1.0892606019973754,1.0892613649368286,0.9833298325538635,0.020757067343220116,0.107999999076128,0.0002899682003771886,0.00041624202276580036,0.0,0.0,17.19005534270186,17.19005534270186,17.190055084228515,1.0,1.0,0.5100000023841857,1.0892606019973754,0.0,,,5,5,0.03326524421572685,0.03288368731737137,-1,-1,0,False,0.0002,0.0,0.09969133333333334
90,12,12,240,20.0,5.530272483825684,1.2000000000000002,terminated_unknown,terminated,-0.0014948592288419604,-0.01793830963600551,-0.01793830963600551,0.021306988969445217,0.012020159512758255,0.05,0.05,0.7371134020618557,0.0,0.0,0,0.0,1.2,0.0,0.0,0.0,0.0,0.0,0.0,0.0,0.0,0,0.0,0.7583333333333333,0.1,0.14166666666666666,0.7583333333333333,0.1,0.14166666666666666,0.5228633060585708,1.0833333333333333,3.4499999999999993,0.5946067836906376,0.9043355852365493,0.0,0.0,0.0,0.0,0,0,0.0,0.0,0.0,0.0,0.0,0.0,0.0,0.0,0.0,0.0,0.0,nan,0.0,nan,0.0,0,0.0,unified_mainline,0.0,0.0,0.0,0.0,0.0066449403995648025,0.8082659482955933,0.8082659482955933,0.8082664489746094,0.8501119256019593,0.009485877491533757,0.08583333343267441,0.0002058662910712883,0.0002604858891572803,0.0,0.0,7.34564956508126,7.34564956508126,7.345649480819702,1.0,1.0,0.33333333730697634,0.808265995979309,0.0,,,5,5,0.01750047318637371,0.016780019365251062,-1,-1,0,False,0.0002,0.0,0.09968733333333334
91,9,9,180,20.0,4.764757394790649,0.9,terminated_unknown,terminated,0.0007867681561037898,0.007080912764744314,0.007080912764744314,0.015180251747369766,0.010630887001752853,0.05,0.05,0.6052631578947368,0.0,0.0,0,0.0,0.8999999999999999,0.0,0.0,0.0,0.0,0.0,0.0,0.0,0.0,0,0.0,0.8,0.08333333333333333,0.11666666666666667,0.8,0.08333333333333333,0.11666666666666667,0.5169416416022513,1.1111111111111112,3.5999999999999996,0.5847082080112563,0.9260104596614838,0.0,0.0,0.0,0.0,0,0,0.0,0.0,0.0,0.0,0.0,0.0,0.0,0.0,0.0,0.0,0.0,nan,0.0,nan,0.0,0,0.0,unified_mainline,0.0,0.0,0.0,0.0,0.006609693262726068,0.8460803985595703,0.8460803985595703,0.8460808038711548,0.9895713210105896,0.005051050189649686,0.08666666895151139,0.0001584361423738301,0.00031967498071026055,0.0,0.0,14.148322867450329,14.148322867450329,14.148323345184327,1.0,1.0,0.45,0.8460804224014282,0.0,,,5,5,0.00699295848608017,0.006967326160520315,-1,-1,0,False,0.0002,0.0,0.09968433333333333
92,10,10,200,20.0,4.66288161277771,1.0,terminated_unknown,terminated,-0.0014136441750451922,-0.014136441483187693,-0.014136441483187693,0.01445404863916336,0.008637499064207077,0.05,0.05,0.63,0.0,0.0,0,0.0,0.9999999999999999,0.0,0.0,0.0,0.0,0.0,0.0,0.0,0.0,0,0.0,0.825,0.08,0.095,0.825,0.08,0.095,0.5181360916793346,0.8,2.549999999999999,0.603634809596198,0.9347697734832764,0.0,0.0,0.0,0.0,0,0,0.0,0.0,0.0,0.0,0.0,0.0,0.0,0.0,0.0,0.0,0.0,nan,0.0,nan,0.0,0,0.0,unified_mainline,0.0,0.0,0.0,0.0,-0.0009450851939618587,0.7954113125801087,0.7954113125801087,0.7954115509986878,0.9381757497787475,-0.004556226124987006,0.0780000001192093,0.00016215713403653354,0.0002358727011596784,0.0,0.0,4.358464769822703,4.358464769822703,4.358464860916138,1.0,1.0,0.2399999976158142,0.7954113006591796,0.0,,,5,5,0.0026589727494865656,0.0011954361572861659,-1,-1,0,False,0.0002,0.0,0.099681
93,16,16,320,20.0,10.783894300460815,1.6,terminated_unknown,terminated,-0.007070720195770264,-0.11313152689814823,-0.11313152689814823,0.013423788594081998,0.013463247567415237,0.05,0.05,0.6468401486988847,0.0,0.0,0,0.0,1.6000000000000003,0.0,0.0,0.0,0.0,0.0,0.0,0.0,0.0,0,0.0,0.803125,0.096875,0.1,0.803125,0.096875,0.1,0.5209752629278228,1.0,4.0,0.606541018046084,0.9648136556148529,0.0,0.0,0.0,0.0,0,0,0.0,0.0,0.0,0.0,0.0,0.0,0.0,0.0,0.0,0.0,0.0,nan,0.0,nan,0.0,0,0.0,unified_mainline,0.0,0.0,0.0,0.0,-0.01206548698246479,0.816375195980072,0.816375195980072,0.8163753747940063,0.8703343987464904,0.01328381486237049,0.06328125,0.00017615236283745616,0.0002123413549270481,0.0,0.0,9.607640465317948,9.607640465317948,9.60764045715332,1.0,1.0,0.5125,0.816375195980072,0.0,,,5,5,0.018898993730545044,0.01886158436536789,-1,-1,0,False,0.0002,0.0,0.09967566666666668
94,11,11,220,20.0,5.57889199256897,1.1,terminated_unknown,terminated,-0.0006025147158652544,-0.006627662107995486,-0.006627662107995486,0.010737390955910087,0.006833057384938002,0.05,0.05,0.7079207920792079,0.0,0.0,0,0.0,1.0999999999999999,0.0,0.0,0.0,0.0,0.0,0.0,0.0,0.0,0,0.0,0.7863636363636364,0.031818181818181815,0.18181818181818182,0.7863636363636364,0.031818181818181815,0.18181818181818182,0.5248712014068256,1.4545454545454546,4.5,0.6164183895638649,0.9368016898632049,0.0,0.0,0.0,0.0,0,0,0.0,0.0,0.0,0.0,0.0,0.0,0.0,0.0,0.0,0.0,0.0,nan,0.0,nan,0.0,0,0.0,unified_mainline,0.0,0.0,0.0,0.0,0.010722180176526309,0.9515514016151428,0.9515514016151428,0.9515516877174377,0.9182257175445556,0.020967764407396318,0.08181818276643753,0.00017339717887807638,0.00022794396209064872,0.0,0.0,22.73020644973187,22.73020644973187,22.730205917358397,1.0,1.0,0.6581818252801895,0.951551365852356,0.0,,,5,5,0.02780921757221222,0.02678919918835163,-1,-1,0,False,0.0002,0.0,0.09967200000000001
95,5,5,100,20.0,1.8146014213562012,0.5,terminated_unknown,terminated,0.010135317221283913,0.050676586493485415,0.050676586493485415,0.0315973587334156,0.010135317221283913,0.2,0.2,0.7313432835820896,0.0,0.0,0,0.0,0.5,0.0,0.0,0.0,0.0,0.0,0.0,0.0,0.0,0,0.0,0.86,0.08,0.06,0.86,0.08,0.06,0.5202398964762688,1.2,4.799999999999999,0.6445706891162055,0.8593267351388931,0.0,0.0,0.0,0.0,0,0,0.0,0.0,0.0,0.0,0.0,0.0,0.0,0.0,0.0,0.0,0.0,nan,0.0,nan,0.0,0,0.0,unified_mainline,0.0,0.0,0.0,0.0,0.0019476926361676305,0.8958091259002685,0.8958091259002685,0.8958093762397766,1.0242470026016235,0.013475622236728668,0.06199999935925007,0.00021743733377661557,0.0002522540889913216,0.0,0.0,7.005943600768276,7.005943600768276,7.005943727493286,1.0,1.0,0.24600000381469728,0.8958091139793396,0.0,,,5,5,0.029639417305588722,0.028825635090470314,-1,-1,0,False,0.0002,0.0,0.09967033333333333
96,20,20,400,20.0,11.734256982803345,2.0,terminated_unknown,terminated,-0.0052481177262961864,-0.10496235310005786,-0.10496235310005786,0.017095196340233095,0.012110446579754353,0.15,0.15,0.8208955223880597,0.0,0.0,0,0.0,2.0000000000000004,0.0,0.0,0.0,0.0,0.0,0.0,0.0,0.0,0,0.0,0.7,0.1575,0.1425,0.7,0.1575,0.1425,0.520645597493276,1.75,4.150000000000002,0.56881865831092,0.9152326732873917,0.0,0.0,0.0,0.0,0,0,0.0,0.0,0.0,0.0,0.0,0.0,0.0,0.0,0.0,0.0,0.0,nan,0.0,nan,0.0,0,0.0,unified_mainline,0.0,0.0,0.0,0.0,-0.013724906742572785,0.8333694577217102,0.8333694577217102,0.8333696126937866,0.9490872144699096,0.013405090663582087,0.1140625,0.0001529630506411195,0.00029015967156738044,0.0,0.0,9.837214461194389,9.837214461194389,9.837214183807372,1.0,1.0,0.37890625,0.8333694577217102,0.0,,,5,5,0.020629534497857094,0.02052449844777584,-1,-1,0,False,0.0002,0.0,0.09966366666666668
97,10,10,200,20.0,5.421812057495117,1.0,terminated_unknown,terminated,0.00023201722069643438,0.0023201704927445933,0.0023201704927445933,0.013971576048061242,0.011013582348823547,0.05,0.05,0.6367924528301887,0.0,0.0,0,0.0,0.9999999999999999,0.0,0.0,0.0,0.0,0.0,0.0,0.0,0.0,0,0.0,0.77,0.11,0.12,0.77,0.11,0.12,0.5093721358478069,1.0,3.0,0.5407484167295954,0.902392715215683,0.0,0.0,0.0,0.0,0,0,0.0,0.0,0.0,0.0,0.0,0.0,0.0,0.0,0.0,0.0,0.0,nan,0.0,nan,0.0,0,0.0,unified_mainline,0.0,0.0,0.0,0.0,0.01314374916255474,0.9508579492568969,0.9508579492568969,0.9508583664894104,1.0919651746749879,0.014889845997095108,0.07599999904632568,0.000160217986558564,0.00023963142302818596,0.0,0.0,24.10941156322155,24.10941156322155,24.10941162109375,1.0,1.0,0.6340000063180924,0.9508579134941101,0.0,,,5,5,0.023283228278160095,0.022013447806239126,-1,-1,0,False,0.0002,0.0,0.09966033333333334
98,14,14,280,20.0,12.1898832321167,1.4000000000000001,terminated_unknown,terminated,-0.003753100987523794,-0.05254340988264214,-0.05254340988264214,0.017296418361365785,0.010520676150918007,0.05,0.05,0.7575757575757576,0.0,0.0,0,0.0,1.4000000000000001,0.0,0.0,0.0,0.0,0.0,0.0,0.0,0.0,0,0.0,0.6035714285714285,0.16785714285714284,0.22857142857142856,0.6035714285714285,0.16785714285714284,0.22857142857142856,0.5275271765355553,2.642857142857143,7.0,0.5694379227923917,0.8805176019668579,0.0,0.0,0.0,0.0,0,0,0.0,0.0,0.0,0.0,0.0,0.0,0.0,0.0,0.0,0.0,0.0,nan,0.0,nan,0.0,0,0.0,unified_mainline,0.0,0.0,0.0,0.0,0.02710937112569809,0.8285982131958007,0.8285982131958007,0.8285985946655273,1.232193613052368,0.005034977337345481,0.12265625,0.00016714821103960275,0.00019462169148027898,0.0,0.0,19.457743010898103,19.457743010898103,19.457742309570314,1.0,1.0,0.49453125,0.8285982131958007,0.0,,,5,5,0.01155742909759283,0.01074371188879013,-1,-1,0,False,0.0002,0.0,0.09965566666666667
99,9,9,180,20.0,6.057927370071411,0.9,terminated_unknown,terminated,-0.00035171210765838623,-0.003165408536781423,-0.003165408536781423,0.01443319134414196,0.012609845027327538,0.05,0.05,0.5960591133004927,0.0,0.0,0,0.0,0.8999999999999999,0.0,0.0,0.0,0.0,0.0,0.0,0.0,0.0,0,0.0,0.6722222222222223,0.14444444444444443,0.18333333333333332,0.6722222222222223,0.14444444444444443,0.18333333333333332,0.5206714276638296,3.6666666666666665,9.6,0.5630653725337174,0.8635062694549557,0.0,0.0,0.0,0.0,0,0,0.0,0.0,0.0,0.0,0.0,0.0,0.0,0.0,0.0,0.0,0.0,nan,0.0,nan,0.0,0,0.0,unified_mainline,0.0,0.0,0.0,0.0,0.0086136007681489,1.0351781129837037,1.0351781129837037,1.0351785898208619,1.2214797019958497,0.0073429660871624945,0.08000000193715096,0.00017113521171268075,0.00021783472620882094,0.0,0.0,28.667673471938098,28.667673471938098,28.667674255371093,1.0,1.0,0.7288888931274414,1.0351781249046326,0.0,,,5,5,0.01564445160329342,0.014326474629342554,-1,-1,0,False,0.0002,0.0,0.09965266666666667
100,15,15,300,20.0,9.911222457885742,1.5,terminated_unknown,terminated,-0.007306003011763096,-0.1095900425720062,-0.1095900425720062,0.01122047612443565,0.012243539094924927,0.05,0.05,0.6904761904761905,0.0,0.0,0,0.0,1.5000000000000002,0.0,0.0,0.0,0.0,0.0,0.0,0.0,0.0,0,0.0,0.65,0.22666666666666666,0.12333333333333334,0.65,0.22666666666666666,0.12333333333333334,0.5166542332371076,4.533333333333333,9.299999999999999,0.5475835235345932,0.933388316631317,0.0,0.0,0.0,0.0,0,0,0.0,0.0,0.0,0.0,0.0,0.0,0.0,0.0,0.0,0.0,0.0,nan,0.0,nan,0.0,0,0.0,unified_mainline,0.0,0.0,0.0,0.0,-0.007736067194491625,0.8221719622611999,0.8221719622611999,0.8221720814704895,1.0328789472579956,0.022176739946007728,0.121875,0.00016427154769189657,0.00023555663065053523,0.0,0.0,15.218006158801415,15.218006158801415,15.21800675392151,1.0,1.0,0.6625,0.8221719622611999,0.0,,,5,5,0.03375101089477539,0.031634691730141634,-1,-1,0,False,0.00019,0.0,0.09964766666666668
101,19,19,380,20.0,13.937469244003296,1.9000000000000001,terminated_unknown,terminated,-0.008852743543684483,-0.16820212747048577,-0.16820212747048577,0.012420728243887385,0.013903679326176643,0.1,0.1,0.7807692307692308,0.0,0.0,0,0.0,1.9000000000000006,0.0,0.0,0.0,0.0,0.0,0.0,0.0,0.0,0,0.0,0.6052631578947368,0.15,0.24473684210526317,0.6052631578947368,0.15,0.24473684210526317,0.519529224912587,3.6315789473684212,9.099999999999998,0.5494740364452203,0.9034271597862241,0.0,0.0,0.0,0.0,0,0,0.0,0.0,0.0,0.0,0.0,0.0,0.0,0.0,0.0,0.0,0.0,nan,0.0,nan,0.0,0,0.0,unified_mainline,0.0,0.0,0.0,0.0,0.004828178882598877,0.7871188759803772,0.7871188759803772,0.7871190428733825,1.0521265983581543,0.019615670293569566,0.11953125,0.0001438018400222063,0.00020347261743154378,0.0,0.0,10.030015253784006,10.030015253784006,10.030014896392823,1.0,1.0,0.19921875,0.7871188759803772,0.0,,,5,5,0.028947100043296814,0.02875465080142021,-1,-1,0,False,0.00019,0.0,0.09964133333333335
102,12,12,240,20.0,6.215717554092407,1.2000000000000002,terminated_unknown,terminated,-0.003444667672738433,-0.041336010741577445,-0.041336010741577445,0.0222459316253662,0.011716295965015888,0.1,0.1,0.7272727272727273,0.0,0.0,0,0.0,1.2,0.0,0.0,0.0,0.0,0.0,0.0,0.0,0.0,0,0.0,0.5916666666666667,0.18333333333333332,0.225,0.5916666666666667,0.18333333333333332,0.225,0.5122982353592912,4.083333333333333,8.899999999999999,0.5301181274105091,0.8687955260276794,0.0,0.0,0.0,0.0,0,0,0.0,0.0,0.0,0.0,0.0,0.0,0.0,0.0,0.0,0.0,0.0,nan,0.0,nan,0.0,0,0.0,unified_mainline,0.0,0.0,0.0,0.0,0.004353030794300139,0.8453385829925537,0.8453385829925537,0.8453387379646301,1.1118053436279296,0.03136260733008385,0.14916666448116303,0.00014215051633073016,0.00027845227741636337,0.0,0.0,14.010347783669806,14.010347783669806,14.010347700119018,1.0,1.0,0.3324999982491136,0.8453386425971985,0.0,,,5,5,0.03938445821404457,0.03894856721162796,-1,-1,0,False,0.00019,0.0,0.09963733333333334
103,5,5,100,20.0,1.9478321075439453,0.5,terminated_unknown,terminated,0.013507366180419922,0.06753683391204876,0.06753683391204876,0.04569450393319129,0.013507366180419922,0.3,0.3,0.765625,0.0,0.0,0,0.0,0.5,0.0,0.0,0.0,0.0,0.0,0.0,0.0,0.0,0,0.0,0.55,0.15,0.3,0.55,0.15,0.3,0.538309569656849,0.4,1.5999999999999996,0.5851323770152198,0.9511014580726623,0.0,0.0,0.0,0.0,0,0,0.0,0.0,0.0,0.0,0.0,0.0,0.0,0.0,0.0,0.0,0.0,nan,0.0,nan,0.0,0,0.0,unified_mainline,0.0,0.0,0.0,0.0,0.011062438879162074,1.0151482105255127,1.0151482105255127,1.0151484727859497,1.132970404624939,0.01257897107861936,0.14000000059604645,0.00022260278929024934,0.0006764349498553201,0.0,0.0,19.898172059711474,19.898172059711474,19.89817237854004,1.0,1.0,0.64799999371171,1.0151481628417969,0.0,,,5,5,0.033679913729429245,0.02915217317640781,-1,-1,0,False,0.00019,0.0,0.09963566666666668
104,11,11,220,20.0,6.11250376701355,1.1,terminated_unknown,terminated,-0.0018894760869443417,-0.020784239624479568,-0.020784239624479568,0.017309057991951704,0.011469613760709763,0.05,0.05,0.7009803921568627,0.0,0.0,0,0.0,1.0999999999999999,0.0,0.0,0.0,0.0,0.0,0.0,0.0,0.0,0,0.0,0.5136363636363637,0.12272727272727273,0.36363636363636365,0.5136363636363637,0.12272727272727273,0.36363636363636365,0.521183980120854,5.818181818181818,9.0,0.5435558469774567,0.8978364408016205,0.0,0.0,0.0,0.0,0,0,0.0,0.0,0.0,0.0,0.0,0.0,0.0,0.0,0.0,0.0,0.0,nan,0.0,nan,0.0,0,0.0,unified_mainline,0.0,0.0,0.0,0.0,0.006747720675775781,0.8989349842071533,0.8989349842071533,0.8989354014396668,1.0976322889328003,0.02640402168035507,0.1290909081697464,0.00020800690108444542,0.0003006565500982106,0.0,0.0,11.058648915721342,11.058648915721342,11.058649015426635,1.0,1.0,0.46454545855522156,0.8989349603652954,0.0,,,5,5,0.032654453068971634,0.03172471523284912,-1,-1,0,False,0.00019,0.0,0.09963200000000001
105,11,11,220,20.0,5.956715822219849,1.1,terminated_unknown,terminated,-0.002493609907105565,-0.027429710244252302,-0.027429710244252302,0.020028148777782917,0.011724592186510563,0.05,0.05,0.7,0.0,0.0,0,0.0,1.0999999999999999,0.0,0.0,0.0,0.0,0.0,0.0,0.0,0.0,0,0.0,0.5863636363636363,0.15454545454545454,0.2590909090909091,0.5863636363636363,0.15454545454545454,0.2590909090909091,0.5391666804186322,3.8181818181818183,6.5,0.5946886779351549,0.9296050369739532,0.0,0.0,0.0,0.0,0,0,0.0,0.0,0.0,0.0,0.0,0.0,0.0,0.0,0.0,0.0,0.0,nan,0.0,nan,0.0,0,0.0,unified_mainline,0.0,0.0,0.0,0.0,0.01703055892139673,0.716755723953247,0.716755723953247,0.7167559862136841,1.1595714330673217,0.016314799524843694,0.13363636136054993,0.0003549516259226948,0.0004057723941514269,0.0,0.0,10.167640151161851,10.167640151161851,10.167639923095702,1.0,1.0,0.3327272817492485,0.7167557001113891,0.0,,,5,5,0.01949913054704666,0.01946544907987118,-1,-1,0,False,0.00019,0.0,0.09962833333333333
106,11,11,220,20.0,5.179386854171753,1.1,terminated_unknown,terminated,-0.0027349332813173532,-0.030084264390704732,-0.030084264390704732,0.012088031973689795,0.00888670515269041,0.05,0.05,0.7783505154639175,0.0,0.0,0,0.0,1.0999999999999999,0.0,0.0,0.0,0.0,0.0,0.0,0.0,0.0,0,0.0,0.5818181818181818,0.2318181818181818,0.18636363636363637,0.5818181818181818,0.2318181818181818,0.18636363636363637,0.5127397430383346,3.8181818181818183,7.5,0.5304646029177568,0.8612806409597398,0.0,0.0,0.0,0.0,0,0,0.0,0.0,0.0,0.0,0.0,0.0,0.0,0.0,0.0,0.0,0.0,nan,0.0,nan,0.0,0,0.0,unified_mainline,0.0,0.0,0.0,0.0,0.004578977427445352,0.9002912759780883,0.9002912759780883,0.9002916693687439,1.066475772857666,0.00121746682561934,0.11636363714933395,0.00028499968029791487,0.0005808122485177591,0.0,0.0,17.573796554767153,17.573796554767153,17.57379608154297,1.0,1.0,0.2854545384645462,0.9002912521362305,0.0,,,5,5,0.0046211653389036655,0.004388390062376857,-1,-1,0,False,0.00019,0.0,0.09962466666666667
107,11,11,220,20.0,5.378265619277954,1.1,terminated_unknown,terminated,-0.0030130238737910986,-0.033143260402736935,-0.033143260402736935,0.01448674825951457,0.011749515309929848,0.05,0.05,0.7303921568627451,0.0,0.0,0,0.0,1.0999999999999999,0.0,0.0,0.0,0.0,0.0,0.0,0.0,0.0,0,0.0,0.5863636363636363,0.2409090909090909,0.17272727272727273,0.5863636363636363,0.2409090909090909,0.17272727272727273,0.5429619799283418,4.7272727272727275,9.5,0.6038641272992878,0.9054182171821594,0.0,0.0,0.0,0.0,0,0,0.0,0.0,0.0,0.0,0.0,0.0,0.0,0.0,0.0,0.0,0.0,nan,0.0,nan,0.0,0,0.0,unified_mainline,0.0,0.0,0.0,0.0,0.0009586816653609276,0.6901777148246765,0.6901777148246765,0.6901780366897583,1.0448234796524047,0.017792266607284547,0.1327272728085518,0.00033073246595449746,0.00024434017832390963,0.0,0.0,6.530817261346956,6.530817261346956,6.530817198753357,1.0,1.0,0.2745454549789429,0.6901776790618896,0.0,,,5,5,0.02825002186000347,0.027013384550809857,-1,-1,0,False,0.00019,0.0,0.099621
108,15,15,300,20.0,9.70600700378418,1.5,terminated_unknown,terminated,-0.009192900732159615,-0.13789352241958625,-0.13789352241958625,0.009771092375740377,0.013392974622547626,0.05,0.05,0.6666666666666666,0.0,0.0,0,0.0,1.5000000000000002,0.0,0.0,0.0,0.0,0.0,0.0,0.0,0.0,0,0.0,0.6133333333333333,0.19666666666666666,0.19,0.6133333333333333,0.19666666666666666,0.19,0.511588349317511,3.3333333333333335,6.599999999999998,0.5299698689245972,0.8432670533657074,0.0,0.0,0.0,0.0,0,0,0.0,0.0,0.0,0.0,0.0,0.0,0.0,0.0,0.0,0.0,0.0,nan,0.0,nan,0.0,0,0.0,unified_mainline,0.0,0.0,0.0,0.0,-0.010583443194627761,1.0251213788986206,1.0251213788986206,1.0251215815544128,0.9544048070907593,0.015040985122323037,0.09609375,0.005418028845451772,0.0005325105506926775,0.0,0.0,21.09234004410083,21.09234004410083,21.092339515686035,1.0,1.0,0.225,1.0251213788986206,0.0,,,5,5,0.019549330696463585,0.019052612781524658,-1,-1,0,False,0.00019,0.0,0.09961600000000001
109,12,12,240,20.0,8.24654769897461,1.2000000000000002,terminated_unknown,terminated,-0.004303519148379564,-0.051642231857114966,-0.051642231857114966,0.010755156958475709,0.011193186976015568,0.05,0.05,0.5665399239543726,0.0,0.0,0,0.0,1.2,0.0,0.0,0.0,0.0,0.0,0.0,0.0,0.0,0,0.0,0.6666666666666666,0.12083333333333333,0.2125,0.6666666666666666,0.12083333333333333,0.2125,0.5105965930658082,4.916666666666667,9.45,0.5317897791974247,0.9124401181936264,0.0,0.0,0.0,0.0,0,0,0.0,0.0,0.0,0.0,0.0,0.0,0.0,0.0,0.0,0.0,0.0,nan,0.0,nan,0.0,0,0.0,unified_mainline,0.0,0.0,0.0,0.0,-0.008774805348366499,0.7052403330802918,0.7052403330802918,0.7052403807640075,1.101345181465149,0.019759559258818626,0.10833333283662797,0.00534951298031956,0.0003686341951834038,0.0,0.0,11.943758148036794,11.943758148036794,11.943758296966553,1.0,1.0,0.25833333246409895,0.7052403807640075,0.0,,,5,5,0.027138162404298782,0.025575437396764752,-1,-1,0,False,0.00019,0.0,0.099612
110,10,10,200,20.0,5.152314901351929,1.0,terminated_unknown,terminated,-0.002982142148539424,-0.029821421076689503,-0.029821421076689503,0.015810055937618,0.011930136941373348,0.05,0.05,0.6213592233009708,0.0,0.0,0,0.0,0.9999999999999999,0.0,0.0,0.0,0.0,0.0,0.0,0.0,0.0,0,0.0,0.595,0.16,0.245,0.595,0.16,0.245,0.5010076126269997,3.9,6.549999999999999,0.5024879324123447,0.8575177788734436,0.0,0.0,0.0,0.0,0,0,0.0,0.0,0.0,0.0,0.0,0.0,0.0,0.0,0.0,0.0,0.0,nan,0.0,nan,0.0,0,0.0,unified_mainline,0.0,0.0,0.0,0.0,0.002619998040609062,0.551514744758606,0.551514744758606,0.5515149116516114,1.0726451396942138,0.0224330585449934,0.1139999970793724,0.0014334546052850784,0.0002691162924747914,0.0,0.0,5.800093915874777,5.800093915874777,5.8000938415527346,1.0,1.0,0.22199999466538428,0.551514744758606,0.0,,,5,5,0.035383980721235275,0.03475499823689461,-1,-1,0,False,0.00019,0.0,0.09960866666666668
111,20,20,400,20.0,21.843361377716064,2.0,terminated_unknown,terminated,-0.010939485393464565,-0.21878970386619462,-0.21878970386619462,0.004975300375372193,0.01477648876607418,0.05,0.05,0.6902985074626866,0.0,0.0,0,0.0,2.0000000000000004,0.0,0.0,0.0,0.0,0.0,0.0,0.0,0.0,0,0.0,0.5875,0.2125,0.2,0.5875,0.2125,0.2,0.5299959180504084,4.0,8.05,0.5727173770918991,0.9349720001220703,0.0,0.0,0.0,0.0,0,0,0.0,0.0,0.0,0.0,0.0,0.0,0.0,0.0,0.0,0.0,0.0,nan,0.0,nan,0.0,0,0.0,unified_mainline,0.0,0.0,0.0,0.0,-0.01016908884048462,0.8077505946159362,0.8077505946159362,0.807750689983368,1.0756766557693482,0.015647034160792828,0.153125,0.000836519559379667,0.00021142266341485084,0.0,0.0,8.473857083242361,8.473857083242361,8.473856949806214,1.0,1.0,0.54609375,0.8077505946159362,0.0,,,5,5,0.022485841065645218,0.02193005122244358,-1,-1,0,False,0.00019,0.0,0.09960200000000001
112,5,5,100,20.0,1.943300724029541,0.5,terminated_unknown,terminated,0.006139455828815699,0.030697277591109212,0.030697277591109212,0.01732673048973083,0.007290747947990894,0.1,0.1,0.704,0.0,0.0,0,0.0,0.5,0.0,0.0,0.0,0.0,0.0,0.0,0.0,0.0,0,0.0,0.73,0.16,0.11,0.73,0.16,0.11,0.5050182667374611,1.4,3.5999999999999996,0.5185861731017077,0.8769436836242674,0.0,0.0,0.0,0.0,0,0,0.0,0.0,0.0,0.0,0.0,0.0,0.0,0.0,0.0,0.0,0.0,nan,0.0,nan,0.0,0,0.0,unified_mainline,0.0,0.0,0.0,0.0,0.006940781022422016,1.578113579750061,1.578113579750061,1.5781144142150878,1.0050658941268922,0.0017896787729114294,0.14800000190734863,0.0008627257368061692,0.00028926671948283913,0.0,0.0,32.39823095508183,32.39823095508183,32.39823045730591,1.0,1.0,0.6640000104904175,1.5781135559082031,0.0,,,5,5,0.024811934679746628,0.02349038869142532,-1,-1,0,False,0.00019,0.0,0.09960033333333333
113,10,10,200,20.0,5.613294363021851,1.0,terminated_unknown,terminated,-0.0017621007282286882,-0.017621001873791942,-0.017621001873791942,0.024415021575987322,0.01374782808125019,0.05,0.05,0.6470588235294118,0.0,0.0,0,0.0,0.9999999999999999,0.0,0.0,0.0,0.0,0.0,0.0,0.0,0.0,0,0.0,0.705,0.165,0.13,0.705,0.165,0.13,0.5159763522073626,2.6,6.099999999999998,0.554157126126653,0.8938537061214447,0.0,0.0,0.0,0.0,0,0,0.0,0.0,0.0,0.0,0.0,0.0,0.0,0.0,0.0,0.0,0.0,nan,0.0,nan,0.0,0,0.0,unified_mainline,0.0,0.0,0.0,0.0,0.004618358961306512,0.7870935797691345,0.7870935797691345,0.7870938777923584,0.9746552348136902,0.02503846399486065,0.125,0.0004716021474450827,0.00024275168543681503,0.0,0.0,13.903719115113626,13.903719115113626,13.90371913909912,1.0,1.0,0.47999999225139617,0.7870935440063477,0.0,,,5,5,0.03184998407959938,0.031173156946897505,-1,-1,0,False,0.00019,0.0,0.099597
114,11,11,220,20.0,10.550603151321411,1.1,terminated_unknown,terminated,-0.0011462002294138074,-0.012608200639756092,-0.012608200639756092,0.021087192930281162,0.01108566578477621,0.05,0.05,0.6421568627450981,0.0,0.0,0,0.0,1.0999999999999999,0.0,0.0,0.0,0.0,0.0,0.0,0.0,0.0,0,0.0,0.7181818181818181,0.14545454545454545,0.13636363636363635,0.7181818181818181,0.14545454545454545,0.13636363636363635,0.5161566984247078,2.4545454545454546,7.0,0.557330220216705,0.8562762886285781,0.0,0.0,0.0,0.0,0,0,0.0,0.0,0.0,0.0,0.0,0.0,0.0,0.0,0.0,0.0,0.0,nan,0.0,nan,0.0,0,0.0,unified_mainline,0.0,0.0,0.0,0.0,0.010400801431387663,0.6361249566078186,0.6361249566078186,0.6361252188682556,1.0933562994003296,0.014288165792822837,0.11181817948818207,0.00033936456602532414,0.00018941484449896961,0.0,0.0,10.329281667520432,10.329281667520432,10.329281616210938,1.0,1.0,0.26090909391641615,0.6361249446868896,0.0,,,5,5,0.02379658818244934,0.02198759950697422,-1,-1,0,False,0.00019,0.0,0.09959333333333334
115,11,11,220,20.0,5.767885446548462,1.1,terminated_unknown,terminated,0.00013377288996707648,0.0014715019094489329,0.0014715019094489329,0.018798664212226868,0.010341533459722996,0.1,0.1,0.75,0.0,0.0,0,0.0,1.0999999999999999,0.0,0.0,0.0,0.0,0.0,0.0,0.0,0.0,0,0.0,0.7181818181818181,0.1590909090909091,0.12272727272727273,0.7181818181818181,0.1590909090909091,0.12272727272727273,0.5026024877009067,1.8181818181818181,3.5,0.5092346337774107,0.8998413980007169,0.0,0.0,0.0,0.0,0,0,0.0,0.0,0.0,0.0,0.0,0.0,0.0,0.0,0.0,0.0,0.0,nan,0.0,nan,0.0,0,0.0,unified_mainline,0.0,0.0,0.0,0.0,0.012161945644766092,0.745840311050415,0.745840311050415,0.74584059715271,1.0346867561340332,0.013955505192279815,0.11181818246841431,0.0002565489616245031,0.00021940514561720194,0.0,0.0,6.714913563586284,6.714913563586284,6.714913702011108,1.0,1.0,0.19999999850988387,0.7458402872085571,0.0,,,5,5,0.018199235200881958,0.017811235040426254,-1,-1,0,False,0.00019,0.0,0.09958966666666667
116,9,9,180,20.0,4.3364198207855225,0.9,terminated_unknown,terminated,-0.0006660799263045192,-0.005994718398199487,-0.005994718398199487,0.008483100682497025,0.00794119480997324,0.05,0.05,0.581151832460733,0.0,0.0,0,0.0,0.8999999999999999,0.0,0.0,0.0,0.0,0.0,0.0,0.0,0.0,0,0.0,0.6666666666666666,0.15,0.18333333333333332,0.6666666666666666,0.15,0.18333333333333332,0.5150044231572085,2.2222222222222223,5.199999999999999,0.5450132694716255,0.915142485499382,0.0,0.0,0.0,0.0,0,0,0.0,0.0,0.0,0.0,0.0,0.0,0.0,0.0,0.0,0.0,0.0,nan,0.0,nan,0.0,0,0.0,unified_mainline,0.0,0.0,0.0,0.0,-0.00864013764075935,0.7372918486595154,0.7372918486595154,0.7372922658920288,0.9721974730491638,0.006987340422347188,0.09555555731058121,0.00018591165135148913,0.00024762410030234607,0.0,0.0,13.191632851251109,13.191632851251109,13.191632795333863,1.0,1.0,0.31444444358348844,0.7372918725013733,0.0,,,5,5,0.028285996988415718,0.02462268881499767,-1,-1,0,False,0.00019,0.0,0.09958666666666667
117,5,5,100,20.0,1.8209881782531738,0.5,terminated_unknown,terminated,0.00665186857804656,0.033259344787954434,0.033259344787954434,0.019429634138941762,0.007766363210976124,0.1,0.1,0.7,0.0,0.0,0,0.0,0.5,0.0,0.0,0.0,0.0,0.0,0.0,0.0,0.0,0,0.0,0.68,0.17,0.15,0.68,0.17,0.15,0.503082991912961,0.0,0.0,0.5096343497280031,0.8859588950872421,0.0,0.0,0.0,0.0,0,0,0.0,0.0,0.0,0.0,0.0,0.0,0.0,0.0,0.0,0.0,0.0,nan,0.0,nan,0.0,0,0.0,unified_mainline,0.0,0.0,0.0,0.0,-0.02434432003647089,0.9982004165649414,0.9982004165649414,0.9982008934020996,1.0478853940963746,0.026329239085316657,0.10799999982118606,0.0002093549119308591,0.00023022666282486172,0.0,0.0,8.558235353706033,8.558235353706033,8.558235168457031,1.0,1.0,0.31599999964237213,0.9982004046440125,0.0,,,5,5,0.0350135900080204,0.034609105437994,-1,-1,0,False,0.00019,0.0,0.099585
118,11,11,220,20.0,5.003943681716919,1.1,terminated_unknown,terminated,-0.005671842023730278,-0.06239026099161492,-0.06239026099161492,0.022567774169147015,0.014433765783905983,0.05,0.05,0.6243654822335025,0.0,0.0,0,0.0,1.0999999999999999,0.0,0.0,0.0,0.0,0.0,0.0,0.0,0.0,0,0.0,0.7090909090909091,0.11818181818181818,0.17272727272727273,0.7090909090909091,0.11818181818181818,0.17272727272727273,0.5138269279321487,1.6363636363636365,5.0,0.5475300647667609,0.8487606495618819,0.0,0.0,0.0,0.0,0,0,0.0,0.0,0.0,0.0,0.0,0.0,0.0,0.0,0.0,0.0,0.0,nan,0.0,nan,0.0,0,0.0,unified_mainline,0.0,0.0,0.0,0.0,0.0014358263462781907,0.8846201658248901,0.8846201658248901,0.8846202969551087,0.9715842604637146,0.021601966582238674,0.08545454442501069,0.000203380428138189,0.00027997007709927856,0.0,0.0,12.633789951546577,12.633789951546577,12.633789920806885,1.0,1.0,0.4336363561451435,0.8846201419830322,0.0,,,5,5,0.03529965505003929,0.0342142853885889,-1,-1,0,False,0.00019,0.0,0.09958133333333334
119,17,17,340,20.0,8.98635220527649,1.7000000000000002,terminated_unknown,terminated,-0.007043067365884781,-0.11973214645789962,-0.11973214645789962,0.012056571524590236,0.011662604287266731,0.1,0.1,0.7701612903225806,0.0,0.0,0,0.0,1.7000000000000004,0.0,0.0,0.0,0.0,0.0,0.0,0.0,0.0,0,0.0,0.6676470588235294,0.14705882352941177,0.18529411764705883,0.6676470588235294,0.14705882352941177,0.18529411764705883,0.5044522473150317,3.7058823529411766,9.2,0.513396142363812,0.8593061685562133,0.0,0.0,0.0,0.0,0,0,0.0,0.0,0.0,0.0,0.0,0.0,0.0,0.0,0.0,0.0,0.0,nan,0.0,nan,0.0,0,0.0,unified_mainline,0.0,0.0,0.0,0.0,0.014665129780769347,0.793891966342926,0.793891966342926,0.7938920855522156,0.9903590559959412,0.018756567034870386,0.103125,0.00019276428793091327,0.00021511779632419348,0.0,0.0,7.685345698685273,7.685345698685273,7.685345888137817,1.0,1.0,0.2625,0.793891966342926,0.0,,,5,5,0.03370710462331772,0.03199702724814415,-1,-1,0,False,0.00019,0.0,0.09957566666666667
120,17,17,340,20.0,14.787790536880493,1.7000000000000002,terminated_unknown,terminated,-0.005786241963505745,-0.09836611499286746,-0.09836611499286746,0.008587588183581825,0.009229217655956745,0.1,0.1,0.7394636015325671,0.0,0.0,0,0.0,1.7000000000000004,0.0,0.0,0.0,0.0,0.0,0.0,0.0,0.0,0,0.0,0.538235294117647,0.23823529411764705,0.2235294117647059,0.538235294117647,0.23823529411764705,0.2235294117647059,0.5187386356732424,6.882352941176471,13.399999999999999,0.5405804848974678,0.9019403100013732,0.0,0.0,0.0,0.0,0,0,0.0,0.0,0.0,0.0,0.0,0.0,0.0,0.0,0.0,0.0,0.0,nan,0.0,nan,0.0,0,0.0,unified_mainline,0.0,0.0,0.0,0.0,0.0026521433144807817,0.6866943955421447,0.6866943955421447,0.6866945147514343,1.09094078540802,0.018559725303202868,0.11796875,0.00016264523146674036,0.0001994191814446822,0.0,0.0,2.0578311680755634,2.0578311680755634,2.0578312158584593,1.0,1.0,0.16875,0.6866943955421447,0.0,,,5,5,0.025758007541298866,0.025586066767573357,-1,-1,0,False,0.00019,0.0,0.09957
121,9,9,180,20.0,5.784770488739014,0.9,terminated_unknown,terminated,0.001202718005515635,0.010824462397965855,0.010824462397965855,0.01014441754668951,0.008904336020350456,0.05,0.05,0.6341463414634146,0.0,0.0,0,0.0,0.8999999999999999,0.0,0.0,0.0,0.0,0.0,0.0,0.0,0.0,0,0.0,0.5555555555555556,0.1388888888888889,0.3055555555555556,0.5555555555555556,0.1388888888888889,0.3055555555555556,0.5083916038895647,6.444444444444445,11.6,0.5188811087515205,0.8906017988920212,0.0,0.0,0.0,0.0,0,0,0.0,0.0,0.0,0.0,0.0,0.0,0.0,0.0,0.0,0.0,0.0,nan,0.0,nan,0.0,0,0.0,unified_mainline,0.0,0.0,0.0,0.0,0.007099195010960102,1.6057834863662719,1.6057834863662719,1.6057841539382935,1.091309094429016,0.010544619243592023,0.1066666692495346,0.00017863177345134318,0.0003616700880229473,0.0,0.0,33.917624328332856,33.917624328332856,33.91762447357178,1.0,1.0,0.7199999988079071,1.60578351020813,0.0,,,5,5,0.01668991521000862,0.016064605861902236,-1,-1,0,False,0.00019,0.0,0.099567
122,11,11,220,20.0,5.133888244628906,1.1,terminated_unknown,terminated,-0.0015096667921170592,-0.01660633314278424,-0.01660633314278424,0.016447309870272875,0.01142606046050787,0.1,0.1,0.764102564102564,0.0,0.0,0,0.0,1.0999999999999999,0.0,0.0,0.0,0.0,0.0,0.0,0.0,0.0,0,0.0,0.5409090909090909,0.25,0.20909090909090908,0.5409090909090909,0.25,0.20909090909090908,0.5172896412285891,5.454545454545454,9.5,0.5376606046563328,0.8946757912635803,0.0,0.0,0.0,0.0,0,0,0.0,0.0,0.0,0.0,0.0,0.0,0.0,0.0,0.0,0.0,0.0,nan,0.0,nan,0.0,0,0.0,unified_mainline,0.0,0.0,0.0,0.0,0.0012930531986057759,0.8086945295333863,0.8086945295333863,0.8086948990821838,0.9928227543830872,0.018773477524518967,0.12818181812763213,0.000227111138519831,0.0003068521968089044,0.0,0.0,7.656730583622915,7.656730583622915,7.656730699539184,1.0,1.0,0.28181818425655364,0.8086945176124573,0.0,,,5,5,0.03324608877301216,0.030151593312621114,-1,-1,0,False,0.00019,0.0,0.09956333333333334
123,11,11,220,20.0,5.33782958984375,1.1,terminated_unknown,terminated,-0.003054132219403982,-0.03359545313430497,-0.03359545313430497,0.016729183495044708,0.011038384400308132,0.05,0.05,0.7389162561576355,0.0,0.0,0,0.0,1.0999999999999999,0.0,0.0,0.0,0.0,0.0,0.0,0.0,0.0,0,0.0,0.5136363636363637,0.18636363636363637,0.3,0.5136363636363637,0.18636363636363637,0.3,0.495020645450462,5.2727272727272725,10.0,0.48976207475795924,0.8778968930244442,0.0,0.0,0.0,0.0,0,0,0.0,0.0,0.0,0.0,0.0,0.0,0.0,0.0,0.0,0.0,0.0,nan,0.0,nan,0.0,0,0.0,unified_mainline,0.0,0.0,0.0,0.0,-0.00533193836454302,0.702605950832367,0.702605950832367,0.7026060819625854,1.0605876207351685,0.016757862037047745,0.14181818068027496,0.00015169920807238667,0.00021259446803014725,0.0,0.0,1.814621239107391,1.814621239107391,1.8146212339401244,1.0,1.0,0.10090909153223038,0.702605926990509,0.0,,,5,5,0.024174625054001808,0.024012132734060287,-1,-1,0,False,0.00019,0.0,0.09955966666666667
124,15,15,300,20.0,9.664165258407593,1.5,terminated_unknown,terminated,-0.007353102322667837,-0.11029653005546713,-0.11029653005546713,0.01614185478538273,0.014623760245740414,0.05,0.05,0.6948529411764706,0.0,0.0,0,0.0,1.5000000000000002,0.0,0.0,0.0,0.0,0.0,0.0,0.0,0.0,0,0.0,0.5333333333333333,0.24333333333333335,0.22333333333333333,0.5333333333333333,0.24333333333333335,0.22333333333333333,0.5236368569235007,5.6,9.599999999999998,0.5506504076932158,0.8716879189014435,0.0,0.0,0.0,0.0,0,0,0.0,0.0,0.0,0.0,0.0,0.0,0.0,0.0,0.0,0.0,0.0,nan,0.0,nan,0.0,0,0.0,unified_mainline,0.0,0.0,0.0,0.0,0.01638846769928932,0.7715688467025756,0.7715688467025756,0.7715689659118652,1.0725855112075806,0.013633958157151937,0.12421875,0.00015310373273678124,0.00037119406333658845,0.0,0.0,13.345790371055267,13.345790371055267,13.345790004730224,1.0,1.0,0.4078125,0.7715688467025756,0.0,,,5,5,0.027859851717948914,0.02527850493788719,-1,-1,0,False,0.00019,0.0,0.09955466666666667
125,10,10,200,20.0,5.066278696060181,1.0,terminated_unknown,terminated,-0.0018387679010629654,-0.01838767993778489,-0.01838767993778489,0.016333461040630923,0.011020421050488949,0.05,0.05,0.7085427135678392,0.0,0.0,0,0.0,0.9999999999999999,0.0,0.0,0.0,0.0,0.0,0.0,0.0,0.0,0,0.0,0.525,0.22,0.255,0.525,0.22,0.255,0.49506418358534576,4.9,10.549999999999999,0.4896088075480963,0.8358648002147674,0.0,0.0,0.0,0.0,0,0,0.0,0.0,0.0,0.0,0.0,0.0,0.0,0.0,0.0,0.0,0.0,nan,0.0,nan,0.0,0,0.0,unified_mainline,0.0,0.0,0.0,0.0,0.002690715598873794,0.8731695652008057,0.8731695652008057,0.8731698870658875,1.1172733306884766,0.008934533104184083,0.10900000035762787,0.00019343471503816546,0.00028566178516484795,0.0,0.0,18.858740234676834,18.858740234676834,18.858739852905273,1.0,1.0,0.5609999984502793,0.8731695294380188,0.0,,,5,5,0.02124052494764328,0.018956620432436466,-1,-1,0,False,0.00019,0.0,0.09955133333333334
126,15,15,300,20.0,10.774765253067017,1.5,terminated_unknown,terminated,-0.006173957604914904,-0.09260935610730728,-0.09260935610730728,0.011370379570871569,0.011471454054117203,0.05,0.05,0.6714285714285714,0.0,0.0,0,0.0,1.5000000000000002,0.0,0.0,0.0,0.0,0.0,0.0,0.0,0.0,0,0.0,0.55,0.26,0.19,0.55,0.26,0.19,0.5082183021803697,6.133333333333334,14.899999999999997,0.5182628937341549,0.9013856530189513,0.0,0.0,0.0,0.0,0,0,0.0,0.0,0.0,0.0,0.0,0.0,0.0,0.0,0.0,0.0,0.0,nan,0.0,nan,0.0,0,0.0,unified_mainline,0.0,0.0,0.0,0.0,-0.005500879883766174,0.8433911800384521,0.8433911800384521,0.8433912992477417,1.1136011838912965,0.015479974076151847,0.1328125,0.00017590539646334947,0.00020643083553295583,0.0,0.0,9.093597969959546,9.093597969959546,9.09359793663025,1.0,1.0,0.3125,0.8433911800384521,0.0,,,5,5,0.02568618208169937,0.02429359219968319,-1,-1,0,False,0.00019,0.0,0.09954633333333333
127,11,11,220,20.0,5.3428754806518555,1.1,terminated_unknown,terminated,-0.002772410400211811,-0.03049651488458443,-0.03049651488458443,0.0188291622325778,0.011796816252171993,0.05,0.05,0.7303921568627451,0.0,0.0,0,0.0,1.0999999999999999,0.0,0.0,0.0,0.0,0.0,0.0,0.0,0.0,0,0.0,0.5045454545454545,0.22727272727272727,0.2681818181818182,0.5045454545454545,0.22727272727272727,0.2681818181818182,0.5051759014922109,6.090909090909091,11.0,0.5104467736540037,0.8467893719673155,0.0,0.0,0.0,0.0,0,0,0.0,0.0,0.0,0.0,0.0,0.0,0.0,0.0,0.0,0.0,0.0,nan,0.0,nan,0.0,0,0.0,unified_mainline,0.0,0.0,0.0,0.0,-0.006272076163440943,0.7106798171997071,0.7106798171997071,0.7106801509857178,1.0675280094146729,0.020348455756902695,0.09545454680919647,0.0001825331652071327,0.0003246339503675699,0.0,0.0,19.348915353307383,19.348915353307383,19.34891548156738,1.0,1.0,0.6281818270683288,0.7106797933578491,0.0,,,5,5,0.0318559892475605,0.029530481994152067,-1,-1,0,False,0.00019,0.0,0.09954266666666667
128,12,12,240,20.0,6.56758975982666,1.2000000000000002,terminated_unknown,terminated,-0.0014541493728756905,-0.01744979548740542,-0.01744979548740542,0.012358840834349386,0.010785653255879879,0.05,0.05,0.751219512195122,0.0,0.0,0,0.0,1.2,0.0,0.0,0.0,0.0,0.0,0.0,0.0,0.0,0,0.0,0.4708333333333333,0.30833333333333335,0.22083333333333333,0.4708333333333333,0.30833333333333335,0.22083333333333333,0.48401290595065805,6.25,12.899999999999999,0.46978816872565293,0.8545657455921171,0.0,0.0,0.0,0.0,0,0,0.0,0.0,0.0,0.0,0.0,0.0,0.0,0.0,0.0,0.0,0.0,nan,0.0,nan,0.0,0,0.0,unified_mainline,0.0,0.0,0.0,0.0,-0.0029534859117120505,0.8125633716583252,0.8125633716583252,0.8125634789466858,1.081262731552124,0.04121587872505188,0.2158333331346512,0.00016276040114462375,0.00021958939032629132,0.0,0.0,5.124592685147471,5.124592685147471,5.124592816829681,1.0,1.0,0.0933333314023912,0.8125634074211121,0.0,,,5,5,0.07821536064147949,0.0705275610089302,4,0,0,True,0.00019,0.0,0.09953866666666668
129,5,5,100,20.0,2.150083541870117,0.5,terminated_unknown,terminated,0.002320735016837716,0.011603674659585252,0.011603674659585252,0.009404864627867937,0.00458646472543478,0.05,0.05,0.5864661654135338,0.0,0.0,0,0.0,0.5,0.0,0.0,0.0,0.0,0.0,0.0,0.0,0.0,0,0.0,0.32,0.27,0.41,0.32,0.27,0.41,0.4987965913489461,3.2,7.6,0.49823028139550896,0.8902226567268372,0.0,0.0,0.0,0.0,0,0,0.0,0.0,0.0,0.0,0.0,0.0,0.0,0.0,0.0,0.0,0.0,nan,0.0,nan,0.0,0,0.0,unified_mainline,0.0,0.0,0.0,0.0,0.01752955634146929,1.2479207038879394,1.2479207038879394,1.2479215621948243,1.1253548860549927,0.014893878647126258,0.16999999880790712,0.00014448314323090017,0.001258298079483211,0.0,0.0,20.154549881623133,20.154549881623133,20.154549026489256,1.0,1.0,0.4540000021457672,1.2479206562042235,0.0,,,5,5,0.045495714992284775,0.041006272286176676,-1,-1,0,False,0.00019,0.0,0.099537
