episode,policy,total_reward,avg_step_reward,loss,veh_success_rate,vehicle_success_rate,task_success_rate,subtask_success_rate,v2v_subtask_success_rate,decision_frac_local,decision_frac_rsu,decision_frac_v2v,avg_power,avg_queue_len,avg_veh_queue,avg_rsu_queue,ma_fairness,ma_reward_gap,ma_collaboration,v2v_gain_mean,v2v_gain_pos_rate,v2v_gain_pos_mean,max_agent_reward,min_agent_reward,avg_assigned_cpu_ghz,episode_vehicle_count,episode_task_count,duration
1,,-8.635764544686381,-0.09813368800779979,0.5905700226624807,0.5333333333333333,0.5333333333333333,0.5333333333333333,0.9376,0.9901477832512315,0.32059800664451826,0.34219269102990035,0.3372093023255814,0.49221672889578977,0.906439393939394,0.906439393939394,8.068181818181818,0.05988079560631282,84.71683283658712,87.192118226601,0.3788838997635003,0.8719211822660099,0.44587220129184696,27.51729410273704,-57.199538733850076,7.468605298402915,30,30,13.840704441070557
2,,-13.074789940066154,-0.1421172819572408,0.6916575034459432,0.4666666666666667,0.4666666666666667,0.4666666666666667,0.9194847020933977,0.9838709677419355,0.2745762711864407,0.4101694915254237,0.3152542372881356,0.4956808601067388,0.5916666666666667,0.5916666666666667,17.91304347826087,0.12279132730767832,101.37127224824813,91.39784946236558,0.3360062553788505,0.9139784946236559,0.3707986313468413,26.57111977951499,-74.80015246873315,8.384620827170702,30,30,13.989397048950195
