episode,policy,total_reward,avg_step_reward,loss,veh_success_rate,vehicle_success_rate,task_success_rate,subtask_success_rate,v2v_subtask_success_rate,decision_frac_local,decision_frac_rsu,decision_frac_v2v,avg_power,avg_queue_len,avg_veh_queue,avg_rsu_queue,ma_fairness,ma_reward_gap,ma_collaboration,v2v_gain_mean,v2v_gain_pos_rate,v2v_gain_pos_mean,max_agent_reward,min_agent_reward,avg_assigned_cpu_ghz,episode_vehicle_count,episode_task_count,duration
1,,21.325013917629946,0.11162506958814973,2.6841905530293784,0.75,0.75,0.75,0.9333333333333333,1.0,0.3728813559322034,0.3728813559322034,0.2542372881355932,0.49969540066015905,0.09675,0.09675,0.705,0.5407254830082705,59.11630426005827,86.66666666666667,0.44832271382268435,0.8666666666666667,0.5251467176968045,39.586558399088844,-19.529745860969424,7.559869634908669,20,20,3.643091917037964
2,,28.65057034092737,0.14825285170463684,3.289363843599955,0.95,0.95,0.95,0.976,1.0,0.4153846153846154,0.2846153846153846,0.3,0.5151906084329821,0.11575,0.11575,0.305,0.8694808427917735,57.27473575242044,74.35897435897436,0.21829514076834095,0.7435897435897436,0.31762339530338346,37.380257844347625,-19.894477908072812,7.955441703501255,20,20,3.735330104827881
